device_id,layer_id,operation,processor,start_time,end_time,duration
0,0,MoE_decoder_0,GPU,0,134679,134679
0,0,input_layer_norm,GPU,0,36.1589,36.1589
0,0,attention,GPU,36.1589,29726.3,29690.1
0,0,attn_qkv_proj,GPU,36.1589,6229.38,6193.22
0,0,Linear,GPU,36.1589,6229.38,6193.22
0,0,self_attention,GPU,6229.38,7264.42,1035.05
0,0,AttentionSplit,GPU,6229.38,6229.38,0
0,0,AttentionSum,Logic,6229.38,6229.38,0
0,0,AttentionGen,Logic,6229.38,7264.42,1035.05
0,0,AttentionMerge,GPU,7264.42,7264.42,0
0,0,attn_o_proj,GPU,7264.42,11398.6,4134.17
0,0,Linear,GPU,7264.42,11398.6,4134.17
0,0,all_reduce,GPU,11398.6,29726.3,18327.7
0,0,residual_1,GPU,29726.3,29762.4,36.1589
0,0,post_attn_layer_norm,GPU,29762.4,29798.6,36.1589
0,0,expertFFN,GPU,29798.6,134642,104844
0,0,sync_0,GPU,29798.6,29798.6,0
0,0,sync__set,GPU,29798.6,29798.6,0
0,0,sync__,GPU,29798.6,29798.6,0
0,0,gate_fn,GPU,29798.6,29846.8,48.2433
0,0,Linear,GPU,29798.6,29846.8,48.2433
0,0,gate_update,GPU,29846.8,29846.8,0
0,0,moe_scatter,GPU,29846.8,29846.8,0
0,0,sync_for_moe_scatter,GPU,29846.8,29846.8,0
0,0,sync__set,GPU,29846.8,29846.8,0
0,0,sync__,GPU,29846.8,29846.8,0
0,0,moe_route,GPU,29846.8,29846.8,0
0,0,expert_FFN_0,GPU,29846.8,73068.8,43221.9
0,0,gate_proj,GPU,29846.8,44250.6,14403.8
0,0,Linear,Logic,29846.8,44250.6,14403.8
0,0,activation,Logic,44250.6,44261.2,10.5463
0,0,up_proj,GPU,44261.2,58665,14403.8
0,0,Linear,Logic,44261.2,58665,14403.8
0,0,down_proj,GPU,58665,73068.8,14403.8
0,0,Linear,Logic,58665,73068.8,14403.8
0,0,expert_FFN_1,GPU,73068.8,116315,43246
0,0,gate_proj,GPU,73068.8,87477.1,14408.3
0,0,Linear,Logic,73068.8,87477.1,14408.3
0,0,activation,Logic,87477.1,87498.2,21.0927
0,0,up_proj,GPU,87498.2,101907,14408.3
0,0,Linear,Logic,87498.2,101907,14408.3
0,0,down_proj,GPU,101907,116315,14408.3
0,0,Linear,Logic,101907,116315,14408.3
0,0,sync_2,GPU,116315,116315,0
0,0,sync__set,GPU,116315,116315,0
0,0,sync__,GPU,116315,116315,0
0,0,moe_all_reduce_for_e_tp,GPU,116315,116315,0
0,0,sync_3,GPU,116315,116315,0
0,0,sync__set,GPU,116315,116315,0
0,0,sync__,GPU,116315,116315,0
0,0,moe_gather,GPU,116315,116315,0
0,0,sync_for_moe_gather,GPU,116315,116315,0
0,0,sync__set,GPU,116315,116315,0
0,0,sync__,GPU,116315,116315,0
0,0,moe_all_reduce_for_gather,GPU,116315,134642,18327.7
0,0,sync_5,GPU,134642,134642,0
0,0,sync__set,GPU,134642,134642,0
0,0,sync__,GPU,134642,134642,0
0,0,sync_6,GPU,134642,134642,0
0,0,sync__set,GPU,134642,134642,0
0,0,sync__,GPU,134642,134642,0
0,0,residual_2,GPU,134642,134679,36.1589
0,1,MoE_decoder_1,GPU,134679,269406,134727
0,1,input_layer_norm,GPU,134679,134715,36.1589
0,1,attention,GPU,134715,164405,29690.1
0,1,attn_qkv_proj,GPU,134715,140908,6193.22
0,1,Linear,GPU,134715,140908,6193.22
0,1,self_attention,GPU,140908,141943,1035.05
0,1,AttentionSplit,GPU,140908,140908,0
0,1,AttentionSum,Logic,140908,140908,0
0,1,AttentionGen,Logic,140908,141943,1035.05
0,1,AttentionMerge,GPU,141943,141943,0
0,1,attn_o_proj,GPU,141943,146077,4134.17
0,1,Linear,GPU,141943,146077,4134.17
0,1,all_reduce,GPU,146077,164405,18327.7
0,1,residual_1,GPU,164405,164441,36.1589
0,1,post_attn_layer_norm,GPU,164441,164477,36.1589
0,1,expertFFN,GPU,164477,269369,104892
0,1,sync_0,GPU,164477,164477,0
0,1,sync__set,GPU,164477,164477,0
0,1,sync__,GPU,164477,164477,0
0,1,gate_fn,GPU,164477,164525,48.2433
0,1,Linear,GPU,164477,164525,48.2433
0,1,gate_update,GPU,164525,164525,0
0,1,moe_scatter,GPU,164525,164525,0
0,1,sync_for_moe_scatter,GPU,164525,164525,0
0,1,sync__set,GPU,164525,164525,0
0,1,sync__,GPU,164525,164525,0
0,1,moe_route,GPU,164525,164525,0
0,1,expert_FFN_0,GPU,164525,164525,0
0,1,gate_proj,GPU,164525,164525,0
0,1,Linear,Logic,164525,164525,0
0,1,activation,Logic,164525,164525,0
0,1,up_proj,GPU,164525,164525,0
0,1,Linear,Logic,164525,164525,0
0,1,down_proj,GPU,164525,164525,0
0,1,Linear,Logic,164525,164525,0
0,1,expert_FFN_1,GPU,164525,164525,0
0,1,gate_proj,GPU,164525,164525,0
0,1,Linear,Logic,164525,164525,0
0,1,activation,Logic,164525,164525,0
0,1,up_proj,GPU,164525,164525,0
0,1,Linear,Logic,164525,164525,0
0,1,down_proj,GPU,164525,164525,0
0,1,Linear,Logic,164525,164525,0
0,1,sync_2,GPU,164525,251042,86516.2
0,1,sync__set,GPU,164525,164525,0
0,1,sync__,GPU,164525,251042,86516.2
0,1,moe_all_reduce_for_e_tp,GPU,251042,251042,0
0,1,sync_3,GPU,251042,251042,0
0,1,sync__set,GPU,251042,251042,0
0,1,sync__,GPU,251042,251042,0
0,1,moe_gather,GPU,251042,251042,0
0,1,sync_for_moe_gather,GPU,251042,251042,0
0,1,sync__set,GPU,251042,251042,0
0,1,sync__,GPU,251042,251042,0
0,1,moe_all_reduce_for_gather,GPU,251042,269369,18327.7
0,1,sync_5,GPU,269369,269369,0
0,1,sync__set,GPU,269369,269369,0
0,1,sync__,GPU,269369,269369,0
0,1,sync_6,GPU,269369,269369,0
0,1,sync__set,GPU,269369,269369,0
0,1,sync__,GPU,269369,269369,0
0,1,residual_2,GPU,269369,269406,36.1589
0,2,MoE_decoder_2,GPU,269406,404108,134703
0,2,input_layer_norm,GPU,269406,269442,36.1589
0,2,attention,GPU,269442,299132,29690.1
0,2,attn_qkv_proj,GPU,269442,275635,6193.22
0,2,Linear,GPU,269442,275635,6193.22
0,2,self_attention,GPU,275635,276670,1035.05
0,2,AttentionSplit,GPU,275635,275635,0
0,2,AttentionSum,Logic,275635,275635,0
0,2,AttentionGen,Logic,275635,276670,1035.05
0,2,AttentionMerge,GPU,276670,276670,0
0,2,attn_o_proj,GPU,276670,280804,4134.17
0,2,Linear,GPU,276670,280804,4134.17
0,2,all_reduce,GPU,280804,299132,18327.7
0,2,residual_1,GPU,299132,299168,36.1589
0,2,post_attn_layer_norm,GPU,299168,299204,36.1589
0,2,expertFFN,GPU,299204,404072,104868
0,2,sync_0,GPU,299204,299204,0
0,2,sync__set,GPU,299204,299204,0
0,2,sync__,GPU,299204,299204,0
0,2,gate_fn,GPU,299204,299252,48.2433
0,2,Linear,GPU,299204,299252,48.2433
0,2,gate_update,GPU,299252,299252,0
0,2,moe_scatter,GPU,299252,299252,0
0,2,sync_for_moe_scatter,GPU,299252,299252,0
0,2,sync__set,GPU,299252,299252,0
0,2,sync__,GPU,299252,299252,0
0,2,moe_route,GPU,299252,299252,0
0,2,expert_FFN_0,GPU,299252,342474,43221.9
0,2,gate_proj,GPU,299252,313656,14403.8
0,2,Linear,Logic,299252,313656,14403.8
0,2,activation,Logic,313656,313667,10.5463
0,2,up_proj,GPU,313667,328071,14403.8
0,2,Linear,Logic,313667,328071,14403.8
0,2,down_proj,GPU,328071,342474,14403.8
0,2,Linear,Logic,328071,342474,14403.8
0,2,expert_FFN_1,GPU,342474,385696,43221.9
0,2,gate_proj,GPU,342474,356878,14403.8
0,2,Linear,Logic,342474,356878,14403.8
0,2,activation,Logic,356878,356889,10.5463
0,2,up_proj,GPU,356889,371292,14403.8
0,2,Linear,Logic,356889,371292,14403.8
0,2,down_proj,GPU,371292,385696,14403.8
0,2,Linear,Logic,371292,385696,14403.8
0,2,sync_2,GPU,385696,385744,48.2119
0,2,sync__set,GPU,385696,385696,0
0,2,sync__,GPU,385696,385744,48.2119
0,2,moe_all_reduce_for_e_tp,GPU,385744,385744,0
0,2,sync_3,GPU,385744,385744,0
0,2,sync__set,GPU,385744,385744,0
0,2,sync__,GPU,385744,385744,0
0,2,moe_gather,GPU,385744,385744,0
0,2,sync_for_moe_gather,GPU,385744,385744,0
0,2,sync__set,GPU,385744,385744,0
0,2,sync__,GPU,385744,385744,0
0,2,moe_all_reduce_for_gather,GPU,385744,404072,18327.7
0,2,sync_5,GPU,404072,404072,0
0,2,sync__set,GPU,404072,404072,0
0,2,sync__,GPU,404072,404072,0
0,2,sync_6,GPU,404072,404072,0
0,2,sync__set,GPU,404072,404072,0
0,2,sync__,GPU,404072,404072,0
0,2,residual_2,GPU,404072,404108,36.1589
0,3,MoE_decoder_3,GPU,404108,538787,134679
0,3,input_layer_norm,GPU,404108,404144,36.1589
0,3,attention,GPU,404144,433835,29690.1
0,3,attn_qkv_proj,GPU,404144,410338,6193.22
0,3,Linear,GPU,404144,410338,6193.22
0,3,self_attention,GPU,410338,411373,1035.05
0,3,AttentionSplit,GPU,410338,410338,0
0,3,AttentionSum,Logic,410338,410338,0
0,3,AttentionGen,Logic,410338,411373,1035.05
0,3,AttentionMerge,GPU,411373,411373,0
0,3,attn_o_proj,GPU,411373,415507,4134.17
0,3,Linear,GPU,411373,415507,4134.17
0,3,all_reduce,GPU,415507,433835,18327.7
0,3,residual_1,GPU,433835,433871,36.1589
0,3,post_attn_layer_norm,GPU,433871,433907,36.1589
0,3,expertFFN,GPU,433907,538751,104844
0,3,sync_0,GPU,433907,433907,0
0,3,sync__set,GPU,433907,433907,0
0,3,sync__,GPU,433907,433907,0
0,3,gate_fn,GPU,433907,433955,48.2433
0,3,Linear,GPU,433907,433955,48.2433
0,3,gate_update,GPU,433955,433955,0
0,3,moe_scatter,GPU,433955,433955,0
0,3,sync_for_moe_scatter,GPU,433955,433955,0
0,3,sync__set,GPU,433955,433955,0
0,3,sync__,GPU,433955,433955,0
0,3,moe_route,GPU,433955,433955,0
0,3,expert_FFN_0,GPU,433955,477177,43221.9
0,3,gate_proj,GPU,433955,448359,14403.8
0,3,Linear,Logic,433955,448359,14403.8
0,3,activation,Logic,448359,448369,10.5463
0,3,up_proj,GPU,448369,462773,14403.8
0,3,Linear,Logic,448369,462773,14403.8
0,3,down_proj,GPU,462773,477177,14403.8
0,3,Linear,Logic,462773,477177,14403.8
0,3,expert_FFN_1,GPU,477177,520399,43221.9
0,3,gate_proj,GPU,477177,491581,14403.8
0,3,Linear,Logic,477177,491581,14403.8
0,3,activation,Logic,491581,491591,10.5463
0,3,up_proj,GPU,491591,505995,14403.8
0,3,Linear,Logic,491591,505995,14403.8
0,3,down_proj,GPU,505995,520399,14403.8
0,3,Linear,Logic,505995,520399,14403.8
0,3,sync_2,GPU,520399,520423,24.1059
0,3,sync__set,GPU,520399,520399,0
0,3,sync__,GPU,520399,520423,24.1059
0,3,moe_all_reduce_for_e_tp,GPU,520423,520423,0
0,3,sync_3,GPU,520423,520423,0
0,3,sync__set,GPU,520423,520423,0
0,3,sync__,GPU,520423,520423,0
0,3,moe_gather,GPU,520423,520423,0
0,3,sync_for_moe_gather,GPU,520423,520423,0
0,3,sync__set,GPU,520423,520423,0
0,3,sync__,GPU,520423,520423,0
0,3,moe_all_reduce_for_gather,GPU,520423,538751,18327.7
0,3,sync_5,GPU,538751,538751,0
0,3,sync__set,GPU,538751,538751,0
0,3,sync__,GPU,538751,538751,0
0,3,sync_6,GPU,538751,538751,0
0,3,sync__set,GPU,538751,538751,0
0,3,sync__,GPU,538751,538751,0
0,3,residual_2,GPU,538751,538787,36.1589
0,4,MoE_decoder_4,GPU,538787,673514,134727
0,4,input_layer_norm,GPU,538787,538823,36.1589
0,4,attention,GPU,538823,568513,29690.1
0,4,attn_qkv_proj,GPU,538823,545016,6193.22
0,4,Linear,GPU,538823,545016,6193.22
0,4,self_attention,GPU,545016,546051,1035.05
0,4,AttentionSplit,GPU,545016,545016,0
0,4,AttentionSum,Logic,545016,545016,0
0,4,AttentionGen,Logic,545016,546051,1035.05
0,4,AttentionMerge,GPU,546051,546051,0
0,4,attn_o_proj,GPU,546051,550186,4134.17
0,4,Linear,GPU,546051,550186,4134.17
0,4,all_reduce,GPU,550186,568513,18327.7
0,4,residual_1,GPU,568513,568549,36.1589
0,4,post_attn_layer_norm,GPU,568549,568586,36.1589
0,4,expertFFN,GPU,568586,673478,104892
0,4,sync_0,GPU,568586,568586,0
0,4,sync__set,GPU,568586,568586,0
0,4,sync__,GPU,568586,568586,0
0,4,gate_fn,GPU,568586,568634,48.2433
0,4,Linear,GPU,568586,568634,48.2433
0,4,gate_update,GPU,568634,568634,0
0,4,moe_scatter,GPU,568634,568634,0
0,4,sync_for_moe_scatter,GPU,568634,568634,0
0,4,sync__set,GPU,568634,568634,0
0,4,sync__,GPU,568634,568634,0
0,4,moe_route,GPU,568634,568634,0
0,4,expert_FFN_0,GPU,568634,611856,43221.9
0,4,gate_proj,GPU,568634,583038,14403.8
0,4,Linear,Logic,568634,583038,14403.8
0,4,activation,Logic,583038,583048,10.5463
0,4,up_proj,GPU,583048,597452,14403.8
0,4,Linear,Logic,583048,597452,14403.8
0,4,down_proj,GPU,597452,611856,14403.8
0,4,Linear,Logic,597452,611856,14403.8
0,4,expert_FFN_1,GPU,611856,611856,0
0,4,gate_proj,GPU,611856,611856,0
0,4,Linear,Logic,611856,611856,0
0,4,activation,Logic,611856,611856,0
0,4,up_proj,GPU,611856,611856,0
0,4,Linear,Logic,611856,611856,0
0,4,down_proj,GPU,611856,611856,0
0,4,Linear,Logic,611856,611856,0
0,4,sync_2,GPU,611856,655150,43294.3
0,4,sync__set,GPU,611856,611856,0
0,4,sync__,GPU,611856,655150,43294.3
0,4,moe_all_reduce_for_e_tp,GPU,655150,655150,0
0,4,sync_3,GPU,655150,655150,0
0,4,sync__set,GPU,655150,655150,0
0,4,sync__,GPU,655150,655150,0
0,4,moe_gather,GPU,655150,655150,0
0,4,sync_for_moe_gather,GPU,655150,655150,0
0,4,sync__set,GPU,655150,655150,0
0,4,sync__,GPU,655150,655150,0
0,4,moe_all_reduce_for_gather,GPU,655150,673478,18327.7
0,4,sync_5,GPU,673478,673478,0
0,4,sync__set,GPU,673478,673478,0
0,4,sync__,GPU,673478,673478,0
0,4,sync_6,GPU,673478,673478,0
0,4,sync__set,GPU,673478,673478,0
0,4,sync__,GPU,673478,673478,0
0,4,residual_2,GPU,673478,673514,36.1589
0,5,MoE_decoder_5,GPU,673514,808217,134703
0,5,input_layer_norm,GPU,673514,673550,36.1589
0,5,attention,GPU,673550,703240,29690.1
0,5,attn_qkv_proj,GPU,673550,679743,6193.22
0,5,Linear,GPU,673550,679743,6193.22
0,5,self_attention,GPU,679743,680778,1035.05
0,5,AttentionSplit,GPU,679743,679743,0
0,5,AttentionSum,Logic,679743,679743,0
0,5,AttentionGen,Logic,679743,680778,1035.05
0,5,AttentionMerge,GPU,680778,680778,0
0,5,attn_o_proj,GPU,680778,684912,4134.17
0,5,Linear,GPU,680778,684912,4134.17
0,5,all_reduce,GPU,684912,703240,18327.7
0,5,residual_1,GPU,703240,703276,36.1589
0,5,post_attn_layer_norm,GPU,703276,703312,36.1589
0,5,expertFFN,GPU,703312,808180,104868
0,5,sync_0,GPU,703312,703312,0
0,5,sync__set,GPU,703312,703312,0
0,5,sync__,GPU,703312,703312,0
0,5,gate_fn,GPU,703312,703361,48.2433
0,5,Linear,GPU,703312,703361,48.2433
0,5,gate_update,GPU,703361,703361,0
0,5,moe_scatter,GPU,703361,703361,0
0,5,sync_for_moe_scatter,GPU,703361,703361,0
0,5,sync__set,GPU,703361,703361,0
0,5,sync__,GPU,703361,703361,0
0,5,moe_route,GPU,703361,703361,0
0,5,expert_FFN_0,GPU,703361,746607,43246
0,5,gate_proj,GPU,703361,717769,14408.3
0,5,Linear,Logic,703361,717769,14408.3
0,5,activation,Logic,717769,717790,21.0927
0,5,up_proj,GPU,717790,732198,14408.3
0,5,Linear,Logic,717790,732198,14408.3
0,5,down_proj,GPU,732198,746607,14408.3
0,5,Linear,Logic,732198,746607,14408.3
0,5,expert_FFN_1,GPU,746607,789853,43246
0,5,gate_proj,GPU,746607,761015,14408.3
0,5,Linear,Logic,746607,761015,14408.3
0,5,activation,Logic,761015,761036,21.0927
0,5,up_proj,GPU,761036,775444,14408.3
0,5,Linear,Logic,761036,775444,14408.3
0,5,down_proj,GPU,775444,789853,14408.3
0,5,Linear,Logic,775444,789853,14408.3
0,5,sync_2,GPU,789853,789853,0
0,5,sync__set,GPU,789853,789853,0
0,5,sync__,GPU,789853,789853,0
0,5,moe_all_reduce_for_e_tp,GPU,789853,789853,0
0,5,sync_3,GPU,789853,789853,0
0,5,sync__set,GPU,789853,789853,0
0,5,sync__,GPU,789853,789853,0
0,5,moe_gather,GPU,789853,789853,0
0,5,sync_for_moe_gather,GPU,789853,789853,0
0,5,sync__set,GPU,789853,789853,0
0,5,sync__,GPU,789853,789853,0
0,5,moe_all_reduce_for_gather,GPU,789853,808180,18327.7
0,5,sync_5,GPU,808180,808180,0
0,5,sync__set,GPU,808180,808180,0
0,5,sync__,GPU,808180,808180,0
0,5,sync_6,GPU,808180,808180,0
0,5,sync__set,GPU,808180,808180,0
0,5,sync__,GPU,808180,808180,0
0,5,residual_2,GPU,808180,808217,36.1589
0,6,MoE_decoder_6,GPU,808217,942895,134679
0,6,input_layer_norm,GPU,808217,808253,36.1589
0,6,attention,GPU,808253,837943,29690.1
0,6,attn_qkv_proj,GPU,808253,814446,6193.22
0,6,Linear,GPU,808253,814446,6193.22
0,6,self_attention,GPU,814446,815481,1035.05
0,6,AttentionSplit,GPU,814446,814446,0
0,6,AttentionSum,Logic,814446,814446,0
0,6,AttentionGen,Logic,814446,815481,1035.05
0,6,AttentionMerge,GPU,815481,815481,0
0,6,attn_o_proj,GPU,815481,819615,4134.17
0,6,Linear,GPU,815481,819615,4134.17
0,6,all_reduce,GPU,819615,837943,18327.7
0,6,residual_1,GPU,837943,837979,36.1589
0,6,post_attn_layer_norm,GPU,837979,838015,36.1589
0,6,expertFFN,GPU,838015,942859,104844
0,6,sync_0,GPU,838015,838015,0
0,6,sync__set,GPU,838015,838015,0
0,6,sync__,GPU,838015,838015,0
0,6,gate_fn,GPU,838015,838063,48.2433
0,6,Linear,GPU,838015,838063,48.2433
0,6,gate_update,GPU,838063,838063,0
0,6,moe_scatter,GPU,838063,838063,0
0,6,sync_for_moe_scatter,GPU,838063,838063,0
0,6,sync__set,GPU,838063,838063,0
0,6,sync__,GPU,838063,838063,0
0,6,moe_route,GPU,838063,838063,0
0,6,expert_FFN_0,GPU,838063,881285,43221.9
0,6,gate_proj,GPU,838063,852467,14403.8
0,6,Linear,Logic,838063,852467,14403.8
0,6,activation,Logic,852467,852478,10.5463
0,6,up_proj,GPU,852478,866882,14403.8
0,6,Linear,Logic,852478,866882,14403.8
0,6,down_proj,GPU,866882,881285,14403.8
0,6,Linear,Logic,866882,881285,14403.8
0,6,expert_FFN_1,GPU,881285,924507,43221.9
0,6,gate_proj,GPU,881285,895689,14403.8
0,6,Linear,Logic,881285,895689,14403.8
0,6,activation,Logic,895689,895700,10.5463
0,6,up_proj,GPU,895700,910103,14403.8
0,6,Linear,Logic,895700,910103,14403.8
0,6,down_proj,GPU,910103,924507,14403.8
0,6,Linear,Logic,910103,924507,14403.8
0,6,sync_2,GPU,924507,924531,24.1059
0,6,sync__set,GPU,924507,924507,0
0,6,sync__,GPU,924507,924531,24.1059
0,6,moe_all_reduce_for_e_tp,GPU,924531,924531,0
0,6,sync_3,GPU,924531,924531,0
0,6,sync__set,GPU,924531,924531,0
0,6,sync__,GPU,924531,924531,0
0,6,moe_gather,GPU,924531,924531,0
0,6,sync_for_moe_gather,GPU,924531,924531,0
0,6,sync__set,GPU,924531,924531,0
0,6,sync__,GPU,924531,924531,0
0,6,moe_all_reduce_for_gather,GPU,924531,942859,18327.7
0,6,sync_5,GPU,942859,942859,0
0,6,sync__set,GPU,942859,942859,0
0,6,sync__,GPU,942859,942859,0
0,6,sync_6,GPU,942859,942859,0
0,6,sync__set,GPU,942859,942859,0
0,6,sync__,GPU,942859,942859,0
0,6,residual_2,GPU,942859,942895,36.1589
0,7,MoE_decoder_7,GPU,942895,1.07755e+06,134655
0,7,input_layer_norm,GPU,942895,942931,36.1589
0,7,attention,GPU,942931,972622,29690.1
0,7,attn_qkv_proj,GPU,942931,949125,6193.22
0,7,Linear,GPU,942931,949125,6193.22
0,7,self_attention,GPU,949125,950160,1035.05
0,7,AttentionSplit,GPU,949125,949125,0
0,7,AttentionSum,Logic,949125,949125,0
0,7,AttentionGen,Logic,949125,950160,1035.05
0,7,AttentionMerge,GPU,950160,950160,0
0,7,attn_o_proj,GPU,950160,954294,4134.17
0,7,Linear,GPU,950160,954294,4134.17
0,7,all_reduce,GPU,954294,972622,18327.7
0,7,residual_1,GPU,972622,972658,36.1589
0,7,post_attn_layer_norm,GPU,972658,972694,36.1589
0,7,expertFFN,GPU,972694,1.07751e+06,104820
0,7,sync_0,GPU,972694,972694,0
0,7,sync__set,GPU,972694,972694,0
0,7,sync__,GPU,972694,972694,0
0,7,gate_fn,GPU,972694,972742,48.2433
0,7,Linear,GPU,972694,972742,48.2433
0,7,gate_update,GPU,972742,972742,0
0,7,moe_scatter,GPU,972742,972742,0
0,7,sync_for_moe_scatter,GPU,972742,972742,0
0,7,sync__set,GPU,972742,972742,0
0,7,sync__,GPU,972742,972742,0
0,7,moe_route,GPU,972742,972742,0
0,7,expert_FFN_0,GPU,972742,1.01599e+06,43246
0,7,gate_proj,GPU,972742,987150,14408.3
0,7,Linear,Logic,972742,987150,14408.3
0,7,activation,Logic,987150,987171,21.0927
0,7,up_proj,GPU,987171,1.00158e+06,14408.3
0,7,Linear,Logic,987171,1.00158e+06,14408.3
0,7,down_proj,GPU,1.00158e+06,1.01599e+06,14408.3
0,7,Linear,Logic,1.00158e+06,1.01599e+06,14408.3
0,7,expert_FFN_1,GPU,1.01599e+06,1.01599e+06,0
0,7,gate_proj,GPU,1.01599e+06,1.01599e+06,0
0,7,Linear,Logic,1.01599e+06,1.01599e+06,0
0,7,activation,Logic,1.01599e+06,1.01599e+06,0
0,7,up_proj,GPU,1.01599e+06,1.01599e+06,0
0,7,Linear,Logic,1.01599e+06,1.01599e+06,0
0,7,down_proj,GPU,1.01599e+06,1.01599e+06,0
0,7,Linear,Logic,1.01599e+06,1.01599e+06,0
0,7,sync_2,GPU,1.01599e+06,1.05919e+06,43197.8
0,7,sync__set,GPU,1.01599e+06,1.01599e+06,0
0,7,sync__,GPU,1.01599e+06,1.05919e+06,43197.8
0,7,moe_all_reduce_for_e_tp,GPU,1.05919e+06,1.05919e+06,0
0,7,sync_3,GPU,1.05919e+06,1.05919e+06,0
0,7,sync__set,GPU,1.05919e+06,1.05919e+06,0
0,7,sync__,GPU,1.05919e+06,1.05919e+06,0
0,7,moe_gather,GPU,1.05919e+06,1.05919e+06,0
0,7,sync_for_moe_gather,GPU,1.05919e+06,1.05919e+06,0
0,7,sync__set,GPU,1.05919e+06,1.05919e+06,0
0,7,sync__,GPU,1.05919e+06,1.05919e+06,0
0,7,moe_all_reduce_for_gather,GPU,1.05919e+06,1.07751e+06,18327.7
0,7,sync_5,GPU,1.07751e+06,1.07751e+06,0
0,7,sync__set,GPU,1.07751e+06,1.07751e+06,0
0,7,sync__,GPU,1.07751e+06,1.07751e+06,0
0,7,sync_6,GPU,1.07751e+06,1.07751e+06,0
0,7,sync__set,GPU,1.07751e+06,1.07751e+06,0
0,7,sync__,GPU,1.07751e+06,1.07751e+06,0
0,7,residual_2,GPU,1.07751e+06,1.07755e+06,36.1589
0,8,MoE_decoder_8,GPU,1.07755e+06,1.21223e+06,134679
0,8,input_layer_norm,GPU,1.07755e+06,1.07759e+06,36.1589
0,8,attention,GPU,1.07759e+06,1.10728e+06,29690.1
0,8,attn_qkv_proj,GPU,1.07759e+06,1.08378e+06,6193.22
0,8,Linear,GPU,1.07759e+06,1.08378e+06,6193.22
0,8,self_attention,GPU,1.08378e+06,1.08481e+06,1035.05
0,8,AttentionSplit,GPU,1.08378e+06,1.08378e+06,0
0,8,AttentionSum,Logic,1.08378e+06,1.08378e+06,0
0,8,AttentionGen,Logic,1.08378e+06,1.08481e+06,1035.05
0,8,AttentionMerge,GPU,1.08481e+06,1.08481e+06,0
0,8,attn_o_proj,GPU,1.08481e+06,1.08895e+06,4134.17
0,8,Linear,GPU,1.08481e+06,1.08895e+06,4134.17
0,8,all_reduce,GPU,1.08895e+06,1.10728e+06,18327.7
0,8,residual_1,GPU,1.10728e+06,1.10731e+06,36.1589
0,8,post_attn_layer_norm,GPU,1.10731e+06,1.10735e+06,36.1589
0,8,expertFFN,GPU,1.10735e+06,1.21219e+06,104844
0,8,sync_0,GPU,1.10735e+06,1.10735e+06,0
0,8,sync__set,GPU,1.10735e+06,1.10735e+06,0
0,8,sync__,GPU,1.10735e+06,1.10735e+06,0
0,8,gate_fn,GPU,1.10735e+06,1.1074e+06,48.2433
0,8,Linear,GPU,1.10735e+06,1.1074e+06,48.2433
0,8,gate_update,GPU,1.1074e+06,1.1074e+06,0
0,8,moe_scatter,GPU,1.1074e+06,1.1074e+06,0
0,8,sync_for_moe_scatter,GPU,1.1074e+06,1.1074e+06,0
0,8,sync__set,GPU,1.1074e+06,1.1074e+06,0
0,8,sync__,GPU,1.1074e+06,1.1074e+06,0
0,8,moe_route,GPU,1.1074e+06,1.1074e+06,0
0,8,expert_FFN_0,GPU,1.1074e+06,1.1074e+06,0
0,8,gate_proj,GPU,1.1074e+06,1.1074e+06,0
0,8,Linear,Logic,1.1074e+06,1.1074e+06,0
0,8,activation,Logic,1.1074e+06,1.1074e+06,0
0,8,up_proj,GPU,1.1074e+06,1.1074e+06,0
0,8,Linear,Logic,1.1074e+06,1.1074e+06,0
0,8,down_proj,GPU,1.1074e+06,1.1074e+06,0
0,8,Linear,Logic,1.1074e+06,1.1074e+06,0
0,8,expert_FFN_1,GPU,1.1074e+06,1.15062e+06,43221.9
0,8,gate_proj,GPU,1.1074e+06,1.1218e+06,14403.8
0,8,Linear,Logic,1.1074e+06,1.1218e+06,14403.8
0,8,activation,Logic,1.1218e+06,1.12181e+06,10.5463
0,8,up_proj,GPU,1.12181e+06,1.13621e+06,14403.8
0,8,Linear,Logic,1.12181e+06,1.13621e+06,14403.8
0,8,down_proj,GPU,1.13621e+06,1.15062e+06,14403.8
0,8,Linear,Logic,1.13621e+06,1.15062e+06,14403.8
0,8,sync_2,GPU,1.15062e+06,1.19386e+06,43246
0,8,sync__set,GPU,1.15062e+06,1.15062e+06,0
0,8,sync__,GPU,1.15062e+06,1.19386e+06,43246
0,8,moe_all_reduce_for_e_tp,GPU,1.19386e+06,1.19386e+06,0
0,8,sync_3,GPU,1.19386e+06,1.19386e+06,0
0,8,sync__set,GPU,1.19386e+06,1.19386e+06,0
0,8,sync__,GPU,1.19386e+06,1.19386e+06,0
0,8,moe_gather,GPU,1.19386e+06,1.19386e+06,0
0,8,sync_for_moe_gather,GPU,1.19386e+06,1.19386e+06,0
0,8,sync__set,GPU,1.19386e+06,1.19386e+06,0
0,8,sync__,GPU,1.19386e+06,1.19386e+06,0
0,8,moe_all_reduce_for_gather,GPU,1.19386e+06,1.21219e+06,18327.7
0,8,sync_5,GPU,1.21219e+06,1.21219e+06,0
0,8,sync__set,GPU,1.21219e+06,1.21219e+06,0
0,8,sync__,GPU,1.21219e+06,1.21219e+06,0
0,8,sync_6,GPU,1.21219e+06,1.21219e+06,0
0,8,sync__set,GPU,1.21219e+06,1.21219e+06,0
0,8,sync__,GPU,1.21219e+06,1.21219e+06,0
0,8,residual_2,GPU,1.21219e+06,1.21223e+06,36.1589
0,9,MoE_decoder_9,GPU,1.21223e+06,1.34691e+06,134679
0,9,input_layer_norm,GPU,1.21223e+06,1.21226e+06,36.1589
0,9,attention,GPU,1.21226e+06,1.24195e+06,29690.1
0,9,attn_qkv_proj,GPU,1.21226e+06,1.21846e+06,6193.22
0,9,Linear,GPU,1.21226e+06,1.21846e+06,6193.22
0,9,self_attention,GPU,1.21846e+06,1.21949e+06,1035.05
0,9,AttentionSplit,GPU,1.21846e+06,1.21846e+06,0
0,9,AttentionSum,Logic,1.21846e+06,1.21846e+06,0
0,9,AttentionGen,Logic,1.21846e+06,1.21949e+06,1035.05
0,9,AttentionMerge,GPU,1.21949e+06,1.21949e+06,0
0,9,attn_o_proj,GPU,1.21949e+06,1.22363e+06,4134.17
0,9,Linear,GPU,1.21949e+06,1.22363e+06,4134.17
0,9,all_reduce,GPU,1.22363e+06,1.24195e+06,18327.7
0,9,residual_1,GPU,1.24195e+06,1.24199e+06,36.1589
0,9,post_attn_layer_norm,GPU,1.24199e+06,1.24203e+06,36.1589
0,9,expertFFN,GPU,1.24203e+06,1.34687e+06,104844
0,9,sync_0,GPU,1.24203e+06,1.24203e+06,0
0,9,sync__set,GPU,1.24203e+06,1.24203e+06,0
0,9,sync__,GPU,1.24203e+06,1.24203e+06,0
0,9,gate_fn,GPU,1.24203e+06,1.24208e+06,48.2433
0,9,Linear,GPU,1.24203e+06,1.24208e+06,48.2433
0,9,gate_update,GPU,1.24208e+06,1.24208e+06,0
0,9,moe_scatter,GPU,1.24208e+06,1.24208e+06,0
0,9,sync_for_moe_scatter,GPU,1.24208e+06,1.24208e+06,0
0,9,sync__set,GPU,1.24208e+06,1.24208e+06,0
0,9,sync__,GPU,1.24208e+06,1.24208e+06,0
0,9,moe_route,GPU,1.24208e+06,1.24208e+06,0
0,9,expert_FFN_0,GPU,1.24208e+06,1.2853e+06,43221.9
0,9,gate_proj,GPU,1.24208e+06,1.25648e+06,14403.8
0,9,Linear,Logic,1.24208e+06,1.25648e+06,14403.8
0,9,activation,Logic,1.25648e+06,1.25649e+06,10.5463
0,9,up_proj,GPU,1.25649e+06,1.27089e+06,14403.8
0,9,Linear,Logic,1.25649e+06,1.27089e+06,14403.8
0,9,down_proj,GPU,1.27089e+06,1.2853e+06,14403.8
0,9,Linear,Logic,1.27089e+06,1.2853e+06,14403.8
0,9,expert_FFN_1,GPU,1.2853e+06,1.32852e+06,43221.9
0,9,gate_proj,GPU,1.2853e+06,1.2997e+06,14403.8
0,9,Linear,Logic,1.2853e+06,1.2997e+06,14403.8
0,9,activation,Logic,1.2997e+06,1.29971e+06,10.5463
0,9,up_proj,GPU,1.29971e+06,1.31412e+06,14403.8
0,9,Linear,Logic,1.29971e+06,1.31412e+06,14403.8
0,9,down_proj,GPU,1.31412e+06,1.32852e+06,14403.8
0,9,Linear,Logic,1.31412e+06,1.32852e+06,14403.8
0,9,sync_2,GPU,1.32852e+06,1.32854e+06,24.1059
0,9,sync__set,GPU,1.32852e+06,1.32852e+06,0
0,9,sync__,GPU,1.32852e+06,1.32854e+06,24.1059
0,9,moe_all_reduce_for_e_tp,GPU,1.32854e+06,1.32854e+06,0
0,9,sync_3,GPU,1.32854e+06,1.32854e+06,0
0,9,sync__set,GPU,1.32854e+06,1.32854e+06,0
0,9,sync__,GPU,1.32854e+06,1.32854e+06,0
0,9,moe_gather,GPU,1.32854e+06,1.32854e+06,0
0,9,sync_for_moe_gather,GPU,1.32854e+06,1.32854e+06,0
0,9,sync__set,GPU,1.32854e+06,1.32854e+06,0
0,9,sync__,GPU,1.32854e+06,1.32854e+06,0
0,9,moe_all_reduce_for_gather,GPU,1.32854e+06,1.34687e+06,18327.7
0,9,sync_5,GPU,1.34687e+06,1.34687e+06,0
0,9,sync__set,GPU,1.34687e+06,1.34687e+06,0
0,9,sync__,GPU,1.34687e+06,1.34687e+06,0
0,9,sync_6,GPU,1.34687e+06,1.34687e+06,0
0,9,sync__set,GPU,1.34687e+06,1.34687e+06,0
0,9,sync__,GPU,1.34687e+06,1.34687e+06,0
0,9,residual_2,GPU,1.34687e+06,1.34691e+06,36.1589
0,10,MoE_decoder_10,GPU,1.34691e+06,1.48161e+06,134703
0,10,input_layer_norm,GPU,1.34691e+06,1.34694e+06,36.1589
0,10,attention,GPU,1.34694e+06,1.37663e+06,29690.1
0,10,attn_qkv_proj,GPU,1.34694e+06,1.35314e+06,6193.22
0,10,Linear,GPU,1.34694e+06,1.35314e+06,6193.22
0,10,self_attention,GPU,1.35314e+06,1.35417e+06,1035.05
0,10,AttentionSplit,GPU,1.35314e+06,1.35314e+06,0
0,10,AttentionSum,Logic,1.35314e+06,1.35314e+06,0
0,10,AttentionGen,Logic,1.35314e+06,1.35417e+06,1035.05
0,10,AttentionMerge,GPU,1.35417e+06,1.35417e+06,0
0,10,attn_o_proj,GPU,1.35417e+06,1.35831e+06,4134.17
0,10,Linear,GPU,1.35417e+06,1.35831e+06,4134.17
0,10,all_reduce,GPU,1.35831e+06,1.37663e+06,18327.7
0,10,residual_1,GPU,1.37663e+06,1.37667e+06,36.1589
0,10,post_attn_layer_norm,GPU,1.37667e+06,1.37671e+06,36.1589
0,10,expertFFN,GPU,1.37671e+06,1.48157e+06,104868
0,10,sync_0,GPU,1.37671e+06,1.37671e+06,0
0,10,sync__set,GPU,1.37671e+06,1.37671e+06,0
0,10,sync__,GPU,1.37671e+06,1.37671e+06,0
0,10,gate_fn,GPU,1.37671e+06,1.37675e+06,48.2433
0,10,Linear,GPU,1.37671e+06,1.37675e+06,48.2433
0,10,gate_update,GPU,1.37675e+06,1.37675e+06,0
0,10,moe_scatter,GPU,1.37675e+06,1.37675e+06,0
0,10,sync_for_moe_scatter,GPU,1.37675e+06,1.37675e+06,0
0,10,sync__set,GPU,1.37675e+06,1.37675e+06,0
0,10,sync__,GPU,1.37675e+06,1.37675e+06,0
0,10,moe_route,GPU,1.37675e+06,1.37675e+06,0
0,10,expert_FFN_0,GPU,1.37675e+06,1.41998e+06,43221.9
0,10,gate_proj,GPU,1.37675e+06,1.39116e+06,14403.8
0,10,Linear,Logic,1.37675e+06,1.39116e+06,14403.8
0,10,activation,Logic,1.39116e+06,1.39117e+06,10.5463
0,10,up_proj,GPU,1.39117e+06,1.40557e+06,14403.8
0,10,Linear,Logic,1.39117e+06,1.40557e+06,14403.8
0,10,down_proj,GPU,1.40557e+06,1.41998e+06,14403.8
0,10,Linear,Logic,1.40557e+06,1.41998e+06,14403.8
0,10,expert_FFN_1,GPU,1.41998e+06,1.41998e+06,0
0,10,gate_proj,GPU,1.41998e+06,1.41998e+06,0
0,10,Linear,Logic,1.41998e+06,1.41998e+06,0
0,10,activation,Logic,1.41998e+06,1.41998e+06,0
0,10,up_proj,GPU,1.41998e+06,1.41998e+06,0
0,10,Linear,Logic,1.41998e+06,1.41998e+06,0
0,10,down_proj,GPU,1.41998e+06,1.41998e+06,0
0,10,Linear,Logic,1.41998e+06,1.41998e+06,0
0,10,sync_2,GPU,1.41998e+06,1.46325e+06,43270.2
0,10,sync__set,GPU,1.41998e+06,1.41998e+06,0
0,10,sync__,GPU,1.41998e+06,1.46325e+06,43270.2
0,10,moe_all_reduce_for_e_tp,GPU,1.46325e+06,1.46325e+06,0
0,10,sync_3,GPU,1.46325e+06,1.46325e+06,0
0,10,sync__set,GPU,1.46325e+06,1.46325e+06,0
0,10,sync__,GPU,1.46325e+06,1.46325e+06,0
0,10,moe_gather,GPU,1.46325e+06,1.46325e+06,0
0,10,sync_for_moe_gather,GPU,1.46325e+06,1.46325e+06,0
0,10,sync__set,GPU,1.46325e+06,1.46325e+06,0
0,10,sync__,GPU,1.46325e+06,1.46325e+06,0
0,10,moe_all_reduce_for_gather,GPU,1.46325e+06,1.48157e+06,18327.7
0,10,sync_5,GPU,1.48157e+06,1.48157e+06,0
0,10,sync__set,GPU,1.48157e+06,1.48157e+06,0
0,10,sync__,GPU,1.48157e+06,1.48157e+06,0
0,10,sync_6,GPU,1.48157e+06,1.48157e+06,0
0,10,sync__set,GPU,1.48157e+06,1.48157e+06,0
0,10,sync__,GPU,1.48157e+06,1.48157e+06,0
0,10,residual_2,GPU,1.48157e+06,1.48161e+06,36.1589
0,11,MoE_decoder_11,GPU,1.48161e+06,1.61629e+06,134679
0,11,input_layer_norm,GPU,1.48161e+06,1.48165e+06,36.1589
0,11,attention,GPU,1.48165e+06,1.51134e+06,29690.1
0,11,attn_qkv_proj,GPU,1.48165e+06,1.48784e+06,6193.22
0,11,Linear,GPU,1.48165e+06,1.48784e+06,6193.22
0,11,self_attention,GPU,1.48784e+06,1.48887e+06,1035.05
0,11,AttentionSplit,GPU,1.48784e+06,1.48784e+06,0
0,11,AttentionSum,Logic,1.48784e+06,1.48784e+06,0
0,11,AttentionGen,Logic,1.48784e+06,1.48887e+06,1035.05
0,11,AttentionMerge,GPU,1.48887e+06,1.48887e+06,0
0,11,attn_o_proj,GPU,1.48887e+06,1.49301e+06,4134.17
0,11,Linear,GPU,1.48887e+06,1.49301e+06,4134.17
0,11,all_reduce,GPU,1.49301e+06,1.51134e+06,18327.7
0,11,residual_1,GPU,1.51134e+06,1.51137e+06,36.1589
0,11,post_attn_layer_norm,GPU,1.51137e+06,1.51141e+06,36.1589
0,11,expertFFN,GPU,1.51141e+06,1.61625e+06,104844
0,11,sync_0,GPU,1.51141e+06,1.51141e+06,0
0,11,sync__set,GPU,1.51141e+06,1.51141e+06,0
0,11,sync__,GPU,1.51141e+06,1.51141e+06,0
0,11,gate_fn,GPU,1.51141e+06,1.51146e+06,48.2433
0,11,Linear,GPU,1.51141e+06,1.51146e+06,48.2433
0,11,gate_update,GPU,1.51146e+06,1.51146e+06,0
0,11,moe_scatter,GPU,1.51146e+06,1.51146e+06,0
0,11,sync_for_moe_scatter,GPU,1.51146e+06,1.51146e+06,0
0,11,sync__set,GPU,1.51146e+06,1.51146e+06,0
0,11,sync__,GPU,1.51146e+06,1.51146e+06,0
0,11,moe_route,GPU,1.51146e+06,1.51146e+06,0
0,11,expert_FFN_0,GPU,1.51146e+06,1.51146e+06,0
0,11,gate_proj,GPU,1.51146e+06,1.51146e+06,0
0,11,Linear,Logic,1.51146e+06,1.51146e+06,0
0,11,activation,Logic,1.51146e+06,1.51146e+06,0
0,11,up_proj,GPU,1.51146e+06,1.51146e+06,0
0,11,Linear,Logic,1.51146e+06,1.51146e+06,0
0,11,down_proj,GPU,1.51146e+06,1.51146e+06,0
0,11,Linear,Logic,1.51146e+06,1.51146e+06,0
0,11,expert_FFN_1,GPU,1.51146e+06,1.5547e+06,43246
0,11,gate_proj,GPU,1.51146e+06,1.52587e+06,14408.3
0,11,Linear,Logic,1.51146e+06,1.52587e+06,14408.3
0,11,activation,Logic,1.52587e+06,1.52589e+06,21.0927
0,11,up_proj,GPU,1.52589e+06,1.54029e+06,14408.3
0,11,Linear,Logic,1.52589e+06,1.54029e+06,14408.3
0,11,down_proj,GPU,1.54029e+06,1.5547e+06,14408.3
0,11,Linear,Logic,1.54029e+06,1.5547e+06,14408.3
0,11,sync_2,GPU,1.5547e+06,1.59792e+06,43221.9
0,11,sync__set,GPU,1.5547e+06,1.5547e+06,0
0,11,sync__,GPU,1.5547e+06,1.59792e+06,43221.9
0,11,moe_all_reduce_for_e_tp,GPU,1.59792e+06,1.59792e+06,0
0,11,sync_3,GPU,1.59792e+06,1.59792e+06,0
0,11,sync__set,GPU,1.59792e+06,1.59792e+06,0
0,11,sync__,GPU,1.59792e+06,1.59792e+06,0
0,11,moe_gather,GPU,1.59792e+06,1.59792e+06,0
0,11,sync_for_moe_gather,GPU,1.59792e+06,1.59792e+06,0
0,11,sync__set,GPU,1.59792e+06,1.59792e+06,0
0,11,sync__,GPU,1.59792e+06,1.59792e+06,0
0,11,moe_all_reduce_for_gather,GPU,1.59792e+06,1.61625e+06,18327.7
0,11,sync_5,GPU,1.61625e+06,1.61625e+06,0
0,11,sync__set,GPU,1.61625e+06,1.61625e+06,0
0,11,sync__,GPU,1.61625e+06,1.61625e+06,0
0,11,sync_6,GPU,1.61625e+06,1.61625e+06,0
0,11,sync__set,GPU,1.61625e+06,1.61625e+06,0
0,11,sync__,GPU,1.61625e+06,1.61625e+06,0
0,11,residual_2,GPU,1.61625e+06,1.61629e+06,36.1589
0,12,MoE_decoder_12,GPU,1.61629e+06,1.75097e+06,134679
0,12,input_layer_norm,GPU,1.61629e+06,1.61632e+06,36.1589
0,12,attention,GPU,1.61632e+06,1.64601e+06,29690.1
0,12,attn_qkv_proj,GPU,1.61632e+06,1.62252e+06,6193.22
0,12,Linear,GPU,1.61632e+06,1.62252e+06,6193.22
0,12,self_attention,GPU,1.62252e+06,1.62355e+06,1035.05
0,12,AttentionSplit,GPU,1.62252e+06,1.62252e+06,0
0,12,AttentionSum,Logic,1.62252e+06,1.62252e+06,0
0,12,AttentionGen,Logic,1.62252e+06,1.62355e+06,1035.05
0,12,AttentionMerge,GPU,1.62355e+06,1.62355e+06,0
0,12,attn_o_proj,GPU,1.62355e+06,1.62769e+06,4134.17
0,12,Linear,GPU,1.62355e+06,1.62769e+06,4134.17
0,12,all_reduce,GPU,1.62769e+06,1.64601e+06,18327.7
0,12,residual_1,GPU,1.64601e+06,1.64605e+06,36.1589
0,12,post_attn_layer_norm,GPU,1.64605e+06,1.64609e+06,36.1589
0,12,expertFFN,GPU,1.64609e+06,1.75093e+06,104844
0,12,sync_0,GPU,1.64609e+06,1.64609e+06,0
0,12,sync__set,GPU,1.64609e+06,1.64609e+06,0
0,12,sync__,GPU,1.64609e+06,1.64609e+06,0
0,12,gate_fn,GPU,1.64609e+06,1.64614e+06,48.2433
0,12,Linear,GPU,1.64609e+06,1.64614e+06,48.2433
0,12,gate_update,GPU,1.64614e+06,1.64614e+06,0
0,12,moe_scatter,GPU,1.64614e+06,1.64614e+06,0
0,12,sync_for_moe_scatter,GPU,1.64614e+06,1.64614e+06,0
0,12,sync__set,GPU,1.64614e+06,1.64614e+06,0
0,12,sync__,GPU,1.64614e+06,1.64614e+06,0
0,12,moe_route,GPU,1.64614e+06,1.64614e+06,0
0,12,expert_FFN_0,GPU,1.64614e+06,1.68936e+06,43221.9
0,12,gate_proj,GPU,1.64614e+06,1.66054e+06,14403.8
0,12,Linear,Logic,1.64614e+06,1.66054e+06,14403.8
0,12,activation,Logic,1.66054e+06,1.66055e+06,10.5463
0,12,up_proj,GPU,1.66055e+06,1.67495e+06,14403.8
0,12,Linear,Logic,1.66055e+06,1.67495e+06,14403.8
0,12,down_proj,GPU,1.67495e+06,1.68936e+06,14403.8
0,12,Linear,Logic,1.67495e+06,1.68936e+06,14403.8
0,12,expert_FFN_1,GPU,1.68936e+06,1.7326e+06,43246
0,12,gate_proj,GPU,1.68936e+06,1.70377e+06,14408.3
0,12,Linear,Logic,1.68936e+06,1.70377e+06,14408.3
0,12,activation,Logic,1.70377e+06,1.70379e+06,21.0927
0,12,up_proj,GPU,1.70379e+06,1.7182e+06,14408.3
0,12,Linear,Logic,1.70379e+06,1.7182e+06,14408.3
0,12,down_proj,GPU,1.7182e+06,1.7326e+06,14408.3
0,12,Linear,Logic,1.7182e+06,1.7326e+06,14408.3
0,12,sync_2,GPU,1.7326e+06,1.7326e+06,0
0,12,sync__set,GPU,1.7326e+06,1.7326e+06,0
0,12,sync__,GPU,1.7326e+06,1.7326e+06,0
0,12,moe_all_reduce_for_e_tp,GPU,1.7326e+06,1.7326e+06,0
0,12,sync_3,GPU,1.7326e+06,1.7326e+06,0
0,12,sync__set,GPU,1.7326e+06,1.7326e+06,0
0,12,sync__,GPU,1.7326e+06,1.7326e+06,0
0,12,moe_gather,GPU,1.7326e+06,1.7326e+06,0
0,12,sync_for_moe_gather,GPU,1.7326e+06,1.7326e+06,0
0,12,sync__set,GPU,1.7326e+06,1.7326e+06,0
0,12,sync__,GPU,1.7326e+06,1.7326e+06,0
0,12,moe_all_reduce_for_gather,GPU,1.7326e+06,1.75093e+06,18327.7
0,12,sync_5,GPU,1.75093e+06,1.75093e+06,0
0,12,sync__set,GPU,1.75093e+06,1.75093e+06,0
0,12,sync__,GPU,1.75093e+06,1.75093e+06,0
0,12,sync_6,GPU,1.75093e+06,1.75093e+06,0
0,12,sync__set,GPU,1.75093e+06,1.75093e+06,0
0,12,sync__,GPU,1.75093e+06,1.75093e+06,0
0,12,residual_2,GPU,1.75093e+06,1.75097e+06,36.1589
0,13,MoE_decoder_13,GPU,1.75097e+06,1.88567e+06,134703
0,13,input_layer_norm,GPU,1.75097e+06,1.751e+06,36.1589
0,13,attention,GPU,1.751e+06,1.78069e+06,29690.1
0,13,attn_qkv_proj,GPU,1.751e+06,1.7572e+06,6193.22
0,13,Linear,GPU,1.751e+06,1.7572e+06,6193.22
0,13,self_attention,GPU,1.7572e+06,1.75823e+06,1035.05
0,13,AttentionSplit,GPU,1.7572e+06,1.7572e+06,0
0,13,AttentionSum,Logic,1.7572e+06,1.7572e+06,0
0,13,AttentionGen,Logic,1.7572e+06,1.75823e+06,1035.05
0,13,AttentionMerge,GPU,1.75823e+06,1.75823e+06,0
0,13,attn_o_proj,GPU,1.75823e+06,1.76237e+06,4134.17
0,13,Linear,GPU,1.75823e+06,1.76237e+06,4134.17
0,13,all_reduce,GPU,1.76237e+06,1.78069e+06,18327.7
0,13,residual_1,GPU,1.78069e+06,1.78073e+06,36.1589
0,13,post_attn_layer_norm,GPU,1.78073e+06,1.78077e+06,36.1589
0,13,expertFFN,GPU,1.78077e+06,1.88563e+06,104868
0,13,sync_0,GPU,1.78077e+06,1.78077e+06,0
0,13,sync__set,GPU,1.78077e+06,1.78077e+06,0
0,13,sync__,GPU,1.78077e+06,1.78077e+06,0
0,13,gate_fn,GPU,1.78077e+06,1.78081e+06,48.2433
0,13,Linear,GPU,1.78077e+06,1.78081e+06,48.2433
0,13,gate_update,GPU,1.78081e+06,1.78081e+06,0
0,13,moe_scatter,GPU,1.78081e+06,1.78081e+06,0
0,13,sync_for_moe_scatter,GPU,1.78081e+06,1.78081e+06,0
0,13,sync__set,GPU,1.78081e+06,1.78081e+06,0
0,13,sync__,GPU,1.78081e+06,1.78081e+06,0
0,13,moe_route,GPU,1.78081e+06,1.78081e+06,0
0,13,expert_FFN_0,GPU,1.78081e+06,1.78081e+06,0
0,13,gate_proj,GPU,1.78081e+06,1.78081e+06,0
0,13,Linear,Logic,1.78081e+06,1.78081e+06,0
0,13,activation,Logic,1.78081e+06,1.78081e+06,0
0,13,up_proj,GPU,1.78081e+06,1.78081e+06,0
0,13,Linear,Logic,1.78081e+06,1.78081e+06,0
0,13,down_proj,GPU,1.78081e+06,1.78081e+06,0
0,13,Linear,Logic,1.78081e+06,1.78081e+06,0
0,13,expert_FFN_1,GPU,1.78081e+06,1.82406e+06,43246
0,13,gate_proj,GPU,1.78081e+06,1.79522e+06,14408.3
0,13,Linear,Logic,1.78081e+06,1.79522e+06,14408.3
0,13,activation,Logic,1.79522e+06,1.79524e+06,21.0927
0,13,up_proj,GPU,1.79524e+06,1.80965e+06,14408.3
0,13,Linear,Logic,1.79524e+06,1.80965e+06,14408.3
0,13,down_proj,GPU,1.80965e+06,1.82406e+06,14408.3
0,13,Linear,Logic,1.80965e+06,1.82406e+06,14408.3
0,13,sync_2,GPU,1.82406e+06,1.86731e+06,43246
0,13,sync__set,GPU,1.82406e+06,1.82406e+06,0
0,13,sync__,GPU,1.82406e+06,1.86731e+06,43246
0,13,moe_all_reduce_for_e_tp,GPU,1.86731e+06,1.86731e+06,0
0,13,sync_3,GPU,1.86731e+06,1.86731e+06,0
0,13,sync__set,GPU,1.86731e+06,1.86731e+06,0
0,13,sync__,GPU,1.86731e+06,1.86731e+06,0
0,13,moe_gather,GPU,1.86731e+06,1.86731e+06,0
0,13,sync_for_moe_gather,GPU,1.86731e+06,1.86731e+06,0
0,13,sync__set,GPU,1.86731e+06,1.86731e+06,0
0,13,sync__,GPU,1.86731e+06,1.86731e+06,0
0,13,moe_all_reduce_for_gather,GPU,1.86731e+06,1.88563e+06,18327.7
0,13,sync_5,GPU,1.88563e+06,1.88563e+06,0
0,13,sync__set,GPU,1.88563e+06,1.88563e+06,0
0,13,sync__,GPU,1.88563e+06,1.88563e+06,0
0,13,sync_6,GPU,1.88563e+06,1.88563e+06,0
0,13,sync__set,GPU,1.88563e+06,1.88563e+06,0
0,13,sync__,GPU,1.88563e+06,1.88563e+06,0
0,13,residual_2,GPU,1.88563e+06,1.88567e+06,36.1589
0,14,MoE_decoder_14,GPU,1.88567e+06,2.02035e+06,134679
0,14,input_layer_norm,GPU,1.88567e+06,1.88571e+06,36.1589
0,14,attention,GPU,1.88571e+06,1.9154e+06,29690.1
0,14,attn_qkv_proj,GPU,1.88571e+06,1.8919e+06,6193.22
0,14,Linear,GPU,1.88571e+06,1.8919e+06,6193.22
0,14,self_attention,GPU,1.8919e+06,1.89293e+06,1035.05
0,14,AttentionSplit,GPU,1.8919e+06,1.8919e+06,0
0,14,AttentionSum,Logic,1.8919e+06,1.8919e+06,0
0,14,AttentionGen,Logic,1.8919e+06,1.89293e+06,1035.05
0,14,AttentionMerge,GPU,1.89293e+06,1.89293e+06,0
0,14,attn_o_proj,GPU,1.89293e+06,1.89707e+06,4134.17
0,14,Linear,GPU,1.89293e+06,1.89707e+06,4134.17
0,14,all_reduce,GPU,1.89707e+06,1.9154e+06,18327.7
0,14,residual_1,GPU,1.9154e+06,1.91543e+06,36.1589
0,14,post_attn_layer_norm,GPU,1.91543e+06,1.91547e+06,36.1589
0,14,expertFFN,GPU,1.91547e+06,2.02031e+06,104844
0,14,sync_0,GPU,1.91547e+06,1.91547e+06,0
0,14,sync__set,GPU,1.91547e+06,1.91547e+06,0
0,14,sync__,GPU,1.91547e+06,1.91547e+06,0
0,14,gate_fn,GPU,1.91547e+06,1.91552e+06,48.2433
0,14,Linear,GPU,1.91547e+06,1.91552e+06,48.2433
0,14,gate_update,GPU,1.91552e+06,1.91552e+06,0
0,14,moe_scatter,GPU,1.91552e+06,1.91552e+06,0
0,14,sync_for_moe_scatter,GPU,1.91552e+06,1.91552e+06,0
0,14,sync__set,GPU,1.91552e+06,1.91552e+06,0
0,14,sync__,GPU,1.91552e+06,1.91552e+06,0
0,14,moe_route,GPU,1.91552e+06,1.91552e+06,0
0,14,expert_FFN_0,GPU,1.91552e+06,1.95874e+06,43221.9
0,14,gate_proj,GPU,1.91552e+06,1.92992e+06,14403.8
0,14,Linear,Logic,1.91552e+06,1.92992e+06,14403.8
0,14,activation,Logic,1.92992e+06,1.92993e+06,10.5463
0,14,up_proj,GPU,1.92993e+06,1.94433e+06,14403.8
0,14,Linear,Logic,1.92993e+06,1.94433e+06,14403.8
0,14,down_proj,GPU,1.94433e+06,1.95874e+06,14403.8
0,14,Linear,Logic,1.94433e+06,1.95874e+06,14403.8
0,14,expert_FFN_1,GPU,1.95874e+06,1.95874e+06,0
0,14,gate_proj,GPU,1.95874e+06,1.95874e+06,0
0,14,Linear,Logic,1.95874e+06,1.95874e+06,0
0,14,activation,Logic,1.95874e+06,1.95874e+06,0
0,14,up_proj,GPU,1.95874e+06,1.95874e+06,0
0,14,Linear,Logic,1.95874e+06,1.95874e+06,0
0,14,down_proj,GPU,1.95874e+06,1.95874e+06,0
0,14,Linear,Logic,1.95874e+06,1.95874e+06,0
0,14,sync_2,GPU,1.95874e+06,2.00198e+06,43246
0,14,sync__set,GPU,1.95874e+06,1.95874e+06,0
0,14,sync__,GPU,1.95874e+06,2.00198e+06,43246
0,14,moe_all_reduce_for_e_tp,GPU,2.00198e+06,2.00198e+06,0
0,14,sync_3,GPU,2.00198e+06,2.00198e+06,0
0,14,sync__set,GPU,2.00198e+06,2.00198e+06,0
0,14,sync__,GPU,2.00198e+06,2.00198e+06,0
0,14,moe_gather,GPU,2.00198e+06,2.00198e+06,0
0,14,sync_for_moe_gather,GPU,2.00198e+06,2.00198e+06,0
0,14,sync__set,GPU,2.00198e+06,2.00198e+06,0
0,14,sync__,GPU,2.00198e+06,2.00198e+06,0
0,14,moe_all_reduce_for_gather,GPU,2.00198e+06,2.02031e+06,18327.7
0,14,sync_5,GPU,2.02031e+06,2.02031e+06,0
0,14,sync__set,GPU,2.02031e+06,2.02031e+06,0
0,14,sync__,GPU,2.02031e+06,2.02031e+06,0
0,14,sync_6,GPU,2.02031e+06,2.02031e+06,0
0,14,sync__set,GPU,2.02031e+06,2.02031e+06,0
0,14,sync__,GPU,2.02031e+06,2.02031e+06,0
0,14,residual_2,GPU,2.02031e+06,2.02035e+06,36.1589
0,15,MoE_decoder_15,GPU,2.02035e+06,2.155e+06,134655
0,15,input_layer_norm,GPU,2.02035e+06,2.02038e+06,36.1589
0,15,attention,GPU,2.02038e+06,2.05007e+06,29690.1
0,15,attn_qkv_proj,GPU,2.02038e+06,2.02658e+06,6193.22
0,15,Linear,GPU,2.02038e+06,2.02658e+06,6193.22
0,15,self_attention,GPU,2.02658e+06,2.02761e+06,1035.05
0,15,AttentionSplit,GPU,2.02658e+06,2.02658e+06,0
0,15,AttentionSum,Logic,2.02658e+06,2.02658e+06,0
0,15,AttentionGen,Logic,2.02658e+06,2.02761e+06,1035.05
0,15,AttentionMerge,GPU,2.02761e+06,2.02761e+06,0
0,15,attn_o_proj,GPU,2.02761e+06,2.03175e+06,4134.17
0,15,Linear,GPU,2.02761e+06,2.03175e+06,4134.17
0,15,all_reduce,GPU,2.03175e+06,2.05007e+06,18327.7
0,15,residual_1,GPU,2.05007e+06,2.05011e+06,36.1589
0,15,post_attn_layer_norm,GPU,2.05011e+06,2.05015e+06,36.1589
0,15,expertFFN,GPU,2.05015e+06,2.15497e+06,104820
0,15,sync_0,GPU,2.05015e+06,2.05015e+06,0
0,15,sync__set,GPU,2.05015e+06,2.05015e+06,0
0,15,sync__,GPU,2.05015e+06,2.05015e+06,0
0,15,gate_fn,GPU,2.05015e+06,2.0502e+06,48.2433
0,15,Linear,GPU,2.05015e+06,2.0502e+06,48.2433
0,15,gate_update,GPU,2.0502e+06,2.0502e+06,0
0,15,moe_scatter,GPU,2.0502e+06,2.0502e+06,0
0,15,sync_for_moe_scatter,GPU,2.0502e+06,2.0502e+06,0
0,15,sync__set,GPU,2.0502e+06,2.0502e+06,0
0,15,sync__,GPU,2.0502e+06,2.0502e+06,0
0,15,moe_route,GPU,2.0502e+06,2.0502e+06,0
0,15,expert_FFN_0,GPU,2.0502e+06,2.09342e+06,43221.9
0,15,gate_proj,GPU,2.0502e+06,2.0646e+06,14403.8
0,15,Linear,Logic,2.0502e+06,2.0646e+06,14403.8
0,15,activation,Logic,2.0646e+06,2.06461e+06,10.5463
0,15,up_proj,GPU,2.06461e+06,2.07901e+06,14403.8
0,15,Linear,Logic,2.06461e+06,2.07901e+06,14403.8
0,15,down_proj,GPU,2.07901e+06,2.09342e+06,14403.8
0,15,Linear,Logic,2.07901e+06,2.09342e+06,14403.8
0,15,expert_FFN_1,GPU,2.09342e+06,2.13664e+06,43221.9
0,15,gate_proj,GPU,2.09342e+06,2.10782e+06,14403.8
0,15,Linear,Logic,2.09342e+06,2.10782e+06,14403.8
0,15,activation,Logic,2.10782e+06,2.10783e+06,10.5463
0,15,up_proj,GPU,2.10783e+06,2.12224e+06,14403.8
0,15,Linear,Logic,2.10783e+06,2.12224e+06,14403.8
0,15,down_proj,GPU,2.12224e+06,2.13664e+06,14403.8
0,15,Linear,Logic,2.12224e+06,2.13664e+06,14403.8
0,15,sync_2,GPU,2.13664e+06,2.13664e+06,0
0,15,sync__set,GPU,2.13664e+06,2.13664e+06,0
0,15,sync__,GPU,2.13664e+06,2.13664e+06,0
0,15,moe_all_reduce_for_e_tp,GPU,2.13664e+06,2.13664e+06,0
0,15,sync_3,GPU,2.13664e+06,2.13664e+06,0
0,15,sync__set,GPU,2.13664e+06,2.13664e+06,0
0,15,sync__,GPU,2.13664e+06,2.13664e+06,0
0,15,moe_gather,GPU,2.13664e+06,2.13664e+06,0
0,15,sync_for_moe_gather,GPU,2.13664e+06,2.13664e+06,0
0,15,sync__set,GPU,2.13664e+06,2.13664e+06,0
0,15,sync__,GPU,2.13664e+06,2.13664e+06,0
0,15,moe_all_reduce_for_gather,GPU,2.13664e+06,2.15497e+06,18327.7
0,15,sync_5,GPU,2.15497e+06,2.15497e+06,0
0,15,sync__set,GPU,2.15497e+06,2.15497e+06,0
0,15,sync__,GPU,2.15497e+06,2.15497e+06,0
0,15,sync_6,GPU,2.15497e+06,2.15497e+06,0
0,15,sync__set,GPU,2.15497e+06,2.15497e+06,0
0,15,sync__,GPU,2.15497e+06,2.15497e+06,0
0,15,residual_2,GPU,2.15497e+06,2.155e+06,36.1589
0,16,MoE_decoder_16,GPU,2.155e+06,2.28968e+06,134679
0,16,input_layer_norm,GPU,2.155e+06,2.15504e+06,36.1589
0,16,attention,GPU,2.15504e+06,2.18473e+06,29690.1
0,16,attn_qkv_proj,GPU,2.15504e+06,2.16123e+06,6193.22
0,16,Linear,GPU,2.15504e+06,2.16123e+06,6193.22
0,16,self_attention,GPU,2.16123e+06,2.16227e+06,1035.05
0,16,AttentionSplit,GPU,2.16123e+06,2.16123e+06,0
0,16,AttentionSum,Logic,2.16123e+06,2.16123e+06,0
0,16,AttentionGen,Logic,2.16123e+06,2.16227e+06,1035.05
0,16,AttentionMerge,GPU,2.16227e+06,2.16227e+06,0
0,16,attn_o_proj,GPU,2.16227e+06,2.1664e+06,4134.17
0,16,Linear,GPU,2.16227e+06,2.1664e+06,4134.17
0,16,all_reduce,GPU,2.1664e+06,2.18473e+06,18327.7
0,16,residual_1,GPU,2.18473e+06,2.18477e+06,36.1589
0,16,post_attn_layer_norm,GPU,2.18477e+06,2.1848e+06,36.1589
0,16,expertFFN,GPU,2.1848e+06,2.28965e+06,104844
0,16,sync_0,GPU,2.1848e+06,2.1848e+06,0
0,16,sync__set,GPU,2.1848e+06,2.1848e+06,0
0,16,sync__,GPU,2.1848e+06,2.1848e+06,0
0,16,gate_fn,GPU,2.1848e+06,2.18485e+06,48.2433
0,16,Linear,GPU,2.1848e+06,2.18485e+06,48.2433
0,16,gate_update,GPU,2.18485e+06,2.18485e+06,0
0,16,moe_scatter,GPU,2.18485e+06,2.18485e+06,0
0,16,sync_for_moe_scatter,GPU,2.18485e+06,2.18485e+06,0
0,16,sync__set,GPU,2.18485e+06,2.18485e+06,0
0,16,sync__,GPU,2.18485e+06,2.18485e+06,0
0,16,moe_route,GPU,2.18485e+06,2.18485e+06,0
0,16,expert_FFN_0,GPU,2.18485e+06,2.18485e+06,0
0,16,gate_proj,GPU,2.18485e+06,2.18485e+06,0
0,16,Linear,Logic,2.18485e+06,2.18485e+06,0
0,16,activation,Logic,2.18485e+06,2.18485e+06,0
0,16,up_proj,GPU,2.18485e+06,2.18485e+06,0
0,16,Linear,Logic,2.18485e+06,2.18485e+06,0
0,16,down_proj,GPU,2.18485e+06,2.18485e+06,0
0,16,Linear,Logic,2.18485e+06,2.18485e+06,0
0,16,expert_FFN_1,GPU,2.18485e+06,2.22807e+06,43221.9
0,16,gate_proj,GPU,2.18485e+06,2.19925e+06,14403.8
0,16,Linear,Logic,2.18485e+06,2.19925e+06,14403.8
0,16,activation,Logic,2.19925e+06,2.19926e+06,10.5463
0,16,up_proj,GPU,2.19926e+06,2.21367e+06,14403.8
0,16,Linear,Logic,2.19926e+06,2.21367e+06,14403.8
0,16,down_proj,GPU,2.21367e+06,2.22807e+06,14403.8
0,16,Linear,Logic,2.21367e+06,2.22807e+06,14403.8
0,16,sync_2,GPU,2.22807e+06,2.27132e+06,43246
0,16,sync__set,GPU,2.22807e+06,2.22807e+06,0
0,16,sync__,GPU,2.22807e+06,2.27132e+06,43246
0,16,moe_all_reduce_for_e_tp,GPU,2.27132e+06,2.27132e+06,0
0,16,sync_3,GPU,2.27132e+06,2.27132e+06,0
0,16,sync__set,GPU,2.27132e+06,2.27132e+06,0
0,16,sync__,GPU,2.27132e+06,2.27132e+06,0
0,16,moe_gather,GPU,2.27132e+06,2.27132e+06,0
0,16,sync_for_moe_gather,GPU,2.27132e+06,2.27132e+06,0
0,16,sync__set,GPU,2.27132e+06,2.27132e+06,0
0,16,sync__,GPU,2.27132e+06,2.27132e+06,0
0,16,moe_all_reduce_for_gather,GPU,2.27132e+06,2.28965e+06,18327.7
0,16,sync_5,GPU,2.28965e+06,2.28965e+06,0
0,16,sync__set,GPU,2.28965e+06,2.28965e+06,0
0,16,sync__,GPU,2.28965e+06,2.28965e+06,0
0,16,sync_6,GPU,2.28965e+06,2.28965e+06,0
0,16,sync__set,GPU,2.28965e+06,2.28965e+06,0
0,16,sync__,GPU,2.28965e+06,2.28965e+06,0
0,16,residual_2,GPU,2.28965e+06,2.28968e+06,36.1589
0,17,MoE_decoder_17,GPU,2.28968e+06,2.42436e+06,134679
0,17,input_layer_norm,GPU,2.28968e+06,2.28972e+06,36.1589
0,17,attention,GPU,2.28972e+06,2.31941e+06,29690.1
0,17,attn_qkv_proj,GPU,2.28972e+06,2.29591e+06,6193.22
0,17,Linear,GPU,2.28972e+06,2.29591e+06,6193.22
0,17,self_attention,GPU,2.29591e+06,2.29695e+06,1035.05
0,17,AttentionSplit,GPU,2.29591e+06,2.29591e+06,0
0,17,AttentionSum,Logic,2.29591e+06,2.29591e+06,0
0,17,AttentionGen,Logic,2.29591e+06,2.29695e+06,1035.05
0,17,AttentionMerge,GPU,2.29695e+06,2.29695e+06,0
0,17,attn_o_proj,GPU,2.29695e+06,2.30108e+06,4134.17
0,17,Linear,GPU,2.29695e+06,2.30108e+06,4134.17
0,17,all_reduce,GPU,2.30108e+06,2.31941e+06,18327.7
0,17,residual_1,GPU,2.31941e+06,2.31944e+06,36.1589
0,17,post_attn_layer_norm,GPU,2.31944e+06,2.31948e+06,36.1589
0,17,expertFFN,GPU,2.31948e+06,2.42432e+06,104844
0,17,sync_0,GPU,2.31948e+06,2.31948e+06,0
0,17,sync__set,GPU,2.31948e+06,2.31948e+06,0
0,17,sync__,GPU,2.31948e+06,2.31948e+06,0
0,17,gate_fn,GPU,2.31948e+06,2.31953e+06,48.2433
0,17,Linear,GPU,2.31948e+06,2.31953e+06,48.2433
0,17,gate_update,GPU,2.31953e+06,2.31953e+06,0
0,17,moe_scatter,GPU,2.31953e+06,2.31953e+06,0
0,17,sync_for_moe_scatter,GPU,2.31953e+06,2.31953e+06,0
0,17,sync__set,GPU,2.31953e+06,2.31953e+06,0
0,17,sync__,GPU,2.31953e+06,2.31953e+06,0
0,17,moe_route,GPU,2.31953e+06,2.31953e+06,0
0,17,expert_FFN_0,GPU,2.31953e+06,2.36277e+06,43246
0,17,gate_proj,GPU,2.31953e+06,2.33394e+06,14408.3
0,17,Linear,Logic,2.31953e+06,2.33394e+06,14408.3
0,17,activation,Logic,2.33394e+06,2.33396e+06,21.0927
0,17,up_proj,GPU,2.33396e+06,2.34837e+06,14408.3
0,17,Linear,Logic,2.33396e+06,2.34837e+06,14408.3
0,17,down_proj,GPU,2.34837e+06,2.36277e+06,14408.3
0,17,Linear,Logic,2.34837e+06,2.36277e+06,14408.3
0,17,expert_FFN_1,GPU,2.36277e+06,2.406e+06,43221.9
0,17,gate_proj,GPU,2.36277e+06,2.37718e+06,14403.8
0,17,Linear,Logic,2.36277e+06,2.37718e+06,14403.8
0,17,activation,Logic,2.37718e+06,2.37719e+06,10.5463
0,17,up_proj,GPU,2.37719e+06,2.39159e+06,14403.8
0,17,Linear,Logic,2.37719e+06,2.39159e+06,14403.8
0,17,down_proj,GPU,2.39159e+06,2.406e+06,14403.8
0,17,Linear,Logic,2.39159e+06,2.406e+06,14403.8
0,17,sync_2,GPU,2.406e+06,2.406e+06,0
0,17,sync__set,GPU,2.406e+06,2.406e+06,0
0,17,sync__,GPU,2.406e+06,2.406e+06,0
0,17,moe_all_reduce_for_e_tp,GPU,2.406e+06,2.406e+06,0
0,17,sync_3,GPU,2.406e+06,2.406e+06,0
0,17,sync__set,GPU,2.406e+06,2.406e+06,0
0,17,sync__,GPU,2.406e+06,2.406e+06,0
0,17,moe_gather,GPU,2.406e+06,2.406e+06,0
0,17,sync_for_moe_gather,GPU,2.406e+06,2.406e+06,0
0,17,sync__set,GPU,2.406e+06,2.406e+06,0
0,17,sync__,GPU,2.406e+06,2.406e+06,0
0,17,moe_all_reduce_for_gather,GPU,2.406e+06,2.42432e+06,18327.7
0,17,sync_5,GPU,2.42432e+06,2.42432e+06,0
0,17,sync__set,GPU,2.42432e+06,2.42432e+06,0
0,17,sync__,GPU,2.42432e+06,2.42432e+06,0
0,17,sync_6,GPU,2.42432e+06,2.42432e+06,0
0,17,sync__set,GPU,2.42432e+06,2.42432e+06,0
0,17,sync__,GPU,2.42432e+06,2.42432e+06,0
0,17,residual_2,GPU,2.42432e+06,2.42436e+06,36.1589
0,18,MoE_decoder_18,GPU,2.42436e+06,2.55906e+06,134703
0,18,input_layer_norm,GPU,2.42436e+06,2.4244e+06,36.1589
0,18,attention,GPU,2.4244e+06,2.45409e+06,29690.1
0,18,attn_qkv_proj,GPU,2.4244e+06,2.43059e+06,6193.22
0,18,Linear,GPU,2.4244e+06,2.43059e+06,6193.22
0,18,self_attention,GPU,2.43059e+06,2.43162e+06,1035.05
0,18,AttentionSplit,GPU,2.43059e+06,2.43059e+06,0
0,18,AttentionSum,Logic,2.43059e+06,2.43059e+06,0
0,18,AttentionGen,Logic,2.43059e+06,2.43162e+06,1035.05
0,18,AttentionMerge,GPU,2.43162e+06,2.43162e+06,0
0,18,attn_o_proj,GPU,2.43162e+06,2.43576e+06,4134.17
0,18,Linear,GPU,2.43162e+06,2.43576e+06,4134.17
0,18,all_reduce,GPU,2.43576e+06,2.45409e+06,18327.7
0,18,residual_1,GPU,2.45409e+06,2.45412e+06,36.1589
0,18,post_attn_layer_norm,GPU,2.45412e+06,2.45416e+06,36.1589
0,18,expertFFN,GPU,2.45416e+06,2.55903e+06,104868
0,18,sync_0,GPU,2.45416e+06,2.45416e+06,0
0,18,sync__set,GPU,2.45416e+06,2.45416e+06,0
0,18,sync__,GPU,2.45416e+06,2.45416e+06,0
0,18,gate_fn,GPU,2.45416e+06,2.45421e+06,48.2433
0,18,Linear,GPU,2.45416e+06,2.45421e+06,48.2433
0,18,gate_update,GPU,2.45421e+06,2.45421e+06,0
0,18,moe_scatter,GPU,2.45421e+06,2.45421e+06,0
0,18,sync_for_moe_scatter,GPU,2.45421e+06,2.45421e+06,0
0,18,sync__set,GPU,2.45421e+06,2.45421e+06,0
0,18,sync__,GPU,2.45421e+06,2.45421e+06,0
0,18,moe_route,GPU,2.45421e+06,2.45421e+06,0
0,18,expert_FFN_0,GPU,2.45421e+06,2.49745e+06,43246
0,18,gate_proj,GPU,2.45421e+06,2.46862e+06,14408.3
0,18,Linear,Logic,2.45421e+06,2.46862e+06,14408.3
0,18,activation,Logic,2.46862e+06,2.46864e+06,21.0927
0,18,up_proj,GPU,2.46864e+06,2.48305e+06,14408.3
0,18,Linear,Logic,2.46864e+06,2.48305e+06,14408.3
0,18,down_proj,GPU,2.48305e+06,2.49745e+06,14408.3
0,18,Linear,Logic,2.48305e+06,2.49745e+06,14408.3
0,18,expert_FFN_1,GPU,2.49745e+06,2.5407e+06,43246
0,18,gate_proj,GPU,2.49745e+06,2.51186e+06,14408.3
0,18,Linear,Logic,2.49745e+06,2.51186e+06,14408.3
0,18,activation,Logic,2.51186e+06,2.51188e+06,21.0927
0,18,up_proj,GPU,2.51188e+06,2.52629e+06,14408.3
0,18,Linear,Logic,2.51188e+06,2.52629e+06,14408.3
0,18,down_proj,GPU,2.52629e+06,2.5407e+06,14408.3
0,18,Linear,Logic,2.52629e+06,2.5407e+06,14408.3
0,18,sync_2,GPU,2.5407e+06,2.5407e+06,0
0,18,sync__set,GPU,2.5407e+06,2.5407e+06,0
0,18,sync__,GPU,2.5407e+06,2.5407e+06,0
0,18,moe_all_reduce_for_e_tp,GPU,2.5407e+06,2.5407e+06,0
0,18,sync_3,GPU,2.5407e+06,2.5407e+06,0
0,18,sync__set,GPU,2.5407e+06,2.5407e+06,0
0,18,sync__,GPU,2.5407e+06,2.5407e+06,0
0,18,moe_gather,GPU,2.5407e+06,2.5407e+06,0
0,18,sync_for_moe_gather,GPU,2.5407e+06,2.5407e+06,0
0,18,sync__set,GPU,2.5407e+06,2.5407e+06,0
0,18,sync__,GPU,2.5407e+06,2.5407e+06,0
0,18,moe_all_reduce_for_gather,GPU,2.5407e+06,2.55903e+06,18327.7
0,18,sync_5,GPU,2.55903e+06,2.55903e+06,0
0,18,sync__set,GPU,2.55903e+06,2.55903e+06,0
0,18,sync__,GPU,2.55903e+06,2.55903e+06,0
0,18,sync_6,GPU,2.55903e+06,2.55903e+06,0
0,18,sync__set,GPU,2.55903e+06,2.55903e+06,0
0,18,sync__,GPU,2.55903e+06,2.55903e+06,0
0,18,residual_2,GPU,2.55903e+06,2.55906e+06,36.1589
0,19,MoE_decoder_19,GPU,2.55906e+06,2.65054e+06,91480.8
0,19,input_layer_norm,GPU,2.55906e+06,2.5591e+06,36.1589
0,19,attention,GPU,2.5591e+06,2.58879e+06,29690.1
0,19,attn_qkv_proj,GPU,2.5591e+06,2.56529e+06,6193.22
0,19,Linear,GPU,2.5591e+06,2.56529e+06,6193.22
0,19,self_attention,GPU,2.56529e+06,2.56633e+06,1035.05
0,19,AttentionSplit,GPU,2.56529e+06,2.56529e+06,0
0,19,AttentionSum,Logic,2.56529e+06,2.56529e+06,0
0,19,AttentionGen,Logic,2.56529e+06,2.56633e+06,1035.05
0,19,AttentionMerge,GPU,2.56633e+06,2.56633e+06,0
0,19,attn_o_proj,GPU,2.56633e+06,2.57046e+06,4134.17
0,19,Linear,GPU,2.56633e+06,2.57046e+06,4134.17
0,19,all_reduce,GPU,2.57046e+06,2.58879e+06,18327.7
0,19,residual_1,GPU,2.58879e+06,2.58883e+06,36.1589
0,19,post_attn_layer_norm,GPU,2.58883e+06,2.58886e+06,36.1589
0,19,expertFFN,GPU,2.58886e+06,2.65051e+06,61646.1
0,19,sync_0,GPU,2.58886e+06,2.58886e+06,0
0,19,sync__set,GPU,2.58886e+06,2.58886e+06,0
0,19,sync__,GPU,2.58886e+06,2.58886e+06,0
0,19,gate_fn,GPU,2.58886e+06,2.58891e+06,48.2433
0,19,Linear,GPU,2.58886e+06,2.58891e+06,48.2433
0,19,gate_update,GPU,2.58891e+06,2.58891e+06,0
0,19,moe_scatter,GPU,2.58891e+06,2.58891e+06,0
0,19,sync_for_moe_scatter,GPU,2.58891e+06,2.58891e+06,0
0,19,sync__set,GPU,2.58891e+06,2.58891e+06,0
0,19,sync__,GPU,2.58891e+06,2.58891e+06,0
0,19,moe_route,GPU,2.58891e+06,2.58891e+06,0
0,19,expert_FFN_0,GPU,2.58891e+06,2.58891e+06,0
0,19,gate_proj,GPU,2.58891e+06,2.58891e+06,0
0,19,Linear,Logic,2.58891e+06,2.58891e+06,0
0,19,activation,Logic,2.58891e+06,2.58891e+06,0
0,19,up_proj,GPU,2.58891e+06,2.58891e+06,0
0,19,Linear,Logic,2.58891e+06,2.58891e+06,0
0,19,down_proj,GPU,2.58891e+06,2.58891e+06,0
0,19,Linear,Logic,2.58891e+06,2.58891e+06,0
0,19,expert_FFN_1,GPU,2.58891e+06,2.63213e+06,43221.9
0,19,gate_proj,GPU,2.58891e+06,2.60331e+06,14403.8
0,19,Linear,Logic,2.58891e+06,2.60331e+06,14403.8
0,19,activation,Logic,2.60331e+06,2.60332e+06,10.5463
0,19,up_proj,GPU,2.60332e+06,2.61773e+06,14403.8
0,19,Linear,Logic,2.60332e+06,2.61773e+06,14403.8
0,19,down_proj,GPU,2.61773e+06,2.63213e+06,14403.8
0,19,Linear,Logic,2.61773e+06,2.63213e+06,14403.8
0,19,sync_2,GPU,2.63213e+06,2.63218e+06,48.2119
0,19,sync__set,GPU,2.63213e+06,2.63213e+06,0
0,19,sync__,GPU,2.63213e+06,2.63218e+06,48.2119
0,19,moe_all_reduce_for_e_tp,GPU,2.63218e+06,2.63218e+06,0
0,19,sync_3,GPU,2.63218e+06,2.63218e+06,0
0,19,sync__set,GPU,2.63218e+06,2.63218e+06,0
0,19,sync__,GPU,2.63218e+06,2.63218e+06,0
0,19,moe_gather,GPU,2.63218e+06,2.63218e+06,0
0,19,sync_for_moe_gather,GPU,2.63218e+06,2.63218e+06,0
0,19,sync__set,GPU,2.63218e+06,2.63218e+06,0
0,19,sync__,GPU,2.63218e+06,2.63218e+06,0
0,19,moe_all_reduce_for_gather,GPU,2.63218e+06,2.65051e+06,18327.7
0,19,sync_5,GPU,2.65051e+06,2.65051e+06,0
0,19,sync__set,GPU,2.65051e+06,2.65051e+06,0
0,19,sync__,GPU,2.65051e+06,2.65051e+06,0
0,19,sync_6,GPU,2.65051e+06,2.65051e+06,0
0,19,sync__set,GPU,2.65051e+06,2.65051e+06,0
0,19,sync__,GPU,2.65051e+06,2.65051e+06,0
0,19,residual_2,GPU,2.65051e+06,2.65054e+06,36.1589
0,20,MoE_decoder_20,GPU,2.65054e+06,2.78522e+06,134679
0,20,input_layer_norm,GPU,2.65054e+06,2.65058e+06,36.1589
0,20,attention,GPU,2.65058e+06,2.68027e+06,29690.1
0,20,attn_qkv_proj,GPU,2.65058e+06,2.65677e+06,6193.22
0,20,Linear,GPU,2.65058e+06,2.65677e+06,6193.22
0,20,self_attention,GPU,2.65677e+06,2.65781e+06,1035.05
0,20,AttentionSplit,GPU,2.65677e+06,2.65677e+06,0
0,20,AttentionSum,Logic,2.65677e+06,2.65677e+06,0
0,20,AttentionGen,Logic,2.65677e+06,2.65781e+06,1035.05
0,20,AttentionMerge,GPU,2.65781e+06,2.65781e+06,0
0,20,attn_o_proj,GPU,2.65781e+06,2.66194e+06,4134.17
0,20,Linear,GPU,2.65781e+06,2.66194e+06,4134.17
0,20,all_reduce,GPU,2.66194e+06,2.68027e+06,18327.7
0,20,residual_1,GPU,2.68027e+06,2.68031e+06,36.1589
0,20,post_attn_layer_norm,GPU,2.68031e+06,2.68034e+06,36.1589
0,20,expertFFN,GPU,2.68034e+06,2.78519e+06,104844
0,20,sync_0,GPU,2.68034e+06,2.68034e+06,0
0,20,sync__set,GPU,2.68034e+06,2.68034e+06,0
0,20,sync__,GPU,2.68034e+06,2.68034e+06,0
0,20,gate_fn,GPU,2.68034e+06,2.68039e+06,48.2433
0,20,Linear,GPU,2.68034e+06,2.68039e+06,48.2433
0,20,gate_update,GPU,2.68039e+06,2.68039e+06,0
0,20,moe_scatter,GPU,2.68039e+06,2.68039e+06,0
0,20,sync_for_moe_scatter,GPU,2.68039e+06,2.68039e+06,0
0,20,sync__set,GPU,2.68039e+06,2.68039e+06,0
0,20,sync__,GPU,2.68039e+06,2.68039e+06,0
0,20,moe_route,GPU,2.68039e+06,2.68039e+06,0
0,20,expert_FFN_0,GPU,2.68039e+06,2.68039e+06,0
0,20,gate_proj,GPU,2.68039e+06,2.68039e+06,0
0,20,Linear,Logic,2.68039e+06,2.68039e+06,0
0,20,activation,Logic,2.68039e+06,2.68039e+06,0
0,20,up_proj,GPU,2.68039e+06,2.68039e+06,0
0,20,Linear,Logic,2.68039e+06,2.68039e+06,0
0,20,down_proj,GPU,2.68039e+06,2.68039e+06,0
0,20,Linear,Logic,2.68039e+06,2.68039e+06,0
0,20,expert_FFN_1,GPU,2.68039e+06,2.72361e+06,43221.9
0,20,gate_proj,GPU,2.68039e+06,2.69479e+06,14403.8
0,20,Linear,Logic,2.68039e+06,2.69479e+06,14403.8
0,20,activation,Logic,2.69479e+06,2.69481e+06,10.5463
0,20,up_proj,GPU,2.69481e+06,2.70921e+06,14403.8
0,20,Linear,Logic,2.69481e+06,2.70921e+06,14403.8
0,20,down_proj,GPU,2.70921e+06,2.72361e+06,14403.8
0,20,Linear,Logic,2.70921e+06,2.72361e+06,14403.8
0,20,sync_2,GPU,2.72361e+06,2.76686e+06,43246
0,20,sync__set,GPU,2.72361e+06,2.72361e+06,0
0,20,sync__,GPU,2.72361e+06,2.76686e+06,43246
0,20,moe_all_reduce_for_e_tp,GPU,2.76686e+06,2.76686e+06,0
0,20,sync_3,GPU,2.76686e+06,2.76686e+06,0
0,20,sync__set,GPU,2.76686e+06,2.76686e+06,0
0,20,sync__,GPU,2.76686e+06,2.76686e+06,0
0,20,moe_gather,GPU,2.76686e+06,2.76686e+06,0
0,20,sync_for_moe_gather,GPU,2.76686e+06,2.76686e+06,0
0,20,sync__set,GPU,2.76686e+06,2.76686e+06,0
0,20,sync__,GPU,2.76686e+06,2.76686e+06,0
0,20,moe_all_reduce_for_gather,GPU,2.76686e+06,2.78519e+06,18327.7
0,20,sync_5,GPU,2.78519e+06,2.78519e+06,0
0,20,sync__set,GPU,2.78519e+06,2.78519e+06,0
0,20,sync__,GPU,2.78519e+06,2.78519e+06,0
0,20,sync_6,GPU,2.78519e+06,2.78519e+06,0
0,20,sync__set,GPU,2.78519e+06,2.78519e+06,0
0,20,sync__,GPU,2.78519e+06,2.78519e+06,0
0,20,residual_2,GPU,2.78519e+06,2.78522e+06,36.1589
0,21,MoE_decoder_21,GPU,2.78522e+06,2.91995e+06,134727
0,21,input_layer_norm,GPU,2.78522e+06,2.78526e+06,36.1589
0,21,attention,GPU,2.78526e+06,2.81495e+06,29690.1
0,21,attn_qkv_proj,GPU,2.78526e+06,2.79145e+06,6193.22
0,21,Linear,GPU,2.78526e+06,2.79145e+06,6193.22
0,21,self_attention,GPU,2.79145e+06,2.79249e+06,1035.05
0,21,AttentionSplit,GPU,2.79145e+06,2.79145e+06,0
0,21,AttentionSum,Logic,2.79145e+06,2.79145e+06,0
0,21,AttentionGen,Logic,2.79145e+06,2.79249e+06,1035.05
0,21,AttentionMerge,GPU,2.79249e+06,2.79249e+06,0
0,21,attn_o_proj,GPU,2.79249e+06,2.79662e+06,4134.17
0,21,Linear,GPU,2.79249e+06,2.79662e+06,4134.17
0,21,all_reduce,GPU,2.79662e+06,2.81495e+06,18327.7
0,21,residual_1,GPU,2.81495e+06,2.81499e+06,36.1589
0,21,post_attn_layer_norm,GPU,2.81499e+06,2.81502e+06,36.1589
0,21,expertFFN,GPU,2.81502e+06,2.91991e+06,104892
0,21,sync_0,GPU,2.81502e+06,2.81502e+06,0
0,21,sync__set,GPU,2.81502e+06,2.81502e+06,0
0,21,sync__,GPU,2.81502e+06,2.81502e+06,0
0,21,gate_fn,GPU,2.81502e+06,2.81507e+06,48.2433
0,21,Linear,GPU,2.81502e+06,2.81507e+06,48.2433
0,21,gate_update,GPU,2.81507e+06,2.81507e+06,0
0,21,moe_scatter,GPU,2.81507e+06,2.81507e+06,0
0,21,sync_for_moe_scatter,GPU,2.81507e+06,2.81507e+06,0
0,21,sync__set,GPU,2.81507e+06,2.81507e+06,0
0,21,sync__,GPU,2.81507e+06,2.81507e+06,0
0,21,moe_route,GPU,2.81507e+06,2.81507e+06,0
0,21,expert_FFN_0,GPU,2.81507e+06,2.81507e+06,0
0,21,gate_proj,GPU,2.81507e+06,2.81507e+06,0
0,21,Linear,Logic,2.81507e+06,2.81507e+06,0
0,21,activation,Logic,2.81507e+06,2.81507e+06,0
0,21,up_proj,GPU,2.81507e+06,2.81507e+06,0
0,21,Linear,Logic,2.81507e+06,2.81507e+06,0
0,21,down_proj,GPU,2.81507e+06,2.81507e+06,0
0,21,Linear,Logic,2.81507e+06,2.81507e+06,0
0,21,expert_FFN_1,GPU,2.81507e+06,2.81507e+06,0
0,21,gate_proj,GPU,2.81507e+06,2.81507e+06,0
0,21,Linear,Logic,2.81507e+06,2.81507e+06,0
0,21,activation,Logic,2.81507e+06,2.81507e+06,0
0,21,up_proj,GPU,2.81507e+06,2.81507e+06,0
0,21,Linear,Logic,2.81507e+06,2.81507e+06,0
0,21,down_proj,GPU,2.81507e+06,2.81507e+06,0
0,21,Linear,Logic,2.81507e+06,2.81507e+06,0
0,21,sync_2,GPU,2.81507e+06,2.90159e+06,86516.2
0,21,sync__set,GPU,2.81507e+06,2.81507e+06,0
0,21,sync__,GPU,2.81507e+06,2.90159e+06,86516.2
0,21,moe_all_reduce_for_e_tp,GPU,2.90159e+06,2.90159e+06,0
0,21,sync_3,GPU,2.90159e+06,2.90159e+06,0
0,21,sync__set,GPU,2.90159e+06,2.90159e+06,0
0,21,sync__,GPU,2.90159e+06,2.90159e+06,0
0,21,moe_gather,GPU,2.90159e+06,2.90159e+06,0
0,21,sync_for_moe_gather,GPU,2.90159e+06,2.90159e+06,0
0,21,sync__set,GPU,2.90159e+06,2.90159e+06,0
0,21,sync__,GPU,2.90159e+06,2.90159e+06,0
0,21,moe_all_reduce_for_gather,GPU,2.90159e+06,2.91991e+06,18327.7
0,21,sync_5,GPU,2.91991e+06,2.91991e+06,0
0,21,sync__set,GPU,2.91991e+06,2.91991e+06,0
0,21,sync__,GPU,2.91991e+06,2.91991e+06,0
0,21,sync_6,GPU,2.91991e+06,2.91991e+06,0
0,21,sync__set,GPU,2.91991e+06,2.91991e+06,0
0,21,sync__,GPU,2.91991e+06,2.91991e+06,0
0,21,residual_2,GPU,2.91991e+06,2.91995e+06,36.1589
0,22,MoE_decoder_22,GPU,2.91995e+06,3.01143e+06,91480.8
0,22,input_layer_norm,GPU,2.91995e+06,2.91999e+06,36.1589
0,22,attention,GPU,2.91999e+06,2.94968e+06,29690.1
0,22,attn_qkv_proj,GPU,2.91999e+06,2.92618e+06,6193.22
0,22,Linear,GPU,2.91999e+06,2.92618e+06,6193.22
0,22,self_attention,GPU,2.92618e+06,2.92721e+06,1035.05
0,22,AttentionSplit,GPU,2.92618e+06,2.92618e+06,0
0,22,AttentionSum,Logic,2.92618e+06,2.92618e+06,0
0,22,AttentionGen,Logic,2.92618e+06,2.92721e+06,1035.05
0,22,AttentionMerge,GPU,2.92721e+06,2.92721e+06,0
0,22,attn_o_proj,GPU,2.92721e+06,2.93135e+06,4134.17
0,22,Linear,GPU,2.92721e+06,2.93135e+06,4134.17
0,22,all_reduce,GPU,2.93135e+06,2.94968e+06,18327.7
0,22,residual_1,GPU,2.94968e+06,2.94971e+06,36.1589
0,22,post_attn_layer_norm,GPU,2.94971e+06,2.94975e+06,36.1589
0,22,expertFFN,GPU,2.94975e+06,3.01139e+06,61646.1
0,22,sync_0,GPU,2.94975e+06,2.94975e+06,0
0,22,sync__set,GPU,2.94975e+06,2.94975e+06,0
0,22,sync__,GPU,2.94975e+06,2.94975e+06,0
0,22,gate_fn,GPU,2.94975e+06,2.9498e+06,48.2433
0,22,Linear,GPU,2.94975e+06,2.9498e+06,48.2433
0,22,gate_update,GPU,2.9498e+06,2.9498e+06,0
0,22,moe_scatter,GPU,2.9498e+06,2.9498e+06,0
0,22,sync_for_moe_scatter,GPU,2.9498e+06,2.9498e+06,0
0,22,sync__set,GPU,2.9498e+06,2.9498e+06,0
0,22,sync__,GPU,2.9498e+06,2.9498e+06,0
0,22,moe_route,GPU,2.9498e+06,2.9498e+06,0
0,22,expert_FFN_0,GPU,2.9498e+06,2.9498e+06,0
0,22,gate_proj,GPU,2.9498e+06,2.9498e+06,0
0,22,Linear,Logic,2.9498e+06,2.9498e+06,0
0,22,activation,Logic,2.9498e+06,2.9498e+06,0
0,22,up_proj,GPU,2.9498e+06,2.9498e+06,0
0,22,Linear,Logic,2.9498e+06,2.9498e+06,0
0,22,down_proj,GPU,2.9498e+06,2.9498e+06,0
0,22,Linear,Logic,2.9498e+06,2.9498e+06,0
0,22,expert_FFN_1,GPU,2.9498e+06,2.99307e+06,43270.2
0,22,gate_proj,GPU,2.9498e+06,2.96421e+06,14412.8
0,22,Linear,Logic,2.9498e+06,2.96421e+06,14412.8
0,22,activation,Logic,2.96421e+06,2.96424e+06,31.639
0,22,up_proj,GPU,2.96424e+06,2.97865e+06,14412.8
0,22,Linear,Logic,2.96424e+06,2.97865e+06,14412.8
0,22,down_proj,GPU,2.97865e+06,2.99307e+06,14412.8
0,22,Linear,Logic,2.97865e+06,2.99307e+06,14412.8
0,22,sync_2,GPU,2.99307e+06,2.99307e+06,0
0,22,sync__set,GPU,2.99307e+06,2.99307e+06,0
0,22,sync__,GPU,2.99307e+06,2.99307e+06,0
0,22,moe_all_reduce_for_e_tp,GPU,2.99307e+06,2.99307e+06,0
0,22,sync_3,GPU,2.99307e+06,2.99307e+06,0
0,22,sync__set,GPU,2.99307e+06,2.99307e+06,0
0,22,sync__,GPU,2.99307e+06,2.99307e+06,0
0,22,moe_gather,GPU,2.99307e+06,2.99307e+06,0
0,22,sync_for_moe_gather,GPU,2.99307e+06,2.99307e+06,0
0,22,sync__set,GPU,2.99307e+06,2.99307e+06,0
0,22,sync__,GPU,2.99307e+06,2.99307e+06,0
0,22,moe_all_reduce_for_gather,GPU,2.99307e+06,3.01139e+06,18327.7
0,22,sync_5,GPU,3.01139e+06,3.01139e+06,0
0,22,sync__set,GPU,3.01139e+06,3.01139e+06,0
0,22,sync__,GPU,3.01139e+06,3.01139e+06,0
0,22,sync_6,GPU,3.01139e+06,3.01139e+06,0
0,22,sync__set,GPU,3.01139e+06,3.01139e+06,0
0,22,sync__,GPU,3.01139e+06,3.01139e+06,0
0,22,residual_2,GPU,3.01139e+06,3.01143e+06,36.1589
0,23,MoE_decoder_23,GPU,3.01143e+06,3.14611e+06,134679
0,23,input_layer_norm,GPU,3.01143e+06,3.01147e+06,36.1589
0,23,attention,GPU,3.01147e+06,3.04116e+06,29690.1
0,23,attn_qkv_proj,GPU,3.01147e+06,3.01766e+06,6193.22
0,23,Linear,GPU,3.01147e+06,3.01766e+06,6193.22
0,23,self_attention,GPU,3.01766e+06,3.01869e+06,1035.05
0,23,AttentionSplit,GPU,3.01766e+06,3.01766e+06,0
0,23,AttentionSum,Logic,3.01766e+06,3.01766e+06,0
0,23,AttentionGen,Logic,3.01766e+06,3.01869e+06,1035.05
0,23,AttentionMerge,GPU,3.01869e+06,3.01869e+06,0
0,23,attn_o_proj,GPU,3.01869e+06,3.02283e+06,4134.17
0,23,Linear,GPU,3.01869e+06,3.02283e+06,4134.17
0,23,all_reduce,GPU,3.02283e+06,3.04116e+06,18327.7
0,23,residual_1,GPU,3.04116e+06,3.04119e+06,36.1589
0,23,post_attn_layer_norm,GPU,3.04119e+06,3.04123e+06,36.1589
0,23,expertFFN,GPU,3.04123e+06,3.14607e+06,104844
0,23,sync_0,GPU,3.04123e+06,3.04123e+06,0
0,23,sync__set,GPU,3.04123e+06,3.04123e+06,0
0,23,sync__,GPU,3.04123e+06,3.04123e+06,0
0,23,gate_fn,GPU,3.04123e+06,3.04128e+06,48.2433
0,23,Linear,GPU,3.04123e+06,3.04128e+06,48.2433
0,23,gate_update,GPU,3.04128e+06,3.04128e+06,0
0,23,moe_scatter,GPU,3.04128e+06,3.04128e+06,0
0,23,sync_for_moe_scatter,GPU,3.04128e+06,3.04128e+06,0
0,23,sync__set,GPU,3.04128e+06,3.04128e+06,0
0,23,sync__,GPU,3.04128e+06,3.04128e+06,0
0,23,moe_route,GPU,3.04128e+06,3.04128e+06,0
0,23,expert_FFN_0,GPU,3.04128e+06,3.0845e+06,43221.9
0,23,gate_proj,GPU,3.04128e+06,3.05568e+06,14403.8
0,23,Linear,Logic,3.04128e+06,3.05568e+06,14403.8
0,23,activation,Logic,3.05568e+06,3.05569e+06,10.5463
0,23,up_proj,GPU,3.05569e+06,3.0701e+06,14403.8
0,23,Linear,Logic,3.05569e+06,3.0701e+06,14403.8
0,23,down_proj,GPU,3.0701e+06,3.0845e+06,14403.8
0,23,Linear,Logic,3.0701e+06,3.0845e+06,14403.8
0,23,expert_FFN_1,GPU,3.0845e+06,3.0845e+06,0
0,23,gate_proj,GPU,3.0845e+06,3.0845e+06,0
0,23,Linear,Logic,3.0845e+06,3.0845e+06,0
0,23,activation,Logic,3.0845e+06,3.0845e+06,0
0,23,up_proj,GPU,3.0845e+06,3.0845e+06,0
0,23,Linear,Logic,3.0845e+06,3.0845e+06,0
0,23,down_proj,GPU,3.0845e+06,3.0845e+06,0
0,23,Linear,Logic,3.0845e+06,3.0845e+06,0
0,23,sync_2,GPU,3.0845e+06,3.12775e+06,43246
0,23,sync__set,GPU,3.0845e+06,3.0845e+06,0
0,23,sync__,GPU,3.0845e+06,3.12775e+06,43246
0,23,moe_all_reduce_for_e_tp,GPU,3.12775e+06,3.12775e+06,0
0,23,sync_3,GPU,3.12775e+06,3.12775e+06,0
0,23,sync__set,GPU,3.12775e+06,3.12775e+06,0
0,23,sync__,GPU,3.12775e+06,3.12775e+06,0
0,23,moe_gather,GPU,3.12775e+06,3.12775e+06,0
0,23,sync_for_moe_gather,GPU,3.12775e+06,3.12775e+06,0
0,23,sync__set,GPU,3.12775e+06,3.12775e+06,0
0,23,sync__,GPU,3.12775e+06,3.12775e+06,0
0,23,moe_all_reduce_for_gather,GPU,3.12775e+06,3.14607e+06,18327.7
0,23,sync_5,GPU,3.14607e+06,3.14607e+06,0
0,23,sync__set,GPU,3.14607e+06,3.14607e+06,0
0,23,sync__,GPU,3.14607e+06,3.14607e+06,0
0,23,sync_6,GPU,3.14607e+06,3.14607e+06,0
0,23,sync__set,GPU,3.14607e+06,3.14607e+06,0
0,23,sync__,GPU,3.14607e+06,3.14607e+06,0
0,23,residual_2,GPU,3.14607e+06,3.14611e+06,36.1589
0,24,MoE_decoder_24,GPU,3.14611e+06,3.28079e+06,134679
0,24,input_layer_norm,GPU,3.14611e+06,3.14615e+06,36.1589
0,24,attention,GPU,3.14615e+06,3.17584e+06,29690.1
0,24,attn_qkv_proj,GPU,3.14615e+06,3.15234e+06,6193.22
0,24,Linear,GPU,3.14615e+06,3.15234e+06,6193.22
0,24,self_attention,GPU,3.15234e+06,3.15337e+06,1035.05
0,24,AttentionSplit,GPU,3.15234e+06,3.15234e+06,0
0,24,AttentionSum,Logic,3.15234e+06,3.15234e+06,0
0,24,AttentionGen,Logic,3.15234e+06,3.15337e+06,1035.05
0,24,AttentionMerge,GPU,3.15337e+06,3.15337e+06,0
0,24,attn_o_proj,GPU,3.15337e+06,3.15751e+06,4134.17
0,24,Linear,GPU,3.15337e+06,3.15751e+06,4134.17
0,24,all_reduce,GPU,3.15751e+06,3.17584e+06,18327.7
0,24,residual_1,GPU,3.17584e+06,3.17587e+06,36.1589
0,24,post_attn_layer_norm,GPU,3.17587e+06,3.17591e+06,36.1589
0,24,expertFFN,GPU,3.17591e+06,3.28075e+06,104844
0,24,sync_0,GPU,3.17591e+06,3.17591e+06,0
0,24,sync__set,GPU,3.17591e+06,3.17591e+06,0
0,24,sync__,GPU,3.17591e+06,3.17591e+06,0
0,24,gate_fn,GPU,3.17591e+06,3.17596e+06,48.2433
0,24,Linear,GPU,3.17591e+06,3.17596e+06,48.2433
0,24,gate_update,GPU,3.17596e+06,3.17596e+06,0
0,24,moe_scatter,GPU,3.17596e+06,3.17596e+06,0
0,24,sync_for_moe_scatter,GPU,3.17596e+06,3.17596e+06,0
0,24,sync__set,GPU,3.17596e+06,3.17596e+06,0
0,24,sync__,GPU,3.17596e+06,3.17596e+06,0
0,24,moe_route,GPU,3.17596e+06,3.17596e+06,0
0,24,expert_FFN_0,GPU,3.17596e+06,3.21918e+06,43221.9
0,24,gate_proj,GPU,3.17596e+06,3.19036e+06,14403.8
0,24,Linear,Logic,3.17596e+06,3.19036e+06,14403.8
0,24,activation,Logic,3.19036e+06,3.19037e+06,10.5463
0,24,up_proj,GPU,3.19037e+06,3.20477e+06,14403.8
0,24,Linear,Logic,3.19037e+06,3.20477e+06,14403.8
0,24,down_proj,GPU,3.20477e+06,3.21918e+06,14403.8
0,24,Linear,Logic,3.20477e+06,3.21918e+06,14403.8
0,24,expert_FFN_1,GPU,3.21918e+06,3.2624e+06,43221.9
0,24,gate_proj,GPU,3.21918e+06,3.23358e+06,14403.8
0,24,Linear,Logic,3.21918e+06,3.23358e+06,14403.8
0,24,activation,Logic,3.23358e+06,3.23359e+06,10.5463
0,24,up_proj,GPU,3.23359e+06,3.248e+06,14403.8
0,24,Linear,Logic,3.23359e+06,3.248e+06,14403.8
0,24,down_proj,GPU,3.248e+06,3.2624e+06,14403.8
0,24,Linear,Logic,3.248e+06,3.2624e+06,14403.8
0,24,sync_2,GPU,3.2624e+06,3.26242e+06,24.1059
0,24,sync__set,GPU,3.2624e+06,3.2624e+06,0
0,24,sync__,GPU,3.2624e+06,3.26242e+06,24.1059
0,24,moe_all_reduce_for_e_tp,GPU,3.26242e+06,3.26242e+06,0
0,24,sync_3,GPU,3.26242e+06,3.26242e+06,0
0,24,sync__set,GPU,3.26242e+06,3.26242e+06,0
0,24,sync__,GPU,3.26242e+06,3.26242e+06,0
0,24,moe_gather,GPU,3.26242e+06,3.26242e+06,0
0,24,sync_for_moe_gather,GPU,3.26242e+06,3.26242e+06,0
0,24,sync__set,GPU,3.26242e+06,3.26242e+06,0
0,24,sync__,GPU,3.26242e+06,3.26242e+06,0
0,24,moe_all_reduce_for_gather,GPU,3.26242e+06,3.28075e+06,18327.7
0,24,sync_5,GPU,3.28075e+06,3.28075e+06,0
0,24,sync__set,GPU,3.28075e+06,3.28075e+06,0
0,24,sync__,GPU,3.28075e+06,3.28075e+06,0
0,24,sync_6,GPU,3.28075e+06,3.28075e+06,0
0,24,sync__set,GPU,3.28075e+06,3.28075e+06,0
0,24,sync__,GPU,3.28075e+06,3.28075e+06,0
0,24,residual_2,GPU,3.28075e+06,3.28079e+06,36.1589
0,25,MoE_decoder_25,GPU,3.28079e+06,3.41551e+06,134727
0,25,input_layer_norm,GPU,3.28079e+06,3.28082e+06,36.1589
0,25,attention,GPU,3.28082e+06,3.31051e+06,29690.1
0,25,attn_qkv_proj,GPU,3.28082e+06,3.28702e+06,6193.22
0,25,Linear,GPU,3.28082e+06,3.28702e+06,6193.22
0,25,self_attention,GPU,3.28702e+06,3.28805e+06,1035.05
0,25,AttentionSplit,GPU,3.28702e+06,3.28702e+06,0
0,25,AttentionSum,Logic,3.28702e+06,3.28702e+06,0
0,25,AttentionGen,Logic,3.28702e+06,3.28805e+06,1035.05
0,25,AttentionMerge,GPU,3.28805e+06,3.28805e+06,0
0,25,attn_o_proj,GPU,3.28805e+06,3.29219e+06,4134.17
0,25,Linear,GPU,3.28805e+06,3.29219e+06,4134.17
0,25,all_reduce,GPU,3.29219e+06,3.31051e+06,18327.7
0,25,residual_1,GPU,3.31051e+06,3.31055e+06,36.1589
0,25,post_attn_layer_norm,GPU,3.31055e+06,3.31059e+06,36.1589
0,25,expertFFN,GPU,3.31059e+06,3.41548e+06,104892
0,25,sync_0,GPU,3.31059e+06,3.31059e+06,0
0,25,sync__set,GPU,3.31059e+06,3.31059e+06,0
0,25,sync__,GPU,3.31059e+06,3.31059e+06,0
0,25,gate_fn,GPU,3.31059e+06,3.31063e+06,48.2433
0,25,Linear,GPU,3.31059e+06,3.31063e+06,48.2433
0,25,gate_update,GPU,3.31063e+06,3.31063e+06,0
0,25,moe_scatter,GPU,3.31063e+06,3.31063e+06,0
0,25,sync_for_moe_scatter,GPU,3.31063e+06,3.31063e+06,0
0,25,sync__set,GPU,3.31063e+06,3.31063e+06,0
0,25,sync__,GPU,3.31063e+06,3.31063e+06,0
0,25,moe_route,GPU,3.31063e+06,3.31063e+06,0
0,25,expert_FFN_0,GPU,3.31063e+06,3.35386e+06,43221.9
0,25,gate_proj,GPU,3.31063e+06,3.32504e+06,14403.8
0,25,Linear,Logic,3.31063e+06,3.32504e+06,14403.8
0,25,activation,Logic,3.32504e+06,3.32505e+06,10.5463
0,25,up_proj,GPU,3.32505e+06,3.33945e+06,14403.8
0,25,Linear,Logic,3.32505e+06,3.33945e+06,14403.8
0,25,down_proj,GPU,3.33945e+06,3.35386e+06,14403.8
0,25,Linear,Logic,3.33945e+06,3.35386e+06,14403.8
0,25,expert_FFN_1,GPU,3.35386e+06,3.35386e+06,0
0,25,gate_proj,GPU,3.35386e+06,3.35386e+06,0
0,25,Linear,Logic,3.35386e+06,3.35386e+06,0
0,25,activation,Logic,3.35386e+06,3.35386e+06,0
0,25,up_proj,GPU,3.35386e+06,3.35386e+06,0
0,25,Linear,Logic,3.35386e+06,3.35386e+06,0
0,25,down_proj,GPU,3.35386e+06,3.35386e+06,0
0,25,Linear,Logic,3.35386e+06,3.35386e+06,0
0,25,sync_2,GPU,3.35386e+06,3.39715e+06,43294.3
0,25,sync__set,GPU,3.35386e+06,3.35386e+06,0
0,25,sync__,GPU,3.35386e+06,3.39715e+06,43294.3
0,25,moe_all_reduce_for_e_tp,GPU,3.39715e+06,3.39715e+06,0
0,25,sync_3,GPU,3.39715e+06,3.39715e+06,0
0,25,sync__set,GPU,3.39715e+06,3.39715e+06,0
0,25,sync__,GPU,3.39715e+06,3.39715e+06,0
0,25,moe_gather,GPU,3.39715e+06,3.39715e+06,0
0,25,sync_for_moe_gather,GPU,3.39715e+06,3.39715e+06,0
0,25,sync__set,GPU,3.39715e+06,3.39715e+06,0
0,25,sync__,GPU,3.39715e+06,3.39715e+06,0
0,25,moe_all_reduce_for_gather,GPU,3.39715e+06,3.41548e+06,18327.7
0,25,sync_5,GPU,3.41548e+06,3.41548e+06,0
0,25,sync__set,GPU,3.41548e+06,3.41548e+06,0
0,25,sync__,GPU,3.41548e+06,3.41548e+06,0
0,25,sync_6,GPU,3.41548e+06,3.41548e+06,0
0,25,sync__set,GPU,3.41548e+06,3.41548e+06,0
0,25,sync__,GPU,3.41548e+06,3.41548e+06,0
0,25,residual_2,GPU,3.41548e+06,3.41551e+06,36.1589
0,26,MoE_decoder_26,GPU,3.41551e+06,3.55022e+06,134703
0,26,input_layer_norm,GPU,3.41551e+06,3.41555e+06,36.1589
0,26,attention,GPU,3.41555e+06,3.44524e+06,29690.1
0,26,attn_qkv_proj,GPU,3.41555e+06,3.42174e+06,6193.22
0,26,Linear,GPU,3.41555e+06,3.42174e+06,6193.22
0,26,self_attention,GPU,3.42174e+06,3.42278e+06,1035.05
0,26,AttentionSplit,GPU,3.42174e+06,3.42174e+06,0
0,26,AttentionSum,Logic,3.42174e+06,3.42174e+06,0
0,26,AttentionGen,Logic,3.42174e+06,3.42278e+06,1035.05
0,26,AttentionMerge,GPU,3.42278e+06,3.42278e+06,0
0,26,attn_o_proj,GPU,3.42278e+06,3.42691e+06,4134.17
0,26,Linear,GPU,3.42278e+06,3.42691e+06,4134.17
0,26,all_reduce,GPU,3.42691e+06,3.44524e+06,18327.7
0,26,residual_1,GPU,3.44524e+06,3.44528e+06,36.1589
0,26,post_attn_layer_norm,GPU,3.44528e+06,3.44531e+06,36.1589
0,26,expertFFN,GPU,3.44531e+06,3.55018e+06,104868
0,26,sync_0,GPU,3.44531e+06,3.44531e+06,0
0,26,sync__set,GPU,3.44531e+06,3.44531e+06,0
0,26,sync__,GPU,3.44531e+06,3.44531e+06,0
0,26,gate_fn,GPU,3.44531e+06,3.44536e+06,48.2433
0,26,Linear,GPU,3.44531e+06,3.44536e+06,48.2433
0,26,gate_update,GPU,3.44536e+06,3.44536e+06,0
0,26,moe_scatter,GPU,3.44536e+06,3.44536e+06,0
0,26,sync_for_moe_scatter,GPU,3.44536e+06,3.44536e+06,0
0,26,sync__set,GPU,3.44536e+06,3.44536e+06,0
0,26,sync__,GPU,3.44536e+06,3.44536e+06,0
0,26,moe_route,GPU,3.44536e+06,3.44536e+06,0
0,26,expert_FFN_0,GPU,3.44536e+06,3.48861e+06,43246
0,26,gate_proj,GPU,3.44536e+06,3.45977e+06,14408.3
0,26,Linear,Logic,3.44536e+06,3.45977e+06,14408.3
0,26,activation,Logic,3.45977e+06,3.45979e+06,21.0927
0,26,up_proj,GPU,3.45979e+06,3.4742e+06,14408.3
0,26,Linear,Logic,3.45979e+06,3.4742e+06,14408.3
0,26,down_proj,GPU,3.4742e+06,3.48861e+06,14408.3
0,26,Linear,Logic,3.4742e+06,3.48861e+06,14408.3
0,26,expert_FFN_1,GPU,3.48861e+06,3.53185e+06,43246
0,26,gate_proj,GPU,3.48861e+06,3.50302e+06,14408.3
0,26,Linear,Logic,3.48861e+06,3.50302e+06,14408.3
0,26,activation,Logic,3.50302e+06,3.50304e+06,21.0927
0,26,up_proj,GPU,3.50304e+06,3.51745e+06,14408.3
0,26,Linear,Logic,3.50304e+06,3.51745e+06,14408.3
0,26,down_proj,GPU,3.51745e+06,3.53185e+06,14408.3
0,26,Linear,Logic,3.51745e+06,3.53185e+06,14408.3
0,26,sync_2,GPU,3.53185e+06,3.53185e+06,0
0,26,sync__set,GPU,3.53185e+06,3.53185e+06,0
0,26,sync__,GPU,3.53185e+06,3.53185e+06,0
0,26,moe_all_reduce_for_e_tp,GPU,3.53185e+06,3.53185e+06,0
0,26,sync_3,GPU,3.53185e+06,3.53185e+06,0
0,26,sync__set,GPU,3.53185e+06,3.53185e+06,0
0,26,sync__,GPU,3.53185e+06,3.53185e+06,0
0,26,moe_gather,GPU,3.53185e+06,3.53185e+06,0
0,26,sync_for_moe_gather,GPU,3.53185e+06,3.53185e+06,0
0,26,sync__set,GPU,3.53185e+06,3.53185e+06,0
0,26,sync__,GPU,3.53185e+06,3.53185e+06,0
0,26,moe_all_reduce_for_gather,GPU,3.53185e+06,3.55018e+06,18327.7
0,26,sync_5,GPU,3.55018e+06,3.55018e+06,0
0,26,sync__set,GPU,3.55018e+06,3.55018e+06,0
0,26,sync__,GPU,3.55018e+06,3.55018e+06,0
0,26,sync_6,GPU,3.55018e+06,3.55018e+06,0
0,26,sync__set,GPU,3.55018e+06,3.55018e+06,0
0,26,sync__,GPU,3.55018e+06,3.55018e+06,0
0,26,residual_2,GPU,3.55018e+06,3.55022e+06,36.1589
0,27,MoE_decoder_27,GPU,3.55022e+06,3.6849e+06,134679
0,27,input_layer_norm,GPU,3.55022e+06,3.55025e+06,36.1589
0,27,attention,GPU,3.55025e+06,3.57994e+06,29690.1
0,27,attn_qkv_proj,GPU,3.55025e+06,3.55645e+06,6193.22
0,27,Linear,GPU,3.55025e+06,3.55645e+06,6193.22
0,27,self_attention,GPU,3.55645e+06,3.55748e+06,1035.05
0,27,AttentionSplit,GPU,3.55645e+06,3.55645e+06,0
0,27,AttentionSum,Logic,3.55645e+06,3.55645e+06,0
0,27,AttentionGen,Logic,3.55645e+06,3.55748e+06,1035.05
0,27,AttentionMerge,GPU,3.55748e+06,3.55748e+06,0
0,27,attn_o_proj,GPU,3.55748e+06,3.56162e+06,4134.17
0,27,Linear,GPU,3.55748e+06,3.56162e+06,4134.17
0,27,all_reduce,GPU,3.56162e+06,3.57994e+06,18327.7
0,27,residual_1,GPU,3.57994e+06,3.57998e+06,36.1589
0,27,post_attn_layer_norm,GPU,3.57998e+06,3.58002e+06,36.1589
0,27,expertFFN,GPU,3.58002e+06,3.68486e+06,104844
0,27,sync_0,GPU,3.58002e+06,3.58002e+06,0
0,27,sync__set,GPU,3.58002e+06,3.58002e+06,0
0,27,sync__,GPU,3.58002e+06,3.58002e+06,0
0,27,gate_fn,GPU,3.58002e+06,3.58006e+06,48.2433
0,27,Linear,GPU,3.58002e+06,3.58006e+06,48.2433
0,27,gate_update,GPU,3.58006e+06,3.58006e+06,0
0,27,moe_scatter,GPU,3.58006e+06,3.58006e+06,0
0,27,sync_for_moe_scatter,GPU,3.58006e+06,3.58006e+06,0
0,27,sync__set,GPU,3.58006e+06,3.58006e+06,0
0,27,sync__,GPU,3.58006e+06,3.58006e+06,0
0,27,moe_route,GPU,3.58006e+06,3.58006e+06,0
0,27,expert_FFN_0,GPU,3.58006e+06,3.58006e+06,0
0,27,gate_proj,GPU,3.58006e+06,3.58006e+06,0
0,27,Linear,Logic,3.58006e+06,3.58006e+06,0
0,27,activation,Logic,3.58006e+06,3.58006e+06,0
0,27,up_proj,GPU,3.58006e+06,3.58006e+06,0
0,27,Linear,Logic,3.58006e+06,3.58006e+06,0
0,27,down_proj,GPU,3.58006e+06,3.58006e+06,0
0,27,Linear,Logic,3.58006e+06,3.58006e+06,0
0,27,expert_FFN_1,GPU,3.58006e+06,3.62329e+06,43221.9
0,27,gate_proj,GPU,3.58006e+06,3.59447e+06,14403.8
0,27,Linear,Logic,3.58006e+06,3.59447e+06,14403.8
0,27,activation,Logic,3.59447e+06,3.59448e+06,10.5463
0,27,up_proj,GPU,3.59448e+06,3.60888e+06,14403.8
0,27,Linear,Logic,3.59448e+06,3.60888e+06,14403.8
0,27,down_proj,GPU,3.60888e+06,3.62329e+06,14403.8
0,27,Linear,Logic,3.60888e+06,3.62329e+06,14403.8
0,27,sync_2,GPU,3.62329e+06,3.66653e+06,43246
0,27,sync__set,GPU,3.62329e+06,3.62329e+06,0
0,27,sync__,GPU,3.62329e+06,3.66653e+06,43246
0,27,moe_all_reduce_for_e_tp,GPU,3.66653e+06,3.66653e+06,0
0,27,sync_3,GPU,3.66653e+06,3.66653e+06,0
0,27,sync__set,GPU,3.66653e+06,3.66653e+06,0
0,27,sync__,GPU,3.66653e+06,3.66653e+06,0
0,27,moe_gather,GPU,3.66653e+06,3.66653e+06,0
0,27,sync_for_moe_gather,GPU,3.66653e+06,3.66653e+06,0
0,27,sync__set,GPU,3.66653e+06,3.66653e+06,0
0,27,sync__,GPU,3.66653e+06,3.66653e+06,0
0,27,moe_all_reduce_for_gather,GPU,3.66653e+06,3.68486e+06,18327.7
0,27,sync_5,GPU,3.68486e+06,3.68486e+06,0
0,27,sync__set,GPU,3.68486e+06,3.68486e+06,0
0,27,sync__,GPU,3.68486e+06,3.68486e+06,0
0,27,sync_6,GPU,3.68486e+06,3.68486e+06,0
0,27,sync__set,GPU,3.68486e+06,3.68486e+06,0
0,27,sync__,GPU,3.68486e+06,3.68486e+06,0
0,27,residual_2,GPU,3.68486e+06,3.6849e+06,36.1589
0,28,MoE_decoder_28,GPU,3.6849e+06,3.8196e+06,134703
0,28,input_layer_norm,GPU,3.6849e+06,3.68493e+06,36.1589
0,28,attention,GPU,3.68493e+06,3.71462e+06,29690.1
0,28,attn_qkv_proj,GPU,3.68493e+06,3.69113e+06,6193.22
0,28,Linear,GPU,3.68493e+06,3.69113e+06,6193.22
0,28,self_attention,GPU,3.69113e+06,3.69216e+06,1035.05
0,28,AttentionSplit,GPU,3.69113e+06,3.69113e+06,0
0,28,AttentionSum,Logic,3.69113e+06,3.69113e+06,0
0,28,AttentionGen,Logic,3.69113e+06,3.69216e+06,1035.05
0,28,AttentionMerge,GPU,3.69216e+06,3.69216e+06,0
0,28,attn_o_proj,GPU,3.69216e+06,3.69629e+06,4134.17
0,28,Linear,GPU,3.69216e+06,3.69629e+06,4134.17
0,28,all_reduce,GPU,3.69629e+06,3.71462e+06,18327.7
0,28,residual_1,GPU,3.71462e+06,3.71466e+06,36.1589
0,28,post_attn_layer_norm,GPU,3.71466e+06,3.71469e+06,36.1589
0,28,expertFFN,GPU,3.71469e+06,3.81956e+06,104868
0,28,sync_0,GPU,3.71469e+06,3.71469e+06,0
0,28,sync__set,GPU,3.71469e+06,3.71469e+06,0
0,28,sync__,GPU,3.71469e+06,3.71469e+06,0
0,28,gate_fn,GPU,3.71469e+06,3.71474e+06,48.2433
0,28,Linear,GPU,3.71469e+06,3.71474e+06,48.2433
0,28,gate_update,GPU,3.71474e+06,3.71474e+06,0
0,28,moe_scatter,GPU,3.71474e+06,3.71474e+06,0
0,28,sync_for_moe_scatter,GPU,3.71474e+06,3.71474e+06,0
0,28,sync__set,GPU,3.71474e+06,3.71474e+06,0
0,28,sync__,GPU,3.71474e+06,3.71474e+06,0
0,28,moe_route,GPU,3.71474e+06,3.71474e+06,0
0,28,expert_FFN_0,GPU,3.71474e+06,3.75796e+06,43221.9
0,28,gate_proj,GPU,3.71474e+06,3.72915e+06,14403.8
0,28,Linear,Logic,3.71474e+06,3.72915e+06,14403.8
0,28,activation,Logic,3.72915e+06,3.72916e+06,10.5463
0,28,up_proj,GPU,3.72916e+06,3.74356e+06,14403.8
0,28,Linear,Logic,3.72916e+06,3.74356e+06,14403.8
0,28,down_proj,GPU,3.74356e+06,3.75796e+06,14403.8
0,28,Linear,Logic,3.74356e+06,3.75796e+06,14403.8
0,28,expert_FFN_1,GPU,3.75796e+06,3.80119e+06,43221.9
0,28,gate_proj,GPU,3.75796e+06,3.77237e+06,14403.8
0,28,Linear,Logic,3.75796e+06,3.77237e+06,14403.8
0,28,activation,Logic,3.77237e+06,3.77238e+06,10.5463
0,28,up_proj,GPU,3.77238e+06,3.78678e+06,14403.8
0,28,Linear,Logic,3.77238e+06,3.78678e+06,14403.8
0,28,down_proj,GPU,3.78678e+06,3.80119e+06,14403.8
0,28,Linear,Logic,3.78678e+06,3.80119e+06,14403.8
0,28,sync_2,GPU,3.80119e+06,3.80123e+06,48.2119
0,28,sync__set,GPU,3.80119e+06,3.80119e+06,0
0,28,sync__,GPU,3.80119e+06,3.80123e+06,48.2119
0,28,moe_all_reduce_for_e_tp,GPU,3.80123e+06,3.80123e+06,0
0,28,sync_3,GPU,3.80123e+06,3.80123e+06,0
0,28,sync__set,GPU,3.80123e+06,3.80123e+06,0
0,28,sync__,GPU,3.80123e+06,3.80123e+06,0
0,28,moe_gather,GPU,3.80123e+06,3.80123e+06,0
0,28,sync_for_moe_gather,GPU,3.80123e+06,3.80123e+06,0
0,28,sync__set,GPU,3.80123e+06,3.80123e+06,0
0,28,sync__,GPU,3.80123e+06,3.80123e+06,0
0,28,moe_all_reduce_for_gather,GPU,3.80123e+06,3.81956e+06,18327.7
0,28,sync_5,GPU,3.81956e+06,3.81956e+06,0
0,28,sync__set,GPU,3.81956e+06,3.81956e+06,0
0,28,sync__,GPU,3.81956e+06,3.81956e+06,0
0,28,sync_6,GPU,3.81956e+06,3.81956e+06,0
0,28,sync__set,GPU,3.81956e+06,3.81956e+06,0
0,28,sync__,GPU,3.81956e+06,3.81956e+06,0
0,28,residual_2,GPU,3.81956e+06,3.8196e+06,36.1589
0,29,MoE_decoder_29,GPU,3.8196e+06,3.95428e+06,134679
0,29,input_layer_norm,GPU,3.8196e+06,3.81963e+06,36.1589
0,29,attention,GPU,3.81963e+06,3.84933e+06,29690.1
0,29,attn_qkv_proj,GPU,3.81963e+06,3.82583e+06,6193.22
0,29,Linear,GPU,3.81963e+06,3.82583e+06,6193.22
0,29,self_attention,GPU,3.82583e+06,3.82686e+06,1035.05
0,29,AttentionSplit,GPU,3.82583e+06,3.82583e+06,0
0,29,AttentionSum,Logic,3.82583e+06,3.82583e+06,0
0,29,AttentionGen,Logic,3.82583e+06,3.82686e+06,1035.05
0,29,AttentionMerge,GPU,3.82686e+06,3.82686e+06,0
0,29,attn_o_proj,GPU,3.82686e+06,3.831e+06,4134.17
0,29,Linear,GPU,3.82686e+06,3.831e+06,4134.17
0,29,all_reduce,GPU,3.831e+06,3.84933e+06,18327.7
0,29,residual_1,GPU,3.84933e+06,3.84936e+06,36.1589
0,29,post_attn_layer_norm,GPU,3.84936e+06,3.8494e+06,36.1589
0,29,expertFFN,GPU,3.8494e+06,3.95424e+06,104844
0,29,sync_0,GPU,3.8494e+06,3.8494e+06,0
0,29,sync__set,GPU,3.8494e+06,3.8494e+06,0
0,29,sync__,GPU,3.8494e+06,3.8494e+06,0
0,29,gate_fn,GPU,3.8494e+06,3.84945e+06,48.2433
0,29,Linear,GPU,3.8494e+06,3.84945e+06,48.2433
0,29,gate_update,GPU,3.84945e+06,3.84945e+06,0
0,29,moe_scatter,GPU,3.84945e+06,3.84945e+06,0
0,29,sync_for_moe_scatter,GPU,3.84945e+06,3.84945e+06,0
0,29,sync__set,GPU,3.84945e+06,3.84945e+06,0
0,29,sync__,GPU,3.84945e+06,3.84945e+06,0
0,29,moe_route,GPU,3.84945e+06,3.84945e+06,0
0,29,expert_FFN_0,GPU,3.84945e+06,3.89267e+06,43221.9
0,29,gate_proj,GPU,3.84945e+06,3.86385e+06,14403.8
0,29,Linear,Logic,3.84945e+06,3.86385e+06,14403.8
0,29,activation,Logic,3.86385e+06,3.86386e+06,10.5463
0,29,up_proj,GPU,3.86386e+06,3.87826e+06,14403.8
0,29,Linear,Logic,3.86386e+06,3.87826e+06,14403.8
0,29,down_proj,GPU,3.87826e+06,3.89267e+06,14403.8
0,29,Linear,Logic,3.87826e+06,3.89267e+06,14403.8
0,29,expert_FFN_1,GPU,3.89267e+06,3.89267e+06,0
0,29,gate_proj,GPU,3.89267e+06,3.89267e+06,0
0,29,Linear,Logic,3.89267e+06,3.89267e+06,0
0,29,activation,Logic,3.89267e+06,3.89267e+06,0
0,29,up_proj,GPU,3.89267e+06,3.89267e+06,0
0,29,Linear,Logic,3.89267e+06,3.89267e+06,0
0,29,down_proj,GPU,3.89267e+06,3.89267e+06,0
0,29,Linear,Logic,3.89267e+06,3.89267e+06,0
0,29,sync_2,GPU,3.89267e+06,3.93591e+06,43246
0,29,sync__set,GPU,3.89267e+06,3.89267e+06,0
0,29,sync__,GPU,3.89267e+06,3.93591e+06,43246
0,29,moe_all_reduce_for_e_tp,GPU,3.93591e+06,3.93591e+06,0
0,29,sync_3,GPU,3.93591e+06,3.93591e+06,0
0,29,sync__set,GPU,3.93591e+06,3.93591e+06,0
0,29,sync__,GPU,3.93591e+06,3.93591e+06,0
0,29,moe_gather,GPU,3.93591e+06,3.93591e+06,0
0,29,sync_for_moe_gather,GPU,3.93591e+06,3.93591e+06,0
0,29,sync__set,GPU,3.93591e+06,3.93591e+06,0
0,29,sync__,GPU,3.93591e+06,3.93591e+06,0
0,29,moe_all_reduce_for_gather,GPU,3.93591e+06,3.95424e+06,18327.7
0,29,sync_5,GPU,3.95424e+06,3.95424e+06,0
0,29,sync__set,GPU,3.95424e+06,3.95424e+06,0
0,29,sync__,GPU,3.95424e+06,3.95424e+06,0
0,29,sync_6,GPU,3.95424e+06,3.95424e+06,0
0,29,sync__set,GPU,3.95424e+06,3.95424e+06,0
0,29,sync__,GPU,3.95424e+06,3.95424e+06,0
0,29,residual_2,GPU,3.95424e+06,3.95428e+06,36.1589
0,30,MoE_decoder_30,GPU,3.95428e+06,4.08893e+06,134655
0,30,input_layer_norm,GPU,3.95428e+06,3.95431e+06,36.1589
0,30,attention,GPU,3.95431e+06,3.984e+06,29690.1
0,30,attn_qkv_proj,GPU,3.95431e+06,3.96051e+06,6193.22
0,30,Linear,GPU,3.95431e+06,3.96051e+06,6193.22
0,30,self_attention,GPU,3.96051e+06,3.96154e+06,1035.05
0,30,AttentionSplit,GPU,3.96051e+06,3.96051e+06,0
0,30,AttentionSum,Logic,3.96051e+06,3.96051e+06,0
0,30,AttentionGen,Logic,3.96051e+06,3.96154e+06,1035.05
0,30,AttentionMerge,GPU,3.96154e+06,3.96154e+06,0
0,30,attn_o_proj,GPU,3.96154e+06,3.96568e+06,4134.17
0,30,Linear,GPU,3.96154e+06,3.96568e+06,4134.17
0,30,all_reduce,GPU,3.96568e+06,3.984e+06,18327.7
0,30,residual_1,GPU,3.984e+06,3.98404e+06,36.1589
0,30,post_attn_layer_norm,GPU,3.98404e+06,3.98408e+06,36.1589
0,30,expertFFN,GPU,3.98408e+06,4.0889e+06,104820
0,30,sync_0,GPU,3.98408e+06,3.98408e+06,0
0,30,sync__set,GPU,3.98408e+06,3.98408e+06,0
0,30,sync__,GPU,3.98408e+06,3.98408e+06,0
0,30,gate_fn,GPU,3.98408e+06,3.98412e+06,48.2433
0,30,Linear,GPU,3.98408e+06,3.98412e+06,48.2433
0,30,gate_update,GPU,3.98412e+06,3.98412e+06,0
0,30,moe_scatter,GPU,3.98412e+06,3.98412e+06,0
0,30,sync_for_moe_scatter,GPU,3.98412e+06,3.98412e+06,0
0,30,sync__set,GPU,3.98412e+06,3.98412e+06,0
0,30,sync__,GPU,3.98412e+06,3.98412e+06,0
0,30,moe_route,GPU,3.98412e+06,3.98412e+06,0
0,30,expert_FFN_0,GPU,3.98412e+06,4.02737e+06,43246
0,30,gate_proj,GPU,3.98412e+06,3.99853e+06,14408.3
0,30,Linear,Logic,3.98412e+06,3.99853e+06,14408.3
0,30,activation,Logic,3.99853e+06,3.99855e+06,21.0927
0,30,up_proj,GPU,3.99855e+06,4.01296e+06,14408.3
0,30,Linear,Logic,3.99855e+06,4.01296e+06,14408.3
0,30,down_proj,GPU,4.01296e+06,4.02737e+06,14408.3
0,30,Linear,Logic,4.01296e+06,4.02737e+06,14408.3
0,30,expert_FFN_1,GPU,4.02737e+06,4.02737e+06,0
0,30,gate_proj,GPU,4.02737e+06,4.02737e+06,0
0,30,Linear,Logic,4.02737e+06,4.02737e+06,0
0,30,activation,Logic,4.02737e+06,4.02737e+06,0
0,30,up_proj,GPU,4.02737e+06,4.02737e+06,0
0,30,Linear,Logic,4.02737e+06,4.02737e+06,0
0,30,down_proj,GPU,4.02737e+06,4.02737e+06,0
0,30,Linear,Logic,4.02737e+06,4.02737e+06,0
0,30,sync_2,GPU,4.02737e+06,4.07057e+06,43197.8
0,30,sync__set,GPU,4.02737e+06,4.02737e+06,0
0,30,sync__,GPU,4.02737e+06,4.07057e+06,43197.8
0,30,moe_all_reduce_for_e_tp,GPU,4.07057e+06,4.07057e+06,0
0,30,sync_3,GPU,4.07057e+06,4.07057e+06,0
0,30,sync__set,GPU,4.07057e+06,4.07057e+06,0
0,30,sync__,GPU,4.07057e+06,4.07057e+06,0
0,30,moe_gather,GPU,4.07057e+06,4.07057e+06,0
0,30,sync_for_moe_gather,GPU,4.07057e+06,4.07057e+06,0
0,30,sync__set,GPU,4.07057e+06,4.07057e+06,0
0,30,sync__,GPU,4.07057e+06,4.07057e+06,0
0,30,moe_all_reduce_for_gather,GPU,4.07057e+06,4.0889e+06,18327.7
0,30,sync_5,GPU,4.0889e+06,4.0889e+06,0
0,30,sync__set,GPU,4.0889e+06,4.0889e+06,0
0,30,sync__,GPU,4.0889e+06,4.0889e+06,0
0,30,sync_6,GPU,4.0889e+06,4.0889e+06,0
0,30,sync__set,GPU,4.0889e+06,4.0889e+06,0
0,30,sync__,GPU,4.0889e+06,4.0889e+06,0
0,30,residual_2,GPU,4.0889e+06,4.08893e+06,36.1589
0,31,MoE_decoder_31,GPU,4.08893e+06,4.22363e+06,134703
0,31,input_layer_norm,GPU,4.08893e+06,4.08897e+06,36.1589
0,31,attention,GPU,4.08897e+06,4.11866e+06,29690.1
0,31,attn_qkv_proj,GPU,4.08897e+06,4.09516e+06,6193.22
0,31,Linear,GPU,4.08897e+06,4.09516e+06,6193.22
0,31,self_attention,GPU,4.09516e+06,4.0962e+06,1035.05
0,31,AttentionSplit,GPU,4.09516e+06,4.09516e+06,0
0,31,AttentionSum,Logic,4.09516e+06,4.09516e+06,0
0,31,AttentionGen,Logic,4.09516e+06,4.0962e+06,1035.05
0,31,AttentionMerge,GPU,4.0962e+06,4.0962e+06,0
0,31,attn_o_proj,GPU,4.0962e+06,4.10033e+06,4134.17
0,31,Linear,GPU,4.0962e+06,4.10033e+06,4134.17
0,31,all_reduce,GPU,4.10033e+06,4.11866e+06,18327.7
0,31,residual_1,GPU,4.11866e+06,4.11869e+06,36.1589
0,31,post_attn_layer_norm,GPU,4.11869e+06,4.11873e+06,36.1589
0,31,expertFFN,GPU,4.11873e+06,4.2236e+06,104868
0,31,sync_0,GPU,4.11873e+06,4.11873e+06,0
0,31,sync__set,GPU,4.11873e+06,4.11873e+06,0
0,31,sync__,GPU,4.11873e+06,4.11873e+06,0
0,31,gate_fn,GPU,4.11873e+06,4.11878e+06,48.2433
0,31,Linear,GPU,4.11873e+06,4.11878e+06,48.2433
0,31,gate_update,GPU,4.11878e+06,4.11878e+06,0
0,31,moe_scatter,GPU,4.11878e+06,4.11878e+06,0
0,31,sync_for_moe_scatter,GPU,4.11878e+06,4.11878e+06,0
0,31,sync__set,GPU,4.11878e+06,4.11878e+06,0
0,31,sync__,GPU,4.11878e+06,4.11878e+06,0
0,31,moe_route,GPU,4.11878e+06,4.11878e+06,0
0,31,expert_FFN_0,GPU,4.11878e+06,4.162e+06,43221.9
0,31,gate_proj,GPU,4.11878e+06,4.13318e+06,14403.8
0,31,Linear,Logic,4.11878e+06,4.13318e+06,14403.8
0,31,activation,Logic,4.13318e+06,4.13319e+06,10.5463
0,31,up_proj,GPU,4.13319e+06,4.1476e+06,14403.8
0,31,Linear,Logic,4.13319e+06,4.1476e+06,14403.8
0,31,down_proj,GPU,4.1476e+06,4.162e+06,14403.8
0,31,Linear,Logic,4.1476e+06,4.162e+06,14403.8
0,31,expert_FFN_1,GPU,4.162e+06,4.20522e+06,43221.9
0,31,gate_proj,GPU,4.162e+06,4.1764e+06,14403.8
0,31,Linear,Logic,4.162e+06,4.1764e+06,14403.8
0,31,activation,Logic,4.1764e+06,4.17642e+06,10.5463
0,31,up_proj,GPU,4.17642e+06,4.19082e+06,14403.8
0,31,Linear,Logic,4.17642e+06,4.19082e+06,14403.8
0,31,down_proj,GPU,4.19082e+06,4.20522e+06,14403.8
0,31,Linear,Logic,4.19082e+06,4.20522e+06,14403.8
0,31,sync_2,GPU,4.20522e+06,4.20527e+06,48.2119
0,31,sync__set,GPU,4.20522e+06,4.20522e+06,0
0,31,sync__,GPU,4.20522e+06,4.20527e+06,48.2119
0,31,moe_all_reduce_for_e_tp,GPU,4.20527e+06,4.20527e+06,0
0,31,sync_3,GPU,4.20527e+06,4.20527e+06,0
0,31,sync__set,GPU,4.20527e+06,4.20527e+06,0
0,31,sync__,GPU,4.20527e+06,4.20527e+06,0
0,31,moe_gather,GPU,4.20527e+06,4.20527e+06,0
0,31,sync_for_moe_gather,GPU,4.20527e+06,4.20527e+06,0
0,31,sync__set,GPU,4.20527e+06,4.20527e+06,0
0,31,sync__,GPU,4.20527e+06,4.20527e+06,0
0,31,moe_all_reduce_for_gather,GPU,4.20527e+06,4.2236e+06,18327.7
0,31,sync_5,GPU,4.2236e+06,4.2236e+06,0
0,31,sync__set,GPU,4.2236e+06,4.2236e+06,0
0,31,sync__,GPU,4.2236e+06,4.2236e+06,0
0,31,sync_6,GPU,4.2236e+06,4.2236e+06,0
0,31,sync__set,GPU,4.2236e+06,4.2236e+06,0
0,31,sync__,GPU,4.2236e+06,4.2236e+06,0
0,31,residual_2,GPU,4.2236e+06,4.22363e+06,36.1589
1,0,MoE_decoder_0,GPU,0,134679,134679
1,0,input_layer_norm,GPU,0,36.1589,36.1589
1,0,attention,GPU,36.1589,29726.3,29690.1
1,0,attn_qkv_proj,GPU,36.1589,6229.38,6193.22
1,0,Linear,GPU,36.1589,6229.38,6193.22
1,0,self_attention,GPU,6229.38,7264.42,1035.05
1,0,AttentionSplit,GPU,6229.38,6229.38,0
1,0,AttentionSum,Logic,6229.38,6229.38,0
1,0,AttentionGen,Logic,6229.38,7264.42,1035.05
1,0,AttentionMerge,GPU,7264.42,7264.42,0
1,0,attn_o_proj,GPU,7264.42,11398.6,4134.17
1,0,Linear,GPU,7264.42,11398.6,4134.17
1,0,all_reduce,GPU,11398.6,29726.3,18327.7
1,0,residual_1,GPU,29726.3,29762.4,36.1589
1,0,post_attn_layer_norm,GPU,29762.4,29798.6,36.1589
1,0,expertFFN,GPU,29798.6,134642,104844
1,0,sync_0,GPU,29798.6,29798.6,0
1,0,sync__set,GPU,29798.6,29798.6,0
1,0,sync__,GPU,29798.6,29798.6,0
1,0,gate_fn,GPU,29798.6,29846.8,48.2433
1,0,Linear,GPU,29798.6,29846.8,48.2433
1,0,gate_update,GPU,29846.8,29846.8,0
1,0,moe_scatter,GPU,29846.8,29846.8,0
1,0,sync_for_moe_scatter,GPU,29846.8,29846.8,0
1,0,sync__set,GPU,29846.8,29846.8,0
1,0,sync__,GPU,29846.8,29846.8,0
1,0,moe_route,GPU,29846.8,29846.8,0
1,0,expert_FFN_2,GPU,29846.8,73092.9,43246
1,0,gate_proj,GPU,29846.8,44255.2,14408.3
1,0,Linear,Logic,29846.8,44255.2,14408.3
1,0,activation,Logic,44255.2,44276.2,21.0927
1,0,up_proj,GPU,44276.2,58684.6,14408.3
1,0,Linear,Logic,44276.2,58684.6,14408.3
1,0,down_proj,GPU,58684.6,73092.9,14408.3
1,0,Linear,Logic,58684.6,73092.9,14408.3
1,0,expert_FFN_3,GPU,73092.9,116315,43221.9
1,0,gate_proj,GPU,73092.9,87496.7,14403.8
1,0,Linear,Logic,73092.9,87496.7,14403.8
1,0,activation,Logic,87496.7,87507.2,10.5463
1,0,up_proj,GPU,87507.2,101911,14403.8
1,0,Linear,Logic,87507.2,101911,14403.8
1,0,down_proj,GPU,101911,116315,14403.8
1,0,Linear,Logic,101911,116315,14403.8
1,0,sync_2,GPU,116315,116315,2.91038e-11
1,0,sync__set,GPU,116315,116315,0
1,0,sync__,GPU,116315,116315,2.91038e-11
1,0,moe_all_reduce_for_e_tp,GPU,116315,116315,0
1,0,sync_3,GPU,116315,116315,0
1,0,sync__set,GPU,116315,116315,0
1,0,sync__,GPU,116315,116315,0
1,0,moe_gather,GPU,116315,116315,0
1,0,sync_for_moe_gather,GPU,116315,116315,0
1,0,sync__set,GPU,116315,116315,0
1,0,sync__,GPU,116315,116315,0
1,0,moe_all_reduce_for_gather,GPU,116315,134642,18327.7
1,0,sync_5,GPU,134642,134642,0
1,0,sync__set,GPU,134642,134642,0
1,0,sync__,GPU,134642,134642,0
1,0,sync_6,GPU,134642,134642,0
1,0,sync__set,GPU,134642,134642,0
1,0,sync__,GPU,134642,134642,0
1,0,residual_2,GPU,134642,134679,36.1589
1,1,MoE_decoder_1,GPU,134679,269406,134727
1,1,input_layer_norm,GPU,134679,134715,36.1589
1,1,attention,GPU,134715,164405,29690.1
1,1,attn_qkv_proj,GPU,134715,140908,6193.22
1,1,Linear,GPU,134715,140908,6193.22
1,1,self_attention,GPU,140908,141943,1035.05
1,1,AttentionSplit,GPU,140908,140908,0
1,1,AttentionSum,Logic,140908,140908,0
1,1,AttentionGen,Logic,140908,141943,1035.05
1,1,AttentionMerge,GPU,141943,141943,0
1,1,attn_o_proj,GPU,141943,146077,4134.17
1,1,Linear,GPU,141943,146077,4134.17
1,1,all_reduce,GPU,146077,164405,18327.7
1,1,residual_1,GPU,164405,164441,36.1589
1,1,post_attn_layer_norm,GPU,164441,164477,36.1589
1,1,expertFFN,GPU,164477,269369,104892
1,1,sync_0,GPU,164477,164477,0
1,1,sync__set,GPU,164477,164477,0
1,1,sync__,GPU,164477,164477,0
1,1,gate_fn,GPU,164477,164525,48.2433
1,1,Linear,GPU,164477,164525,48.2433
1,1,gate_update,GPU,164525,164525,0
1,1,moe_scatter,GPU,164525,164525,0
1,1,sync_for_moe_scatter,GPU,164525,164525,0
1,1,sync__set,GPU,164525,164525,0
1,1,sync__,GPU,164525,164525,0
1,1,moe_route,GPU,164525,164525,0
1,1,expert_FFN_2,GPU,164525,207820,43294.3
1,1,gate_proj,GPU,164525,178943,14417.4
1,1,Linear,Logic,164525,178943,14417.4
1,1,activation,Logic,178943,178985,42.1854
1,1,up_proj,GPU,178985,193402,14417.4
1,1,Linear,Logic,178985,193402,14417.4
1,1,down_proj,GPU,193402,207820,14417.4
1,1,Linear,Logic,193402,207820,14417.4
1,1,expert_FFN_3,GPU,207820,251042,43221.9
1,1,gate_proj,GPU,207820,222224,14403.8
1,1,Linear,Logic,207820,222224,14403.8
1,1,activation,Logic,222224,222234,10.5463
1,1,up_proj,GPU,222234,236638,14403.8
1,1,Linear,Logic,222234,236638,14403.8
1,1,down_proj,GPU,236638,251042,14403.8
1,1,Linear,Logic,236638,251042,14403.8
1,1,sync_2,GPU,251042,251042,0
1,1,sync__set,GPU,251042,251042,0
1,1,sync__,GPU,251042,251042,0
1,1,moe_all_reduce_for_e_tp,GPU,251042,251042,0
1,1,sync_3,GPU,251042,251042,0
1,1,sync__set,GPU,251042,251042,0
1,1,sync__,GPU,251042,251042,0
1,1,moe_gather,GPU,251042,251042,0
1,1,sync_for_moe_gather,GPU,251042,251042,0
1,1,sync__set,GPU,251042,251042,0
1,1,sync__,GPU,251042,251042,0
1,1,moe_all_reduce_for_gather,GPU,251042,269369,18327.7
1,1,sync_5,GPU,269369,269369,0
1,1,sync__set,GPU,269369,269369,0
1,1,sync__,GPU,269369,269369,0
1,1,sync_6,GPU,269369,269369,0
1,1,sync__set,GPU,269369,269369,0
1,1,sync__,GPU,269369,269369,0
1,1,residual_2,GPU,269369,269406,36.1589
1,2,MoE_decoder_2,GPU,269406,404108,134703
1,2,input_layer_norm,GPU,269406,269442,36.1589
1,2,attention,GPU,269442,299132,29690.1
1,2,attn_qkv_proj,GPU,269442,275635,6193.22
1,2,Linear,GPU,269442,275635,6193.22
1,2,self_attention,GPU,275635,276670,1035.05
1,2,AttentionSplit,GPU,275635,275635,0
1,2,AttentionSum,Logic,275635,275635,0
1,2,AttentionGen,Logic,275635,276670,1035.05
1,2,AttentionMerge,GPU,276670,276670,0
1,2,attn_o_proj,GPU,276670,280804,4134.17
1,2,Linear,GPU,276670,280804,4134.17
1,2,all_reduce,GPU,280804,299132,18327.7
1,2,residual_1,GPU,299132,299168,36.1589
1,2,post_attn_layer_norm,GPU,299168,299204,36.1589
1,2,expertFFN,GPU,299204,404072,104868
1,2,sync_0,GPU,299204,299204,0
1,2,sync__set,GPU,299204,299204,0
1,2,sync__,GPU,299204,299204,0
1,2,gate_fn,GPU,299204,299252,48.2433
1,2,Linear,GPU,299204,299252,48.2433
1,2,gate_update,GPU,299252,299252,0
1,2,moe_scatter,GPU,299252,299252,0
1,2,sync_for_moe_scatter,GPU,299252,299252,0
1,2,sync__set,GPU,299252,299252,0
1,2,sync__,GPU,299252,299252,0
1,2,moe_route,GPU,299252,299252,0
1,2,expert_FFN_2,GPU,299252,299252,0
1,2,gate_proj,GPU,299252,299252,0
1,2,Linear,Logic,299252,299252,0
1,2,activation,Logic,299252,299252,0
1,2,up_proj,GPU,299252,299252,0
1,2,Linear,Logic,299252,299252,0
1,2,down_proj,GPU,299252,299252,0
1,2,Linear,Logic,299252,299252,0
1,2,expert_FFN_3,GPU,299252,342474,43221.9
1,2,gate_proj,GPU,299252,313656,14403.8
1,2,Linear,Logic,299252,313656,14403.8
1,2,activation,Logic,313656,313667,10.5463
1,2,up_proj,GPU,313667,328071,14403.8
1,2,Linear,Logic,313667,328071,14403.8
1,2,down_proj,GPU,328071,342474,14403.8
1,2,Linear,Logic,328071,342474,14403.8
1,2,sync_2,GPU,342474,385744,43270.2
1,2,sync__set,GPU,342474,342474,0
1,2,sync__,GPU,342474,385744,43270.2
1,2,moe_all_reduce_for_e_tp,GPU,385744,385744,0
1,2,sync_3,GPU,385744,385744,0
1,2,sync__set,GPU,385744,385744,0
1,2,sync__,GPU,385744,385744,0
1,2,moe_gather,GPU,385744,385744,0
1,2,sync_for_moe_gather,GPU,385744,385744,0
1,2,sync__set,GPU,385744,385744,0
1,2,sync__,GPU,385744,385744,0
1,2,moe_all_reduce_for_gather,GPU,385744,404072,18327.7
1,2,sync_5,GPU,404072,404072,0
1,2,sync__set,GPU,404072,404072,0
1,2,sync__,GPU,404072,404072,0
1,2,sync_6,GPU,404072,404072,0
1,2,sync__set,GPU,404072,404072,0
1,2,sync__,GPU,404072,404072,0
1,2,residual_2,GPU,404072,404108,36.1589
1,3,MoE_decoder_3,GPU,404108,538787,134679
1,3,input_layer_norm,GPU,404108,404144,36.1589
1,3,attention,GPU,404144,433835,29690.1
1,3,attn_qkv_proj,GPU,404144,410338,6193.22
1,3,Linear,GPU,404144,410338,6193.22
1,3,self_attention,GPU,410338,411373,1035.05
1,3,AttentionSplit,GPU,410338,410338,0
1,3,AttentionSum,Logic,410338,410338,0
1,3,AttentionGen,Logic,410338,411373,1035.05
1,3,AttentionMerge,GPU,411373,411373,0
1,3,attn_o_proj,GPU,411373,415507,4134.17
1,3,Linear,GPU,411373,415507,4134.17
1,3,all_reduce,GPU,415507,433835,18327.7
1,3,residual_1,GPU,433835,433871,36.1589
1,3,post_attn_layer_norm,GPU,433871,433907,36.1589
1,3,expertFFN,GPU,433907,538751,104844
1,3,sync_0,GPU,433907,433907,0
1,3,sync__set,GPU,433907,433907,0
1,3,sync__,GPU,433907,433907,0
1,3,gate_fn,GPU,433907,433955,48.2433
1,3,Linear,GPU,433907,433955,48.2433
1,3,gate_update,GPU,433955,433955,0
1,3,moe_scatter,GPU,433955,433955,0
1,3,sync_for_moe_scatter,GPU,433955,433955,0
1,3,sync__set,GPU,433955,433955,0
1,3,sync__,GPU,433955,433955,0
1,3,moe_route,GPU,433955,433955,0
1,3,expert_FFN_2,GPU,433955,477177,43221.9
1,3,gate_proj,GPU,433955,448359,14403.8
1,3,Linear,Logic,433955,448359,14403.8
1,3,activation,Logic,448359,448369,10.5463
1,3,up_proj,GPU,448369,462773,14403.8
1,3,Linear,Logic,448369,462773,14403.8
1,3,down_proj,GPU,462773,477177,14403.8
1,3,Linear,Logic,462773,477177,14403.8
1,3,expert_FFN_3,GPU,477177,520423,43246
1,3,gate_proj,GPU,477177,491585,14408.3
1,3,Linear,Logic,477177,491585,14408.3
1,3,activation,Logic,491585,491606,21.0927
1,3,up_proj,GPU,491606,506015,14408.3
1,3,Linear,Logic,491606,506015,14408.3
1,3,down_proj,GPU,506015,520423,14408.3
1,3,Linear,Logic,506015,520423,14408.3
1,3,sync_2,GPU,520423,520423,0
1,3,sync__set,GPU,520423,520423,0
1,3,sync__,GPU,520423,520423,0
1,3,moe_all_reduce_for_e_tp,GPU,520423,520423,0
1,3,sync_3,GPU,520423,520423,0
1,3,sync__set,GPU,520423,520423,0
1,3,sync__,GPU,520423,520423,0
1,3,moe_gather,GPU,520423,520423,0
1,3,sync_for_moe_gather,GPU,520423,520423,0
1,3,sync__set,GPU,520423,520423,0
1,3,sync__,GPU,520423,520423,0
1,3,moe_all_reduce_for_gather,GPU,520423,538751,18327.7
1,3,sync_5,GPU,538751,538751,0
1,3,sync__set,GPU,538751,538751,0
1,3,sync__,GPU,538751,538751,0
1,3,sync_6,GPU,538751,538751,0
1,3,sync__set,GPU,538751,538751,0
1,3,sync__,GPU,538751,538751,0
1,3,residual_2,GPU,538751,538787,36.1589
1,4,MoE_decoder_4,GPU,538787,673514,134727
1,4,input_layer_norm,GPU,538787,538823,36.1589
1,4,attention,GPU,538823,568513,29690.1
1,4,attn_qkv_proj,GPU,538823,545016,6193.22
1,4,Linear,GPU,538823,545016,6193.22
1,4,self_attention,GPU,545016,546051,1035.05
1,4,AttentionSplit,GPU,545016,545016,0
1,4,AttentionSum,Logic,545016,545016,0
1,4,AttentionGen,Logic,545016,546051,1035.05
1,4,AttentionMerge,GPU,546051,546051,0
1,4,attn_o_proj,GPU,546051,550186,4134.17
1,4,Linear,GPU,546051,550186,4134.17
1,4,all_reduce,GPU,550186,568513,18327.7
1,4,residual_1,GPU,568513,568549,36.1589
1,4,post_attn_layer_norm,GPU,568549,568586,36.1589
1,4,expertFFN,GPU,568586,673478,104892
1,4,sync_0,GPU,568586,568586,0
1,4,sync__set,GPU,568586,568586,0
1,4,sync__,GPU,568586,568586,0
1,4,gate_fn,GPU,568586,568634,48.2433
1,4,Linear,GPU,568586,568634,48.2433
1,4,gate_update,GPU,568634,568634,0
1,4,moe_scatter,GPU,568634,568634,0
1,4,sync_for_moe_scatter,GPU,568634,568634,0
1,4,sync__set,GPU,568634,568634,0
1,4,sync__,GPU,568634,568634,0
1,4,moe_route,GPU,568634,568634,0
1,4,expert_FFN_2,GPU,568634,568634,0
1,4,gate_proj,GPU,568634,568634,0
1,4,Linear,Logic,568634,568634,0
1,4,activation,Logic,568634,568634,0
1,4,up_proj,GPU,568634,568634,0
1,4,Linear,Logic,568634,568634,0
1,4,down_proj,GPU,568634,568634,0
1,4,Linear,Logic,568634,568634,0
1,4,expert_FFN_3,GPU,568634,611856,43221.9
1,4,gate_proj,GPU,568634,583038,14403.8
1,4,Linear,Logic,568634,583038,14403.8
1,4,activation,Logic,583038,583048,10.5463
1,4,up_proj,GPU,583048,597452,14403.8
1,4,Linear,Logic,583048,597452,14403.8
1,4,down_proj,GPU,597452,611856,14403.8
1,4,Linear,Logic,597452,611856,14403.8
1,4,sync_2,GPU,611856,655150,43294.3
1,4,sync__set,GPU,611856,611856,0
1,4,sync__,GPU,611856,655150,43294.3
1,4,moe_all_reduce_for_e_tp,GPU,655150,655150,0
1,4,sync_3,GPU,655150,655150,0
1,4,sync__set,GPU,655150,655150,0
1,4,sync__,GPU,655150,655150,0
1,4,moe_gather,GPU,655150,655150,0
1,4,sync_for_moe_gather,GPU,655150,655150,0
1,4,sync__set,GPU,655150,655150,0
1,4,sync__,GPU,655150,655150,0
1,4,moe_all_reduce_for_gather,GPU,655150,673478,18327.7
1,4,sync_5,GPU,673478,673478,0
1,4,sync__set,GPU,673478,673478,0
1,4,sync__,GPU,673478,673478,0
1,4,sync_6,GPU,673478,673478,0
1,4,sync__set,GPU,673478,673478,0
1,4,sync__,GPU,673478,673478,0
1,4,residual_2,GPU,673478,673514,36.1589
1,5,MoE_decoder_5,GPU,673514,808217,134703
1,5,input_layer_norm,GPU,673514,673550,36.1589
1,5,attention,GPU,673550,703240,29690.1
1,5,attn_qkv_proj,GPU,673550,679743,6193.22
1,5,Linear,GPU,673550,679743,6193.22
1,5,self_attention,GPU,679743,680778,1035.05
1,5,AttentionSplit,GPU,679743,679743,0
1,5,AttentionSum,Logic,679743,679743,0
1,5,AttentionGen,Logic,679743,680778,1035.05
1,5,AttentionMerge,GPU,680778,680778,0
1,5,attn_o_proj,GPU,680778,684912,4134.17
1,5,Linear,GPU,680778,684912,4134.17
1,5,all_reduce,GPU,684912,703240,18327.7
1,5,residual_1,GPU,703240,703276,36.1589
1,5,post_attn_layer_norm,GPU,703276,703312,36.1589
1,5,expertFFN,GPU,703312,808180,104868
1,5,sync_0,GPU,703312,703312,0
1,5,sync__set,GPU,703312,703312,0
1,5,sync__,GPU,703312,703312,0
1,5,gate_fn,GPU,703312,703361,48.2433
1,5,Linear,GPU,703312,703361,48.2433
1,5,gate_update,GPU,703361,703361,0
1,5,moe_scatter,GPU,703361,703361,0
1,5,sync_for_moe_scatter,GPU,703361,703361,0
1,5,sync__set,GPU,703361,703361,0
1,5,sync__,GPU,703361,703361,0
1,5,moe_route,GPU,703361,703361,0
1,5,expert_FFN_2,GPU,703361,703361,0
1,5,gate_proj,GPU,703361,703361,0
1,5,Linear,Logic,703361,703361,0
1,5,activation,Logic,703361,703361,0
1,5,up_proj,GPU,703361,703361,0
1,5,Linear,Logic,703361,703361,0
1,5,down_proj,GPU,703361,703361,0
1,5,Linear,Logic,703361,703361,0
1,5,expert_FFN_3,GPU,703361,703361,0
1,5,gate_proj,GPU,703361,703361,0
1,5,Linear,Logic,703361,703361,0
1,5,activation,Logic,703361,703361,0
1,5,up_proj,GPU,703361,703361,0
1,5,Linear,Logic,703361,703361,0
1,5,down_proj,GPU,703361,703361,0
1,5,Linear,Logic,703361,703361,0
1,5,sync_2,GPU,703361,789853,86492.1
1,5,sync__set,GPU,703361,703361,0
1,5,sync__,GPU,703361,789853,86492.1
1,5,moe_all_reduce_for_e_tp,GPU,789853,789853,0
1,5,sync_3,GPU,789853,789853,0
1,5,sync__set,GPU,789853,789853,0
1,5,sync__,GPU,789853,789853,0
1,5,moe_gather,GPU,789853,789853,0
1,5,sync_for_moe_gather,GPU,789853,789853,0
1,5,sync__set,GPU,789853,789853,0
1,5,sync__,GPU,789853,789853,0
1,5,moe_all_reduce_for_gather,GPU,789853,808180,18327.7
1,5,sync_5,GPU,808180,808180,0
1,5,sync__set,GPU,808180,808180,0
1,5,sync__,GPU,808180,808180,0
1,5,sync_6,GPU,808180,808180,0
1,5,sync__set,GPU,808180,808180,0
1,5,sync__,GPU,808180,808180,0
1,5,residual_2,GPU,808180,808217,36.1589
1,6,MoE_decoder_6,GPU,808217,942895,134679
1,6,input_layer_norm,GPU,808217,808253,36.1589
1,6,attention,GPU,808253,837943,29690.1
1,6,attn_qkv_proj,GPU,808253,814446,6193.22
1,6,Linear,GPU,808253,814446,6193.22
1,6,self_attention,GPU,814446,815481,1035.05
1,6,AttentionSplit,GPU,814446,814446,0
1,6,AttentionSum,Logic,814446,814446,0
1,6,AttentionGen,Logic,814446,815481,1035.05
1,6,AttentionMerge,GPU,815481,815481,0
1,6,attn_o_proj,GPU,815481,819615,4134.17
1,6,Linear,GPU,815481,819615,4134.17
1,6,all_reduce,GPU,819615,837943,18327.7
1,6,residual_1,GPU,837943,837979,36.1589
1,6,post_attn_layer_norm,GPU,837979,838015,36.1589
1,6,expertFFN,GPU,838015,942859,104844
1,6,sync_0,GPU,838015,838015,0
1,6,sync__set,GPU,838015,838015,0
1,6,sync__,GPU,838015,838015,0
1,6,gate_fn,GPU,838015,838063,48.2433
1,6,Linear,GPU,838015,838063,48.2433
1,6,gate_update,GPU,838063,838063,0
1,6,moe_scatter,GPU,838063,838063,0
1,6,sync_for_moe_scatter,GPU,838063,838063,0
1,6,sync__set,GPU,838063,838063,0
1,6,sync__,GPU,838063,838063,0
1,6,moe_route,GPU,838063,838063,0
1,6,expert_FFN_2,GPU,838063,838063,0
1,6,gate_proj,GPU,838063,838063,0
1,6,Linear,Logic,838063,838063,0
1,6,activation,Logic,838063,838063,0
1,6,up_proj,GPU,838063,838063,0
1,6,Linear,Logic,838063,838063,0
1,6,down_proj,GPU,838063,838063,0
1,6,Linear,Logic,838063,838063,0
1,6,expert_FFN_3,GPU,838063,881285,43221.9
1,6,gate_proj,GPU,838063,852467,14403.8
1,6,Linear,Logic,838063,852467,14403.8
1,6,activation,Logic,852467,852478,10.5463
1,6,up_proj,GPU,852478,866882,14403.8
1,6,Linear,Logic,852478,866882,14403.8
1,6,down_proj,GPU,866882,881285,14403.8
1,6,Linear,Logic,866882,881285,14403.8
1,6,sync_2,GPU,881285,924531,43246
1,6,sync__set,GPU,881285,881285,0
1,6,sync__,GPU,881285,924531,43246
1,6,moe_all_reduce_for_e_tp,GPU,924531,924531,0
1,6,sync_3,GPU,924531,924531,0
1,6,sync__set,GPU,924531,924531,0
1,6,sync__,GPU,924531,924531,0
1,6,moe_gather,GPU,924531,924531,0
1,6,sync_for_moe_gather,GPU,924531,924531,0
1,6,sync__set,GPU,924531,924531,0
1,6,sync__,GPU,924531,924531,0
1,6,moe_all_reduce_for_gather,GPU,924531,942859,18327.7
1,6,sync_5,GPU,942859,942859,0
1,6,sync__set,GPU,942859,942859,0
1,6,sync__,GPU,942859,942859,0
1,6,sync_6,GPU,942859,942859,0
1,6,sync__set,GPU,942859,942859,0
1,6,sync__,GPU,942859,942859,0
1,6,residual_2,GPU,942859,942895,36.1589
1,7,MoE_decoder_7,GPU,942895,1.07755e+06,134655
1,7,input_layer_norm,GPU,942895,942931,36.1589
1,7,attention,GPU,942931,972622,29690.1
1,7,attn_qkv_proj,GPU,942931,949125,6193.22
1,7,Linear,GPU,942931,949125,6193.22
1,7,self_attention,GPU,949125,950160,1035.05
1,7,AttentionSplit,GPU,949125,949125,0
1,7,AttentionSum,Logic,949125,949125,0
1,7,AttentionGen,Logic,949125,950160,1035.05
1,7,AttentionMerge,GPU,950160,950160,0
1,7,attn_o_proj,GPU,950160,954294,4134.17
1,7,Linear,GPU,950160,954294,4134.17
1,7,all_reduce,GPU,954294,972622,18327.7
1,7,residual_1,GPU,972622,972658,36.1589
1,7,post_attn_layer_norm,GPU,972658,972694,36.1589
1,7,expertFFN,GPU,972694,1.07751e+06,104820
1,7,sync_0,GPU,972694,972694,0
1,7,sync__set,GPU,972694,972694,0
1,7,sync__,GPU,972694,972694,0
1,7,gate_fn,GPU,972694,972742,48.2433
1,7,Linear,GPU,972694,972742,48.2433
1,7,gate_update,GPU,972742,972742,0
1,7,moe_scatter,GPU,972742,972742,0
1,7,sync_for_moe_scatter,GPU,972742,972742,0
1,7,sync__set,GPU,972742,972742,0
1,7,sync__,GPU,972742,972742,0
1,7,moe_route,GPU,972742,972742,0
1,7,expert_FFN_2,GPU,972742,1.01596e+06,43221.9
1,7,gate_proj,GPU,972742,987146,14403.8
1,7,Linear,Logic,972742,987146,14403.8
1,7,activation,Logic,987146,987156,10.5463
1,7,up_proj,GPU,987156,1.00156e+06,14403.8
1,7,Linear,Logic,987156,1.00156e+06,14403.8
1,7,down_proj,GPU,1.00156e+06,1.01596e+06,14403.8
1,7,Linear,Logic,1.00156e+06,1.01596e+06,14403.8
1,7,expert_FFN_3,GPU,1.01596e+06,1.05919e+06,43221.9
1,7,gate_proj,GPU,1.01596e+06,1.03037e+06,14403.8
1,7,Linear,Logic,1.01596e+06,1.03037e+06,14403.8
1,7,activation,Logic,1.03037e+06,1.03038e+06,10.5463
1,7,up_proj,GPU,1.03038e+06,1.04478e+06,14403.8
1,7,Linear,Logic,1.03038e+06,1.04478e+06,14403.8
1,7,down_proj,GPU,1.04478e+06,1.05919e+06,14403.8
1,7,Linear,Logic,1.04478e+06,1.05919e+06,14403.8
1,7,sync_2,GPU,1.05919e+06,1.05919e+06,0
1,7,sync__set,GPU,1.05919e+06,1.05919e+06,0
1,7,sync__,GPU,1.05919e+06,1.05919e+06,0
1,7,moe_all_reduce_for_e_tp,GPU,1.05919e+06,1.05919e+06,0
1,7,sync_3,GPU,1.05919e+06,1.05919e+06,0
1,7,sync__set,GPU,1.05919e+06,1.05919e+06,0
1,7,sync__,GPU,1.05919e+06,1.05919e+06,0
1,7,moe_gather,GPU,1.05919e+06,1.05919e+06,0
1,7,sync_for_moe_gather,GPU,1.05919e+06,1.05919e+06,0
1,7,sync__set,GPU,1.05919e+06,1.05919e+06,0
1,7,sync__,GPU,1.05919e+06,1.05919e+06,0
1,7,moe_all_reduce_for_gather,GPU,1.05919e+06,1.07751e+06,18327.7
1,7,sync_5,GPU,1.07751e+06,1.07751e+06,0
1,7,sync__set,GPU,1.07751e+06,1.07751e+06,0
1,7,sync__,GPU,1.07751e+06,1.07751e+06,0
1,7,sync_6,GPU,1.07751e+06,1.07751e+06,0
1,7,sync__set,GPU,1.07751e+06,1.07751e+06,0
1,7,sync__,GPU,1.07751e+06,1.07751e+06,0
1,7,residual_2,GPU,1.07751e+06,1.07755e+06,36.1589
1,8,MoE_decoder_8,GPU,1.07755e+06,1.21223e+06,134679
1,8,input_layer_norm,GPU,1.07755e+06,1.07759e+06,36.1589
1,8,attention,GPU,1.07759e+06,1.10728e+06,29690.1
1,8,attn_qkv_proj,GPU,1.07759e+06,1.08378e+06,6193.22
1,8,Linear,GPU,1.07759e+06,1.08378e+06,6193.22
1,8,self_attention,GPU,1.08378e+06,1.08481e+06,1035.05
1,8,AttentionSplit,GPU,1.08378e+06,1.08378e+06,0
1,8,AttentionSum,Logic,1.08378e+06,1.08378e+06,0
1,8,AttentionGen,Logic,1.08378e+06,1.08481e+06,1035.05
1,8,AttentionMerge,GPU,1.08481e+06,1.08481e+06,0
1,8,attn_o_proj,GPU,1.08481e+06,1.08895e+06,4134.17
1,8,Linear,GPU,1.08481e+06,1.08895e+06,4134.17
1,8,all_reduce,GPU,1.08895e+06,1.10728e+06,18327.7
1,8,residual_1,GPU,1.10728e+06,1.10731e+06,36.1589
1,8,post_attn_layer_norm,GPU,1.10731e+06,1.10735e+06,36.1589
1,8,expertFFN,GPU,1.10735e+06,1.21219e+06,104844
1,8,sync_0,GPU,1.10735e+06,1.10735e+06,0
1,8,sync__set,GPU,1.10735e+06,1.10735e+06,0
1,8,sync__,GPU,1.10735e+06,1.10735e+06,0
1,8,gate_fn,GPU,1.10735e+06,1.1074e+06,48.2433
1,8,Linear,GPU,1.10735e+06,1.1074e+06,48.2433
1,8,gate_update,GPU,1.1074e+06,1.1074e+06,0
1,8,moe_scatter,GPU,1.1074e+06,1.1074e+06,0
1,8,sync_for_moe_scatter,GPU,1.1074e+06,1.1074e+06,0
1,8,sync__set,GPU,1.1074e+06,1.1074e+06,0
1,8,sync__,GPU,1.1074e+06,1.1074e+06,0
1,8,moe_route,GPU,1.1074e+06,1.1074e+06,0
1,8,expert_FFN_2,GPU,1.1074e+06,1.15062e+06,43221.9
1,8,gate_proj,GPU,1.1074e+06,1.1218e+06,14403.8
1,8,Linear,Logic,1.1074e+06,1.1218e+06,14403.8
1,8,activation,Logic,1.1218e+06,1.12181e+06,10.5463
1,8,up_proj,GPU,1.12181e+06,1.13621e+06,14403.8
1,8,Linear,Logic,1.12181e+06,1.13621e+06,14403.8
1,8,down_proj,GPU,1.13621e+06,1.15062e+06,14403.8
1,8,Linear,Logic,1.13621e+06,1.15062e+06,14403.8
1,8,expert_FFN_3,GPU,1.15062e+06,1.19384e+06,43221.9
1,8,gate_proj,GPU,1.15062e+06,1.16502e+06,14403.8
1,8,Linear,Logic,1.15062e+06,1.16502e+06,14403.8
1,8,activation,Logic,1.16502e+06,1.16503e+06,10.5463
1,8,up_proj,GPU,1.16503e+06,1.17944e+06,14403.8
1,8,Linear,Logic,1.16503e+06,1.17944e+06,14403.8
1,8,down_proj,GPU,1.17944e+06,1.19384e+06,14403.8
1,8,Linear,Logic,1.17944e+06,1.19384e+06,14403.8
1,8,sync_2,GPU,1.19384e+06,1.19386e+06,24.1059
1,8,sync__set,GPU,1.19384e+06,1.19384e+06,0
1,8,sync__,GPU,1.19384e+06,1.19386e+06,24.1059
1,8,moe_all_reduce_for_e_tp,GPU,1.19386e+06,1.19386e+06,0
1,8,sync_3,GPU,1.19386e+06,1.19386e+06,0
1,8,sync__set,GPU,1.19386e+06,1.19386e+06,0
1,8,sync__,GPU,1.19386e+06,1.19386e+06,0
1,8,moe_gather,GPU,1.19386e+06,1.19386e+06,0
1,8,sync_for_moe_gather,GPU,1.19386e+06,1.19386e+06,0
1,8,sync__set,GPU,1.19386e+06,1.19386e+06,0
1,8,sync__,GPU,1.19386e+06,1.19386e+06,0
1,8,moe_all_reduce_for_gather,GPU,1.19386e+06,1.21219e+06,18327.7
1,8,sync_5,GPU,1.21219e+06,1.21219e+06,0
1,8,sync__set,GPU,1.21219e+06,1.21219e+06,0
1,8,sync__,GPU,1.21219e+06,1.21219e+06,0
1,8,sync_6,GPU,1.21219e+06,1.21219e+06,0
1,8,sync__set,GPU,1.21219e+06,1.21219e+06,0
1,8,sync__,GPU,1.21219e+06,1.21219e+06,0
1,8,residual_2,GPU,1.21219e+06,1.21223e+06,36.1589
1,9,MoE_decoder_9,GPU,1.21223e+06,1.34691e+06,134679
1,9,input_layer_norm,GPU,1.21223e+06,1.21226e+06,36.1589
1,9,attention,GPU,1.21226e+06,1.24195e+06,29690.1
1,9,attn_qkv_proj,GPU,1.21226e+06,1.21846e+06,6193.22
1,9,Linear,GPU,1.21226e+06,1.21846e+06,6193.22
1,9,self_attention,GPU,1.21846e+06,1.21949e+06,1035.05
1,9,AttentionSplit,GPU,1.21846e+06,1.21846e+06,0
1,9,AttentionSum,Logic,1.21846e+06,1.21846e+06,0
1,9,AttentionGen,Logic,1.21846e+06,1.21949e+06,1035.05
1,9,AttentionMerge,GPU,1.21949e+06,1.21949e+06,0
1,9,attn_o_proj,GPU,1.21949e+06,1.22363e+06,4134.17
1,9,Linear,GPU,1.21949e+06,1.22363e+06,4134.17
1,9,all_reduce,GPU,1.22363e+06,1.24195e+06,18327.7
1,9,residual_1,GPU,1.24195e+06,1.24199e+06,36.1589
1,9,post_attn_layer_norm,GPU,1.24199e+06,1.24203e+06,36.1589
1,9,expertFFN,GPU,1.24203e+06,1.34687e+06,104844
1,9,sync_0,GPU,1.24203e+06,1.24203e+06,0
1,9,sync__set,GPU,1.24203e+06,1.24203e+06,0
1,9,sync__,GPU,1.24203e+06,1.24203e+06,0
1,9,gate_fn,GPU,1.24203e+06,1.24208e+06,48.2433
1,9,Linear,GPU,1.24203e+06,1.24208e+06,48.2433
1,9,gate_update,GPU,1.24208e+06,1.24208e+06,0
1,9,moe_scatter,GPU,1.24208e+06,1.24208e+06,0
1,9,sync_for_moe_scatter,GPU,1.24208e+06,1.24208e+06,0
1,9,sync__set,GPU,1.24208e+06,1.24208e+06,0
1,9,sync__,GPU,1.24208e+06,1.24208e+06,0
1,9,moe_route,GPU,1.24208e+06,1.24208e+06,0
1,9,expert_FFN_2,GPU,1.24208e+06,1.24208e+06,0
1,9,gate_proj,GPU,1.24208e+06,1.24208e+06,0
1,9,Linear,Logic,1.24208e+06,1.24208e+06,0
1,9,activation,Logic,1.24208e+06,1.24208e+06,0
1,9,up_proj,GPU,1.24208e+06,1.24208e+06,0
1,9,Linear,Logic,1.24208e+06,1.24208e+06,0
1,9,down_proj,GPU,1.24208e+06,1.24208e+06,0
1,9,Linear,Logic,1.24208e+06,1.24208e+06,0
1,9,expert_FFN_3,GPU,1.24208e+06,1.28532e+06,43246
1,9,gate_proj,GPU,1.24208e+06,1.25648e+06,14408.3
1,9,Linear,Logic,1.24208e+06,1.25648e+06,14408.3
1,9,activation,Logic,1.25648e+06,1.2565e+06,21.0927
1,9,up_proj,GPU,1.2565e+06,1.27091e+06,14408.3
1,9,Linear,Logic,1.2565e+06,1.27091e+06,14408.3
1,9,down_proj,GPU,1.27091e+06,1.28532e+06,14408.3
1,9,Linear,Logic,1.27091e+06,1.28532e+06,14408.3
1,9,sync_2,GPU,1.28532e+06,1.32854e+06,43221.9
1,9,sync__set,GPU,1.28532e+06,1.28532e+06,0
1,9,sync__,GPU,1.28532e+06,1.32854e+06,43221.9
1,9,moe_all_reduce_for_e_tp,GPU,1.32854e+06,1.32854e+06,0
1,9,sync_3,GPU,1.32854e+06,1.32854e+06,0
1,9,sync__set,GPU,1.32854e+06,1.32854e+06,0
1,9,sync__,GPU,1.32854e+06,1.32854e+06,0
1,9,moe_gather,GPU,1.32854e+06,1.32854e+06,0
1,9,sync_for_moe_gather,GPU,1.32854e+06,1.32854e+06,0
1,9,sync__set,GPU,1.32854e+06,1.32854e+06,0
1,9,sync__,GPU,1.32854e+06,1.32854e+06,0
1,9,moe_all_reduce_for_gather,GPU,1.32854e+06,1.34687e+06,18327.7
1,9,sync_5,GPU,1.34687e+06,1.34687e+06,0
1,9,sync__set,GPU,1.34687e+06,1.34687e+06,0
1,9,sync__,GPU,1.34687e+06,1.34687e+06,0
1,9,sync_6,GPU,1.34687e+06,1.34687e+06,0
1,9,sync__set,GPU,1.34687e+06,1.34687e+06,0
1,9,sync__,GPU,1.34687e+06,1.34687e+06,0
1,9,residual_2,GPU,1.34687e+06,1.34691e+06,36.1589
1,10,MoE_decoder_10,GPU,1.34691e+06,1.48161e+06,134703
1,10,input_layer_norm,GPU,1.34691e+06,1.34694e+06,36.1589
1,10,attention,GPU,1.34694e+06,1.37663e+06,29690.1
1,10,attn_qkv_proj,GPU,1.34694e+06,1.35314e+06,6193.22
1,10,Linear,GPU,1.34694e+06,1.35314e+06,6193.22
1,10,self_attention,GPU,1.35314e+06,1.35417e+06,1035.05
1,10,AttentionSplit,GPU,1.35314e+06,1.35314e+06,0
1,10,AttentionSum,Logic,1.35314e+06,1.35314e+06,0
1,10,AttentionGen,Logic,1.35314e+06,1.35417e+06,1035.05
1,10,AttentionMerge,GPU,1.35417e+06,1.35417e+06,0
1,10,attn_o_proj,GPU,1.35417e+06,1.35831e+06,4134.17
1,10,Linear,GPU,1.35417e+06,1.35831e+06,4134.17
1,10,all_reduce,GPU,1.35831e+06,1.37663e+06,18327.7
1,10,residual_1,GPU,1.37663e+06,1.37667e+06,36.1589
1,10,post_attn_layer_norm,GPU,1.37667e+06,1.37671e+06,36.1589
1,10,expertFFN,GPU,1.37671e+06,1.48157e+06,104868
1,10,sync_0,GPU,1.37671e+06,1.37671e+06,0
1,10,sync__set,GPU,1.37671e+06,1.37671e+06,0
1,10,sync__,GPU,1.37671e+06,1.37671e+06,0
1,10,gate_fn,GPU,1.37671e+06,1.37675e+06,48.2433
1,10,Linear,GPU,1.37671e+06,1.37675e+06,48.2433
1,10,gate_update,GPU,1.37675e+06,1.37675e+06,0
1,10,moe_scatter,GPU,1.37675e+06,1.37675e+06,0
1,10,sync_for_moe_scatter,GPU,1.37675e+06,1.37675e+06,0
1,10,sync__set,GPU,1.37675e+06,1.37675e+06,0
1,10,sync__,GPU,1.37675e+06,1.37675e+06,0
1,10,moe_route,GPU,1.37675e+06,1.37675e+06,0
1,10,expert_FFN_2,GPU,1.37675e+06,1.41998e+06,43221.9
1,10,gate_proj,GPU,1.37675e+06,1.39116e+06,14403.8
1,10,Linear,Logic,1.37675e+06,1.39116e+06,14403.8
1,10,activation,Logic,1.39116e+06,1.39117e+06,10.5463
1,10,up_proj,GPU,1.39117e+06,1.40557e+06,14403.8
1,10,Linear,Logic,1.39117e+06,1.40557e+06,14403.8
1,10,down_proj,GPU,1.40557e+06,1.41998e+06,14403.8
1,10,Linear,Logic,1.40557e+06,1.41998e+06,14403.8
1,10,expert_FFN_3,GPU,1.41998e+06,1.41998e+06,0
1,10,gate_proj,GPU,1.41998e+06,1.41998e+06,0
1,10,Linear,Logic,1.41998e+06,1.41998e+06,0
1,10,activation,Logic,1.41998e+06,1.41998e+06,0
1,10,up_proj,GPU,1.41998e+06,1.41998e+06,0
1,10,Linear,Logic,1.41998e+06,1.41998e+06,0
1,10,down_proj,GPU,1.41998e+06,1.41998e+06,0
1,10,Linear,Logic,1.41998e+06,1.41998e+06,0
1,10,sync_2,GPU,1.41998e+06,1.46325e+06,43270.2
1,10,sync__set,GPU,1.41998e+06,1.41998e+06,0
1,10,sync__,GPU,1.41998e+06,1.46325e+06,43270.2
1,10,moe_all_reduce_for_e_tp,GPU,1.46325e+06,1.46325e+06,0
1,10,sync_3,GPU,1.46325e+06,1.46325e+06,0
1,10,sync__set,GPU,1.46325e+06,1.46325e+06,0
1,10,sync__,GPU,1.46325e+06,1.46325e+06,0
1,10,moe_gather,GPU,1.46325e+06,1.46325e+06,0
1,10,sync_for_moe_gather,GPU,1.46325e+06,1.46325e+06,0
1,10,sync__set,GPU,1.46325e+06,1.46325e+06,0
1,10,sync__,GPU,1.46325e+06,1.46325e+06,0
1,10,moe_all_reduce_for_gather,GPU,1.46325e+06,1.48157e+06,18327.7
1,10,sync_5,GPU,1.48157e+06,1.48157e+06,0
1,10,sync__set,GPU,1.48157e+06,1.48157e+06,0
1,10,sync__,GPU,1.48157e+06,1.48157e+06,0
1,10,sync_6,GPU,1.48157e+06,1.48157e+06,0
1,10,sync__set,GPU,1.48157e+06,1.48157e+06,0
1,10,sync__,GPU,1.48157e+06,1.48157e+06,0
1,10,residual_2,GPU,1.48157e+06,1.48161e+06,36.1589
1,11,MoE_decoder_11,GPU,1.48161e+06,1.61629e+06,134679
1,11,input_layer_norm,GPU,1.48161e+06,1.48165e+06,36.1589
1,11,attention,GPU,1.48165e+06,1.51134e+06,29690.1
1,11,attn_qkv_proj,GPU,1.48165e+06,1.48784e+06,6193.22
1,11,Linear,GPU,1.48165e+06,1.48784e+06,6193.22
1,11,self_attention,GPU,1.48784e+06,1.48887e+06,1035.05
1,11,AttentionSplit,GPU,1.48784e+06,1.48784e+06,0
1,11,AttentionSum,Logic,1.48784e+06,1.48784e+06,0
1,11,AttentionGen,Logic,1.48784e+06,1.48887e+06,1035.05
1,11,AttentionMerge,GPU,1.48887e+06,1.48887e+06,0
1,11,attn_o_proj,GPU,1.48887e+06,1.49301e+06,4134.17
1,11,Linear,GPU,1.48887e+06,1.49301e+06,4134.17
1,11,all_reduce,GPU,1.49301e+06,1.51134e+06,18327.7
1,11,residual_1,GPU,1.51134e+06,1.51137e+06,36.1589
1,11,post_attn_layer_norm,GPU,1.51137e+06,1.51141e+06,36.1589
1,11,expertFFN,GPU,1.51141e+06,1.61625e+06,104844
1,11,sync_0,GPU,1.51141e+06,1.51141e+06,0
1,11,sync__set,GPU,1.51141e+06,1.51141e+06,0
1,11,sync__,GPU,1.51141e+06,1.51141e+06,0
1,11,gate_fn,GPU,1.51141e+06,1.51146e+06,48.2433
1,11,Linear,GPU,1.51141e+06,1.51146e+06,48.2433
1,11,gate_update,GPU,1.51146e+06,1.51146e+06,0
1,11,moe_scatter,GPU,1.51146e+06,1.51146e+06,0
1,11,sync_for_moe_scatter,GPU,1.51146e+06,1.51146e+06,0
1,11,sync__set,GPU,1.51146e+06,1.51146e+06,0
1,11,sync__,GPU,1.51146e+06,1.51146e+06,0
1,11,moe_route,GPU,1.51146e+06,1.51146e+06,0
1,11,expert_FFN_2,GPU,1.51146e+06,1.51146e+06,0
1,11,gate_proj,GPU,1.51146e+06,1.51146e+06,0
1,11,Linear,Logic,1.51146e+06,1.51146e+06,0
1,11,activation,Logic,1.51146e+06,1.51146e+06,0
1,11,up_proj,GPU,1.51146e+06,1.51146e+06,0
1,11,Linear,Logic,1.51146e+06,1.51146e+06,0
1,11,down_proj,GPU,1.51146e+06,1.51146e+06,0
1,11,Linear,Logic,1.51146e+06,1.51146e+06,0
1,11,expert_FFN_3,GPU,1.51146e+06,1.55468e+06,43221.9
1,11,gate_proj,GPU,1.51146e+06,1.52586e+06,14403.8
1,11,Linear,Logic,1.51146e+06,1.52586e+06,14403.8
1,11,activation,Logic,1.52586e+06,1.52587e+06,10.5463
1,11,up_proj,GPU,1.52587e+06,1.54027e+06,14403.8
1,11,Linear,Logic,1.52587e+06,1.54027e+06,14403.8
1,11,down_proj,GPU,1.54027e+06,1.55468e+06,14403.8
1,11,Linear,Logic,1.54027e+06,1.55468e+06,14403.8
1,11,sync_2,GPU,1.55468e+06,1.59792e+06,43246
1,11,sync__set,GPU,1.55468e+06,1.55468e+06,0
1,11,sync__,GPU,1.55468e+06,1.59792e+06,43246
1,11,moe_all_reduce_for_e_tp,GPU,1.59792e+06,1.59792e+06,0
1,11,sync_3,GPU,1.59792e+06,1.59792e+06,0
1,11,sync__set,GPU,1.59792e+06,1.59792e+06,0
1,11,sync__,GPU,1.59792e+06,1.59792e+06,0
1,11,moe_gather,GPU,1.59792e+06,1.59792e+06,0
1,11,sync_for_moe_gather,GPU,1.59792e+06,1.59792e+06,0
1,11,sync__set,GPU,1.59792e+06,1.59792e+06,0
1,11,sync__,GPU,1.59792e+06,1.59792e+06,0
1,11,moe_all_reduce_for_gather,GPU,1.59792e+06,1.61625e+06,18327.7
1,11,sync_5,GPU,1.61625e+06,1.61625e+06,0
1,11,sync__set,GPU,1.61625e+06,1.61625e+06,0
1,11,sync__,GPU,1.61625e+06,1.61625e+06,0
1,11,sync_6,GPU,1.61625e+06,1.61625e+06,0
1,11,sync__set,GPU,1.61625e+06,1.61625e+06,0
1,11,sync__,GPU,1.61625e+06,1.61625e+06,0
1,11,residual_2,GPU,1.61625e+06,1.61629e+06,36.1589
1,12,MoE_decoder_12,GPU,1.61629e+06,1.75097e+06,134679
1,12,input_layer_norm,GPU,1.61629e+06,1.61632e+06,36.1589
1,12,attention,GPU,1.61632e+06,1.64601e+06,29690.1
1,12,attn_qkv_proj,GPU,1.61632e+06,1.62252e+06,6193.22
1,12,Linear,GPU,1.61632e+06,1.62252e+06,6193.22
1,12,self_attention,GPU,1.62252e+06,1.62355e+06,1035.05
1,12,AttentionSplit,GPU,1.62252e+06,1.62252e+06,0
1,12,AttentionSum,Logic,1.62252e+06,1.62252e+06,0
1,12,AttentionGen,Logic,1.62252e+06,1.62355e+06,1035.05
1,12,AttentionMerge,GPU,1.62355e+06,1.62355e+06,0
1,12,attn_o_proj,GPU,1.62355e+06,1.62769e+06,4134.17
1,12,Linear,GPU,1.62355e+06,1.62769e+06,4134.17
1,12,all_reduce,GPU,1.62769e+06,1.64601e+06,18327.7
1,12,residual_1,GPU,1.64601e+06,1.64605e+06,36.1589
1,12,post_attn_layer_norm,GPU,1.64605e+06,1.64609e+06,36.1589
1,12,expertFFN,GPU,1.64609e+06,1.75093e+06,104844
1,12,sync_0,GPU,1.64609e+06,1.64609e+06,0
1,12,sync__set,GPU,1.64609e+06,1.64609e+06,0
1,12,sync__,GPU,1.64609e+06,1.64609e+06,0
1,12,gate_fn,GPU,1.64609e+06,1.64614e+06,48.2433
1,12,Linear,GPU,1.64609e+06,1.64614e+06,48.2433
1,12,gate_update,GPU,1.64614e+06,1.64614e+06,0
1,12,moe_scatter,GPU,1.64614e+06,1.64614e+06,0
1,12,sync_for_moe_scatter,GPU,1.64614e+06,1.64614e+06,0
1,12,sync__set,GPU,1.64614e+06,1.64614e+06,0
1,12,sync__,GPU,1.64614e+06,1.64614e+06,0
1,12,moe_route,GPU,1.64614e+06,1.64614e+06,0
1,12,expert_FFN_2,GPU,1.64614e+06,1.68938e+06,43246
1,12,gate_proj,GPU,1.64614e+06,1.66054e+06,14408.3
1,12,Linear,Logic,1.64614e+06,1.66054e+06,14408.3
1,12,activation,Logic,1.66054e+06,1.66056e+06,21.0927
1,12,up_proj,GPU,1.66056e+06,1.67497e+06,14408.3
1,12,Linear,Logic,1.66056e+06,1.67497e+06,14408.3
1,12,down_proj,GPU,1.67497e+06,1.68938e+06,14408.3
1,12,Linear,Logic,1.67497e+06,1.68938e+06,14408.3
1,12,expert_FFN_3,GPU,1.68938e+06,1.7326e+06,43221.9
1,12,gate_proj,GPU,1.68938e+06,1.70379e+06,14403.8
1,12,Linear,Logic,1.68938e+06,1.70379e+06,14403.8
1,12,activation,Logic,1.70379e+06,1.7038e+06,10.5463
1,12,up_proj,GPU,1.7038e+06,1.7182e+06,14403.8
1,12,Linear,Logic,1.7038e+06,1.7182e+06,14403.8
1,12,down_proj,GPU,1.7182e+06,1.7326e+06,14403.8
1,12,Linear,Logic,1.7182e+06,1.7326e+06,14403.8
1,12,sync_2,GPU,1.7326e+06,1.7326e+06,0
1,12,sync__set,GPU,1.7326e+06,1.7326e+06,0
1,12,sync__,GPU,1.7326e+06,1.7326e+06,0
1,12,moe_all_reduce_for_e_tp,GPU,1.7326e+06,1.7326e+06,0
1,12,sync_3,GPU,1.7326e+06,1.7326e+06,0
1,12,sync__set,GPU,1.7326e+06,1.7326e+06,0
1,12,sync__,GPU,1.7326e+06,1.7326e+06,0
1,12,moe_gather,GPU,1.7326e+06,1.7326e+06,0
1,12,sync_for_moe_gather,GPU,1.7326e+06,1.7326e+06,0
1,12,sync__set,GPU,1.7326e+06,1.7326e+06,0
1,12,sync__,GPU,1.7326e+06,1.7326e+06,0
1,12,moe_all_reduce_for_gather,GPU,1.7326e+06,1.75093e+06,18327.7
1,12,sync_5,GPU,1.75093e+06,1.75093e+06,0
1,12,sync__set,GPU,1.75093e+06,1.75093e+06,0
1,12,sync__,GPU,1.75093e+06,1.75093e+06,0
1,12,sync_6,GPU,1.75093e+06,1.75093e+06,0
1,12,sync__set,GPU,1.75093e+06,1.75093e+06,0
1,12,sync__,GPU,1.75093e+06,1.75093e+06,0
1,12,residual_2,GPU,1.75093e+06,1.75097e+06,36.1589
1,13,MoE_decoder_13,GPU,1.75097e+06,1.88567e+06,134703
1,13,input_layer_norm,GPU,1.75097e+06,1.751e+06,36.1589
1,13,attention,GPU,1.751e+06,1.78069e+06,29690.1
1,13,attn_qkv_proj,GPU,1.751e+06,1.7572e+06,6193.22
1,13,Linear,GPU,1.751e+06,1.7572e+06,6193.22
1,13,self_attention,GPU,1.7572e+06,1.75823e+06,1035.05
1,13,AttentionSplit,GPU,1.7572e+06,1.7572e+06,0
1,13,AttentionSum,Logic,1.7572e+06,1.7572e+06,0
1,13,AttentionGen,Logic,1.7572e+06,1.75823e+06,1035.05
1,13,AttentionMerge,GPU,1.75823e+06,1.75823e+06,0
1,13,attn_o_proj,GPU,1.75823e+06,1.76237e+06,4134.17
1,13,Linear,GPU,1.75823e+06,1.76237e+06,4134.17
1,13,all_reduce,GPU,1.76237e+06,1.78069e+06,18327.7
1,13,residual_1,GPU,1.78069e+06,1.78073e+06,36.1589
1,13,post_attn_layer_norm,GPU,1.78073e+06,1.78077e+06,36.1589
1,13,expertFFN,GPU,1.78077e+06,1.88563e+06,104868
1,13,sync_0,GPU,1.78077e+06,1.78077e+06,0
1,13,sync__set,GPU,1.78077e+06,1.78077e+06,0
1,13,sync__,GPU,1.78077e+06,1.78077e+06,0
1,13,gate_fn,GPU,1.78077e+06,1.78081e+06,48.2433
1,13,Linear,GPU,1.78077e+06,1.78081e+06,48.2433
1,13,gate_update,GPU,1.78081e+06,1.78081e+06,0
1,13,moe_scatter,GPU,1.78081e+06,1.78081e+06,0
1,13,sync_for_moe_scatter,GPU,1.78081e+06,1.78081e+06,0
1,13,sync__set,GPU,1.78081e+06,1.78081e+06,0
1,13,sync__,GPU,1.78081e+06,1.78081e+06,0
1,13,moe_route,GPU,1.78081e+06,1.78081e+06,0
1,13,expert_FFN_2,GPU,1.78081e+06,1.78081e+06,0
1,13,gate_proj,GPU,1.78081e+06,1.78081e+06,0
1,13,Linear,Logic,1.78081e+06,1.78081e+06,0
1,13,activation,Logic,1.78081e+06,1.78081e+06,0
1,13,up_proj,GPU,1.78081e+06,1.78081e+06,0
1,13,Linear,Logic,1.78081e+06,1.78081e+06,0
1,13,down_proj,GPU,1.78081e+06,1.78081e+06,0
1,13,Linear,Logic,1.78081e+06,1.78081e+06,0
1,13,expert_FFN_3,GPU,1.78081e+06,1.82404e+06,43221.9
1,13,gate_proj,GPU,1.78081e+06,1.79522e+06,14403.8
1,13,Linear,Logic,1.78081e+06,1.79522e+06,14403.8
1,13,activation,Logic,1.79522e+06,1.79523e+06,10.5463
1,13,up_proj,GPU,1.79523e+06,1.80963e+06,14403.8
1,13,Linear,Logic,1.79523e+06,1.80963e+06,14403.8
1,13,down_proj,GPU,1.80963e+06,1.82404e+06,14403.8
1,13,Linear,Logic,1.80963e+06,1.82404e+06,14403.8
1,13,sync_2,GPU,1.82404e+06,1.86731e+06,43270.2
1,13,sync__set,GPU,1.82404e+06,1.82404e+06,0
1,13,sync__,GPU,1.82404e+06,1.86731e+06,43270.2
1,13,moe_all_reduce_for_e_tp,GPU,1.86731e+06,1.86731e+06,0
1,13,sync_3,GPU,1.86731e+06,1.86731e+06,0
1,13,sync__set,GPU,1.86731e+06,1.86731e+06,0
1,13,sync__,GPU,1.86731e+06,1.86731e+06,0
1,13,moe_gather,GPU,1.86731e+06,1.86731e+06,0
1,13,sync_for_moe_gather,GPU,1.86731e+06,1.86731e+06,0
1,13,sync__set,GPU,1.86731e+06,1.86731e+06,0
1,13,sync__,GPU,1.86731e+06,1.86731e+06,0
1,13,moe_all_reduce_for_gather,GPU,1.86731e+06,1.88563e+06,18327.7
1,13,sync_5,GPU,1.88563e+06,1.88563e+06,0
1,13,sync__set,GPU,1.88563e+06,1.88563e+06,0
1,13,sync__,GPU,1.88563e+06,1.88563e+06,0
1,13,sync_6,GPU,1.88563e+06,1.88563e+06,0
1,13,sync__set,GPU,1.88563e+06,1.88563e+06,0
1,13,sync__,GPU,1.88563e+06,1.88563e+06,0
1,13,residual_2,GPU,1.88563e+06,1.88567e+06,36.1589
1,14,MoE_decoder_14,GPU,1.88567e+06,2.02035e+06,134679
1,14,input_layer_norm,GPU,1.88567e+06,1.88571e+06,36.1589
1,14,attention,GPU,1.88571e+06,1.9154e+06,29690.1
1,14,attn_qkv_proj,GPU,1.88571e+06,1.8919e+06,6193.22
1,14,Linear,GPU,1.88571e+06,1.8919e+06,6193.22
1,14,self_attention,GPU,1.8919e+06,1.89293e+06,1035.05
1,14,AttentionSplit,GPU,1.8919e+06,1.8919e+06,0
1,14,AttentionSum,Logic,1.8919e+06,1.8919e+06,0
1,14,AttentionGen,Logic,1.8919e+06,1.89293e+06,1035.05
1,14,AttentionMerge,GPU,1.89293e+06,1.89293e+06,0
1,14,attn_o_proj,GPU,1.89293e+06,1.89707e+06,4134.17
1,14,Linear,GPU,1.89293e+06,1.89707e+06,4134.17
1,14,all_reduce,GPU,1.89707e+06,1.9154e+06,18327.7
1,14,residual_1,GPU,1.9154e+06,1.91543e+06,36.1589
1,14,post_attn_layer_norm,GPU,1.91543e+06,1.91547e+06,36.1589
1,14,expertFFN,GPU,1.91547e+06,2.02031e+06,104844
1,14,sync_0,GPU,1.91547e+06,1.91547e+06,0
1,14,sync__set,GPU,1.91547e+06,1.91547e+06,0
1,14,sync__,GPU,1.91547e+06,1.91547e+06,0
1,14,gate_fn,GPU,1.91547e+06,1.91552e+06,48.2433
1,14,Linear,GPU,1.91547e+06,1.91552e+06,48.2433
1,14,gate_update,GPU,1.91552e+06,1.91552e+06,0
1,14,moe_scatter,GPU,1.91552e+06,1.91552e+06,0
1,14,sync_for_moe_scatter,GPU,1.91552e+06,1.91552e+06,0
1,14,sync__set,GPU,1.91552e+06,1.91552e+06,0
1,14,sync__,GPU,1.91552e+06,1.91552e+06,0
1,14,moe_route,GPU,1.91552e+06,1.91552e+06,0
1,14,expert_FFN_2,GPU,1.91552e+06,1.91552e+06,0
1,14,gate_proj,GPU,1.91552e+06,1.91552e+06,0
1,14,Linear,Logic,1.91552e+06,1.91552e+06,0
1,14,activation,Logic,1.91552e+06,1.91552e+06,0
1,14,up_proj,GPU,1.91552e+06,1.91552e+06,0
1,14,Linear,Logic,1.91552e+06,1.91552e+06,0
1,14,down_proj,GPU,1.91552e+06,1.91552e+06,0
1,14,Linear,Logic,1.91552e+06,1.91552e+06,0
1,14,expert_FFN_3,GPU,1.91552e+06,1.95876e+06,43246
1,14,gate_proj,GPU,1.91552e+06,1.92993e+06,14408.3
1,14,Linear,Logic,1.91552e+06,1.92993e+06,14408.3
1,14,activation,Logic,1.92993e+06,1.92995e+06,21.0927
1,14,up_proj,GPU,1.92995e+06,1.94435e+06,14408.3
1,14,Linear,Logic,1.92995e+06,1.94435e+06,14408.3
1,14,down_proj,GPU,1.94435e+06,1.95876e+06,14408.3
1,14,Linear,Logic,1.94435e+06,1.95876e+06,14408.3
1,14,sync_2,GPU,1.95876e+06,2.00198e+06,43221.9
1,14,sync__set,GPU,1.95876e+06,1.95876e+06,0
1,14,sync__,GPU,1.95876e+06,2.00198e+06,43221.9
1,14,moe_all_reduce_for_e_tp,GPU,2.00198e+06,2.00198e+06,0
1,14,sync_3,GPU,2.00198e+06,2.00198e+06,0
1,14,sync__set,GPU,2.00198e+06,2.00198e+06,0
1,14,sync__,GPU,2.00198e+06,2.00198e+06,0
1,14,moe_gather,GPU,2.00198e+06,2.00198e+06,0
1,14,sync_for_moe_gather,GPU,2.00198e+06,2.00198e+06,0
1,14,sync__set,GPU,2.00198e+06,2.00198e+06,0
1,14,sync__,GPU,2.00198e+06,2.00198e+06,0
1,14,moe_all_reduce_for_gather,GPU,2.00198e+06,2.02031e+06,18327.7
1,14,sync_5,GPU,2.02031e+06,2.02031e+06,0
1,14,sync__set,GPU,2.02031e+06,2.02031e+06,0
1,14,sync__,GPU,2.02031e+06,2.02031e+06,0
1,14,sync_6,GPU,2.02031e+06,2.02031e+06,0
1,14,sync__set,GPU,2.02031e+06,2.02031e+06,0
1,14,sync__,GPU,2.02031e+06,2.02031e+06,0
1,14,residual_2,GPU,2.02031e+06,2.02035e+06,36.1589
1,15,MoE_decoder_15,GPU,2.02035e+06,2.155e+06,134655
1,15,input_layer_norm,GPU,2.02035e+06,2.02038e+06,36.1589
1,15,attention,GPU,2.02038e+06,2.05007e+06,29690.1
1,15,attn_qkv_proj,GPU,2.02038e+06,2.02658e+06,6193.22
1,15,Linear,GPU,2.02038e+06,2.02658e+06,6193.22
1,15,self_attention,GPU,2.02658e+06,2.02761e+06,1035.05
1,15,AttentionSplit,GPU,2.02658e+06,2.02658e+06,0
1,15,AttentionSum,Logic,2.02658e+06,2.02658e+06,0
1,15,AttentionGen,Logic,2.02658e+06,2.02761e+06,1035.05
1,15,AttentionMerge,GPU,2.02761e+06,2.02761e+06,0
1,15,attn_o_proj,GPU,2.02761e+06,2.03175e+06,4134.17
1,15,Linear,GPU,2.02761e+06,2.03175e+06,4134.17
1,15,all_reduce,GPU,2.03175e+06,2.05007e+06,18327.7
1,15,residual_1,GPU,2.05007e+06,2.05011e+06,36.1589
1,15,post_attn_layer_norm,GPU,2.05011e+06,2.05015e+06,36.1589
1,15,expertFFN,GPU,2.05015e+06,2.15497e+06,104820
1,15,sync_0,GPU,2.05015e+06,2.05015e+06,0
1,15,sync__set,GPU,2.05015e+06,2.05015e+06,0
1,15,sync__,GPU,2.05015e+06,2.05015e+06,0
1,15,gate_fn,GPU,2.05015e+06,2.0502e+06,48.2433
1,15,Linear,GPU,2.05015e+06,2.0502e+06,48.2433
1,15,gate_update,GPU,2.0502e+06,2.0502e+06,0
1,15,moe_scatter,GPU,2.0502e+06,2.0502e+06,0
1,15,sync_for_moe_scatter,GPU,2.0502e+06,2.0502e+06,0
1,15,sync__set,GPU,2.0502e+06,2.0502e+06,0
1,15,sync__,GPU,2.0502e+06,2.0502e+06,0
1,15,moe_route,GPU,2.0502e+06,2.0502e+06,0
1,15,expert_FFN_2,GPU,2.0502e+06,2.0502e+06,0
1,15,gate_proj,GPU,2.0502e+06,2.0502e+06,0
1,15,Linear,Logic,2.0502e+06,2.0502e+06,0
1,15,activation,Logic,2.0502e+06,2.0502e+06,0
1,15,up_proj,GPU,2.0502e+06,2.0502e+06,0
1,15,Linear,Logic,2.0502e+06,2.0502e+06,0
1,15,down_proj,GPU,2.0502e+06,2.0502e+06,0
1,15,Linear,Logic,2.0502e+06,2.0502e+06,0
1,15,expert_FFN_3,GPU,2.0502e+06,2.09342e+06,43221.9
1,15,gate_proj,GPU,2.0502e+06,2.0646e+06,14403.8
1,15,Linear,Logic,2.0502e+06,2.0646e+06,14403.8
1,15,activation,Logic,2.0646e+06,2.06461e+06,10.5463
1,15,up_proj,GPU,2.06461e+06,2.07901e+06,14403.8
1,15,Linear,Logic,2.06461e+06,2.07901e+06,14403.8
1,15,down_proj,GPU,2.07901e+06,2.09342e+06,14403.8
1,15,Linear,Logic,2.07901e+06,2.09342e+06,14403.8
1,15,sync_2,GPU,2.09342e+06,2.13664e+06,43221.9
1,15,sync__set,GPU,2.09342e+06,2.09342e+06,0
1,15,sync__,GPU,2.09342e+06,2.13664e+06,43221.9
1,15,moe_all_reduce_for_e_tp,GPU,2.13664e+06,2.13664e+06,0
1,15,sync_3,GPU,2.13664e+06,2.13664e+06,0
1,15,sync__set,GPU,2.13664e+06,2.13664e+06,0
1,15,sync__,GPU,2.13664e+06,2.13664e+06,0
1,15,moe_gather,GPU,2.13664e+06,2.13664e+06,0
1,15,sync_for_moe_gather,GPU,2.13664e+06,2.13664e+06,0
1,15,sync__set,GPU,2.13664e+06,2.13664e+06,0
1,15,sync__,GPU,2.13664e+06,2.13664e+06,0
1,15,moe_all_reduce_for_gather,GPU,2.13664e+06,2.15497e+06,18327.7
1,15,sync_5,GPU,2.15497e+06,2.15497e+06,0
1,15,sync__set,GPU,2.15497e+06,2.15497e+06,0
1,15,sync__,GPU,2.15497e+06,2.15497e+06,0
1,15,sync_6,GPU,2.15497e+06,2.15497e+06,0
1,15,sync__set,GPU,2.15497e+06,2.15497e+06,0
1,15,sync__,GPU,2.15497e+06,2.15497e+06,0
1,15,residual_2,GPU,2.15497e+06,2.155e+06,36.1589
1,16,MoE_decoder_16,GPU,2.155e+06,2.28968e+06,134679
1,16,input_layer_norm,GPU,2.155e+06,2.15504e+06,36.1589
1,16,attention,GPU,2.15504e+06,2.18473e+06,29690.1
1,16,attn_qkv_proj,GPU,2.15504e+06,2.16123e+06,6193.22
1,16,Linear,GPU,2.15504e+06,2.16123e+06,6193.22
1,16,self_attention,GPU,2.16123e+06,2.16227e+06,1035.05
1,16,AttentionSplit,GPU,2.16123e+06,2.16123e+06,0
1,16,AttentionSum,Logic,2.16123e+06,2.16123e+06,0
1,16,AttentionGen,Logic,2.16123e+06,2.16227e+06,1035.05
1,16,AttentionMerge,GPU,2.16227e+06,2.16227e+06,0
1,16,attn_o_proj,GPU,2.16227e+06,2.1664e+06,4134.17
1,16,Linear,GPU,2.16227e+06,2.1664e+06,4134.17
1,16,all_reduce,GPU,2.1664e+06,2.18473e+06,18327.7
1,16,residual_1,GPU,2.18473e+06,2.18477e+06,36.1589
1,16,post_attn_layer_norm,GPU,2.18477e+06,2.1848e+06,36.1589
1,16,expertFFN,GPU,2.1848e+06,2.28965e+06,104844
1,16,sync_0,GPU,2.1848e+06,2.1848e+06,0
1,16,sync__set,GPU,2.1848e+06,2.1848e+06,0
1,16,sync__,GPU,2.1848e+06,2.1848e+06,0
1,16,gate_fn,GPU,2.1848e+06,2.18485e+06,48.2433
1,16,Linear,GPU,2.1848e+06,2.18485e+06,48.2433
1,16,gate_update,GPU,2.18485e+06,2.18485e+06,0
1,16,moe_scatter,GPU,2.18485e+06,2.18485e+06,0
1,16,sync_for_moe_scatter,GPU,2.18485e+06,2.18485e+06,0
1,16,sync__set,GPU,2.18485e+06,2.18485e+06,0
1,16,sync__,GPU,2.18485e+06,2.18485e+06,0
1,16,moe_route,GPU,2.18485e+06,2.18485e+06,0
1,16,expert_FFN_2,GPU,2.18485e+06,2.18485e+06,0
1,16,gate_proj,GPU,2.18485e+06,2.18485e+06,0
1,16,Linear,Logic,2.18485e+06,2.18485e+06,0
1,16,activation,Logic,2.18485e+06,2.18485e+06,0
1,16,up_proj,GPU,2.18485e+06,2.18485e+06,0
1,16,Linear,Logic,2.18485e+06,2.18485e+06,0
1,16,down_proj,GPU,2.18485e+06,2.18485e+06,0
1,16,Linear,Logic,2.18485e+06,2.18485e+06,0
1,16,expert_FFN_3,GPU,2.18485e+06,2.22807e+06,43221.9
1,16,gate_proj,GPU,2.18485e+06,2.19925e+06,14403.8
1,16,Linear,Logic,2.18485e+06,2.19925e+06,14403.8
1,16,activation,Logic,2.19925e+06,2.19926e+06,10.5463
1,16,up_proj,GPU,2.19926e+06,2.21367e+06,14403.8
1,16,Linear,Logic,2.19926e+06,2.21367e+06,14403.8
1,16,down_proj,GPU,2.21367e+06,2.22807e+06,14403.8
1,16,Linear,Logic,2.21367e+06,2.22807e+06,14403.8
1,16,sync_2,GPU,2.22807e+06,2.27132e+06,43246
1,16,sync__set,GPU,2.22807e+06,2.22807e+06,0
1,16,sync__,GPU,2.22807e+06,2.27132e+06,43246
1,16,moe_all_reduce_for_e_tp,GPU,2.27132e+06,2.27132e+06,0
1,16,sync_3,GPU,2.27132e+06,2.27132e+06,0
1,16,sync__set,GPU,2.27132e+06,2.27132e+06,0
1,16,sync__,GPU,2.27132e+06,2.27132e+06,0
1,16,moe_gather,GPU,2.27132e+06,2.27132e+06,0
1,16,sync_for_moe_gather,GPU,2.27132e+06,2.27132e+06,0
1,16,sync__set,GPU,2.27132e+06,2.27132e+06,0
1,16,sync__,GPU,2.27132e+06,2.27132e+06,0
1,16,moe_all_reduce_for_gather,GPU,2.27132e+06,2.28965e+06,18327.7
1,16,sync_5,GPU,2.28965e+06,2.28965e+06,0
1,16,sync__set,GPU,2.28965e+06,2.28965e+06,0
1,16,sync__,GPU,2.28965e+06,2.28965e+06,0
1,16,sync_6,GPU,2.28965e+06,2.28965e+06,0
1,16,sync__set,GPU,2.28965e+06,2.28965e+06,0
1,16,sync__,GPU,2.28965e+06,2.28965e+06,0
1,16,residual_2,GPU,2.28965e+06,2.28968e+06,36.1589
1,17,MoE_decoder_17,GPU,2.28968e+06,2.42436e+06,134679
1,17,input_layer_norm,GPU,2.28968e+06,2.28972e+06,36.1589
1,17,attention,GPU,2.28972e+06,2.31941e+06,29690.1
1,17,attn_qkv_proj,GPU,2.28972e+06,2.29591e+06,6193.22
1,17,Linear,GPU,2.28972e+06,2.29591e+06,6193.22
1,17,self_attention,GPU,2.29591e+06,2.29695e+06,1035.05
1,17,AttentionSplit,GPU,2.29591e+06,2.29591e+06,0
1,17,AttentionSum,Logic,2.29591e+06,2.29591e+06,0
1,17,AttentionGen,Logic,2.29591e+06,2.29695e+06,1035.05
1,17,AttentionMerge,GPU,2.29695e+06,2.29695e+06,0
1,17,attn_o_proj,GPU,2.29695e+06,2.30108e+06,4134.17
1,17,Linear,GPU,2.29695e+06,2.30108e+06,4134.17
1,17,all_reduce,GPU,2.30108e+06,2.31941e+06,18327.7
1,17,residual_1,GPU,2.31941e+06,2.31944e+06,36.1589
1,17,post_attn_layer_norm,GPU,2.31944e+06,2.31948e+06,36.1589
1,17,expertFFN,GPU,2.31948e+06,2.42432e+06,104844
1,17,sync_0,GPU,2.31948e+06,2.31948e+06,0
1,17,sync__set,GPU,2.31948e+06,2.31948e+06,0
1,17,sync__,GPU,2.31948e+06,2.31948e+06,0
1,17,gate_fn,GPU,2.31948e+06,2.31953e+06,48.2433
1,17,Linear,GPU,2.31948e+06,2.31953e+06,48.2433
1,17,gate_update,GPU,2.31953e+06,2.31953e+06,0
1,17,moe_scatter,GPU,2.31953e+06,2.31953e+06,0
1,17,sync_for_moe_scatter,GPU,2.31953e+06,2.31953e+06,0
1,17,sync__set,GPU,2.31953e+06,2.31953e+06,0
1,17,sync__,GPU,2.31953e+06,2.31953e+06,0
1,17,moe_route,GPU,2.31953e+06,2.31953e+06,0
1,17,expert_FFN_2,GPU,2.31953e+06,2.36275e+06,43221.9
1,17,gate_proj,GPU,2.31953e+06,2.33393e+06,14403.8
1,17,Linear,Logic,2.31953e+06,2.33393e+06,14403.8
1,17,activation,Logic,2.33393e+06,2.33394e+06,10.5463
1,17,up_proj,GPU,2.33394e+06,2.34835e+06,14403.8
1,17,Linear,Logic,2.33394e+06,2.34835e+06,14403.8
1,17,down_proj,GPU,2.34835e+06,2.36275e+06,14403.8
1,17,Linear,Logic,2.34835e+06,2.36275e+06,14403.8
1,17,expert_FFN_3,GPU,2.36275e+06,2.40597e+06,43221.9
1,17,gate_proj,GPU,2.36275e+06,2.37715e+06,14403.8
1,17,Linear,Logic,2.36275e+06,2.37715e+06,14403.8
1,17,activation,Logic,2.37715e+06,2.37716e+06,10.5463
1,17,up_proj,GPU,2.37716e+06,2.39157e+06,14403.8
1,17,Linear,Logic,2.37716e+06,2.39157e+06,14403.8
1,17,down_proj,GPU,2.39157e+06,2.40597e+06,14403.8
1,17,Linear,Logic,2.39157e+06,2.40597e+06,14403.8
1,17,sync_2,GPU,2.40597e+06,2.406e+06,24.1059
1,17,sync__set,GPU,2.40597e+06,2.40597e+06,0
1,17,sync__,GPU,2.40597e+06,2.406e+06,24.1059
1,17,moe_all_reduce_for_e_tp,GPU,2.406e+06,2.406e+06,0
1,17,sync_3,GPU,2.406e+06,2.406e+06,0
1,17,sync__set,GPU,2.406e+06,2.406e+06,0
1,17,sync__,GPU,2.406e+06,2.406e+06,0
1,17,moe_gather,GPU,2.406e+06,2.406e+06,0
1,17,sync_for_moe_gather,GPU,2.406e+06,2.406e+06,0
1,17,sync__set,GPU,2.406e+06,2.406e+06,0
1,17,sync__,GPU,2.406e+06,2.406e+06,0
1,17,moe_all_reduce_for_gather,GPU,2.406e+06,2.42432e+06,18327.7
1,17,sync_5,GPU,2.42432e+06,2.42432e+06,0
1,17,sync__set,GPU,2.42432e+06,2.42432e+06,0
1,17,sync__,GPU,2.42432e+06,2.42432e+06,0
1,17,sync_6,GPU,2.42432e+06,2.42432e+06,0
1,17,sync__set,GPU,2.42432e+06,2.42432e+06,0
1,17,sync__,GPU,2.42432e+06,2.42432e+06,0
1,17,residual_2,GPU,2.42432e+06,2.42436e+06,36.1589
1,18,MoE_decoder_18,GPU,2.42436e+06,2.55906e+06,134703
1,18,input_layer_norm,GPU,2.42436e+06,2.4244e+06,36.1589
1,18,attention,GPU,2.4244e+06,2.45409e+06,29690.1
1,18,attn_qkv_proj,GPU,2.4244e+06,2.43059e+06,6193.22
1,18,Linear,GPU,2.4244e+06,2.43059e+06,6193.22
1,18,self_attention,GPU,2.43059e+06,2.43162e+06,1035.05
1,18,AttentionSplit,GPU,2.43059e+06,2.43059e+06,0
1,18,AttentionSum,Logic,2.43059e+06,2.43059e+06,0
1,18,AttentionGen,Logic,2.43059e+06,2.43162e+06,1035.05
1,18,AttentionMerge,GPU,2.43162e+06,2.43162e+06,0
1,18,attn_o_proj,GPU,2.43162e+06,2.43576e+06,4134.17
1,18,Linear,GPU,2.43162e+06,2.43576e+06,4134.17
1,18,all_reduce,GPU,2.43576e+06,2.45409e+06,18327.7
1,18,residual_1,GPU,2.45409e+06,2.45412e+06,36.1589
1,18,post_attn_layer_norm,GPU,2.45412e+06,2.45416e+06,36.1589
1,18,expertFFN,GPU,2.45416e+06,2.55903e+06,104868
1,18,sync_0,GPU,2.45416e+06,2.45416e+06,0
1,18,sync__set,GPU,2.45416e+06,2.45416e+06,0
1,18,sync__,GPU,2.45416e+06,2.45416e+06,0
1,18,gate_fn,GPU,2.45416e+06,2.45421e+06,48.2433
1,18,Linear,GPU,2.45416e+06,2.45421e+06,48.2433
1,18,gate_update,GPU,2.45421e+06,2.45421e+06,0
1,18,moe_scatter,GPU,2.45421e+06,2.45421e+06,0
1,18,sync_for_moe_scatter,GPU,2.45421e+06,2.45421e+06,0
1,18,sync__set,GPU,2.45421e+06,2.45421e+06,0
1,18,sync__,GPU,2.45421e+06,2.45421e+06,0
1,18,moe_route,GPU,2.45421e+06,2.45421e+06,0
1,18,expert_FFN_2,GPU,2.45421e+06,2.45421e+06,0
1,18,gate_proj,GPU,2.45421e+06,2.45421e+06,0
1,18,Linear,Logic,2.45421e+06,2.45421e+06,0
1,18,activation,Logic,2.45421e+06,2.45421e+06,0
1,18,up_proj,GPU,2.45421e+06,2.45421e+06,0
1,18,Linear,Logic,2.45421e+06,2.45421e+06,0
1,18,down_proj,GPU,2.45421e+06,2.45421e+06,0
1,18,Linear,Logic,2.45421e+06,2.45421e+06,0
1,18,expert_FFN_3,GPU,2.45421e+06,2.49743e+06,43221.9
1,18,gate_proj,GPU,2.45421e+06,2.46861e+06,14403.8
1,18,Linear,Logic,2.45421e+06,2.46861e+06,14403.8
1,18,activation,Logic,2.46861e+06,2.46862e+06,10.5463
1,18,up_proj,GPU,2.46862e+06,2.48303e+06,14403.8
1,18,Linear,Logic,2.46862e+06,2.48303e+06,14403.8
1,18,down_proj,GPU,2.48303e+06,2.49743e+06,14403.8
1,18,Linear,Logic,2.48303e+06,2.49743e+06,14403.8
1,18,sync_2,GPU,2.49743e+06,2.5407e+06,43270.2
1,18,sync__set,GPU,2.49743e+06,2.49743e+06,0
1,18,sync__,GPU,2.49743e+06,2.5407e+06,43270.2
1,18,moe_all_reduce_for_e_tp,GPU,2.5407e+06,2.5407e+06,0
1,18,sync_3,GPU,2.5407e+06,2.5407e+06,0
1,18,sync__set,GPU,2.5407e+06,2.5407e+06,0
1,18,sync__,GPU,2.5407e+06,2.5407e+06,0
1,18,moe_gather,GPU,2.5407e+06,2.5407e+06,0
1,18,sync_for_moe_gather,GPU,2.5407e+06,2.5407e+06,0
1,18,sync__set,GPU,2.5407e+06,2.5407e+06,0
1,18,sync__,GPU,2.5407e+06,2.5407e+06,0
1,18,moe_all_reduce_for_gather,GPU,2.5407e+06,2.55903e+06,18327.7
1,18,sync_5,GPU,2.55903e+06,2.55903e+06,0
1,18,sync__set,GPU,2.55903e+06,2.55903e+06,0
1,18,sync__,GPU,2.55903e+06,2.55903e+06,0
1,18,sync_6,GPU,2.55903e+06,2.55903e+06,0
1,18,sync__set,GPU,2.55903e+06,2.55903e+06,0
1,18,sync__,GPU,2.55903e+06,2.55903e+06,0
1,18,residual_2,GPU,2.55903e+06,2.55906e+06,36.1589
1,19,MoE_decoder_19,GPU,2.55906e+06,2.65054e+06,91480.8
1,19,input_layer_norm,GPU,2.55906e+06,2.5591e+06,36.1589
1,19,attention,GPU,2.5591e+06,2.58879e+06,29690.1
1,19,attn_qkv_proj,GPU,2.5591e+06,2.56529e+06,6193.22
1,19,Linear,GPU,2.5591e+06,2.56529e+06,6193.22
1,19,self_attention,GPU,2.56529e+06,2.56633e+06,1035.05
1,19,AttentionSplit,GPU,2.56529e+06,2.56529e+06,0
1,19,AttentionSum,Logic,2.56529e+06,2.56529e+06,0
1,19,AttentionGen,Logic,2.56529e+06,2.56633e+06,1035.05
1,19,AttentionMerge,GPU,2.56633e+06,2.56633e+06,0
1,19,attn_o_proj,GPU,2.56633e+06,2.57046e+06,4134.17
1,19,Linear,GPU,2.56633e+06,2.57046e+06,4134.17
1,19,all_reduce,GPU,2.57046e+06,2.58879e+06,18327.7
1,19,residual_1,GPU,2.58879e+06,2.58883e+06,36.1589
1,19,post_attn_layer_norm,GPU,2.58883e+06,2.58886e+06,36.1589
1,19,expertFFN,GPU,2.58886e+06,2.65051e+06,61646.1
1,19,sync_0,GPU,2.58886e+06,2.58886e+06,0
1,19,sync__set,GPU,2.58886e+06,2.58886e+06,0
1,19,sync__,GPU,2.58886e+06,2.58886e+06,0
1,19,gate_fn,GPU,2.58886e+06,2.58891e+06,48.2433
1,19,Linear,GPU,2.58886e+06,2.58891e+06,48.2433
1,19,gate_update,GPU,2.58891e+06,2.58891e+06,0
1,19,moe_scatter,GPU,2.58891e+06,2.58891e+06,0
1,19,sync_for_moe_scatter,GPU,2.58891e+06,2.58891e+06,0
1,19,sync__set,GPU,2.58891e+06,2.58891e+06,0
1,19,sync__,GPU,2.58891e+06,2.58891e+06,0
1,19,moe_route,GPU,2.58891e+06,2.58891e+06,0
1,19,expert_FFN_2,GPU,2.58891e+06,2.63218e+06,43270.2
1,19,gate_proj,GPU,2.58891e+06,2.60332e+06,14412.8
1,19,Linear,Logic,2.58891e+06,2.60332e+06,14412.8
1,19,activation,Logic,2.60332e+06,2.60335e+06,31.639
1,19,up_proj,GPU,2.60335e+06,2.61777e+06,14412.8
1,19,Linear,Logic,2.60335e+06,2.61777e+06,14412.8
1,19,down_proj,GPU,2.61777e+06,2.63218e+06,14412.8
1,19,Linear,Logic,2.61777e+06,2.63218e+06,14412.8
1,19,expert_FFN_3,GPU,2.63218e+06,2.63218e+06,0
1,19,gate_proj,GPU,2.63218e+06,2.63218e+06,0
1,19,Linear,Logic,2.63218e+06,2.63218e+06,0
1,19,activation,Logic,2.63218e+06,2.63218e+06,0
1,19,up_proj,GPU,2.63218e+06,2.63218e+06,0
1,19,Linear,Logic,2.63218e+06,2.63218e+06,0
1,19,down_proj,GPU,2.63218e+06,2.63218e+06,0
1,19,Linear,Logic,2.63218e+06,2.63218e+06,0
1,19,sync_2,GPU,2.63218e+06,2.63218e+06,0
1,19,sync__set,GPU,2.63218e+06,2.63218e+06,0
1,19,sync__,GPU,2.63218e+06,2.63218e+06,0
1,19,moe_all_reduce_for_e_tp,GPU,2.63218e+06,2.63218e+06,0
1,19,sync_3,GPU,2.63218e+06,2.63218e+06,0
1,19,sync__set,GPU,2.63218e+06,2.63218e+06,0
1,19,sync__,GPU,2.63218e+06,2.63218e+06,0
1,19,moe_gather,GPU,2.63218e+06,2.63218e+06,0
1,19,sync_for_moe_gather,GPU,2.63218e+06,2.63218e+06,0
1,19,sync__set,GPU,2.63218e+06,2.63218e+06,0
1,19,sync__,GPU,2.63218e+06,2.63218e+06,0
1,19,moe_all_reduce_for_gather,GPU,2.63218e+06,2.65051e+06,18327.7
1,19,sync_5,GPU,2.65051e+06,2.65051e+06,0
1,19,sync__set,GPU,2.65051e+06,2.65051e+06,0
1,19,sync__,GPU,2.65051e+06,2.65051e+06,0
1,19,sync_6,GPU,2.65051e+06,2.65051e+06,0
1,19,sync__set,GPU,2.65051e+06,2.65051e+06,0
1,19,sync__,GPU,2.65051e+06,2.65051e+06,0
1,19,residual_2,GPU,2.65051e+06,2.65054e+06,36.1589
1,20,MoE_decoder_20,GPU,2.65054e+06,2.78522e+06,134679
1,20,input_layer_norm,GPU,2.65054e+06,2.65058e+06,36.1589
1,20,attention,GPU,2.65058e+06,2.68027e+06,29690.1
1,20,attn_qkv_proj,GPU,2.65058e+06,2.65677e+06,6193.22
1,20,Linear,GPU,2.65058e+06,2.65677e+06,6193.22
1,20,self_attention,GPU,2.65677e+06,2.65781e+06,1035.05
1,20,AttentionSplit,GPU,2.65677e+06,2.65677e+06,0
1,20,AttentionSum,Logic,2.65677e+06,2.65677e+06,0
1,20,AttentionGen,Logic,2.65677e+06,2.65781e+06,1035.05
1,20,AttentionMerge,GPU,2.65781e+06,2.65781e+06,0
1,20,attn_o_proj,GPU,2.65781e+06,2.66194e+06,4134.17
1,20,Linear,GPU,2.65781e+06,2.66194e+06,4134.17
1,20,all_reduce,GPU,2.66194e+06,2.68027e+06,18327.7
1,20,residual_1,GPU,2.68027e+06,2.68031e+06,36.1589
1,20,post_attn_layer_norm,GPU,2.68031e+06,2.68034e+06,36.1589
1,20,expertFFN,GPU,2.68034e+06,2.78519e+06,104844
1,20,sync_0,GPU,2.68034e+06,2.68034e+06,0
1,20,sync__set,GPU,2.68034e+06,2.68034e+06,0
1,20,sync__,GPU,2.68034e+06,2.68034e+06,0
1,20,gate_fn,GPU,2.68034e+06,2.68039e+06,48.2433
1,20,Linear,GPU,2.68034e+06,2.68039e+06,48.2433
1,20,gate_update,GPU,2.68039e+06,2.68039e+06,0
1,20,moe_scatter,GPU,2.68039e+06,2.68039e+06,0
1,20,sync_for_moe_scatter,GPU,2.68039e+06,2.68039e+06,0
1,20,sync__set,GPU,2.68039e+06,2.68039e+06,0
1,20,sync__,GPU,2.68039e+06,2.68039e+06,0
1,20,moe_route,GPU,2.68039e+06,2.68039e+06,0
1,20,expert_FFN_2,GPU,2.68039e+06,2.68039e+06,0
1,20,gate_proj,GPU,2.68039e+06,2.68039e+06,0
1,20,Linear,Logic,2.68039e+06,2.68039e+06,0
1,20,activation,Logic,2.68039e+06,2.68039e+06,0
1,20,up_proj,GPU,2.68039e+06,2.68039e+06,0
1,20,Linear,Logic,2.68039e+06,2.68039e+06,0
1,20,down_proj,GPU,2.68039e+06,2.68039e+06,0
1,20,Linear,Logic,2.68039e+06,2.68039e+06,0
1,20,expert_FFN_3,GPU,2.68039e+06,2.72364e+06,43246
1,20,gate_proj,GPU,2.68039e+06,2.6948e+06,14408.3
1,20,Linear,Logic,2.68039e+06,2.6948e+06,14408.3
1,20,activation,Logic,2.6948e+06,2.69482e+06,21.0927
1,20,up_proj,GPU,2.69482e+06,2.70923e+06,14408.3
1,20,Linear,Logic,2.69482e+06,2.70923e+06,14408.3
1,20,down_proj,GPU,2.70923e+06,2.72364e+06,14408.3
1,20,Linear,Logic,2.70923e+06,2.72364e+06,14408.3
1,20,sync_2,GPU,2.72364e+06,2.76686e+06,43221.9
1,20,sync__set,GPU,2.72364e+06,2.72364e+06,0
1,20,sync__,GPU,2.72364e+06,2.76686e+06,43221.9
1,20,moe_all_reduce_for_e_tp,GPU,2.76686e+06,2.76686e+06,0
1,20,sync_3,GPU,2.76686e+06,2.76686e+06,0
1,20,sync__set,GPU,2.76686e+06,2.76686e+06,0
1,20,sync__,GPU,2.76686e+06,2.76686e+06,0
1,20,moe_gather,GPU,2.76686e+06,2.76686e+06,0
1,20,sync_for_moe_gather,GPU,2.76686e+06,2.76686e+06,0
1,20,sync__set,GPU,2.76686e+06,2.76686e+06,0
1,20,sync__,GPU,2.76686e+06,2.76686e+06,0
1,20,moe_all_reduce_for_gather,GPU,2.76686e+06,2.78519e+06,18327.7
1,20,sync_5,GPU,2.78519e+06,2.78519e+06,0
1,20,sync__set,GPU,2.78519e+06,2.78519e+06,0
1,20,sync__,GPU,2.78519e+06,2.78519e+06,0
1,20,sync_6,GPU,2.78519e+06,2.78519e+06,0
1,20,sync__set,GPU,2.78519e+06,2.78519e+06,0
1,20,sync__,GPU,2.78519e+06,2.78519e+06,0
1,20,residual_2,GPU,2.78519e+06,2.78522e+06,36.1589
1,21,MoE_decoder_21,GPU,2.78522e+06,2.91995e+06,134727
1,21,input_layer_norm,GPU,2.78522e+06,2.78526e+06,36.1589
1,21,attention,GPU,2.78526e+06,2.81495e+06,29690.1
1,21,attn_qkv_proj,GPU,2.78526e+06,2.79145e+06,6193.22
1,21,Linear,GPU,2.78526e+06,2.79145e+06,6193.22
1,21,self_attention,GPU,2.79145e+06,2.79249e+06,1035.05
1,21,AttentionSplit,GPU,2.79145e+06,2.79145e+06,0
1,21,AttentionSum,Logic,2.79145e+06,2.79145e+06,0
1,21,AttentionGen,Logic,2.79145e+06,2.79249e+06,1035.05
1,21,AttentionMerge,GPU,2.79249e+06,2.79249e+06,0
1,21,attn_o_proj,GPU,2.79249e+06,2.79662e+06,4134.17
1,21,Linear,GPU,2.79249e+06,2.79662e+06,4134.17
1,21,all_reduce,GPU,2.79662e+06,2.81495e+06,18327.7
1,21,residual_1,GPU,2.81495e+06,2.81499e+06,36.1589
1,21,post_attn_layer_norm,GPU,2.81499e+06,2.81502e+06,36.1589
1,21,expertFFN,GPU,2.81502e+06,2.91991e+06,104892
1,21,sync_0,GPU,2.81502e+06,2.81502e+06,0
1,21,sync__set,GPU,2.81502e+06,2.81502e+06,0
1,21,sync__,GPU,2.81502e+06,2.81502e+06,0
1,21,gate_fn,GPU,2.81502e+06,2.81507e+06,48.2433
1,21,Linear,GPU,2.81502e+06,2.81507e+06,48.2433
1,21,gate_update,GPU,2.81507e+06,2.81507e+06,0
1,21,moe_scatter,GPU,2.81507e+06,2.81507e+06,0
1,21,sync_for_moe_scatter,GPU,2.81507e+06,2.81507e+06,0
1,21,sync__set,GPU,2.81507e+06,2.81507e+06,0
1,21,sync__,GPU,2.81507e+06,2.81507e+06,0
1,21,moe_route,GPU,2.81507e+06,2.81507e+06,0
1,21,expert_FFN_2,GPU,2.81507e+06,2.85829e+06,43221.9
1,21,gate_proj,GPU,2.81507e+06,2.82947e+06,14403.8
1,21,Linear,Logic,2.81507e+06,2.82947e+06,14403.8
1,21,activation,Logic,2.82947e+06,2.82948e+06,10.5463
1,21,up_proj,GPU,2.82948e+06,2.84389e+06,14403.8
1,21,Linear,Logic,2.82948e+06,2.84389e+06,14403.8
1,21,down_proj,GPU,2.84389e+06,2.85829e+06,14403.8
1,21,Linear,Logic,2.84389e+06,2.85829e+06,14403.8
1,21,expert_FFN_3,GPU,2.85829e+06,2.90151e+06,43221.9
1,21,gate_proj,GPU,2.85829e+06,2.8727e+06,14403.8
1,21,Linear,Logic,2.85829e+06,2.8727e+06,14403.8
1,21,activation,Logic,2.8727e+06,2.87271e+06,10.5463
1,21,up_proj,GPU,2.87271e+06,2.88711e+06,14403.8
1,21,Linear,Logic,2.87271e+06,2.88711e+06,14403.8
1,21,down_proj,GPU,2.88711e+06,2.90151e+06,14403.8
1,21,Linear,Logic,2.88711e+06,2.90151e+06,14403.8
1,21,sync_2,GPU,2.90151e+06,2.90159e+06,72.3178
1,21,sync__set,GPU,2.90151e+06,2.90151e+06,0
1,21,sync__,GPU,2.90151e+06,2.90159e+06,72.3178
1,21,moe_all_reduce_for_e_tp,GPU,2.90159e+06,2.90159e+06,0
1,21,sync_3,GPU,2.90159e+06,2.90159e+06,0
1,21,sync__set,GPU,2.90159e+06,2.90159e+06,0
1,21,sync__,GPU,2.90159e+06,2.90159e+06,0
1,21,moe_gather,GPU,2.90159e+06,2.90159e+06,0
1,21,sync_for_moe_gather,GPU,2.90159e+06,2.90159e+06,0
1,21,sync__set,GPU,2.90159e+06,2.90159e+06,0
1,21,sync__,GPU,2.90159e+06,2.90159e+06,0
1,21,moe_all_reduce_for_gather,GPU,2.90159e+06,2.91991e+06,18327.7
1,21,sync_5,GPU,2.91991e+06,2.91991e+06,0
1,21,sync__set,GPU,2.91991e+06,2.91991e+06,0
1,21,sync__,GPU,2.91991e+06,2.91991e+06,0
1,21,sync_6,GPU,2.91991e+06,2.91991e+06,0
1,21,sync__set,GPU,2.91991e+06,2.91991e+06,0
1,21,sync__,GPU,2.91991e+06,2.91991e+06,0
1,21,residual_2,GPU,2.91991e+06,2.91995e+06,36.1589
1,22,MoE_decoder_22,GPU,2.91995e+06,3.01143e+06,91480.8
1,22,input_layer_norm,GPU,2.91995e+06,2.91999e+06,36.1589
1,22,attention,GPU,2.91999e+06,2.94968e+06,29690.1
1,22,attn_qkv_proj,GPU,2.91999e+06,2.92618e+06,6193.22
1,22,Linear,GPU,2.91999e+06,2.92618e+06,6193.22
1,22,self_attention,GPU,2.92618e+06,2.92721e+06,1035.05
1,22,AttentionSplit,GPU,2.92618e+06,2.92618e+06,0
1,22,AttentionSum,Logic,2.92618e+06,2.92618e+06,0
1,22,AttentionGen,Logic,2.92618e+06,2.92721e+06,1035.05
1,22,AttentionMerge,GPU,2.92721e+06,2.92721e+06,0
1,22,attn_o_proj,GPU,2.92721e+06,2.93135e+06,4134.17
1,22,Linear,GPU,2.92721e+06,2.93135e+06,4134.17
1,22,all_reduce,GPU,2.93135e+06,2.94968e+06,18327.7
1,22,residual_1,GPU,2.94968e+06,2.94971e+06,36.1589
1,22,post_attn_layer_norm,GPU,2.94971e+06,2.94975e+06,36.1589
1,22,expertFFN,GPU,2.94975e+06,3.01139e+06,61646.1
1,22,sync_0,GPU,2.94975e+06,2.94975e+06,0
1,22,sync__set,GPU,2.94975e+06,2.94975e+06,0
1,22,sync__,GPU,2.94975e+06,2.94975e+06,0
1,22,gate_fn,GPU,2.94975e+06,2.9498e+06,48.2433
1,22,Linear,GPU,2.94975e+06,2.9498e+06,48.2433
1,22,gate_update,GPU,2.9498e+06,2.9498e+06,0
1,22,moe_scatter,GPU,2.9498e+06,2.9498e+06,0
1,22,sync_for_moe_scatter,GPU,2.9498e+06,2.9498e+06,0
1,22,sync__set,GPU,2.9498e+06,2.9498e+06,0
1,22,sync__,GPU,2.9498e+06,2.9498e+06,0
1,22,moe_route,GPU,2.9498e+06,2.9498e+06,0
1,22,expert_FFN_2,GPU,2.9498e+06,2.9498e+06,0
1,22,gate_proj,GPU,2.9498e+06,2.9498e+06,0
1,22,Linear,Logic,2.9498e+06,2.9498e+06,0
1,22,activation,Logic,2.9498e+06,2.9498e+06,0
1,22,up_proj,GPU,2.9498e+06,2.9498e+06,0
1,22,Linear,Logic,2.9498e+06,2.9498e+06,0
1,22,down_proj,GPU,2.9498e+06,2.9498e+06,0
1,22,Linear,Logic,2.9498e+06,2.9498e+06,0
1,22,expert_FFN_3,GPU,2.9498e+06,2.99304e+06,43246
1,22,gate_proj,GPU,2.9498e+06,2.9642e+06,14408.3
1,22,Linear,Logic,2.9498e+06,2.9642e+06,14408.3
1,22,activation,Logic,2.9642e+06,2.96423e+06,21.0927
1,22,up_proj,GPU,2.96423e+06,2.97863e+06,14408.3
1,22,Linear,Logic,2.96423e+06,2.97863e+06,14408.3
1,22,down_proj,GPU,2.97863e+06,2.99304e+06,14408.3
1,22,Linear,Logic,2.97863e+06,2.99304e+06,14408.3
1,22,sync_2,GPU,2.99304e+06,2.99307e+06,24.1059
1,22,sync__set,GPU,2.99304e+06,2.99304e+06,0
1,22,sync__,GPU,2.99304e+06,2.99307e+06,24.1059
1,22,moe_all_reduce_for_e_tp,GPU,2.99307e+06,2.99307e+06,0
1,22,sync_3,GPU,2.99307e+06,2.99307e+06,0
1,22,sync__set,GPU,2.99307e+06,2.99307e+06,0
1,22,sync__,GPU,2.99307e+06,2.99307e+06,0
1,22,moe_gather,GPU,2.99307e+06,2.99307e+06,0
1,22,sync_for_moe_gather,GPU,2.99307e+06,2.99307e+06,0
1,22,sync__set,GPU,2.99307e+06,2.99307e+06,0
1,22,sync__,GPU,2.99307e+06,2.99307e+06,0
1,22,moe_all_reduce_for_gather,GPU,2.99307e+06,3.01139e+06,18327.7
1,22,sync_5,GPU,3.01139e+06,3.01139e+06,0
1,22,sync__set,GPU,3.01139e+06,3.01139e+06,0
1,22,sync__,GPU,3.01139e+06,3.01139e+06,0
1,22,sync_6,GPU,3.01139e+06,3.01139e+06,0
1,22,sync__set,GPU,3.01139e+06,3.01139e+06,0
1,22,sync__,GPU,3.01139e+06,3.01139e+06,0
1,22,residual_2,GPU,3.01139e+06,3.01143e+06,36.1589
1,23,MoE_decoder_23,GPU,3.01143e+06,3.14611e+06,134679
1,23,input_layer_norm,GPU,3.01143e+06,3.01147e+06,36.1589
1,23,attention,GPU,3.01147e+06,3.04116e+06,29690.1
1,23,attn_qkv_proj,GPU,3.01147e+06,3.01766e+06,6193.22
1,23,Linear,GPU,3.01147e+06,3.01766e+06,6193.22
1,23,self_attention,GPU,3.01766e+06,3.01869e+06,1035.05
1,23,AttentionSplit,GPU,3.01766e+06,3.01766e+06,0
1,23,AttentionSum,Logic,3.01766e+06,3.01766e+06,0
1,23,AttentionGen,Logic,3.01766e+06,3.01869e+06,1035.05
1,23,AttentionMerge,GPU,3.01869e+06,3.01869e+06,0
1,23,attn_o_proj,GPU,3.01869e+06,3.02283e+06,4134.17
1,23,Linear,GPU,3.01869e+06,3.02283e+06,4134.17
1,23,all_reduce,GPU,3.02283e+06,3.04116e+06,18327.7
1,23,residual_1,GPU,3.04116e+06,3.04119e+06,36.1589
1,23,post_attn_layer_norm,GPU,3.04119e+06,3.04123e+06,36.1589
1,23,expertFFN,GPU,3.04123e+06,3.14607e+06,104844
1,23,sync_0,GPU,3.04123e+06,3.04123e+06,0
1,23,sync__set,GPU,3.04123e+06,3.04123e+06,0
1,23,sync__,GPU,3.04123e+06,3.04123e+06,0
1,23,gate_fn,GPU,3.04123e+06,3.04128e+06,48.2433
1,23,Linear,GPU,3.04123e+06,3.04128e+06,48.2433
1,23,gate_update,GPU,3.04128e+06,3.04128e+06,0
1,23,moe_scatter,GPU,3.04128e+06,3.04128e+06,0
1,23,sync_for_moe_scatter,GPU,3.04128e+06,3.04128e+06,0
1,23,sync__set,GPU,3.04128e+06,3.04128e+06,0
1,23,sync__,GPU,3.04128e+06,3.04128e+06,0
1,23,moe_route,GPU,3.04128e+06,3.04128e+06,0
1,23,expert_FFN_2,GPU,3.04128e+06,3.08452e+06,43246
1,23,gate_proj,GPU,3.04128e+06,3.05569e+06,14408.3
1,23,Linear,Logic,3.04128e+06,3.05569e+06,14408.3
1,23,activation,Logic,3.05569e+06,3.05571e+06,21.0927
1,23,up_proj,GPU,3.05571e+06,3.07011e+06,14408.3
1,23,Linear,Logic,3.05571e+06,3.07011e+06,14408.3
1,23,down_proj,GPU,3.07011e+06,3.08452e+06,14408.3
1,23,Linear,Logic,3.07011e+06,3.08452e+06,14408.3
1,23,expert_FFN_3,GPU,3.08452e+06,3.12775e+06,43221.9
1,23,gate_proj,GPU,3.08452e+06,3.09893e+06,14403.8
1,23,Linear,Logic,3.08452e+06,3.09893e+06,14403.8
1,23,activation,Logic,3.09893e+06,3.09894e+06,10.5463
1,23,up_proj,GPU,3.09894e+06,3.11334e+06,14403.8
1,23,Linear,Logic,3.09894e+06,3.11334e+06,14403.8
1,23,down_proj,GPU,3.11334e+06,3.12775e+06,14403.8
1,23,Linear,Logic,3.11334e+06,3.12775e+06,14403.8
1,23,sync_2,GPU,3.12775e+06,3.12775e+06,0
1,23,sync__set,GPU,3.12775e+06,3.12775e+06,0
1,23,sync__,GPU,3.12775e+06,3.12775e+06,0
1,23,moe_all_reduce_for_e_tp,GPU,3.12775e+06,3.12775e+06,0
1,23,sync_3,GPU,3.12775e+06,3.12775e+06,0
1,23,sync__set,GPU,3.12775e+06,3.12775e+06,0
1,23,sync__,GPU,3.12775e+06,3.12775e+06,0
1,23,moe_gather,GPU,3.12775e+06,3.12775e+06,0
1,23,sync_for_moe_gather,GPU,3.12775e+06,3.12775e+06,0
1,23,sync__set,GPU,3.12775e+06,3.12775e+06,0
1,23,sync__,GPU,3.12775e+06,3.12775e+06,0
1,23,moe_all_reduce_for_gather,GPU,3.12775e+06,3.14607e+06,18327.7
1,23,sync_5,GPU,3.14607e+06,3.14607e+06,0
1,23,sync__set,GPU,3.14607e+06,3.14607e+06,0
1,23,sync__,GPU,3.14607e+06,3.14607e+06,0
1,23,sync_6,GPU,3.14607e+06,3.14607e+06,0
1,23,sync__set,GPU,3.14607e+06,3.14607e+06,0
1,23,sync__,GPU,3.14607e+06,3.14607e+06,0
1,23,residual_2,GPU,3.14607e+06,3.14611e+06,36.1589
1,24,MoE_decoder_24,GPU,3.14611e+06,3.28079e+06,134679
1,24,input_layer_norm,GPU,3.14611e+06,3.14615e+06,36.1589
1,24,attention,GPU,3.14615e+06,3.17584e+06,29690.1
1,24,attn_qkv_proj,GPU,3.14615e+06,3.15234e+06,6193.22
1,24,Linear,GPU,3.14615e+06,3.15234e+06,6193.22
1,24,self_attention,GPU,3.15234e+06,3.15337e+06,1035.05
1,24,AttentionSplit,GPU,3.15234e+06,3.15234e+06,0
1,24,AttentionSum,Logic,3.15234e+06,3.15234e+06,0
1,24,AttentionGen,Logic,3.15234e+06,3.15337e+06,1035.05
1,24,AttentionMerge,GPU,3.15337e+06,3.15337e+06,0
1,24,attn_o_proj,GPU,3.15337e+06,3.15751e+06,4134.17
1,24,Linear,GPU,3.15337e+06,3.15751e+06,4134.17
1,24,all_reduce,GPU,3.15751e+06,3.17584e+06,18327.7
1,24,residual_1,GPU,3.17584e+06,3.17587e+06,36.1589
1,24,post_attn_layer_norm,GPU,3.17587e+06,3.17591e+06,36.1589
1,24,expertFFN,GPU,3.17591e+06,3.28075e+06,104844
1,24,sync_0,GPU,3.17591e+06,3.17591e+06,0
1,24,sync__set,GPU,3.17591e+06,3.17591e+06,0
1,24,sync__,GPU,3.17591e+06,3.17591e+06,0
1,24,gate_fn,GPU,3.17591e+06,3.17596e+06,48.2433
1,24,Linear,GPU,3.17591e+06,3.17596e+06,48.2433
1,24,gate_update,GPU,3.17596e+06,3.17596e+06,0
1,24,moe_scatter,GPU,3.17596e+06,3.17596e+06,0
1,24,sync_for_moe_scatter,GPU,3.17596e+06,3.17596e+06,0
1,24,sync__set,GPU,3.17596e+06,3.17596e+06,0
1,24,sync__,GPU,3.17596e+06,3.17596e+06,0
1,24,moe_route,GPU,3.17596e+06,3.17596e+06,0
1,24,expert_FFN_2,GPU,3.17596e+06,3.2192e+06,43246
1,24,gate_proj,GPU,3.17596e+06,3.19036e+06,14408.3
1,24,Linear,Logic,3.17596e+06,3.19036e+06,14408.3
1,24,activation,Logic,3.19036e+06,3.19039e+06,21.0927
1,24,up_proj,GPU,3.19039e+06,3.20479e+06,14408.3
1,24,Linear,Logic,3.19039e+06,3.20479e+06,14408.3
1,24,down_proj,GPU,3.20479e+06,3.2192e+06,14408.3
1,24,Linear,Logic,3.20479e+06,3.2192e+06,14408.3
1,24,expert_FFN_3,GPU,3.2192e+06,3.26242e+06,43221.9
1,24,gate_proj,GPU,3.2192e+06,3.23361e+06,14403.8
1,24,Linear,Logic,3.2192e+06,3.23361e+06,14403.8
1,24,activation,Logic,3.23361e+06,3.23362e+06,10.5463
1,24,up_proj,GPU,3.23362e+06,3.24802e+06,14403.8
1,24,Linear,Logic,3.23362e+06,3.24802e+06,14403.8
1,24,down_proj,GPU,3.24802e+06,3.26242e+06,14403.8
1,24,Linear,Logic,3.24802e+06,3.26242e+06,14403.8
1,24,sync_2,GPU,3.26242e+06,3.26242e+06,0
1,24,sync__set,GPU,3.26242e+06,3.26242e+06,0
1,24,sync__,GPU,3.26242e+06,3.26242e+06,0
1,24,moe_all_reduce_for_e_tp,GPU,3.26242e+06,3.26242e+06,0
1,24,sync_3,GPU,3.26242e+06,3.26242e+06,0
1,24,sync__set,GPU,3.26242e+06,3.26242e+06,0
1,24,sync__,GPU,3.26242e+06,3.26242e+06,0
1,24,moe_gather,GPU,3.26242e+06,3.26242e+06,0
1,24,sync_for_moe_gather,GPU,3.26242e+06,3.26242e+06,0
1,24,sync__set,GPU,3.26242e+06,3.26242e+06,0
1,24,sync__,GPU,3.26242e+06,3.26242e+06,0
1,24,moe_all_reduce_for_gather,GPU,3.26242e+06,3.28075e+06,18327.7
1,24,sync_5,GPU,3.28075e+06,3.28075e+06,0
1,24,sync__set,GPU,3.28075e+06,3.28075e+06,0
1,24,sync__,GPU,3.28075e+06,3.28075e+06,0
1,24,sync_6,GPU,3.28075e+06,3.28075e+06,0
1,24,sync__set,GPU,3.28075e+06,3.28075e+06,0
1,24,sync__,GPU,3.28075e+06,3.28075e+06,0
1,24,residual_2,GPU,3.28075e+06,3.28079e+06,36.1589
1,25,MoE_decoder_25,GPU,3.28079e+06,3.41551e+06,134727
1,25,input_layer_norm,GPU,3.28079e+06,3.28082e+06,36.1589
1,25,attention,GPU,3.28082e+06,3.31051e+06,29690.1
1,25,attn_qkv_proj,GPU,3.28082e+06,3.28702e+06,6193.22
1,25,Linear,GPU,3.28082e+06,3.28702e+06,6193.22
1,25,self_attention,GPU,3.28702e+06,3.28805e+06,1035.05
1,25,AttentionSplit,GPU,3.28702e+06,3.28702e+06,0
1,25,AttentionSum,Logic,3.28702e+06,3.28702e+06,0
1,25,AttentionGen,Logic,3.28702e+06,3.28805e+06,1035.05
1,25,AttentionMerge,GPU,3.28805e+06,3.28805e+06,0
1,25,attn_o_proj,GPU,3.28805e+06,3.29219e+06,4134.17
1,25,Linear,GPU,3.28805e+06,3.29219e+06,4134.17
1,25,all_reduce,GPU,3.29219e+06,3.31051e+06,18327.7
1,25,residual_1,GPU,3.31051e+06,3.31055e+06,36.1589
1,25,post_attn_layer_norm,GPU,3.31055e+06,3.31059e+06,36.1589
1,25,expertFFN,GPU,3.31059e+06,3.41548e+06,104892
1,25,sync_0,GPU,3.31059e+06,3.31059e+06,0
1,25,sync__set,GPU,3.31059e+06,3.31059e+06,0
1,25,sync__,GPU,3.31059e+06,3.31059e+06,0
1,25,gate_fn,GPU,3.31059e+06,3.31063e+06,48.2433
1,25,Linear,GPU,3.31059e+06,3.31063e+06,48.2433
1,25,gate_update,GPU,3.31063e+06,3.31063e+06,0
1,25,moe_scatter,GPU,3.31063e+06,3.31063e+06,0
1,25,sync_for_moe_scatter,GPU,3.31063e+06,3.31063e+06,0
1,25,sync__set,GPU,3.31063e+06,3.31063e+06,0
1,25,sync__,GPU,3.31063e+06,3.31063e+06,0
1,25,moe_route,GPU,3.31063e+06,3.31063e+06,0
1,25,expert_FFN_2,GPU,3.31063e+06,3.31063e+06,0
1,25,gate_proj,GPU,3.31063e+06,3.31063e+06,0
1,25,Linear,Logic,3.31063e+06,3.31063e+06,0
1,25,activation,Logic,3.31063e+06,3.31063e+06,0
1,25,up_proj,GPU,3.31063e+06,3.31063e+06,0
1,25,Linear,Logic,3.31063e+06,3.31063e+06,0
1,25,down_proj,GPU,3.31063e+06,3.31063e+06,0
1,25,Linear,Logic,3.31063e+06,3.31063e+06,0
1,25,expert_FFN_3,GPU,3.31063e+06,3.31063e+06,0
1,25,gate_proj,GPU,3.31063e+06,3.31063e+06,0
1,25,Linear,Logic,3.31063e+06,3.31063e+06,0
1,25,activation,Logic,3.31063e+06,3.31063e+06,0
1,25,up_proj,GPU,3.31063e+06,3.31063e+06,0
1,25,Linear,Logic,3.31063e+06,3.31063e+06,0
1,25,down_proj,GPU,3.31063e+06,3.31063e+06,0
1,25,Linear,Logic,3.31063e+06,3.31063e+06,0
1,25,sync_2,GPU,3.31063e+06,3.39715e+06,86516.2
1,25,sync__set,GPU,3.31063e+06,3.31063e+06,0
1,25,sync__,GPU,3.31063e+06,3.39715e+06,86516.2
1,25,moe_all_reduce_for_e_tp,GPU,3.39715e+06,3.39715e+06,0
1,25,sync_3,GPU,3.39715e+06,3.39715e+06,0
1,25,sync__set,GPU,3.39715e+06,3.39715e+06,0
1,25,sync__,GPU,3.39715e+06,3.39715e+06,0
1,25,moe_gather,GPU,3.39715e+06,3.39715e+06,0
1,25,sync_for_moe_gather,GPU,3.39715e+06,3.39715e+06,0
1,25,sync__set,GPU,3.39715e+06,3.39715e+06,0
1,25,sync__,GPU,3.39715e+06,3.39715e+06,0
1,25,moe_all_reduce_for_gather,GPU,3.39715e+06,3.41548e+06,18327.7
1,25,sync_5,GPU,3.41548e+06,3.41548e+06,0
1,25,sync__set,GPU,3.41548e+06,3.41548e+06,0
1,25,sync__,GPU,3.41548e+06,3.41548e+06,0
1,25,sync_6,GPU,3.41548e+06,3.41548e+06,0
1,25,sync__set,GPU,3.41548e+06,3.41548e+06,0
1,25,sync__,GPU,3.41548e+06,3.41548e+06,0
1,25,residual_2,GPU,3.41548e+06,3.41551e+06,36.1589
1,26,MoE_decoder_26,GPU,3.41551e+06,3.55022e+06,134703
1,26,input_layer_norm,GPU,3.41551e+06,3.41555e+06,36.1589
1,26,attention,GPU,3.41555e+06,3.44524e+06,29690.1
1,26,attn_qkv_proj,GPU,3.41555e+06,3.42174e+06,6193.22
1,26,Linear,GPU,3.41555e+06,3.42174e+06,6193.22
1,26,self_attention,GPU,3.42174e+06,3.42278e+06,1035.05
1,26,AttentionSplit,GPU,3.42174e+06,3.42174e+06,0
1,26,AttentionSum,Logic,3.42174e+06,3.42174e+06,0
1,26,AttentionGen,Logic,3.42174e+06,3.42278e+06,1035.05
1,26,AttentionMerge,GPU,3.42278e+06,3.42278e+06,0
1,26,attn_o_proj,GPU,3.42278e+06,3.42691e+06,4134.17
1,26,Linear,GPU,3.42278e+06,3.42691e+06,4134.17
1,26,all_reduce,GPU,3.42691e+06,3.44524e+06,18327.7
1,26,residual_1,GPU,3.44524e+06,3.44528e+06,36.1589
1,26,post_attn_layer_norm,GPU,3.44528e+06,3.44531e+06,36.1589
1,26,expertFFN,GPU,3.44531e+06,3.55018e+06,104868
1,26,sync_0,GPU,3.44531e+06,3.44531e+06,0
1,26,sync__set,GPU,3.44531e+06,3.44531e+06,0
1,26,sync__,GPU,3.44531e+06,3.44531e+06,0
1,26,gate_fn,GPU,3.44531e+06,3.44536e+06,48.2433
1,26,Linear,GPU,3.44531e+06,3.44536e+06,48.2433
1,26,gate_update,GPU,3.44536e+06,3.44536e+06,0
1,26,moe_scatter,GPU,3.44536e+06,3.44536e+06,0
1,26,sync_for_moe_scatter,GPU,3.44536e+06,3.44536e+06,0
1,26,sync__set,GPU,3.44536e+06,3.44536e+06,0
1,26,sync__,GPU,3.44536e+06,3.44536e+06,0
1,26,moe_route,GPU,3.44536e+06,3.44536e+06,0
1,26,expert_FFN_2,GPU,3.44536e+06,3.48858e+06,43221.9
1,26,gate_proj,GPU,3.44536e+06,3.45977e+06,14403.8
1,26,Linear,Logic,3.44536e+06,3.45977e+06,14403.8
1,26,activation,Logic,3.45977e+06,3.45978e+06,10.5463
1,26,up_proj,GPU,3.45978e+06,3.47418e+06,14403.8
1,26,Linear,Logic,3.45978e+06,3.47418e+06,14403.8
1,26,down_proj,GPU,3.47418e+06,3.48858e+06,14403.8
1,26,Linear,Logic,3.47418e+06,3.48858e+06,14403.8
1,26,expert_FFN_3,GPU,3.48858e+06,3.48858e+06,0
1,26,gate_proj,GPU,3.48858e+06,3.48858e+06,0
1,26,Linear,Logic,3.48858e+06,3.48858e+06,0
1,26,activation,Logic,3.48858e+06,3.48858e+06,0
1,26,up_proj,GPU,3.48858e+06,3.48858e+06,0
1,26,Linear,Logic,3.48858e+06,3.48858e+06,0
1,26,down_proj,GPU,3.48858e+06,3.48858e+06,0
1,26,Linear,Logic,3.48858e+06,3.48858e+06,0
1,26,sync_2,GPU,3.48858e+06,3.53185e+06,43270.2
1,26,sync__set,GPU,3.48858e+06,3.48858e+06,0
1,26,sync__,GPU,3.48858e+06,3.53185e+06,43270.2
1,26,moe_all_reduce_for_e_tp,GPU,3.53185e+06,3.53185e+06,0
1,26,sync_3,GPU,3.53185e+06,3.53185e+06,0
1,26,sync__set,GPU,3.53185e+06,3.53185e+06,0
1,26,sync__,GPU,3.53185e+06,3.53185e+06,0
1,26,moe_gather,GPU,3.53185e+06,3.53185e+06,0
1,26,sync_for_moe_gather,GPU,3.53185e+06,3.53185e+06,0
1,26,sync__set,GPU,3.53185e+06,3.53185e+06,0
1,26,sync__,GPU,3.53185e+06,3.53185e+06,0
1,26,moe_all_reduce_for_gather,GPU,3.53185e+06,3.55018e+06,18327.7
1,26,sync_5,GPU,3.55018e+06,3.55018e+06,0
1,26,sync__set,GPU,3.55018e+06,3.55018e+06,0
1,26,sync__,GPU,3.55018e+06,3.55018e+06,0
1,26,sync_6,GPU,3.55018e+06,3.55018e+06,0
1,26,sync__set,GPU,3.55018e+06,3.55018e+06,0
1,26,sync__,GPU,3.55018e+06,3.55018e+06,0
1,26,residual_2,GPU,3.55018e+06,3.55022e+06,36.1589
1,27,MoE_decoder_27,GPU,3.55022e+06,3.6849e+06,134679
1,27,input_layer_norm,GPU,3.55022e+06,3.55025e+06,36.1589
1,27,attention,GPU,3.55025e+06,3.57994e+06,29690.1
1,27,attn_qkv_proj,GPU,3.55025e+06,3.55645e+06,6193.22
1,27,Linear,GPU,3.55025e+06,3.55645e+06,6193.22
1,27,self_attention,GPU,3.55645e+06,3.55748e+06,1035.05
1,27,AttentionSplit,GPU,3.55645e+06,3.55645e+06,0
1,27,AttentionSum,Logic,3.55645e+06,3.55645e+06,0
1,27,AttentionGen,Logic,3.55645e+06,3.55748e+06,1035.05
1,27,AttentionMerge,GPU,3.55748e+06,3.55748e+06,0
1,27,attn_o_proj,GPU,3.55748e+06,3.56162e+06,4134.17
1,27,Linear,GPU,3.55748e+06,3.56162e+06,4134.17
1,27,all_reduce,GPU,3.56162e+06,3.57994e+06,18327.7
1,27,residual_1,GPU,3.57994e+06,3.57998e+06,36.1589
1,27,post_attn_layer_norm,GPU,3.57998e+06,3.58002e+06,36.1589
1,27,expertFFN,GPU,3.58002e+06,3.68486e+06,104844
1,27,sync_0,GPU,3.58002e+06,3.58002e+06,0
1,27,sync__set,GPU,3.58002e+06,3.58002e+06,0
1,27,sync__,GPU,3.58002e+06,3.58002e+06,0
1,27,gate_fn,GPU,3.58002e+06,3.58006e+06,48.2433
1,27,Linear,GPU,3.58002e+06,3.58006e+06,48.2433
1,27,gate_update,GPU,3.58006e+06,3.58006e+06,0
1,27,moe_scatter,GPU,3.58006e+06,3.58006e+06,0
1,27,sync_for_moe_scatter,GPU,3.58006e+06,3.58006e+06,0
1,27,sync__set,GPU,3.58006e+06,3.58006e+06,0
1,27,sync__,GPU,3.58006e+06,3.58006e+06,0
1,27,moe_route,GPU,3.58006e+06,3.58006e+06,0
1,27,expert_FFN_2,GPU,3.58006e+06,3.62329e+06,43221.9
1,27,gate_proj,GPU,3.58006e+06,3.59447e+06,14403.8
1,27,Linear,Logic,3.58006e+06,3.59447e+06,14403.8
1,27,activation,Logic,3.59447e+06,3.59448e+06,10.5463
1,27,up_proj,GPU,3.59448e+06,3.60888e+06,14403.8
1,27,Linear,Logic,3.59448e+06,3.60888e+06,14403.8
1,27,down_proj,GPU,3.60888e+06,3.62329e+06,14403.8
1,27,Linear,Logic,3.60888e+06,3.62329e+06,14403.8
1,27,expert_FFN_3,GPU,3.62329e+06,3.66651e+06,43221.9
1,27,gate_proj,GPU,3.62329e+06,3.63769e+06,14403.8
1,27,Linear,Logic,3.62329e+06,3.63769e+06,14403.8
1,27,activation,Logic,3.63769e+06,3.6377e+06,10.5463
1,27,up_proj,GPU,3.6377e+06,3.6521e+06,14403.8
1,27,Linear,Logic,3.6377e+06,3.6521e+06,14403.8
1,27,down_proj,GPU,3.6521e+06,3.66651e+06,14403.8
1,27,Linear,Logic,3.6521e+06,3.66651e+06,14403.8
1,27,sync_2,GPU,3.66651e+06,3.66653e+06,24.1059
1,27,sync__set,GPU,3.66651e+06,3.66651e+06,0
1,27,sync__,GPU,3.66651e+06,3.66653e+06,24.1059
1,27,moe_all_reduce_for_e_tp,GPU,3.66653e+06,3.66653e+06,0
1,27,sync_3,GPU,3.66653e+06,3.66653e+06,0
1,27,sync__set,GPU,3.66653e+06,3.66653e+06,0
1,27,sync__,GPU,3.66653e+06,3.66653e+06,0
1,27,moe_gather,GPU,3.66653e+06,3.66653e+06,0
1,27,sync_for_moe_gather,GPU,3.66653e+06,3.66653e+06,0
1,27,sync__set,GPU,3.66653e+06,3.66653e+06,0
1,27,sync__,GPU,3.66653e+06,3.66653e+06,0
1,27,moe_all_reduce_for_gather,GPU,3.66653e+06,3.68486e+06,18327.7
1,27,sync_5,GPU,3.68486e+06,3.68486e+06,0
1,27,sync__set,GPU,3.68486e+06,3.68486e+06,0
1,27,sync__,GPU,3.68486e+06,3.68486e+06,0
1,27,sync_6,GPU,3.68486e+06,3.68486e+06,0
1,27,sync__set,GPU,3.68486e+06,3.68486e+06,0
1,27,sync__,GPU,3.68486e+06,3.68486e+06,0
1,27,residual_2,GPU,3.68486e+06,3.6849e+06,36.1589
1,28,MoE_decoder_28,GPU,3.6849e+06,3.8196e+06,134703
1,28,input_layer_norm,GPU,3.6849e+06,3.68493e+06,36.1589
1,28,attention,GPU,3.68493e+06,3.71462e+06,29690.1
1,28,attn_qkv_proj,GPU,3.68493e+06,3.69113e+06,6193.22
1,28,Linear,GPU,3.68493e+06,3.69113e+06,6193.22
1,28,self_attention,GPU,3.69113e+06,3.69216e+06,1035.05
1,28,AttentionSplit,GPU,3.69113e+06,3.69113e+06,0
1,28,AttentionSum,Logic,3.69113e+06,3.69113e+06,0
1,28,AttentionGen,Logic,3.69113e+06,3.69216e+06,1035.05
1,28,AttentionMerge,GPU,3.69216e+06,3.69216e+06,0
1,28,attn_o_proj,GPU,3.69216e+06,3.69629e+06,4134.17
1,28,Linear,GPU,3.69216e+06,3.69629e+06,4134.17
1,28,all_reduce,GPU,3.69629e+06,3.71462e+06,18327.7
1,28,residual_1,GPU,3.71462e+06,3.71466e+06,36.1589
1,28,post_attn_layer_norm,GPU,3.71466e+06,3.71469e+06,36.1589
1,28,expertFFN,GPU,3.71469e+06,3.81956e+06,104868
1,28,sync_0,GPU,3.71469e+06,3.71469e+06,0
1,28,sync__set,GPU,3.71469e+06,3.71469e+06,0
1,28,sync__,GPU,3.71469e+06,3.71469e+06,0
1,28,gate_fn,GPU,3.71469e+06,3.71474e+06,48.2433
1,28,Linear,GPU,3.71469e+06,3.71474e+06,48.2433
1,28,gate_update,GPU,3.71474e+06,3.71474e+06,0
1,28,moe_scatter,GPU,3.71474e+06,3.71474e+06,0
1,28,sync_for_moe_scatter,GPU,3.71474e+06,3.71474e+06,0
1,28,sync__set,GPU,3.71474e+06,3.71474e+06,0
1,28,sync__,GPU,3.71474e+06,3.71474e+06,0
1,28,moe_route,GPU,3.71474e+06,3.71474e+06,0
1,28,expert_FFN_2,GPU,3.71474e+06,3.71474e+06,0
1,28,gate_proj,GPU,3.71474e+06,3.71474e+06,0
1,28,Linear,Logic,3.71474e+06,3.71474e+06,0
1,28,activation,Logic,3.71474e+06,3.71474e+06,0
1,28,up_proj,GPU,3.71474e+06,3.71474e+06,0
1,28,Linear,Logic,3.71474e+06,3.71474e+06,0
1,28,down_proj,GPU,3.71474e+06,3.71474e+06,0
1,28,Linear,Logic,3.71474e+06,3.71474e+06,0
1,28,expert_FFN_3,GPU,3.71474e+06,3.75796e+06,43221.9
1,28,gate_proj,GPU,3.71474e+06,3.72915e+06,14403.8
1,28,Linear,Logic,3.71474e+06,3.72915e+06,14403.8
1,28,activation,Logic,3.72915e+06,3.72916e+06,10.5463
1,28,up_proj,GPU,3.72916e+06,3.74356e+06,14403.8
1,28,Linear,Logic,3.72916e+06,3.74356e+06,14403.8
1,28,down_proj,GPU,3.74356e+06,3.75796e+06,14403.8
1,28,Linear,Logic,3.74356e+06,3.75796e+06,14403.8
1,28,sync_2,GPU,3.75796e+06,3.80123e+06,43270.2
1,28,sync__set,GPU,3.75796e+06,3.75796e+06,0
1,28,sync__,GPU,3.75796e+06,3.80123e+06,43270.2
1,28,moe_all_reduce_for_e_tp,GPU,3.80123e+06,3.80123e+06,0
1,28,sync_3,GPU,3.80123e+06,3.80123e+06,0
1,28,sync__set,GPU,3.80123e+06,3.80123e+06,0
1,28,sync__,GPU,3.80123e+06,3.80123e+06,0
1,28,moe_gather,GPU,3.80123e+06,3.80123e+06,0
1,28,sync_for_moe_gather,GPU,3.80123e+06,3.80123e+06,0
1,28,sync__set,GPU,3.80123e+06,3.80123e+06,0
1,28,sync__,GPU,3.80123e+06,3.80123e+06,0
1,28,moe_all_reduce_for_gather,GPU,3.80123e+06,3.81956e+06,18327.7
1,28,sync_5,GPU,3.81956e+06,3.81956e+06,0
1,28,sync__set,GPU,3.81956e+06,3.81956e+06,0
1,28,sync__,GPU,3.81956e+06,3.81956e+06,0
1,28,sync_6,GPU,3.81956e+06,3.81956e+06,0
1,28,sync__set,GPU,3.81956e+06,3.81956e+06,0
1,28,sync__,GPU,3.81956e+06,3.81956e+06,0
1,28,residual_2,GPU,3.81956e+06,3.8196e+06,36.1589
1,29,MoE_decoder_29,GPU,3.8196e+06,3.95428e+06,134679
1,29,input_layer_norm,GPU,3.8196e+06,3.81963e+06,36.1589
1,29,attention,GPU,3.81963e+06,3.84933e+06,29690.1
1,29,attn_qkv_proj,GPU,3.81963e+06,3.82583e+06,6193.22
1,29,Linear,GPU,3.81963e+06,3.82583e+06,6193.22
1,29,self_attention,GPU,3.82583e+06,3.82686e+06,1035.05
1,29,AttentionSplit,GPU,3.82583e+06,3.82583e+06,0
1,29,AttentionSum,Logic,3.82583e+06,3.82583e+06,0
1,29,AttentionGen,Logic,3.82583e+06,3.82686e+06,1035.05
1,29,AttentionMerge,GPU,3.82686e+06,3.82686e+06,0
1,29,attn_o_proj,GPU,3.82686e+06,3.831e+06,4134.17
1,29,Linear,GPU,3.82686e+06,3.831e+06,4134.17
1,29,all_reduce,GPU,3.831e+06,3.84933e+06,18327.7
1,29,residual_1,GPU,3.84933e+06,3.84936e+06,36.1589
1,29,post_attn_layer_norm,GPU,3.84936e+06,3.8494e+06,36.1589
1,29,expertFFN,GPU,3.8494e+06,3.95424e+06,104844
1,29,sync_0,GPU,3.8494e+06,3.8494e+06,0
1,29,sync__set,GPU,3.8494e+06,3.8494e+06,0
1,29,sync__,GPU,3.8494e+06,3.8494e+06,0
1,29,gate_fn,GPU,3.8494e+06,3.84945e+06,48.2433
1,29,Linear,GPU,3.8494e+06,3.84945e+06,48.2433
1,29,gate_update,GPU,3.84945e+06,3.84945e+06,0
1,29,moe_scatter,GPU,3.84945e+06,3.84945e+06,0
1,29,sync_for_moe_scatter,GPU,3.84945e+06,3.84945e+06,0
1,29,sync__set,GPU,3.84945e+06,3.84945e+06,0
1,29,sync__,GPU,3.84945e+06,3.84945e+06,0
1,29,moe_route,GPU,3.84945e+06,3.84945e+06,0
1,29,expert_FFN_2,GPU,3.84945e+06,3.89269e+06,43246
1,29,gate_proj,GPU,3.84945e+06,3.86385e+06,14408.3
1,29,Linear,Logic,3.84945e+06,3.86385e+06,14408.3
1,29,activation,Logic,3.86385e+06,3.86388e+06,21.0927
1,29,up_proj,GPU,3.86388e+06,3.87828e+06,14408.3
1,29,Linear,Logic,3.86388e+06,3.87828e+06,14408.3
1,29,down_proj,GPU,3.87828e+06,3.89269e+06,14408.3
1,29,Linear,Logic,3.87828e+06,3.89269e+06,14408.3
1,29,expert_FFN_3,GPU,3.89269e+06,3.93591e+06,43221.9
1,29,gate_proj,GPU,3.89269e+06,3.9071e+06,14403.8
1,29,Linear,Logic,3.89269e+06,3.9071e+06,14403.8
1,29,activation,Logic,3.9071e+06,3.90711e+06,10.5463
1,29,up_proj,GPU,3.90711e+06,3.92151e+06,14403.8
1,29,Linear,Logic,3.90711e+06,3.92151e+06,14403.8
1,29,down_proj,GPU,3.92151e+06,3.93591e+06,14403.8
1,29,Linear,Logic,3.92151e+06,3.93591e+06,14403.8
1,29,sync_2,GPU,3.93591e+06,3.93591e+06,0
1,29,sync__set,GPU,3.93591e+06,3.93591e+06,0
1,29,sync__,GPU,3.93591e+06,3.93591e+06,0
1,29,moe_all_reduce_for_e_tp,GPU,3.93591e+06,3.93591e+06,0
1,29,sync_3,GPU,3.93591e+06,3.93591e+06,0
1,29,sync__set,GPU,3.93591e+06,3.93591e+06,0
1,29,sync__,GPU,3.93591e+06,3.93591e+06,0
1,29,moe_gather,GPU,3.93591e+06,3.93591e+06,0
1,29,sync_for_moe_gather,GPU,3.93591e+06,3.93591e+06,0
1,29,sync__set,GPU,3.93591e+06,3.93591e+06,0
1,29,sync__,GPU,3.93591e+06,3.93591e+06,0
1,29,moe_all_reduce_for_gather,GPU,3.93591e+06,3.95424e+06,18327.7
1,29,sync_5,GPU,3.95424e+06,3.95424e+06,0
1,29,sync__set,GPU,3.95424e+06,3.95424e+06,0
1,29,sync__,GPU,3.95424e+06,3.95424e+06,0
1,29,sync_6,GPU,3.95424e+06,3.95424e+06,0
1,29,sync__set,GPU,3.95424e+06,3.95424e+06,0
1,29,sync__,GPU,3.95424e+06,3.95424e+06,0
1,29,residual_2,GPU,3.95424e+06,3.95428e+06,36.1589
1,30,MoE_decoder_30,GPU,3.95428e+06,4.08893e+06,134655
1,30,input_layer_norm,GPU,3.95428e+06,3.95431e+06,36.1589
1,30,attention,GPU,3.95431e+06,3.984e+06,29690.1
1,30,attn_qkv_proj,GPU,3.95431e+06,3.96051e+06,6193.22
1,30,Linear,GPU,3.95431e+06,3.96051e+06,6193.22
1,30,self_attention,GPU,3.96051e+06,3.96154e+06,1035.05
1,30,AttentionSplit,GPU,3.96051e+06,3.96051e+06,0
1,30,AttentionSum,Logic,3.96051e+06,3.96051e+06,0
1,30,AttentionGen,Logic,3.96051e+06,3.96154e+06,1035.05
1,30,AttentionMerge,GPU,3.96154e+06,3.96154e+06,0
1,30,attn_o_proj,GPU,3.96154e+06,3.96568e+06,4134.17
1,30,Linear,GPU,3.96154e+06,3.96568e+06,4134.17
1,30,all_reduce,GPU,3.96568e+06,3.984e+06,18327.7
1,30,residual_1,GPU,3.984e+06,3.98404e+06,36.1589
1,30,post_attn_layer_norm,GPU,3.98404e+06,3.98408e+06,36.1589
1,30,expertFFN,GPU,3.98408e+06,4.0889e+06,104820
1,30,sync_0,GPU,3.98408e+06,3.98408e+06,0
1,30,sync__set,GPU,3.98408e+06,3.98408e+06,0
1,30,sync__,GPU,3.98408e+06,3.98408e+06,0
1,30,gate_fn,GPU,3.98408e+06,3.98412e+06,48.2433
1,30,Linear,GPU,3.98408e+06,3.98412e+06,48.2433
1,30,gate_update,GPU,3.98412e+06,3.98412e+06,0
1,30,moe_scatter,GPU,3.98412e+06,3.98412e+06,0
1,30,sync_for_moe_scatter,GPU,3.98412e+06,3.98412e+06,0
1,30,sync__set,GPU,3.98412e+06,3.98412e+06,0
1,30,sync__,GPU,3.98412e+06,3.98412e+06,0
1,30,moe_route,GPU,3.98412e+06,3.98412e+06,0
1,30,expert_FFN_2,GPU,3.98412e+06,4.02735e+06,43221.9
1,30,gate_proj,GPU,3.98412e+06,3.99853e+06,14403.8
1,30,Linear,Logic,3.98412e+06,3.99853e+06,14403.8
1,30,activation,Logic,3.99853e+06,3.99854e+06,10.5463
1,30,up_proj,GPU,3.99854e+06,4.01294e+06,14403.8
1,30,Linear,Logic,3.99854e+06,4.01294e+06,14403.8
1,30,down_proj,GPU,4.01294e+06,4.02735e+06,14403.8
1,30,Linear,Logic,4.01294e+06,4.02735e+06,14403.8
1,30,expert_FFN_3,GPU,4.02735e+06,4.07057e+06,43221.9
1,30,gate_proj,GPU,4.02735e+06,4.04175e+06,14403.8
1,30,Linear,Logic,4.02735e+06,4.04175e+06,14403.8
1,30,activation,Logic,4.04175e+06,4.04176e+06,10.5463
1,30,up_proj,GPU,4.04176e+06,4.05616e+06,14403.8
1,30,Linear,Logic,4.04176e+06,4.05616e+06,14403.8
1,30,down_proj,GPU,4.05616e+06,4.07057e+06,14403.8
1,30,Linear,Logic,4.05616e+06,4.07057e+06,14403.8
1,30,sync_2,GPU,4.07057e+06,4.07057e+06,0
1,30,sync__set,GPU,4.07057e+06,4.07057e+06,0
1,30,sync__,GPU,4.07057e+06,4.07057e+06,0
1,30,moe_all_reduce_for_e_tp,GPU,4.07057e+06,4.07057e+06,0
1,30,sync_3,GPU,4.07057e+06,4.07057e+06,0
1,30,sync__set,GPU,4.07057e+06,4.07057e+06,0
1,30,sync__,GPU,4.07057e+06,4.07057e+06,0
1,30,moe_gather,GPU,4.07057e+06,4.07057e+06,0
1,30,sync_for_moe_gather,GPU,4.07057e+06,4.07057e+06,0
1,30,sync__set,GPU,4.07057e+06,4.07057e+06,0
1,30,sync__,GPU,4.07057e+06,4.07057e+06,0
1,30,moe_all_reduce_for_gather,GPU,4.07057e+06,4.0889e+06,18327.7
1,30,sync_5,GPU,4.0889e+06,4.0889e+06,0
1,30,sync__set,GPU,4.0889e+06,4.0889e+06,0
1,30,sync__,GPU,4.0889e+06,4.0889e+06,0
1,30,sync_6,GPU,4.0889e+06,4.0889e+06,0
1,30,sync__set,GPU,4.0889e+06,4.0889e+06,0
1,30,sync__,GPU,4.0889e+06,4.0889e+06,0
1,30,residual_2,GPU,4.0889e+06,4.08893e+06,36.1589
1,31,MoE_decoder_31,GPU,4.08893e+06,4.22363e+06,134703
1,31,input_layer_norm,GPU,4.08893e+06,4.08897e+06,36.1589
1,31,attention,GPU,4.08897e+06,4.11866e+06,29690.1
1,31,attn_qkv_proj,GPU,4.08897e+06,4.09516e+06,6193.22
1,31,Linear,GPU,4.08897e+06,4.09516e+06,6193.22
1,31,self_attention,GPU,4.09516e+06,4.0962e+06,1035.05
1,31,AttentionSplit,GPU,4.09516e+06,4.09516e+06,0
1,31,AttentionSum,Logic,4.09516e+06,4.09516e+06,0
1,31,AttentionGen,Logic,4.09516e+06,4.0962e+06,1035.05
1,31,AttentionMerge,GPU,4.0962e+06,4.0962e+06,0
1,31,attn_o_proj,GPU,4.0962e+06,4.10033e+06,4134.17
1,31,Linear,GPU,4.0962e+06,4.10033e+06,4134.17
1,31,all_reduce,GPU,4.10033e+06,4.11866e+06,18327.7
1,31,residual_1,GPU,4.11866e+06,4.11869e+06,36.1589
1,31,post_attn_layer_norm,GPU,4.11869e+06,4.11873e+06,36.1589
1,31,expertFFN,GPU,4.11873e+06,4.2236e+06,104868
1,31,sync_0,GPU,4.11873e+06,4.11873e+06,0
1,31,sync__set,GPU,4.11873e+06,4.11873e+06,0
1,31,sync__,GPU,4.11873e+06,4.11873e+06,0
1,31,gate_fn,GPU,4.11873e+06,4.11878e+06,48.2433
1,31,Linear,GPU,4.11873e+06,4.11878e+06,48.2433
1,31,gate_update,GPU,4.11878e+06,4.11878e+06,0
1,31,moe_scatter,GPU,4.11878e+06,4.11878e+06,0
1,31,sync_for_moe_scatter,GPU,4.11878e+06,4.11878e+06,0
1,31,sync__set,GPU,4.11878e+06,4.11878e+06,0
1,31,sync__,GPU,4.11878e+06,4.11878e+06,0
1,31,moe_route,GPU,4.11878e+06,4.11878e+06,0
1,31,expert_FFN_2,GPU,4.11878e+06,4.11878e+06,0
1,31,gate_proj,GPU,4.11878e+06,4.11878e+06,0
1,31,Linear,Logic,4.11878e+06,4.11878e+06,0
1,31,activation,Logic,4.11878e+06,4.11878e+06,0
1,31,up_proj,GPU,4.11878e+06,4.11878e+06,0
1,31,Linear,Logic,4.11878e+06,4.11878e+06,0
1,31,down_proj,GPU,4.11878e+06,4.11878e+06,0
1,31,Linear,Logic,4.11878e+06,4.11878e+06,0
1,31,expert_FFN_3,GPU,4.11878e+06,4.11878e+06,0
1,31,gate_proj,GPU,4.11878e+06,4.11878e+06,0
1,31,Linear,Logic,4.11878e+06,4.11878e+06,0
1,31,activation,Logic,4.11878e+06,4.11878e+06,0
1,31,up_proj,GPU,4.11878e+06,4.11878e+06,0
1,31,Linear,Logic,4.11878e+06,4.11878e+06,0
1,31,down_proj,GPU,4.11878e+06,4.11878e+06,0
1,31,Linear,Logic,4.11878e+06,4.11878e+06,0
1,31,sync_2,GPU,4.11878e+06,4.20527e+06,86492.1
1,31,sync__set,GPU,4.11878e+06,4.11878e+06,0
1,31,sync__,GPU,4.11878e+06,4.20527e+06,86492.1
1,31,moe_all_reduce_for_e_tp,GPU,4.20527e+06,4.20527e+06,0
1,31,sync_3,GPU,4.20527e+06,4.20527e+06,0
1,31,sync__set,GPU,4.20527e+06,4.20527e+06,0
1,31,sync__,GPU,4.20527e+06,4.20527e+06,0
1,31,moe_gather,GPU,4.20527e+06,4.20527e+06,0
1,31,sync_for_moe_gather,GPU,4.20527e+06,4.20527e+06,0
1,31,sync__set,GPU,4.20527e+06,4.20527e+06,0
1,31,sync__,GPU,4.20527e+06,4.20527e+06,0
1,31,moe_all_reduce_for_gather,GPU,4.20527e+06,4.2236e+06,18327.7
1,31,sync_5,GPU,4.2236e+06,4.2236e+06,0
1,31,sync__set,GPU,4.2236e+06,4.2236e+06,0
1,31,sync__,GPU,4.2236e+06,4.2236e+06,0
1,31,sync_6,GPU,4.2236e+06,4.2236e+06,0
1,31,sync__set,GPU,4.2236e+06,4.2236e+06,0
1,31,sync__,GPU,4.2236e+06,4.2236e+06,0
1,31,residual_2,GPU,4.2236e+06,4.22363e+06,36.1589
2,0,MoE_decoder_0,GPU,0,134679,134679
2,0,input_layer_norm,GPU,0,36.1589,36.1589
2,0,attention,GPU,36.1589,29726.3,29690.1
2,0,attn_qkv_proj,GPU,36.1589,6229.38,6193.22
2,0,Linear,GPU,36.1589,6229.38,6193.22
2,0,self_attention,GPU,6229.38,7264.42,1035.05
2,0,AttentionSplit,GPU,6229.38,6229.38,0
2,0,AttentionSum,Logic,6229.38,6229.38,0
2,0,AttentionGen,Logic,6229.38,7264.42,1035.05
2,0,AttentionMerge,GPU,7264.42,7264.42,0
2,0,attn_o_proj,GPU,7264.42,11398.6,4134.17
2,0,Linear,GPU,7264.42,11398.6,4134.17
2,0,all_reduce,GPU,11398.6,29726.3,18327.7
2,0,residual_1,GPU,29726.3,29762.4,36.1589
2,0,post_attn_layer_norm,GPU,29762.4,29798.6,36.1589
2,0,expertFFN,GPU,29798.6,134642,104844
2,0,sync_0,GPU,29798.6,29798.6,0
2,0,sync__set,GPU,29798.6,29798.6,0
2,0,sync__,GPU,29798.6,29798.6,0
2,0,gate_fn,GPU,29798.6,29846.8,48.2433
2,0,Linear,GPU,29798.6,29846.8,48.2433
2,0,gate_update,GPU,29846.8,29846.8,0
2,0,moe_scatter,GPU,29846.8,29846.8,0
2,0,sync_for_moe_scatter,GPU,29846.8,29846.8,0
2,0,sync__set,GPU,29846.8,29846.8,0
2,0,sync__,GPU,29846.8,29846.8,0
2,0,moe_route,GPU,29846.8,29846.8,0
2,0,expert_FFN_4,GPU,29846.8,29846.8,0
2,0,gate_proj,GPU,29846.8,29846.8,0
2,0,Linear,Logic,29846.8,29846.8,0
2,0,activation,Logic,29846.8,29846.8,0
2,0,up_proj,GPU,29846.8,29846.8,0
2,0,Linear,Logic,29846.8,29846.8,0
2,0,down_proj,GPU,29846.8,29846.8,0
2,0,Linear,Logic,29846.8,29846.8,0
2,0,expert_FFN_5,GPU,29846.8,73068.8,43221.9
2,0,gate_proj,GPU,29846.8,44250.6,14403.8
2,0,Linear,Logic,29846.8,44250.6,14403.8
2,0,activation,Logic,44250.6,44261.2,10.5463
2,0,up_proj,GPU,44261.2,58665,14403.8
2,0,Linear,Logic,44261.2,58665,14403.8
2,0,down_proj,GPU,58665,73068.8,14403.8
2,0,Linear,Logic,58665,73068.8,14403.8
2,0,sync_2,GPU,73068.8,116315,43246
2,0,sync__set,GPU,73068.8,73068.8,0
2,0,sync__,GPU,73068.8,116315,43246
2,0,moe_all_reduce_for_e_tp,GPU,116315,116315,0
2,0,sync_3,GPU,116315,116315,0
2,0,sync__set,GPU,116315,116315,0
2,0,sync__,GPU,116315,116315,0
2,0,moe_gather,GPU,116315,116315,0
2,0,sync_for_moe_gather,GPU,116315,116315,0
2,0,sync__set,GPU,116315,116315,0
2,0,sync__,GPU,116315,116315,0
2,0,moe_all_reduce_for_gather,GPU,116315,134642,18327.7
2,0,sync_5,GPU,134642,134642,0
2,0,sync__set,GPU,134642,134642,0
2,0,sync__,GPU,134642,134642,0
2,0,sync_6,GPU,134642,134642,0
2,0,sync__set,GPU,134642,134642,0
2,0,sync__,GPU,134642,134642,0
2,0,residual_2,GPU,134642,134679,36.1589
2,1,MoE_decoder_1,GPU,134679,269406,134727
2,1,input_layer_norm,GPU,134679,134715,36.1589
2,1,attention,GPU,134715,164405,29690.1
2,1,attn_qkv_proj,GPU,134715,140908,6193.22
2,1,Linear,GPU,134715,140908,6193.22
2,1,self_attention,GPU,140908,141943,1035.05
2,1,AttentionSplit,GPU,140908,140908,0
2,1,AttentionSum,Logic,140908,140908,0
2,1,AttentionGen,Logic,140908,141943,1035.05
2,1,AttentionMerge,GPU,141943,141943,0
2,1,attn_o_proj,GPU,141943,146077,4134.17
2,1,Linear,GPU,141943,146077,4134.17
2,1,all_reduce,GPU,146077,164405,18327.7
2,1,residual_1,GPU,164405,164441,36.1589
2,1,post_attn_layer_norm,GPU,164441,164477,36.1589
2,1,expertFFN,GPU,164477,269369,104892
2,1,sync_0,GPU,164477,164477,0
2,1,sync__set,GPU,164477,164477,0
2,1,sync__,GPU,164477,164477,0
2,1,gate_fn,GPU,164477,164525,48.2433
2,1,Linear,GPU,164477,164525,48.2433
2,1,gate_update,GPU,164525,164525,0
2,1,moe_scatter,GPU,164525,164525,0
2,1,sync_for_moe_scatter,GPU,164525,164525,0
2,1,sync__set,GPU,164525,164525,0
2,1,sync__,GPU,164525,164525,0
2,1,moe_route,GPU,164525,164525,0
2,1,expert_FFN_4,GPU,164525,164525,0
2,1,gate_proj,GPU,164525,164525,0
2,1,Linear,Logic,164525,164525,0
2,1,activation,Logic,164525,164525,0
2,1,up_proj,GPU,164525,164525,0
2,1,Linear,Logic,164525,164525,0
2,1,down_proj,GPU,164525,164525,0
2,1,Linear,Logic,164525,164525,0
2,1,expert_FFN_5,GPU,164525,207747,43221.9
2,1,gate_proj,GPU,164525,178929,14403.8
2,1,Linear,Logic,164525,178929,14403.8
2,1,activation,Logic,178929,178940,10.5463
2,1,up_proj,GPU,178940,193344,14403.8
2,1,Linear,Logic,178940,193344,14403.8
2,1,down_proj,GPU,193344,207747,14403.8
2,1,Linear,Logic,193344,207747,14403.8
2,1,sync_2,GPU,207747,251042,43294.3
2,1,sync__set,GPU,207747,207747,0
2,1,sync__,GPU,207747,251042,43294.3
2,1,moe_all_reduce_for_e_tp,GPU,251042,251042,0
2,1,sync_3,GPU,251042,251042,0
2,1,sync__set,GPU,251042,251042,0
2,1,sync__,GPU,251042,251042,0
2,1,moe_gather,GPU,251042,251042,0
2,1,sync_for_moe_gather,GPU,251042,251042,0
2,1,sync__set,GPU,251042,251042,0
2,1,sync__,GPU,251042,251042,0
2,1,moe_all_reduce_for_gather,GPU,251042,269369,18327.7
2,1,sync_5,GPU,269369,269369,0
2,1,sync__set,GPU,269369,269369,0
2,1,sync__,GPU,269369,269369,0
2,1,sync_6,GPU,269369,269369,0
2,1,sync__set,GPU,269369,269369,0
2,1,sync__,GPU,269369,269369,0
2,1,residual_2,GPU,269369,269406,36.1589
2,2,MoE_decoder_2,GPU,269406,404108,134703
2,2,input_layer_norm,GPU,269406,269442,36.1589
2,2,attention,GPU,269442,299132,29690.1
2,2,attn_qkv_proj,GPU,269442,275635,6193.22
2,2,Linear,GPU,269442,275635,6193.22
2,2,self_attention,GPU,275635,276670,1035.05
2,2,AttentionSplit,GPU,275635,275635,0
2,2,AttentionSum,Logic,275635,275635,0
2,2,AttentionGen,Logic,275635,276670,1035.05
2,2,AttentionMerge,GPU,276670,276670,0
2,2,attn_o_proj,GPU,276670,280804,4134.17
2,2,Linear,GPU,276670,280804,4134.17
2,2,all_reduce,GPU,280804,299132,18327.7
2,2,residual_1,GPU,299132,299168,36.1589
2,2,post_attn_layer_norm,GPU,299168,299204,36.1589
2,2,expertFFN,GPU,299204,404072,104868
2,2,sync_0,GPU,299204,299204,0
2,2,sync__set,GPU,299204,299204,0
2,2,sync__,GPU,299204,299204,0
2,2,gate_fn,GPU,299204,299252,48.2433
2,2,Linear,GPU,299204,299252,48.2433
2,2,gate_update,GPU,299252,299252,0
2,2,moe_scatter,GPU,299252,299252,0
2,2,sync_for_moe_scatter,GPU,299252,299252,0
2,2,sync__set,GPU,299252,299252,0
2,2,sync__,GPU,299252,299252,0
2,2,moe_route,GPU,299252,299252,0
2,2,expert_FFN_4,GPU,299252,299252,0
2,2,gate_proj,GPU,299252,299252,0
2,2,Linear,Logic,299252,299252,0
2,2,activation,Logic,299252,299252,0
2,2,up_proj,GPU,299252,299252,0
2,2,Linear,Logic,299252,299252,0
2,2,down_proj,GPU,299252,299252,0
2,2,Linear,Logic,299252,299252,0
2,2,expert_FFN_5,GPU,299252,342474,43221.9
2,2,gate_proj,GPU,299252,313656,14403.8
2,2,Linear,Logic,299252,313656,14403.8
2,2,activation,Logic,313656,313667,10.5463
2,2,up_proj,GPU,313667,328071,14403.8
2,2,Linear,Logic,313667,328071,14403.8
2,2,down_proj,GPU,328071,342474,14403.8
2,2,Linear,Logic,328071,342474,14403.8
2,2,sync_2,GPU,342474,385744,43270.2
2,2,sync__set,GPU,342474,342474,0
2,2,sync__,GPU,342474,385744,43270.2
2,2,moe_all_reduce_for_e_tp,GPU,385744,385744,0
2,2,sync_3,GPU,385744,385744,0
2,2,sync__set,GPU,385744,385744,0
2,2,sync__,GPU,385744,385744,0
2,2,moe_gather,GPU,385744,385744,0
2,2,sync_for_moe_gather,GPU,385744,385744,0
2,2,sync__set,GPU,385744,385744,0
2,2,sync__,GPU,385744,385744,0
2,2,moe_all_reduce_for_gather,GPU,385744,404072,18327.7
2,2,sync_5,GPU,404072,404072,0
2,2,sync__set,GPU,404072,404072,0
2,2,sync__,GPU,404072,404072,0
2,2,sync_6,GPU,404072,404072,0
2,2,sync__set,GPU,404072,404072,0
2,2,sync__,GPU,404072,404072,0
2,2,residual_2,GPU,404072,404108,36.1589
2,3,MoE_decoder_3,GPU,404108,538787,134679
2,3,input_layer_norm,GPU,404108,404144,36.1589
2,3,attention,GPU,404144,433835,29690.1
2,3,attn_qkv_proj,GPU,404144,410338,6193.22
2,3,Linear,GPU,404144,410338,6193.22
2,3,self_attention,GPU,410338,411373,1035.05
2,3,AttentionSplit,GPU,410338,410338,0
2,3,AttentionSum,Logic,410338,410338,0
2,3,AttentionGen,Logic,410338,411373,1035.05
2,3,AttentionMerge,GPU,411373,411373,0
2,3,attn_o_proj,GPU,411373,415507,4134.17
2,3,Linear,GPU,411373,415507,4134.17
2,3,all_reduce,GPU,415507,433835,18327.7
2,3,residual_1,GPU,433835,433871,36.1589
2,3,post_attn_layer_norm,GPU,433871,433907,36.1589
2,3,expertFFN,GPU,433907,538751,104844
2,3,sync_0,GPU,433907,433907,0
2,3,sync__set,GPU,433907,433907,0
2,3,sync__,GPU,433907,433907,0
2,3,gate_fn,GPU,433907,433955,48.2433
2,3,Linear,GPU,433907,433955,48.2433
2,3,gate_update,GPU,433955,433955,0
2,3,moe_scatter,GPU,433955,433955,0
2,3,sync_for_moe_scatter,GPU,433955,433955,0
2,3,sync__set,GPU,433955,433955,0
2,3,sync__,GPU,433955,433955,0
2,3,moe_route,GPU,433955,433955,0
2,3,expert_FFN_4,GPU,433955,477177,43221.9
2,3,gate_proj,GPU,433955,448359,14403.8
2,3,Linear,Logic,433955,448359,14403.8
2,3,activation,Logic,448359,448369,10.5463
2,3,up_proj,GPU,448369,462773,14403.8
2,3,Linear,Logic,448369,462773,14403.8
2,3,down_proj,GPU,462773,477177,14403.8
2,3,Linear,Logic,462773,477177,14403.8
2,3,expert_FFN_5,GPU,477177,477177,0
2,3,gate_proj,GPU,477177,477177,0
2,3,Linear,Logic,477177,477177,0
2,3,activation,Logic,477177,477177,0
2,3,up_proj,GPU,477177,477177,0
2,3,Linear,Logic,477177,477177,0
2,3,down_proj,GPU,477177,477177,0
2,3,Linear,Logic,477177,477177,0
2,3,sync_2,GPU,477177,520423,43246
2,3,sync__set,GPU,477177,477177,0
2,3,sync__,GPU,477177,520423,43246
2,3,moe_all_reduce_for_e_tp,GPU,520423,520423,0
2,3,sync_3,GPU,520423,520423,0
2,3,sync__set,GPU,520423,520423,0
2,3,sync__,GPU,520423,520423,0
2,3,moe_gather,GPU,520423,520423,0
2,3,sync_for_moe_gather,GPU,520423,520423,0
2,3,sync__set,GPU,520423,520423,0
2,3,sync__,GPU,520423,520423,0
2,3,moe_all_reduce_for_gather,GPU,520423,538751,18327.7
2,3,sync_5,GPU,538751,538751,0
2,3,sync__set,GPU,538751,538751,0
2,3,sync__,GPU,538751,538751,0
2,3,sync_6,GPU,538751,538751,0
2,3,sync__set,GPU,538751,538751,0
2,3,sync__,GPU,538751,538751,0
2,3,residual_2,GPU,538751,538787,36.1589
2,4,MoE_decoder_4,GPU,538787,673514,134727
2,4,input_layer_norm,GPU,538787,538823,36.1589
2,4,attention,GPU,538823,568513,29690.1
2,4,attn_qkv_proj,GPU,538823,545016,6193.22
2,4,Linear,GPU,538823,545016,6193.22
2,4,self_attention,GPU,545016,546051,1035.05
2,4,AttentionSplit,GPU,545016,545016,0
2,4,AttentionSum,Logic,545016,545016,0
2,4,AttentionGen,Logic,545016,546051,1035.05
2,4,AttentionMerge,GPU,546051,546051,0
2,4,attn_o_proj,GPU,546051,550186,4134.17
2,4,Linear,GPU,546051,550186,4134.17
2,4,all_reduce,GPU,550186,568513,18327.7
2,4,residual_1,GPU,568513,568549,36.1589
2,4,post_attn_layer_norm,GPU,568549,568586,36.1589
2,4,expertFFN,GPU,568586,673478,104892
2,4,sync_0,GPU,568586,568586,0
2,4,sync__set,GPU,568586,568586,0
2,4,sync__,GPU,568586,568586,0
2,4,gate_fn,GPU,568586,568634,48.2433
2,4,Linear,GPU,568586,568634,48.2433
2,4,gate_update,GPU,568634,568634,0
2,4,moe_scatter,GPU,568634,568634,0
2,4,sync_for_moe_scatter,GPU,568634,568634,0
2,4,sync__set,GPU,568634,568634,0
2,4,sync__,GPU,568634,568634,0
2,4,moe_route,GPU,568634,568634,0
2,4,expert_FFN_4,GPU,568634,611904,43270.2
2,4,gate_proj,GPU,568634,583047,14412.8
2,4,Linear,Logic,568634,583047,14412.8
2,4,activation,Logic,583047,583078,31.639
2,4,up_proj,GPU,583078,597491,14412.8
2,4,Linear,Logic,583078,597491,14412.8
2,4,down_proj,GPU,597491,611904,14412.8
2,4,Linear,Logic,597491,611904,14412.8
2,4,expert_FFN_5,GPU,611904,655150,43246
2,4,gate_proj,GPU,611904,626312,14408.3
2,4,Linear,Logic,611904,626312,14408.3
2,4,activation,Logic,626312,626333,21.0927
2,4,up_proj,GPU,626333,640742,14408.3
2,4,Linear,Logic,626333,640742,14408.3
2,4,down_proj,GPU,640742,655150,14408.3
2,4,Linear,Logic,640742,655150,14408.3
2,4,sync_2,GPU,655150,655150,0
2,4,sync__set,GPU,655150,655150,0
2,4,sync__,GPU,655150,655150,0
2,4,moe_all_reduce_for_e_tp,GPU,655150,655150,0
2,4,sync_3,GPU,655150,655150,0
2,4,sync__set,GPU,655150,655150,0
2,4,sync__,GPU,655150,655150,0
2,4,moe_gather,GPU,655150,655150,0
2,4,sync_for_moe_gather,GPU,655150,655150,0
2,4,sync__set,GPU,655150,655150,0
2,4,sync__,GPU,655150,655150,0
2,4,moe_all_reduce_for_gather,GPU,655150,673478,18327.7
2,4,sync_5,GPU,673478,673478,0
2,4,sync__set,GPU,673478,673478,0
2,4,sync__,GPU,673478,673478,0
2,4,sync_6,GPU,673478,673478,0
2,4,sync__set,GPU,673478,673478,0
2,4,sync__,GPU,673478,673478,0
2,4,residual_2,GPU,673478,673514,36.1589
2,5,MoE_decoder_5,GPU,673514,808217,134703
2,5,input_layer_norm,GPU,673514,673550,36.1589
2,5,attention,GPU,673550,703240,29690.1
2,5,attn_qkv_proj,GPU,673550,679743,6193.22
2,5,Linear,GPU,673550,679743,6193.22
2,5,self_attention,GPU,679743,680778,1035.05
2,5,AttentionSplit,GPU,679743,679743,0
2,5,AttentionSum,Logic,679743,679743,0
2,5,AttentionGen,Logic,679743,680778,1035.05
2,5,AttentionMerge,GPU,680778,680778,0
2,5,attn_o_proj,GPU,680778,684912,4134.17
2,5,Linear,GPU,680778,684912,4134.17
2,5,all_reduce,GPU,684912,703240,18327.7
2,5,residual_1,GPU,703240,703276,36.1589
2,5,post_attn_layer_norm,GPU,703276,703312,36.1589
2,5,expertFFN,GPU,703312,808180,104868
2,5,sync_0,GPU,703312,703312,0
2,5,sync__set,GPU,703312,703312,0
2,5,sync__,GPU,703312,703312,0
2,5,gate_fn,GPU,703312,703361,48.2433
2,5,Linear,GPU,703312,703361,48.2433
2,5,gate_update,GPU,703361,703361,0
2,5,moe_scatter,GPU,703361,703361,0
2,5,sync_for_moe_scatter,GPU,703361,703361,0
2,5,sync__set,GPU,703361,703361,0
2,5,sync__,GPU,703361,703361,0
2,5,moe_route,GPU,703361,703361,0
2,5,expert_FFN_4,GPU,703361,703361,0
2,5,gate_proj,GPU,703361,703361,0
2,5,Linear,Logic,703361,703361,0
2,5,activation,Logic,703361,703361,0
2,5,up_proj,GPU,703361,703361,0
2,5,Linear,Logic,703361,703361,0
2,5,down_proj,GPU,703361,703361,0
2,5,Linear,Logic,703361,703361,0
2,5,expert_FFN_5,GPU,703361,746607,43246
2,5,gate_proj,GPU,703361,717769,14408.3
2,5,Linear,Logic,703361,717769,14408.3
2,5,activation,Logic,717769,717790,21.0927
2,5,up_proj,GPU,717790,732198,14408.3
2,5,Linear,Logic,717790,732198,14408.3
2,5,down_proj,GPU,732198,746607,14408.3
2,5,Linear,Logic,732198,746607,14408.3
2,5,sync_2,GPU,746607,789853,43246
2,5,sync__set,GPU,746607,746607,0
2,5,sync__,GPU,746607,789853,43246
2,5,moe_all_reduce_for_e_tp,GPU,789853,789853,0
2,5,sync_3,GPU,789853,789853,0
2,5,sync__set,GPU,789853,789853,0
2,5,sync__,GPU,789853,789853,0
2,5,moe_gather,GPU,789853,789853,0
2,5,sync_for_moe_gather,GPU,789853,789853,0
2,5,sync__set,GPU,789853,789853,0
2,5,sync__,GPU,789853,789853,0
2,5,moe_all_reduce_for_gather,GPU,789853,808180,18327.7
2,5,sync_5,GPU,808180,808180,0
2,5,sync__set,GPU,808180,808180,0
2,5,sync__,GPU,808180,808180,0
2,5,sync_6,GPU,808180,808180,0
2,5,sync__set,GPU,808180,808180,0
2,5,sync__,GPU,808180,808180,0
2,5,residual_2,GPU,808180,808217,36.1589
2,6,MoE_decoder_6,GPU,808217,942895,134679
2,6,input_layer_norm,GPU,808217,808253,36.1589
2,6,attention,GPU,808253,837943,29690.1
2,6,attn_qkv_proj,GPU,808253,814446,6193.22
2,6,Linear,GPU,808253,814446,6193.22
2,6,self_attention,GPU,814446,815481,1035.05
2,6,AttentionSplit,GPU,814446,814446,0
2,6,AttentionSum,Logic,814446,814446,0
2,6,AttentionGen,Logic,814446,815481,1035.05
2,6,AttentionMerge,GPU,815481,815481,0
2,6,attn_o_proj,GPU,815481,819615,4134.17
2,6,Linear,GPU,815481,819615,4134.17
2,6,all_reduce,GPU,819615,837943,18327.7
2,6,residual_1,GPU,837943,837979,36.1589
2,6,post_attn_layer_norm,GPU,837979,838015,36.1589
2,6,expertFFN,GPU,838015,942859,104844
2,6,sync_0,GPU,838015,838015,0
2,6,sync__set,GPU,838015,838015,0
2,6,sync__,GPU,838015,838015,0
2,6,gate_fn,GPU,838015,838063,48.2433
2,6,Linear,GPU,838015,838063,48.2433
2,6,gate_update,GPU,838063,838063,0
2,6,moe_scatter,GPU,838063,838063,0
2,6,sync_for_moe_scatter,GPU,838063,838063,0
2,6,sync__set,GPU,838063,838063,0
2,6,sync__,GPU,838063,838063,0
2,6,moe_route,GPU,838063,838063,0
2,6,expert_FFN_4,GPU,838063,881285,43221.9
2,6,gate_proj,GPU,838063,852467,14403.8
2,6,Linear,Logic,838063,852467,14403.8
2,6,activation,Logic,852467,852478,10.5463
2,6,up_proj,GPU,852478,866882,14403.8
2,6,Linear,Logic,852478,866882,14403.8
2,6,down_proj,GPU,866882,881285,14403.8
2,6,Linear,Logic,866882,881285,14403.8
2,6,expert_FFN_5,GPU,881285,924507,43221.9
2,6,gate_proj,GPU,881285,895689,14403.8
2,6,Linear,Logic,881285,895689,14403.8
2,6,activation,Logic,895689,895700,10.5463
2,6,up_proj,GPU,895700,910103,14403.8
2,6,Linear,Logic,895700,910103,14403.8
2,6,down_proj,GPU,910103,924507,14403.8
2,6,Linear,Logic,910103,924507,14403.8
2,6,sync_2,GPU,924507,924531,24.1059
2,6,sync__set,GPU,924507,924507,0
2,6,sync__,GPU,924507,924531,24.1059
2,6,moe_all_reduce_for_e_tp,GPU,924531,924531,0
2,6,sync_3,GPU,924531,924531,0
2,6,sync__set,GPU,924531,924531,0
2,6,sync__,GPU,924531,924531,0
2,6,moe_gather,GPU,924531,924531,0
2,6,sync_for_moe_gather,GPU,924531,924531,0
2,6,sync__set,GPU,924531,924531,0
2,6,sync__,GPU,924531,924531,0
2,6,moe_all_reduce_for_gather,GPU,924531,942859,18327.7
2,6,sync_5,GPU,942859,942859,0
2,6,sync__set,GPU,942859,942859,0
2,6,sync__,GPU,942859,942859,0
2,6,sync_6,GPU,942859,942859,0
2,6,sync__set,GPU,942859,942859,0
2,6,sync__,GPU,942859,942859,0
2,6,residual_2,GPU,942859,942895,36.1589
2,7,MoE_decoder_7,GPU,942895,1.07755e+06,134655
2,7,input_layer_norm,GPU,942895,942931,36.1589
2,7,attention,GPU,942931,972622,29690.1
2,7,attn_qkv_proj,GPU,942931,949125,6193.22
2,7,Linear,GPU,942931,949125,6193.22
2,7,self_attention,GPU,949125,950160,1035.05
2,7,AttentionSplit,GPU,949125,949125,0
2,7,AttentionSum,Logic,949125,949125,0
2,7,AttentionGen,Logic,949125,950160,1035.05
2,7,AttentionMerge,GPU,950160,950160,0
2,7,attn_o_proj,GPU,950160,954294,4134.17
2,7,Linear,GPU,950160,954294,4134.17
2,7,all_reduce,GPU,954294,972622,18327.7
2,7,residual_1,GPU,972622,972658,36.1589
2,7,post_attn_layer_norm,GPU,972658,972694,36.1589
2,7,expertFFN,GPU,972694,1.07751e+06,104820
2,7,sync_0,GPU,972694,972694,0
2,7,sync__set,GPU,972694,972694,0
2,7,sync__,GPU,972694,972694,0
2,7,gate_fn,GPU,972694,972742,48.2433
2,7,Linear,GPU,972694,972742,48.2433
2,7,gate_update,GPU,972742,972742,0
2,7,moe_scatter,GPU,972742,972742,0
2,7,sync_for_moe_scatter,GPU,972742,972742,0
2,7,sync__set,GPU,972742,972742,0
2,7,sync__,GPU,972742,972742,0
2,7,moe_route,GPU,972742,972742,0
2,7,expert_FFN_4,GPU,972742,1.01596e+06,43221.9
2,7,gate_proj,GPU,972742,987146,14403.8
2,7,Linear,Logic,972742,987146,14403.8
2,7,activation,Logic,987146,987156,10.5463
2,7,up_proj,GPU,987156,1.00156e+06,14403.8
2,7,Linear,Logic,987156,1.00156e+06,14403.8
2,7,down_proj,GPU,1.00156e+06,1.01596e+06,14403.8
2,7,Linear,Logic,1.00156e+06,1.01596e+06,14403.8
2,7,expert_FFN_5,GPU,1.01596e+06,1.05919e+06,43221.9
2,7,gate_proj,GPU,1.01596e+06,1.03037e+06,14403.8
2,7,Linear,Logic,1.01596e+06,1.03037e+06,14403.8
2,7,activation,Logic,1.03037e+06,1.03038e+06,10.5463
2,7,up_proj,GPU,1.03038e+06,1.04478e+06,14403.8
2,7,Linear,Logic,1.03038e+06,1.04478e+06,14403.8
2,7,down_proj,GPU,1.04478e+06,1.05919e+06,14403.8
2,7,Linear,Logic,1.04478e+06,1.05919e+06,14403.8
2,7,sync_2,GPU,1.05919e+06,1.05919e+06,0
2,7,sync__set,GPU,1.05919e+06,1.05919e+06,0
2,7,sync__,GPU,1.05919e+06,1.05919e+06,0
2,7,moe_all_reduce_for_e_tp,GPU,1.05919e+06,1.05919e+06,0
2,7,sync_3,GPU,1.05919e+06,1.05919e+06,0
2,7,sync__set,GPU,1.05919e+06,1.05919e+06,0
2,7,sync__,GPU,1.05919e+06,1.05919e+06,0
2,7,moe_gather,GPU,1.05919e+06,1.05919e+06,0
2,7,sync_for_moe_gather,GPU,1.05919e+06,1.05919e+06,0
2,7,sync__set,GPU,1.05919e+06,1.05919e+06,0
2,7,sync__,GPU,1.05919e+06,1.05919e+06,0
2,7,moe_all_reduce_for_gather,GPU,1.05919e+06,1.07751e+06,18327.7
2,7,sync_5,GPU,1.07751e+06,1.07751e+06,0
2,7,sync__set,GPU,1.07751e+06,1.07751e+06,0
2,7,sync__,GPU,1.07751e+06,1.07751e+06,0
2,7,sync_6,GPU,1.07751e+06,1.07751e+06,0
2,7,sync__set,GPU,1.07751e+06,1.07751e+06,0
2,7,sync__,GPU,1.07751e+06,1.07751e+06,0
2,7,residual_2,GPU,1.07751e+06,1.07755e+06,36.1589
2,8,MoE_decoder_8,GPU,1.07755e+06,1.21223e+06,134679
2,8,input_layer_norm,GPU,1.07755e+06,1.07759e+06,36.1589
2,8,attention,GPU,1.07759e+06,1.10728e+06,29690.1
2,8,attn_qkv_proj,GPU,1.07759e+06,1.08378e+06,6193.22
2,8,Linear,GPU,1.07759e+06,1.08378e+06,6193.22
2,8,self_attention,GPU,1.08378e+06,1.08481e+06,1035.05
2,8,AttentionSplit,GPU,1.08378e+06,1.08378e+06,0
2,8,AttentionSum,Logic,1.08378e+06,1.08378e+06,0
2,8,AttentionGen,Logic,1.08378e+06,1.08481e+06,1035.05
2,8,AttentionMerge,GPU,1.08481e+06,1.08481e+06,0
2,8,attn_o_proj,GPU,1.08481e+06,1.08895e+06,4134.17
2,8,Linear,GPU,1.08481e+06,1.08895e+06,4134.17
2,8,all_reduce,GPU,1.08895e+06,1.10728e+06,18327.7
2,8,residual_1,GPU,1.10728e+06,1.10731e+06,36.1589
2,8,post_attn_layer_norm,GPU,1.10731e+06,1.10735e+06,36.1589
2,8,expertFFN,GPU,1.10735e+06,1.21219e+06,104844
2,8,sync_0,GPU,1.10735e+06,1.10735e+06,0
2,8,sync__set,GPU,1.10735e+06,1.10735e+06,0
2,8,sync__,GPU,1.10735e+06,1.10735e+06,0
2,8,gate_fn,GPU,1.10735e+06,1.1074e+06,48.2433
2,8,Linear,GPU,1.10735e+06,1.1074e+06,48.2433
2,8,gate_update,GPU,1.1074e+06,1.1074e+06,0
2,8,moe_scatter,GPU,1.1074e+06,1.1074e+06,0
2,8,sync_for_moe_scatter,GPU,1.1074e+06,1.1074e+06,0
2,8,sync__set,GPU,1.1074e+06,1.1074e+06,0
2,8,sync__,GPU,1.1074e+06,1.1074e+06,0
2,8,moe_route,GPU,1.1074e+06,1.1074e+06,0
2,8,expert_FFN_4,GPU,1.1074e+06,1.15062e+06,43221.9
2,8,gate_proj,GPU,1.1074e+06,1.1218e+06,14403.8
2,8,Linear,Logic,1.1074e+06,1.1218e+06,14403.8
2,8,activation,Logic,1.1218e+06,1.12181e+06,10.5463
2,8,up_proj,GPU,1.12181e+06,1.13621e+06,14403.8
2,8,Linear,Logic,1.12181e+06,1.13621e+06,14403.8
2,8,down_proj,GPU,1.13621e+06,1.15062e+06,14403.8
2,8,Linear,Logic,1.13621e+06,1.15062e+06,14403.8
2,8,expert_FFN_5,GPU,1.15062e+06,1.19384e+06,43221.9
2,8,gate_proj,GPU,1.15062e+06,1.16502e+06,14403.8
2,8,Linear,Logic,1.15062e+06,1.16502e+06,14403.8
2,8,activation,Logic,1.16502e+06,1.16503e+06,10.5463
2,8,up_proj,GPU,1.16503e+06,1.17944e+06,14403.8
2,8,Linear,Logic,1.16503e+06,1.17944e+06,14403.8
2,8,down_proj,GPU,1.17944e+06,1.19384e+06,14403.8
2,8,Linear,Logic,1.17944e+06,1.19384e+06,14403.8
2,8,sync_2,GPU,1.19384e+06,1.19386e+06,24.1059
2,8,sync__set,GPU,1.19384e+06,1.19384e+06,0
2,8,sync__,GPU,1.19384e+06,1.19386e+06,24.1059
2,8,moe_all_reduce_for_e_tp,GPU,1.19386e+06,1.19386e+06,0
2,8,sync_3,GPU,1.19386e+06,1.19386e+06,0
2,8,sync__set,GPU,1.19386e+06,1.19386e+06,0
2,8,sync__,GPU,1.19386e+06,1.19386e+06,0
2,8,moe_gather,GPU,1.19386e+06,1.19386e+06,0
2,8,sync_for_moe_gather,GPU,1.19386e+06,1.19386e+06,0
2,8,sync__set,GPU,1.19386e+06,1.19386e+06,0
2,8,sync__,GPU,1.19386e+06,1.19386e+06,0
2,8,moe_all_reduce_for_gather,GPU,1.19386e+06,1.21219e+06,18327.7
2,8,sync_5,GPU,1.21219e+06,1.21219e+06,0
2,8,sync__set,GPU,1.21219e+06,1.21219e+06,0
2,8,sync__,GPU,1.21219e+06,1.21219e+06,0
2,8,sync_6,GPU,1.21219e+06,1.21219e+06,0
2,8,sync__set,GPU,1.21219e+06,1.21219e+06,0
2,8,sync__,GPU,1.21219e+06,1.21219e+06,0
2,8,residual_2,GPU,1.21219e+06,1.21223e+06,36.1589
2,9,MoE_decoder_9,GPU,1.21223e+06,1.34691e+06,134679
2,9,input_layer_norm,GPU,1.21223e+06,1.21226e+06,36.1589
2,9,attention,GPU,1.21226e+06,1.24195e+06,29690.1
2,9,attn_qkv_proj,GPU,1.21226e+06,1.21846e+06,6193.22
2,9,Linear,GPU,1.21226e+06,1.21846e+06,6193.22
2,9,self_attention,GPU,1.21846e+06,1.21949e+06,1035.05
2,9,AttentionSplit,GPU,1.21846e+06,1.21846e+06,0
2,9,AttentionSum,Logic,1.21846e+06,1.21846e+06,0
2,9,AttentionGen,Logic,1.21846e+06,1.21949e+06,1035.05
2,9,AttentionMerge,GPU,1.21949e+06,1.21949e+06,0
2,9,attn_o_proj,GPU,1.21949e+06,1.22363e+06,4134.17
2,9,Linear,GPU,1.21949e+06,1.22363e+06,4134.17
2,9,all_reduce,GPU,1.22363e+06,1.24195e+06,18327.7
2,9,residual_1,GPU,1.24195e+06,1.24199e+06,36.1589
2,9,post_attn_layer_norm,GPU,1.24199e+06,1.24203e+06,36.1589
2,9,expertFFN,GPU,1.24203e+06,1.34687e+06,104844
2,9,sync_0,GPU,1.24203e+06,1.24203e+06,0
2,9,sync__set,GPU,1.24203e+06,1.24203e+06,0
2,9,sync__,GPU,1.24203e+06,1.24203e+06,0
2,9,gate_fn,GPU,1.24203e+06,1.24208e+06,48.2433
2,9,Linear,GPU,1.24203e+06,1.24208e+06,48.2433
2,9,gate_update,GPU,1.24208e+06,1.24208e+06,0
2,9,moe_scatter,GPU,1.24208e+06,1.24208e+06,0
2,9,sync_for_moe_scatter,GPU,1.24208e+06,1.24208e+06,0
2,9,sync__set,GPU,1.24208e+06,1.24208e+06,0
2,9,sync__,GPU,1.24208e+06,1.24208e+06,0
2,9,moe_route,GPU,1.24208e+06,1.24208e+06,0
2,9,expert_FFN_4,GPU,1.24208e+06,1.28532e+06,43246
2,9,gate_proj,GPU,1.24208e+06,1.25648e+06,14408.3
2,9,Linear,Logic,1.24208e+06,1.25648e+06,14408.3
2,9,activation,Logic,1.25648e+06,1.2565e+06,21.0927
2,9,up_proj,GPU,1.2565e+06,1.27091e+06,14408.3
2,9,Linear,Logic,1.2565e+06,1.27091e+06,14408.3
2,9,down_proj,GPU,1.27091e+06,1.28532e+06,14408.3
2,9,Linear,Logic,1.27091e+06,1.28532e+06,14408.3
2,9,expert_FFN_5,GPU,1.28532e+06,1.32854e+06,43221.9
2,9,gate_proj,GPU,1.28532e+06,1.29973e+06,14403.8
2,9,Linear,Logic,1.28532e+06,1.29973e+06,14403.8
2,9,activation,Logic,1.29973e+06,1.29974e+06,10.5463
2,9,up_proj,GPU,1.29974e+06,1.31414e+06,14403.8
2,9,Linear,Logic,1.29974e+06,1.31414e+06,14403.8
2,9,down_proj,GPU,1.31414e+06,1.32854e+06,14403.8
2,9,Linear,Logic,1.31414e+06,1.32854e+06,14403.8
2,9,sync_2,GPU,1.32854e+06,1.32854e+06,0
2,9,sync__set,GPU,1.32854e+06,1.32854e+06,0
2,9,sync__,GPU,1.32854e+06,1.32854e+06,0
2,9,moe_all_reduce_for_e_tp,GPU,1.32854e+06,1.32854e+06,0
2,9,sync_3,GPU,1.32854e+06,1.32854e+06,0
2,9,sync__set,GPU,1.32854e+06,1.32854e+06,0
2,9,sync__,GPU,1.32854e+06,1.32854e+06,0
2,9,moe_gather,GPU,1.32854e+06,1.32854e+06,0
2,9,sync_for_moe_gather,GPU,1.32854e+06,1.32854e+06,0
2,9,sync__set,GPU,1.32854e+06,1.32854e+06,0
2,9,sync__,GPU,1.32854e+06,1.32854e+06,0
2,9,moe_all_reduce_for_gather,GPU,1.32854e+06,1.34687e+06,18327.7
2,9,sync_5,GPU,1.34687e+06,1.34687e+06,0
2,9,sync__set,GPU,1.34687e+06,1.34687e+06,0
2,9,sync__,GPU,1.34687e+06,1.34687e+06,0
2,9,sync_6,GPU,1.34687e+06,1.34687e+06,0
2,9,sync__set,GPU,1.34687e+06,1.34687e+06,0
2,9,sync__,GPU,1.34687e+06,1.34687e+06,0
2,9,residual_2,GPU,1.34687e+06,1.34691e+06,36.1589
2,10,MoE_decoder_10,GPU,1.34691e+06,1.48161e+06,134703
2,10,input_layer_norm,GPU,1.34691e+06,1.34694e+06,36.1589
2,10,attention,GPU,1.34694e+06,1.37663e+06,29690.1
2,10,attn_qkv_proj,GPU,1.34694e+06,1.35314e+06,6193.22
2,10,Linear,GPU,1.34694e+06,1.35314e+06,6193.22
2,10,self_attention,GPU,1.35314e+06,1.35417e+06,1035.05
2,10,AttentionSplit,GPU,1.35314e+06,1.35314e+06,0
2,10,AttentionSum,Logic,1.35314e+06,1.35314e+06,0
2,10,AttentionGen,Logic,1.35314e+06,1.35417e+06,1035.05
2,10,AttentionMerge,GPU,1.35417e+06,1.35417e+06,0
2,10,attn_o_proj,GPU,1.35417e+06,1.35831e+06,4134.17
2,10,Linear,GPU,1.35417e+06,1.35831e+06,4134.17
2,10,all_reduce,GPU,1.35831e+06,1.37663e+06,18327.7
2,10,residual_1,GPU,1.37663e+06,1.37667e+06,36.1589
2,10,post_attn_layer_norm,GPU,1.37667e+06,1.37671e+06,36.1589
2,10,expertFFN,GPU,1.37671e+06,1.48157e+06,104868
2,10,sync_0,GPU,1.37671e+06,1.37671e+06,0
2,10,sync__set,GPU,1.37671e+06,1.37671e+06,0
2,10,sync__,GPU,1.37671e+06,1.37671e+06,0
2,10,gate_fn,GPU,1.37671e+06,1.37675e+06,48.2433
2,10,Linear,GPU,1.37671e+06,1.37675e+06,48.2433
2,10,gate_update,GPU,1.37675e+06,1.37675e+06,0
2,10,moe_scatter,GPU,1.37675e+06,1.37675e+06,0
2,10,sync_for_moe_scatter,GPU,1.37675e+06,1.37675e+06,0
2,10,sync__set,GPU,1.37675e+06,1.37675e+06,0
2,10,sync__,GPU,1.37675e+06,1.37675e+06,0
2,10,moe_route,GPU,1.37675e+06,1.37675e+06,0
2,10,expert_FFN_4,GPU,1.37675e+06,1.42002e+06,43270.2
2,10,gate_proj,GPU,1.37675e+06,1.39117e+06,14412.8
2,10,Linear,Logic,1.37675e+06,1.39117e+06,14412.8
2,10,activation,Logic,1.39117e+06,1.3912e+06,31.639
2,10,up_proj,GPU,1.3912e+06,1.40561e+06,14412.8
2,10,Linear,Logic,1.3912e+06,1.40561e+06,14412.8
2,10,down_proj,GPU,1.40561e+06,1.42002e+06,14412.8
2,10,Linear,Logic,1.40561e+06,1.42002e+06,14412.8
2,10,expert_FFN_5,GPU,1.42002e+06,1.46325e+06,43221.9
2,10,gate_proj,GPU,1.42002e+06,1.43443e+06,14403.8
2,10,Linear,Logic,1.42002e+06,1.43443e+06,14403.8
2,10,activation,Logic,1.43443e+06,1.43444e+06,10.5463
2,10,up_proj,GPU,1.43444e+06,1.44884e+06,14403.8
2,10,Linear,Logic,1.43444e+06,1.44884e+06,14403.8
2,10,down_proj,GPU,1.44884e+06,1.46325e+06,14403.8
2,10,Linear,Logic,1.44884e+06,1.46325e+06,14403.8
2,10,sync_2,GPU,1.46325e+06,1.46325e+06,0
2,10,sync__set,GPU,1.46325e+06,1.46325e+06,0
2,10,sync__,GPU,1.46325e+06,1.46325e+06,0
2,10,moe_all_reduce_for_e_tp,GPU,1.46325e+06,1.46325e+06,0
2,10,sync_3,GPU,1.46325e+06,1.46325e+06,0
2,10,sync__set,GPU,1.46325e+06,1.46325e+06,0
2,10,sync__,GPU,1.46325e+06,1.46325e+06,0
2,10,moe_gather,GPU,1.46325e+06,1.46325e+06,0
2,10,sync_for_moe_gather,GPU,1.46325e+06,1.46325e+06,0
2,10,sync__set,GPU,1.46325e+06,1.46325e+06,0
2,10,sync__,GPU,1.46325e+06,1.46325e+06,0
2,10,moe_all_reduce_for_gather,GPU,1.46325e+06,1.48157e+06,18327.7
2,10,sync_5,GPU,1.48157e+06,1.48157e+06,0
2,10,sync__set,GPU,1.48157e+06,1.48157e+06,0
2,10,sync__,GPU,1.48157e+06,1.48157e+06,0
2,10,sync_6,GPU,1.48157e+06,1.48157e+06,0
2,10,sync__set,GPU,1.48157e+06,1.48157e+06,0
2,10,sync__,GPU,1.48157e+06,1.48157e+06,0
2,10,residual_2,GPU,1.48157e+06,1.48161e+06,36.1589
2,11,MoE_decoder_11,GPU,1.48161e+06,1.61629e+06,134679
2,11,input_layer_norm,GPU,1.48161e+06,1.48165e+06,36.1589
2,11,attention,GPU,1.48165e+06,1.51134e+06,29690.1
2,11,attn_qkv_proj,GPU,1.48165e+06,1.48784e+06,6193.22
2,11,Linear,GPU,1.48165e+06,1.48784e+06,6193.22
2,11,self_attention,GPU,1.48784e+06,1.48887e+06,1035.05
2,11,AttentionSplit,GPU,1.48784e+06,1.48784e+06,0
2,11,AttentionSum,Logic,1.48784e+06,1.48784e+06,0
2,11,AttentionGen,Logic,1.48784e+06,1.48887e+06,1035.05
2,11,AttentionMerge,GPU,1.48887e+06,1.48887e+06,0
2,11,attn_o_proj,GPU,1.48887e+06,1.49301e+06,4134.17
2,11,Linear,GPU,1.48887e+06,1.49301e+06,4134.17
2,11,all_reduce,GPU,1.49301e+06,1.51134e+06,18327.7
2,11,residual_1,GPU,1.51134e+06,1.51137e+06,36.1589
2,11,post_attn_layer_norm,GPU,1.51137e+06,1.51141e+06,36.1589
2,11,expertFFN,GPU,1.51141e+06,1.61625e+06,104844
2,11,sync_0,GPU,1.51141e+06,1.51141e+06,0
2,11,sync__set,GPU,1.51141e+06,1.51141e+06,0
2,11,sync__,GPU,1.51141e+06,1.51141e+06,0
2,11,gate_fn,GPU,1.51141e+06,1.51146e+06,48.2433
2,11,Linear,GPU,1.51141e+06,1.51146e+06,48.2433
2,11,gate_update,GPU,1.51146e+06,1.51146e+06,0
2,11,moe_scatter,GPU,1.51146e+06,1.51146e+06,0
2,11,sync_for_moe_scatter,GPU,1.51146e+06,1.51146e+06,0
2,11,sync__set,GPU,1.51146e+06,1.51146e+06,0
2,11,sync__,GPU,1.51146e+06,1.51146e+06,0
2,11,moe_route,GPU,1.51146e+06,1.51146e+06,0
2,11,expert_FFN_4,GPU,1.51146e+06,1.55468e+06,43221.9
2,11,gate_proj,GPU,1.51146e+06,1.52586e+06,14403.8
2,11,Linear,Logic,1.51146e+06,1.52586e+06,14403.8
2,11,activation,Logic,1.52586e+06,1.52587e+06,10.5463
2,11,up_proj,GPU,1.52587e+06,1.54027e+06,14403.8
2,11,Linear,Logic,1.52587e+06,1.54027e+06,14403.8
2,11,down_proj,GPU,1.54027e+06,1.55468e+06,14403.8
2,11,Linear,Logic,1.54027e+06,1.55468e+06,14403.8
2,11,expert_FFN_5,GPU,1.55468e+06,1.59792e+06,43246
2,11,gate_proj,GPU,1.55468e+06,1.56909e+06,14408.3
2,11,Linear,Logic,1.55468e+06,1.56909e+06,14408.3
2,11,activation,Logic,1.56909e+06,1.56911e+06,21.0927
2,11,up_proj,GPU,1.56911e+06,1.58352e+06,14408.3
2,11,Linear,Logic,1.56911e+06,1.58352e+06,14408.3
2,11,down_proj,GPU,1.58352e+06,1.59792e+06,14408.3
2,11,Linear,Logic,1.58352e+06,1.59792e+06,14408.3
2,11,sync_2,GPU,1.59792e+06,1.59792e+06,0
2,11,sync__set,GPU,1.59792e+06,1.59792e+06,0
2,11,sync__,GPU,1.59792e+06,1.59792e+06,0
2,11,moe_all_reduce_for_e_tp,GPU,1.59792e+06,1.59792e+06,0
2,11,sync_3,GPU,1.59792e+06,1.59792e+06,0
2,11,sync__set,GPU,1.59792e+06,1.59792e+06,0
2,11,sync__,GPU,1.59792e+06,1.59792e+06,0
2,11,moe_gather,GPU,1.59792e+06,1.59792e+06,0
2,11,sync_for_moe_gather,GPU,1.59792e+06,1.59792e+06,0
2,11,sync__set,GPU,1.59792e+06,1.59792e+06,0
2,11,sync__,GPU,1.59792e+06,1.59792e+06,0
2,11,moe_all_reduce_for_gather,GPU,1.59792e+06,1.61625e+06,18327.7
2,11,sync_5,GPU,1.61625e+06,1.61625e+06,0
2,11,sync__set,GPU,1.61625e+06,1.61625e+06,0
2,11,sync__,GPU,1.61625e+06,1.61625e+06,0
2,11,sync_6,GPU,1.61625e+06,1.61625e+06,0
2,11,sync__set,GPU,1.61625e+06,1.61625e+06,0
2,11,sync__,GPU,1.61625e+06,1.61625e+06,0
2,11,residual_2,GPU,1.61625e+06,1.61629e+06,36.1589
2,12,MoE_decoder_12,GPU,1.61629e+06,1.75097e+06,134679
2,12,input_layer_norm,GPU,1.61629e+06,1.61632e+06,36.1589
2,12,attention,GPU,1.61632e+06,1.64601e+06,29690.1
2,12,attn_qkv_proj,GPU,1.61632e+06,1.62252e+06,6193.22
2,12,Linear,GPU,1.61632e+06,1.62252e+06,6193.22
2,12,self_attention,GPU,1.62252e+06,1.62355e+06,1035.05
2,12,AttentionSplit,GPU,1.62252e+06,1.62252e+06,0
2,12,AttentionSum,Logic,1.62252e+06,1.62252e+06,0
2,12,AttentionGen,Logic,1.62252e+06,1.62355e+06,1035.05
2,12,AttentionMerge,GPU,1.62355e+06,1.62355e+06,0
2,12,attn_o_proj,GPU,1.62355e+06,1.62769e+06,4134.17
2,12,Linear,GPU,1.62355e+06,1.62769e+06,4134.17
2,12,all_reduce,GPU,1.62769e+06,1.64601e+06,18327.7
2,12,residual_1,GPU,1.64601e+06,1.64605e+06,36.1589
2,12,post_attn_layer_norm,GPU,1.64605e+06,1.64609e+06,36.1589
2,12,expertFFN,GPU,1.64609e+06,1.75093e+06,104844
2,12,sync_0,GPU,1.64609e+06,1.64609e+06,0
2,12,sync__set,GPU,1.64609e+06,1.64609e+06,0
2,12,sync__,GPU,1.64609e+06,1.64609e+06,0
2,12,gate_fn,GPU,1.64609e+06,1.64614e+06,48.2433
2,12,Linear,GPU,1.64609e+06,1.64614e+06,48.2433
2,12,gate_update,GPU,1.64614e+06,1.64614e+06,0
2,12,moe_scatter,GPU,1.64614e+06,1.64614e+06,0
2,12,sync_for_moe_scatter,GPU,1.64614e+06,1.64614e+06,0
2,12,sync__set,GPU,1.64614e+06,1.64614e+06,0
2,12,sync__,GPU,1.64614e+06,1.64614e+06,0
2,12,moe_route,GPU,1.64614e+06,1.64614e+06,0
2,12,expert_FFN_4,GPU,1.64614e+06,1.64614e+06,0
2,12,gate_proj,GPU,1.64614e+06,1.64614e+06,0
2,12,Linear,Logic,1.64614e+06,1.64614e+06,0
2,12,activation,Logic,1.64614e+06,1.64614e+06,0
2,12,up_proj,GPU,1.64614e+06,1.64614e+06,0
2,12,Linear,Logic,1.64614e+06,1.64614e+06,0
2,12,down_proj,GPU,1.64614e+06,1.64614e+06,0
2,12,Linear,Logic,1.64614e+06,1.64614e+06,0
2,12,expert_FFN_5,GPU,1.64614e+06,1.68936e+06,43221.9
2,12,gate_proj,GPU,1.64614e+06,1.66054e+06,14403.8
2,12,Linear,Logic,1.64614e+06,1.66054e+06,14403.8
2,12,activation,Logic,1.66054e+06,1.66055e+06,10.5463
2,12,up_proj,GPU,1.66055e+06,1.67495e+06,14403.8
2,12,Linear,Logic,1.66055e+06,1.67495e+06,14403.8
2,12,down_proj,GPU,1.67495e+06,1.68936e+06,14403.8
2,12,Linear,Logic,1.67495e+06,1.68936e+06,14403.8
2,12,sync_2,GPU,1.68936e+06,1.7326e+06,43246
2,12,sync__set,GPU,1.68936e+06,1.68936e+06,0
2,12,sync__,GPU,1.68936e+06,1.7326e+06,43246
2,12,moe_all_reduce_for_e_tp,GPU,1.7326e+06,1.7326e+06,0
2,12,sync_3,GPU,1.7326e+06,1.7326e+06,0
2,12,sync__set,GPU,1.7326e+06,1.7326e+06,0
2,12,sync__,GPU,1.7326e+06,1.7326e+06,0
2,12,moe_gather,GPU,1.7326e+06,1.7326e+06,0
2,12,sync_for_moe_gather,GPU,1.7326e+06,1.7326e+06,0
2,12,sync__set,GPU,1.7326e+06,1.7326e+06,0
2,12,sync__,GPU,1.7326e+06,1.7326e+06,0
2,12,moe_all_reduce_for_gather,GPU,1.7326e+06,1.75093e+06,18327.7
2,12,sync_5,GPU,1.75093e+06,1.75093e+06,0
2,12,sync__set,GPU,1.75093e+06,1.75093e+06,0
2,12,sync__,GPU,1.75093e+06,1.75093e+06,0
2,12,sync_6,GPU,1.75093e+06,1.75093e+06,0
2,12,sync__set,GPU,1.75093e+06,1.75093e+06,0
2,12,sync__,GPU,1.75093e+06,1.75093e+06,0
2,12,residual_2,GPU,1.75093e+06,1.75097e+06,36.1589
2,13,MoE_decoder_13,GPU,1.75097e+06,1.88567e+06,134703
2,13,input_layer_norm,GPU,1.75097e+06,1.751e+06,36.1589
2,13,attention,GPU,1.751e+06,1.78069e+06,29690.1
2,13,attn_qkv_proj,GPU,1.751e+06,1.7572e+06,6193.22
2,13,Linear,GPU,1.751e+06,1.7572e+06,6193.22
2,13,self_attention,GPU,1.7572e+06,1.75823e+06,1035.05
2,13,AttentionSplit,GPU,1.7572e+06,1.7572e+06,0
2,13,AttentionSum,Logic,1.7572e+06,1.7572e+06,0
2,13,AttentionGen,Logic,1.7572e+06,1.75823e+06,1035.05
2,13,AttentionMerge,GPU,1.75823e+06,1.75823e+06,0
2,13,attn_o_proj,GPU,1.75823e+06,1.76237e+06,4134.17
2,13,Linear,GPU,1.75823e+06,1.76237e+06,4134.17
2,13,all_reduce,GPU,1.76237e+06,1.78069e+06,18327.7
2,13,residual_1,GPU,1.78069e+06,1.78073e+06,36.1589
2,13,post_attn_layer_norm,GPU,1.78073e+06,1.78077e+06,36.1589
2,13,expertFFN,GPU,1.78077e+06,1.88563e+06,104868
2,13,sync_0,GPU,1.78077e+06,1.78077e+06,0
2,13,sync__set,GPU,1.78077e+06,1.78077e+06,0
2,13,sync__,GPU,1.78077e+06,1.78077e+06,0
2,13,gate_fn,GPU,1.78077e+06,1.78081e+06,48.2433
2,13,Linear,GPU,1.78077e+06,1.78081e+06,48.2433
2,13,gate_update,GPU,1.78081e+06,1.78081e+06,0
2,13,moe_scatter,GPU,1.78081e+06,1.78081e+06,0
2,13,sync_for_moe_scatter,GPU,1.78081e+06,1.78081e+06,0
2,13,sync__set,GPU,1.78081e+06,1.78081e+06,0
2,13,sync__,GPU,1.78081e+06,1.78081e+06,0
2,13,moe_route,GPU,1.78081e+06,1.78081e+06,0
2,13,expert_FFN_4,GPU,1.78081e+06,1.78081e+06,0
2,13,gate_proj,GPU,1.78081e+06,1.78081e+06,0
2,13,Linear,Logic,1.78081e+06,1.78081e+06,0
2,13,activation,Logic,1.78081e+06,1.78081e+06,0
2,13,up_proj,GPU,1.78081e+06,1.78081e+06,0
2,13,Linear,Logic,1.78081e+06,1.78081e+06,0
2,13,down_proj,GPU,1.78081e+06,1.78081e+06,0
2,13,Linear,Logic,1.78081e+06,1.78081e+06,0
2,13,expert_FFN_5,GPU,1.78081e+06,1.82404e+06,43221.9
2,13,gate_proj,GPU,1.78081e+06,1.79522e+06,14403.8
2,13,Linear,Logic,1.78081e+06,1.79522e+06,14403.8
2,13,activation,Logic,1.79522e+06,1.79523e+06,10.5463
2,13,up_proj,GPU,1.79523e+06,1.80963e+06,14403.8
2,13,Linear,Logic,1.79523e+06,1.80963e+06,14403.8
2,13,down_proj,GPU,1.80963e+06,1.82404e+06,14403.8
2,13,Linear,Logic,1.80963e+06,1.82404e+06,14403.8
2,13,sync_2,GPU,1.82404e+06,1.86731e+06,43270.2
2,13,sync__set,GPU,1.82404e+06,1.82404e+06,0
2,13,sync__,GPU,1.82404e+06,1.86731e+06,43270.2
2,13,moe_all_reduce_for_e_tp,GPU,1.86731e+06,1.86731e+06,0
2,13,sync_3,GPU,1.86731e+06,1.86731e+06,0
2,13,sync__set,GPU,1.86731e+06,1.86731e+06,0
2,13,sync__,GPU,1.86731e+06,1.86731e+06,0
2,13,moe_gather,GPU,1.86731e+06,1.86731e+06,0
2,13,sync_for_moe_gather,GPU,1.86731e+06,1.86731e+06,0
2,13,sync__set,GPU,1.86731e+06,1.86731e+06,0
2,13,sync__,GPU,1.86731e+06,1.86731e+06,0
2,13,moe_all_reduce_for_gather,GPU,1.86731e+06,1.88563e+06,18327.7
2,13,sync_5,GPU,1.88563e+06,1.88563e+06,0
2,13,sync__set,GPU,1.88563e+06,1.88563e+06,0
2,13,sync__,GPU,1.88563e+06,1.88563e+06,0
2,13,sync_6,GPU,1.88563e+06,1.88563e+06,0
2,13,sync__set,GPU,1.88563e+06,1.88563e+06,0
2,13,sync__,GPU,1.88563e+06,1.88563e+06,0
2,13,residual_2,GPU,1.88563e+06,1.88567e+06,36.1589
2,14,MoE_decoder_14,GPU,1.88567e+06,2.02035e+06,134679
2,14,input_layer_norm,GPU,1.88567e+06,1.88571e+06,36.1589
2,14,attention,GPU,1.88571e+06,1.9154e+06,29690.1
2,14,attn_qkv_proj,GPU,1.88571e+06,1.8919e+06,6193.22
2,14,Linear,GPU,1.88571e+06,1.8919e+06,6193.22
2,14,self_attention,GPU,1.8919e+06,1.89293e+06,1035.05
2,14,AttentionSplit,GPU,1.8919e+06,1.8919e+06,0
2,14,AttentionSum,Logic,1.8919e+06,1.8919e+06,0
2,14,AttentionGen,Logic,1.8919e+06,1.89293e+06,1035.05
2,14,AttentionMerge,GPU,1.89293e+06,1.89293e+06,0
2,14,attn_o_proj,GPU,1.89293e+06,1.89707e+06,4134.17
2,14,Linear,GPU,1.89293e+06,1.89707e+06,4134.17
2,14,all_reduce,GPU,1.89707e+06,1.9154e+06,18327.7
2,14,residual_1,GPU,1.9154e+06,1.91543e+06,36.1589
2,14,post_attn_layer_norm,GPU,1.91543e+06,1.91547e+06,36.1589
2,14,expertFFN,GPU,1.91547e+06,2.02031e+06,104844
2,14,sync_0,GPU,1.91547e+06,1.91547e+06,0
2,14,sync__set,GPU,1.91547e+06,1.91547e+06,0
2,14,sync__,GPU,1.91547e+06,1.91547e+06,0
2,14,gate_fn,GPU,1.91547e+06,1.91552e+06,48.2433
2,14,Linear,GPU,1.91547e+06,1.91552e+06,48.2433
2,14,gate_update,GPU,1.91552e+06,1.91552e+06,0
2,14,moe_scatter,GPU,1.91552e+06,1.91552e+06,0
2,14,sync_for_moe_scatter,GPU,1.91552e+06,1.91552e+06,0
2,14,sync__set,GPU,1.91552e+06,1.91552e+06,0
2,14,sync__,GPU,1.91552e+06,1.91552e+06,0
2,14,moe_route,GPU,1.91552e+06,1.91552e+06,0
2,14,expert_FFN_4,GPU,1.91552e+06,1.95874e+06,43221.9
2,14,gate_proj,GPU,1.91552e+06,1.92992e+06,14403.8
2,14,Linear,Logic,1.91552e+06,1.92992e+06,14403.8
2,14,activation,Logic,1.92992e+06,1.92993e+06,10.5463
2,14,up_proj,GPU,1.92993e+06,1.94433e+06,14403.8
2,14,Linear,Logic,1.92993e+06,1.94433e+06,14403.8
2,14,down_proj,GPU,1.94433e+06,1.95874e+06,14403.8
2,14,Linear,Logic,1.94433e+06,1.95874e+06,14403.8
2,14,expert_FFN_5,GPU,1.95874e+06,2.00196e+06,43221.9
2,14,gate_proj,GPU,1.95874e+06,1.97314e+06,14403.8
2,14,Linear,Logic,1.95874e+06,1.97314e+06,14403.8
2,14,activation,Logic,1.97314e+06,1.97315e+06,10.5463
2,14,up_proj,GPU,1.97315e+06,1.98756e+06,14403.8
2,14,Linear,Logic,1.97315e+06,1.98756e+06,14403.8
2,14,down_proj,GPU,1.98756e+06,2.00196e+06,14403.8
2,14,Linear,Logic,1.98756e+06,2.00196e+06,14403.8
2,14,sync_2,GPU,2.00196e+06,2.00198e+06,24.1059
2,14,sync__set,GPU,2.00196e+06,2.00196e+06,0
2,14,sync__,GPU,2.00196e+06,2.00198e+06,24.1059
2,14,moe_all_reduce_for_e_tp,GPU,2.00198e+06,2.00198e+06,0
2,14,sync_3,GPU,2.00198e+06,2.00198e+06,0
2,14,sync__set,GPU,2.00198e+06,2.00198e+06,0
2,14,sync__,GPU,2.00198e+06,2.00198e+06,0
2,14,moe_gather,GPU,2.00198e+06,2.00198e+06,0
2,14,sync_for_moe_gather,GPU,2.00198e+06,2.00198e+06,0
2,14,sync__set,GPU,2.00198e+06,2.00198e+06,0
2,14,sync__,GPU,2.00198e+06,2.00198e+06,0
2,14,moe_all_reduce_for_gather,GPU,2.00198e+06,2.02031e+06,18327.7
2,14,sync_5,GPU,2.02031e+06,2.02031e+06,0
2,14,sync__set,GPU,2.02031e+06,2.02031e+06,0
2,14,sync__,GPU,2.02031e+06,2.02031e+06,0
2,14,sync_6,GPU,2.02031e+06,2.02031e+06,0
2,14,sync__set,GPU,2.02031e+06,2.02031e+06,0
2,14,sync__,GPU,2.02031e+06,2.02031e+06,0
2,14,residual_2,GPU,2.02031e+06,2.02035e+06,36.1589
2,15,MoE_decoder_15,GPU,2.02035e+06,2.155e+06,134655
2,15,input_layer_norm,GPU,2.02035e+06,2.02038e+06,36.1589
2,15,attention,GPU,2.02038e+06,2.05007e+06,29690.1
2,15,attn_qkv_proj,GPU,2.02038e+06,2.02658e+06,6193.22
2,15,Linear,GPU,2.02038e+06,2.02658e+06,6193.22
2,15,self_attention,GPU,2.02658e+06,2.02761e+06,1035.05
2,15,AttentionSplit,GPU,2.02658e+06,2.02658e+06,0
2,15,AttentionSum,Logic,2.02658e+06,2.02658e+06,0
2,15,AttentionGen,Logic,2.02658e+06,2.02761e+06,1035.05
2,15,AttentionMerge,GPU,2.02761e+06,2.02761e+06,0
2,15,attn_o_proj,GPU,2.02761e+06,2.03175e+06,4134.17
2,15,Linear,GPU,2.02761e+06,2.03175e+06,4134.17
2,15,all_reduce,GPU,2.03175e+06,2.05007e+06,18327.7
2,15,residual_1,GPU,2.05007e+06,2.05011e+06,36.1589
2,15,post_attn_layer_norm,GPU,2.05011e+06,2.05015e+06,36.1589
2,15,expertFFN,GPU,2.05015e+06,2.15497e+06,104820
2,15,sync_0,GPU,2.05015e+06,2.05015e+06,0
2,15,sync__set,GPU,2.05015e+06,2.05015e+06,0
2,15,sync__,GPU,2.05015e+06,2.05015e+06,0
2,15,gate_fn,GPU,2.05015e+06,2.0502e+06,48.2433
2,15,Linear,GPU,2.05015e+06,2.0502e+06,48.2433
2,15,gate_update,GPU,2.0502e+06,2.0502e+06,0
2,15,moe_scatter,GPU,2.0502e+06,2.0502e+06,0
2,15,sync_for_moe_scatter,GPU,2.0502e+06,2.0502e+06,0
2,15,sync__set,GPU,2.0502e+06,2.0502e+06,0
2,15,sync__,GPU,2.0502e+06,2.0502e+06,0
2,15,moe_route,GPU,2.0502e+06,2.0502e+06,0
2,15,expert_FFN_4,GPU,2.0502e+06,2.09342e+06,43221.9
2,15,gate_proj,GPU,2.0502e+06,2.0646e+06,14403.8
2,15,Linear,Logic,2.0502e+06,2.0646e+06,14403.8
2,15,activation,Logic,2.0646e+06,2.06461e+06,10.5463
2,15,up_proj,GPU,2.06461e+06,2.07901e+06,14403.8
2,15,Linear,Logic,2.06461e+06,2.07901e+06,14403.8
2,15,down_proj,GPU,2.07901e+06,2.09342e+06,14403.8
2,15,Linear,Logic,2.07901e+06,2.09342e+06,14403.8
2,15,expert_FFN_5,GPU,2.09342e+06,2.09342e+06,0
2,15,gate_proj,GPU,2.09342e+06,2.09342e+06,0
2,15,Linear,Logic,2.09342e+06,2.09342e+06,0
2,15,activation,Logic,2.09342e+06,2.09342e+06,0
2,15,up_proj,GPU,2.09342e+06,2.09342e+06,0
2,15,Linear,Logic,2.09342e+06,2.09342e+06,0
2,15,down_proj,GPU,2.09342e+06,2.09342e+06,0
2,15,Linear,Logic,2.09342e+06,2.09342e+06,0
2,15,sync_2,GPU,2.09342e+06,2.13664e+06,43221.9
2,15,sync__set,GPU,2.09342e+06,2.09342e+06,0
2,15,sync__,GPU,2.09342e+06,2.13664e+06,43221.9
2,15,moe_all_reduce_for_e_tp,GPU,2.13664e+06,2.13664e+06,0
2,15,sync_3,GPU,2.13664e+06,2.13664e+06,0
2,15,sync__set,GPU,2.13664e+06,2.13664e+06,0
2,15,sync__,GPU,2.13664e+06,2.13664e+06,0
2,15,moe_gather,GPU,2.13664e+06,2.13664e+06,0
2,15,sync_for_moe_gather,GPU,2.13664e+06,2.13664e+06,0
2,15,sync__set,GPU,2.13664e+06,2.13664e+06,0
2,15,sync__,GPU,2.13664e+06,2.13664e+06,0
2,15,moe_all_reduce_for_gather,GPU,2.13664e+06,2.15497e+06,18327.7
2,15,sync_5,GPU,2.15497e+06,2.15497e+06,0
2,15,sync__set,GPU,2.15497e+06,2.15497e+06,0
2,15,sync__,GPU,2.15497e+06,2.15497e+06,0
2,15,sync_6,GPU,2.15497e+06,2.15497e+06,0
2,15,sync__set,GPU,2.15497e+06,2.15497e+06,0
2,15,sync__,GPU,2.15497e+06,2.15497e+06,0
2,15,residual_2,GPU,2.15497e+06,2.155e+06,36.1589
2,16,MoE_decoder_16,GPU,2.155e+06,2.28968e+06,134679
2,16,input_layer_norm,GPU,2.155e+06,2.15504e+06,36.1589
2,16,attention,GPU,2.15504e+06,2.18473e+06,29690.1
2,16,attn_qkv_proj,GPU,2.15504e+06,2.16123e+06,6193.22
2,16,Linear,GPU,2.15504e+06,2.16123e+06,6193.22
2,16,self_attention,GPU,2.16123e+06,2.16227e+06,1035.05
2,16,AttentionSplit,GPU,2.16123e+06,2.16123e+06,0
2,16,AttentionSum,Logic,2.16123e+06,2.16123e+06,0
2,16,AttentionGen,Logic,2.16123e+06,2.16227e+06,1035.05
2,16,AttentionMerge,GPU,2.16227e+06,2.16227e+06,0
2,16,attn_o_proj,GPU,2.16227e+06,2.1664e+06,4134.17
2,16,Linear,GPU,2.16227e+06,2.1664e+06,4134.17
2,16,all_reduce,GPU,2.1664e+06,2.18473e+06,18327.7
2,16,residual_1,GPU,2.18473e+06,2.18477e+06,36.1589
2,16,post_attn_layer_norm,GPU,2.18477e+06,2.1848e+06,36.1589
2,16,expertFFN,GPU,2.1848e+06,2.28965e+06,104844
2,16,sync_0,GPU,2.1848e+06,2.1848e+06,0
2,16,sync__set,GPU,2.1848e+06,2.1848e+06,0
2,16,sync__,GPU,2.1848e+06,2.1848e+06,0
2,16,gate_fn,GPU,2.1848e+06,2.18485e+06,48.2433
2,16,Linear,GPU,2.1848e+06,2.18485e+06,48.2433
2,16,gate_update,GPU,2.18485e+06,2.18485e+06,0
2,16,moe_scatter,GPU,2.18485e+06,2.18485e+06,0
2,16,sync_for_moe_scatter,GPU,2.18485e+06,2.18485e+06,0
2,16,sync__set,GPU,2.18485e+06,2.18485e+06,0
2,16,sync__,GPU,2.18485e+06,2.18485e+06,0
2,16,moe_route,GPU,2.18485e+06,2.18485e+06,0
2,16,expert_FFN_4,GPU,2.18485e+06,2.2281e+06,43246
2,16,gate_proj,GPU,2.18485e+06,2.19926e+06,14408.3
2,16,Linear,Logic,2.18485e+06,2.19926e+06,14408.3
2,16,activation,Logic,2.19926e+06,2.19928e+06,21.0927
2,16,up_proj,GPU,2.19928e+06,2.21369e+06,14408.3
2,16,Linear,Logic,2.19928e+06,2.21369e+06,14408.3
2,16,down_proj,GPU,2.21369e+06,2.2281e+06,14408.3
2,16,Linear,Logic,2.21369e+06,2.2281e+06,14408.3
2,16,expert_FFN_5,GPU,2.2281e+06,2.27132e+06,43221.9
2,16,gate_proj,GPU,2.2281e+06,2.2425e+06,14403.8
2,16,Linear,Logic,2.2281e+06,2.2425e+06,14403.8
2,16,activation,Logic,2.2425e+06,2.24251e+06,10.5463
2,16,up_proj,GPU,2.24251e+06,2.25691e+06,14403.8
2,16,Linear,Logic,2.24251e+06,2.25691e+06,14403.8
2,16,down_proj,GPU,2.25691e+06,2.27132e+06,14403.8
2,16,Linear,Logic,2.25691e+06,2.27132e+06,14403.8
2,16,sync_2,GPU,2.27132e+06,2.27132e+06,0
2,16,sync__set,GPU,2.27132e+06,2.27132e+06,0
2,16,sync__,GPU,2.27132e+06,2.27132e+06,0
2,16,moe_all_reduce_for_e_tp,GPU,2.27132e+06,2.27132e+06,0
2,16,sync_3,GPU,2.27132e+06,2.27132e+06,0
2,16,sync__set,GPU,2.27132e+06,2.27132e+06,0
2,16,sync__,GPU,2.27132e+06,2.27132e+06,0
2,16,moe_gather,GPU,2.27132e+06,2.27132e+06,0
2,16,sync_for_moe_gather,GPU,2.27132e+06,2.27132e+06,0
2,16,sync__set,GPU,2.27132e+06,2.27132e+06,0
2,16,sync__,GPU,2.27132e+06,2.27132e+06,0
2,16,moe_all_reduce_for_gather,GPU,2.27132e+06,2.28965e+06,18327.7
2,16,sync_5,GPU,2.28965e+06,2.28965e+06,0
2,16,sync__set,GPU,2.28965e+06,2.28965e+06,0
2,16,sync__,GPU,2.28965e+06,2.28965e+06,0
2,16,sync_6,GPU,2.28965e+06,2.28965e+06,0
2,16,sync__set,GPU,2.28965e+06,2.28965e+06,0
2,16,sync__,GPU,2.28965e+06,2.28965e+06,0
2,16,residual_2,GPU,2.28965e+06,2.28968e+06,36.1589
2,17,MoE_decoder_17,GPU,2.28968e+06,2.42436e+06,134679
2,17,input_layer_norm,GPU,2.28968e+06,2.28972e+06,36.1589
2,17,attention,GPU,2.28972e+06,2.31941e+06,29690.1
2,17,attn_qkv_proj,GPU,2.28972e+06,2.29591e+06,6193.22
2,17,Linear,GPU,2.28972e+06,2.29591e+06,6193.22
2,17,self_attention,GPU,2.29591e+06,2.29695e+06,1035.05
2,17,AttentionSplit,GPU,2.29591e+06,2.29591e+06,0
2,17,AttentionSum,Logic,2.29591e+06,2.29591e+06,0
2,17,AttentionGen,Logic,2.29591e+06,2.29695e+06,1035.05
2,17,AttentionMerge,GPU,2.29695e+06,2.29695e+06,0
2,17,attn_o_proj,GPU,2.29695e+06,2.30108e+06,4134.17
2,17,Linear,GPU,2.29695e+06,2.30108e+06,4134.17
2,17,all_reduce,GPU,2.30108e+06,2.31941e+06,18327.7
2,17,residual_1,GPU,2.31941e+06,2.31944e+06,36.1589
2,17,post_attn_layer_norm,GPU,2.31944e+06,2.31948e+06,36.1589
2,17,expertFFN,GPU,2.31948e+06,2.42432e+06,104844
2,17,sync_0,GPU,2.31948e+06,2.31948e+06,0
2,17,sync__set,GPU,2.31948e+06,2.31948e+06,0
2,17,sync__,GPU,2.31948e+06,2.31948e+06,0
2,17,gate_fn,GPU,2.31948e+06,2.31953e+06,48.2433
2,17,Linear,GPU,2.31948e+06,2.31953e+06,48.2433
2,17,gate_update,GPU,2.31953e+06,2.31953e+06,0
2,17,moe_scatter,GPU,2.31953e+06,2.31953e+06,0
2,17,sync_for_moe_scatter,GPU,2.31953e+06,2.31953e+06,0
2,17,sync__set,GPU,2.31953e+06,2.31953e+06,0
2,17,sync__,GPU,2.31953e+06,2.31953e+06,0
2,17,moe_route,GPU,2.31953e+06,2.31953e+06,0
2,17,expert_FFN_4,GPU,2.31953e+06,2.36277e+06,43246
2,17,gate_proj,GPU,2.31953e+06,2.33394e+06,14408.3
2,17,Linear,Logic,2.31953e+06,2.33394e+06,14408.3
2,17,activation,Logic,2.33394e+06,2.33396e+06,21.0927
2,17,up_proj,GPU,2.33396e+06,2.34837e+06,14408.3
2,17,Linear,Logic,2.33396e+06,2.34837e+06,14408.3
2,17,down_proj,GPU,2.34837e+06,2.36277e+06,14408.3
2,17,Linear,Logic,2.34837e+06,2.36277e+06,14408.3
2,17,expert_FFN_5,GPU,2.36277e+06,2.36277e+06,0
2,17,gate_proj,GPU,2.36277e+06,2.36277e+06,0
2,17,Linear,Logic,2.36277e+06,2.36277e+06,0
2,17,activation,Logic,2.36277e+06,2.36277e+06,0
2,17,up_proj,GPU,2.36277e+06,2.36277e+06,0
2,17,Linear,Logic,2.36277e+06,2.36277e+06,0
2,17,down_proj,GPU,2.36277e+06,2.36277e+06,0
2,17,Linear,Logic,2.36277e+06,2.36277e+06,0
2,17,sync_2,GPU,2.36277e+06,2.406e+06,43221.9
2,17,sync__set,GPU,2.36277e+06,2.36277e+06,0
2,17,sync__,GPU,2.36277e+06,2.406e+06,43221.9
2,17,moe_all_reduce_for_e_tp,GPU,2.406e+06,2.406e+06,0
2,17,sync_3,GPU,2.406e+06,2.406e+06,0
2,17,sync__set,GPU,2.406e+06,2.406e+06,0
2,17,sync__,GPU,2.406e+06,2.406e+06,0
2,17,moe_gather,GPU,2.406e+06,2.406e+06,0
2,17,sync_for_moe_gather,GPU,2.406e+06,2.406e+06,0
2,17,sync__set,GPU,2.406e+06,2.406e+06,0
2,17,sync__,GPU,2.406e+06,2.406e+06,0
2,17,moe_all_reduce_for_gather,GPU,2.406e+06,2.42432e+06,18327.7
2,17,sync_5,GPU,2.42432e+06,2.42432e+06,0
2,17,sync__set,GPU,2.42432e+06,2.42432e+06,0
2,17,sync__,GPU,2.42432e+06,2.42432e+06,0
2,17,sync_6,GPU,2.42432e+06,2.42432e+06,0
2,17,sync__set,GPU,2.42432e+06,2.42432e+06,0
2,17,sync__,GPU,2.42432e+06,2.42432e+06,0
2,17,residual_2,GPU,2.42432e+06,2.42436e+06,36.1589
2,18,MoE_decoder_18,GPU,2.42436e+06,2.55906e+06,134703
2,18,input_layer_norm,GPU,2.42436e+06,2.4244e+06,36.1589
2,18,attention,GPU,2.4244e+06,2.45409e+06,29690.1
2,18,attn_qkv_proj,GPU,2.4244e+06,2.43059e+06,6193.22
2,18,Linear,GPU,2.4244e+06,2.43059e+06,6193.22
2,18,self_attention,GPU,2.43059e+06,2.43162e+06,1035.05
2,18,AttentionSplit,GPU,2.43059e+06,2.43059e+06,0
2,18,AttentionSum,Logic,2.43059e+06,2.43059e+06,0
2,18,AttentionGen,Logic,2.43059e+06,2.43162e+06,1035.05
2,18,AttentionMerge,GPU,2.43162e+06,2.43162e+06,0
2,18,attn_o_proj,GPU,2.43162e+06,2.43576e+06,4134.17
2,18,Linear,GPU,2.43162e+06,2.43576e+06,4134.17
2,18,all_reduce,GPU,2.43576e+06,2.45409e+06,18327.7
2,18,residual_1,GPU,2.45409e+06,2.45412e+06,36.1589
2,18,post_attn_layer_norm,GPU,2.45412e+06,2.45416e+06,36.1589
2,18,expertFFN,GPU,2.45416e+06,2.55903e+06,104868
2,18,sync_0,GPU,2.45416e+06,2.45416e+06,0
2,18,sync__set,GPU,2.45416e+06,2.45416e+06,0
2,18,sync__,GPU,2.45416e+06,2.45416e+06,0
2,18,gate_fn,GPU,2.45416e+06,2.45421e+06,48.2433
2,18,Linear,GPU,2.45416e+06,2.45421e+06,48.2433
2,18,gate_update,GPU,2.45421e+06,2.45421e+06,0
2,18,moe_scatter,GPU,2.45421e+06,2.45421e+06,0
2,18,sync_for_moe_scatter,GPU,2.45421e+06,2.45421e+06,0
2,18,sync__set,GPU,2.45421e+06,2.45421e+06,0
2,18,sync__,GPU,2.45421e+06,2.45421e+06,0
2,18,moe_route,GPU,2.45421e+06,2.45421e+06,0
2,18,expert_FFN_4,GPU,2.45421e+06,2.49745e+06,43246
2,18,gate_proj,GPU,2.45421e+06,2.46862e+06,14408.3
2,18,Linear,Logic,2.45421e+06,2.46862e+06,14408.3
2,18,activation,Logic,2.46862e+06,2.46864e+06,21.0927
2,18,up_proj,GPU,2.46864e+06,2.48305e+06,14408.3
2,18,Linear,Logic,2.46864e+06,2.48305e+06,14408.3
2,18,down_proj,GPU,2.48305e+06,2.49745e+06,14408.3
2,18,Linear,Logic,2.48305e+06,2.49745e+06,14408.3
2,18,expert_FFN_5,GPU,2.49745e+06,2.54068e+06,43221.9
2,18,gate_proj,GPU,2.49745e+06,2.51186e+06,14403.8
2,18,Linear,Logic,2.49745e+06,2.51186e+06,14403.8
2,18,activation,Logic,2.51186e+06,2.51187e+06,10.5463
2,18,up_proj,GPU,2.51187e+06,2.52627e+06,14403.8
2,18,Linear,Logic,2.51187e+06,2.52627e+06,14403.8
2,18,down_proj,GPU,2.52627e+06,2.54068e+06,14403.8
2,18,Linear,Logic,2.52627e+06,2.54068e+06,14403.8
2,18,sync_2,GPU,2.54068e+06,2.5407e+06,24.1059
2,18,sync__set,GPU,2.54068e+06,2.54068e+06,0
2,18,sync__,GPU,2.54068e+06,2.5407e+06,24.1059
2,18,moe_all_reduce_for_e_tp,GPU,2.5407e+06,2.5407e+06,0
2,18,sync_3,GPU,2.5407e+06,2.5407e+06,0
2,18,sync__set,GPU,2.5407e+06,2.5407e+06,0
2,18,sync__,GPU,2.5407e+06,2.5407e+06,0
2,18,moe_gather,GPU,2.5407e+06,2.5407e+06,0
2,18,sync_for_moe_gather,GPU,2.5407e+06,2.5407e+06,0
2,18,sync__set,GPU,2.5407e+06,2.5407e+06,0
2,18,sync__,GPU,2.5407e+06,2.5407e+06,0
2,18,moe_all_reduce_for_gather,GPU,2.5407e+06,2.55903e+06,18327.7
2,18,sync_5,GPU,2.55903e+06,2.55903e+06,0
2,18,sync__set,GPU,2.55903e+06,2.55903e+06,0
2,18,sync__,GPU,2.55903e+06,2.55903e+06,0
2,18,sync_6,GPU,2.55903e+06,2.55903e+06,0
2,18,sync__set,GPU,2.55903e+06,2.55903e+06,0
2,18,sync__,GPU,2.55903e+06,2.55903e+06,0
2,18,residual_2,GPU,2.55903e+06,2.55906e+06,36.1589
2,19,MoE_decoder_19,GPU,2.55906e+06,2.65054e+06,91480.8
2,19,input_layer_norm,GPU,2.55906e+06,2.5591e+06,36.1589
2,19,attention,GPU,2.5591e+06,2.58879e+06,29690.1
2,19,attn_qkv_proj,GPU,2.5591e+06,2.56529e+06,6193.22
2,19,Linear,GPU,2.5591e+06,2.56529e+06,6193.22
2,19,self_attention,GPU,2.56529e+06,2.56633e+06,1035.05
2,19,AttentionSplit,GPU,2.56529e+06,2.56529e+06,0
2,19,AttentionSum,Logic,2.56529e+06,2.56529e+06,0
2,19,AttentionGen,Logic,2.56529e+06,2.56633e+06,1035.05
2,19,AttentionMerge,GPU,2.56633e+06,2.56633e+06,0
2,19,attn_o_proj,GPU,2.56633e+06,2.57046e+06,4134.17
2,19,Linear,GPU,2.56633e+06,2.57046e+06,4134.17
2,19,all_reduce,GPU,2.57046e+06,2.58879e+06,18327.7
2,19,residual_1,GPU,2.58879e+06,2.58883e+06,36.1589
2,19,post_attn_layer_norm,GPU,2.58883e+06,2.58886e+06,36.1589
2,19,expertFFN,GPU,2.58886e+06,2.65051e+06,61646.1
2,19,sync_0,GPU,2.58886e+06,2.58886e+06,0
2,19,sync__set,GPU,2.58886e+06,2.58886e+06,0
2,19,sync__,GPU,2.58886e+06,2.58886e+06,0
2,19,gate_fn,GPU,2.58886e+06,2.58891e+06,48.2433
2,19,Linear,GPU,2.58886e+06,2.58891e+06,48.2433
2,19,gate_update,GPU,2.58891e+06,2.58891e+06,0
2,19,moe_scatter,GPU,2.58891e+06,2.58891e+06,0
2,19,sync_for_moe_scatter,GPU,2.58891e+06,2.58891e+06,0
2,19,sync__set,GPU,2.58891e+06,2.58891e+06,0
2,19,sync__,GPU,2.58891e+06,2.58891e+06,0
2,19,moe_route,GPU,2.58891e+06,2.58891e+06,0
2,19,expert_FFN_4,GPU,2.58891e+06,2.58891e+06,0
2,19,gate_proj,GPU,2.58891e+06,2.58891e+06,0
2,19,Linear,Logic,2.58891e+06,2.58891e+06,0
2,19,activation,Logic,2.58891e+06,2.58891e+06,0
2,19,up_proj,GPU,2.58891e+06,2.58891e+06,0
2,19,Linear,Logic,2.58891e+06,2.58891e+06,0
2,19,down_proj,GPU,2.58891e+06,2.58891e+06,0
2,19,Linear,Logic,2.58891e+06,2.58891e+06,0
2,19,expert_FFN_5,GPU,2.58891e+06,2.63216e+06,43246
2,19,gate_proj,GPU,2.58891e+06,2.60332e+06,14408.3
2,19,Linear,Logic,2.58891e+06,2.60332e+06,14408.3
2,19,activation,Logic,2.60332e+06,2.60334e+06,21.0927
2,19,up_proj,GPU,2.60334e+06,2.61775e+06,14408.3
2,19,Linear,Logic,2.60334e+06,2.61775e+06,14408.3
2,19,down_proj,GPU,2.61775e+06,2.63216e+06,14408.3
2,19,Linear,Logic,2.61775e+06,2.63216e+06,14408.3
2,19,sync_2,GPU,2.63216e+06,2.63218e+06,24.1059
2,19,sync__set,GPU,2.63216e+06,2.63216e+06,0
2,19,sync__,GPU,2.63216e+06,2.63218e+06,24.1059
2,19,moe_all_reduce_for_e_tp,GPU,2.63218e+06,2.63218e+06,0
2,19,sync_3,GPU,2.63218e+06,2.63218e+06,0
2,19,sync__set,GPU,2.63218e+06,2.63218e+06,0
2,19,sync__,GPU,2.63218e+06,2.63218e+06,0
2,19,moe_gather,GPU,2.63218e+06,2.63218e+06,0
2,19,sync_for_moe_gather,GPU,2.63218e+06,2.63218e+06,0
2,19,sync__set,GPU,2.63218e+06,2.63218e+06,0
2,19,sync__,GPU,2.63218e+06,2.63218e+06,0
2,19,moe_all_reduce_for_gather,GPU,2.63218e+06,2.65051e+06,18327.7
2,19,sync_5,GPU,2.65051e+06,2.65051e+06,0
2,19,sync__set,GPU,2.65051e+06,2.65051e+06,0
2,19,sync__,GPU,2.65051e+06,2.65051e+06,0
2,19,sync_6,GPU,2.65051e+06,2.65051e+06,0
2,19,sync__set,GPU,2.65051e+06,2.65051e+06,0
2,19,sync__,GPU,2.65051e+06,2.65051e+06,0
2,19,residual_2,GPU,2.65051e+06,2.65054e+06,36.1589
2,20,MoE_decoder_20,GPU,2.65054e+06,2.78522e+06,134679
2,20,input_layer_norm,GPU,2.65054e+06,2.65058e+06,36.1589
2,20,attention,GPU,2.65058e+06,2.68027e+06,29690.1
2,20,attn_qkv_proj,GPU,2.65058e+06,2.65677e+06,6193.22
2,20,Linear,GPU,2.65058e+06,2.65677e+06,6193.22
2,20,self_attention,GPU,2.65677e+06,2.65781e+06,1035.05
2,20,AttentionSplit,GPU,2.65677e+06,2.65677e+06,0
2,20,AttentionSum,Logic,2.65677e+06,2.65677e+06,0
2,20,AttentionGen,Logic,2.65677e+06,2.65781e+06,1035.05
2,20,AttentionMerge,GPU,2.65781e+06,2.65781e+06,0
2,20,attn_o_proj,GPU,2.65781e+06,2.66194e+06,4134.17
2,20,Linear,GPU,2.65781e+06,2.66194e+06,4134.17
2,20,all_reduce,GPU,2.66194e+06,2.68027e+06,18327.7
2,20,residual_1,GPU,2.68027e+06,2.68031e+06,36.1589
2,20,post_attn_layer_norm,GPU,2.68031e+06,2.68034e+06,36.1589
2,20,expertFFN,GPU,2.68034e+06,2.78519e+06,104844
2,20,sync_0,GPU,2.68034e+06,2.68034e+06,0
2,20,sync__set,GPU,2.68034e+06,2.68034e+06,0
2,20,sync__,GPU,2.68034e+06,2.68034e+06,0
2,20,gate_fn,GPU,2.68034e+06,2.68039e+06,48.2433
2,20,Linear,GPU,2.68034e+06,2.68039e+06,48.2433
2,20,gate_update,GPU,2.68039e+06,2.68039e+06,0
2,20,moe_scatter,GPU,2.68039e+06,2.68039e+06,0
2,20,sync_for_moe_scatter,GPU,2.68039e+06,2.68039e+06,0
2,20,sync__set,GPU,2.68039e+06,2.68039e+06,0
2,20,sync__,GPU,2.68039e+06,2.68039e+06,0
2,20,moe_route,GPU,2.68039e+06,2.68039e+06,0
2,20,expert_FFN_4,GPU,2.68039e+06,2.72361e+06,43221.9
2,20,gate_proj,GPU,2.68039e+06,2.69479e+06,14403.8
2,20,Linear,Logic,2.68039e+06,2.69479e+06,14403.8
2,20,activation,Logic,2.69479e+06,2.69481e+06,10.5463
2,20,up_proj,GPU,2.69481e+06,2.70921e+06,14403.8
2,20,Linear,Logic,2.69481e+06,2.70921e+06,14403.8
2,20,down_proj,GPU,2.70921e+06,2.72361e+06,14403.8
2,20,Linear,Logic,2.70921e+06,2.72361e+06,14403.8
2,20,expert_FFN_5,GPU,2.72361e+06,2.76683e+06,43221.9
2,20,gate_proj,GPU,2.72361e+06,2.73802e+06,14403.8
2,20,Linear,Logic,2.72361e+06,2.73802e+06,14403.8
2,20,activation,Logic,2.73802e+06,2.73803e+06,10.5463
2,20,up_proj,GPU,2.73803e+06,2.75243e+06,14403.8
2,20,Linear,Logic,2.73803e+06,2.75243e+06,14403.8
2,20,down_proj,GPU,2.75243e+06,2.76683e+06,14403.8
2,20,Linear,Logic,2.75243e+06,2.76683e+06,14403.8
2,20,sync_2,GPU,2.76683e+06,2.76686e+06,24.1059
2,20,sync__set,GPU,2.76683e+06,2.76683e+06,0
2,20,sync__,GPU,2.76683e+06,2.76686e+06,24.1059
2,20,moe_all_reduce_for_e_tp,GPU,2.76686e+06,2.76686e+06,0
2,20,sync_3,GPU,2.76686e+06,2.76686e+06,0
2,20,sync__set,GPU,2.76686e+06,2.76686e+06,0
2,20,sync__,GPU,2.76686e+06,2.76686e+06,0
2,20,moe_gather,GPU,2.76686e+06,2.76686e+06,0
2,20,sync_for_moe_gather,GPU,2.76686e+06,2.76686e+06,0
2,20,sync__set,GPU,2.76686e+06,2.76686e+06,0
2,20,sync__,GPU,2.76686e+06,2.76686e+06,0
2,20,moe_all_reduce_for_gather,GPU,2.76686e+06,2.78519e+06,18327.7
2,20,sync_5,GPU,2.78519e+06,2.78519e+06,0
2,20,sync__set,GPU,2.78519e+06,2.78519e+06,0
2,20,sync__,GPU,2.78519e+06,2.78519e+06,0
2,20,sync_6,GPU,2.78519e+06,2.78519e+06,0
2,20,sync__set,GPU,2.78519e+06,2.78519e+06,0
2,20,sync__,GPU,2.78519e+06,2.78519e+06,0
2,20,residual_2,GPU,2.78519e+06,2.78522e+06,36.1589
2,21,MoE_decoder_21,GPU,2.78522e+06,2.91995e+06,134727
2,21,input_layer_norm,GPU,2.78522e+06,2.78526e+06,36.1589
2,21,attention,GPU,2.78526e+06,2.81495e+06,29690.1
2,21,attn_qkv_proj,GPU,2.78526e+06,2.79145e+06,6193.22
2,21,Linear,GPU,2.78526e+06,2.79145e+06,6193.22
2,21,self_attention,GPU,2.79145e+06,2.79249e+06,1035.05
2,21,AttentionSplit,GPU,2.79145e+06,2.79145e+06,0
2,21,AttentionSum,Logic,2.79145e+06,2.79145e+06,0
2,21,AttentionGen,Logic,2.79145e+06,2.79249e+06,1035.05
2,21,AttentionMerge,GPU,2.79249e+06,2.79249e+06,0
2,21,attn_o_proj,GPU,2.79249e+06,2.79662e+06,4134.17
2,21,Linear,GPU,2.79249e+06,2.79662e+06,4134.17
2,21,all_reduce,GPU,2.79662e+06,2.81495e+06,18327.7
2,21,residual_1,GPU,2.81495e+06,2.81499e+06,36.1589
2,21,post_attn_layer_norm,GPU,2.81499e+06,2.81502e+06,36.1589
2,21,expertFFN,GPU,2.81502e+06,2.91991e+06,104892
2,21,sync_0,GPU,2.81502e+06,2.81502e+06,0
2,21,sync__set,GPU,2.81502e+06,2.81502e+06,0
2,21,sync__,GPU,2.81502e+06,2.81502e+06,0
2,21,gate_fn,GPU,2.81502e+06,2.81507e+06,48.2433
2,21,Linear,GPU,2.81502e+06,2.81507e+06,48.2433
2,21,gate_update,GPU,2.81507e+06,2.81507e+06,0
2,21,moe_scatter,GPU,2.81507e+06,2.81507e+06,0
2,21,sync_for_moe_scatter,GPU,2.81507e+06,2.81507e+06,0
2,21,sync__set,GPU,2.81507e+06,2.81507e+06,0
2,21,sync__,GPU,2.81507e+06,2.81507e+06,0
2,21,moe_route,GPU,2.81507e+06,2.81507e+06,0
2,21,expert_FFN_4,GPU,2.81507e+06,2.85832e+06,43246
2,21,gate_proj,GPU,2.81507e+06,2.82948e+06,14408.3
2,21,Linear,Logic,2.81507e+06,2.82948e+06,14408.3
2,21,activation,Logic,2.82948e+06,2.8295e+06,21.0927
2,21,up_proj,GPU,2.8295e+06,2.84391e+06,14408.3
2,21,Linear,Logic,2.8295e+06,2.84391e+06,14408.3
2,21,down_proj,GPU,2.84391e+06,2.85832e+06,14408.3
2,21,Linear,Logic,2.84391e+06,2.85832e+06,14408.3
2,21,expert_FFN_5,GPU,2.85832e+06,2.90159e+06,43270.2
2,21,gate_proj,GPU,2.85832e+06,2.87273e+06,14412.8
2,21,Linear,Logic,2.85832e+06,2.87273e+06,14412.8
2,21,activation,Logic,2.87273e+06,2.87276e+06,31.639
2,21,up_proj,GPU,2.87276e+06,2.88717e+06,14412.8
2,21,Linear,Logic,2.87276e+06,2.88717e+06,14412.8
2,21,down_proj,GPU,2.88717e+06,2.90159e+06,14412.8
2,21,Linear,Logic,2.88717e+06,2.90159e+06,14412.8
2,21,sync_2,GPU,2.90159e+06,2.90159e+06,0
2,21,sync__set,GPU,2.90159e+06,2.90159e+06,0
2,21,sync__,GPU,2.90159e+06,2.90159e+06,0
2,21,moe_all_reduce_for_e_tp,GPU,2.90159e+06,2.90159e+06,0
2,21,sync_3,GPU,2.90159e+06,2.90159e+06,0
2,21,sync__set,GPU,2.90159e+06,2.90159e+06,0
2,21,sync__,GPU,2.90159e+06,2.90159e+06,0
2,21,moe_gather,GPU,2.90159e+06,2.90159e+06,0
2,21,sync_for_moe_gather,GPU,2.90159e+06,2.90159e+06,0
2,21,sync__set,GPU,2.90159e+06,2.90159e+06,0
2,21,sync__,GPU,2.90159e+06,2.90159e+06,0
2,21,moe_all_reduce_for_gather,GPU,2.90159e+06,2.91991e+06,18327.7
2,21,sync_5,GPU,2.91991e+06,2.91991e+06,0
2,21,sync__set,GPU,2.91991e+06,2.91991e+06,0
2,21,sync__,GPU,2.91991e+06,2.91991e+06,0
2,21,sync_6,GPU,2.91991e+06,2.91991e+06,0
2,21,sync__set,GPU,2.91991e+06,2.91991e+06,0
2,21,sync__,GPU,2.91991e+06,2.91991e+06,0
2,21,residual_2,GPU,2.91991e+06,2.91995e+06,36.1589
2,22,MoE_decoder_22,GPU,2.91995e+06,3.01143e+06,91480.8
2,22,input_layer_norm,GPU,2.91995e+06,2.91999e+06,36.1589
2,22,attention,GPU,2.91999e+06,2.94968e+06,29690.1
2,22,attn_qkv_proj,GPU,2.91999e+06,2.92618e+06,6193.22
2,22,Linear,GPU,2.91999e+06,2.92618e+06,6193.22
2,22,self_attention,GPU,2.92618e+06,2.92721e+06,1035.05
2,22,AttentionSplit,GPU,2.92618e+06,2.92618e+06,0
2,22,AttentionSum,Logic,2.92618e+06,2.92618e+06,0
2,22,AttentionGen,Logic,2.92618e+06,2.92721e+06,1035.05
2,22,AttentionMerge,GPU,2.92721e+06,2.92721e+06,0
2,22,attn_o_proj,GPU,2.92721e+06,2.93135e+06,4134.17
2,22,Linear,GPU,2.92721e+06,2.93135e+06,4134.17
2,22,all_reduce,GPU,2.93135e+06,2.94968e+06,18327.7
2,22,residual_1,GPU,2.94968e+06,2.94971e+06,36.1589
2,22,post_attn_layer_norm,GPU,2.94971e+06,2.94975e+06,36.1589
2,22,expertFFN,GPU,2.94975e+06,3.01139e+06,61646.1
2,22,sync_0,GPU,2.94975e+06,2.94975e+06,0
2,22,sync__set,GPU,2.94975e+06,2.94975e+06,0
2,22,sync__,GPU,2.94975e+06,2.94975e+06,0
2,22,gate_fn,GPU,2.94975e+06,2.9498e+06,48.2433
2,22,Linear,GPU,2.94975e+06,2.9498e+06,48.2433
2,22,gate_update,GPU,2.9498e+06,2.9498e+06,0
2,22,moe_scatter,GPU,2.9498e+06,2.9498e+06,0
2,22,sync_for_moe_scatter,GPU,2.9498e+06,2.9498e+06,0
2,22,sync__set,GPU,2.9498e+06,2.9498e+06,0
2,22,sync__,GPU,2.9498e+06,2.9498e+06,0
2,22,moe_route,GPU,2.9498e+06,2.9498e+06,0
2,22,expert_FFN_4,GPU,2.9498e+06,2.99304e+06,43246
2,22,gate_proj,GPU,2.9498e+06,2.9642e+06,14408.3
2,22,Linear,Logic,2.9498e+06,2.9642e+06,14408.3
2,22,activation,Logic,2.9642e+06,2.96423e+06,21.0927
2,22,up_proj,GPU,2.96423e+06,2.97863e+06,14408.3
2,22,Linear,Logic,2.96423e+06,2.97863e+06,14408.3
2,22,down_proj,GPU,2.97863e+06,2.99304e+06,14408.3
2,22,Linear,Logic,2.97863e+06,2.99304e+06,14408.3
2,22,expert_FFN_5,GPU,2.99304e+06,2.99304e+06,0
2,22,gate_proj,GPU,2.99304e+06,2.99304e+06,0
2,22,Linear,Logic,2.99304e+06,2.99304e+06,0
2,22,activation,Logic,2.99304e+06,2.99304e+06,0
2,22,up_proj,GPU,2.99304e+06,2.99304e+06,0
2,22,Linear,Logic,2.99304e+06,2.99304e+06,0
2,22,down_proj,GPU,2.99304e+06,2.99304e+06,0
2,22,Linear,Logic,2.99304e+06,2.99304e+06,0
2,22,sync_2,GPU,2.99304e+06,2.99307e+06,24.1059
2,22,sync__set,GPU,2.99304e+06,2.99304e+06,0
2,22,sync__,GPU,2.99304e+06,2.99307e+06,24.1059
2,22,moe_all_reduce_for_e_tp,GPU,2.99307e+06,2.99307e+06,0
2,22,sync_3,GPU,2.99307e+06,2.99307e+06,0
2,22,sync__set,GPU,2.99307e+06,2.99307e+06,0
2,22,sync__,GPU,2.99307e+06,2.99307e+06,0
2,22,moe_gather,GPU,2.99307e+06,2.99307e+06,0
2,22,sync_for_moe_gather,GPU,2.99307e+06,2.99307e+06,0
2,22,sync__set,GPU,2.99307e+06,2.99307e+06,0
2,22,sync__,GPU,2.99307e+06,2.99307e+06,0
2,22,moe_all_reduce_for_gather,GPU,2.99307e+06,3.01139e+06,18327.7
2,22,sync_5,GPU,3.01139e+06,3.01139e+06,0
2,22,sync__set,GPU,3.01139e+06,3.01139e+06,0
2,22,sync__,GPU,3.01139e+06,3.01139e+06,0
2,22,sync_6,GPU,3.01139e+06,3.01139e+06,0
2,22,sync__set,GPU,3.01139e+06,3.01139e+06,0
2,22,sync__,GPU,3.01139e+06,3.01139e+06,0
2,22,residual_2,GPU,3.01139e+06,3.01143e+06,36.1589
2,23,MoE_decoder_23,GPU,3.01143e+06,3.14611e+06,134679
2,23,input_layer_norm,GPU,3.01143e+06,3.01147e+06,36.1589
2,23,attention,GPU,3.01147e+06,3.04116e+06,29690.1
2,23,attn_qkv_proj,GPU,3.01147e+06,3.01766e+06,6193.22
2,23,Linear,GPU,3.01147e+06,3.01766e+06,6193.22
2,23,self_attention,GPU,3.01766e+06,3.01869e+06,1035.05
2,23,AttentionSplit,GPU,3.01766e+06,3.01766e+06,0
2,23,AttentionSum,Logic,3.01766e+06,3.01766e+06,0
2,23,AttentionGen,Logic,3.01766e+06,3.01869e+06,1035.05
2,23,AttentionMerge,GPU,3.01869e+06,3.01869e+06,0
2,23,attn_o_proj,GPU,3.01869e+06,3.02283e+06,4134.17
2,23,Linear,GPU,3.01869e+06,3.02283e+06,4134.17
2,23,all_reduce,GPU,3.02283e+06,3.04116e+06,18327.7
2,23,residual_1,GPU,3.04116e+06,3.04119e+06,36.1589
2,23,post_attn_layer_norm,GPU,3.04119e+06,3.04123e+06,36.1589
2,23,expertFFN,GPU,3.04123e+06,3.14607e+06,104844
2,23,sync_0,GPU,3.04123e+06,3.04123e+06,0
2,23,sync__set,GPU,3.04123e+06,3.04123e+06,0
2,23,sync__,GPU,3.04123e+06,3.04123e+06,0
2,23,gate_fn,GPU,3.04123e+06,3.04128e+06,48.2433
2,23,Linear,GPU,3.04123e+06,3.04128e+06,48.2433
2,23,gate_update,GPU,3.04128e+06,3.04128e+06,0
2,23,moe_scatter,GPU,3.04128e+06,3.04128e+06,0
2,23,sync_for_moe_scatter,GPU,3.04128e+06,3.04128e+06,0
2,23,sync__set,GPU,3.04128e+06,3.04128e+06,0
2,23,sync__,GPU,3.04128e+06,3.04128e+06,0
2,23,moe_route,GPU,3.04128e+06,3.04128e+06,0
2,23,expert_FFN_4,GPU,3.04128e+06,3.0845e+06,43221.9
2,23,gate_proj,GPU,3.04128e+06,3.05568e+06,14403.8
2,23,Linear,Logic,3.04128e+06,3.05568e+06,14403.8
2,23,activation,Logic,3.05568e+06,3.05569e+06,10.5463
2,23,up_proj,GPU,3.05569e+06,3.0701e+06,14403.8
2,23,Linear,Logic,3.05569e+06,3.0701e+06,14403.8
2,23,down_proj,GPU,3.0701e+06,3.0845e+06,14403.8
2,23,Linear,Logic,3.0701e+06,3.0845e+06,14403.8
2,23,expert_FFN_5,GPU,3.0845e+06,3.12772e+06,43221.9
2,23,gate_proj,GPU,3.0845e+06,3.0989e+06,14403.8
2,23,Linear,Logic,3.0845e+06,3.0989e+06,14403.8
2,23,activation,Logic,3.0989e+06,3.09891e+06,10.5463
2,23,up_proj,GPU,3.09891e+06,3.11332e+06,14403.8
2,23,Linear,Logic,3.09891e+06,3.11332e+06,14403.8
2,23,down_proj,GPU,3.11332e+06,3.12772e+06,14403.8
2,23,Linear,Logic,3.11332e+06,3.12772e+06,14403.8
2,23,sync_2,GPU,3.12772e+06,3.12775e+06,24.1059
2,23,sync__set,GPU,3.12772e+06,3.12772e+06,0
2,23,sync__,GPU,3.12772e+06,3.12775e+06,24.1059
2,23,moe_all_reduce_for_e_tp,GPU,3.12775e+06,3.12775e+06,0
2,23,sync_3,GPU,3.12775e+06,3.12775e+06,0
2,23,sync__set,GPU,3.12775e+06,3.12775e+06,0
2,23,sync__,GPU,3.12775e+06,3.12775e+06,0
2,23,moe_gather,GPU,3.12775e+06,3.12775e+06,0
2,23,sync_for_moe_gather,GPU,3.12775e+06,3.12775e+06,0
2,23,sync__set,GPU,3.12775e+06,3.12775e+06,0
2,23,sync__,GPU,3.12775e+06,3.12775e+06,0
2,23,moe_all_reduce_for_gather,GPU,3.12775e+06,3.14607e+06,18327.7
2,23,sync_5,GPU,3.14607e+06,3.14607e+06,0
2,23,sync__set,GPU,3.14607e+06,3.14607e+06,0
2,23,sync__,GPU,3.14607e+06,3.14607e+06,0
2,23,sync_6,GPU,3.14607e+06,3.14607e+06,0
2,23,sync__set,GPU,3.14607e+06,3.14607e+06,0
2,23,sync__,GPU,3.14607e+06,3.14607e+06,0
2,23,residual_2,GPU,3.14607e+06,3.14611e+06,36.1589
2,24,MoE_decoder_24,GPU,3.14611e+06,3.28079e+06,134679
2,24,input_layer_norm,GPU,3.14611e+06,3.14615e+06,36.1589
2,24,attention,GPU,3.14615e+06,3.17584e+06,29690.1
2,24,attn_qkv_proj,GPU,3.14615e+06,3.15234e+06,6193.22
2,24,Linear,GPU,3.14615e+06,3.15234e+06,6193.22
2,24,self_attention,GPU,3.15234e+06,3.15337e+06,1035.05
2,24,AttentionSplit,GPU,3.15234e+06,3.15234e+06,0
2,24,AttentionSum,Logic,3.15234e+06,3.15234e+06,0
2,24,AttentionGen,Logic,3.15234e+06,3.15337e+06,1035.05
2,24,AttentionMerge,GPU,3.15337e+06,3.15337e+06,0
2,24,attn_o_proj,GPU,3.15337e+06,3.15751e+06,4134.17
2,24,Linear,GPU,3.15337e+06,3.15751e+06,4134.17
2,24,all_reduce,GPU,3.15751e+06,3.17584e+06,18327.7
2,24,residual_1,GPU,3.17584e+06,3.17587e+06,36.1589
2,24,post_attn_layer_norm,GPU,3.17587e+06,3.17591e+06,36.1589
2,24,expertFFN,GPU,3.17591e+06,3.28075e+06,104844
2,24,sync_0,GPU,3.17591e+06,3.17591e+06,0
2,24,sync__set,GPU,3.17591e+06,3.17591e+06,0
2,24,sync__,GPU,3.17591e+06,3.17591e+06,0
2,24,gate_fn,GPU,3.17591e+06,3.17596e+06,48.2433
2,24,Linear,GPU,3.17591e+06,3.17596e+06,48.2433
2,24,gate_update,GPU,3.17596e+06,3.17596e+06,0
2,24,moe_scatter,GPU,3.17596e+06,3.17596e+06,0
2,24,sync_for_moe_scatter,GPU,3.17596e+06,3.17596e+06,0
2,24,sync__set,GPU,3.17596e+06,3.17596e+06,0
2,24,sync__,GPU,3.17596e+06,3.17596e+06,0
2,24,moe_route,GPU,3.17596e+06,3.17596e+06,0
2,24,expert_FFN_4,GPU,3.17596e+06,3.21918e+06,43221.9
2,24,gate_proj,GPU,3.17596e+06,3.19036e+06,14403.8
2,24,Linear,Logic,3.17596e+06,3.19036e+06,14403.8
2,24,activation,Logic,3.19036e+06,3.19037e+06,10.5463
2,24,up_proj,GPU,3.19037e+06,3.20477e+06,14403.8
2,24,Linear,Logic,3.19037e+06,3.20477e+06,14403.8
2,24,down_proj,GPU,3.20477e+06,3.21918e+06,14403.8
2,24,Linear,Logic,3.20477e+06,3.21918e+06,14403.8
2,24,expert_FFN_5,GPU,3.21918e+06,3.2624e+06,43221.9
2,24,gate_proj,GPU,3.21918e+06,3.23358e+06,14403.8
2,24,Linear,Logic,3.21918e+06,3.23358e+06,14403.8
2,24,activation,Logic,3.23358e+06,3.23359e+06,10.5463
2,24,up_proj,GPU,3.23359e+06,3.248e+06,14403.8
2,24,Linear,Logic,3.23359e+06,3.248e+06,14403.8
2,24,down_proj,GPU,3.248e+06,3.2624e+06,14403.8
2,24,Linear,Logic,3.248e+06,3.2624e+06,14403.8
2,24,sync_2,GPU,3.2624e+06,3.26242e+06,24.1059
2,24,sync__set,GPU,3.2624e+06,3.2624e+06,0
2,24,sync__,GPU,3.2624e+06,3.26242e+06,24.1059
2,24,moe_all_reduce_for_e_tp,GPU,3.26242e+06,3.26242e+06,0
2,24,sync_3,GPU,3.26242e+06,3.26242e+06,0
2,24,sync__set,GPU,3.26242e+06,3.26242e+06,0
2,24,sync__,GPU,3.26242e+06,3.26242e+06,0
2,24,moe_gather,GPU,3.26242e+06,3.26242e+06,0
2,24,sync_for_moe_gather,GPU,3.26242e+06,3.26242e+06,0
2,24,sync__set,GPU,3.26242e+06,3.26242e+06,0
2,24,sync__,GPU,3.26242e+06,3.26242e+06,0
2,24,moe_all_reduce_for_gather,GPU,3.26242e+06,3.28075e+06,18327.7
2,24,sync_5,GPU,3.28075e+06,3.28075e+06,0
2,24,sync__set,GPU,3.28075e+06,3.28075e+06,0
2,24,sync__,GPU,3.28075e+06,3.28075e+06,0
2,24,sync_6,GPU,3.28075e+06,3.28075e+06,0
2,24,sync__set,GPU,3.28075e+06,3.28075e+06,0
2,24,sync__,GPU,3.28075e+06,3.28075e+06,0
2,24,residual_2,GPU,3.28075e+06,3.28079e+06,36.1589
2,25,MoE_decoder_25,GPU,3.28079e+06,3.41551e+06,134727
2,25,input_layer_norm,GPU,3.28079e+06,3.28082e+06,36.1589
2,25,attention,GPU,3.28082e+06,3.31051e+06,29690.1
2,25,attn_qkv_proj,GPU,3.28082e+06,3.28702e+06,6193.22
2,25,Linear,GPU,3.28082e+06,3.28702e+06,6193.22
2,25,self_attention,GPU,3.28702e+06,3.28805e+06,1035.05
2,25,AttentionSplit,GPU,3.28702e+06,3.28702e+06,0
2,25,AttentionSum,Logic,3.28702e+06,3.28702e+06,0
2,25,AttentionGen,Logic,3.28702e+06,3.28805e+06,1035.05
2,25,AttentionMerge,GPU,3.28805e+06,3.28805e+06,0
2,25,attn_o_proj,GPU,3.28805e+06,3.29219e+06,4134.17
2,25,Linear,GPU,3.28805e+06,3.29219e+06,4134.17
2,25,all_reduce,GPU,3.29219e+06,3.31051e+06,18327.7
2,25,residual_1,GPU,3.31051e+06,3.31055e+06,36.1589
2,25,post_attn_layer_norm,GPU,3.31055e+06,3.31059e+06,36.1589
2,25,expertFFN,GPU,3.31059e+06,3.41548e+06,104892
2,25,sync_0,GPU,3.31059e+06,3.31059e+06,0
2,25,sync__set,GPU,3.31059e+06,3.31059e+06,0
2,25,sync__,GPU,3.31059e+06,3.31059e+06,0
2,25,gate_fn,GPU,3.31059e+06,3.31063e+06,48.2433
2,25,Linear,GPU,3.31059e+06,3.31063e+06,48.2433
2,25,gate_update,GPU,3.31063e+06,3.31063e+06,0
2,25,moe_scatter,GPU,3.31063e+06,3.31063e+06,0
2,25,sync_for_moe_scatter,GPU,3.31063e+06,3.31063e+06,0
2,25,sync__set,GPU,3.31063e+06,3.31063e+06,0
2,25,sync__,GPU,3.31063e+06,3.31063e+06,0
2,25,moe_route,GPU,3.31063e+06,3.31063e+06,0
2,25,expert_FFN_4,GPU,3.31063e+06,3.35388e+06,43246
2,25,gate_proj,GPU,3.31063e+06,3.32504e+06,14408.3
2,25,Linear,Logic,3.31063e+06,3.32504e+06,14408.3
2,25,activation,Logic,3.32504e+06,3.32506e+06,21.0927
2,25,up_proj,GPU,3.32506e+06,3.33947e+06,14408.3
2,25,Linear,Logic,3.32506e+06,3.33947e+06,14408.3
2,25,down_proj,GPU,3.33947e+06,3.35388e+06,14408.3
2,25,Linear,Logic,3.33947e+06,3.35388e+06,14408.3
2,25,expert_FFN_5,GPU,3.35388e+06,3.35388e+06,0
2,25,gate_proj,GPU,3.35388e+06,3.35388e+06,0
2,25,Linear,Logic,3.35388e+06,3.35388e+06,0
2,25,activation,Logic,3.35388e+06,3.35388e+06,0
2,25,up_proj,GPU,3.35388e+06,3.35388e+06,0
2,25,Linear,Logic,3.35388e+06,3.35388e+06,0
2,25,down_proj,GPU,3.35388e+06,3.35388e+06,0
2,25,Linear,Logic,3.35388e+06,3.35388e+06,0
2,25,sync_2,GPU,3.35388e+06,3.39715e+06,43270.2
2,25,sync__set,GPU,3.35388e+06,3.35388e+06,0
2,25,sync__,GPU,3.35388e+06,3.39715e+06,43270.2
2,25,moe_all_reduce_for_e_tp,GPU,3.39715e+06,3.39715e+06,0
2,25,sync_3,GPU,3.39715e+06,3.39715e+06,0
2,25,sync__set,GPU,3.39715e+06,3.39715e+06,0
2,25,sync__,GPU,3.39715e+06,3.39715e+06,0
2,25,moe_gather,GPU,3.39715e+06,3.39715e+06,0
2,25,sync_for_moe_gather,GPU,3.39715e+06,3.39715e+06,0
2,25,sync__set,GPU,3.39715e+06,3.39715e+06,0
2,25,sync__,GPU,3.39715e+06,3.39715e+06,0
2,25,moe_all_reduce_for_gather,GPU,3.39715e+06,3.41548e+06,18327.7
2,25,sync_5,GPU,3.41548e+06,3.41548e+06,0
2,25,sync__set,GPU,3.41548e+06,3.41548e+06,0
2,25,sync__,GPU,3.41548e+06,3.41548e+06,0
2,25,sync_6,GPU,3.41548e+06,3.41548e+06,0
2,25,sync__set,GPU,3.41548e+06,3.41548e+06,0
2,25,sync__,GPU,3.41548e+06,3.41548e+06,0
2,25,residual_2,GPU,3.41548e+06,3.41551e+06,36.1589
2,26,MoE_decoder_26,GPU,3.41551e+06,3.55022e+06,134703
2,26,input_layer_norm,GPU,3.41551e+06,3.41555e+06,36.1589
2,26,attention,GPU,3.41555e+06,3.44524e+06,29690.1
2,26,attn_qkv_proj,GPU,3.41555e+06,3.42174e+06,6193.22
2,26,Linear,GPU,3.41555e+06,3.42174e+06,6193.22
2,26,self_attention,GPU,3.42174e+06,3.42278e+06,1035.05
2,26,AttentionSplit,GPU,3.42174e+06,3.42174e+06,0
2,26,AttentionSum,Logic,3.42174e+06,3.42174e+06,0
2,26,AttentionGen,Logic,3.42174e+06,3.42278e+06,1035.05
2,26,AttentionMerge,GPU,3.42278e+06,3.42278e+06,0
2,26,attn_o_proj,GPU,3.42278e+06,3.42691e+06,4134.17
2,26,Linear,GPU,3.42278e+06,3.42691e+06,4134.17
2,26,all_reduce,GPU,3.42691e+06,3.44524e+06,18327.7
2,26,residual_1,GPU,3.44524e+06,3.44528e+06,36.1589
2,26,post_attn_layer_norm,GPU,3.44528e+06,3.44531e+06,36.1589
2,26,expertFFN,GPU,3.44531e+06,3.55018e+06,104868
2,26,sync_0,GPU,3.44531e+06,3.44531e+06,0
2,26,sync__set,GPU,3.44531e+06,3.44531e+06,0
2,26,sync__,GPU,3.44531e+06,3.44531e+06,0
2,26,gate_fn,GPU,3.44531e+06,3.44536e+06,48.2433
2,26,Linear,GPU,3.44531e+06,3.44536e+06,48.2433
2,26,gate_update,GPU,3.44536e+06,3.44536e+06,0
2,26,moe_scatter,GPU,3.44536e+06,3.44536e+06,0
2,26,sync_for_moe_scatter,GPU,3.44536e+06,3.44536e+06,0
2,26,sync__set,GPU,3.44536e+06,3.44536e+06,0
2,26,sync__,GPU,3.44536e+06,3.44536e+06,0
2,26,moe_route,GPU,3.44536e+06,3.44536e+06,0
2,26,expert_FFN_4,GPU,3.44536e+06,3.48858e+06,43221.9
2,26,gate_proj,GPU,3.44536e+06,3.45977e+06,14403.8
2,26,Linear,Logic,3.44536e+06,3.45977e+06,14403.8
2,26,activation,Logic,3.45977e+06,3.45978e+06,10.5463
2,26,up_proj,GPU,3.45978e+06,3.47418e+06,14403.8
2,26,Linear,Logic,3.45978e+06,3.47418e+06,14403.8
2,26,down_proj,GPU,3.47418e+06,3.48858e+06,14403.8
2,26,Linear,Logic,3.47418e+06,3.48858e+06,14403.8
2,26,expert_FFN_5,GPU,3.48858e+06,3.53181e+06,43221.9
2,26,gate_proj,GPU,3.48858e+06,3.50299e+06,14403.8
2,26,Linear,Logic,3.48858e+06,3.50299e+06,14403.8
2,26,activation,Logic,3.50299e+06,3.503e+06,10.5463
2,26,up_proj,GPU,3.503e+06,3.5174e+06,14403.8
2,26,Linear,Logic,3.503e+06,3.5174e+06,14403.8
2,26,down_proj,GPU,3.5174e+06,3.53181e+06,14403.8
2,26,Linear,Logic,3.5174e+06,3.53181e+06,14403.8
2,26,sync_2,GPU,3.53181e+06,3.53185e+06,48.2119
2,26,sync__set,GPU,3.53181e+06,3.53181e+06,0
2,26,sync__,GPU,3.53181e+06,3.53185e+06,48.2119
2,26,moe_all_reduce_for_e_tp,GPU,3.53185e+06,3.53185e+06,0
2,26,sync_3,GPU,3.53185e+06,3.53185e+06,0
2,26,sync__set,GPU,3.53185e+06,3.53185e+06,0
2,26,sync__,GPU,3.53185e+06,3.53185e+06,0
2,26,moe_gather,GPU,3.53185e+06,3.53185e+06,0
2,26,sync_for_moe_gather,GPU,3.53185e+06,3.53185e+06,0
2,26,sync__set,GPU,3.53185e+06,3.53185e+06,0
2,26,sync__,GPU,3.53185e+06,3.53185e+06,0
2,26,moe_all_reduce_for_gather,GPU,3.53185e+06,3.55018e+06,18327.7
2,26,sync_5,GPU,3.55018e+06,3.55018e+06,0
2,26,sync__set,GPU,3.55018e+06,3.55018e+06,0
2,26,sync__,GPU,3.55018e+06,3.55018e+06,0
2,26,sync_6,GPU,3.55018e+06,3.55018e+06,0
2,26,sync__set,GPU,3.55018e+06,3.55018e+06,0
2,26,sync__,GPU,3.55018e+06,3.55018e+06,0
2,26,residual_2,GPU,3.55018e+06,3.55022e+06,36.1589
2,27,MoE_decoder_27,GPU,3.55022e+06,3.6849e+06,134679
2,27,input_layer_norm,GPU,3.55022e+06,3.55025e+06,36.1589
2,27,attention,GPU,3.55025e+06,3.57994e+06,29690.1
2,27,attn_qkv_proj,GPU,3.55025e+06,3.55645e+06,6193.22
2,27,Linear,GPU,3.55025e+06,3.55645e+06,6193.22
2,27,self_attention,GPU,3.55645e+06,3.55748e+06,1035.05
2,27,AttentionSplit,GPU,3.55645e+06,3.55645e+06,0
2,27,AttentionSum,Logic,3.55645e+06,3.55645e+06,0
2,27,AttentionGen,Logic,3.55645e+06,3.55748e+06,1035.05
2,27,AttentionMerge,GPU,3.55748e+06,3.55748e+06,0
2,27,attn_o_proj,GPU,3.55748e+06,3.56162e+06,4134.17
2,27,Linear,GPU,3.55748e+06,3.56162e+06,4134.17
2,27,all_reduce,GPU,3.56162e+06,3.57994e+06,18327.7
2,27,residual_1,GPU,3.57994e+06,3.57998e+06,36.1589
2,27,post_attn_layer_norm,GPU,3.57998e+06,3.58002e+06,36.1589
2,27,expertFFN,GPU,3.58002e+06,3.68486e+06,104844
2,27,sync_0,GPU,3.58002e+06,3.58002e+06,0
2,27,sync__set,GPU,3.58002e+06,3.58002e+06,0
2,27,sync__,GPU,3.58002e+06,3.58002e+06,0
2,27,gate_fn,GPU,3.58002e+06,3.58006e+06,48.2433
2,27,Linear,GPU,3.58002e+06,3.58006e+06,48.2433
2,27,gate_update,GPU,3.58006e+06,3.58006e+06,0
2,27,moe_scatter,GPU,3.58006e+06,3.58006e+06,0
2,27,sync_for_moe_scatter,GPU,3.58006e+06,3.58006e+06,0
2,27,sync__set,GPU,3.58006e+06,3.58006e+06,0
2,27,sync__,GPU,3.58006e+06,3.58006e+06,0
2,27,moe_route,GPU,3.58006e+06,3.58006e+06,0
2,27,expert_FFN_4,GPU,3.58006e+06,3.62329e+06,43221.9
2,27,gate_proj,GPU,3.58006e+06,3.59447e+06,14403.8
2,27,Linear,Logic,3.58006e+06,3.59447e+06,14403.8
2,27,activation,Logic,3.59447e+06,3.59448e+06,10.5463
2,27,up_proj,GPU,3.59448e+06,3.60888e+06,14403.8
2,27,Linear,Logic,3.59448e+06,3.60888e+06,14403.8
2,27,down_proj,GPU,3.60888e+06,3.62329e+06,14403.8
2,27,Linear,Logic,3.60888e+06,3.62329e+06,14403.8
2,27,expert_FFN_5,GPU,3.62329e+06,3.66651e+06,43221.9
2,27,gate_proj,GPU,3.62329e+06,3.63769e+06,14403.8
2,27,Linear,Logic,3.62329e+06,3.63769e+06,14403.8
2,27,activation,Logic,3.63769e+06,3.6377e+06,10.5463
2,27,up_proj,GPU,3.6377e+06,3.6521e+06,14403.8
2,27,Linear,Logic,3.6377e+06,3.6521e+06,14403.8
2,27,down_proj,GPU,3.6521e+06,3.66651e+06,14403.8
2,27,Linear,Logic,3.6521e+06,3.66651e+06,14403.8
2,27,sync_2,GPU,3.66651e+06,3.66653e+06,24.1059
2,27,sync__set,GPU,3.66651e+06,3.66651e+06,0
2,27,sync__,GPU,3.66651e+06,3.66653e+06,24.1059
2,27,moe_all_reduce_for_e_tp,GPU,3.66653e+06,3.66653e+06,0
2,27,sync_3,GPU,3.66653e+06,3.66653e+06,0
2,27,sync__set,GPU,3.66653e+06,3.66653e+06,0
2,27,sync__,GPU,3.66653e+06,3.66653e+06,0
2,27,moe_gather,GPU,3.66653e+06,3.66653e+06,0
2,27,sync_for_moe_gather,GPU,3.66653e+06,3.66653e+06,0
2,27,sync__set,GPU,3.66653e+06,3.66653e+06,0
2,27,sync__,GPU,3.66653e+06,3.66653e+06,0
2,27,moe_all_reduce_for_gather,GPU,3.66653e+06,3.68486e+06,18327.7
2,27,sync_5,GPU,3.68486e+06,3.68486e+06,0
2,27,sync__set,GPU,3.68486e+06,3.68486e+06,0
2,27,sync__,GPU,3.68486e+06,3.68486e+06,0
2,27,sync_6,GPU,3.68486e+06,3.68486e+06,0
2,27,sync__set,GPU,3.68486e+06,3.68486e+06,0
2,27,sync__,GPU,3.68486e+06,3.68486e+06,0
2,27,residual_2,GPU,3.68486e+06,3.6849e+06,36.1589
2,28,MoE_decoder_28,GPU,3.6849e+06,3.8196e+06,134703
2,28,input_layer_norm,GPU,3.6849e+06,3.68493e+06,36.1589
2,28,attention,GPU,3.68493e+06,3.71462e+06,29690.1
2,28,attn_qkv_proj,GPU,3.68493e+06,3.69113e+06,6193.22
2,28,Linear,GPU,3.68493e+06,3.69113e+06,6193.22
2,28,self_attention,GPU,3.69113e+06,3.69216e+06,1035.05
2,28,AttentionSplit,GPU,3.69113e+06,3.69113e+06,0
2,28,AttentionSum,Logic,3.69113e+06,3.69113e+06,0
2,28,AttentionGen,Logic,3.69113e+06,3.69216e+06,1035.05
2,28,AttentionMerge,GPU,3.69216e+06,3.69216e+06,0
2,28,attn_o_proj,GPU,3.69216e+06,3.69629e+06,4134.17
2,28,Linear,GPU,3.69216e+06,3.69629e+06,4134.17
2,28,all_reduce,GPU,3.69629e+06,3.71462e+06,18327.7
2,28,residual_1,GPU,3.71462e+06,3.71466e+06,36.1589
2,28,post_attn_layer_norm,GPU,3.71466e+06,3.71469e+06,36.1589
2,28,expertFFN,GPU,3.71469e+06,3.81956e+06,104868
2,28,sync_0,GPU,3.71469e+06,3.71469e+06,0
2,28,sync__set,GPU,3.71469e+06,3.71469e+06,0
2,28,sync__,GPU,3.71469e+06,3.71469e+06,0
2,28,gate_fn,GPU,3.71469e+06,3.71474e+06,48.2433
2,28,Linear,GPU,3.71469e+06,3.71474e+06,48.2433
2,28,gate_update,GPU,3.71474e+06,3.71474e+06,0
2,28,moe_scatter,GPU,3.71474e+06,3.71474e+06,0
2,28,sync_for_moe_scatter,GPU,3.71474e+06,3.71474e+06,0
2,28,sync__set,GPU,3.71474e+06,3.71474e+06,0
2,28,sync__,GPU,3.71474e+06,3.71474e+06,0
2,28,moe_route,GPU,3.71474e+06,3.71474e+06,0
2,28,expert_FFN_4,GPU,3.71474e+06,3.71474e+06,0
2,28,gate_proj,GPU,3.71474e+06,3.71474e+06,0
2,28,Linear,Logic,3.71474e+06,3.71474e+06,0
2,28,activation,Logic,3.71474e+06,3.71474e+06,0
2,28,up_proj,GPU,3.71474e+06,3.71474e+06,0
2,28,Linear,Logic,3.71474e+06,3.71474e+06,0
2,28,down_proj,GPU,3.71474e+06,3.71474e+06,0
2,28,Linear,Logic,3.71474e+06,3.71474e+06,0
2,28,expert_FFN_5,GPU,3.71474e+06,3.75796e+06,43221.9
2,28,gate_proj,GPU,3.71474e+06,3.72915e+06,14403.8
2,28,Linear,Logic,3.71474e+06,3.72915e+06,14403.8
2,28,activation,Logic,3.72915e+06,3.72916e+06,10.5463
2,28,up_proj,GPU,3.72916e+06,3.74356e+06,14403.8
2,28,Linear,Logic,3.72916e+06,3.74356e+06,14403.8
2,28,down_proj,GPU,3.74356e+06,3.75796e+06,14403.8
2,28,Linear,Logic,3.74356e+06,3.75796e+06,14403.8
2,28,sync_2,GPU,3.75796e+06,3.80123e+06,43270.2
2,28,sync__set,GPU,3.75796e+06,3.75796e+06,0
2,28,sync__,GPU,3.75796e+06,3.80123e+06,43270.2
2,28,moe_all_reduce_for_e_tp,GPU,3.80123e+06,3.80123e+06,0
2,28,sync_3,GPU,3.80123e+06,3.80123e+06,0
2,28,sync__set,GPU,3.80123e+06,3.80123e+06,0
2,28,sync__,GPU,3.80123e+06,3.80123e+06,0
2,28,moe_gather,GPU,3.80123e+06,3.80123e+06,0
2,28,sync_for_moe_gather,GPU,3.80123e+06,3.80123e+06,0
2,28,sync__set,GPU,3.80123e+06,3.80123e+06,0
2,28,sync__,GPU,3.80123e+06,3.80123e+06,0
2,28,moe_all_reduce_for_gather,GPU,3.80123e+06,3.81956e+06,18327.7
2,28,sync_5,GPU,3.81956e+06,3.81956e+06,0
2,28,sync__set,GPU,3.81956e+06,3.81956e+06,0
2,28,sync__,GPU,3.81956e+06,3.81956e+06,0
2,28,sync_6,GPU,3.81956e+06,3.81956e+06,0
2,28,sync__set,GPU,3.81956e+06,3.81956e+06,0
2,28,sync__,GPU,3.81956e+06,3.81956e+06,0
2,28,residual_2,GPU,3.81956e+06,3.8196e+06,36.1589
2,29,MoE_decoder_29,GPU,3.8196e+06,3.95428e+06,134679
2,29,input_layer_norm,GPU,3.8196e+06,3.81963e+06,36.1589
2,29,attention,GPU,3.81963e+06,3.84933e+06,29690.1
2,29,attn_qkv_proj,GPU,3.81963e+06,3.82583e+06,6193.22
2,29,Linear,GPU,3.81963e+06,3.82583e+06,6193.22
2,29,self_attention,GPU,3.82583e+06,3.82686e+06,1035.05
2,29,AttentionSplit,GPU,3.82583e+06,3.82583e+06,0
2,29,AttentionSum,Logic,3.82583e+06,3.82583e+06,0
2,29,AttentionGen,Logic,3.82583e+06,3.82686e+06,1035.05
2,29,AttentionMerge,GPU,3.82686e+06,3.82686e+06,0
2,29,attn_o_proj,GPU,3.82686e+06,3.831e+06,4134.17
2,29,Linear,GPU,3.82686e+06,3.831e+06,4134.17
2,29,all_reduce,GPU,3.831e+06,3.84933e+06,18327.7
2,29,residual_1,GPU,3.84933e+06,3.84936e+06,36.1589
2,29,post_attn_layer_norm,GPU,3.84936e+06,3.8494e+06,36.1589
2,29,expertFFN,GPU,3.8494e+06,3.95424e+06,104844
2,29,sync_0,GPU,3.8494e+06,3.8494e+06,0
2,29,sync__set,GPU,3.8494e+06,3.8494e+06,0
2,29,sync__,GPU,3.8494e+06,3.8494e+06,0
2,29,gate_fn,GPU,3.8494e+06,3.84945e+06,48.2433
2,29,Linear,GPU,3.8494e+06,3.84945e+06,48.2433
2,29,gate_update,GPU,3.84945e+06,3.84945e+06,0
2,29,moe_scatter,GPU,3.84945e+06,3.84945e+06,0
2,29,sync_for_moe_scatter,GPU,3.84945e+06,3.84945e+06,0
2,29,sync__set,GPU,3.84945e+06,3.84945e+06,0
2,29,sync__,GPU,3.84945e+06,3.84945e+06,0
2,29,moe_route,GPU,3.84945e+06,3.84945e+06,0
2,29,expert_FFN_4,GPU,3.84945e+06,3.89269e+06,43246
2,29,gate_proj,GPU,3.84945e+06,3.86385e+06,14408.3
2,29,Linear,Logic,3.84945e+06,3.86385e+06,14408.3
2,29,activation,Logic,3.86385e+06,3.86388e+06,21.0927
2,29,up_proj,GPU,3.86388e+06,3.87828e+06,14408.3
2,29,Linear,Logic,3.86388e+06,3.87828e+06,14408.3
2,29,down_proj,GPU,3.87828e+06,3.89269e+06,14408.3
2,29,Linear,Logic,3.87828e+06,3.89269e+06,14408.3
2,29,expert_FFN_5,GPU,3.89269e+06,3.93591e+06,43221.9
2,29,gate_proj,GPU,3.89269e+06,3.9071e+06,14403.8
2,29,Linear,Logic,3.89269e+06,3.9071e+06,14403.8
2,29,activation,Logic,3.9071e+06,3.90711e+06,10.5463
2,29,up_proj,GPU,3.90711e+06,3.92151e+06,14403.8
2,29,Linear,Logic,3.90711e+06,3.92151e+06,14403.8
2,29,down_proj,GPU,3.92151e+06,3.93591e+06,14403.8
2,29,Linear,Logic,3.92151e+06,3.93591e+06,14403.8
2,29,sync_2,GPU,3.93591e+06,3.93591e+06,0
2,29,sync__set,GPU,3.93591e+06,3.93591e+06,0
2,29,sync__,GPU,3.93591e+06,3.93591e+06,0
2,29,moe_all_reduce_for_e_tp,GPU,3.93591e+06,3.93591e+06,0
2,29,sync_3,GPU,3.93591e+06,3.93591e+06,0
2,29,sync__set,GPU,3.93591e+06,3.93591e+06,0
2,29,sync__,GPU,3.93591e+06,3.93591e+06,0
2,29,moe_gather,GPU,3.93591e+06,3.93591e+06,0
2,29,sync_for_moe_gather,GPU,3.93591e+06,3.93591e+06,0
2,29,sync__set,GPU,3.93591e+06,3.93591e+06,0
2,29,sync__,GPU,3.93591e+06,3.93591e+06,0
2,29,moe_all_reduce_for_gather,GPU,3.93591e+06,3.95424e+06,18327.7
2,29,sync_5,GPU,3.95424e+06,3.95424e+06,0
2,29,sync__set,GPU,3.95424e+06,3.95424e+06,0
2,29,sync__,GPU,3.95424e+06,3.95424e+06,0
2,29,sync_6,GPU,3.95424e+06,3.95424e+06,0
2,29,sync__set,GPU,3.95424e+06,3.95424e+06,0
2,29,sync__,GPU,3.95424e+06,3.95424e+06,0
2,29,residual_2,GPU,3.95424e+06,3.95428e+06,36.1589
2,30,MoE_decoder_30,GPU,3.95428e+06,4.08893e+06,134655
2,30,input_layer_norm,GPU,3.95428e+06,3.95431e+06,36.1589
2,30,attention,GPU,3.95431e+06,3.984e+06,29690.1
2,30,attn_qkv_proj,GPU,3.95431e+06,3.96051e+06,6193.22
2,30,Linear,GPU,3.95431e+06,3.96051e+06,6193.22
2,30,self_attention,GPU,3.96051e+06,3.96154e+06,1035.05
2,30,AttentionSplit,GPU,3.96051e+06,3.96051e+06,0
2,30,AttentionSum,Logic,3.96051e+06,3.96051e+06,0
2,30,AttentionGen,Logic,3.96051e+06,3.96154e+06,1035.05
2,30,AttentionMerge,GPU,3.96154e+06,3.96154e+06,0
2,30,attn_o_proj,GPU,3.96154e+06,3.96568e+06,4134.17
2,30,Linear,GPU,3.96154e+06,3.96568e+06,4134.17
2,30,all_reduce,GPU,3.96568e+06,3.984e+06,18327.7
2,30,residual_1,GPU,3.984e+06,3.98404e+06,36.1589
2,30,post_attn_layer_norm,GPU,3.98404e+06,3.98408e+06,36.1589
2,30,expertFFN,GPU,3.98408e+06,4.0889e+06,104820
2,30,sync_0,GPU,3.98408e+06,3.98408e+06,0
2,30,sync__set,GPU,3.98408e+06,3.98408e+06,0
2,30,sync__,GPU,3.98408e+06,3.98408e+06,0
2,30,gate_fn,GPU,3.98408e+06,3.98412e+06,48.2433
2,30,Linear,GPU,3.98408e+06,3.98412e+06,48.2433
2,30,gate_update,GPU,3.98412e+06,3.98412e+06,0
2,30,moe_scatter,GPU,3.98412e+06,3.98412e+06,0
2,30,sync_for_moe_scatter,GPU,3.98412e+06,3.98412e+06,0
2,30,sync__set,GPU,3.98412e+06,3.98412e+06,0
2,30,sync__,GPU,3.98412e+06,3.98412e+06,0
2,30,moe_route,GPU,3.98412e+06,3.98412e+06,0
2,30,expert_FFN_4,GPU,3.98412e+06,4.02735e+06,43221.9
2,30,gate_proj,GPU,3.98412e+06,3.99853e+06,14403.8
2,30,Linear,Logic,3.98412e+06,3.99853e+06,14403.8
2,30,activation,Logic,3.99853e+06,3.99854e+06,10.5463
2,30,up_proj,GPU,3.99854e+06,4.01294e+06,14403.8
2,30,Linear,Logic,3.99854e+06,4.01294e+06,14403.8
2,30,down_proj,GPU,4.01294e+06,4.02735e+06,14403.8
2,30,Linear,Logic,4.01294e+06,4.02735e+06,14403.8
2,30,expert_FFN_5,GPU,4.02735e+06,4.07057e+06,43221.9
2,30,gate_proj,GPU,4.02735e+06,4.04175e+06,14403.8
2,30,Linear,Logic,4.02735e+06,4.04175e+06,14403.8
2,30,activation,Logic,4.04175e+06,4.04176e+06,10.5463
2,30,up_proj,GPU,4.04176e+06,4.05616e+06,14403.8
2,30,Linear,Logic,4.04176e+06,4.05616e+06,14403.8
2,30,down_proj,GPU,4.05616e+06,4.07057e+06,14403.8
2,30,Linear,Logic,4.05616e+06,4.07057e+06,14403.8
2,30,sync_2,GPU,4.07057e+06,4.07057e+06,0
2,30,sync__set,GPU,4.07057e+06,4.07057e+06,0
2,30,sync__,GPU,4.07057e+06,4.07057e+06,0
2,30,moe_all_reduce_for_e_tp,GPU,4.07057e+06,4.07057e+06,0
2,30,sync_3,GPU,4.07057e+06,4.07057e+06,0
2,30,sync__set,GPU,4.07057e+06,4.07057e+06,0
2,30,sync__,GPU,4.07057e+06,4.07057e+06,0
2,30,moe_gather,GPU,4.07057e+06,4.07057e+06,0
2,30,sync_for_moe_gather,GPU,4.07057e+06,4.07057e+06,0
2,30,sync__set,GPU,4.07057e+06,4.07057e+06,0
2,30,sync__,GPU,4.07057e+06,4.07057e+06,0
2,30,moe_all_reduce_for_gather,GPU,4.07057e+06,4.0889e+06,18327.7
2,30,sync_5,GPU,4.0889e+06,4.0889e+06,0
2,30,sync__set,GPU,4.0889e+06,4.0889e+06,0
2,30,sync__,GPU,4.0889e+06,4.0889e+06,0
2,30,sync_6,GPU,4.0889e+06,4.0889e+06,0
2,30,sync__set,GPU,4.0889e+06,4.0889e+06,0
2,30,sync__,GPU,4.0889e+06,4.0889e+06,0
2,30,residual_2,GPU,4.0889e+06,4.08893e+06,36.1589
2,31,MoE_decoder_31,GPU,4.08893e+06,4.22363e+06,134703
2,31,input_layer_norm,GPU,4.08893e+06,4.08897e+06,36.1589
2,31,attention,GPU,4.08897e+06,4.11866e+06,29690.1
2,31,attn_qkv_proj,GPU,4.08897e+06,4.09516e+06,6193.22
2,31,Linear,GPU,4.08897e+06,4.09516e+06,6193.22
2,31,self_attention,GPU,4.09516e+06,4.0962e+06,1035.05
2,31,AttentionSplit,GPU,4.09516e+06,4.09516e+06,0
2,31,AttentionSum,Logic,4.09516e+06,4.09516e+06,0
2,31,AttentionGen,Logic,4.09516e+06,4.0962e+06,1035.05
2,31,AttentionMerge,GPU,4.0962e+06,4.0962e+06,0
2,31,attn_o_proj,GPU,4.0962e+06,4.10033e+06,4134.17
2,31,Linear,GPU,4.0962e+06,4.10033e+06,4134.17
2,31,all_reduce,GPU,4.10033e+06,4.11866e+06,18327.7
2,31,residual_1,GPU,4.11866e+06,4.11869e+06,36.1589
2,31,post_attn_layer_norm,GPU,4.11869e+06,4.11873e+06,36.1589
2,31,expertFFN,GPU,4.11873e+06,4.2236e+06,104868
2,31,sync_0,GPU,4.11873e+06,4.11873e+06,0
2,31,sync__set,GPU,4.11873e+06,4.11873e+06,0
2,31,sync__,GPU,4.11873e+06,4.11873e+06,0
2,31,gate_fn,GPU,4.11873e+06,4.11878e+06,48.2433
2,31,Linear,GPU,4.11873e+06,4.11878e+06,48.2433
2,31,gate_update,GPU,4.11878e+06,4.11878e+06,0
2,31,moe_scatter,GPU,4.11878e+06,4.11878e+06,0
2,31,sync_for_moe_scatter,GPU,4.11878e+06,4.11878e+06,0
2,31,sync__set,GPU,4.11878e+06,4.11878e+06,0
2,31,sync__,GPU,4.11878e+06,4.11878e+06,0
2,31,moe_route,GPU,4.11878e+06,4.11878e+06,0
2,31,expert_FFN_4,GPU,4.11878e+06,4.16202e+06,43246
2,31,gate_proj,GPU,4.11878e+06,4.13319e+06,14408.3
2,31,Linear,Logic,4.11878e+06,4.13319e+06,14408.3
2,31,activation,Logic,4.13319e+06,4.13321e+06,21.0927
2,31,up_proj,GPU,4.13321e+06,4.14762e+06,14408.3
2,31,Linear,Logic,4.13321e+06,4.14762e+06,14408.3
2,31,down_proj,GPU,4.14762e+06,4.16202e+06,14408.3
2,31,Linear,Logic,4.14762e+06,4.16202e+06,14408.3
2,31,expert_FFN_5,GPU,4.16202e+06,4.20527e+06,43246
2,31,gate_proj,GPU,4.16202e+06,4.17643e+06,14408.3
2,31,Linear,Logic,4.16202e+06,4.17643e+06,14408.3
2,31,activation,Logic,4.17643e+06,4.17645e+06,21.0927
2,31,up_proj,GPU,4.17645e+06,4.19086e+06,14408.3
2,31,Linear,Logic,4.17645e+06,4.19086e+06,14408.3
2,31,down_proj,GPU,4.19086e+06,4.20527e+06,14408.3
2,31,Linear,Logic,4.19086e+06,4.20527e+06,14408.3
2,31,sync_2,GPU,4.20527e+06,4.20527e+06,0
2,31,sync__set,GPU,4.20527e+06,4.20527e+06,0
2,31,sync__,GPU,4.20527e+06,4.20527e+06,0
2,31,moe_all_reduce_for_e_tp,GPU,4.20527e+06,4.20527e+06,0
2,31,sync_3,GPU,4.20527e+06,4.20527e+06,0
2,31,sync__set,GPU,4.20527e+06,4.20527e+06,0
2,31,sync__,GPU,4.20527e+06,4.20527e+06,0
2,31,moe_gather,GPU,4.20527e+06,4.20527e+06,0
2,31,sync_for_moe_gather,GPU,4.20527e+06,4.20527e+06,0
2,31,sync__set,GPU,4.20527e+06,4.20527e+06,0
2,31,sync__,GPU,4.20527e+06,4.20527e+06,0
2,31,moe_all_reduce_for_gather,GPU,4.20527e+06,4.2236e+06,18327.7
2,31,sync_5,GPU,4.2236e+06,4.2236e+06,0
2,31,sync__set,GPU,4.2236e+06,4.2236e+06,0
2,31,sync__,GPU,4.2236e+06,4.2236e+06,0
2,31,sync_6,GPU,4.2236e+06,4.2236e+06,0
2,31,sync__set,GPU,4.2236e+06,4.2236e+06,0
2,31,sync__,GPU,4.2236e+06,4.2236e+06,0
2,31,residual_2,GPU,4.2236e+06,4.22363e+06,36.1589
3,0,MoE_decoder_0,GPU,0,134679,134679
3,0,input_layer_norm,GPU,0,36.1589,36.1589
3,0,attention,GPU,36.1589,29726.3,29690.1
3,0,attn_qkv_proj,GPU,36.1589,6229.38,6193.22
3,0,Linear,GPU,36.1589,6229.38,6193.22
3,0,self_attention,GPU,6229.38,7264.42,1035.05
3,0,AttentionSplit,GPU,6229.38,6229.38,0
3,0,AttentionSum,Logic,6229.38,6229.38,0
3,0,AttentionGen,Logic,6229.38,7264.42,1035.05
3,0,AttentionMerge,GPU,7264.42,7264.42,0
3,0,attn_o_proj,GPU,7264.42,11398.6,4134.17
3,0,Linear,GPU,7264.42,11398.6,4134.17
3,0,all_reduce,GPU,11398.6,29726.3,18327.7
3,0,residual_1,GPU,29726.3,29762.4,36.1589
3,0,post_attn_layer_norm,GPU,29762.4,29798.6,36.1589
3,0,expertFFN,GPU,29798.6,134642,104844
3,0,sync_0,GPU,29798.6,29798.6,0
3,0,sync__set,GPU,29798.6,29798.6,0
3,0,sync__,GPU,29798.6,29798.6,0
3,0,gate_fn,GPU,29798.6,29846.8,48.2433
3,0,Linear,GPU,29798.6,29846.8,48.2433
3,0,gate_update,GPU,29846.8,29846.8,0
3,0,moe_scatter,GPU,29846.8,29846.8,0
3,0,sync_for_moe_scatter,GPU,29846.8,29846.8,0
3,0,sync__set,GPU,29846.8,29846.8,0
3,0,sync__,GPU,29846.8,29846.8,0
3,0,moe_route,GPU,29846.8,29846.8,0
3,0,expert_FFN_6,GPU,29846.8,29846.8,0
3,0,gate_proj,GPU,29846.8,29846.8,0
3,0,Linear,Logic,29846.8,29846.8,0
3,0,activation,Logic,29846.8,29846.8,0
3,0,up_proj,GPU,29846.8,29846.8,0
3,0,Linear,Logic,29846.8,29846.8,0
3,0,down_proj,GPU,29846.8,29846.8,0
3,0,Linear,Logic,29846.8,29846.8,0
3,0,expert_FFN_7,GPU,29846.8,73068.8,43221.9
3,0,gate_proj,GPU,29846.8,44250.6,14403.8
3,0,Linear,Logic,29846.8,44250.6,14403.8
3,0,activation,Logic,44250.6,44261.2,10.5463
3,0,up_proj,GPU,44261.2,58665,14403.8
3,0,Linear,Logic,44261.2,58665,14403.8
3,0,down_proj,GPU,58665,73068.8,14403.8
3,0,Linear,Logic,58665,73068.8,14403.8
3,0,sync_2,GPU,73068.8,116315,43246
3,0,sync__set,GPU,73068.8,73068.8,0
3,0,sync__,GPU,73068.8,116315,43246
3,0,moe_all_reduce_for_e_tp,GPU,116315,116315,0
3,0,sync_3,GPU,116315,116315,0
3,0,sync__set,GPU,116315,116315,0
3,0,sync__,GPU,116315,116315,0
3,0,moe_gather,GPU,116315,116315,0
3,0,sync_for_moe_gather,GPU,116315,116315,0
3,0,sync__set,GPU,116315,116315,0
3,0,sync__,GPU,116315,116315,0
3,0,moe_all_reduce_for_gather,GPU,116315,134642,18327.7
3,0,sync_5,GPU,134642,134642,0
3,0,sync__set,GPU,134642,134642,0
3,0,sync__,GPU,134642,134642,0
3,0,sync_6,GPU,134642,134642,0
3,0,sync__set,GPU,134642,134642,0
3,0,sync__,GPU,134642,134642,0
3,0,residual_2,GPU,134642,134679,36.1589
3,1,MoE_decoder_1,GPU,134679,269406,134727
3,1,input_layer_norm,GPU,134679,134715,36.1589
3,1,attention,GPU,134715,164405,29690.1
3,1,attn_qkv_proj,GPU,134715,140908,6193.22
3,1,Linear,GPU,134715,140908,6193.22
3,1,self_attention,GPU,140908,141943,1035.05
3,1,AttentionSplit,GPU,140908,140908,0
3,1,AttentionSum,Logic,140908,140908,0
3,1,AttentionGen,Logic,140908,141943,1035.05
3,1,AttentionMerge,GPU,141943,141943,0
3,1,attn_o_proj,GPU,141943,146077,4134.17
3,1,Linear,GPU,141943,146077,4134.17
3,1,all_reduce,GPU,146077,164405,18327.7
3,1,residual_1,GPU,164405,164441,36.1589
3,1,post_attn_layer_norm,GPU,164441,164477,36.1589
3,1,expertFFN,GPU,164477,269369,104892
3,1,sync_0,GPU,164477,164477,0
3,1,sync__set,GPU,164477,164477,0
3,1,sync__,GPU,164477,164477,0
3,1,gate_fn,GPU,164477,164525,48.2433
3,1,Linear,GPU,164477,164525,48.2433
3,1,gate_update,GPU,164525,164525,0
3,1,moe_scatter,GPU,164525,164525,0
3,1,sync_for_moe_scatter,GPU,164525,164525,0
3,1,sync__set,GPU,164525,164525,0
3,1,sync__,GPU,164525,164525,0
3,1,moe_route,GPU,164525,164525,0
3,1,expert_FFN_6,GPU,164525,207747,43221.9
3,1,gate_proj,GPU,164525,178929,14403.8
3,1,Linear,Logic,164525,178929,14403.8
3,1,activation,Logic,178929,178940,10.5463
3,1,up_proj,GPU,178940,193344,14403.8
3,1,Linear,Logic,178940,193344,14403.8
3,1,down_proj,GPU,193344,207747,14403.8
3,1,Linear,Logic,193344,207747,14403.8
3,1,expert_FFN_7,GPU,207747,250969,43221.9
3,1,gate_proj,GPU,207747,222151,14403.8
3,1,Linear,Logic,207747,222151,14403.8
3,1,activation,Logic,222151,222162,10.5463
3,1,up_proj,GPU,222162,236566,14403.8
3,1,Linear,Logic,222162,236566,14403.8
3,1,down_proj,GPU,236566,250969,14403.8
3,1,Linear,Logic,236566,250969,14403.8
3,1,sync_2,GPU,250969,251042,72.3178
3,1,sync__set,GPU,250969,250969,0
3,1,sync__,GPU,250969,251042,72.3178
3,1,moe_all_reduce_for_e_tp,GPU,251042,251042,0
3,1,sync_3,GPU,251042,251042,0
3,1,sync__set,GPU,251042,251042,0
3,1,sync__,GPU,251042,251042,0
3,1,moe_gather,GPU,251042,251042,0
3,1,sync_for_moe_gather,GPU,251042,251042,0
3,1,sync__set,GPU,251042,251042,0
3,1,sync__,GPU,251042,251042,0
3,1,moe_all_reduce_for_gather,GPU,251042,269369,18327.7
3,1,sync_5,GPU,269369,269369,0
3,1,sync__set,GPU,269369,269369,0
3,1,sync__,GPU,269369,269369,0
3,1,sync_6,GPU,269369,269369,0
3,1,sync__set,GPU,269369,269369,0
3,1,sync__,GPU,269369,269369,0
3,1,residual_2,GPU,269369,269406,36.1589
3,2,MoE_decoder_2,GPU,269406,404108,134703
3,2,input_layer_norm,GPU,269406,269442,36.1589
3,2,attention,GPU,269442,299132,29690.1
3,2,attn_qkv_proj,GPU,269442,275635,6193.22
3,2,Linear,GPU,269442,275635,6193.22
3,2,self_attention,GPU,275635,276670,1035.05
3,2,AttentionSplit,GPU,275635,275635,0
3,2,AttentionSum,Logic,275635,275635,0
3,2,AttentionGen,Logic,275635,276670,1035.05
3,2,AttentionMerge,GPU,276670,276670,0
3,2,attn_o_proj,GPU,276670,280804,4134.17
3,2,Linear,GPU,276670,280804,4134.17
3,2,all_reduce,GPU,280804,299132,18327.7
3,2,residual_1,GPU,299132,299168,36.1589
3,2,post_attn_layer_norm,GPU,299168,299204,36.1589
3,2,expertFFN,GPU,299204,404072,104868
3,2,sync_0,GPU,299204,299204,0
3,2,sync__set,GPU,299204,299204,0
3,2,sync__,GPU,299204,299204,0
3,2,gate_fn,GPU,299204,299252,48.2433
3,2,Linear,GPU,299204,299252,48.2433
3,2,gate_update,GPU,299252,299252,0
3,2,moe_scatter,GPU,299252,299252,0
3,2,sync_for_moe_scatter,GPU,299252,299252,0
3,2,sync__set,GPU,299252,299252,0
3,2,sync__,GPU,299252,299252,0
3,2,moe_route,GPU,299252,299252,0
3,2,expert_FFN_6,GPU,299252,342498,43246
3,2,gate_proj,GPU,299252,313661,14408.3
3,2,Linear,Logic,299252,313661,14408.3
3,2,activation,Logic,313661,313682,21.0927
3,2,up_proj,GPU,313682,328090,14408.3
3,2,Linear,Logic,313682,328090,14408.3
3,2,down_proj,GPU,328090,342498,14408.3
3,2,Linear,Logic,328090,342498,14408.3
3,2,expert_FFN_7,GPU,342498,385744,43246
3,2,gate_proj,GPU,342498,356907,14408.3
3,2,Linear,Logic,342498,356907,14408.3
3,2,activation,Logic,356907,356928,21.0927
3,2,up_proj,GPU,356928,371336,14408.3
3,2,Linear,Logic,356928,371336,14408.3
3,2,down_proj,GPU,371336,385744,14408.3
3,2,Linear,Logic,371336,385744,14408.3
3,2,sync_2,GPU,385744,385744,0
3,2,sync__set,GPU,385744,385744,0
3,2,sync__,GPU,385744,385744,0
3,2,moe_all_reduce_for_e_tp,GPU,385744,385744,0
3,2,sync_3,GPU,385744,385744,0
3,2,sync__set,GPU,385744,385744,0
3,2,sync__,GPU,385744,385744,0
3,2,moe_gather,GPU,385744,385744,0
3,2,sync_for_moe_gather,GPU,385744,385744,0
3,2,sync__set,GPU,385744,385744,0
3,2,sync__,GPU,385744,385744,0
3,2,moe_all_reduce_for_gather,GPU,385744,404072,18327.7
3,2,sync_5,GPU,404072,404072,0
3,2,sync__set,GPU,404072,404072,0
3,2,sync__,GPU,404072,404072,0
3,2,sync_6,GPU,404072,404072,0
3,2,sync__set,GPU,404072,404072,0
3,2,sync__,GPU,404072,404072,0
3,2,residual_2,GPU,404072,404108,36.1589
3,3,MoE_decoder_3,GPU,404108,538787,134679
3,3,input_layer_norm,GPU,404108,404144,36.1589
3,3,attention,GPU,404144,433835,29690.1
3,3,attn_qkv_proj,GPU,404144,410338,6193.22
3,3,Linear,GPU,404144,410338,6193.22
3,3,self_attention,GPU,410338,411373,1035.05
3,3,AttentionSplit,GPU,410338,410338,0
3,3,AttentionSum,Logic,410338,410338,0
3,3,AttentionGen,Logic,410338,411373,1035.05
3,3,AttentionMerge,GPU,411373,411373,0
3,3,attn_o_proj,GPU,411373,415507,4134.17
3,3,Linear,GPU,411373,415507,4134.17
3,3,all_reduce,GPU,415507,433835,18327.7
3,3,residual_1,GPU,433835,433871,36.1589
3,3,post_attn_layer_norm,GPU,433871,433907,36.1589
3,3,expertFFN,GPU,433907,538751,104844
3,3,sync_0,GPU,433907,433907,0
3,3,sync__set,GPU,433907,433907,0
3,3,sync__,GPU,433907,433907,0
3,3,gate_fn,GPU,433907,433955,48.2433
3,3,Linear,GPU,433907,433955,48.2433
3,3,gate_update,GPU,433955,433955,0
3,3,moe_scatter,GPU,433955,433955,0
3,3,sync_for_moe_scatter,GPU,433955,433955,0
3,3,sync__set,GPU,433955,433955,0
3,3,sync__,GPU,433955,433955,0
3,3,moe_route,GPU,433955,433955,0
3,3,expert_FFN_6,GPU,433955,477201,43246
3,3,gate_proj,GPU,433955,448363,14408.3
3,3,Linear,Logic,433955,448363,14408.3
3,3,activation,Logic,448363,448385,21.0927
3,3,up_proj,GPU,448385,462793,14408.3
3,3,Linear,Logic,448385,462793,14408.3
3,3,down_proj,GPU,462793,477201,14408.3
3,3,Linear,Logic,462793,477201,14408.3
3,3,expert_FFN_7,GPU,477201,477201,0
3,3,gate_proj,GPU,477201,477201,0
3,3,Linear,Logic,477201,477201,0
3,3,activation,Logic,477201,477201,0
3,3,up_proj,GPU,477201,477201,0
3,3,Linear,Logic,477201,477201,0
3,3,down_proj,GPU,477201,477201,0
3,3,Linear,Logic,477201,477201,0
3,3,sync_2,GPU,477201,520423,43221.9
3,3,sync__set,GPU,477201,477201,0
3,3,sync__,GPU,477201,520423,43221.9
3,3,moe_all_reduce_for_e_tp,GPU,520423,520423,0
3,3,sync_3,GPU,520423,520423,0
3,3,sync__set,GPU,520423,520423,0
3,3,sync__,GPU,520423,520423,0
3,3,moe_gather,GPU,520423,520423,0
3,3,sync_for_moe_gather,GPU,520423,520423,0
3,3,sync__set,GPU,520423,520423,0
3,3,sync__,GPU,520423,520423,0
3,3,moe_all_reduce_for_gather,GPU,520423,538751,18327.7
3,3,sync_5,GPU,538751,538751,0
3,3,sync__set,GPU,538751,538751,0
3,3,sync__,GPU,538751,538751,0
3,3,sync_6,GPU,538751,538751,0
3,3,sync__set,GPU,538751,538751,0
3,3,sync__,GPU,538751,538751,0
3,3,residual_2,GPU,538751,538787,36.1589
3,4,MoE_decoder_4,GPU,538787,673514,134727
3,4,input_layer_norm,GPU,538787,538823,36.1589
3,4,attention,GPU,538823,568513,29690.1
3,4,attn_qkv_proj,GPU,538823,545016,6193.22
3,4,Linear,GPU,538823,545016,6193.22
3,4,self_attention,GPU,545016,546051,1035.05
3,4,AttentionSplit,GPU,545016,545016,0
3,4,AttentionSum,Logic,545016,545016,0
3,4,AttentionGen,Logic,545016,546051,1035.05
3,4,AttentionMerge,GPU,546051,546051,0
3,4,attn_o_proj,GPU,546051,550186,4134.17
3,4,Linear,GPU,546051,550186,4134.17
3,4,all_reduce,GPU,550186,568513,18327.7
3,4,residual_1,GPU,568513,568549,36.1589
3,4,post_attn_layer_norm,GPU,568549,568586,36.1589
3,4,expertFFN,GPU,568586,673478,104892
3,4,sync_0,GPU,568586,568586,0
3,4,sync__set,GPU,568586,568586,0
3,4,sync__,GPU,568586,568586,0
3,4,gate_fn,GPU,568586,568634,48.2433
3,4,Linear,GPU,568586,568634,48.2433
3,4,gate_update,GPU,568634,568634,0
3,4,moe_scatter,GPU,568634,568634,0
3,4,sync_for_moe_scatter,GPU,568634,568634,0
3,4,sync__set,GPU,568634,568634,0
3,4,sync__,GPU,568634,568634,0
3,4,moe_route,GPU,568634,568634,0
3,4,expert_FFN_6,GPU,568634,568634,0
3,4,gate_proj,GPU,568634,568634,0
3,4,Linear,Logic,568634,568634,0
3,4,activation,Logic,568634,568634,0
3,4,up_proj,GPU,568634,568634,0
3,4,Linear,Logic,568634,568634,0
3,4,down_proj,GPU,568634,568634,0
3,4,Linear,Logic,568634,568634,0
3,4,expert_FFN_7,GPU,568634,611856,43221.9
3,4,gate_proj,GPU,568634,583038,14403.8
3,4,Linear,Logic,568634,583038,14403.8
3,4,activation,Logic,583038,583048,10.5463
3,4,up_proj,GPU,583048,597452,14403.8
3,4,Linear,Logic,583048,597452,14403.8
3,4,down_proj,GPU,597452,611856,14403.8
3,4,Linear,Logic,597452,611856,14403.8
3,4,sync_2,GPU,611856,655150,43294.3
3,4,sync__set,GPU,611856,611856,0
3,4,sync__,GPU,611856,655150,43294.3
3,4,moe_all_reduce_for_e_tp,GPU,655150,655150,0
3,4,sync_3,GPU,655150,655150,0
3,4,sync__set,GPU,655150,655150,0
3,4,sync__,GPU,655150,655150,0
3,4,moe_gather,GPU,655150,655150,0
3,4,sync_for_moe_gather,GPU,655150,655150,0
3,4,sync__set,GPU,655150,655150,0
3,4,sync__,GPU,655150,655150,0
3,4,moe_all_reduce_for_gather,GPU,655150,673478,18327.7
3,4,sync_5,GPU,673478,673478,0
3,4,sync__set,GPU,673478,673478,0
3,4,sync__,GPU,673478,673478,0
3,4,sync_6,GPU,673478,673478,0
3,4,sync__set,GPU,673478,673478,0
3,4,sync__,GPU,673478,673478,0
3,4,residual_2,GPU,673478,673514,36.1589
3,5,MoE_decoder_5,GPU,673514,808217,134703
3,5,input_layer_norm,GPU,673514,673550,36.1589
3,5,attention,GPU,673550,703240,29690.1
3,5,attn_qkv_proj,GPU,673550,679743,6193.22
3,5,Linear,GPU,673550,679743,6193.22
3,5,self_attention,GPU,679743,680778,1035.05
3,5,AttentionSplit,GPU,679743,679743,0
3,5,AttentionSum,Logic,679743,679743,0
3,5,AttentionGen,Logic,679743,680778,1035.05
3,5,AttentionMerge,GPU,680778,680778,0
3,5,attn_o_proj,GPU,680778,684912,4134.17
3,5,Linear,GPU,680778,684912,4134.17
3,5,all_reduce,GPU,684912,703240,18327.7
3,5,residual_1,GPU,703240,703276,36.1589
3,5,post_attn_layer_norm,GPU,703276,703312,36.1589
3,5,expertFFN,GPU,703312,808180,104868
3,5,sync_0,GPU,703312,703312,0
3,5,sync__set,GPU,703312,703312,0
3,5,sync__,GPU,703312,703312,0
3,5,gate_fn,GPU,703312,703361,48.2433
3,5,Linear,GPU,703312,703361,48.2433
3,5,gate_update,GPU,703361,703361,0
3,5,moe_scatter,GPU,703361,703361,0
3,5,sync_for_moe_scatter,GPU,703361,703361,0
3,5,sync__set,GPU,703361,703361,0
3,5,sync__,GPU,703361,703361,0
3,5,moe_route,GPU,703361,703361,0
3,5,expert_FFN_6,GPU,703361,746607,43246
3,5,gate_proj,GPU,703361,717769,14408.3
3,5,Linear,Logic,703361,717769,14408.3
3,5,activation,Logic,717769,717790,21.0927
3,5,up_proj,GPU,717790,732198,14408.3
3,5,Linear,Logic,717790,732198,14408.3
3,5,down_proj,GPU,732198,746607,14408.3
3,5,Linear,Logic,732198,746607,14408.3
3,5,expert_FFN_7,GPU,746607,746607,0
3,5,gate_proj,GPU,746607,746607,0
3,5,Linear,Logic,746607,746607,0
3,5,activation,Logic,746607,746607,0
3,5,up_proj,GPU,746607,746607,0
3,5,Linear,Logic,746607,746607,0
3,5,down_proj,GPU,746607,746607,0
3,5,Linear,Logic,746607,746607,0
3,5,sync_2,GPU,746607,789853,43246
3,5,sync__set,GPU,746607,746607,0
3,5,sync__,GPU,746607,789853,43246
3,5,moe_all_reduce_for_e_tp,GPU,789853,789853,0
3,5,sync_3,GPU,789853,789853,0
3,5,sync__set,GPU,789853,789853,0
3,5,sync__,GPU,789853,789853,0
3,5,moe_gather,GPU,789853,789853,0
3,5,sync_for_moe_gather,GPU,789853,789853,0
3,5,sync__set,GPU,789853,789853,0
3,5,sync__,GPU,789853,789853,0
3,5,moe_all_reduce_for_gather,GPU,789853,808180,18327.7
3,5,sync_5,GPU,808180,808180,0
3,5,sync__set,GPU,808180,808180,0
3,5,sync__,GPU,808180,808180,0
3,5,sync_6,GPU,808180,808180,0
3,5,sync__set,GPU,808180,808180,0
3,5,sync__,GPU,808180,808180,0
3,5,residual_2,GPU,808180,808217,36.1589
3,6,MoE_decoder_6,GPU,808217,942895,134679
3,6,input_layer_norm,GPU,808217,808253,36.1589
3,6,attention,GPU,808253,837943,29690.1
3,6,attn_qkv_proj,GPU,808253,814446,6193.22
3,6,Linear,GPU,808253,814446,6193.22
3,6,self_attention,GPU,814446,815481,1035.05
3,6,AttentionSplit,GPU,814446,814446,0
3,6,AttentionSum,Logic,814446,814446,0
3,6,AttentionGen,Logic,814446,815481,1035.05
3,6,AttentionMerge,GPU,815481,815481,0
3,6,attn_o_proj,GPU,815481,819615,4134.17
3,6,Linear,GPU,815481,819615,4134.17
3,6,all_reduce,GPU,819615,837943,18327.7
3,6,residual_1,GPU,837943,837979,36.1589
3,6,post_attn_layer_norm,GPU,837979,838015,36.1589
3,6,expertFFN,GPU,838015,942859,104844
3,6,sync_0,GPU,838015,838015,0
3,6,sync__set,GPU,838015,838015,0
3,6,sync__,GPU,838015,838015,0
3,6,gate_fn,GPU,838015,838063,48.2433
3,6,Linear,GPU,838015,838063,48.2433
3,6,gate_update,GPU,838063,838063,0
3,6,moe_scatter,GPU,838063,838063,0
3,6,sync_for_moe_scatter,GPU,838063,838063,0
3,6,sync__set,GPU,838063,838063,0
3,6,sync__,GPU,838063,838063,0
3,6,moe_route,GPU,838063,838063,0
3,6,expert_FFN_6,GPU,838063,881285,43221.9
3,6,gate_proj,GPU,838063,852467,14403.8
3,6,Linear,Logic,838063,852467,14403.8
3,6,activation,Logic,852467,852478,10.5463
3,6,up_proj,GPU,852478,866882,14403.8
3,6,Linear,Logic,852478,866882,14403.8
3,6,down_proj,GPU,866882,881285,14403.8
3,6,Linear,Logic,866882,881285,14403.8
3,6,expert_FFN_7,GPU,881285,924531,43246
3,6,gate_proj,GPU,881285,895694,14408.3
3,6,Linear,Logic,881285,895694,14408.3
3,6,activation,Logic,895694,895715,21.0927
3,6,up_proj,GPU,895715,910123,14408.3
3,6,Linear,Logic,895715,910123,14408.3
3,6,down_proj,GPU,910123,924531,14408.3
3,6,Linear,Logic,910123,924531,14408.3
3,6,sync_2,GPU,924531,924531,0
3,6,sync__set,GPU,924531,924531,0
3,6,sync__,GPU,924531,924531,0
3,6,moe_all_reduce_for_e_tp,GPU,924531,924531,0
3,6,sync_3,GPU,924531,924531,0
3,6,sync__set,GPU,924531,924531,0
3,6,sync__,GPU,924531,924531,0
3,6,moe_gather,GPU,924531,924531,0
3,6,sync_for_moe_gather,GPU,924531,924531,0
3,6,sync__set,GPU,924531,924531,0
3,6,sync__,GPU,924531,924531,0
3,6,moe_all_reduce_for_gather,GPU,924531,942859,18327.7
3,6,sync_5,GPU,942859,942859,0
3,6,sync__set,GPU,942859,942859,0
3,6,sync__,GPU,942859,942859,0
3,6,sync_6,GPU,942859,942859,0
3,6,sync__set,GPU,942859,942859,0
3,6,sync__,GPU,942859,942859,0
3,6,residual_2,GPU,942859,942895,36.1589
3,7,MoE_decoder_7,GPU,942895,1.07755e+06,134655
3,7,input_layer_norm,GPU,942895,942931,36.1589
3,7,attention,GPU,942931,972622,29690.1
3,7,attn_qkv_proj,GPU,942931,949125,6193.22
3,7,Linear,GPU,942931,949125,6193.22
3,7,self_attention,GPU,949125,950160,1035.05
3,7,AttentionSplit,GPU,949125,949125,0
3,7,AttentionSum,Logic,949125,949125,0
3,7,AttentionGen,Logic,949125,950160,1035.05
3,7,AttentionMerge,GPU,950160,950160,0
3,7,attn_o_proj,GPU,950160,954294,4134.17
3,7,Linear,GPU,950160,954294,4134.17
3,7,all_reduce,GPU,954294,972622,18327.7
3,7,residual_1,GPU,972622,972658,36.1589
3,7,post_attn_layer_norm,GPU,972658,972694,36.1589
3,7,expertFFN,GPU,972694,1.07751e+06,104820
3,7,sync_0,GPU,972694,972694,0
3,7,sync__set,GPU,972694,972694,0
3,7,sync__,GPU,972694,972694,0
3,7,gate_fn,GPU,972694,972742,48.2433
3,7,Linear,GPU,972694,972742,48.2433
3,7,gate_update,GPU,972742,972742,0
3,7,moe_scatter,GPU,972742,972742,0
3,7,sync_for_moe_scatter,GPU,972742,972742,0
3,7,sync__set,GPU,972742,972742,0
3,7,sync__,GPU,972742,972742,0
3,7,moe_route,GPU,972742,972742,0
3,7,expert_FFN_6,GPU,972742,972742,0
3,7,gate_proj,GPU,972742,972742,0
3,7,Linear,Logic,972742,972742,0
3,7,activation,Logic,972742,972742,0
3,7,up_proj,GPU,972742,972742,0
3,7,Linear,Logic,972742,972742,0
3,7,down_proj,GPU,972742,972742,0
3,7,Linear,Logic,972742,972742,0
3,7,expert_FFN_7,GPU,972742,1.01599e+06,43246
3,7,gate_proj,GPU,972742,987150,14408.3
3,7,Linear,Logic,972742,987150,14408.3
3,7,activation,Logic,987150,987171,21.0927
3,7,up_proj,GPU,987171,1.00158e+06,14408.3
3,7,Linear,Logic,987171,1.00158e+06,14408.3
3,7,down_proj,GPU,1.00158e+06,1.01599e+06,14408.3
3,7,Linear,Logic,1.00158e+06,1.01599e+06,14408.3
3,7,sync_2,GPU,1.01599e+06,1.05919e+06,43197.8
3,7,sync__set,GPU,1.01599e+06,1.01599e+06,0
3,7,sync__,GPU,1.01599e+06,1.05919e+06,43197.8
3,7,moe_all_reduce_for_e_tp,GPU,1.05919e+06,1.05919e+06,0
3,7,sync_3,GPU,1.05919e+06,1.05919e+06,0
3,7,sync__set,GPU,1.05919e+06,1.05919e+06,0
3,7,sync__,GPU,1.05919e+06,1.05919e+06,0
3,7,moe_gather,GPU,1.05919e+06,1.05919e+06,0
3,7,sync_for_moe_gather,GPU,1.05919e+06,1.05919e+06,0
3,7,sync__set,GPU,1.05919e+06,1.05919e+06,0
3,7,sync__,GPU,1.05919e+06,1.05919e+06,0
3,7,moe_all_reduce_for_gather,GPU,1.05919e+06,1.07751e+06,18327.7
3,7,sync_5,GPU,1.07751e+06,1.07751e+06,0
3,7,sync__set,GPU,1.07751e+06,1.07751e+06,0
3,7,sync__,GPU,1.07751e+06,1.07751e+06,0
3,7,sync_6,GPU,1.07751e+06,1.07751e+06,0
3,7,sync__set,GPU,1.07751e+06,1.07751e+06,0
3,7,sync__,GPU,1.07751e+06,1.07751e+06,0
3,7,residual_2,GPU,1.07751e+06,1.07755e+06,36.1589
3,8,MoE_decoder_8,GPU,1.07755e+06,1.21223e+06,134679
3,8,input_layer_norm,GPU,1.07755e+06,1.07759e+06,36.1589
3,8,attention,GPU,1.07759e+06,1.10728e+06,29690.1
3,8,attn_qkv_proj,GPU,1.07759e+06,1.08378e+06,6193.22
3,8,Linear,GPU,1.07759e+06,1.08378e+06,6193.22
3,8,self_attention,GPU,1.08378e+06,1.08481e+06,1035.05
3,8,AttentionSplit,GPU,1.08378e+06,1.08378e+06,0
3,8,AttentionSum,Logic,1.08378e+06,1.08378e+06,0
3,8,AttentionGen,Logic,1.08378e+06,1.08481e+06,1035.05
3,8,AttentionMerge,GPU,1.08481e+06,1.08481e+06,0
3,8,attn_o_proj,GPU,1.08481e+06,1.08895e+06,4134.17
3,8,Linear,GPU,1.08481e+06,1.08895e+06,4134.17
3,8,all_reduce,GPU,1.08895e+06,1.10728e+06,18327.7
3,8,residual_1,GPU,1.10728e+06,1.10731e+06,36.1589
3,8,post_attn_layer_norm,GPU,1.10731e+06,1.10735e+06,36.1589
3,8,expertFFN,GPU,1.10735e+06,1.21219e+06,104844
3,8,sync_0,GPU,1.10735e+06,1.10735e+06,0
3,8,sync__set,GPU,1.10735e+06,1.10735e+06,0
3,8,sync__,GPU,1.10735e+06,1.10735e+06,0
3,8,gate_fn,GPU,1.10735e+06,1.1074e+06,48.2433
3,8,Linear,GPU,1.10735e+06,1.1074e+06,48.2433
3,8,gate_update,GPU,1.1074e+06,1.1074e+06,0
3,8,moe_scatter,GPU,1.1074e+06,1.1074e+06,0
3,8,sync_for_moe_scatter,GPU,1.1074e+06,1.1074e+06,0
3,8,sync__set,GPU,1.1074e+06,1.1074e+06,0
3,8,sync__,GPU,1.1074e+06,1.1074e+06,0
3,8,moe_route,GPU,1.1074e+06,1.1074e+06,0
3,8,expert_FFN_6,GPU,1.1074e+06,1.15062e+06,43221.9
3,8,gate_proj,GPU,1.1074e+06,1.1218e+06,14403.8
3,8,Linear,Logic,1.1074e+06,1.1218e+06,14403.8
3,8,activation,Logic,1.1218e+06,1.12181e+06,10.5463
3,8,up_proj,GPU,1.12181e+06,1.13621e+06,14403.8
3,8,Linear,Logic,1.12181e+06,1.13621e+06,14403.8
3,8,down_proj,GPU,1.13621e+06,1.15062e+06,14403.8
3,8,Linear,Logic,1.13621e+06,1.15062e+06,14403.8
3,8,expert_FFN_7,GPU,1.15062e+06,1.19386e+06,43246
3,8,gate_proj,GPU,1.15062e+06,1.16503e+06,14408.3
3,8,Linear,Logic,1.15062e+06,1.16503e+06,14408.3
3,8,activation,Logic,1.16503e+06,1.16505e+06,21.0927
3,8,up_proj,GPU,1.16505e+06,1.17946e+06,14408.3
3,8,Linear,Logic,1.16505e+06,1.17946e+06,14408.3
3,8,down_proj,GPU,1.17946e+06,1.19386e+06,14408.3
3,8,Linear,Logic,1.17946e+06,1.19386e+06,14408.3
3,8,sync_2,GPU,1.19386e+06,1.19386e+06,0
3,8,sync__set,GPU,1.19386e+06,1.19386e+06,0
3,8,sync__,GPU,1.19386e+06,1.19386e+06,0
3,8,moe_all_reduce_for_e_tp,GPU,1.19386e+06,1.19386e+06,0
3,8,sync_3,GPU,1.19386e+06,1.19386e+06,0
3,8,sync__set,GPU,1.19386e+06,1.19386e+06,0
3,8,sync__,GPU,1.19386e+06,1.19386e+06,0
3,8,moe_gather,GPU,1.19386e+06,1.19386e+06,0
3,8,sync_for_moe_gather,GPU,1.19386e+06,1.19386e+06,0
3,8,sync__set,GPU,1.19386e+06,1.19386e+06,0
3,8,sync__,GPU,1.19386e+06,1.19386e+06,0
3,8,moe_all_reduce_for_gather,GPU,1.19386e+06,1.21219e+06,18327.7
3,8,sync_5,GPU,1.21219e+06,1.21219e+06,0
3,8,sync__set,GPU,1.21219e+06,1.21219e+06,0
3,8,sync__,GPU,1.21219e+06,1.21219e+06,0
3,8,sync_6,GPU,1.21219e+06,1.21219e+06,0
3,8,sync__set,GPU,1.21219e+06,1.21219e+06,0
3,8,sync__,GPU,1.21219e+06,1.21219e+06,0
3,8,residual_2,GPU,1.21219e+06,1.21223e+06,36.1589
3,9,MoE_decoder_9,GPU,1.21223e+06,1.34691e+06,134679
3,9,input_layer_norm,GPU,1.21223e+06,1.21226e+06,36.1589
3,9,attention,GPU,1.21226e+06,1.24195e+06,29690.1
3,9,attn_qkv_proj,GPU,1.21226e+06,1.21846e+06,6193.22
3,9,Linear,GPU,1.21226e+06,1.21846e+06,6193.22
3,9,self_attention,GPU,1.21846e+06,1.21949e+06,1035.05
3,9,AttentionSplit,GPU,1.21846e+06,1.21846e+06,0
3,9,AttentionSum,Logic,1.21846e+06,1.21846e+06,0
3,9,AttentionGen,Logic,1.21846e+06,1.21949e+06,1035.05
3,9,AttentionMerge,GPU,1.21949e+06,1.21949e+06,0
3,9,attn_o_proj,GPU,1.21949e+06,1.22363e+06,4134.17
3,9,Linear,GPU,1.21949e+06,1.22363e+06,4134.17
3,9,all_reduce,GPU,1.22363e+06,1.24195e+06,18327.7
3,9,residual_1,GPU,1.24195e+06,1.24199e+06,36.1589
3,9,post_attn_layer_norm,GPU,1.24199e+06,1.24203e+06,36.1589
3,9,expertFFN,GPU,1.24203e+06,1.34687e+06,104844
3,9,sync_0,GPU,1.24203e+06,1.24203e+06,0
3,9,sync__set,GPU,1.24203e+06,1.24203e+06,0
3,9,sync__,GPU,1.24203e+06,1.24203e+06,0
3,9,gate_fn,GPU,1.24203e+06,1.24208e+06,48.2433
3,9,Linear,GPU,1.24203e+06,1.24208e+06,48.2433
3,9,gate_update,GPU,1.24208e+06,1.24208e+06,0
3,9,moe_scatter,GPU,1.24208e+06,1.24208e+06,0
3,9,sync_for_moe_scatter,GPU,1.24208e+06,1.24208e+06,0
3,9,sync__set,GPU,1.24208e+06,1.24208e+06,0
3,9,sync__,GPU,1.24208e+06,1.24208e+06,0
3,9,moe_route,GPU,1.24208e+06,1.24208e+06,0
3,9,expert_FFN_6,GPU,1.24208e+06,1.24208e+06,0
3,9,gate_proj,GPU,1.24208e+06,1.24208e+06,0
3,9,Linear,Logic,1.24208e+06,1.24208e+06,0
3,9,activation,Logic,1.24208e+06,1.24208e+06,0
3,9,up_proj,GPU,1.24208e+06,1.24208e+06,0
3,9,Linear,Logic,1.24208e+06,1.24208e+06,0
3,9,down_proj,GPU,1.24208e+06,1.24208e+06,0
3,9,Linear,Logic,1.24208e+06,1.24208e+06,0
3,9,expert_FFN_7,GPU,1.24208e+06,1.2853e+06,43221.9
3,9,gate_proj,GPU,1.24208e+06,1.25648e+06,14403.8
3,9,Linear,Logic,1.24208e+06,1.25648e+06,14403.8
3,9,activation,Logic,1.25648e+06,1.25649e+06,10.5463
3,9,up_proj,GPU,1.25649e+06,1.27089e+06,14403.8
3,9,Linear,Logic,1.25649e+06,1.27089e+06,14403.8
3,9,down_proj,GPU,1.27089e+06,1.2853e+06,14403.8
3,9,Linear,Logic,1.27089e+06,1.2853e+06,14403.8
3,9,sync_2,GPU,1.2853e+06,1.32854e+06,43246
3,9,sync__set,GPU,1.2853e+06,1.2853e+06,0
3,9,sync__,GPU,1.2853e+06,1.32854e+06,43246
3,9,moe_all_reduce_for_e_tp,GPU,1.32854e+06,1.32854e+06,0
3,9,sync_3,GPU,1.32854e+06,1.32854e+06,0
3,9,sync__set,GPU,1.32854e+06,1.32854e+06,0
3,9,sync__,GPU,1.32854e+06,1.32854e+06,0
3,9,moe_gather,GPU,1.32854e+06,1.32854e+06,0
3,9,sync_for_moe_gather,GPU,1.32854e+06,1.32854e+06,0
3,9,sync__set,GPU,1.32854e+06,1.32854e+06,0
3,9,sync__,GPU,1.32854e+06,1.32854e+06,0
3,9,moe_all_reduce_for_gather,GPU,1.32854e+06,1.34687e+06,18327.7
3,9,sync_5,GPU,1.34687e+06,1.34687e+06,0
3,9,sync__set,GPU,1.34687e+06,1.34687e+06,0
3,9,sync__,GPU,1.34687e+06,1.34687e+06,0
3,9,sync_6,GPU,1.34687e+06,1.34687e+06,0
3,9,sync__set,GPU,1.34687e+06,1.34687e+06,0
3,9,sync__,GPU,1.34687e+06,1.34687e+06,0
3,9,residual_2,GPU,1.34687e+06,1.34691e+06,36.1589
3,10,MoE_decoder_10,GPU,1.34691e+06,1.48161e+06,134703
3,10,input_layer_norm,GPU,1.34691e+06,1.34694e+06,36.1589
3,10,attention,GPU,1.34694e+06,1.37663e+06,29690.1
3,10,attn_qkv_proj,GPU,1.34694e+06,1.35314e+06,6193.22
3,10,Linear,GPU,1.34694e+06,1.35314e+06,6193.22
3,10,self_attention,GPU,1.35314e+06,1.35417e+06,1035.05
3,10,AttentionSplit,GPU,1.35314e+06,1.35314e+06,0
3,10,AttentionSum,Logic,1.35314e+06,1.35314e+06,0
3,10,AttentionGen,Logic,1.35314e+06,1.35417e+06,1035.05
3,10,AttentionMerge,GPU,1.35417e+06,1.35417e+06,0
3,10,attn_o_proj,GPU,1.35417e+06,1.35831e+06,4134.17
3,10,Linear,GPU,1.35417e+06,1.35831e+06,4134.17
3,10,all_reduce,GPU,1.35831e+06,1.37663e+06,18327.7
3,10,residual_1,GPU,1.37663e+06,1.37667e+06,36.1589
3,10,post_attn_layer_norm,GPU,1.37667e+06,1.37671e+06,36.1589
3,10,expertFFN,GPU,1.37671e+06,1.48157e+06,104868
3,10,sync_0,GPU,1.37671e+06,1.37671e+06,0
3,10,sync__set,GPU,1.37671e+06,1.37671e+06,0
3,10,sync__,GPU,1.37671e+06,1.37671e+06,0
3,10,gate_fn,GPU,1.37671e+06,1.37675e+06,48.2433
3,10,Linear,GPU,1.37671e+06,1.37675e+06,48.2433
3,10,gate_update,GPU,1.37675e+06,1.37675e+06,0
3,10,moe_scatter,GPU,1.37675e+06,1.37675e+06,0
3,10,sync_for_moe_scatter,GPU,1.37675e+06,1.37675e+06,0
3,10,sync__set,GPU,1.37675e+06,1.37675e+06,0
3,10,sync__,GPU,1.37675e+06,1.37675e+06,0
3,10,moe_route,GPU,1.37675e+06,1.37675e+06,0
3,10,expert_FFN_6,GPU,1.37675e+06,1.42e+06,43246
3,10,gate_proj,GPU,1.37675e+06,1.39116e+06,14408.3
3,10,Linear,Logic,1.37675e+06,1.39116e+06,14408.3
3,10,activation,Logic,1.39116e+06,1.39118e+06,21.0927
3,10,up_proj,GPU,1.39118e+06,1.40559e+06,14408.3
3,10,Linear,Logic,1.39118e+06,1.40559e+06,14408.3
3,10,down_proj,GPU,1.40559e+06,1.42e+06,14408.3
3,10,Linear,Logic,1.40559e+06,1.42e+06,14408.3
3,10,expert_FFN_7,GPU,1.42e+06,1.42e+06,0
3,10,gate_proj,GPU,1.42e+06,1.42e+06,0
3,10,Linear,Logic,1.42e+06,1.42e+06,0
3,10,activation,Logic,1.42e+06,1.42e+06,0
3,10,up_proj,GPU,1.42e+06,1.42e+06,0
3,10,Linear,Logic,1.42e+06,1.42e+06,0
3,10,down_proj,GPU,1.42e+06,1.42e+06,0
3,10,Linear,Logic,1.42e+06,1.42e+06,0
3,10,sync_2,GPU,1.42e+06,1.46325e+06,43246
3,10,sync__set,GPU,1.42e+06,1.42e+06,0
3,10,sync__,GPU,1.42e+06,1.46325e+06,43246
3,10,moe_all_reduce_for_e_tp,GPU,1.46325e+06,1.46325e+06,0
3,10,sync_3,GPU,1.46325e+06,1.46325e+06,0
3,10,sync__set,GPU,1.46325e+06,1.46325e+06,0
3,10,sync__,GPU,1.46325e+06,1.46325e+06,0
3,10,moe_gather,GPU,1.46325e+06,1.46325e+06,0
3,10,sync_for_moe_gather,GPU,1.46325e+06,1.46325e+06,0
3,10,sync__set,GPU,1.46325e+06,1.46325e+06,0
3,10,sync__,GPU,1.46325e+06,1.46325e+06,0
3,10,moe_all_reduce_for_gather,GPU,1.46325e+06,1.48157e+06,18327.7
3,10,sync_5,GPU,1.48157e+06,1.48157e+06,0
3,10,sync__set,GPU,1.48157e+06,1.48157e+06,0
3,10,sync__,GPU,1.48157e+06,1.48157e+06,0
3,10,sync_6,GPU,1.48157e+06,1.48157e+06,0
3,10,sync__set,GPU,1.48157e+06,1.48157e+06,0
3,10,sync__,GPU,1.48157e+06,1.48157e+06,0
3,10,residual_2,GPU,1.48157e+06,1.48161e+06,36.1589
3,11,MoE_decoder_11,GPU,1.48161e+06,1.61629e+06,134679
3,11,input_layer_norm,GPU,1.48161e+06,1.48165e+06,36.1589
3,11,attention,GPU,1.48165e+06,1.51134e+06,29690.1
3,11,attn_qkv_proj,GPU,1.48165e+06,1.48784e+06,6193.22
3,11,Linear,GPU,1.48165e+06,1.48784e+06,6193.22
3,11,self_attention,GPU,1.48784e+06,1.48887e+06,1035.05
3,11,AttentionSplit,GPU,1.48784e+06,1.48784e+06,0
3,11,AttentionSum,Logic,1.48784e+06,1.48784e+06,0
3,11,AttentionGen,Logic,1.48784e+06,1.48887e+06,1035.05
3,11,AttentionMerge,GPU,1.48887e+06,1.48887e+06,0
3,11,attn_o_proj,GPU,1.48887e+06,1.49301e+06,4134.17
3,11,Linear,GPU,1.48887e+06,1.49301e+06,4134.17
3,11,all_reduce,GPU,1.49301e+06,1.51134e+06,18327.7
3,11,residual_1,GPU,1.51134e+06,1.51137e+06,36.1589
3,11,post_attn_layer_norm,GPU,1.51137e+06,1.51141e+06,36.1589
3,11,expertFFN,GPU,1.51141e+06,1.61625e+06,104844
3,11,sync_0,GPU,1.51141e+06,1.51141e+06,0
3,11,sync__set,GPU,1.51141e+06,1.51141e+06,0
3,11,sync__,GPU,1.51141e+06,1.51141e+06,0
3,11,gate_fn,GPU,1.51141e+06,1.51146e+06,48.2433
3,11,Linear,GPU,1.51141e+06,1.51146e+06,48.2433
3,11,gate_update,GPU,1.51146e+06,1.51146e+06,0
3,11,moe_scatter,GPU,1.51146e+06,1.51146e+06,0
3,11,sync_for_moe_scatter,GPU,1.51146e+06,1.51146e+06,0
3,11,sync__set,GPU,1.51146e+06,1.51146e+06,0
3,11,sync__,GPU,1.51146e+06,1.51146e+06,0
3,11,moe_route,GPU,1.51146e+06,1.51146e+06,0
3,11,expert_FFN_6,GPU,1.51146e+06,1.5547e+06,43246
3,11,gate_proj,GPU,1.51146e+06,1.52587e+06,14408.3
3,11,Linear,Logic,1.51146e+06,1.52587e+06,14408.3
3,11,activation,Logic,1.52587e+06,1.52589e+06,21.0927
3,11,up_proj,GPU,1.52589e+06,1.54029e+06,14408.3
3,11,Linear,Logic,1.52589e+06,1.54029e+06,14408.3
3,11,down_proj,GPU,1.54029e+06,1.5547e+06,14408.3
3,11,Linear,Logic,1.54029e+06,1.5547e+06,14408.3
3,11,expert_FFN_7,GPU,1.5547e+06,1.5547e+06,0
3,11,gate_proj,GPU,1.5547e+06,1.5547e+06,0
3,11,Linear,Logic,1.5547e+06,1.5547e+06,0
3,11,activation,Logic,1.5547e+06,1.5547e+06,0
3,11,up_proj,GPU,1.5547e+06,1.5547e+06,0
3,11,Linear,Logic,1.5547e+06,1.5547e+06,0
3,11,down_proj,GPU,1.5547e+06,1.5547e+06,0
3,11,Linear,Logic,1.5547e+06,1.5547e+06,0
3,11,sync_2,GPU,1.5547e+06,1.59792e+06,43221.9
3,11,sync__set,GPU,1.5547e+06,1.5547e+06,0
3,11,sync__,GPU,1.5547e+06,1.59792e+06,43221.9
3,11,moe_all_reduce_for_e_tp,GPU,1.59792e+06,1.59792e+06,0
3,11,sync_3,GPU,1.59792e+06,1.59792e+06,0
3,11,sync__set,GPU,1.59792e+06,1.59792e+06,0
3,11,sync__,GPU,1.59792e+06,1.59792e+06,0
3,11,moe_gather,GPU,1.59792e+06,1.59792e+06,0
3,11,sync_for_moe_gather,GPU,1.59792e+06,1.59792e+06,0
3,11,sync__set,GPU,1.59792e+06,1.59792e+06,0
3,11,sync__,GPU,1.59792e+06,1.59792e+06,0
3,11,moe_all_reduce_for_gather,GPU,1.59792e+06,1.61625e+06,18327.7
3,11,sync_5,GPU,1.61625e+06,1.61625e+06,0
3,11,sync__set,GPU,1.61625e+06,1.61625e+06,0
3,11,sync__,GPU,1.61625e+06,1.61625e+06,0
3,11,sync_6,GPU,1.61625e+06,1.61625e+06,0
3,11,sync__set,GPU,1.61625e+06,1.61625e+06,0
3,11,sync__,GPU,1.61625e+06,1.61625e+06,0
3,11,residual_2,GPU,1.61625e+06,1.61629e+06,36.1589
3,12,MoE_decoder_12,GPU,1.61629e+06,1.75097e+06,134679
3,12,input_layer_norm,GPU,1.61629e+06,1.61632e+06,36.1589
3,12,attention,GPU,1.61632e+06,1.64601e+06,29690.1
3,12,attn_qkv_proj,GPU,1.61632e+06,1.62252e+06,6193.22
3,12,Linear,GPU,1.61632e+06,1.62252e+06,6193.22
3,12,self_attention,GPU,1.62252e+06,1.62355e+06,1035.05
3,12,AttentionSplit,GPU,1.62252e+06,1.62252e+06,0
3,12,AttentionSum,Logic,1.62252e+06,1.62252e+06,0
3,12,AttentionGen,Logic,1.62252e+06,1.62355e+06,1035.05
3,12,AttentionMerge,GPU,1.62355e+06,1.62355e+06,0
3,12,attn_o_proj,GPU,1.62355e+06,1.62769e+06,4134.17
3,12,Linear,GPU,1.62355e+06,1.62769e+06,4134.17
3,12,all_reduce,GPU,1.62769e+06,1.64601e+06,18327.7
3,12,residual_1,GPU,1.64601e+06,1.64605e+06,36.1589
3,12,post_attn_layer_norm,GPU,1.64605e+06,1.64609e+06,36.1589
3,12,expertFFN,GPU,1.64609e+06,1.75093e+06,104844
3,12,sync_0,GPU,1.64609e+06,1.64609e+06,0
3,12,sync__set,GPU,1.64609e+06,1.64609e+06,0
3,12,sync__,GPU,1.64609e+06,1.64609e+06,0
3,12,gate_fn,GPU,1.64609e+06,1.64614e+06,48.2433
3,12,Linear,GPU,1.64609e+06,1.64614e+06,48.2433
3,12,gate_update,GPU,1.64614e+06,1.64614e+06,0
3,12,moe_scatter,GPU,1.64614e+06,1.64614e+06,0
3,12,sync_for_moe_scatter,GPU,1.64614e+06,1.64614e+06,0
3,12,sync__set,GPU,1.64614e+06,1.64614e+06,0
3,12,sync__,GPU,1.64614e+06,1.64614e+06,0
3,12,moe_route,GPU,1.64614e+06,1.64614e+06,0
3,12,expert_FFN_6,GPU,1.64614e+06,1.68936e+06,43221.9
3,12,gate_proj,GPU,1.64614e+06,1.66054e+06,14403.8
3,12,Linear,Logic,1.64614e+06,1.66054e+06,14403.8
3,12,activation,Logic,1.66054e+06,1.66055e+06,10.5463
3,12,up_proj,GPU,1.66055e+06,1.67495e+06,14403.8
3,12,Linear,Logic,1.66055e+06,1.67495e+06,14403.8
3,12,down_proj,GPU,1.67495e+06,1.68936e+06,14403.8
3,12,Linear,Logic,1.67495e+06,1.68936e+06,14403.8
3,12,expert_FFN_7,GPU,1.68936e+06,1.68936e+06,0
3,12,gate_proj,GPU,1.68936e+06,1.68936e+06,0
3,12,Linear,Logic,1.68936e+06,1.68936e+06,0
3,12,activation,Logic,1.68936e+06,1.68936e+06,0
3,12,up_proj,GPU,1.68936e+06,1.68936e+06,0
3,12,Linear,Logic,1.68936e+06,1.68936e+06,0
3,12,down_proj,GPU,1.68936e+06,1.68936e+06,0
3,12,Linear,Logic,1.68936e+06,1.68936e+06,0
3,12,sync_2,GPU,1.68936e+06,1.7326e+06,43246
3,12,sync__set,GPU,1.68936e+06,1.68936e+06,0
3,12,sync__,GPU,1.68936e+06,1.7326e+06,43246
3,12,moe_all_reduce_for_e_tp,GPU,1.7326e+06,1.7326e+06,0
3,12,sync_3,GPU,1.7326e+06,1.7326e+06,0
3,12,sync__set,GPU,1.7326e+06,1.7326e+06,0
3,12,sync__,GPU,1.7326e+06,1.7326e+06,0
3,12,moe_gather,GPU,1.7326e+06,1.7326e+06,0
3,12,sync_for_moe_gather,GPU,1.7326e+06,1.7326e+06,0
3,12,sync__set,GPU,1.7326e+06,1.7326e+06,0
3,12,sync__,GPU,1.7326e+06,1.7326e+06,0
3,12,moe_all_reduce_for_gather,GPU,1.7326e+06,1.75093e+06,18327.7
3,12,sync_5,GPU,1.75093e+06,1.75093e+06,0
3,12,sync__set,GPU,1.75093e+06,1.75093e+06,0
3,12,sync__,GPU,1.75093e+06,1.75093e+06,0
3,12,sync_6,GPU,1.75093e+06,1.75093e+06,0
3,12,sync__set,GPU,1.75093e+06,1.75093e+06,0
3,12,sync__,GPU,1.75093e+06,1.75093e+06,0
3,12,residual_2,GPU,1.75093e+06,1.75097e+06,36.1589
3,13,MoE_decoder_13,GPU,1.75097e+06,1.88567e+06,134703
3,13,input_layer_norm,GPU,1.75097e+06,1.751e+06,36.1589
3,13,attention,GPU,1.751e+06,1.78069e+06,29690.1
3,13,attn_qkv_proj,GPU,1.751e+06,1.7572e+06,6193.22
3,13,Linear,GPU,1.751e+06,1.7572e+06,6193.22
3,13,self_attention,GPU,1.7572e+06,1.75823e+06,1035.05
3,13,AttentionSplit,GPU,1.7572e+06,1.7572e+06,0
3,13,AttentionSum,Logic,1.7572e+06,1.7572e+06,0
3,13,AttentionGen,Logic,1.7572e+06,1.75823e+06,1035.05
3,13,AttentionMerge,GPU,1.75823e+06,1.75823e+06,0
3,13,attn_o_proj,GPU,1.75823e+06,1.76237e+06,4134.17
3,13,Linear,GPU,1.75823e+06,1.76237e+06,4134.17
3,13,all_reduce,GPU,1.76237e+06,1.78069e+06,18327.7
3,13,residual_1,GPU,1.78069e+06,1.78073e+06,36.1589
3,13,post_attn_layer_norm,GPU,1.78073e+06,1.78077e+06,36.1589
3,13,expertFFN,GPU,1.78077e+06,1.88563e+06,104868
3,13,sync_0,GPU,1.78077e+06,1.78077e+06,0
3,13,sync__set,GPU,1.78077e+06,1.78077e+06,0
3,13,sync__,GPU,1.78077e+06,1.78077e+06,0
3,13,gate_fn,GPU,1.78077e+06,1.78081e+06,48.2433
3,13,Linear,GPU,1.78077e+06,1.78081e+06,48.2433
3,13,gate_update,GPU,1.78081e+06,1.78081e+06,0
3,13,moe_scatter,GPU,1.78081e+06,1.78081e+06,0
3,13,sync_for_moe_scatter,GPU,1.78081e+06,1.78081e+06,0
3,13,sync__set,GPU,1.78081e+06,1.78081e+06,0
3,13,sync__,GPU,1.78081e+06,1.78081e+06,0
3,13,moe_route,GPU,1.78081e+06,1.78081e+06,0
3,13,expert_FFN_6,GPU,1.78081e+06,1.82406e+06,43246
3,13,gate_proj,GPU,1.78081e+06,1.79522e+06,14408.3
3,13,Linear,Logic,1.78081e+06,1.79522e+06,14408.3
3,13,activation,Logic,1.79522e+06,1.79524e+06,21.0927
3,13,up_proj,GPU,1.79524e+06,1.80965e+06,14408.3
3,13,Linear,Logic,1.79524e+06,1.80965e+06,14408.3
3,13,down_proj,GPU,1.80965e+06,1.82406e+06,14408.3
3,13,Linear,Logic,1.80965e+06,1.82406e+06,14408.3
3,13,expert_FFN_7,GPU,1.82406e+06,1.86731e+06,43246
3,13,gate_proj,GPU,1.82406e+06,1.83847e+06,14408.3
3,13,Linear,Logic,1.82406e+06,1.83847e+06,14408.3
3,13,activation,Logic,1.83847e+06,1.83849e+06,21.0927
3,13,up_proj,GPU,1.83849e+06,1.8529e+06,14408.3
3,13,Linear,Logic,1.83849e+06,1.8529e+06,14408.3
3,13,down_proj,GPU,1.8529e+06,1.86731e+06,14408.3
3,13,Linear,Logic,1.8529e+06,1.86731e+06,14408.3
3,13,sync_2,GPU,1.86731e+06,1.86731e+06,0
3,13,sync__set,GPU,1.86731e+06,1.86731e+06,0
3,13,sync__,GPU,1.86731e+06,1.86731e+06,0
3,13,moe_all_reduce_for_e_tp,GPU,1.86731e+06,1.86731e+06,0
3,13,sync_3,GPU,1.86731e+06,1.86731e+06,0
3,13,sync__set,GPU,1.86731e+06,1.86731e+06,0
3,13,sync__,GPU,1.86731e+06,1.86731e+06,0
3,13,moe_gather,GPU,1.86731e+06,1.86731e+06,0
3,13,sync_for_moe_gather,GPU,1.86731e+06,1.86731e+06,0
3,13,sync__set,GPU,1.86731e+06,1.86731e+06,0
3,13,sync__,GPU,1.86731e+06,1.86731e+06,0
3,13,moe_all_reduce_for_gather,GPU,1.86731e+06,1.88563e+06,18327.7
3,13,sync_5,GPU,1.88563e+06,1.88563e+06,0
3,13,sync__set,GPU,1.88563e+06,1.88563e+06,0
3,13,sync__,GPU,1.88563e+06,1.88563e+06,0
3,13,sync_6,GPU,1.88563e+06,1.88563e+06,0
3,13,sync__set,GPU,1.88563e+06,1.88563e+06,0
3,13,sync__,GPU,1.88563e+06,1.88563e+06,0
3,13,residual_2,GPU,1.88563e+06,1.88567e+06,36.1589
3,14,MoE_decoder_14,GPU,1.88567e+06,2.02035e+06,134679
3,14,input_layer_norm,GPU,1.88567e+06,1.88571e+06,36.1589
3,14,attention,GPU,1.88571e+06,1.9154e+06,29690.1
3,14,attn_qkv_proj,GPU,1.88571e+06,1.8919e+06,6193.22
3,14,Linear,GPU,1.88571e+06,1.8919e+06,6193.22
3,14,self_attention,GPU,1.8919e+06,1.89293e+06,1035.05
3,14,AttentionSplit,GPU,1.8919e+06,1.8919e+06,0
3,14,AttentionSum,Logic,1.8919e+06,1.8919e+06,0
3,14,AttentionGen,Logic,1.8919e+06,1.89293e+06,1035.05
3,14,AttentionMerge,GPU,1.89293e+06,1.89293e+06,0
3,14,attn_o_proj,GPU,1.89293e+06,1.89707e+06,4134.17
3,14,Linear,GPU,1.89293e+06,1.89707e+06,4134.17
3,14,all_reduce,GPU,1.89707e+06,1.9154e+06,18327.7
3,14,residual_1,GPU,1.9154e+06,1.91543e+06,36.1589
3,14,post_attn_layer_norm,GPU,1.91543e+06,1.91547e+06,36.1589
3,14,expertFFN,GPU,1.91547e+06,2.02031e+06,104844
3,14,sync_0,GPU,1.91547e+06,1.91547e+06,0
3,14,sync__set,GPU,1.91547e+06,1.91547e+06,0
3,14,sync__,GPU,1.91547e+06,1.91547e+06,0
3,14,gate_fn,GPU,1.91547e+06,1.91552e+06,48.2433
3,14,Linear,GPU,1.91547e+06,1.91552e+06,48.2433
3,14,gate_update,GPU,1.91552e+06,1.91552e+06,0
3,14,moe_scatter,GPU,1.91552e+06,1.91552e+06,0
3,14,sync_for_moe_scatter,GPU,1.91552e+06,1.91552e+06,0
3,14,sync__set,GPU,1.91552e+06,1.91552e+06,0
3,14,sync__,GPU,1.91552e+06,1.91552e+06,0
3,14,moe_route,GPU,1.91552e+06,1.91552e+06,0
3,14,expert_FFN_6,GPU,1.91552e+06,1.95876e+06,43246
3,14,gate_proj,GPU,1.91552e+06,1.92993e+06,14408.3
3,14,Linear,Logic,1.91552e+06,1.92993e+06,14408.3
3,14,activation,Logic,1.92993e+06,1.92995e+06,21.0927
3,14,up_proj,GPU,1.92995e+06,1.94435e+06,14408.3
3,14,Linear,Logic,1.92995e+06,1.94435e+06,14408.3
3,14,down_proj,GPU,1.94435e+06,1.95876e+06,14408.3
3,14,Linear,Logic,1.94435e+06,1.95876e+06,14408.3
3,14,expert_FFN_7,GPU,1.95876e+06,2.00198e+06,43221.9
3,14,gate_proj,GPU,1.95876e+06,1.97317e+06,14403.8
3,14,Linear,Logic,1.95876e+06,1.97317e+06,14403.8
3,14,activation,Logic,1.97317e+06,1.97318e+06,10.5463
3,14,up_proj,GPU,1.97318e+06,1.98758e+06,14403.8
3,14,Linear,Logic,1.97318e+06,1.98758e+06,14403.8
3,14,down_proj,GPU,1.98758e+06,2.00198e+06,14403.8
3,14,Linear,Logic,1.98758e+06,2.00198e+06,14403.8
3,14,sync_2,GPU,2.00198e+06,2.00198e+06,0
3,14,sync__set,GPU,2.00198e+06,2.00198e+06,0
3,14,sync__,GPU,2.00198e+06,2.00198e+06,0
3,14,moe_all_reduce_for_e_tp,GPU,2.00198e+06,2.00198e+06,0
3,14,sync_3,GPU,2.00198e+06,2.00198e+06,0
3,14,sync__set,GPU,2.00198e+06,2.00198e+06,0
3,14,sync__,GPU,2.00198e+06,2.00198e+06,0
3,14,moe_gather,GPU,2.00198e+06,2.00198e+06,0
3,14,sync_for_moe_gather,GPU,2.00198e+06,2.00198e+06,0
3,14,sync__set,GPU,2.00198e+06,2.00198e+06,0
3,14,sync__,GPU,2.00198e+06,2.00198e+06,0
3,14,moe_all_reduce_for_gather,GPU,2.00198e+06,2.02031e+06,18327.7
3,14,sync_5,GPU,2.02031e+06,2.02031e+06,0
3,14,sync__set,GPU,2.02031e+06,2.02031e+06,0
3,14,sync__,GPU,2.02031e+06,2.02031e+06,0
3,14,sync_6,GPU,2.02031e+06,2.02031e+06,0
3,14,sync__set,GPU,2.02031e+06,2.02031e+06,0
3,14,sync__,GPU,2.02031e+06,2.02031e+06,0
3,14,residual_2,GPU,2.02031e+06,2.02035e+06,36.1589
3,15,MoE_decoder_15,GPU,2.02035e+06,2.155e+06,134655
3,15,input_layer_norm,GPU,2.02035e+06,2.02038e+06,36.1589
3,15,attention,GPU,2.02038e+06,2.05007e+06,29690.1
3,15,attn_qkv_proj,GPU,2.02038e+06,2.02658e+06,6193.22
3,15,Linear,GPU,2.02038e+06,2.02658e+06,6193.22
3,15,self_attention,GPU,2.02658e+06,2.02761e+06,1035.05
3,15,AttentionSplit,GPU,2.02658e+06,2.02658e+06,0
3,15,AttentionSum,Logic,2.02658e+06,2.02658e+06,0
3,15,AttentionGen,Logic,2.02658e+06,2.02761e+06,1035.05
3,15,AttentionMerge,GPU,2.02761e+06,2.02761e+06,0
3,15,attn_o_proj,GPU,2.02761e+06,2.03175e+06,4134.17
3,15,Linear,GPU,2.02761e+06,2.03175e+06,4134.17
3,15,all_reduce,GPU,2.03175e+06,2.05007e+06,18327.7
3,15,residual_1,GPU,2.05007e+06,2.05011e+06,36.1589
3,15,post_attn_layer_norm,GPU,2.05011e+06,2.05015e+06,36.1589
3,15,expertFFN,GPU,2.05015e+06,2.15497e+06,104820
3,15,sync_0,GPU,2.05015e+06,2.05015e+06,0
3,15,sync__set,GPU,2.05015e+06,2.05015e+06,0
3,15,sync__,GPU,2.05015e+06,2.05015e+06,0
3,15,gate_fn,GPU,2.05015e+06,2.0502e+06,48.2433
3,15,Linear,GPU,2.05015e+06,2.0502e+06,48.2433
3,15,gate_update,GPU,2.0502e+06,2.0502e+06,0
3,15,moe_scatter,GPU,2.0502e+06,2.0502e+06,0
3,15,sync_for_moe_scatter,GPU,2.0502e+06,2.0502e+06,0
3,15,sync__set,GPU,2.0502e+06,2.0502e+06,0
3,15,sync__,GPU,2.0502e+06,2.0502e+06,0
3,15,moe_route,GPU,2.0502e+06,2.0502e+06,0
3,15,expert_FFN_6,GPU,2.0502e+06,2.09349e+06,43294.3
3,15,gate_proj,GPU,2.0502e+06,2.06461e+06,14417.4
3,15,Linear,Logic,2.0502e+06,2.06461e+06,14417.4
3,15,activation,Logic,2.06461e+06,2.06465e+06,42.1854
3,15,up_proj,GPU,2.06465e+06,2.07907e+06,14417.4
3,15,Linear,Logic,2.06465e+06,2.07907e+06,14417.4
3,15,down_proj,GPU,2.07907e+06,2.09349e+06,14417.4
3,15,Linear,Logic,2.07907e+06,2.09349e+06,14417.4
3,15,expert_FFN_7,GPU,2.09349e+06,2.09349e+06,0
3,15,gate_proj,GPU,2.09349e+06,2.09349e+06,0
3,15,Linear,Logic,2.09349e+06,2.09349e+06,0
3,15,activation,Logic,2.09349e+06,2.09349e+06,0
3,15,up_proj,GPU,2.09349e+06,2.09349e+06,0
3,15,Linear,Logic,2.09349e+06,2.09349e+06,0
3,15,down_proj,GPU,2.09349e+06,2.09349e+06,0
3,15,Linear,Logic,2.09349e+06,2.09349e+06,0
3,15,sync_2,GPU,2.09349e+06,2.13664e+06,43149.6
3,15,sync__set,GPU,2.09349e+06,2.09349e+06,0
3,15,sync__,GPU,2.09349e+06,2.13664e+06,43149.6
3,15,moe_all_reduce_for_e_tp,GPU,2.13664e+06,2.13664e+06,0
3,15,sync_3,GPU,2.13664e+06,2.13664e+06,0
3,15,sync__set,GPU,2.13664e+06,2.13664e+06,0
3,15,sync__,GPU,2.13664e+06,2.13664e+06,0
3,15,moe_gather,GPU,2.13664e+06,2.13664e+06,0
3,15,sync_for_moe_gather,GPU,2.13664e+06,2.13664e+06,0
3,15,sync__set,GPU,2.13664e+06,2.13664e+06,0
3,15,sync__,GPU,2.13664e+06,2.13664e+06,0
3,15,moe_all_reduce_for_gather,GPU,2.13664e+06,2.15497e+06,18327.7
3,15,sync_5,GPU,2.15497e+06,2.15497e+06,0
3,15,sync__set,GPU,2.15497e+06,2.15497e+06,0
3,15,sync__,GPU,2.15497e+06,2.15497e+06,0
3,15,sync_6,GPU,2.15497e+06,2.15497e+06,0
3,15,sync__set,GPU,2.15497e+06,2.15497e+06,0
3,15,sync__,GPU,2.15497e+06,2.15497e+06,0
3,15,residual_2,GPU,2.15497e+06,2.155e+06,36.1589
3,16,MoE_decoder_16,GPU,2.155e+06,2.28968e+06,134679
3,16,input_layer_norm,GPU,2.155e+06,2.15504e+06,36.1589
3,16,attention,GPU,2.15504e+06,2.18473e+06,29690.1
3,16,attn_qkv_proj,GPU,2.15504e+06,2.16123e+06,6193.22
3,16,Linear,GPU,2.15504e+06,2.16123e+06,6193.22
3,16,self_attention,GPU,2.16123e+06,2.16227e+06,1035.05
3,16,AttentionSplit,GPU,2.16123e+06,2.16123e+06,0
3,16,AttentionSum,Logic,2.16123e+06,2.16123e+06,0
3,16,AttentionGen,Logic,2.16123e+06,2.16227e+06,1035.05
3,16,AttentionMerge,GPU,2.16227e+06,2.16227e+06,0
3,16,attn_o_proj,GPU,2.16227e+06,2.1664e+06,4134.17
3,16,Linear,GPU,2.16227e+06,2.1664e+06,4134.17
3,16,all_reduce,GPU,2.1664e+06,2.18473e+06,18327.7
3,16,residual_1,GPU,2.18473e+06,2.18477e+06,36.1589
3,16,post_attn_layer_norm,GPU,2.18477e+06,2.1848e+06,36.1589
3,16,expertFFN,GPU,2.1848e+06,2.28965e+06,104844
3,16,sync_0,GPU,2.1848e+06,2.1848e+06,0
3,16,sync__set,GPU,2.1848e+06,2.1848e+06,0
3,16,sync__,GPU,2.1848e+06,2.1848e+06,0
3,16,gate_fn,GPU,2.1848e+06,2.18485e+06,48.2433
3,16,Linear,GPU,2.1848e+06,2.18485e+06,48.2433
3,16,gate_update,GPU,2.18485e+06,2.18485e+06,0
3,16,moe_scatter,GPU,2.18485e+06,2.18485e+06,0
3,16,sync_for_moe_scatter,GPU,2.18485e+06,2.18485e+06,0
3,16,sync__set,GPU,2.18485e+06,2.18485e+06,0
3,16,sync__,GPU,2.18485e+06,2.18485e+06,0
3,16,moe_route,GPU,2.18485e+06,2.18485e+06,0
3,16,expert_FFN_6,GPU,2.18485e+06,2.22812e+06,43270.2
3,16,gate_proj,GPU,2.18485e+06,2.19926e+06,14412.8
3,16,Linear,Logic,2.18485e+06,2.19926e+06,14412.8
3,16,activation,Logic,2.19926e+06,2.19929e+06,31.639
3,16,up_proj,GPU,2.19929e+06,2.21371e+06,14412.8
3,16,Linear,Logic,2.19929e+06,2.21371e+06,14412.8
3,16,down_proj,GPU,2.21371e+06,2.22812e+06,14412.8
3,16,Linear,Logic,2.21371e+06,2.22812e+06,14412.8
3,16,expert_FFN_7,GPU,2.22812e+06,2.22812e+06,0
3,16,gate_proj,GPU,2.22812e+06,2.22812e+06,0
3,16,Linear,Logic,2.22812e+06,2.22812e+06,0
3,16,activation,Logic,2.22812e+06,2.22812e+06,0
3,16,up_proj,GPU,2.22812e+06,2.22812e+06,0
3,16,Linear,Logic,2.22812e+06,2.22812e+06,0
3,16,down_proj,GPU,2.22812e+06,2.22812e+06,0
3,16,Linear,Logic,2.22812e+06,2.22812e+06,0
3,16,sync_2,GPU,2.22812e+06,2.27132e+06,43197.8
3,16,sync__set,GPU,2.22812e+06,2.22812e+06,0
3,16,sync__,GPU,2.22812e+06,2.27132e+06,43197.8
3,16,moe_all_reduce_for_e_tp,GPU,2.27132e+06,2.27132e+06,0
3,16,sync_3,GPU,2.27132e+06,2.27132e+06,0
3,16,sync__set,GPU,2.27132e+06,2.27132e+06,0
3,16,sync__,GPU,2.27132e+06,2.27132e+06,0
3,16,moe_gather,GPU,2.27132e+06,2.27132e+06,0
3,16,sync_for_moe_gather,GPU,2.27132e+06,2.27132e+06,0
3,16,sync__set,GPU,2.27132e+06,2.27132e+06,0
3,16,sync__,GPU,2.27132e+06,2.27132e+06,0
3,16,moe_all_reduce_for_gather,GPU,2.27132e+06,2.28965e+06,18327.7
3,16,sync_5,GPU,2.28965e+06,2.28965e+06,0
3,16,sync__set,GPU,2.28965e+06,2.28965e+06,0
3,16,sync__,GPU,2.28965e+06,2.28965e+06,0
3,16,sync_6,GPU,2.28965e+06,2.28965e+06,0
3,16,sync__set,GPU,2.28965e+06,2.28965e+06,0
3,16,sync__,GPU,2.28965e+06,2.28965e+06,0
3,16,residual_2,GPU,2.28965e+06,2.28968e+06,36.1589
3,17,MoE_decoder_17,GPU,2.28968e+06,2.42436e+06,134679
3,17,input_layer_norm,GPU,2.28968e+06,2.28972e+06,36.1589
3,17,attention,GPU,2.28972e+06,2.31941e+06,29690.1
3,17,attn_qkv_proj,GPU,2.28972e+06,2.29591e+06,6193.22
3,17,Linear,GPU,2.28972e+06,2.29591e+06,6193.22
3,17,self_attention,GPU,2.29591e+06,2.29695e+06,1035.05
3,17,AttentionSplit,GPU,2.29591e+06,2.29591e+06,0
3,17,AttentionSum,Logic,2.29591e+06,2.29591e+06,0
3,17,AttentionGen,Logic,2.29591e+06,2.29695e+06,1035.05
3,17,AttentionMerge,GPU,2.29695e+06,2.29695e+06,0
3,17,attn_o_proj,GPU,2.29695e+06,2.30108e+06,4134.17
3,17,Linear,GPU,2.29695e+06,2.30108e+06,4134.17
3,17,all_reduce,GPU,2.30108e+06,2.31941e+06,18327.7
3,17,residual_1,GPU,2.31941e+06,2.31944e+06,36.1589
3,17,post_attn_layer_norm,GPU,2.31944e+06,2.31948e+06,36.1589
3,17,expertFFN,GPU,2.31948e+06,2.42432e+06,104844
3,17,sync_0,GPU,2.31948e+06,2.31948e+06,0
3,17,sync__set,GPU,2.31948e+06,2.31948e+06,0
3,17,sync__,GPU,2.31948e+06,2.31948e+06,0
3,17,gate_fn,GPU,2.31948e+06,2.31953e+06,48.2433
3,17,Linear,GPU,2.31948e+06,2.31953e+06,48.2433
3,17,gate_update,GPU,2.31953e+06,2.31953e+06,0
3,17,moe_scatter,GPU,2.31953e+06,2.31953e+06,0
3,17,sync_for_moe_scatter,GPU,2.31953e+06,2.31953e+06,0
3,17,sync__set,GPU,2.31953e+06,2.31953e+06,0
3,17,sync__,GPU,2.31953e+06,2.31953e+06,0
3,17,moe_route,GPU,2.31953e+06,2.31953e+06,0
3,17,expert_FFN_6,GPU,2.31953e+06,2.31953e+06,0
3,17,gate_proj,GPU,2.31953e+06,2.31953e+06,0
3,17,Linear,Logic,2.31953e+06,2.31953e+06,0
3,17,activation,Logic,2.31953e+06,2.31953e+06,0
3,17,up_proj,GPU,2.31953e+06,2.31953e+06,0
3,17,Linear,Logic,2.31953e+06,2.31953e+06,0
3,17,down_proj,GPU,2.31953e+06,2.31953e+06,0
3,17,Linear,Logic,2.31953e+06,2.31953e+06,0
3,17,expert_FFN_7,GPU,2.31953e+06,2.36275e+06,43221.9
3,17,gate_proj,GPU,2.31953e+06,2.33393e+06,14403.8
3,17,Linear,Logic,2.31953e+06,2.33393e+06,14403.8
3,17,activation,Logic,2.33393e+06,2.33394e+06,10.5463
3,17,up_proj,GPU,2.33394e+06,2.34835e+06,14403.8
3,17,Linear,Logic,2.33394e+06,2.34835e+06,14403.8
3,17,down_proj,GPU,2.34835e+06,2.36275e+06,14403.8
3,17,Linear,Logic,2.34835e+06,2.36275e+06,14403.8
3,17,sync_2,GPU,2.36275e+06,2.406e+06,43246
3,17,sync__set,GPU,2.36275e+06,2.36275e+06,0
3,17,sync__,GPU,2.36275e+06,2.406e+06,43246
3,17,moe_all_reduce_for_e_tp,GPU,2.406e+06,2.406e+06,0
3,17,sync_3,GPU,2.406e+06,2.406e+06,0
3,17,sync__set,GPU,2.406e+06,2.406e+06,0
3,17,sync__,GPU,2.406e+06,2.406e+06,0
3,17,moe_gather,GPU,2.406e+06,2.406e+06,0
3,17,sync_for_moe_gather,GPU,2.406e+06,2.406e+06,0
3,17,sync__set,GPU,2.406e+06,2.406e+06,0
3,17,sync__,GPU,2.406e+06,2.406e+06,0
3,17,moe_all_reduce_for_gather,GPU,2.406e+06,2.42432e+06,18327.7
3,17,sync_5,GPU,2.42432e+06,2.42432e+06,0
3,17,sync__set,GPU,2.42432e+06,2.42432e+06,0
3,17,sync__,GPU,2.42432e+06,2.42432e+06,0
3,17,sync_6,GPU,2.42432e+06,2.42432e+06,0
3,17,sync__set,GPU,2.42432e+06,2.42432e+06,0
3,17,sync__,GPU,2.42432e+06,2.42432e+06,0
3,17,residual_2,GPU,2.42432e+06,2.42436e+06,36.1589
3,18,MoE_decoder_18,GPU,2.42436e+06,2.55906e+06,134703
3,18,input_layer_norm,GPU,2.42436e+06,2.4244e+06,36.1589
3,18,attention,GPU,2.4244e+06,2.45409e+06,29690.1
3,18,attn_qkv_proj,GPU,2.4244e+06,2.43059e+06,6193.22
3,18,Linear,GPU,2.4244e+06,2.43059e+06,6193.22
3,18,self_attention,GPU,2.43059e+06,2.43162e+06,1035.05
3,18,AttentionSplit,GPU,2.43059e+06,2.43059e+06,0
3,18,AttentionSum,Logic,2.43059e+06,2.43059e+06,0
3,18,AttentionGen,Logic,2.43059e+06,2.43162e+06,1035.05
3,18,AttentionMerge,GPU,2.43162e+06,2.43162e+06,0
3,18,attn_o_proj,GPU,2.43162e+06,2.43576e+06,4134.17
3,18,Linear,GPU,2.43162e+06,2.43576e+06,4134.17
3,18,all_reduce,GPU,2.43576e+06,2.45409e+06,18327.7
3,18,residual_1,GPU,2.45409e+06,2.45412e+06,36.1589
3,18,post_attn_layer_norm,GPU,2.45412e+06,2.45416e+06,36.1589
3,18,expertFFN,GPU,2.45416e+06,2.55903e+06,104868
3,18,sync_0,GPU,2.45416e+06,2.45416e+06,0
3,18,sync__set,GPU,2.45416e+06,2.45416e+06,0
3,18,sync__,GPU,2.45416e+06,2.45416e+06,0
3,18,gate_fn,GPU,2.45416e+06,2.45421e+06,48.2433
3,18,Linear,GPU,2.45416e+06,2.45421e+06,48.2433
3,18,gate_update,GPU,2.45421e+06,2.45421e+06,0
3,18,moe_scatter,GPU,2.45421e+06,2.45421e+06,0
3,18,sync_for_moe_scatter,GPU,2.45421e+06,2.45421e+06,0
3,18,sync__set,GPU,2.45421e+06,2.45421e+06,0
3,18,sync__,GPU,2.45421e+06,2.45421e+06,0
3,18,moe_route,GPU,2.45421e+06,2.45421e+06,0
3,18,expert_FFN_6,GPU,2.45421e+06,2.45421e+06,0
3,18,gate_proj,GPU,2.45421e+06,2.45421e+06,0
3,18,Linear,Logic,2.45421e+06,2.45421e+06,0
3,18,activation,Logic,2.45421e+06,2.45421e+06,0
3,18,up_proj,GPU,2.45421e+06,2.45421e+06,0
3,18,Linear,Logic,2.45421e+06,2.45421e+06,0
3,18,down_proj,GPU,2.45421e+06,2.45421e+06,0
3,18,Linear,Logic,2.45421e+06,2.45421e+06,0
3,18,expert_FFN_7,GPU,2.45421e+06,2.45421e+06,0
3,18,gate_proj,GPU,2.45421e+06,2.45421e+06,0
3,18,Linear,Logic,2.45421e+06,2.45421e+06,0
3,18,activation,Logic,2.45421e+06,2.45421e+06,0
3,18,up_proj,GPU,2.45421e+06,2.45421e+06,0
3,18,Linear,Logic,2.45421e+06,2.45421e+06,0
3,18,down_proj,GPU,2.45421e+06,2.45421e+06,0
3,18,Linear,Logic,2.45421e+06,2.45421e+06,0
3,18,sync_2,GPU,2.45421e+06,2.5407e+06,86492.1
3,18,sync__set,GPU,2.45421e+06,2.45421e+06,0
3,18,sync__,GPU,2.45421e+06,2.5407e+06,86492.1
3,18,moe_all_reduce_for_e_tp,GPU,2.5407e+06,2.5407e+06,0
3,18,sync_3,GPU,2.5407e+06,2.5407e+06,0
3,18,sync__set,GPU,2.5407e+06,2.5407e+06,0
3,18,sync__,GPU,2.5407e+06,2.5407e+06,0
3,18,moe_gather,GPU,2.5407e+06,2.5407e+06,0
3,18,sync_for_moe_gather,GPU,2.5407e+06,2.5407e+06,0
3,18,sync__set,GPU,2.5407e+06,2.5407e+06,0
3,18,sync__,GPU,2.5407e+06,2.5407e+06,0
3,18,moe_all_reduce_for_gather,GPU,2.5407e+06,2.55903e+06,18327.7
3,18,sync_5,GPU,2.55903e+06,2.55903e+06,0
3,18,sync__set,GPU,2.55903e+06,2.55903e+06,0
3,18,sync__,GPU,2.55903e+06,2.55903e+06,0
3,18,sync_6,GPU,2.55903e+06,2.55903e+06,0
3,18,sync__set,GPU,2.55903e+06,2.55903e+06,0
3,18,sync__,GPU,2.55903e+06,2.55903e+06,0
3,18,residual_2,GPU,2.55903e+06,2.55906e+06,36.1589
3,19,MoE_decoder_19,GPU,2.55906e+06,2.65054e+06,91480.8
3,19,input_layer_norm,GPU,2.55906e+06,2.5591e+06,36.1589
3,19,attention,GPU,2.5591e+06,2.58879e+06,29690.1
3,19,attn_qkv_proj,GPU,2.5591e+06,2.56529e+06,6193.22
3,19,Linear,GPU,2.5591e+06,2.56529e+06,6193.22
3,19,self_attention,GPU,2.56529e+06,2.56633e+06,1035.05
3,19,AttentionSplit,GPU,2.56529e+06,2.56529e+06,0
3,19,AttentionSum,Logic,2.56529e+06,2.56529e+06,0
3,19,AttentionGen,Logic,2.56529e+06,2.56633e+06,1035.05
3,19,AttentionMerge,GPU,2.56633e+06,2.56633e+06,0
3,19,attn_o_proj,GPU,2.56633e+06,2.57046e+06,4134.17
3,19,Linear,GPU,2.56633e+06,2.57046e+06,4134.17
3,19,all_reduce,GPU,2.57046e+06,2.58879e+06,18327.7
3,19,residual_1,GPU,2.58879e+06,2.58883e+06,36.1589
3,19,post_attn_layer_norm,GPU,2.58883e+06,2.58886e+06,36.1589
3,19,expertFFN,GPU,2.58886e+06,2.65051e+06,61646.1
3,19,sync_0,GPU,2.58886e+06,2.58886e+06,0
3,19,sync__set,GPU,2.58886e+06,2.58886e+06,0
3,19,sync__,GPU,2.58886e+06,2.58886e+06,0
3,19,gate_fn,GPU,2.58886e+06,2.58891e+06,48.2433
3,19,Linear,GPU,2.58886e+06,2.58891e+06,48.2433
3,19,gate_update,GPU,2.58891e+06,2.58891e+06,0
3,19,moe_scatter,GPU,2.58891e+06,2.58891e+06,0
3,19,sync_for_moe_scatter,GPU,2.58891e+06,2.58891e+06,0
3,19,sync__set,GPU,2.58891e+06,2.58891e+06,0
3,19,sync__,GPU,2.58891e+06,2.58891e+06,0
3,19,moe_route,GPU,2.58891e+06,2.58891e+06,0
3,19,expert_FFN_6,GPU,2.58891e+06,2.63216e+06,43246
3,19,gate_proj,GPU,2.58891e+06,2.60332e+06,14408.3
3,19,Linear,Logic,2.58891e+06,2.60332e+06,14408.3
3,19,activation,Logic,2.60332e+06,2.60334e+06,21.0927
3,19,up_proj,GPU,2.60334e+06,2.61775e+06,14408.3
3,19,Linear,Logic,2.60334e+06,2.61775e+06,14408.3
3,19,down_proj,GPU,2.61775e+06,2.63216e+06,14408.3
3,19,Linear,Logic,2.61775e+06,2.63216e+06,14408.3
3,19,expert_FFN_7,GPU,2.63216e+06,2.63216e+06,0
3,19,gate_proj,GPU,2.63216e+06,2.63216e+06,0
3,19,Linear,Logic,2.63216e+06,2.63216e+06,0
3,19,activation,Logic,2.63216e+06,2.63216e+06,0
3,19,up_proj,GPU,2.63216e+06,2.63216e+06,0
3,19,Linear,Logic,2.63216e+06,2.63216e+06,0
3,19,down_proj,GPU,2.63216e+06,2.63216e+06,0
3,19,Linear,Logic,2.63216e+06,2.63216e+06,0
3,19,sync_2,GPU,2.63216e+06,2.63218e+06,24.1059
3,19,sync__set,GPU,2.63216e+06,2.63216e+06,0
3,19,sync__,GPU,2.63216e+06,2.63218e+06,24.1059
3,19,moe_all_reduce_for_e_tp,GPU,2.63218e+06,2.63218e+06,0
3,19,sync_3,GPU,2.63218e+06,2.63218e+06,0
3,19,sync__set,GPU,2.63218e+06,2.63218e+06,0
3,19,sync__,GPU,2.63218e+06,2.63218e+06,0
3,19,moe_gather,GPU,2.63218e+06,2.63218e+06,0
3,19,sync_for_moe_gather,GPU,2.63218e+06,2.63218e+06,0
3,19,sync__set,GPU,2.63218e+06,2.63218e+06,0
3,19,sync__,GPU,2.63218e+06,2.63218e+06,0
3,19,moe_all_reduce_for_gather,GPU,2.63218e+06,2.65051e+06,18327.7
3,19,sync_5,GPU,2.65051e+06,2.65051e+06,0
3,19,sync__set,GPU,2.65051e+06,2.65051e+06,0
3,19,sync__,GPU,2.65051e+06,2.65051e+06,0
3,19,sync_6,GPU,2.65051e+06,2.65051e+06,0
3,19,sync__set,GPU,2.65051e+06,2.65051e+06,0
3,19,sync__,GPU,2.65051e+06,2.65051e+06,0
3,19,residual_2,GPU,2.65051e+06,2.65054e+06,36.1589
3,20,MoE_decoder_20,GPU,2.65054e+06,2.78522e+06,134679
3,20,input_layer_norm,GPU,2.65054e+06,2.65058e+06,36.1589
3,20,attention,GPU,2.65058e+06,2.68027e+06,29690.1
3,20,attn_qkv_proj,GPU,2.65058e+06,2.65677e+06,6193.22
3,20,Linear,GPU,2.65058e+06,2.65677e+06,6193.22
3,20,self_attention,GPU,2.65677e+06,2.65781e+06,1035.05
3,20,AttentionSplit,GPU,2.65677e+06,2.65677e+06,0
3,20,AttentionSum,Logic,2.65677e+06,2.65677e+06,0
3,20,AttentionGen,Logic,2.65677e+06,2.65781e+06,1035.05
3,20,AttentionMerge,GPU,2.65781e+06,2.65781e+06,0
3,20,attn_o_proj,GPU,2.65781e+06,2.66194e+06,4134.17
3,20,Linear,GPU,2.65781e+06,2.66194e+06,4134.17
3,20,all_reduce,GPU,2.66194e+06,2.68027e+06,18327.7
3,20,residual_1,GPU,2.68027e+06,2.68031e+06,36.1589
3,20,post_attn_layer_norm,GPU,2.68031e+06,2.68034e+06,36.1589
3,20,expertFFN,GPU,2.68034e+06,2.78519e+06,104844
3,20,sync_0,GPU,2.68034e+06,2.68034e+06,0
3,20,sync__set,GPU,2.68034e+06,2.68034e+06,0
3,20,sync__,GPU,2.68034e+06,2.68034e+06,0
3,20,gate_fn,GPU,2.68034e+06,2.68039e+06,48.2433
3,20,Linear,GPU,2.68034e+06,2.68039e+06,48.2433
3,20,gate_update,GPU,2.68039e+06,2.68039e+06,0
3,20,moe_scatter,GPU,2.68039e+06,2.68039e+06,0
3,20,sync_for_moe_scatter,GPU,2.68039e+06,2.68039e+06,0
3,20,sync__set,GPU,2.68039e+06,2.68039e+06,0
3,20,sync__,GPU,2.68039e+06,2.68039e+06,0
3,20,moe_route,GPU,2.68039e+06,2.68039e+06,0
3,20,expert_FFN_6,GPU,2.68039e+06,2.72361e+06,43221.9
3,20,gate_proj,GPU,2.68039e+06,2.69479e+06,14403.8
3,20,Linear,Logic,2.68039e+06,2.69479e+06,14403.8
3,20,activation,Logic,2.69479e+06,2.69481e+06,10.5463
3,20,up_proj,GPU,2.69481e+06,2.70921e+06,14403.8
3,20,Linear,Logic,2.69481e+06,2.70921e+06,14403.8
3,20,down_proj,GPU,2.70921e+06,2.72361e+06,14403.8
3,20,Linear,Logic,2.70921e+06,2.72361e+06,14403.8
3,20,expert_FFN_7,GPU,2.72361e+06,2.76686e+06,43246
3,20,gate_proj,GPU,2.72361e+06,2.73802e+06,14408.3
3,20,Linear,Logic,2.72361e+06,2.73802e+06,14408.3
3,20,activation,Logic,2.73802e+06,2.73804e+06,21.0927
3,20,up_proj,GPU,2.73804e+06,2.75245e+06,14408.3
3,20,Linear,Logic,2.73804e+06,2.75245e+06,14408.3
3,20,down_proj,GPU,2.75245e+06,2.76686e+06,14408.3
3,20,Linear,Logic,2.75245e+06,2.76686e+06,14408.3
3,20,sync_2,GPU,2.76686e+06,2.76686e+06,0
3,20,sync__set,GPU,2.76686e+06,2.76686e+06,0
3,20,sync__,GPU,2.76686e+06,2.76686e+06,0
3,20,moe_all_reduce_for_e_tp,GPU,2.76686e+06,2.76686e+06,0
3,20,sync_3,GPU,2.76686e+06,2.76686e+06,0
3,20,sync__set,GPU,2.76686e+06,2.76686e+06,0
3,20,sync__,GPU,2.76686e+06,2.76686e+06,0
3,20,moe_gather,GPU,2.76686e+06,2.76686e+06,0
3,20,sync_for_moe_gather,GPU,2.76686e+06,2.76686e+06,0
3,20,sync__set,GPU,2.76686e+06,2.76686e+06,0
3,20,sync__,GPU,2.76686e+06,2.76686e+06,0
3,20,moe_all_reduce_for_gather,GPU,2.76686e+06,2.78519e+06,18327.7
3,20,sync_5,GPU,2.78519e+06,2.78519e+06,0
3,20,sync__set,GPU,2.78519e+06,2.78519e+06,0
3,20,sync__,GPU,2.78519e+06,2.78519e+06,0
3,20,sync_6,GPU,2.78519e+06,2.78519e+06,0
3,20,sync__set,GPU,2.78519e+06,2.78519e+06,0
3,20,sync__,GPU,2.78519e+06,2.78519e+06,0
3,20,residual_2,GPU,2.78519e+06,2.78522e+06,36.1589
3,21,MoE_decoder_21,GPU,2.78522e+06,2.91995e+06,134727
3,21,input_layer_norm,GPU,2.78522e+06,2.78526e+06,36.1589
3,21,attention,GPU,2.78526e+06,2.81495e+06,29690.1
3,21,attn_qkv_proj,GPU,2.78526e+06,2.79145e+06,6193.22
3,21,Linear,GPU,2.78526e+06,2.79145e+06,6193.22
3,21,self_attention,GPU,2.79145e+06,2.79249e+06,1035.05
3,21,AttentionSplit,GPU,2.79145e+06,2.79145e+06,0
3,21,AttentionSum,Logic,2.79145e+06,2.79145e+06,0
3,21,AttentionGen,Logic,2.79145e+06,2.79249e+06,1035.05
3,21,AttentionMerge,GPU,2.79249e+06,2.79249e+06,0
3,21,attn_o_proj,GPU,2.79249e+06,2.79662e+06,4134.17
3,21,Linear,GPU,2.79249e+06,2.79662e+06,4134.17
3,21,all_reduce,GPU,2.79662e+06,2.81495e+06,18327.7
3,21,residual_1,GPU,2.81495e+06,2.81499e+06,36.1589
3,21,post_attn_layer_norm,GPU,2.81499e+06,2.81502e+06,36.1589
3,21,expertFFN,GPU,2.81502e+06,2.91991e+06,104892
3,21,sync_0,GPU,2.81502e+06,2.81502e+06,0
3,21,sync__set,GPU,2.81502e+06,2.81502e+06,0
3,21,sync__,GPU,2.81502e+06,2.81502e+06,0
3,21,gate_fn,GPU,2.81502e+06,2.81507e+06,48.2433
3,21,Linear,GPU,2.81502e+06,2.81507e+06,48.2433
3,21,gate_update,GPU,2.81507e+06,2.81507e+06,0
3,21,moe_scatter,GPU,2.81507e+06,2.81507e+06,0
3,21,sync_for_moe_scatter,GPU,2.81507e+06,2.81507e+06,0
3,21,sync__set,GPU,2.81507e+06,2.81507e+06,0
3,21,sync__,GPU,2.81507e+06,2.81507e+06,0
3,21,moe_route,GPU,2.81507e+06,2.81507e+06,0
3,21,expert_FFN_6,GPU,2.81507e+06,2.85829e+06,43221.9
3,21,gate_proj,GPU,2.81507e+06,2.82947e+06,14403.8
3,21,Linear,Logic,2.81507e+06,2.82947e+06,14403.8
3,21,activation,Logic,2.82947e+06,2.82948e+06,10.5463
3,21,up_proj,GPU,2.82948e+06,2.84389e+06,14403.8
3,21,Linear,Logic,2.82948e+06,2.84389e+06,14403.8
3,21,down_proj,GPU,2.84389e+06,2.85829e+06,14403.8
3,21,Linear,Logic,2.84389e+06,2.85829e+06,14403.8
3,21,expert_FFN_7,GPU,2.85829e+06,2.85829e+06,0
3,21,gate_proj,GPU,2.85829e+06,2.85829e+06,0
3,21,Linear,Logic,2.85829e+06,2.85829e+06,0
3,21,activation,Logic,2.85829e+06,2.85829e+06,0
3,21,up_proj,GPU,2.85829e+06,2.85829e+06,0
3,21,Linear,Logic,2.85829e+06,2.85829e+06,0
3,21,down_proj,GPU,2.85829e+06,2.85829e+06,0
3,21,Linear,Logic,2.85829e+06,2.85829e+06,0
3,21,sync_2,GPU,2.85829e+06,2.90159e+06,43294.3
3,21,sync__set,GPU,2.85829e+06,2.85829e+06,0
3,21,sync__,GPU,2.85829e+06,2.90159e+06,43294.3
3,21,moe_all_reduce_for_e_tp,GPU,2.90159e+06,2.90159e+06,0
3,21,sync_3,GPU,2.90159e+06,2.90159e+06,0
3,21,sync__set,GPU,2.90159e+06,2.90159e+06,0
3,21,sync__,GPU,2.90159e+06,2.90159e+06,0
3,21,moe_gather,GPU,2.90159e+06,2.90159e+06,0
3,21,sync_for_moe_gather,GPU,2.90159e+06,2.90159e+06,0
3,21,sync__set,GPU,2.90159e+06,2.90159e+06,0
3,21,sync__,GPU,2.90159e+06,2.90159e+06,0
3,21,moe_all_reduce_for_gather,GPU,2.90159e+06,2.91991e+06,18327.7
3,21,sync_5,GPU,2.91991e+06,2.91991e+06,0
3,21,sync__set,GPU,2.91991e+06,2.91991e+06,0
3,21,sync__,GPU,2.91991e+06,2.91991e+06,0
3,21,sync_6,GPU,2.91991e+06,2.91991e+06,0
3,21,sync__set,GPU,2.91991e+06,2.91991e+06,0
3,21,sync__,GPU,2.91991e+06,2.91991e+06,0
3,21,residual_2,GPU,2.91991e+06,2.91995e+06,36.1589
3,22,MoE_decoder_22,GPU,2.91995e+06,3.01143e+06,91480.8
3,22,input_layer_norm,GPU,2.91995e+06,2.91999e+06,36.1589
3,22,attention,GPU,2.91999e+06,2.94968e+06,29690.1
3,22,attn_qkv_proj,GPU,2.91999e+06,2.92618e+06,6193.22
3,22,Linear,GPU,2.91999e+06,2.92618e+06,6193.22
3,22,self_attention,GPU,2.92618e+06,2.92721e+06,1035.05
3,22,AttentionSplit,GPU,2.92618e+06,2.92618e+06,0
3,22,AttentionSum,Logic,2.92618e+06,2.92618e+06,0
3,22,AttentionGen,Logic,2.92618e+06,2.92721e+06,1035.05
3,22,AttentionMerge,GPU,2.92721e+06,2.92721e+06,0
3,22,attn_o_proj,GPU,2.92721e+06,2.93135e+06,4134.17
3,22,Linear,GPU,2.92721e+06,2.93135e+06,4134.17
3,22,all_reduce,GPU,2.93135e+06,2.94968e+06,18327.7
3,22,residual_1,GPU,2.94968e+06,2.94971e+06,36.1589
3,22,post_attn_layer_norm,GPU,2.94971e+06,2.94975e+06,36.1589
3,22,expertFFN,GPU,2.94975e+06,3.01139e+06,61646.1
3,22,sync_0,GPU,2.94975e+06,2.94975e+06,0
3,22,sync__set,GPU,2.94975e+06,2.94975e+06,0
3,22,sync__,GPU,2.94975e+06,2.94975e+06,0
3,22,gate_fn,GPU,2.94975e+06,2.9498e+06,48.2433
3,22,Linear,GPU,2.94975e+06,2.9498e+06,48.2433
3,22,gate_update,GPU,2.9498e+06,2.9498e+06,0
3,22,moe_scatter,GPU,2.9498e+06,2.9498e+06,0
3,22,sync_for_moe_scatter,GPU,2.9498e+06,2.9498e+06,0
3,22,sync__set,GPU,2.9498e+06,2.9498e+06,0
3,22,sync__,GPU,2.9498e+06,2.9498e+06,0
3,22,moe_route,GPU,2.9498e+06,2.9498e+06,0
3,22,expert_FFN_6,GPU,2.9498e+06,2.99302e+06,43221.9
3,22,gate_proj,GPU,2.9498e+06,2.9642e+06,14403.8
3,22,Linear,Logic,2.9498e+06,2.9642e+06,14403.8
3,22,activation,Logic,2.9642e+06,2.96421e+06,10.5463
3,22,up_proj,GPU,2.96421e+06,2.97861e+06,14403.8
3,22,Linear,Logic,2.96421e+06,2.97861e+06,14403.8
3,22,down_proj,GPU,2.97861e+06,2.99302e+06,14403.8
3,22,Linear,Logic,2.97861e+06,2.99302e+06,14403.8
3,22,expert_FFN_7,GPU,2.99302e+06,2.99302e+06,0
3,22,gate_proj,GPU,2.99302e+06,2.99302e+06,0
3,22,Linear,Logic,2.99302e+06,2.99302e+06,0
3,22,activation,Logic,2.99302e+06,2.99302e+06,0
3,22,up_proj,GPU,2.99302e+06,2.99302e+06,0
3,22,Linear,Logic,2.99302e+06,2.99302e+06,0
3,22,down_proj,GPU,2.99302e+06,2.99302e+06,0
3,22,Linear,Logic,2.99302e+06,2.99302e+06,0
3,22,sync_2,GPU,2.99302e+06,2.99307e+06,48.2119
3,22,sync__set,GPU,2.99302e+06,2.99302e+06,0
3,22,sync__,GPU,2.99302e+06,2.99307e+06,48.2119
3,22,moe_all_reduce_for_e_tp,GPU,2.99307e+06,2.99307e+06,0
3,22,sync_3,GPU,2.99307e+06,2.99307e+06,0
3,22,sync__set,GPU,2.99307e+06,2.99307e+06,0
3,22,sync__,GPU,2.99307e+06,2.99307e+06,0
3,22,moe_gather,GPU,2.99307e+06,2.99307e+06,0
3,22,sync_for_moe_gather,GPU,2.99307e+06,2.99307e+06,0
3,22,sync__set,GPU,2.99307e+06,2.99307e+06,0
3,22,sync__,GPU,2.99307e+06,2.99307e+06,0
3,22,moe_all_reduce_for_gather,GPU,2.99307e+06,3.01139e+06,18327.7
3,22,sync_5,GPU,3.01139e+06,3.01139e+06,0
3,22,sync__set,GPU,3.01139e+06,3.01139e+06,0
3,22,sync__,GPU,3.01139e+06,3.01139e+06,0
3,22,sync_6,GPU,3.01139e+06,3.01139e+06,0
3,22,sync__set,GPU,3.01139e+06,3.01139e+06,0
3,22,sync__,GPU,3.01139e+06,3.01139e+06,0
3,22,residual_2,GPU,3.01139e+06,3.01143e+06,36.1589
3,23,MoE_decoder_23,GPU,3.01143e+06,3.14611e+06,134679
3,23,input_layer_norm,GPU,3.01143e+06,3.01147e+06,36.1589
3,23,attention,GPU,3.01147e+06,3.04116e+06,29690.1
3,23,attn_qkv_proj,GPU,3.01147e+06,3.01766e+06,6193.22
3,23,Linear,GPU,3.01147e+06,3.01766e+06,6193.22
3,23,self_attention,GPU,3.01766e+06,3.01869e+06,1035.05
3,23,AttentionSplit,GPU,3.01766e+06,3.01766e+06,0
3,23,AttentionSum,Logic,3.01766e+06,3.01766e+06,0
3,23,AttentionGen,Logic,3.01766e+06,3.01869e+06,1035.05
3,23,AttentionMerge,GPU,3.01869e+06,3.01869e+06,0
3,23,attn_o_proj,GPU,3.01869e+06,3.02283e+06,4134.17
3,23,Linear,GPU,3.01869e+06,3.02283e+06,4134.17
3,23,all_reduce,GPU,3.02283e+06,3.04116e+06,18327.7
3,23,residual_1,GPU,3.04116e+06,3.04119e+06,36.1589
3,23,post_attn_layer_norm,GPU,3.04119e+06,3.04123e+06,36.1589
3,23,expertFFN,GPU,3.04123e+06,3.14607e+06,104844
3,23,sync_0,GPU,3.04123e+06,3.04123e+06,0
3,23,sync__set,GPU,3.04123e+06,3.04123e+06,0
3,23,sync__,GPU,3.04123e+06,3.04123e+06,0
3,23,gate_fn,GPU,3.04123e+06,3.04128e+06,48.2433
3,23,Linear,GPU,3.04123e+06,3.04128e+06,48.2433
3,23,gate_update,GPU,3.04128e+06,3.04128e+06,0
3,23,moe_scatter,GPU,3.04128e+06,3.04128e+06,0
3,23,sync_for_moe_scatter,GPU,3.04128e+06,3.04128e+06,0
3,23,sync__set,GPU,3.04128e+06,3.04128e+06,0
3,23,sync__,GPU,3.04128e+06,3.04128e+06,0
3,23,moe_route,GPU,3.04128e+06,3.04128e+06,0
3,23,expert_FFN_6,GPU,3.04128e+06,3.0845e+06,43221.9
3,23,gate_proj,GPU,3.04128e+06,3.05568e+06,14403.8
3,23,Linear,Logic,3.04128e+06,3.05568e+06,14403.8
3,23,activation,Logic,3.05568e+06,3.05569e+06,10.5463
3,23,up_proj,GPU,3.05569e+06,3.0701e+06,14403.8
3,23,Linear,Logic,3.05569e+06,3.0701e+06,14403.8
3,23,down_proj,GPU,3.0701e+06,3.0845e+06,14403.8
3,23,Linear,Logic,3.0701e+06,3.0845e+06,14403.8
3,23,expert_FFN_7,GPU,3.0845e+06,3.12772e+06,43221.9
3,23,gate_proj,GPU,3.0845e+06,3.0989e+06,14403.8
3,23,Linear,Logic,3.0845e+06,3.0989e+06,14403.8
3,23,activation,Logic,3.0989e+06,3.09891e+06,10.5463
3,23,up_proj,GPU,3.09891e+06,3.11332e+06,14403.8
3,23,Linear,Logic,3.09891e+06,3.11332e+06,14403.8
3,23,down_proj,GPU,3.11332e+06,3.12772e+06,14403.8
3,23,Linear,Logic,3.11332e+06,3.12772e+06,14403.8
3,23,sync_2,GPU,3.12772e+06,3.12775e+06,24.1059
3,23,sync__set,GPU,3.12772e+06,3.12772e+06,0
3,23,sync__,GPU,3.12772e+06,3.12775e+06,24.1059
3,23,moe_all_reduce_for_e_tp,GPU,3.12775e+06,3.12775e+06,0
3,23,sync_3,GPU,3.12775e+06,3.12775e+06,0
3,23,sync__set,GPU,3.12775e+06,3.12775e+06,0
3,23,sync__,GPU,3.12775e+06,3.12775e+06,0
3,23,moe_gather,GPU,3.12775e+06,3.12775e+06,0
3,23,sync_for_moe_gather,GPU,3.12775e+06,3.12775e+06,0
3,23,sync__set,GPU,3.12775e+06,3.12775e+06,0
3,23,sync__,GPU,3.12775e+06,3.12775e+06,0
3,23,moe_all_reduce_for_gather,GPU,3.12775e+06,3.14607e+06,18327.7
3,23,sync_5,GPU,3.14607e+06,3.14607e+06,0
3,23,sync__set,GPU,3.14607e+06,3.14607e+06,0
3,23,sync__,GPU,3.14607e+06,3.14607e+06,0
3,23,sync_6,GPU,3.14607e+06,3.14607e+06,0
3,23,sync__set,GPU,3.14607e+06,3.14607e+06,0
3,23,sync__,GPU,3.14607e+06,3.14607e+06,0
3,23,residual_2,GPU,3.14607e+06,3.14611e+06,36.1589
3,24,MoE_decoder_24,GPU,3.14611e+06,3.28079e+06,134679
3,24,input_layer_norm,GPU,3.14611e+06,3.14615e+06,36.1589
3,24,attention,GPU,3.14615e+06,3.17584e+06,29690.1
3,24,attn_qkv_proj,GPU,3.14615e+06,3.15234e+06,6193.22
3,24,Linear,GPU,3.14615e+06,3.15234e+06,6193.22
3,24,self_attention,GPU,3.15234e+06,3.15337e+06,1035.05
3,24,AttentionSplit,GPU,3.15234e+06,3.15234e+06,0
3,24,AttentionSum,Logic,3.15234e+06,3.15234e+06,0
3,24,AttentionGen,Logic,3.15234e+06,3.15337e+06,1035.05
3,24,AttentionMerge,GPU,3.15337e+06,3.15337e+06,0
3,24,attn_o_proj,GPU,3.15337e+06,3.15751e+06,4134.17
3,24,Linear,GPU,3.15337e+06,3.15751e+06,4134.17
3,24,all_reduce,GPU,3.15751e+06,3.17584e+06,18327.7
3,24,residual_1,GPU,3.17584e+06,3.17587e+06,36.1589
3,24,post_attn_layer_norm,GPU,3.17587e+06,3.17591e+06,36.1589
3,24,expertFFN,GPU,3.17591e+06,3.28075e+06,104844
3,24,sync_0,GPU,3.17591e+06,3.17591e+06,0
3,24,sync__set,GPU,3.17591e+06,3.17591e+06,0
3,24,sync__,GPU,3.17591e+06,3.17591e+06,0
3,24,gate_fn,GPU,3.17591e+06,3.17596e+06,48.2433
3,24,Linear,GPU,3.17591e+06,3.17596e+06,48.2433
3,24,gate_update,GPU,3.17596e+06,3.17596e+06,0
3,24,moe_scatter,GPU,3.17596e+06,3.17596e+06,0
3,24,sync_for_moe_scatter,GPU,3.17596e+06,3.17596e+06,0
3,24,sync__set,GPU,3.17596e+06,3.17596e+06,0
3,24,sync__,GPU,3.17596e+06,3.17596e+06,0
3,24,moe_route,GPU,3.17596e+06,3.17596e+06,0
3,24,expert_FFN_6,GPU,3.17596e+06,3.17596e+06,0
3,24,gate_proj,GPU,3.17596e+06,3.17596e+06,0
3,24,Linear,Logic,3.17596e+06,3.17596e+06,0
3,24,activation,Logic,3.17596e+06,3.17596e+06,0
3,24,up_proj,GPU,3.17596e+06,3.17596e+06,0
3,24,Linear,Logic,3.17596e+06,3.17596e+06,0
3,24,down_proj,GPU,3.17596e+06,3.17596e+06,0
3,24,Linear,Logic,3.17596e+06,3.17596e+06,0
3,24,expert_FFN_7,GPU,3.17596e+06,3.21918e+06,43221.9
3,24,gate_proj,GPU,3.17596e+06,3.19036e+06,14403.8
3,24,Linear,Logic,3.17596e+06,3.19036e+06,14403.8
3,24,activation,Logic,3.19036e+06,3.19037e+06,10.5463
3,24,up_proj,GPU,3.19037e+06,3.20477e+06,14403.8
3,24,Linear,Logic,3.19037e+06,3.20477e+06,14403.8
3,24,down_proj,GPU,3.20477e+06,3.21918e+06,14403.8
3,24,Linear,Logic,3.20477e+06,3.21918e+06,14403.8
3,24,sync_2,GPU,3.21918e+06,3.26242e+06,43246
3,24,sync__set,GPU,3.21918e+06,3.21918e+06,0
3,24,sync__,GPU,3.21918e+06,3.26242e+06,43246
3,24,moe_all_reduce_for_e_tp,GPU,3.26242e+06,3.26242e+06,0
3,24,sync_3,GPU,3.26242e+06,3.26242e+06,0
3,24,sync__set,GPU,3.26242e+06,3.26242e+06,0
3,24,sync__,GPU,3.26242e+06,3.26242e+06,0
3,24,moe_gather,GPU,3.26242e+06,3.26242e+06,0
3,24,sync_for_moe_gather,GPU,3.26242e+06,3.26242e+06,0
3,24,sync__set,GPU,3.26242e+06,3.26242e+06,0
3,24,sync__,GPU,3.26242e+06,3.26242e+06,0
3,24,moe_all_reduce_for_gather,GPU,3.26242e+06,3.28075e+06,18327.7
3,24,sync_5,GPU,3.28075e+06,3.28075e+06,0
3,24,sync__set,GPU,3.28075e+06,3.28075e+06,0
3,24,sync__,GPU,3.28075e+06,3.28075e+06,0
3,24,sync_6,GPU,3.28075e+06,3.28075e+06,0
3,24,sync__set,GPU,3.28075e+06,3.28075e+06,0
3,24,sync__,GPU,3.28075e+06,3.28075e+06,0
3,24,residual_2,GPU,3.28075e+06,3.28079e+06,36.1589
3,25,MoE_decoder_25,GPU,3.28079e+06,3.41551e+06,134727
3,25,input_layer_norm,GPU,3.28079e+06,3.28082e+06,36.1589
3,25,attention,GPU,3.28082e+06,3.31051e+06,29690.1
3,25,attn_qkv_proj,GPU,3.28082e+06,3.28702e+06,6193.22
3,25,Linear,GPU,3.28082e+06,3.28702e+06,6193.22
3,25,self_attention,GPU,3.28702e+06,3.28805e+06,1035.05
3,25,AttentionSplit,GPU,3.28702e+06,3.28702e+06,0
3,25,AttentionSum,Logic,3.28702e+06,3.28702e+06,0
3,25,AttentionGen,Logic,3.28702e+06,3.28805e+06,1035.05
3,25,AttentionMerge,GPU,3.28805e+06,3.28805e+06,0
3,25,attn_o_proj,GPU,3.28805e+06,3.29219e+06,4134.17
3,25,Linear,GPU,3.28805e+06,3.29219e+06,4134.17
3,25,all_reduce,GPU,3.29219e+06,3.31051e+06,18327.7
3,25,residual_1,GPU,3.31051e+06,3.31055e+06,36.1589
3,25,post_attn_layer_norm,GPU,3.31055e+06,3.31059e+06,36.1589
3,25,expertFFN,GPU,3.31059e+06,3.41548e+06,104892
3,25,sync_0,GPU,3.31059e+06,3.31059e+06,0
3,25,sync__set,GPU,3.31059e+06,3.31059e+06,0
3,25,sync__,GPU,3.31059e+06,3.31059e+06,0
3,25,gate_fn,GPU,3.31059e+06,3.31063e+06,48.2433
3,25,Linear,GPU,3.31059e+06,3.31063e+06,48.2433
3,25,gate_update,GPU,3.31063e+06,3.31063e+06,0
3,25,moe_scatter,GPU,3.31063e+06,3.31063e+06,0
3,25,sync_for_moe_scatter,GPU,3.31063e+06,3.31063e+06,0
3,25,sync__set,GPU,3.31063e+06,3.31063e+06,0
3,25,sync__,GPU,3.31063e+06,3.31063e+06,0
3,25,moe_route,GPU,3.31063e+06,3.31063e+06,0
3,25,expert_FFN_6,GPU,3.31063e+06,3.3539e+06,43270.2
3,25,gate_proj,GPU,3.31063e+06,3.32505e+06,14412.8
3,25,Linear,Logic,3.31063e+06,3.32505e+06,14412.8
3,25,activation,Logic,3.32505e+06,3.32508e+06,31.639
3,25,up_proj,GPU,3.32508e+06,3.33949e+06,14412.8
3,25,Linear,Logic,3.32508e+06,3.33949e+06,14412.8
3,25,down_proj,GPU,3.33949e+06,3.3539e+06,14412.8
3,25,Linear,Logic,3.33949e+06,3.3539e+06,14412.8
3,25,expert_FFN_7,GPU,3.3539e+06,3.39715e+06,43246
3,25,gate_proj,GPU,3.3539e+06,3.36831e+06,14408.3
3,25,Linear,Logic,3.3539e+06,3.36831e+06,14408.3
3,25,activation,Logic,3.36831e+06,3.36833e+06,21.0927
3,25,up_proj,GPU,3.36833e+06,3.38274e+06,14408.3
3,25,Linear,Logic,3.36833e+06,3.38274e+06,14408.3
3,25,down_proj,GPU,3.38274e+06,3.39715e+06,14408.3
3,25,Linear,Logic,3.38274e+06,3.39715e+06,14408.3
3,25,sync_2,GPU,3.39715e+06,3.39715e+06,0
3,25,sync__set,GPU,3.39715e+06,3.39715e+06,0
3,25,sync__,GPU,3.39715e+06,3.39715e+06,0
3,25,moe_all_reduce_for_e_tp,GPU,3.39715e+06,3.39715e+06,0
3,25,sync_3,GPU,3.39715e+06,3.39715e+06,0
3,25,sync__set,GPU,3.39715e+06,3.39715e+06,0
3,25,sync__,GPU,3.39715e+06,3.39715e+06,0
3,25,moe_gather,GPU,3.39715e+06,3.39715e+06,0
3,25,sync_for_moe_gather,GPU,3.39715e+06,3.39715e+06,0
3,25,sync__set,GPU,3.39715e+06,3.39715e+06,0
3,25,sync__,GPU,3.39715e+06,3.39715e+06,0
3,25,moe_all_reduce_for_gather,GPU,3.39715e+06,3.41548e+06,18327.7
3,25,sync_5,GPU,3.41548e+06,3.41548e+06,0
3,25,sync__set,GPU,3.41548e+06,3.41548e+06,0
3,25,sync__,GPU,3.41548e+06,3.41548e+06,0
3,25,sync_6,GPU,3.41548e+06,3.41548e+06,0
3,25,sync__set,GPU,3.41548e+06,3.41548e+06,0
3,25,sync__,GPU,3.41548e+06,3.41548e+06,0
3,25,residual_2,GPU,3.41548e+06,3.41551e+06,36.1589
3,26,MoE_decoder_26,GPU,3.41551e+06,3.55022e+06,134703
3,26,input_layer_norm,GPU,3.41551e+06,3.41555e+06,36.1589
3,26,attention,GPU,3.41555e+06,3.44524e+06,29690.1
3,26,attn_qkv_proj,GPU,3.41555e+06,3.42174e+06,6193.22
3,26,Linear,GPU,3.41555e+06,3.42174e+06,6193.22
3,26,self_attention,GPU,3.42174e+06,3.42278e+06,1035.05
3,26,AttentionSplit,GPU,3.42174e+06,3.42174e+06,0
3,26,AttentionSum,Logic,3.42174e+06,3.42174e+06,0
3,26,AttentionGen,Logic,3.42174e+06,3.42278e+06,1035.05
3,26,AttentionMerge,GPU,3.42278e+06,3.42278e+06,0
3,26,attn_o_proj,GPU,3.42278e+06,3.42691e+06,4134.17
3,26,Linear,GPU,3.42278e+06,3.42691e+06,4134.17
3,26,all_reduce,GPU,3.42691e+06,3.44524e+06,18327.7
3,26,residual_1,GPU,3.44524e+06,3.44528e+06,36.1589
3,26,post_attn_layer_norm,GPU,3.44528e+06,3.44531e+06,36.1589
3,26,expertFFN,GPU,3.44531e+06,3.55018e+06,104868
3,26,sync_0,GPU,3.44531e+06,3.44531e+06,0
3,26,sync__set,GPU,3.44531e+06,3.44531e+06,0
3,26,sync__,GPU,3.44531e+06,3.44531e+06,0
3,26,gate_fn,GPU,3.44531e+06,3.44536e+06,48.2433
3,26,Linear,GPU,3.44531e+06,3.44536e+06,48.2433
3,26,gate_update,GPU,3.44536e+06,3.44536e+06,0
3,26,moe_scatter,GPU,3.44536e+06,3.44536e+06,0
3,26,sync_for_moe_scatter,GPU,3.44536e+06,3.44536e+06,0
3,26,sync__set,GPU,3.44536e+06,3.44536e+06,0
3,26,sync__,GPU,3.44536e+06,3.44536e+06,0
3,26,moe_route,GPU,3.44536e+06,3.44536e+06,0
3,26,expert_FFN_6,GPU,3.44536e+06,3.44536e+06,0
3,26,gate_proj,GPU,3.44536e+06,3.44536e+06,0
3,26,Linear,Logic,3.44536e+06,3.44536e+06,0
3,26,activation,Logic,3.44536e+06,3.44536e+06,0
3,26,up_proj,GPU,3.44536e+06,3.44536e+06,0
3,26,Linear,Logic,3.44536e+06,3.44536e+06,0
3,26,down_proj,GPU,3.44536e+06,3.44536e+06,0
3,26,Linear,Logic,3.44536e+06,3.44536e+06,0
3,26,expert_FFN_7,GPU,3.44536e+06,3.48858e+06,43221.9
3,26,gate_proj,GPU,3.44536e+06,3.45977e+06,14403.8
3,26,Linear,Logic,3.44536e+06,3.45977e+06,14403.8
3,26,activation,Logic,3.45977e+06,3.45978e+06,10.5463
3,26,up_proj,GPU,3.45978e+06,3.47418e+06,14403.8
3,26,Linear,Logic,3.45978e+06,3.47418e+06,14403.8
3,26,down_proj,GPU,3.47418e+06,3.48858e+06,14403.8
3,26,Linear,Logic,3.47418e+06,3.48858e+06,14403.8
3,26,sync_2,GPU,3.48858e+06,3.53185e+06,43270.2
3,26,sync__set,GPU,3.48858e+06,3.48858e+06,0
3,26,sync__,GPU,3.48858e+06,3.53185e+06,43270.2
3,26,moe_all_reduce_for_e_tp,GPU,3.53185e+06,3.53185e+06,0
3,26,sync_3,GPU,3.53185e+06,3.53185e+06,0
3,26,sync__set,GPU,3.53185e+06,3.53185e+06,0
3,26,sync__,GPU,3.53185e+06,3.53185e+06,0
3,26,moe_gather,GPU,3.53185e+06,3.53185e+06,0
3,26,sync_for_moe_gather,GPU,3.53185e+06,3.53185e+06,0
3,26,sync__set,GPU,3.53185e+06,3.53185e+06,0
3,26,sync__,GPU,3.53185e+06,3.53185e+06,0
3,26,moe_all_reduce_for_gather,GPU,3.53185e+06,3.55018e+06,18327.7
3,26,sync_5,GPU,3.55018e+06,3.55018e+06,0
3,26,sync__set,GPU,3.55018e+06,3.55018e+06,0
3,26,sync__,GPU,3.55018e+06,3.55018e+06,0
3,26,sync_6,GPU,3.55018e+06,3.55018e+06,0
3,26,sync__set,GPU,3.55018e+06,3.55018e+06,0
3,26,sync__,GPU,3.55018e+06,3.55018e+06,0
3,26,residual_2,GPU,3.55018e+06,3.55022e+06,36.1589
3,27,MoE_decoder_27,GPU,3.55022e+06,3.6849e+06,134679
3,27,input_layer_norm,GPU,3.55022e+06,3.55025e+06,36.1589
3,27,attention,GPU,3.55025e+06,3.57994e+06,29690.1
3,27,attn_qkv_proj,GPU,3.55025e+06,3.55645e+06,6193.22
3,27,Linear,GPU,3.55025e+06,3.55645e+06,6193.22
3,27,self_attention,GPU,3.55645e+06,3.55748e+06,1035.05
3,27,AttentionSplit,GPU,3.55645e+06,3.55645e+06,0
3,27,AttentionSum,Logic,3.55645e+06,3.55645e+06,0
3,27,AttentionGen,Logic,3.55645e+06,3.55748e+06,1035.05
3,27,AttentionMerge,GPU,3.55748e+06,3.55748e+06,0
3,27,attn_o_proj,GPU,3.55748e+06,3.56162e+06,4134.17
3,27,Linear,GPU,3.55748e+06,3.56162e+06,4134.17
3,27,all_reduce,GPU,3.56162e+06,3.57994e+06,18327.7
3,27,residual_1,GPU,3.57994e+06,3.57998e+06,36.1589
3,27,post_attn_layer_norm,GPU,3.57998e+06,3.58002e+06,36.1589
3,27,expertFFN,GPU,3.58002e+06,3.68486e+06,104844
3,27,sync_0,GPU,3.58002e+06,3.58002e+06,0
3,27,sync__set,GPU,3.58002e+06,3.58002e+06,0
3,27,sync__,GPU,3.58002e+06,3.58002e+06,0
3,27,gate_fn,GPU,3.58002e+06,3.58006e+06,48.2433
3,27,Linear,GPU,3.58002e+06,3.58006e+06,48.2433
3,27,gate_update,GPU,3.58006e+06,3.58006e+06,0
3,27,moe_scatter,GPU,3.58006e+06,3.58006e+06,0
3,27,sync_for_moe_scatter,GPU,3.58006e+06,3.58006e+06,0
3,27,sync__set,GPU,3.58006e+06,3.58006e+06,0
3,27,sync__,GPU,3.58006e+06,3.58006e+06,0
3,27,moe_route,GPU,3.58006e+06,3.58006e+06,0
3,27,expert_FFN_6,GPU,3.58006e+06,3.62329e+06,43221.9
3,27,gate_proj,GPU,3.58006e+06,3.59447e+06,14403.8
3,27,Linear,Logic,3.58006e+06,3.59447e+06,14403.8
3,27,activation,Logic,3.59447e+06,3.59448e+06,10.5463
3,27,up_proj,GPU,3.59448e+06,3.60888e+06,14403.8
3,27,Linear,Logic,3.59448e+06,3.60888e+06,14403.8
3,27,down_proj,GPU,3.60888e+06,3.62329e+06,14403.8
3,27,Linear,Logic,3.60888e+06,3.62329e+06,14403.8
3,27,expert_FFN_7,GPU,3.62329e+06,3.66653e+06,43246
3,27,gate_proj,GPU,3.62329e+06,3.63769e+06,14408.3
3,27,Linear,Logic,3.62329e+06,3.63769e+06,14408.3
3,27,activation,Logic,3.63769e+06,3.63772e+06,21.0927
3,27,up_proj,GPU,3.63772e+06,3.65212e+06,14408.3
3,27,Linear,Logic,3.63772e+06,3.65212e+06,14408.3
3,27,down_proj,GPU,3.65212e+06,3.66653e+06,14408.3
3,27,Linear,Logic,3.65212e+06,3.66653e+06,14408.3
3,27,sync_2,GPU,3.66653e+06,3.66653e+06,0
3,27,sync__set,GPU,3.66653e+06,3.66653e+06,0
3,27,sync__,GPU,3.66653e+06,3.66653e+06,0
3,27,moe_all_reduce_for_e_tp,GPU,3.66653e+06,3.66653e+06,0
3,27,sync_3,GPU,3.66653e+06,3.66653e+06,0
3,27,sync__set,GPU,3.66653e+06,3.66653e+06,0
3,27,sync__,GPU,3.66653e+06,3.66653e+06,0
3,27,moe_gather,GPU,3.66653e+06,3.66653e+06,0
3,27,sync_for_moe_gather,GPU,3.66653e+06,3.66653e+06,0
3,27,sync__set,GPU,3.66653e+06,3.66653e+06,0
3,27,sync__,GPU,3.66653e+06,3.66653e+06,0
3,27,moe_all_reduce_for_gather,GPU,3.66653e+06,3.68486e+06,18327.7
3,27,sync_5,GPU,3.68486e+06,3.68486e+06,0
3,27,sync__set,GPU,3.68486e+06,3.68486e+06,0
3,27,sync__,GPU,3.68486e+06,3.68486e+06,0
3,27,sync_6,GPU,3.68486e+06,3.68486e+06,0
3,27,sync__set,GPU,3.68486e+06,3.68486e+06,0
3,27,sync__,GPU,3.68486e+06,3.68486e+06,0
3,27,residual_2,GPU,3.68486e+06,3.6849e+06,36.1589
3,28,MoE_decoder_28,GPU,3.6849e+06,3.8196e+06,134703
3,28,input_layer_norm,GPU,3.6849e+06,3.68493e+06,36.1589
3,28,attention,GPU,3.68493e+06,3.71462e+06,29690.1
3,28,attn_qkv_proj,GPU,3.68493e+06,3.69113e+06,6193.22
3,28,Linear,GPU,3.68493e+06,3.69113e+06,6193.22
3,28,self_attention,GPU,3.69113e+06,3.69216e+06,1035.05
3,28,AttentionSplit,GPU,3.69113e+06,3.69113e+06,0
3,28,AttentionSum,Logic,3.69113e+06,3.69113e+06,0
3,28,AttentionGen,Logic,3.69113e+06,3.69216e+06,1035.05
3,28,AttentionMerge,GPU,3.69216e+06,3.69216e+06,0
3,28,attn_o_proj,GPU,3.69216e+06,3.69629e+06,4134.17
3,28,Linear,GPU,3.69216e+06,3.69629e+06,4134.17
3,28,all_reduce,GPU,3.69629e+06,3.71462e+06,18327.7
3,28,residual_1,GPU,3.71462e+06,3.71466e+06,36.1589
3,28,post_attn_layer_norm,GPU,3.71466e+06,3.71469e+06,36.1589
3,28,expertFFN,GPU,3.71469e+06,3.81956e+06,104868
3,28,sync_0,GPU,3.71469e+06,3.71469e+06,0
3,28,sync__set,GPU,3.71469e+06,3.71469e+06,0
3,28,sync__,GPU,3.71469e+06,3.71469e+06,0
3,28,gate_fn,GPU,3.71469e+06,3.71474e+06,48.2433
3,28,Linear,GPU,3.71469e+06,3.71474e+06,48.2433
3,28,gate_update,GPU,3.71474e+06,3.71474e+06,0
3,28,moe_scatter,GPU,3.71474e+06,3.71474e+06,0
3,28,sync_for_moe_scatter,GPU,3.71474e+06,3.71474e+06,0
3,28,sync__set,GPU,3.71474e+06,3.71474e+06,0
3,28,sync__,GPU,3.71474e+06,3.71474e+06,0
3,28,moe_route,GPU,3.71474e+06,3.71474e+06,0
3,28,expert_FFN_6,GPU,3.71474e+06,3.75799e+06,43246
3,28,gate_proj,GPU,3.71474e+06,3.72915e+06,14408.3
3,28,Linear,Logic,3.71474e+06,3.72915e+06,14408.3
3,28,activation,Logic,3.72915e+06,3.72917e+06,21.0927
3,28,up_proj,GPU,3.72917e+06,3.74358e+06,14408.3
3,28,Linear,Logic,3.72917e+06,3.74358e+06,14408.3
3,28,down_proj,GPU,3.74358e+06,3.75799e+06,14408.3
3,28,Linear,Logic,3.74358e+06,3.75799e+06,14408.3
3,28,expert_FFN_7,GPU,3.75799e+06,3.80123e+06,43246
3,28,gate_proj,GPU,3.75799e+06,3.7724e+06,14408.3
3,28,Linear,Logic,3.75799e+06,3.7724e+06,14408.3
3,28,activation,Logic,3.7724e+06,3.77242e+06,21.0927
3,28,up_proj,GPU,3.77242e+06,3.78683e+06,14408.3
3,28,Linear,Logic,3.77242e+06,3.78683e+06,14408.3
3,28,down_proj,GPU,3.78683e+06,3.80123e+06,14408.3
3,28,Linear,Logic,3.78683e+06,3.80123e+06,14408.3
3,28,sync_2,GPU,3.80123e+06,3.80123e+06,0
3,28,sync__set,GPU,3.80123e+06,3.80123e+06,0
3,28,sync__,GPU,3.80123e+06,3.80123e+06,0
3,28,moe_all_reduce_for_e_tp,GPU,3.80123e+06,3.80123e+06,0
3,28,sync_3,GPU,3.80123e+06,3.80123e+06,0
3,28,sync__set,GPU,3.80123e+06,3.80123e+06,0
3,28,sync__,GPU,3.80123e+06,3.80123e+06,0
3,28,moe_gather,GPU,3.80123e+06,3.80123e+06,0
3,28,sync_for_moe_gather,GPU,3.80123e+06,3.80123e+06,0
3,28,sync__set,GPU,3.80123e+06,3.80123e+06,0
3,28,sync__,GPU,3.80123e+06,3.80123e+06,0
3,28,moe_all_reduce_for_gather,GPU,3.80123e+06,3.81956e+06,18327.7
3,28,sync_5,GPU,3.81956e+06,3.81956e+06,0
3,28,sync__set,GPU,3.81956e+06,3.81956e+06,0
3,28,sync__,GPU,3.81956e+06,3.81956e+06,0
3,28,sync_6,GPU,3.81956e+06,3.81956e+06,0
3,28,sync__set,GPU,3.81956e+06,3.81956e+06,0
3,28,sync__,GPU,3.81956e+06,3.81956e+06,0
3,28,residual_2,GPU,3.81956e+06,3.8196e+06,36.1589
3,29,MoE_decoder_29,GPU,3.8196e+06,3.95428e+06,134679
3,29,input_layer_norm,GPU,3.8196e+06,3.81963e+06,36.1589
3,29,attention,GPU,3.81963e+06,3.84933e+06,29690.1
3,29,attn_qkv_proj,GPU,3.81963e+06,3.82583e+06,6193.22
3,29,Linear,GPU,3.81963e+06,3.82583e+06,6193.22
3,29,self_attention,GPU,3.82583e+06,3.82686e+06,1035.05
3,29,AttentionSplit,GPU,3.82583e+06,3.82583e+06,0
3,29,AttentionSum,Logic,3.82583e+06,3.82583e+06,0
3,29,AttentionGen,Logic,3.82583e+06,3.82686e+06,1035.05
3,29,AttentionMerge,GPU,3.82686e+06,3.82686e+06,0
3,29,attn_o_proj,GPU,3.82686e+06,3.831e+06,4134.17
3,29,Linear,GPU,3.82686e+06,3.831e+06,4134.17
3,29,all_reduce,GPU,3.831e+06,3.84933e+06,18327.7
3,29,residual_1,GPU,3.84933e+06,3.84936e+06,36.1589
3,29,post_attn_layer_norm,GPU,3.84936e+06,3.8494e+06,36.1589
3,29,expertFFN,GPU,3.8494e+06,3.95424e+06,104844
3,29,sync_0,GPU,3.8494e+06,3.8494e+06,0
3,29,sync__set,GPU,3.8494e+06,3.8494e+06,0
3,29,sync__,GPU,3.8494e+06,3.8494e+06,0
3,29,gate_fn,GPU,3.8494e+06,3.84945e+06,48.2433
3,29,Linear,GPU,3.8494e+06,3.84945e+06,48.2433
3,29,gate_update,GPU,3.84945e+06,3.84945e+06,0
3,29,moe_scatter,GPU,3.84945e+06,3.84945e+06,0
3,29,sync_for_moe_scatter,GPU,3.84945e+06,3.84945e+06,0
3,29,sync__set,GPU,3.84945e+06,3.84945e+06,0
3,29,sync__,GPU,3.84945e+06,3.84945e+06,0
3,29,moe_route,GPU,3.84945e+06,3.84945e+06,0
3,29,expert_FFN_6,GPU,3.84945e+06,3.84945e+06,0
3,29,gate_proj,GPU,3.84945e+06,3.84945e+06,0
3,29,Linear,Logic,3.84945e+06,3.84945e+06,0
3,29,activation,Logic,3.84945e+06,3.84945e+06,0
3,29,up_proj,GPU,3.84945e+06,3.84945e+06,0
3,29,Linear,Logic,3.84945e+06,3.84945e+06,0
3,29,down_proj,GPU,3.84945e+06,3.84945e+06,0
3,29,Linear,Logic,3.84945e+06,3.84945e+06,0
3,29,expert_FFN_7,GPU,3.84945e+06,3.89267e+06,43221.9
3,29,gate_proj,GPU,3.84945e+06,3.86385e+06,14403.8
3,29,Linear,Logic,3.84945e+06,3.86385e+06,14403.8
3,29,activation,Logic,3.86385e+06,3.86386e+06,10.5463
3,29,up_proj,GPU,3.86386e+06,3.87826e+06,14403.8
3,29,Linear,Logic,3.86386e+06,3.87826e+06,14403.8
3,29,down_proj,GPU,3.87826e+06,3.89267e+06,14403.8
3,29,Linear,Logic,3.87826e+06,3.89267e+06,14403.8
3,29,sync_2,GPU,3.89267e+06,3.93591e+06,43246
3,29,sync__set,GPU,3.89267e+06,3.89267e+06,0
3,29,sync__,GPU,3.89267e+06,3.93591e+06,43246
3,29,moe_all_reduce_for_e_tp,GPU,3.93591e+06,3.93591e+06,0
3,29,sync_3,GPU,3.93591e+06,3.93591e+06,0
3,29,sync__set,GPU,3.93591e+06,3.93591e+06,0
3,29,sync__,GPU,3.93591e+06,3.93591e+06,0
3,29,moe_gather,GPU,3.93591e+06,3.93591e+06,0
3,29,sync_for_moe_gather,GPU,3.93591e+06,3.93591e+06,0
3,29,sync__set,GPU,3.93591e+06,3.93591e+06,0
3,29,sync__,GPU,3.93591e+06,3.93591e+06,0
3,29,moe_all_reduce_for_gather,GPU,3.93591e+06,3.95424e+06,18327.7
3,29,sync_5,GPU,3.95424e+06,3.95424e+06,0
3,29,sync__set,GPU,3.95424e+06,3.95424e+06,0
3,29,sync__,GPU,3.95424e+06,3.95424e+06,0
3,29,sync_6,GPU,3.95424e+06,3.95424e+06,0
3,29,sync__set,GPU,3.95424e+06,3.95424e+06,0
3,29,sync__,GPU,3.95424e+06,3.95424e+06,0
3,29,residual_2,GPU,3.95424e+06,3.95428e+06,36.1589
3,30,MoE_decoder_30,GPU,3.95428e+06,4.08893e+06,134655
3,30,input_layer_norm,GPU,3.95428e+06,3.95431e+06,36.1589
3,30,attention,GPU,3.95431e+06,3.984e+06,29690.1
3,30,attn_qkv_proj,GPU,3.95431e+06,3.96051e+06,6193.22
3,30,Linear,GPU,3.95431e+06,3.96051e+06,6193.22
3,30,self_attention,GPU,3.96051e+06,3.96154e+06,1035.05
3,30,AttentionSplit,GPU,3.96051e+06,3.96051e+06,0
3,30,AttentionSum,Logic,3.96051e+06,3.96051e+06,0
3,30,AttentionGen,Logic,3.96051e+06,3.96154e+06,1035.05
3,30,AttentionMerge,GPU,3.96154e+06,3.96154e+06,0
3,30,attn_o_proj,GPU,3.96154e+06,3.96568e+06,4134.17
3,30,Linear,GPU,3.96154e+06,3.96568e+06,4134.17
3,30,all_reduce,GPU,3.96568e+06,3.984e+06,18327.7
3,30,residual_1,GPU,3.984e+06,3.98404e+06,36.1589
3,30,post_attn_layer_norm,GPU,3.98404e+06,3.98408e+06,36.1589
3,30,expertFFN,GPU,3.98408e+06,4.0889e+06,104820
3,30,sync_0,GPU,3.98408e+06,3.98408e+06,0
3,30,sync__set,GPU,3.98408e+06,3.98408e+06,0
3,30,sync__,GPU,3.98408e+06,3.98408e+06,0
3,30,gate_fn,GPU,3.98408e+06,3.98412e+06,48.2433
3,30,Linear,GPU,3.98408e+06,3.98412e+06,48.2433
3,30,gate_update,GPU,3.98412e+06,3.98412e+06,0
3,30,moe_scatter,GPU,3.98412e+06,3.98412e+06,0
3,30,sync_for_moe_scatter,GPU,3.98412e+06,3.98412e+06,0
3,30,sync__set,GPU,3.98412e+06,3.98412e+06,0
3,30,sync__,GPU,3.98412e+06,3.98412e+06,0
3,30,moe_route,GPU,3.98412e+06,3.98412e+06,0
3,30,expert_FFN_6,GPU,3.98412e+06,4.02737e+06,43246
3,30,gate_proj,GPU,3.98412e+06,3.99853e+06,14408.3
3,30,Linear,Logic,3.98412e+06,3.99853e+06,14408.3
3,30,activation,Logic,3.99853e+06,3.99855e+06,21.0927
3,30,up_proj,GPU,3.99855e+06,4.01296e+06,14408.3
3,30,Linear,Logic,3.99855e+06,4.01296e+06,14408.3
3,30,down_proj,GPU,4.01296e+06,4.02737e+06,14408.3
3,30,Linear,Logic,4.01296e+06,4.02737e+06,14408.3
3,30,expert_FFN_7,GPU,4.02737e+06,4.02737e+06,0
3,30,gate_proj,GPU,4.02737e+06,4.02737e+06,0
3,30,Linear,Logic,4.02737e+06,4.02737e+06,0
3,30,activation,Logic,4.02737e+06,4.02737e+06,0
3,30,up_proj,GPU,4.02737e+06,4.02737e+06,0
3,30,Linear,Logic,4.02737e+06,4.02737e+06,0
3,30,down_proj,GPU,4.02737e+06,4.02737e+06,0
3,30,Linear,Logic,4.02737e+06,4.02737e+06,0
3,30,sync_2,GPU,4.02737e+06,4.07057e+06,43197.8
3,30,sync__set,GPU,4.02737e+06,4.02737e+06,0
3,30,sync__,GPU,4.02737e+06,4.07057e+06,43197.8
3,30,moe_all_reduce_for_e_tp,GPU,4.07057e+06,4.07057e+06,0
3,30,sync_3,GPU,4.07057e+06,4.07057e+06,0
3,30,sync__set,GPU,4.07057e+06,4.07057e+06,0
3,30,sync__,GPU,4.07057e+06,4.07057e+06,0
3,30,moe_gather,GPU,4.07057e+06,4.07057e+06,0
3,30,sync_for_moe_gather,GPU,4.07057e+06,4.07057e+06,0
3,30,sync__set,GPU,4.07057e+06,4.07057e+06,0
3,30,sync__,GPU,4.07057e+06,4.07057e+06,0
3,30,moe_all_reduce_for_gather,GPU,4.07057e+06,4.0889e+06,18327.7
3,30,sync_5,GPU,4.0889e+06,4.0889e+06,0
3,30,sync__set,GPU,4.0889e+06,4.0889e+06,0
3,30,sync__,GPU,4.0889e+06,4.0889e+06,0
3,30,sync_6,GPU,4.0889e+06,4.0889e+06,0
3,30,sync__set,GPU,4.0889e+06,4.0889e+06,0
3,30,sync__,GPU,4.0889e+06,4.0889e+06,0
3,30,residual_2,GPU,4.0889e+06,4.08893e+06,36.1589
3,31,MoE_decoder_31,GPU,4.08893e+06,4.22363e+06,134703
3,31,input_layer_norm,GPU,4.08893e+06,4.08897e+06,36.1589
3,31,attention,GPU,4.08897e+06,4.11866e+06,29690.1
3,31,attn_qkv_proj,GPU,4.08897e+06,4.09516e+06,6193.22
3,31,Linear,GPU,4.08897e+06,4.09516e+06,6193.22
3,31,self_attention,GPU,4.09516e+06,4.0962e+06,1035.05
3,31,AttentionSplit,GPU,4.09516e+06,4.09516e+06,0
3,31,AttentionSum,Logic,4.09516e+06,4.09516e+06,0
3,31,AttentionGen,Logic,4.09516e+06,4.0962e+06,1035.05
3,31,AttentionMerge,GPU,4.0962e+06,4.0962e+06,0
3,31,attn_o_proj,GPU,4.0962e+06,4.10033e+06,4134.17
3,31,Linear,GPU,4.0962e+06,4.10033e+06,4134.17
3,31,all_reduce,GPU,4.10033e+06,4.11866e+06,18327.7
3,31,residual_1,GPU,4.11866e+06,4.11869e+06,36.1589
3,31,post_attn_layer_norm,GPU,4.11869e+06,4.11873e+06,36.1589
3,31,expertFFN,GPU,4.11873e+06,4.2236e+06,104868
3,31,sync_0,GPU,4.11873e+06,4.11873e+06,0
3,31,sync__set,GPU,4.11873e+06,4.11873e+06,0
3,31,sync__,GPU,4.11873e+06,4.11873e+06,0
3,31,gate_fn,GPU,4.11873e+06,4.11878e+06,48.2433
3,31,Linear,GPU,4.11873e+06,4.11878e+06,48.2433
3,31,gate_update,GPU,4.11878e+06,4.11878e+06,0
3,31,moe_scatter,GPU,4.11878e+06,4.11878e+06,0
3,31,sync_for_moe_scatter,GPU,4.11878e+06,4.11878e+06,0
3,31,sync__set,GPU,4.11878e+06,4.11878e+06,0
3,31,sync__,GPU,4.11878e+06,4.11878e+06,0
3,31,moe_route,GPU,4.11878e+06,4.11878e+06,0
3,31,expert_FFN_6,GPU,4.11878e+06,4.11878e+06,0
3,31,gate_proj,GPU,4.11878e+06,4.11878e+06,0
3,31,Linear,Logic,4.11878e+06,4.11878e+06,0
3,31,activation,Logic,4.11878e+06,4.11878e+06,0
3,31,up_proj,GPU,4.11878e+06,4.11878e+06,0
3,31,Linear,Logic,4.11878e+06,4.11878e+06,0
3,31,down_proj,GPU,4.11878e+06,4.11878e+06,0
3,31,Linear,Logic,4.11878e+06,4.11878e+06,0
3,31,expert_FFN_7,GPU,4.11878e+06,4.16202e+06,43246
3,31,gate_proj,GPU,4.11878e+06,4.13319e+06,14408.3
3,31,Linear,Logic,4.11878e+06,4.13319e+06,14408.3
3,31,activation,Logic,4.13319e+06,4.13321e+06,21.0927
3,31,up_proj,GPU,4.13321e+06,4.14762e+06,14408.3
3,31,Linear,Logic,4.13321e+06,4.14762e+06,14408.3
3,31,down_proj,GPU,4.14762e+06,4.16202e+06,14408.3
3,31,Linear,Logic,4.14762e+06,4.16202e+06,14408.3
3,31,sync_2,GPU,4.16202e+06,4.20527e+06,43246
3,31,sync__set,GPU,4.16202e+06,4.16202e+06,0
3,31,sync__,GPU,4.16202e+06,4.20527e+06,43246
3,31,moe_all_reduce_for_e_tp,GPU,4.20527e+06,4.20527e+06,0
3,31,sync_3,GPU,4.20527e+06,4.20527e+06,0
3,31,sync__set,GPU,4.20527e+06,4.20527e+06,0
3,31,sync__,GPU,4.20527e+06,4.20527e+06,0
3,31,moe_gather,GPU,4.20527e+06,4.20527e+06,0
3,31,sync_for_moe_gather,GPU,4.20527e+06,4.20527e+06,0
3,31,sync__set,GPU,4.20527e+06,4.20527e+06,0
3,31,sync__,GPU,4.20527e+06,4.20527e+06,0
3,31,moe_all_reduce_for_gather,GPU,4.20527e+06,4.2236e+06,18327.7
3,31,sync_5,GPU,4.2236e+06,4.2236e+06,0
3,31,sync__set,GPU,4.2236e+06,4.2236e+06,0
3,31,sync__,GPU,4.2236e+06,4.2236e+06,0
3,31,sync_6,GPU,4.2236e+06,4.2236e+06,0
3,31,sync__set,GPU,4.2236e+06,4.2236e+06,0
3,31,sync__,GPU,4.2236e+06,4.2236e+06,0
3,31,residual_2,GPU,4.2236e+06,4.22363e+06,36.1589
0,0,MoE_decoder_0,GPU,0,134679,134679
0,0,input_layer_norm,GPU,0,36.1589,36.1589
0,0,attention,GPU,36.1589,29726.3,29690.1
0,0,attn_qkv_proj,GPU,36.1589,6229.38,6193.22
0,0,Linear,GPU,36.1589,6229.38,6193.22
0,0,self_attention,GPU,6229.38,7264.42,1035.05
0,0,AttentionSplit,GPU,6229.38,6229.38,0
0,0,AttentionSum,Logic,6229.38,6229.38,0
0,0,AttentionGen,Logic,6229.38,7264.42,1035.05
0,0,AttentionMerge,GPU,7264.42,7264.42,0
0,0,attn_o_proj,GPU,7264.42,11398.6,4134.17
0,0,Linear,GPU,7264.42,11398.6,4134.17
0,0,all_reduce,GPU,11398.6,29726.3,18327.7
0,0,residual_1,GPU,29726.3,29762.4,36.1589
0,0,post_attn_layer_norm,GPU,29762.4,29798.6,36.1589
0,0,expertFFN,GPU,29798.6,134642,104844
0,0,sync_0,GPU,29798.6,29798.6,0
0,0,sync__set,GPU,29798.6,29798.6,0
0,0,sync__,GPU,29798.6,29798.6,0
0,0,gate_fn,GPU,29798.6,29846.8,48.2433
0,0,Linear,GPU,29798.6,29846.8,48.2433
0,0,gate_update,GPU,29846.8,29846.8,0
0,0,moe_scatter,GPU,29846.8,29846.8,0
0,0,sync_for_moe_scatter,GPU,29846.8,29846.8,0
0,0,sync__set,GPU,29846.8,29846.8,0
0,0,sync__,GPU,29846.8,29846.8,0
0,0,moe_route,GPU,29846.8,29846.8,0
0,0,expert_FFN_0,GPU,29846.8,73068.8,43221.9
0,0,gate_proj,GPU,29846.8,44250.6,14403.8
0,0,Linear,Logic,29846.8,44250.6,14403.8
0,0,activation,Logic,44250.6,44261.2,10.5463
0,0,up_proj,GPU,44261.2,58665,14403.8
0,0,Linear,Logic,44261.2,58665,14403.8
0,0,down_proj,GPU,58665,73068.8,14403.8
0,0,Linear,Logic,58665,73068.8,14403.8
0,0,expert_FFN_1,GPU,73068.8,116315,43246
0,0,gate_proj,GPU,73068.8,87477.1,14408.3
0,0,Linear,Logic,73068.8,87477.1,14408.3
0,0,activation,Logic,87477.1,87498.2,21.0927
0,0,up_proj,GPU,87498.2,101907,14408.3
0,0,Linear,Logic,87498.2,101907,14408.3
0,0,down_proj,GPU,101907,116315,14408.3
0,0,Linear,Logic,101907,116315,14408.3
0,0,sync_2,GPU,116315,116315,0
0,0,sync__set,GPU,116315,116315,0
0,0,sync__,GPU,116315,116315,0
0,0,moe_all_reduce_for_e_tp,GPU,116315,116315,0
0,0,sync_3,GPU,116315,116315,0
0,0,sync__set,GPU,116315,116315,0
0,0,sync__,GPU,116315,116315,0
0,0,moe_gather,GPU,116315,116315,0
0,0,sync_for_moe_gather,GPU,116315,116315,0
0,0,sync__set,GPU,116315,116315,0
0,0,sync__,GPU,116315,116315,0
0,0,moe_all_reduce_for_gather,GPU,116315,134642,18327.7
0,0,sync_5,GPU,134642,134642,0
0,0,sync__set,GPU,134642,134642,0
0,0,sync__,GPU,134642,134642,0
0,0,sync_6,GPU,134642,134642,0
0,0,sync__set,GPU,134642,134642,0
0,0,sync__,GPU,134642,134642,0
0,0,residual_2,GPU,134642,134679,36.1589
0,1,MoE_decoder_1,GPU,134679,269406,134727
0,1,input_layer_norm,GPU,134679,134715,36.1589
0,1,attention,GPU,134715,164405,29690.1
0,1,attn_qkv_proj,GPU,134715,140908,6193.22
0,1,Linear,GPU,134715,140908,6193.22
0,1,self_attention,GPU,140908,141943,1035.05
0,1,AttentionSplit,GPU,140908,140908,0
0,1,AttentionSum,Logic,140908,140908,0
0,1,AttentionGen,Logic,140908,141943,1035.05
0,1,AttentionMerge,GPU,141943,141943,0
0,1,attn_o_proj,GPU,141943,146077,4134.17
0,1,Linear,GPU,141943,146077,4134.17
0,1,all_reduce,GPU,146077,164405,18327.7
0,1,residual_1,GPU,164405,164441,36.1589
0,1,post_attn_layer_norm,GPU,164441,164477,36.1589
0,1,expertFFN,GPU,164477,269369,104892
0,1,sync_0,GPU,164477,164477,0
0,1,sync__set,GPU,164477,164477,0
0,1,sync__,GPU,164477,164477,0
0,1,gate_fn,GPU,164477,164525,48.2433
0,1,Linear,GPU,164477,164525,48.2433
0,1,gate_update,GPU,164525,164525,0
0,1,moe_scatter,GPU,164525,164525,0
0,1,sync_for_moe_scatter,GPU,164525,164525,0
0,1,sync__set,GPU,164525,164525,0
0,1,sync__,GPU,164525,164525,0
0,1,moe_route,GPU,164525,164525,0
0,1,expert_FFN_0,GPU,164525,164525,0
0,1,gate_proj,GPU,164525,164525,0
0,1,Linear,Logic,164525,164525,0
0,1,activation,Logic,164525,164525,0
0,1,up_proj,GPU,164525,164525,0
0,1,Linear,Logic,164525,164525,0
0,1,down_proj,GPU,164525,164525,0
0,1,Linear,Logic,164525,164525,0
0,1,expert_FFN_1,GPU,164525,164525,0
0,1,gate_proj,GPU,164525,164525,0
0,1,Linear,Logic,164525,164525,0
0,1,activation,Logic,164525,164525,0
0,1,up_proj,GPU,164525,164525,0
0,1,Linear,Logic,164525,164525,0
0,1,down_proj,GPU,164525,164525,0
0,1,Linear,Logic,164525,164525,0
0,1,sync_2,GPU,164525,251042,86516.2
0,1,sync__set,GPU,164525,164525,0
0,1,sync__,GPU,164525,251042,86516.2
0,1,moe_all_reduce_for_e_tp,GPU,251042,251042,0
0,1,sync_3,GPU,251042,251042,0
0,1,sync__set,GPU,251042,251042,0
0,1,sync__,GPU,251042,251042,0
0,1,moe_gather,GPU,251042,251042,0
0,1,sync_for_moe_gather,GPU,251042,251042,0
0,1,sync__set,GPU,251042,251042,0
0,1,sync__,GPU,251042,251042,0
0,1,moe_all_reduce_for_gather,GPU,251042,269369,18327.7
0,1,sync_5,GPU,269369,269369,0
0,1,sync__set,GPU,269369,269369,0
0,1,sync__,GPU,269369,269369,0
0,1,sync_6,GPU,269369,269369,0
0,1,sync__set,GPU,269369,269369,0
0,1,sync__,GPU,269369,269369,0
0,1,residual_2,GPU,269369,269406,36.1589
0,2,MoE_decoder_2,GPU,269406,404108,134703
0,2,input_layer_norm,GPU,269406,269442,36.1589
0,2,attention,GPU,269442,299132,29690.1
0,2,attn_qkv_proj,GPU,269442,275635,6193.22
0,2,Linear,GPU,269442,275635,6193.22
0,2,self_attention,GPU,275635,276670,1035.05
0,2,AttentionSplit,GPU,275635,275635,0
0,2,AttentionSum,Logic,275635,275635,0
0,2,AttentionGen,Logic,275635,276670,1035.05
0,2,AttentionMerge,GPU,276670,276670,0
0,2,attn_o_proj,GPU,276670,280804,4134.17
0,2,Linear,GPU,276670,280804,4134.17
0,2,all_reduce,GPU,280804,299132,18327.7
0,2,residual_1,GPU,299132,299168,36.1589
0,2,post_attn_layer_norm,GPU,299168,299204,36.1589
0,2,expertFFN,GPU,299204,404072,104868
0,2,sync_0,GPU,299204,299204,0
0,2,sync__set,GPU,299204,299204,0
0,2,sync__,GPU,299204,299204,0
0,2,gate_fn,GPU,299204,299252,48.2433
0,2,Linear,GPU,299204,299252,48.2433
0,2,gate_update,GPU,299252,299252,0
0,2,moe_scatter,GPU,299252,299252,0
0,2,sync_for_moe_scatter,GPU,299252,299252,0
0,2,sync__set,GPU,299252,299252,0
0,2,sync__,GPU,299252,299252,0
0,2,moe_route,GPU,299252,299252,0
0,2,expert_FFN_0,GPU,299252,342474,43221.9
0,2,gate_proj,GPU,299252,313656,14403.8
0,2,Linear,Logic,299252,313656,14403.8
0,2,activation,Logic,313656,313667,10.5463
0,2,up_proj,GPU,313667,328071,14403.8
0,2,Linear,Logic,313667,328071,14403.8
0,2,down_proj,GPU,328071,342474,14403.8
0,2,Linear,Logic,328071,342474,14403.8
0,2,expert_FFN_1,GPU,342474,385696,43221.9
0,2,gate_proj,GPU,342474,356878,14403.8
0,2,Linear,Logic,342474,356878,14403.8
0,2,activation,Logic,356878,356889,10.5463
0,2,up_proj,GPU,356889,371292,14403.8
0,2,Linear,Logic,356889,371292,14403.8
0,2,down_proj,GPU,371292,385696,14403.8
0,2,Linear,Logic,371292,385696,14403.8
0,2,sync_2,GPU,385696,385744,48.2119
0,2,sync__set,GPU,385696,385696,0
0,2,sync__,GPU,385696,385744,48.2119
0,2,moe_all_reduce_for_e_tp,GPU,385744,385744,0
0,2,sync_3,GPU,385744,385744,0
0,2,sync__set,GPU,385744,385744,0
0,2,sync__,GPU,385744,385744,0
0,2,moe_gather,GPU,385744,385744,0
0,2,sync_for_moe_gather,GPU,385744,385744,0
0,2,sync__set,GPU,385744,385744,0
0,2,sync__,GPU,385744,385744,0
0,2,moe_all_reduce_for_gather,GPU,385744,404072,18327.7
0,2,sync_5,GPU,404072,404072,0
0,2,sync__set,GPU,404072,404072,0
0,2,sync__,GPU,404072,404072,0
0,2,sync_6,GPU,404072,404072,0
0,2,sync__set,GPU,404072,404072,0
0,2,sync__,GPU,404072,404072,0
0,2,residual_2,GPU,404072,404108,36.1589
0,3,MoE_decoder_3,GPU,404108,538787,134679
0,3,input_layer_norm,GPU,404108,404144,36.1589
0,3,attention,GPU,404144,433835,29690.1
0,3,attn_qkv_proj,GPU,404144,410338,6193.22
0,3,Linear,GPU,404144,410338,6193.22
0,3,self_attention,GPU,410338,411373,1035.05
0,3,AttentionSplit,GPU,410338,410338,0
0,3,AttentionSum,Logic,410338,410338,0
0,3,AttentionGen,Logic,410338,411373,1035.05
0,3,AttentionMerge,GPU,411373,411373,0
0,3,attn_o_proj,GPU,411373,415507,4134.17
0,3,Linear,GPU,411373,415507,4134.17
0,3,all_reduce,GPU,415507,433835,18327.7
0,3,residual_1,GPU,433835,433871,36.1589
0,3,post_attn_layer_norm,GPU,433871,433907,36.1589
0,3,expertFFN,GPU,433907,538751,104844
0,3,sync_0,GPU,433907,433907,0
0,3,sync__set,GPU,433907,433907,0
0,3,sync__,GPU,433907,433907,0
0,3,gate_fn,GPU,433907,433955,48.2433
0,3,Linear,GPU,433907,433955,48.2433
0,3,gate_update,GPU,433955,433955,0
0,3,moe_scatter,GPU,433955,433955,0
0,3,sync_for_moe_scatter,GPU,433955,433955,0
0,3,sync__set,GPU,433955,433955,0
0,3,sync__,GPU,433955,433955,0
0,3,moe_route,GPU,433955,433955,0
0,3,expert_FFN_0,GPU,433955,477177,43221.9
0,3,gate_proj,GPU,433955,448359,14403.8
0,3,Linear,Logic,433955,448359,14403.8
0,3,activation,Logic,448359,448369,10.5463
0,3,up_proj,GPU,448369,462773,14403.8
0,3,Linear,Logic,448369,462773,14403.8
0,3,down_proj,GPU,462773,477177,14403.8
0,3,Linear,Logic,462773,477177,14403.8
0,3,expert_FFN_1,GPU,477177,520399,43221.9
0,3,gate_proj,GPU,477177,491581,14403.8
0,3,Linear,Logic,477177,491581,14403.8
0,3,activation,Logic,491581,491591,10.5463
0,3,up_proj,GPU,491591,505995,14403.8
0,3,Linear,Logic,491591,505995,14403.8
0,3,down_proj,GPU,505995,520399,14403.8
0,3,Linear,Logic,505995,520399,14403.8
0,3,sync_2,GPU,520399,520423,24.1059
0,3,sync__set,GPU,520399,520399,0
0,3,sync__,GPU,520399,520423,24.1059
0,3,moe_all_reduce_for_e_tp,GPU,520423,520423,0
0,3,sync_3,GPU,520423,520423,0
0,3,sync__set,GPU,520423,520423,0
0,3,sync__,GPU,520423,520423,0
0,3,moe_gather,GPU,520423,520423,0
0,3,sync_for_moe_gather,GPU,520423,520423,0
0,3,sync__set,GPU,520423,520423,0
0,3,sync__,GPU,520423,520423,0
0,3,moe_all_reduce_for_gather,GPU,520423,538751,18327.7
0,3,sync_5,GPU,538751,538751,0
0,3,sync__set,GPU,538751,538751,0
0,3,sync__,GPU,538751,538751,0
0,3,sync_6,GPU,538751,538751,0
0,3,sync__set,GPU,538751,538751,0
0,3,sync__,GPU,538751,538751,0
0,3,residual_2,GPU,538751,538787,36.1589
0,4,MoE_decoder_4,GPU,538787,673514,134727
0,4,input_layer_norm,GPU,538787,538823,36.1589
0,4,attention,GPU,538823,568513,29690.1
0,4,attn_qkv_proj,GPU,538823,545016,6193.22
0,4,Linear,GPU,538823,545016,6193.22
0,4,self_attention,GPU,545016,546051,1035.05
0,4,AttentionSplit,GPU,545016,545016,0
0,4,AttentionSum,Logic,545016,545016,0
0,4,AttentionGen,Logic,545016,546051,1035.05
0,4,AttentionMerge,GPU,546051,546051,0
0,4,attn_o_proj,GPU,546051,550186,4134.17
0,4,Linear,GPU,546051,550186,4134.17
0,4,all_reduce,GPU,550186,568513,18327.7
0,4,residual_1,GPU,568513,568549,36.1589
0,4,post_attn_layer_norm,GPU,568549,568586,36.1589
0,4,expertFFN,GPU,568586,673478,104892
0,4,sync_0,GPU,568586,568586,0
0,4,sync__set,GPU,568586,568586,0
0,4,sync__,GPU,568586,568586,0
0,4,gate_fn,GPU,568586,568634,48.2433
0,4,Linear,GPU,568586,568634,48.2433
0,4,gate_update,GPU,568634,568634,0
0,4,moe_scatter,GPU,568634,568634,0
0,4,sync_for_moe_scatter,GPU,568634,568634,0
0,4,sync__set,GPU,568634,568634,0
0,4,sync__,GPU,568634,568634,0
0,4,moe_route,GPU,568634,568634,0
0,4,expert_FFN_0,GPU,568634,611856,43221.9
0,4,gate_proj,GPU,568634,583038,14403.8
0,4,Linear,Logic,568634,583038,14403.8
0,4,activation,Logic,583038,583048,10.5463
0,4,up_proj,GPU,583048,597452,14403.8
0,4,Linear,Logic,583048,597452,14403.8
0,4,down_proj,GPU,597452,611856,14403.8
0,4,Linear,Logic,597452,611856,14403.8
0,4,expert_FFN_1,GPU,611856,611856,0
0,4,gate_proj,GPU,611856,611856,0
0,4,Linear,Logic,611856,611856,0
0,4,activation,Logic,611856,611856,0
0,4,up_proj,GPU,611856,611856,0
0,4,Linear,Logic,611856,611856,0
0,4,down_proj,GPU,611856,611856,0
0,4,Linear,Logic,611856,611856,0
0,4,sync_2,GPU,611856,655150,43294.3
0,4,sync__set,GPU,611856,611856,0
0,4,sync__,GPU,611856,655150,43294.3
0,4,moe_all_reduce_for_e_tp,GPU,655150,655150,0
0,4,sync_3,GPU,655150,655150,0
0,4,sync__set,GPU,655150,655150,0
0,4,sync__,GPU,655150,655150,0
0,4,moe_gather,GPU,655150,655150,0
0,4,sync_for_moe_gather,GPU,655150,655150,0
0,4,sync__set,GPU,655150,655150,0
0,4,sync__,GPU,655150,655150,0
0,4,moe_all_reduce_for_gather,GPU,655150,673478,18327.7
0,4,sync_5,GPU,673478,673478,0
0,4,sync__set,GPU,673478,673478,0
0,4,sync__,GPU,673478,673478,0
0,4,sync_6,GPU,673478,673478,0
0,4,sync__set,GPU,673478,673478,0
0,4,sync__,GPU,673478,673478,0
0,4,residual_2,GPU,673478,673514,36.1589
0,5,MoE_decoder_5,GPU,673514,808217,134703
0,5,input_layer_norm,GPU,673514,673550,36.1589
0,5,attention,GPU,673550,703240,29690.1
0,5,attn_qkv_proj,GPU,673550,679743,6193.22
0,5,Linear,GPU,673550,679743,6193.22
0,5,self_attention,GPU,679743,680778,1035.05
0,5,AttentionSplit,GPU,679743,679743,0
0,5,AttentionSum,Logic,679743,679743,0
0,5,AttentionGen,Logic,679743,680778,1035.05
0,5,AttentionMerge,GPU,680778,680778,0
0,5,attn_o_proj,GPU,680778,684912,4134.17
0,5,Linear,GPU,680778,684912,4134.17
0,5,all_reduce,GPU,684912,703240,18327.7
0,5,residual_1,GPU,703240,703276,36.1589
0,5,post_attn_layer_norm,GPU,703276,703312,36.1589
0,5,expertFFN,GPU,703312,808180,104868
0,5,sync_0,GPU,703312,703312,0
0,5,sync__set,GPU,703312,703312,0
0,5,sync__,GPU,703312,703312,0
0,5,gate_fn,GPU,703312,703361,48.2433
0,5,Linear,GPU,703312,703361,48.2433
0,5,gate_update,GPU,703361,703361,0
0,5,moe_scatter,GPU,703361,703361,0
0,5,sync_for_moe_scatter,GPU,703361,703361,0
0,5,sync__set,GPU,703361,703361,0
0,5,sync__,GPU,703361,703361,0
0,5,moe_route,GPU,703361,703361,0
0,5,expert_FFN_0,GPU,703361,746607,43246
0,5,gate_proj,GPU,703361,717769,14408.3
0,5,Linear,Logic,703361,717769,14408.3
0,5,activation,Logic,717769,717790,21.0927
0,5,up_proj,GPU,717790,732198,14408.3
0,5,Linear,Logic,717790,732198,14408.3
0,5,down_proj,GPU,732198,746607,14408.3
0,5,Linear,Logic,732198,746607,14408.3
0,5,expert_FFN_1,GPU,746607,789853,43246
0,5,gate_proj,GPU,746607,761015,14408.3
0,5,Linear,Logic,746607,761015,14408.3
0,5,activation,Logic,761015,761036,21.0927
0,5,up_proj,GPU,761036,775444,14408.3
0,5,Linear,Logic,761036,775444,14408.3
0,5,down_proj,GPU,775444,789853,14408.3
0,5,Linear,Logic,775444,789853,14408.3
0,5,sync_2,GPU,789853,789853,0
0,5,sync__set,GPU,789853,789853,0
0,5,sync__,GPU,789853,789853,0
0,5,moe_all_reduce_for_e_tp,GPU,789853,789853,0
0,5,sync_3,GPU,789853,789853,0
0,5,sync__set,GPU,789853,789853,0
0,5,sync__,GPU,789853,789853,0
0,5,moe_gather,GPU,789853,789853,0
0,5,sync_for_moe_gather,GPU,789853,789853,0
0,5,sync__set,GPU,789853,789853,0
0,5,sync__,GPU,789853,789853,0
0,5,moe_all_reduce_for_gather,GPU,789853,808180,18327.7
0,5,sync_5,GPU,808180,808180,0
0,5,sync__set,GPU,808180,808180,0
0,5,sync__,GPU,808180,808180,0
0,5,sync_6,GPU,808180,808180,0
0,5,sync__set,GPU,808180,808180,0
0,5,sync__,GPU,808180,808180,0
0,5,residual_2,GPU,808180,808217,36.1589
0,6,MoE_decoder_6,GPU,808217,942895,134679
0,6,input_layer_norm,GPU,808217,808253,36.1589
0,6,attention,GPU,808253,837943,29690.1
0,6,attn_qkv_proj,GPU,808253,814446,6193.22
0,6,Linear,GPU,808253,814446,6193.22
0,6,self_attention,GPU,814446,815481,1035.05
0,6,AttentionSplit,GPU,814446,814446,0
0,6,AttentionSum,Logic,814446,814446,0
0,6,AttentionGen,Logic,814446,815481,1035.05
0,6,AttentionMerge,GPU,815481,815481,0
0,6,attn_o_proj,GPU,815481,819615,4134.17
0,6,Linear,GPU,815481,819615,4134.17
0,6,all_reduce,GPU,819615,837943,18327.7
0,6,residual_1,GPU,837943,837979,36.1589
0,6,post_attn_layer_norm,GPU,837979,838015,36.1589
0,6,expertFFN,GPU,838015,942859,104844
0,6,sync_0,GPU,838015,838015,0
0,6,sync__set,GPU,838015,838015,0
0,6,sync__,GPU,838015,838015,0
0,6,gate_fn,GPU,838015,838063,48.2433
0,6,Linear,GPU,838015,838063,48.2433
0,6,gate_update,GPU,838063,838063,0
0,6,moe_scatter,GPU,838063,838063,0
0,6,sync_for_moe_scatter,GPU,838063,838063,0
0,6,sync__set,GPU,838063,838063,0
0,6,sync__,GPU,838063,838063,0
0,6,moe_route,GPU,838063,838063,0
0,6,expert_FFN_0,GPU,838063,881285,43221.9
0,6,gate_proj,GPU,838063,852467,14403.8
0,6,Linear,Logic,838063,852467,14403.8
0,6,activation,Logic,852467,852478,10.5463
0,6,up_proj,GPU,852478,866882,14403.8
0,6,Linear,Logic,852478,866882,14403.8
0,6,down_proj,GPU,866882,881285,14403.8
0,6,Linear,Logic,866882,881285,14403.8
0,6,expert_FFN_1,GPU,881285,924507,43221.9
0,6,gate_proj,GPU,881285,895689,14403.8
0,6,Linear,Logic,881285,895689,14403.8
0,6,activation,Logic,895689,895700,10.5463
0,6,up_proj,GPU,895700,910103,14403.8
0,6,Linear,Logic,895700,910103,14403.8
0,6,down_proj,GPU,910103,924507,14403.8
0,6,Linear,Logic,910103,924507,14403.8
0,6,sync_2,GPU,924507,924531,24.1059
0,6,sync__set,GPU,924507,924507,0
0,6,sync__,GPU,924507,924531,24.1059
0,6,moe_all_reduce_for_e_tp,GPU,924531,924531,0
0,6,sync_3,GPU,924531,924531,0
0,6,sync__set,GPU,924531,924531,0
0,6,sync__,GPU,924531,924531,0
0,6,moe_gather,GPU,924531,924531,0
0,6,sync_for_moe_gather,GPU,924531,924531,0
0,6,sync__set,GPU,924531,924531,0
0,6,sync__,GPU,924531,924531,0
0,6,moe_all_reduce_for_gather,GPU,924531,942859,18327.7
0,6,sync_5,GPU,942859,942859,0
0,6,sync__set,GPU,942859,942859,0
0,6,sync__,GPU,942859,942859,0
0,6,sync_6,GPU,942859,942859,0
0,6,sync__set,GPU,942859,942859,0
0,6,sync__,GPU,942859,942859,0
0,6,residual_2,GPU,942859,942895,36.1589
0,7,MoE_decoder_7,GPU,942895,1.07755e+06,134655
0,7,input_layer_norm,GPU,942895,942931,36.1589
0,7,attention,GPU,942931,972622,29690.1
0,7,attn_qkv_proj,GPU,942931,949125,6193.22
0,7,Linear,GPU,942931,949125,6193.22
0,7,self_attention,GPU,949125,950160,1035.05
0,7,AttentionSplit,GPU,949125,949125,0
0,7,AttentionSum,Logic,949125,949125,0
0,7,AttentionGen,Logic,949125,950160,1035.05
0,7,AttentionMerge,GPU,950160,950160,0
0,7,attn_o_proj,GPU,950160,954294,4134.17
0,7,Linear,GPU,950160,954294,4134.17
0,7,all_reduce,GPU,954294,972622,18327.7
0,7,residual_1,GPU,972622,972658,36.1589
0,7,post_attn_layer_norm,GPU,972658,972694,36.1589
0,7,expertFFN,GPU,972694,1.07751e+06,104820
0,7,sync_0,GPU,972694,972694,0
0,7,sync__set,GPU,972694,972694,0
0,7,sync__,GPU,972694,972694,0
0,7,gate_fn,GPU,972694,972742,48.2433
0,7,Linear,GPU,972694,972742,48.2433
0,7,gate_update,GPU,972742,972742,0
0,7,moe_scatter,GPU,972742,972742,0
0,7,sync_for_moe_scatter,GPU,972742,972742,0
0,7,sync__set,GPU,972742,972742,0
0,7,sync__,GPU,972742,972742,0
0,7,moe_route,GPU,972742,972742,0
0,7,expert_FFN_0,GPU,972742,1.01599e+06,43246
0,7,gate_proj,GPU,972742,987150,14408.3
0,7,Linear,Logic,972742,987150,14408.3
0,7,activation,Logic,987150,987171,21.0927
0,7,up_proj,GPU,987171,1.00158e+06,14408.3
0,7,Linear,Logic,987171,1.00158e+06,14408.3
0,7,down_proj,GPU,1.00158e+06,1.01599e+06,14408.3
0,7,Linear,Logic,1.00158e+06,1.01599e+06,14408.3
0,7,expert_FFN_1,GPU,1.01599e+06,1.01599e+06,0
0,7,gate_proj,GPU,1.01599e+06,1.01599e+06,0
0,7,Linear,Logic,1.01599e+06,1.01599e+06,0
0,7,activation,Logic,1.01599e+06,1.01599e+06,0
0,7,up_proj,GPU,1.01599e+06,1.01599e+06,0
0,7,Linear,Logic,1.01599e+06,1.01599e+06,0
0,7,down_proj,GPU,1.01599e+06,1.01599e+06,0
0,7,Linear,Logic,1.01599e+06,1.01599e+06,0
0,7,sync_2,GPU,1.01599e+06,1.05919e+06,43197.8
0,7,sync__set,GPU,1.01599e+06,1.01599e+06,0
0,7,sync__,GPU,1.01599e+06,1.05919e+06,43197.8
0,7,moe_all_reduce_for_e_tp,GPU,1.05919e+06,1.05919e+06,0
0,7,sync_3,GPU,1.05919e+06,1.05919e+06,0
0,7,sync__set,GPU,1.05919e+06,1.05919e+06,0
0,7,sync__,GPU,1.05919e+06,1.05919e+06,0
0,7,moe_gather,GPU,1.05919e+06,1.05919e+06,0
0,7,sync_for_moe_gather,GPU,1.05919e+06,1.05919e+06,0
0,7,sync__set,GPU,1.05919e+06,1.05919e+06,0
0,7,sync__,GPU,1.05919e+06,1.05919e+06,0
0,7,moe_all_reduce_for_gather,GPU,1.05919e+06,1.07751e+06,18327.7
0,7,sync_5,GPU,1.07751e+06,1.07751e+06,0
0,7,sync__set,GPU,1.07751e+06,1.07751e+06,0
0,7,sync__,GPU,1.07751e+06,1.07751e+06,0
0,7,sync_6,GPU,1.07751e+06,1.07751e+06,0
0,7,sync__set,GPU,1.07751e+06,1.07751e+06,0
0,7,sync__,GPU,1.07751e+06,1.07751e+06,0
0,7,residual_2,GPU,1.07751e+06,1.07755e+06,36.1589
0,8,MoE_decoder_8,GPU,1.07755e+06,1.21223e+06,134679
0,8,input_layer_norm,GPU,1.07755e+06,1.07759e+06,36.1589
0,8,attention,GPU,1.07759e+06,1.10728e+06,29690.1
0,8,attn_qkv_proj,GPU,1.07759e+06,1.08378e+06,6193.22
0,8,Linear,GPU,1.07759e+06,1.08378e+06,6193.22
0,8,self_attention,GPU,1.08378e+06,1.08481e+06,1035.05
0,8,AttentionSplit,GPU,1.08378e+06,1.08378e+06,0
0,8,AttentionSum,Logic,1.08378e+06,1.08378e+06,0
0,8,AttentionGen,Logic,1.08378e+06,1.08481e+06,1035.05
0,8,AttentionMerge,GPU,1.08481e+06,1.08481e+06,0
0,8,attn_o_proj,GPU,1.08481e+06,1.08895e+06,4134.17
0,8,Linear,GPU,1.08481e+06,1.08895e+06,4134.17
0,8,all_reduce,GPU,1.08895e+06,1.10728e+06,18327.7
0,8,residual_1,GPU,1.10728e+06,1.10731e+06,36.1589
0,8,post_attn_layer_norm,GPU,1.10731e+06,1.10735e+06,36.1589
0,8,expertFFN,GPU,1.10735e+06,1.21219e+06,104844
0,8,sync_0,GPU,1.10735e+06,1.10735e+06,0
0,8,sync__set,GPU,1.10735e+06,1.10735e+06,0
0,8,sync__,GPU,1.10735e+06,1.10735e+06,0
0,8,gate_fn,GPU,1.10735e+06,1.1074e+06,48.2433
0,8,Linear,GPU,1.10735e+06,1.1074e+06,48.2433
0,8,gate_update,GPU,1.1074e+06,1.1074e+06,0
0,8,moe_scatter,GPU,1.1074e+06,1.1074e+06,0
0,8,sync_for_moe_scatter,GPU,1.1074e+06,1.1074e+06,0
0,8,sync__set,GPU,1.1074e+06,1.1074e+06,0
0,8,sync__,GPU,1.1074e+06,1.1074e+06,0
0,8,moe_route,GPU,1.1074e+06,1.1074e+06,0
0,8,expert_FFN_0,GPU,1.1074e+06,1.1074e+06,0
0,8,gate_proj,GPU,1.1074e+06,1.1074e+06,0
0,8,Linear,Logic,1.1074e+06,1.1074e+06,0
0,8,activation,Logic,1.1074e+06,1.1074e+06,0
0,8,up_proj,GPU,1.1074e+06,1.1074e+06,0
0,8,Linear,Logic,1.1074e+06,1.1074e+06,0
0,8,down_proj,GPU,1.1074e+06,1.1074e+06,0
0,8,Linear,Logic,1.1074e+06,1.1074e+06,0
0,8,expert_FFN_1,GPU,1.1074e+06,1.15062e+06,43221.9
0,8,gate_proj,GPU,1.1074e+06,1.1218e+06,14403.8
0,8,Linear,Logic,1.1074e+06,1.1218e+06,14403.8
0,8,activation,Logic,1.1218e+06,1.12181e+06,10.5463
0,8,up_proj,GPU,1.12181e+06,1.13621e+06,14403.8
0,8,Linear,Logic,1.12181e+06,1.13621e+06,14403.8
0,8,down_proj,GPU,1.13621e+06,1.15062e+06,14403.8
0,8,Linear,Logic,1.13621e+06,1.15062e+06,14403.8
0,8,sync_2,GPU,1.15062e+06,1.19386e+06,43246
0,8,sync__set,GPU,1.15062e+06,1.15062e+06,0
0,8,sync__,GPU,1.15062e+06,1.19386e+06,43246
0,8,moe_all_reduce_for_e_tp,GPU,1.19386e+06,1.19386e+06,0
0,8,sync_3,GPU,1.19386e+06,1.19386e+06,0
0,8,sync__set,GPU,1.19386e+06,1.19386e+06,0
0,8,sync__,GPU,1.19386e+06,1.19386e+06,0
0,8,moe_gather,GPU,1.19386e+06,1.19386e+06,0
0,8,sync_for_moe_gather,GPU,1.19386e+06,1.19386e+06,0
0,8,sync__set,GPU,1.19386e+06,1.19386e+06,0
0,8,sync__,GPU,1.19386e+06,1.19386e+06,0
0,8,moe_all_reduce_for_gather,GPU,1.19386e+06,1.21219e+06,18327.7
0,8,sync_5,GPU,1.21219e+06,1.21219e+06,0
0,8,sync__set,GPU,1.21219e+06,1.21219e+06,0
0,8,sync__,GPU,1.21219e+06,1.21219e+06,0
0,8,sync_6,GPU,1.21219e+06,1.21219e+06,0
0,8,sync__set,GPU,1.21219e+06,1.21219e+06,0
0,8,sync__,GPU,1.21219e+06,1.21219e+06,0
0,8,residual_2,GPU,1.21219e+06,1.21223e+06,36.1589
0,9,MoE_decoder_9,GPU,1.21223e+06,1.34691e+06,134679
0,9,input_layer_norm,GPU,1.21223e+06,1.21226e+06,36.1589
0,9,attention,GPU,1.21226e+06,1.24195e+06,29690.1
0,9,attn_qkv_proj,GPU,1.21226e+06,1.21846e+06,6193.22
0,9,Linear,GPU,1.21226e+06,1.21846e+06,6193.22
0,9,self_attention,GPU,1.21846e+06,1.21949e+06,1035.05
0,9,AttentionSplit,GPU,1.21846e+06,1.21846e+06,0
0,9,AttentionSum,Logic,1.21846e+06,1.21846e+06,0
0,9,AttentionGen,Logic,1.21846e+06,1.21949e+06,1035.05
0,9,AttentionMerge,GPU,1.21949e+06,1.21949e+06,0
0,9,attn_o_proj,GPU,1.21949e+06,1.22363e+06,4134.17
0,9,Linear,GPU,1.21949e+06,1.22363e+06,4134.17
0,9,all_reduce,GPU,1.22363e+06,1.24195e+06,18327.7
0,9,residual_1,GPU,1.24195e+06,1.24199e+06,36.1589
0,9,post_attn_layer_norm,GPU,1.24199e+06,1.24203e+06,36.1589
0,9,expertFFN,GPU,1.24203e+06,1.34687e+06,104844
0,9,sync_0,GPU,1.24203e+06,1.24203e+06,0
0,9,sync__set,GPU,1.24203e+06,1.24203e+06,0
0,9,sync__,GPU,1.24203e+06,1.24203e+06,0
0,9,gate_fn,GPU,1.24203e+06,1.24208e+06,48.2433
0,9,Linear,GPU,1.24203e+06,1.24208e+06,48.2433
0,9,gate_update,GPU,1.24208e+06,1.24208e+06,0
0,9,moe_scatter,GPU,1.24208e+06,1.24208e+06,0
0,9,sync_for_moe_scatter,GPU,1.24208e+06,1.24208e+06,0
0,9,sync__set,GPU,1.24208e+06,1.24208e+06,0
0,9,sync__,GPU,1.24208e+06,1.24208e+06,0
0,9,moe_route,GPU,1.24208e+06,1.24208e+06,0
0,9,expert_FFN_0,GPU,1.24208e+06,1.2853e+06,43221.9
0,9,gate_proj,GPU,1.24208e+06,1.25648e+06,14403.8
0,9,Linear,Logic,1.24208e+06,1.25648e+06,14403.8
0,9,activation,Logic,1.25648e+06,1.25649e+06,10.5463
0,9,up_proj,GPU,1.25649e+06,1.27089e+06,14403.8
0,9,Linear,Logic,1.25649e+06,1.27089e+06,14403.8
0,9,down_proj,GPU,1.27089e+06,1.2853e+06,14403.8
0,9,Linear,Logic,1.27089e+06,1.2853e+06,14403.8
0,9,expert_FFN_1,GPU,1.2853e+06,1.32852e+06,43221.9
0,9,gate_proj,GPU,1.2853e+06,1.2997e+06,14403.8
0,9,Linear,Logic,1.2853e+06,1.2997e+06,14403.8
0,9,activation,Logic,1.2997e+06,1.29971e+06,10.5463
0,9,up_proj,GPU,1.29971e+06,1.31412e+06,14403.8
0,9,Linear,Logic,1.29971e+06,1.31412e+06,14403.8
0,9,down_proj,GPU,1.31412e+06,1.32852e+06,14403.8
0,9,Linear,Logic,1.31412e+06,1.32852e+06,14403.8
0,9,sync_2,GPU,1.32852e+06,1.32854e+06,24.1059
0,9,sync__set,GPU,1.32852e+06,1.32852e+06,0
0,9,sync__,GPU,1.32852e+06,1.32854e+06,24.1059
0,9,moe_all_reduce_for_e_tp,GPU,1.32854e+06,1.32854e+06,0
0,9,sync_3,GPU,1.32854e+06,1.32854e+06,0
0,9,sync__set,GPU,1.32854e+06,1.32854e+06,0
0,9,sync__,GPU,1.32854e+06,1.32854e+06,0
0,9,moe_gather,GPU,1.32854e+06,1.32854e+06,0
0,9,sync_for_moe_gather,GPU,1.32854e+06,1.32854e+06,0
0,9,sync__set,GPU,1.32854e+06,1.32854e+06,0
0,9,sync__,GPU,1.32854e+06,1.32854e+06,0
0,9,moe_all_reduce_for_gather,GPU,1.32854e+06,1.34687e+06,18327.7
0,9,sync_5,GPU,1.34687e+06,1.34687e+06,0
0,9,sync__set,GPU,1.34687e+06,1.34687e+06,0
0,9,sync__,GPU,1.34687e+06,1.34687e+06,0
0,9,sync_6,GPU,1.34687e+06,1.34687e+06,0
0,9,sync__set,GPU,1.34687e+06,1.34687e+06,0
0,9,sync__,GPU,1.34687e+06,1.34687e+06,0
0,9,residual_2,GPU,1.34687e+06,1.34691e+06,36.1589
0,10,MoE_decoder_10,GPU,1.34691e+06,1.48161e+06,134703
0,10,input_layer_norm,GPU,1.34691e+06,1.34694e+06,36.1589
0,10,attention,GPU,1.34694e+06,1.37663e+06,29690.1
0,10,attn_qkv_proj,GPU,1.34694e+06,1.35314e+06,6193.22
0,10,Linear,GPU,1.34694e+06,1.35314e+06,6193.22
0,10,self_attention,GPU,1.35314e+06,1.35417e+06,1035.05
0,10,AttentionSplit,GPU,1.35314e+06,1.35314e+06,0
0,10,AttentionSum,Logic,1.35314e+06,1.35314e+06,0
0,10,AttentionGen,Logic,1.35314e+06,1.35417e+06,1035.05
0,10,AttentionMerge,GPU,1.35417e+06,1.35417e+06,0
0,10,attn_o_proj,GPU,1.35417e+06,1.35831e+06,4134.17
0,10,Linear,GPU,1.35417e+06,1.35831e+06,4134.17
0,10,all_reduce,GPU,1.35831e+06,1.37663e+06,18327.7
0,10,residual_1,GPU,1.37663e+06,1.37667e+06,36.1589
0,10,post_attn_layer_norm,GPU,1.37667e+06,1.37671e+06,36.1589
0,10,expertFFN,GPU,1.37671e+06,1.48157e+06,104868
0,10,sync_0,GPU,1.37671e+06,1.37671e+06,0
0,10,sync__set,GPU,1.37671e+06,1.37671e+06,0
0,10,sync__,GPU,1.37671e+06,1.37671e+06,0
0,10,gate_fn,GPU,1.37671e+06,1.37675e+06,48.2433
0,10,Linear,GPU,1.37671e+06,1.37675e+06,48.2433
0,10,gate_update,GPU,1.37675e+06,1.37675e+06,0
0,10,moe_scatter,GPU,1.37675e+06,1.37675e+06,0
0,10,sync_for_moe_scatter,GPU,1.37675e+06,1.37675e+06,0
0,10,sync__set,GPU,1.37675e+06,1.37675e+06,0
0,10,sync__,GPU,1.37675e+06,1.37675e+06,0
0,10,moe_route,GPU,1.37675e+06,1.37675e+06,0
0,10,expert_FFN_0,GPU,1.37675e+06,1.41998e+06,43221.9
0,10,gate_proj,GPU,1.37675e+06,1.39116e+06,14403.8
0,10,Linear,Logic,1.37675e+06,1.39116e+06,14403.8
0,10,activation,Logic,1.39116e+06,1.39117e+06,10.5463
0,10,up_proj,GPU,1.39117e+06,1.40557e+06,14403.8
0,10,Linear,Logic,1.39117e+06,1.40557e+06,14403.8
0,10,down_proj,GPU,1.40557e+06,1.41998e+06,14403.8
0,10,Linear,Logic,1.40557e+06,1.41998e+06,14403.8
0,10,expert_FFN_1,GPU,1.41998e+06,1.41998e+06,0
0,10,gate_proj,GPU,1.41998e+06,1.41998e+06,0
0,10,Linear,Logic,1.41998e+06,1.41998e+06,0
0,10,activation,Logic,1.41998e+06,1.41998e+06,0
0,10,up_proj,GPU,1.41998e+06,1.41998e+06,0
0,10,Linear,Logic,1.41998e+06,1.41998e+06,0
0,10,down_proj,GPU,1.41998e+06,1.41998e+06,0
0,10,Linear,Logic,1.41998e+06,1.41998e+06,0
0,10,sync_2,GPU,1.41998e+06,1.46325e+06,43270.2
0,10,sync__set,GPU,1.41998e+06,1.41998e+06,0
0,10,sync__,GPU,1.41998e+06,1.46325e+06,43270.2
0,10,moe_all_reduce_for_e_tp,GPU,1.46325e+06,1.46325e+06,0
0,10,sync_3,GPU,1.46325e+06,1.46325e+06,0
0,10,sync__set,GPU,1.46325e+06,1.46325e+06,0
0,10,sync__,GPU,1.46325e+06,1.46325e+06,0
0,10,moe_gather,GPU,1.46325e+06,1.46325e+06,0
0,10,sync_for_moe_gather,GPU,1.46325e+06,1.46325e+06,0
0,10,sync__set,GPU,1.46325e+06,1.46325e+06,0
0,10,sync__,GPU,1.46325e+06,1.46325e+06,0
0,10,moe_all_reduce_for_gather,GPU,1.46325e+06,1.48157e+06,18327.7
0,10,sync_5,GPU,1.48157e+06,1.48157e+06,0
0,10,sync__set,GPU,1.48157e+06,1.48157e+06,0
0,10,sync__,GPU,1.48157e+06,1.48157e+06,0
0,10,sync_6,GPU,1.48157e+06,1.48157e+06,0
0,10,sync__set,GPU,1.48157e+06,1.48157e+06,0
0,10,sync__,GPU,1.48157e+06,1.48157e+06,0
0,10,residual_2,GPU,1.48157e+06,1.48161e+06,36.1589
0,11,MoE_decoder_11,GPU,1.48161e+06,1.61629e+06,134679
0,11,input_layer_norm,GPU,1.48161e+06,1.48165e+06,36.1589
0,11,attention,GPU,1.48165e+06,1.51134e+06,29690.1
0,11,attn_qkv_proj,GPU,1.48165e+06,1.48784e+06,6193.22
0,11,Linear,GPU,1.48165e+06,1.48784e+06,6193.22
0,11,self_attention,GPU,1.48784e+06,1.48887e+06,1035.05
0,11,AttentionSplit,GPU,1.48784e+06,1.48784e+06,0
0,11,AttentionSum,Logic,1.48784e+06,1.48784e+06,0
0,11,AttentionGen,Logic,1.48784e+06,1.48887e+06,1035.05
0,11,AttentionMerge,GPU,1.48887e+06,1.48887e+06,0
0,11,attn_o_proj,GPU,1.48887e+06,1.49301e+06,4134.17
0,11,Linear,GPU,1.48887e+06,1.49301e+06,4134.17
0,11,all_reduce,GPU,1.49301e+06,1.51134e+06,18327.7
0,11,residual_1,GPU,1.51134e+06,1.51137e+06,36.1589
0,11,post_attn_layer_norm,GPU,1.51137e+06,1.51141e+06,36.1589
0,11,expertFFN,GPU,1.51141e+06,1.61625e+06,104844
0,11,sync_0,GPU,1.51141e+06,1.51141e+06,0
0,11,sync__set,GPU,1.51141e+06,1.51141e+06,0
0,11,sync__,GPU,1.51141e+06,1.51141e+06,0
0,11,gate_fn,GPU,1.51141e+06,1.51146e+06,48.2433
0,11,Linear,GPU,1.51141e+06,1.51146e+06,48.2433
0,11,gate_update,GPU,1.51146e+06,1.51146e+06,0
0,11,moe_scatter,GPU,1.51146e+06,1.51146e+06,0
0,11,sync_for_moe_scatter,GPU,1.51146e+06,1.51146e+06,0
0,11,sync__set,GPU,1.51146e+06,1.51146e+06,0
0,11,sync__,GPU,1.51146e+06,1.51146e+06,0
0,11,moe_route,GPU,1.51146e+06,1.51146e+06,0
0,11,expert_FFN_0,GPU,1.51146e+06,1.51146e+06,0
0,11,gate_proj,GPU,1.51146e+06,1.51146e+06,0
0,11,Linear,Logic,1.51146e+06,1.51146e+06,0
0,11,activation,Logic,1.51146e+06,1.51146e+06,0
0,11,up_proj,GPU,1.51146e+06,1.51146e+06,0
0,11,Linear,Logic,1.51146e+06,1.51146e+06,0
0,11,down_proj,GPU,1.51146e+06,1.51146e+06,0
0,11,Linear,Logic,1.51146e+06,1.51146e+06,0
0,11,expert_FFN_1,GPU,1.51146e+06,1.5547e+06,43246
0,11,gate_proj,GPU,1.51146e+06,1.52587e+06,14408.3
0,11,Linear,Logic,1.51146e+06,1.52587e+06,14408.3
0,11,activation,Logic,1.52587e+06,1.52589e+06,21.0927
0,11,up_proj,GPU,1.52589e+06,1.54029e+06,14408.3
0,11,Linear,Logic,1.52589e+06,1.54029e+06,14408.3
0,11,down_proj,GPU,1.54029e+06,1.5547e+06,14408.3
0,11,Linear,Logic,1.54029e+06,1.5547e+06,14408.3
0,11,sync_2,GPU,1.5547e+06,1.59792e+06,43221.9
0,11,sync__set,GPU,1.5547e+06,1.5547e+06,0
0,11,sync__,GPU,1.5547e+06,1.59792e+06,43221.9
0,11,moe_all_reduce_for_e_tp,GPU,1.59792e+06,1.59792e+06,0
0,11,sync_3,GPU,1.59792e+06,1.59792e+06,0
0,11,sync__set,GPU,1.59792e+06,1.59792e+06,0
0,11,sync__,GPU,1.59792e+06,1.59792e+06,0
0,11,moe_gather,GPU,1.59792e+06,1.59792e+06,0
0,11,sync_for_moe_gather,GPU,1.59792e+06,1.59792e+06,0
0,11,sync__set,GPU,1.59792e+06,1.59792e+06,0
0,11,sync__,GPU,1.59792e+06,1.59792e+06,0
0,11,moe_all_reduce_for_gather,GPU,1.59792e+06,1.61625e+06,18327.7
0,11,sync_5,GPU,1.61625e+06,1.61625e+06,0
0,11,sync__set,GPU,1.61625e+06,1.61625e+06,0
0,11,sync__,GPU,1.61625e+06,1.61625e+06,0
0,11,sync_6,GPU,1.61625e+06,1.61625e+06,0
0,11,sync__set,GPU,1.61625e+06,1.61625e+06,0
0,11,sync__,GPU,1.61625e+06,1.61625e+06,0
0,11,residual_2,GPU,1.61625e+06,1.61629e+06,36.1589
0,12,MoE_decoder_12,GPU,1.61629e+06,1.75097e+06,134679
0,12,input_layer_norm,GPU,1.61629e+06,1.61632e+06,36.1589
0,12,attention,GPU,1.61632e+06,1.64601e+06,29690.1
0,12,attn_qkv_proj,GPU,1.61632e+06,1.62252e+06,6193.22
0,12,Linear,GPU,1.61632e+06,1.62252e+06,6193.22
0,12,self_attention,GPU,1.62252e+06,1.62355e+06,1035.05
0,12,AttentionSplit,GPU,1.62252e+06,1.62252e+06,0
0,12,AttentionSum,Logic,1.62252e+06,1.62252e+06,0
0,12,AttentionGen,Logic,1.62252e+06,1.62355e+06,1035.05
0,12,AttentionMerge,GPU,1.62355e+06,1.62355e+06,0
0,12,attn_o_proj,GPU,1.62355e+06,1.62769e+06,4134.17
0,12,Linear,GPU,1.62355e+06,1.62769e+06,4134.17
0,12,all_reduce,GPU,1.62769e+06,1.64601e+06,18327.7
0,12,residual_1,GPU,1.64601e+06,1.64605e+06,36.1589
0,12,post_attn_layer_norm,GPU,1.64605e+06,1.64609e+06,36.1589
0,12,expertFFN,GPU,1.64609e+06,1.75093e+06,104844
0,12,sync_0,GPU,1.64609e+06,1.64609e+06,0
0,12,sync__set,GPU,1.64609e+06,1.64609e+06,0
0,12,sync__,GPU,1.64609e+06,1.64609e+06,0
0,12,gate_fn,GPU,1.64609e+06,1.64614e+06,48.2433
0,12,Linear,GPU,1.64609e+06,1.64614e+06,48.2433
0,12,gate_update,GPU,1.64614e+06,1.64614e+06,0
0,12,moe_scatter,GPU,1.64614e+06,1.64614e+06,0
0,12,sync_for_moe_scatter,GPU,1.64614e+06,1.64614e+06,0
0,12,sync__set,GPU,1.64614e+06,1.64614e+06,0
0,12,sync__,GPU,1.64614e+06,1.64614e+06,0
0,12,moe_route,GPU,1.64614e+06,1.64614e+06,0
0,12,expert_FFN_0,GPU,1.64614e+06,1.68936e+06,43221.9
0,12,gate_proj,GPU,1.64614e+06,1.66054e+06,14403.8
0,12,Linear,Logic,1.64614e+06,1.66054e+06,14403.8
0,12,activation,Logic,1.66054e+06,1.66055e+06,10.5463
0,12,up_proj,GPU,1.66055e+06,1.67495e+06,14403.8
0,12,Linear,Logic,1.66055e+06,1.67495e+06,14403.8
0,12,down_proj,GPU,1.67495e+06,1.68936e+06,14403.8
0,12,Linear,Logic,1.67495e+06,1.68936e+06,14403.8
0,12,expert_FFN_1,GPU,1.68936e+06,1.7326e+06,43246
0,12,gate_proj,GPU,1.68936e+06,1.70377e+06,14408.3
0,12,Linear,Logic,1.68936e+06,1.70377e+06,14408.3
0,12,activation,Logic,1.70377e+06,1.70379e+06,21.0927
0,12,up_proj,GPU,1.70379e+06,1.7182e+06,14408.3
0,12,Linear,Logic,1.70379e+06,1.7182e+06,14408.3
0,12,down_proj,GPU,1.7182e+06,1.7326e+06,14408.3
0,12,Linear,Logic,1.7182e+06,1.7326e+06,14408.3
0,12,sync_2,GPU,1.7326e+06,1.7326e+06,0
0,12,sync__set,GPU,1.7326e+06,1.7326e+06,0
0,12,sync__,GPU,1.7326e+06,1.7326e+06,0
0,12,moe_all_reduce_for_e_tp,GPU,1.7326e+06,1.7326e+06,0
0,12,sync_3,GPU,1.7326e+06,1.7326e+06,0
0,12,sync__set,GPU,1.7326e+06,1.7326e+06,0
0,12,sync__,GPU,1.7326e+06,1.7326e+06,0
0,12,moe_gather,GPU,1.7326e+06,1.7326e+06,0
0,12,sync_for_moe_gather,GPU,1.7326e+06,1.7326e+06,0
0,12,sync__set,GPU,1.7326e+06,1.7326e+06,0
0,12,sync__,GPU,1.7326e+06,1.7326e+06,0
0,12,moe_all_reduce_for_gather,GPU,1.7326e+06,1.75093e+06,18327.7
0,12,sync_5,GPU,1.75093e+06,1.75093e+06,0
0,12,sync__set,GPU,1.75093e+06,1.75093e+06,0
0,12,sync__,GPU,1.75093e+06,1.75093e+06,0
0,12,sync_6,GPU,1.75093e+06,1.75093e+06,0
0,12,sync__set,GPU,1.75093e+06,1.75093e+06,0
0,12,sync__,GPU,1.75093e+06,1.75093e+06,0
0,12,residual_2,GPU,1.75093e+06,1.75097e+06,36.1589
0,13,MoE_decoder_13,GPU,1.75097e+06,1.88567e+06,134703
0,13,input_layer_norm,GPU,1.75097e+06,1.751e+06,36.1589
0,13,attention,GPU,1.751e+06,1.78069e+06,29690.1
0,13,attn_qkv_proj,GPU,1.751e+06,1.7572e+06,6193.22
0,13,Linear,GPU,1.751e+06,1.7572e+06,6193.22
0,13,self_attention,GPU,1.7572e+06,1.75823e+06,1035.05
0,13,AttentionSplit,GPU,1.7572e+06,1.7572e+06,0
0,13,AttentionSum,Logic,1.7572e+06,1.7572e+06,0
0,13,AttentionGen,Logic,1.7572e+06,1.75823e+06,1035.05
0,13,AttentionMerge,GPU,1.75823e+06,1.75823e+06,0
0,13,attn_o_proj,GPU,1.75823e+06,1.76237e+06,4134.17
0,13,Linear,GPU,1.75823e+06,1.76237e+06,4134.17
0,13,all_reduce,GPU,1.76237e+06,1.78069e+06,18327.7
0,13,residual_1,GPU,1.78069e+06,1.78073e+06,36.1589
0,13,post_attn_layer_norm,GPU,1.78073e+06,1.78077e+06,36.1589
0,13,expertFFN,GPU,1.78077e+06,1.88563e+06,104868
0,13,sync_0,GPU,1.78077e+06,1.78077e+06,0
0,13,sync__set,GPU,1.78077e+06,1.78077e+06,0
0,13,sync__,GPU,1.78077e+06,1.78077e+06,0
0,13,gate_fn,GPU,1.78077e+06,1.78081e+06,48.2433
0,13,Linear,GPU,1.78077e+06,1.78081e+06,48.2433
0,13,gate_update,GPU,1.78081e+06,1.78081e+06,0
0,13,moe_scatter,GPU,1.78081e+06,1.78081e+06,0
0,13,sync_for_moe_scatter,GPU,1.78081e+06,1.78081e+06,0
0,13,sync__set,GPU,1.78081e+06,1.78081e+06,0
0,13,sync__,GPU,1.78081e+06,1.78081e+06,0
0,13,moe_route,GPU,1.78081e+06,1.78081e+06,0
0,13,expert_FFN_0,GPU,1.78081e+06,1.78081e+06,0
0,13,gate_proj,GPU,1.78081e+06,1.78081e+06,0
0,13,Linear,Logic,1.78081e+06,1.78081e+06,0
0,13,activation,Logic,1.78081e+06,1.78081e+06,0
0,13,up_proj,GPU,1.78081e+06,1.78081e+06,0
0,13,Linear,Logic,1.78081e+06,1.78081e+06,0
0,13,down_proj,GPU,1.78081e+06,1.78081e+06,0
0,13,Linear,Logic,1.78081e+06,1.78081e+06,0
0,13,expert_FFN_1,GPU,1.78081e+06,1.82406e+06,43246
0,13,gate_proj,GPU,1.78081e+06,1.79522e+06,14408.3
0,13,Linear,Logic,1.78081e+06,1.79522e+06,14408.3
0,13,activation,Logic,1.79522e+06,1.79524e+06,21.0927
0,13,up_proj,GPU,1.79524e+06,1.80965e+06,14408.3
0,13,Linear,Logic,1.79524e+06,1.80965e+06,14408.3
0,13,down_proj,GPU,1.80965e+06,1.82406e+06,14408.3
0,13,Linear,Logic,1.80965e+06,1.82406e+06,14408.3
0,13,sync_2,GPU,1.82406e+06,1.86731e+06,43246
0,13,sync__set,GPU,1.82406e+06,1.82406e+06,0
0,13,sync__,GPU,1.82406e+06,1.86731e+06,43246
0,13,moe_all_reduce_for_e_tp,GPU,1.86731e+06,1.86731e+06,0
0,13,sync_3,GPU,1.86731e+06,1.86731e+06,0
0,13,sync__set,GPU,1.86731e+06,1.86731e+06,0
0,13,sync__,GPU,1.86731e+06,1.86731e+06,0
0,13,moe_gather,GPU,1.86731e+06,1.86731e+06,0
0,13,sync_for_moe_gather,GPU,1.86731e+06,1.86731e+06,0
0,13,sync__set,GPU,1.86731e+06,1.86731e+06,0
0,13,sync__,GPU,1.86731e+06,1.86731e+06,0
0,13,moe_all_reduce_for_gather,GPU,1.86731e+06,1.88563e+06,18327.7
0,13,sync_5,GPU,1.88563e+06,1.88563e+06,0
0,13,sync__set,GPU,1.88563e+06,1.88563e+06,0
0,13,sync__,GPU,1.88563e+06,1.88563e+06,0
0,13,sync_6,GPU,1.88563e+06,1.88563e+06,0
0,13,sync__set,GPU,1.88563e+06,1.88563e+06,0
0,13,sync__,GPU,1.88563e+06,1.88563e+06,0
0,13,residual_2,GPU,1.88563e+06,1.88567e+06,36.1589
0,14,MoE_decoder_14,GPU,1.88567e+06,2.02035e+06,134679
0,14,input_layer_norm,GPU,1.88567e+06,1.88571e+06,36.1589
0,14,attention,GPU,1.88571e+06,1.9154e+06,29690.1
0,14,attn_qkv_proj,GPU,1.88571e+06,1.8919e+06,6193.22
0,14,Linear,GPU,1.88571e+06,1.8919e+06,6193.22
0,14,self_attention,GPU,1.8919e+06,1.89293e+06,1035.05
0,14,AttentionSplit,GPU,1.8919e+06,1.8919e+06,0
0,14,AttentionSum,Logic,1.8919e+06,1.8919e+06,0
0,14,AttentionGen,Logic,1.8919e+06,1.89293e+06,1035.05
0,14,AttentionMerge,GPU,1.89293e+06,1.89293e+06,0
0,14,attn_o_proj,GPU,1.89293e+06,1.89707e+06,4134.17
0,14,Linear,GPU,1.89293e+06,1.89707e+06,4134.17
0,14,all_reduce,GPU,1.89707e+06,1.9154e+06,18327.7
0,14,residual_1,GPU,1.9154e+06,1.91543e+06,36.1589
0,14,post_attn_layer_norm,GPU,1.91543e+06,1.91547e+06,36.1589
0,14,expertFFN,GPU,1.91547e+06,2.02031e+06,104844
0,14,sync_0,GPU,1.91547e+06,1.91547e+06,0
0,14,sync__set,GPU,1.91547e+06,1.91547e+06,0
0,14,sync__,GPU,1.91547e+06,1.91547e+06,0
0,14,gate_fn,GPU,1.91547e+06,1.91552e+06,48.2433
0,14,Linear,GPU,1.91547e+06,1.91552e+06,48.2433
0,14,gate_update,GPU,1.91552e+06,1.91552e+06,0
0,14,moe_scatter,GPU,1.91552e+06,1.91552e+06,0
0,14,sync_for_moe_scatter,GPU,1.91552e+06,1.91552e+06,0
0,14,sync__set,GPU,1.91552e+06,1.91552e+06,0
0,14,sync__,GPU,1.91552e+06,1.91552e+06,0
0,14,moe_route,GPU,1.91552e+06,1.91552e+06,0
0,14,expert_FFN_0,GPU,1.91552e+06,1.95874e+06,43221.9
0,14,gate_proj,GPU,1.91552e+06,1.92992e+06,14403.8
0,14,Linear,Logic,1.91552e+06,1.92992e+06,14403.8
0,14,activation,Logic,1.92992e+06,1.92993e+06,10.5463
0,14,up_proj,GPU,1.92993e+06,1.94433e+06,14403.8
0,14,Linear,Logic,1.92993e+06,1.94433e+06,14403.8
0,14,down_proj,GPU,1.94433e+06,1.95874e+06,14403.8
0,14,Linear,Logic,1.94433e+06,1.95874e+06,14403.8
0,14,expert_FFN_1,GPU,1.95874e+06,1.95874e+06,0
0,14,gate_proj,GPU,1.95874e+06,1.95874e+06,0
0,14,Linear,Logic,1.95874e+06,1.95874e+06,0
0,14,activation,Logic,1.95874e+06,1.95874e+06,0
0,14,up_proj,GPU,1.95874e+06,1.95874e+06,0
0,14,Linear,Logic,1.95874e+06,1.95874e+06,0
0,14,down_proj,GPU,1.95874e+06,1.95874e+06,0
0,14,Linear,Logic,1.95874e+06,1.95874e+06,0
0,14,sync_2,GPU,1.95874e+06,2.00198e+06,43246
0,14,sync__set,GPU,1.95874e+06,1.95874e+06,0
0,14,sync__,GPU,1.95874e+06,2.00198e+06,43246
0,14,moe_all_reduce_for_e_tp,GPU,2.00198e+06,2.00198e+06,0
0,14,sync_3,GPU,2.00198e+06,2.00198e+06,0
0,14,sync__set,GPU,2.00198e+06,2.00198e+06,0
0,14,sync__,GPU,2.00198e+06,2.00198e+06,0
0,14,moe_gather,GPU,2.00198e+06,2.00198e+06,0
0,14,sync_for_moe_gather,GPU,2.00198e+06,2.00198e+06,0
0,14,sync__set,GPU,2.00198e+06,2.00198e+06,0
0,14,sync__,GPU,2.00198e+06,2.00198e+06,0
0,14,moe_all_reduce_for_gather,GPU,2.00198e+06,2.02031e+06,18327.7
0,14,sync_5,GPU,2.02031e+06,2.02031e+06,0
0,14,sync__set,GPU,2.02031e+06,2.02031e+06,0
0,14,sync__,GPU,2.02031e+06,2.02031e+06,0
0,14,sync_6,GPU,2.02031e+06,2.02031e+06,0
0,14,sync__set,GPU,2.02031e+06,2.02031e+06,0
0,14,sync__,GPU,2.02031e+06,2.02031e+06,0
0,14,residual_2,GPU,2.02031e+06,2.02035e+06,36.1589
0,15,MoE_decoder_15,GPU,2.02035e+06,2.155e+06,134655
0,15,input_layer_norm,GPU,2.02035e+06,2.02038e+06,36.1589
0,15,attention,GPU,2.02038e+06,2.05007e+06,29690.1
0,15,attn_qkv_proj,GPU,2.02038e+06,2.02658e+06,6193.22
0,15,Linear,GPU,2.02038e+06,2.02658e+06,6193.22
0,15,self_attention,GPU,2.02658e+06,2.02761e+06,1035.05
0,15,AttentionSplit,GPU,2.02658e+06,2.02658e+06,0
0,15,AttentionSum,Logic,2.02658e+06,2.02658e+06,0
0,15,AttentionGen,Logic,2.02658e+06,2.02761e+06,1035.05
0,15,AttentionMerge,GPU,2.02761e+06,2.02761e+06,0
0,15,attn_o_proj,GPU,2.02761e+06,2.03175e+06,4134.17
0,15,Linear,GPU,2.02761e+06,2.03175e+06,4134.17
0,15,all_reduce,GPU,2.03175e+06,2.05007e+06,18327.7
0,15,residual_1,GPU,2.05007e+06,2.05011e+06,36.1589
0,15,post_attn_layer_norm,GPU,2.05011e+06,2.05015e+06,36.1589
0,15,expertFFN,GPU,2.05015e+06,2.15497e+06,104820
0,15,sync_0,GPU,2.05015e+06,2.05015e+06,0
0,15,sync__set,GPU,2.05015e+06,2.05015e+06,0
0,15,sync__,GPU,2.05015e+06,2.05015e+06,0
0,15,gate_fn,GPU,2.05015e+06,2.0502e+06,48.2433
0,15,Linear,GPU,2.05015e+06,2.0502e+06,48.2433
0,15,gate_update,GPU,2.0502e+06,2.0502e+06,0
0,15,moe_scatter,GPU,2.0502e+06,2.0502e+06,0
0,15,sync_for_moe_scatter,GPU,2.0502e+06,2.0502e+06,0
0,15,sync__set,GPU,2.0502e+06,2.0502e+06,0
0,15,sync__,GPU,2.0502e+06,2.0502e+06,0
0,15,moe_route,GPU,2.0502e+06,2.0502e+06,0
0,15,expert_FFN_0,GPU,2.0502e+06,2.09342e+06,43221.9
0,15,gate_proj,GPU,2.0502e+06,2.0646e+06,14403.8
0,15,Linear,Logic,2.0502e+06,2.0646e+06,14403.8
0,15,activation,Logic,2.0646e+06,2.06461e+06,10.5463
0,15,up_proj,GPU,2.06461e+06,2.07901e+06,14403.8
0,15,Linear,Logic,2.06461e+06,2.07901e+06,14403.8
0,15,down_proj,GPU,2.07901e+06,2.09342e+06,14403.8
0,15,Linear,Logic,2.07901e+06,2.09342e+06,14403.8
0,15,expert_FFN_1,GPU,2.09342e+06,2.13664e+06,43221.9
0,15,gate_proj,GPU,2.09342e+06,2.10782e+06,14403.8
0,15,Linear,Logic,2.09342e+06,2.10782e+06,14403.8
0,15,activation,Logic,2.10782e+06,2.10783e+06,10.5463
0,15,up_proj,GPU,2.10783e+06,2.12224e+06,14403.8
0,15,Linear,Logic,2.10783e+06,2.12224e+06,14403.8
0,15,down_proj,GPU,2.12224e+06,2.13664e+06,14403.8
0,15,Linear,Logic,2.12224e+06,2.13664e+06,14403.8
0,15,sync_2,GPU,2.13664e+06,2.13664e+06,0
0,15,sync__set,GPU,2.13664e+06,2.13664e+06,0
0,15,sync__,GPU,2.13664e+06,2.13664e+06,0
0,15,moe_all_reduce_for_e_tp,GPU,2.13664e+06,2.13664e+06,0
0,15,sync_3,GPU,2.13664e+06,2.13664e+06,0
0,15,sync__set,GPU,2.13664e+06,2.13664e+06,0
0,15,sync__,GPU,2.13664e+06,2.13664e+06,0
0,15,moe_gather,GPU,2.13664e+06,2.13664e+06,0
0,15,sync_for_moe_gather,GPU,2.13664e+06,2.13664e+06,0
0,15,sync__set,GPU,2.13664e+06,2.13664e+06,0
0,15,sync__,GPU,2.13664e+06,2.13664e+06,0
0,15,moe_all_reduce_for_gather,GPU,2.13664e+06,2.15497e+06,18327.7
0,15,sync_5,GPU,2.15497e+06,2.15497e+06,0
0,15,sync__set,GPU,2.15497e+06,2.15497e+06,0
0,15,sync__,GPU,2.15497e+06,2.15497e+06,0
0,15,sync_6,GPU,2.15497e+06,2.15497e+06,0
0,15,sync__set,GPU,2.15497e+06,2.15497e+06,0
0,15,sync__,GPU,2.15497e+06,2.15497e+06,0
0,15,residual_2,GPU,2.15497e+06,2.155e+06,36.1589
0,16,MoE_decoder_16,GPU,2.155e+06,2.28968e+06,134679
0,16,input_layer_norm,GPU,2.155e+06,2.15504e+06,36.1589
0,16,attention,GPU,2.15504e+06,2.18473e+06,29690.1
0,16,attn_qkv_proj,GPU,2.15504e+06,2.16123e+06,6193.22
0,16,Linear,GPU,2.15504e+06,2.16123e+06,6193.22
0,16,self_attention,GPU,2.16123e+06,2.16227e+06,1035.05
0,16,AttentionSplit,GPU,2.16123e+06,2.16123e+06,0
0,16,AttentionSum,Logic,2.16123e+06,2.16123e+06,0
0,16,AttentionGen,Logic,2.16123e+06,2.16227e+06,1035.05
0,16,AttentionMerge,GPU,2.16227e+06,2.16227e+06,0
0,16,attn_o_proj,GPU,2.16227e+06,2.1664e+06,4134.17
0,16,Linear,GPU,2.16227e+06,2.1664e+06,4134.17
0,16,all_reduce,GPU,2.1664e+06,2.18473e+06,18327.7
0,16,residual_1,GPU,2.18473e+06,2.18477e+06,36.1589
0,16,post_attn_layer_norm,GPU,2.18477e+06,2.1848e+06,36.1589
0,16,expertFFN,GPU,2.1848e+06,2.28965e+06,104844
0,16,sync_0,GPU,2.1848e+06,2.1848e+06,0
0,16,sync__set,GPU,2.1848e+06,2.1848e+06,0
0,16,sync__,GPU,2.1848e+06,2.1848e+06,0
0,16,gate_fn,GPU,2.1848e+06,2.18485e+06,48.2433
0,16,Linear,GPU,2.1848e+06,2.18485e+06,48.2433
0,16,gate_update,GPU,2.18485e+06,2.18485e+06,0
0,16,moe_scatter,GPU,2.18485e+06,2.18485e+06,0
0,16,sync_for_moe_scatter,GPU,2.18485e+06,2.18485e+06,0
0,16,sync__set,GPU,2.18485e+06,2.18485e+06,0
0,16,sync__,GPU,2.18485e+06,2.18485e+06,0
0,16,moe_route,GPU,2.18485e+06,2.18485e+06,0
0,16,expert_FFN_0,GPU,2.18485e+06,2.18485e+06,0
0,16,gate_proj,GPU,2.18485e+06,2.18485e+06,0
0,16,Linear,Logic,2.18485e+06,2.18485e+06,0
0,16,activation,Logic,2.18485e+06,2.18485e+06,0
0,16,up_proj,GPU,2.18485e+06,2.18485e+06,0
0,16,Linear,Logic,2.18485e+06,2.18485e+06,0
0,16,down_proj,GPU,2.18485e+06,2.18485e+06,0
0,16,Linear,Logic,2.18485e+06,2.18485e+06,0
0,16,expert_FFN_1,GPU,2.18485e+06,2.22807e+06,43221.9
0,16,gate_proj,GPU,2.18485e+06,2.19925e+06,14403.8
0,16,Linear,Logic,2.18485e+06,2.19925e+06,14403.8
0,16,activation,Logic,2.19925e+06,2.19926e+06,10.5463
0,16,up_proj,GPU,2.19926e+06,2.21367e+06,14403.8
0,16,Linear,Logic,2.19926e+06,2.21367e+06,14403.8
0,16,down_proj,GPU,2.21367e+06,2.22807e+06,14403.8
0,16,Linear,Logic,2.21367e+06,2.22807e+06,14403.8
0,16,sync_2,GPU,2.22807e+06,2.27132e+06,43246
0,16,sync__set,GPU,2.22807e+06,2.22807e+06,0
0,16,sync__,GPU,2.22807e+06,2.27132e+06,43246
0,16,moe_all_reduce_for_e_tp,GPU,2.27132e+06,2.27132e+06,0
0,16,sync_3,GPU,2.27132e+06,2.27132e+06,0
0,16,sync__set,GPU,2.27132e+06,2.27132e+06,0
0,16,sync__,GPU,2.27132e+06,2.27132e+06,0
0,16,moe_gather,GPU,2.27132e+06,2.27132e+06,0
0,16,sync_for_moe_gather,GPU,2.27132e+06,2.27132e+06,0
0,16,sync__set,GPU,2.27132e+06,2.27132e+06,0
0,16,sync__,GPU,2.27132e+06,2.27132e+06,0
0,16,moe_all_reduce_for_gather,GPU,2.27132e+06,2.28965e+06,18327.7
0,16,sync_5,GPU,2.28965e+06,2.28965e+06,0
0,16,sync__set,GPU,2.28965e+06,2.28965e+06,0
0,16,sync__,GPU,2.28965e+06,2.28965e+06,0
0,16,sync_6,GPU,2.28965e+06,2.28965e+06,0
0,16,sync__set,GPU,2.28965e+06,2.28965e+06,0
0,16,sync__,GPU,2.28965e+06,2.28965e+06,0
0,16,residual_2,GPU,2.28965e+06,2.28968e+06,36.1589
0,17,MoE_decoder_17,GPU,2.28968e+06,2.42436e+06,134679
0,17,input_layer_norm,GPU,2.28968e+06,2.28972e+06,36.1589
0,17,attention,GPU,2.28972e+06,2.31941e+06,29690.1
0,17,attn_qkv_proj,GPU,2.28972e+06,2.29591e+06,6193.22
0,17,Linear,GPU,2.28972e+06,2.29591e+06,6193.22
0,17,self_attention,GPU,2.29591e+06,2.29695e+06,1035.05
0,17,AttentionSplit,GPU,2.29591e+06,2.29591e+06,0
0,17,AttentionSum,Logic,2.29591e+06,2.29591e+06,0
0,17,AttentionGen,Logic,2.29591e+06,2.29695e+06,1035.05
0,17,AttentionMerge,GPU,2.29695e+06,2.29695e+06,0
0,17,attn_o_proj,GPU,2.29695e+06,2.30108e+06,4134.17
0,17,Linear,GPU,2.29695e+06,2.30108e+06,4134.17
0,17,all_reduce,GPU,2.30108e+06,2.31941e+06,18327.7
0,17,residual_1,GPU,2.31941e+06,2.31944e+06,36.1589
0,17,post_attn_layer_norm,GPU,2.31944e+06,2.31948e+06,36.1589
0,17,expertFFN,GPU,2.31948e+06,2.42432e+06,104844
0,17,sync_0,GPU,2.31948e+06,2.31948e+06,0
0,17,sync__set,GPU,2.31948e+06,2.31948e+06,0
0,17,sync__,GPU,2.31948e+06,2.31948e+06,0
0,17,gate_fn,GPU,2.31948e+06,2.31953e+06,48.2433
0,17,Linear,GPU,2.31948e+06,2.31953e+06,48.2433
0,17,gate_update,GPU,2.31953e+06,2.31953e+06,0
0,17,moe_scatter,GPU,2.31953e+06,2.31953e+06,0
0,17,sync_for_moe_scatter,GPU,2.31953e+06,2.31953e+06,0
0,17,sync__set,GPU,2.31953e+06,2.31953e+06,0
0,17,sync__,GPU,2.31953e+06,2.31953e+06,0
0,17,moe_route,GPU,2.31953e+06,2.31953e+06,0
0,17,expert_FFN_0,GPU,2.31953e+06,2.36277e+06,43246
0,17,gate_proj,GPU,2.31953e+06,2.33394e+06,14408.3
0,17,Linear,Logic,2.31953e+06,2.33394e+06,14408.3
0,17,activation,Logic,2.33394e+06,2.33396e+06,21.0927
0,17,up_proj,GPU,2.33396e+06,2.34837e+06,14408.3
0,17,Linear,Logic,2.33396e+06,2.34837e+06,14408.3
0,17,down_proj,GPU,2.34837e+06,2.36277e+06,14408.3
0,17,Linear,Logic,2.34837e+06,2.36277e+06,14408.3
0,17,expert_FFN_1,GPU,2.36277e+06,2.406e+06,43221.9
0,17,gate_proj,GPU,2.36277e+06,2.37718e+06,14403.8
0,17,Linear,Logic,2.36277e+06,2.37718e+06,14403.8
0,17,activation,Logic,2.37718e+06,2.37719e+06,10.5463
0,17,up_proj,GPU,2.37719e+06,2.39159e+06,14403.8
0,17,Linear,Logic,2.37719e+06,2.39159e+06,14403.8
0,17,down_proj,GPU,2.39159e+06,2.406e+06,14403.8
0,17,Linear,Logic,2.39159e+06,2.406e+06,14403.8
0,17,sync_2,GPU,2.406e+06,2.406e+06,0
0,17,sync__set,GPU,2.406e+06,2.406e+06,0
0,17,sync__,GPU,2.406e+06,2.406e+06,0
0,17,moe_all_reduce_for_e_tp,GPU,2.406e+06,2.406e+06,0
0,17,sync_3,GPU,2.406e+06,2.406e+06,0
0,17,sync__set,GPU,2.406e+06,2.406e+06,0
0,17,sync__,GPU,2.406e+06,2.406e+06,0
0,17,moe_gather,GPU,2.406e+06,2.406e+06,0
0,17,sync_for_moe_gather,GPU,2.406e+06,2.406e+06,0
0,17,sync__set,GPU,2.406e+06,2.406e+06,0
0,17,sync__,GPU,2.406e+06,2.406e+06,0
0,17,moe_all_reduce_for_gather,GPU,2.406e+06,2.42432e+06,18327.7
0,17,sync_5,GPU,2.42432e+06,2.42432e+06,0
0,17,sync__set,GPU,2.42432e+06,2.42432e+06,0
0,17,sync__,GPU,2.42432e+06,2.42432e+06,0
0,17,sync_6,GPU,2.42432e+06,2.42432e+06,0
0,17,sync__set,GPU,2.42432e+06,2.42432e+06,0
0,17,sync__,GPU,2.42432e+06,2.42432e+06,0
0,17,residual_2,GPU,2.42432e+06,2.42436e+06,36.1589
0,18,MoE_decoder_18,GPU,2.42436e+06,2.55906e+06,134703
0,18,input_layer_norm,GPU,2.42436e+06,2.4244e+06,36.1589
0,18,attention,GPU,2.4244e+06,2.45409e+06,29690.1
0,18,attn_qkv_proj,GPU,2.4244e+06,2.43059e+06,6193.22
0,18,Linear,GPU,2.4244e+06,2.43059e+06,6193.22
0,18,self_attention,GPU,2.43059e+06,2.43162e+06,1035.05
0,18,AttentionSplit,GPU,2.43059e+06,2.43059e+06,0
0,18,AttentionSum,Logic,2.43059e+06,2.43059e+06,0
0,18,AttentionGen,Logic,2.43059e+06,2.43162e+06,1035.05
0,18,AttentionMerge,GPU,2.43162e+06,2.43162e+06,0
0,18,attn_o_proj,GPU,2.43162e+06,2.43576e+06,4134.17
0,18,Linear,GPU,2.43162e+06,2.43576e+06,4134.17
0,18,all_reduce,GPU,2.43576e+06,2.45409e+06,18327.7
0,18,residual_1,GPU,2.45409e+06,2.45412e+06,36.1589
0,18,post_attn_layer_norm,GPU,2.45412e+06,2.45416e+06,36.1589
0,18,expertFFN,GPU,2.45416e+06,2.55903e+06,104868
0,18,sync_0,GPU,2.45416e+06,2.45416e+06,0
0,18,sync__set,GPU,2.45416e+06,2.45416e+06,0
0,18,sync__,GPU,2.45416e+06,2.45416e+06,0
0,18,gate_fn,GPU,2.45416e+06,2.45421e+06,48.2433
0,18,Linear,GPU,2.45416e+06,2.45421e+06,48.2433
0,18,gate_update,GPU,2.45421e+06,2.45421e+06,0
0,18,moe_scatter,GPU,2.45421e+06,2.45421e+06,0
0,18,sync_for_moe_scatter,GPU,2.45421e+06,2.45421e+06,0
0,18,sync__set,GPU,2.45421e+06,2.45421e+06,0
0,18,sync__,GPU,2.45421e+06,2.45421e+06,0
0,18,moe_route,GPU,2.45421e+06,2.45421e+06,0
0,18,expert_FFN_0,GPU,2.45421e+06,2.49745e+06,43246
0,18,gate_proj,GPU,2.45421e+06,2.46862e+06,14408.3
0,18,Linear,Logic,2.45421e+06,2.46862e+06,14408.3
0,18,activation,Logic,2.46862e+06,2.46864e+06,21.0927
0,18,up_proj,GPU,2.46864e+06,2.48305e+06,14408.3
0,18,Linear,Logic,2.46864e+06,2.48305e+06,14408.3
0,18,down_proj,GPU,2.48305e+06,2.49745e+06,14408.3
0,18,Linear,Logic,2.48305e+06,2.49745e+06,14408.3
0,18,expert_FFN_1,GPU,2.49745e+06,2.5407e+06,43246
0,18,gate_proj,GPU,2.49745e+06,2.51186e+06,14408.3
0,18,Linear,Logic,2.49745e+06,2.51186e+06,14408.3
0,18,activation,Logic,2.51186e+06,2.51188e+06,21.0927
0,18,up_proj,GPU,2.51188e+06,2.52629e+06,14408.3
0,18,Linear,Logic,2.51188e+06,2.52629e+06,14408.3
0,18,down_proj,GPU,2.52629e+06,2.5407e+06,14408.3
0,18,Linear,Logic,2.52629e+06,2.5407e+06,14408.3
0,18,sync_2,GPU,2.5407e+06,2.5407e+06,0
0,18,sync__set,GPU,2.5407e+06,2.5407e+06,0
0,18,sync__,GPU,2.5407e+06,2.5407e+06,0
0,18,moe_all_reduce_for_e_tp,GPU,2.5407e+06,2.5407e+06,0
0,18,sync_3,GPU,2.5407e+06,2.5407e+06,0
0,18,sync__set,GPU,2.5407e+06,2.5407e+06,0
0,18,sync__,GPU,2.5407e+06,2.5407e+06,0
0,18,moe_gather,GPU,2.5407e+06,2.5407e+06,0
0,18,sync_for_moe_gather,GPU,2.5407e+06,2.5407e+06,0
0,18,sync__set,GPU,2.5407e+06,2.5407e+06,0
0,18,sync__,GPU,2.5407e+06,2.5407e+06,0
0,18,moe_all_reduce_for_gather,GPU,2.5407e+06,2.55903e+06,18327.7
0,18,sync_5,GPU,2.55903e+06,2.55903e+06,0
0,18,sync__set,GPU,2.55903e+06,2.55903e+06,0
0,18,sync__,GPU,2.55903e+06,2.55903e+06,0
0,18,sync_6,GPU,2.55903e+06,2.55903e+06,0
0,18,sync__set,GPU,2.55903e+06,2.55903e+06,0
0,18,sync__,GPU,2.55903e+06,2.55903e+06,0
0,18,residual_2,GPU,2.55903e+06,2.55906e+06,36.1589
0,19,MoE_decoder_19,GPU,2.55906e+06,2.65054e+06,91480.8
0,19,input_layer_norm,GPU,2.55906e+06,2.5591e+06,36.1589
0,19,attention,GPU,2.5591e+06,2.58879e+06,29690.1
0,19,attn_qkv_proj,GPU,2.5591e+06,2.56529e+06,6193.22
0,19,Linear,GPU,2.5591e+06,2.56529e+06,6193.22
0,19,self_attention,GPU,2.56529e+06,2.56633e+06,1035.05
0,19,AttentionSplit,GPU,2.56529e+06,2.56529e+06,0
0,19,AttentionSum,Logic,2.56529e+06,2.56529e+06,0
0,19,AttentionGen,Logic,2.56529e+06,2.56633e+06,1035.05
0,19,AttentionMerge,GPU,2.56633e+06,2.56633e+06,0
0,19,attn_o_proj,GPU,2.56633e+06,2.57046e+06,4134.17
0,19,Linear,GPU,2.56633e+06,2.57046e+06,4134.17
0,19,all_reduce,GPU,2.57046e+06,2.58879e+06,18327.7
0,19,residual_1,GPU,2.58879e+06,2.58883e+06,36.1589
0,19,post_attn_layer_norm,GPU,2.58883e+06,2.58886e+06,36.1589
0,19,expertFFN,GPU,2.58886e+06,2.65051e+06,61646.1
0,19,sync_0,GPU,2.58886e+06,2.58886e+06,0
0,19,sync__set,GPU,2.58886e+06,2.58886e+06,0
0,19,sync__,GPU,2.58886e+06,2.58886e+06,0
0,19,gate_fn,GPU,2.58886e+06,2.58891e+06,48.2433
0,19,Linear,GPU,2.58886e+06,2.58891e+06,48.2433
0,19,gate_update,GPU,2.58891e+06,2.58891e+06,0
0,19,moe_scatter,GPU,2.58891e+06,2.58891e+06,0
0,19,sync_for_moe_scatter,GPU,2.58891e+06,2.58891e+06,0
0,19,sync__set,GPU,2.58891e+06,2.58891e+06,0
0,19,sync__,GPU,2.58891e+06,2.58891e+06,0
0,19,moe_route,GPU,2.58891e+06,2.58891e+06,0
0,19,expert_FFN_0,GPU,2.58891e+06,2.58891e+06,0
0,19,gate_proj,GPU,2.58891e+06,2.58891e+06,0
0,19,Linear,Logic,2.58891e+06,2.58891e+06,0
0,19,activation,Logic,2.58891e+06,2.58891e+06,0
0,19,up_proj,GPU,2.58891e+06,2.58891e+06,0
0,19,Linear,Logic,2.58891e+06,2.58891e+06,0
0,19,down_proj,GPU,2.58891e+06,2.58891e+06,0
0,19,Linear,Logic,2.58891e+06,2.58891e+06,0
0,19,expert_FFN_1,GPU,2.58891e+06,2.63213e+06,43221.9
0,19,gate_proj,GPU,2.58891e+06,2.60331e+06,14403.8
0,19,Linear,Logic,2.58891e+06,2.60331e+06,14403.8
0,19,activation,Logic,2.60331e+06,2.60332e+06,10.5463
0,19,up_proj,GPU,2.60332e+06,2.61773e+06,14403.8
0,19,Linear,Logic,2.60332e+06,2.61773e+06,14403.8
0,19,down_proj,GPU,2.61773e+06,2.63213e+06,14403.8
0,19,Linear,Logic,2.61773e+06,2.63213e+06,14403.8
0,19,sync_2,GPU,2.63213e+06,2.63218e+06,48.2119
0,19,sync__set,GPU,2.63213e+06,2.63213e+06,0
0,19,sync__,GPU,2.63213e+06,2.63218e+06,48.2119
0,19,moe_all_reduce_for_e_tp,GPU,2.63218e+06,2.63218e+06,0
0,19,sync_3,GPU,2.63218e+06,2.63218e+06,0
0,19,sync__set,GPU,2.63218e+06,2.63218e+06,0
0,19,sync__,GPU,2.63218e+06,2.63218e+06,0
0,19,moe_gather,GPU,2.63218e+06,2.63218e+06,0
0,19,sync_for_moe_gather,GPU,2.63218e+06,2.63218e+06,0
0,19,sync__set,GPU,2.63218e+06,2.63218e+06,0
0,19,sync__,GPU,2.63218e+06,2.63218e+06,0
0,19,moe_all_reduce_for_gather,GPU,2.63218e+06,2.65051e+06,18327.7
0,19,sync_5,GPU,2.65051e+06,2.65051e+06,0
0,19,sync__set,GPU,2.65051e+06,2.65051e+06,0
0,19,sync__,GPU,2.65051e+06,2.65051e+06,0
0,19,sync_6,GPU,2.65051e+06,2.65051e+06,0
0,19,sync__set,GPU,2.65051e+06,2.65051e+06,0
0,19,sync__,GPU,2.65051e+06,2.65051e+06,0
0,19,residual_2,GPU,2.65051e+06,2.65054e+06,36.1589
0,20,MoE_decoder_20,GPU,2.65054e+06,2.78522e+06,134679
0,20,input_layer_norm,GPU,2.65054e+06,2.65058e+06,36.1589
0,20,attention,GPU,2.65058e+06,2.68027e+06,29690.1
0,20,attn_qkv_proj,GPU,2.65058e+06,2.65677e+06,6193.22
0,20,Linear,GPU,2.65058e+06,2.65677e+06,6193.22
0,20,self_attention,GPU,2.65677e+06,2.65781e+06,1035.05
0,20,AttentionSplit,GPU,2.65677e+06,2.65677e+06,0
0,20,AttentionSum,Logic,2.65677e+06,2.65677e+06,0
0,20,AttentionGen,Logic,2.65677e+06,2.65781e+06,1035.05
0,20,AttentionMerge,GPU,2.65781e+06,2.65781e+06,0
0,20,attn_o_proj,GPU,2.65781e+06,2.66194e+06,4134.17
0,20,Linear,GPU,2.65781e+06,2.66194e+06,4134.17
0,20,all_reduce,GPU,2.66194e+06,2.68027e+06,18327.7
0,20,residual_1,GPU,2.68027e+06,2.68031e+06,36.1589
0,20,post_attn_layer_norm,GPU,2.68031e+06,2.68034e+06,36.1589
0,20,expertFFN,GPU,2.68034e+06,2.78519e+06,104844
0,20,sync_0,GPU,2.68034e+06,2.68034e+06,0
0,20,sync__set,GPU,2.68034e+06,2.68034e+06,0
0,20,sync__,GPU,2.68034e+06,2.68034e+06,0
0,20,gate_fn,GPU,2.68034e+06,2.68039e+06,48.2433
0,20,Linear,GPU,2.68034e+06,2.68039e+06,48.2433
0,20,gate_update,GPU,2.68039e+06,2.68039e+06,0
0,20,moe_scatter,GPU,2.68039e+06,2.68039e+06,0
0,20,sync_for_moe_scatter,GPU,2.68039e+06,2.68039e+06,0
0,20,sync__set,GPU,2.68039e+06,2.68039e+06,0
0,20,sync__,GPU,2.68039e+06,2.68039e+06,0
0,20,moe_route,GPU,2.68039e+06,2.68039e+06,0
0,20,expert_FFN_0,GPU,2.68039e+06,2.68039e+06,0
0,20,gate_proj,GPU,2.68039e+06,2.68039e+06,0
0,20,Linear,Logic,2.68039e+06,2.68039e+06,0
0,20,activation,Logic,2.68039e+06,2.68039e+06,0
0,20,up_proj,GPU,2.68039e+06,2.68039e+06,0
0,20,Linear,Logic,2.68039e+06,2.68039e+06,0
0,20,down_proj,GPU,2.68039e+06,2.68039e+06,0
0,20,Linear,Logic,2.68039e+06,2.68039e+06,0
0,20,expert_FFN_1,GPU,2.68039e+06,2.72361e+06,43221.9
0,20,gate_proj,GPU,2.68039e+06,2.69479e+06,14403.8
0,20,Linear,Logic,2.68039e+06,2.69479e+06,14403.8
0,20,activation,Logic,2.69479e+06,2.69481e+06,10.5463
0,20,up_proj,GPU,2.69481e+06,2.70921e+06,14403.8
0,20,Linear,Logic,2.69481e+06,2.70921e+06,14403.8
0,20,down_proj,GPU,2.70921e+06,2.72361e+06,14403.8
0,20,Linear,Logic,2.70921e+06,2.72361e+06,14403.8
0,20,sync_2,GPU,2.72361e+06,2.76686e+06,43246
0,20,sync__set,GPU,2.72361e+06,2.72361e+06,0
0,20,sync__,GPU,2.72361e+06,2.76686e+06,43246
0,20,moe_all_reduce_for_e_tp,GPU,2.76686e+06,2.76686e+06,0
0,20,sync_3,GPU,2.76686e+06,2.76686e+06,0
0,20,sync__set,GPU,2.76686e+06,2.76686e+06,0
0,20,sync__,GPU,2.76686e+06,2.76686e+06,0
0,20,moe_gather,GPU,2.76686e+06,2.76686e+06,0
0,20,sync_for_moe_gather,GPU,2.76686e+06,2.76686e+06,0
0,20,sync__set,GPU,2.76686e+06,2.76686e+06,0
0,20,sync__,GPU,2.76686e+06,2.76686e+06,0
0,20,moe_all_reduce_for_gather,GPU,2.76686e+06,2.78519e+06,18327.7
0,20,sync_5,GPU,2.78519e+06,2.78519e+06,0
0,20,sync__set,GPU,2.78519e+06,2.78519e+06,0
0,20,sync__,GPU,2.78519e+06,2.78519e+06,0
0,20,sync_6,GPU,2.78519e+06,2.78519e+06,0
0,20,sync__set,GPU,2.78519e+06,2.78519e+06,0
0,20,sync__,GPU,2.78519e+06,2.78519e+06,0
0,20,residual_2,GPU,2.78519e+06,2.78522e+06,36.1589
0,21,MoE_decoder_21,GPU,2.78522e+06,2.91995e+06,134727
0,21,input_layer_norm,GPU,2.78522e+06,2.78526e+06,36.1589
0,21,attention,GPU,2.78526e+06,2.81495e+06,29690.1
0,21,attn_qkv_proj,GPU,2.78526e+06,2.79145e+06,6193.22
0,21,Linear,GPU,2.78526e+06,2.79145e+06,6193.22
0,21,self_attention,GPU,2.79145e+06,2.79249e+06,1035.05
0,21,AttentionSplit,GPU,2.79145e+06,2.79145e+06,0
0,21,AttentionSum,Logic,2.79145e+06,2.79145e+06,0
0,21,AttentionGen,Logic,2.79145e+06,2.79249e+06,1035.05
0,21,AttentionMerge,GPU,2.79249e+06,2.79249e+06,0
0,21,attn_o_proj,GPU,2.79249e+06,2.79662e+06,4134.17
0,21,Linear,GPU,2.79249e+06,2.79662e+06,4134.17
0,21,all_reduce,GPU,2.79662e+06,2.81495e+06,18327.7
0,21,residual_1,GPU,2.81495e+06,2.81499e+06,36.1589
0,21,post_attn_layer_norm,GPU,2.81499e+06,2.81502e+06,36.1589
0,21,expertFFN,GPU,2.81502e+06,2.91991e+06,104892
0,21,sync_0,GPU,2.81502e+06,2.81502e+06,0
0,21,sync__set,GPU,2.81502e+06,2.81502e+06,0
0,21,sync__,GPU,2.81502e+06,2.81502e+06,0
0,21,gate_fn,GPU,2.81502e+06,2.81507e+06,48.2433
0,21,Linear,GPU,2.81502e+06,2.81507e+06,48.2433
0,21,gate_update,GPU,2.81507e+06,2.81507e+06,0
0,21,moe_scatter,GPU,2.81507e+06,2.81507e+06,0
0,21,sync_for_moe_scatter,GPU,2.81507e+06,2.81507e+06,0
0,21,sync__set,GPU,2.81507e+06,2.81507e+06,0
0,21,sync__,GPU,2.81507e+06,2.81507e+06,0
0,21,moe_route,GPU,2.81507e+06,2.81507e+06,0
0,21,expert_FFN_0,GPU,2.81507e+06,2.81507e+06,0
0,21,gate_proj,GPU,2.81507e+06,2.81507e+06,0
0,21,Linear,Logic,2.81507e+06,2.81507e+06,0
0,21,activation,Logic,2.81507e+06,2.81507e+06,0
0,21,up_proj,GPU,2.81507e+06,2.81507e+06,0
0,21,Linear,Logic,2.81507e+06,2.81507e+06,0
0,21,down_proj,GPU,2.81507e+06,2.81507e+06,0
0,21,Linear,Logic,2.81507e+06,2.81507e+06,0
0,21,expert_FFN_1,GPU,2.81507e+06,2.81507e+06,0
0,21,gate_proj,GPU,2.81507e+06,2.81507e+06,0
0,21,Linear,Logic,2.81507e+06,2.81507e+06,0
0,21,activation,Logic,2.81507e+06,2.81507e+06,0
0,21,up_proj,GPU,2.81507e+06,2.81507e+06,0
0,21,Linear,Logic,2.81507e+06,2.81507e+06,0
0,21,down_proj,GPU,2.81507e+06,2.81507e+06,0
0,21,Linear,Logic,2.81507e+06,2.81507e+06,0
0,21,sync_2,GPU,2.81507e+06,2.90159e+06,86516.2
0,21,sync__set,GPU,2.81507e+06,2.81507e+06,0
0,21,sync__,GPU,2.81507e+06,2.90159e+06,86516.2
0,21,moe_all_reduce_for_e_tp,GPU,2.90159e+06,2.90159e+06,0
0,21,sync_3,GPU,2.90159e+06,2.90159e+06,0
0,21,sync__set,GPU,2.90159e+06,2.90159e+06,0
0,21,sync__,GPU,2.90159e+06,2.90159e+06,0
0,21,moe_gather,GPU,2.90159e+06,2.90159e+06,0
0,21,sync_for_moe_gather,GPU,2.90159e+06,2.90159e+06,0
0,21,sync__set,GPU,2.90159e+06,2.90159e+06,0
0,21,sync__,GPU,2.90159e+06,2.90159e+06,0
0,21,moe_all_reduce_for_gather,GPU,2.90159e+06,2.91991e+06,18327.7
0,21,sync_5,GPU,2.91991e+06,2.91991e+06,0
0,21,sync__set,GPU,2.91991e+06,2.91991e+06,0
0,21,sync__,GPU,2.91991e+06,2.91991e+06,0
0,21,sync_6,GPU,2.91991e+06,2.91991e+06,0
0,21,sync__set,GPU,2.91991e+06,2.91991e+06,0
0,21,sync__,GPU,2.91991e+06,2.91991e+06,0
0,21,residual_2,GPU,2.91991e+06,2.91995e+06,36.1589
0,22,MoE_decoder_22,GPU,2.91995e+06,3.01143e+06,91480.8
0,22,input_layer_norm,GPU,2.91995e+06,2.91999e+06,36.1589
0,22,attention,GPU,2.91999e+06,2.94968e+06,29690.1
0,22,attn_qkv_proj,GPU,2.91999e+06,2.92618e+06,6193.22
0,22,Linear,GPU,2.91999e+06,2.92618e+06,6193.22
0,22,self_attention,GPU,2.92618e+06,2.92721e+06,1035.05
0,22,AttentionSplit,GPU,2.92618e+06,2.92618e+06,0
0,22,AttentionSum,Logic,2.92618e+06,2.92618e+06,0
0,22,AttentionGen,Logic,2.92618e+06,2.92721e+06,1035.05
0,22,AttentionMerge,GPU,2.92721e+06,2.92721e+06,0
0,22,attn_o_proj,GPU,2.92721e+06,2.93135e+06,4134.17
0,22,Linear,GPU,2.92721e+06,2.93135e+06,4134.17
0,22,all_reduce,GPU,2.93135e+06,2.94968e+06,18327.7
0,22,residual_1,GPU,2.94968e+06,2.94971e+06,36.1589
0,22,post_attn_layer_norm,GPU,2.94971e+06,2.94975e+06,36.1589
0,22,expertFFN,GPU,2.94975e+06,3.01139e+06,61646.1
0,22,sync_0,GPU,2.94975e+06,2.94975e+06,0
0,22,sync__set,GPU,2.94975e+06,2.94975e+06,0
0,22,sync__,GPU,2.94975e+06,2.94975e+06,0
0,22,gate_fn,GPU,2.94975e+06,2.9498e+06,48.2433
0,22,Linear,GPU,2.94975e+06,2.9498e+06,48.2433
0,22,gate_update,GPU,2.9498e+06,2.9498e+06,0
0,22,moe_scatter,GPU,2.9498e+06,2.9498e+06,0
0,22,sync_for_moe_scatter,GPU,2.9498e+06,2.9498e+06,0
0,22,sync__set,GPU,2.9498e+06,2.9498e+06,0
0,22,sync__,GPU,2.9498e+06,2.9498e+06,0
0,22,moe_route,GPU,2.9498e+06,2.9498e+06,0
0,22,expert_FFN_0,GPU,2.9498e+06,2.9498e+06,0
0,22,gate_proj,GPU,2.9498e+06,2.9498e+06,0
0,22,Linear,Logic,2.9498e+06,2.9498e+06,0
0,22,activation,Logic,2.9498e+06,2.9498e+06,0
0,22,up_proj,GPU,2.9498e+06,2.9498e+06,0
0,22,Linear,Logic,2.9498e+06,2.9498e+06,0
0,22,down_proj,GPU,2.9498e+06,2.9498e+06,0
0,22,Linear,Logic,2.9498e+06,2.9498e+06,0
0,22,expert_FFN_1,GPU,2.9498e+06,2.99307e+06,43270.2
0,22,gate_proj,GPU,2.9498e+06,2.96421e+06,14412.8
0,22,Linear,Logic,2.9498e+06,2.96421e+06,14412.8
0,22,activation,Logic,2.96421e+06,2.96424e+06,31.639
0,22,up_proj,GPU,2.96424e+06,2.97865e+06,14412.8
0,22,Linear,Logic,2.96424e+06,2.97865e+06,14412.8
0,22,down_proj,GPU,2.97865e+06,2.99307e+06,14412.8
0,22,Linear,Logic,2.97865e+06,2.99307e+06,14412.8
0,22,sync_2,GPU,2.99307e+06,2.99307e+06,0
0,22,sync__set,GPU,2.99307e+06,2.99307e+06,0
0,22,sync__,GPU,2.99307e+06,2.99307e+06,0
0,22,moe_all_reduce_for_e_tp,GPU,2.99307e+06,2.99307e+06,0
0,22,sync_3,GPU,2.99307e+06,2.99307e+06,0
0,22,sync__set,GPU,2.99307e+06,2.99307e+06,0
0,22,sync__,GPU,2.99307e+06,2.99307e+06,0
0,22,moe_gather,GPU,2.99307e+06,2.99307e+06,0
0,22,sync_for_moe_gather,GPU,2.99307e+06,2.99307e+06,0
0,22,sync__set,GPU,2.99307e+06,2.99307e+06,0
0,22,sync__,GPU,2.99307e+06,2.99307e+06,0
0,22,moe_all_reduce_for_gather,GPU,2.99307e+06,3.01139e+06,18327.7
0,22,sync_5,GPU,3.01139e+06,3.01139e+06,0
0,22,sync__set,GPU,3.01139e+06,3.01139e+06,0
0,22,sync__,GPU,3.01139e+06,3.01139e+06,0
0,22,sync_6,GPU,3.01139e+06,3.01139e+06,0
0,22,sync__set,GPU,3.01139e+06,3.01139e+06,0
0,22,sync__,GPU,3.01139e+06,3.01139e+06,0
0,22,residual_2,GPU,3.01139e+06,3.01143e+06,36.1589
0,23,MoE_decoder_23,GPU,3.01143e+06,3.14611e+06,134679
0,23,input_layer_norm,GPU,3.01143e+06,3.01147e+06,36.1589
0,23,attention,GPU,3.01147e+06,3.04116e+06,29690.1
0,23,attn_qkv_proj,GPU,3.01147e+06,3.01766e+06,6193.22
0,23,Linear,GPU,3.01147e+06,3.01766e+06,6193.22
0,23,self_attention,GPU,3.01766e+06,3.01869e+06,1035.05
0,23,AttentionSplit,GPU,3.01766e+06,3.01766e+06,0
0,23,AttentionSum,Logic,3.01766e+06,3.01766e+06,0
0,23,AttentionGen,Logic,3.01766e+06,3.01869e+06,1035.05
0,23,AttentionMerge,GPU,3.01869e+06,3.01869e+06,0
0,23,attn_o_proj,GPU,3.01869e+06,3.02283e+06,4134.17
0,23,Linear,GPU,3.01869e+06,3.02283e+06,4134.17
0,23,all_reduce,GPU,3.02283e+06,3.04116e+06,18327.7
0,23,residual_1,GPU,3.04116e+06,3.04119e+06,36.1589
0,23,post_attn_layer_norm,GPU,3.04119e+06,3.04123e+06,36.1589
0,23,expertFFN,GPU,3.04123e+06,3.14607e+06,104844
0,23,sync_0,GPU,3.04123e+06,3.04123e+06,0
0,23,sync__set,GPU,3.04123e+06,3.04123e+06,0
0,23,sync__,GPU,3.04123e+06,3.04123e+06,0
0,23,gate_fn,GPU,3.04123e+06,3.04128e+06,48.2433
0,23,Linear,GPU,3.04123e+06,3.04128e+06,48.2433
0,23,gate_update,GPU,3.04128e+06,3.04128e+06,0
0,23,moe_scatter,GPU,3.04128e+06,3.04128e+06,0
0,23,sync_for_moe_scatter,GPU,3.04128e+06,3.04128e+06,0
0,23,sync__set,GPU,3.04128e+06,3.04128e+06,0
0,23,sync__,GPU,3.04128e+06,3.04128e+06,0
0,23,moe_route,GPU,3.04128e+06,3.04128e+06,0
0,23,expert_FFN_0,GPU,3.04128e+06,3.0845e+06,43221.9
0,23,gate_proj,GPU,3.04128e+06,3.05568e+06,14403.8
0,23,Linear,Logic,3.04128e+06,3.05568e+06,14403.8
0,23,activation,Logic,3.05568e+06,3.05569e+06,10.5463
0,23,up_proj,GPU,3.05569e+06,3.0701e+06,14403.8
0,23,Linear,Logic,3.05569e+06,3.0701e+06,14403.8
0,23,down_proj,GPU,3.0701e+06,3.0845e+06,14403.8
0,23,Linear,Logic,3.0701e+06,3.0845e+06,14403.8
0,23,expert_FFN_1,GPU,3.0845e+06,3.0845e+06,0
0,23,gate_proj,GPU,3.0845e+06,3.0845e+06,0
0,23,Linear,Logic,3.0845e+06,3.0845e+06,0
0,23,activation,Logic,3.0845e+06,3.0845e+06,0
0,23,up_proj,GPU,3.0845e+06,3.0845e+06,0
0,23,Linear,Logic,3.0845e+06,3.0845e+06,0
0,23,down_proj,GPU,3.0845e+06,3.0845e+06,0
0,23,Linear,Logic,3.0845e+06,3.0845e+06,0
0,23,sync_2,GPU,3.0845e+06,3.12775e+06,43246
0,23,sync__set,GPU,3.0845e+06,3.0845e+06,0
0,23,sync__,GPU,3.0845e+06,3.12775e+06,43246
0,23,moe_all_reduce_for_e_tp,GPU,3.12775e+06,3.12775e+06,0
0,23,sync_3,GPU,3.12775e+06,3.12775e+06,0
0,23,sync__set,GPU,3.12775e+06,3.12775e+06,0
0,23,sync__,GPU,3.12775e+06,3.12775e+06,0
0,23,moe_gather,GPU,3.12775e+06,3.12775e+06,0
0,23,sync_for_moe_gather,GPU,3.12775e+06,3.12775e+06,0
0,23,sync__set,GPU,3.12775e+06,3.12775e+06,0
0,23,sync__,GPU,3.12775e+06,3.12775e+06,0
0,23,moe_all_reduce_for_gather,GPU,3.12775e+06,3.14607e+06,18327.7
0,23,sync_5,GPU,3.14607e+06,3.14607e+06,0
0,23,sync__set,GPU,3.14607e+06,3.14607e+06,0
0,23,sync__,GPU,3.14607e+06,3.14607e+06,0
0,23,sync_6,GPU,3.14607e+06,3.14607e+06,0
0,23,sync__set,GPU,3.14607e+06,3.14607e+06,0
0,23,sync__,GPU,3.14607e+06,3.14607e+06,0
0,23,residual_2,GPU,3.14607e+06,3.14611e+06,36.1589
0,24,MoE_decoder_24,GPU,3.14611e+06,3.28079e+06,134679
0,24,input_layer_norm,GPU,3.14611e+06,3.14615e+06,36.1589
0,24,attention,GPU,3.14615e+06,3.17584e+06,29690.1
0,24,attn_qkv_proj,GPU,3.14615e+06,3.15234e+06,6193.22
0,24,Linear,GPU,3.14615e+06,3.15234e+06,6193.22
0,24,self_attention,GPU,3.15234e+06,3.15337e+06,1035.05
0,24,AttentionSplit,GPU,3.15234e+06,3.15234e+06,0
0,24,AttentionSum,Logic,3.15234e+06,3.15234e+06,0
0,24,AttentionGen,Logic,3.15234e+06,3.15337e+06,1035.05
0,24,AttentionMerge,GPU,3.15337e+06,3.15337e+06,0
0,24,attn_o_proj,GPU,3.15337e+06,3.15751e+06,4134.17
0,24,Linear,GPU,3.15337e+06,3.15751e+06,4134.17
0,24,all_reduce,GPU,3.15751e+06,3.17584e+06,18327.7
0,24,residual_1,GPU,3.17584e+06,3.17587e+06,36.1589
0,24,post_attn_layer_norm,GPU,3.17587e+06,3.17591e+06,36.1589
0,24,expertFFN,GPU,3.17591e+06,3.28075e+06,104844
0,24,sync_0,GPU,3.17591e+06,3.17591e+06,0
0,24,sync__set,GPU,3.17591e+06,3.17591e+06,0
0,24,sync__,GPU,3.17591e+06,3.17591e+06,0
0,24,gate_fn,GPU,3.17591e+06,3.17596e+06,48.2433
0,24,Linear,GPU,3.17591e+06,3.17596e+06,48.2433
0,24,gate_update,GPU,3.17596e+06,3.17596e+06,0
0,24,moe_scatter,GPU,3.17596e+06,3.17596e+06,0
0,24,sync_for_moe_scatter,GPU,3.17596e+06,3.17596e+06,0
0,24,sync__set,GPU,3.17596e+06,3.17596e+06,0
0,24,sync__,GPU,3.17596e+06,3.17596e+06,0
0,24,moe_route,GPU,3.17596e+06,3.17596e+06,0
0,24,expert_FFN_0,GPU,3.17596e+06,3.21918e+06,43221.9
0,24,gate_proj,GPU,3.17596e+06,3.19036e+06,14403.8
0,24,Linear,Logic,3.17596e+06,3.19036e+06,14403.8
0,24,activation,Logic,3.19036e+06,3.19037e+06,10.5463
0,24,up_proj,GPU,3.19037e+06,3.20477e+06,14403.8
0,24,Linear,Logic,3.19037e+06,3.20477e+06,14403.8
0,24,down_proj,GPU,3.20477e+06,3.21918e+06,14403.8
0,24,Linear,Logic,3.20477e+06,3.21918e+06,14403.8
0,24,expert_FFN_1,GPU,3.21918e+06,3.2624e+06,43221.9
0,24,gate_proj,GPU,3.21918e+06,3.23358e+06,14403.8
0,24,Linear,Logic,3.21918e+06,3.23358e+06,14403.8
0,24,activation,Logic,3.23358e+06,3.23359e+06,10.5463
0,24,up_proj,GPU,3.23359e+06,3.248e+06,14403.8
0,24,Linear,Logic,3.23359e+06,3.248e+06,14403.8
0,24,down_proj,GPU,3.248e+06,3.2624e+06,14403.8
0,24,Linear,Logic,3.248e+06,3.2624e+06,14403.8
0,24,sync_2,GPU,3.2624e+06,3.26242e+06,24.1059
0,24,sync__set,GPU,3.2624e+06,3.2624e+06,0
0,24,sync__,GPU,3.2624e+06,3.26242e+06,24.1059
0,24,moe_all_reduce_for_e_tp,GPU,3.26242e+06,3.26242e+06,0
0,24,sync_3,GPU,3.26242e+06,3.26242e+06,0
0,24,sync__set,GPU,3.26242e+06,3.26242e+06,0
0,24,sync__,GPU,3.26242e+06,3.26242e+06,0
0,24,moe_gather,GPU,3.26242e+06,3.26242e+06,0
0,24,sync_for_moe_gather,GPU,3.26242e+06,3.26242e+06,0
0,24,sync__set,GPU,3.26242e+06,3.26242e+06,0
0,24,sync__,GPU,3.26242e+06,3.26242e+06,0
0,24,moe_all_reduce_for_gather,GPU,3.26242e+06,3.28075e+06,18327.7
0,24,sync_5,GPU,3.28075e+06,3.28075e+06,0
0,24,sync__set,GPU,3.28075e+06,3.28075e+06,0
0,24,sync__,GPU,3.28075e+06,3.28075e+06,0
0,24,sync_6,GPU,3.28075e+06,3.28075e+06,0
0,24,sync__set,GPU,3.28075e+06,3.28075e+06,0
0,24,sync__,GPU,3.28075e+06,3.28075e+06,0
0,24,residual_2,GPU,3.28075e+06,3.28079e+06,36.1589
0,25,MoE_decoder_25,GPU,3.28079e+06,3.41551e+06,134727
0,25,input_layer_norm,GPU,3.28079e+06,3.28082e+06,36.1589
0,25,attention,GPU,3.28082e+06,3.31051e+06,29690.1
0,25,attn_qkv_proj,GPU,3.28082e+06,3.28702e+06,6193.22
0,25,Linear,GPU,3.28082e+06,3.28702e+06,6193.22
0,25,self_attention,GPU,3.28702e+06,3.28805e+06,1035.05
0,25,AttentionSplit,GPU,3.28702e+06,3.28702e+06,0
0,25,AttentionSum,Logic,3.28702e+06,3.28702e+06,0
0,25,AttentionGen,Logic,3.28702e+06,3.28805e+06,1035.05
0,25,AttentionMerge,GPU,3.28805e+06,3.28805e+06,0
0,25,attn_o_proj,GPU,3.28805e+06,3.29219e+06,4134.17
0,25,Linear,GPU,3.28805e+06,3.29219e+06,4134.17
0,25,all_reduce,GPU,3.29219e+06,3.31051e+06,18327.7
0,25,residual_1,GPU,3.31051e+06,3.31055e+06,36.1589
0,25,post_attn_layer_norm,GPU,3.31055e+06,3.31059e+06,36.1589
0,25,expertFFN,GPU,3.31059e+06,3.41548e+06,104892
0,25,sync_0,GPU,3.31059e+06,3.31059e+06,0
0,25,sync__set,GPU,3.31059e+06,3.31059e+06,0
0,25,sync__,GPU,3.31059e+06,3.31059e+06,0
0,25,gate_fn,GPU,3.31059e+06,3.31063e+06,48.2433
0,25,Linear,GPU,3.31059e+06,3.31063e+06,48.2433
0,25,gate_update,GPU,3.31063e+06,3.31063e+06,0
0,25,moe_scatter,GPU,3.31063e+06,3.31063e+06,0
0,25,sync_for_moe_scatter,GPU,3.31063e+06,3.31063e+06,0
0,25,sync__set,GPU,3.31063e+06,3.31063e+06,0
0,25,sync__,GPU,3.31063e+06,3.31063e+06,0
0,25,moe_route,GPU,3.31063e+06,3.31063e+06,0
0,25,expert_FFN_0,GPU,3.31063e+06,3.35386e+06,43221.9
0,25,gate_proj,GPU,3.31063e+06,3.32504e+06,14403.8
0,25,Linear,Logic,3.31063e+06,3.32504e+06,14403.8
0,25,activation,Logic,3.32504e+06,3.32505e+06,10.5463
0,25,up_proj,GPU,3.32505e+06,3.33945e+06,14403.8
0,25,Linear,Logic,3.32505e+06,3.33945e+06,14403.8
0,25,down_proj,GPU,3.33945e+06,3.35386e+06,14403.8
0,25,Linear,Logic,3.33945e+06,3.35386e+06,14403.8
0,25,expert_FFN_1,GPU,3.35386e+06,3.35386e+06,0
0,25,gate_proj,GPU,3.35386e+06,3.35386e+06,0
0,25,Linear,Logic,3.35386e+06,3.35386e+06,0
0,25,activation,Logic,3.35386e+06,3.35386e+06,0
0,25,up_proj,GPU,3.35386e+06,3.35386e+06,0
0,25,Linear,Logic,3.35386e+06,3.35386e+06,0
0,25,down_proj,GPU,3.35386e+06,3.35386e+06,0
0,25,Linear,Logic,3.35386e+06,3.35386e+06,0
0,25,sync_2,GPU,3.35386e+06,3.39715e+06,43294.3
0,25,sync__set,GPU,3.35386e+06,3.35386e+06,0
0,25,sync__,GPU,3.35386e+06,3.39715e+06,43294.3
0,25,moe_all_reduce_for_e_tp,GPU,3.39715e+06,3.39715e+06,0
0,25,sync_3,GPU,3.39715e+06,3.39715e+06,0
0,25,sync__set,GPU,3.39715e+06,3.39715e+06,0
0,25,sync__,GPU,3.39715e+06,3.39715e+06,0
0,25,moe_gather,GPU,3.39715e+06,3.39715e+06,0
0,25,sync_for_moe_gather,GPU,3.39715e+06,3.39715e+06,0
0,25,sync__set,GPU,3.39715e+06,3.39715e+06,0
0,25,sync__,GPU,3.39715e+06,3.39715e+06,0
0,25,moe_all_reduce_for_gather,GPU,3.39715e+06,3.41548e+06,18327.7
0,25,sync_5,GPU,3.41548e+06,3.41548e+06,0
0,25,sync__set,GPU,3.41548e+06,3.41548e+06,0
0,25,sync__,GPU,3.41548e+06,3.41548e+06,0
0,25,sync_6,GPU,3.41548e+06,3.41548e+06,0
0,25,sync__set,GPU,3.41548e+06,3.41548e+06,0
0,25,sync__,GPU,3.41548e+06,3.41548e+06,0
0,25,residual_2,GPU,3.41548e+06,3.41551e+06,36.1589
0,26,MoE_decoder_26,GPU,3.41551e+06,3.55022e+06,134703
0,26,input_layer_norm,GPU,3.41551e+06,3.41555e+06,36.1589
0,26,attention,GPU,3.41555e+06,3.44524e+06,29690.1
0,26,attn_qkv_proj,GPU,3.41555e+06,3.42174e+06,6193.22
0,26,Linear,GPU,3.41555e+06,3.42174e+06,6193.22
0,26,self_attention,GPU,3.42174e+06,3.42278e+06,1035.05
0,26,AttentionSplit,GPU,3.42174e+06,3.42174e+06,0
0,26,AttentionSum,Logic,3.42174e+06,3.42174e+06,0
0,26,AttentionGen,Logic,3.42174e+06,3.42278e+06,1035.05
0,26,AttentionMerge,GPU,3.42278e+06,3.42278e+06,0
0,26,attn_o_proj,GPU,3.42278e+06,3.42691e+06,4134.17
0,26,Linear,GPU,3.42278e+06,3.42691e+06,4134.17
0,26,all_reduce,GPU,3.42691e+06,3.44524e+06,18327.7
0,26,residual_1,GPU,3.44524e+06,3.44528e+06,36.1589
0,26,post_attn_layer_norm,GPU,3.44528e+06,3.44531e+06,36.1589
0,26,expertFFN,GPU,3.44531e+06,3.55018e+06,104868
0,26,sync_0,GPU,3.44531e+06,3.44531e+06,0
0,26,sync__set,GPU,3.44531e+06,3.44531e+06,0
0,26,sync__,GPU,3.44531e+06,3.44531e+06,0
0,26,gate_fn,GPU,3.44531e+06,3.44536e+06,48.2433
0,26,Linear,GPU,3.44531e+06,3.44536e+06,48.2433
0,26,gate_update,GPU,3.44536e+06,3.44536e+06,0
0,26,moe_scatter,GPU,3.44536e+06,3.44536e+06,0
0,26,sync_for_moe_scatter,GPU,3.44536e+06,3.44536e+06,0
0,26,sync__set,GPU,3.44536e+06,3.44536e+06,0
0,26,sync__,GPU,3.44536e+06,3.44536e+06,0
0,26,moe_route,GPU,3.44536e+06,3.44536e+06,0
0,26,expert_FFN_0,GPU,3.44536e+06,3.48861e+06,43246
0,26,gate_proj,GPU,3.44536e+06,3.45977e+06,14408.3
0,26,Linear,Logic,3.44536e+06,3.45977e+06,14408.3
0,26,activation,Logic,3.45977e+06,3.45979e+06,21.0927
0,26,up_proj,GPU,3.45979e+06,3.4742e+06,14408.3
0,26,Linear,Logic,3.45979e+06,3.4742e+06,14408.3
0,26,down_proj,GPU,3.4742e+06,3.48861e+06,14408.3
0,26,Linear,Logic,3.4742e+06,3.48861e+06,14408.3
0,26,expert_FFN_1,GPU,3.48861e+06,3.53185e+06,43246
0,26,gate_proj,GPU,3.48861e+06,3.50302e+06,14408.3
0,26,Linear,Logic,3.48861e+06,3.50302e+06,14408.3
0,26,activation,Logic,3.50302e+06,3.50304e+06,21.0927
0,26,up_proj,GPU,3.50304e+06,3.51745e+06,14408.3
0,26,Linear,Logic,3.50304e+06,3.51745e+06,14408.3
0,26,down_proj,GPU,3.51745e+06,3.53185e+06,14408.3
0,26,Linear,Logic,3.51745e+06,3.53185e+06,14408.3
0,26,sync_2,GPU,3.53185e+06,3.53185e+06,0
0,26,sync__set,GPU,3.53185e+06,3.53185e+06,0
0,26,sync__,GPU,3.53185e+06,3.53185e+06,0
0,26,moe_all_reduce_for_e_tp,GPU,3.53185e+06,3.53185e+06,0
0,26,sync_3,GPU,3.53185e+06,3.53185e+06,0
0,26,sync__set,GPU,3.53185e+06,3.53185e+06,0
0,26,sync__,GPU,3.53185e+06,3.53185e+06,0
0,26,moe_gather,GPU,3.53185e+06,3.53185e+06,0
0,26,sync_for_moe_gather,GPU,3.53185e+06,3.53185e+06,0
0,26,sync__set,GPU,3.53185e+06,3.53185e+06,0
0,26,sync__,GPU,3.53185e+06,3.53185e+06,0
0,26,moe_all_reduce_for_gather,GPU,3.53185e+06,3.55018e+06,18327.7
0,26,sync_5,GPU,3.55018e+06,3.55018e+06,0
0,26,sync__set,GPU,3.55018e+06,3.55018e+06,0
0,26,sync__,GPU,3.55018e+06,3.55018e+06,0
0,26,sync_6,GPU,3.55018e+06,3.55018e+06,0
0,26,sync__set,GPU,3.55018e+06,3.55018e+06,0
0,26,sync__,GPU,3.55018e+06,3.55018e+06,0
0,26,residual_2,GPU,3.55018e+06,3.55022e+06,36.1589
0,27,MoE_decoder_27,GPU,3.55022e+06,3.6849e+06,134679
0,27,input_layer_norm,GPU,3.55022e+06,3.55025e+06,36.1589
0,27,attention,GPU,3.55025e+06,3.57994e+06,29690.1
0,27,attn_qkv_proj,GPU,3.55025e+06,3.55645e+06,6193.22
0,27,Linear,GPU,3.55025e+06,3.55645e+06,6193.22
0,27,self_attention,GPU,3.55645e+06,3.55748e+06,1035.05
0,27,AttentionSplit,GPU,3.55645e+06,3.55645e+06,0
0,27,AttentionSum,Logic,3.55645e+06,3.55645e+06,0
0,27,AttentionGen,Logic,3.55645e+06,3.55748e+06,1035.05
0,27,AttentionMerge,GPU,3.55748e+06,3.55748e+06,0
0,27,attn_o_proj,GPU,3.55748e+06,3.56162e+06,4134.17
0,27,Linear,GPU,3.55748e+06,3.56162e+06,4134.17
0,27,all_reduce,GPU,3.56162e+06,3.57994e+06,18327.7
0,27,residual_1,GPU,3.57994e+06,3.57998e+06,36.1589
0,27,post_attn_layer_norm,GPU,3.57998e+06,3.58002e+06,36.1589
0,27,expertFFN,GPU,3.58002e+06,3.68486e+06,104844
0,27,sync_0,GPU,3.58002e+06,3.58002e+06,0
0,27,sync__set,GPU,3.58002e+06,3.58002e+06,0
0,27,sync__,GPU,3.58002e+06,3.58002e+06,0
0,27,gate_fn,GPU,3.58002e+06,3.58006e+06,48.2433
0,27,Linear,GPU,3.58002e+06,3.58006e+06,48.2433
0,27,gate_update,GPU,3.58006e+06,3.58006e+06,0
0,27,moe_scatter,GPU,3.58006e+06,3.58006e+06,0
0,27,sync_for_moe_scatter,GPU,3.58006e+06,3.58006e+06,0
0,27,sync__set,GPU,3.58006e+06,3.58006e+06,0
0,27,sync__,GPU,3.58006e+06,3.58006e+06,0
0,27,moe_route,GPU,3.58006e+06,3.58006e+06,0
0,27,expert_FFN_0,GPU,3.58006e+06,3.58006e+06,0
0,27,gate_proj,GPU,3.58006e+06,3.58006e+06,0
0,27,Linear,Logic,3.58006e+06,3.58006e+06,0
0,27,activation,Logic,3.58006e+06,3.58006e+06,0
0,27,up_proj,GPU,3.58006e+06,3.58006e+06,0
0,27,Linear,Logic,3.58006e+06,3.58006e+06,0
0,27,down_proj,GPU,3.58006e+06,3.58006e+06,0
0,27,Linear,Logic,3.58006e+06,3.58006e+06,0
0,27,expert_FFN_1,GPU,3.58006e+06,3.62329e+06,43221.9
0,27,gate_proj,GPU,3.58006e+06,3.59447e+06,14403.8
0,27,Linear,Logic,3.58006e+06,3.59447e+06,14403.8
0,27,activation,Logic,3.59447e+06,3.59448e+06,10.5463
0,27,up_proj,GPU,3.59448e+06,3.60888e+06,14403.8
0,27,Linear,Logic,3.59448e+06,3.60888e+06,14403.8
0,27,down_proj,GPU,3.60888e+06,3.62329e+06,14403.8
0,27,Linear,Logic,3.60888e+06,3.62329e+06,14403.8
0,27,sync_2,GPU,3.62329e+06,3.66653e+06,43246
0,27,sync__set,GPU,3.62329e+06,3.62329e+06,0
0,27,sync__,GPU,3.62329e+06,3.66653e+06,43246
0,27,moe_all_reduce_for_e_tp,GPU,3.66653e+06,3.66653e+06,0
0,27,sync_3,GPU,3.66653e+06,3.66653e+06,0
0,27,sync__set,GPU,3.66653e+06,3.66653e+06,0
0,27,sync__,GPU,3.66653e+06,3.66653e+06,0
0,27,moe_gather,GPU,3.66653e+06,3.66653e+06,0
0,27,sync_for_moe_gather,GPU,3.66653e+06,3.66653e+06,0
0,27,sync__set,GPU,3.66653e+06,3.66653e+06,0
0,27,sync__,GPU,3.66653e+06,3.66653e+06,0
0,27,moe_all_reduce_for_gather,GPU,3.66653e+06,3.68486e+06,18327.7
0,27,sync_5,GPU,3.68486e+06,3.68486e+06,0
0,27,sync__set,GPU,3.68486e+06,3.68486e+06,0
0,27,sync__,GPU,3.68486e+06,3.68486e+06,0
0,27,sync_6,GPU,3.68486e+06,3.68486e+06,0
0,27,sync__set,GPU,3.68486e+06,3.68486e+06,0
0,27,sync__,GPU,3.68486e+06,3.68486e+06,0
0,27,residual_2,GPU,3.68486e+06,3.6849e+06,36.1589
0,28,MoE_decoder_28,GPU,3.6849e+06,3.8196e+06,134703
0,28,input_layer_norm,GPU,3.6849e+06,3.68493e+06,36.1589
0,28,attention,GPU,3.68493e+06,3.71462e+06,29690.1
0,28,attn_qkv_proj,GPU,3.68493e+06,3.69113e+06,6193.22
0,28,Linear,GPU,3.68493e+06,3.69113e+06,6193.22
0,28,self_attention,GPU,3.69113e+06,3.69216e+06,1035.05
0,28,AttentionSplit,GPU,3.69113e+06,3.69113e+06,0
0,28,AttentionSum,Logic,3.69113e+06,3.69113e+06,0
0,28,AttentionGen,Logic,3.69113e+06,3.69216e+06,1035.05
0,28,AttentionMerge,GPU,3.69216e+06,3.69216e+06,0
0,28,attn_o_proj,GPU,3.69216e+06,3.69629e+06,4134.17
0,28,Linear,GPU,3.69216e+06,3.69629e+06,4134.17
0,28,all_reduce,GPU,3.69629e+06,3.71462e+06,18327.7
0,28,residual_1,GPU,3.71462e+06,3.71466e+06,36.1589
0,28,post_attn_layer_norm,GPU,3.71466e+06,3.71469e+06,36.1589
0,28,expertFFN,GPU,3.71469e+06,3.81956e+06,104868
0,28,sync_0,GPU,3.71469e+06,3.71469e+06,0
0,28,sync__set,GPU,3.71469e+06,3.71469e+06,0
0,28,sync__,GPU,3.71469e+06,3.71469e+06,0
0,28,gate_fn,GPU,3.71469e+06,3.71474e+06,48.2433
0,28,Linear,GPU,3.71469e+06,3.71474e+06,48.2433
0,28,gate_update,GPU,3.71474e+06,3.71474e+06,0
0,28,moe_scatter,GPU,3.71474e+06,3.71474e+06,0
0,28,sync_for_moe_scatter,GPU,3.71474e+06,3.71474e+06,0
0,28,sync__set,GPU,3.71474e+06,3.71474e+06,0
0,28,sync__,GPU,3.71474e+06,3.71474e+06,0
0,28,moe_route,GPU,3.71474e+06,3.71474e+06,0
0,28,expert_FFN_0,GPU,3.71474e+06,3.75796e+06,43221.9
0,28,gate_proj,GPU,3.71474e+06,3.72915e+06,14403.8
0,28,Linear,Logic,3.71474e+06,3.72915e+06,14403.8
0,28,activation,Logic,3.72915e+06,3.72916e+06,10.5463
0,28,up_proj,GPU,3.72916e+06,3.74356e+06,14403.8
0,28,Linear,Logic,3.72916e+06,3.74356e+06,14403.8
0,28,down_proj,GPU,3.74356e+06,3.75796e+06,14403.8
0,28,Linear,Logic,3.74356e+06,3.75796e+06,14403.8
0,28,expert_FFN_1,GPU,3.75796e+06,3.80119e+06,43221.9
0,28,gate_proj,GPU,3.75796e+06,3.77237e+06,14403.8
0,28,Linear,Logic,3.75796e+06,3.77237e+06,14403.8
0,28,activation,Logic,3.77237e+06,3.77238e+06,10.5463
0,28,up_proj,GPU,3.77238e+06,3.78678e+06,14403.8
0,28,Linear,Logic,3.77238e+06,3.78678e+06,14403.8
0,28,down_proj,GPU,3.78678e+06,3.80119e+06,14403.8
0,28,Linear,Logic,3.78678e+06,3.80119e+06,14403.8
0,28,sync_2,GPU,3.80119e+06,3.80123e+06,48.2119
0,28,sync__set,GPU,3.80119e+06,3.80119e+06,0
0,28,sync__,GPU,3.80119e+06,3.80123e+06,48.2119
0,28,moe_all_reduce_for_e_tp,GPU,3.80123e+06,3.80123e+06,0
0,28,sync_3,GPU,3.80123e+06,3.80123e+06,0
0,28,sync__set,GPU,3.80123e+06,3.80123e+06,0
0,28,sync__,GPU,3.80123e+06,3.80123e+06,0
0,28,moe_gather,GPU,3.80123e+06,3.80123e+06,0
0,28,sync_for_moe_gather,GPU,3.80123e+06,3.80123e+06,0
0,28,sync__set,GPU,3.80123e+06,3.80123e+06,0
0,28,sync__,GPU,3.80123e+06,3.80123e+06,0
0,28,moe_all_reduce_for_gather,GPU,3.80123e+06,3.81956e+06,18327.7
0,28,sync_5,GPU,3.81956e+06,3.81956e+06,0
0,28,sync__set,GPU,3.81956e+06,3.81956e+06,0
0,28,sync__,GPU,3.81956e+06,3.81956e+06,0
0,28,sync_6,GPU,3.81956e+06,3.81956e+06,0
0,28,sync__set,GPU,3.81956e+06,3.81956e+06,0
0,28,sync__,GPU,3.81956e+06,3.81956e+06,0
0,28,residual_2,GPU,3.81956e+06,3.8196e+06,36.1589
0,29,MoE_decoder_29,GPU,3.8196e+06,3.95428e+06,134679
0,29,input_layer_norm,GPU,3.8196e+06,3.81963e+06,36.1589
0,29,attention,GPU,3.81963e+06,3.84933e+06,29690.1
0,29,attn_qkv_proj,GPU,3.81963e+06,3.82583e+06,6193.22
0,29,Linear,GPU,3.81963e+06,3.82583e+06,6193.22
0,29,self_attention,GPU,3.82583e+06,3.82686e+06,1035.05
0,29,AttentionSplit,GPU,3.82583e+06,3.82583e+06,0
0,29,AttentionSum,Logic,3.82583e+06,3.82583e+06,0
0,29,AttentionGen,Logic,3.82583e+06,3.82686e+06,1035.05
0,29,AttentionMerge,GPU,3.82686e+06,3.82686e+06,0
0,29,attn_o_proj,GPU,3.82686e+06,3.831e+06,4134.17
0,29,Linear,GPU,3.82686e+06,3.831e+06,4134.17
0,29,all_reduce,GPU,3.831e+06,3.84933e+06,18327.7
0,29,residual_1,GPU,3.84933e+06,3.84936e+06,36.1589
0,29,post_attn_layer_norm,GPU,3.84936e+06,3.8494e+06,36.1589
0,29,expertFFN,GPU,3.8494e+06,3.95424e+06,104844
0,29,sync_0,GPU,3.8494e+06,3.8494e+06,0
0,29,sync__set,GPU,3.8494e+06,3.8494e+06,0
0,29,sync__,GPU,3.8494e+06,3.8494e+06,0
0,29,gate_fn,GPU,3.8494e+06,3.84945e+06,48.2433
0,29,Linear,GPU,3.8494e+06,3.84945e+06,48.2433
0,29,gate_update,GPU,3.84945e+06,3.84945e+06,0
0,29,moe_scatter,GPU,3.84945e+06,3.84945e+06,0
0,29,sync_for_moe_scatter,GPU,3.84945e+06,3.84945e+06,0
0,29,sync__set,GPU,3.84945e+06,3.84945e+06,0
0,29,sync__,GPU,3.84945e+06,3.84945e+06,0
0,29,moe_route,GPU,3.84945e+06,3.84945e+06,0
0,29,expert_FFN_0,GPU,3.84945e+06,3.89267e+06,43221.9
0,29,gate_proj,GPU,3.84945e+06,3.86385e+06,14403.8
0,29,Linear,Logic,3.84945e+06,3.86385e+06,14403.8
0,29,activation,Logic,3.86385e+06,3.86386e+06,10.5463
0,29,up_proj,GPU,3.86386e+06,3.87826e+06,14403.8
0,29,Linear,Logic,3.86386e+06,3.87826e+06,14403.8
0,29,down_proj,GPU,3.87826e+06,3.89267e+06,14403.8
0,29,Linear,Logic,3.87826e+06,3.89267e+06,14403.8
0,29,expert_FFN_1,GPU,3.89267e+06,3.89267e+06,0
0,29,gate_proj,GPU,3.89267e+06,3.89267e+06,0
0,29,Linear,Logic,3.89267e+06,3.89267e+06,0
0,29,activation,Logic,3.89267e+06,3.89267e+06,0
0,29,up_proj,GPU,3.89267e+06,3.89267e+06,0
0,29,Linear,Logic,3.89267e+06,3.89267e+06,0
0,29,down_proj,GPU,3.89267e+06,3.89267e+06,0
0,29,Linear,Logic,3.89267e+06,3.89267e+06,0
0,29,sync_2,GPU,3.89267e+06,3.93591e+06,43246
0,29,sync__set,GPU,3.89267e+06,3.89267e+06,0
0,29,sync__,GPU,3.89267e+06,3.93591e+06,43246
0,29,moe_all_reduce_for_e_tp,GPU,3.93591e+06,3.93591e+06,0
0,29,sync_3,GPU,3.93591e+06,3.93591e+06,0
0,29,sync__set,GPU,3.93591e+06,3.93591e+06,0
0,29,sync__,GPU,3.93591e+06,3.93591e+06,0
0,29,moe_gather,GPU,3.93591e+06,3.93591e+06,0
0,29,sync_for_moe_gather,GPU,3.93591e+06,3.93591e+06,0
0,29,sync__set,GPU,3.93591e+06,3.93591e+06,0
0,29,sync__,GPU,3.93591e+06,3.93591e+06,0
0,29,moe_all_reduce_for_gather,GPU,3.93591e+06,3.95424e+06,18327.7
0,29,sync_5,GPU,3.95424e+06,3.95424e+06,0
0,29,sync__set,GPU,3.95424e+06,3.95424e+06,0
0,29,sync__,GPU,3.95424e+06,3.95424e+06,0
0,29,sync_6,GPU,3.95424e+06,3.95424e+06,0
0,29,sync__set,GPU,3.95424e+06,3.95424e+06,0
0,29,sync__,GPU,3.95424e+06,3.95424e+06,0
0,29,residual_2,GPU,3.95424e+06,3.95428e+06,36.1589
0,30,MoE_decoder_30,GPU,3.95428e+06,4.08893e+06,134655
0,30,input_layer_norm,GPU,3.95428e+06,3.95431e+06,36.1589
0,30,attention,GPU,3.95431e+06,3.984e+06,29690.1
0,30,attn_qkv_proj,GPU,3.95431e+06,3.96051e+06,6193.22
0,30,Linear,GPU,3.95431e+06,3.96051e+06,6193.22
0,30,self_attention,GPU,3.96051e+06,3.96154e+06,1035.05
0,30,AttentionSplit,GPU,3.96051e+06,3.96051e+06,0
0,30,AttentionSum,Logic,3.96051e+06,3.96051e+06,0
0,30,AttentionGen,Logic,3.96051e+06,3.96154e+06,1035.05
0,30,AttentionMerge,GPU,3.96154e+06,3.96154e+06,0
0,30,attn_o_proj,GPU,3.96154e+06,3.96568e+06,4134.17
0,30,Linear,GPU,3.96154e+06,3.96568e+06,4134.17
0,30,all_reduce,GPU,3.96568e+06,3.984e+06,18327.7
0,30,residual_1,GPU,3.984e+06,3.98404e+06,36.1589
0,30,post_attn_layer_norm,GPU,3.98404e+06,3.98408e+06,36.1589
0,30,expertFFN,GPU,3.98408e+06,4.0889e+06,104820
0,30,sync_0,GPU,3.98408e+06,3.98408e+06,0
0,30,sync__set,GPU,3.98408e+06,3.98408e+06,0
0,30,sync__,GPU,3.98408e+06,3.98408e+06,0
0,30,gate_fn,GPU,3.98408e+06,3.98412e+06,48.2433
0,30,Linear,GPU,3.98408e+06,3.98412e+06,48.2433
0,30,gate_update,GPU,3.98412e+06,3.98412e+06,0
0,30,moe_scatter,GPU,3.98412e+06,3.98412e+06,0
0,30,sync_for_moe_scatter,GPU,3.98412e+06,3.98412e+06,0
0,30,sync__set,GPU,3.98412e+06,3.98412e+06,0
0,30,sync__,GPU,3.98412e+06,3.98412e+06,0
0,30,moe_route,GPU,3.98412e+06,3.98412e+06,0
0,30,expert_FFN_0,GPU,3.98412e+06,4.02737e+06,43246
0,30,gate_proj,GPU,3.98412e+06,3.99853e+06,14408.3
0,30,Linear,Logic,3.98412e+06,3.99853e+06,14408.3
0,30,activation,Logic,3.99853e+06,3.99855e+06,21.0927
0,30,up_proj,GPU,3.99855e+06,4.01296e+06,14408.3
0,30,Linear,Logic,3.99855e+06,4.01296e+06,14408.3
0,30,down_proj,GPU,4.01296e+06,4.02737e+06,14408.3
0,30,Linear,Logic,4.01296e+06,4.02737e+06,14408.3
0,30,expert_FFN_1,GPU,4.02737e+06,4.02737e+06,0
0,30,gate_proj,GPU,4.02737e+06,4.02737e+06,0
0,30,Linear,Logic,4.02737e+06,4.02737e+06,0
0,30,activation,Logic,4.02737e+06,4.02737e+06,0
0,30,up_proj,GPU,4.02737e+06,4.02737e+06,0
0,30,Linear,Logic,4.02737e+06,4.02737e+06,0
0,30,down_proj,GPU,4.02737e+06,4.02737e+06,0
0,30,Linear,Logic,4.02737e+06,4.02737e+06,0
0,30,sync_2,GPU,4.02737e+06,4.07057e+06,43197.8
0,30,sync__set,GPU,4.02737e+06,4.02737e+06,0
0,30,sync__,GPU,4.02737e+06,4.07057e+06,43197.8
0,30,moe_all_reduce_for_e_tp,GPU,4.07057e+06,4.07057e+06,0
0,30,sync_3,GPU,4.07057e+06,4.07057e+06,0
0,30,sync__set,GPU,4.07057e+06,4.07057e+06,0
0,30,sync__,GPU,4.07057e+06,4.07057e+06,0
0,30,moe_gather,GPU,4.07057e+06,4.07057e+06,0
0,30,sync_for_moe_gather,GPU,4.07057e+06,4.07057e+06,0
0,30,sync__set,GPU,4.07057e+06,4.07057e+06,0
0,30,sync__,GPU,4.07057e+06,4.07057e+06,0
0,30,moe_all_reduce_for_gather,GPU,4.07057e+06,4.0889e+06,18327.7
0,30,sync_5,GPU,4.0889e+06,4.0889e+06,0
0,30,sync__set,GPU,4.0889e+06,4.0889e+06,0
0,30,sync__,GPU,4.0889e+06,4.0889e+06,0
0,30,sync_6,GPU,4.0889e+06,4.0889e+06,0
0,30,sync__set,GPU,4.0889e+06,4.0889e+06,0
0,30,sync__,GPU,4.0889e+06,4.0889e+06,0
0,30,residual_2,GPU,4.0889e+06,4.08893e+06,36.1589
0,31,MoE_decoder_31,GPU,4.08893e+06,4.22363e+06,134703
0,31,input_layer_norm,GPU,4.08893e+06,4.08897e+06,36.1589
0,31,attention,GPU,4.08897e+06,4.11866e+06,29690.1
0,31,attn_qkv_proj,GPU,4.08897e+06,4.09516e+06,6193.22
0,31,Linear,GPU,4.08897e+06,4.09516e+06,6193.22
0,31,self_attention,GPU,4.09516e+06,4.0962e+06,1035.05
0,31,AttentionSplit,GPU,4.09516e+06,4.09516e+06,0
0,31,AttentionSum,Logic,4.09516e+06,4.09516e+06,0
0,31,AttentionGen,Logic,4.09516e+06,4.0962e+06,1035.05
0,31,AttentionMerge,GPU,4.0962e+06,4.0962e+06,0
0,31,attn_o_proj,GPU,4.0962e+06,4.10033e+06,4134.17
0,31,Linear,GPU,4.0962e+06,4.10033e+06,4134.17
0,31,all_reduce,GPU,4.10033e+06,4.11866e+06,18327.7
0,31,residual_1,GPU,4.11866e+06,4.11869e+06,36.1589
0,31,post_attn_layer_norm,GPU,4.11869e+06,4.11873e+06,36.1589
0,31,expertFFN,GPU,4.11873e+06,4.2236e+06,104868
0,31,sync_0,GPU,4.11873e+06,4.11873e+06,0
0,31,sync__set,GPU,4.11873e+06,4.11873e+06,0
0,31,sync__,GPU,4.11873e+06,4.11873e+06,0
0,31,gate_fn,GPU,4.11873e+06,4.11878e+06,48.2433
0,31,Linear,GPU,4.11873e+06,4.11878e+06,48.2433
0,31,gate_update,GPU,4.11878e+06,4.11878e+06,0
0,31,moe_scatter,GPU,4.11878e+06,4.11878e+06,0
0,31,sync_for_moe_scatter,GPU,4.11878e+06,4.11878e+06,0
0,31,sync__set,GPU,4.11878e+06,4.11878e+06,0
0,31,sync__,GPU,4.11878e+06,4.11878e+06,0
0,31,moe_route,GPU,4.11878e+06,4.11878e+06,0
0,31,expert_FFN_0,GPU,4.11878e+06,4.162e+06,43221.9
0,31,gate_proj,GPU,4.11878e+06,4.13318e+06,14403.8
0,31,Linear,Logic,4.11878e+06,4.13318e+06,14403.8
0,31,activation,Logic,4.13318e+06,4.13319e+06,10.5463
0,31,up_proj,GPU,4.13319e+06,4.1476e+06,14403.8
0,31,Linear,Logic,4.13319e+06,4.1476e+06,14403.8
0,31,down_proj,GPU,4.1476e+06,4.162e+06,14403.8
0,31,Linear,Logic,4.1476e+06,4.162e+06,14403.8
0,31,expert_FFN_1,GPU,4.162e+06,4.20522e+06,43221.9
0,31,gate_proj,GPU,4.162e+06,4.1764e+06,14403.8
0,31,Linear,Logic,4.162e+06,4.1764e+06,14403.8
0,31,activation,Logic,4.1764e+06,4.17642e+06,10.5463
0,31,up_proj,GPU,4.17642e+06,4.19082e+06,14403.8
0,31,Linear,Logic,4.17642e+06,4.19082e+06,14403.8
0,31,down_proj,GPU,4.19082e+06,4.20522e+06,14403.8
0,31,Linear,Logic,4.19082e+06,4.20522e+06,14403.8
0,31,sync_2,GPU,4.20522e+06,4.20527e+06,48.2119
0,31,sync__set,GPU,4.20522e+06,4.20522e+06,0
0,31,sync__,GPU,4.20522e+06,4.20527e+06,48.2119
0,31,moe_all_reduce_for_e_tp,GPU,4.20527e+06,4.20527e+06,0
0,31,sync_3,GPU,4.20527e+06,4.20527e+06,0
0,31,sync__set,GPU,4.20527e+06,4.20527e+06,0
0,31,sync__,GPU,4.20527e+06,4.20527e+06,0
0,31,moe_gather,GPU,4.20527e+06,4.20527e+06,0
0,31,sync_for_moe_gather,GPU,4.20527e+06,4.20527e+06,0
0,31,sync__set,GPU,4.20527e+06,4.20527e+06,0
0,31,sync__,GPU,4.20527e+06,4.20527e+06,0
0,31,moe_all_reduce_for_gather,GPU,4.20527e+06,4.2236e+06,18327.7
0,31,sync_5,GPU,4.2236e+06,4.2236e+06,0
0,31,sync__set,GPU,4.2236e+06,4.2236e+06,0
0,31,sync__,GPU,4.2236e+06,4.2236e+06,0
0,31,sync_6,GPU,4.2236e+06,4.2236e+06,0
0,31,sync__set,GPU,4.2236e+06,4.2236e+06,0
0,31,sync__,GPU,4.2236e+06,4.2236e+06,0
0,31,residual_2,GPU,4.2236e+06,4.22363e+06,36.1589
1,0,MoE_decoder_0,GPU,0,134679,134679
1,0,input_layer_norm,GPU,0,36.1589,36.1589
1,0,attention,GPU,36.1589,29726.3,29690.1
1,0,attn_qkv_proj,GPU,36.1589,6229.38,6193.22
1,0,Linear,GPU,36.1589,6229.38,6193.22
1,0,self_attention,GPU,6229.38,7264.42,1035.05
1,0,AttentionSplit,GPU,6229.38,6229.38,0
1,0,AttentionSum,Logic,6229.38,6229.38,0
1,0,AttentionGen,Logic,6229.38,7264.42,1035.05
1,0,AttentionMerge,GPU,7264.42,7264.42,0
1,0,attn_o_proj,GPU,7264.42,11398.6,4134.17
1,0,Linear,GPU,7264.42,11398.6,4134.17
1,0,all_reduce,GPU,11398.6,29726.3,18327.7
1,0,residual_1,GPU,29726.3,29762.4,36.1589
1,0,post_attn_layer_norm,GPU,29762.4,29798.6,36.1589
1,0,expertFFN,GPU,29798.6,134642,104844
1,0,sync_0,GPU,29798.6,29798.6,0
1,0,sync__set,GPU,29798.6,29798.6,0
1,0,sync__,GPU,29798.6,29798.6,0
1,0,gate_fn,GPU,29798.6,29846.8,48.2433
1,0,Linear,GPU,29798.6,29846.8,48.2433
1,0,gate_update,GPU,29846.8,29846.8,0
1,0,moe_scatter,GPU,29846.8,29846.8,0
1,0,sync_for_moe_scatter,GPU,29846.8,29846.8,0
1,0,sync__set,GPU,29846.8,29846.8,0
1,0,sync__,GPU,29846.8,29846.8,0
1,0,moe_route,GPU,29846.8,29846.8,0
1,0,expert_FFN_2,GPU,29846.8,73092.9,43246
1,0,gate_proj,GPU,29846.8,44255.2,14408.3
1,0,Linear,Logic,29846.8,44255.2,14408.3
1,0,activation,Logic,44255.2,44276.2,21.0927
1,0,up_proj,GPU,44276.2,58684.6,14408.3
1,0,Linear,Logic,44276.2,58684.6,14408.3
1,0,down_proj,GPU,58684.6,73092.9,14408.3
1,0,Linear,Logic,58684.6,73092.9,14408.3
1,0,expert_FFN_3,GPU,73092.9,116315,43221.9
1,0,gate_proj,GPU,73092.9,87496.7,14403.8
1,0,Linear,Logic,73092.9,87496.7,14403.8
1,0,activation,Logic,87496.7,87507.2,10.5463
1,0,up_proj,GPU,87507.2,101911,14403.8
1,0,Linear,Logic,87507.2,101911,14403.8
1,0,down_proj,GPU,101911,116315,14403.8
1,0,Linear,Logic,101911,116315,14403.8
1,0,sync_2,GPU,116315,116315,2.91038e-11
1,0,sync__set,GPU,116315,116315,0
1,0,sync__,GPU,116315,116315,2.91038e-11
1,0,moe_all_reduce_for_e_tp,GPU,116315,116315,0
1,0,sync_3,GPU,116315,116315,0
1,0,sync__set,GPU,116315,116315,0
1,0,sync__,GPU,116315,116315,0
1,0,moe_gather,GPU,116315,116315,0
1,0,sync_for_moe_gather,GPU,116315,116315,0
1,0,sync__set,GPU,116315,116315,0
1,0,sync__,GPU,116315,116315,0
1,0,moe_all_reduce_for_gather,GPU,116315,134642,18327.7
1,0,sync_5,GPU,134642,134642,0
1,0,sync__set,GPU,134642,134642,0
1,0,sync__,GPU,134642,134642,0
1,0,sync_6,GPU,134642,134642,0
1,0,sync__set,GPU,134642,134642,0
1,0,sync__,GPU,134642,134642,0
1,0,residual_2,GPU,134642,134679,36.1589
1,1,MoE_decoder_1,GPU,134679,269406,134727
1,1,input_layer_norm,GPU,134679,134715,36.1589
1,1,attention,GPU,134715,164405,29690.1
1,1,attn_qkv_proj,GPU,134715,140908,6193.22
1,1,Linear,GPU,134715,140908,6193.22
1,1,self_attention,GPU,140908,141943,1035.05
1,1,AttentionSplit,GPU,140908,140908,0
1,1,AttentionSum,Logic,140908,140908,0
1,1,AttentionGen,Logic,140908,141943,1035.05
1,1,AttentionMerge,GPU,141943,141943,0
1,1,attn_o_proj,GPU,141943,146077,4134.17
1,1,Linear,GPU,141943,146077,4134.17
1,1,all_reduce,GPU,146077,164405,18327.7
1,1,residual_1,GPU,164405,164441,36.1589
1,1,post_attn_layer_norm,GPU,164441,164477,36.1589
1,1,expertFFN,GPU,164477,269369,104892
1,1,sync_0,GPU,164477,164477,0
1,1,sync__set,GPU,164477,164477,0
1,1,sync__,GPU,164477,164477,0
1,1,gate_fn,GPU,164477,164525,48.2433
1,1,Linear,GPU,164477,164525,48.2433
1,1,gate_update,GPU,164525,164525,0
1,1,moe_scatter,GPU,164525,164525,0
1,1,sync_for_moe_scatter,GPU,164525,164525,0
1,1,sync__set,GPU,164525,164525,0
1,1,sync__,GPU,164525,164525,0
1,1,moe_route,GPU,164525,164525,0
1,1,expert_FFN_2,GPU,164525,207820,43294.3
1,1,gate_proj,GPU,164525,178943,14417.4
1,1,Linear,Logic,164525,178943,14417.4
1,1,activation,Logic,178943,178985,42.1854
1,1,up_proj,GPU,178985,193402,14417.4
1,1,Linear,Logic,178985,193402,14417.4
1,1,down_proj,GPU,193402,207820,14417.4
1,1,Linear,Logic,193402,207820,14417.4
1,1,expert_FFN_3,GPU,207820,251042,43221.9
1,1,gate_proj,GPU,207820,222224,14403.8
1,1,Linear,Logic,207820,222224,14403.8
1,1,activation,Logic,222224,222234,10.5463
1,1,up_proj,GPU,222234,236638,14403.8
1,1,Linear,Logic,222234,236638,14403.8
1,1,down_proj,GPU,236638,251042,14403.8
1,1,Linear,Logic,236638,251042,14403.8
1,1,sync_2,GPU,251042,251042,0
1,1,sync__set,GPU,251042,251042,0
1,1,sync__,GPU,251042,251042,0
1,1,moe_all_reduce_for_e_tp,GPU,251042,251042,0
1,1,sync_3,GPU,251042,251042,0
1,1,sync__set,GPU,251042,251042,0
1,1,sync__,GPU,251042,251042,0
1,1,moe_gather,GPU,251042,251042,0
1,1,sync_for_moe_gather,GPU,251042,251042,0
1,1,sync__set,GPU,251042,251042,0
1,1,sync__,GPU,251042,251042,0
1,1,moe_all_reduce_for_gather,GPU,251042,269369,18327.7
1,1,sync_5,GPU,269369,269369,0
1,1,sync__set,GPU,269369,269369,0
1,1,sync__,GPU,269369,269369,0
1,1,sync_6,GPU,269369,269369,0
1,1,sync__set,GPU,269369,269369,0
1,1,sync__,GPU,269369,269369,0
1,1,residual_2,GPU,269369,269406,36.1589
1,2,MoE_decoder_2,GPU,269406,404108,134703
1,2,input_layer_norm,GPU,269406,269442,36.1589
1,2,attention,GPU,269442,299132,29690.1
1,2,attn_qkv_proj,GPU,269442,275635,6193.22
1,2,Linear,GPU,269442,275635,6193.22
1,2,self_attention,GPU,275635,276670,1035.05
1,2,AttentionSplit,GPU,275635,275635,0
1,2,AttentionSum,Logic,275635,275635,0
1,2,AttentionGen,Logic,275635,276670,1035.05
1,2,AttentionMerge,GPU,276670,276670,0
1,2,attn_o_proj,GPU,276670,280804,4134.17
1,2,Linear,GPU,276670,280804,4134.17
1,2,all_reduce,GPU,280804,299132,18327.7
1,2,residual_1,GPU,299132,299168,36.1589
1,2,post_attn_layer_norm,GPU,299168,299204,36.1589
1,2,expertFFN,GPU,299204,404072,104868
1,2,sync_0,GPU,299204,299204,0
1,2,sync__set,GPU,299204,299204,0
1,2,sync__,GPU,299204,299204,0
1,2,gate_fn,GPU,299204,299252,48.2433
1,2,Linear,GPU,299204,299252,48.2433
1,2,gate_update,GPU,299252,299252,0
1,2,moe_scatter,GPU,299252,299252,0
1,2,sync_for_moe_scatter,GPU,299252,299252,0
1,2,sync__set,GPU,299252,299252,0
1,2,sync__,GPU,299252,299252,0
1,2,moe_route,GPU,299252,299252,0
1,2,expert_FFN_2,GPU,299252,299252,0
1,2,gate_proj,GPU,299252,299252,0
1,2,Linear,Logic,299252,299252,0
1,2,activation,Logic,299252,299252,0
1,2,up_proj,GPU,299252,299252,0
1,2,Linear,Logic,299252,299252,0
1,2,down_proj,GPU,299252,299252,0
1,2,Linear,Logic,299252,299252,0
1,2,expert_FFN_3,GPU,299252,342474,43221.9
1,2,gate_proj,GPU,299252,313656,14403.8
1,2,Linear,Logic,299252,313656,14403.8
1,2,activation,Logic,313656,313667,10.5463
1,2,up_proj,GPU,313667,328071,14403.8
1,2,Linear,Logic,313667,328071,14403.8
1,2,down_proj,GPU,328071,342474,14403.8
1,2,Linear,Logic,328071,342474,14403.8
1,2,sync_2,GPU,342474,385744,43270.2
1,2,sync__set,GPU,342474,342474,0
1,2,sync__,GPU,342474,385744,43270.2
1,2,moe_all_reduce_for_e_tp,GPU,385744,385744,0
1,2,sync_3,GPU,385744,385744,0
1,2,sync__set,GPU,385744,385744,0
1,2,sync__,GPU,385744,385744,0
1,2,moe_gather,GPU,385744,385744,0
1,2,sync_for_moe_gather,GPU,385744,385744,0
1,2,sync__set,GPU,385744,385744,0
1,2,sync__,GPU,385744,385744,0
1,2,moe_all_reduce_for_gather,GPU,385744,404072,18327.7
1,2,sync_5,GPU,404072,404072,0
1,2,sync__set,GPU,404072,404072,0
1,2,sync__,GPU,404072,404072,0
1,2,sync_6,GPU,404072,404072,0
1,2,sync__set,GPU,404072,404072,0
1,2,sync__,GPU,404072,404072,0
1,2,residual_2,GPU,404072,404108,36.1589
1,3,MoE_decoder_3,GPU,404108,538787,134679
1,3,input_layer_norm,GPU,404108,404144,36.1589
1,3,attention,GPU,404144,433835,29690.1
1,3,attn_qkv_proj,GPU,404144,410338,6193.22
1,3,Linear,GPU,404144,410338,6193.22
1,3,self_attention,GPU,410338,411373,1035.05
1,3,AttentionSplit,GPU,410338,410338,0
1,3,AttentionSum,Logic,410338,410338,0
1,3,AttentionGen,Logic,410338,411373,1035.05
1,3,AttentionMerge,GPU,411373,411373,0
1,3,attn_o_proj,GPU,411373,415507,4134.17
1,3,Linear,GPU,411373,415507,4134.17
1,3,all_reduce,GPU,415507,433835,18327.7
1,3,residual_1,GPU,433835,433871,36.1589
1,3,post_attn_layer_norm,GPU,433871,433907,36.1589
1,3,expertFFN,GPU,433907,538751,104844
1,3,sync_0,GPU,433907,433907,0
1,3,sync__set,GPU,433907,433907,0
1,3,sync__,GPU,433907,433907,0
1,3,gate_fn,GPU,433907,433955,48.2433
1,3,Linear,GPU,433907,433955,48.2433
1,3,gate_update,GPU,433955,433955,0
1,3,moe_scatter,GPU,433955,433955,0
1,3,sync_for_moe_scatter,GPU,433955,433955,0
1,3,sync__set,GPU,433955,433955,0
1,3,sync__,GPU,433955,433955,0
1,3,moe_route,GPU,433955,433955,0
1,3,expert_FFN_2,GPU,433955,477177,43221.9
1,3,gate_proj,GPU,433955,448359,14403.8
1,3,Linear,Logic,433955,448359,14403.8
1,3,activation,Logic,448359,448369,10.5463
1,3,up_proj,GPU,448369,462773,14403.8
1,3,Linear,Logic,448369,462773,14403.8
1,3,down_proj,GPU,462773,477177,14403.8
1,3,Linear,Logic,462773,477177,14403.8
1,3,expert_FFN_3,GPU,477177,520423,43246
1,3,gate_proj,GPU,477177,491585,14408.3
1,3,Linear,Logic,477177,491585,14408.3
1,3,activation,Logic,491585,491606,21.0927
1,3,up_proj,GPU,491606,506015,14408.3
1,3,Linear,Logic,491606,506015,14408.3
1,3,down_proj,GPU,506015,520423,14408.3
1,3,Linear,Logic,506015,520423,14408.3
1,3,sync_2,GPU,520423,520423,0
1,3,sync__set,GPU,520423,520423,0
1,3,sync__,GPU,520423,520423,0
1,3,moe_all_reduce_for_e_tp,GPU,520423,520423,0
1,3,sync_3,GPU,520423,520423,0
1,3,sync__set,GPU,520423,520423,0
1,3,sync__,GPU,520423,520423,0
1,3,moe_gather,GPU,520423,520423,0
1,3,sync_for_moe_gather,GPU,520423,520423,0
1,3,sync__set,GPU,520423,520423,0
1,3,sync__,GPU,520423,520423,0
1,3,moe_all_reduce_for_gather,GPU,520423,538751,18327.7
1,3,sync_5,GPU,538751,538751,0
1,3,sync__set,GPU,538751,538751,0
1,3,sync__,GPU,538751,538751,0
1,3,sync_6,GPU,538751,538751,0
1,3,sync__set,GPU,538751,538751,0
1,3,sync__,GPU,538751,538751,0
1,3,residual_2,GPU,538751,538787,36.1589
1,4,MoE_decoder_4,GPU,538787,673514,134727
1,4,input_layer_norm,GPU,538787,538823,36.1589
1,4,attention,GPU,538823,568513,29690.1
1,4,attn_qkv_proj,GPU,538823,545016,6193.22
1,4,Linear,GPU,538823,545016,6193.22
1,4,self_attention,GPU,545016,546051,1035.05
1,4,AttentionSplit,GPU,545016,545016,0
1,4,AttentionSum,Logic,545016,545016,0
1,4,AttentionGen,Logic,545016,546051,1035.05
1,4,AttentionMerge,GPU,546051,546051,0
1,4,attn_o_proj,GPU,546051,550186,4134.17
1,4,Linear,GPU,546051,550186,4134.17
1,4,all_reduce,GPU,550186,568513,18327.7
1,4,residual_1,GPU,568513,568549,36.1589
1,4,post_attn_layer_norm,GPU,568549,568586,36.1589
1,4,expertFFN,GPU,568586,673478,104892
1,4,sync_0,GPU,568586,568586,0
1,4,sync__set,GPU,568586,568586,0
1,4,sync__,GPU,568586,568586,0
1,4,gate_fn,GPU,568586,568634,48.2433
1,4,Linear,GPU,568586,568634,48.2433
1,4,gate_update,GPU,568634,568634,0
1,4,moe_scatter,GPU,568634,568634,0
1,4,sync_for_moe_scatter,GPU,568634,568634,0
1,4,sync__set,GPU,568634,568634,0
1,4,sync__,GPU,568634,568634,0
1,4,moe_route,GPU,568634,568634,0
1,4,expert_FFN_2,GPU,568634,568634,0
1,4,gate_proj,GPU,568634,568634,0
1,4,Linear,Logic,568634,568634,0
1,4,activation,Logic,568634,568634,0
1,4,up_proj,GPU,568634,568634,0
1,4,Linear,Logic,568634,568634,0
1,4,down_proj,GPU,568634,568634,0
1,4,Linear,Logic,568634,568634,0
1,4,expert_FFN_3,GPU,568634,611856,43221.9
1,4,gate_proj,GPU,568634,583038,14403.8
1,4,Linear,Logic,568634,583038,14403.8
1,4,activation,Logic,583038,583048,10.5463
1,4,up_proj,GPU,583048,597452,14403.8
1,4,Linear,Logic,583048,597452,14403.8
1,4,down_proj,GPU,597452,611856,14403.8
1,4,Linear,Logic,597452,611856,14403.8
1,4,sync_2,GPU,611856,655150,43294.3
1,4,sync__set,GPU,611856,611856,0
1,4,sync__,GPU,611856,655150,43294.3
1,4,moe_all_reduce_for_e_tp,GPU,655150,655150,0
1,4,sync_3,GPU,655150,655150,0
1,4,sync__set,GPU,655150,655150,0
1,4,sync__,GPU,655150,655150,0
1,4,moe_gather,GPU,655150,655150,0
1,4,sync_for_moe_gather,GPU,655150,655150,0
1,4,sync__set,GPU,655150,655150,0
1,4,sync__,GPU,655150,655150,0
1,4,moe_all_reduce_for_gather,GPU,655150,673478,18327.7
1,4,sync_5,GPU,673478,673478,0
1,4,sync__set,GPU,673478,673478,0
1,4,sync__,GPU,673478,673478,0
1,4,sync_6,GPU,673478,673478,0
1,4,sync__set,GPU,673478,673478,0
1,4,sync__,GPU,673478,673478,0
1,4,residual_2,GPU,673478,673514,36.1589
1,5,MoE_decoder_5,GPU,673514,808217,134703
1,5,input_layer_norm,GPU,673514,673550,36.1589
1,5,attention,GPU,673550,703240,29690.1
1,5,attn_qkv_proj,GPU,673550,679743,6193.22
1,5,Linear,GPU,673550,679743,6193.22
1,5,self_attention,GPU,679743,680778,1035.05
1,5,AttentionSplit,GPU,679743,679743,0
1,5,AttentionSum,Logic,679743,679743,0
1,5,AttentionGen,Logic,679743,680778,1035.05
1,5,AttentionMerge,GPU,680778,680778,0
1,5,attn_o_proj,GPU,680778,684912,4134.17
1,5,Linear,GPU,680778,684912,4134.17
1,5,all_reduce,GPU,684912,703240,18327.7
1,5,residual_1,GPU,703240,703276,36.1589
1,5,post_attn_layer_norm,GPU,703276,703312,36.1589
1,5,expertFFN,GPU,703312,808180,104868
1,5,sync_0,GPU,703312,703312,0
1,5,sync__set,GPU,703312,703312,0
1,5,sync__,GPU,703312,703312,0
1,5,gate_fn,GPU,703312,703361,48.2433
1,5,Linear,GPU,703312,703361,48.2433
1,5,gate_update,GPU,703361,703361,0
1,5,moe_scatter,GPU,703361,703361,0
1,5,sync_for_moe_scatter,GPU,703361,703361,0
1,5,sync__set,GPU,703361,703361,0
1,5,sync__,GPU,703361,703361,0
1,5,moe_route,GPU,703361,703361,0
1,5,expert_FFN_2,GPU,703361,703361,0
1,5,gate_proj,GPU,703361,703361,0
1,5,Linear,Logic,703361,703361,0
1,5,activation,Logic,703361,703361,0
1,5,up_proj,GPU,703361,703361,0
1,5,Linear,Logic,703361,703361,0
1,5,down_proj,GPU,703361,703361,0
1,5,Linear,Logic,703361,703361,0
1,5,expert_FFN_3,GPU,703361,703361,0
1,5,gate_proj,GPU,703361,703361,0
1,5,Linear,Logic,703361,703361,0
1,5,activation,Logic,703361,703361,0
1,5,up_proj,GPU,703361,703361,0
1,5,Linear,Logic,703361,703361,0
1,5,down_proj,GPU,703361,703361,0
1,5,Linear,Logic,703361,703361,0
1,5,sync_2,GPU,703361,789853,86492.1
1,5,sync__set,GPU,703361,703361,0
1,5,sync__,GPU,703361,789853,86492.1
1,5,moe_all_reduce_for_e_tp,GPU,789853,789853,0
1,5,sync_3,GPU,789853,789853,0
1,5,sync__set,GPU,789853,789853,0
1,5,sync__,GPU,789853,789853,0
1,5,moe_gather,GPU,789853,789853,0
1,5,sync_for_moe_gather,GPU,789853,789853,0
1,5,sync__set,GPU,789853,789853,0
1,5,sync__,GPU,789853,789853,0
1,5,moe_all_reduce_for_gather,GPU,789853,808180,18327.7
1,5,sync_5,GPU,808180,808180,0
1,5,sync__set,GPU,808180,808180,0
1,5,sync__,GPU,808180,808180,0
1,5,sync_6,GPU,808180,808180,0
1,5,sync__set,GPU,808180,808180,0
1,5,sync__,GPU,808180,808180,0
1,5,residual_2,GPU,808180,808217,36.1589
1,6,MoE_decoder_6,GPU,808217,942895,134679
1,6,input_layer_norm,GPU,808217,808253,36.1589
1,6,attention,GPU,808253,837943,29690.1
1,6,attn_qkv_proj,GPU,808253,814446,6193.22
1,6,Linear,GPU,808253,814446,6193.22
1,6,self_attention,GPU,814446,815481,1035.05
1,6,AttentionSplit,GPU,814446,814446,0
1,6,AttentionSum,Logic,814446,814446,0
1,6,AttentionGen,Logic,814446,815481,1035.05
1,6,AttentionMerge,GPU,815481,815481,0
1,6,attn_o_proj,GPU,815481,819615,4134.17
1,6,Linear,GPU,815481,819615,4134.17
1,6,all_reduce,GPU,819615,837943,18327.7
1,6,residual_1,GPU,837943,837979,36.1589
1,6,post_attn_layer_norm,GPU,837979,838015,36.1589
1,6,expertFFN,GPU,838015,942859,104844
1,6,sync_0,GPU,838015,838015,0
1,6,sync__set,GPU,838015,838015,0
1,6,sync__,GPU,838015,838015,0
1,6,gate_fn,GPU,838015,838063,48.2433
1,6,Linear,GPU,838015,838063,48.2433
1,6,gate_update,GPU,838063,838063,0
1,6,moe_scatter,GPU,838063,838063,0
1,6,sync_for_moe_scatter,GPU,838063,838063,0
1,6,sync__set,GPU,838063,838063,0
1,6,sync__,GPU,838063,838063,0
1,6,moe_route,GPU,838063,838063,0
1,6,expert_FFN_2,GPU,838063,838063,0
1,6,gate_proj,GPU,838063,838063,0
1,6,Linear,Logic,838063,838063,0
1,6,activation,Logic,838063,838063,0
1,6,up_proj,GPU,838063,838063,0
1,6,Linear,Logic,838063,838063,0
1,6,down_proj,GPU,838063,838063,0
1,6,Linear,Logic,838063,838063,0
1,6,expert_FFN_3,GPU,838063,881285,43221.9
1,6,gate_proj,GPU,838063,852467,14403.8
1,6,Linear,Logic,838063,852467,14403.8
1,6,activation,Logic,852467,852478,10.5463
1,6,up_proj,GPU,852478,866882,14403.8
1,6,Linear,Logic,852478,866882,14403.8
1,6,down_proj,GPU,866882,881285,14403.8
1,6,Linear,Logic,866882,881285,14403.8
1,6,sync_2,GPU,881285,924531,43246
1,6,sync__set,GPU,881285,881285,0
1,6,sync__,GPU,881285,924531,43246
1,6,moe_all_reduce_for_e_tp,GPU,924531,924531,0
1,6,sync_3,GPU,924531,924531,0
1,6,sync__set,GPU,924531,924531,0
1,6,sync__,GPU,924531,924531,0
1,6,moe_gather,GPU,924531,924531,0
1,6,sync_for_moe_gather,GPU,924531,924531,0
1,6,sync__set,GPU,924531,924531,0
1,6,sync__,GPU,924531,924531,0
1,6,moe_all_reduce_for_gather,GPU,924531,942859,18327.7
1,6,sync_5,GPU,942859,942859,0
1,6,sync__set,GPU,942859,942859,0
1,6,sync__,GPU,942859,942859,0
1,6,sync_6,GPU,942859,942859,0
1,6,sync__set,GPU,942859,942859,0
1,6,sync__,GPU,942859,942859,0
1,6,residual_2,GPU,942859,942895,36.1589
1,7,MoE_decoder_7,GPU,942895,1.07755e+06,134655
1,7,input_layer_norm,GPU,942895,942931,36.1589
1,7,attention,GPU,942931,972622,29690.1
1,7,attn_qkv_proj,GPU,942931,949125,6193.22
1,7,Linear,GPU,942931,949125,6193.22
1,7,self_attention,GPU,949125,950160,1035.05
1,7,AttentionSplit,GPU,949125,949125,0
1,7,AttentionSum,Logic,949125,949125,0
1,7,AttentionGen,Logic,949125,950160,1035.05
1,7,AttentionMerge,GPU,950160,950160,0
1,7,attn_o_proj,GPU,950160,954294,4134.17
1,7,Linear,GPU,950160,954294,4134.17
1,7,all_reduce,GPU,954294,972622,18327.7
1,7,residual_1,GPU,972622,972658,36.1589
1,7,post_attn_layer_norm,GPU,972658,972694,36.1589
1,7,expertFFN,GPU,972694,1.07751e+06,104820
1,7,sync_0,GPU,972694,972694,0
1,7,sync__set,GPU,972694,972694,0
1,7,sync__,GPU,972694,972694,0
1,7,gate_fn,GPU,972694,972742,48.2433
1,7,Linear,GPU,972694,972742,48.2433
1,7,gate_update,GPU,972742,972742,0
1,7,moe_scatter,GPU,972742,972742,0
1,7,sync_for_moe_scatter,GPU,972742,972742,0
1,7,sync__set,GPU,972742,972742,0
1,7,sync__,GPU,972742,972742,0
1,7,moe_route,GPU,972742,972742,0
1,7,expert_FFN_2,GPU,972742,1.01596e+06,43221.9
1,7,gate_proj,GPU,972742,987146,14403.8
1,7,Linear,Logic,972742,987146,14403.8
1,7,activation,Logic,987146,987156,10.5463
1,7,up_proj,GPU,987156,1.00156e+06,14403.8
1,7,Linear,Logic,987156,1.00156e+06,14403.8
1,7,down_proj,GPU,1.00156e+06,1.01596e+06,14403.8
1,7,Linear,Logic,1.00156e+06,1.01596e+06,14403.8
1,7,expert_FFN_3,GPU,1.01596e+06,1.05919e+06,43221.9
1,7,gate_proj,GPU,1.01596e+06,1.03037e+06,14403.8
1,7,Linear,Logic,1.01596e+06,1.03037e+06,14403.8
1,7,activation,Logic,1.03037e+06,1.03038e+06,10.5463
1,7,up_proj,GPU,1.03038e+06,1.04478e+06,14403.8
1,7,Linear,Logic,1.03038e+06,1.04478e+06,14403.8
1,7,down_proj,GPU,1.04478e+06,1.05919e+06,14403.8
1,7,Linear,Logic,1.04478e+06,1.05919e+06,14403.8
1,7,sync_2,GPU,1.05919e+06,1.05919e+06,0
1,7,sync__set,GPU,1.05919e+06,1.05919e+06,0
1,7,sync__,GPU,1.05919e+06,1.05919e+06,0
1,7,moe_all_reduce_for_e_tp,GPU,1.05919e+06,1.05919e+06,0
1,7,sync_3,GPU,1.05919e+06,1.05919e+06,0
1,7,sync__set,GPU,1.05919e+06,1.05919e+06,0
1,7,sync__,GPU,1.05919e+06,1.05919e+06,0
1,7,moe_gather,GPU,1.05919e+06,1.05919e+06,0
1,7,sync_for_moe_gather,GPU,1.05919e+06,1.05919e+06,0
1,7,sync__set,GPU,1.05919e+06,1.05919e+06,0
1,7,sync__,GPU,1.05919e+06,1.05919e+06,0
1,7,moe_all_reduce_for_gather,GPU,1.05919e+06,1.07751e+06,18327.7
1,7,sync_5,GPU,1.07751e+06,1.07751e+06,0
1,7,sync__set,GPU,1.07751e+06,1.07751e+06,0
1,7,sync__,GPU,1.07751e+06,1.07751e+06,0
1,7,sync_6,GPU,1.07751e+06,1.07751e+06,0
1,7,sync__set,GPU,1.07751e+06,1.07751e+06,0
1,7,sync__,GPU,1.07751e+06,1.07751e+06,0
1,7,residual_2,GPU,1.07751e+06,1.07755e+06,36.1589
1,8,MoE_decoder_8,GPU,1.07755e+06,1.21223e+06,134679
1,8,input_layer_norm,GPU,1.07755e+06,1.07759e+06,36.1589
1,8,attention,GPU,1.07759e+06,1.10728e+06,29690.1
1,8,attn_qkv_proj,GPU,1.07759e+06,1.08378e+06,6193.22
1,8,Linear,GPU,1.07759e+06,1.08378e+06,6193.22
1,8,self_attention,GPU,1.08378e+06,1.08481e+06,1035.05
1,8,AttentionSplit,GPU,1.08378e+06,1.08378e+06,0
1,8,AttentionSum,Logic,1.08378e+06,1.08378e+06,0
1,8,AttentionGen,Logic,1.08378e+06,1.08481e+06,1035.05
1,8,AttentionMerge,GPU,1.08481e+06,1.08481e+06,0
1,8,attn_o_proj,GPU,1.08481e+06,1.08895e+06,4134.17
1,8,Linear,GPU,1.08481e+06,1.08895e+06,4134.17
1,8,all_reduce,GPU,1.08895e+06,1.10728e+06,18327.7
1,8,residual_1,GPU,1.10728e+06,1.10731e+06,36.1589
1,8,post_attn_layer_norm,GPU,1.10731e+06,1.10735e+06,36.1589
1,8,expertFFN,GPU,1.10735e+06,1.21219e+06,104844
1,8,sync_0,GPU,1.10735e+06,1.10735e+06,0
1,8,sync__set,GPU,1.10735e+06,1.10735e+06,0
1,8,sync__,GPU,1.10735e+06,1.10735e+06,0
1,8,gate_fn,GPU,1.10735e+06,1.1074e+06,48.2433
1,8,Linear,GPU,1.10735e+06,1.1074e+06,48.2433
1,8,gate_update,GPU,1.1074e+06,1.1074e+06,0
1,8,moe_scatter,GPU,1.1074e+06,1.1074e+06,0
1,8,sync_for_moe_scatter,GPU,1.1074e+06,1.1074e+06,0
1,8,sync__set,GPU,1.1074e+06,1.1074e+06,0
1,8,sync__,GPU,1.1074e+06,1.1074e+06,0
1,8,moe_route,GPU,1.1074e+06,1.1074e+06,0
1,8,expert_FFN_2,GPU,1.1074e+06,1.15062e+06,43221.9
1,8,gate_proj,GPU,1.1074e+06,1.1218e+06,14403.8
1,8,Linear,Logic,1.1074e+06,1.1218e+06,14403.8
1,8,activation,Logic,1.1218e+06,1.12181e+06,10.5463
1,8,up_proj,GPU,1.12181e+06,1.13621e+06,14403.8
1,8,Linear,Logic,1.12181e+06,1.13621e+06,14403.8
1,8,down_proj,GPU,1.13621e+06,1.15062e+06,14403.8
1,8,Linear,Logic,1.13621e+06,1.15062e+06,14403.8
1,8,expert_FFN_3,GPU,1.15062e+06,1.19384e+06,43221.9
1,8,gate_proj,GPU,1.15062e+06,1.16502e+06,14403.8
1,8,Linear,Logic,1.15062e+06,1.16502e+06,14403.8
1,8,activation,Logic,1.16502e+06,1.16503e+06,10.5463
1,8,up_proj,GPU,1.16503e+06,1.17944e+06,14403.8
1,8,Linear,Logic,1.16503e+06,1.17944e+06,14403.8
1,8,down_proj,GPU,1.17944e+06,1.19384e+06,14403.8
1,8,Linear,Logic,1.17944e+06,1.19384e+06,14403.8
1,8,sync_2,GPU,1.19384e+06,1.19386e+06,24.1059
1,8,sync__set,GPU,1.19384e+06,1.19384e+06,0
1,8,sync__,GPU,1.19384e+06,1.19386e+06,24.1059
1,8,moe_all_reduce_for_e_tp,GPU,1.19386e+06,1.19386e+06,0
1,8,sync_3,GPU,1.19386e+06,1.19386e+06,0
1,8,sync__set,GPU,1.19386e+06,1.19386e+06,0
1,8,sync__,GPU,1.19386e+06,1.19386e+06,0
1,8,moe_gather,GPU,1.19386e+06,1.19386e+06,0
1,8,sync_for_moe_gather,GPU,1.19386e+06,1.19386e+06,0
1,8,sync__set,GPU,1.19386e+06,1.19386e+06,0
1,8,sync__,GPU,1.19386e+06,1.19386e+06,0
1,8,moe_all_reduce_for_gather,GPU,1.19386e+06,1.21219e+06,18327.7
1,8,sync_5,GPU,1.21219e+06,1.21219e+06,0
1,8,sync__set,GPU,1.21219e+06,1.21219e+06,0
1,8,sync__,GPU,1.21219e+06,1.21219e+06,0
1,8,sync_6,GPU,1.21219e+06,1.21219e+06,0
1,8,sync__set,GPU,1.21219e+06,1.21219e+06,0
1,8,sync__,GPU,1.21219e+06,1.21219e+06,0
1,8,residual_2,GPU,1.21219e+06,1.21223e+06,36.1589
1,9,MoE_decoder_9,GPU,1.21223e+06,1.34691e+06,134679
1,9,input_layer_norm,GPU,1.21223e+06,1.21226e+06,36.1589
1,9,attention,GPU,1.21226e+06,1.24195e+06,29690.1
1,9,attn_qkv_proj,GPU,1.21226e+06,1.21846e+06,6193.22
1,9,Linear,GPU,1.21226e+06,1.21846e+06,6193.22
1,9,self_attention,GPU,1.21846e+06,1.21949e+06,1035.05
1,9,AttentionSplit,GPU,1.21846e+06,1.21846e+06,0
1,9,AttentionSum,Logic,1.21846e+06,1.21846e+06,0
1,9,AttentionGen,Logic,1.21846e+06,1.21949e+06,1035.05
1,9,AttentionMerge,GPU,1.21949e+06,1.21949e+06,0
1,9,attn_o_proj,GPU,1.21949e+06,1.22363e+06,4134.17
1,9,Linear,GPU,1.21949e+06,1.22363e+06,4134.17
1,9,all_reduce,GPU,1.22363e+06,1.24195e+06,18327.7
1,9,residual_1,GPU,1.24195e+06,1.24199e+06,36.1589
1,9,post_attn_layer_norm,GPU,1.24199e+06,1.24203e+06,36.1589
1,9,expertFFN,GPU,1.24203e+06,1.34687e+06,104844
1,9,sync_0,GPU,1.24203e+06,1.24203e+06,0
1,9,sync__set,GPU,1.24203e+06,1.24203e+06,0
1,9,sync__,GPU,1.24203e+06,1.24203e+06,0
1,9,gate_fn,GPU,1.24203e+06,1.24208e+06,48.2433
1,9,Linear,GPU,1.24203e+06,1.24208e+06,48.2433
1,9,gate_update,GPU,1.24208e+06,1.24208e+06,0
1,9,moe_scatter,GPU,1.24208e+06,1.24208e+06,0
1,9,sync_for_moe_scatter,GPU,1.24208e+06,1.24208e+06,0
1,9,sync__set,GPU,1.24208e+06,1.24208e+06,0
1,9,sync__,GPU,1.24208e+06,1.24208e+06,0
1,9,moe_route,GPU,1.24208e+06,1.24208e+06,0
1,9,expert_FFN_2,GPU,1.24208e+06,1.24208e+06,0
1,9,gate_proj,GPU,1.24208e+06,1.24208e+06,0
1,9,Linear,Logic,1.24208e+06,1.24208e+06,0
1,9,activation,Logic,1.24208e+06,1.24208e+06,0
1,9,up_proj,GPU,1.24208e+06,1.24208e+06,0
1,9,Linear,Logic,1.24208e+06,1.24208e+06,0
1,9,down_proj,GPU,1.24208e+06,1.24208e+06,0
1,9,Linear,Logic,1.24208e+06,1.24208e+06,0
1,9,expert_FFN_3,GPU,1.24208e+06,1.28532e+06,43246
1,9,gate_proj,GPU,1.24208e+06,1.25648e+06,14408.3
1,9,Linear,Logic,1.24208e+06,1.25648e+06,14408.3
1,9,activation,Logic,1.25648e+06,1.2565e+06,21.0927
1,9,up_proj,GPU,1.2565e+06,1.27091e+06,14408.3
1,9,Linear,Logic,1.2565e+06,1.27091e+06,14408.3
1,9,down_proj,GPU,1.27091e+06,1.28532e+06,14408.3
1,9,Linear,Logic,1.27091e+06,1.28532e+06,14408.3
1,9,sync_2,GPU,1.28532e+06,1.32854e+06,43221.9
1,9,sync__set,GPU,1.28532e+06,1.28532e+06,0
1,9,sync__,GPU,1.28532e+06,1.32854e+06,43221.9
1,9,moe_all_reduce_for_e_tp,GPU,1.32854e+06,1.32854e+06,0
1,9,sync_3,GPU,1.32854e+06,1.32854e+06,0
1,9,sync__set,GPU,1.32854e+06,1.32854e+06,0
1,9,sync__,GPU,1.32854e+06,1.32854e+06,0
1,9,moe_gather,GPU,1.32854e+06,1.32854e+06,0
1,9,sync_for_moe_gather,GPU,1.32854e+06,1.32854e+06,0
1,9,sync__set,GPU,1.32854e+06,1.32854e+06,0
1,9,sync__,GPU,1.32854e+06,1.32854e+06,0
1,9,moe_all_reduce_for_gather,GPU,1.32854e+06,1.34687e+06,18327.7
1,9,sync_5,GPU,1.34687e+06,1.34687e+06,0
1,9,sync__set,GPU,1.34687e+06,1.34687e+06,0
1,9,sync__,GPU,1.34687e+06,1.34687e+06,0
1,9,sync_6,GPU,1.34687e+06,1.34687e+06,0
1,9,sync__set,GPU,1.34687e+06,1.34687e+06,0
1,9,sync__,GPU,1.34687e+06,1.34687e+06,0
1,9,residual_2,GPU,1.34687e+06,1.34691e+06,36.1589
1,10,MoE_decoder_10,GPU,1.34691e+06,1.48161e+06,134703
1,10,input_layer_norm,GPU,1.34691e+06,1.34694e+06,36.1589
1,10,attention,GPU,1.34694e+06,1.37663e+06,29690.1
1,10,attn_qkv_proj,GPU,1.34694e+06,1.35314e+06,6193.22
1,10,Linear,GPU,1.34694e+06,1.35314e+06,6193.22
1,10,self_attention,GPU,1.35314e+06,1.35417e+06,1035.05
1,10,AttentionSplit,GPU,1.35314e+06,1.35314e+06,0
1,10,AttentionSum,Logic,1.35314e+06,1.35314e+06,0
1,10,AttentionGen,Logic,1.35314e+06,1.35417e+06,1035.05
1,10,AttentionMerge,GPU,1.35417e+06,1.35417e+06,0
1,10,attn_o_proj,GPU,1.35417e+06,1.35831e+06,4134.17
1,10,Linear,GPU,1.35417e+06,1.35831e+06,4134.17
1,10,all_reduce,GPU,1.35831e+06,1.37663e+06,18327.7
1,10,residual_1,GPU,1.37663e+06,1.37667e+06,36.1589
1,10,post_attn_layer_norm,GPU,1.37667e+06,1.37671e+06,36.1589
1,10,expertFFN,GPU,1.37671e+06,1.48157e+06,104868
1,10,sync_0,GPU,1.37671e+06,1.37671e+06,0
1,10,sync__set,GPU,1.37671e+06,1.37671e+06,0
1,10,sync__,GPU,1.37671e+06,1.37671e+06,0
1,10,gate_fn,GPU,1.37671e+06,1.37675e+06,48.2433
1,10,Linear,GPU,1.37671e+06,1.37675e+06,48.2433
1,10,gate_update,GPU,1.37675e+06,1.37675e+06,0
1,10,moe_scatter,GPU,1.37675e+06,1.37675e+06,0
1,10,sync_for_moe_scatter,GPU,1.37675e+06,1.37675e+06,0
1,10,sync__set,GPU,1.37675e+06,1.37675e+06,0
1,10,sync__,GPU,1.37675e+06,1.37675e+06,0
1,10,moe_route,GPU,1.37675e+06,1.37675e+06,0
1,10,expert_FFN_2,GPU,1.37675e+06,1.41998e+06,43221.9
1,10,gate_proj,GPU,1.37675e+06,1.39116e+06,14403.8
1,10,Linear,Logic,1.37675e+06,1.39116e+06,14403.8
1,10,activation,Logic,1.39116e+06,1.39117e+06,10.5463
1,10,up_proj,GPU,1.39117e+06,1.40557e+06,14403.8
1,10,Linear,Logic,1.39117e+06,1.40557e+06,14403.8
1,10,down_proj,GPU,1.40557e+06,1.41998e+06,14403.8
1,10,Linear,Logic,1.40557e+06,1.41998e+06,14403.8
1,10,expert_FFN_3,GPU,1.41998e+06,1.41998e+06,0
1,10,gate_proj,GPU,1.41998e+06,1.41998e+06,0
1,10,Linear,Logic,1.41998e+06,1.41998e+06,0
1,10,activation,Logic,1.41998e+06,1.41998e+06,0
1,10,up_proj,GPU,1.41998e+06,1.41998e+06,0
1,10,Linear,Logic,1.41998e+06,1.41998e+06,0
1,10,down_proj,GPU,1.41998e+06,1.41998e+06,0
1,10,Linear,Logic,1.41998e+06,1.41998e+06,0
1,10,sync_2,GPU,1.41998e+06,1.46325e+06,43270.2
1,10,sync__set,GPU,1.41998e+06,1.41998e+06,0
1,10,sync__,GPU,1.41998e+06,1.46325e+06,43270.2
1,10,moe_all_reduce_for_e_tp,GPU,1.46325e+06,1.46325e+06,0
1,10,sync_3,GPU,1.46325e+06,1.46325e+06,0
1,10,sync__set,GPU,1.46325e+06,1.46325e+06,0
1,10,sync__,GPU,1.46325e+06,1.46325e+06,0
1,10,moe_gather,GPU,1.46325e+06,1.46325e+06,0
1,10,sync_for_moe_gather,GPU,1.46325e+06,1.46325e+06,0
1,10,sync__set,GPU,1.46325e+06,1.46325e+06,0
1,10,sync__,GPU,1.46325e+06,1.46325e+06,0
1,10,moe_all_reduce_for_gather,GPU,1.46325e+06,1.48157e+06,18327.7
1,10,sync_5,GPU,1.48157e+06,1.48157e+06,0
1,10,sync__set,GPU,1.48157e+06,1.48157e+06,0
1,10,sync__,GPU,1.48157e+06,1.48157e+06,0
1,10,sync_6,GPU,1.48157e+06,1.48157e+06,0
1,10,sync__set,GPU,1.48157e+06,1.48157e+06,0
1,10,sync__,GPU,1.48157e+06,1.48157e+06,0
1,10,residual_2,GPU,1.48157e+06,1.48161e+06,36.1589
1,11,MoE_decoder_11,GPU,1.48161e+06,1.61629e+06,134679
1,11,input_layer_norm,GPU,1.48161e+06,1.48165e+06,36.1589
1,11,attention,GPU,1.48165e+06,1.51134e+06,29690.1
1,11,attn_qkv_proj,GPU,1.48165e+06,1.48784e+06,6193.22
1,11,Linear,GPU,1.48165e+06,1.48784e+06,6193.22
1,11,self_attention,GPU,1.48784e+06,1.48887e+06,1035.05
1,11,AttentionSplit,GPU,1.48784e+06,1.48784e+06,0
1,11,AttentionSum,Logic,1.48784e+06,1.48784e+06,0
1,11,AttentionGen,Logic,1.48784e+06,1.48887e+06,1035.05
1,11,AttentionMerge,GPU,1.48887e+06,1.48887e+06,0
1,11,attn_o_proj,GPU,1.48887e+06,1.49301e+06,4134.17
1,11,Linear,GPU,1.48887e+06,1.49301e+06,4134.17
1,11,all_reduce,GPU,1.49301e+06,1.51134e+06,18327.7
1,11,residual_1,GPU,1.51134e+06,1.51137e+06,36.1589
1,11,post_attn_layer_norm,GPU,1.51137e+06,1.51141e+06,36.1589
1,11,expertFFN,GPU,1.51141e+06,1.61625e+06,104844
1,11,sync_0,GPU,1.51141e+06,1.51141e+06,0
1,11,sync__set,GPU,1.51141e+06,1.51141e+06,0
1,11,sync__,GPU,1.51141e+06,1.51141e+06,0
1,11,gate_fn,GPU,1.51141e+06,1.51146e+06,48.2433
1,11,Linear,GPU,1.51141e+06,1.51146e+06,48.2433
1,11,gate_update,GPU,1.51146e+06,1.51146e+06,0
1,11,moe_scatter,GPU,1.51146e+06,1.51146e+06,0
1,11,sync_for_moe_scatter,GPU,1.51146e+06,1.51146e+06,0
1,11,sync__set,GPU,1.51146e+06,1.51146e+06,0
1,11,sync__,GPU,1.51146e+06,1.51146e+06,0
1,11,moe_route,GPU,1.51146e+06,1.51146e+06,0
1,11,expert_FFN_2,GPU,1.51146e+06,1.51146e+06,0
1,11,gate_proj,GPU,1.51146e+06,1.51146e+06,0
1,11,Linear,Logic,1.51146e+06,1.51146e+06,0
1,11,activation,Logic,1.51146e+06,1.51146e+06,0
1,11,up_proj,GPU,1.51146e+06,1.51146e+06,0
1,11,Linear,Logic,1.51146e+06,1.51146e+06,0
1,11,down_proj,GPU,1.51146e+06,1.51146e+06,0
1,11,Linear,Logic,1.51146e+06,1.51146e+06,0
1,11,expert_FFN_3,GPU,1.51146e+06,1.55468e+06,43221.9
1,11,gate_proj,GPU,1.51146e+06,1.52586e+06,14403.8
1,11,Linear,Logic,1.51146e+06,1.52586e+06,14403.8
1,11,activation,Logic,1.52586e+06,1.52587e+06,10.5463
1,11,up_proj,GPU,1.52587e+06,1.54027e+06,14403.8
1,11,Linear,Logic,1.52587e+06,1.54027e+06,14403.8
1,11,down_proj,GPU,1.54027e+06,1.55468e+06,14403.8
1,11,Linear,Logic,1.54027e+06,1.55468e+06,14403.8
1,11,sync_2,GPU,1.55468e+06,1.59792e+06,43246
1,11,sync__set,GPU,1.55468e+06,1.55468e+06,0
1,11,sync__,GPU,1.55468e+06,1.59792e+06,43246
1,11,moe_all_reduce_for_e_tp,GPU,1.59792e+06,1.59792e+06,0
1,11,sync_3,GPU,1.59792e+06,1.59792e+06,0
1,11,sync__set,GPU,1.59792e+06,1.59792e+06,0
1,11,sync__,GPU,1.59792e+06,1.59792e+06,0
1,11,moe_gather,GPU,1.59792e+06,1.59792e+06,0
1,11,sync_for_moe_gather,GPU,1.59792e+06,1.59792e+06,0
1,11,sync__set,GPU,1.59792e+06,1.59792e+06,0
1,11,sync__,GPU,1.59792e+06,1.59792e+06,0
1,11,moe_all_reduce_for_gather,GPU,1.59792e+06,1.61625e+06,18327.7
1,11,sync_5,GPU,1.61625e+06,1.61625e+06,0
1,11,sync__set,GPU,1.61625e+06,1.61625e+06,0
1,11,sync__,GPU,1.61625e+06,1.61625e+06,0
1,11,sync_6,GPU,1.61625e+06,1.61625e+06,0
1,11,sync__set,GPU,1.61625e+06,1.61625e+06,0
1,11,sync__,GPU,1.61625e+06,1.61625e+06,0
1,11,residual_2,GPU,1.61625e+06,1.61629e+06,36.1589
1,12,MoE_decoder_12,GPU,1.61629e+06,1.75097e+06,134679
1,12,input_layer_norm,GPU,1.61629e+06,1.61632e+06,36.1589
1,12,attention,GPU,1.61632e+06,1.64601e+06,29690.1
1,12,attn_qkv_proj,GPU,1.61632e+06,1.62252e+06,6193.22
1,12,Linear,GPU,1.61632e+06,1.62252e+06,6193.22
1,12,self_attention,GPU,1.62252e+06,1.62355e+06,1035.05
1,12,AttentionSplit,GPU,1.62252e+06,1.62252e+06,0
1,12,AttentionSum,Logic,1.62252e+06,1.62252e+06,0
1,12,AttentionGen,Logic,1.62252e+06,1.62355e+06,1035.05
1,12,AttentionMerge,GPU,1.62355e+06,1.62355e+06,0
1,12,attn_o_proj,GPU,1.62355e+06,1.62769e+06,4134.17
1,12,Linear,GPU,1.62355e+06,1.62769e+06,4134.17
1,12,all_reduce,GPU,1.62769e+06,1.64601e+06,18327.7
1,12,residual_1,GPU,1.64601e+06,1.64605e+06,36.1589
1,12,post_attn_layer_norm,GPU,1.64605e+06,1.64609e+06,36.1589
1,12,expertFFN,GPU,1.64609e+06,1.75093e+06,104844
1,12,sync_0,GPU,1.64609e+06,1.64609e+06,0
1,12,sync__set,GPU,1.64609e+06,1.64609e+06,0
1,12,sync__,GPU,1.64609e+06,1.64609e+06,0
1,12,gate_fn,GPU,1.64609e+06,1.64614e+06,48.2433
1,12,Linear,GPU,1.64609e+06,1.64614e+06,48.2433
1,12,gate_update,GPU,1.64614e+06,1.64614e+06,0
1,12,moe_scatter,GPU,1.64614e+06,1.64614e+06,0
1,12,sync_for_moe_scatter,GPU,1.64614e+06,1.64614e+06,0
1,12,sync__set,GPU,1.64614e+06,1.64614e+06,0
1,12,sync__,GPU,1.64614e+06,1.64614e+06,0
1,12,moe_route,GPU,1.64614e+06,1.64614e+06,0
1,12,expert_FFN_2,GPU,1.64614e+06,1.68938e+06,43246
1,12,gate_proj,GPU,1.64614e+06,1.66054e+06,14408.3
1,12,Linear,Logic,1.64614e+06,1.66054e+06,14408.3
1,12,activation,Logic,1.66054e+06,1.66056e+06,21.0927
1,12,up_proj,GPU,1.66056e+06,1.67497e+06,14408.3
1,12,Linear,Logic,1.66056e+06,1.67497e+06,14408.3
1,12,down_proj,GPU,1.67497e+06,1.68938e+06,14408.3
1,12,Linear,Logic,1.67497e+06,1.68938e+06,14408.3
1,12,expert_FFN_3,GPU,1.68938e+06,1.7326e+06,43221.9
1,12,gate_proj,GPU,1.68938e+06,1.70379e+06,14403.8
1,12,Linear,Logic,1.68938e+06,1.70379e+06,14403.8
1,12,activation,Logic,1.70379e+06,1.7038e+06,10.5463
1,12,up_proj,GPU,1.7038e+06,1.7182e+06,14403.8
1,12,Linear,Logic,1.7038e+06,1.7182e+06,14403.8
1,12,down_proj,GPU,1.7182e+06,1.7326e+06,14403.8
1,12,Linear,Logic,1.7182e+06,1.7326e+06,14403.8
1,12,sync_2,GPU,1.7326e+06,1.7326e+06,0
1,12,sync__set,GPU,1.7326e+06,1.7326e+06,0
1,12,sync__,GPU,1.7326e+06,1.7326e+06,0
1,12,moe_all_reduce_for_e_tp,GPU,1.7326e+06,1.7326e+06,0
1,12,sync_3,GPU,1.7326e+06,1.7326e+06,0
1,12,sync__set,GPU,1.7326e+06,1.7326e+06,0
1,12,sync__,GPU,1.7326e+06,1.7326e+06,0
1,12,moe_gather,GPU,1.7326e+06,1.7326e+06,0
1,12,sync_for_moe_gather,GPU,1.7326e+06,1.7326e+06,0
1,12,sync__set,GPU,1.7326e+06,1.7326e+06,0
1,12,sync__,GPU,1.7326e+06,1.7326e+06,0
1,12,moe_all_reduce_for_gather,GPU,1.7326e+06,1.75093e+06,18327.7
1,12,sync_5,GPU,1.75093e+06,1.75093e+06,0
1,12,sync__set,GPU,1.75093e+06,1.75093e+06,0
1,12,sync__,GPU,1.75093e+06,1.75093e+06,0
1,12,sync_6,GPU,1.75093e+06,1.75093e+06,0
1,12,sync__set,GPU,1.75093e+06,1.75093e+06,0
1,12,sync__,GPU,1.75093e+06,1.75093e+06,0
1,12,residual_2,GPU,1.75093e+06,1.75097e+06,36.1589
1,13,MoE_decoder_13,GPU,1.75097e+06,1.88567e+06,134703
1,13,input_layer_norm,GPU,1.75097e+06,1.751e+06,36.1589
1,13,attention,GPU,1.751e+06,1.78069e+06,29690.1
1,13,attn_qkv_proj,GPU,1.751e+06,1.7572e+06,6193.22
1,13,Linear,GPU,1.751e+06,1.7572e+06,6193.22
1,13,self_attention,GPU,1.7572e+06,1.75823e+06,1035.05
1,13,AttentionSplit,GPU,1.7572e+06,1.7572e+06,0
1,13,AttentionSum,Logic,1.7572e+06,1.7572e+06,0
1,13,AttentionGen,Logic,1.7572e+06,1.75823e+06,1035.05
1,13,AttentionMerge,GPU,1.75823e+06,1.75823e+06,0
1,13,attn_o_proj,GPU,1.75823e+06,1.76237e+06,4134.17
1,13,Linear,GPU,1.75823e+06,1.76237e+06,4134.17
1,13,all_reduce,GPU,1.76237e+06,1.78069e+06,18327.7
1,13,residual_1,GPU,1.78069e+06,1.78073e+06,36.1589
1,13,post_attn_layer_norm,GPU,1.78073e+06,1.78077e+06,36.1589
1,13,expertFFN,GPU,1.78077e+06,1.88563e+06,104868
1,13,sync_0,GPU,1.78077e+06,1.78077e+06,0
1,13,sync__set,GPU,1.78077e+06,1.78077e+06,0
1,13,sync__,GPU,1.78077e+06,1.78077e+06,0
1,13,gate_fn,GPU,1.78077e+06,1.78081e+06,48.2433
1,13,Linear,GPU,1.78077e+06,1.78081e+06,48.2433
1,13,gate_update,GPU,1.78081e+06,1.78081e+06,0
1,13,moe_scatter,GPU,1.78081e+06,1.78081e+06,0
1,13,sync_for_moe_scatter,GPU,1.78081e+06,1.78081e+06,0
1,13,sync__set,GPU,1.78081e+06,1.78081e+06,0
1,13,sync__,GPU,1.78081e+06,1.78081e+06,0
1,13,moe_route,GPU,1.78081e+06,1.78081e+06,0
1,13,expert_FFN_2,GPU,1.78081e+06,1.78081e+06,0
1,13,gate_proj,GPU,1.78081e+06,1.78081e+06,0
1,13,Linear,Logic,1.78081e+06,1.78081e+06,0
1,13,activation,Logic,1.78081e+06,1.78081e+06,0
1,13,up_proj,GPU,1.78081e+06,1.78081e+06,0
1,13,Linear,Logic,1.78081e+06,1.78081e+06,0
1,13,down_proj,GPU,1.78081e+06,1.78081e+06,0
1,13,Linear,Logic,1.78081e+06,1.78081e+06,0
1,13,expert_FFN_3,GPU,1.78081e+06,1.82404e+06,43221.9
1,13,gate_proj,GPU,1.78081e+06,1.79522e+06,14403.8
1,13,Linear,Logic,1.78081e+06,1.79522e+06,14403.8
1,13,activation,Logic,1.79522e+06,1.79523e+06,10.5463
1,13,up_proj,GPU,1.79523e+06,1.80963e+06,14403.8
1,13,Linear,Logic,1.79523e+06,1.80963e+06,14403.8
1,13,down_proj,GPU,1.80963e+06,1.82404e+06,14403.8
1,13,Linear,Logic,1.80963e+06,1.82404e+06,14403.8
1,13,sync_2,GPU,1.82404e+06,1.86731e+06,43270.2
1,13,sync__set,GPU,1.82404e+06,1.82404e+06,0
1,13,sync__,GPU,1.82404e+06,1.86731e+06,43270.2
1,13,moe_all_reduce_for_e_tp,GPU,1.86731e+06,1.86731e+06,0
1,13,sync_3,GPU,1.86731e+06,1.86731e+06,0
1,13,sync__set,GPU,1.86731e+06,1.86731e+06,0
1,13,sync__,GPU,1.86731e+06,1.86731e+06,0
1,13,moe_gather,GPU,1.86731e+06,1.86731e+06,0
1,13,sync_for_moe_gather,GPU,1.86731e+06,1.86731e+06,0
1,13,sync__set,GPU,1.86731e+06,1.86731e+06,0
1,13,sync__,GPU,1.86731e+06,1.86731e+06,0
1,13,moe_all_reduce_for_gather,GPU,1.86731e+06,1.88563e+06,18327.7
1,13,sync_5,GPU,1.88563e+06,1.88563e+06,0
1,13,sync__set,GPU,1.88563e+06,1.88563e+06,0
1,13,sync__,GPU,1.88563e+06,1.88563e+06,0
1,13,sync_6,GPU,1.88563e+06,1.88563e+06,0
1,13,sync__set,GPU,1.88563e+06,1.88563e+06,0
1,13,sync__,GPU,1.88563e+06,1.88563e+06,0
1,13,residual_2,GPU,1.88563e+06,1.88567e+06,36.1589
1,14,MoE_decoder_14,GPU,1.88567e+06,2.02035e+06,134679
1,14,input_layer_norm,GPU,1.88567e+06,1.88571e+06,36.1589
1,14,attention,GPU,1.88571e+06,1.9154e+06,29690.1
1,14,attn_qkv_proj,GPU,1.88571e+06,1.8919e+06,6193.22
1,14,Linear,GPU,1.88571e+06,1.8919e+06,6193.22
1,14,self_attention,GPU,1.8919e+06,1.89293e+06,1035.05
1,14,AttentionSplit,GPU,1.8919e+06,1.8919e+06,0
1,14,AttentionSum,Logic,1.8919e+06,1.8919e+06,0
1,14,AttentionGen,Logic,1.8919e+06,1.89293e+06,1035.05
1,14,AttentionMerge,GPU,1.89293e+06,1.89293e+06,0
1,14,attn_o_proj,GPU,1.89293e+06,1.89707e+06,4134.17
1,14,Linear,GPU,1.89293e+06,1.89707e+06,4134.17
1,14,all_reduce,GPU,1.89707e+06,1.9154e+06,18327.7
1,14,residual_1,GPU,1.9154e+06,1.91543e+06,36.1589
1,14,post_attn_layer_norm,GPU,1.91543e+06,1.91547e+06,36.1589
1,14,expertFFN,GPU,1.91547e+06,2.02031e+06,104844
1,14,sync_0,GPU,1.91547e+06,1.91547e+06,0
1,14,sync__set,GPU,1.91547e+06,1.91547e+06,0
1,14,sync__,GPU,1.91547e+06,1.91547e+06,0
1,14,gate_fn,GPU,1.91547e+06,1.91552e+06,48.2433
1,14,Linear,GPU,1.91547e+06,1.91552e+06,48.2433
1,14,gate_update,GPU,1.91552e+06,1.91552e+06,0
1,14,moe_scatter,GPU,1.91552e+06,1.91552e+06,0
1,14,sync_for_moe_scatter,GPU,1.91552e+06,1.91552e+06,0
1,14,sync__set,GPU,1.91552e+06,1.91552e+06,0
1,14,sync__,GPU,1.91552e+06,1.91552e+06,0
1,14,moe_route,GPU,1.91552e+06,1.91552e+06,0
1,14,expert_FFN_2,GPU,1.91552e+06,1.91552e+06,0
1,14,gate_proj,GPU,1.91552e+06,1.91552e+06,0
1,14,Linear,Logic,1.91552e+06,1.91552e+06,0
1,14,activation,Logic,1.91552e+06,1.91552e+06,0
1,14,up_proj,GPU,1.91552e+06,1.91552e+06,0
1,14,Linear,Logic,1.91552e+06,1.91552e+06,0
1,14,down_proj,GPU,1.91552e+06,1.91552e+06,0
1,14,Linear,Logic,1.91552e+06,1.91552e+06,0
1,14,expert_FFN_3,GPU,1.91552e+06,1.95876e+06,43246
1,14,gate_proj,GPU,1.91552e+06,1.92993e+06,14408.3
1,14,Linear,Logic,1.91552e+06,1.92993e+06,14408.3
1,14,activation,Logic,1.92993e+06,1.92995e+06,21.0927
1,14,up_proj,GPU,1.92995e+06,1.94435e+06,14408.3
1,14,Linear,Logic,1.92995e+06,1.94435e+06,14408.3
1,14,down_proj,GPU,1.94435e+06,1.95876e+06,14408.3
1,14,Linear,Logic,1.94435e+06,1.95876e+06,14408.3
1,14,sync_2,GPU,1.95876e+06,2.00198e+06,43221.9
1,14,sync__set,GPU,1.95876e+06,1.95876e+06,0
1,14,sync__,GPU,1.95876e+06,2.00198e+06,43221.9
1,14,moe_all_reduce_for_e_tp,GPU,2.00198e+06,2.00198e+06,0
1,14,sync_3,GPU,2.00198e+06,2.00198e+06,0
1,14,sync__set,GPU,2.00198e+06,2.00198e+06,0
1,14,sync__,GPU,2.00198e+06,2.00198e+06,0
1,14,moe_gather,GPU,2.00198e+06,2.00198e+06,0
1,14,sync_for_moe_gather,GPU,2.00198e+06,2.00198e+06,0
1,14,sync__set,GPU,2.00198e+06,2.00198e+06,0
1,14,sync__,GPU,2.00198e+06,2.00198e+06,0
1,14,moe_all_reduce_for_gather,GPU,2.00198e+06,2.02031e+06,18327.7
1,14,sync_5,GPU,2.02031e+06,2.02031e+06,0
1,14,sync__set,GPU,2.02031e+06,2.02031e+06,0
1,14,sync__,GPU,2.02031e+06,2.02031e+06,0
1,14,sync_6,GPU,2.02031e+06,2.02031e+06,0
1,14,sync__set,GPU,2.02031e+06,2.02031e+06,0
1,14,sync__,GPU,2.02031e+06,2.02031e+06,0
1,14,residual_2,GPU,2.02031e+06,2.02035e+06,36.1589
1,15,MoE_decoder_15,GPU,2.02035e+06,2.155e+06,134655
1,15,input_layer_norm,GPU,2.02035e+06,2.02038e+06,36.1589
1,15,attention,GPU,2.02038e+06,2.05007e+06,29690.1
1,15,attn_qkv_proj,GPU,2.02038e+06,2.02658e+06,6193.22
1,15,Linear,GPU,2.02038e+06,2.02658e+06,6193.22
1,15,self_attention,GPU,2.02658e+06,2.02761e+06,1035.05
1,15,AttentionSplit,GPU,2.02658e+06,2.02658e+06,0
1,15,AttentionSum,Logic,2.02658e+06,2.02658e+06,0
1,15,AttentionGen,Logic,2.02658e+06,2.02761e+06,1035.05
1,15,AttentionMerge,GPU,2.02761e+06,2.02761e+06,0
1,15,attn_o_proj,GPU,2.02761e+06,2.03175e+06,4134.17
1,15,Linear,GPU,2.02761e+06,2.03175e+06,4134.17
1,15,all_reduce,GPU,2.03175e+06,2.05007e+06,18327.7
1,15,residual_1,GPU,2.05007e+06,2.05011e+06,36.1589
1,15,post_attn_layer_norm,GPU,2.05011e+06,2.05015e+06,36.1589
1,15,expertFFN,GPU,2.05015e+06,2.15497e+06,104820
1,15,sync_0,GPU,2.05015e+06,2.05015e+06,0
1,15,sync__set,GPU,2.05015e+06,2.05015e+06,0
1,15,sync__,GPU,2.05015e+06,2.05015e+06,0
1,15,gate_fn,GPU,2.05015e+06,2.0502e+06,48.2433
1,15,Linear,GPU,2.05015e+06,2.0502e+06,48.2433
1,15,gate_update,GPU,2.0502e+06,2.0502e+06,0
1,15,moe_scatter,GPU,2.0502e+06,2.0502e+06,0
1,15,sync_for_moe_scatter,GPU,2.0502e+06,2.0502e+06,0
1,15,sync__set,GPU,2.0502e+06,2.0502e+06,0
1,15,sync__,GPU,2.0502e+06,2.0502e+06,0
1,15,moe_route,GPU,2.0502e+06,2.0502e+06,0
1,15,expert_FFN_2,GPU,2.0502e+06,2.0502e+06,0
1,15,gate_proj,GPU,2.0502e+06,2.0502e+06,0
1,15,Linear,Logic,2.0502e+06,2.0502e+06,0
1,15,activation,Logic,2.0502e+06,2.0502e+06,0
1,15,up_proj,GPU,2.0502e+06,2.0502e+06,0
1,15,Linear,Logic,2.0502e+06,2.0502e+06,0
1,15,down_proj,GPU,2.0502e+06,2.0502e+06,0
1,15,Linear,Logic,2.0502e+06,2.0502e+06,0
1,15,expert_FFN_3,GPU,2.0502e+06,2.09342e+06,43221.9
1,15,gate_proj,GPU,2.0502e+06,2.0646e+06,14403.8
1,15,Linear,Logic,2.0502e+06,2.0646e+06,14403.8
1,15,activation,Logic,2.0646e+06,2.06461e+06,10.5463
1,15,up_proj,GPU,2.06461e+06,2.07901e+06,14403.8
1,15,Linear,Logic,2.06461e+06,2.07901e+06,14403.8
1,15,down_proj,GPU,2.07901e+06,2.09342e+06,14403.8
1,15,Linear,Logic,2.07901e+06,2.09342e+06,14403.8
1,15,sync_2,GPU,2.09342e+06,2.13664e+06,43221.9
1,15,sync__set,GPU,2.09342e+06,2.09342e+06,0
1,15,sync__,GPU,2.09342e+06,2.13664e+06,43221.9
1,15,moe_all_reduce_for_e_tp,GPU,2.13664e+06,2.13664e+06,0
1,15,sync_3,GPU,2.13664e+06,2.13664e+06,0
1,15,sync__set,GPU,2.13664e+06,2.13664e+06,0
1,15,sync__,GPU,2.13664e+06,2.13664e+06,0
1,15,moe_gather,GPU,2.13664e+06,2.13664e+06,0
1,15,sync_for_moe_gather,GPU,2.13664e+06,2.13664e+06,0
1,15,sync__set,GPU,2.13664e+06,2.13664e+06,0
1,15,sync__,GPU,2.13664e+06,2.13664e+06,0
1,15,moe_all_reduce_for_gather,GPU,2.13664e+06,2.15497e+06,18327.7
1,15,sync_5,GPU,2.15497e+06,2.15497e+06,0
1,15,sync__set,GPU,2.15497e+06,2.15497e+06,0
1,15,sync__,GPU,2.15497e+06,2.15497e+06,0
1,15,sync_6,GPU,2.15497e+06,2.15497e+06,0
1,15,sync__set,GPU,2.15497e+06,2.15497e+06,0
1,15,sync__,GPU,2.15497e+06,2.15497e+06,0
1,15,residual_2,GPU,2.15497e+06,2.155e+06,36.1589
1,16,MoE_decoder_16,GPU,2.155e+06,2.28968e+06,134679
1,16,input_layer_norm,GPU,2.155e+06,2.15504e+06,36.1589
1,16,attention,GPU,2.15504e+06,2.18473e+06,29690.1
1,16,attn_qkv_proj,GPU,2.15504e+06,2.16123e+06,6193.22
1,16,Linear,GPU,2.15504e+06,2.16123e+06,6193.22
1,16,self_attention,GPU,2.16123e+06,2.16227e+06,1035.05
1,16,AttentionSplit,GPU,2.16123e+06,2.16123e+06,0
1,16,AttentionSum,Logic,2.16123e+06,2.16123e+06,0
1,16,AttentionGen,Logic,2.16123e+06,2.16227e+06,1035.05
1,16,AttentionMerge,GPU,2.16227e+06,2.16227e+06,0
1,16,attn_o_proj,GPU,2.16227e+06,2.1664e+06,4134.17
1,16,Linear,GPU,2.16227e+06,2.1664e+06,4134.17
1,16,all_reduce,GPU,2.1664e+06,2.18473e+06,18327.7
1,16,residual_1,GPU,2.18473e+06,2.18477e+06,36.1589
1,16,post_attn_layer_norm,GPU,2.18477e+06,2.1848e+06,36.1589
1,16,expertFFN,GPU,2.1848e+06,2.28965e+06,104844
1,16,sync_0,GPU,2.1848e+06,2.1848e+06,0
1,16,sync__set,GPU,2.1848e+06,2.1848e+06,0
1,16,sync__,GPU,2.1848e+06,2.1848e+06,0
1,16,gate_fn,GPU,2.1848e+06,2.18485e+06,48.2433
1,16,Linear,GPU,2.1848e+06,2.18485e+06,48.2433
1,16,gate_update,GPU,2.18485e+06,2.18485e+06,0
1,16,moe_scatter,GPU,2.18485e+06,2.18485e+06,0
1,16,sync_for_moe_scatter,GPU,2.18485e+06,2.18485e+06,0
1,16,sync__set,GPU,2.18485e+06,2.18485e+06,0
1,16,sync__,GPU,2.18485e+06,2.18485e+06,0
1,16,moe_route,GPU,2.18485e+06,2.18485e+06,0
1,16,expert_FFN_2,GPU,2.18485e+06,2.18485e+06,0
1,16,gate_proj,GPU,2.18485e+06,2.18485e+06,0
1,16,Linear,Logic,2.18485e+06,2.18485e+06,0
1,16,activation,Logic,2.18485e+06,2.18485e+06,0
1,16,up_proj,GPU,2.18485e+06,2.18485e+06,0
1,16,Linear,Logic,2.18485e+06,2.18485e+06,0
1,16,down_proj,GPU,2.18485e+06,2.18485e+06,0
1,16,Linear,Logic,2.18485e+06,2.18485e+06,0
1,16,expert_FFN_3,GPU,2.18485e+06,2.22807e+06,43221.9
1,16,gate_proj,GPU,2.18485e+06,2.19925e+06,14403.8
1,16,Linear,Logic,2.18485e+06,2.19925e+06,14403.8
1,16,activation,Logic,2.19925e+06,2.19926e+06,10.5463
1,16,up_proj,GPU,2.19926e+06,2.21367e+06,14403.8
1,16,Linear,Logic,2.19926e+06,2.21367e+06,14403.8
1,16,down_proj,GPU,2.21367e+06,2.22807e+06,14403.8
1,16,Linear,Logic,2.21367e+06,2.22807e+06,14403.8
1,16,sync_2,GPU,2.22807e+06,2.27132e+06,43246
1,16,sync__set,GPU,2.22807e+06,2.22807e+06,0
1,16,sync__,GPU,2.22807e+06,2.27132e+06,43246
1,16,moe_all_reduce_for_e_tp,GPU,2.27132e+06,2.27132e+06,0
1,16,sync_3,GPU,2.27132e+06,2.27132e+06,0
1,16,sync__set,GPU,2.27132e+06,2.27132e+06,0
1,16,sync__,GPU,2.27132e+06,2.27132e+06,0
1,16,moe_gather,GPU,2.27132e+06,2.27132e+06,0
1,16,sync_for_moe_gather,GPU,2.27132e+06,2.27132e+06,0
1,16,sync__set,GPU,2.27132e+06,2.27132e+06,0
1,16,sync__,GPU,2.27132e+06,2.27132e+06,0
1,16,moe_all_reduce_for_gather,GPU,2.27132e+06,2.28965e+06,18327.7
1,16,sync_5,GPU,2.28965e+06,2.28965e+06,0
1,16,sync__set,GPU,2.28965e+06,2.28965e+06,0
1,16,sync__,GPU,2.28965e+06,2.28965e+06,0
1,16,sync_6,GPU,2.28965e+06,2.28965e+06,0
1,16,sync__set,GPU,2.28965e+06,2.28965e+06,0
1,16,sync__,GPU,2.28965e+06,2.28965e+06,0
1,16,residual_2,GPU,2.28965e+06,2.28968e+06,36.1589
1,17,MoE_decoder_17,GPU,2.28968e+06,2.42436e+06,134679
1,17,input_layer_norm,GPU,2.28968e+06,2.28972e+06,36.1589
1,17,attention,GPU,2.28972e+06,2.31941e+06,29690.1
1,17,attn_qkv_proj,GPU,2.28972e+06,2.29591e+06,6193.22
1,17,Linear,GPU,2.28972e+06,2.29591e+06,6193.22
1,17,self_attention,GPU,2.29591e+06,2.29695e+06,1035.05
1,17,AttentionSplit,GPU,2.29591e+06,2.29591e+06,0
1,17,AttentionSum,Logic,2.29591e+06,2.29591e+06,0
1,17,AttentionGen,Logic,2.29591e+06,2.29695e+06,1035.05
1,17,AttentionMerge,GPU,2.29695e+06,2.29695e+06,0
1,17,attn_o_proj,GPU,2.29695e+06,2.30108e+06,4134.17
1,17,Linear,GPU,2.29695e+06,2.30108e+06,4134.17
1,17,all_reduce,GPU,2.30108e+06,2.31941e+06,18327.7
1,17,residual_1,GPU,2.31941e+06,2.31944e+06,36.1589
1,17,post_attn_layer_norm,GPU,2.31944e+06,2.31948e+06,36.1589
1,17,expertFFN,GPU,2.31948e+06,2.42432e+06,104844
1,17,sync_0,GPU,2.31948e+06,2.31948e+06,0
1,17,sync__set,GPU,2.31948e+06,2.31948e+06,0
1,17,sync__,GPU,2.31948e+06,2.31948e+06,0
1,17,gate_fn,GPU,2.31948e+06,2.31953e+06,48.2433
1,17,Linear,GPU,2.31948e+06,2.31953e+06,48.2433
1,17,gate_update,GPU,2.31953e+06,2.31953e+06,0
1,17,moe_scatter,GPU,2.31953e+06,2.31953e+06,0
1,17,sync_for_moe_scatter,GPU,2.31953e+06,2.31953e+06,0
1,17,sync__set,GPU,2.31953e+06,2.31953e+06,0
1,17,sync__,GPU,2.31953e+06,2.31953e+06,0
1,17,moe_route,GPU,2.31953e+06,2.31953e+06,0
1,17,expert_FFN_2,GPU,2.31953e+06,2.36275e+06,43221.9
1,17,gate_proj,GPU,2.31953e+06,2.33393e+06,14403.8
1,17,Linear,Logic,2.31953e+06,2.33393e+06,14403.8
1,17,activation,Logic,2.33393e+06,2.33394e+06,10.5463
1,17,up_proj,GPU,2.33394e+06,2.34835e+06,14403.8
1,17,Linear,Logic,2.33394e+06,2.34835e+06,14403.8
1,17,down_proj,GPU,2.34835e+06,2.36275e+06,14403.8
1,17,Linear,Logic,2.34835e+06,2.36275e+06,14403.8
1,17,expert_FFN_3,GPU,2.36275e+06,2.40597e+06,43221.9
1,17,gate_proj,GPU,2.36275e+06,2.37715e+06,14403.8
1,17,Linear,Logic,2.36275e+06,2.37715e+06,14403.8
1,17,activation,Logic,2.37715e+06,2.37716e+06,10.5463
1,17,up_proj,GPU,2.37716e+06,2.39157e+06,14403.8
1,17,Linear,Logic,2.37716e+06,2.39157e+06,14403.8
1,17,down_proj,GPU,2.39157e+06,2.40597e+06,14403.8
1,17,Linear,Logic,2.39157e+06,2.40597e+06,14403.8
1,17,sync_2,GPU,2.40597e+06,2.406e+06,24.1059
1,17,sync__set,GPU,2.40597e+06,2.40597e+06,0
1,17,sync__,GPU,2.40597e+06,2.406e+06,24.1059
1,17,moe_all_reduce_for_e_tp,GPU,2.406e+06,2.406e+06,0
1,17,sync_3,GPU,2.406e+06,2.406e+06,0
1,17,sync__set,GPU,2.406e+06,2.406e+06,0
1,17,sync__,GPU,2.406e+06,2.406e+06,0
1,17,moe_gather,GPU,2.406e+06,2.406e+06,0
1,17,sync_for_moe_gather,GPU,2.406e+06,2.406e+06,0
1,17,sync__set,GPU,2.406e+06,2.406e+06,0
1,17,sync__,GPU,2.406e+06,2.406e+06,0
1,17,moe_all_reduce_for_gather,GPU,2.406e+06,2.42432e+06,18327.7
1,17,sync_5,GPU,2.42432e+06,2.42432e+06,0
1,17,sync__set,GPU,2.42432e+06,2.42432e+06,0
1,17,sync__,GPU,2.42432e+06,2.42432e+06,0
1,17,sync_6,GPU,2.42432e+06,2.42432e+06,0
1,17,sync__set,GPU,2.42432e+06,2.42432e+06,0
1,17,sync__,GPU,2.42432e+06,2.42432e+06,0
1,17,residual_2,GPU,2.42432e+06,2.42436e+06,36.1589
1,18,MoE_decoder_18,GPU,2.42436e+06,2.55906e+06,134703
1,18,input_layer_norm,GPU,2.42436e+06,2.4244e+06,36.1589
1,18,attention,GPU,2.4244e+06,2.45409e+06,29690.1
1,18,attn_qkv_proj,GPU,2.4244e+06,2.43059e+06,6193.22
1,18,Linear,GPU,2.4244e+06,2.43059e+06,6193.22
1,18,self_attention,GPU,2.43059e+06,2.43162e+06,1035.05
1,18,AttentionSplit,GPU,2.43059e+06,2.43059e+06,0
1,18,AttentionSum,Logic,2.43059e+06,2.43059e+06,0
1,18,AttentionGen,Logic,2.43059e+06,2.43162e+06,1035.05
1,18,AttentionMerge,GPU,2.43162e+06,2.43162e+06,0
1,18,attn_o_proj,GPU,2.43162e+06,2.43576e+06,4134.17
1,18,Linear,GPU,2.43162e+06,2.43576e+06,4134.17
1,18,all_reduce,GPU,2.43576e+06,2.45409e+06,18327.7
1,18,residual_1,GPU,2.45409e+06,2.45412e+06,36.1589
1,18,post_attn_layer_norm,GPU,2.45412e+06,2.45416e+06,36.1589
1,18,expertFFN,GPU,2.45416e+06,2.55903e+06,104868
1,18,sync_0,GPU,2.45416e+06,2.45416e+06,0
1,18,sync__set,GPU,2.45416e+06,2.45416e+06,0
1,18,sync__,GPU,2.45416e+06,2.45416e+06,0
1,18,gate_fn,GPU,2.45416e+06,2.45421e+06,48.2433
1,18,Linear,GPU,2.45416e+06,2.45421e+06,48.2433
1,18,gate_update,GPU,2.45421e+06,2.45421e+06,0
1,18,moe_scatter,GPU,2.45421e+06,2.45421e+06,0
1,18,sync_for_moe_scatter,GPU,2.45421e+06,2.45421e+06,0
1,18,sync__set,GPU,2.45421e+06,2.45421e+06,0
1,18,sync__,GPU,2.45421e+06,2.45421e+06,0
1,18,moe_route,GPU,2.45421e+06,2.45421e+06,0
1,18,expert_FFN_2,GPU,2.45421e+06,2.45421e+06,0
1,18,gate_proj,GPU,2.45421e+06,2.45421e+06,0
1,18,Linear,Logic,2.45421e+06,2.45421e+06,0
1,18,activation,Logic,2.45421e+06,2.45421e+06,0
1,18,up_proj,GPU,2.45421e+06,2.45421e+06,0
1,18,Linear,Logic,2.45421e+06,2.45421e+06,0
1,18,down_proj,GPU,2.45421e+06,2.45421e+06,0
1,18,Linear,Logic,2.45421e+06,2.45421e+06,0
1,18,expert_FFN_3,GPU,2.45421e+06,2.49743e+06,43221.9
1,18,gate_proj,GPU,2.45421e+06,2.46861e+06,14403.8
1,18,Linear,Logic,2.45421e+06,2.46861e+06,14403.8
1,18,activation,Logic,2.46861e+06,2.46862e+06,10.5463
1,18,up_proj,GPU,2.46862e+06,2.48303e+06,14403.8
1,18,Linear,Logic,2.46862e+06,2.48303e+06,14403.8
1,18,down_proj,GPU,2.48303e+06,2.49743e+06,14403.8
1,18,Linear,Logic,2.48303e+06,2.49743e+06,14403.8
1,18,sync_2,GPU,2.49743e+06,2.5407e+06,43270.2
1,18,sync__set,GPU,2.49743e+06,2.49743e+06,0
1,18,sync__,GPU,2.49743e+06,2.5407e+06,43270.2
1,18,moe_all_reduce_for_e_tp,GPU,2.5407e+06,2.5407e+06,0
1,18,sync_3,GPU,2.5407e+06,2.5407e+06,0
1,18,sync__set,GPU,2.5407e+06,2.5407e+06,0
1,18,sync__,GPU,2.5407e+06,2.5407e+06,0
1,18,moe_gather,GPU,2.5407e+06,2.5407e+06,0
1,18,sync_for_moe_gather,GPU,2.5407e+06,2.5407e+06,0
1,18,sync__set,GPU,2.5407e+06,2.5407e+06,0
1,18,sync__,GPU,2.5407e+06,2.5407e+06,0
1,18,moe_all_reduce_for_gather,GPU,2.5407e+06,2.55903e+06,18327.7
1,18,sync_5,GPU,2.55903e+06,2.55903e+06,0
1,18,sync__set,GPU,2.55903e+06,2.55903e+06,0
1,18,sync__,GPU,2.55903e+06,2.55903e+06,0
1,18,sync_6,GPU,2.55903e+06,2.55903e+06,0
1,18,sync__set,GPU,2.55903e+06,2.55903e+06,0
1,18,sync__,GPU,2.55903e+06,2.55903e+06,0
1,18,residual_2,GPU,2.55903e+06,2.55906e+06,36.1589
1,19,MoE_decoder_19,GPU,2.55906e+06,2.65054e+06,91480.8
1,19,input_layer_norm,GPU,2.55906e+06,2.5591e+06,36.1589
1,19,attention,GPU,2.5591e+06,2.58879e+06,29690.1
1,19,attn_qkv_proj,GPU,2.5591e+06,2.56529e+06,6193.22
1,19,Linear,GPU,2.5591e+06,2.56529e+06,6193.22
1,19,self_attention,GPU,2.56529e+06,2.56633e+06,1035.05
1,19,AttentionSplit,GPU,2.56529e+06,2.56529e+06,0
1,19,AttentionSum,Logic,2.56529e+06,2.56529e+06,0
1,19,AttentionGen,Logic,2.56529e+06,2.56633e+06,1035.05
1,19,AttentionMerge,GPU,2.56633e+06,2.56633e+06,0
1,19,attn_o_proj,GPU,2.56633e+06,2.57046e+06,4134.17
1,19,Linear,GPU,2.56633e+06,2.57046e+06,4134.17
1,19,all_reduce,GPU,2.57046e+06,2.58879e+06,18327.7
1,19,residual_1,GPU,2.58879e+06,2.58883e+06,36.1589
1,19,post_attn_layer_norm,GPU,2.58883e+06,2.58886e+06,36.1589
1,19,expertFFN,GPU,2.58886e+06,2.65051e+06,61646.1
1,19,sync_0,GPU,2.58886e+06,2.58886e+06,0
1,19,sync__set,GPU,2.58886e+06,2.58886e+06,0
1,19,sync__,GPU,2.58886e+06,2.58886e+06,0
1,19,gate_fn,GPU,2.58886e+06,2.58891e+06,48.2433
1,19,Linear,GPU,2.58886e+06,2.58891e+06,48.2433
1,19,gate_update,GPU,2.58891e+06,2.58891e+06,0
1,19,moe_scatter,GPU,2.58891e+06,2.58891e+06,0
1,19,sync_for_moe_scatter,GPU,2.58891e+06,2.58891e+06,0
1,19,sync__set,GPU,2.58891e+06,2.58891e+06,0
1,19,sync__,GPU,2.58891e+06,2.58891e+06,0
1,19,moe_route,GPU,2.58891e+06,2.58891e+06,0
1,19,expert_FFN_2,GPU,2.58891e+06,2.63218e+06,43270.2
1,19,gate_proj,GPU,2.58891e+06,2.60332e+06,14412.8
1,19,Linear,Logic,2.58891e+06,2.60332e+06,14412.8
1,19,activation,Logic,2.60332e+06,2.60335e+06,31.639
1,19,up_proj,GPU,2.60335e+06,2.61777e+06,14412.8
1,19,Linear,Logic,2.60335e+06,2.61777e+06,14412.8
1,19,down_proj,GPU,2.61777e+06,2.63218e+06,14412.8
1,19,Linear,Logic,2.61777e+06,2.63218e+06,14412.8
1,19,expert_FFN_3,GPU,2.63218e+06,2.63218e+06,0
1,19,gate_proj,GPU,2.63218e+06,2.63218e+06,0
1,19,Linear,Logic,2.63218e+06,2.63218e+06,0
1,19,activation,Logic,2.63218e+06,2.63218e+06,0
1,19,up_proj,GPU,2.63218e+06,2.63218e+06,0
1,19,Linear,Logic,2.63218e+06,2.63218e+06,0
1,19,down_proj,GPU,2.63218e+06,2.63218e+06,0
1,19,Linear,Logic,2.63218e+06,2.63218e+06,0
1,19,sync_2,GPU,2.63218e+06,2.63218e+06,0
1,19,sync__set,GPU,2.63218e+06,2.63218e+06,0
1,19,sync__,GPU,2.63218e+06,2.63218e+06,0
1,19,moe_all_reduce_for_e_tp,GPU,2.63218e+06,2.63218e+06,0
1,19,sync_3,GPU,2.63218e+06,2.63218e+06,0
1,19,sync__set,GPU,2.63218e+06,2.63218e+06,0
1,19,sync__,GPU,2.63218e+06,2.63218e+06,0
1,19,moe_gather,GPU,2.63218e+06,2.63218e+06,0
1,19,sync_for_moe_gather,GPU,2.63218e+06,2.63218e+06,0
1,19,sync__set,GPU,2.63218e+06,2.63218e+06,0
1,19,sync__,GPU,2.63218e+06,2.63218e+06,0
1,19,moe_all_reduce_for_gather,GPU,2.63218e+06,2.65051e+06,18327.7
1,19,sync_5,GPU,2.65051e+06,2.65051e+06,0
1,19,sync__set,GPU,2.65051e+06,2.65051e+06,0
1,19,sync__,GPU,2.65051e+06,2.65051e+06,0
1,19,sync_6,GPU,2.65051e+06,2.65051e+06,0
1,19,sync__set,GPU,2.65051e+06,2.65051e+06,0
1,19,sync__,GPU,2.65051e+06,2.65051e+06,0
1,19,residual_2,GPU,2.65051e+06,2.65054e+06,36.1589
1,20,MoE_decoder_20,GPU,2.65054e+06,2.78522e+06,134679
1,20,input_layer_norm,GPU,2.65054e+06,2.65058e+06,36.1589
1,20,attention,GPU,2.65058e+06,2.68027e+06,29690.1
1,20,attn_qkv_proj,GPU,2.65058e+06,2.65677e+06,6193.22
1,20,Linear,GPU,2.65058e+06,2.65677e+06,6193.22
1,20,self_attention,GPU,2.65677e+06,2.65781e+06,1035.05
1,20,AttentionSplit,GPU,2.65677e+06,2.65677e+06,0
1,20,AttentionSum,Logic,2.65677e+06,2.65677e+06,0
1,20,AttentionGen,Logic,2.65677e+06,2.65781e+06,1035.05
1,20,AttentionMerge,GPU,2.65781e+06,2.65781e+06,0
1,20,attn_o_proj,GPU,2.65781e+06,2.66194e+06,4134.17
1,20,Linear,GPU,2.65781e+06,2.66194e+06,4134.17
1,20,all_reduce,GPU,2.66194e+06,2.68027e+06,18327.7
1,20,residual_1,GPU,2.68027e+06,2.68031e+06,36.1589
1,20,post_attn_layer_norm,GPU,2.68031e+06,2.68034e+06,36.1589
1,20,expertFFN,GPU,2.68034e+06,2.78519e+06,104844
1,20,sync_0,GPU,2.68034e+06,2.68034e+06,0
1,20,sync__set,GPU,2.68034e+06,2.68034e+06,0
1,20,sync__,GPU,2.68034e+06,2.68034e+06,0
1,20,gate_fn,GPU,2.68034e+06,2.68039e+06,48.2433
1,20,Linear,GPU,2.68034e+06,2.68039e+06,48.2433
1,20,gate_update,GPU,2.68039e+06,2.68039e+06,0
1,20,moe_scatter,GPU,2.68039e+06,2.68039e+06,0
1,20,sync_for_moe_scatter,GPU,2.68039e+06,2.68039e+06,0
1,20,sync__set,GPU,2.68039e+06,2.68039e+06,0
1,20,sync__,GPU,2.68039e+06,2.68039e+06,0
1,20,moe_route,GPU,2.68039e+06,2.68039e+06,0
1,20,expert_FFN_2,GPU,2.68039e+06,2.68039e+06,0
1,20,gate_proj,GPU,2.68039e+06,2.68039e+06,0
1,20,Linear,Logic,2.68039e+06,2.68039e+06,0
1,20,activation,Logic,2.68039e+06,2.68039e+06,0
1,20,up_proj,GPU,2.68039e+06,2.68039e+06,0
1,20,Linear,Logic,2.68039e+06,2.68039e+06,0
1,20,down_proj,GPU,2.68039e+06,2.68039e+06,0
1,20,Linear,Logic,2.68039e+06,2.68039e+06,0
1,20,expert_FFN_3,GPU,2.68039e+06,2.72364e+06,43246
1,20,gate_proj,GPU,2.68039e+06,2.6948e+06,14408.3
1,20,Linear,Logic,2.68039e+06,2.6948e+06,14408.3
1,20,activation,Logic,2.6948e+06,2.69482e+06,21.0927
1,20,up_proj,GPU,2.69482e+06,2.70923e+06,14408.3
1,20,Linear,Logic,2.69482e+06,2.70923e+06,14408.3
1,20,down_proj,GPU,2.70923e+06,2.72364e+06,14408.3
1,20,Linear,Logic,2.70923e+06,2.72364e+06,14408.3
1,20,sync_2,GPU,2.72364e+06,2.76686e+06,43221.9
1,20,sync__set,GPU,2.72364e+06,2.72364e+06,0
1,20,sync__,GPU,2.72364e+06,2.76686e+06,43221.9
1,20,moe_all_reduce_for_e_tp,GPU,2.76686e+06,2.76686e+06,0
1,20,sync_3,GPU,2.76686e+06,2.76686e+06,0
1,20,sync__set,GPU,2.76686e+06,2.76686e+06,0
1,20,sync__,GPU,2.76686e+06,2.76686e+06,0
1,20,moe_gather,GPU,2.76686e+06,2.76686e+06,0
1,20,sync_for_moe_gather,GPU,2.76686e+06,2.76686e+06,0
1,20,sync__set,GPU,2.76686e+06,2.76686e+06,0
1,20,sync__,GPU,2.76686e+06,2.76686e+06,0
1,20,moe_all_reduce_for_gather,GPU,2.76686e+06,2.78519e+06,18327.7
1,20,sync_5,GPU,2.78519e+06,2.78519e+06,0
1,20,sync__set,GPU,2.78519e+06,2.78519e+06,0
1,20,sync__,GPU,2.78519e+06,2.78519e+06,0
1,20,sync_6,GPU,2.78519e+06,2.78519e+06,0
1,20,sync__set,GPU,2.78519e+06,2.78519e+06,0
1,20,sync__,GPU,2.78519e+06,2.78519e+06,0
1,20,residual_2,GPU,2.78519e+06,2.78522e+06,36.1589
1,21,MoE_decoder_21,GPU,2.78522e+06,2.91995e+06,134727
1,21,input_layer_norm,GPU,2.78522e+06,2.78526e+06,36.1589
1,21,attention,GPU,2.78526e+06,2.81495e+06,29690.1
1,21,attn_qkv_proj,GPU,2.78526e+06,2.79145e+06,6193.22
1,21,Linear,GPU,2.78526e+06,2.79145e+06,6193.22
1,21,self_attention,GPU,2.79145e+06,2.79249e+06,1035.05
1,21,AttentionSplit,GPU,2.79145e+06,2.79145e+06,0
1,21,AttentionSum,Logic,2.79145e+06,2.79145e+06,0
1,21,AttentionGen,Logic,2.79145e+06,2.79249e+06,1035.05
1,21,AttentionMerge,GPU,2.79249e+06,2.79249e+06,0
1,21,attn_o_proj,GPU,2.79249e+06,2.79662e+06,4134.17
1,21,Linear,GPU,2.79249e+06,2.79662e+06,4134.17
1,21,all_reduce,GPU,2.79662e+06,2.81495e+06,18327.7
1,21,residual_1,GPU,2.81495e+06,2.81499e+06,36.1589
1,21,post_attn_layer_norm,GPU,2.81499e+06,2.81502e+06,36.1589
1,21,expertFFN,GPU,2.81502e+06,2.91991e+06,104892
1,21,sync_0,GPU,2.81502e+06,2.81502e+06,0
1,21,sync__set,GPU,2.81502e+06,2.81502e+06,0
1,21,sync__,GPU,2.81502e+06,2.81502e+06,0
1,21,gate_fn,GPU,2.81502e+06,2.81507e+06,48.2433
1,21,Linear,GPU,2.81502e+06,2.81507e+06,48.2433
1,21,gate_update,GPU,2.81507e+06,2.81507e+06,0
1,21,moe_scatter,GPU,2.81507e+06,2.81507e+06,0
1,21,sync_for_moe_scatter,GPU,2.81507e+06,2.81507e+06,0
1,21,sync__set,GPU,2.81507e+06,2.81507e+06,0
1,21,sync__,GPU,2.81507e+06,2.81507e+06,0
1,21,moe_route,GPU,2.81507e+06,2.81507e+06,0
1,21,expert_FFN_2,GPU,2.81507e+06,2.85829e+06,43221.9
1,21,gate_proj,GPU,2.81507e+06,2.82947e+06,14403.8
1,21,Linear,Logic,2.81507e+06,2.82947e+06,14403.8
1,21,activation,Logic,2.82947e+06,2.82948e+06,10.5463
1,21,up_proj,GPU,2.82948e+06,2.84389e+06,14403.8
1,21,Linear,Logic,2.82948e+06,2.84389e+06,14403.8
1,21,down_proj,GPU,2.84389e+06,2.85829e+06,14403.8
1,21,Linear,Logic,2.84389e+06,2.85829e+06,14403.8
1,21,expert_FFN_3,GPU,2.85829e+06,2.90151e+06,43221.9
1,21,gate_proj,GPU,2.85829e+06,2.8727e+06,14403.8
1,21,Linear,Logic,2.85829e+06,2.8727e+06,14403.8
1,21,activation,Logic,2.8727e+06,2.87271e+06,10.5463
1,21,up_proj,GPU,2.87271e+06,2.88711e+06,14403.8
1,21,Linear,Logic,2.87271e+06,2.88711e+06,14403.8
1,21,down_proj,GPU,2.88711e+06,2.90151e+06,14403.8
1,21,Linear,Logic,2.88711e+06,2.90151e+06,14403.8
1,21,sync_2,GPU,2.90151e+06,2.90159e+06,72.3178
1,21,sync__set,GPU,2.90151e+06,2.90151e+06,0
1,21,sync__,GPU,2.90151e+06,2.90159e+06,72.3178
1,21,moe_all_reduce_for_e_tp,GPU,2.90159e+06,2.90159e+06,0
1,21,sync_3,GPU,2.90159e+06,2.90159e+06,0
1,21,sync__set,GPU,2.90159e+06,2.90159e+06,0
1,21,sync__,GPU,2.90159e+06,2.90159e+06,0
1,21,moe_gather,GPU,2.90159e+06,2.90159e+06,0
1,21,sync_for_moe_gather,GPU,2.90159e+06,2.90159e+06,0
1,21,sync__set,GPU,2.90159e+06,2.90159e+06,0
1,21,sync__,GPU,2.90159e+06,2.90159e+06,0
1,21,moe_all_reduce_for_gather,GPU,2.90159e+06,2.91991e+06,18327.7
1,21,sync_5,GPU,2.91991e+06,2.91991e+06,0
1,21,sync__set,GPU,2.91991e+06,2.91991e+06,0
1,21,sync__,GPU,2.91991e+06,2.91991e+06,0
1,21,sync_6,GPU,2.91991e+06,2.91991e+06,0
1,21,sync__set,GPU,2.91991e+06,2.91991e+06,0
1,21,sync__,GPU,2.91991e+06,2.91991e+06,0
1,21,residual_2,GPU,2.91991e+06,2.91995e+06,36.1589
1,22,MoE_decoder_22,GPU,2.91995e+06,3.01143e+06,91480.8
1,22,input_layer_norm,GPU,2.91995e+06,2.91999e+06,36.1589
1,22,attention,GPU,2.91999e+06,2.94968e+06,29690.1
1,22,attn_qkv_proj,GPU,2.91999e+06,2.92618e+06,6193.22
1,22,Linear,GPU,2.91999e+06,2.92618e+06,6193.22
1,22,self_attention,GPU,2.92618e+06,2.92721e+06,1035.05
1,22,AttentionSplit,GPU,2.92618e+06,2.92618e+06,0
1,22,AttentionSum,Logic,2.92618e+06,2.92618e+06,0
1,22,AttentionGen,Logic,2.92618e+06,2.92721e+06,1035.05
1,22,AttentionMerge,GPU,2.92721e+06,2.92721e+06,0
1,22,attn_o_proj,GPU,2.92721e+06,2.93135e+06,4134.17
1,22,Linear,GPU,2.92721e+06,2.93135e+06,4134.17
1,22,all_reduce,GPU,2.93135e+06,2.94968e+06,18327.7
1,22,residual_1,GPU,2.94968e+06,2.94971e+06,36.1589
1,22,post_attn_layer_norm,GPU,2.94971e+06,2.94975e+06,36.1589
1,22,expertFFN,GPU,2.94975e+06,3.01139e+06,61646.1
1,22,sync_0,GPU,2.94975e+06,2.94975e+06,0
1,22,sync__set,GPU,2.94975e+06,2.94975e+06,0
1,22,sync__,GPU,2.94975e+06,2.94975e+06,0
1,22,gate_fn,GPU,2.94975e+06,2.9498e+06,48.2433
1,22,Linear,GPU,2.94975e+06,2.9498e+06,48.2433
1,22,gate_update,GPU,2.9498e+06,2.9498e+06,0
1,22,moe_scatter,GPU,2.9498e+06,2.9498e+06,0
1,22,sync_for_moe_scatter,GPU,2.9498e+06,2.9498e+06,0
1,22,sync__set,GPU,2.9498e+06,2.9498e+06,0
1,22,sync__,GPU,2.9498e+06,2.9498e+06,0
1,22,moe_route,GPU,2.9498e+06,2.9498e+06,0
1,22,expert_FFN_2,GPU,2.9498e+06,2.9498e+06,0
1,22,gate_proj,GPU,2.9498e+06,2.9498e+06,0
1,22,Linear,Logic,2.9498e+06,2.9498e+06,0
1,22,activation,Logic,2.9498e+06,2.9498e+06,0
1,22,up_proj,GPU,2.9498e+06,2.9498e+06,0
1,22,Linear,Logic,2.9498e+06,2.9498e+06,0
1,22,down_proj,GPU,2.9498e+06,2.9498e+06,0
1,22,Linear,Logic,2.9498e+06,2.9498e+06,0
1,22,expert_FFN_3,GPU,2.9498e+06,2.99304e+06,43246
1,22,gate_proj,GPU,2.9498e+06,2.9642e+06,14408.3
1,22,Linear,Logic,2.9498e+06,2.9642e+06,14408.3
1,22,activation,Logic,2.9642e+06,2.96423e+06,21.0927
1,22,up_proj,GPU,2.96423e+06,2.97863e+06,14408.3
1,22,Linear,Logic,2.96423e+06,2.97863e+06,14408.3
1,22,down_proj,GPU,2.97863e+06,2.99304e+06,14408.3
1,22,Linear,Logic,2.97863e+06,2.99304e+06,14408.3
1,22,sync_2,GPU,2.99304e+06,2.99307e+06,24.1059
1,22,sync__set,GPU,2.99304e+06,2.99304e+06,0
1,22,sync__,GPU,2.99304e+06,2.99307e+06,24.1059
1,22,moe_all_reduce_for_e_tp,GPU,2.99307e+06,2.99307e+06,0
1,22,sync_3,GPU,2.99307e+06,2.99307e+06,0
1,22,sync__set,GPU,2.99307e+06,2.99307e+06,0
1,22,sync__,GPU,2.99307e+06,2.99307e+06,0
1,22,moe_gather,GPU,2.99307e+06,2.99307e+06,0
1,22,sync_for_moe_gather,GPU,2.99307e+06,2.99307e+06,0
1,22,sync__set,GPU,2.99307e+06,2.99307e+06,0
1,22,sync__,GPU,2.99307e+06,2.99307e+06,0
1,22,moe_all_reduce_for_gather,GPU,2.99307e+06,3.01139e+06,18327.7
1,22,sync_5,GPU,3.01139e+06,3.01139e+06,0
1,22,sync__set,GPU,3.01139e+06,3.01139e+06,0
1,22,sync__,GPU,3.01139e+06,3.01139e+06,0
1,22,sync_6,GPU,3.01139e+06,3.01139e+06,0
1,22,sync__set,GPU,3.01139e+06,3.01139e+06,0
1,22,sync__,GPU,3.01139e+06,3.01139e+06,0
1,22,residual_2,GPU,3.01139e+06,3.01143e+06,36.1589
1,23,MoE_decoder_23,GPU,3.01143e+06,3.14611e+06,134679
1,23,input_layer_norm,GPU,3.01143e+06,3.01147e+06,36.1589
1,23,attention,GPU,3.01147e+06,3.04116e+06,29690.1
1,23,attn_qkv_proj,GPU,3.01147e+06,3.01766e+06,6193.22
1,23,Linear,GPU,3.01147e+06,3.01766e+06,6193.22
1,23,self_attention,GPU,3.01766e+06,3.01869e+06,1035.05
1,23,AttentionSplit,GPU,3.01766e+06,3.01766e+06,0
1,23,AttentionSum,Logic,3.01766e+06,3.01766e+06,0
1,23,AttentionGen,Logic,3.01766e+06,3.01869e+06,1035.05
1,23,AttentionMerge,GPU,3.01869e+06,3.01869e+06,0
1,23,attn_o_proj,GPU,3.01869e+06,3.02283e+06,4134.17
1,23,Linear,GPU,3.01869e+06,3.02283e+06,4134.17
1,23,all_reduce,GPU,3.02283e+06,3.04116e+06,18327.7
1,23,residual_1,GPU,3.04116e+06,3.04119e+06,36.1589
1,23,post_attn_layer_norm,GPU,3.04119e+06,3.04123e+06,36.1589
1,23,expertFFN,GPU,3.04123e+06,3.14607e+06,104844
1,23,sync_0,GPU,3.04123e+06,3.04123e+06,0
1,23,sync__set,GPU,3.04123e+06,3.04123e+06,0
1,23,sync__,GPU,3.04123e+06,3.04123e+06,0
1,23,gate_fn,GPU,3.04123e+06,3.04128e+06,48.2433
1,23,Linear,GPU,3.04123e+06,3.04128e+06,48.2433
1,23,gate_update,GPU,3.04128e+06,3.04128e+06,0
1,23,moe_scatter,GPU,3.04128e+06,3.04128e+06,0
1,23,sync_for_moe_scatter,GPU,3.04128e+06,3.04128e+06,0
1,23,sync__set,GPU,3.04128e+06,3.04128e+06,0
1,23,sync__,GPU,3.04128e+06,3.04128e+06,0
1,23,moe_route,GPU,3.04128e+06,3.04128e+06,0
1,23,expert_FFN_2,GPU,3.04128e+06,3.08452e+06,43246
1,23,gate_proj,GPU,3.04128e+06,3.05569e+06,14408.3
1,23,Linear,Logic,3.04128e+06,3.05569e+06,14408.3
1,23,activation,Logic,3.05569e+06,3.05571e+06,21.0927
1,23,up_proj,GPU,3.05571e+06,3.07011e+06,14408.3
1,23,Linear,Logic,3.05571e+06,3.07011e+06,14408.3
1,23,down_proj,GPU,3.07011e+06,3.08452e+06,14408.3
1,23,Linear,Logic,3.07011e+06,3.08452e+06,14408.3
1,23,expert_FFN_3,GPU,3.08452e+06,3.12775e+06,43221.9
1,23,gate_proj,GPU,3.08452e+06,3.09893e+06,14403.8
1,23,Linear,Logic,3.08452e+06,3.09893e+06,14403.8
1,23,activation,Logic,3.09893e+06,3.09894e+06,10.5463
1,23,up_proj,GPU,3.09894e+06,3.11334e+06,14403.8
1,23,Linear,Logic,3.09894e+06,3.11334e+06,14403.8
1,23,down_proj,GPU,3.11334e+06,3.12775e+06,14403.8
1,23,Linear,Logic,3.11334e+06,3.12775e+06,14403.8
1,23,sync_2,GPU,3.12775e+06,3.12775e+06,0
1,23,sync__set,GPU,3.12775e+06,3.12775e+06,0
1,23,sync__,GPU,3.12775e+06,3.12775e+06,0
1,23,moe_all_reduce_for_e_tp,GPU,3.12775e+06,3.12775e+06,0
1,23,sync_3,GPU,3.12775e+06,3.12775e+06,0
1,23,sync__set,GPU,3.12775e+06,3.12775e+06,0
1,23,sync__,GPU,3.12775e+06,3.12775e+06,0
1,23,moe_gather,GPU,3.12775e+06,3.12775e+06,0
1,23,sync_for_moe_gather,GPU,3.12775e+06,3.12775e+06,0
1,23,sync__set,GPU,3.12775e+06,3.12775e+06,0
1,23,sync__,GPU,3.12775e+06,3.12775e+06,0
1,23,moe_all_reduce_for_gather,GPU,3.12775e+06,3.14607e+06,18327.7
1,23,sync_5,GPU,3.14607e+06,3.14607e+06,0
1,23,sync__set,GPU,3.14607e+06,3.14607e+06,0
1,23,sync__,GPU,3.14607e+06,3.14607e+06,0
1,23,sync_6,GPU,3.14607e+06,3.14607e+06,0
1,23,sync__set,GPU,3.14607e+06,3.14607e+06,0
1,23,sync__,GPU,3.14607e+06,3.14607e+06,0
1,23,residual_2,GPU,3.14607e+06,3.14611e+06,36.1589
1,24,MoE_decoder_24,GPU,3.14611e+06,3.28079e+06,134679
1,24,input_layer_norm,GPU,3.14611e+06,3.14615e+06,36.1589
1,24,attention,GPU,3.14615e+06,3.17584e+06,29690.1
1,24,attn_qkv_proj,GPU,3.14615e+06,3.15234e+06,6193.22
1,24,Linear,GPU,3.14615e+06,3.15234e+06,6193.22
1,24,self_attention,GPU,3.15234e+06,3.15337e+06,1035.05
1,24,AttentionSplit,GPU,3.15234e+06,3.15234e+06,0
1,24,AttentionSum,Logic,3.15234e+06,3.15234e+06,0
1,24,AttentionGen,Logic,3.15234e+06,3.15337e+06,1035.05
1,24,AttentionMerge,GPU,3.15337e+06,3.15337e+06,0
1,24,attn_o_proj,GPU,3.15337e+06,3.15751e+06,4134.17
1,24,Linear,GPU,3.15337e+06,3.15751e+06,4134.17
1,24,all_reduce,GPU,3.15751e+06,3.17584e+06,18327.7
1,24,residual_1,GPU,3.17584e+06,3.17587e+06,36.1589
1,24,post_attn_layer_norm,GPU,3.17587e+06,3.17591e+06,36.1589
1,24,expertFFN,GPU,3.17591e+06,3.28075e+06,104844
1,24,sync_0,GPU,3.17591e+06,3.17591e+06,0
1,24,sync__set,GPU,3.17591e+06,3.17591e+06,0
1,24,sync__,GPU,3.17591e+06,3.17591e+06,0
1,24,gate_fn,GPU,3.17591e+06,3.17596e+06,48.2433
1,24,Linear,GPU,3.17591e+06,3.17596e+06,48.2433
1,24,gate_update,GPU,3.17596e+06,3.17596e+06,0
1,24,moe_scatter,GPU,3.17596e+06,3.17596e+06,0
1,24,sync_for_moe_scatter,GPU,3.17596e+06,3.17596e+06,0
1,24,sync__set,GPU,3.17596e+06,3.17596e+06,0
1,24,sync__,GPU,3.17596e+06,3.17596e+06,0
1,24,moe_route,GPU,3.17596e+06,3.17596e+06,0
1,24,expert_FFN_2,GPU,3.17596e+06,3.2192e+06,43246
1,24,gate_proj,GPU,3.17596e+06,3.19036e+06,14408.3
1,24,Linear,Logic,3.17596e+06,3.19036e+06,14408.3
1,24,activation,Logic,3.19036e+06,3.19039e+06,21.0927
1,24,up_proj,GPU,3.19039e+06,3.20479e+06,14408.3
1,24,Linear,Logic,3.19039e+06,3.20479e+06,14408.3
1,24,down_proj,GPU,3.20479e+06,3.2192e+06,14408.3
1,24,Linear,Logic,3.20479e+06,3.2192e+06,14408.3
1,24,expert_FFN_3,GPU,3.2192e+06,3.26242e+06,43221.9
1,24,gate_proj,GPU,3.2192e+06,3.23361e+06,14403.8
1,24,Linear,Logic,3.2192e+06,3.23361e+06,14403.8
1,24,activation,Logic,3.23361e+06,3.23362e+06,10.5463
1,24,up_proj,GPU,3.23362e+06,3.24802e+06,14403.8
1,24,Linear,Logic,3.23362e+06,3.24802e+06,14403.8
1,24,down_proj,GPU,3.24802e+06,3.26242e+06,14403.8
1,24,Linear,Logic,3.24802e+06,3.26242e+06,14403.8
1,24,sync_2,GPU,3.26242e+06,3.26242e+06,0
1,24,sync__set,GPU,3.26242e+06,3.26242e+06,0
1,24,sync__,GPU,3.26242e+06,3.26242e+06,0
1,24,moe_all_reduce_for_e_tp,GPU,3.26242e+06,3.26242e+06,0
1,24,sync_3,GPU,3.26242e+06,3.26242e+06,0
1,24,sync__set,GPU,3.26242e+06,3.26242e+06,0
1,24,sync__,GPU,3.26242e+06,3.26242e+06,0
1,24,moe_gather,GPU,3.26242e+06,3.26242e+06,0
1,24,sync_for_moe_gather,GPU,3.26242e+06,3.26242e+06,0
1,24,sync__set,GPU,3.26242e+06,3.26242e+06,0
1,24,sync__,GPU,3.26242e+06,3.26242e+06,0
1,24,moe_all_reduce_for_gather,GPU,3.26242e+06,3.28075e+06,18327.7
1,24,sync_5,GPU,3.28075e+06,3.28075e+06,0
1,24,sync__set,GPU,3.28075e+06,3.28075e+06,0
1,24,sync__,GPU,3.28075e+06,3.28075e+06,0
1,24,sync_6,GPU,3.28075e+06,3.28075e+06,0
1,24,sync__set,GPU,3.28075e+06,3.28075e+06,0
1,24,sync__,GPU,3.28075e+06,3.28075e+06,0
1,24,residual_2,GPU,3.28075e+06,3.28079e+06,36.1589
1,25,MoE_decoder_25,GPU,3.28079e+06,3.41551e+06,134727
1,25,input_layer_norm,GPU,3.28079e+06,3.28082e+06,36.1589
1,25,attention,GPU,3.28082e+06,3.31051e+06,29690.1
1,25,attn_qkv_proj,GPU,3.28082e+06,3.28702e+06,6193.22
1,25,Linear,GPU,3.28082e+06,3.28702e+06,6193.22
1,25,self_attention,GPU,3.28702e+06,3.28805e+06,1035.05
1,25,AttentionSplit,GPU,3.28702e+06,3.28702e+06,0
1,25,AttentionSum,Logic,3.28702e+06,3.28702e+06,0
1,25,AttentionGen,Logic,3.28702e+06,3.28805e+06,1035.05
1,25,AttentionMerge,GPU,3.28805e+06,3.28805e+06,0
1,25,attn_o_proj,GPU,3.28805e+06,3.29219e+06,4134.17
1,25,Linear,GPU,3.28805e+06,3.29219e+06,4134.17
1,25,all_reduce,GPU,3.29219e+06,3.31051e+06,18327.7
1,25,residual_1,GPU,3.31051e+06,3.31055e+06,36.1589
1,25,post_attn_layer_norm,GPU,3.31055e+06,3.31059e+06,36.1589
1,25,expertFFN,GPU,3.31059e+06,3.41548e+06,104892
1,25,sync_0,GPU,3.31059e+06,3.31059e+06,0
1,25,sync__set,GPU,3.31059e+06,3.31059e+06,0
1,25,sync__,GPU,3.31059e+06,3.31059e+06,0
1,25,gate_fn,GPU,3.31059e+06,3.31063e+06,48.2433
1,25,Linear,GPU,3.31059e+06,3.31063e+06,48.2433
1,25,gate_update,GPU,3.31063e+06,3.31063e+06,0
1,25,moe_scatter,GPU,3.31063e+06,3.31063e+06,0
1,25,sync_for_moe_scatter,GPU,3.31063e+06,3.31063e+06,0
1,25,sync__set,GPU,3.31063e+06,3.31063e+06,0
1,25,sync__,GPU,3.31063e+06,3.31063e+06,0
1,25,moe_route,GPU,3.31063e+06,3.31063e+06,0
1,25,expert_FFN_2,GPU,3.31063e+06,3.31063e+06,0
1,25,gate_proj,GPU,3.31063e+06,3.31063e+06,0
1,25,Linear,Logic,3.31063e+06,3.31063e+06,0
1,25,activation,Logic,3.31063e+06,3.31063e+06,0
1,25,up_proj,GPU,3.31063e+06,3.31063e+06,0
1,25,Linear,Logic,3.31063e+06,3.31063e+06,0
1,25,down_proj,GPU,3.31063e+06,3.31063e+06,0
1,25,Linear,Logic,3.31063e+06,3.31063e+06,0
1,25,expert_FFN_3,GPU,3.31063e+06,3.31063e+06,0
1,25,gate_proj,GPU,3.31063e+06,3.31063e+06,0
1,25,Linear,Logic,3.31063e+06,3.31063e+06,0
1,25,activation,Logic,3.31063e+06,3.31063e+06,0
1,25,up_proj,GPU,3.31063e+06,3.31063e+06,0
1,25,Linear,Logic,3.31063e+06,3.31063e+06,0
1,25,down_proj,GPU,3.31063e+06,3.31063e+06,0
1,25,Linear,Logic,3.31063e+06,3.31063e+06,0
1,25,sync_2,GPU,3.31063e+06,3.39715e+06,86516.2
1,25,sync__set,GPU,3.31063e+06,3.31063e+06,0
1,25,sync__,GPU,3.31063e+06,3.39715e+06,86516.2
1,25,moe_all_reduce_for_e_tp,GPU,3.39715e+06,3.39715e+06,0
1,25,sync_3,GPU,3.39715e+06,3.39715e+06,0
1,25,sync__set,GPU,3.39715e+06,3.39715e+06,0
1,25,sync__,GPU,3.39715e+06,3.39715e+06,0
1,25,moe_gather,GPU,3.39715e+06,3.39715e+06,0
1,25,sync_for_moe_gather,GPU,3.39715e+06,3.39715e+06,0
1,25,sync__set,GPU,3.39715e+06,3.39715e+06,0
1,25,sync__,GPU,3.39715e+06,3.39715e+06,0
1,25,moe_all_reduce_for_gather,GPU,3.39715e+06,3.41548e+06,18327.7
1,25,sync_5,GPU,3.41548e+06,3.41548e+06,0
1,25,sync__set,GPU,3.41548e+06,3.41548e+06,0
1,25,sync__,GPU,3.41548e+06,3.41548e+06,0
1,25,sync_6,GPU,3.41548e+06,3.41548e+06,0
1,25,sync__set,GPU,3.41548e+06,3.41548e+06,0
1,25,sync__,GPU,3.41548e+06,3.41548e+06,0
1,25,residual_2,GPU,3.41548e+06,3.41551e+06,36.1589
1,26,MoE_decoder_26,GPU,3.41551e+06,3.55022e+06,134703
1,26,input_layer_norm,GPU,3.41551e+06,3.41555e+06,36.1589
1,26,attention,GPU,3.41555e+06,3.44524e+06,29690.1
1,26,attn_qkv_proj,GPU,3.41555e+06,3.42174e+06,6193.22
1,26,Linear,GPU,3.41555e+06,3.42174e+06,6193.22
1,26,self_attention,GPU,3.42174e+06,3.42278e+06,1035.05
1,26,AttentionSplit,GPU,3.42174e+06,3.42174e+06,0
1,26,AttentionSum,Logic,3.42174e+06,3.42174e+06,0
1,26,AttentionGen,Logic,3.42174e+06,3.42278e+06,1035.05
1,26,AttentionMerge,GPU,3.42278e+06,3.42278e+06,0
1,26,attn_o_proj,GPU,3.42278e+06,3.42691e+06,4134.17
1,26,Linear,GPU,3.42278e+06,3.42691e+06,4134.17
1,26,all_reduce,GPU,3.42691e+06,3.44524e+06,18327.7
1,26,residual_1,GPU,3.44524e+06,3.44528e+06,36.1589
1,26,post_attn_layer_norm,GPU,3.44528e+06,3.44531e+06,36.1589
1,26,expertFFN,GPU,3.44531e+06,3.55018e+06,104868
1,26,sync_0,GPU,3.44531e+06,3.44531e+06,0
1,26,sync__set,GPU,3.44531e+06,3.44531e+06,0
1,26,sync__,GPU,3.44531e+06,3.44531e+06,0
1,26,gate_fn,GPU,3.44531e+06,3.44536e+06,48.2433
1,26,Linear,GPU,3.44531e+06,3.44536e+06,48.2433
1,26,gate_update,GPU,3.44536e+06,3.44536e+06,0
1,26,moe_scatter,GPU,3.44536e+06,3.44536e+06,0
1,26,sync_for_moe_scatter,GPU,3.44536e+06,3.44536e+06,0
1,26,sync__set,GPU,3.44536e+06,3.44536e+06,0
1,26,sync__,GPU,3.44536e+06,3.44536e+06,0
1,26,moe_route,GPU,3.44536e+06,3.44536e+06,0
1,26,expert_FFN_2,GPU,3.44536e+06,3.48858e+06,43221.9
1,26,gate_proj,GPU,3.44536e+06,3.45977e+06,14403.8
1,26,Linear,Logic,3.44536e+06,3.45977e+06,14403.8
1,26,activation,Logic,3.45977e+06,3.45978e+06,10.5463
1,26,up_proj,GPU,3.45978e+06,3.47418e+06,14403.8
1,26,Linear,Logic,3.45978e+06,3.47418e+06,14403.8
1,26,down_proj,GPU,3.47418e+06,3.48858e+06,14403.8
1,26,Linear,Logic,3.47418e+06,3.48858e+06,14403.8
1,26,expert_FFN_3,GPU,3.48858e+06,3.48858e+06,0
1,26,gate_proj,GPU,3.48858e+06,3.48858e+06,0
1,26,Linear,Logic,3.48858e+06,3.48858e+06,0
1,26,activation,Logic,3.48858e+06,3.48858e+06,0
1,26,up_proj,GPU,3.48858e+06,3.48858e+06,0
1,26,Linear,Logic,3.48858e+06,3.48858e+06,0
1,26,down_proj,GPU,3.48858e+06,3.48858e+06,0
1,26,Linear,Logic,3.48858e+06,3.48858e+06,0
1,26,sync_2,GPU,3.48858e+06,3.53185e+06,43270.2
1,26,sync__set,GPU,3.48858e+06,3.48858e+06,0
1,26,sync__,GPU,3.48858e+06,3.53185e+06,43270.2
1,26,moe_all_reduce_for_e_tp,GPU,3.53185e+06,3.53185e+06,0
1,26,sync_3,GPU,3.53185e+06,3.53185e+06,0
1,26,sync__set,GPU,3.53185e+06,3.53185e+06,0
1,26,sync__,GPU,3.53185e+06,3.53185e+06,0
1,26,moe_gather,GPU,3.53185e+06,3.53185e+06,0
1,26,sync_for_moe_gather,GPU,3.53185e+06,3.53185e+06,0
1,26,sync__set,GPU,3.53185e+06,3.53185e+06,0
1,26,sync__,GPU,3.53185e+06,3.53185e+06,0
1,26,moe_all_reduce_for_gather,GPU,3.53185e+06,3.55018e+06,18327.7
1,26,sync_5,GPU,3.55018e+06,3.55018e+06,0
1,26,sync__set,GPU,3.55018e+06,3.55018e+06,0
1,26,sync__,GPU,3.55018e+06,3.55018e+06,0
1,26,sync_6,GPU,3.55018e+06,3.55018e+06,0
1,26,sync__set,GPU,3.55018e+06,3.55018e+06,0
1,26,sync__,GPU,3.55018e+06,3.55018e+06,0
1,26,residual_2,GPU,3.55018e+06,3.55022e+06,36.1589
1,27,MoE_decoder_27,GPU,3.55022e+06,3.6849e+06,134679
1,27,input_layer_norm,GPU,3.55022e+06,3.55025e+06,36.1589
1,27,attention,GPU,3.55025e+06,3.57994e+06,29690.1
1,27,attn_qkv_proj,GPU,3.55025e+06,3.55645e+06,6193.22
1,27,Linear,GPU,3.55025e+06,3.55645e+06,6193.22
1,27,self_attention,GPU,3.55645e+06,3.55748e+06,1035.05
1,27,AttentionSplit,GPU,3.55645e+06,3.55645e+06,0
1,27,AttentionSum,Logic,3.55645e+06,3.55645e+06,0
1,27,AttentionGen,Logic,3.55645e+06,3.55748e+06,1035.05
1,27,AttentionMerge,GPU,3.55748e+06,3.55748e+06,0
1,27,attn_o_proj,GPU,3.55748e+06,3.56162e+06,4134.17
1,27,Linear,GPU,3.55748e+06,3.56162e+06,4134.17
1,27,all_reduce,GPU,3.56162e+06,3.57994e+06,18327.7
1,27,residual_1,GPU,3.57994e+06,3.57998e+06,36.1589
1,27,post_attn_layer_norm,GPU,3.57998e+06,3.58002e+06,36.1589
1,27,expertFFN,GPU,3.58002e+06,3.68486e+06,104844
1,27,sync_0,GPU,3.58002e+06,3.58002e+06,0
1,27,sync__set,GPU,3.58002e+06,3.58002e+06,0
1,27,sync__,GPU,3.58002e+06,3.58002e+06,0
1,27,gate_fn,GPU,3.58002e+06,3.58006e+06,48.2433
1,27,Linear,GPU,3.58002e+06,3.58006e+06,48.2433
1,27,gate_update,GPU,3.58006e+06,3.58006e+06,0
1,27,moe_scatter,GPU,3.58006e+06,3.58006e+06,0
1,27,sync_for_moe_scatter,GPU,3.58006e+06,3.58006e+06,0
1,27,sync__set,GPU,3.58006e+06,3.58006e+06,0
1,27,sync__,GPU,3.58006e+06,3.58006e+06,0
1,27,moe_route,GPU,3.58006e+06,3.58006e+06,0
1,27,expert_FFN_2,GPU,3.58006e+06,3.62329e+06,43221.9
1,27,gate_proj,GPU,3.58006e+06,3.59447e+06,14403.8
1,27,Linear,Logic,3.58006e+06,3.59447e+06,14403.8
1,27,activation,Logic,3.59447e+06,3.59448e+06,10.5463
1,27,up_proj,GPU,3.59448e+06,3.60888e+06,14403.8
1,27,Linear,Logic,3.59448e+06,3.60888e+06,14403.8
1,27,down_proj,GPU,3.60888e+06,3.62329e+06,14403.8
1,27,Linear,Logic,3.60888e+06,3.62329e+06,14403.8
1,27,expert_FFN_3,GPU,3.62329e+06,3.66651e+06,43221.9
1,27,gate_proj,GPU,3.62329e+06,3.63769e+06,14403.8
1,27,Linear,Logic,3.62329e+06,3.63769e+06,14403.8
1,27,activation,Logic,3.63769e+06,3.6377e+06,10.5463
1,27,up_proj,GPU,3.6377e+06,3.6521e+06,14403.8
1,27,Linear,Logic,3.6377e+06,3.6521e+06,14403.8
1,27,down_proj,GPU,3.6521e+06,3.66651e+06,14403.8
1,27,Linear,Logic,3.6521e+06,3.66651e+06,14403.8
1,27,sync_2,GPU,3.66651e+06,3.66653e+06,24.1059
1,27,sync__set,GPU,3.66651e+06,3.66651e+06,0
1,27,sync__,GPU,3.66651e+06,3.66653e+06,24.1059
1,27,moe_all_reduce_for_e_tp,GPU,3.66653e+06,3.66653e+06,0
1,27,sync_3,GPU,3.66653e+06,3.66653e+06,0
1,27,sync__set,GPU,3.66653e+06,3.66653e+06,0
1,27,sync__,GPU,3.66653e+06,3.66653e+06,0
1,27,moe_gather,GPU,3.66653e+06,3.66653e+06,0
1,27,sync_for_moe_gather,GPU,3.66653e+06,3.66653e+06,0
1,27,sync__set,GPU,3.66653e+06,3.66653e+06,0
1,27,sync__,GPU,3.66653e+06,3.66653e+06,0
1,27,moe_all_reduce_for_gather,GPU,3.66653e+06,3.68486e+06,18327.7
1,27,sync_5,GPU,3.68486e+06,3.68486e+06,0
1,27,sync__set,GPU,3.68486e+06,3.68486e+06,0
1,27,sync__,GPU,3.68486e+06,3.68486e+06,0
1,27,sync_6,GPU,3.68486e+06,3.68486e+06,0
1,27,sync__set,GPU,3.68486e+06,3.68486e+06,0
1,27,sync__,GPU,3.68486e+06,3.68486e+06,0
1,27,residual_2,GPU,3.68486e+06,3.6849e+06,36.1589
1,28,MoE_decoder_28,GPU,3.6849e+06,3.8196e+06,134703
1,28,input_layer_norm,GPU,3.6849e+06,3.68493e+06,36.1589
1,28,attention,GPU,3.68493e+06,3.71462e+06,29690.1
1,28,attn_qkv_proj,GPU,3.68493e+06,3.69113e+06,6193.22
1,28,Linear,GPU,3.68493e+06,3.69113e+06,6193.22
1,28,self_attention,GPU,3.69113e+06,3.69216e+06,1035.05
1,28,AttentionSplit,GPU,3.69113e+06,3.69113e+06,0
1,28,AttentionSum,Logic,3.69113e+06,3.69113e+06,0
1,28,AttentionGen,Logic,3.69113e+06,3.69216e+06,1035.05
1,28,AttentionMerge,GPU,3.69216e+06,3.69216e+06,0
1,28,attn_o_proj,GPU,3.69216e+06,3.69629e+06,4134.17
1,28,Linear,GPU,3.69216e+06,3.69629e+06,4134.17
1,28,all_reduce,GPU,3.69629e+06,3.71462e+06,18327.7
1,28,residual_1,GPU,3.71462e+06,3.71466e+06,36.1589
1,28,post_attn_layer_norm,GPU,3.71466e+06,3.71469e+06,36.1589
1,28,expertFFN,GPU,3.71469e+06,3.81956e+06,104868
1,28,sync_0,GPU,3.71469e+06,3.71469e+06,0
1,28,sync__set,GPU,3.71469e+06,3.71469e+06,0
1,28,sync__,GPU,3.71469e+06,3.71469e+06,0
1,28,gate_fn,GPU,3.71469e+06,3.71474e+06,48.2433
1,28,Linear,GPU,3.71469e+06,3.71474e+06,48.2433
1,28,gate_update,GPU,3.71474e+06,3.71474e+06,0
1,28,moe_scatter,GPU,3.71474e+06,3.71474e+06,0
1,28,sync_for_moe_scatter,GPU,3.71474e+06,3.71474e+06,0
1,28,sync__set,GPU,3.71474e+06,3.71474e+06,0
1,28,sync__,GPU,3.71474e+06,3.71474e+06,0
1,28,moe_route,GPU,3.71474e+06,3.71474e+06,0
1,28,expert_FFN_2,GPU,3.71474e+06,3.71474e+06,0
1,28,gate_proj,GPU,3.71474e+06,3.71474e+06,0
1,28,Linear,Logic,3.71474e+06,3.71474e+06,0
1,28,activation,Logic,3.71474e+06,3.71474e+06,0
1,28,up_proj,GPU,3.71474e+06,3.71474e+06,0
1,28,Linear,Logic,3.71474e+06,3.71474e+06,0
1,28,down_proj,GPU,3.71474e+06,3.71474e+06,0
1,28,Linear,Logic,3.71474e+06,3.71474e+06,0
1,28,expert_FFN_3,GPU,3.71474e+06,3.75796e+06,43221.9
1,28,gate_proj,GPU,3.71474e+06,3.72915e+06,14403.8
1,28,Linear,Logic,3.71474e+06,3.72915e+06,14403.8
1,28,activation,Logic,3.72915e+06,3.72916e+06,10.5463
1,28,up_proj,GPU,3.72916e+06,3.74356e+06,14403.8
1,28,Linear,Logic,3.72916e+06,3.74356e+06,14403.8
1,28,down_proj,GPU,3.74356e+06,3.75796e+06,14403.8
1,28,Linear,Logic,3.74356e+06,3.75796e+06,14403.8
1,28,sync_2,GPU,3.75796e+06,3.80123e+06,43270.2
1,28,sync__set,GPU,3.75796e+06,3.75796e+06,0
1,28,sync__,GPU,3.75796e+06,3.80123e+06,43270.2
1,28,moe_all_reduce_for_e_tp,GPU,3.80123e+06,3.80123e+06,0
1,28,sync_3,GPU,3.80123e+06,3.80123e+06,0
1,28,sync__set,GPU,3.80123e+06,3.80123e+06,0
1,28,sync__,GPU,3.80123e+06,3.80123e+06,0
1,28,moe_gather,GPU,3.80123e+06,3.80123e+06,0
1,28,sync_for_moe_gather,GPU,3.80123e+06,3.80123e+06,0
1,28,sync__set,GPU,3.80123e+06,3.80123e+06,0
1,28,sync__,GPU,3.80123e+06,3.80123e+06,0
1,28,moe_all_reduce_for_gather,GPU,3.80123e+06,3.81956e+06,18327.7
1,28,sync_5,GPU,3.81956e+06,3.81956e+06,0
1,28,sync__set,GPU,3.81956e+06,3.81956e+06,0
1,28,sync__,GPU,3.81956e+06,3.81956e+06,0
1,28,sync_6,GPU,3.81956e+06,3.81956e+06,0
1,28,sync__set,GPU,3.81956e+06,3.81956e+06,0
1,28,sync__,GPU,3.81956e+06,3.81956e+06,0
1,28,residual_2,GPU,3.81956e+06,3.8196e+06,36.1589
1,29,MoE_decoder_29,GPU,3.8196e+06,3.95428e+06,134679
1,29,input_layer_norm,GPU,3.8196e+06,3.81963e+06,36.1589
1,29,attention,GPU,3.81963e+06,3.84933e+06,29690.1
1,29,attn_qkv_proj,GPU,3.81963e+06,3.82583e+06,6193.22
1,29,Linear,GPU,3.81963e+06,3.82583e+06,6193.22
1,29,self_attention,GPU,3.82583e+06,3.82686e+06,1035.05
1,29,AttentionSplit,GPU,3.82583e+06,3.82583e+06,0
1,29,AttentionSum,Logic,3.82583e+06,3.82583e+06,0
1,29,AttentionGen,Logic,3.82583e+06,3.82686e+06,1035.05
1,29,AttentionMerge,GPU,3.82686e+06,3.82686e+06,0
1,29,attn_o_proj,GPU,3.82686e+06,3.831e+06,4134.17
1,29,Linear,GPU,3.82686e+06,3.831e+06,4134.17
1,29,all_reduce,GPU,3.831e+06,3.84933e+06,18327.7
1,29,residual_1,GPU,3.84933e+06,3.84936e+06,36.1589
1,29,post_attn_layer_norm,GPU,3.84936e+06,3.8494e+06,36.1589
1,29,expertFFN,GPU,3.8494e+06,3.95424e+06,104844
1,29,sync_0,GPU,3.8494e+06,3.8494e+06,0
1,29,sync__set,GPU,3.8494e+06,3.8494e+06,0
1,29,sync__,GPU,3.8494e+06,3.8494e+06,0
1,29,gate_fn,GPU,3.8494e+06,3.84945e+06,48.2433
1,29,Linear,GPU,3.8494e+06,3.84945e+06,48.2433
1,29,gate_update,GPU,3.84945e+06,3.84945e+06,0
1,29,moe_scatter,GPU,3.84945e+06,3.84945e+06,0
1,29,sync_for_moe_scatter,GPU,3.84945e+06,3.84945e+06,0
1,29,sync__set,GPU,3.84945e+06,3.84945e+06,0
1,29,sync__,GPU,3.84945e+06,3.84945e+06,0
1,29,moe_route,GPU,3.84945e+06,3.84945e+06,0
1,29,expert_FFN_2,GPU,3.84945e+06,3.89269e+06,43246
1,29,gate_proj,GPU,3.84945e+06,3.86385e+06,14408.3
1,29,Linear,Logic,3.84945e+06,3.86385e+06,14408.3
1,29,activation,Logic,3.86385e+06,3.86388e+06,21.0927
1,29,up_proj,GPU,3.86388e+06,3.87828e+06,14408.3
1,29,Linear,Logic,3.86388e+06,3.87828e+06,14408.3
1,29,down_proj,GPU,3.87828e+06,3.89269e+06,14408.3
1,29,Linear,Logic,3.87828e+06,3.89269e+06,14408.3
1,29,expert_FFN_3,GPU,3.89269e+06,3.93591e+06,43221.9
1,29,gate_proj,GPU,3.89269e+06,3.9071e+06,14403.8
1,29,Linear,Logic,3.89269e+06,3.9071e+06,14403.8
1,29,activation,Logic,3.9071e+06,3.90711e+06,10.5463
1,29,up_proj,GPU,3.90711e+06,3.92151e+06,14403.8
1,29,Linear,Logic,3.90711e+06,3.92151e+06,14403.8
1,29,down_proj,GPU,3.92151e+06,3.93591e+06,14403.8
1,29,Linear,Logic,3.92151e+06,3.93591e+06,14403.8
1,29,sync_2,GPU,3.93591e+06,3.93591e+06,0
1,29,sync__set,GPU,3.93591e+06,3.93591e+06,0
1,29,sync__,GPU,3.93591e+06,3.93591e+06,0
1,29,moe_all_reduce_for_e_tp,GPU,3.93591e+06,3.93591e+06,0
1,29,sync_3,GPU,3.93591e+06,3.93591e+06,0
1,29,sync__set,GPU,3.93591e+06,3.93591e+06,0
1,29,sync__,GPU,3.93591e+06,3.93591e+06,0
1,29,moe_gather,GPU,3.93591e+06,3.93591e+06,0
1,29,sync_for_moe_gather,GPU,3.93591e+06,3.93591e+06,0
1,29,sync__set,GPU,3.93591e+06,3.93591e+06,0
1,29,sync__,GPU,3.93591e+06,3.93591e+06,0
1,29,moe_all_reduce_for_gather,GPU,3.93591e+06,3.95424e+06,18327.7
1,29,sync_5,GPU,3.95424e+06,3.95424e+06,0
1,29,sync__set,GPU,3.95424e+06,3.95424e+06,0
1,29,sync__,GPU,3.95424e+06,3.95424e+06,0
1,29,sync_6,GPU,3.95424e+06,3.95424e+06,0
1,29,sync__set,GPU,3.95424e+06,3.95424e+06,0
1,29,sync__,GPU,3.95424e+06,3.95424e+06,0
1,29,residual_2,GPU,3.95424e+06,3.95428e+06,36.1589
1,30,MoE_decoder_30,GPU,3.95428e+06,4.08893e+06,134655
1,30,input_layer_norm,GPU,3.95428e+06,3.95431e+06,36.1589
1,30,attention,GPU,3.95431e+06,3.984e+06,29690.1
1,30,attn_qkv_proj,GPU,3.95431e+06,3.96051e+06,6193.22
1,30,Linear,GPU,3.95431e+06,3.96051e+06,6193.22
1,30,self_attention,GPU,3.96051e+06,3.96154e+06,1035.05
1,30,AttentionSplit,GPU,3.96051e+06,3.96051e+06,0
1,30,AttentionSum,Logic,3.96051e+06,3.96051e+06,0
1,30,AttentionGen,Logic,3.96051e+06,3.96154e+06,1035.05
1,30,AttentionMerge,GPU,3.96154e+06,3.96154e+06,0
1,30,attn_o_proj,GPU,3.96154e+06,3.96568e+06,4134.17
1,30,Linear,GPU,3.96154e+06,3.96568e+06,4134.17
1,30,all_reduce,GPU,3.96568e+06,3.984e+06,18327.7
1,30,residual_1,GPU,3.984e+06,3.98404e+06,36.1589
1,30,post_attn_layer_norm,GPU,3.98404e+06,3.98408e+06,36.1589
1,30,expertFFN,GPU,3.98408e+06,4.0889e+06,104820
1,30,sync_0,GPU,3.98408e+06,3.98408e+06,0
1,30,sync__set,GPU,3.98408e+06,3.98408e+06,0
1,30,sync__,GPU,3.98408e+06,3.98408e+06,0
1,30,gate_fn,GPU,3.98408e+06,3.98412e+06,48.2433
1,30,Linear,GPU,3.98408e+06,3.98412e+06,48.2433
1,30,gate_update,GPU,3.98412e+06,3.98412e+06,0
1,30,moe_scatter,GPU,3.98412e+06,3.98412e+06,0
1,30,sync_for_moe_scatter,GPU,3.98412e+06,3.98412e+06,0
1,30,sync__set,GPU,3.98412e+06,3.98412e+06,0
1,30,sync__,GPU,3.98412e+06,3.98412e+06,0
1,30,moe_route,GPU,3.98412e+06,3.98412e+06,0
1,30,expert_FFN_2,GPU,3.98412e+06,4.02735e+06,43221.9
1,30,gate_proj,GPU,3.98412e+06,3.99853e+06,14403.8
1,30,Linear,Logic,3.98412e+06,3.99853e+06,14403.8
1,30,activation,Logic,3.99853e+06,3.99854e+06,10.5463
1,30,up_proj,GPU,3.99854e+06,4.01294e+06,14403.8
1,30,Linear,Logic,3.99854e+06,4.01294e+06,14403.8
1,30,down_proj,GPU,4.01294e+06,4.02735e+06,14403.8
1,30,Linear,Logic,4.01294e+06,4.02735e+06,14403.8
1,30,expert_FFN_3,GPU,4.02735e+06,4.07057e+06,43221.9
1,30,gate_proj,GPU,4.02735e+06,4.04175e+06,14403.8
1,30,Linear,Logic,4.02735e+06,4.04175e+06,14403.8
1,30,activation,Logic,4.04175e+06,4.04176e+06,10.5463
1,30,up_proj,GPU,4.04176e+06,4.05616e+06,14403.8
1,30,Linear,Logic,4.04176e+06,4.05616e+06,14403.8
1,30,down_proj,GPU,4.05616e+06,4.07057e+06,14403.8
1,30,Linear,Logic,4.05616e+06,4.07057e+06,14403.8
1,30,sync_2,GPU,4.07057e+06,4.07057e+06,0
1,30,sync__set,GPU,4.07057e+06,4.07057e+06,0
1,30,sync__,GPU,4.07057e+06,4.07057e+06,0
1,30,moe_all_reduce_for_e_tp,GPU,4.07057e+06,4.07057e+06,0
1,30,sync_3,GPU,4.07057e+06,4.07057e+06,0
1,30,sync__set,GPU,4.07057e+06,4.07057e+06,0
1,30,sync__,GPU,4.07057e+06,4.07057e+06,0
1,30,moe_gather,GPU,4.07057e+06,4.07057e+06,0
1,30,sync_for_moe_gather,GPU,4.07057e+06,4.07057e+06,0
1,30,sync__set,GPU,4.07057e+06,4.07057e+06,0
1,30,sync__,GPU,4.07057e+06,4.07057e+06,0
1,30,moe_all_reduce_for_gather,GPU,4.07057e+06,4.0889e+06,18327.7
1,30,sync_5,GPU,4.0889e+06,4.0889e+06,0
1,30,sync__set,GPU,4.0889e+06,4.0889e+06,0
1,30,sync__,GPU,4.0889e+06,4.0889e+06,0
1,30,sync_6,GPU,4.0889e+06,4.0889e+06,0
1,30,sync__set,GPU,4.0889e+06,4.0889e+06,0
1,30,sync__,GPU,4.0889e+06,4.0889e+06,0
1,30,residual_2,GPU,4.0889e+06,4.08893e+06,36.1589
1,31,MoE_decoder_31,GPU,4.08893e+06,4.22363e+06,134703
1,31,input_layer_norm,GPU,4.08893e+06,4.08897e+06,36.1589
1,31,attention,GPU,4.08897e+06,4.11866e+06,29690.1
1,31,attn_qkv_proj,GPU,4.08897e+06,4.09516e+06,6193.22
1,31,Linear,GPU,4.08897e+06,4.09516e+06,6193.22
1,31,self_attention,GPU,4.09516e+06,4.0962e+06,1035.05
1,31,AttentionSplit,GPU,4.09516e+06,4.09516e+06,0
1,31,AttentionSum,Logic,4.09516e+06,4.09516e+06,0
1,31,AttentionGen,Logic,4.09516e+06,4.0962e+06,1035.05
1,31,AttentionMerge,GPU,4.0962e+06,4.0962e+06,0
1,31,attn_o_proj,GPU,4.0962e+06,4.10033e+06,4134.17
1,31,Linear,GPU,4.0962e+06,4.10033e+06,4134.17
1,31,all_reduce,GPU,4.10033e+06,4.11866e+06,18327.7
1,31,residual_1,GPU,4.11866e+06,4.11869e+06,36.1589
1,31,post_attn_layer_norm,GPU,4.11869e+06,4.11873e+06,36.1589
1,31,expertFFN,GPU,4.11873e+06,4.2236e+06,104868
1,31,sync_0,GPU,4.11873e+06,4.11873e+06,0
1,31,sync__set,GPU,4.11873e+06,4.11873e+06,0
1,31,sync__,GPU,4.11873e+06,4.11873e+06,0
1,31,gate_fn,GPU,4.11873e+06,4.11878e+06,48.2433
1,31,Linear,GPU,4.11873e+06,4.11878e+06,48.2433
1,31,gate_update,GPU,4.11878e+06,4.11878e+06,0
1,31,moe_scatter,GPU,4.11878e+06,4.11878e+06,0
1,31,sync_for_moe_scatter,GPU,4.11878e+06,4.11878e+06,0
1,31,sync__set,GPU,4.11878e+06,4.11878e+06,0
1,31,sync__,GPU,4.11878e+06,4.11878e+06,0
1,31,moe_route,GPU,4.11878e+06,4.11878e+06,0
1,31,expert_FFN_2,GPU,4.11878e+06,4.11878e+06,0
1,31,gate_proj,GPU,4.11878e+06,4.11878e+06,0
1,31,Linear,Logic,4.11878e+06,4.11878e+06,0
1,31,activation,Logic,4.11878e+06,4.11878e+06,0
1,31,up_proj,GPU,4.11878e+06,4.11878e+06,0
1,31,Linear,Logic,4.11878e+06,4.11878e+06,0
1,31,down_proj,GPU,4.11878e+06,4.11878e+06,0
1,31,Linear,Logic,4.11878e+06,4.11878e+06,0
1,31,expert_FFN_3,GPU,4.11878e+06,4.11878e+06,0
1,31,gate_proj,GPU,4.11878e+06,4.11878e+06,0
1,31,Linear,Logic,4.11878e+06,4.11878e+06,0
1,31,activation,Logic,4.11878e+06,4.11878e+06,0
1,31,up_proj,GPU,4.11878e+06,4.11878e+06,0
1,31,Linear,Logic,4.11878e+06,4.11878e+06,0
1,31,down_proj,GPU,4.11878e+06,4.11878e+06,0
1,31,Linear,Logic,4.11878e+06,4.11878e+06,0
1,31,sync_2,GPU,4.11878e+06,4.20527e+06,86492.1
1,31,sync__set,GPU,4.11878e+06,4.11878e+06,0
1,31,sync__,GPU,4.11878e+06,4.20527e+06,86492.1
1,31,moe_all_reduce_for_e_tp,GPU,4.20527e+06,4.20527e+06,0
1,31,sync_3,GPU,4.20527e+06,4.20527e+06,0
1,31,sync__set,GPU,4.20527e+06,4.20527e+06,0
1,31,sync__,GPU,4.20527e+06,4.20527e+06,0
1,31,moe_gather,GPU,4.20527e+06,4.20527e+06,0
1,31,sync_for_moe_gather,GPU,4.20527e+06,4.20527e+06,0
1,31,sync__set,GPU,4.20527e+06,4.20527e+06,0
1,31,sync__,GPU,4.20527e+06,4.20527e+06,0
1,31,moe_all_reduce_for_gather,GPU,4.20527e+06,4.2236e+06,18327.7
1,31,sync_5,GPU,4.2236e+06,4.2236e+06,0
1,31,sync__set,GPU,4.2236e+06,4.2236e+06,0
1,31,sync__,GPU,4.2236e+06,4.2236e+06,0
1,31,sync_6,GPU,4.2236e+06,4.2236e+06,0
1,31,sync__set,GPU,4.2236e+06,4.2236e+06,0
1,31,sync__,GPU,4.2236e+06,4.2236e+06,0
1,31,residual_2,GPU,4.2236e+06,4.22363e+06,36.1589
2,0,MoE_decoder_0,GPU,0,134679,134679
2,0,input_layer_norm,GPU,0,36.1589,36.1589
2,0,attention,GPU,36.1589,29726.3,29690.1
2,0,attn_qkv_proj,GPU,36.1589,6229.38,6193.22
2,0,Linear,GPU,36.1589,6229.38,6193.22
2,0,self_attention,GPU,6229.38,7264.42,1035.05
2,0,AttentionSplit,GPU,6229.38,6229.38,0
2,0,AttentionSum,Logic,6229.38,6229.38,0
2,0,AttentionGen,Logic,6229.38,7264.42,1035.05
2,0,AttentionMerge,GPU,7264.42,7264.42,0
2,0,attn_o_proj,GPU,7264.42,11398.6,4134.17
2,0,Linear,GPU,7264.42,11398.6,4134.17
2,0,all_reduce,GPU,11398.6,29726.3,18327.7
2,0,residual_1,GPU,29726.3,29762.4,36.1589
2,0,post_attn_layer_norm,GPU,29762.4,29798.6,36.1589
2,0,expertFFN,GPU,29798.6,134642,104844
2,0,sync_0,GPU,29798.6,29798.6,0
2,0,sync__set,GPU,29798.6,29798.6,0
2,0,sync__,GPU,29798.6,29798.6,0
2,0,gate_fn,GPU,29798.6,29846.8,48.2433
2,0,Linear,GPU,29798.6,29846.8,48.2433
2,0,gate_update,GPU,29846.8,29846.8,0
2,0,moe_scatter,GPU,29846.8,29846.8,0
2,0,sync_for_moe_scatter,GPU,29846.8,29846.8,0
2,0,sync__set,GPU,29846.8,29846.8,0
2,0,sync__,GPU,29846.8,29846.8,0
2,0,moe_route,GPU,29846.8,29846.8,0
2,0,expert_FFN_4,GPU,29846.8,29846.8,0
2,0,gate_proj,GPU,29846.8,29846.8,0
2,0,Linear,Logic,29846.8,29846.8,0
2,0,activation,Logic,29846.8,29846.8,0
2,0,up_proj,GPU,29846.8,29846.8,0
2,0,Linear,Logic,29846.8,29846.8,0
2,0,down_proj,GPU,29846.8,29846.8,0
2,0,Linear,Logic,29846.8,29846.8,0
2,0,expert_FFN_5,GPU,29846.8,73068.8,43221.9
2,0,gate_proj,GPU,29846.8,44250.6,14403.8
2,0,Linear,Logic,29846.8,44250.6,14403.8
2,0,activation,Logic,44250.6,44261.2,10.5463
2,0,up_proj,GPU,44261.2,58665,14403.8
2,0,Linear,Logic,44261.2,58665,14403.8
2,0,down_proj,GPU,58665,73068.8,14403.8
2,0,Linear,Logic,58665,73068.8,14403.8
2,0,sync_2,GPU,73068.8,116315,43246
2,0,sync__set,GPU,73068.8,73068.8,0
2,0,sync__,GPU,73068.8,116315,43246
2,0,moe_all_reduce_for_e_tp,GPU,116315,116315,0
2,0,sync_3,GPU,116315,116315,0
2,0,sync__set,GPU,116315,116315,0
2,0,sync__,GPU,116315,116315,0
2,0,moe_gather,GPU,116315,116315,0
2,0,sync_for_moe_gather,GPU,116315,116315,0
2,0,sync__set,GPU,116315,116315,0
2,0,sync__,GPU,116315,116315,0
2,0,moe_all_reduce_for_gather,GPU,116315,134642,18327.7
2,0,sync_5,GPU,134642,134642,0
2,0,sync__set,GPU,134642,134642,0
2,0,sync__,GPU,134642,134642,0
2,0,sync_6,GPU,134642,134642,0
2,0,sync__set,GPU,134642,134642,0
2,0,sync__,GPU,134642,134642,0
2,0,residual_2,GPU,134642,134679,36.1589
2,1,MoE_decoder_1,GPU,134679,269406,134727
2,1,input_layer_norm,GPU,134679,134715,36.1589
2,1,attention,GPU,134715,164405,29690.1
2,1,attn_qkv_proj,GPU,134715,140908,6193.22
2,1,Linear,GPU,134715,140908,6193.22
2,1,self_attention,GPU,140908,141943,1035.05
2,1,AttentionSplit,GPU,140908,140908,0
2,1,AttentionSum,Logic,140908,140908,0
2,1,AttentionGen,Logic,140908,141943,1035.05
2,1,AttentionMerge,GPU,141943,141943,0
2,1,attn_o_proj,GPU,141943,146077,4134.17
2,1,Linear,GPU,141943,146077,4134.17
2,1,all_reduce,GPU,146077,164405,18327.7
2,1,residual_1,GPU,164405,164441,36.1589
2,1,post_attn_layer_norm,GPU,164441,164477,36.1589
2,1,expertFFN,GPU,164477,269369,104892
2,1,sync_0,GPU,164477,164477,0
2,1,sync__set,GPU,164477,164477,0
2,1,sync__,GPU,164477,164477,0
2,1,gate_fn,GPU,164477,164525,48.2433
2,1,Linear,GPU,164477,164525,48.2433
2,1,gate_update,GPU,164525,164525,0
2,1,moe_scatter,GPU,164525,164525,0
2,1,sync_for_moe_scatter,GPU,164525,164525,0
2,1,sync__set,GPU,164525,164525,0
2,1,sync__,GPU,164525,164525,0
2,1,moe_route,GPU,164525,164525,0
2,1,expert_FFN_4,GPU,164525,164525,0
2,1,gate_proj,GPU,164525,164525,0
2,1,Linear,Logic,164525,164525,0
2,1,activation,Logic,164525,164525,0
2,1,up_proj,GPU,164525,164525,0
2,1,Linear,Logic,164525,164525,0
2,1,down_proj,GPU,164525,164525,0
2,1,Linear,Logic,164525,164525,0
2,1,expert_FFN_5,GPU,164525,207747,43221.9
2,1,gate_proj,GPU,164525,178929,14403.8
2,1,Linear,Logic,164525,178929,14403.8
2,1,activation,Logic,178929,178940,10.5463
2,1,up_proj,GPU,178940,193344,14403.8
2,1,Linear,Logic,178940,193344,14403.8
2,1,down_proj,GPU,193344,207747,14403.8
2,1,Linear,Logic,193344,207747,14403.8
2,1,sync_2,GPU,207747,251042,43294.3
2,1,sync__set,GPU,207747,207747,0
2,1,sync__,GPU,207747,251042,43294.3
2,1,moe_all_reduce_for_e_tp,GPU,251042,251042,0
2,1,sync_3,GPU,251042,251042,0
2,1,sync__set,GPU,251042,251042,0
2,1,sync__,GPU,251042,251042,0
2,1,moe_gather,GPU,251042,251042,0
2,1,sync_for_moe_gather,GPU,251042,251042,0
2,1,sync__set,GPU,251042,251042,0
2,1,sync__,GPU,251042,251042,0
2,1,moe_all_reduce_for_gather,GPU,251042,269369,18327.7
2,1,sync_5,GPU,269369,269369,0
2,1,sync__set,GPU,269369,269369,0
2,1,sync__,GPU,269369,269369,0
2,1,sync_6,GPU,269369,269369,0
2,1,sync__set,GPU,269369,269369,0
2,1,sync__,GPU,269369,269369,0
2,1,residual_2,GPU,269369,269406,36.1589
2,2,MoE_decoder_2,GPU,269406,404108,134703
2,2,input_layer_norm,GPU,269406,269442,36.1589
2,2,attention,GPU,269442,299132,29690.1
2,2,attn_qkv_proj,GPU,269442,275635,6193.22
2,2,Linear,GPU,269442,275635,6193.22
2,2,self_attention,GPU,275635,276670,1035.05
2,2,AttentionSplit,GPU,275635,275635,0
2,2,AttentionSum,Logic,275635,275635,0
2,2,AttentionGen,Logic,275635,276670,1035.05
2,2,AttentionMerge,GPU,276670,276670,0
2,2,attn_o_proj,GPU,276670,280804,4134.17
2,2,Linear,GPU,276670,280804,4134.17
2,2,all_reduce,GPU,280804,299132,18327.7
2,2,residual_1,GPU,299132,299168,36.1589
2,2,post_attn_layer_norm,GPU,299168,299204,36.1589
2,2,expertFFN,GPU,299204,404072,104868
2,2,sync_0,GPU,299204,299204,0
2,2,sync__set,GPU,299204,299204,0
2,2,sync__,GPU,299204,299204,0
2,2,gate_fn,GPU,299204,299252,48.2433
2,2,Linear,GPU,299204,299252,48.2433
2,2,gate_update,GPU,299252,299252,0
2,2,moe_scatter,GPU,299252,299252,0
2,2,sync_for_moe_scatter,GPU,299252,299252,0
2,2,sync__set,GPU,299252,299252,0
2,2,sync__,GPU,299252,299252,0
2,2,moe_route,GPU,299252,299252,0
2,2,expert_FFN_4,GPU,299252,299252,0
2,2,gate_proj,GPU,299252,299252,0
2,2,Linear,Logic,299252,299252,0
2,2,activation,Logic,299252,299252,0
2,2,up_proj,GPU,299252,299252,0
2,2,Linear,Logic,299252,299252,0
2,2,down_proj,GPU,299252,299252,0
2,2,Linear,Logic,299252,299252,0
2,2,expert_FFN_5,GPU,299252,342474,43221.9
2,2,gate_proj,GPU,299252,313656,14403.8
2,2,Linear,Logic,299252,313656,14403.8
2,2,activation,Logic,313656,313667,10.5463
2,2,up_proj,GPU,313667,328071,14403.8
2,2,Linear,Logic,313667,328071,14403.8
2,2,down_proj,GPU,328071,342474,14403.8
2,2,Linear,Logic,328071,342474,14403.8
2,2,sync_2,GPU,342474,385744,43270.2
2,2,sync__set,GPU,342474,342474,0
2,2,sync__,GPU,342474,385744,43270.2
2,2,moe_all_reduce_for_e_tp,GPU,385744,385744,0
2,2,sync_3,GPU,385744,385744,0
2,2,sync__set,GPU,385744,385744,0
2,2,sync__,GPU,385744,385744,0
2,2,moe_gather,GPU,385744,385744,0
2,2,sync_for_moe_gather,GPU,385744,385744,0
2,2,sync__set,GPU,385744,385744,0
2,2,sync__,GPU,385744,385744,0
2,2,moe_all_reduce_for_gather,GPU,385744,404072,18327.7
2,2,sync_5,GPU,404072,404072,0
2,2,sync__set,GPU,404072,404072,0
2,2,sync__,GPU,404072,404072,0
2,2,sync_6,GPU,404072,404072,0
2,2,sync__set,GPU,404072,404072,0
2,2,sync__,GPU,404072,404072,0
2,2,residual_2,GPU,404072,404108,36.1589
2,3,MoE_decoder_3,GPU,404108,538787,134679
2,3,input_layer_norm,GPU,404108,404144,36.1589
2,3,attention,GPU,404144,433835,29690.1
2,3,attn_qkv_proj,GPU,404144,410338,6193.22
2,3,Linear,GPU,404144,410338,6193.22
2,3,self_attention,GPU,410338,411373,1035.05
2,3,AttentionSplit,GPU,410338,410338,0
2,3,AttentionSum,Logic,410338,410338,0
2,3,AttentionGen,Logic,410338,411373,1035.05
2,3,AttentionMerge,GPU,411373,411373,0
2,3,attn_o_proj,GPU,411373,415507,4134.17
2,3,Linear,GPU,411373,415507,4134.17
2,3,all_reduce,GPU,415507,433835,18327.7
2,3,residual_1,GPU,433835,433871,36.1589
2,3,post_attn_layer_norm,GPU,433871,433907,36.1589
2,3,expertFFN,GPU,433907,538751,104844
2,3,sync_0,GPU,433907,433907,0
2,3,sync__set,GPU,433907,433907,0
2,3,sync__,GPU,433907,433907,0
2,3,gate_fn,GPU,433907,433955,48.2433
2,3,Linear,GPU,433907,433955,48.2433
2,3,gate_update,GPU,433955,433955,0
2,3,moe_scatter,GPU,433955,433955,0
2,3,sync_for_moe_scatter,GPU,433955,433955,0
2,3,sync__set,GPU,433955,433955,0
2,3,sync__,GPU,433955,433955,0
2,3,moe_route,GPU,433955,433955,0
2,3,expert_FFN_4,GPU,433955,477177,43221.9
2,3,gate_proj,GPU,433955,448359,14403.8
2,3,Linear,Logic,433955,448359,14403.8
2,3,activation,Logic,448359,448369,10.5463
2,3,up_proj,GPU,448369,462773,14403.8
2,3,Linear,Logic,448369,462773,14403.8
2,3,down_proj,GPU,462773,477177,14403.8
2,3,Linear,Logic,462773,477177,14403.8
2,3,expert_FFN_5,GPU,477177,477177,0
2,3,gate_proj,GPU,477177,477177,0
2,3,Linear,Logic,477177,477177,0
2,3,activation,Logic,477177,477177,0
2,3,up_proj,GPU,477177,477177,0
2,3,Linear,Logic,477177,477177,0
2,3,down_proj,GPU,477177,477177,0
2,3,Linear,Logic,477177,477177,0
2,3,sync_2,GPU,477177,520423,43246
2,3,sync__set,GPU,477177,477177,0
2,3,sync__,GPU,477177,520423,43246
2,3,moe_all_reduce_for_e_tp,GPU,520423,520423,0
2,3,sync_3,GPU,520423,520423,0
2,3,sync__set,GPU,520423,520423,0
2,3,sync__,GPU,520423,520423,0
2,3,moe_gather,GPU,520423,520423,0
2,3,sync_for_moe_gather,GPU,520423,520423,0
2,3,sync__set,GPU,520423,520423,0
2,3,sync__,GPU,520423,520423,0
2,3,moe_all_reduce_for_gather,GPU,520423,538751,18327.7
2,3,sync_5,GPU,538751,538751,0
2,3,sync__set,GPU,538751,538751,0
2,3,sync__,GPU,538751,538751,0
2,3,sync_6,GPU,538751,538751,0
2,3,sync__set,GPU,538751,538751,0
2,3,sync__,GPU,538751,538751,0
2,3,residual_2,GPU,538751,538787,36.1589
2,4,MoE_decoder_4,GPU,538787,673514,134727
2,4,input_layer_norm,GPU,538787,538823,36.1589
2,4,attention,GPU,538823,568513,29690.1
2,4,attn_qkv_proj,GPU,538823,545016,6193.22
2,4,Linear,GPU,538823,545016,6193.22
2,4,self_attention,GPU,545016,546051,1035.05
2,4,AttentionSplit,GPU,545016,545016,0
2,4,AttentionSum,Logic,545016,545016,0
2,4,AttentionGen,Logic,545016,546051,1035.05
2,4,AttentionMerge,GPU,546051,546051,0
2,4,attn_o_proj,GPU,546051,550186,4134.17
2,4,Linear,GPU,546051,550186,4134.17
2,4,all_reduce,GPU,550186,568513,18327.7
2,4,residual_1,GPU,568513,568549,36.1589
2,4,post_attn_layer_norm,GPU,568549,568586,36.1589
2,4,expertFFN,GPU,568586,673478,104892
2,4,sync_0,GPU,568586,568586,0
2,4,sync__set,GPU,568586,568586,0
2,4,sync__,GPU,568586,568586,0
2,4,gate_fn,GPU,568586,568634,48.2433
2,4,Linear,GPU,568586,568634,48.2433
2,4,gate_update,GPU,568634,568634,0
2,4,moe_scatter,GPU,568634,568634,0
2,4,sync_for_moe_scatter,GPU,568634,568634,0
2,4,sync__set,GPU,568634,568634,0
2,4,sync__,GPU,568634,568634,0
2,4,moe_route,GPU,568634,568634,0
2,4,expert_FFN_4,GPU,568634,611904,43270.2
2,4,gate_proj,GPU,568634,583047,14412.8
2,4,Linear,Logic,568634,583047,14412.8
2,4,activation,Logic,583047,583078,31.639
2,4,up_proj,GPU,583078,597491,14412.8
2,4,Linear,Logic,583078,597491,14412.8
2,4,down_proj,GPU,597491,611904,14412.8
2,4,Linear,Logic,597491,611904,14412.8
2,4,expert_FFN_5,GPU,611904,655150,43246
2,4,gate_proj,GPU,611904,626312,14408.3
2,4,Linear,Logic,611904,626312,14408.3
2,4,activation,Logic,626312,626333,21.0927
2,4,up_proj,GPU,626333,640742,14408.3
2,4,Linear,Logic,626333,640742,14408.3
2,4,down_proj,GPU,640742,655150,14408.3
2,4,Linear,Logic,640742,655150,14408.3
2,4,sync_2,GPU,655150,655150,0
2,4,sync__set,GPU,655150,655150,0
2,4,sync__,GPU,655150,655150,0
2,4,moe_all_reduce_for_e_tp,GPU,655150,655150,0
2,4,sync_3,GPU,655150,655150,0
2,4,sync__set,GPU,655150,655150,0
2,4,sync__,GPU,655150,655150,0
2,4,moe_gather,GPU,655150,655150,0
2,4,sync_for_moe_gather,GPU,655150,655150,0
2,4,sync__set,GPU,655150,655150,0
2,4,sync__,GPU,655150,655150,0
2,4,moe_all_reduce_for_gather,GPU,655150,673478,18327.7
2,4,sync_5,GPU,673478,673478,0
2,4,sync__set,GPU,673478,673478,0
2,4,sync__,GPU,673478,673478,0
2,4,sync_6,GPU,673478,673478,0
2,4,sync__set,GPU,673478,673478,0
2,4,sync__,GPU,673478,673478,0
2,4,residual_2,GPU,673478,673514,36.1589
2,5,MoE_decoder_5,GPU,673514,808217,134703
2,5,input_layer_norm,GPU,673514,673550,36.1589
2,5,attention,GPU,673550,703240,29690.1
2,5,attn_qkv_proj,GPU,673550,679743,6193.22
2,5,Linear,GPU,673550,679743,6193.22
2,5,self_attention,GPU,679743,680778,1035.05
2,5,AttentionSplit,GPU,679743,679743,0
2,5,AttentionSum,Logic,679743,679743,0
2,5,AttentionGen,Logic,679743,680778,1035.05
2,5,AttentionMerge,GPU,680778,680778,0
2,5,attn_o_proj,GPU,680778,684912,4134.17
2,5,Linear,GPU,680778,684912,4134.17
2,5,all_reduce,GPU,684912,703240,18327.7
2,5,residual_1,GPU,703240,703276,36.1589
2,5,post_attn_layer_norm,GPU,703276,703312,36.1589
2,5,expertFFN,GPU,703312,808180,104868
2,5,sync_0,GPU,703312,703312,0
2,5,sync__set,GPU,703312,703312,0
2,5,sync__,GPU,703312,703312,0
2,5,gate_fn,GPU,703312,703361,48.2433
2,5,Linear,GPU,703312,703361,48.2433
2,5,gate_update,GPU,703361,703361,0
2,5,moe_scatter,GPU,703361,703361,0
2,5,sync_for_moe_scatter,GPU,703361,703361,0
2,5,sync__set,GPU,703361,703361,0
2,5,sync__,GPU,703361,703361,0
2,5,moe_route,GPU,703361,703361,0
2,5,expert_FFN_4,GPU,703361,703361,0
2,5,gate_proj,GPU,703361,703361,0
2,5,Linear,Logic,703361,703361,0
2,5,activation,Logic,703361,703361,0
2,5,up_proj,GPU,703361,703361,0
2,5,Linear,Logic,703361,703361,0
2,5,down_proj,GPU,703361,703361,0
2,5,Linear,Logic,703361,703361,0
2,5,expert_FFN_5,GPU,703361,746607,43246
2,5,gate_proj,GPU,703361,717769,14408.3
2,5,Linear,Logic,703361,717769,14408.3
2,5,activation,Logic,717769,717790,21.0927
2,5,up_proj,GPU,717790,732198,14408.3
2,5,Linear,Logic,717790,732198,14408.3
2,5,down_proj,GPU,732198,746607,14408.3
2,5,Linear,Logic,732198,746607,14408.3
2,5,sync_2,GPU,746607,789853,43246
2,5,sync__set,GPU,746607,746607,0
2,5,sync__,GPU,746607,789853,43246
2,5,moe_all_reduce_for_e_tp,GPU,789853,789853,0
2,5,sync_3,GPU,789853,789853,0
2,5,sync__set,GPU,789853,789853,0
2,5,sync__,GPU,789853,789853,0
2,5,moe_gather,GPU,789853,789853,0
2,5,sync_for_moe_gather,GPU,789853,789853,0
2,5,sync__set,GPU,789853,789853,0
2,5,sync__,GPU,789853,789853,0
2,5,moe_all_reduce_for_gather,GPU,789853,808180,18327.7
2,5,sync_5,GPU,808180,808180,0
2,5,sync__set,GPU,808180,808180,0
2,5,sync__,GPU,808180,808180,0
2,5,sync_6,GPU,808180,808180,0
2,5,sync__set,GPU,808180,808180,0
2,5,sync__,GPU,808180,808180,0
2,5,residual_2,GPU,808180,808217,36.1589
2,6,MoE_decoder_6,GPU,808217,942895,134679
2,6,input_layer_norm,GPU,808217,808253,36.1589
2,6,attention,GPU,808253,837943,29690.1
2,6,attn_qkv_proj,GPU,808253,814446,6193.22
2,6,Linear,GPU,808253,814446,6193.22
2,6,self_attention,GPU,814446,815481,1035.05
2,6,AttentionSplit,GPU,814446,814446,0
2,6,AttentionSum,Logic,814446,814446,0
2,6,AttentionGen,Logic,814446,815481,1035.05
2,6,AttentionMerge,GPU,815481,815481,0
2,6,attn_o_proj,GPU,815481,819615,4134.17
2,6,Linear,GPU,815481,819615,4134.17
2,6,all_reduce,GPU,819615,837943,18327.7
2,6,residual_1,GPU,837943,837979,36.1589
2,6,post_attn_layer_norm,GPU,837979,838015,36.1589
2,6,expertFFN,GPU,838015,942859,104844
2,6,sync_0,GPU,838015,838015,0
2,6,sync__set,GPU,838015,838015,0
2,6,sync__,GPU,838015,838015,0
2,6,gate_fn,GPU,838015,838063,48.2433
2,6,Linear,GPU,838015,838063,48.2433
2,6,gate_update,GPU,838063,838063,0
2,6,moe_scatter,GPU,838063,838063,0
2,6,sync_for_moe_scatter,GPU,838063,838063,0
2,6,sync__set,GPU,838063,838063,0
2,6,sync__,GPU,838063,838063,0
2,6,moe_route,GPU,838063,838063,0
2,6,expert_FFN_4,GPU,838063,881285,43221.9
2,6,gate_proj,GPU,838063,852467,14403.8
2,6,Linear,Logic,838063,852467,14403.8
2,6,activation,Logic,852467,852478,10.5463
2,6,up_proj,GPU,852478,866882,14403.8
2,6,Linear,Logic,852478,866882,14403.8
2,6,down_proj,GPU,866882,881285,14403.8
2,6,Linear,Logic,866882,881285,14403.8
2,6,expert_FFN_5,GPU,881285,924507,43221.9
2,6,gate_proj,GPU,881285,895689,14403.8
2,6,Linear,Logic,881285,895689,14403.8
2,6,activation,Logic,895689,895700,10.5463
2,6,up_proj,GPU,895700,910103,14403.8
2,6,Linear,Logic,895700,910103,14403.8
2,6,down_proj,GPU,910103,924507,14403.8
2,6,Linear,Logic,910103,924507,14403.8
2,6,sync_2,GPU,924507,924531,24.1059
2,6,sync__set,GPU,924507,924507,0
2,6,sync__,GPU,924507,924531,24.1059
2,6,moe_all_reduce_for_e_tp,GPU,924531,924531,0
2,6,sync_3,GPU,924531,924531,0
2,6,sync__set,GPU,924531,924531,0
2,6,sync__,GPU,924531,924531,0
2,6,moe_gather,GPU,924531,924531,0
2,6,sync_for_moe_gather,GPU,924531,924531,0
2,6,sync__set,GPU,924531,924531,0
2,6,sync__,GPU,924531,924531,0
2,6,moe_all_reduce_for_gather,GPU,924531,942859,18327.7
2,6,sync_5,GPU,942859,942859,0
2,6,sync__set,GPU,942859,942859,0
2,6,sync__,GPU,942859,942859,0
2,6,sync_6,GPU,942859,942859,0
2,6,sync__set,GPU,942859,942859,0
2,6,sync__,GPU,942859,942859,0
2,6,residual_2,GPU,942859,942895,36.1589
2,7,MoE_decoder_7,GPU,942895,1.07755e+06,134655
2,7,input_layer_norm,GPU,942895,942931,36.1589
2,7,attention,GPU,942931,972622,29690.1
2,7,attn_qkv_proj,GPU,942931,949125,6193.22
2,7,Linear,GPU,942931,949125,6193.22
2,7,self_attention,GPU,949125,950160,1035.05
2,7,AttentionSplit,GPU,949125,949125,0
2,7,AttentionSum,Logic,949125,949125,0
2,7,AttentionGen,Logic,949125,950160,1035.05
2,7,AttentionMerge,GPU,950160,950160,0
2,7,attn_o_proj,GPU,950160,954294,4134.17
2,7,Linear,GPU,950160,954294,4134.17
2,7,all_reduce,GPU,954294,972622,18327.7
2,7,residual_1,GPU,972622,972658,36.1589
2,7,post_attn_layer_norm,GPU,972658,972694,36.1589
2,7,expertFFN,GPU,972694,1.07751e+06,104820
2,7,sync_0,GPU,972694,972694,0
2,7,sync__set,GPU,972694,972694,0
2,7,sync__,GPU,972694,972694,0
2,7,gate_fn,GPU,972694,972742,48.2433
2,7,Linear,GPU,972694,972742,48.2433
2,7,gate_update,GPU,972742,972742,0
2,7,moe_scatter,GPU,972742,972742,0
2,7,sync_for_moe_scatter,GPU,972742,972742,0
2,7,sync__set,GPU,972742,972742,0
2,7,sync__,GPU,972742,972742,0
2,7,moe_route,GPU,972742,972742,0
2,7,expert_FFN_4,GPU,972742,1.01596e+06,43221.9
2,7,gate_proj,GPU,972742,987146,14403.8
2,7,Linear,Logic,972742,987146,14403.8
2,7,activation,Logic,987146,987156,10.5463
2,7,up_proj,GPU,987156,1.00156e+06,14403.8
2,7,Linear,Logic,987156,1.00156e+06,14403.8
2,7,down_proj,GPU,1.00156e+06,1.01596e+06,14403.8
2,7,Linear,Logic,1.00156e+06,1.01596e+06,14403.8
2,7,expert_FFN_5,GPU,1.01596e+06,1.05919e+06,43221.9
2,7,gate_proj,GPU,1.01596e+06,1.03037e+06,14403.8
2,7,Linear,Logic,1.01596e+06,1.03037e+06,14403.8
2,7,activation,Logic,1.03037e+06,1.03038e+06,10.5463
2,7,up_proj,GPU,1.03038e+06,1.04478e+06,14403.8
2,7,Linear,Logic,1.03038e+06,1.04478e+06,14403.8
2,7,down_proj,GPU,1.04478e+06,1.05919e+06,14403.8
2,7,Linear,Logic,1.04478e+06,1.05919e+06,14403.8
2,7,sync_2,GPU,1.05919e+06,1.05919e+06,0
2,7,sync__set,GPU,1.05919e+06,1.05919e+06,0
2,7,sync__,GPU,1.05919e+06,1.05919e+06,0
2,7,moe_all_reduce_for_e_tp,GPU,1.05919e+06,1.05919e+06,0
2,7,sync_3,GPU,1.05919e+06,1.05919e+06,0
2,7,sync__set,GPU,1.05919e+06,1.05919e+06,0
2,7,sync__,GPU,1.05919e+06,1.05919e+06,0
2,7,moe_gather,GPU,1.05919e+06,1.05919e+06,0
2,7,sync_for_moe_gather,GPU,1.05919e+06,1.05919e+06,0
2,7,sync__set,GPU,1.05919e+06,1.05919e+06,0
2,7,sync__,GPU,1.05919e+06,1.05919e+06,0
2,7,moe_all_reduce_for_gather,GPU,1.05919e+06,1.07751e+06,18327.7
2,7,sync_5,GPU,1.07751e+06,1.07751e+06,0
2,7,sync__set,GPU,1.07751e+06,1.07751e+06,0
2,7,sync__,GPU,1.07751e+06,1.07751e+06,0
2,7,sync_6,GPU,1.07751e+06,1.07751e+06,0
2,7,sync__set,GPU,1.07751e+06,1.07751e+06,0
2,7,sync__,GPU,1.07751e+06,1.07751e+06,0
2,7,residual_2,GPU,1.07751e+06,1.07755e+06,36.1589
2,8,MoE_decoder_8,GPU,1.07755e+06,1.21223e+06,134679
2,8,input_layer_norm,GPU,1.07755e+06,1.07759e+06,36.1589
2,8,attention,GPU,1.07759e+06,1.10728e+06,29690.1
2,8,attn_qkv_proj,GPU,1.07759e+06,1.08378e+06,6193.22
2,8,Linear,GPU,1.07759e+06,1.08378e+06,6193.22
2,8,self_attention,GPU,1.08378e+06,1.08481e+06,1035.05
2,8,AttentionSplit,GPU,1.08378e+06,1.08378e+06,0
2,8,AttentionSum,Logic,1.08378e+06,1.08378e+06,0
2,8,AttentionGen,Logic,1.08378e+06,1.08481e+06,1035.05
2,8,AttentionMerge,GPU,1.08481e+06,1.08481e+06,0
2,8,attn_o_proj,GPU,1.08481e+06,1.08895e+06,4134.17
2,8,Linear,GPU,1.08481e+06,1.08895e+06,4134.17
2,8,all_reduce,GPU,1.08895e+06,1.10728e+06,18327.7
2,8,residual_1,GPU,1.10728e+06,1.10731e+06,36.1589
2,8,post_attn_layer_norm,GPU,1.10731e+06,1.10735e+06,36.1589
2,8,expertFFN,GPU,1.10735e+06,1.21219e+06,104844
2,8,sync_0,GPU,1.10735e+06,1.10735e+06,0
2,8,sync__set,GPU,1.10735e+06,1.10735e+06,0
2,8,sync__,GPU,1.10735e+06,1.10735e+06,0
2,8,gate_fn,GPU,1.10735e+06,1.1074e+06,48.2433
2,8,Linear,GPU,1.10735e+06,1.1074e+06,48.2433
2,8,gate_update,GPU,1.1074e+06,1.1074e+06,0
2,8,moe_scatter,GPU,1.1074e+06,1.1074e+06,0
2,8,sync_for_moe_scatter,GPU,1.1074e+06,1.1074e+06,0
2,8,sync__set,GPU,1.1074e+06,1.1074e+06,0
2,8,sync__,GPU,1.1074e+06,1.1074e+06,0
2,8,moe_route,GPU,1.1074e+06,1.1074e+06,0
2,8,expert_FFN_4,GPU,1.1074e+06,1.15062e+06,43221.9
2,8,gate_proj,GPU,1.1074e+06,1.1218e+06,14403.8
2,8,Linear,Logic,1.1074e+06,1.1218e+06,14403.8
2,8,activation,Logic,1.1218e+06,1.12181e+06,10.5463
2,8,up_proj,GPU,1.12181e+06,1.13621e+06,14403.8
2,8,Linear,Logic,1.12181e+06,1.13621e+06,14403.8
2,8,down_proj,GPU,1.13621e+06,1.15062e+06,14403.8
2,8,Linear,Logic,1.13621e+06,1.15062e+06,14403.8
2,8,expert_FFN_5,GPU,1.15062e+06,1.19384e+06,43221.9
2,8,gate_proj,GPU,1.15062e+06,1.16502e+06,14403.8
2,8,Linear,Logic,1.15062e+06,1.16502e+06,14403.8
2,8,activation,Logic,1.16502e+06,1.16503e+06,10.5463
2,8,up_proj,GPU,1.16503e+06,1.17944e+06,14403.8
2,8,Linear,Logic,1.16503e+06,1.17944e+06,14403.8
2,8,down_proj,GPU,1.17944e+06,1.19384e+06,14403.8
2,8,Linear,Logic,1.17944e+06,1.19384e+06,14403.8
2,8,sync_2,GPU,1.19384e+06,1.19386e+06,24.1059
2,8,sync__set,GPU,1.19384e+06,1.19384e+06,0
2,8,sync__,GPU,1.19384e+06,1.19386e+06,24.1059
2,8,moe_all_reduce_for_e_tp,GPU,1.19386e+06,1.19386e+06,0
2,8,sync_3,GPU,1.19386e+06,1.19386e+06,0
2,8,sync__set,GPU,1.19386e+06,1.19386e+06,0
2,8,sync__,GPU,1.19386e+06,1.19386e+06,0
2,8,moe_gather,GPU,1.19386e+06,1.19386e+06,0
2,8,sync_for_moe_gather,GPU,1.19386e+06,1.19386e+06,0
2,8,sync__set,GPU,1.19386e+06,1.19386e+06,0
2,8,sync__,GPU,1.19386e+06,1.19386e+06,0
2,8,moe_all_reduce_for_gather,GPU,1.19386e+06,1.21219e+06,18327.7
2,8,sync_5,GPU,1.21219e+06,1.21219e+06,0
2,8,sync__set,GPU,1.21219e+06,1.21219e+06,0
2,8,sync__,GPU,1.21219e+06,1.21219e+06,0
2,8,sync_6,GPU,1.21219e+06,1.21219e+06,0
2,8,sync__set,GPU,1.21219e+06,1.21219e+06,0
2,8,sync__,GPU,1.21219e+06,1.21219e+06,0
2,8,residual_2,GPU,1.21219e+06,1.21223e+06,36.1589
2,9,MoE_decoder_9,GPU,1.21223e+06,1.34691e+06,134679
2,9,input_layer_norm,GPU,1.21223e+06,1.21226e+06,36.1589
2,9,attention,GPU,1.21226e+06,1.24195e+06,29690.1
2,9,attn_qkv_proj,GPU,1.21226e+06,1.21846e+06,6193.22
2,9,Linear,GPU,1.21226e+06,1.21846e+06,6193.22
2,9,self_attention,GPU,1.21846e+06,1.21949e+06,1035.05
2,9,AttentionSplit,GPU,1.21846e+06,1.21846e+06,0
2,9,AttentionSum,Logic,1.21846e+06,1.21846e+06,0
2,9,AttentionGen,Logic,1.21846e+06,1.21949e+06,1035.05
2,9,AttentionMerge,GPU,1.21949e+06,1.21949e+06,0
2,9,attn_o_proj,GPU,1.21949e+06,1.22363e+06,4134.17
2,9,Linear,GPU,1.21949e+06,1.22363e+06,4134.17
2,9,all_reduce,GPU,1.22363e+06,1.24195e+06,18327.7
2,9,residual_1,GPU,1.24195e+06,1.24199e+06,36.1589
2,9,post_attn_layer_norm,GPU,1.24199e+06,1.24203e+06,36.1589
2,9,expertFFN,GPU,1.24203e+06,1.34687e+06,104844
2,9,sync_0,GPU,1.24203e+06,1.24203e+06,0
2,9,sync__set,GPU,1.24203e+06,1.24203e+06,0
2,9,sync__,GPU,1.24203e+06,1.24203e+06,0
2,9,gate_fn,GPU,1.24203e+06,1.24208e+06,48.2433
2,9,Linear,GPU,1.24203e+06,1.24208e+06,48.2433
2,9,gate_update,GPU,1.24208e+06,1.24208e+06,0
2,9,moe_scatter,GPU,1.24208e+06,1.24208e+06,0
2,9,sync_for_moe_scatter,GPU,1.24208e+06,1.24208e+06,0
2,9,sync__set,GPU,1.24208e+06,1.24208e+06,0
2,9,sync__,GPU,1.24208e+06,1.24208e+06,0
2,9,moe_route,GPU,1.24208e+06,1.24208e+06,0
2,9,expert_FFN_4,GPU,1.24208e+06,1.28532e+06,43246
2,9,gate_proj,GPU,1.24208e+06,1.25648e+06,14408.3
2,9,Linear,Logic,1.24208e+06,1.25648e+06,14408.3
2,9,activation,Logic,1.25648e+06,1.2565e+06,21.0927
2,9,up_proj,GPU,1.2565e+06,1.27091e+06,14408.3
2,9,Linear,Logic,1.2565e+06,1.27091e+06,14408.3
2,9,down_proj,GPU,1.27091e+06,1.28532e+06,14408.3
2,9,Linear,Logic,1.27091e+06,1.28532e+06,14408.3
2,9,expert_FFN_5,GPU,1.28532e+06,1.32854e+06,43221.9
2,9,gate_proj,GPU,1.28532e+06,1.29973e+06,14403.8
2,9,Linear,Logic,1.28532e+06,1.29973e+06,14403.8
2,9,activation,Logic,1.29973e+06,1.29974e+06,10.5463
2,9,up_proj,GPU,1.29974e+06,1.31414e+06,14403.8
2,9,Linear,Logic,1.29974e+06,1.31414e+06,14403.8
2,9,down_proj,GPU,1.31414e+06,1.32854e+06,14403.8
2,9,Linear,Logic,1.31414e+06,1.32854e+06,14403.8
2,9,sync_2,GPU,1.32854e+06,1.32854e+06,0
2,9,sync__set,GPU,1.32854e+06,1.32854e+06,0
2,9,sync__,GPU,1.32854e+06,1.32854e+06,0
2,9,moe_all_reduce_for_e_tp,GPU,1.32854e+06,1.32854e+06,0
2,9,sync_3,GPU,1.32854e+06,1.32854e+06,0
2,9,sync__set,GPU,1.32854e+06,1.32854e+06,0
2,9,sync__,GPU,1.32854e+06,1.32854e+06,0
2,9,moe_gather,GPU,1.32854e+06,1.32854e+06,0
2,9,sync_for_moe_gather,GPU,1.32854e+06,1.32854e+06,0
2,9,sync__set,GPU,1.32854e+06,1.32854e+06,0
2,9,sync__,GPU,1.32854e+06,1.32854e+06,0
2,9,moe_all_reduce_for_gather,GPU,1.32854e+06,1.34687e+06,18327.7
2,9,sync_5,GPU,1.34687e+06,1.34687e+06,0
2,9,sync__set,GPU,1.34687e+06,1.34687e+06,0
2,9,sync__,GPU,1.34687e+06,1.34687e+06,0
2,9,sync_6,GPU,1.34687e+06,1.34687e+06,0
2,9,sync__set,GPU,1.34687e+06,1.34687e+06,0
2,9,sync__,GPU,1.34687e+06,1.34687e+06,0
2,9,residual_2,GPU,1.34687e+06,1.34691e+06,36.1589
2,10,MoE_decoder_10,GPU,1.34691e+06,1.48161e+06,134703
2,10,input_layer_norm,GPU,1.34691e+06,1.34694e+06,36.1589
2,10,attention,GPU,1.34694e+06,1.37663e+06,29690.1
2,10,attn_qkv_proj,GPU,1.34694e+06,1.35314e+06,6193.22
2,10,Linear,GPU,1.34694e+06,1.35314e+06,6193.22
2,10,self_attention,GPU,1.35314e+06,1.35417e+06,1035.05
2,10,AttentionSplit,GPU,1.35314e+06,1.35314e+06,0
2,10,AttentionSum,Logic,1.35314e+06,1.35314e+06,0
2,10,AttentionGen,Logic,1.35314e+06,1.35417e+06,1035.05
2,10,AttentionMerge,GPU,1.35417e+06,1.35417e+06,0
2,10,attn_o_proj,GPU,1.35417e+06,1.35831e+06,4134.17
2,10,Linear,GPU,1.35417e+06,1.35831e+06,4134.17
2,10,all_reduce,GPU,1.35831e+06,1.37663e+06,18327.7
2,10,residual_1,GPU,1.37663e+06,1.37667e+06,36.1589
2,10,post_attn_layer_norm,GPU,1.37667e+06,1.37671e+06,36.1589
2,10,expertFFN,GPU,1.37671e+06,1.48157e+06,104868
2,10,sync_0,GPU,1.37671e+06,1.37671e+06,0
2,10,sync__set,GPU,1.37671e+06,1.37671e+06,0
2,10,sync__,GPU,1.37671e+06,1.37671e+06,0
2,10,gate_fn,GPU,1.37671e+06,1.37675e+06,48.2433
2,10,Linear,GPU,1.37671e+06,1.37675e+06,48.2433
2,10,gate_update,GPU,1.37675e+06,1.37675e+06,0
2,10,moe_scatter,GPU,1.37675e+06,1.37675e+06,0
2,10,sync_for_moe_scatter,GPU,1.37675e+06,1.37675e+06,0
2,10,sync__set,GPU,1.37675e+06,1.37675e+06,0
2,10,sync__,GPU,1.37675e+06,1.37675e+06,0
2,10,moe_route,GPU,1.37675e+06,1.37675e+06,0
2,10,expert_FFN_4,GPU,1.37675e+06,1.42002e+06,43270.2
2,10,gate_proj,GPU,1.37675e+06,1.39117e+06,14412.8
2,10,Linear,Logic,1.37675e+06,1.39117e+06,14412.8
2,10,activation,Logic,1.39117e+06,1.3912e+06,31.639
2,10,up_proj,GPU,1.3912e+06,1.40561e+06,14412.8
2,10,Linear,Logic,1.3912e+06,1.40561e+06,14412.8
2,10,down_proj,GPU,1.40561e+06,1.42002e+06,14412.8
2,10,Linear,Logic,1.40561e+06,1.42002e+06,14412.8
2,10,expert_FFN_5,GPU,1.42002e+06,1.46325e+06,43221.9
2,10,gate_proj,GPU,1.42002e+06,1.43443e+06,14403.8
2,10,Linear,Logic,1.42002e+06,1.43443e+06,14403.8
2,10,activation,Logic,1.43443e+06,1.43444e+06,10.5463
2,10,up_proj,GPU,1.43444e+06,1.44884e+06,14403.8
2,10,Linear,Logic,1.43444e+06,1.44884e+06,14403.8
2,10,down_proj,GPU,1.44884e+06,1.46325e+06,14403.8
2,10,Linear,Logic,1.44884e+06,1.46325e+06,14403.8
2,10,sync_2,GPU,1.46325e+06,1.46325e+06,0
2,10,sync__set,GPU,1.46325e+06,1.46325e+06,0
2,10,sync__,GPU,1.46325e+06,1.46325e+06,0
2,10,moe_all_reduce_for_e_tp,GPU,1.46325e+06,1.46325e+06,0
2,10,sync_3,GPU,1.46325e+06,1.46325e+06,0
2,10,sync__set,GPU,1.46325e+06,1.46325e+06,0
2,10,sync__,GPU,1.46325e+06,1.46325e+06,0
2,10,moe_gather,GPU,1.46325e+06,1.46325e+06,0
2,10,sync_for_moe_gather,GPU,1.46325e+06,1.46325e+06,0
2,10,sync__set,GPU,1.46325e+06,1.46325e+06,0
2,10,sync__,GPU,1.46325e+06,1.46325e+06,0
2,10,moe_all_reduce_for_gather,GPU,1.46325e+06,1.48157e+06,18327.7
2,10,sync_5,GPU,1.48157e+06,1.48157e+06,0
2,10,sync__set,GPU,1.48157e+06,1.48157e+06,0
2,10,sync__,GPU,1.48157e+06,1.48157e+06,0
2,10,sync_6,GPU,1.48157e+06,1.48157e+06,0
2,10,sync__set,GPU,1.48157e+06,1.48157e+06,0
2,10,sync__,GPU,1.48157e+06,1.48157e+06,0
2,10,residual_2,GPU,1.48157e+06,1.48161e+06,36.1589
2,11,MoE_decoder_11,GPU,1.48161e+06,1.61629e+06,134679
2,11,input_layer_norm,GPU,1.48161e+06,1.48165e+06,36.1589
2,11,attention,GPU,1.48165e+06,1.51134e+06,29690.1
2,11,attn_qkv_proj,GPU,1.48165e+06,1.48784e+06,6193.22
2,11,Linear,GPU,1.48165e+06,1.48784e+06,6193.22
2,11,self_attention,GPU,1.48784e+06,1.48887e+06,1035.05
2,11,AttentionSplit,GPU,1.48784e+06,1.48784e+06,0
2,11,AttentionSum,Logic,1.48784e+06,1.48784e+06,0
2,11,AttentionGen,Logic,1.48784e+06,1.48887e+06,1035.05
2,11,AttentionMerge,GPU,1.48887e+06,1.48887e+06,0
2,11,attn_o_proj,GPU,1.48887e+06,1.49301e+06,4134.17
2,11,Linear,GPU,1.48887e+06,1.49301e+06,4134.17
2,11,all_reduce,GPU,1.49301e+06,1.51134e+06,18327.7
2,11,residual_1,GPU,1.51134e+06,1.51137e+06,36.1589
2,11,post_attn_layer_norm,GPU,1.51137e+06,1.51141e+06,36.1589
2,11,expertFFN,GPU,1.51141e+06,1.61625e+06,104844
2,11,sync_0,GPU,1.51141e+06,1.51141e+06,0
2,11,sync__set,GPU,1.51141e+06,1.51141e+06,0
2,11,sync__,GPU,1.51141e+06,1.51141e+06,0
2,11,gate_fn,GPU,1.51141e+06,1.51146e+06,48.2433
2,11,Linear,GPU,1.51141e+06,1.51146e+06,48.2433
2,11,gate_update,GPU,1.51146e+06,1.51146e+06,0
2,11,moe_scatter,GPU,1.51146e+06,1.51146e+06,0
2,11,sync_for_moe_scatter,GPU,1.51146e+06,1.51146e+06,0
2,11,sync__set,GPU,1.51146e+06,1.51146e+06,0
2,11,sync__,GPU,1.51146e+06,1.51146e+06,0
2,11,moe_route,GPU,1.51146e+06,1.51146e+06,0
2,11,expert_FFN_4,GPU,1.51146e+06,1.55468e+06,43221.9
2,11,gate_proj,GPU,1.51146e+06,1.52586e+06,14403.8
2,11,Linear,Logic,1.51146e+06,1.52586e+06,14403.8
2,11,activation,Logic,1.52586e+06,1.52587e+06,10.5463
2,11,up_proj,GPU,1.52587e+06,1.54027e+06,14403.8
2,11,Linear,Logic,1.52587e+06,1.54027e+06,14403.8
2,11,down_proj,GPU,1.54027e+06,1.55468e+06,14403.8
2,11,Linear,Logic,1.54027e+06,1.55468e+06,14403.8
2,11,expert_FFN_5,GPU,1.55468e+06,1.59792e+06,43246
2,11,gate_proj,GPU,1.55468e+06,1.56909e+06,14408.3
2,11,Linear,Logic,1.55468e+06,1.56909e+06,14408.3
2,11,activation,Logic,1.56909e+06,1.56911e+06,21.0927
2,11,up_proj,GPU,1.56911e+06,1.58352e+06,14408.3
2,11,Linear,Logic,1.56911e+06,1.58352e+06,14408.3
2,11,down_proj,GPU,1.58352e+06,1.59792e+06,14408.3
2,11,Linear,Logic,1.58352e+06,1.59792e+06,14408.3
2,11,sync_2,GPU,1.59792e+06,1.59792e+06,0
2,11,sync__set,GPU,1.59792e+06,1.59792e+06,0
2,11,sync__,GPU,1.59792e+06,1.59792e+06,0
2,11,moe_all_reduce_for_e_tp,GPU,1.59792e+06,1.59792e+06,0
2,11,sync_3,GPU,1.59792e+06,1.59792e+06,0
2,11,sync__set,GPU,1.59792e+06,1.59792e+06,0
2,11,sync__,GPU,1.59792e+06,1.59792e+06,0
2,11,moe_gather,GPU,1.59792e+06,1.59792e+06,0
2,11,sync_for_moe_gather,GPU,1.59792e+06,1.59792e+06,0
2,11,sync__set,GPU,1.59792e+06,1.59792e+06,0
2,11,sync__,GPU,1.59792e+06,1.59792e+06,0
2,11,moe_all_reduce_for_gather,GPU,1.59792e+06,1.61625e+06,18327.7
2,11,sync_5,GPU,1.61625e+06,1.61625e+06,0
2,11,sync__set,GPU,1.61625e+06,1.61625e+06,0
2,11,sync__,GPU,1.61625e+06,1.61625e+06,0
2,11,sync_6,GPU,1.61625e+06,1.61625e+06,0
2,11,sync__set,GPU,1.61625e+06,1.61625e+06,0
2,11,sync__,GPU,1.61625e+06,1.61625e+06,0
2,11,residual_2,GPU,1.61625e+06,1.61629e+06,36.1589
2,12,MoE_decoder_12,GPU,1.61629e+06,1.75097e+06,134679
2,12,input_layer_norm,GPU,1.61629e+06,1.61632e+06,36.1589
2,12,attention,GPU,1.61632e+06,1.64601e+06,29690.1
2,12,attn_qkv_proj,GPU,1.61632e+06,1.62252e+06,6193.22
2,12,Linear,GPU,1.61632e+06,1.62252e+06,6193.22
2,12,self_attention,GPU,1.62252e+06,1.62355e+06,1035.05
2,12,AttentionSplit,GPU,1.62252e+06,1.62252e+06,0
2,12,AttentionSum,Logic,1.62252e+06,1.62252e+06,0
2,12,AttentionGen,Logic,1.62252e+06,1.62355e+06,1035.05
2,12,AttentionMerge,GPU,1.62355e+06,1.62355e+06,0
2,12,attn_o_proj,GPU,1.62355e+06,1.62769e+06,4134.17
2,12,Linear,GPU,1.62355e+06,1.62769e+06,4134.17
2,12,all_reduce,GPU,1.62769e+06,1.64601e+06,18327.7
2,12,residual_1,GPU,1.64601e+06,1.64605e+06,36.1589
2,12,post_attn_layer_norm,GPU,1.64605e+06,1.64609e+06,36.1589
2,12,expertFFN,GPU,1.64609e+06,1.75093e+06,104844
2,12,sync_0,GPU,1.64609e+06,1.64609e+06,0
2,12,sync__set,GPU,1.64609e+06,1.64609e+06,0
2,12,sync__,GPU,1.64609e+06,1.64609e+06,0
2,12,gate_fn,GPU,1.64609e+06,1.64614e+06,48.2433
2,12,Linear,GPU,1.64609e+06,1.64614e+06,48.2433
2,12,gate_update,GPU,1.64614e+06,1.64614e+06,0
2,12,moe_scatter,GPU,1.64614e+06,1.64614e+06,0
2,12,sync_for_moe_scatter,GPU,1.64614e+06,1.64614e+06,0
2,12,sync__set,GPU,1.64614e+06,1.64614e+06,0
2,12,sync__,GPU,1.64614e+06,1.64614e+06,0
2,12,moe_route,GPU,1.64614e+06,1.64614e+06,0
2,12,expert_FFN_4,GPU,1.64614e+06,1.64614e+06,0
2,12,gate_proj,GPU,1.64614e+06,1.64614e+06,0
2,12,Linear,Logic,1.64614e+06,1.64614e+06,0
2,12,activation,Logic,1.64614e+06,1.64614e+06,0
2,12,up_proj,GPU,1.64614e+06,1.64614e+06,0
2,12,Linear,Logic,1.64614e+06,1.64614e+06,0
2,12,down_proj,GPU,1.64614e+06,1.64614e+06,0
2,12,Linear,Logic,1.64614e+06,1.64614e+06,0
2,12,expert_FFN_5,GPU,1.64614e+06,1.68936e+06,43221.9
2,12,gate_proj,GPU,1.64614e+06,1.66054e+06,14403.8
2,12,Linear,Logic,1.64614e+06,1.66054e+06,14403.8
2,12,activation,Logic,1.66054e+06,1.66055e+06,10.5463
2,12,up_proj,GPU,1.66055e+06,1.67495e+06,14403.8
2,12,Linear,Logic,1.66055e+06,1.67495e+06,14403.8
2,12,down_proj,GPU,1.67495e+06,1.68936e+06,14403.8
2,12,Linear,Logic,1.67495e+06,1.68936e+06,14403.8
2,12,sync_2,GPU,1.68936e+06,1.7326e+06,43246
2,12,sync__set,GPU,1.68936e+06,1.68936e+06,0
2,12,sync__,GPU,1.68936e+06,1.7326e+06,43246
2,12,moe_all_reduce_for_e_tp,GPU,1.7326e+06,1.7326e+06,0
2,12,sync_3,GPU,1.7326e+06,1.7326e+06,0
2,12,sync__set,GPU,1.7326e+06,1.7326e+06,0
2,12,sync__,GPU,1.7326e+06,1.7326e+06,0
2,12,moe_gather,GPU,1.7326e+06,1.7326e+06,0
2,12,sync_for_moe_gather,GPU,1.7326e+06,1.7326e+06,0
2,12,sync__set,GPU,1.7326e+06,1.7326e+06,0
2,12,sync__,GPU,1.7326e+06,1.7326e+06,0
2,12,moe_all_reduce_for_gather,GPU,1.7326e+06,1.75093e+06,18327.7
2,12,sync_5,GPU,1.75093e+06,1.75093e+06,0
2,12,sync__set,GPU,1.75093e+06,1.75093e+06,0
2,12,sync__,GPU,1.75093e+06,1.75093e+06,0
2,12,sync_6,GPU,1.75093e+06,1.75093e+06,0
2,12,sync__set,GPU,1.75093e+06,1.75093e+06,0
2,12,sync__,GPU,1.75093e+06,1.75093e+06,0
2,12,residual_2,GPU,1.75093e+06,1.75097e+06,36.1589
2,13,MoE_decoder_13,GPU,1.75097e+06,1.88567e+06,134703
2,13,input_layer_norm,GPU,1.75097e+06,1.751e+06,36.1589
2,13,attention,GPU,1.751e+06,1.78069e+06,29690.1
2,13,attn_qkv_proj,GPU,1.751e+06,1.7572e+06,6193.22
2,13,Linear,GPU,1.751e+06,1.7572e+06,6193.22
2,13,self_attention,GPU,1.7572e+06,1.75823e+06,1035.05
2,13,AttentionSplit,GPU,1.7572e+06,1.7572e+06,0
2,13,AttentionSum,Logic,1.7572e+06,1.7572e+06,0
2,13,AttentionGen,Logic,1.7572e+06,1.75823e+06,1035.05
2,13,AttentionMerge,GPU,1.75823e+06,1.75823e+06,0
2,13,attn_o_proj,GPU,1.75823e+06,1.76237e+06,4134.17
2,13,Linear,GPU,1.75823e+06,1.76237e+06,4134.17
2,13,all_reduce,GPU,1.76237e+06,1.78069e+06,18327.7
2,13,residual_1,GPU,1.78069e+06,1.78073e+06,36.1589
2,13,post_attn_layer_norm,GPU,1.78073e+06,1.78077e+06,36.1589
2,13,expertFFN,GPU,1.78077e+06,1.88563e+06,104868
2,13,sync_0,GPU,1.78077e+06,1.78077e+06,0
2,13,sync__set,GPU,1.78077e+06,1.78077e+06,0
2,13,sync__,GPU,1.78077e+06,1.78077e+06,0
2,13,gate_fn,GPU,1.78077e+06,1.78081e+06,48.2433
2,13,Linear,GPU,1.78077e+06,1.78081e+06,48.2433
2,13,gate_update,GPU,1.78081e+06,1.78081e+06,0
2,13,moe_scatter,GPU,1.78081e+06,1.78081e+06,0
2,13,sync_for_moe_scatter,GPU,1.78081e+06,1.78081e+06,0
2,13,sync__set,GPU,1.78081e+06,1.78081e+06,0
2,13,sync__,GPU,1.78081e+06,1.78081e+06,0
2,13,moe_route,GPU,1.78081e+06,1.78081e+06,0
2,13,expert_FFN_4,GPU,1.78081e+06,1.78081e+06,0
2,13,gate_proj,GPU,1.78081e+06,1.78081e+06,0
2,13,Linear,Logic,1.78081e+06,1.78081e+06,0
2,13,activation,Logic,1.78081e+06,1.78081e+06,0
2,13,up_proj,GPU,1.78081e+06,1.78081e+06,0
2,13,Linear,Logic,1.78081e+06,1.78081e+06,0
2,13,down_proj,GPU,1.78081e+06,1.78081e+06,0
2,13,Linear,Logic,1.78081e+06,1.78081e+06,0
2,13,expert_FFN_5,GPU,1.78081e+06,1.82404e+06,43221.9
2,13,gate_proj,GPU,1.78081e+06,1.79522e+06,14403.8
2,13,Linear,Logic,1.78081e+06,1.79522e+06,14403.8
2,13,activation,Logic,1.79522e+06,1.79523e+06,10.5463
2,13,up_proj,GPU,1.79523e+06,1.80963e+06,14403.8
2,13,Linear,Logic,1.79523e+06,1.80963e+06,14403.8
2,13,down_proj,GPU,1.80963e+06,1.82404e+06,14403.8
2,13,Linear,Logic,1.80963e+06,1.82404e+06,14403.8
2,13,sync_2,GPU,1.82404e+06,1.86731e+06,43270.2
2,13,sync__set,GPU,1.82404e+06,1.82404e+06,0
2,13,sync__,GPU,1.82404e+06,1.86731e+06,43270.2
2,13,moe_all_reduce_for_e_tp,GPU,1.86731e+06,1.86731e+06,0
2,13,sync_3,GPU,1.86731e+06,1.86731e+06,0
2,13,sync__set,GPU,1.86731e+06,1.86731e+06,0
2,13,sync__,GPU,1.86731e+06,1.86731e+06,0
2,13,moe_gather,GPU,1.86731e+06,1.86731e+06,0
2,13,sync_for_moe_gather,GPU,1.86731e+06,1.86731e+06,0
2,13,sync__set,GPU,1.86731e+06,1.86731e+06,0
2,13,sync__,GPU,1.86731e+06,1.86731e+06,0
2,13,moe_all_reduce_for_gather,GPU,1.86731e+06,1.88563e+06,18327.7
2,13,sync_5,GPU,1.88563e+06,1.88563e+06,0
2,13,sync__set,GPU,1.88563e+06,1.88563e+06,0
2,13,sync__,GPU,1.88563e+06,1.88563e+06,0
2,13,sync_6,GPU,1.88563e+06,1.88563e+06,0
2,13,sync__set,GPU,1.88563e+06,1.88563e+06,0
2,13,sync__,GPU,1.88563e+06,1.88563e+06,0
2,13,residual_2,GPU,1.88563e+06,1.88567e+06,36.1589
2,14,MoE_decoder_14,GPU,1.88567e+06,2.02035e+06,134679
2,14,input_layer_norm,GPU,1.88567e+06,1.88571e+06,36.1589
2,14,attention,GPU,1.88571e+06,1.9154e+06,29690.1
2,14,attn_qkv_proj,GPU,1.88571e+06,1.8919e+06,6193.22
2,14,Linear,GPU,1.88571e+06,1.8919e+06,6193.22
2,14,self_attention,GPU,1.8919e+06,1.89293e+06,1035.05
2,14,AttentionSplit,GPU,1.8919e+06,1.8919e+06,0
2,14,AttentionSum,Logic,1.8919e+06,1.8919e+06,0
2,14,AttentionGen,Logic,1.8919e+06,1.89293e+06,1035.05
2,14,AttentionMerge,GPU,1.89293e+06,1.89293e+06,0
2,14,attn_o_proj,GPU,1.89293e+06,1.89707e+06,4134.17
2,14,Linear,GPU,1.89293e+06,1.89707e+06,4134.17
2,14,all_reduce,GPU,1.89707e+06,1.9154e+06,18327.7
2,14,residual_1,GPU,1.9154e+06,1.91543e+06,36.1589
2,14,post_attn_layer_norm,GPU,1.91543e+06,1.91547e+06,36.1589
2,14,expertFFN,GPU,1.91547e+06,2.02031e+06,104844
2,14,sync_0,GPU,1.91547e+06,1.91547e+06,0
2,14,sync__set,GPU,1.91547e+06,1.91547e+06,0
2,14,sync__,GPU,1.91547e+06,1.91547e+06,0
2,14,gate_fn,GPU,1.91547e+06,1.91552e+06,48.2433
2,14,Linear,GPU,1.91547e+06,1.91552e+06,48.2433
2,14,gate_update,GPU,1.91552e+06,1.91552e+06,0
2,14,moe_scatter,GPU,1.91552e+06,1.91552e+06,0
2,14,sync_for_moe_scatter,GPU,1.91552e+06,1.91552e+06,0
2,14,sync__set,GPU,1.91552e+06,1.91552e+06,0
2,14,sync__,GPU,1.91552e+06,1.91552e+06,0
2,14,moe_route,GPU,1.91552e+06,1.91552e+06,0
2,14,expert_FFN_4,GPU,1.91552e+06,1.95874e+06,43221.9
2,14,gate_proj,GPU,1.91552e+06,1.92992e+06,14403.8
2,14,Linear,Logic,1.91552e+06,1.92992e+06,14403.8
2,14,activation,Logic,1.92992e+06,1.92993e+06,10.5463
2,14,up_proj,GPU,1.92993e+06,1.94433e+06,14403.8
2,14,Linear,Logic,1.92993e+06,1.94433e+06,14403.8
2,14,down_proj,GPU,1.94433e+06,1.95874e+06,14403.8
2,14,Linear,Logic,1.94433e+06,1.95874e+06,14403.8
2,14,expert_FFN_5,GPU,1.95874e+06,2.00196e+06,43221.9
2,14,gate_proj,GPU,1.95874e+06,1.97314e+06,14403.8
2,14,Linear,Logic,1.95874e+06,1.97314e+06,14403.8
2,14,activation,Logic,1.97314e+06,1.97315e+06,10.5463
2,14,up_proj,GPU,1.97315e+06,1.98756e+06,14403.8
2,14,Linear,Logic,1.97315e+06,1.98756e+06,14403.8
2,14,down_proj,GPU,1.98756e+06,2.00196e+06,14403.8
2,14,Linear,Logic,1.98756e+06,2.00196e+06,14403.8
2,14,sync_2,GPU,2.00196e+06,2.00198e+06,24.1059
2,14,sync__set,GPU,2.00196e+06,2.00196e+06,0
2,14,sync__,GPU,2.00196e+06,2.00198e+06,24.1059
2,14,moe_all_reduce_for_e_tp,GPU,2.00198e+06,2.00198e+06,0
2,14,sync_3,GPU,2.00198e+06,2.00198e+06,0
2,14,sync__set,GPU,2.00198e+06,2.00198e+06,0
2,14,sync__,GPU,2.00198e+06,2.00198e+06,0
2,14,moe_gather,GPU,2.00198e+06,2.00198e+06,0
2,14,sync_for_moe_gather,GPU,2.00198e+06,2.00198e+06,0
2,14,sync__set,GPU,2.00198e+06,2.00198e+06,0
2,14,sync__,GPU,2.00198e+06,2.00198e+06,0
2,14,moe_all_reduce_for_gather,GPU,2.00198e+06,2.02031e+06,18327.7
2,14,sync_5,GPU,2.02031e+06,2.02031e+06,0
2,14,sync__set,GPU,2.02031e+06,2.02031e+06,0
2,14,sync__,GPU,2.02031e+06,2.02031e+06,0
2,14,sync_6,GPU,2.02031e+06,2.02031e+06,0
2,14,sync__set,GPU,2.02031e+06,2.02031e+06,0
2,14,sync__,GPU,2.02031e+06,2.02031e+06,0
2,14,residual_2,GPU,2.02031e+06,2.02035e+06,36.1589
2,15,MoE_decoder_15,GPU,2.02035e+06,2.155e+06,134655
2,15,input_layer_norm,GPU,2.02035e+06,2.02038e+06,36.1589
2,15,attention,GPU,2.02038e+06,2.05007e+06,29690.1
2,15,attn_qkv_proj,GPU,2.02038e+06,2.02658e+06,6193.22
2,15,Linear,GPU,2.02038e+06,2.02658e+06,6193.22
2,15,self_attention,GPU,2.02658e+06,2.02761e+06,1035.05
2,15,AttentionSplit,GPU,2.02658e+06,2.02658e+06,0
2,15,AttentionSum,Logic,2.02658e+06,2.02658e+06,0
2,15,AttentionGen,Logic,2.02658e+06,2.02761e+06,1035.05
2,15,AttentionMerge,GPU,2.02761e+06,2.02761e+06,0
2,15,attn_o_proj,GPU,2.02761e+06,2.03175e+06,4134.17
2,15,Linear,GPU,2.02761e+06,2.03175e+06,4134.17
2,15,all_reduce,GPU,2.03175e+06,2.05007e+06,18327.7
2,15,residual_1,GPU,2.05007e+06,2.05011e+06,36.1589
2,15,post_attn_layer_norm,GPU,2.05011e+06,2.05015e+06,36.1589
2,15,expertFFN,GPU,2.05015e+06,2.15497e+06,104820
2,15,sync_0,GPU,2.05015e+06,2.05015e+06,0
2,15,sync__set,GPU,2.05015e+06,2.05015e+06,0
2,15,sync__,GPU,2.05015e+06,2.05015e+06,0
2,15,gate_fn,GPU,2.05015e+06,2.0502e+06,48.2433
2,15,Linear,GPU,2.05015e+06,2.0502e+06,48.2433
2,15,gate_update,GPU,2.0502e+06,2.0502e+06,0
2,15,moe_scatter,GPU,2.0502e+06,2.0502e+06,0
2,15,sync_for_moe_scatter,GPU,2.0502e+06,2.0502e+06,0
2,15,sync__set,GPU,2.0502e+06,2.0502e+06,0
2,15,sync__,GPU,2.0502e+06,2.0502e+06,0
2,15,moe_route,GPU,2.0502e+06,2.0502e+06,0
2,15,expert_FFN_4,GPU,2.0502e+06,2.09342e+06,43221.9
2,15,gate_proj,GPU,2.0502e+06,2.0646e+06,14403.8
2,15,Linear,Logic,2.0502e+06,2.0646e+06,14403.8
2,15,activation,Logic,2.0646e+06,2.06461e+06,10.5463
2,15,up_proj,GPU,2.06461e+06,2.07901e+06,14403.8
2,15,Linear,Logic,2.06461e+06,2.07901e+06,14403.8
2,15,down_proj,GPU,2.07901e+06,2.09342e+06,14403.8
2,15,Linear,Logic,2.07901e+06,2.09342e+06,14403.8
2,15,expert_FFN_5,GPU,2.09342e+06,2.09342e+06,0
2,15,gate_proj,GPU,2.09342e+06,2.09342e+06,0
2,15,Linear,Logic,2.09342e+06,2.09342e+06,0
2,15,activation,Logic,2.09342e+06,2.09342e+06,0
2,15,up_proj,GPU,2.09342e+06,2.09342e+06,0
2,15,Linear,Logic,2.09342e+06,2.09342e+06,0
2,15,down_proj,GPU,2.09342e+06,2.09342e+06,0
2,15,Linear,Logic,2.09342e+06,2.09342e+06,0
2,15,sync_2,GPU,2.09342e+06,2.13664e+06,43221.9
2,15,sync__set,GPU,2.09342e+06,2.09342e+06,0
2,15,sync__,GPU,2.09342e+06,2.13664e+06,43221.9
2,15,moe_all_reduce_for_e_tp,GPU,2.13664e+06,2.13664e+06,0
2,15,sync_3,GPU,2.13664e+06,2.13664e+06,0
2,15,sync__set,GPU,2.13664e+06,2.13664e+06,0
2,15,sync__,GPU,2.13664e+06,2.13664e+06,0
2,15,moe_gather,GPU,2.13664e+06,2.13664e+06,0
2,15,sync_for_moe_gather,GPU,2.13664e+06,2.13664e+06,0
2,15,sync__set,GPU,2.13664e+06,2.13664e+06,0
2,15,sync__,GPU,2.13664e+06,2.13664e+06,0
2,15,moe_all_reduce_for_gather,GPU,2.13664e+06,2.15497e+06,18327.7
2,15,sync_5,GPU,2.15497e+06,2.15497e+06,0
2,15,sync__set,GPU,2.15497e+06,2.15497e+06,0
2,15,sync__,GPU,2.15497e+06,2.15497e+06,0
2,15,sync_6,GPU,2.15497e+06,2.15497e+06,0
2,15,sync__set,GPU,2.15497e+06,2.15497e+06,0
2,15,sync__,GPU,2.15497e+06,2.15497e+06,0
2,15,residual_2,GPU,2.15497e+06,2.155e+06,36.1589
2,16,MoE_decoder_16,GPU,2.155e+06,2.28968e+06,134679
2,16,input_layer_norm,GPU,2.155e+06,2.15504e+06,36.1589
2,16,attention,GPU,2.15504e+06,2.18473e+06,29690.1
2,16,attn_qkv_proj,GPU,2.15504e+06,2.16123e+06,6193.22
2,16,Linear,GPU,2.15504e+06,2.16123e+06,6193.22
2,16,self_attention,GPU,2.16123e+06,2.16227e+06,1035.05
2,16,AttentionSplit,GPU,2.16123e+06,2.16123e+06,0
2,16,AttentionSum,Logic,2.16123e+06,2.16123e+06,0
2,16,AttentionGen,Logic,2.16123e+06,2.16227e+06,1035.05
2,16,AttentionMerge,GPU,2.16227e+06,2.16227e+06,0
2,16,attn_o_proj,GPU,2.16227e+06,2.1664e+06,4134.17
2,16,Linear,GPU,2.16227e+06,2.1664e+06,4134.17
2,16,all_reduce,GPU,2.1664e+06,2.18473e+06,18327.7
2,16,residual_1,GPU,2.18473e+06,2.18477e+06,36.1589
2,16,post_attn_layer_norm,GPU,2.18477e+06,2.1848e+06,36.1589
2,16,expertFFN,GPU,2.1848e+06,2.28965e+06,104844
2,16,sync_0,GPU,2.1848e+06,2.1848e+06,0
2,16,sync__set,GPU,2.1848e+06,2.1848e+06,0
2,16,sync__,GPU,2.1848e+06,2.1848e+06,0
2,16,gate_fn,GPU,2.1848e+06,2.18485e+06,48.2433
2,16,Linear,GPU,2.1848e+06,2.18485e+06,48.2433
2,16,gate_update,GPU,2.18485e+06,2.18485e+06,0
2,16,moe_scatter,GPU,2.18485e+06,2.18485e+06,0
2,16,sync_for_moe_scatter,GPU,2.18485e+06,2.18485e+06,0
2,16,sync__set,GPU,2.18485e+06,2.18485e+06,0
2,16,sync__,GPU,2.18485e+06,2.18485e+06,0
2,16,moe_route,GPU,2.18485e+06,2.18485e+06,0
2,16,expert_FFN_4,GPU,2.18485e+06,2.2281e+06,43246
2,16,gate_proj,GPU,2.18485e+06,2.19926e+06,14408.3
2,16,Linear,Logic,2.18485e+06,2.19926e+06,14408.3
2,16,activation,Logic,2.19926e+06,2.19928e+06,21.0927
2,16,up_proj,GPU,2.19928e+06,2.21369e+06,14408.3
2,16,Linear,Logic,2.19928e+06,2.21369e+06,14408.3
2,16,down_proj,GPU,2.21369e+06,2.2281e+06,14408.3
2,16,Linear,Logic,2.21369e+06,2.2281e+06,14408.3
2,16,expert_FFN_5,GPU,2.2281e+06,2.27132e+06,43221.9
2,16,gate_proj,GPU,2.2281e+06,2.2425e+06,14403.8
2,16,Linear,Logic,2.2281e+06,2.2425e+06,14403.8
2,16,activation,Logic,2.2425e+06,2.24251e+06,10.5463
2,16,up_proj,GPU,2.24251e+06,2.25691e+06,14403.8
2,16,Linear,Logic,2.24251e+06,2.25691e+06,14403.8
2,16,down_proj,GPU,2.25691e+06,2.27132e+06,14403.8
2,16,Linear,Logic,2.25691e+06,2.27132e+06,14403.8
2,16,sync_2,GPU,2.27132e+06,2.27132e+06,0
2,16,sync__set,GPU,2.27132e+06,2.27132e+06,0
2,16,sync__,GPU,2.27132e+06,2.27132e+06,0
2,16,moe_all_reduce_for_e_tp,GPU,2.27132e+06,2.27132e+06,0
2,16,sync_3,GPU,2.27132e+06,2.27132e+06,0
2,16,sync__set,GPU,2.27132e+06,2.27132e+06,0
2,16,sync__,GPU,2.27132e+06,2.27132e+06,0
2,16,moe_gather,GPU,2.27132e+06,2.27132e+06,0
2,16,sync_for_moe_gather,GPU,2.27132e+06,2.27132e+06,0
2,16,sync__set,GPU,2.27132e+06,2.27132e+06,0
2,16,sync__,GPU,2.27132e+06,2.27132e+06,0
2,16,moe_all_reduce_for_gather,GPU,2.27132e+06,2.28965e+06,18327.7
2,16,sync_5,GPU,2.28965e+06,2.28965e+06,0
2,16,sync__set,GPU,2.28965e+06,2.28965e+06,0
2,16,sync__,GPU,2.28965e+06,2.28965e+06,0
2,16,sync_6,GPU,2.28965e+06,2.28965e+06,0
2,16,sync__set,GPU,2.28965e+06,2.28965e+06,0
2,16,sync__,GPU,2.28965e+06,2.28965e+06,0
2,16,residual_2,GPU,2.28965e+06,2.28968e+06,36.1589
2,17,MoE_decoder_17,GPU,2.28968e+06,2.42436e+06,134679
2,17,input_layer_norm,GPU,2.28968e+06,2.28972e+06,36.1589
2,17,attention,GPU,2.28972e+06,2.31941e+06,29690.1
2,17,attn_qkv_proj,GPU,2.28972e+06,2.29591e+06,6193.22
2,17,Linear,GPU,2.28972e+06,2.29591e+06,6193.22
2,17,self_attention,GPU,2.29591e+06,2.29695e+06,1035.05
2,17,AttentionSplit,GPU,2.29591e+06,2.29591e+06,0
2,17,AttentionSum,Logic,2.29591e+06,2.29591e+06,0
2,17,AttentionGen,Logic,2.29591e+06,2.29695e+06,1035.05
2,17,AttentionMerge,GPU,2.29695e+06,2.29695e+06,0
2,17,attn_o_proj,GPU,2.29695e+06,2.30108e+06,4134.17
2,17,Linear,GPU,2.29695e+06,2.30108e+06,4134.17
2,17,all_reduce,GPU,2.30108e+06,2.31941e+06,18327.7
2,17,residual_1,GPU,2.31941e+06,2.31944e+06,36.1589
2,17,post_attn_layer_norm,GPU,2.31944e+06,2.31948e+06,36.1589
2,17,expertFFN,GPU,2.31948e+06,2.42432e+06,104844
2,17,sync_0,GPU,2.31948e+06,2.31948e+06,0
2,17,sync__set,GPU,2.31948e+06,2.31948e+06,0
2,17,sync__,GPU,2.31948e+06,2.31948e+06,0
2,17,gate_fn,GPU,2.31948e+06,2.31953e+06,48.2433
2,17,Linear,GPU,2.31948e+06,2.31953e+06,48.2433
2,17,gate_update,GPU,2.31953e+06,2.31953e+06,0
2,17,moe_scatter,GPU,2.31953e+06,2.31953e+06,0
2,17,sync_for_moe_scatter,GPU,2.31953e+06,2.31953e+06,0
2,17,sync__set,GPU,2.31953e+06,2.31953e+06,0
2,17,sync__,GPU,2.31953e+06,2.31953e+06,0
2,17,moe_route,GPU,2.31953e+06,2.31953e+06,0
2,17,expert_FFN_4,GPU,2.31953e+06,2.36277e+06,43246
2,17,gate_proj,GPU,2.31953e+06,2.33394e+06,14408.3
2,17,Linear,Logic,2.31953e+06,2.33394e+06,14408.3
2,17,activation,Logic,2.33394e+06,2.33396e+06,21.0927
2,17,up_proj,GPU,2.33396e+06,2.34837e+06,14408.3
2,17,Linear,Logic,2.33396e+06,2.34837e+06,14408.3
2,17,down_proj,GPU,2.34837e+06,2.36277e+06,14408.3
2,17,Linear,Logic,2.34837e+06,2.36277e+06,14408.3
2,17,expert_FFN_5,GPU,2.36277e+06,2.36277e+06,0
2,17,gate_proj,GPU,2.36277e+06,2.36277e+06,0
2,17,Linear,Logic,2.36277e+06,2.36277e+06,0
2,17,activation,Logic,2.36277e+06,2.36277e+06,0
2,17,up_proj,GPU,2.36277e+06,2.36277e+06,0
2,17,Linear,Logic,2.36277e+06,2.36277e+06,0
2,17,down_proj,GPU,2.36277e+06,2.36277e+06,0
2,17,Linear,Logic,2.36277e+06,2.36277e+06,0
2,17,sync_2,GPU,2.36277e+06,2.406e+06,43221.9
2,17,sync__set,GPU,2.36277e+06,2.36277e+06,0
2,17,sync__,GPU,2.36277e+06,2.406e+06,43221.9
2,17,moe_all_reduce_for_e_tp,GPU,2.406e+06,2.406e+06,0
2,17,sync_3,GPU,2.406e+06,2.406e+06,0
2,17,sync__set,GPU,2.406e+06,2.406e+06,0
2,17,sync__,GPU,2.406e+06,2.406e+06,0
2,17,moe_gather,GPU,2.406e+06,2.406e+06,0
2,17,sync_for_moe_gather,GPU,2.406e+06,2.406e+06,0
2,17,sync__set,GPU,2.406e+06,2.406e+06,0
2,17,sync__,GPU,2.406e+06,2.406e+06,0
2,17,moe_all_reduce_for_gather,GPU,2.406e+06,2.42432e+06,18327.7
2,17,sync_5,GPU,2.42432e+06,2.42432e+06,0
2,17,sync__set,GPU,2.42432e+06,2.42432e+06,0
2,17,sync__,GPU,2.42432e+06,2.42432e+06,0
2,17,sync_6,GPU,2.42432e+06,2.42432e+06,0
2,17,sync__set,GPU,2.42432e+06,2.42432e+06,0
2,17,sync__,GPU,2.42432e+06,2.42432e+06,0
2,17,residual_2,GPU,2.42432e+06,2.42436e+06,36.1589
2,18,MoE_decoder_18,GPU,2.42436e+06,2.55906e+06,134703
2,18,input_layer_norm,GPU,2.42436e+06,2.4244e+06,36.1589
2,18,attention,GPU,2.4244e+06,2.45409e+06,29690.1
2,18,attn_qkv_proj,GPU,2.4244e+06,2.43059e+06,6193.22
2,18,Linear,GPU,2.4244e+06,2.43059e+06,6193.22
2,18,self_attention,GPU,2.43059e+06,2.43162e+06,1035.05
2,18,AttentionSplit,GPU,2.43059e+06,2.43059e+06,0
2,18,AttentionSum,Logic,2.43059e+06,2.43059e+06,0
2,18,AttentionGen,Logic,2.43059e+06,2.43162e+06,1035.05
2,18,AttentionMerge,GPU,2.43162e+06,2.43162e+06,0
2,18,attn_o_proj,GPU,2.43162e+06,2.43576e+06,4134.17
2,18,Linear,GPU,2.43162e+06,2.43576e+06,4134.17
2,18,all_reduce,GPU,2.43576e+06,2.45409e+06,18327.7
2,18,residual_1,GPU,2.45409e+06,2.45412e+06,36.1589
2,18,post_attn_layer_norm,GPU,2.45412e+06,2.45416e+06,36.1589
2,18,expertFFN,GPU,2.45416e+06,2.55903e+06,104868
2,18,sync_0,GPU,2.45416e+06,2.45416e+06,0
2,18,sync__set,GPU,2.45416e+06,2.45416e+06,0
2,18,sync__,GPU,2.45416e+06,2.45416e+06,0
2,18,gate_fn,GPU,2.45416e+06,2.45421e+06,48.2433
2,18,Linear,GPU,2.45416e+06,2.45421e+06,48.2433
2,18,gate_update,GPU,2.45421e+06,2.45421e+06,0
2,18,moe_scatter,GPU,2.45421e+06,2.45421e+06,0
2,18,sync_for_moe_scatter,GPU,2.45421e+06,2.45421e+06,0
2,18,sync__set,GPU,2.45421e+06,2.45421e+06,0
2,18,sync__,GPU,2.45421e+06,2.45421e+06,0
2,18,moe_route,GPU,2.45421e+06,2.45421e+06,0
2,18,expert_FFN_4,GPU,2.45421e+06,2.49745e+06,43246
2,18,gate_proj,GPU,2.45421e+06,2.46862e+06,14408.3
2,18,Linear,Logic,2.45421e+06,2.46862e+06,14408.3
2,18,activation,Logic,2.46862e+06,2.46864e+06,21.0927
2,18,up_proj,GPU,2.46864e+06,2.48305e+06,14408.3
2,18,Linear,Logic,2.46864e+06,2.48305e+06,14408.3
2,18,down_proj,GPU,2.48305e+06,2.49745e+06,14408.3
2,18,Linear,Logic,2.48305e+06,2.49745e+06,14408.3
2,18,expert_FFN_5,GPU,2.49745e+06,2.54068e+06,43221.9
2,18,gate_proj,GPU,2.49745e+06,2.51186e+06,14403.8
2,18,Linear,Logic,2.49745e+06,2.51186e+06,14403.8
2,18,activation,Logic,2.51186e+06,2.51187e+06,10.5463
2,18,up_proj,GPU,2.51187e+06,2.52627e+06,14403.8
2,18,Linear,Logic,2.51187e+06,2.52627e+06,14403.8
2,18,down_proj,GPU,2.52627e+06,2.54068e+06,14403.8
2,18,Linear,Logic,2.52627e+06,2.54068e+06,14403.8
2,18,sync_2,GPU,2.54068e+06,2.5407e+06,24.1059
2,18,sync__set,GPU,2.54068e+06,2.54068e+06,0
2,18,sync__,GPU,2.54068e+06,2.5407e+06,24.1059
2,18,moe_all_reduce_for_e_tp,GPU,2.5407e+06,2.5407e+06,0
2,18,sync_3,GPU,2.5407e+06,2.5407e+06,0
2,18,sync__set,GPU,2.5407e+06,2.5407e+06,0
2,18,sync__,GPU,2.5407e+06,2.5407e+06,0
2,18,moe_gather,GPU,2.5407e+06,2.5407e+06,0
2,18,sync_for_moe_gather,GPU,2.5407e+06,2.5407e+06,0
2,18,sync__set,GPU,2.5407e+06,2.5407e+06,0
2,18,sync__,GPU,2.5407e+06,2.5407e+06,0
2,18,moe_all_reduce_for_gather,GPU,2.5407e+06,2.55903e+06,18327.7
2,18,sync_5,GPU,2.55903e+06,2.55903e+06,0
2,18,sync__set,GPU,2.55903e+06,2.55903e+06,0
2,18,sync__,GPU,2.55903e+06,2.55903e+06,0
2,18,sync_6,GPU,2.55903e+06,2.55903e+06,0
2,18,sync__set,GPU,2.55903e+06,2.55903e+06,0
2,18,sync__,GPU,2.55903e+06,2.55903e+06,0
2,18,residual_2,GPU,2.55903e+06,2.55906e+06,36.1589
2,19,MoE_decoder_19,GPU,2.55906e+06,2.65054e+06,91480.8
2,19,input_layer_norm,GPU,2.55906e+06,2.5591e+06,36.1589
2,19,attention,GPU,2.5591e+06,2.58879e+06,29690.1
2,19,attn_qkv_proj,GPU,2.5591e+06,2.56529e+06,6193.22
2,19,Linear,GPU,2.5591e+06,2.56529e+06,6193.22
2,19,self_attention,GPU,2.56529e+06,2.56633e+06,1035.05
2,19,AttentionSplit,GPU,2.56529e+06,2.56529e+06,0
2,19,AttentionSum,Logic,2.56529e+06,2.56529e+06,0
2,19,AttentionGen,Logic,2.56529e+06,2.56633e+06,1035.05
2,19,AttentionMerge,GPU,2.56633e+06,2.56633e+06,0
2,19,attn_o_proj,GPU,2.56633e+06,2.57046e+06,4134.17
2,19,Linear,GPU,2.56633e+06,2.57046e+06,4134.17
2,19,all_reduce,GPU,2.57046e+06,2.58879e+06,18327.7
2,19,residual_1,GPU,2.58879e+06,2.58883e+06,36.1589
2,19,post_attn_layer_norm,GPU,2.58883e+06,2.58886e+06,36.1589
2,19,expertFFN,GPU,2.58886e+06,2.65051e+06,61646.1
2,19,sync_0,GPU,2.58886e+06,2.58886e+06,0
2,19,sync__set,GPU,2.58886e+06,2.58886e+06,0
2,19,sync__,GPU,2.58886e+06,2.58886e+06,0
2,19,gate_fn,GPU,2.58886e+06,2.58891e+06,48.2433
2,19,Linear,GPU,2.58886e+06,2.58891e+06,48.2433
2,19,gate_update,GPU,2.58891e+06,2.58891e+06,0
2,19,moe_scatter,GPU,2.58891e+06,2.58891e+06,0
2,19,sync_for_moe_scatter,GPU,2.58891e+06,2.58891e+06,0
2,19,sync__set,GPU,2.58891e+06,2.58891e+06,0
2,19,sync__,GPU,2.58891e+06,2.58891e+06,0
2,19,moe_route,GPU,2.58891e+06,2.58891e+06,0
2,19,expert_FFN_4,GPU,2.58891e+06,2.58891e+06,0
2,19,gate_proj,GPU,2.58891e+06,2.58891e+06,0
2,19,Linear,Logic,2.58891e+06,2.58891e+06,0
2,19,activation,Logic,2.58891e+06,2.58891e+06,0
2,19,up_proj,GPU,2.58891e+06,2.58891e+06,0
2,19,Linear,Logic,2.58891e+06,2.58891e+06,0
2,19,down_proj,GPU,2.58891e+06,2.58891e+06,0
2,19,Linear,Logic,2.58891e+06,2.58891e+06,0
2,19,expert_FFN_5,GPU,2.58891e+06,2.63216e+06,43246
2,19,gate_proj,GPU,2.58891e+06,2.60332e+06,14408.3
2,19,Linear,Logic,2.58891e+06,2.60332e+06,14408.3
2,19,activation,Logic,2.60332e+06,2.60334e+06,21.0927
2,19,up_proj,GPU,2.60334e+06,2.61775e+06,14408.3
2,19,Linear,Logic,2.60334e+06,2.61775e+06,14408.3
2,19,down_proj,GPU,2.61775e+06,2.63216e+06,14408.3
2,19,Linear,Logic,2.61775e+06,2.63216e+06,14408.3
2,19,sync_2,GPU,2.63216e+06,2.63218e+06,24.1059
2,19,sync__set,GPU,2.63216e+06,2.63216e+06,0
2,19,sync__,GPU,2.63216e+06,2.63218e+06,24.1059
2,19,moe_all_reduce_for_e_tp,GPU,2.63218e+06,2.63218e+06,0
2,19,sync_3,GPU,2.63218e+06,2.63218e+06,0
2,19,sync__set,GPU,2.63218e+06,2.63218e+06,0
2,19,sync__,GPU,2.63218e+06,2.63218e+06,0
2,19,moe_gather,GPU,2.63218e+06,2.63218e+06,0
2,19,sync_for_moe_gather,GPU,2.63218e+06,2.63218e+06,0
2,19,sync__set,GPU,2.63218e+06,2.63218e+06,0
2,19,sync__,GPU,2.63218e+06,2.63218e+06,0
2,19,moe_all_reduce_for_gather,GPU,2.63218e+06,2.65051e+06,18327.7
2,19,sync_5,GPU,2.65051e+06,2.65051e+06,0
2,19,sync__set,GPU,2.65051e+06,2.65051e+06,0
2,19,sync__,GPU,2.65051e+06,2.65051e+06,0
2,19,sync_6,GPU,2.65051e+06,2.65051e+06,0
2,19,sync__set,GPU,2.65051e+06,2.65051e+06,0
2,19,sync__,GPU,2.65051e+06,2.65051e+06,0
2,19,residual_2,GPU,2.65051e+06,2.65054e+06,36.1589
2,20,MoE_decoder_20,GPU,2.65054e+06,2.78522e+06,134679
2,20,input_layer_norm,GPU,2.65054e+06,2.65058e+06,36.1589
2,20,attention,GPU,2.65058e+06,2.68027e+06,29690.1
2,20,attn_qkv_proj,GPU,2.65058e+06,2.65677e+06,6193.22
2,20,Linear,GPU,2.65058e+06,2.65677e+06,6193.22
2,20,self_attention,GPU,2.65677e+06,2.65781e+06,1035.05
2,20,AttentionSplit,GPU,2.65677e+06,2.65677e+06,0
2,20,AttentionSum,Logic,2.65677e+06,2.65677e+06,0
2,20,AttentionGen,Logic,2.65677e+06,2.65781e+06,1035.05
2,20,AttentionMerge,GPU,2.65781e+06,2.65781e+06,0
2,20,attn_o_proj,GPU,2.65781e+06,2.66194e+06,4134.17
2,20,Linear,GPU,2.65781e+06,2.66194e+06,4134.17
2,20,all_reduce,GPU,2.66194e+06,2.68027e+06,18327.7
2,20,residual_1,GPU,2.68027e+06,2.68031e+06,36.1589
2,20,post_attn_layer_norm,GPU,2.68031e+06,2.68034e+06,36.1589
2,20,expertFFN,GPU,2.68034e+06,2.78519e+06,104844
2,20,sync_0,GPU,2.68034e+06,2.68034e+06,0
2,20,sync__set,GPU,2.68034e+06,2.68034e+06,0
2,20,sync__,GPU,2.68034e+06,2.68034e+06,0
2,20,gate_fn,GPU,2.68034e+06,2.68039e+06,48.2433
2,20,Linear,GPU,2.68034e+06,2.68039e+06,48.2433
2,20,gate_update,GPU,2.68039e+06,2.68039e+06,0
2,20,moe_scatter,GPU,2.68039e+06,2.68039e+06,0
2,20,sync_for_moe_scatter,GPU,2.68039e+06,2.68039e+06,0
2,20,sync__set,GPU,2.68039e+06,2.68039e+06,0
2,20,sync__,GPU,2.68039e+06,2.68039e+06,0
2,20,moe_route,GPU,2.68039e+06,2.68039e+06,0
2,20,expert_FFN_4,GPU,2.68039e+06,2.72361e+06,43221.9
2,20,gate_proj,GPU,2.68039e+06,2.69479e+06,14403.8
2,20,Linear,Logic,2.68039e+06,2.69479e+06,14403.8
2,20,activation,Logic,2.69479e+06,2.69481e+06,10.5463
2,20,up_proj,GPU,2.69481e+06,2.70921e+06,14403.8
2,20,Linear,Logic,2.69481e+06,2.70921e+06,14403.8
2,20,down_proj,GPU,2.70921e+06,2.72361e+06,14403.8
2,20,Linear,Logic,2.70921e+06,2.72361e+06,14403.8
2,20,expert_FFN_5,GPU,2.72361e+06,2.76683e+06,43221.9
2,20,gate_proj,GPU,2.72361e+06,2.73802e+06,14403.8
2,20,Linear,Logic,2.72361e+06,2.73802e+06,14403.8
2,20,activation,Logic,2.73802e+06,2.73803e+06,10.5463
2,20,up_proj,GPU,2.73803e+06,2.75243e+06,14403.8
2,20,Linear,Logic,2.73803e+06,2.75243e+06,14403.8
2,20,down_proj,GPU,2.75243e+06,2.76683e+06,14403.8
2,20,Linear,Logic,2.75243e+06,2.76683e+06,14403.8
2,20,sync_2,GPU,2.76683e+06,2.76686e+06,24.1059
2,20,sync__set,GPU,2.76683e+06,2.76683e+06,0
2,20,sync__,GPU,2.76683e+06,2.76686e+06,24.1059
2,20,moe_all_reduce_for_e_tp,GPU,2.76686e+06,2.76686e+06,0
2,20,sync_3,GPU,2.76686e+06,2.76686e+06,0
2,20,sync__set,GPU,2.76686e+06,2.76686e+06,0
2,20,sync__,GPU,2.76686e+06,2.76686e+06,0
2,20,moe_gather,GPU,2.76686e+06,2.76686e+06,0
2,20,sync_for_moe_gather,GPU,2.76686e+06,2.76686e+06,0
2,20,sync__set,GPU,2.76686e+06,2.76686e+06,0
2,20,sync__,GPU,2.76686e+06,2.76686e+06,0
2,20,moe_all_reduce_for_gather,GPU,2.76686e+06,2.78519e+06,18327.7
2,20,sync_5,GPU,2.78519e+06,2.78519e+06,0
2,20,sync__set,GPU,2.78519e+06,2.78519e+06,0
2,20,sync__,GPU,2.78519e+06,2.78519e+06,0
2,20,sync_6,GPU,2.78519e+06,2.78519e+06,0
2,20,sync__set,GPU,2.78519e+06,2.78519e+06,0
2,20,sync__,GPU,2.78519e+06,2.78519e+06,0
2,20,residual_2,GPU,2.78519e+06,2.78522e+06,36.1589
2,21,MoE_decoder_21,GPU,2.78522e+06,2.91995e+06,134727
2,21,input_layer_norm,GPU,2.78522e+06,2.78526e+06,36.1589
2,21,attention,GPU,2.78526e+06,2.81495e+06,29690.1
2,21,attn_qkv_proj,GPU,2.78526e+06,2.79145e+06,6193.22
2,21,Linear,GPU,2.78526e+06,2.79145e+06,6193.22
2,21,self_attention,GPU,2.79145e+06,2.79249e+06,1035.05
2,21,AttentionSplit,GPU,2.79145e+06,2.79145e+06,0
2,21,AttentionSum,Logic,2.79145e+06,2.79145e+06,0
2,21,AttentionGen,Logic,2.79145e+06,2.79249e+06,1035.05
2,21,AttentionMerge,GPU,2.79249e+06,2.79249e+06,0
2,21,attn_o_proj,GPU,2.79249e+06,2.79662e+06,4134.17
2,21,Linear,GPU,2.79249e+06,2.79662e+06,4134.17
2,21,all_reduce,GPU,2.79662e+06,2.81495e+06,18327.7
2,21,residual_1,GPU,2.81495e+06,2.81499e+06,36.1589
2,21,post_attn_layer_norm,GPU,2.81499e+06,2.81502e+06,36.1589
2,21,expertFFN,GPU,2.81502e+06,2.91991e+06,104892
2,21,sync_0,GPU,2.81502e+06,2.81502e+06,0
2,21,sync__set,GPU,2.81502e+06,2.81502e+06,0
2,21,sync__,GPU,2.81502e+06,2.81502e+06,0
2,21,gate_fn,GPU,2.81502e+06,2.81507e+06,48.2433
2,21,Linear,GPU,2.81502e+06,2.81507e+06,48.2433
2,21,gate_update,GPU,2.81507e+06,2.81507e+06,0
2,21,moe_scatter,GPU,2.81507e+06,2.81507e+06,0
2,21,sync_for_moe_scatter,GPU,2.81507e+06,2.81507e+06,0
2,21,sync__set,GPU,2.81507e+06,2.81507e+06,0
2,21,sync__,GPU,2.81507e+06,2.81507e+06,0
2,21,moe_route,GPU,2.81507e+06,2.81507e+06,0
2,21,expert_FFN_4,GPU,2.81507e+06,2.85832e+06,43246
2,21,gate_proj,GPU,2.81507e+06,2.82948e+06,14408.3
2,21,Linear,Logic,2.81507e+06,2.82948e+06,14408.3
2,21,activation,Logic,2.82948e+06,2.8295e+06,21.0927
2,21,up_proj,GPU,2.8295e+06,2.84391e+06,14408.3
2,21,Linear,Logic,2.8295e+06,2.84391e+06,14408.3
2,21,down_proj,GPU,2.84391e+06,2.85832e+06,14408.3
2,21,Linear,Logic,2.84391e+06,2.85832e+06,14408.3
2,21,expert_FFN_5,GPU,2.85832e+06,2.90159e+06,43270.2
2,21,gate_proj,GPU,2.85832e+06,2.87273e+06,14412.8
2,21,Linear,Logic,2.85832e+06,2.87273e+06,14412.8
2,21,activation,Logic,2.87273e+06,2.87276e+06,31.639
2,21,up_proj,GPU,2.87276e+06,2.88717e+06,14412.8
2,21,Linear,Logic,2.87276e+06,2.88717e+06,14412.8
2,21,down_proj,GPU,2.88717e+06,2.90159e+06,14412.8
2,21,Linear,Logic,2.88717e+06,2.90159e+06,14412.8
2,21,sync_2,GPU,2.90159e+06,2.90159e+06,0
2,21,sync__set,GPU,2.90159e+06,2.90159e+06,0
2,21,sync__,GPU,2.90159e+06,2.90159e+06,0
2,21,moe_all_reduce_for_e_tp,GPU,2.90159e+06,2.90159e+06,0
2,21,sync_3,GPU,2.90159e+06,2.90159e+06,0
2,21,sync__set,GPU,2.90159e+06,2.90159e+06,0
2,21,sync__,GPU,2.90159e+06,2.90159e+06,0
2,21,moe_gather,GPU,2.90159e+06,2.90159e+06,0
2,21,sync_for_moe_gather,GPU,2.90159e+06,2.90159e+06,0
2,21,sync__set,GPU,2.90159e+06,2.90159e+06,0
2,21,sync__,GPU,2.90159e+06,2.90159e+06,0
2,21,moe_all_reduce_for_gather,GPU,2.90159e+06,2.91991e+06,18327.7
2,21,sync_5,GPU,2.91991e+06,2.91991e+06,0
2,21,sync__set,GPU,2.91991e+06,2.91991e+06,0
2,21,sync__,GPU,2.91991e+06,2.91991e+06,0
2,21,sync_6,GPU,2.91991e+06,2.91991e+06,0
2,21,sync__set,GPU,2.91991e+06,2.91991e+06,0
2,21,sync__,GPU,2.91991e+06,2.91991e+06,0
2,21,residual_2,GPU,2.91991e+06,2.91995e+06,36.1589
2,22,MoE_decoder_22,GPU,2.91995e+06,3.01143e+06,91480.8
2,22,input_layer_norm,GPU,2.91995e+06,2.91999e+06,36.1589
2,22,attention,GPU,2.91999e+06,2.94968e+06,29690.1
2,22,attn_qkv_proj,GPU,2.91999e+06,2.92618e+06,6193.22
2,22,Linear,GPU,2.91999e+06,2.92618e+06,6193.22
2,22,self_attention,GPU,2.92618e+06,2.92721e+06,1035.05
2,22,AttentionSplit,GPU,2.92618e+06,2.92618e+06,0
2,22,AttentionSum,Logic,2.92618e+06,2.92618e+06,0
2,22,AttentionGen,Logic,2.92618e+06,2.92721e+06,1035.05
2,22,AttentionMerge,GPU,2.92721e+06,2.92721e+06,0
2,22,attn_o_proj,GPU,2.92721e+06,2.93135e+06,4134.17
2,22,Linear,GPU,2.92721e+06,2.93135e+06,4134.17
2,22,all_reduce,GPU,2.93135e+06,2.94968e+06,18327.7
2,22,residual_1,GPU,2.94968e+06,2.94971e+06,36.1589
2,22,post_attn_layer_norm,GPU,2.94971e+06,2.94975e+06,36.1589
2,22,expertFFN,GPU,2.94975e+06,3.01139e+06,61646.1
2,22,sync_0,GPU,2.94975e+06,2.94975e+06,0
2,22,sync__set,GPU,2.94975e+06,2.94975e+06,0
2,22,sync__,GPU,2.94975e+06,2.94975e+06,0
2,22,gate_fn,GPU,2.94975e+06,2.9498e+06,48.2433
2,22,Linear,GPU,2.94975e+06,2.9498e+06,48.2433
2,22,gate_update,GPU,2.9498e+06,2.9498e+06,0
2,22,moe_scatter,GPU,2.9498e+06,2.9498e+06,0
2,22,sync_for_moe_scatter,GPU,2.9498e+06,2.9498e+06,0
2,22,sync__set,GPU,2.9498e+06,2.9498e+06,0
2,22,sync__,GPU,2.9498e+06,2.9498e+06,0
2,22,moe_route,GPU,2.9498e+06,2.9498e+06,0
2,22,expert_FFN_4,GPU,2.9498e+06,2.99304e+06,43246
2,22,gate_proj,GPU,2.9498e+06,2.9642e+06,14408.3
2,22,Linear,Logic,2.9498e+06,2.9642e+06,14408.3
2,22,activation,Logic,2.9642e+06,2.96423e+06,21.0927
2,22,up_proj,GPU,2.96423e+06,2.97863e+06,14408.3
2,22,Linear,Logic,2.96423e+06,2.97863e+06,14408.3
2,22,down_proj,GPU,2.97863e+06,2.99304e+06,14408.3
2,22,Linear,Logic,2.97863e+06,2.99304e+06,14408.3
2,22,expert_FFN_5,GPU,2.99304e+06,2.99304e+06,0
2,22,gate_proj,GPU,2.99304e+06,2.99304e+06,0
2,22,Linear,Logic,2.99304e+06,2.99304e+06,0
2,22,activation,Logic,2.99304e+06,2.99304e+06,0
2,22,up_proj,GPU,2.99304e+06,2.99304e+06,0
2,22,Linear,Logic,2.99304e+06,2.99304e+06,0
2,22,down_proj,GPU,2.99304e+06,2.99304e+06,0
2,22,Linear,Logic,2.99304e+06,2.99304e+06,0
2,22,sync_2,GPU,2.99304e+06,2.99307e+06,24.1059
2,22,sync__set,GPU,2.99304e+06,2.99304e+06,0
2,22,sync__,GPU,2.99304e+06,2.99307e+06,24.1059
2,22,moe_all_reduce_for_e_tp,GPU,2.99307e+06,2.99307e+06,0
2,22,sync_3,GPU,2.99307e+06,2.99307e+06,0
2,22,sync__set,GPU,2.99307e+06,2.99307e+06,0
2,22,sync__,GPU,2.99307e+06,2.99307e+06,0
2,22,moe_gather,GPU,2.99307e+06,2.99307e+06,0
2,22,sync_for_moe_gather,GPU,2.99307e+06,2.99307e+06,0
2,22,sync__set,GPU,2.99307e+06,2.99307e+06,0
2,22,sync__,GPU,2.99307e+06,2.99307e+06,0
2,22,moe_all_reduce_for_gather,GPU,2.99307e+06,3.01139e+06,18327.7
2,22,sync_5,GPU,3.01139e+06,3.01139e+06,0
2,22,sync__set,GPU,3.01139e+06,3.01139e+06,0
2,22,sync__,GPU,3.01139e+06,3.01139e+06,0
2,22,sync_6,GPU,3.01139e+06,3.01139e+06,0
2,22,sync__set,GPU,3.01139e+06,3.01139e+06,0
2,22,sync__,GPU,3.01139e+06,3.01139e+06,0
2,22,residual_2,GPU,3.01139e+06,3.01143e+06,36.1589
2,23,MoE_decoder_23,GPU,3.01143e+06,3.14611e+06,134679
2,23,input_layer_norm,GPU,3.01143e+06,3.01147e+06,36.1589
2,23,attention,GPU,3.01147e+06,3.04116e+06,29690.1
2,23,attn_qkv_proj,GPU,3.01147e+06,3.01766e+06,6193.22
2,23,Linear,GPU,3.01147e+06,3.01766e+06,6193.22
2,23,self_attention,GPU,3.01766e+06,3.01869e+06,1035.05
2,23,AttentionSplit,GPU,3.01766e+06,3.01766e+06,0
2,23,AttentionSum,Logic,3.01766e+06,3.01766e+06,0
2,23,AttentionGen,Logic,3.01766e+06,3.01869e+06,1035.05
2,23,AttentionMerge,GPU,3.01869e+06,3.01869e+06,0
2,23,attn_o_proj,GPU,3.01869e+06,3.02283e+06,4134.17
2,23,Linear,GPU,3.01869e+06,3.02283e+06,4134.17
2,23,all_reduce,GPU,3.02283e+06,3.04116e+06,18327.7
2,23,residual_1,GPU,3.04116e+06,3.04119e+06,36.1589
2,23,post_attn_layer_norm,GPU,3.04119e+06,3.04123e+06,36.1589
2,23,expertFFN,GPU,3.04123e+06,3.14607e+06,104844
2,23,sync_0,GPU,3.04123e+06,3.04123e+06,0
2,23,sync__set,GPU,3.04123e+06,3.04123e+06,0
2,23,sync__,GPU,3.04123e+06,3.04123e+06,0
2,23,gate_fn,GPU,3.04123e+06,3.04128e+06,48.2433
2,23,Linear,GPU,3.04123e+06,3.04128e+06,48.2433
2,23,gate_update,GPU,3.04128e+06,3.04128e+06,0
2,23,moe_scatter,GPU,3.04128e+06,3.04128e+06,0
2,23,sync_for_moe_scatter,GPU,3.04128e+06,3.04128e+06,0
2,23,sync__set,GPU,3.04128e+06,3.04128e+06,0
2,23,sync__,GPU,3.04128e+06,3.04128e+06,0
2,23,moe_route,GPU,3.04128e+06,3.04128e+06,0
2,23,expert_FFN_4,GPU,3.04128e+06,3.0845e+06,43221.9
2,23,gate_proj,GPU,3.04128e+06,3.05568e+06,14403.8
2,23,Linear,Logic,3.04128e+06,3.05568e+06,14403.8
2,23,activation,Logic,3.05568e+06,3.05569e+06,10.5463
2,23,up_proj,GPU,3.05569e+06,3.0701e+06,14403.8
2,23,Linear,Logic,3.05569e+06,3.0701e+06,14403.8
2,23,down_proj,GPU,3.0701e+06,3.0845e+06,14403.8
2,23,Linear,Logic,3.0701e+06,3.0845e+06,14403.8
2,23,expert_FFN_5,GPU,3.0845e+06,3.12772e+06,43221.9
2,23,gate_proj,GPU,3.0845e+06,3.0989e+06,14403.8
2,23,Linear,Logic,3.0845e+06,3.0989e+06,14403.8
2,23,activation,Logic,3.0989e+06,3.09891e+06,10.5463
2,23,up_proj,GPU,3.09891e+06,3.11332e+06,14403.8
2,23,Linear,Logic,3.09891e+06,3.11332e+06,14403.8
2,23,down_proj,GPU,3.11332e+06,3.12772e+06,14403.8
2,23,Linear,Logic,3.11332e+06,3.12772e+06,14403.8
2,23,sync_2,GPU,3.12772e+06,3.12775e+06,24.1059
2,23,sync__set,GPU,3.12772e+06,3.12772e+06,0
2,23,sync__,GPU,3.12772e+06,3.12775e+06,24.1059
2,23,moe_all_reduce_for_e_tp,GPU,3.12775e+06,3.12775e+06,0
2,23,sync_3,GPU,3.12775e+06,3.12775e+06,0
2,23,sync__set,GPU,3.12775e+06,3.12775e+06,0
2,23,sync__,GPU,3.12775e+06,3.12775e+06,0
2,23,moe_gather,GPU,3.12775e+06,3.12775e+06,0
2,23,sync_for_moe_gather,GPU,3.12775e+06,3.12775e+06,0
2,23,sync__set,GPU,3.12775e+06,3.12775e+06,0
2,23,sync__,GPU,3.12775e+06,3.12775e+06,0
2,23,moe_all_reduce_for_gather,GPU,3.12775e+06,3.14607e+06,18327.7
2,23,sync_5,GPU,3.14607e+06,3.14607e+06,0
2,23,sync__set,GPU,3.14607e+06,3.14607e+06,0
2,23,sync__,GPU,3.14607e+06,3.14607e+06,0
2,23,sync_6,GPU,3.14607e+06,3.14607e+06,0
2,23,sync__set,GPU,3.14607e+06,3.14607e+06,0
2,23,sync__,GPU,3.14607e+06,3.14607e+06,0
2,23,residual_2,GPU,3.14607e+06,3.14611e+06,36.1589
2,24,MoE_decoder_24,GPU,3.14611e+06,3.28079e+06,134679
2,24,input_layer_norm,GPU,3.14611e+06,3.14615e+06,36.1589
2,24,attention,GPU,3.14615e+06,3.17584e+06,29690.1
2,24,attn_qkv_proj,GPU,3.14615e+06,3.15234e+06,6193.22
2,24,Linear,GPU,3.14615e+06,3.15234e+06,6193.22
2,24,self_attention,GPU,3.15234e+06,3.15337e+06,1035.05
2,24,AttentionSplit,GPU,3.15234e+06,3.15234e+06,0
2,24,AttentionSum,Logic,3.15234e+06,3.15234e+06,0
2,24,AttentionGen,Logic,3.15234e+06,3.15337e+06,1035.05
2,24,AttentionMerge,GPU,3.15337e+06,3.15337e+06,0
2,24,attn_o_proj,GPU,3.15337e+06,3.15751e+06,4134.17
2,24,Linear,GPU,3.15337e+06,3.15751e+06,4134.17
2,24,all_reduce,GPU,3.15751e+06,3.17584e+06,18327.7
2,24,residual_1,GPU,3.17584e+06,3.17587e+06,36.1589
2,24,post_attn_layer_norm,GPU,3.17587e+06,3.17591e+06,36.1589
2,24,expertFFN,GPU,3.17591e+06,3.28075e+06,104844
2,24,sync_0,GPU,3.17591e+06,3.17591e+06,0
2,24,sync__set,GPU,3.17591e+06,3.17591e+06,0
2,24,sync__,GPU,3.17591e+06,3.17591e+06,0
2,24,gate_fn,GPU,3.17591e+06,3.17596e+06,48.2433
2,24,Linear,GPU,3.17591e+06,3.17596e+06,48.2433
2,24,gate_update,GPU,3.17596e+06,3.17596e+06,0
2,24,moe_scatter,GPU,3.17596e+06,3.17596e+06,0
2,24,sync_for_moe_scatter,GPU,3.17596e+06,3.17596e+06,0
2,24,sync__set,GPU,3.17596e+06,3.17596e+06,0
2,24,sync__,GPU,3.17596e+06,3.17596e+06,0
2,24,moe_route,GPU,3.17596e+06,3.17596e+06,0
2,24,expert_FFN_4,GPU,3.17596e+06,3.21918e+06,43221.9
2,24,gate_proj,GPU,3.17596e+06,3.19036e+06,14403.8
2,24,Linear,Logic,3.17596e+06,3.19036e+06,14403.8
2,24,activation,Logic,3.19036e+06,3.19037e+06,10.5463
2,24,up_proj,GPU,3.19037e+06,3.20477e+06,14403.8
2,24,Linear,Logic,3.19037e+06,3.20477e+06,14403.8
2,24,down_proj,GPU,3.20477e+06,3.21918e+06,14403.8
2,24,Linear,Logic,3.20477e+06,3.21918e+06,14403.8
2,24,expert_FFN_5,GPU,3.21918e+06,3.2624e+06,43221.9
2,24,gate_proj,GPU,3.21918e+06,3.23358e+06,14403.8
2,24,Linear,Logic,3.21918e+06,3.23358e+06,14403.8
2,24,activation,Logic,3.23358e+06,3.23359e+06,10.5463
2,24,up_proj,GPU,3.23359e+06,3.248e+06,14403.8
2,24,Linear,Logic,3.23359e+06,3.248e+06,14403.8
2,24,down_proj,GPU,3.248e+06,3.2624e+06,14403.8
2,24,Linear,Logic,3.248e+06,3.2624e+06,14403.8
2,24,sync_2,GPU,3.2624e+06,3.26242e+06,24.1059
2,24,sync__set,GPU,3.2624e+06,3.2624e+06,0
2,24,sync__,GPU,3.2624e+06,3.26242e+06,24.1059
2,24,moe_all_reduce_for_e_tp,GPU,3.26242e+06,3.26242e+06,0
2,24,sync_3,GPU,3.26242e+06,3.26242e+06,0
2,24,sync__set,GPU,3.26242e+06,3.26242e+06,0
2,24,sync__,GPU,3.26242e+06,3.26242e+06,0
2,24,moe_gather,GPU,3.26242e+06,3.26242e+06,0
2,24,sync_for_moe_gather,GPU,3.26242e+06,3.26242e+06,0
2,24,sync__set,GPU,3.26242e+06,3.26242e+06,0
2,24,sync__,GPU,3.26242e+06,3.26242e+06,0
2,24,moe_all_reduce_for_gather,GPU,3.26242e+06,3.28075e+06,18327.7
2,24,sync_5,GPU,3.28075e+06,3.28075e+06,0
2,24,sync__set,GPU,3.28075e+06,3.28075e+06,0
2,24,sync__,GPU,3.28075e+06,3.28075e+06,0
2,24,sync_6,GPU,3.28075e+06,3.28075e+06,0
2,24,sync__set,GPU,3.28075e+06,3.28075e+06,0
2,24,sync__,GPU,3.28075e+06,3.28075e+06,0
2,24,residual_2,GPU,3.28075e+06,3.28079e+06,36.1589
2,25,MoE_decoder_25,GPU,3.28079e+06,3.41551e+06,134727
2,25,input_layer_norm,GPU,3.28079e+06,3.28082e+06,36.1589
2,25,attention,GPU,3.28082e+06,3.31051e+06,29690.1
2,25,attn_qkv_proj,GPU,3.28082e+06,3.28702e+06,6193.22
2,25,Linear,GPU,3.28082e+06,3.28702e+06,6193.22
2,25,self_attention,GPU,3.28702e+06,3.28805e+06,1035.05
2,25,AttentionSplit,GPU,3.28702e+06,3.28702e+06,0
2,25,AttentionSum,Logic,3.28702e+06,3.28702e+06,0
2,25,AttentionGen,Logic,3.28702e+06,3.28805e+06,1035.05
2,25,AttentionMerge,GPU,3.28805e+06,3.28805e+06,0
2,25,attn_o_proj,GPU,3.28805e+06,3.29219e+06,4134.17
2,25,Linear,GPU,3.28805e+06,3.29219e+06,4134.17
2,25,all_reduce,GPU,3.29219e+06,3.31051e+06,18327.7
2,25,residual_1,GPU,3.31051e+06,3.31055e+06,36.1589
2,25,post_attn_layer_norm,GPU,3.31055e+06,3.31059e+06,36.1589
2,25,expertFFN,GPU,3.31059e+06,3.41548e+06,104892
2,25,sync_0,GPU,3.31059e+06,3.31059e+06,0
2,25,sync__set,GPU,3.31059e+06,3.31059e+06,0
2,25,sync__,GPU,3.31059e+06,3.31059e+06,0
2,25,gate_fn,GPU,3.31059e+06,3.31063e+06,48.2433
2,25,Linear,GPU,3.31059e+06,3.31063e+06,48.2433
2,25,gate_update,GPU,3.31063e+06,3.31063e+06,0
2,25,moe_scatter,GPU,3.31063e+06,3.31063e+06,0
2,25,sync_for_moe_scatter,GPU,3.31063e+06,3.31063e+06,0
2,25,sync__set,GPU,3.31063e+06,3.31063e+06,0
2,25,sync__,GPU,3.31063e+06,3.31063e+06,0
2,25,moe_route,GPU,3.31063e+06,3.31063e+06,0
2,25,expert_FFN_4,GPU,3.31063e+06,3.35388e+06,43246
2,25,gate_proj,GPU,3.31063e+06,3.32504e+06,14408.3
2,25,Linear,Logic,3.31063e+06,3.32504e+06,14408.3
2,25,activation,Logic,3.32504e+06,3.32506e+06,21.0927
2,25,up_proj,GPU,3.32506e+06,3.33947e+06,14408.3
2,25,Linear,Logic,3.32506e+06,3.33947e+06,14408.3
2,25,down_proj,GPU,3.33947e+06,3.35388e+06,14408.3
2,25,Linear,Logic,3.33947e+06,3.35388e+06,14408.3
2,25,expert_FFN_5,GPU,3.35388e+06,3.35388e+06,0
2,25,gate_proj,GPU,3.35388e+06,3.35388e+06,0
2,25,Linear,Logic,3.35388e+06,3.35388e+06,0
2,25,activation,Logic,3.35388e+06,3.35388e+06,0
2,25,up_proj,GPU,3.35388e+06,3.35388e+06,0
2,25,Linear,Logic,3.35388e+06,3.35388e+06,0
2,25,down_proj,GPU,3.35388e+06,3.35388e+06,0
2,25,Linear,Logic,3.35388e+06,3.35388e+06,0
2,25,sync_2,GPU,3.35388e+06,3.39715e+06,43270.2
2,25,sync__set,GPU,3.35388e+06,3.35388e+06,0
2,25,sync__,GPU,3.35388e+06,3.39715e+06,43270.2
2,25,moe_all_reduce_for_e_tp,GPU,3.39715e+06,3.39715e+06,0
2,25,sync_3,GPU,3.39715e+06,3.39715e+06,0
2,25,sync__set,GPU,3.39715e+06,3.39715e+06,0
2,25,sync__,GPU,3.39715e+06,3.39715e+06,0
2,25,moe_gather,GPU,3.39715e+06,3.39715e+06,0
2,25,sync_for_moe_gather,GPU,3.39715e+06,3.39715e+06,0
2,25,sync__set,GPU,3.39715e+06,3.39715e+06,0
2,25,sync__,GPU,3.39715e+06,3.39715e+06,0
2,25,moe_all_reduce_for_gather,GPU,3.39715e+06,3.41548e+06,18327.7
2,25,sync_5,GPU,3.41548e+06,3.41548e+06,0
2,25,sync__set,GPU,3.41548e+06,3.41548e+06,0
2,25,sync__,GPU,3.41548e+06,3.41548e+06,0
2,25,sync_6,GPU,3.41548e+06,3.41548e+06,0
2,25,sync__set,GPU,3.41548e+06,3.41548e+06,0
2,25,sync__,GPU,3.41548e+06,3.41548e+06,0
2,25,residual_2,GPU,3.41548e+06,3.41551e+06,36.1589
2,26,MoE_decoder_26,GPU,3.41551e+06,3.55022e+06,134703
2,26,input_layer_norm,GPU,3.41551e+06,3.41555e+06,36.1589
2,26,attention,GPU,3.41555e+06,3.44524e+06,29690.1
2,26,attn_qkv_proj,GPU,3.41555e+06,3.42174e+06,6193.22
2,26,Linear,GPU,3.41555e+06,3.42174e+06,6193.22
2,26,self_attention,GPU,3.42174e+06,3.42278e+06,1035.05
2,26,AttentionSplit,GPU,3.42174e+06,3.42174e+06,0
2,26,AttentionSum,Logic,3.42174e+06,3.42174e+06,0
2,26,AttentionGen,Logic,3.42174e+06,3.42278e+06,1035.05
2,26,AttentionMerge,GPU,3.42278e+06,3.42278e+06,0
2,26,attn_o_proj,GPU,3.42278e+06,3.42691e+06,4134.17
2,26,Linear,GPU,3.42278e+06,3.42691e+06,4134.17
2,26,all_reduce,GPU,3.42691e+06,3.44524e+06,18327.7
2,26,residual_1,GPU,3.44524e+06,3.44528e+06,36.1589
2,26,post_attn_layer_norm,GPU,3.44528e+06,3.44531e+06,36.1589
2,26,expertFFN,GPU,3.44531e+06,3.55018e+06,104868
2,26,sync_0,GPU,3.44531e+06,3.44531e+06,0
2,26,sync__set,GPU,3.44531e+06,3.44531e+06,0
2,26,sync__,GPU,3.44531e+06,3.44531e+06,0
2,26,gate_fn,GPU,3.44531e+06,3.44536e+06,48.2433
2,26,Linear,GPU,3.44531e+06,3.44536e+06,48.2433
2,26,gate_update,GPU,3.44536e+06,3.44536e+06,0
2,26,moe_scatter,GPU,3.44536e+06,3.44536e+06,0
2,26,sync_for_moe_scatter,GPU,3.44536e+06,3.44536e+06,0
2,26,sync__set,GPU,3.44536e+06,3.44536e+06,0
2,26,sync__,GPU,3.44536e+06,3.44536e+06,0
2,26,moe_route,GPU,3.44536e+06,3.44536e+06,0
2,26,expert_FFN_4,GPU,3.44536e+06,3.48858e+06,43221.9
2,26,gate_proj,GPU,3.44536e+06,3.45977e+06,14403.8
2,26,Linear,Logic,3.44536e+06,3.45977e+06,14403.8
2,26,activation,Logic,3.45977e+06,3.45978e+06,10.5463
2,26,up_proj,GPU,3.45978e+06,3.47418e+06,14403.8
2,26,Linear,Logic,3.45978e+06,3.47418e+06,14403.8
2,26,down_proj,GPU,3.47418e+06,3.48858e+06,14403.8
2,26,Linear,Logic,3.47418e+06,3.48858e+06,14403.8
2,26,expert_FFN_5,GPU,3.48858e+06,3.53181e+06,43221.9
2,26,gate_proj,GPU,3.48858e+06,3.50299e+06,14403.8
2,26,Linear,Logic,3.48858e+06,3.50299e+06,14403.8
2,26,activation,Logic,3.50299e+06,3.503e+06,10.5463
2,26,up_proj,GPU,3.503e+06,3.5174e+06,14403.8
2,26,Linear,Logic,3.503e+06,3.5174e+06,14403.8
2,26,down_proj,GPU,3.5174e+06,3.53181e+06,14403.8
2,26,Linear,Logic,3.5174e+06,3.53181e+06,14403.8
2,26,sync_2,GPU,3.53181e+06,3.53185e+06,48.2119
2,26,sync__set,GPU,3.53181e+06,3.53181e+06,0
2,26,sync__,GPU,3.53181e+06,3.53185e+06,48.2119
2,26,moe_all_reduce_for_e_tp,GPU,3.53185e+06,3.53185e+06,0
2,26,sync_3,GPU,3.53185e+06,3.53185e+06,0
2,26,sync__set,GPU,3.53185e+06,3.53185e+06,0
2,26,sync__,GPU,3.53185e+06,3.53185e+06,0
2,26,moe_gather,GPU,3.53185e+06,3.53185e+06,0
2,26,sync_for_moe_gather,GPU,3.53185e+06,3.53185e+06,0
2,26,sync__set,GPU,3.53185e+06,3.53185e+06,0
2,26,sync__,GPU,3.53185e+06,3.53185e+06,0
2,26,moe_all_reduce_for_gather,GPU,3.53185e+06,3.55018e+06,18327.7
2,26,sync_5,GPU,3.55018e+06,3.55018e+06,0
2,26,sync__set,GPU,3.55018e+06,3.55018e+06,0
2,26,sync__,GPU,3.55018e+06,3.55018e+06,0
2,26,sync_6,GPU,3.55018e+06,3.55018e+06,0
2,26,sync__set,GPU,3.55018e+06,3.55018e+06,0
2,26,sync__,GPU,3.55018e+06,3.55018e+06,0
2,26,residual_2,GPU,3.55018e+06,3.55022e+06,36.1589
2,27,MoE_decoder_27,GPU,3.55022e+06,3.6849e+06,134679
2,27,input_layer_norm,GPU,3.55022e+06,3.55025e+06,36.1589
2,27,attention,GPU,3.55025e+06,3.57994e+06,29690.1
2,27,attn_qkv_proj,GPU,3.55025e+06,3.55645e+06,6193.22
2,27,Linear,GPU,3.55025e+06,3.55645e+06,6193.22
2,27,self_attention,GPU,3.55645e+06,3.55748e+06,1035.05
2,27,AttentionSplit,GPU,3.55645e+06,3.55645e+06,0
2,27,AttentionSum,Logic,3.55645e+06,3.55645e+06,0
2,27,AttentionGen,Logic,3.55645e+06,3.55748e+06,1035.05
2,27,AttentionMerge,GPU,3.55748e+06,3.55748e+06,0
2,27,attn_o_proj,GPU,3.55748e+06,3.56162e+06,4134.17
2,27,Linear,GPU,3.55748e+06,3.56162e+06,4134.17
2,27,all_reduce,GPU,3.56162e+06,3.57994e+06,18327.7
2,27,residual_1,GPU,3.57994e+06,3.57998e+06,36.1589
2,27,post_attn_layer_norm,GPU,3.57998e+06,3.58002e+06,36.1589
2,27,expertFFN,GPU,3.58002e+06,3.68486e+06,104844
2,27,sync_0,GPU,3.58002e+06,3.58002e+06,0
2,27,sync__set,GPU,3.58002e+06,3.58002e+06,0
2,27,sync__,GPU,3.58002e+06,3.58002e+06,0
2,27,gate_fn,GPU,3.58002e+06,3.58006e+06,48.2433
2,27,Linear,GPU,3.58002e+06,3.58006e+06,48.2433
2,27,gate_update,GPU,3.58006e+06,3.58006e+06,0
2,27,moe_scatter,GPU,3.58006e+06,3.58006e+06,0
2,27,sync_for_moe_scatter,GPU,3.58006e+06,3.58006e+06,0
2,27,sync__set,GPU,3.58006e+06,3.58006e+06,0
2,27,sync__,GPU,3.58006e+06,3.58006e+06,0
2,27,moe_route,GPU,3.58006e+06,3.58006e+06,0
2,27,expert_FFN_4,GPU,3.58006e+06,3.62329e+06,43221.9
2,27,gate_proj,GPU,3.58006e+06,3.59447e+06,14403.8
2,27,Linear,Logic,3.58006e+06,3.59447e+06,14403.8
2,27,activation,Logic,3.59447e+06,3.59448e+06,10.5463
2,27,up_proj,GPU,3.59448e+06,3.60888e+06,14403.8
2,27,Linear,Logic,3.59448e+06,3.60888e+06,14403.8
2,27,down_proj,GPU,3.60888e+06,3.62329e+06,14403.8
2,27,Linear,Logic,3.60888e+06,3.62329e+06,14403.8
2,27,expert_FFN_5,GPU,3.62329e+06,3.66651e+06,43221.9
2,27,gate_proj,GPU,3.62329e+06,3.63769e+06,14403.8
2,27,Linear,Logic,3.62329e+06,3.63769e+06,14403.8
2,27,activation,Logic,3.63769e+06,3.6377e+06,10.5463
2,27,up_proj,GPU,3.6377e+06,3.6521e+06,14403.8
2,27,Linear,Logic,3.6377e+06,3.6521e+06,14403.8
2,27,down_proj,GPU,3.6521e+06,3.66651e+06,14403.8
2,27,Linear,Logic,3.6521e+06,3.66651e+06,14403.8
2,27,sync_2,GPU,3.66651e+06,3.66653e+06,24.1059
2,27,sync__set,GPU,3.66651e+06,3.66651e+06,0
2,27,sync__,GPU,3.66651e+06,3.66653e+06,24.1059
2,27,moe_all_reduce_for_e_tp,GPU,3.66653e+06,3.66653e+06,0
2,27,sync_3,GPU,3.66653e+06,3.66653e+06,0
2,27,sync__set,GPU,3.66653e+06,3.66653e+06,0
2,27,sync__,GPU,3.66653e+06,3.66653e+06,0
2,27,moe_gather,GPU,3.66653e+06,3.66653e+06,0
2,27,sync_for_moe_gather,GPU,3.66653e+06,3.66653e+06,0
2,27,sync__set,GPU,3.66653e+06,3.66653e+06,0
2,27,sync__,GPU,3.66653e+06,3.66653e+06,0
2,27,moe_all_reduce_for_gather,GPU,3.66653e+06,3.68486e+06,18327.7
2,27,sync_5,GPU,3.68486e+06,3.68486e+06,0
2,27,sync__set,GPU,3.68486e+06,3.68486e+06,0
2,27,sync__,GPU,3.68486e+06,3.68486e+06,0
2,27,sync_6,GPU,3.68486e+06,3.68486e+06,0
2,27,sync__set,GPU,3.68486e+06,3.68486e+06,0
2,27,sync__,GPU,3.68486e+06,3.68486e+06,0
2,27,residual_2,GPU,3.68486e+06,3.6849e+06,36.1589
2,28,MoE_decoder_28,GPU,3.6849e+06,3.8196e+06,134703
2,28,input_layer_norm,GPU,3.6849e+06,3.68493e+06,36.1589
2,28,attention,GPU,3.68493e+06,3.71462e+06,29690.1
2,28,attn_qkv_proj,GPU,3.68493e+06,3.69113e+06,6193.22
2,28,Linear,GPU,3.68493e+06,3.69113e+06,6193.22
2,28,self_attention,GPU,3.69113e+06,3.69216e+06,1035.05
2,28,AttentionSplit,GPU,3.69113e+06,3.69113e+06,0
2,28,AttentionSum,Logic,3.69113e+06,3.69113e+06,0
2,28,AttentionGen,Logic,3.69113e+06,3.69216e+06,1035.05
2,28,AttentionMerge,GPU,3.69216e+06,3.69216e+06,0
2,28,attn_o_proj,GPU,3.69216e+06,3.69629e+06,4134.17
2,28,Linear,GPU,3.69216e+06,3.69629e+06,4134.17
2,28,all_reduce,GPU,3.69629e+06,3.71462e+06,18327.7
2,28,residual_1,GPU,3.71462e+06,3.71466e+06,36.1589
2,28,post_attn_layer_norm,GPU,3.71466e+06,3.71469e+06,36.1589
2,28,expertFFN,GPU,3.71469e+06,3.81956e+06,104868
2,28,sync_0,GPU,3.71469e+06,3.71469e+06,0
2,28,sync__set,GPU,3.71469e+06,3.71469e+06,0
2,28,sync__,GPU,3.71469e+06,3.71469e+06,0
2,28,gate_fn,GPU,3.71469e+06,3.71474e+06,48.2433
2,28,Linear,GPU,3.71469e+06,3.71474e+06,48.2433
2,28,gate_update,GPU,3.71474e+06,3.71474e+06,0
2,28,moe_scatter,GPU,3.71474e+06,3.71474e+06,0
2,28,sync_for_moe_scatter,GPU,3.71474e+06,3.71474e+06,0
2,28,sync__set,GPU,3.71474e+06,3.71474e+06,0
2,28,sync__,GPU,3.71474e+06,3.71474e+06,0
2,28,moe_route,GPU,3.71474e+06,3.71474e+06,0
2,28,expert_FFN_4,GPU,3.71474e+06,3.71474e+06,0
2,28,gate_proj,GPU,3.71474e+06,3.71474e+06,0
2,28,Linear,Logic,3.71474e+06,3.71474e+06,0
2,28,activation,Logic,3.71474e+06,3.71474e+06,0
2,28,up_proj,GPU,3.71474e+06,3.71474e+06,0
2,28,Linear,Logic,3.71474e+06,3.71474e+06,0
2,28,down_proj,GPU,3.71474e+06,3.71474e+06,0
2,28,Linear,Logic,3.71474e+06,3.71474e+06,0
2,28,expert_FFN_5,GPU,3.71474e+06,3.75796e+06,43221.9
2,28,gate_proj,GPU,3.71474e+06,3.72915e+06,14403.8
2,28,Linear,Logic,3.71474e+06,3.72915e+06,14403.8
2,28,activation,Logic,3.72915e+06,3.72916e+06,10.5463
2,28,up_proj,GPU,3.72916e+06,3.74356e+06,14403.8
2,28,Linear,Logic,3.72916e+06,3.74356e+06,14403.8
2,28,down_proj,GPU,3.74356e+06,3.75796e+06,14403.8
2,28,Linear,Logic,3.74356e+06,3.75796e+06,14403.8
2,28,sync_2,GPU,3.75796e+06,3.80123e+06,43270.2
2,28,sync__set,GPU,3.75796e+06,3.75796e+06,0
2,28,sync__,GPU,3.75796e+06,3.80123e+06,43270.2
2,28,moe_all_reduce_for_e_tp,GPU,3.80123e+06,3.80123e+06,0
2,28,sync_3,GPU,3.80123e+06,3.80123e+06,0
2,28,sync__set,GPU,3.80123e+06,3.80123e+06,0
2,28,sync__,GPU,3.80123e+06,3.80123e+06,0
2,28,moe_gather,GPU,3.80123e+06,3.80123e+06,0
2,28,sync_for_moe_gather,GPU,3.80123e+06,3.80123e+06,0
2,28,sync__set,GPU,3.80123e+06,3.80123e+06,0
2,28,sync__,GPU,3.80123e+06,3.80123e+06,0
2,28,moe_all_reduce_for_gather,GPU,3.80123e+06,3.81956e+06,18327.7
2,28,sync_5,GPU,3.81956e+06,3.81956e+06,0
2,28,sync__set,GPU,3.81956e+06,3.81956e+06,0
2,28,sync__,GPU,3.81956e+06,3.81956e+06,0
2,28,sync_6,GPU,3.81956e+06,3.81956e+06,0
2,28,sync__set,GPU,3.81956e+06,3.81956e+06,0
2,28,sync__,GPU,3.81956e+06,3.81956e+06,0
2,28,residual_2,GPU,3.81956e+06,3.8196e+06,36.1589
2,29,MoE_decoder_29,GPU,3.8196e+06,3.95428e+06,134679
2,29,input_layer_norm,GPU,3.8196e+06,3.81963e+06,36.1589
2,29,attention,GPU,3.81963e+06,3.84933e+06,29690.1
2,29,attn_qkv_proj,GPU,3.81963e+06,3.82583e+06,6193.22
2,29,Linear,GPU,3.81963e+06,3.82583e+06,6193.22
2,29,self_attention,GPU,3.82583e+06,3.82686e+06,1035.05
2,29,AttentionSplit,GPU,3.82583e+06,3.82583e+06,0
2,29,AttentionSum,Logic,3.82583e+06,3.82583e+06,0
2,29,AttentionGen,Logic,3.82583e+06,3.82686e+06,1035.05
2,29,AttentionMerge,GPU,3.82686e+06,3.82686e+06,0
2,29,attn_o_proj,GPU,3.82686e+06,3.831e+06,4134.17
2,29,Linear,GPU,3.82686e+06,3.831e+06,4134.17
2,29,all_reduce,GPU,3.831e+06,3.84933e+06,18327.7
2,29,residual_1,GPU,3.84933e+06,3.84936e+06,36.1589
2,29,post_attn_layer_norm,GPU,3.84936e+06,3.8494e+06,36.1589
2,29,expertFFN,GPU,3.8494e+06,3.95424e+06,104844
2,29,sync_0,GPU,3.8494e+06,3.8494e+06,0
2,29,sync__set,GPU,3.8494e+06,3.8494e+06,0
2,29,sync__,GPU,3.8494e+06,3.8494e+06,0
2,29,gate_fn,GPU,3.8494e+06,3.84945e+06,48.2433
2,29,Linear,GPU,3.8494e+06,3.84945e+06,48.2433
2,29,gate_update,GPU,3.84945e+06,3.84945e+06,0
2,29,moe_scatter,GPU,3.84945e+06,3.84945e+06,0
2,29,sync_for_moe_scatter,GPU,3.84945e+06,3.84945e+06,0
2,29,sync__set,GPU,3.84945e+06,3.84945e+06,0
2,29,sync__,GPU,3.84945e+06,3.84945e+06,0
2,29,moe_route,GPU,3.84945e+06,3.84945e+06,0
2,29,expert_FFN_4,GPU,3.84945e+06,3.89269e+06,43246
2,29,gate_proj,GPU,3.84945e+06,3.86385e+06,14408.3
2,29,Linear,Logic,3.84945e+06,3.86385e+06,14408.3
2,29,activation,Logic,3.86385e+06,3.86388e+06,21.0927
2,29,up_proj,GPU,3.86388e+06,3.87828e+06,14408.3
2,29,Linear,Logic,3.86388e+06,3.87828e+06,14408.3
2,29,down_proj,GPU,3.87828e+06,3.89269e+06,14408.3
2,29,Linear,Logic,3.87828e+06,3.89269e+06,14408.3
2,29,expert_FFN_5,GPU,3.89269e+06,3.93591e+06,43221.9
2,29,gate_proj,GPU,3.89269e+06,3.9071e+06,14403.8
2,29,Linear,Logic,3.89269e+06,3.9071e+06,14403.8
2,29,activation,Logic,3.9071e+06,3.90711e+06,10.5463
2,29,up_proj,GPU,3.90711e+06,3.92151e+06,14403.8
2,29,Linear,Logic,3.90711e+06,3.92151e+06,14403.8
2,29,down_proj,GPU,3.92151e+06,3.93591e+06,14403.8
2,29,Linear,Logic,3.92151e+06,3.93591e+06,14403.8
2,29,sync_2,GPU,3.93591e+06,3.93591e+06,0
2,29,sync__set,GPU,3.93591e+06,3.93591e+06,0
2,29,sync__,GPU,3.93591e+06,3.93591e+06,0
2,29,moe_all_reduce_for_e_tp,GPU,3.93591e+06,3.93591e+06,0
2,29,sync_3,GPU,3.93591e+06,3.93591e+06,0
2,29,sync__set,GPU,3.93591e+06,3.93591e+06,0
2,29,sync__,GPU,3.93591e+06,3.93591e+06,0
2,29,moe_gather,GPU,3.93591e+06,3.93591e+06,0
2,29,sync_for_moe_gather,GPU,3.93591e+06,3.93591e+06,0
2,29,sync__set,GPU,3.93591e+06,3.93591e+06,0
2,29,sync__,GPU,3.93591e+06,3.93591e+06,0
2,29,moe_all_reduce_for_gather,GPU,3.93591e+06,3.95424e+06,18327.7
2,29,sync_5,GPU,3.95424e+06,3.95424e+06,0
2,29,sync__set,GPU,3.95424e+06,3.95424e+06,0
2,29,sync__,GPU,3.95424e+06,3.95424e+06,0
2,29,sync_6,GPU,3.95424e+06,3.95424e+06,0
2,29,sync__set,GPU,3.95424e+06,3.95424e+06,0
2,29,sync__,GPU,3.95424e+06,3.95424e+06,0
2,29,residual_2,GPU,3.95424e+06,3.95428e+06,36.1589
2,30,MoE_decoder_30,GPU,3.95428e+06,4.08893e+06,134655
2,30,input_layer_norm,GPU,3.95428e+06,3.95431e+06,36.1589
2,30,attention,GPU,3.95431e+06,3.984e+06,29690.1
2,30,attn_qkv_proj,GPU,3.95431e+06,3.96051e+06,6193.22
2,30,Linear,GPU,3.95431e+06,3.96051e+06,6193.22
2,30,self_attention,GPU,3.96051e+06,3.96154e+06,1035.05
2,30,AttentionSplit,GPU,3.96051e+06,3.96051e+06,0
2,30,AttentionSum,Logic,3.96051e+06,3.96051e+06,0
2,30,AttentionGen,Logic,3.96051e+06,3.96154e+06,1035.05
2,30,AttentionMerge,GPU,3.96154e+06,3.96154e+06,0
2,30,attn_o_proj,GPU,3.96154e+06,3.96568e+06,4134.17
2,30,Linear,GPU,3.96154e+06,3.96568e+06,4134.17
2,30,all_reduce,GPU,3.96568e+06,3.984e+06,18327.7
2,30,residual_1,GPU,3.984e+06,3.98404e+06,36.1589
2,30,post_attn_layer_norm,GPU,3.98404e+06,3.98408e+06,36.1589
2,30,expertFFN,GPU,3.98408e+06,4.0889e+06,104820
2,30,sync_0,GPU,3.98408e+06,3.98408e+06,0
2,30,sync__set,GPU,3.98408e+06,3.98408e+06,0
2,30,sync__,GPU,3.98408e+06,3.98408e+06,0
2,30,gate_fn,GPU,3.98408e+06,3.98412e+06,48.2433
2,30,Linear,GPU,3.98408e+06,3.98412e+06,48.2433
2,30,gate_update,GPU,3.98412e+06,3.98412e+06,0
2,30,moe_scatter,GPU,3.98412e+06,3.98412e+06,0
2,30,sync_for_moe_scatter,GPU,3.98412e+06,3.98412e+06,0
2,30,sync__set,GPU,3.98412e+06,3.98412e+06,0
2,30,sync__,GPU,3.98412e+06,3.98412e+06,0
2,30,moe_route,GPU,3.98412e+06,3.98412e+06,0
2,30,expert_FFN_4,GPU,3.98412e+06,4.02735e+06,43221.9
2,30,gate_proj,GPU,3.98412e+06,3.99853e+06,14403.8
2,30,Linear,Logic,3.98412e+06,3.99853e+06,14403.8
2,30,activation,Logic,3.99853e+06,3.99854e+06,10.5463
2,30,up_proj,GPU,3.99854e+06,4.01294e+06,14403.8
2,30,Linear,Logic,3.99854e+06,4.01294e+06,14403.8
2,30,down_proj,GPU,4.01294e+06,4.02735e+06,14403.8
2,30,Linear,Logic,4.01294e+06,4.02735e+06,14403.8
2,30,expert_FFN_5,GPU,4.02735e+06,4.07057e+06,43221.9
2,30,gate_proj,GPU,4.02735e+06,4.04175e+06,14403.8
2,30,Linear,Logic,4.02735e+06,4.04175e+06,14403.8
2,30,activation,Logic,4.04175e+06,4.04176e+06,10.5463
2,30,up_proj,GPU,4.04176e+06,4.05616e+06,14403.8
2,30,Linear,Logic,4.04176e+06,4.05616e+06,14403.8
2,30,down_proj,GPU,4.05616e+06,4.07057e+06,14403.8
2,30,Linear,Logic,4.05616e+06,4.07057e+06,14403.8
2,30,sync_2,GPU,4.07057e+06,4.07057e+06,0
2,30,sync__set,GPU,4.07057e+06,4.07057e+06,0
2,30,sync__,GPU,4.07057e+06,4.07057e+06,0
2,30,moe_all_reduce_for_e_tp,GPU,4.07057e+06,4.07057e+06,0
2,30,sync_3,GPU,4.07057e+06,4.07057e+06,0
2,30,sync__set,GPU,4.07057e+06,4.07057e+06,0
2,30,sync__,GPU,4.07057e+06,4.07057e+06,0
2,30,moe_gather,GPU,4.07057e+06,4.07057e+06,0
2,30,sync_for_moe_gather,GPU,4.07057e+06,4.07057e+06,0
2,30,sync__set,GPU,4.07057e+06,4.07057e+06,0
2,30,sync__,GPU,4.07057e+06,4.07057e+06,0
2,30,moe_all_reduce_for_gather,GPU,4.07057e+06,4.0889e+06,18327.7
2,30,sync_5,GPU,4.0889e+06,4.0889e+06,0
2,30,sync__set,GPU,4.0889e+06,4.0889e+06,0
2,30,sync__,GPU,4.0889e+06,4.0889e+06,0
2,30,sync_6,GPU,4.0889e+06,4.0889e+06,0
2,30,sync__set,GPU,4.0889e+06,4.0889e+06,0
2,30,sync__,GPU,4.0889e+06,4.0889e+06,0
2,30,residual_2,GPU,4.0889e+06,4.08893e+06,36.1589
2,31,MoE_decoder_31,GPU,4.08893e+06,4.22363e+06,134703
2,31,input_layer_norm,GPU,4.08893e+06,4.08897e+06,36.1589
2,31,attention,GPU,4.08897e+06,4.11866e+06,29690.1
2,31,attn_qkv_proj,GPU,4.08897e+06,4.09516e+06,6193.22
2,31,Linear,GPU,4.08897e+06,4.09516e+06,6193.22
2,31,self_attention,GPU,4.09516e+06,4.0962e+06,1035.05
2,31,AttentionSplit,GPU,4.09516e+06,4.09516e+06,0
2,31,AttentionSum,Logic,4.09516e+06,4.09516e+06,0
2,31,AttentionGen,Logic,4.09516e+06,4.0962e+06,1035.05
2,31,AttentionMerge,GPU,4.0962e+06,4.0962e+06,0
2,31,attn_o_proj,GPU,4.0962e+06,4.10033e+06,4134.17
2,31,Linear,GPU,4.0962e+06,4.10033e+06,4134.17
2,31,all_reduce,GPU,4.10033e+06,4.11866e+06,18327.7
2,31,residual_1,GPU,4.11866e+06,4.11869e+06,36.1589
2,31,post_attn_layer_norm,GPU,4.11869e+06,4.11873e+06,36.1589
2,31,expertFFN,GPU,4.11873e+06,4.2236e+06,104868
2,31,sync_0,GPU,4.11873e+06,4.11873e+06,0
2,31,sync__set,GPU,4.11873e+06,4.11873e+06,0
2,31,sync__,GPU,4.11873e+06,4.11873e+06,0
2,31,gate_fn,GPU,4.11873e+06,4.11878e+06,48.2433
2,31,Linear,GPU,4.11873e+06,4.11878e+06,48.2433
2,31,gate_update,GPU,4.11878e+06,4.11878e+06,0
2,31,moe_scatter,GPU,4.11878e+06,4.11878e+06,0
2,31,sync_for_moe_scatter,GPU,4.11878e+06,4.11878e+06,0
2,31,sync__set,GPU,4.11878e+06,4.11878e+06,0
2,31,sync__,GPU,4.11878e+06,4.11878e+06,0
2,31,moe_route,GPU,4.11878e+06,4.11878e+06,0
2,31,expert_FFN_4,GPU,4.11878e+06,4.16202e+06,43246
2,31,gate_proj,GPU,4.11878e+06,4.13319e+06,14408.3
2,31,Linear,Logic,4.11878e+06,4.13319e+06,14408.3
2,31,activation,Logic,4.13319e+06,4.13321e+06,21.0927
2,31,up_proj,GPU,4.13321e+06,4.14762e+06,14408.3
2,31,Linear,Logic,4.13321e+06,4.14762e+06,14408.3
2,31,down_proj,GPU,4.14762e+06,4.16202e+06,14408.3
2,31,Linear,Logic,4.14762e+06,4.16202e+06,14408.3
2,31,expert_FFN_5,GPU,4.16202e+06,4.20527e+06,43246
2,31,gate_proj,GPU,4.16202e+06,4.17643e+06,14408.3
2,31,Linear,Logic,4.16202e+06,4.17643e+06,14408.3
2,31,activation,Logic,4.17643e+06,4.17645e+06,21.0927
2,31,up_proj,GPU,4.17645e+06,4.19086e+06,14408.3
2,31,Linear,Logic,4.17645e+06,4.19086e+06,14408.3
2,31,down_proj,GPU,4.19086e+06,4.20527e+06,14408.3
2,31,Linear,Logic,4.19086e+06,4.20527e+06,14408.3
2,31,sync_2,GPU,4.20527e+06,4.20527e+06,0
2,31,sync__set,GPU,4.20527e+06,4.20527e+06,0
2,31,sync__,GPU,4.20527e+06,4.20527e+06,0
2,31,moe_all_reduce_for_e_tp,GPU,4.20527e+06,4.20527e+06,0
2,31,sync_3,GPU,4.20527e+06,4.20527e+06,0
2,31,sync__set,GPU,4.20527e+06,4.20527e+06,0
2,31,sync__,GPU,4.20527e+06,4.20527e+06,0
2,31,moe_gather,GPU,4.20527e+06,4.20527e+06,0
2,31,sync_for_moe_gather,GPU,4.20527e+06,4.20527e+06,0
2,31,sync__set,GPU,4.20527e+06,4.20527e+06,0
2,31,sync__,GPU,4.20527e+06,4.20527e+06,0
2,31,moe_all_reduce_for_gather,GPU,4.20527e+06,4.2236e+06,18327.7
2,31,sync_5,GPU,4.2236e+06,4.2236e+06,0
2,31,sync__set,GPU,4.2236e+06,4.2236e+06,0
2,31,sync__,GPU,4.2236e+06,4.2236e+06,0
2,31,sync_6,GPU,4.2236e+06,4.2236e+06,0
2,31,sync__set,GPU,4.2236e+06,4.2236e+06,0
2,31,sync__,GPU,4.2236e+06,4.2236e+06,0
2,31,residual_2,GPU,4.2236e+06,4.22363e+06,36.1589
3,0,MoE_decoder_0,GPU,0,134679,134679
3,0,input_layer_norm,GPU,0,36.1589,36.1589
3,0,attention,GPU,36.1589,29726.3,29690.1
3,0,attn_qkv_proj,GPU,36.1589,6229.38,6193.22
3,0,Linear,GPU,36.1589,6229.38,6193.22
3,0,self_attention,GPU,6229.38,7264.42,1035.05
3,0,AttentionSplit,GPU,6229.38,6229.38,0
3,0,AttentionSum,Logic,6229.38,6229.38,0
3,0,AttentionGen,Logic,6229.38,7264.42,1035.05
3,0,AttentionMerge,GPU,7264.42,7264.42,0
3,0,attn_o_proj,GPU,7264.42,11398.6,4134.17
3,0,Linear,GPU,7264.42,11398.6,4134.17
3,0,all_reduce,GPU,11398.6,29726.3,18327.7
3,0,residual_1,GPU,29726.3,29762.4,36.1589
3,0,post_attn_layer_norm,GPU,29762.4,29798.6,36.1589
3,0,expertFFN,GPU,29798.6,134642,104844
3,0,sync_0,GPU,29798.6,29798.6,0
3,0,sync__set,GPU,29798.6,29798.6,0
3,0,sync__,GPU,29798.6,29798.6,0
3,0,gate_fn,GPU,29798.6,29846.8,48.2433
3,0,Linear,GPU,29798.6,29846.8,48.2433
3,0,gate_update,GPU,29846.8,29846.8,0
3,0,moe_scatter,GPU,29846.8,29846.8,0
3,0,sync_for_moe_scatter,GPU,29846.8,29846.8,0
3,0,sync__set,GPU,29846.8,29846.8,0
3,0,sync__,GPU,29846.8,29846.8,0
3,0,moe_route,GPU,29846.8,29846.8,0
3,0,expert_FFN_6,GPU,29846.8,29846.8,0
3,0,gate_proj,GPU,29846.8,29846.8,0
3,0,Linear,Logic,29846.8,29846.8,0
3,0,activation,Logic,29846.8,29846.8,0
3,0,up_proj,GPU,29846.8,29846.8,0
3,0,Linear,Logic,29846.8,29846.8,0
3,0,down_proj,GPU,29846.8,29846.8,0
3,0,Linear,Logic,29846.8,29846.8,0
3,0,expert_FFN_7,GPU,29846.8,73068.8,43221.9
3,0,gate_proj,GPU,29846.8,44250.6,14403.8
3,0,Linear,Logic,29846.8,44250.6,14403.8
3,0,activation,Logic,44250.6,44261.2,10.5463
3,0,up_proj,GPU,44261.2,58665,14403.8
3,0,Linear,Logic,44261.2,58665,14403.8
3,0,down_proj,GPU,58665,73068.8,14403.8
3,0,Linear,Logic,58665,73068.8,14403.8
3,0,sync_2,GPU,73068.8,116315,43246
3,0,sync__set,GPU,73068.8,73068.8,0
3,0,sync__,GPU,73068.8,116315,43246
3,0,moe_all_reduce_for_e_tp,GPU,116315,116315,0
3,0,sync_3,GPU,116315,116315,0
3,0,sync__set,GPU,116315,116315,0
3,0,sync__,GPU,116315,116315,0
3,0,moe_gather,GPU,116315,116315,0
3,0,sync_for_moe_gather,GPU,116315,116315,0
3,0,sync__set,GPU,116315,116315,0
3,0,sync__,GPU,116315,116315,0
3,0,moe_all_reduce_for_gather,GPU,116315,134642,18327.7
3,0,sync_5,GPU,134642,134642,0
3,0,sync__set,GPU,134642,134642,0
3,0,sync__,GPU,134642,134642,0
3,0,sync_6,GPU,134642,134642,0
3,0,sync__set,GPU,134642,134642,0
3,0,sync__,GPU,134642,134642,0
3,0,residual_2,GPU,134642,134679,36.1589
3,1,MoE_decoder_1,GPU,134679,269406,134727
3,1,input_layer_norm,GPU,134679,134715,36.1589
3,1,attention,GPU,134715,164405,29690.1
3,1,attn_qkv_proj,GPU,134715,140908,6193.22
3,1,Linear,GPU,134715,140908,6193.22
3,1,self_attention,GPU,140908,141943,1035.05
3,1,AttentionSplit,GPU,140908,140908,0
3,1,AttentionSum,Logic,140908,140908,0
3,1,AttentionGen,Logic,140908,141943,1035.05
3,1,AttentionMerge,GPU,141943,141943,0
3,1,attn_o_proj,GPU,141943,146077,4134.17
3,1,Linear,GPU,141943,146077,4134.17
3,1,all_reduce,GPU,146077,164405,18327.7
3,1,residual_1,GPU,164405,164441,36.1589
3,1,post_attn_layer_norm,GPU,164441,164477,36.1589
3,1,expertFFN,GPU,164477,269369,104892
3,1,sync_0,GPU,164477,164477,0
3,1,sync__set,GPU,164477,164477,0
3,1,sync__,GPU,164477,164477,0
3,1,gate_fn,GPU,164477,164525,48.2433
3,1,Linear,GPU,164477,164525,48.2433
3,1,gate_update,GPU,164525,164525,0
3,1,moe_scatter,GPU,164525,164525,0
3,1,sync_for_moe_scatter,GPU,164525,164525,0
3,1,sync__set,GPU,164525,164525,0
3,1,sync__,GPU,164525,164525,0
3,1,moe_route,GPU,164525,164525,0
3,1,expert_FFN_6,GPU,164525,207747,43221.9
3,1,gate_proj,GPU,164525,178929,14403.8
3,1,Linear,Logic,164525,178929,14403.8
3,1,activation,Logic,178929,178940,10.5463
3,1,up_proj,GPU,178940,193344,14403.8
3,1,Linear,Logic,178940,193344,14403.8
3,1,down_proj,GPU,193344,207747,14403.8
3,1,Linear,Logic,193344,207747,14403.8
3,1,expert_FFN_7,GPU,207747,250969,43221.9
3,1,gate_proj,GPU,207747,222151,14403.8
3,1,Linear,Logic,207747,222151,14403.8
3,1,activation,Logic,222151,222162,10.5463
3,1,up_proj,GPU,222162,236566,14403.8
3,1,Linear,Logic,222162,236566,14403.8
3,1,down_proj,GPU,236566,250969,14403.8
3,1,Linear,Logic,236566,250969,14403.8
3,1,sync_2,GPU,250969,251042,72.3178
3,1,sync__set,GPU,250969,250969,0
3,1,sync__,GPU,250969,251042,72.3178
3,1,moe_all_reduce_for_e_tp,GPU,251042,251042,0
3,1,sync_3,GPU,251042,251042,0
3,1,sync__set,GPU,251042,251042,0
3,1,sync__,GPU,251042,251042,0
3,1,moe_gather,GPU,251042,251042,0
3,1,sync_for_moe_gather,GPU,251042,251042,0
3,1,sync__set,GPU,251042,251042,0
3,1,sync__,GPU,251042,251042,0
3,1,moe_all_reduce_for_gather,GPU,251042,269369,18327.7
3,1,sync_5,GPU,269369,269369,0
3,1,sync__set,GPU,269369,269369,0
3,1,sync__,GPU,269369,269369,0
3,1,sync_6,GPU,269369,269369,0
3,1,sync__set,GPU,269369,269369,0
3,1,sync__,GPU,269369,269369,0
3,1,residual_2,GPU,269369,269406,36.1589
3,2,MoE_decoder_2,GPU,269406,404108,134703
3,2,input_layer_norm,GPU,269406,269442,36.1589
3,2,attention,GPU,269442,299132,29690.1
3,2,attn_qkv_proj,GPU,269442,275635,6193.22
3,2,Linear,GPU,269442,275635,6193.22
3,2,self_attention,GPU,275635,276670,1035.05
3,2,AttentionSplit,GPU,275635,275635,0
3,2,AttentionSum,Logic,275635,275635,0
3,2,AttentionGen,Logic,275635,276670,1035.05
3,2,AttentionMerge,GPU,276670,276670,0
3,2,attn_o_proj,GPU,276670,280804,4134.17
3,2,Linear,GPU,276670,280804,4134.17
3,2,all_reduce,GPU,280804,299132,18327.7
3,2,residual_1,GPU,299132,299168,36.1589
3,2,post_attn_layer_norm,GPU,299168,299204,36.1589
3,2,expertFFN,GPU,299204,404072,104868
3,2,sync_0,GPU,299204,299204,0
3,2,sync__set,GPU,299204,299204,0
3,2,sync__,GPU,299204,299204,0
3,2,gate_fn,GPU,299204,299252,48.2433
3,2,Linear,GPU,299204,299252,48.2433
3,2,gate_update,GPU,299252,299252,0
3,2,moe_scatter,GPU,299252,299252,0
3,2,sync_for_moe_scatter,GPU,299252,299252,0
3,2,sync__set,GPU,299252,299252,0
3,2,sync__,GPU,299252,299252,0
3,2,moe_route,GPU,299252,299252,0
3,2,expert_FFN_6,GPU,299252,342498,43246
3,2,gate_proj,GPU,299252,313661,14408.3
3,2,Linear,Logic,299252,313661,14408.3
3,2,activation,Logic,313661,313682,21.0927
3,2,up_proj,GPU,313682,328090,14408.3
3,2,Linear,Logic,313682,328090,14408.3
3,2,down_proj,GPU,328090,342498,14408.3
3,2,Linear,Logic,328090,342498,14408.3
3,2,expert_FFN_7,GPU,342498,385744,43246
3,2,gate_proj,GPU,342498,356907,14408.3
3,2,Linear,Logic,342498,356907,14408.3
3,2,activation,Logic,356907,356928,21.0927
3,2,up_proj,GPU,356928,371336,14408.3
3,2,Linear,Logic,356928,371336,14408.3
3,2,down_proj,GPU,371336,385744,14408.3
3,2,Linear,Logic,371336,385744,14408.3
3,2,sync_2,GPU,385744,385744,0
3,2,sync__set,GPU,385744,385744,0
3,2,sync__,GPU,385744,385744,0
3,2,moe_all_reduce_for_e_tp,GPU,385744,385744,0
3,2,sync_3,GPU,385744,385744,0
3,2,sync__set,GPU,385744,385744,0
3,2,sync__,GPU,385744,385744,0
3,2,moe_gather,GPU,385744,385744,0
3,2,sync_for_moe_gather,GPU,385744,385744,0
3,2,sync__set,GPU,385744,385744,0
3,2,sync__,GPU,385744,385744,0
3,2,moe_all_reduce_for_gather,GPU,385744,404072,18327.7
3,2,sync_5,GPU,404072,404072,0
3,2,sync__set,GPU,404072,404072,0
3,2,sync__,GPU,404072,404072,0
3,2,sync_6,GPU,404072,404072,0
3,2,sync__set,GPU,404072,404072,0
3,2,sync__,GPU,404072,404072,0
3,2,residual_2,GPU,404072,404108,36.1589
3,3,MoE_decoder_3,GPU,404108,538787,134679
3,3,input_layer_norm,GPU,404108,404144,36.1589
3,3,attention,GPU,404144,433835,29690.1
3,3,attn_qkv_proj,GPU,404144,410338,6193.22
3,3,Linear,GPU,404144,410338,6193.22
3,3,self_attention,GPU,410338,411373,1035.05
3,3,AttentionSplit,GPU,410338,410338,0
3,3,AttentionSum,Logic,410338,410338,0
3,3,AttentionGen,Logic,410338,411373,1035.05
3,3,AttentionMerge,GPU,411373,411373,0
3,3,attn_o_proj,GPU,411373,415507,4134.17
3,3,Linear,GPU,411373,415507,4134.17
3,3,all_reduce,GPU,415507,433835,18327.7
3,3,residual_1,GPU,433835,433871,36.1589
3,3,post_attn_layer_norm,GPU,433871,433907,36.1589
3,3,expertFFN,GPU,433907,538751,104844
3,3,sync_0,GPU,433907,433907,0
3,3,sync__set,GPU,433907,433907,0
3,3,sync__,GPU,433907,433907,0
3,3,gate_fn,GPU,433907,433955,48.2433
3,3,Linear,GPU,433907,433955,48.2433
3,3,gate_update,GPU,433955,433955,0
3,3,moe_scatter,GPU,433955,433955,0
3,3,sync_for_moe_scatter,GPU,433955,433955,0
3,3,sync__set,GPU,433955,433955,0
3,3,sync__,GPU,433955,433955,0
3,3,moe_route,GPU,433955,433955,0
3,3,expert_FFN_6,GPU,433955,477201,43246
3,3,gate_proj,GPU,433955,448363,14408.3
3,3,Linear,Logic,433955,448363,14408.3
3,3,activation,Logic,448363,448385,21.0927
3,3,up_proj,GPU,448385,462793,14408.3
3,3,Linear,Logic,448385,462793,14408.3
3,3,down_proj,GPU,462793,477201,14408.3
3,3,Linear,Logic,462793,477201,14408.3
3,3,expert_FFN_7,GPU,477201,477201,0
3,3,gate_proj,GPU,477201,477201,0
3,3,Linear,Logic,477201,477201,0
3,3,activation,Logic,477201,477201,0
3,3,up_proj,GPU,477201,477201,0
3,3,Linear,Logic,477201,477201,0
3,3,down_proj,GPU,477201,477201,0
3,3,Linear,Logic,477201,477201,0
3,3,sync_2,GPU,477201,520423,43221.9
3,3,sync__set,GPU,477201,477201,0
3,3,sync__,GPU,477201,520423,43221.9
3,3,moe_all_reduce_for_e_tp,GPU,520423,520423,0
3,3,sync_3,GPU,520423,520423,0
3,3,sync__set,GPU,520423,520423,0
3,3,sync__,GPU,520423,520423,0
3,3,moe_gather,GPU,520423,520423,0
3,3,sync_for_moe_gather,GPU,520423,520423,0
3,3,sync__set,GPU,520423,520423,0
3,3,sync__,GPU,520423,520423,0
3,3,moe_all_reduce_for_gather,GPU,520423,538751,18327.7
3,3,sync_5,GPU,538751,538751,0
3,3,sync__set,GPU,538751,538751,0
3,3,sync__,GPU,538751,538751,0
3,3,sync_6,GPU,538751,538751,0
3,3,sync__set,GPU,538751,538751,0
3,3,sync__,GPU,538751,538751,0
3,3,residual_2,GPU,538751,538787,36.1589
3,4,MoE_decoder_4,GPU,538787,673514,134727
3,4,input_layer_norm,GPU,538787,538823,36.1589
3,4,attention,GPU,538823,568513,29690.1
3,4,attn_qkv_proj,GPU,538823,545016,6193.22
3,4,Linear,GPU,538823,545016,6193.22
3,4,self_attention,GPU,545016,546051,1035.05
3,4,AttentionSplit,GPU,545016,545016,0
3,4,AttentionSum,Logic,545016,545016,0
3,4,AttentionGen,Logic,545016,546051,1035.05
3,4,AttentionMerge,GPU,546051,546051,0
3,4,attn_o_proj,GPU,546051,550186,4134.17
3,4,Linear,GPU,546051,550186,4134.17
3,4,all_reduce,GPU,550186,568513,18327.7
3,4,residual_1,GPU,568513,568549,36.1589
3,4,post_attn_layer_norm,GPU,568549,568586,36.1589
3,4,expertFFN,GPU,568586,673478,104892
3,4,sync_0,GPU,568586,568586,0
3,4,sync__set,GPU,568586,568586,0
3,4,sync__,GPU,568586,568586,0
3,4,gate_fn,GPU,568586,568634,48.2433
3,4,Linear,GPU,568586,568634,48.2433
3,4,gate_update,GPU,568634,568634,0
3,4,moe_scatter,GPU,568634,568634,0
3,4,sync_for_moe_scatter,GPU,568634,568634,0
3,4,sync__set,GPU,568634,568634,0
3,4,sync__,GPU,568634,568634,0
3,4,moe_route,GPU,568634,568634,0
3,4,expert_FFN_6,GPU,568634,568634,0
3,4,gate_proj,GPU,568634,568634,0
3,4,Linear,Logic,568634,568634,0
3,4,activation,Logic,568634,568634,0
3,4,up_proj,GPU,568634,568634,0
3,4,Linear,Logic,568634,568634,0
3,4,down_proj,GPU,568634,568634,0
3,4,Linear,Logic,568634,568634,0
3,4,expert_FFN_7,GPU,568634,611856,43221.9
3,4,gate_proj,GPU,568634,583038,14403.8
3,4,Linear,Logic,568634,583038,14403.8
3,4,activation,Logic,583038,583048,10.5463
3,4,up_proj,GPU,583048,597452,14403.8
3,4,Linear,Logic,583048,597452,14403.8
3,4,down_proj,GPU,597452,611856,14403.8
3,4,Linear,Logic,597452,611856,14403.8
3,4,sync_2,GPU,611856,655150,43294.3
3,4,sync__set,GPU,611856,611856,0
3,4,sync__,GPU,611856,655150,43294.3
3,4,moe_all_reduce_for_e_tp,GPU,655150,655150,0
3,4,sync_3,GPU,655150,655150,0
3,4,sync__set,GPU,655150,655150,0
3,4,sync__,GPU,655150,655150,0
3,4,moe_gather,GPU,655150,655150,0
3,4,sync_for_moe_gather,GPU,655150,655150,0
3,4,sync__set,GPU,655150,655150,0
3,4,sync__,GPU,655150,655150,0
3,4,moe_all_reduce_for_gather,GPU,655150,673478,18327.7
3,4,sync_5,GPU,673478,673478,0
3,4,sync__set,GPU,673478,673478,0
3,4,sync__,GPU,673478,673478,0
3,4,sync_6,GPU,673478,673478,0
3,4,sync__set,GPU,673478,673478,0
3,4,sync__,GPU,673478,673478,0
3,4,residual_2,GPU,673478,673514,36.1589
3,5,MoE_decoder_5,GPU,673514,808217,134703
3,5,input_layer_norm,GPU,673514,673550,36.1589
3,5,attention,GPU,673550,703240,29690.1
3,5,attn_qkv_proj,GPU,673550,679743,6193.22
3,5,Linear,GPU,673550,679743,6193.22
3,5,self_attention,GPU,679743,680778,1035.05
3,5,AttentionSplit,GPU,679743,679743,0
3,5,AttentionSum,Logic,679743,679743,0
3,5,AttentionGen,Logic,679743,680778,1035.05
3,5,AttentionMerge,GPU,680778,680778,0
3,5,attn_o_proj,GPU,680778,684912,4134.17
3,5,Linear,GPU,680778,684912,4134.17
3,5,all_reduce,GPU,684912,703240,18327.7
3,5,residual_1,GPU,703240,703276,36.1589
3,5,post_attn_layer_norm,GPU,703276,703312,36.1589
3,5,expertFFN,GPU,703312,808180,104868
3,5,sync_0,GPU,703312,703312,0
3,5,sync__set,GPU,703312,703312,0
3,5,sync__,GPU,703312,703312,0
3,5,gate_fn,GPU,703312,703361,48.2433
3,5,Linear,GPU,703312,703361,48.2433
3,5,gate_update,GPU,703361,703361,0
3,5,moe_scatter,GPU,703361,703361,0
3,5,sync_for_moe_scatter,GPU,703361,703361,0
3,5,sync__set,GPU,703361,703361,0
3,5,sync__,GPU,703361,703361,0
3,5,moe_route,GPU,703361,703361,0
3,5,expert_FFN_6,GPU,703361,746607,43246
3,5,gate_proj,GPU,703361,717769,14408.3
3,5,Linear,Logic,703361,717769,14408.3
3,5,activation,Logic,717769,717790,21.0927
3,5,up_proj,GPU,717790,732198,14408.3
3,5,Linear,Logic,717790,732198,14408.3
3,5,down_proj,GPU,732198,746607,14408.3
3,5,Linear,Logic,732198,746607,14408.3
3,5,expert_FFN_7,GPU,746607,746607,0
3,5,gate_proj,GPU,746607,746607,0
3,5,Linear,Logic,746607,746607,0
3,5,activation,Logic,746607,746607,0
3,5,up_proj,GPU,746607,746607,0
3,5,Linear,Logic,746607,746607,0
3,5,down_proj,GPU,746607,746607,0
3,5,Linear,Logic,746607,746607,0
3,5,sync_2,GPU,746607,789853,43246
3,5,sync__set,GPU,746607,746607,0
3,5,sync__,GPU,746607,789853,43246
3,5,moe_all_reduce_for_e_tp,GPU,789853,789853,0
3,5,sync_3,GPU,789853,789853,0
3,5,sync__set,GPU,789853,789853,0
3,5,sync__,GPU,789853,789853,0
3,5,moe_gather,GPU,789853,789853,0
3,5,sync_for_moe_gather,GPU,789853,789853,0
3,5,sync__set,GPU,789853,789853,0
3,5,sync__,GPU,789853,789853,0
3,5,moe_all_reduce_for_gather,GPU,789853,808180,18327.7
3,5,sync_5,GPU,808180,808180,0
3,5,sync__set,GPU,808180,808180,0
3,5,sync__,GPU,808180,808180,0
3,5,sync_6,GPU,808180,808180,0
3,5,sync__set,GPU,808180,808180,0
3,5,sync__,GPU,808180,808180,0
3,5,residual_2,GPU,808180,808217,36.1589
3,6,MoE_decoder_6,GPU,808217,942895,134679
3,6,input_layer_norm,GPU,808217,808253,36.1589
3,6,attention,GPU,808253,837943,29690.1
3,6,attn_qkv_proj,GPU,808253,814446,6193.22
3,6,Linear,GPU,808253,814446,6193.22
3,6,self_attention,GPU,814446,815481,1035.05
3,6,AttentionSplit,GPU,814446,814446,0
3,6,AttentionSum,Logic,814446,814446,0
3,6,AttentionGen,Logic,814446,815481,1035.05
3,6,AttentionMerge,GPU,815481,815481,0
3,6,attn_o_proj,GPU,815481,819615,4134.17
3,6,Linear,GPU,815481,819615,4134.17
3,6,all_reduce,GPU,819615,837943,18327.7
3,6,residual_1,GPU,837943,837979,36.1589
3,6,post_attn_layer_norm,GPU,837979,838015,36.1589
3,6,expertFFN,GPU,838015,942859,104844
3,6,sync_0,GPU,838015,838015,0
3,6,sync__set,GPU,838015,838015,0
3,6,sync__,GPU,838015,838015,0
3,6,gate_fn,GPU,838015,838063,48.2433
3,6,Linear,GPU,838015,838063,48.2433
3,6,gate_update,GPU,838063,838063,0
3,6,moe_scatter,GPU,838063,838063,0
3,6,sync_for_moe_scatter,GPU,838063,838063,0
3,6,sync__set,GPU,838063,838063,0
3,6,sync__,GPU,838063,838063,0
3,6,moe_route,GPU,838063,838063,0
3,6,expert_FFN_6,GPU,838063,881285,43221.9
3,6,gate_proj,GPU,838063,852467,14403.8
3,6,Linear,Logic,838063,852467,14403.8
3,6,activation,Logic,852467,852478,10.5463
3,6,up_proj,GPU,852478,866882,14403.8
3,6,Linear,Logic,852478,866882,14403.8
3,6,down_proj,GPU,866882,881285,14403.8
3,6,Linear,Logic,866882,881285,14403.8
3,6,expert_FFN_7,GPU,881285,924531,43246
3,6,gate_proj,GPU,881285,895694,14408.3
3,6,Linear,Logic,881285,895694,14408.3
3,6,activation,Logic,895694,895715,21.0927
3,6,up_proj,GPU,895715,910123,14408.3
3,6,Linear,Logic,895715,910123,14408.3
3,6,down_proj,GPU,910123,924531,14408.3
3,6,Linear,Logic,910123,924531,14408.3
3,6,sync_2,GPU,924531,924531,0
3,6,sync__set,GPU,924531,924531,0
3,6,sync__,GPU,924531,924531,0
3,6,moe_all_reduce_for_e_tp,GPU,924531,924531,0
3,6,sync_3,GPU,924531,924531,0
3,6,sync__set,GPU,924531,924531,0
3,6,sync__,GPU,924531,924531,0
3,6,moe_gather,GPU,924531,924531,0
3,6,sync_for_moe_gather,GPU,924531,924531,0
3,6,sync__set,GPU,924531,924531,0
3,6,sync__,GPU,924531,924531,0
3,6,moe_all_reduce_for_gather,GPU,924531,942859,18327.7
3,6,sync_5,GPU,942859,942859,0
3,6,sync__set,GPU,942859,942859,0
3,6,sync__,GPU,942859,942859,0
3,6,sync_6,GPU,942859,942859,0
3,6,sync__set,GPU,942859,942859,0
3,6,sync__,GPU,942859,942859,0
3,6,residual_2,GPU,942859,942895,36.1589
3,7,MoE_decoder_7,GPU,942895,1.07755e+06,134655
3,7,input_layer_norm,GPU,942895,942931,36.1589
3,7,attention,GPU,942931,972622,29690.1
3,7,attn_qkv_proj,GPU,942931,949125,6193.22
3,7,Linear,GPU,942931,949125,6193.22
3,7,self_attention,GPU,949125,950160,1035.05
3,7,AttentionSplit,GPU,949125,949125,0
3,7,AttentionSum,Logic,949125,949125,0
3,7,AttentionGen,Logic,949125,950160,1035.05
3,7,AttentionMerge,GPU,950160,950160,0
3,7,attn_o_proj,GPU,950160,954294,4134.17
3,7,Linear,GPU,950160,954294,4134.17
3,7,all_reduce,GPU,954294,972622,18327.7
3,7,residual_1,GPU,972622,972658,36.1589
3,7,post_attn_layer_norm,GPU,972658,972694,36.1589
3,7,expertFFN,GPU,972694,1.07751e+06,104820
3,7,sync_0,GPU,972694,972694,0
3,7,sync__set,GPU,972694,972694,0
3,7,sync__,GPU,972694,972694,0
3,7,gate_fn,GPU,972694,972742,48.2433
3,7,Linear,GPU,972694,972742,48.2433
3,7,gate_update,GPU,972742,972742,0
3,7,moe_scatter,GPU,972742,972742,0
3,7,sync_for_moe_scatter,GPU,972742,972742,0
3,7,sync__set,GPU,972742,972742,0
3,7,sync__,GPU,972742,972742,0
3,7,moe_route,GPU,972742,972742,0
3,7,expert_FFN_6,GPU,972742,972742,0
3,7,gate_proj,GPU,972742,972742,0
3,7,Linear,Logic,972742,972742,0
3,7,activation,Logic,972742,972742,0
3,7,up_proj,GPU,972742,972742,0
3,7,Linear,Logic,972742,972742,0
3,7,down_proj,GPU,972742,972742,0
3,7,Linear,Logic,972742,972742,0
3,7,expert_FFN_7,GPU,972742,1.01599e+06,43246
3,7,gate_proj,GPU,972742,987150,14408.3
3,7,Linear,Logic,972742,987150,14408.3
3,7,activation,Logic,987150,987171,21.0927
3,7,up_proj,GPU,987171,1.00158e+06,14408.3
3,7,Linear,Logic,987171,1.00158e+06,14408.3
3,7,down_proj,GPU,1.00158e+06,1.01599e+06,14408.3
3,7,Linear,Logic,1.00158e+06,1.01599e+06,14408.3
3,7,sync_2,GPU,1.01599e+06,1.05919e+06,43197.8
3,7,sync__set,GPU,1.01599e+06,1.01599e+06,0
3,7,sync__,GPU,1.01599e+06,1.05919e+06,43197.8
3,7,moe_all_reduce_for_e_tp,GPU,1.05919e+06,1.05919e+06,0
3,7,sync_3,GPU,1.05919e+06,1.05919e+06,0
3,7,sync__set,GPU,1.05919e+06,1.05919e+06,0
3,7,sync__,GPU,1.05919e+06,1.05919e+06,0
3,7,moe_gather,GPU,1.05919e+06,1.05919e+06,0
3,7,sync_for_moe_gather,GPU,1.05919e+06,1.05919e+06,0
3,7,sync__set,GPU,1.05919e+06,1.05919e+06,0
3,7,sync__,GPU,1.05919e+06,1.05919e+06,0
3,7,moe_all_reduce_for_gather,GPU,1.05919e+06,1.07751e+06,18327.7
3,7,sync_5,GPU,1.07751e+06,1.07751e+06,0
3,7,sync__set,GPU,1.07751e+06,1.07751e+06,0
3,7,sync__,GPU,1.07751e+06,1.07751e+06,0
3,7,sync_6,GPU,1.07751e+06,1.07751e+06,0
3,7,sync__set,GPU,1.07751e+06,1.07751e+06,0
3,7,sync__,GPU,1.07751e+06,1.07751e+06,0
3,7,residual_2,GPU,1.07751e+06,1.07755e+06,36.1589
3,8,MoE_decoder_8,GPU,1.07755e+06,1.21223e+06,134679
3,8,input_layer_norm,GPU,1.07755e+06,1.07759e+06,36.1589
3,8,attention,GPU,1.07759e+06,1.10728e+06,29690.1
3,8,attn_qkv_proj,GPU,1.07759e+06,1.08378e+06,6193.22
3,8,Linear,GPU,1.07759e+06,1.08378e+06,6193.22
3,8,self_attention,GPU,1.08378e+06,1.08481e+06,1035.05
3,8,AttentionSplit,GPU,1.08378e+06,1.08378e+06,0
3,8,AttentionSum,Logic,1.08378e+06,1.08378e+06,0
3,8,AttentionGen,Logic,1.08378e+06,1.08481e+06,1035.05
3,8,AttentionMerge,GPU,1.08481e+06,1.08481e+06,0
3,8,attn_o_proj,GPU,1.08481e+06,1.08895e+06,4134.17
3,8,Linear,GPU,1.08481e+06,1.08895e+06,4134.17
3,8,all_reduce,GPU,1.08895e+06,1.10728e+06,18327.7
3,8,residual_1,GPU,1.10728e+06,1.10731e+06,36.1589
3,8,post_attn_layer_norm,GPU,1.10731e+06,1.10735e+06,36.1589
3,8,expertFFN,GPU,1.10735e+06,1.21219e+06,104844
3,8,sync_0,GPU,1.10735e+06,1.10735e+06,0
3,8,sync__set,GPU,1.10735e+06,1.10735e+06,0
3,8,sync__,GPU,1.10735e+06,1.10735e+06,0
3,8,gate_fn,GPU,1.10735e+06,1.1074e+06,48.2433
3,8,Linear,GPU,1.10735e+06,1.1074e+06,48.2433
3,8,gate_update,GPU,1.1074e+06,1.1074e+06,0
3,8,moe_scatter,GPU,1.1074e+06,1.1074e+06,0
3,8,sync_for_moe_scatter,GPU,1.1074e+06,1.1074e+06,0
3,8,sync__set,GPU,1.1074e+06,1.1074e+06,0
3,8,sync__,GPU,1.1074e+06,1.1074e+06,0
3,8,moe_route,GPU,1.1074e+06,1.1074e+06,0
3,8,expert_FFN_6,GPU,1.1074e+06,1.15062e+06,43221.9
3,8,gate_proj,GPU,1.1074e+06,1.1218e+06,14403.8
3,8,Linear,Logic,1.1074e+06,1.1218e+06,14403.8
3,8,activation,Logic,1.1218e+06,1.12181e+06,10.5463
3,8,up_proj,GPU,1.12181e+06,1.13621e+06,14403.8
3,8,Linear,Logic,1.12181e+06,1.13621e+06,14403.8
3,8,down_proj,GPU,1.13621e+06,1.15062e+06,14403.8
3,8,Linear,Logic,1.13621e+06,1.15062e+06,14403.8
3,8,expert_FFN_7,GPU,1.15062e+06,1.19386e+06,43246
3,8,gate_proj,GPU,1.15062e+06,1.16503e+06,14408.3
3,8,Linear,Logic,1.15062e+06,1.16503e+06,14408.3
3,8,activation,Logic,1.16503e+06,1.16505e+06,21.0927
3,8,up_proj,GPU,1.16505e+06,1.17946e+06,14408.3
3,8,Linear,Logic,1.16505e+06,1.17946e+06,14408.3
3,8,down_proj,GPU,1.17946e+06,1.19386e+06,14408.3
3,8,Linear,Logic,1.17946e+06,1.19386e+06,14408.3
3,8,sync_2,GPU,1.19386e+06,1.19386e+06,0
3,8,sync__set,GPU,1.19386e+06,1.19386e+06,0
3,8,sync__,GPU,1.19386e+06,1.19386e+06,0
3,8,moe_all_reduce_for_e_tp,GPU,1.19386e+06,1.19386e+06,0
3,8,sync_3,GPU,1.19386e+06,1.19386e+06,0
3,8,sync__set,GPU,1.19386e+06,1.19386e+06,0
3,8,sync__,GPU,1.19386e+06,1.19386e+06,0
3,8,moe_gather,GPU,1.19386e+06,1.19386e+06,0
3,8,sync_for_moe_gather,GPU,1.19386e+06,1.19386e+06,0
3,8,sync__set,GPU,1.19386e+06,1.19386e+06,0
3,8,sync__,GPU,1.19386e+06,1.19386e+06,0
3,8,moe_all_reduce_for_gather,GPU,1.19386e+06,1.21219e+06,18327.7
3,8,sync_5,GPU,1.21219e+06,1.21219e+06,0
3,8,sync__set,GPU,1.21219e+06,1.21219e+06,0
3,8,sync__,GPU,1.21219e+06,1.21219e+06,0
3,8,sync_6,GPU,1.21219e+06,1.21219e+06,0
3,8,sync__set,GPU,1.21219e+06,1.21219e+06,0
3,8,sync__,GPU,1.21219e+06,1.21219e+06,0
3,8,residual_2,GPU,1.21219e+06,1.21223e+06,36.1589
3,9,MoE_decoder_9,GPU,1.21223e+06,1.34691e+06,134679
3,9,input_layer_norm,GPU,1.21223e+06,1.21226e+06,36.1589
3,9,attention,GPU,1.21226e+06,1.24195e+06,29690.1
3,9,attn_qkv_proj,GPU,1.21226e+06,1.21846e+06,6193.22
3,9,Linear,GPU,1.21226e+06,1.21846e+06,6193.22
3,9,self_attention,GPU,1.21846e+06,1.21949e+06,1035.05
3,9,AttentionSplit,GPU,1.21846e+06,1.21846e+06,0
3,9,AttentionSum,Logic,1.21846e+06,1.21846e+06,0
3,9,AttentionGen,Logic,1.21846e+06,1.21949e+06,1035.05
3,9,AttentionMerge,GPU,1.21949e+06,1.21949e+06,0
3,9,attn_o_proj,GPU,1.21949e+06,1.22363e+06,4134.17
3,9,Linear,GPU,1.21949e+06,1.22363e+06,4134.17
3,9,all_reduce,GPU,1.22363e+06,1.24195e+06,18327.7
3,9,residual_1,GPU,1.24195e+06,1.24199e+06,36.1589
3,9,post_attn_layer_norm,GPU,1.24199e+06,1.24203e+06,36.1589
3,9,expertFFN,GPU,1.24203e+06,1.34687e+06,104844
3,9,sync_0,GPU,1.24203e+06,1.24203e+06,0
3,9,sync__set,GPU,1.24203e+06,1.24203e+06,0
3,9,sync__,GPU,1.24203e+06,1.24203e+06,0
3,9,gate_fn,GPU,1.24203e+06,1.24208e+06,48.2433
3,9,Linear,GPU,1.24203e+06,1.24208e+06,48.2433
3,9,gate_update,GPU,1.24208e+06,1.24208e+06,0
3,9,moe_scatter,GPU,1.24208e+06,1.24208e+06,0
3,9,sync_for_moe_scatter,GPU,1.24208e+06,1.24208e+06,0
3,9,sync__set,GPU,1.24208e+06,1.24208e+06,0
3,9,sync__,GPU,1.24208e+06,1.24208e+06,0
3,9,moe_route,GPU,1.24208e+06,1.24208e+06,0
3,9,expert_FFN_6,GPU,1.24208e+06,1.24208e+06,0
3,9,gate_proj,GPU,1.24208e+06,1.24208e+06,0
3,9,Linear,Logic,1.24208e+06,1.24208e+06,0
3,9,activation,Logic,1.24208e+06,1.24208e+06,0
3,9,up_proj,GPU,1.24208e+06,1.24208e+06,0
3,9,Linear,Logic,1.24208e+06,1.24208e+06,0
3,9,down_proj,GPU,1.24208e+06,1.24208e+06,0
3,9,Linear,Logic,1.24208e+06,1.24208e+06,0
3,9,expert_FFN_7,GPU,1.24208e+06,1.2853e+06,43221.9
3,9,gate_proj,GPU,1.24208e+06,1.25648e+06,14403.8
3,9,Linear,Logic,1.24208e+06,1.25648e+06,14403.8
3,9,activation,Logic,1.25648e+06,1.25649e+06,10.5463
3,9,up_proj,GPU,1.25649e+06,1.27089e+06,14403.8
3,9,Linear,Logic,1.25649e+06,1.27089e+06,14403.8
3,9,down_proj,GPU,1.27089e+06,1.2853e+06,14403.8
3,9,Linear,Logic,1.27089e+06,1.2853e+06,14403.8
3,9,sync_2,GPU,1.2853e+06,1.32854e+06,43246
3,9,sync__set,GPU,1.2853e+06,1.2853e+06,0
3,9,sync__,GPU,1.2853e+06,1.32854e+06,43246
3,9,moe_all_reduce_for_e_tp,GPU,1.32854e+06,1.32854e+06,0
3,9,sync_3,GPU,1.32854e+06,1.32854e+06,0
3,9,sync__set,GPU,1.32854e+06,1.32854e+06,0
3,9,sync__,GPU,1.32854e+06,1.32854e+06,0
3,9,moe_gather,GPU,1.32854e+06,1.32854e+06,0
3,9,sync_for_moe_gather,GPU,1.32854e+06,1.32854e+06,0
3,9,sync__set,GPU,1.32854e+06,1.32854e+06,0
3,9,sync__,GPU,1.32854e+06,1.32854e+06,0
3,9,moe_all_reduce_for_gather,GPU,1.32854e+06,1.34687e+06,18327.7
3,9,sync_5,GPU,1.34687e+06,1.34687e+06,0
3,9,sync__set,GPU,1.34687e+06,1.34687e+06,0
3,9,sync__,GPU,1.34687e+06,1.34687e+06,0
3,9,sync_6,GPU,1.34687e+06,1.34687e+06,0
3,9,sync__set,GPU,1.34687e+06,1.34687e+06,0
3,9,sync__,GPU,1.34687e+06,1.34687e+06,0
3,9,residual_2,GPU,1.34687e+06,1.34691e+06,36.1589
3,10,MoE_decoder_10,GPU,1.34691e+06,1.48161e+06,134703
3,10,input_layer_norm,GPU,1.34691e+06,1.34694e+06,36.1589
3,10,attention,GPU,1.34694e+06,1.37663e+06,29690.1
3,10,attn_qkv_proj,GPU,1.34694e+06,1.35314e+06,6193.22
3,10,Linear,GPU,1.34694e+06,1.35314e+06,6193.22
3,10,self_attention,GPU,1.35314e+06,1.35417e+06,1035.05
3,10,AttentionSplit,GPU,1.35314e+06,1.35314e+06,0
3,10,AttentionSum,Logic,1.35314e+06,1.35314e+06,0
3,10,AttentionGen,Logic,1.35314e+06,1.35417e+06,1035.05
3,10,AttentionMerge,GPU,1.35417e+06,1.35417e+06,0
3,10,attn_o_proj,GPU,1.35417e+06,1.35831e+06,4134.17
3,10,Linear,GPU,1.35417e+06,1.35831e+06,4134.17
3,10,all_reduce,GPU,1.35831e+06,1.37663e+06,18327.7
3,10,residual_1,GPU,1.37663e+06,1.37667e+06,36.1589
3,10,post_attn_layer_norm,GPU,1.37667e+06,1.37671e+06,36.1589
3,10,expertFFN,GPU,1.37671e+06,1.48157e+06,104868
3,10,sync_0,GPU,1.37671e+06,1.37671e+06,0
3,10,sync__set,GPU,1.37671e+06,1.37671e+06,0
3,10,sync__,GPU,1.37671e+06,1.37671e+06,0
3,10,gate_fn,GPU,1.37671e+06,1.37675e+06,48.2433
3,10,Linear,GPU,1.37671e+06,1.37675e+06,48.2433
3,10,gate_update,GPU,1.37675e+06,1.37675e+06,0
3,10,moe_scatter,GPU,1.37675e+06,1.37675e+06,0
3,10,sync_for_moe_scatter,GPU,1.37675e+06,1.37675e+06,0
3,10,sync__set,GPU,1.37675e+06,1.37675e+06,0
3,10,sync__,GPU,1.37675e+06,1.37675e+06,0
3,10,moe_route,GPU,1.37675e+06,1.37675e+06,0
3,10,expert_FFN_6,GPU,1.37675e+06,1.42e+06,43246
3,10,gate_proj,GPU,1.37675e+06,1.39116e+06,14408.3
3,10,Linear,Logic,1.37675e+06,1.39116e+06,14408.3
3,10,activation,Logic,1.39116e+06,1.39118e+06,21.0927
3,10,up_proj,GPU,1.39118e+06,1.40559e+06,14408.3
3,10,Linear,Logic,1.39118e+06,1.40559e+06,14408.3
3,10,down_proj,GPU,1.40559e+06,1.42e+06,14408.3
3,10,Linear,Logic,1.40559e+06,1.42e+06,14408.3
3,10,expert_FFN_7,GPU,1.42e+06,1.42e+06,0
3,10,gate_proj,GPU,1.42e+06,1.42e+06,0
3,10,Linear,Logic,1.42e+06,1.42e+06,0
3,10,activation,Logic,1.42e+06,1.42e+06,0
3,10,up_proj,GPU,1.42e+06,1.42e+06,0
3,10,Linear,Logic,1.42e+06,1.42e+06,0
3,10,down_proj,GPU,1.42e+06,1.42e+06,0
3,10,Linear,Logic,1.42e+06,1.42e+06,0
3,10,sync_2,GPU,1.42e+06,1.46325e+06,43246
3,10,sync__set,GPU,1.42e+06,1.42e+06,0
3,10,sync__,GPU,1.42e+06,1.46325e+06,43246
3,10,moe_all_reduce_for_e_tp,GPU,1.46325e+06,1.46325e+06,0
3,10,sync_3,GPU,1.46325e+06,1.46325e+06,0
3,10,sync__set,GPU,1.46325e+06,1.46325e+06,0
3,10,sync__,GPU,1.46325e+06,1.46325e+06,0
3,10,moe_gather,GPU,1.46325e+06,1.46325e+06,0
3,10,sync_for_moe_gather,GPU,1.46325e+06,1.46325e+06,0
3,10,sync__set,GPU,1.46325e+06,1.46325e+06,0
3,10,sync__,GPU,1.46325e+06,1.46325e+06,0
3,10,moe_all_reduce_for_gather,GPU,1.46325e+06,1.48157e+06,18327.7
3,10,sync_5,GPU,1.48157e+06,1.48157e+06,0
3,10,sync__set,GPU,1.48157e+06,1.48157e+06,0
3,10,sync__,GPU,1.48157e+06,1.48157e+06,0
3,10,sync_6,GPU,1.48157e+06,1.48157e+06,0
3,10,sync__set,GPU,1.48157e+06,1.48157e+06,0
3,10,sync__,GPU,1.48157e+06,1.48157e+06,0
3,10,residual_2,GPU,1.48157e+06,1.48161e+06,36.1589
3,11,MoE_decoder_11,GPU,1.48161e+06,1.61629e+06,134679
3,11,input_layer_norm,GPU,1.48161e+06,1.48165e+06,36.1589
3,11,attention,GPU,1.48165e+06,1.51134e+06,29690.1
3,11,attn_qkv_proj,GPU,1.48165e+06,1.48784e+06,6193.22
3,11,Linear,GPU,1.48165e+06,1.48784e+06,6193.22
3,11,self_attention,GPU,1.48784e+06,1.48887e+06,1035.05
3,11,AttentionSplit,GPU,1.48784e+06,1.48784e+06,0
3,11,AttentionSum,Logic,1.48784e+06,1.48784e+06,0
3,11,AttentionGen,Logic,1.48784e+06,1.48887e+06,1035.05
3,11,AttentionMerge,GPU,1.48887e+06,1.48887e+06,0
3,11,attn_o_proj,GPU,1.48887e+06,1.49301e+06,4134.17
3,11,Linear,GPU,1.48887e+06,1.49301e+06,4134.17
3,11,all_reduce,GPU,1.49301e+06,1.51134e+06,18327.7
3,11,residual_1,GPU,1.51134e+06,1.51137e+06,36.1589
3,11,post_attn_layer_norm,GPU,1.51137e+06,1.51141e+06,36.1589
3,11,expertFFN,GPU,1.51141e+06,1.61625e+06,104844
3,11,sync_0,GPU,1.51141e+06,1.51141e+06,0
3,11,sync__set,GPU,1.51141e+06,1.51141e+06,0
3,11,sync__,GPU,1.51141e+06,1.51141e+06,0
3,11,gate_fn,GPU,1.51141e+06,1.51146e+06,48.2433
3,11,Linear,GPU,1.51141e+06,1.51146e+06,48.2433
3,11,gate_update,GPU,1.51146e+06,1.51146e+06,0
3,11,moe_scatter,GPU,1.51146e+06,1.51146e+06,0
3,11,sync_for_moe_scatter,GPU,1.51146e+06,1.51146e+06,0
3,11,sync__set,GPU,1.51146e+06,1.51146e+06,0
3,11,sync__,GPU,1.51146e+06,1.51146e+06,0
3,11,moe_route,GPU,1.51146e+06,1.51146e+06,0
3,11,expert_FFN_6,GPU,1.51146e+06,1.5547e+06,43246
3,11,gate_proj,GPU,1.51146e+06,1.52587e+06,14408.3
3,11,Linear,Logic,1.51146e+06,1.52587e+06,14408.3
3,11,activation,Logic,1.52587e+06,1.52589e+06,21.0927
3,11,up_proj,GPU,1.52589e+06,1.54029e+06,14408.3
3,11,Linear,Logic,1.52589e+06,1.54029e+06,14408.3
3,11,down_proj,GPU,1.54029e+06,1.5547e+06,14408.3
3,11,Linear,Logic,1.54029e+06,1.5547e+06,14408.3
3,11,expert_FFN_7,GPU,1.5547e+06,1.5547e+06,0
3,11,gate_proj,GPU,1.5547e+06,1.5547e+06,0
3,11,Linear,Logic,1.5547e+06,1.5547e+06,0
3,11,activation,Logic,1.5547e+06,1.5547e+06,0
3,11,up_proj,GPU,1.5547e+06,1.5547e+06,0
3,11,Linear,Logic,1.5547e+06,1.5547e+06,0
3,11,down_proj,GPU,1.5547e+06,1.5547e+06,0
3,11,Linear,Logic,1.5547e+06,1.5547e+06,0
3,11,sync_2,GPU,1.5547e+06,1.59792e+06,43221.9
3,11,sync__set,GPU,1.5547e+06,1.5547e+06,0
3,11,sync__,GPU,1.5547e+06,1.59792e+06,43221.9
3,11,moe_all_reduce_for_e_tp,GPU,1.59792e+06,1.59792e+06,0
3,11,sync_3,GPU,1.59792e+06,1.59792e+06,0
3,11,sync__set,GPU,1.59792e+06,1.59792e+06,0
3,11,sync__,GPU,1.59792e+06,1.59792e+06,0
3,11,moe_gather,GPU,1.59792e+06,1.59792e+06,0
3,11,sync_for_moe_gather,GPU,1.59792e+06,1.59792e+06,0
3,11,sync__set,GPU,1.59792e+06,1.59792e+06,0
3,11,sync__,GPU,1.59792e+06,1.59792e+06,0
3,11,moe_all_reduce_for_gather,GPU,1.59792e+06,1.61625e+06,18327.7
3,11,sync_5,GPU,1.61625e+06,1.61625e+06,0
3,11,sync__set,GPU,1.61625e+06,1.61625e+06,0
3,11,sync__,GPU,1.61625e+06,1.61625e+06,0
3,11,sync_6,GPU,1.61625e+06,1.61625e+06,0
3,11,sync__set,GPU,1.61625e+06,1.61625e+06,0
3,11,sync__,GPU,1.61625e+06,1.61625e+06,0
3,11,residual_2,GPU,1.61625e+06,1.61629e+06,36.1589
3,12,MoE_decoder_12,GPU,1.61629e+06,1.75097e+06,134679
3,12,input_layer_norm,GPU,1.61629e+06,1.61632e+06,36.1589
3,12,attention,GPU,1.61632e+06,1.64601e+06,29690.1
3,12,attn_qkv_proj,GPU,1.61632e+06,1.62252e+06,6193.22
3,12,Linear,GPU,1.61632e+06,1.62252e+06,6193.22
3,12,self_attention,GPU,1.62252e+06,1.62355e+06,1035.05
3,12,AttentionSplit,GPU,1.62252e+06,1.62252e+06,0
3,12,AttentionSum,Logic,1.62252e+06,1.62252e+06,0
3,12,AttentionGen,Logic,1.62252e+06,1.62355e+06,1035.05
3,12,AttentionMerge,GPU,1.62355e+06,1.62355e+06,0
3,12,attn_o_proj,GPU,1.62355e+06,1.62769e+06,4134.17
3,12,Linear,GPU,1.62355e+06,1.62769e+06,4134.17
3,12,all_reduce,GPU,1.62769e+06,1.64601e+06,18327.7
3,12,residual_1,GPU,1.64601e+06,1.64605e+06,36.1589
3,12,post_attn_layer_norm,GPU,1.64605e+06,1.64609e+06,36.1589
3,12,expertFFN,GPU,1.64609e+06,1.75093e+06,104844
3,12,sync_0,GPU,1.64609e+06,1.64609e+06,0
3,12,sync__set,GPU,1.64609e+06,1.64609e+06,0
3,12,sync__,GPU,1.64609e+06,1.64609e+06,0
3,12,gate_fn,GPU,1.64609e+06,1.64614e+06,48.2433
3,12,Linear,GPU,1.64609e+06,1.64614e+06,48.2433
3,12,gate_update,GPU,1.64614e+06,1.64614e+06,0
3,12,moe_scatter,GPU,1.64614e+06,1.64614e+06,0
3,12,sync_for_moe_scatter,GPU,1.64614e+06,1.64614e+06,0
3,12,sync__set,GPU,1.64614e+06,1.64614e+06,0
3,12,sync__,GPU,1.64614e+06,1.64614e+06,0
3,12,moe_route,GPU,1.64614e+06,1.64614e+06,0
3,12,expert_FFN_6,GPU,1.64614e+06,1.68936e+06,43221.9
3,12,gate_proj,GPU,1.64614e+06,1.66054e+06,14403.8
3,12,Linear,Logic,1.64614e+06,1.66054e+06,14403.8
3,12,activation,Logic,1.66054e+06,1.66055e+06,10.5463
3,12,up_proj,GPU,1.66055e+06,1.67495e+06,14403.8
3,12,Linear,Logic,1.66055e+06,1.67495e+06,14403.8
3,12,down_proj,GPU,1.67495e+06,1.68936e+06,14403.8
3,12,Linear,Logic,1.67495e+06,1.68936e+06,14403.8
3,12,expert_FFN_7,GPU,1.68936e+06,1.68936e+06,0
3,12,gate_proj,GPU,1.68936e+06,1.68936e+06,0
3,12,Linear,Logic,1.68936e+06,1.68936e+06,0
3,12,activation,Logic,1.68936e+06,1.68936e+06,0
3,12,up_proj,GPU,1.68936e+06,1.68936e+06,0
3,12,Linear,Logic,1.68936e+06,1.68936e+06,0
3,12,down_proj,GPU,1.68936e+06,1.68936e+06,0
3,12,Linear,Logic,1.68936e+06,1.68936e+06,0
3,12,sync_2,GPU,1.68936e+06,1.7326e+06,43246
3,12,sync__set,GPU,1.68936e+06,1.68936e+06,0
3,12,sync__,GPU,1.68936e+06,1.7326e+06,43246
3,12,moe_all_reduce_for_e_tp,GPU,1.7326e+06,1.7326e+06,0
3,12,sync_3,GPU,1.7326e+06,1.7326e+06,0
3,12,sync__set,GPU,1.7326e+06,1.7326e+06,0
3,12,sync__,GPU,1.7326e+06,1.7326e+06,0
3,12,moe_gather,GPU,1.7326e+06,1.7326e+06,0
3,12,sync_for_moe_gather,GPU,1.7326e+06,1.7326e+06,0
3,12,sync__set,GPU,1.7326e+06,1.7326e+06,0
3,12,sync__,GPU,1.7326e+06,1.7326e+06,0
3,12,moe_all_reduce_for_gather,GPU,1.7326e+06,1.75093e+06,18327.7
3,12,sync_5,GPU,1.75093e+06,1.75093e+06,0
3,12,sync__set,GPU,1.75093e+06,1.75093e+06,0
3,12,sync__,GPU,1.75093e+06,1.75093e+06,0
3,12,sync_6,GPU,1.75093e+06,1.75093e+06,0
3,12,sync__set,GPU,1.75093e+06,1.75093e+06,0
3,12,sync__,GPU,1.75093e+06,1.75093e+06,0
3,12,residual_2,GPU,1.75093e+06,1.75097e+06,36.1589
3,13,MoE_decoder_13,GPU,1.75097e+06,1.88567e+06,134703
3,13,input_layer_norm,GPU,1.75097e+06,1.751e+06,36.1589
3,13,attention,GPU,1.751e+06,1.78069e+06,29690.1
3,13,attn_qkv_proj,GPU,1.751e+06,1.7572e+06,6193.22
3,13,Linear,GPU,1.751e+06,1.7572e+06,6193.22
3,13,self_attention,GPU,1.7572e+06,1.75823e+06,1035.05
3,13,AttentionSplit,GPU,1.7572e+06,1.7572e+06,0
3,13,AttentionSum,Logic,1.7572e+06,1.7572e+06,0
3,13,AttentionGen,Logic,1.7572e+06,1.75823e+06,1035.05
3,13,AttentionMerge,GPU,1.75823e+06,1.75823e+06,0
3,13,attn_o_proj,GPU,1.75823e+06,1.76237e+06,4134.17
3,13,Linear,GPU,1.75823e+06,1.76237e+06,4134.17
3,13,all_reduce,GPU,1.76237e+06,1.78069e+06,18327.7
3,13,residual_1,GPU,1.78069e+06,1.78073e+06,36.1589
3,13,post_attn_layer_norm,GPU,1.78073e+06,1.78077e+06,36.1589
3,13,expertFFN,GPU,1.78077e+06,1.88563e+06,104868
3,13,sync_0,GPU,1.78077e+06,1.78077e+06,0
3,13,sync__set,GPU,1.78077e+06,1.78077e+06,0
3,13,sync__,GPU,1.78077e+06,1.78077e+06,0
3,13,gate_fn,GPU,1.78077e+06,1.78081e+06,48.2433
3,13,Linear,GPU,1.78077e+06,1.78081e+06,48.2433
3,13,gate_update,GPU,1.78081e+06,1.78081e+06,0
3,13,moe_scatter,GPU,1.78081e+06,1.78081e+06,0
3,13,sync_for_moe_scatter,GPU,1.78081e+06,1.78081e+06,0
3,13,sync__set,GPU,1.78081e+06,1.78081e+06,0
3,13,sync__,GPU,1.78081e+06,1.78081e+06,0
3,13,moe_route,GPU,1.78081e+06,1.78081e+06,0
3,13,expert_FFN_6,GPU,1.78081e+06,1.82406e+06,43246
3,13,gate_proj,GPU,1.78081e+06,1.79522e+06,14408.3
3,13,Linear,Logic,1.78081e+06,1.79522e+06,14408.3
3,13,activation,Logic,1.79522e+06,1.79524e+06,21.0927
3,13,up_proj,GPU,1.79524e+06,1.80965e+06,14408.3
3,13,Linear,Logic,1.79524e+06,1.80965e+06,14408.3
3,13,down_proj,GPU,1.80965e+06,1.82406e+06,14408.3
3,13,Linear,Logic,1.80965e+06,1.82406e+06,14408.3
3,13,expert_FFN_7,GPU,1.82406e+06,1.86731e+06,43246
3,13,gate_proj,GPU,1.82406e+06,1.83847e+06,14408.3
3,13,Linear,Logic,1.82406e+06,1.83847e+06,14408.3
3,13,activation,Logic,1.83847e+06,1.83849e+06,21.0927
3,13,up_proj,GPU,1.83849e+06,1.8529e+06,14408.3
3,13,Linear,Logic,1.83849e+06,1.8529e+06,14408.3
3,13,down_proj,GPU,1.8529e+06,1.86731e+06,14408.3
3,13,Linear,Logic,1.8529e+06,1.86731e+06,14408.3
3,13,sync_2,GPU,1.86731e+06,1.86731e+06,0
3,13,sync__set,GPU,1.86731e+06,1.86731e+06,0
3,13,sync__,GPU,1.86731e+06,1.86731e+06,0
3,13,moe_all_reduce_for_e_tp,GPU,1.86731e+06,1.86731e+06,0
3,13,sync_3,GPU,1.86731e+06,1.86731e+06,0
3,13,sync__set,GPU,1.86731e+06,1.86731e+06,0
3,13,sync__,GPU,1.86731e+06,1.86731e+06,0
3,13,moe_gather,GPU,1.86731e+06,1.86731e+06,0
3,13,sync_for_moe_gather,GPU,1.86731e+06,1.86731e+06,0
3,13,sync__set,GPU,1.86731e+06,1.86731e+06,0
3,13,sync__,GPU,1.86731e+06,1.86731e+06,0
3,13,moe_all_reduce_for_gather,GPU,1.86731e+06,1.88563e+06,18327.7
3,13,sync_5,GPU,1.88563e+06,1.88563e+06,0
3,13,sync__set,GPU,1.88563e+06,1.88563e+06,0
3,13,sync__,GPU,1.88563e+06,1.88563e+06,0
3,13,sync_6,GPU,1.88563e+06,1.88563e+06,0
3,13,sync__set,GPU,1.88563e+06,1.88563e+06,0
3,13,sync__,GPU,1.88563e+06,1.88563e+06,0
3,13,residual_2,GPU,1.88563e+06,1.88567e+06,36.1589
3,14,MoE_decoder_14,GPU,1.88567e+06,2.02035e+06,134679
3,14,input_layer_norm,GPU,1.88567e+06,1.88571e+06,36.1589
3,14,attention,GPU,1.88571e+06,1.9154e+06,29690.1
3,14,attn_qkv_proj,GPU,1.88571e+06,1.8919e+06,6193.22
3,14,Linear,GPU,1.88571e+06,1.8919e+06,6193.22
3,14,self_attention,GPU,1.8919e+06,1.89293e+06,1035.05
3,14,AttentionSplit,GPU,1.8919e+06,1.8919e+06,0
3,14,AttentionSum,Logic,1.8919e+06,1.8919e+06,0
3,14,AttentionGen,Logic,1.8919e+06,1.89293e+06,1035.05
3,14,AttentionMerge,GPU,1.89293e+06,1.89293e+06,0
3,14,attn_o_proj,GPU,1.89293e+06,1.89707e+06,4134.17
3,14,Linear,GPU,1.89293e+06,1.89707e+06,4134.17
3,14,all_reduce,GPU,1.89707e+06,1.9154e+06,18327.7
3,14,residual_1,GPU,1.9154e+06,1.91543e+06,36.1589
3,14,post_attn_layer_norm,GPU,1.91543e+06,1.91547e+06,36.1589
3,14,expertFFN,GPU,1.91547e+06,2.02031e+06,104844
3,14,sync_0,GPU,1.91547e+06,1.91547e+06,0
3,14,sync__set,GPU,1.91547e+06,1.91547e+06,0
3,14,sync__,GPU,1.91547e+06,1.91547e+06,0
3,14,gate_fn,GPU,1.91547e+06,1.91552e+06,48.2433
3,14,Linear,GPU,1.91547e+06,1.91552e+06,48.2433
3,14,gate_update,GPU,1.91552e+06,1.91552e+06,0
3,14,moe_scatter,GPU,1.91552e+06,1.91552e+06,0
3,14,sync_for_moe_scatter,GPU,1.91552e+06,1.91552e+06,0
3,14,sync__set,GPU,1.91552e+06,1.91552e+06,0
3,14,sync__,GPU,1.91552e+06,1.91552e+06,0
3,14,moe_route,GPU,1.91552e+06,1.91552e+06,0
3,14,expert_FFN_6,GPU,1.91552e+06,1.95876e+06,43246
3,14,gate_proj,GPU,1.91552e+06,1.92993e+06,14408.3
3,14,Linear,Logic,1.91552e+06,1.92993e+06,14408.3
3,14,activation,Logic,1.92993e+06,1.92995e+06,21.0927
3,14,up_proj,GPU,1.92995e+06,1.94435e+06,14408.3
3,14,Linear,Logic,1.92995e+06,1.94435e+06,14408.3
3,14,down_proj,GPU,1.94435e+06,1.95876e+06,14408.3
3,14,Linear,Logic,1.94435e+06,1.95876e+06,14408.3
3,14,expert_FFN_7,GPU,1.95876e+06,2.00198e+06,43221.9
3,14,gate_proj,GPU,1.95876e+06,1.97317e+06,14403.8
3,14,Linear,Logic,1.95876e+06,1.97317e+06,14403.8
3,14,activation,Logic,1.97317e+06,1.97318e+06,10.5463
3,14,up_proj,GPU,1.97318e+06,1.98758e+06,14403.8
3,14,Linear,Logic,1.97318e+06,1.98758e+06,14403.8
3,14,down_proj,GPU,1.98758e+06,2.00198e+06,14403.8
3,14,Linear,Logic,1.98758e+06,2.00198e+06,14403.8
3,14,sync_2,GPU,2.00198e+06,2.00198e+06,0
3,14,sync__set,GPU,2.00198e+06,2.00198e+06,0
3,14,sync__,GPU,2.00198e+06,2.00198e+06,0
3,14,moe_all_reduce_for_e_tp,GPU,2.00198e+06,2.00198e+06,0
3,14,sync_3,GPU,2.00198e+06,2.00198e+06,0
3,14,sync__set,GPU,2.00198e+06,2.00198e+06,0
3,14,sync__,GPU,2.00198e+06,2.00198e+06,0
3,14,moe_gather,GPU,2.00198e+06,2.00198e+06,0
3,14,sync_for_moe_gather,GPU,2.00198e+06,2.00198e+06,0
3,14,sync__set,GPU,2.00198e+06,2.00198e+06,0
3,14,sync__,GPU,2.00198e+06,2.00198e+06,0
3,14,moe_all_reduce_for_gather,GPU,2.00198e+06,2.02031e+06,18327.7
3,14,sync_5,GPU,2.02031e+06,2.02031e+06,0
3,14,sync__set,GPU,2.02031e+06,2.02031e+06,0
3,14,sync__,GPU,2.02031e+06,2.02031e+06,0
3,14,sync_6,GPU,2.02031e+06,2.02031e+06,0
3,14,sync__set,GPU,2.02031e+06,2.02031e+06,0
3,14,sync__,GPU,2.02031e+06,2.02031e+06,0
3,14,residual_2,GPU,2.02031e+06,2.02035e+06,36.1589
3,15,MoE_decoder_15,GPU,2.02035e+06,2.155e+06,134655
3,15,input_layer_norm,GPU,2.02035e+06,2.02038e+06,36.1589
3,15,attention,GPU,2.02038e+06,2.05007e+06,29690.1
3,15,attn_qkv_proj,GPU,2.02038e+06,2.02658e+06,6193.22
3,15,Linear,GPU,2.02038e+06,2.02658e+06,6193.22
3,15,self_attention,GPU,2.02658e+06,2.02761e+06,1035.05
3,15,AttentionSplit,GPU,2.02658e+06,2.02658e+06,0
3,15,AttentionSum,Logic,2.02658e+06,2.02658e+06,0
3,15,AttentionGen,Logic,2.02658e+06,2.02761e+06,1035.05
3,15,AttentionMerge,GPU,2.02761e+06,2.02761e+06,0
3,15,attn_o_proj,GPU,2.02761e+06,2.03175e+06,4134.17
3,15,Linear,GPU,2.02761e+06,2.03175e+06,4134.17
3,15,all_reduce,GPU,2.03175e+06,2.05007e+06,18327.7
3,15,residual_1,GPU,2.05007e+06,2.05011e+06,36.1589
3,15,post_attn_layer_norm,GPU,2.05011e+06,2.05015e+06,36.1589
3,15,expertFFN,GPU,2.05015e+06,2.15497e+06,104820
3,15,sync_0,GPU,2.05015e+06,2.05015e+06,0
3,15,sync__set,GPU,2.05015e+06,2.05015e+06,0
3,15,sync__,GPU,2.05015e+06,2.05015e+06,0
3,15,gate_fn,GPU,2.05015e+06,2.0502e+06,48.2433
3,15,Linear,GPU,2.05015e+06,2.0502e+06,48.2433
3,15,gate_update,GPU,2.0502e+06,2.0502e+06,0
3,15,moe_scatter,GPU,2.0502e+06,2.0502e+06,0
3,15,sync_for_moe_scatter,GPU,2.0502e+06,2.0502e+06,0
3,15,sync__set,GPU,2.0502e+06,2.0502e+06,0
3,15,sync__,GPU,2.0502e+06,2.0502e+06,0
3,15,moe_route,GPU,2.0502e+06,2.0502e+06,0
3,15,expert_FFN_6,GPU,2.0502e+06,2.09349e+06,43294.3
3,15,gate_proj,GPU,2.0502e+06,2.06461e+06,14417.4
3,15,Linear,Logic,2.0502e+06,2.06461e+06,14417.4
3,15,activation,Logic,2.06461e+06,2.06465e+06,42.1854
3,15,up_proj,GPU,2.06465e+06,2.07907e+06,14417.4
3,15,Linear,Logic,2.06465e+06,2.07907e+06,14417.4
3,15,down_proj,GPU,2.07907e+06,2.09349e+06,14417.4
3,15,Linear,Logic,2.07907e+06,2.09349e+06,14417.4
3,15,expert_FFN_7,GPU,2.09349e+06,2.09349e+06,0
3,15,gate_proj,GPU,2.09349e+06,2.09349e+06,0
3,15,Linear,Logic,2.09349e+06,2.09349e+06,0
3,15,activation,Logic,2.09349e+06,2.09349e+06,0
3,15,up_proj,GPU,2.09349e+06,2.09349e+06,0
3,15,Linear,Logic,2.09349e+06,2.09349e+06,0
3,15,down_proj,GPU,2.09349e+06,2.09349e+06,0
3,15,Linear,Logic,2.09349e+06,2.09349e+06,0
3,15,sync_2,GPU,2.09349e+06,2.13664e+06,43149.6
3,15,sync__set,GPU,2.09349e+06,2.09349e+06,0
3,15,sync__,GPU,2.09349e+06,2.13664e+06,43149.6
3,15,moe_all_reduce_for_e_tp,GPU,2.13664e+06,2.13664e+06,0
3,15,sync_3,GPU,2.13664e+06,2.13664e+06,0
3,15,sync__set,GPU,2.13664e+06,2.13664e+06,0
3,15,sync__,GPU,2.13664e+06,2.13664e+06,0
3,15,moe_gather,GPU,2.13664e+06,2.13664e+06,0
3,15,sync_for_moe_gather,GPU,2.13664e+06,2.13664e+06,0
3,15,sync__set,GPU,2.13664e+06,2.13664e+06,0
3,15,sync__,GPU,2.13664e+06,2.13664e+06,0
3,15,moe_all_reduce_for_gather,GPU,2.13664e+06,2.15497e+06,18327.7
3,15,sync_5,GPU,2.15497e+06,2.15497e+06,0
3,15,sync__set,GPU,2.15497e+06,2.15497e+06,0
3,15,sync__,GPU,2.15497e+06,2.15497e+06,0
3,15,sync_6,GPU,2.15497e+06,2.15497e+06,0
3,15,sync__set,GPU,2.15497e+06,2.15497e+06,0
3,15,sync__,GPU,2.15497e+06,2.15497e+06,0
3,15,residual_2,GPU,2.15497e+06,2.155e+06,36.1589
3,16,MoE_decoder_16,GPU,2.155e+06,2.28968e+06,134679
3,16,input_layer_norm,GPU,2.155e+06,2.15504e+06,36.1589
3,16,attention,GPU,2.15504e+06,2.18473e+06,29690.1
3,16,attn_qkv_proj,GPU,2.15504e+06,2.16123e+06,6193.22
3,16,Linear,GPU,2.15504e+06,2.16123e+06,6193.22
3,16,self_attention,GPU,2.16123e+06,2.16227e+06,1035.05
3,16,AttentionSplit,GPU,2.16123e+06,2.16123e+06,0
3,16,AttentionSum,Logic,2.16123e+06,2.16123e+06,0
3,16,AttentionGen,Logic,2.16123e+06,2.16227e+06,1035.05
3,16,AttentionMerge,GPU,2.16227e+06,2.16227e+06,0
3,16,attn_o_proj,GPU,2.16227e+06,2.1664e+06,4134.17
3,16,Linear,GPU,2.16227e+06,2.1664e+06,4134.17
3,16,all_reduce,GPU,2.1664e+06,2.18473e+06,18327.7
3,16,residual_1,GPU,2.18473e+06,2.18477e+06,36.1589
3,16,post_attn_layer_norm,GPU,2.18477e+06,2.1848e+06,36.1589
3,16,expertFFN,GPU,2.1848e+06,2.28965e+06,104844
3,16,sync_0,GPU,2.1848e+06,2.1848e+06,0
3,16,sync__set,GPU,2.1848e+06,2.1848e+06,0
3,16,sync__,GPU,2.1848e+06,2.1848e+06,0
3,16,gate_fn,GPU,2.1848e+06,2.18485e+06,48.2433
3,16,Linear,GPU,2.1848e+06,2.18485e+06,48.2433
3,16,gate_update,GPU,2.18485e+06,2.18485e+06,0
3,16,moe_scatter,GPU,2.18485e+06,2.18485e+06,0
3,16,sync_for_moe_scatter,GPU,2.18485e+06,2.18485e+06,0
3,16,sync__set,GPU,2.18485e+06,2.18485e+06,0
3,16,sync__,GPU,2.18485e+06,2.18485e+06,0
3,16,moe_route,GPU,2.18485e+06,2.18485e+06,0
3,16,expert_FFN_6,GPU,2.18485e+06,2.22812e+06,43270.2
3,16,gate_proj,GPU,2.18485e+06,2.19926e+06,14412.8
3,16,Linear,Logic,2.18485e+06,2.19926e+06,14412.8
3,16,activation,Logic,2.19926e+06,2.19929e+06,31.639
3,16,up_proj,GPU,2.19929e+06,2.21371e+06,14412.8
3,16,Linear,Logic,2.19929e+06,2.21371e+06,14412.8
3,16,down_proj,GPU,2.21371e+06,2.22812e+06,14412.8
3,16,Linear,Logic,2.21371e+06,2.22812e+06,14412.8
3,16,expert_FFN_7,GPU,2.22812e+06,2.22812e+06,0
3,16,gate_proj,GPU,2.22812e+06,2.22812e+06,0
3,16,Linear,Logic,2.22812e+06,2.22812e+06,0
3,16,activation,Logic,2.22812e+06,2.22812e+06,0
3,16,up_proj,GPU,2.22812e+06,2.22812e+06,0
3,16,Linear,Logic,2.22812e+06,2.22812e+06,0
3,16,down_proj,GPU,2.22812e+06,2.22812e+06,0
3,16,Linear,Logic,2.22812e+06,2.22812e+06,0
3,16,sync_2,GPU,2.22812e+06,2.27132e+06,43197.8
3,16,sync__set,GPU,2.22812e+06,2.22812e+06,0
3,16,sync__,GPU,2.22812e+06,2.27132e+06,43197.8
3,16,moe_all_reduce_for_e_tp,GPU,2.27132e+06,2.27132e+06,0
3,16,sync_3,GPU,2.27132e+06,2.27132e+06,0
3,16,sync__set,GPU,2.27132e+06,2.27132e+06,0
3,16,sync__,GPU,2.27132e+06,2.27132e+06,0
3,16,moe_gather,GPU,2.27132e+06,2.27132e+06,0
3,16,sync_for_moe_gather,GPU,2.27132e+06,2.27132e+06,0
3,16,sync__set,GPU,2.27132e+06,2.27132e+06,0
3,16,sync__,GPU,2.27132e+06,2.27132e+06,0
3,16,moe_all_reduce_for_gather,GPU,2.27132e+06,2.28965e+06,18327.7
3,16,sync_5,GPU,2.28965e+06,2.28965e+06,0
3,16,sync__set,GPU,2.28965e+06,2.28965e+06,0
3,16,sync__,GPU,2.28965e+06,2.28965e+06,0
3,16,sync_6,GPU,2.28965e+06,2.28965e+06,0
3,16,sync__set,GPU,2.28965e+06,2.28965e+06,0
3,16,sync__,GPU,2.28965e+06,2.28965e+06,0
3,16,residual_2,GPU,2.28965e+06,2.28968e+06,36.1589
3,17,MoE_decoder_17,GPU,2.28968e+06,2.42436e+06,134679
3,17,input_layer_norm,GPU,2.28968e+06,2.28972e+06,36.1589
3,17,attention,GPU,2.28972e+06,2.31941e+06,29690.1
3,17,attn_qkv_proj,GPU,2.28972e+06,2.29591e+06,6193.22
3,17,Linear,GPU,2.28972e+06,2.29591e+06,6193.22
3,17,self_attention,GPU,2.29591e+06,2.29695e+06,1035.05
3,17,AttentionSplit,GPU,2.29591e+06,2.29591e+06,0
3,17,AttentionSum,Logic,2.29591e+06,2.29591e+06,0
3,17,AttentionGen,Logic,2.29591e+06,2.29695e+06,1035.05
3,17,AttentionMerge,GPU,2.29695e+06,2.29695e+06,0
3,17,attn_o_proj,GPU,2.29695e+06,2.30108e+06,4134.17
3,17,Linear,GPU,2.29695e+06,2.30108e+06,4134.17
3,17,all_reduce,GPU,2.30108e+06,2.31941e+06,18327.7
3,17,residual_1,GPU,2.31941e+06,2.31944e+06,36.1589
3,17,post_attn_layer_norm,GPU,2.31944e+06,2.31948e+06,36.1589
3,17,expertFFN,GPU,2.31948e+06,2.42432e+06,104844
3,17,sync_0,GPU,2.31948e+06,2.31948e+06,0
3,17,sync__set,GPU,2.31948e+06,2.31948e+06,0
3,17,sync__,GPU,2.31948e+06,2.31948e+06,0
3,17,gate_fn,GPU,2.31948e+06,2.31953e+06,48.2433
3,17,Linear,GPU,2.31948e+06,2.31953e+06,48.2433
3,17,gate_update,GPU,2.31953e+06,2.31953e+06,0
3,17,moe_scatter,GPU,2.31953e+06,2.31953e+06,0
3,17,sync_for_moe_scatter,GPU,2.31953e+06,2.31953e+06,0
3,17,sync__set,GPU,2.31953e+06,2.31953e+06,0
3,17,sync__,GPU,2.31953e+06,2.31953e+06,0
3,17,moe_route,GPU,2.31953e+06,2.31953e+06,0
3,17,expert_FFN_6,GPU,2.31953e+06,2.31953e+06,0
3,17,gate_proj,GPU,2.31953e+06,2.31953e+06,0
3,17,Linear,Logic,2.31953e+06,2.31953e+06,0
3,17,activation,Logic,2.31953e+06,2.31953e+06,0
3,17,up_proj,GPU,2.31953e+06,2.31953e+06,0
3,17,Linear,Logic,2.31953e+06,2.31953e+06,0
3,17,down_proj,GPU,2.31953e+06,2.31953e+06,0
3,17,Linear,Logic,2.31953e+06,2.31953e+06,0
3,17,expert_FFN_7,GPU,2.31953e+06,2.36275e+06,43221.9
3,17,gate_proj,GPU,2.31953e+06,2.33393e+06,14403.8
3,17,Linear,Logic,2.31953e+06,2.33393e+06,14403.8
3,17,activation,Logic,2.33393e+06,2.33394e+06,10.5463
3,17,up_proj,GPU,2.33394e+06,2.34835e+06,14403.8
3,17,Linear,Logic,2.33394e+06,2.34835e+06,14403.8
3,17,down_proj,GPU,2.34835e+06,2.36275e+06,14403.8
3,17,Linear,Logic,2.34835e+06,2.36275e+06,14403.8
3,17,sync_2,GPU,2.36275e+06,2.406e+06,43246
3,17,sync__set,GPU,2.36275e+06,2.36275e+06,0
3,17,sync__,GPU,2.36275e+06,2.406e+06,43246
3,17,moe_all_reduce_for_e_tp,GPU,2.406e+06,2.406e+06,0
3,17,sync_3,GPU,2.406e+06,2.406e+06,0
3,17,sync__set,GPU,2.406e+06,2.406e+06,0
3,17,sync__,GPU,2.406e+06,2.406e+06,0
3,17,moe_gather,GPU,2.406e+06,2.406e+06,0
3,17,sync_for_moe_gather,GPU,2.406e+06,2.406e+06,0
3,17,sync__set,GPU,2.406e+06,2.406e+06,0
3,17,sync__,GPU,2.406e+06,2.406e+06,0
3,17,moe_all_reduce_for_gather,GPU,2.406e+06,2.42432e+06,18327.7
3,17,sync_5,GPU,2.42432e+06,2.42432e+06,0
3,17,sync__set,GPU,2.42432e+06,2.42432e+06,0
3,17,sync__,GPU,2.42432e+06,2.42432e+06,0
3,17,sync_6,GPU,2.42432e+06,2.42432e+06,0
3,17,sync__set,GPU,2.42432e+06,2.42432e+06,0
3,17,sync__,GPU,2.42432e+06,2.42432e+06,0
3,17,residual_2,GPU,2.42432e+06,2.42436e+06,36.1589
3,18,MoE_decoder_18,GPU,2.42436e+06,2.55906e+06,134703
3,18,input_layer_norm,GPU,2.42436e+06,2.4244e+06,36.1589
3,18,attention,GPU,2.4244e+06,2.45409e+06,29690.1
3,18,attn_qkv_proj,GPU,2.4244e+06,2.43059e+06,6193.22
3,18,Linear,GPU,2.4244e+06,2.43059e+06,6193.22
3,18,self_attention,GPU,2.43059e+06,2.43162e+06,1035.05
3,18,AttentionSplit,GPU,2.43059e+06,2.43059e+06,0
3,18,AttentionSum,Logic,2.43059e+06,2.43059e+06,0
3,18,AttentionGen,Logic,2.43059e+06,2.43162e+06,1035.05
3,18,AttentionMerge,GPU,2.43162e+06,2.43162e+06,0
3,18,attn_o_proj,GPU,2.43162e+06,2.43576e+06,4134.17
3,18,Linear,GPU,2.43162e+06,2.43576e+06,4134.17
3,18,all_reduce,GPU,2.43576e+06,2.45409e+06,18327.7
3,18,residual_1,GPU,2.45409e+06,2.45412e+06,36.1589
3,18,post_attn_layer_norm,GPU,2.45412e+06,2.45416e+06,36.1589
3,18,expertFFN,GPU,2.45416e+06,2.55903e+06,104868
3,18,sync_0,GPU,2.45416e+06,2.45416e+06,0
3,18,sync__set,GPU,2.45416e+06,2.45416e+06,0
3,18,sync__,GPU,2.45416e+06,2.45416e+06,0
3,18,gate_fn,GPU,2.45416e+06,2.45421e+06,48.2433
3,18,Linear,GPU,2.45416e+06,2.45421e+06,48.2433
3,18,gate_update,GPU,2.45421e+06,2.45421e+06,0
3,18,moe_scatter,GPU,2.45421e+06,2.45421e+06,0
3,18,sync_for_moe_scatter,GPU,2.45421e+06,2.45421e+06,0
3,18,sync__set,GPU,2.45421e+06,2.45421e+06,0
3,18,sync__,GPU,2.45421e+06,2.45421e+06,0
3,18,moe_route,GPU,2.45421e+06,2.45421e+06,0
3,18,expert_FFN_6,GPU,2.45421e+06,2.45421e+06,0
3,18,gate_proj,GPU,2.45421e+06,2.45421e+06,0
3,18,Linear,Logic,2.45421e+06,2.45421e+06,0
3,18,activation,Logic,2.45421e+06,2.45421e+06,0
3,18,up_proj,GPU,2.45421e+06,2.45421e+06,0
3,18,Linear,Logic,2.45421e+06,2.45421e+06,0
3,18,down_proj,GPU,2.45421e+06,2.45421e+06,0
3,18,Linear,Logic,2.45421e+06,2.45421e+06,0
3,18,expert_FFN_7,GPU,2.45421e+06,2.45421e+06,0
3,18,gate_proj,GPU,2.45421e+06,2.45421e+06,0
3,18,Linear,Logic,2.45421e+06,2.45421e+06,0
3,18,activation,Logic,2.45421e+06,2.45421e+06,0
3,18,up_proj,GPU,2.45421e+06,2.45421e+06,0
3,18,Linear,Logic,2.45421e+06,2.45421e+06,0
3,18,down_proj,GPU,2.45421e+06,2.45421e+06,0
3,18,Linear,Logic,2.45421e+06,2.45421e+06,0
3,18,sync_2,GPU,2.45421e+06,2.5407e+06,86492.1
3,18,sync__set,GPU,2.45421e+06,2.45421e+06,0
3,18,sync__,GPU,2.45421e+06,2.5407e+06,86492.1
3,18,moe_all_reduce_for_e_tp,GPU,2.5407e+06,2.5407e+06,0
3,18,sync_3,GPU,2.5407e+06,2.5407e+06,0
3,18,sync__set,GPU,2.5407e+06,2.5407e+06,0
3,18,sync__,GPU,2.5407e+06,2.5407e+06,0
3,18,moe_gather,GPU,2.5407e+06,2.5407e+06,0
3,18,sync_for_moe_gather,GPU,2.5407e+06,2.5407e+06,0
3,18,sync__set,GPU,2.5407e+06,2.5407e+06,0
3,18,sync__,GPU,2.5407e+06,2.5407e+06,0
3,18,moe_all_reduce_for_gather,GPU,2.5407e+06,2.55903e+06,18327.7
3,18,sync_5,GPU,2.55903e+06,2.55903e+06,0
3,18,sync__set,GPU,2.55903e+06,2.55903e+06,0
3,18,sync__,GPU,2.55903e+06,2.55903e+06,0
3,18,sync_6,GPU,2.55903e+06,2.55903e+06,0
3,18,sync__set,GPU,2.55903e+06,2.55903e+06,0
3,18,sync__,GPU,2.55903e+06,2.55903e+06,0
3,18,residual_2,GPU,2.55903e+06,2.55906e+06,36.1589
3,19,MoE_decoder_19,GPU,2.55906e+06,2.65054e+06,91480.8
3,19,input_layer_norm,GPU,2.55906e+06,2.5591e+06,36.1589
3,19,attention,GPU,2.5591e+06,2.58879e+06,29690.1
3,19,attn_qkv_proj,GPU,2.5591e+06,2.56529e+06,6193.22
3,19,Linear,GPU,2.5591e+06,2.56529e+06,6193.22
3,19,self_attention,GPU,2.56529e+06,2.56633e+06,1035.05
3,19,AttentionSplit,GPU,2.56529e+06,2.56529e+06,0
3,19,AttentionSum,Logic,2.56529e+06,2.56529e+06,0
3,19,AttentionGen,Logic,2.56529e+06,2.56633e+06,1035.05
3,19,AttentionMerge,GPU,2.56633e+06,2.56633e+06,0
3,19,attn_o_proj,GPU,2.56633e+06,2.57046e+06,4134.17
3,19,Linear,GPU,2.56633e+06,2.57046e+06,4134.17
3,19,all_reduce,GPU,2.57046e+06,2.58879e+06,18327.7
3,19,residual_1,GPU,2.58879e+06,2.58883e+06,36.1589
3,19,post_attn_layer_norm,GPU,2.58883e+06,2.58886e+06,36.1589
3,19,expertFFN,GPU,2.58886e+06,2.65051e+06,61646.1
3,19,sync_0,GPU,2.58886e+06,2.58886e+06,0
3,19,sync__set,GPU,2.58886e+06,2.58886e+06,0
3,19,sync__,GPU,2.58886e+06,2.58886e+06,0
3,19,gate_fn,GPU,2.58886e+06,2.58891e+06,48.2433
3,19,Linear,GPU,2.58886e+06,2.58891e+06,48.2433
3,19,gate_update,GPU,2.58891e+06,2.58891e+06,0
3,19,moe_scatter,GPU,2.58891e+06,2.58891e+06,0
3,19,sync_for_moe_scatter,GPU,2.58891e+06,2.58891e+06,0
3,19,sync__set,GPU,2.58891e+06,2.58891e+06,0
3,19,sync__,GPU,2.58891e+06,2.58891e+06,0
3,19,moe_route,GPU,2.58891e+06,2.58891e+06,0
3,19,expert_FFN_6,GPU,2.58891e+06,2.63216e+06,43246
3,19,gate_proj,GPU,2.58891e+06,2.60332e+06,14408.3
3,19,Linear,Logic,2.58891e+06,2.60332e+06,14408.3
3,19,activation,Logic,2.60332e+06,2.60334e+06,21.0927
3,19,up_proj,GPU,2.60334e+06,2.61775e+06,14408.3
3,19,Linear,Logic,2.60334e+06,2.61775e+06,14408.3
3,19,down_proj,GPU,2.61775e+06,2.63216e+06,14408.3
3,19,Linear,Logic,2.61775e+06,2.63216e+06,14408.3
3,19,expert_FFN_7,GPU,2.63216e+06,2.63216e+06,0
3,19,gate_proj,GPU,2.63216e+06,2.63216e+06,0
3,19,Linear,Logic,2.63216e+06,2.63216e+06,0
3,19,activation,Logic,2.63216e+06,2.63216e+06,0
3,19,up_proj,GPU,2.63216e+06,2.63216e+06,0
3,19,Linear,Logic,2.63216e+06,2.63216e+06,0
3,19,down_proj,GPU,2.63216e+06,2.63216e+06,0
3,19,Linear,Logic,2.63216e+06,2.63216e+06,0
3,19,sync_2,GPU,2.63216e+06,2.63218e+06,24.1059
3,19,sync__set,GPU,2.63216e+06,2.63216e+06,0
3,19,sync__,GPU,2.63216e+06,2.63218e+06,24.1059
3,19,moe_all_reduce_for_e_tp,GPU,2.63218e+06,2.63218e+06,0
3,19,sync_3,GPU,2.63218e+06,2.63218e+06,0
3,19,sync__set,GPU,2.63218e+06,2.63218e+06,0
3,19,sync__,GPU,2.63218e+06,2.63218e+06,0
3,19,moe_gather,GPU,2.63218e+06,2.63218e+06,0
3,19,sync_for_moe_gather,GPU,2.63218e+06,2.63218e+06,0
3,19,sync__set,GPU,2.63218e+06,2.63218e+06,0
3,19,sync__,GPU,2.63218e+06,2.63218e+06,0
3,19,moe_all_reduce_for_gather,GPU,2.63218e+06,2.65051e+06,18327.7
3,19,sync_5,GPU,2.65051e+06,2.65051e+06,0
3,19,sync__set,GPU,2.65051e+06,2.65051e+06,0
3,19,sync__,GPU,2.65051e+06,2.65051e+06,0
3,19,sync_6,GPU,2.65051e+06,2.65051e+06,0
3,19,sync__set,GPU,2.65051e+06,2.65051e+06,0
3,19,sync__,GPU,2.65051e+06,2.65051e+06,0
3,19,residual_2,GPU,2.65051e+06,2.65054e+06,36.1589
3,20,MoE_decoder_20,GPU,2.65054e+06,2.78522e+06,134679
3,20,input_layer_norm,GPU,2.65054e+06,2.65058e+06,36.1589
3,20,attention,GPU,2.65058e+06,2.68027e+06,29690.1
3,20,attn_qkv_proj,GPU,2.65058e+06,2.65677e+06,6193.22
3,20,Linear,GPU,2.65058e+06,2.65677e+06,6193.22
3,20,self_attention,GPU,2.65677e+06,2.65781e+06,1035.05
3,20,AttentionSplit,GPU,2.65677e+06,2.65677e+06,0
3,20,AttentionSum,Logic,2.65677e+06,2.65677e+06,0
3,20,AttentionGen,Logic,2.65677e+06,2.65781e+06,1035.05
3,20,AttentionMerge,GPU,2.65781e+06,2.65781e+06,0
3,20,attn_o_proj,GPU,2.65781e+06,2.66194e+06,4134.17
3,20,Linear,GPU,2.65781e+06,2.66194e+06,4134.17
3,20,all_reduce,GPU,2.66194e+06,2.68027e+06,18327.7
3,20,residual_1,GPU,2.68027e+06,2.68031e+06,36.1589
3,20,post_attn_layer_norm,GPU,2.68031e+06,2.68034e+06,36.1589
3,20,expertFFN,GPU,2.68034e+06,2.78519e+06,104844
3,20,sync_0,GPU,2.68034e+06,2.68034e+06,0
3,20,sync__set,GPU,2.68034e+06,2.68034e+06,0
3,20,sync__,GPU,2.68034e+06,2.68034e+06,0
3,20,gate_fn,GPU,2.68034e+06,2.68039e+06,48.2433
3,20,Linear,GPU,2.68034e+06,2.68039e+06,48.2433
3,20,gate_update,GPU,2.68039e+06,2.68039e+06,0
3,20,moe_scatter,GPU,2.68039e+06,2.68039e+06,0
3,20,sync_for_moe_scatter,GPU,2.68039e+06,2.68039e+06,0
3,20,sync__set,GPU,2.68039e+06,2.68039e+06,0
3,20,sync__,GPU,2.68039e+06,2.68039e+06,0
3,20,moe_route,GPU,2.68039e+06,2.68039e+06,0
3,20,expert_FFN_6,GPU,2.68039e+06,2.72361e+06,43221.9
3,20,gate_proj,GPU,2.68039e+06,2.69479e+06,14403.8
3,20,Linear,Logic,2.68039e+06,2.69479e+06,14403.8
3,20,activation,Logic,2.69479e+06,2.69481e+06,10.5463
3,20,up_proj,GPU,2.69481e+06,2.70921e+06,14403.8
3,20,Linear,Logic,2.69481e+06,2.70921e+06,14403.8
3,20,down_proj,GPU,2.70921e+06,2.72361e+06,14403.8
3,20,Linear,Logic,2.70921e+06,2.72361e+06,14403.8
3,20,expert_FFN_7,GPU,2.72361e+06,2.76686e+06,43246
3,20,gate_proj,GPU,2.72361e+06,2.73802e+06,14408.3
3,20,Linear,Logic,2.72361e+06,2.73802e+06,14408.3
3,20,activation,Logic,2.73802e+06,2.73804e+06,21.0927
3,20,up_proj,GPU,2.73804e+06,2.75245e+06,14408.3
3,20,Linear,Logic,2.73804e+06,2.75245e+06,14408.3
3,20,down_proj,GPU,2.75245e+06,2.76686e+06,14408.3
3,20,Linear,Logic,2.75245e+06,2.76686e+06,14408.3
3,20,sync_2,GPU,2.76686e+06,2.76686e+06,0
3,20,sync__set,GPU,2.76686e+06,2.76686e+06,0
3,20,sync__,GPU,2.76686e+06,2.76686e+06,0
3,20,moe_all_reduce_for_e_tp,GPU,2.76686e+06,2.76686e+06,0
3,20,sync_3,GPU,2.76686e+06,2.76686e+06,0
3,20,sync__set,GPU,2.76686e+06,2.76686e+06,0
3,20,sync__,GPU,2.76686e+06,2.76686e+06,0
3,20,moe_gather,GPU,2.76686e+06,2.76686e+06,0
3,20,sync_for_moe_gather,GPU,2.76686e+06,2.76686e+06,0
3,20,sync__set,GPU,2.76686e+06,2.76686e+06,0
3,20,sync__,GPU,2.76686e+06,2.76686e+06,0
3,20,moe_all_reduce_for_gather,GPU,2.76686e+06,2.78519e+06,18327.7
3,20,sync_5,GPU,2.78519e+06,2.78519e+06,0
3,20,sync__set,GPU,2.78519e+06,2.78519e+06,0
3,20,sync__,GPU,2.78519e+06,2.78519e+06,0
3,20,sync_6,GPU,2.78519e+06,2.78519e+06,0
3,20,sync__set,GPU,2.78519e+06,2.78519e+06,0
3,20,sync__,GPU,2.78519e+06,2.78519e+06,0
3,20,residual_2,GPU,2.78519e+06,2.78522e+06,36.1589
3,21,MoE_decoder_21,GPU,2.78522e+06,2.91995e+06,134727
3,21,input_layer_norm,GPU,2.78522e+06,2.78526e+06,36.1589
3,21,attention,GPU,2.78526e+06,2.81495e+06,29690.1
3,21,attn_qkv_proj,GPU,2.78526e+06,2.79145e+06,6193.22
3,21,Linear,GPU,2.78526e+06,2.79145e+06,6193.22
3,21,self_attention,GPU,2.79145e+06,2.79249e+06,1035.05
3,21,AttentionSplit,GPU,2.79145e+06,2.79145e+06,0
3,21,AttentionSum,Logic,2.79145e+06,2.79145e+06,0
3,21,AttentionGen,Logic,2.79145e+06,2.79249e+06,1035.05
3,21,AttentionMerge,GPU,2.79249e+06,2.79249e+06,0
3,21,attn_o_proj,GPU,2.79249e+06,2.79662e+06,4134.17
3,21,Linear,GPU,2.79249e+06,2.79662e+06,4134.17
3,21,all_reduce,GPU,2.79662e+06,2.81495e+06,18327.7
3,21,residual_1,GPU,2.81495e+06,2.81499e+06,36.1589
3,21,post_attn_layer_norm,GPU,2.81499e+06,2.81502e+06,36.1589
3,21,expertFFN,GPU,2.81502e+06,2.91991e+06,104892
3,21,sync_0,GPU,2.81502e+06,2.81502e+06,0
3,21,sync__set,GPU,2.81502e+06,2.81502e+06,0
3,21,sync__,GPU,2.81502e+06,2.81502e+06,0
3,21,gate_fn,GPU,2.81502e+06,2.81507e+06,48.2433
3,21,Linear,GPU,2.81502e+06,2.81507e+06,48.2433
3,21,gate_update,GPU,2.81507e+06,2.81507e+06,0
3,21,moe_scatter,GPU,2.81507e+06,2.81507e+06,0
3,21,sync_for_moe_scatter,GPU,2.81507e+06,2.81507e+06,0
3,21,sync__set,GPU,2.81507e+06,2.81507e+06,0
3,21,sync__,GPU,2.81507e+06,2.81507e+06,0
3,21,moe_route,GPU,2.81507e+06,2.81507e+06,0
3,21,expert_FFN_6,GPU,2.81507e+06,2.85829e+06,43221.9
3,21,gate_proj,GPU,2.81507e+06,2.82947e+06,14403.8
3,21,Linear,Logic,2.81507e+06,2.82947e+06,14403.8
3,21,activation,Logic,2.82947e+06,2.82948e+06,10.5463
3,21,up_proj,GPU,2.82948e+06,2.84389e+06,14403.8
3,21,Linear,Logic,2.82948e+06,2.84389e+06,14403.8
3,21,down_proj,GPU,2.84389e+06,2.85829e+06,14403.8
3,21,Linear,Logic,2.84389e+06,2.85829e+06,14403.8
3,21,expert_FFN_7,GPU,2.85829e+06,2.85829e+06,0
3,21,gate_proj,GPU,2.85829e+06,2.85829e+06,0
3,21,Linear,Logic,2.85829e+06,2.85829e+06,0
3,21,activation,Logic,2.85829e+06,2.85829e+06,0
3,21,up_proj,GPU,2.85829e+06,2.85829e+06,0
3,21,Linear,Logic,2.85829e+06,2.85829e+06,0
3,21,down_proj,GPU,2.85829e+06,2.85829e+06,0
3,21,Linear,Logic,2.85829e+06,2.85829e+06,0
3,21,sync_2,GPU,2.85829e+06,2.90159e+06,43294.3
3,21,sync__set,GPU,2.85829e+06,2.85829e+06,0
3,21,sync__,GPU,2.85829e+06,2.90159e+06,43294.3
3,21,moe_all_reduce_for_e_tp,GPU,2.90159e+06,2.90159e+06,0
3,21,sync_3,GPU,2.90159e+06,2.90159e+06,0
3,21,sync__set,GPU,2.90159e+06,2.90159e+06,0
3,21,sync__,GPU,2.90159e+06,2.90159e+06,0
3,21,moe_gather,GPU,2.90159e+06,2.90159e+06,0
3,21,sync_for_moe_gather,GPU,2.90159e+06,2.90159e+06,0
3,21,sync__set,GPU,2.90159e+06,2.90159e+06,0
3,21,sync__,GPU,2.90159e+06,2.90159e+06,0
3,21,moe_all_reduce_for_gather,GPU,2.90159e+06,2.91991e+06,18327.7
3,21,sync_5,GPU,2.91991e+06,2.91991e+06,0
3,21,sync__set,GPU,2.91991e+06,2.91991e+06,0
3,21,sync__,GPU,2.91991e+06,2.91991e+06,0
3,21,sync_6,GPU,2.91991e+06,2.91991e+06,0
3,21,sync__set,GPU,2.91991e+06,2.91991e+06,0
3,21,sync__,GPU,2.91991e+06,2.91991e+06,0
3,21,residual_2,GPU,2.91991e+06,2.91995e+06,36.1589
3,22,MoE_decoder_22,GPU,2.91995e+06,3.01143e+06,91480.8
3,22,input_layer_norm,GPU,2.91995e+06,2.91999e+06,36.1589
3,22,attention,GPU,2.91999e+06,2.94968e+06,29690.1
3,22,attn_qkv_proj,GPU,2.91999e+06,2.92618e+06,6193.22
3,22,Linear,GPU,2.91999e+06,2.92618e+06,6193.22
3,22,self_attention,GPU,2.92618e+06,2.92721e+06,1035.05
3,22,AttentionSplit,GPU,2.92618e+06,2.92618e+06,0
3,22,AttentionSum,Logic,2.92618e+06,2.92618e+06,0
3,22,AttentionGen,Logic,2.92618e+06,2.92721e+06,1035.05
3,22,AttentionMerge,GPU,2.92721e+06,2.92721e+06,0
3,22,attn_o_proj,GPU,2.92721e+06,2.93135e+06,4134.17
3,22,Linear,GPU,2.92721e+06,2.93135e+06,4134.17
3,22,all_reduce,GPU,2.93135e+06,2.94968e+06,18327.7
3,22,residual_1,GPU,2.94968e+06,2.94971e+06,36.1589
3,22,post_attn_layer_norm,GPU,2.94971e+06,2.94975e+06,36.1589
3,22,expertFFN,GPU,2.94975e+06,3.01139e+06,61646.1
3,22,sync_0,GPU,2.94975e+06,2.94975e+06,0
3,22,sync__set,GPU,2.94975e+06,2.94975e+06,0
3,22,sync__,GPU,2.94975e+06,2.94975e+06,0
3,22,gate_fn,GPU,2.94975e+06,2.9498e+06,48.2433
3,22,Linear,GPU,2.94975e+06,2.9498e+06,48.2433
3,22,gate_update,GPU,2.9498e+06,2.9498e+06,0
3,22,moe_scatter,GPU,2.9498e+06,2.9498e+06,0
3,22,sync_for_moe_scatter,GPU,2.9498e+06,2.9498e+06,0
3,22,sync__set,GPU,2.9498e+06,2.9498e+06,0
3,22,sync__,GPU,2.9498e+06,2.9498e+06,0
3,22,moe_route,GPU,2.9498e+06,2.9498e+06,0
3,22,expert_FFN_6,GPU,2.9498e+06,2.99302e+06,43221.9
3,22,gate_proj,GPU,2.9498e+06,2.9642e+06,14403.8
3,22,Linear,Logic,2.9498e+06,2.9642e+06,14403.8
3,22,activation,Logic,2.9642e+06,2.96421e+06,10.5463
3,22,up_proj,GPU,2.96421e+06,2.97861e+06,14403.8
3,22,Linear,Logic,2.96421e+06,2.97861e+06,14403.8
3,22,down_proj,GPU,2.97861e+06,2.99302e+06,14403.8
3,22,Linear,Logic,2.97861e+06,2.99302e+06,14403.8
3,22,expert_FFN_7,GPU,2.99302e+06,2.99302e+06,0
3,22,gate_proj,GPU,2.99302e+06,2.99302e+06,0
3,22,Linear,Logic,2.99302e+06,2.99302e+06,0
3,22,activation,Logic,2.99302e+06,2.99302e+06,0
3,22,up_proj,GPU,2.99302e+06,2.99302e+06,0
3,22,Linear,Logic,2.99302e+06,2.99302e+06,0
3,22,down_proj,GPU,2.99302e+06,2.99302e+06,0
3,22,Linear,Logic,2.99302e+06,2.99302e+06,0
3,22,sync_2,GPU,2.99302e+06,2.99307e+06,48.2119
3,22,sync__set,GPU,2.99302e+06,2.99302e+06,0
3,22,sync__,GPU,2.99302e+06,2.99307e+06,48.2119
3,22,moe_all_reduce_for_e_tp,GPU,2.99307e+06,2.99307e+06,0
3,22,sync_3,GPU,2.99307e+06,2.99307e+06,0
3,22,sync__set,GPU,2.99307e+06,2.99307e+06,0
3,22,sync__,GPU,2.99307e+06,2.99307e+06,0
3,22,moe_gather,GPU,2.99307e+06,2.99307e+06,0
3,22,sync_for_moe_gather,GPU,2.99307e+06,2.99307e+06,0
3,22,sync__set,GPU,2.99307e+06,2.99307e+06,0
3,22,sync__,GPU,2.99307e+06,2.99307e+06,0
3,22,moe_all_reduce_for_gather,GPU,2.99307e+06,3.01139e+06,18327.7
3,22,sync_5,GPU,3.01139e+06,3.01139e+06,0
3,22,sync__set,GPU,3.01139e+06,3.01139e+06,0
3,22,sync__,GPU,3.01139e+06,3.01139e+06,0
3,22,sync_6,GPU,3.01139e+06,3.01139e+06,0
3,22,sync__set,GPU,3.01139e+06,3.01139e+06,0
3,22,sync__,GPU,3.01139e+06,3.01139e+06,0
3,22,residual_2,GPU,3.01139e+06,3.01143e+06,36.1589
3,23,MoE_decoder_23,GPU,3.01143e+06,3.14611e+06,134679
3,23,input_layer_norm,GPU,3.01143e+06,3.01147e+06,36.1589
3,23,attention,GPU,3.01147e+06,3.04116e+06,29690.1
3,23,attn_qkv_proj,GPU,3.01147e+06,3.01766e+06,6193.22
3,23,Linear,GPU,3.01147e+06,3.01766e+06,6193.22
3,23,self_attention,GPU,3.01766e+06,3.01869e+06,1035.05
3,23,AttentionSplit,GPU,3.01766e+06,3.01766e+06,0
3,23,AttentionSum,Logic,3.01766e+06,3.01766e+06,0
3,23,AttentionGen,Logic,3.01766e+06,3.01869e+06,1035.05
3,23,AttentionMerge,GPU,3.01869e+06,3.01869e+06,0
3,23,attn_o_proj,GPU,3.01869e+06,3.02283e+06,4134.17
3,23,Linear,GPU,3.01869e+06,3.02283e+06,4134.17
3,23,all_reduce,GPU,3.02283e+06,3.04116e+06,18327.7
3,23,residual_1,GPU,3.04116e+06,3.04119e+06,36.1589
3,23,post_attn_layer_norm,GPU,3.04119e+06,3.04123e+06,36.1589
3,23,expertFFN,GPU,3.04123e+06,3.14607e+06,104844
3,23,sync_0,GPU,3.04123e+06,3.04123e+06,0
3,23,sync__set,GPU,3.04123e+06,3.04123e+06,0
3,23,sync__,GPU,3.04123e+06,3.04123e+06,0
3,23,gate_fn,GPU,3.04123e+06,3.04128e+06,48.2433
3,23,Linear,GPU,3.04123e+06,3.04128e+06,48.2433
3,23,gate_update,GPU,3.04128e+06,3.04128e+06,0
3,23,moe_scatter,GPU,3.04128e+06,3.04128e+06,0
3,23,sync_for_moe_scatter,GPU,3.04128e+06,3.04128e+06,0
3,23,sync__set,GPU,3.04128e+06,3.04128e+06,0
3,23,sync__,GPU,3.04128e+06,3.04128e+06,0
3,23,moe_route,GPU,3.04128e+06,3.04128e+06,0
3,23,expert_FFN_6,GPU,3.04128e+06,3.0845e+06,43221.9
3,23,gate_proj,GPU,3.04128e+06,3.05568e+06,14403.8
3,23,Linear,Logic,3.04128e+06,3.05568e+06,14403.8
3,23,activation,Logic,3.05568e+06,3.05569e+06,10.5463
3,23,up_proj,GPU,3.05569e+06,3.0701e+06,14403.8
3,23,Linear,Logic,3.05569e+06,3.0701e+06,14403.8
3,23,down_proj,GPU,3.0701e+06,3.0845e+06,14403.8
3,23,Linear,Logic,3.0701e+06,3.0845e+06,14403.8
3,23,expert_FFN_7,GPU,3.0845e+06,3.12772e+06,43221.9
3,23,gate_proj,GPU,3.0845e+06,3.0989e+06,14403.8
3,23,Linear,Logic,3.0845e+06,3.0989e+06,14403.8
3,23,activation,Logic,3.0989e+06,3.09891e+06,10.5463
3,23,up_proj,GPU,3.09891e+06,3.11332e+06,14403.8
3,23,Linear,Logic,3.09891e+06,3.11332e+06,14403.8
3,23,down_proj,GPU,3.11332e+06,3.12772e+06,14403.8
3,23,Linear,Logic,3.11332e+06,3.12772e+06,14403.8
3,23,sync_2,GPU,3.12772e+06,3.12775e+06,24.1059
3,23,sync__set,GPU,3.12772e+06,3.12772e+06,0
3,23,sync__,GPU,3.12772e+06,3.12775e+06,24.1059
3,23,moe_all_reduce_for_e_tp,GPU,3.12775e+06,3.12775e+06,0
3,23,sync_3,GPU,3.12775e+06,3.12775e+06,0
3,23,sync__set,GPU,3.12775e+06,3.12775e+06,0
3,23,sync__,GPU,3.12775e+06,3.12775e+06,0
3,23,moe_gather,GPU,3.12775e+06,3.12775e+06,0
3,23,sync_for_moe_gather,GPU,3.12775e+06,3.12775e+06,0
3,23,sync__set,GPU,3.12775e+06,3.12775e+06,0
3,23,sync__,GPU,3.12775e+06,3.12775e+06,0
3,23,moe_all_reduce_for_gather,GPU,3.12775e+06,3.14607e+06,18327.7
3,23,sync_5,GPU,3.14607e+06,3.14607e+06,0
3,23,sync__set,GPU,3.14607e+06,3.14607e+06,0
3,23,sync__,GPU,3.14607e+06,3.14607e+06,0
3,23,sync_6,GPU,3.14607e+06,3.14607e+06,0
3,23,sync__set,GPU,3.14607e+06,3.14607e+06,0
3,23,sync__,GPU,3.14607e+06,3.14607e+06,0
3,23,residual_2,GPU,3.14607e+06,3.14611e+06,36.1589
3,24,MoE_decoder_24,GPU,3.14611e+06,3.28079e+06,134679
3,24,input_layer_norm,GPU,3.14611e+06,3.14615e+06,36.1589
3,24,attention,GPU,3.14615e+06,3.17584e+06,29690.1
3,24,attn_qkv_proj,GPU,3.14615e+06,3.15234e+06,6193.22
3,24,Linear,GPU,3.14615e+06,3.15234e+06,6193.22
3,24,self_attention,GPU,3.15234e+06,3.15337e+06,1035.05
3,24,AttentionSplit,GPU,3.15234e+06,3.15234e+06,0
3,24,AttentionSum,Logic,3.15234e+06,3.15234e+06,0
3,24,AttentionGen,Logic,3.15234e+06,3.15337e+06,1035.05
3,24,AttentionMerge,GPU,3.15337e+06,3.15337e+06,0
3,24,attn_o_proj,GPU,3.15337e+06,3.15751e+06,4134.17
3,24,Linear,GPU,3.15337e+06,3.15751e+06,4134.17
3,24,all_reduce,GPU,3.15751e+06,3.17584e+06,18327.7
3,24,residual_1,GPU,3.17584e+06,3.17587e+06,36.1589
3,24,post_attn_layer_norm,GPU,3.17587e+06,3.17591e+06,36.1589
3,24,expertFFN,GPU,3.17591e+06,3.28075e+06,104844
3,24,sync_0,GPU,3.17591e+06,3.17591e+06,0
3,24,sync__set,GPU,3.17591e+06,3.17591e+06,0
3,24,sync__,GPU,3.17591e+06,3.17591e+06,0
3,24,gate_fn,GPU,3.17591e+06,3.17596e+06,48.2433
3,24,Linear,GPU,3.17591e+06,3.17596e+06,48.2433
3,24,gate_update,GPU,3.17596e+06,3.17596e+06,0
3,24,moe_scatter,GPU,3.17596e+06,3.17596e+06,0
3,24,sync_for_moe_scatter,GPU,3.17596e+06,3.17596e+06,0
3,24,sync__set,GPU,3.17596e+06,3.17596e+06,0
3,24,sync__,GPU,3.17596e+06,3.17596e+06,0
3,24,moe_route,GPU,3.17596e+06,3.17596e+06,0
3,24,expert_FFN_6,GPU,3.17596e+06,3.17596e+06,0
3,24,gate_proj,GPU,3.17596e+06,3.17596e+06,0
3,24,Linear,Logic,3.17596e+06,3.17596e+06,0
3,24,activation,Logic,3.17596e+06,3.17596e+06,0
3,24,up_proj,GPU,3.17596e+06,3.17596e+06,0
3,24,Linear,Logic,3.17596e+06,3.17596e+06,0
3,24,down_proj,GPU,3.17596e+06,3.17596e+06,0
3,24,Linear,Logic,3.17596e+06,3.17596e+06,0
3,24,expert_FFN_7,GPU,3.17596e+06,3.21918e+06,43221.9
3,24,gate_proj,GPU,3.17596e+06,3.19036e+06,14403.8
3,24,Linear,Logic,3.17596e+06,3.19036e+06,14403.8
3,24,activation,Logic,3.19036e+06,3.19037e+06,10.5463
3,24,up_proj,GPU,3.19037e+06,3.20477e+06,14403.8
3,24,Linear,Logic,3.19037e+06,3.20477e+06,14403.8
3,24,down_proj,GPU,3.20477e+06,3.21918e+06,14403.8
3,24,Linear,Logic,3.20477e+06,3.21918e+06,14403.8
3,24,sync_2,GPU,3.21918e+06,3.26242e+06,43246
3,24,sync__set,GPU,3.21918e+06,3.21918e+06,0
3,24,sync__,GPU,3.21918e+06,3.26242e+06,43246
3,24,moe_all_reduce_for_e_tp,GPU,3.26242e+06,3.26242e+06,0
3,24,sync_3,GPU,3.26242e+06,3.26242e+06,0
3,24,sync__set,GPU,3.26242e+06,3.26242e+06,0
3,24,sync__,GPU,3.26242e+06,3.26242e+06,0
3,24,moe_gather,GPU,3.26242e+06,3.26242e+06,0
3,24,sync_for_moe_gather,GPU,3.26242e+06,3.26242e+06,0
3,24,sync__set,GPU,3.26242e+06,3.26242e+06,0
3,24,sync__,GPU,3.26242e+06,3.26242e+06,0
3,24,moe_all_reduce_for_gather,GPU,3.26242e+06,3.28075e+06,18327.7
3,24,sync_5,GPU,3.28075e+06,3.28075e+06,0
3,24,sync__set,GPU,3.28075e+06,3.28075e+06,0
3,24,sync__,GPU,3.28075e+06,3.28075e+06,0
3,24,sync_6,GPU,3.28075e+06,3.28075e+06,0
3,24,sync__set,GPU,3.28075e+06,3.28075e+06,0
3,24,sync__,GPU,3.28075e+06,3.28075e+06,0
3,24,residual_2,GPU,3.28075e+06,3.28079e+06,36.1589
3,25,MoE_decoder_25,GPU,3.28079e+06,3.41551e+06,134727
3,25,input_layer_norm,GPU,3.28079e+06,3.28082e+06,36.1589
3,25,attention,GPU,3.28082e+06,3.31051e+06,29690.1
3,25,attn_qkv_proj,GPU,3.28082e+06,3.28702e+06,6193.22
3,25,Linear,GPU,3.28082e+06,3.28702e+06,6193.22
3,25,self_attention,GPU,3.28702e+06,3.28805e+06,1035.05
3,25,AttentionSplit,GPU,3.28702e+06,3.28702e+06,0
3,25,AttentionSum,Logic,3.28702e+06,3.28702e+06,0
3,25,AttentionGen,Logic,3.28702e+06,3.28805e+06,1035.05
3,25,AttentionMerge,GPU,3.28805e+06,3.28805e+06,0
3,25,attn_o_proj,GPU,3.28805e+06,3.29219e+06,4134.17
3,25,Linear,GPU,3.28805e+06,3.29219e+06,4134.17
3,25,all_reduce,GPU,3.29219e+06,3.31051e+06,18327.7
3,25,residual_1,GPU,3.31051e+06,3.31055e+06,36.1589
3,25,post_attn_layer_norm,GPU,3.31055e+06,3.31059e+06,36.1589
3,25,expertFFN,GPU,3.31059e+06,3.41548e+06,104892
3,25,sync_0,GPU,3.31059e+06,3.31059e+06,0
3,25,sync__set,GPU,3.31059e+06,3.31059e+06,0
3,25,sync__,GPU,3.31059e+06,3.31059e+06,0
3,25,gate_fn,GPU,3.31059e+06,3.31063e+06,48.2433
3,25,Linear,GPU,3.31059e+06,3.31063e+06,48.2433
3,25,gate_update,GPU,3.31063e+06,3.31063e+06,0
3,25,moe_scatter,GPU,3.31063e+06,3.31063e+06,0
3,25,sync_for_moe_scatter,GPU,3.31063e+06,3.31063e+06,0
3,25,sync__set,GPU,3.31063e+06,3.31063e+06,0
3,25,sync__,GPU,3.31063e+06,3.31063e+06,0
3,25,moe_route,GPU,3.31063e+06,3.31063e+06,0
3,25,expert_FFN_6,GPU,3.31063e+06,3.3539e+06,43270.2
3,25,gate_proj,GPU,3.31063e+06,3.32505e+06,14412.8
3,25,Linear,Logic,3.31063e+06,3.32505e+06,14412.8
3,25,activation,Logic,3.32505e+06,3.32508e+06,31.639
3,25,up_proj,GPU,3.32508e+06,3.33949e+06,14412.8
3,25,Linear,Logic,3.32508e+06,3.33949e+06,14412.8
3,25,down_proj,GPU,3.33949e+06,3.3539e+06,14412.8
3,25,Linear,Logic,3.33949e+06,3.3539e+06,14412.8
3,25,expert_FFN_7,GPU,3.3539e+06,3.39715e+06,43246
3,25,gate_proj,GPU,3.3539e+06,3.36831e+06,14408.3
3,25,Linear,Logic,3.3539e+06,3.36831e+06,14408.3
3,25,activation,Logic,3.36831e+06,3.36833e+06,21.0927
3,25,up_proj,GPU,3.36833e+06,3.38274e+06,14408.3
3,25,Linear,Logic,3.36833e+06,3.38274e+06,14408.3
3,25,down_proj,GPU,3.38274e+06,3.39715e+06,14408.3
3,25,Linear,Logic,3.38274e+06,3.39715e+06,14408.3
3,25,sync_2,GPU,3.39715e+06,3.39715e+06,0
3,25,sync__set,GPU,3.39715e+06,3.39715e+06,0
3,25,sync__,GPU,3.39715e+06,3.39715e+06,0
3,25,moe_all_reduce_for_e_tp,GPU,3.39715e+06,3.39715e+06,0
3,25,sync_3,GPU,3.39715e+06,3.39715e+06,0
3,25,sync__set,GPU,3.39715e+06,3.39715e+06,0
3,25,sync__,GPU,3.39715e+06,3.39715e+06,0
3,25,moe_gather,GPU,3.39715e+06,3.39715e+06,0
3,25,sync_for_moe_gather,GPU,3.39715e+06,3.39715e+06,0
3,25,sync__set,GPU,3.39715e+06,3.39715e+06,0
3,25,sync__,GPU,3.39715e+06,3.39715e+06,0
3,25,moe_all_reduce_for_gather,GPU,3.39715e+06,3.41548e+06,18327.7
3,25,sync_5,GPU,3.41548e+06,3.41548e+06,0
3,25,sync__set,GPU,3.41548e+06,3.41548e+06,0
3,25,sync__,GPU,3.41548e+06,3.41548e+06,0
3,25,sync_6,GPU,3.41548e+06,3.41548e+06,0
3,25,sync__set,GPU,3.41548e+06,3.41548e+06,0
3,25,sync__,GPU,3.41548e+06,3.41548e+06,0
3,25,residual_2,GPU,3.41548e+06,3.41551e+06,36.1589
3,26,MoE_decoder_26,GPU,3.41551e+06,3.55022e+06,134703
3,26,input_layer_norm,GPU,3.41551e+06,3.41555e+06,36.1589
3,26,attention,GPU,3.41555e+06,3.44524e+06,29690.1
3,26,attn_qkv_proj,GPU,3.41555e+06,3.42174e+06,6193.22
3,26,Linear,GPU,3.41555e+06,3.42174e+06,6193.22
3,26,self_attention,GPU,3.42174e+06,3.42278e+06,1035.05
3,26,AttentionSplit,GPU,3.42174e+06,3.42174e+06,0
3,26,AttentionSum,Logic,3.42174e+06,3.42174e+06,0
3,26,AttentionGen,Logic,3.42174e+06,3.42278e+06,1035.05
3,26,AttentionMerge,GPU,3.42278e+06,3.42278e+06,0
3,26,attn_o_proj,GPU,3.42278e+06,3.42691e+06,4134.17
3,26,Linear,GPU,3.42278e+06,3.42691e+06,4134.17
3,26,all_reduce,GPU,3.42691e+06,3.44524e+06,18327.7
3,26,residual_1,GPU,3.44524e+06,3.44528e+06,36.1589
3,26,post_attn_layer_norm,GPU,3.44528e+06,3.44531e+06,36.1589
3,26,expertFFN,GPU,3.44531e+06,3.55018e+06,104868
3,26,sync_0,GPU,3.44531e+06,3.44531e+06,0
3,26,sync__set,GPU,3.44531e+06,3.44531e+06,0
3,26,sync__,GPU,3.44531e+06,3.44531e+06,0
3,26,gate_fn,GPU,3.44531e+06,3.44536e+06,48.2433
3,26,Linear,GPU,3.44531e+06,3.44536e+06,48.2433
3,26,gate_update,GPU,3.44536e+06,3.44536e+06,0
3,26,moe_scatter,GPU,3.44536e+06,3.44536e+06,0
3,26,sync_for_moe_scatter,GPU,3.44536e+06,3.44536e+06,0
3,26,sync__set,GPU,3.44536e+06,3.44536e+06,0
3,26,sync__,GPU,3.44536e+06,3.44536e+06,0
3,26,moe_route,GPU,3.44536e+06,3.44536e+06,0
3,26,expert_FFN_6,GPU,3.44536e+06,3.44536e+06,0
3,26,gate_proj,GPU,3.44536e+06,3.44536e+06,0
3,26,Linear,Logic,3.44536e+06,3.44536e+06,0
3,26,activation,Logic,3.44536e+06,3.44536e+06,0
3,26,up_proj,GPU,3.44536e+06,3.44536e+06,0
3,26,Linear,Logic,3.44536e+06,3.44536e+06,0
3,26,down_proj,GPU,3.44536e+06,3.44536e+06,0
3,26,Linear,Logic,3.44536e+06,3.44536e+06,0
3,26,expert_FFN_7,GPU,3.44536e+06,3.48858e+06,43221.9
3,26,gate_proj,GPU,3.44536e+06,3.45977e+06,14403.8
3,26,Linear,Logic,3.44536e+06,3.45977e+06,14403.8
3,26,activation,Logic,3.45977e+06,3.45978e+06,10.5463
3,26,up_proj,GPU,3.45978e+06,3.47418e+06,14403.8
3,26,Linear,Logic,3.45978e+06,3.47418e+06,14403.8
3,26,down_proj,GPU,3.47418e+06,3.48858e+06,14403.8
3,26,Linear,Logic,3.47418e+06,3.48858e+06,14403.8
3,26,sync_2,GPU,3.48858e+06,3.53185e+06,43270.2
3,26,sync__set,GPU,3.48858e+06,3.48858e+06,0
3,26,sync__,GPU,3.48858e+06,3.53185e+06,43270.2
3,26,moe_all_reduce_for_e_tp,GPU,3.53185e+06,3.53185e+06,0
3,26,sync_3,GPU,3.53185e+06,3.53185e+06,0
3,26,sync__set,GPU,3.53185e+06,3.53185e+06,0
3,26,sync__,GPU,3.53185e+06,3.53185e+06,0
3,26,moe_gather,GPU,3.53185e+06,3.53185e+06,0
3,26,sync_for_moe_gather,GPU,3.53185e+06,3.53185e+06,0
3,26,sync__set,GPU,3.53185e+06,3.53185e+06,0
3,26,sync__,GPU,3.53185e+06,3.53185e+06,0
3,26,moe_all_reduce_for_gather,GPU,3.53185e+06,3.55018e+06,18327.7
3,26,sync_5,GPU,3.55018e+06,3.55018e+06,0
3,26,sync__set,GPU,3.55018e+06,3.55018e+06,0
3,26,sync__,GPU,3.55018e+06,3.55018e+06,0
3,26,sync_6,GPU,3.55018e+06,3.55018e+06,0
3,26,sync__set,GPU,3.55018e+06,3.55018e+06,0
3,26,sync__,GPU,3.55018e+06,3.55018e+06,0
3,26,residual_2,GPU,3.55018e+06,3.55022e+06,36.1589
3,27,MoE_decoder_27,GPU,3.55022e+06,3.6849e+06,134679
3,27,input_layer_norm,GPU,3.55022e+06,3.55025e+06,36.1589
3,27,attention,GPU,3.55025e+06,3.57994e+06,29690.1
3,27,attn_qkv_proj,GPU,3.55025e+06,3.55645e+06,6193.22
3,27,Linear,GPU,3.55025e+06,3.55645e+06,6193.22
3,27,self_attention,GPU,3.55645e+06,3.55748e+06,1035.05
3,27,AttentionSplit,GPU,3.55645e+06,3.55645e+06,0
3,27,AttentionSum,Logic,3.55645e+06,3.55645e+06,0
3,27,AttentionGen,Logic,3.55645e+06,3.55748e+06,1035.05
3,27,AttentionMerge,GPU,3.55748e+06,3.55748e+06,0
3,27,attn_o_proj,GPU,3.55748e+06,3.56162e+06,4134.17
3,27,Linear,GPU,3.55748e+06,3.56162e+06,4134.17
3,27,all_reduce,GPU,3.56162e+06,3.57994e+06,18327.7
3,27,residual_1,GPU,3.57994e+06,3.57998e+06,36.1589
3,27,post_attn_layer_norm,GPU,3.57998e+06,3.58002e+06,36.1589
3,27,expertFFN,GPU,3.58002e+06,3.68486e+06,104844
3,27,sync_0,GPU,3.58002e+06,3.58002e+06,0
3,27,sync__set,GPU,3.58002e+06,3.58002e+06,0
3,27,sync__,GPU,3.58002e+06,3.58002e+06,0
3,27,gate_fn,GPU,3.58002e+06,3.58006e+06,48.2433
3,27,Linear,GPU,3.58002e+06,3.58006e+06,48.2433
3,27,gate_update,GPU,3.58006e+06,3.58006e+06,0
3,27,moe_scatter,GPU,3.58006e+06,3.58006e+06,0
3,27,sync_for_moe_scatter,GPU,3.58006e+06,3.58006e+06,0
3,27,sync__set,GPU,3.58006e+06,3.58006e+06,0
3,27,sync__,GPU,3.58006e+06,3.58006e+06,0
3,27,moe_route,GPU,3.58006e+06,3.58006e+06,0
3,27,expert_FFN_6,GPU,3.58006e+06,3.62329e+06,43221.9
3,27,gate_proj,GPU,3.58006e+06,3.59447e+06,14403.8
3,27,Linear,Logic,3.58006e+06,3.59447e+06,14403.8
3,27,activation,Logic,3.59447e+06,3.59448e+06,10.5463
3,27,up_proj,GPU,3.59448e+06,3.60888e+06,14403.8
3,27,Linear,Logic,3.59448e+06,3.60888e+06,14403.8
3,27,down_proj,GPU,3.60888e+06,3.62329e+06,14403.8
3,27,Linear,Logic,3.60888e+06,3.62329e+06,14403.8
3,27,expert_FFN_7,GPU,3.62329e+06,3.66653e+06,43246
3,27,gate_proj,GPU,3.62329e+06,3.63769e+06,14408.3
3,27,Linear,Logic,3.62329e+06,3.63769e+06,14408.3
3,27,activation,Logic,3.63769e+06,3.63772e+06,21.0927
3,27,up_proj,GPU,3.63772e+06,3.65212e+06,14408.3
3,27,Linear,Logic,3.63772e+06,3.65212e+06,14408.3
3,27,down_proj,GPU,3.65212e+06,3.66653e+06,14408.3
3,27,Linear,Logic,3.65212e+06,3.66653e+06,14408.3
3,27,sync_2,GPU,3.66653e+06,3.66653e+06,0
3,27,sync__set,GPU,3.66653e+06,3.66653e+06,0
3,27,sync__,GPU,3.66653e+06,3.66653e+06,0
3,27,moe_all_reduce_for_e_tp,GPU,3.66653e+06,3.66653e+06,0
3,27,sync_3,GPU,3.66653e+06,3.66653e+06,0
3,27,sync__set,GPU,3.66653e+06,3.66653e+06,0
3,27,sync__,GPU,3.66653e+06,3.66653e+06,0
3,27,moe_gather,GPU,3.66653e+06,3.66653e+06,0
3,27,sync_for_moe_gather,GPU,3.66653e+06,3.66653e+06,0
3,27,sync__set,GPU,3.66653e+06,3.66653e+06,0
3,27,sync__,GPU,3.66653e+06,3.66653e+06,0
3,27,moe_all_reduce_for_gather,GPU,3.66653e+06,3.68486e+06,18327.7
3,27,sync_5,GPU,3.68486e+06,3.68486e+06,0
3,27,sync__set,GPU,3.68486e+06,3.68486e+06,0
3,27,sync__,GPU,3.68486e+06,3.68486e+06,0
3,27,sync_6,GPU,3.68486e+06,3.68486e+06,0
3,27,sync__set,GPU,3.68486e+06,3.68486e+06,0
3,27,sync__,GPU,3.68486e+06,3.68486e+06,0
3,27,residual_2,GPU,3.68486e+06,3.6849e+06,36.1589
3,28,MoE_decoder_28,GPU,3.6849e+06,3.8196e+06,134703
3,28,input_layer_norm,GPU,3.6849e+06,3.68493e+06,36.1589
3,28,attention,GPU,3.68493e+06,3.71462e+06,29690.1
3,28,attn_qkv_proj,GPU,3.68493e+06,3.69113e+06,6193.22
3,28,Linear,GPU,3.68493e+06,3.69113e+06,6193.22
3,28,self_attention,GPU,3.69113e+06,3.69216e+06,1035.05
3,28,AttentionSplit,GPU,3.69113e+06,3.69113e+06,0
3,28,AttentionSum,Logic,3.69113e+06,3.69113e+06,0
3,28,AttentionGen,Logic,3.69113e+06,3.69216e+06,1035.05
3,28,AttentionMerge,GPU,3.69216e+06,3.69216e+06,0
3,28,attn_o_proj,GPU,3.69216e+06,3.69629e+06,4134.17
3,28,Linear,GPU,3.69216e+06,3.69629e+06,4134.17
3,28,all_reduce,GPU,3.69629e+06,3.71462e+06,18327.7
3,28,residual_1,GPU,3.71462e+06,3.71466e+06,36.1589
3,28,post_attn_layer_norm,GPU,3.71466e+06,3.71469e+06,36.1589
3,28,expertFFN,GPU,3.71469e+06,3.81956e+06,104868
3,28,sync_0,GPU,3.71469e+06,3.71469e+06,0
3,28,sync__set,GPU,3.71469e+06,3.71469e+06,0
3,28,sync__,GPU,3.71469e+06,3.71469e+06,0
3,28,gate_fn,GPU,3.71469e+06,3.71474e+06,48.2433
3,28,Linear,GPU,3.71469e+06,3.71474e+06,48.2433
3,28,gate_update,GPU,3.71474e+06,3.71474e+06,0
3,28,moe_scatter,GPU,3.71474e+06,3.71474e+06,0
3,28,sync_for_moe_scatter,GPU,3.71474e+06,3.71474e+06,0
3,28,sync__set,GPU,3.71474e+06,3.71474e+06,0
3,28,sync__,GPU,3.71474e+06,3.71474e+06,0
3,28,moe_route,GPU,3.71474e+06,3.71474e+06,0
3,28,expert_FFN_6,GPU,3.71474e+06,3.75799e+06,43246
3,28,gate_proj,GPU,3.71474e+06,3.72915e+06,14408.3
3,28,Linear,Logic,3.71474e+06,3.72915e+06,14408.3
3,28,activation,Logic,3.72915e+06,3.72917e+06,21.0927
3,28,up_proj,GPU,3.72917e+06,3.74358e+06,14408.3
3,28,Linear,Logic,3.72917e+06,3.74358e+06,14408.3
3,28,down_proj,GPU,3.74358e+06,3.75799e+06,14408.3
3,28,Linear,Logic,3.74358e+06,3.75799e+06,14408.3
3,28,expert_FFN_7,GPU,3.75799e+06,3.80123e+06,43246
3,28,gate_proj,GPU,3.75799e+06,3.7724e+06,14408.3
3,28,Linear,Logic,3.75799e+06,3.7724e+06,14408.3
3,28,activation,Logic,3.7724e+06,3.77242e+06,21.0927
3,28,up_proj,GPU,3.77242e+06,3.78683e+06,14408.3
3,28,Linear,Logic,3.77242e+06,3.78683e+06,14408.3
3,28,down_proj,GPU,3.78683e+06,3.80123e+06,14408.3
3,28,Linear,Logic,3.78683e+06,3.80123e+06,14408.3
3,28,sync_2,GPU,3.80123e+06,3.80123e+06,0
3,28,sync__set,GPU,3.80123e+06,3.80123e+06,0
3,28,sync__,GPU,3.80123e+06,3.80123e+06,0
3,28,moe_all_reduce_for_e_tp,GPU,3.80123e+06,3.80123e+06,0
3,28,sync_3,GPU,3.80123e+06,3.80123e+06,0
3,28,sync__set,GPU,3.80123e+06,3.80123e+06,0
3,28,sync__,GPU,3.80123e+06,3.80123e+06,0
3,28,moe_gather,GPU,3.80123e+06,3.80123e+06,0
3,28,sync_for_moe_gather,GPU,3.80123e+06,3.80123e+06,0
3,28,sync__set,GPU,3.80123e+06,3.80123e+06,0
3,28,sync__,GPU,3.80123e+06,3.80123e+06,0
3,28,moe_all_reduce_for_gather,GPU,3.80123e+06,3.81956e+06,18327.7
3,28,sync_5,GPU,3.81956e+06,3.81956e+06,0
3,28,sync__set,GPU,3.81956e+06,3.81956e+06,0
3,28,sync__,GPU,3.81956e+06,3.81956e+06,0
3,28,sync_6,GPU,3.81956e+06,3.81956e+06,0
3,28,sync__set,GPU,3.81956e+06,3.81956e+06,0
3,28,sync__,GPU,3.81956e+06,3.81956e+06,0
3,28,residual_2,GPU,3.81956e+06,3.8196e+06,36.1589
3,29,MoE_decoder_29,GPU,3.8196e+06,3.95428e+06,134679
3,29,input_layer_norm,GPU,3.8196e+06,3.81963e+06,36.1589
3,29,attention,GPU,3.81963e+06,3.84933e+06,29690.1
3,29,attn_qkv_proj,GPU,3.81963e+06,3.82583e+06,6193.22
3,29,Linear,GPU,3.81963e+06,3.82583e+06,6193.22
3,29,self_attention,GPU,3.82583e+06,3.82686e+06,1035.05
3,29,AttentionSplit,GPU,3.82583e+06,3.82583e+06,0
3,29,AttentionSum,Logic,3.82583e+06,3.82583e+06,0
3,29,AttentionGen,Logic,3.82583e+06,3.82686e+06,1035.05
3,29,AttentionMerge,GPU,3.82686e+06,3.82686e+06,0
3,29,attn_o_proj,GPU,3.82686e+06,3.831e+06,4134.17
3,29,Linear,GPU,3.82686e+06,3.831e+06,4134.17
3,29,all_reduce,GPU,3.831e+06,3.84933e+06,18327.7
3,29,residual_1,GPU,3.84933e+06,3.84936e+06,36.1589
3,29,post_attn_layer_norm,GPU,3.84936e+06,3.8494e+06,36.1589
3,29,expertFFN,GPU,3.8494e+06,3.95424e+06,104844
3,29,sync_0,GPU,3.8494e+06,3.8494e+06,0
3,29,sync__set,GPU,3.8494e+06,3.8494e+06,0
3,29,sync__,GPU,3.8494e+06,3.8494e+06,0
3,29,gate_fn,GPU,3.8494e+06,3.84945e+06,48.2433
3,29,Linear,GPU,3.8494e+06,3.84945e+06,48.2433
3,29,gate_update,GPU,3.84945e+06,3.84945e+06,0
3,29,moe_scatter,GPU,3.84945e+06,3.84945e+06,0
3,29,sync_for_moe_scatter,GPU,3.84945e+06,3.84945e+06,0
3,29,sync__set,GPU,3.84945e+06,3.84945e+06,0
3,29,sync__,GPU,3.84945e+06,3.84945e+06,0
3,29,moe_route,GPU,3.84945e+06,3.84945e+06,0
3,29,expert_FFN_6,GPU,3.84945e+06,3.84945e+06,0
3,29,gate_proj,GPU,3.84945e+06,3.84945e+06,0
3,29,Linear,Logic,3.84945e+06,3.84945e+06,0
3,29,activation,Logic,3.84945e+06,3.84945e+06,0
3,29,up_proj,GPU,3.84945e+06,3.84945e+06,0
3,29,Linear,Logic,3.84945e+06,3.84945e+06,0
3,29,down_proj,GPU,3.84945e+06,3.84945e+06,0
3,29,Linear,Logic,3.84945e+06,3.84945e+06,0
3,29,expert_FFN_7,GPU,3.84945e+06,3.89267e+06,43221.9
3,29,gate_proj,GPU,3.84945e+06,3.86385e+06,14403.8
3,29,Linear,Logic,3.84945e+06,3.86385e+06,14403.8
3,29,activation,Logic,3.86385e+06,3.86386e+06,10.5463
3,29,up_proj,GPU,3.86386e+06,3.87826e+06,14403.8
3,29,Linear,Logic,3.86386e+06,3.87826e+06,14403.8
3,29,down_proj,GPU,3.87826e+06,3.89267e+06,14403.8
3,29,Linear,Logic,3.87826e+06,3.89267e+06,14403.8
3,29,sync_2,GPU,3.89267e+06,3.93591e+06,43246
3,29,sync__set,GPU,3.89267e+06,3.89267e+06,0
3,29,sync__,GPU,3.89267e+06,3.93591e+06,43246
3,29,moe_all_reduce_for_e_tp,GPU,3.93591e+06,3.93591e+06,0
3,29,sync_3,GPU,3.93591e+06,3.93591e+06,0
3,29,sync__set,GPU,3.93591e+06,3.93591e+06,0
3,29,sync__,GPU,3.93591e+06,3.93591e+06,0
3,29,moe_gather,GPU,3.93591e+06,3.93591e+06,0
3,29,sync_for_moe_gather,GPU,3.93591e+06,3.93591e+06,0
3,29,sync__set,GPU,3.93591e+06,3.93591e+06,0
3,29,sync__,GPU,3.93591e+06,3.93591e+06,0
3,29,moe_all_reduce_for_gather,GPU,3.93591e+06,3.95424e+06,18327.7
3,29,sync_5,GPU,3.95424e+06,3.95424e+06,0
3,29,sync__set,GPU,3.95424e+06,3.95424e+06,0
3,29,sync__,GPU,3.95424e+06,3.95424e+06,0
3,29,sync_6,GPU,3.95424e+06,3.95424e+06,0
3,29,sync__set,GPU,3.95424e+06,3.95424e+06,0
3,29,sync__,GPU,3.95424e+06,3.95424e+06,0
3,29,residual_2,GPU,3.95424e+06,3.95428e+06,36.1589
3,30,MoE_decoder_30,GPU,3.95428e+06,4.08893e+06,134655
3,30,input_layer_norm,GPU,3.95428e+06,3.95431e+06,36.1589
3,30,attention,GPU,3.95431e+06,3.984e+06,29690.1
3,30,attn_qkv_proj,GPU,3.95431e+06,3.96051e+06,6193.22
3,30,Linear,GPU,3.95431e+06,3.96051e+06,6193.22
3,30,self_attention,GPU,3.96051e+06,3.96154e+06,1035.05
3,30,AttentionSplit,GPU,3.96051e+06,3.96051e+06,0
3,30,AttentionSum,Logic,3.96051e+06,3.96051e+06,0
3,30,AttentionGen,Logic,3.96051e+06,3.96154e+06,1035.05
3,30,AttentionMerge,GPU,3.96154e+06,3.96154e+06,0
3,30,attn_o_proj,GPU,3.96154e+06,3.96568e+06,4134.17
3,30,Linear,GPU,3.96154e+06,3.96568e+06,4134.17
3,30,all_reduce,GPU,3.96568e+06,3.984e+06,18327.7
3,30,residual_1,GPU,3.984e+06,3.98404e+06,36.1589
3,30,post_attn_layer_norm,GPU,3.98404e+06,3.98408e+06,36.1589
3,30,expertFFN,GPU,3.98408e+06,4.0889e+06,104820
3,30,sync_0,GPU,3.98408e+06,3.98408e+06,0
3,30,sync__set,GPU,3.98408e+06,3.98408e+06,0
3,30,sync__,GPU,3.98408e+06,3.98408e+06,0
3,30,gate_fn,GPU,3.98408e+06,3.98412e+06,48.2433
3,30,Linear,GPU,3.98408e+06,3.98412e+06,48.2433
3,30,gate_update,GPU,3.98412e+06,3.98412e+06,0
3,30,moe_scatter,GPU,3.98412e+06,3.98412e+06,0
3,30,sync_for_moe_scatter,GPU,3.98412e+06,3.98412e+06,0
3,30,sync__set,GPU,3.98412e+06,3.98412e+06,0
3,30,sync__,GPU,3.98412e+06,3.98412e+06,0
3,30,moe_route,GPU,3.98412e+06,3.98412e+06,0
3,30,expert_FFN_6,GPU,3.98412e+06,4.02737e+06,43246
3,30,gate_proj,GPU,3.98412e+06,3.99853e+06,14408.3
3,30,Linear,Logic,3.98412e+06,3.99853e+06,14408.3
3,30,activation,Logic,3.99853e+06,3.99855e+06,21.0927
3,30,up_proj,GPU,3.99855e+06,4.01296e+06,14408.3
3,30,Linear,Logic,3.99855e+06,4.01296e+06,14408.3
3,30,down_proj,GPU,4.01296e+06,4.02737e+06,14408.3
3,30,Linear,Logic,4.01296e+06,4.02737e+06,14408.3
3,30,expert_FFN_7,GPU,4.02737e+06,4.02737e+06,0
3,30,gate_proj,GPU,4.02737e+06,4.02737e+06,0
3,30,Linear,Logic,4.02737e+06,4.02737e+06,0
3,30,activation,Logic,4.02737e+06,4.02737e+06,0
3,30,up_proj,GPU,4.02737e+06,4.02737e+06,0
3,30,Linear,Logic,4.02737e+06,4.02737e+06,0
3,30,down_proj,GPU,4.02737e+06,4.02737e+06,0
3,30,Linear,Logic,4.02737e+06,4.02737e+06,0
3,30,sync_2,GPU,4.02737e+06,4.07057e+06,43197.8
3,30,sync__set,GPU,4.02737e+06,4.02737e+06,0
3,30,sync__,GPU,4.02737e+06,4.07057e+06,43197.8
3,30,moe_all_reduce_for_e_tp,GPU,4.07057e+06,4.07057e+06,0
3,30,sync_3,GPU,4.07057e+06,4.07057e+06,0
3,30,sync__set,GPU,4.07057e+06,4.07057e+06,0
3,30,sync__,GPU,4.07057e+06,4.07057e+06,0
3,30,moe_gather,GPU,4.07057e+06,4.07057e+06,0
3,30,sync_for_moe_gather,GPU,4.07057e+06,4.07057e+06,0
3,30,sync__set,GPU,4.07057e+06,4.07057e+06,0
3,30,sync__,GPU,4.07057e+06,4.07057e+06,0
3,30,moe_all_reduce_for_gather,GPU,4.07057e+06,4.0889e+06,18327.7
3,30,sync_5,GPU,4.0889e+06,4.0889e+06,0
3,30,sync__set,GPU,4.0889e+06,4.0889e+06,0
3,30,sync__,GPU,4.0889e+06,4.0889e+06,0
3,30,sync_6,GPU,4.0889e+06,4.0889e+06,0
3,30,sync__set,GPU,4.0889e+06,4.0889e+06,0
3,30,sync__,GPU,4.0889e+06,4.0889e+06,0
3,30,residual_2,GPU,4.0889e+06,4.08893e+06,36.1589
3,31,MoE_decoder_31,GPU,4.08893e+06,4.22363e+06,134703
3,31,input_layer_norm,GPU,4.08893e+06,4.08897e+06,36.1589
3,31,attention,GPU,4.08897e+06,4.11866e+06,29690.1
3,31,attn_qkv_proj,GPU,4.08897e+06,4.09516e+06,6193.22
3,31,Linear,GPU,4.08897e+06,4.09516e+06,6193.22
3,31,self_attention,GPU,4.09516e+06,4.0962e+06,1035.05
3,31,AttentionSplit,GPU,4.09516e+06,4.09516e+06,0
3,31,AttentionSum,Logic,4.09516e+06,4.09516e+06,0
3,31,AttentionGen,Logic,4.09516e+06,4.0962e+06,1035.05
3,31,AttentionMerge,GPU,4.0962e+06,4.0962e+06,0
3,31,attn_o_proj,GPU,4.0962e+06,4.10033e+06,4134.17
3,31,Linear,GPU,4.0962e+06,4.10033e+06,4134.17
3,31,all_reduce,GPU,4.10033e+06,4.11866e+06,18327.7
3,31,residual_1,GPU,4.11866e+06,4.11869e+06,36.1589
3,31,post_attn_layer_norm,GPU,4.11869e+06,4.11873e+06,36.1589
3,31,expertFFN,GPU,4.11873e+06,4.2236e+06,104868
3,31,sync_0,GPU,4.11873e+06,4.11873e+06,0
3,31,sync__set,GPU,4.11873e+06,4.11873e+06,0
3,31,sync__,GPU,4.11873e+06,4.11873e+06,0
3,31,gate_fn,GPU,4.11873e+06,4.11878e+06,48.2433
3,31,Linear,GPU,4.11873e+06,4.11878e+06,48.2433
3,31,gate_update,GPU,4.11878e+06,4.11878e+06,0
3,31,moe_scatter,GPU,4.11878e+06,4.11878e+06,0
3,31,sync_for_moe_scatter,GPU,4.11878e+06,4.11878e+06,0
3,31,sync__set,GPU,4.11878e+06,4.11878e+06,0
3,31,sync__,GPU,4.11878e+06,4.11878e+06,0
3,31,moe_route,GPU,4.11878e+06,4.11878e+06,0
3,31,expert_FFN_6,GPU,4.11878e+06,4.11878e+06,0
3,31,gate_proj,GPU,4.11878e+06,4.11878e+06,0
3,31,Linear,Logic,4.11878e+06,4.11878e+06,0
3,31,activation,Logic,4.11878e+06,4.11878e+06,0
3,31,up_proj,GPU,4.11878e+06,4.11878e+06,0
3,31,Linear,Logic,4.11878e+06,4.11878e+06,0
3,31,down_proj,GPU,4.11878e+06,4.11878e+06,0
3,31,Linear,Logic,4.11878e+06,4.11878e+06,0
3,31,expert_FFN_7,GPU,4.11878e+06,4.16202e+06,43246
3,31,gate_proj,GPU,4.11878e+06,4.13319e+06,14408.3
3,31,Linear,Logic,4.11878e+06,4.13319e+06,14408.3
3,31,activation,Logic,4.13319e+06,4.13321e+06,21.0927
3,31,up_proj,GPU,4.13321e+06,4.14762e+06,14408.3
3,31,Linear,Logic,4.13321e+06,4.14762e+06,14408.3
3,31,down_proj,GPU,4.14762e+06,4.16202e+06,14408.3
3,31,Linear,Logic,4.14762e+06,4.16202e+06,14408.3
3,31,sync_2,GPU,4.16202e+06,4.20527e+06,43246
3,31,sync__set,GPU,4.16202e+06,4.16202e+06,0
3,31,sync__,GPU,4.16202e+06,4.20527e+06,43246
3,31,moe_all_reduce_for_e_tp,GPU,4.20527e+06,4.20527e+06,0
3,31,sync_3,GPU,4.20527e+06,4.20527e+06,0
3,31,sync__set,GPU,4.20527e+06,4.20527e+06,0
3,31,sync__,GPU,4.20527e+06,4.20527e+06,0
3,31,moe_gather,GPU,4.20527e+06,4.20527e+06,0
3,31,sync_for_moe_gather,GPU,4.20527e+06,4.20527e+06,0
3,31,sync__set,GPU,4.20527e+06,4.20527e+06,0
3,31,sync__,GPU,4.20527e+06,4.20527e+06,0
3,31,moe_all_reduce_for_gather,GPU,4.20527e+06,4.2236e+06,18327.7
3,31,sync_5,GPU,4.2236e+06,4.2236e+06,0
3,31,sync__set,GPU,4.2236e+06,4.2236e+06,0
3,31,sync__,GPU,4.2236e+06,4.2236e+06,0
3,31,sync_6,GPU,4.2236e+06,4.2236e+06,0
3,31,sync__set,GPU,4.2236e+06,4.2236e+06,0
3,31,sync__,GPU,4.2236e+06,4.2236e+06,0
3,31,residual_2,GPU,4.2236e+06,4.22363e+06,36.1589
