device_id,layer_id,operation,processor,start_time,end_time,duration
0,0,MoE_decoder_0,GPU,0,81080.1,81080.1
0,0,input_layer_norm,GPU,0,158.854,158.854
0,0,attention,GPU,158.854,17094.8,16935.9
0,0,attn_qkv_proj,GPU,158.854,4020.24,3861.38
0,0,Linear,GPU,158.854,4020.24,3861.38
0,0,self_attention,GPU,4020.24,9257.55,5237.31
0,0,AttentionSplit,GPU,4020.24,4020.24,0
0,0,AttentionSum,GPU,4020.24,4020.24,0
0,0,AttentionGen,Logic,4020.24,9257.55,5237.31
0,0,AttentionMerge,GPU,9257.55,9257.55,0
0,0,attn_o_proj,GPU,9257.55,11857.9,2600.32
0,0,Linear,GPU,9257.55,11857.9,2600.32
0,0,all_reduce,GPU,11857.9,17094.8,5236.91
0,0,residual_1,GPU,17094.8,17253.6,158.854
0,0,post_attn_layer_norm,GPU,17253.6,17412.5,158.854
0,0,expertFFN,GPU,17412.5,80921.2,63508.7
0,0,sync_0,GPU,17412.5,17412.5,0
0,0,sync__set,GPU,17412.5,17412.5,0
0,0,sync__,GPU,17412.5,17412.5,0
0,0,gate_fn,GPU,17412.5,17510.4,97.9093
0,0,Linear,GPU,17412.5,17510.4,97.9093
0,0,gate_update,GPU,17510.4,17510.4,0
0,0,moe_scatter,GPU,17510.4,17510.4,0
0,0,sync_for_moe_scatter,GPU,17510.4,17510.4,0
0,0,sync__set,GPU,17510.4,17510.4,0
0,0,sync__,GPU,17510.4,17510.4,0
0,0,moe_route,GPU,17510.4,17510.4,0
0,0,expert_FFN_0,GPU,17510.4,43948.7,26438.3
0,0,gate_proj,GPU,17510.4,26306,8795.65
0,0,Linear,GPU,17510.4,26306,8795.65
0,0,activation,GPU,26306,26357.4,51.3222
0,0,up_proj,GPU,26357.4,35153,8795.65
0,0,Linear,GPU,26357.4,35153,8795.65
0,0,down_proj,GPU,35153,43948.7,8795.65
0,0,Linear,GPU,35153,43948.7,8795.65
0,0,expert_FFN_1,GPU,43948.7,70447.4,26498.7
0,0,gate_proj,GPU,43948.7,52758.1,8809.39
0,0,Linear,GPU,43948.7,52758.1,8809.39
0,0,activation,GPU,52758.1,52828.6,70.568
0,0,up_proj,GPU,52828.6,61638,8809.39
0,0,Linear,GPU,52828.6,61638,8809.39
0,0,down_proj,GPU,61638,70447.4,8809.39
0,0,Linear,GPU,61638,70447.4,8809.39
0,0,expert_FFN_2,GPU,17510.4,24114.9,6604.53
0,0,gate_proj,GPU,17510.4,19708.2,2197.77
0,0,Linear,Logic,17510.4,19708.2,2197.77
0,0,activation,Logic,19708.2,19719.4,11.2267
0,0,up_proj,GPU,19719.4,21917.2,2197.77
0,0,Linear,Logic,19719.4,21917.2,2197.77
0,0,down_proj,GPU,21917.2,24114.9,2197.77
0,0,Linear,Logic,21917.2,24114.9,2197.77
0,0,expert_FFN_3,GPU,24114.9,30714.4,6599.48
0,0,gate_proj,GPU,24114.9,26311.5,2196.62
0,0,Linear,Logic,24114.9,26311.5,2196.62
0,0,activation,Logic,26311.5,26321.2,9.62291
0,0,up_proj,GPU,26321.2,28517.8,2196.62
0,0,Linear,Logic,26321.2,28517.8,2196.62
0,0,down_proj,GPU,28517.8,30714.4,2196.62
0,0,Linear,Logic,28517.8,30714.4,2196.62
0,0,expert_FFN_4,GPU,30714.4,39764.8,9050.35
0,0,gate_proj,GPU,30714.4,33725.3,3010.9
0,0,Linear,Logic,30714.4,33725.3,3010.9
0,0,activation,Logic,33725.3,33742.9,17.642
0,0,up_proj,GPU,33742.9,36753.9,3010.9
0,0,Linear,Logic,33742.9,36753.9,3010.9
0,0,down_proj,GPU,36753.9,39764.8,3010.9
0,0,Linear,Logic,36753.9,39764.8,3010.9
0,0,expert_FFN_5,GPU,39764.8,46364.2,6599.48
0,0,gate_proj,GPU,39764.8,41961.4,2196.62
0,0,Linear,Logic,39764.8,41961.4,2196.62
0,0,activation,Logic,41961.4,41971,9.62291
0,0,up_proj,GPU,41971,44167.6,2196.62
0,0,Linear,Logic,41971,44167.6,2196.62
0,0,down_proj,GPU,44167.6,46364.2,2196.62
0,0,Linear,Logic,44167.6,46364.2,2196.62
0,0,expert_FFN_6,GPU,46364.2,52963.7,6599.48
0,0,gate_proj,GPU,46364.2,48560.9,2196.62
0,0,Linear,Logic,46364.2,48560.9,2196.62
0,0,activation,Logic,48560.9,48570.5,9.62291
0,0,up_proj,GPU,48570.5,50767.1,2196.62
0,0,Linear,Logic,48570.5,50767.1,2196.62
0,0,down_proj,GPU,50767.1,52963.7,2196.62
0,0,Linear,Logic,50767.1,52963.7,2196.62
0,0,expert_FFN_7,GPU,52963.7,60368.6,7404.83
0,0,gate_proj,GPU,52963.7,55427.2,2463.47
0,0,Linear,Logic,52963.7,55427.2,2463.47
0,0,activation,Logic,55427.2,55441.6,14.4344
0,0,up_proj,GPU,55441.6,57905.1,2463.47
0,0,Linear,Logic,55441.6,57905.1,2463.47
0,0,down_proj,GPU,57905.1,60368.6,2463.47
0,0,Linear,Logic,57905.1,60368.6,2463.47
0,0,sync_2,GPU,70447.4,70447.4,0
0,0,sync__set,GPU,70447.4,70447.4,0
0,0,sync__,GPU,70447.4,70447.4,0
0,0,moe_all_reduce_for_e_tp,GPU,70447.4,75684.3,5236.91
0,0,sync_3,GPU,75684.3,75684.3,0
0,0,sync__set,GPU,75684.3,75684.3,0
0,0,sync__,GPU,75684.3,75684.3,0
0,0,moe_gather,GPU,75684.3,75684.3,0
0,0,sync_for_moe_gather,GPU,75684.3,75684.3,0
0,0,sync__set,GPU,75684.3,75684.3,0
0,0,sync__,GPU,75684.3,75684.3,0
0,0,moe_all_reduce_for_gather,GPU,75684.3,80921.2,5236.91
0,0,sync_5,GPU,80921.2,80921.2,0
0,0,sync__set,GPU,80921.2,80921.2,0
0,0,sync__,GPU,80921.2,80921.2,0
0,0,sync_6,GPU,80921.2,80921.2,0
0,0,sync__set,GPU,80921.2,80921.2,0
0,0,sync__,GPU,80921.2,80921.2,0
0,0,residual_2,GPU,80921.2,81080.1,158.854
0,1,MoE_decoder_1,GPU,81080.1,162160,81080.1
0,1,input_layer_norm,GPU,81080.1,81238.9,158.854
0,1,attention,GPU,81238.9,98174.9,16935.9
0,1,attn_qkv_proj,GPU,81238.9,85100.3,3861.38
0,1,Linear,GPU,81238.9,85100.3,3861.38
0,1,self_attention,GPU,85100.3,90337.6,5237.31
0,1,AttentionSplit,GPU,85100.3,85100.3,0
0,1,AttentionSum,GPU,85100.3,85100.3,0
0,1,AttentionGen,Logic,85100.3,90337.6,5237.31
0,1,AttentionMerge,GPU,90337.6,90337.6,0
0,1,attn_o_proj,GPU,90337.6,92937.9,2600.32
0,1,Linear,GPU,90337.6,92937.9,2600.32
0,1,all_reduce,GPU,92937.9,98174.9,5236.91
0,1,residual_1,GPU,98174.9,98333.7,158.854
0,1,post_attn_layer_norm,GPU,98333.7,98492.6,158.854
0,1,expertFFN,GPU,98492.6,162001,63508.7
0,1,sync_0,GPU,98492.6,98492.6,0
0,1,sync__set,GPU,98492.6,98492.6,0
0,1,sync__,GPU,98492.6,98492.6,0
0,1,gate_fn,GPU,98492.6,98590.5,97.9093
0,1,Linear,GPU,98492.6,98590.5,97.9093
0,1,gate_update,GPU,98590.5,98590.5,0
0,1,moe_scatter,GPU,98590.5,98590.5,0
0,1,sync_for_moe_scatter,GPU,98590.5,98590.5,0
0,1,sync__set,GPU,98590.5,98590.5,0
0,1,sync__,GPU,98590.5,98590.5,0
0,1,moe_route,GPU,98590.5,98590.5,0
0,1,expert_FFN_0,GPU,98590.5,105995,7404.83
0,1,gate_proj,GPU,98590.5,101054,2463.47
0,1,Linear,Logic,98590.5,101054,2463.47
0,1,activation,Logic,101054,101068,14.4344
0,1,up_proj,GPU,101068,103532,2463.47
0,1,Linear,Logic,101068,103532,2463.47
0,1,down_proj,GPU,103532,105995,2463.47
0,1,Linear,Logic,103532,105995,2463.47
0,1,expert_FFN_1,GPU,105995,112575,6579.32
0,1,gate_proj,GPU,105995,108187,2192.04
0,1,Linear,Logic,105995,108187,2192.04
0,1,activation,Logic,108187,108191,3.20764
0,1,up_proj,GPU,108191,110383,2192.04
0,1,Linear,Logic,108191,110383,2192.04
0,1,down_proj,GPU,110383,112575,2192.04
0,1,Linear,Logic,110383,112575,2192.04
0,1,expert_FFN_2,GPU,112575,120802,8227.59
0,1,gate_proj,GPU,112575,115312,2737.18
0,1,Linear,Logic,112575,115312,2737.18
0,1,activation,Logic,115312,115328,16.0382
0,1,up_proj,GPU,115328,118065,2737.18
0,1,Linear,Logic,115328,118065,2737.18
0,1,down_proj,GPU,118065,120802,2737.18
0,1,Linear,Logic,118065,120802,2737.18
0,1,expert_FFN_3,GPU,120802,127412,6609.57
0,1,gate_proj,GPU,120802,123001,2198.91
0,1,Linear,Logic,120802,123001,2198.91
0,1,activation,Logic,123001,123014,12.8305
0,1,up_proj,GPU,123014,125213,2198.91
0,1,Linear,Logic,123014,125213,2198.91
0,1,down_proj,GPU,125213,127412,2198.91
0,1,Linear,Logic,125213,127412,2198.91
0,1,expert_FFN_4,GPU,127412,137285,9873.11
0,1,gate_proj,GPU,127412,130696,3284.62
0,1,Linear,Logic,127412,130696,3284.62
0,1,activation,Logic,130696,130716,19.2458
0,1,up_proj,GPU,130716,134000,3284.62
0,1,Linear,Logic,130716,134000,3284.62
0,1,down_proj,GPU,134000,137285,3284.62
0,1,Linear,Logic,134000,137285,3284.62
0,1,expert_FFN_5,GPU,137285,143874,6589.4
0,1,gate_proj,GPU,137285,139479,2194.33
0,1,Linear,Logic,137285,139479,2194.33
0,1,activation,Logic,139479,139486,6.41527
0,1,up_proj,GPU,139486,141680,2194.33
0,1,Linear,Logic,139486,141680,2194.33
0,1,down_proj,GPU,141680,143874,2194.33
0,1,Linear,Logic,141680,143874,2194.33
0,1,expert_FFN_6,GPU,98590.5,125069,26478.6
0,1,gate_proj,GPU,98590.5,107395,8804.81
0,1,Linear,GPU,98590.5,107395,8804.81
0,1,activation,GPU,107395,107459,64.1527
0,1,up_proj,GPU,107459,116264,8804.81
0,1,Linear,GPU,107459,116264,8804.81
0,1,down_proj,GPU,116264,125069,8804.81
0,1,Linear,GPU,116264,125069,8804.81
0,1,expert_FFN_7,GPU,125069,151527,26458.4
0,1,gate_proj,GPU,125069,133869,8800.23
0,1,Linear,GPU,125069,133869,8800.23
0,1,activation,GPU,133869,133927,57.7375
0,1,up_proj,GPU,133927,142727,8800.23
0,1,Linear,GPU,133927,142727,8800.23
0,1,down_proj,GPU,142727,151527,8800.23
0,1,Linear,GPU,142727,151527,8800.23
0,1,sync_2,GPU,151527,151527,0
0,1,sync__set,GPU,151527,151527,0
0,1,sync__,GPU,151527,151527,0
0,1,moe_all_reduce_for_e_tp,GPU,151527,156764,5236.91
0,1,sync_3,GPU,156764,156764,0
0,1,sync__set,GPU,156764,156764,0
0,1,sync__,GPU,156764,156764,0
0,1,moe_gather,GPU,156764,156764,0
0,1,sync_for_moe_gather,GPU,156764,156764,0
0,1,sync__set,GPU,156764,156764,0
0,1,sync__,GPU,156764,156764,0
0,1,moe_all_reduce_for_gather,GPU,156764,162001,5236.91
0,1,sync_5,GPU,162001,162001,0
0,1,sync__set,GPU,162001,162001,0
0,1,sync__,GPU,162001,162001,0
0,1,sync_6,GPU,162001,162001,0
0,1,sync__set,GPU,162001,162001,0
0,1,sync__,GPU,162001,162001,0
0,1,residual_2,GPU,162001,162160,158.854
0,2,MoE_decoder_2,GPU,162160,243321,81160.7
0,2,input_layer_norm,GPU,162160,162319,158.854
0,2,attention,GPU,162319,179255,16935.9
0,2,attn_qkv_proj,GPU,162319,166180,3861.38
0,2,Linear,GPU,162319,166180,3861.38
0,2,self_attention,GPU,166180,171418,5237.31
0,2,AttentionSplit,GPU,166180,166180,0
0,2,AttentionSum,GPU,166180,166180,0
0,2,AttentionGen,Logic,166180,171418,5237.31
0,2,AttentionMerge,GPU,171418,171418,0
0,2,attn_o_proj,GPU,171418,174018,2600.32
0,2,Linear,GPU,171418,174018,2600.32
0,2,all_reduce,GPU,174018,179255,5236.91
0,2,residual_1,GPU,179255,179414,158.854
0,2,post_attn_layer_norm,GPU,179414,179573,158.854
0,2,expertFFN,GPU,179573,243162,63589.4
0,2,sync_0,GPU,179573,179573,0
0,2,sync__set,GPU,179573,179573,0
0,2,sync__,GPU,179573,179573,0
0,2,gate_fn,GPU,179573,179671,97.9093
0,2,Linear,GPU,179573,179671,97.9093
0,2,gate_update,GPU,179671,179671,0
0,2,moe_scatter,GPU,179671,179671,0
0,2,sync_for_moe_scatter,GPU,179671,179671,0
0,2,sync__set,GPU,179671,179671,0
0,2,sync__,GPU,179671,179671,0
0,2,moe_route,GPU,179671,179671,0
0,2,expert_FFN_0,GPU,179671,187898,8227.59
0,2,gate_proj,GPU,179671,182408,2737.18
0,2,Linear,Logic,179671,182408,2737.18
0,2,activation,Logic,182408,182424,16.0382
0,2,up_proj,GPU,182424,185161,2737.18
0,2,Linear,Logic,182424,185161,2737.18
0,2,down_proj,GPU,185161,187898,2737.18
0,2,Linear,Logic,185161,187898,2737.18
0,2,expert_FFN_1,GPU,187898,194498,6599.48
0,2,gate_proj,GPU,187898,190095,2196.62
0,2,Linear,Logic,187898,190095,2196.62
0,2,activation,Logic,190095,190104,9.62291
0,2,up_proj,GPU,190104,192301,2196.62
0,2,Linear,Logic,190104,192301,2196.62
0,2,down_proj,GPU,192301,194498,2196.62
0,2,Linear,Logic,192301,194498,2196.62
0,2,expert_FFN_2,GPU,194498,201902,7404.83
0,2,gate_proj,GPU,194498,196961,2463.47
0,2,Linear,Logic,194498,196961,2463.47
0,2,activation,Logic,196961,196976,14.4344
0,2,up_proj,GPU,196976,199439,2463.47
0,2,Linear,Logic,196976,199439,2463.47
0,2,down_proj,GPU,199439,201902,2463.47
0,2,Linear,Logic,199439,201902,2463.47
0,2,expert_FFN_3,GPU,201902,208497,6594.44
0,2,gate_proj,GPU,201902,204098,2195.47
0,2,Linear,Logic,201902,204098,2195.47
0,2,activation,Logic,204098,204106,8.01909
0,2,up_proj,GPU,204106,206301,2195.47
0,2,Linear,Logic,204106,206301,2195.47
0,2,down_proj,GPU,206301,208497,2195.47
0,2,Linear,Logic,206301,208497,2195.47
0,2,expert_FFN_4,GPU,208497,215091,6594.44
0,2,gate_proj,GPU,208497,210692,2195.47
0,2,Linear,Logic,208497,210692,2195.47
0,2,activation,Logic,210692,210700,8.01909
0,2,up_proj,GPU,210700,212896,2195.47
0,2,Linear,Logic,210700,212896,2195.47
0,2,down_proj,GPU,212896,215091,2195.47
0,2,Linear,Logic,212896,215091,2195.47
0,2,expert_FFN_5,GPU,215091,221691,6599.48
0,2,gate_proj,GPU,215091,217288,2196.62
0,2,Linear,Logic,215091,217288,2196.62
0,2,activation,Logic,217288,217298,9.62291
0,2,up_proj,GPU,217298,219494,2196.62
0,2,Linear,Logic,217298,219494,2196.62
0,2,down_proj,GPU,219494,221691,2196.62
0,2,Linear,Logic,219494,221691,2196.62
0,2,expert_FFN_6,GPU,179671,206189,26518.9
0,2,gate_proj,GPU,179671,188485,8813.98
0,2,Linear,GPU,179671,188485,8813.98
0,2,activation,GPU,188485,188562,76.9833
0,2,up_proj,GPU,188562,197375,8813.98
0,2,Linear,GPU,188562,197375,8813.98
0,2,down_proj,GPU,197375,206189,8813.98
0,2,Linear,GPU,197375,206189,8813.98
0,2,expert_FFN_7,GPU,206189,232688,26498.7
0,2,gate_proj,GPU,206189,214999,8809.39
0,2,Linear,GPU,206189,214999,8809.39
0,2,activation,GPU,214999,215069,70.568
0,2,up_proj,GPU,215069,223879,8809.39
0,2,Linear,GPU,215069,223879,8809.39
0,2,down_proj,GPU,223879,232688,8809.39
0,2,Linear,GPU,223879,232688,8809.39
0,2,sync_2,GPU,232688,232688,0
0,2,sync__set,GPU,232688,232688,0
0,2,sync__,GPU,232688,232688,0
0,2,moe_all_reduce_for_e_tp,GPU,232688,237925,5236.91
0,2,sync_3,GPU,237925,237925,0
0,2,sync__set,GPU,237925,237925,0
0,2,sync__,GPU,237925,237925,0
0,2,moe_gather,GPU,237925,237925,0
0,2,sync_for_moe_gather,GPU,237925,237925,0
0,2,sync__set,GPU,237925,237925,0
0,2,sync__,GPU,237925,237925,0
0,2,moe_all_reduce_for_gather,GPU,237925,243162,5236.91
0,2,sync_5,GPU,243162,243162,0
0,2,sync__set,GPU,243162,243162,0
0,2,sync__,GPU,243162,243162,0
0,2,sync_6,GPU,243162,243162,0
0,2,sync__set,GPU,243162,243162,0
0,2,sync__,GPU,243162,243162,0
0,2,residual_2,GPU,243162,243321,158.854
0,3,MoE_decoder_3,GPU,243321,324381,81059.9
0,3,input_layer_norm,GPU,243321,243480,158.854
0,3,attention,GPU,243480,260416,16935.9
0,3,attn_qkv_proj,GPU,243480,247341,3861.38
0,3,Linear,GPU,243480,247341,3861.38
0,3,self_attention,GPU,247341,252578,5237.31
0,3,AttentionSplit,GPU,247341,247341,0
0,3,AttentionSum,GPU,247341,247341,0
0,3,AttentionGen,Logic,247341,252578,5237.31
0,3,AttentionMerge,GPU,252578,252578,0
0,3,attn_o_proj,GPU,252578,255179,2600.32
0,3,Linear,GPU,252578,255179,2600.32
0,3,all_reduce,GPU,255179,260416,5236.91
0,3,residual_1,GPU,260416,260575,158.854
0,3,post_attn_layer_norm,GPU,260575,260733,158.854
0,3,expertFFN,GPU,260733,324222,63488.6
0,3,sync_0,GPU,260733,260733,0
0,3,sync__set,GPU,260733,260733,0
0,3,sync__,GPU,260733,260733,0
0,3,gate_fn,GPU,260733,260831,97.9093
0,3,Linear,GPU,260733,260831,97.9093
0,3,gate_update,GPU,260831,260831,0
0,3,moe_scatter,GPU,260831,260831,0
0,3,sync_for_moe_scatter,GPU,260831,260831,0
0,3,sync__set,GPU,260831,260831,0
0,3,sync__,GPU,260831,260831,0
0,3,moe_route,GPU,260831,260831,0
0,3,expert_FFN_0,GPU,260831,268236,7404.83
0,3,gate_proj,GPU,260831,263295,2463.47
0,3,Linear,Logic,260831,263295,2463.47
0,3,activation,Logic,263295,263309,14.4344
0,3,up_proj,GPU,263309,265773,2463.47
0,3,Linear,Logic,263309,265773,2463.47
0,3,down_proj,GPU,265773,268236,2463.47
0,3,Linear,Logic,265773,268236,2463.47
0,3,expert_FFN_1,GPU,268236,274831,6594.44
0,3,gate_proj,GPU,268236,270432,2195.47
0,3,Linear,Logic,268236,270432,2195.47
0,3,activation,Logic,270432,270440,8.01909
0,3,up_proj,GPU,270440,272635,2195.47
0,3,Linear,Logic,270440,272635,2195.47
0,3,down_proj,GPU,272635,274831,2195.47
0,3,Linear,Logic,272635,274831,2195.47
0,3,expert_FFN_2,GPU,274831,281420,6589.4
0,3,gate_proj,GPU,274831,277025,2194.33
0,3,Linear,Logic,274831,277025,2194.33
0,3,activation,Logic,277025,277031,6.41527
0,3,up_proj,GPU,277031,279226,2194.33
0,3,Linear,Logic,277031,279226,2194.33
0,3,down_proj,GPU,279226,281420,2194.33
0,3,Linear,Logic,279226,281420,2194.33
0,3,expert_FFN_3,GPU,281420,290470,9050.35
0,3,gate_proj,GPU,281420,284431,3010.9
0,3,Linear,Logic,281420,284431,3010.9
0,3,activation,Logic,284431,284448,17.642
0,3,up_proj,GPU,284448,287459,3010.9
0,3,Linear,Logic,284448,287459,3010.9
0,3,down_proj,GPU,287459,290470,3010.9
0,3,Linear,Logic,287459,290470,3010.9
0,3,expert_FFN_4,GPU,260831,287350,26518.9
0,3,gate_proj,GPU,260831,269645,8813.98
0,3,Linear,GPU,260831,269645,8813.98
0,3,activation,GPU,269645,269722,76.9833
0,3,up_proj,GPU,269722,278536,8813.98
0,3,Linear,GPU,269722,278536,8813.98
0,3,down_proj,GPU,278536,287350,8813.98
0,3,Linear,GPU,278536,287350,8813.98
0,3,expert_FFN_5,GPU,287350,313748,26397.9
0,3,gate_proj,GPU,287350,296137,8786.48
0,3,Linear,GPU,287350,296137,8786.48
0,3,activation,GPU,296137,296175,38.4916
0,3,up_proj,GPU,296175,304962,8786.48
0,3,Linear,GPU,296175,304962,8786.48
0,3,down_proj,GPU,304962,313748,8786.48
0,3,Linear,GPU,304962,313748,8786.48
0,3,expert_FFN_6,GPU,290470,299521,9050.35
0,3,gate_proj,GPU,290470,293481,3010.9
0,3,Linear,Logic,290470,293481,3010.9
0,3,activation,Logic,293481,293499,17.642
0,3,up_proj,GPU,293499,296510,3010.9
0,3,Linear,Logic,293499,296510,3010.9
0,3,down_proj,GPU,296510,299521,3010.9
0,3,Linear,Logic,296510,299521,3010.9
0,3,expert_FFN_7,GPU,299521,306120,6599.48
0,3,gate_proj,GPU,299521,301717,2196.62
0,3,Linear,Logic,299521,301717,2196.62
0,3,activation,Logic,301717,301727,9.62291
0,3,up_proj,GPU,301727,303924,2196.62
0,3,Linear,Logic,301727,303924,2196.62
0,3,down_proj,GPU,303924,306120,2196.62
0,3,Linear,Logic,303924,306120,2196.62
0,3,sync_2,GPU,313748,313748,0
0,3,sync__set,GPU,313748,313748,0
0,3,sync__,GPU,313748,313748,0
0,3,moe_all_reduce_for_e_tp,GPU,313748,318985,5236.91
0,3,sync_3,GPU,318985,318985,0
0,3,sync__set,GPU,318985,318985,0
0,3,sync__,GPU,318985,318985,0
0,3,moe_gather,GPU,318985,318985,0
0,3,sync_for_moe_gather,GPU,318985,318985,0
0,3,sync__set,GPU,318985,318985,0
0,3,sync__,GPU,318985,318985,0
0,3,moe_all_reduce_for_gather,GPU,318985,324222,5236.91
0,3,sync_5,GPU,324222,324222,0
0,3,sync__set,GPU,324222,324222,0
0,3,sync__,GPU,324222,324222,0
0,3,sync_6,GPU,324222,324222,0
0,3,sync__set,GPU,324222,324222,0
0,3,sync__,GPU,324222,324222,0
0,3,residual_2,GPU,324222,324381,158.854
0,4,MoE_decoder_4,GPU,324381,405562,81180.9
0,4,input_layer_norm,GPU,324381,324540,158.854
0,4,attention,GPU,324540,341476,16935.9
0,4,attn_qkv_proj,GPU,324540,328401,3861.38
0,4,Linear,GPU,324540,328401,3861.38
0,4,self_attention,GPU,328401,333638,5237.31
0,4,AttentionSplit,GPU,328401,328401,0
0,4,AttentionSum,GPU,328401,328401,0
0,4,AttentionGen,Logic,328401,333638,5237.31
0,4,AttentionMerge,GPU,333638,333638,0
0,4,attn_o_proj,GPU,333638,336239,2600.32
0,4,Linear,GPU,333638,336239,2600.32
0,4,all_reduce,GPU,336239,341476,5236.91
0,4,residual_1,GPU,341476,341634,158.854
0,4,post_attn_layer_norm,GPU,341634,341793,158.854
0,4,expertFFN,GPU,341793,405403,63609.5
0,4,sync_0,GPU,341793,341793,0
0,4,sync__set,GPU,341793,341793,0
0,4,sync__,GPU,341793,341793,0
0,4,gate_fn,GPU,341793,341891,97.9093
0,4,Linear,GPU,341793,341891,97.9093
0,4,gate_update,GPU,341891,341891,0
0,4,moe_scatter,GPU,341891,341891,0
0,4,sync_for_moe_scatter,GPU,341891,341891,0
0,4,sync__set,GPU,341891,341891,0
0,4,sync__,GPU,341891,341891,0
0,4,moe_route,GPU,341891,341891,0
0,4,expert_FFN_0,GPU,341891,348501,6609.57
0,4,gate_proj,GPU,341891,344090,2198.91
0,4,Linear,Logic,341891,344090,2198.91
0,4,activation,Logic,344090,344103,12.8305
0,4,up_proj,GPU,344103,346302,2198.91
0,4,Linear,Logic,344103,346302,2198.91
0,4,down_proj,GPU,346302,348501,2198.91
0,4,Linear,Logic,346302,348501,2198.91
0,4,expert_FFN_1,GPU,348501,355105,6604.53
0,4,gate_proj,GPU,348501,350699,2197.77
0,4,Linear,Logic,348501,350699,2197.77
0,4,activation,Logic,350699,350710,11.2267
0,4,up_proj,GPU,350710,352908,2197.77
0,4,Linear,Logic,350710,352908,2197.77
0,4,down_proj,GPU,352908,355105,2197.77
0,4,Linear,Logic,352908,355105,2197.77
0,4,expert_FFN_2,GPU,355105,361690,6584.36
0,4,gate_proj,GPU,355105,357298,2193.18
0,4,Linear,Logic,355105,357298,2193.18
0,4,activation,Logic,357298,357303,4.81146
0,4,up_proj,GPU,357303,359496,2193.18
0,4,Linear,Logic,357303,359496,2193.18
0,4,down_proj,GPU,359496,361690,2193.18
0,4,Linear,Logic,359496,361690,2193.18
0,4,expert_FFN_3,GPU,361690,368289,6599.48
0,4,gate_proj,GPU,361690,363886,2196.62
0,4,Linear,Logic,361690,363886,2196.62
0,4,activation,Logic,363886,363896,9.62291
0,4,up_proj,GPU,363896,366093,2196.62
0,4,Linear,Logic,363896,366093,2196.62
0,4,down_proj,GPU,366093,368289,2196.62
0,4,Linear,Logic,366093,368289,2196.62
0,4,expert_FFN_4,GPU,341891,368430,26539.1
0,4,gate_proj,GPU,341891,350710,8818.56
0,4,Linear,GPU,341891,350710,8818.56
0,4,activation,GPU,350710,350793,83.3986
0,4,up_proj,GPU,350793,359612,8818.56
0,4,Linear,GPU,350793,359612,8818.56
0,4,down_proj,GPU,359612,368430,8818.56
0,4,Linear,GPU,359612,368430,8818.56
0,4,expert_FFN_5,GPU,368430,394929,26498.7
0,4,gate_proj,GPU,368430,377240,8809.39
0,4,Linear,GPU,368430,377240,8809.39
0,4,activation,GPU,377240,377310,70.568
0,4,up_proj,GPU,377310,386120,8809.39
0,4,Linear,GPU,377310,386120,8809.39
0,4,down_proj,GPU,386120,394929,8809.39
0,4,Linear,GPU,386120,394929,8809.39
0,4,expert_FFN_6,GPU,368289,376517,8227.59
0,4,gate_proj,GPU,368289,371026,2737.18
0,4,Linear,Logic,368289,371026,2737.18
0,4,activation,Logic,371026,371042,16.0382
0,4,up_proj,GPU,371042,373780,2737.18
0,4,Linear,Logic,371042,373780,2737.18
0,4,down_proj,GPU,373780,376517,2737.18
0,4,Linear,Logic,373780,376517,2737.18
0,4,expert_FFN_7,GPU,376517,383116,6599.48
0,4,gate_proj,GPU,376517,378713,2196.62
0,4,Linear,Logic,376517,378713,2196.62
0,4,activation,Logic,378713,378723,9.62291
0,4,up_proj,GPU,378723,380920,2196.62
0,4,Linear,Logic,378723,380920,2196.62
0,4,down_proj,GPU,380920,383116,2196.62
0,4,Linear,Logic,380920,383116,2196.62
0,4,sync_2,GPU,394929,394929,0
0,4,sync__set,GPU,394929,394929,0
0,4,sync__,GPU,394929,394929,0
0,4,moe_all_reduce_for_e_tp,GPU,394929,400166,5236.91
0,4,sync_3,GPU,400166,400166,0
0,4,sync__set,GPU,400166,400166,0
0,4,sync__,GPU,400166,400166,0
0,4,moe_gather,GPU,400166,400166,0
0,4,sync_for_moe_gather,GPU,400166,400166,0
0,4,sync__set,GPU,400166,400166,0
0,4,sync__,GPU,400166,400166,0
0,4,moe_all_reduce_for_gather,GPU,400166,405403,5236.91
0,4,sync_5,GPU,405403,405403,0
0,4,sync__set,GPU,405403,405403,0
0,4,sync__,GPU,405403,405403,0
0,4,sync_6,GPU,405403,405403,0
0,4,sync__set,GPU,405403,405403,0
0,4,sync__,GPU,405403,405403,0
0,4,residual_2,GPU,405403,405562,158.854
0,5,MoE_decoder_5,GPU,405562,486642,81080.1
0,5,input_layer_norm,GPU,405562,405721,158.854
0,5,attention,GPU,405721,422656,16935.9
0,5,attn_qkv_proj,GPU,405721,409582,3861.38
0,5,Linear,GPU,405721,409582,3861.38
0,5,self_attention,GPU,409582,414819,5237.31
0,5,AttentionSplit,GPU,409582,409582,0
0,5,AttentionSum,GPU,409582,409582,0
0,5,AttentionGen,Logic,409582,414819,5237.31
0,5,AttentionMerge,GPU,414819,414819,0
0,5,attn_o_proj,GPU,414819,417420,2600.32
0,5,Linear,GPU,414819,417420,2600.32
0,5,all_reduce,GPU,417420,422656,5236.91
0,5,residual_1,GPU,422656,422815,158.854
0,5,post_attn_layer_norm,GPU,422815,422974,158.854
0,5,expertFFN,GPU,422974,486483,63508.7
0,5,sync_0,GPU,422974,422974,0
0,5,sync__set,GPU,422974,422974,0
0,5,sync__,GPU,422974,422974,0
0,5,gate_fn,GPU,422974,423072,97.9093
0,5,Linear,GPU,422974,423072,97.9093
0,5,gate_update,GPU,423072,423072,0
0,5,moe_scatter,GPU,423072,423072,0
0,5,sync_for_moe_scatter,GPU,423072,423072,0
0,5,sync__set,GPU,423072,423072,0
0,5,sync__,GPU,423072,423072,0
0,5,moe_route,GPU,423072,423072,0
0,5,expert_FFN_0,GPU,423072,429672,6599.48
0,5,gate_proj,GPU,423072,425269,2196.62
0,5,Linear,Logic,423072,425269,2196.62
0,5,activation,Logic,425269,425278,9.62291
0,5,up_proj,GPU,425278,427475,2196.62
0,5,Linear,Logic,425278,427475,2196.62
0,5,down_proj,GPU,427475,429672,2196.62
0,5,Linear,Logic,427475,429672,2196.62
0,5,expert_FFN_1,GPU,429672,436271,6599.48
0,5,gate_proj,GPU,429672,431868,2196.62
0,5,Linear,Logic,429672,431868,2196.62
0,5,activation,Logic,431868,431878,9.62291
0,5,up_proj,GPU,431878,434074,2196.62
0,5,Linear,Logic,431878,434074,2196.62
0,5,down_proj,GPU,434074,436271,2196.62
0,5,Linear,Logic,434074,436271,2196.62
0,5,expert_FFN_2,GPU,436271,442881,6609.57
0,5,gate_proj,GPU,436271,438470,2198.91
0,5,Linear,Logic,436271,438470,2198.91
0,5,activation,Logic,438470,438483,12.8305
0,5,up_proj,GPU,438483,440682,2198.91
0,5,Linear,Logic,438483,440682,2198.91
0,5,down_proj,GPU,440682,442881,2198.91
0,5,Linear,Logic,440682,442881,2198.91
0,5,expert_FFN_3,GPU,442881,449490,6609.57
0,5,gate_proj,GPU,442881,445080,2198.91
0,5,Linear,Logic,442881,445080,2198.91
0,5,activation,Logic,445080,445092,12.8305
0,5,up_proj,GPU,445092,447291,2198.91
0,5,Linear,Logic,445092,447291,2198.91
0,5,down_proj,GPU,447291,449490,2198.91
0,5,Linear,Logic,447291,449490,2198.91
0,5,expert_FFN_4,GPU,449490,458541,9050.35
0,5,gate_proj,GPU,449490,452501,3010.9
0,5,Linear,Logic,449490,452501,3010.9
0,5,activation,Logic,452501,452519,17.642
0,5,up_proj,GPU,452519,455530,3010.9
0,5,Linear,Logic,452519,455530,3010.9
0,5,down_proj,GPU,455530,458541,3010.9
0,5,Linear,Logic,455530,458541,3010.9
0,5,expert_FFN_5,GPU,458541,465140,6599.48
0,5,gate_proj,GPU,458541,460737,2196.62
0,5,Linear,Logic,458541,460737,2196.62
0,5,activation,Logic,460737,460747,9.62291
0,5,up_proj,GPU,460747,462943,2196.62
0,5,Linear,Logic,460747,462943,2196.62
0,5,down_proj,GPU,462943,465140,2196.62
0,5,Linear,Logic,462943,465140,2196.62
0,5,expert_FFN_6,GPU,423072,449530,26458.4
0,5,gate_proj,GPU,423072,431872,8800.23
0,5,Linear,GPU,423072,431872,8800.23
0,5,activation,GPU,431872,431930,57.7375
0,5,up_proj,GPU,431930,440730,8800.23
0,5,Linear,GPU,431930,440730,8800.23
0,5,down_proj,GPU,440730,449530,8800.23
0,5,Linear,GPU,440730,449530,8800.23
0,5,expert_FFN_7,GPU,449530,476009,26478.6
0,5,gate_proj,GPU,449530,458335,8804.81
0,5,Linear,GPU,449530,458335,8804.81
0,5,activation,GPU,458335,458399,64.1527
0,5,up_proj,GPU,458399,467204,8804.81
0,5,Linear,GPU,458399,467204,8804.81
0,5,down_proj,GPU,467204,476009,8804.81
0,5,Linear,GPU,467204,476009,8804.81
0,5,sync_2,GPU,476009,476009,0
0,5,sync__set,GPU,476009,476009,0
0,5,sync__,GPU,476009,476009,0
0,5,moe_all_reduce_for_e_tp,GPU,476009,481246,5236.91
0,5,sync_3,GPU,481246,481246,0
0,5,sync__set,GPU,481246,481246,0
0,5,sync__,GPU,481246,481246,0
0,5,moe_gather,GPU,481246,481246,0
0,5,sync_for_moe_gather,GPU,481246,481246,0
0,5,sync__set,GPU,481246,481246,0
0,5,sync__,GPU,481246,481246,0
0,5,moe_all_reduce_for_gather,GPU,481246,486483,5236.91
0,5,sync_5,GPU,486483,486483,0
0,5,sync__set,GPU,486483,486483,0
0,5,sync__,GPU,486483,486483,0
0,5,sync_6,GPU,486483,486483,0
0,5,sync__set,GPU,486483,486483,0
0,5,sync__,GPU,486483,486483,0
0,5,residual_2,GPU,486483,486642,158.854
0,6,MoE_decoder_6,GPU,486642,567762,81120.4
0,6,input_layer_norm,GPU,486642,486801,158.854
0,6,attention,GPU,486801,503737,16935.9
0,6,attn_qkv_proj,GPU,486801,490662,3861.38
0,6,Linear,GPU,486801,490662,3861.38
0,6,self_attention,GPU,490662,495899,5237.31
0,6,AttentionSplit,GPU,490662,490662,0
0,6,AttentionSum,GPU,490662,490662,0
0,6,AttentionGen,Logic,490662,495899,5237.31
0,6,AttentionMerge,GPU,495899,495899,0
0,6,attn_o_proj,GPU,495899,498500,2600.32
0,6,Linear,GPU,495899,498500,2600.32
0,6,all_reduce,GPU,498500,503737,5236.91
0,6,residual_1,GPU,503737,503895,158.854
0,6,post_attn_layer_norm,GPU,503895,504054,158.854
0,6,expertFFN,GPU,504054,567603,63549.1
0,6,sync_0,GPU,504054,504054,0
0,6,sync__set,GPU,504054,504054,0
0,6,sync__,GPU,504054,504054,0
0,6,gate_fn,GPU,504054,504152,97.9093
0,6,Linear,GPU,504054,504152,97.9093
0,6,gate_update,GPU,504152,504152,0
0,6,moe_scatter,GPU,504152,504152,0
0,6,sync_for_moe_scatter,GPU,504152,504152,0
0,6,sync__set,GPU,504152,504152,0
0,6,sync__,GPU,504152,504152,0
0,6,moe_route,GPU,504152,504152,0
0,6,expert_FFN_0,GPU,504152,530651,26498.7
0,6,gate_proj,GPU,504152,512962,8809.39
0,6,Linear,GPU,504152,512962,8809.39
0,6,activation,GPU,512962,513032,70.568
0,6,up_proj,GPU,513032,521842,8809.39
0,6,Linear,GPU,513032,521842,8809.39
0,6,down_proj,GPU,521842,530651,8809.39
0,6,Linear,GPU,521842,530651,8809.39
0,6,expert_FFN_1,GPU,530651,557129,26478.6
0,6,gate_proj,GPU,530651,539456,8804.81
0,6,Linear,GPU,530651,539456,8804.81
0,6,activation,GPU,539456,539520,64.1527
0,6,up_proj,GPU,539520,548325,8804.81
0,6,Linear,GPU,539520,548325,8804.81
0,6,down_proj,GPU,548325,557129,8804.81
0,6,Linear,GPU,548325,557129,8804.81
0,6,expert_FFN_2,GPU,504152,513202,9050.35
0,6,gate_proj,GPU,504152,507163,3010.9
0,6,Linear,Logic,504152,507163,3010.9
0,6,activation,Logic,507163,507181,17.642
0,6,up_proj,GPU,507181,510192,3010.9
0,6,Linear,Logic,507181,510192,3010.9
0,6,down_proj,GPU,510192,513202,3010.9
0,6,Linear,Logic,510192,513202,3010.9
0,6,expert_FFN_3,GPU,513202,519807,6604.53
0,6,gate_proj,GPU,513202,515400,2197.77
0,6,Linear,Logic,513202,515400,2197.77
0,6,activation,Logic,515400,515411,11.2267
0,6,up_proj,GPU,515411,517609,2197.77
0,6,Linear,Logic,515411,517609,2197.77
0,6,down_proj,GPU,517609,519807,2197.77
0,6,Linear,Logic,517609,519807,2197.77
0,6,expert_FFN_4,GPU,519807,526417,6609.57
0,6,gate_proj,GPU,519807,522006,2198.91
0,6,Linear,Logic,519807,522006,2198.91
0,6,activation,Logic,522006,522019,12.8305
0,6,up_proj,GPU,522019,524218,2198.91
0,6,Linear,Logic,522019,524218,2198.91
0,6,down_proj,GPU,524218,526417,2198.91
0,6,Linear,Logic,524218,526417,2198.91
0,6,expert_FFN_5,GPU,526417,533016,6599.48
0,6,gate_proj,GPU,526417,528613,2196.62
0,6,Linear,Logic,526417,528613,2196.62
0,6,activation,Logic,528613,528623,9.62291
0,6,up_proj,GPU,528623,530819,2196.62
0,6,Linear,Logic,528623,530819,2196.62
0,6,down_proj,GPU,530819,533016,2196.62
0,6,Linear,Logic,530819,533016,2196.62
0,6,expert_FFN_6,GPU,533016,539621,6604.53
0,6,gate_proj,GPU,533016,535214,2197.77
0,6,Linear,Logic,533016,535214,2197.77
0,6,activation,Logic,535214,535225,11.2267
0,6,up_proj,GPU,535225,537423,2197.77
0,6,Linear,Logic,535225,537423,2197.77
0,6,down_proj,GPU,537423,539621,2197.77
0,6,Linear,Logic,537423,539621,2197.77
0,6,expert_FFN_7,GPU,539621,546210,6589.4
0,6,gate_proj,GPU,539621,541815,2194.33
0,6,Linear,Logic,539621,541815,2194.33
0,6,activation,Logic,541815,541821,6.41527
0,6,up_proj,GPU,541821,544016,2194.33
0,6,Linear,Logic,541821,544016,2194.33
0,6,down_proj,GPU,544016,546210,2194.33
0,6,Linear,Logic,544016,546210,2194.33
0,6,sync_2,GPU,557129,557129,0
0,6,sync__set,GPU,557129,557129,0
0,6,sync__,GPU,557129,557129,0
0,6,moe_all_reduce_for_e_tp,GPU,557129,562366,5236.91
0,6,sync_3,GPU,562366,562366,0
0,6,sync__set,GPU,562366,562366,0
0,6,sync__,GPU,562366,562366,0
0,6,moe_gather,GPU,562366,562366,0
0,6,sync_for_moe_gather,GPU,562366,562366,0
0,6,sync__set,GPU,562366,562366,0
0,6,sync__,GPU,562366,562366,0
0,6,moe_all_reduce_for_gather,GPU,562366,567603,5236.91
0,6,sync_5,GPU,567603,567603,0
0,6,sync__set,GPU,567603,567603,0
0,6,sync__,GPU,567603,567603,0
0,6,sync_6,GPU,567603,567603,0
0,6,sync__set,GPU,567603,567603,0
0,6,sync__,GPU,567603,567603,0
0,6,residual_2,GPU,567603,567762,158.854
0,7,MoE_decoder_7,GPU,567762,648822,81059.9
0,7,input_layer_norm,GPU,567762,567921,158.854
0,7,attention,GPU,567921,584857,16935.9
0,7,attn_qkv_proj,GPU,567921,571782,3861.38
0,7,Linear,GPU,567921,571782,3861.38
0,7,self_attention,GPU,571782,577020,5237.31
0,7,AttentionSplit,GPU,571782,571782,0
0,7,AttentionSum,GPU,571782,571782,0
0,7,AttentionGen,Logic,571782,577020,5237.31
0,7,AttentionMerge,GPU,577020,577020,0
0,7,attn_o_proj,GPU,577020,579620,2600.32
0,7,Linear,GPU,577020,579620,2600.32
0,7,all_reduce,GPU,579620,584857,5236.91
0,7,residual_1,GPU,584857,585016,158.854
0,7,post_attn_layer_norm,GPU,585016,585175,158.854
0,7,expertFFN,GPU,585175,648663,63488.6
0,7,sync_0,GPU,585175,585175,0
0,7,sync__set,GPU,585175,585175,0
0,7,sync__,GPU,585175,585175,0
0,7,gate_fn,GPU,585175,585273,97.9093
0,7,Linear,GPU,585175,585273,97.9093
0,7,gate_update,GPU,585273,585273,0
0,7,moe_scatter,GPU,585273,585273,0
0,7,sync_for_moe_scatter,GPU,585273,585273,0
0,7,sync__set,GPU,585273,585273,0
0,7,sync__,GPU,585273,585273,0
0,7,moe_route,GPU,585273,585273,0
0,7,expert_FFN_0,GPU,585273,611812,26539.1
0,7,gate_proj,GPU,585273,594091,8818.56
0,7,Linear,GPU,585273,594091,8818.56
0,7,activation,GPU,594091,594175,83.3986
0,7,up_proj,GPU,594175,602993,8818.56
0,7,Linear,GPU,594175,602993,8818.56
0,7,down_proj,GPU,602993,611812,8818.56
0,7,Linear,GPU,602993,611812,8818.56
0,7,expert_FFN_1,GPU,611812,638189,26377.8
0,7,gate_proj,GPU,611812,620594,8781.9
0,7,Linear,GPU,611812,620594,8781.9
0,7,activation,GPU,620594,620626,32.0764
0,7,up_proj,GPU,620626,629407,8781.9
0,7,Linear,GPU,620626,629407,8781.9
0,7,down_proj,GPU,629407,638189,8781.9
0,7,Linear,GPU,629407,638189,8781.9
0,7,expert_FFN_2,GPU,585273,591872,6599.48
0,7,gate_proj,GPU,585273,587469,2196.62
0,7,Linear,Logic,585273,587469,2196.62
0,7,activation,Logic,587469,587479,9.62291
0,7,up_proj,GPU,587479,589675,2196.62
0,7,Linear,Logic,587479,589675,2196.62
0,7,down_proj,GPU,589675,591872,2196.62
0,7,Linear,Logic,589675,591872,2196.62
0,7,expert_FFN_3,GPU,591872,601745,9873.11
0,7,gate_proj,GPU,591872,595157,3284.62
0,7,Linear,Logic,591872,595157,3284.62
0,7,activation,Logic,595157,595176,19.2458
0,7,up_proj,GPU,595176,598461,3284.62
0,7,Linear,Logic,595176,598461,3284.62
0,7,down_proj,GPU,598461,601745,3284.62
0,7,Linear,Logic,598461,601745,3284.62
0,7,expert_FFN_4,GPU,601745,608335,6589.4
0,7,gate_proj,GPU,601745,603939,2194.33
0,7,Linear,Logic,601745,603939,2194.33
0,7,activation,Logic,603939,603946,6.41527
0,7,up_proj,GPU,603946,606140,2194.33
0,7,Linear,Logic,603946,606140,2194.33
0,7,down_proj,GPU,606140,608335,2194.33
0,7,Linear,Logic,606140,608335,2194.33
0,7,expert_FFN_5,GPU,608335,614944,6609.57
0,7,gate_proj,GPU,608335,610533,2198.91
0,7,Linear,Logic,608335,610533,2198.91
0,7,activation,Logic,610533,610546,12.8305
0,7,up_proj,GPU,610546,612745,2198.91
0,7,Linear,Logic,610546,612745,2198.91
0,7,down_proj,GPU,612745,614944,2198.91
0,7,Linear,Logic,612745,614944,2198.91
0,7,expert_FFN_6,GPU,614944,621544,6599.48
0,7,gate_proj,GPU,614944,617141,2196.62
0,7,Linear,Logic,614944,617141,2196.62
0,7,activation,Logic,617141,617150,9.62291
0,7,up_proj,GPU,617150,619347,2196.62
0,7,Linear,Logic,617150,619347,2196.62
0,7,down_proj,GPU,619347,621544,2196.62
0,7,Linear,Logic,619347,621544,2196.62
0,7,expert_FFN_7,GPU,621544,629771,8227.59
0,7,gate_proj,GPU,621544,624281,2737.18
0,7,Linear,Logic,621544,624281,2737.18
0,7,activation,Logic,624281,624297,16.0382
0,7,up_proj,GPU,624297,627034,2737.18
0,7,Linear,Logic,624297,627034,2737.18
0,7,down_proj,GPU,627034,629771,2737.18
0,7,Linear,Logic,627034,629771,2737.18
0,7,sync_2,GPU,638189,638189,0
0,7,sync__set,GPU,638189,638189,0
0,7,sync__,GPU,638189,638189,0
0,7,moe_all_reduce_for_e_tp,GPU,638189,643426,5236.91
0,7,sync_3,GPU,643426,643426,0
0,7,sync__set,GPU,643426,643426,0
0,7,sync__,GPU,643426,643426,0
0,7,moe_gather,GPU,643426,643426,0
0,7,sync_for_moe_gather,GPU,643426,643426,0
0,7,sync__set,GPU,643426,643426,0
0,7,sync__,GPU,643426,643426,0
0,7,moe_all_reduce_for_gather,GPU,643426,648663,5236.91
0,7,sync_5,GPU,648663,648663,0
0,7,sync__set,GPU,648663,648663,0
0,7,sync__,GPU,648663,648663,0
0,7,sync_6,GPU,648663,648663,0
0,7,sync__set,GPU,648663,648663,0
0,7,sync__,GPU,648663,648663,0
0,7,residual_2,GPU,648663,648822,158.854
0,8,MoE_decoder_8,GPU,648822,732212,83390.3
0,8,input_layer_norm,GPU,648822,648981,158.854
0,8,attention,GPU,648981,665917,16935.9
0,8,attn_qkv_proj,GPU,648981,652842,3861.38
0,8,Linear,GPU,648981,652842,3861.38
0,8,self_attention,GPU,652842,658080,5237.31
0,8,AttentionSplit,GPU,652842,652842,0
0,8,AttentionSum,GPU,652842,652842,0
0,8,AttentionGen,Logic,652842,658080,5237.31
0,8,AttentionMerge,GPU,658080,658080,0
0,8,attn_o_proj,GPU,658080,660680,2600.32
0,8,Linear,GPU,658080,660680,2600.32
0,8,all_reduce,GPU,660680,665917,5236.91
0,8,residual_1,GPU,665917,666076,158.854
0,8,post_attn_layer_norm,GPU,666076,666235,158.854
0,8,expertFFN,GPU,666235,732053,65818.9
0,8,sync_0,GPU,666235,666235,0
0,8,sync__set,GPU,666235,666235,0
0,8,sync__,GPU,666235,666235,0
0,8,gate_fn,GPU,666235,666332,97.9093
0,8,Linear,GPU,666235,666332,97.9093
0,8,gate_update,GPU,666332,666332,0
0,8,moe_scatter,GPU,666332,666332,0
0,8,sync_for_moe_scatter,GPU,666332,666332,0
0,8,sync__set,GPU,666332,666332,0
0,8,sync__,GPU,666332,666332,0
0,8,moe_route,GPU,666332,666332,0
0,8,expert_FFN_0,GPU,666332,673737,7404.83
0,8,gate_proj,GPU,666332,668796,2463.47
0,8,Linear,Logic,666332,668796,2463.47
0,8,activation,Logic,668796,668810,14.4344
0,8,up_proj,GPU,668810,671274,2463.47
0,8,Linear,Logic,668810,671274,2463.47
0,8,down_proj,GPU,671274,673737,2463.47
0,8,Linear,Logic,671274,673737,2463.47
0,8,expert_FFN_1,GPU,673737,680342,6604.53
0,8,gate_proj,GPU,673737,675935,2197.77
0,8,Linear,Logic,673737,675935,2197.77
0,8,activation,Logic,675935,675946,11.2267
0,8,up_proj,GPU,675946,678144,2197.77
0,8,Linear,Logic,675946,678144,2197.77
0,8,down_proj,GPU,678144,680342,2197.77
0,8,Linear,Logic,678144,680342,2197.77
0,8,expert_FFN_2,GPU,680342,686951,6609.57
0,8,gate_proj,GPU,680342,682541,2198.91
0,8,Linear,Logic,680342,682541,2198.91
0,8,activation,Logic,682541,682554,12.8305
0,8,up_proj,GPU,682554,684752,2198.91
0,8,Linear,Logic,682554,684752,2198.91
0,8,down_proj,GPU,684752,686951,2198.91
0,8,Linear,Logic,684752,686951,2198.91
0,8,expert_FFN_3,GPU,686951,693561,6609.57
0,8,gate_proj,GPU,686951,689150,2198.91
0,8,Linear,Logic,686951,689150,2198.91
0,8,activation,Logic,689150,689163,12.8305
0,8,up_proj,GPU,689163,691362,2198.91
0,8,Linear,Logic,689163,691362,2198.91
0,8,down_proj,GPU,691362,693561,2198.91
0,8,Linear,Logic,691362,693561,2198.91
0,8,expert_FFN_4,GPU,693561,700160,6599.48
0,8,gate_proj,GPU,693561,695758,2196.62
0,8,Linear,Logic,693561,695758,2196.62
0,8,activation,Logic,695758,695767,9.62291
0,8,up_proj,GPU,695767,697964,2196.62
0,8,Linear,Logic,695767,697964,2196.62
0,8,down_proj,GPU,697964,700160,2196.62
0,8,Linear,Logic,697964,700160,2196.62
0,8,expert_FFN_5,GPU,700160,707565,7404.83
0,8,gate_proj,GPU,700160,702624,2463.47
0,8,Linear,Logic,700160,702624,2463.47
0,8,activation,Logic,702624,702638,14.4344
0,8,up_proj,GPU,702638,705102,2463.47
0,8,Linear,Logic,702638,705102,2463.47
0,8,down_proj,GPU,705102,707565,2463.47
0,8,Linear,Logic,705102,707565,2463.47
0,8,expert_FFN_6,GPU,707565,714175,6609.57
0,8,gate_proj,GPU,707565,709764,2198.91
0,8,Linear,Logic,707565,709764,2198.91
0,8,activation,Logic,709764,709777,12.8305
0,8,up_proj,GPU,709777,711976,2198.91
0,8,Linear,Logic,709777,711976,2198.91
0,8,down_proj,GPU,711976,714175,2198.91
0,8,Linear,Logic,711976,714175,2198.91
0,8,expert_FFN_7,GPU,714175,721580,7404.83
0,8,gate_proj,GPU,714175,716638,2463.47
0,8,Linear,Logic,714175,716638,2463.47
0,8,activation,Logic,716638,716653,14.4344
0,8,up_proj,GPU,716653,719116,2463.47
0,8,Linear,Logic,716653,719116,2463.47
0,8,down_proj,GPU,719116,721580,2463.47
0,8,Linear,Logic,719116,721580,2463.47
0,8,sync_2,GPU,721580,721580,0
0,8,sync__set,GPU,721580,721580,0
0,8,sync__,GPU,721580,721580,0
0,8,moe_all_reduce_for_e_tp,GPU,721580,726817,5236.91
0,8,sync_3,GPU,726817,726817,0
0,8,sync__set,GPU,726817,726817,0
0,8,sync__,GPU,726817,726817,0
0,8,moe_gather,GPU,726817,726817,0
0,8,sync_for_moe_gather,GPU,726817,726817,0
0,8,sync__set,GPU,726817,726817,0
0,8,sync__,GPU,726817,726817,0
0,8,moe_all_reduce_for_gather,GPU,726817,732053,5236.91
0,8,sync_5,GPU,732053,732053,0
0,8,sync__set,GPU,732053,732053,0
0,8,sync__,GPU,732053,732053,0
0,8,sync_6,GPU,732053,732053,0
0,8,sync__set,GPU,732053,732053,0
0,8,sync__,GPU,732053,732053,0
0,8,residual_2,GPU,732053,732212,158.854
0,9,MoE_decoder_9,GPU,732212,813313,81100.2
0,9,input_layer_norm,GPU,732212,732371,158.854
0,9,attention,GPU,732371,749307,16935.9
0,9,attn_qkv_proj,GPU,732371,736233,3861.38
0,9,Linear,GPU,732371,736233,3861.38
0,9,self_attention,GPU,736233,741470,5237.31
0,9,AttentionSplit,GPU,736233,736233,0
0,9,AttentionSum,GPU,736233,736233,0
0,9,AttentionGen,Logic,736233,741470,5237.31
0,9,AttentionMerge,GPU,741470,741470,0
0,9,attn_o_proj,GPU,741470,744070,2600.32
0,9,Linear,GPU,741470,744070,2600.32
0,9,all_reduce,GPU,744070,749307,5236.91
0,9,residual_1,GPU,749307,749466,158.854
0,9,post_attn_layer_norm,GPU,749466,749625,158.854
0,9,expertFFN,GPU,749625,813154,63528.9
0,9,sync_0,GPU,749625,749625,0
0,9,sync__set,GPU,749625,749625,0
0,9,sync__,GPU,749625,749625,0
0,9,gate_fn,GPU,749625,749723,97.9093
0,9,Linear,GPU,749625,749723,97.9093
0,9,gate_update,GPU,749723,749723,0
0,9,moe_scatter,GPU,749723,749723,0
0,9,sync_for_moe_scatter,GPU,749723,749723,0
0,9,sync__set,GPU,749723,749723,0
0,9,sync__,GPU,749723,749723,0
0,9,moe_route,GPU,749723,749723,0
0,9,expert_FFN_0,GPU,749723,756317,6594.44
0,9,gate_proj,GPU,749723,751918,2195.47
0,9,Linear,Logic,749723,751918,2195.47
0,9,activation,Logic,751918,751926,8.01909
0,9,up_proj,GPU,751926,754122,2195.47
0,9,Linear,Logic,751926,754122,2195.47
0,9,down_proj,GPU,754122,756317,2195.47
0,9,Linear,Logic,754122,756317,2195.47
0,9,expert_FFN_1,GPU,756317,763722,7404.83
0,9,gate_proj,GPU,756317,758781,2463.47
0,9,Linear,Logic,756317,758781,2463.47
0,9,activation,Logic,758781,758795,14.4344
0,9,up_proj,GPU,758795,761259,2463.47
0,9,Linear,Logic,758795,761259,2463.47
0,9,down_proj,GPU,761259,763722,2463.47
0,9,Linear,Logic,761259,763722,2463.47
0,9,expert_FFN_2,GPU,763722,770311,6589.4
0,9,gate_proj,GPU,763722,765916,2194.33
0,9,Linear,Logic,763722,765916,2194.33
0,9,activation,Logic,765916,765923,6.41527
0,9,up_proj,GPU,765923,768117,2194.33
0,9,Linear,Logic,765923,768117,2194.33
0,9,down_proj,GPU,768117,770311,2194.33
0,9,Linear,Logic,768117,770311,2194.33
0,9,expert_FFN_3,GPU,770311,777716,7404.83
0,9,gate_proj,GPU,770311,772775,2463.47
0,9,Linear,Logic,770311,772775,2463.47
0,9,activation,Logic,772775,772789,14.4344
0,9,up_proj,GPU,772789,775253,2463.47
0,9,Linear,Logic,772789,775253,2463.47
0,9,down_proj,GPU,775253,777716,2463.47
0,9,Linear,Logic,775253,777716,2463.47
0,9,expert_FFN_4,GPU,777716,785121,7404.83
0,9,gate_proj,GPU,777716,780180,2463.47
0,9,Linear,Logic,777716,780180,2463.47
0,9,activation,Logic,780180,780194,14.4344
0,9,up_proj,GPU,780194,782658,2463.47
0,9,Linear,Logic,780194,782658,2463.47
0,9,down_proj,GPU,782658,785121,2463.47
0,9,Linear,Logic,782658,785121,2463.47
0,9,expert_FFN_5,GPU,785121,791731,6609.57
0,9,gate_proj,GPU,785121,787320,2198.91
0,9,Linear,Logic,785121,787320,2198.91
0,9,activation,Logic,787320,787333,12.8305
0,9,up_proj,GPU,787333,789532,2198.91
0,9,Linear,Logic,787333,789532,2198.91
0,9,down_proj,GPU,789532,791731,2198.91
0,9,Linear,Logic,789532,791731,2198.91
0,9,expert_FFN_6,GPU,749723,776282,26559.2
0,9,gate_proj,GPU,749723,758546,8823.14
0,9,Linear,GPU,749723,758546,8823.14
0,9,activation,GPU,758546,758636,89.8138
0,9,up_proj,GPU,758636,767459,8823.14
0,9,Linear,GPU,758636,767459,8823.14
0,9,down_proj,GPU,767459,776282,8823.14
0,9,Linear,GPU,767459,776282,8823.14
0,9,expert_FFN_7,GPU,776282,802680,26397.9
0,9,gate_proj,GPU,776282,785068,8786.48
0,9,Linear,GPU,776282,785068,8786.48
0,9,activation,GPU,785068,785107,38.4916
0,9,up_proj,GPU,785107,793893,8786.48
0,9,Linear,GPU,785107,793893,8786.48
0,9,down_proj,GPU,793893,802680,8786.48
0,9,Linear,GPU,793893,802680,8786.48
0,9,sync_2,GPU,802680,802680,0
0,9,sync__set,GPU,802680,802680,0
0,9,sync__,GPU,802680,802680,0
0,9,moe_all_reduce_for_e_tp,GPU,802680,807917,5236.91
0,9,sync_3,GPU,807917,807917,0
0,9,sync__set,GPU,807917,807917,0
0,9,sync__,GPU,807917,807917,0
0,9,moe_gather,GPU,807917,807917,0
0,9,sync_for_moe_gather,GPU,807917,807917,0
0,9,sync__set,GPU,807917,807917,0
0,9,sync__,GPU,807917,807917,0
0,9,moe_all_reduce_for_gather,GPU,807917,813154,5236.91
0,9,sync_5,GPU,813154,813154,0
0,9,sync__set,GPU,813154,813154,0
0,9,sync__,GPU,813154,813154,0
0,9,sync_6,GPU,813154,813154,0
0,9,sync__set,GPU,813154,813154,0
0,9,sync__,GPU,813154,813154,0
0,9,residual_2,GPU,813154,813313,158.854
0,10,MoE_decoder_10,GPU,813313,894433,81120.4
0,10,input_layer_norm,GPU,813313,813471,158.854
0,10,attention,GPU,813471,830407,16935.9
0,10,attn_qkv_proj,GPU,813471,817333,3861.38
0,10,Linear,GPU,813471,817333,3861.38
0,10,self_attention,GPU,817333,822570,5237.31
0,10,AttentionSplit,GPU,817333,817333,0
0,10,AttentionSum,GPU,817333,817333,0
0,10,AttentionGen,Logic,817333,822570,5237.31
0,10,AttentionMerge,GPU,822570,822570,0
0,10,attn_o_proj,GPU,822570,825170,2600.32
0,10,Linear,GPU,822570,825170,2600.32
0,10,all_reduce,GPU,825170,830407,5236.91
0,10,residual_1,GPU,830407,830566,158.854
0,10,post_attn_layer_norm,GPU,830566,830725,158.854
0,10,expertFFN,GPU,830725,894274,63549.1
0,10,sync_0,GPU,830725,830725,0
0,10,sync__set,GPU,830725,830725,0
0,10,sync__,GPU,830725,830725,0
0,10,gate_fn,GPU,830725,830823,97.9093
0,10,Linear,GPU,830725,830823,97.9093
0,10,gate_update,GPU,830823,830823,0
0,10,moe_scatter,GPU,830823,830823,0
0,10,sync_for_moe_scatter,GPU,830823,830823,0
0,10,sync__set,GPU,830823,830823,0
0,10,sync__,GPU,830823,830823,0
0,10,moe_route,GPU,830823,830823,0
0,10,expert_FFN_0,GPU,830823,837417,6594.44
0,10,gate_proj,GPU,830823,833018,2195.47
0,10,Linear,Logic,830823,833018,2195.47
0,10,activation,Logic,833018,833026,8.01909
0,10,up_proj,GPU,833026,835222,2195.47
0,10,Linear,Logic,833026,835222,2195.47
0,10,down_proj,GPU,835222,837417,2195.47
0,10,Linear,Logic,835222,837417,2195.47
0,10,expert_FFN_1,GPU,837417,844822,7404.83
0,10,gate_proj,GPU,837417,839881,2463.47
0,10,Linear,Logic,837417,839881,2463.47
0,10,activation,Logic,839881,839895,14.4344
0,10,up_proj,GPU,839895,842359,2463.47
0,10,Linear,Logic,839895,842359,2463.47
0,10,down_proj,GPU,842359,844822,2463.47
0,10,Linear,Logic,842359,844822,2463.47
0,10,expert_FFN_2,GPU,844822,851427,6604.53
0,10,gate_proj,GPU,844822,847020,2197.77
0,10,Linear,Logic,844822,847020,2197.77
0,10,activation,Logic,847020,847031,11.2267
0,10,up_proj,GPU,847031,849229,2197.77
0,10,Linear,Logic,847031,849229,2197.77
0,10,down_proj,GPU,849229,851427,2197.77
0,10,Linear,Logic,849229,851427,2197.77
0,10,expert_FFN_3,GPU,851427,858832,7404.83
0,10,gate_proj,GPU,851427,853890,2463.47
0,10,Linear,Logic,851427,853890,2463.47
0,10,activation,Logic,853890,853905,14.4344
0,10,up_proj,GPU,853905,856368,2463.47
0,10,Linear,Logic,853905,856368,2463.47
0,10,down_proj,GPU,856368,858832,2463.47
0,10,Linear,Logic,856368,858832,2463.47
0,10,expert_FFN_4,GPU,830823,857342,26518.9
0,10,gate_proj,GPU,830823,839637,8813.98
0,10,Linear,GPU,830823,839637,8813.98
0,10,activation,GPU,839637,839714,76.9833
0,10,up_proj,GPU,839714,848528,8813.98
0,10,Linear,GPU,839714,848528,8813.98
0,10,down_proj,GPU,848528,857342,8813.98
0,10,Linear,GPU,848528,857342,8813.98
0,10,expert_FFN_5,GPU,857342,883800,26458.4
0,10,gate_proj,GPU,857342,866142,8800.23
0,10,Linear,GPU,857342,866142,8800.23
0,10,activation,GPU,866142,866200,57.7375
0,10,up_proj,GPU,866200,875000,8800.23
0,10,Linear,GPU,866200,875000,8800.23
0,10,down_proj,GPU,875000,883800,8800.23
0,10,Linear,GPU,875000,883800,8800.23
0,10,expert_FFN_6,GPU,858832,866236,7404.83
0,10,gate_proj,GPU,858832,861295,2463.47
0,10,Linear,Logic,858832,861295,2463.47
0,10,activation,Logic,861295,861309,14.4344
0,10,up_proj,GPU,861309,863773,2463.47
0,10,Linear,Logic,861309,863773,2463.47
0,10,down_proj,GPU,863773,866236,2463.47
0,10,Linear,Logic,863773,866236,2463.47
0,10,expert_FFN_7,GPU,866236,872826,6589.4
0,10,gate_proj,GPU,866236,868431,2194.33
0,10,Linear,Logic,866236,868431,2194.33
0,10,activation,Logic,868431,868437,6.41527
0,10,up_proj,GPU,868437,870631,2194.33
0,10,Linear,Logic,868437,870631,2194.33
0,10,down_proj,GPU,870631,872826,2194.33
0,10,Linear,Logic,870631,872826,2194.33
0,10,sync_2,GPU,883800,883800,0
0,10,sync__set,GPU,883800,883800,0
0,10,sync__,GPU,883800,883800,0
0,10,moe_all_reduce_for_e_tp,GPU,883800,889037,5236.91
0,10,sync_3,GPU,889037,889037,0
0,10,sync__set,GPU,889037,889037,0
0,10,sync__,GPU,889037,889037,0
0,10,moe_gather,GPU,889037,889037,0
0,10,sync_for_moe_gather,GPU,889037,889037,0
0,10,sync__set,GPU,889037,889037,0
0,10,sync__,GPU,889037,889037,0
0,10,moe_all_reduce_for_gather,GPU,889037,894274,5236.91
0,10,sync_5,GPU,894274,894274,0
0,10,sync__set,GPU,894274,894274,0
0,10,sync__,GPU,894274,894274,0
0,10,sync_6,GPU,894274,894274,0
0,10,sync__set,GPU,894274,894274,0
0,10,sync__,GPU,894274,894274,0
0,10,residual_2,GPU,894274,894433,158.854
0,11,MoE_decoder_11,GPU,894433,975513,81080.1
0,11,input_layer_norm,GPU,894433,894592,158.854
0,11,attention,GPU,894592,911528,16935.9
0,11,attn_qkv_proj,GPU,894592,898453,3861.38
0,11,Linear,GPU,894592,898453,3861.38
0,11,self_attention,GPU,898453,903691,5237.31
0,11,AttentionSplit,GPU,898453,898453,0
0,11,AttentionSum,GPU,898453,898453,0
0,11,AttentionGen,Logic,898453,903691,5237.31
0,11,AttentionMerge,GPU,903691,903691,0
0,11,attn_o_proj,GPU,903691,906291,2600.32
0,11,Linear,GPU,903691,906291,2600.32
0,11,all_reduce,GPU,906291,911528,5236.91
0,11,residual_1,GPU,911528,911687,158.854
0,11,post_attn_layer_norm,GPU,911687,911845,158.854
0,11,expertFFN,GPU,911845,975354,63508.7
0,11,sync_0,GPU,911845,911845,0
0,11,sync__set,GPU,911845,911845,0
0,11,sync__,GPU,911845,911845,0
0,11,gate_fn,GPU,911845,911943,97.9093
0,11,Linear,GPU,911845,911943,97.9093
0,11,gate_update,GPU,911943,911943,0
0,11,moe_scatter,GPU,911943,911943,0
0,11,sync_for_moe_scatter,GPU,911943,911943,0
0,11,sync__set,GPU,911943,911943,0
0,11,sync__,GPU,911943,911943,0
0,11,moe_route,GPU,911943,911943,0
0,11,expert_FFN_0,GPU,911943,919348,7404.83
0,11,gate_proj,GPU,911943,914407,2463.47
0,11,Linear,Logic,911943,914407,2463.47
0,11,activation,Logic,914407,914421,14.4344
0,11,up_proj,GPU,914421,916885,2463.47
0,11,Linear,Logic,914421,916885,2463.47
0,11,down_proj,GPU,916885,919348,2463.47
0,11,Linear,Logic,916885,919348,2463.47
0,11,expert_FFN_1,GPU,919348,925948,6599.48
0,11,gate_proj,GPU,919348,921545,2196.62
0,11,Linear,Logic,919348,921545,2196.62
0,11,activation,Logic,921545,921554,9.62291
0,11,up_proj,GPU,921554,923751,2196.62
0,11,Linear,Logic,921554,923751,2196.62
0,11,down_proj,GPU,923751,925948,2196.62
0,11,Linear,Logic,923751,925948,2196.62
0,11,expert_FFN_2,GPU,925948,932552,6604.53
0,11,gate_proj,GPU,925948,928145,2197.77
0,11,Linear,Logic,925948,928145,2197.77
0,11,activation,Logic,928145,928157,11.2267
0,11,up_proj,GPU,928157,930354,2197.77
0,11,Linear,Logic,928157,930354,2197.77
0,11,down_proj,GPU,930354,932552,2197.77
0,11,Linear,Logic,930354,932552,2197.77
0,11,expert_FFN_3,GPU,932552,939147,6594.44
0,11,gate_proj,GPU,932552,934748,2195.47
0,11,Linear,Logic,932552,934748,2195.47
0,11,activation,Logic,934748,934756,8.01909
0,11,up_proj,GPU,934756,936951,2195.47
0,11,Linear,Logic,934756,936951,2195.47
0,11,down_proj,GPU,936951,939147,2195.47
0,11,Linear,Logic,936951,939147,2195.47
0,11,expert_FFN_4,GPU,939147,947374,8227.59
0,11,gate_proj,GPU,939147,941884,2737.18
0,11,Linear,Logic,939147,941884,2737.18
0,11,activation,Logic,941884,941900,16.0382
0,11,up_proj,GPU,941900,944637,2737.18
0,11,Linear,Logic,941900,944637,2737.18
0,11,down_proj,GPU,944637,947374,2737.18
0,11,Linear,Logic,944637,947374,2737.18
0,11,expert_FFN_5,GPU,947374,953984,6609.57
0,11,gate_proj,GPU,947374,949573,2198.91
0,11,Linear,Logic,947374,949573,2198.91
0,11,activation,Logic,949573,949586,12.8305
0,11,up_proj,GPU,949586,951785,2198.91
0,11,Linear,Logic,949586,951785,2198.91
0,11,down_proj,GPU,951785,953984,2198.91
0,11,Linear,Logic,951785,953984,2198.91
0,11,expert_FFN_6,GPU,911943,938382,26438.3
0,11,gate_proj,GPU,911943,920739,8795.65
0,11,Linear,GPU,911943,920739,8795.65
0,11,activation,GPU,920739,920790,51.3222
0,11,up_proj,GPU,920790,929586,8795.65
0,11,Linear,GPU,920790,929586,8795.65
0,11,down_proj,GPU,929586,938382,8795.65
0,11,Linear,GPU,929586,938382,8795.65
0,11,expert_FFN_7,GPU,938382,964880,26498.7
0,11,gate_proj,GPU,938382,947191,8809.39
0,11,Linear,GPU,938382,947191,8809.39
0,11,activation,GPU,947191,947262,70.568
0,11,up_proj,GPU,947262,956071,8809.39
0,11,Linear,GPU,947262,956071,8809.39
0,11,down_proj,GPU,956071,964880,8809.39
0,11,Linear,GPU,956071,964880,8809.39
0,11,sync_2,GPU,964880,964880,0
0,11,sync__set,GPU,964880,964880,0
0,11,sync__,GPU,964880,964880,0
0,11,moe_all_reduce_for_e_tp,GPU,964880,970117,5236.91
0,11,sync_3,GPU,970117,970117,0
0,11,sync__set,GPU,970117,970117,0
0,11,sync__,GPU,970117,970117,0
0,11,moe_gather,GPU,970117,970117,0
0,11,sync_for_moe_gather,GPU,970117,970117,0
0,11,sync__set,GPU,970117,970117,0
0,11,sync__,GPU,970117,970117,0
0,11,moe_all_reduce_for_gather,GPU,970117,975354,5236.91
0,11,sync_5,GPU,975354,975354,0
0,11,sync__set,GPU,975354,975354,0
0,11,sync__,GPU,975354,975354,0
0,11,sync_6,GPU,975354,975354,0
0,11,sync__set,GPU,975354,975354,0
0,11,sync__,GPU,975354,975354,0
0,11,residual_2,GPU,975354,975513,158.854
0,12,MoE_decoder_12,GPU,975513,1.05667e+06,81160.7
0,12,input_layer_norm,GPU,975513,975672,158.854
0,12,attention,GPU,975672,992608,16935.9
0,12,attn_qkv_proj,GPU,975672,979533,3861.38
0,12,Linear,GPU,975672,979533,3861.38
0,12,self_attention,GPU,979533,984771,5237.31
0,12,AttentionSplit,GPU,979533,979533,0
0,12,AttentionSum,GPU,979533,979533,0
0,12,AttentionGen,Logic,979533,984771,5237.31
0,12,AttentionMerge,GPU,984771,984771,0
0,12,attn_o_proj,GPU,984771,987371,2600.32
0,12,Linear,GPU,984771,987371,2600.32
0,12,all_reduce,GPU,987371,992608,5236.91
0,12,residual_1,GPU,992608,992767,158.854
0,12,post_attn_layer_norm,GPU,992767,992926,158.854
0,12,expertFFN,GPU,992926,1.05651e+06,63589.4
0,12,sync_0,GPU,992926,992926,0
0,12,sync__set,GPU,992926,992926,0
0,12,sync__,GPU,992926,992926,0
0,12,gate_fn,GPU,992926,993023,97.9093
0,12,Linear,GPU,992926,993023,97.9093
0,12,gate_update,GPU,993023,993023,0
0,12,moe_scatter,GPU,993023,993023,0
0,12,sync_for_moe_scatter,GPU,993023,993023,0
0,12,sync__set,GPU,993023,993023,0
0,12,sync__,GPU,993023,993023,0
0,12,moe_route,GPU,993023,993023,0
0,12,expert_FFN_0,GPU,993023,1.00043e+06,7404.83
0,12,gate_proj,GPU,993023,995487,2463.47
0,12,Linear,Logic,993023,995487,2463.47
0,12,activation,Logic,995487,995501,14.4344
0,12,up_proj,GPU,995501,997965,2463.47
0,12,Linear,Logic,995501,997965,2463.47
0,12,down_proj,GPU,997965,1.00043e+06,2463.47
0,12,Linear,Logic,997965,1.00043e+06,2463.47
0,12,expert_FFN_1,GPU,1.00043e+06,1.00703e+06,6599.48
0,12,gate_proj,GPU,1.00043e+06,1.00262e+06,2196.62
0,12,Linear,Logic,1.00043e+06,1.00262e+06,2196.62
0,12,activation,Logic,1.00262e+06,1.00263e+06,9.62291
0,12,up_proj,GPU,1.00263e+06,1.00483e+06,2196.62
0,12,Linear,Logic,1.00263e+06,1.00483e+06,2196.62
0,12,down_proj,GPU,1.00483e+06,1.00703e+06,2196.62
0,12,Linear,Logic,1.00483e+06,1.00703e+06,2196.62
0,12,expert_FFN_2,GPU,1.00703e+06,1.01526e+06,8227.59
0,12,gate_proj,GPU,1.00703e+06,1.00976e+06,2737.18
0,12,Linear,Logic,1.00703e+06,1.00976e+06,2737.18
0,12,activation,Logic,1.00976e+06,1.00978e+06,16.0382
0,12,up_proj,GPU,1.00978e+06,1.01252e+06,2737.18
0,12,Linear,Logic,1.00978e+06,1.01252e+06,2737.18
0,12,down_proj,GPU,1.01252e+06,1.01526e+06,2737.18
0,12,Linear,Logic,1.01252e+06,1.01526e+06,2737.18
0,12,expert_FFN_3,GPU,1.01526e+06,1.02185e+06,6599.48
0,12,gate_proj,GPU,1.01526e+06,1.01745e+06,2196.62
0,12,Linear,Logic,1.01526e+06,1.01745e+06,2196.62
0,12,activation,Logic,1.01745e+06,1.01746e+06,9.62291
0,12,up_proj,GPU,1.01746e+06,1.01966e+06,2196.62
0,12,Linear,Logic,1.01746e+06,1.01966e+06,2196.62
0,12,down_proj,GPU,1.01966e+06,1.02185e+06,2196.62
0,12,Linear,Logic,1.01966e+06,1.02185e+06,2196.62
0,12,expert_FFN_4,GPU,993023,1.01958e+06,26559.2
0,12,gate_proj,GPU,993023,1.00185e+06,8823.14
0,12,Linear,GPU,993023,1.00185e+06,8823.14
0,12,activation,GPU,1.00185e+06,1.00194e+06,89.8138
0,12,up_proj,GPU,1.00194e+06,1.01076e+06,8823.14
0,12,Linear,GPU,1.00194e+06,1.01076e+06,8823.14
0,12,down_proj,GPU,1.01076e+06,1.01958e+06,8823.14
0,12,Linear,GPU,1.01076e+06,1.01958e+06,8823.14
0,12,expert_FFN_5,GPU,1.01958e+06,1.04604e+06,26458.4
0,12,gate_proj,GPU,1.01958e+06,1.02838e+06,8800.23
0,12,Linear,GPU,1.01958e+06,1.02838e+06,8800.23
0,12,activation,GPU,1.02838e+06,1.02844e+06,57.7375
0,12,up_proj,GPU,1.02844e+06,1.03724e+06,8800.23
0,12,Linear,GPU,1.02844e+06,1.03724e+06,8800.23
0,12,down_proj,GPU,1.03724e+06,1.04604e+06,8800.23
0,12,Linear,GPU,1.03724e+06,1.04604e+06,8800.23
0,12,expert_FFN_6,GPU,1.02185e+06,1.02843e+06,6579.32
0,12,gate_proj,GPU,1.02185e+06,1.02405e+06,2192.04
0,12,Linear,Logic,1.02185e+06,1.02405e+06,2192.04
0,12,activation,Logic,1.02405e+06,1.02405e+06,3.20764
0,12,up_proj,GPU,1.02405e+06,1.02624e+06,2192.04
0,12,Linear,Logic,1.02405e+06,1.02624e+06,2192.04
0,12,down_proj,GPU,1.02624e+06,1.02843e+06,2192.04
0,12,Linear,Logic,1.02624e+06,1.02843e+06,2192.04
0,12,expert_FFN_7,GPU,1.02843e+06,1.03504e+06,6609.57
0,12,gate_proj,GPU,1.02843e+06,1.03063e+06,2198.91
0,12,Linear,Logic,1.02843e+06,1.03063e+06,2198.91
0,12,activation,Logic,1.03063e+06,1.03065e+06,12.8305
0,12,up_proj,GPU,1.03065e+06,1.03284e+06,2198.91
0,12,Linear,Logic,1.03065e+06,1.03284e+06,2198.91
0,12,down_proj,GPU,1.03284e+06,1.03504e+06,2198.91
0,12,Linear,Logic,1.03284e+06,1.03504e+06,2198.91
0,12,sync_2,GPU,1.04604e+06,1.04604e+06,0
0,12,sync__set,GPU,1.04604e+06,1.04604e+06,0
0,12,sync__,GPU,1.04604e+06,1.04604e+06,0
0,12,moe_all_reduce_for_e_tp,GPU,1.04604e+06,1.05128e+06,5236.91
0,12,sync_3,GPU,1.05128e+06,1.05128e+06,0
0,12,sync__set,GPU,1.05128e+06,1.05128e+06,0
0,12,sync__,GPU,1.05128e+06,1.05128e+06,0
0,12,moe_gather,GPU,1.05128e+06,1.05128e+06,0
0,12,sync_for_moe_gather,GPU,1.05128e+06,1.05128e+06,0
0,12,sync__set,GPU,1.05128e+06,1.05128e+06,0
0,12,sync__,GPU,1.05128e+06,1.05128e+06,0
0,12,moe_all_reduce_for_gather,GPU,1.05128e+06,1.05651e+06,5236.91
0,12,sync_5,GPU,1.05651e+06,1.05651e+06,0
0,12,sync__set,GPU,1.05651e+06,1.05651e+06,0
0,12,sync__,GPU,1.05651e+06,1.05651e+06,0
0,12,sync_6,GPU,1.05651e+06,1.05651e+06,0
0,12,sync__set,GPU,1.05651e+06,1.05651e+06,0
0,12,sync__,GPU,1.05651e+06,1.05651e+06,0
0,12,residual_2,GPU,1.05651e+06,1.05667e+06,158.854
0,13,MoE_decoder_13,GPU,1.05667e+06,1.13779e+06,81120.4
0,13,input_layer_norm,GPU,1.05667e+06,1.05683e+06,158.854
0,13,attention,GPU,1.05683e+06,1.07377e+06,16935.9
0,13,attn_qkv_proj,GPU,1.05683e+06,1.06069e+06,3861.38
0,13,Linear,GPU,1.05683e+06,1.06069e+06,3861.38
0,13,self_attention,GPU,1.06069e+06,1.06593e+06,5237.31
0,13,AttentionSplit,GPU,1.06069e+06,1.06069e+06,0
0,13,AttentionSum,GPU,1.06069e+06,1.06069e+06,0
0,13,AttentionGen,Logic,1.06069e+06,1.06593e+06,5237.31
0,13,AttentionMerge,GPU,1.06593e+06,1.06593e+06,0
0,13,attn_o_proj,GPU,1.06593e+06,1.06853e+06,2600.32
0,13,Linear,GPU,1.06593e+06,1.06853e+06,2600.32
0,13,all_reduce,GPU,1.06853e+06,1.07377e+06,5236.91
0,13,residual_1,GPU,1.07377e+06,1.07393e+06,158.854
0,13,post_attn_layer_norm,GPU,1.07393e+06,1.07409e+06,158.854
0,13,expertFFN,GPU,1.07409e+06,1.13764e+06,63549.1
0,13,sync_0,GPU,1.07409e+06,1.07409e+06,0
0,13,sync__set,GPU,1.07409e+06,1.07409e+06,0
0,13,sync__,GPU,1.07409e+06,1.07409e+06,0
0,13,gate_fn,GPU,1.07409e+06,1.07418e+06,97.9093
0,13,Linear,GPU,1.07409e+06,1.07418e+06,97.9093
0,13,gate_update,GPU,1.07418e+06,1.07418e+06,0
0,13,moe_scatter,GPU,1.07418e+06,1.07418e+06,0
0,13,sync_for_moe_scatter,GPU,1.07418e+06,1.07418e+06,0
0,13,sync__set,GPU,1.07418e+06,1.07418e+06,0
0,13,sync__,GPU,1.07418e+06,1.07418e+06,0
0,13,moe_route,GPU,1.07418e+06,1.07418e+06,0
0,13,expert_FFN_0,GPU,1.07418e+06,1.08323e+06,9050.35
0,13,gate_proj,GPU,1.07418e+06,1.0772e+06,3010.9
0,13,Linear,Logic,1.07418e+06,1.0772e+06,3010.9
0,13,activation,Logic,1.0772e+06,1.07721e+06,17.642
0,13,up_proj,GPU,1.07721e+06,1.08022e+06,3010.9
0,13,Linear,Logic,1.07721e+06,1.08022e+06,3010.9
0,13,down_proj,GPU,1.08022e+06,1.08323e+06,3010.9
0,13,Linear,Logic,1.08022e+06,1.08323e+06,3010.9
0,13,expert_FFN_1,GPU,1.08323e+06,1.08984e+06,6609.57
0,13,gate_proj,GPU,1.08323e+06,1.08543e+06,2198.91
0,13,Linear,Logic,1.08323e+06,1.08543e+06,2198.91
0,13,activation,Logic,1.08543e+06,1.08545e+06,12.8305
0,13,up_proj,GPU,1.08545e+06,1.08765e+06,2198.91
0,13,Linear,Logic,1.08545e+06,1.08765e+06,2198.91
0,13,down_proj,GPU,1.08765e+06,1.08984e+06,2198.91
0,13,Linear,Logic,1.08765e+06,1.08984e+06,2198.91
0,13,expert_FFN_2,GPU,1.08984e+06,1.09645e+06,6609.57
0,13,gate_proj,GPU,1.08984e+06,1.09204e+06,2198.91
0,13,Linear,Logic,1.08984e+06,1.09204e+06,2198.91
0,13,activation,Logic,1.09204e+06,1.09206e+06,12.8305
0,13,up_proj,GPU,1.09206e+06,1.09425e+06,2198.91
0,13,Linear,Logic,1.09206e+06,1.09425e+06,2198.91
0,13,down_proj,GPU,1.09425e+06,1.09645e+06,2198.91
0,13,Linear,Logic,1.09425e+06,1.09645e+06,2198.91
0,13,expert_FFN_3,GPU,1.09645e+06,1.1055e+06,9050.35
0,13,gate_proj,GPU,1.09645e+06,1.09946e+06,3010.9
0,13,Linear,Logic,1.09645e+06,1.09946e+06,3010.9
0,13,activation,Logic,1.09946e+06,1.09948e+06,17.642
0,13,up_proj,GPU,1.09948e+06,1.10249e+06,3010.9
0,13,Linear,Logic,1.09948e+06,1.10249e+06,3010.9
0,13,down_proj,GPU,1.10249e+06,1.1055e+06,3010.9
0,13,Linear,Logic,1.10249e+06,1.1055e+06,3010.9
0,13,expert_FFN_4,GPU,1.1055e+06,1.11209e+06,6584.36
0,13,gate_proj,GPU,1.1055e+06,1.1077e+06,2193.18
0,13,Linear,Logic,1.1055e+06,1.1077e+06,2193.18
0,13,activation,Logic,1.1077e+06,1.1077e+06,4.81146
0,13,up_proj,GPU,1.1077e+06,1.1099e+06,2193.18
0,13,Linear,Logic,1.1077e+06,1.1099e+06,2193.18
0,13,down_proj,GPU,1.1099e+06,1.11209e+06,2193.18
0,13,Linear,Logic,1.1099e+06,1.11209e+06,2193.18
0,13,expert_FFN_5,GPU,1.11209e+06,1.11867e+06,6579.32
0,13,gate_proj,GPU,1.11209e+06,1.11428e+06,2192.04
0,13,Linear,Logic,1.11209e+06,1.11428e+06,2192.04
0,13,activation,Logic,1.11428e+06,1.11428e+06,3.20764
0,13,up_proj,GPU,1.11428e+06,1.11648e+06,2192.04
0,13,Linear,Logic,1.11428e+06,1.11648e+06,2192.04
0,13,down_proj,GPU,1.11648e+06,1.11867e+06,2192.04
0,13,Linear,Logic,1.11648e+06,1.11867e+06,2192.04
0,13,expert_FFN_6,GPU,1.07418e+06,1.1007e+06,26518.9
0,13,gate_proj,GPU,1.07418e+06,1.083e+06,8813.98
0,13,Linear,GPU,1.07418e+06,1.083e+06,8813.98
0,13,activation,GPU,1.083e+06,1.08308e+06,76.9833
0,13,up_proj,GPU,1.08308e+06,1.09189e+06,8813.98
0,13,Linear,GPU,1.08308e+06,1.09189e+06,8813.98
0,13,down_proj,GPU,1.09189e+06,1.1007e+06,8813.98
0,13,Linear,GPU,1.09189e+06,1.1007e+06,8813.98
0,13,expert_FFN_7,GPU,1.1007e+06,1.12716e+06,26458.4
0,13,gate_proj,GPU,1.1007e+06,1.1095e+06,8800.23
0,13,Linear,GPU,1.1007e+06,1.1095e+06,8800.23
0,13,activation,GPU,1.1095e+06,1.10956e+06,57.7375
0,13,up_proj,GPU,1.10956e+06,1.11836e+06,8800.23
0,13,Linear,GPU,1.10956e+06,1.11836e+06,8800.23
0,13,down_proj,GPU,1.11836e+06,1.12716e+06,8800.23
0,13,Linear,GPU,1.11836e+06,1.12716e+06,8800.23
0,13,sync_2,GPU,1.12716e+06,1.12716e+06,0
0,13,sync__set,GPU,1.12716e+06,1.12716e+06,0
0,13,sync__,GPU,1.12716e+06,1.12716e+06,0
0,13,moe_all_reduce_for_e_tp,GPU,1.12716e+06,1.1324e+06,5236.91
0,13,sync_3,GPU,1.1324e+06,1.1324e+06,0
0,13,sync__set,GPU,1.1324e+06,1.1324e+06,0
0,13,sync__,GPU,1.1324e+06,1.1324e+06,0
0,13,moe_gather,GPU,1.1324e+06,1.1324e+06,0
0,13,sync_for_moe_gather,GPU,1.1324e+06,1.1324e+06,0
0,13,sync__set,GPU,1.1324e+06,1.1324e+06,0
0,13,sync__,GPU,1.1324e+06,1.1324e+06,0
0,13,moe_all_reduce_for_gather,GPU,1.1324e+06,1.13764e+06,5236.91
0,13,sync_5,GPU,1.13764e+06,1.13764e+06,0
0,13,sync__set,GPU,1.13764e+06,1.13764e+06,0
0,13,sync__,GPU,1.13764e+06,1.13764e+06,0
0,13,sync_6,GPU,1.13764e+06,1.13764e+06,0
0,13,sync__set,GPU,1.13764e+06,1.13764e+06,0
0,13,sync__,GPU,1.13764e+06,1.13764e+06,0
0,13,residual_2,GPU,1.13764e+06,1.13779e+06,158.854
0,14,MoE_decoder_14,GPU,1.13779e+06,1.21891e+06,81120.4
0,14,input_layer_norm,GPU,1.13779e+06,1.13795e+06,158.854
0,14,attention,GPU,1.13795e+06,1.15489e+06,16935.9
0,14,attn_qkv_proj,GPU,1.13795e+06,1.14181e+06,3861.38
0,14,Linear,GPU,1.13795e+06,1.14181e+06,3861.38
0,14,self_attention,GPU,1.14181e+06,1.14705e+06,5237.31
0,14,AttentionSplit,GPU,1.14181e+06,1.14181e+06,0
0,14,AttentionSum,GPU,1.14181e+06,1.14181e+06,0
0,14,AttentionGen,Logic,1.14181e+06,1.14705e+06,5237.31
0,14,AttentionMerge,GPU,1.14705e+06,1.14705e+06,0
0,14,attn_o_proj,GPU,1.14705e+06,1.14965e+06,2600.32
0,14,Linear,GPU,1.14705e+06,1.14965e+06,2600.32
0,14,all_reduce,GPU,1.14965e+06,1.15489e+06,5236.91
0,14,residual_1,GPU,1.15489e+06,1.15505e+06,158.854
0,14,post_attn_layer_norm,GPU,1.15505e+06,1.15521e+06,158.854
0,14,expertFFN,GPU,1.15521e+06,1.21876e+06,63549.1
0,14,sync_0,GPU,1.15521e+06,1.15521e+06,0
0,14,sync__set,GPU,1.15521e+06,1.15521e+06,0
0,14,sync__,GPU,1.15521e+06,1.15521e+06,0
0,14,gate_fn,GPU,1.15521e+06,1.1553e+06,97.9093
0,14,Linear,GPU,1.15521e+06,1.1553e+06,97.9093
0,14,gate_update,GPU,1.1553e+06,1.1553e+06,0
0,14,moe_scatter,GPU,1.1553e+06,1.1553e+06,0
0,14,sync_for_moe_scatter,GPU,1.1553e+06,1.1553e+06,0
0,14,sync__set,GPU,1.1553e+06,1.1553e+06,0
0,14,sync__,GPU,1.1553e+06,1.1553e+06,0
0,14,moe_route,GPU,1.1553e+06,1.1553e+06,0
0,14,expert_FFN_0,GPU,1.1553e+06,1.16271e+06,7404.83
0,14,gate_proj,GPU,1.1553e+06,1.15777e+06,2463.47
0,14,Linear,Logic,1.1553e+06,1.15777e+06,2463.47
0,14,activation,Logic,1.15777e+06,1.15778e+06,14.4344
0,14,up_proj,GPU,1.15778e+06,1.16025e+06,2463.47
0,14,Linear,Logic,1.15778e+06,1.16025e+06,2463.47
0,14,down_proj,GPU,1.16025e+06,1.16271e+06,2463.47
0,14,Linear,Logic,1.16025e+06,1.16271e+06,2463.47
0,14,expert_FFN_1,GPU,1.16271e+06,1.16931e+06,6599.48
0,14,gate_proj,GPU,1.16271e+06,1.16491e+06,2196.62
0,14,Linear,Logic,1.16271e+06,1.16491e+06,2196.62
0,14,activation,Logic,1.16491e+06,1.16492e+06,9.62291
0,14,up_proj,GPU,1.16492e+06,1.16711e+06,2196.62
0,14,Linear,Logic,1.16492e+06,1.16711e+06,2196.62
0,14,down_proj,GPU,1.16711e+06,1.16931e+06,2196.62
0,14,Linear,Logic,1.16711e+06,1.16931e+06,2196.62
0,14,expert_FFN_2,GPU,1.16931e+06,1.17591e+06,6599.48
0,14,gate_proj,GPU,1.16931e+06,1.17151e+06,2196.62
0,14,Linear,Logic,1.16931e+06,1.17151e+06,2196.62
0,14,activation,Logic,1.17151e+06,1.17152e+06,9.62291
0,14,up_proj,GPU,1.17152e+06,1.17371e+06,2196.62
0,14,Linear,Logic,1.17152e+06,1.17371e+06,2196.62
0,14,down_proj,GPU,1.17371e+06,1.17591e+06,2196.62
0,14,Linear,Logic,1.17371e+06,1.17591e+06,2196.62
0,14,expert_FFN_3,GPU,1.17591e+06,1.18251e+06,6604.53
0,14,gate_proj,GPU,1.17591e+06,1.17811e+06,2197.77
0,14,Linear,Logic,1.17591e+06,1.17811e+06,2197.77
0,14,activation,Logic,1.17811e+06,1.17812e+06,11.2267
0,14,up_proj,GPU,1.17812e+06,1.18032e+06,2197.77
0,14,Linear,Logic,1.17812e+06,1.18032e+06,2197.77
0,14,down_proj,GPU,1.18032e+06,1.18251e+06,2197.77
0,14,Linear,Logic,1.18032e+06,1.18251e+06,2197.77
0,14,expert_FFN_4,GPU,1.18251e+06,1.18911e+06,6599.48
0,14,gate_proj,GPU,1.18251e+06,1.18471e+06,2196.62
0,14,Linear,Logic,1.18251e+06,1.18471e+06,2196.62
0,14,activation,Logic,1.18471e+06,1.18472e+06,9.62291
0,14,up_proj,GPU,1.18472e+06,1.18692e+06,2196.62
0,14,Linear,Logic,1.18472e+06,1.18692e+06,2196.62
0,14,down_proj,GPU,1.18692e+06,1.18911e+06,2196.62
0,14,Linear,Logic,1.18692e+06,1.18911e+06,2196.62
0,14,expert_FFN_5,GPU,1.18911e+06,1.19652e+06,7404.83
0,14,gate_proj,GPU,1.18911e+06,1.19158e+06,2463.47
0,14,Linear,Logic,1.18911e+06,1.19158e+06,2463.47
0,14,activation,Logic,1.19158e+06,1.19159e+06,14.4344
0,14,up_proj,GPU,1.19159e+06,1.19405e+06,2463.47
0,14,Linear,Logic,1.19159e+06,1.19405e+06,2463.47
0,14,down_proj,GPU,1.19405e+06,1.19652e+06,2463.47
0,14,Linear,Logic,1.19405e+06,1.19652e+06,2463.47
0,14,expert_FFN_6,GPU,1.1553e+06,1.1818e+06,26498.7
0,14,gate_proj,GPU,1.1553e+06,1.16411e+06,8809.39
0,14,Linear,GPU,1.1553e+06,1.16411e+06,8809.39
0,14,activation,GPU,1.16411e+06,1.16418e+06,70.568
0,14,up_proj,GPU,1.16418e+06,1.17299e+06,8809.39
0,14,Linear,GPU,1.16418e+06,1.17299e+06,8809.39
0,14,down_proj,GPU,1.17299e+06,1.1818e+06,8809.39
0,14,Linear,GPU,1.17299e+06,1.1818e+06,8809.39
0,14,expert_FFN_7,GPU,1.1818e+06,1.20828e+06,26478.6
0,14,gate_proj,GPU,1.1818e+06,1.19061e+06,8804.81
0,14,Linear,GPU,1.1818e+06,1.19061e+06,8804.81
0,14,activation,GPU,1.19061e+06,1.19067e+06,64.1527
0,14,up_proj,GPU,1.19067e+06,1.19948e+06,8804.81
0,14,Linear,GPU,1.19067e+06,1.19948e+06,8804.81
0,14,down_proj,GPU,1.19948e+06,1.20828e+06,8804.81
0,14,Linear,GPU,1.19948e+06,1.20828e+06,8804.81
0,14,sync_2,GPU,1.20828e+06,1.20828e+06,0
0,14,sync__set,GPU,1.20828e+06,1.20828e+06,0
0,14,sync__,GPU,1.20828e+06,1.20828e+06,0
0,14,moe_all_reduce_for_e_tp,GPU,1.20828e+06,1.21352e+06,5236.91
0,14,sync_3,GPU,1.21352e+06,1.21352e+06,0
0,14,sync__set,GPU,1.21352e+06,1.21352e+06,0
0,14,sync__,GPU,1.21352e+06,1.21352e+06,0
0,14,moe_gather,GPU,1.21352e+06,1.21352e+06,0
0,14,sync_for_moe_gather,GPU,1.21352e+06,1.21352e+06,0
0,14,sync__set,GPU,1.21352e+06,1.21352e+06,0
0,14,sync__,GPU,1.21352e+06,1.21352e+06,0
0,14,moe_all_reduce_for_gather,GPU,1.21352e+06,1.21876e+06,5236.91
0,14,sync_5,GPU,1.21876e+06,1.21876e+06,0
0,14,sync__set,GPU,1.21876e+06,1.21876e+06,0
0,14,sync__,GPU,1.21876e+06,1.21876e+06,0
0,14,sync_6,GPU,1.21876e+06,1.21876e+06,0
0,14,sync__set,GPU,1.21876e+06,1.21876e+06,0
0,14,sync__,GPU,1.21876e+06,1.21876e+06,0
0,14,residual_2,GPU,1.21876e+06,1.21891e+06,158.854
0,15,MoE_decoder_15,GPU,1.21891e+06,1.30473e+06,85815.9
0,15,input_layer_norm,GPU,1.21891e+06,1.21907e+06,158.854
0,15,attention,GPU,1.21907e+06,1.23601e+06,16935.9
0,15,attn_qkv_proj,GPU,1.21907e+06,1.22293e+06,3861.38
0,15,Linear,GPU,1.21907e+06,1.22293e+06,3861.38
0,15,self_attention,GPU,1.22293e+06,1.22817e+06,5237.31
0,15,AttentionSplit,GPU,1.22293e+06,1.22293e+06,0
0,15,AttentionSum,GPU,1.22293e+06,1.22293e+06,0
0,15,AttentionGen,Logic,1.22293e+06,1.22817e+06,5237.31
0,15,AttentionMerge,GPU,1.22817e+06,1.22817e+06,0
0,15,attn_o_proj,GPU,1.22817e+06,1.23077e+06,2600.32
0,15,Linear,GPU,1.22817e+06,1.23077e+06,2600.32
0,15,all_reduce,GPU,1.23077e+06,1.23601e+06,5236.91
0,15,residual_1,GPU,1.23601e+06,1.23617e+06,158.854
0,15,post_attn_layer_norm,GPU,1.23617e+06,1.23633e+06,158.854
0,15,expertFFN,GPU,1.23633e+06,1.30457e+06,68244.6
0,15,sync_0,GPU,1.23633e+06,1.23633e+06,0
0,15,sync__set,GPU,1.23633e+06,1.23633e+06,0
0,15,sync__,GPU,1.23633e+06,1.23633e+06,0
0,15,gate_fn,GPU,1.23633e+06,1.23642e+06,97.9093
0,15,Linear,GPU,1.23633e+06,1.23642e+06,97.9093
0,15,gate_update,GPU,1.23642e+06,1.23642e+06,0
0,15,moe_scatter,GPU,1.23642e+06,1.23642e+06,0
0,15,sync_for_moe_scatter,GPU,1.23642e+06,1.23642e+06,0
0,15,sync__set,GPU,1.23642e+06,1.23642e+06,0
0,15,sync__,GPU,1.23642e+06,1.23642e+06,0
0,15,moe_route,GPU,1.23642e+06,1.23642e+06,0
0,15,expert_FFN_0,GPU,1.23642e+06,1.24465e+06,8227.59
0,15,gate_proj,GPU,1.23642e+06,1.23916e+06,2737.18
0,15,Linear,Logic,1.23642e+06,1.23916e+06,2737.18
0,15,activation,Logic,1.23916e+06,1.23918e+06,16.0382
0,15,up_proj,GPU,1.23918e+06,1.24192e+06,2737.18
0,15,Linear,Logic,1.23918e+06,1.24192e+06,2737.18
0,15,down_proj,GPU,1.24192e+06,1.24465e+06,2737.18
0,15,Linear,Logic,1.24192e+06,1.24465e+06,2737.18
0,15,expert_FFN_1,GPU,1.24465e+06,1.25125e+06,6594.44
0,15,gate_proj,GPU,1.24465e+06,1.24685e+06,2195.47
0,15,Linear,Logic,1.24465e+06,1.24685e+06,2195.47
0,15,activation,Logic,1.24685e+06,1.24686e+06,8.01909
0,15,up_proj,GPU,1.24686e+06,1.24905e+06,2195.47
0,15,Linear,Logic,1.24686e+06,1.24905e+06,2195.47
0,15,down_proj,GPU,1.24905e+06,1.25125e+06,2195.47
0,15,Linear,Logic,1.24905e+06,1.25125e+06,2195.47
0,15,expert_FFN_2,GPU,1.25125e+06,1.25865e+06,7404.83
0,15,gate_proj,GPU,1.25125e+06,1.25371e+06,2463.47
0,15,Linear,Logic,1.25125e+06,1.25371e+06,2463.47
0,15,activation,Logic,1.25371e+06,1.25372e+06,14.4344
0,15,up_proj,GPU,1.25372e+06,1.25619e+06,2463.47
0,15,Linear,Logic,1.25372e+06,1.25619e+06,2463.47
0,15,down_proj,GPU,1.25619e+06,1.25865e+06,2463.47
0,15,Linear,Logic,1.25619e+06,1.25865e+06,2463.47
0,15,expert_FFN_3,GPU,1.25865e+06,1.26606e+06,7404.83
0,15,gate_proj,GPU,1.25865e+06,1.26112e+06,2463.47
0,15,Linear,Logic,1.25865e+06,1.26112e+06,2463.47
0,15,activation,Logic,1.26112e+06,1.26113e+06,14.4344
0,15,up_proj,GPU,1.26113e+06,1.26359e+06,2463.47
0,15,Linear,Logic,1.26113e+06,1.26359e+06,2463.47
0,15,down_proj,GPU,1.26359e+06,1.26606e+06,2463.47
0,15,Linear,Logic,1.26359e+06,1.26606e+06,2463.47
0,15,expert_FFN_4,GPU,1.26606e+06,1.27266e+06,6604.53
0,15,gate_proj,GPU,1.26606e+06,1.26825e+06,2197.77
0,15,Linear,Logic,1.26606e+06,1.26825e+06,2197.77
0,15,activation,Logic,1.26825e+06,1.26827e+06,11.2267
0,15,up_proj,GPU,1.26827e+06,1.27046e+06,2197.77
0,15,Linear,Logic,1.26827e+06,1.27046e+06,2197.77
0,15,down_proj,GPU,1.27046e+06,1.27266e+06,2197.77
0,15,Linear,Logic,1.27046e+06,1.27266e+06,2197.77
0,15,expert_FFN_5,GPU,1.27266e+06,1.28089e+06,8227.59
0,15,gate_proj,GPU,1.27266e+06,1.2754e+06,2737.18
0,15,Linear,Logic,1.27266e+06,1.2754e+06,2737.18
0,15,activation,Logic,1.2754e+06,1.27541e+06,16.0382
0,15,up_proj,GPU,1.27541e+06,1.27815e+06,2737.18
0,15,Linear,Logic,1.27541e+06,1.27815e+06,2737.18
0,15,down_proj,GPU,1.27815e+06,1.28089e+06,2737.18
0,15,Linear,Logic,1.27815e+06,1.28089e+06,2737.18
0,15,expert_FFN_6,GPU,1.28089e+06,1.28749e+06,6599.48
0,15,gate_proj,GPU,1.28089e+06,1.28309e+06,2196.62
0,15,Linear,Logic,1.28089e+06,1.28309e+06,2196.62
0,15,activation,Logic,1.28309e+06,1.2831e+06,9.62291
0,15,up_proj,GPU,1.2831e+06,1.28529e+06,2196.62
0,15,Linear,Logic,1.2831e+06,1.28529e+06,2196.62
0,15,down_proj,GPU,1.28529e+06,1.28749e+06,2196.62
0,15,Linear,Logic,1.28529e+06,1.28749e+06,2196.62
0,15,expert_FFN_7,GPU,1.28749e+06,1.2941e+06,6609.57
0,15,gate_proj,GPU,1.28749e+06,1.28969e+06,2198.91
0,15,Linear,Logic,1.28749e+06,1.28969e+06,2198.91
0,15,activation,Logic,1.28969e+06,1.2897e+06,12.8305
0,15,up_proj,GPU,1.2897e+06,1.2919e+06,2198.91
0,15,Linear,Logic,1.2897e+06,1.2919e+06,2198.91
0,15,down_proj,GPU,1.2919e+06,1.2941e+06,2198.91
0,15,Linear,Logic,1.2919e+06,1.2941e+06,2198.91
0,15,sync_2,GPU,1.2941e+06,1.2941e+06,0
0,15,sync__set,GPU,1.2941e+06,1.2941e+06,0
0,15,sync__,GPU,1.2941e+06,1.2941e+06,0
0,15,moe_all_reduce_for_e_tp,GPU,1.2941e+06,1.29933e+06,5236.91
0,15,sync_3,GPU,1.29933e+06,1.29933e+06,0
0,15,sync__set,GPU,1.29933e+06,1.29933e+06,0
0,15,sync__,GPU,1.29933e+06,1.29933e+06,0
0,15,moe_gather,GPU,1.29933e+06,1.29933e+06,0
0,15,sync_for_moe_gather,GPU,1.29933e+06,1.29933e+06,0
0,15,sync__set,GPU,1.29933e+06,1.29933e+06,0
0,15,sync__,GPU,1.29933e+06,1.29933e+06,0
0,15,moe_all_reduce_for_gather,GPU,1.29933e+06,1.30457e+06,5236.91
0,15,sync_5,GPU,1.30457e+06,1.30457e+06,0
0,15,sync__set,GPU,1.30457e+06,1.30457e+06,0
0,15,sync__,GPU,1.30457e+06,1.30457e+06,0
0,15,sync_6,GPU,1.30457e+06,1.30457e+06,0
0,15,sync__set,GPU,1.30457e+06,1.30457e+06,0
0,15,sync__,GPU,1.30457e+06,1.30457e+06,0
0,15,residual_2,GPU,1.30457e+06,1.30473e+06,158.854
0,16,MoE_decoder_16,GPU,1.30473e+06,1.39057e+06,85843.4
0,16,input_layer_norm,GPU,1.30473e+06,1.30489e+06,158.854
0,16,attention,GPU,1.30489e+06,1.32183e+06,16935.9
0,16,attn_qkv_proj,GPU,1.30489e+06,1.30875e+06,3861.38
0,16,Linear,GPU,1.30489e+06,1.30875e+06,3861.38
0,16,self_attention,GPU,1.30875e+06,1.31399e+06,5237.31
0,16,AttentionSplit,GPU,1.30875e+06,1.30875e+06,0
0,16,AttentionSum,GPU,1.30875e+06,1.30875e+06,0
0,16,AttentionGen,Logic,1.30875e+06,1.31399e+06,5237.31
0,16,AttentionMerge,GPU,1.31399e+06,1.31399e+06,0
0,16,attn_o_proj,GPU,1.31399e+06,1.31659e+06,2600.32
0,16,Linear,GPU,1.31399e+06,1.31659e+06,2600.32
0,16,all_reduce,GPU,1.31659e+06,1.32183e+06,5236.91
0,16,residual_1,GPU,1.32183e+06,1.32198e+06,158.854
0,16,post_attn_layer_norm,GPU,1.32198e+06,1.32214e+06,158.854
0,16,expertFFN,GPU,1.32214e+06,1.39042e+06,68272.1
0,16,sync_0,GPU,1.32214e+06,1.32214e+06,0
0,16,sync__set,GPU,1.32214e+06,1.32214e+06,0
0,16,sync__,GPU,1.32214e+06,1.32214e+06,0
0,16,gate_fn,GPU,1.32214e+06,1.32224e+06,97.9093
0,16,Linear,GPU,1.32214e+06,1.32224e+06,97.9093
0,16,gate_update,GPU,1.32224e+06,1.32224e+06,0
0,16,moe_scatter,GPU,1.32224e+06,1.32224e+06,0
0,16,sync_for_moe_scatter,GPU,1.32224e+06,1.32224e+06,0
0,16,sync__set,GPU,1.32224e+06,1.32224e+06,0
0,16,sync__,GPU,1.32224e+06,1.32224e+06,0
0,16,moe_route,GPU,1.32224e+06,1.32224e+06,0
0,16,expert_FFN_0,GPU,1.32224e+06,1.33047e+06,8227.59
0,16,gate_proj,GPU,1.32224e+06,1.32498e+06,2737.18
0,16,Linear,Logic,1.32224e+06,1.32498e+06,2737.18
0,16,activation,Logic,1.32498e+06,1.32499e+06,16.0382
0,16,up_proj,GPU,1.32499e+06,1.32773e+06,2737.18
0,16,Linear,Logic,1.32499e+06,1.32773e+06,2737.18
0,16,down_proj,GPU,1.32773e+06,1.33047e+06,2737.18
0,16,Linear,Logic,1.32773e+06,1.33047e+06,2737.18
0,16,expert_FFN_1,GPU,1.33047e+06,1.33707e+06,6604.53
0,16,gate_proj,GPU,1.33047e+06,1.33267e+06,2197.77
0,16,Linear,Logic,1.33047e+06,1.33267e+06,2197.77
0,16,activation,Logic,1.33267e+06,1.33268e+06,11.2267
0,16,up_proj,GPU,1.33268e+06,1.33488e+06,2197.77
0,16,Linear,Logic,1.33268e+06,1.33488e+06,2197.77
0,16,down_proj,GPU,1.33488e+06,1.33707e+06,2197.77
0,16,Linear,Logic,1.33488e+06,1.33707e+06,2197.77
0,16,expert_FFN_2,GPU,1.33707e+06,1.34368e+06,6604.53
0,16,gate_proj,GPU,1.33707e+06,1.33927e+06,2197.77
0,16,Linear,Logic,1.33707e+06,1.33927e+06,2197.77
0,16,activation,Logic,1.33927e+06,1.33928e+06,11.2267
0,16,up_proj,GPU,1.33928e+06,1.34148e+06,2197.77
0,16,Linear,Logic,1.33928e+06,1.34148e+06,2197.77
0,16,down_proj,GPU,1.34148e+06,1.34368e+06,2197.77
0,16,Linear,Logic,1.34148e+06,1.34368e+06,2197.77
0,16,expert_FFN_3,GPU,1.34368e+06,1.35028e+06,6604.53
0,16,gate_proj,GPU,1.34368e+06,1.34588e+06,2197.77
0,16,Linear,Logic,1.34368e+06,1.34588e+06,2197.77
0,16,activation,Logic,1.34588e+06,1.34589e+06,11.2267
0,16,up_proj,GPU,1.34589e+06,1.34808e+06,2197.77
0,16,Linear,Logic,1.34589e+06,1.34808e+06,2197.77
0,16,down_proj,GPU,1.34808e+06,1.35028e+06,2197.77
0,16,Linear,Logic,1.34808e+06,1.35028e+06,2197.77
0,16,expert_FFN_4,GPU,1.35028e+06,1.35851e+06,8227.59
0,16,gate_proj,GPU,1.35028e+06,1.35302e+06,2737.18
0,16,Linear,Logic,1.35028e+06,1.35302e+06,2737.18
0,16,activation,Logic,1.35302e+06,1.35304e+06,16.0382
0,16,up_proj,GPU,1.35304e+06,1.35577e+06,2737.18
0,16,Linear,Logic,1.35304e+06,1.35577e+06,2737.18
0,16,down_proj,GPU,1.35577e+06,1.35851e+06,2737.18
0,16,Linear,Logic,1.35577e+06,1.35851e+06,2737.18
0,16,expert_FFN_5,GPU,1.35851e+06,1.36511e+06,6604.53
0,16,gate_proj,GPU,1.35851e+06,1.36071e+06,2197.77
0,16,Linear,Logic,1.35851e+06,1.36071e+06,2197.77
0,16,activation,Logic,1.36071e+06,1.36072e+06,11.2267
0,16,up_proj,GPU,1.36072e+06,1.36292e+06,2197.77
0,16,Linear,Logic,1.36072e+06,1.36292e+06,2197.77
0,16,down_proj,GPU,1.36292e+06,1.36511e+06,2197.77
0,16,Linear,Logic,1.36292e+06,1.36511e+06,2197.77
0,16,expert_FFN_6,GPU,1.36511e+06,1.37334e+06,8227.59
0,16,gate_proj,GPU,1.36511e+06,1.36785e+06,2737.18
0,16,Linear,Logic,1.36511e+06,1.36785e+06,2737.18
0,16,activation,Logic,1.36785e+06,1.36787e+06,16.0382
0,16,up_proj,GPU,1.36787e+06,1.3706e+06,2737.18
0,16,Linear,Logic,1.36787e+06,1.3706e+06,2737.18
0,16,down_proj,GPU,1.3706e+06,1.37334e+06,2737.18
0,16,Linear,Logic,1.3706e+06,1.37334e+06,2737.18
0,16,expert_FFN_7,GPU,1.37334e+06,1.37994e+06,6599.48
0,16,gate_proj,GPU,1.37334e+06,1.37554e+06,2196.62
0,16,Linear,Logic,1.37334e+06,1.37554e+06,2196.62
0,16,activation,Logic,1.37554e+06,1.37555e+06,9.62291
0,16,up_proj,GPU,1.37555e+06,1.37774e+06,2196.62
0,16,Linear,Logic,1.37555e+06,1.37774e+06,2196.62
0,16,down_proj,GPU,1.37774e+06,1.37994e+06,2196.62
0,16,Linear,Logic,1.37774e+06,1.37994e+06,2196.62
0,16,sync_2,GPU,1.37994e+06,1.37994e+06,0
0,16,sync__set,GPU,1.37994e+06,1.37994e+06,0
0,16,sync__,GPU,1.37994e+06,1.37994e+06,0
0,16,moe_all_reduce_for_e_tp,GPU,1.37994e+06,1.38518e+06,5236.91
0,16,sync_3,GPU,1.38518e+06,1.38518e+06,0
0,16,sync__set,GPU,1.38518e+06,1.38518e+06,0
0,16,sync__,GPU,1.38518e+06,1.38518e+06,0
0,16,moe_gather,GPU,1.38518e+06,1.38518e+06,0
0,16,sync_for_moe_gather,GPU,1.38518e+06,1.38518e+06,0
0,16,sync__set,GPU,1.38518e+06,1.38518e+06,0
0,16,sync__,GPU,1.38518e+06,1.38518e+06,0
0,16,moe_all_reduce_for_gather,GPU,1.38518e+06,1.39042e+06,5236.91
0,16,sync_5,GPU,1.39042e+06,1.39042e+06,0
0,16,sync__set,GPU,1.39042e+06,1.39042e+06,0
0,16,sync__,GPU,1.39042e+06,1.39042e+06,0
0,16,sync_6,GPU,1.39042e+06,1.39042e+06,0
0,16,sync__set,GPU,1.39042e+06,1.39042e+06,0
0,16,sync__,GPU,1.39042e+06,1.39042e+06,0
0,16,residual_2,GPU,1.39042e+06,1.39057e+06,158.854
0,17,MoE_decoder_17,GPU,1.39057e+06,1.47169e+06,81120.4
0,17,input_layer_norm,GPU,1.39057e+06,1.39073e+06,158.854
0,17,attention,GPU,1.39073e+06,1.40767e+06,16935.9
0,17,attn_qkv_proj,GPU,1.39073e+06,1.39459e+06,3861.38
0,17,Linear,GPU,1.39073e+06,1.39459e+06,3861.38
0,17,self_attention,GPU,1.39459e+06,1.39983e+06,5237.31
0,17,AttentionSplit,GPU,1.39459e+06,1.39459e+06,0
0,17,AttentionSum,GPU,1.39459e+06,1.39459e+06,0
0,17,AttentionGen,Logic,1.39459e+06,1.39983e+06,5237.31
0,17,AttentionMerge,GPU,1.39983e+06,1.39983e+06,0
0,17,attn_o_proj,GPU,1.39983e+06,1.40243e+06,2600.32
0,17,Linear,GPU,1.39983e+06,1.40243e+06,2600.32
0,17,all_reduce,GPU,1.40243e+06,1.40767e+06,5236.91
0,17,residual_1,GPU,1.40767e+06,1.40783e+06,158.854
0,17,post_attn_layer_norm,GPU,1.40783e+06,1.40799e+06,158.854
0,17,expertFFN,GPU,1.40799e+06,1.47154e+06,63549.1
0,17,sync_0,GPU,1.40799e+06,1.40799e+06,0
0,17,sync__set,GPU,1.40799e+06,1.40799e+06,0
0,17,sync__,GPU,1.40799e+06,1.40799e+06,0
0,17,gate_fn,GPU,1.40799e+06,1.40808e+06,97.9093
0,17,Linear,GPU,1.40799e+06,1.40808e+06,97.9093
0,17,gate_update,GPU,1.40808e+06,1.40808e+06,0
0,17,moe_scatter,GPU,1.40808e+06,1.40808e+06,0
0,17,sync_for_moe_scatter,GPU,1.40808e+06,1.40808e+06,0
0,17,sync__set,GPU,1.40808e+06,1.40808e+06,0
0,17,sync__,GPU,1.40808e+06,1.40808e+06,0
0,17,moe_route,GPU,1.40808e+06,1.40808e+06,0
0,17,expert_FFN_0,GPU,1.40808e+06,1.41469e+06,6609.57
0,17,gate_proj,GPU,1.40808e+06,1.41028e+06,2198.91
0,17,Linear,Logic,1.40808e+06,1.41028e+06,2198.91
0,17,activation,Logic,1.41028e+06,1.4103e+06,12.8305
0,17,up_proj,GPU,1.4103e+06,1.41249e+06,2198.91
0,17,Linear,Logic,1.4103e+06,1.41249e+06,2198.91
0,17,down_proj,GPU,1.41249e+06,1.41469e+06,2198.91
0,17,Linear,Logic,1.41249e+06,1.41469e+06,2198.91
0,17,expert_FFN_1,GPU,1.41469e+06,1.4221e+06,7404.83
0,17,gate_proj,GPU,1.41469e+06,1.41716e+06,2463.47
0,17,Linear,Logic,1.41469e+06,1.41716e+06,2463.47
0,17,activation,Logic,1.41716e+06,1.41717e+06,14.4344
0,17,up_proj,GPU,1.41717e+06,1.41964e+06,2463.47
0,17,Linear,Logic,1.41717e+06,1.41964e+06,2463.47
0,17,down_proj,GPU,1.41964e+06,1.4221e+06,2463.47
0,17,Linear,Logic,1.41964e+06,1.4221e+06,2463.47
0,17,expert_FFN_2,GPU,1.4221e+06,1.43197e+06,9873.11
0,17,gate_proj,GPU,1.4221e+06,1.42538e+06,3284.62
0,17,Linear,Logic,1.4221e+06,1.42538e+06,3284.62
0,17,activation,Logic,1.42538e+06,1.4254e+06,19.2458
0,17,up_proj,GPU,1.4254e+06,1.42869e+06,3284.62
0,17,Linear,Logic,1.4254e+06,1.42869e+06,3284.62
0,17,down_proj,GPU,1.42869e+06,1.43197e+06,3284.62
0,17,Linear,Logic,1.42869e+06,1.43197e+06,3284.62
0,17,expert_FFN_3,GPU,1.43197e+06,1.43855e+06,6579.32
0,17,gate_proj,GPU,1.43197e+06,1.43416e+06,2192.04
0,17,Linear,Logic,1.43197e+06,1.43416e+06,2192.04
0,17,activation,Logic,1.43416e+06,1.43417e+06,3.20764
0,17,up_proj,GPU,1.43417e+06,1.43636e+06,2192.04
0,17,Linear,Logic,1.43417e+06,1.43636e+06,2192.04
0,17,down_proj,GPU,1.43636e+06,1.43855e+06,2192.04
0,17,Linear,Logic,1.43636e+06,1.43855e+06,2192.04
0,17,expert_FFN_4,GPU,1.40808e+06,1.4346e+06,26518.9
0,17,gate_proj,GPU,1.40808e+06,1.4169e+06,8813.98
0,17,Linear,GPU,1.40808e+06,1.4169e+06,8813.98
0,17,activation,GPU,1.4169e+06,1.41698e+06,76.9833
0,17,up_proj,GPU,1.41698e+06,1.42579e+06,8813.98
0,17,Linear,GPU,1.41698e+06,1.42579e+06,8813.98
0,17,down_proj,GPU,1.42579e+06,1.4346e+06,8813.98
0,17,Linear,GPU,1.42579e+06,1.4346e+06,8813.98
0,17,expert_FFN_5,GPU,1.4346e+06,1.46106e+06,26458.4
0,17,gate_proj,GPU,1.4346e+06,1.4434e+06,8800.23
0,17,Linear,GPU,1.4346e+06,1.4434e+06,8800.23
0,17,activation,GPU,1.4434e+06,1.44346e+06,57.7375
0,17,up_proj,GPU,1.44346e+06,1.45226e+06,8800.23
0,17,Linear,GPU,1.44346e+06,1.45226e+06,8800.23
0,17,down_proj,GPU,1.45226e+06,1.46106e+06,8800.23
0,17,Linear,GPU,1.45226e+06,1.46106e+06,8800.23
0,17,expert_FFN_6,GPU,1.43855e+06,1.44514e+06,6589.4
0,17,gate_proj,GPU,1.43855e+06,1.44075e+06,2194.33
0,17,Linear,Logic,1.43855e+06,1.44075e+06,2194.33
0,17,activation,Logic,1.44075e+06,1.44075e+06,6.41527
0,17,up_proj,GPU,1.44075e+06,1.44295e+06,2194.33
0,17,Linear,Logic,1.44075e+06,1.44295e+06,2194.33
0,17,down_proj,GPU,1.44295e+06,1.44514e+06,2194.33
0,17,Linear,Logic,1.44295e+06,1.44514e+06,2194.33
0,17,expert_FFN_7,GPU,1.44514e+06,1.45175e+06,6609.57
0,17,gate_proj,GPU,1.44514e+06,1.44734e+06,2198.91
0,17,Linear,Logic,1.44514e+06,1.44734e+06,2198.91
0,17,activation,Logic,1.44734e+06,1.44735e+06,12.8305
0,17,up_proj,GPU,1.44735e+06,1.44955e+06,2198.91
0,17,Linear,Logic,1.44735e+06,1.44955e+06,2198.91
0,17,down_proj,GPU,1.44955e+06,1.45175e+06,2198.91
0,17,Linear,Logic,1.44955e+06,1.45175e+06,2198.91
0,17,sync_2,GPU,1.46106e+06,1.46106e+06,0
0,17,sync__set,GPU,1.46106e+06,1.46106e+06,0
0,17,sync__,GPU,1.46106e+06,1.46106e+06,0
0,17,moe_all_reduce_for_e_tp,GPU,1.46106e+06,1.4663e+06,5236.91
0,17,sync_3,GPU,1.4663e+06,1.4663e+06,0
0,17,sync__set,GPU,1.4663e+06,1.4663e+06,0
0,17,sync__,GPU,1.4663e+06,1.4663e+06,0
0,17,moe_gather,GPU,1.4663e+06,1.4663e+06,0
0,17,sync_for_moe_gather,GPU,1.4663e+06,1.4663e+06,0
0,17,sync__set,GPU,1.4663e+06,1.4663e+06,0
0,17,sync__,GPU,1.4663e+06,1.4663e+06,0
0,17,moe_all_reduce_for_gather,GPU,1.4663e+06,1.47154e+06,5236.91
0,17,sync_5,GPU,1.47154e+06,1.47154e+06,0
0,17,sync__set,GPU,1.47154e+06,1.47154e+06,0
0,17,sync__,GPU,1.47154e+06,1.47154e+06,0
0,17,sync_6,GPU,1.47154e+06,1.47154e+06,0
0,17,sync__set,GPU,1.47154e+06,1.47154e+06,0
0,17,sync__,GPU,1.47154e+06,1.47154e+06,0
0,17,residual_2,GPU,1.47154e+06,1.47169e+06,158.854
0,18,MoE_decoder_18,GPU,1.47169e+06,1.55275e+06,81059.9
0,18,input_layer_norm,GPU,1.47169e+06,1.47185e+06,158.854
0,18,attention,GPU,1.47185e+06,1.48879e+06,16935.9
0,18,attn_qkv_proj,GPU,1.47185e+06,1.47571e+06,3861.38
0,18,Linear,GPU,1.47185e+06,1.47571e+06,3861.38
0,18,self_attention,GPU,1.47571e+06,1.48095e+06,5237.31
0,18,AttentionSplit,GPU,1.47571e+06,1.47571e+06,0
0,18,AttentionSum,GPU,1.47571e+06,1.47571e+06,0
0,18,AttentionGen,Logic,1.47571e+06,1.48095e+06,5237.31
0,18,AttentionMerge,GPU,1.48095e+06,1.48095e+06,0
0,18,attn_o_proj,GPU,1.48095e+06,1.48355e+06,2600.32
0,18,Linear,GPU,1.48095e+06,1.48355e+06,2600.32
0,18,all_reduce,GPU,1.48355e+06,1.48879e+06,5236.91
0,18,residual_1,GPU,1.48879e+06,1.48895e+06,158.854
0,18,post_attn_layer_norm,GPU,1.48895e+06,1.48911e+06,158.854
0,18,expertFFN,GPU,1.48911e+06,1.5526e+06,63488.6
0,18,sync_0,GPU,1.48911e+06,1.48911e+06,0
0,18,sync__set,GPU,1.48911e+06,1.48911e+06,0
0,18,sync__,GPU,1.48911e+06,1.48911e+06,0
0,18,gate_fn,GPU,1.48911e+06,1.4892e+06,97.9093
0,18,Linear,GPU,1.48911e+06,1.4892e+06,97.9093
0,18,gate_update,GPU,1.4892e+06,1.4892e+06,0
0,18,moe_scatter,GPU,1.4892e+06,1.4892e+06,0
0,18,sync_for_moe_scatter,GPU,1.4892e+06,1.4892e+06,0
0,18,sync__set,GPU,1.4892e+06,1.4892e+06,0
0,18,sync__,GPU,1.4892e+06,1.4892e+06,0
0,18,moe_route,GPU,1.4892e+06,1.4892e+06,0
0,18,expert_FFN_0,GPU,1.4892e+06,1.51556e+06,26357.6
0,18,gate_proj,GPU,1.4892e+06,1.49798e+06,8777.32
0,18,Linear,GPU,1.4892e+06,1.49798e+06,8777.32
0,18,activation,GPU,1.49798e+06,1.49801e+06,25.6611
0,18,up_proj,GPU,1.49801e+06,1.50678e+06,8777.32
0,18,Linear,GPU,1.49801e+06,1.50678e+06,8777.32
0,18,down_proj,GPU,1.50678e+06,1.51556e+06,8777.32
0,18,Linear,GPU,1.50678e+06,1.51556e+06,8777.32
0,18,expert_FFN_1,GPU,1.51556e+06,1.54212e+06,26559.2
0,18,gate_proj,GPU,1.51556e+06,1.52439e+06,8823.14
0,18,Linear,GPU,1.51556e+06,1.52439e+06,8823.14
0,18,activation,GPU,1.52439e+06,1.52448e+06,89.8138
0,18,up_proj,GPU,1.52448e+06,1.5333e+06,8823.14
0,18,Linear,GPU,1.52448e+06,1.5333e+06,8823.14
0,18,down_proj,GPU,1.5333e+06,1.54212e+06,8823.14
0,18,Linear,GPU,1.5333e+06,1.54212e+06,8823.14
0,18,expert_FFN_2,GPU,1.4892e+06,1.49743e+06,8227.59
0,18,gate_proj,GPU,1.4892e+06,1.49194e+06,2737.18
0,18,Linear,Logic,1.4892e+06,1.49194e+06,2737.18
0,18,activation,Logic,1.49194e+06,1.49196e+06,16.0382
0,18,up_proj,GPU,1.49196e+06,1.4947e+06,2737.18
0,18,Linear,Logic,1.49196e+06,1.4947e+06,2737.18
0,18,down_proj,GPU,1.4947e+06,1.49743e+06,2737.18
0,18,Linear,Logic,1.4947e+06,1.49743e+06,2737.18
0,18,expert_FFN_3,GPU,1.49743e+06,1.50403e+06,6594.44
0,18,gate_proj,GPU,1.49743e+06,1.49963e+06,2195.47
0,18,Linear,Logic,1.49743e+06,1.49963e+06,2195.47
0,18,activation,Logic,1.49963e+06,1.49964e+06,8.01909
0,18,up_proj,GPU,1.49964e+06,1.50183e+06,2195.47
0,18,Linear,Logic,1.49964e+06,1.50183e+06,2195.47
0,18,down_proj,GPU,1.50183e+06,1.50403e+06,2195.47
0,18,Linear,Logic,1.50183e+06,1.50403e+06,2195.47
0,18,expert_FFN_4,GPU,1.50403e+06,1.51225e+06,8227.59
0,18,gate_proj,GPU,1.50403e+06,1.50676e+06,2737.18
0,18,Linear,Logic,1.50403e+06,1.50676e+06,2737.18
0,18,activation,Logic,1.50676e+06,1.50678e+06,16.0382
0,18,up_proj,GPU,1.50678e+06,1.50952e+06,2737.18
0,18,Linear,Logic,1.50678e+06,1.50952e+06,2737.18
0,18,down_proj,GPU,1.50952e+06,1.51225e+06,2737.18
0,18,Linear,Logic,1.50952e+06,1.51225e+06,2737.18
0,18,expert_FFN_5,GPU,1.51225e+06,1.51886e+06,6609.57
0,18,gate_proj,GPU,1.51225e+06,1.51445e+06,2198.91
0,18,Linear,Logic,1.51225e+06,1.51445e+06,2198.91
0,18,activation,Logic,1.51445e+06,1.51447e+06,12.8305
0,18,up_proj,GPU,1.51447e+06,1.51666e+06,2198.91
0,18,Linear,Logic,1.51447e+06,1.51666e+06,2198.91
0,18,down_proj,GPU,1.51666e+06,1.51886e+06,2198.91
0,18,Linear,Logic,1.51666e+06,1.51886e+06,2198.91
0,18,expert_FFN_6,GPU,1.51886e+06,1.52546e+06,6599.48
0,18,gate_proj,GPU,1.51886e+06,1.52106e+06,2196.62
0,18,Linear,Logic,1.51886e+06,1.52106e+06,2196.62
0,18,activation,Logic,1.52106e+06,1.52107e+06,9.62291
0,18,up_proj,GPU,1.52107e+06,1.52327e+06,2196.62
0,18,Linear,Logic,1.52107e+06,1.52327e+06,2196.62
0,18,down_proj,GPU,1.52327e+06,1.52546e+06,2196.62
0,18,Linear,Logic,1.52327e+06,1.52546e+06,2196.62
0,18,expert_FFN_7,GPU,1.52546e+06,1.53207e+06,6604.53
0,18,gate_proj,GPU,1.52546e+06,1.52766e+06,2197.77
0,18,Linear,Logic,1.52546e+06,1.52766e+06,2197.77
0,18,activation,Logic,1.52766e+06,1.52767e+06,11.2267
0,18,up_proj,GPU,1.52767e+06,1.52987e+06,2197.77
0,18,Linear,Logic,1.52767e+06,1.52987e+06,2197.77
0,18,down_proj,GPU,1.52987e+06,1.53207e+06,2197.77
0,18,Linear,Logic,1.52987e+06,1.53207e+06,2197.77
0,18,sync_2,GPU,1.54212e+06,1.54212e+06,0
0,18,sync__set,GPU,1.54212e+06,1.54212e+06,0
0,18,sync__,GPU,1.54212e+06,1.54212e+06,0
0,18,moe_all_reduce_for_e_tp,GPU,1.54212e+06,1.54736e+06,5236.91
0,18,sync_3,GPU,1.54736e+06,1.54736e+06,0
0,18,sync__set,GPU,1.54736e+06,1.54736e+06,0
0,18,sync__,GPU,1.54736e+06,1.54736e+06,0
0,18,moe_gather,GPU,1.54736e+06,1.54736e+06,0
0,18,sync_for_moe_gather,GPU,1.54736e+06,1.54736e+06,0
0,18,sync__set,GPU,1.54736e+06,1.54736e+06,0
0,18,sync__,GPU,1.54736e+06,1.54736e+06,0
0,18,moe_all_reduce_for_gather,GPU,1.54736e+06,1.5526e+06,5236.91
0,18,sync_5,GPU,1.5526e+06,1.5526e+06,0
0,18,sync__set,GPU,1.5526e+06,1.5526e+06,0
0,18,sync__,GPU,1.5526e+06,1.5526e+06,0
0,18,sync_6,GPU,1.5526e+06,1.5526e+06,0
0,18,sync__set,GPU,1.5526e+06,1.5526e+06,0
0,18,sync__,GPU,1.5526e+06,1.5526e+06,0
0,18,residual_2,GPU,1.5526e+06,1.55275e+06,158.854
0,19,MoE_decoder_19,GPU,1.55275e+06,1.63385e+06,81100.2
0,19,input_layer_norm,GPU,1.55275e+06,1.55291e+06,158.854
0,19,attention,GPU,1.55291e+06,1.56985e+06,16935.9
0,19,attn_qkv_proj,GPU,1.55291e+06,1.55677e+06,3861.38
0,19,Linear,GPU,1.55291e+06,1.55677e+06,3861.38
0,19,self_attention,GPU,1.55677e+06,1.56201e+06,5237.31
0,19,AttentionSplit,GPU,1.55677e+06,1.55677e+06,0
0,19,AttentionSum,GPU,1.55677e+06,1.55677e+06,0
0,19,AttentionGen,Logic,1.55677e+06,1.56201e+06,5237.31
0,19,AttentionMerge,GPU,1.56201e+06,1.56201e+06,0
0,19,attn_o_proj,GPU,1.56201e+06,1.56461e+06,2600.32
0,19,Linear,GPU,1.56201e+06,1.56461e+06,2600.32
0,19,all_reduce,GPU,1.56461e+06,1.56985e+06,5236.91
0,19,residual_1,GPU,1.56985e+06,1.57001e+06,158.854
0,19,post_attn_layer_norm,GPU,1.57001e+06,1.57017e+06,158.854
0,19,expertFFN,GPU,1.57017e+06,1.6337e+06,63528.9
0,19,sync_0,GPU,1.57017e+06,1.57017e+06,0
0,19,sync__set,GPU,1.57017e+06,1.57017e+06,0
0,19,sync__,GPU,1.57017e+06,1.57017e+06,0
0,19,gate_fn,GPU,1.57017e+06,1.57026e+06,97.9093
0,19,Linear,GPU,1.57017e+06,1.57026e+06,97.9093
0,19,gate_update,GPU,1.57026e+06,1.57026e+06,0
0,19,moe_scatter,GPU,1.57026e+06,1.57026e+06,0
0,19,sync_for_moe_scatter,GPU,1.57026e+06,1.57026e+06,0
0,19,sync__set,GPU,1.57026e+06,1.57026e+06,0
0,19,sync__,GPU,1.57026e+06,1.57026e+06,0
0,19,moe_route,GPU,1.57026e+06,1.57026e+06,0
0,19,expert_FFN_0,GPU,1.57026e+06,1.57686e+06,6594.44
0,19,gate_proj,GPU,1.57026e+06,1.57246e+06,2195.47
0,19,Linear,Logic,1.57026e+06,1.57246e+06,2195.47
0,19,activation,Logic,1.57246e+06,1.57247e+06,8.01909
0,19,up_proj,GPU,1.57247e+06,1.57466e+06,2195.47
0,19,Linear,Logic,1.57247e+06,1.57466e+06,2195.47
0,19,down_proj,GPU,1.57466e+06,1.57686e+06,2195.47
0,19,Linear,Logic,1.57466e+06,1.57686e+06,2195.47
0,19,expert_FFN_1,GPU,1.57686e+06,1.58346e+06,6604.53
0,19,gate_proj,GPU,1.57686e+06,1.57906e+06,2197.77
0,19,Linear,Logic,1.57686e+06,1.57906e+06,2197.77
0,19,activation,Logic,1.57906e+06,1.57907e+06,11.2267
0,19,up_proj,GPU,1.57907e+06,1.58127e+06,2197.77
0,19,Linear,Logic,1.57907e+06,1.58127e+06,2197.77
0,19,down_proj,GPU,1.58127e+06,1.58346e+06,2197.77
0,19,Linear,Logic,1.58127e+06,1.58346e+06,2197.77
0,19,expert_FFN_2,GPU,1.58346e+06,1.59169e+06,8227.59
0,19,gate_proj,GPU,1.58346e+06,1.5862e+06,2737.18
0,19,Linear,Logic,1.58346e+06,1.5862e+06,2737.18
0,19,activation,Logic,1.5862e+06,1.58622e+06,16.0382
0,19,up_proj,GPU,1.58622e+06,1.58895e+06,2737.18
0,19,Linear,Logic,1.58622e+06,1.58895e+06,2737.18
0,19,down_proj,GPU,1.58895e+06,1.59169e+06,2737.18
0,19,Linear,Logic,1.58895e+06,1.59169e+06,2737.18
0,19,expert_FFN_3,GPU,1.59169e+06,1.59829e+06,6594.44
0,19,gate_proj,GPU,1.59169e+06,1.59389e+06,2195.47
0,19,Linear,Logic,1.59169e+06,1.59389e+06,2195.47
0,19,activation,Logic,1.59389e+06,1.59389e+06,8.01909
0,19,up_proj,GPU,1.59389e+06,1.59609e+06,2195.47
0,19,Linear,Logic,1.59389e+06,1.59609e+06,2195.47
0,19,down_proj,GPU,1.59609e+06,1.59829e+06,2195.47
0,19,Linear,Logic,1.59609e+06,1.59829e+06,2195.47
0,19,expert_FFN_4,GPU,1.57026e+06,1.5968e+06,26539.1
0,19,gate_proj,GPU,1.57026e+06,1.57908e+06,8818.56
0,19,Linear,GPU,1.57026e+06,1.57908e+06,8818.56
0,19,activation,GPU,1.57908e+06,1.57917e+06,83.3986
0,19,up_proj,GPU,1.57917e+06,1.58799e+06,8818.56
0,19,Linear,GPU,1.57917e+06,1.58799e+06,8818.56
0,19,down_proj,GPU,1.58799e+06,1.5968e+06,8818.56
0,19,Linear,GPU,1.58799e+06,1.5968e+06,8818.56
0,19,expert_FFN_5,GPU,1.5968e+06,1.62322e+06,26418.1
0,19,gate_proj,GPU,1.5968e+06,1.60559e+06,8791.06
0,19,Linear,GPU,1.5968e+06,1.60559e+06,8791.06
0,19,activation,GPU,1.60559e+06,1.60564e+06,44.9069
0,19,up_proj,GPU,1.60564e+06,1.61443e+06,8791.06
0,19,Linear,GPU,1.60564e+06,1.61443e+06,8791.06
0,19,down_proj,GPU,1.61443e+06,1.62322e+06,8791.06
0,19,Linear,GPU,1.61443e+06,1.62322e+06,8791.06
0,19,expert_FFN_6,GPU,1.59829e+06,1.6049e+06,6609.57
0,19,gate_proj,GPU,1.59829e+06,1.60048e+06,2198.91
0,19,Linear,Logic,1.59829e+06,1.60048e+06,2198.91
0,19,activation,Logic,1.60048e+06,1.6005e+06,12.8305
0,19,up_proj,GPU,1.6005e+06,1.6027e+06,2198.91
0,19,Linear,Logic,1.6005e+06,1.6027e+06,2198.91
0,19,down_proj,GPU,1.6027e+06,1.6049e+06,2198.91
0,19,Linear,Logic,1.6027e+06,1.6049e+06,2198.91
0,19,expert_FFN_7,GPU,1.6049e+06,1.6123e+06,7404.83
0,19,gate_proj,GPU,1.6049e+06,1.60736e+06,2463.47
0,19,Linear,Logic,1.6049e+06,1.60736e+06,2463.47
0,19,activation,Logic,1.60736e+06,1.60737e+06,14.4344
0,19,up_proj,GPU,1.60737e+06,1.60984e+06,2463.47
0,19,Linear,Logic,1.60737e+06,1.60984e+06,2463.47
0,19,down_proj,GPU,1.60984e+06,1.6123e+06,2463.47
0,19,Linear,Logic,1.60984e+06,1.6123e+06,2463.47
0,19,sync_2,GPU,1.62322e+06,1.62322e+06,0
0,19,sync__set,GPU,1.62322e+06,1.62322e+06,0
0,19,sync__,GPU,1.62322e+06,1.62322e+06,0
0,19,moe_all_reduce_for_e_tp,GPU,1.62322e+06,1.62846e+06,5236.91
0,19,sync_3,GPU,1.62846e+06,1.62846e+06,0
0,19,sync__set,GPU,1.62846e+06,1.62846e+06,0
0,19,sync__,GPU,1.62846e+06,1.62846e+06,0
0,19,moe_gather,GPU,1.62846e+06,1.62846e+06,0
0,19,sync_for_moe_gather,GPU,1.62846e+06,1.62846e+06,0
0,19,sync__set,GPU,1.62846e+06,1.62846e+06,0
0,19,sync__,GPU,1.62846e+06,1.62846e+06,0
0,19,moe_all_reduce_for_gather,GPU,1.62846e+06,1.6337e+06,5236.91
0,19,sync_5,GPU,1.6337e+06,1.6337e+06,0
0,19,sync__set,GPU,1.6337e+06,1.6337e+06,0
0,19,sync__,GPU,1.6337e+06,1.6337e+06,0
0,19,sync_6,GPU,1.6337e+06,1.6337e+06,0
0,19,sync__set,GPU,1.6337e+06,1.6337e+06,0
0,19,sync__,GPU,1.6337e+06,1.6337e+06,0
0,19,residual_2,GPU,1.6337e+06,1.63385e+06,158.854
0,20,MoE_decoder_20,GPU,1.63385e+06,1.72131e+06,87451.4
0,20,input_layer_norm,GPU,1.63385e+06,1.63401e+06,158.854
0,20,attention,GPU,1.63401e+06,1.65095e+06,16935.9
0,20,attn_qkv_proj,GPU,1.63401e+06,1.63787e+06,3861.38
0,20,Linear,GPU,1.63401e+06,1.63787e+06,3861.38
0,20,self_attention,GPU,1.63787e+06,1.64311e+06,5237.31
0,20,AttentionSplit,GPU,1.63787e+06,1.63787e+06,0
0,20,AttentionSum,GPU,1.63787e+06,1.63787e+06,0
0,20,AttentionGen,Logic,1.63787e+06,1.64311e+06,5237.31
0,20,AttentionMerge,GPU,1.64311e+06,1.64311e+06,0
0,20,attn_o_proj,GPU,1.64311e+06,1.64571e+06,2600.32
0,20,Linear,GPU,1.64311e+06,1.64571e+06,2600.32
0,20,all_reduce,GPU,1.64571e+06,1.65095e+06,5236.91
0,20,residual_1,GPU,1.65095e+06,1.65111e+06,158.854
0,20,post_attn_layer_norm,GPU,1.65111e+06,1.65127e+06,158.854
0,20,expertFFN,GPU,1.65127e+06,1.72115e+06,69880
0,20,sync_0,GPU,1.65127e+06,1.65127e+06,0
0,20,sync__set,GPU,1.65127e+06,1.65127e+06,0
0,20,sync__,GPU,1.65127e+06,1.65127e+06,0
0,20,gate_fn,GPU,1.65127e+06,1.65136e+06,97.9093
0,20,Linear,GPU,1.65127e+06,1.65136e+06,97.9093
0,20,gate_update,GPU,1.65136e+06,1.65136e+06,0
0,20,moe_scatter,GPU,1.65136e+06,1.65136e+06,0
0,20,sync_for_moe_scatter,GPU,1.65136e+06,1.65136e+06,0
0,20,sync__set,GPU,1.65136e+06,1.65136e+06,0
0,20,sync__,GPU,1.65136e+06,1.65136e+06,0
0,20,moe_route,GPU,1.65136e+06,1.65136e+06,0
0,20,expert_FFN_0,GPU,1.65136e+06,1.65959e+06,8227.59
0,20,gate_proj,GPU,1.65136e+06,1.6541e+06,2737.18
0,20,Linear,Logic,1.65136e+06,1.6541e+06,2737.18
0,20,activation,Logic,1.6541e+06,1.65412e+06,16.0382
0,20,up_proj,GPU,1.65412e+06,1.65686e+06,2737.18
0,20,Linear,Logic,1.65412e+06,1.65686e+06,2737.18
0,20,down_proj,GPU,1.65686e+06,1.65959e+06,2737.18
0,20,Linear,Logic,1.65686e+06,1.65959e+06,2737.18
0,20,expert_FFN_1,GPU,1.65959e+06,1.66619e+06,6599.48
0,20,gate_proj,GPU,1.65959e+06,1.66179e+06,2196.62
0,20,Linear,Logic,1.65959e+06,1.66179e+06,2196.62
0,20,activation,Logic,1.66179e+06,1.6618e+06,9.62291
0,20,up_proj,GPU,1.6618e+06,1.664e+06,2196.62
0,20,Linear,Logic,1.6618e+06,1.664e+06,2196.62
0,20,down_proj,GPU,1.664e+06,1.66619e+06,2196.62
0,20,Linear,Logic,1.664e+06,1.66619e+06,2196.62
0,20,expert_FFN_2,GPU,1.66619e+06,1.67442e+06,8227.59
0,20,gate_proj,GPU,1.66619e+06,1.66893e+06,2737.18
0,20,Linear,Logic,1.66619e+06,1.66893e+06,2737.18
0,20,activation,Logic,1.66893e+06,1.66895e+06,16.0382
0,20,up_proj,GPU,1.66895e+06,1.67168e+06,2737.18
0,20,Linear,Logic,1.66895e+06,1.67168e+06,2737.18
0,20,down_proj,GPU,1.67168e+06,1.67442e+06,2737.18
0,20,Linear,Logic,1.67168e+06,1.67442e+06,2737.18
0,20,expert_FFN_3,GPU,1.67442e+06,1.68102e+06,6599.48
0,20,gate_proj,GPU,1.67442e+06,1.67662e+06,2196.62
0,20,Linear,Logic,1.67442e+06,1.67662e+06,2196.62
0,20,activation,Logic,1.67662e+06,1.67663e+06,9.62291
0,20,up_proj,GPU,1.67663e+06,1.67882e+06,2196.62
0,20,Linear,Logic,1.67663e+06,1.67882e+06,2196.62
0,20,down_proj,GPU,1.67882e+06,1.68102e+06,2196.62
0,20,Linear,Logic,1.67882e+06,1.68102e+06,2196.62
0,20,expert_FFN_4,GPU,1.68102e+06,1.68925e+06,8227.59
0,20,gate_proj,GPU,1.68102e+06,1.68376e+06,2737.18
0,20,Linear,Logic,1.68102e+06,1.68376e+06,2737.18
0,20,activation,Logic,1.68376e+06,1.68377e+06,16.0382
0,20,up_proj,GPU,1.68377e+06,1.68651e+06,2737.18
0,20,Linear,Logic,1.68377e+06,1.68651e+06,2737.18
0,20,down_proj,GPU,1.68651e+06,1.68925e+06,2737.18
0,20,Linear,Logic,1.68651e+06,1.68925e+06,2737.18
0,20,expert_FFN_5,GPU,1.68925e+06,1.69747e+06,8227.59
0,20,gate_proj,GPU,1.68925e+06,1.69198e+06,2737.18
0,20,Linear,Logic,1.68925e+06,1.69198e+06,2737.18
0,20,activation,Logic,1.69198e+06,1.692e+06,16.0382
0,20,up_proj,GPU,1.692e+06,1.69474e+06,2737.18
0,20,Linear,Logic,1.692e+06,1.69474e+06,2737.18
0,20,down_proj,GPU,1.69474e+06,1.69747e+06,2737.18
0,20,Linear,Logic,1.69474e+06,1.69747e+06,2737.18
0,20,expert_FFN_6,GPU,1.69747e+06,1.70408e+06,6604.53
0,20,gate_proj,GPU,1.69747e+06,1.69967e+06,2197.77
0,20,Linear,Logic,1.69747e+06,1.69967e+06,2197.77
0,20,activation,Logic,1.69967e+06,1.69968e+06,11.2267
0,20,up_proj,GPU,1.69968e+06,1.70188e+06,2197.77
0,20,Linear,Logic,1.69968e+06,1.70188e+06,2197.77
0,20,down_proj,GPU,1.70188e+06,1.70408e+06,2197.77
0,20,Linear,Logic,1.70188e+06,1.70408e+06,2197.77
0,20,expert_FFN_7,GPU,1.70408e+06,1.71067e+06,6594.44
0,20,gate_proj,GPU,1.70408e+06,1.70627e+06,2195.47
0,20,Linear,Logic,1.70408e+06,1.70627e+06,2195.47
0,20,activation,Logic,1.70627e+06,1.70628e+06,8.01909
0,20,up_proj,GPU,1.70628e+06,1.70848e+06,2195.47
0,20,Linear,Logic,1.70628e+06,1.70848e+06,2195.47
0,20,down_proj,GPU,1.70848e+06,1.71067e+06,2195.47
0,20,Linear,Logic,1.70848e+06,1.71067e+06,2195.47
0,20,sync_2,GPU,1.71067e+06,1.71067e+06,0
0,20,sync__set,GPU,1.71067e+06,1.71067e+06,0
0,20,sync__,GPU,1.71067e+06,1.71067e+06,0
0,20,moe_all_reduce_for_e_tp,GPU,1.71067e+06,1.71591e+06,5236.91
0,20,sync_3,GPU,1.71591e+06,1.71591e+06,0
0,20,sync__set,GPU,1.71591e+06,1.71591e+06,0
0,20,sync__,GPU,1.71591e+06,1.71591e+06,0
0,20,moe_gather,GPU,1.71591e+06,1.71591e+06,0
0,20,sync_for_moe_gather,GPU,1.71591e+06,1.71591e+06,0
0,20,sync__set,GPU,1.71591e+06,1.71591e+06,0
0,20,sync__,GPU,1.71591e+06,1.71591e+06,0
0,20,moe_all_reduce_for_gather,GPU,1.71591e+06,1.72115e+06,5236.91
0,20,sync_5,GPU,1.72115e+06,1.72115e+06,0
0,20,sync__set,GPU,1.72115e+06,1.72115e+06,0
0,20,sync__,GPU,1.72115e+06,1.72115e+06,0
0,20,sync_6,GPU,1.72115e+06,1.72115e+06,0
0,20,sync__set,GPU,1.72115e+06,1.72115e+06,0
0,20,sync__,GPU,1.72115e+06,1.72115e+06,0
0,20,residual_2,GPU,1.72115e+06,1.72131e+06,158.854
0,21,MoE_decoder_21,GPU,1.72131e+06,1.80251e+06,81201
0,21,input_layer_norm,GPU,1.72131e+06,1.72146e+06,158.854
0,21,attention,GPU,1.72146e+06,1.7384e+06,16935.9
0,21,attn_qkv_proj,GPU,1.72146e+06,1.72533e+06,3861.38
0,21,Linear,GPU,1.72146e+06,1.72533e+06,3861.38
0,21,self_attention,GPU,1.72533e+06,1.73056e+06,5237.31
0,21,AttentionSplit,GPU,1.72533e+06,1.72533e+06,0
0,21,AttentionSum,GPU,1.72533e+06,1.72533e+06,0
0,21,AttentionGen,Logic,1.72533e+06,1.73056e+06,5237.31
0,21,AttentionMerge,GPU,1.73056e+06,1.73056e+06,0
0,21,attn_o_proj,GPU,1.73056e+06,1.73316e+06,2600.32
0,21,Linear,GPU,1.73056e+06,1.73316e+06,2600.32
0,21,all_reduce,GPU,1.73316e+06,1.7384e+06,5236.91
0,21,residual_1,GPU,1.7384e+06,1.73856e+06,158.854
0,21,post_attn_layer_norm,GPU,1.73856e+06,1.73872e+06,158.854
0,21,expertFFN,GPU,1.73872e+06,1.80235e+06,63629.7
0,21,sync_0,GPU,1.73872e+06,1.73872e+06,0
0,21,sync__set,GPU,1.73872e+06,1.73872e+06,0
0,21,sync__,GPU,1.73872e+06,1.73872e+06,0
0,21,gate_fn,GPU,1.73872e+06,1.73882e+06,97.9093
0,21,Linear,GPU,1.73872e+06,1.73882e+06,97.9093
0,21,gate_update,GPU,1.73882e+06,1.73882e+06,0
0,21,moe_scatter,GPU,1.73882e+06,1.73882e+06,0
0,21,sync_for_moe_scatter,GPU,1.73882e+06,1.73882e+06,0
0,21,sync__set,GPU,1.73882e+06,1.73882e+06,0
0,21,sync__,GPU,1.73882e+06,1.73882e+06,0
0,21,moe_route,GPU,1.73882e+06,1.73882e+06,0
0,21,expert_FFN_0,GPU,1.73882e+06,1.74543e+06,6609.57
0,21,gate_proj,GPU,1.73882e+06,1.74102e+06,2198.91
0,21,Linear,Logic,1.73882e+06,1.74102e+06,2198.91
0,21,activation,Logic,1.74102e+06,1.74103e+06,12.8305
0,21,up_proj,GPU,1.74103e+06,1.74323e+06,2198.91
0,21,Linear,Logic,1.74103e+06,1.74323e+06,2198.91
0,21,down_proj,GPU,1.74323e+06,1.74543e+06,2198.91
0,21,Linear,Logic,1.74323e+06,1.74543e+06,2198.91
0,21,expert_FFN_1,GPU,1.74543e+06,1.75203e+06,6599.48
0,21,gate_proj,GPU,1.74543e+06,1.74762e+06,2196.62
0,21,Linear,Logic,1.74543e+06,1.74762e+06,2196.62
0,21,activation,Logic,1.74762e+06,1.74763e+06,9.62291
0,21,up_proj,GPU,1.74763e+06,1.74983e+06,2196.62
0,21,Linear,Logic,1.74763e+06,1.74983e+06,2196.62
0,21,down_proj,GPU,1.74983e+06,1.75203e+06,2196.62
0,21,Linear,Logic,1.74983e+06,1.75203e+06,2196.62
0,21,expert_FFN_2,GPU,1.75203e+06,1.76025e+06,8227.59
0,21,gate_proj,GPU,1.75203e+06,1.75476e+06,2737.18
0,21,Linear,Logic,1.75203e+06,1.75476e+06,2737.18
0,21,activation,Logic,1.75476e+06,1.75478e+06,16.0382
0,21,up_proj,GPU,1.75478e+06,1.75752e+06,2737.18
0,21,Linear,Logic,1.75478e+06,1.75752e+06,2737.18
0,21,down_proj,GPU,1.75752e+06,1.76025e+06,2737.18
0,21,Linear,Logic,1.75752e+06,1.76025e+06,2737.18
0,21,expert_FFN_3,GPU,1.76025e+06,1.76686e+06,6609.57
0,21,gate_proj,GPU,1.76025e+06,1.76245e+06,2198.91
0,21,Linear,Logic,1.76025e+06,1.76245e+06,2198.91
0,21,activation,Logic,1.76245e+06,1.76246e+06,12.8305
0,21,up_proj,GPU,1.76246e+06,1.76466e+06,2198.91
0,21,Linear,Logic,1.76246e+06,1.76466e+06,2198.91
0,21,down_proj,GPU,1.76466e+06,1.76686e+06,2198.91
0,21,Linear,Logic,1.76466e+06,1.76686e+06,2198.91
0,21,expert_FFN_4,GPU,1.73882e+06,1.76538e+06,26559.2
0,21,gate_proj,GPU,1.73882e+06,1.74764e+06,8823.14
0,21,Linear,GPU,1.73882e+06,1.74764e+06,8823.14
0,21,activation,GPU,1.74764e+06,1.74773e+06,89.8138
0,21,up_proj,GPU,1.74773e+06,1.75655e+06,8823.14
0,21,Linear,GPU,1.74773e+06,1.75655e+06,8823.14
0,21,down_proj,GPU,1.75655e+06,1.76538e+06,8823.14
0,21,Linear,GPU,1.75655e+06,1.76538e+06,8823.14
0,21,expert_FFN_5,GPU,1.76538e+06,1.79187e+06,26498.7
0,21,gate_proj,GPU,1.76538e+06,1.77418e+06,8809.39
0,21,Linear,GPU,1.76538e+06,1.77418e+06,8809.39
0,21,activation,GPU,1.77418e+06,1.77426e+06,70.568
0,21,up_proj,GPU,1.77426e+06,1.78306e+06,8809.39
0,21,Linear,GPU,1.77426e+06,1.78306e+06,8809.39
0,21,down_proj,GPU,1.78306e+06,1.79187e+06,8809.39
0,21,Linear,GPU,1.78306e+06,1.79187e+06,8809.39
0,21,expert_FFN_6,GPU,1.76686e+06,1.77344e+06,6579.32
0,21,gate_proj,GPU,1.76686e+06,1.76905e+06,2192.04
0,21,Linear,Logic,1.76686e+06,1.76905e+06,2192.04
0,21,activation,Logic,1.76905e+06,1.76906e+06,3.20764
0,21,up_proj,GPU,1.76906e+06,1.77125e+06,2192.04
0,21,Linear,Logic,1.76906e+06,1.77125e+06,2192.04
0,21,down_proj,GPU,1.77125e+06,1.77344e+06,2192.04
0,21,Linear,Logic,1.77125e+06,1.77344e+06,2192.04
0,21,expert_FFN_7,GPU,1.77344e+06,1.78004e+06,6594.44
0,21,gate_proj,GPU,1.77344e+06,1.77564e+06,2195.47
0,21,Linear,Logic,1.77344e+06,1.77564e+06,2195.47
0,21,activation,Logic,1.77564e+06,1.77565e+06,8.01909
0,21,up_proj,GPU,1.77565e+06,1.77784e+06,2195.47
0,21,Linear,Logic,1.77565e+06,1.77784e+06,2195.47
0,21,down_proj,GPU,1.77784e+06,1.78004e+06,2195.47
0,21,Linear,Logic,1.77784e+06,1.78004e+06,2195.47
0,21,sync_2,GPU,1.79187e+06,1.79187e+06,0
0,21,sync__set,GPU,1.79187e+06,1.79187e+06,0
0,21,sync__,GPU,1.79187e+06,1.79187e+06,0
0,21,moe_all_reduce_for_e_tp,GPU,1.79187e+06,1.79711e+06,5236.91
0,21,sync_3,GPU,1.79711e+06,1.79711e+06,0
0,21,sync__set,GPU,1.79711e+06,1.79711e+06,0
0,21,sync__,GPU,1.79711e+06,1.79711e+06,0
0,21,moe_gather,GPU,1.79711e+06,1.79711e+06,0
0,21,sync_for_moe_gather,GPU,1.79711e+06,1.79711e+06,0
0,21,sync__set,GPU,1.79711e+06,1.79711e+06,0
0,21,sync__,GPU,1.79711e+06,1.79711e+06,0
0,21,moe_all_reduce_for_gather,GPU,1.79711e+06,1.80235e+06,5236.91
0,21,sync_5,GPU,1.80235e+06,1.80235e+06,0
0,21,sync__set,GPU,1.80235e+06,1.80235e+06,0
0,21,sync__,GPU,1.80235e+06,1.80235e+06,0
0,21,sync_6,GPU,1.80235e+06,1.80235e+06,0
0,21,sync__set,GPU,1.80235e+06,1.80235e+06,0
0,21,sync__,GPU,1.80235e+06,1.80235e+06,0
0,21,residual_2,GPU,1.80235e+06,1.80251e+06,158.854
0,22,MoE_decoder_22,GPU,1.80251e+06,1.88359e+06,81080.1
0,22,input_layer_norm,GPU,1.80251e+06,1.80267e+06,158.854
0,22,attention,GPU,1.80267e+06,1.8196e+06,16935.9
0,22,attn_qkv_proj,GPU,1.80267e+06,1.80653e+06,3861.38
0,22,Linear,GPU,1.80267e+06,1.80653e+06,3861.38
0,22,self_attention,GPU,1.80653e+06,1.81176e+06,5237.31
0,22,AttentionSplit,GPU,1.80653e+06,1.80653e+06,0
0,22,AttentionSum,GPU,1.80653e+06,1.80653e+06,0
0,22,AttentionGen,Logic,1.80653e+06,1.81176e+06,5237.31
0,22,AttentionMerge,GPU,1.81176e+06,1.81176e+06,0
0,22,attn_o_proj,GPU,1.81176e+06,1.81436e+06,2600.32
0,22,Linear,GPU,1.81176e+06,1.81436e+06,2600.32
0,22,all_reduce,GPU,1.81436e+06,1.8196e+06,5236.91
0,22,residual_1,GPU,1.8196e+06,1.81976e+06,158.854
0,22,post_attn_layer_norm,GPU,1.81976e+06,1.81992e+06,158.854
0,22,expertFFN,GPU,1.81992e+06,1.88343e+06,63508.7
0,22,sync_0,GPU,1.81992e+06,1.81992e+06,0
0,22,sync__set,GPU,1.81992e+06,1.81992e+06,0
0,22,sync__,GPU,1.81992e+06,1.81992e+06,0
0,22,gate_fn,GPU,1.81992e+06,1.82002e+06,97.9093
0,22,Linear,GPU,1.81992e+06,1.82002e+06,97.9093
0,22,gate_update,GPU,1.82002e+06,1.82002e+06,0
0,22,moe_scatter,GPU,1.82002e+06,1.82002e+06,0
0,22,sync_for_moe_scatter,GPU,1.82002e+06,1.82002e+06,0
0,22,sync__set,GPU,1.82002e+06,1.82002e+06,0
0,22,sync__,GPU,1.82002e+06,1.82002e+06,0
0,22,moe_route,GPU,1.82002e+06,1.82002e+06,0
0,22,expert_FFN_0,GPU,1.82002e+06,1.82662e+06,6599.48
0,22,gate_proj,GPU,1.82002e+06,1.82221e+06,2196.62
0,22,Linear,Logic,1.82002e+06,1.82221e+06,2196.62
0,22,activation,Logic,1.82221e+06,1.82222e+06,9.62291
0,22,up_proj,GPU,1.82222e+06,1.82442e+06,2196.62
0,22,Linear,Logic,1.82222e+06,1.82442e+06,2196.62
0,22,down_proj,GPU,1.82442e+06,1.82662e+06,2196.62
0,22,Linear,Logic,1.82442e+06,1.82662e+06,2196.62
0,22,expert_FFN_1,GPU,1.82662e+06,1.83402e+06,7404.83
0,22,gate_proj,GPU,1.82662e+06,1.82908e+06,2463.47
0,22,Linear,Logic,1.82662e+06,1.82908e+06,2463.47
0,22,activation,Logic,1.82908e+06,1.82909e+06,14.4344
0,22,up_proj,GPU,1.82909e+06,1.83156e+06,2463.47
0,22,Linear,Logic,1.82909e+06,1.83156e+06,2463.47
0,22,down_proj,GPU,1.83156e+06,1.83402e+06,2463.47
0,22,Linear,Logic,1.83156e+06,1.83402e+06,2463.47
0,22,expert_FFN_2,GPU,1.83402e+06,1.84143e+06,7404.83
0,22,gate_proj,GPU,1.83402e+06,1.83649e+06,2463.47
0,22,Linear,Logic,1.83402e+06,1.83649e+06,2463.47
0,22,activation,Logic,1.83649e+06,1.8365e+06,14.4344
0,22,up_proj,GPU,1.8365e+06,1.83896e+06,2463.47
0,22,Linear,Logic,1.8365e+06,1.83896e+06,2463.47
0,22,down_proj,GPU,1.83896e+06,1.84143e+06,2463.47
0,22,Linear,Logic,1.83896e+06,1.84143e+06,2463.47
0,22,expert_FFN_3,GPU,1.84143e+06,1.84803e+06,6599.48
0,22,gate_proj,GPU,1.84143e+06,1.84362e+06,2196.62
0,22,Linear,Logic,1.84143e+06,1.84362e+06,2196.62
0,22,activation,Logic,1.84362e+06,1.84363e+06,9.62291
0,22,up_proj,GPU,1.84363e+06,1.84583e+06,2196.62
0,22,Linear,Logic,1.84363e+06,1.84583e+06,2196.62
0,22,down_proj,GPU,1.84583e+06,1.84803e+06,2196.62
0,22,Linear,Logic,1.84583e+06,1.84803e+06,2196.62
0,22,expert_FFN_4,GPU,1.84803e+06,1.85625e+06,8227.59
0,22,gate_proj,GPU,1.84803e+06,1.85076e+06,2737.18
0,22,Linear,Logic,1.84803e+06,1.85076e+06,2737.18
0,22,activation,Logic,1.85076e+06,1.85078e+06,16.0382
0,22,up_proj,GPU,1.85078e+06,1.85352e+06,2737.18
0,22,Linear,Logic,1.85078e+06,1.85352e+06,2737.18
0,22,down_proj,GPU,1.85352e+06,1.85625e+06,2737.18
0,22,Linear,Logic,1.85352e+06,1.85625e+06,2737.18
0,22,expert_FFN_5,GPU,1.85625e+06,1.86285e+06,6594.44
0,22,gate_proj,GPU,1.85625e+06,1.85845e+06,2195.47
0,22,Linear,Logic,1.85625e+06,1.85845e+06,2195.47
0,22,activation,Logic,1.85845e+06,1.85846e+06,8.01909
0,22,up_proj,GPU,1.85846e+06,1.86065e+06,2195.47
0,22,Linear,Logic,1.85846e+06,1.86065e+06,2195.47
0,22,down_proj,GPU,1.86065e+06,1.86285e+06,2195.47
0,22,Linear,Logic,1.86065e+06,1.86285e+06,2195.47
0,22,expert_FFN_6,GPU,1.82002e+06,1.84654e+06,26518.9
0,22,gate_proj,GPU,1.82002e+06,1.82883e+06,8813.98
0,22,Linear,GPU,1.82002e+06,1.82883e+06,8813.98
0,22,activation,GPU,1.82883e+06,1.82891e+06,76.9833
0,22,up_proj,GPU,1.82891e+06,1.83772e+06,8813.98
0,22,Linear,GPU,1.82891e+06,1.83772e+06,8813.98
0,22,down_proj,GPU,1.83772e+06,1.84654e+06,8813.98
0,22,Linear,GPU,1.83772e+06,1.84654e+06,8813.98
0,22,expert_FFN_7,GPU,1.84654e+06,1.87295e+06,26418.1
0,22,gate_proj,GPU,1.84654e+06,1.85533e+06,8791.06
0,22,Linear,GPU,1.84654e+06,1.85533e+06,8791.06
0,22,activation,GPU,1.85533e+06,1.85537e+06,44.9069
0,22,up_proj,GPU,1.85537e+06,1.86416e+06,8791.06
0,22,Linear,GPU,1.85537e+06,1.86416e+06,8791.06
0,22,down_proj,GPU,1.86416e+06,1.87295e+06,8791.06
0,22,Linear,GPU,1.86416e+06,1.87295e+06,8791.06
0,22,sync_2,GPU,1.87295e+06,1.87295e+06,0
0,22,sync__set,GPU,1.87295e+06,1.87295e+06,0
0,22,sync__,GPU,1.87295e+06,1.87295e+06,0
0,22,moe_all_reduce_for_e_tp,GPU,1.87295e+06,1.87819e+06,5236.91
0,22,sync_3,GPU,1.87819e+06,1.87819e+06,0
0,22,sync__set,GPU,1.87819e+06,1.87819e+06,0
0,22,sync__,GPU,1.87819e+06,1.87819e+06,0
0,22,moe_gather,GPU,1.87819e+06,1.87819e+06,0
0,22,sync_for_moe_gather,GPU,1.87819e+06,1.87819e+06,0
0,22,sync__set,GPU,1.87819e+06,1.87819e+06,0
0,22,sync__,GPU,1.87819e+06,1.87819e+06,0
0,22,moe_all_reduce_for_gather,GPU,1.87819e+06,1.88343e+06,5236.91
0,22,sync_5,GPU,1.88343e+06,1.88343e+06,0
0,22,sync__set,GPU,1.88343e+06,1.88343e+06,0
0,22,sync__,GPU,1.88343e+06,1.88343e+06,0
0,22,sync_6,GPU,1.88343e+06,1.88343e+06,0
0,22,sync__set,GPU,1.88343e+06,1.88343e+06,0
0,22,sync__,GPU,1.88343e+06,1.88343e+06,0
0,22,residual_2,GPU,1.88343e+06,1.88359e+06,158.854
0,23,MoE_decoder_23,GPU,1.88359e+06,1.96465e+06,81059.9
0,23,input_layer_norm,GPU,1.88359e+06,1.88375e+06,158.854
0,23,attention,GPU,1.88375e+06,1.90068e+06,16935.9
0,23,attn_qkv_proj,GPU,1.88375e+06,1.88761e+06,3861.38
0,23,Linear,GPU,1.88375e+06,1.88761e+06,3861.38
0,23,self_attention,GPU,1.88761e+06,1.89284e+06,5237.31
0,23,AttentionSplit,GPU,1.88761e+06,1.88761e+06,0
0,23,AttentionSum,GPU,1.88761e+06,1.88761e+06,0
0,23,AttentionGen,Logic,1.88761e+06,1.89284e+06,5237.31
0,23,AttentionMerge,GPU,1.89284e+06,1.89284e+06,0
0,23,attn_o_proj,GPU,1.89284e+06,1.89544e+06,2600.32
0,23,Linear,GPU,1.89284e+06,1.89544e+06,2600.32
0,23,all_reduce,GPU,1.89544e+06,1.90068e+06,5236.91
0,23,residual_1,GPU,1.90068e+06,1.90084e+06,158.854
0,23,post_attn_layer_norm,GPU,1.90084e+06,1.901e+06,158.854
0,23,expertFFN,GPU,1.901e+06,1.96449e+06,63488.6
0,23,sync_0,GPU,1.901e+06,1.901e+06,0
0,23,sync__set,GPU,1.901e+06,1.901e+06,0
0,23,sync__,GPU,1.901e+06,1.901e+06,0
0,23,gate_fn,GPU,1.901e+06,1.9011e+06,97.9093
0,23,Linear,GPU,1.901e+06,1.9011e+06,97.9093
0,23,gate_update,GPU,1.9011e+06,1.9011e+06,0
0,23,moe_scatter,GPU,1.9011e+06,1.9011e+06,0
0,23,sync_for_moe_scatter,GPU,1.9011e+06,1.9011e+06,0
0,23,sync__set,GPU,1.9011e+06,1.9011e+06,0
0,23,sync__,GPU,1.9011e+06,1.9011e+06,0
0,23,moe_route,GPU,1.9011e+06,1.9011e+06,0
0,23,expert_FFN_0,GPU,1.9011e+06,1.9085e+06,7404.83
0,23,gate_proj,GPU,1.9011e+06,1.90356e+06,2463.47
0,23,Linear,Logic,1.9011e+06,1.90356e+06,2463.47
0,23,activation,Logic,1.90356e+06,1.90358e+06,14.4344
0,23,up_proj,GPU,1.90358e+06,1.90604e+06,2463.47
0,23,Linear,Logic,1.90358e+06,1.90604e+06,2463.47
0,23,down_proj,GPU,1.90604e+06,1.9085e+06,2463.47
0,23,Linear,Logic,1.90604e+06,1.9085e+06,2463.47
0,23,expert_FFN_1,GPU,1.9085e+06,1.91511e+06,6604.53
0,23,gate_proj,GPU,1.9085e+06,1.9107e+06,2197.77
0,23,Linear,Logic,1.9085e+06,1.9107e+06,2197.77
0,23,activation,Logic,1.9107e+06,1.91071e+06,11.2267
0,23,up_proj,GPU,1.91071e+06,1.91291e+06,2197.77
0,23,Linear,Logic,1.91071e+06,1.91291e+06,2197.77
0,23,down_proj,GPU,1.91291e+06,1.91511e+06,2197.77
0,23,Linear,Logic,1.91291e+06,1.91511e+06,2197.77
0,23,expert_FFN_2,GPU,1.91511e+06,1.9217e+06,6589.4
0,23,gate_proj,GPU,1.91511e+06,1.9173e+06,2194.33
0,23,Linear,Logic,1.91511e+06,1.9173e+06,2194.33
0,23,activation,Logic,1.9173e+06,1.91731e+06,6.41527
0,23,up_proj,GPU,1.91731e+06,1.9195e+06,2194.33
0,23,Linear,Logic,1.91731e+06,1.9195e+06,2194.33
0,23,down_proj,GPU,1.9195e+06,1.9217e+06,2194.33
0,23,Linear,Logic,1.9195e+06,1.9217e+06,2194.33
0,23,expert_FFN_3,GPU,1.9217e+06,1.93157e+06,9873.11
0,23,gate_proj,GPU,1.9217e+06,1.92498e+06,3284.62
0,23,Linear,Logic,1.9217e+06,1.92498e+06,3284.62
0,23,activation,Logic,1.92498e+06,1.925e+06,19.2458
0,23,up_proj,GPU,1.925e+06,1.92828e+06,3284.62
0,23,Linear,Logic,1.925e+06,1.92828e+06,3284.62
0,23,down_proj,GPU,1.92828e+06,1.93157e+06,3284.62
0,23,Linear,Logic,1.92828e+06,1.93157e+06,3284.62
0,23,expert_FFN_4,GPU,1.93157e+06,1.93817e+06,6604.53
0,23,gate_proj,GPU,1.93157e+06,1.93377e+06,2197.77
0,23,Linear,Logic,1.93157e+06,1.93377e+06,2197.77
0,23,activation,Logic,1.93377e+06,1.93378e+06,11.2267
0,23,up_proj,GPU,1.93378e+06,1.93598e+06,2197.77
0,23,Linear,Logic,1.93378e+06,1.93598e+06,2197.77
0,23,down_proj,GPU,1.93598e+06,1.93817e+06,2197.77
0,23,Linear,Logic,1.93598e+06,1.93817e+06,2197.77
0,23,expert_FFN_5,GPU,1.93817e+06,1.94478e+06,6604.53
0,23,gate_proj,GPU,1.93817e+06,1.94037e+06,2197.77
0,23,Linear,Logic,1.93817e+06,1.94037e+06,2197.77
0,23,activation,Logic,1.94037e+06,1.94038e+06,11.2267
0,23,up_proj,GPU,1.94038e+06,1.94258e+06,2197.77
0,23,Linear,Logic,1.94038e+06,1.94258e+06,2197.77
0,23,down_proj,GPU,1.94258e+06,1.94478e+06,2197.77
0,23,Linear,Logic,1.94258e+06,1.94478e+06,2197.77
0,23,expert_FFN_6,GPU,1.9011e+06,1.92762e+06,26518.9
0,23,gate_proj,GPU,1.9011e+06,1.90991e+06,8813.98
0,23,Linear,GPU,1.9011e+06,1.90991e+06,8813.98
0,23,activation,GPU,1.90991e+06,1.90999e+06,76.9833
0,23,up_proj,GPU,1.90999e+06,1.9188e+06,8813.98
0,23,Linear,GPU,1.90999e+06,1.9188e+06,8813.98
0,23,down_proj,GPU,1.9188e+06,1.92762e+06,8813.98
0,23,Linear,GPU,1.9188e+06,1.92762e+06,8813.98
0,23,expert_FFN_7,GPU,1.92762e+06,1.95401e+06,26397.9
0,23,gate_proj,GPU,1.92762e+06,1.9364e+06,8786.48
0,23,Linear,GPU,1.92762e+06,1.9364e+06,8786.48
0,23,activation,GPU,1.9364e+06,1.93644e+06,38.4916
0,23,up_proj,GPU,1.93644e+06,1.94523e+06,8786.48
0,23,Linear,GPU,1.93644e+06,1.94523e+06,8786.48
0,23,down_proj,GPU,1.94523e+06,1.95401e+06,8786.48
0,23,Linear,GPU,1.94523e+06,1.95401e+06,8786.48
0,23,sync_2,GPU,1.95401e+06,1.95401e+06,0
0,23,sync__set,GPU,1.95401e+06,1.95401e+06,0
0,23,sync__,GPU,1.95401e+06,1.95401e+06,0
0,23,moe_all_reduce_for_e_tp,GPU,1.95401e+06,1.95925e+06,5236.91
0,23,sync_3,GPU,1.95925e+06,1.95925e+06,0
0,23,sync__set,GPU,1.95925e+06,1.95925e+06,0
0,23,sync__,GPU,1.95925e+06,1.95925e+06,0
0,23,moe_gather,GPU,1.95925e+06,1.95925e+06,0
0,23,sync_for_moe_gather,GPU,1.95925e+06,1.95925e+06,0
0,23,sync__set,GPU,1.95925e+06,1.95925e+06,0
0,23,sync__,GPU,1.95925e+06,1.95925e+06,0
0,23,moe_all_reduce_for_gather,GPU,1.95925e+06,1.96449e+06,5236.91
0,23,sync_5,GPU,1.96449e+06,1.96449e+06,0
0,23,sync__set,GPU,1.96449e+06,1.96449e+06,0
0,23,sync__,GPU,1.96449e+06,1.96449e+06,0
0,23,sync_6,GPU,1.96449e+06,1.96449e+06,0
0,23,sync__set,GPU,1.96449e+06,1.96449e+06,0
0,23,sync__,GPU,1.96449e+06,1.96449e+06,0
0,23,residual_2,GPU,1.96449e+06,1.96465e+06,158.854
0,24,MoE_decoder_24,GPU,1.96465e+06,2.04577e+06,81120.4
0,24,input_layer_norm,GPU,1.96465e+06,1.96481e+06,158.854
0,24,attention,GPU,1.96481e+06,1.98174e+06,16935.9
0,24,attn_qkv_proj,GPU,1.96481e+06,1.96867e+06,3861.38
0,24,Linear,GPU,1.96481e+06,1.96867e+06,3861.38
0,24,self_attention,GPU,1.96867e+06,1.9739e+06,5237.31
0,24,AttentionSplit,GPU,1.96867e+06,1.96867e+06,0
0,24,AttentionSum,GPU,1.96867e+06,1.96867e+06,0
0,24,AttentionGen,Logic,1.96867e+06,1.9739e+06,5237.31
0,24,AttentionMerge,GPU,1.9739e+06,1.9739e+06,0
0,24,attn_o_proj,GPU,1.9739e+06,1.9765e+06,2600.32
0,24,Linear,GPU,1.9739e+06,1.9765e+06,2600.32
0,24,all_reduce,GPU,1.9765e+06,1.98174e+06,5236.91
0,24,residual_1,GPU,1.98174e+06,1.9819e+06,158.854
0,24,post_attn_layer_norm,GPU,1.9819e+06,1.98206e+06,158.854
0,24,expertFFN,GPU,1.98206e+06,2.04561e+06,63549.1
0,24,sync_0,GPU,1.98206e+06,1.98206e+06,0
0,24,sync__set,GPU,1.98206e+06,1.98206e+06,0
0,24,sync__,GPU,1.98206e+06,1.98206e+06,0
0,24,gate_fn,GPU,1.98206e+06,1.98216e+06,97.9093
0,24,Linear,GPU,1.98206e+06,1.98216e+06,97.9093
0,24,gate_update,GPU,1.98216e+06,1.98216e+06,0
0,24,moe_scatter,GPU,1.98216e+06,1.98216e+06,0
0,24,sync_for_moe_scatter,GPU,1.98216e+06,1.98216e+06,0
0,24,sync__set,GPU,1.98216e+06,1.98216e+06,0
0,24,sync__,GPU,1.98216e+06,1.98216e+06,0
0,24,moe_route,GPU,1.98216e+06,1.98216e+06,0
0,24,expert_FFN_0,GPU,1.98216e+06,1.98876e+06,6604.53
0,24,gate_proj,GPU,1.98216e+06,1.98436e+06,2197.77
0,24,Linear,Logic,1.98216e+06,1.98436e+06,2197.77
0,24,activation,Logic,1.98436e+06,1.98437e+06,11.2267
0,24,up_proj,GPU,1.98437e+06,1.98656e+06,2197.77
0,24,Linear,Logic,1.98437e+06,1.98656e+06,2197.77
0,24,down_proj,GPU,1.98656e+06,1.98876e+06,2197.77
0,24,Linear,Logic,1.98656e+06,1.98876e+06,2197.77
0,24,expert_FFN_1,GPU,1.98876e+06,1.99536e+06,6594.44
0,24,gate_proj,GPU,1.98876e+06,1.99096e+06,2195.47
0,24,Linear,Logic,1.98876e+06,1.99096e+06,2195.47
0,24,activation,Logic,1.99096e+06,1.99097e+06,8.01909
0,24,up_proj,GPU,1.99097e+06,1.99316e+06,2195.47
0,24,Linear,Logic,1.99097e+06,1.99316e+06,2195.47
0,24,down_proj,GPU,1.99316e+06,1.99536e+06,2195.47
0,24,Linear,Logic,1.99316e+06,1.99536e+06,2195.47
0,24,expert_FFN_2,GPU,1.99536e+06,2.00276e+06,7404.83
0,24,gate_proj,GPU,1.99536e+06,1.99782e+06,2463.47
0,24,Linear,Logic,1.99536e+06,1.99782e+06,2463.47
0,24,activation,Logic,1.99782e+06,1.99783e+06,14.4344
0,24,up_proj,GPU,1.99783e+06,2.0003e+06,2463.47
0,24,Linear,Logic,1.99783e+06,2.0003e+06,2463.47
0,24,down_proj,GPU,2.0003e+06,2.00276e+06,2463.47
0,24,Linear,Logic,2.0003e+06,2.00276e+06,2463.47
0,24,expert_FFN_3,GPU,2.00276e+06,2.00937e+06,6609.57
0,24,gate_proj,GPU,2.00276e+06,2.00496e+06,2198.91
0,24,Linear,Logic,2.00276e+06,2.00496e+06,2198.91
0,24,activation,Logic,2.00496e+06,2.00497e+06,12.8305
0,24,up_proj,GPU,2.00497e+06,2.00717e+06,2198.91
0,24,Linear,Logic,2.00497e+06,2.00717e+06,2198.91
0,24,down_proj,GPU,2.00717e+06,2.00937e+06,2198.91
0,24,Linear,Logic,2.00717e+06,2.00937e+06,2198.91
0,24,expert_FFN_4,GPU,1.98216e+06,2.00862e+06,26458.4
0,24,gate_proj,GPU,1.98216e+06,1.99096e+06,8800.23
0,24,Linear,GPU,1.98216e+06,1.99096e+06,8800.23
0,24,activation,GPU,1.99096e+06,1.99102e+06,57.7375
0,24,up_proj,GPU,1.99102e+06,1.99982e+06,8800.23
0,24,Linear,GPU,1.99102e+06,1.99982e+06,8800.23
0,24,down_proj,GPU,1.99982e+06,2.00862e+06,8800.23
0,24,Linear,GPU,1.99982e+06,2.00862e+06,8800.23
0,24,expert_FFN_5,GPU,2.00862e+06,2.03513e+06,26518.9
0,24,gate_proj,GPU,2.00862e+06,2.01743e+06,8813.98
0,24,Linear,GPU,2.00862e+06,2.01743e+06,8813.98
0,24,activation,GPU,2.01743e+06,2.01751e+06,76.9833
0,24,up_proj,GPU,2.01751e+06,2.02632e+06,8813.98
0,24,Linear,GPU,2.01751e+06,2.02632e+06,8813.98
0,24,down_proj,GPU,2.02632e+06,2.03513e+06,8813.98
0,24,Linear,GPU,2.02632e+06,2.03513e+06,8813.98
0,24,expert_FFN_6,GPU,2.00937e+06,2.01596e+06,6589.4
0,24,gate_proj,GPU,2.00937e+06,2.01156e+06,2194.33
0,24,Linear,Logic,2.00937e+06,2.01156e+06,2194.33
0,24,activation,Logic,2.01156e+06,2.01157e+06,6.41527
0,24,up_proj,GPU,2.01157e+06,2.01377e+06,2194.33
0,24,Linear,Logic,2.01157e+06,2.01377e+06,2194.33
0,24,down_proj,GPU,2.01377e+06,2.01596e+06,2194.33
0,24,Linear,Logic,2.01377e+06,2.01596e+06,2194.33
0,24,expert_FFN_7,GPU,2.01596e+06,2.02419e+06,8227.59
0,24,gate_proj,GPU,2.01596e+06,2.0187e+06,2737.18
0,24,Linear,Logic,2.01596e+06,2.0187e+06,2737.18
0,24,activation,Logic,2.0187e+06,2.01871e+06,16.0382
0,24,up_proj,GPU,2.01871e+06,2.02145e+06,2737.18
0,24,Linear,Logic,2.01871e+06,2.02145e+06,2737.18
0,24,down_proj,GPU,2.02145e+06,2.02419e+06,2737.18
0,24,Linear,Logic,2.02145e+06,2.02419e+06,2737.18
0,24,sync_2,GPU,2.03513e+06,2.03513e+06,0
0,24,sync__set,GPU,2.03513e+06,2.03513e+06,0
0,24,sync__,GPU,2.03513e+06,2.03513e+06,0
0,24,moe_all_reduce_for_e_tp,GPU,2.03513e+06,2.04037e+06,5236.91
0,24,sync_3,GPU,2.04037e+06,2.04037e+06,0
0,24,sync__set,GPU,2.04037e+06,2.04037e+06,0
0,24,sync__,GPU,2.04037e+06,2.04037e+06,0
0,24,moe_gather,GPU,2.04037e+06,2.04037e+06,0
0,24,sync_for_moe_gather,GPU,2.04037e+06,2.04037e+06,0
0,24,sync__set,GPU,2.04037e+06,2.04037e+06,0
0,24,sync__,GPU,2.04037e+06,2.04037e+06,0
0,24,moe_all_reduce_for_gather,GPU,2.04037e+06,2.04561e+06,5236.91
0,24,sync_5,GPU,2.04561e+06,2.04561e+06,0
0,24,sync__set,GPU,2.04561e+06,2.04561e+06,0
0,24,sync__,GPU,2.04561e+06,2.04561e+06,0
0,24,sync_6,GPU,2.04561e+06,2.04561e+06,0
0,24,sync__set,GPU,2.04561e+06,2.04561e+06,0
0,24,sync__,GPU,2.04561e+06,2.04561e+06,0
0,24,residual_2,GPU,2.04561e+06,2.04577e+06,158.854
0,25,MoE_decoder_25,GPU,2.04577e+06,2.13158e+06,85815.9
0,25,input_layer_norm,GPU,2.04577e+06,2.04593e+06,158.854
0,25,attention,GPU,2.04593e+06,2.06286e+06,16935.9
0,25,attn_qkv_proj,GPU,2.04593e+06,2.04979e+06,3861.38
0,25,Linear,GPU,2.04593e+06,2.04979e+06,3861.38
0,25,self_attention,GPU,2.04979e+06,2.05502e+06,5237.31
0,25,AttentionSplit,GPU,2.04979e+06,2.04979e+06,0
0,25,AttentionSum,GPU,2.04979e+06,2.04979e+06,0
0,25,AttentionGen,Logic,2.04979e+06,2.05502e+06,5237.31
0,25,AttentionMerge,GPU,2.05502e+06,2.05502e+06,0
0,25,attn_o_proj,GPU,2.05502e+06,2.05763e+06,2600.32
0,25,Linear,GPU,2.05502e+06,2.05763e+06,2600.32
0,25,all_reduce,GPU,2.05763e+06,2.06286e+06,5236.91
0,25,residual_1,GPU,2.06286e+06,2.06302e+06,158.854
0,25,post_attn_layer_norm,GPU,2.06302e+06,2.06318e+06,158.854
0,25,expertFFN,GPU,2.06318e+06,2.13142e+06,68244.6
0,25,sync_0,GPU,2.06318e+06,2.06318e+06,0
0,25,sync__set,GPU,2.06318e+06,2.06318e+06,0
0,25,sync__,GPU,2.06318e+06,2.06318e+06,0
0,25,gate_fn,GPU,2.06318e+06,2.06328e+06,97.9093
0,25,Linear,GPU,2.06318e+06,2.06328e+06,97.9093
0,25,gate_update,GPU,2.06328e+06,2.06328e+06,0
0,25,moe_scatter,GPU,2.06328e+06,2.06328e+06,0
0,25,sync_for_moe_scatter,GPU,2.06328e+06,2.06328e+06,0
0,25,sync__set,GPU,2.06328e+06,2.06328e+06,0
0,25,sync__,GPU,2.06328e+06,2.06328e+06,0
0,25,moe_route,GPU,2.06328e+06,2.06328e+06,0
0,25,expert_FFN_0,GPU,2.06328e+06,2.06987e+06,6594.44
0,25,gate_proj,GPU,2.06328e+06,2.06547e+06,2195.47
0,25,Linear,Logic,2.06328e+06,2.06547e+06,2195.47
0,25,activation,Logic,2.06547e+06,2.06548e+06,8.01909
0,25,up_proj,GPU,2.06548e+06,2.06768e+06,2195.47
0,25,Linear,Logic,2.06548e+06,2.06768e+06,2195.47
0,25,down_proj,GPU,2.06768e+06,2.06987e+06,2195.47
0,25,Linear,Logic,2.06768e+06,2.06987e+06,2195.47
0,25,expert_FFN_1,GPU,2.06987e+06,2.07647e+06,6594.44
0,25,gate_proj,GPU,2.06987e+06,2.07207e+06,2195.47
0,25,Linear,Logic,2.06987e+06,2.07207e+06,2195.47
0,25,activation,Logic,2.07207e+06,2.07208e+06,8.01909
0,25,up_proj,GPU,2.07208e+06,2.07427e+06,2195.47
0,25,Linear,Logic,2.07208e+06,2.07427e+06,2195.47
0,25,down_proj,GPU,2.07427e+06,2.07647e+06,2195.47
0,25,Linear,Logic,2.07427e+06,2.07647e+06,2195.47
0,25,expert_FFN_2,GPU,2.07647e+06,2.08308e+06,6609.57
0,25,gate_proj,GPU,2.07647e+06,2.07867e+06,2198.91
0,25,Linear,Logic,2.07647e+06,2.07867e+06,2198.91
0,25,activation,Logic,2.07867e+06,2.07868e+06,12.8305
0,25,up_proj,GPU,2.07868e+06,2.08088e+06,2198.91
0,25,Linear,Logic,2.07868e+06,2.08088e+06,2198.91
0,25,down_proj,GPU,2.08088e+06,2.08308e+06,2198.91
0,25,Linear,Logic,2.08088e+06,2.08308e+06,2198.91
0,25,expert_FFN_3,GPU,2.08308e+06,2.0913e+06,8227.59
0,25,gate_proj,GPU,2.08308e+06,2.08581e+06,2737.18
0,25,Linear,Logic,2.08308e+06,2.08581e+06,2737.18
0,25,activation,Logic,2.08581e+06,2.08583e+06,16.0382
0,25,up_proj,GPU,2.08583e+06,2.08857e+06,2737.18
0,25,Linear,Logic,2.08583e+06,2.08857e+06,2737.18
0,25,down_proj,GPU,2.08857e+06,2.0913e+06,2737.18
0,25,Linear,Logic,2.08857e+06,2.0913e+06,2737.18
0,25,expert_FFN_4,GPU,2.0913e+06,2.09953e+06,8227.59
0,25,gate_proj,GPU,2.0913e+06,2.09404e+06,2737.18
0,25,Linear,Logic,2.0913e+06,2.09404e+06,2737.18
0,25,activation,Logic,2.09404e+06,2.09406e+06,16.0382
0,25,up_proj,GPU,2.09406e+06,2.09679e+06,2737.18
0,25,Linear,Logic,2.09406e+06,2.09679e+06,2737.18
0,25,down_proj,GPU,2.09679e+06,2.09953e+06,2737.18
0,25,Linear,Logic,2.09679e+06,2.09953e+06,2737.18
0,25,expert_FFN_5,GPU,2.09953e+06,2.10694e+06,7404.83
0,25,gate_proj,GPU,2.09953e+06,2.10199e+06,2463.47
0,25,Linear,Logic,2.09953e+06,2.10199e+06,2463.47
0,25,activation,Logic,2.10199e+06,2.10201e+06,14.4344
0,25,up_proj,GPU,2.10201e+06,2.10447e+06,2463.47
0,25,Linear,Logic,2.10201e+06,2.10447e+06,2463.47
0,25,down_proj,GPU,2.10447e+06,2.10694e+06,2463.47
0,25,Linear,Logic,2.10447e+06,2.10694e+06,2463.47
0,25,expert_FFN_6,GPU,2.10694e+06,2.11355e+06,6609.57
0,25,gate_proj,GPU,2.10694e+06,2.10914e+06,2198.91
0,25,Linear,Logic,2.10694e+06,2.10914e+06,2198.91
0,25,activation,Logic,2.10914e+06,2.10915e+06,12.8305
0,25,up_proj,GPU,2.10915e+06,2.11135e+06,2198.91
0,25,Linear,Logic,2.10915e+06,2.11135e+06,2198.91
0,25,down_proj,GPU,2.11135e+06,2.11355e+06,2198.91
0,25,Linear,Logic,2.11135e+06,2.11355e+06,2198.91
0,25,expert_FFN_7,GPU,2.11355e+06,2.12095e+06,7404.83
0,25,gate_proj,GPU,2.11355e+06,2.11601e+06,2463.47
0,25,Linear,Logic,2.11355e+06,2.11601e+06,2463.47
0,25,activation,Logic,2.11601e+06,2.11602e+06,14.4344
0,25,up_proj,GPU,2.11602e+06,2.11849e+06,2463.47
0,25,Linear,Logic,2.11602e+06,2.11849e+06,2463.47
0,25,down_proj,GPU,2.11849e+06,2.12095e+06,2463.47
0,25,Linear,Logic,2.11849e+06,2.12095e+06,2463.47
0,25,sync_2,GPU,2.12095e+06,2.12095e+06,0
0,25,sync__set,GPU,2.12095e+06,2.12095e+06,0
0,25,sync__,GPU,2.12095e+06,2.12095e+06,0
0,25,moe_all_reduce_for_e_tp,GPU,2.12095e+06,2.12619e+06,5236.91
0,25,sync_3,GPU,2.12619e+06,2.12619e+06,0
0,25,sync__set,GPU,2.12619e+06,2.12619e+06,0
0,25,sync__,GPU,2.12619e+06,2.12619e+06,0
0,25,moe_gather,GPU,2.12619e+06,2.12619e+06,0
0,25,sync_for_moe_gather,GPU,2.12619e+06,2.12619e+06,0
0,25,sync__set,GPU,2.12619e+06,2.12619e+06,0
0,25,sync__,GPU,2.12619e+06,2.12619e+06,0
0,25,moe_all_reduce_for_gather,GPU,2.12619e+06,2.13142e+06,5236.91
0,25,sync_5,GPU,2.13142e+06,2.13142e+06,0
0,25,sync__set,GPU,2.13142e+06,2.13142e+06,0
0,25,sync__,GPU,2.13142e+06,2.13142e+06,0
0,25,sync_6,GPU,2.13142e+06,2.13142e+06,0
0,25,sync__set,GPU,2.13142e+06,2.13142e+06,0
0,25,sync__,GPU,2.13142e+06,2.13142e+06,0
0,25,residual_2,GPU,2.13142e+06,2.13158e+06,158.854
0,26,MoE_decoder_26,GPU,2.13158e+06,2.21266e+06,81080.1
0,26,input_layer_norm,GPU,2.13158e+06,2.13174e+06,158.854
0,26,attention,GPU,2.13174e+06,2.14868e+06,16935.9
0,26,attn_qkv_proj,GPU,2.13174e+06,2.1356e+06,3861.38
0,26,Linear,GPU,2.13174e+06,2.1356e+06,3861.38
0,26,self_attention,GPU,2.1356e+06,2.14084e+06,5237.31
0,26,AttentionSplit,GPU,2.1356e+06,2.1356e+06,0
0,26,AttentionSum,GPU,2.1356e+06,2.1356e+06,0
0,26,AttentionGen,Logic,2.1356e+06,2.14084e+06,5237.31
0,26,AttentionMerge,GPU,2.14084e+06,2.14084e+06,0
0,26,attn_o_proj,GPU,2.14084e+06,2.14344e+06,2600.32
0,26,Linear,GPU,2.14084e+06,2.14344e+06,2600.32
0,26,all_reduce,GPU,2.14344e+06,2.14868e+06,5236.91
0,26,residual_1,GPU,2.14868e+06,2.14884e+06,158.854
0,26,post_attn_layer_norm,GPU,2.14884e+06,2.149e+06,158.854
0,26,expertFFN,GPU,2.149e+06,2.2125e+06,63508.7
0,26,sync_0,GPU,2.149e+06,2.149e+06,0
0,26,sync__set,GPU,2.149e+06,2.149e+06,0
0,26,sync__,GPU,2.149e+06,2.149e+06,0
0,26,gate_fn,GPU,2.149e+06,2.14909e+06,97.9093
0,26,Linear,GPU,2.149e+06,2.14909e+06,97.9093
0,26,gate_update,GPU,2.14909e+06,2.14909e+06,0
0,26,moe_scatter,GPU,2.14909e+06,2.14909e+06,0
0,26,sync_for_moe_scatter,GPU,2.14909e+06,2.14909e+06,0
0,26,sync__set,GPU,2.14909e+06,2.14909e+06,0
0,26,sync__,GPU,2.14909e+06,2.14909e+06,0
0,26,moe_route,GPU,2.14909e+06,2.14909e+06,0
0,26,expert_FFN_0,GPU,2.14909e+06,2.15814e+06,9050.35
0,26,gate_proj,GPU,2.14909e+06,2.1521e+06,3010.9
0,26,Linear,Logic,2.14909e+06,2.1521e+06,3010.9
0,26,activation,Logic,2.1521e+06,2.15212e+06,17.642
0,26,up_proj,GPU,2.15212e+06,2.15513e+06,3010.9
0,26,Linear,Logic,2.15212e+06,2.15513e+06,3010.9
0,26,down_proj,GPU,2.15513e+06,2.15814e+06,3010.9
0,26,Linear,Logic,2.15513e+06,2.15814e+06,3010.9
0,26,expert_FFN_1,GPU,2.15814e+06,2.16475e+06,6604.53
0,26,gate_proj,GPU,2.15814e+06,2.16034e+06,2197.77
0,26,Linear,Logic,2.15814e+06,2.16034e+06,2197.77
0,26,activation,Logic,2.16034e+06,2.16035e+06,11.2267
0,26,up_proj,GPU,2.16035e+06,2.16255e+06,2197.77
0,26,Linear,Logic,2.16035e+06,2.16255e+06,2197.77
0,26,down_proj,GPU,2.16255e+06,2.16475e+06,2197.77
0,26,Linear,Logic,2.16255e+06,2.16475e+06,2197.77
0,26,expert_FFN_2,GPU,2.16475e+06,2.17215e+06,7404.83
0,26,gate_proj,GPU,2.16475e+06,2.16721e+06,2463.47
0,26,Linear,Logic,2.16475e+06,2.16721e+06,2463.47
0,26,activation,Logic,2.16721e+06,2.16723e+06,14.4344
0,26,up_proj,GPU,2.16723e+06,2.16969e+06,2463.47
0,26,Linear,Logic,2.16723e+06,2.16969e+06,2463.47
0,26,down_proj,GPU,2.16969e+06,2.17215e+06,2463.47
0,26,Linear,Logic,2.16969e+06,2.17215e+06,2463.47
0,26,expert_FFN_3,GPU,2.17215e+06,2.17874e+06,6584.36
0,26,gate_proj,GPU,2.17215e+06,2.17435e+06,2193.18
0,26,Linear,Logic,2.17215e+06,2.17435e+06,2193.18
0,26,activation,Logic,2.17435e+06,2.17435e+06,4.81146
0,26,up_proj,GPU,2.17435e+06,2.17654e+06,2193.18
0,26,Linear,Logic,2.17435e+06,2.17654e+06,2193.18
0,26,down_proj,GPU,2.17654e+06,2.17874e+06,2193.18
0,26,Linear,Logic,2.17654e+06,2.17874e+06,2193.18
0,26,expert_FFN_4,GPU,2.14909e+06,2.17559e+06,26498.7
0,26,gate_proj,GPU,2.14909e+06,2.1579e+06,8809.39
0,26,Linear,GPU,2.14909e+06,2.1579e+06,8809.39
0,26,activation,GPU,2.1579e+06,2.15797e+06,70.568
0,26,up_proj,GPU,2.15797e+06,2.16678e+06,8809.39
0,26,Linear,GPU,2.15797e+06,2.16678e+06,8809.39
0,26,down_proj,GPU,2.16678e+06,2.17559e+06,8809.39
0,26,Linear,GPU,2.16678e+06,2.17559e+06,8809.39
0,26,expert_FFN_5,GPU,2.17559e+06,2.20203e+06,26438.3
0,26,gate_proj,GPU,2.17559e+06,2.18439e+06,8795.65
0,26,Linear,GPU,2.17559e+06,2.18439e+06,8795.65
0,26,activation,GPU,2.18439e+06,2.18444e+06,51.3222
0,26,up_proj,GPU,2.18444e+06,2.19323e+06,8795.65
0,26,Linear,GPU,2.18444e+06,2.19323e+06,8795.65
0,26,down_proj,GPU,2.19323e+06,2.20203e+06,8795.65
0,26,Linear,GPU,2.19323e+06,2.20203e+06,8795.65
0,26,expert_FFN_6,GPU,2.17874e+06,2.18697e+06,8227.59
0,26,gate_proj,GPU,2.17874e+06,2.18147e+06,2737.18
0,26,Linear,Logic,2.17874e+06,2.18147e+06,2737.18
0,26,activation,Logic,2.18147e+06,2.18149e+06,16.0382
0,26,up_proj,GPU,2.18149e+06,2.18423e+06,2737.18
0,26,Linear,Logic,2.18149e+06,2.18423e+06,2737.18
0,26,down_proj,GPU,2.18423e+06,2.18697e+06,2737.18
0,26,Linear,Logic,2.18423e+06,2.18697e+06,2737.18
0,26,expert_FFN_7,GPU,2.18697e+06,2.19356e+06,6594.44
0,26,gate_proj,GPU,2.18697e+06,2.18916e+06,2195.47
0,26,Linear,Logic,2.18697e+06,2.18916e+06,2195.47
0,26,activation,Logic,2.18916e+06,2.18917e+06,8.01909
0,26,up_proj,GPU,2.18917e+06,2.19136e+06,2195.47
0,26,Linear,Logic,2.18917e+06,2.19136e+06,2195.47
0,26,down_proj,GPU,2.19136e+06,2.19356e+06,2195.47
0,26,Linear,Logic,2.19136e+06,2.19356e+06,2195.47
0,26,sync_2,GPU,2.20203e+06,2.20203e+06,0
0,26,sync__set,GPU,2.20203e+06,2.20203e+06,0
0,26,sync__,GPU,2.20203e+06,2.20203e+06,0
0,26,moe_all_reduce_for_e_tp,GPU,2.20203e+06,2.20727e+06,5236.91
0,26,sync_3,GPU,2.20727e+06,2.20727e+06,0
0,26,sync__set,GPU,2.20727e+06,2.20727e+06,0
0,26,sync__,GPU,2.20727e+06,2.20727e+06,0
0,26,moe_gather,GPU,2.20727e+06,2.20727e+06,0
0,26,sync_for_moe_gather,GPU,2.20727e+06,2.20727e+06,0
0,26,sync__set,GPU,2.20727e+06,2.20727e+06,0
0,26,sync__,GPU,2.20727e+06,2.20727e+06,0
0,26,moe_all_reduce_for_gather,GPU,2.20727e+06,2.2125e+06,5236.91
0,26,sync_5,GPU,2.2125e+06,2.2125e+06,0
0,26,sync__set,GPU,2.2125e+06,2.2125e+06,0
0,26,sync__,GPU,2.2125e+06,2.2125e+06,0
0,26,sync_6,GPU,2.2125e+06,2.2125e+06,0
0,26,sync__set,GPU,2.2125e+06,2.2125e+06,0
0,26,sync__,GPU,2.2125e+06,2.2125e+06,0
0,26,residual_2,GPU,2.2125e+06,2.21266e+06,158.854
0,27,MoE_decoder_27,GPU,2.21266e+06,2.29372e+06,81059.9
0,27,input_layer_norm,GPU,2.21266e+06,2.21282e+06,158.854
0,27,attention,GPU,2.21282e+06,2.22976e+06,16935.9
0,27,attn_qkv_proj,GPU,2.21282e+06,2.21668e+06,3861.38
0,27,Linear,GPU,2.21282e+06,2.21668e+06,3861.38
0,27,self_attention,GPU,2.21668e+06,2.22192e+06,5237.31
0,27,AttentionSplit,GPU,2.21668e+06,2.21668e+06,0
0,27,AttentionSum,GPU,2.21668e+06,2.21668e+06,0
0,27,AttentionGen,Logic,2.21668e+06,2.22192e+06,5237.31
0,27,AttentionMerge,GPU,2.22192e+06,2.22192e+06,0
0,27,attn_o_proj,GPU,2.22192e+06,2.22452e+06,2600.32
0,27,Linear,GPU,2.22192e+06,2.22452e+06,2600.32
0,27,all_reduce,GPU,2.22452e+06,2.22976e+06,5236.91
0,27,residual_1,GPU,2.22976e+06,2.22992e+06,158.854
0,27,post_attn_layer_norm,GPU,2.22992e+06,2.23008e+06,158.854
0,27,expertFFN,GPU,2.23008e+06,2.29356e+06,63488.6
0,27,sync_0,GPU,2.23008e+06,2.23008e+06,0
0,27,sync__set,GPU,2.23008e+06,2.23008e+06,0
0,27,sync__,GPU,2.23008e+06,2.23008e+06,0
0,27,gate_fn,GPU,2.23008e+06,2.23017e+06,97.9093
0,27,Linear,GPU,2.23008e+06,2.23017e+06,97.9093
0,27,gate_update,GPU,2.23017e+06,2.23017e+06,0
0,27,moe_scatter,GPU,2.23017e+06,2.23017e+06,0
0,27,sync_for_moe_scatter,GPU,2.23017e+06,2.23017e+06,0
0,27,sync__set,GPU,2.23017e+06,2.23017e+06,0
0,27,sync__,GPU,2.23017e+06,2.23017e+06,0
0,27,moe_route,GPU,2.23017e+06,2.23017e+06,0
0,27,expert_FFN_0,GPU,2.23017e+06,2.23678e+06,6609.57
0,27,gate_proj,GPU,2.23017e+06,2.23237e+06,2198.91
0,27,Linear,Logic,2.23017e+06,2.23237e+06,2198.91
0,27,activation,Logic,2.23237e+06,2.23239e+06,12.8305
0,27,up_proj,GPU,2.23239e+06,2.23458e+06,2198.91
0,27,Linear,Logic,2.23239e+06,2.23458e+06,2198.91
0,27,down_proj,GPU,2.23458e+06,2.23678e+06,2198.91
0,27,Linear,Logic,2.23458e+06,2.23678e+06,2198.91
0,27,expert_FFN_1,GPU,2.23678e+06,2.24339e+06,6604.53
0,27,gate_proj,GPU,2.23678e+06,2.23898e+06,2197.77
0,27,Linear,Logic,2.23678e+06,2.23898e+06,2197.77
0,27,activation,Logic,2.23898e+06,2.23899e+06,11.2267
0,27,up_proj,GPU,2.23899e+06,2.24119e+06,2197.77
0,27,Linear,Logic,2.23899e+06,2.24119e+06,2197.77
0,27,down_proj,GPU,2.24119e+06,2.24339e+06,2197.77
0,27,Linear,Logic,2.24119e+06,2.24339e+06,2197.77
0,27,expert_FFN_2,GPU,2.24339e+06,2.24999e+06,6604.53
0,27,gate_proj,GPU,2.24339e+06,2.24559e+06,2197.77
0,27,Linear,Logic,2.24339e+06,2.24559e+06,2197.77
0,27,activation,Logic,2.24559e+06,2.2456e+06,11.2267
0,27,up_proj,GPU,2.2456e+06,2.24779e+06,2197.77
0,27,Linear,Logic,2.2456e+06,2.24779e+06,2197.77
0,27,down_proj,GPU,2.24779e+06,2.24999e+06,2197.77
0,27,Linear,Logic,2.24779e+06,2.24999e+06,2197.77
0,27,expert_FFN_3,GPU,2.24999e+06,2.2566e+06,6604.53
0,27,gate_proj,GPU,2.24999e+06,2.25219e+06,2197.77
0,27,Linear,Logic,2.24999e+06,2.25219e+06,2197.77
0,27,activation,Logic,2.25219e+06,2.2522e+06,11.2267
0,27,up_proj,GPU,2.2522e+06,2.2544e+06,2197.77
0,27,Linear,Logic,2.2522e+06,2.2544e+06,2197.77
0,27,down_proj,GPU,2.2544e+06,2.2566e+06,2197.77
0,27,Linear,Logic,2.2544e+06,2.2566e+06,2197.77
0,27,expert_FFN_4,GPU,2.2566e+06,2.26482e+06,8227.59
0,27,gate_proj,GPU,2.2566e+06,2.25933e+06,2737.18
0,27,Linear,Logic,2.2566e+06,2.25933e+06,2737.18
0,27,activation,Logic,2.25933e+06,2.25935e+06,16.0382
0,27,up_proj,GPU,2.25935e+06,2.26209e+06,2737.18
0,27,Linear,Logic,2.25935e+06,2.26209e+06,2737.18
0,27,down_proj,GPU,2.26209e+06,2.26482e+06,2737.18
0,27,Linear,Logic,2.26209e+06,2.26482e+06,2737.18
0,27,expert_FFN_5,GPU,2.26482e+06,2.27143e+06,6604.53
0,27,gate_proj,GPU,2.26482e+06,2.26702e+06,2197.77
0,27,Linear,Logic,2.26482e+06,2.26702e+06,2197.77
0,27,activation,Logic,2.26702e+06,2.26703e+06,11.2267
0,27,up_proj,GPU,2.26703e+06,2.26923e+06,2197.77
0,27,Linear,Logic,2.26703e+06,2.26923e+06,2197.77
0,27,down_proj,GPU,2.26923e+06,2.27143e+06,2197.77
0,27,Linear,Logic,2.26923e+06,2.27143e+06,2197.77
0,27,expert_FFN_6,GPU,2.23017e+06,2.25667e+06,26498.7
0,27,gate_proj,GPU,2.23017e+06,2.23898e+06,8809.39
0,27,Linear,GPU,2.23017e+06,2.23898e+06,8809.39
0,27,activation,GPU,2.23898e+06,2.23905e+06,70.568
0,27,up_proj,GPU,2.23905e+06,2.24786e+06,8809.39
0,27,Linear,GPU,2.23905e+06,2.24786e+06,8809.39
0,27,down_proj,GPU,2.24786e+06,2.25667e+06,8809.39
0,27,Linear,GPU,2.24786e+06,2.25667e+06,8809.39
0,27,expert_FFN_7,GPU,2.25667e+06,2.28309e+06,26418.1
0,27,gate_proj,GPU,2.25667e+06,2.26546e+06,8791.06
0,27,Linear,GPU,2.25667e+06,2.26546e+06,8791.06
0,27,activation,GPU,2.26546e+06,2.26551e+06,44.9069
0,27,up_proj,GPU,2.26551e+06,2.2743e+06,8791.06
0,27,Linear,GPU,2.26551e+06,2.2743e+06,8791.06
0,27,down_proj,GPU,2.2743e+06,2.28309e+06,8791.06
0,27,Linear,GPU,2.2743e+06,2.28309e+06,8791.06
0,27,sync_2,GPU,2.28309e+06,2.28309e+06,0
0,27,sync__set,GPU,2.28309e+06,2.28309e+06,0
0,27,sync__,GPU,2.28309e+06,2.28309e+06,0
0,27,moe_all_reduce_for_e_tp,GPU,2.28309e+06,2.28833e+06,5236.91
0,27,sync_3,GPU,2.28833e+06,2.28833e+06,0
0,27,sync__set,GPU,2.28833e+06,2.28833e+06,0
0,27,sync__,GPU,2.28833e+06,2.28833e+06,0
0,27,moe_gather,GPU,2.28833e+06,2.28833e+06,0
0,27,sync_for_moe_gather,GPU,2.28833e+06,2.28833e+06,0
0,27,sync__set,GPU,2.28833e+06,2.28833e+06,0
0,27,sync__,GPU,2.28833e+06,2.28833e+06,0
0,27,moe_all_reduce_for_gather,GPU,2.28833e+06,2.29356e+06,5236.91
0,27,sync_5,GPU,2.29356e+06,2.29356e+06,0
0,27,sync__set,GPU,2.29356e+06,2.29356e+06,0
0,27,sync__,GPU,2.29356e+06,2.29356e+06,0
0,27,sync_6,GPU,2.29356e+06,2.29356e+06,0
0,27,sync__set,GPU,2.29356e+06,2.29356e+06,0
0,27,sync__,GPU,2.29356e+06,2.29356e+06,0
0,27,residual_2,GPU,2.29356e+06,2.29372e+06,158.854
0,28,MoE_decoder_28,GPU,2.29372e+06,2.37482e+06,81100.2
0,28,input_layer_norm,GPU,2.29372e+06,2.29388e+06,158.854
0,28,attention,GPU,2.29388e+06,2.31082e+06,16935.9
0,28,attn_qkv_proj,GPU,2.29388e+06,2.29774e+06,3861.38
0,28,Linear,GPU,2.29388e+06,2.29774e+06,3861.38
0,28,self_attention,GPU,2.29774e+06,2.30298e+06,5237.31
0,28,AttentionSplit,GPU,2.29774e+06,2.29774e+06,0
0,28,AttentionSum,GPU,2.29774e+06,2.29774e+06,0
0,28,AttentionGen,Logic,2.29774e+06,2.30298e+06,5237.31
0,28,AttentionMerge,GPU,2.30298e+06,2.30298e+06,0
0,28,attn_o_proj,GPU,2.30298e+06,2.30558e+06,2600.32
0,28,Linear,GPU,2.30298e+06,2.30558e+06,2600.32
0,28,all_reduce,GPU,2.30558e+06,2.31082e+06,5236.91
0,28,residual_1,GPU,2.31082e+06,2.31098e+06,158.854
0,28,post_attn_layer_norm,GPU,2.31098e+06,2.31114e+06,158.854
0,28,expertFFN,GPU,2.31114e+06,2.37466e+06,63528.9
0,28,sync_0,GPU,2.31114e+06,2.31114e+06,0
0,28,sync__set,GPU,2.31114e+06,2.31114e+06,0
0,28,sync__,GPU,2.31114e+06,2.31114e+06,0
0,28,gate_fn,GPU,2.31114e+06,2.31123e+06,97.9093
0,28,Linear,GPU,2.31114e+06,2.31123e+06,97.9093
0,28,gate_update,GPU,2.31123e+06,2.31123e+06,0
0,28,moe_scatter,GPU,2.31123e+06,2.31123e+06,0
0,28,sync_for_moe_scatter,GPU,2.31123e+06,2.31123e+06,0
0,28,sync__set,GPU,2.31123e+06,2.31123e+06,0
0,28,sync__,GPU,2.31123e+06,2.31123e+06,0
0,28,moe_route,GPU,2.31123e+06,2.31123e+06,0
0,28,expert_FFN_0,GPU,2.31123e+06,2.33773e+06,26498.7
0,28,gate_proj,GPU,2.31123e+06,2.32004e+06,8809.39
0,28,Linear,GPU,2.31123e+06,2.32004e+06,8809.39
0,28,activation,GPU,2.32004e+06,2.32011e+06,70.568
0,28,up_proj,GPU,2.32011e+06,2.32892e+06,8809.39
0,28,Linear,GPU,2.32011e+06,2.32892e+06,8809.39
0,28,down_proj,GPU,2.32892e+06,2.33773e+06,8809.39
0,28,Linear,GPU,2.32892e+06,2.33773e+06,8809.39
0,28,expert_FFN_1,GPU,2.33773e+06,2.36419e+06,26458.4
0,28,gate_proj,GPU,2.33773e+06,2.34653e+06,8800.23
0,28,Linear,GPU,2.33773e+06,2.34653e+06,8800.23
0,28,activation,GPU,2.34653e+06,2.34659e+06,57.7375
0,28,up_proj,GPU,2.34659e+06,2.35539e+06,8800.23
0,28,Linear,GPU,2.34659e+06,2.35539e+06,8800.23
0,28,down_proj,GPU,2.35539e+06,2.36419e+06,8800.23
0,28,Linear,GPU,2.35539e+06,2.36419e+06,8800.23
0,28,expert_FFN_2,GPU,2.31123e+06,2.31864e+06,7404.83
0,28,gate_proj,GPU,2.31123e+06,2.3137e+06,2463.47
0,28,Linear,Logic,2.31123e+06,2.3137e+06,2463.47
0,28,activation,Logic,2.3137e+06,2.31371e+06,14.4344
0,28,up_proj,GPU,2.31371e+06,2.31617e+06,2463.47
0,28,Linear,Logic,2.31371e+06,2.31617e+06,2463.47
0,28,down_proj,GPU,2.31617e+06,2.31864e+06,2463.47
0,28,Linear,Logic,2.31617e+06,2.31864e+06,2463.47
0,28,expert_FFN_3,GPU,2.31864e+06,2.32604e+06,7404.83
0,28,gate_proj,GPU,2.31864e+06,2.3211e+06,2463.47
0,28,Linear,Logic,2.31864e+06,2.3211e+06,2463.47
0,28,activation,Logic,2.3211e+06,2.32112e+06,14.4344
0,28,up_proj,GPU,2.32112e+06,2.32358e+06,2463.47
0,28,Linear,Logic,2.32112e+06,2.32358e+06,2463.47
0,28,down_proj,GPU,2.32358e+06,2.32604e+06,2463.47
0,28,Linear,Logic,2.32358e+06,2.32604e+06,2463.47
0,28,expert_FFN_4,GPU,2.32604e+06,2.33265e+06,6604.53
0,28,gate_proj,GPU,2.32604e+06,2.32824e+06,2197.77
0,28,Linear,Logic,2.32604e+06,2.32824e+06,2197.77
0,28,activation,Logic,2.32824e+06,2.32825e+06,11.2267
0,28,up_proj,GPU,2.32825e+06,2.33045e+06,2197.77
0,28,Linear,Logic,2.32825e+06,2.33045e+06,2197.77
0,28,down_proj,GPU,2.33045e+06,2.33265e+06,2197.77
0,28,Linear,Logic,2.33045e+06,2.33265e+06,2197.77
0,28,expert_FFN_5,GPU,2.33265e+06,2.33926e+06,6609.57
0,28,gate_proj,GPU,2.33265e+06,2.33485e+06,2198.91
0,28,Linear,Logic,2.33265e+06,2.33485e+06,2198.91
0,28,activation,Logic,2.33485e+06,2.33486e+06,12.8305
0,28,up_proj,GPU,2.33486e+06,2.33706e+06,2198.91
0,28,Linear,Logic,2.33486e+06,2.33706e+06,2198.91
0,28,down_proj,GPU,2.33706e+06,2.33926e+06,2198.91
0,28,Linear,Logic,2.33706e+06,2.33926e+06,2198.91
0,28,expert_FFN_6,GPU,2.33926e+06,2.34585e+06,6589.4
0,28,gate_proj,GPU,2.33926e+06,2.34145e+06,2194.33
0,28,Linear,Logic,2.33926e+06,2.34145e+06,2194.33
0,28,activation,Logic,2.34145e+06,2.34146e+06,6.41527
0,28,up_proj,GPU,2.34146e+06,2.34365e+06,2194.33
0,28,Linear,Logic,2.34146e+06,2.34365e+06,2194.33
0,28,down_proj,GPU,2.34365e+06,2.34585e+06,2194.33
0,28,Linear,Logic,2.34365e+06,2.34585e+06,2194.33
0,28,expert_FFN_7,GPU,2.34585e+06,2.35245e+06,6604.53
0,28,gate_proj,GPU,2.34585e+06,2.34804e+06,2197.77
0,28,Linear,Logic,2.34585e+06,2.34804e+06,2197.77
0,28,activation,Logic,2.34804e+06,2.34806e+06,11.2267
0,28,up_proj,GPU,2.34806e+06,2.35025e+06,2197.77
0,28,Linear,Logic,2.34806e+06,2.35025e+06,2197.77
0,28,down_proj,GPU,2.35025e+06,2.35245e+06,2197.77
0,28,Linear,Logic,2.35025e+06,2.35245e+06,2197.77
0,28,sync_2,GPU,2.36419e+06,2.36419e+06,0
0,28,sync__set,GPU,2.36419e+06,2.36419e+06,0
0,28,sync__,GPU,2.36419e+06,2.36419e+06,0
0,28,moe_all_reduce_for_e_tp,GPU,2.36419e+06,2.36943e+06,5236.91
0,28,sync_3,GPU,2.36943e+06,2.36943e+06,0
0,28,sync__set,GPU,2.36943e+06,2.36943e+06,0
0,28,sync__,GPU,2.36943e+06,2.36943e+06,0
0,28,moe_gather,GPU,2.36943e+06,2.36943e+06,0
0,28,sync_for_moe_gather,GPU,2.36943e+06,2.36943e+06,0
0,28,sync__set,GPU,2.36943e+06,2.36943e+06,0
0,28,sync__,GPU,2.36943e+06,2.36943e+06,0
0,28,moe_all_reduce_for_gather,GPU,2.36943e+06,2.37466e+06,5236.91
0,28,sync_5,GPU,2.37466e+06,2.37466e+06,0
0,28,sync__set,GPU,2.37466e+06,2.37466e+06,0
0,28,sync__,GPU,2.37466e+06,2.37466e+06,0
0,28,sync_6,GPU,2.37466e+06,2.37466e+06,0
0,28,sync__set,GPU,2.37466e+06,2.37466e+06,0
0,28,sync__,GPU,2.37466e+06,2.37466e+06,0
0,28,residual_2,GPU,2.37466e+06,2.37482e+06,158.854
0,29,MoE_decoder_29,GPU,2.37482e+06,2.4559e+06,81080.1
0,29,input_layer_norm,GPU,2.37482e+06,2.37498e+06,158.854
0,29,attention,GPU,2.37498e+06,2.39192e+06,16935.9
0,29,attn_qkv_proj,GPU,2.37498e+06,2.37884e+06,3861.38
0,29,Linear,GPU,2.37498e+06,2.37884e+06,3861.38
0,29,self_attention,GPU,2.37884e+06,2.38408e+06,5237.31
0,29,AttentionSplit,GPU,2.37884e+06,2.37884e+06,0
0,29,AttentionSum,GPU,2.37884e+06,2.37884e+06,0
0,29,AttentionGen,Logic,2.37884e+06,2.38408e+06,5237.31
0,29,AttentionMerge,GPU,2.38408e+06,2.38408e+06,0
0,29,attn_o_proj,GPU,2.38408e+06,2.38668e+06,2600.32
0,29,Linear,GPU,2.38408e+06,2.38668e+06,2600.32
0,29,all_reduce,GPU,2.38668e+06,2.39192e+06,5236.91
0,29,residual_1,GPU,2.39192e+06,2.39208e+06,158.854
0,29,post_attn_layer_norm,GPU,2.39208e+06,2.39224e+06,158.854
0,29,expertFFN,GPU,2.39224e+06,2.45574e+06,63508.7
0,29,sync_0,GPU,2.39224e+06,2.39224e+06,0
0,29,sync__set,GPU,2.39224e+06,2.39224e+06,0
0,29,sync__,GPU,2.39224e+06,2.39224e+06,0
0,29,gate_fn,GPU,2.39224e+06,2.39233e+06,97.9093
0,29,Linear,GPU,2.39224e+06,2.39233e+06,97.9093
0,29,gate_update,GPU,2.39233e+06,2.39233e+06,0
0,29,moe_scatter,GPU,2.39233e+06,2.39233e+06,0
0,29,sync_for_moe_scatter,GPU,2.39233e+06,2.39233e+06,0
0,29,sync__set,GPU,2.39233e+06,2.39233e+06,0
0,29,sync__,GPU,2.39233e+06,2.39233e+06,0
0,29,moe_route,GPU,2.39233e+06,2.39233e+06,0
0,29,expert_FFN_0,GPU,2.39233e+06,2.39894e+06,6609.57
0,29,gate_proj,GPU,2.39233e+06,2.39453e+06,2198.91
0,29,Linear,Logic,2.39233e+06,2.39453e+06,2198.91
0,29,activation,Logic,2.39453e+06,2.39455e+06,12.8305
0,29,up_proj,GPU,2.39455e+06,2.39674e+06,2198.91
0,29,Linear,Logic,2.39455e+06,2.39674e+06,2198.91
0,29,down_proj,GPU,2.39674e+06,2.39894e+06,2198.91
0,29,Linear,Logic,2.39674e+06,2.39894e+06,2198.91
0,29,expert_FFN_1,GPU,2.39894e+06,2.40635e+06,7404.83
0,29,gate_proj,GPU,2.39894e+06,2.40141e+06,2463.47
0,29,Linear,Logic,2.39894e+06,2.40141e+06,2463.47
0,29,activation,Logic,2.40141e+06,2.40142e+06,14.4344
0,29,up_proj,GPU,2.40142e+06,2.40388e+06,2463.47
0,29,Linear,Logic,2.40142e+06,2.40388e+06,2463.47
0,29,down_proj,GPU,2.40388e+06,2.40635e+06,2463.47
0,29,Linear,Logic,2.40388e+06,2.40635e+06,2463.47
0,29,expert_FFN_2,GPU,2.39233e+06,2.41883e+06,26498.7
0,29,gate_proj,GPU,2.39233e+06,2.40114e+06,8809.39
0,29,Linear,GPU,2.39233e+06,2.40114e+06,8809.39
0,29,activation,GPU,2.40114e+06,2.40121e+06,70.568
0,29,up_proj,GPU,2.40121e+06,2.41002e+06,8809.39
0,29,Linear,GPU,2.40121e+06,2.41002e+06,8809.39
0,29,down_proj,GPU,2.41002e+06,2.41883e+06,8809.39
0,29,Linear,GPU,2.41002e+06,2.41883e+06,8809.39
0,29,expert_FFN_3,GPU,2.41883e+06,2.44527e+06,26438.3
0,29,gate_proj,GPU,2.41883e+06,2.42763e+06,8795.65
0,29,Linear,GPU,2.41883e+06,2.42763e+06,8795.65
0,29,activation,GPU,2.42763e+06,2.42768e+06,51.3222
0,29,up_proj,GPU,2.42768e+06,2.43648e+06,8795.65
0,29,Linear,GPU,2.42768e+06,2.43648e+06,8795.65
0,29,down_proj,GPU,2.43648e+06,2.44527e+06,8795.65
0,29,Linear,GPU,2.43648e+06,2.44527e+06,8795.65
0,29,expert_FFN_4,GPU,2.40635e+06,2.41295e+06,6599.48
0,29,gate_proj,GPU,2.40635e+06,2.40854e+06,2196.62
0,29,Linear,Logic,2.40635e+06,2.40854e+06,2196.62
0,29,activation,Logic,2.40854e+06,2.40855e+06,9.62291
0,29,up_proj,GPU,2.40855e+06,2.41075e+06,2196.62
0,29,Linear,Logic,2.40855e+06,2.41075e+06,2196.62
0,29,down_proj,GPU,2.41075e+06,2.41295e+06,2196.62
0,29,Linear,Logic,2.41075e+06,2.41295e+06,2196.62
0,29,expert_FFN_5,GPU,2.41295e+06,2.42118e+06,8227.59
0,29,gate_proj,GPU,2.41295e+06,2.41568e+06,2737.18
0,29,Linear,Logic,2.41295e+06,2.41568e+06,2737.18
0,29,activation,Logic,2.41568e+06,2.4157e+06,16.0382
0,29,up_proj,GPU,2.4157e+06,2.41844e+06,2737.18
0,29,Linear,Logic,2.4157e+06,2.41844e+06,2737.18
0,29,down_proj,GPU,2.41844e+06,2.42118e+06,2737.18
0,29,Linear,Logic,2.41844e+06,2.42118e+06,2737.18
0,29,expert_FFN_6,GPU,2.42118e+06,2.42778e+06,6609.57
0,29,gate_proj,GPU,2.42118e+06,2.42337e+06,2198.91
0,29,Linear,Logic,2.42118e+06,2.42337e+06,2198.91
0,29,activation,Logic,2.42337e+06,2.42339e+06,12.8305
0,29,up_proj,GPU,2.42339e+06,2.42559e+06,2198.91
0,29,Linear,Logic,2.42339e+06,2.42559e+06,2198.91
0,29,down_proj,GPU,2.42559e+06,2.42778e+06,2198.91
0,29,Linear,Logic,2.42559e+06,2.42778e+06,2198.91
0,29,expert_FFN_7,GPU,2.42778e+06,2.43437e+06,6589.4
0,29,gate_proj,GPU,2.42778e+06,2.42998e+06,2194.33
0,29,Linear,Logic,2.42778e+06,2.42998e+06,2194.33
0,29,activation,Logic,2.42998e+06,2.42999e+06,6.41527
0,29,up_proj,GPU,2.42999e+06,2.43218e+06,2194.33
0,29,Linear,Logic,2.42999e+06,2.43218e+06,2194.33
0,29,down_proj,GPU,2.43218e+06,2.43437e+06,2194.33
0,29,Linear,Logic,2.43218e+06,2.43437e+06,2194.33
0,29,sync_2,GPU,2.44527e+06,2.44527e+06,0
0,29,sync__set,GPU,2.44527e+06,2.44527e+06,0
0,29,sync__,GPU,2.44527e+06,2.44527e+06,0
0,29,moe_all_reduce_for_e_tp,GPU,2.44527e+06,2.45051e+06,5236.91
0,29,sync_3,GPU,2.45051e+06,2.45051e+06,0
0,29,sync__set,GPU,2.45051e+06,2.45051e+06,0
0,29,sync__,GPU,2.45051e+06,2.45051e+06,0
0,29,moe_gather,GPU,2.45051e+06,2.45051e+06,0
0,29,sync_for_moe_gather,GPU,2.45051e+06,2.45051e+06,0
0,29,sync__set,GPU,2.45051e+06,2.45051e+06,0
0,29,sync__,GPU,2.45051e+06,2.45051e+06,0
0,29,moe_all_reduce_for_gather,GPU,2.45051e+06,2.45574e+06,5236.91
0,29,sync_5,GPU,2.45574e+06,2.45574e+06,0
0,29,sync__set,GPU,2.45574e+06,2.45574e+06,0
0,29,sync__,GPU,2.45574e+06,2.45574e+06,0
0,29,sync_6,GPU,2.45574e+06,2.45574e+06,0
0,29,sync__set,GPU,2.45574e+06,2.45574e+06,0
0,29,sync__,GPU,2.45574e+06,2.45574e+06,0
0,29,residual_2,GPU,2.45574e+06,2.4559e+06,158.854
0,30,MoE_decoder_30,GPU,2.4559e+06,2.53702e+06,81120.4
0,30,input_layer_norm,GPU,2.4559e+06,2.45606e+06,158.854
0,30,attention,GPU,2.45606e+06,2.473e+06,16935.9
0,30,attn_qkv_proj,GPU,2.45606e+06,2.45992e+06,3861.38
0,30,Linear,GPU,2.45606e+06,2.45992e+06,3861.38
0,30,self_attention,GPU,2.45992e+06,2.46516e+06,5237.31
0,30,AttentionSplit,GPU,2.45992e+06,2.45992e+06,0
0,30,AttentionSum,GPU,2.45992e+06,2.45992e+06,0
0,30,AttentionGen,Logic,2.45992e+06,2.46516e+06,5237.31
0,30,AttentionMerge,GPU,2.46516e+06,2.46516e+06,0
0,30,attn_o_proj,GPU,2.46516e+06,2.46776e+06,2600.32
0,30,Linear,GPU,2.46516e+06,2.46776e+06,2600.32
0,30,all_reduce,GPU,2.46776e+06,2.473e+06,5236.91
0,30,residual_1,GPU,2.473e+06,2.47316e+06,158.854
0,30,post_attn_layer_norm,GPU,2.47316e+06,2.47332e+06,158.854
0,30,expertFFN,GPU,2.47332e+06,2.53687e+06,63549.1
0,30,sync_0,GPU,2.47332e+06,2.47332e+06,0
0,30,sync__set,GPU,2.47332e+06,2.47332e+06,0
0,30,sync__,GPU,2.47332e+06,2.47332e+06,0
0,30,gate_fn,GPU,2.47332e+06,2.47341e+06,97.9093
0,30,Linear,GPU,2.47332e+06,2.47341e+06,97.9093
0,30,gate_update,GPU,2.47341e+06,2.47341e+06,0
0,30,moe_scatter,GPU,2.47341e+06,2.47341e+06,0
0,30,sync_for_moe_scatter,GPU,2.47341e+06,2.47341e+06,0
0,30,sync__set,GPU,2.47341e+06,2.47341e+06,0
0,30,sync__,GPU,2.47341e+06,2.47341e+06,0
0,30,moe_route,GPU,2.47341e+06,2.47341e+06,0
0,30,expert_FFN_0,GPU,2.47341e+06,2.48e+06,6589.4
0,30,gate_proj,GPU,2.47341e+06,2.47561e+06,2194.33
0,30,Linear,Logic,2.47341e+06,2.47561e+06,2194.33
0,30,activation,Logic,2.47561e+06,2.47561e+06,6.41527
0,30,up_proj,GPU,2.47561e+06,2.47781e+06,2194.33
0,30,Linear,Logic,2.47561e+06,2.47781e+06,2194.33
0,30,down_proj,GPU,2.47781e+06,2.48e+06,2194.33
0,30,Linear,Logic,2.47781e+06,2.48e+06,2194.33
0,30,expert_FFN_1,GPU,2.48e+06,2.48661e+06,6609.57
0,30,gate_proj,GPU,2.48e+06,2.4822e+06,2198.91
0,30,Linear,Logic,2.48e+06,2.4822e+06,2198.91
0,30,activation,Logic,2.4822e+06,2.48222e+06,12.8305
0,30,up_proj,GPU,2.48222e+06,2.48441e+06,2198.91
0,30,Linear,Logic,2.48222e+06,2.48441e+06,2198.91
0,30,down_proj,GPU,2.48441e+06,2.48661e+06,2198.91
0,30,Linear,Logic,2.48441e+06,2.48661e+06,2198.91
0,30,expert_FFN_2,GPU,2.47341e+06,2.49991e+06,26498.7
0,30,gate_proj,GPU,2.47341e+06,2.48222e+06,8809.39
0,30,Linear,GPU,2.47341e+06,2.48222e+06,8809.39
0,30,activation,GPU,2.48222e+06,2.48229e+06,70.568
0,30,up_proj,GPU,2.48229e+06,2.4911e+06,8809.39
0,30,Linear,GPU,2.48229e+06,2.4911e+06,8809.39
0,30,down_proj,GPU,2.4911e+06,2.49991e+06,8809.39
0,30,Linear,GPU,2.4911e+06,2.49991e+06,8809.39
0,30,expert_FFN_3,GPU,2.49991e+06,2.52639e+06,26478.6
0,30,gate_proj,GPU,2.49991e+06,2.50872e+06,8804.81
0,30,Linear,GPU,2.49991e+06,2.50872e+06,8804.81
0,30,activation,GPU,2.50872e+06,2.50878e+06,64.1527
0,30,up_proj,GPU,2.50878e+06,2.51759e+06,8804.81
0,30,Linear,GPU,2.50878e+06,2.51759e+06,8804.81
0,30,down_proj,GPU,2.51759e+06,2.52639e+06,8804.81
0,30,Linear,GPU,2.51759e+06,2.52639e+06,8804.81
0,30,expert_FFN_4,GPU,2.48661e+06,2.49402e+06,7404.83
0,30,gate_proj,GPU,2.48661e+06,2.48908e+06,2463.47
0,30,Linear,Logic,2.48661e+06,2.48908e+06,2463.47
0,30,activation,Logic,2.48908e+06,2.48909e+06,14.4344
0,30,up_proj,GPU,2.48909e+06,2.49155e+06,2463.47
0,30,Linear,Logic,2.48909e+06,2.49155e+06,2463.47
0,30,down_proj,GPU,2.49155e+06,2.49402e+06,2463.47
0,30,Linear,Logic,2.49155e+06,2.49402e+06,2463.47
0,30,expert_FFN_5,GPU,2.49402e+06,2.50389e+06,9873.11
0,30,gate_proj,GPU,2.49402e+06,2.4973e+06,3284.62
0,30,Linear,Logic,2.49402e+06,2.4973e+06,3284.62
0,30,activation,Logic,2.4973e+06,2.49732e+06,19.2458
0,30,up_proj,GPU,2.49732e+06,2.50061e+06,3284.62
0,30,Linear,Logic,2.49732e+06,2.50061e+06,3284.62
0,30,down_proj,GPU,2.50061e+06,2.50389e+06,3284.62
0,30,Linear,Logic,2.50061e+06,2.50389e+06,3284.62
0,30,expert_FFN_6,GPU,2.50389e+06,2.51048e+06,6584.36
0,30,gate_proj,GPU,2.50389e+06,2.50608e+06,2193.18
0,30,Linear,Logic,2.50389e+06,2.50608e+06,2193.18
0,30,activation,Logic,2.50608e+06,2.50609e+06,4.81146
0,30,up_proj,GPU,2.50609e+06,2.50828e+06,2193.18
0,30,Linear,Logic,2.50609e+06,2.50828e+06,2193.18
0,30,down_proj,GPU,2.50828e+06,2.51048e+06,2193.18
0,30,Linear,Logic,2.50828e+06,2.51048e+06,2193.18
0,30,expert_FFN_7,GPU,2.51048e+06,2.51708e+06,6604.53
0,30,gate_proj,GPU,2.51048e+06,2.51267e+06,2197.77
0,30,Linear,Logic,2.51048e+06,2.51267e+06,2197.77
0,30,activation,Logic,2.51267e+06,2.51268e+06,11.2267
0,30,up_proj,GPU,2.51268e+06,2.51488e+06,2197.77
0,30,Linear,Logic,2.51268e+06,2.51488e+06,2197.77
0,30,down_proj,GPU,2.51488e+06,2.51708e+06,2197.77
0,30,Linear,Logic,2.51488e+06,2.51708e+06,2197.77
0,30,sync_2,GPU,2.52639e+06,2.52639e+06,0
0,30,sync__set,GPU,2.52639e+06,2.52639e+06,0
0,30,sync__,GPU,2.52639e+06,2.52639e+06,0
0,30,moe_all_reduce_for_e_tp,GPU,2.52639e+06,2.53163e+06,5236.91
0,30,sync_3,GPU,2.53163e+06,2.53163e+06,0
0,30,sync__set,GPU,2.53163e+06,2.53163e+06,0
0,30,sync__,GPU,2.53163e+06,2.53163e+06,0
0,30,moe_gather,GPU,2.53163e+06,2.53163e+06,0
0,30,sync_for_moe_gather,GPU,2.53163e+06,2.53163e+06,0
0,30,sync__set,GPU,2.53163e+06,2.53163e+06,0
0,30,sync__,GPU,2.53163e+06,2.53163e+06,0
0,30,moe_all_reduce_for_gather,GPU,2.53163e+06,2.53687e+06,5236.91
0,30,sync_5,GPU,2.53687e+06,2.53687e+06,0
0,30,sync__set,GPU,2.53687e+06,2.53687e+06,0
0,30,sync__,GPU,2.53687e+06,2.53687e+06,0
0,30,sync_6,GPU,2.53687e+06,2.53687e+06,0
0,30,sync__set,GPU,2.53687e+06,2.53687e+06,0
0,30,sync__,GPU,2.53687e+06,2.53687e+06,0
0,30,residual_2,GPU,2.53687e+06,2.53702e+06,158.854
0,31,MoE_decoder_31,GPU,2.53702e+06,2.6181e+06,81080.1
0,31,input_layer_norm,GPU,2.53702e+06,2.53718e+06,158.854
0,31,attention,GPU,2.53718e+06,2.55412e+06,16935.9
0,31,attn_qkv_proj,GPU,2.53718e+06,2.54104e+06,3861.38
0,31,Linear,GPU,2.53718e+06,2.54104e+06,3861.38
0,31,self_attention,GPU,2.54104e+06,2.54628e+06,5237.31
0,31,AttentionSplit,GPU,2.54104e+06,2.54104e+06,0
0,31,AttentionSum,GPU,2.54104e+06,2.54104e+06,0
0,31,AttentionGen,Logic,2.54104e+06,2.54628e+06,5237.31
0,31,AttentionMerge,GPU,2.54628e+06,2.54628e+06,0
0,31,attn_o_proj,GPU,2.54628e+06,2.54888e+06,2600.32
0,31,Linear,GPU,2.54628e+06,2.54888e+06,2600.32
0,31,all_reduce,GPU,2.54888e+06,2.55412e+06,5236.91
0,31,residual_1,GPU,2.55412e+06,2.55428e+06,158.854
0,31,post_attn_layer_norm,GPU,2.55428e+06,2.55444e+06,158.854
0,31,expertFFN,GPU,2.55444e+06,2.61795e+06,63508.7
0,31,sync_0,GPU,2.55444e+06,2.55444e+06,0
0,31,sync__set,GPU,2.55444e+06,2.55444e+06,0
0,31,sync__,GPU,2.55444e+06,2.55444e+06,0
0,31,gate_fn,GPU,2.55444e+06,2.55453e+06,97.9093
0,31,Linear,GPU,2.55444e+06,2.55453e+06,97.9093
0,31,gate_update,GPU,2.55453e+06,2.55453e+06,0
0,31,moe_scatter,GPU,2.55453e+06,2.55453e+06,0
0,31,sync_for_moe_scatter,GPU,2.55453e+06,2.55453e+06,0
0,31,sync__set,GPU,2.55453e+06,2.55453e+06,0
0,31,sync__,GPU,2.55453e+06,2.55453e+06,0
0,31,moe_route,GPU,2.55453e+06,2.55453e+06,0
0,31,expert_FFN_0,GPU,2.55453e+06,2.58103e+06,26498.7
0,31,gate_proj,GPU,2.55453e+06,2.56334e+06,8809.39
0,31,Linear,GPU,2.55453e+06,2.56334e+06,8809.39
0,31,activation,GPU,2.56334e+06,2.56341e+06,70.568
0,31,up_proj,GPU,2.56341e+06,2.57222e+06,8809.39
0,31,Linear,GPU,2.56341e+06,2.57222e+06,8809.39
0,31,down_proj,GPU,2.57222e+06,2.58103e+06,8809.39
0,31,Linear,GPU,2.57222e+06,2.58103e+06,8809.39
0,31,expert_FFN_1,GPU,2.58103e+06,2.60747e+06,26438.3
0,31,gate_proj,GPU,2.58103e+06,2.58983e+06,8795.65
0,31,Linear,GPU,2.58103e+06,2.58983e+06,8795.65
0,31,activation,GPU,2.58983e+06,2.58988e+06,51.3222
0,31,up_proj,GPU,2.58988e+06,2.59868e+06,8795.65
0,31,Linear,GPU,2.58988e+06,2.59868e+06,8795.65
0,31,down_proj,GPU,2.59868e+06,2.60747e+06,8795.65
0,31,Linear,GPU,2.59868e+06,2.60747e+06,8795.65
0,31,expert_FFN_2,GPU,2.55453e+06,2.56114e+06,6609.57
0,31,gate_proj,GPU,2.55453e+06,2.55673e+06,2198.91
0,31,Linear,Logic,2.55453e+06,2.55673e+06,2198.91
0,31,activation,Logic,2.55673e+06,2.55675e+06,12.8305
0,31,up_proj,GPU,2.55675e+06,2.55894e+06,2198.91
0,31,Linear,Logic,2.55675e+06,2.55894e+06,2198.91
0,31,down_proj,GPU,2.55894e+06,2.56114e+06,2198.91
0,31,Linear,Logic,2.55894e+06,2.56114e+06,2198.91
0,31,expert_FFN_3,GPU,2.56114e+06,2.56774e+06,6599.48
0,31,gate_proj,GPU,2.56114e+06,2.56334e+06,2196.62
0,31,Linear,Logic,2.56114e+06,2.56334e+06,2196.62
0,31,activation,Logic,2.56334e+06,2.56335e+06,9.62291
0,31,up_proj,GPU,2.56335e+06,2.56555e+06,2196.62
0,31,Linear,Logic,2.56335e+06,2.56555e+06,2196.62
0,31,down_proj,GPU,2.56555e+06,2.56774e+06,2196.62
0,31,Linear,Logic,2.56555e+06,2.56774e+06,2196.62
0,31,expert_FFN_4,GPU,2.56774e+06,2.57435e+06,6609.57
0,31,gate_proj,GPU,2.56774e+06,2.56994e+06,2198.91
0,31,Linear,Logic,2.56774e+06,2.56994e+06,2198.91
0,31,activation,Logic,2.56994e+06,2.56996e+06,12.8305
0,31,up_proj,GPU,2.56996e+06,2.57215e+06,2198.91
0,31,Linear,Logic,2.56996e+06,2.57215e+06,2198.91
0,31,down_proj,GPU,2.57215e+06,2.57435e+06,2198.91
0,31,Linear,Logic,2.57215e+06,2.57435e+06,2198.91
0,31,expert_FFN_5,GPU,2.57435e+06,2.5834e+06,9050.35
0,31,gate_proj,GPU,2.57435e+06,2.57736e+06,3010.9
0,31,Linear,Logic,2.57435e+06,2.57736e+06,3010.9
0,31,activation,Logic,2.57736e+06,2.57738e+06,17.642
0,31,up_proj,GPU,2.57738e+06,2.58039e+06,3010.9
0,31,Linear,Logic,2.57738e+06,2.58039e+06,3010.9
0,31,down_proj,GPU,2.58039e+06,2.5834e+06,3010.9
0,31,Linear,Logic,2.58039e+06,2.5834e+06,3010.9
0,31,expert_FFN_6,GPU,2.5834e+06,2.59001e+06,6609.57
0,31,gate_proj,GPU,2.5834e+06,2.5856e+06,2198.91
0,31,Linear,Logic,2.5834e+06,2.5856e+06,2198.91
0,31,activation,Logic,2.5856e+06,2.58561e+06,12.8305
0,31,up_proj,GPU,2.58561e+06,2.58781e+06,2198.91
0,31,Linear,Logic,2.58561e+06,2.58781e+06,2198.91
0,31,down_proj,GPU,2.58781e+06,2.59001e+06,2198.91
0,31,Linear,Logic,2.58781e+06,2.59001e+06,2198.91
0,31,expert_FFN_7,GPU,2.59001e+06,2.5966e+06,6589.4
0,31,gate_proj,GPU,2.59001e+06,2.59221e+06,2194.33
0,31,Linear,Logic,2.59001e+06,2.59221e+06,2194.33
0,31,activation,Logic,2.59221e+06,2.59221e+06,6.41527
0,31,up_proj,GPU,2.59221e+06,2.59441e+06,2194.33
0,31,Linear,Logic,2.59221e+06,2.59441e+06,2194.33
0,31,down_proj,GPU,2.59441e+06,2.5966e+06,2194.33
0,31,Linear,Logic,2.59441e+06,2.5966e+06,2194.33
0,31,sync_2,GPU,2.60747e+06,2.60747e+06,0
0,31,sync__set,GPU,2.60747e+06,2.60747e+06,0
0,31,sync__,GPU,2.60747e+06,2.60747e+06,0
0,31,moe_all_reduce_for_e_tp,GPU,2.60747e+06,2.61271e+06,5236.91
0,31,sync_3,GPU,2.61271e+06,2.61271e+06,0
0,31,sync__set,GPU,2.61271e+06,2.61271e+06,0
0,31,sync__,GPU,2.61271e+06,2.61271e+06,0
0,31,moe_gather,GPU,2.61271e+06,2.61271e+06,0
0,31,sync_for_moe_gather,GPU,2.61271e+06,2.61271e+06,0
0,31,sync__set,GPU,2.61271e+06,2.61271e+06,0
0,31,sync__,GPU,2.61271e+06,2.61271e+06,0
0,31,moe_all_reduce_for_gather,GPU,2.61271e+06,2.61795e+06,5236.91
0,31,sync_5,GPU,2.61795e+06,2.61795e+06,0
0,31,sync__set,GPU,2.61795e+06,2.61795e+06,0
0,31,sync__,GPU,2.61795e+06,2.61795e+06,0
0,31,sync_6,GPU,2.61795e+06,2.61795e+06,0
0,31,sync__set,GPU,2.61795e+06,2.61795e+06,0
0,31,sync__,GPU,2.61795e+06,2.61795e+06,0
0,31,residual_2,GPU,2.61795e+06,2.6181e+06,158.854
1,0,MoE_decoder_0,GPU,0,81080.1,81080.1
1,0,input_layer_norm,GPU,0,158.854,158.854
1,0,attention,GPU,158.854,17094.8,16935.9
1,0,attn_qkv_proj,GPU,158.854,4020.24,3861.38
1,0,Linear,GPU,158.854,4020.24,3861.38
1,0,self_attention,GPU,4020.24,9257.55,5237.31
1,0,AttentionSplit,GPU,4020.24,4020.24,0
1,0,AttentionSum,GPU,4020.24,4020.24,0
1,0,AttentionGen,Logic,4020.24,9257.55,5237.31
1,0,AttentionMerge,GPU,9257.55,9257.55,0
1,0,attn_o_proj,GPU,9257.55,11857.9,2600.32
1,0,Linear,GPU,9257.55,11857.9,2600.32
1,0,all_reduce,GPU,11857.9,17094.8,5236.91
1,0,residual_1,GPU,17094.8,17253.6,158.854
1,0,post_attn_layer_norm,GPU,17253.6,17412.5,158.854
1,0,expertFFN,GPU,17412.5,80921.2,63508.7
1,0,sync_0,GPU,17412.5,17412.5,0
1,0,sync__set,GPU,17412.5,17412.5,0
1,0,sync__,GPU,17412.5,17412.5,0
1,0,gate_fn,GPU,17412.5,17510.4,97.9093
1,0,Linear,GPU,17412.5,17510.4,97.9093
1,0,gate_update,GPU,17510.4,17510.4,0
1,0,moe_scatter,GPU,17510.4,17510.4,0
1,0,sync_for_moe_scatter,GPU,17510.4,17510.4,0
1,0,sync__set,GPU,17510.4,17510.4,0
1,0,sync__,GPU,17510.4,17510.4,0
1,0,moe_route,GPU,17510.4,17510.4,0
1,0,expert_FFN_0,GPU,17510.4,43948.7,26438.3
1,0,gate_proj,GPU,17510.4,26306,8795.65
1,0,Linear,GPU,17510.4,26306,8795.65
1,0,activation,GPU,26306,26357.4,51.3222
1,0,up_proj,GPU,26357.4,35153,8795.65
1,0,Linear,GPU,26357.4,35153,8795.65
1,0,down_proj,GPU,35153,43948.7,8795.65
1,0,Linear,GPU,35153,43948.7,8795.65
1,0,expert_FFN_1,GPU,43948.7,70447.4,26498.7
1,0,gate_proj,GPU,43948.7,52758.1,8809.39
1,0,Linear,GPU,43948.7,52758.1,8809.39
1,0,activation,GPU,52758.1,52828.6,70.568
1,0,up_proj,GPU,52828.6,61638,8809.39
1,0,Linear,GPU,52828.6,61638,8809.39
1,0,down_proj,GPU,61638,70447.4,8809.39
1,0,Linear,GPU,61638,70447.4,8809.39
1,0,expert_FFN_2,GPU,17510.4,24114.9,6604.53
1,0,gate_proj,GPU,17510.4,19708.2,2197.77
1,0,Linear,Logic,17510.4,19708.2,2197.77
1,0,activation,Logic,19708.2,19719.4,11.2267
1,0,up_proj,GPU,19719.4,21917.2,2197.77
1,0,Linear,Logic,19719.4,21917.2,2197.77
1,0,down_proj,GPU,21917.2,24114.9,2197.77
1,0,Linear,Logic,21917.2,24114.9,2197.77
1,0,expert_FFN_3,GPU,24114.9,30714.4,6599.48
1,0,gate_proj,GPU,24114.9,26311.5,2196.62
1,0,Linear,Logic,24114.9,26311.5,2196.62
1,0,activation,Logic,26311.5,26321.2,9.62291
1,0,up_proj,GPU,26321.2,28517.8,2196.62
1,0,Linear,Logic,26321.2,28517.8,2196.62
1,0,down_proj,GPU,28517.8,30714.4,2196.62
1,0,Linear,Logic,28517.8,30714.4,2196.62
1,0,expert_FFN_4,GPU,30714.4,39764.8,9050.35
1,0,gate_proj,GPU,30714.4,33725.3,3010.9
1,0,Linear,Logic,30714.4,33725.3,3010.9
1,0,activation,Logic,33725.3,33742.9,17.642
1,0,up_proj,GPU,33742.9,36753.9,3010.9
1,0,Linear,Logic,33742.9,36753.9,3010.9
1,0,down_proj,GPU,36753.9,39764.8,3010.9
1,0,Linear,Logic,36753.9,39764.8,3010.9
1,0,expert_FFN_5,GPU,39764.8,46364.2,6599.48
1,0,gate_proj,GPU,39764.8,41961.4,2196.62
1,0,Linear,Logic,39764.8,41961.4,2196.62
1,0,activation,Logic,41961.4,41971,9.62291
1,0,up_proj,GPU,41971,44167.6,2196.62
1,0,Linear,Logic,41971,44167.6,2196.62
1,0,down_proj,GPU,44167.6,46364.2,2196.62
1,0,Linear,Logic,44167.6,46364.2,2196.62
1,0,expert_FFN_6,GPU,46364.2,52963.7,6599.48
1,0,gate_proj,GPU,46364.2,48560.9,2196.62
1,0,Linear,Logic,46364.2,48560.9,2196.62
1,0,activation,Logic,48560.9,48570.5,9.62291
1,0,up_proj,GPU,48570.5,50767.1,2196.62
1,0,Linear,Logic,48570.5,50767.1,2196.62
1,0,down_proj,GPU,50767.1,52963.7,2196.62
1,0,Linear,Logic,50767.1,52963.7,2196.62
1,0,expert_FFN_7,GPU,52963.7,60368.6,7404.83
1,0,gate_proj,GPU,52963.7,55427.2,2463.47
1,0,Linear,Logic,52963.7,55427.2,2463.47
1,0,activation,Logic,55427.2,55441.6,14.4344
1,0,up_proj,GPU,55441.6,57905.1,2463.47
1,0,Linear,Logic,55441.6,57905.1,2463.47
1,0,down_proj,GPU,57905.1,60368.6,2463.47
1,0,Linear,Logic,57905.1,60368.6,2463.47
1,0,sync_2,GPU,70447.4,70447.4,0
1,0,sync__set,GPU,70447.4,70447.4,0
1,0,sync__,GPU,70447.4,70447.4,0
1,0,moe_all_reduce_for_e_tp,GPU,70447.4,75684.3,5236.91
1,0,sync_3,GPU,75684.3,75684.3,0
1,0,sync__set,GPU,75684.3,75684.3,0
1,0,sync__,GPU,75684.3,75684.3,0
1,0,moe_gather,GPU,75684.3,75684.3,0
1,0,sync_for_moe_gather,GPU,75684.3,75684.3,0
1,0,sync__set,GPU,75684.3,75684.3,0
1,0,sync__,GPU,75684.3,75684.3,0
1,0,moe_all_reduce_for_gather,GPU,75684.3,80921.2,5236.91
1,0,sync_5,GPU,80921.2,80921.2,0
1,0,sync__set,GPU,80921.2,80921.2,0
1,0,sync__,GPU,80921.2,80921.2,0
1,0,sync_6,GPU,80921.2,80921.2,0
1,0,sync__set,GPU,80921.2,80921.2,0
1,0,sync__,GPU,80921.2,80921.2,0
1,0,residual_2,GPU,80921.2,81080.1,158.854
1,1,MoE_decoder_1,GPU,81080.1,162160,81080.1
1,1,input_layer_norm,GPU,81080.1,81238.9,158.854
1,1,attention,GPU,81238.9,98174.9,16935.9
1,1,attn_qkv_proj,GPU,81238.9,85100.3,3861.38
1,1,Linear,GPU,81238.9,85100.3,3861.38
1,1,self_attention,GPU,85100.3,90337.6,5237.31
1,1,AttentionSplit,GPU,85100.3,85100.3,0
1,1,AttentionSum,GPU,85100.3,85100.3,0
1,1,AttentionGen,Logic,85100.3,90337.6,5237.31
1,1,AttentionMerge,GPU,90337.6,90337.6,0
1,1,attn_o_proj,GPU,90337.6,92937.9,2600.32
1,1,Linear,GPU,90337.6,92937.9,2600.32
1,1,all_reduce,GPU,92937.9,98174.9,5236.91
1,1,residual_1,GPU,98174.9,98333.7,158.854
1,1,post_attn_layer_norm,GPU,98333.7,98492.6,158.854
1,1,expertFFN,GPU,98492.6,162001,63508.7
1,1,sync_0,GPU,98492.6,98492.6,0
1,1,sync__set,GPU,98492.6,98492.6,0
1,1,sync__,GPU,98492.6,98492.6,0
1,1,gate_fn,GPU,98492.6,98590.5,97.9093
1,1,Linear,GPU,98492.6,98590.5,97.9093
1,1,gate_update,GPU,98590.5,98590.5,0
1,1,moe_scatter,GPU,98590.5,98590.5,0
1,1,sync_for_moe_scatter,GPU,98590.5,98590.5,0
1,1,sync__set,GPU,98590.5,98590.5,0
1,1,sync__,GPU,98590.5,98590.5,0
1,1,moe_route,GPU,98590.5,98590.5,0
1,1,expert_FFN_0,GPU,98590.5,105995,7404.83
1,1,gate_proj,GPU,98590.5,101054,2463.47
1,1,Linear,Logic,98590.5,101054,2463.47
1,1,activation,Logic,101054,101068,14.4344
1,1,up_proj,GPU,101068,103532,2463.47
1,1,Linear,Logic,101068,103532,2463.47
1,1,down_proj,GPU,103532,105995,2463.47
1,1,Linear,Logic,103532,105995,2463.47
1,1,expert_FFN_1,GPU,105995,112575,6579.32
1,1,gate_proj,GPU,105995,108187,2192.04
1,1,Linear,Logic,105995,108187,2192.04
1,1,activation,Logic,108187,108191,3.20764
1,1,up_proj,GPU,108191,110383,2192.04
1,1,Linear,Logic,108191,110383,2192.04
1,1,down_proj,GPU,110383,112575,2192.04
1,1,Linear,Logic,110383,112575,2192.04
1,1,expert_FFN_2,GPU,112575,120802,8227.59
1,1,gate_proj,GPU,112575,115312,2737.18
1,1,Linear,Logic,112575,115312,2737.18
1,1,activation,Logic,115312,115328,16.0382
1,1,up_proj,GPU,115328,118065,2737.18
1,1,Linear,Logic,115328,118065,2737.18
1,1,down_proj,GPU,118065,120802,2737.18
1,1,Linear,Logic,118065,120802,2737.18
1,1,expert_FFN_3,GPU,120802,127412,6609.57
1,1,gate_proj,GPU,120802,123001,2198.91
1,1,Linear,Logic,120802,123001,2198.91
1,1,activation,Logic,123001,123014,12.8305
1,1,up_proj,GPU,123014,125213,2198.91
1,1,Linear,Logic,123014,125213,2198.91
1,1,down_proj,GPU,125213,127412,2198.91
1,1,Linear,Logic,125213,127412,2198.91
1,1,expert_FFN_4,GPU,127412,137285,9873.11
1,1,gate_proj,GPU,127412,130696,3284.62
1,1,Linear,Logic,127412,130696,3284.62
1,1,activation,Logic,130696,130716,19.2458
1,1,up_proj,GPU,130716,134000,3284.62
1,1,Linear,Logic,130716,134000,3284.62
1,1,down_proj,GPU,134000,137285,3284.62
1,1,Linear,Logic,134000,137285,3284.62
1,1,expert_FFN_5,GPU,137285,143874,6589.4
1,1,gate_proj,GPU,137285,139479,2194.33
1,1,Linear,Logic,137285,139479,2194.33
1,1,activation,Logic,139479,139486,6.41527
1,1,up_proj,GPU,139486,141680,2194.33
1,1,Linear,Logic,139486,141680,2194.33
1,1,down_proj,GPU,141680,143874,2194.33
1,1,Linear,Logic,141680,143874,2194.33
1,1,expert_FFN_6,GPU,98590.5,125069,26478.6
1,1,gate_proj,GPU,98590.5,107395,8804.81
1,1,Linear,GPU,98590.5,107395,8804.81
1,1,activation,GPU,107395,107459,64.1527
1,1,up_proj,GPU,107459,116264,8804.81
1,1,Linear,GPU,107459,116264,8804.81
1,1,down_proj,GPU,116264,125069,8804.81
1,1,Linear,GPU,116264,125069,8804.81
1,1,expert_FFN_7,GPU,125069,151527,26458.4
1,1,gate_proj,GPU,125069,133869,8800.23
1,1,Linear,GPU,125069,133869,8800.23
1,1,activation,GPU,133869,133927,57.7375
1,1,up_proj,GPU,133927,142727,8800.23
1,1,Linear,GPU,133927,142727,8800.23
1,1,down_proj,GPU,142727,151527,8800.23
1,1,Linear,GPU,142727,151527,8800.23
1,1,sync_2,GPU,151527,151527,0
1,1,sync__set,GPU,151527,151527,0
1,1,sync__,GPU,151527,151527,0
1,1,moe_all_reduce_for_e_tp,GPU,151527,156764,5236.91
1,1,sync_3,GPU,156764,156764,0
1,1,sync__set,GPU,156764,156764,0
1,1,sync__,GPU,156764,156764,0
1,1,moe_gather,GPU,156764,156764,0
1,1,sync_for_moe_gather,GPU,156764,156764,0
1,1,sync__set,GPU,156764,156764,0
1,1,sync__,GPU,156764,156764,0
1,1,moe_all_reduce_for_gather,GPU,156764,162001,5236.91
1,1,sync_5,GPU,162001,162001,0
1,1,sync__set,GPU,162001,162001,0
1,1,sync__,GPU,162001,162001,0
1,1,sync_6,GPU,162001,162001,0
1,1,sync__set,GPU,162001,162001,0
1,1,sync__,GPU,162001,162001,0
1,1,residual_2,GPU,162001,162160,158.854
1,2,MoE_decoder_2,GPU,162160,243321,81160.7
1,2,input_layer_norm,GPU,162160,162319,158.854
1,2,attention,GPU,162319,179255,16935.9
1,2,attn_qkv_proj,GPU,162319,166180,3861.38
1,2,Linear,GPU,162319,166180,3861.38
1,2,self_attention,GPU,166180,171418,5237.31
1,2,AttentionSplit,GPU,166180,166180,0
1,2,AttentionSum,GPU,166180,166180,0
1,2,AttentionGen,Logic,166180,171418,5237.31
1,2,AttentionMerge,GPU,171418,171418,0
1,2,attn_o_proj,GPU,171418,174018,2600.32
1,2,Linear,GPU,171418,174018,2600.32
1,2,all_reduce,GPU,174018,179255,5236.91
1,2,residual_1,GPU,179255,179414,158.854
1,2,post_attn_layer_norm,GPU,179414,179573,158.854
1,2,expertFFN,GPU,179573,243162,63589.4
1,2,sync_0,GPU,179573,179573,0
1,2,sync__set,GPU,179573,179573,0
1,2,sync__,GPU,179573,179573,0
1,2,gate_fn,GPU,179573,179671,97.9093
1,2,Linear,GPU,179573,179671,97.9093
1,2,gate_update,GPU,179671,179671,0
1,2,moe_scatter,GPU,179671,179671,0
1,2,sync_for_moe_scatter,GPU,179671,179671,0
1,2,sync__set,GPU,179671,179671,0
1,2,sync__,GPU,179671,179671,0
1,2,moe_route,GPU,179671,179671,0
1,2,expert_FFN_0,GPU,179671,187898,8227.59
1,2,gate_proj,GPU,179671,182408,2737.18
1,2,Linear,Logic,179671,182408,2737.18
1,2,activation,Logic,182408,182424,16.0382
1,2,up_proj,GPU,182424,185161,2737.18
1,2,Linear,Logic,182424,185161,2737.18
1,2,down_proj,GPU,185161,187898,2737.18
1,2,Linear,Logic,185161,187898,2737.18
1,2,expert_FFN_1,GPU,187898,194498,6599.48
1,2,gate_proj,GPU,187898,190095,2196.62
1,2,Linear,Logic,187898,190095,2196.62
1,2,activation,Logic,190095,190104,9.62291
1,2,up_proj,GPU,190104,192301,2196.62
1,2,Linear,Logic,190104,192301,2196.62
1,2,down_proj,GPU,192301,194498,2196.62
1,2,Linear,Logic,192301,194498,2196.62
1,2,expert_FFN_2,GPU,194498,201902,7404.83
1,2,gate_proj,GPU,194498,196961,2463.47
1,2,Linear,Logic,194498,196961,2463.47
1,2,activation,Logic,196961,196976,14.4344
1,2,up_proj,GPU,196976,199439,2463.47
1,2,Linear,Logic,196976,199439,2463.47
1,2,down_proj,GPU,199439,201902,2463.47
1,2,Linear,Logic,199439,201902,2463.47
1,2,expert_FFN_3,GPU,201902,208497,6594.44
1,2,gate_proj,GPU,201902,204098,2195.47
1,2,Linear,Logic,201902,204098,2195.47
1,2,activation,Logic,204098,204106,8.01909
1,2,up_proj,GPU,204106,206301,2195.47
1,2,Linear,Logic,204106,206301,2195.47
1,2,down_proj,GPU,206301,208497,2195.47
1,2,Linear,Logic,206301,208497,2195.47
1,2,expert_FFN_4,GPU,208497,215091,6594.44
1,2,gate_proj,GPU,208497,210692,2195.47
1,2,Linear,Logic,208497,210692,2195.47
1,2,activation,Logic,210692,210700,8.01909
1,2,up_proj,GPU,210700,212896,2195.47
1,2,Linear,Logic,210700,212896,2195.47
1,2,down_proj,GPU,212896,215091,2195.47
1,2,Linear,Logic,212896,215091,2195.47
1,2,expert_FFN_5,GPU,215091,221691,6599.48
1,2,gate_proj,GPU,215091,217288,2196.62
1,2,Linear,Logic,215091,217288,2196.62
1,2,activation,Logic,217288,217298,9.62291
1,2,up_proj,GPU,217298,219494,2196.62
1,2,Linear,Logic,217298,219494,2196.62
1,2,down_proj,GPU,219494,221691,2196.62
1,2,Linear,Logic,219494,221691,2196.62
1,2,expert_FFN_6,GPU,179671,206189,26518.9
1,2,gate_proj,GPU,179671,188485,8813.98
1,2,Linear,GPU,179671,188485,8813.98
1,2,activation,GPU,188485,188562,76.9833
1,2,up_proj,GPU,188562,197375,8813.98
1,2,Linear,GPU,188562,197375,8813.98
1,2,down_proj,GPU,197375,206189,8813.98
1,2,Linear,GPU,197375,206189,8813.98
1,2,expert_FFN_7,GPU,206189,232688,26498.7
1,2,gate_proj,GPU,206189,214999,8809.39
1,2,Linear,GPU,206189,214999,8809.39
1,2,activation,GPU,214999,215069,70.568
1,2,up_proj,GPU,215069,223879,8809.39
1,2,Linear,GPU,215069,223879,8809.39
1,2,down_proj,GPU,223879,232688,8809.39
1,2,Linear,GPU,223879,232688,8809.39
1,2,sync_2,GPU,232688,232688,0
1,2,sync__set,GPU,232688,232688,0
1,2,sync__,GPU,232688,232688,0
1,2,moe_all_reduce_for_e_tp,GPU,232688,237925,5236.91
1,2,sync_3,GPU,237925,237925,0
1,2,sync__set,GPU,237925,237925,0
1,2,sync__,GPU,237925,237925,0
1,2,moe_gather,GPU,237925,237925,0
1,2,sync_for_moe_gather,GPU,237925,237925,0
1,2,sync__set,GPU,237925,237925,0
1,2,sync__,GPU,237925,237925,0
1,2,moe_all_reduce_for_gather,GPU,237925,243162,5236.91
1,2,sync_5,GPU,243162,243162,0
1,2,sync__set,GPU,243162,243162,0
1,2,sync__,GPU,243162,243162,0
1,2,sync_6,GPU,243162,243162,0
1,2,sync__set,GPU,243162,243162,0
1,2,sync__,GPU,243162,243162,0
1,2,residual_2,GPU,243162,243321,158.854
1,3,MoE_decoder_3,GPU,243321,324381,81059.9
1,3,input_layer_norm,GPU,243321,243480,158.854
1,3,attention,GPU,243480,260416,16935.9
1,3,attn_qkv_proj,GPU,243480,247341,3861.38
1,3,Linear,GPU,243480,247341,3861.38
1,3,self_attention,GPU,247341,252578,5237.31
1,3,AttentionSplit,GPU,247341,247341,0
1,3,AttentionSum,GPU,247341,247341,0
1,3,AttentionGen,Logic,247341,252578,5237.31
1,3,AttentionMerge,GPU,252578,252578,0
1,3,attn_o_proj,GPU,252578,255179,2600.32
1,3,Linear,GPU,252578,255179,2600.32
1,3,all_reduce,GPU,255179,260416,5236.91
1,3,residual_1,GPU,260416,260575,158.854
1,3,post_attn_layer_norm,GPU,260575,260733,158.854
1,3,expertFFN,GPU,260733,324222,63488.6
1,3,sync_0,GPU,260733,260733,0
1,3,sync__set,GPU,260733,260733,0
1,3,sync__,GPU,260733,260733,0
1,3,gate_fn,GPU,260733,260831,97.9093
1,3,Linear,GPU,260733,260831,97.9093
1,3,gate_update,GPU,260831,260831,0
1,3,moe_scatter,GPU,260831,260831,0
1,3,sync_for_moe_scatter,GPU,260831,260831,0
1,3,sync__set,GPU,260831,260831,0
1,3,sync__,GPU,260831,260831,0
1,3,moe_route,GPU,260831,260831,0
1,3,expert_FFN_0,GPU,260831,268236,7404.83
1,3,gate_proj,GPU,260831,263295,2463.47
1,3,Linear,Logic,260831,263295,2463.47
1,3,activation,Logic,263295,263309,14.4344
1,3,up_proj,GPU,263309,265773,2463.47
1,3,Linear,Logic,263309,265773,2463.47
1,3,down_proj,GPU,265773,268236,2463.47
1,3,Linear,Logic,265773,268236,2463.47
1,3,expert_FFN_1,GPU,268236,274831,6594.44
1,3,gate_proj,GPU,268236,270432,2195.47
1,3,Linear,Logic,268236,270432,2195.47
1,3,activation,Logic,270432,270440,8.01909
1,3,up_proj,GPU,270440,272635,2195.47
1,3,Linear,Logic,270440,272635,2195.47
1,3,down_proj,GPU,272635,274831,2195.47
1,3,Linear,Logic,272635,274831,2195.47
1,3,expert_FFN_2,GPU,274831,281420,6589.4
1,3,gate_proj,GPU,274831,277025,2194.33
1,3,Linear,Logic,274831,277025,2194.33
1,3,activation,Logic,277025,277031,6.41527
1,3,up_proj,GPU,277031,279226,2194.33
1,3,Linear,Logic,277031,279226,2194.33
1,3,down_proj,GPU,279226,281420,2194.33
1,3,Linear,Logic,279226,281420,2194.33
1,3,expert_FFN_3,GPU,281420,290470,9050.35
1,3,gate_proj,GPU,281420,284431,3010.9
1,3,Linear,Logic,281420,284431,3010.9
1,3,activation,Logic,284431,284448,17.642
1,3,up_proj,GPU,284448,287459,3010.9
1,3,Linear,Logic,284448,287459,3010.9
1,3,down_proj,GPU,287459,290470,3010.9
1,3,Linear,Logic,287459,290470,3010.9
1,3,expert_FFN_4,GPU,260831,287350,26518.9
1,3,gate_proj,GPU,260831,269645,8813.98
1,3,Linear,GPU,260831,269645,8813.98
1,3,activation,GPU,269645,269722,76.9833
1,3,up_proj,GPU,269722,278536,8813.98
1,3,Linear,GPU,269722,278536,8813.98
1,3,down_proj,GPU,278536,287350,8813.98
1,3,Linear,GPU,278536,287350,8813.98
1,3,expert_FFN_5,GPU,287350,313748,26397.9
1,3,gate_proj,GPU,287350,296137,8786.48
1,3,Linear,GPU,287350,296137,8786.48
1,3,activation,GPU,296137,296175,38.4916
1,3,up_proj,GPU,296175,304962,8786.48
1,3,Linear,GPU,296175,304962,8786.48
1,3,down_proj,GPU,304962,313748,8786.48
1,3,Linear,GPU,304962,313748,8786.48
1,3,expert_FFN_6,GPU,290470,299521,9050.35
1,3,gate_proj,GPU,290470,293481,3010.9
1,3,Linear,Logic,290470,293481,3010.9
1,3,activation,Logic,293481,293499,17.642
1,3,up_proj,GPU,293499,296510,3010.9
1,3,Linear,Logic,293499,296510,3010.9
1,3,down_proj,GPU,296510,299521,3010.9
1,3,Linear,Logic,296510,299521,3010.9
1,3,expert_FFN_7,GPU,299521,306120,6599.48
1,3,gate_proj,GPU,299521,301717,2196.62
1,3,Linear,Logic,299521,301717,2196.62
1,3,activation,Logic,301717,301727,9.62291
1,3,up_proj,GPU,301727,303924,2196.62
1,3,Linear,Logic,301727,303924,2196.62
1,3,down_proj,GPU,303924,306120,2196.62
1,3,Linear,Logic,303924,306120,2196.62
1,3,sync_2,GPU,313748,313748,0
1,3,sync__set,GPU,313748,313748,0
1,3,sync__,GPU,313748,313748,0
1,3,moe_all_reduce_for_e_tp,GPU,313748,318985,5236.91
1,3,sync_3,GPU,318985,318985,0
1,3,sync__set,GPU,318985,318985,0
1,3,sync__,GPU,318985,318985,0
1,3,moe_gather,GPU,318985,318985,0
1,3,sync_for_moe_gather,GPU,318985,318985,0
1,3,sync__set,GPU,318985,318985,0
1,3,sync__,GPU,318985,318985,0
1,3,moe_all_reduce_for_gather,GPU,318985,324222,5236.91
1,3,sync_5,GPU,324222,324222,0
1,3,sync__set,GPU,324222,324222,0
1,3,sync__,GPU,324222,324222,0
1,3,sync_6,GPU,324222,324222,0
1,3,sync__set,GPU,324222,324222,0
1,3,sync__,GPU,324222,324222,0
1,3,residual_2,GPU,324222,324381,158.854
1,4,MoE_decoder_4,GPU,324381,405562,81180.9
1,4,input_layer_norm,GPU,324381,324540,158.854
1,4,attention,GPU,324540,341476,16935.9
1,4,attn_qkv_proj,GPU,324540,328401,3861.38
1,4,Linear,GPU,324540,328401,3861.38
1,4,self_attention,GPU,328401,333638,5237.31
1,4,AttentionSplit,GPU,328401,328401,0
1,4,AttentionSum,GPU,328401,328401,0
1,4,AttentionGen,Logic,328401,333638,5237.31
1,4,AttentionMerge,GPU,333638,333638,0
1,4,attn_o_proj,GPU,333638,336239,2600.32
1,4,Linear,GPU,333638,336239,2600.32
1,4,all_reduce,GPU,336239,341476,5236.91
1,4,residual_1,GPU,341476,341634,158.854
1,4,post_attn_layer_norm,GPU,341634,341793,158.854
1,4,expertFFN,GPU,341793,405403,63609.5
1,4,sync_0,GPU,341793,341793,0
1,4,sync__set,GPU,341793,341793,0
1,4,sync__,GPU,341793,341793,0
1,4,gate_fn,GPU,341793,341891,97.9093
1,4,Linear,GPU,341793,341891,97.9093
1,4,gate_update,GPU,341891,341891,0
1,4,moe_scatter,GPU,341891,341891,0
1,4,sync_for_moe_scatter,GPU,341891,341891,0
1,4,sync__set,GPU,341891,341891,0
1,4,sync__,GPU,341891,341891,0
1,4,moe_route,GPU,341891,341891,0
1,4,expert_FFN_0,GPU,341891,348501,6609.57
1,4,gate_proj,GPU,341891,344090,2198.91
1,4,Linear,Logic,341891,344090,2198.91
1,4,activation,Logic,344090,344103,12.8305
1,4,up_proj,GPU,344103,346302,2198.91
1,4,Linear,Logic,344103,346302,2198.91
1,4,down_proj,GPU,346302,348501,2198.91
1,4,Linear,Logic,346302,348501,2198.91
1,4,expert_FFN_1,GPU,348501,355105,6604.53
1,4,gate_proj,GPU,348501,350699,2197.77
1,4,Linear,Logic,348501,350699,2197.77
1,4,activation,Logic,350699,350710,11.2267
1,4,up_proj,GPU,350710,352908,2197.77
1,4,Linear,Logic,350710,352908,2197.77
1,4,down_proj,GPU,352908,355105,2197.77
1,4,Linear,Logic,352908,355105,2197.77
1,4,expert_FFN_2,GPU,355105,361690,6584.36
1,4,gate_proj,GPU,355105,357298,2193.18
1,4,Linear,Logic,355105,357298,2193.18
1,4,activation,Logic,357298,357303,4.81146
1,4,up_proj,GPU,357303,359496,2193.18
1,4,Linear,Logic,357303,359496,2193.18
1,4,down_proj,GPU,359496,361690,2193.18
1,4,Linear,Logic,359496,361690,2193.18
1,4,expert_FFN_3,GPU,361690,368289,6599.48
1,4,gate_proj,GPU,361690,363886,2196.62
1,4,Linear,Logic,361690,363886,2196.62
1,4,activation,Logic,363886,363896,9.62291
1,4,up_proj,GPU,363896,366093,2196.62
1,4,Linear,Logic,363896,366093,2196.62
1,4,down_proj,GPU,366093,368289,2196.62
1,4,Linear,Logic,366093,368289,2196.62
1,4,expert_FFN_4,GPU,341891,368430,26539.1
1,4,gate_proj,GPU,341891,350710,8818.56
1,4,Linear,GPU,341891,350710,8818.56
1,4,activation,GPU,350710,350793,83.3986
1,4,up_proj,GPU,350793,359612,8818.56
1,4,Linear,GPU,350793,359612,8818.56
1,4,down_proj,GPU,359612,368430,8818.56
1,4,Linear,GPU,359612,368430,8818.56
1,4,expert_FFN_5,GPU,368430,394929,26498.7
1,4,gate_proj,GPU,368430,377240,8809.39
1,4,Linear,GPU,368430,377240,8809.39
1,4,activation,GPU,377240,377310,70.568
1,4,up_proj,GPU,377310,386120,8809.39
1,4,Linear,GPU,377310,386120,8809.39
1,4,down_proj,GPU,386120,394929,8809.39
1,4,Linear,GPU,386120,394929,8809.39
1,4,expert_FFN_6,GPU,368289,376517,8227.59
1,4,gate_proj,GPU,368289,371026,2737.18
1,4,Linear,Logic,368289,371026,2737.18
1,4,activation,Logic,371026,371042,16.0382
1,4,up_proj,GPU,371042,373780,2737.18
1,4,Linear,Logic,371042,373780,2737.18
1,4,down_proj,GPU,373780,376517,2737.18
1,4,Linear,Logic,373780,376517,2737.18
1,4,expert_FFN_7,GPU,376517,383116,6599.48
1,4,gate_proj,GPU,376517,378713,2196.62
1,4,Linear,Logic,376517,378713,2196.62
1,4,activation,Logic,378713,378723,9.62291
1,4,up_proj,GPU,378723,380920,2196.62
1,4,Linear,Logic,378723,380920,2196.62
1,4,down_proj,GPU,380920,383116,2196.62
1,4,Linear,Logic,380920,383116,2196.62
1,4,sync_2,GPU,394929,394929,0
1,4,sync__set,GPU,394929,394929,0
1,4,sync__,GPU,394929,394929,0
1,4,moe_all_reduce_for_e_tp,GPU,394929,400166,5236.91
1,4,sync_3,GPU,400166,400166,0
1,4,sync__set,GPU,400166,400166,0
1,4,sync__,GPU,400166,400166,0
1,4,moe_gather,GPU,400166,400166,0
1,4,sync_for_moe_gather,GPU,400166,400166,0
1,4,sync__set,GPU,400166,400166,0
1,4,sync__,GPU,400166,400166,0
1,4,moe_all_reduce_for_gather,GPU,400166,405403,5236.91
1,4,sync_5,GPU,405403,405403,0
1,4,sync__set,GPU,405403,405403,0
1,4,sync__,GPU,405403,405403,0
1,4,sync_6,GPU,405403,405403,0
1,4,sync__set,GPU,405403,405403,0
1,4,sync__,GPU,405403,405403,0
1,4,residual_2,GPU,405403,405562,158.854
1,5,MoE_decoder_5,GPU,405562,486642,81080.1
1,5,input_layer_norm,GPU,405562,405721,158.854
1,5,attention,GPU,405721,422656,16935.9
1,5,attn_qkv_proj,GPU,405721,409582,3861.38
1,5,Linear,GPU,405721,409582,3861.38
1,5,self_attention,GPU,409582,414819,5237.31
1,5,AttentionSplit,GPU,409582,409582,0
1,5,AttentionSum,GPU,409582,409582,0
1,5,AttentionGen,Logic,409582,414819,5237.31
1,5,AttentionMerge,GPU,414819,414819,0
1,5,attn_o_proj,GPU,414819,417420,2600.32
1,5,Linear,GPU,414819,417420,2600.32
1,5,all_reduce,GPU,417420,422656,5236.91
1,5,residual_1,GPU,422656,422815,158.854
1,5,post_attn_layer_norm,GPU,422815,422974,158.854
1,5,expertFFN,GPU,422974,486483,63508.7
1,5,sync_0,GPU,422974,422974,0
1,5,sync__set,GPU,422974,422974,0
1,5,sync__,GPU,422974,422974,0
1,5,gate_fn,GPU,422974,423072,97.9093
1,5,Linear,GPU,422974,423072,97.9093
1,5,gate_update,GPU,423072,423072,0
1,5,moe_scatter,GPU,423072,423072,0
1,5,sync_for_moe_scatter,GPU,423072,423072,0
1,5,sync__set,GPU,423072,423072,0
1,5,sync__,GPU,423072,423072,0
1,5,moe_route,GPU,423072,423072,0
1,5,expert_FFN_0,GPU,423072,429672,6599.48
1,5,gate_proj,GPU,423072,425269,2196.62
1,5,Linear,Logic,423072,425269,2196.62
1,5,activation,Logic,425269,425278,9.62291
1,5,up_proj,GPU,425278,427475,2196.62
1,5,Linear,Logic,425278,427475,2196.62
1,5,down_proj,GPU,427475,429672,2196.62
1,5,Linear,Logic,427475,429672,2196.62
1,5,expert_FFN_1,GPU,429672,436271,6599.48
1,5,gate_proj,GPU,429672,431868,2196.62
1,5,Linear,Logic,429672,431868,2196.62
1,5,activation,Logic,431868,431878,9.62291
1,5,up_proj,GPU,431878,434074,2196.62
1,5,Linear,Logic,431878,434074,2196.62
1,5,down_proj,GPU,434074,436271,2196.62
1,5,Linear,Logic,434074,436271,2196.62
1,5,expert_FFN_2,GPU,436271,442881,6609.57
1,5,gate_proj,GPU,436271,438470,2198.91
1,5,Linear,Logic,436271,438470,2198.91
1,5,activation,Logic,438470,438483,12.8305
1,5,up_proj,GPU,438483,440682,2198.91
1,5,Linear,Logic,438483,440682,2198.91
1,5,down_proj,GPU,440682,442881,2198.91
1,5,Linear,Logic,440682,442881,2198.91
1,5,expert_FFN_3,GPU,442881,449490,6609.57
1,5,gate_proj,GPU,442881,445080,2198.91
1,5,Linear,Logic,442881,445080,2198.91
1,5,activation,Logic,445080,445092,12.8305
1,5,up_proj,GPU,445092,447291,2198.91
1,5,Linear,Logic,445092,447291,2198.91
1,5,down_proj,GPU,447291,449490,2198.91
1,5,Linear,Logic,447291,449490,2198.91
1,5,expert_FFN_4,GPU,449490,458541,9050.35
1,5,gate_proj,GPU,449490,452501,3010.9
1,5,Linear,Logic,449490,452501,3010.9
1,5,activation,Logic,452501,452519,17.642
1,5,up_proj,GPU,452519,455530,3010.9
1,5,Linear,Logic,452519,455530,3010.9
1,5,down_proj,GPU,455530,458541,3010.9
1,5,Linear,Logic,455530,458541,3010.9
1,5,expert_FFN_5,GPU,458541,465140,6599.48
1,5,gate_proj,GPU,458541,460737,2196.62
1,5,Linear,Logic,458541,460737,2196.62
1,5,activation,Logic,460737,460747,9.62291
1,5,up_proj,GPU,460747,462943,2196.62
1,5,Linear,Logic,460747,462943,2196.62
1,5,down_proj,GPU,462943,465140,2196.62
1,5,Linear,Logic,462943,465140,2196.62
1,5,expert_FFN_6,GPU,423072,449530,26458.4
1,5,gate_proj,GPU,423072,431872,8800.23
1,5,Linear,GPU,423072,431872,8800.23
1,5,activation,GPU,431872,431930,57.7375
1,5,up_proj,GPU,431930,440730,8800.23
1,5,Linear,GPU,431930,440730,8800.23
1,5,down_proj,GPU,440730,449530,8800.23
1,5,Linear,GPU,440730,449530,8800.23
1,5,expert_FFN_7,GPU,449530,476009,26478.6
1,5,gate_proj,GPU,449530,458335,8804.81
1,5,Linear,GPU,449530,458335,8804.81
1,5,activation,GPU,458335,458399,64.1527
1,5,up_proj,GPU,458399,467204,8804.81
1,5,Linear,GPU,458399,467204,8804.81
1,5,down_proj,GPU,467204,476009,8804.81
1,5,Linear,GPU,467204,476009,8804.81
1,5,sync_2,GPU,476009,476009,0
1,5,sync__set,GPU,476009,476009,0
1,5,sync__,GPU,476009,476009,0
1,5,moe_all_reduce_for_e_tp,GPU,476009,481246,5236.91
1,5,sync_3,GPU,481246,481246,0
1,5,sync__set,GPU,481246,481246,0
1,5,sync__,GPU,481246,481246,0
1,5,moe_gather,GPU,481246,481246,0
1,5,sync_for_moe_gather,GPU,481246,481246,0
1,5,sync__set,GPU,481246,481246,0
1,5,sync__,GPU,481246,481246,0
1,5,moe_all_reduce_for_gather,GPU,481246,486483,5236.91
1,5,sync_5,GPU,486483,486483,0
1,5,sync__set,GPU,486483,486483,0
1,5,sync__,GPU,486483,486483,0
1,5,sync_6,GPU,486483,486483,0
1,5,sync__set,GPU,486483,486483,0
1,5,sync__,GPU,486483,486483,0
1,5,residual_2,GPU,486483,486642,158.854
1,6,MoE_decoder_6,GPU,486642,567762,81120.4
1,6,input_layer_norm,GPU,486642,486801,158.854
1,6,attention,GPU,486801,503737,16935.9
1,6,attn_qkv_proj,GPU,486801,490662,3861.38
1,6,Linear,GPU,486801,490662,3861.38
1,6,self_attention,GPU,490662,495899,5237.31
1,6,AttentionSplit,GPU,490662,490662,0
1,6,AttentionSum,GPU,490662,490662,0
1,6,AttentionGen,Logic,490662,495899,5237.31
1,6,AttentionMerge,GPU,495899,495899,0
1,6,attn_o_proj,GPU,495899,498500,2600.32
1,6,Linear,GPU,495899,498500,2600.32
1,6,all_reduce,GPU,498500,503737,5236.91
1,6,residual_1,GPU,503737,503895,158.854
1,6,post_attn_layer_norm,GPU,503895,504054,158.854
1,6,expertFFN,GPU,504054,567603,63549.1
1,6,sync_0,GPU,504054,504054,0
1,6,sync__set,GPU,504054,504054,0
1,6,sync__,GPU,504054,504054,0
1,6,gate_fn,GPU,504054,504152,97.9093
1,6,Linear,GPU,504054,504152,97.9093
1,6,gate_update,GPU,504152,504152,0
1,6,moe_scatter,GPU,504152,504152,0
1,6,sync_for_moe_scatter,GPU,504152,504152,0
1,6,sync__set,GPU,504152,504152,0
1,6,sync__,GPU,504152,504152,0
1,6,moe_route,GPU,504152,504152,0
1,6,expert_FFN_0,GPU,504152,530651,26498.7
1,6,gate_proj,GPU,504152,512962,8809.39
1,6,Linear,GPU,504152,512962,8809.39
1,6,activation,GPU,512962,513032,70.568
1,6,up_proj,GPU,513032,521842,8809.39
1,6,Linear,GPU,513032,521842,8809.39
1,6,down_proj,GPU,521842,530651,8809.39
1,6,Linear,GPU,521842,530651,8809.39
1,6,expert_FFN_1,GPU,530651,557129,26478.6
1,6,gate_proj,GPU,530651,539456,8804.81
1,6,Linear,GPU,530651,539456,8804.81
1,6,activation,GPU,539456,539520,64.1527
1,6,up_proj,GPU,539520,548325,8804.81
1,6,Linear,GPU,539520,548325,8804.81
1,6,down_proj,GPU,548325,557129,8804.81
1,6,Linear,GPU,548325,557129,8804.81
1,6,expert_FFN_2,GPU,504152,513202,9050.35
1,6,gate_proj,GPU,504152,507163,3010.9
1,6,Linear,Logic,504152,507163,3010.9
1,6,activation,Logic,507163,507181,17.642
1,6,up_proj,GPU,507181,510192,3010.9
1,6,Linear,Logic,507181,510192,3010.9
1,6,down_proj,GPU,510192,513202,3010.9
1,6,Linear,Logic,510192,513202,3010.9
1,6,expert_FFN_3,GPU,513202,519807,6604.53
1,6,gate_proj,GPU,513202,515400,2197.77
1,6,Linear,Logic,513202,515400,2197.77
1,6,activation,Logic,515400,515411,11.2267
1,6,up_proj,GPU,515411,517609,2197.77
1,6,Linear,Logic,515411,517609,2197.77
1,6,down_proj,GPU,517609,519807,2197.77
1,6,Linear,Logic,517609,519807,2197.77
1,6,expert_FFN_4,GPU,519807,526417,6609.57
1,6,gate_proj,GPU,519807,522006,2198.91
1,6,Linear,Logic,519807,522006,2198.91
1,6,activation,Logic,522006,522019,12.8305
1,6,up_proj,GPU,522019,524218,2198.91
1,6,Linear,Logic,522019,524218,2198.91
1,6,down_proj,GPU,524218,526417,2198.91
1,6,Linear,Logic,524218,526417,2198.91
1,6,expert_FFN_5,GPU,526417,533016,6599.48
1,6,gate_proj,GPU,526417,528613,2196.62
1,6,Linear,Logic,526417,528613,2196.62
1,6,activation,Logic,528613,528623,9.62291
1,6,up_proj,GPU,528623,530819,2196.62
1,6,Linear,Logic,528623,530819,2196.62
1,6,down_proj,GPU,530819,533016,2196.62
1,6,Linear,Logic,530819,533016,2196.62
1,6,expert_FFN_6,GPU,533016,539621,6604.53
1,6,gate_proj,GPU,533016,535214,2197.77
1,6,Linear,Logic,533016,535214,2197.77
1,6,activation,Logic,535214,535225,11.2267
1,6,up_proj,GPU,535225,537423,2197.77
1,6,Linear,Logic,535225,537423,2197.77
1,6,down_proj,GPU,537423,539621,2197.77
1,6,Linear,Logic,537423,539621,2197.77
1,6,expert_FFN_7,GPU,539621,546210,6589.4
1,6,gate_proj,GPU,539621,541815,2194.33
1,6,Linear,Logic,539621,541815,2194.33
1,6,activation,Logic,541815,541821,6.41527
1,6,up_proj,GPU,541821,544016,2194.33
1,6,Linear,Logic,541821,544016,2194.33
1,6,down_proj,GPU,544016,546210,2194.33
1,6,Linear,Logic,544016,546210,2194.33
1,6,sync_2,GPU,557129,557129,0
1,6,sync__set,GPU,557129,557129,0
1,6,sync__,GPU,557129,557129,0
1,6,moe_all_reduce_for_e_tp,GPU,557129,562366,5236.91
1,6,sync_3,GPU,562366,562366,0
1,6,sync__set,GPU,562366,562366,0
1,6,sync__,GPU,562366,562366,0
1,6,moe_gather,GPU,562366,562366,0
1,6,sync_for_moe_gather,GPU,562366,562366,0
1,6,sync__set,GPU,562366,562366,0
1,6,sync__,GPU,562366,562366,0
1,6,moe_all_reduce_for_gather,GPU,562366,567603,5236.91
1,6,sync_5,GPU,567603,567603,0
1,6,sync__set,GPU,567603,567603,0
1,6,sync__,GPU,567603,567603,0
1,6,sync_6,GPU,567603,567603,0
1,6,sync__set,GPU,567603,567603,0
1,6,sync__,GPU,567603,567603,0
1,6,residual_2,GPU,567603,567762,158.854
1,7,MoE_decoder_7,GPU,567762,648822,81059.9
1,7,input_layer_norm,GPU,567762,567921,158.854
1,7,attention,GPU,567921,584857,16935.9
1,7,attn_qkv_proj,GPU,567921,571782,3861.38
1,7,Linear,GPU,567921,571782,3861.38
1,7,self_attention,GPU,571782,577020,5237.31
1,7,AttentionSplit,GPU,571782,571782,0
1,7,AttentionSum,GPU,571782,571782,0
1,7,AttentionGen,Logic,571782,577020,5237.31
1,7,AttentionMerge,GPU,577020,577020,0
1,7,attn_o_proj,GPU,577020,579620,2600.32
1,7,Linear,GPU,577020,579620,2600.32
1,7,all_reduce,GPU,579620,584857,5236.91
1,7,residual_1,GPU,584857,585016,158.854
1,7,post_attn_layer_norm,GPU,585016,585175,158.854
1,7,expertFFN,GPU,585175,648663,63488.6
1,7,sync_0,GPU,585175,585175,0
1,7,sync__set,GPU,585175,585175,0
1,7,sync__,GPU,585175,585175,0
1,7,gate_fn,GPU,585175,585273,97.9093
1,7,Linear,GPU,585175,585273,97.9093
1,7,gate_update,GPU,585273,585273,0
1,7,moe_scatter,GPU,585273,585273,0
1,7,sync_for_moe_scatter,GPU,585273,585273,0
1,7,sync__set,GPU,585273,585273,0
1,7,sync__,GPU,585273,585273,0
1,7,moe_route,GPU,585273,585273,0
1,7,expert_FFN_0,GPU,585273,611812,26539.1
1,7,gate_proj,GPU,585273,594091,8818.56
1,7,Linear,GPU,585273,594091,8818.56
1,7,activation,GPU,594091,594175,83.3986
1,7,up_proj,GPU,594175,602993,8818.56
1,7,Linear,GPU,594175,602993,8818.56
1,7,down_proj,GPU,602993,611812,8818.56
1,7,Linear,GPU,602993,611812,8818.56
1,7,expert_FFN_1,GPU,611812,638189,26377.8
1,7,gate_proj,GPU,611812,620594,8781.9
1,7,Linear,GPU,611812,620594,8781.9
1,7,activation,GPU,620594,620626,32.0764
1,7,up_proj,GPU,620626,629407,8781.9
1,7,Linear,GPU,620626,629407,8781.9
1,7,down_proj,GPU,629407,638189,8781.9
1,7,Linear,GPU,629407,638189,8781.9
1,7,expert_FFN_2,GPU,585273,591872,6599.48
1,7,gate_proj,GPU,585273,587469,2196.62
1,7,Linear,Logic,585273,587469,2196.62
1,7,activation,Logic,587469,587479,9.62291
1,7,up_proj,GPU,587479,589675,2196.62
1,7,Linear,Logic,587479,589675,2196.62
1,7,down_proj,GPU,589675,591872,2196.62
1,7,Linear,Logic,589675,591872,2196.62
1,7,expert_FFN_3,GPU,591872,601745,9873.11
1,7,gate_proj,GPU,591872,595157,3284.62
1,7,Linear,Logic,591872,595157,3284.62
1,7,activation,Logic,595157,595176,19.2458
1,7,up_proj,GPU,595176,598461,3284.62
1,7,Linear,Logic,595176,598461,3284.62
1,7,down_proj,GPU,598461,601745,3284.62
1,7,Linear,Logic,598461,601745,3284.62
1,7,expert_FFN_4,GPU,601745,608335,6589.4
1,7,gate_proj,GPU,601745,603939,2194.33
1,7,Linear,Logic,601745,603939,2194.33
1,7,activation,Logic,603939,603946,6.41527
1,7,up_proj,GPU,603946,606140,2194.33
1,7,Linear,Logic,603946,606140,2194.33
1,7,down_proj,GPU,606140,608335,2194.33
1,7,Linear,Logic,606140,608335,2194.33
1,7,expert_FFN_5,GPU,608335,614944,6609.57
1,7,gate_proj,GPU,608335,610533,2198.91
1,7,Linear,Logic,608335,610533,2198.91
1,7,activation,Logic,610533,610546,12.8305
1,7,up_proj,GPU,610546,612745,2198.91
1,7,Linear,Logic,610546,612745,2198.91
1,7,down_proj,GPU,612745,614944,2198.91
1,7,Linear,Logic,612745,614944,2198.91
1,7,expert_FFN_6,GPU,614944,621544,6599.48
1,7,gate_proj,GPU,614944,617141,2196.62
1,7,Linear,Logic,614944,617141,2196.62
1,7,activation,Logic,617141,617150,9.62291
1,7,up_proj,GPU,617150,619347,2196.62
1,7,Linear,Logic,617150,619347,2196.62
1,7,down_proj,GPU,619347,621544,2196.62
1,7,Linear,Logic,619347,621544,2196.62
1,7,expert_FFN_7,GPU,621544,629771,8227.59
1,7,gate_proj,GPU,621544,624281,2737.18
1,7,Linear,Logic,621544,624281,2737.18
1,7,activation,Logic,624281,624297,16.0382
1,7,up_proj,GPU,624297,627034,2737.18
1,7,Linear,Logic,624297,627034,2737.18
1,7,down_proj,GPU,627034,629771,2737.18
1,7,Linear,Logic,627034,629771,2737.18
1,7,sync_2,GPU,638189,638189,0
1,7,sync__set,GPU,638189,638189,0
1,7,sync__,GPU,638189,638189,0
1,7,moe_all_reduce_for_e_tp,GPU,638189,643426,5236.91
1,7,sync_3,GPU,643426,643426,0
1,7,sync__set,GPU,643426,643426,0
1,7,sync__,GPU,643426,643426,0
1,7,moe_gather,GPU,643426,643426,0
1,7,sync_for_moe_gather,GPU,643426,643426,0
1,7,sync__set,GPU,643426,643426,0
1,7,sync__,GPU,643426,643426,0
1,7,moe_all_reduce_for_gather,GPU,643426,648663,5236.91
1,7,sync_5,GPU,648663,648663,0
1,7,sync__set,GPU,648663,648663,0
1,7,sync__,GPU,648663,648663,0
1,7,sync_6,GPU,648663,648663,0
1,7,sync__set,GPU,648663,648663,0
1,7,sync__,GPU,648663,648663,0
1,7,residual_2,GPU,648663,648822,158.854
1,8,MoE_decoder_8,GPU,648822,732212,83390.3
1,8,input_layer_norm,GPU,648822,648981,158.854
1,8,attention,GPU,648981,665917,16935.9
1,8,attn_qkv_proj,GPU,648981,652842,3861.38
1,8,Linear,GPU,648981,652842,3861.38
1,8,self_attention,GPU,652842,658080,5237.31
1,8,AttentionSplit,GPU,652842,652842,0
1,8,AttentionSum,GPU,652842,652842,0
1,8,AttentionGen,Logic,652842,658080,5237.31
1,8,AttentionMerge,GPU,658080,658080,0
1,8,attn_o_proj,GPU,658080,660680,2600.32
1,8,Linear,GPU,658080,660680,2600.32
1,8,all_reduce,GPU,660680,665917,5236.91
1,8,residual_1,GPU,665917,666076,158.854
1,8,post_attn_layer_norm,GPU,666076,666235,158.854
1,8,expertFFN,GPU,666235,732053,65818.9
1,8,sync_0,GPU,666235,666235,0
1,8,sync__set,GPU,666235,666235,0
1,8,sync__,GPU,666235,666235,0
1,8,gate_fn,GPU,666235,666332,97.9093
1,8,Linear,GPU,666235,666332,97.9093
1,8,gate_update,GPU,666332,666332,0
1,8,moe_scatter,GPU,666332,666332,0
1,8,sync_for_moe_scatter,GPU,666332,666332,0
1,8,sync__set,GPU,666332,666332,0
1,8,sync__,GPU,666332,666332,0
1,8,moe_route,GPU,666332,666332,0
1,8,expert_FFN_0,GPU,666332,673737,7404.83
1,8,gate_proj,GPU,666332,668796,2463.47
1,8,Linear,Logic,666332,668796,2463.47
1,8,activation,Logic,668796,668810,14.4344
1,8,up_proj,GPU,668810,671274,2463.47
1,8,Linear,Logic,668810,671274,2463.47
1,8,down_proj,GPU,671274,673737,2463.47
1,8,Linear,Logic,671274,673737,2463.47
1,8,expert_FFN_1,GPU,673737,680342,6604.53
1,8,gate_proj,GPU,673737,675935,2197.77
1,8,Linear,Logic,673737,675935,2197.77
1,8,activation,Logic,675935,675946,11.2267
1,8,up_proj,GPU,675946,678144,2197.77
1,8,Linear,Logic,675946,678144,2197.77
1,8,down_proj,GPU,678144,680342,2197.77
1,8,Linear,Logic,678144,680342,2197.77
1,8,expert_FFN_2,GPU,680342,686951,6609.57
1,8,gate_proj,GPU,680342,682541,2198.91
1,8,Linear,Logic,680342,682541,2198.91
1,8,activation,Logic,682541,682554,12.8305
1,8,up_proj,GPU,682554,684752,2198.91
1,8,Linear,Logic,682554,684752,2198.91
1,8,down_proj,GPU,684752,686951,2198.91
1,8,Linear,Logic,684752,686951,2198.91
1,8,expert_FFN_3,GPU,686951,693561,6609.57
1,8,gate_proj,GPU,686951,689150,2198.91
1,8,Linear,Logic,686951,689150,2198.91
1,8,activation,Logic,689150,689163,12.8305
1,8,up_proj,GPU,689163,691362,2198.91
1,8,Linear,Logic,689163,691362,2198.91
1,8,down_proj,GPU,691362,693561,2198.91
1,8,Linear,Logic,691362,693561,2198.91
1,8,expert_FFN_4,GPU,693561,700160,6599.48
1,8,gate_proj,GPU,693561,695758,2196.62
1,8,Linear,Logic,693561,695758,2196.62
1,8,activation,Logic,695758,695767,9.62291
1,8,up_proj,GPU,695767,697964,2196.62
1,8,Linear,Logic,695767,697964,2196.62
1,8,down_proj,GPU,697964,700160,2196.62
1,8,Linear,Logic,697964,700160,2196.62
1,8,expert_FFN_5,GPU,700160,707565,7404.83
1,8,gate_proj,GPU,700160,702624,2463.47
1,8,Linear,Logic,700160,702624,2463.47
1,8,activation,Logic,702624,702638,14.4344
1,8,up_proj,GPU,702638,705102,2463.47
1,8,Linear,Logic,702638,705102,2463.47
1,8,down_proj,GPU,705102,707565,2463.47
1,8,Linear,Logic,705102,707565,2463.47
1,8,expert_FFN_6,GPU,707565,714175,6609.57
1,8,gate_proj,GPU,707565,709764,2198.91
1,8,Linear,Logic,707565,709764,2198.91
1,8,activation,Logic,709764,709777,12.8305
1,8,up_proj,GPU,709777,711976,2198.91
1,8,Linear,Logic,709777,711976,2198.91
1,8,down_proj,GPU,711976,714175,2198.91
1,8,Linear,Logic,711976,714175,2198.91
1,8,expert_FFN_7,GPU,714175,721580,7404.83
1,8,gate_proj,GPU,714175,716638,2463.47
1,8,Linear,Logic,714175,716638,2463.47
1,8,activation,Logic,716638,716653,14.4344
1,8,up_proj,GPU,716653,719116,2463.47
1,8,Linear,Logic,716653,719116,2463.47
1,8,down_proj,GPU,719116,721580,2463.47
1,8,Linear,Logic,719116,721580,2463.47
1,8,sync_2,GPU,721580,721580,0
1,8,sync__set,GPU,721580,721580,0
1,8,sync__,GPU,721580,721580,0
1,8,moe_all_reduce_for_e_tp,GPU,721580,726817,5236.91
1,8,sync_3,GPU,726817,726817,0
1,8,sync__set,GPU,726817,726817,0
1,8,sync__,GPU,726817,726817,0
1,8,moe_gather,GPU,726817,726817,0
1,8,sync_for_moe_gather,GPU,726817,726817,0
1,8,sync__set,GPU,726817,726817,0
1,8,sync__,GPU,726817,726817,0
1,8,moe_all_reduce_for_gather,GPU,726817,732053,5236.91
1,8,sync_5,GPU,732053,732053,0
1,8,sync__set,GPU,732053,732053,0
1,8,sync__,GPU,732053,732053,0
1,8,sync_6,GPU,732053,732053,0
1,8,sync__set,GPU,732053,732053,0
1,8,sync__,GPU,732053,732053,0
1,8,residual_2,GPU,732053,732212,158.854
1,9,MoE_decoder_9,GPU,732212,813313,81100.2
1,9,input_layer_norm,GPU,732212,732371,158.854
1,9,attention,GPU,732371,749307,16935.9
1,9,attn_qkv_proj,GPU,732371,736233,3861.38
1,9,Linear,GPU,732371,736233,3861.38
1,9,self_attention,GPU,736233,741470,5237.31
1,9,AttentionSplit,GPU,736233,736233,0
1,9,AttentionSum,GPU,736233,736233,0
1,9,AttentionGen,Logic,736233,741470,5237.31
1,9,AttentionMerge,GPU,741470,741470,0
1,9,attn_o_proj,GPU,741470,744070,2600.32
1,9,Linear,GPU,741470,744070,2600.32
1,9,all_reduce,GPU,744070,749307,5236.91
1,9,residual_1,GPU,749307,749466,158.854
1,9,post_attn_layer_norm,GPU,749466,749625,158.854
1,9,expertFFN,GPU,749625,813154,63528.9
1,9,sync_0,GPU,749625,749625,0
1,9,sync__set,GPU,749625,749625,0
1,9,sync__,GPU,749625,749625,0
1,9,gate_fn,GPU,749625,749723,97.9093
1,9,Linear,GPU,749625,749723,97.9093
1,9,gate_update,GPU,749723,749723,0
1,9,moe_scatter,GPU,749723,749723,0
1,9,sync_for_moe_scatter,GPU,749723,749723,0
1,9,sync__set,GPU,749723,749723,0
1,9,sync__,GPU,749723,749723,0
1,9,moe_route,GPU,749723,749723,0
1,9,expert_FFN_0,GPU,749723,756317,6594.44
1,9,gate_proj,GPU,749723,751918,2195.47
1,9,Linear,Logic,749723,751918,2195.47
1,9,activation,Logic,751918,751926,8.01909
1,9,up_proj,GPU,751926,754122,2195.47
1,9,Linear,Logic,751926,754122,2195.47
1,9,down_proj,GPU,754122,756317,2195.47
1,9,Linear,Logic,754122,756317,2195.47
1,9,expert_FFN_1,GPU,756317,763722,7404.83
1,9,gate_proj,GPU,756317,758781,2463.47
1,9,Linear,Logic,756317,758781,2463.47
1,9,activation,Logic,758781,758795,14.4344
1,9,up_proj,GPU,758795,761259,2463.47
1,9,Linear,Logic,758795,761259,2463.47
1,9,down_proj,GPU,761259,763722,2463.47
1,9,Linear,Logic,761259,763722,2463.47
1,9,expert_FFN_2,GPU,763722,770311,6589.4
1,9,gate_proj,GPU,763722,765916,2194.33
1,9,Linear,Logic,763722,765916,2194.33
1,9,activation,Logic,765916,765923,6.41527
1,9,up_proj,GPU,765923,768117,2194.33
1,9,Linear,Logic,765923,768117,2194.33
1,9,down_proj,GPU,768117,770311,2194.33
1,9,Linear,Logic,768117,770311,2194.33
1,9,expert_FFN_3,GPU,770311,777716,7404.83
1,9,gate_proj,GPU,770311,772775,2463.47
1,9,Linear,Logic,770311,772775,2463.47
1,9,activation,Logic,772775,772789,14.4344
1,9,up_proj,GPU,772789,775253,2463.47
1,9,Linear,Logic,772789,775253,2463.47
1,9,down_proj,GPU,775253,777716,2463.47
1,9,Linear,Logic,775253,777716,2463.47
1,9,expert_FFN_4,GPU,777716,785121,7404.83
1,9,gate_proj,GPU,777716,780180,2463.47
1,9,Linear,Logic,777716,780180,2463.47
1,9,activation,Logic,780180,780194,14.4344
1,9,up_proj,GPU,780194,782658,2463.47
1,9,Linear,Logic,780194,782658,2463.47
1,9,down_proj,GPU,782658,785121,2463.47
1,9,Linear,Logic,782658,785121,2463.47
1,9,expert_FFN_5,GPU,785121,791731,6609.57
1,9,gate_proj,GPU,785121,787320,2198.91
1,9,Linear,Logic,785121,787320,2198.91
1,9,activation,Logic,787320,787333,12.8305
1,9,up_proj,GPU,787333,789532,2198.91
1,9,Linear,Logic,787333,789532,2198.91
1,9,down_proj,GPU,789532,791731,2198.91
1,9,Linear,Logic,789532,791731,2198.91
1,9,expert_FFN_6,GPU,749723,776282,26559.2
1,9,gate_proj,GPU,749723,758546,8823.14
1,9,Linear,GPU,749723,758546,8823.14
1,9,activation,GPU,758546,758636,89.8138
1,9,up_proj,GPU,758636,767459,8823.14
1,9,Linear,GPU,758636,767459,8823.14
1,9,down_proj,GPU,767459,776282,8823.14
1,9,Linear,GPU,767459,776282,8823.14
1,9,expert_FFN_7,GPU,776282,802680,26397.9
1,9,gate_proj,GPU,776282,785068,8786.48
1,9,Linear,GPU,776282,785068,8786.48
1,9,activation,GPU,785068,785107,38.4916
1,9,up_proj,GPU,785107,793893,8786.48
1,9,Linear,GPU,785107,793893,8786.48
1,9,down_proj,GPU,793893,802680,8786.48
1,9,Linear,GPU,793893,802680,8786.48
1,9,sync_2,GPU,802680,802680,0
1,9,sync__set,GPU,802680,802680,0
1,9,sync__,GPU,802680,802680,0
1,9,moe_all_reduce_for_e_tp,GPU,802680,807917,5236.91
1,9,sync_3,GPU,807917,807917,0
1,9,sync__set,GPU,807917,807917,0
1,9,sync__,GPU,807917,807917,0
1,9,moe_gather,GPU,807917,807917,0
1,9,sync_for_moe_gather,GPU,807917,807917,0
1,9,sync__set,GPU,807917,807917,0
1,9,sync__,GPU,807917,807917,0
1,9,moe_all_reduce_for_gather,GPU,807917,813154,5236.91
1,9,sync_5,GPU,813154,813154,0
1,9,sync__set,GPU,813154,813154,0
1,9,sync__,GPU,813154,813154,0
1,9,sync_6,GPU,813154,813154,0
1,9,sync__set,GPU,813154,813154,0
1,9,sync__,GPU,813154,813154,0
1,9,residual_2,GPU,813154,813313,158.854
1,10,MoE_decoder_10,GPU,813313,894433,81120.4
1,10,input_layer_norm,GPU,813313,813471,158.854
1,10,attention,GPU,813471,830407,16935.9
1,10,attn_qkv_proj,GPU,813471,817333,3861.38
1,10,Linear,GPU,813471,817333,3861.38
1,10,self_attention,GPU,817333,822570,5237.31
1,10,AttentionSplit,GPU,817333,817333,0
1,10,AttentionSum,GPU,817333,817333,0
1,10,AttentionGen,Logic,817333,822570,5237.31
1,10,AttentionMerge,GPU,822570,822570,0
1,10,attn_o_proj,GPU,822570,825170,2600.32
1,10,Linear,GPU,822570,825170,2600.32
1,10,all_reduce,GPU,825170,830407,5236.91
1,10,residual_1,GPU,830407,830566,158.854
1,10,post_attn_layer_norm,GPU,830566,830725,158.854
1,10,expertFFN,GPU,830725,894274,63549.1
1,10,sync_0,GPU,830725,830725,0
1,10,sync__set,GPU,830725,830725,0
1,10,sync__,GPU,830725,830725,0
1,10,gate_fn,GPU,830725,830823,97.9093
1,10,Linear,GPU,830725,830823,97.9093
1,10,gate_update,GPU,830823,830823,0
1,10,moe_scatter,GPU,830823,830823,0
1,10,sync_for_moe_scatter,GPU,830823,830823,0
1,10,sync__set,GPU,830823,830823,0
1,10,sync__,GPU,830823,830823,0
1,10,moe_route,GPU,830823,830823,0
1,10,expert_FFN_0,GPU,830823,837417,6594.44
1,10,gate_proj,GPU,830823,833018,2195.47
1,10,Linear,Logic,830823,833018,2195.47
1,10,activation,Logic,833018,833026,8.01909
1,10,up_proj,GPU,833026,835222,2195.47
1,10,Linear,Logic,833026,835222,2195.47
1,10,down_proj,GPU,835222,837417,2195.47
1,10,Linear,Logic,835222,837417,2195.47
1,10,expert_FFN_1,GPU,837417,844822,7404.83
1,10,gate_proj,GPU,837417,839881,2463.47
1,10,Linear,Logic,837417,839881,2463.47
1,10,activation,Logic,839881,839895,14.4344
1,10,up_proj,GPU,839895,842359,2463.47
1,10,Linear,Logic,839895,842359,2463.47
1,10,down_proj,GPU,842359,844822,2463.47
1,10,Linear,Logic,842359,844822,2463.47
1,10,expert_FFN_2,GPU,844822,851427,6604.53
1,10,gate_proj,GPU,844822,847020,2197.77
1,10,Linear,Logic,844822,847020,2197.77
1,10,activation,Logic,847020,847031,11.2267
1,10,up_proj,GPU,847031,849229,2197.77
1,10,Linear,Logic,847031,849229,2197.77
1,10,down_proj,GPU,849229,851427,2197.77
1,10,Linear,Logic,849229,851427,2197.77
1,10,expert_FFN_3,GPU,851427,858832,7404.83
1,10,gate_proj,GPU,851427,853890,2463.47
1,10,Linear,Logic,851427,853890,2463.47
1,10,activation,Logic,853890,853905,14.4344
1,10,up_proj,GPU,853905,856368,2463.47
1,10,Linear,Logic,853905,856368,2463.47
1,10,down_proj,GPU,856368,858832,2463.47
1,10,Linear,Logic,856368,858832,2463.47
1,10,expert_FFN_4,GPU,830823,857342,26518.9
1,10,gate_proj,GPU,830823,839637,8813.98
1,10,Linear,GPU,830823,839637,8813.98
1,10,activation,GPU,839637,839714,76.9833
1,10,up_proj,GPU,839714,848528,8813.98
1,10,Linear,GPU,839714,848528,8813.98
1,10,down_proj,GPU,848528,857342,8813.98
1,10,Linear,GPU,848528,857342,8813.98
1,10,expert_FFN_5,GPU,857342,883800,26458.4
1,10,gate_proj,GPU,857342,866142,8800.23
1,10,Linear,GPU,857342,866142,8800.23
1,10,activation,GPU,866142,866200,57.7375
1,10,up_proj,GPU,866200,875000,8800.23
1,10,Linear,GPU,866200,875000,8800.23
1,10,down_proj,GPU,875000,883800,8800.23
1,10,Linear,GPU,875000,883800,8800.23
1,10,expert_FFN_6,GPU,858832,866236,7404.83
1,10,gate_proj,GPU,858832,861295,2463.47
1,10,Linear,Logic,858832,861295,2463.47
1,10,activation,Logic,861295,861309,14.4344
1,10,up_proj,GPU,861309,863773,2463.47
1,10,Linear,Logic,861309,863773,2463.47
1,10,down_proj,GPU,863773,866236,2463.47
1,10,Linear,Logic,863773,866236,2463.47
1,10,expert_FFN_7,GPU,866236,872826,6589.4
1,10,gate_proj,GPU,866236,868431,2194.33
1,10,Linear,Logic,866236,868431,2194.33
1,10,activation,Logic,868431,868437,6.41527
1,10,up_proj,GPU,868437,870631,2194.33
1,10,Linear,Logic,868437,870631,2194.33
1,10,down_proj,GPU,870631,872826,2194.33
1,10,Linear,Logic,870631,872826,2194.33
1,10,sync_2,GPU,883800,883800,0
1,10,sync__set,GPU,883800,883800,0
1,10,sync__,GPU,883800,883800,0
1,10,moe_all_reduce_for_e_tp,GPU,883800,889037,5236.91
1,10,sync_3,GPU,889037,889037,0
1,10,sync__set,GPU,889037,889037,0
1,10,sync__,GPU,889037,889037,0
1,10,moe_gather,GPU,889037,889037,0
1,10,sync_for_moe_gather,GPU,889037,889037,0
1,10,sync__set,GPU,889037,889037,0
1,10,sync__,GPU,889037,889037,0
1,10,moe_all_reduce_for_gather,GPU,889037,894274,5236.91
1,10,sync_5,GPU,894274,894274,0
1,10,sync__set,GPU,894274,894274,0
1,10,sync__,GPU,894274,894274,0
1,10,sync_6,GPU,894274,894274,0
1,10,sync__set,GPU,894274,894274,0
1,10,sync__,GPU,894274,894274,0
1,10,residual_2,GPU,894274,894433,158.854
1,11,MoE_decoder_11,GPU,894433,975513,81080.1
1,11,input_layer_norm,GPU,894433,894592,158.854
1,11,attention,GPU,894592,911528,16935.9
1,11,attn_qkv_proj,GPU,894592,898453,3861.38
1,11,Linear,GPU,894592,898453,3861.38
1,11,self_attention,GPU,898453,903691,5237.31
1,11,AttentionSplit,GPU,898453,898453,0
1,11,AttentionSum,GPU,898453,898453,0
1,11,AttentionGen,Logic,898453,903691,5237.31
1,11,AttentionMerge,GPU,903691,903691,0
1,11,attn_o_proj,GPU,903691,906291,2600.32
1,11,Linear,GPU,903691,906291,2600.32
1,11,all_reduce,GPU,906291,911528,5236.91
1,11,residual_1,GPU,911528,911687,158.854
1,11,post_attn_layer_norm,GPU,911687,911845,158.854
1,11,expertFFN,GPU,911845,975354,63508.7
1,11,sync_0,GPU,911845,911845,0
1,11,sync__set,GPU,911845,911845,0
1,11,sync__,GPU,911845,911845,0
1,11,gate_fn,GPU,911845,911943,97.9093
1,11,Linear,GPU,911845,911943,97.9093
1,11,gate_update,GPU,911943,911943,0
1,11,moe_scatter,GPU,911943,911943,0
1,11,sync_for_moe_scatter,GPU,911943,911943,0
1,11,sync__set,GPU,911943,911943,0
1,11,sync__,GPU,911943,911943,0
1,11,moe_route,GPU,911943,911943,0
1,11,expert_FFN_0,GPU,911943,919348,7404.83
1,11,gate_proj,GPU,911943,914407,2463.47
1,11,Linear,Logic,911943,914407,2463.47
1,11,activation,Logic,914407,914421,14.4344
1,11,up_proj,GPU,914421,916885,2463.47
1,11,Linear,Logic,914421,916885,2463.47
1,11,down_proj,GPU,916885,919348,2463.47
1,11,Linear,Logic,916885,919348,2463.47
1,11,expert_FFN_1,GPU,919348,925948,6599.48
1,11,gate_proj,GPU,919348,921545,2196.62
1,11,Linear,Logic,919348,921545,2196.62
1,11,activation,Logic,921545,921554,9.62291
1,11,up_proj,GPU,921554,923751,2196.62
1,11,Linear,Logic,921554,923751,2196.62
1,11,down_proj,GPU,923751,925948,2196.62
1,11,Linear,Logic,923751,925948,2196.62
1,11,expert_FFN_2,GPU,925948,932552,6604.53
1,11,gate_proj,GPU,925948,928145,2197.77
1,11,Linear,Logic,925948,928145,2197.77
1,11,activation,Logic,928145,928157,11.2267
1,11,up_proj,GPU,928157,930354,2197.77
1,11,Linear,Logic,928157,930354,2197.77
1,11,down_proj,GPU,930354,932552,2197.77
1,11,Linear,Logic,930354,932552,2197.77
1,11,expert_FFN_3,GPU,932552,939147,6594.44
1,11,gate_proj,GPU,932552,934748,2195.47
1,11,Linear,Logic,932552,934748,2195.47
1,11,activation,Logic,934748,934756,8.01909
1,11,up_proj,GPU,934756,936951,2195.47
1,11,Linear,Logic,934756,936951,2195.47
1,11,down_proj,GPU,936951,939147,2195.47
1,11,Linear,Logic,936951,939147,2195.47
1,11,expert_FFN_4,GPU,939147,947374,8227.59
1,11,gate_proj,GPU,939147,941884,2737.18
1,11,Linear,Logic,939147,941884,2737.18
1,11,activation,Logic,941884,941900,16.0382
1,11,up_proj,GPU,941900,944637,2737.18
1,11,Linear,Logic,941900,944637,2737.18
1,11,down_proj,GPU,944637,947374,2737.18
1,11,Linear,Logic,944637,947374,2737.18
1,11,expert_FFN_5,GPU,947374,953984,6609.57
1,11,gate_proj,GPU,947374,949573,2198.91
1,11,Linear,Logic,947374,949573,2198.91
1,11,activation,Logic,949573,949586,12.8305
1,11,up_proj,GPU,949586,951785,2198.91
1,11,Linear,Logic,949586,951785,2198.91
1,11,down_proj,GPU,951785,953984,2198.91
1,11,Linear,Logic,951785,953984,2198.91
1,11,expert_FFN_6,GPU,911943,938382,26438.3
1,11,gate_proj,GPU,911943,920739,8795.65
1,11,Linear,GPU,911943,920739,8795.65
1,11,activation,GPU,920739,920790,51.3222
1,11,up_proj,GPU,920790,929586,8795.65
1,11,Linear,GPU,920790,929586,8795.65
1,11,down_proj,GPU,929586,938382,8795.65
1,11,Linear,GPU,929586,938382,8795.65
1,11,expert_FFN_7,GPU,938382,964880,26498.7
1,11,gate_proj,GPU,938382,947191,8809.39
1,11,Linear,GPU,938382,947191,8809.39
1,11,activation,GPU,947191,947262,70.568
1,11,up_proj,GPU,947262,956071,8809.39
1,11,Linear,GPU,947262,956071,8809.39
1,11,down_proj,GPU,956071,964880,8809.39
1,11,Linear,GPU,956071,964880,8809.39
1,11,sync_2,GPU,964880,964880,0
1,11,sync__set,GPU,964880,964880,0
1,11,sync__,GPU,964880,964880,0
1,11,moe_all_reduce_for_e_tp,GPU,964880,970117,5236.91
1,11,sync_3,GPU,970117,970117,0
1,11,sync__set,GPU,970117,970117,0
1,11,sync__,GPU,970117,970117,0
1,11,moe_gather,GPU,970117,970117,0
1,11,sync_for_moe_gather,GPU,970117,970117,0
1,11,sync__set,GPU,970117,970117,0
1,11,sync__,GPU,970117,970117,0
1,11,moe_all_reduce_for_gather,GPU,970117,975354,5236.91
1,11,sync_5,GPU,975354,975354,0
1,11,sync__set,GPU,975354,975354,0
1,11,sync__,GPU,975354,975354,0
1,11,sync_6,GPU,975354,975354,0
1,11,sync__set,GPU,975354,975354,0
1,11,sync__,GPU,975354,975354,0
1,11,residual_2,GPU,975354,975513,158.854
1,12,MoE_decoder_12,GPU,975513,1.05667e+06,81160.7
1,12,input_layer_norm,GPU,975513,975672,158.854
1,12,attention,GPU,975672,992608,16935.9
1,12,attn_qkv_proj,GPU,975672,979533,3861.38
1,12,Linear,GPU,975672,979533,3861.38
1,12,self_attention,GPU,979533,984771,5237.31
1,12,AttentionSplit,GPU,979533,979533,0
1,12,AttentionSum,GPU,979533,979533,0
1,12,AttentionGen,Logic,979533,984771,5237.31
1,12,AttentionMerge,GPU,984771,984771,0
1,12,attn_o_proj,GPU,984771,987371,2600.32
1,12,Linear,GPU,984771,987371,2600.32
1,12,all_reduce,GPU,987371,992608,5236.91
1,12,residual_1,GPU,992608,992767,158.854
1,12,post_attn_layer_norm,GPU,992767,992926,158.854
1,12,expertFFN,GPU,992926,1.05651e+06,63589.4
1,12,sync_0,GPU,992926,992926,0
1,12,sync__set,GPU,992926,992926,0
1,12,sync__,GPU,992926,992926,0
1,12,gate_fn,GPU,992926,993023,97.9093
1,12,Linear,GPU,992926,993023,97.9093
1,12,gate_update,GPU,993023,993023,0
1,12,moe_scatter,GPU,993023,993023,0
1,12,sync_for_moe_scatter,GPU,993023,993023,0
1,12,sync__set,GPU,993023,993023,0
1,12,sync__,GPU,993023,993023,0
1,12,moe_route,GPU,993023,993023,0
1,12,expert_FFN_0,GPU,993023,1.00043e+06,7404.83
1,12,gate_proj,GPU,993023,995487,2463.47
1,12,Linear,Logic,993023,995487,2463.47
1,12,activation,Logic,995487,995501,14.4344
1,12,up_proj,GPU,995501,997965,2463.47
1,12,Linear,Logic,995501,997965,2463.47
1,12,down_proj,GPU,997965,1.00043e+06,2463.47
1,12,Linear,Logic,997965,1.00043e+06,2463.47
1,12,expert_FFN_1,GPU,1.00043e+06,1.00703e+06,6599.48
1,12,gate_proj,GPU,1.00043e+06,1.00262e+06,2196.62
1,12,Linear,Logic,1.00043e+06,1.00262e+06,2196.62
1,12,activation,Logic,1.00262e+06,1.00263e+06,9.62291
1,12,up_proj,GPU,1.00263e+06,1.00483e+06,2196.62
1,12,Linear,Logic,1.00263e+06,1.00483e+06,2196.62
1,12,down_proj,GPU,1.00483e+06,1.00703e+06,2196.62
1,12,Linear,Logic,1.00483e+06,1.00703e+06,2196.62
1,12,expert_FFN_2,GPU,1.00703e+06,1.01526e+06,8227.59
1,12,gate_proj,GPU,1.00703e+06,1.00976e+06,2737.18
1,12,Linear,Logic,1.00703e+06,1.00976e+06,2737.18
1,12,activation,Logic,1.00976e+06,1.00978e+06,16.0382
1,12,up_proj,GPU,1.00978e+06,1.01252e+06,2737.18
1,12,Linear,Logic,1.00978e+06,1.01252e+06,2737.18
1,12,down_proj,GPU,1.01252e+06,1.01526e+06,2737.18
1,12,Linear,Logic,1.01252e+06,1.01526e+06,2737.18
1,12,expert_FFN_3,GPU,1.01526e+06,1.02185e+06,6599.48
1,12,gate_proj,GPU,1.01526e+06,1.01745e+06,2196.62
1,12,Linear,Logic,1.01526e+06,1.01745e+06,2196.62
1,12,activation,Logic,1.01745e+06,1.01746e+06,9.62291
1,12,up_proj,GPU,1.01746e+06,1.01966e+06,2196.62
1,12,Linear,Logic,1.01746e+06,1.01966e+06,2196.62
1,12,down_proj,GPU,1.01966e+06,1.02185e+06,2196.62
1,12,Linear,Logic,1.01966e+06,1.02185e+06,2196.62
1,12,expert_FFN_4,GPU,993023,1.01958e+06,26559.2
1,12,gate_proj,GPU,993023,1.00185e+06,8823.14
1,12,Linear,GPU,993023,1.00185e+06,8823.14
1,12,activation,GPU,1.00185e+06,1.00194e+06,89.8138
1,12,up_proj,GPU,1.00194e+06,1.01076e+06,8823.14
1,12,Linear,GPU,1.00194e+06,1.01076e+06,8823.14
1,12,down_proj,GPU,1.01076e+06,1.01958e+06,8823.14
1,12,Linear,GPU,1.01076e+06,1.01958e+06,8823.14
1,12,expert_FFN_5,GPU,1.01958e+06,1.04604e+06,26458.4
1,12,gate_proj,GPU,1.01958e+06,1.02838e+06,8800.23
1,12,Linear,GPU,1.01958e+06,1.02838e+06,8800.23
1,12,activation,GPU,1.02838e+06,1.02844e+06,57.7375
1,12,up_proj,GPU,1.02844e+06,1.03724e+06,8800.23
1,12,Linear,GPU,1.02844e+06,1.03724e+06,8800.23
1,12,down_proj,GPU,1.03724e+06,1.04604e+06,8800.23
1,12,Linear,GPU,1.03724e+06,1.04604e+06,8800.23
1,12,expert_FFN_6,GPU,1.02185e+06,1.02843e+06,6579.32
1,12,gate_proj,GPU,1.02185e+06,1.02405e+06,2192.04
1,12,Linear,Logic,1.02185e+06,1.02405e+06,2192.04
1,12,activation,Logic,1.02405e+06,1.02405e+06,3.20764
1,12,up_proj,GPU,1.02405e+06,1.02624e+06,2192.04
1,12,Linear,Logic,1.02405e+06,1.02624e+06,2192.04
1,12,down_proj,GPU,1.02624e+06,1.02843e+06,2192.04
1,12,Linear,Logic,1.02624e+06,1.02843e+06,2192.04
1,12,expert_FFN_7,GPU,1.02843e+06,1.03504e+06,6609.57
1,12,gate_proj,GPU,1.02843e+06,1.03063e+06,2198.91
1,12,Linear,Logic,1.02843e+06,1.03063e+06,2198.91
1,12,activation,Logic,1.03063e+06,1.03065e+06,12.8305
1,12,up_proj,GPU,1.03065e+06,1.03284e+06,2198.91
1,12,Linear,Logic,1.03065e+06,1.03284e+06,2198.91
1,12,down_proj,GPU,1.03284e+06,1.03504e+06,2198.91
1,12,Linear,Logic,1.03284e+06,1.03504e+06,2198.91
1,12,sync_2,GPU,1.04604e+06,1.04604e+06,0
1,12,sync__set,GPU,1.04604e+06,1.04604e+06,0
1,12,sync__,GPU,1.04604e+06,1.04604e+06,0
1,12,moe_all_reduce_for_e_tp,GPU,1.04604e+06,1.05128e+06,5236.91
1,12,sync_3,GPU,1.05128e+06,1.05128e+06,0
1,12,sync__set,GPU,1.05128e+06,1.05128e+06,0
1,12,sync__,GPU,1.05128e+06,1.05128e+06,0
1,12,moe_gather,GPU,1.05128e+06,1.05128e+06,0
1,12,sync_for_moe_gather,GPU,1.05128e+06,1.05128e+06,0
1,12,sync__set,GPU,1.05128e+06,1.05128e+06,0
1,12,sync__,GPU,1.05128e+06,1.05128e+06,0
1,12,moe_all_reduce_for_gather,GPU,1.05128e+06,1.05651e+06,5236.91
1,12,sync_5,GPU,1.05651e+06,1.05651e+06,0
1,12,sync__set,GPU,1.05651e+06,1.05651e+06,0
1,12,sync__,GPU,1.05651e+06,1.05651e+06,0
1,12,sync_6,GPU,1.05651e+06,1.05651e+06,0
1,12,sync__set,GPU,1.05651e+06,1.05651e+06,0
1,12,sync__,GPU,1.05651e+06,1.05651e+06,0
1,12,residual_2,GPU,1.05651e+06,1.05667e+06,158.854
1,13,MoE_decoder_13,GPU,1.05667e+06,1.13779e+06,81120.4
1,13,input_layer_norm,GPU,1.05667e+06,1.05683e+06,158.854
1,13,attention,GPU,1.05683e+06,1.07377e+06,16935.9
1,13,attn_qkv_proj,GPU,1.05683e+06,1.06069e+06,3861.38
1,13,Linear,GPU,1.05683e+06,1.06069e+06,3861.38
1,13,self_attention,GPU,1.06069e+06,1.06593e+06,5237.31
1,13,AttentionSplit,GPU,1.06069e+06,1.06069e+06,0
1,13,AttentionSum,GPU,1.06069e+06,1.06069e+06,0
1,13,AttentionGen,Logic,1.06069e+06,1.06593e+06,5237.31
1,13,AttentionMerge,GPU,1.06593e+06,1.06593e+06,0
1,13,attn_o_proj,GPU,1.06593e+06,1.06853e+06,2600.32
1,13,Linear,GPU,1.06593e+06,1.06853e+06,2600.32
1,13,all_reduce,GPU,1.06853e+06,1.07377e+06,5236.91
1,13,residual_1,GPU,1.07377e+06,1.07393e+06,158.854
1,13,post_attn_layer_norm,GPU,1.07393e+06,1.07409e+06,158.854
1,13,expertFFN,GPU,1.07409e+06,1.13764e+06,63549.1
1,13,sync_0,GPU,1.07409e+06,1.07409e+06,0
1,13,sync__set,GPU,1.07409e+06,1.07409e+06,0
1,13,sync__,GPU,1.07409e+06,1.07409e+06,0
1,13,gate_fn,GPU,1.07409e+06,1.07418e+06,97.9093
1,13,Linear,GPU,1.07409e+06,1.07418e+06,97.9093
1,13,gate_update,GPU,1.07418e+06,1.07418e+06,0
1,13,moe_scatter,GPU,1.07418e+06,1.07418e+06,0
1,13,sync_for_moe_scatter,GPU,1.07418e+06,1.07418e+06,0
1,13,sync__set,GPU,1.07418e+06,1.07418e+06,0
1,13,sync__,GPU,1.07418e+06,1.07418e+06,0
1,13,moe_route,GPU,1.07418e+06,1.07418e+06,0
1,13,expert_FFN_0,GPU,1.07418e+06,1.08323e+06,9050.35
1,13,gate_proj,GPU,1.07418e+06,1.0772e+06,3010.9
1,13,Linear,Logic,1.07418e+06,1.0772e+06,3010.9
1,13,activation,Logic,1.0772e+06,1.07721e+06,17.642
1,13,up_proj,GPU,1.07721e+06,1.08022e+06,3010.9
1,13,Linear,Logic,1.07721e+06,1.08022e+06,3010.9
1,13,down_proj,GPU,1.08022e+06,1.08323e+06,3010.9
1,13,Linear,Logic,1.08022e+06,1.08323e+06,3010.9
1,13,expert_FFN_1,GPU,1.08323e+06,1.08984e+06,6609.57
1,13,gate_proj,GPU,1.08323e+06,1.08543e+06,2198.91
1,13,Linear,Logic,1.08323e+06,1.08543e+06,2198.91
1,13,activation,Logic,1.08543e+06,1.08545e+06,12.8305
1,13,up_proj,GPU,1.08545e+06,1.08765e+06,2198.91
1,13,Linear,Logic,1.08545e+06,1.08765e+06,2198.91
1,13,down_proj,GPU,1.08765e+06,1.08984e+06,2198.91
1,13,Linear,Logic,1.08765e+06,1.08984e+06,2198.91
1,13,expert_FFN_2,GPU,1.08984e+06,1.09645e+06,6609.57
1,13,gate_proj,GPU,1.08984e+06,1.09204e+06,2198.91
1,13,Linear,Logic,1.08984e+06,1.09204e+06,2198.91
1,13,activation,Logic,1.09204e+06,1.09206e+06,12.8305
1,13,up_proj,GPU,1.09206e+06,1.09425e+06,2198.91
1,13,Linear,Logic,1.09206e+06,1.09425e+06,2198.91
1,13,down_proj,GPU,1.09425e+06,1.09645e+06,2198.91
1,13,Linear,Logic,1.09425e+06,1.09645e+06,2198.91
1,13,expert_FFN_3,GPU,1.09645e+06,1.1055e+06,9050.35
1,13,gate_proj,GPU,1.09645e+06,1.09946e+06,3010.9
1,13,Linear,Logic,1.09645e+06,1.09946e+06,3010.9
1,13,activation,Logic,1.09946e+06,1.09948e+06,17.642
1,13,up_proj,GPU,1.09948e+06,1.10249e+06,3010.9
1,13,Linear,Logic,1.09948e+06,1.10249e+06,3010.9
1,13,down_proj,GPU,1.10249e+06,1.1055e+06,3010.9
1,13,Linear,Logic,1.10249e+06,1.1055e+06,3010.9
1,13,expert_FFN_4,GPU,1.1055e+06,1.11209e+06,6584.36
1,13,gate_proj,GPU,1.1055e+06,1.1077e+06,2193.18
1,13,Linear,Logic,1.1055e+06,1.1077e+06,2193.18
1,13,activation,Logic,1.1077e+06,1.1077e+06,4.81146
1,13,up_proj,GPU,1.1077e+06,1.1099e+06,2193.18
1,13,Linear,Logic,1.1077e+06,1.1099e+06,2193.18
1,13,down_proj,GPU,1.1099e+06,1.11209e+06,2193.18
1,13,Linear,Logic,1.1099e+06,1.11209e+06,2193.18
1,13,expert_FFN_5,GPU,1.11209e+06,1.11867e+06,6579.32
1,13,gate_proj,GPU,1.11209e+06,1.11428e+06,2192.04
1,13,Linear,Logic,1.11209e+06,1.11428e+06,2192.04
1,13,activation,Logic,1.11428e+06,1.11428e+06,3.20764
1,13,up_proj,GPU,1.11428e+06,1.11648e+06,2192.04
1,13,Linear,Logic,1.11428e+06,1.11648e+06,2192.04
1,13,down_proj,GPU,1.11648e+06,1.11867e+06,2192.04
1,13,Linear,Logic,1.11648e+06,1.11867e+06,2192.04
1,13,expert_FFN_6,GPU,1.07418e+06,1.1007e+06,26518.9
1,13,gate_proj,GPU,1.07418e+06,1.083e+06,8813.98
1,13,Linear,GPU,1.07418e+06,1.083e+06,8813.98
1,13,activation,GPU,1.083e+06,1.08308e+06,76.9833
1,13,up_proj,GPU,1.08308e+06,1.09189e+06,8813.98
1,13,Linear,GPU,1.08308e+06,1.09189e+06,8813.98
1,13,down_proj,GPU,1.09189e+06,1.1007e+06,8813.98
1,13,Linear,GPU,1.09189e+06,1.1007e+06,8813.98
1,13,expert_FFN_7,GPU,1.1007e+06,1.12716e+06,26458.4
1,13,gate_proj,GPU,1.1007e+06,1.1095e+06,8800.23
1,13,Linear,GPU,1.1007e+06,1.1095e+06,8800.23
1,13,activation,GPU,1.1095e+06,1.10956e+06,57.7375
1,13,up_proj,GPU,1.10956e+06,1.11836e+06,8800.23
1,13,Linear,GPU,1.10956e+06,1.11836e+06,8800.23
1,13,down_proj,GPU,1.11836e+06,1.12716e+06,8800.23
1,13,Linear,GPU,1.11836e+06,1.12716e+06,8800.23
1,13,sync_2,GPU,1.12716e+06,1.12716e+06,0
1,13,sync__set,GPU,1.12716e+06,1.12716e+06,0
1,13,sync__,GPU,1.12716e+06,1.12716e+06,0
1,13,moe_all_reduce_for_e_tp,GPU,1.12716e+06,1.1324e+06,5236.91
1,13,sync_3,GPU,1.1324e+06,1.1324e+06,0
1,13,sync__set,GPU,1.1324e+06,1.1324e+06,0
1,13,sync__,GPU,1.1324e+06,1.1324e+06,0
1,13,moe_gather,GPU,1.1324e+06,1.1324e+06,0
1,13,sync_for_moe_gather,GPU,1.1324e+06,1.1324e+06,0
1,13,sync__set,GPU,1.1324e+06,1.1324e+06,0
1,13,sync__,GPU,1.1324e+06,1.1324e+06,0
1,13,moe_all_reduce_for_gather,GPU,1.1324e+06,1.13764e+06,5236.91
1,13,sync_5,GPU,1.13764e+06,1.13764e+06,0
1,13,sync__set,GPU,1.13764e+06,1.13764e+06,0
1,13,sync__,GPU,1.13764e+06,1.13764e+06,0
1,13,sync_6,GPU,1.13764e+06,1.13764e+06,0
1,13,sync__set,GPU,1.13764e+06,1.13764e+06,0
1,13,sync__,GPU,1.13764e+06,1.13764e+06,0
1,13,residual_2,GPU,1.13764e+06,1.13779e+06,158.854
1,14,MoE_decoder_14,GPU,1.13779e+06,1.21891e+06,81120.4
1,14,input_layer_norm,GPU,1.13779e+06,1.13795e+06,158.854
1,14,attention,GPU,1.13795e+06,1.15489e+06,16935.9
1,14,attn_qkv_proj,GPU,1.13795e+06,1.14181e+06,3861.38
1,14,Linear,GPU,1.13795e+06,1.14181e+06,3861.38
1,14,self_attention,GPU,1.14181e+06,1.14705e+06,5237.31
1,14,AttentionSplit,GPU,1.14181e+06,1.14181e+06,0
1,14,AttentionSum,GPU,1.14181e+06,1.14181e+06,0
1,14,AttentionGen,Logic,1.14181e+06,1.14705e+06,5237.31
1,14,AttentionMerge,GPU,1.14705e+06,1.14705e+06,0
1,14,attn_o_proj,GPU,1.14705e+06,1.14965e+06,2600.32
1,14,Linear,GPU,1.14705e+06,1.14965e+06,2600.32
1,14,all_reduce,GPU,1.14965e+06,1.15489e+06,5236.91
1,14,residual_1,GPU,1.15489e+06,1.15505e+06,158.854
1,14,post_attn_layer_norm,GPU,1.15505e+06,1.15521e+06,158.854
1,14,expertFFN,GPU,1.15521e+06,1.21876e+06,63549.1
1,14,sync_0,GPU,1.15521e+06,1.15521e+06,0
1,14,sync__set,GPU,1.15521e+06,1.15521e+06,0
1,14,sync__,GPU,1.15521e+06,1.15521e+06,0
1,14,gate_fn,GPU,1.15521e+06,1.1553e+06,97.9093
1,14,Linear,GPU,1.15521e+06,1.1553e+06,97.9093
1,14,gate_update,GPU,1.1553e+06,1.1553e+06,0
1,14,moe_scatter,GPU,1.1553e+06,1.1553e+06,0
1,14,sync_for_moe_scatter,GPU,1.1553e+06,1.1553e+06,0
1,14,sync__set,GPU,1.1553e+06,1.1553e+06,0
1,14,sync__,GPU,1.1553e+06,1.1553e+06,0
1,14,moe_route,GPU,1.1553e+06,1.1553e+06,0
1,14,expert_FFN_0,GPU,1.1553e+06,1.16271e+06,7404.83
1,14,gate_proj,GPU,1.1553e+06,1.15777e+06,2463.47
1,14,Linear,Logic,1.1553e+06,1.15777e+06,2463.47
1,14,activation,Logic,1.15777e+06,1.15778e+06,14.4344
1,14,up_proj,GPU,1.15778e+06,1.16025e+06,2463.47
1,14,Linear,Logic,1.15778e+06,1.16025e+06,2463.47
1,14,down_proj,GPU,1.16025e+06,1.16271e+06,2463.47
1,14,Linear,Logic,1.16025e+06,1.16271e+06,2463.47
1,14,expert_FFN_1,GPU,1.16271e+06,1.16931e+06,6599.48
1,14,gate_proj,GPU,1.16271e+06,1.16491e+06,2196.62
1,14,Linear,Logic,1.16271e+06,1.16491e+06,2196.62
1,14,activation,Logic,1.16491e+06,1.16492e+06,9.62291
1,14,up_proj,GPU,1.16492e+06,1.16711e+06,2196.62
1,14,Linear,Logic,1.16492e+06,1.16711e+06,2196.62
1,14,down_proj,GPU,1.16711e+06,1.16931e+06,2196.62
1,14,Linear,Logic,1.16711e+06,1.16931e+06,2196.62
1,14,expert_FFN_2,GPU,1.16931e+06,1.17591e+06,6599.48
1,14,gate_proj,GPU,1.16931e+06,1.17151e+06,2196.62
1,14,Linear,Logic,1.16931e+06,1.17151e+06,2196.62
1,14,activation,Logic,1.17151e+06,1.17152e+06,9.62291
1,14,up_proj,GPU,1.17152e+06,1.17371e+06,2196.62
1,14,Linear,Logic,1.17152e+06,1.17371e+06,2196.62
1,14,down_proj,GPU,1.17371e+06,1.17591e+06,2196.62
1,14,Linear,Logic,1.17371e+06,1.17591e+06,2196.62
1,14,expert_FFN_3,GPU,1.17591e+06,1.18251e+06,6604.53
1,14,gate_proj,GPU,1.17591e+06,1.17811e+06,2197.77
1,14,Linear,Logic,1.17591e+06,1.17811e+06,2197.77
1,14,activation,Logic,1.17811e+06,1.17812e+06,11.2267
1,14,up_proj,GPU,1.17812e+06,1.18032e+06,2197.77
1,14,Linear,Logic,1.17812e+06,1.18032e+06,2197.77
1,14,down_proj,GPU,1.18032e+06,1.18251e+06,2197.77
1,14,Linear,Logic,1.18032e+06,1.18251e+06,2197.77
1,14,expert_FFN_4,GPU,1.18251e+06,1.18911e+06,6599.48
1,14,gate_proj,GPU,1.18251e+06,1.18471e+06,2196.62
1,14,Linear,Logic,1.18251e+06,1.18471e+06,2196.62
1,14,activation,Logic,1.18471e+06,1.18472e+06,9.62291
1,14,up_proj,GPU,1.18472e+06,1.18692e+06,2196.62
1,14,Linear,Logic,1.18472e+06,1.18692e+06,2196.62
1,14,down_proj,GPU,1.18692e+06,1.18911e+06,2196.62
1,14,Linear,Logic,1.18692e+06,1.18911e+06,2196.62
1,14,expert_FFN_5,GPU,1.18911e+06,1.19652e+06,7404.83
1,14,gate_proj,GPU,1.18911e+06,1.19158e+06,2463.47
1,14,Linear,Logic,1.18911e+06,1.19158e+06,2463.47
1,14,activation,Logic,1.19158e+06,1.19159e+06,14.4344
1,14,up_proj,GPU,1.19159e+06,1.19405e+06,2463.47
1,14,Linear,Logic,1.19159e+06,1.19405e+06,2463.47
1,14,down_proj,GPU,1.19405e+06,1.19652e+06,2463.47
1,14,Linear,Logic,1.19405e+06,1.19652e+06,2463.47
1,14,expert_FFN_6,GPU,1.1553e+06,1.1818e+06,26498.7
1,14,gate_proj,GPU,1.1553e+06,1.16411e+06,8809.39
1,14,Linear,GPU,1.1553e+06,1.16411e+06,8809.39
1,14,activation,GPU,1.16411e+06,1.16418e+06,70.568
1,14,up_proj,GPU,1.16418e+06,1.17299e+06,8809.39
1,14,Linear,GPU,1.16418e+06,1.17299e+06,8809.39
1,14,down_proj,GPU,1.17299e+06,1.1818e+06,8809.39
1,14,Linear,GPU,1.17299e+06,1.1818e+06,8809.39
1,14,expert_FFN_7,GPU,1.1818e+06,1.20828e+06,26478.6
1,14,gate_proj,GPU,1.1818e+06,1.19061e+06,8804.81
1,14,Linear,GPU,1.1818e+06,1.19061e+06,8804.81
1,14,activation,GPU,1.19061e+06,1.19067e+06,64.1527
1,14,up_proj,GPU,1.19067e+06,1.19948e+06,8804.81
1,14,Linear,GPU,1.19067e+06,1.19948e+06,8804.81
1,14,down_proj,GPU,1.19948e+06,1.20828e+06,8804.81
1,14,Linear,GPU,1.19948e+06,1.20828e+06,8804.81
1,14,sync_2,GPU,1.20828e+06,1.20828e+06,0
1,14,sync__set,GPU,1.20828e+06,1.20828e+06,0
1,14,sync__,GPU,1.20828e+06,1.20828e+06,0
1,14,moe_all_reduce_for_e_tp,GPU,1.20828e+06,1.21352e+06,5236.91
1,14,sync_3,GPU,1.21352e+06,1.21352e+06,0
1,14,sync__set,GPU,1.21352e+06,1.21352e+06,0
1,14,sync__,GPU,1.21352e+06,1.21352e+06,0
1,14,moe_gather,GPU,1.21352e+06,1.21352e+06,0
1,14,sync_for_moe_gather,GPU,1.21352e+06,1.21352e+06,0
1,14,sync__set,GPU,1.21352e+06,1.21352e+06,0
1,14,sync__,GPU,1.21352e+06,1.21352e+06,0
1,14,moe_all_reduce_for_gather,GPU,1.21352e+06,1.21876e+06,5236.91
1,14,sync_5,GPU,1.21876e+06,1.21876e+06,0
1,14,sync__set,GPU,1.21876e+06,1.21876e+06,0
1,14,sync__,GPU,1.21876e+06,1.21876e+06,0
1,14,sync_6,GPU,1.21876e+06,1.21876e+06,0
1,14,sync__set,GPU,1.21876e+06,1.21876e+06,0
1,14,sync__,GPU,1.21876e+06,1.21876e+06,0
1,14,residual_2,GPU,1.21876e+06,1.21891e+06,158.854
1,15,MoE_decoder_15,GPU,1.21891e+06,1.30473e+06,85815.9
1,15,input_layer_norm,GPU,1.21891e+06,1.21907e+06,158.854
1,15,attention,GPU,1.21907e+06,1.23601e+06,16935.9
1,15,attn_qkv_proj,GPU,1.21907e+06,1.22293e+06,3861.38
1,15,Linear,GPU,1.21907e+06,1.22293e+06,3861.38
1,15,self_attention,GPU,1.22293e+06,1.22817e+06,5237.31
1,15,AttentionSplit,GPU,1.22293e+06,1.22293e+06,0
1,15,AttentionSum,GPU,1.22293e+06,1.22293e+06,0
1,15,AttentionGen,Logic,1.22293e+06,1.22817e+06,5237.31
1,15,AttentionMerge,GPU,1.22817e+06,1.22817e+06,0
1,15,attn_o_proj,GPU,1.22817e+06,1.23077e+06,2600.32
1,15,Linear,GPU,1.22817e+06,1.23077e+06,2600.32
1,15,all_reduce,GPU,1.23077e+06,1.23601e+06,5236.91
1,15,residual_1,GPU,1.23601e+06,1.23617e+06,158.854
1,15,post_attn_layer_norm,GPU,1.23617e+06,1.23633e+06,158.854
1,15,expertFFN,GPU,1.23633e+06,1.30457e+06,68244.6
1,15,sync_0,GPU,1.23633e+06,1.23633e+06,0
1,15,sync__set,GPU,1.23633e+06,1.23633e+06,0
1,15,sync__,GPU,1.23633e+06,1.23633e+06,0
1,15,gate_fn,GPU,1.23633e+06,1.23642e+06,97.9093
1,15,Linear,GPU,1.23633e+06,1.23642e+06,97.9093
1,15,gate_update,GPU,1.23642e+06,1.23642e+06,0
1,15,moe_scatter,GPU,1.23642e+06,1.23642e+06,0
1,15,sync_for_moe_scatter,GPU,1.23642e+06,1.23642e+06,0
1,15,sync__set,GPU,1.23642e+06,1.23642e+06,0
1,15,sync__,GPU,1.23642e+06,1.23642e+06,0
1,15,moe_route,GPU,1.23642e+06,1.23642e+06,0
1,15,expert_FFN_0,GPU,1.23642e+06,1.24465e+06,8227.59
1,15,gate_proj,GPU,1.23642e+06,1.23916e+06,2737.18
1,15,Linear,Logic,1.23642e+06,1.23916e+06,2737.18
1,15,activation,Logic,1.23916e+06,1.23918e+06,16.0382
1,15,up_proj,GPU,1.23918e+06,1.24192e+06,2737.18
1,15,Linear,Logic,1.23918e+06,1.24192e+06,2737.18
1,15,down_proj,GPU,1.24192e+06,1.24465e+06,2737.18
1,15,Linear,Logic,1.24192e+06,1.24465e+06,2737.18
1,15,expert_FFN_1,GPU,1.24465e+06,1.25125e+06,6594.44
1,15,gate_proj,GPU,1.24465e+06,1.24685e+06,2195.47
1,15,Linear,Logic,1.24465e+06,1.24685e+06,2195.47
1,15,activation,Logic,1.24685e+06,1.24686e+06,8.01909
1,15,up_proj,GPU,1.24686e+06,1.24905e+06,2195.47
1,15,Linear,Logic,1.24686e+06,1.24905e+06,2195.47
1,15,down_proj,GPU,1.24905e+06,1.25125e+06,2195.47
1,15,Linear,Logic,1.24905e+06,1.25125e+06,2195.47
1,15,expert_FFN_2,GPU,1.25125e+06,1.25865e+06,7404.83
1,15,gate_proj,GPU,1.25125e+06,1.25371e+06,2463.47
1,15,Linear,Logic,1.25125e+06,1.25371e+06,2463.47
1,15,activation,Logic,1.25371e+06,1.25372e+06,14.4344
1,15,up_proj,GPU,1.25372e+06,1.25619e+06,2463.47
1,15,Linear,Logic,1.25372e+06,1.25619e+06,2463.47
1,15,down_proj,GPU,1.25619e+06,1.25865e+06,2463.47
1,15,Linear,Logic,1.25619e+06,1.25865e+06,2463.47
1,15,expert_FFN_3,GPU,1.25865e+06,1.26606e+06,7404.83
1,15,gate_proj,GPU,1.25865e+06,1.26112e+06,2463.47
1,15,Linear,Logic,1.25865e+06,1.26112e+06,2463.47
1,15,activation,Logic,1.26112e+06,1.26113e+06,14.4344
1,15,up_proj,GPU,1.26113e+06,1.26359e+06,2463.47
1,15,Linear,Logic,1.26113e+06,1.26359e+06,2463.47
1,15,down_proj,GPU,1.26359e+06,1.26606e+06,2463.47
1,15,Linear,Logic,1.26359e+06,1.26606e+06,2463.47
1,15,expert_FFN_4,GPU,1.26606e+06,1.27266e+06,6604.53
1,15,gate_proj,GPU,1.26606e+06,1.26825e+06,2197.77
1,15,Linear,Logic,1.26606e+06,1.26825e+06,2197.77
1,15,activation,Logic,1.26825e+06,1.26827e+06,11.2267
1,15,up_proj,GPU,1.26827e+06,1.27046e+06,2197.77
1,15,Linear,Logic,1.26827e+06,1.27046e+06,2197.77
1,15,down_proj,GPU,1.27046e+06,1.27266e+06,2197.77
1,15,Linear,Logic,1.27046e+06,1.27266e+06,2197.77
1,15,expert_FFN_5,GPU,1.27266e+06,1.28089e+06,8227.59
1,15,gate_proj,GPU,1.27266e+06,1.2754e+06,2737.18
1,15,Linear,Logic,1.27266e+06,1.2754e+06,2737.18
1,15,activation,Logic,1.2754e+06,1.27541e+06,16.0382
1,15,up_proj,GPU,1.27541e+06,1.27815e+06,2737.18
1,15,Linear,Logic,1.27541e+06,1.27815e+06,2737.18
1,15,down_proj,GPU,1.27815e+06,1.28089e+06,2737.18
1,15,Linear,Logic,1.27815e+06,1.28089e+06,2737.18
1,15,expert_FFN_6,GPU,1.28089e+06,1.28749e+06,6599.48
1,15,gate_proj,GPU,1.28089e+06,1.28309e+06,2196.62
1,15,Linear,Logic,1.28089e+06,1.28309e+06,2196.62
1,15,activation,Logic,1.28309e+06,1.2831e+06,9.62291
1,15,up_proj,GPU,1.2831e+06,1.28529e+06,2196.62
1,15,Linear,Logic,1.2831e+06,1.28529e+06,2196.62
1,15,down_proj,GPU,1.28529e+06,1.28749e+06,2196.62
1,15,Linear,Logic,1.28529e+06,1.28749e+06,2196.62
1,15,expert_FFN_7,GPU,1.28749e+06,1.2941e+06,6609.57
1,15,gate_proj,GPU,1.28749e+06,1.28969e+06,2198.91
1,15,Linear,Logic,1.28749e+06,1.28969e+06,2198.91
1,15,activation,Logic,1.28969e+06,1.2897e+06,12.8305
1,15,up_proj,GPU,1.2897e+06,1.2919e+06,2198.91
1,15,Linear,Logic,1.2897e+06,1.2919e+06,2198.91
1,15,down_proj,GPU,1.2919e+06,1.2941e+06,2198.91
1,15,Linear,Logic,1.2919e+06,1.2941e+06,2198.91
1,15,sync_2,GPU,1.2941e+06,1.2941e+06,0
1,15,sync__set,GPU,1.2941e+06,1.2941e+06,0
1,15,sync__,GPU,1.2941e+06,1.2941e+06,0
1,15,moe_all_reduce_for_e_tp,GPU,1.2941e+06,1.29933e+06,5236.91
1,15,sync_3,GPU,1.29933e+06,1.29933e+06,0
1,15,sync__set,GPU,1.29933e+06,1.29933e+06,0
1,15,sync__,GPU,1.29933e+06,1.29933e+06,0
1,15,moe_gather,GPU,1.29933e+06,1.29933e+06,0
1,15,sync_for_moe_gather,GPU,1.29933e+06,1.29933e+06,0
1,15,sync__set,GPU,1.29933e+06,1.29933e+06,0
1,15,sync__,GPU,1.29933e+06,1.29933e+06,0
1,15,moe_all_reduce_for_gather,GPU,1.29933e+06,1.30457e+06,5236.91
1,15,sync_5,GPU,1.30457e+06,1.30457e+06,0
1,15,sync__set,GPU,1.30457e+06,1.30457e+06,0
1,15,sync__,GPU,1.30457e+06,1.30457e+06,0
1,15,sync_6,GPU,1.30457e+06,1.30457e+06,0
1,15,sync__set,GPU,1.30457e+06,1.30457e+06,0
1,15,sync__,GPU,1.30457e+06,1.30457e+06,0
1,15,residual_2,GPU,1.30457e+06,1.30473e+06,158.854
1,16,MoE_decoder_16,GPU,1.30473e+06,1.39057e+06,85843.4
1,16,input_layer_norm,GPU,1.30473e+06,1.30489e+06,158.854
1,16,attention,GPU,1.30489e+06,1.32183e+06,16935.9
1,16,attn_qkv_proj,GPU,1.30489e+06,1.30875e+06,3861.38
1,16,Linear,GPU,1.30489e+06,1.30875e+06,3861.38
1,16,self_attention,GPU,1.30875e+06,1.31399e+06,5237.31
1,16,AttentionSplit,GPU,1.30875e+06,1.30875e+06,0
1,16,AttentionSum,GPU,1.30875e+06,1.30875e+06,0
1,16,AttentionGen,Logic,1.30875e+06,1.31399e+06,5237.31
1,16,AttentionMerge,GPU,1.31399e+06,1.31399e+06,0
1,16,attn_o_proj,GPU,1.31399e+06,1.31659e+06,2600.32
1,16,Linear,GPU,1.31399e+06,1.31659e+06,2600.32
1,16,all_reduce,GPU,1.31659e+06,1.32183e+06,5236.91
1,16,residual_1,GPU,1.32183e+06,1.32198e+06,158.854
1,16,post_attn_layer_norm,GPU,1.32198e+06,1.32214e+06,158.854
1,16,expertFFN,GPU,1.32214e+06,1.39042e+06,68272.1
1,16,sync_0,GPU,1.32214e+06,1.32214e+06,0
1,16,sync__set,GPU,1.32214e+06,1.32214e+06,0
1,16,sync__,GPU,1.32214e+06,1.32214e+06,0
1,16,gate_fn,GPU,1.32214e+06,1.32224e+06,97.9093
1,16,Linear,GPU,1.32214e+06,1.32224e+06,97.9093
1,16,gate_update,GPU,1.32224e+06,1.32224e+06,0
1,16,moe_scatter,GPU,1.32224e+06,1.32224e+06,0
1,16,sync_for_moe_scatter,GPU,1.32224e+06,1.32224e+06,0
1,16,sync__set,GPU,1.32224e+06,1.32224e+06,0
1,16,sync__,GPU,1.32224e+06,1.32224e+06,0
1,16,moe_route,GPU,1.32224e+06,1.32224e+06,0
1,16,expert_FFN_0,GPU,1.32224e+06,1.33047e+06,8227.59
1,16,gate_proj,GPU,1.32224e+06,1.32498e+06,2737.18
1,16,Linear,Logic,1.32224e+06,1.32498e+06,2737.18
1,16,activation,Logic,1.32498e+06,1.32499e+06,16.0382
1,16,up_proj,GPU,1.32499e+06,1.32773e+06,2737.18
1,16,Linear,Logic,1.32499e+06,1.32773e+06,2737.18
1,16,down_proj,GPU,1.32773e+06,1.33047e+06,2737.18
1,16,Linear,Logic,1.32773e+06,1.33047e+06,2737.18
1,16,expert_FFN_1,GPU,1.33047e+06,1.33707e+06,6604.53
1,16,gate_proj,GPU,1.33047e+06,1.33267e+06,2197.77
1,16,Linear,Logic,1.33047e+06,1.33267e+06,2197.77
1,16,activation,Logic,1.33267e+06,1.33268e+06,11.2267
1,16,up_proj,GPU,1.33268e+06,1.33488e+06,2197.77
1,16,Linear,Logic,1.33268e+06,1.33488e+06,2197.77
1,16,down_proj,GPU,1.33488e+06,1.33707e+06,2197.77
1,16,Linear,Logic,1.33488e+06,1.33707e+06,2197.77
1,16,expert_FFN_2,GPU,1.33707e+06,1.34368e+06,6604.53
1,16,gate_proj,GPU,1.33707e+06,1.33927e+06,2197.77
1,16,Linear,Logic,1.33707e+06,1.33927e+06,2197.77
1,16,activation,Logic,1.33927e+06,1.33928e+06,11.2267
1,16,up_proj,GPU,1.33928e+06,1.34148e+06,2197.77
1,16,Linear,Logic,1.33928e+06,1.34148e+06,2197.77
1,16,down_proj,GPU,1.34148e+06,1.34368e+06,2197.77
1,16,Linear,Logic,1.34148e+06,1.34368e+06,2197.77
1,16,expert_FFN_3,GPU,1.34368e+06,1.35028e+06,6604.53
1,16,gate_proj,GPU,1.34368e+06,1.34588e+06,2197.77
1,16,Linear,Logic,1.34368e+06,1.34588e+06,2197.77
1,16,activation,Logic,1.34588e+06,1.34589e+06,11.2267
1,16,up_proj,GPU,1.34589e+06,1.34808e+06,2197.77
1,16,Linear,Logic,1.34589e+06,1.34808e+06,2197.77
1,16,down_proj,GPU,1.34808e+06,1.35028e+06,2197.77
1,16,Linear,Logic,1.34808e+06,1.35028e+06,2197.77
1,16,expert_FFN_4,GPU,1.35028e+06,1.35851e+06,8227.59
1,16,gate_proj,GPU,1.35028e+06,1.35302e+06,2737.18
1,16,Linear,Logic,1.35028e+06,1.35302e+06,2737.18
1,16,activation,Logic,1.35302e+06,1.35304e+06,16.0382
1,16,up_proj,GPU,1.35304e+06,1.35577e+06,2737.18
1,16,Linear,Logic,1.35304e+06,1.35577e+06,2737.18
1,16,down_proj,GPU,1.35577e+06,1.35851e+06,2737.18
1,16,Linear,Logic,1.35577e+06,1.35851e+06,2737.18
1,16,expert_FFN_5,GPU,1.35851e+06,1.36511e+06,6604.53
1,16,gate_proj,GPU,1.35851e+06,1.36071e+06,2197.77
1,16,Linear,Logic,1.35851e+06,1.36071e+06,2197.77
1,16,activation,Logic,1.36071e+06,1.36072e+06,11.2267
1,16,up_proj,GPU,1.36072e+06,1.36292e+06,2197.77
1,16,Linear,Logic,1.36072e+06,1.36292e+06,2197.77
1,16,down_proj,GPU,1.36292e+06,1.36511e+06,2197.77
1,16,Linear,Logic,1.36292e+06,1.36511e+06,2197.77
1,16,expert_FFN_6,GPU,1.36511e+06,1.37334e+06,8227.59
1,16,gate_proj,GPU,1.36511e+06,1.36785e+06,2737.18
1,16,Linear,Logic,1.36511e+06,1.36785e+06,2737.18
1,16,activation,Logic,1.36785e+06,1.36787e+06,16.0382
1,16,up_proj,GPU,1.36787e+06,1.3706e+06,2737.18
1,16,Linear,Logic,1.36787e+06,1.3706e+06,2737.18
1,16,down_proj,GPU,1.3706e+06,1.37334e+06,2737.18
1,16,Linear,Logic,1.3706e+06,1.37334e+06,2737.18
1,16,expert_FFN_7,GPU,1.37334e+06,1.37994e+06,6599.48
1,16,gate_proj,GPU,1.37334e+06,1.37554e+06,2196.62
1,16,Linear,Logic,1.37334e+06,1.37554e+06,2196.62
1,16,activation,Logic,1.37554e+06,1.37555e+06,9.62291
1,16,up_proj,GPU,1.37555e+06,1.37774e+06,2196.62
1,16,Linear,Logic,1.37555e+06,1.37774e+06,2196.62
1,16,down_proj,GPU,1.37774e+06,1.37994e+06,2196.62
1,16,Linear,Logic,1.37774e+06,1.37994e+06,2196.62
1,16,sync_2,GPU,1.37994e+06,1.37994e+06,0
1,16,sync__set,GPU,1.37994e+06,1.37994e+06,0
1,16,sync__,GPU,1.37994e+06,1.37994e+06,0
1,16,moe_all_reduce_for_e_tp,GPU,1.37994e+06,1.38518e+06,5236.91
1,16,sync_3,GPU,1.38518e+06,1.38518e+06,0
1,16,sync__set,GPU,1.38518e+06,1.38518e+06,0
1,16,sync__,GPU,1.38518e+06,1.38518e+06,0
1,16,moe_gather,GPU,1.38518e+06,1.38518e+06,0
1,16,sync_for_moe_gather,GPU,1.38518e+06,1.38518e+06,0
1,16,sync__set,GPU,1.38518e+06,1.38518e+06,0
1,16,sync__,GPU,1.38518e+06,1.38518e+06,0
1,16,moe_all_reduce_for_gather,GPU,1.38518e+06,1.39042e+06,5236.91
1,16,sync_5,GPU,1.39042e+06,1.39042e+06,0
1,16,sync__set,GPU,1.39042e+06,1.39042e+06,0
1,16,sync__,GPU,1.39042e+06,1.39042e+06,0
1,16,sync_6,GPU,1.39042e+06,1.39042e+06,0
1,16,sync__set,GPU,1.39042e+06,1.39042e+06,0
1,16,sync__,GPU,1.39042e+06,1.39042e+06,0
1,16,residual_2,GPU,1.39042e+06,1.39057e+06,158.854
1,17,MoE_decoder_17,GPU,1.39057e+06,1.47169e+06,81120.4
1,17,input_layer_norm,GPU,1.39057e+06,1.39073e+06,158.854
1,17,attention,GPU,1.39073e+06,1.40767e+06,16935.9
1,17,attn_qkv_proj,GPU,1.39073e+06,1.39459e+06,3861.38
1,17,Linear,GPU,1.39073e+06,1.39459e+06,3861.38
1,17,self_attention,GPU,1.39459e+06,1.39983e+06,5237.31
1,17,AttentionSplit,GPU,1.39459e+06,1.39459e+06,0
1,17,AttentionSum,GPU,1.39459e+06,1.39459e+06,0
1,17,AttentionGen,Logic,1.39459e+06,1.39983e+06,5237.31
1,17,AttentionMerge,GPU,1.39983e+06,1.39983e+06,0
1,17,attn_o_proj,GPU,1.39983e+06,1.40243e+06,2600.32
1,17,Linear,GPU,1.39983e+06,1.40243e+06,2600.32
1,17,all_reduce,GPU,1.40243e+06,1.40767e+06,5236.91
1,17,residual_1,GPU,1.40767e+06,1.40783e+06,158.854
1,17,post_attn_layer_norm,GPU,1.40783e+06,1.40799e+06,158.854
1,17,expertFFN,GPU,1.40799e+06,1.47154e+06,63549.1
1,17,sync_0,GPU,1.40799e+06,1.40799e+06,0
1,17,sync__set,GPU,1.40799e+06,1.40799e+06,0
1,17,sync__,GPU,1.40799e+06,1.40799e+06,0
1,17,gate_fn,GPU,1.40799e+06,1.40808e+06,97.9093
1,17,Linear,GPU,1.40799e+06,1.40808e+06,97.9093
1,17,gate_update,GPU,1.40808e+06,1.40808e+06,0
1,17,moe_scatter,GPU,1.40808e+06,1.40808e+06,0
1,17,sync_for_moe_scatter,GPU,1.40808e+06,1.40808e+06,0
1,17,sync__set,GPU,1.40808e+06,1.40808e+06,0
1,17,sync__,GPU,1.40808e+06,1.40808e+06,0
1,17,moe_route,GPU,1.40808e+06,1.40808e+06,0
1,17,expert_FFN_0,GPU,1.40808e+06,1.41469e+06,6609.57
1,17,gate_proj,GPU,1.40808e+06,1.41028e+06,2198.91
1,17,Linear,Logic,1.40808e+06,1.41028e+06,2198.91
1,17,activation,Logic,1.41028e+06,1.4103e+06,12.8305
1,17,up_proj,GPU,1.4103e+06,1.41249e+06,2198.91
1,17,Linear,Logic,1.4103e+06,1.41249e+06,2198.91
1,17,down_proj,GPU,1.41249e+06,1.41469e+06,2198.91
1,17,Linear,Logic,1.41249e+06,1.41469e+06,2198.91
1,17,expert_FFN_1,GPU,1.41469e+06,1.4221e+06,7404.83
1,17,gate_proj,GPU,1.41469e+06,1.41716e+06,2463.47
1,17,Linear,Logic,1.41469e+06,1.41716e+06,2463.47
1,17,activation,Logic,1.41716e+06,1.41717e+06,14.4344
1,17,up_proj,GPU,1.41717e+06,1.41964e+06,2463.47
1,17,Linear,Logic,1.41717e+06,1.41964e+06,2463.47
1,17,down_proj,GPU,1.41964e+06,1.4221e+06,2463.47
1,17,Linear,Logic,1.41964e+06,1.4221e+06,2463.47
1,17,expert_FFN_2,GPU,1.4221e+06,1.43197e+06,9873.11
1,17,gate_proj,GPU,1.4221e+06,1.42538e+06,3284.62
1,17,Linear,Logic,1.4221e+06,1.42538e+06,3284.62
1,17,activation,Logic,1.42538e+06,1.4254e+06,19.2458
1,17,up_proj,GPU,1.4254e+06,1.42869e+06,3284.62
1,17,Linear,Logic,1.4254e+06,1.42869e+06,3284.62
1,17,down_proj,GPU,1.42869e+06,1.43197e+06,3284.62
1,17,Linear,Logic,1.42869e+06,1.43197e+06,3284.62
1,17,expert_FFN_3,GPU,1.43197e+06,1.43855e+06,6579.32
1,17,gate_proj,GPU,1.43197e+06,1.43416e+06,2192.04
1,17,Linear,Logic,1.43197e+06,1.43416e+06,2192.04
1,17,activation,Logic,1.43416e+06,1.43417e+06,3.20764
1,17,up_proj,GPU,1.43417e+06,1.43636e+06,2192.04
1,17,Linear,Logic,1.43417e+06,1.43636e+06,2192.04
1,17,down_proj,GPU,1.43636e+06,1.43855e+06,2192.04
1,17,Linear,Logic,1.43636e+06,1.43855e+06,2192.04
1,17,expert_FFN_4,GPU,1.40808e+06,1.4346e+06,26518.9
1,17,gate_proj,GPU,1.40808e+06,1.4169e+06,8813.98
1,17,Linear,GPU,1.40808e+06,1.4169e+06,8813.98
1,17,activation,GPU,1.4169e+06,1.41698e+06,76.9833
1,17,up_proj,GPU,1.41698e+06,1.42579e+06,8813.98
1,17,Linear,GPU,1.41698e+06,1.42579e+06,8813.98
1,17,down_proj,GPU,1.42579e+06,1.4346e+06,8813.98
1,17,Linear,GPU,1.42579e+06,1.4346e+06,8813.98
1,17,expert_FFN_5,GPU,1.4346e+06,1.46106e+06,26458.4
1,17,gate_proj,GPU,1.4346e+06,1.4434e+06,8800.23
1,17,Linear,GPU,1.4346e+06,1.4434e+06,8800.23
1,17,activation,GPU,1.4434e+06,1.44346e+06,57.7375
1,17,up_proj,GPU,1.44346e+06,1.45226e+06,8800.23
1,17,Linear,GPU,1.44346e+06,1.45226e+06,8800.23
1,17,down_proj,GPU,1.45226e+06,1.46106e+06,8800.23
1,17,Linear,GPU,1.45226e+06,1.46106e+06,8800.23
1,17,expert_FFN_6,GPU,1.43855e+06,1.44514e+06,6589.4
1,17,gate_proj,GPU,1.43855e+06,1.44075e+06,2194.33
1,17,Linear,Logic,1.43855e+06,1.44075e+06,2194.33
1,17,activation,Logic,1.44075e+06,1.44075e+06,6.41527
1,17,up_proj,GPU,1.44075e+06,1.44295e+06,2194.33
1,17,Linear,Logic,1.44075e+06,1.44295e+06,2194.33
1,17,down_proj,GPU,1.44295e+06,1.44514e+06,2194.33
1,17,Linear,Logic,1.44295e+06,1.44514e+06,2194.33
1,17,expert_FFN_7,GPU,1.44514e+06,1.45175e+06,6609.57
1,17,gate_proj,GPU,1.44514e+06,1.44734e+06,2198.91
1,17,Linear,Logic,1.44514e+06,1.44734e+06,2198.91
1,17,activation,Logic,1.44734e+06,1.44735e+06,12.8305
1,17,up_proj,GPU,1.44735e+06,1.44955e+06,2198.91
1,17,Linear,Logic,1.44735e+06,1.44955e+06,2198.91
1,17,down_proj,GPU,1.44955e+06,1.45175e+06,2198.91
1,17,Linear,Logic,1.44955e+06,1.45175e+06,2198.91
1,17,sync_2,GPU,1.46106e+06,1.46106e+06,0
1,17,sync__set,GPU,1.46106e+06,1.46106e+06,0
1,17,sync__,GPU,1.46106e+06,1.46106e+06,0
1,17,moe_all_reduce_for_e_tp,GPU,1.46106e+06,1.4663e+06,5236.91
1,17,sync_3,GPU,1.4663e+06,1.4663e+06,0
1,17,sync__set,GPU,1.4663e+06,1.4663e+06,0
1,17,sync__,GPU,1.4663e+06,1.4663e+06,0
1,17,moe_gather,GPU,1.4663e+06,1.4663e+06,0
1,17,sync_for_moe_gather,GPU,1.4663e+06,1.4663e+06,0
1,17,sync__set,GPU,1.4663e+06,1.4663e+06,0
1,17,sync__,GPU,1.4663e+06,1.4663e+06,0
1,17,moe_all_reduce_for_gather,GPU,1.4663e+06,1.47154e+06,5236.91
1,17,sync_5,GPU,1.47154e+06,1.47154e+06,0
1,17,sync__set,GPU,1.47154e+06,1.47154e+06,0
1,17,sync__,GPU,1.47154e+06,1.47154e+06,0
1,17,sync_6,GPU,1.47154e+06,1.47154e+06,0
1,17,sync__set,GPU,1.47154e+06,1.47154e+06,0
1,17,sync__,GPU,1.47154e+06,1.47154e+06,0
1,17,residual_2,GPU,1.47154e+06,1.47169e+06,158.854
1,18,MoE_decoder_18,GPU,1.47169e+06,1.55275e+06,81059.9
1,18,input_layer_norm,GPU,1.47169e+06,1.47185e+06,158.854
1,18,attention,GPU,1.47185e+06,1.48879e+06,16935.9
1,18,attn_qkv_proj,GPU,1.47185e+06,1.47571e+06,3861.38
1,18,Linear,GPU,1.47185e+06,1.47571e+06,3861.38
1,18,self_attention,GPU,1.47571e+06,1.48095e+06,5237.31
1,18,AttentionSplit,GPU,1.47571e+06,1.47571e+06,0
1,18,AttentionSum,GPU,1.47571e+06,1.47571e+06,0
1,18,AttentionGen,Logic,1.47571e+06,1.48095e+06,5237.31
1,18,AttentionMerge,GPU,1.48095e+06,1.48095e+06,0
1,18,attn_o_proj,GPU,1.48095e+06,1.48355e+06,2600.32
1,18,Linear,GPU,1.48095e+06,1.48355e+06,2600.32
1,18,all_reduce,GPU,1.48355e+06,1.48879e+06,5236.91
1,18,residual_1,GPU,1.48879e+06,1.48895e+06,158.854
1,18,post_attn_layer_norm,GPU,1.48895e+06,1.48911e+06,158.854
1,18,expertFFN,GPU,1.48911e+06,1.5526e+06,63488.6
1,18,sync_0,GPU,1.48911e+06,1.48911e+06,0
1,18,sync__set,GPU,1.48911e+06,1.48911e+06,0
1,18,sync__,GPU,1.48911e+06,1.48911e+06,0
1,18,gate_fn,GPU,1.48911e+06,1.4892e+06,97.9093
1,18,Linear,GPU,1.48911e+06,1.4892e+06,97.9093
1,18,gate_update,GPU,1.4892e+06,1.4892e+06,0
1,18,moe_scatter,GPU,1.4892e+06,1.4892e+06,0
1,18,sync_for_moe_scatter,GPU,1.4892e+06,1.4892e+06,0
1,18,sync__set,GPU,1.4892e+06,1.4892e+06,0
1,18,sync__,GPU,1.4892e+06,1.4892e+06,0
1,18,moe_route,GPU,1.4892e+06,1.4892e+06,0
1,18,expert_FFN_0,GPU,1.4892e+06,1.51556e+06,26357.6
1,18,gate_proj,GPU,1.4892e+06,1.49798e+06,8777.32
1,18,Linear,GPU,1.4892e+06,1.49798e+06,8777.32
1,18,activation,GPU,1.49798e+06,1.49801e+06,25.6611
1,18,up_proj,GPU,1.49801e+06,1.50678e+06,8777.32
1,18,Linear,GPU,1.49801e+06,1.50678e+06,8777.32
1,18,down_proj,GPU,1.50678e+06,1.51556e+06,8777.32
1,18,Linear,GPU,1.50678e+06,1.51556e+06,8777.32
1,18,expert_FFN_1,GPU,1.51556e+06,1.54212e+06,26559.2
1,18,gate_proj,GPU,1.51556e+06,1.52439e+06,8823.14
1,18,Linear,GPU,1.51556e+06,1.52439e+06,8823.14
1,18,activation,GPU,1.52439e+06,1.52448e+06,89.8138
1,18,up_proj,GPU,1.52448e+06,1.5333e+06,8823.14
1,18,Linear,GPU,1.52448e+06,1.5333e+06,8823.14
1,18,down_proj,GPU,1.5333e+06,1.54212e+06,8823.14
1,18,Linear,GPU,1.5333e+06,1.54212e+06,8823.14
1,18,expert_FFN_2,GPU,1.4892e+06,1.49743e+06,8227.59
1,18,gate_proj,GPU,1.4892e+06,1.49194e+06,2737.18
1,18,Linear,Logic,1.4892e+06,1.49194e+06,2737.18
1,18,activation,Logic,1.49194e+06,1.49196e+06,16.0382
1,18,up_proj,GPU,1.49196e+06,1.4947e+06,2737.18
1,18,Linear,Logic,1.49196e+06,1.4947e+06,2737.18
1,18,down_proj,GPU,1.4947e+06,1.49743e+06,2737.18
1,18,Linear,Logic,1.4947e+06,1.49743e+06,2737.18
1,18,expert_FFN_3,GPU,1.49743e+06,1.50403e+06,6594.44
1,18,gate_proj,GPU,1.49743e+06,1.49963e+06,2195.47
1,18,Linear,Logic,1.49743e+06,1.49963e+06,2195.47
1,18,activation,Logic,1.49963e+06,1.49964e+06,8.01909
1,18,up_proj,GPU,1.49964e+06,1.50183e+06,2195.47
1,18,Linear,Logic,1.49964e+06,1.50183e+06,2195.47
1,18,down_proj,GPU,1.50183e+06,1.50403e+06,2195.47
1,18,Linear,Logic,1.50183e+06,1.50403e+06,2195.47
1,18,expert_FFN_4,GPU,1.50403e+06,1.51225e+06,8227.59
1,18,gate_proj,GPU,1.50403e+06,1.50676e+06,2737.18
1,18,Linear,Logic,1.50403e+06,1.50676e+06,2737.18
1,18,activation,Logic,1.50676e+06,1.50678e+06,16.0382
1,18,up_proj,GPU,1.50678e+06,1.50952e+06,2737.18
1,18,Linear,Logic,1.50678e+06,1.50952e+06,2737.18
1,18,down_proj,GPU,1.50952e+06,1.51225e+06,2737.18
1,18,Linear,Logic,1.50952e+06,1.51225e+06,2737.18
1,18,expert_FFN_5,GPU,1.51225e+06,1.51886e+06,6609.57
1,18,gate_proj,GPU,1.51225e+06,1.51445e+06,2198.91
1,18,Linear,Logic,1.51225e+06,1.51445e+06,2198.91
1,18,activation,Logic,1.51445e+06,1.51447e+06,12.8305
1,18,up_proj,GPU,1.51447e+06,1.51666e+06,2198.91
1,18,Linear,Logic,1.51447e+06,1.51666e+06,2198.91
1,18,down_proj,GPU,1.51666e+06,1.51886e+06,2198.91
1,18,Linear,Logic,1.51666e+06,1.51886e+06,2198.91
1,18,expert_FFN_6,GPU,1.51886e+06,1.52546e+06,6599.48
1,18,gate_proj,GPU,1.51886e+06,1.52106e+06,2196.62
1,18,Linear,Logic,1.51886e+06,1.52106e+06,2196.62
1,18,activation,Logic,1.52106e+06,1.52107e+06,9.62291
1,18,up_proj,GPU,1.52107e+06,1.52327e+06,2196.62
1,18,Linear,Logic,1.52107e+06,1.52327e+06,2196.62
1,18,down_proj,GPU,1.52327e+06,1.52546e+06,2196.62
1,18,Linear,Logic,1.52327e+06,1.52546e+06,2196.62
1,18,expert_FFN_7,GPU,1.52546e+06,1.53207e+06,6604.53
1,18,gate_proj,GPU,1.52546e+06,1.52766e+06,2197.77
1,18,Linear,Logic,1.52546e+06,1.52766e+06,2197.77
1,18,activation,Logic,1.52766e+06,1.52767e+06,11.2267
1,18,up_proj,GPU,1.52767e+06,1.52987e+06,2197.77
1,18,Linear,Logic,1.52767e+06,1.52987e+06,2197.77
1,18,down_proj,GPU,1.52987e+06,1.53207e+06,2197.77
1,18,Linear,Logic,1.52987e+06,1.53207e+06,2197.77
1,18,sync_2,GPU,1.54212e+06,1.54212e+06,0
1,18,sync__set,GPU,1.54212e+06,1.54212e+06,0
1,18,sync__,GPU,1.54212e+06,1.54212e+06,0
1,18,moe_all_reduce_for_e_tp,GPU,1.54212e+06,1.54736e+06,5236.91
1,18,sync_3,GPU,1.54736e+06,1.54736e+06,0
1,18,sync__set,GPU,1.54736e+06,1.54736e+06,0
1,18,sync__,GPU,1.54736e+06,1.54736e+06,0
1,18,moe_gather,GPU,1.54736e+06,1.54736e+06,0
1,18,sync_for_moe_gather,GPU,1.54736e+06,1.54736e+06,0
1,18,sync__set,GPU,1.54736e+06,1.54736e+06,0
1,18,sync__,GPU,1.54736e+06,1.54736e+06,0
1,18,moe_all_reduce_for_gather,GPU,1.54736e+06,1.5526e+06,5236.91
1,18,sync_5,GPU,1.5526e+06,1.5526e+06,0
1,18,sync__set,GPU,1.5526e+06,1.5526e+06,0
1,18,sync__,GPU,1.5526e+06,1.5526e+06,0
1,18,sync_6,GPU,1.5526e+06,1.5526e+06,0
1,18,sync__set,GPU,1.5526e+06,1.5526e+06,0
1,18,sync__,GPU,1.5526e+06,1.5526e+06,0
1,18,residual_2,GPU,1.5526e+06,1.55275e+06,158.854
1,19,MoE_decoder_19,GPU,1.55275e+06,1.63385e+06,81100.2
1,19,input_layer_norm,GPU,1.55275e+06,1.55291e+06,158.854
1,19,attention,GPU,1.55291e+06,1.56985e+06,16935.9
1,19,attn_qkv_proj,GPU,1.55291e+06,1.55677e+06,3861.38
1,19,Linear,GPU,1.55291e+06,1.55677e+06,3861.38
1,19,self_attention,GPU,1.55677e+06,1.56201e+06,5237.31
1,19,AttentionSplit,GPU,1.55677e+06,1.55677e+06,0
1,19,AttentionSum,GPU,1.55677e+06,1.55677e+06,0
1,19,AttentionGen,Logic,1.55677e+06,1.56201e+06,5237.31
1,19,AttentionMerge,GPU,1.56201e+06,1.56201e+06,0
1,19,attn_o_proj,GPU,1.56201e+06,1.56461e+06,2600.32
1,19,Linear,GPU,1.56201e+06,1.56461e+06,2600.32
1,19,all_reduce,GPU,1.56461e+06,1.56985e+06,5236.91
1,19,residual_1,GPU,1.56985e+06,1.57001e+06,158.854
1,19,post_attn_layer_norm,GPU,1.57001e+06,1.57017e+06,158.854
1,19,expertFFN,GPU,1.57017e+06,1.6337e+06,63528.9
1,19,sync_0,GPU,1.57017e+06,1.57017e+06,0
1,19,sync__set,GPU,1.57017e+06,1.57017e+06,0
1,19,sync__,GPU,1.57017e+06,1.57017e+06,0
1,19,gate_fn,GPU,1.57017e+06,1.57026e+06,97.9093
1,19,Linear,GPU,1.57017e+06,1.57026e+06,97.9093
1,19,gate_update,GPU,1.57026e+06,1.57026e+06,0
1,19,moe_scatter,GPU,1.57026e+06,1.57026e+06,0
1,19,sync_for_moe_scatter,GPU,1.57026e+06,1.57026e+06,0
1,19,sync__set,GPU,1.57026e+06,1.57026e+06,0
1,19,sync__,GPU,1.57026e+06,1.57026e+06,0
1,19,moe_route,GPU,1.57026e+06,1.57026e+06,0
1,19,expert_FFN_0,GPU,1.57026e+06,1.57686e+06,6594.44
1,19,gate_proj,GPU,1.57026e+06,1.57246e+06,2195.47
1,19,Linear,Logic,1.57026e+06,1.57246e+06,2195.47
1,19,activation,Logic,1.57246e+06,1.57247e+06,8.01909
1,19,up_proj,GPU,1.57247e+06,1.57466e+06,2195.47
1,19,Linear,Logic,1.57247e+06,1.57466e+06,2195.47
1,19,down_proj,GPU,1.57466e+06,1.57686e+06,2195.47
1,19,Linear,Logic,1.57466e+06,1.57686e+06,2195.47
1,19,expert_FFN_1,GPU,1.57686e+06,1.58346e+06,6604.53
1,19,gate_proj,GPU,1.57686e+06,1.57906e+06,2197.77
1,19,Linear,Logic,1.57686e+06,1.57906e+06,2197.77
1,19,activation,Logic,1.57906e+06,1.57907e+06,11.2267
1,19,up_proj,GPU,1.57907e+06,1.58127e+06,2197.77
1,19,Linear,Logic,1.57907e+06,1.58127e+06,2197.77
1,19,down_proj,GPU,1.58127e+06,1.58346e+06,2197.77
1,19,Linear,Logic,1.58127e+06,1.58346e+06,2197.77
1,19,expert_FFN_2,GPU,1.58346e+06,1.59169e+06,8227.59
1,19,gate_proj,GPU,1.58346e+06,1.5862e+06,2737.18
1,19,Linear,Logic,1.58346e+06,1.5862e+06,2737.18
1,19,activation,Logic,1.5862e+06,1.58622e+06,16.0382
1,19,up_proj,GPU,1.58622e+06,1.58895e+06,2737.18
1,19,Linear,Logic,1.58622e+06,1.58895e+06,2737.18
1,19,down_proj,GPU,1.58895e+06,1.59169e+06,2737.18
1,19,Linear,Logic,1.58895e+06,1.59169e+06,2737.18
1,19,expert_FFN_3,GPU,1.59169e+06,1.59829e+06,6594.44
1,19,gate_proj,GPU,1.59169e+06,1.59389e+06,2195.47
1,19,Linear,Logic,1.59169e+06,1.59389e+06,2195.47
1,19,activation,Logic,1.59389e+06,1.59389e+06,8.01909
1,19,up_proj,GPU,1.59389e+06,1.59609e+06,2195.47
1,19,Linear,Logic,1.59389e+06,1.59609e+06,2195.47
1,19,down_proj,GPU,1.59609e+06,1.59829e+06,2195.47
1,19,Linear,Logic,1.59609e+06,1.59829e+06,2195.47
1,19,expert_FFN_4,GPU,1.57026e+06,1.5968e+06,26539.1
1,19,gate_proj,GPU,1.57026e+06,1.57908e+06,8818.56
1,19,Linear,GPU,1.57026e+06,1.57908e+06,8818.56
1,19,activation,GPU,1.57908e+06,1.57917e+06,83.3986
1,19,up_proj,GPU,1.57917e+06,1.58799e+06,8818.56
1,19,Linear,GPU,1.57917e+06,1.58799e+06,8818.56
1,19,down_proj,GPU,1.58799e+06,1.5968e+06,8818.56
1,19,Linear,GPU,1.58799e+06,1.5968e+06,8818.56
1,19,expert_FFN_5,GPU,1.5968e+06,1.62322e+06,26418.1
1,19,gate_proj,GPU,1.5968e+06,1.60559e+06,8791.06
1,19,Linear,GPU,1.5968e+06,1.60559e+06,8791.06
1,19,activation,GPU,1.60559e+06,1.60564e+06,44.9069
1,19,up_proj,GPU,1.60564e+06,1.61443e+06,8791.06
1,19,Linear,GPU,1.60564e+06,1.61443e+06,8791.06
1,19,down_proj,GPU,1.61443e+06,1.62322e+06,8791.06
1,19,Linear,GPU,1.61443e+06,1.62322e+06,8791.06
1,19,expert_FFN_6,GPU,1.59829e+06,1.6049e+06,6609.57
1,19,gate_proj,GPU,1.59829e+06,1.60048e+06,2198.91
1,19,Linear,Logic,1.59829e+06,1.60048e+06,2198.91
1,19,activation,Logic,1.60048e+06,1.6005e+06,12.8305
1,19,up_proj,GPU,1.6005e+06,1.6027e+06,2198.91
1,19,Linear,Logic,1.6005e+06,1.6027e+06,2198.91
1,19,down_proj,GPU,1.6027e+06,1.6049e+06,2198.91
1,19,Linear,Logic,1.6027e+06,1.6049e+06,2198.91
1,19,expert_FFN_7,GPU,1.6049e+06,1.6123e+06,7404.83
1,19,gate_proj,GPU,1.6049e+06,1.60736e+06,2463.47
1,19,Linear,Logic,1.6049e+06,1.60736e+06,2463.47
1,19,activation,Logic,1.60736e+06,1.60737e+06,14.4344
1,19,up_proj,GPU,1.60737e+06,1.60984e+06,2463.47
1,19,Linear,Logic,1.60737e+06,1.60984e+06,2463.47
1,19,down_proj,GPU,1.60984e+06,1.6123e+06,2463.47
1,19,Linear,Logic,1.60984e+06,1.6123e+06,2463.47
1,19,sync_2,GPU,1.62322e+06,1.62322e+06,0
1,19,sync__set,GPU,1.62322e+06,1.62322e+06,0
1,19,sync__,GPU,1.62322e+06,1.62322e+06,0
1,19,moe_all_reduce_for_e_tp,GPU,1.62322e+06,1.62846e+06,5236.91
1,19,sync_3,GPU,1.62846e+06,1.62846e+06,0
1,19,sync__set,GPU,1.62846e+06,1.62846e+06,0
1,19,sync__,GPU,1.62846e+06,1.62846e+06,0
1,19,moe_gather,GPU,1.62846e+06,1.62846e+06,0
1,19,sync_for_moe_gather,GPU,1.62846e+06,1.62846e+06,0
1,19,sync__set,GPU,1.62846e+06,1.62846e+06,0
1,19,sync__,GPU,1.62846e+06,1.62846e+06,0
1,19,moe_all_reduce_for_gather,GPU,1.62846e+06,1.6337e+06,5236.91
1,19,sync_5,GPU,1.6337e+06,1.6337e+06,0
1,19,sync__set,GPU,1.6337e+06,1.6337e+06,0
1,19,sync__,GPU,1.6337e+06,1.6337e+06,0
1,19,sync_6,GPU,1.6337e+06,1.6337e+06,0
1,19,sync__set,GPU,1.6337e+06,1.6337e+06,0
1,19,sync__,GPU,1.6337e+06,1.6337e+06,0
1,19,residual_2,GPU,1.6337e+06,1.63385e+06,158.854
1,20,MoE_decoder_20,GPU,1.63385e+06,1.72131e+06,87451.4
1,20,input_layer_norm,GPU,1.63385e+06,1.63401e+06,158.854
1,20,attention,GPU,1.63401e+06,1.65095e+06,16935.9
1,20,attn_qkv_proj,GPU,1.63401e+06,1.63787e+06,3861.38
1,20,Linear,GPU,1.63401e+06,1.63787e+06,3861.38
1,20,self_attention,GPU,1.63787e+06,1.64311e+06,5237.31
1,20,AttentionSplit,GPU,1.63787e+06,1.63787e+06,0
1,20,AttentionSum,GPU,1.63787e+06,1.63787e+06,0
1,20,AttentionGen,Logic,1.63787e+06,1.64311e+06,5237.31
1,20,AttentionMerge,GPU,1.64311e+06,1.64311e+06,0
1,20,attn_o_proj,GPU,1.64311e+06,1.64571e+06,2600.32
1,20,Linear,GPU,1.64311e+06,1.64571e+06,2600.32
1,20,all_reduce,GPU,1.64571e+06,1.65095e+06,5236.91
1,20,residual_1,GPU,1.65095e+06,1.65111e+06,158.854
1,20,post_attn_layer_norm,GPU,1.65111e+06,1.65127e+06,158.854
1,20,expertFFN,GPU,1.65127e+06,1.72115e+06,69880
1,20,sync_0,GPU,1.65127e+06,1.65127e+06,0
1,20,sync__set,GPU,1.65127e+06,1.65127e+06,0
1,20,sync__,GPU,1.65127e+06,1.65127e+06,0
1,20,gate_fn,GPU,1.65127e+06,1.65136e+06,97.9093
1,20,Linear,GPU,1.65127e+06,1.65136e+06,97.9093
1,20,gate_update,GPU,1.65136e+06,1.65136e+06,0
1,20,moe_scatter,GPU,1.65136e+06,1.65136e+06,0
1,20,sync_for_moe_scatter,GPU,1.65136e+06,1.65136e+06,0
1,20,sync__set,GPU,1.65136e+06,1.65136e+06,0
1,20,sync__,GPU,1.65136e+06,1.65136e+06,0
1,20,moe_route,GPU,1.65136e+06,1.65136e+06,0
1,20,expert_FFN_0,GPU,1.65136e+06,1.65959e+06,8227.59
1,20,gate_proj,GPU,1.65136e+06,1.6541e+06,2737.18
1,20,Linear,Logic,1.65136e+06,1.6541e+06,2737.18
1,20,activation,Logic,1.6541e+06,1.65412e+06,16.0382
1,20,up_proj,GPU,1.65412e+06,1.65686e+06,2737.18
1,20,Linear,Logic,1.65412e+06,1.65686e+06,2737.18
1,20,down_proj,GPU,1.65686e+06,1.65959e+06,2737.18
1,20,Linear,Logic,1.65686e+06,1.65959e+06,2737.18
1,20,expert_FFN_1,GPU,1.65959e+06,1.66619e+06,6599.48
1,20,gate_proj,GPU,1.65959e+06,1.66179e+06,2196.62
1,20,Linear,Logic,1.65959e+06,1.66179e+06,2196.62
1,20,activation,Logic,1.66179e+06,1.6618e+06,9.62291
1,20,up_proj,GPU,1.6618e+06,1.664e+06,2196.62
1,20,Linear,Logic,1.6618e+06,1.664e+06,2196.62
1,20,down_proj,GPU,1.664e+06,1.66619e+06,2196.62
1,20,Linear,Logic,1.664e+06,1.66619e+06,2196.62
1,20,expert_FFN_2,GPU,1.66619e+06,1.67442e+06,8227.59
1,20,gate_proj,GPU,1.66619e+06,1.66893e+06,2737.18
1,20,Linear,Logic,1.66619e+06,1.66893e+06,2737.18
1,20,activation,Logic,1.66893e+06,1.66895e+06,16.0382
1,20,up_proj,GPU,1.66895e+06,1.67168e+06,2737.18
1,20,Linear,Logic,1.66895e+06,1.67168e+06,2737.18
1,20,down_proj,GPU,1.67168e+06,1.67442e+06,2737.18
1,20,Linear,Logic,1.67168e+06,1.67442e+06,2737.18
1,20,expert_FFN_3,GPU,1.67442e+06,1.68102e+06,6599.48
1,20,gate_proj,GPU,1.67442e+06,1.67662e+06,2196.62
1,20,Linear,Logic,1.67442e+06,1.67662e+06,2196.62
1,20,activation,Logic,1.67662e+06,1.67663e+06,9.62291
1,20,up_proj,GPU,1.67663e+06,1.67882e+06,2196.62
1,20,Linear,Logic,1.67663e+06,1.67882e+06,2196.62
1,20,down_proj,GPU,1.67882e+06,1.68102e+06,2196.62
1,20,Linear,Logic,1.67882e+06,1.68102e+06,2196.62
1,20,expert_FFN_4,GPU,1.68102e+06,1.68925e+06,8227.59
1,20,gate_proj,GPU,1.68102e+06,1.68376e+06,2737.18
1,20,Linear,Logic,1.68102e+06,1.68376e+06,2737.18
1,20,activation,Logic,1.68376e+06,1.68377e+06,16.0382
1,20,up_proj,GPU,1.68377e+06,1.68651e+06,2737.18
1,20,Linear,Logic,1.68377e+06,1.68651e+06,2737.18
1,20,down_proj,GPU,1.68651e+06,1.68925e+06,2737.18
1,20,Linear,Logic,1.68651e+06,1.68925e+06,2737.18
1,20,expert_FFN_5,GPU,1.68925e+06,1.69747e+06,8227.59
1,20,gate_proj,GPU,1.68925e+06,1.69198e+06,2737.18
1,20,Linear,Logic,1.68925e+06,1.69198e+06,2737.18
1,20,activation,Logic,1.69198e+06,1.692e+06,16.0382
1,20,up_proj,GPU,1.692e+06,1.69474e+06,2737.18
1,20,Linear,Logic,1.692e+06,1.69474e+06,2737.18
1,20,down_proj,GPU,1.69474e+06,1.69747e+06,2737.18
1,20,Linear,Logic,1.69474e+06,1.69747e+06,2737.18
1,20,expert_FFN_6,GPU,1.69747e+06,1.70408e+06,6604.53
1,20,gate_proj,GPU,1.69747e+06,1.69967e+06,2197.77
1,20,Linear,Logic,1.69747e+06,1.69967e+06,2197.77
1,20,activation,Logic,1.69967e+06,1.69968e+06,11.2267
1,20,up_proj,GPU,1.69968e+06,1.70188e+06,2197.77
1,20,Linear,Logic,1.69968e+06,1.70188e+06,2197.77
1,20,down_proj,GPU,1.70188e+06,1.70408e+06,2197.77
1,20,Linear,Logic,1.70188e+06,1.70408e+06,2197.77
1,20,expert_FFN_7,GPU,1.70408e+06,1.71067e+06,6594.44
1,20,gate_proj,GPU,1.70408e+06,1.70627e+06,2195.47
1,20,Linear,Logic,1.70408e+06,1.70627e+06,2195.47
1,20,activation,Logic,1.70627e+06,1.70628e+06,8.01909
1,20,up_proj,GPU,1.70628e+06,1.70848e+06,2195.47
1,20,Linear,Logic,1.70628e+06,1.70848e+06,2195.47
1,20,down_proj,GPU,1.70848e+06,1.71067e+06,2195.47
1,20,Linear,Logic,1.70848e+06,1.71067e+06,2195.47
1,20,sync_2,GPU,1.71067e+06,1.71067e+06,0
1,20,sync__set,GPU,1.71067e+06,1.71067e+06,0
1,20,sync__,GPU,1.71067e+06,1.71067e+06,0
1,20,moe_all_reduce_for_e_tp,GPU,1.71067e+06,1.71591e+06,5236.91
1,20,sync_3,GPU,1.71591e+06,1.71591e+06,0
1,20,sync__set,GPU,1.71591e+06,1.71591e+06,0
1,20,sync__,GPU,1.71591e+06,1.71591e+06,0
1,20,moe_gather,GPU,1.71591e+06,1.71591e+06,0
1,20,sync_for_moe_gather,GPU,1.71591e+06,1.71591e+06,0
1,20,sync__set,GPU,1.71591e+06,1.71591e+06,0
1,20,sync__,GPU,1.71591e+06,1.71591e+06,0
1,20,moe_all_reduce_for_gather,GPU,1.71591e+06,1.72115e+06,5236.91
1,20,sync_5,GPU,1.72115e+06,1.72115e+06,0
1,20,sync__set,GPU,1.72115e+06,1.72115e+06,0
1,20,sync__,GPU,1.72115e+06,1.72115e+06,0
1,20,sync_6,GPU,1.72115e+06,1.72115e+06,0
1,20,sync__set,GPU,1.72115e+06,1.72115e+06,0
1,20,sync__,GPU,1.72115e+06,1.72115e+06,0
1,20,residual_2,GPU,1.72115e+06,1.72131e+06,158.854
1,21,MoE_decoder_21,GPU,1.72131e+06,1.80251e+06,81201
1,21,input_layer_norm,GPU,1.72131e+06,1.72146e+06,158.854
1,21,attention,GPU,1.72146e+06,1.7384e+06,16935.9
1,21,attn_qkv_proj,GPU,1.72146e+06,1.72533e+06,3861.38
1,21,Linear,GPU,1.72146e+06,1.72533e+06,3861.38
1,21,self_attention,GPU,1.72533e+06,1.73056e+06,5237.31
1,21,AttentionSplit,GPU,1.72533e+06,1.72533e+06,0
1,21,AttentionSum,GPU,1.72533e+06,1.72533e+06,0
1,21,AttentionGen,Logic,1.72533e+06,1.73056e+06,5237.31
1,21,AttentionMerge,GPU,1.73056e+06,1.73056e+06,0
1,21,attn_o_proj,GPU,1.73056e+06,1.73316e+06,2600.32
1,21,Linear,GPU,1.73056e+06,1.73316e+06,2600.32
1,21,all_reduce,GPU,1.73316e+06,1.7384e+06,5236.91
1,21,residual_1,GPU,1.7384e+06,1.73856e+06,158.854
1,21,post_attn_layer_norm,GPU,1.73856e+06,1.73872e+06,158.854
1,21,expertFFN,GPU,1.73872e+06,1.80235e+06,63629.7
1,21,sync_0,GPU,1.73872e+06,1.73872e+06,0
1,21,sync__set,GPU,1.73872e+06,1.73872e+06,0
1,21,sync__,GPU,1.73872e+06,1.73872e+06,0
1,21,gate_fn,GPU,1.73872e+06,1.73882e+06,97.9093
1,21,Linear,GPU,1.73872e+06,1.73882e+06,97.9093
1,21,gate_update,GPU,1.73882e+06,1.73882e+06,0
1,21,moe_scatter,GPU,1.73882e+06,1.73882e+06,0
1,21,sync_for_moe_scatter,GPU,1.73882e+06,1.73882e+06,0
1,21,sync__set,GPU,1.73882e+06,1.73882e+06,0
1,21,sync__,GPU,1.73882e+06,1.73882e+06,0
1,21,moe_route,GPU,1.73882e+06,1.73882e+06,0
1,21,expert_FFN_0,GPU,1.73882e+06,1.74543e+06,6609.57
1,21,gate_proj,GPU,1.73882e+06,1.74102e+06,2198.91
1,21,Linear,Logic,1.73882e+06,1.74102e+06,2198.91
1,21,activation,Logic,1.74102e+06,1.74103e+06,12.8305
1,21,up_proj,GPU,1.74103e+06,1.74323e+06,2198.91
1,21,Linear,Logic,1.74103e+06,1.74323e+06,2198.91
1,21,down_proj,GPU,1.74323e+06,1.74543e+06,2198.91
1,21,Linear,Logic,1.74323e+06,1.74543e+06,2198.91
1,21,expert_FFN_1,GPU,1.74543e+06,1.75203e+06,6599.48
1,21,gate_proj,GPU,1.74543e+06,1.74762e+06,2196.62
1,21,Linear,Logic,1.74543e+06,1.74762e+06,2196.62
1,21,activation,Logic,1.74762e+06,1.74763e+06,9.62291
1,21,up_proj,GPU,1.74763e+06,1.74983e+06,2196.62
1,21,Linear,Logic,1.74763e+06,1.74983e+06,2196.62
1,21,down_proj,GPU,1.74983e+06,1.75203e+06,2196.62
1,21,Linear,Logic,1.74983e+06,1.75203e+06,2196.62
1,21,expert_FFN_2,GPU,1.75203e+06,1.76025e+06,8227.59
1,21,gate_proj,GPU,1.75203e+06,1.75476e+06,2737.18
1,21,Linear,Logic,1.75203e+06,1.75476e+06,2737.18
1,21,activation,Logic,1.75476e+06,1.75478e+06,16.0382
1,21,up_proj,GPU,1.75478e+06,1.75752e+06,2737.18
1,21,Linear,Logic,1.75478e+06,1.75752e+06,2737.18
1,21,down_proj,GPU,1.75752e+06,1.76025e+06,2737.18
1,21,Linear,Logic,1.75752e+06,1.76025e+06,2737.18
1,21,expert_FFN_3,GPU,1.76025e+06,1.76686e+06,6609.57
1,21,gate_proj,GPU,1.76025e+06,1.76245e+06,2198.91
1,21,Linear,Logic,1.76025e+06,1.76245e+06,2198.91
1,21,activation,Logic,1.76245e+06,1.76246e+06,12.8305
1,21,up_proj,GPU,1.76246e+06,1.76466e+06,2198.91
1,21,Linear,Logic,1.76246e+06,1.76466e+06,2198.91
1,21,down_proj,GPU,1.76466e+06,1.76686e+06,2198.91
1,21,Linear,Logic,1.76466e+06,1.76686e+06,2198.91
1,21,expert_FFN_4,GPU,1.73882e+06,1.76538e+06,26559.2
1,21,gate_proj,GPU,1.73882e+06,1.74764e+06,8823.14
1,21,Linear,GPU,1.73882e+06,1.74764e+06,8823.14
1,21,activation,GPU,1.74764e+06,1.74773e+06,89.8138
1,21,up_proj,GPU,1.74773e+06,1.75655e+06,8823.14
1,21,Linear,GPU,1.74773e+06,1.75655e+06,8823.14
1,21,down_proj,GPU,1.75655e+06,1.76538e+06,8823.14
1,21,Linear,GPU,1.75655e+06,1.76538e+06,8823.14
1,21,expert_FFN_5,GPU,1.76538e+06,1.79187e+06,26498.7
1,21,gate_proj,GPU,1.76538e+06,1.77418e+06,8809.39
1,21,Linear,GPU,1.76538e+06,1.77418e+06,8809.39
1,21,activation,GPU,1.77418e+06,1.77426e+06,70.568
1,21,up_proj,GPU,1.77426e+06,1.78306e+06,8809.39
1,21,Linear,GPU,1.77426e+06,1.78306e+06,8809.39
1,21,down_proj,GPU,1.78306e+06,1.79187e+06,8809.39
1,21,Linear,GPU,1.78306e+06,1.79187e+06,8809.39
1,21,expert_FFN_6,GPU,1.76686e+06,1.77344e+06,6579.32
1,21,gate_proj,GPU,1.76686e+06,1.76905e+06,2192.04
1,21,Linear,Logic,1.76686e+06,1.76905e+06,2192.04
1,21,activation,Logic,1.76905e+06,1.76906e+06,3.20764
1,21,up_proj,GPU,1.76906e+06,1.77125e+06,2192.04
1,21,Linear,Logic,1.76906e+06,1.77125e+06,2192.04
1,21,down_proj,GPU,1.77125e+06,1.77344e+06,2192.04
1,21,Linear,Logic,1.77125e+06,1.77344e+06,2192.04
1,21,expert_FFN_7,GPU,1.77344e+06,1.78004e+06,6594.44
1,21,gate_proj,GPU,1.77344e+06,1.77564e+06,2195.47
1,21,Linear,Logic,1.77344e+06,1.77564e+06,2195.47
1,21,activation,Logic,1.77564e+06,1.77565e+06,8.01909
1,21,up_proj,GPU,1.77565e+06,1.77784e+06,2195.47
1,21,Linear,Logic,1.77565e+06,1.77784e+06,2195.47
1,21,down_proj,GPU,1.77784e+06,1.78004e+06,2195.47
1,21,Linear,Logic,1.77784e+06,1.78004e+06,2195.47
1,21,sync_2,GPU,1.79187e+06,1.79187e+06,0
1,21,sync__set,GPU,1.79187e+06,1.79187e+06,0
1,21,sync__,GPU,1.79187e+06,1.79187e+06,0
1,21,moe_all_reduce_for_e_tp,GPU,1.79187e+06,1.79711e+06,5236.91
1,21,sync_3,GPU,1.79711e+06,1.79711e+06,0
1,21,sync__set,GPU,1.79711e+06,1.79711e+06,0
1,21,sync__,GPU,1.79711e+06,1.79711e+06,0
1,21,moe_gather,GPU,1.79711e+06,1.79711e+06,0
1,21,sync_for_moe_gather,GPU,1.79711e+06,1.79711e+06,0
1,21,sync__set,GPU,1.79711e+06,1.79711e+06,0
1,21,sync__,GPU,1.79711e+06,1.79711e+06,0
1,21,moe_all_reduce_for_gather,GPU,1.79711e+06,1.80235e+06,5236.91
1,21,sync_5,GPU,1.80235e+06,1.80235e+06,0
1,21,sync__set,GPU,1.80235e+06,1.80235e+06,0
1,21,sync__,GPU,1.80235e+06,1.80235e+06,0
1,21,sync_6,GPU,1.80235e+06,1.80235e+06,0
1,21,sync__set,GPU,1.80235e+06,1.80235e+06,0
1,21,sync__,GPU,1.80235e+06,1.80235e+06,0
1,21,residual_2,GPU,1.80235e+06,1.80251e+06,158.854
1,22,MoE_decoder_22,GPU,1.80251e+06,1.88359e+06,81080.1
1,22,input_layer_norm,GPU,1.80251e+06,1.80267e+06,158.854
1,22,attention,GPU,1.80267e+06,1.8196e+06,16935.9
1,22,attn_qkv_proj,GPU,1.80267e+06,1.80653e+06,3861.38
1,22,Linear,GPU,1.80267e+06,1.80653e+06,3861.38
1,22,self_attention,GPU,1.80653e+06,1.81176e+06,5237.31
1,22,AttentionSplit,GPU,1.80653e+06,1.80653e+06,0
1,22,AttentionSum,GPU,1.80653e+06,1.80653e+06,0
1,22,AttentionGen,Logic,1.80653e+06,1.81176e+06,5237.31
1,22,AttentionMerge,GPU,1.81176e+06,1.81176e+06,0
1,22,attn_o_proj,GPU,1.81176e+06,1.81436e+06,2600.32
1,22,Linear,GPU,1.81176e+06,1.81436e+06,2600.32
1,22,all_reduce,GPU,1.81436e+06,1.8196e+06,5236.91
1,22,residual_1,GPU,1.8196e+06,1.81976e+06,158.854
1,22,post_attn_layer_norm,GPU,1.81976e+06,1.81992e+06,158.854
1,22,expertFFN,GPU,1.81992e+06,1.88343e+06,63508.7
1,22,sync_0,GPU,1.81992e+06,1.81992e+06,0
1,22,sync__set,GPU,1.81992e+06,1.81992e+06,0
1,22,sync__,GPU,1.81992e+06,1.81992e+06,0
1,22,gate_fn,GPU,1.81992e+06,1.82002e+06,97.9093
1,22,Linear,GPU,1.81992e+06,1.82002e+06,97.9093
1,22,gate_update,GPU,1.82002e+06,1.82002e+06,0
1,22,moe_scatter,GPU,1.82002e+06,1.82002e+06,0
1,22,sync_for_moe_scatter,GPU,1.82002e+06,1.82002e+06,0
1,22,sync__set,GPU,1.82002e+06,1.82002e+06,0
1,22,sync__,GPU,1.82002e+06,1.82002e+06,0
1,22,moe_route,GPU,1.82002e+06,1.82002e+06,0
1,22,expert_FFN_0,GPU,1.82002e+06,1.82662e+06,6599.48
1,22,gate_proj,GPU,1.82002e+06,1.82221e+06,2196.62
1,22,Linear,Logic,1.82002e+06,1.82221e+06,2196.62
1,22,activation,Logic,1.82221e+06,1.82222e+06,9.62291
1,22,up_proj,GPU,1.82222e+06,1.82442e+06,2196.62
1,22,Linear,Logic,1.82222e+06,1.82442e+06,2196.62
1,22,down_proj,GPU,1.82442e+06,1.82662e+06,2196.62
1,22,Linear,Logic,1.82442e+06,1.82662e+06,2196.62
1,22,expert_FFN_1,GPU,1.82662e+06,1.83402e+06,7404.83
1,22,gate_proj,GPU,1.82662e+06,1.82908e+06,2463.47
1,22,Linear,Logic,1.82662e+06,1.82908e+06,2463.47
1,22,activation,Logic,1.82908e+06,1.82909e+06,14.4344
1,22,up_proj,GPU,1.82909e+06,1.83156e+06,2463.47
1,22,Linear,Logic,1.82909e+06,1.83156e+06,2463.47
1,22,down_proj,GPU,1.83156e+06,1.83402e+06,2463.47
1,22,Linear,Logic,1.83156e+06,1.83402e+06,2463.47
1,22,expert_FFN_2,GPU,1.83402e+06,1.84143e+06,7404.83
1,22,gate_proj,GPU,1.83402e+06,1.83649e+06,2463.47
1,22,Linear,Logic,1.83402e+06,1.83649e+06,2463.47
1,22,activation,Logic,1.83649e+06,1.8365e+06,14.4344
1,22,up_proj,GPU,1.8365e+06,1.83896e+06,2463.47
1,22,Linear,Logic,1.8365e+06,1.83896e+06,2463.47
1,22,down_proj,GPU,1.83896e+06,1.84143e+06,2463.47
1,22,Linear,Logic,1.83896e+06,1.84143e+06,2463.47
1,22,expert_FFN_3,GPU,1.84143e+06,1.84803e+06,6599.48
1,22,gate_proj,GPU,1.84143e+06,1.84362e+06,2196.62
1,22,Linear,Logic,1.84143e+06,1.84362e+06,2196.62
1,22,activation,Logic,1.84362e+06,1.84363e+06,9.62291
1,22,up_proj,GPU,1.84363e+06,1.84583e+06,2196.62
1,22,Linear,Logic,1.84363e+06,1.84583e+06,2196.62
1,22,down_proj,GPU,1.84583e+06,1.84803e+06,2196.62
1,22,Linear,Logic,1.84583e+06,1.84803e+06,2196.62
1,22,expert_FFN_4,GPU,1.84803e+06,1.85625e+06,8227.59
1,22,gate_proj,GPU,1.84803e+06,1.85076e+06,2737.18
1,22,Linear,Logic,1.84803e+06,1.85076e+06,2737.18
1,22,activation,Logic,1.85076e+06,1.85078e+06,16.0382
1,22,up_proj,GPU,1.85078e+06,1.85352e+06,2737.18
1,22,Linear,Logic,1.85078e+06,1.85352e+06,2737.18
1,22,down_proj,GPU,1.85352e+06,1.85625e+06,2737.18
1,22,Linear,Logic,1.85352e+06,1.85625e+06,2737.18
1,22,expert_FFN_5,GPU,1.85625e+06,1.86285e+06,6594.44
1,22,gate_proj,GPU,1.85625e+06,1.85845e+06,2195.47
1,22,Linear,Logic,1.85625e+06,1.85845e+06,2195.47
1,22,activation,Logic,1.85845e+06,1.85846e+06,8.01909
1,22,up_proj,GPU,1.85846e+06,1.86065e+06,2195.47
1,22,Linear,Logic,1.85846e+06,1.86065e+06,2195.47
1,22,down_proj,GPU,1.86065e+06,1.86285e+06,2195.47
1,22,Linear,Logic,1.86065e+06,1.86285e+06,2195.47
1,22,expert_FFN_6,GPU,1.82002e+06,1.84654e+06,26518.9
1,22,gate_proj,GPU,1.82002e+06,1.82883e+06,8813.98
1,22,Linear,GPU,1.82002e+06,1.82883e+06,8813.98
1,22,activation,GPU,1.82883e+06,1.82891e+06,76.9833
1,22,up_proj,GPU,1.82891e+06,1.83772e+06,8813.98
1,22,Linear,GPU,1.82891e+06,1.83772e+06,8813.98
1,22,down_proj,GPU,1.83772e+06,1.84654e+06,8813.98
1,22,Linear,GPU,1.83772e+06,1.84654e+06,8813.98
1,22,expert_FFN_7,GPU,1.84654e+06,1.87295e+06,26418.1
1,22,gate_proj,GPU,1.84654e+06,1.85533e+06,8791.06
1,22,Linear,GPU,1.84654e+06,1.85533e+06,8791.06
1,22,activation,GPU,1.85533e+06,1.85537e+06,44.9069
1,22,up_proj,GPU,1.85537e+06,1.86416e+06,8791.06
1,22,Linear,GPU,1.85537e+06,1.86416e+06,8791.06
1,22,down_proj,GPU,1.86416e+06,1.87295e+06,8791.06
1,22,Linear,GPU,1.86416e+06,1.87295e+06,8791.06
1,22,sync_2,GPU,1.87295e+06,1.87295e+06,0
1,22,sync__set,GPU,1.87295e+06,1.87295e+06,0
1,22,sync__,GPU,1.87295e+06,1.87295e+06,0
1,22,moe_all_reduce_for_e_tp,GPU,1.87295e+06,1.87819e+06,5236.91
1,22,sync_3,GPU,1.87819e+06,1.87819e+06,0
1,22,sync__set,GPU,1.87819e+06,1.87819e+06,0
1,22,sync__,GPU,1.87819e+06,1.87819e+06,0
1,22,moe_gather,GPU,1.87819e+06,1.87819e+06,0
1,22,sync_for_moe_gather,GPU,1.87819e+06,1.87819e+06,0
1,22,sync__set,GPU,1.87819e+06,1.87819e+06,0
1,22,sync__,GPU,1.87819e+06,1.87819e+06,0
1,22,moe_all_reduce_for_gather,GPU,1.87819e+06,1.88343e+06,5236.91
1,22,sync_5,GPU,1.88343e+06,1.88343e+06,0
1,22,sync__set,GPU,1.88343e+06,1.88343e+06,0
1,22,sync__,GPU,1.88343e+06,1.88343e+06,0
1,22,sync_6,GPU,1.88343e+06,1.88343e+06,0
1,22,sync__set,GPU,1.88343e+06,1.88343e+06,0
1,22,sync__,GPU,1.88343e+06,1.88343e+06,0
1,22,residual_2,GPU,1.88343e+06,1.88359e+06,158.854
1,23,MoE_decoder_23,GPU,1.88359e+06,1.96465e+06,81059.9
1,23,input_layer_norm,GPU,1.88359e+06,1.88375e+06,158.854
1,23,attention,GPU,1.88375e+06,1.90068e+06,16935.9
1,23,attn_qkv_proj,GPU,1.88375e+06,1.88761e+06,3861.38
1,23,Linear,GPU,1.88375e+06,1.88761e+06,3861.38
1,23,self_attention,GPU,1.88761e+06,1.89284e+06,5237.31
1,23,AttentionSplit,GPU,1.88761e+06,1.88761e+06,0
1,23,AttentionSum,GPU,1.88761e+06,1.88761e+06,0
1,23,AttentionGen,Logic,1.88761e+06,1.89284e+06,5237.31
1,23,AttentionMerge,GPU,1.89284e+06,1.89284e+06,0
1,23,attn_o_proj,GPU,1.89284e+06,1.89544e+06,2600.32
1,23,Linear,GPU,1.89284e+06,1.89544e+06,2600.32
1,23,all_reduce,GPU,1.89544e+06,1.90068e+06,5236.91
1,23,residual_1,GPU,1.90068e+06,1.90084e+06,158.854
1,23,post_attn_layer_norm,GPU,1.90084e+06,1.901e+06,158.854
1,23,expertFFN,GPU,1.901e+06,1.96449e+06,63488.6
1,23,sync_0,GPU,1.901e+06,1.901e+06,0
1,23,sync__set,GPU,1.901e+06,1.901e+06,0
1,23,sync__,GPU,1.901e+06,1.901e+06,0
1,23,gate_fn,GPU,1.901e+06,1.9011e+06,97.9093
1,23,Linear,GPU,1.901e+06,1.9011e+06,97.9093
1,23,gate_update,GPU,1.9011e+06,1.9011e+06,0
1,23,moe_scatter,GPU,1.9011e+06,1.9011e+06,0
1,23,sync_for_moe_scatter,GPU,1.9011e+06,1.9011e+06,0
1,23,sync__set,GPU,1.9011e+06,1.9011e+06,0
1,23,sync__,GPU,1.9011e+06,1.9011e+06,0
1,23,moe_route,GPU,1.9011e+06,1.9011e+06,0
1,23,expert_FFN_0,GPU,1.9011e+06,1.9085e+06,7404.83
1,23,gate_proj,GPU,1.9011e+06,1.90356e+06,2463.47
1,23,Linear,Logic,1.9011e+06,1.90356e+06,2463.47
1,23,activation,Logic,1.90356e+06,1.90358e+06,14.4344
1,23,up_proj,GPU,1.90358e+06,1.90604e+06,2463.47
1,23,Linear,Logic,1.90358e+06,1.90604e+06,2463.47
1,23,down_proj,GPU,1.90604e+06,1.9085e+06,2463.47
1,23,Linear,Logic,1.90604e+06,1.9085e+06,2463.47
1,23,expert_FFN_1,GPU,1.9085e+06,1.91511e+06,6604.53
1,23,gate_proj,GPU,1.9085e+06,1.9107e+06,2197.77
1,23,Linear,Logic,1.9085e+06,1.9107e+06,2197.77
1,23,activation,Logic,1.9107e+06,1.91071e+06,11.2267
1,23,up_proj,GPU,1.91071e+06,1.91291e+06,2197.77
1,23,Linear,Logic,1.91071e+06,1.91291e+06,2197.77
1,23,down_proj,GPU,1.91291e+06,1.91511e+06,2197.77
1,23,Linear,Logic,1.91291e+06,1.91511e+06,2197.77
1,23,expert_FFN_2,GPU,1.91511e+06,1.9217e+06,6589.4
1,23,gate_proj,GPU,1.91511e+06,1.9173e+06,2194.33
1,23,Linear,Logic,1.91511e+06,1.9173e+06,2194.33
1,23,activation,Logic,1.9173e+06,1.91731e+06,6.41527
1,23,up_proj,GPU,1.91731e+06,1.9195e+06,2194.33
1,23,Linear,Logic,1.91731e+06,1.9195e+06,2194.33
1,23,down_proj,GPU,1.9195e+06,1.9217e+06,2194.33
1,23,Linear,Logic,1.9195e+06,1.9217e+06,2194.33
1,23,expert_FFN_3,GPU,1.9217e+06,1.93157e+06,9873.11
1,23,gate_proj,GPU,1.9217e+06,1.92498e+06,3284.62
1,23,Linear,Logic,1.9217e+06,1.92498e+06,3284.62
1,23,activation,Logic,1.92498e+06,1.925e+06,19.2458
1,23,up_proj,GPU,1.925e+06,1.92828e+06,3284.62
1,23,Linear,Logic,1.925e+06,1.92828e+06,3284.62
1,23,down_proj,GPU,1.92828e+06,1.93157e+06,3284.62
1,23,Linear,Logic,1.92828e+06,1.93157e+06,3284.62
1,23,expert_FFN_4,GPU,1.93157e+06,1.93817e+06,6604.53
1,23,gate_proj,GPU,1.93157e+06,1.93377e+06,2197.77
1,23,Linear,Logic,1.93157e+06,1.93377e+06,2197.77
1,23,activation,Logic,1.93377e+06,1.93378e+06,11.2267
1,23,up_proj,GPU,1.93378e+06,1.93598e+06,2197.77
1,23,Linear,Logic,1.93378e+06,1.93598e+06,2197.77
1,23,down_proj,GPU,1.93598e+06,1.93817e+06,2197.77
1,23,Linear,Logic,1.93598e+06,1.93817e+06,2197.77
1,23,expert_FFN_5,GPU,1.93817e+06,1.94478e+06,6604.53
1,23,gate_proj,GPU,1.93817e+06,1.94037e+06,2197.77
1,23,Linear,Logic,1.93817e+06,1.94037e+06,2197.77
1,23,activation,Logic,1.94037e+06,1.94038e+06,11.2267
1,23,up_proj,GPU,1.94038e+06,1.94258e+06,2197.77
1,23,Linear,Logic,1.94038e+06,1.94258e+06,2197.77
1,23,down_proj,GPU,1.94258e+06,1.94478e+06,2197.77
1,23,Linear,Logic,1.94258e+06,1.94478e+06,2197.77
1,23,expert_FFN_6,GPU,1.9011e+06,1.92762e+06,26518.9
1,23,gate_proj,GPU,1.9011e+06,1.90991e+06,8813.98
1,23,Linear,GPU,1.9011e+06,1.90991e+06,8813.98
1,23,activation,GPU,1.90991e+06,1.90999e+06,76.9833
1,23,up_proj,GPU,1.90999e+06,1.9188e+06,8813.98
1,23,Linear,GPU,1.90999e+06,1.9188e+06,8813.98
1,23,down_proj,GPU,1.9188e+06,1.92762e+06,8813.98
1,23,Linear,GPU,1.9188e+06,1.92762e+06,8813.98
1,23,expert_FFN_7,GPU,1.92762e+06,1.95401e+06,26397.9
1,23,gate_proj,GPU,1.92762e+06,1.9364e+06,8786.48
1,23,Linear,GPU,1.92762e+06,1.9364e+06,8786.48
1,23,activation,GPU,1.9364e+06,1.93644e+06,38.4916
1,23,up_proj,GPU,1.93644e+06,1.94523e+06,8786.48
1,23,Linear,GPU,1.93644e+06,1.94523e+06,8786.48
1,23,down_proj,GPU,1.94523e+06,1.95401e+06,8786.48
1,23,Linear,GPU,1.94523e+06,1.95401e+06,8786.48
1,23,sync_2,GPU,1.95401e+06,1.95401e+06,0
1,23,sync__set,GPU,1.95401e+06,1.95401e+06,0
1,23,sync__,GPU,1.95401e+06,1.95401e+06,0
1,23,moe_all_reduce_for_e_tp,GPU,1.95401e+06,1.95925e+06,5236.91
1,23,sync_3,GPU,1.95925e+06,1.95925e+06,0
1,23,sync__set,GPU,1.95925e+06,1.95925e+06,0
1,23,sync__,GPU,1.95925e+06,1.95925e+06,0
1,23,moe_gather,GPU,1.95925e+06,1.95925e+06,0
1,23,sync_for_moe_gather,GPU,1.95925e+06,1.95925e+06,0
1,23,sync__set,GPU,1.95925e+06,1.95925e+06,0
1,23,sync__,GPU,1.95925e+06,1.95925e+06,0
1,23,moe_all_reduce_for_gather,GPU,1.95925e+06,1.96449e+06,5236.91
1,23,sync_5,GPU,1.96449e+06,1.96449e+06,0
1,23,sync__set,GPU,1.96449e+06,1.96449e+06,0
1,23,sync__,GPU,1.96449e+06,1.96449e+06,0
1,23,sync_6,GPU,1.96449e+06,1.96449e+06,0
1,23,sync__set,GPU,1.96449e+06,1.96449e+06,0
1,23,sync__,GPU,1.96449e+06,1.96449e+06,0
1,23,residual_2,GPU,1.96449e+06,1.96465e+06,158.854
1,24,MoE_decoder_24,GPU,1.96465e+06,2.04577e+06,81120.4
1,24,input_layer_norm,GPU,1.96465e+06,1.96481e+06,158.854
1,24,attention,GPU,1.96481e+06,1.98174e+06,16935.9
1,24,attn_qkv_proj,GPU,1.96481e+06,1.96867e+06,3861.38
1,24,Linear,GPU,1.96481e+06,1.96867e+06,3861.38
1,24,self_attention,GPU,1.96867e+06,1.9739e+06,5237.31
1,24,AttentionSplit,GPU,1.96867e+06,1.96867e+06,0
1,24,AttentionSum,GPU,1.96867e+06,1.96867e+06,0
1,24,AttentionGen,Logic,1.96867e+06,1.9739e+06,5237.31
1,24,AttentionMerge,GPU,1.9739e+06,1.9739e+06,0
1,24,attn_o_proj,GPU,1.9739e+06,1.9765e+06,2600.32
1,24,Linear,GPU,1.9739e+06,1.9765e+06,2600.32
1,24,all_reduce,GPU,1.9765e+06,1.98174e+06,5236.91
1,24,residual_1,GPU,1.98174e+06,1.9819e+06,158.854
1,24,post_attn_layer_norm,GPU,1.9819e+06,1.98206e+06,158.854
1,24,expertFFN,GPU,1.98206e+06,2.04561e+06,63549.1
1,24,sync_0,GPU,1.98206e+06,1.98206e+06,0
1,24,sync__set,GPU,1.98206e+06,1.98206e+06,0
1,24,sync__,GPU,1.98206e+06,1.98206e+06,0
1,24,gate_fn,GPU,1.98206e+06,1.98216e+06,97.9093
1,24,Linear,GPU,1.98206e+06,1.98216e+06,97.9093
1,24,gate_update,GPU,1.98216e+06,1.98216e+06,0
1,24,moe_scatter,GPU,1.98216e+06,1.98216e+06,0
1,24,sync_for_moe_scatter,GPU,1.98216e+06,1.98216e+06,0
1,24,sync__set,GPU,1.98216e+06,1.98216e+06,0
1,24,sync__,GPU,1.98216e+06,1.98216e+06,0
1,24,moe_route,GPU,1.98216e+06,1.98216e+06,0
1,24,expert_FFN_0,GPU,1.98216e+06,1.98876e+06,6604.53
1,24,gate_proj,GPU,1.98216e+06,1.98436e+06,2197.77
1,24,Linear,Logic,1.98216e+06,1.98436e+06,2197.77
1,24,activation,Logic,1.98436e+06,1.98437e+06,11.2267
1,24,up_proj,GPU,1.98437e+06,1.98656e+06,2197.77
1,24,Linear,Logic,1.98437e+06,1.98656e+06,2197.77
1,24,down_proj,GPU,1.98656e+06,1.98876e+06,2197.77
1,24,Linear,Logic,1.98656e+06,1.98876e+06,2197.77
1,24,expert_FFN_1,GPU,1.98876e+06,1.99536e+06,6594.44
1,24,gate_proj,GPU,1.98876e+06,1.99096e+06,2195.47
1,24,Linear,Logic,1.98876e+06,1.99096e+06,2195.47
1,24,activation,Logic,1.99096e+06,1.99097e+06,8.01909
1,24,up_proj,GPU,1.99097e+06,1.99316e+06,2195.47
1,24,Linear,Logic,1.99097e+06,1.99316e+06,2195.47
1,24,down_proj,GPU,1.99316e+06,1.99536e+06,2195.47
1,24,Linear,Logic,1.99316e+06,1.99536e+06,2195.47
1,24,expert_FFN_2,GPU,1.99536e+06,2.00276e+06,7404.83
1,24,gate_proj,GPU,1.99536e+06,1.99782e+06,2463.47
1,24,Linear,Logic,1.99536e+06,1.99782e+06,2463.47
1,24,activation,Logic,1.99782e+06,1.99783e+06,14.4344
1,24,up_proj,GPU,1.99783e+06,2.0003e+06,2463.47
1,24,Linear,Logic,1.99783e+06,2.0003e+06,2463.47
1,24,down_proj,GPU,2.0003e+06,2.00276e+06,2463.47
1,24,Linear,Logic,2.0003e+06,2.00276e+06,2463.47
1,24,expert_FFN_3,GPU,2.00276e+06,2.00937e+06,6609.57
1,24,gate_proj,GPU,2.00276e+06,2.00496e+06,2198.91
1,24,Linear,Logic,2.00276e+06,2.00496e+06,2198.91
1,24,activation,Logic,2.00496e+06,2.00497e+06,12.8305
1,24,up_proj,GPU,2.00497e+06,2.00717e+06,2198.91
1,24,Linear,Logic,2.00497e+06,2.00717e+06,2198.91
1,24,down_proj,GPU,2.00717e+06,2.00937e+06,2198.91
1,24,Linear,Logic,2.00717e+06,2.00937e+06,2198.91
1,24,expert_FFN_4,GPU,1.98216e+06,2.00862e+06,26458.4
1,24,gate_proj,GPU,1.98216e+06,1.99096e+06,8800.23
1,24,Linear,GPU,1.98216e+06,1.99096e+06,8800.23
1,24,activation,GPU,1.99096e+06,1.99102e+06,57.7375
1,24,up_proj,GPU,1.99102e+06,1.99982e+06,8800.23
1,24,Linear,GPU,1.99102e+06,1.99982e+06,8800.23
1,24,down_proj,GPU,1.99982e+06,2.00862e+06,8800.23
1,24,Linear,GPU,1.99982e+06,2.00862e+06,8800.23
1,24,expert_FFN_5,GPU,2.00862e+06,2.03513e+06,26518.9
1,24,gate_proj,GPU,2.00862e+06,2.01743e+06,8813.98
1,24,Linear,GPU,2.00862e+06,2.01743e+06,8813.98
1,24,activation,GPU,2.01743e+06,2.01751e+06,76.9833
1,24,up_proj,GPU,2.01751e+06,2.02632e+06,8813.98
1,24,Linear,GPU,2.01751e+06,2.02632e+06,8813.98
1,24,down_proj,GPU,2.02632e+06,2.03513e+06,8813.98
1,24,Linear,GPU,2.02632e+06,2.03513e+06,8813.98
1,24,expert_FFN_6,GPU,2.00937e+06,2.01596e+06,6589.4
1,24,gate_proj,GPU,2.00937e+06,2.01156e+06,2194.33
1,24,Linear,Logic,2.00937e+06,2.01156e+06,2194.33
1,24,activation,Logic,2.01156e+06,2.01157e+06,6.41527
1,24,up_proj,GPU,2.01157e+06,2.01377e+06,2194.33
1,24,Linear,Logic,2.01157e+06,2.01377e+06,2194.33
1,24,down_proj,GPU,2.01377e+06,2.01596e+06,2194.33
1,24,Linear,Logic,2.01377e+06,2.01596e+06,2194.33
1,24,expert_FFN_7,GPU,2.01596e+06,2.02419e+06,8227.59
1,24,gate_proj,GPU,2.01596e+06,2.0187e+06,2737.18
1,24,Linear,Logic,2.01596e+06,2.0187e+06,2737.18
1,24,activation,Logic,2.0187e+06,2.01871e+06,16.0382
1,24,up_proj,GPU,2.01871e+06,2.02145e+06,2737.18
1,24,Linear,Logic,2.01871e+06,2.02145e+06,2737.18
1,24,down_proj,GPU,2.02145e+06,2.02419e+06,2737.18
1,24,Linear,Logic,2.02145e+06,2.02419e+06,2737.18
1,24,sync_2,GPU,2.03513e+06,2.03513e+06,0
1,24,sync__set,GPU,2.03513e+06,2.03513e+06,0
1,24,sync__,GPU,2.03513e+06,2.03513e+06,0
1,24,moe_all_reduce_for_e_tp,GPU,2.03513e+06,2.04037e+06,5236.91
1,24,sync_3,GPU,2.04037e+06,2.04037e+06,0
1,24,sync__set,GPU,2.04037e+06,2.04037e+06,0
1,24,sync__,GPU,2.04037e+06,2.04037e+06,0
1,24,moe_gather,GPU,2.04037e+06,2.04037e+06,0
1,24,sync_for_moe_gather,GPU,2.04037e+06,2.04037e+06,0
1,24,sync__set,GPU,2.04037e+06,2.04037e+06,0
1,24,sync__,GPU,2.04037e+06,2.04037e+06,0
1,24,moe_all_reduce_for_gather,GPU,2.04037e+06,2.04561e+06,5236.91
1,24,sync_5,GPU,2.04561e+06,2.04561e+06,0
1,24,sync__set,GPU,2.04561e+06,2.04561e+06,0
1,24,sync__,GPU,2.04561e+06,2.04561e+06,0
1,24,sync_6,GPU,2.04561e+06,2.04561e+06,0
1,24,sync__set,GPU,2.04561e+06,2.04561e+06,0
1,24,sync__,GPU,2.04561e+06,2.04561e+06,0
1,24,residual_2,GPU,2.04561e+06,2.04577e+06,158.854
1,25,MoE_decoder_25,GPU,2.04577e+06,2.13158e+06,85815.9
1,25,input_layer_norm,GPU,2.04577e+06,2.04593e+06,158.854
1,25,attention,GPU,2.04593e+06,2.06286e+06,16935.9
1,25,attn_qkv_proj,GPU,2.04593e+06,2.04979e+06,3861.38
1,25,Linear,GPU,2.04593e+06,2.04979e+06,3861.38
1,25,self_attention,GPU,2.04979e+06,2.05502e+06,5237.31
1,25,AttentionSplit,GPU,2.04979e+06,2.04979e+06,0
1,25,AttentionSum,GPU,2.04979e+06,2.04979e+06,0
1,25,AttentionGen,Logic,2.04979e+06,2.05502e+06,5237.31
1,25,AttentionMerge,GPU,2.05502e+06,2.05502e+06,0
1,25,attn_o_proj,GPU,2.05502e+06,2.05763e+06,2600.32
1,25,Linear,GPU,2.05502e+06,2.05763e+06,2600.32
1,25,all_reduce,GPU,2.05763e+06,2.06286e+06,5236.91
1,25,residual_1,GPU,2.06286e+06,2.06302e+06,158.854
1,25,post_attn_layer_norm,GPU,2.06302e+06,2.06318e+06,158.854
1,25,expertFFN,GPU,2.06318e+06,2.13142e+06,68244.6
1,25,sync_0,GPU,2.06318e+06,2.06318e+06,0
1,25,sync__set,GPU,2.06318e+06,2.06318e+06,0
1,25,sync__,GPU,2.06318e+06,2.06318e+06,0
1,25,gate_fn,GPU,2.06318e+06,2.06328e+06,97.9093
1,25,Linear,GPU,2.06318e+06,2.06328e+06,97.9093
1,25,gate_update,GPU,2.06328e+06,2.06328e+06,0
1,25,moe_scatter,GPU,2.06328e+06,2.06328e+06,0
1,25,sync_for_moe_scatter,GPU,2.06328e+06,2.06328e+06,0
1,25,sync__set,GPU,2.06328e+06,2.06328e+06,0
1,25,sync__,GPU,2.06328e+06,2.06328e+06,0
1,25,moe_route,GPU,2.06328e+06,2.06328e+06,0
1,25,expert_FFN_0,GPU,2.06328e+06,2.06987e+06,6594.44
1,25,gate_proj,GPU,2.06328e+06,2.06547e+06,2195.47
1,25,Linear,Logic,2.06328e+06,2.06547e+06,2195.47
1,25,activation,Logic,2.06547e+06,2.06548e+06,8.01909
1,25,up_proj,GPU,2.06548e+06,2.06768e+06,2195.47
1,25,Linear,Logic,2.06548e+06,2.06768e+06,2195.47
1,25,down_proj,GPU,2.06768e+06,2.06987e+06,2195.47
1,25,Linear,Logic,2.06768e+06,2.06987e+06,2195.47
1,25,expert_FFN_1,GPU,2.06987e+06,2.07647e+06,6594.44
1,25,gate_proj,GPU,2.06987e+06,2.07207e+06,2195.47
1,25,Linear,Logic,2.06987e+06,2.07207e+06,2195.47
1,25,activation,Logic,2.07207e+06,2.07208e+06,8.01909
1,25,up_proj,GPU,2.07208e+06,2.07427e+06,2195.47
1,25,Linear,Logic,2.07208e+06,2.07427e+06,2195.47
1,25,down_proj,GPU,2.07427e+06,2.07647e+06,2195.47
1,25,Linear,Logic,2.07427e+06,2.07647e+06,2195.47
1,25,expert_FFN_2,GPU,2.07647e+06,2.08308e+06,6609.57
1,25,gate_proj,GPU,2.07647e+06,2.07867e+06,2198.91
1,25,Linear,Logic,2.07647e+06,2.07867e+06,2198.91
1,25,activation,Logic,2.07867e+06,2.07868e+06,12.8305
1,25,up_proj,GPU,2.07868e+06,2.08088e+06,2198.91
1,25,Linear,Logic,2.07868e+06,2.08088e+06,2198.91
1,25,down_proj,GPU,2.08088e+06,2.08308e+06,2198.91
1,25,Linear,Logic,2.08088e+06,2.08308e+06,2198.91
1,25,expert_FFN_3,GPU,2.08308e+06,2.0913e+06,8227.59
1,25,gate_proj,GPU,2.08308e+06,2.08581e+06,2737.18
1,25,Linear,Logic,2.08308e+06,2.08581e+06,2737.18
1,25,activation,Logic,2.08581e+06,2.08583e+06,16.0382
1,25,up_proj,GPU,2.08583e+06,2.08857e+06,2737.18
1,25,Linear,Logic,2.08583e+06,2.08857e+06,2737.18
1,25,down_proj,GPU,2.08857e+06,2.0913e+06,2737.18
1,25,Linear,Logic,2.08857e+06,2.0913e+06,2737.18
1,25,expert_FFN_4,GPU,2.0913e+06,2.09953e+06,8227.59
1,25,gate_proj,GPU,2.0913e+06,2.09404e+06,2737.18
1,25,Linear,Logic,2.0913e+06,2.09404e+06,2737.18
1,25,activation,Logic,2.09404e+06,2.09406e+06,16.0382
1,25,up_proj,GPU,2.09406e+06,2.09679e+06,2737.18
1,25,Linear,Logic,2.09406e+06,2.09679e+06,2737.18
1,25,down_proj,GPU,2.09679e+06,2.09953e+06,2737.18
1,25,Linear,Logic,2.09679e+06,2.09953e+06,2737.18
1,25,expert_FFN_5,GPU,2.09953e+06,2.10694e+06,7404.83
1,25,gate_proj,GPU,2.09953e+06,2.10199e+06,2463.47
1,25,Linear,Logic,2.09953e+06,2.10199e+06,2463.47
1,25,activation,Logic,2.10199e+06,2.10201e+06,14.4344
1,25,up_proj,GPU,2.10201e+06,2.10447e+06,2463.47
1,25,Linear,Logic,2.10201e+06,2.10447e+06,2463.47
1,25,down_proj,GPU,2.10447e+06,2.10694e+06,2463.47
1,25,Linear,Logic,2.10447e+06,2.10694e+06,2463.47
1,25,expert_FFN_6,GPU,2.10694e+06,2.11355e+06,6609.57
1,25,gate_proj,GPU,2.10694e+06,2.10914e+06,2198.91
1,25,Linear,Logic,2.10694e+06,2.10914e+06,2198.91
1,25,activation,Logic,2.10914e+06,2.10915e+06,12.8305
1,25,up_proj,GPU,2.10915e+06,2.11135e+06,2198.91
1,25,Linear,Logic,2.10915e+06,2.11135e+06,2198.91
1,25,down_proj,GPU,2.11135e+06,2.11355e+06,2198.91
1,25,Linear,Logic,2.11135e+06,2.11355e+06,2198.91
1,25,expert_FFN_7,GPU,2.11355e+06,2.12095e+06,7404.83
1,25,gate_proj,GPU,2.11355e+06,2.11601e+06,2463.47
1,25,Linear,Logic,2.11355e+06,2.11601e+06,2463.47
1,25,activation,Logic,2.11601e+06,2.11602e+06,14.4344
1,25,up_proj,GPU,2.11602e+06,2.11849e+06,2463.47
1,25,Linear,Logic,2.11602e+06,2.11849e+06,2463.47
1,25,down_proj,GPU,2.11849e+06,2.12095e+06,2463.47
1,25,Linear,Logic,2.11849e+06,2.12095e+06,2463.47
1,25,sync_2,GPU,2.12095e+06,2.12095e+06,0
1,25,sync__set,GPU,2.12095e+06,2.12095e+06,0
1,25,sync__,GPU,2.12095e+06,2.12095e+06,0
1,25,moe_all_reduce_for_e_tp,GPU,2.12095e+06,2.12619e+06,5236.91
1,25,sync_3,GPU,2.12619e+06,2.12619e+06,0
1,25,sync__set,GPU,2.12619e+06,2.12619e+06,0
1,25,sync__,GPU,2.12619e+06,2.12619e+06,0
1,25,moe_gather,GPU,2.12619e+06,2.12619e+06,0
1,25,sync_for_moe_gather,GPU,2.12619e+06,2.12619e+06,0
1,25,sync__set,GPU,2.12619e+06,2.12619e+06,0
1,25,sync__,GPU,2.12619e+06,2.12619e+06,0
1,25,moe_all_reduce_for_gather,GPU,2.12619e+06,2.13142e+06,5236.91
1,25,sync_5,GPU,2.13142e+06,2.13142e+06,0
1,25,sync__set,GPU,2.13142e+06,2.13142e+06,0
1,25,sync__,GPU,2.13142e+06,2.13142e+06,0
1,25,sync_6,GPU,2.13142e+06,2.13142e+06,0
1,25,sync__set,GPU,2.13142e+06,2.13142e+06,0
1,25,sync__,GPU,2.13142e+06,2.13142e+06,0
1,25,residual_2,GPU,2.13142e+06,2.13158e+06,158.854
1,26,MoE_decoder_26,GPU,2.13158e+06,2.21266e+06,81080.1
1,26,input_layer_norm,GPU,2.13158e+06,2.13174e+06,158.854
1,26,attention,GPU,2.13174e+06,2.14868e+06,16935.9
1,26,attn_qkv_proj,GPU,2.13174e+06,2.1356e+06,3861.38
1,26,Linear,GPU,2.13174e+06,2.1356e+06,3861.38
1,26,self_attention,GPU,2.1356e+06,2.14084e+06,5237.31
1,26,AttentionSplit,GPU,2.1356e+06,2.1356e+06,0
1,26,AttentionSum,GPU,2.1356e+06,2.1356e+06,0
1,26,AttentionGen,Logic,2.1356e+06,2.14084e+06,5237.31
1,26,AttentionMerge,GPU,2.14084e+06,2.14084e+06,0
1,26,attn_o_proj,GPU,2.14084e+06,2.14344e+06,2600.32
1,26,Linear,GPU,2.14084e+06,2.14344e+06,2600.32
1,26,all_reduce,GPU,2.14344e+06,2.14868e+06,5236.91
1,26,residual_1,GPU,2.14868e+06,2.14884e+06,158.854
1,26,post_attn_layer_norm,GPU,2.14884e+06,2.149e+06,158.854
1,26,expertFFN,GPU,2.149e+06,2.2125e+06,63508.7
1,26,sync_0,GPU,2.149e+06,2.149e+06,0
1,26,sync__set,GPU,2.149e+06,2.149e+06,0
1,26,sync__,GPU,2.149e+06,2.149e+06,0
1,26,gate_fn,GPU,2.149e+06,2.14909e+06,97.9093
1,26,Linear,GPU,2.149e+06,2.14909e+06,97.9093
1,26,gate_update,GPU,2.14909e+06,2.14909e+06,0
1,26,moe_scatter,GPU,2.14909e+06,2.14909e+06,0
1,26,sync_for_moe_scatter,GPU,2.14909e+06,2.14909e+06,0
1,26,sync__set,GPU,2.14909e+06,2.14909e+06,0
1,26,sync__,GPU,2.14909e+06,2.14909e+06,0
1,26,moe_route,GPU,2.14909e+06,2.14909e+06,0
1,26,expert_FFN_0,GPU,2.14909e+06,2.15814e+06,9050.35
1,26,gate_proj,GPU,2.14909e+06,2.1521e+06,3010.9
1,26,Linear,Logic,2.14909e+06,2.1521e+06,3010.9
1,26,activation,Logic,2.1521e+06,2.15212e+06,17.642
1,26,up_proj,GPU,2.15212e+06,2.15513e+06,3010.9
1,26,Linear,Logic,2.15212e+06,2.15513e+06,3010.9
1,26,down_proj,GPU,2.15513e+06,2.15814e+06,3010.9
1,26,Linear,Logic,2.15513e+06,2.15814e+06,3010.9
1,26,expert_FFN_1,GPU,2.15814e+06,2.16475e+06,6604.53
1,26,gate_proj,GPU,2.15814e+06,2.16034e+06,2197.77
1,26,Linear,Logic,2.15814e+06,2.16034e+06,2197.77
1,26,activation,Logic,2.16034e+06,2.16035e+06,11.2267
1,26,up_proj,GPU,2.16035e+06,2.16255e+06,2197.77
1,26,Linear,Logic,2.16035e+06,2.16255e+06,2197.77
1,26,down_proj,GPU,2.16255e+06,2.16475e+06,2197.77
1,26,Linear,Logic,2.16255e+06,2.16475e+06,2197.77
1,26,expert_FFN_2,GPU,2.16475e+06,2.17215e+06,7404.83
1,26,gate_proj,GPU,2.16475e+06,2.16721e+06,2463.47
1,26,Linear,Logic,2.16475e+06,2.16721e+06,2463.47
1,26,activation,Logic,2.16721e+06,2.16723e+06,14.4344
1,26,up_proj,GPU,2.16723e+06,2.16969e+06,2463.47
1,26,Linear,Logic,2.16723e+06,2.16969e+06,2463.47
1,26,down_proj,GPU,2.16969e+06,2.17215e+06,2463.47
1,26,Linear,Logic,2.16969e+06,2.17215e+06,2463.47
1,26,expert_FFN_3,GPU,2.17215e+06,2.17874e+06,6584.36
1,26,gate_proj,GPU,2.17215e+06,2.17435e+06,2193.18
1,26,Linear,Logic,2.17215e+06,2.17435e+06,2193.18
1,26,activation,Logic,2.17435e+06,2.17435e+06,4.81146
1,26,up_proj,GPU,2.17435e+06,2.17654e+06,2193.18
1,26,Linear,Logic,2.17435e+06,2.17654e+06,2193.18
1,26,down_proj,GPU,2.17654e+06,2.17874e+06,2193.18
1,26,Linear,Logic,2.17654e+06,2.17874e+06,2193.18
1,26,expert_FFN_4,GPU,2.14909e+06,2.17559e+06,26498.7
1,26,gate_proj,GPU,2.14909e+06,2.1579e+06,8809.39
1,26,Linear,GPU,2.14909e+06,2.1579e+06,8809.39
1,26,activation,GPU,2.1579e+06,2.15797e+06,70.568
1,26,up_proj,GPU,2.15797e+06,2.16678e+06,8809.39
1,26,Linear,GPU,2.15797e+06,2.16678e+06,8809.39
1,26,down_proj,GPU,2.16678e+06,2.17559e+06,8809.39
1,26,Linear,GPU,2.16678e+06,2.17559e+06,8809.39
1,26,expert_FFN_5,GPU,2.17559e+06,2.20203e+06,26438.3
1,26,gate_proj,GPU,2.17559e+06,2.18439e+06,8795.65
1,26,Linear,GPU,2.17559e+06,2.18439e+06,8795.65
1,26,activation,GPU,2.18439e+06,2.18444e+06,51.3222
1,26,up_proj,GPU,2.18444e+06,2.19323e+06,8795.65
1,26,Linear,GPU,2.18444e+06,2.19323e+06,8795.65
1,26,down_proj,GPU,2.19323e+06,2.20203e+06,8795.65
1,26,Linear,GPU,2.19323e+06,2.20203e+06,8795.65
1,26,expert_FFN_6,GPU,2.17874e+06,2.18697e+06,8227.59
1,26,gate_proj,GPU,2.17874e+06,2.18147e+06,2737.18
1,26,Linear,Logic,2.17874e+06,2.18147e+06,2737.18
1,26,activation,Logic,2.18147e+06,2.18149e+06,16.0382
1,26,up_proj,GPU,2.18149e+06,2.18423e+06,2737.18
1,26,Linear,Logic,2.18149e+06,2.18423e+06,2737.18
1,26,down_proj,GPU,2.18423e+06,2.18697e+06,2737.18
1,26,Linear,Logic,2.18423e+06,2.18697e+06,2737.18
1,26,expert_FFN_7,GPU,2.18697e+06,2.19356e+06,6594.44
1,26,gate_proj,GPU,2.18697e+06,2.18916e+06,2195.47
1,26,Linear,Logic,2.18697e+06,2.18916e+06,2195.47
1,26,activation,Logic,2.18916e+06,2.18917e+06,8.01909
1,26,up_proj,GPU,2.18917e+06,2.19136e+06,2195.47
1,26,Linear,Logic,2.18917e+06,2.19136e+06,2195.47
1,26,down_proj,GPU,2.19136e+06,2.19356e+06,2195.47
1,26,Linear,Logic,2.19136e+06,2.19356e+06,2195.47
1,26,sync_2,GPU,2.20203e+06,2.20203e+06,0
1,26,sync__set,GPU,2.20203e+06,2.20203e+06,0
1,26,sync__,GPU,2.20203e+06,2.20203e+06,0
1,26,moe_all_reduce_for_e_tp,GPU,2.20203e+06,2.20727e+06,5236.91
1,26,sync_3,GPU,2.20727e+06,2.20727e+06,0
1,26,sync__set,GPU,2.20727e+06,2.20727e+06,0
1,26,sync__,GPU,2.20727e+06,2.20727e+06,0
1,26,moe_gather,GPU,2.20727e+06,2.20727e+06,0
1,26,sync_for_moe_gather,GPU,2.20727e+06,2.20727e+06,0
1,26,sync__set,GPU,2.20727e+06,2.20727e+06,0
1,26,sync__,GPU,2.20727e+06,2.20727e+06,0
1,26,moe_all_reduce_for_gather,GPU,2.20727e+06,2.2125e+06,5236.91
1,26,sync_5,GPU,2.2125e+06,2.2125e+06,0
1,26,sync__set,GPU,2.2125e+06,2.2125e+06,0
1,26,sync__,GPU,2.2125e+06,2.2125e+06,0
1,26,sync_6,GPU,2.2125e+06,2.2125e+06,0
1,26,sync__set,GPU,2.2125e+06,2.2125e+06,0
1,26,sync__,GPU,2.2125e+06,2.2125e+06,0
1,26,residual_2,GPU,2.2125e+06,2.21266e+06,158.854
1,27,MoE_decoder_27,GPU,2.21266e+06,2.29372e+06,81059.9
1,27,input_layer_norm,GPU,2.21266e+06,2.21282e+06,158.854
1,27,attention,GPU,2.21282e+06,2.22976e+06,16935.9
1,27,attn_qkv_proj,GPU,2.21282e+06,2.21668e+06,3861.38
1,27,Linear,GPU,2.21282e+06,2.21668e+06,3861.38
1,27,self_attention,GPU,2.21668e+06,2.22192e+06,5237.31
1,27,AttentionSplit,GPU,2.21668e+06,2.21668e+06,0
1,27,AttentionSum,GPU,2.21668e+06,2.21668e+06,0
1,27,AttentionGen,Logic,2.21668e+06,2.22192e+06,5237.31
1,27,AttentionMerge,GPU,2.22192e+06,2.22192e+06,0
1,27,attn_o_proj,GPU,2.22192e+06,2.22452e+06,2600.32
1,27,Linear,GPU,2.22192e+06,2.22452e+06,2600.32
1,27,all_reduce,GPU,2.22452e+06,2.22976e+06,5236.91
1,27,residual_1,GPU,2.22976e+06,2.22992e+06,158.854
1,27,post_attn_layer_norm,GPU,2.22992e+06,2.23008e+06,158.854
1,27,expertFFN,GPU,2.23008e+06,2.29356e+06,63488.6
1,27,sync_0,GPU,2.23008e+06,2.23008e+06,0
1,27,sync__set,GPU,2.23008e+06,2.23008e+06,0
1,27,sync__,GPU,2.23008e+06,2.23008e+06,0
1,27,gate_fn,GPU,2.23008e+06,2.23017e+06,97.9093
1,27,Linear,GPU,2.23008e+06,2.23017e+06,97.9093
1,27,gate_update,GPU,2.23017e+06,2.23017e+06,0
1,27,moe_scatter,GPU,2.23017e+06,2.23017e+06,0
1,27,sync_for_moe_scatter,GPU,2.23017e+06,2.23017e+06,0
1,27,sync__set,GPU,2.23017e+06,2.23017e+06,0
1,27,sync__,GPU,2.23017e+06,2.23017e+06,0
1,27,moe_route,GPU,2.23017e+06,2.23017e+06,0
1,27,expert_FFN_0,GPU,2.23017e+06,2.23678e+06,6609.57
1,27,gate_proj,GPU,2.23017e+06,2.23237e+06,2198.91
1,27,Linear,Logic,2.23017e+06,2.23237e+06,2198.91
1,27,activation,Logic,2.23237e+06,2.23239e+06,12.8305
1,27,up_proj,GPU,2.23239e+06,2.23458e+06,2198.91
1,27,Linear,Logic,2.23239e+06,2.23458e+06,2198.91
1,27,down_proj,GPU,2.23458e+06,2.23678e+06,2198.91
1,27,Linear,Logic,2.23458e+06,2.23678e+06,2198.91
1,27,expert_FFN_1,GPU,2.23678e+06,2.24339e+06,6604.53
1,27,gate_proj,GPU,2.23678e+06,2.23898e+06,2197.77
1,27,Linear,Logic,2.23678e+06,2.23898e+06,2197.77
1,27,activation,Logic,2.23898e+06,2.23899e+06,11.2267
1,27,up_proj,GPU,2.23899e+06,2.24119e+06,2197.77
1,27,Linear,Logic,2.23899e+06,2.24119e+06,2197.77
1,27,down_proj,GPU,2.24119e+06,2.24339e+06,2197.77
1,27,Linear,Logic,2.24119e+06,2.24339e+06,2197.77
1,27,expert_FFN_2,GPU,2.24339e+06,2.24999e+06,6604.53
1,27,gate_proj,GPU,2.24339e+06,2.24559e+06,2197.77
1,27,Linear,Logic,2.24339e+06,2.24559e+06,2197.77
1,27,activation,Logic,2.24559e+06,2.2456e+06,11.2267
1,27,up_proj,GPU,2.2456e+06,2.24779e+06,2197.77
1,27,Linear,Logic,2.2456e+06,2.24779e+06,2197.77
1,27,down_proj,GPU,2.24779e+06,2.24999e+06,2197.77
1,27,Linear,Logic,2.24779e+06,2.24999e+06,2197.77
1,27,expert_FFN_3,GPU,2.24999e+06,2.2566e+06,6604.53
1,27,gate_proj,GPU,2.24999e+06,2.25219e+06,2197.77
1,27,Linear,Logic,2.24999e+06,2.25219e+06,2197.77
1,27,activation,Logic,2.25219e+06,2.2522e+06,11.2267
1,27,up_proj,GPU,2.2522e+06,2.2544e+06,2197.77
1,27,Linear,Logic,2.2522e+06,2.2544e+06,2197.77
1,27,down_proj,GPU,2.2544e+06,2.2566e+06,2197.77
1,27,Linear,Logic,2.2544e+06,2.2566e+06,2197.77
1,27,expert_FFN_4,GPU,2.2566e+06,2.26482e+06,8227.59
1,27,gate_proj,GPU,2.2566e+06,2.25933e+06,2737.18
1,27,Linear,Logic,2.2566e+06,2.25933e+06,2737.18
1,27,activation,Logic,2.25933e+06,2.25935e+06,16.0382
1,27,up_proj,GPU,2.25935e+06,2.26209e+06,2737.18
1,27,Linear,Logic,2.25935e+06,2.26209e+06,2737.18
1,27,down_proj,GPU,2.26209e+06,2.26482e+06,2737.18
1,27,Linear,Logic,2.26209e+06,2.26482e+06,2737.18
1,27,expert_FFN_5,GPU,2.26482e+06,2.27143e+06,6604.53
1,27,gate_proj,GPU,2.26482e+06,2.26702e+06,2197.77
1,27,Linear,Logic,2.26482e+06,2.26702e+06,2197.77
1,27,activation,Logic,2.26702e+06,2.26703e+06,11.2267
1,27,up_proj,GPU,2.26703e+06,2.26923e+06,2197.77
1,27,Linear,Logic,2.26703e+06,2.26923e+06,2197.77
1,27,down_proj,GPU,2.26923e+06,2.27143e+06,2197.77
1,27,Linear,Logic,2.26923e+06,2.27143e+06,2197.77
1,27,expert_FFN_6,GPU,2.23017e+06,2.25667e+06,26498.7
1,27,gate_proj,GPU,2.23017e+06,2.23898e+06,8809.39
1,27,Linear,GPU,2.23017e+06,2.23898e+06,8809.39
1,27,activation,GPU,2.23898e+06,2.23905e+06,70.568
1,27,up_proj,GPU,2.23905e+06,2.24786e+06,8809.39
1,27,Linear,GPU,2.23905e+06,2.24786e+06,8809.39
1,27,down_proj,GPU,2.24786e+06,2.25667e+06,8809.39
1,27,Linear,GPU,2.24786e+06,2.25667e+06,8809.39
1,27,expert_FFN_7,GPU,2.25667e+06,2.28309e+06,26418.1
1,27,gate_proj,GPU,2.25667e+06,2.26546e+06,8791.06
1,27,Linear,GPU,2.25667e+06,2.26546e+06,8791.06
1,27,activation,GPU,2.26546e+06,2.26551e+06,44.9069
1,27,up_proj,GPU,2.26551e+06,2.2743e+06,8791.06
1,27,Linear,GPU,2.26551e+06,2.2743e+06,8791.06
1,27,down_proj,GPU,2.2743e+06,2.28309e+06,8791.06
1,27,Linear,GPU,2.2743e+06,2.28309e+06,8791.06
1,27,sync_2,GPU,2.28309e+06,2.28309e+06,0
1,27,sync__set,GPU,2.28309e+06,2.28309e+06,0
1,27,sync__,GPU,2.28309e+06,2.28309e+06,0
1,27,moe_all_reduce_for_e_tp,GPU,2.28309e+06,2.28833e+06,5236.91
1,27,sync_3,GPU,2.28833e+06,2.28833e+06,0
1,27,sync__set,GPU,2.28833e+06,2.28833e+06,0
1,27,sync__,GPU,2.28833e+06,2.28833e+06,0
1,27,moe_gather,GPU,2.28833e+06,2.28833e+06,0
1,27,sync_for_moe_gather,GPU,2.28833e+06,2.28833e+06,0
1,27,sync__set,GPU,2.28833e+06,2.28833e+06,0
1,27,sync__,GPU,2.28833e+06,2.28833e+06,0
1,27,moe_all_reduce_for_gather,GPU,2.28833e+06,2.29356e+06,5236.91
1,27,sync_5,GPU,2.29356e+06,2.29356e+06,0
1,27,sync__set,GPU,2.29356e+06,2.29356e+06,0
1,27,sync__,GPU,2.29356e+06,2.29356e+06,0
1,27,sync_6,GPU,2.29356e+06,2.29356e+06,0
1,27,sync__set,GPU,2.29356e+06,2.29356e+06,0
1,27,sync__,GPU,2.29356e+06,2.29356e+06,0
1,27,residual_2,GPU,2.29356e+06,2.29372e+06,158.854
1,28,MoE_decoder_28,GPU,2.29372e+06,2.37482e+06,81100.2
1,28,input_layer_norm,GPU,2.29372e+06,2.29388e+06,158.854
1,28,attention,GPU,2.29388e+06,2.31082e+06,16935.9
1,28,attn_qkv_proj,GPU,2.29388e+06,2.29774e+06,3861.38
1,28,Linear,GPU,2.29388e+06,2.29774e+06,3861.38
1,28,self_attention,GPU,2.29774e+06,2.30298e+06,5237.31
1,28,AttentionSplit,GPU,2.29774e+06,2.29774e+06,0
1,28,AttentionSum,GPU,2.29774e+06,2.29774e+06,0
1,28,AttentionGen,Logic,2.29774e+06,2.30298e+06,5237.31
1,28,AttentionMerge,GPU,2.30298e+06,2.30298e+06,0
1,28,attn_o_proj,GPU,2.30298e+06,2.30558e+06,2600.32
1,28,Linear,GPU,2.30298e+06,2.30558e+06,2600.32
1,28,all_reduce,GPU,2.30558e+06,2.31082e+06,5236.91
1,28,residual_1,GPU,2.31082e+06,2.31098e+06,158.854
1,28,post_attn_layer_norm,GPU,2.31098e+06,2.31114e+06,158.854
1,28,expertFFN,GPU,2.31114e+06,2.37466e+06,63528.9
1,28,sync_0,GPU,2.31114e+06,2.31114e+06,0
1,28,sync__set,GPU,2.31114e+06,2.31114e+06,0
1,28,sync__,GPU,2.31114e+06,2.31114e+06,0
1,28,gate_fn,GPU,2.31114e+06,2.31123e+06,97.9093
1,28,Linear,GPU,2.31114e+06,2.31123e+06,97.9093
1,28,gate_update,GPU,2.31123e+06,2.31123e+06,0
1,28,moe_scatter,GPU,2.31123e+06,2.31123e+06,0
1,28,sync_for_moe_scatter,GPU,2.31123e+06,2.31123e+06,0
1,28,sync__set,GPU,2.31123e+06,2.31123e+06,0
1,28,sync__,GPU,2.31123e+06,2.31123e+06,0
1,28,moe_route,GPU,2.31123e+06,2.31123e+06,0
1,28,expert_FFN_0,GPU,2.31123e+06,2.33773e+06,26498.7
1,28,gate_proj,GPU,2.31123e+06,2.32004e+06,8809.39
1,28,Linear,GPU,2.31123e+06,2.32004e+06,8809.39
1,28,activation,GPU,2.32004e+06,2.32011e+06,70.568
1,28,up_proj,GPU,2.32011e+06,2.32892e+06,8809.39
1,28,Linear,GPU,2.32011e+06,2.32892e+06,8809.39
1,28,down_proj,GPU,2.32892e+06,2.33773e+06,8809.39
1,28,Linear,GPU,2.32892e+06,2.33773e+06,8809.39
1,28,expert_FFN_1,GPU,2.33773e+06,2.36419e+06,26458.4
1,28,gate_proj,GPU,2.33773e+06,2.34653e+06,8800.23
1,28,Linear,GPU,2.33773e+06,2.34653e+06,8800.23
1,28,activation,GPU,2.34653e+06,2.34659e+06,57.7375
1,28,up_proj,GPU,2.34659e+06,2.35539e+06,8800.23
1,28,Linear,GPU,2.34659e+06,2.35539e+06,8800.23
1,28,down_proj,GPU,2.35539e+06,2.36419e+06,8800.23
1,28,Linear,GPU,2.35539e+06,2.36419e+06,8800.23
1,28,expert_FFN_2,GPU,2.31123e+06,2.31864e+06,7404.83
1,28,gate_proj,GPU,2.31123e+06,2.3137e+06,2463.47
1,28,Linear,Logic,2.31123e+06,2.3137e+06,2463.47
1,28,activation,Logic,2.3137e+06,2.31371e+06,14.4344
1,28,up_proj,GPU,2.31371e+06,2.31617e+06,2463.47
1,28,Linear,Logic,2.31371e+06,2.31617e+06,2463.47
1,28,down_proj,GPU,2.31617e+06,2.31864e+06,2463.47
1,28,Linear,Logic,2.31617e+06,2.31864e+06,2463.47
1,28,expert_FFN_3,GPU,2.31864e+06,2.32604e+06,7404.83
1,28,gate_proj,GPU,2.31864e+06,2.3211e+06,2463.47
1,28,Linear,Logic,2.31864e+06,2.3211e+06,2463.47
1,28,activation,Logic,2.3211e+06,2.32112e+06,14.4344
1,28,up_proj,GPU,2.32112e+06,2.32358e+06,2463.47
1,28,Linear,Logic,2.32112e+06,2.32358e+06,2463.47
1,28,down_proj,GPU,2.32358e+06,2.32604e+06,2463.47
1,28,Linear,Logic,2.32358e+06,2.32604e+06,2463.47
1,28,expert_FFN_4,GPU,2.32604e+06,2.33265e+06,6604.53
1,28,gate_proj,GPU,2.32604e+06,2.32824e+06,2197.77
1,28,Linear,Logic,2.32604e+06,2.32824e+06,2197.77
1,28,activation,Logic,2.32824e+06,2.32825e+06,11.2267
1,28,up_proj,GPU,2.32825e+06,2.33045e+06,2197.77
1,28,Linear,Logic,2.32825e+06,2.33045e+06,2197.77
1,28,down_proj,GPU,2.33045e+06,2.33265e+06,2197.77
1,28,Linear,Logic,2.33045e+06,2.33265e+06,2197.77
1,28,expert_FFN_5,GPU,2.33265e+06,2.33926e+06,6609.57
1,28,gate_proj,GPU,2.33265e+06,2.33485e+06,2198.91
1,28,Linear,Logic,2.33265e+06,2.33485e+06,2198.91
1,28,activation,Logic,2.33485e+06,2.33486e+06,12.8305
1,28,up_proj,GPU,2.33486e+06,2.33706e+06,2198.91
1,28,Linear,Logic,2.33486e+06,2.33706e+06,2198.91
1,28,down_proj,GPU,2.33706e+06,2.33926e+06,2198.91
1,28,Linear,Logic,2.33706e+06,2.33926e+06,2198.91
1,28,expert_FFN_6,GPU,2.33926e+06,2.34585e+06,6589.4
1,28,gate_proj,GPU,2.33926e+06,2.34145e+06,2194.33
1,28,Linear,Logic,2.33926e+06,2.34145e+06,2194.33
1,28,activation,Logic,2.34145e+06,2.34146e+06,6.41527
1,28,up_proj,GPU,2.34146e+06,2.34365e+06,2194.33
1,28,Linear,Logic,2.34146e+06,2.34365e+06,2194.33
1,28,down_proj,GPU,2.34365e+06,2.34585e+06,2194.33
1,28,Linear,Logic,2.34365e+06,2.34585e+06,2194.33
1,28,expert_FFN_7,GPU,2.34585e+06,2.35245e+06,6604.53
1,28,gate_proj,GPU,2.34585e+06,2.34804e+06,2197.77
1,28,Linear,Logic,2.34585e+06,2.34804e+06,2197.77
1,28,activation,Logic,2.34804e+06,2.34806e+06,11.2267
1,28,up_proj,GPU,2.34806e+06,2.35025e+06,2197.77
1,28,Linear,Logic,2.34806e+06,2.35025e+06,2197.77
1,28,down_proj,GPU,2.35025e+06,2.35245e+06,2197.77
1,28,Linear,Logic,2.35025e+06,2.35245e+06,2197.77
1,28,sync_2,GPU,2.36419e+06,2.36419e+06,0
1,28,sync__set,GPU,2.36419e+06,2.36419e+06,0
1,28,sync__,GPU,2.36419e+06,2.36419e+06,0
1,28,moe_all_reduce_for_e_tp,GPU,2.36419e+06,2.36943e+06,5236.91
1,28,sync_3,GPU,2.36943e+06,2.36943e+06,0
1,28,sync__set,GPU,2.36943e+06,2.36943e+06,0
1,28,sync__,GPU,2.36943e+06,2.36943e+06,0
1,28,moe_gather,GPU,2.36943e+06,2.36943e+06,0
1,28,sync_for_moe_gather,GPU,2.36943e+06,2.36943e+06,0
1,28,sync__set,GPU,2.36943e+06,2.36943e+06,0
1,28,sync__,GPU,2.36943e+06,2.36943e+06,0
1,28,moe_all_reduce_for_gather,GPU,2.36943e+06,2.37466e+06,5236.91
1,28,sync_5,GPU,2.37466e+06,2.37466e+06,0
1,28,sync__set,GPU,2.37466e+06,2.37466e+06,0
1,28,sync__,GPU,2.37466e+06,2.37466e+06,0
1,28,sync_6,GPU,2.37466e+06,2.37466e+06,0
1,28,sync__set,GPU,2.37466e+06,2.37466e+06,0
1,28,sync__,GPU,2.37466e+06,2.37466e+06,0
1,28,residual_2,GPU,2.37466e+06,2.37482e+06,158.854
1,29,MoE_decoder_29,GPU,2.37482e+06,2.4559e+06,81080.1
1,29,input_layer_norm,GPU,2.37482e+06,2.37498e+06,158.854
1,29,attention,GPU,2.37498e+06,2.39192e+06,16935.9
1,29,attn_qkv_proj,GPU,2.37498e+06,2.37884e+06,3861.38
1,29,Linear,GPU,2.37498e+06,2.37884e+06,3861.38
1,29,self_attention,GPU,2.37884e+06,2.38408e+06,5237.31
1,29,AttentionSplit,GPU,2.37884e+06,2.37884e+06,0
1,29,AttentionSum,GPU,2.37884e+06,2.37884e+06,0
1,29,AttentionGen,Logic,2.37884e+06,2.38408e+06,5237.31
1,29,AttentionMerge,GPU,2.38408e+06,2.38408e+06,0
1,29,attn_o_proj,GPU,2.38408e+06,2.38668e+06,2600.32
1,29,Linear,GPU,2.38408e+06,2.38668e+06,2600.32
1,29,all_reduce,GPU,2.38668e+06,2.39192e+06,5236.91
1,29,residual_1,GPU,2.39192e+06,2.39208e+06,158.854
1,29,post_attn_layer_norm,GPU,2.39208e+06,2.39224e+06,158.854
1,29,expertFFN,GPU,2.39224e+06,2.45574e+06,63508.7
1,29,sync_0,GPU,2.39224e+06,2.39224e+06,0
1,29,sync__set,GPU,2.39224e+06,2.39224e+06,0
1,29,sync__,GPU,2.39224e+06,2.39224e+06,0
1,29,gate_fn,GPU,2.39224e+06,2.39233e+06,97.9093
1,29,Linear,GPU,2.39224e+06,2.39233e+06,97.9093
1,29,gate_update,GPU,2.39233e+06,2.39233e+06,0
1,29,moe_scatter,GPU,2.39233e+06,2.39233e+06,0
1,29,sync_for_moe_scatter,GPU,2.39233e+06,2.39233e+06,0
1,29,sync__set,GPU,2.39233e+06,2.39233e+06,0
1,29,sync__,GPU,2.39233e+06,2.39233e+06,0
1,29,moe_route,GPU,2.39233e+06,2.39233e+06,0
1,29,expert_FFN_0,GPU,2.39233e+06,2.39894e+06,6609.57
1,29,gate_proj,GPU,2.39233e+06,2.39453e+06,2198.91
1,29,Linear,Logic,2.39233e+06,2.39453e+06,2198.91
1,29,activation,Logic,2.39453e+06,2.39455e+06,12.8305
1,29,up_proj,GPU,2.39455e+06,2.39674e+06,2198.91
1,29,Linear,Logic,2.39455e+06,2.39674e+06,2198.91
1,29,down_proj,GPU,2.39674e+06,2.39894e+06,2198.91
1,29,Linear,Logic,2.39674e+06,2.39894e+06,2198.91
1,29,expert_FFN_1,GPU,2.39894e+06,2.40635e+06,7404.83
1,29,gate_proj,GPU,2.39894e+06,2.40141e+06,2463.47
1,29,Linear,Logic,2.39894e+06,2.40141e+06,2463.47
1,29,activation,Logic,2.40141e+06,2.40142e+06,14.4344
1,29,up_proj,GPU,2.40142e+06,2.40388e+06,2463.47
1,29,Linear,Logic,2.40142e+06,2.40388e+06,2463.47
1,29,down_proj,GPU,2.40388e+06,2.40635e+06,2463.47
1,29,Linear,Logic,2.40388e+06,2.40635e+06,2463.47
1,29,expert_FFN_2,GPU,2.39233e+06,2.41883e+06,26498.7
1,29,gate_proj,GPU,2.39233e+06,2.40114e+06,8809.39
1,29,Linear,GPU,2.39233e+06,2.40114e+06,8809.39
1,29,activation,GPU,2.40114e+06,2.40121e+06,70.568
1,29,up_proj,GPU,2.40121e+06,2.41002e+06,8809.39
1,29,Linear,GPU,2.40121e+06,2.41002e+06,8809.39
1,29,down_proj,GPU,2.41002e+06,2.41883e+06,8809.39
1,29,Linear,GPU,2.41002e+06,2.41883e+06,8809.39
1,29,expert_FFN_3,GPU,2.41883e+06,2.44527e+06,26438.3
1,29,gate_proj,GPU,2.41883e+06,2.42763e+06,8795.65
1,29,Linear,GPU,2.41883e+06,2.42763e+06,8795.65
1,29,activation,GPU,2.42763e+06,2.42768e+06,51.3222
1,29,up_proj,GPU,2.42768e+06,2.43648e+06,8795.65
1,29,Linear,GPU,2.42768e+06,2.43648e+06,8795.65
1,29,down_proj,GPU,2.43648e+06,2.44527e+06,8795.65
1,29,Linear,GPU,2.43648e+06,2.44527e+06,8795.65
1,29,expert_FFN_4,GPU,2.40635e+06,2.41295e+06,6599.48
1,29,gate_proj,GPU,2.40635e+06,2.40854e+06,2196.62
1,29,Linear,Logic,2.40635e+06,2.40854e+06,2196.62
1,29,activation,Logic,2.40854e+06,2.40855e+06,9.62291
1,29,up_proj,GPU,2.40855e+06,2.41075e+06,2196.62
1,29,Linear,Logic,2.40855e+06,2.41075e+06,2196.62
1,29,down_proj,GPU,2.41075e+06,2.41295e+06,2196.62
1,29,Linear,Logic,2.41075e+06,2.41295e+06,2196.62
1,29,expert_FFN_5,GPU,2.41295e+06,2.42118e+06,8227.59
1,29,gate_proj,GPU,2.41295e+06,2.41568e+06,2737.18
1,29,Linear,Logic,2.41295e+06,2.41568e+06,2737.18
1,29,activation,Logic,2.41568e+06,2.4157e+06,16.0382
1,29,up_proj,GPU,2.4157e+06,2.41844e+06,2737.18
1,29,Linear,Logic,2.4157e+06,2.41844e+06,2737.18
1,29,down_proj,GPU,2.41844e+06,2.42118e+06,2737.18
1,29,Linear,Logic,2.41844e+06,2.42118e+06,2737.18
1,29,expert_FFN_6,GPU,2.42118e+06,2.42778e+06,6609.57
1,29,gate_proj,GPU,2.42118e+06,2.42337e+06,2198.91
1,29,Linear,Logic,2.42118e+06,2.42337e+06,2198.91
1,29,activation,Logic,2.42337e+06,2.42339e+06,12.8305
1,29,up_proj,GPU,2.42339e+06,2.42559e+06,2198.91
1,29,Linear,Logic,2.42339e+06,2.42559e+06,2198.91
1,29,down_proj,GPU,2.42559e+06,2.42778e+06,2198.91
1,29,Linear,Logic,2.42559e+06,2.42778e+06,2198.91
1,29,expert_FFN_7,GPU,2.42778e+06,2.43437e+06,6589.4
1,29,gate_proj,GPU,2.42778e+06,2.42998e+06,2194.33
1,29,Linear,Logic,2.42778e+06,2.42998e+06,2194.33
1,29,activation,Logic,2.42998e+06,2.42999e+06,6.41527
1,29,up_proj,GPU,2.42999e+06,2.43218e+06,2194.33
1,29,Linear,Logic,2.42999e+06,2.43218e+06,2194.33
1,29,down_proj,GPU,2.43218e+06,2.43437e+06,2194.33
1,29,Linear,Logic,2.43218e+06,2.43437e+06,2194.33
1,29,sync_2,GPU,2.44527e+06,2.44527e+06,0
1,29,sync__set,GPU,2.44527e+06,2.44527e+06,0
1,29,sync__,GPU,2.44527e+06,2.44527e+06,0
1,29,moe_all_reduce_for_e_tp,GPU,2.44527e+06,2.45051e+06,5236.91
1,29,sync_3,GPU,2.45051e+06,2.45051e+06,0
1,29,sync__set,GPU,2.45051e+06,2.45051e+06,0
1,29,sync__,GPU,2.45051e+06,2.45051e+06,0
1,29,moe_gather,GPU,2.45051e+06,2.45051e+06,0
1,29,sync_for_moe_gather,GPU,2.45051e+06,2.45051e+06,0
1,29,sync__set,GPU,2.45051e+06,2.45051e+06,0
1,29,sync__,GPU,2.45051e+06,2.45051e+06,0
1,29,moe_all_reduce_for_gather,GPU,2.45051e+06,2.45574e+06,5236.91
1,29,sync_5,GPU,2.45574e+06,2.45574e+06,0
1,29,sync__set,GPU,2.45574e+06,2.45574e+06,0
1,29,sync__,GPU,2.45574e+06,2.45574e+06,0
1,29,sync_6,GPU,2.45574e+06,2.45574e+06,0
1,29,sync__set,GPU,2.45574e+06,2.45574e+06,0
1,29,sync__,GPU,2.45574e+06,2.45574e+06,0
1,29,residual_2,GPU,2.45574e+06,2.4559e+06,158.854
1,30,MoE_decoder_30,GPU,2.4559e+06,2.53702e+06,81120.4
1,30,input_layer_norm,GPU,2.4559e+06,2.45606e+06,158.854
1,30,attention,GPU,2.45606e+06,2.473e+06,16935.9
1,30,attn_qkv_proj,GPU,2.45606e+06,2.45992e+06,3861.38
1,30,Linear,GPU,2.45606e+06,2.45992e+06,3861.38
1,30,self_attention,GPU,2.45992e+06,2.46516e+06,5237.31
1,30,AttentionSplit,GPU,2.45992e+06,2.45992e+06,0
1,30,AttentionSum,GPU,2.45992e+06,2.45992e+06,0
1,30,AttentionGen,Logic,2.45992e+06,2.46516e+06,5237.31
1,30,AttentionMerge,GPU,2.46516e+06,2.46516e+06,0
1,30,attn_o_proj,GPU,2.46516e+06,2.46776e+06,2600.32
1,30,Linear,GPU,2.46516e+06,2.46776e+06,2600.32
1,30,all_reduce,GPU,2.46776e+06,2.473e+06,5236.91
1,30,residual_1,GPU,2.473e+06,2.47316e+06,158.854
1,30,post_attn_layer_norm,GPU,2.47316e+06,2.47332e+06,158.854
1,30,expertFFN,GPU,2.47332e+06,2.53687e+06,63549.1
1,30,sync_0,GPU,2.47332e+06,2.47332e+06,0
1,30,sync__set,GPU,2.47332e+06,2.47332e+06,0
1,30,sync__,GPU,2.47332e+06,2.47332e+06,0
1,30,gate_fn,GPU,2.47332e+06,2.47341e+06,97.9093
1,30,Linear,GPU,2.47332e+06,2.47341e+06,97.9093
1,30,gate_update,GPU,2.47341e+06,2.47341e+06,0
1,30,moe_scatter,GPU,2.47341e+06,2.47341e+06,0
1,30,sync_for_moe_scatter,GPU,2.47341e+06,2.47341e+06,0
1,30,sync__set,GPU,2.47341e+06,2.47341e+06,0
1,30,sync__,GPU,2.47341e+06,2.47341e+06,0
1,30,moe_route,GPU,2.47341e+06,2.47341e+06,0
1,30,expert_FFN_0,GPU,2.47341e+06,2.48e+06,6589.4
1,30,gate_proj,GPU,2.47341e+06,2.47561e+06,2194.33
1,30,Linear,Logic,2.47341e+06,2.47561e+06,2194.33
1,30,activation,Logic,2.47561e+06,2.47561e+06,6.41527
1,30,up_proj,GPU,2.47561e+06,2.47781e+06,2194.33
1,30,Linear,Logic,2.47561e+06,2.47781e+06,2194.33
1,30,down_proj,GPU,2.47781e+06,2.48e+06,2194.33
1,30,Linear,Logic,2.47781e+06,2.48e+06,2194.33
1,30,expert_FFN_1,GPU,2.48e+06,2.48661e+06,6609.57
1,30,gate_proj,GPU,2.48e+06,2.4822e+06,2198.91
1,30,Linear,Logic,2.48e+06,2.4822e+06,2198.91
1,30,activation,Logic,2.4822e+06,2.48222e+06,12.8305
1,30,up_proj,GPU,2.48222e+06,2.48441e+06,2198.91
1,30,Linear,Logic,2.48222e+06,2.48441e+06,2198.91
1,30,down_proj,GPU,2.48441e+06,2.48661e+06,2198.91
1,30,Linear,Logic,2.48441e+06,2.48661e+06,2198.91
1,30,expert_FFN_2,GPU,2.47341e+06,2.49991e+06,26498.7
1,30,gate_proj,GPU,2.47341e+06,2.48222e+06,8809.39
1,30,Linear,GPU,2.47341e+06,2.48222e+06,8809.39
1,30,activation,GPU,2.48222e+06,2.48229e+06,70.568
1,30,up_proj,GPU,2.48229e+06,2.4911e+06,8809.39
1,30,Linear,GPU,2.48229e+06,2.4911e+06,8809.39
1,30,down_proj,GPU,2.4911e+06,2.49991e+06,8809.39
1,30,Linear,GPU,2.4911e+06,2.49991e+06,8809.39
1,30,expert_FFN_3,GPU,2.49991e+06,2.52639e+06,26478.6
1,30,gate_proj,GPU,2.49991e+06,2.50872e+06,8804.81
1,30,Linear,GPU,2.49991e+06,2.50872e+06,8804.81
1,30,activation,GPU,2.50872e+06,2.50878e+06,64.1527
1,30,up_proj,GPU,2.50878e+06,2.51759e+06,8804.81
1,30,Linear,GPU,2.50878e+06,2.51759e+06,8804.81
1,30,down_proj,GPU,2.51759e+06,2.52639e+06,8804.81
1,30,Linear,GPU,2.51759e+06,2.52639e+06,8804.81
1,30,expert_FFN_4,GPU,2.48661e+06,2.49402e+06,7404.83
1,30,gate_proj,GPU,2.48661e+06,2.48908e+06,2463.47
1,30,Linear,Logic,2.48661e+06,2.48908e+06,2463.47
1,30,activation,Logic,2.48908e+06,2.48909e+06,14.4344
1,30,up_proj,GPU,2.48909e+06,2.49155e+06,2463.47
1,30,Linear,Logic,2.48909e+06,2.49155e+06,2463.47
1,30,down_proj,GPU,2.49155e+06,2.49402e+06,2463.47
1,30,Linear,Logic,2.49155e+06,2.49402e+06,2463.47
1,30,expert_FFN_5,GPU,2.49402e+06,2.50389e+06,9873.11
1,30,gate_proj,GPU,2.49402e+06,2.4973e+06,3284.62
1,30,Linear,Logic,2.49402e+06,2.4973e+06,3284.62
1,30,activation,Logic,2.4973e+06,2.49732e+06,19.2458
1,30,up_proj,GPU,2.49732e+06,2.50061e+06,3284.62
1,30,Linear,Logic,2.49732e+06,2.50061e+06,3284.62
1,30,down_proj,GPU,2.50061e+06,2.50389e+06,3284.62
1,30,Linear,Logic,2.50061e+06,2.50389e+06,3284.62
1,30,expert_FFN_6,GPU,2.50389e+06,2.51048e+06,6584.36
1,30,gate_proj,GPU,2.50389e+06,2.50608e+06,2193.18
1,30,Linear,Logic,2.50389e+06,2.50608e+06,2193.18
1,30,activation,Logic,2.50608e+06,2.50609e+06,4.81146
1,30,up_proj,GPU,2.50609e+06,2.50828e+06,2193.18
1,30,Linear,Logic,2.50609e+06,2.50828e+06,2193.18
1,30,down_proj,GPU,2.50828e+06,2.51048e+06,2193.18
1,30,Linear,Logic,2.50828e+06,2.51048e+06,2193.18
1,30,expert_FFN_7,GPU,2.51048e+06,2.51708e+06,6604.53
1,30,gate_proj,GPU,2.51048e+06,2.51267e+06,2197.77
1,30,Linear,Logic,2.51048e+06,2.51267e+06,2197.77
1,30,activation,Logic,2.51267e+06,2.51268e+06,11.2267
1,30,up_proj,GPU,2.51268e+06,2.51488e+06,2197.77
1,30,Linear,Logic,2.51268e+06,2.51488e+06,2197.77
1,30,down_proj,GPU,2.51488e+06,2.51708e+06,2197.77
1,30,Linear,Logic,2.51488e+06,2.51708e+06,2197.77
1,30,sync_2,GPU,2.52639e+06,2.52639e+06,0
1,30,sync__set,GPU,2.52639e+06,2.52639e+06,0
1,30,sync__,GPU,2.52639e+06,2.52639e+06,0
1,30,moe_all_reduce_for_e_tp,GPU,2.52639e+06,2.53163e+06,5236.91
1,30,sync_3,GPU,2.53163e+06,2.53163e+06,0
1,30,sync__set,GPU,2.53163e+06,2.53163e+06,0
1,30,sync__,GPU,2.53163e+06,2.53163e+06,0
1,30,moe_gather,GPU,2.53163e+06,2.53163e+06,0
1,30,sync_for_moe_gather,GPU,2.53163e+06,2.53163e+06,0
1,30,sync__set,GPU,2.53163e+06,2.53163e+06,0
1,30,sync__,GPU,2.53163e+06,2.53163e+06,0
1,30,moe_all_reduce_for_gather,GPU,2.53163e+06,2.53687e+06,5236.91
1,30,sync_5,GPU,2.53687e+06,2.53687e+06,0
1,30,sync__set,GPU,2.53687e+06,2.53687e+06,0
1,30,sync__,GPU,2.53687e+06,2.53687e+06,0
1,30,sync_6,GPU,2.53687e+06,2.53687e+06,0
1,30,sync__set,GPU,2.53687e+06,2.53687e+06,0
1,30,sync__,GPU,2.53687e+06,2.53687e+06,0
1,30,residual_2,GPU,2.53687e+06,2.53702e+06,158.854
1,31,MoE_decoder_31,GPU,2.53702e+06,2.6181e+06,81080.1
1,31,input_layer_norm,GPU,2.53702e+06,2.53718e+06,158.854
1,31,attention,GPU,2.53718e+06,2.55412e+06,16935.9
1,31,attn_qkv_proj,GPU,2.53718e+06,2.54104e+06,3861.38
1,31,Linear,GPU,2.53718e+06,2.54104e+06,3861.38
1,31,self_attention,GPU,2.54104e+06,2.54628e+06,5237.31
1,31,AttentionSplit,GPU,2.54104e+06,2.54104e+06,0
1,31,AttentionSum,GPU,2.54104e+06,2.54104e+06,0
1,31,AttentionGen,Logic,2.54104e+06,2.54628e+06,5237.31
1,31,AttentionMerge,GPU,2.54628e+06,2.54628e+06,0
1,31,attn_o_proj,GPU,2.54628e+06,2.54888e+06,2600.32
1,31,Linear,GPU,2.54628e+06,2.54888e+06,2600.32
1,31,all_reduce,GPU,2.54888e+06,2.55412e+06,5236.91
1,31,residual_1,GPU,2.55412e+06,2.55428e+06,158.854
1,31,post_attn_layer_norm,GPU,2.55428e+06,2.55444e+06,158.854
1,31,expertFFN,GPU,2.55444e+06,2.61795e+06,63508.7
1,31,sync_0,GPU,2.55444e+06,2.55444e+06,0
1,31,sync__set,GPU,2.55444e+06,2.55444e+06,0
1,31,sync__,GPU,2.55444e+06,2.55444e+06,0
1,31,gate_fn,GPU,2.55444e+06,2.55453e+06,97.9093
1,31,Linear,GPU,2.55444e+06,2.55453e+06,97.9093
1,31,gate_update,GPU,2.55453e+06,2.55453e+06,0
1,31,moe_scatter,GPU,2.55453e+06,2.55453e+06,0
1,31,sync_for_moe_scatter,GPU,2.55453e+06,2.55453e+06,0
1,31,sync__set,GPU,2.55453e+06,2.55453e+06,0
1,31,sync__,GPU,2.55453e+06,2.55453e+06,0
1,31,moe_route,GPU,2.55453e+06,2.55453e+06,0
1,31,expert_FFN_0,GPU,2.55453e+06,2.58103e+06,26498.7
1,31,gate_proj,GPU,2.55453e+06,2.56334e+06,8809.39
1,31,Linear,GPU,2.55453e+06,2.56334e+06,8809.39
1,31,activation,GPU,2.56334e+06,2.56341e+06,70.568
1,31,up_proj,GPU,2.56341e+06,2.57222e+06,8809.39
1,31,Linear,GPU,2.56341e+06,2.57222e+06,8809.39
1,31,down_proj,GPU,2.57222e+06,2.58103e+06,8809.39
1,31,Linear,GPU,2.57222e+06,2.58103e+06,8809.39
1,31,expert_FFN_1,GPU,2.58103e+06,2.60747e+06,26438.3
1,31,gate_proj,GPU,2.58103e+06,2.58983e+06,8795.65
1,31,Linear,GPU,2.58103e+06,2.58983e+06,8795.65
1,31,activation,GPU,2.58983e+06,2.58988e+06,51.3222
1,31,up_proj,GPU,2.58988e+06,2.59868e+06,8795.65
1,31,Linear,GPU,2.58988e+06,2.59868e+06,8795.65
1,31,down_proj,GPU,2.59868e+06,2.60747e+06,8795.65
1,31,Linear,GPU,2.59868e+06,2.60747e+06,8795.65
1,31,expert_FFN_2,GPU,2.55453e+06,2.56114e+06,6609.57
1,31,gate_proj,GPU,2.55453e+06,2.55673e+06,2198.91
1,31,Linear,Logic,2.55453e+06,2.55673e+06,2198.91
1,31,activation,Logic,2.55673e+06,2.55675e+06,12.8305
1,31,up_proj,GPU,2.55675e+06,2.55894e+06,2198.91
1,31,Linear,Logic,2.55675e+06,2.55894e+06,2198.91
1,31,down_proj,GPU,2.55894e+06,2.56114e+06,2198.91
1,31,Linear,Logic,2.55894e+06,2.56114e+06,2198.91
1,31,expert_FFN_3,GPU,2.56114e+06,2.56774e+06,6599.48
1,31,gate_proj,GPU,2.56114e+06,2.56334e+06,2196.62
1,31,Linear,Logic,2.56114e+06,2.56334e+06,2196.62
1,31,activation,Logic,2.56334e+06,2.56335e+06,9.62291
1,31,up_proj,GPU,2.56335e+06,2.56555e+06,2196.62
1,31,Linear,Logic,2.56335e+06,2.56555e+06,2196.62
1,31,down_proj,GPU,2.56555e+06,2.56774e+06,2196.62
1,31,Linear,Logic,2.56555e+06,2.56774e+06,2196.62
1,31,expert_FFN_4,GPU,2.56774e+06,2.57435e+06,6609.57
1,31,gate_proj,GPU,2.56774e+06,2.56994e+06,2198.91
1,31,Linear,Logic,2.56774e+06,2.56994e+06,2198.91
1,31,activation,Logic,2.56994e+06,2.56996e+06,12.8305
1,31,up_proj,GPU,2.56996e+06,2.57215e+06,2198.91
1,31,Linear,Logic,2.56996e+06,2.57215e+06,2198.91
1,31,down_proj,GPU,2.57215e+06,2.57435e+06,2198.91
1,31,Linear,Logic,2.57215e+06,2.57435e+06,2198.91
1,31,expert_FFN_5,GPU,2.57435e+06,2.5834e+06,9050.35
1,31,gate_proj,GPU,2.57435e+06,2.57736e+06,3010.9
1,31,Linear,Logic,2.57435e+06,2.57736e+06,3010.9
1,31,activation,Logic,2.57736e+06,2.57738e+06,17.642
1,31,up_proj,GPU,2.57738e+06,2.58039e+06,3010.9
1,31,Linear,Logic,2.57738e+06,2.58039e+06,3010.9
1,31,down_proj,GPU,2.58039e+06,2.5834e+06,3010.9
1,31,Linear,Logic,2.58039e+06,2.5834e+06,3010.9
1,31,expert_FFN_6,GPU,2.5834e+06,2.59001e+06,6609.57
1,31,gate_proj,GPU,2.5834e+06,2.5856e+06,2198.91
1,31,Linear,Logic,2.5834e+06,2.5856e+06,2198.91
1,31,activation,Logic,2.5856e+06,2.58561e+06,12.8305
1,31,up_proj,GPU,2.58561e+06,2.58781e+06,2198.91
1,31,Linear,Logic,2.58561e+06,2.58781e+06,2198.91
1,31,down_proj,GPU,2.58781e+06,2.59001e+06,2198.91
1,31,Linear,Logic,2.58781e+06,2.59001e+06,2198.91
1,31,expert_FFN_7,GPU,2.59001e+06,2.5966e+06,6589.4
1,31,gate_proj,GPU,2.59001e+06,2.59221e+06,2194.33
1,31,Linear,Logic,2.59001e+06,2.59221e+06,2194.33
1,31,activation,Logic,2.59221e+06,2.59221e+06,6.41527
1,31,up_proj,GPU,2.59221e+06,2.59441e+06,2194.33
1,31,Linear,Logic,2.59221e+06,2.59441e+06,2194.33
1,31,down_proj,GPU,2.59441e+06,2.5966e+06,2194.33
1,31,Linear,Logic,2.59441e+06,2.5966e+06,2194.33
1,31,sync_2,GPU,2.60747e+06,2.60747e+06,0
1,31,sync__set,GPU,2.60747e+06,2.60747e+06,0
1,31,sync__,GPU,2.60747e+06,2.60747e+06,0
1,31,moe_all_reduce_for_e_tp,GPU,2.60747e+06,2.61271e+06,5236.91
1,31,sync_3,GPU,2.61271e+06,2.61271e+06,0
1,31,sync__set,GPU,2.61271e+06,2.61271e+06,0
1,31,sync__,GPU,2.61271e+06,2.61271e+06,0
1,31,moe_gather,GPU,2.61271e+06,2.61271e+06,0
1,31,sync_for_moe_gather,GPU,2.61271e+06,2.61271e+06,0
1,31,sync__set,GPU,2.61271e+06,2.61271e+06,0
1,31,sync__,GPU,2.61271e+06,2.61271e+06,0
1,31,moe_all_reduce_for_gather,GPU,2.61271e+06,2.61795e+06,5236.91
1,31,sync_5,GPU,2.61795e+06,2.61795e+06,0
1,31,sync__set,GPU,2.61795e+06,2.61795e+06,0
1,31,sync__,GPU,2.61795e+06,2.61795e+06,0
1,31,sync_6,GPU,2.61795e+06,2.61795e+06,0
1,31,sync__set,GPU,2.61795e+06,2.61795e+06,0
1,31,sync__,GPU,2.61795e+06,2.61795e+06,0
1,31,residual_2,GPU,2.61795e+06,2.6181e+06,158.854
2,0,MoE_decoder_0,GPU,0,81080.1,81080.1
2,0,input_layer_norm,GPU,0,158.854,158.854
2,0,attention,GPU,158.854,17094.8,16935.9
2,0,attn_qkv_proj,GPU,158.854,4020.24,3861.38
2,0,Linear,GPU,158.854,4020.24,3861.38
2,0,self_attention,GPU,4020.24,9257.55,5237.31
2,0,AttentionSplit,GPU,4020.24,4020.24,0
2,0,AttentionSum,GPU,4020.24,4020.24,0
2,0,AttentionGen,Logic,4020.24,9257.55,5237.31
2,0,AttentionMerge,GPU,9257.55,9257.55,0
2,0,attn_o_proj,GPU,9257.55,11857.9,2600.32
2,0,Linear,GPU,9257.55,11857.9,2600.32
2,0,all_reduce,GPU,11857.9,17094.8,5236.91
2,0,residual_1,GPU,17094.8,17253.6,158.854
2,0,post_attn_layer_norm,GPU,17253.6,17412.5,158.854
2,0,expertFFN,GPU,17412.5,80921.2,63508.7
2,0,sync_0,GPU,17412.5,17412.5,0
2,0,sync__set,GPU,17412.5,17412.5,0
2,0,sync__,GPU,17412.5,17412.5,0
2,0,gate_fn,GPU,17412.5,17510.4,97.9093
2,0,Linear,GPU,17412.5,17510.4,97.9093
2,0,gate_update,GPU,17510.4,17510.4,0
2,0,moe_scatter,GPU,17510.4,17510.4,0
2,0,sync_for_moe_scatter,GPU,17510.4,17510.4,0
2,0,sync__set,GPU,17510.4,17510.4,0
2,0,sync__,GPU,17510.4,17510.4,0
2,0,moe_route,GPU,17510.4,17510.4,0
2,0,expert_FFN_0,GPU,17510.4,43948.7,26438.3
2,0,gate_proj,GPU,17510.4,26306,8795.65
2,0,Linear,GPU,17510.4,26306,8795.65
2,0,activation,GPU,26306,26357.4,51.3222
2,0,up_proj,GPU,26357.4,35153,8795.65
2,0,Linear,GPU,26357.4,35153,8795.65
2,0,down_proj,GPU,35153,43948.7,8795.65
2,0,Linear,GPU,35153,43948.7,8795.65
2,0,expert_FFN_1,GPU,43948.7,70447.4,26498.7
2,0,gate_proj,GPU,43948.7,52758.1,8809.39
2,0,Linear,GPU,43948.7,52758.1,8809.39
2,0,activation,GPU,52758.1,52828.6,70.568
2,0,up_proj,GPU,52828.6,61638,8809.39
2,0,Linear,GPU,52828.6,61638,8809.39
2,0,down_proj,GPU,61638,70447.4,8809.39
2,0,Linear,GPU,61638,70447.4,8809.39
2,0,expert_FFN_2,GPU,17510.4,24114.9,6604.53
2,0,gate_proj,GPU,17510.4,19708.2,2197.77
2,0,Linear,Logic,17510.4,19708.2,2197.77
2,0,activation,Logic,19708.2,19719.4,11.2267
2,0,up_proj,GPU,19719.4,21917.2,2197.77
2,0,Linear,Logic,19719.4,21917.2,2197.77
2,0,down_proj,GPU,21917.2,24114.9,2197.77
2,0,Linear,Logic,21917.2,24114.9,2197.77
2,0,expert_FFN_3,GPU,24114.9,30714.4,6599.48
2,0,gate_proj,GPU,24114.9,26311.5,2196.62
2,0,Linear,Logic,24114.9,26311.5,2196.62
2,0,activation,Logic,26311.5,26321.2,9.62291
2,0,up_proj,GPU,26321.2,28517.8,2196.62
2,0,Linear,Logic,26321.2,28517.8,2196.62
2,0,down_proj,GPU,28517.8,30714.4,2196.62
2,0,Linear,Logic,28517.8,30714.4,2196.62
2,0,expert_FFN_4,GPU,30714.4,39764.8,9050.35
2,0,gate_proj,GPU,30714.4,33725.3,3010.9
2,0,Linear,Logic,30714.4,33725.3,3010.9
2,0,activation,Logic,33725.3,33742.9,17.642
2,0,up_proj,GPU,33742.9,36753.9,3010.9
2,0,Linear,Logic,33742.9,36753.9,3010.9
2,0,down_proj,GPU,36753.9,39764.8,3010.9
2,0,Linear,Logic,36753.9,39764.8,3010.9
2,0,expert_FFN_5,GPU,39764.8,46364.2,6599.48
2,0,gate_proj,GPU,39764.8,41961.4,2196.62
2,0,Linear,Logic,39764.8,41961.4,2196.62
2,0,activation,Logic,41961.4,41971,9.62291
2,0,up_proj,GPU,41971,44167.6,2196.62
2,0,Linear,Logic,41971,44167.6,2196.62
2,0,down_proj,GPU,44167.6,46364.2,2196.62
2,0,Linear,Logic,44167.6,46364.2,2196.62
2,0,expert_FFN_6,GPU,46364.2,52963.7,6599.48
2,0,gate_proj,GPU,46364.2,48560.9,2196.62
2,0,Linear,Logic,46364.2,48560.9,2196.62
2,0,activation,Logic,48560.9,48570.5,9.62291
2,0,up_proj,GPU,48570.5,50767.1,2196.62
2,0,Linear,Logic,48570.5,50767.1,2196.62
2,0,down_proj,GPU,50767.1,52963.7,2196.62
2,0,Linear,Logic,50767.1,52963.7,2196.62
2,0,expert_FFN_7,GPU,52963.7,60368.6,7404.83
2,0,gate_proj,GPU,52963.7,55427.2,2463.47
2,0,Linear,Logic,52963.7,55427.2,2463.47
2,0,activation,Logic,55427.2,55441.6,14.4344
2,0,up_proj,GPU,55441.6,57905.1,2463.47
2,0,Linear,Logic,55441.6,57905.1,2463.47
2,0,down_proj,GPU,57905.1,60368.6,2463.47
2,0,Linear,Logic,57905.1,60368.6,2463.47
2,0,sync_2,GPU,70447.4,70447.4,0
2,0,sync__set,GPU,70447.4,70447.4,0
2,0,sync__,GPU,70447.4,70447.4,0
2,0,moe_all_reduce_for_e_tp,GPU,70447.4,75684.3,5236.91
2,0,sync_3,GPU,75684.3,75684.3,0
2,0,sync__set,GPU,75684.3,75684.3,0
2,0,sync__,GPU,75684.3,75684.3,0
2,0,moe_gather,GPU,75684.3,75684.3,0
2,0,sync_for_moe_gather,GPU,75684.3,75684.3,0
2,0,sync__set,GPU,75684.3,75684.3,0
2,0,sync__,GPU,75684.3,75684.3,0
2,0,moe_all_reduce_for_gather,GPU,75684.3,80921.2,5236.91
2,0,sync_5,GPU,80921.2,80921.2,0
2,0,sync__set,GPU,80921.2,80921.2,0
2,0,sync__,GPU,80921.2,80921.2,0
2,0,sync_6,GPU,80921.2,80921.2,0
2,0,sync__set,GPU,80921.2,80921.2,0
2,0,sync__,GPU,80921.2,80921.2,0
2,0,residual_2,GPU,80921.2,81080.1,158.854
2,1,MoE_decoder_1,GPU,81080.1,162160,81080.1
2,1,input_layer_norm,GPU,81080.1,81238.9,158.854
2,1,attention,GPU,81238.9,98174.9,16935.9
2,1,attn_qkv_proj,GPU,81238.9,85100.3,3861.38
2,1,Linear,GPU,81238.9,85100.3,3861.38
2,1,self_attention,GPU,85100.3,90337.6,5237.31
2,1,AttentionSplit,GPU,85100.3,85100.3,0
2,1,AttentionSum,GPU,85100.3,85100.3,0
2,1,AttentionGen,Logic,85100.3,90337.6,5237.31
2,1,AttentionMerge,GPU,90337.6,90337.6,0
2,1,attn_o_proj,GPU,90337.6,92937.9,2600.32
2,1,Linear,GPU,90337.6,92937.9,2600.32
2,1,all_reduce,GPU,92937.9,98174.9,5236.91
2,1,residual_1,GPU,98174.9,98333.7,158.854
2,1,post_attn_layer_norm,GPU,98333.7,98492.6,158.854
2,1,expertFFN,GPU,98492.6,162001,63508.7
2,1,sync_0,GPU,98492.6,98492.6,0
2,1,sync__set,GPU,98492.6,98492.6,0
2,1,sync__,GPU,98492.6,98492.6,0
2,1,gate_fn,GPU,98492.6,98590.5,97.9093
2,1,Linear,GPU,98492.6,98590.5,97.9093
2,1,gate_update,GPU,98590.5,98590.5,0
2,1,moe_scatter,GPU,98590.5,98590.5,0
2,1,sync_for_moe_scatter,GPU,98590.5,98590.5,0
2,1,sync__set,GPU,98590.5,98590.5,0
2,1,sync__,GPU,98590.5,98590.5,0
2,1,moe_route,GPU,98590.5,98590.5,0
2,1,expert_FFN_0,GPU,98590.5,105995,7404.83
2,1,gate_proj,GPU,98590.5,101054,2463.47
2,1,Linear,Logic,98590.5,101054,2463.47
2,1,activation,Logic,101054,101068,14.4344
2,1,up_proj,GPU,101068,103532,2463.47
2,1,Linear,Logic,101068,103532,2463.47
2,1,down_proj,GPU,103532,105995,2463.47
2,1,Linear,Logic,103532,105995,2463.47
2,1,expert_FFN_1,GPU,105995,112575,6579.32
2,1,gate_proj,GPU,105995,108187,2192.04
2,1,Linear,Logic,105995,108187,2192.04
2,1,activation,Logic,108187,108191,3.20764
2,1,up_proj,GPU,108191,110383,2192.04
2,1,Linear,Logic,108191,110383,2192.04
2,1,down_proj,GPU,110383,112575,2192.04
2,1,Linear,Logic,110383,112575,2192.04
2,1,expert_FFN_2,GPU,112575,120802,8227.59
2,1,gate_proj,GPU,112575,115312,2737.18
2,1,Linear,Logic,112575,115312,2737.18
2,1,activation,Logic,115312,115328,16.0382
2,1,up_proj,GPU,115328,118065,2737.18
2,1,Linear,Logic,115328,118065,2737.18
2,1,down_proj,GPU,118065,120802,2737.18
2,1,Linear,Logic,118065,120802,2737.18
2,1,expert_FFN_3,GPU,120802,127412,6609.57
2,1,gate_proj,GPU,120802,123001,2198.91
2,1,Linear,Logic,120802,123001,2198.91
2,1,activation,Logic,123001,123014,12.8305
2,1,up_proj,GPU,123014,125213,2198.91
2,1,Linear,Logic,123014,125213,2198.91
2,1,down_proj,GPU,125213,127412,2198.91
2,1,Linear,Logic,125213,127412,2198.91
2,1,expert_FFN_4,GPU,127412,137285,9873.11
2,1,gate_proj,GPU,127412,130696,3284.62
2,1,Linear,Logic,127412,130696,3284.62
2,1,activation,Logic,130696,130716,19.2458
2,1,up_proj,GPU,130716,134000,3284.62
2,1,Linear,Logic,130716,134000,3284.62
2,1,down_proj,GPU,134000,137285,3284.62
2,1,Linear,Logic,134000,137285,3284.62
2,1,expert_FFN_5,GPU,137285,143874,6589.4
2,1,gate_proj,GPU,137285,139479,2194.33
2,1,Linear,Logic,137285,139479,2194.33
2,1,activation,Logic,139479,139486,6.41527
2,1,up_proj,GPU,139486,141680,2194.33
2,1,Linear,Logic,139486,141680,2194.33
2,1,down_proj,GPU,141680,143874,2194.33
2,1,Linear,Logic,141680,143874,2194.33
2,1,expert_FFN_6,GPU,98590.5,125069,26478.6
2,1,gate_proj,GPU,98590.5,107395,8804.81
2,1,Linear,GPU,98590.5,107395,8804.81
2,1,activation,GPU,107395,107459,64.1527
2,1,up_proj,GPU,107459,116264,8804.81
2,1,Linear,GPU,107459,116264,8804.81
2,1,down_proj,GPU,116264,125069,8804.81
2,1,Linear,GPU,116264,125069,8804.81
2,1,expert_FFN_7,GPU,125069,151527,26458.4
2,1,gate_proj,GPU,125069,133869,8800.23
2,1,Linear,GPU,125069,133869,8800.23
2,1,activation,GPU,133869,133927,57.7375
2,1,up_proj,GPU,133927,142727,8800.23
2,1,Linear,GPU,133927,142727,8800.23
2,1,down_proj,GPU,142727,151527,8800.23
2,1,Linear,GPU,142727,151527,8800.23
2,1,sync_2,GPU,151527,151527,0
2,1,sync__set,GPU,151527,151527,0
2,1,sync__,GPU,151527,151527,0
2,1,moe_all_reduce_for_e_tp,GPU,151527,156764,5236.91
2,1,sync_3,GPU,156764,156764,0
2,1,sync__set,GPU,156764,156764,0
2,1,sync__,GPU,156764,156764,0
2,1,moe_gather,GPU,156764,156764,0
2,1,sync_for_moe_gather,GPU,156764,156764,0
2,1,sync__set,GPU,156764,156764,0
2,1,sync__,GPU,156764,156764,0
2,1,moe_all_reduce_for_gather,GPU,156764,162001,5236.91
2,1,sync_5,GPU,162001,162001,0
2,1,sync__set,GPU,162001,162001,0
2,1,sync__,GPU,162001,162001,0
2,1,sync_6,GPU,162001,162001,0
2,1,sync__set,GPU,162001,162001,0
2,1,sync__,GPU,162001,162001,0
2,1,residual_2,GPU,162001,162160,158.854
2,2,MoE_decoder_2,GPU,162160,243321,81160.7
2,2,input_layer_norm,GPU,162160,162319,158.854
2,2,attention,GPU,162319,179255,16935.9
2,2,attn_qkv_proj,GPU,162319,166180,3861.38
2,2,Linear,GPU,162319,166180,3861.38
2,2,self_attention,GPU,166180,171418,5237.31
2,2,AttentionSplit,GPU,166180,166180,0
2,2,AttentionSum,GPU,166180,166180,0
2,2,AttentionGen,Logic,166180,171418,5237.31
2,2,AttentionMerge,GPU,171418,171418,0
2,2,attn_o_proj,GPU,171418,174018,2600.32
2,2,Linear,GPU,171418,174018,2600.32
2,2,all_reduce,GPU,174018,179255,5236.91
2,2,residual_1,GPU,179255,179414,158.854
2,2,post_attn_layer_norm,GPU,179414,179573,158.854
2,2,expertFFN,GPU,179573,243162,63589.4
2,2,sync_0,GPU,179573,179573,0
2,2,sync__set,GPU,179573,179573,0
2,2,sync__,GPU,179573,179573,0
2,2,gate_fn,GPU,179573,179671,97.9093
2,2,Linear,GPU,179573,179671,97.9093
2,2,gate_update,GPU,179671,179671,0
2,2,moe_scatter,GPU,179671,179671,0
2,2,sync_for_moe_scatter,GPU,179671,179671,0
2,2,sync__set,GPU,179671,179671,0
2,2,sync__,GPU,179671,179671,0
2,2,moe_route,GPU,179671,179671,0
2,2,expert_FFN_0,GPU,179671,187898,8227.59
2,2,gate_proj,GPU,179671,182408,2737.18
2,2,Linear,Logic,179671,182408,2737.18
2,2,activation,Logic,182408,182424,16.0382
2,2,up_proj,GPU,182424,185161,2737.18
2,2,Linear,Logic,182424,185161,2737.18
2,2,down_proj,GPU,185161,187898,2737.18
2,2,Linear,Logic,185161,187898,2737.18
2,2,expert_FFN_1,GPU,187898,194498,6599.48
2,2,gate_proj,GPU,187898,190095,2196.62
2,2,Linear,Logic,187898,190095,2196.62
2,2,activation,Logic,190095,190104,9.62291
2,2,up_proj,GPU,190104,192301,2196.62
2,2,Linear,Logic,190104,192301,2196.62
2,2,down_proj,GPU,192301,194498,2196.62
2,2,Linear,Logic,192301,194498,2196.62
2,2,expert_FFN_2,GPU,194498,201902,7404.83
2,2,gate_proj,GPU,194498,196961,2463.47
2,2,Linear,Logic,194498,196961,2463.47
2,2,activation,Logic,196961,196976,14.4344
2,2,up_proj,GPU,196976,199439,2463.47
2,2,Linear,Logic,196976,199439,2463.47
2,2,down_proj,GPU,199439,201902,2463.47
2,2,Linear,Logic,199439,201902,2463.47
2,2,expert_FFN_3,GPU,201902,208497,6594.44
2,2,gate_proj,GPU,201902,204098,2195.47
2,2,Linear,Logic,201902,204098,2195.47
2,2,activation,Logic,204098,204106,8.01909
2,2,up_proj,GPU,204106,206301,2195.47
2,2,Linear,Logic,204106,206301,2195.47
2,2,down_proj,GPU,206301,208497,2195.47
2,2,Linear,Logic,206301,208497,2195.47
2,2,expert_FFN_4,GPU,208497,215091,6594.44
2,2,gate_proj,GPU,208497,210692,2195.47
2,2,Linear,Logic,208497,210692,2195.47
2,2,activation,Logic,210692,210700,8.01909
2,2,up_proj,GPU,210700,212896,2195.47
2,2,Linear,Logic,210700,212896,2195.47
2,2,down_proj,GPU,212896,215091,2195.47
2,2,Linear,Logic,212896,215091,2195.47
2,2,expert_FFN_5,GPU,215091,221691,6599.48
2,2,gate_proj,GPU,215091,217288,2196.62
2,2,Linear,Logic,215091,217288,2196.62
2,2,activation,Logic,217288,217298,9.62291
2,2,up_proj,GPU,217298,219494,2196.62
2,2,Linear,Logic,217298,219494,2196.62
2,2,down_proj,GPU,219494,221691,2196.62
2,2,Linear,Logic,219494,221691,2196.62
2,2,expert_FFN_6,GPU,179671,206189,26518.9
2,2,gate_proj,GPU,179671,188485,8813.98
2,2,Linear,GPU,179671,188485,8813.98
2,2,activation,GPU,188485,188562,76.9833
2,2,up_proj,GPU,188562,197375,8813.98
2,2,Linear,GPU,188562,197375,8813.98
2,2,down_proj,GPU,197375,206189,8813.98
2,2,Linear,GPU,197375,206189,8813.98
2,2,expert_FFN_7,GPU,206189,232688,26498.7
2,2,gate_proj,GPU,206189,214999,8809.39
2,2,Linear,GPU,206189,214999,8809.39
2,2,activation,GPU,214999,215069,70.568
2,2,up_proj,GPU,215069,223879,8809.39
2,2,Linear,GPU,215069,223879,8809.39
2,2,down_proj,GPU,223879,232688,8809.39
2,2,Linear,GPU,223879,232688,8809.39
2,2,sync_2,GPU,232688,232688,0
2,2,sync__set,GPU,232688,232688,0
2,2,sync__,GPU,232688,232688,0
2,2,moe_all_reduce_for_e_tp,GPU,232688,237925,5236.91
2,2,sync_3,GPU,237925,237925,0
2,2,sync__set,GPU,237925,237925,0
2,2,sync__,GPU,237925,237925,0
2,2,moe_gather,GPU,237925,237925,0
2,2,sync_for_moe_gather,GPU,237925,237925,0
2,2,sync__set,GPU,237925,237925,0
2,2,sync__,GPU,237925,237925,0
2,2,moe_all_reduce_for_gather,GPU,237925,243162,5236.91
2,2,sync_5,GPU,243162,243162,0
2,2,sync__set,GPU,243162,243162,0
2,2,sync__,GPU,243162,243162,0
2,2,sync_6,GPU,243162,243162,0
2,2,sync__set,GPU,243162,243162,0
2,2,sync__,GPU,243162,243162,0
2,2,residual_2,GPU,243162,243321,158.854
2,3,MoE_decoder_3,GPU,243321,324381,81059.9
2,3,input_layer_norm,GPU,243321,243480,158.854
2,3,attention,GPU,243480,260416,16935.9
2,3,attn_qkv_proj,GPU,243480,247341,3861.38
2,3,Linear,GPU,243480,247341,3861.38
2,3,self_attention,GPU,247341,252578,5237.31
2,3,AttentionSplit,GPU,247341,247341,0
2,3,AttentionSum,GPU,247341,247341,0
2,3,AttentionGen,Logic,247341,252578,5237.31
2,3,AttentionMerge,GPU,252578,252578,0
2,3,attn_o_proj,GPU,252578,255179,2600.32
2,3,Linear,GPU,252578,255179,2600.32
2,3,all_reduce,GPU,255179,260416,5236.91
2,3,residual_1,GPU,260416,260575,158.854
2,3,post_attn_layer_norm,GPU,260575,260733,158.854
2,3,expertFFN,GPU,260733,324222,63488.6
2,3,sync_0,GPU,260733,260733,0
2,3,sync__set,GPU,260733,260733,0
2,3,sync__,GPU,260733,260733,0
2,3,gate_fn,GPU,260733,260831,97.9093
2,3,Linear,GPU,260733,260831,97.9093
2,3,gate_update,GPU,260831,260831,0
2,3,moe_scatter,GPU,260831,260831,0
2,3,sync_for_moe_scatter,GPU,260831,260831,0
2,3,sync__set,GPU,260831,260831,0
2,3,sync__,GPU,260831,260831,0
2,3,moe_route,GPU,260831,260831,0
2,3,expert_FFN_0,GPU,260831,268236,7404.83
2,3,gate_proj,GPU,260831,263295,2463.47
2,3,Linear,Logic,260831,263295,2463.47
2,3,activation,Logic,263295,263309,14.4344
2,3,up_proj,GPU,263309,265773,2463.47
2,3,Linear,Logic,263309,265773,2463.47
2,3,down_proj,GPU,265773,268236,2463.47
2,3,Linear,Logic,265773,268236,2463.47
2,3,expert_FFN_1,GPU,268236,274831,6594.44
2,3,gate_proj,GPU,268236,270432,2195.47
2,3,Linear,Logic,268236,270432,2195.47
2,3,activation,Logic,270432,270440,8.01909
2,3,up_proj,GPU,270440,272635,2195.47
2,3,Linear,Logic,270440,272635,2195.47
2,3,down_proj,GPU,272635,274831,2195.47
2,3,Linear,Logic,272635,274831,2195.47
2,3,expert_FFN_2,GPU,274831,281420,6589.4
2,3,gate_proj,GPU,274831,277025,2194.33
2,3,Linear,Logic,274831,277025,2194.33
2,3,activation,Logic,277025,277031,6.41527
2,3,up_proj,GPU,277031,279226,2194.33
2,3,Linear,Logic,277031,279226,2194.33
2,3,down_proj,GPU,279226,281420,2194.33
2,3,Linear,Logic,279226,281420,2194.33
2,3,expert_FFN_3,GPU,281420,290470,9050.35
2,3,gate_proj,GPU,281420,284431,3010.9
2,3,Linear,Logic,281420,284431,3010.9
2,3,activation,Logic,284431,284448,17.642
2,3,up_proj,GPU,284448,287459,3010.9
2,3,Linear,Logic,284448,287459,3010.9
2,3,down_proj,GPU,287459,290470,3010.9
2,3,Linear,Logic,287459,290470,3010.9
2,3,expert_FFN_4,GPU,260831,287350,26518.9
2,3,gate_proj,GPU,260831,269645,8813.98
2,3,Linear,GPU,260831,269645,8813.98
2,3,activation,GPU,269645,269722,76.9833
2,3,up_proj,GPU,269722,278536,8813.98
2,3,Linear,GPU,269722,278536,8813.98
2,3,down_proj,GPU,278536,287350,8813.98
2,3,Linear,GPU,278536,287350,8813.98
2,3,expert_FFN_5,GPU,287350,313748,26397.9
2,3,gate_proj,GPU,287350,296137,8786.48
2,3,Linear,GPU,287350,296137,8786.48
2,3,activation,GPU,296137,296175,38.4916
2,3,up_proj,GPU,296175,304962,8786.48
2,3,Linear,GPU,296175,304962,8786.48
2,3,down_proj,GPU,304962,313748,8786.48
2,3,Linear,GPU,304962,313748,8786.48
2,3,expert_FFN_6,GPU,290470,299521,9050.35
2,3,gate_proj,GPU,290470,293481,3010.9
2,3,Linear,Logic,290470,293481,3010.9
2,3,activation,Logic,293481,293499,17.642
2,3,up_proj,GPU,293499,296510,3010.9
2,3,Linear,Logic,293499,296510,3010.9
2,3,down_proj,GPU,296510,299521,3010.9
2,3,Linear,Logic,296510,299521,3010.9
2,3,expert_FFN_7,GPU,299521,306120,6599.48
2,3,gate_proj,GPU,299521,301717,2196.62
2,3,Linear,Logic,299521,301717,2196.62
2,3,activation,Logic,301717,301727,9.62291
2,3,up_proj,GPU,301727,303924,2196.62
2,3,Linear,Logic,301727,303924,2196.62
2,3,down_proj,GPU,303924,306120,2196.62
2,3,Linear,Logic,303924,306120,2196.62
2,3,sync_2,GPU,313748,313748,0
2,3,sync__set,GPU,313748,313748,0
2,3,sync__,GPU,313748,313748,0
2,3,moe_all_reduce_for_e_tp,GPU,313748,318985,5236.91
2,3,sync_3,GPU,318985,318985,0
2,3,sync__set,GPU,318985,318985,0
2,3,sync__,GPU,318985,318985,0
2,3,moe_gather,GPU,318985,318985,0
2,3,sync_for_moe_gather,GPU,318985,318985,0
2,3,sync__set,GPU,318985,318985,0
2,3,sync__,GPU,318985,318985,0
2,3,moe_all_reduce_for_gather,GPU,318985,324222,5236.91
2,3,sync_5,GPU,324222,324222,0
2,3,sync__set,GPU,324222,324222,0
2,3,sync__,GPU,324222,324222,0
2,3,sync_6,GPU,324222,324222,0
2,3,sync__set,GPU,324222,324222,0
2,3,sync__,GPU,324222,324222,0
2,3,residual_2,GPU,324222,324381,158.854
2,4,MoE_decoder_4,GPU,324381,405562,81180.9
2,4,input_layer_norm,GPU,324381,324540,158.854
2,4,attention,GPU,324540,341476,16935.9
2,4,attn_qkv_proj,GPU,324540,328401,3861.38
2,4,Linear,GPU,324540,328401,3861.38
2,4,self_attention,GPU,328401,333638,5237.31
2,4,AttentionSplit,GPU,328401,328401,0
2,4,AttentionSum,GPU,328401,328401,0
2,4,AttentionGen,Logic,328401,333638,5237.31
2,4,AttentionMerge,GPU,333638,333638,0
2,4,attn_o_proj,GPU,333638,336239,2600.32
2,4,Linear,GPU,333638,336239,2600.32
2,4,all_reduce,GPU,336239,341476,5236.91
2,4,residual_1,GPU,341476,341634,158.854
2,4,post_attn_layer_norm,GPU,341634,341793,158.854
2,4,expertFFN,GPU,341793,405403,63609.5
2,4,sync_0,GPU,341793,341793,0
2,4,sync__set,GPU,341793,341793,0
2,4,sync__,GPU,341793,341793,0
2,4,gate_fn,GPU,341793,341891,97.9093
2,4,Linear,GPU,341793,341891,97.9093
2,4,gate_update,GPU,341891,341891,0
2,4,moe_scatter,GPU,341891,341891,0
2,4,sync_for_moe_scatter,GPU,341891,341891,0
2,4,sync__set,GPU,341891,341891,0
2,4,sync__,GPU,341891,341891,0
2,4,moe_route,GPU,341891,341891,0
2,4,expert_FFN_0,GPU,341891,348501,6609.57
2,4,gate_proj,GPU,341891,344090,2198.91
2,4,Linear,Logic,341891,344090,2198.91
2,4,activation,Logic,344090,344103,12.8305
2,4,up_proj,GPU,344103,346302,2198.91
2,4,Linear,Logic,344103,346302,2198.91
2,4,down_proj,GPU,346302,348501,2198.91
2,4,Linear,Logic,346302,348501,2198.91
2,4,expert_FFN_1,GPU,348501,355105,6604.53
2,4,gate_proj,GPU,348501,350699,2197.77
2,4,Linear,Logic,348501,350699,2197.77
2,4,activation,Logic,350699,350710,11.2267
2,4,up_proj,GPU,350710,352908,2197.77
2,4,Linear,Logic,350710,352908,2197.77
2,4,down_proj,GPU,352908,355105,2197.77
2,4,Linear,Logic,352908,355105,2197.77
2,4,expert_FFN_2,GPU,355105,361690,6584.36
2,4,gate_proj,GPU,355105,357298,2193.18
2,4,Linear,Logic,355105,357298,2193.18
2,4,activation,Logic,357298,357303,4.81146
2,4,up_proj,GPU,357303,359496,2193.18
2,4,Linear,Logic,357303,359496,2193.18
2,4,down_proj,GPU,359496,361690,2193.18
2,4,Linear,Logic,359496,361690,2193.18
2,4,expert_FFN_3,GPU,361690,368289,6599.48
2,4,gate_proj,GPU,361690,363886,2196.62
2,4,Linear,Logic,361690,363886,2196.62
2,4,activation,Logic,363886,363896,9.62291
2,4,up_proj,GPU,363896,366093,2196.62
2,4,Linear,Logic,363896,366093,2196.62
2,4,down_proj,GPU,366093,368289,2196.62
2,4,Linear,Logic,366093,368289,2196.62
2,4,expert_FFN_4,GPU,341891,368430,26539.1
2,4,gate_proj,GPU,341891,350710,8818.56
2,4,Linear,GPU,341891,350710,8818.56
2,4,activation,GPU,350710,350793,83.3986
2,4,up_proj,GPU,350793,359612,8818.56
2,4,Linear,GPU,350793,359612,8818.56
2,4,down_proj,GPU,359612,368430,8818.56
2,4,Linear,GPU,359612,368430,8818.56
2,4,expert_FFN_5,GPU,368430,394929,26498.7
2,4,gate_proj,GPU,368430,377240,8809.39
2,4,Linear,GPU,368430,377240,8809.39
2,4,activation,GPU,377240,377310,70.568
2,4,up_proj,GPU,377310,386120,8809.39
2,4,Linear,GPU,377310,386120,8809.39
2,4,down_proj,GPU,386120,394929,8809.39
2,4,Linear,GPU,386120,394929,8809.39
2,4,expert_FFN_6,GPU,368289,376517,8227.59
2,4,gate_proj,GPU,368289,371026,2737.18
2,4,Linear,Logic,368289,371026,2737.18
2,4,activation,Logic,371026,371042,16.0382
2,4,up_proj,GPU,371042,373780,2737.18
2,4,Linear,Logic,371042,373780,2737.18
2,4,down_proj,GPU,373780,376517,2737.18
2,4,Linear,Logic,373780,376517,2737.18
2,4,expert_FFN_7,GPU,376517,383116,6599.48
2,4,gate_proj,GPU,376517,378713,2196.62
2,4,Linear,Logic,376517,378713,2196.62
2,4,activation,Logic,378713,378723,9.62291
2,4,up_proj,GPU,378723,380920,2196.62
2,4,Linear,Logic,378723,380920,2196.62
2,4,down_proj,GPU,380920,383116,2196.62
2,4,Linear,Logic,380920,383116,2196.62
2,4,sync_2,GPU,394929,394929,0
2,4,sync__set,GPU,394929,394929,0
2,4,sync__,GPU,394929,394929,0
2,4,moe_all_reduce_for_e_tp,GPU,394929,400166,5236.91
2,4,sync_3,GPU,400166,400166,0
2,4,sync__set,GPU,400166,400166,0
2,4,sync__,GPU,400166,400166,0
2,4,moe_gather,GPU,400166,400166,0
2,4,sync_for_moe_gather,GPU,400166,400166,0
2,4,sync__set,GPU,400166,400166,0
2,4,sync__,GPU,400166,400166,0
2,4,moe_all_reduce_for_gather,GPU,400166,405403,5236.91
2,4,sync_5,GPU,405403,405403,0
2,4,sync__set,GPU,405403,405403,0
2,4,sync__,GPU,405403,405403,0
2,4,sync_6,GPU,405403,405403,0
2,4,sync__set,GPU,405403,405403,0
2,4,sync__,GPU,405403,405403,0
2,4,residual_2,GPU,405403,405562,158.854
2,5,MoE_decoder_5,GPU,405562,486642,81080.1
2,5,input_layer_norm,GPU,405562,405721,158.854
2,5,attention,GPU,405721,422656,16935.9
2,5,attn_qkv_proj,GPU,405721,409582,3861.38
2,5,Linear,GPU,405721,409582,3861.38
2,5,self_attention,GPU,409582,414819,5237.31
2,5,AttentionSplit,GPU,409582,409582,0
2,5,AttentionSum,GPU,409582,409582,0
2,5,AttentionGen,Logic,409582,414819,5237.31
2,5,AttentionMerge,GPU,414819,414819,0
2,5,attn_o_proj,GPU,414819,417420,2600.32
2,5,Linear,GPU,414819,417420,2600.32
2,5,all_reduce,GPU,417420,422656,5236.91
2,5,residual_1,GPU,422656,422815,158.854
2,5,post_attn_layer_norm,GPU,422815,422974,158.854
2,5,expertFFN,GPU,422974,486483,63508.7
2,5,sync_0,GPU,422974,422974,0
2,5,sync__set,GPU,422974,422974,0
2,5,sync__,GPU,422974,422974,0
2,5,gate_fn,GPU,422974,423072,97.9093
2,5,Linear,GPU,422974,423072,97.9093
2,5,gate_update,GPU,423072,423072,0
2,5,moe_scatter,GPU,423072,423072,0
2,5,sync_for_moe_scatter,GPU,423072,423072,0
2,5,sync__set,GPU,423072,423072,0
2,5,sync__,GPU,423072,423072,0
2,5,moe_route,GPU,423072,423072,0
2,5,expert_FFN_0,GPU,423072,429672,6599.48
2,5,gate_proj,GPU,423072,425269,2196.62
2,5,Linear,Logic,423072,425269,2196.62
2,5,activation,Logic,425269,425278,9.62291
2,5,up_proj,GPU,425278,427475,2196.62
2,5,Linear,Logic,425278,427475,2196.62
2,5,down_proj,GPU,427475,429672,2196.62
2,5,Linear,Logic,427475,429672,2196.62
2,5,expert_FFN_1,GPU,429672,436271,6599.48
2,5,gate_proj,GPU,429672,431868,2196.62
2,5,Linear,Logic,429672,431868,2196.62
2,5,activation,Logic,431868,431878,9.62291
2,5,up_proj,GPU,431878,434074,2196.62
2,5,Linear,Logic,431878,434074,2196.62
2,5,down_proj,GPU,434074,436271,2196.62
2,5,Linear,Logic,434074,436271,2196.62
2,5,expert_FFN_2,GPU,436271,442881,6609.57
2,5,gate_proj,GPU,436271,438470,2198.91
2,5,Linear,Logic,436271,438470,2198.91
2,5,activation,Logic,438470,438483,12.8305
2,5,up_proj,GPU,438483,440682,2198.91
2,5,Linear,Logic,438483,440682,2198.91
2,5,down_proj,GPU,440682,442881,2198.91
2,5,Linear,Logic,440682,442881,2198.91
2,5,expert_FFN_3,GPU,442881,449490,6609.57
2,5,gate_proj,GPU,442881,445080,2198.91
2,5,Linear,Logic,442881,445080,2198.91
2,5,activation,Logic,445080,445092,12.8305
2,5,up_proj,GPU,445092,447291,2198.91
2,5,Linear,Logic,445092,447291,2198.91
2,5,down_proj,GPU,447291,449490,2198.91
2,5,Linear,Logic,447291,449490,2198.91
2,5,expert_FFN_4,GPU,449490,458541,9050.35
2,5,gate_proj,GPU,449490,452501,3010.9
2,5,Linear,Logic,449490,452501,3010.9
2,5,activation,Logic,452501,452519,17.642
2,5,up_proj,GPU,452519,455530,3010.9
2,5,Linear,Logic,452519,455530,3010.9
2,5,down_proj,GPU,455530,458541,3010.9
2,5,Linear,Logic,455530,458541,3010.9
2,5,expert_FFN_5,GPU,458541,465140,6599.48
2,5,gate_proj,GPU,458541,460737,2196.62
2,5,Linear,Logic,458541,460737,2196.62
2,5,activation,Logic,460737,460747,9.62291
2,5,up_proj,GPU,460747,462943,2196.62
2,5,Linear,Logic,460747,462943,2196.62
2,5,down_proj,GPU,462943,465140,2196.62
2,5,Linear,Logic,462943,465140,2196.62
2,5,expert_FFN_6,GPU,423072,449530,26458.4
2,5,gate_proj,GPU,423072,431872,8800.23
2,5,Linear,GPU,423072,431872,8800.23
2,5,activation,GPU,431872,431930,57.7375
2,5,up_proj,GPU,431930,440730,8800.23
2,5,Linear,GPU,431930,440730,8800.23
2,5,down_proj,GPU,440730,449530,8800.23
2,5,Linear,GPU,440730,449530,8800.23
2,5,expert_FFN_7,GPU,449530,476009,26478.6
2,5,gate_proj,GPU,449530,458335,8804.81
2,5,Linear,GPU,449530,458335,8804.81
2,5,activation,GPU,458335,458399,64.1527
2,5,up_proj,GPU,458399,467204,8804.81
2,5,Linear,GPU,458399,467204,8804.81
2,5,down_proj,GPU,467204,476009,8804.81
2,5,Linear,GPU,467204,476009,8804.81
2,5,sync_2,GPU,476009,476009,0
2,5,sync__set,GPU,476009,476009,0
2,5,sync__,GPU,476009,476009,0
2,5,moe_all_reduce_for_e_tp,GPU,476009,481246,5236.91
2,5,sync_3,GPU,481246,481246,0
2,5,sync__set,GPU,481246,481246,0
2,5,sync__,GPU,481246,481246,0
2,5,moe_gather,GPU,481246,481246,0
2,5,sync_for_moe_gather,GPU,481246,481246,0
2,5,sync__set,GPU,481246,481246,0
2,5,sync__,GPU,481246,481246,0
2,5,moe_all_reduce_for_gather,GPU,481246,486483,5236.91
2,5,sync_5,GPU,486483,486483,0
2,5,sync__set,GPU,486483,486483,0
2,5,sync__,GPU,486483,486483,0
2,5,sync_6,GPU,486483,486483,0
2,5,sync__set,GPU,486483,486483,0
2,5,sync__,GPU,486483,486483,0
2,5,residual_2,GPU,486483,486642,158.854
2,6,MoE_decoder_6,GPU,486642,567762,81120.4
2,6,input_layer_norm,GPU,486642,486801,158.854
2,6,attention,GPU,486801,503737,16935.9
2,6,attn_qkv_proj,GPU,486801,490662,3861.38
2,6,Linear,GPU,486801,490662,3861.38
2,6,self_attention,GPU,490662,495899,5237.31
2,6,AttentionSplit,GPU,490662,490662,0
2,6,AttentionSum,GPU,490662,490662,0
2,6,AttentionGen,Logic,490662,495899,5237.31
2,6,AttentionMerge,GPU,495899,495899,0
2,6,attn_o_proj,GPU,495899,498500,2600.32
2,6,Linear,GPU,495899,498500,2600.32
2,6,all_reduce,GPU,498500,503737,5236.91
2,6,residual_1,GPU,503737,503895,158.854
2,6,post_attn_layer_norm,GPU,503895,504054,158.854
2,6,expertFFN,GPU,504054,567603,63549.1
2,6,sync_0,GPU,504054,504054,0
2,6,sync__set,GPU,504054,504054,0
2,6,sync__,GPU,504054,504054,0
2,6,gate_fn,GPU,504054,504152,97.9093
2,6,Linear,GPU,504054,504152,97.9093
2,6,gate_update,GPU,504152,504152,0
2,6,moe_scatter,GPU,504152,504152,0
2,6,sync_for_moe_scatter,GPU,504152,504152,0
2,6,sync__set,GPU,504152,504152,0
2,6,sync__,GPU,504152,504152,0
2,6,moe_route,GPU,504152,504152,0
2,6,expert_FFN_0,GPU,504152,530651,26498.7
2,6,gate_proj,GPU,504152,512962,8809.39
2,6,Linear,GPU,504152,512962,8809.39
2,6,activation,GPU,512962,513032,70.568
2,6,up_proj,GPU,513032,521842,8809.39
2,6,Linear,GPU,513032,521842,8809.39
2,6,down_proj,GPU,521842,530651,8809.39
2,6,Linear,GPU,521842,530651,8809.39
2,6,expert_FFN_1,GPU,530651,557129,26478.6
2,6,gate_proj,GPU,530651,539456,8804.81
2,6,Linear,GPU,530651,539456,8804.81
2,6,activation,GPU,539456,539520,64.1527
2,6,up_proj,GPU,539520,548325,8804.81
2,6,Linear,GPU,539520,548325,8804.81
2,6,down_proj,GPU,548325,557129,8804.81
2,6,Linear,GPU,548325,557129,8804.81
2,6,expert_FFN_2,GPU,504152,513202,9050.35
2,6,gate_proj,GPU,504152,507163,3010.9
2,6,Linear,Logic,504152,507163,3010.9
2,6,activation,Logic,507163,507181,17.642
2,6,up_proj,GPU,507181,510192,3010.9
2,6,Linear,Logic,507181,510192,3010.9
2,6,down_proj,GPU,510192,513202,3010.9
2,6,Linear,Logic,510192,513202,3010.9
2,6,expert_FFN_3,GPU,513202,519807,6604.53
2,6,gate_proj,GPU,513202,515400,2197.77
2,6,Linear,Logic,513202,515400,2197.77
2,6,activation,Logic,515400,515411,11.2267
2,6,up_proj,GPU,515411,517609,2197.77
2,6,Linear,Logic,515411,517609,2197.77
2,6,down_proj,GPU,517609,519807,2197.77
2,6,Linear,Logic,517609,519807,2197.77
2,6,expert_FFN_4,GPU,519807,526417,6609.57
2,6,gate_proj,GPU,519807,522006,2198.91
2,6,Linear,Logic,519807,522006,2198.91
2,6,activation,Logic,522006,522019,12.8305
2,6,up_proj,GPU,522019,524218,2198.91
2,6,Linear,Logic,522019,524218,2198.91
2,6,down_proj,GPU,524218,526417,2198.91
2,6,Linear,Logic,524218,526417,2198.91
2,6,expert_FFN_5,GPU,526417,533016,6599.48
2,6,gate_proj,GPU,526417,528613,2196.62
2,6,Linear,Logic,526417,528613,2196.62
2,6,activation,Logic,528613,528623,9.62291
2,6,up_proj,GPU,528623,530819,2196.62
2,6,Linear,Logic,528623,530819,2196.62
2,6,down_proj,GPU,530819,533016,2196.62
2,6,Linear,Logic,530819,533016,2196.62
2,6,expert_FFN_6,GPU,533016,539621,6604.53
2,6,gate_proj,GPU,533016,535214,2197.77
2,6,Linear,Logic,533016,535214,2197.77
2,6,activation,Logic,535214,535225,11.2267
2,6,up_proj,GPU,535225,537423,2197.77
2,6,Linear,Logic,535225,537423,2197.77
2,6,down_proj,GPU,537423,539621,2197.77
2,6,Linear,Logic,537423,539621,2197.77
2,6,expert_FFN_7,GPU,539621,546210,6589.4
2,6,gate_proj,GPU,539621,541815,2194.33
2,6,Linear,Logic,539621,541815,2194.33
2,6,activation,Logic,541815,541821,6.41527
2,6,up_proj,GPU,541821,544016,2194.33
2,6,Linear,Logic,541821,544016,2194.33
2,6,down_proj,GPU,544016,546210,2194.33
2,6,Linear,Logic,544016,546210,2194.33
2,6,sync_2,GPU,557129,557129,0
2,6,sync__set,GPU,557129,557129,0
2,6,sync__,GPU,557129,557129,0
2,6,moe_all_reduce_for_e_tp,GPU,557129,562366,5236.91
2,6,sync_3,GPU,562366,562366,0
2,6,sync__set,GPU,562366,562366,0
2,6,sync__,GPU,562366,562366,0
2,6,moe_gather,GPU,562366,562366,0
2,6,sync_for_moe_gather,GPU,562366,562366,0
2,6,sync__set,GPU,562366,562366,0
2,6,sync__,GPU,562366,562366,0
2,6,moe_all_reduce_for_gather,GPU,562366,567603,5236.91
2,6,sync_5,GPU,567603,567603,0
2,6,sync__set,GPU,567603,567603,0
2,6,sync__,GPU,567603,567603,0
2,6,sync_6,GPU,567603,567603,0
2,6,sync__set,GPU,567603,567603,0
2,6,sync__,GPU,567603,567603,0
2,6,residual_2,GPU,567603,567762,158.854
2,7,MoE_decoder_7,GPU,567762,648822,81059.9
2,7,input_layer_norm,GPU,567762,567921,158.854
2,7,attention,GPU,567921,584857,16935.9
2,7,attn_qkv_proj,GPU,567921,571782,3861.38
2,7,Linear,GPU,567921,571782,3861.38
2,7,self_attention,GPU,571782,577020,5237.31
2,7,AttentionSplit,GPU,571782,571782,0
2,7,AttentionSum,GPU,571782,571782,0
2,7,AttentionGen,Logic,571782,577020,5237.31
2,7,AttentionMerge,GPU,577020,577020,0
2,7,attn_o_proj,GPU,577020,579620,2600.32
2,7,Linear,GPU,577020,579620,2600.32
2,7,all_reduce,GPU,579620,584857,5236.91
2,7,residual_1,GPU,584857,585016,158.854
2,7,post_attn_layer_norm,GPU,585016,585175,158.854
2,7,expertFFN,GPU,585175,648663,63488.6
2,7,sync_0,GPU,585175,585175,0
2,7,sync__set,GPU,585175,585175,0
2,7,sync__,GPU,585175,585175,0
2,7,gate_fn,GPU,585175,585273,97.9093
2,7,Linear,GPU,585175,585273,97.9093
2,7,gate_update,GPU,585273,585273,0
2,7,moe_scatter,GPU,585273,585273,0
2,7,sync_for_moe_scatter,GPU,585273,585273,0
2,7,sync__set,GPU,585273,585273,0
2,7,sync__,GPU,585273,585273,0
2,7,moe_route,GPU,585273,585273,0
2,7,expert_FFN_0,GPU,585273,611812,26539.1
2,7,gate_proj,GPU,585273,594091,8818.56
2,7,Linear,GPU,585273,594091,8818.56
2,7,activation,GPU,594091,594175,83.3986
2,7,up_proj,GPU,594175,602993,8818.56
2,7,Linear,GPU,594175,602993,8818.56
2,7,down_proj,GPU,602993,611812,8818.56
2,7,Linear,GPU,602993,611812,8818.56
2,7,expert_FFN_1,GPU,611812,638189,26377.8
2,7,gate_proj,GPU,611812,620594,8781.9
2,7,Linear,GPU,611812,620594,8781.9
2,7,activation,GPU,620594,620626,32.0764
2,7,up_proj,GPU,620626,629407,8781.9
2,7,Linear,GPU,620626,629407,8781.9
2,7,down_proj,GPU,629407,638189,8781.9
2,7,Linear,GPU,629407,638189,8781.9
2,7,expert_FFN_2,GPU,585273,591872,6599.48
2,7,gate_proj,GPU,585273,587469,2196.62
2,7,Linear,Logic,585273,587469,2196.62
2,7,activation,Logic,587469,587479,9.62291
2,7,up_proj,GPU,587479,589675,2196.62
2,7,Linear,Logic,587479,589675,2196.62
2,7,down_proj,GPU,589675,591872,2196.62
2,7,Linear,Logic,589675,591872,2196.62
2,7,expert_FFN_3,GPU,591872,601745,9873.11
2,7,gate_proj,GPU,591872,595157,3284.62
2,7,Linear,Logic,591872,595157,3284.62
2,7,activation,Logic,595157,595176,19.2458
2,7,up_proj,GPU,595176,598461,3284.62
2,7,Linear,Logic,595176,598461,3284.62
2,7,down_proj,GPU,598461,601745,3284.62
2,7,Linear,Logic,598461,601745,3284.62
2,7,expert_FFN_4,GPU,601745,608335,6589.4
2,7,gate_proj,GPU,601745,603939,2194.33
2,7,Linear,Logic,601745,603939,2194.33
2,7,activation,Logic,603939,603946,6.41527
2,7,up_proj,GPU,603946,606140,2194.33
2,7,Linear,Logic,603946,606140,2194.33
2,7,down_proj,GPU,606140,608335,2194.33
2,7,Linear,Logic,606140,608335,2194.33
2,7,expert_FFN_5,GPU,608335,614944,6609.57
2,7,gate_proj,GPU,608335,610533,2198.91
2,7,Linear,Logic,608335,610533,2198.91
2,7,activation,Logic,610533,610546,12.8305
2,7,up_proj,GPU,610546,612745,2198.91
2,7,Linear,Logic,610546,612745,2198.91
2,7,down_proj,GPU,612745,614944,2198.91
2,7,Linear,Logic,612745,614944,2198.91
2,7,expert_FFN_6,GPU,614944,621544,6599.48
2,7,gate_proj,GPU,614944,617141,2196.62
2,7,Linear,Logic,614944,617141,2196.62
2,7,activation,Logic,617141,617150,9.62291
2,7,up_proj,GPU,617150,619347,2196.62
2,7,Linear,Logic,617150,619347,2196.62
2,7,down_proj,GPU,619347,621544,2196.62
2,7,Linear,Logic,619347,621544,2196.62
2,7,expert_FFN_7,GPU,621544,629771,8227.59
2,7,gate_proj,GPU,621544,624281,2737.18
2,7,Linear,Logic,621544,624281,2737.18
2,7,activation,Logic,624281,624297,16.0382
2,7,up_proj,GPU,624297,627034,2737.18
2,7,Linear,Logic,624297,627034,2737.18
2,7,down_proj,GPU,627034,629771,2737.18
2,7,Linear,Logic,627034,629771,2737.18
2,7,sync_2,GPU,638189,638189,0
2,7,sync__set,GPU,638189,638189,0
2,7,sync__,GPU,638189,638189,0
2,7,moe_all_reduce_for_e_tp,GPU,638189,643426,5236.91
2,7,sync_3,GPU,643426,643426,0
2,7,sync__set,GPU,643426,643426,0
2,7,sync__,GPU,643426,643426,0
2,7,moe_gather,GPU,643426,643426,0
2,7,sync_for_moe_gather,GPU,643426,643426,0
2,7,sync__set,GPU,643426,643426,0
2,7,sync__,GPU,643426,643426,0
2,7,moe_all_reduce_for_gather,GPU,643426,648663,5236.91
2,7,sync_5,GPU,648663,648663,0
2,7,sync__set,GPU,648663,648663,0
2,7,sync__,GPU,648663,648663,0
2,7,sync_6,GPU,648663,648663,0
2,7,sync__set,GPU,648663,648663,0
2,7,sync__,GPU,648663,648663,0
2,7,residual_2,GPU,648663,648822,158.854
2,8,MoE_decoder_8,GPU,648822,732212,83390.3
2,8,input_layer_norm,GPU,648822,648981,158.854
2,8,attention,GPU,648981,665917,16935.9
2,8,attn_qkv_proj,GPU,648981,652842,3861.38
2,8,Linear,GPU,648981,652842,3861.38
2,8,self_attention,GPU,652842,658080,5237.31
2,8,AttentionSplit,GPU,652842,652842,0
2,8,AttentionSum,GPU,652842,652842,0
2,8,AttentionGen,Logic,652842,658080,5237.31
2,8,AttentionMerge,GPU,658080,658080,0
2,8,attn_o_proj,GPU,658080,660680,2600.32
2,8,Linear,GPU,658080,660680,2600.32
2,8,all_reduce,GPU,660680,665917,5236.91
2,8,residual_1,GPU,665917,666076,158.854
2,8,post_attn_layer_norm,GPU,666076,666235,158.854
2,8,expertFFN,GPU,666235,732053,65818.9
2,8,sync_0,GPU,666235,666235,0
2,8,sync__set,GPU,666235,666235,0
2,8,sync__,GPU,666235,666235,0
2,8,gate_fn,GPU,666235,666332,97.9093
2,8,Linear,GPU,666235,666332,97.9093
2,8,gate_update,GPU,666332,666332,0
2,8,moe_scatter,GPU,666332,666332,0
2,8,sync_for_moe_scatter,GPU,666332,666332,0
2,8,sync__set,GPU,666332,666332,0
2,8,sync__,GPU,666332,666332,0
2,8,moe_route,GPU,666332,666332,0
2,8,expert_FFN_0,GPU,666332,673737,7404.83
2,8,gate_proj,GPU,666332,668796,2463.47
2,8,Linear,Logic,666332,668796,2463.47
2,8,activation,Logic,668796,668810,14.4344
2,8,up_proj,GPU,668810,671274,2463.47
2,8,Linear,Logic,668810,671274,2463.47
2,8,down_proj,GPU,671274,673737,2463.47
2,8,Linear,Logic,671274,673737,2463.47
2,8,expert_FFN_1,GPU,673737,680342,6604.53
2,8,gate_proj,GPU,673737,675935,2197.77
2,8,Linear,Logic,673737,675935,2197.77
2,8,activation,Logic,675935,675946,11.2267
2,8,up_proj,GPU,675946,678144,2197.77
2,8,Linear,Logic,675946,678144,2197.77
2,8,down_proj,GPU,678144,680342,2197.77
2,8,Linear,Logic,678144,680342,2197.77
2,8,expert_FFN_2,GPU,680342,686951,6609.57
2,8,gate_proj,GPU,680342,682541,2198.91
2,8,Linear,Logic,680342,682541,2198.91
2,8,activation,Logic,682541,682554,12.8305
2,8,up_proj,GPU,682554,684752,2198.91
2,8,Linear,Logic,682554,684752,2198.91
2,8,down_proj,GPU,684752,686951,2198.91
2,8,Linear,Logic,684752,686951,2198.91
2,8,expert_FFN_3,GPU,686951,693561,6609.57
2,8,gate_proj,GPU,686951,689150,2198.91
2,8,Linear,Logic,686951,689150,2198.91
2,8,activation,Logic,689150,689163,12.8305
2,8,up_proj,GPU,689163,691362,2198.91
2,8,Linear,Logic,689163,691362,2198.91
2,8,down_proj,GPU,691362,693561,2198.91
2,8,Linear,Logic,691362,693561,2198.91
2,8,expert_FFN_4,GPU,693561,700160,6599.48
2,8,gate_proj,GPU,693561,695758,2196.62
2,8,Linear,Logic,693561,695758,2196.62
2,8,activation,Logic,695758,695767,9.62291
2,8,up_proj,GPU,695767,697964,2196.62
2,8,Linear,Logic,695767,697964,2196.62
2,8,down_proj,GPU,697964,700160,2196.62
2,8,Linear,Logic,697964,700160,2196.62
2,8,expert_FFN_5,GPU,700160,707565,7404.83
2,8,gate_proj,GPU,700160,702624,2463.47
2,8,Linear,Logic,700160,702624,2463.47
2,8,activation,Logic,702624,702638,14.4344
2,8,up_proj,GPU,702638,705102,2463.47
2,8,Linear,Logic,702638,705102,2463.47
2,8,down_proj,GPU,705102,707565,2463.47
2,8,Linear,Logic,705102,707565,2463.47
2,8,expert_FFN_6,GPU,707565,714175,6609.57
2,8,gate_proj,GPU,707565,709764,2198.91
2,8,Linear,Logic,707565,709764,2198.91
2,8,activation,Logic,709764,709777,12.8305
2,8,up_proj,GPU,709777,711976,2198.91
2,8,Linear,Logic,709777,711976,2198.91
2,8,down_proj,GPU,711976,714175,2198.91
2,8,Linear,Logic,711976,714175,2198.91
2,8,expert_FFN_7,GPU,714175,721580,7404.83
2,8,gate_proj,GPU,714175,716638,2463.47
2,8,Linear,Logic,714175,716638,2463.47
2,8,activation,Logic,716638,716653,14.4344
2,8,up_proj,GPU,716653,719116,2463.47
2,8,Linear,Logic,716653,719116,2463.47
2,8,down_proj,GPU,719116,721580,2463.47
2,8,Linear,Logic,719116,721580,2463.47
2,8,sync_2,GPU,721580,721580,0
2,8,sync__set,GPU,721580,721580,0
2,8,sync__,GPU,721580,721580,0
2,8,moe_all_reduce_for_e_tp,GPU,721580,726817,5236.91
2,8,sync_3,GPU,726817,726817,0
2,8,sync__set,GPU,726817,726817,0
2,8,sync__,GPU,726817,726817,0
2,8,moe_gather,GPU,726817,726817,0
2,8,sync_for_moe_gather,GPU,726817,726817,0
2,8,sync__set,GPU,726817,726817,0
2,8,sync__,GPU,726817,726817,0
2,8,moe_all_reduce_for_gather,GPU,726817,732053,5236.91
2,8,sync_5,GPU,732053,732053,0
2,8,sync__set,GPU,732053,732053,0
2,8,sync__,GPU,732053,732053,0
2,8,sync_6,GPU,732053,732053,0
2,8,sync__set,GPU,732053,732053,0
2,8,sync__,GPU,732053,732053,0
2,8,residual_2,GPU,732053,732212,158.854
2,9,MoE_decoder_9,GPU,732212,813313,81100.2
2,9,input_layer_norm,GPU,732212,732371,158.854
2,9,attention,GPU,732371,749307,16935.9
2,9,attn_qkv_proj,GPU,732371,736233,3861.38
2,9,Linear,GPU,732371,736233,3861.38
2,9,self_attention,GPU,736233,741470,5237.31
2,9,AttentionSplit,GPU,736233,736233,0
2,9,AttentionSum,GPU,736233,736233,0
2,9,AttentionGen,Logic,736233,741470,5237.31
2,9,AttentionMerge,GPU,741470,741470,0
2,9,attn_o_proj,GPU,741470,744070,2600.32
2,9,Linear,GPU,741470,744070,2600.32
2,9,all_reduce,GPU,744070,749307,5236.91
2,9,residual_1,GPU,749307,749466,158.854
2,9,post_attn_layer_norm,GPU,749466,749625,158.854
2,9,expertFFN,GPU,749625,813154,63528.9
2,9,sync_0,GPU,749625,749625,0
2,9,sync__set,GPU,749625,749625,0
2,9,sync__,GPU,749625,749625,0
2,9,gate_fn,GPU,749625,749723,97.9093
2,9,Linear,GPU,749625,749723,97.9093
2,9,gate_update,GPU,749723,749723,0
2,9,moe_scatter,GPU,749723,749723,0
2,9,sync_for_moe_scatter,GPU,749723,749723,0
2,9,sync__set,GPU,749723,749723,0
2,9,sync__,GPU,749723,749723,0
2,9,moe_route,GPU,749723,749723,0
2,9,expert_FFN_0,GPU,749723,756317,6594.44
2,9,gate_proj,GPU,749723,751918,2195.47
2,9,Linear,Logic,749723,751918,2195.47
2,9,activation,Logic,751918,751926,8.01909
2,9,up_proj,GPU,751926,754122,2195.47
2,9,Linear,Logic,751926,754122,2195.47
2,9,down_proj,GPU,754122,756317,2195.47
2,9,Linear,Logic,754122,756317,2195.47
2,9,expert_FFN_1,GPU,756317,763722,7404.83
2,9,gate_proj,GPU,756317,758781,2463.47
2,9,Linear,Logic,756317,758781,2463.47
2,9,activation,Logic,758781,758795,14.4344
2,9,up_proj,GPU,758795,761259,2463.47
2,9,Linear,Logic,758795,761259,2463.47
2,9,down_proj,GPU,761259,763722,2463.47
2,9,Linear,Logic,761259,763722,2463.47
2,9,expert_FFN_2,GPU,763722,770311,6589.4
2,9,gate_proj,GPU,763722,765916,2194.33
2,9,Linear,Logic,763722,765916,2194.33
2,9,activation,Logic,765916,765923,6.41527
2,9,up_proj,GPU,765923,768117,2194.33
2,9,Linear,Logic,765923,768117,2194.33
2,9,down_proj,GPU,768117,770311,2194.33
2,9,Linear,Logic,768117,770311,2194.33
2,9,expert_FFN_3,GPU,770311,777716,7404.83
2,9,gate_proj,GPU,770311,772775,2463.47
2,9,Linear,Logic,770311,772775,2463.47
2,9,activation,Logic,772775,772789,14.4344
2,9,up_proj,GPU,772789,775253,2463.47
2,9,Linear,Logic,772789,775253,2463.47
2,9,down_proj,GPU,775253,777716,2463.47
2,9,Linear,Logic,775253,777716,2463.47
2,9,expert_FFN_4,GPU,777716,785121,7404.83
2,9,gate_proj,GPU,777716,780180,2463.47
2,9,Linear,Logic,777716,780180,2463.47
2,9,activation,Logic,780180,780194,14.4344
2,9,up_proj,GPU,780194,782658,2463.47
2,9,Linear,Logic,780194,782658,2463.47
2,9,down_proj,GPU,782658,785121,2463.47
2,9,Linear,Logic,782658,785121,2463.47
2,9,expert_FFN_5,GPU,785121,791731,6609.57
2,9,gate_proj,GPU,785121,787320,2198.91
2,9,Linear,Logic,785121,787320,2198.91
2,9,activation,Logic,787320,787333,12.8305
2,9,up_proj,GPU,787333,789532,2198.91
2,9,Linear,Logic,787333,789532,2198.91
2,9,down_proj,GPU,789532,791731,2198.91
2,9,Linear,Logic,789532,791731,2198.91
2,9,expert_FFN_6,GPU,749723,776282,26559.2
2,9,gate_proj,GPU,749723,758546,8823.14
2,9,Linear,GPU,749723,758546,8823.14
2,9,activation,GPU,758546,758636,89.8138
2,9,up_proj,GPU,758636,767459,8823.14
2,9,Linear,GPU,758636,767459,8823.14
2,9,down_proj,GPU,767459,776282,8823.14
2,9,Linear,GPU,767459,776282,8823.14
2,9,expert_FFN_7,GPU,776282,802680,26397.9
2,9,gate_proj,GPU,776282,785068,8786.48
2,9,Linear,GPU,776282,785068,8786.48
2,9,activation,GPU,785068,785107,38.4916
2,9,up_proj,GPU,785107,793893,8786.48
2,9,Linear,GPU,785107,793893,8786.48
2,9,down_proj,GPU,793893,802680,8786.48
2,9,Linear,GPU,793893,802680,8786.48
2,9,sync_2,GPU,802680,802680,0
2,9,sync__set,GPU,802680,802680,0
2,9,sync__,GPU,802680,802680,0
2,9,moe_all_reduce_for_e_tp,GPU,802680,807917,5236.91
2,9,sync_3,GPU,807917,807917,0
2,9,sync__set,GPU,807917,807917,0
2,9,sync__,GPU,807917,807917,0
2,9,moe_gather,GPU,807917,807917,0
2,9,sync_for_moe_gather,GPU,807917,807917,0
2,9,sync__set,GPU,807917,807917,0
2,9,sync__,GPU,807917,807917,0
2,9,moe_all_reduce_for_gather,GPU,807917,813154,5236.91
2,9,sync_5,GPU,813154,813154,0
2,9,sync__set,GPU,813154,813154,0
2,9,sync__,GPU,813154,813154,0
2,9,sync_6,GPU,813154,813154,0
2,9,sync__set,GPU,813154,813154,0
2,9,sync__,GPU,813154,813154,0
2,9,residual_2,GPU,813154,813313,158.854
2,10,MoE_decoder_10,GPU,813313,894433,81120.4
2,10,input_layer_norm,GPU,813313,813471,158.854
2,10,attention,GPU,813471,830407,16935.9
2,10,attn_qkv_proj,GPU,813471,817333,3861.38
2,10,Linear,GPU,813471,817333,3861.38
2,10,self_attention,GPU,817333,822570,5237.31
2,10,AttentionSplit,GPU,817333,817333,0
2,10,AttentionSum,GPU,817333,817333,0
2,10,AttentionGen,Logic,817333,822570,5237.31
2,10,AttentionMerge,GPU,822570,822570,0
2,10,attn_o_proj,GPU,822570,825170,2600.32
2,10,Linear,GPU,822570,825170,2600.32
2,10,all_reduce,GPU,825170,830407,5236.91
2,10,residual_1,GPU,830407,830566,158.854
2,10,post_attn_layer_norm,GPU,830566,830725,158.854
2,10,expertFFN,GPU,830725,894274,63549.1
2,10,sync_0,GPU,830725,830725,0
2,10,sync__set,GPU,830725,830725,0
2,10,sync__,GPU,830725,830725,0
2,10,gate_fn,GPU,830725,830823,97.9093
2,10,Linear,GPU,830725,830823,97.9093
2,10,gate_update,GPU,830823,830823,0
2,10,moe_scatter,GPU,830823,830823,0
2,10,sync_for_moe_scatter,GPU,830823,830823,0
2,10,sync__set,GPU,830823,830823,0
2,10,sync__,GPU,830823,830823,0
2,10,moe_route,GPU,830823,830823,0
2,10,expert_FFN_0,GPU,830823,837417,6594.44
2,10,gate_proj,GPU,830823,833018,2195.47
2,10,Linear,Logic,830823,833018,2195.47
2,10,activation,Logic,833018,833026,8.01909
2,10,up_proj,GPU,833026,835222,2195.47
2,10,Linear,Logic,833026,835222,2195.47
2,10,down_proj,GPU,835222,837417,2195.47
2,10,Linear,Logic,835222,837417,2195.47
2,10,expert_FFN_1,GPU,837417,844822,7404.83
2,10,gate_proj,GPU,837417,839881,2463.47
2,10,Linear,Logic,837417,839881,2463.47
2,10,activation,Logic,839881,839895,14.4344
2,10,up_proj,GPU,839895,842359,2463.47
2,10,Linear,Logic,839895,842359,2463.47
2,10,down_proj,GPU,842359,844822,2463.47
2,10,Linear,Logic,842359,844822,2463.47
2,10,expert_FFN_2,GPU,844822,851427,6604.53
2,10,gate_proj,GPU,844822,847020,2197.77
2,10,Linear,Logic,844822,847020,2197.77
2,10,activation,Logic,847020,847031,11.2267
2,10,up_proj,GPU,847031,849229,2197.77
2,10,Linear,Logic,847031,849229,2197.77
2,10,down_proj,GPU,849229,851427,2197.77
2,10,Linear,Logic,849229,851427,2197.77
2,10,expert_FFN_3,GPU,851427,858832,7404.83
2,10,gate_proj,GPU,851427,853890,2463.47
2,10,Linear,Logic,851427,853890,2463.47
2,10,activation,Logic,853890,853905,14.4344
2,10,up_proj,GPU,853905,856368,2463.47
2,10,Linear,Logic,853905,856368,2463.47
2,10,down_proj,GPU,856368,858832,2463.47
2,10,Linear,Logic,856368,858832,2463.47
2,10,expert_FFN_4,GPU,830823,857342,26518.9
2,10,gate_proj,GPU,830823,839637,8813.98
2,10,Linear,GPU,830823,839637,8813.98
2,10,activation,GPU,839637,839714,76.9833
2,10,up_proj,GPU,839714,848528,8813.98
2,10,Linear,GPU,839714,848528,8813.98
2,10,down_proj,GPU,848528,857342,8813.98
2,10,Linear,GPU,848528,857342,8813.98
2,10,expert_FFN_5,GPU,857342,883800,26458.4
2,10,gate_proj,GPU,857342,866142,8800.23
2,10,Linear,GPU,857342,866142,8800.23
2,10,activation,GPU,866142,866200,57.7375
2,10,up_proj,GPU,866200,875000,8800.23
2,10,Linear,GPU,866200,875000,8800.23
2,10,down_proj,GPU,875000,883800,8800.23
2,10,Linear,GPU,875000,883800,8800.23
2,10,expert_FFN_6,GPU,858832,866236,7404.83
2,10,gate_proj,GPU,858832,861295,2463.47
2,10,Linear,Logic,858832,861295,2463.47
2,10,activation,Logic,861295,861309,14.4344
2,10,up_proj,GPU,861309,863773,2463.47
2,10,Linear,Logic,861309,863773,2463.47
2,10,down_proj,GPU,863773,866236,2463.47
2,10,Linear,Logic,863773,866236,2463.47
2,10,expert_FFN_7,GPU,866236,872826,6589.4
2,10,gate_proj,GPU,866236,868431,2194.33
2,10,Linear,Logic,866236,868431,2194.33
2,10,activation,Logic,868431,868437,6.41527
2,10,up_proj,GPU,868437,870631,2194.33
2,10,Linear,Logic,868437,870631,2194.33
2,10,down_proj,GPU,870631,872826,2194.33
2,10,Linear,Logic,870631,872826,2194.33
2,10,sync_2,GPU,883800,883800,0
2,10,sync__set,GPU,883800,883800,0
2,10,sync__,GPU,883800,883800,0
2,10,moe_all_reduce_for_e_tp,GPU,883800,889037,5236.91
2,10,sync_3,GPU,889037,889037,0
2,10,sync__set,GPU,889037,889037,0
2,10,sync__,GPU,889037,889037,0
2,10,moe_gather,GPU,889037,889037,0
2,10,sync_for_moe_gather,GPU,889037,889037,0
2,10,sync__set,GPU,889037,889037,0
2,10,sync__,GPU,889037,889037,0
2,10,moe_all_reduce_for_gather,GPU,889037,894274,5236.91
2,10,sync_5,GPU,894274,894274,0
2,10,sync__set,GPU,894274,894274,0
2,10,sync__,GPU,894274,894274,0
2,10,sync_6,GPU,894274,894274,0
2,10,sync__set,GPU,894274,894274,0
2,10,sync__,GPU,894274,894274,0
2,10,residual_2,GPU,894274,894433,158.854
2,11,MoE_decoder_11,GPU,894433,975513,81080.1
2,11,input_layer_norm,GPU,894433,894592,158.854
2,11,attention,GPU,894592,911528,16935.9
2,11,attn_qkv_proj,GPU,894592,898453,3861.38
2,11,Linear,GPU,894592,898453,3861.38
2,11,self_attention,GPU,898453,903691,5237.31
2,11,AttentionSplit,GPU,898453,898453,0
2,11,AttentionSum,GPU,898453,898453,0
2,11,AttentionGen,Logic,898453,903691,5237.31
2,11,AttentionMerge,GPU,903691,903691,0
2,11,attn_o_proj,GPU,903691,906291,2600.32
2,11,Linear,GPU,903691,906291,2600.32
2,11,all_reduce,GPU,906291,911528,5236.91
2,11,residual_1,GPU,911528,911687,158.854
2,11,post_attn_layer_norm,GPU,911687,911845,158.854
2,11,expertFFN,GPU,911845,975354,63508.7
2,11,sync_0,GPU,911845,911845,0
2,11,sync__set,GPU,911845,911845,0
2,11,sync__,GPU,911845,911845,0
2,11,gate_fn,GPU,911845,911943,97.9093
2,11,Linear,GPU,911845,911943,97.9093
2,11,gate_update,GPU,911943,911943,0
2,11,moe_scatter,GPU,911943,911943,0
2,11,sync_for_moe_scatter,GPU,911943,911943,0
2,11,sync__set,GPU,911943,911943,0
2,11,sync__,GPU,911943,911943,0
2,11,moe_route,GPU,911943,911943,0
2,11,expert_FFN_0,GPU,911943,919348,7404.83
2,11,gate_proj,GPU,911943,914407,2463.47
2,11,Linear,Logic,911943,914407,2463.47
2,11,activation,Logic,914407,914421,14.4344
2,11,up_proj,GPU,914421,916885,2463.47
2,11,Linear,Logic,914421,916885,2463.47
2,11,down_proj,GPU,916885,919348,2463.47
2,11,Linear,Logic,916885,919348,2463.47
2,11,expert_FFN_1,GPU,919348,925948,6599.48
2,11,gate_proj,GPU,919348,921545,2196.62
2,11,Linear,Logic,919348,921545,2196.62
2,11,activation,Logic,921545,921554,9.62291
2,11,up_proj,GPU,921554,923751,2196.62
2,11,Linear,Logic,921554,923751,2196.62
2,11,down_proj,GPU,923751,925948,2196.62
2,11,Linear,Logic,923751,925948,2196.62
2,11,expert_FFN_2,GPU,925948,932552,6604.53
2,11,gate_proj,GPU,925948,928145,2197.77
2,11,Linear,Logic,925948,928145,2197.77
2,11,activation,Logic,928145,928157,11.2267
2,11,up_proj,GPU,928157,930354,2197.77
2,11,Linear,Logic,928157,930354,2197.77
2,11,down_proj,GPU,930354,932552,2197.77
2,11,Linear,Logic,930354,932552,2197.77
2,11,expert_FFN_3,GPU,932552,939147,6594.44
2,11,gate_proj,GPU,932552,934748,2195.47
2,11,Linear,Logic,932552,934748,2195.47
2,11,activation,Logic,934748,934756,8.01909
2,11,up_proj,GPU,934756,936951,2195.47
2,11,Linear,Logic,934756,936951,2195.47
2,11,down_proj,GPU,936951,939147,2195.47
2,11,Linear,Logic,936951,939147,2195.47
2,11,expert_FFN_4,GPU,939147,947374,8227.59
2,11,gate_proj,GPU,939147,941884,2737.18
2,11,Linear,Logic,939147,941884,2737.18
2,11,activation,Logic,941884,941900,16.0382
2,11,up_proj,GPU,941900,944637,2737.18
2,11,Linear,Logic,941900,944637,2737.18
2,11,down_proj,GPU,944637,947374,2737.18
2,11,Linear,Logic,944637,947374,2737.18
2,11,expert_FFN_5,GPU,947374,953984,6609.57
2,11,gate_proj,GPU,947374,949573,2198.91
2,11,Linear,Logic,947374,949573,2198.91
2,11,activation,Logic,949573,949586,12.8305
2,11,up_proj,GPU,949586,951785,2198.91
2,11,Linear,Logic,949586,951785,2198.91
2,11,down_proj,GPU,951785,953984,2198.91
2,11,Linear,Logic,951785,953984,2198.91
2,11,expert_FFN_6,GPU,911943,938382,26438.3
2,11,gate_proj,GPU,911943,920739,8795.65
2,11,Linear,GPU,911943,920739,8795.65
2,11,activation,GPU,920739,920790,51.3222
2,11,up_proj,GPU,920790,929586,8795.65
2,11,Linear,GPU,920790,929586,8795.65
2,11,down_proj,GPU,929586,938382,8795.65
2,11,Linear,GPU,929586,938382,8795.65
2,11,expert_FFN_7,GPU,938382,964880,26498.7
2,11,gate_proj,GPU,938382,947191,8809.39
2,11,Linear,GPU,938382,947191,8809.39
2,11,activation,GPU,947191,947262,70.568
2,11,up_proj,GPU,947262,956071,8809.39
2,11,Linear,GPU,947262,956071,8809.39
2,11,down_proj,GPU,956071,964880,8809.39
2,11,Linear,GPU,956071,964880,8809.39
2,11,sync_2,GPU,964880,964880,0
2,11,sync__set,GPU,964880,964880,0
2,11,sync__,GPU,964880,964880,0
2,11,moe_all_reduce_for_e_tp,GPU,964880,970117,5236.91
2,11,sync_3,GPU,970117,970117,0
2,11,sync__set,GPU,970117,970117,0
2,11,sync__,GPU,970117,970117,0
2,11,moe_gather,GPU,970117,970117,0
2,11,sync_for_moe_gather,GPU,970117,970117,0
2,11,sync__set,GPU,970117,970117,0
2,11,sync__,GPU,970117,970117,0
2,11,moe_all_reduce_for_gather,GPU,970117,975354,5236.91
2,11,sync_5,GPU,975354,975354,0
2,11,sync__set,GPU,975354,975354,0
2,11,sync__,GPU,975354,975354,0
2,11,sync_6,GPU,975354,975354,0
2,11,sync__set,GPU,975354,975354,0
2,11,sync__,GPU,975354,975354,0
2,11,residual_2,GPU,975354,975513,158.854
2,12,MoE_decoder_12,GPU,975513,1.05667e+06,81160.7
2,12,input_layer_norm,GPU,975513,975672,158.854
2,12,attention,GPU,975672,992608,16935.9
2,12,attn_qkv_proj,GPU,975672,979533,3861.38
2,12,Linear,GPU,975672,979533,3861.38
2,12,self_attention,GPU,979533,984771,5237.31
2,12,AttentionSplit,GPU,979533,979533,0
2,12,AttentionSum,GPU,979533,979533,0
2,12,AttentionGen,Logic,979533,984771,5237.31
2,12,AttentionMerge,GPU,984771,984771,0
2,12,attn_o_proj,GPU,984771,987371,2600.32
2,12,Linear,GPU,984771,987371,2600.32
2,12,all_reduce,GPU,987371,992608,5236.91
2,12,residual_1,GPU,992608,992767,158.854
2,12,post_attn_layer_norm,GPU,992767,992926,158.854
2,12,expertFFN,GPU,992926,1.05651e+06,63589.4
2,12,sync_0,GPU,992926,992926,0
2,12,sync__set,GPU,992926,992926,0
2,12,sync__,GPU,992926,992926,0
2,12,gate_fn,GPU,992926,993023,97.9093
2,12,Linear,GPU,992926,993023,97.9093
2,12,gate_update,GPU,993023,993023,0
2,12,moe_scatter,GPU,993023,993023,0
2,12,sync_for_moe_scatter,GPU,993023,993023,0
2,12,sync__set,GPU,993023,993023,0
2,12,sync__,GPU,993023,993023,0
2,12,moe_route,GPU,993023,993023,0
2,12,expert_FFN_0,GPU,993023,1.00043e+06,7404.83
2,12,gate_proj,GPU,993023,995487,2463.47
2,12,Linear,Logic,993023,995487,2463.47
2,12,activation,Logic,995487,995501,14.4344
2,12,up_proj,GPU,995501,997965,2463.47
2,12,Linear,Logic,995501,997965,2463.47
2,12,down_proj,GPU,997965,1.00043e+06,2463.47
2,12,Linear,Logic,997965,1.00043e+06,2463.47
2,12,expert_FFN_1,GPU,1.00043e+06,1.00703e+06,6599.48
2,12,gate_proj,GPU,1.00043e+06,1.00262e+06,2196.62
2,12,Linear,Logic,1.00043e+06,1.00262e+06,2196.62
2,12,activation,Logic,1.00262e+06,1.00263e+06,9.62291
2,12,up_proj,GPU,1.00263e+06,1.00483e+06,2196.62
2,12,Linear,Logic,1.00263e+06,1.00483e+06,2196.62
2,12,down_proj,GPU,1.00483e+06,1.00703e+06,2196.62
2,12,Linear,Logic,1.00483e+06,1.00703e+06,2196.62
2,12,expert_FFN_2,GPU,1.00703e+06,1.01526e+06,8227.59
2,12,gate_proj,GPU,1.00703e+06,1.00976e+06,2737.18
2,12,Linear,Logic,1.00703e+06,1.00976e+06,2737.18
2,12,activation,Logic,1.00976e+06,1.00978e+06,16.0382
2,12,up_proj,GPU,1.00978e+06,1.01252e+06,2737.18
2,12,Linear,Logic,1.00978e+06,1.01252e+06,2737.18
2,12,down_proj,GPU,1.01252e+06,1.01526e+06,2737.18
2,12,Linear,Logic,1.01252e+06,1.01526e+06,2737.18
2,12,expert_FFN_3,GPU,1.01526e+06,1.02185e+06,6599.48
2,12,gate_proj,GPU,1.01526e+06,1.01745e+06,2196.62
2,12,Linear,Logic,1.01526e+06,1.01745e+06,2196.62
2,12,activation,Logic,1.01745e+06,1.01746e+06,9.62291
2,12,up_proj,GPU,1.01746e+06,1.01966e+06,2196.62
2,12,Linear,Logic,1.01746e+06,1.01966e+06,2196.62
2,12,down_proj,GPU,1.01966e+06,1.02185e+06,2196.62
2,12,Linear,Logic,1.01966e+06,1.02185e+06,2196.62
2,12,expert_FFN_4,GPU,993023,1.01958e+06,26559.2
2,12,gate_proj,GPU,993023,1.00185e+06,8823.14
2,12,Linear,GPU,993023,1.00185e+06,8823.14
2,12,activation,GPU,1.00185e+06,1.00194e+06,89.8138
2,12,up_proj,GPU,1.00194e+06,1.01076e+06,8823.14
2,12,Linear,GPU,1.00194e+06,1.01076e+06,8823.14
2,12,down_proj,GPU,1.01076e+06,1.01958e+06,8823.14
2,12,Linear,GPU,1.01076e+06,1.01958e+06,8823.14
2,12,expert_FFN_5,GPU,1.01958e+06,1.04604e+06,26458.4
2,12,gate_proj,GPU,1.01958e+06,1.02838e+06,8800.23
2,12,Linear,GPU,1.01958e+06,1.02838e+06,8800.23
2,12,activation,GPU,1.02838e+06,1.02844e+06,57.7375
2,12,up_proj,GPU,1.02844e+06,1.03724e+06,8800.23
2,12,Linear,GPU,1.02844e+06,1.03724e+06,8800.23
2,12,down_proj,GPU,1.03724e+06,1.04604e+06,8800.23
2,12,Linear,GPU,1.03724e+06,1.04604e+06,8800.23
2,12,expert_FFN_6,GPU,1.02185e+06,1.02843e+06,6579.32
2,12,gate_proj,GPU,1.02185e+06,1.02405e+06,2192.04
2,12,Linear,Logic,1.02185e+06,1.02405e+06,2192.04
2,12,activation,Logic,1.02405e+06,1.02405e+06,3.20764
2,12,up_proj,GPU,1.02405e+06,1.02624e+06,2192.04
2,12,Linear,Logic,1.02405e+06,1.02624e+06,2192.04
2,12,down_proj,GPU,1.02624e+06,1.02843e+06,2192.04
2,12,Linear,Logic,1.02624e+06,1.02843e+06,2192.04
2,12,expert_FFN_7,GPU,1.02843e+06,1.03504e+06,6609.57
2,12,gate_proj,GPU,1.02843e+06,1.03063e+06,2198.91
2,12,Linear,Logic,1.02843e+06,1.03063e+06,2198.91
2,12,activation,Logic,1.03063e+06,1.03065e+06,12.8305
2,12,up_proj,GPU,1.03065e+06,1.03284e+06,2198.91
2,12,Linear,Logic,1.03065e+06,1.03284e+06,2198.91
2,12,down_proj,GPU,1.03284e+06,1.03504e+06,2198.91
2,12,Linear,Logic,1.03284e+06,1.03504e+06,2198.91
2,12,sync_2,GPU,1.04604e+06,1.04604e+06,0
2,12,sync__set,GPU,1.04604e+06,1.04604e+06,0
2,12,sync__,GPU,1.04604e+06,1.04604e+06,0
2,12,moe_all_reduce_for_e_tp,GPU,1.04604e+06,1.05128e+06,5236.91
2,12,sync_3,GPU,1.05128e+06,1.05128e+06,0
2,12,sync__set,GPU,1.05128e+06,1.05128e+06,0
2,12,sync__,GPU,1.05128e+06,1.05128e+06,0
2,12,moe_gather,GPU,1.05128e+06,1.05128e+06,0
2,12,sync_for_moe_gather,GPU,1.05128e+06,1.05128e+06,0
2,12,sync__set,GPU,1.05128e+06,1.05128e+06,0
2,12,sync__,GPU,1.05128e+06,1.05128e+06,0
2,12,moe_all_reduce_for_gather,GPU,1.05128e+06,1.05651e+06,5236.91
2,12,sync_5,GPU,1.05651e+06,1.05651e+06,0
2,12,sync__set,GPU,1.05651e+06,1.05651e+06,0
2,12,sync__,GPU,1.05651e+06,1.05651e+06,0
2,12,sync_6,GPU,1.05651e+06,1.05651e+06,0
2,12,sync__set,GPU,1.05651e+06,1.05651e+06,0
2,12,sync__,GPU,1.05651e+06,1.05651e+06,0
2,12,residual_2,GPU,1.05651e+06,1.05667e+06,158.854
2,13,MoE_decoder_13,GPU,1.05667e+06,1.13779e+06,81120.4
2,13,input_layer_norm,GPU,1.05667e+06,1.05683e+06,158.854
2,13,attention,GPU,1.05683e+06,1.07377e+06,16935.9
2,13,attn_qkv_proj,GPU,1.05683e+06,1.06069e+06,3861.38
2,13,Linear,GPU,1.05683e+06,1.06069e+06,3861.38
2,13,self_attention,GPU,1.06069e+06,1.06593e+06,5237.31
2,13,AttentionSplit,GPU,1.06069e+06,1.06069e+06,0
2,13,AttentionSum,GPU,1.06069e+06,1.06069e+06,0
2,13,AttentionGen,Logic,1.06069e+06,1.06593e+06,5237.31
2,13,AttentionMerge,GPU,1.06593e+06,1.06593e+06,0
2,13,attn_o_proj,GPU,1.06593e+06,1.06853e+06,2600.32
2,13,Linear,GPU,1.06593e+06,1.06853e+06,2600.32
2,13,all_reduce,GPU,1.06853e+06,1.07377e+06,5236.91
2,13,residual_1,GPU,1.07377e+06,1.07393e+06,158.854
2,13,post_attn_layer_norm,GPU,1.07393e+06,1.07409e+06,158.854
2,13,expertFFN,GPU,1.07409e+06,1.13764e+06,63549.1
2,13,sync_0,GPU,1.07409e+06,1.07409e+06,0
2,13,sync__set,GPU,1.07409e+06,1.07409e+06,0
2,13,sync__,GPU,1.07409e+06,1.07409e+06,0
2,13,gate_fn,GPU,1.07409e+06,1.07418e+06,97.9093
2,13,Linear,GPU,1.07409e+06,1.07418e+06,97.9093
2,13,gate_update,GPU,1.07418e+06,1.07418e+06,0
2,13,moe_scatter,GPU,1.07418e+06,1.07418e+06,0
2,13,sync_for_moe_scatter,GPU,1.07418e+06,1.07418e+06,0
2,13,sync__set,GPU,1.07418e+06,1.07418e+06,0
2,13,sync__,GPU,1.07418e+06,1.07418e+06,0
2,13,moe_route,GPU,1.07418e+06,1.07418e+06,0
2,13,expert_FFN_0,GPU,1.07418e+06,1.08323e+06,9050.35
2,13,gate_proj,GPU,1.07418e+06,1.0772e+06,3010.9
2,13,Linear,Logic,1.07418e+06,1.0772e+06,3010.9
2,13,activation,Logic,1.0772e+06,1.07721e+06,17.642
2,13,up_proj,GPU,1.07721e+06,1.08022e+06,3010.9
2,13,Linear,Logic,1.07721e+06,1.08022e+06,3010.9
2,13,down_proj,GPU,1.08022e+06,1.08323e+06,3010.9
2,13,Linear,Logic,1.08022e+06,1.08323e+06,3010.9
2,13,expert_FFN_1,GPU,1.08323e+06,1.08984e+06,6609.57
2,13,gate_proj,GPU,1.08323e+06,1.08543e+06,2198.91
2,13,Linear,Logic,1.08323e+06,1.08543e+06,2198.91
2,13,activation,Logic,1.08543e+06,1.08545e+06,12.8305
2,13,up_proj,GPU,1.08545e+06,1.08765e+06,2198.91
2,13,Linear,Logic,1.08545e+06,1.08765e+06,2198.91
2,13,down_proj,GPU,1.08765e+06,1.08984e+06,2198.91
2,13,Linear,Logic,1.08765e+06,1.08984e+06,2198.91
2,13,expert_FFN_2,GPU,1.08984e+06,1.09645e+06,6609.57
2,13,gate_proj,GPU,1.08984e+06,1.09204e+06,2198.91
2,13,Linear,Logic,1.08984e+06,1.09204e+06,2198.91
2,13,activation,Logic,1.09204e+06,1.09206e+06,12.8305
2,13,up_proj,GPU,1.09206e+06,1.09425e+06,2198.91
2,13,Linear,Logic,1.09206e+06,1.09425e+06,2198.91
2,13,down_proj,GPU,1.09425e+06,1.09645e+06,2198.91
2,13,Linear,Logic,1.09425e+06,1.09645e+06,2198.91
2,13,expert_FFN_3,GPU,1.09645e+06,1.1055e+06,9050.35
2,13,gate_proj,GPU,1.09645e+06,1.09946e+06,3010.9
2,13,Linear,Logic,1.09645e+06,1.09946e+06,3010.9
2,13,activation,Logic,1.09946e+06,1.09948e+06,17.642
2,13,up_proj,GPU,1.09948e+06,1.10249e+06,3010.9
2,13,Linear,Logic,1.09948e+06,1.10249e+06,3010.9
2,13,down_proj,GPU,1.10249e+06,1.1055e+06,3010.9
2,13,Linear,Logic,1.10249e+06,1.1055e+06,3010.9
2,13,expert_FFN_4,GPU,1.1055e+06,1.11209e+06,6584.36
2,13,gate_proj,GPU,1.1055e+06,1.1077e+06,2193.18
2,13,Linear,Logic,1.1055e+06,1.1077e+06,2193.18
2,13,activation,Logic,1.1077e+06,1.1077e+06,4.81146
2,13,up_proj,GPU,1.1077e+06,1.1099e+06,2193.18
2,13,Linear,Logic,1.1077e+06,1.1099e+06,2193.18
2,13,down_proj,GPU,1.1099e+06,1.11209e+06,2193.18
2,13,Linear,Logic,1.1099e+06,1.11209e+06,2193.18
2,13,expert_FFN_5,GPU,1.11209e+06,1.11867e+06,6579.32
2,13,gate_proj,GPU,1.11209e+06,1.11428e+06,2192.04
2,13,Linear,Logic,1.11209e+06,1.11428e+06,2192.04
2,13,activation,Logic,1.11428e+06,1.11428e+06,3.20764
2,13,up_proj,GPU,1.11428e+06,1.11648e+06,2192.04
2,13,Linear,Logic,1.11428e+06,1.11648e+06,2192.04
2,13,down_proj,GPU,1.11648e+06,1.11867e+06,2192.04
2,13,Linear,Logic,1.11648e+06,1.11867e+06,2192.04
2,13,expert_FFN_6,GPU,1.07418e+06,1.1007e+06,26518.9
2,13,gate_proj,GPU,1.07418e+06,1.083e+06,8813.98
2,13,Linear,GPU,1.07418e+06,1.083e+06,8813.98
2,13,activation,GPU,1.083e+06,1.08308e+06,76.9833
2,13,up_proj,GPU,1.08308e+06,1.09189e+06,8813.98
2,13,Linear,GPU,1.08308e+06,1.09189e+06,8813.98
2,13,down_proj,GPU,1.09189e+06,1.1007e+06,8813.98
2,13,Linear,GPU,1.09189e+06,1.1007e+06,8813.98
2,13,expert_FFN_7,GPU,1.1007e+06,1.12716e+06,26458.4
2,13,gate_proj,GPU,1.1007e+06,1.1095e+06,8800.23
2,13,Linear,GPU,1.1007e+06,1.1095e+06,8800.23
2,13,activation,GPU,1.1095e+06,1.10956e+06,57.7375
2,13,up_proj,GPU,1.10956e+06,1.11836e+06,8800.23
2,13,Linear,GPU,1.10956e+06,1.11836e+06,8800.23
2,13,down_proj,GPU,1.11836e+06,1.12716e+06,8800.23
2,13,Linear,GPU,1.11836e+06,1.12716e+06,8800.23
2,13,sync_2,GPU,1.12716e+06,1.12716e+06,0
2,13,sync__set,GPU,1.12716e+06,1.12716e+06,0
2,13,sync__,GPU,1.12716e+06,1.12716e+06,0
2,13,moe_all_reduce_for_e_tp,GPU,1.12716e+06,1.1324e+06,5236.91
2,13,sync_3,GPU,1.1324e+06,1.1324e+06,0
2,13,sync__set,GPU,1.1324e+06,1.1324e+06,0
2,13,sync__,GPU,1.1324e+06,1.1324e+06,0
2,13,moe_gather,GPU,1.1324e+06,1.1324e+06,0
2,13,sync_for_moe_gather,GPU,1.1324e+06,1.1324e+06,0
2,13,sync__set,GPU,1.1324e+06,1.1324e+06,0
2,13,sync__,GPU,1.1324e+06,1.1324e+06,0
2,13,moe_all_reduce_for_gather,GPU,1.1324e+06,1.13764e+06,5236.91
2,13,sync_5,GPU,1.13764e+06,1.13764e+06,0
2,13,sync__set,GPU,1.13764e+06,1.13764e+06,0
2,13,sync__,GPU,1.13764e+06,1.13764e+06,0
2,13,sync_6,GPU,1.13764e+06,1.13764e+06,0
2,13,sync__set,GPU,1.13764e+06,1.13764e+06,0
2,13,sync__,GPU,1.13764e+06,1.13764e+06,0
2,13,residual_2,GPU,1.13764e+06,1.13779e+06,158.854
2,14,MoE_decoder_14,GPU,1.13779e+06,1.21891e+06,81120.4
2,14,input_layer_norm,GPU,1.13779e+06,1.13795e+06,158.854
2,14,attention,GPU,1.13795e+06,1.15489e+06,16935.9
2,14,attn_qkv_proj,GPU,1.13795e+06,1.14181e+06,3861.38
2,14,Linear,GPU,1.13795e+06,1.14181e+06,3861.38
2,14,self_attention,GPU,1.14181e+06,1.14705e+06,5237.31
2,14,AttentionSplit,GPU,1.14181e+06,1.14181e+06,0
2,14,AttentionSum,GPU,1.14181e+06,1.14181e+06,0
2,14,AttentionGen,Logic,1.14181e+06,1.14705e+06,5237.31
2,14,AttentionMerge,GPU,1.14705e+06,1.14705e+06,0
2,14,attn_o_proj,GPU,1.14705e+06,1.14965e+06,2600.32
2,14,Linear,GPU,1.14705e+06,1.14965e+06,2600.32
2,14,all_reduce,GPU,1.14965e+06,1.15489e+06,5236.91
2,14,residual_1,GPU,1.15489e+06,1.15505e+06,158.854
2,14,post_attn_layer_norm,GPU,1.15505e+06,1.15521e+06,158.854
2,14,expertFFN,GPU,1.15521e+06,1.21876e+06,63549.1
2,14,sync_0,GPU,1.15521e+06,1.15521e+06,0
2,14,sync__set,GPU,1.15521e+06,1.15521e+06,0
2,14,sync__,GPU,1.15521e+06,1.15521e+06,0
2,14,gate_fn,GPU,1.15521e+06,1.1553e+06,97.9093
2,14,Linear,GPU,1.15521e+06,1.1553e+06,97.9093
2,14,gate_update,GPU,1.1553e+06,1.1553e+06,0
2,14,moe_scatter,GPU,1.1553e+06,1.1553e+06,0
2,14,sync_for_moe_scatter,GPU,1.1553e+06,1.1553e+06,0
2,14,sync__set,GPU,1.1553e+06,1.1553e+06,0
2,14,sync__,GPU,1.1553e+06,1.1553e+06,0
2,14,moe_route,GPU,1.1553e+06,1.1553e+06,0
2,14,expert_FFN_0,GPU,1.1553e+06,1.16271e+06,7404.83
2,14,gate_proj,GPU,1.1553e+06,1.15777e+06,2463.47
2,14,Linear,Logic,1.1553e+06,1.15777e+06,2463.47
2,14,activation,Logic,1.15777e+06,1.15778e+06,14.4344
2,14,up_proj,GPU,1.15778e+06,1.16025e+06,2463.47
2,14,Linear,Logic,1.15778e+06,1.16025e+06,2463.47
2,14,down_proj,GPU,1.16025e+06,1.16271e+06,2463.47
2,14,Linear,Logic,1.16025e+06,1.16271e+06,2463.47
2,14,expert_FFN_1,GPU,1.16271e+06,1.16931e+06,6599.48
2,14,gate_proj,GPU,1.16271e+06,1.16491e+06,2196.62
2,14,Linear,Logic,1.16271e+06,1.16491e+06,2196.62
2,14,activation,Logic,1.16491e+06,1.16492e+06,9.62291
2,14,up_proj,GPU,1.16492e+06,1.16711e+06,2196.62
2,14,Linear,Logic,1.16492e+06,1.16711e+06,2196.62
2,14,down_proj,GPU,1.16711e+06,1.16931e+06,2196.62
2,14,Linear,Logic,1.16711e+06,1.16931e+06,2196.62
2,14,expert_FFN_2,GPU,1.16931e+06,1.17591e+06,6599.48
2,14,gate_proj,GPU,1.16931e+06,1.17151e+06,2196.62
2,14,Linear,Logic,1.16931e+06,1.17151e+06,2196.62
2,14,activation,Logic,1.17151e+06,1.17152e+06,9.62291
2,14,up_proj,GPU,1.17152e+06,1.17371e+06,2196.62
2,14,Linear,Logic,1.17152e+06,1.17371e+06,2196.62
2,14,down_proj,GPU,1.17371e+06,1.17591e+06,2196.62
2,14,Linear,Logic,1.17371e+06,1.17591e+06,2196.62
2,14,expert_FFN_3,GPU,1.17591e+06,1.18251e+06,6604.53
2,14,gate_proj,GPU,1.17591e+06,1.17811e+06,2197.77
2,14,Linear,Logic,1.17591e+06,1.17811e+06,2197.77
2,14,activation,Logic,1.17811e+06,1.17812e+06,11.2267
2,14,up_proj,GPU,1.17812e+06,1.18032e+06,2197.77
2,14,Linear,Logic,1.17812e+06,1.18032e+06,2197.77
2,14,down_proj,GPU,1.18032e+06,1.18251e+06,2197.77
2,14,Linear,Logic,1.18032e+06,1.18251e+06,2197.77
2,14,expert_FFN_4,GPU,1.18251e+06,1.18911e+06,6599.48
2,14,gate_proj,GPU,1.18251e+06,1.18471e+06,2196.62
2,14,Linear,Logic,1.18251e+06,1.18471e+06,2196.62
2,14,activation,Logic,1.18471e+06,1.18472e+06,9.62291
2,14,up_proj,GPU,1.18472e+06,1.18692e+06,2196.62
2,14,Linear,Logic,1.18472e+06,1.18692e+06,2196.62
2,14,down_proj,GPU,1.18692e+06,1.18911e+06,2196.62
2,14,Linear,Logic,1.18692e+06,1.18911e+06,2196.62
2,14,expert_FFN_5,GPU,1.18911e+06,1.19652e+06,7404.83
2,14,gate_proj,GPU,1.18911e+06,1.19158e+06,2463.47
2,14,Linear,Logic,1.18911e+06,1.19158e+06,2463.47
2,14,activation,Logic,1.19158e+06,1.19159e+06,14.4344
2,14,up_proj,GPU,1.19159e+06,1.19405e+06,2463.47
2,14,Linear,Logic,1.19159e+06,1.19405e+06,2463.47
2,14,down_proj,GPU,1.19405e+06,1.19652e+06,2463.47
2,14,Linear,Logic,1.19405e+06,1.19652e+06,2463.47
2,14,expert_FFN_6,GPU,1.1553e+06,1.1818e+06,26498.7
2,14,gate_proj,GPU,1.1553e+06,1.16411e+06,8809.39
2,14,Linear,GPU,1.1553e+06,1.16411e+06,8809.39
2,14,activation,GPU,1.16411e+06,1.16418e+06,70.568
2,14,up_proj,GPU,1.16418e+06,1.17299e+06,8809.39
2,14,Linear,GPU,1.16418e+06,1.17299e+06,8809.39
2,14,down_proj,GPU,1.17299e+06,1.1818e+06,8809.39
2,14,Linear,GPU,1.17299e+06,1.1818e+06,8809.39
2,14,expert_FFN_7,GPU,1.1818e+06,1.20828e+06,26478.6
2,14,gate_proj,GPU,1.1818e+06,1.19061e+06,8804.81
2,14,Linear,GPU,1.1818e+06,1.19061e+06,8804.81
2,14,activation,GPU,1.19061e+06,1.19067e+06,64.1527
2,14,up_proj,GPU,1.19067e+06,1.19948e+06,8804.81
2,14,Linear,GPU,1.19067e+06,1.19948e+06,8804.81
2,14,down_proj,GPU,1.19948e+06,1.20828e+06,8804.81
2,14,Linear,GPU,1.19948e+06,1.20828e+06,8804.81
2,14,sync_2,GPU,1.20828e+06,1.20828e+06,0
2,14,sync__set,GPU,1.20828e+06,1.20828e+06,0
2,14,sync__,GPU,1.20828e+06,1.20828e+06,0
2,14,moe_all_reduce_for_e_tp,GPU,1.20828e+06,1.21352e+06,5236.91
2,14,sync_3,GPU,1.21352e+06,1.21352e+06,0
2,14,sync__set,GPU,1.21352e+06,1.21352e+06,0
2,14,sync__,GPU,1.21352e+06,1.21352e+06,0
2,14,moe_gather,GPU,1.21352e+06,1.21352e+06,0
2,14,sync_for_moe_gather,GPU,1.21352e+06,1.21352e+06,0
2,14,sync__set,GPU,1.21352e+06,1.21352e+06,0
2,14,sync__,GPU,1.21352e+06,1.21352e+06,0
2,14,moe_all_reduce_for_gather,GPU,1.21352e+06,1.21876e+06,5236.91
2,14,sync_5,GPU,1.21876e+06,1.21876e+06,0
2,14,sync__set,GPU,1.21876e+06,1.21876e+06,0
2,14,sync__,GPU,1.21876e+06,1.21876e+06,0
2,14,sync_6,GPU,1.21876e+06,1.21876e+06,0
2,14,sync__set,GPU,1.21876e+06,1.21876e+06,0
2,14,sync__,GPU,1.21876e+06,1.21876e+06,0
2,14,residual_2,GPU,1.21876e+06,1.21891e+06,158.854
2,15,MoE_decoder_15,GPU,1.21891e+06,1.30473e+06,85815.9
2,15,input_layer_norm,GPU,1.21891e+06,1.21907e+06,158.854
2,15,attention,GPU,1.21907e+06,1.23601e+06,16935.9
2,15,attn_qkv_proj,GPU,1.21907e+06,1.22293e+06,3861.38
2,15,Linear,GPU,1.21907e+06,1.22293e+06,3861.38
2,15,self_attention,GPU,1.22293e+06,1.22817e+06,5237.31
2,15,AttentionSplit,GPU,1.22293e+06,1.22293e+06,0
2,15,AttentionSum,GPU,1.22293e+06,1.22293e+06,0
2,15,AttentionGen,Logic,1.22293e+06,1.22817e+06,5237.31
2,15,AttentionMerge,GPU,1.22817e+06,1.22817e+06,0
2,15,attn_o_proj,GPU,1.22817e+06,1.23077e+06,2600.32
2,15,Linear,GPU,1.22817e+06,1.23077e+06,2600.32
2,15,all_reduce,GPU,1.23077e+06,1.23601e+06,5236.91
2,15,residual_1,GPU,1.23601e+06,1.23617e+06,158.854
2,15,post_attn_layer_norm,GPU,1.23617e+06,1.23633e+06,158.854
2,15,expertFFN,GPU,1.23633e+06,1.30457e+06,68244.6
2,15,sync_0,GPU,1.23633e+06,1.23633e+06,0
2,15,sync__set,GPU,1.23633e+06,1.23633e+06,0
2,15,sync__,GPU,1.23633e+06,1.23633e+06,0
2,15,gate_fn,GPU,1.23633e+06,1.23642e+06,97.9093
2,15,Linear,GPU,1.23633e+06,1.23642e+06,97.9093
2,15,gate_update,GPU,1.23642e+06,1.23642e+06,0
2,15,moe_scatter,GPU,1.23642e+06,1.23642e+06,0
2,15,sync_for_moe_scatter,GPU,1.23642e+06,1.23642e+06,0
2,15,sync__set,GPU,1.23642e+06,1.23642e+06,0
2,15,sync__,GPU,1.23642e+06,1.23642e+06,0
2,15,moe_route,GPU,1.23642e+06,1.23642e+06,0
2,15,expert_FFN_0,GPU,1.23642e+06,1.24465e+06,8227.59
2,15,gate_proj,GPU,1.23642e+06,1.23916e+06,2737.18
2,15,Linear,Logic,1.23642e+06,1.23916e+06,2737.18
2,15,activation,Logic,1.23916e+06,1.23918e+06,16.0382
2,15,up_proj,GPU,1.23918e+06,1.24192e+06,2737.18
2,15,Linear,Logic,1.23918e+06,1.24192e+06,2737.18
2,15,down_proj,GPU,1.24192e+06,1.24465e+06,2737.18
2,15,Linear,Logic,1.24192e+06,1.24465e+06,2737.18
2,15,expert_FFN_1,GPU,1.24465e+06,1.25125e+06,6594.44
2,15,gate_proj,GPU,1.24465e+06,1.24685e+06,2195.47
2,15,Linear,Logic,1.24465e+06,1.24685e+06,2195.47
2,15,activation,Logic,1.24685e+06,1.24686e+06,8.01909
2,15,up_proj,GPU,1.24686e+06,1.24905e+06,2195.47
2,15,Linear,Logic,1.24686e+06,1.24905e+06,2195.47
2,15,down_proj,GPU,1.24905e+06,1.25125e+06,2195.47
2,15,Linear,Logic,1.24905e+06,1.25125e+06,2195.47
2,15,expert_FFN_2,GPU,1.25125e+06,1.25865e+06,7404.83
2,15,gate_proj,GPU,1.25125e+06,1.25371e+06,2463.47
2,15,Linear,Logic,1.25125e+06,1.25371e+06,2463.47
2,15,activation,Logic,1.25371e+06,1.25372e+06,14.4344
2,15,up_proj,GPU,1.25372e+06,1.25619e+06,2463.47
2,15,Linear,Logic,1.25372e+06,1.25619e+06,2463.47
2,15,down_proj,GPU,1.25619e+06,1.25865e+06,2463.47
2,15,Linear,Logic,1.25619e+06,1.25865e+06,2463.47
2,15,expert_FFN_3,GPU,1.25865e+06,1.26606e+06,7404.83
2,15,gate_proj,GPU,1.25865e+06,1.26112e+06,2463.47
2,15,Linear,Logic,1.25865e+06,1.26112e+06,2463.47
2,15,activation,Logic,1.26112e+06,1.26113e+06,14.4344
2,15,up_proj,GPU,1.26113e+06,1.26359e+06,2463.47
2,15,Linear,Logic,1.26113e+06,1.26359e+06,2463.47
2,15,down_proj,GPU,1.26359e+06,1.26606e+06,2463.47
2,15,Linear,Logic,1.26359e+06,1.26606e+06,2463.47
2,15,expert_FFN_4,GPU,1.26606e+06,1.27266e+06,6604.53
2,15,gate_proj,GPU,1.26606e+06,1.26825e+06,2197.77
2,15,Linear,Logic,1.26606e+06,1.26825e+06,2197.77
2,15,activation,Logic,1.26825e+06,1.26827e+06,11.2267
2,15,up_proj,GPU,1.26827e+06,1.27046e+06,2197.77
2,15,Linear,Logic,1.26827e+06,1.27046e+06,2197.77
2,15,down_proj,GPU,1.27046e+06,1.27266e+06,2197.77
2,15,Linear,Logic,1.27046e+06,1.27266e+06,2197.77
2,15,expert_FFN_5,GPU,1.27266e+06,1.28089e+06,8227.59
2,15,gate_proj,GPU,1.27266e+06,1.2754e+06,2737.18
2,15,Linear,Logic,1.27266e+06,1.2754e+06,2737.18
2,15,activation,Logic,1.2754e+06,1.27541e+06,16.0382
2,15,up_proj,GPU,1.27541e+06,1.27815e+06,2737.18
2,15,Linear,Logic,1.27541e+06,1.27815e+06,2737.18
2,15,down_proj,GPU,1.27815e+06,1.28089e+06,2737.18
2,15,Linear,Logic,1.27815e+06,1.28089e+06,2737.18
2,15,expert_FFN_6,GPU,1.28089e+06,1.28749e+06,6599.48
2,15,gate_proj,GPU,1.28089e+06,1.28309e+06,2196.62
2,15,Linear,Logic,1.28089e+06,1.28309e+06,2196.62
2,15,activation,Logic,1.28309e+06,1.2831e+06,9.62291
2,15,up_proj,GPU,1.2831e+06,1.28529e+06,2196.62
2,15,Linear,Logic,1.2831e+06,1.28529e+06,2196.62
2,15,down_proj,GPU,1.28529e+06,1.28749e+06,2196.62
2,15,Linear,Logic,1.28529e+06,1.28749e+06,2196.62
2,15,expert_FFN_7,GPU,1.28749e+06,1.2941e+06,6609.57
2,15,gate_proj,GPU,1.28749e+06,1.28969e+06,2198.91
2,15,Linear,Logic,1.28749e+06,1.28969e+06,2198.91
2,15,activation,Logic,1.28969e+06,1.2897e+06,12.8305
2,15,up_proj,GPU,1.2897e+06,1.2919e+06,2198.91
2,15,Linear,Logic,1.2897e+06,1.2919e+06,2198.91
2,15,down_proj,GPU,1.2919e+06,1.2941e+06,2198.91
2,15,Linear,Logic,1.2919e+06,1.2941e+06,2198.91
2,15,sync_2,GPU,1.2941e+06,1.2941e+06,0
2,15,sync__set,GPU,1.2941e+06,1.2941e+06,0
2,15,sync__,GPU,1.2941e+06,1.2941e+06,0
2,15,moe_all_reduce_for_e_tp,GPU,1.2941e+06,1.29933e+06,5236.91
2,15,sync_3,GPU,1.29933e+06,1.29933e+06,0
2,15,sync__set,GPU,1.29933e+06,1.29933e+06,0
2,15,sync__,GPU,1.29933e+06,1.29933e+06,0
2,15,moe_gather,GPU,1.29933e+06,1.29933e+06,0
2,15,sync_for_moe_gather,GPU,1.29933e+06,1.29933e+06,0
2,15,sync__set,GPU,1.29933e+06,1.29933e+06,0
2,15,sync__,GPU,1.29933e+06,1.29933e+06,0
2,15,moe_all_reduce_for_gather,GPU,1.29933e+06,1.30457e+06,5236.91
2,15,sync_5,GPU,1.30457e+06,1.30457e+06,0
2,15,sync__set,GPU,1.30457e+06,1.30457e+06,0
2,15,sync__,GPU,1.30457e+06,1.30457e+06,0
2,15,sync_6,GPU,1.30457e+06,1.30457e+06,0
2,15,sync__set,GPU,1.30457e+06,1.30457e+06,0
2,15,sync__,GPU,1.30457e+06,1.30457e+06,0
2,15,residual_2,GPU,1.30457e+06,1.30473e+06,158.854
2,16,MoE_decoder_16,GPU,1.30473e+06,1.39057e+06,85843.4
2,16,input_layer_norm,GPU,1.30473e+06,1.30489e+06,158.854
2,16,attention,GPU,1.30489e+06,1.32183e+06,16935.9
2,16,attn_qkv_proj,GPU,1.30489e+06,1.30875e+06,3861.38
2,16,Linear,GPU,1.30489e+06,1.30875e+06,3861.38
2,16,self_attention,GPU,1.30875e+06,1.31399e+06,5237.31
2,16,AttentionSplit,GPU,1.30875e+06,1.30875e+06,0
2,16,AttentionSum,GPU,1.30875e+06,1.30875e+06,0
2,16,AttentionGen,Logic,1.30875e+06,1.31399e+06,5237.31
2,16,AttentionMerge,GPU,1.31399e+06,1.31399e+06,0
2,16,attn_o_proj,GPU,1.31399e+06,1.31659e+06,2600.32
2,16,Linear,GPU,1.31399e+06,1.31659e+06,2600.32
2,16,all_reduce,GPU,1.31659e+06,1.32183e+06,5236.91
2,16,residual_1,GPU,1.32183e+06,1.32198e+06,158.854
2,16,post_attn_layer_norm,GPU,1.32198e+06,1.32214e+06,158.854
2,16,expertFFN,GPU,1.32214e+06,1.39042e+06,68272.1
2,16,sync_0,GPU,1.32214e+06,1.32214e+06,0
2,16,sync__set,GPU,1.32214e+06,1.32214e+06,0
2,16,sync__,GPU,1.32214e+06,1.32214e+06,0
2,16,gate_fn,GPU,1.32214e+06,1.32224e+06,97.9093
2,16,Linear,GPU,1.32214e+06,1.32224e+06,97.9093
2,16,gate_update,GPU,1.32224e+06,1.32224e+06,0
2,16,moe_scatter,GPU,1.32224e+06,1.32224e+06,0
2,16,sync_for_moe_scatter,GPU,1.32224e+06,1.32224e+06,0
2,16,sync__set,GPU,1.32224e+06,1.32224e+06,0
2,16,sync__,GPU,1.32224e+06,1.32224e+06,0
2,16,moe_route,GPU,1.32224e+06,1.32224e+06,0
2,16,expert_FFN_0,GPU,1.32224e+06,1.33047e+06,8227.59
2,16,gate_proj,GPU,1.32224e+06,1.32498e+06,2737.18
2,16,Linear,Logic,1.32224e+06,1.32498e+06,2737.18
2,16,activation,Logic,1.32498e+06,1.32499e+06,16.0382
2,16,up_proj,GPU,1.32499e+06,1.32773e+06,2737.18
2,16,Linear,Logic,1.32499e+06,1.32773e+06,2737.18
2,16,down_proj,GPU,1.32773e+06,1.33047e+06,2737.18
2,16,Linear,Logic,1.32773e+06,1.33047e+06,2737.18
2,16,expert_FFN_1,GPU,1.33047e+06,1.33707e+06,6604.53
2,16,gate_proj,GPU,1.33047e+06,1.33267e+06,2197.77
2,16,Linear,Logic,1.33047e+06,1.33267e+06,2197.77
2,16,activation,Logic,1.33267e+06,1.33268e+06,11.2267
2,16,up_proj,GPU,1.33268e+06,1.33488e+06,2197.77
2,16,Linear,Logic,1.33268e+06,1.33488e+06,2197.77
2,16,down_proj,GPU,1.33488e+06,1.33707e+06,2197.77
2,16,Linear,Logic,1.33488e+06,1.33707e+06,2197.77
2,16,expert_FFN_2,GPU,1.33707e+06,1.34368e+06,6604.53
2,16,gate_proj,GPU,1.33707e+06,1.33927e+06,2197.77
2,16,Linear,Logic,1.33707e+06,1.33927e+06,2197.77
2,16,activation,Logic,1.33927e+06,1.33928e+06,11.2267
2,16,up_proj,GPU,1.33928e+06,1.34148e+06,2197.77
2,16,Linear,Logic,1.33928e+06,1.34148e+06,2197.77
2,16,down_proj,GPU,1.34148e+06,1.34368e+06,2197.77
2,16,Linear,Logic,1.34148e+06,1.34368e+06,2197.77
2,16,expert_FFN_3,GPU,1.34368e+06,1.35028e+06,6604.53
2,16,gate_proj,GPU,1.34368e+06,1.34588e+06,2197.77
2,16,Linear,Logic,1.34368e+06,1.34588e+06,2197.77
2,16,activation,Logic,1.34588e+06,1.34589e+06,11.2267
2,16,up_proj,GPU,1.34589e+06,1.34808e+06,2197.77
2,16,Linear,Logic,1.34589e+06,1.34808e+06,2197.77
2,16,down_proj,GPU,1.34808e+06,1.35028e+06,2197.77
2,16,Linear,Logic,1.34808e+06,1.35028e+06,2197.77
2,16,expert_FFN_4,GPU,1.35028e+06,1.35851e+06,8227.59
2,16,gate_proj,GPU,1.35028e+06,1.35302e+06,2737.18
2,16,Linear,Logic,1.35028e+06,1.35302e+06,2737.18
2,16,activation,Logic,1.35302e+06,1.35304e+06,16.0382
2,16,up_proj,GPU,1.35304e+06,1.35577e+06,2737.18
2,16,Linear,Logic,1.35304e+06,1.35577e+06,2737.18
2,16,down_proj,GPU,1.35577e+06,1.35851e+06,2737.18
2,16,Linear,Logic,1.35577e+06,1.35851e+06,2737.18
2,16,expert_FFN_5,GPU,1.35851e+06,1.36511e+06,6604.53
2,16,gate_proj,GPU,1.35851e+06,1.36071e+06,2197.77
2,16,Linear,Logic,1.35851e+06,1.36071e+06,2197.77
2,16,activation,Logic,1.36071e+06,1.36072e+06,11.2267
2,16,up_proj,GPU,1.36072e+06,1.36292e+06,2197.77
2,16,Linear,Logic,1.36072e+06,1.36292e+06,2197.77
2,16,down_proj,GPU,1.36292e+06,1.36511e+06,2197.77
2,16,Linear,Logic,1.36292e+06,1.36511e+06,2197.77
2,16,expert_FFN_6,GPU,1.36511e+06,1.37334e+06,8227.59
2,16,gate_proj,GPU,1.36511e+06,1.36785e+06,2737.18
2,16,Linear,Logic,1.36511e+06,1.36785e+06,2737.18
2,16,activation,Logic,1.36785e+06,1.36787e+06,16.0382
2,16,up_proj,GPU,1.36787e+06,1.3706e+06,2737.18
2,16,Linear,Logic,1.36787e+06,1.3706e+06,2737.18
2,16,down_proj,GPU,1.3706e+06,1.37334e+06,2737.18
2,16,Linear,Logic,1.3706e+06,1.37334e+06,2737.18
2,16,expert_FFN_7,GPU,1.37334e+06,1.37994e+06,6599.48
2,16,gate_proj,GPU,1.37334e+06,1.37554e+06,2196.62
2,16,Linear,Logic,1.37334e+06,1.37554e+06,2196.62
2,16,activation,Logic,1.37554e+06,1.37555e+06,9.62291
2,16,up_proj,GPU,1.37555e+06,1.37774e+06,2196.62
2,16,Linear,Logic,1.37555e+06,1.37774e+06,2196.62
2,16,down_proj,GPU,1.37774e+06,1.37994e+06,2196.62
2,16,Linear,Logic,1.37774e+06,1.37994e+06,2196.62
2,16,sync_2,GPU,1.37994e+06,1.37994e+06,0
2,16,sync__set,GPU,1.37994e+06,1.37994e+06,0
2,16,sync__,GPU,1.37994e+06,1.37994e+06,0
2,16,moe_all_reduce_for_e_tp,GPU,1.37994e+06,1.38518e+06,5236.91
2,16,sync_3,GPU,1.38518e+06,1.38518e+06,0
2,16,sync__set,GPU,1.38518e+06,1.38518e+06,0
2,16,sync__,GPU,1.38518e+06,1.38518e+06,0
2,16,moe_gather,GPU,1.38518e+06,1.38518e+06,0
2,16,sync_for_moe_gather,GPU,1.38518e+06,1.38518e+06,0
2,16,sync__set,GPU,1.38518e+06,1.38518e+06,0
2,16,sync__,GPU,1.38518e+06,1.38518e+06,0
2,16,moe_all_reduce_for_gather,GPU,1.38518e+06,1.39042e+06,5236.91
2,16,sync_5,GPU,1.39042e+06,1.39042e+06,0
2,16,sync__set,GPU,1.39042e+06,1.39042e+06,0
2,16,sync__,GPU,1.39042e+06,1.39042e+06,0
2,16,sync_6,GPU,1.39042e+06,1.39042e+06,0
2,16,sync__set,GPU,1.39042e+06,1.39042e+06,0
2,16,sync__,GPU,1.39042e+06,1.39042e+06,0
2,16,residual_2,GPU,1.39042e+06,1.39057e+06,158.854
2,17,MoE_decoder_17,GPU,1.39057e+06,1.47169e+06,81120.4
2,17,input_layer_norm,GPU,1.39057e+06,1.39073e+06,158.854
2,17,attention,GPU,1.39073e+06,1.40767e+06,16935.9
2,17,attn_qkv_proj,GPU,1.39073e+06,1.39459e+06,3861.38
2,17,Linear,GPU,1.39073e+06,1.39459e+06,3861.38
2,17,self_attention,GPU,1.39459e+06,1.39983e+06,5237.31
2,17,AttentionSplit,GPU,1.39459e+06,1.39459e+06,0
2,17,AttentionSum,GPU,1.39459e+06,1.39459e+06,0
2,17,AttentionGen,Logic,1.39459e+06,1.39983e+06,5237.31
2,17,AttentionMerge,GPU,1.39983e+06,1.39983e+06,0
2,17,attn_o_proj,GPU,1.39983e+06,1.40243e+06,2600.32
2,17,Linear,GPU,1.39983e+06,1.40243e+06,2600.32
2,17,all_reduce,GPU,1.40243e+06,1.40767e+06,5236.91
2,17,residual_1,GPU,1.40767e+06,1.40783e+06,158.854
2,17,post_attn_layer_norm,GPU,1.40783e+06,1.40799e+06,158.854
2,17,expertFFN,GPU,1.40799e+06,1.47154e+06,63549.1
2,17,sync_0,GPU,1.40799e+06,1.40799e+06,0
2,17,sync__set,GPU,1.40799e+06,1.40799e+06,0
2,17,sync__,GPU,1.40799e+06,1.40799e+06,0
2,17,gate_fn,GPU,1.40799e+06,1.40808e+06,97.9093
2,17,Linear,GPU,1.40799e+06,1.40808e+06,97.9093
2,17,gate_update,GPU,1.40808e+06,1.40808e+06,0
2,17,moe_scatter,GPU,1.40808e+06,1.40808e+06,0
2,17,sync_for_moe_scatter,GPU,1.40808e+06,1.40808e+06,0
2,17,sync__set,GPU,1.40808e+06,1.40808e+06,0
2,17,sync__,GPU,1.40808e+06,1.40808e+06,0
2,17,moe_route,GPU,1.40808e+06,1.40808e+06,0
2,17,expert_FFN_0,GPU,1.40808e+06,1.41469e+06,6609.57
2,17,gate_proj,GPU,1.40808e+06,1.41028e+06,2198.91
2,17,Linear,Logic,1.40808e+06,1.41028e+06,2198.91
2,17,activation,Logic,1.41028e+06,1.4103e+06,12.8305
2,17,up_proj,GPU,1.4103e+06,1.41249e+06,2198.91
2,17,Linear,Logic,1.4103e+06,1.41249e+06,2198.91
2,17,down_proj,GPU,1.41249e+06,1.41469e+06,2198.91
2,17,Linear,Logic,1.41249e+06,1.41469e+06,2198.91
2,17,expert_FFN_1,GPU,1.41469e+06,1.4221e+06,7404.83
2,17,gate_proj,GPU,1.41469e+06,1.41716e+06,2463.47
2,17,Linear,Logic,1.41469e+06,1.41716e+06,2463.47
2,17,activation,Logic,1.41716e+06,1.41717e+06,14.4344
2,17,up_proj,GPU,1.41717e+06,1.41964e+06,2463.47
2,17,Linear,Logic,1.41717e+06,1.41964e+06,2463.47
2,17,down_proj,GPU,1.41964e+06,1.4221e+06,2463.47
2,17,Linear,Logic,1.41964e+06,1.4221e+06,2463.47
2,17,expert_FFN_2,GPU,1.4221e+06,1.43197e+06,9873.11
2,17,gate_proj,GPU,1.4221e+06,1.42538e+06,3284.62
2,17,Linear,Logic,1.4221e+06,1.42538e+06,3284.62
2,17,activation,Logic,1.42538e+06,1.4254e+06,19.2458
2,17,up_proj,GPU,1.4254e+06,1.42869e+06,3284.62
2,17,Linear,Logic,1.4254e+06,1.42869e+06,3284.62
2,17,down_proj,GPU,1.42869e+06,1.43197e+06,3284.62
2,17,Linear,Logic,1.42869e+06,1.43197e+06,3284.62
2,17,expert_FFN_3,GPU,1.43197e+06,1.43855e+06,6579.32
2,17,gate_proj,GPU,1.43197e+06,1.43416e+06,2192.04
2,17,Linear,Logic,1.43197e+06,1.43416e+06,2192.04
2,17,activation,Logic,1.43416e+06,1.43417e+06,3.20764
2,17,up_proj,GPU,1.43417e+06,1.43636e+06,2192.04
2,17,Linear,Logic,1.43417e+06,1.43636e+06,2192.04
2,17,down_proj,GPU,1.43636e+06,1.43855e+06,2192.04
2,17,Linear,Logic,1.43636e+06,1.43855e+06,2192.04
2,17,expert_FFN_4,GPU,1.40808e+06,1.4346e+06,26518.9
2,17,gate_proj,GPU,1.40808e+06,1.4169e+06,8813.98
2,17,Linear,GPU,1.40808e+06,1.4169e+06,8813.98
2,17,activation,GPU,1.4169e+06,1.41698e+06,76.9833
2,17,up_proj,GPU,1.41698e+06,1.42579e+06,8813.98
2,17,Linear,GPU,1.41698e+06,1.42579e+06,8813.98
2,17,down_proj,GPU,1.42579e+06,1.4346e+06,8813.98
2,17,Linear,GPU,1.42579e+06,1.4346e+06,8813.98
2,17,expert_FFN_5,GPU,1.4346e+06,1.46106e+06,26458.4
2,17,gate_proj,GPU,1.4346e+06,1.4434e+06,8800.23
2,17,Linear,GPU,1.4346e+06,1.4434e+06,8800.23
2,17,activation,GPU,1.4434e+06,1.44346e+06,57.7375
2,17,up_proj,GPU,1.44346e+06,1.45226e+06,8800.23
2,17,Linear,GPU,1.44346e+06,1.45226e+06,8800.23
2,17,down_proj,GPU,1.45226e+06,1.46106e+06,8800.23
2,17,Linear,GPU,1.45226e+06,1.46106e+06,8800.23
2,17,expert_FFN_6,GPU,1.43855e+06,1.44514e+06,6589.4
2,17,gate_proj,GPU,1.43855e+06,1.44075e+06,2194.33
2,17,Linear,Logic,1.43855e+06,1.44075e+06,2194.33
2,17,activation,Logic,1.44075e+06,1.44075e+06,6.41527
2,17,up_proj,GPU,1.44075e+06,1.44295e+06,2194.33
2,17,Linear,Logic,1.44075e+06,1.44295e+06,2194.33
2,17,down_proj,GPU,1.44295e+06,1.44514e+06,2194.33
2,17,Linear,Logic,1.44295e+06,1.44514e+06,2194.33
2,17,expert_FFN_7,GPU,1.44514e+06,1.45175e+06,6609.57
2,17,gate_proj,GPU,1.44514e+06,1.44734e+06,2198.91
2,17,Linear,Logic,1.44514e+06,1.44734e+06,2198.91
2,17,activation,Logic,1.44734e+06,1.44735e+06,12.8305
2,17,up_proj,GPU,1.44735e+06,1.44955e+06,2198.91
2,17,Linear,Logic,1.44735e+06,1.44955e+06,2198.91
2,17,down_proj,GPU,1.44955e+06,1.45175e+06,2198.91
2,17,Linear,Logic,1.44955e+06,1.45175e+06,2198.91
2,17,sync_2,GPU,1.46106e+06,1.46106e+06,0
2,17,sync__set,GPU,1.46106e+06,1.46106e+06,0
2,17,sync__,GPU,1.46106e+06,1.46106e+06,0
2,17,moe_all_reduce_for_e_tp,GPU,1.46106e+06,1.4663e+06,5236.91
2,17,sync_3,GPU,1.4663e+06,1.4663e+06,0
2,17,sync__set,GPU,1.4663e+06,1.4663e+06,0
2,17,sync__,GPU,1.4663e+06,1.4663e+06,0
2,17,moe_gather,GPU,1.4663e+06,1.4663e+06,0
2,17,sync_for_moe_gather,GPU,1.4663e+06,1.4663e+06,0
2,17,sync__set,GPU,1.4663e+06,1.4663e+06,0
2,17,sync__,GPU,1.4663e+06,1.4663e+06,0
2,17,moe_all_reduce_for_gather,GPU,1.4663e+06,1.47154e+06,5236.91
2,17,sync_5,GPU,1.47154e+06,1.47154e+06,0
2,17,sync__set,GPU,1.47154e+06,1.47154e+06,0
2,17,sync__,GPU,1.47154e+06,1.47154e+06,0
2,17,sync_6,GPU,1.47154e+06,1.47154e+06,0
2,17,sync__set,GPU,1.47154e+06,1.47154e+06,0
2,17,sync__,GPU,1.47154e+06,1.47154e+06,0
2,17,residual_2,GPU,1.47154e+06,1.47169e+06,158.854
2,18,MoE_decoder_18,GPU,1.47169e+06,1.55275e+06,81059.9
2,18,input_layer_norm,GPU,1.47169e+06,1.47185e+06,158.854
2,18,attention,GPU,1.47185e+06,1.48879e+06,16935.9
2,18,attn_qkv_proj,GPU,1.47185e+06,1.47571e+06,3861.38
2,18,Linear,GPU,1.47185e+06,1.47571e+06,3861.38
2,18,self_attention,GPU,1.47571e+06,1.48095e+06,5237.31
2,18,AttentionSplit,GPU,1.47571e+06,1.47571e+06,0
2,18,AttentionSum,GPU,1.47571e+06,1.47571e+06,0
2,18,AttentionGen,Logic,1.47571e+06,1.48095e+06,5237.31
2,18,AttentionMerge,GPU,1.48095e+06,1.48095e+06,0
2,18,attn_o_proj,GPU,1.48095e+06,1.48355e+06,2600.32
2,18,Linear,GPU,1.48095e+06,1.48355e+06,2600.32
2,18,all_reduce,GPU,1.48355e+06,1.48879e+06,5236.91
2,18,residual_1,GPU,1.48879e+06,1.48895e+06,158.854
2,18,post_attn_layer_norm,GPU,1.48895e+06,1.48911e+06,158.854
2,18,expertFFN,GPU,1.48911e+06,1.5526e+06,63488.6
2,18,sync_0,GPU,1.48911e+06,1.48911e+06,0
2,18,sync__set,GPU,1.48911e+06,1.48911e+06,0
2,18,sync__,GPU,1.48911e+06,1.48911e+06,0
2,18,gate_fn,GPU,1.48911e+06,1.4892e+06,97.9093
2,18,Linear,GPU,1.48911e+06,1.4892e+06,97.9093
2,18,gate_update,GPU,1.4892e+06,1.4892e+06,0
2,18,moe_scatter,GPU,1.4892e+06,1.4892e+06,0
2,18,sync_for_moe_scatter,GPU,1.4892e+06,1.4892e+06,0
2,18,sync__set,GPU,1.4892e+06,1.4892e+06,0
2,18,sync__,GPU,1.4892e+06,1.4892e+06,0
2,18,moe_route,GPU,1.4892e+06,1.4892e+06,0
2,18,expert_FFN_0,GPU,1.4892e+06,1.51556e+06,26357.6
2,18,gate_proj,GPU,1.4892e+06,1.49798e+06,8777.32
2,18,Linear,GPU,1.4892e+06,1.49798e+06,8777.32
2,18,activation,GPU,1.49798e+06,1.49801e+06,25.6611
2,18,up_proj,GPU,1.49801e+06,1.50678e+06,8777.32
2,18,Linear,GPU,1.49801e+06,1.50678e+06,8777.32
2,18,down_proj,GPU,1.50678e+06,1.51556e+06,8777.32
2,18,Linear,GPU,1.50678e+06,1.51556e+06,8777.32
2,18,expert_FFN_1,GPU,1.51556e+06,1.54212e+06,26559.2
2,18,gate_proj,GPU,1.51556e+06,1.52439e+06,8823.14
2,18,Linear,GPU,1.51556e+06,1.52439e+06,8823.14
2,18,activation,GPU,1.52439e+06,1.52448e+06,89.8138
2,18,up_proj,GPU,1.52448e+06,1.5333e+06,8823.14
2,18,Linear,GPU,1.52448e+06,1.5333e+06,8823.14
2,18,down_proj,GPU,1.5333e+06,1.54212e+06,8823.14
2,18,Linear,GPU,1.5333e+06,1.54212e+06,8823.14
2,18,expert_FFN_2,GPU,1.4892e+06,1.49743e+06,8227.59
2,18,gate_proj,GPU,1.4892e+06,1.49194e+06,2737.18
2,18,Linear,Logic,1.4892e+06,1.49194e+06,2737.18
2,18,activation,Logic,1.49194e+06,1.49196e+06,16.0382
2,18,up_proj,GPU,1.49196e+06,1.4947e+06,2737.18
2,18,Linear,Logic,1.49196e+06,1.4947e+06,2737.18
2,18,down_proj,GPU,1.4947e+06,1.49743e+06,2737.18
2,18,Linear,Logic,1.4947e+06,1.49743e+06,2737.18
2,18,expert_FFN_3,GPU,1.49743e+06,1.50403e+06,6594.44
2,18,gate_proj,GPU,1.49743e+06,1.49963e+06,2195.47
2,18,Linear,Logic,1.49743e+06,1.49963e+06,2195.47
2,18,activation,Logic,1.49963e+06,1.49964e+06,8.01909
2,18,up_proj,GPU,1.49964e+06,1.50183e+06,2195.47
2,18,Linear,Logic,1.49964e+06,1.50183e+06,2195.47
2,18,down_proj,GPU,1.50183e+06,1.50403e+06,2195.47
2,18,Linear,Logic,1.50183e+06,1.50403e+06,2195.47
2,18,expert_FFN_4,GPU,1.50403e+06,1.51225e+06,8227.59
2,18,gate_proj,GPU,1.50403e+06,1.50676e+06,2737.18
2,18,Linear,Logic,1.50403e+06,1.50676e+06,2737.18
2,18,activation,Logic,1.50676e+06,1.50678e+06,16.0382
2,18,up_proj,GPU,1.50678e+06,1.50952e+06,2737.18
2,18,Linear,Logic,1.50678e+06,1.50952e+06,2737.18
2,18,down_proj,GPU,1.50952e+06,1.51225e+06,2737.18
2,18,Linear,Logic,1.50952e+06,1.51225e+06,2737.18
2,18,expert_FFN_5,GPU,1.51225e+06,1.51886e+06,6609.57
2,18,gate_proj,GPU,1.51225e+06,1.51445e+06,2198.91
2,18,Linear,Logic,1.51225e+06,1.51445e+06,2198.91
2,18,activation,Logic,1.51445e+06,1.51447e+06,12.8305
2,18,up_proj,GPU,1.51447e+06,1.51666e+06,2198.91
2,18,Linear,Logic,1.51447e+06,1.51666e+06,2198.91
2,18,down_proj,GPU,1.51666e+06,1.51886e+06,2198.91
2,18,Linear,Logic,1.51666e+06,1.51886e+06,2198.91
2,18,expert_FFN_6,GPU,1.51886e+06,1.52546e+06,6599.48
2,18,gate_proj,GPU,1.51886e+06,1.52106e+06,2196.62
2,18,Linear,Logic,1.51886e+06,1.52106e+06,2196.62
2,18,activation,Logic,1.52106e+06,1.52107e+06,9.62291
2,18,up_proj,GPU,1.52107e+06,1.52327e+06,2196.62
2,18,Linear,Logic,1.52107e+06,1.52327e+06,2196.62
2,18,down_proj,GPU,1.52327e+06,1.52546e+06,2196.62
2,18,Linear,Logic,1.52327e+06,1.52546e+06,2196.62
2,18,expert_FFN_7,GPU,1.52546e+06,1.53207e+06,6604.53
2,18,gate_proj,GPU,1.52546e+06,1.52766e+06,2197.77
2,18,Linear,Logic,1.52546e+06,1.52766e+06,2197.77
2,18,activation,Logic,1.52766e+06,1.52767e+06,11.2267
2,18,up_proj,GPU,1.52767e+06,1.52987e+06,2197.77
2,18,Linear,Logic,1.52767e+06,1.52987e+06,2197.77
2,18,down_proj,GPU,1.52987e+06,1.53207e+06,2197.77
2,18,Linear,Logic,1.52987e+06,1.53207e+06,2197.77
2,18,sync_2,GPU,1.54212e+06,1.54212e+06,0
2,18,sync__set,GPU,1.54212e+06,1.54212e+06,0
2,18,sync__,GPU,1.54212e+06,1.54212e+06,0
2,18,moe_all_reduce_for_e_tp,GPU,1.54212e+06,1.54736e+06,5236.91
2,18,sync_3,GPU,1.54736e+06,1.54736e+06,0
2,18,sync__set,GPU,1.54736e+06,1.54736e+06,0
2,18,sync__,GPU,1.54736e+06,1.54736e+06,0
2,18,moe_gather,GPU,1.54736e+06,1.54736e+06,0
2,18,sync_for_moe_gather,GPU,1.54736e+06,1.54736e+06,0
2,18,sync__set,GPU,1.54736e+06,1.54736e+06,0
2,18,sync__,GPU,1.54736e+06,1.54736e+06,0
2,18,moe_all_reduce_for_gather,GPU,1.54736e+06,1.5526e+06,5236.91
2,18,sync_5,GPU,1.5526e+06,1.5526e+06,0
2,18,sync__set,GPU,1.5526e+06,1.5526e+06,0
2,18,sync__,GPU,1.5526e+06,1.5526e+06,0
2,18,sync_6,GPU,1.5526e+06,1.5526e+06,0
2,18,sync__set,GPU,1.5526e+06,1.5526e+06,0
2,18,sync__,GPU,1.5526e+06,1.5526e+06,0
2,18,residual_2,GPU,1.5526e+06,1.55275e+06,158.854
2,19,MoE_decoder_19,GPU,1.55275e+06,1.63385e+06,81100.2
2,19,input_layer_norm,GPU,1.55275e+06,1.55291e+06,158.854
2,19,attention,GPU,1.55291e+06,1.56985e+06,16935.9
2,19,attn_qkv_proj,GPU,1.55291e+06,1.55677e+06,3861.38
2,19,Linear,GPU,1.55291e+06,1.55677e+06,3861.38
2,19,self_attention,GPU,1.55677e+06,1.56201e+06,5237.31
2,19,AttentionSplit,GPU,1.55677e+06,1.55677e+06,0
2,19,AttentionSum,GPU,1.55677e+06,1.55677e+06,0
2,19,AttentionGen,Logic,1.55677e+06,1.56201e+06,5237.31
2,19,AttentionMerge,GPU,1.56201e+06,1.56201e+06,0
2,19,attn_o_proj,GPU,1.56201e+06,1.56461e+06,2600.32
2,19,Linear,GPU,1.56201e+06,1.56461e+06,2600.32
2,19,all_reduce,GPU,1.56461e+06,1.56985e+06,5236.91
2,19,residual_1,GPU,1.56985e+06,1.57001e+06,158.854
2,19,post_attn_layer_norm,GPU,1.57001e+06,1.57017e+06,158.854
2,19,expertFFN,GPU,1.57017e+06,1.6337e+06,63528.9
2,19,sync_0,GPU,1.57017e+06,1.57017e+06,0
2,19,sync__set,GPU,1.57017e+06,1.57017e+06,0
2,19,sync__,GPU,1.57017e+06,1.57017e+06,0
2,19,gate_fn,GPU,1.57017e+06,1.57026e+06,97.9093
2,19,Linear,GPU,1.57017e+06,1.57026e+06,97.9093
2,19,gate_update,GPU,1.57026e+06,1.57026e+06,0
2,19,moe_scatter,GPU,1.57026e+06,1.57026e+06,0
2,19,sync_for_moe_scatter,GPU,1.57026e+06,1.57026e+06,0
2,19,sync__set,GPU,1.57026e+06,1.57026e+06,0
2,19,sync__,GPU,1.57026e+06,1.57026e+06,0
2,19,moe_route,GPU,1.57026e+06,1.57026e+06,0
2,19,expert_FFN_0,GPU,1.57026e+06,1.57686e+06,6594.44
2,19,gate_proj,GPU,1.57026e+06,1.57246e+06,2195.47
2,19,Linear,Logic,1.57026e+06,1.57246e+06,2195.47
2,19,activation,Logic,1.57246e+06,1.57247e+06,8.01909
2,19,up_proj,GPU,1.57247e+06,1.57466e+06,2195.47
2,19,Linear,Logic,1.57247e+06,1.57466e+06,2195.47
2,19,down_proj,GPU,1.57466e+06,1.57686e+06,2195.47
2,19,Linear,Logic,1.57466e+06,1.57686e+06,2195.47
2,19,expert_FFN_1,GPU,1.57686e+06,1.58346e+06,6604.53
2,19,gate_proj,GPU,1.57686e+06,1.57906e+06,2197.77
2,19,Linear,Logic,1.57686e+06,1.57906e+06,2197.77
2,19,activation,Logic,1.57906e+06,1.57907e+06,11.2267
2,19,up_proj,GPU,1.57907e+06,1.58127e+06,2197.77
2,19,Linear,Logic,1.57907e+06,1.58127e+06,2197.77
2,19,down_proj,GPU,1.58127e+06,1.58346e+06,2197.77
2,19,Linear,Logic,1.58127e+06,1.58346e+06,2197.77
2,19,expert_FFN_2,GPU,1.58346e+06,1.59169e+06,8227.59
2,19,gate_proj,GPU,1.58346e+06,1.5862e+06,2737.18
2,19,Linear,Logic,1.58346e+06,1.5862e+06,2737.18
2,19,activation,Logic,1.5862e+06,1.58622e+06,16.0382
2,19,up_proj,GPU,1.58622e+06,1.58895e+06,2737.18
2,19,Linear,Logic,1.58622e+06,1.58895e+06,2737.18
2,19,down_proj,GPU,1.58895e+06,1.59169e+06,2737.18
2,19,Linear,Logic,1.58895e+06,1.59169e+06,2737.18
2,19,expert_FFN_3,GPU,1.59169e+06,1.59829e+06,6594.44
2,19,gate_proj,GPU,1.59169e+06,1.59389e+06,2195.47
2,19,Linear,Logic,1.59169e+06,1.59389e+06,2195.47
2,19,activation,Logic,1.59389e+06,1.59389e+06,8.01909
2,19,up_proj,GPU,1.59389e+06,1.59609e+06,2195.47
2,19,Linear,Logic,1.59389e+06,1.59609e+06,2195.47
2,19,down_proj,GPU,1.59609e+06,1.59829e+06,2195.47
2,19,Linear,Logic,1.59609e+06,1.59829e+06,2195.47
2,19,expert_FFN_4,GPU,1.57026e+06,1.5968e+06,26539.1
2,19,gate_proj,GPU,1.57026e+06,1.57908e+06,8818.56
2,19,Linear,GPU,1.57026e+06,1.57908e+06,8818.56
2,19,activation,GPU,1.57908e+06,1.57917e+06,83.3986
2,19,up_proj,GPU,1.57917e+06,1.58799e+06,8818.56
2,19,Linear,GPU,1.57917e+06,1.58799e+06,8818.56
2,19,down_proj,GPU,1.58799e+06,1.5968e+06,8818.56
2,19,Linear,GPU,1.58799e+06,1.5968e+06,8818.56
2,19,expert_FFN_5,GPU,1.5968e+06,1.62322e+06,26418.1
2,19,gate_proj,GPU,1.5968e+06,1.60559e+06,8791.06
2,19,Linear,GPU,1.5968e+06,1.60559e+06,8791.06
2,19,activation,GPU,1.60559e+06,1.60564e+06,44.9069
2,19,up_proj,GPU,1.60564e+06,1.61443e+06,8791.06
2,19,Linear,GPU,1.60564e+06,1.61443e+06,8791.06
2,19,down_proj,GPU,1.61443e+06,1.62322e+06,8791.06
2,19,Linear,GPU,1.61443e+06,1.62322e+06,8791.06
2,19,expert_FFN_6,GPU,1.59829e+06,1.6049e+06,6609.57
2,19,gate_proj,GPU,1.59829e+06,1.60048e+06,2198.91
2,19,Linear,Logic,1.59829e+06,1.60048e+06,2198.91
2,19,activation,Logic,1.60048e+06,1.6005e+06,12.8305
2,19,up_proj,GPU,1.6005e+06,1.6027e+06,2198.91
2,19,Linear,Logic,1.6005e+06,1.6027e+06,2198.91
2,19,down_proj,GPU,1.6027e+06,1.6049e+06,2198.91
2,19,Linear,Logic,1.6027e+06,1.6049e+06,2198.91
2,19,expert_FFN_7,GPU,1.6049e+06,1.6123e+06,7404.83
2,19,gate_proj,GPU,1.6049e+06,1.60736e+06,2463.47
2,19,Linear,Logic,1.6049e+06,1.60736e+06,2463.47
2,19,activation,Logic,1.60736e+06,1.60737e+06,14.4344
2,19,up_proj,GPU,1.60737e+06,1.60984e+06,2463.47
2,19,Linear,Logic,1.60737e+06,1.60984e+06,2463.47
2,19,down_proj,GPU,1.60984e+06,1.6123e+06,2463.47
2,19,Linear,Logic,1.60984e+06,1.6123e+06,2463.47
2,19,sync_2,GPU,1.62322e+06,1.62322e+06,0
2,19,sync__set,GPU,1.62322e+06,1.62322e+06,0
2,19,sync__,GPU,1.62322e+06,1.62322e+06,0
2,19,moe_all_reduce_for_e_tp,GPU,1.62322e+06,1.62846e+06,5236.91
2,19,sync_3,GPU,1.62846e+06,1.62846e+06,0
2,19,sync__set,GPU,1.62846e+06,1.62846e+06,0
2,19,sync__,GPU,1.62846e+06,1.62846e+06,0
2,19,moe_gather,GPU,1.62846e+06,1.62846e+06,0
2,19,sync_for_moe_gather,GPU,1.62846e+06,1.62846e+06,0
2,19,sync__set,GPU,1.62846e+06,1.62846e+06,0
2,19,sync__,GPU,1.62846e+06,1.62846e+06,0
2,19,moe_all_reduce_for_gather,GPU,1.62846e+06,1.6337e+06,5236.91
2,19,sync_5,GPU,1.6337e+06,1.6337e+06,0
2,19,sync__set,GPU,1.6337e+06,1.6337e+06,0
2,19,sync__,GPU,1.6337e+06,1.6337e+06,0
2,19,sync_6,GPU,1.6337e+06,1.6337e+06,0
2,19,sync__set,GPU,1.6337e+06,1.6337e+06,0
2,19,sync__,GPU,1.6337e+06,1.6337e+06,0
2,19,residual_2,GPU,1.6337e+06,1.63385e+06,158.854
2,20,MoE_decoder_20,GPU,1.63385e+06,1.72131e+06,87451.4
2,20,input_layer_norm,GPU,1.63385e+06,1.63401e+06,158.854
2,20,attention,GPU,1.63401e+06,1.65095e+06,16935.9
2,20,attn_qkv_proj,GPU,1.63401e+06,1.63787e+06,3861.38
2,20,Linear,GPU,1.63401e+06,1.63787e+06,3861.38
2,20,self_attention,GPU,1.63787e+06,1.64311e+06,5237.31
2,20,AttentionSplit,GPU,1.63787e+06,1.63787e+06,0
2,20,AttentionSum,GPU,1.63787e+06,1.63787e+06,0
2,20,AttentionGen,Logic,1.63787e+06,1.64311e+06,5237.31
2,20,AttentionMerge,GPU,1.64311e+06,1.64311e+06,0
2,20,attn_o_proj,GPU,1.64311e+06,1.64571e+06,2600.32
2,20,Linear,GPU,1.64311e+06,1.64571e+06,2600.32
2,20,all_reduce,GPU,1.64571e+06,1.65095e+06,5236.91
2,20,residual_1,GPU,1.65095e+06,1.65111e+06,158.854
2,20,post_attn_layer_norm,GPU,1.65111e+06,1.65127e+06,158.854
2,20,expertFFN,GPU,1.65127e+06,1.72115e+06,69880
2,20,sync_0,GPU,1.65127e+06,1.65127e+06,0
2,20,sync__set,GPU,1.65127e+06,1.65127e+06,0
2,20,sync__,GPU,1.65127e+06,1.65127e+06,0
2,20,gate_fn,GPU,1.65127e+06,1.65136e+06,97.9093
2,20,Linear,GPU,1.65127e+06,1.65136e+06,97.9093
2,20,gate_update,GPU,1.65136e+06,1.65136e+06,0
2,20,moe_scatter,GPU,1.65136e+06,1.65136e+06,0
2,20,sync_for_moe_scatter,GPU,1.65136e+06,1.65136e+06,0
2,20,sync__set,GPU,1.65136e+06,1.65136e+06,0
2,20,sync__,GPU,1.65136e+06,1.65136e+06,0
2,20,moe_route,GPU,1.65136e+06,1.65136e+06,0
2,20,expert_FFN_0,GPU,1.65136e+06,1.65959e+06,8227.59
2,20,gate_proj,GPU,1.65136e+06,1.6541e+06,2737.18
2,20,Linear,Logic,1.65136e+06,1.6541e+06,2737.18
2,20,activation,Logic,1.6541e+06,1.65412e+06,16.0382
2,20,up_proj,GPU,1.65412e+06,1.65686e+06,2737.18
2,20,Linear,Logic,1.65412e+06,1.65686e+06,2737.18
2,20,down_proj,GPU,1.65686e+06,1.65959e+06,2737.18
2,20,Linear,Logic,1.65686e+06,1.65959e+06,2737.18
2,20,expert_FFN_1,GPU,1.65959e+06,1.66619e+06,6599.48
2,20,gate_proj,GPU,1.65959e+06,1.66179e+06,2196.62
2,20,Linear,Logic,1.65959e+06,1.66179e+06,2196.62
2,20,activation,Logic,1.66179e+06,1.6618e+06,9.62291
2,20,up_proj,GPU,1.6618e+06,1.664e+06,2196.62
2,20,Linear,Logic,1.6618e+06,1.664e+06,2196.62
2,20,down_proj,GPU,1.664e+06,1.66619e+06,2196.62
2,20,Linear,Logic,1.664e+06,1.66619e+06,2196.62
2,20,expert_FFN_2,GPU,1.66619e+06,1.67442e+06,8227.59
2,20,gate_proj,GPU,1.66619e+06,1.66893e+06,2737.18
2,20,Linear,Logic,1.66619e+06,1.66893e+06,2737.18
2,20,activation,Logic,1.66893e+06,1.66895e+06,16.0382
2,20,up_proj,GPU,1.66895e+06,1.67168e+06,2737.18
2,20,Linear,Logic,1.66895e+06,1.67168e+06,2737.18
2,20,down_proj,GPU,1.67168e+06,1.67442e+06,2737.18
2,20,Linear,Logic,1.67168e+06,1.67442e+06,2737.18
2,20,expert_FFN_3,GPU,1.67442e+06,1.68102e+06,6599.48
2,20,gate_proj,GPU,1.67442e+06,1.67662e+06,2196.62
2,20,Linear,Logic,1.67442e+06,1.67662e+06,2196.62
2,20,activation,Logic,1.67662e+06,1.67663e+06,9.62291
2,20,up_proj,GPU,1.67663e+06,1.67882e+06,2196.62
2,20,Linear,Logic,1.67663e+06,1.67882e+06,2196.62
2,20,down_proj,GPU,1.67882e+06,1.68102e+06,2196.62
2,20,Linear,Logic,1.67882e+06,1.68102e+06,2196.62
2,20,expert_FFN_4,GPU,1.68102e+06,1.68925e+06,8227.59
2,20,gate_proj,GPU,1.68102e+06,1.68376e+06,2737.18
2,20,Linear,Logic,1.68102e+06,1.68376e+06,2737.18
2,20,activation,Logic,1.68376e+06,1.68377e+06,16.0382
2,20,up_proj,GPU,1.68377e+06,1.68651e+06,2737.18
2,20,Linear,Logic,1.68377e+06,1.68651e+06,2737.18
2,20,down_proj,GPU,1.68651e+06,1.68925e+06,2737.18
2,20,Linear,Logic,1.68651e+06,1.68925e+06,2737.18
2,20,expert_FFN_5,GPU,1.68925e+06,1.69747e+06,8227.59
2,20,gate_proj,GPU,1.68925e+06,1.69198e+06,2737.18
2,20,Linear,Logic,1.68925e+06,1.69198e+06,2737.18
2,20,activation,Logic,1.69198e+06,1.692e+06,16.0382
2,20,up_proj,GPU,1.692e+06,1.69474e+06,2737.18
2,20,Linear,Logic,1.692e+06,1.69474e+06,2737.18
2,20,down_proj,GPU,1.69474e+06,1.69747e+06,2737.18
2,20,Linear,Logic,1.69474e+06,1.69747e+06,2737.18
2,20,expert_FFN_6,GPU,1.69747e+06,1.70408e+06,6604.53
2,20,gate_proj,GPU,1.69747e+06,1.69967e+06,2197.77
2,20,Linear,Logic,1.69747e+06,1.69967e+06,2197.77
2,20,activation,Logic,1.69967e+06,1.69968e+06,11.2267
2,20,up_proj,GPU,1.69968e+06,1.70188e+06,2197.77
2,20,Linear,Logic,1.69968e+06,1.70188e+06,2197.77
2,20,down_proj,GPU,1.70188e+06,1.70408e+06,2197.77
2,20,Linear,Logic,1.70188e+06,1.70408e+06,2197.77
2,20,expert_FFN_7,GPU,1.70408e+06,1.71067e+06,6594.44
2,20,gate_proj,GPU,1.70408e+06,1.70627e+06,2195.47
2,20,Linear,Logic,1.70408e+06,1.70627e+06,2195.47
2,20,activation,Logic,1.70627e+06,1.70628e+06,8.01909
2,20,up_proj,GPU,1.70628e+06,1.70848e+06,2195.47
2,20,Linear,Logic,1.70628e+06,1.70848e+06,2195.47
2,20,down_proj,GPU,1.70848e+06,1.71067e+06,2195.47
2,20,Linear,Logic,1.70848e+06,1.71067e+06,2195.47
2,20,sync_2,GPU,1.71067e+06,1.71067e+06,0
2,20,sync__set,GPU,1.71067e+06,1.71067e+06,0
2,20,sync__,GPU,1.71067e+06,1.71067e+06,0
2,20,moe_all_reduce_for_e_tp,GPU,1.71067e+06,1.71591e+06,5236.91
2,20,sync_3,GPU,1.71591e+06,1.71591e+06,0
2,20,sync__set,GPU,1.71591e+06,1.71591e+06,0
2,20,sync__,GPU,1.71591e+06,1.71591e+06,0
2,20,moe_gather,GPU,1.71591e+06,1.71591e+06,0
2,20,sync_for_moe_gather,GPU,1.71591e+06,1.71591e+06,0
2,20,sync__set,GPU,1.71591e+06,1.71591e+06,0
2,20,sync__,GPU,1.71591e+06,1.71591e+06,0
2,20,moe_all_reduce_for_gather,GPU,1.71591e+06,1.72115e+06,5236.91
2,20,sync_5,GPU,1.72115e+06,1.72115e+06,0
2,20,sync__set,GPU,1.72115e+06,1.72115e+06,0
2,20,sync__,GPU,1.72115e+06,1.72115e+06,0
2,20,sync_6,GPU,1.72115e+06,1.72115e+06,0
2,20,sync__set,GPU,1.72115e+06,1.72115e+06,0
2,20,sync__,GPU,1.72115e+06,1.72115e+06,0
2,20,residual_2,GPU,1.72115e+06,1.72131e+06,158.854
2,21,MoE_decoder_21,GPU,1.72131e+06,1.80251e+06,81201
2,21,input_layer_norm,GPU,1.72131e+06,1.72146e+06,158.854
2,21,attention,GPU,1.72146e+06,1.7384e+06,16935.9
2,21,attn_qkv_proj,GPU,1.72146e+06,1.72533e+06,3861.38
2,21,Linear,GPU,1.72146e+06,1.72533e+06,3861.38
2,21,self_attention,GPU,1.72533e+06,1.73056e+06,5237.31
2,21,AttentionSplit,GPU,1.72533e+06,1.72533e+06,0
2,21,AttentionSum,GPU,1.72533e+06,1.72533e+06,0
2,21,AttentionGen,Logic,1.72533e+06,1.73056e+06,5237.31
2,21,AttentionMerge,GPU,1.73056e+06,1.73056e+06,0
2,21,attn_o_proj,GPU,1.73056e+06,1.73316e+06,2600.32
2,21,Linear,GPU,1.73056e+06,1.73316e+06,2600.32
2,21,all_reduce,GPU,1.73316e+06,1.7384e+06,5236.91
2,21,residual_1,GPU,1.7384e+06,1.73856e+06,158.854
2,21,post_attn_layer_norm,GPU,1.73856e+06,1.73872e+06,158.854
2,21,expertFFN,GPU,1.73872e+06,1.80235e+06,63629.7
2,21,sync_0,GPU,1.73872e+06,1.73872e+06,0
2,21,sync__set,GPU,1.73872e+06,1.73872e+06,0
2,21,sync__,GPU,1.73872e+06,1.73872e+06,0
2,21,gate_fn,GPU,1.73872e+06,1.73882e+06,97.9093
2,21,Linear,GPU,1.73872e+06,1.73882e+06,97.9093
2,21,gate_update,GPU,1.73882e+06,1.73882e+06,0
2,21,moe_scatter,GPU,1.73882e+06,1.73882e+06,0
2,21,sync_for_moe_scatter,GPU,1.73882e+06,1.73882e+06,0
2,21,sync__set,GPU,1.73882e+06,1.73882e+06,0
2,21,sync__,GPU,1.73882e+06,1.73882e+06,0
2,21,moe_route,GPU,1.73882e+06,1.73882e+06,0
2,21,expert_FFN_0,GPU,1.73882e+06,1.74543e+06,6609.57
2,21,gate_proj,GPU,1.73882e+06,1.74102e+06,2198.91
2,21,Linear,Logic,1.73882e+06,1.74102e+06,2198.91
2,21,activation,Logic,1.74102e+06,1.74103e+06,12.8305
2,21,up_proj,GPU,1.74103e+06,1.74323e+06,2198.91
2,21,Linear,Logic,1.74103e+06,1.74323e+06,2198.91
2,21,down_proj,GPU,1.74323e+06,1.74543e+06,2198.91
2,21,Linear,Logic,1.74323e+06,1.74543e+06,2198.91
2,21,expert_FFN_1,GPU,1.74543e+06,1.75203e+06,6599.48
2,21,gate_proj,GPU,1.74543e+06,1.74762e+06,2196.62
2,21,Linear,Logic,1.74543e+06,1.74762e+06,2196.62
2,21,activation,Logic,1.74762e+06,1.74763e+06,9.62291
2,21,up_proj,GPU,1.74763e+06,1.74983e+06,2196.62
2,21,Linear,Logic,1.74763e+06,1.74983e+06,2196.62
2,21,down_proj,GPU,1.74983e+06,1.75203e+06,2196.62
2,21,Linear,Logic,1.74983e+06,1.75203e+06,2196.62
2,21,expert_FFN_2,GPU,1.75203e+06,1.76025e+06,8227.59
2,21,gate_proj,GPU,1.75203e+06,1.75476e+06,2737.18
2,21,Linear,Logic,1.75203e+06,1.75476e+06,2737.18
2,21,activation,Logic,1.75476e+06,1.75478e+06,16.0382
2,21,up_proj,GPU,1.75478e+06,1.75752e+06,2737.18
2,21,Linear,Logic,1.75478e+06,1.75752e+06,2737.18
2,21,down_proj,GPU,1.75752e+06,1.76025e+06,2737.18
2,21,Linear,Logic,1.75752e+06,1.76025e+06,2737.18
2,21,expert_FFN_3,GPU,1.76025e+06,1.76686e+06,6609.57
2,21,gate_proj,GPU,1.76025e+06,1.76245e+06,2198.91
2,21,Linear,Logic,1.76025e+06,1.76245e+06,2198.91
2,21,activation,Logic,1.76245e+06,1.76246e+06,12.8305
2,21,up_proj,GPU,1.76246e+06,1.76466e+06,2198.91
2,21,Linear,Logic,1.76246e+06,1.76466e+06,2198.91
2,21,down_proj,GPU,1.76466e+06,1.76686e+06,2198.91
2,21,Linear,Logic,1.76466e+06,1.76686e+06,2198.91
2,21,expert_FFN_4,GPU,1.73882e+06,1.76538e+06,26559.2
2,21,gate_proj,GPU,1.73882e+06,1.74764e+06,8823.14
2,21,Linear,GPU,1.73882e+06,1.74764e+06,8823.14
2,21,activation,GPU,1.74764e+06,1.74773e+06,89.8138
2,21,up_proj,GPU,1.74773e+06,1.75655e+06,8823.14
2,21,Linear,GPU,1.74773e+06,1.75655e+06,8823.14
2,21,down_proj,GPU,1.75655e+06,1.76538e+06,8823.14
2,21,Linear,GPU,1.75655e+06,1.76538e+06,8823.14
2,21,expert_FFN_5,GPU,1.76538e+06,1.79187e+06,26498.7
2,21,gate_proj,GPU,1.76538e+06,1.77418e+06,8809.39
2,21,Linear,GPU,1.76538e+06,1.77418e+06,8809.39
2,21,activation,GPU,1.77418e+06,1.77426e+06,70.568
2,21,up_proj,GPU,1.77426e+06,1.78306e+06,8809.39
2,21,Linear,GPU,1.77426e+06,1.78306e+06,8809.39
2,21,down_proj,GPU,1.78306e+06,1.79187e+06,8809.39
2,21,Linear,GPU,1.78306e+06,1.79187e+06,8809.39
2,21,expert_FFN_6,GPU,1.76686e+06,1.77344e+06,6579.32
2,21,gate_proj,GPU,1.76686e+06,1.76905e+06,2192.04
2,21,Linear,Logic,1.76686e+06,1.76905e+06,2192.04
2,21,activation,Logic,1.76905e+06,1.76906e+06,3.20764
2,21,up_proj,GPU,1.76906e+06,1.77125e+06,2192.04
2,21,Linear,Logic,1.76906e+06,1.77125e+06,2192.04
2,21,down_proj,GPU,1.77125e+06,1.77344e+06,2192.04
2,21,Linear,Logic,1.77125e+06,1.77344e+06,2192.04
2,21,expert_FFN_7,GPU,1.77344e+06,1.78004e+06,6594.44
2,21,gate_proj,GPU,1.77344e+06,1.77564e+06,2195.47
2,21,Linear,Logic,1.77344e+06,1.77564e+06,2195.47
2,21,activation,Logic,1.77564e+06,1.77565e+06,8.01909
2,21,up_proj,GPU,1.77565e+06,1.77784e+06,2195.47
2,21,Linear,Logic,1.77565e+06,1.77784e+06,2195.47
2,21,down_proj,GPU,1.77784e+06,1.78004e+06,2195.47
2,21,Linear,Logic,1.77784e+06,1.78004e+06,2195.47
2,21,sync_2,GPU,1.79187e+06,1.79187e+06,0
2,21,sync__set,GPU,1.79187e+06,1.79187e+06,0
2,21,sync__,GPU,1.79187e+06,1.79187e+06,0
2,21,moe_all_reduce_for_e_tp,GPU,1.79187e+06,1.79711e+06,5236.91
2,21,sync_3,GPU,1.79711e+06,1.79711e+06,0
2,21,sync__set,GPU,1.79711e+06,1.79711e+06,0
2,21,sync__,GPU,1.79711e+06,1.79711e+06,0
2,21,moe_gather,GPU,1.79711e+06,1.79711e+06,0
2,21,sync_for_moe_gather,GPU,1.79711e+06,1.79711e+06,0
2,21,sync__set,GPU,1.79711e+06,1.79711e+06,0
2,21,sync__,GPU,1.79711e+06,1.79711e+06,0
2,21,moe_all_reduce_for_gather,GPU,1.79711e+06,1.80235e+06,5236.91
2,21,sync_5,GPU,1.80235e+06,1.80235e+06,0
2,21,sync__set,GPU,1.80235e+06,1.80235e+06,0
2,21,sync__,GPU,1.80235e+06,1.80235e+06,0
2,21,sync_6,GPU,1.80235e+06,1.80235e+06,0
2,21,sync__set,GPU,1.80235e+06,1.80235e+06,0
2,21,sync__,GPU,1.80235e+06,1.80235e+06,0
2,21,residual_2,GPU,1.80235e+06,1.80251e+06,158.854
2,22,MoE_decoder_22,GPU,1.80251e+06,1.88359e+06,81080.1
2,22,input_layer_norm,GPU,1.80251e+06,1.80267e+06,158.854
2,22,attention,GPU,1.80267e+06,1.8196e+06,16935.9
2,22,attn_qkv_proj,GPU,1.80267e+06,1.80653e+06,3861.38
2,22,Linear,GPU,1.80267e+06,1.80653e+06,3861.38
2,22,self_attention,GPU,1.80653e+06,1.81176e+06,5237.31
2,22,AttentionSplit,GPU,1.80653e+06,1.80653e+06,0
2,22,AttentionSum,GPU,1.80653e+06,1.80653e+06,0
2,22,AttentionGen,Logic,1.80653e+06,1.81176e+06,5237.31
2,22,AttentionMerge,GPU,1.81176e+06,1.81176e+06,0
2,22,attn_o_proj,GPU,1.81176e+06,1.81436e+06,2600.32
2,22,Linear,GPU,1.81176e+06,1.81436e+06,2600.32
2,22,all_reduce,GPU,1.81436e+06,1.8196e+06,5236.91
2,22,residual_1,GPU,1.8196e+06,1.81976e+06,158.854
2,22,post_attn_layer_norm,GPU,1.81976e+06,1.81992e+06,158.854
2,22,expertFFN,GPU,1.81992e+06,1.88343e+06,63508.7
2,22,sync_0,GPU,1.81992e+06,1.81992e+06,0
2,22,sync__set,GPU,1.81992e+06,1.81992e+06,0
2,22,sync__,GPU,1.81992e+06,1.81992e+06,0
2,22,gate_fn,GPU,1.81992e+06,1.82002e+06,97.9093
2,22,Linear,GPU,1.81992e+06,1.82002e+06,97.9093
2,22,gate_update,GPU,1.82002e+06,1.82002e+06,0
2,22,moe_scatter,GPU,1.82002e+06,1.82002e+06,0
2,22,sync_for_moe_scatter,GPU,1.82002e+06,1.82002e+06,0
2,22,sync__set,GPU,1.82002e+06,1.82002e+06,0
2,22,sync__,GPU,1.82002e+06,1.82002e+06,0
2,22,moe_route,GPU,1.82002e+06,1.82002e+06,0
2,22,expert_FFN_0,GPU,1.82002e+06,1.82662e+06,6599.48
2,22,gate_proj,GPU,1.82002e+06,1.82221e+06,2196.62
2,22,Linear,Logic,1.82002e+06,1.82221e+06,2196.62
2,22,activation,Logic,1.82221e+06,1.82222e+06,9.62291
2,22,up_proj,GPU,1.82222e+06,1.82442e+06,2196.62
2,22,Linear,Logic,1.82222e+06,1.82442e+06,2196.62
2,22,down_proj,GPU,1.82442e+06,1.82662e+06,2196.62
2,22,Linear,Logic,1.82442e+06,1.82662e+06,2196.62
2,22,expert_FFN_1,GPU,1.82662e+06,1.83402e+06,7404.83
2,22,gate_proj,GPU,1.82662e+06,1.82908e+06,2463.47
2,22,Linear,Logic,1.82662e+06,1.82908e+06,2463.47
2,22,activation,Logic,1.82908e+06,1.82909e+06,14.4344
2,22,up_proj,GPU,1.82909e+06,1.83156e+06,2463.47
2,22,Linear,Logic,1.82909e+06,1.83156e+06,2463.47
2,22,down_proj,GPU,1.83156e+06,1.83402e+06,2463.47
2,22,Linear,Logic,1.83156e+06,1.83402e+06,2463.47
2,22,expert_FFN_2,GPU,1.83402e+06,1.84143e+06,7404.83
2,22,gate_proj,GPU,1.83402e+06,1.83649e+06,2463.47
2,22,Linear,Logic,1.83402e+06,1.83649e+06,2463.47
2,22,activation,Logic,1.83649e+06,1.8365e+06,14.4344
2,22,up_proj,GPU,1.8365e+06,1.83896e+06,2463.47
2,22,Linear,Logic,1.8365e+06,1.83896e+06,2463.47
2,22,down_proj,GPU,1.83896e+06,1.84143e+06,2463.47
2,22,Linear,Logic,1.83896e+06,1.84143e+06,2463.47
2,22,expert_FFN_3,GPU,1.84143e+06,1.84803e+06,6599.48
2,22,gate_proj,GPU,1.84143e+06,1.84362e+06,2196.62
2,22,Linear,Logic,1.84143e+06,1.84362e+06,2196.62
2,22,activation,Logic,1.84362e+06,1.84363e+06,9.62291
2,22,up_proj,GPU,1.84363e+06,1.84583e+06,2196.62
2,22,Linear,Logic,1.84363e+06,1.84583e+06,2196.62
2,22,down_proj,GPU,1.84583e+06,1.84803e+06,2196.62
2,22,Linear,Logic,1.84583e+06,1.84803e+06,2196.62
2,22,expert_FFN_4,GPU,1.84803e+06,1.85625e+06,8227.59
2,22,gate_proj,GPU,1.84803e+06,1.85076e+06,2737.18
2,22,Linear,Logic,1.84803e+06,1.85076e+06,2737.18
2,22,activation,Logic,1.85076e+06,1.85078e+06,16.0382
2,22,up_proj,GPU,1.85078e+06,1.85352e+06,2737.18
2,22,Linear,Logic,1.85078e+06,1.85352e+06,2737.18
2,22,down_proj,GPU,1.85352e+06,1.85625e+06,2737.18
2,22,Linear,Logic,1.85352e+06,1.85625e+06,2737.18
2,22,expert_FFN_5,GPU,1.85625e+06,1.86285e+06,6594.44
2,22,gate_proj,GPU,1.85625e+06,1.85845e+06,2195.47
2,22,Linear,Logic,1.85625e+06,1.85845e+06,2195.47
2,22,activation,Logic,1.85845e+06,1.85846e+06,8.01909
2,22,up_proj,GPU,1.85846e+06,1.86065e+06,2195.47
2,22,Linear,Logic,1.85846e+06,1.86065e+06,2195.47
2,22,down_proj,GPU,1.86065e+06,1.86285e+06,2195.47
2,22,Linear,Logic,1.86065e+06,1.86285e+06,2195.47
2,22,expert_FFN_6,GPU,1.82002e+06,1.84654e+06,26518.9
2,22,gate_proj,GPU,1.82002e+06,1.82883e+06,8813.98
2,22,Linear,GPU,1.82002e+06,1.82883e+06,8813.98
2,22,activation,GPU,1.82883e+06,1.82891e+06,76.9833
2,22,up_proj,GPU,1.82891e+06,1.83772e+06,8813.98
2,22,Linear,GPU,1.82891e+06,1.83772e+06,8813.98
2,22,down_proj,GPU,1.83772e+06,1.84654e+06,8813.98
2,22,Linear,GPU,1.83772e+06,1.84654e+06,8813.98
2,22,expert_FFN_7,GPU,1.84654e+06,1.87295e+06,26418.1
2,22,gate_proj,GPU,1.84654e+06,1.85533e+06,8791.06
2,22,Linear,GPU,1.84654e+06,1.85533e+06,8791.06
2,22,activation,GPU,1.85533e+06,1.85537e+06,44.9069
2,22,up_proj,GPU,1.85537e+06,1.86416e+06,8791.06
2,22,Linear,GPU,1.85537e+06,1.86416e+06,8791.06
2,22,down_proj,GPU,1.86416e+06,1.87295e+06,8791.06
2,22,Linear,GPU,1.86416e+06,1.87295e+06,8791.06
2,22,sync_2,GPU,1.87295e+06,1.87295e+06,0
2,22,sync__set,GPU,1.87295e+06,1.87295e+06,0
2,22,sync__,GPU,1.87295e+06,1.87295e+06,0
2,22,moe_all_reduce_for_e_tp,GPU,1.87295e+06,1.87819e+06,5236.91
2,22,sync_3,GPU,1.87819e+06,1.87819e+06,0
2,22,sync__set,GPU,1.87819e+06,1.87819e+06,0
2,22,sync__,GPU,1.87819e+06,1.87819e+06,0
2,22,moe_gather,GPU,1.87819e+06,1.87819e+06,0
2,22,sync_for_moe_gather,GPU,1.87819e+06,1.87819e+06,0
2,22,sync__set,GPU,1.87819e+06,1.87819e+06,0
2,22,sync__,GPU,1.87819e+06,1.87819e+06,0
2,22,moe_all_reduce_for_gather,GPU,1.87819e+06,1.88343e+06,5236.91
2,22,sync_5,GPU,1.88343e+06,1.88343e+06,0
2,22,sync__set,GPU,1.88343e+06,1.88343e+06,0
2,22,sync__,GPU,1.88343e+06,1.88343e+06,0
2,22,sync_6,GPU,1.88343e+06,1.88343e+06,0
2,22,sync__set,GPU,1.88343e+06,1.88343e+06,0
2,22,sync__,GPU,1.88343e+06,1.88343e+06,0
2,22,residual_2,GPU,1.88343e+06,1.88359e+06,158.854
2,23,MoE_decoder_23,GPU,1.88359e+06,1.96465e+06,81059.9
2,23,input_layer_norm,GPU,1.88359e+06,1.88375e+06,158.854
2,23,attention,GPU,1.88375e+06,1.90068e+06,16935.9
2,23,attn_qkv_proj,GPU,1.88375e+06,1.88761e+06,3861.38
2,23,Linear,GPU,1.88375e+06,1.88761e+06,3861.38
2,23,self_attention,GPU,1.88761e+06,1.89284e+06,5237.31
2,23,AttentionSplit,GPU,1.88761e+06,1.88761e+06,0
2,23,AttentionSum,GPU,1.88761e+06,1.88761e+06,0
2,23,AttentionGen,Logic,1.88761e+06,1.89284e+06,5237.31
2,23,AttentionMerge,GPU,1.89284e+06,1.89284e+06,0
2,23,attn_o_proj,GPU,1.89284e+06,1.89544e+06,2600.32
2,23,Linear,GPU,1.89284e+06,1.89544e+06,2600.32
2,23,all_reduce,GPU,1.89544e+06,1.90068e+06,5236.91
2,23,residual_1,GPU,1.90068e+06,1.90084e+06,158.854
2,23,post_attn_layer_norm,GPU,1.90084e+06,1.901e+06,158.854
2,23,expertFFN,GPU,1.901e+06,1.96449e+06,63488.6
2,23,sync_0,GPU,1.901e+06,1.901e+06,0
2,23,sync__set,GPU,1.901e+06,1.901e+06,0
2,23,sync__,GPU,1.901e+06,1.901e+06,0
2,23,gate_fn,GPU,1.901e+06,1.9011e+06,97.9093
2,23,Linear,GPU,1.901e+06,1.9011e+06,97.9093
2,23,gate_update,GPU,1.9011e+06,1.9011e+06,0
2,23,moe_scatter,GPU,1.9011e+06,1.9011e+06,0
2,23,sync_for_moe_scatter,GPU,1.9011e+06,1.9011e+06,0
2,23,sync__set,GPU,1.9011e+06,1.9011e+06,0
2,23,sync__,GPU,1.9011e+06,1.9011e+06,0
2,23,moe_route,GPU,1.9011e+06,1.9011e+06,0
2,23,expert_FFN_0,GPU,1.9011e+06,1.9085e+06,7404.83
2,23,gate_proj,GPU,1.9011e+06,1.90356e+06,2463.47
2,23,Linear,Logic,1.9011e+06,1.90356e+06,2463.47
2,23,activation,Logic,1.90356e+06,1.90358e+06,14.4344
2,23,up_proj,GPU,1.90358e+06,1.90604e+06,2463.47
2,23,Linear,Logic,1.90358e+06,1.90604e+06,2463.47
2,23,down_proj,GPU,1.90604e+06,1.9085e+06,2463.47
2,23,Linear,Logic,1.90604e+06,1.9085e+06,2463.47
2,23,expert_FFN_1,GPU,1.9085e+06,1.91511e+06,6604.53
2,23,gate_proj,GPU,1.9085e+06,1.9107e+06,2197.77
2,23,Linear,Logic,1.9085e+06,1.9107e+06,2197.77
2,23,activation,Logic,1.9107e+06,1.91071e+06,11.2267
2,23,up_proj,GPU,1.91071e+06,1.91291e+06,2197.77
2,23,Linear,Logic,1.91071e+06,1.91291e+06,2197.77
2,23,down_proj,GPU,1.91291e+06,1.91511e+06,2197.77
2,23,Linear,Logic,1.91291e+06,1.91511e+06,2197.77
2,23,expert_FFN_2,GPU,1.91511e+06,1.9217e+06,6589.4
2,23,gate_proj,GPU,1.91511e+06,1.9173e+06,2194.33
2,23,Linear,Logic,1.91511e+06,1.9173e+06,2194.33
2,23,activation,Logic,1.9173e+06,1.91731e+06,6.41527
2,23,up_proj,GPU,1.91731e+06,1.9195e+06,2194.33
2,23,Linear,Logic,1.91731e+06,1.9195e+06,2194.33
2,23,down_proj,GPU,1.9195e+06,1.9217e+06,2194.33
2,23,Linear,Logic,1.9195e+06,1.9217e+06,2194.33
2,23,expert_FFN_3,GPU,1.9217e+06,1.93157e+06,9873.11
2,23,gate_proj,GPU,1.9217e+06,1.92498e+06,3284.62
2,23,Linear,Logic,1.9217e+06,1.92498e+06,3284.62
2,23,activation,Logic,1.92498e+06,1.925e+06,19.2458
2,23,up_proj,GPU,1.925e+06,1.92828e+06,3284.62
2,23,Linear,Logic,1.925e+06,1.92828e+06,3284.62
2,23,down_proj,GPU,1.92828e+06,1.93157e+06,3284.62
2,23,Linear,Logic,1.92828e+06,1.93157e+06,3284.62
2,23,expert_FFN_4,GPU,1.93157e+06,1.93817e+06,6604.53
2,23,gate_proj,GPU,1.93157e+06,1.93377e+06,2197.77
2,23,Linear,Logic,1.93157e+06,1.93377e+06,2197.77
2,23,activation,Logic,1.93377e+06,1.93378e+06,11.2267
2,23,up_proj,GPU,1.93378e+06,1.93598e+06,2197.77
2,23,Linear,Logic,1.93378e+06,1.93598e+06,2197.77
2,23,down_proj,GPU,1.93598e+06,1.93817e+06,2197.77
2,23,Linear,Logic,1.93598e+06,1.93817e+06,2197.77
2,23,expert_FFN_5,GPU,1.93817e+06,1.94478e+06,6604.53
2,23,gate_proj,GPU,1.93817e+06,1.94037e+06,2197.77
2,23,Linear,Logic,1.93817e+06,1.94037e+06,2197.77
2,23,activation,Logic,1.94037e+06,1.94038e+06,11.2267
2,23,up_proj,GPU,1.94038e+06,1.94258e+06,2197.77
2,23,Linear,Logic,1.94038e+06,1.94258e+06,2197.77
2,23,down_proj,GPU,1.94258e+06,1.94478e+06,2197.77
2,23,Linear,Logic,1.94258e+06,1.94478e+06,2197.77
2,23,expert_FFN_6,GPU,1.9011e+06,1.92762e+06,26518.9
2,23,gate_proj,GPU,1.9011e+06,1.90991e+06,8813.98
2,23,Linear,GPU,1.9011e+06,1.90991e+06,8813.98
2,23,activation,GPU,1.90991e+06,1.90999e+06,76.9833
2,23,up_proj,GPU,1.90999e+06,1.9188e+06,8813.98
2,23,Linear,GPU,1.90999e+06,1.9188e+06,8813.98
2,23,down_proj,GPU,1.9188e+06,1.92762e+06,8813.98
2,23,Linear,GPU,1.9188e+06,1.92762e+06,8813.98
2,23,expert_FFN_7,GPU,1.92762e+06,1.95401e+06,26397.9
2,23,gate_proj,GPU,1.92762e+06,1.9364e+06,8786.48
2,23,Linear,GPU,1.92762e+06,1.9364e+06,8786.48
2,23,activation,GPU,1.9364e+06,1.93644e+06,38.4916
2,23,up_proj,GPU,1.93644e+06,1.94523e+06,8786.48
2,23,Linear,GPU,1.93644e+06,1.94523e+06,8786.48
2,23,down_proj,GPU,1.94523e+06,1.95401e+06,8786.48
2,23,Linear,GPU,1.94523e+06,1.95401e+06,8786.48
2,23,sync_2,GPU,1.95401e+06,1.95401e+06,0
2,23,sync__set,GPU,1.95401e+06,1.95401e+06,0
2,23,sync__,GPU,1.95401e+06,1.95401e+06,0
2,23,moe_all_reduce_for_e_tp,GPU,1.95401e+06,1.95925e+06,5236.91
2,23,sync_3,GPU,1.95925e+06,1.95925e+06,0
2,23,sync__set,GPU,1.95925e+06,1.95925e+06,0
2,23,sync__,GPU,1.95925e+06,1.95925e+06,0
2,23,moe_gather,GPU,1.95925e+06,1.95925e+06,0
2,23,sync_for_moe_gather,GPU,1.95925e+06,1.95925e+06,0
2,23,sync__set,GPU,1.95925e+06,1.95925e+06,0
2,23,sync__,GPU,1.95925e+06,1.95925e+06,0
2,23,moe_all_reduce_for_gather,GPU,1.95925e+06,1.96449e+06,5236.91
2,23,sync_5,GPU,1.96449e+06,1.96449e+06,0
2,23,sync__set,GPU,1.96449e+06,1.96449e+06,0
2,23,sync__,GPU,1.96449e+06,1.96449e+06,0
2,23,sync_6,GPU,1.96449e+06,1.96449e+06,0
2,23,sync__set,GPU,1.96449e+06,1.96449e+06,0
2,23,sync__,GPU,1.96449e+06,1.96449e+06,0
2,23,residual_2,GPU,1.96449e+06,1.96465e+06,158.854
2,24,MoE_decoder_24,GPU,1.96465e+06,2.04577e+06,81120.4
2,24,input_layer_norm,GPU,1.96465e+06,1.96481e+06,158.854
2,24,attention,GPU,1.96481e+06,1.98174e+06,16935.9
2,24,attn_qkv_proj,GPU,1.96481e+06,1.96867e+06,3861.38
2,24,Linear,GPU,1.96481e+06,1.96867e+06,3861.38
2,24,self_attention,GPU,1.96867e+06,1.9739e+06,5237.31
2,24,AttentionSplit,GPU,1.96867e+06,1.96867e+06,0
2,24,AttentionSum,GPU,1.96867e+06,1.96867e+06,0
2,24,AttentionGen,Logic,1.96867e+06,1.9739e+06,5237.31
2,24,AttentionMerge,GPU,1.9739e+06,1.9739e+06,0
2,24,attn_o_proj,GPU,1.9739e+06,1.9765e+06,2600.32
2,24,Linear,GPU,1.9739e+06,1.9765e+06,2600.32
2,24,all_reduce,GPU,1.9765e+06,1.98174e+06,5236.91
2,24,residual_1,GPU,1.98174e+06,1.9819e+06,158.854
2,24,post_attn_layer_norm,GPU,1.9819e+06,1.98206e+06,158.854
2,24,expertFFN,GPU,1.98206e+06,2.04561e+06,63549.1
2,24,sync_0,GPU,1.98206e+06,1.98206e+06,0
2,24,sync__set,GPU,1.98206e+06,1.98206e+06,0
2,24,sync__,GPU,1.98206e+06,1.98206e+06,0
2,24,gate_fn,GPU,1.98206e+06,1.98216e+06,97.9093
2,24,Linear,GPU,1.98206e+06,1.98216e+06,97.9093
2,24,gate_update,GPU,1.98216e+06,1.98216e+06,0
2,24,moe_scatter,GPU,1.98216e+06,1.98216e+06,0
2,24,sync_for_moe_scatter,GPU,1.98216e+06,1.98216e+06,0
2,24,sync__set,GPU,1.98216e+06,1.98216e+06,0
2,24,sync__,GPU,1.98216e+06,1.98216e+06,0
2,24,moe_route,GPU,1.98216e+06,1.98216e+06,0
2,24,expert_FFN_0,GPU,1.98216e+06,1.98876e+06,6604.53
2,24,gate_proj,GPU,1.98216e+06,1.98436e+06,2197.77
2,24,Linear,Logic,1.98216e+06,1.98436e+06,2197.77
2,24,activation,Logic,1.98436e+06,1.98437e+06,11.2267
2,24,up_proj,GPU,1.98437e+06,1.98656e+06,2197.77
2,24,Linear,Logic,1.98437e+06,1.98656e+06,2197.77
2,24,down_proj,GPU,1.98656e+06,1.98876e+06,2197.77
2,24,Linear,Logic,1.98656e+06,1.98876e+06,2197.77
2,24,expert_FFN_1,GPU,1.98876e+06,1.99536e+06,6594.44
2,24,gate_proj,GPU,1.98876e+06,1.99096e+06,2195.47
2,24,Linear,Logic,1.98876e+06,1.99096e+06,2195.47
2,24,activation,Logic,1.99096e+06,1.99097e+06,8.01909
2,24,up_proj,GPU,1.99097e+06,1.99316e+06,2195.47
2,24,Linear,Logic,1.99097e+06,1.99316e+06,2195.47
2,24,down_proj,GPU,1.99316e+06,1.99536e+06,2195.47
2,24,Linear,Logic,1.99316e+06,1.99536e+06,2195.47
2,24,expert_FFN_2,GPU,1.99536e+06,2.00276e+06,7404.83
2,24,gate_proj,GPU,1.99536e+06,1.99782e+06,2463.47
2,24,Linear,Logic,1.99536e+06,1.99782e+06,2463.47
2,24,activation,Logic,1.99782e+06,1.99783e+06,14.4344
2,24,up_proj,GPU,1.99783e+06,2.0003e+06,2463.47
2,24,Linear,Logic,1.99783e+06,2.0003e+06,2463.47
2,24,down_proj,GPU,2.0003e+06,2.00276e+06,2463.47
2,24,Linear,Logic,2.0003e+06,2.00276e+06,2463.47
2,24,expert_FFN_3,GPU,2.00276e+06,2.00937e+06,6609.57
2,24,gate_proj,GPU,2.00276e+06,2.00496e+06,2198.91
2,24,Linear,Logic,2.00276e+06,2.00496e+06,2198.91
2,24,activation,Logic,2.00496e+06,2.00497e+06,12.8305
2,24,up_proj,GPU,2.00497e+06,2.00717e+06,2198.91
2,24,Linear,Logic,2.00497e+06,2.00717e+06,2198.91
2,24,down_proj,GPU,2.00717e+06,2.00937e+06,2198.91
2,24,Linear,Logic,2.00717e+06,2.00937e+06,2198.91
2,24,expert_FFN_4,GPU,1.98216e+06,2.00862e+06,26458.4
2,24,gate_proj,GPU,1.98216e+06,1.99096e+06,8800.23
2,24,Linear,GPU,1.98216e+06,1.99096e+06,8800.23
2,24,activation,GPU,1.99096e+06,1.99102e+06,57.7375
2,24,up_proj,GPU,1.99102e+06,1.99982e+06,8800.23
2,24,Linear,GPU,1.99102e+06,1.99982e+06,8800.23
2,24,down_proj,GPU,1.99982e+06,2.00862e+06,8800.23
2,24,Linear,GPU,1.99982e+06,2.00862e+06,8800.23
2,24,expert_FFN_5,GPU,2.00862e+06,2.03513e+06,26518.9
2,24,gate_proj,GPU,2.00862e+06,2.01743e+06,8813.98
2,24,Linear,GPU,2.00862e+06,2.01743e+06,8813.98
2,24,activation,GPU,2.01743e+06,2.01751e+06,76.9833
2,24,up_proj,GPU,2.01751e+06,2.02632e+06,8813.98
2,24,Linear,GPU,2.01751e+06,2.02632e+06,8813.98
2,24,down_proj,GPU,2.02632e+06,2.03513e+06,8813.98
2,24,Linear,GPU,2.02632e+06,2.03513e+06,8813.98
2,24,expert_FFN_6,GPU,2.00937e+06,2.01596e+06,6589.4
2,24,gate_proj,GPU,2.00937e+06,2.01156e+06,2194.33
2,24,Linear,Logic,2.00937e+06,2.01156e+06,2194.33
2,24,activation,Logic,2.01156e+06,2.01157e+06,6.41527
2,24,up_proj,GPU,2.01157e+06,2.01377e+06,2194.33
2,24,Linear,Logic,2.01157e+06,2.01377e+06,2194.33
2,24,down_proj,GPU,2.01377e+06,2.01596e+06,2194.33
2,24,Linear,Logic,2.01377e+06,2.01596e+06,2194.33
2,24,expert_FFN_7,GPU,2.01596e+06,2.02419e+06,8227.59
2,24,gate_proj,GPU,2.01596e+06,2.0187e+06,2737.18
2,24,Linear,Logic,2.01596e+06,2.0187e+06,2737.18
2,24,activation,Logic,2.0187e+06,2.01871e+06,16.0382
2,24,up_proj,GPU,2.01871e+06,2.02145e+06,2737.18
2,24,Linear,Logic,2.01871e+06,2.02145e+06,2737.18
2,24,down_proj,GPU,2.02145e+06,2.02419e+06,2737.18
2,24,Linear,Logic,2.02145e+06,2.02419e+06,2737.18
2,24,sync_2,GPU,2.03513e+06,2.03513e+06,0
2,24,sync__set,GPU,2.03513e+06,2.03513e+06,0
2,24,sync__,GPU,2.03513e+06,2.03513e+06,0
2,24,moe_all_reduce_for_e_tp,GPU,2.03513e+06,2.04037e+06,5236.91
2,24,sync_3,GPU,2.04037e+06,2.04037e+06,0
2,24,sync__set,GPU,2.04037e+06,2.04037e+06,0
2,24,sync__,GPU,2.04037e+06,2.04037e+06,0
2,24,moe_gather,GPU,2.04037e+06,2.04037e+06,0
2,24,sync_for_moe_gather,GPU,2.04037e+06,2.04037e+06,0
2,24,sync__set,GPU,2.04037e+06,2.04037e+06,0
2,24,sync__,GPU,2.04037e+06,2.04037e+06,0
2,24,moe_all_reduce_for_gather,GPU,2.04037e+06,2.04561e+06,5236.91
2,24,sync_5,GPU,2.04561e+06,2.04561e+06,0
2,24,sync__set,GPU,2.04561e+06,2.04561e+06,0
2,24,sync__,GPU,2.04561e+06,2.04561e+06,0
2,24,sync_6,GPU,2.04561e+06,2.04561e+06,0
2,24,sync__set,GPU,2.04561e+06,2.04561e+06,0
2,24,sync__,GPU,2.04561e+06,2.04561e+06,0
2,24,residual_2,GPU,2.04561e+06,2.04577e+06,158.854
2,25,MoE_decoder_25,GPU,2.04577e+06,2.13158e+06,85815.9
2,25,input_layer_norm,GPU,2.04577e+06,2.04593e+06,158.854
2,25,attention,GPU,2.04593e+06,2.06286e+06,16935.9
2,25,attn_qkv_proj,GPU,2.04593e+06,2.04979e+06,3861.38
2,25,Linear,GPU,2.04593e+06,2.04979e+06,3861.38
2,25,self_attention,GPU,2.04979e+06,2.05502e+06,5237.31
2,25,AttentionSplit,GPU,2.04979e+06,2.04979e+06,0
2,25,AttentionSum,GPU,2.04979e+06,2.04979e+06,0
2,25,AttentionGen,Logic,2.04979e+06,2.05502e+06,5237.31
2,25,AttentionMerge,GPU,2.05502e+06,2.05502e+06,0
2,25,attn_o_proj,GPU,2.05502e+06,2.05763e+06,2600.32
2,25,Linear,GPU,2.05502e+06,2.05763e+06,2600.32
2,25,all_reduce,GPU,2.05763e+06,2.06286e+06,5236.91
2,25,residual_1,GPU,2.06286e+06,2.06302e+06,158.854
2,25,post_attn_layer_norm,GPU,2.06302e+06,2.06318e+06,158.854
2,25,expertFFN,GPU,2.06318e+06,2.13142e+06,68244.6
2,25,sync_0,GPU,2.06318e+06,2.06318e+06,0
2,25,sync__set,GPU,2.06318e+06,2.06318e+06,0
2,25,sync__,GPU,2.06318e+06,2.06318e+06,0
2,25,gate_fn,GPU,2.06318e+06,2.06328e+06,97.9093
2,25,Linear,GPU,2.06318e+06,2.06328e+06,97.9093
2,25,gate_update,GPU,2.06328e+06,2.06328e+06,0
2,25,moe_scatter,GPU,2.06328e+06,2.06328e+06,0
2,25,sync_for_moe_scatter,GPU,2.06328e+06,2.06328e+06,0
2,25,sync__set,GPU,2.06328e+06,2.06328e+06,0
2,25,sync__,GPU,2.06328e+06,2.06328e+06,0
2,25,moe_route,GPU,2.06328e+06,2.06328e+06,0
2,25,expert_FFN_0,GPU,2.06328e+06,2.06987e+06,6594.44
2,25,gate_proj,GPU,2.06328e+06,2.06547e+06,2195.47
2,25,Linear,Logic,2.06328e+06,2.06547e+06,2195.47
2,25,activation,Logic,2.06547e+06,2.06548e+06,8.01909
2,25,up_proj,GPU,2.06548e+06,2.06768e+06,2195.47
2,25,Linear,Logic,2.06548e+06,2.06768e+06,2195.47
2,25,down_proj,GPU,2.06768e+06,2.06987e+06,2195.47
2,25,Linear,Logic,2.06768e+06,2.06987e+06,2195.47
2,25,expert_FFN_1,GPU,2.06987e+06,2.07647e+06,6594.44
2,25,gate_proj,GPU,2.06987e+06,2.07207e+06,2195.47
2,25,Linear,Logic,2.06987e+06,2.07207e+06,2195.47
2,25,activation,Logic,2.07207e+06,2.07208e+06,8.01909
2,25,up_proj,GPU,2.07208e+06,2.07427e+06,2195.47
2,25,Linear,Logic,2.07208e+06,2.07427e+06,2195.47
2,25,down_proj,GPU,2.07427e+06,2.07647e+06,2195.47
2,25,Linear,Logic,2.07427e+06,2.07647e+06,2195.47
2,25,expert_FFN_2,GPU,2.07647e+06,2.08308e+06,6609.57
2,25,gate_proj,GPU,2.07647e+06,2.07867e+06,2198.91
2,25,Linear,Logic,2.07647e+06,2.07867e+06,2198.91
2,25,activation,Logic,2.07867e+06,2.07868e+06,12.8305
2,25,up_proj,GPU,2.07868e+06,2.08088e+06,2198.91
2,25,Linear,Logic,2.07868e+06,2.08088e+06,2198.91
2,25,down_proj,GPU,2.08088e+06,2.08308e+06,2198.91
2,25,Linear,Logic,2.08088e+06,2.08308e+06,2198.91
2,25,expert_FFN_3,GPU,2.08308e+06,2.0913e+06,8227.59
2,25,gate_proj,GPU,2.08308e+06,2.08581e+06,2737.18
2,25,Linear,Logic,2.08308e+06,2.08581e+06,2737.18
2,25,activation,Logic,2.08581e+06,2.08583e+06,16.0382
2,25,up_proj,GPU,2.08583e+06,2.08857e+06,2737.18
2,25,Linear,Logic,2.08583e+06,2.08857e+06,2737.18
2,25,down_proj,GPU,2.08857e+06,2.0913e+06,2737.18
2,25,Linear,Logic,2.08857e+06,2.0913e+06,2737.18
2,25,expert_FFN_4,GPU,2.0913e+06,2.09953e+06,8227.59
2,25,gate_proj,GPU,2.0913e+06,2.09404e+06,2737.18
2,25,Linear,Logic,2.0913e+06,2.09404e+06,2737.18
2,25,activation,Logic,2.09404e+06,2.09406e+06,16.0382
2,25,up_proj,GPU,2.09406e+06,2.09679e+06,2737.18
2,25,Linear,Logic,2.09406e+06,2.09679e+06,2737.18
2,25,down_proj,GPU,2.09679e+06,2.09953e+06,2737.18
2,25,Linear,Logic,2.09679e+06,2.09953e+06,2737.18
2,25,expert_FFN_5,GPU,2.09953e+06,2.10694e+06,7404.83
2,25,gate_proj,GPU,2.09953e+06,2.10199e+06,2463.47
2,25,Linear,Logic,2.09953e+06,2.10199e+06,2463.47
2,25,activation,Logic,2.10199e+06,2.10201e+06,14.4344
2,25,up_proj,GPU,2.10201e+06,2.10447e+06,2463.47
2,25,Linear,Logic,2.10201e+06,2.10447e+06,2463.47
2,25,down_proj,GPU,2.10447e+06,2.10694e+06,2463.47
2,25,Linear,Logic,2.10447e+06,2.10694e+06,2463.47
2,25,expert_FFN_6,GPU,2.10694e+06,2.11355e+06,6609.57
2,25,gate_proj,GPU,2.10694e+06,2.10914e+06,2198.91
2,25,Linear,Logic,2.10694e+06,2.10914e+06,2198.91
2,25,activation,Logic,2.10914e+06,2.10915e+06,12.8305
2,25,up_proj,GPU,2.10915e+06,2.11135e+06,2198.91
2,25,Linear,Logic,2.10915e+06,2.11135e+06,2198.91
2,25,down_proj,GPU,2.11135e+06,2.11355e+06,2198.91
2,25,Linear,Logic,2.11135e+06,2.11355e+06,2198.91
2,25,expert_FFN_7,GPU,2.11355e+06,2.12095e+06,7404.83
2,25,gate_proj,GPU,2.11355e+06,2.11601e+06,2463.47
2,25,Linear,Logic,2.11355e+06,2.11601e+06,2463.47
2,25,activation,Logic,2.11601e+06,2.11602e+06,14.4344
2,25,up_proj,GPU,2.11602e+06,2.11849e+06,2463.47
2,25,Linear,Logic,2.11602e+06,2.11849e+06,2463.47
2,25,down_proj,GPU,2.11849e+06,2.12095e+06,2463.47
2,25,Linear,Logic,2.11849e+06,2.12095e+06,2463.47
2,25,sync_2,GPU,2.12095e+06,2.12095e+06,0
2,25,sync__set,GPU,2.12095e+06,2.12095e+06,0
2,25,sync__,GPU,2.12095e+06,2.12095e+06,0
2,25,moe_all_reduce_for_e_tp,GPU,2.12095e+06,2.12619e+06,5236.91
2,25,sync_3,GPU,2.12619e+06,2.12619e+06,0
2,25,sync__set,GPU,2.12619e+06,2.12619e+06,0
2,25,sync__,GPU,2.12619e+06,2.12619e+06,0
2,25,moe_gather,GPU,2.12619e+06,2.12619e+06,0
2,25,sync_for_moe_gather,GPU,2.12619e+06,2.12619e+06,0
2,25,sync__set,GPU,2.12619e+06,2.12619e+06,0
2,25,sync__,GPU,2.12619e+06,2.12619e+06,0
2,25,moe_all_reduce_for_gather,GPU,2.12619e+06,2.13142e+06,5236.91
2,25,sync_5,GPU,2.13142e+06,2.13142e+06,0
2,25,sync__set,GPU,2.13142e+06,2.13142e+06,0
2,25,sync__,GPU,2.13142e+06,2.13142e+06,0
2,25,sync_6,GPU,2.13142e+06,2.13142e+06,0
2,25,sync__set,GPU,2.13142e+06,2.13142e+06,0
2,25,sync__,GPU,2.13142e+06,2.13142e+06,0
2,25,residual_2,GPU,2.13142e+06,2.13158e+06,158.854
2,26,MoE_decoder_26,GPU,2.13158e+06,2.21266e+06,81080.1
2,26,input_layer_norm,GPU,2.13158e+06,2.13174e+06,158.854
2,26,attention,GPU,2.13174e+06,2.14868e+06,16935.9
2,26,attn_qkv_proj,GPU,2.13174e+06,2.1356e+06,3861.38
2,26,Linear,GPU,2.13174e+06,2.1356e+06,3861.38
2,26,self_attention,GPU,2.1356e+06,2.14084e+06,5237.31
2,26,AttentionSplit,GPU,2.1356e+06,2.1356e+06,0
2,26,AttentionSum,GPU,2.1356e+06,2.1356e+06,0
2,26,AttentionGen,Logic,2.1356e+06,2.14084e+06,5237.31
2,26,AttentionMerge,GPU,2.14084e+06,2.14084e+06,0
2,26,attn_o_proj,GPU,2.14084e+06,2.14344e+06,2600.32
2,26,Linear,GPU,2.14084e+06,2.14344e+06,2600.32
2,26,all_reduce,GPU,2.14344e+06,2.14868e+06,5236.91
2,26,residual_1,GPU,2.14868e+06,2.14884e+06,158.854
2,26,post_attn_layer_norm,GPU,2.14884e+06,2.149e+06,158.854
2,26,expertFFN,GPU,2.149e+06,2.2125e+06,63508.7
2,26,sync_0,GPU,2.149e+06,2.149e+06,0
2,26,sync__set,GPU,2.149e+06,2.149e+06,0
2,26,sync__,GPU,2.149e+06,2.149e+06,0
2,26,gate_fn,GPU,2.149e+06,2.14909e+06,97.9093
2,26,Linear,GPU,2.149e+06,2.14909e+06,97.9093
2,26,gate_update,GPU,2.14909e+06,2.14909e+06,0
2,26,moe_scatter,GPU,2.14909e+06,2.14909e+06,0
2,26,sync_for_moe_scatter,GPU,2.14909e+06,2.14909e+06,0
2,26,sync__set,GPU,2.14909e+06,2.14909e+06,0
2,26,sync__,GPU,2.14909e+06,2.14909e+06,0
2,26,moe_route,GPU,2.14909e+06,2.14909e+06,0
2,26,expert_FFN_0,GPU,2.14909e+06,2.15814e+06,9050.35
2,26,gate_proj,GPU,2.14909e+06,2.1521e+06,3010.9
2,26,Linear,Logic,2.14909e+06,2.1521e+06,3010.9
2,26,activation,Logic,2.1521e+06,2.15212e+06,17.642
2,26,up_proj,GPU,2.15212e+06,2.15513e+06,3010.9
2,26,Linear,Logic,2.15212e+06,2.15513e+06,3010.9
2,26,down_proj,GPU,2.15513e+06,2.15814e+06,3010.9
2,26,Linear,Logic,2.15513e+06,2.15814e+06,3010.9
2,26,expert_FFN_1,GPU,2.15814e+06,2.16475e+06,6604.53
2,26,gate_proj,GPU,2.15814e+06,2.16034e+06,2197.77
2,26,Linear,Logic,2.15814e+06,2.16034e+06,2197.77
2,26,activation,Logic,2.16034e+06,2.16035e+06,11.2267
2,26,up_proj,GPU,2.16035e+06,2.16255e+06,2197.77
2,26,Linear,Logic,2.16035e+06,2.16255e+06,2197.77
2,26,down_proj,GPU,2.16255e+06,2.16475e+06,2197.77
2,26,Linear,Logic,2.16255e+06,2.16475e+06,2197.77
2,26,expert_FFN_2,GPU,2.16475e+06,2.17215e+06,7404.83
2,26,gate_proj,GPU,2.16475e+06,2.16721e+06,2463.47
2,26,Linear,Logic,2.16475e+06,2.16721e+06,2463.47
2,26,activation,Logic,2.16721e+06,2.16723e+06,14.4344
2,26,up_proj,GPU,2.16723e+06,2.16969e+06,2463.47
2,26,Linear,Logic,2.16723e+06,2.16969e+06,2463.47
2,26,down_proj,GPU,2.16969e+06,2.17215e+06,2463.47
2,26,Linear,Logic,2.16969e+06,2.17215e+06,2463.47
2,26,expert_FFN_3,GPU,2.17215e+06,2.17874e+06,6584.36
2,26,gate_proj,GPU,2.17215e+06,2.17435e+06,2193.18
2,26,Linear,Logic,2.17215e+06,2.17435e+06,2193.18
2,26,activation,Logic,2.17435e+06,2.17435e+06,4.81146
2,26,up_proj,GPU,2.17435e+06,2.17654e+06,2193.18
2,26,Linear,Logic,2.17435e+06,2.17654e+06,2193.18
2,26,down_proj,GPU,2.17654e+06,2.17874e+06,2193.18
2,26,Linear,Logic,2.17654e+06,2.17874e+06,2193.18
2,26,expert_FFN_4,GPU,2.14909e+06,2.17559e+06,26498.7
2,26,gate_proj,GPU,2.14909e+06,2.1579e+06,8809.39
2,26,Linear,GPU,2.14909e+06,2.1579e+06,8809.39
2,26,activation,GPU,2.1579e+06,2.15797e+06,70.568
2,26,up_proj,GPU,2.15797e+06,2.16678e+06,8809.39
2,26,Linear,GPU,2.15797e+06,2.16678e+06,8809.39
2,26,down_proj,GPU,2.16678e+06,2.17559e+06,8809.39
2,26,Linear,GPU,2.16678e+06,2.17559e+06,8809.39
2,26,expert_FFN_5,GPU,2.17559e+06,2.20203e+06,26438.3
2,26,gate_proj,GPU,2.17559e+06,2.18439e+06,8795.65
2,26,Linear,GPU,2.17559e+06,2.18439e+06,8795.65
2,26,activation,GPU,2.18439e+06,2.18444e+06,51.3222
2,26,up_proj,GPU,2.18444e+06,2.19323e+06,8795.65
2,26,Linear,GPU,2.18444e+06,2.19323e+06,8795.65
2,26,down_proj,GPU,2.19323e+06,2.20203e+06,8795.65
2,26,Linear,GPU,2.19323e+06,2.20203e+06,8795.65
2,26,expert_FFN_6,GPU,2.17874e+06,2.18697e+06,8227.59
2,26,gate_proj,GPU,2.17874e+06,2.18147e+06,2737.18
2,26,Linear,Logic,2.17874e+06,2.18147e+06,2737.18
2,26,activation,Logic,2.18147e+06,2.18149e+06,16.0382
2,26,up_proj,GPU,2.18149e+06,2.18423e+06,2737.18
2,26,Linear,Logic,2.18149e+06,2.18423e+06,2737.18
2,26,down_proj,GPU,2.18423e+06,2.18697e+06,2737.18
2,26,Linear,Logic,2.18423e+06,2.18697e+06,2737.18
2,26,expert_FFN_7,GPU,2.18697e+06,2.19356e+06,6594.44
2,26,gate_proj,GPU,2.18697e+06,2.18916e+06,2195.47
2,26,Linear,Logic,2.18697e+06,2.18916e+06,2195.47
2,26,activation,Logic,2.18916e+06,2.18917e+06,8.01909
2,26,up_proj,GPU,2.18917e+06,2.19136e+06,2195.47
2,26,Linear,Logic,2.18917e+06,2.19136e+06,2195.47
2,26,down_proj,GPU,2.19136e+06,2.19356e+06,2195.47
2,26,Linear,Logic,2.19136e+06,2.19356e+06,2195.47
2,26,sync_2,GPU,2.20203e+06,2.20203e+06,0
2,26,sync__set,GPU,2.20203e+06,2.20203e+06,0
2,26,sync__,GPU,2.20203e+06,2.20203e+06,0
2,26,moe_all_reduce_for_e_tp,GPU,2.20203e+06,2.20727e+06,5236.91
2,26,sync_3,GPU,2.20727e+06,2.20727e+06,0
2,26,sync__set,GPU,2.20727e+06,2.20727e+06,0
2,26,sync__,GPU,2.20727e+06,2.20727e+06,0
2,26,moe_gather,GPU,2.20727e+06,2.20727e+06,0
2,26,sync_for_moe_gather,GPU,2.20727e+06,2.20727e+06,0
2,26,sync__set,GPU,2.20727e+06,2.20727e+06,0
2,26,sync__,GPU,2.20727e+06,2.20727e+06,0
2,26,moe_all_reduce_for_gather,GPU,2.20727e+06,2.2125e+06,5236.91
2,26,sync_5,GPU,2.2125e+06,2.2125e+06,0
2,26,sync__set,GPU,2.2125e+06,2.2125e+06,0
2,26,sync__,GPU,2.2125e+06,2.2125e+06,0
2,26,sync_6,GPU,2.2125e+06,2.2125e+06,0
2,26,sync__set,GPU,2.2125e+06,2.2125e+06,0
2,26,sync__,GPU,2.2125e+06,2.2125e+06,0
2,26,residual_2,GPU,2.2125e+06,2.21266e+06,158.854
2,27,MoE_decoder_27,GPU,2.21266e+06,2.29372e+06,81059.9
2,27,input_layer_norm,GPU,2.21266e+06,2.21282e+06,158.854
2,27,attention,GPU,2.21282e+06,2.22976e+06,16935.9
2,27,attn_qkv_proj,GPU,2.21282e+06,2.21668e+06,3861.38
2,27,Linear,GPU,2.21282e+06,2.21668e+06,3861.38
2,27,self_attention,GPU,2.21668e+06,2.22192e+06,5237.31
2,27,AttentionSplit,GPU,2.21668e+06,2.21668e+06,0
2,27,AttentionSum,GPU,2.21668e+06,2.21668e+06,0
2,27,AttentionGen,Logic,2.21668e+06,2.22192e+06,5237.31
2,27,AttentionMerge,GPU,2.22192e+06,2.22192e+06,0
2,27,attn_o_proj,GPU,2.22192e+06,2.22452e+06,2600.32
2,27,Linear,GPU,2.22192e+06,2.22452e+06,2600.32
2,27,all_reduce,GPU,2.22452e+06,2.22976e+06,5236.91
2,27,residual_1,GPU,2.22976e+06,2.22992e+06,158.854
2,27,post_attn_layer_norm,GPU,2.22992e+06,2.23008e+06,158.854
2,27,expertFFN,GPU,2.23008e+06,2.29356e+06,63488.6
2,27,sync_0,GPU,2.23008e+06,2.23008e+06,0
2,27,sync__set,GPU,2.23008e+06,2.23008e+06,0
2,27,sync__,GPU,2.23008e+06,2.23008e+06,0
2,27,gate_fn,GPU,2.23008e+06,2.23017e+06,97.9093
2,27,Linear,GPU,2.23008e+06,2.23017e+06,97.9093
2,27,gate_update,GPU,2.23017e+06,2.23017e+06,0
2,27,moe_scatter,GPU,2.23017e+06,2.23017e+06,0
2,27,sync_for_moe_scatter,GPU,2.23017e+06,2.23017e+06,0
2,27,sync__set,GPU,2.23017e+06,2.23017e+06,0
2,27,sync__,GPU,2.23017e+06,2.23017e+06,0
2,27,moe_route,GPU,2.23017e+06,2.23017e+06,0
2,27,expert_FFN_0,GPU,2.23017e+06,2.23678e+06,6609.57
2,27,gate_proj,GPU,2.23017e+06,2.23237e+06,2198.91
2,27,Linear,Logic,2.23017e+06,2.23237e+06,2198.91
2,27,activation,Logic,2.23237e+06,2.23239e+06,12.8305
2,27,up_proj,GPU,2.23239e+06,2.23458e+06,2198.91
2,27,Linear,Logic,2.23239e+06,2.23458e+06,2198.91
2,27,down_proj,GPU,2.23458e+06,2.23678e+06,2198.91
2,27,Linear,Logic,2.23458e+06,2.23678e+06,2198.91
2,27,expert_FFN_1,GPU,2.23678e+06,2.24339e+06,6604.53
2,27,gate_proj,GPU,2.23678e+06,2.23898e+06,2197.77
2,27,Linear,Logic,2.23678e+06,2.23898e+06,2197.77
2,27,activation,Logic,2.23898e+06,2.23899e+06,11.2267
2,27,up_proj,GPU,2.23899e+06,2.24119e+06,2197.77
2,27,Linear,Logic,2.23899e+06,2.24119e+06,2197.77
2,27,down_proj,GPU,2.24119e+06,2.24339e+06,2197.77
2,27,Linear,Logic,2.24119e+06,2.24339e+06,2197.77
2,27,expert_FFN_2,GPU,2.24339e+06,2.24999e+06,6604.53
2,27,gate_proj,GPU,2.24339e+06,2.24559e+06,2197.77
2,27,Linear,Logic,2.24339e+06,2.24559e+06,2197.77
2,27,activation,Logic,2.24559e+06,2.2456e+06,11.2267
2,27,up_proj,GPU,2.2456e+06,2.24779e+06,2197.77
2,27,Linear,Logic,2.2456e+06,2.24779e+06,2197.77
2,27,down_proj,GPU,2.24779e+06,2.24999e+06,2197.77
2,27,Linear,Logic,2.24779e+06,2.24999e+06,2197.77
2,27,expert_FFN_3,GPU,2.24999e+06,2.2566e+06,6604.53
2,27,gate_proj,GPU,2.24999e+06,2.25219e+06,2197.77
2,27,Linear,Logic,2.24999e+06,2.25219e+06,2197.77
2,27,activation,Logic,2.25219e+06,2.2522e+06,11.2267
2,27,up_proj,GPU,2.2522e+06,2.2544e+06,2197.77
2,27,Linear,Logic,2.2522e+06,2.2544e+06,2197.77
2,27,down_proj,GPU,2.2544e+06,2.2566e+06,2197.77
2,27,Linear,Logic,2.2544e+06,2.2566e+06,2197.77
2,27,expert_FFN_4,GPU,2.2566e+06,2.26482e+06,8227.59
2,27,gate_proj,GPU,2.2566e+06,2.25933e+06,2737.18
2,27,Linear,Logic,2.2566e+06,2.25933e+06,2737.18
2,27,activation,Logic,2.25933e+06,2.25935e+06,16.0382
2,27,up_proj,GPU,2.25935e+06,2.26209e+06,2737.18
2,27,Linear,Logic,2.25935e+06,2.26209e+06,2737.18
2,27,down_proj,GPU,2.26209e+06,2.26482e+06,2737.18
2,27,Linear,Logic,2.26209e+06,2.26482e+06,2737.18
2,27,expert_FFN_5,GPU,2.26482e+06,2.27143e+06,6604.53
2,27,gate_proj,GPU,2.26482e+06,2.26702e+06,2197.77
2,27,Linear,Logic,2.26482e+06,2.26702e+06,2197.77
2,27,activation,Logic,2.26702e+06,2.26703e+06,11.2267
2,27,up_proj,GPU,2.26703e+06,2.26923e+06,2197.77
2,27,Linear,Logic,2.26703e+06,2.26923e+06,2197.77
2,27,down_proj,GPU,2.26923e+06,2.27143e+06,2197.77
2,27,Linear,Logic,2.26923e+06,2.27143e+06,2197.77
2,27,expert_FFN_6,GPU,2.23017e+06,2.25667e+06,26498.7
2,27,gate_proj,GPU,2.23017e+06,2.23898e+06,8809.39
2,27,Linear,GPU,2.23017e+06,2.23898e+06,8809.39
2,27,activation,GPU,2.23898e+06,2.23905e+06,70.568
2,27,up_proj,GPU,2.23905e+06,2.24786e+06,8809.39
2,27,Linear,GPU,2.23905e+06,2.24786e+06,8809.39
2,27,down_proj,GPU,2.24786e+06,2.25667e+06,8809.39
2,27,Linear,GPU,2.24786e+06,2.25667e+06,8809.39
2,27,expert_FFN_7,GPU,2.25667e+06,2.28309e+06,26418.1
2,27,gate_proj,GPU,2.25667e+06,2.26546e+06,8791.06
2,27,Linear,GPU,2.25667e+06,2.26546e+06,8791.06
2,27,activation,GPU,2.26546e+06,2.26551e+06,44.9069
2,27,up_proj,GPU,2.26551e+06,2.2743e+06,8791.06
2,27,Linear,GPU,2.26551e+06,2.2743e+06,8791.06
2,27,down_proj,GPU,2.2743e+06,2.28309e+06,8791.06
2,27,Linear,GPU,2.2743e+06,2.28309e+06,8791.06
2,27,sync_2,GPU,2.28309e+06,2.28309e+06,0
2,27,sync__set,GPU,2.28309e+06,2.28309e+06,0
2,27,sync__,GPU,2.28309e+06,2.28309e+06,0
2,27,moe_all_reduce_for_e_tp,GPU,2.28309e+06,2.28833e+06,5236.91
2,27,sync_3,GPU,2.28833e+06,2.28833e+06,0
2,27,sync__set,GPU,2.28833e+06,2.28833e+06,0
2,27,sync__,GPU,2.28833e+06,2.28833e+06,0
2,27,moe_gather,GPU,2.28833e+06,2.28833e+06,0
2,27,sync_for_moe_gather,GPU,2.28833e+06,2.28833e+06,0
2,27,sync__set,GPU,2.28833e+06,2.28833e+06,0
2,27,sync__,GPU,2.28833e+06,2.28833e+06,0
2,27,moe_all_reduce_for_gather,GPU,2.28833e+06,2.29356e+06,5236.91
2,27,sync_5,GPU,2.29356e+06,2.29356e+06,0
2,27,sync__set,GPU,2.29356e+06,2.29356e+06,0
2,27,sync__,GPU,2.29356e+06,2.29356e+06,0
2,27,sync_6,GPU,2.29356e+06,2.29356e+06,0
2,27,sync__set,GPU,2.29356e+06,2.29356e+06,0
2,27,sync__,GPU,2.29356e+06,2.29356e+06,0
2,27,residual_2,GPU,2.29356e+06,2.29372e+06,158.854
2,28,MoE_decoder_28,GPU,2.29372e+06,2.37482e+06,81100.2
2,28,input_layer_norm,GPU,2.29372e+06,2.29388e+06,158.854
2,28,attention,GPU,2.29388e+06,2.31082e+06,16935.9
2,28,attn_qkv_proj,GPU,2.29388e+06,2.29774e+06,3861.38
2,28,Linear,GPU,2.29388e+06,2.29774e+06,3861.38
2,28,self_attention,GPU,2.29774e+06,2.30298e+06,5237.31
2,28,AttentionSplit,GPU,2.29774e+06,2.29774e+06,0
2,28,AttentionSum,GPU,2.29774e+06,2.29774e+06,0
2,28,AttentionGen,Logic,2.29774e+06,2.30298e+06,5237.31
2,28,AttentionMerge,GPU,2.30298e+06,2.30298e+06,0
2,28,attn_o_proj,GPU,2.30298e+06,2.30558e+06,2600.32
2,28,Linear,GPU,2.30298e+06,2.30558e+06,2600.32
2,28,all_reduce,GPU,2.30558e+06,2.31082e+06,5236.91
2,28,residual_1,GPU,2.31082e+06,2.31098e+06,158.854
2,28,post_attn_layer_norm,GPU,2.31098e+06,2.31114e+06,158.854
2,28,expertFFN,GPU,2.31114e+06,2.37466e+06,63528.9
2,28,sync_0,GPU,2.31114e+06,2.31114e+06,0
2,28,sync__set,GPU,2.31114e+06,2.31114e+06,0
2,28,sync__,GPU,2.31114e+06,2.31114e+06,0
2,28,gate_fn,GPU,2.31114e+06,2.31123e+06,97.9093
2,28,Linear,GPU,2.31114e+06,2.31123e+06,97.9093
2,28,gate_update,GPU,2.31123e+06,2.31123e+06,0
2,28,moe_scatter,GPU,2.31123e+06,2.31123e+06,0
2,28,sync_for_moe_scatter,GPU,2.31123e+06,2.31123e+06,0
2,28,sync__set,GPU,2.31123e+06,2.31123e+06,0
2,28,sync__,GPU,2.31123e+06,2.31123e+06,0
2,28,moe_route,GPU,2.31123e+06,2.31123e+06,0
2,28,expert_FFN_0,GPU,2.31123e+06,2.33773e+06,26498.7
2,28,gate_proj,GPU,2.31123e+06,2.32004e+06,8809.39
2,28,Linear,GPU,2.31123e+06,2.32004e+06,8809.39
2,28,activation,GPU,2.32004e+06,2.32011e+06,70.568
2,28,up_proj,GPU,2.32011e+06,2.32892e+06,8809.39
2,28,Linear,GPU,2.32011e+06,2.32892e+06,8809.39
2,28,down_proj,GPU,2.32892e+06,2.33773e+06,8809.39
2,28,Linear,GPU,2.32892e+06,2.33773e+06,8809.39
2,28,expert_FFN_1,GPU,2.33773e+06,2.36419e+06,26458.4
2,28,gate_proj,GPU,2.33773e+06,2.34653e+06,8800.23
2,28,Linear,GPU,2.33773e+06,2.34653e+06,8800.23
2,28,activation,GPU,2.34653e+06,2.34659e+06,57.7375
2,28,up_proj,GPU,2.34659e+06,2.35539e+06,8800.23
2,28,Linear,GPU,2.34659e+06,2.35539e+06,8800.23
2,28,down_proj,GPU,2.35539e+06,2.36419e+06,8800.23
2,28,Linear,GPU,2.35539e+06,2.36419e+06,8800.23
2,28,expert_FFN_2,GPU,2.31123e+06,2.31864e+06,7404.83
2,28,gate_proj,GPU,2.31123e+06,2.3137e+06,2463.47
2,28,Linear,Logic,2.31123e+06,2.3137e+06,2463.47
2,28,activation,Logic,2.3137e+06,2.31371e+06,14.4344
2,28,up_proj,GPU,2.31371e+06,2.31617e+06,2463.47
2,28,Linear,Logic,2.31371e+06,2.31617e+06,2463.47
2,28,down_proj,GPU,2.31617e+06,2.31864e+06,2463.47
2,28,Linear,Logic,2.31617e+06,2.31864e+06,2463.47
2,28,expert_FFN_3,GPU,2.31864e+06,2.32604e+06,7404.83
2,28,gate_proj,GPU,2.31864e+06,2.3211e+06,2463.47
2,28,Linear,Logic,2.31864e+06,2.3211e+06,2463.47
2,28,activation,Logic,2.3211e+06,2.32112e+06,14.4344
2,28,up_proj,GPU,2.32112e+06,2.32358e+06,2463.47
2,28,Linear,Logic,2.32112e+06,2.32358e+06,2463.47
2,28,down_proj,GPU,2.32358e+06,2.32604e+06,2463.47
2,28,Linear,Logic,2.32358e+06,2.32604e+06,2463.47
2,28,expert_FFN_4,GPU,2.32604e+06,2.33265e+06,6604.53
2,28,gate_proj,GPU,2.32604e+06,2.32824e+06,2197.77
2,28,Linear,Logic,2.32604e+06,2.32824e+06,2197.77
2,28,activation,Logic,2.32824e+06,2.32825e+06,11.2267
2,28,up_proj,GPU,2.32825e+06,2.33045e+06,2197.77
2,28,Linear,Logic,2.32825e+06,2.33045e+06,2197.77
2,28,down_proj,GPU,2.33045e+06,2.33265e+06,2197.77
2,28,Linear,Logic,2.33045e+06,2.33265e+06,2197.77
2,28,expert_FFN_5,GPU,2.33265e+06,2.33926e+06,6609.57
2,28,gate_proj,GPU,2.33265e+06,2.33485e+06,2198.91
2,28,Linear,Logic,2.33265e+06,2.33485e+06,2198.91
2,28,activation,Logic,2.33485e+06,2.33486e+06,12.8305
2,28,up_proj,GPU,2.33486e+06,2.33706e+06,2198.91
2,28,Linear,Logic,2.33486e+06,2.33706e+06,2198.91
2,28,down_proj,GPU,2.33706e+06,2.33926e+06,2198.91
2,28,Linear,Logic,2.33706e+06,2.33926e+06,2198.91
2,28,expert_FFN_6,GPU,2.33926e+06,2.34585e+06,6589.4
2,28,gate_proj,GPU,2.33926e+06,2.34145e+06,2194.33
2,28,Linear,Logic,2.33926e+06,2.34145e+06,2194.33
2,28,activation,Logic,2.34145e+06,2.34146e+06,6.41527
2,28,up_proj,GPU,2.34146e+06,2.34365e+06,2194.33
2,28,Linear,Logic,2.34146e+06,2.34365e+06,2194.33
2,28,down_proj,GPU,2.34365e+06,2.34585e+06,2194.33
2,28,Linear,Logic,2.34365e+06,2.34585e+06,2194.33
2,28,expert_FFN_7,GPU,2.34585e+06,2.35245e+06,6604.53
2,28,gate_proj,GPU,2.34585e+06,2.34804e+06,2197.77
2,28,Linear,Logic,2.34585e+06,2.34804e+06,2197.77
2,28,activation,Logic,2.34804e+06,2.34806e+06,11.2267
2,28,up_proj,GPU,2.34806e+06,2.35025e+06,2197.77
2,28,Linear,Logic,2.34806e+06,2.35025e+06,2197.77
2,28,down_proj,GPU,2.35025e+06,2.35245e+06,2197.77
2,28,Linear,Logic,2.35025e+06,2.35245e+06,2197.77
2,28,sync_2,GPU,2.36419e+06,2.36419e+06,0
2,28,sync__set,GPU,2.36419e+06,2.36419e+06,0
2,28,sync__,GPU,2.36419e+06,2.36419e+06,0
2,28,moe_all_reduce_for_e_tp,GPU,2.36419e+06,2.36943e+06,5236.91
2,28,sync_3,GPU,2.36943e+06,2.36943e+06,0
2,28,sync__set,GPU,2.36943e+06,2.36943e+06,0
2,28,sync__,GPU,2.36943e+06,2.36943e+06,0
2,28,moe_gather,GPU,2.36943e+06,2.36943e+06,0
2,28,sync_for_moe_gather,GPU,2.36943e+06,2.36943e+06,0
2,28,sync__set,GPU,2.36943e+06,2.36943e+06,0
2,28,sync__,GPU,2.36943e+06,2.36943e+06,0
2,28,moe_all_reduce_for_gather,GPU,2.36943e+06,2.37466e+06,5236.91
2,28,sync_5,GPU,2.37466e+06,2.37466e+06,0
2,28,sync__set,GPU,2.37466e+06,2.37466e+06,0
2,28,sync__,GPU,2.37466e+06,2.37466e+06,0
2,28,sync_6,GPU,2.37466e+06,2.37466e+06,0
2,28,sync__set,GPU,2.37466e+06,2.37466e+06,0
2,28,sync__,GPU,2.37466e+06,2.37466e+06,0
2,28,residual_2,GPU,2.37466e+06,2.37482e+06,158.854
2,29,MoE_decoder_29,GPU,2.37482e+06,2.4559e+06,81080.1
2,29,input_layer_norm,GPU,2.37482e+06,2.37498e+06,158.854
2,29,attention,GPU,2.37498e+06,2.39192e+06,16935.9
2,29,attn_qkv_proj,GPU,2.37498e+06,2.37884e+06,3861.38
2,29,Linear,GPU,2.37498e+06,2.37884e+06,3861.38
2,29,self_attention,GPU,2.37884e+06,2.38408e+06,5237.31
2,29,AttentionSplit,GPU,2.37884e+06,2.37884e+06,0
2,29,AttentionSum,GPU,2.37884e+06,2.37884e+06,0
2,29,AttentionGen,Logic,2.37884e+06,2.38408e+06,5237.31
2,29,AttentionMerge,GPU,2.38408e+06,2.38408e+06,0
2,29,attn_o_proj,GPU,2.38408e+06,2.38668e+06,2600.32
2,29,Linear,GPU,2.38408e+06,2.38668e+06,2600.32
2,29,all_reduce,GPU,2.38668e+06,2.39192e+06,5236.91
2,29,residual_1,GPU,2.39192e+06,2.39208e+06,158.854
2,29,post_attn_layer_norm,GPU,2.39208e+06,2.39224e+06,158.854
2,29,expertFFN,GPU,2.39224e+06,2.45574e+06,63508.7
2,29,sync_0,GPU,2.39224e+06,2.39224e+06,0
2,29,sync__set,GPU,2.39224e+06,2.39224e+06,0
2,29,sync__,GPU,2.39224e+06,2.39224e+06,0
2,29,gate_fn,GPU,2.39224e+06,2.39233e+06,97.9093
2,29,Linear,GPU,2.39224e+06,2.39233e+06,97.9093
2,29,gate_update,GPU,2.39233e+06,2.39233e+06,0
2,29,moe_scatter,GPU,2.39233e+06,2.39233e+06,0
2,29,sync_for_moe_scatter,GPU,2.39233e+06,2.39233e+06,0
2,29,sync__set,GPU,2.39233e+06,2.39233e+06,0
2,29,sync__,GPU,2.39233e+06,2.39233e+06,0
2,29,moe_route,GPU,2.39233e+06,2.39233e+06,0
2,29,expert_FFN_0,GPU,2.39233e+06,2.39894e+06,6609.57
2,29,gate_proj,GPU,2.39233e+06,2.39453e+06,2198.91
2,29,Linear,Logic,2.39233e+06,2.39453e+06,2198.91
2,29,activation,Logic,2.39453e+06,2.39455e+06,12.8305
2,29,up_proj,GPU,2.39455e+06,2.39674e+06,2198.91
2,29,Linear,Logic,2.39455e+06,2.39674e+06,2198.91
2,29,down_proj,GPU,2.39674e+06,2.39894e+06,2198.91
2,29,Linear,Logic,2.39674e+06,2.39894e+06,2198.91
2,29,expert_FFN_1,GPU,2.39894e+06,2.40635e+06,7404.83
2,29,gate_proj,GPU,2.39894e+06,2.40141e+06,2463.47
2,29,Linear,Logic,2.39894e+06,2.40141e+06,2463.47
2,29,activation,Logic,2.40141e+06,2.40142e+06,14.4344
2,29,up_proj,GPU,2.40142e+06,2.40388e+06,2463.47
2,29,Linear,Logic,2.40142e+06,2.40388e+06,2463.47
2,29,down_proj,GPU,2.40388e+06,2.40635e+06,2463.47
2,29,Linear,Logic,2.40388e+06,2.40635e+06,2463.47
2,29,expert_FFN_2,GPU,2.39233e+06,2.41883e+06,26498.7
2,29,gate_proj,GPU,2.39233e+06,2.40114e+06,8809.39
2,29,Linear,GPU,2.39233e+06,2.40114e+06,8809.39
2,29,activation,GPU,2.40114e+06,2.40121e+06,70.568
2,29,up_proj,GPU,2.40121e+06,2.41002e+06,8809.39
2,29,Linear,GPU,2.40121e+06,2.41002e+06,8809.39
2,29,down_proj,GPU,2.41002e+06,2.41883e+06,8809.39
2,29,Linear,GPU,2.41002e+06,2.41883e+06,8809.39
2,29,expert_FFN_3,GPU,2.41883e+06,2.44527e+06,26438.3
2,29,gate_proj,GPU,2.41883e+06,2.42763e+06,8795.65
2,29,Linear,GPU,2.41883e+06,2.42763e+06,8795.65
2,29,activation,GPU,2.42763e+06,2.42768e+06,51.3222
2,29,up_proj,GPU,2.42768e+06,2.43648e+06,8795.65
2,29,Linear,GPU,2.42768e+06,2.43648e+06,8795.65
2,29,down_proj,GPU,2.43648e+06,2.44527e+06,8795.65
2,29,Linear,GPU,2.43648e+06,2.44527e+06,8795.65
2,29,expert_FFN_4,GPU,2.40635e+06,2.41295e+06,6599.48
2,29,gate_proj,GPU,2.40635e+06,2.40854e+06,2196.62
2,29,Linear,Logic,2.40635e+06,2.40854e+06,2196.62
2,29,activation,Logic,2.40854e+06,2.40855e+06,9.62291
2,29,up_proj,GPU,2.40855e+06,2.41075e+06,2196.62
2,29,Linear,Logic,2.40855e+06,2.41075e+06,2196.62
2,29,down_proj,GPU,2.41075e+06,2.41295e+06,2196.62
2,29,Linear,Logic,2.41075e+06,2.41295e+06,2196.62
2,29,expert_FFN_5,GPU,2.41295e+06,2.42118e+06,8227.59
2,29,gate_proj,GPU,2.41295e+06,2.41568e+06,2737.18
2,29,Linear,Logic,2.41295e+06,2.41568e+06,2737.18
2,29,activation,Logic,2.41568e+06,2.4157e+06,16.0382
2,29,up_proj,GPU,2.4157e+06,2.41844e+06,2737.18
2,29,Linear,Logic,2.4157e+06,2.41844e+06,2737.18
2,29,down_proj,GPU,2.41844e+06,2.42118e+06,2737.18
2,29,Linear,Logic,2.41844e+06,2.42118e+06,2737.18
2,29,expert_FFN_6,GPU,2.42118e+06,2.42778e+06,6609.57
2,29,gate_proj,GPU,2.42118e+06,2.42337e+06,2198.91
2,29,Linear,Logic,2.42118e+06,2.42337e+06,2198.91
2,29,activation,Logic,2.42337e+06,2.42339e+06,12.8305
2,29,up_proj,GPU,2.42339e+06,2.42559e+06,2198.91
2,29,Linear,Logic,2.42339e+06,2.42559e+06,2198.91
2,29,down_proj,GPU,2.42559e+06,2.42778e+06,2198.91
2,29,Linear,Logic,2.42559e+06,2.42778e+06,2198.91
2,29,expert_FFN_7,GPU,2.42778e+06,2.43437e+06,6589.4
2,29,gate_proj,GPU,2.42778e+06,2.42998e+06,2194.33
2,29,Linear,Logic,2.42778e+06,2.42998e+06,2194.33
2,29,activation,Logic,2.42998e+06,2.42999e+06,6.41527
2,29,up_proj,GPU,2.42999e+06,2.43218e+06,2194.33
2,29,Linear,Logic,2.42999e+06,2.43218e+06,2194.33
2,29,down_proj,GPU,2.43218e+06,2.43437e+06,2194.33
2,29,Linear,Logic,2.43218e+06,2.43437e+06,2194.33
2,29,sync_2,GPU,2.44527e+06,2.44527e+06,0
2,29,sync__set,GPU,2.44527e+06,2.44527e+06,0
2,29,sync__,GPU,2.44527e+06,2.44527e+06,0
2,29,moe_all_reduce_for_e_tp,GPU,2.44527e+06,2.45051e+06,5236.91
2,29,sync_3,GPU,2.45051e+06,2.45051e+06,0
2,29,sync__set,GPU,2.45051e+06,2.45051e+06,0
2,29,sync__,GPU,2.45051e+06,2.45051e+06,0
2,29,moe_gather,GPU,2.45051e+06,2.45051e+06,0
2,29,sync_for_moe_gather,GPU,2.45051e+06,2.45051e+06,0
2,29,sync__set,GPU,2.45051e+06,2.45051e+06,0
2,29,sync__,GPU,2.45051e+06,2.45051e+06,0
2,29,moe_all_reduce_for_gather,GPU,2.45051e+06,2.45574e+06,5236.91
2,29,sync_5,GPU,2.45574e+06,2.45574e+06,0
2,29,sync__set,GPU,2.45574e+06,2.45574e+06,0
2,29,sync__,GPU,2.45574e+06,2.45574e+06,0
2,29,sync_6,GPU,2.45574e+06,2.45574e+06,0
2,29,sync__set,GPU,2.45574e+06,2.45574e+06,0
2,29,sync__,GPU,2.45574e+06,2.45574e+06,0
2,29,residual_2,GPU,2.45574e+06,2.4559e+06,158.854
2,30,MoE_decoder_30,GPU,2.4559e+06,2.53702e+06,81120.4
2,30,input_layer_norm,GPU,2.4559e+06,2.45606e+06,158.854
2,30,attention,GPU,2.45606e+06,2.473e+06,16935.9
2,30,attn_qkv_proj,GPU,2.45606e+06,2.45992e+06,3861.38
2,30,Linear,GPU,2.45606e+06,2.45992e+06,3861.38
2,30,self_attention,GPU,2.45992e+06,2.46516e+06,5237.31
2,30,AttentionSplit,GPU,2.45992e+06,2.45992e+06,0
2,30,AttentionSum,GPU,2.45992e+06,2.45992e+06,0
2,30,AttentionGen,Logic,2.45992e+06,2.46516e+06,5237.31
2,30,AttentionMerge,GPU,2.46516e+06,2.46516e+06,0
2,30,attn_o_proj,GPU,2.46516e+06,2.46776e+06,2600.32
2,30,Linear,GPU,2.46516e+06,2.46776e+06,2600.32
2,30,all_reduce,GPU,2.46776e+06,2.473e+06,5236.91
2,30,residual_1,GPU,2.473e+06,2.47316e+06,158.854
2,30,post_attn_layer_norm,GPU,2.47316e+06,2.47332e+06,158.854
2,30,expertFFN,GPU,2.47332e+06,2.53687e+06,63549.1
2,30,sync_0,GPU,2.47332e+06,2.47332e+06,0
2,30,sync__set,GPU,2.47332e+06,2.47332e+06,0
2,30,sync__,GPU,2.47332e+06,2.47332e+06,0
2,30,gate_fn,GPU,2.47332e+06,2.47341e+06,97.9093
2,30,Linear,GPU,2.47332e+06,2.47341e+06,97.9093
2,30,gate_update,GPU,2.47341e+06,2.47341e+06,0
2,30,moe_scatter,GPU,2.47341e+06,2.47341e+06,0
2,30,sync_for_moe_scatter,GPU,2.47341e+06,2.47341e+06,0
2,30,sync__set,GPU,2.47341e+06,2.47341e+06,0
2,30,sync__,GPU,2.47341e+06,2.47341e+06,0
2,30,moe_route,GPU,2.47341e+06,2.47341e+06,0
2,30,expert_FFN_0,GPU,2.47341e+06,2.48e+06,6589.4
2,30,gate_proj,GPU,2.47341e+06,2.47561e+06,2194.33
2,30,Linear,Logic,2.47341e+06,2.47561e+06,2194.33
2,30,activation,Logic,2.47561e+06,2.47561e+06,6.41527
2,30,up_proj,GPU,2.47561e+06,2.47781e+06,2194.33
2,30,Linear,Logic,2.47561e+06,2.47781e+06,2194.33
2,30,down_proj,GPU,2.47781e+06,2.48e+06,2194.33
2,30,Linear,Logic,2.47781e+06,2.48e+06,2194.33
2,30,expert_FFN_1,GPU,2.48e+06,2.48661e+06,6609.57
2,30,gate_proj,GPU,2.48e+06,2.4822e+06,2198.91
2,30,Linear,Logic,2.48e+06,2.4822e+06,2198.91
2,30,activation,Logic,2.4822e+06,2.48222e+06,12.8305
2,30,up_proj,GPU,2.48222e+06,2.48441e+06,2198.91
2,30,Linear,Logic,2.48222e+06,2.48441e+06,2198.91
2,30,down_proj,GPU,2.48441e+06,2.48661e+06,2198.91
2,30,Linear,Logic,2.48441e+06,2.48661e+06,2198.91
2,30,expert_FFN_2,GPU,2.47341e+06,2.49991e+06,26498.7
2,30,gate_proj,GPU,2.47341e+06,2.48222e+06,8809.39
2,30,Linear,GPU,2.47341e+06,2.48222e+06,8809.39
2,30,activation,GPU,2.48222e+06,2.48229e+06,70.568
2,30,up_proj,GPU,2.48229e+06,2.4911e+06,8809.39
2,30,Linear,GPU,2.48229e+06,2.4911e+06,8809.39
2,30,down_proj,GPU,2.4911e+06,2.49991e+06,8809.39
2,30,Linear,GPU,2.4911e+06,2.49991e+06,8809.39
2,30,expert_FFN_3,GPU,2.49991e+06,2.52639e+06,26478.6
2,30,gate_proj,GPU,2.49991e+06,2.50872e+06,8804.81
2,30,Linear,GPU,2.49991e+06,2.50872e+06,8804.81
2,30,activation,GPU,2.50872e+06,2.50878e+06,64.1527
2,30,up_proj,GPU,2.50878e+06,2.51759e+06,8804.81
2,30,Linear,GPU,2.50878e+06,2.51759e+06,8804.81
2,30,down_proj,GPU,2.51759e+06,2.52639e+06,8804.81
2,30,Linear,GPU,2.51759e+06,2.52639e+06,8804.81
2,30,expert_FFN_4,GPU,2.48661e+06,2.49402e+06,7404.83
2,30,gate_proj,GPU,2.48661e+06,2.48908e+06,2463.47
2,30,Linear,Logic,2.48661e+06,2.48908e+06,2463.47
2,30,activation,Logic,2.48908e+06,2.48909e+06,14.4344
2,30,up_proj,GPU,2.48909e+06,2.49155e+06,2463.47
2,30,Linear,Logic,2.48909e+06,2.49155e+06,2463.47
2,30,down_proj,GPU,2.49155e+06,2.49402e+06,2463.47
2,30,Linear,Logic,2.49155e+06,2.49402e+06,2463.47
2,30,expert_FFN_5,GPU,2.49402e+06,2.50389e+06,9873.11
2,30,gate_proj,GPU,2.49402e+06,2.4973e+06,3284.62
2,30,Linear,Logic,2.49402e+06,2.4973e+06,3284.62
2,30,activation,Logic,2.4973e+06,2.49732e+06,19.2458
2,30,up_proj,GPU,2.49732e+06,2.50061e+06,3284.62
2,30,Linear,Logic,2.49732e+06,2.50061e+06,3284.62
2,30,down_proj,GPU,2.50061e+06,2.50389e+06,3284.62
2,30,Linear,Logic,2.50061e+06,2.50389e+06,3284.62
2,30,expert_FFN_6,GPU,2.50389e+06,2.51048e+06,6584.36
2,30,gate_proj,GPU,2.50389e+06,2.50608e+06,2193.18
2,30,Linear,Logic,2.50389e+06,2.50608e+06,2193.18
2,30,activation,Logic,2.50608e+06,2.50609e+06,4.81146
2,30,up_proj,GPU,2.50609e+06,2.50828e+06,2193.18
2,30,Linear,Logic,2.50609e+06,2.50828e+06,2193.18
2,30,down_proj,GPU,2.50828e+06,2.51048e+06,2193.18
2,30,Linear,Logic,2.50828e+06,2.51048e+06,2193.18
2,30,expert_FFN_7,GPU,2.51048e+06,2.51708e+06,6604.53
2,30,gate_proj,GPU,2.51048e+06,2.51267e+06,2197.77
2,30,Linear,Logic,2.51048e+06,2.51267e+06,2197.77
2,30,activation,Logic,2.51267e+06,2.51268e+06,11.2267
2,30,up_proj,GPU,2.51268e+06,2.51488e+06,2197.77
2,30,Linear,Logic,2.51268e+06,2.51488e+06,2197.77
2,30,down_proj,GPU,2.51488e+06,2.51708e+06,2197.77
2,30,Linear,Logic,2.51488e+06,2.51708e+06,2197.77
2,30,sync_2,GPU,2.52639e+06,2.52639e+06,0
2,30,sync__set,GPU,2.52639e+06,2.52639e+06,0
2,30,sync__,GPU,2.52639e+06,2.52639e+06,0
2,30,moe_all_reduce_for_e_tp,GPU,2.52639e+06,2.53163e+06,5236.91
2,30,sync_3,GPU,2.53163e+06,2.53163e+06,0
2,30,sync__set,GPU,2.53163e+06,2.53163e+06,0
2,30,sync__,GPU,2.53163e+06,2.53163e+06,0
2,30,moe_gather,GPU,2.53163e+06,2.53163e+06,0
2,30,sync_for_moe_gather,GPU,2.53163e+06,2.53163e+06,0
2,30,sync__set,GPU,2.53163e+06,2.53163e+06,0
2,30,sync__,GPU,2.53163e+06,2.53163e+06,0
2,30,moe_all_reduce_for_gather,GPU,2.53163e+06,2.53687e+06,5236.91
2,30,sync_5,GPU,2.53687e+06,2.53687e+06,0
2,30,sync__set,GPU,2.53687e+06,2.53687e+06,0
2,30,sync__,GPU,2.53687e+06,2.53687e+06,0
2,30,sync_6,GPU,2.53687e+06,2.53687e+06,0
2,30,sync__set,GPU,2.53687e+06,2.53687e+06,0
2,30,sync__,GPU,2.53687e+06,2.53687e+06,0
2,30,residual_2,GPU,2.53687e+06,2.53702e+06,158.854
2,31,MoE_decoder_31,GPU,2.53702e+06,2.6181e+06,81080.1
2,31,input_layer_norm,GPU,2.53702e+06,2.53718e+06,158.854
2,31,attention,GPU,2.53718e+06,2.55412e+06,16935.9
2,31,attn_qkv_proj,GPU,2.53718e+06,2.54104e+06,3861.38
2,31,Linear,GPU,2.53718e+06,2.54104e+06,3861.38
2,31,self_attention,GPU,2.54104e+06,2.54628e+06,5237.31
2,31,AttentionSplit,GPU,2.54104e+06,2.54104e+06,0
2,31,AttentionSum,GPU,2.54104e+06,2.54104e+06,0
2,31,AttentionGen,Logic,2.54104e+06,2.54628e+06,5237.31
2,31,AttentionMerge,GPU,2.54628e+06,2.54628e+06,0
2,31,attn_o_proj,GPU,2.54628e+06,2.54888e+06,2600.32
2,31,Linear,GPU,2.54628e+06,2.54888e+06,2600.32
2,31,all_reduce,GPU,2.54888e+06,2.55412e+06,5236.91
2,31,residual_1,GPU,2.55412e+06,2.55428e+06,158.854
2,31,post_attn_layer_norm,GPU,2.55428e+06,2.55444e+06,158.854
2,31,expertFFN,GPU,2.55444e+06,2.61795e+06,63508.7
2,31,sync_0,GPU,2.55444e+06,2.55444e+06,0
2,31,sync__set,GPU,2.55444e+06,2.55444e+06,0
2,31,sync__,GPU,2.55444e+06,2.55444e+06,0
2,31,gate_fn,GPU,2.55444e+06,2.55453e+06,97.9093
2,31,Linear,GPU,2.55444e+06,2.55453e+06,97.9093
2,31,gate_update,GPU,2.55453e+06,2.55453e+06,0
2,31,moe_scatter,GPU,2.55453e+06,2.55453e+06,0
2,31,sync_for_moe_scatter,GPU,2.55453e+06,2.55453e+06,0
2,31,sync__set,GPU,2.55453e+06,2.55453e+06,0
2,31,sync__,GPU,2.55453e+06,2.55453e+06,0
2,31,moe_route,GPU,2.55453e+06,2.55453e+06,0
2,31,expert_FFN_0,GPU,2.55453e+06,2.58103e+06,26498.7
2,31,gate_proj,GPU,2.55453e+06,2.56334e+06,8809.39
2,31,Linear,GPU,2.55453e+06,2.56334e+06,8809.39
2,31,activation,GPU,2.56334e+06,2.56341e+06,70.568
2,31,up_proj,GPU,2.56341e+06,2.57222e+06,8809.39
2,31,Linear,GPU,2.56341e+06,2.57222e+06,8809.39
2,31,down_proj,GPU,2.57222e+06,2.58103e+06,8809.39
2,31,Linear,GPU,2.57222e+06,2.58103e+06,8809.39
2,31,expert_FFN_1,GPU,2.58103e+06,2.60747e+06,26438.3
2,31,gate_proj,GPU,2.58103e+06,2.58983e+06,8795.65
2,31,Linear,GPU,2.58103e+06,2.58983e+06,8795.65
2,31,activation,GPU,2.58983e+06,2.58988e+06,51.3222
2,31,up_proj,GPU,2.58988e+06,2.59868e+06,8795.65
2,31,Linear,GPU,2.58988e+06,2.59868e+06,8795.65
2,31,down_proj,GPU,2.59868e+06,2.60747e+06,8795.65
2,31,Linear,GPU,2.59868e+06,2.60747e+06,8795.65
2,31,expert_FFN_2,GPU,2.55453e+06,2.56114e+06,6609.57
2,31,gate_proj,GPU,2.55453e+06,2.55673e+06,2198.91
2,31,Linear,Logic,2.55453e+06,2.55673e+06,2198.91
2,31,activation,Logic,2.55673e+06,2.55675e+06,12.8305
2,31,up_proj,GPU,2.55675e+06,2.55894e+06,2198.91
2,31,Linear,Logic,2.55675e+06,2.55894e+06,2198.91
2,31,down_proj,GPU,2.55894e+06,2.56114e+06,2198.91
2,31,Linear,Logic,2.55894e+06,2.56114e+06,2198.91
2,31,expert_FFN_3,GPU,2.56114e+06,2.56774e+06,6599.48
2,31,gate_proj,GPU,2.56114e+06,2.56334e+06,2196.62
2,31,Linear,Logic,2.56114e+06,2.56334e+06,2196.62
2,31,activation,Logic,2.56334e+06,2.56335e+06,9.62291
2,31,up_proj,GPU,2.56335e+06,2.56555e+06,2196.62
2,31,Linear,Logic,2.56335e+06,2.56555e+06,2196.62
2,31,down_proj,GPU,2.56555e+06,2.56774e+06,2196.62
2,31,Linear,Logic,2.56555e+06,2.56774e+06,2196.62
2,31,expert_FFN_4,GPU,2.56774e+06,2.57435e+06,6609.57
2,31,gate_proj,GPU,2.56774e+06,2.56994e+06,2198.91
2,31,Linear,Logic,2.56774e+06,2.56994e+06,2198.91
2,31,activation,Logic,2.56994e+06,2.56996e+06,12.8305
2,31,up_proj,GPU,2.56996e+06,2.57215e+06,2198.91
2,31,Linear,Logic,2.56996e+06,2.57215e+06,2198.91
2,31,down_proj,GPU,2.57215e+06,2.57435e+06,2198.91
2,31,Linear,Logic,2.57215e+06,2.57435e+06,2198.91
2,31,expert_FFN_5,GPU,2.57435e+06,2.5834e+06,9050.35
2,31,gate_proj,GPU,2.57435e+06,2.57736e+06,3010.9
2,31,Linear,Logic,2.57435e+06,2.57736e+06,3010.9
2,31,activation,Logic,2.57736e+06,2.57738e+06,17.642
2,31,up_proj,GPU,2.57738e+06,2.58039e+06,3010.9
2,31,Linear,Logic,2.57738e+06,2.58039e+06,3010.9
2,31,down_proj,GPU,2.58039e+06,2.5834e+06,3010.9
2,31,Linear,Logic,2.58039e+06,2.5834e+06,3010.9
2,31,expert_FFN_6,GPU,2.5834e+06,2.59001e+06,6609.57
2,31,gate_proj,GPU,2.5834e+06,2.5856e+06,2198.91
2,31,Linear,Logic,2.5834e+06,2.5856e+06,2198.91
2,31,activation,Logic,2.5856e+06,2.58561e+06,12.8305
2,31,up_proj,GPU,2.58561e+06,2.58781e+06,2198.91
2,31,Linear,Logic,2.58561e+06,2.58781e+06,2198.91
2,31,down_proj,GPU,2.58781e+06,2.59001e+06,2198.91
2,31,Linear,Logic,2.58781e+06,2.59001e+06,2198.91
2,31,expert_FFN_7,GPU,2.59001e+06,2.5966e+06,6589.4
2,31,gate_proj,GPU,2.59001e+06,2.59221e+06,2194.33
2,31,Linear,Logic,2.59001e+06,2.59221e+06,2194.33
2,31,activation,Logic,2.59221e+06,2.59221e+06,6.41527
2,31,up_proj,GPU,2.59221e+06,2.59441e+06,2194.33
2,31,Linear,Logic,2.59221e+06,2.59441e+06,2194.33
2,31,down_proj,GPU,2.59441e+06,2.5966e+06,2194.33
2,31,Linear,Logic,2.59441e+06,2.5966e+06,2194.33
2,31,sync_2,GPU,2.60747e+06,2.60747e+06,0
2,31,sync__set,GPU,2.60747e+06,2.60747e+06,0
2,31,sync__,GPU,2.60747e+06,2.60747e+06,0
2,31,moe_all_reduce_for_e_tp,GPU,2.60747e+06,2.61271e+06,5236.91
2,31,sync_3,GPU,2.61271e+06,2.61271e+06,0
2,31,sync__set,GPU,2.61271e+06,2.61271e+06,0
2,31,sync__,GPU,2.61271e+06,2.61271e+06,0
2,31,moe_gather,GPU,2.61271e+06,2.61271e+06,0
2,31,sync_for_moe_gather,GPU,2.61271e+06,2.61271e+06,0
2,31,sync__set,GPU,2.61271e+06,2.61271e+06,0
2,31,sync__,GPU,2.61271e+06,2.61271e+06,0
2,31,moe_all_reduce_for_gather,GPU,2.61271e+06,2.61795e+06,5236.91
2,31,sync_5,GPU,2.61795e+06,2.61795e+06,0
2,31,sync__set,GPU,2.61795e+06,2.61795e+06,0
2,31,sync__,GPU,2.61795e+06,2.61795e+06,0
2,31,sync_6,GPU,2.61795e+06,2.61795e+06,0
2,31,sync__set,GPU,2.61795e+06,2.61795e+06,0
2,31,sync__,GPU,2.61795e+06,2.61795e+06,0
2,31,residual_2,GPU,2.61795e+06,2.6181e+06,158.854
3,0,MoE_decoder_0,GPU,0,81080.1,81080.1
3,0,input_layer_norm,GPU,0,158.854,158.854
3,0,attention,GPU,158.854,17094.8,16935.9
3,0,attn_qkv_proj,GPU,158.854,4020.24,3861.38
3,0,Linear,GPU,158.854,4020.24,3861.38
3,0,self_attention,GPU,4020.24,9257.55,5237.31
3,0,AttentionSplit,GPU,4020.24,4020.24,0
3,0,AttentionSum,GPU,4020.24,4020.24,0
3,0,AttentionGen,Logic,4020.24,9257.55,5237.31
3,0,AttentionMerge,GPU,9257.55,9257.55,0
3,0,attn_o_proj,GPU,9257.55,11857.9,2600.32
3,0,Linear,GPU,9257.55,11857.9,2600.32
3,0,all_reduce,GPU,11857.9,17094.8,5236.91
3,0,residual_1,GPU,17094.8,17253.6,158.854
3,0,post_attn_layer_norm,GPU,17253.6,17412.5,158.854
3,0,expertFFN,GPU,17412.5,80921.2,63508.7
3,0,sync_0,GPU,17412.5,17412.5,0
3,0,sync__set,GPU,17412.5,17412.5,0
3,0,sync__,GPU,17412.5,17412.5,0
3,0,gate_fn,GPU,17412.5,17510.4,97.9093
3,0,Linear,GPU,17412.5,17510.4,97.9093
3,0,gate_update,GPU,17510.4,17510.4,0
3,0,moe_scatter,GPU,17510.4,17510.4,0
3,0,sync_for_moe_scatter,GPU,17510.4,17510.4,0
3,0,sync__set,GPU,17510.4,17510.4,0
3,0,sync__,GPU,17510.4,17510.4,0
3,0,moe_route,GPU,17510.4,17510.4,0
3,0,expert_FFN_0,GPU,17510.4,43948.7,26438.3
3,0,gate_proj,GPU,17510.4,26306,8795.65
3,0,Linear,GPU,17510.4,26306,8795.65
3,0,activation,GPU,26306,26357.4,51.3222
3,0,up_proj,GPU,26357.4,35153,8795.65
3,0,Linear,GPU,26357.4,35153,8795.65
3,0,down_proj,GPU,35153,43948.7,8795.65
3,0,Linear,GPU,35153,43948.7,8795.65
3,0,expert_FFN_1,GPU,43948.7,70447.4,26498.7
3,0,gate_proj,GPU,43948.7,52758.1,8809.39
3,0,Linear,GPU,43948.7,52758.1,8809.39
3,0,activation,GPU,52758.1,52828.6,70.568
3,0,up_proj,GPU,52828.6,61638,8809.39
3,0,Linear,GPU,52828.6,61638,8809.39
3,0,down_proj,GPU,61638,70447.4,8809.39
3,0,Linear,GPU,61638,70447.4,8809.39
3,0,expert_FFN_2,GPU,17510.4,24114.9,6604.53
3,0,gate_proj,GPU,17510.4,19708.2,2197.77
3,0,Linear,Logic,17510.4,19708.2,2197.77
3,0,activation,Logic,19708.2,19719.4,11.2267
3,0,up_proj,GPU,19719.4,21917.2,2197.77
3,0,Linear,Logic,19719.4,21917.2,2197.77
3,0,down_proj,GPU,21917.2,24114.9,2197.77
3,0,Linear,Logic,21917.2,24114.9,2197.77
3,0,expert_FFN_3,GPU,24114.9,30714.4,6599.48
3,0,gate_proj,GPU,24114.9,26311.5,2196.62
3,0,Linear,Logic,24114.9,26311.5,2196.62
3,0,activation,Logic,26311.5,26321.2,9.62291
3,0,up_proj,GPU,26321.2,28517.8,2196.62
3,0,Linear,Logic,26321.2,28517.8,2196.62
3,0,down_proj,GPU,28517.8,30714.4,2196.62
3,0,Linear,Logic,28517.8,30714.4,2196.62
3,0,expert_FFN_4,GPU,30714.4,39764.8,9050.35
3,0,gate_proj,GPU,30714.4,33725.3,3010.9
3,0,Linear,Logic,30714.4,33725.3,3010.9
3,0,activation,Logic,33725.3,33742.9,17.642
3,0,up_proj,GPU,33742.9,36753.9,3010.9
3,0,Linear,Logic,33742.9,36753.9,3010.9
3,0,down_proj,GPU,36753.9,39764.8,3010.9
3,0,Linear,Logic,36753.9,39764.8,3010.9
3,0,expert_FFN_5,GPU,39764.8,46364.2,6599.48
3,0,gate_proj,GPU,39764.8,41961.4,2196.62
3,0,Linear,Logic,39764.8,41961.4,2196.62
3,0,activation,Logic,41961.4,41971,9.62291
3,0,up_proj,GPU,41971,44167.6,2196.62
3,0,Linear,Logic,41971,44167.6,2196.62
3,0,down_proj,GPU,44167.6,46364.2,2196.62
3,0,Linear,Logic,44167.6,46364.2,2196.62
3,0,expert_FFN_6,GPU,46364.2,52963.7,6599.48
3,0,gate_proj,GPU,46364.2,48560.9,2196.62
3,0,Linear,Logic,46364.2,48560.9,2196.62
3,0,activation,Logic,48560.9,48570.5,9.62291
3,0,up_proj,GPU,48570.5,50767.1,2196.62
3,0,Linear,Logic,48570.5,50767.1,2196.62
3,0,down_proj,GPU,50767.1,52963.7,2196.62
3,0,Linear,Logic,50767.1,52963.7,2196.62
3,0,expert_FFN_7,GPU,52963.7,60368.6,7404.83
3,0,gate_proj,GPU,52963.7,55427.2,2463.47
3,0,Linear,Logic,52963.7,55427.2,2463.47
3,0,activation,Logic,55427.2,55441.6,14.4344
3,0,up_proj,GPU,55441.6,57905.1,2463.47
3,0,Linear,Logic,55441.6,57905.1,2463.47
3,0,down_proj,GPU,57905.1,60368.6,2463.47
3,0,Linear,Logic,57905.1,60368.6,2463.47
3,0,sync_2,GPU,70447.4,70447.4,0
3,0,sync__set,GPU,70447.4,70447.4,0
3,0,sync__,GPU,70447.4,70447.4,0
3,0,moe_all_reduce_for_e_tp,GPU,70447.4,75684.3,5236.91
3,0,sync_3,GPU,75684.3,75684.3,0
3,0,sync__set,GPU,75684.3,75684.3,0
3,0,sync__,GPU,75684.3,75684.3,0
3,0,moe_gather,GPU,75684.3,75684.3,0
3,0,sync_for_moe_gather,GPU,75684.3,75684.3,0
3,0,sync__set,GPU,75684.3,75684.3,0
3,0,sync__,GPU,75684.3,75684.3,0
3,0,moe_all_reduce_for_gather,GPU,75684.3,80921.2,5236.91
3,0,sync_5,GPU,80921.2,80921.2,0
3,0,sync__set,GPU,80921.2,80921.2,0
3,0,sync__,GPU,80921.2,80921.2,0
3,0,sync_6,GPU,80921.2,80921.2,0
3,0,sync__set,GPU,80921.2,80921.2,0
3,0,sync__,GPU,80921.2,80921.2,0
3,0,residual_2,GPU,80921.2,81080.1,158.854
3,1,MoE_decoder_1,GPU,81080.1,162160,81080.1
3,1,input_layer_norm,GPU,81080.1,81238.9,158.854
3,1,attention,GPU,81238.9,98174.9,16935.9
3,1,attn_qkv_proj,GPU,81238.9,85100.3,3861.38
3,1,Linear,GPU,81238.9,85100.3,3861.38
3,1,self_attention,GPU,85100.3,90337.6,5237.31
3,1,AttentionSplit,GPU,85100.3,85100.3,0
3,1,AttentionSum,GPU,85100.3,85100.3,0
3,1,AttentionGen,Logic,85100.3,90337.6,5237.31
3,1,AttentionMerge,GPU,90337.6,90337.6,0
3,1,attn_o_proj,GPU,90337.6,92937.9,2600.32
3,1,Linear,GPU,90337.6,92937.9,2600.32
3,1,all_reduce,GPU,92937.9,98174.9,5236.91
3,1,residual_1,GPU,98174.9,98333.7,158.854
3,1,post_attn_layer_norm,GPU,98333.7,98492.6,158.854
3,1,expertFFN,GPU,98492.6,162001,63508.7
3,1,sync_0,GPU,98492.6,98492.6,0
3,1,sync__set,GPU,98492.6,98492.6,0
3,1,sync__,GPU,98492.6,98492.6,0
3,1,gate_fn,GPU,98492.6,98590.5,97.9093
3,1,Linear,GPU,98492.6,98590.5,97.9093
3,1,gate_update,GPU,98590.5,98590.5,0
3,1,moe_scatter,GPU,98590.5,98590.5,0
3,1,sync_for_moe_scatter,GPU,98590.5,98590.5,0
3,1,sync__set,GPU,98590.5,98590.5,0
3,1,sync__,GPU,98590.5,98590.5,0
3,1,moe_route,GPU,98590.5,98590.5,0
3,1,expert_FFN_0,GPU,98590.5,105995,7404.83
3,1,gate_proj,GPU,98590.5,101054,2463.47
3,1,Linear,Logic,98590.5,101054,2463.47
3,1,activation,Logic,101054,101068,14.4344
3,1,up_proj,GPU,101068,103532,2463.47
3,1,Linear,Logic,101068,103532,2463.47
3,1,down_proj,GPU,103532,105995,2463.47
3,1,Linear,Logic,103532,105995,2463.47
3,1,expert_FFN_1,GPU,105995,112575,6579.32
3,1,gate_proj,GPU,105995,108187,2192.04
3,1,Linear,Logic,105995,108187,2192.04
3,1,activation,Logic,108187,108191,3.20764
3,1,up_proj,GPU,108191,110383,2192.04
3,1,Linear,Logic,108191,110383,2192.04
3,1,down_proj,GPU,110383,112575,2192.04
3,1,Linear,Logic,110383,112575,2192.04
3,1,expert_FFN_2,GPU,112575,120802,8227.59
3,1,gate_proj,GPU,112575,115312,2737.18
3,1,Linear,Logic,112575,115312,2737.18
3,1,activation,Logic,115312,115328,16.0382
3,1,up_proj,GPU,115328,118065,2737.18
3,1,Linear,Logic,115328,118065,2737.18
3,1,down_proj,GPU,118065,120802,2737.18
3,1,Linear,Logic,118065,120802,2737.18
3,1,expert_FFN_3,GPU,120802,127412,6609.57
3,1,gate_proj,GPU,120802,123001,2198.91
3,1,Linear,Logic,120802,123001,2198.91
3,1,activation,Logic,123001,123014,12.8305
3,1,up_proj,GPU,123014,125213,2198.91
3,1,Linear,Logic,123014,125213,2198.91
3,1,down_proj,GPU,125213,127412,2198.91
3,1,Linear,Logic,125213,127412,2198.91
3,1,expert_FFN_4,GPU,127412,137285,9873.11
3,1,gate_proj,GPU,127412,130696,3284.62
3,1,Linear,Logic,127412,130696,3284.62
3,1,activation,Logic,130696,130716,19.2458
3,1,up_proj,GPU,130716,134000,3284.62
3,1,Linear,Logic,130716,134000,3284.62
3,1,down_proj,GPU,134000,137285,3284.62
3,1,Linear,Logic,134000,137285,3284.62
3,1,expert_FFN_5,GPU,137285,143874,6589.4
3,1,gate_proj,GPU,137285,139479,2194.33
3,1,Linear,Logic,137285,139479,2194.33
3,1,activation,Logic,139479,139486,6.41527
3,1,up_proj,GPU,139486,141680,2194.33
3,1,Linear,Logic,139486,141680,2194.33
3,1,down_proj,GPU,141680,143874,2194.33
3,1,Linear,Logic,141680,143874,2194.33
3,1,expert_FFN_6,GPU,98590.5,125069,26478.6
3,1,gate_proj,GPU,98590.5,107395,8804.81
3,1,Linear,GPU,98590.5,107395,8804.81
3,1,activation,GPU,107395,107459,64.1527
3,1,up_proj,GPU,107459,116264,8804.81
3,1,Linear,GPU,107459,116264,8804.81
3,1,down_proj,GPU,116264,125069,8804.81
3,1,Linear,GPU,116264,125069,8804.81
3,1,expert_FFN_7,GPU,125069,151527,26458.4
3,1,gate_proj,GPU,125069,133869,8800.23
3,1,Linear,GPU,125069,133869,8800.23
3,1,activation,GPU,133869,133927,57.7375
3,1,up_proj,GPU,133927,142727,8800.23
3,1,Linear,GPU,133927,142727,8800.23
3,1,down_proj,GPU,142727,151527,8800.23
3,1,Linear,GPU,142727,151527,8800.23
3,1,sync_2,GPU,151527,151527,0
3,1,sync__set,GPU,151527,151527,0
3,1,sync__,GPU,151527,151527,0
3,1,moe_all_reduce_for_e_tp,GPU,151527,156764,5236.91
3,1,sync_3,GPU,156764,156764,0
3,1,sync__set,GPU,156764,156764,0
3,1,sync__,GPU,156764,156764,0
3,1,moe_gather,GPU,156764,156764,0
3,1,sync_for_moe_gather,GPU,156764,156764,0
3,1,sync__set,GPU,156764,156764,0
3,1,sync__,GPU,156764,156764,0
3,1,moe_all_reduce_for_gather,GPU,156764,162001,5236.91
3,1,sync_5,GPU,162001,162001,0
3,1,sync__set,GPU,162001,162001,0
3,1,sync__,GPU,162001,162001,0
3,1,sync_6,GPU,162001,162001,0
3,1,sync__set,GPU,162001,162001,0
3,1,sync__,GPU,162001,162001,0
3,1,residual_2,GPU,162001,162160,158.854
3,2,MoE_decoder_2,GPU,162160,243321,81160.7
3,2,input_layer_norm,GPU,162160,162319,158.854
3,2,attention,GPU,162319,179255,16935.9
3,2,attn_qkv_proj,GPU,162319,166180,3861.38
3,2,Linear,GPU,162319,166180,3861.38
3,2,self_attention,GPU,166180,171418,5237.31
3,2,AttentionSplit,GPU,166180,166180,0
3,2,AttentionSum,GPU,166180,166180,0
3,2,AttentionGen,Logic,166180,171418,5237.31
3,2,AttentionMerge,GPU,171418,171418,0
3,2,attn_o_proj,GPU,171418,174018,2600.32
3,2,Linear,GPU,171418,174018,2600.32
3,2,all_reduce,GPU,174018,179255,5236.91
3,2,residual_1,GPU,179255,179414,158.854
3,2,post_attn_layer_norm,GPU,179414,179573,158.854
3,2,expertFFN,GPU,179573,243162,63589.4
3,2,sync_0,GPU,179573,179573,0
3,2,sync__set,GPU,179573,179573,0
3,2,sync__,GPU,179573,179573,0
3,2,gate_fn,GPU,179573,179671,97.9093
3,2,Linear,GPU,179573,179671,97.9093
3,2,gate_update,GPU,179671,179671,0
3,2,moe_scatter,GPU,179671,179671,0
3,2,sync_for_moe_scatter,GPU,179671,179671,0
3,2,sync__set,GPU,179671,179671,0
3,2,sync__,GPU,179671,179671,0
3,2,moe_route,GPU,179671,179671,0
3,2,expert_FFN_0,GPU,179671,187898,8227.59
3,2,gate_proj,GPU,179671,182408,2737.18
3,2,Linear,Logic,179671,182408,2737.18
3,2,activation,Logic,182408,182424,16.0382
3,2,up_proj,GPU,182424,185161,2737.18
3,2,Linear,Logic,182424,185161,2737.18
3,2,down_proj,GPU,185161,187898,2737.18
3,2,Linear,Logic,185161,187898,2737.18
3,2,expert_FFN_1,GPU,187898,194498,6599.48
3,2,gate_proj,GPU,187898,190095,2196.62
3,2,Linear,Logic,187898,190095,2196.62
3,2,activation,Logic,190095,190104,9.62291
3,2,up_proj,GPU,190104,192301,2196.62
3,2,Linear,Logic,190104,192301,2196.62
3,2,down_proj,GPU,192301,194498,2196.62
3,2,Linear,Logic,192301,194498,2196.62
3,2,expert_FFN_2,GPU,194498,201902,7404.83
3,2,gate_proj,GPU,194498,196961,2463.47
3,2,Linear,Logic,194498,196961,2463.47
3,2,activation,Logic,196961,196976,14.4344
3,2,up_proj,GPU,196976,199439,2463.47
3,2,Linear,Logic,196976,199439,2463.47
3,2,down_proj,GPU,199439,201902,2463.47
3,2,Linear,Logic,199439,201902,2463.47
3,2,expert_FFN_3,GPU,201902,208497,6594.44
3,2,gate_proj,GPU,201902,204098,2195.47
3,2,Linear,Logic,201902,204098,2195.47
3,2,activation,Logic,204098,204106,8.01909
3,2,up_proj,GPU,204106,206301,2195.47
3,2,Linear,Logic,204106,206301,2195.47
3,2,down_proj,GPU,206301,208497,2195.47
3,2,Linear,Logic,206301,208497,2195.47
3,2,expert_FFN_4,GPU,208497,215091,6594.44
3,2,gate_proj,GPU,208497,210692,2195.47
3,2,Linear,Logic,208497,210692,2195.47
3,2,activation,Logic,210692,210700,8.01909
3,2,up_proj,GPU,210700,212896,2195.47
3,2,Linear,Logic,210700,212896,2195.47
3,2,down_proj,GPU,212896,215091,2195.47
3,2,Linear,Logic,212896,215091,2195.47
3,2,expert_FFN_5,GPU,215091,221691,6599.48
3,2,gate_proj,GPU,215091,217288,2196.62
3,2,Linear,Logic,215091,217288,2196.62
3,2,activation,Logic,217288,217298,9.62291
3,2,up_proj,GPU,217298,219494,2196.62
3,2,Linear,Logic,217298,219494,2196.62
3,2,down_proj,GPU,219494,221691,2196.62
3,2,Linear,Logic,219494,221691,2196.62
3,2,expert_FFN_6,GPU,179671,206189,26518.9
3,2,gate_proj,GPU,179671,188485,8813.98
3,2,Linear,GPU,179671,188485,8813.98
3,2,activation,GPU,188485,188562,76.9833
3,2,up_proj,GPU,188562,197375,8813.98
3,2,Linear,GPU,188562,197375,8813.98
3,2,down_proj,GPU,197375,206189,8813.98
3,2,Linear,GPU,197375,206189,8813.98
3,2,expert_FFN_7,GPU,206189,232688,26498.7
3,2,gate_proj,GPU,206189,214999,8809.39
3,2,Linear,GPU,206189,214999,8809.39
3,2,activation,GPU,214999,215069,70.568
3,2,up_proj,GPU,215069,223879,8809.39
3,2,Linear,GPU,215069,223879,8809.39
3,2,down_proj,GPU,223879,232688,8809.39
3,2,Linear,GPU,223879,232688,8809.39
3,2,sync_2,GPU,232688,232688,0
3,2,sync__set,GPU,232688,232688,0
3,2,sync__,GPU,232688,232688,0
3,2,moe_all_reduce_for_e_tp,GPU,232688,237925,5236.91
3,2,sync_3,GPU,237925,237925,0
3,2,sync__set,GPU,237925,237925,0
3,2,sync__,GPU,237925,237925,0
3,2,moe_gather,GPU,237925,237925,0
3,2,sync_for_moe_gather,GPU,237925,237925,0
3,2,sync__set,GPU,237925,237925,0
3,2,sync__,GPU,237925,237925,0
3,2,moe_all_reduce_for_gather,GPU,237925,243162,5236.91
3,2,sync_5,GPU,243162,243162,0
3,2,sync__set,GPU,243162,243162,0
3,2,sync__,GPU,243162,243162,0
3,2,sync_6,GPU,243162,243162,0
3,2,sync__set,GPU,243162,243162,0
3,2,sync__,GPU,243162,243162,0
3,2,residual_2,GPU,243162,243321,158.854
3,3,MoE_decoder_3,GPU,243321,324381,81059.9
3,3,input_layer_norm,GPU,243321,243480,158.854
3,3,attention,GPU,243480,260416,16935.9
3,3,attn_qkv_proj,GPU,243480,247341,3861.38
3,3,Linear,GPU,243480,247341,3861.38
3,3,self_attention,GPU,247341,252578,5237.31
3,3,AttentionSplit,GPU,247341,247341,0
3,3,AttentionSum,GPU,247341,247341,0
3,3,AttentionGen,Logic,247341,252578,5237.31
3,3,AttentionMerge,GPU,252578,252578,0
3,3,attn_o_proj,GPU,252578,255179,2600.32
3,3,Linear,GPU,252578,255179,2600.32
3,3,all_reduce,GPU,255179,260416,5236.91
3,3,residual_1,GPU,260416,260575,158.854
3,3,post_attn_layer_norm,GPU,260575,260733,158.854
3,3,expertFFN,GPU,260733,324222,63488.6
3,3,sync_0,GPU,260733,260733,0
3,3,sync__set,GPU,260733,260733,0
3,3,sync__,GPU,260733,260733,0
3,3,gate_fn,GPU,260733,260831,97.9093
3,3,Linear,GPU,260733,260831,97.9093
3,3,gate_update,GPU,260831,260831,0
3,3,moe_scatter,GPU,260831,260831,0
3,3,sync_for_moe_scatter,GPU,260831,260831,0
3,3,sync__set,GPU,260831,260831,0
3,3,sync__,GPU,260831,260831,0
3,3,moe_route,GPU,260831,260831,0
3,3,expert_FFN_0,GPU,260831,268236,7404.83
3,3,gate_proj,GPU,260831,263295,2463.47
3,3,Linear,Logic,260831,263295,2463.47
3,3,activation,Logic,263295,263309,14.4344
3,3,up_proj,GPU,263309,265773,2463.47
3,3,Linear,Logic,263309,265773,2463.47
3,3,down_proj,GPU,265773,268236,2463.47
3,3,Linear,Logic,265773,268236,2463.47
3,3,expert_FFN_1,GPU,268236,274831,6594.44
3,3,gate_proj,GPU,268236,270432,2195.47
3,3,Linear,Logic,268236,270432,2195.47
3,3,activation,Logic,270432,270440,8.01909
3,3,up_proj,GPU,270440,272635,2195.47
3,3,Linear,Logic,270440,272635,2195.47
3,3,down_proj,GPU,272635,274831,2195.47
3,3,Linear,Logic,272635,274831,2195.47
3,3,expert_FFN_2,GPU,274831,281420,6589.4
3,3,gate_proj,GPU,274831,277025,2194.33
3,3,Linear,Logic,274831,277025,2194.33
3,3,activation,Logic,277025,277031,6.41527
3,3,up_proj,GPU,277031,279226,2194.33
3,3,Linear,Logic,277031,279226,2194.33
3,3,down_proj,GPU,279226,281420,2194.33
3,3,Linear,Logic,279226,281420,2194.33
3,3,expert_FFN_3,GPU,281420,290470,9050.35
3,3,gate_proj,GPU,281420,284431,3010.9
3,3,Linear,Logic,281420,284431,3010.9
3,3,activation,Logic,284431,284448,17.642
3,3,up_proj,GPU,284448,287459,3010.9
3,3,Linear,Logic,284448,287459,3010.9
3,3,down_proj,GPU,287459,290470,3010.9
3,3,Linear,Logic,287459,290470,3010.9
3,3,expert_FFN_4,GPU,260831,287350,26518.9
3,3,gate_proj,GPU,260831,269645,8813.98
3,3,Linear,GPU,260831,269645,8813.98
3,3,activation,GPU,269645,269722,76.9833
3,3,up_proj,GPU,269722,278536,8813.98
3,3,Linear,GPU,269722,278536,8813.98
3,3,down_proj,GPU,278536,287350,8813.98
3,3,Linear,GPU,278536,287350,8813.98
3,3,expert_FFN_5,GPU,287350,313748,26397.9
3,3,gate_proj,GPU,287350,296137,8786.48
3,3,Linear,GPU,287350,296137,8786.48
3,3,activation,GPU,296137,296175,38.4916
3,3,up_proj,GPU,296175,304962,8786.48
3,3,Linear,GPU,296175,304962,8786.48
3,3,down_proj,GPU,304962,313748,8786.48
3,3,Linear,GPU,304962,313748,8786.48
3,3,expert_FFN_6,GPU,290470,299521,9050.35
3,3,gate_proj,GPU,290470,293481,3010.9
3,3,Linear,Logic,290470,293481,3010.9
3,3,activation,Logic,293481,293499,17.642
3,3,up_proj,GPU,293499,296510,3010.9
3,3,Linear,Logic,293499,296510,3010.9
3,3,down_proj,GPU,296510,299521,3010.9
3,3,Linear,Logic,296510,299521,3010.9
3,3,expert_FFN_7,GPU,299521,306120,6599.48
3,3,gate_proj,GPU,299521,301717,2196.62
3,3,Linear,Logic,299521,301717,2196.62
3,3,activation,Logic,301717,301727,9.62291
3,3,up_proj,GPU,301727,303924,2196.62
3,3,Linear,Logic,301727,303924,2196.62
3,3,down_proj,GPU,303924,306120,2196.62
3,3,Linear,Logic,303924,306120,2196.62
3,3,sync_2,GPU,313748,313748,0
3,3,sync__set,GPU,313748,313748,0
3,3,sync__,GPU,313748,313748,0
3,3,moe_all_reduce_for_e_tp,GPU,313748,318985,5236.91
3,3,sync_3,GPU,318985,318985,0
3,3,sync__set,GPU,318985,318985,0
3,3,sync__,GPU,318985,318985,0
3,3,moe_gather,GPU,318985,318985,0
3,3,sync_for_moe_gather,GPU,318985,318985,0
3,3,sync__set,GPU,318985,318985,0
3,3,sync__,GPU,318985,318985,0
3,3,moe_all_reduce_for_gather,GPU,318985,324222,5236.91
3,3,sync_5,GPU,324222,324222,0
3,3,sync__set,GPU,324222,324222,0
3,3,sync__,GPU,324222,324222,0
3,3,sync_6,GPU,324222,324222,0
3,3,sync__set,GPU,324222,324222,0
3,3,sync__,GPU,324222,324222,0
3,3,residual_2,GPU,324222,324381,158.854
3,4,MoE_decoder_4,GPU,324381,405562,81180.9
3,4,input_layer_norm,GPU,324381,324540,158.854
3,4,attention,GPU,324540,341476,16935.9
3,4,attn_qkv_proj,GPU,324540,328401,3861.38
3,4,Linear,GPU,324540,328401,3861.38
3,4,self_attention,GPU,328401,333638,5237.31
3,4,AttentionSplit,GPU,328401,328401,0
3,4,AttentionSum,GPU,328401,328401,0
3,4,AttentionGen,Logic,328401,333638,5237.31
3,4,AttentionMerge,GPU,333638,333638,0
3,4,attn_o_proj,GPU,333638,336239,2600.32
3,4,Linear,GPU,333638,336239,2600.32
3,4,all_reduce,GPU,336239,341476,5236.91
3,4,residual_1,GPU,341476,341634,158.854
3,4,post_attn_layer_norm,GPU,341634,341793,158.854
3,4,expertFFN,GPU,341793,405403,63609.5
3,4,sync_0,GPU,341793,341793,0
3,4,sync__set,GPU,341793,341793,0
3,4,sync__,GPU,341793,341793,0
3,4,gate_fn,GPU,341793,341891,97.9093
3,4,Linear,GPU,341793,341891,97.9093
3,4,gate_update,GPU,341891,341891,0
3,4,moe_scatter,GPU,341891,341891,0
3,4,sync_for_moe_scatter,GPU,341891,341891,0
3,4,sync__set,GPU,341891,341891,0
3,4,sync__,GPU,341891,341891,0
3,4,moe_route,GPU,341891,341891,0
3,4,expert_FFN_0,GPU,341891,348501,6609.57
3,4,gate_proj,GPU,341891,344090,2198.91
3,4,Linear,Logic,341891,344090,2198.91
3,4,activation,Logic,344090,344103,12.8305
3,4,up_proj,GPU,344103,346302,2198.91
3,4,Linear,Logic,344103,346302,2198.91
3,4,down_proj,GPU,346302,348501,2198.91
3,4,Linear,Logic,346302,348501,2198.91
3,4,expert_FFN_1,GPU,348501,355105,6604.53
3,4,gate_proj,GPU,348501,350699,2197.77
3,4,Linear,Logic,348501,350699,2197.77
3,4,activation,Logic,350699,350710,11.2267
3,4,up_proj,GPU,350710,352908,2197.77
3,4,Linear,Logic,350710,352908,2197.77
3,4,down_proj,GPU,352908,355105,2197.77
3,4,Linear,Logic,352908,355105,2197.77
3,4,expert_FFN_2,GPU,355105,361690,6584.36
3,4,gate_proj,GPU,355105,357298,2193.18
3,4,Linear,Logic,355105,357298,2193.18
3,4,activation,Logic,357298,357303,4.81146
3,4,up_proj,GPU,357303,359496,2193.18
3,4,Linear,Logic,357303,359496,2193.18
3,4,down_proj,GPU,359496,361690,2193.18
3,4,Linear,Logic,359496,361690,2193.18
3,4,expert_FFN_3,GPU,361690,368289,6599.48
3,4,gate_proj,GPU,361690,363886,2196.62
3,4,Linear,Logic,361690,363886,2196.62
3,4,activation,Logic,363886,363896,9.62291
3,4,up_proj,GPU,363896,366093,2196.62
3,4,Linear,Logic,363896,366093,2196.62
3,4,down_proj,GPU,366093,368289,2196.62
3,4,Linear,Logic,366093,368289,2196.62
3,4,expert_FFN_4,GPU,341891,368430,26539.1
3,4,gate_proj,GPU,341891,350710,8818.56
3,4,Linear,GPU,341891,350710,8818.56
3,4,activation,GPU,350710,350793,83.3986
3,4,up_proj,GPU,350793,359612,8818.56
3,4,Linear,GPU,350793,359612,8818.56
3,4,down_proj,GPU,359612,368430,8818.56
3,4,Linear,GPU,359612,368430,8818.56
3,4,expert_FFN_5,GPU,368430,394929,26498.7
3,4,gate_proj,GPU,368430,377240,8809.39
3,4,Linear,GPU,368430,377240,8809.39
3,4,activation,GPU,377240,377310,70.568
3,4,up_proj,GPU,377310,386120,8809.39
3,4,Linear,GPU,377310,386120,8809.39
3,4,down_proj,GPU,386120,394929,8809.39
3,4,Linear,GPU,386120,394929,8809.39
3,4,expert_FFN_6,GPU,368289,376517,8227.59
3,4,gate_proj,GPU,368289,371026,2737.18
3,4,Linear,Logic,368289,371026,2737.18
3,4,activation,Logic,371026,371042,16.0382
3,4,up_proj,GPU,371042,373780,2737.18
3,4,Linear,Logic,371042,373780,2737.18
3,4,down_proj,GPU,373780,376517,2737.18
3,4,Linear,Logic,373780,376517,2737.18
3,4,expert_FFN_7,GPU,376517,383116,6599.48
3,4,gate_proj,GPU,376517,378713,2196.62
3,4,Linear,Logic,376517,378713,2196.62
3,4,activation,Logic,378713,378723,9.62291
3,4,up_proj,GPU,378723,380920,2196.62
3,4,Linear,Logic,378723,380920,2196.62
3,4,down_proj,GPU,380920,383116,2196.62
3,4,Linear,Logic,380920,383116,2196.62
3,4,sync_2,GPU,394929,394929,0
3,4,sync__set,GPU,394929,394929,0
3,4,sync__,GPU,394929,394929,0
3,4,moe_all_reduce_for_e_tp,GPU,394929,400166,5236.91
3,4,sync_3,GPU,400166,400166,0
3,4,sync__set,GPU,400166,400166,0
3,4,sync__,GPU,400166,400166,0
3,4,moe_gather,GPU,400166,400166,0
3,4,sync_for_moe_gather,GPU,400166,400166,0
3,4,sync__set,GPU,400166,400166,0
3,4,sync__,GPU,400166,400166,0
3,4,moe_all_reduce_for_gather,GPU,400166,405403,5236.91
3,4,sync_5,GPU,405403,405403,0
3,4,sync__set,GPU,405403,405403,0
3,4,sync__,GPU,405403,405403,0
3,4,sync_6,GPU,405403,405403,0
3,4,sync__set,GPU,405403,405403,0
3,4,sync__,GPU,405403,405403,0
3,4,residual_2,GPU,405403,405562,158.854
3,5,MoE_decoder_5,GPU,405562,486642,81080.1
3,5,input_layer_norm,GPU,405562,405721,158.854
3,5,attention,GPU,405721,422656,16935.9
3,5,attn_qkv_proj,GPU,405721,409582,3861.38
3,5,Linear,GPU,405721,409582,3861.38
3,5,self_attention,GPU,409582,414819,5237.31
3,5,AttentionSplit,GPU,409582,409582,0
3,5,AttentionSum,GPU,409582,409582,0
3,5,AttentionGen,Logic,409582,414819,5237.31
3,5,AttentionMerge,GPU,414819,414819,0
3,5,attn_o_proj,GPU,414819,417420,2600.32
3,5,Linear,GPU,414819,417420,2600.32
3,5,all_reduce,GPU,417420,422656,5236.91
3,5,residual_1,GPU,422656,422815,158.854
3,5,post_attn_layer_norm,GPU,422815,422974,158.854
3,5,expertFFN,GPU,422974,486483,63508.7
3,5,sync_0,GPU,422974,422974,0
3,5,sync__set,GPU,422974,422974,0
3,5,sync__,GPU,422974,422974,0
3,5,gate_fn,GPU,422974,423072,97.9093
3,5,Linear,GPU,422974,423072,97.9093
3,5,gate_update,GPU,423072,423072,0
3,5,moe_scatter,GPU,423072,423072,0
3,5,sync_for_moe_scatter,GPU,423072,423072,0
3,5,sync__set,GPU,423072,423072,0
3,5,sync__,GPU,423072,423072,0
3,5,moe_route,GPU,423072,423072,0
3,5,expert_FFN_0,GPU,423072,429672,6599.48
3,5,gate_proj,GPU,423072,425269,2196.62
3,5,Linear,Logic,423072,425269,2196.62
3,5,activation,Logic,425269,425278,9.62291
3,5,up_proj,GPU,425278,427475,2196.62
3,5,Linear,Logic,425278,427475,2196.62
3,5,down_proj,GPU,427475,429672,2196.62
3,5,Linear,Logic,427475,429672,2196.62
3,5,expert_FFN_1,GPU,429672,436271,6599.48
3,5,gate_proj,GPU,429672,431868,2196.62
3,5,Linear,Logic,429672,431868,2196.62
3,5,activation,Logic,431868,431878,9.62291
3,5,up_proj,GPU,431878,434074,2196.62
3,5,Linear,Logic,431878,434074,2196.62
3,5,down_proj,GPU,434074,436271,2196.62
3,5,Linear,Logic,434074,436271,2196.62
3,5,expert_FFN_2,GPU,436271,442881,6609.57
3,5,gate_proj,GPU,436271,438470,2198.91
3,5,Linear,Logic,436271,438470,2198.91
3,5,activation,Logic,438470,438483,12.8305
3,5,up_proj,GPU,438483,440682,2198.91
3,5,Linear,Logic,438483,440682,2198.91
3,5,down_proj,GPU,440682,442881,2198.91
3,5,Linear,Logic,440682,442881,2198.91
3,5,expert_FFN_3,GPU,442881,449490,6609.57
3,5,gate_proj,GPU,442881,445080,2198.91
3,5,Linear,Logic,442881,445080,2198.91
3,5,activation,Logic,445080,445092,12.8305
3,5,up_proj,GPU,445092,447291,2198.91
3,5,Linear,Logic,445092,447291,2198.91
3,5,down_proj,GPU,447291,449490,2198.91
3,5,Linear,Logic,447291,449490,2198.91
3,5,expert_FFN_4,GPU,449490,458541,9050.35
3,5,gate_proj,GPU,449490,452501,3010.9
3,5,Linear,Logic,449490,452501,3010.9
3,5,activation,Logic,452501,452519,17.642
3,5,up_proj,GPU,452519,455530,3010.9
3,5,Linear,Logic,452519,455530,3010.9
3,5,down_proj,GPU,455530,458541,3010.9
3,5,Linear,Logic,455530,458541,3010.9
3,5,expert_FFN_5,GPU,458541,465140,6599.48
3,5,gate_proj,GPU,458541,460737,2196.62
3,5,Linear,Logic,458541,460737,2196.62
3,5,activation,Logic,460737,460747,9.62291
3,5,up_proj,GPU,460747,462943,2196.62
3,5,Linear,Logic,460747,462943,2196.62
3,5,down_proj,GPU,462943,465140,2196.62
3,5,Linear,Logic,462943,465140,2196.62
3,5,expert_FFN_6,GPU,423072,449530,26458.4
3,5,gate_proj,GPU,423072,431872,8800.23
3,5,Linear,GPU,423072,431872,8800.23
3,5,activation,GPU,431872,431930,57.7375
3,5,up_proj,GPU,431930,440730,8800.23
3,5,Linear,GPU,431930,440730,8800.23
3,5,down_proj,GPU,440730,449530,8800.23
3,5,Linear,GPU,440730,449530,8800.23
3,5,expert_FFN_7,GPU,449530,476009,26478.6
3,5,gate_proj,GPU,449530,458335,8804.81
3,5,Linear,GPU,449530,458335,8804.81
3,5,activation,GPU,458335,458399,64.1527
3,5,up_proj,GPU,458399,467204,8804.81
3,5,Linear,GPU,458399,467204,8804.81
3,5,down_proj,GPU,467204,476009,8804.81
3,5,Linear,GPU,467204,476009,8804.81
3,5,sync_2,GPU,476009,476009,0
3,5,sync__set,GPU,476009,476009,0
3,5,sync__,GPU,476009,476009,0
3,5,moe_all_reduce_for_e_tp,GPU,476009,481246,5236.91
3,5,sync_3,GPU,481246,481246,0
3,5,sync__set,GPU,481246,481246,0
3,5,sync__,GPU,481246,481246,0
3,5,moe_gather,GPU,481246,481246,0
3,5,sync_for_moe_gather,GPU,481246,481246,0
3,5,sync__set,GPU,481246,481246,0
3,5,sync__,GPU,481246,481246,0
3,5,moe_all_reduce_for_gather,GPU,481246,486483,5236.91
3,5,sync_5,GPU,486483,486483,0
3,5,sync__set,GPU,486483,486483,0
3,5,sync__,GPU,486483,486483,0
3,5,sync_6,GPU,486483,486483,0
3,5,sync__set,GPU,486483,486483,0
3,5,sync__,GPU,486483,486483,0
3,5,residual_2,GPU,486483,486642,158.854
3,6,MoE_decoder_6,GPU,486642,567762,81120.4
3,6,input_layer_norm,GPU,486642,486801,158.854
3,6,attention,GPU,486801,503737,16935.9
3,6,attn_qkv_proj,GPU,486801,490662,3861.38
3,6,Linear,GPU,486801,490662,3861.38
3,6,self_attention,GPU,490662,495899,5237.31
3,6,AttentionSplit,GPU,490662,490662,0
3,6,AttentionSum,GPU,490662,490662,0
3,6,AttentionGen,Logic,490662,495899,5237.31
3,6,AttentionMerge,GPU,495899,495899,0
3,6,attn_o_proj,GPU,495899,498500,2600.32
3,6,Linear,GPU,495899,498500,2600.32
3,6,all_reduce,GPU,498500,503737,5236.91
3,6,residual_1,GPU,503737,503895,158.854
3,6,post_attn_layer_norm,GPU,503895,504054,158.854
3,6,expertFFN,GPU,504054,567603,63549.1
3,6,sync_0,GPU,504054,504054,0
3,6,sync__set,GPU,504054,504054,0
3,6,sync__,GPU,504054,504054,0
3,6,gate_fn,GPU,504054,504152,97.9093
3,6,Linear,GPU,504054,504152,97.9093
3,6,gate_update,GPU,504152,504152,0
3,6,moe_scatter,GPU,504152,504152,0
3,6,sync_for_moe_scatter,GPU,504152,504152,0
3,6,sync__set,GPU,504152,504152,0
3,6,sync__,GPU,504152,504152,0
3,6,moe_route,GPU,504152,504152,0
3,6,expert_FFN_0,GPU,504152,530651,26498.7
3,6,gate_proj,GPU,504152,512962,8809.39
3,6,Linear,GPU,504152,512962,8809.39
3,6,activation,GPU,512962,513032,70.568
3,6,up_proj,GPU,513032,521842,8809.39
3,6,Linear,GPU,513032,521842,8809.39
3,6,down_proj,GPU,521842,530651,8809.39
3,6,Linear,GPU,521842,530651,8809.39
3,6,expert_FFN_1,GPU,530651,557129,26478.6
3,6,gate_proj,GPU,530651,539456,8804.81
3,6,Linear,GPU,530651,539456,8804.81
3,6,activation,GPU,539456,539520,64.1527
3,6,up_proj,GPU,539520,548325,8804.81
3,6,Linear,GPU,539520,548325,8804.81
3,6,down_proj,GPU,548325,557129,8804.81
3,6,Linear,GPU,548325,557129,8804.81
3,6,expert_FFN_2,GPU,504152,513202,9050.35
3,6,gate_proj,GPU,504152,507163,3010.9
3,6,Linear,Logic,504152,507163,3010.9
3,6,activation,Logic,507163,507181,17.642
3,6,up_proj,GPU,507181,510192,3010.9
3,6,Linear,Logic,507181,510192,3010.9
3,6,down_proj,GPU,510192,513202,3010.9
3,6,Linear,Logic,510192,513202,3010.9
3,6,expert_FFN_3,GPU,513202,519807,6604.53
3,6,gate_proj,GPU,513202,515400,2197.77
3,6,Linear,Logic,513202,515400,2197.77
3,6,activation,Logic,515400,515411,11.2267
3,6,up_proj,GPU,515411,517609,2197.77
3,6,Linear,Logic,515411,517609,2197.77
3,6,down_proj,GPU,517609,519807,2197.77
3,6,Linear,Logic,517609,519807,2197.77
3,6,expert_FFN_4,GPU,519807,526417,6609.57
3,6,gate_proj,GPU,519807,522006,2198.91
3,6,Linear,Logic,519807,522006,2198.91
3,6,activation,Logic,522006,522019,12.8305
3,6,up_proj,GPU,522019,524218,2198.91
3,6,Linear,Logic,522019,524218,2198.91
3,6,down_proj,GPU,524218,526417,2198.91
3,6,Linear,Logic,524218,526417,2198.91
3,6,expert_FFN_5,GPU,526417,533016,6599.48
3,6,gate_proj,GPU,526417,528613,2196.62
3,6,Linear,Logic,526417,528613,2196.62
3,6,activation,Logic,528613,528623,9.62291
3,6,up_proj,GPU,528623,530819,2196.62
3,6,Linear,Logic,528623,530819,2196.62
3,6,down_proj,GPU,530819,533016,2196.62
3,6,Linear,Logic,530819,533016,2196.62
3,6,expert_FFN_6,GPU,533016,539621,6604.53
3,6,gate_proj,GPU,533016,535214,2197.77
3,6,Linear,Logic,533016,535214,2197.77
3,6,activation,Logic,535214,535225,11.2267
3,6,up_proj,GPU,535225,537423,2197.77
3,6,Linear,Logic,535225,537423,2197.77
3,6,down_proj,GPU,537423,539621,2197.77
3,6,Linear,Logic,537423,539621,2197.77
3,6,expert_FFN_7,GPU,539621,546210,6589.4
3,6,gate_proj,GPU,539621,541815,2194.33
3,6,Linear,Logic,539621,541815,2194.33
3,6,activation,Logic,541815,541821,6.41527
3,6,up_proj,GPU,541821,544016,2194.33
3,6,Linear,Logic,541821,544016,2194.33
3,6,down_proj,GPU,544016,546210,2194.33
3,6,Linear,Logic,544016,546210,2194.33
3,6,sync_2,GPU,557129,557129,0
3,6,sync__set,GPU,557129,557129,0
3,6,sync__,GPU,557129,557129,0
3,6,moe_all_reduce_for_e_tp,GPU,557129,562366,5236.91
3,6,sync_3,GPU,562366,562366,0
3,6,sync__set,GPU,562366,562366,0
3,6,sync__,GPU,562366,562366,0
3,6,moe_gather,GPU,562366,562366,0
3,6,sync_for_moe_gather,GPU,562366,562366,0
3,6,sync__set,GPU,562366,562366,0
3,6,sync__,GPU,562366,562366,0
3,6,moe_all_reduce_for_gather,GPU,562366,567603,5236.91
3,6,sync_5,GPU,567603,567603,0
3,6,sync__set,GPU,567603,567603,0
3,6,sync__,GPU,567603,567603,0
3,6,sync_6,GPU,567603,567603,0
3,6,sync__set,GPU,567603,567603,0
3,6,sync__,GPU,567603,567603,0
3,6,residual_2,GPU,567603,567762,158.854
3,7,MoE_decoder_7,GPU,567762,648822,81059.9
3,7,input_layer_norm,GPU,567762,567921,158.854
3,7,attention,GPU,567921,584857,16935.9
3,7,attn_qkv_proj,GPU,567921,571782,3861.38
3,7,Linear,GPU,567921,571782,3861.38
3,7,self_attention,GPU,571782,577020,5237.31
3,7,AttentionSplit,GPU,571782,571782,0
3,7,AttentionSum,GPU,571782,571782,0
3,7,AttentionGen,Logic,571782,577020,5237.31
3,7,AttentionMerge,GPU,577020,577020,0
3,7,attn_o_proj,GPU,577020,579620,2600.32
3,7,Linear,GPU,577020,579620,2600.32
3,7,all_reduce,GPU,579620,584857,5236.91
3,7,residual_1,GPU,584857,585016,158.854
3,7,post_attn_layer_norm,GPU,585016,585175,158.854
3,7,expertFFN,GPU,585175,648663,63488.6
3,7,sync_0,GPU,585175,585175,0
3,7,sync__set,GPU,585175,585175,0
3,7,sync__,GPU,585175,585175,0
3,7,gate_fn,GPU,585175,585273,97.9093
3,7,Linear,GPU,585175,585273,97.9093
3,7,gate_update,GPU,585273,585273,0
3,7,moe_scatter,GPU,585273,585273,0
3,7,sync_for_moe_scatter,GPU,585273,585273,0
3,7,sync__set,GPU,585273,585273,0
3,7,sync__,GPU,585273,585273,0
3,7,moe_route,GPU,585273,585273,0
3,7,expert_FFN_0,GPU,585273,611812,26539.1
3,7,gate_proj,GPU,585273,594091,8818.56
3,7,Linear,GPU,585273,594091,8818.56
3,7,activation,GPU,594091,594175,83.3986
3,7,up_proj,GPU,594175,602993,8818.56
3,7,Linear,GPU,594175,602993,8818.56
3,7,down_proj,GPU,602993,611812,8818.56
3,7,Linear,GPU,602993,611812,8818.56
3,7,expert_FFN_1,GPU,611812,638189,26377.8
3,7,gate_proj,GPU,611812,620594,8781.9
3,7,Linear,GPU,611812,620594,8781.9
3,7,activation,GPU,620594,620626,32.0764
3,7,up_proj,GPU,620626,629407,8781.9
3,7,Linear,GPU,620626,629407,8781.9
3,7,down_proj,GPU,629407,638189,8781.9
3,7,Linear,GPU,629407,638189,8781.9
3,7,expert_FFN_2,GPU,585273,591872,6599.48
3,7,gate_proj,GPU,585273,587469,2196.62
3,7,Linear,Logic,585273,587469,2196.62
3,7,activation,Logic,587469,587479,9.62291
3,7,up_proj,GPU,587479,589675,2196.62
3,7,Linear,Logic,587479,589675,2196.62
3,7,down_proj,GPU,589675,591872,2196.62
3,7,Linear,Logic,589675,591872,2196.62
3,7,expert_FFN_3,GPU,591872,601745,9873.11
3,7,gate_proj,GPU,591872,595157,3284.62
3,7,Linear,Logic,591872,595157,3284.62
3,7,activation,Logic,595157,595176,19.2458
3,7,up_proj,GPU,595176,598461,3284.62
3,7,Linear,Logic,595176,598461,3284.62
3,7,down_proj,GPU,598461,601745,3284.62
3,7,Linear,Logic,598461,601745,3284.62
3,7,expert_FFN_4,GPU,601745,608335,6589.4
3,7,gate_proj,GPU,601745,603939,2194.33
3,7,Linear,Logic,601745,603939,2194.33
3,7,activation,Logic,603939,603946,6.41527
3,7,up_proj,GPU,603946,606140,2194.33
3,7,Linear,Logic,603946,606140,2194.33
3,7,down_proj,GPU,606140,608335,2194.33
3,7,Linear,Logic,606140,608335,2194.33
3,7,expert_FFN_5,GPU,608335,614944,6609.57
3,7,gate_proj,GPU,608335,610533,2198.91
3,7,Linear,Logic,608335,610533,2198.91
3,7,activation,Logic,610533,610546,12.8305
3,7,up_proj,GPU,610546,612745,2198.91
3,7,Linear,Logic,610546,612745,2198.91
3,7,down_proj,GPU,612745,614944,2198.91
3,7,Linear,Logic,612745,614944,2198.91
3,7,expert_FFN_6,GPU,614944,621544,6599.48
3,7,gate_proj,GPU,614944,617141,2196.62
3,7,Linear,Logic,614944,617141,2196.62
3,7,activation,Logic,617141,617150,9.62291
3,7,up_proj,GPU,617150,619347,2196.62
3,7,Linear,Logic,617150,619347,2196.62
3,7,down_proj,GPU,619347,621544,2196.62
3,7,Linear,Logic,619347,621544,2196.62
3,7,expert_FFN_7,GPU,621544,629771,8227.59
3,7,gate_proj,GPU,621544,624281,2737.18
3,7,Linear,Logic,621544,624281,2737.18
3,7,activation,Logic,624281,624297,16.0382
3,7,up_proj,GPU,624297,627034,2737.18
3,7,Linear,Logic,624297,627034,2737.18
3,7,down_proj,GPU,627034,629771,2737.18
3,7,Linear,Logic,627034,629771,2737.18
3,7,sync_2,GPU,638189,638189,0
3,7,sync__set,GPU,638189,638189,0
3,7,sync__,GPU,638189,638189,0
3,7,moe_all_reduce_for_e_tp,GPU,638189,643426,5236.91
3,7,sync_3,GPU,643426,643426,0
3,7,sync__set,GPU,643426,643426,0
3,7,sync__,GPU,643426,643426,0
3,7,moe_gather,GPU,643426,643426,0
3,7,sync_for_moe_gather,GPU,643426,643426,0
3,7,sync__set,GPU,643426,643426,0
3,7,sync__,GPU,643426,643426,0
3,7,moe_all_reduce_for_gather,GPU,643426,648663,5236.91
3,7,sync_5,GPU,648663,648663,0
3,7,sync__set,GPU,648663,648663,0
3,7,sync__,GPU,648663,648663,0
3,7,sync_6,GPU,648663,648663,0
3,7,sync__set,GPU,648663,648663,0
3,7,sync__,GPU,648663,648663,0
3,7,residual_2,GPU,648663,648822,158.854
3,8,MoE_decoder_8,GPU,648822,732212,83390.3
3,8,input_layer_norm,GPU,648822,648981,158.854
3,8,attention,GPU,648981,665917,16935.9
3,8,attn_qkv_proj,GPU,648981,652842,3861.38
3,8,Linear,GPU,648981,652842,3861.38
3,8,self_attention,GPU,652842,658080,5237.31
3,8,AttentionSplit,GPU,652842,652842,0
3,8,AttentionSum,GPU,652842,652842,0
3,8,AttentionGen,Logic,652842,658080,5237.31
3,8,AttentionMerge,GPU,658080,658080,0
3,8,attn_o_proj,GPU,658080,660680,2600.32
3,8,Linear,GPU,658080,660680,2600.32
3,8,all_reduce,GPU,660680,665917,5236.91
3,8,residual_1,GPU,665917,666076,158.854
3,8,post_attn_layer_norm,GPU,666076,666235,158.854
3,8,expertFFN,GPU,666235,732053,65818.9
3,8,sync_0,GPU,666235,666235,0
3,8,sync__set,GPU,666235,666235,0
3,8,sync__,GPU,666235,666235,0
3,8,gate_fn,GPU,666235,666332,97.9093
3,8,Linear,GPU,666235,666332,97.9093
3,8,gate_update,GPU,666332,666332,0
3,8,moe_scatter,GPU,666332,666332,0
3,8,sync_for_moe_scatter,GPU,666332,666332,0
3,8,sync__set,GPU,666332,666332,0
3,8,sync__,GPU,666332,666332,0
3,8,moe_route,GPU,666332,666332,0
3,8,expert_FFN_0,GPU,666332,673737,7404.83
3,8,gate_proj,GPU,666332,668796,2463.47
3,8,Linear,Logic,666332,668796,2463.47
3,8,activation,Logic,668796,668810,14.4344
3,8,up_proj,GPU,668810,671274,2463.47
3,8,Linear,Logic,668810,671274,2463.47
3,8,down_proj,GPU,671274,673737,2463.47
3,8,Linear,Logic,671274,673737,2463.47
3,8,expert_FFN_1,GPU,673737,680342,6604.53
3,8,gate_proj,GPU,673737,675935,2197.77
3,8,Linear,Logic,673737,675935,2197.77
3,8,activation,Logic,675935,675946,11.2267
3,8,up_proj,GPU,675946,678144,2197.77
3,8,Linear,Logic,675946,678144,2197.77
3,8,down_proj,GPU,678144,680342,2197.77
3,8,Linear,Logic,678144,680342,2197.77
3,8,expert_FFN_2,GPU,680342,686951,6609.57
3,8,gate_proj,GPU,680342,682541,2198.91
3,8,Linear,Logic,680342,682541,2198.91
3,8,activation,Logic,682541,682554,12.8305
3,8,up_proj,GPU,682554,684752,2198.91
3,8,Linear,Logic,682554,684752,2198.91
3,8,down_proj,GPU,684752,686951,2198.91
3,8,Linear,Logic,684752,686951,2198.91
3,8,expert_FFN_3,GPU,686951,693561,6609.57
3,8,gate_proj,GPU,686951,689150,2198.91
3,8,Linear,Logic,686951,689150,2198.91
3,8,activation,Logic,689150,689163,12.8305
3,8,up_proj,GPU,689163,691362,2198.91
3,8,Linear,Logic,689163,691362,2198.91
3,8,down_proj,GPU,691362,693561,2198.91
3,8,Linear,Logic,691362,693561,2198.91
3,8,expert_FFN_4,GPU,693561,700160,6599.48
3,8,gate_proj,GPU,693561,695758,2196.62
3,8,Linear,Logic,693561,695758,2196.62
3,8,activation,Logic,695758,695767,9.62291
3,8,up_proj,GPU,695767,697964,2196.62
3,8,Linear,Logic,695767,697964,2196.62
3,8,down_proj,GPU,697964,700160,2196.62
3,8,Linear,Logic,697964,700160,2196.62
3,8,expert_FFN_5,GPU,700160,707565,7404.83
3,8,gate_proj,GPU,700160,702624,2463.47
3,8,Linear,Logic,700160,702624,2463.47
3,8,activation,Logic,702624,702638,14.4344
3,8,up_proj,GPU,702638,705102,2463.47
3,8,Linear,Logic,702638,705102,2463.47
3,8,down_proj,GPU,705102,707565,2463.47
3,8,Linear,Logic,705102,707565,2463.47
3,8,expert_FFN_6,GPU,707565,714175,6609.57
3,8,gate_proj,GPU,707565,709764,2198.91
3,8,Linear,Logic,707565,709764,2198.91
3,8,activation,Logic,709764,709777,12.8305
3,8,up_proj,GPU,709777,711976,2198.91
3,8,Linear,Logic,709777,711976,2198.91
3,8,down_proj,GPU,711976,714175,2198.91
3,8,Linear,Logic,711976,714175,2198.91
3,8,expert_FFN_7,GPU,714175,721580,7404.83
3,8,gate_proj,GPU,714175,716638,2463.47
3,8,Linear,Logic,714175,716638,2463.47
3,8,activation,Logic,716638,716653,14.4344
3,8,up_proj,GPU,716653,719116,2463.47
3,8,Linear,Logic,716653,719116,2463.47
3,8,down_proj,GPU,719116,721580,2463.47
3,8,Linear,Logic,719116,721580,2463.47
3,8,sync_2,GPU,721580,721580,0
3,8,sync__set,GPU,721580,721580,0
3,8,sync__,GPU,721580,721580,0
3,8,moe_all_reduce_for_e_tp,GPU,721580,726817,5236.91
3,8,sync_3,GPU,726817,726817,0
3,8,sync__set,GPU,726817,726817,0
3,8,sync__,GPU,726817,726817,0
3,8,moe_gather,GPU,726817,726817,0
3,8,sync_for_moe_gather,GPU,726817,726817,0
3,8,sync__set,GPU,726817,726817,0
3,8,sync__,GPU,726817,726817,0
3,8,moe_all_reduce_for_gather,GPU,726817,732053,5236.91
3,8,sync_5,GPU,732053,732053,0
3,8,sync__set,GPU,732053,732053,0
3,8,sync__,GPU,732053,732053,0
3,8,sync_6,GPU,732053,732053,0
3,8,sync__set,GPU,732053,732053,0
3,8,sync__,GPU,732053,732053,0
3,8,residual_2,GPU,732053,732212,158.854
3,9,MoE_decoder_9,GPU,732212,813313,81100.2
3,9,input_layer_norm,GPU,732212,732371,158.854
3,9,attention,GPU,732371,749307,16935.9
3,9,attn_qkv_proj,GPU,732371,736233,3861.38
3,9,Linear,GPU,732371,736233,3861.38
3,9,self_attention,GPU,736233,741470,5237.31
3,9,AttentionSplit,GPU,736233,736233,0
3,9,AttentionSum,GPU,736233,736233,0
3,9,AttentionGen,Logic,736233,741470,5237.31
3,9,AttentionMerge,GPU,741470,741470,0
3,9,attn_o_proj,GPU,741470,744070,2600.32
3,9,Linear,GPU,741470,744070,2600.32
3,9,all_reduce,GPU,744070,749307,5236.91
3,9,residual_1,GPU,749307,749466,158.854
3,9,post_attn_layer_norm,GPU,749466,749625,158.854
3,9,expertFFN,GPU,749625,813154,63528.9
3,9,sync_0,GPU,749625,749625,0
3,9,sync__set,GPU,749625,749625,0
3,9,sync__,GPU,749625,749625,0
3,9,gate_fn,GPU,749625,749723,97.9093
3,9,Linear,GPU,749625,749723,97.9093
3,9,gate_update,GPU,749723,749723,0
3,9,moe_scatter,GPU,749723,749723,0
3,9,sync_for_moe_scatter,GPU,749723,749723,0
3,9,sync__set,GPU,749723,749723,0
3,9,sync__,GPU,749723,749723,0
3,9,moe_route,GPU,749723,749723,0
3,9,expert_FFN_0,GPU,749723,756317,6594.44
3,9,gate_proj,GPU,749723,751918,2195.47
3,9,Linear,Logic,749723,751918,2195.47
3,9,activation,Logic,751918,751926,8.01909
3,9,up_proj,GPU,751926,754122,2195.47
3,9,Linear,Logic,751926,754122,2195.47
3,9,down_proj,GPU,754122,756317,2195.47
3,9,Linear,Logic,754122,756317,2195.47
3,9,expert_FFN_1,GPU,756317,763722,7404.83
3,9,gate_proj,GPU,756317,758781,2463.47
3,9,Linear,Logic,756317,758781,2463.47
3,9,activation,Logic,758781,758795,14.4344
3,9,up_proj,GPU,758795,761259,2463.47
3,9,Linear,Logic,758795,761259,2463.47
3,9,down_proj,GPU,761259,763722,2463.47
3,9,Linear,Logic,761259,763722,2463.47
3,9,expert_FFN_2,GPU,763722,770311,6589.4
3,9,gate_proj,GPU,763722,765916,2194.33
3,9,Linear,Logic,763722,765916,2194.33
3,9,activation,Logic,765916,765923,6.41527
3,9,up_proj,GPU,765923,768117,2194.33
3,9,Linear,Logic,765923,768117,2194.33
3,9,down_proj,GPU,768117,770311,2194.33
3,9,Linear,Logic,768117,770311,2194.33
3,9,expert_FFN_3,GPU,770311,777716,7404.83
3,9,gate_proj,GPU,770311,772775,2463.47
3,9,Linear,Logic,770311,772775,2463.47
3,9,activation,Logic,772775,772789,14.4344
3,9,up_proj,GPU,772789,775253,2463.47
3,9,Linear,Logic,772789,775253,2463.47
3,9,down_proj,GPU,775253,777716,2463.47
3,9,Linear,Logic,775253,777716,2463.47
3,9,expert_FFN_4,GPU,777716,785121,7404.83
3,9,gate_proj,GPU,777716,780180,2463.47
3,9,Linear,Logic,777716,780180,2463.47
3,9,activation,Logic,780180,780194,14.4344
3,9,up_proj,GPU,780194,782658,2463.47
3,9,Linear,Logic,780194,782658,2463.47
3,9,down_proj,GPU,782658,785121,2463.47
3,9,Linear,Logic,782658,785121,2463.47
3,9,expert_FFN_5,GPU,785121,791731,6609.57
3,9,gate_proj,GPU,785121,787320,2198.91
3,9,Linear,Logic,785121,787320,2198.91
3,9,activation,Logic,787320,787333,12.8305
3,9,up_proj,GPU,787333,789532,2198.91
3,9,Linear,Logic,787333,789532,2198.91
3,9,down_proj,GPU,789532,791731,2198.91
3,9,Linear,Logic,789532,791731,2198.91
3,9,expert_FFN_6,GPU,749723,776282,26559.2
3,9,gate_proj,GPU,749723,758546,8823.14
3,9,Linear,GPU,749723,758546,8823.14
3,9,activation,GPU,758546,758636,89.8138
3,9,up_proj,GPU,758636,767459,8823.14
3,9,Linear,GPU,758636,767459,8823.14
3,9,down_proj,GPU,767459,776282,8823.14
3,9,Linear,GPU,767459,776282,8823.14
3,9,expert_FFN_7,GPU,776282,802680,26397.9
3,9,gate_proj,GPU,776282,785068,8786.48
3,9,Linear,GPU,776282,785068,8786.48
3,9,activation,GPU,785068,785107,38.4916
3,9,up_proj,GPU,785107,793893,8786.48
3,9,Linear,GPU,785107,793893,8786.48
3,9,down_proj,GPU,793893,802680,8786.48
3,9,Linear,GPU,793893,802680,8786.48
3,9,sync_2,GPU,802680,802680,0
3,9,sync__set,GPU,802680,802680,0
3,9,sync__,GPU,802680,802680,0
3,9,moe_all_reduce_for_e_tp,GPU,802680,807917,5236.91
3,9,sync_3,GPU,807917,807917,0
3,9,sync__set,GPU,807917,807917,0
3,9,sync__,GPU,807917,807917,0
3,9,moe_gather,GPU,807917,807917,0
3,9,sync_for_moe_gather,GPU,807917,807917,0
3,9,sync__set,GPU,807917,807917,0
3,9,sync__,GPU,807917,807917,0
3,9,moe_all_reduce_for_gather,GPU,807917,813154,5236.91
3,9,sync_5,GPU,813154,813154,0
3,9,sync__set,GPU,813154,813154,0
3,9,sync__,GPU,813154,813154,0
3,9,sync_6,GPU,813154,813154,0
3,9,sync__set,GPU,813154,813154,0
3,9,sync__,GPU,813154,813154,0
3,9,residual_2,GPU,813154,813313,158.854
3,10,MoE_decoder_10,GPU,813313,894433,81120.4
3,10,input_layer_norm,GPU,813313,813471,158.854
3,10,attention,GPU,813471,830407,16935.9
3,10,attn_qkv_proj,GPU,813471,817333,3861.38
3,10,Linear,GPU,813471,817333,3861.38
3,10,self_attention,GPU,817333,822570,5237.31
3,10,AttentionSplit,GPU,817333,817333,0
3,10,AttentionSum,GPU,817333,817333,0
3,10,AttentionGen,Logic,817333,822570,5237.31
3,10,AttentionMerge,GPU,822570,822570,0
3,10,attn_o_proj,GPU,822570,825170,2600.32
3,10,Linear,GPU,822570,825170,2600.32
3,10,all_reduce,GPU,825170,830407,5236.91
3,10,residual_1,GPU,830407,830566,158.854
3,10,post_attn_layer_norm,GPU,830566,830725,158.854
3,10,expertFFN,GPU,830725,894274,63549.1
3,10,sync_0,GPU,830725,830725,0
3,10,sync__set,GPU,830725,830725,0
3,10,sync__,GPU,830725,830725,0
3,10,gate_fn,GPU,830725,830823,97.9093
3,10,Linear,GPU,830725,830823,97.9093
3,10,gate_update,GPU,830823,830823,0
3,10,moe_scatter,GPU,830823,830823,0
3,10,sync_for_moe_scatter,GPU,830823,830823,0
3,10,sync__set,GPU,830823,830823,0
3,10,sync__,GPU,830823,830823,0
3,10,moe_route,GPU,830823,830823,0
3,10,expert_FFN_0,GPU,830823,837417,6594.44
3,10,gate_proj,GPU,830823,833018,2195.47
3,10,Linear,Logic,830823,833018,2195.47
3,10,activation,Logic,833018,833026,8.01909
3,10,up_proj,GPU,833026,835222,2195.47
3,10,Linear,Logic,833026,835222,2195.47
3,10,down_proj,GPU,835222,837417,2195.47
3,10,Linear,Logic,835222,837417,2195.47
3,10,expert_FFN_1,GPU,837417,844822,7404.83
3,10,gate_proj,GPU,837417,839881,2463.47
3,10,Linear,Logic,837417,839881,2463.47
3,10,activation,Logic,839881,839895,14.4344
3,10,up_proj,GPU,839895,842359,2463.47
3,10,Linear,Logic,839895,842359,2463.47
3,10,down_proj,GPU,842359,844822,2463.47
3,10,Linear,Logic,842359,844822,2463.47
3,10,expert_FFN_2,GPU,844822,851427,6604.53
3,10,gate_proj,GPU,844822,847020,2197.77
3,10,Linear,Logic,844822,847020,2197.77
3,10,activation,Logic,847020,847031,11.2267
3,10,up_proj,GPU,847031,849229,2197.77
3,10,Linear,Logic,847031,849229,2197.77
3,10,down_proj,GPU,849229,851427,2197.77
3,10,Linear,Logic,849229,851427,2197.77
3,10,expert_FFN_3,GPU,851427,858832,7404.83
3,10,gate_proj,GPU,851427,853890,2463.47
3,10,Linear,Logic,851427,853890,2463.47
3,10,activation,Logic,853890,853905,14.4344
3,10,up_proj,GPU,853905,856368,2463.47
3,10,Linear,Logic,853905,856368,2463.47
3,10,down_proj,GPU,856368,858832,2463.47
3,10,Linear,Logic,856368,858832,2463.47
3,10,expert_FFN_4,GPU,830823,857342,26518.9
3,10,gate_proj,GPU,830823,839637,8813.98
3,10,Linear,GPU,830823,839637,8813.98
3,10,activation,GPU,839637,839714,76.9833
3,10,up_proj,GPU,839714,848528,8813.98
3,10,Linear,GPU,839714,848528,8813.98
3,10,down_proj,GPU,848528,857342,8813.98
3,10,Linear,GPU,848528,857342,8813.98
3,10,expert_FFN_5,GPU,857342,883800,26458.4
3,10,gate_proj,GPU,857342,866142,8800.23
3,10,Linear,GPU,857342,866142,8800.23
3,10,activation,GPU,866142,866200,57.7375
3,10,up_proj,GPU,866200,875000,8800.23
3,10,Linear,GPU,866200,875000,8800.23
3,10,down_proj,GPU,875000,883800,8800.23
3,10,Linear,GPU,875000,883800,8800.23
3,10,expert_FFN_6,GPU,858832,866236,7404.83
3,10,gate_proj,GPU,858832,861295,2463.47
3,10,Linear,Logic,858832,861295,2463.47
3,10,activation,Logic,861295,861309,14.4344
3,10,up_proj,GPU,861309,863773,2463.47
3,10,Linear,Logic,861309,863773,2463.47
3,10,down_proj,GPU,863773,866236,2463.47
3,10,Linear,Logic,863773,866236,2463.47
3,10,expert_FFN_7,GPU,866236,872826,6589.4
3,10,gate_proj,GPU,866236,868431,2194.33
3,10,Linear,Logic,866236,868431,2194.33
3,10,activation,Logic,868431,868437,6.41527
3,10,up_proj,GPU,868437,870631,2194.33
3,10,Linear,Logic,868437,870631,2194.33
3,10,down_proj,GPU,870631,872826,2194.33
3,10,Linear,Logic,870631,872826,2194.33
3,10,sync_2,GPU,883800,883800,0
3,10,sync__set,GPU,883800,883800,0
3,10,sync__,GPU,883800,883800,0
3,10,moe_all_reduce_for_e_tp,GPU,883800,889037,5236.91
3,10,sync_3,GPU,889037,889037,0
3,10,sync__set,GPU,889037,889037,0
3,10,sync__,GPU,889037,889037,0
3,10,moe_gather,GPU,889037,889037,0
3,10,sync_for_moe_gather,GPU,889037,889037,0
3,10,sync__set,GPU,889037,889037,0
3,10,sync__,GPU,889037,889037,0
3,10,moe_all_reduce_for_gather,GPU,889037,894274,5236.91
3,10,sync_5,GPU,894274,894274,0
3,10,sync__set,GPU,894274,894274,0
3,10,sync__,GPU,894274,894274,0
3,10,sync_6,GPU,894274,894274,0
3,10,sync__set,GPU,894274,894274,0
3,10,sync__,GPU,894274,894274,0
3,10,residual_2,GPU,894274,894433,158.854
3,11,MoE_decoder_11,GPU,894433,975513,81080.1
3,11,input_layer_norm,GPU,894433,894592,158.854
3,11,attention,GPU,894592,911528,16935.9
3,11,attn_qkv_proj,GPU,894592,898453,3861.38
3,11,Linear,GPU,894592,898453,3861.38
3,11,self_attention,GPU,898453,903691,5237.31
3,11,AttentionSplit,GPU,898453,898453,0
3,11,AttentionSum,GPU,898453,898453,0
3,11,AttentionGen,Logic,898453,903691,5237.31
3,11,AttentionMerge,GPU,903691,903691,0
3,11,attn_o_proj,GPU,903691,906291,2600.32
3,11,Linear,GPU,903691,906291,2600.32
3,11,all_reduce,GPU,906291,911528,5236.91
3,11,residual_1,GPU,911528,911687,158.854
3,11,post_attn_layer_norm,GPU,911687,911845,158.854
3,11,expertFFN,GPU,911845,975354,63508.7
3,11,sync_0,GPU,911845,911845,0
3,11,sync__set,GPU,911845,911845,0
3,11,sync__,GPU,911845,911845,0
3,11,gate_fn,GPU,911845,911943,97.9093
3,11,Linear,GPU,911845,911943,97.9093
3,11,gate_update,GPU,911943,911943,0
3,11,moe_scatter,GPU,911943,911943,0
3,11,sync_for_moe_scatter,GPU,911943,911943,0
3,11,sync__set,GPU,911943,911943,0
3,11,sync__,GPU,911943,911943,0
3,11,moe_route,GPU,911943,911943,0
3,11,expert_FFN_0,GPU,911943,919348,7404.83
3,11,gate_proj,GPU,911943,914407,2463.47
3,11,Linear,Logic,911943,914407,2463.47
3,11,activation,Logic,914407,914421,14.4344
3,11,up_proj,GPU,914421,916885,2463.47
3,11,Linear,Logic,914421,916885,2463.47
3,11,down_proj,GPU,916885,919348,2463.47
3,11,Linear,Logic,916885,919348,2463.47
3,11,expert_FFN_1,GPU,919348,925948,6599.48
3,11,gate_proj,GPU,919348,921545,2196.62
3,11,Linear,Logic,919348,921545,2196.62
3,11,activation,Logic,921545,921554,9.62291
3,11,up_proj,GPU,921554,923751,2196.62
3,11,Linear,Logic,921554,923751,2196.62
3,11,down_proj,GPU,923751,925948,2196.62
3,11,Linear,Logic,923751,925948,2196.62
3,11,expert_FFN_2,GPU,925948,932552,6604.53
3,11,gate_proj,GPU,925948,928145,2197.77
3,11,Linear,Logic,925948,928145,2197.77
3,11,activation,Logic,928145,928157,11.2267
3,11,up_proj,GPU,928157,930354,2197.77
3,11,Linear,Logic,928157,930354,2197.77
3,11,down_proj,GPU,930354,932552,2197.77
3,11,Linear,Logic,930354,932552,2197.77
3,11,expert_FFN_3,GPU,932552,939147,6594.44
3,11,gate_proj,GPU,932552,934748,2195.47
3,11,Linear,Logic,932552,934748,2195.47
3,11,activation,Logic,934748,934756,8.01909
3,11,up_proj,GPU,934756,936951,2195.47
3,11,Linear,Logic,934756,936951,2195.47
3,11,down_proj,GPU,936951,939147,2195.47
3,11,Linear,Logic,936951,939147,2195.47
3,11,expert_FFN_4,GPU,939147,947374,8227.59
3,11,gate_proj,GPU,939147,941884,2737.18
3,11,Linear,Logic,939147,941884,2737.18
3,11,activation,Logic,941884,941900,16.0382
3,11,up_proj,GPU,941900,944637,2737.18
3,11,Linear,Logic,941900,944637,2737.18
3,11,down_proj,GPU,944637,947374,2737.18
3,11,Linear,Logic,944637,947374,2737.18
3,11,expert_FFN_5,GPU,947374,953984,6609.57
3,11,gate_proj,GPU,947374,949573,2198.91
3,11,Linear,Logic,947374,949573,2198.91
3,11,activation,Logic,949573,949586,12.8305
3,11,up_proj,GPU,949586,951785,2198.91
3,11,Linear,Logic,949586,951785,2198.91
3,11,down_proj,GPU,951785,953984,2198.91
3,11,Linear,Logic,951785,953984,2198.91
3,11,expert_FFN_6,GPU,911943,938382,26438.3
3,11,gate_proj,GPU,911943,920739,8795.65
3,11,Linear,GPU,911943,920739,8795.65
3,11,activation,GPU,920739,920790,51.3222
3,11,up_proj,GPU,920790,929586,8795.65
3,11,Linear,GPU,920790,929586,8795.65
3,11,down_proj,GPU,929586,938382,8795.65
3,11,Linear,GPU,929586,938382,8795.65
3,11,expert_FFN_7,GPU,938382,964880,26498.7
3,11,gate_proj,GPU,938382,947191,8809.39
3,11,Linear,GPU,938382,947191,8809.39
3,11,activation,GPU,947191,947262,70.568
3,11,up_proj,GPU,947262,956071,8809.39
3,11,Linear,GPU,947262,956071,8809.39
3,11,down_proj,GPU,956071,964880,8809.39
3,11,Linear,GPU,956071,964880,8809.39
3,11,sync_2,GPU,964880,964880,0
3,11,sync__set,GPU,964880,964880,0
3,11,sync__,GPU,964880,964880,0
3,11,moe_all_reduce_for_e_tp,GPU,964880,970117,5236.91
3,11,sync_3,GPU,970117,970117,0
3,11,sync__set,GPU,970117,970117,0
3,11,sync__,GPU,970117,970117,0
3,11,moe_gather,GPU,970117,970117,0
3,11,sync_for_moe_gather,GPU,970117,970117,0
3,11,sync__set,GPU,970117,970117,0
3,11,sync__,GPU,970117,970117,0
3,11,moe_all_reduce_for_gather,GPU,970117,975354,5236.91
3,11,sync_5,GPU,975354,975354,0
3,11,sync__set,GPU,975354,975354,0
3,11,sync__,GPU,975354,975354,0
3,11,sync_6,GPU,975354,975354,0
3,11,sync__set,GPU,975354,975354,0
3,11,sync__,GPU,975354,975354,0
3,11,residual_2,GPU,975354,975513,158.854
3,12,MoE_decoder_12,GPU,975513,1.05667e+06,81160.7
3,12,input_layer_norm,GPU,975513,975672,158.854
3,12,attention,GPU,975672,992608,16935.9
3,12,attn_qkv_proj,GPU,975672,979533,3861.38
3,12,Linear,GPU,975672,979533,3861.38
3,12,self_attention,GPU,979533,984771,5237.31
3,12,AttentionSplit,GPU,979533,979533,0
3,12,AttentionSum,GPU,979533,979533,0
3,12,AttentionGen,Logic,979533,984771,5237.31
3,12,AttentionMerge,GPU,984771,984771,0
3,12,attn_o_proj,GPU,984771,987371,2600.32
3,12,Linear,GPU,984771,987371,2600.32
3,12,all_reduce,GPU,987371,992608,5236.91
3,12,residual_1,GPU,992608,992767,158.854
3,12,post_attn_layer_norm,GPU,992767,992926,158.854
3,12,expertFFN,GPU,992926,1.05651e+06,63589.4
3,12,sync_0,GPU,992926,992926,0
3,12,sync__set,GPU,992926,992926,0
3,12,sync__,GPU,992926,992926,0
3,12,gate_fn,GPU,992926,993023,97.9093
3,12,Linear,GPU,992926,993023,97.9093
3,12,gate_update,GPU,993023,993023,0
3,12,moe_scatter,GPU,993023,993023,0
3,12,sync_for_moe_scatter,GPU,993023,993023,0
3,12,sync__set,GPU,993023,993023,0
3,12,sync__,GPU,993023,993023,0
3,12,moe_route,GPU,993023,993023,0
3,12,expert_FFN_0,GPU,993023,1.00043e+06,7404.83
3,12,gate_proj,GPU,993023,995487,2463.47
3,12,Linear,Logic,993023,995487,2463.47
3,12,activation,Logic,995487,995501,14.4344
3,12,up_proj,GPU,995501,997965,2463.47
3,12,Linear,Logic,995501,997965,2463.47
3,12,down_proj,GPU,997965,1.00043e+06,2463.47
3,12,Linear,Logic,997965,1.00043e+06,2463.47
3,12,expert_FFN_1,GPU,1.00043e+06,1.00703e+06,6599.48
3,12,gate_proj,GPU,1.00043e+06,1.00262e+06,2196.62
3,12,Linear,Logic,1.00043e+06,1.00262e+06,2196.62
3,12,activation,Logic,1.00262e+06,1.00263e+06,9.62291
3,12,up_proj,GPU,1.00263e+06,1.00483e+06,2196.62
3,12,Linear,Logic,1.00263e+06,1.00483e+06,2196.62
3,12,down_proj,GPU,1.00483e+06,1.00703e+06,2196.62
3,12,Linear,Logic,1.00483e+06,1.00703e+06,2196.62
3,12,expert_FFN_2,GPU,1.00703e+06,1.01526e+06,8227.59
3,12,gate_proj,GPU,1.00703e+06,1.00976e+06,2737.18
3,12,Linear,Logic,1.00703e+06,1.00976e+06,2737.18
3,12,activation,Logic,1.00976e+06,1.00978e+06,16.0382
3,12,up_proj,GPU,1.00978e+06,1.01252e+06,2737.18
3,12,Linear,Logic,1.00978e+06,1.01252e+06,2737.18
3,12,down_proj,GPU,1.01252e+06,1.01526e+06,2737.18
3,12,Linear,Logic,1.01252e+06,1.01526e+06,2737.18
3,12,expert_FFN_3,GPU,1.01526e+06,1.02185e+06,6599.48
3,12,gate_proj,GPU,1.01526e+06,1.01745e+06,2196.62
3,12,Linear,Logic,1.01526e+06,1.01745e+06,2196.62
3,12,activation,Logic,1.01745e+06,1.01746e+06,9.62291
3,12,up_proj,GPU,1.01746e+06,1.01966e+06,2196.62
3,12,Linear,Logic,1.01746e+06,1.01966e+06,2196.62
3,12,down_proj,GPU,1.01966e+06,1.02185e+06,2196.62
3,12,Linear,Logic,1.01966e+06,1.02185e+06,2196.62
3,12,expert_FFN_4,GPU,993023,1.01958e+06,26559.2
3,12,gate_proj,GPU,993023,1.00185e+06,8823.14
3,12,Linear,GPU,993023,1.00185e+06,8823.14
3,12,activation,GPU,1.00185e+06,1.00194e+06,89.8138
3,12,up_proj,GPU,1.00194e+06,1.01076e+06,8823.14
3,12,Linear,GPU,1.00194e+06,1.01076e+06,8823.14
3,12,down_proj,GPU,1.01076e+06,1.01958e+06,8823.14
3,12,Linear,GPU,1.01076e+06,1.01958e+06,8823.14
3,12,expert_FFN_5,GPU,1.01958e+06,1.04604e+06,26458.4
3,12,gate_proj,GPU,1.01958e+06,1.02838e+06,8800.23
3,12,Linear,GPU,1.01958e+06,1.02838e+06,8800.23
3,12,activation,GPU,1.02838e+06,1.02844e+06,57.7375
3,12,up_proj,GPU,1.02844e+06,1.03724e+06,8800.23
3,12,Linear,GPU,1.02844e+06,1.03724e+06,8800.23
3,12,down_proj,GPU,1.03724e+06,1.04604e+06,8800.23
3,12,Linear,GPU,1.03724e+06,1.04604e+06,8800.23
3,12,expert_FFN_6,GPU,1.02185e+06,1.02843e+06,6579.32
3,12,gate_proj,GPU,1.02185e+06,1.02405e+06,2192.04
3,12,Linear,Logic,1.02185e+06,1.02405e+06,2192.04
3,12,activation,Logic,1.02405e+06,1.02405e+06,3.20764
3,12,up_proj,GPU,1.02405e+06,1.02624e+06,2192.04
3,12,Linear,Logic,1.02405e+06,1.02624e+06,2192.04
3,12,down_proj,GPU,1.02624e+06,1.02843e+06,2192.04
3,12,Linear,Logic,1.02624e+06,1.02843e+06,2192.04
3,12,expert_FFN_7,GPU,1.02843e+06,1.03504e+06,6609.57
3,12,gate_proj,GPU,1.02843e+06,1.03063e+06,2198.91
3,12,Linear,Logic,1.02843e+06,1.03063e+06,2198.91
3,12,activation,Logic,1.03063e+06,1.03065e+06,12.8305
3,12,up_proj,GPU,1.03065e+06,1.03284e+06,2198.91
3,12,Linear,Logic,1.03065e+06,1.03284e+06,2198.91
3,12,down_proj,GPU,1.03284e+06,1.03504e+06,2198.91
3,12,Linear,Logic,1.03284e+06,1.03504e+06,2198.91
3,12,sync_2,GPU,1.04604e+06,1.04604e+06,0
3,12,sync__set,GPU,1.04604e+06,1.04604e+06,0
3,12,sync__,GPU,1.04604e+06,1.04604e+06,0
3,12,moe_all_reduce_for_e_tp,GPU,1.04604e+06,1.05128e+06,5236.91
3,12,sync_3,GPU,1.05128e+06,1.05128e+06,0
3,12,sync__set,GPU,1.05128e+06,1.05128e+06,0
3,12,sync__,GPU,1.05128e+06,1.05128e+06,0
3,12,moe_gather,GPU,1.05128e+06,1.05128e+06,0
3,12,sync_for_moe_gather,GPU,1.05128e+06,1.05128e+06,0
3,12,sync__set,GPU,1.05128e+06,1.05128e+06,0
3,12,sync__,GPU,1.05128e+06,1.05128e+06,0
3,12,moe_all_reduce_for_gather,GPU,1.05128e+06,1.05651e+06,5236.91
3,12,sync_5,GPU,1.05651e+06,1.05651e+06,0
3,12,sync__set,GPU,1.05651e+06,1.05651e+06,0
3,12,sync__,GPU,1.05651e+06,1.05651e+06,0
3,12,sync_6,GPU,1.05651e+06,1.05651e+06,0
3,12,sync__set,GPU,1.05651e+06,1.05651e+06,0
3,12,sync__,GPU,1.05651e+06,1.05651e+06,0
3,12,residual_2,GPU,1.05651e+06,1.05667e+06,158.854
3,13,MoE_decoder_13,GPU,1.05667e+06,1.13779e+06,81120.4
3,13,input_layer_norm,GPU,1.05667e+06,1.05683e+06,158.854
3,13,attention,GPU,1.05683e+06,1.07377e+06,16935.9
3,13,attn_qkv_proj,GPU,1.05683e+06,1.06069e+06,3861.38
3,13,Linear,GPU,1.05683e+06,1.06069e+06,3861.38
3,13,self_attention,GPU,1.06069e+06,1.06593e+06,5237.31
3,13,AttentionSplit,GPU,1.06069e+06,1.06069e+06,0
3,13,AttentionSum,GPU,1.06069e+06,1.06069e+06,0
3,13,AttentionGen,Logic,1.06069e+06,1.06593e+06,5237.31
3,13,AttentionMerge,GPU,1.06593e+06,1.06593e+06,0
3,13,attn_o_proj,GPU,1.06593e+06,1.06853e+06,2600.32
3,13,Linear,GPU,1.06593e+06,1.06853e+06,2600.32
3,13,all_reduce,GPU,1.06853e+06,1.07377e+06,5236.91
3,13,residual_1,GPU,1.07377e+06,1.07393e+06,158.854
3,13,post_attn_layer_norm,GPU,1.07393e+06,1.07409e+06,158.854
3,13,expertFFN,GPU,1.07409e+06,1.13764e+06,63549.1
3,13,sync_0,GPU,1.07409e+06,1.07409e+06,0
3,13,sync__set,GPU,1.07409e+06,1.07409e+06,0
3,13,sync__,GPU,1.07409e+06,1.07409e+06,0
3,13,gate_fn,GPU,1.07409e+06,1.07418e+06,97.9093
3,13,Linear,GPU,1.07409e+06,1.07418e+06,97.9093
3,13,gate_update,GPU,1.07418e+06,1.07418e+06,0
3,13,moe_scatter,GPU,1.07418e+06,1.07418e+06,0
3,13,sync_for_moe_scatter,GPU,1.07418e+06,1.07418e+06,0
3,13,sync__set,GPU,1.07418e+06,1.07418e+06,0
3,13,sync__,GPU,1.07418e+06,1.07418e+06,0
3,13,moe_route,GPU,1.07418e+06,1.07418e+06,0
3,13,expert_FFN_0,GPU,1.07418e+06,1.08323e+06,9050.35
3,13,gate_proj,GPU,1.07418e+06,1.0772e+06,3010.9
3,13,Linear,Logic,1.07418e+06,1.0772e+06,3010.9
3,13,activation,Logic,1.0772e+06,1.07721e+06,17.642
3,13,up_proj,GPU,1.07721e+06,1.08022e+06,3010.9
3,13,Linear,Logic,1.07721e+06,1.08022e+06,3010.9
3,13,down_proj,GPU,1.08022e+06,1.08323e+06,3010.9
3,13,Linear,Logic,1.08022e+06,1.08323e+06,3010.9
3,13,expert_FFN_1,GPU,1.08323e+06,1.08984e+06,6609.57
3,13,gate_proj,GPU,1.08323e+06,1.08543e+06,2198.91
3,13,Linear,Logic,1.08323e+06,1.08543e+06,2198.91
3,13,activation,Logic,1.08543e+06,1.08545e+06,12.8305
3,13,up_proj,GPU,1.08545e+06,1.08765e+06,2198.91
3,13,Linear,Logic,1.08545e+06,1.08765e+06,2198.91
3,13,down_proj,GPU,1.08765e+06,1.08984e+06,2198.91
3,13,Linear,Logic,1.08765e+06,1.08984e+06,2198.91
3,13,expert_FFN_2,GPU,1.08984e+06,1.09645e+06,6609.57
3,13,gate_proj,GPU,1.08984e+06,1.09204e+06,2198.91
3,13,Linear,Logic,1.08984e+06,1.09204e+06,2198.91
3,13,activation,Logic,1.09204e+06,1.09206e+06,12.8305
3,13,up_proj,GPU,1.09206e+06,1.09425e+06,2198.91
3,13,Linear,Logic,1.09206e+06,1.09425e+06,2198.91
3,13,down_proj,GPU,1.09425e+06,1.09645e+06,2198.91
3,13,Linear,Logic,1.09425e+06,1.09645e+06,2198.91
3,13,expert_FFN_3,GPU,1.09645e+06,1.1055e+06,9050.35
3,13,gate_proj,GPU,1.09645e+06,1.09946e+06,3010.9
3,13,Linear,Logic,1.09645e+06,1.09946e+06,3010.9
3,13,activation,Logic,1.09946e+06,1.09948e+06,17.642
3,13,up_proj,GPU,1.09948e+06,1.10249e+06,3010.9
3,13,Linear,Logic,1.09948e+06,1.10249e+06,3010.9
3,13,down_proj,GPU,1.10249e+06,1.1055e+06,3010.9
3,13,Linear,Logic,1.10249e+06,1.1055e+06,3010.9
3,13,expert_FFN_4,GPU,1.1055e+06,1.11209e+06,6584.36
3,13,gate_proj,GPU,1.1055e+06,1.1077e+06,2193.18
3,13,Linear,Logic,1.1055e+06,1.1077e+06,2193.18
3,13,activation,Logic,1.1077e+06,1.1077e+06,4.81146
3,13,up_proj,GPU,1.1077e+06,1.1099e+06,2193.18
3,13,Linear,Logic,1.1077e+06,1.1099e+06,2193.18
3,13,down_proj,GPU,1.1099e+06,1.11209e+06,2193.18
3,13,Linear,Logic,1.1099e+06,1.11209e+06,2193.18
3,13,expert_FFN_5,GPU,1.11209e+06,1.11867e+06,6579.32
3,13,gate_proj,GPU,1.11209e+06,1.11428e+06,2192.04
3,13,Linear,Logic,1.11209e+06,1.11428e+06,2192.04
3,13,activation,Logic,1.11428e+06,1.11428e+06,3.20764
3,13,up_proj,GPU,1.11428e+06,1.11648e+06,2192.04
3,13,Linear,Logic,1.11428e+06,1.11648e+06,2192.04
3,13,down_proj,GPU,1.11648e+06,1.11867e+06,2192.04
3,13,Linear,Logic,1.11648e+06,1.11867e+06,2192.04
3,13,expert_FFN_6,GPU,1.07418e+06,1.1007e+06,26518.9
3,13,gate_proj,GPU,1.07418e+06,1.083e+06,8813.98
3,13,Linear,GPU,1.07418e+06,1.083e+06,8813.98
3,13,activation,GPU,1.083e+06,1.08308e+06,76.9833
3,13,up_proj,GPU,1.08308e+06,1.09189e+06,8813.98
3,13,Linear,GPU,1.08308e+06,1.09189e+06,8813.98
3,13,down_proj,GPU,1.09189e+06,1.1007e+06,8813.98
3,13,Linear,GPU,1.09189e+06,1.1007e+06,8813.98
3,13,expert_FFN_7,GPU,1.1007e+06,1.12716e+06,26458.4
3,13,gate_proj,GPU,1.1007e+06,1.1095e+06,8800.23
3,13,Linear,GPU,1.1007e+06,1.1095e+06,8800.23
3,13,activation,GPU,1.1095e+06,1.10956e+06,57.7375
3,13,up_proj,GPU,1.10956e+06,1.11836e+06,8800.23
3,13,Linear,GPU,1.10956e+06,1.11836e+06,8800.23
3,13,down_proj,GPU,1.11836e+06,1.12716e+06,8800.23
3,13,Linear,GPU,1.11836e+06,1.12716e+06,8800.23
3,13,sync_2,GPU,1.12716e+06,1.12716e+06,0
3,13,sync__set,GPU,1.12716e+06,1.12716e+06,0
3,13,sync__,GPU,1.12716e+06,1.12716e+06,0
3,13,moe_all_reduce_for_e_tp,GPU,1.12716e+06,1.1324e+06,5236.91
3,13,sync_3,GPU,1.1324e+06,1.1324e+06,0
3,13,sync__set,GPU,1.1324e+06,1.1324e+06,0
3,13,sync__,GPU,1.1324e+06,1.1324e+06,0
3,13,moe_gather,GPU,1.1324e+06,1.1324e+06,0
3,13,sync_for_moe_gather,GPU,1.1324e+06,1.1324e+06,0
3,13,sync__set,GPU,1.1324e+06,1.1324e+06,0
3,13,sync__,GPU,1.1324e+06,1.1324e+06,0
3,13,moe_all_reduce_for_gather,GPU,1.1324e+06,1.13764e+06,5236.91
3,13,sync_5,GPU,1.13764e+06,1.13764e+06,0
3,13,sync__set,GPU,1.13764e+06,1.13764e+06,0
3,13,sync__,GPU,1.13764e+06,1.13764e+06,0
3,13,sync_6,GPU,1.13764e+06,1.13764e+06,0
3,13,sync__set,GPU,1.13764e+06,1.13764e+06,0
3,13,sync__,GPU,1.13764e+06,1.13764e+06,0
3,13,residual_2,GPU,1.13764e+06,1.13779e+06,158.854
3,14,MoE_decoder_14,GPU,1.13779e+06,1.21891e+06,81120.4
3,14,input_layer_norm,GPU,1.13779e+06,1.13795e+06,158.854
3,14,attention,GPU,1.13795e+06,1.15489e+06,16935.9
3,14,attn_qkv_proj,GPU,1.13795e+06,1.14181e+06,3861.38
3,14,Linear,GPU,1.13795e+06,1.14181e+06,3861.38
3,14,self_attention,GPU,1.14181e+06,1.14705e+06,5237.31
3,14,AttentionSplit,GPU,1.14181e+06,1.14181e+06,0
3,14,AttentionSum,GPU,1.14181e+06,1.14181e+06,0
3,14,AttentionGen,Logic,1.14181e+06,1.14705e+06,5237.31
3,14,AttentionMerge,GPU,1.14705e+06,1.14705e+06,0
3,14,attn_o_proj,GPU,1.14705e+06,1.14965e+06,2600.32
3,14,Linear,GPU,1.14705e+06,1.14965e+06,2600.32
3,14,all_reduce,GPU,1.14965e+06,1.15489e+06,5236.91
3,14,residual_1,GPU,1.15489e+06,1.15505e+06,158.854
3,14,post_attn_layer_norm,GPU,1.15505e+06,1.15521e+06,158.854
3,14,expertFFN,GPU,1.15521e+06,1.21876e+06,63549.1
3,14,sync_0,GPU,1.15521e+06,1.15521e+06,0
3,14,sync__set,GPU,1.15521e+06,1.15521e+06,0
3,14,sync__,GPU,1.15521e+06,1.15521e+06,0
3,14,gate_fn,GPU,1.15521e+06,1.1553e+06,97.9093
3,14,Linear,GPU,1.15521e+06,1.1553e+06,97.9093
3,14,gate_update,GPU,1.1553e+06,1.1553e+06,0
3,14,moe_scatter,GPU,1.1553e+06,1.1553e+06,0
3,14,sync_for_moe_scatter,GPU,1.1553e+06,1.1553e+06,0
3,14,sync__set,GPU,1.1553e+06,1.1553e+06,0
3,14,sync__,GPU,1.1553e+06,1.1553e+06,0
3,14,moe_route,GPU,1.1553e+06,1.1553e+06,0
3,14,expert_FFN_0,GPU,1.1553e+06,1.16271e+06,7404.83
3,14,gate_proj,GPU,1.1553e+06,1.15777e+06,2463.47
3,14,Linear,Logic,1.1553e+06,1.15777e+06,2463.47
3,14,activation,Logic,1.15777e+06,1.15778e+06,14.4344
3,14,up_proj,GPU,1.15778e+06,1.16025e+06,2463.47
3,14,Linear,Logic,1.15778e+06,1.16025e+06,2463.47
3,14,down_proj,GPU,1.16025e+06,1.16271e+06,2463.47
3,14,Linear,Logic,1.16025e+06,1.16271e+06,2463.47
3,14,expert_FFN_1,GPU,1.16271e+06,1.16931e+06,6599.48
3,14,gate_proj,GPU,1.16271e+06,1.16491e+06,2196.62
3,14,Linear,Logic,1.16271e+06,1.16491e+06,2196.62
3,14,activation,Logic,1.16491e+06,1.16492e+06,9.62291
3,14,up_proj,GPU,1.16492e+06,1.16711e+06,2196.62
3,14,Linear,Logic,1.16492e+06,1.16711e+06,2196.62
3,14,down_proj,GPU,1.16711e+06,1.16931e+06,2196.62
3,14,Linear,Logic,1.16711e+06,1.16931e+06,2196.62
3,14,expert_FFN_2,GPU,1.16931e+06,1.17591e+06,6599.48
3,14,gate_proj,GPU,1.16931e+06,1.17151e+06,2196.62
3,14,Linear,Logic,1.16931e+06,1.17151e+06,2196.62
3,14,activation,Logic,1.17151e+06,1.17152e+06,9.62291
3,14,up_proj,GPU,1.17152e+06,1.17371e+06,2196.62
3,14,Linear,Logic,1.17152e+06,1.17371e+06,2196.62
3,14,down_proj,GPU,1.17371e+06,1.17591e+06,2196.62
3,14,Linear,Logic,1.17371e+06,1.17591e+06,2196.62
3,14,expert_FFN_3,GPU,1.17591e+06,1.18251e+06,6604.53
3,14,gate_proj,GPU,1.17591e+06,1.17811e+06,2197.77
3,14,Linear,Logic,1.17591e+06,1.17811e+06,2197.77
3,14,activation,Logic,1.17811e+06,1.17812e+06,11.2267
3,14,up_proj,GPU,1.17812e+06,1.18032e+06,2197.77
3,14,Linear,Logic,1.17812e+06,1.18032e+06,2197.77
3,14,down_proj,GPU,1.18032e+06,1.18251e+06,2197.77
3,14,Linear,Logic,1.18032e+06,1.18251e+06,2197.77
3,14,expert_FFN_4,GPU,1.18251e+06,1.18911e+06,6599.48
3,14,gate_proj,GPU,1.18251e+06,1.18471e+06,2196.62
3,14,Linear,Logic,1.18251e+06,1.18471e+06,2196.62
3,14,activation,Logic,1.18471e+06,1.18472e+06,9.62291
3,14,up_proj,GPU,1.18472e+06,1.18692e+06,2196.62
3,14,Linear,Logic,1.18472e+06,1.18692e+06,2196.62
3,14,down_proj,GPU,1.18692e+06,1.18911e+06,2196.62
3,14,Linear,Logic,1.18692e+06,1.18911e+06,2196.62
3,14,expert_FFN_5,GPU,1.18911e+06,1.19652e+06,7404.83
3,14,gate_proj,GPU,1.18911e+06,1.19158e+06,2463.47
3,14,Linear,Logic,1.18911e+06,1.19158e+06,2463.47
3,14,activation,Logic,1.19158e+06,1.19159e+06,14.4344
3,14,up_proj,GPU,1.19159e+06,1.19405e+06,2463.47
3,14,Linear,Logic,1.19159e+06,1.19405e+06,2463.47
3,14,down_proj,GPU,1.19405e+06,1.19652e+06,2463.47
3,14,Linear,Logic,1.19405e+06,1.19652e+06,2463.47
3,14,expert_FFN_6,GPU,1.1553e+06,1.1818e+06,26498.7
3,14,gate_proj,GPU,1.1553e+06,1.16411e+06,8809.39
3,14,Linear,GPU,1.1553e+06,1.16411e+06,8809.39
3,14,activation,GPU,1.16411e+06,1.16418e+06,70.568
3,14,up_proj,GPU,1.16418e+06,1.17299e+06,8809.39
3,14,Linear,GPU,1.16418e+06,1.17299e+06,8809.39
3,14,down_proj,GPU,1.17299e+06,1.1818e+06,8809.39
3,14,Linear,GPU,1.17299e+06,1.1818e+06,8809.39
3,14,expert_FFN_7,GPU,1.1818e+06,1.20828e+06,26478.6
3,14,gate_proj,GPU,1.1818e+06,1.19061e+06,8804.81
3,14,Linear,GPU,1.1818e+06,1.19061e+06,8804.81
3,14,activation,GPU,1.19061e+06,1.19067e+06,64.1527
3,14,up_proj,GPU,1.19067e+06,1.19948e+06,8804.81
3,14,Linear,GPU,1.19067e+06,1.19948e+06,8804.81
3,14,down_proj,GPU,1.19948e+06,1.20828e+06,8804.81
3,14,Linear,GPU,1.19948e+06,1.20828e+06,8804.81
3,14,sync_2,GPU,1.20828e+06,1.20828e+06,0
3,14,sync__set,GPU,1.20828e+06,1.20828e+06,0
3,14,sync__,GPU,1.20828e+06,1.20828e+06,0
3,14,moe_all_reduce_for_e_tp,GPU,1.20828e+06,1.21352e+06,5236.91
3,14,sync_3,GPU,1.21352e+06,1.21352e+06,0
3,14,sync__set,GPU,1.21352e+06,1.21352e+06,0
3,14,sync__,GPU,1.21352e+06,1.21352e+06,0
3,14,moe_gather,GPU,1.21352e+06,1.21352e+06,0
3,14,sync_for_moe_gather,GPU,1.21352e+06,1.21352e+06,0
3,14,sync__set,GPU,1.21352e+06,1.21352e+06,0
3,14,sync__,GPU,1.21352e+06,1.21352e+06,0
3,14,moe_all_reduce_for_gather,GPU,1.21352e+06,1.21876e+06,5236.91
3,14,sync_5,GPU,1.21876e+06,1.21876e+06,0
3,14,sync__set,GPU,1.21876e+06,1.21876e+06,0
3,14,sync__,GPU,1.21876e+06,1.21876e+06,0
3,14,sync_6,GPU,1.21876e+06,1.21876e+06,0
3,14,sync__set,GPU,1.21876e+06,1.21876e+06,0
3,14,sync__,GPU,1.21876e+06,1.21876e+06,0
3,14,residual_2,GPU,1.21876e+06,1.21891e+06,158.854
3,15,MoE_decoder_15,GPU,1.21891e+06,1.30473e+06,85815.9
3,15,input_layer_norm,GPU,1.21891e+06,1.21907e+06,158.854
3,15,attention,GPU,1.21907e+06,1.23601e+06,16935.9
3,15,attn_qkv_proj,GPU,1.21907e+06,1.22293e+06,3861.38
3,15,Linear,GPU,1.21907e+06,1.22293e+06,3861.38
3,15,self_attention,GPU,1.22293e+06,1.22817e+06,5237.31
3,15,AttentionSplit,GPU,1.22293e+06,1.22293e+06,0
3,15,AttentionSum,GPU,1.22293e+06,1.22293e+06,0
3,15,AttentionGen,Logic,1.22293e+06,1.22817e+06,5237.31
3,15,AttentionMerge,GPU,1.22817e+06,1.22817e+06,0
3,15,attn_o_proj,GPU,1.22817e+06,1.23077e+06,2600.32
3,15,Linear,GPU,1.22817e+06,1.23077e+06,2600.32
3,15,all_reduce,GPU,1.23077e+06,1.23601e+06,5236.91
3,15,residual_1,GPU,1.23601e+06,1.23617e+06,158.854
3,15,post_attn_layer_norm,GPU,1.23617e+06,1.23633e+06,158.854
3,15,expertFFN,GPU,1.23633e+06,1.30457e+06,68244.6
3,15,sync_0,GPU,1.23633e+06,1.23633e+06,0
3,15,sync__set,GPU,1.23633e+06,1.23633e+06,0
3,15,sync__,GPU,1.23633e+06,1.23633e+06,0
3,15,gate_fn,GPU,1.23633e+06,1.23642e+06,97.9093
3,15,Linear,GPU,1.23633e+06,1.23642e+06,97.9093
3,15,gate_update,GPU,1.23642e+06,1.23642e+06,0
3,15,moe_scatter,GPU,1.23642e+06,1.23642e+06,0
3,15,sync_for_moe_scatter,GPU,1.23642e+06,1.23642e+06,0
3,15,sync__set,GPU,1.23642e+06,1.23642e+06,0
3,15,sync__,GPU,1.23642e+06,1.23642e+06,0
3,15,moe_route,GPU,1.23642e+06,1.23642e+06,0
3,15,expert_FFN_0,GPU,1.23642e+06,1.24465e+06,8227.59
3,15,gate_proj,GPU,1.23642e+06,1.23916e+06,2737.18
3,15,Linear,Logic,1.23642e+06,1.23916e+06,2737.18
3,15,activation,Logic,1.23916e+06,1.23918e+06,16.0382
3,15,up_proj,GPU,1.23918e+06,1.24192e+06,2737.18
3,15,Linear,Logic,1.23918e+06,1.24192e+06,2737.18
3,15,down_proj,GPU,1.24192e+06,1.24465e+06,2737.18
3,15,Linear,Logic,1.24192e+06,1.24465e+06,2737.18
3,15,expert_FFN_1,GPU,1.24465e+06,1.25125e+06,6594.44
3,15,gate_proj,GPU,1.24465e+06,1.24685e+06,2195.47
3,15,Linear,Logic,1.24465e+06,1.24685e+06,2195.47
3,15,activation,Logic,1.24685e+06,1.24686e+06,8.01909
3,15,up_proj,GPU,1.24686e+06,1.24905e+06,2195.47
3,15,Linear,Logic,1.24686e+06,1.24905e+06,2195.47
3,15,down_proj,GPU,1.24905e+06,1.25125e+06,2195.47
3,15,Linear,Logic,1.24905e+06,1.25125e+06,2195.47
3,15,expert_FFN_2,GPU,1.25125e+06,1.25865e+06,7404.83
3,15,gate_proj,GPU,1.25125e+06,1.25371e+06,2463.47
3,15,Linear,Logic,1.25125e+06,1.25371e+06,2463.47
3,15,activation,Logic,1.25371e+06,1.25372e+06,14.4344
3,15,up_proj,GPU,1.25372e+06,1.25619e+06,2463.47
3,15,Linear,Logic,1.25372e+06,1.25619e+06,2463.47
3,15,down_proj,GPU,1.25619e+06,1.25865e+06,2463.47
3,15,Linear,Logic,1.25619e+06,1.25865e+06,2463.47
3,15,expert_FFN_3,GPU,1.25865e+06,1.26606e+06,7404.83
3,15,gate_proj,GPU,1.25865e+06,1.26112e+06,2463.47
3,15,Linear,Logic,1.25865e+06,1.26112e+06,2463.47
3,15,activation,Logic,1.26112e+06,1.26113e+06,14.4344
3,15,up_proj,GPU,1.26113e+06,1.26359e+06,2463.47
3,15,Linear,Logic,1.26113e+06,1.26359e+06,2463.47
3,15,down_proj,GPU,1.26359e+06,1.26606e+06,2463.47
3,15,Linear,Logic,1.26359e+06,1.26606e+06,2463.47
3,15,expert_FFN_4,GPU,1.26606e+06,1.27266e+06,6604.53
3,15,gate_proj,GPU,1.26606e+06,1.26825e+06,2197.77
3,15,Linear,Logic,1.26606e+06,1.26825e+06,2197.77
3,15,activation,Logic,1.26825e+06,1.26827e+06,11.2267
3,15,up_proj,GPU,1.26827e+06,1.27046e+06,2197.77
3,15,Linear,Logic,1.26827e+06,1.27046e+06,2197.77
3,15,down_proj,GPU,1.27046e+06,1.27266e+06,2197.77
3,15,Linear,Logic,1.27046e+06,1.27266e+06,2197.77
3,15,expert_FFN_5,GPU,1.27266e+06,1.28089e+06,8227.59
3,15,gate_proj,GPU,1.27266e+06,1.2754e+06,2737.18
3,15,Linear,Logic,1.27266e+06,1.2754e+06,2737.18
3,15,activation,Logic,1.2754e+06,1.27541e+06,16.0382
3,15,up_proj,GPU,1.27541e+06,1.27815e+06,2737.18
3,15,Linear,Logic,1.27541e+06,1.27815e+06,2737.18
3,15,down_proj,GPU,1.27815e+06,1.28089e+06,2737.18
3,15,Linear,Logic,1.27815e+06,1.28089e+06,2737.18
3,15,expert_FFN_6,GPU,1.28089e+06,1.28749e+06,6599.48
3,15,gate_proj,GPU,1.28089e+06,1.28309e+06,2196.62
3,15,Linear,Logic,1.28089e+06,1.28309e+06,2196.62
3,15,activation,Logic,1.28309e+06,1.2831e+06,9.62291
3,15,up_proj,GPU,1.2831e+06,1.28529e+06,2196.62
3,15,Linear,Logic,1.2831e+06,1.28529e+06,2196.62
3,15,down_proj,GPU,1.28529e+06,1.28749e+06,2196.62
3,15,Linear,Logic,1.28529e+06,1.28749e+06,2196.62
3,15,expert_FFN_7,GPU,1.28749e+06,1.2941e+06,6609.57
3,15,gate_proj,GPU,1.28749e+06,1.28969e+06,2198.91
3,15,Linear,Logic,1.28749e+06,1.28969e+06,2198.91
3,15,activation,Logic,1.28969e+06,1.2897e+06,12.8305
3,15,up_proj,GPU,1.2897e+06,1.2919e+06,2198.91
3,15,Linear,Logic,1.2897e+06,1.2919e+06,2198.91
3,15,down_proj,GPU,1.2919e+06,1.2941e+06,2198.91
3,15,Linear,Logic,1.2919e+06,1.2941e+06,2198.91
3,15,sync_2,GPU,1.2941e+06,1.2941e+06,0
3,15,sync__set,GPU,1.2941e+06,1.2941e+06,0
3,15,sync__,GPU,1.2941e+06,1.2941e+06,0
3,15,moe_all_reduce_for_e_tp,GPU,1.2941e+06,1.29933e+06,5236.91
3,15,sync_3,GPU,1.29933e+06,1.29933e+06,0
3,15,sync__set,GPU,1.29933e+06,1.29933e+06,0
3,15,sync__,GPU,1.29933e+06,1.29933e+06,0
3,15,moe_gather,GPU,1.29933e+06,1.29933e+06,0
3,15,sync_for_moe_gather,GPU,1.29933e+06,1.29933e+06,0
3,15,sync__set,GPU,1.29933e+06,1.29933e+06,0
3,15,sync__,GPU,1.29933e+06,1.29933e+06,0
3,15,moe_all_reduce_for_gather,GPU,1.29933e+06,1.30457e+06,5236.91
3,15,sync_5,GPU,1.30457e+06,1.30457e+06,0
3,15,sync__set,GPU,1.30457e+06,1.30457e+06,0
3,15,sync__,GPU,1.30457e+06,1.30457e+06,0
3,15,sync_6,GPU,1.30457e+06,1.30457e+06,0
3,15,sync__set,GPU,1.30457e+06,1.30457e+06,0
3,15,sync__,GPU,1.30457e+06,1.30457e+06,0
3,15,residual_2,GPU,1.30457e+06,1.30473e+06,158.854
3,16,MoE_decoder_16,GPU,1.30473e+06,1.39057e+06,85843.4
3,16,input_layer_norm,GPU,1.30473e+06,1.30489e+06,158.854
3,16,attention,GPU,1.30489e+06,1.32183e+06,16935.9
3,16,attn_qkv_proj,GPU,1.30489e+06,1.30875e+06,3861.38
3,16,Linear,GPU,1.30489e+06,1.30875e+06,3861.38
3,16,self_attention,GPU,1.30875e+06,1.31399e+06,5237.31
3,16,AttentionSplit,GPU,1.30875e+06,1.30875e+06,0
3,16,AttentionSum,GPU,1.30875e+06,1.30875e+06,0
3,16,AttentionGen,Logic,1.30875e+06,1.31399e+06,5237.31
3,16,AttentionMerge,GPU,1.31399e+06,1.31399e+06,0
3,16,attn_o_proj,GPU,1.31399e+06,1.31659e+06,2600.32
3,16,Linear,GPU,1.31399e+06,1.31659e+06,2600.32
3,16,all_reduce,GPU,1.31659e+06,1.32183e+06,5236.91
3,16,residual_1,GPU,1.32183e+06,1.32198e+06,158.854
3,16,post_attn_layer_norm,GPU,1.32198e+06,1.32214e+06,158.854
3,16,expertFFN,GPU,1.32214e+06,1.39042e+06,68272.1
3,16,sync_0,GPU,1.32214e+06,1.32214e+06,0
3,16,sync__set,GPU,1.32214e+06,1.32214e+06,0
3,16,sync__,GPU,1.32214e+06,1.32214e+06,0
3,16,gate_fn,GPU,1.32214e+06,1.32224e+06,97.9093
3,16,Linear,GPU,1.32214e+06,1.32224e+06,97.9093
3,16,gate_update,GPU,1.32224e+06,1.32224e+06,0
3,16,moe_scatter,GPU,1.32224e+06,1.32224e+06,0
3,16,sync_for_moe_scatter,GPU,1.32224e+06,1.32224e+06,0
3,16,sync__set,GPU,1.32224e+06,1.32224e+06,0
3,16,sync__,GPU,1.32224e+06,1.32224e+06,0
3,16,moe_route,GPU,1.32224e+06,1.32224e+06,0
3,16,expert_FFN_0,GPU,1.32224e+06,1.33047e+06,8227.59
3,16,gate_proj,GPU,1.32224e+06,1.32498e+06,2737.18
3,16,Linear,Logic,1.32224e+06,1.32498e+06,2737.18
3,16,activation,Logic,1.32498e+06,1.32499e+06,16.0382
3,16,up_proj,GPU,1.32499e+06,1.32773e+06,2737.18
3,16,Linear,Logic,1.32499e+06,1.32773e+06,2737.18
3,16,down_proj,GPU,1.32773e+06,1.33047e+06,2737.18
3,16,Linear,Logic,1.32773e+06,1.33047e+06,2737.18
3,16,expert_FFN_1,GPU,1.33047e+06,1.33707e+06,6604.53
3,16,gate_proj,GPU,1.33047e+06,1.33267e+06,2197.77
3,16,Linear,Logic,1.33047e+06,1.33267e+06,2197.77
3,16,activation,Logic,1.33267e+06,1.33268e+06,11.2267
3,16,up_proj,GPU,1.33268e+06,1.33488e+06,2197.77
3,16,Linear,Logic,1.33268e+06,1.33488e+06,2197.77
3,16,down_proj,GPU,1.33488e+06,1.33707e+06,2197.77
3,16,Linear,Logic,1.33488e+06,1.33707e+06,2197.77
3,16,expert_FFN_2,GPU,1.33707e+06,1.34368e+06,6604.53
3,16,gate_proj,GPU,1.33707e+06,1.33927e+06,2197.77
3,16,Linear,Logic,1.33707e+06,1.33927e+06,2197.77
3,16,activation,Logic,1.33927e+06,1.33928e+06,11.2267
3,16,up_proj,GPU,1.33928e+06,1.34148e+06,2197.77
3,16,Linear,Logic,1.33928e+06,1.34148e+06,2197.77
3,16,down_proj,GPU,1.34148e+06,1.34368e+06,2197.77
3,16,Linear,Logic,1.34148e+06,1.34368e+06,2197.77
3,16,expert_FFN_3,GPU,1.34368e+06,1.35028e+06,6604.53
3,16,gate_proj,GPU,1.34368e+06,1.34588e+06,2197.77
3,16,Linear,Logic,1.34368e+06,1.34588e+06,2197.77
3,16,activation,Logic,1.34588e+06,1.34589e+06,11.2267
3,16,up_proj,GPU,1.34589e+06,1.34808e+06,2197.77
3,16,Linear,Logic,1.34589e+06,1.34808e+06,2197.77
3,16,down_proj,GPU,1.34808e+06,1.35028e+06,2197.77
3,16,Linear,Logic,1.34808e+06,1.35028e+06,2197.77
3,16,expert_FFN_4,GPU,1.35028e+06,1.35851e+06,8227.59
3,16,gate_proj,GPU,1.35028e+06,1.35302e+06,2737.18
3,16,Linear,Logic,1.35028e+06,1.35302e+06,2737.18
3,16,activation,Logic,1.35302e+06,1.35304e+06,16.0382
3,16,up_proj,GPU,1.35304e+06,1.35577e+06,2737.18
3,16,Linear,Logic,1.35304e+06,1.35577e+06,2737.18
3,16,down_proj,GPU,1.35577e+06,1.35851e+06,2737.18
3,16,Linear,Logic,1.35577e+06,1.35851e+06,2737.18
3,16,expert_FFN_5,GPU,1.35851e+06,1.36511e+06,6604.53
3,16,gate_proj,GPU,1.35851e+06,1.36071e+06,2197.77
3,16,Linear,Logic,1.35851e+06,1.36071e+06,2197.77
3,16,activation,Logic,1.36071e+06,1.36072e+06,11.2267
3,16,up_proj,GPU,1.36072e+06,1.36292e+06,2197.77
3,16,Linear,Logic,1.36072e+06,1.36292e+06,2197.77
3,16,down_proj,GPU,1.36292e+06,1.36511e+06,2197.77
3,16,Linear,Logic,1.36292e+06,1.36511e+06,2197.77
3,16,expert_FFN_6,GPU,1.36511e+06,1.37334e+06,8227.59
3,16,gate_proj,GPU,1.36511e+06,1.36785e+06,2737.18
3,16,Linear,Logic,1.36511e+06,1.36785e+06,2737.18
3,16,activation,Logic,1.36785e+06,1.36787e+06,16.0382
3,16,up_proj,GPU,1.36787e+06,1.3706e+06,2737.18
3,16,Linear,Logic,1.36787e+06,1.3706e+06,2737.18
3,16,down_proj,GPU,1.3706e+06,1.37334e+06,2737.18
3,16,Linear,Logic,1.3706e+06,1.37334e+06,2737.18
3,16,expert_FFN_7,GPU,1.37334e+06,1.37994e+06,6599.48
3,16,gate_proj,GPU,1.37334e+06,1.37554e+06,2196.62
3,16,Linear,Logic,1.37334e+06,1.37554e+06,2196.62
3,16,activation,Logic,1.37554e+06,1.37555e+06,9.62291
3,16,up_proj,GPU,1.37555e+06,1.37774e+06,2196.62
3,16,Linear,Logic,1.37555e+06,1.37774e+06,2196.62
3,16,down_proj,GPU,1.37774e+06,1.37994e+06,2196.62
3,16,Linear,Logic,1.37774e+06,1.37994e+06,2196.62
3,16,sync_2,GPU,1.37994e+06,1.37994e+06,0
3,16,sync__set,GPU,1.37994e+06,1.37994e+06,0
3,16,sync__,GPU,1.37994e+06,1.37994e+06,0
3,16,moe_all_reduce_for_e_tp,GPU,1.37994e+06,1.38518e+06,5236.91
3,16,sync_3,GPU,1.38518e+06,1.38518e+06,0
3,16,sync__set,GPU,1.38518e+06,1.38518e+06,0
3,16,sync__,GPU,1.38518e+06,1.38518e+06,0
3,16,moe_gather,GPU,1.38518e+06,1.38518e+06,0
3,16,sync_for_moe_gather,GPU,1.38518e+06,1.38518e+06,0
3,16,sync__set,GPU,1.38518e+06,1.38518e+06,0
3,16,sync__,GPU,1.38518e+06,1.38518e+06,0
3,16,moe_all_reduce_for_gather,GPU,1.38518e+06,1.39042e+06,5236.91
3,16,sync_5,GPU,1.39042e+06,1.39042e+06,0
3,16,sync__set,GPU,1.39042e+06,1.39042e+06,0
3,16,sync__,GPU,1.39042e+06,1.39042e+06,0
3,16,sync_6,GPU,1.39042e+06,1.39042e+06,0
3,16,sync__set,GPU,1.39042e+06,1.39042e+06,0
3,16,sync__,GPU,1.39042e+06,1.39042e+06,0
3,16,residual_2,GPU,1.39042e+06,1.39057e+06,158.854
3,17,MoE_decoder_17,GPU,1.39057e+06,1.47169e+06,81120.4
3,17,input_layer_norm,GPU,1.39057e+06,1.39073e+06,158.854
3,17,attention,GPU,1.39073e+06,1.40767e+06,16935.9
3,17,attn_qkv_proj,GPU,1.39073e+06,1.39459e+06,3861.38
3,17,Linear,GPU,1.39073e+06,1.39459e+06,3861.38
3,17,self_attention,GPU,1.39459e+06,1.39983e+06,5237.31
3,17,AttentionSplit,GPU,1.39459e+06,1.39459e+06,0
3,17,AttentionSum,GPU,1.39459e+06,1.39459e+06,0
3,17,AttentionGen,Logic,1.39459e+06,1.39983e+06,5237.31
3,17,AttentionMerge,GPU,1.39983e+06,1.39983e+06,0
3,17,attn_o_proj,GPU,1.39983e+06,1.40243e+06,2600.32
3,17,Linear,GPU,1.39983e+06,1.40243e+06,2600.32
3,17,all_reduce,GPU,1.40243e+06,1.40767e+06,5236.91
3,17,residual_1,GPU,1.40767e+06,1.40783e+06,158.854
3,17,post_attn_layer_norm,GPU,1.40783e+06,1.40799e+06,158.854
3,17,expertFFN,GPU,1.40799e+06,1.47154e+06,63549.1
3,17,sync_0,GPU,1.40799e+06,1.40799e+06,0
3,17,sync__set,GPU,1.40799e+06,1.40799e+06,0
3,17,sync__,GPU,1.40799e+06,1.40799e+06,0
3,17,gate_fn,GPU,1.40799e+06,1.40808e+06,97.9093
3,17,Linear,GPU,1.40799e+06,1.40808e+06,97.9093
3,17,gate_update,GPU,1.40808e+06,1.40808e+06,0
3,17,moe_scatter,GPU,1.40808e+06,1.40808e+06,0
3,17,sync_for_moe_scatter,GPU,1.40808e+06,1.40808e+06,0
3,17,sync__set,GPU,1.40808e+06,1.40808e+06,0
3,17,sync__,GPU,1.40808e+06,1.40808e+06,0
3,17,moe_route,GPU,1.40808e+06,1.40808e+06,0
3,17,expert_FFN_0,GPU,1.40808e+06,1.41469e+06,6609.57
3,17,gate_proj,GPU,1.40808e+06,1.41028e+06,2198.91
3,17,Linear,Logic,1.40808e+06,1.41028e+06,2198.91
3,17,activation,Logic,1.41028e+06,1.4103e+06,12.8305
3,17,up_proj,GPU,1.4103e+06,1.41249e+06,2198.91
3,17,Linear,Logic,1.4103e+06,1.41249e+06,2198.91
3,17,down_proj,GPU,1.41249e+06,1.41469e+06,2198.91
3,17,Linear,Logic,1.41249e+06,1.41469e+06,2198.91
3,17,expert_FFN_1,GPU,1.41469e+06,1.4221e+06,7404.83
3,17,gate_proj,GPU,1.41469e+06,1.41716e+06,2463.47
3,17,Linear,Logic,1.41469e+06,1.41716e+06,2463.47
3,17,activation,Logic,1.41716e+06,1.41717e+06,14.4344
3,17,up_proj,GPU,1.41717e+06,1.41964e+06,2463.47
3,17,Linear,Logic,1.41717e+06,1.41964e+06,2463.47
3,17,down_proj,GPU,1.41964e+06,1.4221e+06,2463.47
3,17,Linear,Logic,1.41964e+06,1.4221e+06,2463.47
3,17,expert_FFN_2,GPU,1.4221e+06,1.43197e+06,9873.11
3,17,gate_proj,GPU,1.4221e+06,1.42538e+06,3284.62
3,17,Linear,Logic,1.4221e+06,1.42538e+06,3284.62
3,17,activation,Logic,1.42538e+06,1.4254e+06,19.2458
3,17,up_proj,GPU,1.4254e+06,1.42869e+06,3284.62
3,17,Linear,Logic,1.4254e+06,1.42869e+06,3284.62
3,17,down_proj,GPU,1.42869e+06,1.43197e+06,3284.62
3,17,Linear,Logic,1.42869e+06,1.43197e+06,3284.62
3,17,expert_FFN_3,GPU,1.43197e+06,1.43855e+06,6579.32
3,17,gate_proj,GPU,1.43197e+06,1.43416e+06,2192.04
3,17,Linear,Logic,1.43197e+06,1.43416e+06,2192.04
3,17,activation,Logic,1.43416e+06,1.43417e+06,3.20764
3,17,up_proj,GPU,1.43417e+06,1.43636e+06,2192.04
3,17,Linear,Logic,1.43417e+06,1.43636e+06,2192.04
3,17,down_proj,GPU,1.43636e+06,1.43855e+06,2192.04
3,17,Linear,Logic,1.43636e+06,1.43855e+06,2192.04
3,17,expert_FFN_4,GPU,1.40808e+06,1.4346e+06,26518.9
3,17,gate_proj,GPU,1.40808e+06,1.4169e+06,8813.98
3,17,Linear,GPU,1.40808e+06,1.4169e+06,8813.98
3,17,activation,GPU,1.4169e+06,1.41698e+06,76.9833
3,17,up_proj,GPU,1.41698e+06,1.42579e+06,8813.98
3,17,Linear,GPU,1.41698e+06,1.42579e+06,8813.98
3,17,down_proj,GPU,1.42579e+06,1.4346e+06,8813.98
3,17,Linear,GPU,1.42579e+06,1.4346e+06,8813.98
3,17,expert_FFN_5,GPU,1.4346e+06,1.46106e+06,26458.4
3,17,gate_proj,GPU,1.4346e+06,1.4434e+06,8800.23
3,17,Linear,GPU,1.4346e+06,1.4434e+06,8800.23
3,17,activation,GPU,1.4434e+06,1.44346e+06,57.7375
3,17,up_proj,GPU,1.44346e+06,1.45226e+06,8800.23
3,17,Linear,GPU,1.44346e+06,1.45226e+06,8800.23
3,17,down_proj,GPU,1.45226e+06,1.46106e+06,8800.23
3,17,Linear,GPU,1.45226e+06,1.46106e+06,8800.23
3,17,expert_FFN_6,GPU,1.43855e+06,1.44514e+06,6589.4
3,17,gate_proj,GPU,1.43855e+06,1.44075e+06,2194.33
3,17,Linear,Logic,1.43855e+06,1.44075e+06,2194.33
3,17,activation,Logic,1.44075e+06,1.44075e+06,6.41527
3,17,up_proj,GPU,1.44075e+06,1.44295e+06,2194.33
3,17,Linear,Logic,1.44075e+06,1.44295e+06,2194.33
3,17,down_proj,GPU,1.44295e+06,1.44514e+06,2194.33
3,17,Linear,Logic,1.44295e+06,1.44514e+06,2194.33
3,17,expert_FFN_7,GPU,1.44514e+06,1.45175e+06,6609.57
3,17,gate_proj,GPU,1.44514e+06,1.44734e+06,2198.91
3,17,Linear,Logic,1.44514e+06,1.44734e+06,2198.91
3,17,activation,Logic,1.44734e+06,1.44735e+06,12.8305
3,17,up_proj,GPU,1.44735e+06,1.44955e+06,2198.91
3,17,Linear,Logic,1.44735e+06,1.44955e+06,2198.91
3,17,down_proj,GPU,1.44955e+06,1.45175e+06,2198.91
3,17,Linear,Logic,1.44955e+06,1.45175e+06,2198.91
3,17,sync_2,GPU,1.46106e+06,1.46106e+06,0
3,17,sync__set,GPU,1.46106e+06,1.46106e+06,0
3,17,sync__,GPU,1.46106e+06,1.46106e+06,0
3,17,moe_all_reduce_for_e_tp,GPU,1.46106e+06,1.4663e+06,5236.91
3,17,sync_3,GPU,1.4663e+06,1.4663e+06,0
3,17,sync__set,GPU,1.4663e+06,1.4663e+06,0
3,17,sync__,GPU,1.4663e+06,1.4663e+06,0
3,17,moe_gather,GPU,1.4663e+06,1.4663e+06,0
3,17,sync_for_moe_gather,GPU,1.4663e+06,1.4663e+06,0
3,17,sync__set,GPU,1.4663e+06,1.4663e+06,0
3,17,sync__,GPU,1.4663e+06,1.4663e+06,0
3,17,moe_all_reduce_for_gather,GPU,1.4663e+06,1.47154e+06,5236.91
3,17,sync_5,GPU,1.47154e+06,1.47154e+06,0
3,17,sync__set,GPU,1.47154e+06,1.47154e+06,0
3,17,sync__,GPU,1.47154e+06,1.47154e+06,0
3,17,sync_6,GPU,1.47154e+06,1.47154e+06,0
3,17,sync__set,GPU,1.47154e+06,1.47154e+06,0
3,17,sync__,GPU,1.47154e+06,1.47154e+06,0
3,17,residual_2,GPU,1.47154e+06,1.47169e+06,158.854
3,18,MoE_decoder_18,GPU,1.47169e+06,1.55275e+06,81059.9
3,18,input_layer_norm,GPU,1.47169e+06,1.47185e+06,158.854
3,18,attention,GPU,1.47185e+06,1.48879e+06,16935.9
3,18,attn_qkv_proj,GPU,1.47185e+06,1.47571e+06,3861.38
3,18,Linear,GPU,1.47185e+06,1.47571e+06,3861.38
3,18,self_attention,GPU,1.47571e+06,1.48095e+06,5237.31
3,18,AttentionSplit,GPU,1.47571e+06,1.47571e+06,0
3,18,AttentionSum,GPU,1.47571e+06,1.47571e+06,0
3,18,AttentionGen,Logic,1.47571e+06,1.48095e+06,5237.31
3,18,AttentionMerge,GPU,1.48095e+06,1.48095e+06,0
3,18,attn_o_proj,GPU,1.48095e+06,1.48355e+06,2600.32
3,18,Linear,GPU,1.48095e+06,1.48355e+06,2600.32
3,18,all_reduce,GPU,1.48355e+06,1.48879e+06,5236.91
3,18,residual_1,GPU,1.48879e+06,1.48895e+06,158.854
3,18,post_attn_layer_norm,GPU,1.48895e+06,1.48911e+06,158.854
3,18,expertFFN,GPU,1.48911e+06,1.5526e+06,63488.6
3,18,sync_0,GPU,1.48911e+06,1.48911e+06,0
3,18,sync__set,GPU,1.48911e+06,1.48911e+06,0
3,18,sync__,GPU,1.48911e+06,1.48911e+06,0
3,18,gate_fn,GPU,1.48911e+06,1.4892e+06,97.9093
3,18,Linear,GPU,1.48911e+06,1.4892e+06,97.9093
3,18,gate_update,GPU,1.4892e+06,1.4892e+06,0
3,18,moe_scatter,GPU,1.4892e+06,1.4892e+06,0
3,18,sync_for_moe_scatter,GPU,1.4892e+06,1.4892e+06,0
3,18,sync__set,GPU,1.4892e+06,1.4892e+06,0
3,18,sync__,GPU,1.4892e+06,1.4892e+06,0
3,18,moe_route,GPU,1.4892e+06,1.4892e+06,0
3,18,expert_FFN_0,GPU,1.4892e+06,1.51556e+06,26357.6
3,18,gate_proj,GPU,1.4892e+06,1.49798e+06,8777.32
3,18,Linear,GPU,1.4892e+06,1.49798e+06,8777.32
3,18,activation,GPU,1.49798e+06,1.49801e+06,25.6611
3,18,up_proj,GPU,1.49801e+06,1.50678e+06,8777.32
3,18,Linear,GPU,1.49801e+06,1.50678e+06,8777.32
3,18,down_proj,GPU,1.50678e+06,1.51556e+06,8777.32
3,18,Linear,GPU,1.50678e+06,1.51556e+06,8777.32
3,18,expert_FFN_1,GPU,1.51556e+06,1.54212e+06,26559.2
3,18,gate_proj,GPU,1.51556e+06,1.52439e+06,8823.14
3,18,Linear,GPU,1.51556e+06,1.52439e+06,8823.14
3,18,activation,GPU,1.52439e+06,1.52448e+06,89.8138
3,18,up_proj,GPU,1.52448e+06,1.5333e+06,8823.14
3,18,Linear,GPU,1.52448e+06,1.5333e+06,8823.14
3,18,down_proj,GPU,1.5333e+06,1.54212e+06,8823.14
3,18,Linear,GPU,1.5333e+06,1.54212e+06,8823.14
3,18,expert_FFN_2,GPU,1.4892e+06,1.49743e+06,8227.59
3,18,gate_proj,GPU,1.4892e+06,1.49194e+06,2737.18
3,18,Linear,Logic,1.4892e+06,1.49194e+06,2737.18
3,18,activation,Logic,1.49194e+06,1.49196e+06,16.0382
3,18,up_proj,GPU,1.49196e+06,1.4947e+06,2737.18
3,18,Linear,Logic,1.49196e+06,1.4947e+06,2737.18
3,18,down_proj,GPU,1.4947e+06,1.49743e+06,2737.18
3,18,Linear,Logic,1.4947e+06,1.49743e+06,2737.18
3,18,expert_FFN_3,GPU,1.49743e+06,1.50403e+06,6594.44
3,18,gate_proj,GPU,1.49743e+06,1.49963e+06,2195.47
3,18,Linear,Logic,1.49743e+06,1.49963e+06,2195.47
3,18,activation,Logic,1.49963e+06,1.49964e+06,8.01909
3,18,up_proj,GPU,1.49964e+06,1.50183e+06,2195.47
3,18,Linear,Logic,1.49964e+06,1.50183e+06,2195.47
3,18,down_proj,GPU,1.50183e+06,1.50403e+06,2195.47
3,18,Linear,Logic,1.50183e+06,1.50403e+06,2195.47
3,18,expert_FFN_4,GPU,1.50403e+06,1.51225e+06,8227.59
3,18,gate_proj,GPU,1.50403e+06,1.50676e+06,2737.18
3,18,Linear,Logic,1.50403e+06,1.50676e+06,2737.18
3,18,activation,Logic,1.50676e+06,1.50678e+06,16.0382
3,18,up_proj,GPU,1.50678e+06,1.50952e+06,2737.18
3,18,Linear,Logic,1.50678e+06,1.50952e+06,2737.18
3,18,down_proj,GPU,1.50952e+06,1.51225e+06,2737.18
3,18,Linear,Logic,1.50952e+06,1.51225e+06,2737.18
3,18,expert_FFN_5,GPU,1.51225e+06,1.51886e+06,6609.57
3,18,gate_proj,GPU,1.51225e+06,1.51445e+06,2198.91
3,18,Linear,Logic,1.51225e+06,1.51445e+06,2198.91
3,18,activation,Logic,1.51445e+06,1.51447e+06,12.8305
3,18,up_proj,GPU,1.51447e+06,1.51666e+06,2198.91
3,18,Linear,Logic,1.51447e+06,1.51666e+06,2198.91
3,18,down_proj,GPU,1.51666e+06,1.51886e+06,2198.91
3,18,Linear,Logic,1.51666e+06,1.51886e+06,2198.91
3,18,expert_FFN_6,GPU,1.51886e+06,1.52546e+06,6599.48
3,18,gate_proj,GPU,1.51886e+06,1.52106e+06,2196.62
3,18,Linear,Logic,1.51886e+06,1.52106e+06,2196.62
3,18,activation,Logic,1.52106e+06,1.52107e+06,9.62291
3,18,up_proj,GPU,1.52107e+06,1.52327e+06,2196.62
3,18,Linear,Logic,1.52107e+06,1.52327e+06,2196.62
3,18,down_proj,GPU,1.52327e+06,1.52546e+06,2196.62
3,18,Linear,Logic,1.52327e+06,1.52546e+06,2196.62
3,18,expert_FFN_7,GPU,1.52546e+06,1.53207e+06,6604.53
3,18,gate_proj,GPU,1.52546e+06,1.52766e+06,2197.77
3,18,Linear,Logic,1.52546e+06,1.52766e+06,2197.77
3,18,activation,Logic,1.52766e+06,1.52767e+06,11.2267
3,18,up_proj,GPU,1.52767e+06,1.52987e+06,2197.77
3,18,Linear,Logic,1.52767e+06,1.52987e+06,2197.77
3,18,down_proj,GPU,1.52987e+06,1.53207e+06,2197.77
3,18,Linear,Logic,1.52987e+06,1.53207e+06,2197.77
3,18,sync_2,GPU,1.54212e+06,1.54212e+06,0
3,18,sync__set,GPU,1.54212e+06,1.54212e+06,0
3,18,sync__,GPU,1.54212e+06,1.54212e+06,0
3,18,moe_all_reduce_for_e_tp,GPU,1.54212e+06,1.54736e+06,5236.91
3,18,sync_3,GPU,1.54736e+06,1.54736e+06,0
3,18,sync__set,GPU,1.54736e+06,1.54736e+06,0
3,18,sync__,GPU,1.54736e+06,1.54736e+06,0
3,18,moe_gather,GPU,1.54736e+06,1.54736e+06,0
3,18,sync_for_moe_gather,GPU,1.54736e+06,1.54736e+06,0
3,18,sync__set,GPU,1.54736e+06,1.54736e+06,0
3,18,sync__,GPU,1.54736e+06,1.54736e+06,0
3,18,moe_all_reduce_for_gather,GPU,1.54736e+06,1.5526e+06,5236.91
3,18,sync_5,GPU,1.5526e+06,1.5526e+06,0
3,18,sync__set,GPU,1.5526e+06,1.5526e+06,0
3,18,sync__,GPU,1.5526e+06,1.5526e+06,0
3,18,sync_6,GPU,1.5526e+06,1.5526e+06,0
3,18,sync__set,GPU,1.5526e+06,1.5526e+06,0
3,18,sync__,GPU,1.5526e+06,1.5526e+06,0
3,18,residual_2,GPU,1.5526e+06,1.55275e+06,158.854
3,19,MoE_decoder_19,GPU,1.55275e+06,1.63385e+06,81100.2
3,19,input_layer_norm,GPU,1.55275e+06,1.55291e+06,158.854
3,19,attention,GPU,1.55291e+06,1.56985e+06,16935.9
3,19,attn_qkv_proj,GPU,1.55291e+06,1.55677e+06,3861.38
3,19,Linear,GPU,1.55291e+06,1.55677e+06,3861.38
3,19,self_attention,GPU,1.55677e+06,1.56201e+06,5237.31
3,19,AttentionSplit,GPU,1.55677e+06,1.55677e+06,0
3,19,AttentionSum,GPU,1.55677e+06,1.55677e+06,0
3,19,AttentionGen,Logic,1.55677e+06,1.56201e+06,5237.31
3,19,AttentionMerge,GPU,1.56201e+06,1.56201e+06,0
3,19,attn_o_proj,GPU,1.56201e+06,1.56461e+06,2600.32
3,19,Linear,GPU,1.56201e+06,1.56461e+06,2600.32
3,19,all_reduce,GPU,1.56461e+06,1.56985e+06,5236.91
3,19,residual_1,GPU,1.56985e+06,1.57001e+06,158.854
3,19,post_attn_layer_norm,GPU,1.57001e+06,1.57017e+06,158.854
3,19,expertFFN,GPU,1.57017e+06,1.6337e+06,63528.9
3,19,sync_0,GPU,1.57017e+06,1.57017e+06,0
3,19,sync__set,GPU,1.57017e+06,1.57017e+06,0
3,19,sync__,GPU,1.57017e+06,1.57017e+06,0
3,19,gate_fn,GPU,1.57017e+06,1.57026e+06,97.9093
3,19,Linear,GPU,1.57017e+06,1.57026e+06,97.9093
3,19,gate_update,GPU,1.57026e+06,1.57026e+06,0
3,19,moe_scatter,GPU,1.57026e+06,1.57026e+06,0
3,19,sync_for_moe_scatter,GPU,1.57026e+06,1.57026e+06,0
3,19,sync__set,GPU,1.57026e+06,1.57026e+06,0
3,19,sync__,GPU,1.57026e+06,1.57026e+06,0
3,19,moe_route,GPU,1.57026e+06,1.57026e+06,0
3,19,expert_FFN_0,GPU,1.57026e+06,1.57686e+06,6594.44
3,19,gate_proj,GPU,1.57026e+06,1.57246e+06,2195.47
3,19,Linear,Logic,1.57026e+06,1.57246e+06,2195.47
3,19,activation,Logic,1.57246e+06,1.57247e+06,8.01909
3,19,up_proj,GPU,1.57247e+06,1.57466e+06,2195.47
3,19,Linear,Logic,1.57247e+06,1.57466e+06,2195.47
3,19,down_proj,GPU,1.57466e+06,1.57686e+06,2195.47
3,19,Linear,Logic,1.57466e+06,1.57686e+06,2195.47
3,19,expert_FFN_1,GPU,1.57686e+06,1.58346e+06,6604.53
3,19,gate_proj,GPU,1.57686e+06,1.57906e+06,2197.77
3,19,Linear,Logic,1.57686e+06,1.57906e+06,2197.77
3,19,activation,Logic,1.57906e+06,1.57907e+06,11.2267
3,19,up_proj,GPU,1.57907e+06,1.58127e+06,2197.77
3,19,Linear,Logic,1.57907e+06,1.58127e+06,2197.77
3,19,down_proj,GPU,1.58127e+06,1.58346e+06,2197.77
3,19,Linear,Logic,1.58127e+06,1.58346e+06,2197.77
3,19,expert_FFN_2,GPU,1.58346e+06,1.59169e+06,8227.59
3,19,gate_proj,GPU,1.58346e+06,1.5862e+06,2737.18
3,19,Linear,Logic,1.58346e+06,1.5862e+06,2737.18
3,19,activation,Logic,1.5862e+06,1.58622e+06,16.0382
3,19,up_proj,GPU,1.58622e+06,1.58895e+06,2737.18
3,19,Linear,Logic,1.58622e+06,1.58895e+06,2737.18
3,19,down_proj,GPU,1.58895e+06,1.59169e+06,2737.18
3,19,Linear,Logic,1.58895e+06,1.59169e+06,2737.18
3,19,expert_FFN_3,GPU,1.59169e+06,1.59829e+06,6594.44
3,19,gate_proj,GPU,1.59169e+06,1.59389e+06,2195.47
3,19,Linear,Logic,1.59169e+06,1.59389e+06,2195.47
3,19,activation,Logic,1.59389e+06,1.59389e+06,8.01909
3,19,up_proj,GPU,1.59389e+06,1.59609e+06,2195.47
3,19,Linear,Logic,1.59389e+06,1.59609e+06,2195.47
3,19,down_proj,GPU,1.59609e+06,1.59829e+06,2195.47
3,19,Linear,Logic,1.59609e+06,1.59829e+06,2195.47
3,19,expert_FFN_4,GPU,1.57026e+06,1.5968e+06,26539.1
3,19,gate_proj,GPU,1.57026e+06,1.57908e+06,8818.56
3,19,Linear,GPU,1.57026e+06,1.57908e+06,8818.56
3,19,activation,GPU,1.57908e+06,1.57917e+06,83.3986
3,19,up_proj,GPU,1.57917e+06,1.58799e+06,8818.56
3,19,Linear,GPU,1.57917e+06,1.58799e+06,8818.56
3,19,down_proj,GPU,1.58799e+06,1.5968e+06,8818.56
3,19,Linear,GPU,1.58799e+06,1.5968e+06,8818.56
3,19,expert_FFN_5,GPU,1.5968e+06,1.62322e+06,26418.1
3,19,gate_proj,GPU,1.5968e+06,1.60559e+06,8791.06
3,19,Linear,GPU,1.5968e+06,1.60559e+06,8791.06
3,19,activation,GPU,1.60559e+06,1.60564e+06,44.9069
3,19,up_proj,GPU,1.60564e+06,1.61443e+06,8791.06
3,19,Linear,GPU,1.60564e+06,1.61443e+06,8791.06
3,19,down_proj,GPU,1.61443e+06,1.62322e+06,8791.06
3,19,Linear,GPU,1.61443e+06,1.62322e+06,8791.06
3,19,expert_FFN_6,GPU,1.59829e+06,1.6049e+06,6609.57
3,19,gate_proj,GPU,1.59829e+06,1.60048e+06,2198.91
3,19,Linear,Logic,1.59829e+06,1.60048e+06,2198.91
3,19,activation,Logic,1.60048e+06,1.6005e+06,12.8305
3,19,up_proj,GPU,1.6005e+06,1.6027e+06,2198.91
3,19,Linear,Logic,1.6005e+06,1.6027e+06,2198.91
3,19,down_proj,GPU,1.6027e+06,1.6049e+06,2198.91
3,19,Linear,Logic,1.6027e+06,1.6049e+06,2198.91
3,19,expert_FFN_7,GPU,1.6049e+06,1.6123e+06,7404.83
3,19,gate_proj,GPU,1.6049e+06,1.60736e+06,2463.47
3,19,Linear,Logic,1.6049e+06,1.60736e+06,2463.47
3,19,activation,Logic,1.60736e+06,1.60737e+06,14.4344
3,19,up_proj,GPU,1.60737e+06,1.60984e+06,2463.47
3,19,Linear,Logic,1.60737e+06,1.60984e+06,2463.47
3,19,down_proj,GPU,1.60984e+06,1.6123e+06,2463.47
3,19,Linear,Logic,1.60984e+06,1.6123e+06,2463.47
3,19,sync_2,GPU,1.62322e+06,1.62322e+06,0
3,19,sync__set,GPU,1.62322e+06,1.62322e+06,0
3,19,sync__,GPU,1.62322e+06,1.62322e+06,0
3,19,moe_all_reduce_for_e_tp,GPU,1.62322e+06,1.62846e+06,5236.91
3,19,sync_3,GPU,1.62846e+06,1.62846e+06,0
3,19,sync__set,GPU,1.62846e+06,1.62846e+06,0
3,19,sync__,GPU,1.62846e+06,1.62846e+06,0
3,19,moe_gather,GPU,1.62846e+06,1.62846e+06,0
3,19,sync_for_moe_gather,GPU,1.62846e+06,1.62846e+06,0
3,19,sync__set,GPU,1.62846e+06,1.62846e+06,0
3,19,sync__,GPU,1.62846e+06,1.62846e+06,0
3,19,moe_all_reduce_for_gather,GPU,1.62846e+06,1.6337e+06,5236.91
3,19,sync_5,GPU,1.6337e+06,1.6337e+06,0
3,19,sync__set,GPU,1.6337e+06,1.6337e+06,0
3,19,sync__,GPU,1.6337e+06,1.6337e+06,0
3,19,sync_6,GPU,1.6337e+06,1.6337e+06,0
3,19,sync__set,GPU,1.6337e+06,1.6337e+06,0
3,19,sync__,GPU,1.6337e+06,1.6337e+06,0
3,19,residual_2,GPU,1.6337e+06,1.63385e+06,158.854
3,20,MoE_decoder_20,GPU,1.63385e+06,1.72131e+06,87451.4
3,20,input_layer_norm,GPU,1.63385e+06,1.63401e+06,158.854
3,20,attention,GPU,1.63401e+06,1.65095e+06,16935.9
3,20,attn_qkv_proj,GPU,1.63401e+06,1.63787e+06,3861.38
3,20,Linear,GPU,1.63401e+06,1.63787e+06,3861.38
3,20,self_attention,GPU,1.63787e+06,1.64311e+06,5237.31
3,20,AttentionSplit,GPU,1.63787e+06,1.63787e+06,0
3,20,AttentionSum,GPU,1.63787e+06,1.63787e+06,0
3,20,AttentionGen,Logic,1.63787e+06,1.64311e+06,5237.31
3,20,AttentionMerge,GPU,1.64311e+06,1.64311e+06,0
3,20,attn_o_proj,GPU,1.64311e+06,1.64571e+06,2600.32
3,20,Linear,GPU,1.64311e+06,1.64571e+06,2600.32
3,20,all_reduce,GPU,1.64571e+06,1.65095e+06,5236.91
3,20,residual_1,GPU,1.65095e+06,1.65111e+06,158.854
3,20,post_attn_layer_norm,GPU,1.65111e+06,1.65127e+06,158.854
3,20,expertFFN,GPU,1.65127e+06,1.72115e+06,69880
3,20,sync_0,GPU,1.65127e+06,1.65127e+06,0
3,20,sync__set,GPU,1.65127e+06,1.65127e+06,0
3,20,sync__,GPU,1.65127e+06,1.65127e+06,0
3,20,gate_fn,GPU,1.65127e+06,1.65136e+06,97.9093
3,20,Linear,GPU,1.65127e+06,1.65136e+06,97.9093
3,20,gate_update,GPU,1.65136e+06,1.65136e+06,0
3,20,moe_scatter,GPU,1.65136e+06,1.65136e+06,0
3,20,sync_for_moe_scatter,GPU,1.65136e+06,1.65136e+06,0
3,20,sync__set,GPU,1.65136e+06,1.65136e+06,0
3,20,sync__,GPU,1.65136e+06,1.65136e+06,0
3,20,moe_route,GPU,1.65136e+06,1.65136e+06,0
3,20,expert_FFN_0,GPU,1.65136e+06,1.65959e+06,8227.59
3,20,gate_proj,GPU,1.65136e+06,1.6541e+06,2737.18
3,20,Linear,Logic,1.65136e+06,1.6541e+06,2737.18
3,20,activation,Logic,1.6541e+06,1.65412e+06,16.0382
3,20,up_proj,GPU,1.65412e+06,1.65686e+06,2737.18
3,20,Linear,Logic,1.65412e+06,1.65686e+06,2737.18
3,20,down_proj,GPU,1.65686e+06,1.65959e+06,2737.18
3,20,Linear,Logic,1.65686e+06,1.65959e+06,2737.18
3,20,expert_FFN_1,GPU,1.65959e+06,1.66619e+06,6599.48
3,20,gate_proj,GPU,1.65959e+06,1.66179e+06,2196.62
3,20,Linear,Logic,1.65959e+06,1.66179e+06,2196.62
3,20,activation,Logic,1.66179e+06,1.6618e+06,9.62291
3,20,up_proj,GPU,1.6618e+06,1.664e+06,2196.62
3,20,Linear,Logic,1.6618e+06,1.664e+06,2196.62
3,20,down_proj,GPU,1.664e+06,1.66619e+06,2196.62
3,20,Linear,Logic,1.664e+06,1.66619e+06,2196.62
3,20,expert_FFN_2,GPU,1.66619e+06,1.67442e+06,8227.59
3,20,gate_proj,GPU,1.66619e+06,1.66893e+06,2737.18
3,20,Linear,Logic,1.66619e+06,1.66893e+06,2737.18
3,20,activation,Logic,1.66893e+06,1.66895e+06,16.0382
3,20,up_proj,GPU,1.66895e+06,1.67168e+06,2737.18
3,20,Linear,Logic,1.66895e+06,1.67168e+06,2737.18
3,20,down_proj,GPU,1.67168e+06,1.67442e+06,2737.18
3,20,Linear,Logic,1.67168e+06,1.67442e+06,2737.18
3,20,expert_FFN_3,GPU,1.67442e+06,1.68102e+06,6599.48
3,20,gate_proj,GPU,1.67442e+06,1.67662e+06,2196.62
3,20,Linear,Logic,1.67442e+06,1.67662e+06,2196.62
3,20,activation,Logic,1.67662e+06,1.67663e+06,9.62291
3,20,up_proj,GPU,1.67663e+06,1.67882e+06,2196.62
3,20,Linear,Logic,1.67663e+06,1.67882e+06,2196.62
3,20,down_proj,GPU,1.67882e+06,1.68102e+06,2196.62
3,20,Linear,Logic,1.67882e+06,1.68102e+06,2196.62
3,20,expert_FFN_4,GPU,1.68102e+06,1.68925e+06,8227.59
3,20,gate_proj,GPU,1.68102e+06,1.68376e+06,2737.18
3,20,Linear,Logic,1.68102e+06,1.68376e+06,2737.18
3,20,activation,Logic,1.68376e+06,1.68377e+06,16.0382
3,20,up_proj,GPU,1.68377e+06,1.68651e+06,2737.18
3,20,Linear,Logic,1.68377e+06,1.68651e+06,2737.18
3,20,down_proj,GPU,1.68651e+06,1.68925e+06,2737.18
3,20,Linear,Logic,1.68651e+06,1.68925e+06,2737.18
3,20,expert_FFN_5,GPU,1.68925e+06,1.69747e+06,8227.59
3,20,gate_proj,GPU,1.68925e+06,1.69198e+06,2737.18
3,20,Linear,Logic,1.68925e+06,1.69198e+06,2737.18
3,20,activation,Logic,1.69198e+06,1.692e+06,16.0382
3,20,up_proj,GPU,1.692e+06,1.69474e+06,2737.18
3,20,Linear,Logic,1.692e+06,1.69474e+06,2737.18
3,20,down_proj,GPU,1.69474e+06,1.69747e+06,2737.18
3,20,Linear,Logic,1.69474e+06,1.69747e+06,2737.18
3,20,expert_FFN_6,GPU,1.69747e+06,1.70408e+06,6604.53
3,20,gate_proj,GPU,1.69747e+06,1.69967e+06,2197.77
3,20,Linear,Logic,1.69747e+06,1.69967e+06,2197.77
3,20,activation,Logic,1.69967e+06,1.69968e+06,11.2267
3,20,up_proj,GPU,1.69968e+06,1.70188e+06,2197.77
3,20,Linear,Logic,1.69968e+06,1.70188e+06,2197.77
3,20,down_proj,GPU,1.70188e+06,1.70408e+06,2197.77
3,20,Linear,Logic,1.70188e+06,1.70408e+06,2197.77
3,20,expert_FFN_7,GPU,1.70408e+06,1.71067e+06,6594.44
3,20,gate_proj,GPU,1.70408e+06,1.70627e+06,2195.47
3,20,Linear,Logic,1.70408e+06,1.70627e+06,2195.47
3,20,activation,Logic,1.70627e+06,1.70628e+06,8.01909
3,20,up_proj,GPU,1.70628e+06,1.70848e+06,2195.47
3,20,Linear,Logic,1.70628e+06,1.70848e+06,2195.47
3,20,down_proj,GPU,1.70848e+06,1.71067e+06,2195.47
3,20,Linear,Logic,1.70848e+06,1.71067e+06,2195.47
3,20,sync_2,GPU,1.71067e+06,1.71067e+06,0
3,20,sync__set,GPU,1.71067e+06,1.71067e+06,0
3,20,sync__,GPU,1.71067e+06,1.71067e+06,0
3,20,moe_all_reduce_for_e_tp,GPU,1.71067e+06,1.71591e+06,5236.91
3,20,sync_3,GPU,1.71591e+06,1.71591e+06,0
3,20,sync__set,GPU,1.71591e+06,1.71591e+06,0
3,20,sync__,GPU,1.71591e+06,1.71591e+06,0
3,20,moe_gather,GPU,1.71591e+06,1.71591e+06,0
3,20,sync_for_moe_gather,GPU,1.71591e+06,1.71591e+06,0
3,20,sync__set,GPU,1.71591e+06,1.71591e+06,0
3,20,sync__,GPU,1.71591e+06,1.71591e+06,0
3,20,moe_all_reduce_for_gather,GPU,1.71591e+06,1.72115e+06,5236.91
3,20,sync_5,GPU,1.72115e+06,1.72115e+06,0
3,20,sync__set,GPU,1.72115e+06,1.72115e+06,0
3,20,sync__,GPU,1.72115e+06,1.72115e+06,0
3,20,sync_6,GPU,1.72115e+06,1.72115e+06,0
3,20,sync__set,GPU,1.72115e+06,1.72115e+06,0
3,20,sync__,GPU,1.72115e+06,1.72115e+06,0
3,20,residual_2,GPU,1.72115e+06,1.72131e+06,158.854
3,21,MoE_decoder_21,GPU,1.72131e+06,1.80251e+06,81201
3,21,input_layer_norm,GPU,1.72131e+06,1.72146e+06,158.854
3,21,attention,GPU,1.72146e+06,1.7384e+06,16935.9
3,21,attn_qkv_proj,GPU,1.72146e+06,1.72533e+06,3861.38
3,21,Linear,GPU,1.72146e+06,1.72533e+06,3861.38
3,21,self_attention,GPU,1.72533e+06,1.73056e+06,5237.31
3,21,AttentionSplit,GPU,1.72533e+06,1.72533e+06,0
3,21,AttentionSum,GPU,1.72533e+06,1.72533e+06,0
3,21,AttentionGen,Logic,1.72533e+06,1.73056e+06,5237.31
3,21,AttentionMerge,GPU,1.73056e+06,1.73056e+06,0
3,21,attn_o_proj,GPU,1.73056e+06,1.73316e+06,2600.32
3,21,Linear,GPU,1.73056e+06,1.73316e+06,2600.32
3,21,all_reduce,GPU,1.73316e+06,1.7384e+06,5236.91
3,21,residual_1,GPU,1.7384e+06,1.73856e+06,158.854
3,21,post_attn_layer_norm,GPU,1.73856e+06,1.73872e+06,158.854
3,21,expertFFN,GPU,1.73872e+06,1.80235e+06,63629.7
3,21,sync_0,GPU,1.73872e+06,1.73872e+06,0
3,21,sync__set,GPU,1.73872e+06,1.73872e+06,0
3,21,sync__,GPU,1.73872e+06,1.73872e+06,0
3,21,gate_fn,GPU,1.73872e+06,1.73882e+06,97.9093
3,21,Linear,GPU,1.73872e+06,1.73882e+06,97.9093
3,21,gate_update,GPU,1.73882e+06,1.73882e+06,0
3,21,moe_scatter,GPU,1.73882e+06,1.73882e+06,0
3,21,sync_for_moe_scatter,GPU,1.73882e+06,1.73882e+06,0
3,21,sync__set,GPU,1.73882e+06,1.73882e+06,0
3,21,sync__,GPU,1.73882e+06,1.73882e+06,0
3,21,moe_route,GPU,1.73882e+06,1.73882e+06,0
3,21,expert_FFN_0,GPU,1.73882e+06,1.74543e+06,6609.57
3,21,gate_proj,GPU,1.73882e+06,1.74102e+06,2198.91
3,21,Linear,Logic,1.73882e+06,1.74102e+06,2198.91
3,21,activation,Logic,1.74102e+06,1.74103e+06,12.8305
3,21,up_proj,GPU,1.74103e+06,1.74323e+06,2198.91
3,21,Linear,Logic,1.74103e+06,1.74323e+06,2198.91
3,21,down_proj,GPU,1.74323e+06,1.74543e+06,2198.91
3,21,Linear,Logic,1.74323e+06,1.74543e+06,2198.91
3,21,expert_FFN_1,GPU,1.74543e+06,1.75203e+06,6599.48
3,21,gate_proj,GPU,1.74543e+06,1.74762e+06,2196.62
3,21,Linear,Logic,1.74543e+06,1.74762e+06,2196.62
3,21,activation,Logic,1.74762e+06,1.74763e+06,9.62291
3,21,up_proj,GPU,1.74763e+06,1.74983e+06,2196.62
3,21,Linear,Logic,1.74763e+06,1.74983e+06,2196.62
3,21,down_proj,GPU,1.74983e+06,1.75203e+06,2196.62
3,21,Linear,Logic,1.74983e+06,1.75203e+06,2196.62
3,21,expert_FFN_2,GPU,1.75203e+06,1.76025e+06,8227.59
3,21,gate_proj,GPU,1.75203e+06,1.75476e+06,2737.18
3,21,Linear,Logic,1.75203e+06,1.75476e+06,2737.18
3,21,activation,Logic,1.75476e+06,1.75478e+06,16.0382
3,21,up_proj,GPU,1.75478e+06,1.75752e+06,2737.18
3,21,Linear,Logic,1.75478e+06,1.75752e+06,2737.18
3,21,down_proj,GPU,1.75752e+06,1.76025e+06,2737.18
3,21,Linear,Logic,1.75752e+06,1.76025e+06,2737.18
3,21,expert_FFN_3,GPU,1.76025e+06,1.76686e+06,6609.57
3,21,gate_proj,GPU,1.76025e+06,1.76245e+06,2198.91
3,21,Linear,Logic,1.76025e+06,1.76245e+06,2198.91
3,21,activation,Logic,1.76245e+06,1.76246e+06,12.8305
3,21,up_proj,GPU,1.76246e+06,1.76466e+06,2198.91
3,21,Linear,Logic,1.76246e+06,1.76466e+06,2198.91
3,21,down_proj,GPU,1.76466e+06,1.76686e+06,2198.91
3,21,Linear,Logic,1.76466e+06,1.76686e+06,2198.91
3,21,expert_FFN_4,GPU,1.73882e+06,1.76538e+06,26559.2
3,21,gate_proj,GPU,1.73882e+06,1.74764e+06,8823.14
3,21,Linear,GPU,1.73882e+06,1.74764e+06,8823.14
3,21,activation,GPU,1.74764e+06,1.74773e+06,89.8138
3,21,up_proj,GPU,1.74773e+06,1.75655e+06,8823.14
3,21,Linear,GPU,1.74773e+06,1.75655e+06,8823.14
3,21,down_proj,GPU,1.75655e+06,1.76538e+06,8823.14
3,21,Linear,GPU,1.75655e+06,1.76538e+06,8823.14
3,21,expert_FFN_5,GPU,1.76538e+06,1.79187e+06,26498.7
3,21,gate_proj,GPU,1.76538e+06,1.77418e+06,8809.39
3,21,Linear,GPU,1.76538e+06,1.77418e+06,8809.39
3,21,activation,GPU,1.77418e+06,1.77426e+06,70.568
3,21,up_proj,GPU,1.77426e+06,1.78306e+06,8809.39
3,21,Linear,GPU,1.77426e+06,1.78306e+06,8809.39
3,21,down_proj,GPU,1.78306e+06,1.79187e+06,8809.39
3,21,Linear,GPU,1.78306e+06,1.79187e+06,8809.39
3,21,expert_FFN_6,GPU,1.76686e+06,1.77344e+06,6579.32
3,21,gate_proj,GPU,1.76686e+06,1.76905e+06,2192.04
3,21,Linear,Logic,1.76686e+06,1.76905e+06,2192.04
3,21,activation,Logic,1.76905e+06,1.76906e+06,3.20764
3,21,up_proj,GPU,1.76906e+06,1.77125e+06,2192.04
3,21,Linear,Logic,1.76906e+06,1.77125e+06,2192.04
3,21,down_proj,GPU,1.77125e+06,1.77344e+06,2192.04
3,21,Linear,Logic,1.77125e+06,1.77344e+06,2192.04
3,21,expert_FFN_7,GPU,1.77344e+06,1.78004e+06,6594.44
3,21,gate_proj,GPU,1.77344e+06,1.77564e+06,2195.47
3,21,Linear,Logic,1.77344e+06,1.77564e+06,2195.47
3,21,activation,Logic,1.77564e+06,1.77565e+06,8.01909
3,21,up_proj,GPU,1.77565e+06,1.77784e+06,2195.47
3,21,Linear,Logic,1.77565e+06,1.77784e+06,2195.47
3,21,down_proj,GPU,1.77784e+06,1.78004e+06,2195.47
3,21,Linear,Logic,1.77784e+06,1.78004e+06,2195.47
3,21,sync_2,GPU,1.79187e+06,1.79187e+06,0
3,21,sync__set,GPU,1.79187e+06,1.79187e+06,0
3,21,sync__,GPU,1.79187e+06,1.79187e+06,0
3,21,moe_all_reduce_for_e_tp,GPU,1.79187e+06,1.79711e+06,5236.91
3,21,sync_3,GPU,1.79711e+06,1.79711e+06,0
3,21,sync__set,GPU,1.79711e+06,1.79711e+06,0
3,21,sync__,GPU,1.79711e+06,1.79711e+06,0
3,21,moe_gather,GPU,1.79711e+06,1.79711e+06,0
3,21,sync_for_moe_gather,GPU,1.79711e+06,1.79711e+06,0
3,21,sync__set,GPU,1.79711e+06,1.79711e+06,0
3,21,sync__,GPU,1.79711e+06,1.79711e+06,0
3,21,moe_all_reduce_for_gather,GPU,1.79711e+06,1.80235e+06,5236.91
3,21,sync_5,GPU,1.80235e+06,1.80235e+06,0
3,21,sync__set,GPU,1.80235e+06,1.80235e+06,0
3,21,sync__,GPU,1.80235e+06,1.80235e+06,0
3,21,sync_6,GPU,1.80235e+06,1.80235e+06,0
3,21,sync__set,GPU,1.80235e+06,1.80235e+06,0
3,21,sync__,GPU,1.80235e+06,1.80235e+06,0
3,21,residual_2,GPU,1.80235e+06,1.80251e+06,158.854
3,22,MoE_decoder_22,GPU,1.80251e+06,1.88359e+06,81080.1
3,22,input_layer_norm,GPU,1.80251e+06,1.80267e+06,158.854
3,22,attention,GPU,1.80267e+06,1.8196e+06,16935.9
3,22,attn_qkv_proj,GPU,1.80267e+06,1.80653e+06,3861.38
3,22,Linear,GPU,1.80267e+06,1.80653e+06,3861.38
3,22,self_attention,GPU,1.80653e+06,1.81176e+06,5237.31
3,22,AttentionSplit,GPU,1.80653e+06,1.80653e+06,0
3,22,AttentionSum,GPU,1.80653e+06,1.80653e+06,0
3,22,AttentionGen,Logic,1.80653e+06,1.81176e+06,5237.31
3,22,AttentionMerge,GPU,1.81176e+06,1.81176e+06,0
3,22,attn_o_proj,GPU,1.81176e+06,1.81436e+06,2600.32
3,22,Linear,GPU,1.81176e+06,1.81436e+06,2600.32
3,22,all_reduce,GPU,1.81436e+06,1.8196e+06,5236.91
3,22,residual_1,GPU,1.8196e+06,1.81976e+06,158.854
3,22,post_attn_layer_norm,GPU,1.81976e+06,1.81992e+06,158.854
3,22,expertFFN,GPU,1.81992e+06,1.88343e+06,63508.7
3,22,sync_0,GPU,1.81992e+06,1.81992e+06,0
3,22,sync__set,GPU,1.81992e+06,1.81992e+06,0
3,22,sync__,GPU,1.81992e+06,1.81992e+06,0
3,22,gate_fn,GPU,1.81992e+06,1.82002e+06,97.9093
3,22,Linear,GPU,1.81992e+06,1.82002e+06,97.9093
3,22,gate_update,GPU,1.82002e+06,1.82002e+06,0
3,22,moe_scatter,GPU,1.82002e+06,1.82002e+06,0
3,22,sync_for_moe_scatter,GPU,1.82002e+06,1.82002e+06,0
3,22,sync__set,GPU,1.82002e+06,1.82002e+06,0
3,22,sync__,GPU,1.82002e+06,1.82002e+06,0
3,22,moe_route,GPU,1.82002e+06,1.82002e+06,0
3,22,expert_FFN_0,GPU,1.82002e+06,1.82662e+06,6599.48
3,22,gate_proj,GPU,1.82002e+06,1.82221e+06,2196.62
3,22,Linear,Logic,1.82002e+06,1.82221e+06,2196.62
3,22,activation,Logic,1.82221e+06,1.82222e+06,9.62291
3,22,up_proj,GPU,1.82222e+06,1.82442e+06,2196.62
3,22,Linear,Logic,1.82222e+06,1.82442e+06,2196.62
3,22,down_proj,GPU,1.82442e+06,1.82662e+06,2196.62
3,22,Linear,Logic,1.82442e+06,1.82662e+06,2196.62
3,22,expert_FFN_1,GPU,1.82662e+06,1.83402e+06,7404.83
3,22,gate_proj,GPU,1.82662e+06,1.82908e+06,2463.47
3,22,Linear,Logic,1.82662e+06,1.82908e+06,2463.47
3,22,activation,Logic,1.82908e+06,1.82909e+06,14.4344
3,22,up_proj,GPU,1.82909e+06,1.83156e+06,2463.47
3,22,Linear,Logic,1.82909e+06,1.83156e+06,2463.47
3,22,down_proj,GPU,1.83156e+06,1.83402e+06,2463.47
3,22,Linear,Logic,1.83156e+06,1.83402e+06,2463.47
3,22,expert_FFN_2,GPU,1.83402e+06,1.84143e+06,7404.83
3,22,gate_proj,GPU,1.83402e+06,1.83649e+06,2463.47
3,22,Linear,Logic,1.83402e+06,1.83649e+06,2463.47
3,22,activation,Logic,1.83649e+06,1.8365e+06,14.4344
3,22,up_proj,GPU,1.8365e+06,1.83896e+06,2463.47
3,22,Linear,Logic,1.8365e+06,1.83896e+06,2463.47
3,22,down_proj,GPU,1.83896e+06,1.84143e+06,2463.47
3,22,Linear,Logic,1.83896e+06,1.84143e+06,2463.47
3,22,expert_FFN_3,GPU,1.84143e+06,1.84803e+06,6599.48
3,22,gate_proj,GPU,1.84143e+06,1.84362e+06,2196.62
3,22,Linear,Logic,1.84143e+06,1.84362e+06,2196.62
3,22,activation,Logic,1.84362e+06,1.84363e+06,9.62291
3,22,up_proj,GPU,1.84363e+06,1.84583e+06,2196.62
3,22,Linear,Logic,1.84363e+06,1.84583e+06,2196.62
3,22,down_proj,GPU,1.84583e+06,1.84803e+06,2196.62
3,22,Linear,Logic,1.84583e+06,1.84803e+06,2196.62
3,22,expert_FFN_4,GPU,1.84803e+06,1.85625e+06,8227.59
3,22,gate_proj,GPU,1.84803e+06,1.85076e+06,2737.18
3,22,Linear,Logic,1.84803e+06,1.85076e+06,2737.18
3,22,activation,Logic,1.85076e+06,1.85078e+06,16.0382
3,22,up_proj,GPU,1.85078e+06,1.85352e+06,2737.18
3,22,Linear,Logic,1.85078e+06,1.85352e+06,2737.18
3,22,down_proj,GPU,1.85352e+06,1.85625e+06,2737.18
3,22,Linear,Logic,1.85352e+06,1.85625e+06,2737.18
3,22,expert_FFN_5,GPU,1.85625e+06,1.86285e+06,6594.44
3,22,gate_proj,GPU,1.85625e+06,1.85845e+06,2195.47
3,22,Linear,Logic,1.85625e+06,1.85845e+06,2195.47
3,22,activation,Logic,1.85845e+06,1.85846e+06,8.01909
3,22,up_proj,GPU,1.85846e+06,1.86065e+06,2195.47
3,22,Linear,Logic,1.85846e+06,1.86065e+06,2195.47
3,22,down_proj,GPU,1.86065e+06,1.86285e+06,2195.47
3,22,Linear,Logic,1.86065e+06,1.86285e+06,2195.47
3,22,expert_FFN_6,GPU,1.82002e+06,1.84654e+06,26518.9
3,22,gate_proj,GPU,1.82002e+06,1.82883e+06,8813.98
3,22,Linear,GPU,1.82002e+06,1.82883e+06,8813.98
3,22,activation,GPU,1.82883e+06,1.82891e+06,76.9833
3,22,up_proj,GPU,1.82891e+06,1.83772e+06,8813.98
3,22,Linear,GPU,1.82891e+06,1.83772e+06,8813.98
3,22,down_proj,GPU,1.83772e+06,1.84654e+06,8813.98
3,22,Linear,GPU,1.83772e+06,1.84654e+06,8813.98
3,22,expert_FFN_7,GPU,1.84654e+06,1.87295e+06,26418.1
3,22,gate_proj,GPU,1.84654e+06,1.85533e+06,8791.06
3,22,Linear,GPU,1.84654e+06,1.85533e+06,8791.06
3,22,activation,GPU,1.85533e+06,1.85537e+06,44.9069
3,22,up_proj,GPU,1.85537e+06,1.86416e+06,8791.06
3,22,Linear,GPU,1.85537e+06,1.86416e+06,8791.06
3,22,down_proj,GPU,1.86416e+06,1.87295e+06,8791.06
3,22,Linear,GPU,1.86416e+06,1.87295e+06,8791.06
3,22,sync_2,GPU,1.87295e+06,1.87295e+06,0
3,22,sync__set,GPU,1.87295e+06,1.87295e+06,0
3,22,sync__,GPU,1.87295e+06,1.87295e+06,0
3,22,moe_all_reduce_for_e_tp,GPU,1.87295e+06,1.87819e+06,5236.91
3,22,sync_3,GPU,1.87819e+06,1.87819e+06,0
3,22,sync__set,GPU,1.87819e+06,1.87819e+06,0
3,22,sync__,GPU,1.87819e+06,1.87819e+06,0
3,22,moe_gather,GPU,1.87819e+06,1.87819e+06,0
3,22,sync_for_moe_gather,GPU,1.87819e+06,1.87819e+06,0
3,22,sync__set,GPU,1.87819e+06,1.87819e+06,0
3,22,sync__,GPU,1.87819e+06,1.87819e+06,0
3,22,moe_all_reduce_for_gather,GPU,1.87819e+06,1.88343e+06,5236.91
3,22,sync_5,GPU,1.88343e+06,1.88343e+06,0
3,22,sync__set,GPU,1.88343e+06,1.88343e+06,0
3,22,sync__,GPU,1.88343e+06,1.88343e+06,0
3,22,sync_6,GPU,1.88343e+06,1.88343e+06,0
3,22,sync__set,GPU,1.88343e+06,1.88343e+06,0
3,22,sync__,GPU,1.88343e+06,1.88343e+06,0
3,22,residual_2,GPU,1.88343e+06,1.88359e+06,158.854
3,23,MoE_decoder_23,GPU,1.88359e+06,1.96465e+06,81059.9
3,23,input_layer_norm,GPU,1.88359e+06,1.88375e+06,158.854
3,23,attention,GPU,1.88375e+06,1.90068e+06,16935.9
3,23,attn_qkv_proj,GPU,1.88375e+06,1.88761e+06,3861.38
3,23,Linear,GPU,1.88375e+06,1.88761e+06,3861.38
3,23,self_attention,GPU,1.88761e+06,1.89284e+06,5237.31
3,23,AttentionSplit,GPU,1.88761e+06,1.88761e+06,0
3,23,AttentionSum,GPU,1.88761e+06,1.88761e+06,0
3,23,AttentionGen,Logic,1.88761e+06,1.89284e+06,5237.31
3,23,AttentionMerge,GPU,1.89284e+06,1.89284e+06,0
3,23,attn_o_proj,GPU,1.89284e+06,1.89544e+06,2600.32
3,23,Linear,GPU,1.89284e+06,1.89544e+06,2600.32
3,23,all_reduce,GPU,1.89544e+06,1.90068e+06,5236.91
3,23,residual_1,GPU,1.90068e+06,1.90084e+06,158.854
3,23,post_attn_layer_norm,GPU,1.90084e+06,1.901e+06,158.854
3,23,expertFFN,GPU,1.901e+06,1.96449e+06,63488.6
3,23,sync_0,GPU,1.901e+06,1.901e+06,0
3,23,sync__set,GPU,1.901e+06,1.901e+06,0
3,23,sync__,GPU,1.901e+06,1.901e+06,0
3,23,gate_fn,GPU,1.901e+06,1.9011e+06,97.9093
3,23,Linear,GPU,1.901e+06,1.9011e+06,97.9093
3,23,gate_update,GPU,1.9011e+06,1.9011e+06,0
3,23,moe_scatter,GPU,1.9011e+06,1.9011e+06,0
3,23,sync_for_moe_scatter,GPU,1.9011e+06,1.9011e+06,0
3,23,sync__set,GPU,1.9011e+06,1.9011e+06,0
3,23,sync__,GPU,1.9011e+06,1.9011e+06,0
3,23,moe_route,GPU,1.9011e+06,1.9011e+06,0
3,23,expert_FFN_0,GPU,1.9011e+06,1.9085e+06,7404.83
3,23,gate_proj,GPU,1.9011e+06,1.90356e+06,2463.47
3,23,Linear,Logic,1.9011e+06,1.90356e+06,2463.47
3,23,activation,Logic,1.90356e+06,1.90358e+06,14.4344
3,23,up_proj,GPU,1.90358e+06,1.90604e+06,2463.47
3,23,Linear,Logic,1.90358e+06,1.90604e+06,2463.47
3,23,down_proj,GPU,1.90604e+06,1.9085e+06,2463.47
3,23,Linear,Logic,1.90604e+06,1.9085e+06,2463.47
3,23,expert_FFN_1,GPU,1.9085e+06,1.91511e+06,6604.53
3,23,gate_proj,GPU,1.9085e+06,1.9107e+06,2197.77
3,23,Linear,Logic,1.9085e+06,1.9107e+06,2197.77
3,23,activation,Logic,1.9107e+06,1.91071e+06,11.2267
3,23,up_proj,GPU,1.91071e+06,1.91291e+06,2197.77
3,23,Linear,Logic,1.91071e+06,1.91291e+06,2197.77
3,23,down_proj,GPU,1.91291e+06,1.91511e+06,2197.77
3,23,Linear,Logic,1.91291e+06,1.91511e+06,2197.77
3,23,expert_FFN_2,GPU,1.91511e+06,1.9217e+06,6589.4
3,23,gate_proj,GPU,1.91511e+06,1.9173e+06,2194.33
3,23,Linear,Logic,1.91511e+06,1.9173e+06,2194.33
3,23,activation,Logic,1.9173e+06,1.91731e+06,6.41527
3,23,up_proj,GPU,1.91731e+06,1.9195e+06,2194.33
3,23,Linear,Logic,1.91731e+06,1.9195e+06,2194.33
3,23,down_proj,GPU,1.9195e+06,1.9217e+06,2194.33
3,23,Linear,Logic,1.9195e+06,1.9217e+06,2194.33
3,23,expert_FFN_3,GPU,1.9217e+06,1.93157e+06,9873.11
3,23,gate_proj,GPU,1.9217e+06,1.92498e+06,3284.62
3,23,Linear,Logic,1.9217e+06,1.92498e+06,3284.62
3,23,activation,Logic,1.92498e+06,1.925e+06,19.2458
3,23,up_proj,GPU,1.925e+06,1.92828e+06,3284.62
3,23,Linear,Logic,1.925e+06,1.92828e+06,3284.62
3,23,down_proj,GPU,1.92828e+06,1.93157e+06,3284.62
3,23,Linear,Logic,1.92828e+06,1.93157e+06,3284.62
3,23,expert_FFN_4,GPU,1.93157e+06,1.93817e+06,6604.53
3,23,gate_proj,GPU,1.93157e+06,1.93377e+06,2197.77
3,23,Linear,Logic,1.93157e+06,1.93377e+06,2197.77
3,23,activation,Logic,1.93377e+06,1.93378e+06,11.2267
3,23,up_proj,GPU,1.93378e+06,1.93598e+06,2197.77
3,23,Linear,Logic,1.93378e+06,1.93598e+06,2197.77
3,23,down_proj,GPU,1.93598e+06,1.93817e+06,2197.77
3,23,Linear,Logic,1.93598e+06,1.93817e+06,2197.77
3,23,expert_FFN_5,GPU,1.93817e+06,1.94478e+06,6604.53
3,23,gate_proj,GPU,1.93817e+06,1.94037e+06,2197.77
3,23,Linear,Logic,1.93817e+06,1.94037e+06,2197.77
3,23,activation,Logic,1.94037e+06,1.94038e+06,11.2267
3,23,up_proj,GPU,1.94038e+06,1.94258e+06,2197.77
3,23,Linear,Logic,1.94038e+06,1.94258e+06,2197.77
3,23,down_proj,GPU,1.94258e+06,1.94478e+06,2197.77
3,23,Linear,Logic,1.94258e+06,1.94478e+06,2197.77
3,23,expert_FFN_6,GPU,1.9011e+06,1.92762e+06,26518.9
3,23,gate_proj,GPU,1.9011e+06,1.90991e+06,8813.98
3,23,Linear,GPU,1.9011e+06,1.90991e+06,8813.98
3,23,activation,GPU,1.90991e+06,1.90999e+06,76.9833
3,23,up_proj,GPU,1.90999e+06,1.9188e+06,8813.98
3,23,Linear,GPU,1.90999e+06,1.9188e+06,8813.98
3,23,down_proj,GPU,1.9188e+06,1.92762e+06,8813.98
3,23,Linear,GPU,1.9188e+06,1.92762e+06,8813.98
3,23,expert_FFN_7,GPU,1.92762e+06,1.95401e+06,26397.9
3,23,gate_proj,GPU,1.92762e+06,1.9364e+06,8786.48
3,23,Linear,GPU,1.92762e+06,1.9364e+06,8786.48
3,23,activation,GPU,1.9364e+06,1.93644e+06,38.4916
3,23,up_proj,GPU,1.93644e+06,1.94523e+06,8786.48
3,23,Linear,GPU,1.93644e+06,1.94523e+06,8786.48
3,23,down_proj,GPU,1.94523e+06,1.95401e+06,8786.48
3,23,Linear,GPU,1.94523e+06,1.95401e+06,8786.48
3,23,sync_2,GPU,1.95401e+06,1.95401e+06,0
3,23,sync__set,GPU,1.95401e+06,1.95401e+06,0
3,23,sync__,GPU,1.95401e+06,1.95401e+06,0
3,23,moe_all_reduce_for_e_tp,GPU,1.95401e+06,1.95925e+06,5236.91
3,23,sync_3,GPU,1.95925e+06,1.95925e+06,0
3,23,sync__set,GPU,1.95925e+06,1.95925e+06,0
3,23,sync__,GPU,1.95925e+06,1.95925e+06,0
3,23,moe_gather,GPU,1.95925e+06,1.95925e+06,0
3,23,sync_for_moe_gather,GPU,1.95925e+06,1.95925e+06,0
3,23,sync__set,GPU,1.95925e+06,1.95925e+06,0
3,23,sync__,GPU,1.95925e+06,1.95925e+06,0
3,23,moe_all_reduce_for_gather,GPU,1.95925e+06,1.96449e+06,5236.91
3,23,sync_5,GPU,1.96449e+06,1.96449e+06,0
3,23,sync__set,GPU,1.96449e+06,1.96449e+06,0
3,23,sync__,GPU,1.96449e+06,1.96449e+06,0
3,23,sync_6,GPU,1.96449e+06,1.96449e+06,0
3,23,sync__set,GPU,1.96449e+06,1.96449e+06,0
3,23,sync__,GPU,1.96449e+06,1.96449e+06,0
3,23,residual_2,GPU,1.96449e+06,1.96465e+06,158.854
3,24,MoE_decoder_24,GPU,1.96465e+06,2.04577e+06,81120.4
3,24,input_layer_norm,GPU,1.96465e+06,1.96481e+06,158.854
3,24,attention,GPU,1.96481e+06,1.98174e+06,16935.9
3,24,attn_qkv_proj,GPU,1.96481e+06,1.96867e+06,3861.38
3,24,Linear,GPU,1.96481e+06,1.96867e+06,3861.38
3,24,self_attention,GPU,1.96867e+06,1.9739e+06,5237.31
3,24,AttentionSplit,GPU,1.96867e+06,1.96867e+06,0
3,24,AttentionSum,GPU,1.96867e+06,1.96867e+06,0
3,24,AttentionGen,Logic,1.96867e+06,1.9739e+06,5237.31
3,24,AttentionMerge,GPU,1.9739e+06,1.9739e+06,0
3,24,attn_o_proj,GPU,1.9739e+06,1.9765e+06,2600.32
3,24,Linear,GPU,1.9739e+06,1.9765e+06,2600.32
3,24,all_reduce,GPU,1.9765e+06,1.98174e+06,5236.91
3,24,residual_1,GPU,1.98174e+06,1.9819e+06,158.854
3,24,post_attn_layer_norm,GPU,1.9819e+06,1.98206e+06,158.854
3,24,expertFFN,GPU,1.98206e+06,2.04561e+06,63549.1
3,24,sync_0,GPU,1.98206e+06,1.98206e+06,0
3,24,sync__set,GPU,1.98206e+06,1.98206e+06,0
3,24,sync__,GPU,1.98206e+06,1.98206e+06,0
3,24,gate_fn,GPU,1.98206e+06,1.98216e+06,97.9093
3,24,Linear,GPU,1.98206e+06,1.98216e+06,97.9093
3,24,gate_update,GPU,1.98216e+06,1.98216e+06,0
3,24,moe_scatter,GPU,1.98216e+06,1.98216e+06,0
3,24,sync_for_moe_scatter,GPU,1.98216e+06,1.98216e+06,0
3,24,sync__set,GPU,1.98216e+06,1.98216e+06,0
3,24,sync__,GPU,1.98216e+06,1.98216e+06,0
3,24,moe_route,GPU,1.98216e+06,1.98216e+06,0
3,24,expert_FFN_0,GPU,1.98216e+06,1.98876e+06,6604.53
3,24,gate_proj,GPU,1.98216e+06,1.98436e+06,2197.77
3,24,Linear,Logic,1.98216e+06,1.98436e+06,2197.77
3,24,activation,Logic,1.98436e+06,1.98437e+06,11.2267
3,24,up_proj,GPU,1.98437e+06,1.98656e+06,2197.77
3,24,Linear,Logic,1.98437e+06,1.98656e+06,2197.77
3,24,down_proj,GPU,1.98656e+06,1.98876e+06,2197.77
3,24,Linear,Logic,1.98656e+06,1.98876e+06,2197.77
3,24,expert_FFN_1,GPU,1.98876e+06,1.99536e+06,6594.44
3,24,gate_proj,GPU,1.98876e+06,1.99096e+06,2195.47
3,24,Linear,Logic,1.98876e+06,1.99096e+06,2195.47
3,24,activation,Logic,1.99096e+06,1.99097e+06,8.01909
3,24,up_proj,GPU,1.99097e+06,1.99316e+06,2195.47
3,24,Linear,Logic,1.99097e+06,1.99316e+06,2195.47
3,24,down_proj,GPU,1.99316e+06,1.99536e+06,2195.47
3,24,Linear,Logic,1.99316e+06,1.99536e+06,2195.47
3,24,expert_FFN_2,GPU,1.99536e+06,2.00276e+06,7404.83
3,24,gate_proj,GPU,1.99536e+06,1.99782e+06,2463.47
3,24,Linear,Logic,1.99536e+06,1.99782e+06,2463.47
3,24,activation,Logic,1.99782e+06,1.99783e+06,14.4344
3,24,up_proj,GPU,1.99783e+06,2.0003e+06,2463.47
3,24,Linear,Logic,1.99783e+06,2.0003e+06,2463.47
3,24,down_proj,GPU,2.0003e+06,2.00276e+06,2463.47
3,24,Linear,Logic,2.0003e+06,2.00276e+06,2463.47
3,24,expert_FFN_3,GPU,2.00276e+06,2.00937e+06,6609.57
3,24,gate_proj,GPU,2.00276e+06,2.00496e+06,2198.91
3,24,Linear,Logic,2.00276e+06,2.00496e+06,2198.91
3,24,activation,Logic,2.00496e+06,2.00497e+06,12.8305
3,24,up_proj,GPU,2.00497e+06,2.00717e+06,2198.91
3,24,Linear,Logic,2.00497e+06,2.00717e+06,2198.91
3,24,down_proj,GPU,2.00717e+06,2.00937e+06,2198.91
3,24,Linear,Logic,2.00717e+06,2.00937e+06,2198.91
3,24,expert_FFN_4,GPU,1.98216e+06,2.00862e+06,26458.4
3,24,gate_proj,GPU,1.98216e+06,1.99096e+06,8800.23
3,24,Linear,GPU,1.98216e+06,1.99096e+06,8800.23
3,24,activation,GPU,1.99096e+06,1.99102e+06,57.7375
3,24,up_proj,GPU,1.99102e+06,1.99982e+06,8800.23
3,24,Linear,GPU,1.99102e+06,1.99982e+06,8800.23
3,24,down_proj,GPU,1.99982e+06,2.00862e+06,8800.23
3,24,Linear,GPU,1.99982e+06,2.00862e+06,8800.23
3,24,expert_FFN_5,GPU,2.00862e+06,2.03513e+06,26518.9
3,24,gate_proj,GPU,2.00862e+06,2.01743e+06,8813.98
3,24,Linear,GPU,2.00862e+06,2.01743e+06,8813.98
3,24,activation,GPU,2.01743e+06,2.01751e+06,76.9833
3,24,up_proj,GPU,2.01751e+06,2.02632e+06,8813.98
3,24,Linear,GPU,2.01751e+06,2.02632e+06,8813.98
3,24,down_proj,GPU,2.02632e+06,2.03513e+06,8813.98
3,24,Linear,GPU,2.02632e+06,2.03513e+06,8813.98
3,24,expert_FFN_6,GPU,2.00937e+06,2.01596e+06,6589.4
3,24,gate_proj,GPU,2.00937e+06,2.01156e+06,2194.33
3,24,Linear,Logic,2.00937e+06,2.01156e+06,2194.33
3,24,activation,Logic,2.01156e+06,2.01157e+06,6.41527
3,24,up_proj,GPU,2.01157e+06,2.01377e+06,2194.33
3,24,Linear,Logic,2.01157e+06,2.01377e+06,2194.33
3,24,down_proj,GPU,2.01377e+06,2.01596e+06,2194.33
3,24,Linear,Logic,2.01377e+06,2.01596e+06,2194.33
3,24,expert_FFN_7,GPU,2.01596e+06,2.02419e+06,8227.59
3,24,gate_proj,GPU,2.01596e+06,2.0187e+06,2737.18
3,24,Linear,Logic,2.01596e+06,2.0187e+06,2737.18
3,24,activation,Logic,2.0187e+06,2.01871e+06,16.0382
3,24,up_proj,GPU,2.01871e+06,2.02145e+06,2737.18
3,24,Linear,Logic,2.01871e+06,2.02145e+06,2737.18
3,24,down_proj,GPU,2.02145e+06,2.02419e+06,2737.18
3,24,Linear,Logic,2.02145e+06,2.02419e+06,2737.18
3,24,sync_2,GPU,2.03513e+06,2.03513e+06,0
3,24,sync__set,GPU,2.03513e+06,2.03513e+06,0
3,24,sync__,GPU,2.03513e+06,2.03513e+06,0
3,24,moe_all_reduce_for_e_tp,GPU,2.03513e+06,2.04037e+06,5236.91
3,24,sync_3,GPU,2.04037e+06,2.04037e+06,0
3,24,sync__set,GPU,2.04037e+06,2.04037e+06,0
3,24,sync__,GPU,2.04037e+06,2.04037e+06,0
3,24,moe_gather,GPU,2.04037e+06,2.04037e+06,0
3,24,sync_for_moe_gather,GPU,2.04037e+06,2.04037e+06,0
3,24,sync__set,GPU,2.04037e+06,2.04037e+06,0
3,24,sync__,GPU,2.04037e+06,2.04037e+06,0
3,24,moe_all_reduce_for_gather,GPU,2.04037e+06,2.04561e+06,5236.91
3,24,sync_5,GPU,2.04561e+06,2.04561e+06,0
3,24,sync__set,GPU,2.04561e+06,2.04561e+06,0
3,24,sync__,GPU,2.04561e+06,2.04561e+06,0
3,24,sync_6,GPU,2.04561e+06,2.04561e+06,0
3,24,sync__set,GPU,2.04561e+06,2.04561e+06,0
3,24,sync__,GPU,2.04561e+06,2.04561e+06,0
3,24,residual_2,GPU,2.04561e+06,2.04577e+06,158.854
3,25,MoE_decoder_25,GPU,2.04577e+06,2.13158e+06,85815.9
3,25,input_layer_norm,GPU,2.04577e+06,2.04593e+06,158.854
3,25,attention,GPU,2.04593e+06,2.06286e+06,16935.9
3,25,attn_qkv_proj,GPU,2.04593e+06,2.04979e+06,3861.38
3,25,Linear,GPU,2.04593e+06,2.04979e+06,3861.38
3,25,self_attention,GPU,2.04979e+06,2.05502e+06,5237.31
3,25,AttentionSplit,GPU,2.04979e+06,2.04979e+06,0
3,25,AttentionSum,GPU,2.04979e+06,2.04979e+06,0
3,25,AttentionGen,Logic,2.04979e+06,2.05502e+06,5237.31
3,25,AttentionMerge,GPU,2.05502e+06,2.05502e+06,0
3,25,attn_o_proj,GPU,2.05502e+06,2.05763e+06,2600.32
3,25,Linear,GPU,2.05502e+06,2.05763e+06,2600.32
3,25,all_reduce,GPU,2.05763e+06,2.06286e+06,5236.91
3,25,residual_1,GPU,2.06286e+06,2.06302e+06,158.854
3,25,post_attn_layer_norm,GPU,2.06302e+06,2.06318e+06,158.854
3,25,expertFFN,GPU,2.06318e+06,2.13142e+06,68244.6
3,25,sync_0,GPU,2.06318e+06,2.06318e+06,0
3,25,sync__set,GPU,2.06318e+06,2.06318e+06,0
3,25,sync__,GPU,2.06318e+06,2.06318e+06,0
3,25,gate_fn,GPU,2.06318e+06,2.06328e+06,97.9093
3,25,Linear,GPU,2.06318e+06,2.06328e+06,97.9093
3,25,gate_update,GPU,2.06328e+06,2.06328e+06,0
3,25,moe_scatter,GPU,2.06328e+06,2.06328e+06,0
3,25,sync_for_moe_scatter,GPU,2.06328e+06,2.06328e+06,0
3,25,sync__set,GPU,2.06328e+06,2.06328e+06,0
3,25,sync__,GPU,2.06328e+06,2.06328e+06,0
3,25,moe_route,GPU,2.06328e+06,2.06328e+06,0
3,25,expert_FFN_0,GPU,2.06328e+06,2.06987e+06,6594.44
3,25,gate_proj,GPU,2.06328e+06,2.06547e+06,2195.47
3,25,Linear,Logic,2.06328e+06,2.06547e+06,2195.47
3,25,activation,Logic,2.06547e+06,2.06548e+06,8.01909
3,25,up_proj,GPU,2.06548e+06,2.06768e+06,2195.47
3,25,Linear,Logic,2.06548e+06,2.06768e+06,2195.47
3,25,down_proj,GPU,2.06768e+06,2.06987e+06,2195.47
3,25,Linear,Logic,2.06768e+06,2.06987e+06,2195.47
3,25,expert_FFN_1,GPU,2.06987e+06,2.07647e+06,6594.44
3,25,gate_proj,GPU,2.06987e+06,2.07207e+06,2195.47
3,25,Linear,Logic,2.06987e+06,2.07207e+06,2195.47
3,25,activation,Logic,2.07207e+06,2.07208e+06,8.01909
3,25,up_proj,GPU,2.07208e+06,2.07427e+06,2195.47
3,25,Linear,Logic,2.07208e+06,2.07427e+06,2195.47
3,25,down_proj,GPU,2.07427e+06,2.07647e+06,2195.47
3,25,Linear,Logic,2.07427e+06,2.07647e+06,2195.47
3,25,expert_FFN_2,GPU,2.07647e+06,2.08308e+06,6609.57
3,25,gate_proj,GPU,2.07647e+06,2.07867e+06,2198.91
3,25,Linear,Logic,2.07647e+06,2.07867e+06,2198.91
3,25,activation,Logic,2.07867e+06,2.07868e+06,12.8305
3,25,up_proj,GPU,2.07868e+06,2.08088e+06,2198.91
3,25,Linear,Logic,2.07868e+06,2.08088e+06,2198.91
3,25,down_proj,GPU,2.08088e+06,2.08308e+06,2198.91
3,25,Linear,Logic,2.08088e+06,2.08308e+06,2198.91
3,25,expert_FFN_3,GPU,2.08308e+06,2.0913e+06,8227.59
3,25,gate_proj,GPU,2.08308e+06,2.08581e+06,2737.18
3,25,Linear,Logic,2.08308e+06,2.08581e+06,2737.18
3,25,activation,Logic,2.08581e+06,2.08583e+06,16.0382
3,25,up_proj,GPU,2.08583e+06,2.08857e+06,2737.18
3,25,Linear,Logic,2.08583e+06,2.08857e+06,2737.18
3,25,down_proj,GPU,2.08857e+06,2.0913e+06,2737.18
3,25,Linear,Logic,2.08857e+06,2.0913e+06,2737.18
3,25,expert_FFN_4,GPU,2.0913e+06,2.09953e+06,8227.59
3,25,gate_proj,GPU,2.0913e+06,2.09404e+06,2737.18
3,25,Linear,Logic,2.0913e+06,2.09404e+06,2737.18
3,25,activation,Logic,2.09404e+06,2.09406e+06,16.0382
3,25,up_proj,GPU,2.09406e+06,2.09679e+06,2737.18
3,25,Linear,Logic,2.09406e+06,2.09679e+06,2737.18
3,25,down_proj,GPU,2.09679e+06,2.09953e+06,2737.18
3,25,Linear,Logic,2.09679e+06,2.09953e+06,2737.18
3,25,expert_FFN_5,GPU,2.09953e+06,2.10694e+06,7404.83
3,25,gate_proj,GPU,2.09953e+06,2.10199e+06,2463.47
3,25,Linear,Logic,2.09953e+06,2.10199e+06,2463.47
3,25,activation,Logic,2.10199e+06,2.10201e+06,14.4344
3,25,up_proj,GPU,2.10201e+06,2.10447e+06,2463.47
3,25,Linear,Logic,2.10201e+06,2.10447e+06,2463.47
3,25,down_proj,GPU,2.10447e+06,2.10694e+06,2463.47
3,25,Linear,Logic,2.10447e+06,2.10694e+06,2463.47
3,25,expert_FFN_6,GPU,2.10694e+06,2.11355e+06,6609.57
3,25,gate_proj,GPU,2.10694e+06,2.10914e+06,2198.91
3,25,Linear,Logic,2.10694e+06,2.10914e+06,2198.91
3,25,activation,Logic,2.10914e+06,2.10915e+06,12.8305
3,25,up_proj,GPU,2.10915e+06,2.11135e+06,2198.91
3,25,Linear,Logic,2.10915e+06,2.11135e+06,2198.91
3,25,down_proj,GPU,2.11135e+06,2.11355e+06,2198.91
3,25,Linear,Logic,2.11135e+06,2.11355e+06,2198.91
3,25,expert_FFN_7,GPU,2.11355e+06,2.12095e+06,7404.83
3,25,gate_proj,GPU,2.11355e+06,2.11601e+06,2463.47
3,25,Linear,Logic,2.11355e+06,2.11601e+06,2463.47
3,25,activation,Logic,2.11601e+06,2.11602e+06,14.4344
3,25,up_proj,GPU,2.11602e+06,2.11849e+06,2463.47
3,25,Linear,Logic,2.11602e+06,2.11849e+06,2463.47
3,25,down_proj,GPU,2.11849e+06,2.12095e+06,2463.47
3,25,Linear,Logic,2.11849e+06,2.12095e+06,2463.47
3,25,sync_2,GPU,2.12095e+06,2.12095e+06,0
3,25,sync__set,GPU,2.12095e+06,2.12095e+06,0
3,25,sync__,GPU,2.12095e+06,2.12095e+06,0
3,25,moe_all_reduce_for_e_tp,GPU,2.12095e+06,2.12619e+06,5236.91
3,25,sync_3,GPU,2.12619e+06,2.12619e+06,0
3,25,sync__set,GPU,2.12619e+06,2.12619e+06,0
3,25,sync__,GPU,2.12619e+06,2.12619e+06,0
3,25,moe_gather,GPU,2.12619e+06,2.12619e+06,0
3,25,sync_for_moe_gather,GPU,2.12619e+06,2.12619e+06,0
3,25,sync__set,GPU,2.12619e+06,2.12619e+06,0
3,25,sync__,GPU,2.12619e+06,2.12619e+06,0
3,25,moe_all_reduce_for_gather,GPU,2.12619e+06,2.13142e+06,5236.91
3,25,sync_5,GPU,2.13142e+06,2.13142e+06,0
3,25,sync__set,GPU,2.13142e+06,2.13142e+06,0
3,25,sync__,GPU,2.13142e+06,2.13142e+06,0
3,25,sync_6,GPU,2.13142e+06,2.13142e+06,0
3,25,sync__set,GPU,2.13142e+06,2.13142e+06,0
3,25,sync__,GPU,2.13142e+06,2.13142e+06,0
3,25,residual_2,GPU,2.13142e+06,2.13158e+06,158.854
3,26,MoE_decoder_26,GPU,2.13158e+06,2.21266e+06,81080.1
3,26,input_layer_norm,GPU,2.13158e+06,2.13174e+06,158.854
3,26,attention,GPU,2.13174e+06,2.14868e+06,16935.9
3,26,attn_qkv_proj,GPU,2.13174e+06,2.1356e+06,3861.38
3,26,Linear,GPU,2.13174e+06,2.1356e+06,3861.38
3,26,self_attention,GPU,2.1356e+06,2.14084e+06,5237.31
3,26,AttentionSplit,GPU,2.1356e+06,2.1356e+06,0
3,26,AttentionSum,GPU,2.1356e+06,2.1356e+06,0
3,26,AttentionGen,Logic,2.1356e+06,2.14084e+06,5237.31
3,26,AttentionMerge,GPU,2.14084e+06,2.14084e+06,0
3,26,attn_o_proj,GPU,2.14084e+06,2.14344e+06,2600.32
3,26,Linear,GPU,2.14084e+06,2.14344e+06,2600.32
3,26,all_reduce,GPU,2.14344e+06,2.14868e+06,5236.91
3,26,residual_1,GPU,2.14868e+06,2.14884e+06,158.854
3,26,post_attn_layer_norm,GPU,2.14884e+06,2.149e+06,158.854
3,26,expertFFN,GPU,2.149e+06,2.2125e+06,63508.7
3,26,sync_0,GPU,2.149e+06,2.149e+06,0
3,26,sync__set,GPU,2.149e+06,2.149e+06,0
3,26,sync__,GPU,2.149e+06,2.149e+06,0
3,26,gate_fn,GPU,2.149e+06,2.14909e+06,97.9093
3,26,Linear,GPU,2.149e+06,2.14909e+06,97.9093
3,26,gate_update,GPU,2.14909e+06,2.14909e+06,0
3,26,moe_scatter,GPU,2.14909e+06,2.14909e+06,0
3,26,sync_for_moe_scatter,GPU,2.14909e+06,2.14909e+06,0
3,26,sync__set,GPU,2.14909e+06,2.14909e+06,0
3,26,sync__,GPU,2.14909e+06,2.14909e+06,0
3,26,moe_route,GPU,2.14909e+06,2.14909e+06,0
3,26,expert_FFN_0,GPU,2.14909e+06,2.15814e+06,9050.35
3,26,gate_proj,GPU,2.14909e+06,2.1521e+06,3010.9
3,26,Linear,Logic,2.14909e+06,2.1521e+06,3010.9
3,26,activation,Logic,2.1521e+06,2.15212e+06,17.642
3,26,up_proj,GPU,2.15212e+06,2.15513e+06,3010.9
3,26,Linear,Logic,2.15212e+06,2.15513e+06,3010.9
3,26,down_proj,GPU,2.15513e+06,2.15814e+06,3010.9
3,26,Linear,Logic,2.15513e+06,2.15814e+06,3010.9
3,26,expert_FFN_1,GPU,2.15814e+06,2.16475e+06,6604.53
3,26,gate_proj,GPU,2.15814e+06,2.16034e+06,2197.77
3,26,Linear,Logic,2.15814e+06,2.16034e+06,2197.77
3,26,activation,Logic,2.16034e+06,2.16035e+06,11.2267
3,26,up_proj,GPU,2.16035e+06,2.16255e+06,2197.77
3,26,Linear,Logic,2.16035e+06,2.16255e+06,2197.77
3,26,down_proj,GPU,2.16255e+06,2.16475e+06,2197.77
3,26,Linear,Logic,2.16255e+06,2.16475e+06,2197.77
3,26,expert_FFN_2,GPU,2.16475e+06,2.17215e+06,7404.83
3,26,gate_proj,GPU,2.16475e+06,2.16721e+06,2463.47
3,26,Linear,Logic,2.16475e+06,2.16721e+06,2463.47
3,26,activation,Logic,2.16721e+06,2.16723e+06,14.4344
3,26,up_proj,GPU,2.16723e+06,2.16969e+06,2463.47
3,26,Linear,Logic,2.16723e+06,2.16969e+06,2463.47
3,26,down_proj,GPU,2.16969e+06,2.17215e+06,2463.47
3,26,Linear,Logic,2.16969e+06,2.17215e+06,2463.47
3,26,expert_FFN_3,GPU,2.17215e+06,2.17874e+06,6584.36
3,26,gate_proj,GPU,2.17215e+06,2.17435e+06,2193.18
3,26,Linear,Logic,2.17215e+06,2.17435e+06,2193.18
3,26,activation,Logic,2.17435e+06,2.17435e+06,4.81146
3,26,up_proj,GPU,2.17435e+06,2.17654e+06,2193.18
3,26,Linear,Logic,2.17435e+06,2.17654e+06,2193.18
3,26,down_proj,GPU,2.17654e+06,2.17874e+06,2193.18
3,26,Linear,Logic,2.17654e+06,2.17874e+06,2193.18
3,26,expert_FFN_4,GPU,2.14909e+06,2.17559e+06,26498.7
3,26,gate_proj,GPU,2.14909e+06,2.1579e+06,8809.39
3,26,Linear,GPU,2.14909e+06,2.1579e+06,8809.39
3,26,activation,GPU,2.1579e+06,2.15797e+06,70.568
3,26,up_proj,GPU,2.15797e+06,2.16678e+06,8809.39
3,26,Linear,GPU,2.15797e+06,2.16678e+06,8809.39
3,26,down_proj,GPU,2.16678e+06,2.17559e+06,8809.39
3,26,Linear,GPU,2.16678e+06,2.17559e+06,8809.39
3,26,expert_FFN_5,GPU,2.17559e+06,2.20203e+06,26438.3
3,26,gate_proj,GPU,2.17559e+06,2.18439e+06,8795.65
3,26,Linear,GPU,2.17559e+06,2.18439e+06,8795.65
3,26,activation,GPU,2.18439e+06,2.18444e+06,51.3222
3,26,up_proj,GPU,2.18444e+06,2.19323e+06,8795.65
3,26,Linear,GPU,2.18444e+06,2.19323e+06,8795.65
3,26,down_proj,GPU,2.19323e+06,2.20203e+06,8795.65
3,26,Linear,GPU,2.19323e+06,2.20203e+06,8795.65
3,26,expert_FFN_6,GPU,2.17874e+06,2.18697e+06,8227.59
3,26,gate_proj,GPU,2.17874e+06,2.18147e+06,2737.18
3,26,Linear,Logic,2.17874e+06,2.18147e+06,2737.18
3,26,activation,Logic,2.18147e+06,2.18149e+06,16.0382
3,26,up_proj,GPU,2.18149e+06,2.18423e+06,2737.18
3,26,Linear,Logic,2.18149e+06,2.18423e+06,2737.18
3,26,down_proj,GPU,2.18423e+06,2.18697e+06,2737.18
3,26,Linear,Logic,2.18423e+06,2.18697e+06,2737.18
3,26,expert_FFN_7,GPU,2.18697e+06,2.19356e+06,6594.44
3,26,gate_proj,GPU,2.18697e+06,2.18916e+06,2195.47
3,26,Linear,Logic,2.18697e+06,2.18916e+06,2195.47
3,26,activation,Logic,2.18916e+06,2.18917e+06,8.01909
3,26,up_proj,GPU,2.18917e+06,2.19136e+06,2195.47
3,26,Linear,Logic,2.18917e+06,2.19136e+06,2195.47
3,26,down_proj,GPU,2.19136e+06,2.19356e+06,2195.47
3,26,Linear,Logic,2.19136e+06,2.19356e+06,2195.47
3,26,sync_2,GPU,2.20203e+06,2.20203e+06,0
3,26,sync__set,GPU,2.20203e+06,2.20203e+06,0
3,26,sync__,GPU,2.20203e+06,2.20203e+06,0
3,26,moe_all_reduce_for_e_tp,GPU,2.20203e+06,2.20727e+06,5236.91
3,26,sync_3,GPU,2.20727e+06,2.20727e+06,0
3,26,sync__set,GPU,2.20727e+06,2.20727e+06,0
3,26,sync__,GPU,2.20727e+06,2.20727e+06,0
3,26,moe_gather,GPU,2.20727e+06,2.20727e+06,0
3,26,sync_for_moe_gather,GPU,2.20727e+06,2.20727e+06,0
3,26,sync__set,GPU,2.20727e+06,2.20727e+06,0
3,26,sync__,GPU,2.20727e+06,2.20727e+06,0
3,26,moe_all_reduce_for_gather,GPU,2.20727e+06,2.2125e+06,5236.91
3,26,sync_5,GPU,2.2125e+06,2.2125e+06,0
3,26,sync__set,GPU,2.2125e+06,2.2125e+06,0
3,26,sync__,GPU,2.2125e+06,2.2125e+06,0
3,26,sync_6,GPU,2.2125e+06,2.2125e+06,0
3,26,sync__set,GPU,2.2125e+06,2.2125e+06,0
3,26,sync__,GPU,2.2125e+06,2.2125e+06,0
3,26,residual_2,GPU,2.2125e+06,2.21266e+06,158.854
3,27,MoE_decoder_27,GPU,2.21266e+06,2.29372e+06,81059.9
3,27,input_layer_norm,GPU,2.21266e+06,2.21282e+06,158.854
3,27,attention,GPU,2.21282e+06,2.22976e+06,16935.9
3,27,attn_qkv_proj,GPU,2.21282e+06,2.21668e+06,3861.38
3,27,Linear,GPU,2.21282e+06,2.21668e+06,3861.38
3,27,self_attention,GPU,2.21668e+06,2.22192e+06,5237.31
3,27,AttentionSplit,GPU,2.21668e+06,2.21668e+06,0
3,27,AttentionSum,GPU,2.21668e+06,2.21668e+06,0
3,27,AttentionGen,Logic,2.21668e+06,2.22192e+06,5237.31
3,27,AttentionMerge,GPU,2.22192e+06,2.22192e+06,0
3,27,attn_o_proj,GPU,2.22192e+06,2.22452e+06,2600.32
3,27,Linear,GPU,2.22192e+06,2.22452e+06,2600.32
3,27,all_reduce,GPU,2.22452e+06,2.22976e+06,5236.91
3,27,residual_1,GPU,2.22976e+06,2.22992e+06,158.854
3,27,post_attn_layer_norm,GPU,2.22992e+06,2.23008e+06,158.854
3,27,expertFFN,GPU,2.23008e+06,2.29356e+06,63488.6
3,27,sync_0,GPU,2.23008e+06,2.23008e+06,0
3,27,sync__set,GPU,2.23008e+06,2.23008e+06,0
3,27,sync__,GPU,2.23008e+06,2.23008e+06,0
3,27,gate_fn,GPU,2.23008e+06,2.23017e+06,97.9093
3,27,Linear,GPU,2.23008e+06,2.23017e+06,97.9093
3,27,gate_update,GPU,2.23017e+06,2.23017e+06,0
3,27,moe_scatter,GPU,2.23017e+06,2.23017e+06,0
3,27,sync_for_moe_scatter,GPU,2.23017e+06,2.23017e+06,0
3,27,sync__set,GPU,2.23017e+06,2.23017e+06,0
3,27,sync__,GPU,2.23017e+06,2.23017e+06,0
3,27,moe_route,GPU,2.23017e+06,2.23017e+06,0
3,27,expert_FFN_0,GPU,2.23017e+06,2.23678e+06,6609.57
3,27,gate_proj,GPU,2.23017e+06,2.23237e+06,2198.91
3,27,Linear,Logic,2.23017e+06,2.23237e+06,2198.91
3,27,activation,Logic,2.23237e+06,2.23239e+06,12.8305
3,27,up_proj,GPU,2.23239e+06,2.23458e+06,2198.91
3,27,Linear,Logic,2.23239e+06,2.23458e+06,2198.91
3,27,down_proj,GPU,2.23458e+06,2.23678e+06,2198.91
3,27,Linear,Logic,2.23458e+06,2.23678e+06,2198.91
3,27,expert_FFN_1,GPU,2.23678e+06,2.24339e+06,6604.53
3,27,gate_proj,GPU,2.23678e+06,2.23898e+06,2197.77
3,27,Linear,Logic,2.23678e+06,2.23898e+06,2197.77
3,27,activation,Logic,2.23898e+06,2.23899e+06,11.2267
3,27,up_proj,GPU,2.23899e+06,2.24119e+06,2197.77
3,27,Linear,Logic,2.23899e+06,2.24119e+06,2197.77
3,27,down_proj,GPU,2.24119e+06,2.24339e+06,2197.77
3,27,Linear,Logic,2.24119e+06,2.24339e+06,2197.77
3,27,expert_FFN_2,GPU,2.24339e+06,2.24999e+06,6604.53
3,27,gate_proj,GPU,2.24339e+06,2.24559e+06,2197.77
3,27,Linear,Logic,2.24339e+06,2.24559e+06,2197.77
3,27,activation,Logic,2.24559e+06,2.2456e+06,11.2267
3,27,up_proj,GPU,2.2456e+06,2.24779e+06,2197.77
3,27,Linear,Logic,2.2456e+06,2.24779e+06,2197.77
3,27,down_proj,GPU,2.24779e+06,2.24999e+06,2197.77
3,27,Linear,Logic,2.24779e+06,2.24999e+06,2197.77
3,27,expert_FFN_3,GPU,2.24999e+06,2.2566e+06,6604.53
3,27,gate_proj,GPU,2.24999e+06,2.25219e+06,2197.77
3,27,Linear,Logic,2.24999e+06,2.25219e+06,2197.77
3,27,activation,Logic,2.25219e+06,2.2522e+06,11.2267
3,27,up_proj,GPU,2.2522e+06,2.2544e+06,2197.77
3,27,Linear,Logic,2.2522e+06,2.2544e+06,2197.77
3,27,down_proj,GPU,2.2544e+06,2.2566e+06,2197.77
3,27,Linear,Logic,2.2544e+06,2.2566e+06,2197.77
3,27,expert_FFN_4,GPU,2.2566e+06,2.26482e+06,8227.59
3,27,gate_proj,GPU,2.2566e+06,2.25933e+06,2737.18
3,27,Linear,Logic,2.2566e+06,2.25933e+06,2737.18
3,27,activation,Logic,2.25933e+06,2.25935e+06,16.0382
3,27,up_proj,GPU,2.25935e+06,2.26209e+06,2737.18
3,27,Linear,Logic,2.25935e+06,2.26209e+06,2737.18
3,27,down_proj,GPU,2.26209e+06,2.26482e+06,2737.18
3,27,Linear,Logic,2.26209e+06,2.26482e+06,2737.18
3,27,expert_FFN_5,GPU,2.26482e+06,2.27143e+06,6604.53
3,27,gate_proj,GPU,2.26482e+06,2.26702e+06,2197.77
3,27,Linear,Logic,2.26482e+06,2.26702e+06,2197.77
3,27,activation,Logic,2.26702e+06,2.26703e+06,11.2267
3,27,up_proj,GPU,2.26703e+06,2.26923e+06,2197.77
3,27,Linear,Logic,2.26703e+06,2.26923e+06,2197.77
3,27,down_proj,GPU,2.26923e+06,2.27143e+06,2197.77
3,27,Linear,Logic,2.26923e+06,2.27143e+06,2197.77
3,27,expert_FFN_6,GPU,2.23017e+06,2.25667e+06,26498.7
3,27,gate_proj,GPU,2.23017e+06,2.23898e+06,8809.39
3,27,Linear,GPU,2.23017e+06,2.23898e+06,8809.39
3,27,activation,GPU,2.23898e+06,2.23905e+06,70.568
3,27,up_proj,GPU,2.23905e+06,2.24786e+06,8809.39
3,27,Linear,GPU,2.23905e+06,2.24786e+06,8809.39
3,27,down_proj,GPU,2.24786e+06,2.25667e+06,8809.39
3,27,Linear,GPU,2.24786e+06,2.25667e+06,8809.39
3,27,expert_FFN_7,GPU,2.25667e+06,2.28309e+06,26418.1
3,27,gate_proj,GPU,2.25667e+06,2.26546e+06,8791.06
3,27,Linear,GPU,2.25667e+06,2.26546e+06,8791.06
3,27,activation,GPU,2.26546e+06,2.26551e+06,44.9069
3,27,up_proj,GPU,2.26551e+06,2.2743e+06,8791.06
3,27,Linear,GPU,2.26551e+06,2.2743e+06,8791.06
3,27,down_proj,GPU,2.2743e+06,2.28309e+06,8791.06
3,27,Linear,GPU,2.2743e+06,2.28309e+06,8791.06
3,27,sync_2,GPU,2.28309e+06,2.28309e+06,0
3,27,sync__set,GPU,2.28309e+06,2.28309e+06,0
3,27,sync__,GPU,2.28309e+06,2.28309e+06,0
3,27,moe_all_reduce_for_e_tp,GPU,2.28309e+06,2.28833e+06,5236.91
3,27,sync_3,GPU,2.28833e+06,2.28833e+06,0
3,27,sync__set,GPU,2.28833e+06,2.28833e+06,0
3,27,sync__,GPU,2.28833e+06,2.28833e+06,0
3,27,moe_gather,GPU,2.28833e+06,2.28833e+06,0
3,27,sync_for_moe_gather,GPU,2.28833e+06,2.28833e+06,0
3,27,sync__set,GPU,2.28833e+06,2.28833e+06,0
3,27,sync__,GPU,2.28833e+06,2.28833e+06,0
3,27,moe_all_reduce_for_gather,GPU,2.28833e+06,2.29356e+06,5236.91
3,27,sync_5,GPU,2.29356e+06,2.29356e+06,0
3,27,sync__set,GPU,2.29356e+06,2.29356e+06,0
3,27,sync__,GPU,2.29356e+06,2.29356e+06,0
3,27,sync_6,GPU,2.29356e+06,2.29356e+06,0
3,27,sync__set,GPU,2.29356e+06,2.29356e+06,0
3,27,sync__,GPU,2.29356e+06,2.29356e+06,0
3,27,residual_2,GPU,2.29356e+06,2.29372e+06,158.854
3,28,MoE_decoder_28,GPU,2.29372e+06,2.37482e+06,81100.2
3,28,input_layer_norm,GPU,2.29372e+06,2.29388e+06,158.854
3,28,attention,GPU,2.29388e+06,2.31082e+06,16935.9
3,28,attn_qkv_proj,GPU,2.29388e+06,2.29774e+06,3861.38
3,28,Linear,GPU,2.29388e+06,2.29774e+06,3861.38
3,28,self_attention,GPU,2.29774e+06,2.30298e+06,5237.31
3,28,AttentionSplit,GPU,2.29774e+06,2.29774e+06,0
3,28,AttentionSum,GPU,2.29774e+06,2.29774e+06,0
3,28,AttentionGen,Logic,2.29774e+06,2.30298e+06,5237.31
3,28,AttentionMerge,GPU,2.30298e+06,2.30298e+06,0
3,28,attn_o_proj,GPU,2.30298e+06,2.30558e+06,2600.32
3,28,Linear,GPU,2.30298e+06,2.30558e+06,2600.32
3,28,all_reduce,GPU,2.30558e+06,2.31082e+06,5236.91
3,28,residual_1,GPU,2.31082e+06,2.31098e+06,158.854
3,28,post_attn_layer_norm,GPU,2.31098e+06,2.31114e+06,158.854
3,28,expertFFN,GPU,2.31114e+06,2.37466e+06,63528.9
3,28,sync_0,GPU,2.31114e+06,2.31114e+06,0
3,28,sync__set,GPU,2.31114e+06,2.31114e+06,0
3,28,sync__,GPU,2.31114e+06,2.31114e+06,0
3,28,gate_fn,GPU,2.31114e+06,2.31123e+06,97.9093
3,28,Linear,GPU,2.31114e+06,2.31123e+06,97.9093
3,28,gate_update,GPU,2.31123e+06,2.31123e+06,0
3,28,moe_scatter,GPU,2.31123e+06,2.31123e+06,0
3,28,sync_for_moe_scatter,GPU,2.31123e+06,2.31123e+06,0
3,28,sync__set,GPU,2.31123e+06,2.31123e+06,0
3,28,sync__,GPU,2.31123e+06,2.31123e+06,0
3,28,moe_route,GPU,2.31123e+06,2.31123e+06,0
3,28,expert_FFN_0,GPU,2.31123e+06,2.33773e+06,26498.7
3,28,gate_proj,GPU,2.31123e+06,2.32004e+06,8809.39
3,28,Linear,GPU,2.31123e+06,2.32004e+06,8809.39
3,28,activation,GPU,2.32004e+06,2.32011e+06,70.568
3,28,up_proj,GPU,2.32011e+06,2.32892e+06,8809.39
3,28,Linear,GPU,2.32011e+06,2.32892e+06,8809.39
3,28,down_proj,GPU,2.32892e+06,2.33773e+06,8809.39
3,28,Linear,GPU,2.32892e+06,2.33773e+06,8809.39
3,28,expert_FFN_1,GPU,2.33773e+06,2.36419e+06,26458.4
3,28,gate_proj,GPU,2.33773e+06,2.34653e+06,8800.23
3,28,Linear,GPU,2.33773e+06,2.34653e+06,8800.23
3,28,activation,GPU,2.34653e+06,2.34659e+06,57.7375
3,28,up_proj,GPU,2.34659e+06,2.35539e+06,8800.23
3,28,Linear,GPU,2.34659e+06,2.35539e+06,8800.23
3,28,down_proj,GPU,2.35539e+06,2.36419e+06,8800.23
3,28,Linear,GPU,2.35539e+06,2.36419e+06,8800.23
3,28,expert_FFN_2,GPU,2.31123e+06,2.31864e+06,7404.83
3,28,gate_proj,GPU,2.31123e+06,2.3137e+06,2463.47
3,28,Linear,Logic,2.31123e+06,2.3137e+06,2463.47
3,28,activation,Logic,2.3137e+06,2.31371e+06,14.4344
3,28,up_proj,GPU,2.31371e+06,2.31617e+06,2463.47
3,28,Linear,Logic,2.31371e+06,2.31617e+06,2463.47
3,28,down_proj,GPU,2.31617e+06,2.31864e+06,2463.47
3,28,Linear,Logic,2.31617e+06,2.31864e+06,2463.47
3,28,expert_FFN_3,GPU,2.31864e+06,2.32604e+06,7404.83
3,28,gate_proj,GPU,2.31864e+06,2.3211e+06,2463.47
3,28,Linear,Logic,2.31864e+06,2.3211e+06,2463.47
3,28,activation,Logic,2.3211e+06,2.32112e+06,14.4344
3,28,up_proj,GPU,2.32112e+06,2.32358e+06,2463.47
3,28,Linear,Logic,2.32112e+06,2.32358e+06,2463.47
3,28,down_proj,GPU,2.32358e+06,2.32604e+06,2463.47
3,28,Linear,Logic,2.32358e+06,2.32604e+06,2463.47
3,28,expert_FFN_4,GPU,2.32604e+06,2.33265e+06,6604.53
3,28,gate_proj,GPU,2.32604e+06,2.32824e+06,2197.77
3,28,Linear,Logic,2.32604e+06,2.32824e+06,2197.77
3,28,activation,Logic,2.32824e+06,2.32825e+06,11.2267
3,28,up_proj,GPU,2.32825e+06,2.33045e+06,2197.77
3,28,Linear,Logic,2.32825e+06,2.33045e+06,2197.77
3,28,down_proj,GPU,2.33045e+06,2.33265e+06,2197.77
3,28,Linear,Logic,2.33045e+06,2.33265e+06,2197.77
3,28,expert_FFN_5,GPU,2.33265e+06,2.33926e+06,6609.57
3,28,gate_proj,GPU,2.33265e+06,2.33485e+06,2198.91
3,28,Linear,Logic,2.33265e+06,2.33485e+06,2198.91
3,28,activation,Logic,2.33485e+06,2.33486e+06,12.8305
3,28,up_proj,GPU,2.33486e+06,2.33706e+06,2198.91
3,28,Linear,Logic,2.33486e+06,2.33706e+06,2198.91
3,28,down_proj,GPU,2.33706e+06,2.33926e+06,2198.91
3,28,Linear,Logic,2.33706e+06,2.33926e+06,2198.91
3,28,expert_FFN_6,GPU,2.33926e+06,2.34585e+06,6589.4
3,28,gate_proj,GPU,2.33926e+06,2.34145e+06,2194.33
3,28,Linear,Logic,2.33926e+06,2.34145e+06,2194.33
3,28,activation,Logic,2.34145e+06,2.34146e+06,6.41527
3,28,up_proj,GPU,2.34146e+06,2.34365e+06,2194.33
3,28,Linear,Logic,2.34146e+06,2.34365e+06,2194.33
3,28,down_proj,GPU,2.34365e+06,2.34585e+06,2194.33
3,28,Linear,Logic,2.34365e+06,2.34585e+06,2194.33
3,28,expert_FFN_7,GPU,2.34585e+06,2.35245e+06,6604.53
3,28,gate_proj,GPU,2.34585e+06,2.34804e+06,2197.77
3,28,Linear,Logic,2.34585e+06,2.34804e+06,2197.77
3,28,activation,Logic,2.34804e+06,2.34806e+06,11.2267
3,28,up_proj,GPU,2.34806e+06,2.35025e+06,2197.77
3,28,Linear,Logic,2.34806e+06,2.35025e+06,2197.77
3,28,down_proj,GPU,2.35025e+06,2.35245e+06,2197.77
3,28,Linear,Logic,2.35025e+06,2.35245e+06,2197.77
3,28,sync_2,GPU,2.36419e+06,2.36419e+06,0
3,28,sync__set,GPU,2.36419e+06,2.36419e+06,0
3,28,sync__,GPU,2.36419e+06,2.36419e+06,0
3,28,moe_all_reduce_for_e_tp,GPU,2.36419e+06,2.36943e+06,5236.91
3,28,sync_3,GPU,2.36943e+06,2.36943e+06,0
3,28,sync__set,GPU,2.36943e+06,2.36943e+06,0
3,28,sync__,GPU,2.36943e+06,2.36943e+06,0
3,28,moe_gather,GPU,2.36943e+06,2.36943e+06,0
3,28,sync_for_moe_gather,GPU,2.36943e+06,2.36943e+06,0
3,28,sync__set,GPU,2.36943e+06,2.36943e+06,0
3,28,sync__,GPU,2.36943e+06,2.36943e+06,0
3,28,moe_all_reduce_for_gather,GPU,2.36943e+06,2.37466e+06,5236.91
3,28,sync_5,GPU,2.37466e+06,2.37466e+06,0
3,28,sync__set,GPU,2.37466e+06,2.37466e+06,0
3,28,sync__,GPU,2.37466e+06,2.37466e+06,0
3,28,sync_6,GPU,2.37466e+06,2.37466e+06,0
3,28,sync__set,GPU,2.37466e+06,2.37466e+06,0
3,28,sync__,GPU,2.37466e+06,2.37466e+06,0
3,28,residual_2,GPU,2.37466e+06,2.37482e+06,158.854
3,29,MoE_decoder_29,GPU,2.37482e+06,2.4559e+06,81080.1
3,29,input_layer_norm,GPU,2.37482e+06,2.37498e+06,158.854
3,29,attention,GPU,2.37498e+06,2.39192e+06,16935.9
3,29,attn_qkv_proj,GPU,2.37498e+06,2.37884e+06,3861.38
3,29,Linear,GPU,2.37498e+06,2.37884e+06,3861.38
3,29,self_attention,GPU,2.37884e+06,2.38408e+06,5237.31
3,29,AttentionSplit,GPU,2.37884e+06,2.37884e+06,0
3,29,AttentionSum,GPU,2.37884e+06,2.37884e+06,0
3,29,AttentionGen,Logic,2.37884e+06,2.38408e+06,5237.31
3,29,AttentionMerge,GPU,2.38408e+06,2.38408e+06,0
3,29,attn_o_proj,GPU,2.38408e+06,2.38668e+06,2600.32
3,29,Linear,GPU,2.38408e+06,2.38668e+06,2600.32
3,29,all_reduce,GPU,2.38668e+06,2.39192e+06,5236.91
3,29,residual_1,GPU,2.39192e+06,2.39208e+06,158.854
3,29,post_attn_layer_norm,GPU,2.39208e+06,2.39224e+06,158.854
3,29,expertFFN,GPU,2.39224e+06,2.45574e+06,63508.7
3,29,sync_0,GPU,2.39224e+06,2.39224e+06,0
3,29,sync__set,GPU,2.39224e+06,2.39224e+06,0
3,29,sync__,GPU,2.39224e+06,2.39224e+06,0
3,29,gate_fn,GPU,2.39224e+06,2.39233e+06,97.9093
3,29,Linear,GPU,2.39224e+06,2.39233e+06,97.9093
3,29,gate_update,GPU,2.39233e+06,2.39233e+06,0
3,29,moe_scatter,GPU,2.39233e+06,2.39233e+06,0
3,29,sync_for_moe_scatter,GPU,2.39233e+06,2.39233e+06,0
3,29,sync__set,GPU,2.39233e+06,2.39233e+06,0
3,29,sync__,GPU,2.39233e+06,2.39233e+06,0
3,29,moe_route,GPU,2.39233e+06,2.39233e+06,0
3,29,expert_FFN_0,GPU,2.39233e+06,2.39894e+06,6609.57
3,29,gate_proj,GPU,2.39233e+06,2.39453e+06,2198.91
3,29,Linear,Logic,2.39233e+06,2.39453e+06,2198.91
3,29,activation,Logic,2.39453e+06,2.39455e+06,12.8305
3,29,up_proj,GPU,2.39455e+06,2.39674e+06,2198.91
3,29,Linear,Logic,2.39455e+06,2.39674e+06,2198.91
3,29,down_proj,GPU,2.39674e+06,2.39894e+06,2198.91
3,29,Linear,Logic,2.39674e+06,2.39894e+06,2198.91
3,29,expert_FFN_1,GPU,2.39894e+06,2.40635e+06,7404.83
3,29,gate_proj,GPU,2.39894e+06,2.40141e+06,2463.47
3,29,Linear,Logic,2.39894e+06,2.40141e+06,2463.47
3,29,activation,Logic,2.40141e+06,2.40142e+06,14.4344
3,29,up_proj,GPU,2.40142e+06,2.40388e+06,2463.47
3,29,Linear,Logic,2.40142e+06,2.40388e+06,2463.47
3,29,down_proj,GPU,2.40388e+06,2.40635e+06,2463.47
3,29,Linear,Logic,2.40388e+06,2.40635e+06,2463.47
3,29,expert_FFN_2,GPU,2.39233e+06,2.41883e+06,26498.7
3,29,gate_proj,GPU,2.39233e+06,2.40114e+06,8809.39
3,29,Linear,GPU,2.39233e+06,2.40114e+06,8809.39
3,29,activation,GPU,2.40114e+06,2.40121e+06,70.568
3,29,up_proj,GPU,2.40121e+06,2.41002e+06,8809.39
3,29,Linear,GPU,2.40121e+06,2.41002e+06,8809.39
3,29,down_proj,GPU,2.41002e+06,2.41883e+06,8809.39
3,29,Linear,GPU,2.41002e+06,2.41883e+06,8809.39
3,29,expert_FFN_3,GPU,2.41883e+06,2.44527e+06,26438.3
3,29,gate_proj,GPU,2.41883e+06,2.42763e+06,8795.65
3,29,Linear,GPU,2.41883e+06,2.42763e+06,8795.65
3,29,activation,GPU,2.42763e+06,2.42768e+06,51.3222
3,29,up_proj,GPU,2.42768e+06,2.43648e+06,8795.65
3,29,Linear,GPU,2.42768e+06,2.43648e+06,8795.65
3,29,down_proj,GPU,2.43648e+06,2.44527e+06,8795.65
3,29,Linear,GPU,2.43648e+06,2.44527e+06,8795.65
3,29,expert_FFN_4,GPU,2.40635e+06,2.41295e+06,6599.48
3,29,gate_proj,GPU,2.40635e+06,2.40854e+06,2196.62
3,29,Linear,Logic,2.40635e+06,2.40854e+06,2196.62
3,29,activation,Logic,2.40854e+06,2.40855e+06,9.62291
3,29,up_proj,GPU,2.40855e+06,2.41075e+06,2196.62
3,29,Linear,Logic,2.40855e+06,2.41075e+06,2196.62
3,29,down_proj,GPU,2.41075e+06,2.41295e+06,2196.62
3,29,Linear,Logic,2.41075e+06,2.41295e+06,2196.62
3,29,expert_FFN_5,GPU,2.41295e+06,2.42118e+06,8227.59
3,29,gate_proj,GPU,2.41295e+06,2.41568e+06,2737.18
3,29,Linear,Logic,2.41295e+06,2.41568e+06,2737.18
3,29,activation,Logic,2.41568e+06,2.4157e+06,16.0382
3,29,up_proj,GPU,2.4157e+06,2.41844e+06,2737.18
3,29,Linear,Logic,2.4157e+06,2.41844e+06,2737.18
3,29,down_proj,GPU,2.41844e+06,2.42118e+06,2737.18
3,29,Linear,Logic,2.41844e+06,2.42118e+06,2737.18
3,29,expert_FFN_6,GPU,2.42118e+06,2.42778e+06,6609.57
3,29,gate_proj,GPU,2.42118e+06,2.42337e+06,2198.91
3,29,Linear,Logic,2.42118e+06,2.42337e+06,2198.91
3,29,activation,Logic,2.42337e+06,2.42339e+06,12.8305
3,29,up_proj,GPU,2.42339e+06,2.42559e+06,2198.91
3,29,Linear,Logic,2.42339e+06,2.42559e+06,2198.91
3,29,down_proj,GPU,2.42559e+06,2.42778e+06,2198.91
3,29,Linear,Logic,2.42559e+06,2.42778e+06,2198.91
3,29,expert_FFN_7,GPU,2.42778e+06,2.43437e+06,6589.4
3,29,gate_proj,GPU,2.42778e+06,2.42998e+06,2194.33
3,29,Linear,Logic,2.42778e+06,2.42998e+06,2194.33
3,29,activation,Logic,2.42998e+06,2.42999e+06,6.41527
3,29,up_proj,GPU,2.42999e+06,2.43218e+06,2194.33
3,29,Linear,Logic,2.42999e+06,2.43218e+06,2194.33
3,29,down_proj,GPU,2.43218e+06,2.43437e+06,2194.33
3,29,Linear,Logic,2.43218e+06,2.43437e+06,2194.33
3,29,sync_2,GPU,2.44527e+06,2.44527e+06,0
3,29,sync__set,GPU,2.44527e+06,2.44527e+06,0
3,29,sync__,GPU,2.44527e+06,2.44527e+06,0
3,29,moe_all_reduce_for_e_tp,GPU,2.44527e+06,2.45051e+06,5236.91
3,29,sync_3,GPU,2.45051e+06,2.45051e+06,0
3,29,sync__set,GPU,2.45051e+06,2.45051e+06,0
3,29,sync__,GPU,2.45051e+06,2.45051e+06,0
3,29,moe_gather,GPU,2.45051e+06,2.45051e+06,0
3,29,sync_for_moe_gather,GPU,2.45051e+06,2.45051e+06,0
3,29,sync__set,GPU,2.45051e+06,2.45051e+06,0
3,29,sync__,GPU,2.45051e+06,2.45051e+06,0
3,29,moe_all_reduce_for_gather,GPU,2.45051e+06,2.45574e+06,5236.91
3,29,sync_5,GPU,2.45574e+06,2.45574e+06,0
3,29,sync__set,GPU,2.45574e+06,2.45574e+06,0
3,29,sync__,GPU,2.45574e+06,2.45574e+06,0
3,29,sync_6,GPU,2.45574e+06,2.45574e+06,0
3,29,sync__set,GPU,2.45574e+06,2.45574e+06,0
3,29,sync__,GPU,2.45574e+06,2.45574e+06,0
3,29,residual_2,GPU,2.45574e+06,2.4559e+06,158.854
3,30,MoE_decoder_30,GPU,2.4559e+06,2.53702e+06,81120.4
3,30,input_layer_norm,GPU,2.4559e+06,2.45606e+06,158.854
3,30,attention,GPU,2.45606e+06,2.473e+06,16935.9
3,30,attn_qkv_proj,GPU,2.45606e+06,2.45992e+06,3861.38
3,30,Linear,GPU,2.45606e+06,2.45992e+06,3861.38
3,30,self_attention,GPU,2.45992e+06,2.46516e+06,5237.31
3,30,AttentionSplit,GPU,2.45992e+06,2.45992e+06,0
3,30,AttentionSum,GPU,2.45992e+06,2.45992e+06,0
3,30,AttentionGen,Logic,2.45992e+06,2.46516e+06,5237.31
3,30,AttentionMerge,GPU,2.46516e+06,2.46516e+06,0
3,30,attn_o_proj,GPU,2.46516e+06,2.46776e+06,2600.32
3,30,Linear,GPU,2.46516e+06,2.46776e+06,2600.32
3,30,all_reduce,GPU,2.46776e+06,2.473e+06,5236.91
3,30,residual_1,GPU,2.473e+06,2.47316e+06,158.854
3,30,post_attn_layer_norm,GPU,2.47316e+06,2.47332e+06,158.854
3,30,expertFFN,GPU,2.47332e+06,2.53687e+06,63549.1
3,30,sync_0,GPU,2.47332e+06,2.47332e+06,0
3,30,sync__set,GPU,2.47332e+06,2.47332e+06,0
3,30,sync__,GPU,2.47332e+06,2.47332e+06,0
3,30,gate_fn,GPU,2.47332e+06,2.47341e+06,97.9093
3,30,Linear,GPU,2.47332e+06,2.47341e+06,97.9093
3,30,gate_update,GPU,2.47341e+06,2.47341e+06,0
3,30,moe_scatter,GPU,2.47341e+06,2.47341e+06,0
3,30,sync_for_moe_scatter,GPU,2.47341e+06,2.47341e+06,0
3,30,sync__set,GPU,2.47341e+06,2.47341e+06,0
3,30,sync__,GPU,2.47341e+06,2.47341e+06,0
3,30,moe_route,GPU,2.47341e+06,2.47341e+06,0
3,30,expert_FFN_0,GPU,2.47341e+06,2.48e+06,6589.4
3,30,gate_proj,GPU,2.47341e+06,2.47561e+06,2194.33
3,30,Linear,Logic,2.47341e+06,2.47561e+06,2194.33
3,30,activation,Logic,2.47561e+06,2.47561e+06,6.41527
3,30,up_proj,GPU,2.47561e+06,2.47781e+06,2194.33
3,30,Linear,Logic,2.47561e+06,2.47781e+06,2194.33
3,30,down_proj,GPU,2.47781e+06,2.48e+06,2194.33
3,30,Linear,Logic,2.47781e+06,2.48e+06,2194.33
3,30,expert_FFN_1,GPU,2.48e+06,2.48661e+06,6609.57
3,30,gate_proj,GPU,2.48e+06,2.4822e+06,2198.91
3,30,Linear,Logic,2.48e+06,2.4822e+06,2198.91
3,30,activation,Logic,2.4822e+06,2.48222e+06,12.8305
3,30,up_proj,GPU,2.48222e+06,2.48441e+06,2198.91
3,30,Linear,Logic,2.48222e+06,2.48441e+06,2198.91
3,30,down_proj,GPU,2.48441e+06,2.48661e+06,2198.91
3,30,Linear,Logic,2.48441e+06,2.48661e+06,2198.91
3,30,expert_FFN_2,GPU,2.47341e+06,2.49991e+06,26498.7
3,30,gate_proj,GPU,2.47341e+06,2.48222e+06,8809.39
3,30,Linear,GPU,2.47341e+06,2.48222e+06,8809.39
3,30,activation,GPU,2.48222e+06,2.48229e+06,70.568
3,30,up_proj,GPU,2.48229e+06,2.4911e+06,8809.39
3,30,Linear,GPU,2.48229e+06,2.4911e+06,8809.39
3,30,down_proj,GPU,2.4911e+06,2.49991e+06,8809.39
3,30,Linear,GPU,2.4911e+06,2.49991e+06,8809.39
3,30,expert_FFN_3,GPU,2.49991e+06,2.52639e+06,26478.6
3,30,gate_proj,GPU,2.49991e+06,2.50872e+06,8804.81
3,30,Linear,GPU,2.49991e+06,2.50872e+06,8804.81
3,30,activation,GPU,2.50872e+06,2.50878e+06,64.1527
3,30,up_proj,GPU,2.50878e+06,2.51759e+06,8804.81
3,30,Linear,GPU,2.50878e+06,2.51759e+06,8804.81
3,30,down_proj,GPU,2.51759e+06,2.52639e+06,8804.81
3,30,Linear,GPU,2.51759e+06,2.52639e+06,8804.81
3,30,expert_FFN_4,GPU,2.48661e+06,2.49402e+06,7404.83
3,30,gate_proj,GPU,2.48661e+06,2.48908e+06,2463.47
3,30,Linear,Logic,2.48661e+06,2.48908e+06,2463.47
3,30,activation,Logic,2.48908e+06,2.48909e+06,14.4344
3,30,up_proj,GPU,2.48909e+06,2.49155e+06,2463.47
3,30,Linear,Logic,2.48909e+06,2.49155e+06,2463.47
3,30,down_proj,GPU,2.49155e+06,2.49402e+06,2463.47
3,30,Linear,Logic,2.49155e+06,2.49402e+06,2463.47
3,30,expert_FFN_5,GPU,2.49402e+06,2.50389e+06,9873.11
3,30,gate_proj,GPU,2.49402e+06,2.4973e+06,3284.62
3,30,Linear,Logic,2.49402e+06,2.4973e+06,3284.62
3,30,activation,Logic,2.4973e+06,2.49732e+06,19.2458
3,30,up_proj,GPU,2.49732e+06,2.50061e+06,3284.62
3,30,Linear,Logic,2.49732e+06,2.50061e+06,3284.62
3,30,down_proj,GPU,2.50061e+06,2.50389e+06,3284.62
3,30,Linear,Logic,2.50061e+06,2.50389e+06,3284.62
3,30,expert_FFN_6,GPU,2.50389e+06,2.51048e+06,6584.36
3,30,gate_proj,GPU,2.50389e+06,2.50608e+06,2193.18
3,30,Linear,Logic,2.50389e+06,2.50608e+06,2193.18
3,30,activation,Logic,2.50608e+06,2.50609e+06,4.81146
3,30,up_proj,GPU,2.50609e+06,2.50828e+06,2193.18
3,30,Linear,Logic,2.50609e+06,2.50828e+06,2193.18
3,30,down_proj,GPU,2.50828e+06,2.51048e+06,2193.18
3,30,Linear,Logic,2.50828e+06,2.51048e+06,2193.18
3,30,expert_FFN_7,GPU,2.51048e+06,2.51708e+06,6604.53
3,30,gate_proj,GPU,2.51048e+06,2.51267e+06,2197.77
3,30,Linear,Logic,2.51048e+06,2.51267e+06,2197.77
3,30,activation,Logic,2.51267e+06,2.51268e+06,11.2267
3,30,up_proj,GPU,2.51268e+06,2.51488e+06,2197.77
3,30,Linear,Logic,2.51268e+06,2.51488e+06,2197.77
3,30,down_proj,GPU,2.51488e+06,2.51708e+06,2197.77
3,30,Linear,Logic,2.51488e+06,2.51708e+06,2197.77
3,30,sync_2,GPU,2.52639e+06,2.52639e+06,0
3,30,sync__set,GPU,2.52639e+06,2.52639e+06,0
3,30,sync__,GPU,2.52639e+06,2.52639e+06,0
3,30,moe_all_reduce_for_e_tp,GPU,2.52639e+06,2.53163e+06,5236.91
3,30,sync_3,GPU,2.53163e+06,2.53163e+06,0
3,30,sync__set,GPU,2.53163e+06,2.53163e+06,0
3,30,sync__,GPU,2.53163e+06,2.53163e+06,0
3,30,moe_gather,GPU,2.53163e+06,2.53163e+06,0
3,30,sync_for_moe_gather,GPU,2.53163e+06,2.53163e+06,0
3,30,sync__set,GPU,2.53163e+06,2.53163e+06,0
3,30,sync__,GPU,2.53163e+06,2.53163e+06,0
3,30,moe_all_reduce_for_gather,GPU,2.53163e+06,2.53687e+06,5236.91
3,30,sync_5,GPU,2.53687e+06,2.53687e+06,0
3,30,sync__set,GPU,2.53687e+06,2.53687e+06,0
3,30,sync__,GPU,2.53687e+06,2.53687e+06,0
3,30,sync_6,GPU,2.53687e+06,2.53687e+06,0
3,30,sync__set,GPU,2.53687e+06,2.53687e+06,0
3,30,sync__,GPU,2.53687e+06,2.53687e+06,0
3,30,residual_2,GPU,2.53687e+06,2.53702e+06,158.854
3,31,MoE_decoder_31,GPU,2.53702e+06,2.6181e+06,81080.1
3,31,input_layer_norm,GPU,2.53702e+06,2.53718e+06,158.854
3,31,attention,GPU,2.53718e+06,2.55412e+06,16935.9
3,31,attn_qkv_proj,GPU,2.53718e+06,2.54104e+06,3861.38
3,31,Linear,GPU,2.53718e+06,2.54104e+06,3861.38
3,31,self_attention,GPU,2.54104e+06,2.54628e+06,5237.31
3,31,AttentionSplit,GPU,2.54104e+06,2.54104e+06,0
3,31,AttentionSum,GPU,2.54104e+06,2.54104e+06,0
3,31,AttentionGen,Logic,2.54104e+06,2.54628e+06,5237.31
3,31,AttentionMerge,GPU,2.54628e+06,2.54628e+06,0
3,31,attn_o_proj,GPU,2.54628e+06,2.54888e+06,2600.32
3,31,Linear,GPU,2.54628e+06,2.54888e+06,2600.32
3,31,all_reduce,GPU,2.54888e+06,2.55412e+06,5236.91
3,31,residual_1,GPU,2.55412e+06,2.55428e+06,158.854
3,31,post_attn_layer_norm,GPU,2.55428e+06,2.55444e+06,158.854
3,31,expertFFN,GPU,2.55444e+06,2.61795e+06,63508.7
3,31,sync_0,GPU,2.55444e+06,2.55444e+06,0
3,31,sync__set,GPU,2.55444e+06,2.55444e+06,0
3,31,sync__,GPU,2.55444e+06,2.55444e+06,0
3,31,gate_fn,GPU,2.55444e+06,2.55453e+06,97.9093
3,31,Linear,GPU,2.55444e+06,2.55453e+06,97.9093
3,31,gate_update,GPU,2.55453e+06,2.55453e+06,0
3,31,moe_scatter,GPU,2.55453e+06,2.55453e+06,0
3,31,sync_for_moe_scatter,GPU,2.55453e+06,2.55453e+06,0
3,31,sync__set,GPU,2.55453e+06,2.55453e+06,0
3,31,sync__,GPU,2.55453e+06,2.55453e+06,0
3,31,moe_route,GPU,2.55453e+06,2.55453e+06,0
3,31,expert_FFN_0,GPU,2.55453e+06,2.58103e+06,26498.7
3,31,gate_proj,GPU,2.55453e+06,2.56334e+06,8809.39
3,31,Linear,GPU,2.55453e+06,2.56334e+06,8809.39
3,31,activation,GPU,2.56334e+06,2.56341e+06,70.568
3,31,up_proj,GPU,2.56341e+06,2.57222e+06,8809.39
3,31,Linear,GPU,2.56341e+06,2.57222e+06,8809.39
3,31,down_proj,GPU,2.57222e+06,2.58103e+06,8809.39
3,31,Linear,GPU,2.57222e+06,2.58103e+06,8809.39
3,31,expert_FFN_1,GPU,2.58103e+06,2.60747e+06,26438.3
3,31,gate_proj,GPU,2.58103e+06,2.58983e+06,8795.65
3,31,Linear,GPU,2.58103e+06,2.58983e+06,8795.65
3,31,activation,GPU,2.58983e+06,2.58988e+06,51.3222
3,31,up_proj,GPU,2.58988e+06,2.59868e+06,8795.65
3,31,Linear,GPU,2.58988e+06,2.59868e+06,8795.65
3,31,down_proj,GPU,2.59868e+06,2.60747e+06,8795.65
3,31,Linear,GPU,2.59868e+06,2.60747e+06,8795.65
3,31,expert_FFN_2,GPU,2.55453e+06,2.56114e+06,6609.57
3,31,gate_proj,GPU,2.55453e+06,2.55673e+06,2198.91
3,31,Linear,Logic,2.55453e+06,2.55673e+06,2198.91
3,31,activation,Logic,2.55673e+06,2.55675e+06,12.8305
3,31,up_proj,GPU,2.55675e+06,2.55894e+06,2198.91
3,31,Linear,Logic,2.55675e+06,2.55894e+06,2198.91
3,31,down_proj,GPU,2.55894e+06,2.56114e+06,2198.91
3,31,Linear,Logic,2.55894e+06,2.56114e+06,2198.91
3,31,expert_FFN_3,GPU,2.56114e+06,2.56774e+06,6599.48
3,31,gate_proj,GPU,2.56114e+06,2.56334e+06,2196.62
3,31,Linear,Logic,2.56114e+06,2.56334e+06,2196.62
3,31,activation,Logic,2.56334e+06,2.56335e+06,9.62291
3,31,up_proj,GPU,2.56335e+06,2.56555e+06,2196.62
3,31,Linear,Logic,2.56335e+06,2.56555e+06,2196.62
3,31,down_proj,GPU,2.56555e+06,2.56774e+06,2196.62
3,31,Linear,Logic,2.56555e+06,2.56774e+06,2196.62
3,31,expert_FFN_4,GPU,2.56774e+06,2.57435e+06,6609.57
3,31,gate_proj,GPU,2.56774e+06,2.56994e+06,2198.91
3,31,Linear,Logic,2.56774e+06,2.56994e+06,2198.91
3,31,activation,Logic,2.56994e+06,2.56996e+06,12.8305
3,31,up_proj,GPU,2.56996e+06,2.57215e+06,2198.91
3,31,Linear,Logic,2.56996e+06,2.57215e+06,2198.91
3,31,down_proj,GPU,2.57215e+06,2.57435e+06,2198.91
3,31,Linear,Logic,2.57215e+06,2.57435e+06,2198.91
3,31,expert_FFN_5,GPU,2.57435e+06,2.5834e+06,9050.35
3,31,gate_proj,GPU,2.57435e+06,2.57736e+06,3010.9
3,31,Linear,Logic,2.57435e+06,2.57736e+06,3010.9
3,31,activation,Logic,2.57736e+06,2.57738e+06,17.642
3,31,up_proj,GPU,2.57738e+06,2.58039e+06,3010.9
3,31,Linear,Logic,2.57738e+06,2.58039e+06,3010.9
3,31,down_proj,GPU,2.58039e+06,2.5834e+06,3010.9
3,31,Linear,Logic,2.58039e+06,2.5834e+06,3010.9
3,31,expert_FFN_6,GPU,2.5834e+06,2.59001e+06,6609.57
3,31,gate_proj,GPU,2.5834e+06,2.5856e+06,2198.91
3,31,Linear,Logic,2.5834e+06,2.5856e+06,2198.91
3,31,activation,Logic,2.5856e+06,2.58561e+06,12.8305
3,31,up_proj,GPU,2.58561e+06,2.58781e+06,2198.91
3,31,Linear,Logic,2.58561e+06,2.58781e+06,2198.91
3,31,down_proj,GPU,2.58781e+06,2.59001e+06,2198.91
3,31,Linear,Logic,2.58781e+06,2.59001e+06,2198.91
3,31,expert_FFN_7,GPU,2.59001e+06,2.5966e+06,6589.4
3,31,gate_proj,GPU,2.59001e+06,2.59221e+06,2194.33
3,31,Linear,Logic,2.59001e+06,2.59221e+06,2194.33
3,31,activation,Logic,2.59221e+06,2.59221e+06,6.41527
3,31,up_proj,GPU,2.59221e+06,2.59441e+06,2194.33
3,31,Linear,Logic,2.59221e+06,2.59441e+06,2194.33
3,31,down_proj,GPU,2.59441e+06,2.5966e+06,2194.33
3,31,Linear,Logic,2.59441e+06,2.5966e+06,2194.33
3,31,sync_2,GPU,2.60747e+06,2.60747e+06,0
3,31,sync__set,GPU,2.60747e+06,2.60747e+06,0
3,31,sync__,GPU,2.60747e+06,2.60747e+06,0
3,31,moe_all_reduce_for_e_tp,GPU,2.60747e+06,2.61271e+06,5236.91
3,31,sync_3,GPU,2.61271e+06,2.61271e+06,0
3,31,sync__set,GPU,2.61271e+06,2.61271e+06,0
3,31,sync__,GPU,2.61271e+06,2.61271e+06,0
3,31,moe_gather,GPU,2.61271e+06,2.61271e+06,0
3,31,sync_for_moe_gather,GPU,2.61271e+06,2.61271e+06,0
3,31,sync__set,GPU,2.61271e+06,2.61271e+06,0
3,31,sync__,GPU,2.61271e+06,2.61271e+06,0
3,31,moe_all_reduce_for_gather,GPU,2.61271e+06,2.61795e+06,5236.91
3,31,sync_5,GPU,2.61795e+06,2.61795e+06,0
3,31,sync__set,GPU,2.61795e+06,2.61795e+06,0
3,31,sync__,GPU,2.61795e+06,2.61795e+06,0
3,31,sync_6,GPU,2.61795e+06,2.61795e+06,0
3,31,sync__set,GPU,2.61795e+06,2.61795e+06,0
3,31,sync__,GPU,2.61795e+06,2.61795e+06,0
3,31,residual_2,GPU,2.61795e+06,2.6181e+06,158.854
