device_id,layer_id,operation,processor,start_time,end_time,duration
0,0,MoE_decoder_0,GPU,0,169410,169410
0,0,input_layer_norm,GPU,0,261.148,261.148
0,0,attention,GPU,261.148,40131.2,39870
0,0,attn_qkv_proj,GPU,261.148,6609.04,6347.9
0,0,Linear,GPU,261.148,6609.04,6347.9
0,0,self_attention,GPU,6609.04,15235,8625.91
0,0,AttentionSplit,GPU,6609.04,6609.04,0
0,0,AttentionSum,GPU,6609.04,6609.04,0
0,0,AttentionGen,Logic,6609.04,15235,8625.91
0,0,AttentionMerge,GPU,15235,15235,0
0,0,attn_o_proj,GPU,15235,19509.7,4274.79
0,0,Linear,GPU,15235,19509.7,4274.79
0,0,all_reduce,GPU,19509.7,40131.2,20621.4
0,0,residual_1,GPU,40131.2,40392.3,261.148
0,0,post_attn_layer_norm,GPU,40392.3,40653.5,261.148
0,0,expertFFN,GPU,40653.5,169149,128496
0,0,sync_0,GPU,40653.5,40653.5,0
0,0,sync__set,GPU,40653.5,40653.5,0
0,0,sync__,GPU,40653.5,40653.5,0
0,0,gate_fn,GPU,40653.5,40814.4,160.957
0,0,Linear,GPU,40653.5,40814.4,160.957
0,0,gate_update,GPU,40814.4,40814.4,0
0,0,moe_scatter,GPU,40814.4,40814.4,0
0,0,sync_for_moe_scatter,GPU,40814.4,40814.4,0
0,0,sync__set,GPU,40814.4,40814.4,0
0,0,sync__,GPU,40814.4,40814.4,0
0,0,moe_route,GPU,40814.4,40814.4,0
0,0,expert_FFN_0,GPU,40814.4,52987.5,12173.1
0,0,gate_proj,GPU,40814.4,44864.2,4049.8
0,0,Linear,Logic,40814.4,44864.2,4049.8
0,0,activation,Logic,44864.2,44888,23.7293
0,0,up_proj,GPU,44888,48937.8,4049.8
0,0,Linear,Logic,44888,48937.8,4049.8
0,0,down_proj,GPU,48937.8,52987.5,4049.8
0,0,Linear,Logic,48937.8,52987.5,4049.8
0,0,expert_FFN_1,GPU,52987.5,63828.4,10840.9
0,0,gate_proj,GPU,52987.5,56596.8,3609.24
0,0,Linear,Logic,52987.5,56596.8,3609.24
0,0,activation,Logic,56596.8,56610,13.1829
0,0,up_proj,GPU,56610,60219.2,3609.24
0,0,Linear,Logic,56610,60219.2,3609.24
0,0,down_proj,GPU,60219.2,63828.4,3609.24
0,0,Linear,Logic,60219.2,63828.4,3609.24
0,0,expert_FFN_2,GPU,63828.4,74685.9,10857.5
0,0,gate_proj,GPU,63828.4,67441.4,3613
0,0,Linear,Logic,63828.4,67441.4,3613
0,0,activation,Logic,67441.4,67459.9,18.4561
0,0,up_proj,GPU,67459.9,71072.9,3613
0,0,Linear,Logic,67459.9,71072.9,3613
0,0,down_proj,GPU,71072.9,74685.9,3613
0,0,Linear,Logic,71072.9,74685.9,3613
0,0,expert_FFN_3,GPU,74685.9,90916.7,16230.8
0,0,gate_proj,GPU,74685.9,80085.6,5399.73
0,0,Linear,Logic,74685.9,80085.6,5399.73
0,0,activation,Logic,80085.6,80117.3,31.639
0,0,up_proj,GPU,80117.3,85517,5399.73
0,0,Linear,Logic,80117.3,85517,5399.73
0,0,down_proj,GPU,85517,90916.7,5399.73
0,0,Linear,Logic,85517,90916.7,5399.73
0,0,expert_FFN_4,GPU,90916.7,101758,10840.9
0,0,gate_proj,GPU,90916.7,94526,3609.24
0,0,Linear,Logic,90916.7,94526,3609.24
0,0,activation,Logic,94526,94539.1,13.1829
0,0,up_proj,GPU,94539.1,98148.4,3609.24
0,0,Linear,Logic,94539.1,98148.4,3609.24
0,0,down_proj,GPU,98148.4,101758,3609.24
0,0,Linear,Logic,98148.4,101758,3609.24
0,0,expert_FFN_5,GPU,101758,112599,10840.9
0,0,gate_proj,GPU,101758,105367,3609.24
0,0,Linear,Logic,101758,105367,3609.24
0,0,activation,Logic,105367,105380,13.1829
0,0,up_proj,GPU,105380,108989,3609.24
0,0,Linear,Logic,105380,108989,3609.24
0,0,down_proj,GPU,108989,112599,3609.24
0,0,Linear,Logic,108989,112599,3609.24
0,0,expert_FFN_6,GPU,40814.4,84343.7,43529.3
0,0,gate_proj,GPU,40814.4,55289,14474.6
0,0,Linear,GPU,40814.4,55289,14474.6
0,0,activation,GPU,55289,55394.5,105.463
0,0,up_proj,GPU,55394.5,69869.1,14474.6
0,0,Linear,GPU,55394.5,69869.1,14474.6
0,0,down_proj,GPU,69869.1,84343.7,14474.6
0,0,Linear,GPU,69869.1,84343.7,14474.6
0,0,expert_FFN_7,GPU,84343.7,127906,43562.4
0,0,gate_proj,GPU,84343.7,98825.9,14482.1
0,0,Linear,GPU,84343.7,98825.9,14482.1
0,0,activation,GPU,98825.9,98941.9,116.01
0,0,up_proj,GPU,98941.9,113424,14482.1
0,0,Linear,GPU,98941.9,113424,14482.1
0,0,down_proj,GPU,113424,127906,14482.1
0,0,Linear,GPU,113424,127906,14482.1
0,0,sync_2,GPU,127906,127906,0
0,0,sync__set,GPU,127906,127906,0
0,0,sync__,GPU,127906,127906,0
0,0,moe_all_reduce_for_e_tp,GPU,127906,148528,20621.4
0,0,sync_3,GPU,148528,148528,0
0,0,sync__set,GPU,148528,148528,0
0,0,sync__,GPU,148528,148528,0
0,0,moe_gather,GPU,148528,148528,0
0,0,sync_for_moe_gather,GPU,148528,148528,0
0,0,sync__set,GPU,148528,148528,0
0,0,sync__,GPU,148528,148528,0
0,0,moe_all_reduce_for_gather,GPU,148528,169149,20621.4
0,0,sync_5,GPU,169149,169149,0
0,0,sync__set,GPU,169149,169149,0
0,0,sync__,GPU,169149,169149,0
0,0,sync_6,GPU,169149,169149,0
0,0,sync__set,GPU,169149,169149,0
0,0,sync__,GPU,169149,169149,0
0,0,residual_2,GPU,169149,169410,261.148
0,1,MoE_decoder_1,GPU,169410,338754,169344
0,1,input_layer_norm,GPU,169410,169671,261.148
0,1,attention,GPU,169671,209541,39870
0,1,attn_qkv_proj,GPU,169671,176019,6347.9
0,1,Linear,GPU,169671,176019,6347.9
0,1,self_attention,GPU,176019,184645,8625.91
0,1,AttentionSplit,GPU,176019,176019,0
0,1,AttentionSum,GPU,176019,176019,0
0,1,AttentionGen,Logic,176019,184645,8625.91
0,1,AttentionMerge,GPU,184645,184645,0
0,1,attn_o_proj,GPU,184645,188920,4274.79
0,1,Linear,GPU,184645,188920,4274.79
0,1,all_reduce,GPU,188920,209541,20621.4
0,1,residual_1,GPU,209541,209803,261.148
0,1,post_attn_layer_norm,GPU,209803,210064,261.148
0,1,expertFFN,GPU,210064,338493,128429
0,1,sync_0,GPU,210064,210064,0
0,1,sync__set,GPU,210064,210064,0
0,1,sync__,GPU,210064,210064,0
0,1,gate_fn,GPU,210064,210225,160.957
0,1,Linear,GPU,210064,210225,160.957
0,1,gate_update,GPU,210225,210225,0
0,1,moe_scatter,GPU,210225,210225,0
0,1,sync_for_moe_scatter,GPU,210225,210225,0
0,1,sync__set,GPU,210225,210225,0
0,1,sync__,GPU,210225,210225,0
0,1,moe_route,GPU,210225,210225,0
0,1,expert_FFN_0,GPU,210225,222398,12173.1
0,1,gate_proj,GPU,210225,214274,4049.8
0,1,Linear,Logic,210225,214274,4049.8
0,1,activation,Logic,214274,214298,23.7293
0,1,up_proj,GPU,214298,218348,4049.8
0,1,Linear,Logic,214298,218348,4049.8
0,1,down_proj,GPU,218348,222398,4049.8
0,1,Linear,Logic,218348,222398,4049.8
0,1,expert_FFN_1,GPU,222398,233239,10840.9
0,1,gate_proj,GPU,222398,226007,3609.24
0,1,Linear,Logic,222398,226007,3609.24
0,1,activation,Logic,226007,226020,13.1829
0,1,up_proj,GPU,226020,229629,3609.24
0,1,Linear,Logic,226020,229629,3609.24
0,1,down_proj,GPU,229629,233239,3609.24
0,1,Linear,Logic,229629,233239,3609.24
0,1,expert_FFN_2,GPU,233239,244104,10865.7
0,1,gate_proj,GPU,233239,236854,3614.89
0,1,Linear,Logic,233239,236854,3614.89
0,1,activation,Logic,236854,236875,21.0927
0,1,up_proj,GPU,236875,240489,3614.89
0,1,Linear,Logic,236875,240489,3614.89
0,1,down_proj,GPU,240489,244104,3614.89
0,1,Linear,Logic,240489,244104,3614.89
0,1,expert_FFN_3,GPU,244104,254970,10865.7
0,1,gate_proj,GPU,244104,247719,3614.89
0,1,Linear,Logic,244104,247719,3614.89
0,1,activation,Logic,247719,247740,21.0927
0,1,up_proj,GPU,247740,251355,3614.89
0,1,Linear,Logic,247740,251355,3614.89
0,1,down_proj,GPU,251355,254970,3614.89
0,1,Linear,Logic,251355,254970,3614.89
0,1,expert_FFN_4,GPU,254970,269848,14878.3
0,1,gate_proj,GPU,254970,259920,4949.75
0,1,Linear,Logic,254970,259920,4949.75
0,1,activation,Logic,259920,259949,29.0025
0,1,up_proj,GPU,259949,264899,4949.75
0,1,Linear,Logic,259949,264899,4949.75
0,1,down_proj,GPU,264899,269848,4949.75
0,1,Linear,Logic,264899,269848,4949.75
0,1,expert_FFN_5,GPU,269848,280681,10832.6
0,1,gate_proj,GPU,269848,273456,3607.35
0,1,Linear,Logic,269848,273456,3607.35
0,1,activation,Logic,273456,273466,10.5463
0,1,up_proj,GPU,273466,277074,3607.35
0,1,Linear,Logic,273466,277074,3607.35
0,1,down_proj,GPU,277074,280681,3607.35
0,1,Linear,Logic,277074,280681,3607.35
0,1,expert_FFN_6,GPU,210225,253621,43396.7
0,1,gate_proj,GPU,210225,224669,14444.5
0,1,Linear,GPU,210225,224669,14444.5
0,1,activation,GPU,224669,224732,63.2781
0,1,up_proj,GPU,224732,239177,14444.5
0,1,Linear,GPU,224732,239177,14444.5
0,1,down_proj,GPU,239177,253621,14444.5
0,1,Linear,GPU,239177,253621,14444.5
0,1,expert_FFN_7,GPU,253621,297250,43628.7
0,1,gate_proj,GPU,253621,268119,14497.2
0,1,Linear,GPU,253621,268119,14497.2
0,1,activation,GPU,268119,268256,137.103
0,1,up_proj,GPU,268256,282753,14497.2
0,1,Linear,GPU,268256,282753,14497.2
0,1,down_proj,GPU,282753,297250,14497.2
0,1,Linear,GPU,282753,297250,14497.2
0,1,sync_2,GPU,297250,297250,0
0,1,sync__set,GPU,297250,297250,0
0,1,sync__,GPU,297250,297250,0
0,1,moe_all_reduce_for_e_tp,GPU,297250,317871,20621.4
0,1,sync_3,GPU,317871,317871,0
0,1,sync__set,GPU,317871,317871,0
0,1,sync__,GPU,317871,317871,0
0,1,moe_gather,GPU,317871,317871,0
0,1,sync_for_moe_gather,GPU,317871,317871,0
0,1,sync__set,GPU,317871,317871,0
0,1,sync__,GPU,317871,317871,0
0,1,moe_all_reduce_for_gather,GPU,317871,338493,20621.4
0,1,sync_5,GPU,338493,338493,0
0,1,sync__set,GPU,338493,338493,0
0,1,sync__,GPU,338493,338493,0
0,1,sync_6,GPU,338493,338493,0
0,1,sync__set,GPU,338493,338493,0
0,1,sync__,GPU,338493,338493,0
0,1,residual_2,GPU,338493,338754,261.148
0,2,MoE_decoder_2,GPU,338754,508231,169476
0,2,input_layer_norm,GPU,338754,339015,261.148
0,2,attention,GPU,339015,378885,39870
0,2,attn_qkv_proj,GPU,339015,345363,6347.9
0,2,Linear,GPU,339015,345363,6347.9
0,2,self_attention,GPU,345363,353989,8625.91
0,2,AttentionSplit,GPU,345363,345363,0
0,2,AttentionSum,GPU,345363,345363,0
0,2,AttentionGen,Logic,345363,353989,8625.91
0,2,AttentionMerge,GPU,353989,353989,0
0,2,attn_o_proj,GPU,353989,358264,4274.79
0,2,Linear,GPU,353989,358264,4274.79
0,2,all_reduce,GPU,358264,378885,20621.4
0,2,residual_1,GPU,378885,379146,261.148
0,2,post_attn_layer_norm,GPU,379146,379408,261.148
0,2,expertFFN,GPU,379408,507969,128562
0,2,sync_0,GPU,379408,379408,0
0,2,sync__set,GPU,379408,379408,0
0,2,sync__,GPU,379408,379408,0
0,2,gate_fn,GPU,379408,379569,160.957
0,2,Linear,GPU,379408,379569,160.957
0,2,gate_update,GPU,379569,379569,0
0,2,moe_scatter,GPU,379569,379569,0
0,2,sync_for_moe_scatter,GPU,379569,379569,0
0,2,sync__set,GPU,379569,379569,0
0,2,sync__,GPU,379569,379569,0
0,2,moe_route,GPU,379569,379569,0
0,2,expert_FFN_0,GPU,379569,390409,10840.9
0,2,gate_proj,GPU,379569,383178,3609.24
0,2,Linear,Logic,379569,383178,3609.24
0,2,activation,Logic,383178,383191,13.1829
0,2,up_proj,GPU,383191,386800,3609.24
0,2,Linear,Logic,383191,386800,3609.24
0,2,down_proj,GPU,386800,390409,3609.24
0,2,Linear,Logic,386800,390409,3609.24
0,2,expert_FFN_1,GPU,390409,402583,12173.1
0,2,gate_proj,GPU,390409,394459,4049.8
0,2,Linear,Logic,390409,394459,4049.8
0,2,activation,Logic,394459,394483,23.7293
0,2,up_proj,GPU,394483,398533,4049.8
0,2,Linear,Logic,394483,398533,4049.8
0,2,down_proj,GPU,398533,402583,4049.8
0,2,Linear,Logic,398533,402583,4049.8
0,2,expert_FFN_2,GPU,402583,413448,10865.7
0,2,gate_proj,GPU,402583,406197,3614.89
0,2,Linear,Logic,402583,406197,3614.89
0,2,activation,Logic,406197,406218,21.0927
0,2,up_proj,GPU,406218,409833,3614.89
0,2,Linear,Logic,406218,409833,3614.89
0,2,down_proj,GPU,409833,413448,3614.89
0,2,Linear,Logic,409833,413448,3614.89
0,2,expert_FFN_3,GPU,413448,424297,10849.2
0,2,gate_proj,GPU,413448,417059,3611.12
0,2,Linear,Logic,413448,417059,3611.12
0,2,activation,Logic,417059,417075,15.8195
0,2,up_proj,GPU,417075,420686,3611.12
0,2,Linear,Logic,417075,420686,3611.12
0,2,down_proj,GPU,420686,424297,3611.12
0,2,Linear,Logic,420686,424297,3611.12
0,2,expert_FFN_4,GPU,379569,423032,43463
0,2,gate_proj,GPU,379569,394028,14459.5
0,2,Linear,GPU,379569,394028,14459.5
0,2,activation,GPU,394028,394112,84.3708
0,2,up_proj,GPU,394112,408572,14459.5
0,2,Linear,GPU,394112,408572,14459.5
0,2,down_proj,GPU,408572,423032,14459.5
0,2,Linear,GPU,408572,423032,14459.5
0,2,expert_FFN_5,GPU,423032,466727,43695
0,2,gate_proj,GPU,423032,437544,14512.3
0,2,Linear,GPU,423032,437544,14512.3
0,2,activation,GPU,437544,437702,158.195
0,2,up_proj,GPU,437702,452214,14512.3
0,2,Linear,GPU,437702,452214,14512.3
0,2,down_proj,GPU,452214,466727,14512.3
0,2,Linear,GPU,452214,466727,14512.3
0,2,expert_FFN_6,GPU,424297,435163,10865.7
0,2,gate_proj,GPU,424297,427912,3614.89
0,2,Linear,Logic,424297,427912,3614.89
0,2,activation,Logic,427912,427933,21.0927
0,2,up_proj,GPU,427933,431548,3614.89
0,2,Linear,Logic,427933,431548,3614.89
0,2,down_proj,GPU,431548,435163,3614.89
0,2,Linear,Logic,431548,435163,3614.89
0,2,expert_FFN_7,GPU,435163,446004,10840.9
0,2,gate_proj,GPU,435163,438772,3609.24
0,2,Linear,Logic,435163,438772,3609.24
0,2,activation,Logic,438772,438786,13.1829
0,2,up_proj,GPU,438786,442395,3609.24
0,2,Linear,Logic,438786,442395,3609.24
0,2,down_proj,GPU,442395,446004,3609.24
0,2,Linear,Logic,442395,446004,3609.24
0,2,sync_2,GPU,466727,466727,0
0,2,sync__set,GPU,466727,466727,0
0,2,sync__,GPU,466727,466727,0
0,2,moe_all_reduce_for_e_tp,GPU,466727,487348,20621.4
0,2,sync_3,GPU,487348,487348,0
0,2,sync__set,GPU,487348,487348,0
0,2,sync__,GPU,487348,487348,0
0,2,moe_gather,GPU,487348,487348,0
0,2,sync_for_moe_gather,GPU,487348,487348,0
0,2,sync__set,GPU,487348,487348,0
0,2,sync__,GPU,487348,487348,0
0,2,moe_all_reduce_for_gather,GPU,487348,507969,20621.4
0,2,sync_5,GPU,507969,507969,0
0,2,sync__set,GPU,507969,507969,0
0,2,sync__,GPU,507969,507969,0
0,2,sync_6,GPU,507969,507969,0
0,2,sync__set,GPU,507969,507969,0
0,2,sync__,GPU,507969,507969,0
0,2,residual_2,GPU,507969,508231,261.148
0,3,MoE_decoder_3,GPU,508231,677740,169510
0,3,input_layer_norm,GPU,508231,508492,261.148
0,3,attention,GPU,508492,548362,39870
0,3,attn_qkv_proj,GPU,508492,514840,6347.9
0,3,Linear,GPU,508492,514840,6347.9
0,3,self_attention,GPU,514840,523466,8625.91
0,3,AttentionSplit,GPU,514840,514840,0
0,3,AttentionSum,GPU,514840,514840,0
0,3,AttentionGen,Logic,514840,523466,8625.91
0,3,AttentionMerge,GPU,523466,523466,0
0,3,attn_o_proj,GPU,523466,527740,4274.79
0,3,Linear,GPU,523466,527740,4274.79
0,3,all_reduce,GPU,527740,548362,20621.4
0,3,residual_1,GPU,548362,548623,261.148
0,3,post_attn_layer_norm,GPU,548623,548884,261.148
0,3,expertFFN,GPU,548884,677479,128595
0,3,sync_0,GPU,548884,548884,0
0,3,sync__set,GPU,548884,548884,0
0,3,sync__,GPU,548884,548884,0
0,3,gate_fn,GPU,548884,549045,160.957
0,3,Linear,GPU,548884,549045,160.957
0,3,gate_update,GPU,549045,549045,0
0,3,moe_scatter,GPU,549045,549045,0
0,3,sync_for_moe_scatter,GPU,549045,549045,0
0,3,sync__set,GPU,549045,549045,0
0,3,sync__,GPU,549045,549045,0
0,3,moe_route,GPU,549045,549045,0
0,3,expert_FFN_0,GPU,549045,561218,12173.1
0,3,gate_proj,GPU,549045,553095,4049.8
0,3,Linear,Logic,549045,553095,4049.8
0,3,activation,Logic,553095,553119,23.7293
0,3,up_proj,GPU,553119,557168,4049.8
0,3,Linear,Logic,553119,557168,4049.8
0,3,down_proj,GPU,557168,561218,4049.8
0,3,Linear,Logic,557168,561218,4049.8
0,3,expert_FFN_1,GPU,561218,572051,10832.6
0,3,gate_proj,GPU,561218,564825,3607.35
0,3,Linear,Logic,561218,564825,3607.35
0,3,activation,Logic,564825,564836,10.5463
0,3,up_proj,GPU,564836,568443,3607.35
0,3,Linear,Logic,564836,568443,3607.35
0,3,down_proj,GPU,568443,572051,3607.35
0,3,Linear,Logic,568443,572051,3607.35
0,3,expert_FFN_2,GPU,549045,592641,43595.6
0,3,gate_proj,GPU,549045,563535,14489.7
0,3,Linear,GPU,549045,563535,14489.7
0,3,activation,GPU,563535,563661,126.556
0,3,up_proj,GPU,563661,578151,14489.7
0,3,Linear,GPU,563661,578151,14489.7
0,3,down_proj,GPU,578151,592641,14489.7
0,3,Linear,GPU,578151,592641,14489.7
0,3,expert_FFN_3,GPU,592641,636236,43595.6
0,3,gate_proj,GPU,592641,607130,14489.7
0,3,Linear,GPU,592641,607130,14489.7
0,3,activation,GPU,607130,607257,126.556
0,3,up_proj,GPU,607257,621746,14489.7
0,3,Linear,GPU,607257,621746,14489.7
0,3,down_proj,GPU,621746,636236,14489.7
0,3,Linear,GPU,621746,636236,14489.7
0,3,expert_FFN_4,GPU,572051,582867,10816
0,3,gate_proj,GPU,572051,575654,3603.59
0,3,Linear,Logic,572051,575654,3603.59
0,3,activation,Logic,575654,575660,5.27317
0,3,up_proj,GPU,575660,579263,3603.59
0,3,Linear,Logic,575660,579263,3603.59
0,3,down_proj,GPU,579263,582867,3603.59
0,3,Linear,Logic,579263,582867,3603.59
0,3,expert_FFN_5,GPU,582867,593724,10857.5
0,3,gate_proj,GPU,582867,586480,3613
0,3,Linear,Logic,582867,586480,3613
0,3,activation,Logic,586480,586498,18.4561
0,3,up_proj,GPU,586498,590111,3613
0,3,Linear,Logic,586498,590111,3613
0,3,down_proj,GPU,590111,593724,3613
0,3,Linear,Logic,590111,593724,3613
0,3,expert_FFN_6,GPU,593724,605897,12173.1
0,3,gate_proj,GPU,593724,597774,4049.8
0,3,Linear,Logic,593724,597774,4049.8
0,3,activation,Logic,597774,597798,23.7293
0,3,up_proj,GPU,597798,601848,4049.8
0,3,Linear,Logic,597798,601848,4049.8
0,3,down_proj,GPU,601848,605897,4049.8
0,3,Linear,Logic,601848,605897,4049.8
0,3,expert_FFN_7,GPU,605897,618070,12173.1
0,3,gate_proj,GPU,605897,609947,4049.8
0,3,Linear,Logic,605897,609947,4049.8
0,3,activation,Logic,609947,609971,23.7293
0,3,up_proj,GPU,609971,614021,4049.8
0,3,Linear,Logic,609971,614021,4049.8
0,3,down_proj,GPU,614021,618070,4049.8
0,3,Linear,Logic,614021,618070,4049.8
0,3,sync_2,GPU,636236,636236,0
0,3,sync__set,GPU,636236,636236,0
0,3,sync__,GPU,636236,636236,0
0,3,moe_all_reduce_for_e_tp,GPU,636236,656858,20621.4
0,3,sync_3,GPU,656858,656858,0
0,3,sync__set,GPU,656858,656858,0
0,3,sync__,GPU,656858,656858,0
0,3,moe_gather,GPU,656858,656858,0
0,3,sync_for_moe_gather,GPU,656858,656858,0
0,3,sync__set,GPU,656858,656858,0
0,3,sync__,GPU,656858,656858,0
0,3,moe_all_reduce_for_gather,GPU,656858,677479,20621.4
0,3,sync_5,GPU,677479,677479,0
0,3,sync__set,GPU,677479,677479,0
0,3,sync__,GPU,677479,677479,0
0,3,sync_6,GPU,677479,677479,0
0,3,sync__set,GPU,677479,677479,0
0,3,sync__,GPU,677479,677479,0
0,3,residual_2,GPU,677479,677740,261.148
0,4,MoE_decoder_4,GPU,677740,847117,169377
0,4,input_layer_norm,GPU,677740,678001,261.148
0,4,attention,GPU,678001,717871,39870
0,4,attn_qkv_proj,GPU,678001,684349,6347.9
0,4,Linear,GPU,678001,684349,6347.9
0,4,self_attention,GPU,684349,692975,8625.91
0,4,AttentionSplit,GPU,684349,684349,0
0,4,AttentionSum,GPU,684349,684349,0
0,4,AttentionGen,Logic,684349,692975,8625.91
0,4,AttentionMerge,GPU,692975,692975,0
0,4,attn_o_proj,GPU,692975,697250,4274.79
0,4,Linear,GPU,692975,697250,4274.79
0,4,all_reduce,GPU,697250,717871,20621.4
0,4,residual_1,GPU,717871,718132,261.148
0,4,post_attn_layer_norm,GPU,718132,718394,261.148
0,4,expertFFN,GPU,718394,846856,128462
0,4,sync_0,GPU,718394,718394,0
0,4,sync__set,GPU,718394,718394,0
0,4,sync__,GPU,718394,718394,0
0,4,gate_fn,GPU,718394,718555,160.957
0,4,Linear,GPU,718394,718555,160.957
0,4,gate_update,GPU,718555,718555,0
0,4,moe_scatter,GPU,718555,718555,0
0,4,sync_for_moe_scatter,GPU,718555,718555,0
0,4,sync__set,GPU,718555,718555,0
0,4,sync__,GPU,718555,718555,0
0,4,moe_route,GPU,718555,718555,0
0,4,expert_FFN_0,GPU,718555,729395,10840.9
0,4,gate_proj,GPU,718555,722164,3609.24
0,4,Linear,Logic,718555,722164,3609.24
0,4,activation,Logic,722164,722177,13.1829
0,4,up_proj,GPU,722177,725786,3609.24
0,4,Linear,Logic,722177,725786,3609.24
0,4,down_proj,GPU,725786,729395,3609.24
0,4,Linear,Logic,725786,729395,3609.24
0,4,expert_FFN_1,GPU,729395,744274,14878.3
0,4,gate_proj,GPU,729395,734345,4949.75
0,4,Linear,Logic,729395,734345,4949.75
0,4,activation,Logic,734345,734374,29.0025
0,4,up_proj,GPU,734374,739324,4949.75
0,4,Linear,Logic,734374,739324,4949.75
0,4,down_proj,GPU,739324,744274,4949.75
0,4,Linear,Logic,739324,744274,4949.75
0,4,expert_FFN_2,GPU,744274,755115,10840.9
0,4,gate_proj,GPU,744274,747883,3609.24
0,4,Linear,Logic,744274,747883,3609.24
0,4,activation,Logic,747883,747896,13.1829
0,4,up_proj,GPU,747896,751505,3609.24
0,4,Linear,Logic,747896,751505,3609.24
0,4,down_proj,GPU,751505,755115,3609.24
0,4,Linear,Logic,751505,755115,3609.24
0,4,expert_FFN_3,GPU,755115,765972,10857.5
0,4,gate_proj,GPU,755115,758728,3613
0,4,Linear,Logic,755115,758728,3613
0,4,activation,Logic,758728,758746,18.4561
0,4,up_proj,GPU,758746,762359,3613
0,4,Linear,Logic,758746,762359,3613
0,4,down_proj,GPU,762359,765972,3613
0,4,Linear,Logic,762359,765972,3613
0,4,expert_FFN_4,GPU,765972,780850,14878.3
0,4,gate_proj,GPU,765972,770922,4949.75
0,4,Linear,Logic,765972,770922,4949.75
0,4,activation,Logic,770922,770951,29.0025
0,4,up_proj,GPU,770951,775901,4949.75
0,4,Linear,Logic,770951,775901,4949.75
0,4,down_proj,GPU,775901,780850,4949.75
0,4,Linear,Logic,775901,780850,4949.75
0,4,expert_FFN_5,GPU,780850,791691,10840.9
0,4,gate_proj,GPU,780850,784460,3609.24
0,4,Linear,Logic,780850,784460,3609.24
0,4,activation,Logic,784460,784473,13.1829
0,4,up_proj,GPU,784473,788082,3609.24
0,4,Linear,Logic,784473,788082,3609.24
0,4,down_proj,GPU,788082,791691,3609.24
0,4,Linear,Logic,788082,791691,3609.24
0,4,expert_FFN_6,GPU,718555,762084,43529.3
0,4,gate_proj,GPU,718555,733029,14474.6
0,4,Linear,GPU,718555,733029,14474.6
0,4,activation,GPU,733029,733135,105.463
0,4,up_proj,GPU,733135,747609,14474.6
0,4,Linear,GPU,733135,747609,14474.6
0,4,down_proj,GPU,747609,762084,14474.6
0,4,Linear,GPU,747609,762084,14474.6
0,4,expert_FFN_7,GPU,762084,805613,43529.3
0,4,gate_proj,GPU,762084,776559,14474.6
0,4,Linear,GPU,762084,776559,14474.6
0,4,activation,GPU,776559,776664,105.463
0,4,up_proj,GPU,776664,791139,14474.6
0,4,Linear,GPU,776664,791139,14474.6
0,4,down_proj,GPU,791139,805613,14474.6
0,4,Linear,GPU,791139,805613,14474.6
0,4,sync_2,GPU,805613,805613,0
0,4,sync__set,GPU,805613,805613,0
0,4,sync__,GPU,805613,805613,0
0,4,moe_all_reduce_for_e_tp,GPU,805613,826235,20621.4
0,4,sync_3,GPU,826235,826235,0
0,4,sync__set,GPU,826235,826235,0
0,4,sync__,GPU,826235,826235,0
0,4,moe_gather,GPU,826235,826235,0
0,4,sync_for_moe_gather,GPU,826235,826235,0
0,4,sync__set,GPU,826235,826235,0
0,4,sync__,GPU,826235,826235,0
0,4,moe_all_reduce_for_gather,GPU,826235,846856,20621.4
0,4,sync_5,GPU,846856,846856,0
0,4,sync__set,GPU,846856,846856,0
0,4,sync__,GPU,846856,846856,0
0,4,sync_6,GPU,846856,846856,0
0,4,sync__set,GPU,846856,846856,0
0,4,sync__,GPU,846856,846856,0
0,4,residual_2,GPU,846856,847117,261.148
0,5,MoE_decoder_5,GPU,847117,1.01653e+06,169410
0,5,input_layer_norm,GPU,847117,847378,261.148
0,5,attention,GPU,847378,887248,39870
0,5,attn_qkv_proj,GPU,847378,853726,6347.9
0,5,Linear,GPU,847378,853726,6347.9
0,5,self_attention,GPU,853726,862352,8625.91
0,5,AttentionSplit,GPU,853726,853726,0
0,5,AttentionSum,GPU,853726,853726,0
0,5,AttentionGen,Logic,853726,862352,8625.91
0,5,AttentionMerge,GPU,862352,862352,0
0,5,attn_o_proj,GPU,862352,866627,4274.79
0,5,Linear,GPU,862352,866627,4274.79
0,5,all_reduce,GPU,866627,887248,20621.4
0,5,residual_1,GPU,887248,887510,261.148
0,5,post_attn_layer_norm,GPU,887510,887771,261.148
0,5,expertFFN,GPU,887771,1.01627e+06,128496
0,5,sync_0,GPU,887771,887771,0
0,5,sync__set,GPU,887771,887771,0
0,5,sync__,GPU,887771,887771,0
0,5,gate_fn,GPU,887771,887932,160.957
0,5,Linear,GPU,887771,887932,160.957
0,5,gate_update,GPU,887932,887932,0
0,5,moe_scatter,GPU,887932,887932,0
0,5,sync_for_moe_scatter,GPU,887932,887932,0
0,5,sync__set,GPU,887932,887932,0
0,5,sync__,GPU,887932,887932,0
0,5,moe_route,GPU,887932,887932,0
0,5,expert_FFN_0,GPU,887932,901457,13525.7
0,5,gate_proj,GPU,887932,892431,4499.77
0,5,Linear,Logic,887932,892431,4499.77
0,5,activation,Logic,892431,892458,26.3659
0,5,up_proj,GPU,892458,896958,4499.77
0,5,Linear,Logic,892458,896958,4499.77
0,5,down_proj,GPU,896958,901457,4499.77
0,5,Linear,Logic,896958,901457,4499.77
0,5,expert_FFN_1,GPU,901457,912298,10840.9
0,5,gate_proj,GPU,901457,905067,3609.24
0,5,Linear,Logic,901457,905067,3609.24
0,5,activation,Logic,905067,905080,13.1829
0,5,up_proj,GPU,905080,908689,3609.24
0,5,Linear,Logic,905080,908689,3609.24
0,5,down_proj,GPU,908689,912298,3609.24
0,5,Linear,Logic,908689,912298,3609.24
0,5,expert_FFN_2,GPU,912298,924471,12173.1
0,5,gate_proj,GPU,912298,916348,4049.8
0,5,Linear,Logic,912298,916348,4049.8
0,5,activation,Logic,916348,916372,23.7293
0,5,up_proj,GPU,916372,920422,4049.8
0,5,Linear,Logic,916372,920422,4049.8
0,5,down_proj,GPU,920422,924471,4049.8
0,5,Linear,Logic,920422,924471,4049.8
0,5,expert_FFN_3,GPU,924471,935321,10849.2
0,5,gate_proj,GPU,924471,928082,3611.12
0,5,Linear,Logic,924471,928082,3611.12
0,5,activation,Logic,928082,928098,15.8195
0,5,up_proj,GPU,928098,931709,3611.12
0,5,Linear,Logic,928098,931709,3611.12
0,5,down_proj,GPU,931709,935321,3611.12
0,5,Linear,Logic,931709,935321,3611.12
0,5,expert_FFN_4,GPU,887932,931494,43562.4
0,5,gate_proj,GPU,887932,902414,14482.1
0,5,Linear,GPU,887932,902414,14482.1
0,5,activation,GPU,902414,902530,116.01
0,5,up_proj,GPU,902530,917012,14482.1
0,5,Linear,GPU,902530,917012,14482.1
0,5,down_proj,GPU,917012,931494,14482.1
0,5,Linear,GPU,917012,931494,14482.1
0,5,expert_FFN_5,GPU,931494,975023,43529.3
0,5,gate_proj,GPU,931494,945969,14474.6
0,5,Linear,GPU,931494,945969,14474.6
0,5,activation,GPU,945969,946074,105.463
0,5,up_proj,GPU,946074,960549,14474.6
0,5,Linear,GPU,946074,960549,14474.6
0,5,down_proj,GPU,960549,975023,14474.6
0,5,Linear,GPU,960549,975023,14474.6
0,5,expert_FFN_6,GPU,935321,946170,10849.2
0,5,gate_proj,GPU,935321,938932,3611.12
0,5,Linear,Logic,935321,938932,3611.12
0,5,activation,Logic,938932,938947,15.8195
0,5,up_proj,GPU,938947,942559,3611.12
0,5,Linear,Logic,938947,942559,3611.12
0,5,down_proj,GPU,942559,946170,3611.12
0,5,Linear,Logic,942559,946170,3611.12
0,5,expert_FFN_7,GPU,946170,957027,10857.5
0,5,gate_proj,GPU,946170,949783,3613
0,5,Linear,Logic,946170,949783,3613
0,5,activation,Logic,949783,949801,18.4561
0,5,up_proj,GPU,949801,953414,3613
0,5,Linear,Logic,949801,953414,3613
0,5,down_proj,GPU,953414,957027,3613
0,5,Linear,Logic,953414,957027,3613
0,5,sync_2,GPU,975023,975023,0
0,5,sync__set,GPU,975023,975023,0
0,5,sync__,GPU,975023,975023,0
0,5,moe_all_reduce_for_e_tp,GPU,975023,995645,20621.4
0,5,sync_3,GPU,995645,995645,0
0,5,sync__set,GPU,995645,995645,0
0,5,sync__,GPU,995645,995645,0
0,5,moe_gather,GPU,995645,995645,0
0,5,sync_for_moe_gather,GPU,995645,995645,0
0,5,sync__set,GPU,995645,995645,0
0,5,sync__,GPU,995645,995645,0
0,5,moe_all_reduce_for_gather,GPU,995645,1.01627e+06,20621.4
0,5,sync_5,GPU,1.01627e+06,1.01627e+06,0
0,5,sync__set,GPU,1.01627e+06,1.01627e+06,0
0,5,sync__,GPU,1.01627e+06,1.01627e+06,0
0,5,sync_6,GPU,1.01627e+06,1.01627e+06,0
0,5,sync__set,GPU,1.01627e+06,1.01627e+06,0
0,5,sync__,GPU,1.01627e+06,1.01627e+06,0
0,5,residual_2,GPU,1.01627e+06,1.01653e+06,261.148
0,6,MoE_decoder_6,GPU,1.01653e+06,1.186e+06,169476
0,6,input_layer_norm,GPU,1.01653e+06,1.01679e+06,261.148
0,6,attention,GPU,1.01679e+06,1.05666e+06,39870
0,6,attn_qkv_proj,GPU,1.01679e+06,1.02314e+06,6347.9
0,6,Linear,GPU,1.01679e+06,1.02314e+06,6347.9
0,6,self_attention,GPU,1.02314e+06,1.03176e+06,8625.91
0,6,AttentionSplit,GPU,1.02314e+06,1.02314e+06,0
0,6,AttentionSum,GPU,1.02314e+06,1.02314e+06,0
0,6,AttentionGen,Logic,1.02314e+06,1.03176e+06,8625.91
0,6,AttentionMerge,GPU,1.03176e+06,1.03176e+06,0
0,6,attn_o_proj,GPU,1.03176e+06,1.03604e+06,4274.79
0,6,Linear,GPU,1.03176e+06,1.03604e+06,4274.79
0,6,all_reduce,GPU,1.03604e+06,1.05666e+06,20621.4
0,6,residual_1,GPU,1.05666e+06,1.05692e+06,261.148
0,6,post_attn_layer_norm,GPU,1.05692e+06,1.05718e+06,261.148
0,6,expertFFN,GPU,1.05718e+06,1.18574e+06,128562
0,6,sync_0,GPU,1.05718e+06,1.05718e+06,0
0,6,sync__set,GPU,1.05718e+06,1.05718e+06,0
0,6,sync__,GPU,1.05718e+06,1.05718e+06,0
0,6,gate_fn,GPU,1.05718e+06,1.05734e+06,160.957
0,6,Linear,GPU,1.05718e+06,1.05734e+06,160.957
0,6,gate_update,GPU,1.05734e+06,1.05734e+06,0
0,6,moe_scatter,GPU,1.05734e+06,1.05734e+06,0
0,6,sync_for_moe_scatter,GPU,1.05734e+06,1.05734e+06,0
0,6,sync__set,GPU,1.05734e+06,1.05734e+06,0
0,6,sync__,GPU,1.05734e+06,1.05734e+06,0
0,6,moe_route,GPU,1.05734e+06,1.05734e+06,0
0,6,expert_FFN_0,GPU,1.05734e+06,1.06951e+06,12173.1
0,6,gate_proj,GPU,1.05734e+06,1.06139e+06,4049.8
0,6,Linear,Logic,1.05734e+06,1.06139e+06,4049.8
0,6,activation,Logic,1.06139e+06,1.06142e+06,23.7293
0,6,up_proj,GPU,1.06142e+06,1.06547e+06,4049.8
0,6,Linear,Logic,1.06142e+06,1.06547e+06,4049.8
0,6,down_proj,GPU,1.06547e+06,1.06951e+06,4049.8
0,6,Linear,Logic,1.06547e+06,1.06951e+06,4049.8
0,6,expert_FFN_1,GPU,1.06951e+06,1.08037e+06,10857.5
0,6,gate_proj,GPU,1.06951e+06,1.07313e+06,3613
0,6,Linear,Logic,1.06951e+06,1.07313e+06,3613
0,6,activation,Logic,1.07313e+06,1.07315e+06,18.4561
0,6,up_proj,GPU,1.07315e+06,1.07676e+06,3613
0,6,Linear,Logic,1.07315e+06,1.07676e+06,3613
0,6,down_proj,GPU,1.07676e+06,1.08037e+06,3613
0,6,Linear,Logic,1.07676e+06,1.08037e+06,3613
0,6,expert_FFN_2,GPU,1.05734e+06,1.10097e+06,43628.7
0,6,gate_proj,GPU,1.05734e+06,1.07184e+06,14497.2
0,6,Linear,GPU,1.05734e+06,1.07184e+06,14497.2
0,6,activation,GPU,1.07184e+06,1.07198e+06,137.103
0,6,up_proj,GPU,1.07198e+06,1.08647e+06,14497.2
0,6,Linear,GPU,1.07198e+06,1.08647e+06,14497.2
0,6,down_proj,GPU,1.08647e+06,1.10097e+06,14497.2
0,6,Linear,GPU,1.08647e+06,1.10097e+06,14497.2
0,6,expert_FFN_3,GPU,1.10097e+06,1.1445e+06,43529.3
0,6,gate_proj,GPU,1.10097e+06,1.11545e+06,14474.6
0,6,Linear,GPU,1.10097e+06,1.11545e+06,14474.6
0,6,activation,GPU,1.11545e+06,1.11555e+06,105.463
0,6,up_proj,GPU,1.11555e+06,1.13003e+06,14474.6
0,6,Linear,GPU,1.11555e+06,1.13003e+06,14474.6
0,6,down_proj,GPU,1.13003e+06,1.1445e+06,14474.6
0,6,Linear,GPU,1.13003e+06,1.1445e+06,14474.6
0,6,expert_FFN_4,GPU,1.08037e+06,1.09121e+06,10840.9
0,6,gate_proj,GPU,1.08037e+06,1.08398e+06,3609.24
0,6,Linear,Logic,1.08037e+06,1.08398e+06,3609.24
0,6,activation,Logic,1.08398e+06,1.08399e+06,13.1829
0,6,up_proj,GPU,1.08399e+06,1.0876e+06,3609.24
0,6,Linear,Logic,1.08399e+06,1.0876e+06,3609.24
0,6,down_proj,GPU,1.0876e+06,1.09121e+06,3609.24
0,6,Linear,Logic,1.0876e+06,1.09121e+06,3609.24
0,6,expert_FFN_5,GPU,1.09121e+06,1.10474e+06,13525.7
0,6,gate_proj,GPU,1.09121e+06,1.09571e+06,4499.77
0,6,Linear,Logic,1.09121e+06,1.09571e+06,4499.77
0,6,activation,Logic,1.09571e+06,1.09574e+06,26.3659
0,6,up_proj,GPU,1.09574e+06,1.10024e+06,4499.77
0,6,Linear,Logic,1.09574e+06,1.10024e+06,4499.77
0,6,down_proj,GPU,1.10024e+06,1.10474e+06,4499.77
0,6,Linear,Logic,1.10024e+06,1.10474e+06,4499.77
0,6,expert_FFN_6,GPU,1.10474e+06,1.11557e+06,10832.6
0,6,gate_proj,GPU,1.10474e+06,1.10835e+06,3607.35
0,6,Linear,Logic,1.10474e+06,1.10835e+06,3607.35
0,6,activation,Logic,1.10835e+06,1.10836e+06,10.5463
0,6,up_proj,GPU,1.10836e+06,1.11196e+06,3607.35
0,6,Linear,Logic,1.10836e+06,1.11196e+06,3607.35
0,6,down_proj,GPU,1.11196e+06,1.11557e+06,3607.35
0,6,Linear,Logic,1.11196e+06,1.11557e+06,3607.35
0,6,expert_FFN_7,GPU,1.11557e+06,1.12642e+06,10849.2
0,6,gate_proj,GPU,1.11557e+06,1.11918e+06,3611.12
0,6,Linear,Logic,1.11557e+06,1.11918e+06,3611.12
0,6,activation,Logic,1.11918e+06,1.1192e+06,15.8195
0,6,up_proj,GPU,1.1192e+06,1.12281e+06,3611.12
0,6,Linear,Logic,1.1192e+06,1.12281e+06,3611.12
0,6,down_proj,GPU,1.12281e+06,1.12642e+06,3611.12
0,6,Linear,Logic,1.12281e+06,1.12642e+06,3611.12
0,6,sync_2,GPU,1.1445e+06,1.1445e+06,0
0,6,sync__set,GPU,1.1445e+06,1.1445e+06,0
0,6,sync__,GPU,1.1445e+06,1.1445e+06,0
0,6,moe_all_reduce_for_e_tp,GPU,1.1445e+06,1.16512e+06,20621.4
0,6,sync_3,GPU,1.16512e+06,1.16512e+06,0
0,6,sync__set,GPU,1.16512e+06,1.16512e+06,0
0,6,sync__,GPU,1.16512e+06,1.16512e+06,0
0,6,moe_gather,GPU,1.16512e+06,1.16512e+06,0
0,6,sync_for_moe_gather,GPU,1.16512e+06,1.16512e+06,0
0,6,sync__set,GPU,1.16512e+06,1.16512e+06,0
0,6,sync__,GPU,1.16512e+06,1.16512e+06,0
0,6,moe_all_reduce_for_gather,GPU,1.16512e+06,1.18574e+06,20621.4
0,6,sync_5,GPU,1.18574e+06,1.18574e+06,0
0,6,sync__set,GPU,1.18574e+06,1.18574e+06,0
0,6,sync__,GPU,1.18574e+06,1.18574e+06,0
0,6,sync_6,GPU,1.18574e+06,1.18574e+06,0
0,6,sync__set,GPU,1.18574e+06,1.18574e+06,0
0,6,sync__,GPU,1.18574e+06,1.18574e+06,0
0,6,residual_2,GPU,1.18574e+06,1.186e+06,261.148
0,7,MoE_decoder_7,GPU,1.186e+06,1.35538e+06,169377
0,7,input_layer_norm,GPU,1.186e+06,1.18627e+06,261.148
0,7,attention,GPU,1.18627e+06,1.22614e+06,39870
0,7,attn_qkv_proj,GPU,1.18627e+06,1.19261e+06,6347.9
0,7,Linear,GPU,1.18627e+06,1.19261e+06,6347.9
0,7,self_attention,GPU,1.19261e+06,1.20124e+06,8625.91
0,7,AttentionSplit,GPU,1.19261e+06,1.19261e+06,0
0,7,AttentionSum,GPU,1.19261e+06,1.19261e+06,0
0,7,AttentionGen,Logic,1.19261e+06,1.20124e+06,8625.91
0,7,AttentionMerge,GPU,1.20124e+06,1.20124e+06,0
0,7,attn_o_proj,GPU,1.20124e+06,1.20551e+06,4274.79
0,7,Linear,GPU,1.20124e+06,1.20551e+06,4274.79
0,7,all_reduce,GPU,1.20551e+06,1.22614e+06,20621.4
0,7,residual_1,GPU,1.22614e+06,1.2264e+06,261.148
0,7,post_attn_layer_norm,GPU,1.2264e+06,1.22666e+06,261.148
0,7,expertFFN,GPU,1.22666e+06,1.35512e+06,128462
0,7,sync_0,GPU,1.22666e+06,1.22666e+06,0
0,7,sync__set,GPU,1.22666e+06,1.22666e+06,0
0,7,sync__,GPU,1.22666e+06,1.22666e+06,0
0,7,gate_fn,GPU,1.22666e+06,1.22682e+06,160.957
0,7,Linear,GPU,1.22666e+06,1.22682e+06,160.957
0,7,gate_update,GPU,1.22682e+06,1.22682e+06,0
0,7,moe_scatter,GPU,1.22682e+06,1.22682e+06,0
0,7,sync_for_moe_scatter,GPU,1.22682e+06,1.22682e+06,0
0,7,sync__set,GPU,1.22682e+06,1.22682e+06,0
0,7,sync__,GPU,1.22682e+06,1.22682e+06,0
0,7,moe_route,GPU,1.22682e+06,1.22682e+06,0
0,7,expert_FFN_0,GPU,1.22682e+06,1.27038e+06,43562.4
0,7,gate_proj,GPU,1.22682e+06,1.2413e+06,14482.1
0,7,Linear,GPU,1.22682e+06,1.2413e+06,14482.1
0,7,activation,GPU,1.2413e+06,1.24142e+06,116.01
0,7,up_proj,GPU,1.24142e+06,1.2559e+06,14482.1
0,7,Linear,GPU,1.24142e+06,1.2559e+06,14482.1
0,7,down_proj,GPU,1.2559e+06,1.27038e+06,14482.1
0,7,Linear,GPU,1.2559e+06,1.27038e+06,14482.1
0,7,expert_FFN_1,GPU,1.27038e+06,1.31388e+06,43496.1
0,7,gate_proj,GPU,1.27038e+06,1.28485e+06,14467.1
0,7,Linear,GPU,1.27038e+06,1.28485e+06,14467.1
0,7,activation,GPU,1.28485e+06,1.28494e+06,94.9171
0,7,up_proj,GPU,1.28494e+06,1.29941e+06,14467.1
0,7,Linear,GPU,1.28494e+06,1.29941e+06,14467.1
0,7,down_proj,GPU,1.29941e+06,1.31388e+06,14467.1
0,7,Linear,GPU,1.29941e+06,1.31388e+06,14467.1
0,7,expert_FFN_2,GPU,1.22682e+06,1.23768e+06,10857.5
0,7,gate_proj,GPU,1.22682e+06,1.23043e+06,3613
0,7,Linear,Logic,1.22682e+06,1.23043e+06,3613
0,7,activation,Logic,1.23043e+06,1.23045e+06,18.4561
0,7,up_proj,GPU,1.23045e+06,1.23406e+06,3613
0,7,Linear,Logic,1.23045e+06,1.23406e+06,3613
0,7,down_proj,GPU,1.23406e+06,1.23768e+06,3613
0,7,Linear,Logic,1.23406e+06,1.23768e+06,3613
0,7,expert_FFN_3,GPU,1.23768e+06,1.24853e+06,10857.5
0,7,gate_proj,GPU,1.23768e+06,1.24129e+06,3613
0,7,Linear,Logic,1.23768e+06,1.24129e+06,3613
0,7,activation,Logic,1.24129e+06,1.24131e+06,18.4561
0,7,up_proj,GPU,1.24131e+06,1.24492e+06,3613
0,7,Linear,Logic,1.24131e+06,1.24492e+06,3613
0,7,down_proj,GPU,1.24492e+06,1.24853e+06,3613
0,7,Linear,Logic,1.24492e+06,1.24853e+06,3613
0,7,expert_FFN_4,GPU,1.24853e+06,1.26071e+06,12173.1
0,7,gate_proj,GPU,1.24853e+06,1.25258e+06,4049.8
0,7,Linear,Logic,1.24853e+06,1.25258e+06,4049.8
0,7,activation,Logic,1.25258e+06,1.25261e+06,23.7293
0,7,up_proj,GPU,1.25261e+06,1.25666e+06,4049.8
0,7,Linear,Logic,1.25261e+06,1.25666e+06,4049.8
0,7,down_proj,GPU,1.25666e+06,1.26071e+06,4049.8
0,7,Linear,Logic,1.25666e+06,1.26071e+06,4049.8
0,7,expert_FFN_5,GPU,1.26071e+06,1.27156e+06,10849.2
0,7,gate_proj,GPU,1.26071e+06,1.26432e+06,3611.12
0,7,Linear,Logic,1.26071e+06,1.26432e+06,3611.12
0,7,activation,Logic,1.26432e+06,1.26433e+06,15.8195
0,7,up_proj,GPU,1.26433e+06,1.26794e+06,3611.12
0,7,Linear,Logic,1.26433e+06,1.26794e+06,3611.12
0,7,down_proj,GPU,1.26794e+06,1.27156e+06,3611.12
0,7,Linear,Logic,1.26794e+06,1.27156e+06,3611.12
0,7,expert_FFN_6,GPU,1.27156e+06,1.28241e+06,10857.5
0,7,gate_proj,GPU,1.27156e+06,1.27517e+06,3613
0,7,Linear,Logic,1.27156e+06,1.27517e+06,3613
0,7,activation,Logic,1.27517e+06,1.27519e+06,18.4561
0,7,up_proj,GPU,1.27519e+06,1.2788e+06,3613
0,7,Linear,Logic,1.27519e+06,1.2788e+06,3613
0,7,down_proj,GPU,1.2788e+06,1.28241e+06,3613
0,7,Linear,Logic,1.2788e+06,1.28241e+06,3613
0,7,expert_FFN_7,GPU,1.28241e+06,1.29328e+06,10865.7
0,7,gate_proj,GPU,1.28241e+06,1.28603e+06,3614.89
0,7,Linear,Logic,1.28241e+06,1.28603e+06,3614.89
0,7,activation,Logic,1.28603e+06,1.28605e+06,21.0927
0,7,up_proj,GPU,1.28605e+06,1.28966e+06,3614.89
0,7,Linear,Logic,1.28605e+06,1.28966e+06,3614.89
0,7,down_proj,GPU,1.28966e+06,1.29328e+06,3614.89
0,7,Linear,Logic,1.28966e+06,1.29328e+06,3614.89
0,7,sync_2,GPU,1.31388e+06,1.31388e+06,0
0,7,sync__set,GPU,1.31388e+06,1.31388e+06,0
0,7,sync__,GPU,1.31388e+06,1.31388e+06,0
0,7,moe_all_reduce_for_e_tp,GPU,1.31388e+06,1.3345e+06,20621.4
0,7,sync_3,GPU,1.3345e+06,1.3345e+06,0
0,7,sync__set,GPU,1.3345e+06,1.3345e+06,0
0,7,sync__,GPU,1.3345e+06,1.3345e+06,0
0,7,moe_gather,GPU,1.3345e+06,1.3345e+06,0
0,7,sync_for_moe_gather,GPU,1.3345e+06,1.3345e+06,0
0,7,sync__set,GPU,1.3345e+06,1.3345e+06,0
0,7,sync__,GPU,1.3345e+06,1.3345e+06,0
0,7,moe_all_reduce_for_gather,GPU,1.3345e+06,1.35512e+06,20621.4
0,7,sync_5,GPU,1.35512e+06,1.35512e+06,0
0,7,sync__set,GPU,1.35512e+06,1.35512e+06,0
0,7,sync__,GPU,1.35512e+06,1.35512e+06,0
0,7,sync_6,GPU,1.35512e+06,1.35512e+06,0
0,7,sync__set,GPU,1.35512e+06,1.35512e+06,0
0,7,sync__,GPU,1.35512e+06,1.35512e+06,0
0,7,residual_2,GPU,1.35512e+06,1.35538e+06,261.148
0,8,MoE_decoder_8,GPU,1.35538e+06,1.52486e+06,169476
0,8,input_layer_norm,GPU,1.35538e+06,1.35564e+06,261.148
0,8,attention,GPU,1.35564e+06,1.39551e+06,39870
0,8,attn_qkv_proj,GPU,1.35564e+06,1.36199e+06,6347.9
0,8,Linear,GPU,1.35564e+06,1.36199e+06,6347.9
0,8,self_attention,GPU,1.36199e+06,1.37062e+06,8625.91
0,8,AttentionSplit,GPU,1.36199e+06,1.36199e+06,0
0,8,AttentionSum,GPU,1.36199e+06,1.36199e+06,0
0,8,AttentionGen,Logic,1.36199e+06,1.37062e+06,8625.91
0,8,AttentionMerge,GPU,1.37062e+06,1.37062e+06,0
0,8,attn_o_proj,GPU,1.37062e+06,1.37489e+06,4274.79
0,8,Linear,GPU,1.37062e+06,1.37489e+06,4274.79
0,8,all_reduce,GPU,1.37489e+06,1.39551e+06,20621.4
0,8,residual_1,GPU,1.39551e+06,1.39577e+06,261.148
0,8,post_attn_layer_norm,GPU,1.39577e+06,1.39603e+06,261.148
0,8,expertFFN,GPU,1.39603e+06,1.5246e+06,128562
0,8,sync_0,GPU,1.39603e+06,1.39603e+06,0
0,8,sync__set,GPU,1.39603e+06,1.39603e+06,0
0,8,sync__,GPU,1.39603e+06,1.39603e+06,0
0,8,gate_fn,GPU,1.39603e+06,1.3962e+06,160.957
0,8,Linear,GPU,1.39603e+06,1.3962e+06,160.957
0,8,gate_update,GPU,1.3962e+06,1.3962e+06,0
0,8,moe_scatter,GPU,1.3962e+06,1.3962e+06,0
0,8,sync_for_moe_scatter,GPU,1.3962e+06,1.3962e+06,0
0,8,sync__set,GPU,1.3962e+06,1.3962e+06,0
0,8,sync__,GPU,1.3962e+06,1.3962e+06,0
0,8,moe_route,GPU,1.3962e+06,1.3962e+06,0
0,8,expert_FFN_0,GPU,1.3962e+06,1.43982e+06,43628.7
0,8,gate_proj,GPU,1.3962e+06,1.41069e+06,14497.2
0,8,Linear,GPU,1.3962e+06,1.41069e+06,14497.2
0,8,activation,GPU,1.41069e+06,1.41083e+06,137.103
0,8,up_proj,GPU,1.41083e+06,1.42533e+06,14497.2
0,8,Linear,GPU,1.41083e+06,1.42533e+06,14497.2
0,8,down_proj,GPU,1.42533e+06,1.43982e+06,14497.2
0,8,Linear,GPU,1.42533e+06,1.43982e+06,14497.2
0,8,expert_FFN_1,GPU,1.43982e+06,1.48335e+06,43529.3
0,8,gate_proj,GPU,1.43982e+06,1.4543e+06,14474.6
0,8,Linear,GPU,1.43982e+06,1.4543e+06,14474.6
0,8,activation,GPU,1.4543e+06,1.4544e+06,105.463
0,8,up_proj,GPU,1.4544e+06,1.46888e+06,14474.6
0,8,Linear,GPU,1.4544e+06,1.46888e+06,14474.6
0,8,down_proj,GPU,1.46888e+06,1.48335e+06,14474.6
0,8,Linear,GPU,1.46888e+06,1.48335e+06,14474.6
0,8,expert_FFN_2,GPU,1.3962e+06,1.40837e+06,12173.1
0,8,gate_proj,GPU,1.3962e+06,1.40025e+06,4049.8
0,8,Linear,Logic,1.3962e+06,1.40025e+06,4049.8
0,8,activation,Logic,1.40025e+06,1.40027e+06,23.7293
0,8,up_proj,GPU,1.40027e+06,1.40432e+06,4049.8
0,8,Linear,Logic,1.40027e+06,1.40432e+06,4049.8
0,8,down_proj,GPU,1.40432e+06,1.40837e+06,4049.8
0,8,Linear,Logic,1.40432e+06,1.40837e+06,4049.8
0,8,expert_FFN_3,GPU,1.40837e+06,1.41923e+06,10865.7
0,8,gate_proj,GPU,1.40837e+06,1.41198e+06,3614.89
0,8,Linear,Logic,1.40837e+06,1.41198e+06,3614.89
0,8,activation,Logic,1.41198e+06,1.412e+06,21.0927
0,8,up_proj,GPU,1.412e+06,1.41562e+06,3614.89
0,8,Linear,Logic,1.412e+06,1.41562e+06,3614.89
0,8,down_proj,GPU,1.41562e+06,1.41923e+06,3614.89
0,8,Linear,Logic,1.41562e+06,1.41923e+06,3614.89
0,8,expert_FFN_4,GPU,1.41923e+06,1.43276e+06,13525.7
0,8,gate_proj,GPU,1.41923e+06,1.42373e+06,4499.77
0,8,Linear,Logic,1.41923e+06,1.42373e+06,4499.77
0,8,activation,Logic,1.42373e+06,1.42376e+06,26.3659
0,8,up_proj,GPU,1.42376e+06,1.42826e+06,4499.77
0,8,Linear,Logic,1.42376e+06,1.42826e+06,4499.77
0,8,down_proj,GPU,1.42826e+06,1.43276e+06,4499.77
0,8,Linear,Logic,1.42826e+06,1.43276e+06,4499.77
0,8,expert_FFN_5,GPU,1.43276e+06,1.4436e+06,10840.9
0,8,gate_proj,GPU,1.43276e+06,1.43637e+06,3609.24
0,8,Linear,Logic,1.43276e+06,1.43637e+06,3609.24
0,8,activation,Logic,1.43637e+06,1.43638e+06,13.1829
0,8,up_proj,GPU,1.43638e+06,1.43999e+06,3609.24
0,8,Linear,Logic,1.43638e+06,1.43999e+06,3609.24
0,8,down_proj,GPU,1.43999e+06,1.4436e+06,3609.24
0,8,Linear,Logic,1.43999e+06,1.4436e+06,3609.24
0,8,expert_FFN_6,GPU,1.4436e+06,1.45445e+06,10849.2
0,8,gate_proj,GPU,1.4436e+06,1.44721e+06,3611.12
0,8,Linear,Logic,1.4436e+06,1.44721e+06,3611.12
0,8,activation,Logic,1.44721e+06,1.44723e+06,15.8195
0,8,up_proj,GPU,1.44723e+06,1.45084e+06,3611.12
0,8,Linear,Logic,1.44723e+06,1.45084e+06,3611.12
0,8,down_proj,GPU,1.45084e+06,1.45445e+06,3611.12
0,8,Linear,Logic,1.45084e+06,1.45445e+06,3611.12
0,8,expert_FFN_7,GPU,1.45445e+06,1.46527e+06,10824.3
0,8,gate_proj,GPU,1.45445e+06,1.45806e+06,3605.47
0,8,Linear,Logic,1.45445e+06,1.45806e+06,3605.47
0,8,activation,Logic,1.45806e+06,1.45806e+06,7.90976
0,8,up_proj,GPU,1.45806e+06,1.46167e+06,3605.47
0,8,Linear,Logic,1.45806e+06,1.46167e+06,3605.47
0,8,down_proj,GPU,1.46167e+06,1.46527e+06,3605.47
0,8,Linear,Logic,1.46167e+06,1.46527e+06,3605.47
0,8,sync_2,GPU,1.48335e+06,1.48335e+06,0
0,8,sync__set,GPU,1.48335e+06,1.48335e+06,0
0,8,sync__,GPU,1.48335e+06,1.48335e+06,0
0,8,moe_all_reduce_for_e_tp,GPU,1.48335e+06,1.50397e+06,20621.4
0,8,sync_3,GPU,1.50397e+06,1.50397e+06,0
0,8,sync__set,GPU,1.50397e+06,1.50397e+06,0
0,8,sync__,GPU,1.50397e+06,1.50397e+06,0
0,8,moe_gather,GPU,1.50397e+06,1.50397e+06,0
0,8,sync_for_moe_gather,GPU,1.50397e+06,1.50397e+06,0
0,8,sync__set,GPU,1.50397e+06,1.50397e+06,0
0,8,sync__,GPU,1.50397e+06,1.50397e+06,0
0,8,moe_all_reduce_for_gather,GPU,1.50397e+06,1.5246e+06,20621.4
0,8,sync_5,GPU,1.5246e+06,1.5246e+06,0
0,8,sync__set,GPU,1.5246e+06,1.5246e+06,0
0,8,sync__,GPU,1.5246e+06,1.5246e+06,0
0,8,sync_6,GPU,1.5246e+06,1.5246e+06,0
0,8,sync__set,GPU,1.5246e+06,1.5246e+06,0
0,8,sync__,GPU,1.5246e+06,1.5246e+06,0
0,8,residual_2,GPU,1.5246e+06,1.52486e+06,261.148
0,9,MoE_decoder_9,GPU,1.52486e+06,1.69934e+06,174486
0,9,input_layer_norm,GPU,1.52486e+06,1.52512e+06,261.148
0,9,attention,GPU,1.52512e+06,1.56499e+06,39870
0,9,attn_qkv_proj,GPU,1.52512e+06,1.53147e+06,6347.9
0,9,Linear,GPU,1.52512e+06,1.53147e+06,6347.9
0,9,self_attention,GPU,1.53147e+06,1.54009e+06,8625.91
0,9,AttentionSplit,GPU,1.53147e+06,1.53147e+06,0
0,9,AttentionSum,GPU,1.53147e+06,1.53147e+06,0
0,9,AttentionGen,Logic,1.53147e+06,1.54009e+06,8625.91
0,9,AttentionMerge,GPU,1.54009e+06,1.54009e+06,0
0,9,attn_o_proj,GPU,1.54009e+06,1.54437e+06,4274.79
0,9,Linear,GPU,1.54009e+06,1.54437e+06,4274.79
0,9,all_reduce,GPU,1.54437e+06,1.56499e+06,20621.4
0,9,residual_1,GPU,1.56499e+06,1.56525e+06,261.148
0,9,post_attn_layer_norm,GPU,1.56525e+06,1.56551e+06,261.148
0,9,expertFFN,GPU,1.56551e+06,1.69908e+06,133571
0,9,sync_0,GPU,1.56551e+06,1.56551e+06,0
0,9,sync__set,GPU,1.56551e+06,1.56551e+06,0
0,9,sync__,GPU,1.56551e+06,1.56551e+06,0
0,9,gate_fn,GPU,1.56551e+06,1.56567e+06,160.957
0,9,Linear,GPU,1.56551e+06,1.56567e+06,160.957
0,9,gate_update,GPU,1.56567e+06,1.56567e+06,0
0,9,moe_scatter,GPU,1.56567e+06,1.56567e+06,0
0,9,sync_for_moe_scatter,GPU,1.56567e+06,1.56567e+06,0
0,9,sync__set,GPU,1.56567e+06,1.56567e+06,0
0,9,sync__,GPU,1.56567e+06,1.56567e+06,0
0,9,moe_route,GPU,1.56567e+06,1.56567e+06,0
0,9,expert_FFN_0,GPU,1.56567e+06,1.57784e+06,12173.1
0,9,gate_proj,GPU,1.56567e+06,1.56972e+06,4049.8
0,9,Linear,Logic,1.56567e+06,1.56972e+06,4049.8
0,9,activation,Logic,1.56972e+06,1.56975e+06,23.7293
0,9,up_proj,GPU,1.56975e+06,1.5738e+06,4049.8
0,9,Linear,Logic,1.56975e+06,1.5738e+06,4049.8
0,9,down_proj,GPU,1.5738e+06,1.57784e+06,4049.8
0,9,Linear,Logic,1.5738e+06,1.57784e+06,4049.8
0,9,expert_FFN_1,GPU,1.57784e+06,1.58871e+06,10865.7
0,9,gate_proj,GPU,1.57784e+06,1.58146e+06,3614.89
0,9,Linear,Logic,1.57784e+06,1.58146e+06,3614.89
0,9,activation,Logic,1.58146e+06,1.58148e+06,21.0927
0,9,up_proj,GPU,1.58148e+06,1.5851e+06,3614.89
0,9,Linear,Logic,1.58148e+06,1.5851e+06,3614.89
0,9,down_proj,GPU,1.5851e+06,1.58871e+06,3614.89
0,9,Linear,Logic,1.5851e+06,1.58871e+06,3614.89
0,9,expert_FFN_2,GPU,1.58871e+06,1.59958e+06,10865.7
0,9,gate_proj,GPU,1.58871e+06,1.59233e+06,3614.89
0,9,Linear,Logic,1.58871e+06,1.59233e+06,3614.89
0,9,activation,Logic,1.59233e+06,1.59235e+06,21.0927
0,9,up_proj,GPU,1.59235e+06,1.59596e+06,3614.89
0,9,Linear,Logic,1.59235e+06,1.59596e+06,3614.89
0,9,down_proj,GPU,1.59596e+06,1.59958e+06,3614.89
0,9,Linear,Logic,1.59596e+06,1.59958e+06,3614.89
0,9,expert_FFN_3,GPU,1.59958e+06,1.61043e+06,10857.5
0,9,gate_proj,GPU,1.59958e+06,1.60319e+06,3613
0,9,Linear,Logic,1.59958e+06,1.60319e+06,3613
0,9,activation,Logic,1.60319e+06,1.60321e+06,18.4561
0,9,up_proj,GPU,1.60321e+06,1.60682e+06,3613
0,9,Linear,Logic,1.60321e+06,1.60682e+06,3613
0,9,down_proj,GPU,1.60682e+06,1.61043e+06,3613
0,9,Linear,Logic,1.60682e+06,1.61043e+06,3613
0,9,expert_FFN_4,GPU,1.61043e+06,1.62261e+06,12173.1
0,9,gate_proj,GPU,1.61043e+06,1.61448e+06,4049.8
0,9,Linear,Logic,1.61043e+06,1.61448e+06,4049.8
0,9,activation,Logic,1.61448e+06,1.61451e+06,23.7293
0,9,up_proj,GPU,1.61451e+06,1.61856e+06,4049.8
0,9,Linear,Logic,1.61451e+06,1.61856e+06,4049.8
0,9,down_proj,GPU,1.61856e+06,1.62261e+06,4049.8
0,9,Linear,Logic,1.61856e+06,1.62261e+06,4049.8
0,9,expert_FFN_5,GPU,1.62261e+06,1.63346e+06,10857.5
0,9,gate_proj,GPU,1.62261e+06,1.62622e+06,3613
0,9,Linear,Logic,1.62261e+06,1.62622e+06,3613
0,9,activation,Logic,1.62622e+06,1.62624e+06,18.4561
0,9,up_proj,GPU,1.62624e+06,1.62985e+06,3613
0,9,Linear,Logic,1.62624e+06,1.62985e+06,3613
0,9,down_proj,GPU,1.62985e+06,1.63346e+06,3613
0,9,Linear,Logic,1.62985e+06,1.63346e+06,3613
0,9,expert_FFN_6,GPU,1.63346e+06,1.64431e+06,10849.2
0,9,gate_proj,GPU,1.63346e+06,1.63708e+06,3611.12
0,9,Linear,Logic,1.63346e+06,1.63708e+06,3611.12
0,9,activation,Logic,1.63708e+06,1.63709e+06,15.8195
0,9,up_proj,GPU,1.63709e+06,1.6407e+06,3611.12
0,9,Linear,Logic,1.63709e+06,1.6407e+06,3611.12
0,9,down_proj,GPU,1.6407e+06,1.64431e+06,3611.12
0,9,Linear,Logic,1.6407e+06,1.64431e+06,3611.12
0,9,expert_FFN_7,GPU,1.64431e+06,1.65784e+06,13525.7
0,9,gate_proj,GPU,1.64431e+06,1.64881e+06,4499.77
0,9,Linear,Logic,1.64431e+06,1.64881e+06,4499.77
0,9,activation,Logic,1.64881e+06,1.64884e+06,26.3659
0,9,up_proj,GPU,1.64884e+06,1.65334e+06,4499.77
0,9,Linear,Logic,1.64884e+06,1.65334e+06,4499.77
0,9,down_proj,GPU,1.65334e+06,1.65784e+06,4499.77
0,9,Linear,Logic,1.65334e+06,1.65784e+06,4499.77
0,9,sync_2,GPU,1.65784e+06,1.65784e+06,0
0,9,sync__set,GPU,1.65784e+06,1.65784e+06,0
0,9,sync__,GPU,1.65784e+06,1.65784e+06,0
0,9,moe_all_reduce_for_e_tp,GPU,1.65784e+06,1.67846e+06,20621.4
0,9,sync_3,GPU,1.67846e+06,1.67846e+06,0
0,9,sync__set,GPU,1.67846e+06,1.67846e+06,0
0,9,sync__,GPU,1.67846e+06,1.67846e+06,0
0,9,moe_gather,GPU,1.67846e+06,1.67846e+06,0
0,9,sync_for_moe_gather,GPU,1.67846e+06,1.67846e+06,0
0,9,sync__set,GPU,1.67846e+06,1.67846e+06,0
0,9,sync__,GPU,1.67846e+06,1.67846e+06,0
0,9,moe_all_reduce_for_gather,GPU,1.67846e+06,1.69908e+06,20621.4
0,9,sync_5,GPU,1.69908e+06,1.69908e+06,0
0,9,sync__set,GPU,1.69908e+06,1.69908e+06,0
0,9,sync__,GPU,1.69908e+06,1.69908e+06,0
0,9,sync_6,GPU,1.69908e+06,1.69908e+06,0
0,9,sync__set,GPU,1.69908e+06,1.69908e+06,0
0,9,sync__,GPU,1.69908e+06,1.69908e+06,0
0,9,residual_2,GPU,1.69908e+06,1.69934e+06,261.148
0,10,MoE_decoder_10,GPU,1.69934e+06,1.86865e+06,169311
0,10,input_layer_norm,GPU,1.69934e+06,1.6996e+06,261.148
0,10,attention,GPU,1.6996e+06,1.73947e+06,39870
0,10,attn_qkv_proj,GPU,1.6996e+06,1.70595e+06,6347.9
0,10,Linear,GPU,1.6996e+06,1.70595e+06,6347.9
0,10,self_attention,GPU,1.70595e+06,1.71458e+06,8625.91
0,10,AttentionSplit,GPU,1.70595e+06,1.70595e+06,0
0,10,AttentionSum,GPU,1.70595e+06,1.70595e+06,0
0,10,AttentionGen,Logic,1.70595e+06,1.71458e+06,8625.91
0,10,AttentionMerge,GPU,1.71458e+06,1.71458e+06,0
0,10,attn_o_proj,GPU,1.71458e+06,1.71885e+06,4274.79
0,10,Linear,GPU,1.71458e+06,1.71885e+06,4274.79
0,10,all_reduce,GPU,1.71885e+06,1.73947e+06,20621.4
0,10,residual_1,GPU,1.73947e+06,1.73974e+06,261.148
0,10,post_attn_layer_norm,GPU,1.73974e+06,1.74e+06,261.148
0,10,expertFFN,GPU,1.74e+06,1.86839e+06,128396
0,10,sync_0,GPU,1.74e+06,1.74e+06,0
0,10,sync__set,GPU,1.74e+06,1.74e+06,0
0,10,sync__,GPU,1.74e+06,1.74e+06,0
0,10,gate_fn,GPU,1.74e+06,1.74016e+06,160.957
0,10,Linear,GPU,1.74e+06,1.74016e+06,160.957
0,10,gate_update,GPU,1.74016e+06,1.74016e+06,0
0,10,moe_scatter,GPU,1.74016e+06,1.74016e+06,0
0,10,sync_for_moe_scatter,GPU,1.74016e+06,1.74016e+06,0
0,10,sync__set,GPU,1.74016e+06,1.74016e+06,0
0,10,sync__,GPU,1.74016e+06,1.74016e+06,0
0,10,moe_route,GPU,1.74016e+06,1.74016e+06,0
0,10,expert_FFN_0,GPU,1.74016e+06,1.75639e+06,16230.8
0,10,gate_proj,GPU,1.74016e+06,1.74556e+06,5399.73
0,10,Linear,Logic,1.74016e+06,1.74556e+06,5399.73
0,10,activation,Logic,1.74556e+06,1.74559e+06,31.639
0,10,up_proj,GPU,1.74559e+06,1.75099e+06,5399.73
0,10,Linear,Logic,1.74559e+06,1.75099e+06,5399.73
0,10,down_proj,GPU,1.75099e+06,1.75639e+06,5399.73
0,10,Linear,Logic,1.75099e+06,1.75639e+06,5399.73
0,10,expert_FFN_1,GPU,1.75639e+06,1.76721e+06,10824.3
0,10,gate_proj,GPU,1.75639e+06,1.75999e+06,3605.47
0,10,Linear,Logic,1.75639e+06,1.75999e+06,3605.47
0,10,activation,Logic,1.75999e+06,1.76e+06,7.90976
0,10,up_proj,GPU,1.76e+06,1.76361e+06,3605.47
0,10,Linear,Logic,1.76e+06,1.76361e+06,3605.47
0,10,down_proj,GPU,1.76361e+06,1.76721e+06,3605.47
0,10,Linear,Logic,1.76361e+06,1.76721e+06,3605.47
0,10,expert_FFN_2,GPU,1.76721e+06,1.77807e+06,10857.5
0,10,gate_proj,GPU,1.76721e+06,1.77083e+06,3613
0,10,Linear,Logic,1.76721e+06,1.77083e+06,3613
0,10,activation,Logic,1.77083e+06,1.77084e+06,18.4561
0,10,up_proj,GPU,1.77084e+06,1.77446e+06,3613
0,10,Linear,Logic,1.77084e+06,1.77446e+06,3613
0,10,down_proj,GPU,1.77446e+06,1.77807e+06,3613
0,10,Linear,Logic,1.77446e+06,1.77807e+06,3613
0,10,expert_FFN_3,GPU,1.77807e+06,1.78893e+06,10857.5
0,10,gate_proj,GPU,1.77807e+06,1.78168e+06,3613
0,10,Linear,Logic,1.77807e+06,1.78168e+06,3613
0,10,activation,Logic,1.78168e+06,1.7817e+06,18.4561
0,10,up_proj,GPU,1.7817e+06,1.78531e+06,3613
0,10,Linear,Logic,1.7817e+06,1.78531e+06,3613
0,10,down_proj,GPU,1.78531e+06,1.78893e+06,3613
0,10,Linear,Logic,1.78531e+06,1.78893e+06,3613
0,10,expert_FFN_4,GPU,1.74016e+06,1.78375e+06,43595.6
0,10,gate_proj,GPU,1.74016e+06,1.75465e+06,14489.7
0,10,Linear,GPU,1.74016e+06,1.75465e+06,14489.7
0,10,activation,GPU,1.75465e+06,1.75477e+06,126.556
0,10,up_proj,GPU,1.75477e+06,1.76926e+06,14489.7
0,10,Linear,GPU,1.75477e+06,1.76926e+06,14489.7
0,10,down_proj,GPU,1.76926e+06,1.78375e+06,14489.7
0,10,Linear,GPU,1.76926e+06,1.78375e+06,14489.7
0,10,expert_FFN_5,GPU,1.78375e+06,1.82715e+06,43396.7
0,10,gate_proj,GPU,1.78375e+06,1.7982e+06,14444.5
0,10,Linear,GPU,1.78375e+06,1.7982e+06,14444.5
0,10,activation,GPU,1.7982e+06,1.79826e+06,63.2781
0,10,up_proj,GPU,1.79826e+06,1.81271e+06,14444.5
0,10,Linear,GPU,1.79826e+06,1.81271e+06,14444.5
0,10,down_proj,GPU,1.81271e+06,1.82715e+06,14444.5
0,10,Linear,GPU,1.81271e+06,1.82715e+06,14444.5
0,10,expert_FFN_6,GPU,1.78893e+06,1.8011e+06,12173.1
0,10,gate_proj,GPU,1.78893e+06,1.79298e+06,4049.8
0,10,Linear,Logic,1.78893e+06,1.79298e+06,4049.8
0,10,activation,Logic,1.79298e+06,1.793e+06,23.7293
0,10,up_proj,GPU,1.793e+06,1.79705e+06,4049.8
0,10,Linear,Logic,1.793e+06,1.79705e+06,4049.8
0,10,down_proj,GPU,1.79705e+06,1.8011e+06,4049.8
0,10,Linear,Logic,1.79705e+06,1.8011e+06,4049.8
0,10,expert_FFN_7,GPU,1.8011e+06,1.81197e+06,10865.7
0,10,gate_proj,GPU,1.8011e+06,1.80472e+06,3614.89
0,10,Linear,Logic,1.8011e+06,1.80472e+06,3614.89
0,10,activation,Logic,1.80472e+06,1.80474e+06,21.0927
0,10,up_proj,GPU,1.80474e+06,1.80835e+06,3614.89
0,10,Linear,Logic,1.80474e+06,1.80835e+06,3614.89
0,10,down_proj,GPU,1.80835e+06,1.81197e+06,3614.89
0,10,Linear,Logic,1.80835e+06,1.81197e+06,3614.89
0,10,sync_2,GPU,1.82715e+06,1.82715e+06,0
0,10,sync__set,GPU,1.82715e+06,1.82715e+06,0
0,10,sync__,GPU,1.82715e+06,1.82715e+06,0
0,10,moe_all_reduce_for_e_tp,GPU,1.82715e+06,1.84777e+06,20621.4
0,10,sync_3,GPU,1.84777e+06,1.84777e+06,0
0,10,sync__set,GPU,1.84777e+06,1.84777e+06,0
0,10,sync__,GPU,1.84777e+06,1.84777e+06,0
0,10,moe_gather,GPU,1.84777e+06,1.84777e+06,0
0,10,sync_for_moe_gather,GPU,1.84777e+06,1.84777e+06,0
0,10,sync__set,GPU,1.84777e+06,1.84777e+06,0
0,10,sync__,GPU,1.84777e+06,1.84777e+06,0
0,10,moe_all_reduce_for_gather,GPU,1.84777e+06,1.86839e+06,20621.4
0,10,sync_5,GPU,1.86839e+06,1.86839e+06,0
0,10,sync__set,GPU,1.86839e+06,1.86839e+06,0
0,10,sync__,GPU,1.86839e+06,1.86839e+06,0
0,10,sync_6,GPU,1.86839e+06,1.86839e+06,0
0,10,sync__set,GPU,1.86839e+06,1.86839e+06,0
0,10,sync__,GPU,1.86839e+06,1.86839e+06,0
0,10,residual_2,GPU,1.86839e+06,1.86865e+06,261.148
0,11,MoE_decoder_11,GPU,1.86865e+06,2.038e+06,169344
0,11,input_layer_norm,GPU,1.86865e+06,1.86892e+06,261.148
0,11,attention,GPU,1.86892e+06,1.90879e+06,39870
0,11,attn_qkv_proj,GPU,1.86892e+06,1.87526e+06,6347.9
0,11,Linear,GPU,1.86892e+06,1.87526e+06,6347.9
0,11,self_attention,GPU,1.87526e+06,1.88389e+06,8625.91
0,11,AttentionSplit,GPU,1.87526e+06,1.87526e+06,0
0,11,AttentionSum,GPU,1.87526e+06,1.87526e+06,0
0,11,AttentionGen,Logic,1.87526e+06,1.88389e+06,8625.91
0,11,AttentionMerge,GPU,1.88389e+06,1.88389e+06,0
0,11,attn_o_proj,GPU,1.88389e+06,1.88816e+06,4274.79
0,11,Linear,GPU,1.88389e+06,1.88816e+06,4274.79
0,11,all_reduce,GPU,1.88816e+06,1.90879e+06,20621.4
0,11,residual_1,GPU,1.90879e+06,1.90905e+06,261.148
0,11,post_attn_layer_norm,GPU,1.90905e+06,1.90931e+06,261.148
0,11,expertFFN,GPU,1.90931e+06,2.03774e+06,128429
0,11,sync_0,GPU,1.90931e+06,1.90931e+06,0
0,11,sync__set,GPU,1.90931e+06,1.90931e+06,0
0,11,sync__,GPU,1.90931e+06,1.90931e+06,0
0,11,gate_fn,GPU,1.90931e+06,1.90947e+06,160.957
0,11,Linear,GPU,1.90931e+06,1.90947e+06,160.957
0,11,gate_update,GPU,1.90947e+06,1.90947e+06,0
0,11,moe_scatter,GPU,1.90947e+06,1.90947e+06,0
0,11,sync_for_moe_scatter,GPU,1.90947e+06,1.90947e+06,0
0,11,sync__set,GPU,1.90947e+06,1.90947e+06,0
0,11,sync__,GPU,1.90947e+06,1.90947e+06,0
0,11,moe_route,GPU,1.90947e+06,1.90947e+06,0
0,11,expert_FFN_0,GPU,1.90947e+06,1.9203e+06,10832.6
0,11,gate_proj,GPU,1.90947e+06,1.91308e+06,3607.35
0,11,Linear,Logic,1.90947e+06,1.91308e+06,3607.35
0,11,activation,Logic,1.91308e+06,1.91309e+06,10.5463
0,11,up_proj,GPU,1.91309e+06,1.91669e+06,3607.35
0,11,Linear,Logic,1.91309e+06,1.91669e+06,3607.35
0,11,down_proj,GPU,1.91669e+06,1.9203e+06,3607.35
0,11,Linear,Logic,1.91669e+06,1.9203e+06,3607.35
0,11,expert_FFN_1,GPU,1.9203e+06,1.93117e+06,10865.7
0,11,gate_proj,GPU,1.9203e+06,1.92392e+06,3614.89
0,11,Linear,Logic,1.9203e+06,1.92392e+06,3614.89
0,11,activation,Logic,1.92392e+06,1.92394e+06,21.0927
0,11,up_proj,GPU,1.92394e+06,1.92755e+06,3614.89
0,11,Linear,Logic,1.92394e+06,1.92755e+06,3614.89
0,11,down_proj,GPU,1.92755e+06,1.93117e+06,3614.89
0,11,Linear,Logic,1.92755e+06,1.93117e+06,3614.89
0,11,expert_FFN_2,GPU,1.93117e+06,1.94334e+06,12173.1
0,11,gate_proj,GPU,1.93117e+06,1.93522e+06,4049.8
0,11,Linear,Logic,1.93117e+06,1.93522e+06,4049.8
0,11,activation,Logic,1.93522e+06,1.93524e+06,23.7293
0,11,up_proj,GPU,1.93524e+06,1.93929e+06,4049.8
0,11,Linear,Logic,1.93524e+06,1.93929e+06,4049.8
0,11,down_proj,GPU,1.93929e+06,1.94334e+06,4049.8
0,11,Linear,Logic,1.93929e+06,1.94334e+06,4049.8
0,11,expert_FFN_3,GPU,1.94334e+06,1.95551e+06,12173.1
0,11,gate_proj,GPU,1.94334e+06,1.94739e+06,4049.8
0,11,Linear,Logic,1.94334e+06,1.94739e+06,4049.8
0,11,activation,Logic,1.94739e+06,1.94741e+06,23.7293
0,11,up_proj,GPU,1.94741e+06,1.95146e+06,4049.8
0,11,Linear,Logic,1.94741e+06,1.95146e+06,4049.8
0,11,down_proj,GPU,1.95146e+06,1.95551e+06,4049.8
0,11,Linear,Logic,1.95146e+06,1.95551e+06,4049.8
0,11,expert_FFN_4,GPU,1.90947e+06,1.9531e+06,43628.7
0,11,gate_proj,GPU,1.90947e+06,1.92397e+06,14497.2
0,11,Linear,GPU,1.90947e+06,1.92397e+06,14497.2
0,11,activation,GPU,1.92397e+06,1.9241e+06,137.103
0,11,up_proj,GPU,1.9241e+06,1.9386e+06,14497.2
0,11,Linear,GPU,1.9241e+06,1.9386e+06,14497.2
0,11,down_proj,GPU,1.9386e+06,1.9531e+06,14497.2
0,11,Linear,GPU,1.9386e+06,1.9531e+06,14497.2
0,11,expert_FFN_5,GPU,1.9531e+06,1.99649e+06,43396.7
0,11,gate_proj,GPU,1.9531e+06,1.96754e+06,14444.5
0,11,Linear,GPU,1.9531e+06,1.96754e+06,14444.5
0,11,activation,GPU,1.96754e+06,1.96761e+06,63.2781
0,11,up_proj,GPU,1.96761e+06,1.98205e+06,14444.5
0,11,Linear,GPU,1.96761e+06,1.98205e+06,14444.5
0,11,down_proj,GPU,1.98205e+06,1.99649e+06,14444.5
0,11,Linear,GPU,1.98205e+06,1.99649e+06,14444.5
0,11,expert_FFN_6,GPU,1.95551e+06,1.97174e+06,16230.8
0,11,gate_proj,GPU,1.95551e+06,1.96091e+06,5399.73
0,11,Linear,Logic,1.95551e+06,1.96091e+06,5399.73
0,11,activation,Logic,1.96091e+06,1.96094e+06,31.639
0,11,up_proj,GPU,1.96094e+06,1.96634e+06,5399.73
0,11,Linear,Logic,1.96094e+06,1.96634e+06,5399.73
0,11,down_proj,GPU,1.96634e+06,1.97174e+06,5399.73
0,11,Linear,Logic,1.96634e+06,1.97174e+06,5399.73
0,11,expert_FFN_7,GPU,1.97174e+06,1.98257e+06,10824.3
0,11,gate_proj,GPU,1.97174e+06,1.97535e+06,3605.47
0,11,Linear,Logic,1.97174e+06,1.97535e+06,3605.47
0,11,activation,Logic,1.97535e+06,1.97536e+06,7.90976
0,11,up_proj,GPU,1.97536e+06,1.97896e+06,3605.47
0,11,Linear,Logic,1.97536e+06,1.97896e+06,3605.47
0,11,down_proj,GPU,1.97896e+06,1.98257e+06,3605.47
0,11,Linear,Logic,1.97896e+06,1.98257e+06,3605.47
0,11,sync_2,GPU,1.99649e+06,1.99649e+06,0
0,11,sync__set,GPU,1.99649e+06,1.99649e+06,0
0,11,sync__,GPU,1.99649e+06,1.99649e+06,0
0,11,moe_all_reduce_for_e_tp,GPU,1.99649e+06,2.01712e+06,20621.4
0,11,sync_3,GPU,2.01712e+06,2.01712e+06,0
0,11,sync__set,GPU,2.01712e+06,2.01712e+06,0
0,11,sync__,GPU,2.01712e+06,2.01712e+06,0
0,11,moe_gather,GPU,2.01712e+06,2.01712e+06,0
0,11,sync_for_moe_gather,GPU,2.01712e+06,2.01712e+06,0
0,11,sync__set,GPU,2.01712e+06,2.01712e+06,0
0,11,sync__,GPU,2.01712e+06,2.01712e+06,0
0,11,moe_all_reduce_for_gather,GPU,2.01712e+06,2.03774e+06,20621.4
0,11,sync_5,GPU,2.03774e+06,2.03774e+06,0
0,11,sync__set,GPU,2.03774e+06,2.03774e+06,0
0,11,sync__,GPU,2.03774e+06,2.03774e+06,0
0,11,sync_6,GPU,2.03774e+06,2.03774e+06,0
0,11,sync__set,GPU,2.03774e+06,2.03774e+06,0
0,11,sync__,GPU,2.03774e+06,2.03774e+06,0
0,11,residual_2,GPU,2.03774e+06,2.038e+06,261.148
0,12,MoE_decoder_12,GPU,2.038e+06,2.20754e+06,169543
0,12,input_layer_norm,GPU,2.038e+06,2.03826e+06,261.148
0,12,attention,GPU,2.03826e+06,2.07813e+06,39870
0,12,attn_qkv_proj,GPU,2.03826e+06,2.04461e+06,6347.9
0,12,Linear,GPU,2.03826e+06,2.04461e+06,6347.9
0,12,self_attention,GPU,2.04461e+06,2.05323e+06,8625.91
0,12,AttentionSplit,GPU,2.04461e+06,2.04461e+06,0
0,12,AttentionSum,GPU,2.04461e+06,2.04461e+06,0
0,12,AttentionGen,Logic,2.04461e+06,2.05323e+06,8625.91
0,12,AttentionMerge,GPU,2.05323e+06,2.05323e+06,0
0,12,attn_o_proj,GPU,2.05323e+06,2.05751e+06,4274.79
0,12,Linear,GPU,2.05323e+06,2.05751e+06,4274.79
0,12,all_reduce,GPU,2.05751e+06,2.07813e+06,20621.4
0,12,residual_1,GPU,2.07813e+06,2.07839e+06,261.148
0,12,post_attn_layer_norm,GPU,2.07839e+06,2.07865e+06,261.148
0,12,expertFFN,GPU,2.07865e+06,2.20728e+06,128628
0,12,sync_0,GPU,2.07865e+06,2.07865e+06,0
0,12,sync__set,GPU,2.07865e+06,2.07865e+06,0
0,12,sync__,GPU,2.07865e+06,2.07865e+06,0
0,12,gate_fn,GPU,2.07865e+06,2.07881e+06,160.957
0,12,Linear,GPU,2.07865e+06,2.07881e+06,160.957
0,12,gate_update,GPU,2.07881e+06,2.07881e+06,0
0,12,moe_scatter,GPU,2.07881e+06,2.07881e+06,0
0,12,sync_for_moe_scatter,GPU,2.07881e+06,2.07881e+06,0
0,12,sync__set,GPU,2.07881e+06,2.07881e+06,0
0,12,sync__,GPU,2.07881e+06,2.07881e+06,0
0,12,moe_route,GPU,2.07881e+06,2.07881e+06,0
0,12,expert_FFN_0,GPU,2.07881e+06,2.08968e+06,10865.7
0,12,gate_proj,GPU,2.07881e+06,2.08243e+06,3614.89
0,12,Linear,Logic,2.07881e+06,2.08243e+06,3614.89
0,12,activation,Logic,2.08243e+06,2.08245e+06,21.0927
0,12,up_proj,GPU,2.08245e+06,2.08606e+06,3614.89
0,12,Linear,Logic,2.08245e+06,2.08606e+06,3614.89
0,12,down_proj,GPU,2.08606e+06,2.08968e+06,3614.89
0,12,Linear,Logic,2.08606e+06,2.08968e+06,3614.89
0,12,expert_FFN_1,GPU,2.08968e+06,2.1032e+06,13525.7
0,12,gate_proj,GPU,2.08968e+06,2.09418e+06,4499.77
0,12,Linear,Logic,2.08968e+06,2.09418e+06,4499.77
0,12,activation,Logic,2.09418e+06,2.0942e+06,26.3659
0,12,up_proj,GPU,2.0942e+06,2.0987e+06,4499.77
0,12,Linear,Logic,2.0942e+06,2.0987e+06,4499.77
0,12,down_proj,GPU,2.0987e+06,2.1032e+06,4499.77
0,12,Linear,Logic,2.0987e+06,2.1032e+06,4499.77
0,12,expert_FFN_2,GPU,2.07881e+06,2.12244e+06,43628.7
0,12,gate_proj,GPU,2.07881e+06,2.09331e+06,14497.2
0,12,Linear,GPU,2.07881e+06,2.09331e+06,14497.2
0,12,activation,GPU,2.09331e+06,2.09345e+06,137.103
0,12,up_proj,GPU,2.09345e+06,2.10794e+06,14497.2
0,12,Linear,GPU,2.09345e+06,2.10794e+06,14497.2
0,12,down_proj,GPU,2.10794e+06,2.12244e+06,14497.2
0,12,Linear,GPU,2.10794e+06,2.12244e+06,14497.2
0,12,expert_FFN_3,GPU,2.12244e+06,2.16604e+06,43595.6
0,12,gate_proj,GPU,2.12244e+06,2.13693e+06,14489.7
0,12,Linear,GPU,2.12244e+06,2.13693e+06,14489.7
0,12,activation,GPU,2.13693e+06,2.13706e+06,126.556
0,12,up_proj,GPU,2.13706e+06,2.15155e+06,14489.7
0,12,Linear,GPU,2.13706e+06,2.15155e+06,14489.7
0,12,down_proj,GPU,2.15155e+06,2.16604e+06,14489.7
0,12,Linear,GPU,2.15155e+06,2.16604e+06,14489.7
0,12,expert_FFN_4,GPU,2.1032e+06,2.11404e+06,10840.9
0,12,gate_proj,GPU,2.1032e+06,2.10681e+06,3609.24
0,12,Linear,Logic,2.1032e+06,2.10681e+06,3609.24
0,12,activation,Logic,2.10681e+06,2.10683e+06,13.1829
0,12,up_proj,GPU,2.10683e+06,2.11044e+06,3609.24
0,12,Linear,Logic,2.10683e+06,2.11044e+06,3609.24
0,12,down_proj,GPU,2.11044e+06,2.11404e+06,3609.24
0,12,Linear,Logic,2.11044e+06,2.11404e+06,3609.24
0,12,expert_FFN_5,GPU,2.11404e+06,2.12488e+06,10832.6
0,12,gate_proj,GPU,2.11404e+06,2.11765e+06,3607.35
0,12,Linear,Logic,2.11404e+06,2.11765e+06,3607.35
0,12,activation,Logic,2.11765e+06,2.11766e+06,10.5463
0,12,up_proj,GPU,2.11766e+06,2.12127e+06,3607.35
0,12,Linear,Logic,2.11766e+06,2.12127e+06,3607.35
0,12,down_proj,GPU,2.12127e+06,2.12488e+06,3607.35
0,12,Linear,Logic,2.12127e+06,2.12488e+06,3607.35
0,12,expert_FFN_6,GPU,2.12488e+06,2.13573e+06,10857.5
0,12,gate_proj,GPU,2.12488e+06,2.12849e+06,3613
0,12,Linear,Logic,2.12488e+06,2.12849e+06,3613
0,12,activation,Logic,2.12849e+06,2.12851e+06,18.4561
0,12,up_proj,GPU,2.12851e+06,2.13212e+06,3613
0,12,Linear,Logic,2.12851e+06,2.13212e+06,3613
0,12,down_proj,GPU,2.13212e+06,2.13573e+06,3613
0,12,Linear,Logic,2.13212e+06,2.13573e+06,3613
0,12,expert_FFN_7,GPU,2.13573e+06,2.14658e+06,10840.9
0,12,gate_proj,GPU,2.13573e+06,2.13934e+06,3609.24
0,12,Linear,Logic,2.13573e+06,2.13934e+06,3609.24
0,12,activation,Logic,2.13934e+06,2.13936e+06,13.1829
0,12,up_proj,GPU,2.13936e+06,2.14297e+06,3609.24
0,12,Linear,Logic,2.13936e+06,2.14297e+06,3609.24
0,12,down_proj,GPU,2.14297e+06,2.14658e+06,3609.24
0,12,Linear,Logic,2.14297e+06,2.14658e+06,3609.24
0,12,sync_2,GPU,2.16604e+06,2.16604e+06,0
0,12,sync__set,GPU,2.16604e+06,2.16604e+06,0
0,12,sync__,GPU,2.16604e+06,2.16604e+06,0
0,12,moe_all_reduce_for_e_tp,GPU,2.16604e+06,2.18666e+06,20621.4
0,12,sync_3,GPU,2.18666e+06,2.18666e+06,0
0,12,sync__set,GPU,2.18666e+06,2.18666e+06,0
0,12,sync__,GPU,2.18666e+06,2.18666e+06,0
0,12,moe_gather,GPU,2.18666e+06,2.18666e+06,0
0,12,sync_for_moe_gather,GPU,2.18666e+06,2.18666e+06,0
0,12,sync__set,GPU,2.18666e+06,2.18666e+06,0
0,12,sync__,GPU,2.18666e+06,2.18666e+06,0
0,12,moe_all_reduce_for_gather,GPU,2.18666e+06,2.20728e+06,20621.4
0,12,sync_5,GPU,2.20728e+06,2.20728e+06,0
0,12,sync__set,GPU,2.20728e+06,2.20728e+06,0
0,12,sync__,GPU,2.20728e+06,2.20728e+06,0
0,12,sync_6,GPU,2.20728e+06,2.20728e+06,0
0,12,sync__set,GPU,2.20728e+06,2.20728e+06,0
0,12,sync__,GPU,2.20728e+06,2.20728e+06,0
0,12,residual_2,GPU,2.20728e+06,2.20754e+06,261.148
0,13,MoE_decoder_13,GPU,2.20754e+06,2.37688e+06,169344
0,13,input_layer_norm,GPU,2.20754e+06,2.2078e+06,261.148
0,13,attention,GPU,2.2078e+06,2.24767e+06,39870
0,13,attn_qkv_proj,GPU,2.2078e+06,2.21415e+06,6347.9
0,13,Linear,GPU,2.2078e+06,2.21415e+06,6347.9
0,13,self_attention,GPU,2.21415e+06,2.22278e+06,8625.91
0,13,AttentionSplit,GPU,2.21415e+06,2.21415e+06,0
0,13,AttentionSum,GPU,2.21415e+06,2.21415e+06,0
0,13,AttentionGen,Logic,2.21415e+06,2.22278e+06,8625.91
0,13,AttentionMerge,GPU,2.22278e+06,2.22278e+06,0
0,13,attn_o_proj,GPU,2.22278e+06,2.22705e+06,4274.79
0,13,Linear,GPU,2.22278e+06,2.22705e+06,4274.79
0,13,all_reduce,GPU,2.22705e+06,2.24767e+06,20621.4
0,13,residual_1,GPU,2.24767e+06,2.24793e+06,261.148
0,13,post_attn_layer_norm,GPU,2.24793e+06,2.24819e+06,261.148
0,13,expertFFN,GPU,2.24819e+06,2.37662e+06,128429
0,13,sync_0,GPU,2.24819e+06,2.24819e+06,0
0,13,sync__set,GPU,2.24819e+06,2.24819e+06,0
0,13,sync__,GPU,2.24819e+06,2.24819e+06,0
0,13,gate_fn,GPU,2.24819e+06,2.24836e+06,160.957
0,13,Linear,GPU,2.24819e+06,2.24836e+06,160.957
0,13,gate_update,GPU,2.24836e+06,2.24836e+06,0
0,13,moe_scatter,GPU,2.24836e+06,2.24836e+06,0
0,13,sync_for_moe_scatter,GPU,2.24836e+06,2.24836e+06,0
0,13,sync__set,GPU,2.24836e+06,2.24836e+06,0
0,13,sync__,GPU,2.24836e+06,2.24836e+06,0
0,13,moe_route,GPU,2.24836e+06,2.24836e+06,0
0,13,expert_FFN_0,GPU,2.24836e+06,2.25921e+06,10857.5
0,13,gate_proj,GPU,2.24836e+06,2.25197e+06,3613
0,13,Linear,Logic,2.24836e+06,2.25197e+06,3613
0,13,activation,Logic,2.25197e+06,2.25199e+06,18.4561
0,13,up_proj,GPU,2.25199e+06,2.2556e+06,3613
0,13,Linear,Logic,2.25199e+06,2.2556e+06,3613
0,13,down_proj,GPU,2.2556e+06,2.25921e+06,3613
0,13,Linear,Logic,2.2556e+06,2.25921e+06,3613
0,13,expert_FFN_1,GPU,2.25921e+06,2.27409e+06,14878.3
0,13,gate_proj,GPU,2.25921e+06,2.26416e+06,4949.75
0,13,Linear,Logic,2.25921e+06,2.26416e+06,4949.75
0,13,activation,Logic,2.26416e+06,2.26419e+06,29.0025
0,13,up_proj,GPU,2.26419e+06,2.26914e+06,4949.75
0,13,Linear,Logic,2.26419e+06,2.26914e+06,4949.75
0,13,down_proj,GPU,2.26914e+06,2.27409e+06,4949.75
0,13,Linear,Logic,2.26914e+06,2.27409e+06,4949.75
0,13,expert_FFN_2,GPU,2.27409e+06,2.28762e+06,13525.7
0,13,gate_proj,GPU,2.27409e+06,2.27859e+06,4499.77
0,13,Linear,Logic,2.27409e+06,2.27859e+06,4499.77
0,13,activation,Logic,2.27859e+06,2.27862e+06,26.3659
0,13,up_proj,GPU,2.27862e+06,2.28312e+06,4499.77
0,13,Linear,Logic,2.27862e+06,2.28312e+06,4499.77
0,13,down_proj,GPU,2.28312e+06,2.28762e+06,4499.77
0,13,Linear,Logic,2.28312e+06,2.28762e+06,4499.77
0,13,expert_FFN_3,GPU,2.28762e+06,2.29845e+06,10832.6
0,13,gate_proj,GPU,2.28762e+06,2.29122e+06,3607.35
0,13,Linear,Logic,2.28762e+06,2.29122e+06,3607.35
0,13,activation,Logic,2.29122e+06,2.29123e+06,10.5463
0,13,up_proj,GPU,2.29123e+06,2.29484e+06,3607.35
0,13,Linear,Logic,2.29123e+06,2.29484e+06,3607.35
0,13,down_proj,GPU,2.29484e+06,2.29845e+06,3607.35
0,13,Linear,Logic,2.29484e+06,2.29845e+06,3607.35
0,13,expert_FFN_4,GPU,2.29845e+06,2.30931e+06,10857.5
0,13,gate_proj,GPU,2.29845e+06,2.30206e+06,3613
0,13,Linear,Logic,2.29845e+06,2.30206e+06,3613
0,13,activation,Logic,2.30206e+06,2.30208e+06,18.4561
0,13,up_proj,GPU,2.30208e+06,2.30569e+06,3613
0,13,Linear,Logic,2.30208e+06,2.30569e+06,3613
0,13,down_proj,GPU,2.30569e+06,2.30931e+06,3613
0,13,Linear,Logic,2.30569e+06,2.30931e+06,3613
0,13,expert_FFN_5,GPU,2.30931e+06,2.32016e+06,10849.2
0,13,gate_proj,GPU,2.30931e+06,2.31292e+06,3611.12
0,13,Linear,Logic,2.30931e+06,2.31292e+06,3611.12
0,13,activation,Logic,2.31292e+06,2.31293e+06,15.8195
0,13,up_proj,GPU,2.31293e+06,2.31654e+06,3611.12
0,13,Linear,Logic,2.31293e+06,2.31654e+06,3611.12
0,13,down_proj,GPU,2.31654e+06,2.32016e+06,3611.12
0,13,Linear,Logic,2.31654e+06,2.32016e+06,3611.12
0,13,expert_FFN_6,GPU,2.24836e+06,2.29182e+06,43463
0,13,gate_proj,GPU,2.24836e+06,2.26281e+06,14459.5
0,13,Linear,GPU,2.24836e+06,2.26281e+06,14459.5
0,13,activation,GPU,2.26281e+06,2.2629e+06,84.3708
0,13,up_proj,GPU,2.2629e+06,2.27736e+06,14459.5
0,13,Linear,GPU,2.2629e+06,2.27736e+06,14459.5
0,13,down_proj,GPU,2.27736e+06,2.29182e+06,14459.5
0,13,Linear,GPU,2.27736e+06,2.29182e+06,14459.5
0,13,expert_FFN_7,GPU,2.29182e+06,2.33538e+06,43562.4
0,13,gate_proj,GPU,2.29182e+06,2.3063e+06,14482.1
0,13,Linear,GPU,2.29182e+06,2.3063e+06,14482.1
0,13,activation,GPU,2.3063e+06,2.30642e+06,116.01
0,13,up_proj,GPU,2.30642e+06,2.3209e+06,14482.1
0,13,Linear,GPU,2.30642e+06,2.3209e+06,14482.1
0,13,down_proj,GPU,2.3209e+06,2.33538e+06,14482.1
0,13,Linear,GPU,2.3209e+06,2.33538e+06,14482.1
0,13,sync_2,GPU,2.33538e+06,2.33538e+06,0
0,13,sync__set,GPU,2.33538e+06,2.33538e+06,0
0,13,sync__,GPU,2.33538e+06,2.33538e+06,0
0,13,moe_all_reduce_for_e_tp,GPU,2.33538e+06,2.356e+06,20621.4
0,13,sync_3,GPU,2.356e+06,2.356e+06,0
0,13,sync__set,GPU,2.356e+06,2.356e+06,0
0,13,sync__,GPU,2.356e+06,2.356e+06,0
0,13,moe_gather,GPU,2.356e+06,2.356e+06,0
0,13,sync_for_moe_gather,GPU,2.356e+06,2.356e+06,0
0,13,sync__set,GPU,2.356e+06,2.356e+06,0
0,13,sync__,GPU,2.356e+06,2.356e+06,0
0,13,moe_all_reduce_for_gather,GPU,2.356e+06,2.37662e+06,20621.4
0,13,sync_5,GPU,2.37662e+06,2.37662e+06,0
0,13,sync__set,GPU,2.37662e+06,2.37662e+06,0
0,13,sync__,GPU,2.37662e+06,2.37662e+06,0
0,13,sync_6,GPU,2.37662e+06,2.37662e+06,0
0,13,sync__set,GPU,2.37662e+06,2.37662e+06,0
0,13,sync__,GPU,2.37662e+06,2.37662e+06,0
0,13,residual_2,GPU,2.37662e+06,2.37688e+06,261.148
0,14,MoE_decoder_14,GPU,2.37688e+06,2.54623e+06,169344
0,14,input_layer_norm,GPU,2.37688e+06,2.37715e+06,261.148
0,14,attention,GPU,2.37715e+06,2.41702e+06,39870
0,14,attn_qkv_proj,GPU,2.37715e+06,2.38349e+06,6347.9
0,14,Linear,GPU,2.37715e+06,2.38349e+06,6347.9
0,14,self_attention,GPU,2.38349e+06,2.39212e+06,8625.91
0,14,AttentionSplit,GPU,2.38349e+06,2.38349e+06,0
0,14,AttentionSum,GPU,2.38349e+06,2.38349e+06,0
0,14,AttentionGen,Logic,2.38349e+06,2.39212e+06,8625.91
0,14,AttentionMerge,GPU,2.39212e+06,2.39212e+06,0
0,14,attn_o_proj,GPU,2.39212e+06,2.39639e+06,4274.79
0,14,Linear,GPU,2.39212e+06,2.39639e+06,4274.79
0,14,all_reduce,GPU,2.39639e+06,2.41702e+06,20621.4
0,14,residual_1,GPU,2.41702e+06,2.41728e+06,261.148
0,14,post_attn_layer_norm,GPU,2.41728e+06,2.41754e+06,261.148
0,14,expertFFN,GPU,2.41754e+06,2.54597e+06,128429
0,14,sync_0,GPU,2.41754e+06,2.41754e+06,0
0,14,sync__set,GPU,2.41754e+06,2.41754e+06,0
0,14,sync__,GPU,2.41754e+06,2.41754e+06,0
0,14,gate_fn,GPU,2.41754e+06,2.4177e+06,160.957
0,14,Linear,GPU,2.41754e+06,2.4177e+06,160.957
0,14,gate_update,GPU,2.4177e+06,2.4177e+06,0
0,14,moe_scatter,GPU,2.4177e+06,2.4177e+06,0
0,14,sync_for_moe_scatter,GPU,2.4177e+06,2.4177e+06,0
0,14,sync__set,GPU,2.4177e+06,2.4177e+06,0
0,14,sync__,GPU,2.4177e+06,2.4177e+06,0
0,14,moe_route,GPU,2.4177e+06,2.4177e+06,0
0,14,expert_FFN_0,GPU,2.4177e+06,2.46123e+06,43529.3
0,14,gate_proj,GPU,2.4177e+06,2.43217e+06,14474.6
0,14,Linear,GPU,2.4177e+06,2.43217e+06,14474.6
0,14,activation,GPU,2.43217e+06,2.43228e+06,105.463
0,14,up_proj,GPU,2.43228e+06,2.44675e+06,14474.6
0,14,Linear,GPU,2.43228e+06,2.44675e+06,14474.6
0,14,down_proj,GPU,2.44675e+06,2.46123e+06,14474.6
0,14,Linear,GPU,2.44675e+06,2.46123e+06,14474.6
0,14,expert_FFN_1,GPU,2.46123e+06,2.50472e+06,43496.1
0,14,gate_proj,GPU,2.46123e+06,2.4757e+06,14467.1
0,14,Linear,GPU,2.46123e+06,2.4757e+06,14467.1
0,14,activation,GPU,2.4757e+06,2.47579e+06,94.9171
0,14,up_proj,GPU,2.47579e+06,2.49026e+06,14467.1
0,14,Linear,GPU,2.47579e+06,2.49026e+06,14467.1
0,14,down_proj,GPU,2.49026e+06,2.50472e+06,14467.1
0,14,Linear,GPU,2.49026e+06,2.50472e+06,14467.1
0,14,expert_FFN_2,GPU,2.4177e+06,2.43393e+06,16230.8
0,14,gate_proj,GPU,2.4177e+06,2.4231e+06,5399.73
0,14,Linear,Logic,2.4177e+06,2.4231e+06,5399.73
0,14,activation,Logic,2.4231e+06,2.42313e+06,31.639
0,14,up_proj,GPU,2.42313e+06,2.42853e+06,5399.73
0,14,Linear,Logic,2.42313e+06,2.42853e+06,5399.73
0,14,down_proj,GPU,2.42853e+06,2.43393e+06,5399.73
0,14,Linear,Logic,2.42853e+06,2.43393e+06,5399.73
0,14,expert_FFN_3,GPU,2.43393e+06,2.44478e+06,10849.2
0,14,gate_proj,GPU,2.43393e+06,2.43754e+06,3611.12
0,14,Linear,Logic,2.43393e+06,2.43754e+06,3611.12
0,14,activation,Logic,2.43754e+06,2.43756e+06,15.8195
0,14,up_proj,GPU,2.43756e+06,2.44117e+06,3611.12
0,14,Linear,Logic,2.43756e+06,2.44117e+06,3611.12
0,14,down_proj,GPU,2.44117e+06,2.44478e+06,3611.12
0,14,Linear,Logic,2.44117e+06,2.44478e+06,3611.12
0,14,expert_FFN_4,GPU,2.44478e+06,2.45564e+06,10857.5
0,14,gate_proj,GPU,2.44478e+06,2.44839e+06,3613
0,14,Linear,Logic,2.44478e+06,2.44839e+06,3613
0,14,activation,Logic,2.44839e+06,2.44841e+06,18.4561
0,14,up_proj,GPU,2.44841e+06,2.45202e+06,3613
0,14,Linear,Logic,2.44841e+06,2.45202e+06,3613
0,14,down_proj,GPU,2.45202e+06,2.45564e+06,3613
0,14,Linear,Logic,2.45202e+06,2.45564e+06,3613
0,14,expert_FFN_5,GPU,2.45564e+06,2.46649e+06,10857.5
0,14,gate_proj,GPU,2.45564e+06,2.45925e+06,3613
0,14,Linear,Logic,2.45564e+06,2.45925e+06,3613
0,14,activation,Logic,2.45925e+06,2.45927e+06,18.4561
0,14,up_proj,GPU,2.45927e+06,2.46288e+06,3613
0,14,Linear,Logic,2.45927e+06,2.46288e+06,3613
0,14,down_proj,GPU,2.46288e+06,2.46649e+06,3613
0,14,Linear,Logic,2.46288e+06,2.46649e+06,3613
0,14,expert_FFN_6,GPU,2.46649e+06,2.47736e+06,10865.7
0,14,gate_proj,GPU,2.46649e+06,2.47011e+06,3614.89
0,14,Linear,Logic,2.46649e+06,2.47011e+06,3614.89
0,14,activation,Logic,2.47011e+06,2.47013e+06,21.0927
0,14,up_proj,GPU,2.47013e+06,2.47374e+06,3614.89
0,14,Linear,Logic,2.47013e+06,2.47374e+06,3614.89
0,14,down_proj,GPU,2.47374e+06,2.47736e+06,3614.89
0,14,Linear,Logic,2.47374e+06,2.47736e+06,3614.89
0,14,expert_FFN_7,GPU,2.47736e+06,2.4882e+06,10840.9
0,14,gate_proj,GPU,2.47736e+06,2.48097e+06,3609.24
0,14,Linear,Logic,2.47736e+06,2.48097e+06,3609.24
0,14,activation,Logic,2.48097e+06,2.48098e+06,13.1829
0,14,up_proj,GPU,2.48098e+06,2.48459e+06,3609.24
0,14,Linear,Logic,2.48098e+06,2.48459e+06,3609.24
0,14,down_proj,GPU,2.48459e+06,2.4882e+06,3609.24
0,14,Linear,Logic,2.48459e+06,2.4882e+06,3609.24
0,14,sync_2,GPU,2.50472e+06,2.50472e+06,0
0,14,sync__set,GPU,2.50472e+06,2.50472e+06,0
0,14,sync__,GPU,2.50472e+06,2.50472e+06,0
0,14,moe_all_reduce_for_e_tp,GPU,2.50472e+06,2.52535e+06,20621.4
0,14,sync_3,GPU,2.52535e+06,2.52535e+06,0
0,14,sync__set,GPU,2.52535e+06,2.52535e+06,0
0,14,sync__,GPU,2.52535e+06,2.52535e+06,0
0,14,moe_gather,GPU,2.52535e+06,2.52535e+06,0
0,14,sync_for_moe_gather,GPU,2.52535e+06,2.52535e+06,0
0,14,sync__set,GPU,2.52535e+06,2.52535e+06,0
0,14,sync__,GPU,2.52535e+06,2.52535e+06,0
0,14,moe_all_reduce_for_gather,GPU,2.52535e+06,2.54597e+06,20621.4
0,14,sync_5,GPU,2.54597e+06,2.54597e+06,0
0,14,sync__set,GPU,2.54597e+06,2.54597e+06,0
0,14,sync__,GPU,2.54597e+06,2.54597e+06,0
0,14,sync_6,GPU,2.54597e+06,2.54597e+06,0
0,14,sync__set,GPU,2.54597e+06,2.54597e+06,0
0,14,sync__,GPU,2.54597e+06,2.54597e+06,0
0,14,residual_2,GPU,2.54597e+06,2.54623e+06,261.148
0,15,MoE_decoder_15,GPU,2.54623e+06,2.72336e+06,177129
0,15,input_layer_norm,GPU,2.54623e+06,2.54649e+06,261.148
0,15,attention,GPU,2.54649e+06,2.58636e+06,39870
0,15,attn_qkv_proj,GPU,2.54649e+06,2.55284e+06,6347.9
0,15,Linear,GPU,2.54649e+06,2.55284e+06,6347.9
0,15,self_attention,GPU,2.55284e+06,2.56146e+06,8625.91
0,15,AttentionSplit,GPU,2.55284e+06,2.55284e+06,0
0,15,AttentionSum,GPU,2.55284e+06,2.55284e+06,0
0,15,AttentionGen,Logic,2.55284e+06,2.56146e+06,8625.91
0,15,AttentionMerge,GPU,2.56146e+06,2.56146e+06,0
0,15,attn_o_proj,GPU,2.56146e+06,2.56574e+06,4274.79
0,15,Linear,GPU,2.56146e+06,2.56574e+06,4274.79
0,15,all_reduce,GPU,2.56574e+06,2.58636e+06,20621.4
0,15,residual_1,GPU,2.58636e+06,2.58662e+06,261.148
0,15,post_attn_layer_norm,GPU,2.58662e+06,2.58688e+06,261.148
0,15,expertFFN,GPU,2.58688e+06,2.7231e+06,136215
0,15,sync_0,GPU,2.58688e+06,2.58688e+06,0
0,15,sync__set,GPU,2.58688e+06,2.58688e+06,0
0,15,sync__,GPU,2.58688e+06,2.58688e+06,0
0,15,gate_fn,GPU,2.58688e+06,2.58704e+06,160.957
0,15,Linear,GPU,2.58688e+06,2.58704e+06,160.957
0,15,gate_update,GPU,2.58704e+06,2.58704e+06,0
0,15,moe_scatter,GPU,2.58704e+06,2.58704e+06,0
0,15,sync_for_moe_scatter,GPU,2.58704e+06,2.58704e+06,0
0,15,sync__set,GPU,2.58704e+06,2.58704e+06,0
0,15,sync__,GPU,2.58704e+06,2.58704e+06,0
0,15,moe_route,GPU,2.58704e+06,2.58704e+06,0
0,15,expert_FFN_0,GPU,2.58704e+06,2.59791e+06,10865.7
0,15,gate_proj,GPU,2.58704e+06,2.59066e+06,3614.89
0,15,Linear,Logic,2.58704e+06,2.59066e+06,3614.89
0,15,activation,Logic,2.59066e+06,2.59068e+06,21.0927
0,15,up_proj,GPU,2.59068e+06,2.59429e+06,3614.89
0,15,Linear,Logic,2.59068e+06,2.59429e+06,3614.89
0,15,down_proj,GPU,2.59429e+06,2.59791e+06,3614.89
0,15,Linear,Logic,2.59429e+06,2.59791e+06,3614.89
0,15,expert_FFN_1,GPU,2.59791e+06,2.61008e+06,12173.1
0,15,gate_proj,GPU,2.59791e+06,2.60196e+06,4049.8
0,15,Linear,Logic,2.59791e+06,2.60196e+06,4049.8
0,15,activation,Logic,2.60196e+06,2.60198e+06,23.7293
0,15,up_proj,GPU,2.60198e+06,2.60603e+06,4049.8
0,15,Linear,Logic,2.60198e+06,2.60603e+06,4049.8
0,15,down_proj,GPU,2.60603e+06,2.61008e+06,4049.8
0,15,Linear,Logic,2.60603e+06,2.61008e+06,4049.8
0,15,expert_FFN_2,GPU,2.61008e+06,2.62361e+06,13525.7
0,15,gate_proj,GPU,2.61008e+06,2.61458e+06,4499.77
0,15,Linear,Logic,2.61008e+06,2.61458e+06,4499.77
0,15,activation,Logic,2.61458e+06,2.61461e+06,26.3659
0,15,up_proj,GPU,2.61461e+06,2.61911e+06,4499.77
0,15,Linear,Logic,2.61461e+06,2.61911e+06,4499.77
0,15,down_proj,GPU,2.61911e+06,2.62361e+06,4499.77
0,15,Linear,Logic,2.61911e+06,2.62361e+06,4499.77
0,15,expert_FFN_3,GPU,2.62361e+06,2.63445e+06,10840.9
0,15,gate_proj,GPU,2.62361e+06,2.62722e+06,3609.24
0,15,Linear,Logic,2.62361e+06,2.62722e+06,3609.24
0,15,activation,Logic,2.62722e+06,2.62723e+06,13.1829
0,15,up_proj,GPU,2.62723e+06,2.63084e+06,3609.24
0,15,Linear,Logic,2.62723e+06,2.63084e+06,3609.24
0,15,down_proj,GPU,2.63084e+06,2.63445e+06,3609.24
0,15,Linear,Logic,2.63084e+06,2.63445e+06,3609.24
0,15,expert_FFN_4,GPU,2.63445e+06,2.6453e+06,10849.2
0,15,gate_proj,GPU,2.63445e+06,2.63806e+06,3611.12
0,15,Linear,Logic,2.63445e+06,2.63806e+06,3611.12
0,15,activation,Logic,2.63806e+06,2.63808e+06,15.8195
0,15,up_proj,GPU,2.63808e+06,2.64169e+06,3611.12
0,15,Linear,Logic,2.63808e+06,2.64169e+06,3611.12
0,15,down_proj,GPU,2.64169e+06,2.6453e+06,3611.12
0,15,Linear,Logic,2.64169e+06,2.6453e+06,3611.12
0,15,expert_FFN_5,GPU,2.6453e+06,2.65882e+06,13525.7
0,15,gate_proj,GPU,2.6453e+06,2.6498e+06,4499.77
0,15,Linear,Logic,2.6453e+06,2.6498e+06,4499.77
0,15,activation,Logic,2.6498e+06,2.64982e+06,26.3659
0,15,up_proj,GPU,2.64982e+06,2.65432e+06,4499.77
0,15,Linear,Logic,2.64982e+06,2.65432e+06,4499.77
0,15,down_proj,GPU,2.65432e+06,2.65882e+06,4499.77
0,15,Linear,Logic,2.65432e+06,2.65882e+06,4499.77
0,15,expert_FFN_6,GPU,2.65882e+06,2.671e+06,12173.1
0,15,gate_proj,GPU,2.65882e+06,2.66287e+06,4049.8
0,15,Linear,Logic,2.65882e+06,2.66287e+06,4049.8
0,15,activation,Logic,2.66287e+06,2.6629e+06,23.7293
0,15,up_proj,GPU,2.6629e+06,2.66695e+06,4049.8
0,15,Linear,Logic,2.6629e+06,2.66695e+06,4049.8
0,15,down_proj,GPU,2.66695e+06,2.671e+06,4049.8
0,15,Linear,Logic,2.66695e+06,2.671e+06,4049.8
0,15,expert_FFN_7,GPU,2.671e+06,2.68185e+06,10857.5
0,15,gate_proj,GPU,2.671e+06,2.67461e+06,3613
0,15,Linear,Logic,2.671e+06,2.67461e+06,3613
0,15,activation,Logic,2.67461e+06,2.67463e+06,18.4561
0,15,up_proj,GPU,2.67463e+06,2.67824e+06,3613
0,15,Linear,Logic,2.67463e+06,2.67824e+06,3613
0,15,down_proj,GPU,2.67824e+06,2.68185e+06,3613
0,15,Linear,Logic,2.67824e+06,2.68185e+06,3613
0,15,sync_2,GPU,2.68185e+06,2.68185e+06,0
0,15,sync__set,GPU,2.68185e+06,2.68185e+06,0
0,15,sync__,GPU,2.68185e+06,2.68185e+06,0
0,15,moe_all_reduce_for_e_tp,GPU,2.68185e+06,2.70248e+06,20621.4
0,15,sync_3,GPU,2.70248e+06,2.70248e+06,0
0,15,sync__set,GPU,2.70248e+06,2.70248e+06,0
0,15,sync__,GPU,2.70248e+06,2.70248e+06,0
0,15,moe_gather,GPU,2.70248e+06,2.70248e+06,0
0,15,sync_for_moe_gather,GPU,2.70248e+06,2.70248e+06,0
0,15,sync__set,GPU,2.70248e+06,2.70248e+06,0
0,15,sync__,GPU,2.70248e+06,2.70248e+06,0
0,15,moe_all_reduce_for_gather,GPU,2.70248e+06,2.7231e+06,20621.4
0,15,sync_5,GPU,2.7231e+06,2.7231e+06,0
0,15,sync__set,GPU,2.7231e+06,2.7231e+06,0
0,15,sync__,GPU,2.7231e+06,2.7231e+06,0
0,15,sync_6,GPU,2.7231e+06,2.7231e+06,0
0,15,sync__set,GPU,2.7231e+06,2.7231e+06,0
0,15,sync__,GPU,2.7231e+06,2.7231e+06,0
0,15,residual_2,GPU,2.7231e+06,2.72336e+06,261.148
0,16,MoE_decoder_16,GPU,2.72336e+06,2.89919e+06,175830
0,16,input_layer_norm,GPU,2.72336e+06,2.72362e+06,261.148
0,16,attention,GPU,2.72362e+06,2.76349e+06,39870
0,16,attn_qkv_proj,GPU,2.72362e+06,2.72997e+06,6347.9
0,16,Linear,GPU,2.72362e+06,2.72997e+06,6347.9
0,16,self_attention,GPU,2.72997e+06,2.73859e+06,8625.91
0,16,AttentionSplit,GPU,2.72997e+06,2.72997e+06,0
0,16,AttentionSum,GPU,2.72997e+06,2.72997e+06,0
0,16,AttentionGen,Logic,2.72997e+06,2.73859e+06,8625.91
0,16,AttentionMerge,GPU,2.73859e+06,2.73859e+06,0
0,16,attn_o_proj,GPU,2.73859e+06,2.74287e+06,4274.79
0,16,Linear,GPU,2.73859e+06,2.74287e+06,4274.79
0,16,all_reduce,GPU,2.74287e+06,2.76349e+06,20621.4
0,16,residual_1,GPU,2.76349e+06,2.76375e+06,261.148
0,16,post_attn_layer_norm,GPU,2.76375e+06,2.76401e+06,261.148
0,16,expertFFN,GPU,2.76401e+06,2.89893e+06,134916
0,16,sync_0,GPU,2.76401e+06,2.76401e+06,0
0,16,sync__set,GPU,2.76401e+06,2.76401e+06,0
0,16,sync__,GPU,2.76401e+06,2.76401e+06,0
0,16,gate_fn,GPU,2.76401e+06,2.76417e+06,160.957
0,16,Linear,GPU,2.76401e+06,2.76417e+06,160.957
0,16,gate_update,GPU,2.76417e+06,2.76417e+06,0
0,16,moe_scatter,GPU,2.76417e+06,2.76417e+06,0
0,16,sync_for_moe_scatter,GPU,2.76417e+06,2.76417e+06,0
0,16,sync__set,GPU,2.76417e+06,2.76417e+06,0
0,16,sync__,GPU,2.76417e+06,2.76417e+06,0
0,16,moe_route,GPU,2.76417e+06,2.76417e+06,0
0,16,expert_FFN_0,GPU,2.76417e+06,2.7777e+06,13525.7
0,16,gate_proj,GPU,2.76417e+06,2.76867e+06,4499.77
0,16,Linear,Logic,2.76417e+06,2.76867e+06,4499.77
0,16,activation,Logic,2.76867e+06,2.7687e+06,26.3659
0,16,up_proj,GPU,2.7687e+06,2.7732e+06,4499.77
0,16,Linear,Logic,2.7687e+06,2.7732e+06,4499.77
0,16,down_proj,GPU,2.7732e+06,2.7777e+06,4499.77
0,16,Linear,Logic,2.7732e+06,2.7777e+06,4499.77
0,16,expert_FFN_1,GPU,2.7777e+06,2.78856e+06,10865.7
0,16,gate_proj,GPU,2.7777e+06,2.78131e+06,3614.89
0,16,Linear,Logic,2.7777e+06,2.78131e+06,3614.89
0,16,activation,Logic,2.78131e+06,2.78133e+06,21.0927
0,16,up_proj,GPU,2.78133e+06,2.78495e+06,3614.89
0,16,Linear,Logic,2.78133e+06,2.78495e+06,3614.89
0,16,down_proj,GPU,2.78495e+06,2.78856e+06,3614.89
0,16,Linear,Logic,2.78495e+06,2.78856e+06,3614.89
0,16,expert_FFN_2,GPU,2.78856e+06,2.79941e+06,10849.2
0,16,gate_proj,GPU,2.78856e+06,2.79217e+06,3611.12
0,16,Linear,Logic,2.78856e+06,2.79217e+06,3611.12
0,16,activation,Logic,2.79217e+06,2.79219e+06,15.8195
0,16,up_proj,GPU,2.79219e+06,2.7958e+06,3611.12
0,16,Linear,Logic,2.79219e+06,2.7958e+06,3611.12
0,16,down_proj,GPU,2.7958e+06,2.79941e+06,3611.12
0,16,Linear,Logic,2.7958e+06,2.79941e+06,3611.12
0,16,expert_FFN_3,GPU,2.79941e+06,2.81294e+06,13525.7
0,16,gate_proj,GPU,2.79941e+06,2.80391e+06,4499.77
0,16,Linear,Logic,2.79941e+06,2.80391e+06,4499.77
0,16,activation,Logic,2.80391e+06,2.80394e+06,26.3659
0,16,up_proj,GPU,2.80394e+06,2.80844e+06,4499.77
0,16,Linear,Logic,2.80394e+06,2.80844e+06,4499.77
0,16,down_proj,GPU,2.80844e+06,2.81294e+06,4499.77
0,16,Linear,Logic,2.80844e+06,2.81294e+06,4499.77
0,16,expert_FFN_4,GPU,2.81294e+06,2.82511e+06,12173.1
0,16,gate_proj,GPU,2.81294e+06,2.81699e+06,4049.8
0,16,Linear,Logic,2.81294e+06,2.81699e+06,4049.8
0,16,activation,Logic,2.81699e+06,2.81701e+06,23.7293
0,16,up_proj,GPU,2.81701e+06,2.82106e+06,4049.8
0,16,Linear,Logic,2.81701e+06,2.82106e+06,4049.8
0,16,down_proj,GPU,2.82106e+06,2.82511e+06,4049.8
0,16,Linear,Logic,2.82106e+06,2.82511e+06,4049.8
0,16,expert_FFN_5,GPU,2.82511e+06,2.83597e+06,10857.5
0,16,gate_proj,GPU,2.82511e+06,2.82872e+06,3613
0,16,Linear,Logic,2.82511e+06,2.82872e+06,3613
0,16,activation,Logic,2.82872e+06,2.82874e+06,18.4561
0,16,up_proj,GPU,2.82874e+06,2.83236e+06,3613
0,16,Linear,Logic,2.82874e+06,2.83236e+06,3613
0,16,down_proj,GPU,2.83236e+06,2.83597e+06,3613
0,16,Linear,Logic,2.83236e+06,2.83597e+06,3613
0,16,expert_FFN_6,GPU,2.83597e+06,2.84683e+06,10857.5
0,16,gate_proj,GPU,2.83597e+06,2.83958e+06,3613
0,16,Linear,Logic,2.83597e+06,2.83958e+06,3613
0,16,activation,Logic,2.83958e+06,2.8396e+06,18.4561
0,16,up_proj,GPU,2.8396e+06,2.84321e+06,3613
0,16,Linear,Logic,2.8396e+06,2.84321e+06,3613
0,16,down_proj,GPU,2.84321e+06,2.84683e+06,3613
0,16,Linear,Logic,2.84321e+06,2.84683e+06,3613
0,16,expert_FFN_7,GPU,2.84683e+06,2.85768e+06,10857.5
0,16,gate_proj,GPU,2.84683e+06,2.85044e+06,3613
0,16,Linear,Logic,2.84683e+06,2.85044e+06,3613
0,16,activation,Logic,2.85044e+06,2.85046e+06,18.4561
0,16,up_proj,GPU,2.85046e+06,2.85407e+06,3613
0,16,Linear,Logic,2.85046e+06,2.85407e+06,3613
0,16,down_proj,GPU,2.85407e+06,2.85768e+06,3613
0,16,Linear,Logic,2.85407e+06,2.85768e+06,3613
0,16,sync_2,GPU,2.85768e+06,2.85768e+06,0
0,16,sync__set,GPU,2.85768e+06,2.85768e+06,0
0,16,sync__,GPU,2.85768e+06,2.85768e+06,0
0,16,moe_all_reduce_for_e_tp,GPU,2.85768e+06,2.87831e+06,20621.4
0,16,sync_3,GPU,2.87831e+06,2.87831e+06,0
0,16,sync__set,GPU,2.87831e+06,2.87831e+06,0
0,16,sync__,GPU,2.87831e+06,2.87831e+06,0
0,16,moe_gather,GPU,2.87831e+06,2.87831e+06,0
0,16,sync_for_moe_gather,GPU,2.87831e+06,2.87831e+06,0
0,16,sync__set,GPU,2.87831e+06,2.87831e+06,0
0,16,sync__,GPU,2.87831e+06,2.87831e+06,0
0,16,moe_all_reduce_for_gather,GPU,2.87831e+06,2.89893e+06,20621.4
0,16,sync_5,GPU,2.89893e+06,2.89893e+06,0
0,16,sync__set,GPU,2.89893e+06,2.89893e+06,0
0,16,sync__,GPU,2.89893e+06,2.89893e+06,0
0,16,sync_6,GPU,2.89893e+06,2.89893e+06,0
0,16,sync__set,GPU,2.89893e+06,2.89893e+06,0
0,16,sync__,GPU,2.89893e+06,2.89893e+06,0
0,16,residual_2,GPU,2.89893e+06,2.89919e+06,261.148
0,17,MoE_decoder_17,GPU,2.89919e+06,3.06857e+06,169377
0,17,input_layer_norm,GPU,2.89919e+06,2.89945e+06,261.148
0,17,attention,GPU,2.89945e+06,2.93932e+06,39870
0,17,attn_qkv_proj,GPU,2.89945e+06,2.9058e+06,6347.9
0,17,Linear,GPU,2.89945e+06,2.9058e+06,6347.9
0,17,self_attention,GPU,2.9058e+06,2.91442e+06,8625.91
0,17,AttentionSplit,GPU,2.9058e+06,2.9058e+06,0
0,17,AttentionSum,GPU,2.9058e+06,2.9058e+06,0
0,17,AttentionGen,Logic,2.9058e+06,2.91442e+06,8625.91
0,17,AttentionMerge,GPU,2.91442e+06,2.91442e+06,0
0,17,attn_o_proj,GPU,2.91442e+06,2.9187e+06,4274.79
0,17,Linear,GPU,2.91442e+06,2.9187e+06,4274.79
0,17,all_reduce,GPU,2.9187e+06,2.93932e+06,20621.4
0,17,residual_1,GPU,2.93932e+06,2.93958e+06,261.148
0,17,post_attn_layer_norm,GPU,2.93958e+06,2.93984e+06,261.148
0,17,expertFFN,GPU,2.93984e+06,3.0683e+06,128462
0,17,sync_0,GPU,2.93984e+06,2.93984e+06,0
0,17,sync__set,GPU,2.93984e+06,2.93984e+06,0
0,17,sync__,GPU,2.93984e+06,2.93984e+06,0
0,17,gate_fn,GPU,2.93984e+06,2.94e+06,160.957
0,17,Linear,GPU,2.93984e+06,2.94e+06,160.957
0,17,gate_update,GPU,2.94e+06,2.94e+06,0
0,17,moe_scatter,GPU,2.94e+06,2.94e+06,0
0,17,sync_for_moe_scatter,GPU,2.94e+06,2.94e+06,0
0,17,sync__set,GPU,2.94e+06,2.94e+06,0
0,17,sync__,GPU,2.94e+06,2.94e+06,0
0,17,moe_route,GPU,2.94e+06,2.94e+06,0
0,17,expert_FFN_0,GPU,2.94e+06,2.98347e+06,43463
0,17,gate_proj,GPU,2.94e+06,2.95446e+06,14459.5
0,17,Linear,GPU,2.94e+06,2.95446e+06,14459.5
0,17,activation,GPU,2.95446e+06,2.95455e+06,84.3708
0,17,up_proj,GPU,2.95455e+06,2.96901e+06,14459.5
0,17,Linear,GPU,2.95455e+06,2.96901e+06,14459.5
0,17,down_proj,GPU,2.96901e+06,2.98347e+06,14459.5
0,17,Linear,GPU,2.96901e+06,2.98347e+06,14459.5
0,17,expert_FFN_1,GPU,2.98347e+06,3.02706e+06,43595.6
0,17,gate_proj,GPU,2.98347e+06,2.99796e+06,14489.7
0,17,Linear,GPU,2.98347e+06,2.99796e+06,14489.7
0,17,activation,GPU,2.99796e+06,2.99808e+06,126.556
0,17,up_proj,GPU,2.99808e+06,3.01257e+06,14489.7
0,17,Linear,GPU,2.99808e+06,3.01257e+06,14489.7
0,17,down_proj,GPU,3.01257e+06,3.02706e+06,14489.7
0,17,Linear,GPU,3.01257e+06,3.02706e+06,14489.7
0,17,expert_FFN_2,GPU,2.94e+06,2.95085e+06,10849.2
0,17,gate_proj,GPU,2.94e+06,2.94361e+06,3611.12
0,17,Linear,Logic,2.94e+06,2.94361e+06,3611.12
0,17,activation,Logic,2.94361e+06,2.94363e+06,15.8195
0,17,up_proj,GPU,2.94363e+06,2.94724e+06,3611.12
0,17,Linear,Logic,2.94363e+06,2.94724e+06,3611.12
0,17,down_proj,GPU,2.94724e+06,2.95085e+06,3611.12
0,17,Linear,Logic,2.94724e+06,2.95085e+06,3611.12
0,17,expert_FFN_3,GPU,2.95085e+06,2.96302e+06,12173.1
0,17,gate_proj,GPU,2.95085e+06,2.9549e+06,4049.8
0,17,Linear,Logic,2.95085e+06,2.9549e+06,4049.8
0,17,activation,Logic,2.9549e+06,2.95493e+06,23.7293
0,17,up_proj,GPU,2.95493e+06,2.95898e+06,4049.8
0,17,Linear,Logic,2.95493e+06,2.95898e+06,4049.8
0,17,down_proj,GPU,2.95898e+06,2.96302e+06,4049.8
0,17,Linear,Logic,2.95898e+06,2.96302e+06,4049.8
0,17,expert_FFN_4,GPU,2.96302e+06,2.97387e+06,10849.2
0,17,gate_proj,GPU,2.96302e+06,2.96664e+06,3611.12
0,17,Linear,Logic,2.96302e+06,2.96664e+06,3611.12
0,17,activation,Logic,2.96664e+06,2.96665e+06,15.8195
0,17,up_proj,GPU,2.96665e+06,2.97026e+06,3611.12
0,17,Linear,Logic,2.96665e+06,2.97026e+06,3611.12
0,17,down_proj,GPU,2.97026e+06,2.97387e+06,3611.12
0,17,Linear,Logic,2.97026e+06,2.97387e+06,3611.12
0,17,expert_FFN_5,GPU,2.97387e+06,2.98875e+06,14878.3
0,17,gate_proj,GPU,2.97387e+06,2.97882e+06,4949.75
0,17,Linear,Logic,2.97387e+06,2.97882e+06,4949.75
0,17,activation,Logic,2.97882e+06,2.97885e+06,29.0025
0,17,up_proj,GPU,2.97885e+06,2.9838e+06,4949.75
0,17,Linear,Logic,2.97885e+06,2.9838e+06,4949.75
0,17,down_proj,GPU,2.9838e+06,2.98875e+06,4949.75
0,17,Linear,Logic,2.9838e+06,2.98875e+06,4949.75
0,17,expert_FFN_6,GPU,2.98875e+06,2.99958e+06,10832.6
0,17,gate_proj,GPU,2.98875e+06,2.99236e+06,3607.35
0,17,Linear,Logic,2.98875e+06,2.99236e+06,3607.35
0,17,activation,Logic,2.99236e+06,2.99237e+06,10.5463
0,17,up_proj,GPU,2.99237e+06,2.99598e+06,3607.35
0,17,Linear,Logic,2.99237e+06,2.99598e+06,3607.35
0,17,down_proj,GPU,2.99598e+06,2.99958e+06,3607.35
0,17,Linear,Logic,2.99598e+06,2.99958e+06,3607.35
0,17,expert_FFN_7,GPU,2.99958e+06,3.01045e+06,10865.7
0,17,gate_proj,GPU,2.99958e+06,3.0032e+06,3614.89
0,17,Linear,Logic,2.99958e+06,3.0032e+06,3614.89
0,17,activation,Logic,3.0032e+06,3.00322e+06,21.0927
0,17,up_proj,GPU,3.00322e+06,3.00684e+06,3614.89
0,17,Linear,Logic,3.00322e+06,3.00684e+06,3614.89
0,17,down_proj,GPU,3.00684e+06,3.01045e+06,3614.89
0,17,Linear,Logic,3.00684e+06,3.01045e+06,3614.89
0,17,sync_2,GPU,3.02706e+06,3.02706e+06,0
0,17,sync__set,GPU,3.02706e+06,3.02706e+06,0
0,17,sync__,GPU,3.02706e+06,3.02706e+06,0
0,17,moe_all_reduce_for_e_tp,GPU,3.02706e+06,3.04768e+06,20621.4
0,17,sync_3,GPU,3.04768e+06,3.04768e+06,0
0,17,sync__set,GPU,3.04768e+06,3.04768e+06,0
0,17,sync__,GPU,3.04768e+06,3.04768e+06,0
0,17,moe_gather,GPU,3.04768e+06,3.04768e+06,0
0,17,sync_for_moe_gather,GPU,3.04768e+06,3.04768e+06,0
0,17,sync__set,GPU,3.04768e+06,3.04768e+06,0
0,17,sync__,GPU,3.04768e+06,3.04768e+06,0
0,17,moe_all_reduce_for_gather,GPU,3.04768e+06,3.0683e+06,20621.4
0,17,sync_5,GPU,3.0683e+06,3.0683e+06,0
0,17,sync__set,GPU,3.0683e+06,3.0683e+06,0
0,17,sync__,GPU,3.0683e+06,3.0683e+06,0
0,17,sync_6,GPU,3.0683e+06,3.0683e+06,0
0,17,sync__set,GPU,3.0683e+06,3.0683e+06,0
0,17,sync__,GPU,3.0683e+06,3.0683e+06,0
0,17,residual_2,GPU,3.0683e+06,3.06857e+06,261.148
0,18,MoE_decoder_18,GPU,3.06857e+06,3.23794e+06,169377
0,18,input_layer_norm,GPU,3.06857e+06,3.06883e+06,261.148
0,18,attention,GPU,3.06883e+06,3.1087e+06,39870
0,18,attn_qkv_proj,GPU,3.06883e+06,3.07517e+06,6347.9
0,18,Linear,GPU,3.06883e+06,3.07517e+06,6347.9
0,18,self_attention,GPU,3.07517e+06,3.0838e+06,8625.91
0,18,AttentionSplit,GPU,3.07517e+06,3.07517e+06,0
0,18,AttentionSum,GPU,3.07517e+06,3.07517e+06,0
0,18,AttentionGen,Logic,3.07517e+06,3.0838e+06,8625.91
0,18,AttentionMerge,GPU,3.0838e+06,3.0838e+06,0
0,18,attn_o_proj,GPU,3.0838e+06,3.08807e+06,4274.79
0,18,Linear,GPU,3.0838e+06,3.08807e+06,4274.79
0,18,all_reduce,GPU,3.08807e+06,3.1087e+06,20621.4
0,18,residual_1,GPU,3.1087e+06,3.10896e+06,261.148
0,18,post_attn_layer_norm,GPU,3.10896e+06,3.10922e+06,261.148
0,18,expertFFN,GPU,3.10922e+06,3.23768e+06,128462
0,18,sync_0,GPU,3.10922e+06,3.10922e+06,0
0,18,sync__set,GPU,3.10922e+06,3.10922e+06,0
0,18,sync__,GPU,3.10922e+06,3.10922e+06,0
0,18,gate_fn,GPU,3.10922e+06,3.10938e+06,160.957
0,18,Linear,GPU,3.10922e+06,3.10938e+06,160.957
0,18,gate_update,GPU,3.10938e+06,3.10938e+06,0
0,18,moe_scatter,GPU,3.10938e+06,3.10938e+06,0
0,18,sync_for_moe_scatter,GPU,3.10938e+06,3.10938e+06,0
0,18,sync__set,GPU,3.10938e+06,3.10938e+06,0
0,18,sync__,GPU,3.10938e+06,3.10938e+06,0
0,18,moe_route,GPU,3.10938e+06,3.10938e+06,0
0,18,expert_FFN_0,GPU,3.10938e+06,3.12025e+06,10865.7
0,18,gate_proj,GPU,3.10938e+06,3.11299e+06,3614.89
0,18,Linear,Logic,3.10938e+06,3.11299e+06,3614.89
0,18,activation,Logic,3.11299e+06,3.11302e+06,21.0927
0,18,up_proj,GPU,3.11302e+06,3.11663e+06,3614.89
0,18,Linear,Logic,3.11302e+06,3.11663e+06,3614.89
0,18,down_proj,GPU,3.11663e+06,3.12025e+06,3614.89
0,18,Linear,Logic,3.11663e+06,3.12025e+06,3614.89
0,18,expert_FFN_1,GPU,3.12025e+06,3.13242e+06,12173.1
0,18,gate_proj,GPU,3.12025e+06,3.1243e+06,4049.8
0,18,Linear,Logic,3.12025e+06,3.1243e+06,4049.8
0,18,activation,Logic,3.1243e+06,3.12432e+06,23.7293
0,18,up_proj,GPU,3.12432e+06,3.12837e+06,4049.8
0,18,Linear,Logic,3.12432e+06,3.12837e+06,4049.8
0,18,down_proj,GPU,3.12837e+06,3.13242e+06,4049.8
0,18,Linear,Logic,3.12837e+06,3.13242e+06,4049.8
0,18,expert_FFN_2,GPU,3.13242e+06,3.14323e+06,10816
0,18,gate_proj,GPU,3.13242e+06,3.13602e+06,3603.59
0,18,Linear,Logic,3.13242e+06,3.13602e+06,3603.59
0,18,activation,Logic,3.13602e+06,3.13603e+06,5.27317
0,18,up_proj,GPU,3.13603e+06,3.13963e+06,3603.59
0,18,Linear,Logic,3.13603e+06,3.13963e+06,3603.59
0,18,down_proj,GPU,3.13963e+06,3.14323e+06,3603.59
0,18,Linear,Logic,3.13963e+06,3.14323e+06,3603.59
0,18,expert_FFN_3,GPU,3.14323e+06,3.1541e+06,10865.7
0,18,gate_proj,GPU,3.14323e+06,3.14685e+06,3614.89
0,18,Linear,Logic,3.14323e+06,3.14685e+06,3614.89
0,18,activation,Logic,3.14685e+06,3.14687e+06,21.0927
0,18,up_proj,GPU,3.14687e+06,3.15049e+06,3614.89
0,18,Linear,Logic,3.14687e+06,3.15049e+06,3614.89
0,18,down_proj,GPU,3.15049e+06,3.1541e+06,3614.89
0,18,Linear,Logic,3.15049e+06,3.1541e+06,3614.89
0,18,expert_FFN_4,GPU,3.10938e+06,3.15294e+06,43562.4
0,18,gate_proj,GPU,3.10938e+06,3.12386e+06,14482.1
0,18,Linear,GPU,3.10938e+06,3.12386e+06,14482.1
0,18,activation,GPU,3.12386e+06,3.12398e+06,116.01
0,18,up_proj,GPU,3.12398e+06,3.13846e+06,14482.1
0,18,Linear,GPU,3.12398e+06,3.13846e+06,14482.1
0,18,down_proj,GPU,3.13846e+06,3.15294e+06,14482.1
0,18,Linear,GPU,3.13846e+06,3.15294e+06,14482.1
0,18,expert_FFN_5,GPU,3.15294e+06,3.19644e+06,43496.1
0,18,gate_proj,GPU,3.15294e+06,3.16741e+06,14467.1
0,18,Linear,GPU,3.15294e+06,3.16741e+06,14467.1
0,18,activation,GPU,3.16741e+06,3.1675e+06,94.9171
0,18,up_proj,GPU,3.1675e+06,3.18197e+06,14467.1
0,18,Linear,GPU,3.1675e+06,3.18197e+06,14467.1
0,18,down_proj,GPU,3.18197e+06,3.19644e+06,14467.1
0,18,Linear,GPU,3.18197e+06,3.19644e+06,14467.1
0,18,expert_FFN_6,GPU,3.1541e+06,3.16627e+06,12173.1
0,18,gate_proj,GPU,3.1541e+06,3.15815e+06,4049.8
0,18,Linear,Logic,3.1541e+06,3.15815e+06,4049.8
0,18,activation,Logic,3.15815e+06,3.15817e+06,23.7293
0,18,up_proj,GPU,3.15817e+06,3.16222e+06,4049.8
0,18,Linear,Logic,3.15817e+06,3.16222e+06,4049.8
0,18,down_proj,GPU,3.16222e+06,3.16627e+06,4049.8
0,18,Linear,Logic,3.16222e+06,3.16627e+06,4049.8
0,18,expert_FFN_7,GPU,3.16627e+06,3.17714e+06,10865.7
0,18,gate_proj,GPU,3.16627e+06,3.16989e+06,3614.89
0,18,Linear,Logic,3.16627e+06,3.16989e+06,3614.89
0,18,activation,Logic,3.16989e+06,3.16991e+06,21.0927
0,18,up_proj,GPU,3.16991e+06,3.17352e+06,3614.89
0,18,Linear,Logic,3.16991e+06,3.17352e+06,3614.89
0,18,down_proj,GPU,3.17352e+06,3.17714e+06,3614.89
0,18,Linear,Logic,3.17352e+06,3.17714e+06,3614.89
0,18,sync_2,GPU,3.19644e+06,3.19644e+06,0
0,18,sync__set,GPU,3.19644e+06,3.19644e+06,0
0,18,sync__,GPU,3.19644e+06,3.19644e+06,0
0,18,moe_all_reduce_for_e_tp,GPU,3.19644e+06,3.21706e+06,20621.4
0,18,sync_3,GPU,3.21706e+06,3.21706e+06,0
0,18,sync__set,GPU,3.21706e+06,3.21706e+06,0
0,18,sync__,GPU,3.21706e+06,3.21706e+06,0
0,18,moe_gather,GPU,3.21706e+06,3.21706e+06,0
0,18,sync_for_moe_gather,GPU,3.21706e+06,3.21706e+06,0
0,18,sync__set,GPU,3.21706e+06,3.21706e+06,0
0,18,sync__,GPU,3.21706e+06,3.21706e+06,0
0,18,moe_all_reduce_for_gather,GPU,3.21706e+06,3.23768e+06,20621.4
0,18,sync_5,GPU,3.23768e+06,3.23768e+06,0
0,18,sync__set,GPU,3.23768e+06,3.23768e+06,0
0,18,sync__,GPU,3.23768e+06,3.23768e+06,0
0,18,sync_6,GPU,3.23768e+06,3.23768e+06,0
0,18,sync__set,GPU,3.23768e+06,3.23768e+06,0
0,18,sync__,GPU,3.23768e+06,3.23768e+06,0
0,18,residual_2,GPU,3.23768e+06,3.23794e+06,261.148
0,19,MoE_decoder_19,GPU,3.23794e+06,3.40729e+06,169344
0,19,input_layer_norm,GPU,3.23794e+06,3.2382e+06,261.148
0,19,attention,GPU,3.2382e+06,3.27807e+06,39870
0,19,attn_qkv_proj,GPU,3.2382e+06,3.24455e+06,6347.9
0,19,Linear,GPU,3.2382e+06,3.24455e+06,6347.9
0,19,self_attention,GPU,3.24455e+06,3.25318e+06,8625.91
0,19,AttentionSplit,GPU,3.24455e+06,3.24455e+06,0
0,19,AttentionSum,GPU,3.24455e+06,3.24455e+06,0
0,19,AttentionGen,Logic,3.24455e+06,3.25318e+06,8625.91
0,19,AttentionMerge,GPU,3.25318e+06,3.25318e+06,0
0,19,attn_o_proj,GPU,3.25318e+06,3.25745e+06,4274.79
0,19,Linear,GPU,3.25318e+06,3.25745e+06,4274.79
0,19,all_reduce,GPU,3.25745e+06,3.27807e+06,20621.4
0,19,residual_1,GPU,3.27807e+06,3.27833e+06,261.148
0,19,post_attn_layer_norm,GPU,3.27833e+06,3.2786e+06,261.148
0,19,expertFFN,GPU,3.2786e+06,3.40703e+06,128429
0,19,sync_0,GPU,3.2786e+06,3.2786e+06,0
0,19,sync__set,GPU,3.2786e+06,3.2786e+06,0
0,19,sync__,GPU,3.2786e+06,3.2786e+06,0
0,19,gate_fn,GPU,3.2786e+06,3.27876e+06,160.957
0,19,Linear,GPU,3.2786e+06,3.27876e+06,160.957
0,19,gate_update,GPU,3.27876e+06,3.27876e+06,0
0,19,moe_scatter,GPU,3.27876e+06,3.27876e+06,0
0,19,sync_for_moe_scatter,GPU,3.27876e+06,3.27876e+06,0
0,19,sync__set,GPU,3.27876e+06,3.27876e+06,0
0,19,sync__,GPU,3.27876e+06,3.27876e+06,0
0,19,moe_route,GPU,3.27876e+06,3.27876e+06,0
0,19,expert_FFN_0,GPU,3.27876e+06,3.28961e+06,10849.2
0,19,gate_proj,GPU,3.27876e+06,3.28237e+06,3611.12
0,19,Linear,Logic,3.27876e+06,3.28237e+06,3611.12
0,19,activation,Logic,3.28237e+06,3.28238e+06,15.8195
0,19,up_proj,GPU,3.28238e+06,3.28599e+06,3611.12
0,19,Linear,Logic,3.28238e+06,3.28599e+06,3611.12
0,19,down_proj,GPU,3.28599e+06,3.28961e+06,3611.12
0,19,Linear,Logic,3.28599e+06,3.28961e+06,3611.12
0,19,expert_FFN_1,GPU,3.28961e+06,3.30046e+06,10849.2
0,19,gate_proj,GPU,3.28961e+06,3.29322e+06,3611.12
0,19,Linear,Logic,3.28961e+06,3.29322e+06,3611.12
0,19,activation,Logic,3.29322e+06,3.29323e+06,15.8195
0,19,up_proj,GPU,3.29323e+06,3.29684e+06,3611.12
0,19,Linear,Logic,3.29323e+06,3.29684e+06,3611.12
0,19,down_proj,GPU,3.29684e+06,3.30046e+06,3611.12
0,19,Linear,Logic,3.29684e+06,3.30046e+06,3611.12
0,19,expert_FFN_2,GPU,3.30046e+06,3.31131e+06,10857.5
0,19,gate_proj,GPU,3.30046e+06,3.30407e+06,3613
0,19,Linear,Logic,3.30046e+06,3.30407e+06,3613
0,19,activation,Logic,3.30407e+06,3.30409e+06,18.4561
0,19,up_proj,GPU,3.30409e+06,3.3077e+06,3613
0,19,Linear,Logic,3.30409e+06,3.3077e+06,3613
0,19,down_proj,GPU,3.3077e+06,3.31131e+06,3613
0,19,Linear,Logic,3.3077e+06,3.31131e+06,3613
0,19,expert_FFN_3,GPU,3.31131e+06,3.32349e+06,12173.1
0,19,gate_proj,GPU,3.31131e+06,3.31536e+06,4049.8
0,19,Linear,Logic,3.31131e+06,3.31536e+06,4049.8
0,19,activation,Logic,3.31536e+06,3.31539e+06,23.7293
0,19,up_proj,GPU,3.31539e+06,3.31944e+06,4049.8
0,19,Linear,Logic,3.31539e+06,3.31944e+06,4049.8
0,19,down_proj,GPU,3.31944e+06,3.32349e+06,4049.8
0,19,Linear,Logic,3.31944e+06,3.32349e+06,4049.8
0,19,expert_FFN_4,GPU,3.27876e+06,3.32222e+06,43463
0,19,gate_proj,GPU,3.27876e+06,3.29322e+06,14459.5
0,19,Linear,GPU,3.27876e+06,3.29322e+06,14459.5
0,19,activation,GPU,3.29322e+06,3.2933e+06,84.3708
0,19,up_proj,GPU,3.2933e+06,3.30776e+06,14459.5
0,19,Linear,GPU,3.2933e+06,3.30776e+06,14459.5
0,19,down_proj,GPU,3.30776e+06,3.32222e+06,14459.5
0,19,Linear,GPU,3.30776e+06,3.32222e+06,14459.5
0,19,expert_FFN_5,GPU,3.32222e+06,3.36578e+06,43562.4
0,19,gate_proj,GPU,3.32222e+06,3.3367e+06,14482.1
0,19,Linear,GPU,3.32222e+06,3.3367e+06,14482.1
0,19,activation,GPU,3.3367e+06,3.33682e+06,116.01
0,19,up_proj,GPU,3.33682e+06,3.3513e+06,14482.1
0,19,Linear,GPU,3.33682e+06,3.3513e+06,14482.1
0,19,down_proj,GPU,3.3513e+06,3.36578e+06,14482.1
0,19,Linear,GPU,3.3513e+06,3.36578e+06,14482.1
0,19,expert_FFN_6,GPU,3.32349e+06,3.33435e+06,10865.7
0,19,gate_proj,GPU,3.32349e+06,3.3271e+06,3614.89
0,19,Linear,Logic,3.32349e+06,3.3271e+06,3614.89
0,19,activation,Logic,3.3271e+06,3.32712e+06,21.0927
0,19,up_proj,GPU,3.32712e+06,3.33074e+06,3614.89
0,19,Linear,Logic,3.32712e+06,3.33074e+06,3614.89
0,19,down_proj,GPU,3.33074e+06,3.33435e+06,3614.89
0,19,Linear,Logic,3.33074e+06,3.33435e+06,3614.89
0,19,expert_FFN_7,GPU,3.33435e+06,3.34652e+06,12173.1
0,19,gate_proj,GPU,3.33435e+06,3.3384e+06,4049.8
0,19,Linear,Logic,3.33435e+06,3.3384e+06,4049.8
0,19,activation,Logic,3.3384e+06,3.33842e+06,23.7293
0,19,up_proj,GPU,3.33842e+06,3.34247e+06,4049.8
0,19,Linear,Logic,3.33842e+06,3.34247e+06,4049.8
0,19,down_proj,GPU,3.34247e+06,3.34652e+06,4049.8
0,19,Linear,Logic,3.34247e+06,3.34652e+06,4049.8
0,19,sync_2,GPU,3.36578e+06,3.36578e+06,0
0,19,sync__set,GPU,3.36578e+06,3.36578e+06,0
0,19,sync__,GPU,3.36578e+06,3.36578e+06,0
0,19,moe_all_reduce_for_e_tp,GPU,3.36578e+06,3.3864e+06,20621.4
0,19,sync_3,GPU,3.3864e+06,3.3864e+06,0
0,19,sync__set,GPU,3.3864e+06,3.3864e+06,0
0,19,sync__,GPU,3.3864e+06,3.3864e+06,0
0,19,moe_gather,GPU,3.3864e+06,3.3864e+06,0
0,19,sync_for_moe_gather,GPU,3.3864e+06,3.3864e+06,0
0,19,sync__set,GPU,3.3864e+06,3.3864e+06,0
0,19,sync__,GPU,3.3864e+06,3.3864e+06,0
0,19,moe_all_reduce_for_gather,GPU,3.3864e+06,3.40703e+06,20621.4
0,19,sync_5,GPU,3.40703e+06,3.40703e+06,0
0,19,sync__set,GPU,3.40703e+06,3.40703e+06,0
0,19,sync__,GPU,3.40703e+06,3.40703e+06,0
0,19,sync_6,GPU,3.40703e+06,3.40703e+06,0
0,19,sync__set,GPU,3.40703e+06,3.40703e+06,0
0,19,sync__,GPU,3.40703e+06,3.40703e+06,0
0,19,residual_2,GPU,3.40703e+06,3.40729e+06,261.148
0,20,MoE_decoder_20,GPU,3.40729e+06,3.57666e+06,169377
0,20,input_layer_norm,GPU,3.40729e+06,3.40755e+06,261.148
0,20,attention,GPU,3.40755e+06,3.44742e+06,39870
0,20,attn_qkv_proj,GPU,3.40755e+06,3.4139e+06,6347.9
0,20,Linear,GPU,3.40755e+06,3.4139e+06,6347.9
0,20,self_attention,GPU,3.4139e+06,3.42252e+06,8625.91
0,20,AttentionSplit,GPU,3.4139e+06,3.4139e+06,0
0,20,AttentionSum,GPU,3.4139e+06,3.4139e+06,0
0,20,AttentionGen,Logic,3.4139e+06,3.42252e+06,8625.91
0,20,AttentionMerge,GPU,3.42252e+06,3.42252e+06,0
0,20,attn_o_proj,GPU,3.42252e+06,3.4268e+06,4274.79
0,20,Linear,GPU,3.42252e+06,3.4268e+06,4274.79
0,20,all_reduce,GPU,3.4268e+06,3.44742e+06,20621.4
0,20,residual_1,GPU,3.44742e+06,3.44768e+06,261.148
0,20,post_attn_layer_norm,GPU,3.44768e+06,3.44794e+06,261.148
0,20,expertFFN,GPU,3.44794e+06,3.5764e+06,128462
0,20,sync_0,GPU,3.44794e+06,3.44794e+06,0
0,20,sync__set,GPU,3.44794e+06,3.44794e+06,0
0,20,sync__,GPU,3.44794e+06,3.44794e+06,0
0,20,gate_fn,GPU,3.44794e+06,3.4481e+06,160.957
0,20,Linear,GPU,3.44794e+06,3.4481e+06,160.957
0,20,gate_update,GPU,3.4481e+06,3.4481e+06,0
0,20,moe_scatter,GPU,3.4481e+06,3.4481e+06,0
0,20,sync_for_moe_scatter,GPU,3.4481e+06,3.4481e+06,0
0,20,sync__set,GPU,3.4481e+06,3.4481e+06,0
0,20,sync__,GPU,3.4481e+06,3.4481e+06,0
0,20,moe_route,GPU,3.4481e+06,3.4481e+06,0
0,20,expert_FFN_0,GPU,3.4481e+06,3.46027e+06,12173.1
0,20,gate_proj,GPU,3.4481e+06,3.45215e+06,4049.8
0,20,Linear,Logic,3.4481e+06,3.45215e+06,4049.8
0,20,activation,Logic,3.45215e+06,3.45217e+06,23.7293
0,20,up_proj,GPU,3.45217e+06,3.45622e+06,4049.8
0,20,Linear,Logic,3.45217e+06,3.45622e+06,4049.8
0,20,down_proj,GPU,3.45622e+06,3.46027e+06,4049.8
0,20,Linear,Logic,3.45622e+06,3.46027e+06,4049.8
0,20,expert_FFN_1,GPU,3.46027e+06,3.47112e+06,10849.2
0,20,gate_proj,GPU,3.46027e+06,3.46388e+06,3611.12
0,20,Linear,Logic,3.46027e+06,3.46388e+06,3611.12
0,20,activation,Logic,3.46388e+06,3.4639e+06,15.8195
0,20,up_proj,GPU,3.4639e+06,3.46751e+06,3611.12
0,20,Linear,Logic,3.4639e+06,3.46751e+06,3611.12
0,20,down_proj,GPU,3.46751e+06,3.47112e+06,3611.12
0,20,Linear,Logic,3.46751e+06,3.47112e+06,3611.12
0,20,expert_FFN_2,GPU,3.4481e+06,3.49153e+06,43429.9
0,20,gate_proj,GPU,3.4481e+06,3.46255e+06,14452
0,20,Linear,GPU,3.4481e+06,3.46255e+06,14452
0,20,activation,GPU,3.46255e+06,3.46263e+06,73.8244
0,20,up_proj,GPU,3.46263e+06,3.47708e+06,14452
0,20,Linear,GPU,3.46263e+06,3.47708e+06,14452
0,20,down_proj,GPU,3.47708e+06,3.49153e+06,14452
0,20,Linear,GPU,3.47708e+06,3.49153e+06,14452
0,20,expert_FFN_3,GPU,3.49153e+06,3.53516e+06,43628.7
0,20,gate_proj,GPU,3.49153e+06,3.50603e+06,14497.2
0,20,Linear,GPU,3.49153e+06,3.50603e+06,14497.2
0,20,activation,GPU,3.50603e+06,3.50616e+06,137.103
0,20,up_proj,GPU,3.50616e+06,3.52066e+06,14497.2
0,20,Linear,GPU,3.50616e+06,3.52066e+06,14497.2
0,20,down_proj,GPU,3.52066e+06,3.53516e+06,14497.2
0,20,Linear,GPU,3.52066e+06,3.53516e+06,14497.2
0,20,expert_FFN_4,GPU,3.47112e+06,3.4833e+06,12173.1
0,20,gate_proj,GPU,3.47112e+06,3.47517e+06,4049.8
0,20,Linear,Logic,3.47112e+06,3.47517e+06,4049.8
0,20,activation,Logic,3.47517e+06,3.4752e+06,23.7293
0,20,up_proj,GPU,3.4752e+06,3.47925e+06,4049.8
0,20,Linear,Logic,3.4752e+06,3.47925e+06,4049.8
0,20,down_proj,GPU,3.47925e+06,3.4833e+06,4049.8
0,20,Linear,Logic,3.47925e+06,3.4833e+06,4049.8
0,20,expert_FFN_5,GPU,3.4833e+06,3.49413e+06,10832.6
0,20,gate_proj,GPU,3.4833e+06,3.4869e+06,3607.35
0,20,Linear,Logic,3.4833e+06,3.4869e+06,3607.35
0,20,activation,Logic,3.4869e+06,3.48691e+06,10.5463
0,20,up_proj,GPU,3.48691e+06,3.49052e+06,3607.35
0,20,Linear,Logic,3.48691e+06,3.49052e+06,3607.35
0,20,down_proj,GPU,3.49052e+06,3.49413e+06,3607.35
0,20,Linear,Logic,3.49052e+06,3.49413e+06,3607.35
0,20,expert_FFN_6,GPU,3.49413e+06,3.50901e+06,14878.3
0,20,gate_proj,GPU,3.49413e+06,3.49908e+06,4949.75
0,20,Linear,Logic,3.49413e+06,3.49908e+06,4949.75
0,20,activation,Logic,3.49908e+06,3.49911e+06,29.0025
0,20,up_proj,GPU,3.49911e+06,3.50406e+06,4949.75
0,20,Linear,Logic,3.49911e+06,3.50406e+06,4949.75
0,20,down_proj,GPU,3.50406e+06,3.50901e+06,4949.75
0,20,Linear,Logic,3.50406e+06,3.50901e+06,4949.75
0,20,expert_FFN_7,GPU,3.50901e+06,3.51985e+06,10840.9
0,20,gate_proj,GPU,3.50901e+06,3.51262e+06,3609.24
0,20,Linear,Logic,3.50901e+06,3.51262e+06,3609.24
0,20,activation,Logic,3.51262e+06,3.51263e+06,13.1829
0,20,up_proj,GPU,3.51263e+06,3.51624e+06,3609.24
0,20,Linear,Logic,3.51263e+06,3.51624e+06,3609.24
0,20,down_proj,GPU,3.51624e+06,3.51985e+06,3609.24
0,20,Linear,Logic,3.51624e+06,3.51985e+06,3609.24
0,20,sync_2,GPU,3.53516e+06,3.53516e+06,0
0,20,sync__set,GPU,3.53516e+06,3.53516e+06,0
0,20,sync__,GPU,3.53516e+06,3.53516e+06,0
0,20,moe_all_reduce_for_e_tp,GPU,3.53516e+06,3.55578e+06,20621.4
0,20,sync_3,GPU,3.55578e+06,3.55578e+06,0
0,20,sync__set,GPU,3.55578e+06,3.55578e+06,0
0,20,sync__,GPU,3.55578e+06,3.55578e+06,0
0,20,moe_gather,GPU,3.55578e+06,3.55578e+06,0
0,20,sync_for_moe_gather,GPU,3.55578e+06,3.55578e+06,0
0,20,sync__set,GPU,3.55578e+06,3.55578e+06,0
0,20,sync__,GPU,3.55578e+06,3.55578e+06,0
0,20,moe_all_reduce_for_gather,GPU,3.55578e+06,3.5764e+06,20621.4
0,20,sync_5,GPU,3.5764e+06,3.5764e+06,0
0,20,sync__set,GPU,3.5764e+06,3.5764e+06,0
0,20,sync__,GPU,3.5764e+06,3.5764e+06,0
0,20,sync_6,GPU,3.5764e+06,3.5764e+06,0
0,20,sync__set,GPU,3.5764e+06,3.5764e+06,0
0,20,sync__,GPU,3.5764e+06,3.5764e+06,0
0,20,residual_2,GPU,3.5764e+06,3.57666e+06,261.148
0,21,MoE_decoder_21,GPU,3.57666e+06,3.74604e+06,169377
0,21,input_layer_norm,GPU,3.57666e+06,3.57692e+06,261.148
0,21,attention,GPU,3.57692e+06,3.61679e+06,39870
0,21,attn_qkv_proj,GPU,3.57692e+06,3.58327e+06,6347.9
0,21,Linear,GPU,3.57692e+06,3.58327e+06,6347.9
0,21,self_attention,GPU,3.58327e+06,3.5919e+06,8625.91
0,21,AttentionSplit,GPU,3.58327e+06,3.58327e+06,0
0,21,AttentionSum,GPU,3.58327e+06,3.58327e+06,0
0,21,AttentionGen,Logic,3.58327e+06,3.5919e+06,8625.91
0,21,AttentionMerge,GPU,3.5919e+06,3.5919e+06,0
0,21,attn_o_proj,GPU,3.5919e+06,3.59617e+06,4274.79
0,21,Linear,GPU,3.5919e+06,3.59617e+06,4274.79
0,21,all_reduce,GPU,3.59617e+06,3.61679e+06,20621.4
0,21,residual_1,GPU,3.61679e+06,3.61706e+06,261.148
0,21,post_attn_layer_norm,GPU,3.61706e+06,3.61732e+06,261.148
0,21,expertFFN,GPU,3.61732e+06,3.74578e+06,128462
0,21,sync_0,GPU,3.61732e+06,3.61732e+06,0
0,21,sync__set,GPU,3.61732e+06,3.61732e+06,0
0,21,sync__,GPU,3.61732e+06,3.61732e+06,0
0,21,gate_fn,GPU,3.61732e+06,3.61748e+06,160.957
0,21,Linear,GPU,3.61732e+06,3.61748e+06,160.957
0,21,gate_update,GPU,3.61748e+06,3.61748e+06,0
0,21,moe_scatter,GPU,3.61748e+06,3.61748e+06,0
0,21,sync_for_moe_scatter,GPU,3.61748e+06,3.61748e+06,0
0,21,sync__set,GPU,3.61748e+06,3.61748e+06,0
0,21,sync__,GPU,3.61748e+06,3.61748e+06,0
0,21,moe_route,GPU,3.61748e+06,3.61748e+06,0
0,21,expert_FFN_0,GPU,3.61748e+06,3.6283e+06,10824.3
0,21,gate_proj,GPU,3.61748e+06,3.62108e+06,3605.47
0,21,Linear,Logic,3.61748e+06,3.62108e+06,3605.47
0,21,activation,Logic,3.62108e+06,3.62109e+06,7.90976
0,21,up_proj,GPU,3.62109e+06,3.6247e+06,3605.47
0,21,Linear,Logic,3.62109e+06,3.6247e+06,3605.47
0,21,down_proj,GPU,3.6247e+06,3.6283e+06,3605.47
0,21,Linear,Logic,3.6247e+06,3.6283e+06,3605.47
0,21,expert_FFN_1,GPU,3.6283e+06,3.64318e+06,14878.3
0,21,gate_proj,GPU,3.6283e+06,3.63325e+06,4949.75
0,21,Linear,Logic,3.6283e+06,3.63325e+06,4949.75
0,21,activation,Logic,3.63325e+06,3.63328e+06,29.0025
0,21,up_proj,GPU,3.63328e+06,3.63823e+06,4949.75
0,21,Linear,Logic,3.63328e+06,3.63823e+06,4949.75
0,21,down_proj,GPU,3.63823e+06,3.64318e+06,4949.75
0,21,Linear,Logic,3.63823e+06,3.64318e+06,4949.75
0,21,expert_FFN_2,GPU,3.64318e+06,3.65404e+06,10857.5
0,21,gate_proj,GPU,3.64318e+06,3.64679e+06,3613
0,21,Linear,Logic,3.64318e+06,3.64679e+06,3613
0,21,activation,Logic,3.64679e+06,3.64681e+06,18.4561
0,21,up_proj,GPU,3.64681e+06,3.65042e+06,3613
0,21,Linear,Logic,3.64681e+06,3.65042e+06,3613
0,21,down_proj,GPU,3.65042e+06,3.65404e+06,3613
0,21,Linear,Logic,3.65042e+06,3.65404e+06,3613
0,21,expert_FFN_3,GPU,3.65404e+06,3.66756e+06,13525.7
0,21,gate_proj,GPU,3.65404e+06,3.65854e+06,4499.77
0,21,Linear,Logic,3.65404e+06,3.65854e+06,4499.77
0,21,activation,Logic,3.65854e+06,3.65856e+06,26.3659
0,21,up_proj,GPU,3.65856e+06,3.66306e+06,4499.77
0,21,Linear,Logic,3.65856e+06,3.66306e+06,4499.77
0,21,down_proj,GPU,3.66306e+06,3.66756e+06,4499.77
0,21,Linear,Logic,3.66306e+06,3.66756e+06,4499.77
0,21,expert_FFN_4,GPU,3.66756e+06,3.67842e+06,10857.5
0,21,gate_proj,GPU,3.66756e+06,3.67118e+06,3613
0,21,Linear,Logic,3.66756e+06,3.67118e+06,3613
0,21,activation,Logic,3.67118e+06,3.67119e+06,18.4561
0,21,up_proj,GPU,3.67119e+06,3.67481e+06,3613
0,21,Linear,Logic,3.67119e+06,3.67481e+06,3613
0,21,down_proj,GPU,3.67481e+06,3.67842e+06,3613
0,21,Linear,Logic,3.67481e+06,3.67842e+06,3613
0,21,expert_FFN_5,GPU,3.67842e+06,3.68927e+06,10849.2
0,21,gate_proj,GPU,3.67842e+06,3.68203e+06,3611.12
0,21,Linear,Logic,3.67842e+06,3.68203e+06,3611.12
0,21,activation,Logic,3.68203e+06,3.68205e+06,15.8195
0,21,up_proj,GPU,3.68205e+06,3.68566e+06,3611.12
0,21,Linear,Logic,3.68205e+06,3.68566e+06,3611.12
0,21,down_proj,GPU,3.68566e+06,3.68927e+06,3611.12
0,21,Linear,Logic,3.68566e+06,3.68927e+06,3611.12
0,21,expert_FFN_6,GPU,3.61748e+06,3.66111e+06,43628.7
0,21,gate_proj,GPU,3.61748e+06,3.63197e+06,14497.2
0,21,Linear,GPU,3.61748e+06,3.63197e+06,14497.2
0,21,activation,GPU,3.63197e+06,3.63211e+06,137.103
0,21,up_proj,GPU,3.63211e+06,3.64661e+06,14497.2
0,21,Linear,GPU,3.63211e+06,3.64661e+06,14497.2
0,21,down_proj,GPU,3.64661e+06,3.66111e+06,14497.2
0,21,Linear,GPU,3.64661e+06,3.66111e+06,14497.2
0,21,expert_FFN_7,GPU,3.66111e+06,3.70454e+06,43429.9
0,21,gate_proj,GPU,3.66111e+06,3.67556e+06,14452
0,21,Linear,GPU,3.66111e+06,3.67556e+06,14452
0,21,activation,GPU,3.67556e+06,3.67563e+06,73.8244
0,21,up_proj,GPU,3.67563e+06,3.69008e+06,14452
0,21,Linear,GPU,3.67563e+06,3.69008e+06,14452
0,21,down_proj,GPU,3.69008e+06,3.70454e+06,14452
0,21,Linear,GPU,3.69008e+06,3.70454e+06,14452
0,21,sync_2,GPU,3.70454e+06,3.70454e+06,0
0,21,sync__set,GPU,3.70454e+06,3.70454e+06,0
0,21,sync__,GPU,3.70454e+06,3.70454e+06,0
0,21,moe_all_reduce_for_e_tp,GPU,3.70454e+06,3.72516e+06,20621.4
0,21,sync_3,GPU,3.72516e+06,3.72516e+06,0
0,21,sync__set,GPU,3.72516e+06,3.72516e+06,0
0,21,sync__,GPU,3.72516e+06,3.72516e+06,0
0,21,moe_gather,GPU,3.72516e+06,3.72516e+06,0
0,21,sync_for_moe_gather,GPU,3.72516e+06,3.72516e+06,0
0,21,sync__set,GPU,3.72516e+06,3.72516e+06,0
0,21,sync__,GPU,3.72516e+06,3.72516e+06,0
0,21,moe_all_reduce_for_gather,GPU,3.72516e+06,3.74578e+06,20621.4
0,21,sync_5,GPU,3.74578e+06,3.74578e+06,0
0,21,sync__set,GPU,3.74578e+06,3.74578e+06,0
0,21,sync__,GPU,3.74578e+06,3.74578e+06,0
0,21,sync_6,GPU,3.74578e+06,3.74578e+06,0
0,21,sync__set,GPU,3.74578e+06,3.74578e+06,0
0,21,sync__,GPU,3.74578e+06,3.74578e+06,0
0,21,residual_2,GPU,3.74578e+06,3.74604e+06,261.148
0,22,MoE_decoder_22,GPU,3.74604e+06,3.91923e+06,173187
0,22,input_layer_norm,GPU,3.74604e+06,3.7463e+06,261.148
0,22,attention,GPU,3.7463e+06,3.78617e+06,39870
0,22,attn_qkv_proj,GPU,3.7463e+06,3.75265e+06,6347.9
0,22,Linear,GPU,3.7463e+06,3.75265e+06,6347.9
0,22,self_attention,GPU,3.75265e+06,3.76128e+06,8625.91
0,22,AttentionSplit,GPU,3.75265e+06,3.75265e+06,0
0,22,AttentionSum,GPU,3.75265e+06,3.75265e+06,0
0,22,AttentionGen,Logic,3.75265e+06,3.76128e+06,8625.91
0,22,AttentionMerge,GPU,3.76128e+06,3.76128e+06,0
0,22,attn_o_proj,GPU,3.76128e+06,3.76555e+06,4274.79
0,22,Linear,GPU,3.76128e+06,3.76555e+06,4274.79
0,22,all_reduce,GPU,3.76555e+06,3.78617e+06,20621.4
0,22,residual_1,GPU,3.78617e+06,3.78643e+06,261.148
0,22,post_attn_layer_norm,GPU,3.78643e+06,3.78669e+06,261.148
0,22,expertFFN,GPU,3.78669e+06,3.91897e+06,132272
0,22,sync_0,GPU,3.78669e+06,3.78669e+06,0
0,22,sync__set,GPU,3.78669e+06,3.78669e+06,0
0,22,sync__,GPU,3.78669e+06,3.78669e+06,0
0,22,gate_fn,GPU,3.78669e+06,3.78685e+06,160.957
0,22,Linear,GPU,3.78669e+06,3.78685e+06,160.957
0,22,gate_update,GPU,3.78685e+06,3.78685e+06,0
0,22,moe_scatter,GPU,3.78685e+06,3.78685e+06,0
0,22,sync_for_moe_scatter,GPU,3.78685e+06,3.78685e+06,0
0,22,sync__set,GPU,3.78685e+06,3.78685e+06,0
0,22,sync__,GPU,3.78685e+06,3.78685e+06,0
0,22,moe_route,GPU,3.78685e+06,3.78685e+06,0
0,22,expert_FFN_0,GPU,3.78685e+06,3.79772e+06,10865.7
0,22,gate_proj,GPU,3.78685e+06,3.79047e+06,3614.89
0,22,Linear,Logic,3.78685e+06,3.79047e+06,3614.89
0,22,activation,Logic,3.79047e+06,3.79049e+06,21.0927
0,22,up_proj,GPU,3.79049e+06,3.79411e+06,3614.89
0,22,Linear,Logic,3.79049e+06,3.79411e+06,3614.89
0,22,down_proj,GPU,3.79411e+06,3.79772e+06,3614.89
0,22,Linear,Logic,3.79411e+06,3.79772e+06,3614.89
0,22,expert_FFN_1,GPU,3.79772e+06,3.80859e+06,10865.7
0,22,gate_proj,GPU,3.79772e+06,3.80134e+06,3614.89
0,22,Linear,Logic,3.79772e+06,3.80134e+06,3614.89
0,22,activation,Logic,3.80134e+06,3.80136e+06,21.0927
0,22,up_proj,GPU,3.80136e+06,3.80497e+06,3614.89
0,22,Linear,Logic,3.80136e+06,3.80497e+06,3614.89
0,22,down_proj,GPU,3.80497e+06,3.80859e+06,3614.89
0,22,Linear,Logic,3.80497e+06,3.80859e+06,3614.89
0,22,expert_FFN_2,GPU,3.80859e+06,3.81945e+06,10865.7
0,22,gate_proj,GPU,3.80859e+06,3.8122e+06,3614.89
0,22,Linear,Logic,3.80859e+06,3.8122e+06,3614.89
0,22,activation,Logic,3.8122e+06,3.81222e+06,21.0927
0,22,up_proj,GPU,3.81222e+06,3.81584e+06,3614.89
0,22,Linear,Logic,3.81222e+06,3.81584e+06,3614.89
0,22,down_proj,GPU,3.81584e+06,3.81945e+06,3614.89
0,22,Linear,Logic,3.81584e+06,3.81945e+06,3614.89
0,22,expert_FFN_3,GPU,3.81945e+06,3.83032e+06,10865.7
0,22,gate_proj,GPU,3.81945e+06,3.82307e+06,3614.89
0,22,Linear,Logic,3.81945e+06,3.82307e+06,3614.89
0,22,activation,Logic,3.82307e+06,3.82309e+06,21.0927
0,22,up_proj,GPU,3.82309e+06,3.8267e+06,3614.89
0,22,Linear,Logic,3.82309e+06,3.8267e+06,3614.89
0,22,down_proj,GPU,3.8267e+06,3.83032e+06,3614.89
0,22,Linear,Logic,3.8267e+06,3.83032e+06,3614.89
0,22,expert_FFN_4,GPU,3.83032e+06,3.84249e+06,12173.1
0,22,gate_proj,GPU,3.83032e+06,3.83437e+06,4049.8
0,22,Linear,Logic,3.83032e+06,3.83437e+06,4049.8
0,22,activation,Logic,3.83437e+06,3.83439e+06,23.7293
0,22,up_proj,GPU,3.83439e+06,3.83844e+06,4049.8
0,22,Linear,Logic,3.83439e+06,3.83844e+06,4049.8
0,22,down_proj,GPU,3.83844e+06,3.84249e+06,4049.8
0,22,Linear,Logic,3.83844e+06,3.84249e+06,4049.8
0,22,expert_FFN_5,GPU,3.84249e+06,3.85602e+06,13525.7
0,22,gate_proj,GPU,3.84249e+06,3.84699e+06,4499.77
0,22,Linear,Logic,3.84249e+06,3.84699e+06,4499.77
0,22,activation,Logic,3.84699e+06,3.84702e+06,26.3659
0,22,up_proj,GPU,3.84702e+06,3.85152e+06,4499.77
0,22,Linear,Logic,3.84702e+06,3.85152e+06,4499.77
0,22,down_proj,GPU,3.85152e+06,3.85602e+06,4499.77
0,22,Linear,Logic,3.85152e+06,3.85602e+06,4499.77
0,22,expert_FFN_6,GPU,3.85602e+06,3.86688e+06,10865.7
0,22,gate_proj,GPU,3.85602e+06,3.85963e+06,3614.89
0,22,Linear,Logic,3.85602e+06,3.85963e+06,3614.89
0,22,activation,Logic,3.85963e+06,3.85965e+06,21.0927
0,22,up_proj,GPU,3.85965e+06,3.86327e+06,3614.89
0,22,Linear,Logic,3.85965e+06,3.86327e+06,3614.89
0,22,down_proj,GPU,3.86327e+06,3.86688e+06,3614.89
0,22,Linear,Logic,3.86327e+06,3.86688e+06,3614.89
0,22,expert_FFN_7,GPU,3.86688e+06,3.87772e+06,10840.9
0,22,gate_proj,GPU,3.86688e+06,3.87049e+06,3609.24
0,22,Linear,Logic,3.86688e+06,3.87049e+06,3609.24
0,22,activation,Logic,3.87049e+06,3.8705e+06,13.1829
0,22,up_proj,GPU,3.8705e+06,3.87411e+06,3609.24
0,22,Linear,Logic,3.8705e+06,3.87411e+06,3609.24
0,22,down_proj,GPU,3.87411e+06,3.87772e+06,3609.24
0,22,Linear,Logic,3.87411e+06,3.87772e+06,3609.24
0,22,sync_2,GPU,3.87772e+06,3.87772e+06,0
0,22,sync__set,GPU,3.87772e+06,3.87772e+06,0
0,22,sync__,GPU,3.87772e+06,3.87772e+06,0
0,22,moe_all_reduce_for_e_tp,GPU,3.87772e+06,3.89834e+06,20621.4
0,22,sync_3,GPU,3.89834e+06,3.89834e+06,0
0,22,sync__set,GPU,3.89834e+06,3.89834e+06,0
0,22,sync__,GPU,3.89834e+06,3.89834e+06,0
0,22,moe_gather,GPU,3.89834e+06,3.89834e+06,0
0,22,sync_for_moe_gather,GPU,3.89834e+06,3.89834e+06,0
0,22,sync__set,GPU,3.89834e+06,3.89834e+06,0
0,22,sync__,GPU,3.89834e+06,3.89834e+06,0
0,22,moe_all_reduce_for_gather,GPU,3.89834e+06,3.91897e+06,20621.4
0,22,sync_5,GPU,3.91897e+06,3.91897e+06,0
0,22,sync__set,GPU,3.91897e+06,3.91897e+06,0
0,22,sync__,GPU,3.91897e+06,3.91897e+06,0
0,22,sync_6,GPU,3.91897e+06,3.91897e+06,0
0,22,sync__set,GPU,3.91897e+06,3.91897e+06,0
0,22,sync__,GPU,3.91897e+06,3.91897e+06,0
0,22,residual_2,GPU,3.91897e+06,3.91923e+06,261.148
0,23,MoE_decoder_23,GPU,3.91923e+06,4.08857e+06,169344
0,23,input_layer_norm,GPU,3.91923e+06,3.91949e+06,261.148
0,23,attention,GPU,3.91949e+06,3.95936e+06,39870
0,23,attn_qkv_proj,GPU,3.91949e+06,3.92584e+06,6347.9
0,23,Linear,GPU,3.91949e+06,3.92584e+06,6347.9
0,23,self_attention,GPU,3.92584e+06,3.93446e+06,8625.91
0,23,AttentionSplit,GPU,3.92584e+06,3.92584e+06,0
0,23,AttentionSum,GPU,3.92584e+06,3.92584e+06,0
0,23,AttentionGen,Logic,3.92584e+06,3.93446e+06,8625.91
0,23,AttentionMerge,GPU,3.93446e+06,3.93446e+06,0
0,23,attn_o_proj,GPU,3.93446e+06,3.93874e+06,4274.79
0,23,Linear,GPU,3.93446e+06,3.93874e+06,4274.79
0,23,all_reduce,GPU,3.93874e+06,3.95936e+06,20621.4
0,23,residual_1,GPU,3.95936e+06,3.95962e+06,261.148
0,23,post_attn_layer_norm,GPU,3.95962e+06,3.95988e+06,261.148
0,23,expertFFN,GPU,3.95988e+06,4.08831e+06,128429
0,23,sync_0,GPU,3.95988e+06,3.95988e+06,0
0,23,sync__set,GPU,3.95988e+06,3.95988e+06,0
0,23,sync__,GPU,3.95988e+06,3.95988e+06,0
0,23,gate_fn,GPU,3.95988e+06,3.96004e+06,160.957
0,23,Linear,GPU,3.95988e+06,3.96004e+06,160.957
0,23,gate_update,GPU,3.96004e+06,3.96004e+06,0
0,23,moe_scatter,GPU,3.96004e+06,3.96004e+06,0
0,23,sync_for_moe_scatter,GPU,3.96004e+06,3.96004e+06,0
0,23,sync__set,GPU,3.96004e+06,3.96004e+06,0
0,23,sync__,GPU,3.96004e+06,3.96004e+06,0
0,23,moe_route,GPU,3.96004e+06,3.96004e+06,0
0,23,expert_FFN_0,GPU,3.96004e+06,3.9709e+06,10857.5
0,23,gate_proj,GPU,3.96004e+06,3.96365e+06,3613
0,23,Linear,Logic,3.96004e+06,3.96365e+06,3613
0,23,activation,Logic,3.96365e+06,3.96367e+06,18.4561
0,23,up_proj,GPU,3.96367e+06,3.96729e+06,3613
0,23,Linear,Logic,3.96367e+06,3.96729e+06,3613
0,23,down_proj,GPU,3.96729e+06,3.9709e+06,3613
0,23,Linear,Logic,3.96729e+06,3.9709e+06,3613
0,23,expert_FFN_1,GPU,3.9709e+06,3.98173e+06,10832.6
0,23,gate_proj,GPU,3.9709e+06,3.97451e+06,3607.35
0,23,Linear,Logic,3.9709e+06,3.97451e+06,3607.35
0,23,activation,Logic,3.97451e+06,3.97452e+06,10.5463
0,23,up_proj,GPU,3.97452e+06,3.97812e+06,3607.35
0,23,Linear,Logic,3.97452e+06,3.97812e+06,3607.35
0,23,down_proj,GPU,3.97812e+06,3.98173e+06,3607.35
0,23,Linear,Logic,3.97812e+06,3.98173e+06,3607.35
0,23,expert_FFN_2,GPU,3.98173e+06,3.99526e+06,13525.7
0,23,gate_proj,GPU,3.98173e+06,3.98623e+06,4499.77
0,23,Linear,Logic,3.98173e+06,3.98623e+06,4499.77
0,23,activation,Logic,3.98623e+06,3.98626e+06,26.3659
0,23,up_proj,GPU,3.98626e+06,3.99076e+06,4499.77
0,23,Linear,Logic,3.98626e+06,3.99076e+06,4499.77
0,23,down_proj,GPU,3.99076e+06,3.99526e+06,4499.77
0,23,Linear,Logic,3.99076e+06,3.99526e+06,4499.77
0,23,expert_FFN_3,GPU,3.99526e+06,4.00611e+06,10857.5
0,23,gate_proj,GPU,3.99526e+06,3.99887e+06,3613
0,23,Linear,Logic,3.99526e+06,3.99887e+06,3613
0,23,activation,Logic,3.99887e+06,3.99889e+06,18.4561
0,23,up_proj,GPU,3.99889e+06,4.0025e+06,3613
0,23,Linear,Logic,3.99889e+06,4.0025e+06,3613
0,23,down_proj,GPU,4.0025e+06,4.00611e+06,3613
0,23,Linear,Logic,4.0025e+06,4.00611e+06,3613
0,23,expert_FFN_4,GPU,3.96004e+06,4.00347e+06,43429.9
0,23,gate_proj,GPU,3.96004e+06,3.97449e+06,14452
0,23,Linear,GPU,3.96004e+06,3.97449e+06,14452
0,23,activation,GPU,3.97449e+06,3.97457e+06,73.8244
0,23,up_proj,GPU,3.97457e+06,3.98902e+06,14452
0,23,Linear,GPU,3.97457e+06,3.98902e+06,14452
0,23,down_proj,GPU,3.98902e+06,4.00347e+06,14452
0,23,Linear,GPU,3.98902e+06,4.00347e+06,14452
0,23,expert_FFN_5,GPU,4.00347e+06,4.04707e+06,43595.6
0,23,gate_proj,GPU,4.00347e+06,4.01796e+06,14489.7
0,23,Linear,GPU,4.00347e+06,4.01796e+06,14489.7
0,23,activation,GPU,4.01796e+06,4.01809e+06,126.556
0,23,up_proj,GPU,4.01809e+06,4.03258e+06,14489.7
0,23,Linear,GPU,4.01809e+06,4.03258e+06,14489.7
0,23,down_proj,GPU,4.03258e+06,4.04707e+06,14489.7
0,23,Linear,GPU,4.03258e+06,4.04707e+06,14489.7
0,23,expert_FFN_6,GPU,4.00611e+06,4.01829e+06,12173.1
0,23,gate_proj,GPU,4.00611e+06,4.01016e+06,4049.8
0,23,Linear,Logic,4.00611e+06,4.01016e+06,4049.8
0,23,activation,Logic,4.01016e+06,4.01019e+06,23.7293
0,23,up_proj,GPU,4.01019e+06,4.01424e+06,4049.8
0,23,Linear,Logic,4.01019e+06,4.01424e+06,4049.8
0,23,down_proj,GPU,4.01424e+06,4.01829e+06,4049.8
0,23,Linear,Logic,4.01424e+06,4.01829e+06,4049.8
0,23,expert_FFN_7,GPU,4.01829e+06,4.02915e+06,10865.7
0,23,gate_proj,GPU,4.01829e+06,4.0219e+06,3614.89
0,23,Linear,Logic,4.01829e+06,4.0219e+06,3614.89
0,23,activation,Logic,4.0219e+06,4.02192e+06,21.0927
0,23,up_proj,GPU,4.02192e+06,4.02554e+06,3614.89
0,23,Linear,Logic,4.02192e+06,4.02554e+06,3614.89
0,23,down_proj,GPU,4.02554e+06,4.02915e+06,3614.89
0,23,Linear,Logic,4.02554e+06,4.02915e+06,3614.89
0,23,sync_2,GPU,4.04707e+06,4.04707e+06,0
0,23,sync__set,GPU,4.04707e+06,4.04707e+06,0
0,23,sync__,GPU,4.04707e+06,4.04707e+06,0
0,23,moe_all_reduce_for_e_tp,GPU,4.04707e+06,4.06769e+06,20621.4
0,23,sync_3,GPU,4.06769e+06,4.06769e+06,0
0,23,sync__set,GPU,4.06769e+06,4.06769e+06,0
0,23,sync__,GPU,4.06769e+06,4.06769e+06,0
0,23,moe_gather,GPU,4.06769e+06,4.06769e+06,0
0,23,sync_for_moe_gather,GPU,4.06769e+06,4.06769e+06,0
0,23,sync__set,GPU,4.06769e+06,4.06769e+06,0
0,23,sync__,GPU,4.06769e+06,4.06769e+06,0
0,23,moe_all_reduce_for_gather,GPU,4.06769e+06,4.08831e+06,20621.4
0,23,sync_5,GPU,4.08831e+06,4.08831e+06,0
0,23,sync__set,GPU,4.08831e+06,4.08831e+06,0
0,23,sync__,GPU,4.08831e+06,4.08831e+06,0
0,23,sync_6,GPU,4.08831e+06,4.08831e+06,0
0,23,sync__set,GPU,4.08831e+06,4.08831e+06,0
0,23,sync__,GPU,4.08831e+06,4.08831e+06,0
0,23,residual_2,GPU,4.08831e+06,4.08857e+06,261.148
0,24,MoE_decoder_24,GPU,4.08857e+06,4.2657e+06,177129
0,24,input_layer_norm,GPU,4.08857e+06,4.08883e+06,261.148
0,24,attention,GPU,4.08883e+06,4.1287e+06,39870
0,24,attn_qkv_proj,GPU,4.08883e+06,4.09518e+06,6347.9
0,24,Linear,GPU,4.08883e+06,4.09518e+06,6347.9
0,24,self_attention,GPU,4.09518e+06,4.10381e+06,8625.91
0,24,AttentionSplit,GPU,4.09518e+06,4.09518e+06,0
0,24,AttentionSum,GPU,4.09518e+06,4.09518e+06,0
0,24,AttentionGen,Logic,4.09518e+06,4.10381e+06,8625.91
0,24,AttentionMerge,GPU,4.10381e+06,4.10381e+06,0
0,24,attn_o_proj,GPU,4.10381e+06,4.10808e+06,4274.79
0,24,Linear,GPU,4.10381e+06,4.10808e+06,4274.79
0,24,all_reduce,GPU,4.10808e+06,4.1287e+06,20621.4
0,24,residual_1,GPU,4.1287e+06,4.12896e+06,261.148
0,24,post_attn_layer_norm,GPU,4.12896e+06,4.12922e+06,261.148
0,24,expertFFN,GPU,4.12922e+06,4.26544e+06,136215
0,24,sync_0,GPU,4.12922e+06,4.12922e+06,0
0,24,sync__set,GPU,4.12922e+06,4.12922e+06,0
0,24,sync__,GPU,4.12922e+06,4.12922e+06,0
0,24,gate_fn,GPU,4.12922e+06,4.12939e+06,160.957
0,24,Linear,GPU,4.12922e+06,4.12939e+06,160.957
0,24,gate_update,GPU,4.12939e+06,4.12939e+06,0
0,24,moe_scatter,GPU,4.12939e+06,4.12939e+06,0
0,24,sync_for_moe_scatter,GPU,4.12939e+06,4.12939e+06,0
0,24,sync__set,GPU,4.12939e+06,4.12939e+06,0
0,24,sync__,GPU,4.12939e+06,4.12939e+06,0
0,24,moe_route,GPU,4.12939e+06,4.12939e+06,0
0,24,expert_FFN_0,GPU,4.12939e+06,4.14291e+06,13525.7
0,24,gate_proj,GPU,4.12939e+06,4.13389e+06,4499.77
0,24,Linear,Logic,4.12939e+06,4.13389e+06,4499.77
0,24,activation,Logic,4.13389e+06,4.13391e+06,26.3659
0,24,up_proj,GPU,4.13391e+06,4.13841e+06,4499.77
0,24,Linear,Logic,4.13391e+06,4.13841e+06,4499.77
0,24,down_proj,GPU,4.13841e+06,4.14291e+06,4499.77
0,24,Linear,Logic,4.13841e+06,4.14291e+06,4499.77
0,24,expert_FFN_1,GPU,4.14291e+06,4.15644e+06,13525.7
0,24,gate_proj,GPU,4.14291e+06,4.14741e+06,4499.77
0,24,Linear,Logic,4.14291e+06,4.14741e+06,4499.77
0,24,activation,Logic,4.14741e+06,4.14744e+06,26.3659
0,24,up_proj,GPU,4.14744e+06,4.15194e+06,4499.77
0,24,Linear,Logic,4.14744e+06,4.15194e+06,4499.77
0,24,down_proj,GPU,4.15194e+06,4.15644e+06,4499.77
0,24,Linear,Logic,4.15194e+06,4.15644e+06,4499.77
0,24,expert_FFN_2,GPU,4.15644e+06,4.16861e+06,12173.1
0,24,gate_proj,GPU,4.15644e+06,4.16049e+06,4049.8
0,24,Linear,Logic,4.15644e+06,4.16049e+06,4049.8
0,24,activation,Logic,4.16049e+06,4.16051e+06,23.7293
0,24,up_proj,GPU,4.16051e+06,4.16456e+06,4049.8
0,24,Linear,Logic,4.16051e+06,4.16456e+06,4049.8
0,24,down_proj,GPU,4.16456e+06,4.16861e+06,4049.8
0,24,Linear,Logic,4.16456e+06,4.16861e+06,4049.8
0,24,expert_FFN_3,GPU,4.16861e+06,4.17946e+06,10849.2
0,24,gate_proj,GPU,4.16861e+06,4.17222e+06,3611.12
0,24,Linear,Logic,4.16861e+06,4.17222e+06,3611.12
0,24,activation,Logic,4.17222e+06,4.17224e+06,15.8195
0,24,up_proj,GPU,4.17224e+06,4.17585e+06,3611.12
0,24,Linear,Logic,4.17224e+06,4.17585e+06,3611.12
0,24,down_proj,GPU,4.17585e+06,4.17946e+06,3611.12
0,24,Linear,Logic,4.17585e+06,4.17946e+06,3611.12
0,24,expert_FFN_4,GPU,4.17946e+06,4.19031e+06,10849.2
0,24,gate_proj,GPU,4.17946e+06,4.18307e+06,3611.12
0,24,Linear,Logic,4.17946e+06,4.18307e+06,3611.12
0,24,activation,Logic,4.18307e+06,4.18309e+06,15.8195
0,24,up_proj,GPU,4.18309e+06,4.1867e+06,3611.12
0,24,Linear,Logic,4.18309e+06,4.1867e+06,3611.12
0,24,down_proj,GPU,4.1867e+06,4.19031e+06,3611.12
0,24,Linear,Logic,4.1867e+06,4.19031e+06,3611.12
0,24,expert_FFN_5,GPU,4.19031e+06,4.20117e+06,10865.7
0,24,gate_proj,GPU,4.19031e+06,4.19392e+06,3614.89
0,24,Linear,Logic,4.19031e+06,4.19392e+06,3614.89
0,24,activation,Logic,4.19392e+06,4.19394e+06,21.0927
0,24,up_proj,GPU,4.19394e+06,4.19756e+06,3614.89
0,24,Linear,Logic,4.19394e+06,4.19756e+06,3614.89
0,24,down_proj,GPU,4.19756e+06,4.20117e+06,3614.89
0,24,Linear,Logic,4.19756e+06,4.20117e+06,3614.89
0,24,expert_FFN_6,GPU,4.20117e+06,4.21335e+06,12173.1
0,24,gate_proj,GPU,4.20117e+06,4.20522e+06,4049.8
0,24,Linear,Logic,4.20117e+06,4.20522e+06,4049.8
0,24,activation,Logic,4.20522e+06,4.20525e+06,23.7293
0,24,up_proj,GPU,4.20525e+06,4.2093e+06,4049.8
0,24,Linear,Logic,4.20525e+06,4.2093e+06,4049.8
0,24,down_proj,GPU,4.2093e+06,4.21335e+06,4049.8
0,24,Linear,Logic,4.2093e+06,4.21335e+06,4049.8
0,24,expert_FFN_7,GPU,4.21335e+06,4.2242e+06,10849.2
0,24,gate_proj,GPU,4.21335e+06,4.21696e+06,3611.12
0,24,Linear,Logic,4.21335e+06,4.21696e+06,3611.12
0,24,activation,Logic,4.21696e+06,4.21697e+06,15.8195
0,24,up_proj,GPU,4.21697e+06,4.22059e+06,3611.12
0,24,Linear,Logic,4.21697e+06,4.22059e+06,3611.12
0,24,down_proj,GPU,4.22059e+06,4.2242e+06,3611.12
0,24,Linear,Logic,4.22059e+06,4.2242e+06,3611.12
0,24,sync_2,GPU,4.2242e+06,4.2242e+06,0
0,24,sync__set,GPU,4.2242e+06,4.2242e+06,0
0,24,sync__,GPU,4.2242e+06,4.2242e+06,0
0,24,moe_all_reduce_for_e_tp,GPU,4.2242e+06,4.24482e+06,20621.4
0,24,sync_3,GPU,4.24482e+06,4.24482e+06,0
0,24,sync__set,GPU,4.24482e+06,4.24482e+06,0
0,24,sync__,GPU,4.24482e+06,4.24482e+06,0
0,24,moe_gather,GPU,4.24482e+06,4.24482e+06,0
0,24,sync_for_moe_gather,GPU,4.24482e+06,4.24482e+06,0
0,24,sync__set,GPU,4.24482e+06,4.24482e+06,0
0,24,sync__,GPU,4.24482e+06,4.24482e+06,0
0,24,moe_all_reduce_for_gather,GPU,4.24482e+06,4.26544e+06,20621.4
0,24,sync_5,GPU,4.26544e+06,4.26544e+06,0
0,24,sync__set,GPU,4.26544e+06,4.26544e+06,0
0,24,sync__,GPU,4.26544e+06,4.26544e+06,0
0,24,sync_6,GPU,4.26544e+06,4.26544e+06,0
0,24,sync__set,GPU,4.26544e+06,4.26544e+06,0
0,24,sync__,GPU,4.26544e+06,4.26544e+06,0
0,24,residual_2,GPU,4.26544e+06,4.2657e+06,261.148
0,25,MoE_decoder_25,GPU,4.2657e+06,4.43518e+06,169476
0,25,input_layer_norm,GPU,4.2657e+06,4.26596e+06,261.148
0,25,attention,GPU,4.26596e+06,4.30583e+06,39870
0,25,attn_qkv_proj,GPU,4.26596e+06,4.27231e+06,6347.9
0,25,Linear,GPU,4.26596e+06,4.27231e+06,6347.9
0,25,self_attention,GPU,4.27231e+06,4.28094e+06,8625.91
0,25,AttentionSplit,GPU,4.27231e+06,4.27231e+06,0
0,25,AttentionSum,GPU,4.27231e+06,4.27231e+06,0
0,25,AttentionGen,Logic,4.27231e+06,4.28094e+06,8625.91
0,25,AttentionMerge,GPU,4.28094e+06,4.28094e+06,0
0,25,attn_o_proj,GPU,4.28094e+06,4.28521e+06,4274.79
0,25,Linear,GPU,4.28094e+06,4.28521e+06,4274.79
0,25,all_reduce,GPU,4.28521e+06,4.30583e+06,20621.4
0,25,residual_1,GPU,4.30583e+06,4.30609e+06,261.148
0,25,post_attn_layer_norm,GPU,4.30609e+06,4.30635e+06,261.148
0,25,expertFFN,GPU,4.30635e+06,4.43492e+06,128562
0,25,sync_0,GPU,4.30635e+06,4.30635e+06,0
0,25,sync__set,GPU,4.30635e+06,4.30635e+06,0
0,25,sync__,GPU,4.30635e+06,4.30635e+06,0
0,25,gate_fn,GPU,4.30635e+06,4.30651e+06,160.957
0,25,Linear,GPU,4.30635e+06,4.30651e+06,160.957
0,25,gate_update,GPU,4.30651e+06,4.30651e+06,0
0,25,moe_scatter,GPU,4.30651e+06,4.30651e+06,0
0,25,sync_for_moe_scatter,GPU,4.30651e+06,4.30651e+06,0
0,25,sync__set,GPU,4.30651e+06,4.30651e+06,0
0,25,sync__,GPU,4.30651e+06,4.30651e+06,0
0,25,moe_route,GPU,4.30651e+06,4.30651e+06,0
0,25,expert_FFN_0,GPU,4.30651e+06,4.34994e+06,43429.9
0,25,gate_proj,GPU,4.30651e+06,4.32097e+06,14452
0,25,Linear,GPU,4.30651e+06,4.32097e+06,14452
0,25,activation,GPU,4.32097e+06,4.32104e+06,73.8244
0,25,up_proj,GPU,4.32104e+06,4.33549e+06,14452
0,25,Linear,GPU,4.32104e+06,4.33549e+06,14452
0,25,down_proj,GPU,4.33549e+06,4.34994e+06,14452
0,25,Linear,GPU,4.33549e+06,4.34994e+06,14452
0,25,expert_FFN_1,GPU,4.34994e+06,4.39367e+06,43728.2
0,25,gate_proj,GPU,4.34994e+06,4.36446e+06,14519.8
0,25,Linear,GPU,4.34994e+06,4.36446e+06,14519.8
0,25,activation,GPU,4.36446e+06,4.36463e+06,168.742
0,25,up_proj,GPU,4.36463e+06,4.37915e+06,14519.8
0,25,Linear,GPU,4.36463e+06,4.37915e+06,14519.8
0,25,down_proj,GPU,4.37915e+06,4.39367e+06,14519.8
0,25,Linear,GPU,4.37915e+06,4.39367e+06,14519.8
0,25,expert_FFN_2,GPU,4.30651e+06,4.31736e+06,10840.9
0,25,gate_proj,GPU,4.30651e+06,4.31012e+06,3609.24
0,25,Linear,Logic,4.30651e+06,4.31012e+06,3609.24
0,25,activation,Logic,4.31012e+06,4.31014e+06,13.1829
0,25,up_proj,GPU,4.31014e+06,4.31375e+06,3609.24
0,25,Linear,Logic,4.31014e+06,4.31375e+06,3609.24
0,25,down_proj,GPU,4.31375e+06,4.31736e+06,3609.24
0,25,Linear,Logic,4.31375e+06,4.31736e+06,3609.24
0,25,expert_FFN_3,GPU,4.31736e+06,4.3282e+06,10840.9
0,25,gate_proj,GPU,4.31736e+06,4.32096e+06,3609.24
0,25,Linear,Logic,4.31736e+06,4.32096e+06,3609.24
0,25,activation,Logic,4.32096e+06,4.32098e+06,13.1829
0,25,up_proj,GPU,4.32098e+06,4.32459e+06,3609.24
0,25,Linear,Logic,4.32098e+06,4.32459e+06,3609.24
0,25,down_proj,GPU,4.32459e+06,4.3282e+06,3609.24
0,25,Linear,Logic,4.32459e+06,4.3282e+06,3609.24
0,25,expert_FFN_4,GPU,4.3282e+06,4.33906e+06,10865.7
0,25,gate_proj,GPU,4.3282e+06,4.33181e+06,3614.89
0,25,Linear,Logic,4.3282e+06,4.33181e+06,3614.89
0,25,activation,Logic,4.33181e+06,4.33183e+06,21.0927
0,25,up_proj,GPU,4.33183e+06,4.33545e+06,3614.89
0,25,Linear,Logic,4.33183e+06,4.33545e+06,3614.89
0,25,down_proj,GPU,4.33545e+06,4.33906e+06,3614.89
0,25,Linear,Logic,4.33545e+06,4.33906e+06,3614.89
0,25,expert_FFN_5,GPU,4.33906e+06,4.34992e+06,10857.5
0,25,gate_proj,GPU,4.33906e+06,4.34268e+06,3613
0,25,Linear,Logic,4.33906e+06,4.34268e+06,3613
0,25,activation,Logic,4.34268e+06,4.34269e+06,18.4561
0,25,up_proj,GPU,4.34269e+06,4.34631e+06,3613
0,25,Linear,Logic,4.34269e+06,4.34631e+06,3613
0,25,down_proj,GPU,4.34631e+06,4.34992e+06,3613
0,25,Linear,Logic,4.34631e+06,4.34992e+06,3613
0,25,expert_FFN_6,GPU,4.34992e+06,4.36345e+06,13525.7
0,25,gate_proj,GPU,4.34992e+06,4.35442e+06,4499.77
0,25,Linear,Logic,4.34992e+06,4.35442e+06,4499.77
0,25,activation,Logic,4.35442e+06,4.35445e+06,26.3659
0,25,up_proj,GPU,4.35445e+06,4.35895e+06,4499.77
0,25,Linear,Logic,4.35445e+06,4.35895e+06,4499.77
0,25,down_proj,GPU,4.35895e+06,4.36345e+06,4499.77
0,25,Linear,Logic,4.35895e+06,4.36345e+06,4499.77
0,25,expert_FFN_7,GPU,4.36345e+06,4.37429e+06,10849.2
0,25,gate_proj,GPU,4.36345e+06,4.36706e+06,3611.12
0,25,Linear,Logic,4.36345e+06,4.36706e+06,3611.12
0,25,activation,Logic,4.36706e+06,4.36707e+06,15.8195
0,25,up_proj,GPU,4.36707e+06,4.37068e+06,3611.12
0,25,Linear,Logic,4.36707e+06,4.37068e+06,3611.12
0,25,down_proj,GPU,4.37068e+06,4.37429e+06,3611.12
0,25,Linear,Logic,4.37068e+06,4.37429e+06,3611.12
0,25,sync_2,GPU,4.39367e+06,4.39367e+06,0
0,25,sync__set,GPU,4.39367e+06,4.39367e+06,0
0,25,sync__,GPU,4.39367e+06,4.39367e+06,0
0,25,moe_all_reduce_for_e_tp,GPU,4.39367e+06,4.41429e+06,20621.4
0,25,sync_3,GPU,4.41429e+06,4.41429e+06,0
0,25,sync__set,GPU,4.41429e+06,4.41429e+06,0
0,25,sync__,GPU,4.41429e+06,4.41429e+06,0
0,25,moe_gather,GPU,4.41429e+06,4.41429e+06,0
0,25,sync_for_moe_gather,GPU,4.41429e+06,4.41429e+06,0
0,25,sync__set,GPU,4.41429e+06,4.41429e+06,0
0,25,sync__,GPU,4.41429e+06,4.41429e+06,0
0,25,moe_all_reduce_for_gather,GPU,4.41429e+06,4.43492e+06,20621.4
0,25,sync_5,GPU,4.43492e+06,4.43492e+06,0
0,25,sync__set,GPU,4.43492e+06,4.43492e+06,0
0,25,sync__,GPU,4.43492e+06,4.43492e+06,0
0,25,sync_6,GPU,4.43492e+06,4.43492e+06,0
0,25,sync__set,GPU,4.43492e+06,4.43492e+06,0
0,25,sync__,GPU,4.43492e+06,4.43492e+06,0
0,25,residual_2,GPU,4.43492e+06,4.43518e+06,261.148
0,26,MoE_decoder_26,GPU,4.43518e+06,4.60472e+06,169543
0,26,input_layer_norm,GPU,4.43518e+06,4.43544e+06,261.148
0,26,attention,GPU,4.43544e+06,4.47531e+06,39870
0,26,attn_qkv_proj,GPU,4.43544e+06,4.44179e+06,6347.9
0,26,Linear,GPU,4.43544e+06,4.44179e+06,6347.9
0,26,self_attention,GPU,4.44179e+06,4.45041e+06,8625.91
0,26,AttentionSplit,GPU,4.44179e+06,4.44179e+06,0
0,26,AttentionSum,GPU,4.44179e+06,4.44179e+06,0
0,26,AttentionGen,Logic,4.44179e+06,4.45041e+06,8625.91
0,26,AttentionMerge,GPU,4.45041e+06,4.45041e+06,0
0,26,attn_o_proj,GPU,4.45041e+06,4.45469e+06,4274.79
0,26,Linear,GPU,4.45041e+06,4.45469e+06,4274.79
0,26,all_reduce,GPU,4.45469e+06,4.47531e+06,20621.4
0,26,residual_1,GPU,4.47531e+06,4.47557e+06,261.148
0,26,post_attn_layer_norm,GPU,4.47557e+06,4.47583e+06,261.148
0,26,expertFFN,GPU,4.47583e+06,4.60446e+06,128628
0,26,sync_0,GPU,4.47583e+06,4.47583e+06,0
0,26,sync__set,GPU,4.47583e+06,4.47583e+06,0
0,26,sync__,GPU,4.47583e+06,4.47583e+06,0
0,26,gate_fn,GPU,4.47583e+06,4.47599e+06,160.957
0,26,Linear,GPU,4.47583e+06,4.47599e+06,160.957
0,26,gate_update,GPU,4.47599e+06,4.47599e+06,0
0,26,moe_scatter,GPU,4.47599e+06,4.47599e+06,0
0,26,sync_for_moe_scatter,GPU,4.47599e+06,4.47599e+06,0
0,26,sync__set,GPU,4.47599e+06,4.47599e+06,0
0,26,sync__,GPU,4.47599e+06,4.47599e+06,0
0,26,moe_route,GPU,4.47599e+06,4.47599e+06,0
0,26,expert_FFN_0,GPU,4.47599e+06,4.51959e+06,43595.6
0,26,gate_proj,GPU,4.47599e+06,4.49048e+06,14489.7
0,26,Linear,GPU,4.47599e+06,4.49048e+06,14489.7
0,26,activation,GPU,4.49048e+06,4.49061e+06,126.556
0,26,up_proj,GPU,4.49061e+06,4.5051e+06,14489.7
0,26,Linear,GPU,4.49061e+06,4.5051e+06,14489.7
0,26,down_proj,GPU,4.5051e+06,4.51959e+06,14489.7
0,26,Linear,GPU,4.5051e+06,4.51959e+06,14489.7
0,26,expert_FFN_1,GPU,4.51959e+06,4.56322e+06,43628.7
0,26,gate_proj,GPU,4.51959e+06,4.53408e+06,14497.2
0,26,Linear,GPU,4.51959e+06,4.53408e+06,14497.2
0,26,activation,GPU,4.53408e+06,4.53422e+06,137.103
0,26,up_proj,GPU,4.53422e+06,4.54872e+06,14497.2
0,26,Linear,GPU,4.53422e+06,4.54872e+06,14497.2
0,26,down_proj,GPU,4.54872e+06,4.56322e+06,14497.2
0,26,Linear,GPU,4.54872e+06,4.56322e+06,14497.2
0,26,expert_FFN_2,GPU,4.47599e+06,4.48816e+06,12173.1
0,26,gate_proj,GPU,4.47599e+06,4.48004e+06,4049.8
0,26,Linear,Logic,4.47599e+06,4.48004e+06,4049.8
0,26,activation,Logic,4.48004e+06,4.48006e+06,23.7293
0,26,up_proj,GPU,4.48006e+06,4.48411e+06,4049.8
0,26,Linear,Logic,4.48006e+06,4.48411e+06,4049.8
0,26,down_proj,GPU,4.48411e+06,4.48816e+06,4049.8
0,26,Linear,Logic,4.48411e+06,4.48816e+06,4049.8
0,26,expert_FFN_3,GPU,4.48816e+06,4.499e+06,10832.6
0,26,gate_proj,GPU,4.48816e+06,4.49177e+06,3607.35
0,26,Linear,Logic,4.48816e+06,4.49177e+06,3607.35
0,26,activation,Logic,4.49177e+06,4.49178e+06,10.5463
0,26,up_proj,GPU,4.49178e+06,4.49539e+06,3607.35
0,26,Linear,Logic,4.49178e+06,4.49539e+06,3607.35
0,26,down_proj,GPU,4.49539e+06,4.499e+06,3607.35
0,26,Linear,Logic,4.49539e+06,4.499e+06,3607.35
0,26,expert_FFN_4,GPU,4.499e+06,4.50985e+06,10849.2
0,26,gate_proj,GPU,4.499e+06,4.50261e+06,3611.12
0,26,Linear,Logic,4.499e+06,4.50261e+06,3611.12
0,26,activation,Logic,4.50261e+06,4.50262e+06,15.8195
0,26,up_proj,GPU,4.50262e+06,4.50624e+06,3611.12
0,26,Linear,Logic,4.50262e+06,4.50624e+06,3611.12
0,26,down_proj,GPU,4.50624e+06,4.50985e+06,3611.12
0,26,Linear,Logic,4.50624e+06,4.50985e+06,3611.12
0,26,expert_FFN_5,GPU,4.50985e+06,4.52069e+06,10840.9
0,26,gate_proj,GPU,4.50985e+06,4.51346e+06,3609.24
0,26,Linear,Logic,4.50985e+06,4.51346e+06,3609.24
0,26,activation,Logic,4.51346e+06,4.51347e+06,13.1829
0,26,up_proj,GPU,4.51347e+06,4.51708e+06,3609.24
0,26,Linear,Logic,4.51347e+06,4.51708e+06,3609.24
0,26,down_proj,GPU,4.51708e+06,4.52069e+06,3609.24
0,26,Linear,Logic,4.51708e+06,4.52069e+06,3609.24
0,26,expert_FFN_6,GPU,4.52069e+06,4.53154e+06,10857.5
0,26,gate_proj,GPU,4.52069e+06,4.5243e+06,3613
0,26,Linear,Logic,4.52069e+06,4.5243e+06,3613
0,26,activation,Logic,4.5243e+06,4.52432e+06,18.4561
0,26,up_proj,GPU,4.52432e+06,4.52793e+06,3613
0,26,Linear,Logic,4.52432e+06,4.52793e+06,3613
0,26,down_proj,GPU,4.52793e+06,4.53154e+06,3613
0,26,Linear,Logic,4.52793e+06,4.53154e+06,3613
0,26,expert_FFN_7,GPU,4.53154e+06,4.54241e+06,10865.7
0,26,gate_proj,GPU,4.53154e+06,4.53516e+06,3614.89
0,26,Linear,Logic,4.53154e+06,4.53516e+06,3614.89
0,26,activation,Logic,4.53516e+06,4.53518e+06,21.0927
0,26,up_proj,GPU,4.53518e+06,4.5388e+06,3614.89
0,26,Linear,Logic,4.53518e+06,4.5388e+06,3614.89
0,26,down_proj,GPU,4.5388e+06,4.54241e+06,3614.89
0,26,Linear,Logic,4.5388e+06,4.54241e+06,3614.89
0,26,sync_2,GPU,4.56322e+06,4.56322e+06,0
0,26,sync__set,GPU,4.56322e+06,4.56322e+06,0
0,26,sync__,GPU,4.56322e+06,4.56322e+06,0
0,26,moe_all_reduce_for_e_tp,GPU,4.56322e+06,4.58384e+06,20621.4
0,26,sync_3,GPU,4.58384e+06,4.58384e+06,0
0,26,sync__set,GPU,4.58384e+06,4.58384e+06,0
0,26,sync__,GPU,4.58384e+06,4.58384e+06,0
0,26,moe_gather,GPU,4.58384e+06,4.58384e+06,0
0,26,sync_for_moe_gather,GPU,4.58384e+06,4.58384e+06,0
0,26,sync__set,GPU,4.58384e+06,4.58384e+06,0
0,26,sync__,GPU,4.58384e+06,4.58384e+06,0
0,26,moe_all_reduce_for_gather,GPU,4.58384e+06,4.60446e+06,20621.4
0,26,sync_5,GPU,4.60446e+06,4.60446e+06,0
0,26,sync__set,GPU,4.60446e+06,4.60446e+06,0
0,26,sync__,GPU,4.60446e+06,4.60446e+06,0
0,26,sync_6,GPU,4.60446e+06,4.60446e+06,0
0,26,sync__set,GPU,4.60446e+06,4.60446e+06,0
0,26,sync__,GPU,4.60446e+06,4.60446e+06,0
0,26,residual_2,GPU,4.60446e+06,4.60472e+06,261.148
0,27,MoE_decoder_27,GPU,4.60472e+06,4.78055e+06,175830
0,27,input_layer_norm,GPU,4.60472e+06,4.60498e+06,261.148
0,27,attention,GPU,4.60498e+06,4.64485e+06,39870
0,27,attn_qkv_proj,GPU,4.60498e+06,4.61133e+06,6347.9
0,27,Linear,GPU,4.60498e+06,4.61133e+06,6347.9
0,27,self_attention,GPU,4.61133e+06,4.61995e+06,8625.91
0,27,AttentionSplit,GPU,4.61133e+06,4.61133e+06,0
0,27,AttentionSum,GPU,4.61133e+06,4.61133e+06,0
0,27,AttentionGen,Logic,4.61133e+06,4.61995e+06,8625.91
0,27,AttentionMerge,GPU,4.61995e+06,4.61995e+06,0
0,27,attn_o_proj,GPU,4.61995e+06,4.62423e+06,4274.79
0,27,Linear,GPU,4.61995e+06,4.62423e+06,4274.79
0,27,all_reduce,GPU,4.62423e+06,4.64485e+06,20621.4
0,27,residual_1,GPU,4.64485e+06,4.64511e+06,261.148
0,27,post_attn_layer_norm,GPU,4.64511e+06,4.64537e+06,261.148
0,27,expertFFN,GPU,4.64537e+06,4.78029e+06,134916
0,27,sync_0,GPU,4.64537e+06,4.64537e+06,0
0,27,sync__set,GPU,4.64537e+06,4.64537e+06,0
0,27,sync__,GPU,4.64537e+06,4.64537e+06,0
0,27,gate_fn,GPU,4.64537e+06,4.64553e+06,160.957
0,27,Linear,GPU,4.64537e+06,4.64553e+06,160.957
0,27,gate_update,GPU,4.64553e+06,4.64553e+06,0
0,27,moe_scatter,GPU,4.64553e+06,4.64553e+06,0
0,27,sync_for_moe_scatter,GPU,4.64553e+06,4.64553e+06,0
0,27,sync__set,GPU,4.64553e+06,4.64553e+06,0
0,27,sync__,GPU,4.64553e+06,4.64553e+06,0
0,27,moe_route,GPU,4.64553e+06,4.64553e+06,0
0,27,expert_FFN_0,GPU,4.64553e+06,4.65637e+06,10840.9
0,27,gate_proj,GPU,4.64553e+06,4.64914e+06,3609.24
0,27,Linear,Logic,4.64553e+06,4.64914e+06,3609.24
0,27,activation,Logic,4.64914e+06,4.64916e+06,13.1829
0,27,up_proj,GPU,4.64916e+06,4.65277e+06,3609.24
0,27,Linear,Logic,4.64916e+06,4.65277e+06,3609.24
0,27,down_proj,GPU,4.65277e+06,4.65637e+06,3609.24
0,27,Linear,Logic,4.65277e+06,4.65637e+06,3609.24
0,27,expert_FFN_1,GPU,4.65637e+06,4.6699e+06,13525.7
0,27,gate_proj,GPU,4.65637e+06,4.66087e+06,4499.77
0,27,Linear,Logic,4.65637e+06,4.66087e+06,4499.77
0,27,activation,Logic,4.66087e+06,4.6609e+06,26.3659
0,27,up_proj,GPU,4.6609e+06,4.6654e+06,4499.77
0,27,Linear,Logic,4.6609e+06,4.6654e+06,4499.77
0,27,down_proj,GPU,4.6654e+06,4.6699e+06,4499.77
0,27,Linear,Logic,4.6654e+06,4.6699e+06,4499.77
0,27,expert_FFN_2,GPU,4.6699e+06,4.68343e+06,13525.7
0,27,gate_proj,GPU,4.6699e+06,4.6744e+06,4499.77
0,27,Linear,Logic,4.6699e+06,4.6744e+06,4499.77
0,27,activation,Logic,4.6744e+06,4.67443e+06,26.3659
0,27,up_proj,GPU,4.67443e+06,4.67893e+06,4499.77
0,27,Linear,Logic,4.67443e+06,4.67893e+06,4499.77
0,27,down_proj,GPU,4.67893e+06,4.68343e+06,4499.77
0,27,Linear,Logic,4.67893e+06,4.68343e+06,4499.77
0,27,expert_FFN_3,GPU,4.68343e+06,4.69428e+06,10849.2
0,27,gate_proj,GPU,4.68343e+06,4.68704e+06,3611.12
0,27,Linear,Logic,4.68343e+06,4.68704e+06,3611.12
0,27,activation,Logic,4.68704e+06,4.68705e+06,15.8195
0,27,up_proj,GPU,4.68705e+06,4.69066e+06,3611.12
0,27,Linear,Logic,4.68705e+06,4.69066e+06,3611.12
0,27,down_proj,GPU,4.69066e+06,4.69428e+06,3611.12
0,27,Linear,Logic,4.69066e+06,4.69428e+06,3611.12
0,27,expert_FFN_4,GPU,4.69428e+06,4.70514e+06,10865.7
0,27,gate_proj,GPU,4.69428e+06,4.69789e+06,3614.89
0,27,Linear,Logic,4.69428e+06,4.69789e+06,3614.89
0,27,activation,Logic,4.69789e+06,4.69791e+06,21.0927
0,27,up_proj,GPU,4.69791e+06,4.70153e+06,3614.89
0,27,Linear,Logic,4.69791e+06,4.70153e+06,3614.89
0,27,down_proj,GPU,4.70153e+06,4.70514e+06,3614.89
0,27,Linear,Logic,4.70153e+06,4.70514e+06,3614.89
0,27,expert_FFN_5,GPU,4.70514e+06,4.71731e+06,12173.1
0,27,gate_proj,GPU,4.70514e+06,4.70919e+06,4049.8
0,27,Linear,Logic,4.70514e+06,4.70919e+06,4049.8
0,27,activation,Logic,4.70919e+06,4.70921e+06,23.7293
0,27,up_proj,GPU,4.70921e+06,4.71326e+06,4049.8
0,27,Linear,Logic,4.70921e+06,4.71326e+06,4049.8
0,27,down_proj,GPU,4.71326e+06,4.71731e+06,4049.8
0,27,Linear,Logic,4.71326e+06,4.71731e+06,4049.8
0,27,expert_FFN_6,GPU,4.71731e+06,4.72818e+06,10865.7
0,27,gate_proj,GPU,4.71731e+06,4.72093e+06,3614.89
0,27,Linear,Logic,4.71731e+06,4.72093e+06,3614.89
0,27,activation,Logic,4.72093e+06,4.72095e+06,21.0927
0,27,up_proj,GPU,4.72095e+06,4.72457e+06,3614.89
0,27,Linear,Logic,4.72095e+06,4.72457e+06,3614.89
0,27,down_proj,GPU,4.72457e+06,4.72818e+06,3614.89
0,27,Linear,Logic,4.72457e+06,4.72818e+06,3614.89
0,27,expert_FFN_7,GPU,4.72818e+06,4.73905e+06,10865.7
0,27,gate_proj,GPU,4.72818e+06,4.7318e+06,3614.89
0,27,Linear,Logic,4.72818e+06,4.7318e+06,3614.89
0,27,activation,Logic,4.7318e+06,4.73182e+06,21.0927
0,27,up_proj,GPU,4.73182e+06,4.73543e+06,3614.89
0,27,Linear,Logic,4.73182e+06,4.73543e+06,3614.89
0,27,down_proj,GPU,4.73543e+06,4.73905e+06,3614.89
0,27,Linear,Logic,4.73543e+06,4.73905e+06,3614.89
0,27,sync_2,GPU,4.73905e+06,4.73905e+06,0
0,27,sync__set,GPU,4.73905e+06,4.73905e+06,0
0,27,sync__,GPU,4.73905e+06,4.73905e+06,0
0,27,moe_all_reduce_for_e_tp,GPU,4.73905e+06,4.75967e+06,20621.4
0,27,sync_3,GPU,4.75967e+06,4.75967e+06,0
0,27,sync__set,GPU,4.75967e+06,4.75967e+06,0
0,27,sync__,GPU,4.75967e+06,4.75967e+06,0
0,27,moe_gather,GPU,4.75967e+06,4.75967e+06,0
0,27,sync_for_moe_gather,GPU,4.75967e+06,4.75967e+06,0
0,27,sync__set,GPU,4.75967e+06,4.75967e+06,0
0,27,sync__,GPU,4.75967e+06,4.75967e+06,0
0,27,moe_all_reduce_for_gather,GPU,4.75967e+06,4.78029e+06,20621.4
0,27,sync_5,GPU,4.78029e+06,4.78029e+06,0
0,27,sync__set,GPU,4.78029e+06,4.78029e+06,0
0,27,sync__,GPU,4.78029e+06,4.78029e+06,0
0,27,sync_6,GPU,4.78029e+06,4.78029e+06,0
0,27,sync__set,GPU,4.78029e+06,4.78029e+06,0
0,27,sync__,GPU,4.78029e+06,4.78029e+06,0
0,27,residual_2,GPU,4.78029e+06,4.78055e+06,261.148
0,28,MoE_decoder_28,GPU,4.78055e+06,4.95504e+06,174486
0,28,input_layer_norm,GPU,4.78055e+06,4.78081e+06,261.148
0,28,attention,GPU,4.78081e+06,4.82068e+06,39870
0,28,attn_qkv_proj,GPU,4.78081e+06,4.78716e+06,6347.9
0,28,Linear,GPU,4.78081e+06,4.78716e+06,6347.9
0,28,self_attention,GPU,4.78716e+06,4.79578e+06,8625.91
0,28,AttentionSplit,GPU,4.78716e+06,4.78716e+06,0
0,28,AttentionSum,GPU,4.78716e+06,4.78716e+06,0
0,28,AttentionGen,Logic,4.78716e+06,4.79578e+06,8625.91
0,28,AttentionMerge,GPU,4.79578e+06,4.79578e+06,0
0,28,attn_o_proj,GPU,4.79578e+06,4.80006e+06,4274.79
0,28,Linear,GPU,4.79578e+06,4.80006e+06,4274.79
0,28,all_reduce,GPU,4.80006e+06,4.82068e+06,20621.4
0,28,residual_1,GPU,4.82068e+06,4.82094e+06,261.148
0,28,post_attn_layer_norm,GPU,4.82094e+06,4.8212e+06,261.148
0,28,expertFFN,GPU,4.8212e+06,4.95477e+06,133571
0,28,sync_0,GPU,4.8212e+06,4.8212e+06,0
0,28,sync__set,GPU,4.8212e+06,4.8212e+06,0
0,28,sync__,GPU,4.8212e+06,4.8212e+06,0
0,28,gate_fn,GPU,4.8212e+06,4.82136e+06,160.957
0,28,Linear,GPU,4.8212e+06,4.82136e+06,160.957
0,28,gate_update,GPU,4.82136e+06,4.82136e+06,0
0,28,moe_scatter,GPU,4.82136e+06,4.82136e+06,0
0,28,sync_for_moe_scatter,GPU,4.82136e+06,4.82136e+06,0
0,28,sync__set,GPU,4.82136e+06,4.82136e+06,0
0,28,sync__,GPU,4.82136e+06,4.82136e+06,0
0,28,moe_route,GPU,4.82136e+06,4.82136e+06,0
0,28,expert_FFN_0,GPU,4.82136e+06,4.83354e+06,12173.1
0,28,gate_proj,GPU,4.82136e+06,4.82541e+06,4049.8
0,28,Linear,Logic,4.82136e+06,4.82541e+06,4049.8
0,28,activation,Logic,4.82541e+06,4.82544e+06,23.7293
0,28,up_proj,GPU,4.82544e+06,4.82949e+06,4049.8
0,28,Linear,Logic,4.82544e+06,4.82949e+06,4049.8
0,28,down_proj,GPU,4.82949e+06,4.83354e+06,4049.8
0,28,Linear,Logic,4.82949e+06,4.83354e+06,4049.8
0,28,expert_FFN_1,GPU,4.83354e+06,4.84706e+06,13525.7
0,28,gate_proj,GPU,4.83354e+06,4.83804e+06,4499.77
0,28,Linear,Logic,4.83354e+06,4.83804e+06,4499.77
0,28,activation,Logic,4.83804e+06,4.83806e+06,26.3659
0,28,up_proj,GPU,4.83806e+06,4.84256e+06,4499.77
0,28,Linear,Logic,4.83806e+06,4.84256e+06,4499.77
0,28,down_proj,GPU,4.84256e+06,4.84706e+06,4499.77
0,28,Linear,Logic,4.84256e+06,4.84706e+06,4499.77
0,28,expert_FFN_2,GPU,4.84706e+06,4.85792e+06,10857.5
0,28,gate_proj,GPU,4.84706e+06,4.85068e+06,3613
0,28,Linear,Logic,4.84706e+06,4.85068e+06,3613
0,28,activation,Logic,4.85068e+06,4.85069e+06,18.4561
0,28,up_proj,GPU,4.85069e+06,4.85431e+06,3613
0,28,Linear,Logic,4.85069e+06,4.85431e+06,3613
0,28,down_proj,GPU,4.85431e+06,4.85792e+06,3613
0,28,Linear,Logic,4.85431e+06,4.85792e+06,3613
0,28,expert_FFN_3,GPU,4.85792e+06,4.86879e+06,10865.7
0,28,gate_proj,GPU,4.85792e+06,4.86154e+06,3614.89
0,28,Linear,Logic,4.85792e+06,4.86154e+06,3614.89
0,28,activation,Logic,4.86154e+06,4.86156e+06,21.0927
0,28,up_proj,GPU,4.86156e+06,4.86517e+06,3614.89
0,28,Linear,Logic,4.86156e+06,4.86517e+06,3614.89
0,28,down_proj,GPU,4.86517e+06,4.86879e+06,3614.89
0,28,Linear,Logic,4.86517e+06,4.86879e+06,3614.89
0,28,expert_FFN_4,GPU,4.86879e+06,4.87965e+06,10865.7
0,28,gate_proj,GPU,4.86879e+06,4.8724e+06,3614.89
0,28,Linear,Logic,4.86879e+06,4.8724e+06,3614.89
0,28,activation,Logic,4.8724e+06,4.87242e+06,21.0927
0,28,up_proj,GPU,4.87242e+06,4.87604e+06,3614.89
0,28,Linear,Logic,4.87242e+06,4.87604e+06,3614.89
0,28,down_proj,GPU,4.87604e+06,4.87965e+06,3614.89
0,28,Linear,Logic,4.87604e+06,4.87965e+06,3614.89
0,28,expert_FFN_5,GPU,4.87965e+06,4.89051e+06,10857.5
0,28,gate_proj,GPU,4.87965e+06,4.88327e+06,3613
0,28,Linear,Logic,4.87965e+06,4.88327e+06,3613
0,28,activation,Logic,4.88327e+06,4.88328e+06,18.4561
0,28,up_proj,GPU,4.88328e+06,4.8869e+06,3613
0,28,Linear,Logic,4.88328e+06,4.8869e+06,3613
0,28,down_proj,GPU,4.8869e+06,4.89051e+06,3613
0,28,Linear,Logic,4.8869e+06,4.89051e+06,3613
0,28,expert_FFN_6,GPU,4.89051e+06,4.90136e+06,10849.2
0,28,gate_proj,GPU,4.89051e+06,4.89412e+06,3611.12
0,28,Linear,Logic,4.89051e+06,4.89412e+06,3611.12
0,28,activation,Logic,4.89412e+06,4.89414e+06,15.8195
0,28,up_proj,GPU,4.89414e+06,4.89775e+06,3611.12
0,28,Linear,Logic,4.89414e+06,4.89775e+06,3611.12
0,28,down_proj,GPU,4.89775e+06,4.90136e+06,3611.12
0,28,Linear,Logic,4.89775e+06,4.90136e+06,3611.12
0,28,expert_FFN_7,GPU,4.90136e+06,4.91353e+06,12173.1
0,28,gate_proj,GPU,4.90136e+06,4.90541e+06,4049.8
0,28,Linear,Logic,4.90136e+06,4.90541e+06,4049.8
0,28,activation,Logic,4.90541e+06,4.90543e+06,23.7293
0,28,up_proj,GPU,4.90543e+06,4.90948e+06,4049.8
0,28,Linear,Logic,4.90543e+06,4.90948e+06,4049.8
0,28,down_proj,GPU,4.90948e+06,4.91353e+06,4049.8
0,28,Linear,Logic,4.90948e+06,4.91353e+06,4049.8
0,28,sync_2,GPU,4.91353e+06,4.91353e+06,0
0,28,sync__set,GPU,4.91353e+06,4.91353e+06,0
0,28,sync__,GPU,4.91353e+06,4.91353e+06,0
0,28,moe_all_reduce_for_e_tp,GPU,4.91353e+06,4.93415e+06,20621.4
0,28,sync_3,GPU,4.93415e+06,4.93415e+06,0
0,28,sync__set,GPU,4.93415e+06,4.93415e+06,0
0,28,sync__,GPU,4.93415e+06,4.93415e+06,0
0,28,moe_gather,GPU,4.93415e+06,4.93415e+06,0
0,28,sync_for_moe_gather,GPU,4.93415e+06,4.93415e+06,0
0,28,sync__set,GPU,4.93415e+06,4.93415e+06,0
0,28,sync__,GPU,4.93415e+06,4.93415e+06,0
0,28,moe_all_reduce_for_gather,GPU,4.93415e+06,4.95477e+06,20621.4
0,28,sync_5,GPU,4.95477e+06,4.95477e+06,0
0,28,sync__set,GPU,4.95477e+06,4.95477e+06,0
0,28,sync__,GPU,4.95477e+06,4.95477e+06,0
0,28,sync_6,GPU,4.95477e+06,4.95477e+06,0
0,28,sync__set,GPU,4.95477e+06,4.95477e+06,0
0,28,sync__,GPU,4.95477e+06,4.95477e+06,0
0,28,residual_2,GPU,4.95477e+06,4.95504e+06,261.148
0,29,MoE_decoder_29,GPU,4.95504e+06,5.12448e+06,169443
0,29,input_layer_norm,GPU,4.95504e+06,4.9553e+06,261.148
0,29,attention,GPU,4.9553e+06,4.99517e+06,39870
0,29,attn_qkv_proj,GPU,4.9553e+06,4.96164e+06,6347.9
0,29,Linear,GPU,4.9553e+06,4.96164e+06,6347.9
0,29,self_attention,GPU,4.96164e+06,4.97027e+06,8625.91
0,29,AttentionSplit,GPU,4.96164e+06,4.96164e+06,0
0,29,AttentionSum,GPU,4.96164e+06,4.96164e+06,0
0,29,AttentionGen,Logic,4.96164e+06,4.97027e+06,8625.91
0,29,AttentionMerge,GPU,4.97027e+06,4.97027e+06,0
0,29,attn_o_proj,GPU,4.97027e+06,4.97455e+06,4274.79
0,29,Linear,GPU,4.97027e+06,4.97455e+06,4274.79
0,29,all_reduce,GPU,4.97455e+06,4.99517e+06,20621.4
0,29,residual_1,GPU,4.99517e+06,4.99543e+06,261.148
0,29,post_attn_layer_norm,GPU,4.99543e+06,4.99569e+06,261.148
0,29,expertFFN,GPU,4.99569e+06,5.12422e+06,128529
0,29,sync_0,GPU,4.99569e+06,4.99569e+06,0
0,29,sync__set,GPU,4.99569e+06,4.99569e+06,0
0,29,sync__,GPU,4.99569e+06,4.99569e+06,0
0,29,gate_fn,GPU,4.99569e+06,4.99585e+06,160.957
0,29,Linear,GPU,4.99569e+06,4.99585e+06,160.957
0,29,gate_update,GPU,4.99585e+06,4.99585e+06,0
0,29,moe_scatter,GPU,4.99585e+06,4.99585e+06,0
0,29,sync_for_moe_scatter,GPU,4.99585e+06,4.99585e+06,0
0,29,sync__set,GPU,4.99585e+06,4.99585e+06,0
0,29,sync__,GPU,4.99585e+06,4.99585e+06,0
0,29,moe_route,GPU,4.99585e+06,4.99585e+06,0
0,29,expert_FFN_0,GPU,4.99585e+06,5.00672e+06,10865.7
0,29,gate_proj,GPU,4.99585e+06,4.99947e+06,3614.89
0,29,Linear,Logic,4.99585e+06,4.99947e+06,3614.89
0,29,activation,Logic,4.99947e+06,4.99949e+06,21.0927
0,29,up_proj,GPU,4.99949e+06,5.0031e+06,3614.89
0,29,Linear,Logic,4.99949e+06,5.0031e+06,3614.89
0,29,down_proj,GPU,5.0031e+06,5.00672e+06,3614.89
0,29,Linear,Logic,5.0031e+06,5.00672e+06,3614.89
0,29,expert_FFN_1,GPU,5.00672e+06,5.01757e+06,10849.2
0,29,gate_proj,GPU,5.00672e+06,5.01033e+06,3611.12
0,29,Linear,Logic,5.00672e+06,5.01033e+06,3611.12
0,29,activation,Logic,5.01033e+06,5.01034e+06,15.8195
0,29,up_proj,GPU,5.01034e+06,5.01395e+06,3611.12
0,29,Linear,Logic,5.01034e+06,5.01395e+06,3611.12
0,29,down_proj,GPU,5.01395e+06,5.01757e+06,3611.12
0,29,Linear,Logic,5.01395e+06,5.01757e+06,3611.12
0,29,expert_FFN_2,GPU,4.99585e+06,5.03945e+06,43595.6
0,29,gate_proj,GPU,4.99585e+06,5.01034e+06,14489.7
0,29,Linear,GPU,4.99585e+06,5.01034e+06,14489.7
0,29,activation,GPU,5.01034e+06,5.01047e+06,126.556
0,29,up_proj,GPU,5.01047e+06,5.02496e+06,14489.7
0,29,Linear,GPU,5.01047e+06,5.02496e+06,14489.7
0,29,down_proj,GPU,5.02496e+06,5.03945e+06,14489.7
0,29,Linear,GPU,5.02496e+06,5.03945e+06,14489.7
0,29,expert_FFN_3,GPU,5.03945e+06,5.08298e+06,43529.3
0,29,gate_proj,GPU,5.03945e+06,5.05392e+06,14474.6
0,29,Linear,GPU,5.03945e+06,5.05392e+06,14474.6
0,29,activation,GPU,5.05392e+06,5.05403e+06,105.463
0,29,up_proj,GPU,5.05403e+06,5.0685e+06,14474.6
0,29,Linear,GPU,5.05403e+06,5.0685e+06,14474.6
0,29,down_proj,GPU,5.0685e+06,5.08298e+06,14474.6
0,29,Linear,GPU,5.0685e+06,5.08298e+06,14474.6
0,29,expert_FFN_4,GPU,5.01757e+06,5.02841e+06,10849.2
0,29,gate_proj,GPU,5.01757e+06,5.02118e+06,3611.12
0,29,Linear,Logic,5.01757e+06,5.02118e+06,3611.12
0,29,activation,Logic,5.02118e+06,5.02119e+06,15.8195
0,29,up_proj,GPU,5.02119e+06,5.0248e+06,3611.12
0,29,Linear,Logic,5.02119e+06,5.0248e+06,3611.12
0,29,down_proj,GPU,5.0248e+06,5.02841e+06,3611.12
0,29,Linear,Logic,5.0248e+06,5.02841e+06,3611.12
0,29,expert_FFN_5,GPU,5.02841e+06,5.03928e+06,10865.7
0,29,gate_proj,GPU,5.02841e+06,5.03203e+06,3614.89
0,29,Linear,Logic,5.02841e+06,5.03203e+06,3614.89
0,29,activation,Logic,5.03203e+06,5.03205e+06,21.0927
0,29,up_proj,GPU,5.03205e+06,5.03567e+06,3614.89
0,29,Linear,Logic,5.03205e+06,5.03567e+06,3614.89
0,29,down_proj,GPU,5.03567e+06,5.03928e+06,3614.89
0,29,Linear,Logic,5.03567e+06,5.03928e+06,3614.89
0,29,expert_FFN_6,GPU,5.03928e+06,5.05014e+06,10857.5
0,29,gate_proj,GPU,5.03928e+06,5.04289e+06,3613
0,29,Linear,Logic,5.03928e+06,5.04289e+06,3613
0,29,activation,Logic,5.04289e+06,5.04291e+06,18.4561
0,29,up_proj,GPU,5.04291e+06,5.04652e+06,3613
0,29,Linear,Logic,5.04291e+06,5.04652e+06,3613
0,29,down_proj,GPU,5.04652e+06,5.05014e+06,3613
0,29,Linear,Logic,5.04652e+06,5.05014e+06,3613
0,29,expert_FFN_7,GPU,5.05014e+06,5.061e+06,10857.5
0,29,gate_proj,GPU,5.05014e+06,5.05375e+06,3613
0,29,Linear,Logic,5.05014e+06,5.05375e+06,3613
0,29,activation,Logic,5.05375e+06,5.05377e+06,18.4561
0,29,up_proj,GPU,5.05377e+06,5.05738e+06,3613
0,29,Linear,Logic,5.05377e+06,5.05738e+06,3613
0,29,down_proj,GPU,5.05738e+06,5.061e+06,3613
0,29,Linear,Logic,5.05738e+06,5.061e+06,3613
0,29,sync_2,GPU,5.08298e+06,5.08298e+06,0
0,29,sync__set,GPU,5.08298e+06,5.08298e+06,0
0,29,sync__,GPU,5.08298e+06,5.08298e+06,0
0,29,moe_all_reduce_for_e_tp,GPU,5.08298e+06,5.1036e+06,20621.4
0,29,sync_3,GPU,5.1036e+06,5.1036e+06,0
0,29,sync__set,GPU,5.1036e+06,5.1036e+06,0
0,29,sync__,GPU,5.1036e+06,5.1036e+06,0
0,29,moe_gather,GPU,5.1036e+06,5.1036e+06,0
0,29,sync_for_moe_gather,GPU,5.1036e+06,5.1036e+06,0
0,29,sync__set,GPU,5.1036e+06,5.1036e+06,0
0,29,sync__,GPU,5.1036e+06,5.1036e+06,0
0,29,moe_all_reduce_for_gather,GPU,5.1036e+06,5.12422e+06,20621.4
0,29,sync_5,GPU,5.12422e+06,5.12422e+06,0
0,29,sync__set,GPU,5.12422e+06,5.12422e+06,0
0,29,sync__,GPU,5.12422e+06,5.12422e+06,0
0,29,sync_6,GPU,5.12422e+06,5.12422e+06,0
0,29,sync__set,GPU,5.12422e+06,5.12422e+06,0
0,29,sync__,GPU,5.12422e+06,5.12422e+06,0
0,29,residual_2,GPU,5.12422e+06,5.12448e+06,261.148
0,30,MoE_decoder_30,GPU,5.12448e+06,5.29379e+06,169311
0,30,input_layer_norm,GPU,5.12448e+06,5.12474e+06,261.148
0,30,attention,GPU,5.12474e+06,5.16461e+06,39870
0,30,attn_qkv_proj,GPU,5.12474e+06,5.13109e+06,6347.9
0,30,Linear,GPU,5.12474e+06,5.13109e+06,6347.9
0,30,self_attention,GPU,5.13109e+06,5.13971e+06,8625.91
0,30,AttentionSplit,GPU,5.13109e+06,5.13109e+06,0
0,30,AttentionSum,GPU,5.13109e+06,5.13109e+06,0
0,30,AttentionGen,Logic,5.13109e+06,5.13971e+06,8625.91
0,30,AttentionMerge,GPU,5.13971e+06,5.13971e+06,0
0,30,attn_o_proj,GPU,5.13971e+06,5.14399e+06,4274.79
0,30,Linear,GPU,5.13971e+06,5.14399e+06,4274.79
0,30,all_reduce,GPU,5.14399e+06,5.16461e+06,20621.4
0,30,residual_1,GPU,5.16461e+06,5.16487e+06,261.148
0,30,post_attn_layer_norm,GPU,5.16487e+06,5.16513e+06,261.148
0,30,expertFFN,GPU,5.16513e+06,5.29353e+06,128396
0,30,sync_0,GPU,5.16513e+06,5.16513e+06,0
0,30,sync__set,GPU,5.16513e+06,5.16513e+06,0
0,30,sync__,GPU,5.16513e+06,5.16513e+06,0
0,30,gate_fn,GPU,5.16513e+06,5.16529e+06,160.957
0,30,Linear,GPU,5.16513e+06,5.16529e+06,160.957
0,30,gate_update,GPU,5.16529e+06,5.16529e+06,0
0,30,moe_scatter,GPU,5.16529e+06,5.16529e+06,0
0,30,sync_for_moe_scatter,GPU,5.16529e+06,5.16529e+06,0
0,30,sync__set,GPU,5.16529e+06,5.16529e+06,0
0,30,sync__,GPU,5.16529e+06,5.16529e+06,0
0,30,moe_route,GPU,5.16529e+06,5.16529e+06,0
0,30,expert_FFN_0,GPU,5.16529e+06,5.20889e+06,43595.6
0,30,gate_proj,GPU,5.16529e+06,5.17978e+06,14489.7
0,30,Linear,GPU,5.16529e+06,5.17978e+06,14489.7
0,30,activation,GPU,5.17978e+06,5.17991e+06,126.556
0,30,up_proj,GPU,5.17991e+06,5.1944e+06,14489.7
0,30,Linear,GPU,5.17991e+06,5.1944e+06,14489.7
0,30,down_proj,GPU,5.1944e+06,5.20889e+06,14489.7
0,30,Linear,GPU,5.1944e+06,5.20889e+06,14489.7
0,30,expert_FFN_1,GPU,5.20889e+06,5.25229e+06,43396.7
0,30,gate_proj,GPU,5.20889e+06,5.22333e+06,14444.5
0,30,Linear,GPU,5.20889e+06,5.22333e+06,14444.5
0,30,activation,GPU,5.22333e+06,5.2234e+06,63.2781
0,30,up_proj,GPU,5.2234e+06,5.23784e+06,14444.5
0,30,Linear,GPU,5.2234e+06,5.23784e+06,14444.5
0,30,down_proj,GPU,5.23784e+06,5.25229e+06,14444.5
0,30,Linear,GPU,5.23784e+06,5.25229e+06,14444.5
0,30,expert_FFN_2,GPU,5.16529e+06,5.17613e+06,10840.9
0,30,gate_proj,GPU,5.16529e+06,5.1689e+06,3609.24
0,30,Linear,Logic,5.16529e+06,5.1689e+06,3609.24
0,30,activation,Logic,5.1689e+06,5.16892e+06,13.1829
0,30,up_proj,GPU,5.16892e+06,5.17253e+06,3609.24
0,30,Linear,Logic,5.16892e+06,5.17253e+06,3609.24
0,30,down_proj,GPU,5.17253e+06,5.17613e+06,3609.24
0,30,Linear,Logic,5.17253e+06,5.17613e+06,3609.24
0,30,expert_FFN_3,GPU,5.17613e+06,5.18699e+06,10857.5
0,30,gate_proj,GPU,5.17613e+06,5.17975e+06,3613
0,30,Linear,Logic,5.17613e+06,5.17975e+06,3613
0,30,activation,Logic,5.17975e+06,5.17977e+06,18.4561
0,30,up_proj,GPU,5.17977e+06,5.18338e+06,3613
0,30,Linear,Logic,5.17977e+06,5.18338e+06,3613
0,30,down_proj,GPU,5.18338e+06,5.18699e+06,3613
0,30,Linear,Logic,5.18338e+06,5.18699e+06,3613
0,30,expert_FFN_4,GPU,5.18699e+06,5.19785e+06,10857.5
0,30,gate_proj,GPU,5.18699e+06,5.19061e+06,3613
0,30,Linear,Logic,5.18699e+06,5.19061e+06,3613
0,30,activation,Logic,5.19061e+06,5.19062e+06,18.4561
0,30,up_proj,GPU,5.19062e+06,5.19424e+06,3613
0,30,Linear,Logic,5.19062e+06,5.19424e+06,3613
0,30,down_proj,GPU,5.19424e+06,5.19785e+06,3613
0,30,Linear,Logic,5.19424e+06,5.19785e+06,3613
0,30,expert_FFN_5,GPU,5.19785e+06,5.21002e+06,12173.1
0,30,gate_proj,GPU,5.19785e+06,5.2019e+06,4049.8
0,30,Linear,Logic,5.19785e+06,5.2019e+06,4049.8
0,30,activation,Logic,5.2019e+06,5.20192e+06,23.7293
0,30,up_proj,GPU,5.20192e+06,5.20597e+06,4049.8
0,30,Linear,Logic,5.20192e+06,5.20597e+06,4049.8
0,30,down_proj,GPU,5.20597e+06,5.21002e+06,4049.8
0,30,Linear,Logic,5.20597e+06,5.21002e+06,4049.8
0,30,expert_FFN_6,GPU,5.21002e+06,5.22088e+06,10857.5
0,30,gate_proj,GPU,5.21002e+06,5.21364e+06,3613
0,30,Linear,Logic,5.21002e+06,5.21364e+06,3613
0,30,activation,Logic,5.21364e+06,5.21365e+06,18.4561
0,30,up_proj,GPU,5.21365e+06,5.21727e+06,3613
0,30,Linear,Logic,5.21365e+06,5.21727e+06,3613
0,30,down_proj,GPU,5.21727e+06,5.22088e+06,3613
0,30,Linear,Logic,5.21727e+06,5.22088e+06,3613
0,30,expert_FFN_7,GPU,5.22088e+06,5.23576e+06,14878.3
0,30,gate_proj,GPU,5.22088e+06,5.22583e+06,4949.75
0,30,Linear,Logic,5.22088e+06,5.22583e+06,4949.75
0,30,activation,Logic,5.22583e+06,5.22586e+06,29.0025
0,30,up_proj,GPU,5.22586e+06,5.23081e+06,4949.75
0,30,Linear,Logic,5.22586e+06,5.23081e+06,4949.75
0,30,down_proj,GPU,5.23081e+06,5.23576e+06,4949.75
0,30,Linear,Logic,5.23081e+06,5.23576e+06,4949.75
0,30,sync_2,GPU,5.25229e+06,5.25229e+06,0
0,30,sync__set,GPU,5.25229e+06,5.25229e+06,0
0,30,sync__,GPU,5.25229e+06,5.25229e+06,0
0,30,moe_all_reduce_for_e_tp,GPU,5.25229e+06,5.27291e+06,20621.4
0,30,sync_3,GPU,5.27291e+06,5.27291e+06,0
0,30,sync__set,GPU,5.27291e+06,5.27291e+06,0
0,30,sync__,GPU,5.27291e+06,5.27291e+06,0
0,30,moe_gather,GPU,5.27291e+06,5.27291e+06,0
0,30,sync_for_moe_gather,GPU,5.27291e+06,5.27291e+06,0
0,30,sync__set,GPU,5.27291e+06,5.27291e+06,0
0,30,sync__,GPU,5.27291e+06,5.27291e+06,0
0,30,moe_all_reduce_for_gather,GPU,5.27291e+06,5.29353e+06,20621.4
0,30,sync_5,GPU,5.29353e+06,5.29353e+06,0
0,30,sync__set,GPU,5.29353e+06,5.29353e+06,0
0,30,sync__,GPU,5.29353e+06,5.29353e+06,0
0,30,sync_6,GPU,5.29353e+06,5.29353e+06,0
0,30,sync__set,GPU,5.29353e+06,5.29353e+06,0
0,30,sync__,GPU,5.29353e+06,5.29353e+06,0
0,30,residual_2,GPU,5.29353e+06,5.29379e+06,261.148
0,31,MoE_decoder_31,GPU,5.29379e+06,5.4631e+06,169311
0,31,input_layer_norm,GPU,5.29379e+06,5.29405e+06,261.148
0,31,attention,GPU,5.29405e+06,5.33392e+06,39870
0,31,attn_qkv_proj,GPU,5.29405e+06,5.3004e+06,6347.9
0,31,Linear,GPU,5.29405e+06,5.3004e+06,6347.9
0,31,self_attention,GPU,5.3004e+06,5.30902e+06,8625.91
0,31,AttentionSplit,GPU,5.3004e+06,5.3004e+06,0
0,31,AttentionSum,GPU,5.3004e+06,5.3004e+06,0
0,31,AttentionGen,Logic,5.3004e+06,5.30902e+06,8625.91
0,31,AttentionMerge,GPU,5.30902e+06,5.30902e+06,0
0,31,attn_o_proj,GPU,5.30902e+06,5.3133e+06,4274.79
0,31,Linear,GPU,5.30902e+06,5.3133e+06,4274.79
0,31,all_reduce,GPU,5.3133e+06,5.33392e+06,20621.4
0,31,residual_1,GPU,5.33392e+06,5.33418e+06,261.148
0,31,post_attn_layer_norm,GPU,5.33418e+06,5.33444e+06,261.148
0,31,expertFFN,GPU,5.33444e+06,5.46284e+06,128396
0,31,sync_0,GPU,5.33444e+06,5.33444e+06,0
0,31,sync__set,GPU,5.33444e+06,5.33444e+06,0
0,31,sync__,GPU,5.33444e+06,5.33444e+06,0
0,31,gate_fn,GPU,5.33444e+06,5.3346e+06,160.957
0,31,Linear,GPU,5.33444e+06,5.3346e+06,160.957
0,31,gate_update,GPU,5.3346e+06,5.3346e+06,0
0,31,moe_scatter,GPU,5.3346e+06,5.3346e+06,0
0,31,sync_for_moe_scatter,GPU,5.3346e+06,5.3346e+06,0
0,31,sync__set,GPU,5.3346e+06,5.3346e+06,0
0,31,sync__,GPU,5.3346e+06,5.3346e+06,0
0,31,moe_route,GPU,5.3346e+06,5.3346e+06,0
0,31,expert_FFN_0,GPU,5.3346e+06,5.34546e+06,10857.5
0,31,gate_proj,GPU,5.3346e+06,5.33822e+06,3613
0,31,Linear,Logic,5.3346e+06,5.33822e+06,3613
0,31,activation,Logic,5.33822e+06,5.33824e+06,18.4561
0,31,up_proj,GPU,5.33824e+06,5.34185e+06,3613
0,31,Linear,Logic,5.33824e+06,5.34185e+06,3613
0,31,down_proj,GPU,5.34185e+06,5.34546e+06,3613
0,31,Linear,Logic,5.34185e+06,5.34546e+06,3613
0,31,expert_FFN_1,GPU,5.34546e+06,5.35763e+06,12173.1
0,31,gate_proj,GPU,5.34546e+06,5.34951e+06,4049.8
0,31,Linear,Logic,5.34546e+06,5.34951e+06,4049.8
0,31,activation,Logic,5.34951e+06,5.34954e+06,23.7293
0,31,up_proj,GPU,5.34954e+06,5.35359e+06,4049.8
0,31,Linear,Logic,5.34954e+06,5.35359e+06,4049.8
0,31,down_proj,GPU,5.35359e+06,5.35763e+06,4049.8
0,31,Linear,Logic,5.35359e+06,5.35763e+06,4049.8
0,31,expert_FFN_2,GPU,5.35763e+06,5.36848e+06,10849.2
0,31,gate_proj,GPU,5.35763e+06,5.36125e+06,3611.12
0,31,Linear,Logic,5.35763e+06,5.36125e+06,3611.12
0,31,activation,Logic,5.36125e+06,5.36126e+06,15.8195
0,31,up_proj,GPU,5.36126e+06,5.36487e+06,3611.12
0,31,Linear,Logic,5.36126e+06,5.36487e+06,3611.12
0,31,down_proj,GPU,5.36487e+06,5.36848e+06,3611.12
0,31,Linear,Logic,5.36487e+06,5.36848e+06,3611.12
0,31,expert_FFN_3,GPU,5.36848e+06,5.37933e+06,10849.2
0,31,gate_proj,GPU,5.36848e+06,5.3721e+06,3611.12
0,31,Linear,Logic,5.36848e+06,5.3721e+06,3611.12
0,31,activation,Logic,5.3721e+06,5.37211e+06,15.8195
0,31,up_proj,GPU,5.37211e+06,5.37572e+06,3611.12
0,31,Linear,Logic,5.37211e+06,5.37572e+06,3611.12
0,31,down_proj,GPU,5.37572e+06,5.37933e+06,3611.12
0,31,Linear,Logic,5.37572e+06,5.37933e+06,3611.12
0,31,expert_FFN_4,GPU,5.3346e+06,5.3782e+06,43595.6
0,31,gate_proj,GPU,5.3346e+06,5.34909e+06,14489.7
0,31,Linear,GPU,5.3346e+06,5.34909e+06,14489.7
0,31,activation,GPU,5.34909e+06,5.34922e+06,126.556
0,31,up_proj,GPU,5.34922e+06,5.36371e+06,14489.7
0,31,Linear,GPU,5.34922e+06,5.36371e+06,14489.7
0,31,down_proj,GPU,5.36371e+06,5.3782e+06,14489.7
0,31,Linear,GPU,5.36371e+06,5.3782e+06,14489.7
0,31,expert_FFN_5,GPU,5.3782e+06,5.4216e+06,43396.7
0,31,gate_proj,GPU,5.3782e+06,5.39264e+06,14444.5
0,31,Linear,GPU,5.3782e+06,5.39264e+06,14444.5
0,31,activation,GPU,5.39264e+06,5.39271e+06,63.2781
0,31,up_proj,GPU,5.39271e+06,5.40715e+06,14444.5
0,31,Linear,GPU,5.39271e+06,5.40715e+06,14444.5
0,31,down_proj,GPU,5.40715e+06,5.4216e+06,14444.5
0,31,Linear,GPU,5.40715e+06,5.4216e+06,14444.5
0,31,expert_FFN_6,GPU,5.37933e+06,5.39019e+06,10857.5
0,31,gate_proj,GPU,5.37933e+06,5.38295e+06,3613
0,31,Linear,Logic,5.37933e+06,5.38295e+06,3613
0,31,activation,Logic,5.38295e+06,5.38296e+06,18.4561
0,31,up_proj,GPU,5.38296e+06,5.38658e+06,3613
0,31,Linear,Logic,5.38296e+06,5.38658e+06,3613
0,31,down_proj,GPU,5.38658e+06,5.39019e+06,3613
0,31,Linear,Logic,5.38658e+06,5.39019e+06,3613
0,31,expert_FFN_7,GPU,5.39019e+06,5.40507e+06,14878.3
0,31,gate_proj,GPU,5.39019e+06,5.39514e+06,4949.75
0,31,Linear,Logic,5.39019e+06,5.39514e+06,4949.75
0,31,activation,Logic,5.39514e+06,5.39517e+06,29.0025
0,31,up_proj,GPU,5.39517e+06,5.40012e+06,4949.75
0,31,Linear,Logic,5.39517e+06,5.40012e+06,4949.75
0,31,down_proj,GPU,5.40012e+06,5.40507e+06,4949.75
0,31,Linear,Logic,5.40012e+06,5.40507e+06,4949.75
0,31,sync_2,GPU,5.4216e+06,5.4216e+06,0
0,31,sync__set,GPU,5.4216e+06,5.4216e+06,0
0,31,sync__,GPU,5.4216e+06,5.4216e+06,0
0,31,moe_all_reduce_for_e_tp,GPU,5.4216e+06,5.44222e+06,20621.4
0,31,sync_3,GPU,5.44222e+06,5.44222e+06,0
0,31,sync__set,GPU,5.44222e+06,5.44222e+06,0
0,31,sync__,GPU,5.44222e+06,5.44222e+06,0
0,31,moe_gather,GPU,5.44222e+06,5.44222e+06,0
0,31,sync_for_moe_gather,GPU,5.44222e+06,5.44222e+06,0
0,31,sync__set,GPU,5.44222e+06,5.44222e+06,0
0,31,sync__,GPU,5.44222e+06,5.44222e+06,0
0,31,moe_all_reduce_for_gather,GPU,5.44222e+06,5.46284e+06,20621.4
0,31,sync_5,GPU,5.46284e+06,5.46284e+06,0
0,31,sync__set,GPU,5.46284e+06,5.46284e+06,0
0,31,sync__,GPU,5.46284e+06,5.46284e+06,0
0,31,sync_6,GPU,5.46284e+06,5.46284e+06,0
0,31,sync__set,GPU,5.46284e+06,5.46284e+06,0
0,31,sync__,GPU,5.46284e+06,5.46284e+06,0
0,31,residual_2,GPU,5.46284e+06,5.4631e+06,261.148
1,0,MoE_decoder_0,GPU,0,169410,169410
1,0,input_layer_norm,GPU,0,261.148,261.148
1,0,attention,GPU,261.148,40131.2,39870
1,0,attn_qkv_proj,GPU,261.148,6609.04,6347.9
1,0,Linear,GPU,261.148,6609.04,6347.9
1,0,self_attention,GPU,6609.04,15235,8625.91
1,0,AttentionSplit,GPU,6609.04,6609.04,0
1,0,AttentionSum,GPU,6609.04,6609.04,0
1,0,AttentionGen,Logic,6609.04,15235,8625.91
1,0,AttentionMerge,GPU,15235,15235,0
1,0,attn_o_proj,GPU,15235,19509.7,4274.79
1,0,Linear,GPU,15235,19509.7,4274.79
1,0,all_reduce,GPU,19509.7,40131.2,20621.4
1,0,residual_1,GPU,40131.2,40392.3,261.148
1,0,post_attn_layer_norm,GPU,40392.3,40653.5,261.148
1,0,expertFFN,GPU,40653.5,169149,128496
1,0,sync_0,GPU,40653.5,40653.5,0
1,0,sync__set,GPU,40653.5,40653.5,0
1,0,sync__,GPU,40653.5,40653.5,0
1,0,gate_fn,GPU,40653.5,40814.4,160.957
1,0,Linear,GPU,40653.5,40814.4,160.957
1,0,gate_update,GPU,40814.4,40814.4,0
1,0,moe_scatter,GPU,40814.4,40814.4,0
1,0,sync_for_moe_scatter,GPU,40814.4,40814.4,0
1,0,sync__set,GPU,40814.4,40814.4,0
1,0,sync__,GPU,40814.4,40814.4,0
1,0,moe_route,GPU,40814.4,40814.4,0
1,0,expert_FFN_0,GPU,40814.4,52987.5,12173.1
1,0,gate_proj,GPU,40814.4,44864.2,4049.8
1,0,Linear,Logic,40814.4,44864.2,4049.8
1,0,activation,Logic,44864.2,44888,23.7293
1,0,up_proj,GPU,44888,48937.8,4049.8
1,0,Linear,Logic,44888,48937.8,4049.8
1,0,down_proj,GPU,48937.8,52987.5,4049.8
1,0,Linear,Logic,48937.8,52987.5,4049.8
1,0,expert_FFN_1,GPU,52987.5,63828.4,10840.9
1,0,gate_proj,GPU,52987.5,56596.8,3609.24
1,0,Linear,Logic,52987.5,56596.8,3609.24
1,0,activation,Logic,56596.8,56610,13.1829
1,0,up_proj,GPU,56610,60219.2,3609.24
1,0,Linear,Logic,56610,60219.2,3609.24
1,0,down_proj,GPU,60219.2,63828.4,3609.24
1,0,Linear,Logic,60219.2,63828.4,3609.24
1,0,expert_FFN_2,GPU,63828.4,74685.9,10857.5
1,0,gate_proj,GPU,63828.4,67441.4,3613
1,0,Linear,Logic,63828.4,67441.4,3613
1,0,activation,Logic,67441.4,67459.9,18.4561
1,0,up_proj,GPU,67459.9,71072.9,3613
1,0,Linear,Logic,67459.9,71072.9,3613
1,0,down_proj,GPU,71072.9,74685.9,3613
1,0,Linear,Logic,71072.9,74685.9,3613
1,0,expert_FFN_3,GPU,74685.9,90916.7,16230.8
1,0,gate_proj,GPU,74685.9,80085.6,5399.73
1,0,Linear,Logic,74685.9,80085.6,5399.73
1,0,activation,Logic,80085.6,80117.3,31.639
1,0,up_proj,GPU,80117.3,85517,5399.73
1,0,Linear,Logic,80117.3,85517,5399.73
1,0,down_proj,GPU,85517,90916.7,5399.73
1,0,Linear,Logic,85517,90916.7,5399.73
1,0,expert_FFN_4,GPU,90916.7,101758,10840.9
1,0,gate_proj,GPU,90916.7,94526,3609.24
1,0,Linear,Logic,90916.7,94526,3609.24
1,0,activation,Logic,94526,94539.1,13.1829
1,0,up_proj,GPU,94539.1,98148.4,3609.24
1,0,Linear,Logic,94539.1,98148.4,3609.24
1,0,down_proj,GPU,98148.4,101758,3609.24
1,0,Linear,Logic,98148.4,101758,3609.24
1,0,expert_FFN_5,GPU,101758,112599,10840.9
1,0,gate_proj,GPU,101758,105367,3609.24
1,0,Linear,Logic,101758,105367,3609.24
1,0,activation,Logic,105367,105380,13.1829
1,0,up_proj,GPU,105380,108989,3609.24
1,0,Linear,Logic,105380,108989,3609.24
1,0,down_proj,GPU,108989,112599,3609.24
1,0,Linear,Logic,108989,112599,3609.24
1,0,expert_FFN_6,GPU,40814.4,84343.7,43529.3
1,0,gate_proj,GPU,40814.4,55289,14474.6
1,0,Linear,GPU,40814.4,55289,14474.6
1,0,activation,GPU,55289,55394.5,105.463
1,0,up_proj,GPU,55394.5,69869.1,14474.6
1,0,Linear,GPU,55394.5,69869.1,14474.6
1,0,down_proj,GPU,69869.1,84343.7,14474.6
1,0,Linear,GPU,69869.1,84343.7,14474.6
1,0,expert_FFN_7,GPU,84343.7,127906,43562.4
1,0,gate_proj,GPU,84343.7,98825.9,14482.1
1,0,Linear,GPU,84343.7,98825.9,14482.1
1,0,activation,GPU,98825.9,98941.9,116.01
1,0,up_proj,GPU,98941.9,113424,14482.1
1,0,Linear,GPU,98941.9,113424,14482.1
1,0,down_proj,GPU,113424,127906,14482.1
1,0,Linear,GPU,113424,127906,14482.1
1,0,sync_2,GPU,127906,127906,0
1,0,sync__set,GPU,127906,127906,0
1,0,sync__,GPU,127906,127906,0
1,0,moe_all_reduce_for_e_tp,GPU,127906,148528,20621.4
1,0,sync_3,GPU,148528,148528,0
1,0,sync__set,GPU,148528,148528,0
1,0,sync__,GPU,148528,148528,0
1,0,moe_gather,GPU,148528,148528,0
1,0,sync_for_moe_gather,GPU,148528,148528,0
1,0,sync__set,GPU,148528,148528,0
1,0,sync__,GPU,148528,148528,0
1,0,moe_all_reduce_for_gather,GPU,148528,169149,20621.4
1,0,sync_5,GPU,169149,169149,0
1,0,sync__set,GPU,169149,169149,0
1,0,sync__,GPU,169149,169149,0
1,0,sync_6,GPU,169149,169149,0
1,0,sync__set,GPU,169149,169149,0
1,0,sync__,GPU,169149,169149,0
1,0,residual_2,GPU,169149,169410,261.148
1,1,MoE_decoder_1,GPU,169410,338754,169344
1,1,input_layer_norm,GPU,169410,169671,261.148
1,1,attention,GPU,169671,209541,39870
1,1,attn_qkv_proj,GPU,169671,176019,6347.9
1,1,Linear,GPU,169671,176019,6347.9
1,1,self_attention,GPU,176019,184645,8625.91
1,1,AttentionSplit,GPU,176019,176019,0
1,1,AttentionSum,GPU,176019,176019,0
1,1,AttentionGen,Logic,176019,184645,8625.91
1,1,AttentionMerge,GPU,184645,184645,0
1,1,attn_o_proj,GPU,184645,188920,4274.79
1,1,Linear,GPU,184645,188920,4274.79
1,1,all_reduce,GPU,188920,209541,20621.4
1,1,residual_1,GPU,209541,209803,261.148
1,1,post_attn_layer_norm,GPU,209803,210064,261.148
1,1,expertFFN,GPU,210064,338493,128429
1,1,sync_0,GPU,210064,210064,0
1,1,sync__set,GPU,210064,210064,0
1,1,sync__,GPU,210064,210064,0
1,1,gate_fn,GPU,210064,210225,160.957
1,1,Linear,GPU,210064,210225,160.957
1,1,gate_update,GPU,210225,210225,0
1,1,moe_scatter,GPU,210225,210225,0
1,1,sync_for_moe_scatter,GPU,210225,210225,0
1,1,sync__set,GPU,210225,210225,0
1,1,sync__,GPU,210225,210225,0
1,1,moe_route,GPU,210225,210225,0
1,1,expert_FFN_0,GPU,210225,222398,12173.1
1,1,gate_proj,GPU,210225,214274,4049.8
1,1,Linear,Logic,210225,214274,4049.8
1,1,activation,Logic,214274,214298,23.7293
1,1,up_proj,GPU,214298,218348,4049.8
1,1,Linear,Logic,214298,218348,4049.8
1,1,down_proj,GPU,218348,222398,4049.8
1,1,Linear,Logic,218348,222398,4049.8
1,1,expert_FFN_1,GPU,222398,233239,10840.9
1,1,gate_proj,GPU,222398,226007,3609.24
1,1,Linear,Logic,222398,226007,3609.24
1,1,activation,Logic,226007,226020,13.1829
1,1,up_proj,GPU,226020,229629,3609.24
1,1,Linear,Logic,226020,229629,3609.24
1,1,down_proj,GPU,229629,233239,3609.24
1,1,Linear,Logic,229629,233239,3609.24
1,1,expert_FFN_2,GPU,233239,244104,10865.7
1,1,gate_proj,GPU,233239,236854,3614.89
1,1,Linear,Logic,233239,236854,3614.89
1,1,activation,Logic,236854,236875,21.0927
1,1,up_proj,GPU,236875,240489,3614.89
1,1,Linear,Logic,236875,240489,3614.89
1,1,down_proj,GPU,240489,244104,3614.89
1,1,Linear,Logic,240489,244104,3614.89
1,1,expert_FFN_3,GPU,244104,254970,10865.7
1,1,gate_proj,GPU,244104,247719,3614.89
1,1,Linear,Logic,244104,247719,3614.89
1,1,activation,Logic,247719,247740,21.0927
1,1,up_proj,GPU,247740,251355,3614.89
1,1,Linear,Logic,247740,251355,3614.89
1,1,down_proj,GPU,251355,254970,3614.89
1,1,Linear,Logic,251355,254970,3614.89
1,1,expert_FFN_4,GPU,254970,269848,14878.3
1,1,gate_proj,GPU,254970,259920,4949.75
1,1,Linear,Logic,254970,259920,4949.75
1,1,activation,Logic,259920,259949,29.0025
1,1,up_proj,GPU,259949,264899,4949.75
1,1,Linear,Logic,259949,264899,4949.75
1,1,down_proj,GPU,264899,269848,4949.75
1,1,Linear,Logic,264899,269848,4949.75
1,1,expert_FFN_5,GPU,269848,280681,10832.6
1,1,gate_proj,GPU,269848,273456,3607.35
1,1,Linear,Logic,269848,273456,3607.35
1,1,activation,Logic,273456,273466,10.5463
1,1,up_proj,GPU,273466,277074,3607.35
1,1,Linear,Logic,273466,277074,3607.35
1,1,down_proj,GPU,277074,280681,3607.35
1,1,Linear,Logic,277074,280681,3607.35
1,1,expert_FFN_6,GPU,210225,253621,43396.7
1,1,gate_proj,GPU,210225,224669,14444.5
1,1,Linear,GPU,210225,224669,14444.5
1,1,activation,GPU,224669,224732,63.2781
1,1,up_proj,GPU,224732,239177,14444.5
1,1,Linear,GPU,224732,239177,14444.5
1,1,down_proj,GPU,239177,253621,14444.5
1,1,Linear,GPU,239177,253621,14444.5
1,1,expert_FFN_7,GPU,253621,297250,43628.7
1,1,gate_proj,GPU,253621,268119,14497.2
1,1,Linear,GPU,253621,268119,14497.2
1,1,activation,GPU,268119,268256,137.103
1,1,up_proj,GPU,268256,282753,14497.2
1,1,Linear,GPU,268256,282753,14497.2
1,1,down_proj,GPU,282753,297250,14497.2
1,1,Linear,GPU,282753,297250,14497.2
1,1,sync_2,GPU,297250,297250,0
1,1,sync__set,GPU,297250,297250,0
1,1,sync__,GPU,297250,297250,0
1,1,moe_all_reduce_for_e_tp,GPU,297250,317871,20621.4
1,1,sync_3,GPU,317871,317871,0
1,1,sync__set,GPU,317871,317871,0
1,1,sync__,GPU,317871,317871,0
1,1,moe_gather,GPU,317871,317871,0
1,1,sync_for_moe_gather,GPU,317871,317871,0
1,1,sync__set,GPU,317871,317871,0
1,1,sync__,GPU,317871,317871,0
1,1,moe_all_reduce_for_gather,GPU,317871,338493,20621.4
1,1,sync_5,GPU,338493,338493,0
1,1,sync__set,GPU,338493,338493,0
1,1,sync__,GPU,338493,338493,0
1,1,sync_6,GPU,338493,338493,0
1,1,sync__set,GPU,338493,338493,0
1,1,sync__,GPU,338493,338493,0
1,1,residual_2,GPU,338493,338754,261.148
1,2,MoE_decoder_2,GPU,338754,508231,169476
1,2,input_layer_norm,GPU,338754,339015,261.148
1,2,attention,GPU,339015,378885,39870
1,2,attn_qkv_proj,GPU,339015,345363,6347.9
1,2,Linear,GPU,339015,345363,6347.9
1,2,self_attention,GPU,345363,353989,8625.91
1,2,AttentionSplit,GPU,345363,345363,0
1,2,AttentionSum,GPU,345363,345363,0
1,2,AttentionGen,Logic,345363,353989,8625.91
1,2,AttentionMerge,GPU,353989,353989,0
1,2,attn_o_proj,GPU,353989,358264,4274.79
1,2,Linear,GPU,353989,358264,4274.79
1,2,all_reduce,GPU,358264,378885,20621.4
1,2,residual_1,GPU,378885,379146,261.148
1,2,post_attn_layer_norm,GPU,379146,379408,261.148
1,2,expertFFN,GPU,379408,507969,128562
1,2,sync_0,GPU,379408,379408,0
1,2,sync__set,GPU,379408,379408,0
1,2,sync__,GPU,379408,379408,0
1,2,gate_fn,GPU,379408,379569,160.957
1,2,Linear,GPU,379408,379569,160.957
1,2,gate_update,GPU,379569,379569,0
1,2,moe_scatter,GPU,379569,379569,0
1,2,sync_for_moe_scatter,GPU,379569,379569,0
1,2,sync__set,GPU,379569,379569,0
1,2,sync__,GPU,379569,379569,0
1,2,moe_route,GPU,379569,379569,0
1,2,expert_FFN_0,GPU,379569,390409,10840.9
1,2,gate_proj,GPU,379569,383178,3609.24
1,2,Linear,Logic,379569,383178,3609.24
1,2,activation,Logic,383178,383191,13.1829
1,2,up_proj,GPU,383191,386800,3609.24
1,2,Linear,Logic,383191,386800,3609.24
1,2,down_proj,GPU,386800,390409,3609.24
1,2,Linear,Logic,386800,390409,3609.24
1,2,expert_FFN_1,GPU,390409,402583,12173.1
1,2,gate_proj,GPU,390409,394459,4049.8
1,2,Linear,Logic,390409,394459,4049.8
1,2,activation,Logic,394459,394483,23.7293
1,2,up_proj,GPU,394483,398533,4049.8
1,2,Linear,Logic,394483,398533,4049.8
1,2,down_proj,GPU,398533,402583,4049.8
1,2,Linear,Logic,398533,402583,4049.8
1,2,expert_FFN_2,GPU,402583,413448,10865.7
1,2,gate_proj,GPU,402583,406197,3614.89
1,2,Linear,Logic,402583,406197,3614.89
1,2,activation,Logic,406197,406218,21.0927
1,2,up_proj,GPU,406218,409833,3614.89
1,2,Linear,Logic,406218,409833,3614.89
1,2,down_proj,GPU,409833,413448,3614.89
1,2,Linear,Logic,409833,413448,3614.89
1,2,expert_FFN_3,GPU,413448,424297,10849.2
1,2,gate_proj,GPU,413448,417059,3611.12
1,2,Linear,Logic,413448,417059,3611.12
1,2,activation,Logic,417059,417075,15.8195
1,2,up_proj,GPU,417075,420686,3611.12
1,2,Linear,Logic,417075,420686,3611.12
1,2,down_proj,GPU,420686,424297,3611.12
1,2,Linear,Logic,420686,424297,3611.12
1,2,expert_FFN_4,GPU,379569,423032,43463
1,2,gate_proj,GPU,379569,394028,14459.5
1,2,Linear,GPU,379569,394028,14459.5
1,2,activation,GPU,394028,394112,84.3708
1,2,up_proj,GPU,394112,408572,14459.5
1,2,Linear,GPU,394112,408572,14459.5
1,2,down_proj,GPU,408572,423032,14459.5
1,2,Linear,GPU,408572,423032,14459.5
1,2,expert_FFN_5,GPU,423032,466727,43695
1,2,gate_proj,GPU,423032,437544,14512.3
1,2,Linear,GPU,423032,437544,14512.3
1,2,activation,GPU,437544,437702,158.195
1,2,up_proj,GPU,437702,452214,14512.3
1,2,Linear,GPU,437702,452214,14512.3
1,2,down_proj,GPU,452214,466727,14512.3
1,2,Linear,GPU,452214,466727,14512.3
1,2,expert_FFN_6,GPU,424297,435163,10865.7
1,2,gate_proj,GPU,424297,427912,3614.89
1,2,Linear,Logic,424297,427912,3614.89
1,2,activation,Logic,427912,427933,21.0927
1,2,up_proj,GPU,427933,431548,3614.89
1,2,Linear,Logic,427933,431548,3614.89
1,2,down_proj,GPU,431548,435163,3614.89
1,2,Linear,Logic,431548,435163,3614.89
1,2,expert_FFN_7,GPU,435163,446004,10840.9
1,2,gate_proj,GPU,435163,438772,3609.24
1,2,Linear,Logic,435163,438772,3609.24
1,2,activation,Logic,438772,438786,13.1829
1,2,up_proj,GPU,438786,442395,3609.24
1,2,Linear,Logic,438786,442395,3609.24
1,2,down_proj,GPU,442395,446004,3609.24
1,2,Linear,Logic,442395,446004,3609.24
1,2,sync_2,GPU,466727,466727,0
1,2,sync__set,GPU,466727,466727,0
1,2,sync__,GPU,466727,466727,0
1,2,moe_all_reduce_for_e_tp,GPU,466727,487348,20621.4
1,2,sync_3,GPU,487348,487348,0
1,2,sync__set,GPU,487348,487348,0
1,2,sync__,GPU,487348,487348,0
1,2,moe_gather,GPU,487348,487348,0
1,2,sync_for_moe_gather,GPU,487348,487348,0
1,2,sync__set,GPU,487348,487348,0
1,2,sync__,GPU,487348,487348,0
1,2,moe_all_reduce_for_gather,GPU,487348,507969,20621.4
1,2,sync_5,GPU,507969,507969,0
1,2,sync__set,GPU,507969,507969,0
1,2,sync__,GPU,507969,507969,0
1,2,sync_6,GPU,507969,507969,0
1,2,sync__set,GPU,507969,507969,0
1,2,sync__,GPU,507969,507969,0
1,2,residual_2,GPU,507969,508231,261.148
1,3,MoE_decoder_3,GPU,508231,677740,169510
1,3,input_layer_norm,GPU,508231,508492,261.148
1,3,attention,GPU,508492,548362,39870
1,3,attn_qkv_proj,GPU,508492,514840,6347.9
1,3,Linear,GPU,508492,514840,6347.9
1,3,self_attention,GPU,514840,523466,8625.91
1,3,AttentionSplit,GPU,514840,514840,0
1,3,AttentionSum,GPU,514840,514840,0
1,3,AttentionGen,Logic,514840,523466,8625.91
1,3,AttentionMerge,GPU,523466,523466,0
1,3,attn_o_proj,GPU,523466,527740,4274.79
1,3,Linear,GPU,523466,527740,4274.79
1,3,all_reduce,GPU,527740,548362,20621.4
1,3,residual_1,GPU,548362,548623,261.148
1,3,post_attn_layer_norm,GPU,548623,548884,261.148
1,3,expertFFN,GPU,548884,677479,128595
1,3,sync_0,GPU,548884,548884,0
1,3,sync__set,GPU,548884,548884,0
1,3,sync__,GPU,548884,548884,0
1,3,gate_fn,GPU,548884,549045,160.957
1,3,Linear,GPU,548884,549045,160.957
1,3,gate_update,GPU,549045,549045,0
1,3,moe_scatter,GPU,549045,549045,0
1,3,sync_for_moe_scatter,GPU,549045,549045,0
1,3,sync__set,GPU,549045,549045,0
1,3,sync__,GPU,549045,549045,0
1,3,moe_route,GPU,549045,549045,0
1,3,expert_FFN_0,GPU,549045,561218,12173.1
1,3,gate_proj,GPU,549045,553095,4049.8
1,3,Linear,Logic,549045,553095,4049.8
1,3,activation,Logic,553095,553119,23.7293
1,3,up_proj,GPU,553119,557168,4049.8
1,3,Linear,Logic,553119,557168,4049.8
1,3,down_proj,GPU,557168,561218,4049.8
1,3,Linear,Logic,557168,561218,4049.8
1,3,expert_FFN_1,GPU,561218,572051,10832.6
1,3,gate_proj,GPU,561218,564825,3607.35
1,3,Linear,Logic,561218,564825,3607.35
1,3,activation,Logic,564825,564836,10.5463
1,3,up_proj,GPU,564836,568443,3607.35
1,3,Linear,Logic,564836,568443,3607.35
1,3,down_proj,GPU,568443,572051,3607.35
1,3,Linear,Logic,568443,572051,3607.35
1,3,expert_FFN_2,GPU,549045,592641,43595.6
1,3,gate_proj,GPU,549045,563535,14489.7
1,3,Linear,GPU,549045,563535,14489.7
1,3,activation,GPU,563535,563661,126.556
1,3,up_proj,GPU,563661,578151,14489.7
1,3,Linear,GPU,563661,578151,14489.7
1,3,down_proj,GPU,578151,592641,14489.7
1,3,Linear,GPU,578151,592641,14489.7
1,3,expert_FFN_3,GPU,592641,636236,43595.6
1,3,gate_proj,GPU,592641,607130,14489.7
1,3,Linear,GPU,592641,607130,14489.7
1,3,activation,GPU,607130,607257,126.556
1,3,up_proj,GPU,607257,621746,14489.7
1,3,Linear,GPU,607257,621746,14489.7
1,3,down_proj,GPU,621746,636236,14489.7
1,3,Linear,GPU,621746,636236,14489.7
1,3,expert_FFN_4,GPU,572051,582867,10816
1,3,gate_proj,GPU,572051,575654,3603.59
1,3,Linear,Logic,572051,575654,3603.59
1,3,activation,Logic,575654,575660,5.27317
1,3,up_proj,GPU,575660,579263,3603.59
1,3,Linear,Logic,575660,579263,3603.59
1,3,down_proj,GPU,579263,582867,3603.59
1,3,Linear,Logic,579263,582867,3603.59
1,3,expert_FFN_5,GPU,582867,593724,10857.5
1,3,gate_proj,GPU,582867,586480,3613
1,3,Linear,Logic,582867,586480,3613
1,3,activation,Logic,586480,586498,18.4561
1,3,up_proj,GPU,586498,590111,3613
1,3,Linear,Logic,586498,590111,3613
1,3,down_proj,GPU,590111,593724,3613
1,3,Linear,Logic,590111,593724,3613
1,3,expert_FFN_6,GPU,593724,605897,12173.1
1,3,gate_proj,GPU,593724,597774,4049.8
1,3,Linear,Logic,593724,597774,4049.8
1,3,activation,Logic,597774,597798,23.7293
1,3,up_proj,GPU,597798,601848,4049.8
1,3,Linear,Logic,597798,601848,4049.8
1,3,down_proj,GPU,601848,605897,4049.8
1,3,Linear,Logic,601848,605897,4049.8
1,3,expert_FFN_7,GPU,605897,618070,12173.1
1,3,gate_proj,GPU,605897,609947,4049.8
1,3,Linear,Logic,605897,609947,4049.8
1,3,activation,Logic,609947,609971,23.7293
1,3,up_proj,GPU,609971,614021,4049.8
1,3,Linear,Logic,609971,614021,4049.8
1,3,down_proj,GPU,614021,618070,4049.8
1,3,Linear,Logic,614021,618070,4049.8
1,3,sync_2,GPU,636236,636236,0
1,3,sync__set,GPU,636236,636236,0
1,3,sync__,GPU,636236,636236,0
1,3,moe_all_reduce_for_e_tp,GPU,636236,656858,20621.4
1,3,sync_3,GPU,656858,656858,0
1,3,sync__set,GPU,656858,656858,0
1,3,sync__,GPU,656858,656858,0
1,3,moe_gather,GPU,656858,656858,0
1,3,sync_for_moe_gather,GPU,656858,656858,0
1,3,sync__set,GPU,656858,656858,0
1,3,sync__,GPU,656858,656858,0
1,3,moe_all_reduce_for_gather,GPU,656858,677479,20621.4
1,3,sync_5,GPU,677479,677479,0
1,3,sync__set,GPU,677479,677479,0
1,3,sync__,GPU,677479,677479,0
1,3,sync_6,GPU,677479,677479,0
1,3,sync__set,GPU,677479,677479,0
1,3,sync__,GPU,677479,677479,0
1,3,residual_2,GPU,677479,677740,261.148
1,4,MoE_decoder_4,GPU,677740,847117,169377
1,4,input_layer_norm,GPU,677740,678001,261.148
1,4,attention,GPU,678001,717871,39870
1,4,attn_qkv_proj,GPU,678001,684349,6347.9
1,4,Linear,GPU,678001,684349,6347.9
1,4,self_attention,GPU,684349,692975,8625.91
1,4,AttentionSplit,GPU,684349,684349,0
1,4,AttentionSum,GPU,684349,684349,0
1,4,AttentionGen,Logic,684349,692975,8625.91
1,4,AttentionMerge,GPU,692975,692975,0
1,4,attn_o_proj,GPU,692975,697250,4274.79
1,4,Linear,GPU,692975,697250,4274.79
1,4,all_reduce,GPU,697250,717871,20621.4
1,4,residual_1,GPU,717871,718132,261.148
1,4,post_attn_layer_norm,GPU,718132,718394,261.148
1,4,expertFFN,GPU,718394,846856,128462
1,4,sync_0,GPU,718394,718394,0
1,4,sync__set,GPU,718394,718394,0
1,4,sync__,GPU,718394,718394,0
1,4,gate_fn,GPU,718394,718555,160.957
1,4,Linear,GPU,718394,718555,160.957
1,4,gate_update,GPU,718555,718555,0
1,4,moe_scatter,GPU,718555,718555,0
1,4,sync_for_moe_scatter,GPU,718555,718555,0
1,4,sync__set,GPU,718555,718555,0
1,4,sync__,GPU,718555,718555,0
1,4,moe_route,GPU,718555,718555,0
1,4,expert_FFN_0,GPU,718555,729395,10840.9
1,4,gate_proj,GPU,718555,722164,3609.24
1,4,Linear,Logic,718555,722164,3609.24
1,4,activation,Logic,722164,722177,13.1829
1,4,up_proj,GPU,722177,725786,3609.24
1,4,Linear,Logic,722177,725786,3609.24
1,4,down_proj,GPU,725786,729395,3609.24
1,4,Linear,Logic,725786,729395,3609.24
1,4,expert_FFN_1,GPU,729395,744274,14878.3
1,4,gate_proj,GPU,729395,734345,4949.75
1,4,Linear,Logic,729395,734345,4949.75
1,4,activation,Logic,734345,734374,29.0025
1,4,up_proj,GPU,734374,739324,4949.75
1,4,Linear,Logic,734374,739324,4949.75
1,4,down_proj,GPU,739324,744274,4949.75
1,4,Linear,Logic,739324,744274,4949.75
1,4,expert_FFN_2,GPU,744274,755115,10840.9
1,4,gate_proj,GPU,744274,747883,3609.24
1,4,Linear,Logic,744274,747883,3609.24
1,4,activation,Logic,747883,747896,13.1829
1,4,up_proj,GPU,747896,751505,3609.24
1,4,Linear,Logic,747896,751505,3609.24
1,4,down_proj,GPU,751505,755115,3609.24
1,4,Linear,Logic,751505,755115,3609.24
1,4,expert_FFN_3,GPU,755115,765972,10857.5
1,4,gate_proj,GPU,755115,758728,3613
1,4,Linear,Logic,755115,758728,3613
1,4,activation,Logic,758728,758746,18.4561
1,4,up_proj,GPU,758746,762359,3613
1,4,Linear,Logic,758746,762359,3613
1,4,down_proj,GPU,762359,765972,3613
1,4,Linear,Logic,762359,765972,3613
1,4,expert_FFN_4,GPU,765972,780850,14878.3
1,4,gate_proj,GPU,765972,770922,4949.75
1,4,Linear,Logic,765972,770922,4949.75
1,4,activation,Logic,770922,770951,29.0025
1,4,up_proj,GPU,770951,775901,4949.75
1,4,Linear,Logic,770951,775901,4949.75
1,4,down_proj,GPU,775901,780850,4949.75
1,4,Linear,Logic,775901,780850,4949.75
1,4,expert_FFN_5,GPU,780850,791691,10840.9
1,4,gate_proj,GPU,780850,784460,3609.24
1,4,Linear,Logic,780850,784460,3609.24
1,4,activation,Logic,784460,784473,13.1829
1,4,up_proj,GPU,784473,788082,3609.24
1,4,Linear,Logic,784473,788082,3609.24
1,4,down_proj,GPU,788082,791691,3609.24
1,4,Linear,Logic,788082,791691,3609.24
1,4,expert_FFN_6,GPU,718555,762084,43529.3
1,4,gate_proj,GPU,718555,733029,14474.6
1,4,Linear,GPU,718555,733029,14474.6
1,4,activation,GPU,733029,733135,105.463
1,4,up_proj,GPU,733135,747609,14474.6
1,4,Linear,GPU,733135,747609,14474.6
1,4,down_proj,GPU,747609,762084,14474.6
1,4,Linear,GPU,747609,762084,14474.6
1,4,expert_FFN_7,GPU,762084,805613,43529.3
1,4,gate_proj,GPU,762084,776559,14474.6
1,4,Linear,GPU,762084,776559,14474.6
1,4,activation,GPU,776559,776664,105.463
1,4,up_proj,GPU,776664,791139,14474.6
1,4,Linear,GPU,776664,791139,14474.6
1,4,down_proj,GPU,791139,805613,14474.6
1,4,Linear,GPU,791139,805613,14474.6
1,4,sync_2,GPU,805613,805613,0
1,4,sync__set,GPU,805613,805613,0
1,4,sync__,GPU,805613,805613,0
1,4,moe_all_reduce_for_e_tp,GPU,805613,826235,20621.4
1,4,sync_3,GPU,826235,826235,0
1,4,sync__set,GPU,826235,826235,0
1,4,sync__,GPU,826235,826235,0
1,4,moe_gather,GPU,826235,826235,0
1,4,sync_for_moe_gather,GPU,826235,826235,0
1,4,sync__set,GPU,826235,826235,0
1,4,sync__,GPU,826235,826235,0
1,4,moe_all_reduce_for_gather,GPU,826235,846856,20621.4
1,4,sync_5,GPU,846856,846856,0
1,4,sync__set,GPU,846856,846856,0
1,4,sync__,GPU,846856,846856,0
1,4,sync_6,GPU,846856,846856,0
1,4,sync__set,GPU,846856,846856,0
1,4,sync__,GPU,846856,846856,0
1,4,residual_2,GPU,846856,847117,261.148
1,5,MoE_decoder_5,GPU,847117,1.01653e+06,169410
1,5,input_layer_norm,GPU,847117,847378,261.148
1,5,attention,GPU,847378,887248,39870
1,5,attn_qkv_proj,GPU,847378,853726,6347.9
1,5,Linear,GPU,847378,853726,6347.9
1,5,self_attention,GPU,853726,862352,8625.91
1,5,AttentionSplit,GPU,853726,853726,0
1,5,AttentionSum,GPU,853726,853726,0
1,5,AttentionGen,Logic,853726,862352,8625.91
1,5,AttentionMerge,GPU,862352,862352,0
1,5,attn_o_proj,GPU,862352,866627,4274.79
1,5,Linear,GPU,862352,866627,4274.79
1,5,all_reduce,GPU,866627,887248,20621.4
1,5,residual_1,GPU,887248,887510,261.148
1,5,post_attn_layer_norm,GPU,887510,887771,261.148
1,5,expertFFN,GPU,887771,1.01627e+06,128496
1,5,sync_0,GPU,887771,887771,0
1,5,sync__set,GPU,887771,887771,0
1,5,sync__,GPU,887771,887771,0
1,5,gate_fn,GPU,887771,887932,160.957
1,5,Linear,GPU,887771,887932,160.957
1,5,gate_update,GPU,887932,887932,0
1,5,moe_scatter,GPU,887932,887932,0
1,5,sync_for_moe_scatter,GPU,887932,887932,0
1,5,sync__set,GPU,887932,887932,0
1,5,sync__,GPU,887932,887932,0
1,5,moe_route,GPU,887932,887932,0
1,5,expert_FFN_0,GPU,887932,901457,13525.7
1,5,gate_proj,GPU,887932,892431,4499.77
1,5,Linear,Logic,887932,892431,4499.77
1,5,activation,Logic,892431,892458,26.3659
1,5,up_proj,GPU,892458,896958,4499.77
1,5,Linear,Logic,892458,896958,4499.77
1,5,down_proj,GPU,896958,901457,4499.77
1,5,Linear,Logic,896958,901457,4499.77
1,5,expert_FFN_1,GPU,901457,912298,10840.9
1,5,gate_proj,GPU,901457,905067,3609.24
1,5,Linear,Logic,901457,905067,3609.24
1,5,activation,Logic,905067,905080,13.1829
1,5,up_proj,GPU,905080,908689,3609.24
1,5,Linear,Logic,905080,908689,3609.24
1,5,down_proj,GPU,908689,912298,3609.24
1,5,Linear,Logic,908689,912298,3609.24
1,5,expert_FFN_2,GPU,912298,924471,12173.1
1,5,gate_proj,GPU,912298,916348,4049.8
1,5,Linear,Logic,912298,916348,4049.8
1,5,activation,Logic,916348,916372,23.7293
1,5,up_proj,GPU,916372,920422,4049.8
1,5,Linear,Logic,916372,920422,4049.8
1,5,down_proj,GPU,920422,924471,4049.8
1,5,Linear,Logic,920422,924471,4049.8
1,5,expert_FFN_3,GPU,924471,935321,10849.2
1,5,gate_proj,GPU,924471,928082,3611.12
1,5,Linear,Logic,924471,928082,3611.12
1,5,activation,Logic,928082,928098,15.8195
1,5,up_proj,GPU,928098,931709,3611.12
1,5,Linear,Logic,928098,931709,3611.12
1,5,down_proj,GPU,931709,935321,3611.12
1,5,Linear,Logic,931709,935321,3611.12
1,5,expert_FFN_4,GPU,887932,931494,43562.4
1,5,gate_proj,GPU,887932,902414,14482.1
1,5,Linear,GPU,887932,902414,14482.1
1,5,activation,GPU,902414,902530,116.01
1,5,up_proj,GPU,902530,917012,14482.1
1,5,Linear,GPU,902530,917012,14482.1
1,5,down_proj,GPU,917012,931494,14482.1
1,5,Linear,GPU,917012,931494,14482.1
1,5,expert_FFN_5,GPU,931494,975023,43529.3
1,5,gate_proj,GPU,931494,945969,14474.6
1,5,Linear,GPU,931494,945969,14474.6
1,5,activation,GPU,945969,946074,105.463
1,5,up_proj,GPU,946074,960549,14474.6
1,5,Linear,GPU,946074,960549,14474.6
1,5,down_proj,GPU,960549,975023,14474.6
1,5,Linear,GPU,960549,975023,14474.6
1,5,expert_FFN_6,GPU,935321,946170,10849.2
1,5,gate_proj,GPU,935321,938932,3611.12
1,5,Linear,Logic,935321,938932,3611.12
1,5,activation,Logic,938932,938947,15.8195
1,5,up_proj,GPU,938947,942559,3611.12
1,5,Linear,Logic,938947,942559,3611.12
1,5,down_proj,GPU,942559,946170,3611.12
1,5,Linear,Logic,942559,946170,3611.12
1,5,expert_FFN_7,GPU,946170,957027,10857.5
1,5,gate_proj,GPU,946170,949783,3613
1,5,Linear,Logic,946170,949783,3613
1,5,activation,Logic,949783,949801,18.4561
1,5,up_proj,GPU,949801,953414,3613
1,5,Linear,Logic,949801,953414,3613
1,5,down_proj,GPU,953414,957027,3613
1,5,Linear,Logic,953414,957027,3613
1,5,sync_2,GPU,975023,975023,0
1,5,sync__set,GPU,975023,975023,0
1,5,sync__,GPU,975023,975023,0
1,5,moe_all_reduce_for_e_tp,GPU,975023,995645,20621.4
1,5,sync_3,GPU,995645,995645,0
1,5,sync__set,GPU,995645,995645,0
1,5,sync__,GPU,995645,995645,0
1,5,moe_gather,GPU,995645,995645,0
1,5,sync_for_moe_gather,GPU,995645,995645,0
1,5,sync__set,GPU,995645,995645,0
1,5,sync__,GPU,995645,995645,0
1,5,moe_all_reduce_for_gather,GPU,995645,1.01627e+06,20621.4
1,5,sync_5,GPU,1.01627e+06,1.01627e+06,0
1,5,sync__set,GPU,1.01627e+06,1.01627e+06,0
1,5,sync__,GPU,1.01627e+06,1.01627e+06,0
1,5,sync_6,GPU,1.01627e+06,1.01627e+06,0
1,5,sync__set,GPU,1.01627e+06,1.01627e+06,0
1,5,sync__,GPU,1.01627e+06,1.01627e+06,0
1,5,residual_2,GPU,1.01627e+06,1.01653e+06,261.148
1,6,MoE_decoder_6,GPU,1.01653e+06,1.186e+06,169476
1,6,input_layer_norm,GPU,1.01653e+06,1.01679e+06,261.148
1,6,attention,GPU,1.01679e+06,1.05666e+06,39870
1,6,attn_qkv_proj,GPU,1.01679e+06,1.02314e+06,6347.9
1,6,Linear,GPU,1.01679e+06,1.02314e+06,6347.9
1,6,self_attention,GPU,1.02314e+06,1.03176e+06,8625.91
1,6,AttentionSplit,GPU,1.02314e+06,1.02314e+06,0
1,6,AttentionSum,GPU,1.02314e+06,1.02314e+06,0
1,6,AttentionGen,Logic,1.02314e+06,1.03176e+06,8625.91
1,6,AttentionMerge,GPU,1.03176e+06,1.03176e+06,0
1,6,attn_o_proj,GPU,1.03176e+06,1.03604e+06,4274.79
1,6,Linear,GPU,1.03176e+06,1.03604e+06,4274.79
1,6,all_reduce,GPU,1.03604e+06,1.05666e+06,20621.4
1,6,residual_1,GPU,1.05666e+06,1.05692e+06,261.148
1,6,post_attn_layer_norm,GPU,1.05692e+06,1.05718e+06,261.148
1,6,expertFFN,GPU,1.05718e+06,1.18574e+06,128562
1,6,sync_0,GPU,1.05718e+06,1.05718e+06,0
1,6,sync__set,GPU,1.05718e+06,1.05718e+06,0
1,6,sync__,GPU,1.05718e+06,1.05718e+06,0
1,6,gate_fn,GPU,1.05718e+06,1.05734e+06,160.957
1,6,Linear,GPU,1.05718e+06,1.05734e+06,160.957
1,6,gate_update,GPU,1.05734e+06,1.05734e+06,0
1,6,moe_scatter,GPU,1.05734e+06,1.05734e+06,0
1,6,sync_for_moe_scatter,GPU,1.05734e+06,1.05734e+06,0
1,6,sync__set,GPU,1.05734e+06,1.05734e+06,0
1,6,sync__,GPU,1.05734e+06,1.05734e+06,0
1,6,moe_route,GPU,1.05734e+06,1.05734e+06,0
1,6,expert_FFN_0,GPU,1.05734e+06,1.06951e+06,12173.1
1,6,gate_proj,GPU,1.05734e+06,1.06139e+06,4049.8
1,6,Linear,Logic,1.05734e+06,1.06139e+06,4049.8
1,6,activation,Logic,1.06139e+06,1.06142e+06,23.7293
1,6,up_proj,GPU,1.06142e+06,1.06547e+06,4049.8
1,6,Linear,Logic,1.06142e+06,1.06547e+06,4049.8
1,6,down_proj,GPU,1.06547e+06,1.06951e+06,4049.8
1,6,Linear,Logic,1.06547e+06,1.06951e+06,4049.8
1,6,expert_FFN_1,GPU,1.06951e+06,1.08037e+06,10857.5
1,6,gate_proj,GPU,1.06951e+06,1.07313e+06,3613
1,6,Linear,Logic,1.06951e+06,1.07313e+06,3613
1,6,activation,Logic,1.07313e+06,1.07315e+06,18.4561
1,6,up_proj,GPU,1.07315e+06,1.07676e+06,3613
1,6,Linear,Logic,1.07315e+06,1.07676e+06,3613
1,6,down_proj,GPU,1.07676e+06,1.08037e+06,3613
1,6,Linear,Logic,1.07676e+06,1.08037e+06,3613
1,6,expert_FFN_2,GPU,1.05734e+06,1.10097e+06,43628.7
1,6,gate_proj,GPU,1.05734e+06,1.07184e+06,14497.2
1,6,Linear,GPU,1.05734e+06,1.07184e+06,14497.2
1,6,activation,GPU,1.07184e+06,1.07198e+06,137.103
1,6,up_proj,GPU,1.07198e+06,1.08647e+06,14497.2
1,6,Linear,GPU,1.07198e+06,1.08647e+06,14497.2
1,6,down_proj,GPU,1.08647e+06,1.10097e+06,14497.2
1,6,Linear,GPU,1.08647e+06,1.10097e+06,14497.2
1,6,expert_FFN_3,GPU,1.10097e+06,1.1445e+06,43529.3
1,6,gate_proj,GPU,1.10097e+06,1.11545e+06,14474.6
1,6,Linear,GPU,1.10097e+06,1.11545e+06,14474.6
1,6,activation,GPU,1.11545e+06,1.11555e+06,105.463
1,6,up_proj,GPU,1.11555e+06,1.13003e+06,14474.6
1,6,Linear,GPU,1.11555e+06,1.13003e+06,14474.6
1,6,down_proj,GPU,1.13003e+06,1.1445e+06,14474.6
1,6,Linear,GPU,1.13003e+06,1.1445e+06,14474.6
1,6,expert_FFN_4,GPU,1.08037e+06,1.09121e+06,10840.9
1,6,gate_proj,GPU,1.08037e+06,1.08398e+06,3609.24
1,6,Linear,Logic,1.08037e+06,1.08398e+06,3609.24
1,6,activation,Logic,1.08398e+06,1.08399e+06,13.1829
1,6,up_proj,GPU,1.08399e+06,1.0876e+06,3609.24
1,6,Linear,Logic,1.08399e+06,1.0876e+06,3609.24
1,6,down_proj,GPU,1.0876e+06,1.09121e+06,3609.24
1,6,Linear,Logic,1.0876e+06,1.09121e+06,3609.24
1,6,expert_FFN_5,GPU,1.09121e+06,1.10474e+06,13525.7
1,6,gate_proj,GPU,1.09121e+06,1.09571e+06,4499.77
1,6,Linear,Logic,1.09121e+06,1.09571e+06,4499.77
1,6,activation,Logic,1.09571e+06,1.09574e+06,26.3659
1,6,up_proj,GPU,1.09574e+06,1.10024e+06,4499.77
1,6,Linear,Logic,1.09574e+06,1.10024e+06,4499.77
1,6,down_proj,GPU,1.10024e+06,1.10474e+06,4499.77
1,6,Linear,Logic,1.10024e+06,1.10474e+06,4499.77
1,6,expert_FFN_6,GPU,1.10474e+06,1.11557e+06,10832.6
1,6,gate_proj,GPU,1.10474e+06,1.10835e+06,3607.35
1,6,Linear,Logic,1.10474e+06,1.10835e+06,3607.35
1,6,activation,Logic,1.10835e+06,1.10836e+06,10.5463
1,6,up_proj,GPU,1.10836e+06,1.11196e+06,3607.35
1,6,Linear,Logic,1.10836e+06,1.11196e+06,3607.35
1,6,down_proj,GPU,1.11196e+06,1.11557e+06,3607.35
1,6,Linear,Logic,1.11196e+06,1.11557e+06,3607.35
1,6,expert_FFN_7,GPU,1.11557e+06,1.12642e+06,10849.2
1,6,gate_proj,GPU,1.11557e+06,1.11918e+06,3611.12
1,6,Linear,Logic,1.11557e+06,1.11918e+06,3611.12
1,6,activation,Logic,1.11918e+06,1.1192e+06,15.8195
1,6,up_proj,GPU,1.1192e+06,1.12281e+06,3611.12
1,6,Linear,Logic,1.1192e+06,1.12281e+06,3611.12
1,6,down_proj,GPU,1.12281e+06,1.12642e+06,3611.12
1,6,Linear,Logic,1.12281e+06,1.12642e+06,3611.12
1,6,sync_2,GPU,1.1445e+06,1.1445e+06,0
1,6,sync__set,GPU,1.1445e+06,1.1445e+06,0
1,6,sync__,GPU,1.1445e+06,1.1445e+06,0
1,6,moe_all_reduce_for_e_tp,GPU,1.1445e+06,1.16512e+06,20621.4
1,6,sync_3,GPU,1.16512e+06,1.16512e+06,0
1,6,sync__set,GPU,1.16512e+06,1.16512e+06,0
1,6,sync__,GPU,1.16512e+06,1.16512e+06,0
1,6,moe_gather,GPU,1.16512e+06,1.16512e+06,0
1,6,sync_for_moe_gather,GPU,1.16512e+06,1.16512e+06,0
1,6,sync__set,GPU,1.16512e+06,1.16512e+06,0
1,6,sync__,GPU,1.16512e+06,1.16512e+06,0
1,6,moe_all_reduce_for_gather,GPU,1.16512e+06,1.18574e+06,20621.4
1,6,sync_5,GPU,1.18574e+06,1.18574e+06,0
1,6,sync__set,GPU,1.18574e+06,1.18574e+06,0
1,6,sync__,GPU,1.18574e+06,1.18574e+06,0
1,6,sync_6,GPU,1.18574e+06,1.18574e+06,0
1,6,sync__set,GPU,1.18574e+06,1.18574e+06,0
1,6,sync__,GPU,1.18574e+06,1.18574e+06,0
1,6,residual_2,GPU,1.18574e+06,1.186e+06,261.148
1,7,MoE_decoder_7,GPU,1.186e+06,1.35538e+06,169377
1,7,input_layer_norm,GPU,1.186e+06,1.18627e+06,261.148
1,7,attention,GPU,1.18627e+06,1.22614e+06,39870
1,7,attn_qkv_proj,GPU,1.18627e+06,1.19261e+06,6347.9
1,7,Linear,GPU,1.18627e+06,1.19261e+06,6347.9
1,7,self_attention,GPU,1.19261e+06,1.20124e+06,8625.91
1,7,AttentionSplit,GPU,1.19261e+06,1.19261e+06,0
1,7,AttentionSum,GPU,1.19261e+06,1.19261e+06,0
1,7,AttentionGen,Logic,1.19261e+06,1.20124e+06,8625.91
1,7,AttentionMerge,GPU,1.20124e+06,1.20124e+06,0
1,7,attn_o_proj,GPU,1.20124e+06,1.20551e+06,4274.79
1,7,Linear,GPU,1.20124e+06,1.20551e+06,4274.79
1,7,all_reduce,GPU,1.20551e+06,1.22614e+06,20621.4
1,7,residual_1,GPU,1.22614e+06,1.2264e+06,261.148
1,7,post_attn_layer_norm,GPU,1.2264e+06,1.22666e+06,261.148
1,7,expertFFN,GPU,1.22666e+06,1.35512e+06,128462
1,7,sync_0,GPU,1.22666e+06,1.22666e+06,0
1,7,sync__set,GPU,1.22666e+06,1.22666e+06,0
1,7,sync__,GPU,1.22666e+06,1.22666e+06,0
1,7,gate_fn,GPU,1.22666e+06,1.22682e+06,160.957
1,7,Linear,GPU,1.22666e+06,1.22682e+06,160.957
1,7,gate_update,GPU,1.22682e+06,1.22682e+06,0
1,7,moe_scatter,GPU,1.22682e+06,1.22682e+06,0
1,7,sync_for_moe_scatter,GPU,1.22682e+06,1.22682e+06,0
1,7,sync__set,GPU,1.22682e+06,1.22682e+06,0
1,7,sync__,GPU,1.22682e+06,1.22682e+06,0
1,7,moe_route,GPU,1.22682e+06,1.22682e+06,0
1,7,expert_FFN_0,GPU,1.22682e+06,1.27038e+06,43562.4
1,7,gate_proj,GPU,1.22682e+06,1.2413e+06,14482.1
1,7,Linear,GPU,1.22682e+06,1.2413e+06,14482.1
1,7,activation,GPU,1.2413e+06,1.24142e+06,116.01
1,7,up_proj,GPU,1.24142e+06,1.2559e+06,14482.1
1,7,Linear,GPU,1.24142e+06,1.2559e+06,14482.1
1,7,down_proj,GPU,1.2559e+06,1.27038e+06,14482.1
1,7,Linear,GPU,1.2559e+06,1.27038e+06,14482.1
1,7,expert_FFN_1,GPU,1.27038e+06,1.31388e+06,43496.1
1,7,gate_proj,GPU,1.27038e+06,1.28485e+06,14467.1
1,7,Linear,GPU,1.27038e+06,1.28485e+06,14467.1
1,7,activation,GPU,1.28485e+06,1.28494e+06,94.9171
1,7,up_proj,GPU,1.28494e+06,1.29941e+06,14467.1
1,7,Linear,GPU,1.28494e+06,1.29941e+06,14467.1
1,7,down_proj,GPU,1.29941e+06,1.31388e+06,14467.1
1,7,Linear,GPU,1.29941e+06,1.31388e+06,14467.1
1,7,expert_FFN_2,GPU,1.22682e+06,1.23768e+06,10857.5
1,7,gate_proj,GPU,1.22682e+06,1.23043e+06,3613
1,7,Linear,Logic,1.22682e+06,1.23043e+06,3613
1,7,activation,Logic,1.23043e+06,1.23045e+06,18.4561
1,7,up_proj,GPU,1.23045e+06,1.23406e+06,3613
1,7,Linear,Logic,1.23045e+06,1.23406e+06,3613
1,7,down_proj,GPU,1.23406e+06,1.23768e+06,3613
1,7,Linear,Logic,1.23406e+06,1.23768e+06,3613
1,7,expert_FFN_3,GPU,1.23768e+06,1.24853e+06,10857.5
1,7,gate_proj,GPU,1.23768e+06,1.24129e+06,3613
1,7,Linear,Logic,1.23768e+06,1.24129e+06,3613
1,7,activation,Logic,1.24129e+06,1.24131e+06,18.4561
1,7,up_proj,GPU,1.24131e+06,1.24492e+06,3613
1,7,Linear,Logic,1.24131e+06,1.24492e+06,3613
1,7,down_proj,GPU,1.24492e+06,1.24853e+06,3613
1,7,Linear,Logic,1.24492e+06,1.24853e+06,3613
1,7,expert_FFN_4,GPU,1.24853e+06,1.26071e+06,12173.1
1,7,gate_proj,GPU,1.24853e+06,1.25258e+06,4049.8
1,7,Linear,Logic,1.24853e+06,1.25258e+06,4049.8
1,7,activation,Logic,1.25258e+06,1.25261e+06,23.7293
1,7,up_proj,GPU,1.25261e+06,1.25666e+06,4049.8
1,7,Linear,Logic,1.25261e+06,1.25666e+06,4049.8
1,7,down_proj,GPU,1.25666e+06,1.26071e+06,4049.8
1,7,Linear,Logic,1.25666e+06,1.26071e+06,4049.8
1,7,expert_FFN_5,GPU,1.26071e+06,1.27156e+06,10849.2
1,7,gate_proj,GPU,1.26071e+06,1.26432e+06,3611.12
1,7,Linear,Logic,1.26071e+06,1.26432e+06,3611.12
1,7,activation,Logic,1.26432e+06,1.26433e+06,15.8195
1,7,up_proj,GPU,1.26433e+06,1.26794e+06,3611.12
1,7,Linear,Logic,1.26433e+06,1.26794e+06,3611.12
1,7,down_proj,GPU,1.26794e+06,1.27156e+06,3611.12
1,7,Linear,Logic,1.26794e+06,1.27156e+06,3611.12
1,7,expert_FFN_6,GPU,1.27156e+06,1.28241e+06,10857.5
1,7,gate_proj,GPU,1.27156e+06,1.27517e+06,3613
1,7,Linear,Logic,1.27156e+06,1.27517e+06,3613
1,7,activation,Logic,1.27517e+06,1.27519e+06,18.4561
1,7,up_proj,GPU,1.27519e+06,1.2788e+06,3613
1,7,Linear,Logic,1.27519e+06,1.2788e+06,3613
1,7,down_proj,GPU,1.2788e+06,1.28241e+06,3613
1,7,Linear,Logic,1.2788e+06,1.28241e+06,3613
1,7,expert_FFN_7,GPU,1.28241e+06,1.29328e+06,10865.7
1,7,gate_proj,GPU,1.28241e+06,1.28603e+06,3614.89
1,7,Linear,Logic,1.28241e+06,1.28603e+06,3614.89
1,7,activation,Logic,1.28603e+06,1.28605e+06,21.0927
1,7,up_proj,GPU,1.28605e+06,1.28966e+06,3614.89
1,7,Linear,Logic,1.28605e+06,1.28966e+06,3614.89
1,7,down_proj,GPU,1.28966e+06,1.29328e+06,3614.89
1,7,Linear,Logic,1.28966e+06,1.29328e+06,3614.89
1,7,sync_2,GPU,1.31388e+06,1.31388e+06,0
1,7,sync__set,GPU,1.31388e+06,1.31388e+06,0
1,7,sync__,GPU,1.31388e+06,1.31388e+06,0
1,7,moe_all_reduce_for_e_tp,GPU,1.31388e+06,1.3345e+06,20621.4
1,7,sync_3,GPU,1.3345e+06,1.3345e+06,0
1,7,sync__set,GPU,1.3345e+06,1.3345e+06,0
1,7,sync__,GPU,1.3345e+06,1.3345e+06,0
1,7,moe_gather,GPU,1.3345e+06,1.3345e+06,0
1,7,sync_for_moe_gather,GPU,1.3345e+06,1.3345e+06,0
1,7,sync__set,GPU,1.3345e+06,1.3345e+06,0
1,7,sync__,GPU,1.3345e+06,1.3345e+06,0
1,7,moe_all_reduce_for_gather,GPU,1.3345e+06,1.35512e+06,20621.4
1,7,sync_5,GPU,1.35512e+06,1.35512e+06,0
1,7,sync__set,GPU,1.35512e+06,1.35512e+06,0
1,7,sync__,GPU,1.35512e+06,1.35512e+06,0
1,7,sync_6,GPU,1.35512e+06,1.35512e+06,0
1,7,sync__set,GPU,1.35512e+06,1.35512e+06,0
1,7,sync__,GPU,1.35512e+06,1.35512e+06,0
1,7,residual_2,GPU,1.35512e+06,1.35538e+06,261.148
1,8,MoE_decoder_8,GPU,1.35538e+06,1.52486e+06,169476
1,8,input_layer_norm,GPU,1.35538e+06,1.35564e+06,261.148
1,8,attention,GPU,1.35564e+06,1.39551e+06,39870
1,8,attn_qkv_proj,GPU,1.35564e+06,1.36199e+06,6347.9
1,8,Linear,GPU,1.35564e+06,1.36199e+06,6347.9
1,8,self_attention,GPU,1.36199e+06,1.37062e+06,8625.91
1,8,AttentionSplit,GPU,1.36199e+06,1.36199e+06,0
1,8,AttentionSum,GPU,1.36199e+06,1.36199e+06,0
1,8,AttentionGen,Logic,1.36199e+06,1.37062e+06,8625.91
1,8,AttentionMerge,GPU,1.37062e+06,1.37062e+06,0
1,8,attn_o_proj,GPU,1.37062e+06,1.37489e+06,4274.79
1,8,Linear,GPU,1.37062e+06,1.37489e+06,4274.79
1,8,all_reduce,GPU,1.37489e+06,1.39551e+06,20621.4
1,8,residual_1,GPU,1.39551e+06,1.39577e+06,261.148
1,8,post_attn_layer_norm,GPU,1.39577e+06,1.39603e+06,261.148
1,8,expertFFN,GPU,1.39603e+06,1.5246e+06,128562
1,8,sync_0,GPU,1.39603e+06,1.39603e+06,0
1,8,sync__set,GPU,1.39603e+06,1.39603e+06,0
1,8,sync__,GPU,1.39603e+06,1.39603e+06,0
1,8,gate_fn,GPU,1.39603e+06,1.3962e+06,160.957
1,8,Linear,GPU,1.39603e+06,1.3962e+06,160.957
1,8,gate_update,GPU,1.3962e+06,1.3962e+06,0
1,8,moe_scatter,GPU,1.3962e+06,1.3962e+06,0
1,8,sync_for_moe_scatter,GPU,1.3962e+06,1.3962e+06,0
1,8,sync__set,GPU,1.3962e+06,1.3962e+06,0
1,8,sync__,GPU,1.3962e+06,1.3962e+06,0
1,8,moe_route,GPU,1.3962e+06,1.3962e+06,0
1,8,expert_FFN_0,GPU,1.3962e+06,1.43982e+06,43628.7
1,8,gate_proj,GPU,1.3962e+06,1.41069e+06,14497.2
1,8,Linear,GPU,1.3962e+06,1.41069e+06,14497.2
1,8,activation,GPU,1.41069e+06,1.41083e+06,137.103
1,8,up_proj,GPU,1.41083e+06,1.42533e+06,14497.2
1,8,Linear,GPU,1.41083e+06,1.42533e+06,14497.2
1,8,down_proj,GPU,1.42533e+06,1.43982e+06,14497.2
1,8,Linear,GPU,1.42533e+06,1.43982e+06,14497.2
1,8,expert_FFN_1,GPU,1.43982e+06,1.48335e+06,43529.3
1,8,gate_proj,GPU,1.43982e+06,1.4543e+06,14474.6
1,8,Linear,GPU,1.43982e+06,1.4543e+06,14474.6
1,8,activation,GPU,1.4543e+06,1.4544e+06,105.463
1,8,up_proj,GPU,1.4544e+06,1.46888e+06,14474.6
1,8,Linear,GPU,1.4544e+06,1.46888e+06,14474.6
1,8,down_proj,GPU,1.46888e+06,1.48335e+06,14474.6
1,8,Linear,GPU,1.46888e+06,1.48335e+06,14474.6
1,8,expert_FFN_2,GPU,1.3962e+06,1.40837e+06,12173.1
1,8,gate_proj,GPU,1.3962e+06,1.40025e+06,4049.8
1,8,Linear,Logic,1.3962e+06,1.40025e+06,4049.8
1,8,activation,Logic,1.40025e+06,1.40027e+06,23.7293
1,8,up_proj,GPU,1.40027e+06,1.40432e+06,4049.8
1,8,Linear,Logic,1.40027e+06,1.40432e+06,4049.8
1,8,down_proj,GPU,1.40432e+06,1.40837e+06,4049.8
1,8,Linear,Logic,1.40432e+06,1.40837e+06,4049.8
1,8,expert_FFN_3,GPU,1.40837e+06,1.41923e+06,10865.7
1,8,gate_proj,GPU,1.40837e+06,1.41198e+06,3614.89
1,8,Linear,Logic,1.40837e+06,1.41198e+06,3614.89
1,8,activation,Logic,1.41198e+06,1.412e+06,21.0927
1,8,up_proj,GPU,1.412e+06,1.41562e+06,3614.89
1,8,Linear,Logic,1.412e+06,1.41562e+06,3614.89
1,8,down_proj,GPU,1.41562e+06,1.41923e+06,3614.89
1,8,Linear,Logic,1.41562e+06,1.41923e+06,3614.89
1,8,expert_FFN_4,GPU,1.41923e+06,1.43276e+06,13525.7
1,8,gate_proj,GPU,1.41923e+06,1.42373e+06,4499.77
1,8,Linear,Logic,1.41923e+06,1.42373e+06,4499.77
1,8,activation,Logic,1.42373e+06,1.42376e+06,26.3659
1,8,up_proj,GPU,1.42376e+06,1.42826e+06,4499.77
1,8,Linear,Logic,1.42376e+06,1.42826e+06,4499.77
1,8,down_proj,GPU,1.42826e+06,1.43276e+06,4499.77
1,8,Linear,Logic,1.42826e+06,1.43276e+06,4499.77
1,8,expert_FFN_5,GPU,1.43276e+06,1.4436e+06,10840.9
1,8,gate_proj,GPU,1.43276e+06,1.43637e+06,3609.24
1,8,Linear,Logic,1.43276e+06,1.43637e+06,3609.24
1,8,activation,Logic,1.43637e+06,1.43638e+06,13.1829
1,8,up_proj,GPU,1.43638e+06,1.43999e+06,3609.24
1,8,Linear,Logic,1.43638e+06,1.43999e+06,3609.24
1,8,down_proj,GPU,1.43999e+06,1.4436e+06,3609.24
1,8,Linear,Logic,1.43999e+06,1.4436e+06,3609.24
1,8,expert_FFN_6,GPU,1.4436e+06,1.45445e+06,10849.2
1,8,gate_proj,GPU,1.4436e+06,1.44721e+06,3611.12
1,8,Linear,Logic,1.4436e+06,1.44721e+06,3611.12
1,8,activation,Logic,1.44721e+06,1.44723e+06,15.8195
1,8,up_proj,GPU,1.44723e+06,1.45084e+06,3611.12
1,8,Linear,Logic,1.44723e+06,1.45084e+06,3611.12
1,8,down_proj,GPU,1.45084e+06,1.45445e+06,3611.12
1,8,Linear,Logic,1.45084e+06,1.45445e+06,3611.12
1,8,expert_FFN_7,GPU,1.45445e+06,1.46527e+06,10824.3
1,8,gate_proj,GPU,1.45445e+06,1.45806e+06,3605.47
1,8,Linear,Logic,1.45445e+06,1.45806e+06,3605.47
1,8,activation,Logic,1.45806e+06,1.45806e+06,7.90976
1,8,up_proj,GPU,1.45806e+06,1.46167e+06,3605.47
1,8,Linear,Logic,1.45806e+06,1.46167e+06,3605.47
1,8,down_proj,GPU,1.46167e+06,1.46527e+06,3605.47
1,8,Linear,Logic,1.46167e+06,1.46527e+06,3605.47
1,8,sync_2,GPU,1.48335e+06,1.48335e+06,0
1,8,sync__set,GPU,1.48335e+06,1.48335e+06,0
1,8,sync__,GPU,1.48335e+06,1.48335e+06,0
1,8,moe_all_reduce_for_e_tp,GPU,1.48335e+06,1.50397e+06,20621.4
1,8,sync_3,GPU,1.50397e+06,1.50397e+06,0
1,8,sync__set,GPU,1.50397e+06,1.50397e+06,0
1,8,sync__,GPU,1.50397e+06,1.50397e+06,0
1,8,moe_gather,GPU,1.50397e+06,1.50397e+06,0
1,8,sync_for_moe_gather,GPU,1.50397e+06,1.50397e+06,0
1,8,sync__set,GPU,1.50397e+06,1.50397e+06,0
1,8,sync__,GPU,1.50397e+06,1.50397e+06,0
1,8,moe_all_reduce_for_gather,GPU,1.50397e+06,1.5246e+06,20621.4
1,8,sync_5,GPU,1.5246e+06,1.5246e+06,0
1,8,sync__set,GPU,1.5246e+06,1.5246e+06,0
1,8,sync__,GPU,1.5246e+06,1.5246e+06,0
1,8,sync_6,GPU,1.5246e+06,1.5246e+06,0
1,8,sync__set,GPU,1.5246e+06,1.5246e+06,0
1,8,sync__,GPU,1.5246e+06,1.5246e+06,0
1,8,residual_2,GPU,1.5246e+06,1.52486e+06,261.148
1,9,MoE_decoder_9,GPU,1.52486e+06,1.69934e+06,174486
1,9,input_layer_norm,GPU,1.52486e+06,1.52512e+06,261.148
1,9,attention,GPU,1.52512e+06,1.56499e+06,39870
1,9,attn_qkv_proj,GPU,1.52512e+06,1.53147e+06,6347.9
1,9,Linear,GPU,1.52512e+06,1.53147e+06,6347.9
1,9,self_attention,GPU,1.53147e+06,1.54009e+06,8625.91
1,9,AttentionSplit,GPU,1.53147e+06,1.53147e+06,0
1,9,AttentionSum,GPU,1.53147e+06,1.53147e+06,0
1,9,AttentionGen,Logic,1.53147e+06,1.54009e+06,8625.91
1,9,AttentionMerge,GPU,1.54009e+06,1.54009e+06,0
1,9,attn_o_proj,GPU,1.54009e+06,1.54437e+06,4274.79
1,9,Linear,GPU,1.54009e+06,1.54437e+06,4274.79
1,9,all_reduce,GPU,1.54437e+06,1.56499e+06,20621.4
1,9,residual_1,GPU,1.56499e+06,1.56525e+06,261.148
1,9,post_attn_layer_norm,GPU,1.56525e+06,1.56551e+06,261.148
1,9,expertFFN,GPU,1.56551e+06,1.69908e+06,133571
1,9,sync_0,GPU,1.56551e+06,1.56551e+06,0
1,9,sync__set,GPU,1.56551e+06,1.56551e+06,0
1,9,sync__,GPU,1.56551e+06,1.56551e+06,0
1,9,gate_fn,GPU,1.56551e+06,1.56567e+06,160.957
1,9,Linear,GPU,1.56551e+06,1.56567e+06,160.957
1,9,gate_update,GPU,1.56567e+06,1.56567e+06,0
1,9,moe_scatter,GPU,1.56567e+06,1.56567e+06,0
1,9,sync_for_moe_scatter,GPU,1.56567e+06,1.56567e+06,0
1,9,sync__set,GPU,1.56567e+06,1.56567e+06,0
1,9,sync__,GPU,1.56567e+06,1.56567e+06,0
1,9,moe_route,GPU,1.56567e+06,1.56567e+06,0
1,9,expert_FFN_0,GPU,1.56567e+06,1.57784e+06,12173.1
1,9,gate_proj,GPU,1.56567e+06,1.56972e+06,4049.8
1,9,Linear,Logic,1.56567e+06,1.56972e+06,4049.8
1,9,activation,Logic,1.56972e+06,1.56975e+06,23.7293
1,9,up_proj,GPU,1.56975e+06,1.5738e+06,4049.8
1,9,Linear,Logic,1.56975e+06,1.5738e+06,4049.8
1,9,down_proj,GPU,1.5738e+06,1.57784e+06,4049.8
1,9,Linear,Logic,1.5738e+06,1.57784e+06,4049.8
1,9,expert_FFN_1,GPU,1.57784e+06,1.58871e+06,10865.7
1,9,gate_proj,GPU,1.57784e+06,1.58146e+06,3614.89
1,9,Linear,Logic,1.57784e+06,1.58146e+06,3614.89
1,9,activation,Logic,1.58146e+06,1.58148e+06,21.0927
1,9,up_proj,GPU,1.58148e+06,1.5851e+06,3614.89
1,9,Linear,Logic,1.58148e+06,1.5851e+06,3614.89
1,9,down_proj,GPU,1.5851e+06,1.58871e+06,3614.89
1,9,Linear,Logic,1.5851e+06,1.58871e+06,3614.89
1,9,expert_FFN_2,GPU,1.58871e+06,1.59958e+06,10865.7
1,9,gate_proj,GPU,1.58871e+06,1.59233e+06,3614.89
1,9,Linear,Logic,1.58871e+06,1.59233e+06,3614.89
1,9,activation,Logic,1.59233e+06,1.59235e+06,21.0927
1,9,up_proj,GPU,1.59235e+06,1.59596e+06,3614.89
1,9,Linear,Logic,1.59235e+06,1.59596e+06,3614.89
1,9,down_proj,GPU,1.59596e+06,1.59958e+06,3614.89
1,9,Linear,Logic,1.59596e+06,1.59958e+06,3614.89
1,9,expert_FFN_3,GPU,1.59958e+06,1.61043e+06,10857.5
1,9,gate_proj,GPU,1.59958e+06,1.60319e+06,3613
1,9,Linear,Logic,1.59958e+06,1.60319e+06,3613
1,9,activation,Logic,1.60319e+06,1.60321e+06,18.4561
1,9,up_proj,GPU,1.60321e+06,1.60682e+06,3613
1,9,Linear,Logic,1.60321e+06,1.60682e+06,3613
1,9,down_proj,GPU,1.60682e+06,1.61043e+06,3613
1,9,Linear,Logic,1.60682e+06,1.61043e+06,3613
1,9,expert_FFN_4,GPU,1.61043e+06,1.62261e+06,12173.1
1,9,gate_proj,GPU,1.61043e+06,1.61448e+06,4049.8
1,9,Linear,Logic,1.61043e+06,1.61448e+06,4049.8
1,9,activation,Logic,1.61448e+06,1.61451e+06,23.7293
1,9,up_proj,GPU,1.61451e+06,1.61856e+06,4049.8
1,9,Linear,Logic,1.61451e+06,1.61856e+06,4049.8
1,9,down_proj,GPU,1.61856e+06,1.62261e+06,4049.8
1,9,Linear,Logic,1.61856e+06,1.62261e+06,4049.8
1,9,expert_FFN_5,GPU,1.62261e+06,1.63346e+06,10857.5
1,9,gate_proj,GPU,1.62261e+06,1.62622e+06,3613
1,9,Linear,Logic,1.62261e+06,1.62622e+06,3613
1,9,activation,Logic,1.62622e+06,1.62624e+06,18.4561
1,9,up_proj,GPU,1.62624e+06,1.62985e+06,3613
1,9,Linear,Logic,1.62624e+06,1.62985e+06,3613
1,9,down_proj,GPU,1.62985e+06,1.63346e+06,3613
1,9,Linear,Logic,1.62985e+06,1.63346e+06,3613
1,9,expert_FFN_6,GPU,1.63346e+06,1.64431e+06,10849.2
1,9,gate_proj,GPU,1.63346e+06,1.63708e+06,3611.12
1,9,Linear,Logic,1.63346e+06,1.63708e+06,3611.12
1,9,activation,Logic,1.63708e+06,1.63709e+06,15.8195
1,9,up_proj,GPU,1.63709e+06,1.6407e+06,3611.12
1,9,Linear,Logic,1.63709e+06,1.6407e+06,3611.12
1,9,down_proj,GPU,1.6407e+06,1.64431e+06,3611.12
1,9,Linear,Logic,1.6407e+06,1.64431e+06,3611.12
1,9,expert_FFN_7,GPU,1.64431e+06,1.65784e+06,13525.7
1,9,gate_proj,GPU,1.64431e+06,1.64881e+06,4499.77
1,9,Linear,Logic,1.64431e+06,1.64881e+06,4499.77
1,9,activation,Logic,1.64881e+06,1.64884e+06,26.3659
1,9,up_proj,GPU,1.64884e+06,1.65334e+06,4499.77
1,9,Linear,Logic,1.64884e+06,1.65334e+06,4499.77
1,9,down_proj,GPU,1.65334e+06,1.65784e+06,4499.77
1,9,Linear,Logic,1.65334e+06,1.65784e+06,4499.77
1,9,sync_2,GPU,1.65784e+06,1.65784e+06,0
1,9,sync__set,GPU,1.65784e+06,1.65784e+06,0
1,9,sync__,GPU,1.65784e+06,1.65784e+06,0
1,9,moe_all_reduce_for_e_tp,GPU,1.65784e+06,1.67846e+06,20621.4
1,9,sync_3,GPU,1.67846e+06,1.67846e+06,0
1,9,sync__set,GPU,1.67846e+06,1.67846e+06,0
1,9,sync__,GPU,1.67846e+06,1.67846e+06,0
1,9,moe_gather,GPU,1.67846e+06,1.67846e+06,0
1,9,sync_for_moe_gather,GPU,1.67846e+06,1.67846e+06,0
1,9,sync__set,GPU,1.67846e+06,1.67846e+06,0
1,9,sync__,GPU,1.67846e+06,1.67846e+06,0
1,9,moe_all_reduce_for_gather,GPU,1.67846e+06,1.69908e+06,20621.4
1,9,sync_5,GPU,1.69908e+06,1.69908e+06,0
1,9,sync__set,GPU,1.69908e+06,1.69908e+06,0
1,9,sync__,GPU,1.69908e+06,1.69908e+06,0
1,9,sync_6,GPU,1.69908e+06,1.69908e+06,0
1,9,sync__set,GPU,1.69908e+06,1.69908e+06,0
1,9,sync__,GPU,1.69908e+06,1.69908e+06,0
1,9,residual_2,GPU,1.69908e+06,1.69934e+06,261.148
1,10,MoE_decoder_10,GPU,1.69934e+06,1.86865e+06,169311
1,10,input_layer_norm,GPU,1.69934e+06,1.6996e+06,261.148
1,10,attention,GPU,1.6996e+06,1.73947e+06,39870
1,10,attn_qkv_proj,GPU,1.6996e+06,1.70595e+06,6347.9
1,10,Linear,GPU,1.6996e+06,1.70595e+06,6347.9
1,10,self_attention,GPU,1.70595e+06,1.71458e+06,8625.91
1,10,AttentionSplit,GPU,1.70595e+06,1.70595e+06,0
1,10,AttentionSum,GPU,1.70595e+06,1.70595e+06,0
1,10,AttentionGen,Logic,1.70595e+06,1.71458e+06,8625.91
1,10,AttentionMerge,GPU,1.71458e+06,1.71458e+06,0
1,10,attn_o_proj,GPU,1.71458e+06,1.71885e+06,4274.79
1,10,Linear,GPU,1.71458e+06,1.71885e+06,4274.79
1,10,all_reduce,GPU,1.71885e+06,1.73947e+06,20621.4
1,10,residual_1,GPU,1.73947e+06,1.73974e+06,261.148
1,10,post_attn_layer_norm,GPU,1.73974e+06,1.74e+06,261.148
1,10,expertFFN,GPU,1.74e+06,1.86839e+06,128396
1,10,sync_0,GPU,1.74e+06,1.74e+06,0
1,10,sync__set,GPU,1.74e+06,1.74e+06,0
1,10,sync__,GPU,1.74e+06,1.74e+06,0
1,10,gate_fn,GPU,1.74e+06,1.74016e+06,160.957
1,10,Linear,GPU,1.74e+06,1.74016e+06,160.957
1,10,gate_update,GPU,1.74016e+06,1.74016e+06,0
1,10,moe_scatter,GPU,1.74016e+06,1.74016e+06,0
1,10,sync_for_moe_scatter,GPU,1.74016e+06,1.74016e+06,0
1,10,sync__set,GPU,1.74016e+06,1.74016e+06,0
1,10,sync__,GPU,1.74016e+06,1.74016e+06,0
1,10,moe_route,GPU,1.74016e+06,1.74016e+06,0
1,10,expert_FFN_0,GPU,1.74016e+06,1.75639e+06,16230.8
1,10,gate_proj,GPU,1.74016e+06,1.74556e+06,5399.73
1,10,Linear,Logic,1.74016e+06,1.74556e+06,5399.73
1,10,activation,Logic,1.74556e+06,1.74559e+06,31.639
1,10,up_proj,GPU,1.74559e+06,1.75099e+06,5399.73
1,10,Linear,Logic,1.74559e+06,1.75099e+06,5399.73
1,10,down_proj,GPU,1.75099e+06,1.75639e+06,5399.73
1,10,Linear,Logic,1.75099e+06,1.75639e+06,5399.73
1,10,expert_FFN_1,GPU,1.75639e+06,1.76721e+06,10824.3
1,10,gate_proj,GPU,1.75639e+06,1.75999e+06,3605.47
1,10,Linear,Logic,1.75639e+06,1.75999e+06,3605.47
1,10,activation,Logic,1.75999e+06,1.76e+06,7.90976
1,10,up_proj,GPU,1.76e+06,1.76361e+06,3605.47
1,10,Linear,Logic,1.76e+06,1.76361e+06,3605.47
1,10,down_proj,GPU,1.76361e+06,1.76721e+06,3605.47
1,10,Linear,Logic,1.76361e+06,1.76721e+06,3605.47
1,10,expert_FFN_2,GPU,1.76721e+06,1.77807e+06,10857.5
1,10,gate_proj,GPU,1.76721e+06,1.77083e+06,3613
1,10,Linear,Logic,1.76721e+06,1.77083e+06,3613
1,10,activation,Logic,1.77083e+06,1.77084e+06,18.4561
1,10,up_proj,GPU,1.77084e+06,1.77446e+06,3613
1,10,Linear,Logic,1.77084e+06,1.77446e+06,3613
1,10,down_proj,GPU,1.77446e+06,1.77807e+06,3613
1,10,Linear,Logic,1.77446e+06,1.77807e+06,3613
1,10,expert_FFN_3,GPU,1.77807e+06,1.78893e+06,10857.5
1,10,gate_proj,GPU,1.77807e+06,1.78168e+06,3613
1,10,Linear,Logic,1.77807e+06,1.78168e+06,3613
1,10,activation,Logic,1.78168e+06,1.7817e+06,18.4561
1,10,up_proj,GPU,1.7817e+06,1.78531e+06,3613
1,10,Linear,Logic,1.7817e+06,1.78531e+06,3613
1,10,down_proj,GPU,1.78531e+06,1.78893e+06,3613
1,10,Linear,Logic,1.78531e+06,1.78893e+06,3613
1,10,expert_FFN_4,GPU,1.74016e+06,1.78375e+06,43595.6
1,10,gate_proj,GPU,1.74016e+06,1.75465e+06,14489.7
1,10,Linear,GPU,1.74016e+06,1.75465e+06,14489.7
1,10,activation,GPU,1.75465e+06,1.75477e+06,126.556
1,10,up_proj,GPU,1.75477e+06,1.76926e+06,14489.7
1,10,Linear,GPU,1.75477e+06,1.76926e+06,14489.7
1,10,down_proj,GPU,1.76926e+06,1.78375e+06,14489.7
1,10,Linear,GPU,1.76926e+06,1.78375e+06,14489.7
1,10,expert_FFN_5,GPU,1.78375e+06,1.82715e+06,43396.7
1,10,gate_proj,GPU,1.78375e+06,1.7982e+06,14444.5
1,10,Linear,GPU,1.78375e+06,1.7982e+06,14444.5
1,10,activation,GPU,1.7982e+06,1.79826e+06,63.2781
1,10,up_proj,GPU,1.79826e+06,1.81271e+06,14444.5
1,10,Linear,GPU,1.79826e+06,1.81271e+06,14444.5
1,10,down_proj,GPU,1.81271e+06,1.82715e+06,14444.5
1,10,Linear,GPU,1.81271e+06,1.82715e+06,14444.5
1,10,expert_FFN_6,GPU,1.78893e+06,1.8011e+06,12173.1
1,10,gate_proj,GPU,1.78893e+06,1.79298e+06,4049.8
1,10,Linear,Logic,1.78893e+06,1.79298e+06,4049.8
1,10,activation,Logic,1.79298e+06,1.793e+06,23.7293
1,10,up_proj,GPU,1.793e+06,1.79705e+06,4049.8
1,10,Linear,Logic,1.793e+06,1.79705e+06,4049.8
1,10,down_proj,GPU,1.79705e+06,1.8011e+06,4049.8
1,10,Linear,Logic,1.79705e+06,1.8011e+06,4049.8
1,10,expert_FFN_7,GPU,1.8011e+06,1.81197e+06,10865.7
1,10,gate_proj,GPU,1.8011e+06,1.80472e+06,3614.89
1,10,Linear,Logic,1.8011e+06,1.80472e+06,3614.89
1,10,activation,Logic,1.80472e+06,1.80474e+06,21.0927
1,10,up_proj,GPU,1.80474e+06,1.80835e+06,3614.89
1,10,Linear,Logic,1.80474e+06,1.80835e+06,3614.89
1,10,down_proj,GPU,1.80835e+06,1.81197e+06,3614.89
1,10,Linear,Logic,1.80835e+06,1.81197e+06,3614.89
1,10,sync_2,GPU,1.82715e+06,1.82715e+06,0
1,10,sync__set,GPU,1.82715e+06,1.82715e+06,0
1,10,sync__,GPU,1.82715e+06,1.82715e+06,0
1,10,moe_all_reduce_for_e_tp,GPU,1.82715e+06,1.84777e+06,20621.4
1,10,sync_3,GPU,1.84777e+06,1.84777e+06,0
1,10,sync__set,GPU,1.84777e+06,1.84777e+06,0
1,10,sync__,GPU,1.84777e+06,1.84777e+06,0
1,10,moe_gather,GPU,1.84777e+06,1.84777e+06,0
1,10,sync_for_moe_gather,GPU,1.84777e+06,1.84777e+06,0
1,10,sync__set,GPU,1.84777e+06,1.84777e+06,0
1,10,sync__,GPU,1.84777e+06,1.84777e+06,0
1,10,moe_all_reduce_for_gather,GPU,1.84777e+06,1.86839e+06,20621.4
1,10,sync_5,GPU,1.86839e+06,1.86839e+06,0
1,10,sync__set,GPU,1.86839e+06,1.86839e+06,0
1,10,sync__,GPU,1.86839e+06,1.86839e+06,0
1,10,sync_6,GPU,1.86839e+06,1.86839e+06,0
1,10,sync__set,GPU,1.86839e+06,1.86839e+06,0
1,10,sync__,GPU,1.86839e+06,1.86839e+06,0
1,10,residual_2,GPU,1.86839e+06,1.86865e+06,261.148
1,11,MoE_decoder_11,GPU,1.86865e+06,2.038e+06,169344
1,11,input_layer_norm,GPU,1.86865e+06,1.86892e+06,261.148
1,11,attention,GPU,1.86892e+06,1.90879e+06,39870
1,11,attn_qkv_proj,GPU,1.86892e+06,1.87526e+06,6347.9
1,11,Linear,GPU,1.86892e+06,1.87526e+06,6347.9
1,11,self_attention,GPU,1.87526e+06,1.88389e+06,8625.91
1,11,AttentionSplit,GPU,1.87526e+06,1.87526e+06,0
1,11,AttentionSum,GPU,1.87526e+06,1.87526e+06,0
1,11,AttentionGen,Logic,1.87526e+06,1.88389e+06,8625.91
1,11,AttentionMerge,GPU,1.88389e+06,1.88389e+06,0
1,11,attn_o_proj,GPU,1.88389e+06,1.88816e+06,4274.79
1,11,Linear,GPU,1.88389e+06,1.88816e+06,4274.79
1,11,all_reduce,GPU,1.88816e+06,1.90879e+06,20621.4
1,11,residual_1,GPU,1.90879e+06,1.90905e+06,261.148
1,11,post_attn_layer_norm,GPU,1.90905e+06,1.90931e+06,261.148
1,11,expertFFN,GPU,1.90931e+06,2.03774e+06,128429
1,11,sync_0,GPU,1.90931e+06,1.90931e+06,0
1,11,sync__set,GPU,1.90931e+06,1.90931e+06,0
1,11,sync__,GPU,1.90931e+06,1.90931e+06,0
1,11,gate_fn,GPU,1.90931e+06,1.90947e+06,160.957
1,11,Linear,GPU,1.90931e+06,1.90947e+06,160.957
1,11,gate_update,GPU,1.90947e+06,1.90947e+06,0
1,11,moe_scatter,GPU,1.90947e+06,1.90947e+06,0
1,11,sync_for_moe_scatter,GPU,1.90947e+06,1.90947e+06,0
1,11,sync__set,GPU,1.90947e+06,1.90947e+06,0
1,11,sync__,GPU,1.90947e+06,1.90947e+06,0
1,11,moe_route,GPU,1.90947e+06,1.90947e+06,0
1,11,expert_FFN_0,GPU,1.90947e+06,1.9203e+06,10832.6
1,11,gate_proj,GPU,1.90947e+06,1.91308e+06,3607.35
1,11,Linear,Logic,1.90947e+06,1.91308e+06,3607.35
1,11,activation,Logic,1.91308e+06,1.91309e+06,10.5463
1,11,up_proj,GPU,1.91309e+06,1.91669e+06,3607.35
1,11,Linear,Logic,1.91309e+06,1.91669e+06,3607.35
1,11,down_proj,GPU,1.91669e+06,1.9203e+06,3607.35
1,11,Linear,Logic,1.91669e+06,1.9203e+06,3607.35
1,11,expert_FFN_1,GPU,1.9203e+06,1.93117e+06,10865.7
1,11,gate_proj,GPU,1.9203e+06,1.92392e+06,3614.89
1,11,Linear,Logic,1.9203e+06,1.92392e+06,3614.89
1,11,activation,Logic,1.92392e+06,1.92394e+06,21.0927
1,11,up_proj,GPU,1.92394e+06,1.92755e+06,3614.89
1,11,Linear,Logic,1.92394e+06,1.92755e+06,3614.89
1,11,down_proj,GPU,1.92755e+06,1.93117e+06,3614.89
1,11,Linear,Logic,1.92755e+06,1.93117e+06,3614.89
1,11,expert_FFN_2,GPU,1.93117e+06,1.94334e+06,12173.1
1,11,gate_proj,GPU,1.93117e+06,1.93522e+06,4049.8
1,11,Linear,Logic,1.93117e+06,1.93522e+06,4049.8
1,11,activation,Logic,1.93522e+06,1.93524e+06,23.7293
1,11,up_proj,GPU,1.93524e+06,1.93929e+06,4049.8
1,11,Linear,Logic,1.93524e+06,1.93929e+06,4049.8
1,11,down_proj,GPU,1.93929e+06,1.94334e+06,4049.8
1,11,Linear,Logic,1.93929e+06,1.94334e+06,4049.8
1,11,expert_FFN_3,GPU,1.94334e+06,1.95551e+06,12173.1
1,11,gate_proj,GPU,1.94334e+06,1.94739e+06,4049.8
1,11,Linear,Logic,1.94334e+06,1.94739e+06,4049.8
1,11,activation,Logic,1.94739e+06,1.94741e+06,23.7293
1,11,up_proj,GPU,1.94741e+06,1.95146e+06,4049.8
1,11,Linear,Logic,1.94741e+06,1.95146e+06,4049.8
1,11,down_proj,GPU,1.95146e+06,1.95551e+06,4049.8
1,11,Linear,Logic,1.95146e+06,1.95551e+06,4049.8
1,11,expert_FFN_4,GPU,1.90947e+06,1.9531e+06,43628.7
1,11,gate_proj,GPU,1.90947e+06,1.92397e+06,14497.2
1,11,Linear,GPU,1.90947e+06,1.92397e+06,14497.2
1,11,activation,GPU,1.92397e+06,1.9241e+06,137.103
1,11,up_proj,GPU,1.9241e+06,1.9386e+06,14497.2
1,11,Linear,GPU,1.9241e+06,1.9386e+06,14497.2
1,11,down_proj,GPU,1.9386e+06,1.9531e+06,14497.2
1,11,Linear,GPU,1.9386e+06,1.9531e+06,14497.2
1,11,expert_FFN_5,GPU,1.9531e+06,1.99649e+06,43396.7
1,11,gate_proj,GPU,1.9531e+06,1.96754e+06,14444.5
1,11,Linear,GPU,1.9531e+06,1.96754e+06,14444.5
1,11,activation,GPU,1.96754e+06,1.96761e+06,63.2781
1,11,up_proj,GPU,1.96761e+06,1.98205e+06,14444.5
1,11,Linear,GPU,1.96761e+06,1.98205e+06,14444.5
1,11,down_proj,GPU,1.98205e+06,1.99649e+06,14444.5
1,11,Linear,GPU,1.98205e+06,1.99649e+06,14444.5
1,11,expert_FFN_6,GPU,1.95551e+06,1.97174e+06,16230.8
1,11,gate_proj,GPU,1.95551e+06,1.96091e+06,5399.73
1,11,Linear,Logic,1.95551e+06,1.96091e+06,5399.73
1,11,activation,Logic,1.96091e+06,1.96094e+06,31.639
1,11,up_proj,GPU,1.96094e+06,1.96634e+06,5399.73
1,11,Linear,Logic,1.96094e+06,1.96634e+06,5399.73
1,11,down_proj,GPU,1.96634e+06,1.97174e+06,5399.73
1,11,Linear,Logic,1.96634e+06,1.97174e+06,5399.73
1,11,expert_FFN_7,GPU,1.97174e+06,1.98257e+06,10824.3
1,11,gate_proj,GPU,1.97174e+06,1.97535e+06,3605.47
1,11,Linear,Logic,1.97174e+06,1.97535e+06,3605.47
1,11,activation,Logic,1.97535e+06,1.97536e+06,7.90976
1,11,up_proj,GPU,1.97536e+06,1.97896e+06,3605.47
1,11,Linear,Logic,1.97536e+06,1.97896e+06,3605.47
1,11,down_proj,GPU,1.97896e+06,1.98257e+06,3605.47
1,11,Linear,Logic,1.97896e+06,1.98257e+06,3605.47
1,11,sync_2,GPU,1.99649e+06,1.99649e+06,0
1,11,sync__set,GPU,1.99649e+06,1.99649e+06,0
1,11,sync__,GPU,1.99649e+06,1.99649e+06,0
1,11,moe_all_reduce_for_e_tp,GPU,1.99649e+06,2.01712e+06,20621.4
1,11,sync_3,GPU,2.01712e+06,2.01712e+06,0
1,11,sync__set,GPU,2.01712e+06,2.01712e+06,0
1,11,sync__,GPU,2.01712e+06,2.01712e+06,0
1,11,moe_gather,GPU,2.01712e+06,2.01712e+06,0
1,11,sync_for_moe_gather,GPU,2.01712e+06,2.01712e+06,0
1,11,sync__set,GPU,2.01712e+06,2.01712e+06,0
1,11,sync__,GPU,2.01712e+06,2.01712e+06,0
1,11,moe_all_reduce_for_gather,GPU,2.01712e+06,2.03774e+06,20621.4
1,11,sync_5,GPU,2.03774e+06,2.03774e+06,0
1,11,sync__set,GPU,2.03774e+06,2.03774e+06,0
1,11,sync__,GPU,2.03774e+06,2.03774e+06,0
1,11,sync_6,GPU,2.03774e+06,2.03774e+06,0
1,11,sync__set,GPU,2.03774e+06,2.03774e+06,0
1,11,sync__,GPU,2.03774e+06,2.03774e+06,0
1,11,residual_2,GPU,2.03774e+06,2.038e+06,261.148
1,12,MoE_decoder_12,GPU,2.038e+06,2.20754e+06,169543
1,12,input_layer_norm,GPU,2.038e+06,2.03826e+06,261.148
1,12,attention,GPU,2.03826e+06,2.07813e+06,39870
1,12,attn_qkv_proj,GPU,2.03826e+06,2.04461e+06,6347.9
1,12,Linear,GPU,2.03826e+06,2.04461e+06,6347.9
1,12,self_attention,GPU,2.04461e+06,2.05323e+06,8625.91
1,12,AttentionSplit,GPU,2.04461e+06,2.04461e+06,0
1,12,AttentionSum,GPU,2.04461e+06,2.04461e+06,0
1,12,AttentionGen,Logic,2.04461e+06,2.05323e+06,8625.91
1,12,AttentionMerge,GPU,2.05323e+06,2.05323e+06,0
1,12,attn_o_proj,GPU,2.05323e+06,2.05751e+06,4274.79
1,12,Linear,GPU,2.05323e+06,2.05751e+06,4274.79
1,12,all_reduce,GPU,2.05751e+06,2.07813e+06,20621.4
1,12,residual_1,GPU,2.07813e+06,2.07839e+06,261.148
1,12,post_attn_layer_norm,GPU,2.07839e+06,2.07865e+06,261.148
1,12,expertFFN,GPU,2.07865e+06,2.20728e+06,128628
1,12,sync_0,GPU,2.07865e+06,2.07865e+06,0
1,12,sync__set,GPU,2.07865e+06,2.07865e+06,0
1,12,sync__,GPU,2.07865e+06,2.07865e+06,0
1,12,gate_fn,GPU,2.07865e+06,2.07881e+06,160.957
1,12,Linear,GPU,2.07865e+06,2.07881e+06,160.957
1,12,gate_update,GPU,2.07881e+06,2.07881e+06,0
1,12,moe_scatter,GPU,2.07881e+06,2.07881e+06,0
1,12,sync_for_moe_scatter,GPU,2.07881e+06,2.07881e+06,0
1,12,sync__set,GPU,2.07881e+06,2.07881e+06,0
1,12,sync__,GPU,2.07881e+06,2.07881e+06,0
1,12,moe_route,GPU,2.07881e+06,2.07881e+06,0
1,12,expert_FFN_0,GPU,2.07881e+06,2.08968e+06,10865.7
1,12,gate_proj,GPU,2.07881e+06,2.08243e+06,3614.89
1,12,Linear,Logic,2.07881e+06,2.08243e+06,3614.89
1,12,activation,Logic,2.08243e+06,2.08245e+06,21.0927
1,12,up_proj,GPU,2.08245e+06,2.08606e+06,3614.89
1,12,Linear,Logic,2.08245e+06,2.08606e+06,3614.89
1,12,down_proj,GPU,2.08606e+06,2.08968e+06,3614.89
1,12,Linear,Logic,2.08606e+06,2.08968e+06,3614.89
1,12,expert_FFN_1,GPU,2.08968e+06,2.1032e+06,13525.7
1,12,gate_proj,GPU,2.08968e+06,2.09418e+06,4499.77
1,12,Linear,Logic,2.08968e+06,2.09418e+06,4499.77
1,12,activation,Logic,2.09418e+06,2.0942e+06,26.3659
1,12,up_proj,GPU,2.0942e+06,2.0987e+06,4499.77
1,12,Linear,Logic,2.0942e+06,2.0987e+06,4499.77
1,12,down_proj,GPU,2.0987e+06,2.1032e+06,4499.77
1,12,Linear,Logic,2.0987e+06,2.1032e+06,4499.77
1,12,expert_FFN_2,GPU,2.07881e+06,2.12244e+06,43628.7
1,12,gate_proj,GPU,2.07881e+06,2.09331e+06,14497.2
1,12,Linear,GPU,2.07881e+06,2.09331e+06,14497.2
1,12,activation,GPU,2.09331e+06,2.09345e+06,137.103
1,12,up_proj,GPU,2.09345e+06,2.10794e+06,14497.2
1,12,Linear,GPU,2.09345e+06,2.10794e+06,14497.2
1,12,down_proj,GPU,2.10794e+06,2.12244e+06,14497.2
1,12,Linear,GPU,2.10794e+06,2.12244e+06,14497.2
1,12,expert_FFN_3,GPU,2.12244e+06,2.16604e+06,43595.6
1,12,gate_proj,GPU,2.12244e+06,2.13693e+06,14489.7
1,12,Linear,GPU,2.12244e+06,2.13693e+06,14489.7
1,12,activation,GPU,2.13693e+06,2.13706e+06,126.556
1,12,up_proj,GPU,2.13706e+06,2.15155e+06,14489.7
1,12,Linear,GPU,2.13706e+06,2.15155e+06,14489.7
1,12,down_proj,GPU,2.15155e+06,2.16604e+06,14489.7
1,12,Linear,GPU,2.15155e+06,2.16604e+06,14489.7
1,12,expert_FFN_4,GPU,2.1032e+06,2.11404e+06,10840.9
1,12,gate_proj,GPU,2.1032e+06,2.10681e+06,3609.24
1,12,Linear,Logic,2.1032e+06,2.10681e+06,3609.24
1,12,activation,Logic,2.10681e+06,2.10683e+06,13.1829
1,12,up_proj,GPU,2.10683e+06,2.11044e+06,3609.24
1,12,Linear,Logic,2.10683e+06,2.11044e+06,3609.24
1,12,down_proj,GPU,2.11044e+06,2.11404e+06,3609.24
1,12,Linear,Logic,2.11044e+06,2.11404e+06,3609.24
1,12,expert_FFN_5,GPU,2.11404e+06,2.12488e+06,10832.6
1,12,gate_proj,GPU,2.11404e+06,2.11765e+06,3607.35
1,12,Linear,Logic,2.11404e+06,2.11765e+06,3607.35
1,12,activation,Logic,2.11765e+06,2.11766e+06,10.5463
1,12,up_proj,GPU,2.11766e+06,2.12127e+06,3607.35
1,12,Linear,Logic,2.11766e+06,2.12127e+06,3607.35
1,12,down_proj,GPU,2.12127e+06,2.12488e+06,3607.35
1,12,Linear,Logic,2.12127e+06,2.12488e+06,3607.35
1,12,expert_FFN_6,GPU,2.12488e+06,2.13573e+06,10857.5
1,12,gate_proj,GPU,2.12488e+06,2.12849e+06,3613
1,12,Linear,Logic,2.12488e+06,2.12849e+06,3613
1,12,activation,Logic,2.12849e+06,2.12851e+06,18.4561
1,12,up_proj,GPU,2.12851e+06,2.13212e+06,3613
1,12,Linear,Logic,2.12851e+06,2.13212e+06,3613
1,12,down_proj,GPU,2.13212e+06,2.13573e+06,3613
1,12,Linear,Logic,2.13212e+06,2.13573e+06,3613
1,12,expert_FFN_7,GPU,2.13573e+06,2.14658e+06,10840.9
1,12,gate_proj,GPU,2.13573e+06,2.13934e+06,3609.24
1,12,Linear,Logic,2.13573e+06,2.13934e+06,3609.24
1,12,activation,Logic,2.13934e+06,2.13936e+06,13.1829
1,12,up_proj,GPU,2.13936e+06,2.14297e+06,3609.24
1,12,Linear,Logic,2.13936e+06,2.14297e+06,3609.24
1,12,down_proj,GPU,2.14297e+06,2.14658e+06,3609.24
1,12,Linear,Logic,2.14297e+06,2.14658e+06,3609.24
1,12,sync_2,GPU,2.16604e+06,2.16604e+06,0
1,12,sync__set,GPU,2.16604e+06,2.16604e+06,0
1,12,sync__,GPU,2.16604e+06,2.16604e+06,0
1,12,moe_all_reduce_for_e_tp,GPU,2.16604e+06,2.18666e+06,20621.4
1,12,sync_3,GPU,2.18666e+06,2.18666e+06,0
1,12,sync__set,GPU,2.18666e+06,2.18666e+06,0
1,12,sync__,GPU,2.18666e+06,2.18666e+06,0
1,12,moe_gather,GPU,2.18666e+06,2.18666e+06,0
1,12,sync_for_moe_gather,GPU,2.18666e+06,2.18666e+06,0
1,12,sync__set,GPU,2.18666e+06,2.18666e+06,0
1,12,sync__,GPU,2.18666e+06,2.18666e+06,0
1,12,moe_all_reduce_for_gather,GPU,2.18666e+06,2.20728e+06,20621.4
1,12,sync_5,GPU,2.20728e+06,2.20728e+06,0
1,12,sync__set,GPU,2.20728e+06,2.20728e+06,0
1,12,sync__,GPU,2.20728e+06,2.20728e+06,0
1,12,sync_6,GPU,2.20728e+06,2.20728e+06,0
1,12,sync__set,GPU,2.20728e+06,2.20728e+06,0
1,12,sync__,GPU,2.20728e+06,2.20728e+06,0
1,12,residual_2,GPU,2.20728e+06,2.20754e+06,261.148
1,13,MoE_decoder_13,GPU,2.20754e+06,2.37688e+06,169344
1,13,input_layer_norm,GPU,2.20754e+06,2.2078e+06,261.148
1,13,attention,GPU,2.2078e+06,2.24767e+06,39870
1,13,attn_qkv_proj,GPU,2.2078e+06,2.21415e+06,6347.9
1,13,Linear,GPU,2.2078e+06,2.21415e+06,6347.9
1,13,self_attention,GPU,2.21415e+06,2.22278e+06,8625.91
1,13,AttentionSplit,GPU,2.21415e+06,2.21415e+06,0
1,13,AttentionSum,GPU,2.21415e+06,2.21415e+06,0
1,13,AttentionGen,Logic,2.21415e+06,2.22278e+06,8625.91
1,13,AttentionMerge,GPU,2.22278e+06,2.22278e+06,0
1,13,attn_o_proj,GPU,2.22278e+06,2.22705e+06,4274.79
1,13,Linear,GPU,2.22278e+06,2.22705e+06,4274.79
1,13,all_reduce,GPU,2.22705e+06,2.24767e+06,20621.4
1,13,residual_1,GPU,2.24767e+06,2.24793e+06,261.148
1,13,post_attn_layer_norm,GPU,2.24793e+06,2.24819e+06,261.148
1,13,expertFFN,GPU,2.24819e+06,2.37662e+06,128429
1,13,sync_0,GPU,2.24819e+06,2.24819e+06,0
1,13,sync__set,GPU,2.24819e+06,2.24819e+06,0
1,13,sync__,GPU,2.24819e+06,2.24819e+06,0
1,13,gate_fn,GPU,2.24819e+06,2.24836e+06,160.957
1,13,Linear,GPU,2.24819e+06,2.24836e+06,160.957
1,13,gate_update,GPU,2.24836e+06,2.24836e+06,0
1,13,moe_scatter,GPU,2.24836e+06,2.24836e+06,0
1,13,sync_for_moe_scatter,GPU,2.24836e+06,2.24836e+06,0
1,13,sync__set,GPU,2.24836e+06,2.24836e+06,0
1,13,sync__,GPU,2.24836e+06,2.24836e+06,0
1,13,moe_route,GPU,2.24836e+06,2.24836e+06,0
1,13,expert_FFN_0,GPU,2.24836e+06,2.25921e+06,10857.5
1,13,gate_proj,GPU,2.24836e+06,2.25197e+06,3613
1,13,Linear,Logic,2.24836e+06,2.25197e+06,3613
1,13,activation,Logic,2.25197e+06,2.25199e+06,18.4561
1,13,up_proj,GPU,2.25199e+06,2.2556e+06,3613
1,13,Linear,Logic,2.25199e+06,2.2556e+06,3613
1,13,down_proj,GPU,2.2556e+06,2.25921e+06,3613
1,13,Linear,Logic,2.2556e+06,2.25921e+06,3613
1,13,expert_FFN_1,GPU,2.25921e+06,2.27409e+06,14878.3
1,13,gate_proj,GPU,2.25921e+06,2.26416e+06,4949.75
1,13,Linear,Logic,2.25921e+06,2.26416e+06,4949.75
1,13,activation,Logic,2.26416e+06,2.26419e+06,29.0025
1,13,up_proj,GPU,2.26419e+06,2.26914e+06,4949.75
1,13,Linear,Logic,2.26419e+06,2.26914e+06,4949.75
1,13,down_proj,GPU,2.26914e+06,2.27409e+06,4949.75
1,13,Linear,Logic,2.26914e+06,2.27409e+06,4949.75
1,13,expert_FFN_2,GPU,2.27409e+06,2.28762e+06,13525.7
1,13,gate_proj,GPU,2.27409e+06,2.27859e+06,4499.77
1,13,Linear,Logic,2.27409e+06,2.27859e+06,4499.77
1,13,activation,Logic,2.27859e+06,2.27862e+06,26.3659
1,13,up_proj,GPU,2.27862e+06,2.28312e+06,4499.77
1,13,Linear,Logic,2.27862e+06,2.28312e+06,4499.77
1,13,down_proj,GPU,2.28312e+06,2.28762e+06,4499.77
1,13,Linear,Logic,2.28312e+06,2.28762e+06,4499.77
1,13,expert_FFN_3,GPU,2.28762e+06,2.29845e+06,10832.6
1,13,gate_proj,GPU,2.28762e+06,2.29122e+06,3607.35
1,13,Linear,Logic,2.28762e+06,2.29122e+06,3607.35
1,13,activation,Logic,2.29122e+06,2.29123e+06,10.5463
1,13,up_proj,GPU,2.29123e+06,2.29484e+06,3607.35
1,13,Linear,Logic,2.29123e+06,2.29484e+06,3607.35
1,13,down_proj,GPU,2.29484e+06,2.29845e+06,3607.35
1,13,Linear,Logic,2.29484e+06,2.29845e+06,3607.35
1,13,expert_FFN_4,GPU,2.29845e+06,2.30931e+06,10857.5
1,13,gate_proj,GPU,2.29845e+06,2.30206e+06,3613
1,13,Linear,Logic,2.29845e+06,2.30206e+06,3613
1,13,activation,Logic,2.30206e+06,2.30208e+06,18.4561
1,13,up_proj,GPU,2.30208e+06,2.30569e+06,3613
1,13,Linear,Logic,2.30208e+06,2.30569e+06,3613
1,13,down_proj,GPU,2.30569e+06,2.30931e+06,3613
1,13,Linear,Logic,2.30569e+06,2.30931e+06,3613
1,13,expert_FFN_5,GPU,2.30931e+06,2.32016e+06,10849.2
1,13,gate_proj,GPU,2.30931e+06,2.31292e+06,3611.12
1,13,Linear,Logic,2.30931e+06,2.31292e+06,3611.12
1,13,activation,Logic,2.31292e+06,2.31293e+06,15.8195
1,13,up_proj,GPU,2.31293e+06,2.31654e+06,3611.12
1,13,Linear,Logic,2.31293e+06,2.31654e+06,3611.12
1,13,down_proj,GPU,2.31654e+06,2.32016e+06,3611.12
1,13,Linear,Logic,2.31654e+06,2.32016e+06,3611.12
1,13,expert_FFN_6,GPU,2.24836e+06,2.29182e+06,43463
1,13,gate_proj,GPU,2.24836e+06,2.26281e+06,14459.5
1,13,Linear,GPU,2.24836e+06,2.26281e+06,14459.5
1,13,activation,GPU,2.26281e+06,2.2629e+06,84.3708
1,13,up_proj,GPU,2.2629e+06,2.27736e+06,14459.5
1,13,Linear,GPU,2.2629e+06,2.27736e+06,14459.5
1,13,down_proj,GPU,2.27736e+06,2.29182e+06,14459.5
1,13,Linear,GPU,2.27736e+06,2.29182e+06,14459.5
1,13,expert_FFN_7,GPU,2.29182e+06,2.33538e+06,43562.4
1,13,gate_proj,GPU,2.29182e+06,2.3063e+06,14482.1
1,13,Linear,GPU,2.29182e+06,2.3063e+06,14482.1
1,13,activation,GPU,2.3063e+06,2.30642e+06,116.01
1,13,up_proj,GPU,2.30642e+06,2.3209e+06,14482.1
1,13,Linear,GPU,2.30642e+06,2.3209e+06,14482.1
1,13,down_proj,GPU,2.3209e+06,2.33538e+06,14482.1
1,13,Linear,GPU,2.3209e+06,2.33538e+06,14482.1
1,13,sync_2,GPU,2.33538e+06,2.33538e+06,0
1,13,sync__set,GPU,2.33538e+06,2.33538e+06,0
1,13,sync__,GPU,2.33538e+06,2.33538e+06,0
1,13,moe_all_reduce_for_e_tp,GPU,2.33538e+06,2.356e+06,20621.4
1,13,sync_3,GPU,2.356e+06,2.356e+06,0
1,13,sync__set,GPU,2.356e+06,2.356e+06,0
1,13,sync__,GPU,2.356e+06,2.356e+06,0
1,13,moe_gather,GPU,2.356e+06,2.356e+06,0
1,13,sync_for_moe_gather,GPU,2.356e+06,2.356e+06,0
1,13,sync__set,GPU,2.356e+06,2.356e+06,0
1,13,sync__,GPU,2.356e+06,2.356e+06,0
1,13,moe_all_reduce_for_gather,GPU,2.356e+06,2.37662e+06,20621.4
1,13,sync_5,GPU,2.37662e+06,2.37662e+06,0
1,13,sync__set,GPU,2.37662e+06,2.37662e+06,0
1,13,sync__,GPU,2.37662e+06,2.37662e+06,0
1,13,sync_6,GPU,2.37662e+06,2.37662e+06,0
1,13,sync__set,GPU,2.37662e+06,2.37662e+06,0
1,13,sync__,GPU,2.37662e+06,2.37662e+06,0
1,13,residual_2,GPU,2.37662e+06,2.37688e+06,261.148
1,14,MoE_decoder_14,GPU,2.37688e+06,2.54623e+06,169344
1,14,input_layer_norm,GPU,2.37688e+06,2.37715e+06,261.148
1,14,attention,GPU,2.37715e+06,2.41702e+06,39870
1,14,attn_qkv_proj,GPU,2.37715e+06,2.38349e+06,6347.9
1,14,Linear,GPU,2.37715e+06,2.38349e+06,6347.9
1,14,self_attention,GPU,2.38349e+06,2.39212e+06,8625.91
1,14,AttentionSplit,GPU,2.38349e+06,2.38349e+06,0
1,14,AttentionSum,GPU,2.38349e+06,2.38349e+06,0
1,14,AttentionGen,Logic,2.38349e+06,2.39212e+06,8625.91
1,14,AttentionMerge,GPU,2.39212e+06,2.39212e+06,0
1,14,attn_o_proj,GPU,2.39212e+06,2.39639e+06,4274.79
1,14,Linear,GPU,2.39212e+06,2.39639e+06,4274.79
1,14,all_reduce,GPU,2.39639e+06,2.41702e+06,20621.4
1,14,residual_1,GPU,2.41702e+06,2.41728e+06,261.148
1,14,post_attn_layer_norm,GPU,2.41728e+06,2.41754e+06,261.148
1,14,expertFFN,GPU,2.41754e+06,2.54597e+06,128429
1,14,sync_0,GPU,2.41754e+06,2.41754e+06,0
1,14,sync__set,GPU,2.41754e+06,2.41754e+06,0
1,14,sync__,GPU,2.41754e+06,2.41754e+06,0
1,14,gate_fn,GPU,2.41754e+06,2.4177e+06,160.957
1,14,Linear,GPU,2.41754e+06,2.4177e+06,160.957
1,14,gate_update,GPU,2.4177e+06,2.4177e+06,0
1,14,moe_scatter,GPU,2.4177e+06,2.4177e+06,0
1,14,sync_for_moe_scatter,GPU,2.4177e+06,2.4177e+06,0
1,14,sync__set,GPU,2.4177e+06,2.4177e+06,0
1,14,sync__,GPU,2.4177e+06,2.4177e+06,0
1,14,moe_route,GPU,2.4177e+06,2.4177e+06,0
1,14,expert_FFN_0,GPU,2.4177e+06,2.46123e+06,43529.3
1,14,gate_proj,GPU,2.4177e+06,2.43217e+06,14474.6
1,14,Linear,GPU,2.4177e+06,2.43217e+06,14474.6
1,14,activation,GPU,2.43217e+06,2.43228e+06,105.463
1,14,up_proj,GPU,2.43228e+06,2.44675e+06,14474.6
1,14,Linear,GPU,2.43228e+06,2.44675e+06,14474.6
1,14,down_proj,GPU,2.44675e+06,2.46123e+06,14474.6
1,14,Linear,GPU,2.44675e+06,2.46123e+06,14474.6
1,14,expert_FFN_1,GPU,2.46123e+06,2.50472e+06,43496.1
1,14,gate_proj,GPU,2.46123e+06,2.4757e+06,14467.1
1,14,Linear,GPU,2.46123e+06,2.4757e+06,14467.1
1,14,activation,GPU,2.4757e+06,2.47579e+06,94.9171
1,14,up_proj,GPU,2.47579e+06,2.49026e+06,14467.1
1,14,Linear,GPU,2.47579e+06,2.49026e+06,14467.1
1,14,down_proj,GPU,2.49026e+06,2.50472e+06,14467.1
1,14,Linear,GPU,2.49026e+06,2.50472e+06,14467.1
1,14,expert_FFN_2,GPU,2.4177e+06,2.43393e+06,16230.8
1,14,gate_proj,GPU,2.4177e+06,2.4231e+06,5399.73
1,14,Linear,Logic,2.4177e+06,2.4231e+06,5399.73
1,14,activation,Logic,2.4231e+06,2.42313e+06,31.639
1,14,up_proj,GPU,2.42313e+06,2.42853e+06,5399.73
1,14,Linear,Logic,2.42313e+06,2.42853e+06,5399.73
1,14,down_proj,GPU,2.42853e+06,2.43393e+06,5399.73
1,14,Linear,Logic,2.42853e+06,2.43393e+06,5399.73
1,14,expert_FFN_3,GPU,2.43393e+06,2.44478e+06,10849.2
1,14,gate_proj,GPU,2.43393e+06,2.43754e+06,3611.12
1,14,Linear,Logic,2.43393e+06,2.43754e+06,3611.12
1,14,activation,Logic,2.43754e+06,2.43756e+06,15.8195
1,14,up_proj,GPU,2.43756e+06,2.44117e+06,3611.12
1,14,Linear,Logic,2.43756e+06,2.44117e+06,3611.12
1,14,down_proj,GPU,2.44117e+06,2.44478e+06,3611.12
1,14,Linear,Logic,2.44117e+06,2.44478e+06,3611.12
1,14,expert_FFN_4,GPU,2.44478e+06,2.45564e+06,10857.5
1,14,gate_proj,GPU,2.44478e+06,2.44839e+06,3613
1,14,Linear,Logic,2.44478e+06,2.44839e+06,3613
1,14,activation,Logic,2.44839e+06,2.44841e+06,18.4561
1,14,up_proj,GPU,2.44841e+06,2.45202e+06,3613
1,14,Linear,Logic,2.44841e+06,2.45202e+06,3613
1,14,down_proj,GPU,2.45202e+06,2.45564e+06,3613
1,14,Linear,Logic,2.45202e+06,2.45564e+06,3613
1,14,expert_FFN_5,GPU,2.45564e+06,2.46649e+06,10857.5
1,14,gate_proj,GPU,2.45564e+06,2.45925e+06,3613
1,14,Linear,Logic,2.45564e+06,2.45925e+06,3613
1,14,activation,Logic,2.45925e+06,2.45927e+06,18.4561
1,14,up_proj,GPU,2.45927e+06,2.46288e+06,3613
1,14,Linear,Logic,2.45927e+06,2.46288e+06,3613
1,14,down_proj,GPU,2.46288e+06,2.46649e+06,3613
1,14,Linear,Logic,2.46288e+06,2.46649e+06,3613
1,14,expert_FFN_6,GPU,2.46649e+06,2.47736e+06,10865.7
1,14,gate_proj,GPU,2.46649e+06,2.47011e+06,3614.89
1,14,Linear,Logic,2.46649e+06,2.47011e+06,3614.89
1,14,activation,Logic,2.47011e+06,2.47013e+06,21.0927
1,14,up_proj,GPU,2.47013e+06,2.47374e+06,3614.89
1,14,Linear,Logic,2.47013e+06,2.47374e+06,3614.89
1,14,down_proj,GPU,2.47374e+06,2.47736e+06,3614.89
1,14,Linear,Logic,2.47374e+06,2.47736e+06,3614.89
1,14,expert_FFN_7,GPU,2.47736e+06,2.4882e+06,10840.9
1,14,gate_proj,GPU,2.47736e+06,2.48097e+06,3609.24
1,14,Linear,Logic,2.47736e+06,2.48097e+06,3609.24
1,14,activation,Logic,2.48097e+06,2.48098e+06,13.1829
1,14,up_proj,GPU,2.48098e+06,2.48459e+06,3609.24
1,14,Linear,Logic,2.48098e+06,2.48459e+06,3609.24
1,14,down_proj,GPU,2.48459e+06,2.4882e+06,3609.24
1,14,Linear,Logic,2.48459e+06,2.4882e+06,3609.24
1,14,sync_2,GPU,2.50472e+06,2.50472e+06,0
1,14,sync__set,GPU,2.50472e+06,2.50472e+06,0
1,14,sync__,GPU,2.50472e+06,2.50472e+06,0
1,14,moe_all_reduce_for_e_tp,GPU,2.50472e+06,2.52535e+06,20621.4
1,14,sync_3,GPU,2.52535e+06,2.52535e+06,0
1,14,sync__set,GPU,2.52535e+06,2.52535e+06,0
1,14,sync__,GPU,2.52535e+06,2.52535e+06,0
1,14,moe_gather,GPU,2.52535e+06,2.52535e+06,0
1,14,sync_for_moe_gather,GPU,2.52535e+06,2.52535e+06,0
1,14,sync__set,GPU,2.52535e+06,2.52535e+06,0
1,14,sync__,GPU,2.52535e+06,2.52535e+06,0
1,14,moe_all_reduce_for_gather,GPU,2.52535e+06,2.54597e+06,20621.4
1,14,sync_5,GPU,2.54597e+06,2.54597e+06,0
1,14,sync__set,GPU,2.54597e+06,2.54597e+06,0
1,14,sync__,GPU,2.54597e+06,2.54597e+06,0
1,14,sync_6,GPU,2.54597e+06,2.54597e+06,0
1,14,sync__set,GPU,2.54597e+06,2.54597e+06,0
1,14,sync__,GPU,2.54597e+06,2.54597e+06,0
1,14,residual_2,GPU,2.54597e+06,2.54623e+06,261.148
1,15,MoE_decoder_15,GPU,2.54623e+06,2.72336e+06,177129
1,15,input_layer_norm,GPU,2.54623e+06,2.54649e+06,261.148
1,15,attention,GPU,2.54649e+06,2.58636e+06,39870
1,15,attn_qkv_proj,GPU,2.54649e+06,2.55284e+06,6347.9
1,15,Linear,GPU,2.54649e+06,2.55284e+06,6347.9
1,15,self_attention,GPU,2.55284e+06,2.56146e+06,8625.91
1,15,AttentionSplit,GPU,2.55284e+06,2.55284e+06,0
1,15,AttentionSum,GPU,2.55284e+06,2.55284e+06,0
1,15,AttentionGen,Logic,2.55284e+06,2.56146e+06,8625.91
1,15,AttentionMerge,GPU,2.56146e+06,2.56146e+06,0
1,15,attn_o_proj,GPU,2.56146e+06,2.56574e+06,4274.79
1,15,Linear,GPU,2.56146e+06,2.56574e+06,4274.79
1,15,all_reduce,GPU,2.56574e+06,2.58636e+06,20621.4
1,15,residual_1,GPU,2.58636e+06,2.58662e+06,261.148
1,15,post_attn_layer_norm,GPU,2.58662e+06,2.58688e+06,261.148
1,15,expertFFN,GPU,2.58688e+06,2.7231e+06,136215
1,15,sync_0,GPU,2.58688e+06,2.58688e+06,0
1,15,sync__set,GPU,2.58688e+06,2.58688e+06,0
1,15,sync__,GPU,2.58688e+06,2.58688e+06,0
1,15,gate_fn,GPU,2.58688e+06,2.58704e+06,160.957
1,15,Linear,GPU,2.58688e+06,2.58704e+06,160.957
1,15,gate_update,GPU,2.58704e+06,2.58704e+06,0
1,15,moe_scatter,GPU,2.58704e+06,2.58704e+06,0
1,15,sync_for_moe_scatter,GPU,2.58704e+06,2.58704e+06,0
1,15,sync__set,GPU,2.58704e+06,2.58704e+06,0
1,15,sync__,GPU,2.58704e+06,2.58704e+06,0
1,15,moe_route,GPU,2.58704e+06,2.58704e+06,0
1,15,expert_FFN_0,GPU,2.58704e+06,2.59791e+06,10865.7
1,15,gate_proj,GPU,2.58704e+06,2.59066e+06,3614.89
1,15,Linear,Logic,2.58704e+06,2.59066e+06,3614.89
1,15,activation,Logic,2.59066e+06,2.59068e+06,21.0927
1,15,up_proj,GPU,2.59068e+06,2.59429e+06,3614.89
1,15,Linear,Logic,2.59068e+06,2.59429e+06,3614.89
1,15,down_proj,GPU,2.59429e+06,2.59791e+06,3614.89
1,15,Linear,Logic,2.59429e+06,2.59791e+06,3614.89
1,15,expert_FFN_1,GPU,2.59791e+06,2.61008e+06,12173.1
1,15,gate_proj,GPU,2.59791e+06,2.60196e+06,4049.8
1,15,Linear,Logic,2.59791e+06,2.60196e+06,4049.8
1,15,activation,Logic,2.60196e+06,2.60198e+06,23.7293
1,15,up_proj,GPU,2.60198e+06,2.60603e+06,4049.8
1,15,Linear,Logic,2.60198e+06,2.60603e+06,4049.8
1,15,down_proj,GPU,2.60603e+06,2.61008e+06,4049.8
1,15,Linear,Logic,2.60603e+06,2.61008e+06,4049.8
1,15,expert_FFN_2,GPU,2.61008e+06,2.62361e+06,13525.7
1,15,gate_proj,GPU,2.61008e+06,2.61458e+06,4499.77
1,15,Linear,Logic,2.61008e+06,2.61458e+06,4499.77
1,15,activation,Logic,2.61458e+06,2.61461e+06,26.3659
1,15,up_proj,GPU,2.61461e+06,2.61911e+06,4499.77
1,15,Linear,Logic,2.61461e+06,2.61911e+06,4499.77
1,15,down_proj,GPU,2.61911e+06,2.62361e+06,4499.77
1,15,Linear,Logic,2.61911e+06,2.62361e+06,4499.77
1,15,expert_FFN_3,GPU,2.62361e+06,2.63445e+06,10840.9
1,15,gate_proj,GPU,2.62361e+06,2.62722e+06,3609.24
1,15,Linear,Logic,2.62361e+06,2.62722e+06,3609.24
1,15,activation,Logic,2.62722e+06,2.62723e+06,13.1829
1,15,up_proj,GPU,2.62723e+06,2.63084e+06,3609.24
1,15,Linear,Logic,2.62723e+06,2.63084e+06,3609.24
1,15,down_proj,GPU,2.63084e+06,2.63445e+06,3609.24
1,15,Linear,Logic,2.63084e+06,2.63445e+06,3609.24
1,15,expert_FFN_4,GPU,2.63445e+06,2.6453e+06,10849.2
1,15,gate_proj,GPU,2.63445e+06,2.63806e+06,3611.12
1,15,Linear,Logic,2.63445e+06,2.63806e+06,3611.12
1,15,activation,Logic,2.63806e+06,2.63808e+06,15.8195
1,15,up_proj,GPU,2.63808e+06,2.64169e+06,3611.12
1,15,Linear,Logic,2.63808e+06,2.64169e+06,3611.12
1,15,down_proj,GPU,2.64169e+06,2.6453e+06,3611.12
1,15,Linear,Logic,2.64169e+06,2.6453e+06,3611.12
1,15,expert_FFN_5,GPU,2.6453e+06,2.65882e+06,13525.7
1,15,gate_proj,GPU,2.6453e+06,2.6498e+06,4499.77
1,15,Linear,Logic,2.6453e+06,2.6498e+06,4499.77
1,15,activation,Logic,2.6498e+06,2.64982e+06,26.3659
1,15,up_proj,GPU,2.64982e+06,2.65432e+06,4499.77
1,15,Linear,Logic,2.64982e+06,2.65432e+06,4499.77
1,15,down_proj,GPU,2.65432e+06,2.65882e+06,4499.77
1,15,Linear,Logic,2.65432e+06,2.65882e+06,4499.77
1,15,expert_FFN_6,GPU,2.65882e+06,2.671e+06,12173.1
1,15,gate_proj,GPU,2.65882e+06,2.66287e+06,4049.8
1,15,Linear,Logic,2.65882e+06,2.66287e+06,4049.8
1,15,activation,Logic,2.66287e+06,2.6629e+06,23.7293
1,15,up_proj,GPU,2.6629e+06,2.66695e+06,4049.8
1,15,Linear,Logic,2.6629e+06,2.66695e+06,4049.8
1,15,down_proj,GPU,2.66695e+06,2.671e+06,4049.8
1,15,Linear,Logic,2.66695e+06,2.671e+06,4049.8
1,15,expert_FFN_7,GPU,2.671e+06,2.68185e+06,10857.5
1,15,gate_proj,GPU,2.671e+06,2.67461e+06,3613
1,15,Linear,Logic,2.671e+06,2.67461e+06,3613
1,15,activation,Logic,2.67461e+06,2.67463e+06,18.4561
1,15,up_proj,GPU,2.67463e+06,2.67824e+06,3613
1,15,Linear,Logic,2.67463e+06,2.67824e+06,3613
1,15,down_proj,GPU,2.67824e+06,2.68185e+06,3613
1,15,Linear,Logic,2.67824e+06,2.68185e+06,3613
1,15,sync_2,GPU,2.68185e+06,2.68185e+06,0
1,15,sync__set,GPU,2.68185e+06,2.68185e+06,0
1,15,sync__,GPU,2.68185e+06,2.68185e+06,0
1,15,moe_all_reduce_for_e_tp,GPU,2.68185e+06,2.70248e+06,20621.4
1,15,sync_3,GPU,2.70248e+06,2.70248e+06,0
1,15,sync__set,GPU,2.70248e+06,2.70248e+06,0
1,15,sync__,GPU,2.70248e+06,2.70248e+06,0
1,15,moe_gather,GPU,2.70248e+06,2.70248e+06,0
1,15,sync_for_moe_gather,GPU,2.70248e+06,2.70248e+06,0
1,15,sync__set,GPU,2.70248e+06,2.70248e+06,0
1,15,sync__,GPU,2.70248e+06,2.70248e+06,0
1,15,moe_all_reduce_for_gather,GPU,2.70248e+06,2.7231e+06,20621.4
1,15,sync_5,GPU,2.7231e+06,2.7231e+06,0
1,15,sync__set,GPU,2.7231e+06,2.7231e+06,0
1,15,sync__,GPU,2.7231e+06,2.7231e+06,0
1,15,sync_6,GPU,2.7231e+06,2.7231e+06,0
1,15,sync__set,GPU,2.7231e+06,2.7231e+06,0
1,15,sync__,GPU,2.7231e+06,2.7231e+06,0
1,15,residual_2,GPU,2.7231e+06,2.72336e+06,261.148
1,16,MoE_decoder_16,GPU,2.72336e+06,2.89919e+06,175830
1,16,input_layer_norm,GPU,2.72336e+06,2.72362e+06,261.148
1,16,attention,GPU,2.72362e+06,2.76349e+06,39870
1,16,attn_qkv_proj,GPU,2.72362e+06,2.72997e+06,6347.9
1,16,Linear,GPU,2.72362e+06,2.72997e+06,6347.9
1,16,self_attention,GPU,2.72997e+06,2.73859e+06,8625.91
1,16,AttentionSplit,GPU,2.72997e+06,2.72997e+06,0
1,16,AttentionSum,GPU,2.72997e+06,2.72997e+06,0
1,16,AttentionGen,Logic,2.72997e+06,2.73859e+06,8625.91
1,16,AttentionMerge,GPU,2.73859e+06,2.73859e+06,0
1,16,attn_o_proj,GPU,2.73859e+06,2.74287e+06,4274.79
1,16,Linear,GPU,2.73859e+06,2.74287e+06,4274.79
1,16,all_reduce,GPU,2.74287e+06,2.76349e+06,20621.4
1,16,residual_1,GPU,2.76349e+06,2.76375e+06,261.148
1,16,post_attn_layer_norm,GPU,2.76375e+06,2.76401e+06,261.148
1,16,expertFFN,GPU,2.76401e+06,2.89893e+06,134916
1,16,sync_0,GPU,2.76401e+06,2.76401e+06,0
1,16,sync__set,GPU,2.76401e+06,2.76401e+06,0
1,16,sync__,GPU,2.76401e+06,2.76401e+06,0
1,16,gate_fn,GPU,2.76401e+06,2.76417e+06,160.957
1,16,Linear,GPU,2.76401e+06,2.76417e+06,160.957
1,16,gate_update,GPU,2.76417e+06,2.76417e+06,0
1,16,moe_scatter,GPU,2.76417e+06,2.76417e+06,0
1,16,sync_for_moe_scatter,GPU,2.76417e+06,2.76417e+06,0
1,16,sync__set,GPU,2.76417e+06,2.76417e+06,0
1,16,sync__,GPU,2.76417e+06,2.76417e+06,0
1,16,moe_route,GPU,2.76417e+06,2.76417e+06,0
1,16,expert_FFN_0,GPU,2.76417e+06,2.7777e+06,13525.7
1,16,gate_proj,GPU,2.76417e+06,2.76867e+06,4499.77
1,16,Linear,Logic,2.76417e+06,2.76867e+06,4499.77
1,16,activation,Logic,2.76867e+06,2.7687e+06,26.3659
1,16,up_proj,GPU,2.7687e+06,2.7732e+06,4499.77
1,16,Linear,Logic,2.7687e+06,2.7732e+06,4499.77
1,16,down_proj,GPU,2.7732e+06,2.7777e+06,4499.77
1,16,Linear,Logic,2.7732e+06,2.7777e+06,4499.77
1,16,expert_FFN_1,GPU,2.7777e+06,2.78856e+06,10865.7
1,16,gate_proj,GPU,2.7777e+06,2.78131e+06,3614.89
1,16,Linear,Logic,2.7777e+06,2.78131e+06,3614.89
1,16,activation,Logic,2.78131e+06,2.78133e+06,21.0927
1,16,up_proj,GPU,2.78133e+06,2.78495e+06,3614.89
1,16,Linear,Logic,2.78133e+06,2.78495e+06,3614.89
1,16,down_proj,GPU,2.78495e+06,2.78856e+06,3614.89
1,16,Linear,Logic,2.78495e+06,2.78856e+06,3614.89
1,16,expert_FFN_2,GPU,2.78856e+06,2.79941e+06,10849.2
1,16,gate_proj,GPU,2.78856e+06,2.79217e+06,3611.12
1,16,Linear,Logic,2.78856e+06,2.79217e+06,3611.12
1,16,activation,Logic,2.79217e+06,2.79219e+06,15.8195
1,16,up_proj,GPU,2.79219e+06,2.7958e+06,3611.12
1,16,Linear,Logic,2.79219e+06,2.7958e+06,3611.12
1,16,down_proj,GPU,2.7958e+06,2.79941e+06,3611.12
1,16,Linear,Logic,2.7958e+06,2.79941e+06,3611.12
1,16,expert_FFN_3,GPU,2.79941e+06,2.81294e+06,13525.7
1,16,gate_proj,GPU,2.79941e+06,2.80391e+06,4499.77
1,16,Linear,Logic,2.79941e+06,2.80391e+06,4499.77
1,16,activation,Logic,2.80391e+06,2.80394e+06,26.3659
1,16,up_proj,GPU,2.80394e+06,2.80844e+06,4499.77
1,16,Linear,Logic,2.80394e+06,2.80844e+06,4499.77
1,16,down_proj,GPU,2.80844e+06,2.81294e+06,4499.77
1,16,Linear,Logic,2.80844e+06,2.81294e+06,4499.77
1,16,expert_FFN_4,GPU,2.81294e+06,2.82511e+06,12173.1
1,16,gate_proj,GPU,2.81294e+06,2.81699e+06,4049.8
1,16,Linear,Logic,2.81294e+06,2.81699e+06,4049.8
1,16,activation,Logic,2.81699e+06,2.81701e+06,23.7293
1,16,up_proj,GPU,2.81701e+06,2.82106e+06,4049.8
1,16,Linear,Logic,2.81701e+06,2.82106e+06,4049.8
1,16,down_proj,GPU,2.82106e+06,2.82511e+06,4049.8
1,16,Linear,Logic,2.82106e+06,2.82511e+06,4049.8
1,16,expert_FFN_5,GPU,2.82511e+06,2.83597e+06,10857.5
1,16,gate_proj,GPU,2.82511e+06,2.82872e+06,3613
1,16,Linear,Logic,2.82511e+06,2.82872e+06,3613
1,16,activation,Logic,2.82872e+06,2.82874e+06,18.4561
1,16,up_proj,GPU,2.82874e+06,2.83236e+06,3613
1,16,Linear,Logic,2.82874e+06,2.83236e+06,3613
1,16,down_proj,GPU,2.83236e+06,2.83597e+06,3613
1,16,Linear,Logic,2.83236e+06,2.83597e+06,3613
1,16,expert_FFN_6,GPU,2.83597e+06,2.84683e+06,10857.5
1,16,gate_proj,GPU,2.83597e+06,2.83958e+06,3613
1,16,Linear,Logic,2.83597e+06,2.83958e+06,3613
1,16,activation,Logic,2.83958e+06,2.8396e+06,18.4561
1,16,up_proj,GPU,2.8396e+06,2.84321e+06,3613
1,16,Linear,Logic,2.8396e+06,2.84321e+06,3613
1,16,down_proj,GPU,2.84321e+06,2.84683e+06,3613
1,16,Linear,Logic,2.84321e+06,2.84683e+06,3613
1,16,expert_FFN_7,GPU,2.84683e+06,2.85768e+06,10857.5
1,16,gate_proj,GPU,2.84683e+06,2.85044e+06,3613
1,16,Linear,Logic,2.84683e+06,2.85044e+06,3613
1,16,activation,Logic,2.85044e+06,2.85046e+06,18.4561
1,16,up_proj,GPU,2.85046e+06,2.85407e+06,3613
1,16,Linear,Logic,2.85046e+06,2.85407e+06,3613
1,16,down_proj,GPU,2.85407e+06,2.85768e+06,3613
1,16,Linear,Logic,2.85407e+06,2.85768e+06,3613
1,16,sync_2,GPU,2.85768e+06,2.85768e+06,0
1,16,sync__set,GPU,2.85768e+06,2.85768e+06,0
1,16,sync__,GPU,2.85768e+06,2.85768e+06,0
1,16,moe_all_reduce_for_e_tp,GPU,2.85768e+06,2.87831e+06,20621.4
1,16,sync_3,GPU,2.87831e+06,2.87831e+06,0
1,16,sync__set,GPU,2.87831e+06,2.87831e+06,0
1,16,sync__,GPU,2.87831e+06,2.87831e+06,0
1,16,moe_gather,GPU,2.87831e+06,2.87831e+06,0
1,16,sync_for_moe_gather,GPU,2.87831e+06,2.87831e+06,0
1,16,sync__set,GPU,2.87831e+06,2.87831e+06,0
1,16,sync__,GPU,2.87831e+06,2.87831e+06,0
1,16,moe_all_reduce_for_gather,GPU,2.87831e+06,2.89893e+06,20621.4
1,16,sync_5,GPU,2.89893e+06,2.89893e+06,0
1,16,sync__set,GPU,2.89893e+06,2.89893e+06,0
1,16,sync__,GPU,2.89893e+06,2.89893e+06,0
1,16,sync_6,GPU,2.89893e+06,2.89893e+06,0
1,16,sync__set,GPU,2.89893e+06,2.89893e+06,0
1,16,sync__,GPU,2.89893e+06,2.89893e+06,0
1,16,residual_2,GPU,2.89893e+06,2.89919e+06,261.148
1,17,MoE_decoder_17,GPU,2.89919e+06,3.06857e+06,169377
1,17,input_layer_norm,GPU,2.89919e+06,2.89945e+06,261.148
1,17,attention,GPU,2.89945e+06,2.93932e+06,39870
1,17,attn_qkv_proj,GPU,2.89945e+06,2.9058e+06,6347.9
1,17,Linear,GPU,2.89945e+06,2.9058e+06,6347.9
1,17,self_attention,GPU,2.9058e+06,2.91442e+06,8625.91
1,17,AttentionSplit,GPU,2.9058e+06,2.9058e+06,0
1,17,AttentionSum,GPU,2.9058e+06,2.9058e+06,0
1,17,AttentionGen,Logic,2.9058e+06,2.91442e+06,8625.91
1,17,AttentionMerge,GPU,2.91442e+06,2.91442e+06,0
1,17,attn_o_proj,GPU,2.91442e+06,2.9187e+06,4274.79
1,17,Linear,GPU,2.91442e+06,2.9187e+06,4274.79
1,17,all_reduce,GPU,2.9187e+06,2.93932e+06,20621.4
1,17,residual_1,GPU,2.93932e+06,2.93958e+06,261.148
1,17,post_attn_layer_norm,GPU,2.93958e+06,2.93984e+06,261.148
1,17,expertFFN,GPU,2.93984e+06,3.0683e+06,128462
1,17,sync_0,GPU,2.93984e+06,2.93984e+06,0
1,17,sync__set,GPU,2.93984e+06,2.93984e+06,0
1,17,sync__,GPU,2.93984e+06,2.93984e+06,0
1,17,gate_fn,GPU,2.93984e+06,2.94e+06,160.957
1,17,Linear,GPU,2.93984e+06,2.94e+06,160.957
1,17,gate_update,GPU,2.94e+06,2.94e+06,0
1,17,moe_scatter,GPU,2.94e+06,2.94e+06,0
1,17,sync_for_moe_scatter,GPU,2.94e+06,2.94e+06,0
1,17,sync__set,GPU,2.94e+06,2.94e+06,0
1,17,sync__,GPU,2.94e+06,2.94e+06,0
1,17,moe_route,GPU,2.94e+06,2.94e+06,0
1,17,expert_FFN_0,GPU,2.94e+06,2.98347e+06,43463
1,17,gate_proj,GPU,2.94e+06,2.95446e+06,14459.5
1,17,Linear,GPU,2.94e+06,2.95446e+06,14459.5
1,17,activation,GPU,2.95446e+06,2.95455e+06,84.3708
1,17,up_proj,GPU,2.95455e+06,2.96901e+06,14459.5
1,17,Linear,GPU,2.95455e+06,2.96901e+06,14459.5
1,17,down_proj,GPU,2.96901e+06,2.98347e+06,14459.5
1,17,Linear,GPU,2.96901e+06,2.98347e+06,14459.5
1,17,expert_FFN_1,GPU,2.98347e+06,3.02706e+06,43595.6
1,17,gate_proj,GPU,2.98347e+06,2.99796e+06,14489.7
1,17,Linear,GPU,2.98347e+06,2.99796e+06,14489.7
1,17,activation,GPU,2.99796e+06,2.99808e+06,126.556
1,17,up_proj,GPU,2.99808e+06,3.01257e+06,14489.7
1,17,Linear,GPU,2.99808e+06,3.01257e+06,14489.7
1,17,down_proj,GPU,3.01257e+06,3.02706e+06,14489.7
1,17,Linear,GPU,3.01257e+06,3.02706e+06,14489.7
1,17,expert_FFN_2,GPU,2.94e+06,2.95085e+06,10849.2
1,17,gate_proj,GPU,2.94e+06,2.94361e+06,3611.12
1,17,Linear,Logic,2.94e+06,2.94361e+06,3611.12
1,17,activation,Logic,2.94361e+06,2.94363e+06,15.8195
1,17,up_proj,GPU,2.94363e+06,2.94724e+06,3611.12
1,17,Linear,Logic,2.94363e+06,2.94724e+06,3611.12
1,17,down_proj,GPU,2.94724e+06,2.95085e+06,3611.12
1,17,Linear,Logic,2.94724e+06,2.95085e+06,3611.12
1,17,expert_FFN_3,GPU,2.95085e+06,2.96302e+06,12173.1
1,17,gate_proj,GPU,2.95085e+06,2.9549e+06,4049.8
1,17,Linear,Logic,2.95085e+06,2.9549e+06,4049.8
1,17,activation,Logic,2.9549e+06,2.95493e+06,23.7293
1,17,up_proj,GPU,2.95493e+06,2.95898e+06,4049.8
1,17,Linear,Logic,2.95493e+06,2.95898e+06,4049.8
1,17,down_proj,GPU,2.95898e+06,2.96302e+06,4049.8
1,17,Linear,Logic,2.95898e+06,2.96302e+06,4049.8
1,17,expert_FFN_4,GPU,2.96302e+06,2.97387e+06,10849.2
1,17,gate_proj,GPU,2.96302e+06,2.96664e+06,3611.12
1,17,Linear,Logic,2.96302e+06,2.96664e+06,3611.12
1,17,activation,Logic,2.96664e+06,2.96665e+06,15.8195
1,17,up_proj,GPU,2.96665e+06,2.97026e+06,3611.12
1,17,Linear,Logic,2.96665e+06,2.97026e+06,3611.12
1,17,down_proj,GPU,2.97026e+06,2.97387e+06,3611.12
1,17,Linear,Logic,2.97026e+06,2.97387e+06,3611.12
1,17,expert_FFN_5,GPU,2.97387e+06,2.98875e+06,14878.3
1,17,gate_proj,GPU,2.97387e+06,2.97882e+06,4949.75
1,17,Linear,Logic,2.97387e+06,2.97882e+06,4949.75
1,17,activation,Logic,2.97882e+06,2.97885e+06,29.0025
1,17,up_proj,GPU,2.97885e+06,2.9838e+06,4949.75
1,17,Linear,Logic,2.97885e+06,2.9838e+06,4949.75
1,17,down_proj,GPU,2.9838e+06,2.98875e+06,4949.75
1,17,Linear,Logic,2.9838e+06,2.98875e+06,4949.75
1,17,expert_FFN_6,GPU,2.98875e+06,2.99958e+06,10832.6
1,17,gate_proj,GPU,2.98875e+06,2.99236e+06,3607.35
1,17,Linear,Logic,2.98875e+06,2.99236e+06,3607.35
1,17,activation,Logic,2.99236e+06,2.99237e+06,10.5463
1,17,up_proj,GPU,2.99237e+06,2.99598e+06,3607.35
1,17,Linear,Logic,2.99237e+06,2.99598e+06,3607.35
1,17,down_proj,GPU,2.99598e+06,2.99958e+06,3607.35
1,17,Linear,Logic,2.99598e+06,2.99958e+06,3607.35
1,17,expert_FFN_7,GPU,2.99958e+06,3.01045e+06,10865.7
1,17,gate_proj,GPU,2.99958e+06,3.0032e+06,3614.89
1,17,Linear,Logic,2.99958e+06,3.0032e+06,3614.89
1,17,activation,Logic,3.0032e+06,3.00322e+06,21.0927
1,17,up_proj,GPU,3.00322e+06,3.00684e+06,3614.89
1,17,Linear,Logic,3.00322e+06,3.00684e+06,3614.89
1,17,down_proj,GPU,3.00684e+06,3.01045e+06,3614.89
1,17,Linear,Logic,3.00684e+06,3.01045e+06,3614.89
1,17,sync_2,GPU,3.02706e+06,3.02706e+06,0
1,17,sync__set,GPU,3.02706e+06,3.02706e+06,0
1,17,sync__,GPU,3.02706e+06,3.02706e+06,0
1,17,moe_all_reduce_for_e_tp,GPU,3.02706e+06,3.04768e+06,20621.4
1,17,sync_3,GPU,3.04768e+06,3.04768e+06,0
1,17,sync__set,GPU,3.04768e+06,3.04768e+06,0
1,17,sync__,GPU,3.04768e+06,3.04768e+06,0
1,17,moe_gather,GPU,3.04768e+06,3.04768e+06,0
1,17,sync_for_moe_gather,GPU,3.04768e+06,3.04768e+06,0
1,17,sync__set,GPU,3.04768e+06,3.04768e+06,0
1,17,sync__,GPU,3.04768e+06,3.04768e+06,0
1,17,moe_all_reduce_for_gather,GPU,3.04768e+06,3.0683e+06,20621.4
1,17,sync_5,GPU,3.0683e+06,3.0683e+06,0
1,17,sync__set,GPU,3.0683e+06,3.0683e+06,0
1,17,sync__,GPU,3.0683e+06,3.0683e+06,0
1,17,sync_6,GPU,3.0683e+06,3.0683e+06,0
1,17,sync__set,GPU,3.0683e+06,3.0683e+06,0
1,17,sync__,GPU,3.0683e+06,3.0683e+06,0
1,17,residual_2,GPU,3.0683e+06,3.06857e+06,261.148
1,18,MoE_decoder_18,GPU,3.06857e+06,3.23794e+06,169377
1,18,input_layer_norm,GPU,3.06857e+06,3.06883e+06,261.148
1,18,attention,GPU,3.06883e+06,3.1087e+06,39870
1,18,attn_qkv_proj,GPU,3.06883e+06,3.07517e+06,6347.9
1,18,Linear,GPU,3.06883e+06,3.07517e+06,6347.9
1,18,self_attention,GPU,3.07517e+06,3.0838e+06,8625.91
1,18,AttentionSplit,GPU,3.07517e+06,3.07517e+06,0
1,18,AttentionSum,GPU,3.07517e+06,3.07517e+06,0
1,18,AttentionGen,Logic,3.07517e+06,3.0838e+06,8625.91
1,18,AttentionMerge,GPU,3.0838e+06,3.0838e+06,0
1,18,attn_o_proj,GPU,3.0838e+06,3.08807e+06,4274.79
1,18,Linear,GPU,3.0838e+06,3.08807e+06,4274.79
1,18,all_reduce,GPU,3.08807e+06,3.1087e+06,20621.4
1,18,residual_1,GPU,3.1087e+06,3.10896e+06,261.148
1,18,post_attn_layer_norm,GPU,3.10896e+06,3.10922e+06,261.148
1,18,expertFFN,GPU,3.10922e+06,3.23768e+06,128462
1,18,sync_0,GPU,3.10922e+06,3.10922e+06,0
1,18,sync__set,GPU,3.10922e+06,3.10922e+06,0
1,18,sync__,GPU,3.10922e+06,3.10922e+06,0
1,18,gate_fn,GPU,3.10922e+06,3.10938e+06,160.957
1,18,Linear,GPU,3.10922e+06,3.10938e+06,160.957
1,18,gate_update,GPU,3.10938e+06,3.10938e+06,0
1,18,moe_scatter,GPU,3.10938e+06,3.10938e+06,0
1,18,sync_for_moe_scatter,GPU,3.10938e+06,3.10938e+06,0
1,18,sync__set,GPU,3.10938e+06,3.10938e+06,0
1,18,sync__,GPU,3.10938e+06,3.10938e+06,0
1,18,moe_route,GPU,3.10938e+06,3.10938e+06,0
1,18,expert_FFN_0,GPU,3.10938e+06,3.12025e+06,10865.7
1,18,gate_proj,GPU,3.10938e+06,3.11299e+06,3614.89
1,18,Linear,Logic,3.10938e+06,3.11299e+06,3614.89
1,18,activation,Logic,3.11299e+06,3.11302e+06,21.0927
1,18,up_proj,GPU,3.11302e+06,3.11663e+06,3614.89
1,18,Linear,Logic,3.11302e+06,3.11663e+06,3614.89
1,18,down_proj,GPU,3.11663e+06,3.12025e+06,3614.89
1,18,Linear,Logic,3.11663e+06,3.12025e+06,3614.89
1,18,expert_FFN_1,GPU,3.12025e+06,3.13242e+06,12173.1
1,18,gate_proj,GPU,3.12025e+06,3.1243e+06,4049.8
1,18,Linear,Logic,3.12025e+06,3.1243e+06,4049.8
1,18,activation,Logic,3.1243e+06,3.12432e+06,23.7293
1,18,up_proj,GPU,3.12432e+06,3.12837e+06,4049.8
1,18,Linear,Logic,3.12432e+06,3.12837e+06,4049.8
1,18,down_proj,GPU,3.12837e+06,3.13242e+06,4049.8
1,18,Linear,Logic,3.12837e+06,3.13242e+06,4049.8
1,18,expert_FFN_2,GPU,3.13242e+06,3.14323e+06,10816
1,18,gate_proj,GPU,3.13242e+06,3.13602e+06,3603.59
1,18,Linear,Logic,3.13242e+06,3.13602e+06,3603.59
1,18,activation,Logic,3.13602e+06,3.13603e+06,5.27317
1,18,up_proj,GPU,3.13603e+06,3.13963e+06,3603.59
1,18,Linear,Logic,3.13603e+06,3.13963e+06,3603.59
1,18,down_proj,GPU,3.13963e+06,3.14323e+06,3603.59
1,18,Linear,Logic,3.13963e+06,3.14323e+06,3603.59
1,18,expert_FFN_3,GPU,3.14323e+06,3.1541e+06,10865.7
1,18,gate_proj,GPU,3.14323e+06,3.14685e+06,3614.89
1,18,Linear,Logic,3.14323e+06,3.14685e+06,3614.89
1,18,activation,Logic,3.14685e+06,3.14687e+06,21.0927
1,18,up_proj,GPU,3.14687e+06,3.15049e+06,3614.89
1,18,Linear,Logic,3.14687e+06,3.15049e+06,3614.89
1,18,down_proj,GPU,3.15049e+06,3.1541e+06,3614.89
1,18,Linear,Logic,3.15049e+06,3.1541e+06,3614.89
1,18,expert_FFN_4,GPU,3.10938e+06,3.15294e+06,43562.4
1,18,gate_proj,GPU,3.10938e+06,3.12386e+06,14482.1
1,18,Linear,GPU,3.10938e+06,3.12386e+06,14482.1
1,18,activation,GPU,3.12386e+06,3.12398e+06,116.01
1,18,up_proj,GPU,3.12398e+06,3.13846e+06,14482.1
1,18,Linear,GPU,3.12398e+06,3.13846e+06,14482.1
1,18,down_proj,GPU,3.13846e+06,3.15294e+06,14482.1
1,18,Linear,GPU,3.13846e+06,3.15294e+06,14482.1
1,18,expert_FFN_5,GPU,3.15294e+06,3.19644e+06,43496.1
1,18,gate_proj,GPU,3.15294e+06,3.16741e+06,14467.1
1,18,Linear,GPU,3.15294e+06,3.16741e+06,14467.1
1,18,activation,GPU,3.16741e+06,3.1675e+06,94.9171
1,18,up_proj,GPU,3.1675e+06,3.18197e+06,14467.1
1,18,Linear,GPU,3.1675e+06,3.18197e+06,14467.1
1,18,down_proj,GPU,3.18197e+06,3.19644e+06,14467.1
1,18,Linear,GPU,3.18197e+06,3.19644e+06,14467.1
1,18,expert_FFN_6,GPU,3.1541e+06,3.16627e+06,12173.1
1,18,gate_proj,GPU,3.1541e+06,3.15815e+06,4049.8
1,18,Linear,Logic,3.1541e+06,3.15815e+06,4049.8
1,18,activation,Logic,3.15815e+06,3.15817e+06,23.7293
1,18,up_proj,GPU,3.15817e+06,3.16222e+06,4049.8
1,18,Linear,Logic,3.15817e+06,3.16222e+06,4049.8
1,18,down_proj,GPU,3.16222e+06,3.16627e+06,4049.8
1,18,Linear,Logic,3.16222e+06,3.16627e+06,4049.8
1,18,expert_FFN_7,GPU,3.16627e+06,3.17714e+06,10865.7
1,18,gate_proj,GPU,3.16627e+06,3.16989e+06,3614.89
1,18,Linear,Logic,3.16627e+06,3.16989e+06,3614.89
1,18,activation,Logic,3.16989e+06,3.16991e+06,21.0927
1,18,up_proj,GPU,3.16991e+06,3.17352e+06,3614.89
1,18,Linear,Logic,3.16991e+06,3.17352e+06,3614.89
1,18,down_proj,GPU,3.17352e+06,3.17714e+06,3614.89
1,18,Linear,Logic,3.17352e+06,3.17714e+06,3614.89
1,18,sync_2,GPU,3.19644e+06,3.19644e+06,0
1,18,sync__set,GPU,3.19644e+06,3.19644e+06,0
1,18,sync__,GPU,3.19644e+06,3.19644e+06,0
1,18,moe_all_reduce_for_e_tp,GPU,3.19644e+06,3.21706e+06,20621.4
1,18,sync_3,GPU,3.21706e+06,3.21706e+06,0
1,18,sync__set,GPU,3.21706e+06,3.21706e+06,0
1,18,sync__,GPU,3.21706e+06,3.21706e+06,0
1,18,moe_gather,GPU,3.21706e+06,3.21706e+06,0
1,18,sync_for_moe_gather,GPU,3.21706e+06,3.21706e+06,0
1,18,sync__set,GPU,3.21706e+06,3.21706e+06,0
1,18,sync__,GPU,3.21706e+06,3.21706e+06,0
1,18,moe_all_reduce_for_gather,GPU,3.21706e+06,3.23768e+06,20621.4
1,18,sync_5,GPU,3.23768e+06,3.23768e+06,0
1,18,sync__set,GPU,3.23768e+06,3.23768e+06,0
1,18,sync__,GPU,3.23768e+06,3.23768e+06,0
1,18,sync_6,GPU,3.23768e+06,3.23768e+06,0
1,18,sync__set,GPU,3.23768e+06,3.23768e+06,0
1,18,sync__,GPU,3.23768e+06,3.23768e+06,0
1,18,residual_2,GPU,3.23768e+06,3.23794e+06,261.148
1,19,MoE_decoder_19,GPU,3.23794e+06,3.40729e+06,169344
1,19,input_layer_norm,GPU,3.23794e+06,3.2382e+06,261.148
1,19,attention,GPU,3.2382e+06,3.27807e+06,39870
1,19,attn_qkv_proj,GPU,3.2382e+06,3.24455e+06,6347.9
1,19,Linear,GPU,3.2382e+06,3.24455e+06,6347.9
1,19,self_attention,GPU,3.24455e+06,3.25318e+06,8625.91
1,19,AttentionSplit,GPU,3.24455e+06,3.24455e+06,0
1,19,AttentionSum,GPU,3.24455e+06,3.24455e+06,0
1,19,AttentionGen,Logic,3.24455e+06,3.25318e+06,8625.91
1,19,AttentionMerge,GPU,3.25318e+06,3.25318e+06,0
1,19,attn_o_proj,GPU,3.25318e+06,3.25745e+06,4274.79
1,19,Linear,GPU,3.25318e+06,3.25745e+06,4274.79
1,19,all_reduce,GPU,3.25745e+06,3.27807e+06,20621.4
1,19,residual_1,GPU,3.27807e+06,3.27833e+06,261.148
1,19,post_attn_layer_norm,GPU,3.27833e+06,3.2786e+06,261.148
1,19,expertFFN,GPU,3.2786e+06,3.40703e+06,128429
1,19,sync_0,GPU,3.2786e+06,3.2786e+06,0
1,19,sync__set,GPU,3.2786e+06,3.2786e+06,0
1,19,sync__,GPU,3.2786e+06,3.2786e+06,0
1,19,gate_fn,GPU,3.2786e+06,3.27876e+06,160.957
1,19,Linear,GPU,3.2786e+06,3.27876e+06,160.957
1,19,gate_update,GPU,3.27876e+06,3.27876e+06,0
1,19,moe_scatter,GPU,3.27876e+06,3.27876e+06,0
1,19,sync_for_moe_scatter,GPU,3.27876e+06,3.27876e+06,0
1,19,sync__set,GPU,3.27876e+06,3.27876e+06,0
1,19,sync__,GPU,3.27876e+06,3.27876e+06,0
1,19,moe_route,GPU,3.27876e+06,3.27876e+06,0
1,19,expert_FFN_0,GPU,3.27876e+06,3.28961e+06,10849.2
1,19,gate_proj,GPU,3.27876e+06,3.28237e+06,3611.12
1,19,Linear,Logic,3.27876e+06,3.28237e+06,3611.12
1,19,activation,Logic,3.28237e+06,3.28238e+06,15.8195
1,19,up_proj,GPU,3.28238e+06,3.28599e+06,3611.12
1,19,Linear,Logic,3.28238e+06,3.28599e+06,3611.12
1,19,down_proj,GPU,3.28599e+06,3.28961e+06,3611.12
1,19,Linear,Logic,3.28599e+06,3.28961e+06,3611.12
1,19,expert_FFN_1,GPU,3.28961e+06,3.30046e+06,10849.2
1,19,gate_proj,GPU,3.28961e+06,3.29322e+06,3611.12
1,19,Linear,Logic,3.28961e+06,3.29322e+06,3611.12
1,19,activation,Logic,3.29322e+06,3.29323e+06,15.8195
1,19,up_proj,GPU,3.29323e+06,3.29684e+06,3611.12
1,19,Linear,Logic,3.29323e+06,3.29684e+06,3611.12
1,19,down_proj,GPU,3.29684e+06,3.30046e+06,3611.12
1,19,Linear,Logic,3.29684e+06,3.30046e+06,3611.12
1,19,expert_FFN_2,GPU,3.30046e+06,3.31131e+06,10857.5
1,19,gate_proj,GPU,3.30046e+06,3.30407e+06,3613
1,19,Linear,Logic,3.30046e+06,3.30407e+06,3613
1,19,activation,Logic,3.30407e+06,3.30409e+06,18.4561
1,19,up_proj,GPU,3.30409e+06,3.3077e+06,3613
1,19,Linear,Logic,3.30409e+06,3.3077e+06,3613
1,19,down_proj,GPU,3.3077e+06,3.31131e+06,3613
1,19,Linear,Logic,3.3077e+06,3.31131e+06,3613
1,19,expert_FFN_3,GPU,3.31131e+06,3.32349e+06,12173.1
1,19,gate_proj,GPU,3.31131e+06,3.31536e+06,4049.8
1,19,Linear,Logic,3.31131e+06,3.31536e+06,4049.8
1,19,activation,Logic,3.31536e+06,3.31539e+06,23.7293
1,19,up_proj,GPU,3.31539e+06,3.31944e+06,4049.8
1,19,Linear,Logic,3.31539e+06,3.31944e+06,4049.8
1,19,down_proj,GPU,3.31944e+06,3.32349e+06,4049.8
1,19,Linear,Logic,3.31944e+06,3.32349e+06,4049.8
1,19,expert_FFN_4,GPU,3.27876e+06,3.32222e+06,43463
1,19,gate_proj,GPU,3.27876e+06,3.29322e+06,14459.5
1,19,Linear,GPU,3.27876e+06,3.29322e+06,14459.5
1,19,activation,GPU,3.29322e+06,3.2933e+06,84.3708
1,19,up_proj,GPU,3.2933e+06,3.30776e+06,14459.5
1,19,Linear,GPU,3.2933e+06,3.30776e+06,14459.5
1,19,down_proj,GPU,3.30776e+06,3.32222e+06,14459.5
1,19,Linear,GPU,3.30776e+06,3.32222e+06,14459.5
1,19,expert_FFN_5,GPU,3.32222e+06,3.36578e+06,43562.4
1,19,gate_proj,GPU,3.32222e+06,3.3367e+06,14482.1
1,19,Linear,GPU,3.32222e+06,3.3367e+06,14482.1
1,19,activation,GPU,3.3367e+06,3.33682e+06,116.01
1,19,up_proj,GPU,3.33682e+06,3.3513e+06,14482.1
1,19,Linear,GPU,3.33682e+06,3.3513e+06,14482.1
1,19,down_proj,GPU,3.3513e+06,3.36578e+06,14482.1
1,19,Linear,GPU,3.3513e+06,3.36578e+06,14482.1
1,19,expert_FFN_6,GPU,3.32349e+06,3.33435e+06,10865.7
1,19,gate_proj,GPU,3.32349e+06,3.3271e+06,3614.89
1,19,Linear,Logic,3.32349e+06,3.3271e+06,3614.89
1,19,activation,Logic,3.3271e+06,3.32712e+06,21.0927
1,19,up_proj,GPU,3.32712e+06,3.33074e+06,3614.89
1,19,Linear,Logic,3.32712e+06,3.33074e+06,3614.89
1,19,down_proj,GPU,3.33074e+06,3.33435e+06,3614.89
1,19,Linear,Logic,3.33074e+06,3.33435e+06,3614.89
1,19,expert_FFN_7,GPU,3.33435e+06,3.34652e+06,12173.1
1,19,gate_proj,GPU,3.33435e+06,3.3384e+06,4049.8
1,19,Linear,Logic,3.33435e+06,3.3384e+06,4049.8
1,19,activation,Logic,3.3384e+06,3.33842e+06,23.7293
1,19,up_proj,GPU,3.33842e+06,3.34247e+06,4049.8
1,19,Linear,Logic,3.33842e+06,3.34247e+06,4049.8
1,19,down_proj,GPU,3.34247e+06,3.34652e+06,4049.8
1,19,Linear,Logic,3.34247e+06,3.34652e+06,4049.8
1,19,sync_2,GPU,3.36578e+06,3.36578e+06,0
1,19,sync__set,GPU,3.36578e+06,3.36578e+06,0
1,19,sync__,GPU,3.36578e+06,3.36578e+06,0
1,19,moe_all_reduce_for_e_tp,GPU,3.36578e+06,3.3864e+06,20621.4
1,19,sync_3,GPU,3.3864e+06,3.3864e+06,0
1,19,sync__set,GPU,3.3864e+06,3.3864e+06,0
1,19,sync__,GPU,3.3864e+06,3.3864e+06,0
1,19,moe_gather,GPU,3.3864e+06,3.3864e+06,0
1,19,sync_for_moe_gather,GPU,3.3864e+06,3.3864e+06,0
1,19,sync__set,GPU,3.3864e+06,3.3864e+06,0
1,19,sync__,GPU,3.3864e+06,3.3864e+06,0
1,19,moe_all_reduce_for_gather,GPU,3.3864e+06,3.40703e+06,20621.4
1,19,sync_5,GPU,3.40703e+06,3.40703e+06,0
1,19,sync__set,GPU,3.40703e+06,3.40703e+06,0
1,19,sync__,GPU,3.40703e+06,3.40703e+06,0
1,19,sync_6,GPU,3.40703e+06,3.40703e+06,0
1,19,sync__set,GPU,3.40703e+06,3.40703e+06,0
1,19,sync__,GPU,3.40703e+06,3.40703e+06,0
1,19,residual_2,GPU,3.40703e+06,3.40729e+06,261.148
1,20,MoE_decoder_20,GPU,3.40729e+06,3.57666e+06,169377
1,20,input_layer_norm,GPU,3.40729e+06,3.40755e+06,261.148
1,20,attention,GPU,3.40755e+06,3.44742e+06,39870
1,20,attn_qkv_proj,GPU,3.40755e+06,3.4139e+06,6347.9
1,20,Linear,GPU,3.40755e+06,3.4139e+06,6347.9
1,20,self_attention,GPU,3.4139e+06,3.42252e+06,8625.91
1,20,AttentionSplit,GPU,3.4139e+06,3.4139e+06,0
1,20,AttentionSum,GPU,3.4139e+06,3.4139e+06,0
1,20,AttentionGen,Logic,3.4139e+06,3.42252e+06,8625.91
1,20,AttentionMerge,GPU,3.42252e+06,3.42252e+06,0
1,20,attn_o_proj,GPU,3.42252e+06,3.4268e+06,4274.79
1,20,Linear,GPU,3.42252e+06,3.4268e+06,4274.79
1,20,all_reduce,GPU,3.4268e+06,3.44742e+06,20621.4
1,20,residual_1,GPU,3.44742e+06,3.44768e+06,261.148
1,20,post_attn_layer_norm,GPU,3.44768e+06,3.44794e+06,261.148
1,20,expertFFN,GPU,3.44794e+06,3.5764e+06,128462
1,20,sync_0,GPU,3.44794e+06,3.44794e+06,0
1,20,sync__set,GPU,3.44794e+06,3.44794e+06,0
1,20,sync__,GPU,3.44794e+06,3.44794e+06,0
1,20,gate_fn,GPU,3.44794e+06,3.4481e+06,160.957
1,20,Linear,GPU,3.44794e+06,3.4481e+06,160.957
1,20,gate_update,GPU,3.4481e+06,3.4481e+06,0
1,20,moe_scatter,GPU,3.4481e+06,3.4481e+06,0
1,20,sync_for_moe_scatter,GPU,3.4481e+06,3.4481e+06,0
1,20,sync__set,GPU,3.4481e+06,3.4481e+06,0
1,20,sync__,GPU,3.4481e+06,3.4481e+06,0
1,20,moe_route,GPU,3.4481e+06,3.4481e+06,0
1,20,expert_FFN_0,GPU,3.4481e+06,3.46027e+06,12173.1
1,20,gate_proj,GPU,3.4481e+06,3.45215e+06,4049.8
1,20,Linear,Logic,3.4481e+06,3.45215e+06,4049.8
1,20,activation,Logic,3.45215e+06,3.45217e+06,23.7293
1,20,up_proj,GPU,3.45217e+06,3.45622e+06,4049.8
1,20,Linear,Logic,3.45217e+06,3.45622e+06,4049.8
1,20,down_proj,GPU,3.45622e+06,3.46027e+06,4049.8
1,20,Linear,Logic,3.45622e+06,3.46027e+06,4049.8
1,20,expert_FFN_1,GPU,3.46027e+06,3.47112e+06,10849.2
1,20,gate_proj,GPU,3.46027e+06,3.46388e+06,3611.12
1,20,Linear,Logic,3.46027e+06,3.46388e+06,3611.12
1,20,activation,Logic,3.46388e+06,3.4639e+06,15.8195
1,20,up_proj,GPU,3.4639e+06,3.46751e+06,3611.12
1,20,Linear,Logic,3.4639e+06,3.46751e+06,3611.12
1,20,down_proj,GPU,3.46751e+06,3.47112e+06,3611.12
1,20,Linear,Logic,3.46751e+06,3.47112e+06,3611.12
1,20,expert_FFN_2,GPU,3.4481e+06,3.49153e+06,43429.9
1,20,gate_proj,GPU,3.4481e+06,3.46255e+06,14452
1,20,Linear,GPU,3.4481e+06,3.46255e+06,14452
1,20,activation,GPU,3.46255e+06,3.46263e+06,73.8244
1,20,up_proj,GPU,3.46263e+06,3.47708e+06,14452
1,20,Linear,GPU,3.46263e+06,3.47708e+06,14452
1,20,down_proj,GPU,3.47708e+06,3.49153e+06,14452
1,20,Linear,GPU,3.47708e+06,3.49153e+06,14452
1,20,expert_FFN_3,GPU,3.49153e+06,3.53516e+06,43628.7
1,20,gate_proj,GPU,3.49153e+06,3.50603e+06,14497.2
1,20,Linear,GPU,3.49153e+06,3.50603e+06,14497.2
1,20,activation,GPU,3.50603e+06,3.50616e+06,137.103
1,20,up_proj,GPU,3.50616e+06,3.52066e+06,14497.2
1,20,Linear,GPU,3.50616e+06,3.52066e+06,14497.2
1,20,down_proj,GPU,3.52066e+06,3.53516e+06,14497.2
1,20,Linear,GPU,3.52066e+06,3.53516e+06,14497.2
1,20,expert_FFN_4,GPU,3.47112e+06,3.4833e+06,12173.1
1,20,gate_proj,GPU,3.47112e+06,3.47517e+06,4049.8
1,20,Linear,Logic,3.47112e+06,3.47517e+06,4049.8
1,20,activation,Logic,3.47517e+06,3.4752e+06,23.7293
1,20,up_proj,GPU,3.4752e+06,3.47925e+06,4049.8
1,20,Linear,Logic,3.4752e+06,3.47925e+06,4049.8
1,20,down_proj,GPU,3.47925e+06,3.4833e+06,4049.8
1,20,Linear,Logic,3.47925e+06,3.4833e+06,4049.8
1,20,expert_FFN_5,GPU,3.4833e+06,3.49413e+06,10832.6
1,20,gate_proj,GPU,3.4833e+06,3.4869e+06,3607.35
1,20,Linear,Logic,3.4833e+06,3.4869e+06,3607.35
1,20,activation,Logic,3.4869e+06,3.48691e+06,10.5463
1,20,up_proj,GPU,3.48691e+06,3.49052e+06,3607.35
1,20,Linear,Logic,3.48691e+06,3.49052e+06,3607.35
1,20,down_proj,GPU,3.49052e+06,3.49413e+06,3607.35
1,20,Linear,Logic,3.49052e+06,3.49413e+06,3607.35
1,20,expert_FFN_6,GPU,3.49413e+06,3.50901e+06,14878.3
1,20,gate_proj,GPU,3.49413e+06,3.49908e+06,4949.75
1,20,Linear,Logic,3.49413e+06,3.49908e+06,4949.75
1,20,activation,Logic,3.49908e+06,3.49911e+06,29.0025
1,20,up_proj,GPU,3.49911e+06,3.50406e+06,4949.75
1,20,Linear,Logic,3.49911e+06,3.50406e+06,4949.75
1,20,down_proj,GPU,3.50406e+06,3.50901e+06,4949.75
1,20,Linear,Logic,3.50406e+06,3.50901e+06,4949.75
1,20,expert_FFN_7,GPU,3.50901e+06,3.51985e+06,10840.9
1,20,gate_proj,GPU,3.50901e+06,3.51262e+06,3609.24
1,20,Linear,Logic,3.50901e+06,3.51262e+06,3609.24
1,20,activation,Logic,3.51262e+06,3.51263e+06,13.1829
1,20,up_proj,GPU,3.51263e+06,3.51624e+06,3609.24
1,20,Linear,Logic,3.51263e+06,3.51624e+06,3609.24
1,20,down_proj,GPU,3.51624e+06,3.51985e+06,3609.24
1,20,Linear,Logic,3.51624e+06,3.51985e+06,3609.24
1,20,sync_2,GPU,3.53516e+06,3.53516e+06,0
1,20,sync__set,GPU,3.53516e+06,3.53516e+06,0
1,20,sync__,GPU,3.53516e+06,3.53516e+06,0
1,20,moe_all_reduce_for_e_tp,GPU,3.53516e+06,3.55578e+06,20621.4
1,20,sync_3,GPU,3.55578e+06,3.55578e+06,0
1,20,sync__set,GPU,3.55578e+06,3.55578e+06,0
1,20,sync__,GPU,3.55578e+06,3.55578e+06,0
1,20,moe_gather,GPU,3.55578e+06,3.55578e+06,0
1,20,sync_for_moe_gather,GPU,3.55578e+06,3.55578e+06,0
1,20,sync__set,GPU,3.55578e+06,3.55578e+06,0
1,20,sync__,GPU,3.55578e+06,3.55578e+06,0
1,20,moe_all_reduce_for_gather,GPU,3.55578e+06,3.5764e+06,20621.4
1,20,sync_5,GPU,3.5764e+06,3.5764e+06,0
1,20,sync__set,GPU,3.5764e+06,3.5764e+06,0
1,20,sync__,GPU,3.5764e+06,3.5764e+06,0
1,20,sync_6,GPU,3.5764e+06,3.5764e+06,0
1,20,sync__set,GPU,3.5764e+06,3.5764e+06,0
1,20,sync__,GPU,3.5764e+06,3.5764e+06,0
1,20,residual_2,GPU,3.5764e+06,3.57666e+06,261.148
1,21,MoE_decoder_21,GPU,3.57666e+06,3.74604e+06,169377
1,21,input_layer_norm,GPU,3.57666e+06,3.57692e+06,261.148
1,21,attention,GPU,3.57692e+06,3.61679e+06,39870
1,21,attn_qkv_proj,GPU,3.57692e+06,3.58327e+06,6347.9
1,21,Linear,GPU,3.57692e+06,3.58327e+06,6347.9
1,21,self_attention,GPU,3.58327e+06,3.5919e+06,8625.91
1,21,AttentionSplit,GPU,3.58327e+06,3.58327e+06,0
1,21,AttentionSum,GPU,3.58327e+06,3.58327e+06,0
1,21,AttentionGen,Logic,3.58327e+06,3.5919e+06,8625.91
1,21,AttentionMerge,GPU,3.5919e+06,3.5919e+06,0
1,21,attn_o_proj,GPU,3.5919e+06,3.59617e+06,4274.79
1,21,Linear,GPU,3.5919e+06,3.59617e+06,4274.79
1,21,all_reduce,GPU,3.59617e+06,3.61679e+06,20621.4
1,21,residual_1,GPU,3.61679e+06,3.61706e+06,261.148
1,21,post_attn_layer_norm,GPU,3.61706e+06,3.61732e+06,261.148
1,21,expertFFN,GPU,3.61732e+06,3.74578e+06,128462
1,21,sync_0,GPU,3.61732e+06,3.61732e+06,0
1,21,sync__set,GPU,3.61732e+06,3.61732e+06,0
1,21,sync__,GPU,3.61732e+06,3.61732e+06,0
1,21,gate_fn,GPU,3.61732e+06,3.61748e+06,160.957
1,21,Linear,GPU,3.61732e+06,3.61748e+06,160.957
1,21,gate_update,GPU,3.61748e+06,3.61748e+06,0
1,21,moe_scatter,GPU,3.61748e+06,3.61748e+06,0
1,21,sync_for_moe_scatter,GPU,3.61748e+06,3.61748e+06,0
1,21,sync__set,GPU,3.61748e+06,3.61748e+06,0
1,21,sync__,GPU,3.61748e+06,3.61748e+06,0
1,21,moe_route,GPU,3.61748e+06,3.61748e+06,0
1,21,expert_FFN_0,GPU,3.61748e+06,3.6283e+06,10824.3
1,21,gate_proj,GPU,3.61748e+06,3.62108e+06,3605.47
1,21,Linear,Logic,3.61748e+06,3.62108e+06,3605.47
1,21,activation,Logic,3.62108e+06,3.62109e+06,7.90976
1,21,up_proj,GPU,3.62109e+06,3.6247e+06,3605.47
1,21,Linear,Logic,3.62109e+06,3.6247e+06,3605.47
1,21,down_proj,GPU,3.6247e+06,3.6283e+06,3605.47
1,21,Linear,Logic,3.6247e+06,3.6283e+06,3605.47
1,21,expert_FFN_1,GPU,3.6283e+06,3.64318e+06,14878.3
1,21,gate_proj,GPU,3.6283e+06,3.63325e+06,4949.75
1,21,Linear,Logic,3.6283e+06,3.63325e+06,4949.75
1,21,activation,Logic,3.63325e+06,3.63328e+06,29.0025
1,21,up_proj,GPU,3.63328e+06,3.63823e+06,4949.75
1,21,Linear,Logic,3.63328e+06,3.63823e+06,4949.75
1,21,down_proj,GPU,3.63823e+06,3.64318e+06,4949.75
1,21,Linear,Logic,3.63823e+06,3.64318e+06,4949.75
1,21,expert_FFN_2,GPU,3.64318e+06,3.65404e+06,10857.5
1,21,gate_proj,GPU,3.64318e+06,3.64679e+06,3613
1,21,Linear,Logic,3.64318e+06,3.64679e+06,3613
1,21,activation,Logic,3.64679e+06,3.64681e+06,18.4561
1,21,up_proj,GPU,3.64681e+06,3.65042e+06,3613
1,21,Linear,Logic,3.64681e+06,3.65042e+06,3613
1,21,down_proj,GPU,3.65042e+06,3.65404e+06,3613
1,21,Linear,Logic,3.65042e+06,3.65404e+06,3613
1,21,expert_FFN_3,GPU,3.65404e+06,3.66756e+06,13525.7
1,21,gate_proj,GPU,3.65404e+06,3.65854e+06,4499.77
1,21,Linear,Logic,3.65404e+06,3.65854e+06,4499.77
1,21,activation,Logic,3.65854e+06,3.65856e+06,26.3659
1,21,up_proj,GPU,3.65856e+06,3.66306e+06,4499.77
1,21,Linear,Logic,3.65856e+06,3.66306e+06,4499.77
1,21,down_proj,GPU,3.66306e+06,3.66756e+06,4499.77
1,21,Linear,Logic,3.66306e+06,3.66756e+06,4499.77
1,21,expert_FFN_4,GPU,3.66756e+06,3.67842e+06,10857.5
1,21,gate_proj,GPU,3.66756e+06,3.67118e+06,3613
1,21,Linear,Logic,3.66756e+06,3.67118e+06,3613
1,21,activation,Logic,3.67118e+06,3.67119e+06,18.4561
1,21,up_proj,GPU,3.67119e+06,3.67481e+06,3613
1,21,Linear,Logic,3.67119e+06,3.67481e+06,3613
1,21,down_proj,GPU,3.67481e+06,3.67842e+06,3613
1,21,Linear,Logic,3.67481e+06,3.67842e+06,3613
1,21,expert_FFN_5,GPU,3.67842e+06,3.68927e+06,10849.2
1,21,gate_proj,GPU,3.67842e+06,3.68203e+06,3611.12
1,21,Linear,Logic,3.67842e+06,3.68203e+06,3611.12
1,21,activation,Logic,3.68203e+06,3.68205e+06,15.8195
1,21,up_proj,GPU,3.68205e+06,3.68566e+06,3611.12
1,21,Linear,Logic,3.68205e+06,3.68566e+06,3611.12
1,21,down_proj,GPU,3.68566e+06,3.68927e+06,3611.12
1,21,Linear,Logic,3.68566e+06,3.68927e+06,3611.12
1,21,expert_FFN_6,GPU,3.61748e+06,3.66111e+06,43628.7
1,21,gate_proj,GPU,3.61748e+06,3.63197e+06,14497.2
1,21,Linear,GPU,3.61748e+06,3.63197e+06,14497.2
1,21,activation,GPU,3.63197e+06,3.63211e+06,137.103
1,21,up_proj,GPU,3.63211e+06,3.64661e+06,14497.2
1,21,Linear,GPU,3.63211e+06,3.64661e+06,14497.2
1,21,down_proj,GPU,3.64661e+06,3.66111e+06,14497.2
1,21,Linear,GPU,3.64661e+06,3.66111e+06,14497.2
1,21,expert_FFN_7,GPU,3.66111e+06,3.70454e+06,43429.9
1,21,gate_proj,GPU,3.66111e+06,3.67556e+06,14452
1,21,Linear,GPU,3.66111e+06,3.67556e+06,14452
1,21,activation,GPU,3.67556e+06,3.67563e+06,73.8244
1,21,up_proj,GPU,3.67563e+06,3.69008e+06,14452
1,21,Linear,GPU,3.67563e+06,3.69008e+06,14452
1,21,down_proj,GPU,3.69008e+06,3.70454e+06,14452
1,21,Linear,GPU,3.69008e+06,3.70454e+06,14452
1,21,sync_2,GPU,3.70454e+06,3.70454e+06,0
1,21,sync__set,GPU,3.70454e+06,3.70454e+06,0
1,21,sync__,GPU,3.70454e+06,3.70454e+06,0
1,21,moe_all_reduce_for_e_tp,GPU,3.70454e+06,3.72516e+06,20621.4
1,21,sync_3,GPU,3.72516e+06,3.72516e+06,0
1,21,sync__set,GPU,3.72516e+06,3.72516e+06,0
1,21,sync__,GPU,3.72516e+06,3.72516e+06,0
1,21,moe_gather,GPU,3.72516e+06,3.72516e+06,0
1,21,sync_for_moe_gather,GPU,3.72516e+06,3.72516e+06,0
1,21,sync__set,GPU,3.72516e+06,3.72516e+06,0
1,21,sync__,GPU,3.72516e+06,3.72516e+06,0
1,21,moe_all_reduce_for_gather,GPU,3.72516e+06,3.74578e+06,20621.4
1,21,sync_5,GPU,3.74578e+06,3.74578e+06,0
1,21,sync__set,GPU,3.74578e+06,3.74578e+06,0
1,21,sync__,GPU,3.74578e+06,3.74578e+06,0
1,21,sync_6,GPU,3.74578e+06,3.74578e+06,0
1,21,sync__set,GPU,3.74578e+06,3.74578e+06,0
1,21,sync__,GPU,3.74578e+06,3.74578e+06,0
1,21,residual_2,GPU,3.74578e+06,3.74604e+06,261.148
1,22,MoE_decoder_22,GPU,3.74604e+06,3.91923e+06,173187
1,22,input_layer_norm,GPU,3.74604e+06,3.7463e+06,261.148
1,22,attention,GPU,3.7463e+06,3.78617e+06,39870
1,22,attn_qkv_proj,GPU,3.7463e+06,3.75265e+06,6347.9
1,22,Linear,GPU,3.7463e+06,3.75265e+06,6347.9
1,22,self_attention,GPU,3.75265e+06,3.76128e+06,8625.91
1,22,AttentionSplit,GPU,3.75265e+06,3.75265e+06,0
1,22,AttentionSum,GPU,3.75265e+06,3.75265e+06,0
1,22,AttentionGen,Logic,3.75265e+06,3.76128e+06,8625.91
1,22,AttentionMerge,GPU,3.76128e+06,3.76128e+06,0
1,22,attn_o_proj,GPU,3.76128e+06,3.76555e+06,4274.79
1,22,Linear,GPU,3.76128e+06,3.76555e+06,4274.79
1,22,all_reduce,GPU,3.76555e+06,3.78617e+06,20621.4
1,22,residual_1,GPU,3.78617e+06,3.78643e+06,261.148
1,22,post_attn_layer_norm,GPU,3.78643e+06,3.78669e+06,261.148
1,22,expertFFN,GPU,3.78669e+06,3.91897e+06,132272
1,22,sync_0,GPU,3.78669e+06,3.78669e+06,0
1,22,sync__set,GPU,3.78669e+06,3.78669e+06,0
1,22,sync__,GPU,3.78669e+06,3.78669e+06,0
1,22,gate_fn,GPU,3.78669e+06,3.78685e+06,160.957
1,22,Linear,GPU,3.78669e+06,3.78685e+06,160.957
1,22,gate_update,GPU,3.78685e+06,3.78685e+06,0
1,22,moe_scatter,GPU,3.78685e+06,3.78685e+06,0
1,22,sync_for_moe_scatter,GPU,3.78685e+06,3.78685e+06,0
1,22,sync__set,GPU,3.78685e+06,3.78685e+06,0
1,22,sync__,GPU,3.78685e+06,3.78685e+06,0
1,22,moe_route,GPU,3.78685e+06,3.78685e+06,0
1,22,expert_FFN_0,GPU,3.78685e+06,3.79772e+06,10865.7
1,22,gate_proj,GPU,3.78685e+06,3.79047e+06,3614.89
1,22,Linear,Logic,3.78685e+06,3.79047e+06,3614.89
1,22,activation,Logic,3.79047e+06,3.79049e+06,21.0927
1,22,up_proj,GPU,3.79049e+06,3.79411e+06,3614.89
1,22,Linear,Logic,3.79049e+06,3.79411e+06,3614.89
1,22,down_proj,GPU,3.79411e+06,3.79772e+06,3614.89
1,22,Linear,Logic,3.79411e+06,3.79772e+06,3614.89
1,22,expert_FFN_1,GPU,3.79772e+06,3.80859e+06,10865.7
1,22,gate_proj,GPU,3.79772e+06,3.80134e+06,3614.89
1,22,Linear,Logic,3.79772e+06,3.80134e+06,3614.89
1,22,activation,Logic,3.80134e+06,3.80136e+06,21.0927
1,22,up_proj,GPU,3.80136e+06,3.80497e+06,3614.89
1,22,Linear,Logic,3.80136e+06,3.80497e+06,3614.89
1,22,down_proj,GPU,3.80497e+06,3.80859e+06,3614.89
1,22,Linear,Logic,3.80497e+06,3.80859e+06,3614.89
1,22,expert_FFN_2,GPU,3.80859e+06,3.81945e+06,10865.7
1,22,gate_proj,GPU,3.80859e+06,3.8122e+06,3614.89
1,22,Linear,Logic,3.80859e+06,3.8122e+06,3614.89
1,22,activation,Logic,3.8122e+06,3.81222e+06,21.0927
1,22,up_proj,GPU,3.81222e+06,3.81584e+06,3614.89
1,22,Linear,Logic,3.81222e+06,3.81584e+06,3614.89
1,22,down_proj,GPU,3.81584e+06,3.81945e+06,3614.89
1,22,Linear,Logic,3.81584e+06,3.81945e+06,3614.89
1,22,expert_FFN_3,GPU,3.81945e+06,3.83032e+06,10865.7
1,22,gate_proj,GPU,3.81945e+06,3.82307e+06,3614.89
1,22,Linear,Logic,3.81945e+06,3.82307e+06,3614.89
1,22,activation,Logic,3.82307e+06,3.82309e+06,21.0927
1,22,up_proj,GPU,3.82309e+06,3.8267e+06,3614.89
1,22,Linear,Logic,3.82309e+06,3.8267e+06,3614.89
1,22,down_proj,GPU,3.8267e+06,3.83032e+06,3614.89
1,22,Linear,Logic,3.8267e+06,3.83032e+06,3614.89
1,22,expert_FFN_4,GPU,3.83032e+06,3.84249e+06,12173.1
1,22,gate_proj,GPU,3.83032e+06,3.83437e+06,4049.8
1,22,Linear,Logic,3.83032e+06,3.83437e+06,4049.8
1,22,activation,Logic,3.83437e+06,3.83439e+06,23.7293
1,22,up_proj,GPU,3.83439e+06,3.83844e+06,4049.8
1,22,Linear,Logic,3.83439e+06,3.83844e+06,4049.8
1,22,down_proj,GPU,3.83844e+06,3.84249e+06,4049.8
1,22,Linear,Logic,3.83844e+06,3.84249e+06,4049.8
1,22,expert_FFN_5,GPU,3.84249e+06,3.85602e+06,13525.7
1,22,gate_proj,GPU,3.84249e+06,3.84699e+06,4499.77
1,22,Linear,Logic,3.84249e+06,3.84699e+06,4499.77
1,22,activation,Logic,3.84699e+06,3.84702e+06,26.3659
1,22,up_proj,GPU,3.84702e+06,3.85152e+06,4499.77
1,22,Linear,Logic,3.84702e+06,3.85152e+06,4499.77
1,22,down_proj,GPU,3.85152e+06,3.85602e+06,4499.77
1,22,Linear,Logic,3.85152e+06,3.85602e+06,4499.77
1,22,expert_FFN_6,GPU,3.85602e+06,3.86688e+06,10865.7
1,22,gate_proj,GPU,3.85602e+06,3.85963e+06,3614.89
1,22,Linear,Logic,3.85602e+06,3.85963e+06,3614.89
1,22,activation,Logic,3.85963e+06,3.85965e+06,21.0927
1,22,up_proj,GPU,3.85965e+06,3.86327e+06,3614.89
1,22,Linear,Logic,3.85965e+06,3.86327e+06,3614.89
1,22,down_proj,GPU,3.86327e+06,3.86688e+06,3614.89
1,22,Linear,Logic,3.86327e+06,3.86688e+06,3614.89
1,22,expert_FFN_7,GPU,3.86688e+06,3.87772e+06,10840.9
1,22,gate_proj,GPU,3.86688e+06,3.87049e+06,3609.24
1,22,Linear,Logic,3.86688e+06,3.87049e+06,3609.24
1,22,activation,Logic,3.87049e+06,3.8705e+06,13.1829
1,22,up_proj,GPU,3.8705e+06,3.87411e+06,3609.24
1,22,Linear,Logic,3.8705e+06,3.87411e+06,3609.24
1,22,down_proj,GPU,3.87411e+06,3.87772e+06,3609.24
1,22,Linear,Logic,3.87411e+06,3.87772e+06,3609.24
1,22,sync_2,GPU,3.87772e+06,3.87772e+06,0
1,22,sync__set,GPU,3.87772e+06,3.87772e+06,0
1,22,sync__,GPU,3.87772e+06,3.87772e+06,0
1,22,moe_all_reduce_for_e_tp,GPU,3.87772e+06,3.89834e+06,20621.4
1,22,sync_3,GPU,3.89834e+06,3.89834e+06,0
1,22,sync__set,GPU,3.89834e+06,3.89834e+06,0
1,22,sync__,GPU,3.89834e+06,3.89834e+06,0
1,22,moe_gather,GPU,3.89834e+06,3.89834e+06,0
1,22,sync_for_moe_gather,GPU,3.89834e+06,3.89834e+06,0
1,22,sync__set,GPU,3.89834e+06,3.89834e+06,0
1,22,sync__,GPU,3.89834e+06,3.89834e+06,0
1,22,moe_all_reduce_for_gather,GPU,3.89834e+06,3.91897e+06,20621.4
1,22,sync_5,GPU,3.91897e+06,3.91897e+06,0
1,22,sync__set,GPU,3.91897e+06,3.91897e+06,0
1,22,sync__,GPU,3.91897e+06,3.91897e+06,0
1,22,sync_6,GPU,3.91897e+06,3.91897e+06,0
1,22,sync__set,GPU,3.91897e+06,3.91897e+06,0
1,22,sync__,GPU,3.91897e+06,3.91897e+06,0
1,22,residual_2,GPU,3.91897e+06,3.91923e+06,261.148
1,23,MoE_decoder_23,GPU,3.91923e+06,4.08857e+06,169344
1,23,input_layer_norm,GPU,3.91923e+06,3.91949e+06,261.148
1,23,attention,GPU,3.91949e+06,3.95936e+06,39870
1,23,attn_qkv_proj,GPU,3.91949e+06,3.92584e+06,6347.9
1,23,Linear,GPU,3.91949e+06,3.92584e+06,6347.9
1,23,self_attention,GPU,3.92584e+06,3.93446e+06,8625.91
1,23,AttentionSplit,GPU,3.92584e+06,3.92584e+06,0
1,23,AttentionSum,GPU,3.92584e+06,3.92584e+06,0
1,23,AttentionGen,Logic,3.92584e+06,3.93446e+06,8625.91
1,23,AttentionMerge,GPU,3.93446e+06,3.93446e+06,0
1,23,attn_o_proj,GPU,3.93446e+06,3.93874e+06,4274.79
1,23,Linear,GPU,3.93446e+06,3.93874e+06,4274.79
1,23,all_reduce,GPU,3.93874e+06,3.95936e+06,20621.4
1,23,residual_1,GPU,3.95936e+06,3.95962e+06,261.148
1,23,post_attn_layer_norm,GPU,3.95962e+06,3.95988e+06,261.148
1,23,expertFFN,GPU,3.95988e+06,4.08831e+06,128429
1,23,sync_0,GPU,3.95988e+06,3.95988e+06,0
1,23,sync__set,GPU,3.95988e+06,3.95988e+06,0
1,23,sync__,GPU,3.95988e+06,3.95988e+06,0
1,23,gate_fn,GPU,3.95988e+06,3.96004e+06,160.957
1,23,Linear,GPU,3.95988e+06,3.96004e+06,160.957
1,23,gate_update,GPU,3.96004e+06,3.96004e+06,0
1,23,moe_scatter,GPU,3.96004e+06,3.96004e+06,0
1,23,sync_for_moe_scatter,GPU,3.96004e+06,3.96004e+06,0
1,23,sync__set,GPU,3.96004e+06,3.96004e+06,0
1,23,sync__,GPU,3.96004e+06,3.96004e+06,0
1,23,moe_route,GPU,3.96004e+06,3.96004e+06,0
1,23,expert_FFN_0,GPU,3.96004e+06,3.9709e+06,10857.5
1,23,gate_proj,GPU,3.96004e+06,3.96365e+06,3613
1,23,Linear,Logic,3.96004e+06,3.96365e+06,3613
1,23,activation,Logic,3.96365e+06,3.96367e+06,18.4561
1,23,up_proj,GPU,3.96367e+06,3.96729e+06,3613
1,23,Linear,Logic,3.96367e+06,3.96729e+06,3613
1,23,down_proj,GPU,3.96729e+06,3.9709e+06,3613
1,23,Linear,Logic,3.96729e+06,3.9709e+06,3613
1,23,expert_FFN_1,GPU,3.9709e+06,3.98173e+06,10832.6
1,23,gate_proj,GPU,3.9709e+06,3.97451e+06,3607.35
1,23,Linear,Logic,3.9709e+06,3.97451e+06,3607.35
1,23,activation,Logic,3.97451e+06,3.97452e+06,10.5463
1,23,up_proj,GPU,3.97452e+06,3.97812e+06,3607.35
1,23,Linear,Logic,3.97452e+06,3.97812e+06,3607.35
1,23,down_proj,GPU,3.97812e+06,3.98173e+06,3607.35
1,23,Linear,Logic,3.97812e+06,3.98173e+06,3607.35
1,23,expert_FFN_2,GPU,3.98173e+06,3.99526e+06,13525.7
1,23,gate_proj,GPU,3.98173e+06,3.98623e+06,4499.77
1,23,Linear,Logic,3.98173e+06,3.98623e+06,4499.77
1,23,activation,Logic,3.98623e+06,3.98626e+06,26.3659
1,23,up_proj,GPU,3.98626e+06,3.99076e+06,4499.77
1,23,Linear,Logic,3.98626e+06,3.99076e+06,4499.77
1,23,down_proj,GPU,3.99076e+06,3.99526e+06,4499.77
1,23,Linear,Logic,3.99076e+06,3.99526e+06,4499.77
1,23,expert_FFN_3,GPU,3.99526e+06,4.00611e+06,10857.5
1,23,gate_proj,GPU,3.99526e+06,3.99887e+06,3613
1,23,Linear,Logic,3.99526e+06,3.99887e+06,3613
1,23,activation,Logic,3.99887e+06,3.99889e+06,18.4561
1,23,up_proj,GPU,3.99889e+06,4.0025e+06,3613
1,23,Linear,Logic,3.99889e+06,4.0025e+06,3613
1,23,down_proj,GPU,4.0025e+06,4.00611e+06,3613
1,23,Linear,Logic,4.0025e+06,4.00611e+06,3613
1,23,expert_FFN_4,GPU,3.96004e+06,4.00347e+06,43429.9
1,23,gate_proj,GPU,3.96004e+06,3.97449e+06,14452
1,23,Linear,GPU,3.96004e+06,3.97449e+06,14452
1,23,activation,GPU,3.97449e+06,3.97457e+06,73.8244
1,23,up_proj,GPU,3.97457e+06,3.98902e+06,14452
1,23,Linear,GPU,3.97457e+06,3.98902e+06,14452
1,23,down_proj,GPU,3.98902e+06,4.00347e+06,14452
1,23,Linear,GPU,3.98902e+06,4.00347e+06,14452
1,23,expert_FFN_5,GPU,4.00347e+06,4.04707e+06,43595.6
1,23,gate_proj,GPU,4.00347e+06,4.01796e+06,14489.7
1,23,Linear,GPU,4.00347e+06,4.01796e+06,14489.7
1,23,activation,GPU,4.01796e+06,4.01809e+06,126.556
1,23,up_proj,GPU,4.01809e+06,4.03258e+06,14489.7
1,23,Linear,GPU,4.01809e+06,4.03258e+06,14489.7
1,23,down_proj,GPU,4.03258e+06,4.04707e+06,14489.7
1,23,Linear,GPU,4.03258e+06,4.04707e+06,14489.7
1,23,expert_FFN_6,GPU,4.00611e+06,4.01829e+06,12173.1
1,23,gate_proj,GPU,4.00611e+06,4.01016e+06,4049.8
1,23,Linear,Logic,4.00611e+06,4.01016e+06,4049.8
1,23,activation,Logic,4.01016e+06,4.01019e+06,23.7293
1,23,up_proj,GPU,4.01019e+06,4.01424e+06,4049.8
1,23,Linear,Logic,4.01019e+06,4.01424e+06,4049.8
1,23,down_proj,GPU,4.01424e+06,4.01829e+06,4049.8
1,23,Linear,Logic,4.01424e+06,4.01829e+06,4049.8
1,23,expert_FFN_7,GPU,4.01829e+06,4.02915e+06,10865.7
1,23,gate_proj,GPU,4.01829e+06,4.0219e+06,3614.89
1,23,Linear,Logic,4.01829e+06,4.0219e+06,3614.89
1,23,activation,Logic,4.0219e+06,4.02192e+06,21.0927
1,23,up_proj,GPU,4.02192e+06,4.02554e+06,3614.89
1,23,Linear,Logic,4.02192e+06,4.02554e+06,3614.89
1,23,down_proj,GPU,4.02554e+06,4.02915e+06,3614.89
1,23,Linear,Logic,4.02554e+06,4.02915e+06,3614.89
1,23,sync_2,GPU,4.04707e+06,4.04707e+06,0
1,23,sync__set,GPU,4.04707e+06,4.04707e+06,0
1,23,sync__,GPU,4.04707e+06,4.04707e+06,0
1,23,moe_all_reduce_for_e_tp,GPU,4.04707e+06,4.06769e+06,20621.4
1,23,sync_3,GPU,4.06769e+06,4.06769e+06,0
1,23,sync__set,GPU,4.06769e+06,4.06769e+06,0
1,23,sync__,GPU,4.06769e+06,4.06769e+06,0
1,23,moe_gather,GPU,4.06769e+06,4.06769e+06,0
1,23,sync_for_moe_gather,GPU,4.06769e+06,4.06769e+06,0
1,23,sync__set,GPU,4.06769e+06,4.06769e+06,0
1,23,sync__,GPU,4.06769e+06,4.06769e+06,0
1,23,moe_all_reduce_for_gather,GPU,4.06769e+06,4.08831e+06,20621.4
1,23,sync_5,GPU,4.08831e+06,4.08831e+06,0
1,23,sync__set,GPU,4.08831e+06,4.08831e+06,0
1,23,sync__,GPU,4.08831e+06,4.08831e+06,0
1,23,sync_6,GPU,4.08831e+06,4.08831e+06,0
1,23,sync__set,GPU,4.08831e+06,4.08831e+06,0
1,23,sync__,GPU,4.08831e+06,4.08831e+06,0
1,23,residual_2,GPU,4.08831e+06,4.08857e+06,261.148
1,24,MoE_decoder_24,GPU,4.08857e+06,4.2657e+06,177129
1,24,input_layer_norm,GPU,4.08857e+06,4.08883e+06,261.148
1,24,attention,GPU,4.08883e+06,4.1287e+06,39870
1,24,attn_qkv_proj,GPU,4.08883e+06,4.09518e+06,6347.9
1,24,Linear,GPU,4.08883e+06,4.09518e+06,6347.9
1,24,self_attention,GPU,4.09518e+06,4.10381e+06,8625.91
1,24,AttentionSplit,GPU,4.09518e+06,4.09518e+06,0
1,24,AttentionSum,GPU,4.09518e+06,4.09518e+06,0
1,24,AttentionGen,Logic,4.09518e+06,4.10381e+06,8625.91
1,24,AttentionMerge,GPU,4.10381e+06,4.10381e+06,0
1,24,attn_o_proj,GPU,4.10381e+06,4.10808e+06,4274.79
1,24,Linear,GPU,4.10381e+06,4.10808e+06,4274.79
1,24,all_reduce,GPU,4.10808e+06,4.1287e+06,20621.4
1,24,residual_1,GPU,4.1287e+06,4.12896e+06,261.148
1,24,post_attn_layer_norm,GPU,4.12896e+06,4.12922e+06,261.148
1,24,expertFFN,GPU,4.12922e+06,4.26544e+06,136215
1,24,sync_0,GPU,4.12922e+06,4.12922e+06,0
1,24,sync__set,GPU,4.12922e+06,4.12922e+06,0
1,24,sync__,GPU,4.12922e+06,4.12922e+06,0
1,24,gate_fn,GPU,4.12922e+06,4.12939e+06,160.957
1,24,Linear,GPU,4.12922e+06,4.12939e+06,160.957
1,24,gate_update,GPU,4.12939e+06,4.12939e+06,0
1,24,moe_scatter,GPU,4.12939e+06,4.12939e+06,0
1,24,sync_for_moe_scatter,GPU,4.12939e+06,4.12939e+06,0
1,24,sync__set,GPU,4.12939e+06,4.12939e+06,0
1,24,sync__,GPU,4.12939e+06,4.12939e+06,0
1,24,moe_route,GPU,4.12939e+06,4.12939e+06,0
1,24,expert_FFN_0,GPU,4.12939e+06,4.14291e+06,13525.7
1,24,gate_proj,GPU,4.12939e+06,4.13389e+06,4499.77
1,24,Linear,Logic,4.12939e+06,4.13389e+06,4499.77
1,24,activation,Logic,4.13389e+06,4.13391e+06,26.3659
1,24,up_proj,GPU,4.13391e+06,4.13841e+06,4499.77
1,24,Linear,Logic,4.13391e+06,4.13841e+06,4499.77
1,24,down_proj,GPU,4.13841e+06,4.14291e+06,4499.77
1,24,Linear,Logic,4.13841e+06,4.14291e+06,4499.77
1,24,expert_FFN_1,GPU,4.14291e+06,4.15644e+06,13525.7
1,24,gate_proj,GPU,4.14291e+06,4.14741e+06,4499.77
1,24,Linear,Logic,4.14291e+06,4.14741e+06,4499.77
1,24,activation,Logic,4.14741e+06,4.14744e+06,26.3659
1,24,up_proj,GPU,4.14744e+06,4.15194e+06,4499.77
1,24,Linear,Logic,4.14744e+06,4.15194e+06,4499.77
1,24,down_proj,GPU,4.15194e+06,4.15644e+06,4499.77
1,24,Linear,Logic,4.15194e+06,4.15644e+06,4499.77
1,24,expert_FFN_2,GPU,4.15644e+06,4.16861e+06,12173.1
1,24,gate_proj,GPU,4.15644e+06,4.16049e+06,4049.8
1,24,Linear,Logic,4.15644e+06,4.16049e+06,4049.8
1,24,activation,Logic,4.16049e+06,4.16051e+06,23.7293
1,24,up_proj,GPU,4.16051e+06,4.16456e+06,4049.8
1,24,Linear,Logic,4.16051e+06,4.16456e+06,4049.8
1,24,down_proj,GPU,4.16456e+06,4.16861e+06,4049.8
1,24,Linear,Logic,4.16456e+06,4.16861e+06,4049.8
1,24,expert_FFN_3,GPU,4.16861e+06,4.17946e+06,10849.2
1,24,gate_proj,GPU,4.16861e+06,4.17222e+06,3611.12
1,24,Linear,Logic,4.16861e+06,4.17222e+06,3611.12
1,24,activation,Logic,4.17222e+06,4.17224e+06,15.8195
1,24,up_proj,GPU,4.17224e+06,4.17585e+06,3611.12
1,24,Linear,Logic,4.17224e+06,4.17585e+06,3611.12
1,24,down_proj,GPU,4.17585e+06,4.17946e+06,3611.12
1,24,Linear,Logic,4.17585e+06,4.17946e+06,3611.12
1,24,expert_FFN_4,GPU,4.17946e+06,4.19031e+06,10849.2
1,24,gate_proj,GPU,4.17946e+06,4.18307e+06,3611.12
1,24,Linear,Logic,4.17946e+06,4.18307e+06,3611.12
1,24,activation,Logic,4.18307e+06,4.18309e+06,15.8195
1,24,up_proj,GPU,4.18309e+06,4.1867e+06,3611.12
1,24,Linear,Logic,4.18309e+06,4.1867e+06,3611.12
1,24,down_proj,GPU,4.1867e+06,4.19031e+06,3611.12
1,24,Linear,Logic,4.1867e+06,4.19031e+06,3611.12
1,24,expert_FFN_5,GPU,4.19031e+06,4.20117e+06,10865.7
1,24,gate_proj,GPU,4.19031e+06,4.19392e+06,3614.89
1,24,Linear,Logic,4.19031e+06,4.19392e+06,3614.89
1,24,activation,Logic,4.19392e+06,4.19394e+06,21.0927
1,24,up_proj,GPU,4.19394e+06,4.19756e+06,3614.89
1,24,Linear,Logic,4.19394e+06,4.19756e+06,3614.89
1,24,down_proj,GPU,4.19756e+06,4.20117e+06,3614.89
1,24,Linear,Logic,4.19756e+06,4.20117e+06,3614.89
1,24,expert_FFN_6,GPU,4.20117e+06,4.21335e+06,12173.1
1,24,gate_proj,GPU,4.20117e+06,4.20522e+06,4049.8
1,24,Linear,Logic,4.20117e+06,4.20522e+06,4049.8
1,24,activation,Logic,4.20522e+06,4.20525e+06,23.7293
1,24,up_proj,GPU,4.20525e+06,4.2093e+06,4049.8
1,24,Linear,Logic,4.20525e+06,4.2093e+06,4049.8
1,24,down_proj,GPU,4.2093e+06,4.21335e+06,4049.8
1,24,Linear,Logic,4.2093e+06,4.21335e+06,4049.8
1,24,expert_FFN_7,GPU,4.21335e+06,4.2242e+06,10849.2
1,24,gate_proj,GPU,4.21335e+06,4.21696e+06,3611.12
1,24,Linear,Logic,4.21335e+06,4.21696e+06,3611.12
1,24,activation,Logic,4.21696e+06,4.21697e+06,15.8195
1,24,up_proj,GPU,4.21697e+06,4.22059e+06,3611.12
1,24,Linear,Logic,4.21697e+06,4.22059e+06,3611.12
1,24,down_proj,GPU,4.22059e+06,4.2242e+06,3611.12
1,24,Linear,Logic,4.22059e+06,4.2242e+06,3611.12
1,24,sync_2,GPU,4.2242e+06,4.2242e+06,0
1,24,sync__set,GPU,4.2242e+06,4.2242e+06,0
1,24,sync__,GPU,4.2242e+06,4.2242e+06,0
1,24,moe_all_reduce_for_e_tp,GPU,4.2242e+06,4.24482e+06,20621.4
1,24,sync_3,GPU,4.24482e+06,4.24482e+06,0
1,24,sync__set,GPU,4.24482e+06,4.24482e+06,0
1,24,sync__,GPU,4.24482e+06,4.24482e+06,0
1,24,moe_gather,GPU,4.24482e+06,4.24482e+06,0
1,24,sync_for_moe_gather,GPU,4.24482e+06,4.24482e+06,0
1,24,sync__set,GPU,4.24482e+06,4.24482e+06,0
1,24,sync__,GPU,4.24482e+06,4.24482e+06,0
1,24,moe_all_reduce_for_gather,GPU,4.24482e+06,4.26544e+06,20621.4
1,24,sync_5,GPU,4.26544e+06,4.26544e+06,0
1,24,sync__set,GPU,4.26544e+06,4.26544e+06,0
1,24,sync__,GPU,4.26544e+06,4.26544e+06,0
1,24,sync_6,GPU,4.26544e+06,4.26544e+06,0
1,24,sync__set,GPU,4.26544e+06,4.26544e+06,0
1,24,sync__,GPU,4.26544e+06,4.26544e+06,0
1,24,residual_2,GPU,4.26544e+06,4.2657e+06,261.148
1,25,MoE_decoder_25,GPU,4.2657e+06,4.43518e+06,169476
1,25,input_layer_norm,GPU,4.2657e+06,4.26596e+06,261.148
1,25,attention,GPU,4.26596e+06,4.30583e+06,39870
1,25,attn_qkv_proj,GPU,4.26596e+06,4.27231e+06,6347.9
1,25,Linear,GPU,4.26596e+06,4.27231e+06,6347.9
1,25,self_attention,GPU,4.27231e+06,4.28094e+06,8625.91
1,25,AttentionSplit,GPU,4.27231e+06,4.27231e+06,0
1,25,AttentionSum,GPU,4.27231e+06,4.27231e+06,0
1,25,AttentionGen,Logic,4.27231e+06,4.28094e+06,8625.91
1,25,AttentionMerge,GPU,4.28094e+06,4.28094e+06,0
1,25,attn_o_proj,GPU,4.28094e+06,4.28521e+06,4274.79
1,25,Linear,GPU,4.28094e+06,4.28521e+06,4274.79
1,25,all_reduce,GPU,4.28521e+06,4.30583e+06,20621.4
1,25,residual_1,GPU,4.30583e+06,4.30609e+06,261.148
1,25,post_attn_layer_norm,GPU,4.30609e+06,4.30635e+06,261.148
1,25,expertFFN,GPU,4.30635e+06,4.43492e+06,128562
1,25,sync_0,GPU,4.30635e+06,4.30635e+06,0
1,25,sync__set,GPU,4.30635e+06,4.30635e+06,0
1,25,sync__,GPU,4.30635e+06,4.30635e+06,0
1,25,gate_fn,GPU,4.30635e+06,4.30651e+06,160.957
1,25,Linear,GPU,4.30635e+06,4.30651e+06,160.957
1,25,gate_update,GPU,4.30651e+06,4.30651e+06,0
1,25,moe_scatter,GPU,4.30651e+06,4.30651e+06,0
1,25,sync_for_moe_scatter,GPU,4.30651e+06,4.30651e+06,0
1,25,sync__set,GPU,4.30651e+06,4.30651e+06,0
1,25,sync__,GPU,4.30651e+06,4.30651e+06,0
1,25,moe_route,GPU,4.30651e+06,4.30651e+06,0
1,25,expert_FFN_0,GPU,4.30651e+06,4.34994e+06,43429.9
1,25,gate_proj,GPU,4.30651e+06,4.32097e+06,14452
1,25,Linear,GPU,4.30651e+06,4.32097e+06,14452
1,25,activation,GPU,4.32097e+06,4.32104e+06,73.8244
1,25,up_proj,GPU,4.32104e+06,4.33549e+06,14452
1,25,Linear,GPU,4.32104e+06,4.33549e+06,14452
1,25,down_proj,GPU,4.33549e+06,4.34994e+06,14452
1,25,Linear,GPU,4.33549e+06,4.34994e+06,14452
1,25,expert_FFN_1,GPU,4.34994e+06,4.39367e+06,43728.2
1,25,gate_proj,GPU,4.34994e+06,4.36446e+06,14519.8
1,25,Linear,GPU,4.34994e+06,4.36446e+06,14519.8
1,25,activation,GPU,4.36446e+06,4.36463e+06,168.742
1,25,up_proj,GPU,4.36463e+06,4.37915e+06,14519.8
1,25,Linear,GPU,4.36463e+06,4.37915e+06,14519.8
1,25,down_proj,GPU,4.37915e+06,4.39367e+06,14519.8
1,25,Linear,GPU,4.37915e+06,4.39367e+06,14519.8
1,25,expert_FFN_2,GPU,4.30651e+06,4.31736e+06,10840.9
1,25,gate_proj,GPU,4.30651e+06,4.31012e+06,3609.24
1,25,Linear,Logic,4.30651e+06,4.31012e+06,3609.24
1,25,activation,Logic,4.31012e+06,4.31014e+06,13.1829
1,25,up_proj,GPU,4.31014e+06,4.31375e+06,3609.24
1,25,Linear,Logic,4.31014e+06,4.31375e+06,3609.24
1,25,down_proj,GPU,4.31375e+06,4.31736e+06,3609.24
1,25,Linear,Logic,4.31375e+06,4.31736e+06,3609.24
1,25,expert_FFN_3,GPU,4.31736e+06,4.3282e+06,10840.9
1,25,gate_proj,GPU,4.31736e+06,4.32096e+06,3609.24
1,25,Linear,Logic,4.31736e+06,4.32096e+06,3609.24
1,25,activation,Logic,4.32096e+06,4.32098e+06,13.1829
1,25,up_proj,GPU,4.32098e+06,4.32459e+06,3609.24
1,25,Linear,Logic,4.32098e+06,4.32459e+06,3609.24
1,25,down_proj,GPU,4.32459e+06,4.3282e+06,3609.24
1,25,Linear,Logic,4.32459e+06,4.3282e+06,3609.24
1,25,expert_FFN_4,GPU,4.3282e+06,4.33906e+06,10865.7
1,25,gate_proj,GPU,4.3282e+06,4.33181e+06,3614.89
1,25,Linear,Logic,4.3282e+06,4.33181e+06,3614.89
1,25,activation,Logic,4.33181e+06,4.33183e+06,21.0927
1,25,up_proj,GPU,4.33183e+06,4.33545e+06,3614.89
1,25,Linear,Logic,4.33183e+06,4.33545e+06,3614.89
1,25,down_proj,GPU,4.33545e+06,4.33906e+06,3614.89
1,25,Linear,Logic,4.33545e+06,4.33906e+06,3614.89
1,25,expert_FFN_5,GPU,4.33906e+06,4.34992e+06,10857.5
1,25,gate_proj,GPU,4.33906e+06,4.34268e+06,3613
1,25,Linear,Logic,4.33906e+06,4.34268e+06,3613
1,25,activation,Logic,4.34268e+06,4.34269e+06,18.4561
1,25,up_proj,GPU,4.34269e+06,4.34631e+06,3613
1,25,Linear,Logic,4.34269e+06,4.34631e+06,3613
1,25,down_proj,GPU,4.34631e+06,4.34992e+06,3613
1,25,Linear,Logic,4.34631e+06,4.34992e+06,3613
1,25,expert_FFN_6,GPU,4.34992e+06,4.36345e+06,13525.7
1,25,gate_proj,GPU,4.34992e+06,4.35442e+06,4499.77
1,25,Linear,Logic,4.34992e+06,4.35442e+06,4499.77
1,25,activation,Logic,4.35442e+06,4.35445e+06,26.3659
1,25,up_proj,GPU,4.35445e+06,4.35895e+06,4499.77
1,25,Linear,Logic,4.35445e+06,4.35895e+06,4499.77
1,25,down_proj,GPU,4.35895e+06,4.36345e+06,4499.77
1,25,Linear,Logic,4.35895e+06,4.36345e+06,4499.77
1,25,expert_FFN_7,GPU,4.36345e+06,4.37429e+06,10849.2
1,25,gate_proj,GPU,4.36345e+06,4.36706e+06,3611.12
1,25,Linear,Logic,4.36345e+06,4.36706e+06,3611.12
1,25,activation,Logic,4.36706e+06,4.36707e+06,15.8195
1,25,up_proj,GPU,4.36707e+06,4.37068e+06,3611.12
1,25,Linear,Logic,4.36707e+06,4.37068e+06,3611.12
1,25,down_proj,GPU,4.37068e+06,4.37429e+06,3611.12
1,25,Linear,Logic,4.37068e+06,4.37429e+06,3611.12
1,25,sync_2,GPU,4.39367e+06,4.39367e+06,0
1,25,sync__set,GPU,4.39367e+06,4.39367e+06,0
1,25,sync__,GPU,4.39367e+06,4.39367e+06,0
1,25,moe_all_reduce_for_e_tp,GPU,4.39367e+06,4.41429e+06,20621.4
1,25,sync_3,GPU,4.41429e+06,4.41429e+06,0
1,25,sync__set,GPU,4.41429e+06,4.41429e+06,0
1,25,sync__,GPU,4.41429e+06,4.41429e+06,0
1,25,moe_gather,GPU,4.41429e+06,4.41429e+06,0
1,25,sync_for_moe_gather,GPU,4.41429e+06,4.41429e+06,0
1,25,sync__set,GPU,4.41429e+06,4.41429e+06,0
1,25,sync__,GPU,4.41429e+06,4.41429e+06,0
1,25,moe_all_reduce_for_gather,GPU,4.41429e+06,4.43492e+06,20621.4
1,25,sync_5,GPU,4.43492e+06,4.43492e+06,0
1,25,sync__set,GPU,4.43492e+06,4.43492e+06,0
1,25,sync__,GPU,4.43492e+06,4.43492e+06,0
1,25,sync_6,GPU,4.43492e+06,4.43492e+06,0
1,25,sync__set,GPU,4.43492e+06,4.43492e+06,0
1,25,sync__,GPU,4.43492e+06,4.43492e+06,0
1,25,residual_2,GPU,4.43492e+06,4.43518e+06,261.148
1,26,MoE_decoder_26,GPU,4.43518e+06,4.60472e+06,169543
1,26,input_layer_norm,GPU,4.43518e+06,4.43544e+06,261.148
1,26,attention,GPU,4.43544e+06,4.47531e+06,39870
1,26,attn_qkv_proj,GPU,4.43544e+06,4.44179e+06,6347.9
1,26,Linear,GPU,4.43544e+06,4.44179e+06,6347.9
1,26,self_attention,GPU,4.44179e+06,4.45041e+06,8625.91
1,26,AttentionSplit,GPU,4.44179e+06,4.44179e+06,0
1,26,AttentionSum,GPU,4.44179e+06,4.44179e+06,0
1,26,AttentionGen,Logic,4.44179e+06,4.45041e+06,8625.91
1,26,AttentionMerge,GPU,4.45041e+06,4.45041e+06,0
1,26,attn_o_proj,GPU,4.45041e+06,4.45469e+06,4274.79
1,26,Linear,GPU,4.45041e+06,4.45469e+06,4274.79
1,26,all_reduce,GPU,4.45469e+06,4.47531e+06,20621.4
1,26,residual_1,GPU,4.47531e+06,4.47557e+06,261.148
1,26,post_attn_layer_norm,GPU,4.47557e+06,4.47583e+06,261.148
1,26,expertFFN,GPU,4.47583e+06,4.60446e+06,128628
1,26,sync_0,GPU,4.47583e+06,4.47583e+06,0
1,26,sync__set,GPU,4.47583e+06,4.47583e+06,0
1,26,sync__,GPU,4.47583e+06,4.47583e+06,0
1,26,gate_fn,GPU,4.47583e+06,4.47599e+06,160.957
1,26,Linear,GPU,4.47583e+06,4.47599e+06,160.957
1,26,gate_update,GPU,4.47599e+06,4.47599e+06,0
1,26,moe_scatter,GPU,4.47599e+06,4.47599e+06,0
1,26,sync_for_moe_scatter,GPU,4.47599e+06,4.47599e+06,0
1,26,sync__set,GPU,4.47599e+06,4.47599e+06,0
1,26,sync__,GPU,4.47599e+06,4.47599e+06,0
1,26,moe_route,GPU,4.47599e+06,4.47599e+06,0
1,26,expert_FFN_0,GPU,4.47599e+06,4.51959e+06,43595.6
1,26,gate_proj,GPU,4.47599e+06,4.49048e+06,14489.7
1,26,Linear,GPU,4.47599e+06,4.49048e+06,14489.7
1,26,activation,GPU,4.49048e+06,4.49061e+06,126.556
1,26,up_proj,GPU,4.49061e+06,4.5051e+06,14489.7
1,26,Linear,GPU,4.49061e+06,4.5051e+06,14489.7
1,26,down_proj,GPU,4.5051e+06,4.51959e+06,14489.7
1,26,Linear,GPU,4.5051e+06,4.51959e+06,14489.7
1,26,expert_FFN_1,GPU,4.51959e+06,4.56322e+06,43628.7
1,26,gate_proj,GPU,4.51959e+06,4.53408e+06,14497.2
1,26,Linear,GPU,4.51959e+06,4.53408e+06,14497.2
1,26,activation,GPU,4.53408e+06,4.53422e+06,137.103
1,26,up_proj,GPU,4.53422e+06,4.54872e+06,14497.2
1,26,Linear,GPU,4.53422e+06,4.54872e+06,14497.2
1,26,down_proj,GPU,4.54872e+06,4.56322e+06,14497.2
1,26,Linear,GPU,4.54872e+06,4.56322e+06,14497.2
1,26,expert_FFN_2,GPU,4.47599e+06,4.48816e+06,12173.1
1,26,gate_proj,GPU,4.47599e+06,4.48004e+06,4049.8
1,26,Linear,Logic,4.47599e+06,4.48004e+06,4049.8
1,26,activation,Logic,4.48004e+06,4.48006e+06,23.7293
1,26,up_proj,GPU,4.48006e+06,4.48411e+06,4049.8
1,26,Linear,Logic,4.48006e+06,4.48411e+06,4049.8
1,26,down_proj,GPU,4.48411e+06,4.48816e+06,4049.8
1,26,Linear,Logic,4.48411e+06,4.48816e+06,4049.8
1,26,expert_FFN_3,GPU,4.48816e+06,4.499e+06,10832.6
1,26,gate_proj,GPU,4.48816e+06,4.49177e+06,3607.35
1,26,Linear,Logic,4.48816e+06,4.49177e+06,3607.35
1,26,activation,Logic,4.49177e+06,4.49178e+06,10.5463
1,26,up_proj,GPU,4.49178e+06,4.49539e+06,3607.35
1,26,Linear,Logic,4.49178e+06,4.49539e+06,3607.35
1,26,down_proj,GPU,4.49539e+06,4.499e+06,3607.35
1,26,Linear,Logic,4.49539e+06,4.499e+06,3607.35
1,26,expert_FFN_4,GPU,4.499e+06,4.50985e+06,10849.2
1,26,gate_proj,GPU,4.499e+06,4.50261e+06,3611.12
1,26,Linear,Logic,4.499e+06,4.50261e+06,3611.12
1,26,activation,Logic,4.50261e+06,4.50262e+06,15.8195
1,26,up_proj,GPU,4.50262e+06,4.50624e+06,3611.12
1,26,Linear,Logic,4.50262e+06,4.50624e+06,3611.12
1,26,down_proj,GPU,4.50624e+06,4.50985e+06,3611.12
1,26,Linear,Logic,4.50624e+06,4.50985e+06,3611.12
1,26,expert_FFN_5,GPU,4.50985e+06,4.52069e+06,10840.9
1,26,gate_proj,GPU,4.50985e+06,4.51346e+06,3609.24
1,26,Linear,Logic,4.50985e+06,4.51346e+06,3609.24
1,26,activation,Logic,4.51346e+06,4.51347e+06,13.1829
1,26,up_proj,GPU,4.51347e+06,4.51708e+06,3609.24
1,26,Linear,Logic,4.51347e+06,4.51708e+06,3609.24
1,26,down_proj,GPU,4.51708e+06,4.52069e+06,3609.24
1,26,Linear,Logic,4.51708e+06,4.52069e+06,3609.24
1,26,expert_FFN_6,GPU,4.52069e+06,4.53154e+06,10857.5
1,26,gate_proj,GPU,4.52069e+06,4.5243e+06,3613
1,26,Linear,Logic,4.52069e+06,4.5243e+06,3613
1,26,activation,Logic,4.5243e+06,4.52432e+06,18.4561
1,26,up_proj,GPU,4.52432e+06,4.52793e+06,3613
1,26,Linear,Logic,4.52432e+06,4.52793e+06,3613
1,26,down_proj,GPU,4.52793e+06,4.53154e+06,3613
1,26,Linear,Logic,4.52793e+06,4.53154e+06,3613
1,26,expert_FFN_7,GPU,4.53154e+06,4.54241e+06,10865.7
1,26,gate_proj,GPU,4.53154e+06,4.53516e+06,3614.89
1,26,Linear,Logic,4.53154e+06,4.53516e+06,3614.89
1,26,activation,Logic,4.53516e+06,4.53518e+06,21.0927
1,26,up_proj,GPU,4.53518e+06,4.5388e+06,3614.89
1,26,Linear,Logic,4.53518e+06,4.5388e+06,3614.89
1,26,down_proj,GPU,4.5388e+06,4.54241e+06,3614.89
1,26,Linear,Logic,4.5388e+06,4.54241e+06,3614.89
1,26,sync_2,GPU,4.56322e+06,4.56322e+06,0
1,26,sync__set,GPU,4.56322e+06,4.56322e+06,0
1,26,sync__,GPU,4.56322e+06,4.56322e+06,0
1,26,moe_all_reduce_for_e_tp,GPU,4.56322e+06,4.58384e+06,20621.4
1,26,sync_3,GPU,4.58384e+06,4.58384e+06,0
1,26,sync__set,GPU,4.58384e+06,4.58384e+06,0
1,26,sync__,GPU,4.58384e+06,4.58384e+06,0
1,26,moe_gather,GPU,4.58384e+06,4.58384e+06,0
1,26,sync_for_moe_gather,GPU,4.58384e+06,4.58384e+06,0
1,26,sync__set,GPU,4.58384e+06,4.58384e+06,0
1,26,sync__,GPU,4.58384e+06,4.58384e+06,0
1,26,moe_all_reduce_for_gather,GPU,4.58384e+06,4.60446e+06,20621.4
1,26,sync_5,GPU,4.60446e+06,4.60446e+06,0
1,26,sync__set,GPU,4.60446e+06,4.60446e+06,0
1,26,sync__,GPU,4.60446e+06,4.60446e+06,0
1,26,sync_6,GPU,4.60446e+06,4.60446e+06,0
1,26,sync__set,GPU,4.60446e+06,4.60446e+06,0
1,26,sync__,GPU,4.60446e+06,4.60446e+06,0
1,26,residual_2,GPU,4.60446e+06,4.60472e+06,261.148
1,27,MoE_decoder_27,GPU,4.60472e+06,4.78055e+06,175830
1,27,input_layer_norm,GPU,4.60472e+06,4.60498e+06,261.148
1,27,attention,GPU,4.60498e+06,4.64485e+06,39870
1,27,attn_qkv_proj,GPU,4.60498e+06,4.61133e+06,6347.9
1,27,Linear,GPU,4.60498e+06,4.61133e+06,6347.9
1,27,self_attention,GPU,4.61133e+06,4.61995e+06,8625.91
1,27,AttentionSplit,GPU,4.61133e+06,4.61133e+06,0
1,27,AttentionSum,GPU,4.61133e+06,4.61133e+06,0
1,27,AttentionGen,Logic,4.61133e+06,4.61995e+06,8625.91
1,27,AttentionMerge,GPU,4.61995e+06,4.61995e+06,0
1,27,attn_o_proj,GPU,4.61995e+06,4.62423e+06,4274.79
1,27,Linear,GPU,4.61995e+06,4.62423e+06,4274.79
1,27,all_reduce,GPU,4.62423e+06,4.64485e+06,20621.4
1,27,residual_1,GPU,4.64485e+06,4.64511e+06,261.148
1,27,post_attn_layer_norm,GPU,4.64511e+06,4.64537e+06,261.148
1,27,expertFFN,GPU,4.64537e+06,4.78029e+06,134916
1,27,sync_0,GPU,4.64537e+06,4.64537e+06,0
1,27,sync__set,GPU,4.64537e+06,4.64537e+06,0
1,27,sync__,GPU,4.64537e+06,4.64537e+06,0
1,27,gate_fn,GPU,4.64537e+06,4.64553e+06,160.957
1,27,Linear,GPU,4.64537e+06,4.64553e+06,160.957
1,27,gate_update,GPU,4.64553e+06,4.64553e+06,0
1,27,moe_scatter,GPU,4.64553e+06,4.64553e+06,0
1,27,sync_for_moe_scatter,GPU,4.64553e+06,4.64553e+06,0
1,27,sync__set,GPU,4.64553e+06,4.64553e+06,0
1,27,sync__,GPU,4.64553e+06,4.64553e+06,0
1,27,moe_route,GPU,4.64553e+06,4.64553e+06,0
1,27,expert_FFN_0,GPU,4.64553e+06,4.65637e+06,10840.9
1,27,gate_proj,GPU,4.64553e+06,4.64914e+06,3609.24
1,27,Linear,Logic,4.64553e+06,4.64914e+06,3609.24
1,27,activation,Logic,4.64914e+06,4.64916e+06,13.1829
1,27,up_proj,GPU,4.64916e+06,4.65277e+06,3609.24
1,27,Linear,Logic,4.64916e+06,4.65277e+06,3609.24
1,27,down_proj,GPU,4.65277e+06,4.65637e+06,3609.24
1,27,Linear,Logic,4.65277e+06,4.65637e+06,3609.24
1,27,expert_FFN_1,GPU,4.65637e+06,4.6699e+06,13525.7
1,27,gate_proj,GPU,4.65637e+06,4.66087e+06,4499.77
1,27,Linear,Logic,4.65637e+06,4.66087e+06,4499.77
1,27,activation,Logic,4.66087e+06,4.6609e+06,26.3659
1,27,up_proj,GPU,4.6609e+06,4.6654e+06,4499.77
1,27,Linear,Logic,4.6609e+06,4.6654e+06,4499.77
1,27,down_proj,GPU,4.6654e+06,4.6699e+06,4499.77
1,27,Linear,Logic,4.6654e+06,4.6699e+06,4499.77
1,27,expert_FFN_2,GPU,4.6699e+06,4.68343e+06,13525.7
1,27,gate_proj,GPU,4.6699e+06,4.6744e+06,4499.77
1,27,Linear,Logic,4.6699e+06,4.6744e+06,4499.77
1,27,activation,Logic,4.6744e+06,4.67443e+06,26.3659
1,27,up_proj,GPU,4.67443e+06,4.67893e+06,4499.77
1,27,Linear,Logic,4.67443e+06,4.67893e+06,4499.77
1,27,down_proj,GPU,4.67893e+06,4.68343e+06,4499.77
1,27,Linear,Logic,4.67893e+06,4.68343e+06,4499.77
1,27,expert_FFN_3,GPU,4.68343e+06,4.69428e+06,10849.2
1,27,gate_proj,GPU,4.68343e+06,4.68704e+06,3611.12
1,27,Linear,Logic,4.68343e+06,4.68704e+06,3611.12
1,27,activation,Logic,4.68704e+06,4.68705e+06,15.8195
1,27,up_proj,GPU,4.68705e+06,4.69066e+06,3611.12
1,27,Linear,Logic,4.68705e+06,4.69066e+06,3611.12
1,27,down_proj,GPU,4.69066e+06,4.69428e+06,3611.12
1,27,Linear,Logic,4.69066e+06,4.69428e+06,3611.12
1,27,expert_FFN_4,GPU,4.69428e+06,4.70514e+06,10865.7
1,27,gate_proj,GPU,4.69428e+06,4.69789e+06,3614.89
1,27,Linear,Logic,4.69428e+06,4.69789e+06,3614.89
1,27,activation,Logic,4.69789e+06,4.69791e+06,21.0927
1,27,up_proj,GPU,4.69791e+06,4.70153e+06,3614.89
1,27,Linear,Logic,4.69791e+06,4.70153e+06,3614.89
1,27,down_proj,GPU,4.70153e+06,4.70514e+06,3614.89
1,27,Linear,Logic,4.70153e+06,4.70514e+06,3614.89
1,27,expert_FFN_5,GPU,4.70514e+06,4.71731e+06,12173.1
1,27,gate_proj,GPU,4.70514e+06,4.70919e+06,4049.8
1,27,Linear,Logic,4.70514e+06,4.70919e+06,4049.8
1,27,activation,Logic,4.70919e+06,4.70921e+06,23.7293
1,27,up_proj,GPU,4.70921e+06,4.71326e+06,4049.8
1,27,Linear,Logic,4.70921e+06,4.71326e+06,4049.8
1,27,down_proj,GPU,4.71326e+06,4.71731e+06,4049.8
1,27,Linear,Logic,4.71326e+06,4.71731e+06,4049.8
1,27,expert_FFN_6,GPU,4.71731e+06,4.72818e+06,10865.7
1,27,gate_proj,GPU,4.71731e+06,4.72093e+06,3614.89
1,27,Linear,Logic,4.71731e+06,4.72093e+06,3614.89
1,27,activation,Logic,4.72093e+06,4.72095e+06,21.0927
1,27,up_proj,GPU,4.72095e+06,4.72457e+06,3614.89
1,27,Linear,Logic,4.72095e+06,4.72457e+06,3614.89
1,27,down_proj,GPU,4.72457e+06,4.72818e+06,3614.89
1,27,Linear,Logic,4.72457e+06,4.72818e+06,3614.89
1,27,expert_FFN_7,GPU,4.72818e+06,4.73905e+06,10865.7
1,27,gate_proj,GPU,4.72818e+06,4.7318e+06,3614.89
1,27,Linear,Logic,4.72818e+06,4.7318e+06,3614.89
1,27,activation,Logic,4.7318e+06,4.73182e+06,21.0927
1,27,up_proj,GPU,4.73182e+06,4.73543e+06,3614.89
1,27,Linear,Logic,4.73182e+06,4.73543e+06,3614.89
1,27,down_proj,GPU,4.73543e+06,4.73905e+06,3614.89
1,27,Linear,Logic,4.73543e+06,4.73905e+06,3614.89
1,27,sync_2,GPU,4.73905e+06,4.73905e+06,0
1,27,sync__set,GPU,4.73905e+06,4.73905e+06,0
1,27,sync__,GPU,4.73905e+06,4.73905e+06,0
1,27,moe_all_reduce_for_e_tp,GPU,4.73905e+06,4.75967e+06,20621.4
1,27,sync_3,GPU,4.75967e+06,4.75967e+06,0
1,27,sync__set,GPU,4.75967e+06,4.75967e+06,0
1,27,sync__,GPU,4.75967e+06,4.75967e+06,0
1,27,moe_gather,GPU,4.75967e+06,4.75967e+06,0
1,27,sync_for_moe_gather,GPU,4.75967e+06,4.75967e+06,0
1,27,sync__set,GPU,4.75967e+06,4.75967e+06,0
1,27,sync__,GPU,4.75967e+06,4.75967e+06,0
1,27,moe_all_reduce_for_gather,GPU,4.75967e+06,4.78029e+06,20621.4
1,27,sync_5,GPU,4.78029e+06,4.78029e+06,0
1,27,sync__set,GPU,4.78029e+06,4.78029e+06,0
1,27,sync__,GPU,4.78029e+06,4.78029e+06,0
1,27,sync_6,GPU,4.78029e+06,4.78029e+06,0
1,27,sync__set,GPU,4.78029e+06,4.78029e+06,0
1,27,sync__,GPU,4.78029e+06,4.78029e+06,0
1,27,residual_2,GPU,4.78029e+06,4.78055e+06,261.148
1,28,MoE_decoder_28,GPU,4.78055e+06,4.95504e+06,174486
1,28,input_layer_norm,GPU,4.78055e+06,4.78081e+06,261.148
1,28,attention,GPU,4.78081e+06,4.82068e+06,39870
1,28,attn_qkv_proj,GPU,4.78081e+06,4.78716e+06,6347.9
1,28,Linear,GPU,4.78081e+06,4.78716e+06,6347.9
1,28,self_attention,GPU,4.78716e+06,4.79578e+06,8625.91
1,28,AttentionSplit,GPU,4.78716e+06,4.78716e+06,0
1,28,AttentionSum,GPU,4.78716e+06,4.78716e+06,0
1,28,AttentionGen,Logic,4.78716e+06,4.79578e+06,8625.91
1,28,AttentionMerge,GPU,4.79578e+06,4.79578e+06,0
1,28,attn_o_proj,GPU,4.79578e+06,4.80006e+06,4274.79
1,28,Linear,GPU,4.79578e+06,4.80006e+06,4274.79
1,28,all_reduce,GPU,4.80006e+06,4.82068e+06,20621.4
1,28,residual_1,GPU,4.82068e+06,4.82094e+06,261.148
1,28,post_attn_layer_norm,GPU,4.82094e+06,4.8212e+06,261.148
1,28,expertFFN,GPU,4.8212e+06,4.95477e+06,133571
1,28,sync_0,GPU,4.8212e+06,4.8212e+06,0
1,28,sync__set,GPU,4.8212e+06,4.8212e+06,0
1,28,sync__,GPU,4.8212e+06,4.8212e+06,0
1,28,gate_fn,GPU,4.8212e+06,4.82136e+06,160.957
1,28,Linear,GPU,4.8212e+06,4.82136e+06,160.957
1,28,gate_update,GPU,4.82136e+06,4.82136e+06,0
1,28,moe_scatter,GPU,4.82136e+06,4.82136e+06,0
1,28,sync_for_moe_scatter,GPU,4.82136e+06,4.82136e+06,0
1,28,sync__set,GPU,4.82136e+06,4.82136e+06,0
1,28,sync__,GPU,4.82136e+06,4.82136e+06,0
1,28,moe_route,GPU,4.82136e+06,4.82136e+06,0
1,28,expert_FFN_0,GPU,4.82136e+06,4.83354e+06,12173.1
1,28,gate_proj,GPU,4.82136e+06,4.82541e+06,4049.8
1,28,Linear,Logic,4.82136e+06,4.82541e+06,4049.8
1,28,activation,Logic,4.82541e+06,4.82544e+06,23.7293
1,28,up_proj,GPU,4.82544e+06,4.82949e+06,4049.8
1,28,Linear,Logic,4.82544e+06,4.82949e+06,4049.8
1,28,down_proj,GPU,4.82949e+06,4.83354e+06,4049.8
1,28,Linear,Logic,4.82949e+06,4.83354e+06,4049.8
1,28,expert_FFN_1,GPU,4.83354e+06,4.84706e+06,13525.7
1,28,gate_proj,GPU,4.83354e+06,4.83804e+06,4499.77
1,28,Linear,Logic,4.83354e+06,4.83804e+06,4499.77
1,28,activation,Logic,4.83804e+06,4.83806e+06,26.3659
1,28,up_proj,GPU,4.83806e+06,4.84256e+06,4499.77
1,28,Linear,Logic,4.83806e+06,4.84256e+06,4499.77
1,28,down_proj,GPU,4.84256e+06,4.84706e+06,4499.77
1,28,Linear,Logic,4.84256e+06,4.84706e+06,4499.77
1,28,expert_FFN_2,GPU,4.84706e+06,4.85792e+06,10857.5
1,28,gate_proj,GPU,4.84706e+06,4.85068e+06,3613
1,28,Linear,Logic,4.84706e+06,4.85068e+06,3613
1,28,activation,Logic,4.85068e+06,4.85069e+06,18.4561
1,28,up_proj,GPU,4.85069e+06,4.85431e+06,3613
1,28,Linear,Logic,4.85069e+06,4.85431e+06,3613
1,28,down_proj,GPU,4.85431e+06,4.85792e+06,3613
1,28,Linear,Logic,4.85431e+06,4.85792e+06,3613
1,28,expert_FFN_3,GPU,4.85792e+06,4.86879e+06,10865.7
1,28,gate_proj,GPU,4.85792e+06,4.86154e+06,3614.89
1,28,Linear,Logic,4.85792e+06,4.86154e+06,3614.89
1,28,activation,Logic,4.86154e+06,4.86156e+06,21.0927
1,28,up_proj,GPU,4.86156e+06,4.86517e+06,3614.89
1,28,Linear,Logic,4.86156e+06,4.86517e+06,3614.89
1,28,down_proj,GPU,4.86517e+06,4.86879e+06,3614.89
1,28,Linear,Logic,4.86517e+06,4.86879e+06,3614.89
1,28,expert_FFN_4,GPU,4.86879e+06,4.87965e+06,10865.7
1,28,gate_proj,GPU,4.86879e+06,4.8724e+06,3614.89
1,28,Linear,Logic,4.86879e+06,4.8724e+06,3614.89
1,28,activation,Logic,4.8724e+06,4.87242e+06,21.0927
1,28,up_proj,GPU,4.87242e+06,4.87604e+06,3614.89
1,28,Linear,Logic,4.87242e+06,4.87604e+06,3614.89
1,28,down_proj,GPU,4.87604e+06,4.87965e+06,3614.89
1,28,Linear,Logic,4.87604e+06,4.87965e+06,3614.89
1,28,expert_FFN_5,GPU,4.87965e+06,4.89051e+06,10857.5
1,28,gate_proj,GPU,4.87965e+06,4.88327e+06,3613
1,28,Linear,Logic,4.87965e+06,4.88327e+06,3613
1,28,activation,Logic,4.88327e+06,4.88328e+06,18.4561
1,28,up_proj,GPU,4.88328e+06,4.8869e+06,3613
1,28,Linear,Logic,4.88328e+06,4.8869e+06,3613
1,28,down_proj,GPU,4.8869e+06,4.89051e+06,3613
1,28,Linear,Logic,4.8869e+06,4.89051e+06,3613
1,28,expert_FFN_6,GPU,4.89051e+06,4.90136e+06,10849.2
1,28,gate_proj,GPU,4.89051e+06,4.89412e+06,3611.12
1,28,Linear,Logic,4.89051e+06,4.89412e+06,3611.12
1,28,activation,Logic,4.89412e+06,4.89414e+06,15.8195
1,28,up_proj,GPU,4.89414e+06,4.89775e+06,3611.12
1,28,Linear,Logic,4.89414e+06,4.89775e+06,3611.12
1,28,down_proj,GPU,4.89775e+06,4.90136e+06,3611.12
1,28,Linear,Logic,4.89775e+06,4.90136e+06,3611.12
1,28,expert_FFN_7,GPU,4.90136e+06,4.91353e+06,12173.1
1,28,gate_proj,GPU,4.90136e+06,4.90541e+06,4049.8
1,28,Linear,Logic,4.90136e+06,4.90541e+06,4049.8
1,28,activation,Logic,4.90541e+06,4.90543e+06,23.7293
1,28,up_proj,GPU,4.90543e+06,4.90948e+06,4049.8
1,28,Linear,Logic,4.90543e+06,4.90948e+06,4049.8
1,28,down_proj,GPU,4.90948e+06,4.91353e+06,4049.8
1,28,Linear,Logic,4.90948e+06,4.91353e+06,4049.8
1,28,sync_2,GPU,4.91353e+06,4.91353e+06,0
1,28,sync__set,GPU,4.91353e+06,4.91353e+06,0
1,28,sync__,GPU,4.91353e+06,4.91353e+06,0
1,28,moe_all_reduce_for_e_tp,GPU,4.91353e+06,4.93415e+06,20621.4
1,28,sync_3,GPU,4.93415e+06,4.93415e+06,0
1,28,sync__set,GPU,4.93415e+06,4.93415e+06,0
1,28,sync__,GPU,4.93415e+06,4.93415e+06,0
1,28,moe_gather,GPU,4.93415e+06,4.93415e+06,0
1,28,sync_for_moe_gather,GPU,4.93415e+06,4.93415e+06,0
1,28,sync__set,GPU,4.93415e+06,4.93415e+06,0
1,28,sync__,GPU,4.93415e+06,4.93415e+06,0
1,28,moe_all_reduce_for_gather,GPU,4.93415e+06,4.95477e+06,20621.4
1,28,sync_5,GPU,4.95477e+06,4.95477e+06,0
1,28,sync__set,GPU,4.95477e+06,4.95477e+06,0
1,28,sync__,GPU,4.95477e+06,4.95477e+06,0
1,28,sync_6,GPU,4.95477e+06,4.95477e+06,0
1,28,sync__set,GPU,4.95477e+06,4.95477e+06,0
1,28,sync__,GPU,4.95477e+06,4.95477e+06,0
1,28,residual_2,GPU,4.95477e+06,4.95504e+06,261.148
1,29,MoE_decoder_29,GPU,4.95504e+06,5.12448e+06,169443
1,29,input_layer_norm,GPU,4.95504e+06,4.9553e+06,261.148
1,29,attention,GPU,4.9553e+06,4.99517e+06,39870
1,29,attn_qkv_proj,GPU,4.9553e+06,4.96164e+06,6347.9
1,29,Linear,GPU,4.9553e+06,4.96164e+06,6347.9
1,29,self_attention,GPU,4.96164e+06,4.97027e+06,8625.91
1,29,AttentionSplit,GPU,4.96164e+06,4.96164e+06,0
1,29,AttentionSum,GPU,4.96164e+06,4.96164e+06,0
1,29,AttentionGen,Logic,4.96164e+06,4.97027e+06,8625.91
1,29,AttentionMerge,GPU,4.97027e+06,4.97027e+06,0
1,29,attn_o_proj,GPU,4.97027e+06,4.97455e+06,4274.79
1,29,Linear,GPU,4.97027e+06,4.97455e+06,4274.79
1,29,all_reduce,GPU,4.97455e+06,4.99517e+06,20621.4
1,29,residual_1,GPU,4.99517e+06,4.99543e+06,261.148
1,29,post_attn_layer_norm,GPU,4.99543e+06,4.99569e+06,261.148
1,29,expertFFN,GPU,4.99569e+06,5.12422e+06,128529
1,29,sync_0,GPU,4.99569e+06,4.99569e+06,0
1,29,sync__set,GPU,4.99569e+06,4.99569e+06,0
1,29,sync__,GPU,4.99569e+06,4.99569e+06,0
1,29,gate_fn,GPU,4.99569e+06,4.99585e+06,160.957
1,29,Linear,GPU,4.99569e+06,4.99585e+06,160.957
1,29,gate_update,GPU,4.99585e+06,4.99585e+06,0
1,29,moe_scatter,GPU,4.99585e+06,4.99585e+06,0
1,29,sync_for_moe_scatter,GPU,4.99585e+06,4.99585e+06,0
1,29,sync__set,GPU,4.99585e+06,4.99585e+06,0
1,29,sync__,GPU,4.99585e+06,4.99585e+06,0
1,29,moe_route,GPU,4.99585e+06,4.99585e+06,0
1,29,expert_FFN_0,GPU,4.99585e+06,5.00672e+06,10865.7
1,29,gate_proj,GPU,4.99585e+06,4.99947e+06,3614.89
1,29,Linear,Logic,4.99585e+06,4.99947e+06,3614.89
1,29,activation,Logic,4.99947e+06,4.99949e+06,21.0927
1,29,up_proj,GPU,4.99949e+06,5.0031e+06,3614.89
1,29,Linear,Logic,4.99949e+06,5.0031e+06,3614.89
1,29,down_proj,GPU,5.0031e+06,5.00672e+06,3614.89
1,29,Linear,Logic,5.0031e+06,5.00672e+06,3614.89
1,29,expert_FFN_1,GPU,5.00672e+06,5.01757e+06,10849.2
1,29,gate_proj,GPU,5.00672e+06,5.01033e+06,3611.12
1,29,Linear,Logic,5.00672e+06,5.01033e+06,3611.12
1,29,activation,Logic,5.01033e+06,5.01034e+06,15.8195
1,29,up_proj,GPU,5.01034e+06,5.01395e+06,3611.12
1,29,Linear,Logic,5.01034e+06,5.01395e+06,3611.12
1,29,down_proj,GPU,5.01395e+06,5.01757e+06,3611.12
1,29,Linear,Logic,5.01395e+06,5.01757e+06,3611.12
1,29,expert_FFN_2,GPU,4.99585e+06,5.03945e+06,43595.6
1,29,gate_proj,GPU,4.99585e+06,5.01034e+06,14489.7
1,29,Linear,GPU,4.99585e+06,5.01034e+06,14489.7
1,29,activation,GPU,5.01034e+06,5.01047e+06,126.556
1,29,up_proj,GPU,5.01047e+06,5.02496e+06,14489.7
1,29,Linear,GPU,5.01047e+06,5.02496e+06,14489.7
1,29,down_proj,GPU,5.02496e+06,5.03945e+06,14489.7
1,29,Linear,GPU,5.02496e+06,5.03945e+06,14489.7
1,29,expert_FFN_3,GPU,5.03945e+06,5.08298e+06,43529.3
1,29,gate_proj,GPU,5.03945e+06,5.05392e+06,14474.6
1,29,Linear,GPU,5.03945e+06,5.05392e+06,14474.6
1,29,activation,GPU,5.05392e+06,5.05403e+06,105.463
1,29,up_proj,GPU,5.05403e+06,5.0685e+06,14474.6
1,29,Linear,GPU,5.05403e+06,5.0685e+06,14474.6
1,29,down_proj,GPU,5.0685e+06,5.08298e+06,14474.6
1,29,Linear,GPU,5.0685e+06,5.08298e+06,14474.6
1,29,expert_FFN_4,GPU,5.01757e+06,5.02841e+06,10849.2
1,29,gate_proj,GPU,5.01757e+06,5.02118e+06,3611.12
1,29,Linear,Logic,5.01757e+06,5.02118e+06,3611.12
1,29,activation,Logic,5.02118e+06,5.02119e+06,15.8195
1,29,up_proj,GPU,5.02119e+06,5.0248e+06,3611.12
1,29,Linear,Logic,5.02119e+06,5.0248e+06,3611.12
1,29,down_proj,GPU,5.0248e+06,5.02841e+06,3611.12
1,29,Linear,Logic,5.0248e+06,5.02841e+06,3611.12
1,29,expert_FFN_5,GPU,5.02841e+06,5.03928e+06,10865.7
1,29,gate_proj,GPU,5.02841e+06,5.03203e+06,3614.89
1,29,Linear,Logic,5.02841e+06,5.03203e+06,3614.89
1,29,activation,Logic,5.03203e+06,5.03205e+06,21.0927
1,29,up_proj,GPU,5.03205e+06,5.03567e+06,3614.89
1,29,Linear,Logic,5.03205e+06,5.03567e+06,3614.89
1,29,down_proj,GPU,5.03567e+06,5.03928e+06,3614.89
1,29,Linear,Logic,5.03567e+06,5.03928e+06,3614.89
1,29,expert_FFN_6,GPU,5.03928e+06,5.05014e+06,10857.5
1,29,gate_proj,GPU,5.03928e+06,5.04289e+06,3613
1,29,Linear,Logic,5.03928e+06,5.04289e+06,3613
1,29,activation,Logic,5.04289e+06,5.04291e+06,18.4561
1,29,up_proj,GPU,5.04291e+06,5.04652e+06,3613
1,29,Linear,Logic,5.04291e+06,5.04652e+06,3613
1,29,down_proj,GPU,5.04652e+06,5.05014e+06,3613
1,29,Linear,Logic,5.04652e+06,5.05014e+06,3613
1,29,expert_FFN_7,GPU,5.05014e+06,5.061e+06,10857.5
1,29,gate_proj,GPU,5.05014e+06,5.05375e+06,3613
1,29,Linear,Logic,5.05014e+06,5.05375e+06,3613
1,29,activation,Logic,5.05375e+06,5.05377e+06,18.4561
1,29,up_proj,GPU,5.05377e+06,5.05738e+06,3613
1,29,Linear,Logic,5.05377e+06,5.05738e+06,3613
1,29,down_proj,GPU,5.05738e+06,5.061e+06,3613
1,29,Linear,Logic,5.05738e+06,5.061e+06,3613
1,29,sync_2,GPU,5.08298e+06,5.08298e+06,0
1,29,sync__set,GPU,5.08298e+06,5.08298e+06,0
1,29,sync__,GPU,5.08298e+06,5.08298e+06,0
1,29,moe_all_reduce_for_e_tp,GPU,5.08298e+06,5.1036e+06,20621.4
1,29,sync_3,GPU,5.1036e+06,5.1036e+06,0
1,29,sync__set,GPU,5.1036e+06,5.1036e+06,0
1,29,sync__,GPU,5.1036e+06,5.1036e+06,0
1,29,moe_gather,GPU,5.1036e+06,5.1036e+06,0
1,29,sync_for_moe_gather,GPU,5.1036e+06,5.1036e+06,0
1,29,sync__set,GPU,5.1036e+06,5.1036e+06,0
1,29,sync__,GPU,5.1036e+06,5.1036e+06,0
1,29,moe_all_reduce_for_gather,GPU,5.1036e+06,5.12422e+06,20621.4
1,29,sync_5,GPU,5.12422e+06,5.12422e+06,0
1,29,sync__set,GPU,5.12422e+06,5.12422e+06,0
1,29,sync__,GPU,5.12422e+06,5.12422e+06,0
1,29,sync_6,GPU,5.12422e+06,5.12422e+06,0
1,29,sync__set,GPU,5.12422e+06,5.12422e+06,0
1,29,sync__,GPU,5.12422e+06,5.12422e+06,0
1,29,residual_2,GPU,5.12422e+06,5.12448e+06,261.148
1,30,MoE_decoder_30,GPU,5.12448e+06,5.29379e+06,169311
1,30,input_layer_norm,GPU,5.12448e+06,5.12474e+06,261.148
1,30,attention,GPU,5.12474e+06,5.16461e+06,39870
1,30,attn_qkv_proj,GPU,5.12474e+06,5.13109e+06,6347.9
1,30,Linear,GPU,5.12474e+06,5.13109e+06,6347.9
1,30,self_attention,GPU,5.13109e+06,5.13971e+06,8625.91
1,30,AttentionSplit,GPU,5.13109e+06,5.13109e+06,0
1,30,AttentionSum,GPU,5.13109e+06,5.13109e+06,0
1,30,AttentionGen,Logic,5.13109e+06,5.13971e+06,8625.91
1,30,AttentionMerge,GPU,5.13971e+06,5.13971e+06,0
1,30,attn_o_proj,GPU,5.13971e+06,5.14399e+06,4274.79
1,30,Linear,GPU,5.13971e+06,5.14399e+06,4274.79
1,30,all_reduce,GPU,5.14399e+06,5.16461e+06,20621.4
1,30,residual_1,GPU,5.16461e+06,5.16487e+06,261.148
1,30,post_attn_layer_norm,GPU,5.16487e+06,5.16513e+06,261.148
1,30,expertFFN,GPU,5.16513e+06,5.29353e+06,128396
1,30,sync_0,GPU,5.16513e+06,5.16513e+06,0
1,30,sync__set,GPU,5.16513e+06,5.16513e+06,0
1,30,sync__,GPU,5.16513e+06,5.16513e+06,0
1,30,gate_fn,GPU,5.16513e+06,5.16529e+06,160.957
1,30,Linear,GPU,5.16513e+06,5.16529e+06,160.957
1,30,gate_update,GPU,5.16529e+06,5.16529e+06,0
1,30,moe_scatter,GPU,5.16529e+06,5.16529e+06,0
1,30,sync_for_moe_scatter,GPU,5.16529e+06,5.16529e+06,0
1,30,sync__set,GPU,5.16529e+06,5.16529e+06,0
1,30,sync__,GPU,5.16529e+06,5.16529e+06,0
1,30,moe_route,GPU,5.16529e+06,5.16529e+06,0
1,30,expert_FFN_0,GPU,5.16529e+06,5.20889e+06,43595.6
1,30,gate_proj,GPU,5.16529e+06,5.17978e+06,14489.7
1,30,Linear,GPU,5.16529e+06,5.17978e+06,14489.7
1,30,activation,GPU,5.17978e+06,5.17991e+06,126.556
1,30,up_proj,GPU,5.17991e+06,5.1944e+06,14489.7
1,30,Linear,GPU,5.17991e+06,5.1944e+06,14489.7
1,30,down_proj,GPU,5.1944e+06,5.20889e+06,14489.7
1,30,Linear,GPU,5.1944e+06,5.20889e+06,14489.7
1,30,expert_FFN_1,GPU,5.20889e+06,5.25229e+06,43396.7
1,30,gate_proj,GPU,5.20889e+06,5.22333e+06,14444.5
1,30,Linear,GPU,5.20889e+06,5.22333e+06,14444.5
1,30,activation,GPU,5.22333e+06,5.2234e+06,63.2781
1,30,up_proj,GPU,5.2234e+06,5.23784e+06,14444.5
1,30,Linear,GPU,5.2234e+06,5.23784e+06,14444.5
1,30,down_proj,GPU,5.23784e+06,5.25229e+06,14444.5
1,30,Linear,GPU,5.23784e+06,5.25229e+06,14444.5
1,30,expert_FFN_2,GPU,5.16529e+06,5.17613e+06,10840.9
1,30,gate_proj,GPU,5.16529e+06,5.1689e+06,3609.24
1,30,Linear,Logic,5.16529e+06,5.1689e+06,3609.24
1,30,activation,Logic,5.1689e+06,5.16892e+06,13.1829
1,30,up_proj,GPU,5.16892e+06,5.17253e+06,3609.24
1,30,Linear,Logic,5.16892e+06,5.17253e+06,3609.24
1,30,down_proj,GPU,5.17253e+06,5.17613e+06,3609.24
1,30,Linear,Logic,5.17253e+06,5.17613e+06,3609.24
1,30,expert_FFN_3,GPU,5.17613e+06,5.18699e+06,10857.5
1,30,gate_proj,GPU,5.17613e+06,5.17975e+06,3613
1,30,Linear,Logic,5.17613e+06,5.17975e+06,3613
1,30,activation,Logic,5.17975e+06,5.17977e+06,18.4561
1,30,up_proj,GPU,5.17977e+06,5.18338e+06,3613
1,30,Linear,Logic,5.17977e+06,5.18338e+06,3613
1,30,down_proj,GPU,5.18338e+06,5.18699e+06,3613
1,30,Linear,Logic,5.18338e+06,5.18699e+06,3613
1,30,expert_FFN_4,GPU,5.18699e+06,5.19785e+06,10857.5
1,30,gate_proj,GPU,5.18699e+06,5.19061e+06,3613
1,30,Linear,Logic,5.18699e+06,5.19061e+06,3613
1,30,activation,Logic,5.19061e+06,5.19062e+06,18.4561
1,30,up_proj,GPU,5.19062e+06,5.19424e+06,3613
1,30,Linear,Logic,5.19062e+06,5.19424e+06,3613
1,30,down_proj,GPU,5.19424e+06,5.19785e+06,3613
1,30,Linear,Logic,5.19424e+06,5.19785e+06,3613
1,30,expert_FFN_5,GPU,5.19785e+06,5.21002e+06,12173.1
1,30,gate_proj,GPU,5.19785e+06,5.2019e+06,4049.8
1,30,Linear,Logic,5.19785e+06,5.2019e+06,4049.8
1,30,activation,Logic,5.2019e+06,5.20192e+06,23.7293
1,30,up_proj,GPU,5.20192e+06,5.20597e+06,4049.8
1,30,Linear,Logic,5.20192e+06,5.20597e+06,4049.8
1,30,down_proj,GPU,5.20597e+06,5.21002e+06,4049.8
1,30,Linear,Logic,5.20597e+06,5.21002e+06,4049.8
1,30,expert_FFN_6,GPU,5.21002e+06,5.22088e+06,10857.5
1,30,gate_proj,GPU,5.21002e+06,5.21364e+06,3613
1,30,Linear,Logic,5.21002e+06,5.21364e+06,3613
1,30,activation,Logic,5.21364e+06,5.21365e+06,18.4561
1,30,up_proj,GPU,5.21365e+06,5.21727e+06,3613
1,30,Linear,Logic,5.21365e+06,5.21727e+06,3613
1,30,down_proj,GPU,5.21727e+06,5.22088e+06,3613
1,30,Linear,Logic,5.21727e+06,5.22088e+06,3613
1,30,expert_FFN_7,GPU,5.22088e+06,5.23576e+06,14878.3
1,30,gate_proj,GPU,5.22088e+06,5.22583e+06,4949.75
1,30,Linear,Logic,5.22088e+06,5.22583e+06,4949.75
1,30,activation,Logic,5.22583e+06,5.22586e+06,29.0025
1,30,up_proj,GPU,5.22586e+06,5.23081e+06,4949.75
1,30,Linear,Logic,5.22586e+06,5.23081e+06,4949.75
1,30,down_proj,GPU,5.23081e+06,5.23576e+06,4949.75
1,30,Linear,Logic,5.23081e+06,5.23576e+06,4949.75
1,30,sync_2,GPU,5.25229e+06,5.25229e+06,0
1,30,sync__set,GPU,5.25229e+06,5.25229e+06,0
1,30,sync__,GPU,5.25229e+06,5.25229e+06,0
1,30,moe_all_reduce_for_e_tp,GPU,5.25229e+06,5.27291e+06,20621.4
1,30,sync_3,GPU,5.27291e+06,5.27291e+06,0
1,30,sync__set,GPU,5.27291e+06,5.27291e+06,0
1,30,sync__,GPU,5.27291e+06,5.27291e+06,0
1,30,moe_gather,GPU,5.27291e+06,5.27291e+06,0
1,30,sync_for_moe_gather,GPU,5.27291e+06,5.27291e+06,0
1,30,sync__set,GPU,5.27291e+06,5.27291e+06,0
1,30,sync__,GPU,5.27291e+06,5.27291e+06,0
1,30,moe_all_reduce_for_gather,GPU,5.27291e+06,5.29353e+06,20621.4
1,30,sync_5,GPU,5.29353e+06,5.29353e+06,0
1,30,sync__set,GPU,5.29353e+06,5.29353e+06,0
1,30,sync__,GPU,5.29353e+06,5.29353e+06,0
1,30,sync_6,GPU,5.29353e+06,5.29353e+06,0
1,30,sync__set,GPU,5.29353e+06,5.29353e+06,0
1,30,sync__,GPU,5.29353e+06,5.29353e+06,0
1,30,residual_2,GPU,5.29353e+06,5.29379e+06,261.148
1,31,MoE_decoder_31,GPU,5.29379e+06,5.4631e+06,169311
1,31,input_layer_norm,GPU,5.29379e+06,5.29405e+06,261.148
1,31,attention,GPU,5.29405e+06,5.33392e+06,39870
1,31,attn_qkv_proj,GPU,5.29405e+06,5.3004e+06,6347.9
1,31,Linear,GPU,5.29405e+06,5.3004e+06,6347.9
1,31,self_attention,GPU,5.3004e+06,5.30902e+06,8625.91
1,31,AttentionSplit,GPU,5.3004e+06,5.3004e+06,0
1,31,AttentionSum,GPU,5.3004e+06,5.3004e+06,0
1,31,AttentionGen,Logic,5.3004e+06,5.30902e+06,8625.91
1,31,AttentionMerge,GPU,5.30902e+06,5.30902e+06,0
1,31,attn_o_proj,GPU,5.30902e+06,5.3133e+06,4274.79
1,31,Linear,GPU,5.30902e+06,5.3133e+06,4274.79
1,31,all_reduce,GPU,5.3133e+06,5.33392e+06,20621.4
1,31,residual_1,GPU,5.33392e+06,5.33418e+06,261.148
1,31,post_attn_layer_norm,GPU,5.33418e+06,5.33444e+06,261.148
1,31,expertFFN,GPU,5.33444e+06,5.46284e+06,128396
1,31,sync_0,GPU,5.33444e+06,5.33444e+06,0
1,31,sync__set,GPU,5.33444e+06,5.33444e+06,0
1,31,sync__,GPU,5.33444e+06,5.33444e+06,0
1,31,gate_fn,GPU,5.33444e+06,5.3346e+06,160.957
1,31,Linear,GPU,5.33444e+06,5.3346e+06,160.957
1,31,gate_update,GPU,5.3346e+06,5.3346e+06,0
1,31,moe_scatter,GPU,5.3346e+06,5.3346e+06,0
1,31,sync_for_moe_scatter,GPU,5.3346e+06,5.3346e+06,0
1,31,sync__set,GPU,5.3346e+06,5.3346e+06,0
1,31,sync__,GPU,5.3346e+06,5.3346e+06,0
1,31,moe_route,GPU,5.3346e+06,5.3346e+06,0
1,31,expert_FFN_0,GPU,5.3346e+06,5.34546e+06,10857.5
1,31,gate_proj,GPU,5.3346e+06,5.33822e+06,3613
1,31,Linear,Logic,5.3346e+06,5.33822e+06,3613
1,31,activation,Logic,5.33822e+06,5.33824e+06,18.4561
1,31,up_proj,GPU,5.33824e+06,5.34185e+06,3613
1,31,Linear,Logic,5.33824e+06,5.34185e+06,3613
1,31,down_proj,GPU,5.34185e+06,5.34546e+06,3613
1,31,Linear,Logic,5.34185e+06,5.34546e+06,3613
1,31,expert_FFN_1,GPU,5.34546e+06,5.35763e+06,12173.1
1,31,gate_proj,GPU,5.34546e+06,5.34951e+06,4049.8
1,31,Linear,Logic,5.34546e+06,5.34951e+06,4049.8
1,31,activation,Logic,5.34951e+06,5.34954e+06,23.7293
1,31,up_proj,GPU,5.34954e+06,5.35359e+06,4049.8
1,31,Linear,Logic,5.34954e+06,5.35359e+06,4049.8
1,31,down_proj,GPU,5.35359e+06,5.35763e+06,4049.8
1,31,Linear,Logic,5.35359e+06,5.35763e+06,4049.8
1,31,expert_FFN_2,GPU,5.35763e+06,5.36848e+06,10849.2
1,31,gate_proj,GPU,5.35763e+06,5.36125e+06,3611.12
1,31,Linear,Logic,5.35763e+06,5.36125e+06,3611.12
1,31,activation,Logic,5.36125e+06,5.36126e+06,15.8195
1,31,up_proj,GPU,5.36126e+06,5.36487e+06,3611.12
1,31,Linear,Logic,5.36126e+06,5.36487e+06,3611.12
1,31,down_proj,GPU,5.36487e+06,5.36848e+06,3611.12
1,31,Linear,Logic,5.36487e+06,5.36848e+06,3611.12
1,31,expert_FFN_3,GPU,5.36848e+06,5.37933e+06,10849.2
1,31,gate_proj,GPU,5.36848e+06,5.3721e+06,3611.12
1,31,Linear,Logic,5.36848e+06,5.3721e+06,3611.12
1,31,activation,Logic,5.3721e+06,5.37211e+06,15.8195
1,31,up_proj,GPU,5.37211e+06,5.37572e+06,3611.12
1,31,Linear,Logic,5.37211e+06,5.37572e+06,3611.12
1,31,down_proj,GPU,5.37572e+06,5.37933e+06,3611.12
1,31,Linear,Logic,5.37572e+06,5.37933e+06,3611.12
1,31,expert_FFN_4,GPU,5.3346e+06,5.3782e+06,43595.6
1,31,gate_proj,GPU,5.3346e+06,5.34909e+06,14489.7
1,31,Linear,GPU,5.3346e+06,5.34909e+06,14489.7
1,31,activation,GPU,5.34909e+06,5.34922e+06,126.556
1,31,up_proj,GPU,5.34922e+06,5.36371e+06,14489.7
1,31,Linear,GPU,5.34922e+06,5.36371e+06,14489.7
1,31,down_proj,GPU,5.36371e+06,5.3782e+06,14489.7
1,31,Linear,GPU,5.36371e+06,5.3782e+06,14489.7
1,31,expert_FFN_5,GPU,5.3782e+06,5.4216e+06,43396.7
1,31,gate_proj,GPU,5.3782e+06,5.39264e+06,14444.5
1,31,Linear,GPU,5.3782e+06,5.39264e+06,14444.5
1,31,activation,GPU,5.39264e+06,5.39271e+06,63.2781
1,31,up_proj,GPU,5.39271e+06,5.40715e+06,14444.5
1,31,Linear,GPU,5.39271e+06,5.40715e+06,14444.5
1,31,down_proj,GPU,5.40715e+06,5.4216e+06,14444.5
1,31,Linear,GPU,5.40715e+06,5.4216e+06,14444.5
1,31,expert_FFN_6,GPU,5.37933e+06,5.39019e+06,10857.5
1,31,gate_proj,GPU,5.37933e+06,5.38295e+06,3613
1,31,Linear,Logic,5.37933e+06,5.38295e+06,3613
1,31,activation,Logic,5.38295e+06,5.38296e+06,18.4561
1,31,up_proj,GPU,5.38296e+06,5.38658e+06,3613
1,31,Linear,Logic,5.38296e+06,5.38658e+06,3613
1,31,down_proj,GPU,5.38658e+06,5.39019e+06,3613
1,31,Linear,Logic,5.38658e+06,5.39019e+06,3613
1,31,expert_FFN_7,GPU,5.39019e+06,5.40507e+06,14878.3
1,31,gate_proj,GPU,5.39019e+06,5.39514e+06,4949.75
1,31,Linear,Logic,5.39019e+06,5.39514e+06,4949.75
1,31,activation,Logic,5.39514e+06,5.39517e+06,29.0025
1,31,up_proj,GPU,5.39517e+06,5.40012e+06,4949.75
1,31,Linear,Logic,5.39517e+06,5.40012e+06,4949.75
1,31,down_proj,GPU,5.40012e+06,5.40507e+06,4949.75
1,31,Linear,Logic,5.40012e+06,5.40507e+06,4949.75
1,31,sync_2,GPU,5.4216e+06,5.4216e+06,0
1,31,sync__set,GPU,5.4216e+06,5.4216e+06,0
1,31,sync__,GPU,5.4216e+06,5.4216e+06,0
1,31,moe_all_reduce_for_e_tp,GPU,5.4216e+06,5.44222e+06,20621.4
1,31,sync_3,GPU,5.44222e+06,5.44222e+06,0
1,31,sync__set,GPU,5.44222e+06,5.44222e+06,0
1,31,sync__,GPU,5.44222e+06,5.44222e+06,0
1,31,moe_gather,GPU,5.44222e+06,5.44222e+06,0
1,31,sync_for_moe_gather,GPU,5.44222e+06,5.44222e+06,0
1,31,sync__set,GPU,5.44222e+06,5.44222e+06,0
1,31,sync__,GPU,5.44222e+06,5.44222e+06,0
1,31,moe_all_reduce_for_gather,GPU,5.44222e+06,5.46284e+06,20621.4
1,31,sync_5,GPU,5.46284e+06,5.46284e+06,0
1,31,sync__set,GPU,5.46284e+06,5.46284e+06,0
1,31,sync__,GPU,5.46284e+06,5.46284e+06,0
1,31,sync_6,GPU,5.46284e+06,5.46284e+06,0
1,31,sync__set,GPU,5.46284e+06,5.46284e+06,0
1,31,sync__,GPU,5.46284e+06,5.46284e+06,0
1,31,residual_2,GPU,5.46284e+06,5.4631e+06,261.148
2,0,MoE_decoder_0,GPU,0,169410,169410
2,0,input_layer_norm,GPU,0,261.148,261.148
2,0,attention,GPU,261.148,40131.2,39870
2,0,attn_qkv_proj,GPU,261.148,6609.04,6347.9
2,0,Linear,GPU,261.148,6609.04,6347.9
2,0,self_attention,GPU,6609.04,15235,8625.91
2,0,AttentionSplit,GPU,6609.04,6609.04,0
2,0,AttentionSum,GPU,6609.04,6609.04,0
2,0,AttentionGen,Logic,6609.04,15235,8625.91
2,0,AttentionMerge,GPU,15235,15235,0
2,0,attn_o_proj,GPU,15235,19509.7,4274.79
2,0,Linear,GPU,15235,19509.7,4274.79
2,0,all_reduce,GPU,19509.7,40131.2,20621.4
2,0,residual_1,GPU,40131.2,40392.3,261.148
2,0,post_attn_layer_norm,GPU,40392.3,40653.5,261.148
2,0,expertFFN,GPU,40653.5,169149,128496
2,0,sync_0,GPU,40653.5,40653.5,0
2,0,sync__set,GPU,40653.5,40653.5,0
2,0,sync__,GPU,40653.5,40653.5,0
2,0,gate_fn,GPU,40653.5,40814.4,160.957
2,0,Linear,GPU,40653.5,40814.4,160.957
2,0,gate_update,GPU,40814.4,40814.4,0
2,0,moe_scatter,GPU,40814.4,40814.4,0
2,0,sync_for_moe_scatter,GPU,40814.4,40814.4,0
2,0,sync__set,GPU,40814.4,40814.4,0
2,0,sync__,GPU,40814.4,40814.4,0
2,0,moe_route,GPU,40814.4,40814.4,0
2,0,expert_FFN_0,GPU,40814.4,52987.5,12173.1
2,0,gate_proj,GPU,40814.4,44864.2,4049.8
2,0,Linear,Logic,40814.4,44864.2,4049.8
2,0,activation,Logic,44864.2,44888,23.7293
2,0,up_proj,GPU,44888,48937.8,4049.8
2,0,Linear,Logic,44888,48937.8,4049.8
2,0,down_proj,GPU,48937.8,52987.5,4049.8
2,0,Linear,Logic,48937.8,52987.5,4049.8
2,0,expert_FFN_1,GPU,52987.5,63828.4,10840.9
2,0,gate_proj,GPU,52987.5,56596.8,3609.24
2,0,Linear,Logic,52987.5,56596.8,3609.24
2,0,activation,Logic,56596.8,56610,13.1829
2,0,up_proj,GPU,56610,60219.2,3609.24
2,0,Linear,Logic,56610,60219.2,3609.24
2,0,down_proj,GPU,60219.2,63828.4,3609.24
2,0,Linear,Logic,60219.2,63828.4,3609.24
2,0,expert_FFN_2,GPU,63828.4,74685.9,10857.5
2,0,gate_proj,GPU,63828.4,67441.4,3613
2,0,Linear,Logic,63828.4,67441.4,3613
2,0,activation,Logic,67441.4,67459.9,18.4561
2,0,up_proj,GPU,67459.9,71072.9,3613
2,0,Linear,Logic,67459.9,71072.9,3613
2,0,down_proj,GPU,71072.9,74685.9,3613
2,0,Linear,Logic,71072.9,74685.9,3613
2,0,expert_FFN_3,GPU,74685.9,90916.7,16230.8
2,0,gate_proj,GPU,74685.9,80085.6,5399.73
2,0,Linear,Logic,74685.9,80085.6,5399.73
2,0,activation,Logic,80085.6,80117.3,31.639
2,0,up_proj,GPU,80117.3,85517,5399.73
2,0,Linear,Logic,80117.3,85517,5399.73
2,0,down_proj,GPU,85517,90916.7,5399.73
2,0,Linear,Logic,85517,90916.7,5399.73
2,0,expert_FFN_4,GPU,90916.7,101758,10840.9
2,0,gate_proj,GPU,90916.7,94526,3609.24
2,0,Linear,Logic,90916.7,94526,3609.24
2,0,activation,Logic,94526,94539.1,13.1829
2,0,up_proj,GPU,94539.1,98148.4,3609.24
2,0,Linear,Logic,94539.1,98148.4,3609.24
2,0,down_proj,GPU,98148.4,101758,3609.24
2,0,Linear,Logic,98148.4,101758,3609.24
2,0,expert_FFN_5,GPU,101758,112599,10840.9
2,0,gate_proj,GPU,101758,105367,3609.24
2,0,Linear,Logic,101758,105367,3609.24
2,0,activation,Logic,105367,105380,13.1829
2,0,up_proj,GPU,105380,108989,3609.24
2,0,Linear,Logic,105380,108989,3609.24
2,0,down_proj,GPU,108989,112599,3609.24
2,0,Linear,Logic,108989,112599,3609.24
2,0,expert_FFN_6,GPU,40814.4,84343.7,43529.3
2,0,gate_proj,GPU,40814.4,55289,14474.6
2,0,Linear,GPU,40814.4,55289,14474.6
2,0,activation,GPU,55289,55394.5,105.463
2,0,up_proj,GPU,55394.5,69869.1,14474.6
2,0,Linear,GPU,55394.5,69869.1,14474.6
2,0,down_proj,GPU,69869.1,84343.7,14474.6
2,0,Linear,GPU,69869.1,84343.7,14474.6
2,0,expert_FFN_7,GPU,84343.7,127906,43562.4
2,0,gate_proj,GPU,84343.7,98825.9,14482.1
2,0,Linear,GPU,84343.7,98825.9,14482.1
2,0,activation,GPU,98825.9,98941.9,116.01
2,0,up_proj,GPU,98941.9,113424,14482.1
2,0,Linear,GPU,98941.9,113424,14482.1
2,0,down_proj,GPU,113424,127906,14482.1
2,0,Linear,GPU,113424,127906,14482.1
2,0,sync_2,GPU,127906,127906,0
2,0,sync__set,GPU,127906,127906,0
2,0,sync__,GPU,127906,127906,0
2,0,moe_all_reduce_for_e_tp,GPU,127906,148528,20621.4
2,0,sync_3,GPU,148528,148528,0
2,0,sync__set,GPU,148528,148528,0
2,0,sync__,GPU,148528,148528,0
2,0,moe_gather,GPU,148528,148528,0
2,0,sync_for_moe_gather,GPU,148528,148528,0
2,0,sync__set,GPU,148528,148528,0
2,0,sync__,GPU,148528,148528,0
2,0,moe_all_reduce_for_gather,GPU,148528,169149,20621.4
2,0,sync_5,GPU,169149,169149,0
2,0,sync__set,GPU,169149,169149,0
2,0,sync__,GPU,169149,169149,0
2,0,sync_6,GPU,169149,169149,0
2,0,sync__set,GPU,169149,169149,0
2,0,sync__,GPU,169149,169149,0
2,0,residual_2,GPU,169149,169410,261.148
2,1,MoE_decoder_1,GPU,169410,338754,169344
2,1,input_layer_norm,GPU,169410,169671,261.148
2,1,attention,GPU,169671,209541,39870
2,1,attn_qkv_proj,GPU,169671,176019,6347.9
2,1,Linear,GPU,169671,176019,6347.9
2,1,self_attention,GPU,176019,184645,8625.91
2,1,AttentionSplit,GPU,176019,176019,0
2,1,AttentionSum,GPU,176019,176019,0
2,1,AttentionGen,Logic,176019,184645,8625.91
2,1,AttentionMerge,GPU,184645,184645,0
2,1,attn_o_proj,GPU,184645,188920,4274.79
2,1,Linear,GPU,184645,188920,4274.79
2,1,all_reduce,GPU,188920,209541,20621.4
2,1,residual_1,GPU,209541,209803,261.148
2,1,post_attn_layer_norm,GPU,209803,210064,261.148
2,1,expertFFN,GPU,210064,338493,128429
2,1,sync_0,GPU,210064,210064,0
2,1,sync__set,GPU,210064,210064,0
2,1,sync__,GPU,210064,210064,0
2,1,gate_fn,GPU,210064,210225,160.957
2,1,Linear,GPU,210064,210225,160.957
2,1,gate_update,GPU,210225,210225,0
2,1,moe_scatter,GPU,210225,210225,0
2,1,sync_for_moe_scatter,GPU,210225,210225,0
2,1,sync__set,GPU,210225,210225,0
2,1,sync__,GPU,210225,210225,0
2,1,moe_route,GPU,210225,210225,0
2,1,expert_FFN_0,GPU,210225,222398,12173.1
2,1,gate_proj,GPU,210225,214274,4049.8
2,1,Linear,Logic,210225,214274,4049.8
2,1,activation,Logic,214274,214298,23.7293
2,1,up_proj,GPU,214298,218348,4049.8
2,1,Linear,Logic,214298,218348,4049.8
2,1,down_proj,GPU,218348,222398,4049.8
2,1,Linear,Logic,218348,222398,4049.8
2,1,expert_FFN_1,GPU,222398,233239,10840.9
2,1,gate_proj,GPU,222398,226007,3609.24
2,1,Linear,Logic,222398,226007,3609.24
2,1,activation,Logic,226007,226020,13.1829
2,1,up_proj,GPU,226020,229629,3609.24
2,1,Linear,Logic,226020,229629,3609.24
2,1,down_proj,GPU,229629,233239,3609.24
2,1,Linear,Logic,229629,233239,3609.24
2,1,expert_FFN_2,GPU,233239,244104,10865.7
2,1,gate_proj,GPU,233239,236854,3614.89
2,1,Linear,Logic,233239,236854,3614.89
2,1,activation,Logic,236854,236875,21.0927
2,1,up_proj,GPU,236875,240489,3614.89
2,1,Linear,Logic,236875,240489,3614.89
2,1,down_proj,GPU,240489,244104,3614.89
2,1,Linear,Logic,240489,244104,3614.89
2,1,expert_FFN_3,GPU,244104,254970,10865.7
2,1,gate_proj,GPU,244104,247719,3614.89
2,1,Linear,Logic,244104,247719,3614.89
2,1,activation,Logic,247719,247740,21.0927
2,1,up_proj,GPU,247740,251355,3614.89
2,1,Linear,Logic,247740,251355,3614.89
2,1,down_proj,GPU,251355,254970,3614.89
2,1,Linear,Logic,251355,254970,3614.89
2,1,expert_FFN_4,GPU,254970,269848,14878.3
2,1,gate_proj,GPU,254970,259920,4949.75
2,1,Linear,Logic,254970,259920,4949.75
2,1,activation,Logic,259920,259949,29.0025
2,1,up_proj,GPU,259949,264899,4949.75
2,1,Linear,Logic,259949,264899,4949.75
2,1,down_proj,GPU,264899,269848,4949.75
2,1,Linear,Logic,264899,269848,4949.75
2,1,expert_FFN_5,GPU,269848,280681,10832.6
2,1,gate_proj,GPU,269848,273456,3607.35
2,1,Linear,Logic,269848,273456,3607.35
2,1,activation,Logic,273456,273466,10.5463
2,1,up_proj,GPU,273466,277074,3607.35
2,1,Linear,Logic,273466,277074,3607.35
2,1,down_proj,GPU,277074,280681,3607.35
2,1,Linear,Logic,277074,280681,3607.35
2,1,expert_FFN_6,GPU,210225,253621,43396.7
2,1,gate_proj,GPU,210225,224669,14444.5
2,1,Linear,GPU,210225,224669,14444.5
2,1,activation,GPU,224669,224732,63.2781
2,1,up_proj,GPU,224732,239177,14444.5
2,1,Linear,GPU,224732,239177,14444.5
2,1,down_proj,GPU,239177,253621,14444.5
2,1,Linear,GPU,239177,253621,14444.5
2,1,expert_FFN_7,GPU,253621,297250,43628.7
2,1,gate_proj,GPU,253621,268119,14497.2
2,1,Linear,GPU,253621,268119,14497.2
2,1,activation,GPU,268119,268256,137.103
2,1,up_proj,GPU,268256,282753,14497.2
2,1,Linear,GPU,268256,282753,14497.2
2,1,down_proj,GPU,282753,297250,14497.2
2,1,Linear,GPU,282753,297250,14497.2
2,1,sync_2,GPU,297250,297250,0
2,1,sync__set,GPU,297250,297250,0
2,1,sync__,GPU,297250,297250,0
2,1,moe_all_reduce_for_e_tp,GPU,297250,317871,20621.4
2,1,sync_3,GPU,317871,317871,0
2,1,sync__set,GPU,317871,317871,0
2,1,sync__,GPU,317871,317871,0
2,1,moe_gather,GPU,317871,317871,0
2,1,sync_for_moe_gather,GPU,317871,317871,0
2,1,sync__set,GPU,317871,317871,0
2,1,sync__,GPU,317871,317871,0
2,1,moe_all_reduce_for_gather,GPU,317871,338493,20621.4
2,1,sync_5,GPU,338493,338493,0
2,1,sync__set,GPU,338493,338493,0
2,1,sync__,GPU,338493,338493,0
2,1,sync_6,GPU,338493,338493,0
2,1,sync__set,GPU,338493,338493,0
2,1,sync__,GPU,338493,338493,0
2,1,residual_2,GPU,338493,338754,261.148
2,2,MoE_decoder_2,GPU,338754,508231,169476
2,2,input_layer_norm,GPU,338754,339015,261.148
2,2,attention,GPU,339015,378885,39870
2,2,attn_qkv_proj,GPU,339015,345363,6347.9
2,2,Linear,GPU,339015,345363,6347.9
2,2,self_attention,GPU,345363,353989,8625.91
2,2,AttentionSplit,GPU,345363,345363,0
2,2,AttentionSum,GPU,345363,345363,0
2,2,AttentionGen,Logic,345363,353989,8625.91
2,2,AttentionMerge,GPU,353989,353989,0
2,2,attn_o_proj,GPU,353989,358264,4274.79
2,2,Linear,GPU,353989,358264,4274.79
2,2,all_reduce,GPU,358264,378885,20621.4
2,2,residual_1,GPU,378885,379146,261.148
2,2,post_attn_layer_norm,GPU,379146,379408,261.148
2,2,expertFFN,GPU,379408,507969,128562
2,2,sync_0,GPU,379408,379408,0
2,2,sync__set,GPU,379408,379408,0
2,2,sync__,GPU,379408,379408,0
2,2,gate_fn,GPU,379408,379569,160.957
2,2,Linear,GPU,379408,379569,160.957
2,2,gate_update,GPU,379569,379569,0
2,2,moe_scatter,GPU,379569,379569,0
2,2,sync_for_moe_scatter,GPU,379569,379569,0
2,2,sync__set,GPU,379569,379569,0
2,2,sync__,GPU,379569,379569,0
2,2,moe_route,GPU,379569,379569,0
2,2,expert_FFN_0,GPU,379569,390409,10840.9
2,2,gate_proj,GPU,379569,383178,3609.24
2,2,Linear,Logic,379569,383178,3609.24
2,2,activation,Logic,383178,383191,13.1829
2,2,up_proj,GPU,383191,386800,3609.24
2,2,Linear,Logic,383191,386800,3609.24
2,2,down_proj,GPU,386800,390409,3609.24
2,2,Linear,Logic,386800,390409,3609.24
2,2,expert_FFN_1,GPU,390409,402583,12173.1
2,2,gate_proj,GPU,390409,394459,4049.8
2,2,Linear,Logic,390409,394459,4049.8
2,2,activation,Logic,394459,394483,23.7293
2,2,up_proj,GPU,394483,398533,4049.8
2,2,Linear,Logic,394483,398533,4049.8
2,2,down_proj,GPU,398533,402583,4049.8
2,2,Linear,Logic,398533,402583,4049.8
2,2,expert_FFN_2,GPU,402583,413448,10865.7
2,2,gate_proj,GPU,402583,406197,3614.89
2,2,Linear,Logic,402583,406197,3614.89
2,2,activation,Logic,406197,406218,21.0927
2,2,up_proj,GPU,406218,409833,3614.89
2,2,Linear,Logic,406218,409833,3614.89
2,2,down_proj,GPU,409833,413448,3614.89
2,2,Linear,Logic,409833,413448,3614.89
2,2,expert_FFN_3,GPU,413448,424297,10849.2
2,2,gate_proj,GPU,413448,417059,3611.12
2,2,Linear,Logic,413448,417059,3611.12
2,2,activation,Logic,417059,417075,15.8195
2,2,up_proj,GPU,417075,420686,3611.12
2,2,Linear,Logic,417075,420686,3611.12
2,2,down_proj,GPU,420686,424297,3611.12
2,2,Linear,Logic,420686,424297,3611.12
2,2,expert_FFN_4,GPU,379569,423032,43463
2,2,gate_proj,GPU,379569,394028,14459.5
2,2,Linear,GPU,379569,394028,14459.5
2,2,activation,GPU,394028,394112,84.3708
2,2,up_proj,GPU,394112,408572,14459.5
2,2,Linear,GPU,394112,408572,14459.5
2,2,down_proj,GPU,408572,423032,14459.5
2,2,Linear,GPU,408572,423032,14459.5
2,2,expert_FFN_5,GPU,423032,466727,43695
2,2,gate_proj,GPU,423032,437544,14512.3
2,2,Linear,GPU,423032,437544,14512.3
2,2,activation,GPU,437544,437702,158.195
2,2,up_proj,GPU,437702,452214,14512.3
2,2,Linear,GPU,437702,452214,14512.3
2,2,down_proj,GPU,452214,466727,14512.3
2,2,Linear,GPU,452214,466727,14512.3
2,2,expert_FFN_6,GPU,424297,435163,10865.7
2,2,gate_proj,GPU,424297,427912,3614.89
2,2,Linear,Logic,424297,427912,3614.89
2,2,activation,Logic,427912,427933,21.0927
2,2,up_proj,GPU,427933,431548,3614.89
2,2,Linear,Logic,427933,431548,3614.89
2,2,down_proj,GPU,431548,435163,3614.89
2,2,Linear,Logic,431548,435163,3614.89
2,2,expert_FFN_7,GPU,435163,446004,10840.9
2,2,gate_proj,GPU,435163,438772,3609.24
2,2,Linear,Logic,435163,438772,3609.24
2,2,activation,Logic,438772,438786,13.1829
2,2,up_proj,GPU,438786,442395,3609.24
2,2,Linear,Logic,438786,442395,3609.24
2,2,down_proj,GPU,442395,446004,3609.24
2,2,Linear,Logic,442395,446004,3609.24
2,2,sync_2,GPU,466727,466727,0
2,2,sync__set,GPU,466727,466727,0
2,2,sync__,GPU,466727,466727,0
2,2,moe_all_reduce_for_e_tp,GPU,466727,487348,20621.4
2,2,sync_3,GPU,487348,487348,0
2,2,sync__set,GPU,487348,487348,0
2,2,sync__,GPU,487348,487348,0
2,2,moe_gather,GPU,487348,487348,0
2,2,sync_for_moe_gather,GPU,487348,487348,0
2,2,sync__set,GPU,487348,487348,0
2,2,sync__,GPU,487348,487348,0
2,2,moe_all_reduce_for_gather,GPU,487348,507969,20621.4
2,2,sync_5,GPU,507969,507969,0
2,2,sync__set,GPU,507969,507969,0
2,2,sync__,GPU,507969,507969,0
2,2,sync_6,GPU,507969,507969,0
2,2,sync__set,GPU,507969,507969,0
2,2,sync__,GPU,507969,507969,0
2,2,residual_2,GPU,507969,508231,261.148
2,3,MoE_decoder_3,GPU,508231,677740,169510
2,3,input_layer_norm,GPU,508231,508492,261.148
2,3,attention,GPU,508492,548362,39870
2,3,attn_qkv_proj,GPU,508492,514840,6347.9
2,3,Linear,GPU,508492,514840,6347.9
2,3,self_attention,GPU,514840,523466,8625.91
2,3,AttentionSplit,GPU,514840,514840,0
2,3,AttentionSum,GPU,514840,514840,0
2,3,AttentionGen,Logic,514840,523466,8625.91
2,3,AttentionMerge,GPU,523466,523466,0
2,3,attn_o_proj,GPU,523466,527740,4274.79
2,3,Linear,GPU,523466,527740,4274.79
2,3,all_reduce,GPU,527740,548362,20621.4
2,3,residual_1,GPU,548362,548623,261.148
2,3,post_attn_layer_norm,GPU,548623,548884,261.148
2,3,expertFFN,GPU,548884,677479,128595
2,3,sync_0,GPU,548884,548884,0
2,3,sync__set,GPU,548884,548884,0
2,3,sync__,GPU,548884,548884,0
2,3,gate_fn,GPU,548884,549045,160.957
2,3,Linear,GPU,548884,549045,160.957
2,3,gate_update,GPU,549045,549045,0
2,3,moe_scatter,GPU,549045,549045,0
2,3,sync_for_moe_scatter,GPU,549045,549045,0
2,3,sync__set,GPU,549045,549045,0
2,3,sync__,GPU,549045,549045,0
2,3,moe_route,GPU,549045,549045,0
2,3,expert_FFN_0,GPU,549045,561218,12173.1
2,3,gate_proj,GPU,549045,553095,4049.8
2,3,Linear,Logic,549045,553095,4049.8
2,3,activation,Logic,553095,553119,23.7293
2,3,up_proj,GPU,553119,557168,4049.8
2,3,Linear,Logic,553119,557168,4049.8
2,3,down_proj,GPU,557168,561218,4049.8
2,3,Linear,Logic,557168,561218,4049.8
2,3,expert_FFN_1,GPU,561218,572051,10832.6
2,3,gate_proj,GPU,561218,564825,3607.35
2,3,Linear,Logic,561218,564825,3607.35
2,3,activation,Logic,564825,564836,10.5463
2,3,up_proj,GPU,564836,568443,3607.35
2,3,Linear,Logic,564836,568443,3607.35
2,3,down_proj,GPU,568443,572051,3607.35
2,3,Linear,Logic,568443,572051,3607.35
2,3,expert_FFN_2,GPU,549045,592641,43595.6
2,3,gate_proj,GPU,549045,563535,14489.7
2,3,Linear,GPU,549045,563535,14489.7
2,3,activation,GPU,563535,563661,126.556
2,3,up_proj,GPU,563661,578151,14489.7
2,3,Linear,GPU,563661,578151,14489.7
2,3,down_proj,GPU,578151,592641,14489.7
2,3,Linear,GPU,578151,592641,14489.7
2,3,expert_FFN_3,GPU,592641,636236,43595.6
2,3,gate_proj,GPU,592641,607130,14489.7
2,3,Linear,GPU,592641,607130,14489.7
2,3,activation,GPU,607130,607257,126.556
2,3,up_proj,GPU,607257,621746,14489.7
2,3,Linear,GPU,607257,621746,14489.7
2,3,down_proj,GPU,621746,636236,14489.7
2,3,Linear,GPU,621746,636236,14489.7
2,3,expert_FFN_4,GPU,572051,582867,10816
2,3,gate_proj,GPU,572051,575654,3603.59
2,3,Linear,Logic,572051,575654,3603.59
2,3,activation,Logic,575654,575660,5.27317
2,3,up_proj,GPU,575660,579263,3603.59
2,3,Linear,Logic,575660,579263,3603.59
2,3,down_proj,GPU,579263,582867,3603.59
2,3,Linear,Logic,579263,582867,3603.59
2,3,expert_FFN_5,GPU,582867,593724,10857.5
2,3,gate_proj,GPU,582867,586480,3613
2,3,Linear,Logic,582867,586480,3613
2,3,activation,Logic,586480,586498,18.4561
2,3,up_proj,GPU,586498,590111,3613
2,3,Linear,Logic,586498,590111,3613
2,3,down_proj,GPU,590111,593724,3613
2,3,Linear,Logic,590111,593724,3613
2,3,expert_FFN_6,GPU,593724,605897,12173.1
2,3,gate_proj,GPU,593724,597774,4049.8
2,3,Linear,Logic,593724,597774,4049.8
2,3,activation,Logic,597774,597798,23.7293
2,3,up_proj,GPU,597798,601848,4049.8
2,3,Linear,Logic,597798,601848,4049.8
2,3,down_proj,GPU,601848,605897,4049.8
2,3,Linear,Logic,601848,605897,4049.8
2,3,expert_FFN_7,GPU,605897,618070,12173.1
2,3,gate_proj,GPU,605897,609947,4049.8
2,3,Linear,Logic,605897,609947,4049.8
2,3,activation,Logic,609947,609971,23.7293
2,3,up_proj,GPU,609971,614021,4049.8
2,3,Linear,Logic,609971,614021,4049.8
2,3,down_proj,GPU,614021,618070,4049.8
2,3,Linear,Logic,614021,618070,4049.8
2,3,sync_2,GPU,636236,636236,0
2,3,sync__set,GPU,636236,636236,0
2,3,sync__,GPU,636236,636236,0
2,3,moe_all_reduce_for_e_tp,GPU,636236,656858,20621.4
2,3,sync_3,GPU,656858,656858,0
2,3,sync__set,GPU,656858,656858,0
2,3,sync__,GPU,656858,656858,0
2,3,moe_gather,GPU,656858,656858,0
2,3,sync_for_moe_gather,GPU,656858,656858,0
2,3,sync__set,GPU,656858,656858,0
2,3,sync__,GPU,656858,656858,0
2,3,moe_all_reduce_for_gather,GPU,656858,677479,20621.4
2,3,sync_5,GPU,677479,677479,0
2,3,sync__set,GPU,677479,677479,0
2,3,sync__,GPU,677479,677479,0
2,3,sync_6,GPU,677479,677479,0
2,3,sync__set,GPU,677479,677479,0
2,3,sync__,GPU,677479,677479,0
2,3,residual_2,GPU,677479,677740,261.148
2,4,MoE_decoder_4,GPU,677740,847117,169377
2,4,input_layer_norm,GPU,677740,678001,261.148
2,4,attention,GPU,678001,717871,39870
2,4,attn_qkv_proj,GPU,678001,684349,6347.9
2,4,Linear,GPU,678001,684349,6347.9
2,4,self_attention,GPU,684349,692975,8625.91
2,4,AttentionSplit,GPU,684349,684349,0
2,4,AttentionSum,GPU,684349,684349,0
2,4,AttentionGen,Logic,684349,692975,8625.91
2,4,AttentionMerge,GPU,692975,692975,0
2,4,attn_o_proj,GPU,692975,697250,4274.79
2,4,Linear,GPU,692975,697250,4274.79
2,4,all_reduce,GPU,697250,717871,20621.4
2,4,residual_1,GPU,717871,718132,261.148
2,4,post_attn_layer_norm,GPU,718132,718394,261.148
2,4,expertFFN,GPU,718394,846856,128462
2,4,sync_0,GPU,718394,718394,0
2,4,sync__set,GPU,718394,718394,0
2,4,sync__,GPU,718394,718394,0
2,4,gate_fn,GPU,718394,718555,160.957
2,4,Linear,GPU,718394,718555,160.957
2,4,gate_update,GPU,718555,718555,0
2,4,moe_scatter,GPU,718555,718555,0
2,4,sync_for_moe_scatter,GPU,718555,718555,0
2,4,sync__set,GPU,718555,718555,0
2,4,sync__,GPU,718555,718555,0
2,4,moe_route,GPU,718555,718555,0
2,4,expert_FFN_0,GPU,718555,729395,10840.9
2,4,gate_proj,GPU,718555,722164,3609.24
2,4,Linear,Logic,718555,722164,3609.24
2,4,activation,Logic,722164,722177,13.1829
2,4,up_proj,GPU,722177,725786,3609.24
2,4,Linear,Logic,722177,725786,3609.24
2,4,down_proj,GPU,725786,729395,3609.24
2,4,Linear,Logic,725786,729395,3609.24
2,4,expert_FFN_1,GPU,729395,744274,14878.3
2,4,gate_proj,GPU,729395,734345,4949.75
2,4,Linear,Logic,729395,734345,4949.75
2,4,activation,Logic,734345,734374,29.0025
2,4,up_proj,GPU,734374,739324,4949.75
2,4,Linear,Logic,734374,739324,4949.75
2,4,down_proj,GPU,739324,744274,4949.75
2,4,Linear,Logic,739324,744274,4949.75
2,4,expert_FFN_2,GPU,744274,755115,10840.9
2,4,gate_proj,GPU,744274,747883,3609.24
2,4,Linear,Logic,744274,747883,3609.24
2,4,activation,Logic,747883,747896,13.1829
2,4,up_proj,GPU,747896,751505,3609.24
2,4,Linear,Logic,747896,751505,3609.24
2,4,down_proj,GPU,751505,755115,3609.24
2,4,Linear,Logic,751505,755115,3609.24
2,4,expert_FFN_3,GPU,755115,765972,10857.5
2,4,gate_proj,GPU,755115,758728,3613
2,4,Linear,Logic,755115,758728,3613
2,4,activation,Logic,758728,758746,18.4561
2,4,up_proj,GPU,758746,762359,3613
2,4,Linear,Logic,758746,762359,3613
2,4,down_proj,GPU,762359,765972,3613
2,4,Linear,Logic,762359,765972,3613
2,4,expert_FFN_4,GPU,765972,780850,14878.3
2,4,gate_proj,GPU,765972,770922,4949.75
2,4,Linear,Logic,765972,770922,4949.75
2,4,activation,Logic,770922,770951,29.0025
2,4,up_proj,GPU,770951,775901,4949.75
2,4,Linear,Logic,770951,775901,4949.75
2,4,down_proj,GPU,775901,780850,4949.75
2,4,Linear,Logic,775901,780850,4949.75
2,4,expert_FFN_5,GPU,780850,791691,10840.9
2,4,gate_proj,GPU,780850,784460,3609.24
2,4,Linear,Logic,780850,784460,3609.24
2,4,activation,Logic,784460,784473,13.1829
2,4,up_proj,GPU,784473,788082,3609.24
2,4,Linear,Logic,784473,788082,3609.24
2,4,down_proj,GPU,788082,791691,3609.24
2,4,Linear,Logic,788082,791691,3609.24
2,4,expert_FFN_6,GPU,718555,762084,43529.3
2,4,gate_proj,GPU,718555,733029,14474.6
2,4,Linear,GPU,718555,733029,14474.6
2,4,activation,GPU,733029,733135,105.463
2,4,up_proj,GPU,733135,747609,14474.6
2,4,Linear,GPU,733135,747609,14474.6
2,4,down_proj,GPU,747609,762084,14474.6
2,4,Linear,GPU,747609,762084,14474.6
2,4,expert_FFN_7,GPU,762084,805613,43529.3
2,4,gate_proj,GPU,762084,776559,14474.6
2,4,Linear,GPU,762084,776559,14474.6
2,4,activation,GPU,776559,776664,105.463
2,4,up_proj,GPU,776664,791139,14474.6
2,4,Linear,GPU,776664,791139,14474.6
2,4,down_proj,GPU,791139,805613,14474.6
2,4,Linear,GPU,791139,805613,14474.6
2,4,sync_2,GPU,805613,805613,0
2,4,sync__set,GPU,805613,805613,0
2,4,sync__,GPU,805613,805613,0
2,4,moe_all_reduce_for_e_tp,GPU,805613,826235,20621.4
2,4,sync_3,GPU,826235,826235,0
2,4,sync__set,GPU,826235,826235,0
2,4,sync__,GPU,826235,826235,0
2,4,moe_gather,GPU,826235,826235,0
2,4,sync_for_moe_gather,GPU,826235,826235,0
2,4,sync__set,GPU,826235,826235,0
2,4,sync__,GPU,826235,826235,0
2,4,moe_all_reduce_for_gather,GPU,826235,846856,20621.4
2,4,sync_5,GPU,846856,846856,0
2,4,sync__set,GPU,846856,846856,0
2,4,sync__,GPU,846856,846856,0
2,4,sync_6,GPU,846856,846856,0
2,4,sync__set,GPU,846856,846856,0
2,4,sync__,GPU,846856,846856,0
2,4,residual_2,GPU,846856,847117,261.148
2,5,MoE_decoder_5,GPU,847117,1.01653e+06,169410
2,5,input_layer_norm,GPU,847117,847378,261.148
2,5,attention,GPU,847378,887248,39870
2,5,attn_qkv_proj,GPU,847378,853726,6347.9
2,5,Linear,GPU,847378,853726,6347.9
2,5,self_attention,GPU,853726,862352,8625.91
2,5,AttentionSplit,GPU,853726,853726,0
2,5,AttentionSum,GPU,853726,853726,0
2,5,AttentionGen,Logic,853726,862352,8625.91
2,5,AttentionMerge,GPU,862352,862352,0
2,5,attn_o_proj,GPU,862352,866627,4274.79
2,5,Linear,GPU,862352,866627,4274.79
2,5,all_reduce,GPU,866627,887248,20621.4
2,5,residual_1,GPU,887248,887510,261.148
2,5,post_attn_layer_norm,GPU,887510,887771,261.148
2,5,expertFFN,GPU,887771,1.01627e+06,128496
2,5,sync_0,GPU,887771,887771,0
2,5,sync__set,GPU,887771,887771,0
2,5,sync__,GPU,887771,887771,0
2,5,gate_fn,GPU,887771,887932,160.957
2,5,Linear,GPU,887771,887932,160.957
2,5,gate_update,GPU,887932,887932,0
2,5,moe_scatter,GPU,887932,887932,0
2,5,sync_for_moe_scatter,GPU,887932,887932,0
2,5,sync__set,GPU,887932,887932,0
2,5,sync__,GPU,887932,887932,0
2,5,moe_route,GPU,887932,887932,0
2,5,expert_FFN_0,GPU,887932,901457,13525.7
2,5,gate_proj,GPU,887932,892431,4499.77
2,5,Linear,Logic,887932,892431,4499.77
2,5,activation,Logic,892431,892458,26.3659
2,5,up_proj,GPU,892458,896958,4499.77
2,5,Linear,Logic,892458,896958,4499.77
2,5,down_proj,GPU,896958,901457,4499.77
2,5,Linear,Logic,896958,901457,4499.77
2,5,expert_FFN_1,GPU,901457,912298,10840.9
2,5,gate_proj,GPU,901457,905067,3609.24
2,5,Linear,Logic,901457,905067,3609.24
2,5,activation,Logic,905067,905080,13.1829
2,5,up_proj,GPU,905080,908689,3609.24
2,5,Linear,Logic,905080,908689,3609.24
2,5,down_proj,GPU,908689,912298,3609.24
2,5,Linear,Logic,908689,912298,3609.24
2,5,expert_FFN_2,GPU,912298,924471,12173.1
2,5,gate_proj,GPU,912298,916348,4049.8
2,5,Linear,Logic,912298,916348,4049.8
2,5,activation,Logic,916348,916372,23.7293
2,5,up_proj,GPU,916372,920422,4049.8
2,5,Linear,Logic,916372,920422,4049.8
2,5,down_proj,GPU,920422,924471,4049.8
2,5,Linear,Logic,920422,924471,4049.8
2,5,expert_FFN_3,GPU,924471,935321,10849.2
2,5,gate_proj,GPU,924471,928082,3611.12
2,5,Linear,Logic,924471,928082,3611.12
2,5,activation,Logic,928082,928098,15.8195
2,5,up_proj,GPU,928098,931709,3611.12
2,5,Linear,Logic,928098,931709,3611.12
2,5,down_proj,GPU,931709,935321,3611.12
2,5,Linear,Logic,931709,935321,3611.12
2,5,expert_FFN_4,GPU,887932,931494,43562.4
2,5,gate_proj,GPU,887932,902414,14482.1
2,5,Linear,GPU,887932,902414,14482.1
2,5,activation,GPU,902414,902530,116.01
2,5,up_proj,GPU,902530,917012,14482.1
2,5,Linear,GPU,902530,917012,14482.1
2,5,down_proj,GPU,917012,931494,14482.1
2,5,Linear,GPU,917012,931494,14482.1
2,5,expert_FFN_5,GPU,931494,975023,43529.3
2,5,gate_proj,GPU,931494,945969,14474.6
2,5,Linear,GPU,931494,945969,14474.6
2,5,activation,GPU,945969,946074,105.463
2,5,up_proj,GPU,946074,960549,14474.6
2,5,Linear,GPU,946074,960549,14474.6
2,5,down_proj,GPU,960549,975023,14474.6
2,5,Linear,GPU,960549,975023,14474.6
2,5,expert_FFN_6,GPU,935321,946170,10849.2
2,5,gate_proj,GPU,935321,938932,3611.12
2,5,Linear,Logic,935321,938932,3611.12
2,5,activation,Logic,938932,938947,15.8195
2,5,up_proj,GPU,938947,942559,3611.12
2,5,Linear,Logic,938947,942559,3611.12
2,5,down_proj,GPU,942559,946170,3611.12
2,5,Linear,Logic,942559,946170,3611.12
2,5,expert_FFN_7,GPU,946170,957027,10857.5
2,5,gate_proj,GPU,946170,949783,3613
2,5,Linear,Logic,946170,949783,3613
2,5,activation,Logic,949783,949801,18.4561
2,5,up_proj,GPU,949801,953414,3613
2,5,Linear,Logic,949801,953414,3613
2,5,down_proj,GPU,953414,957027,3613
2,5,Linear,Logic,953414,957027,3613
2,5,sync_2,GPU,975023,975023,0
2,5,sync__set,GPU,975023,975023,0
2,5,sync__,GPU,975023,975023,0
2,5,moe_all_reduce_for_e_tp,GPU,975023,995645,20621.4
2,5,sync_3,GPU,995645,995645,0
2,5,sync__set,GPU,995645,995645,0
2,5,sync__,GPU,995645,995645,0
2,5,moe_gather,GPU,995645,995645,0
2,5,sync_for_moe_gather,GPU,995645,995645,0
2,5,sync__set,GPU,995645,995645,0
2,5,sync__,GPU,995645,995645,0
2,5,moe_all_reduce_for_gather,GPU,995645,1.01627e+06,20621.4
2,5,sync_5,GPU,1.01627e+06,1.01627e+06,0
2,5,sync__set,GPU,1.01627e+06,1.01627e+06,0
2,5,sync__,GPU,1.01627e+06,1.01627e+06,0
2,5,sync_6,GPU,1.01627e+06,1.01627e+06,0
2,5,sync__set,GPU,1.01627e+06,1.01627e+06,0
2,5,sync__,GPU,1.01627e+06,1.01627e+06,0
2,5,residual_2,GPU,1.01627e+06,1.01653e+06,261.148
2,6,MoE_decoder_6,GPU,1.01653e+06,1.186e+06,169476
2,6,input_layer_norm,GPU,1.01653e+06,1.01679e+06,261.148
2,6,attention,GPU,1.01679e+06,1.05666e+06,39870
2,6,attn_qkv_proj,GPU,1.01679e+06,1.02314e+06,6347.9
2,6,Linear,GPU,1.01679e+06,1.02314e+06,6347.9
2,6,self_attention,GPU,1.02314e+06,1.03176e+06,8625.91
2,6,AttentionSplit,GPU,1.02314e+06,1.02314e+06,0
2,6,AttentionSum,GPU,1.02314e+06,1.02314e+06,0
2,6,AttentionGen,Logic,1.02314e+06,1.03176e+06,8625.91
2,6,AttentionMerge,GPU,1.03176e+06,1.03176e+06,0
2,6,attn_o_proj,GPU,1.03176e+06,1.03604e+06,4274.79
2,6,Linear,GPU,1.03176e+06,1.03604e+06,4274.79
2,6,all_reduce,GPU,1.03604e+06,1.05666e+06,20621.4
2,6,residual_1,GPU,1.05666e+06,1.05692e+06,261.148
2,6,post_attn_layer_norm,GPU,1.05692e+06,1.05718e+06,261.148
2,6,expertFFN,GPU,1.05718e+06,1.18574e+06,128562
2,6,sync_0,GPU,1.05718e+06,1.05718e+06,0
2,6,sync__set,GPU,1.05718e+06,1.05718e+06,0
2,6,sync__,GPU,1.05718e+06,1.05718e+06,0
2,6,gate_fn,GPU,1.05718e+06,1.05734e+06,160.957
2,6,Linear,GPU,1.05718e+06,1.05734e+06,160.957
2,6,gate_update,GPU,1.05734e+06,1.05734e+06,0
2,6,moe_scatter,GPU,1.05734e+06,1.05734e+06,0
2,6,sync_for_moe_scatter,GPU,1.05734e+06,1.05734e+06,0
2,6,sync__set,GPU,1.05734e+06,1.05734e+06,0
2,6,sync__,GPU,1.05734e+06,1.05734e+06,0
2,6,moe_route,GPU,1.05734e+06,1.05734e+06,0
2,6,expert_FFN_0,GPU,1.05734e+06,1.06951e+06,12173.1
2,6,gate_proj,GPU,1.05734e+06,1.06139e+06,4049.8
2,6,Linear,Logic,1.05734e+06,1.06139e+06,4049.8
2,6,activation,Logic,1.06139e+06,1.06142e+06,23.7293
2,6,up_proj,GPU,1.06142e+06,1.06547e+06,4049.8
2,6,Linear,Logic,1.06142e+06,1.06547e+06,4049.8
2,6,down_proj,GPU,1.06547e+06,1.06951e+06,4049.8
2,6,Linear,Logic,1.06547e+06,1.06951e+06,4049.8
2,6,expert_FFN_1,GPU,1.06951e+06,1.08037e+06,10857.5
2,6,gate_proj,GPU,1.06951e+06,1.07313e+06,3613
2,6,Linear,Logic,1.06951e+06,1.07313e+06,3613
2,6,activation,Logic,1.07313e+06,1.07315e+06,18.4561
2,6,up_proj,GPU,1.07315e+06,1.07676e+06,3613
2,6,Linear,Logic,1.07315e+06,1.07676e+06,3613
2,6,down_proj,GPU,1.07676e+06,1.08037e+06,3613
2,6,Linear,Logic,1.07676e+06,1.08037e+06,3613
2,6,expert_FFN_2,GPU,1.05734e+06,1.10097e+06,43628.7
2,6,gate_proj,GPU,1.05734e+06,1.07184e+06,14497.2
2,6,Linear,GPU,1.05734e+06,1.07184e+06,14497.2
2,6,activation,GPU,1.07184e+06,1.07198e+06,137.103
2,6,up_proj,GPU,1.07198e+06,1.08647e+06,14497.2
2,6,Linear,GPU,1.07198e+06,1.08647e+06,14497.2
2,6,down_proj,GPU,1.08647e+06,1.10097e+06,14497.2
2,6,Linear,GPU,1.08647e+06,1.10097e+06,14497.2
2,6,expert_FFN_3,GPU,1.10097e+06,1.1445e+06,43529.3
2,6,gate_proj,GPU,1.10097e+06,1.11545e+06,14474.6
2,6,Linear,GPU,1.10097e+06,1.11545e+06,14474.6
2,6,activation,GPU,1.11545e+06,1.11555e+06,105.463
2,6,up_proj,GPU,1.11555e+06,1.13003e+06,14474.6
2,6,Linear,GPU,1.11555e+06,1.13003e+06,14474.6
2,6,down_proj,GPU,1.13003e+06,1.1445e+06,14474.6
2,6,Linear,GPU,1.13003e+06,1.1445e+06,14474.6
2,6,expert_FFN_4,GPU,1.08037e+06,1.09121e+06,10840.9
2,6,gate_proj,GPU,1.08037e+06,1.08398e+06,3609.24
2,6,Linear,Logic,1.08037e+06,1.08398e+06,3609.24
2,6,activation,Logic,1.08398e+06,1.08399e+06,13.1829
2,6,up_proj,GPU,1.08399e+06,1.0876e+06,3609.24
2,6,Linear,Logic,1.08399e+06,1.0876e+06,3609.24
2,6,down_proj,GPU,1.0876e+06,1.09121e+06,3609.24
2,6,Linear,Logic,1.0876e+06,1.09121e+06,3609.24
2,6,expert_FFN_5,GPU,1.09121e+06,1.10474e+06,13525.7
2,6,gate_proj,GPU,1.09121e+06,1.09571e+06,4499.77
2,6,Linear,Logic,1.09121e+06,1.09571e+06,4499.77
2,6,activation,Logic,1.09571e+06,1.09574e+06,26.3659
2,6,up_proj,GPU,1.09574e+06,1.10024e+06,4499.77
2,6,Linear,Logic,1.09574e+06,1.10024e+06,4499.77
2,6,down_proj,GPU,1.10024e+06,1.10474e+06,4499.77
2,6,Linear,Logic,1.10024e+06,1.10474e+06,4499.77
2,6,expert_FFN_6,GPU,1.10474e+06,1.11557e+06,10832.6
2,6,gate_proj,GPU,1.10474e+06,1.10835e+06,3607.35
2,6,Linear,Logic,1.10474e+06,1.10835e+06,3607.35
2,6,activation,Logic,1.10835e+06,1.10836e+06,10.5463
2,6,up_proj,GPU,1.10836e+06,1.11196e+06,3607.35
2,6,Linear,Logic,1.10836e+06,1.11196e+06,3607.35
2,6,down_proj,GPU,1.11196e+06,1.11557e+06,3607.35
2,6,Linear,Logic,1.11196e+06,1.11557e+06,3607.35
2,6,expert_FFN_7,GPU,1.11557e+06,1.12642e+06,10849.2
2,6,gate_proj,GPU,1.11557e+06,1.11918e+06,3611.12
2,6,Linear,Logic,1.11557e+06,1.11918e+06,3611.12
2,6,activation,Logic,1.11918e+06,1.1192e+06,15.8195
2,6,up_proj,GPU,1.1192e+06,1.12281e+06,3611.12
2,6,Linear,Logic,1.1192e+06,1.12281e+06,3611.12
2,6,down_proj,GPU,1.12281e+06,1.12642e+06,3611.12
2,6,Linear,Logic,1.12281e+06,1.12642e+06,3611.12
2,6,sync_2,GPU,1.1445e+06,1.1445e+06,0
2,6,sync__set,GPU,1.1445e+06,1.1445e+06,0
2,6,sync__,GPU,1.1445e+06,1.1445e+06,0
2,6,moe_all_reduce_for_e_tp,GPU,1.1445e+06,1.16512e+06,20621.4
2,6,sync_3,GPU,1.16512e+06,1.16512e+06,0
2,6,sync__set,GPU,1.16512e+06,1.16512e+06,0
2,6,sync__,GPU,1.16512e+06,1.16512e+06,0
2,6,moe_gather,GPU,1.16512e+06,1.16512e+06,0
2,6,sync_for_moe_gather,GPU,1.16512e+06,1.16512e+06,0
2,6,sync__set,GPU,1.16512e+06,1.16512e+06,0
2,6,sync__,GPU,1.16512e+06,1.16512e+06,0
2,6,moe_all_reduce_for_gather,GPU,1.16512e+06,1.18574e+06,20621.4
2,6,sync_5,GPU,1.18574e+06,1.18574e+06,0
2,6,sync__set,GPU,1.18574e+06,1.18574e+06,0
2,6,sync__,GPU,1.18574e+06,1.18574e+06,0
2,6,sync_6,GPU,1.18574e+06,1.18574e+06,0
2,6,sync__set,GPU,1.18574e+06,1.18574e+06,0
2,6,sync__,GPU,1.18574e+06,1.18574e+06,0
2,6,residual_2,GPU,1.18574e+06,1.186e+06,261.148
2,7,MoE_decoder_7,GPU,1.186e+06,1.35538e+06,169377
2,7,input_layer_norm,GPU,1.186e+06,1.18627e+06,261.148
2,7,attention,GPU,1.18627e+06,1.22614e+06,39870
2,7,attn_qkv_proj,GPU,1.18627e+06,1.19261e+06,6347.9
2,7,Linear,GPU,1.18627e+06,1.19261e+06,6347.9
2,7,self_attention,GPU,1.19261e+06,1.20124e+06,8625.91
2,7,AttentionSplit,GPU,1.19261e+06,1.19261e+06,0
2,7,AttentionSum,GPU,1.19261e+06,1.19261e+06,0
2,7,AttentionGen,Logic,1.19261e+06,1.20124e+06,8625.91
2,7,AttentionMerge,GPU,1.20124e+06,1.20124e+06,0
2,7,attn_o_proj,GPU,1.20124e+06,1.20551e+06,4274.79
2,7,Linear,GPU,1.20124e+06,1.20551e+06,4274.79
2,7,all_reduce,GPU,1.20551e+06,1.22614e+06,20621.4
2,7,residual_1,GPU,1.22614e+06,1.2264e+06,261.148
2,7,post_attn_layer_norm,GPU,1.2264e+06,1.22666e+06,261.148
2,7,expertFFN,GPU,1.22666e+06,1.35512e+06,128462
2,7,sync_0,GPU,1.22666e+06,1.22666e+06,0
2,7,sync__set,GPU,1.22666e+06,1.22666e+06,0
2,7,sync__,GPU,1.22666e+06,1.22666e+06,0
2,7,gate_fn,GPU,1.22666e+06,1.22682e+06,160.957
2,7,Linear,GPU,1.22666e+06,1.22682e+06,160.957
2,7,gate_update,GPU,1.22682e+06,1.22682e+06,0
2,7,moe_scatter,GPU,1.22682e+06,1.22682e+06,0
2,7,sync_for_moe_scatter,GPU,1.22682e+06,1.22682e+06,0
2,7,sync__set,GPU,1.22682e+06,1.22682e+06,0
2,7,sync__,GPU,1.22682e+06,1.22682e+06,0
2,7,moe_route,GPU,1.22682e+06,1.22682e+06,0
2,7,expert_FFN_0,GPU,1.22682e+06,1.27038e+06,43562.4
2,7,gate_proj,GPU,1.22682e+06,1.2413e+06,14482.1
2,7,Linear,GPU,1.22682e+06,1.2413e+06,14482.1
2,7,activation,GPU,1.2413e+06,1.24142e+06,116.01
2,7,up_proj,GPU,1.24142e+06,1.2559e+06,14482.1
2,7,Linear,GPU,1.24142e+06,1.2559e+06,14482.1
2,7,down_proj,GPU,1.2559e+06,1.27038e+06,14482.1
2,7,Linear,GPU,1.2559e+06,1.27038e+06,14482.1
2,7,expert_FFN_1,GPU,1.27038e+06,1.31388e+06,43496.1
2,7,gate_proj,GPU,1.27038e+06,1.28485e+06,14467.1
2,7,Linear,GPU,1.27038e+06,1.28485e+06,14467.1
2,7,activation,GPU,1.28485e+06,1.28494e+06,94.9171
2,7,up_proj,GPU,1.28494e+06,1.29941e+06,14467.1
2,7,Linear,GPU,1.28494e+06,1.29941e+06,14467.1
2,7,down_proj,GPU,1.29941e+06,1.31388e+06,14467.1
2,7,Linear,GPU,1.29941e+06,1.31388e+06,14467.1
2,7,expert_FFN_2,GPU,1.22682e+06,1.23768e+06,10857.5
2,7,gate_proj,GPU,1.22682e+06,1.23043e+06,3613
2,7,Linear,Logic,1.22682e+06,1.23043e+06,3613
2,7,activation,Logic,1.23043e+06,1.23045e+06,18.4561
2,7,up_proj,GPU,1.23045e+06,1.23406e+06,3613
2,7,Linear,Logic,1.23045e+06,1.23406e+06,3613
2,7,down_proj,GPU,1.23406e+06,1.23768e+06,3613
2,7,Linear,Logic,1.23406e+06,1.23768e+06,3613
2,7,expert_FFN_3,GPU,1.23768e+06,1.24853e+06,10857.5
2,7,gate_proj,GPU,1.23768e+06,1.24129e+06,3613
2,7,Linear,Logic,1.23768e+06,1.24129e+06,3613
2,7,activation,Logic,1.24129e+06,1.24131e+06,18.4561
2,7,up_proj,GPU,1.24131e+06,1.24492e+06,3613
2,7,Linear,Logic,1.24131e+06,1.24492e+06,3613
2,7,down_proj,GPU,1.24492e+06,1.24853e+06,3613
2,7,Linear,Logic,1.24492e+06,1.24853e+06,3613
2,7,expert_FFN_4,GPU,1.24853e+06,1.26071e+06,12173.1
2,7,gate_proj,GPU,1.24853e+06,1.25258e+06,4049.8
2,7,Linear,Logic,1.24853e+06,1.25258e+06,4049.8
2,7,activation,Logic,1.25258e+06,1.25261e+06,23.7293
2,7,up_proj,GPU,1.25261e+06,1.25666e+06,4049.8
2,7,Linear,Logic,1.25261e+06,1.25666e+06,4049.8
2,7,down_proj,GPU,1.25666e+06,1.26071e+06,4049.8
2,7,Linear,Logic,1.25666e+06,1.26071e+06,4049.8
2,7,expert_FFN_5,GPU,1.26071e+06,1.27156e+06,10849.2
2,7,gate_proj,GPU,1.26071e+06,1.26432e+06,3611.12
2,7,Linear,Logic,1.26071e+06,1.26432e+06,3611.12
2,7,activation,Logic,1.26432e+06,1.26433e+06,15.8195
2,7,up_proj,GPU,1.26433e+06,1.26794e+06,3611.12
2,7,Linear,Logic,1.26433e+06,1.26794e+06,3611.12
2,7,down_proj,GPU,1.26794e+06,1.27156e+06,3611.12
2,7,Linear,Logic,1.26794e+06,1.27156e+06,3611.12
2,7,expert_FFN_6,GPU,1.27156e+06,1.28241e+06,10857.5
2,7,gate_proj,GPU,1.27156e+06,1.27517e+06,3613
2,7,Linear,Logic,1.27156e+06,1.27517e+06,3613
2,7,activation,Logic,1.27517e+06,1.27519e+06,18.4561
2,7,up_proj,GPU,1.27519e+06,1.2788e+06,3613
2,7,Linear,Logic,1.27519e+06,1.2788e+06,3613
2,7,down_proj,GPU,1.2788e+06,1.28241e+06,3613
2,7,Linear,Logic,1.2788e+06,1.28241e+06,3613
2,7,expert_FFN_7,GPU,1.28241e+06,1.29328e+06,10865.7
2,7,gate_proj,GPU,1.28241e+06,1.28603e+06,3614.89
2,7,Linear,Logic,1.28241e+06,1.28603e+06,3614.89
2,7,activation,Logic,1.28603e+06,1.28605e+06,21.0927
2,7,up_proj,GPU,1.28605e+06,1.28966e+06,3614.89
2,7,Linear,Logic,1.28605e+06,1.28966e+06,3614.89
2,7,down_proj,GPU,1.28966e+06,1.29328e+06,3614.89
2,7,Linear,Logic,1.28966e+06,1.29328e+06,3614.89
2,7,sync_2,GPU,1.31388e+06,1.31388e+06,0
2,7,sync__set,GPU,1.31388e+06,1.31388e+06,0
2,7,sync__,GPU,1.31388e+06,1.31388e+06,0
2,7,moe_all_reduce_for_e_tp,GPU,1.31388e+06,1.3345e+06,20621.4
2,7,sync_3,GPU,1.3345e+06,1.3345e+06,0
2,7,sync__set,GPU,1.3345e+06,1.3345e+06,0
2,7,sync__,GPU,1.3345e+06,1.3345e+06,0
2,7,moe_gather,GPU,1.3345e+06,1.3345e+06,0
2,7,sync_for_moe_gather,GPU,1.3345e+06,1.3345e+06,0
2,7,sync__set,GPU,1.3345e+06,1.3345e+06,0
2,7,sync__,GPU,1.3345e+06,1.3345e+06,0
2,7,moe_all_reduce_for_gather,GPU,1.3345e+06,1.35512e+06,20621.4
2,7,sync_5,GPU,1.35512e+06,1.35512e+06,0
2,7,sync__set,GPU,1.35512e+06,1.35512e+06,0
2,7,sync__,GPU,1.35512e+06,1.35512e+06,0
2,7,sync_6,GPU,1.35512e+06,1.35512e+06,0
2,7,sync__set,GPU,1.35512e+06,1.35512e+06,0
2,7,sync__,GPU,1.35512e+06,1.35512e+06,0
2,7,residual_2,GPU,1.35512e+06,1.35538e+06,261.148
2,8,MoE_decoder_8,GPU,1.35538e+06,1.52486e+06,169476
2,8,input_layer_norm,GPU,1.35538e+06,1.35564e+06,261.148
2,8,attention,GPU,1.35564e+06,1.39551e+06,39870
2,8,attn_qkv_proj,GPU,1.35564e+06,1.36199e+06,6347.9
2,8,Linear,GPU,1.35564e+06,1.36199e+06,6347.9
2,8,self_attention,GPU,1.36199e+06,1.37062e+06,8625.91
2,8,AttentionSplit,GPU,1.36199e+06,1.36199e+06,0
2,8,AttentionSum,GPU,1.36199e+06,1.36199e+06,0
2,8,AttentionGen,Logic,1.36199e+06,1.37062e+06,8625.91
2,8,AttentionMerge,GPU,1.37062e+06,1.37062e+06,0
2,8,attn_o_proj,GPU,1.37062e+06,1.37489e+06,4274.79
2,8,Linear,GPU,1.37062e+06,1.37489e+06,4274.79
2,8,all_reduce,GPU,1.37489e+06,1.39551e+06,20621.4
2,8,residual_1,GPU,1.39551e+06,1.39577e+06,261.148
2,8,post_attn_layer_norm,GPU,1.39577e+06,1.39603e+06,261.148
2,8,expertFFN,GPU,1.39603e+06,1.5246e+06,128562
2,8,sync_0,GPU,1.39603e+06,1.39603e+06,0
2,8,sync__set,GPU,1.39603e+06,1.39603e+06,0
2,8,sync__,GPU,1.39603e+06,1.39603e+06,0
2,8,gate_fn,GPU,1.39603e+06,1.3962e+06,160.957
2,8,Linear,GPU,1.39603e+06,1.3962e+06,160.957
2,8,gate_update,GPU,1.3962e+06,1.3962e+06,0
2,8,moe_scatter,GPU,1.3962e+06,1.3962e+06,0
2,8,sync_for_moe_scatter,GPU,1.3962e+06,1.3962e+06,0
2,8,sync__set,GPU,1.3962e+06,1.3962e+06,0
2,8,sync__,GPU,1.3962e+06,1.3962e+06,0
2,8,moe_route,GPU,1.3962e+06,1.3962e+06,0
2,8,expert_FFN_0,GPU,1.3962e+06,1.43982e+06,43628.7
2,8,gate_proj,GPU,1.3962e+06,1.41069e+06,14497.2
2,8,Linear,GPU,1.3962e+06,1.41069e+06,14497.2
2,8,activation,GPU,1.41069e+06,1.41083e+06,137.103
2,8,up_proj,GPU,1.41083e+06,1.42533e+06,14497.2
2,8,Linear,GPU,1.41083e+06,1.42533e+06,14497.2
2,8,down_proj,GPU,1.42533e+06,1.43982e+06,14497.2
2,8,Linear,GPU,1.42533e+06,1.43982e+06,14497.2
2,8,expert_FFN_1,GPU,1.43982e+06,1.48335e+06,43529.3
2,8,gate_proj,GPU,1.43982e+06,1.4543e+06,14474.6
2,8,Linear,GPU,1.43982e+06,1.4543e+06,14474.6
2,8,activation,GPU,1.4543e+06,1.4544e+06,105.463
2,8,up_proj,GPU,1.4544e+06,1.46888e+06,14474.6
2,8,Linear,GPU,1.4544e+06,1.46888e+06,14474.6
2,8,down_proj,GPU,1.46888e+06,1.48335e+06,14474.6
2,8,Linear,GPU,1.46888e+06,1.48335e+06,14474.6
2,8,expert_FFN_2,GPU,1.3962e+06,1.40837e+06,12173.1
2,8,gate_proj,GPU,1.3962e+06,1.40025e+06,4049.8
2,8,Linear,Logic,1.3962e+06,1.40025e+06,4049.8
2,8,activation,Logic,1.40025e+06,1.40027e+06,23.7293
2,8,up_proj,GPU,1.40027e+06,1.40432e+06,4049.8
2,8,Linear,Logic,1.40027e+06,1.40432e+06,4049.8
2,8,down_proj,GPU,1.40432e+06,1.40837e+06,4049.8
2,8,Linear,Logic,1.40432e+06,1.40837e+06,4049.8
2,8,expert_FFN_3,GPU,1.40837e+06,1.41923e+06,10865.7
2,8,gate_proj,GPU,1.40837e+06,1.41198e+06,3614.89
2,8,Linear,Logic,1.40837e+06,1.41198e+06,3614.89
2,8,activation,Logic,1.41198e+06,1.412e+06,21.0927
2,8,up_proj,GPU,1.412e+06,1.41562e+06,3614.89
2,8,Linear,Logic,1.412e+06,1.41562e+06,3614.89
2,8,down_proj,GPU,1.41562e+06,1.41923e+06,3614.89
2,8,Linear,Logic,1.41562e+06,1.41923e+06,3614.89
2,8,expert_FFN_4,GPU,1.41923e+06,1.43276e+06,13525.7
2,8,gate_proj,GPU,1.41923e+06,1.42373e+06,4499.77
2,8,Linear,Logic,1.41923e+06,1.42373e+06,4499.77
2,8,activation,Logic,1.42373e+06,1.42376e+06,26.3659
2,8,up_proj,GPU,1.42376e+06,1.42826e+06,4499.77
2,8,Linear,Logic,1.42376e+06,1.42826e+06,4499.77
2,8,down_proj,GPU,1.42826e+06,1.43276e+06,4499.77
2,8,Linear,Logic,1.42826e+06,1.43276e+06,4499.77
2,8,expert_FFN_5,GPU,1.43276e+06,1.4436e+06,10840.9
2,8,gate_proj,GPU,1.43276e+06,1.43637e+06,3609.24
2,8,Linear,Logic,1.43276e+06,1.43637e+06,3609.24
2,8,activation,Logic,1.43637e+06,1.43638e+06,13.1829
2,8,up_proj,GPU,1.43638e+06,1.43999e+06,3609.24
2,8,Linear,Logic,1.43638e+06,1.43999e+06,3609.24
2,8,down_proj,GPU,1.43999e+06,1.4436e+06,3609.24
2,8,Linear,Logic,1.43999e+06,1.4436e+06,3609.24
2,8,expert_FFN_6,GPU,1.4436e+06,1.45445e+06,10849.2
2,8,gate_proj,GPU,1.4436e+06,1.44721e+06,3611.12
2,8,Linear,Logic,1.4436e+06,1.44721e+06,3611.12
2,8,activation,Logic,1.44721e+06,1.44723e+06,15.8195
2,8,up_proj,GPU,1.44723e+06,1.45084e+06,3611.12
2,8,Linear,Logic,1.44723e+06,1.45084e+06,3611.12
2,8,down_proj,GPU,1.45084e+06,1.45445e+06,3611.12
2,8,Linear,Logic,1.45084e+06,1.45445e+06,3611.12
2,8,expert_FFN_7,GPU,1.45445e+06,1.46527e+06,10824.3
2,8,gate_proj,GPU,1.45445e+06,1.45806e+06,3605.47
2,8,Linear,Logic,1.45445e+06,1.45806e+06,3605.47
2,8,activation,Logic,1.45806e+06,1.45806e+06,7.90976
2,8,up_proj,GPU,1.45806e+06,1.46167e+06,3605.47
2,8,Linear,Logic,1.45806e+06,1.46167e+06,3605.47
2,8,down_proj,GPU,1.46167e+06,1.46527e+06,3605.47
2,8,Linear,Logic,1.46167e+06,1.46527e+06,3605.47
2,8,sync_2,GPU,1.48335e+06,1.48335e+06,0
2,8,sync__set,GPU,1.48335e+06,1.48335e+06,0
2,8,sync__,GPU,1.48335e+06,1.48335e+06,0
2,8,moe_all_reduce_for_e_tp,GPU,1.48335e+06,1.50397e+06,20621.4
2,8,sync_3,GPU,1.50397e+06,1.50397e+06,0
2,8,sync__set,GPU,1.50397e+06,1.50397e+06,0
2,8,sync__,GPU,1.50397e+06,1.50397e+06,0
2,8,moe_gather,GPU,1.50397e+06,1.50397e+06,0
2,8,sync_for_moe_gather,GPU,1.50397e+06,1.50397e+06,0
2,8,sync__set,GPU,1.50397e+06,1.50397e+06,0
2,8,sync__,GPU,1.50397e+06,1.50397e+06,0
2,8,moe_all_reduce_for_gather,GPU,1.50397e+06,1.5246e+06,20621.4
2,8,sync_5,GPU,1.5246e+06,1.5246e+06,0
2,8,sync__set,GPU,1.5246e+06,1.5246e+06,0
2,8,sync__,GPU,1.5246e+06,1.5246e+06,0
2,8,sync_6,GPU,1.5246e+06,1.5246e+06,0
2,8,sync__set,GPU,1.5246e+06,1.5246e+06,0
2,8,sync__,GPU,1.5246e+06,1.5246e+06,0
2,8,residual_2,GPU,1.5246e+06,1.52486e+06,261.148
2,9,MoE_decoder_9,GPU,1.52486e+06,1.69934e+06,174486
2,9,input_layer_norm,GPU,1.52486e+06,1.52512e+06,261.148
2,9,attention,GPU,1.52512e+06,1.56499e+06,39870
2,9,attn_qkv_proj,GPU,1.52512e+06,1.53147e+06,6347.9
2,9,Linear,GPU,1.52512e+06,1.53147e+06,6347.9
2,9,self_attention,GPU,1.53147e+06,1.54009e+06,8625.91
2,9,AttentionSplit,GPU,1.53147e+06,1.53147e+06,0
2,9,AttentionSum,GPU,1.53147e+06,1.53147e+06,0
2,9,AttentionGen,Logic,1.53147e+06,1.54009e+06,8625.91
2,9,AttentionMerge,GPU,1.54009e+06,1.54009e+06,0
2,9,attn_o_proj,GPU,1.54009e+06,1.54437e+06,4274.79
2,9,Linear,GPU,1.54009e+06,1.54437e+06,4274.79
2,9,all_reduce,GPU,1.54437e+06,1.56499e+06,20621.4
2,9,residual_1,GPU,1.56499e+06,1.56525e+06,261.148
2,9,post_attn_layer_norm,GPU,1.56525e+06,1.56551e+06,261.148
2,9,expertFFN,GPU,1.56551e+06,1.69908e+06,133571
2,9,sync_0,GPU,1.56551e+06,1.56551e+06,0
2,9,sync__set,GPU,1.56551e+06,1.56551e+06,0
2,9,sync__,GPU,1.56551e+06,1.56551e+06,0
2,9,gate_fn,GPU,1.56551e+06,1.56567e+06,160.957
2,9,Linear,GPU,1.56551e+06,1.56567e+06,160.957
2,9,gate_update,GPU,1.56567e+06,1.56567e+06,0
2,9,moe_scatter,GPU,1.56567e+06,1.56567e+06,0
2,9,sync_for_moe_scatter,GPU,1.56567e+06,1.56567e+06,0
2,9,sync__set,GPU,1.56567e+06,1.56567e+06,0
2,9,sync__,GPU,1.56567e+06,1.56567e+06,0
2,9,moe_route,GPU,1.56567e+06,1.56567e+06,0
2,9,expert_FFN_0,GPU,1.56567e+06,1.57784e+06,12173.1
2,9,gate_proj,GPU,1.56567e+06,1.56972e+06,4049.8
2,9,Linear,Logic,1.56567e+06,1.56972e+06,4049.8
2,9,activation,Logic,1.56972e+06,1.56975e+06,23.7293
2,9,up_proj,GPU,1.56975e+06,1.5738e+06,4049.8
2,9,Linear,Logic,1.56975e+06,1.5738e+06,4049.8
2,9,down_proj,GPU,1.5738e+06,1.57784e+06,4049.8
2,9,Linear,Logic,1.5738e+06,1.57784e+06,4049.8
2,9,expert_FFN_1,GPU,1.57784e+06,1.58871e+06,10865.7
2,9,gate_proj,GPU,1.57784e+06,1.58146e+06,3614.89
2,9,Linear,Logic,1.57784e+06,1.58146e+06,3614.89
2,9,activation,Logic,1.58146e+06,1.58148e+06,21.0927
2,9,up_proj,GPU,1.58148e+06,1.5851e+06,3614.89
2,9,Linear,Logic,1.58148e+06,1.5851e+06,3614.89
2,9,down_proj,GPU,1.5851e+06,1.58871e+06,3614.89
2,9,Linear,Logic,1.5851e+06,1.58871e+06,3614.89
2,9,expert_FFN_2,GPU,1.58871e+06,1.59958e+06,10865.7
2,9,gate_proj,GPU,1.58871e+06,1.59233e+06,3614.89
2,9,Linear,Logic,1.58871e+06,1.59233e+06,3614.89
2,9,activation,Logic,1.59233e+06,1.59235e+06,21.0927
2,9,up_proj,GPU,1.59235e+06,1.59596e+06,3614.89
2,9,Linear,Logic,1.59235e+06,1.59596e+06,3614.89
2,9,down_proj,GPU,1.59596e+06,1.59958e+06,3614.89
2,9,Linear,Logic,1.59596e+06,1.59958e+06,3614.89
2,9,expert_FFN_3,GPU,1.59958e+06,1.61043e+06,10857.5
2,9,gate_proj,GPU,1.59958e+06,1.60319e+06,3613
2,9,Linear,Logic,1.59958e+06,1.60319e+06,3613
2,9,activation,Logic,1.60319e+06,1.60321e+06,18.4561
2,9,up_proj,GPU,1.60321e+06,1.60682e+06,3613
2,9,Linear,Logic,1.60321e+06,1.60682e+06,3613
2,9,down_proj,GPU,1.60682e+06,1.61043e+06,3613
2,9,Linear,Logic,1.60682e+06,1.61043e+06,3613
2,9,expert_FFN_4,GPU,1.61043e+06,1.62261e+06,12173.1
2,9,gate_proj,GPU,1.61043e+06,1.61448e+06,4049.8
2,9,Linear,Logic,1.61043e+06,1.61448e+06,4049.8
2,9,activation,Logic,1.61448e+06,1.61451e+06,23.7293
2,9,up_proj,GPU,1.61451e+06,1.61856e+06,4049.8
2,9,Linear,Logic,1.61451e+06,1.61856e+06,4049.8
2,9,down_proj,GPU,1.61856e+06,1.62261e+06,4049.8
2,9,Linear,Logic,1.61856e+06,1.62261e+06,4049.8
2,9,expert_FFN_5,GPU,1.62261e+06,1.63346e+06,10857.5
2,9,gate_proj,GPU,1.62261e+06,1.62622e+06,3613
2,9,Linear,Logic,1.62261e+06,1.62622e+06,3613
2,9,activation,Logic,1.62622e+06,1.62624e+06,18.4561
2,9,up_proj,GPU,1.62624e+06,1.62985e+06,3613
2,9,Linear,Logic,1.62624e+06,1.62985e+06,3613
2,9,down_proj,GPU,1.62985e+06,1.63346e+06,3613
2,9,Linear,Logic,1.62985e+06,1.63346e+06,3613
2,9,expert_FFN_6,GPU,1.63346e+06,1.64431e+06,10849.2
2,9,gate_proj,GPU,1.63346e+06,1.63708e+06,3611.12
2,9,Linear,Logic,1.63346e+06,1.63708e+06,3611.12
2,9,activation,Logic,1.63708e+06,1.63709e+06,15.8195
2,9,up_proj,GPU,1.63709e+06,1.6407e+06,3611.12
2,9,Linear,Logic,1.63709e+06,1.6407e+06,3611.12
2,9,down_proj,GPU,1.6407e+06,1.64431e+06,3611.12
2,9,Linear,Logic,1.6407e+06,1.64431e+06,3611.12
2,9,expert_FFN_7,GPU,1.64431e+06,1.65784e+06,13525.7
2,9,gate_proj,GPU,1.64431e+06,1.64881e+06,4499.77
2,9,Linear,Logic,1.64431e+06,1.64881e+06,4499.77
2,9,activation,Logic,1.64881e+06,1.64884e+06,26.3659
2,9,up_proj,GPU,1.64884e+06,1.65334e+06,4499.77
2,9,Linear,Logic,1.64884e+06,1.65334e+06,4499.77
2,9,down_proj,GPU,1.65334e+06,1.65784e+06,4499.77
2,9,Linear,Logic,1.65334e+06,1.65784e+06,4499.77
2,9,sync_2,GPU,1.65784e+06,1.65784e+06,0
2,9,sync__set,GPU,1.65784e+06,1.65784e+06,0
2,9,sync__,GPU,1.65784e+06,1.65784e+06,0
2,9,moe_all_reduce_for_e_tp,GPU,1.65784e+06,1.67846e+06,20621.4
2,9,sync_3,GPU,1.67846e+06,1.67846e+06,0
2,9,sync__set,GPU,1.67846e+06,1.67846e+06,0
2,9,sync__,GPU,1.67846e+06,1.67846e+06,0
2,9,moe_gather,GPU,1.67846e+06,1.67846e+06,0
2,9,sync_for_moe_gather,GPU,1.67846e+06,1.67846e+06,0
2,9,sync__set,GPU,1.67846e+06,1.67846e+06,0
2,9,sync__,GPU,1.67846e+06,1.67846e+06,0
2,9,moe_all_reduce_for_gather,GPU,1.67846e+06,1.69908e+06,20621.4
2,9,sync_5,GPU,1.69908e+06,1.69908e+06,0
2,9,sync__set,GPU,1.69908e+06,1.69908e+06,0
2,9,sync__,GPU,1.69908e+06,1.69908e+06,0
2,9,sync_6,GPU,1.69908e+06,1.69908e+06,0
2,9,sync__set,GPU,1.69908e+06,1.69908e+06,0
2,9,sync__,GPU,1.69908e+06,1.69908e+06,0
2,9,residual_2,GPU,1.69908e+06,1.69934e+06,261.148
2,10,MoE_decoder_10,GPU,1.69934e+06,1.86865e+06,169311
2,10,input_layer_norm,GPU,1.69934e+06,1.6996e+06,261.148
2,10,attention,GPU,1.6996e+06,1.73947e+06,39870
2,10,attn_qkv_proj,GPU,1.6996e+06,1.70595e+06,6347.9
2,10,Linear,GPU,1.6996e+06,1.70595e+06,6347.9
2,10,self_attention,GPU,1.70595e+06,1.71458e+06,8625.91
2,10,AttentionSplit,GPU,1.70595e+06,1.70595e+06,0
2,10,AttentionSum,GPU,1.70595e+06,1.70595e+06,0
2,10,AttentionGen,Logic,1.70595e+06,1.71458e+06,8625.91
2,10,AttentionMerge,GPU,1.71458e+06,1.71458e+06,0
2,10,attn_o_proj,GPU,1.71458e+06,1.71885e+06,4274.79
2,10,Linear,GPU,1.71458e+06,1.71885e+06,4274.79
2,10,all_reduce,GPU,1.71885e+06,1.73947e+06,20621.4
2,10,residual_1,GPU,1.73947e+06,1.73974e+06,261.148
2,10,post_attn_layer_norm,GPU,1.73974e+06,1.74e+06,261.148
2,10,expertFFN,GPU,1.74e+06,1.86839e+06,128396
2,10,sync_0,GPU,1.74e+06,1.74e+06,0
2,10,sync__set,GPU,1.74e+06,1.74e+06,0
2,10,sync__,GPU,1.74e+06,1.74e+06,0
2,10,gate_fn,GPU,1.74e+06,1.74016e+06,160.957
2,10,Linear,GPU,1.74e+06,1.74016e+06,160.957
2,10,gate_update,GPU,1.74016e+06,1.74016e+06,0
2,10,moe_scatter,GPU,1.74016e+06,1.74016e+06,0
2,10,sync_for_moe_scatter,GPU,1.74016e+06,1.74016e+06,0
2,10,sync__set,GPU,1.74016e+06,1.74016e+06,0
2,10,sync__,GPU,1.74016e+06,1.74016e+06,0
2,10,moe_route,GPU,1.74016e+06,1.74016e+06,0
2,10,expert_FFN_0,GPU,1.74016e+06,1.75639e+06,16230.8
2,10,gate_proj,GPU,1.74016e+06,1.74556e+06,5399.73
2,10,Linear,Logic,1.74016e+06,1.74556e+06,5399.73
2,10,activation,Logic,1.74556e+06,1.74559e+06,31.639
2,10,up_proj,GPU,1.74559e+06,1.75099e+06,5399.73
2,10,Linear,Logic,1.74559e+06,1.75099e+06,5399.73
2,10,down_proj,GPU,1.75099e+06,1.75639e+06,5399.73
2,10,Linear,Logic,1.75099e+06,1.75639e+06,5399.73
2,10,expert_FFN_1,GPU,1.75639e+06,1.76721e+06,10824.3
2,10,gate_proj,GPU,1.75639e+06,1.75999e+06,3605.47
2,10,Linear,Logic,1.75639e+06,1.75999e+06,3605.47
2,10,activation,Logic,1.75999e+06,1.76e+06,7.90976
2,10,up_proj,GPU,1.76e+06,1.76361e+06,3605.47
2,10,Linear,Logic,1.76e+06,1.76361e+06,3605.47
2,10,down_proj,GPU,1.76361e+06,1.76721e+06,3605.47
2,10,Linear,Logic,1.76361e+06,1.76721e+06,3605.47
2,10,expert_FFN_2,GPU,1.76721e+06,1.77807e+06,10857.5
2,10,gate_proj,GPU,1.76721e+06,1.77083e+06,3613
2,10,Linear,Logic,1.76721e+06,1.77083e+06,3613
2,10,activation,Logic,1.77083e+06,1.77084e+06,18.4561
2,10,up_proj,GPU,1.77084e+06,1.77446e+06,3613
2,10,Linear,Logic,1.77084e+06,1.77446e+06,3613
2,10,down_proj,GPU,1.77446e+06,1.77807e+06,3613
2,10,Linear,Logic,1.77446e+06,1.77807e+06,3613
2,10,expert_FFN_3,GPU,1.77807e+06,1.78893e+06,10857.5
2,10,gate_proj,GPU,1.77807e+06,1.78168e+06,3613
2,10,Linear,Logic,1.77807e+06,1.78168e+06,3613
2,10,activation,Logic,1.78168e+06,1.7817e+06,18.4561
2,10,up_proj,GPU,1.7817e+06,1.78531e+06,3613
2,10,Linear,Logic,1.7817e+06,1.78531e+06,3613
2,10,down_proj,GPU,1.78531e+06,1.78893e+06,3613
2,10,Linear,Logic,1.78531e+06,1.78893e+06,3613
2,10,expert_FFN_4,GPU,1.74016e+06,1.78375e+06,43595.6
2,10,gate_proj,GPU,1.74016e+06,1.75465e+06,14489.7
2,10,Linear,GPU,1.74016e+06,1.75465e+06,14489.7
2,10,activation,GPU,1.75465e+06,1.75477e+06,126.556
2,10,up_proj,GPU,1.75477e+06,1.76926e+06,14489.7
2,10,Linear,GPU,1.75477e+06,1.76926e+06,14489.7
2,10,down_proj,GPU,1.76926e+06,1.78375e+06,14489.7
2,10,Linear,GPU,1.76926e+06,1.78375e+06,14489.7
2,10,expert_FFN_5,GPU,1.78375e+06,1.82715e+06,43396.7
2,10,gate_proj,GPU,1.78375e+06,1.7982e+06,14444.5
2,10,Linear,GPU,1.78375e+06,1.7982e+06,14444.5
2,10,activation,GPU,1.7982e+06,1.79826e+06,63.2781
2,10,up_proj,GPU,1.79826e+06,1.81271e+06,14444.5
2,10,Linear,GPU,1.79826e+06,1.81271e+06,14444.5
2,10,down_proj,GPU,1.81271e+06,1.82715e+06,14444.5
2,10,Linear,GPU,1.81271e+06,1.82715e+06,14444.5
2,10,expert_FFN_6,GPU,1.78893e+06,1.8011e+06,12173.1
2,10,gate_proj,GPU,1.78893e+06,1.79298e+06,4049.8
2,10,Linear,Logic,1.78893e+06,1.79298e+06,4049.8
2,10,activation,Logic,1.79298e+06,1.793e+06,23.7293
2,10,up_proj,GPU,1.793e+06,1.79705e+06,4049.8
2,10,Linear,Logic,1.793e+06,1.79705e+06,4049.8
2,10,down_proj,GPU,1.79705e+06,1.8011e+06,4049.8
2,10,Linear,Logic,1.79705e+06,1.8011e+06,4049.8
2,10,expert_FFN_7,GPU,1.8011e+06,1.81197e+06,10865.7
2,10,gate_proj,GPU,1.8011e+06,1.80472e+06,3614.89
2,10,Linear,Logic,1.8011e+06,1.80472e+06,3614.89
2,10,activation,Logic,1.80472e+06,1.80474e+06,21.0927
2,10,up_proj,GPU,1.80474e+06,1.80835e+06,3614.89
2,10,Linear,Logic,1.80474e+06,1.80835e+06,3614.89
2,10,down_proj,GPU,1.80835e+06,1.81197e+06,3614.89
2,10,Linear,Logic,1.80835e+06,1.81197e+06,3614.89
2,10,sync_2,GPU,1.82715e+06,1.82715e+06,0
2,10,sync__set,GPU,1.82715e+06,1.82715e+06,0
2,10,sync__,GPU,1.82715e+06,1.82715e+06,0
2,10,moe_all_reduce_for_e_tp,GPU,1.82715e+06,1.84777e+06,20621.4
2,10,sync_3,GPU,1.84777e+06,1.84777e+06,0
2,10,sync__set,GPU,1.84777e+06,1.84777e+06,0
2,10,sync__,GPU,1.84777e+06,1.84777e+06,0
2,10,moe_gather,GPU,1.84777e+06,1.84777e+06,0
2,10,sync_for_moe_gather,GPU,1.84777e+06,1.84777e+06,0
2,10,sync__set,GPU,1.84777e+06,1.84777e+06,0
2,10,sync__,GPU,1.84777e+06,1.84777e+06,0
2,10,moe_all_reduce_for_gather,GPU,1.84777e+06,1.86839e+06,20621.4
2,10,sync_5,GPU,1.86839e+06,1.86839e+06,0
2,10,sync__set,GPU,1.86839e+06,1.86839e+06,0
2,10,sync__,GPU,1.86839e+06,1.86839e+06,0
2,10,sync_6,GPU,1.86839e+06,1.86839e+06,0
2,10,sync__set,GPU,1.86839e+06,1.86839e+06,0
2,10,sync__,GPU,1.86839e+06,1.86839e+06,0
2,10,residual_2,GPU,1.86839e+06,1.86865e+06,261.148
2,11,MoE_decoder_11,GPU,1.86865e+06,2.038e+06,169344
2,11,input_layer_norm,GPU,1.86865e+06,1.86892e+06,261.148
2,11,attention,GPU,1.86892e+06,1.90879e+06,39870
2,11,attn_qkv_proj,GPU,1.86892e+06,1.87526e+06,6347.9
2,11,Linear,GPU,1.86892e+06,1.87526e+06,6347.9
2,11,self_attention,GPU,1.87526e+06,1.88389e+06,8625.91
2,11,AttentionSplit,GPU,1.87526e+06,1.87526e+06,0
2,11,AttentionSum,GPU,1.87526e+06,1.87526e+06,0
2,11,AttentionGen,Logic,1.87526e+06,1.88389e+06,8625.91
2,11,AttentionMerge,GPU,1.88389e+06,1.88389e+06,0
2,11,attn_o_proj,GPU,1.88389e+06,1.88816e+06,4274.79
2,11,Linear,GPU,1.88389e+06,1.88816e+06,4274.79
2,11,all_reduce,GPU,1.88816e+06,1.90879e+06,20621.4
2,11,residual_1,GPU,1.90879e+06,1.90905e+06,261.148
2,11,post_attn_layer_norm,GPU,1.90905e+06,1.90931e+06,261.148
2,11,expertFFN,GPU,1.90931e+06,2.03774e+06,128429
2,11,sync_0,GPU,1.90931e+06,1.90931e+06,0
2,11,sync__set,GPU,1.90931e+06,1.90931e+06,0
2,11,sync__,GPU,1.90931e+06,1.90931e+06,0
2,11,gate_fn,GPU,1.90931e+06,1.90947e+06,160.957
2,11,Linear,GPU,1.90931e+06,1.90947e+06,160.957
2,11,gate_update,GPU,1.90947e+06,1.90947e+06,0
2,11,moe_scatter,GPU,1.90947e+06,1.90947e+06,0
2,11,sync_for_moe_scatter,GPU,1.90947e+06,1.90947e+06,0
2,11,sync__set,GPU,1.90947e+06,1.90947e+06,0
2,11,sync__,GPU,1.90947e+06,1.90947e+06,0
2,11,moe_route,GPU,1.90947e+06,1.90947e+06,0
2,11,expert_FFN_0,GPU,1.90947e+06,1.9203e+06,10832.6
2,11,gate_proj,GPU,1.90947e+06,1.91308e+06,3607.35
2,11,Linear,Logic,1.90947e+06,1.91308e+06,3607.35
2,11,activation,Logic,1.91308e+06,1.91309e+06,10.5463
2,11,up_proj,GPU,1.91309e+06,1.91669e+06,3607.35
2,11,Linear,Logic,1.91309e+06,1.91669e+06,3607.35
2,11,down_proj,GPU,1.91669e+06,1.9203e+06,3607.35
2,11,Linear,Logic,1.91669e+06,1.9203e+06,3607.35
2,11,expert_FFN_1,GPU,1.9203e+06,1.93117e+06,10865.7
2,11,gate_proj,GPU,1.9203e+06,1.92392e+06,3614.89
2,11,Linear,Logic,1.9203e+06,1.92392e+06,3614.89
2,11,activation,Logic,1.92392e+06,1.92394e+06,21.0927
2,11,up_proj,GPU,1.92394e+06,1.92755e+06,3614.89
2,11,Linear,Logic,1.92394e+06,1.92755e+06,3614.89
2,11,down_proj,GPU,1.92755e+06,1.93117e+06,3614.89
2,11,Linear,Logic,1.92755e+06,1.93117e+06,3614.89
2,11,expert_FFN_2,GPU,1.93117e+06,1.94334e+06,12173.1
2,11,gate_proj,GPU,1.93117e+06,1.93522e+06,4049.8
2,11,Linear,Logic,1.93117e+06,1.93522e+06,4049.8
2,11,activation,Logic,1.93522e+06,1.93524e+06,23.7293
2,11,up_proj,GPU,1.93524e+06,1.93929e+06,4049.8
2,11,Linear,Logic,1.93524e+06,1.93929e+06,4049.8
2,11,down_proj,GPU,1.93929e+06,1.94334e+06,4049.8
2,11,Linear,Logic,1.93929e+06,1.94334e+06,4049.8
2,11,expert_FFN_3,GPU,1.94334e+06,1.95551e+06,12173.1
2,11,gate_proj,GPU,1.94334e+06,1.94739e+06,4049.8
2,11,Linear,Logic,1.94334e+06,1.94739e+06,4049.8
2,11,activation,Logic,1.94739e+06,1.94741e+06,23.7293
2,11,up_proj,GPU,1.94741e+06,1.95146e+06,4049.8
2,11,Linear,Logic,1.94741e+06,1.95146e+06,4049.8
2,11,down_proj,GPU,1.95146e+06,1.95551e+06,4049.8
2,11,Linear,Logic,1.95146e+06,1.95551e+06,4049.8
2,11,expert_FFN_4,GPU,1.90947e+06,1.9531e+06,43628.7
2,11,gate_proj,GPU,1.90947e+06,1.92397e+06,14497.2
2,11,Linear,GPU,1.90947e+06,1.92397e+06,14497.2
2,11,activation,GPU,1.92397e+06,1.9241e+06,137.103
2,11,up_proj,GPU,1.9241e+06,1.9386e+06,14497.2
2,11,Linear,GPU,1.9241e+06,1.9386e+06,14497.2
2,11,down_proj,GPU,1.9386e+06,1.9531e+06,14497.2
2,11,Linear,GPU,1.9386e+06,1.9531e+06,14497.2
2,11,expert_FFN_5,GPU,1.9531e+06,1.99649e+06,43396.7
2,11,gate_proj,GPU,1.9531e+06,1.96754e+06,14444.5
2,11,Linear,GPU,1.9531e+06,1.96754e+06,14444.5
2,11,activation,GPU,1.96754e+06,1.96761e+06,63.2781
2,11,up_proj,GPU,1.96761e+06,1.98205e+06,14444.5
2,11,Linear,GPU,1.96761e+06,1.98205e+06,14444.5
2,11,down_proj,GPU,1.98205e+06,1.99649e+06,14444.5
2,11,Linear,GPU,1.98205e+06,1.99649e+06,14444.5
2,11,expert_FFN_6,GPU,1.95551e+06,1.97174e+06,16230.8
2,11,gate_proj,GPU,1.95551e+06,1.96091e+06,5399.73
2,11,Linear,Logic,1.95551e+06,1.96091e+06,5399.73
2,11,activation,Logic,1.96091e+06,1.96094e+06,31.639
2,11,up_proj,GPU,1.96094e+06,1.96634e+06,5399.73
2,11,Linear,Logic,1.96094e+06,1.96634e+06,5399.73
2,11,down_proj,GPU,1.96634e+06,1.97174e+06,5399.73
2,11,Linear,Logic,1.96634e+06,1.97174e+06,5399.73
2,11,expert_FFN_7,GPU,1.97174e+06,1.98257e+06,10824.3
2,11,gate_proj,GPU,1.97174e+06,1.97535e+06,3605.47
2,11,Linear,Logic,1.97174e+06,1.97535e+06,3605.47
2,11,activation,Logic,1.97535e+06,1.97536e+06,7.90976
2,11,up_proj,GPU,1.97536e+06,1.97896e+06,3605.47
2,11,Linear,Logic,1.97536e+06,1.97896e+06,3605.47
2,11,down_proj,GPU,1.97896e+06,1.98257e+06,3605.47
2,11,Linear,Logic,1.97896e+06,1.98257e+06,3605.47
2,11,sync_2,GPU,1.99649e+06,1.99649e+06,0
2,11,sync__set,GPU,1.99649e+06,1.99649e+06,0
2,11,sync__,GPU,1.99649e+06,1.99649e+06,0
2,11,moe_all_reduce_for_e_tp,GPU,1.99649e+06,2.01712e+06,20621.4
2,11,sync_3,GPU,2.01712e+06,2.01712e+06,0
2,11,sync__set,GPU,2.01712e+06,2.01712e+06,0
2,11,sync__,GPU,2.01712e+06,2.01712e+06,0
2,11,moe_gather,GPU,2.01712e+06,2.01712e+06,0
2,11,sync_for_moe_gather,GPU,2.01712e+06,2.01712e+06,0
2,11,sync__set,GPU,2.01712e+06,2.01712e+06,0
2,11,sync__,GPU,2.01712e+06,2.01712e+06,0
2,11,moe_all_reduce_for_gather,GPU,2.01712e+06,2.03774e+06,20621.4
2,11,sync_5,GPU,2.03774e+06,2.03774e+06,0
2,11,sync__set,GPU,2.03774e+06,2.03774e+06,0
2,11,sync__,GPU,2.03774e+06,2.03774e+06,0
2,11,sync_6,GPU,2.03774e+06,2.03774e+06,0
2,11,sync__set,GPU,2.03774e+06,2.03774e+06,0
2,11,sync__,GPU,2.03774e+06,2.03774e+06,0
2,11,residual_2,GPU,2.03774e+06,2.038e+06,261.148
2,12,MoE_decoder_12,GPU,2.038e+06,2.20754e+06,169543
2,12,input_layer_norm,GPU,2.038e+06,2.03826e+06,261.148
2,12,attention,GPU,2.03826e+06,2.07813e+06,39870
2,12,attn_qkv_proj,GPU,2.03826e+06,2.04461e+06,6347.9
2,12,Linear,GPU,2.03826e+06,2.04461e+06,6347.9
2,12,self_attention,GPU,2.04461e+06,2.05323e+06,8625.91
2,12,AttentionSplit,GPU,2.04461e+06,2.04461e+06,0
2,12,AttentionSum,GPU,2.04461e+06,2.04461e+06,0
2,12,AttentionGen,Logic,2.04461e+06,2.05323e+06,8625.91
2,12,AttentionMerge,GPU,2.05323e+06,2.05323e+06,0
2,12,attn_o_proj,GPU,2.05323e+06,2.05751e+06,4274.79
2,12,Linear,GPU,2.05323e+06,2.05751e+06,4274.79
2,12,all_reduce,GPU,2.05751e+06,2.07813e+06,20621.4
2,12,residual_1,GPU,2.07813e+06,2.07839e+06,261.148
2,12,post_attn_layer_norm,GPU,2.07839e+06,2.07865e+06,261.148
2,12,expertFFN,GPU,2.07865e+06,2.20728e+06,128628
2,12,sync_0,GPU,2.07865e+06,2.07865e+06,0
2,12,sync__set,GPU,2.07865e+06,2.07865e+06,0
2,12,sync__,GPU,2.07865e+06,2.07865e+06,0
2,12,gate_fn,GPU,2.07865e+06,2.07881e+06,160.957
2,12,Linear,GPU,2.07865e+06,2.07881e+06,160.957
2,12,gate_update,GPU,2.07881e+06,2.07881e+06,0
2,12,moe_scatter,GPU,2.07881e+06,2.07881e+06,0
2,12,sync_for_moe_scatter,GPU,2.07881e+06,2.07881e+06,0
2,12,sync__set,GPU,2.07881e+06,2.07881e+06,0
2,12,sync__,GPU,2.07881e+06,2.07881e+06,0
2,12,moe_route,GPU,2.07881e+06,2.07881e+06,0
2,12,expert_FFN_0,GPU,2.07881e+06,2.08968e+06,10865.7
2,12,gate_proj,GPU,2.07881e+06,2.08243e+06,3614.89
2,12,Linear,Logic,2.07881e+06,2.08243e+06,3614.89
2,12,activation,Logic,2.08243e+06,2.08245e+06,21.0927
2,12,up_proj,GPU,2.08245e+06,2.08606e+06,3614.89
2,12,Linear,Logic,2.08245e+06,2.08606e+06,3614.89
2,12,down_proj,GPU,2.08606e+06,2.08968e+06,3614.89
2,12,Linear,Logic,2.08606e+06,2.08968e+06,3614.89
2,12,expert_FFN_1,GPU,2.08968e+06,2.1032e+06,13525.7
2,12,gate_proj,GPU,2.08968e+06,2.09418e+06,4499.77
2,12,Linear,Logic,2.08968e+06,2.09418e+06,4499.77
2,12,activation,Logic,2.09418e+06,2.0942e+06,26.3659
2,12,up_proj,GPU,2.0942e+06,2.0987e+06,4499.77
2,12,Linear,Logic,2.0942e+06,2.0987e+06,4499.77
2,12,down_proj,GPU,2.0987e+06,2.1032e+06,4499.77
2,12,Linear,Logic,2.0987e+06,2.1032e+06,4499.77
2,12,expert_FFN_2,GPU,2.07881e+06,2.12244e+06,43628.7
2,12,gate_proj,GPU,2.07881e+06,2.09331e+06,14497.2
2,12,Linear,GPU,2.07881e+06,2.09331e+06,14497.2
2,12,activation,GPU,2.09331e+06,2.09345e+06,137.103
2,12,up_proj,GPU,2.09345e+06,2.10794e+06,14497.2
2,12,Linear,GPU,2.09345e+06,2.10794e+06,14497.2
2,12,down_proj,GPU,2.10794e+06,2.12244e+06,14497.2
2,12,Linear,GPU,2.10794e+06,2.12244e+06,14497.2
2,12,expert_FFN_3,GPU,2.12244e+06,2.16604e+06,43595.6
2,12,gate_proj,GPU,2.12244e+06,2.13693e+06,14489.7
2,12,Linear,GPU,2.12244e+06,2.13693e+06,14489.7
2,12,activation,GPU,2.13693e+06,2.13706e+06,126.556
2,12,up_proj,GPU,2.13706e+06,2.15155e+06,14489.7
2,12,Linear,GPU,2.13706e+06,2.15155e+06,14489.7
2,12,down_proj,GPU,2.15155e+06,2.16604e+06,14489.7
2,12,Linear,GPU,2.15155e+06,2.16604e+06,14489.7
2,12,expert_FFN_4,GPU,2.1032e+06,2.11404e+06,10840.9
2,12,gate_proj,GPU,2.1032e+06,2.10681e+06,3609.24
2,12,Linear,Logic,2.1032e+06,2.10681e+06,3609.24
2,12,activation,Logic,2.10681e+06,2.10683e+06,13.1829
2,12,up_proj,GPU,2.10683e+06,2.11044e+06,3609.24
2,12,Linear,Logic,2.10683e+06,2.11044e+06,3609.24
2,12,down_proj,GPU,2.11044e+06,2.11404e+06,3609.24
2,12,Linear,Logic,2.11044e+06,2.11404e+06,3609.24
2,12,expert_FFN_5,GPU,2.11404e+06,2.12488e+06,10832.6
2,12,gate_proj,GPU,2.11404e+06,2.11765e+06,3607.35
2,12,Linear,Logic,2.11404e+06,2.11765e+06,3607.35
2,12,activation,Logic,2.11765e+06,2.11766e+06,10.5463
2,12,up_proj,GPU,2.11766e+06,2.12127e+06,3607.35
2,12,Linear,Logic,2.11766e+06,2.12127e+06,3607.35
2,12,down_proj,GPU,2.12127e+06,2.12488e+06,3607.35
2,12,Linear,Logic,2.12127e+06,2.12488e+06,3607.35
2,12,expert_FFN_6,GPU,2.12488e+06,2.13573e+06,10857.5
2,12,gate_proj,GPU,2.12488e+06,2.12849e+06,3613
2,12,Linear,Logic,2.12488e+06,2.12849e+06,3613
2,12,activation,Logic,2.12849e+06,2.12851e+06,18.4561
2,12,up_proj,GPU,2.12851e+06,2.13212e+06,3613
2,12,Linear,Logic,2.12851e+06,2.13212e+06,3613
2,12,down_proj,GPU,2.13212e+06,2.13573e+06,3613
2,12,Linear,Logic,2.13212e+06,2.13573e+06,3613
2,12,expert_FFN_7,GPU,2.13573e+06,2.14658e+06,10840.9
2,12,gate_proj,GPU,2.13573e+06,2.13934e+06,3609.24
2,12,Linear,Logic,2.13573e+06,2.13934e+06,3609.24
2,12,activation,Logic,2.13934e+06,2.13936e+06,13.1829
2,12,up_proj,GPU,2.13936e+06,2.14297e+06,3609.24
2,12,Linear,Logic,2.13936e+06,2.14297e+06,3609.24
2,12,down_proj,GPU,2.14297e+06,2.14658e+06,3609.24
2,12,Linear,Logic,2.14297e+06,2.14658e+06,3609.24
2,12,sync_2,GPU,2.16604e+06,2.16604e+06,0
2,12,sync__set,GPU,2.16604e+06,2.16604e+06,0
2,12,sync__,GPU,2.16604e+06,2.16604e+06,0
2,12,moe_all_reduce_for_e_tp,GPU,2.16604e+06,2.18666e+06,20621.4
2,12,sync_3,GPU,2.18666e+06,2.18666e+06,0
2,12,sync__set,GPU,2.18666e+06,2.18666e+06,0
2,12,sync__,GPU,2.18666e+06,2.18666e+06,0
2,12,moe_gather,GPU,2.18666e+06,2.18666e+06,0
2,12,sync_for_moe_gather,GPU,2.18666e+06,2.18666e+06,0
2,12,sync__set,GPU,2.18666e+06,2.18666e+06,0
2,12,sync__,GPU,2.18666e+06,2.18666e+06,0
2,12,moe_all_reduce_for_gather,GPU,2.18666e+06,2.20728e+06,20621.4
2,12,sync_5,GPU,2.20728e+06,2.20728e+06,0
2,12,sync__set,GPU,2.20728e+06,2.20728e+06,0
2,12,sync__,GPU,2.20728e+06,2.20728e+06,0
2,12,sync_6,GPU,2.20728e+06,2.20728e+06,0
2,12,sync__set,GPU,2.20728e+06,2.20728e+06,0
2,12,sync__,GPU,2.20728e+06,2.20728e+06,0
2,12,residual_2,GPU,2.20728e+06,2.20754e+06,261.148
2,13,MoE_decoder_13,GPU,2.20754e+06,2.37688e+06,169344
2,13,input_layer_norm,GPU,2.20754e+06,2.2078e+06,261.148
2,13,attention,GPU,2.2078e+06,2.24767e+06,39870
2,13,attn_qkv_proj,GPU,2.2078e+06,2.21415e+06,6347.9
2,13,Linear,GPU,2.2078e+06,2.21415e+06,6347.9
2,13,self_attention,GPU,2.21415e+06,2.22278e+06,8625.91
2,13,AttentionSplit,GPU,2.21415e+06,2.21415e+06,0
2,13,AttentionSum,GPU,2.21415e+06,2.21415e+06,0
2,13,AttentionGen,Logic,2.21415e+06,2.22278e+06,8625.91
2,13,AttentionMerge,GPU,2.22278e+06,2.22278e+06,0
2,13,attn_o_proj,GPU,2.22278e+06,2.22705e+06,4274.79
2,13,Linear,GPU,2.22278e+06,2.22705e+06,4274.79
2,13,all_reduce,GPU,2.22705e+06,2.24767e+06,20621.4
2,13,residual_1,GPU,2.24767e+06,2.24793e+06,261.148
2,13,post_attn_layer_norm,GPU,2.24793e+06,2.24819e+06,261.148
2,13,expertFFN,GPU,2.24819e+06,2.37662e+06,128429
2,13,sync_0,GPU,2.24819e+06,2.24819e+06,0
2,13,sync__set,GPU,2.24819e+06,2.24819e+06,0
2,13,sync__,GPU,2.24819e+06,2.24819e+06,0
2,13,gate_fn,GPU,2.24819e+06,2.24836e+06,160.957
2,13,Linear,GPU,2.24819e+06,2.24836e+06,160.957
2,13,gate_update,GPU,2.24836e+06,2.24836e+06,0
2,13,moe_scatter,GPU,2.24836e+06,2.24836e+06,0
2,13,sync_for_moe_scatter,GPU,2.24836e+06,2.24836e+06,0
2,13,sync__set,GPU,2.24836e+06,2.24836e+06,0
2,13,sync__,GPU,2.24836e+06,2.24836e+06,0
2,13,moe_route,GPU,2.24836e+06,2.24836e+06,0
2,13,expert_FFN_0,GPU,2.24836e+06,2.25921e+06,10857.5
2,13,gate_proj,GPU,2.24836e+06,2.25197e+06,3613
2,13,Linear,Logic,2.24836e+06,2.25197e+06,3613
2,13,activation,Logic,2.25197e+06,2.25199e+06,18.4561
2,13,up_proj,GPU,2.25199e+06,2.2556e+06,3613
2,13,Linear,Logic,2.25199e+06,2.2556e+06,3613
2,13,down_proj,GPU,2.2556e+06,2.25921e+06,3613
2,13,Linear,Logic,2.2556e+06,2.25921e+06,3613
2,13,expert_FFN_1,GPU,2.25921e+06,2.27409e+06,14878.3
2,13,gate_proj,GPU,2.25921e+06,2.26416e+06,4949.75
2,13,Linear,Logic,2.25921e+06,2.26416e+06,4949.75
2,13,activation,Logic,2.26416e+06,2.26419e+06,29.0025
2,13,up_proj,GPU,2.26419e+06,2.26914e+06,4949.75
2,13,Linear,Logic,2.26419e+06,2.26914e+06,4949.75
2,13,down_proj,GPU,2.26914e+06,2.27409e+06,4949.75
2,13,Linear,Logic,2.26914e+06,2.27409e+06,4949.75
2,13,expert_FFN_2,GPU,2.27409e+06,2.28762e+06,13525.7
2,13,gate_proj,GPU,2.27409e+06,2.27859e+06,4499.77
2,13,Linear,Logic,2.27409e+06,2.27859e+06,4499.77
2,13,activation,Logic,2.27859e+06,2.27862e+06,26.3659
2,13,up_proj,GPU,2.27862e+06,2.28312e+06,4499.77
2,13,Linear,Logic,2.27862e+06,2.28312e+06,4499.77
2,13,down_proj,GPU,2.28312e+06,2.28762e+06,4499.77
2,13,Linear,Logic,2.28312e+06,2.28762e+06,4499.77
2,13,expert_FFN_3,GPU,2.28762e+06,2.29845e+06,10832.6
2,13,gate_proj,GPU,2.28762e+06,2.29122e+06,3607.35
2,13,Linear,Logic,2.28762e+06,2.29122e+06,3607.35
2,13,activation,Logic,2.29122e+06,2.29123e+06,10.5463
2,13,up_proj,GPU,2.29123e+06,2.29484e+06,3607.35
2,13,Linear,Logic,2.29123e+06,2.29484e+06,3607.35
2,13,down_proj,GPU,2.29484e+06,2.29845e+06,3607.35
2,13,Linear,Logic,2.29484e+06,2.29845e+06,3607.35
2,13,expert_FFN_4,GPU,2.29845e+06,2.30931e+06,10857.5
2,13,gate_proj,GPU,2.29845e+06,2.30206e+06,3613
2,13,Linear,Logic,2.29845e+06,2.30206e+06,3613
2,13,activation,Logic,2.30206e+06,2.30208e+06,18.4561
2,13,up_proj,GPU,2.30208e+06,2.30569e+06,3613
2,13,Linear,Logic,2.30208e+06,2.30569e+06,3613
2,13,down_proj,GPU,2.30569e+06,2.30931e+06,3613
2,13,Linear,Logic,2.30569e+06,2.30931e+06,3613
2,13,expert_FFN_5,GPU,2.30931e+06,2.32016e+06,10849.2
2,13,gate_proj,GPU,2.30931e+06,2.31292e+06,3611.12
2,13,Linear,Logic,2.30931e+06,2.31292e+06,3611.12
2,13,activation,Logic,2.31292e+06,2.31293e+06,15.8195
2,13,up_proj,GPU,2.31293e+06,2.31654e+06,3611.12
2,13,Linear,Logic,2.31293e+06,2.31654e+06,3611.12
2,13,down_proj,GPU,2.31654e+06,2.32016e+06,3611.12
2,13,Linear,Logic,2.31654e+06,2.32016e+06,3611.12
2,13,expert_FFN_6,GPU,2.24836e+06,2.29182e+06,43463
2,13,gate_proj,GPU,2.24836e+06,2.26281e+06,14459.5
2,13,Linear,GPU,2.24836e+06,2.26281e+06,14459.5
2,13,activation,GPU,2.26281e+06,2.2629e+06,84.3708
2,13,up_proj,GPU,2.2629e+06,2.27736e+06,14459.5
2,13,Linear,GPU,2.2629e+06,2.27736e+06,14459.5
2,13,down_proj,GPU,2.27736e+06,2.29182e+06,14459.5
2,13,Linear,GPU,2.27736e+06,2.29182e+06,14459.5
2,13,expert_FFN_7,GPU,2.29182e+06,2.33538e+06,43562.4
2,13,gate_proj,GPU,2.29182e+06,2.3063e+06,14482.1
2,13,Linear,GPU,2.29182e+06,2.3063e+06,14482.1
2,13,activation,GPU,2.3063e+06,2.30642e+06,116.01
2,13,up_proj,GPU,2.30642e+06,2.3209e+06,14482.1
2,13,Linear,GPU,2.30642e+06,2.3209e+06,14482.1
2,13,down_proj,GPU,2.3209e+06,2.33538e+06,14482.1
2,13,Linear,GPU,2.3209e+06,2.33538e+06,14482.1
2,13,sync_2,GPU,2.33538e+06,2.33538e+06,0
2,13,sync__set,GPU,2.33538e+06,2.33538e+06,0
2,13,sync__,GPU,2.33538e+06,2.33538e+06,0
2,13,moe_all_reduce_for_e_tp,GPU,2.33538e+06,2.356e+06,20621.4
2,13,sync_3,GPU,2.356e+06,2.356e+06,0
2,13,sync__set,GPU,2.356e+06,2.356e+06,0
2,13,sync__,GPU,2.356e+06,2.356e+06,0
2,13,moe_gather,GPU,2.356e+06,2.356e+06,0
2,13,sync_for_moe_gather,GPU,2.356e+06,2.356e+06,0
2,13,sync__set,GPU,2.356e+06,2.356e+06,0
2,13,sync__,GPU,2.356e+06,2.356e+06,0
2,13,moe_all_reduce_for_gather,GPU,2.356e+06,2.37662e+06,20621.4
2,13,sync_5,GPU,2.37662e+06,2.37662e+06,0
2,13,sync__set,GPU,2.37662e+06,2.37662e+06,0
2,13,sync__,GPU,2.37662e+06,2.37662e+06,0
2,13,sync_6,GPU,2.37662e+06,2.37662e+06,0
2,13,sync__set,GPU,2.37662e+06,2.37662e+06,0
2,13,sync__,GPU,2.37662e+06,2.37662e+06,0
2,13,residual_2,GPU,2.37662e+06,2.37688e+06,261.148
2,14,MoE_decoder_14,GPU,2.37688e+06,2.54623e+06,169344
2,14,input_layer_norm,GPU,2.37688e+06,2.37715e+06,261.148
2,14,attention,GPU,2.37715e+06,2.41702e+06,39870
2,14,attn_qkv_proj,GPU,2.37715e+06,2.38349e+06,6347.9
2,14,Linear,GPU,2.37715e+06,2.38349e+06,6347.9
2,14,self_attention,GPU,2.38349e+06,2.39212e+06,8625.91
2,14,AttentionSplit,GPU,2.38349e+06,2.38349e+06,0
2,14,AttentionSum,GPU,2.38349e+06,2.38349e+06,0
2,14,AttentionGen,Logic,2.38349e+06,2.39212e+06,8625.91
2,14,AttentionMerge,GPU,2.39212e+06,2.39212e+06,0
2,14,attn_o_proj,GPU,2.39212e+06,2.39639e+06,4274.79
2,14,Linear,GPU,2.39212e+06,2.39639e+06,4274.79
2,14,all_reduce,GPU,2.39639e+06,2.41702e+06,20621.4
2,14,residual_1,GPU,2.41702e+06,2.41728e+06,261.148
2,14,post_attn_layer_norm,GPU,2.41728e+06,2.41754e+06,261.148
2,14,expertFFN,GPU,2.41754e+06,2.54597e+06,128429
2,14,sync_0,GPU,2.41754e+06,2.41754e+06,0
2,14,sync__set,GPU,2.41754e+06,2.41754e+06,0
2,14,sync__,GPU,2.41754e+06,2.41754e+06,0
2,14,gate_fn,GPU,2.41754e+06,2.4177e+06,160.957
2,14,Linear,GPU,2.41754e+06,2.4177e+06,160.957
2,14,gate_update,GPU,2.4177e+06,2.4177e+06,0
2,14,moe_scatter,GPU,2.4177e+06,2.4177e+06,0
2,14,sync_for_moe_scatter,GPU,2.4177e+06,2.4177e+06,0
2,14,sync__set,GPU,2.4177e+06,2.4177e+06,0
2,14,sync__,GPU,2.4177e+06,2.4177e+06,0
2,14,moe_route,GPU,2.4177e+06,2.4177e+06,0
2,14,expert_FFN_0,GPU,2.4177e+06,2.46123e+06,43529.3
2,14,gate_proj,GPU,2.4177e+06,2.43217e+06,14474.6
2,14,Linear,GPU,2.4177e+06,2.43217e+06,14474.6
2,14,activation,GPU,2.43217e+06,2.43228e+06,105.463
2,14,up_proj,GPU,2.43228e+06,2.44675e+06,14474.6
2,14,Linear,GPU,2.43228e+06,2.44675e+06,14474.6
2,14,down_proj,GPU,2.44675e+06,2.46123e+06,14474.6
2,14,Linear,GPU,2.44675e+06,2.46123e+06,14474.6
2,14,expert_FFN_1,GPU,2.46123e+06,2.50472e+06,43496.1
2,14,gate_proj,GPU,2.46123e+06,2.4757e+06,14467.1
2,14,Linear,GPU,2.46123e+06,2.4757e+06,14467.1
2,14,activation,GPU,2.4757e+06,2.47579e+06,94.9171
2,14,up_proj,GPU,2.47579e+06,2.49026e+06,14467.1
2,14,Linear,GPU,2.47579e+06,2.49026e+06,14467.1
2,14,down_proj,GPU,2.49026e+06,2.50472e+06,14467.1
2,14,Linear,GPU,2.49026e+06,2.50472e+06,14467.1
2,14,expert_FFN_2,GPU,2.4177e+06,2.43393e+06,16230.8
2,14,gate_proj,GPU,2.4177e+06,2.4231e+06,5399.73
2,14,Linear,Logic,2.4177e+06,2.4231e+06,5399.73
2,14,activation,Logic,2.4231e+06,2.42313e+06,31.639
2,14,up_proj,GPU,2.42313e+06,2.42853e+06,5399.73
2,14,Linear,Logic,2.42313e+06,2.42853e+06,5399.73
2,14,down_proj,GPU,2.42853e+06,2.43393e+06,5399.73
2,14,Linear,Logic,2.42853e+06,2.43393e+06,5399.73
2,14,expert_FFN_3,GPU,2.43393e+06,2.44478e+06,10849.2
2,14,gate_proj,GPU,2.43393e+06,2.43754e+06,3611.12
2,14,Linear,Logic,2.43393e+06,2.43754e+06,3611.12
2,14,activation,Logic,2.43754e+06,2.43756e+06,15.8195
2,14,up_proj,GPU,2.43756e+06,2.44117e+06,3611.12
2,14,Linear,Logic,2.43756e+06,2.44117e+06,3611.12
2,14,down_proj,GPU,2.44117e+06,2.44478e+06,3611.12
2,14,Linear,Logic,2.44117e+06,2.44478e+06,3611.12
2,14,expert_FFN_4,GPU,2.44478e+06,2.45564e+06,10857.5
2,14,gate_proj,GPU,2.44478e+06,2.44839e+06,3613
2,14,Linear,Logic,2.44478e+06,2.44839e+06,3613
2,14,activation,Logic,2.44839e+06,2.44841e+06,18.4561
2,14,up_proj,GPU,2.44841e+06,2.45202e+06,3613
2,14,Linear,Logic,2.44841e+06,2.45202e+06,3613
2,14,down_proj,GPU,2.45202e+06,2.45564e+06,3613
2,14,Linear,Logic,2.45202e+06,2.45564e+06,3613
2,14,expert_FFN_5,GPU,2.45564e+06,2.46649e+06,10857.5
2,14,gate_proj,GPU,2.45564e+06,2.45925e+06,3613
2,14,Linear,Logic,2.45564e+06,2.45925e+06,3613
2,14,activation,Logic,2.45925e+06,2.45927e+06,18.4561
2,14,up_proj,GPU,2.45927e+06,2.46288e+06,3613
2,14,Linear,Logic,2.45927e+06,2.46288e+06,3613
2,14,down_proj,GPU,2.46288e+06,2.46649e+06,3613
2,14,Linear,Logic,2.46288e+06,2.46649e+06,3613
2,14,expert_FFN_6,GPU,2.46649e+06,2.47736e+06,10865.7
2,14,gate_proj,GPU,2.46649e+06,2.47011e+06,3614.89
2,14,Linear,Logic,2.46649e+06,2.47011e+06,3614.89
2,14,activation,Logic,2.47011e+06,2.47013e+06,21.0927
2,14,up_proj,GPU,2.47013e+06,2.47374e+06,3614.89
2,14,Linear,Logic,2.47013e+06,2.47374e+06,3614.89
2,14,down_proj,GPU,2.47374e+06,2.47736e+06,3614.89
2,14,Linear,Logic,2.47374e+06,2.47736e+06,3614.89
2,14,expert_FFN_7,GPU,2.47736e+06,2.4882e+06,10840.9
2,14,gate_proj,GPU,2.47736e+06,2.48097e+06,3609.24
2,14,Linear,Logic,2.47736e+06,2.48097e+06,3609.24
2,14,activation,Logic,2.48097e+06,2.48098e+06,13.1829
2,14,up_proj,GPU,2.48098e+06,2.48459e+06,3609.24
2,14,Linear,Logic,2.48098e+06,2.48459e+06,3609.24
2,14,down_proj,GPU,2.48459e+06,2.4882e+06,3609.24
2,14,Linear,Logic,2.48459e+06,2.4882e+06,3609.24
2,14,sync_2,GPU,2.50472e+06,2.50472e+06,0
2,14,sync__set,GPU,2.50472e+06,2.50472e+06,0
2,14,sync__,GPU,2.50472e+06,2.50472e+06,0
2,14,moe_all_reduce_for_e_tp,GPU,2.50472e+06,2.52535e+06,20621.4
2,14,sync_3,GPU,2.52535e+06,2.52535e+06,0
2,14,sync__set,GPU,2.52535e+06,2.52535e+06,0
2,14,sync__,GPU,2.52535e+06,2.52535e+06,0
2,14,moe_gather,GPU,2.52535e+06,2.52535e+06,0
2,14,sync_for_moe_gather,GPU,2.52535e+06,2.52535e+06,0
2,14,sync__set,GPU,2.52535e+06,2.52535e+06,0
2,14,sync__,GPU,2.52535e+06,2.52535e+06,0
2,14,moe_all_reduce_for_gather,GPU,2.52535e+06,2.54597e+06,20621.4
2,14,sync_5,GPU,2.54597e+06,2.54597e+06,0
2,14,sync__set,GPU,2.54597e+06,2.54597e+06,0
2,14,sync__,GPU,2.54597e+06,2.54597e+06,0
2,14,sync_6,GPU,2.54597e+06,2.54597e+06,0
2,14,sync__set,GPU,2.54597e+06,2.54597e+06,0
2,14,sync__,GPU,2.54597e+06,2.54597e+06,0
2,14,residual_2,GPU,2.54597e+06,2.54623e+06,261.148
2,15,MoE_decoder_15,GPU,2.54623e+06,2.72336e+06,177129
2,15,input_layer_norm,GPU,2.54623e+06,2.54649e+06,261.148
2,15,attention,GPU,2.54649e+06,2.58636e+06,39870
2,15,attn_qkv_proj,GPU,2.54649e+06,2.55284e+06,6347.9
2,15,Linear,GPU,2.54649e+06,2.55284e+06,6347.9
2,15,self_attention,GPU,2.55284e+06,2.56146e+06,8625.91
2,15,AttentionSplit,GPU,2.55284e+06,2.55284e+06,0
2,15,AttentionSum,GPU,2.55284e+06,2.55284e+06,0
2,15,AttentionGen,Logic,2.55284e+06,2.56146e+06,8625.91
2,15,AttentionMerge,GPU,2.56146e+06,2.56146e+06,0
2,15,attn_o_proj,GPU,2.56146e+06,2.56574e+06,4274.79
2,15,Linear,GPU,2.56146e+06,2.56574e+06,4274.79
2,15,all_reduce,GPU,2.56574e+06,2.58636e+06,20621.4
2,15,residual_1,GPU,2.58636e+06,2.58662e+06,261.148
2,15,post_attn_layer_norm,GPU,2.58662e+06,2.58688e+06,261.148
2,15,expertFFN,GPU,2.58688e+06,2.7231e+06,136215
2,15,sync_0,GPU,2.58688e+06,2.58688e+06,0
2,15,sync__set,GPU,2.58688e+06,2.58688e+06,0
2,15,sync__,GPU,2.58688e+06,2.58688e+06,0
2,15,gate_fn,GPU,2.58688e+06,2.58704e+06,160.957
2,15,Linear,GPU,2.58688e+06,2.58704e+06,160.957
2,15,gate_update,GPU,2.58704e+06,2.58704e+06,0
2,15,moe_scatter,GPU,2.58704e+06,2.58704e+06,0
2,15,sync_for_moe_scatter,GPU,2.58704e+06,2.58704e+06,0
2,15,sync__set,GPU,2.58704e+06,2.58704e+06,0
2,15,sync__,GPU,2.58704e+06,2.58704e+06,0
2,15,moe_route,GPU,2.58704e+06,2.58704e+06,0
2,15,expert_FFN_0,GPU,2.58704e+06,2.59791e+06,10865.7
2,15,gate_proj,GPU,2.58704e+06,2.59066e+06,3614.89
2,15,Linear,Logic,2.58704e+06,2.59066e+06,3614.89
2,15,activation,Logic,2.59066e+06,2.59068e+06,21.0927
2,15,up_proj,GPU,2.59068e+06,2.59429e+06,3614.89
2,15,Linear,Logic,2.59068e+06,2.59429e+06,3614.89
2,15,down_proj,GPU,2.59429e+06,2.59791e+06,3614.89
2,15,Linear,Logic,2.59429e+06,2.59791e+06,3614.89
2,15,expert_FFN_1,GPU,2.59791e+06,2.61008e+06,12173.1
2,15,gate_proj,GPU,2.59791e+06,2.60196e+06,4049.8
2,15,Linear,Logic,2.59791e+06,2.60196e+06,4049.8
2,15,activation,Logic,2.60196e+06,2.60198e+06,23.7293
2,15,up_proj,GPU,2.60198e+06,2.60603e+06,4049.8
2,15,Linear,Logic,2.60198e+06,2.60603e+06,4049.8
2,15,down_proj,GPU,2.60603e+06,2.61008e+06,4049.8
2,15,Linear,Logic,2.60603e+06,2.61008e+06,4049.8
2,15,expert_FFN_2,GPU,2.61008e+06,2.62361e+06,13525.7
2,15,gate_proj,GPU,2.61008e+06,2.61458e+06,4499.77
2,15,Linear,Logic,2.61008e+06,2.61458e+06,4499.77
2,15,activation,Logic,2.61458e+06,2.61461e+06,26.3659
2,15,up_proj,GPU,2.61461e+06,2.61911e+06,4499.77
2,15,Linear,Logic,2.61461e+06,2.61911e+06,4499.77
2,15,down_proj,GPU,2.61911e+06,2.62361e+06,4499.77
2,15,Linear,Logic,2.61911e+06,2.62361e+06,4499.77
2,15,expert_FFN_3,GPU,2.62361e+06,2.63445e+06,10840.9
2,15,gate_proj,GPU,2.62361e+06,2.62722e+06,3609.24
2,15,Linear,Logic,2.62361e+06,2.62722e+06,3609.24
2,15,activation,Logic,2.62722e+06,2.62723e+06,13.1829
2,15,up_proj,GPU,2.62723e+06,2.63084e+06,3609.24
2,15,Linear,Logic,2.62723e+06,2.63084e+06,3609.24
2,15,down_proj,GPU,2.63084e+06,2.63445e+06,3609.24
2,15,Linear,Logic,2.63084e+06,2.63445e+06,3609.24
2,15,expert_FFN_4,GPU,2.63445e+06,2.6453e+06,10849.2
2,15,gate_proj,GPU,2.63445e+06,2.63806e+06,3611.12
2,15,Linear,Logic,2.63445e+06,2.63806e+06,3611.12
2,15,activation,Logic,2.63806e+06,2.63808e+06,15.8195
2,15,up_proj,GPU,2.63808e+06,2.64169e+06,3611.12
2,15,Linear,Logic,2.63808e+06,2.64169e+06,3611.12
2,15,down_proj,GPU,2.64169e+06,2.6453e+06,3611.12
2,15,Linear,Logic,2.64169e+06,2.6453e+06,3611.12
2,15,expert_FFN_5,GPU,2.6453e+06,2.65882e+06,13525.7
2,15,gate_proj,GPU,2.6453e+06,2.6498e+06,4499.77
2,15,Linear,Logic,2.6453e+06,2.6498e+06,4499.77
2,15,activation,Logic,2.6498e+06,2.64982e+06,26.3659
2,15,up_proj,GPU,2.64982e+06,2.65432e+06,4499.77
2,15,Linear,Logic,2.64982e+06,2.65432e+06,4499.77
2,15,down_proj,GPU,2.65432e+06,2.65882e+06,4499.77
2,15,Linear,Logic,2.65432e+06,2.65882e+06,4499.77
2,15,expert_FFN_6,GPU,2.65882e+06,2.671e+06,12173.1
2,15,gate_proj,GPU,2.65882e+06,2.66287e+06,4049.8
2,15,Linear,Logic,2.65882e+06,2.66287e+06,4049.8
2,15,activation,Logic,2.66287e+06,2.6629e+06,23.7293
2,15,up_proj,GPU,2.6629e+06,2.66695e+06,4049.8
2,15,Linear,Logic,2.6629e+06,2.66695e+06,4049.8
2,15,down_proj,GPU,2.66695e+06,2.671e+06,4049.8
2,15,Linear,Logic,2.66695e+06,2.671e+06,4049.8
2,15,expert_FFN_7,GPU,2.671e+06,2.68185e+06,10857.5
2,15,gate_proj,GPU,2.671e+06,2.67461e+06,3613
2,15,Linear,Logic,2.671e+06,2.67461e+06,3613
2,15,activation,Logic,2.67461e+06,2.67463e+06,18.4561
2,15,up_proj,GPU,2.67463e+06,2.67824e+06,3613
2,15,Linear,Logic,2.67463e+06,2.67824e+06,3613
2,15,down_proj,GPU,2.67824e+06,2.68185e+06,3613
2,15,Linear,Logic,2.67824e+06,2.68185e+06,3613
2,15,sync_2,GPU,2.68185e+06,2.68185e+06,0
2,15,sync__set,GPU,2.68185e+06,2.68185e+06,0
2,15,sync__,GPU,2.68185e+06,2.68185e+06,0
2,15,moe_all_reduce_for_e_tp,GPU,2.68185e+06,2.70248e+06,20621.4
2,15,sync_3,GPU,2.70248e+06,2.70248e+06,0
2,15,sync__set,GPU,2.70248e+06,2.70248e+06,0
2,15,sync__,GPU,2.70248e+06,2.70248e+06,0
2,15,moe_gather,GPU,2.70248e+06,2.70248e+06,0
2,15,sync_for_moe_gather,GPU,2.70248e+06,2.70248e+06,0
2,15,sync__set,GPU,2.70248e+06,2.70248e+06,0
2,15,sync__,GPU,2.70248e+06,2.70248e+06,0
2,15,moe_all_reduce_for_gather,GPU,2.70248e+06,2.7231e+06,20621.4
2,15,sync_5,GPU,2.7231e+06,2.7231e+06,0
2,15,sync__set,GPU,2.7231e+06,2.7231e+06,0
2,15,sync__,GPU,2.7231e+06,2.7231e+06,0
2,15,sync_6,GPU,2.7231e+06,2.7231e+06,0
2,15,sync__set,GPU,2.7231e+06,2.7231e+06,0
2,15,sync__,GPU,2.7231e+06,2.7231e+06,0
2,15,residual_2,GPU,2.7231e+06,2.72336e+06,261.148
2,16,MoE_decoder_16,GPU,2.72336e+06,2.89919e+06,175830
2,16,input_layer_norm,GPU,2.72336e+06,2.72362e+06,261.148
2,16,attention,GPU,2.72362e+06,2.76349e+06,39870
2,16,attn_qkv_proj,GPU,2.72362e+06,2.72997e+06,6347.9
2,16,Linear,GPU,2.72362e+06,2.72997e+06,6347.9
2,16,self_attention,GPU,2.72997e+06,2.73859e+06,8625.91
2,16,AttentionSplit,GPU,2.72997e+06,2.72997e+06,0
2,16,AttentionSum,GPU,2.72997e+06,2.72997e+06,0
2,16,AttentionGen,Logic,2.72997e+06,2.73859e+06,8625.91
2,16,AttentionMerge,GPU,2.73859e+06,2.73859e+06,0
2,16,attn_o_proj,GPU,2.73859e+06,2.74287e+06,4274.79
2,16,Linear,GPU,2.73859e+06,2.74287e+06,4274.79
2,16,all_reduce,GPU,2.74287e+06,2.76349e+06,20621.4
2,16,residual_1,GPU,2.76349e+06,2.76375e+06,261.148
2,16,post_attn_layer_norm,GPU,2.76375e+06,2.76401e+06,261.148
2,16,expertFFN,GPU,2.76401e+06,2.89893e+06,134916
2,16,sync_0,GPU,2.76401e+06,2.76401e+06,0
2,16,sync__set,GPU,2.76401e+06,2.76401e+06,0
2,16,sync__,GPU,2.76401e+06,2.76401e+06,0
2,16,gate_fn,GPU,2.76401e+06,2.76417e+06,160.957
2,16,Linear,GPU,2.76401e+06,2.76417e+06,160.957
2,16,gate_update,GPU,2.76417e+06,2.76417e+06,0
2,16,moe_scatter,GPU,2.76417e+06,2.76417e+06,0
2,16,sync_for_moe_scatter,GPU,2.76417e+06,2.76417e+06,0
2,16,sync__set,GPU,2.76417e+06,2.76417e+06,0
2,16,sync__,GPU,2.76417e+06,2.76417e+06,0
2,16,moe_route,GPU,2.76417e+06,2.76417e+06,0
2,16,expert_FFN_0,GPU,2.76417e+06,2.7777e+06,13525.7
2,16,gate_proj,GPU,2.76417e+06,2.76867e+06,4499.77
2,16,Linear,Logic,2.76417e+06,2.76867e+06,4499.77
2,16,activation,Logic,2.76867e+06,2.7687e+06,26.3659
2,16,up_proj,GPU,2.7687e+06,2.7732e+06,4499.77
2,16,Linear,Logic,2.7687e+06,2.7732e+06,4499.77
2,16,down_proj,GPU,2.7732e+06,2.7777e+06,4499.77
2,16,Linear,Logic,2.7732e+06,2.7777e+06,4499.77
2,16,expert_FFN_1,GPU,2.7777e+06,2.78856e+06,10865.7
2,16,gate_proj,GPU,2.7777e+06,2.78131e+06,3614.89
2,16,Linear,Logic,2.7777e+06,2.78131e+06,3614.89
2,16,activation,Logic,2.78131e+06,2.78133e+06,21.0927
2,16,up_proj,GPU,2.78133e+06,2.78495e+06,3614.89
2,16,Linear,Logic,2.78133e+06,2.78495e+06,3614.89
2,16,down_proj,GPU,2.78495e+06,2.78856e+06,3614.89
2,16,Linear,Logic,2.78495e+06,2.78856e+06,3614.89
2,16,expert_FFN_2,GPU,2.78856e+06,2.79941e+06,10849.2
2,16,gate_proj,GPU,2.78856e+06,2.79217e+06,3611.12
2,16,Linear,Logic,2.78856e+06,2.79217e+06,3611.12
2,16,activation,Logic,2.79217e+06,2.79219e+06,15.8195
2,16,up_proj,GPU,2.79219e+06,2.7958e+06,3611.12
2,16,Linear,Logic,2.79219e+06,2.7958e+06,3611.12
2,16,down_proj,GPU,2.7958e+06,2.79941e+06,3611.12
2,16,Linear,Logic,2.7958e+06,2.79941e+06,3611.12
2,16,expert_FFN_3,GPU,2.79941e+06,2.81294e+06,13525.7
2,16,gate_proj,GPU,2.79941e+06,2.80391e+06,4499.77
2,16,Linear,Logic,2.79941e+06,2.80391e+06,4499.77
2,16,activation,Logic,2.80391e+06,2.80394e+06,26.3659
2,16,up_proj,GPU,2.80394e+06,2.80844e+06,4499.77
2,16,Linear,Logic,2.80394e+06,2.80844e+06,4499.77
2,16,down_proj,GPU,2.80844e+06,2.81294e+06,4499.77
2,16,Linear,Logic,2.80844e+06,2.81294e+06,4499.77
2,16,expert_FFN_4,GPU,2.81294e+06,2.82511e+06,12173.1
2,16,gate_proj,GPU,2.81294e+06,2.81699e+06,4049.8
2,16,Linear,Logic,2.81294e+06,2.81699e+06,4049.8
2,16,activation,Logic,2.81699e+06,2.81701e+06,23.7293
2,16,up_proj,GPU,2.81701e+06,2.82106e+06,4049.8
2,16,Linear,Logic,2.81701e+06,2.82106e+06,4049.8
2,16,down_proj,GPU,2.82106e+06,2.82511e+06,4049.8
2,16,Linear,Logic,2.82106e+06,2.82511e+06,4049.8
2,16,expert_FFN_5,GPU,2.82511e+06,2.83597e+06,10857.5
2,16,gate_proj,GPU,2.82511e+06,2.82872e+06,3613
2,16,Linear,Logic,2.82511e+06,2.82872e+06,3613
2,16,activation,Logic,2.82872e+06,2.82874e+06,18.4561
2,16,up_proj,GPU,2.82874e+06,2.83236e+06,3613
2,16,Linear,Logic,2.82874e+06,2.83236e+06,3613
2,16,down_proj,GPU,2.83236e+06,2.83597e+06,3613
2,16,Linear,Logic,2.83236e+06,2.83597e+06,3613
2,16,expert_FFN_6,GPU,2.83597e+06,2.84683e+06,10857.5
2,16,gate_proj,GPU,2.83597e+06,2.83958e+06,3613
2,16,Linear,Logic,2.83597e+06,2.83958e+06,3613
2,16,activation,Logic,2.83958e+06,2.8396e+06,18.4561
2,16,up_proj,GPU,2.8396e+06,2.84321e+06,3613
2,16,Linear,Logic,2.8396e+06,2.84321e+06,3613
2,16,down_proj,GPU,2.84321e+06,2.84683e+06,3613
2,16,Linear,Logic,2.84321e+06,2.84683e+06,3613
2,16,expert_FFN_7,GPU,2.84683e+06,2.85768e+06,10857.5
2,16,gate_proj,GPU,2.84683e+06,2.85044e+06,3613
2,16,Linear,Logic,2.84683e+06,2.85044e+06,3613
2,16,activation,Logic,2.85044e+06,2.85046e+06,18.4561
2,16,up_proj,GPU,2.85046e+06,2.85407e+06,3613
2,16,Linear,Logic,2.85046e+06,2.85407e+06,3613
2,16,down_proj,GPU,2.85407e+06,2.85768e+06,3613
2,16,Linear,Logic,2.85407e+06,2.85768e+06,3613
2,16,sync_2,GPU,2.85768e+06,2.85768e+06,0
2,16,sync__set,GPU,2.85768e+06,2.85768e+06,0
2,16,sync__,GPU,2.85768e+06,2.85768e+06,0
2,16,moe_all_reduce_for_e_tp,GPU,2.85768e+06,2.87831e+06,20621.4
2,16,sync_3,GPU,2.87831e+06,2.87831e+06,0
2,16,sync__set,GPU,2.87831e+06,2.87831e+06,0
2,16,sync__,GPU,2.87831e+06,2.87831e+06,0
2,16,moe_gather,GPU,2.87831e+06,2.87831e+06,0
2,16,sync_for_moe_gather,GPU,2.87831e+06,2.87831e+06,0
2,16,sync__set,GPU,2.87831e+06,2.87831e+06,0
2,16,sync__,GPU,2.87831e+06,2.87831e+06,0
2,16,moe_all_reduce_for_gather,GPU,2.87831e+06,2.89893e+06,20621.4
2,16,sync_5,GPU,2.89893e+06,2.89893e+06,0
2,16,sync__set,GPU,2.89893e+06,2.89893e+06,0
2,16,sync__,GPU,2.89893e+06,2.89893e+06,0
2,16,sync_6,GPU,2.89893e+06,2.89893e+06,0
2,16,sync__set,GPU,2.89893e+06,2.89893e+06,0
2,16,sync__,GPU,2.89893e+06,2.89893e+06,0
2,16,residual_2,GPU,2.89893e+06,2.89919e+06,261.148
2,17,MoE_decoder_17,GPU,2.89919e+06,3.06857e+06,169377
2,17,input_layer_norm,GPU,2.89919e+06,2.89945e+06,261.148
2,17,attention,GPU,2.89945e+06,2.93932e+06,39870
2,17,attn_qkv_proj,GPU,2.89945e+06,2.9058e+06,6347.9
2,17,Linear,GPU,2.89945e+06,2.9058e+06,6347.9
2,17,self_attention,GPU,2.9058e+06,2.91442e+06,8625.91
2,17,AttentionSplit,GPU,2.9058e+06,2.9058e+06,0
2,17,AttentionSum,GPU,2.9058e+06,2.9058e+06,0
2,17,AttentionGen,Logic,2.9058e+06,2.91442e+06,8625.91
2,17,AttentionMerge,GPU,2.91442e+06,2.91442e+06,0
2,17,attn_o_proj,GPU,2.91442e+06,2.9187e+06,4274.79
2,17,Linear,GPU,2.91442e+06,2.9187e+06,4274.79
2,17,all_reduce,GPU,2.9187e+06,2.93932e+06,20621.4
2,17,residual_1,GPU,2.93932e+06,2.93958e+06,261.148
2,17,post_attn_layer_norm,GPU,2.93958e+06,2.93984e+06,261.148
2,17,expertFFN,GPU,2.93984e+06,3.0683e+06,128462
2,17,sync_0,GPU,2.93984e+06,2.93984e+06,0
2,17,sync__set,GPU,2.93984e+06,2.93984e+06,0
2,17,sync__,GPU,2.93984e+06,2.93984e+06,0
2,17,gate_fn,GPU,2.93984e+06,2.94e+06,160.957
2,17,Linear,GPU,2.93984e+06,2.94e+06,160.957
2,17,gate_update,GPU,2.94e+06,2.94e+06,0
2,17,moe_scatter,GPU,2.94e+06,2.94e+06,0
2,17,sync_for_moe_scatter,GPU,2.94e+06,2.94e+06,0
2,17,sync__set,GPU,2.94e+06,2.94e+06,0
2,17,sync__,GPU,2.94e+06,2.94e+06,0
2,17,moe_route,GPU,2.94e+06,2.94e+06,0
2,17,expert_FFN_0,GPU,2.94e+06,2.98347e+06,43463
2,17,gate_proj,GPU,2.94e+06,2.95446e+06,14459.5
2,17,Linear,GPU,2.94e+06,2.95446e+06,14459.5
2,17,activation,GPU,2.95446e+06,2.95455e+06,84.3708
2,17,up_proj,GPU,2.95455e+06,2.96901e+06,14459.5
2,17,Linear,GPU,2.95455e+06,2.96901e+06,14459.5
2,17,down_proj,GPU,2.96901e+06,2.98347e+06,14459.5
2,17,Linear,GPU,2.96901e+06,2.98347e+06,14459.5
2,17,expert_FFN_1,GPU,2.98347e+06,3.02706e+06,43595.6
2,17,gate_proj,GPU,2.98347e+06,2.99796e+06,14489.7
2,17,Linear,GPU,2.98347e+06,2.99796e+06,14489.7
2,17,activation,GPU,2.99796e+06,2.99808e+06,126.556
2,17,up_proj,GPU,2.99808e+06,3.01257e+06,14489.7
2,17,Linear,GPU,2.99808e+06,3.01257e+06,14489.7
2,17,down_proj,GPU,3.01257e+06,3.02706e+06,14489.7
2,17,Linear,GPU,3.01257e+06,3.02706e+06,14489.7
2,17,expert_FFN_2,GPU,2.94e+06,2.95085e+06,10849.2
2,17,gate_proj,GPU,2.94e+06,2.94361e+06,3611.12
2,17,Linear,Logic,2.94e+06,2.94361e+06,3611.12
2,17,activation,Logic,2.94361e+06,2.94363e+06,15.8195
2,17,up_proj,GPU,2.94363e+06,2.94724e+06,3611.12
2,17,Linear,Logic,2.94363e+06,2.94724e+06,3611.12
2,17,down_proj,GPU,2.94724e+06,2.95085e+06,3611.12
2,17,Linear,Logic,2.94724e+06,2.95085e+06,3611.12
2,17,expert_FFN_3,GPU,2.95085e+06,2.96302e+06,12173.1
2,17,gate_proj,GPU,2.95085e+06,2.9549e+06,4049.8
2,17,Linear,Logic,2.95085e+06,2.9549e+06,4049.8
2,17,activation,Logic,2.9549e+06,2.95493e+06,23.7293
2,17,up_proj,GPU,2.95493e+06,2.95898e+06,4049.8
2,17,Linear,Logic,2.95493e+06,2.95898e+06,4049.8
2,17,down_proj,GPU,2.95898e+06,2.96302e+06,4049.8
2,17,Linear,Logic,2.95898e+06,2.96302e+06,4049.8
2,17,expert_FFN_4,GPU,2.96302e+06,2.97387e+06,10849.2
2,17,gate_proj,GPU,2.96302e+06,2.96664e+06,3611.12
2,17,Linear,Logic,2.96302e+06,2.96664e+06,3611.12
2,17,activation,Logic,2.96664e+06,2.96665e+06,15.8195
2,17,up_proj,GPU,2.96665e+06,2.97026e+06,3611.12
2,17,Linear,Logic,2.96665e+06,2.97026e+06,3611.12
2,17,down_proj,GPU,2.97026e+06,2.97387e+06,3611.12
2,17,Linear,Logic,2.97026e+06,2.97387e+06,3611.12
2,17,expert_FFN_5,GPU,2.97387e+06,2.98875e+06,14878.3
2,17,gate_proj,GPU,2.97387e+06,2.97882e+06,4949.75
2,17,Linear,Logic,2.97387e+06,2.97882e+06,4949.75
2,17,activation,Logic,2.97882e+06,2.97885e+06,29.0025
2,17,up_proj,GPU,2.97885e+06,2.9838e+06,4949.75
2,17,Linear,Logic,2.97885e+06,2.9838e+06,4949.75
2,17,down_proj,GPU,2.9838e+06,2.98875e+06,4949.75
2,17,Linear,Logic,2.9838e+06,2.98875e+06,4949.75
2,17,expert_FFN_6,GPU,2.98875e+06,2.99958e+06,10832.6
2,17,gate_proj,GPU,2.98875e+06,2.99236e+06,3607.35
2,17,Linear,Logic,2.98875e+06,2.99236e+06,3607.35
2,17,activation,Logic,2.99236e+06,2.99237e+06,10.5463
2,17,up_proj,GPU,2.99237e+06,2.99598e+06,3607.35
2,17,Linear,Logic,2.99237e+06,2.99598e+06,3607.35
2,17,down_proj,GPU,2.99598e+06,2.99958e+06,3607.35
2,17,Linear,Logic,2.99598e+06,2.99958e+06,3607.35
2,17,expert_FFN_7,GPU,2.99958e+06,3.01045e+06,10865.7
2,17,gate_proj,GPU,2.99958e+06,3.0032e+06,3614.89
2,17,Linear,Logic,2.99958e+06,3.0032e+06,3614.89
2,17,activation,Logic,3.0032e+06,3.00322e+06,21.0927
2,17,up_proj,GPU,3.00322e+06,3.00684e+06,3614.89
2,17,Linear,Logic,3.00322e+06,3.00684e+06,3614.89
2,17,down_proj,GPU,3.00684e+06,3.01045e+06,3614.89
2,17,Linear,Logic,3.00684e+06,3.01045e+06,3614.89
2,17,sync_2,GPU,3.02706e+06,3.02706e+06,0
2,17,sync__set,GPU,3.02706e+06,3.02706e+06,0
2,17,sync__,GPU,3.02706e+06,3.02706e+06,0
2,17,moe_all_reduce_for_e_tp,GPU,3.02706e+06,3.04768e+06,20621.4
2,17,sync_3,GPU,3.04768e+06,3.04768e+06,0
2,17,sync__set,GPU,3.04768e+06,3.04768e+06,0
2,17,sync__,GPU,3.04768e+06,3.04768e+06,0
2,17,moe_gather,GPU,3.04768e+06,3.04768e+06,0
2,17,sync_for_moe_gather,GPU,3.04768e+06,3.04768e+06,0
2,17,sync__set,GPU,3.04768e+06,3.04768e+06,0
2,17,sync__,GPU,3.04768e+06,3.04768e+06,0
2,17,moe_all_reduce_for_gather,GPU,3.04768e+06,3.0683e+06,20621.4
2,17,sync_5,GPU,3.0683e+06,3.0683e+06,0
2,17,sync__set,GPU,3.0683e+06,3.0683e+06,0
2,17,sync__,GPU,3.0683e+06,3.0683e+06,0
2,17,sync_6,GPU,3.0683e+06,3.0683e+06,0
2,17,sync__set,GPU,3.0683e+06,3.0683e+06,0
2,17,sync__,GPU,3.0683e+06,3.0683e+06,0
2,17,residual_2,GPU,3.0683e+06,3.06857e+06,261.148
2,18,MoE_decoder_18,GPU,3.06857e+06,3.23794e+06,169377
2,18,input_layer_norm,GPU,3.06857e+06,3.06883e+06,261.148
2,18,attention,GPU,3.06883e+06,3.1087e+06,39870
2,18,attn_qkv_proj,GPU,3.06883e+06,3.07517e+06,6347.9
2,18,Linear,GPU,3.06883e+06,3.07517e+06,6347.9
2,18,self_attention,GPU,3.07517e+06,3.0838e+06,8625.91
2,18,AttentionSplit,GPU,3.07517e+06,3.07517e+06,0
2,18,AttentionSum,GPU,3.07517e+06,3.07517e+06,0
2,18,AttentionGen,Logic,3.07517e+06,3.0838e+06,8625.91
2,18,AttentionMerge,GPU,3.0838e+06,3.0838e+06,0
2,18,attn_o_proj,GPU,3.0838e+06,3.08807e+06,4274.79
2,18,Linear,GPU,3.0838e+06,3.08807e+06,4274.79
2,18,all_reduce,GPU,3.08807e+06,3.1087e+06,20621.4
2,18,residual_1,GPU,3.1087e+06,3.10896e+06,261.148
2,18,post_attn_layer_norm,GPU,3.10896e+06,3.10922e+06,261.148
2,18,expertFFN,GPU,3.10922e+06,3.23768e+06,128462
2,18,sync_0,GPU,3.10922e+06,3.10922e+06,0
2,18,sync__set,GPU,3.10922e+06,3.10922e+06,0
2,18,sync__,GPU,3.10922e+06,3.10922e+06,0
2,18,gate_fn,GPU,3.10922e+06,3.10938e+06,160.957
2,18,Linear,GPU,3.10922e+06,3.10938e+06,160.957
2,18,gate_update,GPU,3.10938e+06,3.10938e+06,0
2,18,moe_scatter,GPU,3.10938e+06,3.10938e+06,0
2,18,sync_for_moe_scatter,GPU,3.10938e+06,3.10938e+06,0
2,18,sync__set,GPU,3.10938e+06,3.10938e+06,0
2,18,sync__,GPU,3.10938e+06,3.10938e+06,0
2,18,moe_route,GPU,3.10938e+06,3.10938e+06,0
2,18,expert_FFN_0,GPU,3.10938e+06,3.12025e+06,10865.7
2,18,gate_proj,GPU,3.10938e+06,3.11299e+06,3614.89
2,18,Linear,Logic,3.10938e+06,3.11299e+06,3614.89
2,18,activation,Logic,3.11299e+06,3.11302e+06,21.0927
2,18,up_proj,GPU,3.11302e+06,3.11663e+06,3614.89
2,18,Linear,Logic,3.11302e+06,3.11663e+06,3614.89
2,18,down_proj,GPU,3.11663e+06,3.12025e+06,3614.89
2,18,Linear,Logic,3.11663e+06,3.12025e+06,3614.89
2,18,expert_FFN_1,GPU,3.12025e+06,3.13242e+06,12173.1
2,18,gate_proj,GPU,3.12025e+06,3.1243e+06,4049.8
2,18,Linear,Logic,3.12025e+06,3.1243e+06,4049.8
2,18,activation,Logic,3.1243e+06,3.12432e+06,23.7293
2,18,up_proj,GPU,3.12432e+06,3.12837e+06,4049.8
2,18,Linear,Logic,3.12432e+06,3.12837e+06,4049.8
2,18,down_proj,GPU,3.12837e+06,3.13242e+06,4049.8
2,18,Linear,Logic,3.12837e+06,3.13242e+06,4049.8
2,18,expert_FFN_2,GPU,3.13242e+06,3.14323e+06,10816
2,18,gate_proj,GPU,3.13242e+06,3.13602e+06,3603.59
2,18,Linear,Logic,3.13242e+06,3.13602e+06,3603.59
2,18,activation,Logic,3.13602e+06,3.13603e+06,5.27317
2,18,up_proj,GPU,3.13603e+06,3.13963e+06,3603.59
2,18,Linear,Logic,3.13603e+06,3.13963e+06,3603.59
2,18,down_proj,GPU,3.13963e+06,3.14323e+06,3603.59
2,18,Linear,Logic,3.13963e+06,3.14323e+06,3603.59
2,18,expert_FFN_3,GPU,3.14323e+06,3.1541e+06,10865.7
2,18,gate_proj,GPU,3.14323e+06,3.14685e+06,3614.89
2,18,Linear,Logic,3.14323e+06,3.14685e+06,3614.89
2,18,activation,Logic,3.14685e+06,3.14687e+06,21.0927
2,18,up_proj,GPU,3.14687e+06,3.15049e+06,3614.89
2,18,Linear,Logic,3.14687e+06,3.15049e+06,3614.89
2,18,down_proj,GPU,3.15049e+06,3.1541e+06,3614.89
2,18,Linear,Logic,3.15049e+06,3.1541e+06,3614.89
2,18,expert_FFN_4,GPU,3.10938e+06,3.15294e+06,43562.4
2,18,gate_proj,GPU,3.10938e+06,3.12386e+06,14482.1
2,18,Linear,GPU,3.10938e+06,3.12386e+06,14482.1
2,18,activation,GPU,3.12386e+06,3.12398e+06,116.01
2,18,up_proj,GPU,3.12398e+06,3.13846e+06,14482.1
2,18,Linear,GPU,3.12398e+06,3.13846e+06,14482.1
2,18,down_proj,GPU,3.13846e+06,3.15294e+06,14482.1
2,18,Linear,GPU,3.13846e+06,3.15294e+06,14482.1
2,18,expert_FFN_5,GPU,3.15294e+06,3.19644e+06,43496.1
2,18,gate_proj,GPU,3.15294e+06,3.16741e+06,14467.1
2,18,Linear,GPU,3.15294e+06,3.16741e+06,14467.1
2,18,activation,GPU,3.16741e+06,3.1675e+06,94.9171
2,18,up_proj,GPU,3.1675e+06,3.18197e+06,14467.1
2,18,Linear,GPU,3.1675e+06,3.18197e+06,14467.1
2,18,down_proj,GPU,3.18197e+06,3.19644e+06,14467.1
2,18,Linear,GPU,3.18197e+06,3.19644e+06,14467.1
2,18,expert_FFN_6,GPU,3.1541e+06,3.16627e+06,12173.1
2,18,gate_proj,GPU,3.1541e+06,3.15815e+06,4049.8
2,18,Linear,Logic,3.1541e+06,3.15815e+06,4049.8
2,18,activation,Logic,3.15815e+06,3.15817e+06,23.7293
2,18,up_proj,GPU,3.15817e+06,3.16222e+06,4049.8
2,18,Linear,Logic,3.15817e+06,3.16222e+06,4049.8
2,18,down_proj,GPU,3.16222e+06,3.16627e+06,4049.8
2,18,Linear,Logic,3.16222e+06,3.16627e+06,4049.8
2,18,expert_FFN_7,GPU,3.16627e+06,3.17714e+06,10865.7
2,18,gate_proj,GPU,3.16627e+06,3.16989e+06,3614.89
2,18,Linear,Logic,3.16627e+06,3.16989e+06,3614.89
2,18,activation,Logic,3.16989e+06,3.16991e+06,21.0927
2,18,up_proj,GPU,3.16991e+06,3.17352e+06,3614.89
2,18,Linear,Logic,3.16991e+06,3.17352e+06,3614.89
2,18,down_proj,GPU,3.17352e+06,3.17714e+06,3614.89
2,18,Linear,Logic,3.17352e+06,3.17714e+06,3614.89
2,18,sync_2,GPU,3.19644e+06,3.19644e+06,0
2,18,sync__set,GPU,3.19644e+06,3.19644e+06,0
2,18,sync__,GPU,3.19644e+06,3.19644e+06,0
2,18,moe_all_reduce_for_e_tp,GPU,3.19644e+06,3.21706e+06,20621.4
2,18,sync_3,GPU,3.21706e+06,3.21706e+06,0
2,18,sync__set,GPU,3.21706e+06,3.21706e+06,0
2,18,sync__,GPU,3.21706e+06,3.21706e+06,0
2,18,moe_gather,GPU,3.21706e+06,3.21706e+06,0
2,18,sync_for_moe_gather,GPU,3.21706e+06,3.21706e+06,0
2,18,sync__set,GPU,3.21706e+06,3.21706e+06,0
2,18,sync__,GPU,3.21706e+06,3.21706e+06,0
2,18,moe_all_reduce_for_gather,GPU,3.21706e+06,3.23768e+06,20621.4
2,18,sync_5,GPU,3.23768e+06,3.23768e+06,0
2,18,sync__set,GPU,3.23768e+06,3.23768e+06,0
2,18,sync__,GPU,3.23768e+06,3.23768e+06,0
2,18,sync_6,GPU,3.23768e+06,3.23768e+06,0
2,18,sync__set,GPU,3.23768e+06,3.23768e+06,0
2,18,sync__,GPU,3.23768e+06,3.23768e+06,0
2,18,residual_2,GPU,3.23768e+06,3.23794e+06,261.148
2,19,MoE_decoder_19,GPU,3.23794e+06,3.40729e+06,169344
2,19,input_layer_norm,GPU,3.23794e+06,3.2382e+06,261.148
2,19,attention,GPU,3.2382e+06,3.27807e+06,39870
2,19,attn_qkv_proj,GPU,3.2382e+06,3.24455e+06,6347.9
2,19,Linear,GPU,3.2382e+06,3.24455e+06,6347.9
2,19,self_attention,GPU,3.24455e+06,3.25318e+06,8625.91
2,19,AttentionSplit,GPU,3.24455e+06,3.24455e+06,0
2,19,AttentionSum,GPU,3.24455e+06,3.24455e+06,0
2,19,AttentionGen,Logic,3.24455e+06,3.25318e+06,8625.91
2,19,AttentionMerge,GPU,3.25318e+06,3.25318e+06,0
2,19,attn_o_proj,GPU,3.25318e+06,3.25745e+06,4274.79
2,19,Linear,GPU,3.25318e+06,3.25745e+06,4274.79
2,19,all_reduce,GPU,3.25745e+06,3.27807e+06,20621.4
2,19,residual_1,GPU,3.27807e+06,3.27833e+06,261.148
2,19,post_attn_layer_norm,GPU,3.27833e+06,3.2786e+06,261.148
2,19,expertFFN,GPU,3.2786e+06,3.40703e+06,128429
2,19,sync_0,GPU,3.2786e+06,3.2786e+06,0
2,19,sync__set,GPU,3.2786e+06,3.2786e+06,0
2,19,sync__,GPU,3.2786e+06,3.2786e+06,0
2,19,gate_fn,GPU,3.2786e+06,3.27876e+06,160.957
2,19,Linear,GPU,3.2786e+06,3.27876e+06,160.957
2,19,gate_update,GPU,3.27876e+06,3.27876e+06,0
2,19,moe_scatter,GPU,3.27876e+06,3.27876e+06,0
2,19,sync_for_moe_scatter,GPU,3.27876e+06,3.27876e+06,0
2,19,sync__set,GPU,3.27876e+06,3.27876e+06,0
2,19,sync__,GPU,3.27876e+06,3.27876e+06,0
2,19,moe_route,GPU,3.27876e+06,3.27876e+06,0
2,19,expert_FFN_0,GPU,3.27876e+06,3.28961e+06,10849.2
2,19,gate_proj,GPU,3.27876e+06,3.28237e+06,3611.12
2,19,Linear,Logic,3.27876e+06,3.28237e+06,3611.12
2,19,activation,Logic,3.28237e+06,3.28238e+06,15.8195
2,19,up_proj,GPU,3.28238e+06,3.28599e+06,3611.12
2,19,Linear,Logic,3.28238e+06,3.28599e+06,3611.12
2,19,down_proj,GPU,3.28599e+06,3.28961e+06,3611.12
2,19,Linear,Logic,3.28599e+06,3.28961e+06,3611.12
2,19,expert_FFN_1,GPU,3.28961e+06,3.30046e+06,10849.2
2,19,gate_proj,GPU,3.28961e+06,3.29322e+06,3611.12
2,19,Linear,Logic,3.28961e+06,3.29322e+06,3611.12
2,19,activation,Logic,3.29322e+06,3.29323e+06,15.8195
2,19,up_proj,GPU,3.29323e+06,3.29684e+06,3611.12
2,19,Linear,Logic,3.29323e+06,3.29684e+06,3611.12
2,19,down_proj,GPU,3.29684e+06,3.30046e+06,3611.12
2,19,Linear,Logic,3.29684e+06,3.30046e+06,3611.12
2,19,expert_FFN_2,GPU,3.30046e+06,3.31131e+06,10857.5
2,19,gate_proj,GPU,3.30046e+06,3.30407e+06,3613
2,19,Linear,Logic,3.30046e+06,3.30407e+06,3613
2,19,activation,Logic,3.30407e+06,3.30409e+06,18.4561
2,19,up_proj,GPU,3.30409e+06,3.3077e+06,3613
2,19,Linear,Logic,3.30409e+06,3.3077e+06,3613
2,19,down_proj,GPU,3.3077e+06,3.31131e+06,3613
2,19,Linear,Logic,3.3077e+06,3.31131e+06,3613
2,19,expert_FFN_3,GPU,3.31131e+06,3.32349e+06,12173.1
2,19,gate_proj,GPU,3.31131e+06,3.31536e+06,4049.8
2,19,Linear,Logic,3.31131e+06,3.31536e+06,4049.8
2,19,activation,Logic,3.31536e+06,3.31539e+06,23.7293
2,19,up_proj,GPU,3.31539e+06,3.31944e+06,4049.8
2,19,Linear,Logic,3.31539e+06,3.31944e+06,4049.8
2,19,down_proj,GPU,3.31944e+06,3.32349e+06,4049.8
2,19,Linear,Logic,3.31944e+06,3.32349e+06,4049.8
2,19,expert_FFN_4,GPU,3.27876e+06,3.32222e+06,43463
2,19,gate_proj,GPU,3.27876e+06,3.29322e+06,14459.5
2,19,Linear,GPU,3.27876e+06,3.29322e+06,14459.5
2,19,activation,GPU,3.29322e+06,3.2933e+06,84.3708
2,19,up_proj,GPU,3.2933e+06,3.30776e+06,14459.5
2,19,Linear,GPU,3.2933e+06,3.30776e+06,14459.5
2,19,down_proj,GPU,3.30776e+06,3.32222e+06,14459.5
2,19,Linear,GPU,3.30776e+06,3.32222e+06,14459.5
2,19,expert_FFN_5,GPU,3.32222e+06,3.36578e+06,43562.4
2,19,gate_proj,GPU,3.32222e+06,3.3367e+06,14482.1
2,19,Linear,GPU,3.32222e+06,3.3367e+06,14482.1
2,19,activation,GPU,3.3367e+06,3.33682e+06,116.01
2,19,up_proj,GPU,3.33682e+06,3.3513e+06,14482.1
2,19,Linear,GPU,3.33682e+06,3.3513e+06,14482.1
2,19,down_proj,GPU,3.3513e+06,3.36578e+06,14482.1
2,19,Linear,GPU,3.3513e+06,3.36578e+06,14482.1
2,19,expert_FFN_6,GPU,3.32349e+06,3.33435e+06,10865.7
2,19,gate_proj,GPU,3.32349e+06,3.3271e+06,3614.89
2,19,Linear,Logic,3.32349e+06,3.3271e+06,3614.89
2,19,activation,Logic,3.3271e+06,3.32712e+06,21.0927
2,19,up_proj,GPU,3.32712e+06,3.33074e+06,3614.89
2,19,Linear,Logic,3.32712e+06,3.33074e+06,3614.89
2,19,down_proj,GPU,3.33074e+06,3.33435e+06,3614.89
2,19,Linear,Logic,3.33074e+06,3.33435e+06,3614.89
2,19,expert_FFN_7,GPU,3.33435e+06,3.34652e+06,12173.1
2,19,gate_proj,GPU,3.33435e+06,3.3384e+06,4049.8
2,19,Linear,Logic,3.33435e+06,3.3384e+06,4049.8
2,19,activation,Logic,3.3384e+06,3.33842e+06,23.7293
2,19,up_proj,GPU,3.33842e+06,3.34247e+06,4049.8
2,19,Linear,Logic,3.33842e+06,3.34247e+06,4049.8
2,19,down_proj,GPU,3.34247e+06,3.34652e+06,4049.8
2,19,Linear,Logic,3.34247e+06,3.34652e+06,4049.8
2,19,sync_2,GPU,3.36578e+06,3.36578e+06,0
2,19,sync__set,GPU,3.36578e+06,3.36578e+06,0
2,19,sync__,GPU,3.36578e+06,3.36578e+06,0
2,19,moe_all_reduce_for_e_tp,GPU,3.36578e+06,3.3864e+06,20621.4
2,19,sync_3,GPU,3.3864e+06,3.3864e+06,0
2,19,sync__set,GPU,3.3864e+06,3.3864e+06,0
2,19,sync__,GPU,3.3864e+06,3.3864e+06,0
2,19,moe_gather,GPU,3.3864e+06,3.3864e+06,0
2,19,sync_for_moe_gather,GPU,3.3864e+06,3.3864e+06,0
2,19,sync__set,GPU,3.3864e+06,3.3864e+06,0
2,19,sync__,GPU,3.3864e+06,3.3864e+06,0
2,19,moe_all_reduce_for_gather,GPU,3.3864e+06,3.40703e+06,20621.4
2,19,sync_5,GPU,3.40703e+06,3.40703e+06,0
2,19,sync__set,GPU,3.40703e+06,3.40703e+06,0
2,19,sync__,GPU,3.40703e+06,3.40703e+06,0
2,19,sync_6,GPU,3.40703e+06,3.40703e+06,0
2,19,sync__set,GPU,3.40703e+06,3.40703e+06,0
2,19,sync__,GPU,3.40703e+06,3.40703e+06,0
2,19,residual_2,GPU,3.40703e+06,3.40729e+06,261.148
2,20,MoE_decoder_20,GPU,3.40729e+06,3.57666e+06,169377
2,20,input_layer_norm,GPU,3.40729e+06,3.40755e+06,261.148
2,20,attention,GPU,3.40755e+06,3.44742e+06,39870
2,20,attn_qkv_proj,GPU,3.40755e+06,3.4139e+06,6347.9
2,20,Linear,GPU,3.40755e+06,3.4139e+06,6347.9
2,20,self_attention,GPU,3.4139e+06,3.42252e+06,8625.91
2,20,AttentionSplit,GPU,3.4139e+06,3.4139e+06,0
2,20,AttentionSum,GPU,3.4139e+06,3.4139e+06,0
2,20,AttentionGen,Logic,3.4139e+06,3.42252e+06,8625.91
2,20,AttentionMerge,GPU,3.42252e+06,3.42252e+06,0
2,20,attn_o_proj,GPU,3.42252e+06,3.4268e+06,4274.79
2,20,Linear,GPU,3.42252e+06,3.4268e+06,4274.79
2,20,all_reduce,GPU,3.4268e+06,3.44742e+06,20621.4
2,20,residual_1,GPU,3.44742e+06,3.44768e+06,261.148
2,20,post_attn_layer_norm,GPU,3.44768e+06,3.44794e+06,261.148
2,20,expertFFN,GPU,3.44794e+06,3.5764e+06,128462
2,20,sync_0,GPU,3.44794e+06,3.44794e+06,0
2,20,sync__set,GPU,3.44794e+06,3.44794e+06,0
2,20,sync__,GPU,3.44794e+06,3.44794e+06,0
2,20,gate_fn,GPU,3.44794e+06,3.4481e+06,160.957
2,20,Linear,GPU,3.44794e+06,3.4481e+06,160.957
2,20,gate_update,GPU,3.4481e+06,3.4481e+06,0
2,20,moe_scatter,GPU,3.4481e+06,3.4481e+06,0
2,20,sync_for_moe_scatter,GPU,3.4481e+06,3.4481e+06,0
2,20,sync__set,GPU,3.4481e+06,3.4481e+06,0
2,20,sync__,GPU,3.4481e+06,3.4481e+06,0
2,20,moe_route,GPU,3.4481e+06,3.4481e+06,0
2,20,expert_FFN_0,GPU,3.4481e+06,3.46027e+06,12173.1
2,20,gate_proj,GPU,3.4481e+06,3.45215e+06,4049.8
2,20,Linear,Logic,3.4481e+06,3.45215e+06,4049.8
2,20,activation,Logic,3.45215e+06,3.45217e+06,23.7293
2,20,up_proj,GPU,3.45217e+06,3.45622e+06,4049.8
2,20,Linear,Logic,3.45217e+06,3.45622e+06,4049.8
2,20,down_proj,GPU,3.45622e+06,3.46027e+06,4049.8
2,20,Linear,Logic,3.45622e+06,3.46027e+06,4049.8
2,20,expert_FFN_1,GPU,3.46027e+06,3.47112e+06,10849.2
2,20,gate_proj,GPU,3.46027e+06,3.46388e+06,3611.12
2,20,Linear,Logic,3.46027e+06,3.46388e+06,3611.12
2,20,activation,Logic,3.46388e+06,3.4639e+06,15.8195
2,20,up_proj,GPU,3.4639e+06,3.46751e+06,3611.12
2,20,Linear,Logic,3.4639e+06,3.46751e+06,3611.12
2,20,down_proj,GPU,3.46751e+06,3.47112e+06,3611.12
2,20,Linear,Logic,3.46751e+06,3.47112e+06,3611.12
2,20,expert_FFN_2,GPU,3.4481e+06,3.49153e+06,43429.9
2,20,gate_proj,GPU,3.4481e+06,3.46255e+06,14452
2,20,Linear,GPU,3.4481e+06,3.46255e+06,14452
2,20,activation,GPU,3.46255e+06,3.46263e+06,73.8244
2,20,up_proj,GPU,3.46263e+06,3.47708e+06,14452
2,20,Linear,GPU,3.46263e+06,3.47708e+06,14452
2,20,down_proj,GPU,3.47708e+06,3.49153e+06,14452
2,20,Linear,GPU,3.47708e+06,3.49153e+06,14452
2,20,expert_FFN_3,GPU,3.49153e+06,3.53516e+06,43628.7
2,20,gate_proj,GPU,3.49153e+06,3.50603e+06,14497.2
2,20,Linear,GPU,3.49153e+06,3.50603e+06,14497.2
2,20,activation,GPU,3.50603e+06,3.50616e+06,137.103
2,20,up_proj,GPU,3.50616e+06,3.52066e+06,14497.2
2,20,Linear,GPU,3.50616e+06,3.52066e+06,14497.2
2,20,down_proj,GPU,3.52066e+06,3.53516e+06,14497.2
2,20,Linear,GPU,3.52066e+06,3.53516e+06,14497.2
2,20,expert_FFN_4,GPU,3.47112e+06,3.4833e+06,12173.1
2,20,gate_proj,GPU,3.47112e+06,3.47517e+06,4049.8
2,20,Linear,Logic,3.47112e+06,3.47517e+06,4049.8
2,20,activation,Logic,3.47517e+06,3.4752e+06,23.7293
2,20,up_proj,GPU,3.4752e+06,3.47925e+06,4049.8
2,20,Linear,Logic,3.4752e+06,3.47925e+06,4049.8
2,20,down_proj,GPU,3.47925e+06,3.4833e+06,4049.8
2,20,Linear,Logic,3.47925e+06,3.4833e+06,4049.8
2,20,expert_FFN_5,GPU,3.4833e+06,3.49413e+06,10832.6
2,20,gate_proj,GPU,3.4833e+06,3.4869e+06,3607.35
2,20,Linear,Logic,3.4833e+06,3.4869e+06,3607.35
2,20,activation,Logic,3.4869e+06,3.48691e+06,10.5463
2,20,up_proj,GPU,3.48691e+06,3.49052e+06,3607.35
2,20,Linear,Logic,3.48691e+06,3.49052e+06,3607.35
2,20,down_proj,GPU,3.49052e+06,3.49413e+06,3607.35
2,20,Linear,Logic,3.49052e+06,3.49413e+06,3607.35
2,20,expert_FFN_6,GPU,3.49413e+06,3.50901e+06,14878.3
2,20,gate_proj,GPU,3.49413e+06,3.49908e+06,4949.75
2,20,Linear,Logic,3.49413e+06,3.49908e+06,4949.75
2,20,activation,Logic,3.49908e+06,3.49911e+06,29.0025
2,20,up_proj,GPU,3.49911e+06,3.50406e+06,4949.75
2,20,Linear,Logic,3.49911e+06,3.50406e+06,4949.75
2,20,down_proj,GPU,3.50406e+06,3.50901e+06,4949.75
2,20,Linear,Logic,3.50406e+06,3.50901e+06,4949.75
2,20,expert_FFN_7,GPU,3.50901e+06,3.51985e+06,10840.9
2,20,gate_proj,GPU,3.50901e+06,3.51262e+06,3609.24
2,20,Linear,Logic,3.50901e+06,3.51262e+06,3609.24
2,20,activation,Logic,3.51262e+06,3.51263e+06,13.1829
2,20,up_proj,GPU,3.51263e+06,3.51624e+06,3609.24
2,20,Linear,Logic,3.51263e+06,3.51624e+06,3609.24
2,20,down_proj,GPU,3.51624e+06,3.51985e+06,3609.24
2,20,Linear,Logic,3.51624e+06,3.51985e+06,3609.24
2,20,sync_2,GPU,3.53516e+06,3.53516e+06,0
2,20,sync__set,GPU,3.53516e+06,3.53516e+06,0
2,20,sync__,GPU,3.53516e+06,3.53516e+06,0
2,20,moe_all_reduce_for_e_tp,GPU,3.53516e+06,3.55578e+06,20621.4
2,20,sync_3,GPU,3.55578e+06,3.55578e+06,0
2,20,sync__set,GPU,3.55578e+06,3.55578e+06,0
2,20,sync__,GPU,3.55578e+06,3.55578e+06,0
2,20,moe_gather,GPU,3.55578e+06,3.55578e+06,0
2,20,sync_for_moe_gather,GPU,3.55578e+06,3.55578e+06,0
2,20,sync__set,GPU,3.55578e+06,3.55578e+06,0
2,20,sync__,GPU,3.55578e+06,3.55578e+06,0
2,20,moe_all_reduce_for_gather,GPU,3.55578e+06,3.5764e+06,20621.4
2,20,sync_5,GPU,3.5764e+06,3.5764e+06,0
2,20,sync__set,GPU,3.5764e+06,3.5764e+06,0
2,20,sync__,GPU,3.5764e+06,3.5764e+06,0
2,20,sync_6,GPU,3.5764e+06,3.5764e+06,0
2,20,sync__set,GPU,3.5764e+06,3.5764e+06,0
2,20,sync__,GPU,3.5764e+06,3.5764e+06,0
2,20,residual_2,GPU,3.5764e+06,3.57666e+06,261.148
2,21,MoE_decoder_21,GPU,3.57666e+06,3.74604e+06,169377
2,21,input_layer_norm,GPU,3.57666e+06,3.57692e+06,261.148
2,21,attention,GPU,3.57692e+06,3.61679e+06,39870
2,21,attn_qkv_proj,GPU,3.57692e+06,3.58327e+06,6347.9
2,21,Linear,GPU,3.57692e+06,3.58327e+06,6347.9
2,21,self_attention,GPU,3.58327e+06,3.5919e+06,8625.91
2,21,AttentionSplit,GPU,3.58327e+06,3.58327e+06,0
2,21,AttentionSum,GPU,3.58327e+06,3.58327e+06,0
2,21,AttentionGen,Logic,3.58327e+06,3.5919e+06,8625.91
2,21,AttentionMerge,GPU,3.5919e+06,3.5919e+06,0
2,21,attn_o_proj,GPU,3.5919e+06,3.59617e+06,4274.79
2,21,Linear,GPU,3.5919e+06,3.59617e+06,4274.79
2,21,all_reduce,GPU,3.59617e+06,3.61679e+06,20621.4
2,21,residual_1,GPU,3.61679e+06,3.61706e+06,261.148
2,21,post_attn_layer_norm,GPU,3.61706e+06,3.61732e+06,261.148
2,21,expertFFN,GPU,3.61732e+06,3.74578e+06,128462
2,21,sync_0,GPU,3.61732e+06,3.61732e+06,0
2,21,sync__set,GPU,3.61732e+06,3.61732e+06,0
2,21,sync__,GPU,3.61732e+06,3.61732e+06,0
2,21,gate_fn,GPU,3.61732e+06,3.61748e+06,160.957
2,21,Linear,GPU,3.61732e+06,3.61748e+06,160.957
2,21,gate_update,GPU,3.61748e+06,3.61748e+06,0
2,21,moe_scatter,GPU,3.61748e+06,3.61748e+06,0
2,21,sync_for_moe_scatter,GPU,3.61748e+06,3.61748e+06,0
2,21,sync__set,GPU,3.61748e+06,3.61748e+06,0
2,21,sync__,GPU,3.61748e+06,3.61748e+06,0
2,21,moe_route,GPU,3.61748e+06,3.61748e+06,0
2,21,expert_FFN_0,GPU,3.61748e+06,3.6283e+06,10824.3
2,21,gate_proj,GPU,3.61748e+06,3.62108e+06,3605.47
2,21,Linear,Logic,3.61748e+06,3.62108e+06,3605.47
2,21,activation,Logic,3.62108e+06,3.62109e+06,7.90976
2,21,up_proj,GPU,3.62109e+06,3.6247e+06,3605.47
2,21,Linear,Logic,3.62109e+06,3.6247e+06,3605.47
2,21,down_proj,GPU,3.6247e+06,3.6283e+06,3605.47
2,21,Linear,Logic,3.6247e+06,3.6283e+06,3605.47
2,21,expert_FFN_1,GPU,3.6283e+06,3.64318e+06,14878.3
2,21,gate_proj,GPU,3.6283e+06,3.63325e+06,4949.75
2,21,Linear,Logic,3.6283e+06,3.63325e+06,4949.75
2,21,activation,Logic,3.63325e+06,3.63328e+06,29.0025
2,21,up_proj,GPU,3.63328e+06,3.63823e+06,4949.75
2,21,Linear,Logic,3.63328e+06,3.63823e+06,4949.75
2,21,down_proj,GPU,3.63823e+06,3.64318e+06,4949.75
2,21,Linear,Logic,3.63823e+06,3.64318e+06,4949.75
2,21,expert_FFN_2,GPU,3.64318e+06,3.65404e+06,10857.5
2,21,gate_proj,GPU,3.64318e+06,3.64679e+06,3613
2,21,Linear,Logic,3.64318e+06,3.64679e+06,3613
2,21,activation,Logic,3.64679e+06,3.64681e+06,18.4561
2,21,up_proj,GPU,3.64681e+06,3.65042e+06,3613
2,21,Linear,Logic,3.64681e+06,3.65042e+06,3613
2,21,down_proj,GPU,3.65042e+06,3.65404e+06,3613
2,21,Linear,Logic,3.65042e+06,3.65404e+06,3613
2,21,expert_FFN_3,GPU,3.65404e+06,3.66756e+06,13525.7
2,21,gate_proj,GPU,3.65404e+06,3.65854e+06,4499.77
2,21,Linear,Logic,3.65404e+06,3.65854e+06,4499.77
2,21,activation,Logic,3.65854e+06,3.65856e+06,26.3659
2,21,up_proj,GPU,3.65856e+06,3.66306e+06,4499.77
2,21,Linear,Logic,3.65856e+06,3.66306e+06,4499.77
2,21,down_proj,GPU,3.66306e+06,3.66756e+06,4499.77
2,21,Linear,Logic,3.66306e+06,3.66756e+06,4499.77
2,21,expert_FFN_4,GPU,3.66756e+06,3.67842e+06,10857.5
2,21,gate_proj,GPU,3.66756e+06,3.67118e+06,3613
2,21,Linear,Logic,3.66756e+06,3.67118e+06,3613
2,21,activation,Logic,3.67118e+06,3.67119e+06,18.4561
2,21,up_proj,GPU,3.67119e+06,3.67481e+06,3613
2,21,Linear,Logic,3.67119e+06,3.67481e+06,3613
2,21,down_proj,GPU,3.67481e+06,3.67842e+06,3613
2,21,Linear,Logic,3.67481e+06,3.67842e+06,3613
2,21,expert_FFN_5,GPU,3.67842e+06,3.68927e+06,10849.2
2,21,gate_proj,GPU,3.67842e+06,3.68203e+06,3611.12
2,21,Linear,Logic,3.67842e+06,3.68203e+06,3611.12
2,21,activation,Logic,3.68203e+06,3.68205e+06,15.8195
2,21,up_proj,GPU,3.68205e+06,3.68566e+06,3611.12
2,21,Linear,Logic,3.68205e+06,3.68566e+06,3611.12
2,21,down_proj,GPU,3.68566e+06,3.68927e+06,3611.12
2,21,Linear,Logic,3.68566e+06,3.68927e+06,3611.12
2,21,expert_FFN_6,GPU,3.61748e+06,3.66111e+06,43628.7
2,21,gate_proj,GPU,3.61748e+06,3.63197e+06,14497.2
2,21,Linear,GPU,3.61748e+06,3.63197e+06,14497.2
2,21,activation,GPU,3.63197e+06,3.63211e+06,137.103
2,21,up_proj,GPU,3.63211e+06,3.64661e+06,14497.2
2,21,Linear,GPU,3.63211e+06,3.64661e+06,14497.2
2,21,down_proj,GPU,3.64661e+06,3.66111e+06,14497.2
2,21,Linear,GPU,3.64661e+06,3.66111e+06,14497.2
2,21,expert_FFN_7,GPU,3.66111e+06,3.70454e+06,43429.9
2,21,gate_proj,GPU,3.66111e+06,3.67556e+06,14452
2,21,Linear,GPU,3.66111e+06,3.67556e+06,14452
2,21,activation,GPU,3.67556e+06,3.67563e+06,73.8244
2,21,up_proj,GPU,3.67563e+06,3.69008e+06,14452
2,21,Linear,GPU,3.67563e+06,3.69008e+06,14452
2,21,down_proj,GPU,3.69008e+06,3.70454e+06,14452
2,21,Linear,GPU,3.69008e+06,3.70454e+06,14452
2,21,sync_2,GPU,3.70454e+06,3.70454e+06,0
2,21,sync__set,GPU,3.70454e+06,3.70454e+06,0
2,21,sync__,GPU,3.70454e+06,3.70454e+06,0
2,21,moe_all_reduce_for_e_tp,GPU,3.70454e+06,3.72516e+06,20621.4
2,21,sync_3,GPU,3.72516e+06,3.72516e+06,0
2,21,sync__set,GPU,3.72516e+06,3.72516e+06,0
2,21,sync__,GPU,3.72516e+06,3.72516e+06,0
2,21,moe_gather,GPU,3.72516e+06,3.72516e+06,0
2,21,sync_for_moe_gather,GPU,3.72516e+06,3.72516e+06,0
2,21,sync__set,GPU,3.72516e+06,3.72516e+06,0
2,21,sync__,GPU,3.72516e+06,3.72516e+06,0
2,21,moe_all_reduce_for_gather,GPU,3.72516e+06,3.74578e+06,20621.4
2,21,sync_5,GPU,3.74578e+06,3.74578e+06,0
2,21,sync__set,GPU,3.74578e+06,3.74578e+06,0
2,21,sync__,GPU,3.74578e+06,3.74578e+06,0
2,21,sync_6,GPU,3.74578e+06,3.74578e+06,0
2,21,sync__set,GPU,3.74578e+06,3.74578e+06,0
2,21,sync__,GPU,3.74578e+06,3.74578e+06,0
2,21,residual_2,GPU,3.74578e+06,3.74604e+06,261.148
2,22,MoE_decoder_22,GPU,3.74604e+06,3.91923e+06,173187
2,22,input_layer_norm,GPU,3.74604e+06,3.7463e+06,261.148
2,22,attention,GPU,3.7463e+06,3.78617e+06,39870
2,22,attn_qkv_proj,GPU,3.7463e+06,3.75265e+06,6347.9
2,22,Linear,GPU,3.7463e+06,3.75265e+06,6347.9
2,22,self_attention,GPU,3.75265e+06,3.76128e+06,8625.91
2,22,AttentionSplit,GPU,3.75265e+06,3.75265e+06,0
2,22,AttentionSum,GPU,3.75265e+06,3.75265e+06,0
2,22,AttentionGen,Logic,3.75265e+06,3.76128e+06,8625.91
2,22,AttentionMerge,GPU,3.76128e+06,3.76128e+06,0
2,22,attn_o_proj,GPU,3.76128e+06,3.76555e+06,4274.79
2,22,Linear,GPU,3.76128e+06,3.76555e+06,4274.79
2,22,all_reduce,GPU,3.76555e+06,3.78617e+06,20621.4
2,22,residual_1,GPU,3.78617e+06,3.78643e+06,261.148
2,22,post_attn_layer_norm,GPU,3.78643e+06,3.78669e+06,261.148
2,22,expertFFN,GPU,3.78669e+06,3.91897e+06,132272
2,22,sync_0,GPU,3.78669e+06,3.78669e+06,0
2,22,sync__set,GPU,3.78669e+06,3.78669e+06,0
2,22,sync__,GPU,3.78669e+06,3.78669e+06,0
2,22,gate_fn,GPU,3.78669e+06,3.78685e+06,160.957
2,22,Linear,GPU,3.78669e+06,3.78685e+06,160.957
2,22,gate_update,GPU,3.78685e+06,3.78685e+06,0
2,22,moe_scatter,GPU,3.78685e+06,3.78685e+06,0
2,22,sync_for_moe_scatter,GPU,3.78685e+06,3.78685e+06,0
2,22,sync__set,GPU,3.78685e+06,3.78685e+06,0
2,22,sync__,GPU,3.78685e+06,3.78685e+06,0
2,22,moe_route,GPU,3.78685e+06,3.78685e+06,0
2,22,expert_FFN_0,GPU,3.78685e+06,3.79772e+06,10865.7
2,22,gate_proj,GPU,3.78685e+06,3.79047e+06,3614.89
2,22,Linear,Logic,3.78685e+06,3.79047e+06,3614.89
2,22,activation,Logic,3.79047e+06,3.79049e+06,21.0927
2,22,up_proj,GPU,3.79049e+06,3.79411e+06,3614.89
2,22,Linear,Logic,3.79049e+06,3.79411e+06,3614.89
2,22,down_proj,GPU,3.79411e+06,3.79772e+06,3614.89
2,22,Linear,Logic,3.79411e+06,3.79772e+06,3614.89
2,22,expert_FFN_1,GPU,3.79772e+06,3.80859e+06,10865.7
2,22,gate_proj,GPU,3.79772e+06,3.80134e+06,3614.89
2,22,Linear,Logic,3.79772e+06,3.80134e+06,3614.89
2,22,activation,Logic,3.80134e+06,3.80136e+06,21.0927
2,22,up_proj,GPU,3.80136e+06,3.80497e+06,3614.89
2,22,Linear,Logic,3.80136e+06,3.80497e+06,3614.89
2,22,down_proj,GPU,3.80497e+06,3.80859e+06,3614.89
2,22,Linear,Logic,3.80497e+06,3.80859e+06,3614.89
2,22,expert_FFN_2,GPU,3.80859e+06,3.81945e+06,10865.7
2,22,gate_proj,GPU,3.80859e+06,3.8122e+06,3614.89
2,22,Linear,Logic,3.80859e+06,3.8122e+06,3614.89
2,22,activation,Logic,3.8122e+06,3.81222e+06,21.0927
2,22,up_proj,GPU,3.81222e+06,3.81584e+06,3614.89
2,22,Linear,Logic,3.81222e+06,3.81584e+06,3614.89
2,22,down_proj,GPU,3.81584e+06,3.81945e+06,3614.89
2,22,Linear,Logic,3.81584e+06,3.81945e+06,3614.89
2,22,expert_FFN_3,GPU,3.81945e+06,3.83032e+06,10865.7
2,22,gate_proj,GPU,3.81945e+06,3.82307e+06,3614.89
2,22,Linear,Logic,3.81945e+06,3.82307e+06,3614.89
2,22,activation,Logic,3.82307e+06,3.82309e+06,21.0927
2,22,up_proj,GPU,3.82309e+06,3.8267e+06,3614.89
2,22,Linear,Logic,3.82309e+06,3.8267e+06,3614.89
2,22,down_proj,GPU,3.8267e+06,3.83032e+06,3614.89
2,22,Linear,Logic,3.8267e+06,3.83032e+06,3614.89
2,22,expert_FFN_4,GPU,3.83032e+06,3.84249e+06,12173.1
2,22,gate_proj,GPU,3.83032e+06,3.83437e+06,4049.8
2,22,Linear,Logic,3.83032e+06,3.83437e+06,4049.8
2,22,activation,Logic,3.83437e+06,3.83439e+06,23.7293
2,22,up_proj,GPU,3.83439e+06,3.83844e+06,4049.8
2,22,Linear,Logic,3.83439e+06,3.83844e+06,4049.8
2,22,down_proj,GPU,3.83844e+06,3.84249e+06,4049.8
2,22,Linear,Logic,3.83844e+06,3.84249e+06,4049.8
2,22,expert_FFN_5,GPU,3.84249e+06,3.85602e+06,13525.7
2,22,gate_proj,GPU,3.84249e+06,3.84699e+06,4499.77
2,22,Linear,Logic,3.84249e+06,3.84699e+06,4499.77
2,22,activation,Logic,3.84699e+06,3.84702e+06,26.3659
2,22,up_proj,GPU,3.84702e+06,3.85152e+06,4499.77
2,22,Linear,Logic,3.84702e+06,3.85152e+06,4499.77
2,22,down_proj,GPU,3.85152e+06,3.85602e+06,4499.77
2,22,Linear,Logic,3.85152e+06,3.85602e+06,4499.77
2,22,expert_FFN_6,GPU,3.85602e+06,3.86688e+06,10865.7
2,22,gate_proj,GPU,3.85602e+06,3.85963e+06,3614.89
2,22,Linear,Logic,3.85602e+06,3.85963e+06,3614.89
2,22,activation,Logic,3.85963e+06,3.85965e+06,21.0927
2,22,up_proj,GPU,3.85965e+06,3.86327e+06,3614.89
2,22,Linear,Logic,3.85965e+06,3.86327e+06,3614.89
2,22,down_proj,GPU,3.86327e+06,3.86688e+06,3614.89
2,22,Linear,Logic,3.86327e+06,3.86688e+06,3614.89
2,22,expert_FFN_7,GPU,3.86688e+06,3.87772e+06,10840.9
2,22,gate_proj,GPU,3.86688e+06,3.87049e+06,3609.24
2,22,Linear,Logic,3.86688e+06,3.87049e+06,3609.24
2,22,activation,Logic,3.87049e+06,3.8705e+06,13.1829
2,22,up_proj,GPU,3.8705e+06,3.87411e+06,3609.24
2,22,Linear,Logic,3.8705e+06,3.87411e+06,3609.24
2,22,down_proj,GPU,3.87411e+06,3.87772e+06,3609.24
2,22,Linear,Logic,3.87411e+06,3.87772e+06,3609.24
2,22,sync_2,GPU,3.87772e+06,3.87772e+06,0
2,22,sync__set,GPU,3.87772e+06,3.87772e+06,0
2,22,sync__,GPU,3.87772e+06,3.87772e+06,0
2,22,moe_all_reduce_for_e_tp,GPU,3.87772e+06,3.89834e+06,20621.4
2,22,sync_3,GPU,3.89834e+06,3.89834e+06,0
2,22,sync__set,GPU,3.89834e+06,3.89834e+06,0
2,22,sync__,GPU,3.89834e+06,3.89834e+06,0
2,22,moe_gather,GPU,3.89834e+06,3.89834e+06,0
2,22,sync_for_moe_gather,GPU,3.89834e+06,3.89834e+06,0
2,22,sync__set,GPU,3.89834e+06,3.89834e+06,0
2,22,sync__,GPU,3.89834e+06,3.89834e+06,0
2,22,moe_all_reduce_for_gather,GPU,3.89834e+06,3.91897e+06,20621.4
2,22,sync_5,GPU,3.91897e+06,3.91897e+06,0
2,22,sync__set,GPU,3.91897e+06,3.91897e+06,0
2,22,sync__,GPU,3.91897e+06,3.91897e+06,0
2,22,sync_6,GPU,3.91897e+06,3.91897e+06,0
2,22,sync__set,GPU,3.91897e+06,3.91897e+06,0
2,22,sync__,GPU,3.91897e+06,3.91897e+06,0
2,22,residual_2,GPU,3.91897e+06,3.91923e+06,261.148
2,23,MoE_decoder_23,GPU,3.91923e+06,4.08857e+06,169344
2,23,input_layer_norm,GPU,3.91923e+06,3.91949e+06,261.148
2,23,attention,GPU,3.91949e+06,3.95936e+06,39870
2,23,attn_qkv_proj,GPU,3.91949e+06,3.92584e+06,6347.9
2,23,Linear,GPU,3.91949e+06,3.92584e+06,6347.9
2,23,self_attention,GPU,3.92584e+06,3.93446e+06,8625.91
2,23,AttentionSplit,GPU,3.92584e+06,3.92584e+06,0
2,23,AttentionSum,GPU,3.92584e+06,3.92584e+06,0
2,23,AttentionGen,Logic,3.92584e+06,3.93446e+06,8625.91
2,23,AttentionMerge,GPU,3.93446e+06,3.93446e+06,0
2,23,attn_o_proj,GPU,3.93446e+06,3.93874e+06,4274.79
2,23,Linear,GPU,3.93446e+06,3.93874e+06,4274.79
2,23,all_reduce,GPU,3.93874e+06,3.95936e+06,20621.4
2,23,residual_1,GPU,3.95936e+06,3.95962e+06,261.148
2,23,post_attn_layer_norm,GPU,3.95962e+06,3.95988e+06,261.148
2,23,expertFFN,GPU,3.95988e+06,4.08831e+06,128429
2,23,sync_0,GPU,3.95988e+06,3.95988e+06,0
2,23,sync__set,GPU,3.95988e+06,3.95988e+06,0
2,23,sync__,GPU,3.95988e+06,3.95988e+06,0
2,23,gate_fn,GPU,3.95988e+06,3.96004e+06,160.957
2,23,Linear,GPU,3.95988e+06,3.96004e+06,160.957
2,23,gate_update,GPU,3.96004e+06,3.96004e+06,0
2,23,moe_scatter,GPU,3.96004e+06,3.96004e+06,0
2,23,sync_for_moe_scatter,GPU,3.96004e+06,3.96004e+06,0
2,23,sync__set,GPU,3.96004e+06,3.96004e+06,0
2,23,sync__,GPU,3.96004e+06,3.96004e+06,0
2,23,moe_route,GPU,3.96004e+06,3.96004e+06,0
2,23,expert_FFN_0,GPU,3.96004e+06,3.9709e+06,10857.5
2,23,gate_proj,GPU,3.96004e+06,3.96365e+06,3613
2,23,Linear,Logic,3.96004e+06,3.96365e+06,3613
2,23,activation,Logic,3.96365e+06,3.96367e+06,18.4561
2,23,up_proj,GPU,3.96367e+06,3.96729e+06,3613
2,23,Linear,Logic,3.96367e+06,3.96729e+06,3613
2,23,down_proj,GPU,3.96729e+06,3.9709e+06,3613
2,23,Linear,Logic,3.96729e+06,3.9709e+06,3613
2,23,expert_FFN_1,GPU,3.9709e+06,3.98173e+06,10832.6
2,23,gate_proj,GPU,3.9709e+06,3.97451e+06,3607.35
2,23,Linear,Logic,3.9709e+06,3.97451e+06,3607.35
2,23,activation,Logic,3.97451e+06,3.97452e+06,10.5463
2,23,up_proj,GPU,3.97452e+06,3.97812e+06,3607.35
2,23,Linear,Logic,3.97452e+06,3.97812e+06,3607.35
2,23,down_proj,GPU,3.97812e+06,3.98173e+06,3607.35
2,23,Linear,Logic,3.97812e+06,3.98173e+06,3607.35
2,23,expert_FFN_2,GPU,3.98173e+06,3.99526e+06,13525.7
2,23,gate_proj,GPU,3.98173e+06,3.98623e+06,4499.77
2,23,Linear,Logic,3.98173e+06,3.98623e+06,4499.77
2,23,activation,Logic,3.98623e+06,3.98626e+06,26.3659
2,23,up_proj,GPU,3.98626e+06,3.99076e+06,4499.77
2,23,Linear,Logic,3.98626e+06,3.99076e+06,4499.77
2,23,down_proj,GPU,3.99076e+06,3.99526e+06,4499.77
2,23,Linear,Logic,3.99076e+06,3.99526e+06,4499.77
2,23,expert_FFN_3,GPU,3.99526e+06,4.00611e+06,10857.5
2,23,gate_proj,GPU,3.99526e+06,3.99887e+06,3613
2,23,Linear,Logic,3.99526e+06,3.99887e+06,3613
2,23,activation,Logic,3.99887e+06,3.99889e+06,18.4561
2,23,up_proj,GPU,3.99889e+06,4.0025e+06,3613
2,23,Linear,Logic,3.99889e+06,4.0025e+06,3613
2,23,down_proj,GPU,4.0025e+06,4.00611e+06,3613
2,23,Linear,Logic,4.0025e+06,4.00611e+06,3613
2,23,expert_FFN_4,GPU,3.96004e+06,4.00347e+06,43429.9
2,23,gate_proj,GPU,3.96004e+06,3.97449e+06,14452
2,23,Linear,GPU,3.96004e+06,3.97449e+06,14452
2,23,activation,GPU,3.97449e+06,3.97457e+06,73.8244
2,23,up_proj,GPU,3.97457e+06,3.98902e+06,14452
2,23,Linear,GPU,3.97457e+06,3.98902e+06,14452
2,23,down_proj,GPU,3.98902e+06,4.00347e+06,14452
2,23,Linear,GPU,3.98902e+06,4.00347e+06,14452
2,23,expert_FFN_5,GPU,4.00347e+06,4.04707e+06,43595.6
2,23,gate_proj,GPU,4.00347e+06,4.01796e+06,14489.7
2,23,Linear,GPU,4.00347e+06,4.01796e+06,14489.7
2,23,activation,GPU,4.01796e+06,4.01809e+06,126.556
2,23,up_proj,GPU,4.01809e+06,4.03258e+06,14489.7
2,23,Linear,GPU,4.01809e+06,4.03258e+06,14489.7
2,23,down_proj,GPU,4.03258e+06,4.04707e+06,14489.7
2,23,Linear,GPU,4.03258e+06,4.04707e+06,14489.7
2,23,expert_FFN_6,GPU,4.00611e+06,4.01829e+06,12173.1
2,23,gate_proj,GPU,4.00611e+06,4.01016e+06,4049.8
2,23,Linear,Logic,4.00611e+06,4.01016e+06,4049.8
2,23,activation,Logic,4.01016e+06,4.01019e+06,23.7293
2,23,up_proj,GPU,4.01019e+06,4.01424e+06,4049.8
2,23,Linear,Logic,4.01019e+06,4.01424e+06,4049.8
2,23,down_proj,GPU,4.01424e+06,4.01829e+06,4049.8
2,23,Linear,Logic,4.01424e+06,4.01829e+06,4049.8
2,23,expert_FFN_7,GPU,4.01829e+06,4.02915e+06,10865.7
2,23,gate_proj,GPU,4.01829e+06,4.0219e+06,3614.89
2,23,Linear,Logic,4.01829e+06,4.0219e+06,3614.89
2,23,activation,Logic,4.0219e+06,4.02192e+06,21.0927
2,23,up_proj,GPU,4.02192e+06,4.02554e+06,3614.89
2,23,Linear,Logic,4.02192e+06,4.02554e+06,3614.89
2,23,down_proj,GPU,4.02554e+06,4.02915e+06,3614.89
2,23,Linear,Logic,4.02554e+06,4.02915e+06,3614.89
2,23,sync_2,GPU,4.04707e+06,4.04707e+06,0
2,23,sync__set,GPU,4.04707e+06,4.04707e+06,0
2,23,sync__,GPU,4.04707e+06,4.04707e+06,0
2,23,moe_all_reduce_for_e_tp,GPU,4.04707e+06,4.06769e+06,20621.4
2,23,sync_3,GPU,4.06769e+06,4.06769e+06,0
2,23,sync__set,GPU,4.06769e+06,4.06769e+06,0
2,23,sync__,GPU,4.06769e+06,4.06769e+06,0
2,23,moe_gather,GPU,4.06769e+06,4.06769e+06,0
2,23,sync_for_moe_gather,GPU,4.06769e+06,4.06769e+06,0
2,23,sync__set,GPU,4.06769e+06,4.06769e+06,0
2,23,sync__,GPU,4.06769e+06,4.06769e+06,0
2,23,moe_all_reduce_for_gather,GPU,4.06769e+06,4.08831e+06,20621.4
2,23,sync_5,GPU,4.08831e+06,4.08831e+06,0
2,23,sync__set,GPU,4.08831e+06,4.08831e+06,0
2,23,sync__,GPU,4.08831e+06,4.08831e+06,0
2,23,sync_6,GPU,4.08831e+06,4.08831e+06,0
2,23,sync__set,GPU,4.08831e+06,4.08831e+06,0
2,23,sync__,GPU,4.08831e+06,4.08831e+06,0
2,23,residual_2,GPU,4.08831e+06,4.08857e+06,261.148
2,24,MoE_decoder_24,GPU,4.08857e+06,4.2657e+06,177129
2,24,input_layer_norm,GPU,4.08857e+06,4.08883e+06,261.148
2,24,attention,GPU,4.08883e+06,4.1287e+06,39870
2,24,attn_qkv_proj,GPU,4.08883e+06,4.09518e+06,6347.9
2,24,Linear,GPU,4.08883e+06,4.09518e+06,6347.9
2,24,self_attention,GPU,4.09518e+06,4.10381e+06,8625.91
2,24,AttentionSplit,GPU,4.09518e+06,4.09518e+06,0
2,24,AttentionSum,GPU,4.09518e+06,4.09518e+06,0
2,24,AttentionGen,Logic,4.09518e+06,4.10381e+06,8625.91
2,24,AttentionMerge,GPU,4.10381e+06,4.10381e+06,0
2,24,attn_o_proj,GPU,4.10381e+06,4.10808e+06,4274.79
2,24,Linear,GPU,4.10381e+06,4.10808e+06,4274.79
2,24,all_reduce,GPU,4.10808e+06,4.1287e+06,20621.4
2,24,residual_1,GPU,4.1287e+06,4.12896e+06,261.148
2,24,post_attn_layer_norm,GPU,4.12896e+06,4.12922e+06,261.148
2,24,expertFFN,GPU,4.12922e+06,4.26544e+06,136215
2,24,sync_0,GPU,4.12922e+06,4.12922e+06,0
2,24,sync__set,GPU,4.12922e+06,4.12922e+06,0
2,24,sync__,GPU,4.12922e+06,4.12922e+06,0
2,24,gate_fn,GPU,4.12922e+06,4.12939e+06,160.957
2,24,Linear,GPU,4.12922e+06,4.12939e+06,160.957
2,24,gate_update,GPU,4.12939e+06,4.12939e+06,0
2,24,moe_scatter,GPU,4.12939e+06,4.12939e+06,0
2,24,sync_for_moe_scatter,GPU,4.12939e+06,4.12939e+06,0
2,24,sync__set,GPU,4.12939e+06,4.12939e+06,0
2,24,sync__,GPU,4.12939e+06,4.12939e+06,0
2,24,moe_route,GPU,4.12939e+06,4.12939e+06,0
2,24,expert_FFN_0,GPU,4.12939e+06,4.14291e+06,13525.7
2,24,gate_proj,GPU,4.12939e+06,4.13389e+06,4499.77
2,24,Linear,Logic,4.12939e+06,4.13389e+06,4499.77
2,24,activation,Logic,4.13389e+06,4.13391e+06,26.3659
2,24,up_proj,GPU,4.13391e+06,4.13841e+06,4499.77
2,24,Linear,Logic,4.13391e+06,4.13841e+06,4499.77
2,24,down_proj,GPU,4.13841e+06,4.14291e+06,4499.77
2,24,Linear,Logic,4.13841e+06,4.14291e+06,4499.77
2,24,expert_FFN_1,GPU,4.14291e+06,4.15644e+06,13525.7
2,24,gate_proj,GPU,4.14291e+06,4.14741e+06,4499.77
2,24,Linear,Logic,4.14291e+06,4.14741e+06,4499.77
2,24,activation,Logic,4.14741e+06,4.14744e+06,26.3659
2,24,up_proj,GPU,4.14744e+06,4.15194e+06,4499.77
2,24,Linear,Logic,4.14744e+06,4.15194e+06,4499.77
2,24,down_proj,GPU,4.15194e+06,4.15644e+06,4499.77
2,24,Linear,Logic,4.15194e+06,4.15644e+06,4499.77
2,24,expert_FFN_2,GPU,4.15644e+06,4.16861e+06,12173.1
2,24,gate_proj,GPU,4.15644e+06,4.16049e+06,4049.8
2,24,Linear,Logic,4.15644e+06,4.16049e+06,4049.8
2,24,activation,Logic,4.16049e+06,4.16051e+06,23.7293
2,24,up_proj,GPU,4.16051e+06,4.16456e+06,4049.8
2,24,Linear,Logic,4.16051e+06,4.16456e+06,4049.8
2,24,down_proj,GPU,4.16456e+06,4.16861e+06,4049.8
2,24,Linear,Logic,4.16456e+06,4.16861e+06,4049.8
2,24,expert_FFN_3,GPU,4.16861e+06,4.17946e+06,10849.2
2,24,gate_proj,GPU,4.16861e+06,4.17222e+06,3611.12
2,24,Linear,Logic,4.16861e+06,4.17222e+06,3611.12
2,24,activation,Logic,4.17222e+06,4.17224e+06,15.8195
2,24,up_proj,GPU,4.17224e+06,4.17585e+06,3611.12
2,24,Linear,Logic,4.17224e+06,4.17585e+06,3611.12
2,24,down_proj,GPU,4.17585e+06,4.17946e+06,3611.12
2,24,Linear,Logic,4.17585e+06,4.17946e+06,3611.12
2,24,expert_FFN_4,GPU,4.17946e+06,4.19031e+06,10849.2
2,24,gate_proj,GPU,4.17946e+06,4.18307e+06,3611.12
2,24,Linear,Logic,4.17946e+06,4.18307e+06,3611.12
2,24,activation,Logic,4.18307e+06,4.18309e+06,15.8195
2,24,up_proj,GPU,4.18309e+06,4.1867e+06,3611.12
2,24,Linear,Logic,4.18309e+06,4.1867e+06,3611.12
2,24,down_proj,GPU,4.1867e+06,4.19031e+06,3611.12
2,24,Linear,Logic,4.1867e+06,4.19031e+06,3611.12
2,24,expert_FFN_5,GPU,4.19031e+06,4.20117e+06,10865.7
2,24,gate_proj,GPU,4.19031e+06,4.19392e+06,3614.89
2,24,Linear,Logic,4.19031e+06,4.19392e+06,3614.89
2,24,activation,Logic,4.19392e+06,4.19394e+06,21.0927
2,24,up_proj,GPU,4.19394e+06,4.19756e+06,3614.89
2,24,Linear,Logic,4.19394e+06,4.19756e+06,3614.89
2,24,down_proj,GPU,4.19756e+06,4.20117e+06,3614.89
2,24,Linear,Logic,4.19756e+06,4.20117e+06,3614.89
2,24,expert_FFN_6,GPU,4.20117e+06,4.21335e+06,12173.1
2,24,gate_proj,GPU,4.20117e+06,4.20522e+06,4049.8
2,24,Linear,Logic,4.20117e+06,4.20522e+06,4049.8
2,24,activation,Logic,4.20522e+06,4.20525e+06,23.7293
2,24,up_proj,GPU,4.20525e+06,4.2093e+06,4049.8
2,24,Linear,Logic,4.20525e+06,4.2093e+06,4049.8
2,24,down_proj,GPU,4.2093e+06,4.21335e+06,4049.8
2,24,Linear,Logic,4.2093e+06,4.21335e+06,4049.8
2,24,expert_FFN_7,GPU,4.21335e+06,4.2242e+06,10849.2
2,24,gate_proj,GPU,4.21335e+06,4.21696e+06,3611.12
2,24,Linear,Logic,4.21335e+06,4.21696e+06,3611.12
2,24,activation,Logic,4.21696e+06,4.21697e+06,15.8195
2,24,up_proj,GPU,4.21697e+06,4.22059e+06,3611.12
2,24,Linear,Logic,4.21697e+06,4.22059e+06,3611.12
2,24,down_proj,GPU,4.22059e+06,4.2242e+06,3611.12
2,24,Linear,Logic,4.22059e+06,4.2242e+06,3611.12
2,24,sync_2,GPU,4.2242e+06,4.2242e+06,0
2,24,sync__set,GPU,4.2242e+06,4.2242e+06,0
2,24,sync__,GPU,4.2242e+06,4.2242e+06,0
2,24,moe_all_reduce_for_e_tp,GPU,4.2242e+06,4.24482e+06,20621.4
2,24,sync_3,GPU,4.24482e+06,4.24482e+06,0
2,24,sync__set,GPU,4.24482e+06,4.24482e+06,0
2,24,sync__,GPU,4.24482e+06,4.24482e+06,0
2,24,moe_gather,GPU,4.24482e+06,4.24482e+06,0
2,24,sync_for_moe_gather,GPU,4.24482e+06,4.24482e+06,0
2,24,sync__set,GPU,4.24482e+06,4.24482e+06,0
2,24,sync__,GPU,4.24482e+06,4.24482e+06,0
2,24,moe_all_reduce_for_gather,GPU,4.24482e+06,4.26544e+06,20621.4
2,24,sync_5,GPU,4.26544e+06,4.26544e+06,0
2,24,sync__set,GPU,4.26544e+06,4.26544e+06,0
2,24,sync__,GPU,4.26544e+06,4.26544e+06,0
2,24,sync_6,GPU,4.26544e+06,4.26544e+06,0
2,24,sync__set,GPU,4.26544e+06,4.26544e+06,0
2,24,sync__,GPU,4.26544e+06,4.26544e+06,0
2,24,residual_2,GPU,4.26544e+06,4.2657e+06,261.148
2,25,MoE_decoder_25,GPU,4.2657e+06,4.43518e+06,169476
2,25,input_layer_norm,GPU,4.2657e+06,4.26596e+06,261.148
2,25,attention,GPU,4.26596e+06,4.30583e+06,39870
2,25,attn_qkv_proj,GPU,4.26596e+06,4.27231e+06,6347.9
2,25,Linear,GPU,4.26596e+06,4.27231e+06,6347.9
2,25,self_attention,GPU,4.27231e+06,4.28094e+06,8625.91
2,25,AttentionSplit,GPU,4.27231e+06,4.27231e+06,0
2,25,AttentionSum,GPU,4.27231e+06,4.27231e+06,0
2,25,AttentionGen,Logic,4.27231e+06,4.28094e+06,8625.91
2,25,AttentionMerge,GPU,4.28094e+06,4.28094e+06,0
2,25,attn_o_proj,GPU,4.28094e+06,4.28521e+06,4274.79
2,25,Linear,GPU,4.28094e+06,4.28521e+06,4274.79
2,25,all_reduce,GPU,4.28521e+06,4.30583e+06,20621.4
2,25,residual_1,GPU,4.30583e+06,4.30609e+06,261.148
2,25,post_attn_layer_norm,GPU,4.30609e+06,4.30635e+06,261.148
2,25,expertFFN,GPU,4.30635e+06,4.43492e+06,128562
2,25,sync_0,GPU,4.30635e+06,4.30635e+06,0
2,25,sync__set,GPU,4.30635e+06,4.30635e+06,0
2,25,sync__,GPU,4.30635e+06,4.30635e+06,0
2,25,gate_fn,GPU,4.30635e+06,4.30651e+06,160.957
2,25,Linear,GPU,4.30635e+06,4.30651e+06,160.957
2,25,gate_update,GPU,4.30651e+06,4.30651e+06,0
2,25,moe_scatter,GPU,4.30651e+06,4.30651e+06,0
2,25,sync_for_moe_scatter,GPU,4.30651e+06,4.30651e+06,0
2,25,sync__set,GPU,4.30651e+06,4.30651e+06,0
2,25,sync__,GPU,4.30651e+06,4.30651e+06,0
2,25,moe_route,GPU,4.30651e+06,4.30651e+06,0
2,25,expert_FFN_0,GPU,4.30651e+06,4.34994e+06,43429.9
2,25,gate_proj,GPU,4.30651e+06,4.32097e+06,14452
2,25,Linear,GPU,4.30651e+06,4.32097e+06,14452
2,25,activation,GPU,4.32097e+06,4.32104e+06,73.8244
2,25,up_proj,GPU,4.32104e+06,4.33549e+06,14452
2,25,Linear,GPU,4.32104e+06,4.33549e+06,14452
2,25,down_proj,GPU,4.33549e+06,4.34994e+06,14452
2,25,Linear,GPU,4.33549e+06,4.34994e+06,14452
2,25,expert_FFN_1,GPU,4.34994e+06,4.39367e+06,43728.2
2,25,gate_proj,GPU,4.34994e+06,4.36446e+06,14519.8
2,25,Linear,GPU,4.34994e+06,4.36446e+06,14519.8
2,25,activation,GPU,4.36446e+06,4.36463e+06,168.742
2,25,up_proj,GPU,4.36463e+06,4.37915e+06,14519.8
2,25,Linear,GPU,4.36463e+06,4.37915e+06,14519.8
2,25,down_proj,GPU,4.37915e+06,4.39367e+06,14519.8
2,25,Linear,GPU,4.37915e+06,4.39367e+06,14519.8
2,25,expert_FFN_2,GPU,4.30651e+06,4.31736e+06,10840.9
2,25,gate_proj,GPU,4.30651e+06,4.31012e+06,3609.24
2,25,Linear,Logic,4.30651e+06,4.31012e+06,3609.24
2,25,activation,Logic,4.31012e+06,4.31014e+06,13.1829
2,25,up_proj,GPU,4.31014e+06,4.31375e+06,3609.24
2,25,Linear,Logic,4.31014e+06,4.31375e+06,3609.24
2,25,down_proj,GPU,4.31375e+06,4.31736e+06,3609.24
2,25,Linear,Logic,4.31375e+06,4.31736e+06,3609.24
2,25,expert_FFN_3,GPU,4.31736e+06,4.3282e+06,10840.9
2,25,gate_proj,GPU,4.31736e+06,4.32096e+06,3609.24
2,25,Linear,Logic,4.31736e+06,4.32096e+06,3609.24
2,25,activation,Logic,4.32096e+06,4.32098e+06,13.1829
2,25,up_proj,GPU,4.32098e+06,4.32459e+06,3609.24
2,25,Linear,Logic,4.32098e+06,4.32459e+06,3609.24
2,25,down_proj,GPU,4.32459e+06,4.3282e+06,3609.24
2,25,Linear,Logic,4.32459e+06,4.3282e+06,3609.24
2,25,expert_FFN_4,GPU,4.3282e+06,4.33906e+06,10865.7
2,25,gate_proj,GPU,4.3282e+06,4.33181e+06,3614.89
2,25,Linear,Logic,4.3282e+06,4.33181e+06,3614.89
2,25,activation,Logic,4.33181e+06,4.33183e+06,21.0927
2,25,up_proj,GPU,4.33183e+06,4.33545e+06,3614.89
2,25,Linear,Logic,4.33183e+06,4.33545e+06,3614.89
2,25,down_proj,GPU,4.33545e+06,4.33906e+06,3614.89
2,25,Linear,Logic,4.33545e+06,4.33906e+06,3614.89
2,25,expert_FFN_5,GPU,4.33906e+06,4.34992e+06,10857.5
2,25,gate_proj,GPU,4.33906e+06,4.34268e+06,3613
2,25,Linear,Logic,4.33906e+06,4.34268e+06,3613
2,25,activation,Logic,4.34268e+06,4.34269e+06,18.4561
2,25,up_proj,GPU,4.34269e+06,4.34631e+06,3613
2,25,Linear,Logic,4.34269e+06,4.34631e+06,3613
2,25,down_proj,GPU,4.34631e+06,4.34992e+06,3613
2,25,Linear,Logic,4.34631e+06,4.34992e+06,3613
2,25,expert_FFN_6,GPU,4.34992e+06,4.36345e+06,13525.7
2,25,gate_proj,GPU,4.34992e+06,4.35442e+06,4499.77
2,25,Linear,Logic,4.34992e+06,4.35442e+06,4499.77
2,25,activation,Logic,4.35442e+06,4.35445e+06,26.3659
2,25,up_proj,GPU,4.35445e+06,4.35895e+06,4499.77
2,25,Linear,Logic,4.35445e+06,4.35895e+06,4499.77
2,25,down_proj,GPU,4.35895e+06,4.36345e+06,4499.77
2,25,Linear,Logic,4.35895e+06,4.36345e+06,4499.77
2,25,expert_FFN_7,GPU,4.36345e+06,4.37429e+06,10849.2
2,25,gate_proj,GPU,4.36345e+06,4.36706e+06,3611.12
2,25,Linear,Logic,4.36345e+06,4.36706e+06,3611.12
2,25,activation,Logic,4.36706e+06,4.36707e+06,15.8195
2,25,up_proj,GPU,4.36707e+06,4.37068e+06,3611.12
2,25,Linear,Logic,4.36707e+06,4.37068e+06,3611.12
2,25,down_proj,GPU,4.37068e+06,4.37429e+06,3611.12
2,25,Linear,Logic,4.37068e+06,4.37429e+06,3611.12
2,25,sync_2,GPU,4.39367e+06,4.39367e+06,0
2,25,sync__set,GPU,4.39367e+06,4.39367e+06,0
2,25,sync__,GPU,4.39367e+06,4.39367e+06,0
2,25,moe_all_reduce_for_e_tp,GPU,4.39367e+06,4.41429e+06,20621.4
2,25,sync_3,GPU,4.41429e+06,4.41429e+06,0
2,25,sync__set,GPU,4.41429e+06,4.41429e+06,0
2,25,sync__,GPU,4.41429e+06,4.41429e+06,0
2,25,moe_gather,GPU,4.41429e+06,4.41429e+06,0
2,25,sync_for_moe_gather,GPU,4.41429e+06,4.41429e+06,0
2,25,sync__set,GPU,4.41429e+06,4.41429e+06,0
2,25,sync__,GPU,4.41429e+06,4.41429e+06,0
2,25,moe_all_reduce_for_gather,GPU,4.41429e+06,4.43492e+06,20621.4
2,25,sync_5,GPU,4.43492e+06,4.43492e+06,0
2,25,sync__set,GPU,4.43492e+06,4.43492e+06,0
2,25,sync__,GPU,4.43492e+06,4.43492e+06,0
2,25,sync_6,GPU,4.43492e+06,4.43492e+06,0
2,25,sync__set,GPU,4.43492e+06,4.43492e+06,0
2,25,sync__,GPU,4.43492e+06,4.43492e+06,0
2,25,residual_2,GPU,4.43492e+06,4.43518e+06,261.148
2,26,MoE_decoder_26,GPU,4.43518e+06,4.60472e+06,169543
2,26,input_layer_norm,GPU,4.43518e+06,4.43544e+06,261.148
2,26,attention,GPU,4.43544e+06,4.47531e+06,39870
2,26,attn_qkv_proj,GPU,4.43544e+06,4.44179e+06,6347.9
2,26,Linear,GPU,4.43544e+06,4.44179e+06,6347.9
2,26,self_attention,GPU,4.44179e+06,4.45041e+06,8625.91
2,26,AttentionSplit,GPU,4.44179e+06,4.44179e+06,0
2,26,AttentionSum,GPU,4.44179e+06,4.44179e+06,0
2,26,AttentionGen,Logic,4.44179e+06,4.45041e+06,8625.91
2,26,AttentionMerge,GPU,4.45041e+06,4.45041e+06,0
2,26,attn_o_proj,GPU,4.45041e+06,4.45469e+06,4274.79
2,26,Linear,GPU,4.45041e+06,4.45469e+06,4274.79
2,26,all_reduce,GPU,4.45469e+06,4.47531e+06,20621.4
2,26,residual_1,GPU,4.47531e+06,4.47557e+06,261.148
2,26,post_attn_layer_norm,GPU,4.47557e+06,4.47583e+06,261.148
2,26,expertFFN,GPU,4.47583e+06,4.60446e+06,128628
2,26,sync_0,GPU,4.47583e+06,4.47583e+06,0
2,26,sync__set,GPU,4.47583e+06,4.47583e+06,0
2,26,sync__,GPU,4.47583e+06,4.47583e+06,0
2,26,gate_fn,GPU,4.47583e+06,4.47599e+06,160.957
2,26,Linear,GPU,4.47583e+06,4.47599e+06,160.957
2,26,gate_update,GPU,4.47599e+06,4.47599e+06,0
2,26,moe_scatter,GPU,4.47599e+06,4.47599e+06,0
2,26,sync_for_moe_scatter,GPU,4.47599e+06,4.47599e+06,0
2,26,sync__set,GPU,4.47599e+06,4.47599e+06,0
2,26,sync__,GPU,4.47599e+06,4.47599e+06,0
2,26,moe_route,GPU,4.47599e+06,4.47599e+06,0
2,26,expert_FFN_0,GPU,4.47599e+06,4.51959e+06,43595.6
2,26,gate_proj,GPU,4.47599e+06,4.49048e+06,14489.7
2,26,Linear,GPU,4.47599e+06,4.49048e+06,14489.7
2,26,activation,GPU,4.49048e+06,4.49061e+06,126.556
2,26,up_proj,GPU,4.49061e+06,4.5051e+06,14489.7
2,26,Linear,GPU,4.49061e+06,4.5051e+06,14489.7
2,26,down_proj,GPU,4.5051e+06,4.51959e+06,14489.7
2,26,Linear,GPU,4.5051e+06,4.51959e+06,14489.7
2,26,expert_FFN_1,GPU,4.51959e+06,4.56322e+06,43628.7
2,26,gate_proj,GPU,4.51959e+06,4.53408e+06,14497.2
2,26,Linear,GPU,4.51959e+06,4.53408e+06,14497.2
2,26,activation,GPU,4.53408e+06,4.53422e+06,137.103
2,26,up_proj,GPU,4.53422e+06,4.54872e+06,14497.2
2,26,Linear,GPU,4.53422e+06,4.54872e+06,14497.2
2,26,down_proj,GPU,4.54872e+06,4.56322e+06,14497.2
2,26,Linear,GPU,4.54872e+06,4.56322e+06,14497.2
2,26,expert_FFN_2,GPU,4.47599e+06,4.48816e+06,12173.1
2,26,gate_proj,GPU,4.47599e+06,4.48004e+06,4049.8
2,26,Linear,Logic,4.47599e+06,4.48004e+06,4049.8
2,26,activation,Logic,4.48004e+06,4.48006e+06,23.7293
2,26,up_proj,GPU,4.48006e+06,4.48411e+06,4049.8
2,26,Linear,Logic,4.48006e+06,4.48411e+06,4049.8
2,26,down_proj,GPU,4.48411e+06,4.48816e+06,4049.8
2,26,Linear,Logic,4.48411e+06,4.48816e+06,4049.8
2,26,expert_FFN_3,GPU,4.48816e+06,4.499e+06,10832.6
2,26,gate_proj,GPU,4.48816e+06,4.49177e+06,3607.35
2,26,Linear,Logic,4.48816e+06,4.49177e+06,3607.35
2,26,activation,Logic,4.49177e+06,4.49178e+06,10.5463
2,26,up_proj,GPU,4.49178e+06,4.49539e+06,3607.35
2,26,Linear,Logic,4.49178e+06,4.49539e+06,3607.35
2,26,down_proj,GPU,4.49539e+06,4.499e+06,3607.35
2,26,Linear,Logic,4.49539e+06,4.499e+06,3607.35
2,26,expert_FFN_4,GPU,4.499e+06,4.50985e+06,10849.2
2,26,gate_proj,GPU,4.499e+06,4.50261e+06,3611.12
2,26,Linear,Logic,4.499e+06,4.50261e+06,3611.12
2,26,activation,Logic,4.50261e+06,4.50262e+06,15.8195
2,26,up_proj,GPU,4.50262e+06,4.50624e+06,3611.12
2,26,Linear,Logic,4.50262e+06,4.50624e+06,3611.12
2,26,down_proj,GPU,4.50624e+06,4.50985e+06,3611.12
2,26,Linear,Logic,4.50624e+06,4.50985e+06,3611.12
2,26,expert_FFN_5,GPU,4.50985e+06,4.52069e+06,10840.9
2,26,gate_proj,GPU,4.50985e+06,4.51346e+06,3609.24
2,26,Linear,Logic,4.50985e+06,4.51346e+06,3609.24
2,26,activation,Logic,4.51346e+06,4.51347e+06,13.1829
2,26,up_proj,GPU,4.51347e+06,4.51708e+06,3609.24
2,26,Linear,Logic,4.51347e+06,4.51708e+06,3609.24
2,26,down_proj,GPU,4.51708e+06,4.52069e+06,3609.24
2,26,Linear,Logic,4.51708e+06,4.52069e+06,3609.24
2,26,expert_FFN_6,GPU,4.52069e+06,4.53154e+06,10857.5
2,26,gate_proj,GPU,4.52069e+06,4.5243e+06,3613
2,26,Linear,Logic,4.52069e+06,4.5243e+06,3613
2,26,activation,Logic,4.5243e+06,4.52432e+06,18.4561
2,26,up_proj,GPU,4.52432e+06,4.52793e+06,3613
2,26,Linear,Logic,4.52432e+06,4.52793e+06,3613
2,26,down_proj,GPU,4.52793e+06,4.53154e+06,3613
2,26,Linear,Logic,4.52793e+06,4.53154e+06,3613
2,26,expert_FFN_7,GPU,4.53154e+06,4.54241e+06,10865.7
2,26,gate_proj,GPU,4.53154e+06,4.53516e+06,3614.89
2,26,Linear,Logic,4.53154e+06,4.53516e+06,3614.89
2,26,activation,Logic,4.53516e+06,4.53518e+06,21.0927
2,26,up_proj,GPU,4.53518e+06,4.5388e+06,3614.89
2,26,Linear,Logic,4.53518e+06,4.5388e+06,3614.89
2,26,down_proj,GPU,4.5388e+06,4.54241e+06,3614.89
2,26,Linear,Logic,4.5388e+06,4.54241e+06,3614.89
2,26,sync_2,GPU,4.56322e+06,4.56322e+06,0
2,26,sync__set,GPU,4.56322e+06,4.56322e+06,0
2,26,sync__,GPU,4.56322e+06,4.56322e+06,0
2,26,moe_all_reduce_for_e_tp,GPU,4.56322e+06,4.58384e+06,20621.4
2,26,sync_3,GPU,4.58384e+06,4.58384e+06,0
2,26,sync__set,GPU,4.58384e+06,4.58384e+06,0
2,26,sync__,GPU,4.58384e+06,4.58384e+06,0
2,26,moe_gather,GPU,4.58384e+06,4.58384e+06,0
2,26,sync_for_moe_gather,GPU,4.58384e+06,4.58384e+06,0
2,26,sync__set,GPU,4.58384e+06,4.58384e+06,0
2,26,sync__,GPU,4.58384e+06,4.58384e+06,0
2,26,moe_all_reduce_for_gather,GPU,4.58384e+06,4.60446e+06,20621.4
2,26,sync_5,GPU,4.60446e+06,4.60446e+06,0
2,26,sync__set,GPU,4.60446e+06,4.60446e+06,0
2,26,sync__,GPU,4.60446e+06,4.60446e+06,0
2,26,sync_6,GPU,4.60446e+06,4.60446e+06,0
2,26,sync__set,GPU,4.60446e+06,4.60446e+06,0
2,26,sync__,GPU,4.60446e+06,4.60446e+06,0
2,26,residual_2,GPU,4.60446e+06,4.60472e+06,261.148
2,27,MoE_decoder_27,GPU,4.60472e+06,4.78055e+06,175830
2,27,input_layer_norm,GPU,4.60472e+06,4.60498e+06,261.148
2,27,attention,GPU,4.60498e+06,4.64485e+06,39870
2,27,attn_qkv_proj,GPU,4.60498e+06,4.61133e+06,6347.9
2,27,Linear,GPU,4.60498e+06,4.61133e+06,6347.9
2,27,self_attention,GPU,4.61133e+06,4.61995e+06,8625.91
2,27,AttentionSplit,GPU,4.61133e+06,4.61133e+06,0
2,27,AttentionSum,GPU,4.61133e+06,4.61133e+06,0
2,27,AttentionGen,Logic,4.61133e+06,4.61995e+06,8625.91
2,27,AttentionMerge,GPU,4.61995e+06,4.61995e+06,0
2,27,attn_o_proj,GPU,4.61995e+06,4.62423e+06,4274.79
2,27,Linear,GPU,4.61995e+06,4.62423e+06,4274.79
2,27,all_reduce,GPU,4.62423e+06,4.64485e+06,20621.4
2,27,residual_1,GPU,4.64485e+06,4.64511e+06,261.148
2,27,post_attn_layer_norm,GPU,4.64511e+06,4.64537e+06,261.148
2,27,expertFFN,GPU,4.64537e+06,4.78029e+06,134916
2,27,sync_0,GPU,4.64537e+06,4.64537e+06,0
2,27,sync__set,GPU,4.64537e+06,4.64537e+06,0
2,27,sync__,GPU,4.64537e+06,4.64537e+06,0
2,27,gate_fn,GPU,4.64537e+06,4.64553e+06,160.957
2,27,Linear,GPU,4.64537e+06,4.64553e+06,160.957
2,27,gate_update,GPU,4.64553e+06,4.64553e+06,0
2,27,moe_scatter,GPU,4.64553e+06,4.64553e+06,0
2,27,sync_for_moe_scatter,GPU,4.64553e+06,4.64553e+06,0
2,27,sync__set,GPU,4.64553e+06,4.64553e+06,0
2,27,sync__,GPU,4.64553e+06,4.64553e+06,0
2,27,moe_route,GPU,4.64553e+06,4.64553e+06,0
2,27,expert_FFN_0,GPU,4.64553e+06,4.65637e+06,10840.9
2,27,gate_proj,GPU,4.64553e+06,4.64914e+06,3609.24
2,27,Linear,Logic,4.64553e+06,4.64914e+06,3609.24
2,27,activation,Logic,4.64914e+06,4.64916e+06,13.1829
2,27,up_proj,GPU,4.64916e+06,4.65277e+06,3609.24
2,27,Linear,Logic,4.64916e+06,4.65277e+06,3609.24
2,27,down_proj,GPU,4.65277e+06,4.65637e+06,3609.24
2,27,Linear,Logic,4.65277e+06,4.65637e+06,3609.24
2,27,expert_FFN_1,GPU,4.65637e+06,4.6699e+06,13525.7
2,27,gate_proj,GPU,4.65637e+06,4.66087e+06,4499.77
2,27,Linear,Logic,4.65637e+06,4.66087e+06,4499.77
2,27,activation,Logic,4.66087e+06,4.6609e+06,26.3659
2,27,up_proj,GPU,4.6609e+06,4.6654e+06,4499.77
2,27,Linear,Logic,4.6609e+06,4.6654e+06,4499.77
2,27,down_proj,GPU,4.6654e+06,4.6699e+06,4499.77
2,27,Linear,Logic,4.6654e+06,4.6699e+06,4499.77
2,27,expert_FFN_2,GPU,4.6699e+06,4.68343e+06,13525.7
2,27,gate_proj,GPU,4.6699e+06,4.6744e+06,4499.77
2,27,Linear,Logic,4.6699e+06,4.6744e+06,4499.77
2,27,activation,Logic,4.6744e+06,4.67443e+06,26.3659
2,27,up_proj,GPU,4.67443e+06,4.67893e+06,4499.77
2,27,Linear,Logic,4.67443e+06,4.67893e+06,4499.77
2,27,down_proj,GPU,4.67893e+06,4.68343e+06,4499.77
2,27,Linear,Logic,4.67893e+06,4.68343e+06,4499.77
2,27,expert_FFN_3,GPU,4.68343e+06,4.69428e+06,10849.2
2,27,gate_proj,GPU,4.68343e+06,4.68704e+06,3611.12
2,27,Linear,Logic,4.68343e+06,4.68704e+06,3611.12
2,27,activation,Logic,4.68704e+06,4.68705e+06,15.8195
2,27,up_proj,GPU,4.68705e+06,4.69066e+06,3611.12
2,27,Linear,Logic,4.68705e+06,4.69066e+06,3611.12
2,27,down_proj,GPU,4.69066e+06,4.69428e+06,3611.12
2,27,Linear,Logic,4.69066e+06,4.69428e+06,3611.12
2,27,expert_FFN_4,GPU,4.69428e+06,4.70514e+06,10865.7
2,27,gate_proj,GPU,4.69428e+06,4.69789e+06,3614.89
2,27,Linear,Logic,4.69428e+06,4.69789e+06,3614.89
2,27,activation,Logic,4.69789e+06,4.69791e+06,21.0927
2,27,up_proj,GPU,4.69791e+06,4.70153e+06,3614.89
2,27,Linear,Logic,4.69791e+06,4.70153e+06,3614.89
2,27,down_proj,GPU,4.70153e+06,4.70514e+06,3614.89
2,27,Linear,Logic,4.70153e+06,4.70514e+06,3614.89
2,27,expert_FFN_5,GPU,4.70514e+06,4.71731e+06,12173.1
2,27,gate_proj,GPU,4.70514e+06,4.70919e+06,4049.8
2,27,Linear,Logic,4.70514e+06,4.70919e+06,4049.8
2,27,activation,Logic,4.70919e+06,4.70921e+06,23.7293
2,27,up_proj,GPU,4.70921e+06,4.71326e+06,4049.8
2,27,Linear,Logic,4.70921e+06,4.71326e+06,4049.8
2,27,down_proj,GPU,4.71326e+06,4.71731e+06,4049.8
2,27,Linear,Logic,4.71326e+06,4.71731e+06,4049.8
2,27,expert_FFN_6,GPU,4.71731e+06,4.72818e+06,10865.7
2,27,gate_proj,GPU,4.71731e+06,4.72093e+06,3614.89
2,27,Linear,Logic,4.71731e+06,4.72093e+06,3614.89
2,27,activation,Logic,4.72093e+06,4.72095e+06,21.0927
2,27,up_proj,GPU,4.72095e+06,4.72457e+06,3614.89
2,27,Linear,Logic,4.72095e+06,4.72457e+06,3614.89
2,27,down_proj,GPU,4.72457e+06,4.72818e+06,3614.89
2,27,Linear,Logic,4.72457e+06,4.72818e+06,3614.89
2,27,expert_FFN_7,GPU,4.72818e+06,4.73905e+06,10865.7
2,27,gate_proj,GPU,4.72818e+06,4.7318e+06,3614.89
2,27,Linear,Logic,4.72818e+06,4.7318e+06,3614.89
2,27,activation,Logic,4.7318e+06,4.73182e+06,21.0927
2,27,up_proj,GPU,4.73182e+06,4.73543e+06,3614.89
2,27,Linear,Logic,4.73182e+06,4.73543e+06,3614.89
2,27,down_proj,GPU,4.73543e+06,4.73905e+06,3614.89
2,27,Linear,Logic,4.73543e+06,4.73905e+06,3614.89
2,27,sync_2,GPU,4.73905e+06,4.73905e+06,0
2,27,sync__set,GPU,4.73905e+06,4.73905e+06,0
2,27,sync__,GPU,4.73905e+06,4.73905e+06,0
2,27,moe_all_reduce_for_e_tp,GPU,4.73905e+06,4.75967e+06,20621.4
2,27,sync_3,GPU,4.75967e+06,4.75967e+06,0
2,27,sync__set,GPU,4.75967e+06,4.75967e+06,0
2,27,sync__,GPU,4.75967e+06,4.75967e+06,0
2,27,moe_gather,GPU,4.75967e+06,4.75967e+06,0
2,27,sync_for_moe_gather,GPU,4.75967e+06,4.75967e+06,0
2,27,sync__set,GPU,4.75967e+06,4.75967e+06,0
2,27,sync__,GPU,4.75967e+06,4.75967e+06,0
2,27,moe_all_reduce_for_gather,GPU,4.75967e+06,4.78029e+06,20621.4
2,27,sync_5,GPU,4.78029e+06,4.78029e+06,0
2,27,sync__set,GPU,4.78029e+06,4.78029e+06,0
2,27,sync__,GPU,4.78029e+06,4.78029e+06,0
2,27,sync_6,GPU,4.78029e+06,4.78029e+06,0
2,27,sync__set,GPU,4.78029e+06,4.78029e+06,0
2,27,sync__,GPU,4.78029e+06,4.78029e+06,0
2,27,residual_2,GPU,4.78029e+06,4.78055e+06,261.148
2,28,MoE_decoder_28,GPU,4.78055e+06,4.95504e+06,174486
2,28,input_layer_norm,GPU,4.78055e+06,4.78081e+06,261.148
2,28,attention,GPU,4.78081e+06,4.82068e+06,39870
2,28,attn_qkv_proj,GPU,4.78081e+06,4.78716e+06,6347.9
2,28,Linear,GPU,4.78081e+06,4.78716e+06,6347.9
2,28,self_attention,GPU,4.78716e+06,4.79578e+06,8625.91
2,28,AttentionSplit,GPU,4.78716e+06,4.78716e+06,0
2,28,AttentionSum,GPU,4.78716e+06,4.78716e+06,0
2,28,AttentionGen,Logic,4.78716e+06,4.79578e+06,8625.91
2,28,AttentionMerge,GPU,4.79578e+06,4.79578e+06,0
2,28,attn_o_proj,GPU,4.79578e+06,4.80006e+06,4274.79
2,28,Linear,GPU,4.79578e+06,4.80006e+06,4274.79
2,28,all_reduce,GPU,4.80006e+06,4.82068e+06,20621.4
2,28,residual_1,GPU,4.82068e+06,4.82094e+06,261.148
2,28,post_attn_layer_norm,GPU,4.82094e+06,4.8212e+06,261.148
2,28,expertFFN,GPU,4.8212e+06,4.95477e+06,133571
2,28,sync_0,GPU,4.8212e+06,4.8212e+06,0
2,28,sync__set,GPU,4.8212e+06,4.8212e+06,0
2,28,sync__,GPU,4.8212e+06,4.8212e+06,0
2,28,gate_fn,GPU,4.8212e+06,4.82136e+06,160.957
2,28,Linear,GPU,4.8212e+06,4.82136e+06,160.957
2,28,gate_update,GPU,4.82136e+06,4.82136e+06,0
2,28,moe_scatter,GPU,4.82136e+06,4.82136e+06,0
2,28,sync_for_moe_scatter,GPU,4.82136e+06,4.82136e+06,0
2,28,sync__set,GPU,4.82136e+06,4.82136e+06,0
2,28,sync__,GPU,4.82136e+06,4.82136e+06,0
2,28,moe_route,GPU,4.82136e+06,4.82136e+06,0
2,28,expert_FFN_0,GPU,4.82136e+06,4.83354e+06,12173.1
2,28,gate_proj,GPU,4.82136e+06,4.82541e+06,4049.8
2,28,Linear,Logic,4.82136e+06,4.82541e+06,4049.8
2,28,activation,Logic,4.82541e+06,4.82544e+06,23.7293
2,28,up_proj,GPU,4.82544e+06,4.82949e+06,4049.8
2,28,Linear,Logic,4.82544e+06,4.82949e+06,4049.8
2,28,down_proj,GPU,4.82949e+06,4.83354e+06,4049.8
2,28,Linear,Logic,4.82949e+06,4.83354e+06,4049.8
2,28,expert_FFN_1,GPU,4.83354e+06,4.84706e+06,13525.7
2,28,gate_proj,GPU,4.83354e+06,4.83804e+06,4499.77
2,28,Linear,Logic,4.83354e+06,4.83804e+06,4499.77
2,28,activation,Logic,4.83804e+06,4.83806e+06,26.3659
2,28,up_proj,GPU,4.83806e+06,4.84256e+06,4499.77
2,28,Linear,Logic,4.83806e+06,4.84256e+06,4499.77
2,28,down_proj,GPU,4.84256e+06,4.84706e+06,4499.77
2,28,Linear,Logic,4.84256e+06,4.84706e+06,4499.77
2,28,expert_FFN_2,GPU,4.84706e+06,4.85792e+06,10857.5
2,28,gate_proj,GPU,4.84706e+06,4.85068e+06,3613
2,28,Linear,Logic,4.84706e+06,4.85068e+06,3613
2,28,activation,Logic,4.85068e+06,4.85069e+06,18.4561
2,28,up_proj,GPU,4.85069e+06,4.85431e+06,3613
2,28,Linear,Logic,4.85069e+06,4.85431e+06,3613
2,28,down_proj,GPU,4.85431e+06,4.85792e+06,3613
2,28,Linear,Logic,4.85431e+06,4.85792e+06,3613
2,28,expert_FFN_3,GPU,4.85792e+06,4.86879e+06,10865.7
2,28,gate_proj,GPU,4.85792e+06,4.86154e+06,3614.89
2,28,Linear,Logic,4.85792e+06,4.86154e+06,3614.89
2,28,activation,Logic,4.86154e+06,4.86156e+06,21.0927
2,28,up_proj,GPU,4.86156e+06,4.86517e+06,3614.89
2,28,Linear,Logic,4.86156e+06,4.86517e+06,3614.89
2,28,down_proj,GPU,4.86517e+06,4.86879e+06,3614.89
2,28,Linear,Logic,4.86517e+06,4.86879e+06,3614.89
2,28,expert_FFN_4,GPU,4.86879e+06,4.87965e+06,10865.7
2,28,gate_proj,GPU,4.86879e+06,4.8724e+06,3614.89
2,28,Linear,Logic,4.86879e+06,4.8724e+06,3614.89
2,28,activation,Logic,4.8724e+06,4.87242e+06,21.0927
2,28,up_proj,GPU,4.87242e+06,4.87604e+06,3614.89
2,28,Linear,Logic,4.87242e+06,4.87604e+06,3614.89
2,28,down_proj,GPU,4.87604e+06,4.87965e+06,3614.89
2,28,Linear,Logic,4.87604e+06,4.87965e+06,3614.89
2,28,expert_FFN_5,GPU,4.87965e+06,4.89051e+06,10857.5
2,28,gate_proj,GPU,4.87965e+06,4.88327e+06,3613
2,28,Linear,Logic,4.87965e+06,4.88327e+06,3613
2,28,activation,Logic,4.88327e+06,4.88328e+06,18.4561
2,28,up_proj,GPU,4.88328e+06,4.8869e+06,3613
2,28,Linear,Logic,4.88328e+06,4.8869e+06,3613
2,28,down_proj,GPU,4.8869e+06,4.89051e+06,3613
2,28,Linear,Logic,4.8869e+06,4.89051e+06,3613
2,28,expert_FFN_6,GPU,4.89051e+06,4.90136e+06,10849.2
2,28,gate_proj,GPU,4.89051e+06,4.89412e+06,3611.12
2,28,Linear,Logic,4.89051e+06,4.89412e+06,3611.12
2,28,activation,Logic,4.89412e+06,4.89414e+06,15.8195
2,28,up_proj,GPU,4.89414e+06,4.89775e+06,3611.12
2,28,Linear,Logic,4.89414e+06,4.89775e+06,3611.12
2,28,down_proj,GPU,4.89775e+06,4.90136e+06,3611.12
2,28,Linear,Logic,4.89775e+06,4.90136e+06,3611.12
2,28,expert_FFN_7,GPU,4.90136e+06,4.91353e+06,12173.1
2,28,gate_proj,GPU,4.90136e+06,4.90541e+06,4049.8
2,28,Linear,Logic,4.90136e+06,4.90541e+06,4049.8
2,28,activation,Logic,4.90541e+06,4.90543e+06,23.7293
2,28,up_proj,GPU,4.90543e+06,4.90948e+06,4049.8
2,28,Linear,Logic,4.90543e+06,4.90948e+06,4049.8
2,28,down_proj,GPU,4.90948e+06,4.91353e+06,4049.8
2,28,Linear,Logic,4.90948e+06,4.91353e+06,4049.8
2,28,sync_2,GPU,4.91353e+06,4.91353e+06,0
2,28,sync__set,GPU,4.91353e+06,4.91353e+06,0
2,28,sync__,GPU,4.91353e+06,4.91353e+06,0
2,28,moe_all_reduce_for_e_tp,GPU,4.91353e+06,4.93415e+06,20621.4
2,28,sync_3,GPU,4.93415e+06,4.93415e+06,0
2,28,sync__set,GPU,4.93415e+06,4.93415e+06,0
2,28,sync__,GPU,4.93415e+06,4.93415e+06,0
2,28,moe_gather,GPU,4.93415e+06,4.93415e+06,0
2,28,sync_for_moe_gather,GPU,4.93415e+06,4.93415e+06,0
2,28,sync__set,GPU,4.93415e+06,4.93415e+06,0
2,28,sync__,GPU,4.93415e+06,4.93415e+06,0
2,28,moe_all_reduce_for_gather,GPU,4.93415e+06,4.95477e+06,20621.4
2,28,sync_5,GPU,4.95477e+06,4.95477e+06,0
2,28,sync__set,GPU,4.95477e+06,4.95477e+06,0
2,28,sync__,GPU,4.95477e+06,4.95477e+06,0
2,28,sync_6,GPU,4.95477e+06,4.95477e+06,0
2,28,sync__set,GPU,4.95477e+06,4.95477e+06,0
2,28,sync__,GPU,4.95477e+06,4.95477e+06,0
2,28,residual_2,GPU,4.95477e+06,4.95504e+06,261.148
2,29,MoE_decoder_29,GPU,4.95504e+06,5.12448e+06,169443
2,29,input_layer_norm,GPU,4.95504e+06,4.9553e+06,261.148
2,29,attention,GPU,4.9553e+06,4.99517e+06,39870
2,29,attn_qkv_proj,GPU,4.9553e+06,4.96164e+06,6347.9
2,29,Linear,GPU,4.9553e+06,4.96164e+06,6347.9
2,29,self_attention,GPU,4.96164e+06,4.97027e+06,8625.91
2,29,AttentionSplit,GPU,4.96164e+06,4.96164e+06,0
2,29,AttentionSum,GPU,4.96164e+06,4.96164e+06,0
2,29,AttentionGen,Logic,4.96164e+06,4.97027e+06,8625.91
2,29,AttentionMerge,GPU,4.97027e+06,4.97027e+06,0
2,29,attn_o_proj,GPU,4.97027e+06,4.97455e+06,4274.79
2,29,Linear,GPU,4.97027e+06,4.97455e+06,4274.79
2,29,all_reduce,GPU,4.97455e+06,4.99517e+06,20621.4
2,29,residual_1,GPU,4.99517e+06,4.99543e+06,261.148
2,29,post_attn_layer_norm,GPU,4.99543e+06,4.99569e+06,261.148
2,29,expertFFN,GPU,4.99569e+06,5.12422e+06,128529
2,29,sync_0,GPU,4.99569e+06,4.99569e+06,0
2,29,sync__set,GPU,4.99569e+06,4.99569e+06,0
2,29,sync__,GPU,4.99569e+06,4.99569e+06,0
2,29,gate_fn,GPU,4.99569e+06,4.99585e+06,160.957
2,29,Linear,GPU,4.99569e+06,4.99585e+06,160.957
2,29,gate_update,GPU,4.99585e+06,4.99585e+06,0
2,29,moe_scatter,GPU,4.99585e+06,4.99585e+06,0
2,29,sync_for_moe_scatter,GPU,4.99585e+06,4.99585e+06,0
2,29,sync__set,GPU,4.99585e+06,4.99585e+06,0
2,29,sync__,GPU,4.99585e+06,4.99585e+06,0
2,29,moe_route,GPU,4.99585e+06,4.99585e+06,0
2,29,expert_FFN_0,GPU,4.99585e+06,5.00672e+06,10865.7
2,29,gate_proj,GPU,4.99585e+06,4.99947e+06,3614.89
2,29,Linear,Logic,4.99585e+06,4.99947e+06,3614.89
2,29,activation,Logic,4.99947e+06,4.99949e+06,21.0927
2,29,up_proj,GPU,4.99949e+06,5.0031e+06,3614.89
2,29,Linear,Logic,4.99949e+06,5.0031e+06,3614.89
2,29,down_proj,GPU,5.0031e+06,5.00672e+06,3614.89
2,29,Linear,Logic,5.0031e+06,5.00672e+06,3614.89
2,29,expert_FFN_1,GPU,5.00672e+06,5.01757e+06,10849.2
2,29,gate_proj,GPU,5.00672e+06,5.01033e+06,3611.12
2,29,Linear,Logic,5.00672e+06,5.01033e+06,3611.12
2,29,activation,Logic,5.01033e+06,5.01034e+06,15.8195
2,29,up_proj,GPU,5.01034e+06,5.01395e+06,3611.12
2,29,Linear,Logic,5.01034e+06,5.01395e+06,3611.12
2,29,down_proj,GPU,5.01395e+06,5.01757e+06,3611.12
2,29,Linear,Logic,5.01395e+06,5.01757e+06,3611.12
2,29,expert_FFN_2,GPU,4.99585e+06,5.03945e+06,43595.6
2,29,gate_proj,GPU,4.99585e+06,5.01034e+06,14489.7
2,29,Linear,GPU,4.99585e+06,5.01034e+06,14489.7
2,29,activation,GPU,5.01034e+06,5.01047e+06,126.556
2,29,up_proj,GPU,5.01047e+06,5.02496e+06,14489.7
2,29,Linear,GPU,5.01047e+06,5.02496e+06,14489.7
2,29,down_proj,GPU,5.02496e+06,5.03945e+06,14489.7
2,29,Linear,GPU,5.02496e+06,5.03945e+06,14489.7
2,29,expert_FFN_3,GPU,5.03945e+06,5.08298e+06,43529.3
2,29,gate_proj,GPU,5.03945e+06,5.05392e+06,14474.6
2,29,Linear,GPU,5.03945e+06,5.05392e+06,14474.6
2,29,activation,GPU,5.05392e+06,5.05403e+06,105.463
2,29,up_proj,GPU,5.05403e+06,5.0685e+06,14474.6
2,29,Linear,GPU,5.05403e+06,5.0685e+06,14474.6
2,29,down_proj,GPU,5.0685e+06,5.08298e+06,14474.6
2,29,Linear,GPU,5.0685e+06,5.08298e+06,14474.6
2,29,expert_FFN_4,GPU,5.01757e+06,5.02841e+06,10849.2
2,29,gate_proj,GPU,5.01757e+06,5.02118e+06,3611.12
2,29,Linear,Logic,5.01757e+06,5.02118e+06,3611.12
2,29,activation,Logic,5.02118e+06,5.02119e+06,15.8195
2,29,up_proj,GPU,5.02119e+06,5.0248e+06,3611.12
2,29,Linear,Logic,5.02119e+06,5.0248e+06,3611.12
2,29,down_proj,GPU,5.0248e+06,5.02841e+06,3611.12
2,29,Linear,Logic,5.0248e+06,5.02841e+06,3611.12
2,29,expert_FFN_5,GPU,5.02841e+06,5.03928e+06,10865.7
2,29,gate_proj,GPU,5.02841e+06,5.03203e+06,3614.89
2,29,Linear,Logic,5.02841e+06,5.03203e+06,3614.89
2,29,activation,Logic,5.03203e+06,5.03205e+06,21.0927
2,29,up_proj,GPU,5.03205e+06,5.03567e+06,3614.89
2,29,Linear,Logic,5.03205e+06,5.03567e+06,3614.89
2,29,down_proj,GPU,5.03567e+06,5.03928e+06,3614.89
2,29,Linear,Logic,5.03567e+06,5.03928e+06,3614.89
2,29,expert_FFN_6,GPU,5.03928e+06,5.05014e+06,10857.5
2,29,gate_proj,GPU,5.03928e+06,5.04289e+06,3613
2,29,Linear,Logic,5.03928e+06,5.04289e+06,3613
2,29,activation,Logic,5.04289e+06,5.04291e+06,18.4561
2,29,up_proj,GPU,5.04291e+06,5.04652e+06,3613
2,29,Linear,Logic,5.04291e+06,5.04652e+06,3613
2,29,down_proj,GPU,5.04652e+06,5.05014e+06,3613
2,29,Linear,Logic,5.04652e+06,5.05014e+06,3613
2,29,expert_FFN_7,GPU,5.05014e+06,5.061e+06,10857.5
2,29,gate_proj,GPU,5.05014e+06,5.05375e+06,3613
2,29,Linear,Logic,5.05014e+06,5.05375e+06,3613
2,29,activation,Logic,5.05375e+06,5.05377e+06,18.4561
2,29,up_proj,GPU,5.05377e+06,5.05738e+06,3613
2,29,Linear,Logic,5.05377e+06,5.05738e+06,3613
2,29,down_proj,GPU,5.05738e+06,5.061e+06,3613
2,29,Linear,Logic,5.05738e+06,5.061e+06,3613
2,29,sync_2,GPU,5.08298e+06,5.08298e+06,0
2,29,sync__set,GPU,5.08298e+06,5.08298e+06,0
2,29,sync__,GPU,5.08298e+06,5.08298e+06,0
2,29,moe_all_reduce_for_e_tp,GPU,5.08298e+06,5.1036e+06,20621.4
2,29,sync_3,GPU,5.1036e+06,5.1036e+06,0
2,29,sync__set,GPU,5.1036e+06,5.1036e+06,0
2,29,sync__,GPU,5.1036e+06,5.1036e+06,0
2,29,moe_gather,GPU,5.1036e+06,5.1036e+06,0
2,29,sync_for_moe_gather,GPU,5.1036e+06,5.1036e+06,0
2,29,sync__set,GPU,5.1036e+06,5.1036e+06,0
2,29,sync__,GPU,5.1036e+06,5.1036e+06,0
2,29,moe_all_reduce_for_gather,GPU,5.1036e+06,5.12422e+06,20621.4
2,29,sync_5,GPU,5.12422e+06,5.12422e+06,0
2,29,sync__set,GPU,5.12422e+06,5.12422e+06,0
2,29,sync__,GPU,5.12422e+06,5.12422e+06,0
2,29,sync_6,GPU,5.12422e+06,5.12422e+06,0
2,29,sync__set,GPU,5.12422e+06,5.12422e+06,0
2,29,sync__,GPU,5.12422e+06,5.12422e+06,0
2,29,residual_2,GPU,5.12422e+06,5.12448e+06,261.148
2,30,MoE_decoder_30,GPU,5.12448e+06,5.29379e+06,169311
2,30,input_layer_norm,GPU,5.12448e+06,5.12474e+06,261.148
2,30,attention,GPU,5.12474e+06,5.16461e+06,39870
2,30,attn_qkv_proj,GPU,5.12474e+06,5.13109e+06,6347.9
2,30,Linear,GPU,5.12474e+06,5.13109e+06,6347.9
2,30,self_attention,GPU,5.13109e+06,5.13971e+06,8625.91
2,30,AttentionSplit,GPU,5.13109e+06,5.13109e+06,0
2,30,AttentionSum,GPU,5.13109e+06,5.13109e+06,0
2,30,AttentionGen,Logic,5.13109e+06,5.13971e+06,8625.91
2,30,AttentionMerge,GPU,5.13971e+06,5.13971e+06,0
2,30,attn_o_proj,GPU,5.13971e+06,5.14399e+06,4274.79
2,30,Linear,GPU,5.13971e+06,5.14399e+06,4274.79
2,30,all_reduce,GPU,5.14399e+06,5.16461e+06,20621.4
2,30,residual_1,GPU,5.16461e+06,5.16487e+06,261.148
2,30,post_attn_layer_norm,GPU,5.16487e+06,5.16513e+06,261.148
2,30,expertFFN,GPU,5.16513e+06,5.29353e+06,128396
2,30,sync_0,GPU,5.16513e+06,5.16513e+06,0
2,30,sync__set,GPU,5.16513e+06,5.16513e+06,0
2,30,sync__,GPU,5.16513e+06,5.16513e+06,0
2,30,gate_fn,GPU,5.16513e+06,5.16529e+06,160.957
2,30,Linear,GPU,5.16513e+06,5.16529e+06,160.957
2,30,gate_update,GPU,5.16529e+06,5.16529e+06,0
2,30,moe_scatter,GPU,5.16529e+06,5.16529e+06,0
2,30,sync_for_moe_scatter,GPU,5.16529e+06,5.16529e+06,0
2,30,sync__set,GPU,5.16529e+06,5.16529e+06,0
2,30,sync__,GPU,5.16529e+06,5.16529e+06,0
2,30,moe_route,GPU,5.16529e+06,5.16529e+06,0
2,30,expert_FFN_0,GPU,5.16529e+06,5.20889e+06,43595.6
2,30,gate_proj,GPU,5.16529e+06,5.17978e+06,14489.7
2,30,Linear,GPU,5.16529e+06,5.17978e+06,14489.7
2,30,activation,GPU,5.17978e+06,5.17991e+06,126.556
2,30,up_proj,GPU,5.17991e+06,5.1944e+06,14489.7
2,30,Linear,GPU,5.17991e+06,5.1944e+06,14489.7
2,30,down_proj,GPU,5.1944e+06,5.20889e+06,14489.7
2,30,Linear,GPU,5.1944e+06,5.20889e+06,14489.7
2,30,expert_FFN_1,GPU,5.20889e+06,5.25229e+06,43396.7
2,30,gate_proj,GPU,5.20889e+06,5.22333e+06,14444.5
2,30,Linear,GPU,5.20889e+06,5.22333e+06,14444.5
2,30,activation,GPU,5.22333e+06,5.2234e+06,63.2781
2,30,up_proj,GPU,5.2234e+06,5.23784e+06,14444.5
2,30,Linear,GPU,5.2234e+06,5.23784e+06,14444.5
2,30,down_proj,GPU,5.23784e+06,5.25229e+06,14444.5
2,30,Linear,GPU,5.23784e+06,5.25229e+06,14444.5
2,30,expert_FFN_2,GPU,5.16529e+06,5.17613e+06,10840.9
2,30,gate_proj,GPU,5.16529e+06,5.1689e+06,3609.24
2,30,Linear,Logic,5.16529e+06,5.1689e+06,3609.24
2,30,activation,Logic,5.1689e+06,5.16892e+06,13.1829
2,30,up_proj,GPU,5.16892e+06,5.17253e+06,3609.24
2,30,Linear,Logic,5.16892e+06,5.17253e+06,3609.24
2,30,down_proj,GPU,5.17253e+06,5.17613e+06,3609.24
2,30,Linear,Logic,5.17253e+06,5.17613e+06,3609.24
2,30,expert_FFN_3,GPU,5.17613e+06,5.18699e+06,10857.5
2,30,gate_proj,GPU,5.17613e+06,5.17975e+06,3613
2,30,Linear,Logic,5.17613e+06,5.17975e+06,3613
2,30,activation,Logic,5.17975e+06,5.17977e+06,18.4561
2,30,up_proj,GPU,5.17977e+06,5.18338e+06,3613
2,30,Linear,Logic,5.17977e+06,5.18338e+06,3613
2,30,down_proj,GPU,5.18338e+06,5.18699e+06,3613
2,30,Linear,Logic,5.18338e+06,5.18699e+06,3613
2,30,expert_FFN_4,GPU,5.18699e+06,5.19785e+06,10857.5
2,30,gate_proj,GPU,5.18699e+06,5.19061e+06,3613
2,30,Linear,Logic,5.18699e+06,5.19061e+06,3613
2,30,activation,Logic,5.19061e+06,5.19062e+06,18.4561
2,30,up_proj,GPU,5.19062e+06,5.19424e+06,3613
2,30,Linear,Logic,5.19062e+06,5.19424e+06,3613
2,30,down_proj,GPU,5.19424e+06,5.19785e+06,3613
2,30,Linear,Logic,5.19424e+06,5.19785e+06,3613
2,30,expert_FFN_5,GPU,5.19785e+06,5.21002e+06,12173.1
2,30,gate_proj,GPU,5.19785e+06,5.2019e+06,4049.8
2,30,Linear,Logic,5.19785e+06,5.2019e+06,4049.8
2,30,activation,Logic,5.2019e+06,5.20192e+06,23.7293
2,30,up_proj,GPU,5.20192e+06,5.20597e+06,4049.8
2,30,Linear,Logic,5.20192e+06,5.20597e+06,4049.8
2,30,down_proj,GPU,5.20597e+06,5.21002e+06,4049.8
2,30,Linear,Logic,5.20597e+06,5.21002e+06,4049.8
2,30,expert_FFN_6,GPU,5.21002e+06,5.22088e+06,10857.5
2,30,gate_proj,GPU,5.21002e+06,5.21364e+06,3613
2,30,Linear,Logic,5.21002e+06,5.21364e+06,3613
2,30,activation,Logic,5.21364e+06,5.21365e+06,18.4561
2,30,up_proj,GPU,5.21365e+06,5.21727e+06,3613
2,30,Linear,Logic,5.21365e+06,5.21727e+06,3613
2,30,down_proj,GPU,5.21727e+06,5.22088e+06,3613
2,30,Linear,Logic,5.21727e+06,5.22088e+06,3613
2,30,expert_FFN_7,GPU,5.22088e+06,5.23576e+06,14878.3
2,30,gate_proj,GPU,5.22088e+06,5.22583e+06,4949.75
2,30,Linear,Logic,5.22088e+06,5.22583e+06,4949.75
2,30,activation,Logic,5.22583e+06,5.22586e+06,29.0025
2,30,up_proj,GPU,5.22586e+06,5.23081e+06,4949.75
2,30,Linear,Logic,5.22586e+06,5.23081e+06,4949.75
2,30,down_proj,GPU,5.23081e+06,5.23576e+06,4949.75
2,30,Linear,Logic,5.23081e+06,5.23576e+06,4949.75
2,30,sync_2,GPU,5.25229e+06,5.25229e+06,0
2,30,sync__set,GPU,5.25229e+06,5.25229e+06,0
2,30,sync__,GPU,5.25229e+06,5.25229e+06,0
2,30,moe_all_reduce_for_e_tp,GPU,5.25229e+06,5.27291e+06,20621.4
2,30,sync_3,GPU,5.27291e+06,5.27291e+06,0
2,30,sync__set,GPU,5.27291e+06,5.27291e+06,0
2,30,sync__,GPU,5.27291e+06,5.27291e+06,0
2,30,moe_gather,GPU,5.27291e+06,5.27291e+06,0
2,30,sync_for_moe_gather,GPU,5.27291e+06,5.27291e+06,0
2,30,sync__set,GPU,5.27291e+06,5.27291e+06,0
2,30,sync__,GPU,5.27291e+06,5.27291e+06,0
2,30,moe_all_reduce_for_gather,GPU,5.27291e+06,5.29353e+06,20621.4
2,30,sync_5,GPU,5.29353e+06,5.29353e+06,0
2,30,sync__set,GPU,5.29353e+06,5.29353e+06,0
2,30,sync__,GPU,5.29353e+06,5.29353e+06,0
2,30,sync_6,GPU,5.29353e+06,5.29353e+06,0
2,30,sync__set,GPU,5.29353e+06,5.29353e+06,0
2,30,sync__,GPU,5.29353e+06,5.29353e+06,0
2,30,residual_2,GPU,5.29353e+06,5.29379e+06,261.148
2,31,MoE_decoder_31,GPU,5.29379e+06,5.4631e+06,169311
2,31,input_layer_norm,GPU,5.29379e+06,5.29405e+06,261.148
2,31,attention,GPU,5.29405e+06,5.33392e+06,39870
2,31,attn_qkv_proj,GPU,5.29405e+06,5.3004e+06,6347.9
2,31,Linear,GPU,5.29405e+06,5.3004e+06,6347.9
2,31,self_attention,GPU,5.3004e+06,5.30902e+06,8625.91
2,31,AttentionSplit,GPU,5.3004e+06,5.3004e+06,0
2,31,AttentionSum,GPU,5.3004e+06,5.3004e+06,0
2,31,AttentionGen,Logic,5.3004e+06,5.30902e+06,8625.91
2,31,AttentionMerge,GPU,5.30902e+06,5.30902e+06,0
2,31,attn_o_proj,GPU,5.30902e+06,5.3133e+06,4274.79
2,31,Linear,GPU,5.30902e+06,5.3133e+06,4274.79
2,31,all_reduce,GPU,5.3133e+06,5.33392e+06,20621.4
2,31,residual_1,GPU,5.33392e+06,5.33418e+06,261.148
2,31,post_attn_layer_norm,GPU,5.33418e+06,5.33444e+06,261.148
2,31,expertFFN,GPU,5.33444e+06,5.46284e+06,128396
2,31,sync_0,GPU,5.33444e+06,5.33444e+06,0
2,31,sync__set,GPU,5.33444e+06,5.33444e+06,0
2,31,sync__,GPU,5.33444e+06,5.33444e+06,0
2,31,gate_fn,GPU,5.33444e+06,5.3346e+06,160.957
2,31,Linear,GPU,5.33444e+06,5.3346e+06,160.957
2,31,gate_update,GPU,5.3346e+06,5.3346e+06,0
2,31,moe_scatter,GPU,5.3346e+06,5.3346e+06,0
2,31,sync_for_moe_scatter,GPU,5.3346e+06,5.3346e+06,0
2,31,sync__set,GPU,5.3346e+06,5.3346e+06,0
2,31,sync__,GPU,5.3346e+06,5.3346e+06,0
2,31,moe_route,GPU,5.3346e+06,5.3346e+06,0
2,31,expert_FFN_0,GPU,5.3346e+06,5.34546e+06,10857.5
2,31,gate_proj,GPU,5.3346e+06,5.33822e+06,3613
2,31,Linear,Logic,5.3346e+06,5.33822e+06,3613
2,31,activation,Logic,5.33822e+06,5.33824e+06,18.4561
2,31,up_proj,GPU,5.33824e+06,5.34185e+06,3613
2,31,Linear,Logic,5.33824e+06,5.34185e+06,3613
2,31,down_proj,GPU,5.34185e+06,5.34546e+06,3613
2,31,Linear,Logic,5.34185e+06,5.34546e+06,3613
2,31,expert_FFN_1,GPU,5.34546e+06,5.35763e+06,12173.1
2,31,gate_proj,GPU,5.34546e+06,5.34951e+06,4049.8
2,31,Linear,Logic,5.34546e+06,5.34951e+06,4049.8
2,31,activation,Logic,5.34951e+06,5.34954e+06,23.7293
2,31,up_proj,GPU,5.34954e+06,5.35359e+06,4049.8
2,31,Linear,Logic,5.34954e+06,5.35359e+06,4049.8
2,31,down_proj,GPU,5.35359e+06,5.35763e+06,4049.8
2,31,Linear,Logic,5.35359e+06,5.35763e+06,4049.8
2,31,expert_FFN_2,GPU,5.35763e+06,5.36848e+06,10849.2
2,31,gate_proj,GPU,5.35763e+06,5.36125e+06,3611.12
2,31,Linear,Logic,5.35763e+06,5.36125e+06,3611.12
2,31,activation,Logic,5.36125e+06,5.36126e+06,15.8195
2,31,up_proj,GPU,5.36126e+06,5.36487e+06,3611.12
2,31,Linear,Logic,5.36126e+06,5.36487e+06,3611.12
2,31,down_proj,GPU,5.36487e+06,5.36848e+06,3611.12
2,31,Linear,Logic,5.36487e+06,5.36848e+06,3611.12
2,31,expert_FFN_3,GPU,5.36848e+06,5.37933e+06,10849.2
2,31,gate_proj,GPU,5.36848e+06,5.3721e+06,3611.12
2,31,Linear,Logic,5.36848e+06,5.3721e+06,3611.12
2,31,activation,Logic,5.3721e+06,5.37211e+06,15.8195
2,31,up_proj,GPU,5.37211e+06,5.37572e+06,3611.12
2,31,Linear,Logic,5.37211e+06,5.37572e+06,3611.12
2,31,down_proj,GPU,5.37572e+06,5.37933e+06,3611.12
2,31,Linear,Logic,5.37572e+06,5.37933e+06,3611.12
2,31,expert_FFN_4,GPU,5.3346e+06,5.3782e+06,43595.6
2,31,gate_proj,GPU,5.3346e+06,5.34909e+06,14489.7
2,31,Linear,GPU,5.3346e+06,5.34909e+06,14489.7
2,31,activation,GPU,5.34909e+06,5.34922e+06,126.556
2,31,up_proj,GPU,5.34922e+06,5.36371e+06,14489.7
2,31,Linear,GPU,5.34922e+06,5.36371e+06,14489.7
2,31,down_proj,GPU,5.36371e+06,5.3782e+06,14489.7
2,31,Linear,GPU,5.36371e+06,5.3782e+06,14489.7
2,31,expert_FFN_5,GPU,5.3782e+06,5.4216e+06,43396.7
2,31,gate_proj,GPU,5.3782e+06,5.39264e+06,14444.5
2,31,Linear,GPU,5.3782e+06,5.39264e+06,14444.5
2,31,activation,GPU,5.39264e+06,5.39271e+06,63.2781
2,31,up_proj,GPU,5.39271e+06,5.40715e+06,14444.5
2,31,Linear,GPU,5.39271e+06,5.40715e+06,14444.5
2,31,down_proj,GPU,5.40715e+06,5.4216e+06,14444.5
2,31,Linear,GPU,5.40715e+06,5.4216e+06,14444.5
2,31,expert_FFN_6,GPU,5.37933e+06,5.39019e+06,10857.5
2,31,gate_proj,GPU,5.37933e+06,5.38295e+06,3613
2,31,Linear,Logic,5.37933e+06,5.38295e+06,3613
2,31,activation,Logic,5.38295e+06,5.38296e+06,18.4561
2,31,up_proj,GPU,5.38296e+06,5.38658e+06,3613
2,31,Linear,Logic,5.38296e+06,5.38658e+06,3613
2,31,down_proj,GPU,5.38658e+06,5.39019e+06,3613
2,31,Linear,Logic,5.38658e+06,5.39019e+06,3613
2,31,expert_FFN_7,GPU,5.39019e+06,5.40507e+06,14878.3
2,31,gate_proj,GPU,5.39019e+06,5.39514e+06,4949.75
2,31,Linear,Logic,5.39019e+06,5.39514e+06,4949.75
2,31,activation,Logic,5.39514e+06,5.39517e+06,29.0025
2,31,up_proj,GPU,5.39517e+06,5.40012e+06,4949.75
2,31,Linear,Logic,5.39517e+06,5.40012e+06,4949.75
2,31,down_proj,GPU,5.40012e+06,5.40507e+06,4949.75
2,31,Linear,Logic,5.40012e+06,5.40507e+06,4949.75
2,31,sync_2,GPU,5.4216e+06,5.4216e+06,0
2,31,sync__set,GPU,5.4216e+06,5.4216e+06,0
2,31,sync__,GPU,5.4216e+06,5.4216e+06,0
2,31,moe_all_reduce_for_e_tp,GPU,5.4216e+06,5.44222e+06,20621.4
2,31,sync_3,GPU,5.44222e+06,5.44222e+06,0
2,31,sync__set,GPU,5.44222e+06,5.44222e+06,0
2,31,sync__,GPU,5.44222e+06,5.44222e+06,0
2,31,moe_gather,GPU,5.44222e+06,5.44222e+06,0
2,31,sync_for_moe_gather,GPU,5.44222e+06,5.44222e+06,0
2,31,sync__set,GPU,5.44222e+06,5.44222e+06,0
2,31,sync__,GPU,5.44222e+06,5.44222e+06,0
2,31,moe_all_reduce_for_gather,GPU,5.44222e+06,5.46284e+06,20621.4
2,31,sync_5,GPU,5.46284e+06,5.46284e+06,0
2,31,sync__set,GPU,5.46284e+06,5.46284e+06,0
2,31,sync__,GPU,5.46284e+06,5.46284e+06,0
2,31,sync_6,GPU,5.46284e+06,5.46284e+06,0
2,31,sync__set,GPU,5.46284e+06,5.46284e+06,0
2,31,sync__,GPU,5.46284e+06,5.46284e+06,0
2,31,residual_2,GPU,5.46284e+06,5.4631e+06,261.148
3,0,MoE_decoder_0,GPU,0,169410,169410
3,0,input_layer_norm,GPU,0,261.148,261.148
3,0,attention,GPU,261.148,40131.2,39870
3,0,attn_qkv_proj,GPU,261.148,6609.04,6347.9
3,0,Linear,GPU,261.148,6609.04,6347.9
3,0,self_attention,GPU,6609.04,15235,8625.91
3,0,AttentionSplit,GPU,6609.04,6609.04,0
3,0,AttentionSum,GPU,6609.04,6609.04,0
3,0,AttentionGen,Logic,6609.04,15235,8625.91
3,0,AttentionMerge,GPU,15235,15235,0
3,0,attn_o_proj,GPU,15235,19509.7,4274.79
3,0,Linear,GPU,15235,19509.7,4274.79
3,0,all_reduce,GPU,19509.7,40131.2,20621.4
3,0,residual_1,GPU,40131.2,40392.3,261.148
3,0,post_attn_layer_norm,GPU,40392.3,40653.5,261.148
3,0,expertFFN,GPU,40653.5,169149,128496
3,0,sync_0,GPU,40653.5,40653.5,0
3,0,sync__set,GPU,40653.5,40653.5,0
3,0,sync__,GPU,40653.5,40653.5,0
3,0,gate_fn,GPU,40653.5,40814.4,160.957
3,0,Linear,GPU,40653.5,40814.4,160.957
3,0,gate_update,GPU,40814.4,40814.4,0
3,0,moe_scatter,GPU,40814.4,40814.4,0
3,0,sync_for_moe_scatter,GPU,40814.4,40814.4,0
3,0,sync__set,GPU,40814.4,40814.4,0
3,0,sync__,GPU,40814.4,40814.4,0
3,0,moe_route,GPU,40814.4,40814.4,0
3,0,expert_FFN_0,GPU,40814.4,52987.5,12173.1
3,0,gate_proj,GPU,40814.4,44864.2,4049.8
3,0,Linear,Logic,40814.4,44864.2,4049.8
3,0,activation,Logic,44864.2,44888,23.7293
3,0,up_proj,GPU,44888,48937.8,4049.8
3,0,Linear,Logic,44888,48937.8,4049.8
3,0,down_proj,GPU,48937.8,52987.5,4049.8
3,0,Linear,Logic,48937.8,52987.5,4049.8
3,0,expert_FFN_1,GPU,52987.5,63828.4,10840.9
3,0,gate_proj,GPU,52987.5,56596.8,3609.24
3,0,Linear,Logic,52987.5,56596.8,3609.24
3,0,activation,Logic,56596.8,56610,13.1829
3,0,up_proj,GPU,56610,60219.2,3609.24
3,0,Linear,Logic,56610,60219.2,3609.24
3,0,down_proj,GPU,60219.2,63828.4,3609.24
3,0,Linear,Logic,60219.2,63828.4,3609.24
3,0,expert_FFN_2,GPU,63828.4,74685.9,10857.5
3,0,gate_proj,GPU,63828.4,67441.4,3613
3,0,Linear,Logic,63828.4,67441.4,3613
3,0,activation,Logic,67441.4,67459.9,18.4561
3,0,up_proj,GPU,67459.9,71072.9,3613
3,0,Linear,Logic,67459.9,71072.9,3613
3,0,down_proj,GPU,71072.9,74685.9,3613
3,0,Linear,Logic,71072.9,74685.9,3613
3,0,expert_FFN_3,GPU,74685.9,90916.7,16230.8
3,0,gate_proj,GPU,74685.9,80085.6,5399.73
3,0,Linear,Logic,74685.9,80085.6,5399.73
3,0,activation,Logic,80085.6,80117.3,31.639
3,0,up_proj,GPU,80117.3,85517,5399.73
3,0,Linear,Logic,80117.3,85517,5399.73
3,0,down_proj,GPU,85517,90916.7,5399.73
3,0,Linear,Logic,85517,90916.7,5399.73
3,0,expert_FFN_4,GPU,90916.7,101758,10840.9
3,0,gate_proj,GPU,90916.7,94526,3609.24
3,0,Linear,Logic,90916.7,94526,3609.24
3,0,activation,Logic,94526,94539.1,13.1829
3,0,up_proj,GPU,94539.1,98148.4,3609.24
3,0,Linear,Logic,94539.1,98148.4,3609.24
3,0,down_proj,GPU,98148.4,101758,3609.24
3,0,Linear,Logic,98148.4,101758,3609.24
3,0,expert_FFN_5,GPU,101758,112599,10840.9
3,0,gate_proj,GPU,101758,105367,3609.24
3,0,Linear,Logic,101758,105367,3609.24
3,0,activation,Logic,105367,105380,13.1829
3,0,up_proj,GPU,105380,108989,3609.24
3,0,Linear,Logic,105380,108989,3609.24
3,0,down_proj,GPU,108989,112599,3609.24
3,0,Linear,Logic,108989,112599,3609.24
3,0,expert_FFN_6,GPU,40814.4,84343.7,43529.3
3,0,gate_proj,GPU,40814.4,55289,14474.6
3,0,Linear,GPU,40814.4,55289,14474.6
3,0,activation,GPU,55289,55394.5,105.463
3,0,up_proj,GPU,55394.5,69869.1,14474.6
3,0,Linear,GPU,55394.5,69869.1,14474.6
3,0,down_proj,GPU,69869.1,84343.7,14474.6
3,0,Linear,GPU,69869.1,84343.7,14474.6
3,0,expert_FFN_7,GPU,84343.7,127906,43562.4
3,0,gate_proj,GPU,84343.7,98825.9,14482.1
3,0,Linear,GPU,84343.7,98825.9,14482.1
3,0,activation,GPU,98825.9,98941.9,116.01
3,0,up_proj,GPU,98941.9,113424,14482.1
3,0,Linear,GPU,98941.9,113424,14482.1
3,0,down_proj,GPU,113424,127906,14482.1
3,0,Linear,GPU,113424,127906,14482.1
3,0,sync_2,GPU,127906,127906,0
3,0,sync__set,GPU,127906,127906,0
3,0,sync__,GPU,127906,127906,0
3,0,moe_all_reduce_for_e_tp,GPU,127906,148528,20621.4
3,0,sync_3,GPU,148528,148528,0
3,0,sync__set,GPU,148528,148528,0
3,0,sync__,GPU,148528,148528,0
3,0,moe_gather,GPU,148528,148528,0
3,0,sync_for_moe_gather,GPU,148528,148528,0
3,0,sync__set,GPU,148528,148528,0
3,0,sync__,GPU,148528,148528,0
3,0,moe_all_reduce_for_gather,GPU,148528,169149,20621.4
3,0,sync_5,GPU,169149,169149,0
3,0,sync__set,GPU,169149,169149,0
3,0,sync__,GPU,169149,169149,0
3,0,sync_6,GPU,169149,169149,0
3,0,sync__set,GPU,169149,169149,0
3,0,sync__,GPU,169149,169149,0
3,0,residual_2,GPU,169149,169410,261.148
3,1,MoE_decoder_1,GPU,169410,338754,169344
3,1,input_layer_norm,GPU,169410,169671,261.148
3,1,attention,GPU,169671,209541,39870
3,1,attn_qkv_proj,GPU,169671,176019,6347.9
3,1,Linear,GPU,169671,176019,6347.9
3,1,self_attention,GPU,176019,184645,8625.91
3,1,AttentionSplit,GPU,176019,176019,0
3,1,AttentionSum,GPU,176019,176019,0
3,1,AttentionGen,Logic,176019,184645,8625.91
3,1,AttentionMerge,GPU,184645,184645,0
3,1,attn_o_proj,GPU,184645,188920,4274.79
3,1,Linear,GPU,184645,188920,4274.79
3,1,all_reduce,GPU,188920,209541,20621.4
3,1,residual_1,GPU,209541,209803,261.148
3,1,post_attn_layer_norm,GPU,209803,210064,261.148
3,1,expertFFN,GPU,210064,338493,128429
3,1,sync_0,GPU,210064,210064,0
3,1,sync__set,GPU,210064,210064,0
3,1,sync__,GPU,210064,210064,0
3,1,gate_fn,GPU,210064,210225,160.957
3,1,Linear,GPU,210064,210225,160.957
3,1,gate_update,GPU,210225,210225,0
3,1,moe_scatter,GPU,210225,210225,0
3,1,sync_for_moe_scatter,GPU,210225,210225,0
3,1,sync__set,GPU,210225,210225,0
3,1,sync__,GPU,210225,210225,0
3,1,moe_route,GPU,210225,210225,0
3,1,expert_FFN_0,GPU,210225,222398,12173.1
3,1,gate_proj,GPU,210225,214274,4049.8
3,1,Linear,Logic,210225,214274,4049.8
3,1,activation,Logic,214274,214298,23.7293
3,1,up_proj,GPU,214298,218348,4049.8
3,1,Linear,Logic,214298,218348,4049.8
3,1,down_proj,GPU,218348,222398,4049.8
3,1,Linear,Logic,218348,222398,4049.8
3,1,expert_FFN_1,GPU,222398,233239,10840.9
3,1,gate_proj,GPU,222398,226007,3609.24
3,1,Linear,Logic,222398,226007,3609.24
3,1,activation,Logic,226007,226020,13.1829
3,1,up_proj,GPU,226020,229629,3609.24
3,1,Linear,Logic,226020,229629,3609.24
3,1,down_proj,GPU,229629,233239,3609.24
3,1,Linear,Logic,229629,233239,3609.24
3,1,expert_FFN_2,GPU,233239,244104,10865.7
3,1,gate_proj,GPU,233239,236854,3614.89
3,1,Linear,Logic,233239,236854,3614.89
3,1,activation,Logic,236854,236875,21.0927
3,1,up_proj,GPU,236875,240489,3614.89
3,1,Linear,Logic,236875,240489,3614.89
3,1,down_proj,GPU,240489,244104,3614.89
3,1,Linear,Logic,240489,244104,3614.89
3,1,expert_FFN_3,GPU,244104,254970,10865.7
3,1,gate_proj,GPU,244104,247719,3614.89
3,1,Linear,Logic,244104,247719,3614.89
3,1,activation,Logic,247719,247740,21.0927
3,1,up_proj,GPU,247740,251355,3614.89
3,1,Linear,Logic,247740,251355,3614.89
3,1,down_proj,GPU,251355,254970,3614.89
3,1,Linear,Logic,251355,254970,3614.89
3,1,expert_FFN_4,GPU,254970,269848,14878.3
3,1,gate_proj,GPU,254970,259920,4949.75
3,1,Linear,Logic,254970,259920,4949.75
3,1,activation,Logic,259920,259949,29.0025
3,1,up_proj,GPU,259949,264899,4949.75
3,1,Linear,Logic,259949,264899,4949.75
3,1,down_proj,GPU,264899,269848,4949.75
3,1,Linear,Logic,264899,269848,4949.75
3,1,expert_FFN_5,GPU,269848,280681,10832.6
3,1,gate_proj,GPU,269848,273456,3607.35
3,1,Linear,Logic,269848,273456,3607.35
3,1,activation,Logic,273456,273466,10.5463
3,1,up_proj,GPU,273466,277074,3607.35
3,1,Linear,Logic,273466,277074,3607.35
3,1,down_proj,GPU,277074,280681,3607.35
3,1,Linear,Logic,277074,280681,3607.35
3,1,expert_FFN_6,GPU,210225,253621,43396.7
3,1,gate_proj,GPU,210225,224669,14444.5
3,1,Linear,GPU,210225,224669,14444.5
3,1,activation,GPU,224669,224732,63.2781
3,1,up_proj,GPU,224732,239177,14444.5
3,1,Linear,GPU,224732,239177,14444.5
3,1,down_proj,GPU,239177,253621,14444.5
3,1,Linear,GPU,239177,253621,14444.5
3,1,expert_FFN_7,GPU,253621,297250,43628.7
3,1,gate_proj,GPU,253621,268119,14497.2
3,1,Linear,GPU,253621,268119,14497.2
3,1,activation,GPU,268119,268256,137.103
3,1,up_proj,GPU,268256,282753,14497.2
3,1,Linear,GPU,268256,282753,14497.2
3,1,down_proj,GPU,282753,297250,14497.2
3,1,Linear,GPU,282753,297250,14497.2
3,1,sync_2,GPU,297250,297250,0
3,1,sync__set,GPU,297250,297250,0
3,1,sync__,GPU,297250,297250,0
3,1,moe_all_reduce_for_e_tp,GPU,297250,317871,20621.4
3,1,sync_3,GPU,317871,317871,0
3,1,sync__set,GPU,317871,317871,0
3,1,sync__,GPU,317871,317871,0
3,1,moe_gather,GPU,317871,317871,0
3,1,sync_for_moe_gather,GPU,317871,317871,0
3,1,sync__set,GPU,317871,317871,0
3,1,sync__,GPU,317871,317871,0
3,1,moe_all_reduce_for_gather,GPU,317871,338493,20621.4
3,1,sync_5,GPU,338493,338493,0
3,1,sync__set,GPU,338493,338493,0
3,1,sync__,GPU,338493,338493,0
3,1,sync_6,GPU,338493,338493,0
3,1,sync__set,GPU,338493,338493,0
3,1,sync__,GPU,338493,338493,0
3,1,residual_2,GPU,338493,338754,261.148
3,2,MoE_decoder_2,GPU,338754,508231,169476
3,2,input_layer_norm,GPU,338754,339015,261.148
3,2,attention,GPU,339015,378885,39870
3,2,attn_qkv_proj,GPU,339015,345363,6347.9
3,2,Linear,GPU,339015,345363,6347.9
3,2,self_attention,GPU,345363,353989,8625.91
3,2,AttentionSplit,GPU,345363,345363,0
3,2,AttentionSum,GPU,345363,345363,0
3,2,AttentionGen,Logic,345363,353989,8625.91
3,2,AttentionMerge,GPU,353989,353989,0
3,2,attn_o_proj,GPU,353989,358264,4274.79
3,2,Linear,GPU,353989,358264,4274.79
3,2,all_reduce,GPU,358264,378885,20621.4
3,2,residual_1,GPU,378885,379146,261.148
3,2,post_attn_layer_norm,GPU,379146,379408,261.148
3,2,expertFFN,GPU,379408,507969,128562
3,2,sync_0,GPU,379408,379408,0
3,2,sync__set,GPU,379408,379408,0
3,2,sync__,GPU,379408,379408,0
3,2,gate_fn,GPU,379408,379569,160.957
3,2,Linear,GPU,379408,379569,160.957
3,2,gate_update,GPU,379569,379569,0
3,2,moe_scatter,GPU,379569,379569,0
3,2,sync_for_moe_scatter,GPU,379569,379569,0
3,2,sync__set,GPU,379569,379569,0
3,2,sync__,GPU,379569,379569,0
3,2,moe_route,GPU,379569,379569,0
3,2,expert_FFN_0,GPU,379569,390409,10840.9
3,2,gate_proj,GPU,379569,383178,3609.24
3,2,Linear,Logic,379569,383178,3609.24
3,2,activation,Logic,383178,383191,13.1829
3,2,up_proj,GPU,383191,386800,3609.24
3,2,Linear,Logic,383191,386800,3609.24
3,2,down_proj,GPU,386800,390409,3609.24
3,2,Linear,Logic,386800,390409,3609.24
3,2,expert_FFN_1,GPU,390409,402583,12173.1
3,2,gate_proj,GPU,390409,394459,4049.8
3,2,Linear,Logic,390409,394459,4049.8
3,2,activation,Logic,394459,394483,23.7293
3,2,up_proj,GPU,394483,398533,4049.8
3,2,Linear,Logic,394483,398533,4049.8
3,2,down_proj,GPU,398533,402583,4049.8
3,2,Linear,Logic,398533,402583,4049.8
3,2,expert_FFN_2,GPU,402583,413448,10865.7
3,2,gate_proj,GPU,402583,406197,3614.89
3,2,Linear,Logic,402583,406197,3614.89
3,2,activation,Logic,406197,406218,21.0927
3,2,up_proj,GPU,406218,409833,3614.89
3,2,Linear,Logic,406218,409833,3614.89
3,2,down_proj,GPU,409833,413448,3614.89
3,2,Linear,Logic,409833,413448,3614.89
3,2,expert_FFN_3,GPU,413448,424297,10849.2
3,2,gate_proj,GPU,413448,417059,3611.12
3,2,Linear,Logic,413448,417059,3611.12
3,2,activation,Logic,417059,417075,15.8195
3,2,up_proj,GPU,417075,420686,3611.12
3,2,Linear,Logic,417075,420686,3611.12
3,2,down_proj,GPU,420686,424297,3611.12
3,2,Linear,Logic,420686,424297,3611.12
3,2,expert_FFN_4,GPU,379569,423032,43463
3,2,gate_proj,GPU,379569,394028,14459.5
3,2,Linear,GPU,379569,394028,14459.5
3,2,activation,GPU,394028,394112,84.3708
3,2,up_proj,GPU,394112,408572,14459.5
3,2,Linear,GPU,394112,408572,14459.5
3,2,down_proj,GPU,408572,423032,14459.5
3,2,Linear,GPU,408572,423032,14459.5
3,2,expert_FFN_5,GPU,423032,466727,43695
3,2,gate_proj,GPU,423032,437544,14512.3
3,2,Linear,GPU,423032,437544,14512.3
3,2,activation,GPU,437544,437702,158.195
3,2,up_proj,GPU,437702,452214,14512.3
3,2,Linear,GPU,437702,452214,14512.3
3,2,down_proj,GPU,452214,466727,14512.3
3,2,Linear,GPU,452214,466727,14512.3
3,2,expert_FFN_6,GPU,424297,435163,10865.7
3,2,gate_proj,GPU,424297,427912,3614.89
3,2,Linear,Logic,424297,427912,3614.89
3,2,activation,Logic,427912,427933,21.0927
3,2,up_proj,GPU,427933,431548,3614.89
3,2,Linear,Logic,427933,431548,3614.89
3,2,down_proj,GPU,431548,435163,3614.89
3,2,Linear,Logic,431548,435163,3614.89
3,2,expert_FFN_7,GPU,435163,446004,10840.9
3,2,gate_proj,GPU,435163,438772,3609.24
3,2,Linear,Logic,435163,438772,3609.24
3,2,activation,Logic,438772,438786,13.1829
3,2,up_proj,GPU,438786,442395,3609.24
3,2,Linear,Logic,438786,442395,3609.24
3,2,down_proj,GPU,442395,446004,3609.24
3,2,Linear,Logic,442395,446004,3609.24
3,2,sync_2,GPU,466727,466727,0
3,2,sync__set,GPU,466727,466727,0
3,2,sync__,GPU,466727,466727,0
3,2,moe_all_reduce_for_e_tp,GPU,466727,487348,20621.4
3,2,sync_3,GPU,487348,487348,0
3,2,sync__set,GPU,487348,487348,0
3,2,sync__,GPU,487348,487348,0
3,2,moe_gather,GPU,487348,487348,0
3,2,sync_for_moe_gather,GPU,487348,487348,0
3,2,sync__set,GPU,487348,487348,0
3,2,sync__,GPU,487348,487348,0
3,2,moe_all_reduce_for_gather,GPU,487348,507969,20621.4
3,2,sync_5,GPU,507969,507969,0
3,2,sync__set,GPU,507969,507969,0
3,2,sync__,GPU,507969,507969,0
3,2,sync_6,GPU,507969,507969,0
3,2,sync__set,GPU,507969,507969,0
3,2,sync__,GPU,507969,507969,0
3,2,residual_2,GPU,507969,508231,261.148
3,3,MoE_decoder_3,GPU,508231,677740,169510
3,3,input_layer_norm,GPU,508231,508492,261.148
3,3,attention,GPU,508492,548362,39870
3,3,attn_qkv_proj,GPU,508492,514840,6347.9
3,3,Linear,GPU,508492,514840,6347.9
3,3,self_attention,GPU,514840,523466,8625.91
3,3,AttentionSplit,GPU,514840,514840,0
3,3,AttentionSum,GPU,514840,514840,0
3,3,AttentionGen,Logic,514840,523466,8625.91
3,3,AttentionMerge,GPU,523466,523466,0
3,3,attn_o_proj,GPU,523466,527740,4274.79
3,3,Linear,GPU,523466,527740,4274.79
3,3,all_reduce,GPU,527740,548362,20621.4
3,3,residual_1,GPU,548362,548623,261.148
3,3,post_attn_layer_norm,GPU,548623,548884,261.148
3,3,expertFFN,GPU,548884,677479,128595
3,3,sync_0,GPU,548884,548884,0
3,3,sync__set,GPU,548884,548884,0
3,3,sync__,GPU,548884,548884,0
3,3,gate_fn,GPU,548884,549045,160.957
3,3,Linear,GPU,548884,549045,160.957
3,3,gate_update,GPU,549045,549045,0
3,3,moe_scatter,GPU,549045,549045,0
3,3,sync_for_moe_scatter,GPU,549045,549045,0
3,3,sync__set,GPU,549045,549045,0
3,3,sync__,GPU,549045,549045,0
3,3,moe_route,GPU,549045,549045,0
3,3,expert_FFN_0,GPU,549045,561218,12173.1
3,3,gate_proj,GPU,549045,553095,4049.8
3,3,Linear,Logic,549045,553095,4049.8
3,3,activation,Logic,553095,553119,23.7293
3,3,up_proj,GPU,553119,557168,4049.8
3,3,Linear,Logic,553119,557168,4049.8
3,3,down_proj,GPU,557168,561218,4049.8
3,3,Linear,Logic,557168,561218,4049.8
3,3,expert_FFN_1,GPU,561218,572051,10832.6
3,3,gate_proj,GPU,561218,564825,3607.35
3,3,Linear,Logic,561218,564825,3607.35
3,3,activation,Logic,564825,564836,10.5463
3,3,up_proj,GPU,564836,568443,3607.35
3,3,Linear,Logic,564836,568443,3607.35
3,3,down_proj,GPU,568443,572051,3607.35
3,3,Linear,Logic,568443,572051,3607.35
3,3,expert_FFN_2,GPU,549045,592641,43595.6
3,3,gate_proj,GPU,549045,563535,14489.7
3,3,Linear,GPU,549045,563535,14489.7
3,3,activation,GPU,563535,563661,126.556
3,3,up_proj,GPU,563661,578151,14489.7
3,3,Linear,GPU,563661,578151,14489.7
3,3,down_proj,GPU,578151,592641,14489.7
3,3,Linear,GPU,578151,592641,14489.7
3,3,expert_FFN_3,GPU,592641,636236,43595.6
3,3,gate_proj,GPU,592641,607130,14489.7
3,3,Linear,GPU,592641,607130,14489.7
3,3,activation,GPU,607130,607257,126.556
3,3,up_proj,GPU,607257,621746,14489.7
3,3,Linear,GPU,607257,621746,14489.7
3,3,down_proj,GPU,621746,636236,14489.7
3,3,Linear,GPU,621746,636236,14489.7
3,3,expert_FFN_4,GPU,572051,582867,10816
3,3,gate_proj,GPU,572051,575654,3603.59
3,3,Linear,Logic,572051,575654,3603.59
3,3,activation,Logic,575654,575660,5.27317
3,3,up_proj,GPU,575660,579263,3603.59
3,3,Linear,Logic,575660,579263,3603.59
3,3,down_proj,GPU,579263,582867,3603.59
3,3,Linear,Logic,579263,582867,3603.59
3,3,expert_FFN_5,GPU,582867,593724,10857.5
3,3,gate_proj,GPU,582867,586480,3613
3,3,Linear,Logic,582867,586480,3613
3,3,activation,Logic,586480,586498,18.4561
3,3,up_proj,GPU,586498,590111,3613
3,3,Linear,Logic,586498,590111,3613
3,3,down_proj,GPU,590111,593724,3613
3,3,Linear,Logic,590111,593724,3613
3,3,expert_FFN_6,GPU,593724,605897,12173.1
3,3,gate_proj,GPU,593724,597774,4049.8
3,3,Linear,Logic,593724,597774,4049.8
3,3,activation,Logic,597774,597798,23.7293
3,3,up_proj,GPU,597798,601848,4049.8
3,3,Linear,Logic,597798,601848,4049.8
3,3,down_proj,GPU,601848,605897,4049.8
3,3,Linear,Logic,601848,605897,4049.8
3,3,expert_FFN_7,GPU,605897,618070,12173.1
3,3,gate_proj,GPU,605897,609947,4049.8
3,3,Linear,Logic,605897,609947,4049.8
3,3,activation,Logic,609947,609971,23.7293
3,3,up_proj,GPU,609971,614021,4049.8
3,3,Linear,Logic,609971,614021,4049.8
3,3,down_proj,GPU,614021,618070,4049.8
3,3,Linear,Logic,614021,618070,4049.8
3,3,sync_2,GPU,636236,636236,0
3,3,sync__set,GPU,636236,636236,0
3,3,sync__,GPU,636236,636236,0
3,3,moe_all_reduce_for_e_tp,GPU,636236,656858,20621.4
3,3,sync_3,GPU,656858,656858,0
3,3,sync__set,GPU,656858,656858,0
3,3,sync__,GPU,656858,656858,0
3,3,moe_gather,GPU,656858,656858,0
3,3,sync_for_moe_gather,GPU,656858,656858,0
3,3,sync__set,GPU,656858,656858,0
3,3,sync__,GPU,656858,656858,0
3,3,moe_all_reduce_for_gather,GPU,656858,677479,20621.4
3,3,sync_5,GPU,677479,677479,0
3,3,sync__set,GPU,677479,677479,0
3,3,sync__,GPU,677479,677479,0
3,3,sync_6,GPU,677479,677479,0
3,3,sync__set,GPU,677479,677479,0
3,3,sync__,GPU,677479,677479,0
3,3,residual_2,GPU,677479,677740,261.148
3,4,MoE_decoder_4,GPU,677740,847117,169377
3,4,input_layer_norm,GPU,677740,678001,261.148
3,4,attention,GPU,678001,717871,39870
3,4,attn_qkv_proj,GPU,678001,684349,6347.9
3,4,Linear,GPU,678001,684349,6347.9
3,4,self_attention,GPU,684349,692975,8625.91
3,4,AttentionSplit,GPU,684349,684349,0
3,4,AttentionSum,GPU,684349,684349,0
3,4,AttentionGen,Logic,684349,692975,8625.91
3,4,AttentionMerge,GPU,692975,692975,0
3,4,attn_o_proj,GPU,692975,697250,4274.79
3,4,Linear,GPU,692975,697250,4274.79
3,4,all_reduce,GPU,697250,717871,20621.4
3,4,residual_1,GPU,717871,718132,261.148
3,4,post_attn_layer_norm,GPU,718132,718394,261.148
3,4,expertFFN,GPU,718394,846856,128462
3,4,sync_0,GPU,718394,718394,0
3,4,sync__set,GPU,718394,718394,0
3,4,sync__,GPU,718394,718394,0
3,4,gate_fn,GPU,718394,718555,160.957
3,4,Linear,GPU,718394,718555,160.957
3,4,gate_update,GPU,718555,718555,0
3,4,moe_scatter,GPU,718555,718555,0
3,4,sync_for_moe_scatter,GPU,718555,718555,0
3,4,sync__set,GPU,718555,718555,0
3,4,sync__,GPU,718555,718555,0
3,4,moe_route,GPU,718555,718555,0
3,4,expert_FFN_0,GPU,718555,729395,10840.9
3,4,gate_proj,GPU,718555,722164,3609.24
3,4,Linear,Logic,718555,722164,3609.24
3,4,activation,Logic,722164,722177,13.1829
3,4,up_proj,GPU,722177,725786,3609.24
3,4,Linear,Logic,722177,725786,3609.24
3,4,down_proj,GPU,725786,729395,3609.24
3,4,Linear,Logic,725786,729395,3609.24
3,4,expert_FFN_1,GPU,729395,744274,14878.3
3,4,gate_proj,GPU,729395,734345,4949.75
3,4,Linear,Logic,729395,734345,4949.75
3,4,activation,Logic,734345,734374,29.0025
3,4,up_proj,GPU,734374,739324,4949.75
3,4,Linear,Logic,734374,739324,4949.75
3,4,down_proj,GPU,739324,744274,4949.75
3,4,Linear,Logic,739324,744274,4949.75
3,4,expert_FFN_2,GPU,744274,755115,10840.9
3,4,gate_proj,GPU,744274,747883,3609.24
3,4,Linear,Logic,744274,747883,3609.24
3,4,activation,Logic,747883,747896,13.1829
3,4,up_proj,GPU,747896,751505,3609.24
3,4,Linear,Logic,747896,751505,3609.24
3,4,down_proj,GPU,751505,755115,3609.24
3,4,Linear,Logic,751505,755115,3609.24
3,4,expert_FFN_3,GPU,755115,765972,10857.5
3,4,gate_proj,GPU,755115,758728,3613
3,4,Linear,Logic,755115,758728,3613
3,4,activation,Logic,758728,758746,18.4561
3,4,up_proj,GPU,758746,762359,3613
3,4,Linear,Logic,758746,762359,3613
3,4,down_proj,GPU,762359,765972,3613
3,4,Linear,Logic,762359,765972,3613
3,4,expert_FFN_4,GPU,765972,780850,14878.3
3,4,gate_proj,GPU,765972,770922,4949.75
3,4,Linear,Logic,765972,770922,4949.75
3,4,activation,Logic,770922,770951,29.0025
3,4,up_proj,GPU,770951,775901,4949.75
3,4,Linear,Logic,770951,775901,4949.75
3,4,down_proj,GPU,775901,780850,4949.75
3,4,Linear,Logic,775901,780850,4949.75
3,4,expert_FFN_5,GPU,780850,791691,10840.9
3,4,gate_proj,GPU,780850,784460,3609.24
3,4,Linear,Logic,780850,784460,3609.24
3,4,activation,Logic,784460,784473,13.1829
3,4,up_proj,GPU,784473,788082,3609.24
3,4,Linear,Logic,784473,788082,3609.24
3,4,down_proj,GPU,788082,791691,3609.24
3,4,Linear,Logic,788082,791691,3609.24
3,4,expert_FFN_6,GPU,718555,762084,43529.3
3,4,gate_proj,GPU,718555,733029,14474.6
3,4,Linear,GPU,718555,733029,14474.6
3,4,activation,GPU,733029,733135,105.463
3,4,up_proj,GPU,733135,747609,14474.6
3,4,Linear,GPU,733135,747609,14474.6
3,4,down_proj,GPU,747609,762084,14474.6
3,4,Linear,GPU,747609,762084,14474.6
3,4,expert_FFN_7,GPU,762084,805613,43529.3
3,4,gate_proj,GPU,762084,776559,14474.6
3,4,Linear,GPU,762084,776559,14474.6
3,4,activation,GPU,776559,776664,105.463
3,4,up_proj,GPU,776664,791139,14474.6
3,4,Linear,GPU,776664,791139,14474.6
3,4,down_proj,GPU,791139,805613,14474.6
3,4,Linear,GPU,791139,805613,14474.6
3,4,sync_2,GPU,805613,805613,0
3,4,sync__set,GPU,805613,805613,0
3,4,sync__,GPU,805613,805613,0
3,4,moe_all_reduce_for_e_tp,GPU,805613,826235,20621.4
3,4,sync_3,GPU,826235,826235,0
3,4,sync__set,GPU,826235,826235,0
3,4,sync__,GPU,826235,826235,0
3,4,moe_gather,GPU,826235,826235,0
3,4,sync_for_moe_gather,GPU,826235,826235,0
3,4,sync__set,GPU,826235,826235,0
3,4,sync__,GPU,826235,826235,0
3,4,moe_all_reduce_for_gather,GPU,826235,846856,20621.4
3,4,sync_5,GPU,846856,846856,0
3,4,sync__set,GPU,846856,846856,0
3,4,sync__,GPU,846856,846856,0
3,4,sync_6,GPU,846856,846856,0
3,4,sync__set,GPU,846856,846856,0
3,4,sync__,GPU,846856,846856,0
3,4,residual_2,GPU,846856,847117,261.148
3,5,MoE_decoder_5,GPU,847117,1.01653e+06,169410
3,5,input_layer_norm,GPU,847117,847378,261.148
3,5,attention,GPU,847378,887248,39870
3,5,attn_qkv_proj,GPU,847378,853726,6347.9
3,5,Linear,GPU,847378,853726,6347.9
3,5,self_attention,GPU,853726,862352,8625.91
3,5,AttentionSplit,GPU,853726,853726,0
3,5,AttentionSum,GPU,853726,853726,0
3,5,AttentionGen,Logic,853726,862352,8625.91
3,5,AttentionMerge,GPU,862352,862352,0
3,5,attn_o_proj,GPU,862352,866627,4274.79
3,5,Linear,GPU,862352,866627,4274.79
3,5,all_reduce,GPU,866627,887248,20621.4
3,5,residual_1,GPU,887248,887510,261.148
3,5,post_attn_layer_norm,GPU,887510,887771,261.148
3,5,expertFFN,GPU,887771,1.01627e+06,128496
3,5,sync_0,GPU,887771,887771,0
3,5,sync__set,GPU,887771,887771,0
3,5,sync__,GPU,887771,887771,0
3,5,gate_fn,GPU,887771,887932,160.957
3,5,Linear,GPU,887771,887932,160.957
3,5,gate_update,GPU,887932,887932,0
3,5,moe_scatter,GPU,887932,887932,0
3,5,sync_for_moe_scatter,GPU,887932,887932,0
3,5,sync__set,GPU,887932,887932,0
3,5,sync__,GPU,887932,887932,0
3,5,moe_route,GPU,887932,887932,0
3,5,expert_FFN_0,GPU,887932,901457,13525.7
3,5,gate_proj,GPU,887932,892431,4499.77
3,5,Linear,Logic,887932,892431,4499.77
3,5,activation,Logic,892431,892458,26.3659
3,5,up_proj,GPU,892458,896958,4499.77
3,5,Linear,Logic,892458,896958,4499.77
3,5,down_proj,GPU,896958,901457,4499.77
3,5,Linear,Logic,896958,901457,4499.77
3,5,expert_FFN_1,GPU,901457,912298,10840.9
3,5,gate_proj,GPU,901457,905067,3609.24
3,5,Linear,Logic,901457,905067,3609.24
3,5,activation,Logic,905067,905080,13.1829
3,5,up_proj,GPU,905080,908689,3609.24
3,5,Linear,Logic,905080,908689,3609.24
3,5,down_proj,GPU,908689,912298,3609.24
3,5,Linear,Logic,908689,912298,3609.24
3,5,expert_FFN_2,GPU,912298,924471,12173.1
3,5,gate_proj,GPU,912298,916348,4049.8
3,5,Linear,Logic,912298,916348,4049.8
3,5,activation,Logic,916348,916372,23.7293
3,5,up_proj,GPU,916372,920422,4049.8
3,5,Linear,Logic,916372,920422,4049.8
3,5,down_proj,GPU,920422,924471,4049.8
3,5,Linear,Logic,920422,924471,4049.8
3,5,expert_FFN_3,GPU,924471,935321,10849.2
3,5,gate_proj,GPU,924471,928082,3611.12
3,5,Linear,Logic,924471,928082,3611.12
3,5,activation,Logic,928082,928098,15.8195
3,5,up_proj,GPU,928098,931709,3611.12
3,5,Linear,Logic,928098,931709,3611.12
3,5,down_proj,GPU,931709,935321,3611.12
3,5,Linear,Logic,931709,935321,3611.12
3,5,expert_FFN_4,GPU,887932,931494,43562.4
3,5,gate_proj,GPU,887932,902414,14482.1
3,5,Linear,GPU,887932,902414,14482.1
3,5,activation,GPU,902414,902530,116.01
3,5,up_proj,GPU,902530,917012,14482.1
3,5,Linear,GPU,902530,917012,14482.1
3,5,down_proj,GPU,917012,931494,14482.1
3,5,Linear,GPU,917012,931494,14482.1
3,5,expert_FFN_5,GPU,931494,975023,43529.3
3,5,gate_proj,GPU,931494,945969,14474.6
3,5,Linear,GPU,931494,945969,14474.6
3,5,activation,GPU,945969,946074,105.463
3,5,up_proj,GPU,946074,960549,14474.6
3,5,Linear,GPU,946074,960549,14474.6
3,5,down_proj,GPU,960549,975023,14474.6
3,5,Linear,GPU,960549,975023,14474.6
3,5,expert_FFN_6,GPU,935321,946170,10849.2
3,5,gate_proj,GPU,935321,938932,3611.12
3,5,Linear,Logic,935321,938932,3611.12
3,5,activation,Logic,938932,938947,15.8195
3,5,up_proj,GPU,938947,942559,3611.12
3,5,Linear,Logic,938947,942559,3611.12
3,5,down_proj,GPU,942559,946170,3611.12
3,5,Linear,Logic,942559,946170,3611.12
3,5,expert_FFN_7,GPU,946170,957027,10857.5
3,5,gate_proj,GPU,946170,949783,3613
3,5,Linear,Logic,946170,949783,3613
3,5,activation,Logic,949783,949801,18.4561
3,5,up_proj,GPU,949801,953414,3613
3,5,Linear,Logic,949801,953414,3613
3,5,down_proj,GPU,953414,957027,3613
3,5,Linear,Logic,953414,957027,3613
3,5,sync_2,GPU,975023,975023,0
3,5,sync__set,GPU,975023,975023,0
3,5,sync__,GPU,975023,975023,0
3,5,moe_all_reduce_for_e_tp,GPU,975023,995645,20621.4
3,5,sync_3,GPU,995645,995645,0
3,5,sync__set,GPU,995645,995645,0
3,5,sync__,GPU,995645,995645,0
3,5,moe_gather,GPU,995645,995645,0
3,5,sync_for_moe_gather,GPU,995645,995645,0
3,5,sync__set,GPU,995645,995645,0
3,5,sync__,GPU,995645,995645,0
3,5,moe_all_reduce_for_gather,GPU,995645,1.01627e+06,20621.4
3,5,sync_5,GPU,1.01627e+06,1.01627e+06,0
3,5,sync__set,GPU,1.01627e+06,1.01627e+06,0
3,5,sync__,GPU,1.01627e+06,1.01627e+06,0
3,5,sync_6,GPU,1.01627e+06,1.01627e+06,0
3,5,sync__set,GPU,1.01627e+06,1.01627e+06,0
3,5,sync__,GPU,1.01627e+06,1.01627e+06,0
3,5,residual_2,GPU,1.01627e+06,1.01653e+06,261.148
3,6,MoE_decoder_6,GPU,1.01653e+06,1.186e+06,169476
3,6,input_layer_norm,GPU,1.01653e+06,1.01679e+06,261.148
3,6,attention,GPU,1.01679e+06,1.05666e+06,39870
3,6,attn_qkv_proj,GPU,1.01679e+06,1.02314e+06,6347.9
3,6,Linear,GPU,1.01679e+06,1.02314e+06,6347.9
3,6,self_attention,GPU,1.02314e+06,1.03176e+06,8625.91
3,6,AttentionSplit,GPU,1.02314e+06,1.02314e+06,0
3,6,AttentionSum,GPU,1.02314e+06,1.02314e+06,0
3,6,AttentionGen,Logic,1.02314e+06,1.03176e+06,8625.91
3,6,AttentionMerge,GPU,1.03176e+06,1.03176e+06,0
3,6,attn_o_proj,GPU,1.03176e+06,1.03604e+06,4274.79
3,6,Linear,GPU,1.03176e+06,1.03604e+06,4274.79
3,6,all_reduce,GPU,1.03604e+06,1.05666e+06,20621.4
3,6,residual_1,GPU,1.05666e+06,1.05692e+06,261.148
3,6,post_attn_layer_norm,GPU,1.05692e+06,1.05718e+06,261.148
3,6,expertFFN,GPU,1.05718e+06,1.18574e+06,128562
3,6,sync_0,GPU,1.05718e+06,1.05718e+06,0
3,6,sync__set,GPU,1.05718e+06,1.05718e+06,0
3,6,sync__,GPU,1.05718e+06,1.05718e+06,0
3,6,gate_fn,GPU,1.05718e+06,1.05734e+06,160.957
3,6,Linear,GPU,1.05718e+06,1.05734e+06,160.957
3,6,gate_update,GPU,1.05734e+06,1.05734e+06,0
3,6,moe_scatter,GPU,1.05734e+06,1.05734e+06,0
3,6,sync_for_moe_scatter,GPU,1.05734e+06,1.05734e+06,0
3,6,sync__set,GPU,1.05734e+06,1.05734e+06,0
3,6,sync__,GPU,1.05734e+06,1.05734e+06,0
3,6,moe_route,GPU,1.05734e+06,1.05734e+06,0
3,6,expert_FFN_0,GPU,1.05734e+06,1.06951e+06,12173.1
3,6,gate_proj,GPU,1.05734e+06,1.06139e+06,4049.8
3,6,Linear,Logic,1.05734e+06,1.06139e+06,4049.8
3,6,activation,Logic,1.06139e+06,1.06142e+06,23.7293
3,6,up_proj,GPU,1.06142e+06,1.06547e+06,4049.8
3,6,Linear,Logic,1.06142e+06,1.06547e+06,4049.8
3,6,down_proj,GPU,1.06547e+06,1.06951e+06,4049.8
3,6,Linear,Logic,1.06547e+06,1.06951e+06,4049.8
3,6,expert_FFN_1,GPU,1.06951e+06,1.08037e+06,10857.5
3,6,gate_proj,GPU,1.06951e+06,1.07313e+06,3613
3,6,Linear,Logic,1.06951e+06,1.07313e+06,3613
3,6,activation,Logic,1.07313e+06,1.07315e+06,18.4561
3,6,up_proj,GPU,1.07315e+06,1.07676e+06,3613
3,6,Linear,Logic,1.07315e+06,1.07676e+06,3613
3,6,down_proj,GPU,1.07676e+06,1.08037e+06,3613
3,6,Linear,Logic,1.07676e+06,1.08037e+06,3613
3,6,expert_FFN_2,GPU,1.05734e+06,1.10097e+06,43628.7
3,6,gate_proj,GPU,1.05734e+06,1.07184e+06,14497.2
3,6,Linear,GPU,1.05734e+06,1.07184e+06,14497.2
3,6,activation,GPU,1.07184e+06,1.07198e+06,137.103
3,6,up_proj,GPU,1.07198e+06,1.08647e+06,14497.2
3,6,Linear,GPU,1.07198e+06,1.08647e+06,14497.2
3,6,down_proj,GPU,1.08647e+06,1.10097e+06,14497.2
3,6,Linear,GPU,1.08647e+06,1.10097e+06,14497.2
3,6,expert_FFN_3,GPU,1.10097e+06,1.1445e+06,43529.3
3,6,gate_proj,GPU,1.10097e+06,1.11545e+06,14474.6
3,6,Linear,GPU,1.10097e+06,1.11545e+06,14474.6
3,6,activation,GPU,1.11545e+06,1.11555e+06,105.463
3,6,up_proj,GPU,1.11555e+06,1.13003e+06,14474.6
3,6,Linear,GPU,1.11555e+06,1.13003e+06,14474.6
3,6,down_proj,GPU,1.13003e+06,1.1445e+06,14474.6
3,6,Linear,GPU,1.13003e+06,1.1445e+06,14474.6
3,6,expert_FFN_4,GPU,1.08037e+06,1.09121e+06,10840.9
3,6,gate_proj,GPU,1.08037e+06,1.08398e+06,3609.24
3,6,Linear,Logic,1.08037e+06,1.08398e+06,3609.24
3,6,activation,Logic,1.08398e+06,1.08399e+06,13.1829
3,6,up_proj,GPU,1.08399e+06,1.0876e+06,3609.24
3,6,Linear,Logic,1.08399e+06,1.0876e+06,3609.24
3,6,down_proj,GPU,1.0876e+06,1.09121e+06,3609.24
3,6,Linear,Logic,1.0876e+06,1.09121e+06,3609.24
3,6,expert_FFN_5,GPU,1.09121e+06,1.10474e+06,13525.7
3,6,gate_proj,GPU,1.09121e+06,1.09571e+06,4499.77
3,6,Linear,Logic,1.09121e+06,1.09571e+06,4499.77
3,6,activation,Logic,1.09571e+06,1.09574e+06,26.3659
3,6,up_proj,GPU,1.09574e+06,1.10024e+06,4499.77
3,6,Linear,Logic,1.09574e+06,1.10024e+06,4499.77
3,6,down_proj,GPU,1.10024e+06,1.10474e+06,4499.77
3,6,Linear,Logic,1.10024e+06,1.10474e+06,4499.77
3,6,expert_FFN_6,GPU,1.10474e+06,1.11557e+06,10832.6
3,6,gate_proj,GPU,1.10474e+06,1.10835e+06,3607.35
3,6,Linear,Logic,1.10474e+06,1.10835e+06,3607.35
3,6,activation,Logic,1.10835e+06,1.10836e+06,10.5463
3,6,up_proj,GPU,1.10836e+06,1.11196e+06,3607.35
3,6,Linear,Logic,1.10836e+06,1.11196e+06,3607.35
3,6,down_proj,GPU,1.11196e+06,1.11557e+06,3607.35
3,6,Linear,Logic,1.11196e+06,1.11557e+06,3607.35
3,6,expert_FFN_7,GPU,1.11557e+06,1.12642e+06,10849.2
3,6,gate_proj,GPU,1.11557e+06,1.11918e+06,3611.12
3,6,Linear,Logic,1.11557e+06,1.11918e+06,3611.12
3,6,activation,Logic,1.11918e+06,1.1192e+06,15.8195
3,6,up_proj,GPU,1.1192e+06,1.12281e+06,3611.12
3,6,Linear,Logic,1.1192e+06,1.12281e+06,3611.12
3,6,down_proj,GPU,1.12281e+06,1.12642e+06,3611.12
3,6,Linear,Logic,1.12281e+06,1.12642e+06,3611.12
3,6,sync_2,GPU,1.1445e+06,1.1445e+06,0
3,6,sync__set,GPU,1.1445e+06,1.1445e+06,0
3,6,sync__,GPU,1.1445e+06,1.1445e+06,0
3,6,moe_all_reduce_for_e_tp,GPU,1.1445e+06,1.16512e+06,20621.4
3,6,sync_3,GPU,1.16512e+06,1.16512e+06,0
3,6,sync__set,GPU,1.16512e+06,1.16512e+06,0
3,6,sync__,GPU,1.16512e+06,1.16512e+06,0
3,6,moe_gather,GPU,1.16512e+06,1.16512e+06,0
3,6,sync_for_moe_gather,GPU,1.16512e+06,1.16512e+06,0
3,6,sync__set,GPU,1.16512e+06,1.16512e+06,0
3,6,sync__,GPU,1.16512e+06,1.16512e+06,0
3,6,moe_all_reduce_for_gather,GPU,1.16512e+06,1.18574e+06,20621.4
3,6,sync_5,GPU,1.18574e+06,1.18574e+06,0
3,6,sync__set,GPU,1.18574e+06,1.18574e+06,0
3,6,sync__,GPU,1.18574e+06,1.18574e+06,0
3,6,sync_6,GPU,1.18574e+06,1.18574e+06,0
3,6,sync__set,GPU,1.18574e+06,1.18574e+06,0
3,6,sync__,GPU,1.18574e+06,1.18574e+06,0
3,6,residual_2,GPU,1.18574e+06,1.186e+06,261.148
3,7,MoE_decoder_7,GPU,1.186e+06,1.35538e+06,169377
3,7,input_layer_norm,GPU,1.186e+06,1.18627e+06,261.148
3,7,attention,GPU,1.18627e+06,1.22614e+06,39870
3,7,attn_qkv_proj,GPU,1.18627e+06,1.19261e+06,6347.9
3,7,Linear,GPU,1.18627e+06,1.19261e+06,6347.9
3,7,self_attention,GPU,1.19261e+06,1.20124e+06,8625.91
3,7,AttentionSplit,GPU,1.19261e+06,1.19261e+06,0
3,7,AttentionSum,GPU,1.19261e+06,1.19261e+06,0
3,7,AttentionGen,Logic,1.19261e+06,1.20124e+06,8625.91
3,7,AttentionMerge,GPU,1.20124e+06,1.20124e+06,0
3,7,attn_o_proj,GPU,1.20124e+06,1.20551e+06,4274.79
3,7,Linear,GPU,1.20124e+06,1.20551e+06,4274.79
3,7,all_reduce,GPU,1.20551e+06,1.22614e+06,20621.4
3,7,residual_1,GPU,1.22614e+06,1.2264e+06,261.148
3,7,post_attn_layer_norm,GPU,1.2264e+06,1.22666e+06,261.148
3,7,expertFFN,GPU,1.22666e+06,1.35512e+06,128462
3,7,sync_0,GPU,1.22666e+06,1.22666e+06,0
3,7,sync__set,GPU,1.22666e+06,1.22666e+06,0
3,7,sync__,GPU,1.22666e+06,1.22666e+06,0
3,7,gate_fn,GPU,1.22666e+06,1.22682e+06,160.957
3,7,Linear,GPU,1.22666e+06,1.22682e+06,160.957
3,7,gate_update,GPU,1.22682e+06,1.22682e+06,0
3,7,moe_scatter,GPU,1.22682e+06,1.22682e+06,0
3,7,sync_for_moe_scatter,GPU,1.22682e+06,1.22682e+06,0
3,7,sync__set,GPU,1.22682e+06,1.22682e+06,0
3,7,sync__,GPU,1.22682e+06,1.22682e+06,0
3,7,moe_route,GPU,1.22682e+06,1.22682e+06,0
3,7,expert_FFN_0,GPU,1.22682e+06,1.27038e+06,43562.4
3,7,gate_proj,GPU,1.22682e+06,1.2413e+06,14482.1
3,7,Linear,GPU,1.22682e+06,1.2413e+06,14482.1
3,7,activation,GPU,1.2413e+06,1.24142e+06,116.01
3,7,up_proj,GPU,1.24142e+06,1.2559e+06,14482.1
3,7,Linear,GPU,1.24142e+06,1.2559e+06,14482.1
3,7,down_proj,GPU,1.2559e+06,1.27038e+06,14482.1
3,7,Linear,GPU,1.2559e+06,1.27038e+06,14482.1
3,7,expert_FFN_1,GPU,1.27038e+06,1.31388e+06,43496.1
3,7,gate_proj,GPU,1.27038e+06,1.28485e+06,14467.1
3,7,Linear,GPU,1.27038e+06,1.28485e+06,14467.1
3,7,activation,GPU,1.28485e+06,1.28494e+06,94.9171
3,7,up_proj,GPU,1.28494e+06,1.29941e+06,14467.1
3,7,Linear,GPU,1.28494e+06,1.29941e+06,14467.1
3,7,down_proj,GPU,1.29941e+06,1.31388e+06,14467.1
3,7,Linear,GPU,1.29941e+06,1.31388e+06,14467.1
3,7,expert_FFN_2,GPU,1.22682e+06,1.23768e+06,10857.5
3,7,gate_proj,GPU,1.22682e+06,1.23043e+06,3613
3,7,Linear,Logic,1.22682e+06,1.23043e+06,3613
3,7,activation,Logic,1.23043e+06,1.23045e+06,18.4561
3,7,up_proj,GPU,1.23045e+06,1.23406e+06,3613
3,7,Linear,Logic,1.23045e+06,1.23406e+06,3613
3,7,down_proj,GPU,1.23406e+06,1.23768e+06,3613
3,7,Linear,Logic,1.23406e+06,1.23768e+06,3613
3,7,expert_FFN_3,GPU,1.23768e+06,1.24853e+06,10857.5
3,7,gate_proj,GPU,1.23768e+06,1.24129e+06,3613
3,7,Linear,Logic,1.23768e+06,1.24129e+06,3613
3,7,activation,Logic,1.24129e+06,1.24131e+06,18.4561
3,7,up_proj,GPU,1.24131e+06,1.24492e+06,3613
3,7,Linear,Logic,1.24131e+06,1.24492e+06,3613
3,7,down_proj,GPU,1.24492e+06,1.24853e+06,3613
3,7,Linear,Logic,1.24492e+06,1.24853e+06,3613
3,7,expert_FFN_4,GPU,1.24853e+06,1.26071e+06,12173.1
3,7,gate_proj,GPU,1.24853e+06,1.25258e+06,4049.8
3,7,Linear,Logic,1.24853e+06,1.25258e+06,4049.8
3,7,activation,Logic,1.25258e+06,1.25261e+06,23.7293
3,7,up_proj,GPU,1.25261e+06,1.25666e+06,4049.8
3,7,Linear,Logic,1.25261e+06,1.25666e+06,4049.8
3,7,down_proj,GPU,1.25666e+06,1.26071e+06,4049.8
3,7,Linear,Logic,1.25666e+06,1.26071e+06,4049.8
3,7,expert_FFN_5,GPU,1.26071e+06,1.27156e+06,10849.2
3,7,gate_proj,GPU,1.26071e+06,1.26432e+06,3611.12
3,7,Linear,Logic,1.26071e+06,1.26432e+06,3611.12
3,7,activation,Logic,1.26432e+06,1.26433e+06,15.8195
3,7,up_proj,GPU,1.26433e+06,1.26794e+06,3611.12
3,7,Linear,Logic,1.26433e+06,1.26794e+06,3611.12
3,7,down_proj,GPU,1.26794e+06,1.27156e+06,3611.12
3,7,Linear,Logic,1.26794e+06,1.27156e+06,3611.12
3,7,expert_FFN_6,GPU,1.27156e+06,1.28241e+06,10857.5
3,7,gate_proj,GPU,1.27156e+06,1.27517e+06,3613
3,7,Linear,Logic,1.27156e+06,1.27517e+06,3613
3,7,activation,Logic,1.27517e+06,1.27519e+06,18.4561
3,7,up_proj,GPU,1.27519e+06,1.2788e+06,3613
3,7,Linear,Logic,1.27519e+06,1.2788e+06,3613
3,7,down_proj,GPU,1.2788e+06,1.28241e+06,3613
3,7,Linear,Logic,1.2788e+06,1.28241e+06,3613
3,7,expert_FFN_7,GPU,1.28241e+06,1.29328e+06,10865.7
3,7,gate_proj,GPU,1.28241e+06,1.28603e+06,3614.89
3,7,Linear,Logic,1.28241e+06,1.28603e+06,3614.89
3,7,activation,Logic,1.28603e+06,1.28605e+06,21.0927
3,7,up_proj,GPU,1.28605e+06,1.28966e+06,3614.89
3,7,Linear,Logic,1.28605e+06,1.28966e+06,3614.89
3,7,down_proj,GPU,1.28966e+06,1.29328e+06,3614.89
3,7,Linear,Logic,1.28966e+06,1.29328e+06,3614.89
3,7,sync_2,GPU,1.31388e+06,1.31388e+06,0
3,7,sync__set,GPU,1.31388e+06,1.31388e+06,0
3,7,sync__,GPU,1.31388e+06,1.31388e+06,0
3,7,moe_all_reduce_for_e_tp,GPU,1.31388e+06,1.3345e+06,20621.4
3,7,sync_3,GPU,1.3345e+06,1.3345e+06,0
3,7,sync__set,GPU,1.3345e+06,1.3345e+06,0
3,7,sync__,GPU,1.3345e+06,1.3345e+06,0
3,7,moe_gather,GPU,1.3345e+06,1.3345e+06,0
3,7,sync_for_moe_gather,GPU,1.3345e+06,1.3345e+06,0
3,7,sync__set,GPU,1.3345e+06,1.3345e+06,0
3,7,sync__,GPU,1.3345e+06,1.3345e+06,0
3,7,moe_all_reduce_for_gather,GPU,1.3345e+06,1.35512e+06,20621.4
3,7,sync_5,GPU,1.35512e+06,1.35512e+06,0
3,7,sync__set,GPU,1.35512e+06,1.35512e+06,0
3,7,sync__,GPU,1.35512e+06,1.35512e+06,0
3,7,sync_6,GPU,1.35512e+06,1.35512e+06,0
3,7,sync__set,GPU,1.35512e+06,1.35512e+06,0
3,7,sync__,GPU,1.35512e+06,1.35512e+06,0
3,7,residual_2,GPU,1.35512e+06,1.35538e+06,261.148
3,8,MoE_decoder_8,GPU,1.35538e+06,1.52486e+06,169476
3,8,input_layer_norm,GPU,1.35538e+06,1.35564e+06,261.148
3,8,attention,GPU,1.35564e+06,1.39551e+06,39870
3,8,attn_qkv_proj,GPU,1.35564e+06,1.36199e+06,6347.9
3,8,Linear,GPU,1.35564e+06,1.36199e+06,6347.9
3,8,self_attention,GPU,1.36199e+06,1.37062e+06,8625.91
3,8,AttentionSplit,GPU,1.36199e+06,1.36199e+06,0
3,8,AttentionSum,GPU,1.36199e+06,1.36199e+06,0
3,8,AttentionGen,Logic,1.36199e+06,1.37062e+06,8625.91
3,8,AttentionMerge,GPU,1.37062e+06,1.37062e+06,0
3,8,attn_o_proj,GPU,1.37062e+06,1.37489e+06,4274.79
3,8,Linear,GPU,1.37062e+06,1.37489e+06,4274.79
3,8,all_reduce,GPU,1.37489e+06,1.39551e+06,20621.4
3,8,residual_1,GPU,1.39551e+06,1.39577e+06,261.148
3,8,post_attn_layer_norm,GPU,1.39577e+06,1.39603e+06,261.148
3,8,expertFFN,GPU,1.39603e+06,1.5246e+06,128562
3,8,sync_0,GPU,1.39603e+06,1.39603e+06,0
3,8,sync__set,GPU,1.39603e+06,1.39603e+06,0
3,8,sync__,GPU,1.39603e+06,1.39603e+06,0
3,8,gate_fn,GPU,1.39603e+06,1.3962e+06,160.957
3,8,Linear,GPU,1.39603e+06,1.3962e+06,160.957
3,8,gate_update,GPU,1.3962e+06,1.3962e+06,0
3,8,moe_scatter,GPU,1.3962e+06,1.3962e+06,0
3,8,sync_for_moe_scatter,GPU,1.3962e+06,1.3962e+06,0
3,8,sync__set,GPU,1.3962e+06,1.3962e+06,0
3,8,sync__,GPU,1.3962e+06,1.3962e+06,0
3,8,moe_route,GPU,1.3962e+06,1.3962e+06,0
3,8,expert_FFN_0,GPU,1.3962e+06,1.43982e+06,43628.7
3,8,gate_proj,GPU,1.3962e+06,1.41069e+06,14497.2
3,8,Linear,GPU,1.3962e+06,1.41069e+06,14497.2
3,8,activation,GPU,1.41069e+06,1.41083e+06,137.103
3,8,up_proj,GPU,1.41083e+06,1.42533e+06,14497.2
3,8,Linear,GPU,1.41083e+06,1.42533e+06,14497.2
3,8,down_proj,GPU,1.42533e+06,1.43982e+06,14497.2
3,8,Linear,GPU,1.42533e+06,1.43982e+06,14497.2
3,8,expert_FFN_1,GPU,1.43982e+06,1.48335e+06,43529.3
3,8,gate_proj,GPU,1.43982e+06,1.4543e+06,14474.6
3,8,Linear,GPU,1.43982e+06,1.4543e+06,14474.6
3,8,activation,GPU,1.4543e+06,1.4544e+06,105.463
3,8,up_proj,GPU,1.4544e+06,1.46888e+06,14474.6
3,8,Linear,GPU,1.4544e+06,1.46888e+06,14474.6
3,8,down_proj,GPU,1.46888e+06,1.48335e+06,14474.6
3,8,Linear,GPU,1.46888e+06,1.48335e+06,14474.6
3,8,expert_FFN_2,GPU,1.3962e+06,1.40837e+06,12173.1
3,8,gate_proj,GPU,1.3962e+06,1.40025e+06,4049.8
3,8,Linear,Logic,1.3962e+06,1.40025e+06,4049.8
3,8,activation,Logic,1.40025e+06,1.40027e+06,23.7293
3,8,up_proj,GPU,1.40027e+06,1.40432e+06,4049.8
3,8,Linear,Logic,1.40027e+06,1.40432e+06,4049.8
3,8,down_proj,GPU,1.40432e+06,1.40837e+06,4049.8
3,8,Linear,Logic,1.40432e+06,1.40837e+06,4049.8
3,8,expert_FFN_3,GPU,1.40837e+06,1.41923e+06,10865.7
3,8,gate_proj,GPU,1.40837e+06,1.41198e+06,3614.89
3,8,Linear,Logic,1.40837e+06,1.41198e+06,3614.89
3,8,activation,Logic,1.41198e+06,1.412e+06,21.0927
3,8,up_proj,GPU,1.412e+06,1.41562e+06,3614.89
3,8,Linear,Logic,1.412e+06,1.41562e+06,3614.89
3,8,down_proj,GPU,1.41562e+06,1.41923e+06,3614.89
3,8,Linear,Logic,1.41562e+06,1.41923e+06,3614.89
3,8,expert_FFN_4,GPU,1.41923e+06,1.43276e+06,13525.7
3,8,gate_proj,GPU,1.41923e+06,1.42373e+06,4499.77
3,8,Linear,Logic,1.41923e+06,1.42373e+06,4499.77
3,8,activation,Logic,1.42373e+06,1.42376e+06,26.3659
3,8,up_proj,GPU,1.42376e+06,1.42826e+06,4499.77
3,8,Linear,Logic,1.42376e+06,1.42826e+06,4499.77
3,8,down_proj,GPU,1.42826e+06,1.43276e+06,4499.77
3,8,Linear,Logic,1.42826e+06,1.43276e+06,4499.77
3,8,expert_FFN_5,GPU,1.43276e+06,1.4436e+06,10840.9
3,8,gate_proj,GPU,1.43276e+06,1.43637e+06,3609.24
3,8,Linear,Logic,1.43276e+06,1.43637e+06,3609.24
3,8,activation,Logic,1.43637e+06,1.43638e+06,13.1829
3,8,up_proj,GPU,1.43638e+06,1.43999e+06,3609.24
3,8,Linear,Logic,1.43638e+06,1.43999e+06,3609.24
3,8,down_proj,GPU,1.43999e+06,1.4436e+06,3609.24
3,8,Linear,Logic,1.43999e+06,1.4436e+06,3609.24
3,8,expert_FFN_6,GPU,1.4436e+06,1.45445e+06,10849.2
3,8,gate_proj,GPU,1.4436e+06,1.44721e+06,3611.12
3,8,Linear,Logic,1.4436e+06,1.44721e+06,3611.12
3,8,activation,Logic,1.44721e+06,1.44723e+06,15.8195
3,8,up_proj,GPU,1.44723e+06,1.45084e+06,3611.12
3,8,Linear,Logic,1.44723e+06,1.45084e+06,3611.12
3,8,down_proj,GPU,1.45084e+06,1.45445e+06,3611.12
3,8,Linear,Logic,1.45084e+06,1.45445e+06,3611.12
3,8,expert_FFN_7,GPU,1.45445e+06,1.46527e+06,10824.3
3,8,gate_proj,GPU,1.45445e+06,1.45806e+06,3605.47
3,8,Linear,Logic,1.45445e+06,1.45806e+06,3605.47
3,8,activation,Logic,1.45806e+06,1.45806e+06,7.90976
3,8,up_proj,GPU,1.45806e+06,1.46167e+06,3605.47
3,8,Linear,Logic,1.45806e+06,1.46167e+06,3605.47
3,8,down_proj,GPU,1.46167e+06,1.46527e+06,3605.47
3,8,Linear,Logic,1.46167e+06,1.46527e+06,3605.47
3,8,sync_2,GPU,1.48335e+06,1.48335e+06,0
3,8,sync__set,GPU,1.48335e+06,1.48335e+06,0
3,8,sync__,GPU,1.48335e+06,1.48335e+06,0
3,8,moe_all_reduce_for_e_tp,GPU,1.48335e+06,1.50397e+06,20621.4
3,8,sync_3,GPU,1.50397e+06,1.50397e+06,0
3,8,sync__set,GPU,1.50397e+06,1.50397e+06,0
3,8,sync__,GPU,1.50397e+06,1.50397e+06,0
3,8,moe_gather,GPU,1.50397e+06,1.50397e+06,0
3,8,sync_for_moe_gather,GPU,1.50397e+06,1.50397e+06,0
3,8,sync__set,GPU,1.50397e+06,1.50397e+06,0
3,8,sync__,GPU,1.50397e+06,1.50397e+06,0
3,8,moe_all_reduce_for_gather,GPU,1.50397e+06,1.5246e+06,20621.4
3,8,sync_5,GPU,1.5246e+06,1.5246e+06,0
3,8,sync__set,GPU,1.5246e+06,1.5246e+06,0
3,8,sync__,GPU,1.5246e+06,1.5246e+06,0
3,8,sync_6,GPU,1.5246e+06,1.5246e+06,0
3,8,sync__set,GPU,1.5246e+06,1.5246e+06,0
3,8,sync__,GPU,1.5246e+06,1.5246e+06,0
3,8,residual_2,GPU,1.5246e+06,1.52486e+06,261.148
3,9,MoE_decoder_9,GPU,1.52486e+06,1.69934e+06,174486
3,9,input_layer_norm,GPU,1.52486e+06,1.52512e+06,261.148
3,9,attention,GPU,1.52512e+06,1.56499e+06,39870
3,9,attn_qkv_proj,GPU,1.52512e+06,1.53147e+06,6347.9
3,9,Linear,GPU,1.52512e+06,1.53147e+06,6347.9
3,9,self_attention,GPU,1.53147e+06,1.54009e+06,8625.91
3,9,AttentionSplit,GPU,1.53147e+06,1.53147e+06,0
3,9,AttentionSum,GPU,1.53147e+06,1.53147e+06,0
3,9,AttentionGen,Logic,1.53147e+06,1.54009e+06,8625.91
3,9,AttentionMerge,GPU,1.54009e+06,1.54009e+06,0
3,9,attn_o_proj,GPU,1.54009e+06,1.54437e+06,4274.79
3,9,Linear,GPU,1.54009e+06,1.54437e+06,4274.79
3,9,all_reduce,GPU,1.54437e+06,1.56499e+06,20621.4
3,9,residual_1,GPU,1.56499e+06,1.56525e+06,261.148
3,9,post_attn_layer_norm,GPU,1.56525e+06,1.56551e+06,261.148
3,9,expertFFN,GPU,1.56551e+06,1.69908e+06,133571
3,9,sync_0,GPU,1.56551e+06,1.56551e+06,0
3,9,sync__set,GPU,1.56551e+06,1.56551e+06,0
3,9,sync__,GPU,1.56551e+06,1.56551e+06,0
3,9,gate_fn,GPU,1.56551e+06,1.56567e+06,160.957
3,9,Linear,GPU,1.56551e+06,1.56567e+06,160.957
3,9,gate_update,GPU,1.56567e+06,1.56567e+06,0
3,9,moe_scatter,GPU,1.56567e+06,1.56567e+06,0
3,9,sync_for_moe_scatter,GPU,1.56567e+06,1.56567e+06,0
3,9,sync__set,GPU,1.56567e+06,1.56567e+06,0
3,9,sync__,GPU,1.56567e+06,1.56567e+06,0
3,9,moe_route,GPU,1.56567e+06,1.56567e+06,0
3,9,expert_FFN_0,GPU,1.56567e+06,1.57784e+06,12173.1
3,9,gate_proj,GPU,1.56567e+06,1.56972e+06,4049.8
3,9,Linear,Logic,1.56567e+06,1.56972e+06,4049.8
3,9,activation,Logic,1.56972e+06,1.56975e+06,23.7293
3,9,up_proj,GPU,1.56975e+06,1.5738e+06,4049.8
3,9,Linear,Logic,1.56975e+06,1.5738e+06,4049.8
3,9,down_proj,GPU,1.5738e+06,1.57784e+06,4049.8
3,9,Linear,Logic,1.5738e+06,1.57784e+06,4049.8
3,9,expert_FFN_1,GPU,1.57784e+06,1.58871e+06,10865.7
3,9,gate_proj,GPU,1.57784e+06,1.58146e+06,3614.89
3,9,Linear,Logic,1.57784e+06,1.58146e+06,3614.89
3,9,activation,Logic,1.58146e+06,1.58148e+06,21.0927
3,9,up_proj,GPU,1.58148e+06,1.5851e+06,3614.89
3,9,Linear,Logic,1.58148e+06,1.5851e+06,3614.89
3,9,down_proj,GPU,1.5851e+06,1.58871e+06,3614.89
3,9,Linear,Logic,1.5851e+06,1.58871e+06,3614.89
3,9,expert_FFN_2,GPU,1.58871e+06,1.59958e+06,10865.7
3,9,gate_proj,GPU,1.58871e+06,1.59233e+06,3614.89
3,9,Linear,Logic,1.58871e+06,1.59233e+06,3614.89
3,9,activation,Logic,1.59233e+06,1.59235e+06,21.0927
3,9,up_proj,GPU,1.59235e+06,1.59596e+06,3614.89
3,9,Linear,Logic,1.59235e+06,1.59596e+06,3614.89
3,9,down_proj,GPU,1.59596e+06,1.59958e+06,3614.89
3,9,Linear,Logic,1.59596e+06,1.59958e+06,3614.89
3,9,expert_FFN_3,GPU,1.59958e+06,1.61043e+06,10857.5
3,9,gate_proj,GPU,1.59958e+06,1.60319e+06,3613
3,9,Linear,Logic,1.59958e+06,1.60319e+06,3613
3,9,activation,Logic,1.60319e+06,1.60321e+06,18.4561
3,9,up_proj,GPU,1.60321e+06,1.60682e+06,3613
3,9,Linear,Logic,1.60321e+06,1.60682e+06,3613
3,9,down_proj,GPU,1.60682e+06,1.61043e+06,3613
3,9,Linear,Logic,1.60682e+06,1.61043e+06,3613
3,9,expert_FFN_4,GPU,1.61043e+06,1.62261e+06,12173.1
3,9,gate_proj,GPU,1.61043e+06,1.61448e+06,4049.8
3,9,Linear,Logic,1.61043e+06,1.61448e+06,4049.8
3,9,activation,Logic,1.61448e+06,1.61451e+06,23.7293
3,9,up_proj,GPU,1.61451e+06,1.61856e+06,4049.8
3,9,Linear,Logic,1.61451e+06,1.61856e+06,4049.8
3,9,down_proj,GPU,1.61856e+06,1.62261e+06,4049.8
3,9,Linear,Logic,1.61856e+06,1.62261e+06,4049.8
3,9,expert_FFN_5,GPU,1.62261e+06,1.63346e+06,10857.5
3,9,gate_proj,GPU,1.62261e+06,1.62622e+06,3613
3,9,Linear,Logic,1.62261e+06,1.62622e+06,3613
3,9,activation,Logic,1.62622e+06,1.62624e+06,18.4561
3,9,up_proj,GPU,1.62624e+06,1.62985e+06,3613
3,9,Linear,Logic,1.62624e+06,1.62985e+06,3613
3,9,down_proj,GPU,1.62985e+06,1.63346e+06,3613
3,9,Linear,Logic,1.62985e+06,1.63346e+06,3613
3,9,expert_FFN_6,GPU,1.63346e+06,1.64431e+06,10849.2
3,9,gate_proj,GPU,1.63346e+06,1.63708e+06,3611.12
3,9,Linear,Logic,1.63346e+06,1.63708e+06,3611.12
3,9,activation,Logic,1.63708e+06,1.63709e+06,15.8195
3,9,up_proj,GPU,1.63709e+06,1.6407e+06,3611.12
3,9,Linear,Logic,1.63709e+06,1.6407e+06,3611.12
3,9,down_proj,GPU,1.6407e+06,1.64431e+06,3611.12
3,9,Linear,Logic,1.6407e+06,1.64431e+06,3611.12
3,9,expert_FFN_7,GPU,1.64431e+06,1.65784e+06,13525.7
3,9,gate_proj,GPU,1.64431e+06,1.64881e+06,4499.77
3,9,Linear,Logic,1.64431e+06,1.64881e+06,4499.77
3,9,activation,Logic,1.64881e+06,1.64884e+06,26.3659
3,9,up_proj,GPU,1.64884e+06,1.65334e+06,4499.77
3,9,Linear,Logic,1.64884e+06,1.65334e+06,4499.77
3,9,down_proj,GPU,1.65334e+06,1.65784e+06,4499.77
3,9,Linear,Logic,1.65334e+06,1.65784e+06,4499.77
3,9,sync_2,GPU,1.65784e+06,1.65784e+06,0
3,9,sync__set,GPU,1.65784e+06,1.65784e+06,0
3,9,sync__,GPU,1.65784e+06,1.65784e+06,0
3,9,moe_all_reduce_for_e_tp,GPU,1.65784e+06,1.67846e+06,20621.4
3,9,sync_3,GPU,1.67846e+06,1.67846e+06,0
3,9,sync__set,GPU,1.67846e+06,1.67846e+06,0
3,9,sync__,GPU,1.67846e+06,1.67846e+06,0
3,9,moe_gather,GPU,1.67846e+06,1.67846e+06,0
3,9,sync_for_moe_gather,GPU,1.67846e+06,1.67846e+06,0
3,9,sync__set,GPU,1.67846e+06,1.67846e+06,0
3,9,sync__,GPU,1.67846e+06,1.67846e+06,0
3,9,moe_all_reduce_for_gather,GPU,1.67846e+06,1.69908e+06,20621.4
3,9,sync_5,GPU,1.69908e+06,1.69908e+06,0
3,9,sync__set,GPU,1.69908e+06,1.69908e+06,0
3,9,sync__,GPU,1.69908e+06,1.69908e+06,0
3,9,sync_6,GPU,1.69908e+06,1.69908e+06,0
3,9,sync__set,GPU,1.69908e+06,1.69908e+06,0
3,9,sync__,GPU,1.69908e+06,1.69908e+06,0
3,9,residual_2,GPU,1.69908e+06,1.69934e+06,261.148
3,10,MoE_decoder_10,GPU,1.69934e+06,1.86865e+06,169311
3,10,input_layer_norm,GPU,1.69934e+06,1.6996e+06,261.148
3,10,attention,GPU,1.6996e+06,1.73947e+06,39870
3,10,attn_qkv_proj,GPU,1.6996e+06,1.70595e+06,6347.9
3,10,Linear,GPU,1.6996e+06,1.70595e+06,6347.9
3,10,self_attention,GPU,1.70595e+06,1.71458e+06,8625.91
3,10,AttentionSplit,GPU,1.70595e+06,1.70595e+06,0
3,10,AttentionSum,GPU,1.70595e+06,1.70595e+06,0
3,10,AttentionGen,Logic,1.70595e+06,1.71458e+06,8625.91
3,10,AttentionMerge,GPU,1.71458e+06,1.71458e+06,0
3,10,attn_o_proj,GPU,1.71458e+06,1.71885e+06,4274.79
3,10,Linear,GPU,1.71458e+06,1.71885e+06,4274.79
3,10,all_reduce,GPU,1.71885e+06,1.73947e+06,20621.4
3,10,residual_1,GPU,1.73947e+06,1.73974e+06,261.148
3,10,post_attn_layer_norm,GPU,1.73974e+06,1.74e+06,261.148
3,10,expertFFN,GPU,1.74e+06,1.86839e+06,128396
3,10,sync_0,GPU,1.74e+06,1.74e+06,0
3,10,sync__set,GPU,1.74e+06,1.74e+06,0
3,10,sync__,GPU,1.74e+06,1.74e+06,0
3,10,gate_fn,GPU,1.74e+06,1.74016e+06,160.957
3,10,Linear,GPU,1.74e+06,1.74016e+06,160.957
3,10,gate_update,GPU,1.74016e+06,1.74016e+06,0
3,10,moe_scatter,GPU,1.74016e+06,1.74016e+06,0
3,10,sync_for_moe_scatter,GPU,1.74016e+06,1.74016e+06,0
3,10,sync__set,GPU,1.74016e+06,1.74016e+06,0
3,10,sync__,GPU,1.74016e+06,1.74016e+06,0
3,10,moe_route,GPU,1.74016e+06,1.74016e+06,0
3,10,expert_FFN_0,GPU,1.74016e+06,1.75639e+06,16230.8
3,10,gate_proj,GPU,1.74016e+06,1.74556e+06,5399.73
3,10,Linear,Logic,1.74016e+06,1.74556e+06,5399.73
3,10,activation,Logic,1.74556e+06,1.74559e+06,31.639
3,10,up_proj,GPU,1.74559e+06,1.75099e+06,5399.73
3,10,Linear,Logic,1.74559e+06,1.75099e+06,5399.73
3,10,down_proj,GPU,1.75099e+06,1.75639e+06,5399.73
3,10,Linear,Logic,1.75099e+06,1.75639e+06,5399.73
3,10,expert_FFN_1,GPU,1.75639e+06,1.76721e+06,10824.3
3,10,gate_proj,GPU,1.75639e+06,1.75999e+06,3605.47
3,10,Linear,Logic,1.75639e+06,1.75999e+06,3605.47
3,10,activation,Logic,1.75999e+06,1.76e+06,7.90976
3,10,up_proj,GPU,1.76e+06,1.76361e+06,3605.47
3,10,Linear,Logic,1.76e+06,1.76361e+06,3605.47
3,10,down_proj,GPU,1.76361e+06,1.76721e+06,3605.47
3,10,Linear,Logic,1.76361e+06,1.76721e+06,3605.47
3,10,expert_FFN_2,GPU,1.76721e+06,1.77807e+06,10857.5
3,10,gate_proj,GPU,1.76721e+06,1.77083e+06,3613
3,10,Linear,Logic,1.76721e+06,1.77083e+06,3613
3,10,activation,Logic,1.77083e+06,1.77084e+06,18.4561
3,10,up_proj,GPU,1.77084e+06,1.77446e+06,3613
3,10,Linear,Logic,1.77084e+06,1.77446e+06,3613
3,10,down_proj,GPU,1.77446e+06,1.77807e+06,3613
3,10,Linear,Logic,1.77446e+06,1.77807e+06,3613
3,10,expert_FFN_3,GPU,1.77807e+06,1.78893e+06,10857.5
3,10,gate_proj,GPU,1.77807e+06,1.78168e+06,3613
3,10,Linear,Logic,1.77807e+06,1.78168e+06,3613
3,10,activation,Logic,1.78168e+06,1.7817e+06,18.4561
3,10,up_proj,GPU,1.7817e+06,1.78531e+06,3613
3,10,Linear,Logic,1.7817e+06,1.78531e+06,3613
3,10,down_proj,GPU,1.78531e+06,1.78893e+06,3613
3,10,Linear,Logic,1.78531e+06,1.78893e+06,3613
3,10,expert_FFN_4,GPU,1.74016e+06,1.78375e+06,43595.6
3,10,gate_proj,GPU,1.74016e+06,1.75465e+06,14489.7
3,10,Linear,GPU,1.74016e+06,1.75465e+06,14489.7
3,10,activation,GPU,1.75465e+06,1.75477e+06,126.556
3,10,up_proj,GPU,1.75477e+06,1.76926e+06,14489.7
3,10,Linear,GPU,1.75477e+06,1.76926e+06,14489.7
3,10,down_proj,GPU,1.76926e+06,1.78375e+06,14489.7
3,10,Linear,GPU,1.76926e+06,1.78375e+06,14489.7
3,10,expert_FFN_5,GPU,1.78375e+06,1.82715e+06,43396.7
3,10,gate_proj,GPU,1.78375e+06,1.7982e+06,14444.5
3,10,Linear,GPU,1.78375e+06,1.7982e+06,14444.5
3,10,activation,GPU,1.7982e+06,1.79826e+06,63.2781
3,10,up_proj,GPU,1.79826e+06,1.81271e+06,14444.5
3,10,Linear,GPU,1.79826e+06,1.81271e+06,14444.5
3,10,down_proj,GPU,1.81271e+06,1.82715e+06,14444.5
3,10,Linear,GPU,1.81271e+06,1.82715e+06,14444.5
3,10,expert_FFN_6,GPU,1.78893e+06,1.8011e+06,12173.1
3,10,gate_proj,GPU,1.78893e+06,1.79298e+06,4049.8
3,10,Linear,Logic,1.78893e+06,1.79298e+06,4049.8
3,10,activation,Logic,1.79298e+06,1.793e+06,23.7293
3,10,up_proj,GPU,1.793e+06,1.79705e+06,4049.8
3,10,Linear,Logic,1.793e+06,1.79705e+06,4049.8
3,10,down_proj,GPU,1.79705e+06,1.8011e+06,4049.8
3,10,Linear,Logic,1.79705e+06,1.8011e+06,4049.8
3,10,expert_FFN_7,GPU,1.8011e+06,1.81197e+06,10865.7
3,10,gate_proj,GPU,1.8011e+06,1.80472e+06,3614.89
3,10,Linear,Logic,1.8011e+06,1.80472e+06,3614.89
3,10,activation,Logic,1.80472e+06,1.80474e+06,21.0927
3,10,up_proj,GPU,1.80474e+06,1.80835e+06,3614.89
3,10,Linear,Logic,1.80474e+06,1.80835e+06,3614.89
3,10,down_proj,GPU,1.80835e+06,1.81197e+06,3614.89
3,10,Linear,Logic,1.80835e+06,1.81197e+06,3614.89
3,10,sync_2,GPU,1.82715e+06,1.82715e+06,0
3,10,sync__set,GPU,1.82715e+06,1.82715e+06,0
3,10,sync__,GPU,1.82715e+06,1.82715e+06,0
3,10,moe_all_reduce_for_e_tp,GPU,1.82715e+06,1.84777e+06,20621.4
3,10,sync_3,GPU,1.84777e+06,1.84777e+06,0
3,10,sync__set,GPU,1.84777e+06,1.84777e+06,0
3,10,sync__,GPU,1.84777e+06,1.84777e+06,0
3,10,moe_gather,GPU,1.84777e+06,1.84777e+06,0
3,10,sync_for_moe_gather,GPU,1.84777e+06,1.84777e+06,0
3,10,sync__set,GPU,1.84777e+06,1.84777e+06,0
3,10,sync__,GPU,1.84777e+06,1.84777e+06,0
3,10,moe_all_reduce_for_gather,GPU,1.84777e+06,1.86839e+06,20621.4
3,10,sync_5,GPU,1.86839e+06,1.86839e+06,0
3,10,sync__set,GPU,1.86839e+06,1.86839e+06,0
3,10,sync__,GPU,1.86839e+06,1.86839e+06,0
3,10,sync_6,GPU,1.86839e+06,1.86839e+06,0
3,10,sync__set,GPU,1.86839e+06,1.86839e+06,0
3,10,sync__,GPU,1.86839e+06,1.86839e+06,0
3,10,residual_2,GPU,1.86839e+06,1.86865e+06,261.148
3,11,MoE_decoder_11,GPU,1.86865e+06,2.038e+06,169344
3,11,input_layer_norm,GPU,1.86865e+06,1.86892e+06,261.148
3,11,attention,GPU,1.86892e+06,1.90879e+06,39870
3,11,attn_qkv_proj,GPU,1.86892e+06,1.87526e+06,6347.9
3,11,Linear,GPU,1.86892e+06,1.87526e+06,6347.9
3,11,self_attention,GPU,1.87526e+06,1.88389e+06,8625.91
3,11,AttentionSplit,GPU,1.87526e+06,1.87526e+06,0
3,11,AttentionSum,GPU,1.87526e+06,1.87526e+06,0
3,11,AttentionGen,Logic,1.87526e+06,1.88389e+06,8625.91
3,11,AttentionMerge,GPU,1.88389e+06,1.88389e+06,0
3,11,attn_o_proj,GPU,1.88389e+06,1.88816e+06,4274.79
3,11,Linear,GPU,1.88389e+06,1.88816e+06,4274.79
3,11,all_reduce,GPU,1.88816e+06,1.90879e+06,20621.4
3,11,residual_1,GPU,1.90879e+06,1.90905e+06,261.148
3,11,post_attn_layer_norm,GPU,1.90905e+06,1.90931e+06,261.148
3,11,expertFFN,GPU,1.90931e+06,2.03774e+06,128429
3,11,sync_0,GPU,1.90931e+06,1.90931e+06,0
3,11,sync__set,GPU,1.90931e+06,1.90931e+06,0
3,11,sync__,GPU,1.90931e+06,1.90931e+06,0
3,11,gate_fn,GPU,1.90931e+06,1.90947e+06,160.957
3,11,Linear,GPU,1.90931e+06,1.90947e+06,160.957
3,11,gate_update,GPU,1.90947e+06,1.90947e+06,0
3,11,moe_scatter,GPU,1.90947e+06,1.90947e+06,0
3,11,sync_for_moe_scatter,GPU,1.90947e+06,1.90947e+06,0
3,11,sync__set,GPU,1.90947e+06,1.90947e+06,0
3,11,sync__,GPU,1.90947e+06,1.90947e+06,0
3,11,moe_route,GPU,1.90947e+06,1.90947e+06,0
3,11,expert_FFN_0,GPU,1.90947e+06,1.9203e+06,10832.6
3,11,gate_proj,GPU,1.90947e+06,1.91308e+06,3607.35
3,11,Linear,Logic,1.90947e+06,1.91308e+06,3607.35
3,11,activation,Logic,1.91308e+06,1.91309e+06,10.5463
3,11,up_proj,GPU,1.91309e+06,1.91669e+06,3607.35
3,11,Linear,Logic,1.91309e+06,1.91669e+06,3607.35
3,11,down_proj,GPU,1.91669e+06,1.9203e+06,3607.35
3,11,Linear,Logic,1.91669e+06,1.9203e+06,3607.35
3,11,expert_FFN_1,GPU,1.9203e+06,1.93117e+06,10865.7
3,11,gate_proj,GPU,1.9203e+06,1.92392e+06,3614.89
3,11,Linear,Logic,1.9203e+06,1.92392e+06,3614.89
3,11,activation,Logic,1.92392e+06,1.92394e+06,21.0927
3,11,up_proj,GPU,1.92394e+06,1.92755e+06,3614.89
3,11,Linear,Logic,1.92394e+06,1.92755e+06,3614.89
3,11,down_proj,GPU,1.92755e+06,1.93117e+06,3614.89
3,11,Linear,Logic,1.92755e+06,1.93117e+06,3614.89
3,11,expert_FFN_2,GPU,1.93117e+06,1.94334e+06,12173.1
3,11,gate_proj,GPU,1.93117e+06,1.93522e+06,4049.8
3,11,Linear,Logic,1.93117e+06,1.93522e+06,4049.8
3,11,activation,Logic,1.93522e+06,1.93524e+06,23.7293
3,11,up_proj,GPU,1.93524e+06,1.93929e+06,4049.8
3,11,Linear,Logic,1.93524e+06,1.93929e+06,4049.8
3,11,down_proj,GPU,1.93929e+06,1.94334e+06,4049.8
3,11,Linear,Logic,1.93929e+06,1.94334e+06,4049.8
3,11,expert_FFN_3,GPU,1.94334e+06,1.95551e+06,12173.1
3,11,gate_proj,GPU,1.94334e+06,1.94739e+06,4049.8
3,11,Linear,Logic,1.94334e+06,1.94739e+06,4049.8
3,11,activation,Logic,1.94739e+06,1.94741e+06,23.7293
3,11,up_proj,GPU,1.94741e+06,1.95146e+06,4049.8
3,11,Linear,Logic,1.94741e+06,1.95146e+06,4049.8
3,11,down_proj,GPU,1.95146e+06,1.95551e+06,4049.8
3,11,Linear,Logic,1.95146e+06,1.95551e+06,4049.8
3,11,expert_FFN_4,GPU,1.90947e+06,1.9531e+06,43628.7
3,11,gate_proj,GPU,1.90947e+06,1.92397e+06,14497.2
3,11,Linear,GPU,1.90947e+06,1.92397e+06,14497.2
3,11,activation,GPU,1.92397e+06,1.9241e+06,137.103
3,11,up_proj,GPU,1.9241e+06,1.9386e+06,14497.2
3,11,Linear,GPU,1.9241e+06,1.9386e+06,14497.2
3,11,down_proj,GPU,1.9386e+06,1.9531e+06,14497.2
3,11,Linear,GPU,1.9386e+06,1.9531e+06,14497.2
3,11,expert_FFN_5,GPU,1.9531e+06,1.99649e+06,43396.7
3,11,gate_proj,GPU,1.9531e+06,1.96754e+06,14444.5
3,11,Linear,GPU,1.9531e+06,1.96754e+06,14444.5
3,11,activation,GPU,1.96754e+06,1.96761e+06,63.2781
3,11,up_proj,GPU,1.96761e+06,1.98205e+06,14444.5
3,11,Linear,GPU,1.96761e+06,1.98205e+06,14444.5
3,11,down_proj,GPU,1.98205e+06,1.99649e+06,14444.5
3,11,Linear,GPU,1.98205e+06,1.99649e+06,14444.5
3,11,expert_FFN_6,GPU,1.95551e+06,1.97174e+06,16230.8
3,11,gate_proj,GPU,1.95551e+06,1.96091e+06,5399.73
3,11,Linear,Logic,1.95551e+06,1.96091e+06,5399.73
3,11,activation,Logic,1.96091e+06,1.96094e+06,31.639
3,11,up_proj,GPU,1.96094e+06,1.96634e+06,5399.73
3,11,Linear,Logic,1.96094e+06,1.96634e+06,5399.73
3,11,down_proj,GPU,1.96634e+06,1.97174e+06,5399.73
3,11,Linear,Logic,1.96634e+06,1.97174e+06,5399.73
3,11,expert_FFN_7,GPU,1.97174e+06,1.98257e+06,10824.3
3,11,gate_proj,GPU,1.97174e+06,1.97535e+06,3605.47
3,11,Linear,Logic,1.97174e+06,1.97535e+06,3605.47
3,11,activation,Logic,1.97535e+06,1.97536e+06,7.90976
3,11,up_proj,GPU,1.97536e+06,1.97896e+06,3605.47
3,11,Linear,Logic,1.97536e+06,1.97896e+06,3605.47
3,11,down_proj,GPU,1.97896e+06,1.98257e+06,3605.47
3,11,Linear,Logic,1.97896e+06,1.98257e+06,3605.47
3,11,sync_2,GPU,1.99649e+06,1.99649e+06,0
3,11,sync__set,GPU,1.99649e+06,1.99649e+06,0
3,11,sync__,GPU,1.99649e+06,1.99649e+06,0
3,11,moe_all_reduce_for_e_tp,GPU,1.99649e+06,2.01712e+06,20621.4
3,11,sync_3,GPU,2.01712e+06,2.01712e+06,0
3,11,sync__set,GPU,2.01712e+06,2.01712e+06,0
3,11,sync__,GPU,2.01712e+06,2.01712e+06,0
3,11,moe_gather,GPU,2.01712e+06,2.01712e+06,0
3,11,sync_for_moe_gather,GPU,2.01712e+06,2.01712e+06,0
3,11,sync__set,GPU,2.01712e+06,2.01712e+06,0
3,11,sync__,GPU,2.01712e+06,2.01712e+06,0
3,11,moe_all_reduce_for_gather,GPU,2.01712e+06,2.03774e+06,20621.4
3,11,sync_5,GPU,2.03774e+06,2.03774e+06,0
3,11,sync__set,GPU,2.03774e+06,2.03774e+06,0
3,11,sync__,GPU,2.03774e+06,2.03774e+06,0
3,11,sync_6,GPU,2.03774e+06,2.03774e+06,0
3,11,sync__set,GPU,2.03774e+06,2.03774e+06,0
3,11,sync__,GPU,2.03774e+06,2.03774e+06,0
3,11,residual_2,GPU,2.03774e+06,2.038e+06,261.148
3,12,MoE_decoder_12,GPU,2.038e+06,2.20754e+06,169543
3,12,input_layer_norm,GPU,2.038e+06,2.03826e+06,261.148
3,12,attention,GPU,2.03826e+06,2.07813e+06,39870
3,12,attn_qkv_proj,GPU,2.03826e+06,2.04461e+06,6347.9
3,12,Linear,GPU,2.03826e+06,2.04461e+06,6347.9
3,12,self_attention,GPU,2.04461e+06,2.05323e+06,8625.91
3,12,AttentionSplit,GPU,2.04461e+06,2.04461e+06,0
3,12,AttentionSum,GPU,2.04461e+06,2.04461e+06,0
3,12,AttentionGen,Logic,2.04461e+06,2.05323e+06,8625.91
3,12,AttentionMerge,GPU,2.05323e+06,2.05323e+06,0
3,12,attn_o_proj,GPU,2.05323e+06,2.05751e+06,4274.79
3,12,Linear,GPU,2.05323e+06,2.05751e+06,4274.79
3,12,all_reduce,GPU,2.05751e+06,2.07813e+06,20621.4
3,12,residual_1,GPU,2.07813e+06,2.07839e+06,261.148
3,12,post_attn_layer_norm,GPU,2.07839e+06,2.07865e+06,261.148
3,12,expertFFN,GPU,2.07865e+06,2.20728e+06,128628
3,12,sync_0,GPU,2.07865e+06,2.07865e+06,0
3,12,sync__set,GPU,2.07865e+06,2.07865e+06,0
3,12,sync__,GPU,2.07865e+06,2.07865e+06,0
3,12,gate_fn,GPU,2.07865e+06,2.07881e+06,160.957
3,12,Linear,GPU,2.07865e+06,2.07881e+06,160.957
3,12,gate_update,GPU,2.07881e+06,2.07881e+06,0
3,12,moe_scatter,GPU,2.07881e+06,2.07881e+06,0
3,12,sync_for_moe_scatter,GPU,2.07881e+06,2.07881e+06,0
3,12,sync__set,GPU,2.07881e+06,2.07881e+06,0
3,12,sync__,GPU,2.07881e+06,2.07881e+06,0
3,12,moe_route,GPU,2.07881e+06,2.07881e+06,0
3,12,expert_FFN_0,GPU,2.07881e+06,2.08968e+06,10865.7
3,12,gate_proj,GPU,2.07881e+06,2.08243e+06,3614.89
3,12,Linear,Logic,2.07881e+06,2.08243e+06,3614.89
3,12,activation,Logic,2.08243e+06,2.08245e+06,21.0927
3,12,up_proj,GPU,2.08245e+06,2.08606e+06,3614.89
3,12,Linear,Logic,2.08245e+06,2.08606e+06,3614.89
3,12,down_proj,GPU,2.08606e+06,2.08968e+06,3614.89
3,12,Linear,Logic,2.08606e+06,2.08968e+06,3614.89
3,12,expert_FFN_1,GPU,2.08968e+06,2.1032e+06,13525.7
3,12,gate_proj,GPU,2.08968e+06,2.09418e+06,4499.77
3,12,Linear,Logic,2.08968e+06,2.09418e+06,4499.77
3,12,activation,Logic,2.09418e+06,2.0942e+06,26.3659
3,12,up_proj,GPU,2.0942e+06,2.0987e+06,4499.77
3,12,Linear,Logic,2.0942e+06,2.0987e+06,4499.77
3,12,down_proj,GPU,2.0987e+06,2.1032e+06,4499.77
3,12,Linear,Logic,2.0987e+06,2.1032e+06,4499.77
3,12,expert_FFN_2,GPU,2.07881e+06,2.12244e+06,43628.7
3,12,gate_proj,GPU,2.07881e+06,2.09331e+06,14497.2
3,12,Linear,GPU,2.07881e+06,2.09331e+06,14497.2
3,12,activation,GPU,2.09331e+06,2.09345e+06,137.103
3,12,up_proj,GPU,2.09345e+06,2.10794e+06,14497.2
3,12,Linear,GPU,2.09345e+06,2.10794e+06,14497.2
3,12,down_proj,GPU,2.10794e+06,2.12244e+06,14497.2
3,12,Linear,GPU,2.10794e+06,2.12244e+06,14497.2
3,12,expert_FFN_3,GPU,2.12244e+06,2.16604e+06,43595.6
3,12,gate_proj,GPU,2.12244e+06,2.13693e+06,14489.7
3,12,Linear,GPU,2.12244e+06,2.13693e+06,14489.7
3,12,activation,GPU,2.13693e+06,2.13706e+06,126.556
3,12,up_proj,GPU,2.13706e+06,2.15155e+06,14489.7
3,12,Linear,GPU,2.13706e+06,2.15155e+06,14489.7
3,12,down_proj,GPU,2.15155e+06,2.16604e+06,14489.7
3,12,Linear,GPU,2.15155e+06,2.16604e+06,14489.7
3,12,expert_FFN_4,GPU,2.1032e+06,2.11404e+06,10840.9
3,12,gate_proj,GPU,2.1032e+06,2.10681e+06,3609.24
3,12,Linear,Logic,2.1032e+06,2.10681e+06,3609.24
3,12,activation,Logic,2.10681e+06,2.10683e+06,13.1829
3,12,up_proj,GPU,2.10683e+06,2.11044e+06,3609.24
3,12,Linear,Logic,2.10683e+06,2.11044e+06,3609.24
3,12,down_proj,GPU,2.11044e+06,2.11404e+06,3609.24
3,12,Linear,Logic,2.11044e+06,2.11404e+06,3609.24
3,12,expert_FFN_5,GPU,2.11404e+06,2.12488e+06,10832.6
3,12,gate_proj,GPU,2.11404e+06,2.11765e+06,3607.35
3,12,Linear,Logic,2.11404e+06,2.11765e+06,3607.35
3,12,activation,Logic,2.11765e+06,2.11766e+06,10.5463
3,12,up_proj,GPU,2.11766e+06,2.12127e+06,3607.35
3,12,Linear,Logic,2.11766e+06,2.12127e+06,3607.35
3,12,down_proj,GPU,2.12127e+06,2.12488e+06,3607.35
3,12,Linear,Logic,2.12127e+06,2.12488e+06,3607.35
3,12,expert_FFN_6,GPU,2.12488e+06,2.13573e+06,10857.5
3,12,gate_proj,GPU,2.12488e+06,2.12849e+06,3613
3,12,Linear,Logic,2.12488e+06,2.12849e+06,3613
3,12,activation,Logic,2.12849e+06,2.12851e+06,18.4561
3,12,up_proj,GPU,2.12851e+06,2.13212e+06,3613
3,12,Linear,Logic,2.12851e+06,2.13212e+06,3613
3,12,down_proj,GPU,2.13212e+06,2.13573e+06,3613
3,12,Linear,Logic,2.13212e+06,2.13573e+06,3613
3,12,expert_FFN_7,GPU,2.13573e+06,2.14658e+06,10840.9
3,12,gate_proj,GPU,2.13573e+06,2.13934e+06,3609.24
3,12,Linear,Logic,2.13573e+06,2.13934e+06,3609.24
3,12,activation,Logic,2.13934e+06,2.13936e+06,13.1829
3,12,up_proj,GPU,2.13936e+06,2.14297e+06,3609.24
3,12,Linear,Logic,2.13936e+06,2.14297e+06,3609.24
3,12,down_proj,GPU,2.14297e+06,2.14658e+06,3609.24
3,12,Linear,Logic,2.14297e+06,2.14658e+06,3609.24
3,12,sync_2,GPU,2.16604e+06,2.16604e+06,0
3,12,sync__set,GPU,2.16604e+06,2.16604e+06,0
3,12,sync__,GPU,2.16604e+06,2.16604e+06,0
3,12,moe_all_reduce_for_e_tp,GPU,2.16604e+06,2.18666e+06,20621.4
3,12,sync_3,GPU,2.18666e+06,2.18666e+06,0
3,12,sync__set,GPU,2.18666e+06,2.18666e+06,0
3,12,sync__,GPU,2.18666e+06,2.18666e+06,0
3,12,moe_gather,GPU,2.18666e+06,2.18666e+06,0
3,12,sync_for_moe_gather,GPU,2.18666e+06,2.18666e+06,0
3,12,sync__set,GPU,2.18666e+06,2.18666e+06,0
3,12,sync__,GPU,2.18666e+06,2.18666e+06,0
3,12,moe_all_reduce_for_gather,GPU,2.18666e+06,2.20728e+06,20621.4
3,12,sync_5,GPU,2.20728e+06,2.20728e+06,0
3,12,sync__set,GPU,2.20728e+06,2.20728e+06,0
3,12,sync__,GPU,2.20728e+06,2.20728e+06,0
3,12,sync_6,GPU,2.20728e+06,2.20728e+06,0
3,12,sync__set,GPU,2.20728e+06,2.20728e+06,0
3,12,sync__,GPU,2.20728e+06,2.20728e+06,0
3,12,residual_2,GPU,2.20728e+06,2.20754e+06,261.148
3,13,MoE_decoder_13,GPU,2.20754e+06,2.37688e+06,169344
3,13,input_layer_norm,GPU,2.20754e+06,2.2078e+06,261.148
3,13,attention,GPU,2.2078e+06,2.24767e+06,39870
3,13,attn_qkv_proj,GPU,2.2078e+06,2.21415e+06,6347.9
3,13,Linear,GPU,2.2078e+06,2.21415e+06,6347.9
3,13,self_attention,GPU,2.21415e+06,2.22278e+06,8625.91
3,13,AttentionSplit,GPU,2.21415e+06,2.21415e+06,0
3,13,AttentionSum,GPU,2.21415e+06,2.21415e+06,0
3,13,AttentionGen,Logic,2.21415e+06,2.22278e+06,8625.91
3,13,AttentionMerge,GPU,2.22278e+06,2.22278e+06,0
3,13,attn_o_proj,GPU,2.22278e+06,2.22705e+06,4274.79
3,13,Linear,GPU,2.22278e+06,2.22705e+06,4274.79
3,13,all_reduce,GPU,2.22705e+06,2.24767e+06,20621.4
3,13,residual_1,GPU,2.24767e+06,2.24793e+06,261.148
3,13,post_attn_layer_norm,GPU,2.24793e+06,2.24819e+06,261.148
3,13,expertFFN,GPU,2.24819e+06,2.37662e+06,128429
3,13,sync_0,GPU,2.24819e+06,2.24819e+06,0
3,13,sync__set,GPU,2.24819e+06,2.24819e+06,0
3,13,sync__,GPU,2.24819e+06,2.24819e+06,0
3,13,gate_fn,GPU,2.24819e+06,2.24836e+06,160.957
3,13,Linear,GPU,2.24819e+06,2.24836e+06,160.957
3,13,gate_update,GPU,2.24836e+06,2.24836e+06,0
3,13,moe_scatter,GPU,2.24836e+06,2.24836e+06,0
3,13,sync_for_moe_scatter,GPU,2.24836e+06,2.24836e+06,0
3,13,sync__set,GPU,2.24836e+06,2.24836e+06,0
3,13,sync__,GPU,2.24836e+06,2.24836e+06,0
3,13,moe_route,GPU,2.24836e+06,2.24836e+06,0
3,13,expert_FFN_0,GPU,2.24836e+06,2.25921e+06,10857.5
3,13,gate_proj,GPU,2.24836e+06,2.25197e+06,3613
3,13,Linear,Logic,2.24836e+06,2.25197e+06,3613
3,13,activation,Logic,2.25197e+06,2.25199e+06,18.4561
3,13,up_proj,GPU,2.25199e+06,2.2556e+06,3613
3,13,Linear,Logic,2.25199e+06,2.2556e+06,3613
3,13,down_proj,GPU,2.2556e+06,2.25921e+06,3613
3,13,Linear,Logic,2.2556e+06,2.25921e+06,3613
3,13,expert_FFN_1,GPU,2.25921e+06,2.27409e+06,14878.3
3,13,gate_proj,GPU,2.25921e+06,2.26416e+06,4949.75
3,13,Linear,Logic,2.25921e+06,2.26416e+06,4949.75
3,13,activation,Logic,2.26416e+06,2.26419e+06,29.0025
3,13,up_proj,GPU,2.26419e+06,2.26914e+06,4949.75
3,13,Linear,Logic,2.26419e+06,2.26914e+06,4949.75
3,13,down_proj,GPU,2.26914e+06,2.27409e+06,4949.75
3,13,Linear,Logic,2.26914e+06,2.27409e+06,4949.75
3,13,expert_FFN_2,GPU,2.27409e+06,2.28762e+06,13525.7
3,13,gate_proj,GPU,2.27409e+06,2.27859e+06,4499.77
3,13,Linear,Logic,2.27409e+06,2.27859e+06,4499.77
3,13,activation,Logic,2.27859e+06,2.27862e+06,26.3659
3,13,up_proj,GPU,2.27862e+06,2.28312e+06,4499.77
3,13,Linear,Logic,2.27862e+06,2.28312e+06,4499.77
3,13,down_proj,GPU,2.28312e+06,2.28762e+06,4499.77
3,13,Linear,Logic,2.28312e+06,2.28762e+06,4499.77
3,13,expert_FFN_3,GPU,2.28762e+06,2.29845e+06,10832.6
3,13,gate_proj,GPU,2.28762e+06,2.29122e+06,3607.35
3,13,Linear,Logic,2.28762e+06,2.29122e+06,3607.35
3,13,activation,Logic,2.29122e+06,2.29123e+06,10.5463
3,13,up_proj,GPU,2.29123e+06,2.29484e+06,3607.35
3,13,Linear,Logic,2.29123e+06,2.29484e+06,3607.35
3,13,down_proj,GPU,2.29484e+06,2.29845e+06,3607.35
3,13,Linear,Logic,2.29484e+06,2.29845e+06,3607.35
3,13,expert_FFN_4,GPU,2.29845e+06,2.30931e+06,10857.5
3,13,gate_proj,GPU,2.29845e+06,2.30206e+06,3613
3,13,Linear,Logic,2.29845e+06,2.30206e+06,3613
3,13,activation,Logic,2.30206e+06,2.30208e+06,18.4561
3,13,up_proj,GPU,2.30208e+06,2.30569e+06,3613
3,13,Linear,Logic,2.30208e+06,2.30569e+06,3613
3,13,down_proj,GPU,2.30569e+06,2.30931e+06,3613
3,13,Linear,Logic,2.30569e+06,2.30931e+06,3613
3,13,expert_FFN_5,GPU,2.30931e+06,2.32016e+06,10849.2
3,13,gate_proj,GPU,2.30931e+06,2.31292e+06,3611.12
3,13,Linear,Logic,2.30931e+06,2.31292e+06,3611.12
3,13,activation,Logic,2.31292e+06,2.31293e+06,15.8195
3,13,up_proj,GPU,2.31293e+06,2.31654e+06,3611.12
3,13,Linear,Logic,2.31293e+06,2.31654e+06,3611.12
3,13,down_proj,GPU,2.31654e+06,2.32016e+06,3611.12
3,13,Linear,Logic,2.31654e+06,2.32016e+06,3611.12
3,13,expert_FFN_6,GPU,2.24836e+06,2.29182e+06,43463
3,13,gate_proj,GPU,2.24836e+06,2.26281e+06,14459.5
3,13,Linear,GPU,2.24836e+06,2.26281e+06,14459.5
3,13,activation,GPU,2.26281e+06,2.2629e+06,84.3708
3,13,up_proj,GPU,2.2629e+06,2.27736e+06,14459.5
3,13,Linear,GPU,2.2629e+06,2.27736e+06,14459.5
3,13,down_proj,GPU,2.27736e+06,2.29182e+06,14459.5
3,13,Linear,GPU,2.27736e+06,2.29182e+06,14459.5
3,13,expert_FFN_7,GPU,2.29182e+06,2.33538e+06,43562.4
3,13,gate_proj,GPU,2.29182e+06,2.3063e+06,14482.1
3,13,Linear,GPU,2.29182e+06,2.3063e+06,14482.1
3,13,activation,GPU,2.3063e+06,2.30642e+06,116.01
3,13,up_proj,GPU,2.30642e+06,2.3209e+06,14482.1
3,13,Linear,GPU,2.30642e+06,2.3209e+06,14482.1
3,13,down_proj,GPU,2.3209e+06,2.33538e+06,14482.1
3,13,Linear,GPU,2.3209e+06,2.33538e+06,14482.1
3,13,sync_2,GPU,2.33538e+06,2.33538e+06,0
3,13,sync__set,GPU,2.33538e+06,2.33538e+06,0
3,13,sync__,GPU,2.33538e+06,2.33538e+06,0
3,13,moe_all_reduce_for_e_tp,GPU,2.33538e+06,2.356e+06,20621.4
3,13,sync_3,GPU,2.356e+06,2.356e+06,0
3,13,sync__set,GPU,2.356e+06,2.356e+06,0
3,13,sync__,GPU,2.356e+06,2.356e+06,0
3,13,moe_gather,GPU,2.356e+06,2.356e+06,0
3,13,sync_for_moe_gather,GPU,2.356e+06,2.356e+06,0
3,13,sync__set,GPU,2.356e+06,2.356e+06,0
3,13,sync__,GPU,2.356e+06,2.356e+06,0
3,13,moe_all_reduce_for_gather,GPU,2.356e+06,2.37662e+06,20621.4
3,13,sync_5,GPU,2.37662e+06,2.37662e+06,0
3,13,sync__set,GPU,2.37662e+06,2.37662e+06,0
3,13,sync__,GPU,2.37662e+06,2.37662e+06,0
3,13,sync_6,GPU,2.37662e+06,2.37662e+06,0
3,13,sync__set,GPU,2.37662e+06,2.37662e+06,0
3,13,sync__,GPU,2.37662e+06,2.37662e+06,0
3,13,residual_2,GPU,2.37662e+06,2.37688e+06,261.148
3,14,MoE_decoder_14,GPU,2.37688e+06,2.54623e+06,169344
3,14,input_layer_norm,GPU,2.37688e+06,2.37715e+06,261.148
3,14,attention,GPU,2.37715e+06,2.41702e+06,39870
3,14,attn_qkv_proj,GPU,2.37715e+06,2.38349e+06,6347.9
3,14,Linear,GPU,2.37715e+06,2.38349e+06,6347.9
3,14,self_attention,GPU,2.38349e+06,2.39212e+06,8625.91
3,14,AttentionSplit,GPU,2.38349e+06,2.38349e+06,0
3,14,AttentionSum,GPU,2.38349e+06,2.38349e+06,0
3,14,AttentionGen,Logic,2.38349e+06,2.39212e+06,8625.91
3,14,AttentionMerge,GPU,2.39212e+06,2.39212e+06,0
3,14,attn_o_proj,GPU,2.39212e+06,2.39639e+06,4274.79
3,14,Linear,GPU,2.39212e+06,2.39639e+06,4274.79
3,14,all_reduce,GPU,2.39639e+06,2.41702e+06,20621.4
3,14,residual_1,GPU,2.41702e+06,2.41728e+06,261.148
3,14,post_attn_layer_norm,GPU,2.41728e+06,2.41754e+06,261.148
3,14,expertFFN,GPU,2.41754e+06,2.54597e+06,128429
3,14,sync_0,GPU,2.41754e+06,2.41754e+06,0
3,14,sync__set,GPU,2.41754e+06,2.41754e+06,0
3,14,sync__,GPU,2.41754e+06,2.41754e+06,0
3,14,gate_fn,GPU,2.41754e+06,2.4177e+06,160.957
3,14,Linear,GPU,2.41754e+06,2.4177e+06,160.957
3,14,gate_update,GPU,2.4177e+06,2.4177e+06,0
3,14,moe_scatter,GPU,2.4177e+06,2.4177e+06,0
3,14,sync_for_moe_scatter,GPU,2.4177e+06,2.4177e+06,0
3,14,sync__set,GPU,2.4177e+06,2.4177e+06,0
3,14,sync__,GPU,2.4177e+06,2.4177e+06,0
3,14,moe_route,GPU,2.4177e+06,2.4177e+06,0
3,14,expert_FFN_0,GPU,2.4177e+06,2.46123e+06,43529.3
3,14,gate_proj,GPU,2.4177e+06,2.43217e+06,14474.6
3,14,Linear,GPU,2.4177e+06,2.43217e+06,14474.6
3,14,activation,GPU,2.43217e+06,2.43228e+06,105.463
3,14,up_proj,GPU,2.43228e+06,2.44675e+06,14474.6
3,14,Linear,GPU,2.43228e+06,2.44675e+06,14474.6
3,14,down_proj,GPU,2.44675e+06,2.46123e+06,14474.6
3,14,Linear,GPU,2.44675e+06,2.46123e+06,14474.6
3,14,expert_FFN_1,GPU,2.46123e+06,2.50472e+06,43496.1
3,14,gate_proj,GPU,2.46123e+06,2.4757e+06,14467.1
3,14,Linear,GPU,2.46123e+06,2.4757e+06,14467.1
3,14,activation,GPU,2.4757e+06,2.47579e+06,94.9171
3,14,up_proj,GPU,2.47579e+06,2.49026e+06,14467.1
3,14,Linear,GPU,2.47579e+06,2.49026e+06,14467.1
3,14,down_proj,GPU,2.49026e+06,2.50472e+06,14467.1
3,14,Linear,GPU,2.49026e+06,2.50472e+06,14467.1
3,14,expert_FFN_2,GPU,2.4177e+06,2.43393e+06,16230.8
3,14,gate_proj,GPU,2.4177e+06,2.4231e+06,5399.73
3,14,Linear,Logic,2.4177e+06,2.4231e+06,5399.73
3,14,activation,Logic,2.4231e+06,2.42313e+06,31.639
3,14,up_proj,GPU,2.42313e+06,2.42853e+06,5399.73
3,14,Linear,Logic,2.42313e+06,2.42853e+06,5399.73
3,14,down_proj,GPU,2.42853e+06,2.43393e+06,5399.73
3,14,Linear,Logic,2.42853e+06,2.43393e+06,5399.73
3,14,expert_FFN_3,GPU,2.43393e+06,2.44478e+06,10849.2
3,14,gate_proj,GPU,2.43393e+06,2.43754e+06,3611.12
3,14,Linear,Logic,2.43393e+06,2.43754e+06,3611.12
3,14,activation,Logic,2.43754e+06,2.43756e+06,15.8195
3,14,up_proj,GPU,2.43756e+06,2.44117e+06,3611.12
3,14,Linear,Logic,2.43756e+06,2.44117e+06,3611.12
3,14,down_proj,GPU,2.44117e+06,2.44478e+06,3611.12
3,14,Linear,Logic,2.44117e+06,2.44478e+06,3611.12
3,14,expert_FFN_4,GPU,2.44478e+06,2.45564e+06,10857.5
3,14,gate_proj,GPU,2.44478e+06,2.44839e+06,3613
3,14,Linear,Logic,2.44478e+06,2.44839e+06,3613
3,14,activation,Logic,2.44839e+06,2.44841e+06,18.4561
3,14,up_proj,GPU,2.44841e+06,2.45202e+06,3613
3,14,Linear,Logic,2.44841e+06,2.45202e+06,3613
3,14,down_proj,GPU,2.45202e+06,2.45564e+06,3613
3,14,Linear,Logic,2.45202e+06,2.45564e+06,3613
3,14,expert_FFN_5,GPU,2.45564e+06,2.46649e+06,10857.5
3,14,gate_proj,GPU,2.45564e+06,2.45925e+06,3613
3,14,Linear,Logic,2.45564e+06,2.45925e+06,3613
3,14,activation,Logic,2.45925e+06,2.45927e+06,18.4561
3,14,up_proj,GPU,2.45927e+06,2.46288e+06,3613
3,14,Linear,Logic,2.45927e+06,2.46288e+06,3613
3,14,down_proj,GPU,2.46288e+06,2.46649e+06,3613
3,14,Linear,Logic,2.46288e+06,2.46649e+06,3613
3,14,expert_FFN_6,GPU,2.46649e+06,2.47736e+06,10865.7
3,14,gate_proj,GPU,2.46649e+06,2.47011e+06,3614.89
3,14,Linear,Logic,2.46649e+06,2.47011e+06,3614.89
3,14,activation,Logic,2.47011e+06,2.47013e+06,21.0927
3,14,up_proj,GPU,2.47013e+06,2.47374e+06,3614.89
3,14,Linear,Logic,2.47013e+06,2.47374e+06,3614.89
3,14,down_proj,GPU,2.47374e+06,2.47736e+06,3614.89
3,14,Linear,Logic,2.47374e+06,2.47736e+06,3614.89
3,14,expert_FFN_7,GPU,2.47736e+06,2.4882e+06,10840.9
3,14,gate_proj,GPU,2.47736e+06,2.48097e+06,3609.24
3,14,Linear,Logic,2.47736e+06,2.48097e+06,3609.24
3,14,activation,Logic,2.48097e+06,2.48098e+06,13.1829
3,14,up_proj,GPU,2.48098e+06,2.48459e+06,3609.24
3,14,Linear,Logic,2.48098e+06,2.48459e+06,3609.24
3,14,down_proj,GPU,2.48459e+06,2.4882e+06,3609.24
3,14,Linear,Logic,2.48459e+06,2.4882e+06,3609.24
3,14,sync_2,GPU,2.50472e+06,2.50472e+06,0
3,14,sync__set,GPU,2.50472e+06,2.50472e+06,0
3,14,sync__,GPU,2.50472e+06,2.50472e+06,0
3,14,moe_all_reduce_for_e_tp,GPU,2.50472e+06,2.52535e+06,20621.4
3,14,sync_3,GPU,2.52535e+06,2.52535e+06,0
3,14,sync__set,GPU,2.52535e+06,2.52535e+06,0
3,14,sync__,GPU,2.52535e+06,2.52535e+06,0
3,14,moe_gather,GPU,2.52535e+06,2.52535e+06,0
3,14,sync_for_moe_gather,GPU,2.52535e+06,2.52535e+06,0
3,14,sync__set,GPU,2.52535e+06,2.52535e+06,0
3,14,sync__,GPU,2.52535e+06,2.52535e+06,0
3,14,moe_all_reduce_for_gather,GPU,2.52535e+06,2.54597e+06,20621.4
3,14,sync_5,GPU,2.54597e+06,2.54597e+06,0
3,14,sync__set,GPU,2.54597e+06,2.54597e+06,0
3,14,sync__,GPU,2.54597e+06,2.54597e+06,0
3,14,sync_6,GPU,2.54597e+06,2.54597e+06,0
3,14,sync__set,GPU,2.54597e+06,2.54597e+06,0
3,14,sync__,GPU,2.54597e+06,2.54597e+06,0
3,14,residual_2,GPU,2.54597e+06,2.54623e+06,261.148
3,15,MoE_decoder_15,GPU,2.54623e+06,2.72336e+06,177129
3,15,input_layer_norm,GPU,2.54623e+06,2.54649e+06,261.148
3,15,attention,GPU,2.54649e+06,2.58636e+06,39870
3,15,attn_qkv_proj,GPU,2.54649e+06,2.55284e+06,6347.9
3,15,Linear,GPU,2.54649e+06,2.55284e+06,6347.9
3,15,self_attention,GPU,2.55284e+06,2.56146e+06,8625.91
3,15,AttentionSplit,GPU,2.55284e+06,2.55284e+06,0
3,15,AttentionSum,GPU,2.55284e+06,2.55284e+06,0
3,15,AttentionGen,Logic,2.55284e+06,2.56146e+06,8625.91
3,15,AttentionMerge,GPU,2.56146e+06,2.56146e+06,0
3,15,attn_o_proj,GPU,2.56146e+06,2.56574e+06,4274.79
3,15,Linear,GPU,2.56146e+06,2.56574e+06,4274.79
3,15,all_reduce,GPU,2.56574e+06,2.58636e+06,20621.4
3,15,residual_1,GPU,2.58636e+06,2.58662e+06,261.148
3,15,post_attn_layer_norm,GPU,2.58662e+06,2.58688e+06,261.148
3,15,expertFFN,GPU,2.58688e+06,2.7231e+06,136215
3,15,sync_0,GPU,2.58688e+06,2.58688e+06,0
3,15,sync__set,GPU,2.58688e+06,2.58688e+06,0
3,15,sync__,GPU,2.58688e+06,2.58688e+06,0
3,15,gate_fn,GPU,2.58688e+06,2.58704e+06,160.957
3,15,Linear,GPU,2.58688e+06,2.58704e+06,160.957
3,15,gate_update,GPU,2.58704e+06,2.58704e+06,0
3,15,moe_scatter,GPU,2.58704e+06,2.58704e+06,0
3,15,sync_for_moe_scatter,GPU,2.58704e+06,2.58704e+06,0
3,15,sync__set,GPU,2.58704e+06,2.58704e+06,0
3,15,sync__,GPU,2.58704e+06,2.58704e+06,0
3,15,moe_route,GPU,2.58704e+06,2.58704e+06,0
3,15,expert_FFN_0,GPU,2.58704e+06,2.59791e+06,10865.7
3,15,gate_proj,GPU,2.58704e+06,2.59066e+06,3614.89
3,15,Linear,Logic,2.58704e+06,2.59066e+06,3614.89
3,15,activation,Logic,2.59066e+06,2.59068e+06,21.0927
3,15,up_proj,GPU,2.59068e+06,2.59429e+06,3614.89
3,15,Linear,Logic,2.59068e+06,2.59429e+06,3614.89
3,15,down_proj,GPU,2.59429e+06,2.59791e+06,3614.89
3,15,Linear,Logic,2.59429e+06,2.59791e+06,3614.89
3,15,expert_FFN_1,GPU,2.59791e+06,2.61008e+06,12173.1
3,15,gate_proj,GPU,2.59791e+06,2.60196e+06,4049.8
3,15,Linear,Logic,2.59791e+06,2.60196e+06,4049.8
3,15,activation,Logic,2.60196e+06,2.60198e+06,23.7293
3,15,up_proj,GPU,2.60198e+06,2.60603e+06,4049.8
3,15,Linear,Logic,2.60198e+06,2.60603e+06,4049.8
3,15,down_proj,GPU,2.60603e+06,2.61008e+06,4049.8
3,15,Linear,Logic,2.60603e+06,2.61008e+06,4049.8
3,15,expert_FFN_2,GPU,2.61008e+06,2.62361e+06,13525.7
3,15,gate_proj,GPU,2.61008e+06,2.61458e+06,4499.77
3,15,Linear,Logic,2.61008e+06,2.61458e+06,4499.77
3,15,activation,Logic,2.61458e+06,2.61461e+06,26.3659
3,15,up_proj,GPU,2.61461e+06,2.61911e+06,4499.77
3,15,Linear,Logic,2.61461e+06,2.61911e+06,4499.77
3,15,down_proj,GPU,2.61911e+06,2.62361e+06,4499.77
3,15,Linear,Logic,2.61911e+06,2.62361e+06,4499.77
3,15,expert_FFN_3,GPU,2.62361e+06,2.63445e+06,10840.9
3,15,gate_proj,GPU,2.62361e+06,2.62722e+06,3609.24
3,15,Linear,Logic,2.62361e+06,2.62722e+06,3609.24
3,15,activation,Logic,2.62722e+06,2.62723e+06,13.1829
3,15,up_proj,GPU,2.62723e+06,2.63084e+06,3609.24
3,15,Linear,Logic,2.62723e+06,2.63084e+06,3609.24
3,15,down_proj,GPU,2.63084e+06,2.63445e+06,3609.24
3,15,Linear,Logic,2.63084e+06,2.63445e+06,3609.24
3,15,expert_FFN_4,GPU,2.63445e+06,2.6453e+06,10849.2
3,15,gate_proj,GPU,2.63445e+06,2.63806e+06,3611.12
3,15,Linear,Logic,2.63445e+06,2.63806e+06,3611.12
3,15,activation,Logic,2.63806e+06,2.63808e+06,15.8195
3,15,up_proj,GPU,2.63808e+06,2.64169e+06,3611.12
3,15,Linear,Logic,2.63808e+06,2.64169e+06,3611.12
3,15,down_proj,GPU,2.64169e+06,2.6453e+06,3611.12
3,15,Linear,Logic,2.64169e+06,2.6453e+06,3611.12
3,15,expert_FFN_5,GPU,2.6453e+06,2.65882e+06,13525.7
3,15,gate_proj,GPU,2.6453e+06,2.6498e+06,4499.77
3,15,Linear,Logic,2.6453e+06,2.6498e+06,4499.77
3,15,activation,Logic,2.6498e+06,2.64982e+06,26.3659
3,15,up_proj,GPU,2.64982e+06,2.65432e+06,4499.77
3,15,Linear,Logic,2.64982e+06,2.65432e+06,4499.77
3,15,down_proj,GPU,2.65432e+06,2.65882e+06,4499.77
3,15,Linear,Logic,2.65432e+06,2.65882e+06,4499.77
3,15,expert_FFN_6,GPU,2.65882e+06,2.671e+06,12173.1
3,15,gate_proj,GPU,2.65882e+06,2.66287e+06,4049.8
3,15,Linear,Logic,2.65882e+06,2.66287e+06,4049.8
3,15,activation,Logic,2.66287e+06,2.6629e+06,23.7293
3,15,up_proj,GPU,2.6629e+06,2.66695e+06,4049.8
3,15,Linear,Logic,2.6629e+06,2.66695e+06,4049.8
3,15,down_proj,GPU,2.66695e+06,2.671e+06,4049.8
3,15,Linear,Logic,2.66695e+06,2.671e+06,4049.8
3,15,expert_FFN_7,GPU,2.671e+06,2.68185e+06,10857.5
3,15,gate_proj,GPU,2.671e+06,2.67461e+06,3613
3,15,Linear,Logic,2.671e+06,2.67461e+06,3613
3,15,activation,Logic,2.67461e+06,2.67463e+06,18.4561
3,15,up_proj,GPU,2.67463e+06,2.67824e+06,3613
3,15,Linear,Logic,2.67463e+06,2.67824e+06,3613
3,15,down_proj,GPU,2.67824e+06,2.68185e+06,3613
3,15,Linear,Logic,2.67824e+06,2.68185e+06,3613
3,15,sync_2,GPU,2.68185e+06,2.68185e+06,0
3,15,sync__set,GPU,2.68185e+06,2.68185e+06,0
3,15,sync__,GPU,2.68185e+06,2.68185e+06,0
3,15,moe_all_reduce_for_e_tp,GPU,2.68185e+06,2.70248e+06,20621.4
3,15,sync_3,GPU,2.70248e+06,2.70248e+06,0
3,15,sync__set,GPU,2.70248e+06,2.70248e+06,0
3,15,sync__,GPU,2.70248e+06,2.70248e+06,0
3,15,moe_gather,GPU,2.70248e+06,2.70248e+06,0
3,15,sync_for_moe_gather,GPU,2.70248e+06,2.70248e+06,0
3,15,sync__set,GPU,2.70248e+06,2.70248e+06,0
3,15,sync__,GPU,2.70248e+06,2.70248e+06,0
3,15,moe_all_reduce_for_gather,GPU,2.70248e+06,2.7231e+06,20621.4
3,15,sync_5,GPU,2.7231e+06,2.7231e+06,0
3,15,sync__set,GPU,2.7231e+06,2.7231e+06,0
3,15,sync__,GPU,2.7231e+06,2.7231e+06,0
3,15,sync_6,GPU,2.7231e+06,2.7231e+06,0
3,15,sync__set,GPU,2.7231e+06,2.7231e+06,0
3,15,sync__,GPU,2.7231e+06,2.7231e+06,0
3,15,residual_2,GPU,2.7231e+06,2.72336e+06,261.148
3,16,MoE_decoder_16,GPU,2.72336e+06,2.89919e+06,175830
3,16,input_layer_norm,GPU,2.72336e+06,2.72362e+06,261.148
3,16,attention,GPU,2.72362e+06,2.76349e+06,39870
3,16,attn_qkv_proj,GPU,2.72362e+06,2.72997e+06,6347.9
3,16,Linear,GPU,2.72362e+06,2.72997e+06,6347.9
3,16,self_attention,GPU,2.72997e+06,2.73859e+06,8625.91
3,16,AttentionSplit,GPU,2.72997e+06,2.72997e+06,0
3,16,AttentionSum,GPU,2.72997e+06,2.72997e+06,0
3,16,AttentionGen,Logic,2.72997e+06,2.73859e+06,8625.91
3,16,AttentionMerge,GPU,2.73859e+06,2.73859e+06,0
3,16,attn_o_proj,GPU,2.73859e+06,2.74287e+06,4274.79
3,16,Linear,GPU,2.73859e+06,2.74287e+06,4274.79
3,16,all_reduce,GPU,2.74287e+06,2.76349e+06,20621.4
3,16,residual_1,GPU,2.76349e+06,2.76375e+06,261.148
3,16,post_attn_layer_norm,GPU,2.76375e+06,2.76401e+06,261.148
3,16,expertFFN,GPU,2.76401e+06,2.89893e+06,134916
3,16,sync_0,GPU,2.76401e+06,2.76401e+06,0
3,16,sync__set,GPU,2.76401e+06,2.76401e+06,0
3,16,sync__,GPU,2.76401e+06,2.76401e+06,0
3,16,gate_fn,GPU,2.76401e+06,2.76417e+06,160.957
3,16,Linear,GPU,2.76401e+06,2.76417e+06,160.957
3,16,gate_update,GPU,2.76417e+06,2.76417e+06,0
3,16,moe_scatter,GPU,2.76417e+06,2.76417e+06,0
3,16,sync_for_moe_scatter,GPU,2.76417e+06,2.76417e+06,0
3,16,sync__set,GPU,2.76417e+06,2.76417e+06,0
3,16,sync__,GPU,2.76417e+06,2.76417e+06,0
3,16,moe_route,GPU,2.76417e+06,2.76417e+06,0
3,16,expert_FFN_0,GPU,2.76417e+06,2.7777e+06,13525.7
3,16,gate_proj,GPU,2.76417e+06,2.76867e+06,4499.77
3,16,Linear,Logic,2.76417e+06,2.76867e+06,4499.77
3,16,activation,Logic,2.76867e+06,2.7687e+06,26.3659
3,16,up_proj,GPU,2.7687e+06,2.7732e+06,4499.77
3,16,Linear,Logic,2.7687e+06,2.7732e+06,4499.77
3,16,down_proj,GPU,2.7732e+06,2.7777e+06,4499.77
3,16,Linear,Logic,2.7732e+06,2.7777e+06,4499.77
3,16,expert_FFN_1,GPU,2.7777e+06,2.78856e+06,10865.7
3,16,gate_proj,GPU,2.7777e+06,2.78131e+06,3614.89
3,16,Linear,Logic,2.7777e+06,2.78131e+06,3614.89
3,16,activation,Logic,2.78131e+06,2.78133e+06,21.0927
3,16,up_proj,GPU,2.78133e+06,2.78495e+06,3614.89
3,16,Linear,Logic,2.78133e+06,2.78495e+06,3614.89
3,16,down_proj,GPU,2.78495e+06,2.78856e+06,3614.89
3,16,Linear,Logic,2.78495e+06,2.78856e+06,3614.89
3,16,expert_FFN_2,GPU,2.78856e+06,2.79941e+06,10849.2
3,16,gate_proj,GPU,2.78856e+06,2.79217e+06,3611.12
3,16,Linear,Logic,2.78856e+06,2.79217e+06,3611.12
3,16,activation,Logic,2.79217e+06,2.79219e+06,15.8195
3,16,up_proj,GPU,2.79219e+06,2.7958e+06,3611.12
3,16,Linear,Logic,2.79219e+06,2.7958e+06,3611.12
3,16,down_proj,GPU,2.7958e+06,2.79941e+06,3611.12
3,16,Linear,Logic,2.7958e+06,2.79941e+06,3611.12
3,16,expert_FFN_3,GPU,2.79941e+06,2.81294e+06,13525.7
3,16,gate_proj,GPU,2.79941e+06,2.80391e+06,4499.77
3,16,Linear,Logic,2.79941e+06,2.80391e+06,4499.77
3,16,activation,Logic,2.80391e+06,2.80394e+06,26.3659
3,16,up_proj,GPU,2.80394e+06,2.80844e+06,4499.77
3,16,Linear,Logic,2.80394e+06,2.80844e+06,4499.77
3,16,down_proj,GPU,2.80844e+06,2.81294e+06,4499.77
3,16,Linear,Logic,2.80844e+06,2.81294e+06,4499.77
3,16,expert_FFN_4,GPU,2.81294e+06,2.82511e+06,12173.1
3,16,gate_proj,GPU,2.81294e+06,2.81699e+06,4049.8
3,16,Linear,Logic,2.81294e+06,2.81699e+06,4049.8
3,16,activation,Logic,2.81699e+06,2.81701e+06,23.7293
3,16,up_proj,GPU,2.81701e+06,2.82106e+06,4049.8
3,16,Linear,Logic,2.81701e+06,2.82106e+06,4049.8
3,16,down_proj,GPU,2.82106e+06,2.82511e+06,4049.8
3,16,Linear,Logic,2.82106e+06,2.82511e+06,4049.8
3,16,expert_FFN_5,GPU,2.82511e+06,2.83597e+06,10857.5
3,16,gate_proj,GPU,2.82511e+06,2.82872e+06,3613
3,16,Linear,Logic,2.82511e+06,2.82872e+06,3613
3,16,activation,Logic,2.82872e+06,2.82874e+06,18.4561
3,16,up_proj,GPU,2.82874e+06,2.83236e+06,3613
3,16,Linear,Logic,2.82874e+06,2.83236e+06,3613
3,16,down_proj,GPU,2.83236e+06,2.83597e+06,3613
3,16,Linear,Logic,2.83236e+06,2.83597e+06,3613
3,16,expert_FFN_6,GPU,2.83597e+06,2.84683e+06,10857.5
3,16,gate_proj,GPU,2.83597e+06,2.83958e+06,3613
3,16,Linear,Logic,2.83597e+06,2.83958e+06,3613
3,16,activation,Logic,2.83958e+06,2.8396e+06,18.4561
3,16,up_proj,GPU,2.8396e+06,2.84321e+06,3613
3,16,Linear,Logic,2.8396e+06,2.84321e+06,3613
3,16,down_proj,GPU,2.84321e+06,2.84683e+06,3613
3,16,Linear,Logic,2.84321e+06,2.84683e+06,3613
3,16,expert_FFN_7,GPU,2.84683e+06,2.85768e+06,10857.5
3,16,gate_proj,GPU,2.84683e+06,2.85044e+06,3613
3,16,Linear,Logic,2.84683e+06,2.85044e+06,3613
3,16,activation,Logic,2.85044e+06,2.85046e+06,18.4561
3,16,up_proj,GPU,2.85046e+06,2.85407e+06,3613
3,16,Linear,Logic,2.85046e+06,2.85407e+06,3613
3,16,down_proj,GPU,2.85407e+06,2.85768e+06,3613
3,16,Linear,Logic,2.85407e+06,2.85768e+06,3613
3,16,sync_2,GPU,2.85768e+06,2.85768e+06,0
3,16,sync__set,GPU,2.85768e+06,2.85768e+06,0
3,16,sync__,GPU,2.85768e+06,2.85768e+06,0
3,16,moe_all_reduce_for_e_tp,GPU,2.85768e+06,2.87831e+06,20621.4
3,16,sync_3,GPU,2.87831e+06,2.87831e+06,0
3,16,sync__set,GPU,2.87831e+06,2.87831e+06,0
3,16,sync__,GPU,2.87831e+06,2.87831e+06,0
3,16,moe_gather,GPU,2.87831e+06,2.87831e+06,0
3,16,sync_for_moe_gather,GPU,2.87831e+06,2.87831e+06,0
3,16,sync__set,GPU,2.87831e+06,2.87831e+06,0
3,16,sync__,GPU,2.87831e+06,2.87831e+06,0
3,16,moe_all_reduce_for_gather,GPU,2.87831e+06,2.89893e+06,20621.4
3,16,sync_5,GPU,2.89893e+06,2.89893e+06,0
3,16,sync__set,GPU,2.89893e+06,2.89893e+06,0
3,16,sync__,GPU,2.89893e+06,2.89893e+06,0
3,16,sync_6,GPU,2.89893e+06,2.89893e+06,0
3,16,sync__set,GPU,2.89893e+06,2.89893e+06,0
3,16,sync__,GPU,2.89893e+06,2.89893e+06,0
3,16,residual_2,GPU,2.89893e+06,2.89919e+06,261.148
3,17,MoE_decoder_17,GPU,2.89919e+06,3.06857e+06,169377
3,17,input_layer_norm,GPU,2.89919e+06,2.89945e+06,261.148
3,17,attention,GPU,2.89945e+06,2.93932e+06,39870
3,17,attn_qkv_proj,GPU,2.89945e+06,2.9058e+06,6347.9
3,17,Linear,GPU,2.89945e+06,2.9058e+06,6347.9
3,17,self_attention,GPU,2.9058e+06,2.91442e+06,8625.91
3,17,AttentionSplit,GPU,2.9058e+06,2.9058e+06,0
3,17,AttentionSum,GPU,2.9058e+06,2.9058e+06,0
3,17,AttentionGen,Logic,2.9058e+06,2.91442e+06,8625.91
3,17,AttentionMerge,GPU,2.91442e+06,2.91442e+06,0
3,17,attn_o_proj,GPU,2.91442e+06,2.9187e+06,4274.79
3,17,Linear,GPU,2.91442e+06,2.9187e+06,4274.79
3,17,all_reduce,GPU,2.9187e+06,2.93932e+06,20621.4
3,17,residual_1,GPU,2.93932e+06,2.93958e+06,261.148
3,17,post_attn_layer_norm,GPU,2.93958e+06,2.93984e+06,261.148
3,17,expertFFN,GPU,2.93984e+06,3.0683e+06,128462
3,17,sync_0,GPU,2.93984e+06,2.93984e+06,0
3,17,sync__set,GPU,2.93984e+06,2.93984e+06,0
3,17,sync__,GPU,2.93984e+06,2.93984e+06,0
3,17,gate_fn,GPU,2.93984e+06,2.94e+06,160.957
3,17,Linear,GPU,2.93984e+06,2.94e+06,160.957
3,17,gate_update,GPU,2.94e+06,2.94e+06,0
3,17,moe_scatter,GPU,2.94e+06,2.94e+06,0
3,17,sync_for_moe_scatter,GPU,2.94e+06,2.94e+06,0
3,17,sync__set,GPU,2.94e+06,2.94e+06,0
3,17,sync__,GPU,2.94e+06,2.94e+06,0
3,17,moe_route,GPU,2.94e+06,2.94e+06,0
3,17,expert_FFN_0,GPU,2.94e+06,2.98347e+06,43463
3,17,gate_proj,GPU,2.94e+06,2.95446e+06,14459.5
3,17,Linear,GPU,2.94e+06,2.95446e+06,14459.5
3,17,activation,GPU,2.95446e+06,2.95455e+06,84.3708
3,17,up_proj,GPU,2.95455e+06,2.96901e+06,14459.5
3,17,Linear,GPU,2.95455e+06,2.96901e+06,14459.5
3,17,down_proj,GPU,2.96901e+06,2.98347e+06,14459.5
3,17,Linear,GPU,2.96901e+06,2.98347e+06,14459.5
3,17,expert_FFN_1,GPU,2.98347e+06,3.02706e+06,43595.6
3,17,gate_proj,GPU,2.98347e+06,2.99796e+06,14489.7
3,17,Linear,GPU,2.98347e+06,2.99796e+06,14489.7
3,17,activation,GPU,2.99796e+06,2.99808e+06,126.556
3,17,up_proj,GPU,2.99808e+06,3.01257e+06,14489.7
3,17,Linear,GPU,2.99808e+06,3.01257e+06,14489.7
3,17,down_proj,GPU,3.01257e+06,3.02706e+06,14489.7
3,17,Linear,GPU,3.01257e+06,3.02706e+06,14489.7
3,17,expert_FFN_2,GPU,2.94e+06,2.95085e+06,10849.2
3,17,gate_proj,GPU,2.94e+06,2.94361e+06,3611.12
3,17,Linear,Logic,2.94e+06,2.94361e+06,3611.12
3,17,activation,Logic,2.94361e+06,2.94363e+06,15.8195
3,17,up_proj,GPU,2.94363e+06,2.94724e+06,3611.12
3,17,Linear,Logic,2.94363e+06,2.94724e+06,3611.12
3,17,down_proj,GPU,2.94724e+06,2.95085e+06,3611.12
3,17,Linear,Logic,2.94724e+06,2.95085e+06,3611.12
3,17,expert_FFN_3,GPU,2.95085e+06,2.96302e+06,12173.1
3,17,gate_proj,GPU,2.95085e+06,2.9549e+06,4049.8
3,17,Linear,Logic,2.95085e+06,2.9549e+06,4049.8
3,17,activation,Logic,2.9549e+06,2.95493e+06,23.7293
3,17,up_proj,GPU,2.95493e+06,2.95898e+06,4049.8
3,17,Linear,Logic,2.95493e+06,2.95898e+06,4049.8
3,17,down_proj,GPU,2.95898e+06,2.96302e+06,4049.8
3,17,Linear,Logic,2.95898e+06,2.96302e+06,4049.8
3,17,expert_FFN_4,GPU,2.96302e+06,2.97387e+06,10849.2
3,17,gate_proj,GPU,2.96302e+06,2.96664e+06,3611.12
3,17,Linear,Logic,2.96302e+06,2.96664e+06,3611.12
3,17,activation,Logic,2.96664e+06,2.96665e+06,15.8195
3,17,up_proj,GPU,2.96665e+06,2.97026e+06,3611.12
3,17,Linear,Logic,2.96665e+06,2.97026e+06,3611.12
3,17,down_proj,GPU,2.97026e+06,2.97387e+06,3611.12
3,17,Linear,Logic,2.97026e+06,2.97387e+06,3611.12
3,17,expert_FFN_5,GPU,2.97387e+06,2.98875e+06,14878.3
3,17,gate_proj,GPU,2.97387e+06,2.97882e+06,4949.75
3,17,Linear,Logic,2.97387e+06,2.97882e+06,4949.75
3,17,activation,Logic,2.97882e+06,2.97885e+06,29.0025
3,17,up_proj,GPU,2.97885e+06,2.9838e+06,4949.75
3,17,Linear,Logic,2.97885e+06,2.9838e+06,4949.75
3,17,down_proj,GPU,2.9838e+06,2.98875e+06,4949.75
3,17,Linear,Logic,2.9838e+06,2.98875e+06,4949.75
3,17,expert_FFN_6,GPU,2.98875e+06,2.99958e+06,10832.6
3,17,gate_proj,GPU,2.98875e+06,2.99236e+06,3607.35
3,17,Linear,Logic,2.98875e+06,2.99236e+06,3607.35
3,17,activation,Logic,2.99236e+06,2.99237e+06,10.5463
3,17,up_proj,GPU,2.99237e+06,2.99598e+06,3607.35
3,17,Linear,Logic,2.99237e+06,2.99598e+06,3607.35
3,17,down_proj,GPU,2.99598e+06,2.99958e+06,3607.35
3,17,Linear,Logic,2.99598e+06,2.99958e+06,3607.35
3,17,expert_FFN_7,GPU,2.99958e+06,3.01045e+06,10865.7
3,17,gate_proj,GPU,2.99958e+06,3.0032e+06,3614.89
3,17,Linear,Logic,2.99958e+06,3.0032e+06,3614.89
3,17,activation,Logic,3.0032e+06,3.00322e+06,21.0927
3,17,up_proj,GPU,3.00322e+06,3.00684e+06,3614.89
3,17,Linear,Logic,3.00322e+06,3.00684e+06,3614.89
3,17,down_proj,GPU,3.00684e+06,3.01045e+06,3614.89
3,17,Linear,Logic,3.00684e+06,3.01045e+06,3614.89
3,17,sync_2,GPU,3.02706e+06,3.02706e+06,0
3,17,sync__set,GPU,3.02706e+06,3.02706e+06,0
3,17,sync__,GPU,3.02706e+06,3.02706e+06,0
3,17,moe_all_reduce_for_e_tp,GPU,3.02706e+06,3.04768e+06,20621.4
3,17,sync_3,GPU,3.04768e+06,3.04768e+06,0
3,17,sync__set,GPU,3.04768e+06,3.04768e+06,0
3,17,sync__,GPU,3.04768e+06,3.04768e+06,0
3,17,moe_gather,GPU,3.04768e+06,3.04768e+06,0
3,17,sync_for_moe_gather,GPU,3.04768e+06,3.04768e+06,0
3,17,sync__set,GPU,3.04768e+06,3.04768e+06,0
3,17,sync__,GPU,3.04768e+06,3.04768e+06,0
3,17,moe_all_reduce_for_gather,GPU,3.04768e+06,3.0683e+06,20621.4
3,17,sync_5,GPU,3.0683e+06,3.0683e+06,0
3,17,sync__set,GPU,3.0683e+06,3.0683e+06,0
3,17,sync__,GPU,3.0683e+06,3.0683e+06,0
3,17,sync_6,GPU,3.0683e+06,3.0683e+06,0
3,17,sync__set,GPU,3.0683e+06,3.0683e+06,0
3,17,sync__,GPU,3.0683e+06,3.0683e+06,0
3,17,residual_2,GPU,3.0683e+06,3.06857e+06,261.148
3,18,MoE_decoder_18,GPU,3.06857e+06,3.23794e+06,169377
3,18,input_layer_norm,GPU,3.06857e+06,3.06883e+06,261.148
3,18,attention,GPU,3.06883e+06,3.1087e+06,39870
3,18,attn_qkv_proj,GPU,3.06883e+06,3.07517e+06,6347.9
3,18,Linear,GPU,3.06883e+06,3.07517e+06,6347.9
3,18,self_attention,GPU,3.07517e+06,3.0838e+06,8625.91
3,18,AttentionSplit,GPU,3.07517e+06,3.07517e+06,0
3,18,AttentionSum,GPU,3.07517e+06,3.07517e+06,0
3,18,AttentionGen,Logic,3.07517e+06,3.0838e+06,8625.91
3,18,AttentionMerge,GPU,3.0838e+06,3.0838e+06,0
3,18,attn_o_proj,GPU,3.0838e+06,3.08807e+06,4274.79
3,18,Linear,GPU,3.0838e+06,3.08807e+06,4274.79
3,18,all_reduce,GPU,3.08807e+06,3.1087e+06,20621.4
3,18,residual_1,GPU,3.1087e+06,3.10896e+06,261.148
3,18,post_attn_layer_norm,GPU,3.10896e+06,3.10922e+06,261.148
3,18,expertFFN,GPU,3.10922e+06,3.23768e+06,128462
3,18,sync_0,GPU,3.10922e+06,3.10922e+06,0
3,18,sync__set,GPU,3.10922e+06,3.10922e+06,0
3,18,sync__,GPU,3.10922e+06,3.10922e+06,0
3,18,gate_fn,GPU,3.10922e+06,3.10938e+06,160.957
3,18,Linear,GPU,3.10922e+06,3.10938e+06,160.957
3,18,gate_update,GPU,3.10938e+06,3.10938e+06,0
3,18,moe_scatter,GPU,3.10938e+06,3.10938e+06,0
3,18,sync_for_moe_scatter,GPU,3.10938e+06,3.10938e+06,0
3,18,sync__set,GPU,3.10938e+06,3.10938e+06,0
3,18,sync__,GPU,3.10938e+06,3.10938e+06,0
3,18,moe_route,GPU,3.10938e+06,3.10938e+06,0
3,18,expert_FFN_0,GPU,3.10938e+06,3.12025e+06,10865.7
3,18,gate_proj,GPU,3.10938e+06,3.11299e+06,3614.89
3,18,Linear,Logic,3.10938e+06,3.11299e+06,3614.89
3,18,activation,Logic,3.11299e+06,3.11302e+06,21.0927
3,18,up_proj,GPU,3.11302e+06,3.11663e+06,3614.89
3,18,Linear,Logic,3.11302e+06,3.11663e+06,3614.89
3,18,down_proj,GPU,3.11663e+06,3.12025e+06,3614.89
3,18,Linear,Logic,3.11663e+06,3.12025e+06,3614.89
3,18,expert_FFN_1,GPU,3.12025e+06,3.13242e+06,12173.1
3,18,gate_proj,GPU,3.12025e+06,3.1243e+06,4049.8
3,18,Linear,Logic,3.12025e+06,3.1243e+06,4049.8
3,18,activation,Logic,3.1243e+06,3.12432e+06,23.7293
3,18,up_proj,GPU,3.12432e+06,3.12837e+06,4049.8
3,18,Linear,Logic,3.12432e+06,3.12837e+06,4049.8
3,18,down_proj,GPU,3.12837e+06,3.13242e+06,4049.8
3,18,Linear,Logic,3.12837e+06,3.13242e+06,4049.8
3,18,expert_FFN_2,GPU,3.13242e+06,3.14323e+06,10816
3,18,gate_proj,GPU,3.13242e+06,3.13602e+06,3603.59
3,18,Linear,Logic,3.13242e+06,3.13602e+06,3603.59
3,18,activation,Logic,3.13602e+06,3.13603e+06,5.27317
3,18,up_proj,GPU,3.13603e+06,3.13963e+06,3603.59
3,18,Linear,Logic,3.13603e+06,3.13963e+06,3603.59
3,18,down_proj,GPU,3.13963e+06,3.14323e+06,3603.59
3,18,Linear,Logic,3.13963e+06,3.14323e+06,3603.59
3,18,expert_FFN_3,GPU,3.14323e+06,3.1541e+06,10865.7
3,18,gate_proj,GPU,3.14323e+06,3.14685e+06,3614.89
3,18,Linear,Logic,3.14323e+06,3.14685e+06,3614.89
3,18,activation,Logic,3.14685e+06,3.14687e+06,21.0927
3,18,up_proj,GPU,3.14687e+06,3.15049e+06,3614.89
3,18,Linear,Logic,3.14687e+06,3.15049e+06,3614.89
3,18,down_proj,GPU,3.15049e+06,3.1541e+06,3614.89
3,18,Linear,Logic,3.15049e+06,3.1541e+06,3614.89
3,18,expert_FFN_4,GPU,3.10938e+06,3.15294e+06,43562.4
3,18,gate_proj,GPU,3.10938e+06,3.12386e+06,14482.1
3,18,Linear,GPU,3.10938e+06,3.12386e+06,14482.1
3,18,activation,GPU,3.12386e+06,3.12398e+06,116.01
3,18,up_proj,GPU,3.12398e+06,3.13846e+06,14482.1
3,18,Linear,GPU,3.12398e+06,3.13846e+06,14482.1
3,18,down_proj,GPU,3.13846e+06,3.15294e+06,14482.1
3,18,Linear,GPU,3.13846e+06,3.15294e+06,14482.1
3,18,expert_FFN_5,GPU,3.15294e+06,3.19644e+06,43496.1
3,18,gate_proj,GPU,3.15294e+06,3.16741e+06,14467.1
3,18,Linear,GPU,3.15294e+06,3.16741e+06,14467.1
3,18,activation,GPU,3.16741e+06,3.1675e+06,94.9171
3,18,up_proj,GPU,3.1675e+06,3.18197e+06,14467.1
3,18,Linear,GPU,3.1675e+06,3.18197e+06,14467.1
3,18,down_proj,GPU,3.18197e+06,3.19644e+06,14467.1
3,18,Linear,GPU,3.18197e+06,3.19644e+06,14467.1
3,18,expert_FFN_6,GPU,3.1541e+06,3.16627e+06,12173.1
3,18,gate_proj,GPU,3.1541e+06,3.15815e+06,4049.8
3,18,Linear,Logic,3.1541e+06,3.15815e+06,4049.8
3,18,activation,Logic,3.15815e+06,3.15817e+06,23.7293
3,18,up_proj,GPU,3.15817e+06,3.16222e+06,4049.8
3,18,Linear,Logic,3.15817e+06,3.16222e+06,4049.8
3,18,down_proj,GPU,3.16222e+06,3.16627e+06,4049.8
3,18,Linear,Logic,3.16222e+06,3.16627e+06,4049.8
3,18,expert_FFN_7,GPU,3.16627e+06,3.17714e+06,10865.7
3,18,gate_proj,GPU,3.16627e+06,3.16989e+06,3614.89
3,18,Linear,Logic,3.16627e+06,3.16989e+06,3614.89
3,18,activation,Logic,3.16989e+06,3.16991e+06,21.0927
3,18,up_proj,GPU,3.16991e+06,3.17352e+06,3614.89
3,18,Linear,Logic,3.16991e+06,3.17352e+06,3614.89
3,18,down_proj,GPU,3.17352e+06,3.17714e+06,3614.89
3,18,Linear,Logic,3.17352e+06,3.17714e+06,3614.89
3,18,sync_2,GPU,3.19644e+06,3.19644e+06,0
3,18,sync__set,GPU,3.19644e+06,3.19644e+06,0
3,18,sync__,GPU,3.19644e+06,3.19644e+06,0
3,18,moe_all_reduce_for_e_tp,GPU,3.19644e+06,3.21706e+06,20621.4
3,18,sync_3,GPU,3.21706e+06,3.21706e+06,0
3,18,sync__set,GPU,3.21706e+06,3.21706e+06,0
3,18,sync__,GPU,3.21706e+06,3.21706e+06,0
3,18,moe_gather,GPU,3.21706e+06,3.21706e+06,0
3,18,sync_for_moe_gather,GPU,3.21706e+06,3.21706e+06,0
3,18,sync__set,GPU,3.21706e+06,3.21706e+06,0
3,18,sync__,GPU,3.21706e+06,3.21706e+06,0
3,18,moe_all_reduce_for_gather,GPU,3.21706e+06,3.23768e+06,20621.4
3,18,sync_5,GPU,3.23768e+06,3.23768e+06,0
3,18,sync__set,GPU,3.23768e+06,3.23768e+06,0
3,18,sync__,GPU,3.23768e+06,3.23768e+06,0
3,18,sync_6,GPU,3.23768e+06,3.23768e+06,0
3,18,sync__set,GPU,3.23768e+06,3.23768e+06,0
3,18,sync__,GPU,3.23768e+06,3.23768e+06,0
3,18,residual_2,GPU,3.23768e+06,3.23794e+06,261.148
3,19,MoE_decoder_19,GPU,3.23794e+06,3.40729e+06,169344
3,19,input_layer_norm,GPU,3.23794e+06,3.2382e+06,261.148
3,19,attention,GPU,3.2382e+06,3.27807e+06,39870
3,19,attn_qkv_proj,GPU,3.2382e+06,3.24455e+06,6347.9
3,19,Linear,GPU,3.2382e+06,3.24455e+06,6347.9
3,19,self_attention,GPU,3.24455e+06,3.25318e+06,8625.91
3,19,AttentionSplit,GPU,3.24455e+06,3.24455e+06,0
3,19,AttentionSum,GPU,3.24455e+06,3.24455e+06,0
3,19,AttentionGen,Logic,3.24455e+06,3.25318e+06,8625.91
3,19,AttentionMerge,GPU,3.25318e+06,3.25318e+06,0
3,19,attn_o_proj,GPU,3.25318e+06,3.25745e+06,4274.79
3,19,Linear,GPU,3.25318e+06,3.25745e+06,4274.79
3,19,all_reduce,GPU,3.25745e+06,3.27807e+06,20621.4
3,19,residual_1,GPU,3.27807e+06,3.27833e+06,261.148
3,19,post_attn_layer_norm,GPU,3.27833e+06,3.2786e+06,261.148
3,19,expertFFN,GPU,3.2786e+06,3.40703e+06,128429
3,19,sync_0,GPU,3.2786e+06,3.2786e+06,0
3,19,sync__set,GPU,3.2786e+06,3.2786e+06,0
3,19,sync__,GPU,3.2786e+06,3.2786e+06,0
3,19,gate_fn,GPU,3.2786e+06,3.27876e+06,160.957
3,19,Linear,GPU,3.2786e+06,3.27876e+06,160.957
3,19,gate_update,GPU,3.27876e+06,3.27876e+06,0
3,19,moe_scatter,GPU,3.27876e+06,3.27876e+06,0
3,19,sync_for_moe_scatter,GPU,3.27876e+06,3.27876e+06,0
3,19,sync__set,GPU,3.27876e+06,3.27876e+06,0
3,19,sync__,GPU,3.27876e+06,3.27876e+06,0
3,19,moe_route,GPU,3.27876e+06,3.27876e+06,0
3,19,expert_FFN_0,GPU,3.27876e+06,3.28961e+06,10849.2
3,19,gate_proj,GPU,3.27876e+06,3.28237e+06,3611.12
3,19,Linear,Logic,3.27876e+06,3.28237e+06,3611.12
3,19,activation,Logic,3.28237e+06,3.28238e+06,15.8195
3,19,up_proj,GPU,3.28238e+06,3.28599e+06,3611.12
3,19,Linear,Logic,3.28238e+06,3.28599e+06,3611.12
3,19,down_proj,GPU,3.28599e+06,3.28961e+06,3611.12
3,19,Linear,Logic,3.28599e+06,3.28961e+06,3611.12
3,19,expert_FFN_1,GPU,3.28961e+06,3.30046e+06,10849.2
3,19,gate_proj,GPU,3.28961e+06,3.29322e+06,3611.12
3,19,Linear,Logic,3.28961e+06,3.29322e+06,3611.12
3,19,activation,Logic,3.29322e+06,3.29323e+06,15.8195
3,19,up_proj,GPU,3.29323e+06,3.29684e+06,3611.12
3,19,Linear,Logic,3.29323e+06,3.29684e+06,3611.12
3,19,down_proj,GPU,3.29684e+06,3.30046e+06,3611.12
3,19,Linear,Logic,3.29684e+06,3.30046e+06,3611.12
3,19,expert_FFN_2,GPU,3.30046e+06,3.31131e+06,10857.5
3,19,gate_proj,GPU,3.30046e+06,3.30407e+06,3613
3,19,Linear,Logic,3.30046e+06,3.30407e+06,3613
3,19,activation,Logic,3.30407e+06,3.30409e+06,18.4561
3,19,up_proj,GPU,3.30409e+06,3.3077e+06,3613
3,19,Linear,Logic,3.30409e+06,3.3077e+06,3613
3,19,down_proj,GPU,3.3077e+06,3.31131e+06,3613
3,19,Linear,Logic,3.3077e+06,3.31131e+06,3613
3,19,expert_FFN_3,GPU,3.31131e+06,3.32349e+06,12173.1
3,19,gate_proj,GPU,3.31131e+06,3.31536e+06,4049.8
3,19,Linear,Logic,3.31131e+06,3.31536e+06,4049.8
3,19,activation,Logic,3.31536e+06,3.31539e+06,23.7293
3,19,up_proj,GPU,3.31539e+06,3.31944e+06,4049.8
3,19,Linear,Logic,3.31539e+06,3.31944e+06,4049.8
3,19,down_proj,GPU,3.31944e+06,3.32349e+06,4049.8
3,19,Linear,Logic,3.31944e+06,3.32349e+06,4049.8
3,19,expert_FFN_4,GPU,3.27876e+06,3.32222e+06,43463
3,19,gate_proj,GPU,3.27876e+06,3.29322e+06,14459.5
3,19,Linear,GPU,3.27876e+06,3.29322e+06,14459.5
3,19,activation,GPU,3.29322e+06,3.2933e+06,84.3708
3,19,up_proj,GPU,3.2933e+06,3.30776e+06,14459.5
3,19,Linear,GPU,3.2933e+06,3.30776e+06,14459.5
3,19,down_proj,GPU,3.30776e+06,3.32222e+06,14459.5
3,19,Linear,GPU,3.30776e+06,3.32222e+06,14459.5
3,19,expert_FFN_5,GPU,3.32222e+06,3.36578e+06,43562.4
3,19,gate_proj,GPU,3.32222e+06,3.3367e+06,14482.1
3,19,Linear,GPU,3.32222e+06,3.3367e+06,14482.1
3,19,activation,GPU,3.3367e+06,3.33682e+06,116.01
3,19,up_proj,GPU,3.33682e+06,3.3513e+06,14482.1
3,19,Linear,GPU,3.33682e+06,3.3513e+06,14482.1
3,19,down_proj,GPU,3.3513e+06,3.36578e+06,14482.1
3,19,Linear,GPU,3.3513e+06,3.36578e+06,14482.1
3,19,expert_FFN_6,GPU,3.32349e+06,3.33435e+06,10865.7
3,19,gate_proj,GPU,3.32349e+06,3.3271e+06,3614.89
3,19,Linear,Logic,3.32349e+06,3.3271e+06,3614.89
3,19,activation,Logic,3.3271e+06,3.32712e+06,21.0927
3,19,up_proj,GPU,3.32712e+06,3.33074e+06,3614.89
3,19,Linear,Logic,3.32712e+06,3.33074e+06,3614.89
3,19,down_proj,GPU,3.33074e+06,3.33435e+06,3614.89
3,19,Linear,Logic,3.33074e+06,3.33435e+06,3614.89
3,19,expert_FFN_7,GPU,3.33435e+06,3.34652e+06,12173.1
3,19,gate_proj,GPU,3.33435e+06,3.3384e+06,4049.8
3,19,Linear,Logic,3.33435e+06,3.3384e+06,4049.8
3,19,activation,Logic,3.3384e+06,3.33842e+06,23.7293
3,19,up_proj,GPU,3.33842e+06,3.34247e+06,4049.8
3,19,Linear,Logic,3.33842e+06,3.34247e+06,4049.8
3,19,down_proj,GPU,3.34247e+06,3.34652e+06,4049.8
3,19,Linear,Logic,3.34247e+06,3.34652e+06,4049.8
3,19,sync_2,GPU,3.36578e+06,3.36578e+06,0
3,19,sync__set,GPU,3.36578e+06,3.36578e+06,0
3,19,sync__,GPU,3.36578e+06,3.36578e+06,0
3,19,moe_all_reduce_for_e_tp,GPU,3.36578e+06,3.3864e+06,20621.4
3,19,sync_3,GPU,3.3864e+06,3.3864e+06,0
3,19,sync__set,GPU,3.3864e+06,3.3864e+06,0
3,19,sync__,GPU,3.3864e+06,3.3864e+06,0
3,19,moe_gather,GPU,3.3864e+06,3.3864e+06,0
3,19,sync_for_moe_gather,GPU,3.3864e+06,3.3864e+06,0
3,19,sync__set,GPU,3.3864e+06,3.3864e+06,0
3,19,sync__,GPU,3.3864e+06,3.3864e+06,0
3,19,moe_all_reduce_for_gather,GPU,3.3864e+06,3.40703e+06,20621.4
3,19,sync_5,GPU,3.40703e+06,3.40703e+06,0
3,19,sync__set,GPU,3.40703e+06,3.40703e+06,0
3,19,sync__,GPU,3.40703e+06,3.40703e+06,0
3,19,sync_6,GPU,3.40703e+06,3.40703e+06,0
3,19,sync__set,GPU,3.40703e+06,3.40703e+06,0
3,19,sync__,GPU,3.40703e+06,3.40703e+06,0
3,19,residual_2,GPU,3.40703e+06,3.40729e+06,261.148
3,20,MoE_decoder_20,GPU,3.40729e+06,3.57666e+06,169377
3,20,input_layer_norm,GPU,3.40729e+06,3.40755e+06,261.148
3,20,attention,GPU,3.40755e+06,3.44742e+06,39870
3,20,attn_qkv_proj,GPU,3.40755e+06,3.4139e+06,6347.9
3,20,Linear,GPU,3.40755e+06,3.4139e+06,6347.9
3,20,self_attention,GPU,3.4139e+06,3.42252e+06,8625.91
3,20,AttentionSplit,GPU,3.4139e+06,3.4139e+06,0
3,20,AttentionSum,GPU,3.4139e+06,3.4139e+06,0
3,20,AttentionGen,Logic,3.4139e+06,3.42252e+06,8625.91
3,20,AttentionMerge,GPU,3.42252e+06,3.42252e+06,0
3,20,attn_o_proj,GPU,3.42252e+06,3.4268e+06,4274.79
3,20,Linear,GPU,3.42252e+06,3.4268e+06,4274.79
3,20,all_reduce,GPU,3.4268e+06,3.44742e+06,20621.4
3,20,residual_1,GPU,3.44742e+06,3.44768e+06,261.148
3,20,post_attn_layer_norm,GPU,3.44768e+06,3.44794e+06,261.148
3,20,expertFFN,GPU,3.44794e+06,3.5764e+06,128462
3,20,sync_0,GPU,3.44794e+06,3.44794e+06,0
3,20,sync__set,GPU,3.44794e+06,3.44794e+06,0
3,20,sync__,GPU,3.44794e+06,3.44794e+06,0
3,20,gate_fn,GPU,3.44794e+06,3.4481e+06,160.957
3,20,Linear,GPU,3.44794e+06,3.4481e+06,160.957
3,20,gate_update,GPU,3.4481e+06,3.4481e+06,0
3,20,moe_scatter,GPU,3.4481e+06,3.4481e+06,0
3,20,sync_for_moe_scatter,GPU,3.4481e+06,3.4481e+06,0
3,20,sync__set,GPU,3.4481e+06,3.4481e+06,0
3,20,sync__,GPU,3.4481e+06,3.4481e+06,0
3,20,moe_route,GPU,3.4481e+06,3.4481e+06,0
3,20,expert_FFN_0,GPU,3.4481e+06,3.46027e+06,12173.1
3,20,gate_proj,GPU,3.4481e+06,3.45215e+06,4049.8
3,20,Linear,Logic,3.4481e+06,3.45215e+06,4049.8
3,20,activation,Logic,3.45215e+06,3.45217e+06,23.7293
3,20,up_proj,GPU,3.45217e+06,3.45622e+06,4049.8
3,20,Linear,Logic,3.45217e+06,3.45622e+06,4049.8
3,20,down_proj,GPU,3.45622e+06,3.46027e+06,4049.8
3,20,Linear,Logic,3.45622e+06,3.46027e+06,4049.8
3,20,expert_FFN_1,GPU,3.46027e+06,3.47112e+06,10849.2
3,20,gate_proj,GPU,3.46027e+06,3.46388e+06,3611.12
3,20,Linear,Logic,3.46027e+06,3.46388e+06,3611.12
3,20,activation,Logic,3.46388e+06,3.4639e+06,15.8195
3,20,up_proj,GPU,3.4639e+06,3.46751e+06,3611.12
3,20,Linear,Logic,3.4639e+06,3.46751e+06,3611.12
3,20,down_proj,GPU,3.46751e+06,3.47112e+06,3611.12
3,20,Linear,Logic,3.46751e+06,3.47112e+06,3611.12
3,20,expert_FFN_2,GPU,3.4481e+06,3.49153e+06,43429.9
3,20,gate_proj,GPU,3.4481e+06,3.46255e+06,14452
3,20,Linear,GPU,3.4481e+06,3.46255e+06,14452
3,20,activation,GPU,3.46255e+06,3.46263e+06,73.8244
3,20,up_proj,GPU,3.46263e+06,3.47708e+06,14452
3,20,Linear,GPU,3.46263e+06,3.47708e+06,14452
3,20,down_proj,GPU,3.47708e+06,3.49153e+06,14452
3,20,Linear,GPU,3.47708e+06,3.49153e+06,14452
3,20,expert_FFN_3,GPU,3.49153e+06,3.53516e+06,43628.7
3,20,gate_proj,GPU,3.49153e+06,3.50603e+06,14497.2
3,20,Linear,GPU,3.49153e+06,3.50603e+06,14497.2
3,20,activation,GPU,3.50603e+06,3.50616e+06,137.103
3,20,up_proj,GPU,3.50616e+06,3.52066e+06,14497.2
3,20,Linear,GPU,3.50616e+06,3.52066e+06,14497.2
3,20,down_proj,GPU,3.52066e+06,3.53516e+06,14497.2
3,20,Linear,GPU,3.52066e+06,3.53516e+06,14497.2
3,20,expert_FFN_4,GPU,3.47112e+06,3.4833e+06,12173.1
3,20,gate_proj,GPU,3.47112e+06,3.47517e+06,4049.8
3,20,Linear,Logic,3.47112e+06,3.47517e+06,4049.8
3,20,activation,Logic,3.47517e+06,3.4752e+06,23.7293
3,20,up_proj,GPU,3.4752e+06,3.47925e+06,4049.8
3,20,Linear,Logic,3.4752e+06,3.47925e+06,4049.8
3,20,down_proj,GPU,3.47925e+06,3.4833e+06,4049.8
3,20,Linear,Logic,3.47925e+06,3.4833e+06,4049.8
3,20,expert_FFN_5,GPU,3.4833e+06,3.49413e+06,10832.6
3,20,gate_proj,GPU,3.4833e+06,3.4869e+06,3607.35
3,20,Linear,Logic,3.4833e+06,3.4869e+06,3607.35
3,20,activation,Logic,3.4869e+06,3.48691e+06,10.5463
3,20,up_proj,GPU,3.48691e+06,3.49052e+06,3607.35
3,20,Linear,Logic,3.48691e+06,3.49052e+06,3607.35
3,20,down_proj,GPU,3.49052e+06,3.49413e+06,3607.35
3,20,Linear,Logic,3.49052e+06,3.49413e+06,3607.35
3,20,expert_FFN_6,GPU,3.49413e+06,3.50901e+06,14878.3
3,20,gate_proj,GPU,3.49413e+06,3.49908e+06,4949.75
3,20,Linear,Logic,3.49413e+06,3.49908e+06,4949.75
3,20,activation,Logic,3.49908e+06,3.49911e+06,29.0025
3,20,up_proj,GPU,3.49911e+06,3.50406e+06,4949.75
3,20,Linear,Logic,3.49911e+06,3.50406e+06,4949.75
3,20,down_proj,GPU,3.50406e+06,3.50901e+06,4949.75
3,20,Linear,Logic,3.50406e+06,3.50901e+06,4949.75
3,20,expert_FFN_7,GPU,3.50901e+06,3.51985e+06,10840.9
3,20,gate_proj,GPU,3.50901e+06,3.51262e+06,3609.24
3,20,Linear,Logic,3.50901e+06,3.51262e+06,3609.24
3,20,activation,Logic,3.51262e+06,3.51263e+06,13.1829
3,20,up_proj,GPU,3.51263e+06,3.51624e+06,3609.24
3,20,Linear,Logic,3.51263e+06,3.51624e+06,3609.24
3,20,down_proj,GPU,3.51624e+06,3.51985e+06,3609.24
3,20,Linear,Logic,3.51624e+06,3.51985e+06,3609.24
3,20,sync_2,GPU,3.53516e+06,3.53516e+06,0
3,20,sync__set,GPU,3.53516e+06,3.53516e+06,0
3,20,sync__,GPU,3.53516e+06,3.53516e+06,0
3,20,moe_all_reduce_for_e_tp,GPU,3.53516e+06,3.55578e+06,20621.4
3,20,sync_3,GPU,3.55578e+06,3.55578e+06,0
3,20,sync__set,GPU,3.55578e+06,3.55578e+06,0
3,20,sync__,GPU,3.55578e+06,3.55578e+06,0
3,20,moe_gather,GPU,3.55578e+06,3.55578e+06,0
3,20,sync_for_moe_gather,GPU,3.55578e+06,3.55578e+06,0
3,20,sync__set,GPU,3.55578e+06,3.55578e+06,0
3,20,sync__,GPU,3.55578e+06,3.55578e+06,0
3,20,moe_all_reduce_for_gather,GPU,3.55578e+06,3.5764e+06,20621.4
3,20,sync_5,GPU,3.5764e+06,3.5764e+06,0
3,20,sync__set,GPU,3.5764e+06,3.5764e+06,0
3,20,sync__,GPU,3.5764e+06,3.5764e+06,0
3,20,sync_6,GPU,3.5764e+06,3.5764e+06,0
3,20,sync__set,GPU,3.5764e+06,3.5764e+06,0
3,20,sync__,GPU,3.5764e+06,3.5764e+06,0
3,20,residual_2,GPU,3.5764e+06,3.57666e+06,261.148
3,21,MoE_decoder_21,GPU,3.57666e+06,3.74604e+06,169377
3,21,input_layer_norm,GPU,3.57666e+06,3.57692e+06,261.148
3,21,attention,GPU,3.57692e+06,3.61679e+06,39870
3,21,attn_qkv_proj,GPU,3.57692e+06,3.58327e+06,6347.9
3,21,Linear,GPU,3.57692e+06,3.58327e+06,6347.9
3,21,self_attention,GPU,3.58327e+06,3.5919e+06,8625.91
3,21,AttentionSplit,GPU,3.58327e+06,3.58327e+06,0
3,21,AttentionSum,GPU,3.58327e+06,3.58327e+06,0
3,21,AttentionGen,Logic,3.58327e+06,3.5919e+06,8625.91
3,21,AttentionMerge,GPU,3.5919e+06,3.5919e+06,0
3,21,attn_o_proj,GPU,3.5919e+06,3.59617e+06,4274.79
3,21,Linear,GPU,3.5919e+06,3.59617e+06,4274.79
3,21,all_reduce,GPU,3.59617e+06,3.61679e+06,20621.4
3,21,residual_1,GPU,3.61679e+06,3.61706e+06,261.148
3,21,post_attn_layer_norm,GPU,3.61706e+06,3.61732e+06,261.148
3,21,expertFFN,GPU,3.61732e+06,3.74578e+06,128462
3,21,sync_0,GPU,3.61732e+06,3.61732e+06,0
3,21,sync__set,GPU,3.61732e+06,3.61732e+06,0
3,21,sync__,GPU,3.61732e+06,3.61732e+06,0
3,21,gate_fn,GPU,3.61732e+06,3.61748e+06,160.957
3,21,Linear,GPU,3.61732e+06,3.61748e+06,160.957
3,21,gate_update,GPU,3.61748e+06,3.61748e+06,0
3,21,moe_scatter,GPU,3.61748e+06,3.61748e+06,0
3,21,sync_for_moe_scatter,GPU,3.61748e+06,3.61748e+06,0
3,21,sync__set,GPU,3.61748e+06,3.61748e+06,0
3,21,sync__,GPU,3.61748e+06,3.61748e+06,0
3,21,moe_route,GPU,3.61748e+06,3.61748e+06,0
3,21,expert_FFN_0,GPU,3.61748e+06,3.6283e+06,10824.3
3,21,gate_proj,GPU,3.61748e+06,3.62108e+06,3605.47
3,21,Linear,Logic,3.61748e+06,3.62108e+06,3605.47
3,21,activation,Logic,3.62108e+06,3.62109e+06,7.90976
3,21,up_proj,GPU,3.62109e+06,3.6247e+06,3605.47
3,21,Linear,Logic,3.62109e+06,3.6247e+06,3605.47
3,21,down_proj,GPU,3.6247e+06,3.6283e+06,3605.47
3,21,Linear,Logic,3.6247e+06,3.6283e+06,3605.47
3,21,expert_FFN_1,GPU,3.6283e+06,3.64318e+06,14878.3
3,21,gate_proj,GPU,3.6283e+06,3.63325e+06,4949.75
3,21,Linear,Logic,3.6283e+06,3.63325e+06,4949.75
3,21,activation,Logic,3.63325e+06,3.63328e+06,29.0025
3,21,up_proj,GPU,3.63328e+06,3.63823e+06,4949.75
3,21,Linear,Logic,3.63328e+06,3.63823e+06,4949.75
3,21,down_proj,GPU,3.63823e+06,3.64318e+06,4949.75
3,21,Linear,Logic,3.63823e+06,3.64318e+06,4949.75
3,21,expert_FFN_2,GPU,3.64318e+06,3.65404e+06,10857.5
3,21,gate_proj,GPU,3.64318e+06,3.64679e+06,3613
3,21,Linear,Logic,3.64318e+06,3.64679e+06,3613
3,21,activation,Logic,3.64679e+06,3.64681e+06,18.4561
3,21,up_proj,GPU,3.64681e+06,3.65042e+06,3613
3,21,Linear,Logic,3.64681e+06,3.65042e+06,3613
3,21,down_proj,GPU,3.65042e+06,3.65404e+06,3613
3,21,Linear,Logic,3.65042e+06,3.65404e+06,3613
3,21,expert_FFN_3,GPU,3.65404e+06,3.66756e+06,13525.7
3,21,gate_proj,GPU,3.65404e+06,3.65854e+06,4499.77
3,21,Linear,Logic,3.65404e+06,3.65854e+06,4499.77
3,21,activation,Logic,3.65854e+06,3.65856e+06,26.3659
3,21,up_proj,GPU,3.65856e+06,3.66306e+06,4499.77
3,21,Linear,Logic,3.65856e+06,3.66306e+06,4499.77
3,21,down_proj,GPU,3.66306e+06,3.66756e+06,4499.77
3,21,Linear,Logic,3.66306e+06,3.66756e+06,4499.77
3,21,expert_FFN_4,GPU,3.66756e+06,3.67842e+06,10857.5
3,21,gate_proj,GPU,3.66756e+06,3.67118e+06,3613
3,21,Linear,Logic,3.66756e+06,3.67118e+06,3613
3,21,activation,Logic,3.67118e+06,3.67119e+06,18.4561
3,21,up_proj,GPU,3.67119e+06,3.67481e+06,3613
3,21,Linear,Logic,3.67119e+06,3.67481e+06,3613
3,21,down_proj,GPU,3.67481e+06,3.67842e+06,3613
3,21,Linear,Logic,3.67481e+06,3.67842e+06,3613
3,21,expert_FFN_5,GPU,3.67842e+06,3.68927e+06,10849.2
3,21,gate_proj,GPU,3.67842e+06,3.68203e+06,3611.12
3,21,Linear,Logic,3.67842e+06,3.68203e+06,3611.12
3,21,activation,Logic,3.68203e+06,3.68205e+06,15.8195
3,21,up_proj,GPU,3.68205e+06,3.68566e+06,3611.12
3,21,Linear,Logic,3.68205e+06,3.68566e+06,3611.12
3,21,down_proj,GPU,3.68566e+06,3.68927e+06,3611.12
3,21,Linear,Logic,3.68566e+06,3.68927e+06,3611.12
3,21,expert_FFN_6,GPU,3.61748e+06,3.66111e+06,43628.7
3,21,gate_proj,GPU,3.61748e+06,3.63197e+06,14497.2
3,21,Linear,GPU,3.61748e+06,3.63197e+06,14497.2
3,21,activation,GPU,3.63197e+06,3.63211e+06,137.103
3,21,up_proj,GPU,3.63211e+06,3.64661e+06,14497.2
3,21,Linear,GPU,3.63211e+06,3.64661e+06,14497.2
3,21,down_proj,GPU,3.64661e+06,3.66111e+06,14497.2
3,21,Linear,GPU,3.64661e+06,3.66111e+06,14497.2
3,21,expert_FFN_7,GPU,3.66111e+06,3.70454e+06,43429.9
3,21,gate_proj,GPU,3.66111e+06,3.67556e+06,14452
3,21,Linear,GPU,3.66111e+06,3.67556e+06,14452
3,21,activation,GPU,3.67556e+06,3.67563e+06,73.8244
3,21,up_proj,GPU,3.67563e+06,3.69008e+06,14452
3,21,Linear,GPU,3.67563e+06,3.69008e+06,14452
3,21,down_proj,GPU,3.69008e+06,3.70454e+06,14452
3,21,Linear,GPU,3.69008e+06,3.70454e+06,14452
3,21,sync_2,GPU,3.70454e+06,3.70454e+06,0
3,21,sync__set,GPU,3.70454e+06,3.70454e+06,0
3,21,sync__,GPU,3.70454e+06,3.70454e+06,0
3,21,moe_all_reduce_for_e_tp,GPU,3.70454e+06,3.72516e+06,20621.4
3,21,sync_3,GPU,3.72516e+06,3.72516e+06,0
3,21,sync__set,GPU,3.72516e+06,3.72516e+06,0
3,21,sync__,GPU,3.72516e+06,3.72516e+06,0
3,21,moe_gather,GPU,3.72516e+06,3.72516e+06,0
3,21,sync_for_moe_gather,GPU,3.72516e+06,3.72516e+06,0
3,21,sync__set,GPU,3.72516e+06,3.72516e+06,0
3,21,sync__,GPU,3.72516e+06,3.72516e+06,0
3,21,moe_all_reduce_for_gather,GPU,3.72516e+06,3.74578e+06,20621.4
3,21,sync_5,GPU,3.74578e+06,3.74578e+06,0
3,21,sync__set,GPU,3.74578e+06,3.74578e+06,0
3,21,sync__,GPU,3.74578e+06,3.74578e+06,0
3,21,sync_6,GPU,3.74578e+06,3.74578e+06,0
3,21,sync__set,GPU,3.74578e+06,3.74578e+06,0
3,21,sync__,GPU,3.74578e+06,3.74578e+06,0
3,21,residual_2,GPU,3.74578e+06,3.74604e+06,261.148
3,22,MoE_decoder_22,GPU,3.74604e+06,3.91923e+06,173187
3,22,input_layer_norm,GPU,3.74604e+06,3.7463e+06,261.148
3,22,attention,GPU,3.7463e+06,3.78617e+06,39870
3,22,attn_qkv_proj,GPU,3.7463e+06,3.75265e+06,6347.9
3,22,Linear,GPU,3.7463e+06,3.75265e+06,6347.9
3,22,self_attention,GPU,3.75265e+06,3.76128e+06,8625.91
3,22,AttentionSplit,GPU,3.75265e+06,3.75265e+06,0
3,22,AttentionSum,GPU,3.75265e+06,3.75265e+06,0
3,22,AttentionGen,Logic,3.75265e+06,3.76128e+06,8625.91
3,22,AttentionMerge,GPU,3.76128e+06,3.76128e+06,0
3,22,attn_o_proj,GPU,3.76128e+06,3.76555e+06,4274.79
3,22,Linear,GPU,3.76128e+06,3.76555e+06,4274.79
3,22,all_reduce,GPU,3.76555e+06,3.78617e+06,20621.4
3,22,residual_1,GPU,3.78617e+06,3.78643e+06,261.148
3,22,post_attn_layer_norm,GPU,3.78643e+06,3.78669e+06,261.148
3,22,expertFFN,GPU,3.78669e+06,3.91897e+06,132272
3,22,sync_0,GPU,3.78669e+06,3.78669e+06,0
3,22,sync__set,GPU,3.78669e+06,3.78669e+06,0
3,22,sync__,GPU,3.78669e+06,3.78669e+06,0
3,22,gate_fn,GPU,3.78669e+06,3.78685e+06,160.957
3,22,Linear,GPU,3.78669e+06,3.78685e+06,160.957
3,22,gate_update,GPU,3.78685e+06,3.78685e+06,0
3,22,moe_scatter,GPU,3.78685e+06,3.78685e+06,0
3,22,sync_for_moe_scatter,GPU,3.78685e+06,3.78685e+06,0
3,22,sync__set,GPU,3.78685e+06,3.78685e+06,0
3,22,sync__,GPU,3.78685e+06,3.78685e+06,0
3,22,moe_route,GPU,3.78685e+06,3.78685e+06,0
3,22,expert_FFN_0,GPU,3.78685e+06,3.79772e+06,10865.7
3,22,gate_proj,GPU,3.78685e+06,3.79047e+06,3614.89
3,22,Linear,Logic,3.78685e+06,3.79047e+06,3614.89
3,22,activation,Logic,3.79047e+06,3.79049e+06,21.0927
3,22,up_proj,GPU,3.79049e+06,3.79411e+06,3614.89
3,22,Linear,Logic,3.79049e+06,3.79411e+06,3614.89
3,22,down_proj,GPU,3.79411e+06,3.79772e+06,3614.89
3,22,Linear,Logic,3.79411e+06,3.79772e+06,3614.89
3,22,expert_FFN_1,GPU,3.79772e+06,3.80859e+06,10865.7
3,22,gate_proj,GPU,3.79772e+06,3.80134e+06,3614.89
3,22,Linear,Logic,3.79772e+06,3.80134e+06,3614.89
3,22,activation,Logic,3.80134e+06,3.80136e+06,21.0927
3,22,up_proj,GPU,3.80136e+06,3.80497e+06,3614.89
3,22,Linear,Logic,3.80136e+06,3.80497e+06,3614.89
3,22,down_proj,GPU,3.80497e+06,3.80859e+06,3614.89
3,22,Linear,Logic,3.80497e+06,3.80859e+06,3614.89
3,22,expert_FFN_2,GPU,3.80859e+06,3.81945e+06,10865.7
3,22,gate_proj,GPU,3.80859e+06,3.8122e+06,3614.89
3,22,Linear,Logic,3.80859e+06,3.8122e+06,3614.89
3,22,activation,Logic,3.8122e+06,3.81222e+06,21.0927
3,22,up_proj,GPU,3.81222e+06,3.81584e+06,3614.89
3,22,Linear,Logic,3.81222e+06,3.81584e+06,3614.89
3,22,down_proj,GPU,3.81584e+06,3.81945e+06,3614.89
3,22,Linear,Logic,3.81584e+06,3.81945e+06,3614.89
3,22,expert_FFN_3,GPU,3.81945e+06,3.83032e+06,10865.7
3,22,gate_proj,GPU,3.81945e+06,3.82307e+06,3614.89
3,22,Linear,Logic,3.81945e+06,3.82307e+06,3614.89
3,22,activation,Logic,3.82307e+06,3.82309e+06,21.0927
3,22,up_proj,GPU,3.82309e+06,3.8267e+06,3614.89
3,22,Linear,Logic,3.82309e+06,3.8267e+06,3614.89
3,22,down_proj,GPU,3.8267e+06,3.83032e+06,3614.89
3,22,Linear,Logic,3.8267e+06,3.83032e+06,3614.89
3,22,expert_FFN_4,GPU,3.83032e+06,3.84249e+06,12173.1
3,22,gate_proj,GPU,3.83032e+06,3.83437e+06,4049.8
3,22,Linear,Logic,3.83032e+06,3.83437e+06,4049.8
3,22,activation,Logic,3.83437e+06,3.83439e+06,23.7293
3,22,up_proj,GPU,3.83439e+06,3.83844e+06,4049.8
3,22,Linear,Logic,3.83439e+06,3.83844e+06,4049.8
3,22,down_proj,GPU,3.83844e+06,3.84249e+06,4049.8
3,22,Linear,Logic,3.83844e+06,3.84249e+06,4049.8
3,22,expert_FFN_5,GPU,3.84249e+06,3.85602e+06,13525.7
3,22,gate_proj,GPU,3.84249e+06,3.84699e+06,4499.77
3,22,Linear,Logic,3.84249e+06,3.84699e+06,4499.77
3,22,activation,Logic,3.84699e+06,3.84702e+06,26.3659
3,22,up_proj,GPU,3.84702e+06,3.85152e+06,4499.77
3,22,Linear,Logic,3.84702e+06,3.85152e+06,4499.77
3,22,down_proj,GPU,3.85152e+06,3.85602e+06,4499.77
3,22,Linear,Logic,3.85152e+06,3.85602e+06,4499.77
3,22,expert_FFN_6,GPU,3.85602e+06,3.86688e+06,10865.7
3,22,gate_proj,GPU,3.85602e+06,3.85963e+06,3614.89
3,22,Linear,Logic,3.85602e+06,3.85963e+06,3614.89
3,22,activation,Logic,3.85963e+06,3.85965e+06,21.0927
3,22,up_proj,GPU,3.85965e+06,3.86327e+06,3614.89
3,22,Linear,Logic,3.85965e+06,3.86327e+06,3614.89
3,22,down_proj,GPU,3.86327e+06,3.86688e+06,3614.89
3,22,Linear,Logic,3.86327e+06,3.86688e+06,3614.89
3,22,expert_FFN_7,GPU,3.86688e+06,3.87772e+06,10840.9
3,22,gate_proj,GPU,3.86688e+06,3.87049e+06,3609.24
3,22,Linear,Logic,3.86688e+06,3.87049e+06,3609.24
3,22,activation,Logic,3.87049e+06,3.8705e+06,13.1829
3,22,up_proj,GPU,3.8705e+06,3.87411e+06,3609.24
3,22,Linear,Logic,3.8705e+06,3.87411e+06,3609.24
3,22,down_proj,GPU,3.87411e+06,3.87772e+06,3609.24
3,22,Linear,Logic,3.87411e+06,3.87772e+06,3609.24
3,22,sync_2,GPU,3.87772e+06,3.87772e+06,0
3,22,sync__set,GPU,3.87772e+06,3.87772e+06,0
3,22,sync__,GPU,3.87772e+06,3.87772e+06,0
3,22,moe_all_reduce_for_e_tp,GPU,3.87772e+06,3.89834e+06,20621.4
3,22,sync_3,GPU,3.89834e+06,3.89834e+06,0
3,22,sync__set,GPU,3.89834e+06,3.89834e+06,0
3,22,sync__,GPU,3.89834e+06,3.89834e+06,0
3,22,moe_gather,GPU,3.89834e+06,3.89834e+06,0
3,22,sync_for_moe_gather,GPU,3.89834e+06,3.89834e+06,0
3,22,sync__set,GPU,3.89834e+06,3.89834e+06,0
3,22,sync__,GPU,3.89834e+06,3.89834e+06,0
3,22,moe_all_reduce_for_gather,GPU,3.89834e+06,3.91897e+06,20621.4
3,22,sync_5,GPU,3.91897e+06,3.91897e+06,0
3,22,sync__set,GPU,3.91897e+06,3.91897e+06,0
3,22,sync__,GPU,3.91897e+06,3.91897e+06,0
3,22,sync_6,GPU,3.91897e+06,3.91897e+06,0
3,22,sync__set,GPU,3.91897e+06,3.91897e+06,0
3,22,sync__,GPU,3.91897e+06,3.91897e+06,0
3,22,residual_2,GPU,3.91897e+06,3.91923e+06,261.148
3,23,MoE_decoder_23,GPU,3.91923e+06,4.08857e+06,169344
3,23,input_layer_norm,GPU,3.91923e+06,3.91949e+06,261.148
3,23,attention,GPU,3.91949e+06,3.95936e+06,39870
3,23,attn_qkv_proj,GPU,3.91949e+06,3.92584e+06,6347.9
3,23,Linear,GPU,3.91949e+06,3.92584e+06,6347.9
3,23,self_attention,GPU,3.92584e+06,3.93446e+06,8625.91
3,23,AttentionSplit,GPU,3.92584e+06,3.92584e+06,0
3,23,AttentionSum,GPU,3.92584e+06,3.92584e+06,0
3,23,AttentionGen,Logic,3.92584e+06,3.93446e+06,8625.91
3,23,AttentionMerge,GPU,3.93446e+06,3.93446e+06,0
3,23,attn_o_proj,GPU,3.93446e+06,3.93874e+06,4274.79
3,23,Linear,GPU,3.93446e+06,3.93874e+06,4274.79
3,23,all_reduce,GPU,3.93874e+06,3.95936e+06,20621.4
3,23,residual_1,GPU,3.95936e+06,3.95962e+06,261.148
3,23,post_attn_layer_norm,GPU,3.95962e+06,3.95988e+06,261.148
3,23,expertFFN,GPU,3.95988e+06,4.08831e+06,128429
3,23,sync_0,GPU,3.95988e+06,3.95988e+06,0
3,23,sync__set,GPU,3.95988e+06,3.95988e+06,0
3,23,sync__,GPU,3.95988e+06,3.95988e+06,0
3,23,gate_fn,GPU,3.95988e+06,3.96004e+06,160.957
3,23,Linear,GPU,3.95988e+06,3.96004e+06,160.957
3,23,gate_update,GPU,3.96004e+06,3.96004e+06,0
3,23,moe_scatter,GPU,3.96004e+06,3.96004e+06,0
3,23,sync_for_moe_scatter,GPU,3.96004e+06,3.96004e+06,0
3,23,sync__set,GPU,3.96004e+06,3.96004e+06,0
3,23,sync__,GPU,3.96004e+06,3.96004e+06,0
3,23,moe_route,GPU,3.96004e+06,3.96004e+06,0
3,23,expert_FFN_0,GPU,3.96004e+06,3.9709e+06,10857.5
3,23,gate_proj,GPU,3.96004e+06,3.96365e+06,3613
3,23,Linear,Logic,3.96004e+06,3.96365e+06,3613
3,23,activation,Logic,3.96365e+06,3.96367e+06,18.4561
3,23,up_proj,GPU,3.96367e+06,3.96729e+06,3613
3,23,Linear,Logic,3.96367e+06,3.96729e+06,3613
3,23,down_proj,GPU,3.96729e+06,3.9709e+06,3613
3,23,Linear,Logic,3.96729e+06,3.9709e+06,3613
3,23,expert_FFN_1,GPU,3.9709e+06,3.98173e+06,10832.6
3,23,gate_proj,GPU,3.9709e+06,3.97451e+06,3607.35
3,23,Linear,Logic,3.9709e+06,3.97451e+06,3607.35
3,23,activation,Logic,3.97451e+06,3.97452e+06,10.5463
3,23,up_proj,GPU,3.97452e+06,3.97812e+06,3607.35
3,23,Linear,Logic,3.97452e+06,3.97812e+06,3607.35
3,23,down_proj,GPU,3.97812e+06,3.98173e+06,3607.35
3,23,Linear,Logic,3.97812e+06,3.98173e+06,3607.35
3,23,expert_FFN_2,GPU,3.98173e+06,3.99526e+06,13525.7
3,23,gate_proj,GPU,3.98173e+06,3.98623e+06,4499.77
3,23,Linear,Logic,3.98173e+06,3.98623e+06,4499.77
3,23,activation,Logic,3.98623e+06,3.98626e+06,26.3659
3,23,up_proj,GPU,3.98626e+06,3.99076e+06,4499.77
3,23,Linear,Logic,3.98626e+06,3.99076e+06,4499.77
3,23,down_proj,GPU,3.99076e+06,3.99526e+06,4499.77
3,23,Linear,Logic,3.99076e+06,3.99526e+06,4499.77
3,23,expert_FFN_3,GPU,3.99526e+06,4.00611e+06,10857.5
3,23,gate_proj,GPU,3.99526e+06,3.99887e+06,3613
3,23,Linear,Logic,3.99526e+06,3.99887e+06,3613
3,23,activation,Logic,3.99887e+06,3.99889e+06,18.4561
3,23,up_proj,GPU,3.99889e+06,4.0025e+06,3613
3,23,Linear,Logic,3.99889e+06,4.0025e+06,3613
3,23,down_proj,GPU,4.0025e+06,4.00611e+06,3613
3,23,Linear,Logic,4.0025e+06,4.00611e+06,3613
3,23,expert_FFN_4,GPU,3.96004e+06,4.00347e+06,43429.9
3,23,gate_proj,GPU,3.96004e+06,3.97449e+06,14452
3,23,Linear,GPU,3.96004e+06,3.97449e+06,14452
3,23,activation,GPU,3.97449e+06,3.97457e+06,73.8244
3,23,up_proj,GPU,3.97457e+06,3.98902e+06,14452
3,23,Linear,GPU,3.97457e+06,3.98902e+06,14452
3,23,down_proj,GPU,3.98902e+06,4.00347e+06,14452
3,23,Linear,GPU,3.98902e+06,4.00347e+06,14452
3,23,expert_FFN_5,GPU,4.00347e+06,4.04707e+06,43595.6
3,23,gate_proj,GPU,4.00347e+06,4.01796e+06,14489.7
3,23,Linear,GPU,4.00347e+06,4.01796e+06,14489.7
3,23,activation,GPU,4.01796e+06,4.01809e+06,126.556
3,23,up_proj,GPU,4.01809e+06,4.03258e+06,14489.7
3,23,Linear,GPU,4.01809e+06,4.03258e+06,14489.7
3,23,down_proj,GPU,4.03258e+06,4.04707e+06,14489.7
3,23,Linear,GPU,4.03258e+06,4.04707e+06,14489.7
3,23,expert_FFN_6,GPU,4.00611e+06,4.01829e+06,12173.1
3,23,gate_proj,GPU,4.00611e+06,4.01016e+06,4049.8
3,23,Linear,Logic,4.00611e+06,4.01016e+06,4049.8
3,23,activation,Logic,4.01016e+06,4.01019e+06,23.7293
3,23,up_proj,GPU,4.01019e+06,4.01424e+06,4049.8
3,23,Linear,Logic,4.01019e+06,4.01424e+06,4049.8
3,23,down_proj,GPU,4.01424e+06,4.01829e+06,4049.8
3,23,Linear,Logic,4.01424e+06,4.01829e+06,4049.8
3,23,expert_FFN_7,GPU,4.01829e+06,4.02915e+06,10865.7
3,23,gate_proj,GPU,4.01829e+06,4.0219e+06,3614.89
3,23,Linear,Logic,4.01829e+06,4.0219e+06,3614.89
3,23,activation,Logic,4.0219e+06,4.02192e+06,21.0927
3,23,up_proj,GPU,4.02192e+06,4.02554e+06,3614.89
3,23,Linear,Logic,4.02192e+06,4.02554e+06,3614.89
3,23,down_proj,GPU,4.02554e+06,4.02915e+06,3614.89
3,23,Linear,Logic,4.02554e+06,4.02915e+06,3614.89
3,23,sync_2,GPU,4.04707e+06,4.04707e+06,0
3,23,sync__set,GPU,4.04707e+06,4.04707e+06,0
3,23,sync__,GPU,4.04707e+06,4.04707e+06,0
3,23,moe_all_reduce_for_e_tp,GPU,4.04707e+06,4.06769e+06,20621.4
3,23,sync_3,GPU,4.06769e+06,4.06769e+06,0
3,23,sync__set,GPU,4.06769e+06,4.06769e+06,0
3,23,sync__,GPU,4.06769e+06,4.06769e+06,0
3,23,moe_gather,GPU,4.06769e+06,4.06769e+06,0
3,23,sync_for_moe_gather,GPU,4.06769e+06,4.06769e+06,0
3,23,sync__set,GPU,4.06769e+06,4.06769e+06,0
3,23,sync__,GPU,4.06769e+06,4.06769e+06,0
3,23,moe_all_reduce_for_gather,GPU,4.06769e+06,4.08831e+06,20621.4
3,23,sync_5,GPU,4.08831e+06,4.08831e+06,0
3,23,sync__set,GPU,4.08831e+06,4.08831e+06,0
3,23,sync__,GPU,4.08831e+06,4.08831e+06,0
3,23,sync_6,GPU,4.08831e+06,4.08831e+06,0
3,23,sync__set,GPU,4.08831e+06,4.08831e+06,0
3,23,sync__,GPU,4.08831e+06,4.08831e+06,0
3,23,residual_2,GPU,4.08831e+06,4.08857e+06,261.148
3,24,MoE_decoder_24,GPU,4.08857e+06,4.2657e+06,177129
3,24,input_layer_norm,GPU,4.08857e+06,4.08883e+06,261.148
3,24,attention,GPU,4.08883e+06,4.1287e+06,39870
3,24,attn_qkv_proj,GPU,4.08883e+06,4.09518e+06,6347.9
3,24,Linear,GPU,4.08883e+06,4.09518e+06,6347.9
3,24,self_attention,GPU,4.09518e+06,4.10381e+06,8625.91
3,24,AttentionSplit,GPU,4.09518e+06,4.09518e+06,0
3,24,AttentionSum,GPU,4.09518e+06,4.09518e+06,0
3,24,AttentionGen,Logic,4.09518e+06,4.10381e+06,8625.91
3,24,AttentionMerge,GPU,4.10381e+06,4.10381e+06,0
3,24,attn_o_proj,GPU,4.10381e+06,4.10808e+06,4274.79
3,24,Linear,GPU,4.10381e+06,4.10808e+06,4274.79
3,24,all_reduce,GPU,4.10808e+06,4.1287e+06,20621.4
3,24,residual_1,GPU,4.1287e+06,4.12896e+06,261.148
3,24,post_attn_layer_norm,GPU,4.12896e+06,4.12922e+06,261.148
3,24,expertFFN,GPU,4.12922e+06,4.26544e+06,136215
3,24,sync_0,GPU,4.12922e+06,4.12922e+06,0
3,24,sync__set,GPU,4.12922e+06,4.12922e+06,0
3,24,sync__,GPU,4.12922e+06,4.12922e+06,0
3,24,gate_fn,GPU,4.12922e+06,4.12939e+06,160.957
3,24,Linear,GPU,4.12922e+06,4.12939e+06,160.957
3,24,gate_update,GPU,4.12939e+06,4.12939e+06,0
3,24,moe_scatter,GPU,4.12939e+06,4.12939e+06,0
3,24,sync_for_moe_scatter,GPU,4.12939e+06,4.12939e+06,0
3,24,sync__set,GPU,4.12939e+06,4.12939e+06,0
3,24,sync__,GPU,4.12939e+06,4.12939e+06,0
3,24,moe_route,GPU,4.12939e+06,4.12939e+06,0
3,24,expert_FFN_0,GPU,4.12939e+06,4.14291e+06,13525.7
3,24,gate_proj,GPU,4.12939e+06,4.13389e+06,4499.77
3,24,Linear,Logic,4.12939e+06,4.13389e+06,4499.77
3,24,activation,Logic,4.13389e+06,4.13391e+06,26.3659
3,24,up_proj,GPU,4.13391e+06,4.13841e+06,4499.77
3,24,Linear,Logic,4.13391e+06,4.13841e+06,4499.77
3,24,down_proj,GPU,4.13841e+06,4.14291e+06,4499.77
3,24,Linear,Logic,4.13841e+06,4.14291e+06,4499.77
3,24,expert_FFN_1,GPU,4.14291e+06,4.15644e+06,13525.7
3,24,gate_proj,GPU,4.14291e+06,4.14741e+06,4499.77
3,24,Linear,Logic,4.14291e+06,4.14741e+06,4499.77
3,24,activation,Logic,4.14741e+06,4.14744e+06,26.3659
3,24,up_proj,GPU,4.14744e+06,4.15194e+06,4499.77
3,24,Linear,Logic,4.14744e+06,4.15194e+06,4499.77
3,24,down_proj,GPU,4.15194e+06,4.15644e+06,4499.77
3,24,Linear,Logic,4.15194e+06,4.15644e+06,4499.77
3,24,expert_FFN_2,GPU,4.15644e+06,4.16861e+06,12173.1
3,24,gate_proj,GPU,4.15644e+06,4.16049e+06,4049.8
3,24,Linear,Logic,4.15644e+06,4.16049e+06,4049.8
3,24,activation,Logic,4.16049e+06,4.16051e+06,23.7293
3,24,up_proj,GPU,4.16051e+06,4.16456e+06,4049.8
3,24,Linear,Logic,4.16051e+06,4.16456e+06,4049.8
3,24,down_proj,GPU,4.16456e+06,4.16861e+06,4049.8
3,24,Linear,Logic,4.16456e+06,4.16861e+06,4049.8
3,24,expert_FFN_3,GPU,4.16861e+06,4.17946e+06,10849.2
3,24,gate_proj,GPU,4.16861e+06,4.17222e+06,3611.12
3,24,Linear,Logic,4.16861e+06,4.17222e+06,3611.12
3,24,activation,Logic,4.17222e+06,4.17224e+06,15.8195
3,24,up_proj,GPU,4.17224e+06,4.17585e+06,3611.12
3,24,Linear,Logic,4.17224e+06,4.17585e+06,3611.12
3,24,down_proj,GPU,4.17585e+06,4.17946e+06,3611.12
3,24,Linear,Logic,4.17585e+06,4.17946e+06,3611.12
3,24,expert_FFN_4,GPU,4.17946e+06,4.19031e+06,10849.2
3,24,gate_proj,GPU,4.17946e+06,4.18307e+06,3611.12
3,24,Linear,Logic,4.17946e+06,4.18307e+06,3611.12
3,24,activation,Logic,4.18307e+06,4.18309e+06,15.8195
3,24,up_proj,GPU,4.18309e+06,4.1867e+06,3611.12
3,24,Linear,Logic,4.18309e+06,4.1867e+06,3611.12
3,24,down_proj,GPU,4.1867e+06,4.19031e+06,3611.12
3,24,Linear,Logic,4.1867e+06,4.19031e+06,3611.12
3,24,expert_FFN_5,GPU,4.19031e+06,4.20117e+06,10865.7
3,24,gate_proj,GPU,4.19031e+06,4.19392e+06,3614.89
3,24,Linear,Logic,4.19031e+06,4.19392e+06,3614.89
3,24,activation,Logic,4.19392e+06,4.19394e+06,21.0927
3,24,up_proj,GPU,4.19394e+06,4.19756e+06,3614.89
3,24,Linear,Logic,4.19394e+06,4.19756e+06,3614.89
3,24,down_proj,GPU,4.19756e+06,4.20117e+06,3614.89
3,24,Linear,Logic,4.19756e+06,4.20117e+06,3614.89
3,24,expert_FFN_6,GPU,4.20117e+06,4.21335e+06,12173.1
3,24,gate_proj,GPU,4.20117e+06,4.20522e+06,4049.8
3,24,Linear,Logic,4.20117e+06,4.20522e+06,4049.8
3,24,activation,Logic,4.20522e+06,4.20525e+06,23.7293
3,24,up_proj,GPU,4.20525e+06,4.2093e+06,4049.8
3,24,Linear,Logic,4.20525e+06,4.2093e+06,4049.8
3,24,down_proj,GPU,4.2093e+06,4.21335e+06,4049.8
3,24,Linear,Logic,4.2093e+06,4.21335e+06,4049.8
3,24,expert_FFN_7,GPU,4.21335e+06,4.2242e+06,10849.2
3,24,gate_proj,GPU,4.21335e+06,4.21696e+06,3611.12
3,24,Linear,Logic,4.21335e+06,4.21696e+06,3611.12
3,24,activation,Logic,4.21696e+06,4.21697e+06,15.8195
3,24,up_proj,GPU,4.21697e+06,4.22059e+06,3611.12
3,24,Linear,Logic,4.21697e+06,4.22059e+06,3611.12
3,24,down_proj,GPU,4.22059e+06,4.2242e+06,3611.12
3,24,Linear,Logic,4.22059e+06,4.2242e+06,3611.12
3,24,sync_2,GPU,4.2242e+06,4.2242e+06,0
3,24,sync__set,GPU,4.2242e+06,4.2242e+06,0
3,24,sync__,GPU,4.2242e+06,4.2242e+06,0
3,24,moe_all_reduce_for_e_tp,GPU,4.2242e+06,4.24482e+06,20621.4
3,24,sync_3,GPU,4.24482e+06,4.24482e+06,0
3,24,sync__set,GPU,4.24482e+06,4.24482e+06,0
3,24,sync__,GPU,4.24482e+06,4.24482e+06,0
3,24,moe_gather,GPU,4.24482e+06,4.24482e+06,0
3,24,sync_for_moe_gather,GPU,4.24482e+06,4.24482e+06,0
3,24,sync__set,GPU,4.24482e+06,4.24482e+06,0
3,24,sync__,GPU,4.24482e+06,4.24482e+06,0
3,24,moe_all_reduce_for_gather,GPU,4.24482e+06,4.26544e+06,20621.4
3,24,sync_5,GPU,4.26544e+06,4.26544e+06,0
3,24,sync__set,GPU,4.26544e+06,4.26544e+06,0
3,24,sync__,GPU,4.26544e+06,4.26544e+06,0
3,24,sync_6,GPU,4.26544e+06,4.26544e+06,0
3,24,sync__set,GPU,4.26544e+06,4.26544e+06,0
3,24,sync__,GPU,4.26544e+06,4.26544e+06,0
3,24,residual_2,GPU,4.26544e+06,4.2657e+06,261.148
3,25,MoE_decoder_25,GPU,4.2657e+06,4.43518e+06,169476
3,25,input_layer_norm,GPU,4.2657e+06,4.26596e+06,261.148
3,25,attention,GPU,4.26596e+06,4.30583e+06,39870
3,25,attn_qkv_proj,GPU,4.26596e+06,4.27231e+06,6347.9
3,25,Linear,GPU,4.26596e+06,4.27231e+06,6347.9
3,25,self_attention,GPU,4.27231e+06,4.28094e+06,8625.91
3,25,AttentionSplit,GPU,4.27231e+06,4.27231e+06,0
3,25,AttentionSum,GPU,4.27231e+06,4.27231e+06,0
3,25,AttentionGen,Logic,4.27231e+06,4.28094e+06,8625.91
3,25,AttentionMerge,GPU,4.28094e+06,4.28094e+06,0
3,25,attn_o_proj,GPU,4.28094e+06,4.28521e+06,4274.79
3,25,Linear,GPU,4.28094e+06,4.28521e+06,4274.79
3,25,all_reduce,GPU,4.28521e+06,4.30583e+06,20621.4
3,25,residual_1,GPU,4.30583e+06,4.30609e+06,261.148
3,25,post_attn_layer_norm,GPU,4.30609e+06,4.30635e+06,261.148
3,25,expertFFN,GPU,4.30635e+06,4.43492e+06,128562
3,25,sync_0,GPU,4.30635e+06,4.30635e+06,0
3,25,sync__set,GPU,4.30635e+06,4.30635e+06,0
3,25,sync__,GPU,4.30635e+06,4.30635e+06,0
3,25,gate_fn,GPU,4.30635e+06,4.30651e+06,160.957
3,25,Linear,GPU,4.30635e+06,4.30651e+06,160.957
3,25,gate_update,GPU,4.30651e+06,4.30651e+06,0
3,25,moe_scatter,GPU,4.30651e+06,4.30651e+06,0
3,25,sync_for_moe_scatter,GPU,4.30651e+06,4.30651e+06,0
3,25,sync__set,GPU,4.30651e+06,4.30651e+06,0
3,25,sync__,GPU,4.30651e+06,4.30651e+06,0
3,25,moe_route,GPU,4.30651e+06,4.30651e+06,0
3,25,expert_FFN_0,GPU,4.30651e+06,4.34994e+06,43429.9
3,25,gate_proj,GPU,4.30651e+06,4.32097e+06,14452
3,25,Linear,GPU,4.30651e+06,4.32097e+06,14452
3,25,activation,GPU,4.32097e+06,4.32104e+06,73.8244
3,25,up_proj,GPU,4.32104e+06,4.33549e+06,14452
3,25,Linear,GPU,4.32104e+06,4.33549e+06,14452
3,25,down_proj,GPU,4.33549e+06,4.34994e+06,14452
3,25,Linear,GPU,4.33549e+06,4.34994e+06,14452
3,25,expert_FFN_1,GPU,4.34994e+06,4.39367e+06,43728.2
3,25,gate_proj,GPU,4.34994e+06,4.36446e+06,14519.8
3,25,Linear,GPU,4.34994e+06,4.36446e+06,14519.8
3,25,activation,GPU,4.36446e+06,4.36463e+06,168.742
3,25,up_proj,GPU,4.36463e+06,4.37915e+06,14519.8
3,25,Linear,GPU,4.36463e+06,4.37915e+06,14519.8
3,25,down_proj,GPU,4.37915e+06,4.39367e+06,14519.8
3,25,Linear,GPU,4.37915e+06,4.39367e+06,14519.8
3,25,expert_FFN_2,GPU,4.30651e+06,4.31736e+06,10840.9
3,25,gate_proj,GPU,4.30651e+06,4.31012e+06,3609.24
3,25,Linear,Logic,4.30651e+06,4.31012e+06,3609.24
3,25,activation,Logic,4.31012e+06,4.31014e+06,13.1829
3,25,up_proj,GPU,4.31014e+06,4.31375e+06,3609.24
3,25,Linear,Logic,4.31014e+06,4.31375e+06,3609.24
3,25,down_proj,GPU,4.31375e+06,4.31736e+06,3609.24
3,25,Linear,Logic,4.31375e+06,4.31736e+06,3609.24
3,25,expert_FFN_3,GPU,4.31736e+06,4.3282e+06,10840.9
3,25,gate_proj,GPU,4.31736e+06,4.32096e+06,3609.24
3,25,Linear,Logic,4.31736e+06,4.32096e+06,3609.24
3,25,activation,Logic,4.32096e+06,4.32098e+06,13.1829
3,25,up_proj,GPU,4.32098e+06,4.32459e+06,3609.24
3,25,Linear,Logic,4.32098e+06,4.32459e+06,3609.24
3,25,down_proj,GPU,4.32459e+06,4.3282e+06,3609.24
3,25,Linear,Logic,4.32459e+06,4.3282e+06,3609.24
3,25,expert_FFN_4,GPU,4.3282e+06,4.33906e+06,10865.7
3,25,gate_proj,GPU,4.3282e+06,4.33181e+06,3614.89
3,25,Linear,Logic,4.3282e+06,4.33181e+06,3614.89
3,25,activation,Logic,4.33181e+06,4.33183e+06,21.0927
3,25,up_proj,GPU,4.33183e+06,4.33545e+06,3614.89
3,25,Linear,Logic,4.33183e+06,4.33545e+06,3614.89
3,25,down_proj,GPU,4.33545e+06,4.33906e+06,3614.89
3,25,Linear,Logic,4.33545e+06,4.33906e+06,3614.89
3,25,expert_FFN_5,GPU,4.33906e+06,4.34992e+06,10857.5
3,25,gate_proj,GPU,4.33906e+06,4.34268e+06,3613
3,25,Linear,Logic,4.33906e+06,4.34268e+06,3613
3,25,activation,Logic,4.34268e+06,4.34269e+06,18.4561
3,25,up_proj,GPU,4.34269e+06,4.34631e+06,3613
3,25,Linear,Logic,4.34269e+06,4.34631e+06,3613
3,25,down_proj,GPU,4.34631e+06,4.34992e+06,3613
3,25,Linear,Logic,4.34631e+06,4.34992e+06,3613
3,25,expert_FFN_6,GPU,4.34992e+06,4.36345e+06,13525.7
3,25,gate_proj,GPU,4.34992e+06,4.35442e+06,4499.77
3,25,Linear,Logic,4.34992e+06,4.35442e+06,4499.77
3,25,activation,Logic,4.35442e+06,4.35445e+06,26.3659
3,25,up_proj,GPU,4.35445e+06,4.35895e+06,4499.77
3,25,Linear,Logic,4.35445e+06,4.35895e+06,4499.77
3,25,down_proj,GPU,4.35895e+06,4.36345e+06,4499.77
3,25,Linear,Logic,4.35895e+06,4.36345e+06,4499.77
3,25,expert_FFN_7,GPU,4.36345e+06,4.37429e+06,10849.2
3,25,gate_proj,GPU,4.36345e+06,4.36706e+06,3611.12
3,25,Linear,Logic,4.36345e+06,4.36706e+06,3611.12
3,25,activation,Logic,4.36706e+06,4.36707e+06,15.8195
3,25,up_proj,GPU,4.36707e+06,4.37068e+06,3611.12
3,25,Linear,Logic,4.36707e+06,4.37068e+06,3611.12
3,25,down_proj,GPU,4.37068e+06,4.37429e+06,3611.12
3,25,Linear,Logic,4.37068e+06,4.37429e+06,3611.12
3,25,sync_2,GPU,4.39367e+06,4.39367e+06,0
3,25,sync__set,GPU,4.39367e+06,4.39367e+06,0
3,25,sync__,GPU,4.39367e+06,4.39367e+06,0
3,25,moe_all_reduce_for_e_tp,GPU,4.39367e+06,4.41429e+06,20621.4
3,25,sync_3,GPU,4.41429e+06,4.41429e+06,0
3,25,sync__set,GPU,4.41429e+06,4.41429e+06,0
3,25,sync__,GPU,4.41429e+06,4.41429e+06,0
3,25,moe_gather,GPU,4.41429e+06,4.41429e+06,0
3,25,sync_for_moe_gather,GPU,4.41429e+06,4.41429e+06,0
3,25,sync__set,GPU,4.41429e+06,4.41429e+06,0
3,25,sync__,GPU,4.41429e+06,4.41429e+06,0
3,25,moe_all_reduce_for_gather,GPU,4.41429e+06,4.43492e+06,20621.4
3,25,sync_5,GPU,4.43492e+06,4.43492e+06,0
3,25,sync__set,GPU,4.43492e+06,4.43492e+06,0
3,25,sync__,GPU,4.43492e+06,4.43492e+06,0
3,25,sync_6,GPU,4.43492e+06,4.43492e+06,0
3,25,sync__set,GPU,4.43492e+06,4.43492e+06,0
3,25,sync__,GPU,4.43492e+06,4.43492e+06,0
3,25,residual_2,GPU,4.43492e+06,4.43518e+06,261.148
3,26,MoE_decoder_26,GPU,4.43518e+06,4.60472e+06,169543
3,26,input_layer_norm,GPU,4.43518e+06,4.43544e+06,261.148
3,26,attention,GPU,4.43544e+06,4.47531e+06,39870
3,26,attn_qkv_proj,GPU,4.43544e+06,4.44179e+06,6347.9
3,26,Linear,GPU,4.43544e+06,4.44179e+06,6347.9
3,26,self_attention,GPU,4.44179e+06,4.45041e+06,8625.91
3,26,AttentionSplit,GPU,4.44179e+06,4.44179e+06,0
3,26,AttentionSum,GPU,4.44179e+06,4.44179e+06,0
3,26,AttentionGen,Logic,4.44179e+06,4.45041e+06,8625.91
3,26,AttentionMerge,GPU,4.45041e+06,4.45041e+06,0
3,26,attn_o_proj,GPU,4.45041e+06,4.45469e+06,4274.79
3,26,Linear,GPU,4.45041e+06,4.45469e+06,4274.79
3,26,all_reduce,GPU,4.45469e+06,4.47531e+06,20621.4
3,26,residual_1,GPU,4.47531e+06,4.47557e+06,261.148
3,26,post_attn_layer_norm,GPU,4.47557e+06,4.47583e+06,261.148
3,26,expertFFN,GPU,4.47583e+06,4.60446e+06,128628
3,26,sync_0,GPU,4.47583e+06,4.47583e+06,0
3,26,sync__set,GPU,4.47583e+06,4.47583e+06,0
3,26,sync__,GPU,4.47583e+06,4.47583e+06,0
3,26,gate_fn,GPU,4.47583e+06,4.47599e+06,160.957
3,26,Linear,GPU,4.47583e+06,4.47599e+06,160.957
3,26,gate_update,GPU,4.47599e+06,4.47599e+06,0
3,26,moe_scatter,GPU,4.47599e+06,4.47599e+06,0
3,26,sync_for_moe_scatter,GPU,4.47599e+06,4.47599e+06,0
3,26,sync__set,GPU,4.47599e+06,4.47599e+06,0
3,26,sync__,GPU,4.47599e+06,4.47599e+06,0
3,26,moe_route,GPU,4.47599e+06,4.47599e+06,0
3,26,expert_FFN_0,GPU,4.47599e+06,4.51959e+06,43595.6
3,26,gate_proj,GPU,4.47599e+06,4.49048e+06,14489.7
3,26,Linear,GPU,4.47599e+06,4.49048e+06,14489.7
3,26,activation,GPU,4.49048e+06,4.49061e+06,126.556
3,26,up_proj,GPU,4.49061e+06,4.5051e+06,14489.7
3,26,Linear,GPU,4.49061e+06,4.5051e+06,14489.7
3,26,down_proj,GPU,4.5051e+06,4.51959e+06,14489.7
3,26,Linear,GPU,4.5051e+06,4.51959e+06,14489.7
3,26,expert_FFN_1,GPU,4.51959e+06,4.56322e+06,43628.7
3,26,gate_proj,GPU,4.51959e+06,4.53408e+06,14497.2
3,26,Linear,GPU,4.51959e+06,4.53408e+06,14497.2
3,26,activation,GPU,4.53408e+06,4.53422e+06,137.103
3,26,up_proj,GPU,4.53422e+06,4.54872e+06,14497.2
3,26,Linear,GPU,4.53422e+06,4.54872e+06,14497.2
3,26,down_proj,GPU,4.54872e+06,4.56322e+06,14497.2
3,26,Linear,GPU,4.54872e+06,4.56322e+06,14497.2
3,26,expert_FFN_2,GPU,4.47599e+06,4.48816e+06,12173.1
3,26,gate_proj,GPU,4.47599e+06,4.48004e+06,4049.8
3,26,Linear,Logic,4.47599e+06,4.48004e+06,4049.8
3,26,activation,Logic,4.48004e+06,4.48006e+06,23.7293
3,26,up_proj,GPU,4.48006e+06,4.48411e+06,4049.8
3,26,Linear,Logic,4.48006e+06,4.48411e+06,4049.8
3,26,down_proj,GPU,4.48411e+06,4.48816e+06,4049.8
3,26,Linear,Logic,4.48411e+06,4.48816e+06,4049.8
3,26,expert_FFN_3,GPU,4.48816e+06,4.499e+06,10832.6
3,26,gate_proj,GPU,4.48816e+06,4.49177e+06,3607.35
3,26,Linear,Logic,4.48816e+06,4.49177e+06,3607.35
3,26,activation,Logic,4.49177e+06,4.49178e+06,10.5463
3,26,up_proj,GPU,4.49178e+06,4.49539e+06,3607.35
3,26,Linear,Logic,4.49178e+06,4.49539e+06,3607.35
3,26,down_proj,GPU,4.49539e+06,4.499e+06,3607.35
3,26,Linear,Logic,4.49539e+06,4.499e+06,3607.35
3,26,expert_FFN_4,GPU,4.499e+06,4.50985e+06,10849.2
3,26,gate_proj,GPU,4.499e+06,4.50261e+06,3611.12
3,26,Linear,Logic,4.499e+06,4.50261e+06,3611.12
3,26,activation,Logic,4.50261e+06,4.50262e+06,15.8195
3,26,up_proj,GPU,4.50262e+06,4.50624e+06,3611.12
3,26,Linear,Logic,4.50262e+06,4.50624e+06,3611.12
3,26,down_proj,GPU,4.50624e+06,4.50985e+06,3611.12
3,26,Linear,Logic,4.50624e+06,4.50985e+06,3611.12
3,26,expert_FFN_5,GPU,4.50985e+06,4.52069e+06,10840.9
3,26,gate_proj,GPU,4.50985e+06,4.51346e+06,3609.24
3,26,Linear,Logic,4.50985e+06,4.51346e+06,3609.24
3,26,activation,Logic,4.51346e+06,4.51347e+06,13.1829
3,26,up_proj,GPU,4.51347e+06,4.51708e+06,3609.24
3,26,Linear,Logic,4.51347e+06,4.51708e+06,3609.24
3,26,down_proj,GPU,4.51708e+06,4.52069e+06,3609.24
3,26,Linear,Logic,4.51708e+06,4.52069e+06,3609.24
3,26,expert_FFN_6,GPU,4.52069e+06,4.53154e+06,10857.5
3,26,gate_proj,GPU,4.52069e+06,4.5243e+06,3613
3,26,Linear,Logic,4.52069e+06,4.5243e+06,3613
3,26,activation,Logic,4.5243e+06,4.52432e+06,18.4561
3,26,up_proj,GPU,4.52432e+06,4.52793e+06,3613
3,26,Linear,Logic,4.52432e+06,4.52793e+06,3613
3,26,down_proj,GPU,4.52793e+06,4.53154e+06,3613
3,26,Linear,Logic,4.52793e+06,4.53154e+06,3613
3,26,expert_FFN_7,GPU,4.53154e+06,4.54241e+06,10865.7
3,26,gate_proj,GPU,4.53154e+06,4.53516e+06,3614.89
3,26,Linear,Logic,4.53154e+06,4.53516e+06,3614.89
3,26,activation,Logic,4.53516e+06,4.53518e+06,21.0927
3,26,up_proj,GPU,4.53518e+06,4.5388e+06,3614.89
3,26,Linear,Logic,4.53518e+06,4.5388e+06,3614.89
3,26,down_proj,GPU,4.5388e+06,4.54241e+06,3614.89
3,26,Linear,Logic,4.5388e+06,4.54241e+06,3614.89
3,26,sync_2,GPU,4.56322e+06,4.56322e+06,0
3,26,sync__set,GPU,4.56322e+06,4.56322e+06,0
3,26,sync__,GPU,4.56322e+06,4.56322e+06,0
3,26,moe_all_reduce_for_e_tp,GPU,4.56322e+06,4.58384e+06,20621.4
3,26,sync_3,GPU,4.58384e+06,4.58384e+06,0
3,26,sync__set,GPU,4.58384e+06,4.58384e+06,0
3,26,sync__,GPU,4.58384e+06,4.58384e+06,0
3,26,moe_gather,GPU,4.58384e+06,4.58384e+06,0
3,26,sync_for_moe_gather,GPU,4.58384e+06,4.58384e+06,0
3,26,sync__set,GPU,4.58384e+06,4.58384e+06,0
3,26,sync__,GPU,4.58384e+06,4.58384e+06,0
3,26,moe_all_reduce_for_gather,GPU,4.58384e+06,4.60446e+06,20621.4
3,26,sync_5,GPU,4.60446e+06,4.60446e+06,0
3,26,sync__set,GPU,4.60446e+06,4.60446e+06,0
3,26,sync__,GPU,4.60446e+06,4.60446e+06,0
3,26,sync_6,GPU,4.60446e+06,4.60446e+06,0
3,26,sync__set,GPU,4.60446e+06,4.60446e+06,0
3,26,sync__,GPU,4.60446e+06,4.60446e+06,0
3,26,residual_2,GPU,4.60446e+06,4.60472e+06,261.148
3,27,MoE_decoder_27,GPU,4.60472e+06,4.78055e+06,175830
3,27,input_layer_norm,GPU,4.60472e+06,4.60498e+06,261.148
3,27,attention,GPU,4.60498e+06,4.64485e+06,39870
3,27,attn_qkv_proj,GPU,4.60498e+06,4.61133e+06,6347.9
3,27,Linear,GPU,4.60498e+06,4.61133e+06,6347.9
3,27,self_attention,GPU,4.61133e+06,4.61995e+06,8625.91
3,27,AttentionSplit,GPU,4.61133e+06,4.61133e+06,0
3,27,AttentionSum,GPU,4.61133e+06,4.61133e+06,0
3,27,AttentionGen,Logic,4.61133e+06,4.61995e+06,8625.91
3,27,AttentionMerge,GPU,4.61995e+06,4.61995e+06,0
3,27,attn_o_proj,GPU,4.61995e+06,4.62423e+06,4274.79
3,27,Linear,GPU,4.61995e+06,4.62423e+06,4274.79
3,27,all_reduce,GPU,4.62423e+06,4.64485e+06,20621.4
3,27,residual_1,GPU,4.64485e+06,4.64511e+06,261.148
3,27,post_attn_layer_norm,GPU,4.64511e+06,4.64537e+06,261.148
3,27,expertFFN,GPU,4.64537e+06,4.78029e+06,134916
3,27,sync_0,GPU,4.64537e+06,4.64537e+06,0
3,27,sync__set,GPU,4.64537e+06,4.64537e+06,0
3,27,sync__,GPU,4.64537e+06,4.64537e+06,0
3,27,gate_fn,GPU,4.64537e+06,4.64553e+06,160.957
3,27,Linear,GPU,4.64537e+06,4.64553e+06,160.957
3,27,gate_update,GPU,4.64553e+06,4.64553e+06,0
3,27,moe_scatter,GPU,4.64553e+06,4.64553e+06,0
3,27,sync_for_moe_scatter,GPU,4.64553e+06,4.64553e+06,0
3,27,sync__set,GPU,4.64553e+06,4.64553e+06,0
3,27,sync__,GPU,4.64553e+06,4.64553e+06,0
3,27,moe_route,GPU,4.64553e+06,4.64553e+06,0
3,27,expert_FFN_0,GPU,4.64553e+06,4.65637e+06,10840.9
3,27,gate_proj,GPU,4.64553e+06,4.64914e+06,3609.24
3,27,Linear,Logic,4.64553e+06,4.64914e+06,3609.24
3,27,activation,Logic,4.64914e+06,4.64916e+06,13.1829
3,27,up_proj,GPU,4.64916e+06,4.65277e+06,3609.24
3,27,Linear,Logic,4.64916e+06,4.65277e+06,3609.24
3,27,down_proj,GPU,4.65277e+06,4.65637e+06,3609.24
3,27,Linear,Logic,4.65277e+06,4.65637e+06,3609.24
3,27,expert_FFN_1,GPU,4.65637e+06,4.6699e+06,13525.7
3,27,gate_proj,GPU,4.65637e+06,4.66087e+06,4499.77
3,27,Linear,Logic,4.65637e+06,4.66087e+06,4499.77
3,27,activation,Logic,4.66087e+06,4.6609e+06,26.3659
3,27,up_proj,GPU,4.6609e+06,4.6654e+06,4499.77
3,27,Linear,Logic,4.6609e+06,4.6654e+06,4499.77
3,27,down_proj,GPU,4.6654e+06,4.6699e+06,4499.77
3,27,Linear,Logic,4.6654e+06,4.6699e+06,4499.77
3,27,expert_FFN_2,GPU,4.6699e+06,4.68343e+06,13525.7
3,27,gate_proj,GPU,4.6699e+06,4.6744e+06,4499.77
3,27,Linear,Logic,4.6699e+06,4.6744e+06,4499.77
3,27,activation,Logic,4.6744e+06,4.67443e+06,26.3659
3,27,up_proj,GPU,4.67443e+06,4.67893e+06,4499.77
3,27,Linear,Logic,4.67443e+06,4.67893e+06,4499.77
3,27,down_proj,GPU,4.67893e+06,4.68343e+06,4499.77
3,27,Linear,Logic,4.67893e+06,4.68343e+06,4499.77
3,27,expert_FFN_3,GPU,4.68343e+06,4.69428e+06,10849.2
3,27,gate_proj,GPU,4.68343e+06,4.68704e+06,3611.12
3,27,Linear,Logic,4.68343e+06,4.68704e+06,3611.12
3,27,activation,Logic,4.68704e+06,4.68705e+06,15.8195
3,27,up_proj,GPU,4.68705e+06,4.69066e+06,3611.12
3,27,Linear,Logic,4.68705e+06,4.69066e+06,3611.12
3,27,down_proj,GPU,4.69066e+06,4.69428e+06,3611.12
3,27,Linear,Logic,4.69066e+06,4.69428e+06,3611.12
3,27,expert_FFN_4,GPU,4.69428e+06,4.70514e+06,10865.7
3,27,gate_proj,GPU,4.69428e+06,4.69789e+06,3614.89
3,27,Linear,Logic,4.69428e+06,4.69789e+06,3614.89
3,27,activation,Logic,4.69789e+06,4.69791e+06,21.0927
3,27,up_proj,GPU,4.69791e+06,4.70153e+06,3614.89
3,27,Linear,Logic,4.69791e+06,4.70153e+06,3614.89
3,27,down_proj,GPU,4.70153e+06,4.70514e+06,3614.89
3,27,Linear,Logic,4.70153e+06,4.70514e+06,3614.89
3,27,expert_FFN_5,GPU,4.70514e+06,4.71731e+06,12173.1
3,27,gate_proj,GPU,4.70514e+06,4.70919e+06,4049.8
3,27,Linear,Logic,4.70514e+06,4.70919e+06,4049.8
3,27,activation,Logic,4.70919e+06,4.70921e+06,23.7293
3,27,up_proj,GPU,4.70921e+06,4.71326e+06,4049.8
3,27,Linear,Logic,4.70921e+06,4.71326e+06,4049.8
3,27,down_proj,GPU,4.71326e+06,4.71731e+06,4049.8
3,27,Linear,Logic,4.71326e+06,4.71731e+06,4049.8
3,27,expert_FFN_6,GPU,4.71731e+06,4.72818e+06,10865.7
3,27,gate_proj,GPU,4.71731e+06,4.72093e+06,3614.89
3,27,Linear,Logic,4.71731e+06,4.72093e+06,3614.89
3,27,activation,Logic,4.72093e+06,4.72095e+06,21.0927
3,27,up_proj,GPU,4.72095e+06,4.72457e+06,3614.89
3,27,Linear,Logic,4.72095e+06,4.72457e+06,3614.89
3,27,down_proj,GPU,4.72457e+06,4.72818e+06,3614.89
3,27,Linear,Logic,4.72457e+06,4.72818e+06,3614.89
3,27,expert_FFN_7,GPU,4.72818e+06,4.73905e+06,10865.7
3,27,gate_proj,GPU,4.72818e+06,4.7318e+06,3614.89
3,27,Linear,Logic,4.72818e+06,4.7318e+06,3614.89
3,27,activation,Logic,4.7318e+06,4.73182e+06,21.0927
3,27,up_proj,GPU,4.73182e+06,4.73543e+06,3614.89
3,27,Linear,Logic,4.73182e+06,4.73543e+06,3614.89
3,27,down_proj,GPU,4.73543e+06,4.73905e+06,3614.89
3,27,Linear,Logic,4.73543e+06,4.73905e+06,3614.89
3,27,sync_2,GPU,4.73905e+06,4.73905e+06,0
3,27,sync__set,GPU,4.73905e+06,4.73905e+06,0
3,27,sync__,GPU,4.73905e+06,4.73905e+06,0
3,27,moe_all_reduce_for_e_tp,GPU,4.73905e+06,4.75967e+06,20621.4
3,27,sync_3,GPU,4.75967e+06,4.75967e+06,0
3,27,sync__set,GPU,4.75967e+06,4.75967e+06,0
3,27,sync__,GPU,4.75967e+06,4.75967e+06,0
3,27,moe_gather,GPU,4.75967e+06,4.75967e+06,0
3,27,sync_for_moe_gather,GPU,4.75967e+06,4.75967e+06,0
3,27,sync__set,GPU,4.75967e+06,4.75967e+06,0
3,27,sync__,GPU,4.75967e+06,4.75967e+06,0
3,27,moe_all_reduce_for_gather,GPU,4.75967e+06,4.78029e+06,20621.4
3,27,sync_5,GPU,4.78029e+06,4.78029e+06,0
3,27,sync__set,GPU,4.78029e+06,4.78029e+06,0
3,27,sync__,GPU,4.78029e+06,4.78029e+06,0
3,27,sync_6,GPU,4.78029e+06,4.78029e+06,0
3,27,sync__set,GPU,4.78029e+06,4.78029e+06,0
3,27,sync__,GPU,4.78029e+06,4.78029e+06,0
3,27,residual_2,GPU,4.78029e+06,4.78055e+06,261.148
3,28,MoE_decoder_28,GPU,4.78055e+06,4.95504e+06,174486
3,28,input_layer_norm,GPU,4.78055e+06,4.78081e+06,261.148
3,28,attention,GPU,4.78081e+06,4.82068e+06,39870
3,28,attn_qkv_proj,GPU,4.78081e+06,4.78716e+06,6347.9
3,28,Linear,GPU,4.78081e+06,4.78716e+06,6347.9
3,28,self_attention,GPU,4.78716e+06,4.79578e+06,8625.91
3,28,AttentionSplit,GPU,4.78716e+06,4.78716e+06,0
3,28,AttentionSum,GPU,4.78716e+06,4.78716e+06,0
3,28,AttentionGen,Logic,4.78716e+06,4.79578e+06,8625.91
3,28,AttentionMerge,GPU,4.79578e+06,4.79578e+06,0
3,28,attn_o_proj,GPU,4.79578e+06,4.80006e+06,4274.79
3,28,Linear,GPU,4.79578e+06,4.80006e+06,4274.79
3,28,all_reduce,GPU,4.80006e+06,4.82068e+06,20621.4
3,28,residual_1,GPU,4.82068e+06,4.82094e+06,261.148
3,28,post_attn_layer_norm,GPU,4.82094e+06,4.8212e+06,261.148
3,28,expertFFN,GPU,4.8212e+06,4.95477e+06,133571
3,28,sync_0,GPU,4.8212e+06,4.8212e+06,0
3,28,sync__set,GPU,4.8212e+06,4.8212e+06,0
3,28,sync__,GPU,4.8212e+06,4.8212e+06,0
3,28,gate_fn,GPU,4.8212e+06,4.82136e+06,160.957
3,28,Linear,GPU,4.8212e+06,4.82136e+06,160.957
3,28,gate_update,GPU,4.82136e+06,4.82136e+06,0
3,28,moe_scatter,GPU,4.82136e+06,4.82136e+06,0
3,28,sync_for_moe_scatter,GPU,4.82136e+06,4.82136e+06,0
3,28,sync__set,GPU,4.82136e+06,4.82136e+06,0
3,28,sync__,GPU,4.82136e+06,4.82136e+06,0
3,28,moe_route,GPU,4.82136e+06,4.82136e+06,0
3,28,expert_FFN_0,GPU,4.82136e+06,4.83354e+06,12173.1
3,28,gate_proj,GPU,4.82136e+06,4.82541e+06,4049.8
3,28,Linear,Logic,4.82136e+06,4.82541e+06,4049.8
3,28,activation,Logic,4.82541e+06,4.82544e+06,23.7293
3,28,up_proj,GPU,4.82544e+06,4.82949e+06,4049.8
3,28,Linear,Logic,4.82544e+06,4.82949e+06,4049.8
3,28,down_proj,GPU,4.82949e+06,4.83354e+06,4049.8
3,28,Linear,Logic,4.82949e+06,4.83354e+06,4049.8
3,28,expert_FFN_1,GPU,4.83354e+06,4.84706e+06,13525.7
3,28,gate_proj,GPU,4.83354e+06,4.83804e+06,4499.77
3,28,Linear,Logic,4.83354e+06,4.83804e+06,4499.77
3,28,activation,Logic,4.83804e+06,4.83806e+06,26.3659
3,28,up_proj,GPU,4.83806e+06,4.84256e+06,4499.77
3,28,Linear,Logic,4.83806e+06,4.84256e+06,4499.77
3,28,down_proj,GPU,4.84256e+06,4.84706e+06,4499.77
3,28,Linear,Logic,4.84256e+06,4.84706e+06,4499.77
3,28,expert_FFN_2,GPU,4.84706e+06,4.85792e+06,10857.5
3,28,gate_proj,GPU,4.84706e+06,4.85068e+06,3613
3,28,Linear,Logic,4.84706e+06,4.85068e+06,3613
3,28,activation,Logic,4.85068e+06,4.85069e+06,18.4561
3,28,up_proj,GPU,4.85069e+06,4.85431e+06,3613
3,28,Linear,Logic,4.85069e+06,4.85431e+06,3613
3,28,down_proj,GPU,4.85431e+06,4.85792e+06,3613
3,28,Linear,Logic,4.85431e+06,4.85792e+06,3613
3,28,expert_FFN_3,GPU,4.85792e+06,4.86879e+06,10865.7
3,28,gate_proj,GPU,4.85792e+06,4.86154e+06,3614.89
3,28,Linear,Logic,4.85792e+06,4.86154e+06,3614.89
3,28,activation,Logic,4.86154e+06,4.86156e+06,21.0927
3,28,up_proj,GPU,4.86156e+06,4.86517e+06,3614.89
3,28,Linear,Logic,4.86156e+06,4.86517e+06,3614.89
3,28,down_proj,GPU,4.86517e+06,4.86879e+06,3614.89
3,28,Linear,Logic,4.86517e+06,4.86879e+06,3614.89
3,28,expert_FFN_4,GPU,4.86879e+06,4.87965e+06,10865.7
3,28,gate_proj,GPU,4.86879e+06,4.8724e+06,3614.89
3,28,Linear,Logic,4.86879e+06,4.8724e+06,3614.89
3,28,activation,Logic,4.8724e+06,4.87242e+06,21.0927
3,28,up_proj,GPU,4.87242e+06,4.87604e+06,3614.89
3,28,Linear,Logic,4.87242e+06,4.87604e+06,3614.89
3,28,down_proj,GPU,4.87604e+06,4.87965e+06,3614.89
3,28,Linear,Logic,4.87604e+06,4.87965e+06,3614.89
3,28,expert_FFN_5,GPU,4.87965e+06,4.89051e+06,10857.5
3,28,gate_proj,GPU,4.87965e+06,4.88327e+06,3613
3,28,Linear,Logic,4.87965e+06,4.88327e+06,3613
3,28,activation,Logic,4.88327e+06,4.88328e+06,18.4561
3,28,up_proj,GPU,4.88328e+06,4.8869e+06,3613
3,28,Linear,Logic,4.88328e+06,4.8869e+06,3613
3,28,down_proj,GPU,4.8869e+06,4.89051e+06,3613
3,28,Linear,Logic,4.8869e+06,4.89051e+06,3613
3,28,expert_FFN_6,GPU,4.89051e+06,4.90136e+06,10849.2
3,28,gate_proj,GPU,4.89051e+06,4.89412e+06,3611.12
3,28,Linear,Logic,4.89051e+06,4.89412e+06,3611.12
3,28,activation,Logic,4.89412e+06,4.89414e+06,15.8195
3,28,up_proj,GPU,4.89414e+06,4.89775e+06,3611.12
3,28,Linear,Logic,4.89414e+06,4.89775e+06,3611.12
3,28,down_proj,GPU,4.89775e+06,4.90136e+06,3611.12
3,28,Linear,Logic,4.89775e+06,4.90136e+06,3611.12
3,28,expert_FFN_7,GPU,4.90136e+06,4.91353e+06,12173.1
3,28,gate_proj,GPU,4.90136e+06,4.90541e+06,4049.8
3,28,Linear,Logic,4.90136e+06,4.90541e+06,4049.8
3,28,activation,Logic,4.90541e+06,4.90543e+06,23.7293
3,28,up_proj,GPU,4.90543e+06,4.90948e+06,4049.8
3,28,Linear,Logic,4.90543e+06,4.90948e+06,4049.8
3,28,down_proj,GPU,4.90948e+06,4.91353e+06,4049.8
3,28,Linear,Logic,4.90948e+06,4.91353e+06,4049.8
3,28,sync_2,GPU,4.91353e+06,4.91353e+06,0
3,28,sync__set,GPU,4.91353e+06,4.91353e+06,0
3,28,sync__,GPU,4.91353e+06,4.91353e+06,0
3,28,moe_all_reduce_for_e_tp,GPU,4.91353e+06,4.93415e+06,20621.4
3,28,sync_3,GPU,4.93415e+06,4.93415e+06,0
3,28,sync__set,GPU,4.93415e+06,4.93415e+06,0
3,28,sync__,GPU,4.93415e+06,4.93415e+06,0
3,28,moe_gather,GPU,4.93415e+06,4.93415e+06,0
3,28,sync_for_moe_gather,GPU,4.93415e+06,4.93415e+06,0
3,28,sync__set,GPU,4.93415e+06,4.93415e+06,0
3,28,sync__,GPU,4.93415e+06,4.93415e+06,0
3,28,moe_all_reduce_for_gather,GPU,4.93415e+06,4.95477e+06,20621.4
3,28,sync_5,GPU,4.95477e+06,4.95477e+06,0
3,28,sync__set,GPU,4.95477e+06,4.95477e+06,0
3,28,sync__,GPU,4.95477e+06,4.95477e+06,0
3,28,sync_6,GPU,4.95477e+06,4.95477e+06,0
3,28,sync__set,GPU,4.95477e+06,4.95477e+06,0
3,28,sync__,GPU,4.95477e+06,4.95477e+06,0
3,28,residual_2,GPU,4.95477e+06,4.95504e+06,261.148
3,29,MoE_decoder_29,GPU,4.95504e+06,5.12448e+06,169443
3,29,input_layer_norm,GPU,4.95504e+06,4.9553e+06,261.148
3,29,attention,GPU,4.9553e+06,4.99517e+06,39870
3,29,attn_qkv_proj,GPU,4.9553e+06,4.96164e+06,6347.9
3,29,Linear,GPU,4.9553e+06,4.96164e+06,6347.9
3,29,self_attention,GPU,4.96164e+06,4.97027e+06,8625.91
3,29,AttentionSplit,GPU,4.96164e+06,4.96164e+06,0
3,29,AttentionSum,GPU,4.96164e+06,4.96164e+06,0
3,29,AttentionGen,Logic,4.96164e+06,4.97027e+06,8625.91
3,29,AttentionMerge,GPU,4.97027e+06,4.97027e+06,0
3,29,attn_o_proj,GPU,4.97027e+06,4.97455e+06,4274.79
3,29,Linear,GPU,4.97027e+06,4.97455e+06,4274.79
3,29,all_reduce,GPU,4.97455e+06,4.99517e+06,20621.4
3,29,residual_1,GPU,4.99517e+06,4.99543e+06,261.148
3,29,post_attn_layer_norm,GPU,4.99543e+06,4.99569e+06,261.148
3,29,expertFFN,GPU,4.99569e+06,5.12422e+06,128529
3,29,sync_0,GPU,4.99569e+06,4.99569e+06,0
3,29,sync__set,GPU,4.99569e+06,4.99569e+06,0
3,29,sync__,GPU,4.99569e+06,4.99569e+06,0
3,29,gate_fn,GPU,4.99569e+06,4.99585e+06,160.957
3,29,Linear,GPU,4.99569e+06,4.99585e+06,160.957
3,29,gate_update,GPU,4.99585e+06,4.99585e+06,0
3,29,moe_scatter,GPU,4.99585e+06,4.99585e+06,0
3,29,sync_for_moe_scatter,GPU,4.99585e+06,4.99585e+06,0
3,29,sync__set,GPU,4.99585e+06,4.99585e+06,0
3,29,sync__,GPU,4.99585e+06,4.99585e+06,0
3,29,moe_route,GPU,4.99585e+06,4.99585e+06,0
3,29,expert_FFN_0,GPU,4.99585e+06,5.00672e+06,10865.7
3,29,gate_proj,GPU,4.99585e+06,4.99947e+06,3614.89
3,29,Linear,Logic,4.99585e+06,4.99947e+06,3614.89
3,29,activation,Logic,4.99947e+06,4.99949e+06,21.0927
3,29,up_proj,GPU,4.99949e+06,5.0031e+06,3614.89
3,29,Linear,Logic,4.99949e+06,5.0031e+06,3614.89
3,29,down_proj,GPU,5.0031e+06,5.00672e+06,3614.89
3,29,Linear,Logic,5.0031e+06,5.00672e+06,3614.89
3,29,expert_FFN_1,GPU,5.00672e+06,5.01757e+06,10849.2
3,29,gate_proj,GPU,5.00672e+06,5.01033e+06,3611.12
3,29,Linear,Logic,5.00672e+06,5.01033e+06,3611.12
3,29,activation,Logic,5.01033e+06,5.01034e+06,15.8195
3,29,up_proj,GPU,5.01034e+06,5.01395e+06,3611.12
3,29,Linear,Logic,5.01034e+06,5.01395e+06,3611.12
3,29,down_proj,GPU,5.01395e+06,5.01757e+06,3611.12
3,29,Linear,Logic,5.01395e+06,5.01757e+06,3611.12
3,29,expert_FFN_2,GPU,4.99585e+06,5.03945e+06,43595.6
3,29,gate_proj,GPU,4.99585e+06,5.01034e+06,14489.7
3,29,Linear,GPU,4.99585e+06,5.01034e+06,14489.7
3,29,activation,GPU,5.01034e+06,5.01047e+06,126.556
3,29,up_proj,GPU,5.01047e+06,5.02496e+06,14489.7
3,29,Linear,GPU,5.01047e+06,5.02496e+06,14489.7
3,29,down_proj,GPU,5.02496e+06,5.03945e+06,14489.7
3,29,Linear,GPU,5.02496e+06,5.03945e+06,14489.7
3,29,expert_FFN_3,GPU,5.03945e+06,5.08298e+06,43529.3
3,29,gate_proj,GPU,5.03945e+06,5.05392e+06,14474.6
3,29,Linear,GPU,5.03945e+06,5.05392e+06,14474.6
3,29,activation,GPU,5.05392e+06,5.05403e+06,105.463
3,29,up_proj,GPU,5.05403e+06,5.0685e+06,14474.6
3,29,Linear,GPU,5.05403e+06,5.0685e+06,14474.6
3,29,down_proj,GPU,5.0685e+06,5.08298e+06,14474.6
3,29,Linear,GPU,5.0685e+06,5.08298e+06,14474.6
3,29,expert_FFN_4,GPU,5.01757e+06,5.02841e+06,10849.2
3,29,gate_proj,GPU,5.01757e+06,5.02118e+06,3611.12
3,29,Linear,Logic,5.01757e+06,5.02118e+06,3611.12
3,29,activation,Logic,5.02118e+06,5.02119e+06,15.8195
3,29,up_proj,GPU,5.02119e+06,5.0248e+06,3611.12
3,29,Linear,Logic,5.02119e+06,5.0248e+06,3611.12
3,29,down_proj,GPU,5.0248e+06,5.02841e+06,3611.12
3,29,Linear,Logic,5.0248e+06,5.02841e+06,3611.12
3,29,expert_FFN_5,GPU,5.02841e+06,5.03928e+06,10865.7
3,29,gate_proj,GPU,5.02841e+06,5.03203e+06,3614.89
3,29,Linear,Logic,5.02841e+06,5.03203e+06,3614.89
3,29,activation,Logic,5.03203e+06,5.03205e+06,21.0927
3,29,up_proj,GPU,5.03205e+06,5.03567e+06,3614.89
3,29,Linear,Logic,5.03205e+06,5.03567e+06,3614.89
3,29,down_proj,GPU,5.03567e+06,5.03928e+06,3614.89
3,29,Linear,Logic,5.03567e+06,5.03928e+06,3614.89
3,29,expert_FFN_6,GPU,5.03928e+06,5.05014e+06,10857.5
3,29,gate_proj,GPU,5.03928e+06,5.04289e+06,3613
3,29,Linear,Logic,5.03928e+06,5.04289e+06,3613
3,29,activation,Logic,5.04289e+06,5.04291e+06,18.4561
3,29,up_proj,GPU,5.04291e+06,5.04652e+06,3613
3,29,Linear,Logic,5.04291e+06,5.04652e+06,3613
3,29,down_proj,GPU,5.04652e+06,5.05014e+06,3613
3,29,Linear,Logic,5.04652e+06,5.05014e+06,3613
3,29,expert_FFN_7,GPU,5.05014e+06,5.061e+06,10857.5
3,29,gate_proj,GPU,5.05014e+06,5.05375e+06,3613
3,29,Linear,Logic,5.05014e+06,5.05375e+06,3613
3,29,activation,Logic,5.05375e+06,5.05377e+06,18.4561
3,29,up_proj,GPU,5.05377e+06,5.05738e+06,3613
3,29,Linear,Logic,5.05377e+06,5.05738e+06,3613
3,29,down_proj,GPU,5.05738e+06,5.061e+06,3613
3,29,Linear,Logic,5.05738e+06,5.061e+06,3613
3,29,sync_2,GPU,5.08298e+06,5.08298e+06,0
3,29,sync__set,GPU,5.08298e+06,5.08298e+06,0
3,29,sync__,GPU,5.08298e+06,5.08298e+06,0
3,29,moe_all_reduce_for_e_tp,GPU,5.08298e+06,5.1036e+06,20621.4
3,29,sync_3,GPU,5.1036e+06,5.1036e+06,0
3,29,sync__set,GPU,5.1036e+06,5.1036e+06,0
3,29,sync__,GPU,5.1036e+06,5.1036e+06,0
3,29,moe_gather,GPU,5.1036e+06,5.1036e+06,0
3,29,sync_for_moe_gather,GPU,5.1036e+06,5.1036e+06,0
3,29,sync__set,GPU,5.1036e+06,5.1036e+06,0
3,29,sync__,GPU,5.1036e+06,5.1036e+06,0
3,29,moe_all_reduce_for_gather,GPU,5.1036e+06,5.12422e+06,20621.4
3,29,sync_5,GPU,5.12422e+06,5.12422e+06,0
3,29,sync__set,GPU,5.12422e+06,5.12422e+06,0
3,29,sync__,GPU,5.12422e+06,5.12422e+06,0
3,29,sync_6,GPU,5.12422e+06,5.12422e+06,0
3,29,sync__set,GPU,5.12422e+06,5.12422e+06,0
3,29,sync__,GPU,5.12422e+06,5.12422e+06,0
3,29,residual_2,GPU,5.12422e+06,5.12448e+06,261.148
3,30,MoE_decoder_30,GPU,5.12448e+06,5.29379e+06,169311
3,30,input_layer_norm,GPU,5.12448e+06,5.12474e+06,261.148
3,30,attention,GPU,5.12474e+06,5.16461e+06,39870
3,30,attn_qkv_proj,GPU,5.12474e+06,5.13109e+06,6347.9
3,30,Linear,GPU,5.12474e+06,5.13109e+06,6347.9
3,30,self_attention,GPU,5.13109e+06,5.13971e+06,8625.91
3,30,AttentionSplit,GPU,5.13109e+06,5.13109e+06,0
3,30,AttentionSum,GPU,5.13109e+06,5.13109e+06,0
3,30,AttentionGen,Logic,5.13109e+06,5.13971e+06,8625.91
3,30,AttentionMerge,GPU,5.13971e+06,5.13971e+06,0
3,30,attn_o_proj,GPU,5.13971e+06,5.14399e+06,4274.79
3,30,Linear,GPU,5.13971e+06,5.14399e+06,4274.79
3,30,all_reduce,GPU,5.14399e+06,5.16461e+06,20621.4
3,30,residual_1,GPU,5.16461e+06,5.16487e+06,261.148
3,30,post_attn_layer_norm,GPU,5.16487e+06,5.16513e+06,261.148
3,30,expertFFN,GPU,5.16513e+06,5.29353e+06,128396
3,30,sync_0,GPU,5.16513e+06,5.16513e+06,0
3,30,sync__set,GPU,5.16513e+06,5.16513e+06,0
3,30,sync__,GPU,5.16513e+06,5.16513e+06,0
3,30,gate_fn,GPU,5.16513e+06,5.16529e+06,160.957
3,30,Linear,GPU,5.16513e+06,5.16529e+06,160.957
3,30,gate_update,GPU,5.16529e+06,5.16529e+06,0
3,30,moe_scatter,GPU,5.16529e+06,5.16529e+06,0
3,30,sync_for_moe_scatter,GPU,5.16529e+06,5.16529e+06,0
3,30,sync__set,GPU,5.16529e+06,5.16529e+06,0
3,30,sync__,GPU,5.16529e+06,5.16529e+06,0
3,30,moe_route,GPU,5.16529e+06,5.16529e+06,0
3,30,expert_FFN_0,GPU,5.16529e+06,5.20889e+06,43595.6
3,30,gate_proj,GPU,5.16529e+06,5.17978e+06,14489.7
3,30,Linear,GPU,5.16529e+06,5.17978e+06,14489.7
3,30,activation,GPU,5.17978e+06,5.17991e+06,126.556
3,30,up_proj,GPU,5.17991e+06,5.1944e+06,14489.7
3,30,Linear,GPU,5.17991e+06,5.1944e+06,14489.7
3,30,down_proj,GPU,5.1944e+06,5.20889e+06,14489.7
3,30,Linear,GPU,5.1944e+06,5.20889e+06,14489.7
3,30,expert_FFN_1,GPU,5.20889e+06,5.25229e+06,43396.7
3,30,gate_proj,GPU,5.20889e+06,5.22333e+06,14444.5
3,30,Linear,GPU,5.20889e+06,5.22333e+06,14444.5
3,30,activation,GPU,5.22333e+06,5.2234e+06,63.2781
3,30,up_proj,GPU,5.2234e+06,5.23784e+06,14444.5
3,30,Linear,GPU,5.2234e+06,5.23784e+06,14444.5
3,30,down_proj,GPU,5.23784e+06,5.25229e+06,14444.5
3,30,Linear,GPU,5.23784e+06,5.25229e+06,14444.5
3,30,expert_FFN_2,GPU,5.16529e+06,5.17613e+06,10840.9
3,30,gate_proj,GPU,5.16529e+06,5.1689e+06,3609.24
3,30,Linear,Logic,5.16529e+06,5.1689e+06,3609.24
3,30,activation,Logic,5.1689e+06,5.16892e+06,13.1829
3,30,up_proj,GPU,5.16892e+06,5.17253e+06,3609.24
3,30,Linear,Logic,5.16892e+06,5.17253e+06,3609.24
3,30,down_proj,GPU,5.17253e+06,5.17613e+06,3609.24
3,30,Linear,Logic,5.17253e+06,5.17613e+06,3609.24
3,30,expert_FFN_3,GPU,5.17613e+06,5.18699e+06,10857.5
3,30,gate_proj,GPU,5.17613e+06,5.17975e+06,3613
3,30,Linear,Logic,5.17613e+06,5.17975e+06,3613
3,30,activation,Logic,5.17975e+06,5.17977e+06,18.4561
3,30,up_proj,GPU,5.17977e+06,5.18338e+06,3613
3,30,Linear,Logic,5.17977e+06,5.18338e+06,3613
3,30,down_proj,GPU,5.18338e+06,5.18699e+06,3613
3,30,Linear,Logic,5.18338e+06,5.18699e+06,3613
3,30,expert_FFN_4,GPU,5.18699e+06,5.19785e+06,10857.5
3,30,gate_proj,GPU,5.18699e+06,5.19061e+06,3613
3,30,Linear,Logic,5.18699e+06,5.19061e+06,3613
3,30,activation,Logic,5.19061e+06,5.19062e+06,18.4561
3,30,up_proj,GPU,5.19062e+06,5.19424e+06,3613
3,30,Linear,Logic,5.19062e+06,5.19424e+06,3613
3,30,down_proj,GPU,5.19424e+06,5.19785e+06,3613
3,30,Linear,Logic,5.19424e+06,5.19785e+06,3613
3,30,expert_FFN_5,GPU,5.19785e+06,5.21002e+06,12173.1
3,30,gate_proj,GPU,5.19785e+06,5.2019e+06,4049.8
3,30,Linear,Logic,5.19785e+06,5.2019e+06,4049.8
3,30,activation,Logic,5.2019e+06,5.20192e+06,23.7293
3,30,up_proj,GPU,5.20192e+06,5.20597e+06,4049.8
3,30,Linear,Logic,5.20192e+06,5.20597e+06,4049.8
3,30,down_proj,GPU,5.20597e+06,5.21002e+06,4049.8
3,30,Linear,Logic,5.20597e+06,5.21002e+06,4049.8
3,30,expert_FFN_6,GPU,5.21002e+06,5.22088e+06,10857.5
3,30,gate_proj,GPU,5.21002e+06,5.21364e+06,3613
3,30,Linear,Logic,5.21002e+06,5.21364e+06,3613
3,30,activation,Logic,5.21364e+06,5.21365e+06,18.4561
3,30,up_proj,GPU,5.21365e+06,5.21727e+06,3613
3,30,Linear,Logic,5.21365e+06,5.21727e+06,3613
3,30,down_proj,GPU,5.21727e+06,5.22088e+06,3613
3,30,Linear,Logic,5.21727e+06,5.22088e+06,3613
3,30,expert_FFN_7,GPU,5.22088e+06,5.23576e+06,14878.3
3,30,gate_proj,GPU,5.22088e+06,5.22583e+06,4949.75
3,30,Linear,Logic,5.22088e+06,5.22583e+06,4949.75
3,30,activation,Logic,5.22583e+06,5.22586e+06,29.0025
3,30,up_proj,GPU,5.22586e+06,5.23081e+06,4949.75
3,30,Linear,Logic,5.22586e+06,5.23081e+06,4949.75
3,30,down_proj,GPU,5.23081e+06,5.23576e+06,4949.75
3,30,Linear,Logic,5.23081e+06,5.23576e+06,4949.75
3,30,sync_2,GPU,5.25229e+06,5.25229e+06,0
3,30,sync__set,GPU,5.25229e+06,5.25229e+06,0
3,30,sync__,GPU,5.25229e+06,5.25229e+06,0
3,30,moe_all_reduce_for_e_tp,GPU,5.25229e+06,5.27291e+06,20621.4
3,30,sync_3,GPU,5.27291e+06,5.27291e+06,0
3,30,sync__set,GPU,5.27291e+06,5.27291e+06,0
3,30,sync__,GPU,5.27291e+06,5.27291e+06,0
3,30,moe_gather,GPU,5.27291e+06,5.27291e+06,0
3,30,sync_for_moe_gather,GPU,5.27291e+06,5.27291e+06,0
3,30,sync__set,GPU,5.27291e+06,5.27291e+06,0
3,30,sync__,GPU,5.27291e+06,5.27291e+06,0
3,30,moe_all_reduce_for_gather,GPU,5.27291e+06,5.29353e+06,20621.4
3,30,sync_5,GPU,5.29353e+06,5.29353e+06,0
3,30,sync__set,GPU,5.29353e+06,5.29353e+06,0
3,30,sync__,GPU,5.29353e+06,5.29353e+06,0
3,30,sync_6,GPU,5.29353e+06,5.29353e+06,0
3,30,sync__set,GPU,5.29353e+06,5.29353e+06,0
3,30,sync__,GPU,5.29353e+06,5.29353e+06,0
3,30,residual_2,GPU,5.29353e+06,5.29379e+06,261.148
3,31,MoE_decoder_31,GPU,5.29379e+06,5.4631e+06,169311
3,31,input_layer_norm,GPU,5.29379e+06,5.29405e+06,261.148
3,31,attention,GPU,5.29405e+06,5.33392e+06,39870
3,31,attn_qkv_proj,GPU,5.29405e+06,5.3004e+06,6347.9
3,31,Linear,GPU,5.29405e+06,5.3004e+06,6347.9
3,31,self_attention,GPU,5.3004e+06,5.30902e+06,8625.91
3,31,AttentionSplit,GPU,5.3004e+06,5.3004e+06,0
3,31,AttentionSum,GPU,5.3004e+06,5.3004e+06,0
3,31,AttentionGen,Logic,5.3004e+06,5.30902e+06,8625.91
3,31,AttentionMerge,GPU,5.30902e+06,5.30902e+06,0
3,31,attn_o_proj,GPU,5.30902e+06,5.3133e+06,4274.79
3,31,Linear,GPU,5.30902e+06,5.3133e+06,4274.79
3,31,all_reduce,GPU,5.3133e+06,5.33392e+06,20621.4
3,31,residual_1,GPU,5.33392e+06,5.33418e+06,261.148
3,31,post_attn_layer_norm,GPU,5.33418e+06,5.33444e+06,261.148
3,31,expertFFN,GPU,5.33444e+06,5.46284e+06,128396
3,31,sync_0,GPU,5.33444e+06,5.33444e+06,0
3,31,sync__set,GPU,5.33444e+06,5.33444e+06,0
3,31,sync__,GPU,5.33444e+06,5.33444e+06,0
3,31,gate_fn,GPU,5.33444e+06,5.3346e+06,160.957
3,31,Linear,GPU,5.33444e+06,5.3346e+06,160.957
3,31,gate_update,GPU,5.3346e+06,5.3346e+06,0
3,31,moe_scatter,GPU,5.3346e+06,5.3346e+06,0
3,31,sync_for_moe_scatter,GPU,5.3346e+06,5.3346e+06,0
3,31,sync__set,GPU,5.3346e+06,5.3346e+06,0
3,31,sync__,GPU,5.3346e+06,5.3346e+06,0
3,31,moe_route,GPU,5.3346e+06,5.3346e+06,0
3,31,expert_FFN_0,GPU,5.3346e+06,5.34546e+06,10857.5
3,31,gate_proj,GPU,5.3346e+06,5.33822e+06,3613
3,31,Linear,Logic,5.3346e+06,5.33822e+06,3613
3,31,activation,Logic,5.33822e+06,5.33824e+06,18.4561
3,31,up_proj,GPU,5.33824e+06,5.34185e+06,3613
3,31,Linear,Logic,5.33824e+06,5.34185e+06,3613
3,31,down_proj,GPU,5.34185e+06,5.34546e+06,3613
3,31,Linear,Logic,5.34185e+06,5.34546e+06,3613
3,31,expert_FFN_1,GPU,5.34546e+06,5.35763e+06,12173.1
3,31,gate_proj,GPU,5.34546e+06,5.34951e+06,4049.8
3,31,Linear,Logic,5.34546e+06,5.34951e+06,4049.8
3,31,activation,Logic,5.34951e+06,5.34954e+06,23.7293
3,31,up_proj,GPU,5.34954e+06,5.35359e+06,4049.8
3,31,Linear,Logic,5.34954e+06,5.35359e+06,4049.8
3,31,down_proj,GPU,5.35359e+06,5.35763e+06,4049.8
3,31,Linear,Logic,5.35359e+06,5.35763e+06,4049.8
3,31,expert_FFN_2,GPU,5.35763e+06,5.36848e+06,10849.2
3,31,gate_proj,GPU,5.35763e+06,5.36125e+06,3611.12
3,31,Linear,Logic,5.35763e+06,5.36125e+06,3611.12
3,31,activation,Logic,5.36125e+06,5.36126e+06,15.8195
3,31,up_proj,GPU,5.36126e+06,5.36487e+06,3611.12
3,31,Linear,Logic,5.36126e+06,5.36487e+06,3611.12
3,31,down_proj,GPU,5.36487e+06,5.36848e+06,3611.12
3,31,Linear,Logic,5.36487e+06,5.36848e+06,3611.12
3,31,expert_FFN_3,GPU,5.36848e+06,5.37933e+06,10849.2
3,31,gate_proj,GPU,5.36848e+06,5.3721e+06,3611.12
3,31,Linear,Logic,5.36848e+06,5.3721e+06,3611.12
3,31,activation,Logic,5.3721e+06,5.37211e+06,15.8195
3,31,up_proj,GPU,5.37211e+06,5.37572e+06,3611.12
3,31,Linear,Logic,5.37211e+06,5.37572e+06,3611.12
3,31,down_proj,GPU,5.37572e+06,5.37933e+06,3611.12
3,31,Linear,Logic,5.37572e+06,5.37933e+06,3611.12
3,31,expert_FFN_4,GPU,5.3346e+06,5.3782e+06,43595.6
3,31,gate_proj,GPU,5.3346e+06,5.34909e+06,14489.7
3,31,Linear,GPU,5.3346e+06,5.34909e+06,14489.7
3,31,activation,GPU,5.34909e+06,5.34922e+06,126.556
3,31,up_proj,GPU,5.34922e+06,5.36371e+06,14489.7
3,31,Linear,GPU,5.34922e+06,5.36371e+06,14489.7
3,31,down_proj,GPU,5.36371e+06,5.3782e+06,14489.7
3,31,Linear,GPU,5.36371e+06,5.3782e+06,14489.7
3,31,expert_FFN_5,GPU,5.3782e+06,5.4216e+06,43396.7
3,31,gate_proj,GPU,5.3782e+06,5.39264e+06,14444.5
3,31,Linear,GPU,5.3782e+06,5.39264e+06,14444.5
3,31,activation,GPU,5.39264e+06,5.39271e+06,63.2781
3,31,up_proj,GPU,5.39271e+06,5.40715e+06,14444.5
3,31,Linear,GPU,5.39271e+06,5.40715e+06,14444.5
3,31,down_proj,GPU,5.40715e+06,5.4216e+06,14444.5
3,31,Linear,GPU,5.40715e+06,5.4216e+06,14444.5
3,31,expert_FFN_6,GPU,5.37933e+06,5.39019e+06,10857.5
3,31,gate_proj,GPU,5.37933e+06,5.38295e+06,3613
3,31,Linear,Logic,5.37933e+06,5.38295e+06,3613
3,31,activation,Logic,5.38295e+06,5.38296e+06,18.4561
3,31,up_proj,GPU,5.38296e+06,5.38658e+06,3613
3,31,Linear,Logic,5.38296e+06,5.38658e+06,3613
3,31,down_proj,GPU,5.38658e+06,5.39019e+06,3613
3,31,Linear,Logic,5.38658e+06,5.39019e+06,3613
3,31,expert_FFN_7,GPU,5.39019e+06,5.40507e+06,14878.3
3,31,gate_proj,GPU,5.39019e+06,5.39514e+06,4949.75
3,31,Linear,Logic,5.39019e+06,5.39514e+06,4949.75
3,31,activation,Logic,5.39514e+06,5.39517e+06,29.0025
3,31,up_proj,GPU,5.39517e+06,5.40012e+06,4949.75
3,31,Linear,Logic,5.39517e+06,5.40012e+06,4949.75
3,31,down_proj,GPU,5.40012e+06,5.40507e+06,4949.75
3,31,Linear,Logic,5.40012e+06,5.40507e+06,4949.75
3,31,sync_2,GPU,5.4216e+06,5.4216e+06,0
3,31,sync__set,GPU,5.4216e+06,5.4216e+06,0
3,31,sync__,GPU,5.4216e+06,5.4216e+06,0
3,31,moe_all_reduce_for_e_tp,GPU,5.4216e+06,5.44222e+06,20621.4
3,31,sync_3,GPU,5.44222e+06,5.44222e+06,0
3,31,sync__set,GPU,5.44222e+06,5.44222e+06,0
3,31,sync__,GPU,5.44222e+06,5.44222e+06,0
3,31,moe_gather,GPU,5.44222e+06,5.44222e+06,0
3,31,sync_for_moe_gather,GPU,5.44222e+06,5.44222e+06,0
3,31,sync__set,GPU,5.44222e+06,5.44222e+06,0
3,31,sync__,GPU,5.44222e+06,5.44222e+06,0
3,31,moe_all_reduce_for_gather,GPU,5.44222e+06,5.46284e+06,20621.4
3,31,sync_5,GPU,5.46284e+06,5.46284e+06,0
3,31,sync__set,GPU,5.46284e+06,5.46284e+06,0
3,31,sync__,GPU,5.46284e+06,5.46284e+06,0
3,31,sync_6,GPU,5.46284e+06,5.46284e+06,0
3,31,sync__set,GPU,5.46284e+06,5.46284e+06,0
3,31,sync__,GPU,5.46284e+06,5.46284e+06,0
3,31,residual_2,GPU,5.46284e+06,5.4631e+06,261.148
