Request,Token,L1,L2,Intersection,Union,Jaccard,Exact_Match
2624,2142,0,1,0,4,0.0,0
2624,2142,1,2,1,3,0.3333333333333333,0
2624,2142,2,3,0,4,0.0,0
2624,2142,3,4,0,4,0.0,0
2624,2142,4,5,0,4,0.0,0
2624,2142,5,6,0,4,0.0,0
2624,2142,6,7,0,4,0.0,0
2624,2142,7,8,0,4,0.0,0
2624,2142,8,9,0,4,0.0,0
2624,2142,9,10,1,3,0.3333333333333333,0
2624,2142,10,11,1,3,0.3333333333333333,0
2624,2142,11,12,0,4,0.0,0
2624,2142,12,13,0,4,0.0,0
2624,2142,13,14,1,3,0.3333333333333333,0
2624,2142,14,15,0,4,0.0,0
2624,2142,15,16,1,3,0.3333333333333333,0
2624,2142,16,17,0,4,0.0,0
2624,2142,17,18,0,4,0.0,0
2624,2142,18,19,1,3,0.3333333333333333,0
2624,2142,19,20,0,4,0.0,0
2624,2142,20,21,1,3,0.3333333333333333,0
2624,2142,21,22,1,3,0.3333333333333333,0
2624,2142,22,23,0,4,0.0,0
2624,2142,23,24,1,3,0.3333333333333333,0
2624,2142,24,25,0,4,0.0,0
2624,2142,25,26,1,3,0.3333333333333333,0
2624,2142,26,27,2,2,1.0,1
2624,2142,27,28,0,4,0.0,0
2624,2142,28,29,0,4,0.0,0
2624,2142,29,30,0,4,0.0,0
2624,2142,30,31,1,3,0.3333333333333333,0
2625,2142,0,1,0,4,0.0,0
2625,2142,1,2,0,4,0.0,0
2625,2142,2,3,0,4,0.0,0
2625,2142,3,4,0,4,0.0,0
2625,2142,4,5,1,3,0.3333333333333333,0
2625,2142,5,6,0,4,0.0,0
2625,2142,6,7,0,4,0.0,0
2625,2142,7,8,1,3,0.3333333333333333,0
2625,2142,8,9,0,4,0.0,0
2625,2142,9,10,0,4,0.0,0
2625,2142,10,11,0,4,0.0,0
2625,2142,11,12,1,3,0.3333333333333333,0
2625,2142,12,13,0,4,0.0,0
2625,2142,13,14,1,3,0.3333333333333333,0
2625,2142,14,15,0,4,0.0,0
2625,2142,15,16,0,4,0.0,0
2625,2142,16,17,1,3,0.3333333333333333,0
2625,2142,17,18,1,3,0.3333333333333333,0
2625,2142,18,19,1,3,0.3333333333333333,0
2625,2142,19,20,0,4,0.0,0
2625,2142,20,21,1,3,0.3333333333333333,0
2625,2142,21,22,1,3,0.3333333333333333,0
2625,2142,22,23,2,2,1.0,1
2625,2142,23,24,1,3,0.3333333333333333,0
2625,2142,24,25,0,4,0.0,0
2625,2142,25,26,1,3,0.3333333333333333,0
2625,2142,26,27,0,4,0.0,0
2625,2142,27,28,0,4,0.0,0
2625,2142,28,29,0,4,0.0,0
2625,2142,29,30,0,4,0.0,0
2625,2142,30,31,1,3,0.3333333333333333,0
2626,2142,0,1,1,3,0.3333333333333333,0
2626,2142,1,2,1,3,0.3333333333333333,0
2626,2142,2,3,0,4,0.0,0
2626,2142,3,4,0,4,0.0,0
2626,2142,4,5,1,3,0.3333333333333333,0
2626,2142,5,6,0,4,0.0,0
2626,2142,6,7,0,4,0.0,0
2626,2142,7,8,0,4,0.0,0
2626,2142,8,9,0,4,0.0,0
2626,2142,9,10,0,4,0.0,0
2626,2142,10,11,1,3,0.3333333333333333,0
2626,2142,11,12,0,4,0.0,0
2626,2142,12,13,1,3,0.3333333333333333,0
2626,2142,13,14,1,3,0.3333333333333333,0
2626,2142,14,15,0,4,0.0,0
2626,2142,15,16,0,4,0.0,0
2626,2142,16,17,1,3,0.3333333333333333,0
2626,2142,17,18,1,3,0.3333333333333333,0
2626,2142,18,19,0,4,0.0,0
2626,2142,19,20,0,4,0.0,0
2626,2142,20,21,1,3,0.3333333333333333,0
2626,2142,21,22,1,3,0.3333333333333333,0
2626,2142,22,23,0,4,0.0,0
2626,2142,23,24,0,4,0.0,0
2626,2142,24,25,0,4,0.0,0
2626,2142,25,26,1,3,0.3333333333333333,0
2626,2142,26,27,0,4,0.0,0
2626,2142,27,28,1,3,0.3333333333333333,0
2626,2142,28,29,1,3,0.3333333333333333,0
2626,2142,29,30,2,2,1.0,1
2626,2142,30,31,0,4,0.0,0
2627,2142,0,1,0,4,0.0,0
2627,2142,1,2,0,4,0.0,0
2627,2142,2,3,0,4,0.0,0
2627,2142,3,4,0,4,0.0,0
2627,2142,4,5,0,4,0.0,0
2627,2142,5,6,1,3,0.3333333333333333,0
2627,2142,6,7,0,4,0.0,0
2627,2142,7,8,1,3,0.3333333333333333,0
2627,2142,8,9,1,3,0.3333333333333333,0
2627,2142,9,10,0,4,0.0,0
2627,2142,10,11,1,3,0.3333333333333333,0
2627,2142,11,12,0,4,0.0,0
2627,2142,12,13,1,3,0.3333333333333333,0
2627,2142,13,14,2,2,1.0,1
2627,2142,14,15,1,3,0.3333333333333333,0
2627,2142,15,16,1,3,0.3333333333333333,0
2627,2142,16,17,2,2,1.0,1
2627,2142,17,18,1,3,0.3333333333333333,0
2627,2142,18,19,0,4,0.0,0
2627,2142,19,20,1,3,0.3333333333333333,0
2627,2142,20,21,1,3,0.3333333333333333,0
2627,2142,21,22,0,4,0.0,0
2627,2142,22,23,0,4,0.0,0
2627,2142,23,24,1,3,0.3333333333333333,0
2627,2142,24,25,0,4,0.0,0
2627,2142,25,26,1,3,0.3333333333333333,0
2627,2142,26,27,1,3,0.3333333333333333,0
2627,2142,27,28,1,3,0.3333333333333333,0
2627,2142,28,29,0,4,0.0,0
2627,2142,29,30,1,3,0.3333333333333333,0
2627,2142,30,31,0,4,0.0,0
2628,2142,0,1,1,3,0.3333333333333333,0
2628,2142,1,2,0,4,0.0,0
2628,2142,2,3,0,4,0.0,0
2628,2142,3,4,1,3,0.3333333333333333,0
2628,2142,4,5,0,4,0.0,0
2628,2142,5,6,0,4,0.0,0
2628,2142,6,7,0,4,0.0,0
2628,2142,7,8,1,3,0.3333333333333333,0
2628,2142,8,9,1,3,0.3333333333333333,0
2628,2142,9,10,2,2,1.0,1
2628,2142,10,11,1,3,0.3333333333333333,0
2628,2142,11,12,2,2,1.0,1
2628,2142,12,13,0,4,0.0,0
2628,2142,13,14,1,3,0.3333333333333333,0
2628,2142,14,15,1,3,0.3333333333333333,0
2628,2142,15,16,0,4,0.0,0
2628,2142,16,17,1,3,0.3333333333333333,0
2628,2142,17,18,0,4,0.0,0
2628,2142,18,19,1,3,0.3333333333333333,0
2628,2142,19,20,1,3,0.3333333333333333,0
2628,2142,20,21,1,3,0.3333333333333333,0
2628,2142,21,22,1,3,0.3333333333333333,0
2628,2142,22,23,1,3,0.3333333333333333,0
2628,2142,23,24,0,4,0.0,0
2628,2142,24,25,0,4,0.0,0
2628,2142,25,26,0,4,0.0,0
2628,2142,26,27,1,3,0.3333333333333333,0
2628,2142,27,28,1,3,0.3333333333333333,0
2628,2142,28,29,0,4,0.0,0
2628,2142,29,30,0,4,0.0,0
2628,2142,30,31,2,2,1.0,1
2629,2142,0,1,1,3,0.3333333333333333,0
2629,2142,1,2,0,4,0.0,0
2629,2142,2,3,0,4,0.0,0
2629,2142,3,4,0,4,0.0,0
2629,2142,4,5,1,3,0.3333333333333333,0
2629,2142,5,6,1,3,0.3333333333333333,0
2629,2142,6,7,0,4,0.0,0
2629,2142,7,8,0,4,0.0,0
2629,2142,8,9,0,4,0.0,0
2629,2142,9,10,1,3,0.3333333333333333,0
2629,2142,10,11,0,4,0.0,0
2629,2142,11,12,1,3,0.3333333333333333,0
2629,2142,12,13,0,4,0.0,0
2629,2142,13,14,2,2,1.0,1
2629,2142,14,15,0,4,0.0,0
2629,2142,15,16,1,3,0.3333333333333333,0
2629,2142,16,17,0,4,0.0,0
2629,2142,17,18,0,4,0.0,0
2629,2142,18,19,1,3,0.3333333333333333,0
2629,2142,19,20,2,2,1.0,1
2629,2142,20,21,1,3,0.3333333333333333,0
2629,2142,21,22,1,3,0.3333333333333333,0
2629,2142,22,23,0,4,0.0,0
2629,2142,23,24,1,3,0.3333333333333333,0
2629,2142,24,25,0,4,0.0,0
2629,2142,25,26,1,3,0.3333333333333333,0
2629,2142,26,27,1,3,0.3333333333333333,0
2629,2142,27,28,0,4,0.0,0
2629,2142,28,29,0,4,0.0,0
2629,2142,29,30,1,3,0.3333333333333333,0
2629,2142,30,31,2,2,1.0,1
2630,2142,0,1,0,4,0.0,0
2630,2142,1,2,1,3,0.3333333333333333,0
2630,2142,2,3,0,4,0.0,0
2630,2142,3,4,0,4,0.0,0
2630,2142,4,5,1,3,0.3333333333333333,0
2630,2142,5,6,1,3,0.3333333333333333,0
2630,2142,6,7,0,4,0.0,0
2630,2142,7,8,0,4,0.0,0
2630,2142,8,9,1,3,0.3333333333333333,0
2630,2142,9,10,1,3,0.3333333333333333,0
2630,2142,10,11,0,4,0.0,0
2630,2142,11,12,0,4,0.0,0
2630,2142,12,13,1,3,0.3333333333333333,0
2630,2142,13,14,1,3,0.3333333333333333,0
2630,2142,14,15,0,4,0.0,0
2630,2142,15,16,0,4,0.0,0
2630,2142,16,17,0,4,0.0,0
2630,2142,17,18,1,3,0.3333333333333333,0
2630,2142,18,19,0,4,0.0,0
2630,2142,19,20,0,4,0.0,0
2630,2142,20,21,1,3,0.3333333333333333,0
2630,2142,21,22,1,3,0.3333333333333333,0
2630,2142,22,23,0,4,0.0,0
2630,2142,23,24,1,3,0.3333333333333333,0
2630,2142,24,25,1,3,0.3333333333333333,0
2630,2142,25,26,1,3,0.3333333333333333,0
2630,2142,26,27,0,4,0.0,0
2630,2142,27,28,1,3,0.3333333333333333,0
2630,2142,28,29,0,4,0.0,0
2630,2142,29,30,1,3,0.3333333333333333,0
2630,2142,30,31,1,3,0.3333333333333333,0
2631,2142,0,1,1,3,0.3333333333333333,0
2631,2142,1,2,0,4,0.0,0
2631,2142,2,3,1,3,0.3333333333333333,0
2631,2142,3,4,0,4,0.0,0
2631,2142,4,5,0,4,0.0,0
2631,2142,5,6,0,4,0.0,0
2631,2142,6,7,1,3,0.3333333333333333,0
2631,2142,7,8,0,4,0.0,0
2631,2142,8,9,0,4,0.0,0
2631,2142,9,10,1,3,0.3333333333333333,0
2631,2142,10,11,0,4,0.0,0
2631,2142,11,12,1,3,0.3333333333333333,0
2631,2142,12,13,1,3,0.3333333333333333,0
2631,2142,13,14,1,3,0.3333333333333333,0
2631,2142,14,15,1,3,0.3333333333333333,0
2631,2142,15,16,0,4,0.0,0
2631,2142,16,17,0,4,0.0,0
2631,2142,17,18,0,4,0.0,0
2631,2142,18,19,1,3,0.3333333333333333,0
2631,2142,19,20,1,3,0.3333333333333333,0
2631,2142,20,21,0,4,0.0,0
2631,2142,21,22,1,3,0.3333333333333333,0
2631,2142,22,23,0,4,0.0,0
2631,2142,23,24,1,3,0.3333333333333333,0
2631,2142,24,25,1,3,0.3333333333333333,0
2631,2142,25,26,0,4,0.0,0
2631,2142,26,27,1,3,0.3333333333333333,0
2631,2142,27,28,2,2,1.0,1
2631,2142,28,29,2,2,1.0,1
2631,2142,29,30,1,3,0.3333333333333333,0
2631,2142,30,31,1,3,0.3333333333333333,0
2632,2142,0,1,1,3,0.3333333333333333,0
2632,2142,1,2,0,4,0.0,0
2632,2142,2,3,0,4,0.0,0
2632,2142,3,4,0,4,0.0,0
2632,2142,4,5,1,3,0.3333333333333333,0
2632,2142,5,6,0,4,0.0,0
2632,2142,6,7,0,4,0.0,0
2632,2142,7,8,1,3,0.3333333333333333,0
2632,2142,8,9,1,3,0.3333333333333333,0
2632,2142,9,10,0,4,0.0,0
2632,2142,10,11,1,3,0.3333333333333333,0
2632,2142,11,12,1,3,0.3333333333333333,0
2632,2142,12,13,1,3,0.3333333333333333,0
2632,2142,13,14,0,4,0.0,0
2632,2142,14,15,1,3,0.3333333333333333,0
2632,2142,15,16,1,3,0.3333333333333333,0
2632,2142,16,17,1,3,0.3333333333333333,0
2632,2142,17,18,0,4,0.0,0
2632,2142,18,19,1,3,0.3333333333333333,0
2632,2142,19,20,0,4,0.0,0
2632,2142,20,21,1,3,0.3333333333333333,0
2632,2142,21,22,0,4,0.0,0
2632,2142,22,23,1,3,0.3333333333333333,0
2632,2142,23,24,1,3,0.3333333333333333,0
2632,2142,24,25,1,3,0.3333333333333333,0
2632,2142,25,26,0,4,0.0,0
2632,2142,26,27,0,4,0.0,0
2632,2142,27,28,0,4,0.0,0
2632,2142,28,29,0,4,0.0,0
2632,2142,29,30,0,4,0.0,0
2632,2142,30,31,0,4,0.0,0
2633,2142,0,1,0,4,0.0,0
2633,2142,1,2,0,4,0.0,0
2633,2142,2,3,1,3,0.3333333333333333,0
2633,2142,3,4,1,3,0.3333333333333333,0
2633,2142,4,5,1,3,0.3333333333333333,0
2633,2142,5,6,1,3,0.3333333333333333,0
2633,2142,6,7,0,4,0.0,0
2633,2142,7,8,1,3,0.3333333333333333,0
2633,2142,8,9,0,4,0.0,0
2633,2142,9,10,1,3,0.3333333333333333,0
2633,2142,10,11,1,3,0.3333333333333333,0
2633,2142,11,12,1,3,0.3333333333333333,0
2633,2142,12,13,0,4,0.0,0
2633,2142,13,14,0,4,0.0,0
2633,2142,14,15,0,4,0.0,0
2633,2142,15,16,1,3,0.3333333333333333,0
2633,2142,16,17,0,4,0.0,0
2633,2142,17,18,1,3,0.3333333333333333,0
2633,2142,18,19,1,3,0.3333333333333333,0
2633,2142,19,20,1,3,0.3333333333333333,0
2633,2142,20,21,0,4,0.0,0
2633,2142,21,22,0,4,0.0,0
2633,2142,22,23,0,4,0.0,0
2633,2142,23,24,0,4,0.0,0
2633,2142,24,25,1,3,0.3333333333333333,0
2633,2142,25,26,0,4,0.0,0
2633,2142,26,27,0,4,0.0,0
2633,2142,27,28,0,4,0.0,0
2633,2142,28,29,1,3,0.3333333333333333,0
2633,2142,29,30,0,4,0.0,0
2633,2142,30,31,0,4,0.0,0
2634,2142,0,1,0,4,0.0,0
2634,2142,1,2,1,3,0.3333333333333333,0
2634,2142,2,3,0,4,0.0,0
2634,2142,3,4,0,4,0.0,0
2634,2142,4,5,1,3,0.3333333333333333,0
2634,2142,5,6,0,4,0.0,0
2634,2142,6,7,0,4,0.0,0
2634,2142,7,8,1,3,0.3333333333333333,0
2634,2142,8,9,0,4,0.0,0
2634,2142,9,10,0,4,0.0,0
2634,2142,10,11,0,4,0.0,0
2634,2142,11,12,1,3,0.3333333333333333,0
2634,2142,12,13,0,4,0.0,0
2634,2142,13,14,1,3,0.3333333333333333,0
2634,2142,14,15,1,3,0.3333333333333333,0
2634,2142,15,16,0,4,0.0,0
2634,2142,16,17,0,4,0.0,0
2634,2142,17,18,0,4,0.0,0
2634,2142,18,19,0,4,0.0,0
2634,2142,19,20,1,3,0.3333333333333333,0
2634,2142,20,21,0,4,0.0,0
2634,2142,21,22,1,3,0.3333333333333333,0
2634,2142,22,23,1,3,0.3333333333333333,0
2634,2142,23,24,0,4,0.0,0
2634,2142,24,25,0,4,0.0,0
2634,2142,25,26,1,3,0.3333333333333333,0
2634,2142,26,27,1,3,0.3333333333333333,0
2634,2142,27,28,0,4,0.0,0
2634,2142,28,29,1,3,0.3333333333333333,0
2634,2142,29,30,0,4,0.0,0
2634,2142,30,31,1,3,0.3333333333333333,0
2635,2142,0,1,1,3,0.3333333333333333,0
2635,2142,1,2,0,4,0.0,0
2635,2142,2,3,1,3,0.3333333333333333,0
2635,2142,3,4,1,3,0.3333333333333333,0
2635,2142,4,5,1,3,0.3333333333333333,0
2635,2142,5,6,1,3,0.3333333333333333,0
2635,2142,6,7,1,3,0.3333333333333333,0
2635,2142,7,8,0,4,0.0,0
2635,2142,8,9,0,4,0.0,0
2635,2142,9,10,1,3,0.3333333333333333,0
2635,2142,10,11,1,3,0.3333333333333333,0
2635,2142,11,12,0,4,0.0,0
2635,2142,12,13,1,3,0.3333333333333333,0
2635,2142,13,14,0,4,0.0,0
2635,2142,14,15,0,4,0.0,0
2635,2142,15,16,0,4,0.0,0
2635,2142,16,17,1,3,0.3333333333333333,0
2635,2142,17,18,1,3,0.3333333333333333,0
2635,2142,18,19,1,3,0.3333333333333333,0
2635,2142,19,20,1,3,0.3333333333333333,0
2635,2142,20,21,1,3,0.3333333333333333,0
2635,2142,21,22,0,4,0.0,0
2635,2142,22,23,1,3,0.3333333333333333,0
2635,2142,23,24,0,4,0.0,0
2635,2142,24,25,0,4,0.0,0
2635,2142,25,26,0,4,0.0,0
2635,2142,26,27,0,4,0.0,0
2635,2142,27,28,0,4,0.0,0
2635,2142,28,29,1,3,0.3333333333333333,0
2635,2142,29,30,2,2,1.0,1
2635,2142,30,31,0,4,0.0,0
2636,2142,0,1,1,3,0.3333333333333333,0
2636,2142,1,2,1,3,0.3333333333333333,0
2636,2142,2,3,1,3,0.3333333333333333,0
2636,2142,3,4,1,3,0.3333333333333333,0
2636,2142,4,5,1,3,0.3333333333333333,0
2636,2142,5,6,0,4,0.0,0
2636,2142,6,7,0,4,0.0,0
2636,2142,7,8,1,3,0.3333333333333333,0
2636,2142,8,9,1,3,0.3333333333333333,0
2636,2142,9,10,1,3,0.3333333333333333,0
2636,2142,10,11,0,4,0.0,0
2636,2142,11,12,1,3,0.3333333333333333,0
2636,2142,12,13,1,3,0.3333333333333333,0
2636,2142,13,14,0,4,0.0,0
2636,2142,14,15,0,4,0.0,0
2636,2142,15,16,1,3,0.3333333333333333,0
2636,2142,16,17,1,3,0.3333333333333333,0
2636,2142,17,18,0,4,0.0,0
2636,2142,18,19,0,4,0.0,0
2636,2142,19,20,0,4,0.0,0
2636,2142,20,21,0,4,0.0,0
2636,2142,21,22,0,4,0.0,0
2636,2142,22,23,1,3,0.3333333333333333,0
2636,2142,23,24,0,4,0.0,0
2636,2142,24,25,1,3,0.3333333333333333,0
2636,2142,25,26,1,3,0.3333333333333333,0
2636,2142,26,27,1,3,0.3333333333333333,0
2636,2142,27,28,1,3,0.3333333333333333,0
2636,2142,28,29,1,3,0.3333333333333333,0
2636,2142,29,30,0,4,0.0,0
2636,2142,30,31,0,4,0.0,0
2637,2142,0,1,1,3,0.3333333333333333,0
2637,2142,1,2,0,4,0.0,0
2637,2142,2,3,1,3,0.3333333333333333,0
2637,2142,3,4,0,4,0.0,0
2637,2142,4,5,0,4,0.0,0
2637,2142,5,6,0,4,0.0,0
2637,2142,6,7,1,3,0.3333333333333333,0
2637,2142,7,8,0,4,0.0,0
2637,2142,8,9,0,4,0.0,0
2637,2142,9,10,0,4,0.0,0
2637,2142,10,11,1,3,0.3333333333333333,0
2637,2142,11,12,0,4,0.0,0
2637,2142,12,13,0,4,0.0,0
2637,2142,13,14,1,3,0.3333333333333333,0
2637,2142,14,15,0,4,0.0,0
2637,2142,15,16,0,4,0.0,0
2637,2142,16,17,0,4,0.0,0
2637,2142,17,18,2,2,1.0,1
2637,2142,18,19,1,3,0.3333333333333333,0
2637,2142,19,20,1,3,0.3333333333333333,0
2637,2142,20,21,0,4,0.0,0
2637,2142,21,22,1,3,0.3333333333333333,0
2637,2142,22,23,0,4,0.0,0
2637,2142,23,24,0,4,0.0,0
2637,2142,24,25,0,4,0.0,0
2637,2142,25,26,0,4,0.0,0
2637,2142,26,27,0,4,0.0,0
2637,2142,27,28,1,3,0.3333333333333333,0
2637,2142,28,29,0,4,0.0,0
2637,2142,29,30,0,4,0.0,0
2637,2142,30,31,0,4,0.0,0
2638,2142,0,1,0,4,0.0,0
2638,2142,1,2,1,3,0.3333333333333333,0
2638,2142,2,3,0,4,0.0,0
2638,2142,3,4,0,4,0.0,0
2638,2142,4,5,0,4,0.0,0
2638,2142,5,6,0,4,0.0,0
2638,2142,6,7,1,3,0.3333333333333333,0
2638,2142,7,8,1,3,0.3333333333333333,0
2638,2142,8,9,1,3,0.3333333333333333,0
2638,2142,9,10,1,3,0.3333333333333333,0
2638,2142,10,11,1,3,0.3333333333333333,0
2638,2142,11,12,0,4,0.0,0
2638,2142,12,13,0,4,0.0,0
2638,2142,13,14,1,3,0.3333333333333333,0
2638,2142,14,15,1,3,0.3333333333333333,0
2638,2142,15,16,1,3,0.3333333333333333,0
2638,2142,16,17,1,3,0.3333333333333333,0
2638,2142,17,18,0,4,0.0,0
2638,2142,18,19,0,4,0.0,0
2638,2142,19,20,0,4,0.0,0
2638,2142,20,21,1,3,0.3333333333333333,0
2638,2142,21,22,2,2,1.0,1
2638,2142,22,23,0,4,0.0,0
2638,2142,23,24,1,3,0.3333333333333333,0
2638,2142,24,25,1,3,0.3333333333333333,0
2638,2142,25,26,0,4,0.0,0
2638,2142,26,27,1,3,0.3333333333333333,0
2638,2142,27,28,1,3,0.3333333333333333,0
2638,2142,28,29,0,4,0.0,0
2638,2142,29,30,0,4,0.0,0
2638,2142,30,31,0,4,0.0,0
2639,2142,0,1,0,4,0.0,0
2639,2142,1,2,1,3,0.3333333333333333,0
2639,2142,2,3,1,3,0.3333333333333333,0
2639,2142,3,4,1,3,0.3333333333333333,0
2639,2142,4,5,0,4,0.0,0
2639,2142,5,6,1,3,0.3333333333333333,0
2639,2142,6,7,0,4,0.0,0
2639,2142,7,8,1,3,0.3333333333333333,0
2639,2142,8,9,0,4,0.0,0
2639,2142,9,10,0,4,0.0,0
2639,2142,10,11,0,4,0.0,0
2639,2142,11,12,1,3,0.3333333333333333,0
2639,2142,12,13,0,4,0.0,0
2639,2142,13,14,1,3,0.3333333333333333,0
2639,2142,14,15,1,3,0.3333333333333333,0
2639,2142,15,16,0,4,0.0,0
2639,2142,16,17,1,3,0.3333333333333333,0
2639,2142,17,18,1,3,0.3333333333333333,0
2639,2142,18,19,1,3,0.3333333333333333,0
2639,2142,19,20,0,4,0.0,0
2639,2142,20,21,1,3,0.3333333333333333,0
2639,2142,21,22,0,4,0.0,0
2639,2142,22,23,1,3,0.3333333333333333,0
2639,2142,23,24,1,3,0.3333333333333333,0
2639,2142,24,25,1,3,0.3333333333333333,0
2639,2142,25,26,0,4,0.0,0
2639,2142,26,27,0,4,0.0,0
2639,2142,27,28,0,4,0.0,0
2639,2142,28,29,1,3,0.3333333333333333,0
2639,2142,29,30,0,4,0.0,0
2639,2142,30,31,1,3,0.3333333333333333,0
2640,2142,0,1,1,3,0.3333333333333333,0
2640,2142,1,2,1,3,0.3333333333333333,0
2640,2142,2,3,0,4,0.0,0
2640,2142,3,4,1,3,0.3333333333333333,0
2640,2142,4,5,1,3,0.3333333333333333,0
2640,2142,5,6,1,3,0.3333333333333333,0
2640,2142,6,7,1,3,0.3333333333333333,0
2640,2142,7,8,1,3,0.3333333333333333,0
2640,2142,8,9,0,4,0.0,0
2640,2142,9,10,1,3,0.3333333333333333,0
2640,2142,10,11,1,3,0.3333333333333333,0
2640,2142,11,12,1,3,0.3333333333333333,0
2640,2142,12,13,0,4,0.0,0
2640,2142,13,14,1,3,0.3333333333333333,0
2640,2142,14,15,1,3,0.3333333333333333,0
2640,2142,15,16,0,4,0.0,0
2640,2142,16,17,2,2,1.0,1
2640,2142,17,18,1,3,0.3333333333333333,0
2640,2142,18,19,0,4,0.0,0
2640,2142,19,20,0,4,0.0,0
2640,2142,20,21,0,4,0.0,0
2640,2142,21,22,0,4,0.0,0
2640,2142,22,23,1,3,0.3333333333333333,0
2640,2142,23,24,0,4,0.0,0
2640,2142,24,25,1,3,0.3333333333333333,0
2640,2142,25,26,1,3,0.3333333333333333,0
2640,2142,26,27,1,3,0.3333333333333333,0
2640,2142,27,28,1,3,0.3333333333333333,0
2640,2142,28,29,2,2,1.0,1
2640,2142,29,30,1,3,0.3333333333333333,0
2640,2142,30,31,1,3,0.3333333333333333,0
2641,2142,0,1,1,3,0.3333333333333333,0
2641,2142,1,2,0,4,0.0,0
2641,2142,2,3,1,3,0.3333333333333333,0
2641,2142,3,4,0,4,0.0,0
2641,2142,4,5,0,4,0.0,0
2641,2142,5,6,0,4,0.0,0
2641,2142,6,7,0,4,0.0,0
2641,2142,7,8,0,4,0.0,0
2641,2142,8,9,0,4,0.0,0
2641,2142,9,10,0,4,0.0,0
2641,2142,10,11,1,3,0.3333333333333333,0
2641,2142,11,12,0,4,0.0,0
2641,2142,12,13,0,4,0.0,0
2641,2142,13,14,0,4,0.0,0
2641,2142,14,15,1,3,0.3333333333333333,0
2641,2142,15,16,1,3,0.3333333333333333,0
2641,2142,16,17,0,4,0.0,0
2641,2142,17,18,1,3,0.3333333333333333,0
2641,2142,18,19,0,4,0.0,0
2641,2142,19,20,0,4,0.0,0
2641,2142,20,21,0,4,0.0,0
2641,2142,21,22,1,3,0.3333333333333333,0
2641,2142,22,23,1,3,0.3333333333333333,0
2641,2142,23,24,1,3,0.3333333333333333,0
2641,2142,24,25,0,4,0.0,0
2641,2142,25,26,0,4,0.0,0
2641,2142,26,27,1,3,0.3333333333333333,0
2641,2142,27,28,0,4,0.0,0
2641,2142,28,29,0,4,0.0,0
2641,2142,29,30,0,4,0.0,0
2641,2142,30,31,2,2,1.0,1
2642,2142,0,1,2,2,1.0,1
2642,2142,1,2,1,3,0.3333333333333333,0
2642,2142,2,3,1,3,0.3333333333333333,0
2642,2142,3,4,0,4,0.0,0
2642,2142,4,5,1,3,0.3333333333333333,0
2642,2142,5,6,2,2,1.0,1
2642,2142,6,7,0,4,0.0,0
2642,2142,7,8,0,4,0.0,0
2642,2142,8,9,0,4,0.0,0
2642,2142,9,10,1,3,0.3333333333333333,0
2642,2142,10,11,1,3,0.3333333333333333,0
2642,2142,11,12,0,4,0.0,0
2642,2142,12,13,0,4,0.0,0
2642,2142,13,14,2,2,1.0,1
2642,2142,14,15,1,3,0.3333333333333333,0
2642,2142,15,16,1,3,0.3333333333333333,0
2642,2142,16,17,1,3,0.3333333333333333,0
2642,2142,17,18,0,4,0.0,0
2642,2142,18,19,1,3,0.3333333333333333,0
2642,2142,19,20,1,3,0.3333333333333333,0
2642,2142,20,21,0,4,0.0,0
2642,2142,21,22,1,3,0.3333333333333333,0
2642,2142,22,23,0,4,0.0,0
2642,2142,23,24,2,2,1.0,1
2642,2142,24,25,1,3,0.3333333333333333,0
2642,2142,25,26,0,4,0.0,0
2642,2142,26,27,1,3,0.3333333333333333,0
2642,2142,27,28,0,4,0.0,0
2642,2142,28,29,0,4,0.0,0
2642,2142,29,30,0,4,0.0,0
2642,2142,30,31,1,3,0.3333333333333333,0
2643,2142,0,1,0,4,0.0,0
2643,2142,1,2,1,3,0.3333333333333333,0
2643,2142,2,3,0,4,0.0,0
2643,2142,3,4,1,3,0.3333333333333333,0
2643,2142,4,5,0,4,0.0,0
2643,2142,5,6,0,4,0.0,0
2643,2142,6,7,1,3,0.3333333333333333,0
2643,2142,7,8,0,4,0.0,0
2643,2142,8,9,1,3,0.3333333333333333,0
2643,2142,9,10,1,3,0.3333333333333333,0
2643,2142,10,11,1,3,0.3333333333333333,0
2643,2142,11,12,0,4,0.0,0
2643,2142,12,13,0,4,0.0,0
2643,2142,13,14,0,4,0.0,0
2643,2142,14,15,0,4,0.0,0
2643,2142,15,16,1,3,0.3333333333333333,0
2643,2142,16,17,1,3,0.3333333333333333,0
2643,2142,17,18,1,3,0.3333333333333333,0
2643,2142,18,19,2,2,1.0,1
2643,2142,19,20,0,4,0.0,0
2643,2142,20,21,0,4,0.0,0
2643,2142,21,22,0,4,0.0,0
2643,2142,22,23,2,2,1.0,1
2643,2142,23,24,0,4,0.0,0
2643,2142,24,25,0,4,0.0,0
2643,2142,25,26,0,4,0.0,0
2643,2142,26,27,0,4,0.0,0
2643,2142,27,28,0,4,0.0,0
2643,2142,28,29,1,3,0.3333333333333333,0
2643,2142,29,30,1,3,0.3333333333333333,0
2643,2142,30,31,0,4,0.0,0
2644,2142,0,1,0,4,0.0,0
2644,2142,1,2,0,4,0.0,0
2644,2142,2,3,0,4,0.0,0
2644,2142,3,4,0,4,0.0,0
2644,2142,4,5,2,2,1.0,1
2644,2142,5,6,0,4,0.0,0
2644,2142,6,7,1,3,0.3333333333333333,0
2644,2142,7,8,1,3,0.3333333333333333,0
2644,2142,8,9,1,3,0.3333333333333333,0
2644,2142,9,10,1,3,0.3333333333333333,0
2644,2142,10,11,1,3,0.3333333333333333,0
2644,2142,11,12,0,4,0.0,0
2644,2142,12,13,1,3,0.3333333333333333,0
2644,2142,13,14,1,3,0.3333333333333333,0
2644,2142,14,15,0,4,0.0,0
2644,2142,15,16,0,4,0.0,0
2644,2142,16,17,0,4,0.0,0
2644,2142,17,18,1,3,0.3333333333333333,0
2644,2142,18,19,1,3,0.3333333333333333,0
2644,2142,19,20,1,3,0.3333333333333333,0
2644,2142,20,21,1,3,0.3333333333333333,0
2644,2142,21,22,2,2,1.0,1
2644,2142,22,23,0,4,0.0,0
2644,2142,23,24,1,3,0.3333333333333333,0
2644,2142,24,25,1,3,0.3333333333333333,0
2644,2142,25,26,1,3,0.3333333333333333,0
2644,2142,26,27,0,4,0.0,0
2644,2142,27,28,0,4,0.0,0
2644,2142,28,29,1,3,0.3333333333333333,0
2644,2142,29,30,1,3,0.3333333333333333,0
2644,2142,30,31,1,3,0.3333333333333333,0
2645,2142,0,1,0,4,0.0,0
2645,2142,1,2,1,3,0.3333333333333333,0
2645,2142,2,3,1,3,0.3333333333333333,0
2645,2142,3,4,1,3,0.3333333333333333,0
2645,2142,4,5,0,4,0.0,0
2645,2142,5,6,0,4,0.0,0
2645,2142,6,7,0,4,0.0,0
2645,2142,7,8,0,4,0.0,0
2645,2142,8,9,1,3,0.3333333333333333,0
2645,2142,9,10,0,4,0.0,0
2645,2142,10,11,1,3,0.3333333333333333,0
2645,2142,11,12,1,3,0.3333333333333333,0
2645,2142,12,13,0,4,0.0,0
2645,2142,13,14,0,4,0.0,0
2645,2142,14,15,1,3,0.3333333333333333,0
2645,2142,15,16,0,4,0.0,0
2645,2142,16,17,0,4,0.0,0
2645,2142,17,18,0,4,0.0,0
2645,2142,18,19,0,4,0.0,0
2645,2142,19,20,1,3,0.3333333333333333,0
2645,2142,20,21,0,4,0.0,0
2645,2142,21,22,0,4,0.0,0
2645,2142,22,23,0,4,0.0,0
2645,2142,23,24,1,3,0.3333333333333333,0
2645,2142,24,25,0,4,0.0,0
2645,2142,25,26,0,4,0.0,0
2645,2142,26,27,0,4,0.0,0
2645,2142,27,28,1,3,0.3333333333333333,0
2645,2142,28,29,1,3,0.3333333333333333,0
2645,2142,29,30,0,4,0.0,0
2645,2142,30,31,1,3,0.3333333333333333,0
2646,2142,0,1,0,4,0.0,0
2646,2142,1,2,1,3,0.3333333333333333,0
2646,2142,2,3,1,3,0.3333333333333333,0
2646,2142,3,4,0,4,0.0,0
2646,2142,4,5,0,4,0.0,0
2646,2142,5,6,0,4,0.0,0
2646,2142,6,7,0,4,0.0,0
2646,2142,7,8,0,4,0.0,0
2646,2142,8,9,1,3,0.3333333333333333,0
2646,2142,9,10,1,3,0.3333333333333333,0
2646,2142,10,11,1,3,0.3333333333333333,0
2646,2142,11,12,0,4,0.0,0
2646,2142,12,13,0,4,0.0,0
2646,2142,13,14,1,3,0.3333333333333333,0
2646,2142,14,15,0,4,0.0,0
2646,2142,15,16,0,4,0.0,0
2646,2142,16,17,0,4,0.0,0
2646,2142,17,18,1,3,0.3333333333333333,0
2646,2142,18,19,0,4,0.0,0
2646,2142,19,20,0,4,0.0,0
2646,2142,20,21,0,4,0.0,0
2646,2142,21,22,0,4,0.0,0
2646,2142,22,23,0,4,0.0,0
2646,2142,23,24,1,3,0.3333333333333333,0
2646,2142,24,25,0,4,0.0,0
2646,2142,25,26,2,2,1.0,1
2646,2142,26,27,0,4,0.0,0
2646,2142,27,28,0,4,0.0,0
2646,2142,28,29,1,3,0.3333333333333333,0
2646,2142,29,30,0,4,0.0,0
2646,2142,30,31,1,3,0.3333333333333333,0
2647,2142,0,1,0,4,0.0,0
2647,2142,1,2,1,3,0.3333333333333333,0
2647,2142,2,3,0,4,0.0,0
2647,2142,3,4,1,3,0.3333333333333333,0
2647,2142,4,5,1,3,0.3333333333333333,0
2647,2142,5,6,0,4,0.0,0
2647,2142,6,7,1,3,0.3333333333333333,0
2647,2142,7,8,1,3,0.3333333333333333,0
2647,2142,8,9,1,3,0.3333333333333333,0
2647,2142,9,10,0,4,0.0,0
2647,2142,10,11,1,3,0.3333333333333333,0
2647,2142,11,12,2,2,1.0,1
2647,2142,12,13,0,4,0.0,0
2647,2142,13,14,0,4,0.0,0
2647,2142,14,15,1,3,0.3333333333333333,0
2647,2142,15,16,1,3,0.3333333333333333,0
2647,2142,16,17,1,3,0.3333333333333333,0
2647,2142,17,18,0,4,0.0,0
2647,2142,18,19,1,3,0.3333333333333333,0
2647,2142,19,20,1,3,0.3333333333333333,0
2647,2142,20,21,0,4,0.0,0
2647,2142,21,22,0,4,0.0,0
2647,2142,22,23,0,4,0.0,0
2647,2142,23,24,1,3,0.3333333333333333,0
2647,2142,24,25,0,4,0.0,0
2647,2142,25,26,1,3,0.3333333333333333,0
2647,2142,26,27,1,3,0.3333333333333333,0
2647,2142,27,28,0,4,0.0,0
2647,2142,28,29,1,3,0.3333333333333333,0
2647,2142,29,30,0,4,0.0,0
2647,2142,30,31,0,4,0.0,0
2648,2142,0,1,0,4,0.0,0
2648,2142,1,2,1,3,0.3333333333333333,0
2648,2142,2,3,1,3,0.3333333333333333,0
2648,2142,3,4,0,4,0.0,0
2648,2142,4,5,0,4,0.0,0
2648,2142,5,6,0,4,0.0,0
2648,2142,6,7,0,4,0.0,0
2648,2142,7,8,0,4,0.0,0
2648,2142,8,9,0,4,0.0,0
2648,2142,9,10,2,2,1.0,1
2648,2142,10,11,1,3,0.3333333333333333,0
2648,2142,11,12,0,4,0.0,0
2648,2142,12,13,1,3,0.3333333333333333,0
2648,2142,13,14,0,4,0.0,0
2648,2142,14,15,1,3,0.3333333333333333,0
2648,2142,15,16,1,3,0.3333333333333333,0
2648,2142,16,17,1,3,0.3333333333333333,0
2648,2142,17,18,0,4,0.0,0
2648,2142,18,19,0,4,0.0,0
2648,2142,19,20,1,3,0.3333333333333333,0
2648,2142,20,21,1,3,0.3333333333333333,0
2648,2142,21,22,1,3,0.3333333333333333,0
2648,2142,22,23,0,4,0.0,0
2648,2142,23,24,0,4,0.0,0
2648,2142,24,25,1,3,0.3333333333333333,0
2648,2142,25,26,1,3,0.3333333333333333,0
2648,2142,26,27,1,3,0.3333333333333333,0
2648,2142,27,28,0,4,0.0,0
2648,2142,28,29,0,4,0.0,0
2648,2142,29,30,0,4,0.0,0
2648,2142,30,31,1,3,0.3333333333333333,0
2649,2142,0,1,1,3,0.3333333333333333,0
2649,2142,1,2,1,3,0.3333333333333333,0
2649,2142,2,3,0,4,0.0,0
2649,2142,3,4,1,3,0.3333333333333333,0
2649,2142,4,5,1,3,0.3333333333333333,0
2649,2142,5,6,1,3,0.3333333333333333,0
2649,2142,6,7,0,4,0.0,0
2649,2142,7,8,0,4,0.0,0
2649,2142,8,9,0,4,0.0,0
2649,2142,9,10,1,3,0.3333333333333333,0
2649,2142,10,11,0,4,0.0,0
2649,2142,11,12,1,3,0.3333333333333333,0
2649,2142,12,13,1,3,0.3333333333333333,0
2649,2142,13,14,0,4,0.0,0
2649,2142,14,15,0,4,0.0,0
2649,2142,15,16,1,3,0.3333333333333333,0
2649,2142,16,17,0,4,0.0,0
2649,2142,17,18,1,3,0.3333333333333333,0
2649,2142,18,19,0,4,0.0,0
2649,2142,19,20,0,4,0.0,0
2649,2142,20,21,0,4,0.0,0
2649,2142,21,22,0,4,0.0,0
2649,2142,22,23,0,4,0.0,0
2649,2142,23,24,1,3,0.3333333333333333,0
2649,2142,24,25,1,3,0.3333333333333333,0
2649,2142,25,26,0,4,0.0,0
2649,2142,26,27,0,4,0.0,0
2649,2142,27,28,1,3,0.3333333333333333,0
2649,2142,28,29,1,3,0.3333333333333333,0
2649,2142,29,30,1,3,0.3333333333333333,0
2649,2142,30,31,0,4,0.0,0
2650,2142,0,1,1,3,0.3333333333333333,0
2650,2142,1,2,0,4,0.0,0
2650,2142,2,3,0,4,0.0,0
2650,2142,3,4,0,4,0.0,0
2650,2142,4,5,1,3,0.3333333333333333,0
2650,2142,5,6,0,4,0.0,0
2650,2142,6,7,0,4,0.0,0
2650,2142,7,8,0,4,0.0,0
2650,2142,8,9,1,3,0.3333333333333333,0
2650,2142,9,10,1,3,0.3333333333333333,0
2650,2142,10,11,0,4,0.0,0
2650,2142,11,12,0,4,0.0,0
2650,2142,12,13,0,4,0.0,0
2650,2142,13,14,0,4,0.0,0
2650,2142,14,15,0,4,0.0,0
2650,2142,15,16,1,3,0.3333333333333333,0
2650,2142,16,17,1,3,0.3333333333333333,0
2650,2142,17,18,1,3,0.3333333333333333,0
2650,2142,18,19,1,3,0.3333333333333333,0
2650,2142,19,20,1,3,0.3333333333333333,0
2650,2142,20,21,1,3,0.3333333333333333,0
2650,2142,21,22,0,4,0.0,0
2650,2142,22,23,0,4,0.0,0
2650,2142,23,24,1,3,0.3333333333333333,0
2650,2142,24,25,0,4,0.0,0
2650,2142,25,26,1,3,0.3333333333333333,0
2650,2142,26,27,0,4,0.0,0
2650,2142,27,28,1,3,0.3333333333333333,0
2650,2142,28,29,1,3,0.3333333333333333,0
2650,2142,29,30,0,4,0.0,0
2650,2142,30,31,0,4,0.0,0
2651,2142,0,1,0,4,0.0,0
2651,2142,1,2,0,4,0.0,0
2651,2142,2,3,1,3,0.3333333333333333,0
2651,2142,3,4,1,3,0.3333333333333333,0
2651,2142,4,5,0,4,0.0,0
2651,2142,5,6,0,4,0.0,0
2651,2142,6,7,0,4,0.0,0
2651,2142,7,8,1,3,0.3333333333333333,0
2651,2142,8,9,1,3,0.3333333333333333,0
2651,2142,9,10,0,4,0.0,0
2651,2142,10,11,0,4,0.0,0
2651,2142,11,12,1,3,0.3333333333333333,0
2651,2142,12,13,0,4,0.0,0
2651,2142,13,14,1,3,0.3333333333333333,0
2651,2142,14,15,1,3,0.3333333333333333,0
2651,2142,15,16,0,4,0.0,0
2651,2142,16,17,1,3,0.3333333333333333,0
2651,2142,17,18,1,3,0.3333333333333333,0
2651,2142,18,19,0,4,0.0,0
2651,2142,19,20,1,3,0.3333333333333333,0
2651,2142,20,21,1,3,0.3333333333333333,0
2651,2142,21,22,0,4,0.0,0
2651,2142,22,23,0,4,0.0,0
2651,2142,23,24,0,4,0.0,0
2651,2142,24,25,1,3,0.3333333333333333,0
2651,2142,25,26,1,3,0.3333333333333333,0
2651,2142,26,27,0,4,0.0,0
2651,2142,27,28,1,3,0.3333333333333333,0
2651,2142,28,29,0,4,0.0,0
2651,2142,29,30,0,4,0.0,0
2651,2142,30,31,0,4,0.0,0
2652,2142,0,1,0,4,0.0,0
2652,2142,1,2,2,2,1.0,1
2652,2142,2,3,0,4,0.0,0
2652,2142,3,4,0,4,0.0,0
2652,2142,4,5,0,4,0.0,0
2652,2142,5,6,0,4,0.0,0
2652,2142,6,7,0,4,0.0,0
2652,2142,7,8,2,2,1.0,1
2652,2142,8,9,1,3,0.3333333333333333,0
2652,2142,9,10,0,4,0.0,0
2652,2142,10,11,0,4,0.0,0
2652,2142,11,12,0,4,0.0,0
2652,2142,12,13,0,4,0.0,0
2652,2142,13,14,0,4,0.0,0
2652,2142,14,15,0,4,0.0,0
2652,2142,15,16,1,3,0.3333333333333333,0
2652,2142,16,17,1,3,0.3333333333333333,0
2652,2142,17,18,1,3,0.3333333333333333,0
2652,2142,18,19,1,3,0.3333333333333333,0
2652,2142,19,20,1,3,0.3333333333333333,0
2652,2142,20,21,1,3,0.3333333333333333,0
2652,2142,21,22,1,3,0.3333333333333333,0
2652,2142,22,23,1,3,0.3333333333333333,0
2652,2142,23,24,0,4,0.0,0
2652,2142,24,25,1,3,0.3333333333333333,0
2652,2142,25,26,0,4,0.0,0
2652,2142,26,27,0,4,0.0,0
2652,2142,27,28,0,4,0.0,0
2652,2142,28,29,0,4,0.0,0
2652,2142,29,30,0,4,0.0,0
2652,2142,30,31,0,4,0.0,0
2653,2142,0,1,0,4,0.0,0
2653,2142,1,2,0,4,0.0,0
2653,2142,2,3,1,3,0.3333333333333333,0
2653,2142,3,4,0,4,0.0,0
2653,2142,4,5,0,4,0.0,0
2653,2142,5,6,0,4,0.0,0
2653,2142,6,7,0,4,0.0,0
2653,2142,7,8,1,3,0.3333333333333333,0
2653,2142,8,9,0,4,0.0,0
2653,2142,9,10,2,2,1.0,1
2653,2142,10,11,1,3,0.3333333333333333,0
2653,2142,11,12,2,2,1.0,1
2653,2142,12,13,1,3,0.3333333333333333,0
2653,2142,13,14,0,4,0.0,0
2653,2142,14,15,1,3,0.3333333333333333,0
2653,2142,15,16,0,4,0.0,0
2653,2142,16,17,0,4,0.0,0
2653,2142,17,18,1,3,0.3333333333333333,0
2653,2142,18,19,1,3,0.3333333333333333,0
2653,2142,19,20,0,4,0.0,0
2653,2142,20,21,1,3,0.3333333333333333,0
2653,2142,21,22,0,4,0.0,0
2653,2142,22,23,0,4,0.0,0
2653,2142,23,24,0,4,0.0,0
2653,2142,24,25,1,3,0.3333333333333333,0
2653,2142,25,26,0,4,0.0,0
2653,2142,26,27,0,4,0.0,0
2653,2142,27,28,0,4,0.0,0
2653,2142,28,29,1,3,0.3333333333333333,0
2653,2142,29,30,0,4,0.0,0
2653,2142,30,31,0,4,0.0,0
2654,2142,0,1,0,4,0.0,0
2654,2142,1,2,1,3,0.3333333333333333,0
2654,2142,2,3,0,4,0.0,0
2654,2142,3,4,1,3,0.3333333333333333,0
2654,2142,4,5,1,3,0.3333333333333333,0
2654,2142,5,6,0,4,0.0,0
2654,2142,6,7,1,3,0.3333333333333333,0
2654,2142,7,8,0,4,0.0,0
2654,2142,8,9,0,4,0.0,0
2654,2142,9,10,0,4,0.0,0
2654,2142,10,11,1,3,0.3333333333333333,0
2654,2142,11,12,0,4,0.0,0
2654,2142,12,13,0,4,0.0,0
2654,2142,13,14,1,3,0.3333333333333333,0
2654,2142,14,15,0,4,0.0,0
2654,2142,15,16,2,2,1.0,1
2654,2142,16,17,1,3,0.3333333333333333,0
2654,2142,17,18,0,4,0.0,0
2654,2142,18,19,0,4,0.0,0
2654,2142,19,20,1,3,0.3333333333333333,0
2654,2142,20,21,1,3,0.3333333333333333,0
2654,2142,21,22,0,4,0.0,0
2654,2142,22,23,0,4,0.0,0
2654,2142,23,24,0,4,0.0,0
2654,2142,24,25,1,3,0.3333333333333333,0
2654,2142,25,26,0,4,0.0,0
2654,2142,26,27,1,3,0.3333333333333333,0
2654,2142,27,28,0,4,0.0,0
2654,2142,28,29,0,4,0.0,0
2654,2142,29,30,0,4,0.0,0
2654,2142,30,31,0,4,0.0,0
2655,2142,0,1,0,4,0.0,0
2655,2142,1,2,1,3,0.3333333333333333,0
2655,2142,2,3,1,3,0.3333333333333333,0
2655,2142,3,4,0,4,0.0,0
2655,2142,4,5,0,4,0.0,0
2655,2142,5,6,0,4,0.0,0
2655,2142,6,7,1,3,0.3333333333333333,0
2655,2142,7,8,2,2,1.0,1
2655,2142,8,9,0,4,0.0,0
2655,2142,9,10,0,4,0.0,0
2655,2142,10,11,1,3,0.3333333333333333,0
2655,2142,11,12,1,3,0.3333333333333333,0
2655,2142,12,13,1,3,0.3333333333333333,0
2655,2142,13,14,1,3,0.3333333333333333,0
2655,2142,14,15,0,4,0.0,0
2655,2142,15,16,0,4,0.0,0
2655,2142,16,17,1,3,0.3333333333333333,0
2655,2142,17,18,0,4,0.0,0
2655,2142,18,19,1,3,0.3333333333333333,0
2655,2142,19,20,0,4,0.0,0
2655,2142,20,21,0,4,0.0,0
2655,2142,21,22,1,3,0.3333333333333333,0
2655,2142,22,23,1,3,0.3333333333333333,0
2655,2142,23,24,0,4,0.0,0
2655,2142,24,25,0,4,0.0,0
2655,2142,25,26,0,4,0.0,0
2655,2142,26,27,0,4,0.0,0
2655,2142,27,28,1,3,0.3333333333333333,0
2655,2142,28,29,1,3,0.3333333333333333,0
2655,2142,29,30,0,4,0.0,0
2655,2142,30,31,0,4,0.0,0
2624,2143,0,1,0,4,0.0,0
2624,2143,1,2,1,3,0.3333333333333333,0
2624,2143,2,3,2,2,1.0,1
2624,2143,3,4,1,3,0.3333333333333333,0
2624,2143,4,5,1,3,0.3333333333333333,0
2624,2143,5,6,1,3,0.3333333333333333,0
2624,2143,6,7,0,4,0.0,0
2624,2143,7,8,0,4,0.0,0
2624,2143,8,9,0,4,0.0,0
2624,2143,9,10,1,3,0.3333333333333333,0
2624,2143,10,11,2,2,1.0,1
2624,2143,11,12,2,2,1.0,1
2624,2143,12,13,0,4,0.0,0
2624,2143,13,14,1,3,0.3333333333333333,0
2624,2143,14,15,0,4,0.0,0
2624,2143,15,16,1,3,0.3333333333333333,0
2624,2143,16,17,1,3,0.3333333333333333,0
2624,2143,17,18,0,4,0.0,0
2624,2143,18,19,0,4,0.0,0
2624,2143,19,20,0,4,0.0,0
2624,2143,20,21,0,4,0.0,0
2624,2143,21,22,0,4,0.0,0
2624,2143,22,23,1,3,0.3333333333333333,0
2624,2143,23,24,1,3,0.3333333333333333,0
2624,2143,24,25,1,3,0.3333333333333333,0
2624,2143,25,26,1,3,0.3333333333333333,0
2624,2143,26,27,1,3,0.3333333333333333,0
2624,2143,27,28,0,4,0.0,0
2624,2143,28,29,0,4,0.0,0
2624,2143,29,30,1,3,0.3333333333333333,0
2624,2143,30,31,0,4,0.0,0
2625,2143,0,1,1,3,0.3333333333333333,0
2625,2143,1,2,0,4,0.0,0
2625,2143,2,3,0,4,0.0,0
2625,2143,3,4,1,3,0.3333333333333333,0
2625,2143,4,5,1,3,0.3333333333333333,0
2625,2143,5,6,1,3,0.3333333333333333,0
2625,2143,6,7,0,4,0.0,0
2625,2143,7,8,0,4,0.0,0
2625,2143,8,9,1,3,0.3333333333333333,0
2625,2143,9,10,0,4,0.0,0
2625,2143,10,11,1,3,0.3333333333333333,0
2625,2143,11,12,0,4,0.0,0
2625,2143,12,13,2,2,1.0,1
2625,2143,13,14,1,3,0.3333333333333333,0
2625,2143,14,15,0,4,0.0,0
2625,2143,15,16,1,3,0.3333333333333333,0
2625,2143,16,17,1,3,0.3333333333333333,0
2625,2143,17,18,0,4,0.0,0
2625,2143,18,19,0,4,0.0,0
2625,2143,19,20,0,4,0.0,0
2625,2143,20,21,1,3,0.3333333333333333,0
2625,2143,21,22,1,3,0.3333333333333333,0
2625,2143,22,23,0,4,0.0,0
2625,2143,23,24,0,4,0.0,0
2625,2143,24,25,0,4,0.0,0
2625,2143,25,26,1,3,0.3333333333333333,0
2625,2143,26,27,1,3,0.3333333333333333,0
2625,2143,27,28,0,4,0.0,0
2625,2143,28,29,1,3,0.3333333333333333,0
2625,2143,29,30,1,3,0.3333333333333333,0
2625,2143,30,31,0,4,0.0,0
2626,2143,0,1,1,3,0.3333333333333333,0
2626,2143,1,2,0,4,0.0,0
2626,2143,2,3,0,4,0.0,0
2626,2143,3,4,1,3,0.3333333333333333,0
2626,2143,4,5,0,4,0.0,0
2626,2143,5,6,1,3,0.3333333333333333,0
2626,2143,6,7,1,3,0.3333333333333333,0
2626,2143,7,8,1,3,0.3333333333333333,0
2626,2143,8,9,0,4,0.0,0
2626,2143,9,10,0,4,0.0,0
2626,2143,10,11,1,3,0.3333333333333333,0
2626,2143,11,12,0,4,0.0,0
2626,2143,12,13,0,4,0.0,0
2626,2143,13,14,1,3,0.3333333333333333,0
2626,2143,14,15,0,4,0.0,0
2626,2143,15,16,1,3,0.3333333333333333,0
2626,2143,16,17,1,3,0.3333333333333333,0
2626,2143,17,18,0,4,0.0,0
2626,2143,18,19,0,4,0.0,0
2626,2143,19,20,1,3,0.3333333333333333,0
2626,2143,20,21,1,3,0.3333333333333333,0
2626,2143,21,22,0,4,0.0,0
2626,2143,22,23,0,4,0.0,0
2626,2143,23,24,1,3,0.3333333333333333,0
2626,2143,24,25,0,4,0.0,0
2626,2143,25,26,0,4,0.0,0
2626,2143,26,27,0,4,0.0,0
2626,2143,27,28,0,4,0.0,0
2626,2143,28,29,1,3,0.3333333333333333,0
2626,2143,29,30,1,3,0.3333333333333333,0
2626,2143,30,31,0,4,0.0,0
2627,2143,0,1,0,4,0.0,0
2627,2143,1,2,1,3,0.3333333333333333,0
2627,2143,2,3,0,4,0.0,0
2627,2143,3,4,0,4,0.0,0
2627,2143,4,5,1,3,0.3333333333333333,0
2627,2143,5,6,1,3,0.3333333333333333,0
2627,2143,6,7,0,4,0.0,0
2627,2143,7,8,1,3,0.3333333333333333,0
2627,2143,8,9,0,4,0.0,0
2627,2143,9,10,1,3,0.3333333333333333,0
2627,2143,10,11,0,4,0.0,0
2627,2143,11,12,1,3,0.3333333333333333,0
2627,2143,12,13,1,3,0.3333333333333333,0
2627,2143,13,14,1,3,0.3333333333333333,0
2627,2143,14,15,0,4,0.0,0
2627,2143,15,16,1,3,0.3333333333333333,0
2627,2143,16,17,1,3,0.3333333333333333,0
2627,2143,17,18,0,4,0.0,0
2627,2143,18,19,0,4,0.0,0
2627,2143,19,20,0,4,0.0,0
2627,2143,20,21,0,4,0.0,0
2627,2143,21,22,1,3,0.3333333333333333,0
2627,2143,22,23,1,3,0.3333333333333333,0
2627,2143,23,24,0,4,0.0,0
2627,2143,24,25,2,2,1.0,1
2627,2143,25,26,1,3,0.3333333333333333,0
2627,2143,26,27,1,3,0.3333333333333333,0
2627,2143,27,28,0,4,0.0,0
2627,2143,28,29,1,3,0.3333333333333333,0
2627,2143,29,30,1,3,0.3333333333333333,0
2627,2143,30,31,0,4,0.0,0
2628,2143,0,1,0,4,0.0,0
2628,2143,1,2,1,3,0.3333333333333333,0
2628,2143,2,3,0,4,0.0,0
2628,2143,3,4,0,4,0.0,0
2628,2143,4,5,0,4,0.0,0
2628,2143,5,6,0,4,0.0,0
2628,2143,6,7,1,3,0.3333333333333333,0
2628,2143,7,8,0,4,0.0,0
2628,2143,8,9,0,4,0.0,0
2628,2143,9,10,0,4,0.0,0
2628,2143,10,11,0,4,0.0,0
2628,2143,11,12,2,2,1.0,1
2628,2143,12,13,1,3,0.3333333333333333,0
2628,2143,13,14,0,4,0.0,0
2628,2143,14,15,0,4,0.0,0
2628,2143,15,16,0,4,0.0,0
2628,2143,16,17,1,3,0.3333333333333333,0
2628,2143,17,18,1,3,0.3333333333333333,0
2628,2143,18,19,1,3,0.3333333333333333,0
2628,2143,19,20,0,4,0.0,0
2628,2143,20,21,0,4,0.0,0
2628,2143,21,22,0,4,0.0,0
2628,2143,22,23,1,3,0.3333333333333333,0
2628,2143,23,24,1,3,0.3333333333333333,0
2628,2143,24,25,0,4,0.0,0
2628,2143,25,26,0,4,0.0,0
2628,2143,26,27,0,4,0.0,0
2628,2143,27,28,0,4,0.0,0
2628,2143,28,29,1,3,0.3333333333333333,0
2628,2143,29,30,0,4,0.0,0
2628,2143,30,31,0,4,0.0,0
2629,2143,0,1,2,2,1.0,1
2629,2143,1,2,0,4,0.0,0
2629,2143,2,3,0,4,0.0,0
2629,2143,3,4,2,2,1.0,1
2629,2143,4,5,1,3,0.3333333333333333,0
2629,2143,5,6,0,4,0.0,0
2629,2143,6,7,1,3,0.3333333333333333,0
2629,2143,7,8,0,4,0.0,0
2629,2143,8,9,0,4,0.0,0
2629,2143,9,10,1,3,0.3333333333333333,0
2629,2143,10,11,0,4,0.0,0
2629,2143,11,12,1,3,0.3333333333333333,0
2629,2143,12,13,0,4,0.0,0
2629,2143,13,14,0,4,0.0,0
2629,2143,14,15,1,3,0.3333333333333333,0
2629,2143,15,16,0,4,0.0,0
2629,2143,16,17,0,4,0.0,0
2629,2143,17,18,1,3,0.3333333333333333,0
2629,2143,18,19,0,4,0.0,0
2629,2143,19,20,2,2,1.0,1
2629,2143,20,21,0,4,0.0,0
2629,2143,21,22,0,4,0.0,0
2629,2143,22,23,1,3,0.3333333333333333,0
2629,2143,23,24,0,4,0.0,0
2629,2143,24,25,0,4,0.0,0
2629,2143,25,26,1,3,0.3333333333333333,0
2629,2143,26,27,0,4,0.0,0
2629,2143,27,28,0,4,0.0,0
2629,2143,28,29,0,4,0.0,0
2629,2143,29,30,1,3,0.3333333333333333,0
2629,2143,30,31,1,3,0.3333333333333333,0
2630,2143,0,1,1,3,0.3333333333333333,0
2630,2143,1,2,1,3,0.3333333333333333,0
2630,2143,2,3,0,4,0.0,0
2630,2143,3,4,1,3,0.3333333333333333,0
2630,2143,4,5,0,4,0.0,0
2630,2143,5,6,0,4,0.0,0
2630,2143,6,7,0,4,0.0,0
2630,2143,7,8,1,3,0.3333333333333333,0
2630,2143,8,9,1,3,0.3333333333333333,0
2630,2143,9,10,0,4,0.0,0
2630,2143,10,11,0,4,0.0,0
2630,2143,11,12,0,4,0.0,0
2630,2143,12,13,2,2,1.0,1
2630,2143,13,14,0,4,0.0,0
2630,2143,14,15,0,4,0.0,0
2630,2143,15,16,0,4,0.0,0
2630,2143,16,17,0,4,0.0,0
2630,2143,17,18,0,4,0.0,0
2630,2143,18,19,1,3,0.3333333333333333,0
2630,2143,19,20,0,4,0.0,0
2630,2143,20,21,0,4,0.0,0
2630,2143,21,22,1,3,0.3333333333333333,0
2630,2143,22,23,1,3,0.3333333333333333,0
2630,2143,23,24,1,3,0.3333333333333333,0
2630,2143,24,25,0,4,0.0,0
2630,2143,25,26,0,4,0.0,0
2630,2143,26,27,0,4,0.0,0
2630,2143,27,28,1,3,0.3333333333333333,0
2630,2143,28,29,0,4,0.0,0
2630,2143,29,30,1,3,0.3333333333333333,0
2630,2143,30,31,0,4,0.0,0
2631,2143,0,1,1,3,0.3333333333333333,0
2631,2143,1,2,0,4,0.0,0
2631,2143,2,3,1,3,0.3333333333333333,0
2631,2143,3,4,1,3,0.3333333333333333,0
2631,2143,4,5,0,4,0.0,0
2631,2143,5,6,1,3,0.3333333333333333,0
2631,2143,6,7,1,3,0.3333333333333333,0
2631,2143,7,8,0,4,0.0,0
2631,2143,8,9,0,4,0.0,0
2631,2143,9,10,0,4,0.0,0
2631,2143,10,11,1,3,0.3333333333333333,0
2631,2143,11,12,1,3,0.3333333333333333,0
2631,2143,12,13,1,3,0.3333333333333333,0
2631,2143,13,14,0,4,0.0,0
2631,2143,14,15,0,4,0.0,0
2631,2143,15,16,1,3,0.3333333333333333,0
2631,2143,16,17,1,3,0.3333333333333333,0
2631,2143,17,18,1,3,0.3333333333333333,0
2631,2143,18,19,1,3,0.3333333333333333,0
2631,2143,19,20,0,4,0.0,0
2631,2143,20,21,0,4,0.0,0
2631,2143,21,22,0,4,0.0,0
2631,2143,22,23,0,4,0.0,0
2631,2143,23,24,0,4,0.0,0
2631,2143,24,25,1,3,0.3333333333333333,0
2631,2143,25,26,0,4,0.0,0
2631,2143,26,27,0,4,0.0,0
2631,2143,27,28,0,4,0.0,0
2631,2143,28,29,0,4,0.0,0
2631,2143,29,30,0,4,0.0,0
2631,2143,30,31,0,4,0.0,0
2632,2143,0,1,1,3,0.3333333333333333,0
2632,2143,1,2,0,4,0.0,0
2632,2143,2,3,1,3,0.3333333333333333,0
2632,2143,3,4,1,3,0.3333333333333333,0
2632,2143,4,5,1,3,0.3333333333333333,0
2632,2143,5,6,0,4,0.0,0
2632,2143,6,7,1,3,0.3333333333333333,0
2632,2143,7,8,0,4,0.0,0
2632,2143,8,9,0,4,0.0,0
2632,2143,9,10,0,4,0.0,0
2632,2143,10,11,0,4,0.0,0
2632,2143,11,12,0,4,0.0,0
2632,2143,12,13,1,3,0.3333333333333333,0
2632,2143,13,14,1,3,0.3333333333333333,0
2632,2143,14,15,0,4,0.0,0
2632,2143,15,16,1,3,0.3333333333333333,0
2632,2143,16,17,1,3,0.3333333333333333,0
2632,2143,17,18,0,4,0.0,0
2632,2143,18,19,1,3,0.3333333333333333,0
2632,2143,19,20,1,3,0.3333333333333333,0
2632,2143,20,21,0,4,0.0,0
2632,2143,21,22,0,4,0.0,0
2632,2143,22,23,1,3,0.3333333333333333,0
2632,2143,23,24,0,4,0.0,0
2632,2143,24,25,0,4,0.0,0
2632,2143,25,26,1,3,0.3333333333333333,0
2632,2143,26,27,1,3,0.3333333333333333,0
2632,2143,27,28,1,3,0.3333333333333333,0
2632,2143,28,29,0,4,0.0,0
2632,2143,29,30,1,3,0.3333333333333333,0
2632,2143,30,31,1,3,0.3333333333333333,0
2633,2143,0,1,1,3,0.3333333333333333,0
2633,2143,1,2,0,4,0.0,0
2633,2143,2,3,0,4,0.0,0
2633,2143,3,4,0,4,0.0,0
2633,2143,4,5,0,4,0.0,0
2633,2143,5,6,0,4,0.0,0
2633,2143,6,7,0,4,0.0,0
2633,2143,7,8,1,3,0.3333333333333333,0
2633,2143,8,9,1,3,0.3333333333333333,0
2633,2143,9,10,0,4,0.0,0
2633,2143,10,11,0,4,0.0,0
2633,2143,11,12,1,3,0.3333333333333333,0
2633,2143,12,13,1,3,0.3333333333333333,0
2633,2143,13,14,0,4,0.0,0
2633,2143,14,15,1,3,0.3333333333333333,0
2633,2143,15,16,1,3,0.3333333333333333,0
2633,2143,16,17,0,4,0.0,0
2633,2143,17,18,1,3,0.3333333333333333,0
2633,2143,18,19,1,3,0.3333333333333333,0
2633,2143,19,20,1,3,0.3333333333333333,0
2633,2143,20,21,1,3,0.3333333333333333,0
2633,2143,21,22,1,3,0.3333333333333333,0
2633,2143,22,23,2,2,1.0,1
2633,2143,23,24,1,3,0.3333333333333333,0
2633,2143,24,25,0,4,0.0,0
2633,2143,25,26,0,4,0.0,0
2633,2143,26,27,0,4,0.0,0
2633,2143,27,28,0,4,0.0,0
2633,2143,28,29,1,3,0.3333333333333333,0
2633,2143,29,30,0,4,0.0,0
2633,2143,30,31,0,4,0.0,0
2634,2143,0,1,1,3,0.3333333333333333,0
2634,2143,1,2,0,4,0.0,0
2634,2143,2,3,0,4,0.0,0
2634,2143,3,4,0,4,0.0,0
2634,2143,4,5,0,4,0.0,0
2634,2143,5,6,1,3,0.3333333333333333,0
2634,2143,6,7,1,3,0.3333333333333333,0
2634,2143,7,8,1,3,0.3333333333333333,0
2634,2143,8,9,1,3,0.3333333333333333,0
2634,2143,9,10,0,4,0.0,0
2634,2143,10,11,0,4,0.0,0
2634,2143,11,12,1,3,0.3333333333333333,0
2634,2143,12,13,0,4,0.0,0
2634,2143,13,14,0,4,0.0,0
2634,2143,14,15,0,4,0.0,0
2634,2143,15,16,0,4,0.0,0
2634,2143,16,17,1,3,0.3333333333333333,0
2634,2143,17,18,0,4,0.0,0
2634,2143,18,19,0,4,0.0,0
2634,2143,19,20,1,3,0.3333333333333333,0
2634,2143,20,21,0,4,0.0,0
2634,2143,21,22,1,3,0.3333333333333333,0
2634,2143,22,23,0,4,0.0,0
2634,2143,23,24,1,3,0.3333333333333333,0
2634,2143,24,25,0,4,0.0,0
2634,2143,25,26,2,2,1.0,1
2634,2143,26,27,0,4,0.0,0
2634,2143,27,28,1,3,0.3333333333333333,0
2634,2143,28,29,0,4,0.0,0
2634,2143,29,30,1,3,0.3333333333333333,0
2634,2143,30,31,0,4,0.0,0
2635,2143,0,1,0,4,0.0,0
2635,2143,1,2,0,4,0.0,0
2635,2143,2,3,0,4,0.0,0
2635,2143,3,4,1,3,0.3333333333333333,0
2635,2143,4,5,1,3,0.3333333333333333,0
2635,2143,5,6,1,3,0.3333333333333333,0
2635,2143,6,7,1,3,0.3333333333333333,0
2635,2143,7,8,2,2,1.0,1
2635,2143,8,9,1,3,0.3333333333333333,0
2635,2143,9,10,0,4,0.0,0
2635,2143,10,11,1,3,0.3333333333333333,0
2635,2143,11,12,1,3,0.3333333333333333,0
2635,2143,12,13,0,4,0.0,0
2635,2143,13,14,1,3,0.3333333333333333,0
2635,2143,14,15,0,4,0.0,0
2635,2143,15,16,1,3,0.3333333333333333,0
2635,2143,16,17,0,4,0.0,0
2635,2143,17,18,0,4,0.0,0
2635,2143,18,19,0,4,0.0,0
2635,2143,19,20,1,3,0.3333333333333333,0
2635,2143,20,21,1,3,0.3333333333333333,0
2635,2143,21,22,0,4,0.0,0
2635,2143,22,23,0,4,0.0,0
2635,2143,23,24,1,3,0.3333333333333333,0
2635,2143,24,25,0,4,0.0,0
2635,2143,25,26,0,4,0.0,0
2635,2143,26,27,1,3,0.3333333333333333,0
2635,2143,27,28,1,3,0.3333333333333333,0
2635,2143,28,29,0,4,0.0,0
2635,2143,29,30,1,3,0.3333333333333333,0
2635,2143,30,31,1,3,0.3333333333333333,0
2636,2143,0,1,0,4,0.0,0
2636,2143,1,2,0,4,0.0,0
2636,2143,2,3,0,4,0.0,0
2636,2143,3,4,1,3,0.3333333333333333,0
2636,2143,4,5,0,4,0.0,0
2636,2143,5,6,0,4,0.0,0
2636,2143,6,7,0,4,0.0,0
2636,2143,7,8,1,3,0.3333333333333333,0
2636,2143,8,9,0,4,0.0,0
2636,2143,9,10,0,4,0.0,0
2636,2143,10,11,0,4,0.0,0
2636,2143,11,12,0,4,0.0,0
2636,2143,12,13,1,3,0.3333333333333333,0
2636,2143,13,14,0,4,0.0,0
2636,2143,14,15,0,4,0.0,0
2636,2143,15,16,0,4,0.0,0
2636,2143,16,17,0,4,0.0,0
2636,2143,17,18,0,4,0.0,0
2636,2143,18,19,2,2,1.0,1
2636,2143,19,20,1,3,0.3333333333333333,0
2636,2143,20,21,1,3,0.3333333333333333,0
2636,2143,21,22,0,4,0.0,0
2636,2143,22,23,0,4,0.0,0
2636,2143,23,24,0,4,0.0,0
2636,2143,24,25,2,2,1.0,1
2636,2143,25,26,1,3,0.3333333333333333,0
2636,2143,26,27,0,4,0.0,0
2636,2143,27,28,1,3,0.3333333333333333,0
2636,2143,28,29,1,3,0.3333333333333333,0
2636,2143,29,30,0,4,0.0,0
2636,2143,30,31,1,3,0.3333333333333333,0
2637,2143,0,1,1,3,0.3333333333333333,0
2637,2143,1,2,0,4,0.0,0
2637,2143,2,3,1,3,0.3333333333333333,0
2637,2143,3,4,1,3,0.3333333333333333,0
2637,2143,4,5,1,3,0.3333333333333333,0
2637,2143,5,6,1,3,0.3333333333333333,0
2637,2143,6,7,1,3,0.3333333333333333,0
2637,2143,7,8,0,4,0.0,0
2637,2143,8,9,1,3,0.3333333333333333,0
2637,2143,9,10,1,3,0.3333333333333333,0
2637,2143,10,11,1,3,0.3333333333333333,0
2637,2143,11,12,0,4,0.0,0
2637,2143,12,13,1,3,0.3333333333333333,0
2637,2143,13,14,1,3,0.3333333333333333,0
2637,2143,14,15,1,3,0.3333333333333333,0
2637,2143,15,16,0,4,0.0,0
2637,2143,16,17,1,3,0.3333333333333333,0
2637,2143,17,18,0,4,0.0,0
2637,2143,18,19,0,4,0.0,0
2637,2143,19,20,0,4,0.0,0
2637,2143,20,21,1,3,0.3333333333333333,0
2637,2143,21,22,0,4,0.0,0
2637,2143,22,23,0,4,0.0,0
2637,2143,23,24,0,4,0.0,0
2637,2143,24,25,0,4,0.0,0
2637,2143,25,26,0,4,0.0,0
2637,2143,26,27,0,4,0.0,0
2637,2143,27,28,1,3,0.3333333333333333,0
2637,2143,28,29,1,3,0.3333333333333333,0
2637,2143,29,30,1,3,0.3333333333333333,0
2637,2143,30,31,1,3,0.3333333333333333,0
2638,2143,0,1,0,4,0.0,0
2638,2143,1,2,2,2,1.0,1
2638,2143,2,3,0,4,0.0,0
2638,2143,3,4,0,4,0.0,0
2638,2143,4,5,2,2,1.0,1
2638,2143,5,6,0,4,0.0,0
2638,2143,6,7,1,3,0.3333333333333333,0
2638,2143,7,8,1,3,0.3333333333333333,0
2638,2143,8,9,0,4,0.0,0
2638,2143,9,10,1,3,0.3333333333333333,0
2638,2143,10,11,0,4,0.0,0
2638,2143,11,12,1,3,0.3333333333333333,0
2638,2143,12,13,0,4,0.0,0
2638,2143,13,14,0,4,0.0,0
2638,2143,14,15,0,4,0.0,0
2638,2143,15,16,1,3,0.3333333333333333,0
2638,2143,16,17,1,3,0.3333333333333333,0
2638,2143,17,18,0,4,0.0,0
2638,2143,18,19,1,3,0.3333333333333333,0
2638,2143,19,20,1,3,0.3333333333333333,0
2638,2143,20,21,0,4,0.0,0
2638,2143,21,22,1,3,0.3333333333333333,0
2638,2143,22,23,1,3,0.3333333333333333,0
2638,2143,23,24,0,4,0.0,0
2638,2143,24,25,0,4,0.0,0
2638,2143,25,26,2,2,1.0,1
2638,2143,26,27,1,3,0.3333333333333333,0
2638,2143,27,28,0,4,0.0,0
2638,2143,28,29,0,4,0.0,0
2638,2143,29,30,0,4,0.0,0
2638,2143,30,31,1,3,0.3333333333333333,0
2639,2143,0,1,0,4,0.0,0
2639,2143,1,2,0,4,0.0,0
2639,2143,2,3,1,3,0.3333333333333333,0
2639,2143,3,4,0,4,0.0,0
2639,2143,4,5,0,4,0.0,0
2639,2143,5,6,1,3,0.3333333333333333,0
2639,2143,6,7,1,3,0.3333333333333333,0
2639,2143,7,8,1,3,0.3333333333333333,0
2639,2143,8,9,1,3,0.3333333333333333,0
2639,2143,9,10,1,3,0.3333333333333333,0
2639,2143,10,11,1,3,0.3333333333333333,0
2639,2143,11,12,0,4,0.0,0
2639,2143,12,13,0,4,0.0,0
2639,2143,13,14,0,4,0.0,0
2639,2143,14,15,0,4,0.0,0
2639,2143,15,16,1,3,0.3333333333333333,0
2639,2143,16,17,1,3,0.3333333333333333,0
2639,2143,17,18,1,3,0.3333333333333333,0
2639,2143,18,19,1,3,0.3333333333333333,0
2639,2143,19,20,1,3,0.3333333333333333,0
2639,2143,20,21,0,4,0.0,0
2639,2143,21,22,1,3,0.3333333333333333,0
2639,2143,22,23,0,4,0.0,0
2639,2143,23,24,1,3,0.3333333333333333,0
2639,2143,24,25,1,3,0.3333333333333333,0
2639,2143,25,26,0,4,0.0,0
2639,2143,26,27,1,3,0.3333333333333333,0
2639,2143,27,28,0,4,0.0,0
2639,2143,28,29,1,3,0.3333333333333333,0
2639,2143,29,30,1,3,0.3333333333333333,0
2639,2143,30,31,1,3,0.3333333333333333,0
2640,2143,0,1,0,4,0.0,0
2640,2143,1,2,1,3,0.3333333333333333,0
2640,2143,2,3,1,3,0.3333333333333333,0
2640,2143,3,4,0,4,0.0,0
2640,2143,4,5,2,2,1.0,1
2640,2143,5,6,1,3,0.3333333333333333,0
2640,2143,6,7,1,3,0.3333333333333333,0
2640,2143,7,8,2,2,1.0,1
2640,2143,8,9,0,4,0.0,0
2640,2143,9,10,0,4,0.0,0
2640,2143,10,11,0,4,0.0,0
2640,2143,11,12,0,4,0.0,0
2640,2143,12,13,0,4,0.0,0
2640,2143,13,14,1,3,0.3333333333333333,0
2640,2143,14,15,1,3,0.3333333333333333,0
2640,2143,15,16,0,4,0.0,0
2640,2143,16,17,0,4,0.0,0
2640,2143,17,18,1,3,0.3333333333333333,0
2640,2143,18,19,1,3,0.3333333333333333,0
2640,2143,19,20,0,4,0.0,0
2640,2143,20,21,1,3,0.3333333333333333,0
2640,2143,21,22,0,4,0.0,0
2640,2143,22,23,1,3,0.3333333333333333,0
2640,2143,23,24,0,4,0.0,0
2640,2143,24,25,1,3,0.3333333333333333,0
2640,2143,25,26,1,3,0.3333333333333333,0
2640,2143,26,27,0,4,0.0,0
2640,2143,27,28,1,3,0.3333333333333333,0
2640,2143,28,29,0,4,0.0,0
2640,2143,29,30,0,4,0.0,0
2640,2143,30,31,0,4,0.0,0
2641,2143,0,1,1,3,0.3333333333333333,0
2641,2143,1,2,1,3,0.3333333333333333,0
2641,2143,2,3,2,2,1.0,1
2641,2143,3,4,1,3,0.3333333333333333,0
2641,2143,4,5,1,3,0.3333333333333333,0
2641,2143,5,6,1,3,0.3333333333333333,0
2641,2143,6,7,1,3,0.3333333333333333,0
2641,2143,7,8,0,4,0.0,0
2641,2143,8,9,0,4,0.0,0
2641,2143,9,10,0,4,0.0,0
2641,2143,10,11,0,4,0.0,0
2641,2143,11,12,1,3,0.3333333333333333,0
2641,2143,12,13,0,4,0.0,0
2641,2143,13,14,0,4,0.0,0
2641,2143,14,15,0,4,0.0,0
2641,2143,15,16,1,3,0.3333333333333333,0
2641,2143,16,17,0,4,0.0,0
2641,2143,17,18,1,3,0.3333333333333333,0
2641,2143,18,19,1,3,0.3333333333333333,0
2641,2143,19,20,0,4,0.0,0
2641,2143,20,21,0,4,0.0,0
2641,2143,21,22,0,4,0.0,0
2641,2143,22,23,1,3,0.3333333333333333,0
2641,2143,23,24,0,4,0.0,0
2641,2143,24,25,0,4,0.0,0
2641,2143,25,26,0,4,0.0,0
2641,2143,26,27,1,3,0.3333333333333333,0
2641,2143,27,28,1,3,0.3333333333333333,0
2641,2143,28,29,0,4,0.0,0
2641,2143,29,30,1,3,0.3333333333333333,0
2641,2143,30,31,1,3,0.3333333333333333,0
2642,2143,0,1,1,3,0.3333333333333333,0
2642,2143,1,2,0,4,0.0,0
2642,2143,2,3,0,4,0.0,0
2642,2143,3,4,1,3,0.3333333333333333,0
2642,2143,4,5,0,4,0.0,0
2642,2143,5,6,1,3,0.3333333333333333,0
2642,2143,6,7,1,3,0.3333333333333333,0
2642,2143,7,8,1,3,0.3333333333333333,0
2642,2143,8,9,0,4,0.0,0
2642,2143,9,10,0,4,0.0,0
2642,2143,10,11,0,4,0.0,0
2642,2143,11,12,0,4,0.0,0
2642,2143,12,13,1,3,0.3333333333333333,0
2642,2143,13,14,1,3,0.3333333333333333,0
2642,2143,14,15,1,3,0.3333333333333333,0
2642,2143,15,16,1,3,0.3333333333333333,0
2642,2143,16,17,0,4,0.0,0
2642,2143,17,18,0,4,0.0,0
2642,2143,18,19,0,4,0.0,0
2642,2143,19,20,0,4,0.0,0
2642,2143,20,21,0,4,0.0,0
2642,2143,21,22,1,3,0.3333333333333333,0
2642,2143,22,23,1,3,0.3333333333333333,0
2642,2143,23,24,0,4,0.0,0
2642,2143,24,25,1,3,0.3333333333333333,0
2642,2143,25,26,1,3,0.3333333333333333,0
2642,2143,26,27,1,3,0.3333333333333333,0
2642,2143,27,28,0,4,0.0,0
2642,2143,28,29,0,4,0.0,0
2642,2143,29,30,1,3,0.3333333333333333,0
2642,2143,30,31,0,4,0.0,0
2643,2143,0,1,0,4,0.0,0
2643,2143,1,2,0,4,0.0,0
2643,2143,2,3,1,3,0.3333333333333333,0
2643,2143,3,4,2,2,1.0,1
2643,2143,4,5,1,3,0.3333333333333333,0
2643,2143,5,6,1,3,0.3333333333333333,0
2643,2143,6,7,1,3,0.3333333333333333,0
2643,2143,7,8,0,4,0.0,0
2643,2143,8,9,0,4,0.0,0
2643,2143,9,10,0,4,0.0,0
2643,2143,10,11,1,3,0.3333333333333333,0
2643,2143,11,12,1,3,0.3333333333333333,0
2643,2143,12,13,0,4,0.0,0
2643,2143,13,14,1,3,0.3333333333333333,0
2643,2143,14,15,0,4,0.0,0
2643,2143,15,16,0,4,0.0,0
2643,2143,16,17,0,4,0.0,0
2643,2143,17,18,1,3,0.3333333333333333,0
2643,2143,18,19,1,3,0.3333333333333333,0
2643,2143,19,20,0,4,0.0,0
2643,2143,20,21,0,4,0.0,0
2643,2143,21,22,1,3,0.3333333333333333,0
2643,2143,22,23,1,3,0.3333333333333333,0
2643,2143,23,24,1,3,0.3333333333333333,0
2643,2143,24,25,2,2,1.0,1
2643,2143,25,26,2,2,1.0,1
2643,2143,26,27,1,3,0.3333333333333333,0
2643,2143,27,28,0,4,0.0,0
2643,2143,28,29,1,3,0.3333333333333333,0
2643,2143,29,30,2,2,1.0,1
2643,2143,30,31,0,4,0.0,0
2644,2143,0,1,1,3,0.3333333333333333,0
2644,2143,1,2,1,3,0.3333333333333333,0
2644,2143,2,3,0,4,0.0,0
2644,2143,3,4,0,4,0.0,0
2644,2143,4,5,1,3,0.3333333333333333,0
2644,2143,5,6,1,3,0.3333333333333333,0
2644,2143,6,7,0,4,0.0,0
2644,2143,7,8,0,4,0.0,0
2644,2143,8,9,1,3,0.3333333333333333,0
2644,2143,9,10,0,4,0.0,0
2644,2143,10,11,2,2,1.0,1
2644,2143,11,12,0,4,0.0,0
2644,2143,12,13,1,3,0.3333333333333333,0
2644,2143,13,14,1,3,0.3333333333333333,0
2644,2143,14,15,0,4,0.0,0
2644,2143,15,16,0,4,0.0,0
2644,2143,16,17,1,3,0.3333333333333333,0
2644,2143,17,18,0,4,0.0,0
2644,2143,18,19,1,3,0.3333333333333333,0
2644,2143,19,20,0,4,0.0,0
2644,2143,20,21,0,4,0.0,0
2644,2143,21,22,0,4,0.0,0
2644,2143,22,23,0,4,0.0,0
2644,2143,23,24,0,4,0.0,0
2644,2143,24,25,1,3,0.3333333333333333,0
2644,2143,25,26,1,3,0.3333333333333333,0
2644,2143,26,27,0,4,0.0,0
2644,2143,27,28,1,3,0.3333333333333333,0
2644,2143,28,29,1,3,0.3333333333333333,0
2644,2143,29,30,0,4,0.0,0
2644,2143,30,31,0,4,0.0,0
2645,2143,0,1,0,4,0.0,0
2645,2143,1,2,0,4,0.0,0
2645,2143,2,3,0,4,0.0,0
2645,2143,3,4,1,3,0.3333333333333333,0
2645,2143,4,5,0,4,0.0,0
2645,2143,5,6,0,4,0.0,0
2645,2143,6,7,1,3,0.3333333333333333,0
2645,2143,7,8,0,4,0.0,0
2645,2143,8,9,1,3,0.3333333333333333,0
2645,2143,9,10,0,4,0.0,0
2645,2143,10,11,1,3,0.3333333333333333,0
2645,2143,11,12,0,4,0.0,0
2645,2143,12,13,1,3,0.3333333333333333,0
2645,2143,13,14,0,4,0.0,0
2645,2143,14,15,1,3,0.3333333333333333,0
2645,2143,15,16,0,4,0.0,0
2645,2143,16,17,0,4,0.0,0
2645,2143,17,18,0,4,0.0,0
2645,2143,18,19,0,4,0.0,0
2645,2143,19,20,1,3,0.3333333333333333,0
2645,2143,20,21,1,3,0.3333333333333333,0
2645,2143,21,22,1,3,0.3333333333333333,0
2645,2143,22,23,0,4,0.0,0
2645,2143,23,24,1,3,0.3333333333333333,0
2645,2143,24,25,0,4,0.0,0
2645,2143,25,26,0,4,0.0,0
2645,2143,26,27,1,3,0.3333333333333333,0
2645,2143,27,28,1,3,0.3333333333333333,0
2645,2143,28,29,0,4,0.0,0
2645,2143,29,30,1,3,0.3333333333333333,0
2645,2143,30,31,1,3,0.3333333333333333,0
2646,2143,0,1,0,4,0.0,0
2646,2143,1,2,1,3,0.3333333333333333,0
2646,2143,2,3,1,3,0.3333333333333333,0
2646,2143,3,4,1,3,0.3333333333333333,0
2646,2143,4,5,0,4,0.0,0
2646,2143,5,6,0,4,0.0,0
2646,2143,6,7,1,3,0.3333333333333333,0
2646,2143,7,8,0,4,0.0,0
2646,2143,8,9,1,3,0.3333333333333333,0
2646,2143,9,10,1,3,0.3333333333333333,0
2646,2143,10,11,0,4,0.0,0
2646,2143,11,12,1,3,0.3333333333333333,0
2646,2143,12,13,0,4,0.0,0
2646,2143,13,14,0,4,0.0,0
2646,2143,14,15,0,4,0.0,0
2646,2143,15,16,1,3,0.3333333333333333,0
2646,2143,16,17,0,4,0.0,0
2646,2143,17,18,0,4,0.0,0
2646,2143,18,19,0,4,0.0,0
2646,2143,19,20,1,3,0.3333333333333333,0
2646,2143,20,21,0,4,0.0,0
2646,2143,21,22,0,4,0.0,0
2646,2143,22,23,1,3,0.3333333333333333,0
2646,2143,23,24,0,4,0.0,0
2646,2143,24,25,0,4,0.0,0
2646,2143,25,26,0,4,0.0,0
2646,2143,26,27,1,3,0.3333333333333333,0
2646,2143,27,28,0,4,0.0,0
2646,2143,28,29,0,4,0.0,0
2646,2143,29,30,1,3,0.3333333333333333,0
2646,2143,30,31,1,3,0.3333333333333333,0
2647,2143,0,1,0,4,0.0,0
2647,2143,1,2,0,4,0.0,0
2647,2143,2,3,1,3,0.3333333333333333,0
2647,2143,3,4,1,3,0.3333333333333333,0
2647,2143,4,5,0,4,0.0,0
2647,2143,5,6,0,4,0.0,0
2647,2143,6,7,2,2,1.0,1
2647,2143,7,8,0,4,0.0,0
2647,2143,8,9,0,4,0.0,0
2647,2143,9,10,0,4,0.0,0
2647,2143,10,11,0,4,0.0,0
2647,2143,11,12,1,3,0.3333333333333333,0
2647,2143,12,13,1,3,0.3333333333333333,0
2647,2143,13,14,0,4,0.0,0
2647,2143,14,15,2,2,1.0,1
2647,2143,15,16,0,4,0.0,0
2647,2143,16,17,1,3,0.3333333333333333,0
2647,2143,17,18,0,4,0.0,0
2647,2143,18,19,0,4,0.0,0
2647,2143,19,20,1,3,0.3333333333333333,0
2647,2143,20,21,0,4,0.0,0
2647,2143,21,22,1,3,0.3333333333333333,0
2647,2143,22,23,1,3,0.3333333333333333,0
2647,2143,23,24,0,4,0.0,0
2647,2143,24,25,1,3,0.3333333333333333,0
2647,2143,25,26,1,3,0.3333333333333333,0
2647,2143,26,27,0,4,0.0,0
2647,2143,27,28,0,4,0.0,0
2647,2143,28,29,0,4,0.0,0
2647,2143,29,30,0,4,0.0,0
2647,2143,30,31,1,3,0.3333333333333333,0
2648,2143,0,1,0,4,0.0,0
2648,2143,1,2,0,4,0.0,0
2648,2143,2,3,0,4,0.0,0
2648,2143,3,4,1,3,0.3333333333333333,0
2648,2143,4,5,0,4,0.0,0
2648,2143,5,6,1,3,0.3333333333333333,0
2648,2143,6,7,0,4,0.0,0
2648,2143,7,8,0,4,0.0,0
2648,2143,8,9,0,4,0.0,0
2648,2143,9,10,0,4,0.0,0
2648,2143,10,11,1,3,0.3333333333333333,0
2648,2143,11,12,0,4,0.0,0
2648,2143,12,13,0,4,0.0,0
2648,2143,13,14,1,3,0.3333333333333333,0
2648,2143,14,15,0,4,0.0,0
2648,2143,15,16,0,4,0.0,0
2648,2143,16,17,1,3,0.3333333333333333,0
2648,2143,17,18,0,4,0.0,0
2648,2143,18,19,0,4,0.0,0
2648,2143,19,20,1,3,0.3333333333333333,0
2648,2143,20,21,0,4,0.0,0
2648,2143,21,22,0,4,0.0,0
2648,2143,22,23,1,3,0.3333333333333333,0
2648,2143,23,24,1,3,0.3333333333333333,0
2648,2143,24,25,0,4,0.0,0
2648,2143,25,26,0,4,0.0,0
2648,2143,26,27,1,3,0.3333333333333333,0
2648,2143,27,28,1,3,0.3333333333333333,0
2648,2143,28,29,0,4,0.0,0
2648,2143,29,30,1,3,0.3333333333333333,0
2648,2143,30,31,1,3,0.3333333333333333,0
2649,2143,0,1,1,3,0.3333333333333333,0
2649,2143,1,2,2,2,1.0,1
2649,2143,2,3,1,3,0.3333333333333333,0
2649,2143,3,4,0,4,0.0,0
2649,2143,4,5,0,4,0.0,0
2649,2143,5,6,0,4,0.0,0
2649,2143,6,7,0,4,0.0,0
2649,2143,7,8,0,4,0.0,0
2649,2143,8,9,0,4,0.0,0
2649,2143,9,10,0,4,0.0,0
2649,2143,10,11,1,3,0.3333333333333333,0
2649,2143,11,12,0,4,0.0,0
2649,2143,12,13,1,3,0.3333333333333333,0
2649,2143,13,14,1,3,0.3333333333333333,0
2649,2143,14,15,0,4,0.0,0
2649,2143,15,16,0,4,0.0,0
2649,2143,16,17,2,2,1.0,1
2649,2143,17,18,0,4,0.0,0
2649,2143,18,19,0,4,0.0,0
2649,2143,19,20,1,3,0.3333333333333333,0
2649,2143,20,21,1,3,0.3333333333333333,0
2649,2143,21,22,0,4,0.0,0
2649,2143,22,23,2,2,1.0,1
2649,2143,23,24,1,3,0.3333333333333333,0
2649,2143,24,25,0,4,0.0,0
2649,2143,25,26,1,3,0.3333333333333333,0
2649,2143,26,27,0,4,0.0,0
2649,2143,27,28,0,4,0.0,0
2649,2143,28,29,0,4,0.0,0
2649,2143,29,30,0,4,0.0,0
2649,2143,30,31,1,3,0.3333333333333333,0
2650,2143,0,1,0,4,0.0,0
2650,2143,1,2,0,4,0.0,0
2650,2143,2,3,1,3,0.3333333333333333,0
2650,2143,3,4,0,4,0.0,0
2650,2143,4,5,0,4,0.0,0
2650,2143,5,6,1,3,0.3333333333333333,0
2650,2143,6,7,0,4,0.0,0
2650,2143,7,8,1,3,0.3333333333333333,0
2650,2143,8,9,0,4,0.0,0
2650,2143,9,10,0,4,0.0,0
2650,2143,10,11,2,2,1.0,1
2650,2143,11,12,0,4,0.0,0
2650,2143,12,13,1,3,0.3333333333333333,0
2650,2143,13,14,0,4,0.0,0
2650,2143,14,15,0,4,0.0,0
2650,2143,15,16,1,3,0.3333333333333333,0
2650,2143,16,17,0,4,0.0,0
2650,2143,17,18,1,3,0.3333333333333333,0
2650,2143,18,19,1,3,0.3333333333333333,0
2650,2143,19,20,1,3,0.3333333333333333,0
2650,2143,20,21,1,3,0.3333333333333333,0
2650,2143,21,22,0,4,0.0,0
2650,2143,22,23,1,3,0.3333333333333333,0
2650,2143,23,24,1,3,0.3333333333333333,0
2650,2143,24,25,1,3,0.3333333333333333,0
2650,2143,25,26,1,3,0.3333333333333333,0
2650,2143,26,27,1,3,0.3333333333333333,0
2650,2143,27,28,0,4,0.0,0
2650,2143,28,29,0,4,0.0,0
2650,2143,29,30,1,3,0.3333333333333333,0
2650,2143,30,31,0,4,0.0,0
2651,2143,0,1,0,4,0.0,0
2651,2143,1,2,1,3,0.3333333333333333,0
2651,2143,2,3,0,4,0.0,0
2651,2143,3,4,0,4,0.0,0
2651,2143,4,5,0,4,0.0,0
2651,2143,5,6,1,3,0.3333333333333333,0
2651,2143,6,7,1,3,0.3333333333333333,0
2651,2143,7,8,1,3,0.3333333333333333,0
2651,2143,8,9,1,3,0.3333333333333333,0
2651,2143,9,10,0,4,0.0,0
2651,2143,10,11,1,3,0.3333333333333333,0
2651,2143,11,12,1,3,0.3333333333333333,0
2651,2143,12,13,1,3,0.3333333333333333,0
2651,2143,13,14,1,3,0.3333333333333333,0
2651,2143,14,15,1,3,0.3333333333333333,0
2651,2143,15,16,0,4,0.0,0
2651,2143,16,17,1,3,0.3333333333333333,0
2651,2143,17,18,0,4,0.0,0
2651,2143,18,19,2,2,1.0,1
2651,2143,19,20,0,4,0.0,0
2651,2143,20,21,0,4,0.0,0
2651,2143,21,22,1,3,0.3333333333333333,0
2651,2143,22,23,1,3,0.3333333333333333,0
2651,2143,23,24,0,4,0.0,0
2651,2143,24,25,1,3,0.3333333333333333,0
2651,2143,25,26,0,4,0.0,0
2651,2143,26,27,1,3,0.3333333333333333,0
2651,2143,27,28,0,4,0.0,0
2651,2143,28,29,0,4,0.0,0
2651,2143,29,30,0,4,0.0,0
2651,2143,30,31,1,3,0.3333333333333333,0
2652,2143,0,1,1,3,0.3333333333333333,0
2652,2143,1,2,1,3,0.3333333333333333,0
2652,2143,2,3,0,4,0.0,0
2652,2143,3,4,1,3,0.3333333333333333,0
2652,2143,4,5,1,3,0.3333333333333333,0
2652,2143,5,6,0,4,0.0,0
2652,2143,6,7,0,4,0.0,0
2652,2143,7,8,1,3,0.3333333333333333,0
2652,2143,8,9,0,4,0.0,0
2652,2143,9,10,0,4,0.0,0
2652,2143,10,11,1,3,0.3333333333333333,0
2652,2143,11,12,1,3,0.3333333333333333,0
2652,2143,12,13,1,3,0.3333333333333333,0
2652,2143,13,14,0,4,0.0,0
2652,2143,14,15,0,4,0.0,0
2652,2143,15,16,2,2,1.0,1
2652,2143,16,17,0,4,0.0,0
2652,2143,17,18,2,2,1.0,1
2652,2143,18,19,0,4,0.0,0
2652,2143,19,20,0,4,0.0,0
2652,2143,20,21,1,3,0.3333333333333333,0
2652,2143,21,22,0,4,0.0,0
2652,2143,22,23,0,4,0.0,0
2652,2143,23,24,0,4,0.0,0
2652,2143,24,25,0,4,0.0,0
2652,2143,25,26,0,4,0.0,0
2652,2143,26,27,1,3,0.3333333333333333,0
2652,2143,27,28,2,2,1.0,1
2652,2143,28,29,0,4,0.0,0
2652,2143,29,30,0,4,0.0,0
2652,2143,30,31,1,3,0.3333333333333333,0
2653,2143,0,1,1,3,0.3333333333333333,0
2653,2143,1,2,0,4,0.0,0
2653,2143,2,3,0,4,0.0,0
2653,2143,3,4,1,3,0.3333333333333333,0
2653,2143,4,5,0,4,0.0,0
2653,2143,5,6,0,4,0.0,0
2653,2143,6,7,1,3,0.3333333333333333,0
2653,2143,7,8,1,3,0.3333333333333333,0
2653,2143,8,9,0,4,0.0,0
2653,2143,9,10,1,3,0.3333333333333333,0
2653,2143,10,11,1,3,0.3333333333333333,0
2653,2143,11,12,1,3,0.3333333333333333,0
2653,2143,12,13,0,4,0.0,0
2653,2143,13,14,0,4,0.0,0
2653,2143,14,15,1,3,0.3333333333333333,0
2653,2143,15,16,0,4,0.0,0
2653,2143,16,17,1,3,0.3333333333333333,0
2653,2143,17,18,0,4,0.0,0
2653,2143,18,19,1,3,0.3333333333333333,0
2653,2143,19,20,0,4,0.0,0
2653,2143,20,21,1,3,0.3333333333333333,0
2653,2143,21,22,1,3,0.3333333333333333,0
2653,2143,22,23,0,4,0.0,0
2653,2143,23,24,0,4,0.0,0
2653,2143,24,25,1,3,0.3333333333333333,0
2653,2143,25,26,1,3,0.3333333333333333,0
2653,2143,26,27,1,3,0.3333333333333333,0
2653,2143,27,28,0,4,0.0,0
2653,2143,28,29,1,3,0.3333333333333333,0
2653,2143,29,30,0,4,0.0,0
2653,2143,30,31,0,4,0.0,0
2654,2143,0,1,0,4,0.0,0
2654,2143,1,2,0,4,0.0,0
2654,2143,2,3,0,4,0.0,0
2654,2143,3,4,2,2,1.0,1
2654,2143,4,5,1,3,0.3333333333333333,0
2654,2143,5,6,0,4,0.0,0
2654,2143,6,7,1,3,0.3333333333333333,0
2654,2143,7,8,0,4,0.0,0
2654,2143,8,9,0,4,0.0,0
2654,2143,9,10,0,4,0.0,0
2654,2143,10,11,1,3,0.3333333333333333,0
2654,2143,11,12,0,4,0.0,0
2654,2143,12,13,1,3,0.3333333333333333,0
2654,2143,13,14,0,4,0.0,0
2654,2143,14,15,1,3,0.3333333333333333,0
2654,2143,15,16,1,3,0.3333333333333333,0
2654,2143,16,17,0,4,0.0,0
2654,2143,17,18,0,4,0.0,0
2654,2143,18,19,0,4,0.0,0
2654,2143,19,20,0,4,0.0,0
2654,2143,20,21,1,3,0.3333333333333333,0
2654,2143,21,22,0,4,0.0,0
2654,2143,22,23,1,3,0.3333333333333333,0
2654,2143,23,24,1,3,0.3333333333333333,0
2654,2143,24,25,1,3,0.3333333333333333,0
2654,2143,25,26,1,3,0.3333333333333333,0
2654,2143,26,27,0,4,0.0,0
2654,2143,27,28,0,4,0.0,0
2654,2143,28,29,0,4,0.0,0
2654,2143,29,30,1,3,0.3333333333333333,0
2654,2143,30,31,1,3,0.3333333333333333,0
2655,2143,0,1,0,4,0.0,0
2655,2143,1,2,0,4,0.0,0
2655,2143,2,3,0,4,0.0,0
2655,2143,3,4,0,4,0.0,0
2655,2143,4,5,1,3,0.3333333333333333,0
2655,2143,5,6,0,4,0.0,0
2655,2143,6,7,1,3,0.3333333333333333,0
2655,2143,7,8,1,3,0.3333333333333333,0
2655,2143,8,9,0,4,0.0,0
2655,2143,9,10,0,4,0.0,0
2655,2143,10,11,1,3,0.3333333333333333,0
2655,2143,11,12,0,4,0.0,0
2655,2143,12,13,0,4,0.0,0
2655,2143,13,14,0,4,0.0,0
2655,2143,14,15,1,3,0.3333333333333333,0
2655,2143,15,16,1,3,0.3333333333333333,0
2655,2143,16,17,1,3,0.3333333333333333,0
2655,2143,17,18,1,3,0.3333333333333333,0
2655,2143,18,19,1,3,0.3333333333333333,0
2655,2143,19,20,0,4,0.0,0
2655,2143,20,21,1,3,0.3333333333333333,0
2655,2143,21,22,0,4,0.0,0
2655,2143,22,23,0,4,0.0,0
2655,2143,23,24,0,4,0.0,0
2655,2143,24,25,2,2,1.0,1
2655,2143,25,26,0,4,0.0,0
2655,2143,26,27,0,4,0.0,0
2655,2143,27,28,0,4,0.0,0
2655,2143,28,29,1,3,0.3333333333333333,0
2655,2143,29,30,0,4,0.0,0
2655,2143,30,31,1,3,0.3333333333333333,0
2624,2144,0,1,0,4,0.0,0
2624,2144,1,2,0,4,0.0,0
2624,2144,2,3,1,3,0.3333333333333333,0
2624,2144,3,4,0,4,0.0,0
2624,2144,4,5,0,4,0.0,0
2624,2144,5,6,1,3,0.3333333333333333,0
2624,2144,6,7,1,3,0.3333333333333333,0
2624,2144,7,8,0,4,0.0,0
2624,2144,8,9,1,3,0.3333333333333333,0
2624,2144,9,10,1,3,0.3333333333333333,0
2624,2144,10,11,1,3,0.3333333333333333,0
2624,2144,11,12,0,4,0.0,0
2624,2144,12,13,0,4,0.0,0
2624,2144,13,14,0,4,0.0,0
2624,2144,14,15,1,3,0.3333333333333333,0
2624,2144,15,16,0,4,0.0,0
2624,2144,16,17,0,4,0.0,0
2624,2144,17,18,0,4,0.0,0
2624,2144,18,19,1,3,0.3333333333333333,0
2624,2144,19,20,1,3,0.3333333333333333,0
2624,2144,20,21,2,2,1.0,1
2624,2144,21,22,0,4,0.0,0
2624,2144,22,23,1,3,0.3333333333333333,0
2624,2144,23,24,1,3,0.3333333333333333,0
2624,2144,24,25,1,3,0.3333333333333333,0
2624,2144,25,26,1,3,0.3333333333333333,0
2624,2144,26,27,1,3,0.3333333333333333,0
2624,2144,27,28,0,4,0.0,0
2624,2144,28,29,1,3,0.3333333333333333,0
2624,2144,29,30,0,4,0.0,0
2624,2144,30,31,1,3,0.3333333333333333,0
2625,2144,0,1,0,4,0.0,0
2625,2144,1,2,0,4,0.0,0
2625,2144,2,3,0,4,0.0,0
2625,2144,3,4,1,3,0.3333333333333333,0
2625,2144,4,5,1,3,0.3333333333333333,0
2625,2144,5,6,0,4,0.0,0
2625,2144,6,7,0,4,0.0,0
2625,2144,7,8,0,4,0.0,0
2625,2144,8,9,1,3,0.3333333333333333,0
2625,2144,9,10,0,4,0.0,0
2625,2144,10,11,0,4,0.0,0
2625,2144,11,12,0,4,0.0,0
2625,2144,12,13,0,4,0.0,0
2625,2144,13,14,0,4,0.0,0
2625,2144,14,15,0,4,0.0,0
2625,2144,15,16,1,3,0.3333333333333333,0
2625,2144,16,17,0,4,0.0,0
2625,2144,17,18,1,3,0.3333333333333333,0
2625,2144,18,19,1,3,0.3333333333333333,0
2625,2144,19,20,1,3,0.3333333333333333,0
2625,2144,20,21,0,4,0.0,0
2625,2144,21,22,0,4,0.0,0
2625,2144,22,23,0,4,0.0,0
2625,2144,23,24,0,4,0.0,0
2625,2144,24,25,0,4,0.0,0
2625,2144,25,26,1,3,0.3333333333333333,0
2625,2144,26,27,2,2,1.0,1
2625,2144,27,28,0,4,0.0,0
2625,2144,28,29,1,3,0.3333333333333333,0
2625,2144,29,30,0,4,0.0,0
2625,2144,30,31,0,4,0.0,0
2626,2144,0,1,1,3,0.3333333333333333,0
2626,2144,1,2,1,3,0.3333333333333333,0
2626,2144,2,3,0,4,0.0,0
2626,2144,3,4,0,4,0.0,0
2626,2144,4,5,0,4,0.0,0
2626,2144,5,6,1,3,0.3333333333333333,0
2626,2144,6,7,0,4,0.0,0
2626,2144,7,8,1,3,0.3333333333333333,0
2626,2144,8,9,0,4,0.0,0
2626,2144,9,10,1,3,0.3333333333333333,0
2626,2144,10,11,0,4,0.0,0
2626,2144,11,12,0,4,0.0,0
2626,2144,12,13,1,3,0.3333333333333333,0
2626,2144,13,14,0,4,0.0,0
2626,2144,14,15,0,4,0.0,0
2626,2144,15,16,2,2,1.0,1
2626,2144,16,17,0,4,0.0,0
2626,2144,17,18,1,3,0.3333333333333333,0
2626,2144,18,19,0,4,0.0,0
2626,2144,19,20,0,4,0.0,0
2626,2144,20,21,1,3,0.3333333333333333,0
2626,2144,21,22,0,4,0.0,0
2626,2144,22,23,2,2,1.0,1
2626,2144,23,24,0,4,0.0,0
2626,2144,24,25,1,3,0.3333333333333333,0
2626,2144,25,26,1,3,0.3333333333333333,0
2626,2144,26,27,1,3,0.3333333333333333,0
2626,2144,27,28,1,3,0.3333333333333333,0
2626,2144,28,29,1,3,0.3333333333333333,0
2626,2144,29,30,1,3,0.3333333333333333,0
2626,2144,30,31,1,3,0.3333333333333333,0
2627,2144,0,1,0,4,0.0,0
2627,2144,1,2,1,3,0.3333333333333333,0
2627,2144,2,3,0,4,0.0,0
2627,2144,3,4,1,3,0.3333333333333333,0
2627,2144,4,5,1,3,0.3333333333333333,0
2627,2144,5,6,0,4,0.0,0
2627,2144,6,7,1,3,0.3333333333333333,0
2627,2144,7,8,1,3,0.3333333333333333,0
2627,2144,8,9,1,3,0.3333333333333333,0
2627,2144,9,10,1,3,0.3333333333333333,0
2627,2144,10,11,0,4,0.0,0
2627,2144,11,12,1,3,0.3333333333333333,0
2627,2144,12,13,1,3,0.3333333333333333,0
2627,2144,13,14,0,4,0.0,0
2627,2144,14,15,1,3,0.3333333333333333,0
2627,2144,15,16,0,4,0.0,0
2627,2144,16,17,1,3,0.3333333333333333,0
2627,2144,17,18,0,4,0.0,0
2627,2144,18,19,1,3,0.3333333333333333,0
2627,2144,19,20,1,3,0.3333333333333333,0
2627,2144,20,21,0,4,0.0,0
2627,2144,21,22,0,4,0.0,0
2627,2144,22,23,0,4,0.0,0
2627,2144,23,24,1,3,0.3333333333333333,0
2627,2144,24,25,0,4,0.0,0
2627,2144,25,26,1,3,0.3333333333333333,0
2627,2144,26,27,1,3,0.3333333333333333,0
2627,2144,27,28,1,3,0.3333333333333333,0
2627,2144,28,29,1,3,0.3333333333333333,0
2627,2144,29,30,0,4,0.0,0
2627,2144,30,31,0,4,0.0,0
2628,2144,0,1,0,4,0.0,0
2628,2144,1,2,0,4,0.0,0
2628,2144,2,3,0,4,0.0,0
2628,2144,3,4,0,4,0.0,0
2628,2144,4,5,1,3,0.3333333333333333,0
2628,2144,5,6,1,3,0.3333333333333333,0
2628,2144,6,7,1,3,0.3333333333333333,0
2628,2144,7,8,1,3,0.3333333333333333,0
2628,2144,8,9,0,4,0.0,0
2628,2144,9,10,0,4,0.0,0
2628,2144,10,11,2,2,1.0,1
2628,2144,11,12,0,4,0.0,0
2628,2144,12,13,1,3,0.3333333333333333,0
2628,2144,13,14,1,3,0.3333333333333333,0
2628,2144,14,15,0,4,0.0,0
2628,2144,15,16,1,3,0.3333333333333333,0
2628,2144,16,17,0,4,0.0,0
2628,2144,17,18,1,3,0.3333333333333333,0
2628,2144,18,19,1,3,0.3333333333333333,0
2628,2144,19,20,0,4,0.0,0
2628,2144,20,21,0,4,0.0,0
2628,2144,21,22,2,2,1.0,1
2628,2144,22,23,1,3,0.3333333333333333,0
2628,2144,23,24,1,3,0.3333333333333333,0
2628,2144,24,25,1,3,0.3333333333333333,0
2628,2144,25,26,0,4,0.0,0
2628,2144,26,27,0,4,0.0,0
2628,2144,27,28,1,3,0.3333333333333333,0
2628,2144,28,29,0,4,0.0,0
2628,2144,29,30,1,3,0.3333333333333333,0
2628,2144,30,31,1,3,0.3333333333333333,0
2629,2144,0,1,0,4,0.0,0
2629,2144,1,2,1,3,0.3333333333333333,0
2629,2144,2,3,0,4,0.0,0
2629,2144,3,4,0,4,0.0,0
2629,2144,4,5,0,4,0.0,0
2629,2144,5,6,0,4,0.0,0
2629,2144,6,7,0,4,0.0,0
2629,2144,7,8,0,4,0.0,0
2629,2144,8,9,1,3,0.3333333333333333,0
2629,2144,9,10,0,4,0.0,0
2629,2144,10,11,1,3,0.3333333333333333,0
2629,2144,11,12,0,4,0.0,0
2629,2144,12,13,1,3,0.3333333333333333,0
2629,2144,13,14,1,3,0.3333333333333333,0
2629,2144,14,15,1,3,0.3333333333333333,0
2629,2144,15,16,0,4,0.0,0
2629,2144,16,17,1,3,0.3333333333333333,0
2629,2144,17,18,0,4,0.0,0
2629,2144,18,19,0,4,0.0,0
2629,2144,19,20,1,3,0.3333333333333333,0
2629,2144,20,21,1,3,0.3333333333333333,0
2629,2144,21,22,1,3,0.3333333333333333,0
2629,2144,22,23,1,3,0.3333333333333333,0
2629,2144,23,24,2,2,1.0,1
2629,2144,24,25,1,3,0.3333333333333333,0
2629,2144,25,26,1,3,0.3333333333333333,0
2629,2144,26,27,1,3,0.3333333333333333,0
2629,2144,27,28,1,3,0.3333333333333333,0
2629,2144,28,29,0,4,0.0,0
2629,2144,29,30,0,4,0.0,0
2629,2144,30,31,0,4,0.0,0
2630,2144,0,1,0,4,0.0,0
2630,2144,1,2,1,3,0.3333333333333333,0
2630,2144,2,3,0,4,0.0,0
2630,2144,3,4,1,3,0.3333333333333333,0
2630,2144,4,5,1,3,0.3333333333333333,0
2630,2144,5,6,2,2,1.0,1
2630,2144,6,7,1,3,0.3333333333333333,0
2630,2144,7,8,0,4,0.0,0
2630,2144,8,9,1,3,0.3333333333333333,0
2630,2144,9,10,1,3,0.3333333333333333,0
2630,2144,10,11,1,3,0.3333333333333333,0
2630,2144,11,12,0,4,0.0,0
2630,2144,12,13,0,4,0.0,0
2630,2144,13,14,1,3,0.3333333333333333,0
2630,2144,14,15,1,3,0.3333333333333333,0
2630,2144,15,16,1,3,0.3333333333333333,0
2630,2144,16,17,0,4,0.0,0
2630,2144,17,18,1,3,0.3333333333333333,0
2630,2144,18,19,0,4,0.0,0
2630,2144,19,20,1,3,0.3333333333333333,0
2630,2144,20,21,0,4,0.0,0
2630,2144,21,22,1,3,0.3333333333333333,0
2630,2144,22,23,0,4,0.0,0
2630,2144,23,24,0,4,0.0,0
2630,2144,24,25,0,4,0.0,0
2630,2144,25,26,2,2,1.0,1
2630,2144,26,27,0,4,0.0,0
2630,2144,27,28,0,4,0.0,0
2630,2144,28,29,0,4,0.0,0
2630,2144,29,30,1,3,0.3333333333333333,0
2630,2144,30,31,0,4,0.0,0
2631,2144,0,1,0,4,0.0,0
2631,2144,1,2,1,3,0.3333333333333333,0
2631,2144,2,3,1,3,0.3333333333333333,0
2631,2144,3,4,0,4,0.0,0
2631,2144,4,5,0,4,0.0,0
2631,2144,5,6,0,4,0.0,0
2631,2144,6,7,0,4,0.0,0
2631,2144,7,8,1,3,0.3333333333333333,0
2631,2144,8,9,1,3,0.3333333333333333,0
2631,2144,9,10,1,3,0.3333333333333333,0
2631,2144,10,11,2,2,1.0,1
2631,2144,11,12,2,2,1.0,1
2631,2144,12,13,1,3,0.3333333333333333,0
2631,2144,13,14,0,4,0.0,0
2631,2144,14,15,0,4,0.0,0
2631,2144,15,16,1,3,0.3333333333333333,0
2631,2144,16,17,0,4,0.0,0
2631,2144,17,18,0,4,0.0,0
2631,2144,18,19,0,4,0.0,0
2631,2144,19,20,1,3,0.3333333333333333,0
2631,2144,20,21,2,2,1.0,1
2631,2144,21,22,0,4,0.0,0
2631,2144,22,23,1,3,0.3333333333333333,0
2631,2144,23,24,1,3,0.3333333333333333,0
2631,2144,24,25,0,4,0.0,0
2631,2144,25,26,1,3,0.3333333333333333,0
2631,2144,26,27,1,3,0.3333333333333333,0
2631,2144,27,28,0,4,0.0,0
2631,2144,28,29,1,3,0.3333333333333333,0
2631,2144,29,30,0,4,0.0,0
2631,2144,30,31,0,4,0.0,0
2632,2144,0,1,1,3,0.3333333333333333,0
2632,2144,1,2,0,4,0.0,0
2632,2144,2,3,0,4,0.0,0
2632,2144,3,4,0,4,0.0,0
2632,2144,4,5,1,3,0.3333333333333333,0
2632,2144,5,6,0,4,0.0,0
2632,2144,6,7,0,4,0.0,0
2632,2144,7,8,0,4,0.0,0
2632,2144,8,9,1,3,0.3333333333333333,0
2632,2144,9,10,1,3,0.3333333333333333,0
2632,2144,10,11,0,4,0.0,0
2632,2144,11,12,0,4,0.0,0
2632,2144,12,13,0,4,0.0,0
2632,2144,13,14,0,4,0.0,0
2632,2144,14,15,0,4,0.0,0
2632,2144,15,16,2,2,1.0,1
2632,2144,16,17,1,3,0.3333333333333333,0
2632,2144,17,18,2,2,1.0,1
2632,2144,18,19,1,3,0.3333333333333333,0
2632,2144,19,20,0,4,0.0,0
2632,2144,20,21,2,2,1.0,1
2632,2144,21,22,0,4,0.0,0
2632,2144,22,23,0,4,0.0,0
2632,2144,23,24,1,3,0.3333333333333333,0
2632,2144,24,25,0,4,0.0,0
2632,2144,25,26,0,4,0.0,0
2632,2144,26,27,0,4,0.0,0
2632,2144,27,28,0,4,0.0,0
2632,2144,28,29,0,4,0.0,0
2632,2144,29,30,0,4,0.0,0
2632,2144,30,31,1,3,0.3333333333333333,0
2633,2144,0,1,0,4,0.0,0
2633,2144,1,2,0,4,0.0,0
2633,2144,2,3,1,3,0.3333333333333333,0
2633,2144,3,4,0,4,0.0,0
2633,2144,4,5,2,2,1.0,1
2633,2144,5,6,0,4,0.0,0
2633,2144,6,7,0,4,0.0,0
2633,2144,7,8,0,4,0.0,0
2633,2144,8,9,1,3,0.3333333333333333,0
2633,2144,9,10,1,3,0.3333333333333333,0
2633,2144,10,11,1,3,0.3333333333333333,0
2633,2144,11,12,1,3,0.3333333333333333,0
2633,2144,12,13,0,4,0.0,0
2633,2144,13,14,0,4,0.0,0
2633,2144,14,15,0,4,0.0,0
2633,2144,15,16,2,2,1.0,1
2633,2144,16,17,0,4,0.0,0
2633,2144,17,18,0,4,0.0,0
2633,2144,18,19,0,4,0.0,0
2633,2144,19,20,2,2,1.0,1
2633,2144,20,21,1,3,0.3333333333333333,0
2633,2144,21,22,1,3,0.3333333333333333,0
2633,2144,22,23,1,3,0.3333333333333333,0
2633,2144,23,24,1,3,0.3333333333333333,0
2633,2144,24,25,1,3,0.3333333333333333,0
2633,2144,25,26,0,4,0.0,0
2633,2144,26,27,0,4,0.0,0
2633,2144,27,28,0,4,0.0,0
2633,2144,28,29,2,2,1.0,1
2633,2144,29,30,1,3,0.3333333333333333,0
2633,2144,30,31,1,3,0.3333333333333333,0
2634,2144,0,1,0,4,0.0,0
2634,2144,1,2,1,3,0.3333333333333333,0
2634,2144,2,3,1,3,0.3333333333333333,0
2634,2144,3,4,0,4,0.0,0
2634,2144,4,5,1,3,0.3333333333333333,0
2634,2144,5,6,1,3,0.3333333333333333,0
2634,2144,6,7,0,4,0.0,0
2634,2144,7,8,1,3,0.3333333333333333,0
2634,2144,8,9,1,3,0.3333333333333333,0
2634,2144,9,10,1,3,0.3333333333333333,0
2634,2144,10,11,0,4,0.0,0
2634,2144,11,12,0,4,0.0,0
2634,2144,12,13,0,4,0.0,0
2634,2144,13,14,0,4,0.0,0
2634,2144,14,15,0,4,0.0,0
2634,2144,15,16,0,4,0.0,0
2634,2144,16,17,1,3,0.3333333333333333,0
2634,2144,17,18,0,4,0.0,0
2634,2144,18,19,0,4,0.0,0
2634,2144,19,20,0,4,0.0,0
2634,2144,20,21,0,4,0.0,0
2634,2144,21,22,1,3,0.3333333333333333,0
2634,2144,22,23,0,4,0.0,0
2634,2144,23,24,0,4,0.0,0
2634,2144,24,25,0,4,0.0,0
2634,2144,25,26,0,4,0.0,0
2634,2144,26,27,1,3,0.3333333333333333,0
2634,2144,27,28,0,4,0.0,0
2634,2144,28,29,2,2,1.0,1
2634,2144,29,30,0,4,0.0,0
2634,2144,30,31,1,3,0.3333333333333333,0
2635,2144,0,1,1,3,0.3333333333333333,0
2635,2144,1,2,0,4,0.0,0
2635,2144,2,3,0,4,0.0,0
2635,2144,3,4,1,3,0.3333333333333333,0
2635,2144,4,5,1,3,0.3333333333333333,0
2635,2144,5,6,1,3,0.3333333333333333,0
2635,2144,6,7,0,4,0.0,0
2635,2144,7,8,1,3,0.3333333333333333,0
2635,2144,8,9,0,4,0.0,0
2635,2144,9,10,2,2,1.0,1
2635,2144,10,11,1,3,0.3333333333333333,0
2635,2144,11,12,0,4,0.0,0
2635,2144,12,13,0,4,0.0,0
2635,2144,13,14,0,4,0.0,0
2635,2144,14,15,0,4,0.0,0
2635,2144,15,16,0,4,0.0,0
2635,2144,16,17,0,4,0.0,0
2635,2144,17,18,1,3,0.3333333333333333,0
2635,2144,18,19,0,4,0.0,0
2635,2144,19,20,1,3,0.3333333333333333,0
2635,2144,20,21,1,3,0.3333333333333333,0
2635,2144,21,22,1,3,0.3333333333333333,0
2635,2144,22,23,0,4,0.0,0
2635,2144,23,24,0,4,0.0,0
2635,2144,24,25,1,3,0.3333333333333333,0
2635,2144,25,26,0,4,0.0,0
2635,2144,26,27,1,3,0.3333333333333333,0
2635,2144,27,28,0,4,0.0,0
2635,2144,28,29,1,3,0.3333333333333333,0
2635,2144,29,30,1,3,0.3333333333333333,0
2635,2144,30,31,1,3,0.3333333333333333,0
2636,2144,0,1,1,3,0.3333333333333333,0
2636,2144,1,2,1,3,0.3333333333333333,0
2636,2144,2,3,1,3,0.3333333333333333,0
2636,2144,3,4,0,4,0.0,0
2636,2144,4,5,0,4,0.0,0
2636,2144,5,6,1,3,0.3333333333333333,0
2636,2144,6,7,1,3,0.3333333333333333,0
2636,2144,7,8,1,3,0.3333333333333333,0
2636,2144,8,9,0,4,0.0,0
2636,2144,9,10,2,2,1.0,1
2636,2144,10,11,1,3,0.3333333333333333,0
2636,2144,11,12,1,3,0.3333333333333333,0
2636,2144,12,13,0,4,0.0,0
2636,2144,13,14,1,3,0.3333333333333333,0
2636,2144,14,15,1,3,0.3333333333333333,0
2636,2144,15,16,1,3,0.3333333333333333,0
2636,2144,16,17,1,3,0.3333333333333333,0
2636,2144,17,18,0,4,0.0,0
2636,2144,18,19,1,3,0.3333333333333333,0
2636,2144,19,20,1,3,0.3333333333333333,0
2636,2144,20,21,0,4,0.0,0
2636,2144,21,22,1,3,0.3333333333333333,0
2636,2144,22,23,1,3,0.3333333333333333,0
2636,2144,23,24,1,3,0.3333333333333333,0
2636,2144,24,25,1,3,0.3333333333333333,0
2636,2144,25,26,1,3,0.3333333333333333,0
2636,2144,26,27,0,4,0.0,0
2636,2144,27,28,0,4,0.0,0
2636,2144,28,29,0,4,0.0,0
2636,2144,29,30,0,4,0.0,0
2636,2144,30,31,0,4,0.0,0
2637,2144,0,1,1,3,0.3333333333333333,0
2637,2144,1,2,0,4,0.0,0
2637,2144,2,3,1,3,0.3333333333333333,0
2637,2144,3,4,0,4,0.0,0
2637,2144,4,5,0,4,0.0,0
2637,2144,5,6,1,3,0.3333333333333333,0
2637,2144,6,7,1,3,0.3333333333333333,0
2637,2144,7,8,1,3,0.3333333333333333,0
2637,2144,8,9,1,3,0.3333333333333333,0
2637,2144,9,10,0,4,0.0,0
2637,2144,10,11,0,4,0.0,0
2637,2144,11,12,0,4,0.0,0
2637,2144,12,13,1,3,0.3333333333333333,0
2637,2144,13,14,1,3,0.3333333333333333,0
2637,2144,14,15,1,3,0.3333333333333333,0
2637,2144,15,16,0,4,0.0,0
2637,2144,16,17,1,3,0.3333333333333333,0
2637,2144,17,18,1,3,0.3333333333333333,0
2637,2144,18,19,1,3,0.3333333333333333,0
2637,2144,19,20,0,4,0.0,0
2637,2144,20,21,0,4,0.0,0
2637,2144,21,22,0,4,0.0,0
2637,2144,22,23,0,4,0.0,0
2637,2144,23,24,1,3,0.3333333333333333,0
2637,2144,24,25,1,3,0.3333333333333333,0
2637,2144,25,26,0,4,0.0,0
2637,2144,26,27,1,3,0.3333333333333333,0
2637,2144,27,28,0,4,0.0,0
2637,2144,28,29,1,3,0.3333333333333333,0
2637,2144,29,30,1,3,0.3333333333333333,0
2637,2144,30,31,0,4,0.0,0
2638,2144,0,1,0,4,0.0,0
2638,2144,1,2,0,4,0.0,0
2638,2144,2,3,0,4,0.0,0
2638,2144,3,4,1,3,0.3333333333333333,0
2638,2144,4,5,1,3,0.3333333333333333,0
2638,2144,5,6,1,3,0.3333333333333333,0
2638,2144,6,7,1,3,0.3333333333333333,0
2638,2144,7,8,1,3,0.3333333333333333,0
2638,2144,8,9,1,3,0.3333333333333333,0
2638,2144,9,10,1,3,0.3333333333333333,0
2638,2144,10,11,1,3,0.3333333333333333,0
2638,2144,11,12,0,4,0.0,0
2638,2144,12,13,2,2,1.0,1
2638,2144,13,14,0,4,0.0,0
2638,2144,14,15,1,3,0.3333333333333333,0
2638,2144,15,16,1,3,0.3333333333333333,0
2638,2144,16,17,0,4,0.0,0
2638,2144,17,18,1,3,0.3333333333333333,0
2638,2144,18,19,1,3,0.3333333333333333,0
2638,2144,19,20,0,4,0.0,0
2638,2144,20,21,1,3,0.3333333333333333,0
2638,2144,21,22,0,4,0.0,0
2638,2144,22,23,1,3,0.3333333333333333,0
2638,2144,23,24,0,4,0.0,0
2638,2144,24,25,0,4,0.0,0
2638,2144,25,26,1,3,0.3333333333333333,0
2638,2144,26,27,2,2,1.0,1
2638,2144,27,28,0,4,0.0,0
2638,2144,28,29,0,4,0.0,0
2638,2144,29,30,0,4,0.0,0
2638,2144,30,31,1,3,0.3333333333333333,0
2639,2144,0,1,1,3,0.3333333333333333,0
2639,2144,1,2,1,3,0.3333333333333333,0
2639,2144,2,3,1,3,0.3333333333333333,0
2639,2144,3,4,0,4,0.0,0
2639,2144,4,5,1,3,0.3333333333333333,0
2639,2144,5,6,1,3,0.3333333333333333,0
2639,2144,6,7,0,4,0.0,0
2639,2144,7,8,1,3,0.3333333333333333,0
2639,2144,8,9,1,3,0.3333333333333333,0
2639,2144,9,10,0,4,0.0,0
2639,2144,10,11,1,3,0.3333333333333333,0
2639,2144,11,12,0,4,0.0,0
2639,2144,12,13,0,4,0.0,0
2639,2144,13,14,0,4,0.0,0
2639,2144,14,15,1,3,0.3333333333333333,0
2639,2144,15,16,0,4,0.0,0
2639,2144,16,17,0,4,0.0,0
2639,2144,17,18,1,3,0.3333333333333333,0
2639,2144,18,19,0,4,0.0,0
2639,2144,19,20,1,3,0.3333333333333333,0
2639,2144,20,21,1,3,0.3333333333333333,0
2639,2144,21,22,0,4,0.0,0
2639,2144,22,23,0,4,0.0,0
2639,2144,23,24,1,3,0.3333333333333333,0
2639,2144,24,25,1,3,0.3333333333333333,0
2639,2144,25,26,1,3,0.3333333333333333,0
2639,2144,26,27,0,4,0.0,0
2639,2144,27,28,0,4,0.0,0
2639,2144,28,29,0,4,0.0,0
2639,2144,29,30,1,3,0.3333333333333333,0
2639,2144,30,31,1,3,0.3333333333333333,0
2640,2144,0,1,1,3,0.3333333333333333,0
2640,2144,1,2,2,2,1.0,1
2640,2144,2,3,1,3,0.3333333333333333,0
2640,2144,3,4,1,3,0.3333333333333333,0
2640,2144,4,5,1,3,0.3333333333333333,0
2640,2144,5,6,1,3,0.3333333333333333,0
2640,2144,6,7,0,4,0.0,0
2640,2144,7,8,1,3,0.3333333333333333,0
2640,2144,8,9,1,3,0.3333333333333333,0
2640,2144,9,10,0,4,0.0,0
2640,2144,10,11,1,3,0.3333333333333333,0
2640,2144,11,12,2,2,1.0,1
2640,2144,12,13,1,3,0.3333333333333333,0
2640,2144,13,14,0,4,0.0,0
2640,2144,14,15,0,4,0.0,0
2640,2144,15,16,0,4,0.0,0
2640,2144,16,17,0,4,0.0,0
2640,2144,17,18,1,3,0.3333333333333333,0
2640,2144,18,19,1,3,0.3333333333333333,0
2640,2144,19,20,0,4,0.0,0
2640,2144,20,21,0,4,0.0,0
2640,2144,21,22,0,4,0.0,0
2640,2144,22,23,0,4,0.0,0
2640,2144,23,24,0,4,0.0,0
2640,2144,24,25,0,4,0.0,0
2640,2144,25,26,1,3,0.3333333333333333,0
2640,2144,26,27,0,4,0.0,0
2640,2144,27,28,0,4,0.0,0
2640,2144,28,29,0,4,0.0,0
2640,2144,29,30,1,3,0.3333333333333333,0
2640,2144,30,31,1,3,0.3333333333333333,0
2641,2144,0,1,0,4,0.0,0
2641,2144,1,2,0,4,0.0,0
2641,2144,2,3,1,3,0.3333333333333333,0
2641,2144,3,4,0,4,0.0,0
2641,2144,4,5,0,4,0.0,0
2641,2144,5,6,0,4,0.0,0
2641,2144,6,7,1,3,0.3333333333333333,0
2641,2144,7,8,1,3,0.3333333333333333,0
2641,2144,8,9,0,4,0.0,0
2641,2144,9,10,0,4,0.0,0
2641,2144,10,11,0,4,0.0,0
2641,2144,11,12,0,4,0.0,0
2641,2144,12,13,0,4,0.0,0
2641,2144,13,14,0,4,0.0,0
2641,2144,14,15,0,4,0.0,0
2641,2144,15,16,0,4,0.0,0
2641,2144,16,17,1,3,0.3333333333333333,0
2641,2144,17,18,0,4,0.0,0
2641,2144,18,19,0,4,0.0,0
2641,2144,19,20,1,3,0.3333333333333333,0
2641,2144,20,21,1,3,0.3333333333333333,0
2641,2144,21,22,0,4,0.0,0
2641,2144,22,23,1,3,0.3333333333333333,0
2641,2144,23,24,0,4,0.0,0
2641,2144,24,25,0,4,0.0,0
2641,2144,25,26,0,4,0.0,0
2641,2144,26,27,2,2,1.0,1
2641,2144,27,28,1,3,0.3333333333333333,0
2641,2144,28,29,0,4,0.0,0
2641,2144,29,30,1,3,0.3333333333333333,0
2641,2144,30,31,0,4,0.0,0
2642,2144,0,1,1,3,0.3333333333333333,0
2642,2144,1,2,0,4,0.0,0
2642,2144,2,3,0,4,0.0,0
2642,2144,3,4,1,3,0.3333333333333333,0
2642,2144,4,5,0,4,0.0,0
2642,2144,5,6,0,4,0.0,0
2642,2144,6,7,0,4,0.0,0
2642,2144,7,8,1,3,0.3333333333333333,0
2642,2144,8,9,0,4,0.0,0
2642,2144,9,10,1,3,0.3333333333333333,0
2642,2144,10,11,1,3,0.3333333333333333,0
2642,2144,11,12,1,3,0.3333333333333333,0
2642,2144,12,13,0,4,0.0,0
2642,2144,13,14,1,3,0.3333333333333333,0
2642,2144,14,15,2,2,1.0,1
2642,2144,15,16,1,3,0.3333333333333333,0
2642,2144,16,17,1,3,0.3333333333333333,0
2642,2144,17,18,0,4,0.0,0
2642,2144,18,19,1,3,0.3333333333333333,0
2642,2144,19,20,0,4,0.0,0
2642,2144,20,21,0,4,0.0,0
2642,2144,21,22,0,4,0.0,0
2642,2144,22,23,0,4,0.0,0
2642,2144,23,24,0,4,0.0,0
2642,2144,24,25,1,3,0.3333333333333333,0
2642,2144,25,26,0,4,0.0,0
2642,2144,26,27,0,4,0.0,0
2642,2144,27,28,0,4,0.0,0
2642,2144,28,29,1,3,0.3333333333333333,0
2642,2144,29,30,1,3,0.3333333333333333,0
2642,2144,30,31,0,4,0.0,0
2643,2144,0,1,1,3,0.3333333333333333,0
2643,2144,1,2,0,4,0.0,0
2643,2144,2,3,1,3,0.3333333333333333,0
2643,2144,3,4,0,4,0.0,0
2643,2144,4,5,0,4,0.0,0
2643,2144,5,6,0,4,0.0,0
2643,2144,6,7,0,4,0.0,0
2643,2144,7,8,0,4,0.0,0
2643,2144,8,9,0,4,0.0,0
2643,2144,9,10,0,4,0.0,0
2643,2144,10,11,1,3,0.3333333333333333,0
2643,2144,11,12,1,3,0.3333333333333333,0
2643,2144,12,13,1,3,0.3333333333333333,0
2643,2144,13,14,0,4,0.0,0
2643,2144,14,15,0,4,0.0,0
2643,2144,15,16,0,4,0.0,0
2643,2144,16,17,2,2,1.0,1
2643,2144,17,18,0,4,0.0,0
2643,2144,18,19,1,3,0.3333333333333333,0
2643,2144,19,20,1,3,0.3333333333333333,0
2643,2144,20,21,0,4,0.0,0
2643,2144,21,22,1,3,0.3333333333333333,0
2643,2144,22,23,0,4,0.0,0
2643,2144,23,24,0,4,0.0,0
2643,2144,24,25,1,3,0.3333333333333333,0
2643,2144,25,26,0,4,0.0,0
2643,2144,26,27,1,3,0.3333333333333333,0
2643,2144,27,28,0,4,0.0,0
2643,2144,28,29,1,3,0.3333333333333333,0
2643,2144,29,30,0,4,0.0,0
2643,2144,30,31,0,4,0.0,0
2644,2144,0,1,0,4,0.0,0
2644,2144,1,2,1,3,0.3333333333333333,0
2644,2144,2,3,1,3,0.3333333333333333,0
2644,2144,3,4,1,3,0.3333333333333333,0
2644,2144,4,5,1,3,0.3333333333333333,0
2644,2144,5,6,0,4,0.0,0
2644,2144,6,7,1,3,0.3333333333333333,0
2644,2144,7,8,1,3,0.3333333333333333,0
2644,2144,8,9,0,4,0.0,0
2644,2144,9,10,0,4,0.0,0
2644,2144,10,11,0,4,0.0,0
2644,2144,11,12,1,3,0.3333333333333333,0
2644,2144,12,13,0,4,0.0,0
2644,2144,13,14,1,3,0.3333333333333333,0
2644,2144,14,15,1,3,0.3333333333333333,0
2644,2144,15,16,1,3,0.3333333333333333,0
2644,2144,16,17,0,4,0.0,0
2644,2144,17,18,1,3,0.3333333333333333,0
2644,2144,18,19,1,3,0.3333333333333333,0
2644,2144,19,20,1,3,0.3333333333333333,0
2644,2144,20,21,1,3,0.3333333333333333,0
2644,2144,21,22,0,4,0.0,0
2644,2144,22,23,1,3,0.3333333333333333,0
2644,2144,23,24,1,3,0.3333333333333333,0
2644,2144,24,25,0,4,0.0,0
2644,2144,25,26,0,4,0.0,0
2644,2144,26,27,0,4,0.0,0
2644,2144,27,28,0,4,0.0,0
2644,2144,28,29,1,3,0.3333333333333333,0
2644,2144,29,30,0,4,0.0,0
2644,2144,30,31,0,4,0.0,0
2645,2144,0,1,1,3,0.3333333333333333,0
2645,2144,1,2,0,4,0.0,0
2645,2144,2,3,1,3,0.3333333333333333,0
2645,2144,3,4,0,4,0.0,0
2645,2144,4,5,1,3,0.3333333333333333,0
2645,2144,5,6,0,4,0.0,0
2645,2144,6,7,1,3,0.3333333333333333,0
2645,2144,7,8,1,3,0.3333333333333333,0
2645,2144,8,9,0,4,0.0,0
2645,2144,9,10,0,4,0.0,0
2645,2144,10,11,0,4,0.0,0
2645,2144,11,12,0,4,0.0,0
2645,2144,12,13,0,4,0.0,0
2645,2144,13,14,0,4,0.0,0
2645,2144,14,15,1,3,0.3333333333333333,0
2645,2144,15,16,1,3,0.3333333333333333,0
2645,2144,16,17,0,4,0.0,0
2645,2144,17,18,1,3,0.3333333333333333,0
2645,2144,18,19,0,4,0.0,0
2645,2144,19,20,0,4,0.0,0
2645,2144,20,21,1,3,0.3333333333333333,0
2645,2144,21,22,1,3,0.3333333333333333,0
2645,2144,22,23,1,3,0.3333333333333333,0
2645,2144,23,24,0,4,0.0,0
2645,2144,24,25,1,3,0.3333333333333333,0
2645,2144,25,26,1,3,0.3333333333333333,0
2645,2144,26,27,0,4,0.0,0
2645,2144,27,28,1,3,0.3333333333333333,0
2645,2144,28,29,0,4,0.0,0
2645,2144,29,30,0,4,0.0,0
2645,2144,30,31,1,3,0.3333333333333333,0
2646,2144,0,1,0,4,0.0,0
2646,2144,1,2,1,3,0.3333333333333333,0
2646,2144,2,3,1,3,0.3333333333333333,0
2646,2144,3,4,0,4,0.0,0
2646,2144,4,5,0,4,0.0,0
2646,2144,5,6,1,3,0.3333333333333333,0
2646,2144,6,7,1,3,0.3333333333333333,0
2646,2144,7,8,1,3,0.3333333333333333,0
2646,2144,8,9,0,4,0.0,0
2646,2144,9,10,0,4,0.0,0
2646,2144,10,11,1,3,0.3333333333333333,0
2646,2144,11,12,1,3,0.3333333333333333,0
2646,2144,12,13,1,3,0.3333333333333333,0
2646,2144,13,14,1,3,0.3333333333333333,0
2646,2144,14,15,1,3,0.3333333333333333,0
2646,2144,15,16,0,4,0.0,0
2646,2144,16,17,1,3,0.3333333333333333,0
2646,2144,17,18,0,4,0.0,0
2646,2144,18,19,1,3,0.3333333333333333,0
2646,2144,19,20,1,3,0.3333333333333333,0
2646,2144,20,21,0,4,0.0,0
2646,2144,21,22,1,3,0.3333333333333333,0
2646,2144,22,23,1,3,0.3333333333333333,0
2646,2144,23,24,0,4,0.0,0
2646,2144,24,25,1,3,0.3333333333333333,0
2646,2144,25,26,1,3,0.3333333333333333,0
2646,2144,26,27,1,3,0.3333333333333333,0
2646,2144,27,28,0,4,0.0,0
2646,2144,28,29,1,3,0.3333333333333333,0
2646,2144,29,30,0,4,0.0,0
2646,2144,30,31,0,4,0.0,0
2647,2144,0,1,1,3,0.3333333333333333,0
2647,2144,1,2,1,3,0.3333333333333333,0
2647,2144,2,3,1,3,0.3333333333333333,0
2647,2144,3,4,1,3,0.3333333333333333,0
2647,2144,4,5,0,4,0.0,0
2647,2144,5,6,0,4,0.0,0
2647,2144,6,7,1,3,0.3333333333333333,0
2647,2144,7,8,0,4,0.0,0
2647,2144,8,9,1,3,0.3333333333333333,0
2647,2144,9,10,1,3,0.3333333333333333,0
2647,2144,10,11,0,4,0.0,0
2647,2144,11,12,1,3,0.3333333333333333,0
2647,2144,12,13,0,4,0.0,0
2647,2144,13,14,1,3,0.3333333333333333,0
2647,2144,14,15,1,3,0.3333333333333333,0
2647,2144,15,16,1,3,0.3333333333333333,0
2647,2144,16,17,0,4,0.0,0
2647,2144,17,18,0,4,0.0,0
2647,2144,18,19,0,4,0.0,0
2647,2144,19,20,1,3,0.3333333333333333,0
2647,2144,20,21,1,3,0.3333333333333333,0
2647,2144,21,22,0,4,0.0,0
2647,2144,22,23,1,3,0.3333333333333333,0
2647,2144,23,24,1,3,0.3333333333333333,0
2647,2144,24,25,1,3,0.3333333333333333,0
2647,2144,25,26,0,4,0.0,0
2647,2144,26,27,0,4,0.0,0
2647,2144,27,28,0,4,0.0,0
2647,2144,28,29,0,4,0.0,0
2647,2144,29,30,0,4,0.0,0
2647,2144,30,31,0,4,0.0,0
2648,2144,0,1,0,4,0.0,0
2648,2144,1,2,1,3,0.3333333333333333,0
2648,2144,2,3,1,3,0.3333333333333333,0
2648,2144,3,4,0,4,0.0,0
2648,2144,4,5,0,4,0.0,0
2648,2144,5,6,0,4,0.0,0
2648,2144,6,7,0,4,0.0,0
2648,2144,7,8,0,4,0.0,0
2648,2144,8,9,1,3,0.3333333333333333,0
2648,2144,9,10,0,4,0.0,0
2648,2144,10,11,1,3,0.3333333333333333,0
2648,2144,11,12,1,3,0.3333333333333333,0
2648,2144,12,13,1,3,0.3333333333333333,0
2648,2144,13,14,0,4,0.0,0
2648,2144,14,15,1,3,0.3333333333333333,0
2648,2144,15,16,0,4,0.0,0
2648,2144,16,17,0,4,0.0,0
2648,2144,17,18,1,3,0.3333333333333333,0
2648,2144,18,19,1,3,0.3333333333333333,0
2648,2144,19,20,0,4,0.0,0
2648,2144,20,21,0,4,0.0,0
2648,2144,21,22,1,3,0.3333333333333333,0
2648,2144,22,23,1,3,0.3333333333333333,0
2648,2144,23,24,2,2,1.0,1
2648,2144,24,25,0,4,0.0,0
2648,2144,25,26,1,3,0.3333333333333333,0
2648,2144,26,27,0,4,0.0,0
2648,2144,27,28,0,4,0.0,0
2648,2144,28,29,0,4,0.0,0
2648,2144,29,30,1,3,0.3333333333333333,0
2648,2144,30,31,1,3,0.3333333333333333,0
2649,2144,0,1,0,4,0.0,0
2649,2144,1,2,1,3,0.3333333333333333,0
2649,2144,2,3,1,3,0.3333333333333333,0
2649,2144,3,4,1,3,0.3333333333333333,0
2649,2144,4,5,0,4,0.0,0
2649,2144,5,6,1,3,0.3333333333333333,0
2649,2144,6,7,1,3,0.3333333333333333,0
2649,2144,7,8,1,3,0.3333333333333333,0
2649,2144,8,9,0,4,0.0,0
2649,2144,9,10,1,3,0.3333333333333333,0
2649,2144,10,11,0,4,0.0,0
2649,2144,11,12,1,3,0.3333333333333333,0
2649,2144,12,13,0,4,0.0,0
2649,2144,13,14,0,4,0.0,0
2649,2144,14,15,1,3,0.3333333333333333,0
2649,2144,15,16,0,4,0.0,0
2649,2144,16,17,0,4,0.0,0
2649,2144,17,18,2,2,1.0,1
2649,2144,18,19,0,4,0.0,0
2649,2144,19,20,2,2,1.0,1
2649,2144,20,21,1,3,0.3333333333333333,0
2649,2144,21,22,0,4,0.0,0
2649,2144,22,23,0,4,0.0,0
2649,2144,23,24,0,4,0.0,0
2649,2144,24,25,0,4,0.0,0
2649,2144,25,26,1,3,0.3333333333333333,0
2649,2144,26,27,0,4,0.0,0
2649,2144,27,28,0,4,0.0,0
2649,2144,28,29,0,4,0.0,0
2649,2144,29,30,1,3,0.3333333333333333,0
2649,2144,30,31,0,4,0.0,0
2650,2144,0,1,1,3,0.3333333333333333,0
2650,2144,1,2,0,4,0.0,0
2650,2144,2,3,0,4,0.0,0
2650,2144,3,4,0,4,0.0,0
2650,2144,4,5,0,4,0.0,0
2650,2144,5,6,1,3,0.3333333333333333,0
2650,2144,6,7,1,3,0.3333333333333333,0
2650,2144,7,8,1,3,0.3333333333333333,0
2650,2144,8,9,0,4,0.0,0
2650,2144,9,10,1,3,0.3333333333333333,0
2650,2144,10,11,1,3,0.3333333333333333,0
2650,2144,11,12,1,3,0.3333333333333333,0
2650,2144,12,13,0,4,0.0,0
2650,2144,13,14,1,3,0.3333333333333333,0
2650,2144,14,15,2,2,1.0,1
2650,2144,15,16,1,3,0.3333333333333333,0
2650,2144,16,17,0,4,0.0,0
2650,2144,17,18,0,4,0.0,0
2650,2144,18,19,0,4,0.0,0
2650,2144,19,20,1,3,0.3333333333333333,0
2650,2144,20,21,0,4,0.0,0
2650,2144,21,22,0,4,0.0,0
2650,2144,22,23,0,4,0.0,0
2650,2144,23,24,0,4,0.0,0
2650,2144,24,25,0,4,0.0,0
2650,2144,25,26,1,3,0.3333333333333333,0
2650,2144,26,27,1,3,0.3333333333333333,0
2650,2144,27,28,0,4,0.0,0
2650,2144,28,29,1,3,0.3333333333333333,0
2650,2144,29,30,1,3,0.3333333333333333,0
2650,2144,30,31,0,4,0.0,0
2651,2144,0,1,1,3,0.3333333333333333,0
2651,2144,1,2,0,4,0.0,0
2651,2144,2,3,0,4,0.0,0
2651,2144,3,4,0,4,0.0,0
2651,2144,4,5,0,4,0.0,0
2651,2144,5,6,1,3,0.3333333333333333,0
2651,2144,6,7,0,4,0.0,0
2651,2144,7,8,0,4,0.0,0
2651,2144,8,9,1,3,0.3333333333333333,0
2651,2144,9,10,0,4,0.0,0
2651,2144,10,11,0,4,0.0,0
2651,2144,11,12,0,4,0.0,0
2651,2144,12,13,2,2,1.0,1
2651,2144,13,14,0,4,0.0,0
2651,2144,14,15,1,3,0.3333333333333333,0
2651,2144,15,16,0,4,0.0,0
2651,2144,16,17,0,4,0.0,0
2651,2144,17,18,1,3,0.3333333333333333,0
2651,2144,18,19,0,4,0.0,0
2651,2144,19,20,0,4,0.0,0
2651,2144,20,21,1,3,0.3333333333333333,0
2651,2144,21,22,0,4,0.0,0
2651,2144,22,23,0,4,0.0,0
2651,2144,23,24,1,3,0.3333333333333333,0
2651,2144,24,25,0,4,0.0,0
2651,2144,25,26,0,4,0.0,0
2651,2144,26,27,0,4,0.0,0
2651,2144,27,28,1,3,0.3333333333333333,0
2651,2144,28,29,1,3,0.3333333333333333,0
2651,2144,29,30,1,3,0.3333333333333333,0
2651,2144,30,31,1,3,0.3333333333333333,0
2652,2144,0,1,1,3,0.3333333333333333,0
2652,2144,1,2,1,3,0.3333333333333333,0
2652,2144,2,3,2,2,1.0,1
2652,2144,3,4,1,3,0.3333333333333333,0
2652,2144,4,5,0,4,0.0,0
2652,2144,5,6,1,3,0.3333333333333333,0
2652,2144,6,7,0,4,0.0,0
2652,2144,7,8,0,4,0.0,0
2652,2144,8,9,1,3,0.3333333333333333,0
2652,2144,9,10,1,3,0.3333333333333333,0
2652,2144,10,11,1,3,0.3333333333333333,0
2652,2144,11,12,0,4,0.0,0
2652,2144,12,13,0,4,0.0,0
2652,2144,13,14,0,4,0.0,0
2652,2144,14,15,0,4,0.0,0
2652,2144,15,16,0,4,0.0,0
2652,2144,16,17,0,4,0.0,0
2652,2144,17,18,1,3,0.3333333333333333,0
2652,2144,18,19,1,3,0.3333333333333333,0
2652,2144,19,20,0,4,0.0,0
2652,2144,20,21,1,3,0.3333333333333333,0
2652,2144,21,22,0,4,0.0,0
2652,2144,22,23,0,4,0.0,0
2652,2144,23,24,1,3,0.3333333333333333,0
2652,2144,24,25,1,3,0.3333333333333333,0
2652,2144,25,26,1,3,0.3333333333333333,0
2652,2144,26,27,0,4,0.0,0
2652,2144,27,28,1,3,0.3333333333333333,0
2652,2144,28,29,0,4,0.0,0
2652,2144,29,30,1,3,0.3333333333333333,0
2652,2144,30,31,1,3,0.3333333333333333,0
2653,2144,0,1,0,4,0.0,0
2653,2144,1,2,1,3,0.3333333333333333,0
2653,2144,2,3,0,4,0.0,0
2653,2144,3,4,0,4,0.0,0
2653,2144,4,5,0,4,0.0,0
2653,2144,5,6,1,3,0.3333333333333333,0
2653,2144,6,7,0,4,0.0,0
2653,2144,7,8,1,3,0.3333333333333333,0
2653,2144,8,9,0,4,0.0,0
2653,2144,9,10,0,4,0.0,0
2653,2144,10,11,1,3,0.3333333333333333,0
2653,2144,11,12,1,3,0.3333333333333333,0
2653,2144,12,13,0,4,0.0,0
2653,2144,13,14,0,4,0.0,0
2653,2144,14,15,0,4,0.0,0
2653,2144,15,16,1,3,0.3333333333333333,0
2653,2144,16,17,0,4,0.0,0
2653,2144,17,18,1,3,0.3333333333333333,0
2653,2144,18,19,1,3,0.3333333333333333,0
2653,2144,19,20,1,3,0.3333333333333333,0
2653,2144,20,21,0,4,0.0,0
2653,2144,21,22,0,4,0.0,0
2653,2144,22,23,0,4,0.0,0
2653,2144,23,24,0,4,0.0,0
2653,2144,24,25,0,4,0.0,0
2653,2144,25,26,1,3,0.3333333333333333,0
2653,2144,26,27,0,4,0.0,0
2653,2144,27,28,0,4,0.0,0
2653,2144,28,29,1,3,0.3333333333333333,0
2653,2144,29,30,0,4,0.0,0
2653,2144,30,31,1,3,0.3333333333333333,0
2654,2144,0,1,0,4,0.0,0
2654,2144,1,2,0,4,0.0,0
2654,2144,2,3,1,3,0.3333333333333333,0
2654,2144,3,4,0,4,0.0,0
2654,2144,4,5,0,4,0.0,0
2654,2144,5,6,1,3,0.3333333333333333,0
2654,2144,6,7,0,4,0.0,0
2654,2144,7,8,0,4,0.0,0
2654,2144,8,9,0,4,0.0,0
2654,2144,9,10,1,3,0.3333333333333333,0
2654,2144,10,11,0,4,0.0,0
2654,2144,11,12,1,3,0.3333333333333333,0
2654,2144,12,13,1,3,0.3333333333333333,0
2654,2144,13,14,0,4,0.0,0
2654,2144,14,15,0,4,0.0,0
2654,2144,15,16,1,3,0.3333333333333333,0
2654,2144,16,17,0,4,0.0,0
2654,2144,17,18,0,4,0.0,0
2654,2144,18,19,1,3,0.3333333333333333,0
2654,2144,19,20,0,4,0.0,0
2654,2144,20,21,0,4,0.0,0
2654,2144,21,22,0,4,0.0,0
2654,2144,22,23,0,4,0.0,0
2654,2144,23,24,0,4,0.0,0
2654,2144,24,25,1,3,0.3333333333333333,0
2654,2144,25,26,0,4,0.0,0
2654,2144,26,27,1,3,0.3333333333333333,0
2654,2144,27,28,1,3,0.3333333333333333,0
2654,2144,28,29,0,4,0.0,0
2654,2144,29,30,1,3,0.3333333333333333,0
2654,2144,30,31,1,3,0.3333333333333333,0
2655,2144,0,1,1,3,0.3333333333333333,0
2655,2144,1,2,0,4,0.0,0
2655,2144,2,3,0,4,0.0,0
2655,2144,3,4,0,4,0.0,0
2655,2144,4,5,0,4,0.0,0
2655,2144,5,6,1,3,0.3333333333333333,0
2655,2144,6,7,0,4,0.0,0
2655,2144,7,8,0,4,0.0,0
2655,2144,8,9,0,4,0.0,0
2655,2144,9,10,0,4,0.0,0
2655,2144,10,11,1,3,0.3333333333333333,0
2655,2144,11,12,0,4,0.0,0
2655,2144,12,13,0,4,0.0,0
2655,2144,13,14,0,4,0.0,0
2655,2144,14,15,0,4,0.0,0
2655,2144,15,16,0,4,0.0,0
2655,2144,16,17,1,3,0.3333333333333333,0
2655,2144,17,18,0,4,0.0,0
2655,2144,18,19,1,3,0.3333333333333333,0
2655,2144,19,20,0,4,0.0,0
2655,2144,20,21,1,3,0.3333333333333333,0
2655,2144,21,22,0,4,0.0,0
2655,2144,22,23,1,3,0.3333333333333333,0
2655,2144,23,24,0,4,0.0,0
2655,2144,24,25,0,4,0.0,0
2655,2144,25,26,0,4,0.0,0
2655,2144,26,27,0,4,0.0,0
2655,2144,27,28,0,4,0.0,0
2655,2144,28,29,0,4,0.0,0
2655,2144,29,30,0,4,0.0,0
2655,2144,30,31,2,2,1.0,1
2624,2145,0,1,0,4,0.0,0
2624,2145,1,2,0,4,0.0,0
2624,2145,2,3,0,4,0.0,0
2624,2145,3,4,1,3,0.3333333333333333,0
2624,2145,4,5,1,3,0.3333333333333333,0
2624,2145,5,6,1,3,0.3333333333333333,0
2624,2145,6,7,0,4,0.0,0
2624,2145,7,8,0,4,0.0,0
2624,2145,8,9,1,3,0.3333333333333333,0
2624,2145,9,10,0,4,0.0,0
2624,2145,10,11,0,4,0.0,0
2624,2145,11,12,0,4,0.0,0
2624,2145,12,13,1,3,0.3333333333333333,0
2624,2145,13,14,1,3,0.3333333333333333,0
2624,2145,14,15,1,3,0.3333333333333333,0
2624,2145,15,16,1,3,0.3333333333333333,0
2624,2145,16,17,0,4,0.0,0
2624,2145,17,18,0,4,0.0,0
2624,2145,18,19,1,3,0.3333333333333333,0
2624,2145,19,20,0,4,0.0,0
2624,2145,20,21,1,3,0.3333333333333333,0
2624,2145,21,22,1,3,0.3333333333333333,0
2624,2145,22,23,0,4,0.0,0
2624,2145,23,24,1,3,0.3333333333333333,0
2624,2145,24,25,0,4,0.0,0
2624,2145,25,26,0,4,0.0,0
2624,2145,26,27,1,3,0.3333333333333333,0
2624,2145,27,28,0,4,0.0,0
2624,2145,28,29,1,3,0.3333333333333333,0
2624,2145,29,30,0,4,0.0,0
2624,2145,30,31,0,4,0.0,0
2625,2145,0,1,0,4,0.0,0
2625,2145,1,2,0,4,0.0,0
2625,2145,2,3,1,3,0.3333333333333333,0
2625,2145,3,4,0,4,0.0,0
2625,2145,4,5,0,4,0.0,0
2625,2145,5,6,1,3,0.3333333333333333,0
2625,2145,6,7,0,4,0.0,0
2625,2145,7,8,0,4,0.0,0
2625,2145,8,9,0,4,0.0,0
2625,2145,9,10,2,2,1.0,1
2625,2145,10,11,0,4,0.0,0
2625,2145,11,12,0,4,0.0,0
2625,2145,12,13,0,4,0.0,0
2625,2145,13,14,0,4,0.0,0
2625,2145,14,15,0,4,0.0,0
2625,2145,15,16,0,4,0.0,0
2625,2145,16,17,1,3,0.3333333333333333,0
2625,2145,17,18,0,4,0.0,0
2625,2145,18,19,0,4,0.0,0
2625,2145,19,20,1,3,0.3333333333333333,0
2625,2145,20,21,1,3,0.3333333333333333,0
2625,2145,21,22,1,3,0.3333333333333333,0
2625,2145,22,23,0,4,0.0,0
2625,2145,23,24,0,4,0.0,0
2625,2145,24,25,0,4,0.0,0
2625,2145,25,26,0,4,0.0,0
2625,2145,26,27,0,4,0.0,0
2625,2145,27,28,0,4,0.0,0
2625,2145,28,29,1,3,0.3333333333333333,0
2625,2145,29,30,1,3,0.3333333333333333,0
2625,2145,30,31,0,4,0.0,0
2626,2145,0,1,0,4,0.0,0
2626,2145,1,2,1,3,0.3333333333333333,0
2626,2145,2,3,1,3,0.3333333333333333,0
2626,2145,3,4,2,2,1.0,1
2626,2145,4,5,1,3,0.3333333333333333,0
2626,2145,5,6,0,4,0.0,0
2626,2145,6,7,0,4,0.0,0
2626,2145,7,8,0,4,0.0,0
2626,2145,8,9,0,4,0.0,0
2626,2145,9,10,0,4,0.0,0
2626,2145,10,11,0,4,0.0,0
2626,2145,11,12,0,4,0.0,0
2626,2145,12,13,1,3,0.3333333333333333,0
2626,2145,13,14,0,4,0.0,0
2626,2145,14,15,1,3,0.3333333333333333,0
2626,2145,15,16,1,3,0.3333333333333333,0
2626,2145,16,17,1,3,0.3333333333333333,0
2626,2145,17,18,0,4,0.0,0
2626,2145,18,19,0,4,0.0,0
2626,2145,19,20,0,4,0.0,0
2626,2145,20,21,1,3,0.3333333333333333,0
2626,2145,21,22,0,4,0.0,0
2626,2145,22,23,1,3,0.3333333333333333,0
2626,2145,23,24,0,4,0.0,0
2626,2145,24,25,0,4,0.0,0
2626,2145,25,26,0,4,0.0,0
2626,2145,26,27,0,4,0.0,0
2626,2145,27,28,1,3,0.3333333333333333,0
2626,2145,28,29,0,4,0.0,0
2626,2145,29,30,0,4,0.0,0
2626,2145,30,31,0,4,0.0,0
2627,2145,0,1,1,3,0.3333333333333333,0
2627,2145,1,2,1,3,0.3333333333333333,0
2627,2145,2,3,0,4,0.0,0
2627,2145,3,4,1,3,0.3333333333333333,0
2627,2145,4,5,0,4,0.0,0
2627,2145,5,6,0,4,0.0,0
2627,2145,6,7,2,2,1.0,1
2627,2145,7,8,0,4,0.0,0
2627,2145,8,9,0,4,0.0,0
2627,2145,9,10,1,3,0.3333333333333333,0
2627,2145,10,11,0,4,0.0,0
2627,2145,11,12,1,3,0.3333333333333333,0
2627,2145,12,13,1,3,0.3333333333333333,0
2627,2145,13,14,2,2,1.0,1
2627,2145,14,15,0,4,0.0,0
2627,2145,15,16,0,4,0.0,0
2627,2145,16,17,0,4,0.0,0
2627,2145,17,18,1,3,0.3333333333333333,0
2627,2145,18,19,1,3,0.3333333333333333,0
2627,2145,19,20,0,4,0.0,0
2627,2145,20,21,0,4,0.0,0
2627,2145,21,22,0,4,0.0,0
2627,2145,22,23,0,4,0.0,0
2627,2145,23,24,1,3,0.3333333333333333,0
2627,2145,24,25,1,3,0.3333333333333333,0
2627,2145,25,26,1,3,0.3333333333333333,0
2627,2145,26,27,1,3,0.3333333333333333,0
2627,2145,27,28,0,4,0.0,0
2627,2145,28,29,1,3,0.3333333333333333,0
2627,2145,29,30,0,4,0.0,0
2627,2145,30,31,0,4,0.0,0
2628,2145,0,1,1,3,0.3333333333333333,0
2628,2145,1,2,1,3,0.3333333333333333,0
2628,2145,2,3,0,4,0.0,0
2628,2145,3,4,0,4,0.0,0
2628,2145,4,5,1,3,0.3333333333333333,0
2628,2145,5,6,1,3,0.3333333333333333,0
2628,2145,6,7,0,4,0.0,0
2628,2145,7,8,0,4,0.0,0
2628,2145,8,9,1,3,0.3333333333333333,0
2628,2145,9,10,0,4,0.0,0
2628,2145,10,11,0,4,0.0,0
2628,2145,11,12,1,3,0.3333333333333333,0
2628,2145,12,13,0,4,0.0,0
2628,2145,13,14,1,3,0.3333333333333333,0
2628,2145,14,15,0,4,0.0,0
2628,2145,15,16,1,3,0.3333333333333333,0
2628,2145,16,17,0,4,0.0,0
2628,2145,17,18,1,3,0.3333333333333333,0
2628,2145,18,19,0,4,0.0,0
2628,2145,19,20,0,4,0.0,0
2628,2145,20,21,0,4,0.0,0
2628,2145,21,22,0,4,0.0,0
2628,2145,22,23,0,4,0.0,0
2628,2145,23,24,0,4,0.0,0
2628,2145,24,25,0,4,0.0,0
2628,2145,25,26,1,3,0.3333333333333333,0
2628,2145,26,27,0,4,0.0,0
2628,2145,27,28,1,3,0.3333333333333333,0
2628,2145,28,29,0,4,0.0,0
2628,2145,29,30,1,3,0.3333333333333333,0
2628,2145,30,31,0,4,0.0,0
2629,2145,0,1,1,3,0.3333333333333333,0
2629,2145,1,2,0,4,0.0,0
2629,2145,2,3,1,3,0.3333333333333333,0
2629,2145,3,4,0,4,0.0,0
2629,2145,4,5,1,3,0.3333333333333333,0
2629,2145,5,6,0,4,0.0,0
2629,2145,6,7,1,3,0.3333333333333333,0
2629,2145,7,8,0,4,0.0,0
2629,2145,8,9,0,4,0.0,0
2629,2145,9,10,1,3,0.3333333333333333,0
2629,2145,10,11,1,3,0.3333333333333333,0
2629,2145,11,12,1,3,0.3333333333333333,0
2629,2145,12,13,1,3,0.3333333333333333,0
2629,2145,13,14,1,3,0.3333333333333333,0
2629,2145,14,15,0,4,0.0,0
2629,2145,15,16,1,3,0.3333333333333333,0
2629,2145,16,17,0,4,0.0,0
2629,2145,17,18,1,3,0.3333333333333333,0
2629,2145,18,19,1,3,0.3333333333333333,0
2629,2145,19,20,0,4,0.0,0
2629,2145,20,21,1,3,0.3333333333333333,0
2629,2145,21,22,0,4,0.0,0
2629,2145,22,23,1,3,0.3333333333333333,0
2629,2145,23,24,1,3,0.3333333333333333,0
2629,2145,24,25,0,4,0.0,0
2629,2145,25,26,1,3,0.3333333333333333,0
2629,2145,26,27,0,4,0.0,0
2629,2145,27,28,0,4,0.0,0
2629,2145,28,29,0,4,0.0,0
2629,2145,29,30,1,3,0.3333333333333333,0
2629,2145,30,31,1,3,0.3333333333333333,0
2630,2145,0,1,0,4,0.0,0
2630,2145,1,2,0,4,0.0,0
2630,2145,2,3,1,3,0.3333333333333333,0
2630,2145,3,4,0,4,0.0,0
2630,2145,4,5,0,4,0.0,0
2630,2145,5,6,1,3,0.3333333333333333,0
2630,2145,6,7,0,4,0.0,0
2630,2145,7,8,0,4,0.0,0
2630,2145,8,9,0,4,0.0,0
2630,2145,9,10,1,3,0.3333333333333333,0
2630,2145,10,11,1,3,0.3333333333333333,0
2630,2145,11,12,0,4,0.0,0
2630,2145,12,13,0,4,0.0,0
2630,2145,13,14,0,4,0.0,0
2630,2145,14,15,0,4,0.0,0
2630,2145,15,16,0,4,0.0,0
2630,2145,16,17,0,4,0.0,0
2630,2145,17,18,0,4,0.0,0
2630,2145,18,19,0,4,0.0,0
2630,2145,19,20,0,4,0.0,0
2630,2145,20,21,1,3,0.3333333333333333,0
2630,2145,21,22,0,4,0.0,0
2630,2145,22,23,1,3,0.3333333333333333,0
2630,2145,23,24,0,4,0.0,0
2630,2145,24,25,1,3,0.3333333333333333,0
2630,2145,25,26,0,4,0.0,0
2630,2145,26,27,1,3,0.3333333333333333,0
2630,2145,27,28,1,3,0.3333333333333333,0
2630,2145,28,29,0,4,0.0,0
2630,2145,29,30,0,4,0.0,0
2630,2145,30,31,0,4,0.0,0
2631,2145,0,1,0,4,0.0,0
2631,2145,1,2,1,3,0.3333333333333333,0
2631,2145,2,3,0,4,0.0,0
2631,2145,3,4,0,4,0.0,0
2631,2145,4,5,0,4,0.0,0
2631,2145,5,6,1,3,0.3333333333333333,0
2631,2145,6,7,0,4,0.0,0
2631,2145,7,8,0,4,0.0,0
2631,2145,8,9,0,4,0.0,0
2631,2145,9,10,0,4,0.0,0
2631,2145,10,11,0,4,0.0,0
2631,2145,11,12,1,3,0.3333333333333333,0
2631,2145,12,13,0,4,0.0,0
2631,2145,13,14,1,3,0.3333333333333333,0
2631,2145,14,15,1,3,0.3333333333333333,0
2631,2145,15,16,0,4,0.0,0
2631,2145,16,17,2,2,1.0,1
2631,2145,17,18,1,3,0.3333333333333333,0
2631,2145,18,19,0,4,0.0,0
2631,2145,19,20,0,4,0.0,0
2631,2145,20,21,0,4,0.0,0
2631,2145,21,22,1,3,0.3333333333333333,0
2631,2145,22,23,0,4,0.0,0
2631,2145,23,24,1,3,0.3333333333333333,0
2631,2145,24,25,0,4,0.0,0
2631,2145,25,26,1,3,0.3333333333333333,0
2631,2145,26,27,1,3,0.3333333333333333,0
2631,2145,27,28,1,3,0.3333333333333333,0
2631,2145,28,29,0,4,0.0,0
2631,2145,29,30,0,4,0.0,0
2631,2145,30,31,0,4,0.0,0
2632,2145,0,1,1,3,0.3333333333333333,0
2632,2145,1,2,1,3,0.3333333333333333,0
2632,2145,2,3,1,3,0.3333333333333333,0
2632,2145,3,4,0,4,0.0,0
2632,2145,4,5,1,3,0.3333333333333333,0
2632,2145,5,6,1,3,0.3333333333333333,0
2632,2145,6,7,0,4,0.0,0
2632,2145,7,8,1,3,0.3333333333333333,0
2632,2145,8,9,0,4,0.0,0
2632,2145,9,10,0,4,0.0,0
2632,2145,10,11,1,3,0.3333333333333333,0
2632,2145,11,12,0,4,0.0,0
2632,2145,12,13,0,4,0.0,0
2632,2145,13,14,0,4,0.0,0
2632,2145,14,15,0,4,0.0,0
2632,2145,15,16,1,3,0.3333333333333333,0
2632,2145,16,17,0,4,0.0,0
2632,2145,17,18,0,4,0.0,0
2632,2145,18,19,1,3,0.3333333333333333,0
2632,2145,19,20,0,4,0.0,0
2632,2145,20,21,1,3,0.3333333333333333,0
2632,2145,21,22,0,4,0.0,0
2632,2145,22,23,0,4,0.0,0
2632,2145,23,24,0,4,0.0,0
2632,2145,24,25,0,4,0.0,0
2632,2145,25,26,0,4,0.0,0
2632,2145,26,27,0,4,0.0,0
2632,2145,27,28,0,4,0.0,0
2632,2145,28,29,1,3,0.3333333333333333,0
2632,2145,29,30,1,3,0.3333333333333333,0
2632,2145,30,31,1,3,0.3333333333333333,0
2633,2145,0,1,1,3,0.3333333333333333,0
2633,2145,1,2,1,3,0.3333333333333333,0
2633,2145,2,3,0,4,0.0,0
2633,2145,3,4,0,4,0.0,0
2633,2145,4,5,1,3,0.3333333333333333,0
2633,2145,5,6,2,2,1.0,1
2633,2145,6,7,0,4,0.0,0
2633,2145,7,8,2,2,1.0,1
2633,2145,8,9,1,3,0.3333333333333333,0
2633,2145,9,10,1,3,0.3333333333333333,0
2633,2145,10,11,1,3,0.3333333333333333,0
2633,2145,11,12,1,3,0.3333333333333333,0
2633,2145,12,13,1,3,0.3333333333333333,0
2633,2145,13,14,0,4,0.0,0
2633,2145,14,15,0,4,0.0,0
2633,2145,15,16,1,3,0.3333333333333333,0
2633,2145,16,17,0,4,0.0,0
2633,2145,17,18,1,3,0.3333333333333333,0
2633,2145,18,19,0,4,0.0,0
2633,2145,19,20,0,4,0.0,0
2633,2145,20,21,0,4,0.0,0
2633,2145,21,22,1,3,0.3333333333333333,0
2633,2145,22,23,1,3,0.3333333333333333,0
2633,2145,23,24,0,4,0.0,0
2633,2145,24,25,0,4,0.0,0
2633,2145,25,26,1,3,0.3333333333333333,0
2633,2145,26,27,1,3,0.3333333333333333,0
2633,2145,27,28,0,4,0.0,0
2633,2145,28,29,2,2,1.0,1
2633,2145,29,30,0,4,0.0,0
2633,2145,30,31,1,3,0.3333333333333333,0
2634,2145,0,1,0,4,0.0,0
2634,2145,1,2,0,4,0.0,0
2634,2145,2,3,0,4,0.0,0
2634,2145,3,4,0,4,0.0,0
2634,2145,4,5,0,4,0.0,0
2634,2145,5,6,0,4,0.0,0
2634,2145,6,7,0,4,0.0,0
2634,2145,7,8,1,3,0.3333333333333333,0
2634,2145,8,9,0,4,0.0,0
2634,2145,9,10,0,4,0.0,0
2634,2145,10,11,0,4,0.0,0
2634,2145,11,12,1,3,0.3333333333333333,0
2634,2145,12,13,0,4,0.0,0
2634,2145,13,14,1,3,0.3333333333333333,0
2634,2145,14,15,1,3,0.3333333333333333,0
2634,2145,15,16,1,3,0.3333333333333333,0
2634,2145,16,17,2,2,1.0,1
2634,2145,17,18,1,3,0.3333333333333333,0
2634,2145,18,19,1,3,0.3333333333333333,0
2634,2145,19,20,1,3,0.3333333333333333,0
2634,2145,20,21,0,4,0.0,0
2634,2145,21,22,0,4,0.0,0
2634,2145,22,23,2,2,1.0,1
2634,2145,23,24,0,4,0.0,0
2634,2145,24,25,0,4,0.0,0
2634,2145,25,26,1,3,0.3333333333333333,0
2634,2145,26,27,2,2,1.0,1
2634,2145,27,28,0,4,0.0,0
2634,2145,28,29,0,4,0.0,0
2634,2145,29,30,0,4,0.0,0
2634,2145,30,31,1,3,0.3333333333333333,0
2635,2145,0,1,0,4,0.0,0
2635,2145,1,2,1,3,0.3333333333333333,0
2635,2145,2,3,1,3,0.3333333333333333,0
2635,2145,3,4,1,3,0.3333333333333333,0
2635,2145,4,5,1,3,0.3333333333333333,0
2635,2145,5,6,0,4,0.0,0
2635,2145,6,7,1,3,0.3333333333333333,0
2635,2145,7,8,0,4,0.0,0
2635,2145,8,9,0,4,0.0,0
2635,2145,9,10,1,3,0.3333333333333333,0
2635,2145,10,11,1,3,0.3333333333333333,0
2635,2145,11,12,0,4,0.0,0
2635,2145,12,13,0,4,0.0,0
2635,2145,13,14,1,3,0.3333333333333333,0
2635,2145,14,15,0,4,0.0,0
2635,2145,15,16,0,4,0.0,0
2635,2145,16,17,1,3,0.3333333333333333,0
2635,2145,17,18,1,3,0.3333333333333333,0
2635,2145,18,19,0,4,0.0,0
2635,2145,19,20,1,3,0.3333333333333333,0
2635,2145,20,21,1,3,0.3333333333333333,0
2635,2145,21,22,1,3,0.3333333333333333,0
2635,2145,22,23,1,3,0.3333333333333333,0
2635,2145,23,24,0,4,0.0,0
2635,2145,24,25,1,3,0.3333333333333333,0
2635,2145,25,26,0,4,0.0,0
2635,2145,26,27,2,2,1.0,1
2635,2145,27,28,1,3,0.3333333333333333,0
2635,2145,28,29,1,3,0.3333333333333333,0
2635,2145,29,30,0,4,0.0,0
2635,2145,30,31,0,4,0.0,0
2636,2145,0,1,2,2,1.0,1
2636,2145,1,2,0,4,0.0,0
2636,2145,2,3,1,3,0.3333333333333333,0
2636,2145,3,4,0,4,0.0,0
2636,2145,4,5,0,4,0.0,0
2636,2145,5,6,1,3,0.3333333333333333,0
2636,2145,6,7,0,4,0.0,0
2636,2145,7,8,0,4,0.0,0
2636,2145,8,9,1,3,0.3333333333333333,0
2636,2145,9,10,1,3,0.3333333333333333,0
2636,2145,10,11,0,4,0.0,0
2636,2145,11,12,0,4,0.0,0
2636,2145,12,13,0,4,0.0,0
2636,2145,13,14,1,3,0.3333333333333333,0
2636,2145,14,15,0,4,0.0,0
2636,2145,15,16,0,4,0.0,0
2636,2145,16,17,1,3,0.3333333333333333,0
2636,2145,17,18,0,4,0.0,0
2636,2145,18,19,0,4,0.0,0
2636,2145,19,20,0,4,0.0,0
2636,2145,20,21,1,3,0.3333333333333333,0
2636,2145,21,22,0,4,0.0,0
2636,2145,22,23,0,4,0.0,0
2636,2145,23,24,0,4,0.0,0
2636,2145,24,25,1,3,0.3333333333333333,0
2636,2145,25,26,0,4,0.0,0
2636,2145,26,27,1,3,0.3333333333333333,0
2636,2145,27,28,1,3,0.3333333333333333,0
2636,2145,28,29,1,3,0.3333333333333333,0
2636,2145,29,30,0,4,0.0,0
2636,2145,30,31,0,4,0.0,0
2637,2145,0,1,1,3,0.3333333333333333,0
2637,2145,1,2,0,4,0.0,0
2637,2145,2,3,0,4,0.0,0
2637,2145,3,4,1,3,0.3333333333333333,0
2637,2145,4,5,1,3,0.3333333333333333,0
2637,2145,5,6,0,4,0.0,0
2637,2145,6,7,0,4,0.0,0
2637,2145,7,8,1,3,0.3333333333333333,0
2637,2145,8,9,0,4,0.0,0
2637,2145,9,10,0,4,0.0,0
2637,2145,10,11,1,3,0.3333333333333333,0
2637,2145,11,12,0,4,0.0,0
2637,2145,12,13,1,3,0.3333333333333333,0
2637,2145,13,14,1,3,0.3333333333333333,0
2637,2145,14,15,1,3,0.3333333333333333,0
2637,2145,15,16,2,2,1.0,1
2637,2145,16,17,1,3,0.3333333333333333,0
2637,2145,17,18,0,4,0.0,0
2637,2145,18,19,0,4,0.0,0
2637,2145,19,20,0,4,0.0,0
2637,2145,20,21,0,4,0.0,0
2637,2145,21,22,0,4,0.0,0
2637,2145,22,23,1,3,0.3333333333333333,0
2637,2145,23,24,1,3,0.3333333333333333,0
2637,2145,24,25,1,3,0.3333333333333333,0
2637,2145,25,26,1,3,0.3333333333333333,0
2637,2145,26,27,1,3,0.3333333333333333,0
2637,2145,27,28,0,4,0.0,0
2637,2145,28,29,0,4,0.0,0
2637,2145,29,30,0,4,0.0,0
2637,2145,30,31,0,4,0.0,0
2638,2145,0,1,0,4,0.0,0
2638,2145,1,2,1,3,0.3333333333333333,0
2638,2145,2,3,0,4,0.0,0
2638,2145,3,4,1,3,0.3333333333333333,0
2638,2145,4,5,1,3,0.3333333333333333,0
2638,2145,5,6,0,4,0.0,0
2638,2145,6,7,1,3,0.3333333333333333,0
2638,2145,7,8,0,4,0.0,0
2638,2145,8,9,1,3,0.3333333333333333,0
2638,2145,9,10,0,4,0.0,0
2638,2145,10,11,1,3,0.3333333333333333,0
2638,2145,11,12,0,4,0.0,0
2638,2145,12,13,1,3,0.3333333333333333,0
2638,2145,13,14,1,3,0.3333333333333333,0
2638,2145,14,15,1,3,0.3333333333333333,0
2638,2145,15,16,0,4,0.0,0
2638,2145,16,17,1,3,0.3333333333333333,0
2638,2145,17,18,1,3,0.3333333333333333,0
2638,2145,18,19,0,4,0.0,0
2638,2145,19,20,0,4,0.0,0
2638,2145,20,21,1,3,0.3333333333333333,0
2638,2145,21,22,0,4,0.0,0
2638,2145,22,23,0,4,0.0,0
2638,2145,23,24,1,3,0.3333333333333333,0
2638,2145,24,25,0,4,0.0,0
2638,2145,25,26,0,4,0.0,0
2638,2145,26,27,1,3,0.3333333333333333,0
2638,2145,27,28,1,3,0.3333333333333333,0
2638,2145,28,29,1,3,0.3333333333333333,0
2638,2145,29,30,1,3,0.3333333333333333,0
2638,2145,30,31,1,3,0.3333333333333333,0
2639,2145,0,1,0,4,0.0,0
2639,2145,1,2,1,3,0.3333333333333333,0
2639,2145,2,3,0,4,0.0,0
2639,2145,3,4,1,3,0.3333333333333333,0
2639,2145,4,5,0,4,0.0,0
2639,2145,5,6,0,4,0.0,0
2639,2145,6,7,0,4,0.0,0
2639,2145,7,8,1,3,0.3333333333333333,0
2639,2145,8,9,1,3,0.3333333333333333,0
2639,2145,9,10,0,4,0.0,0
2639,2145,10,11,0,4,0.0,0
2639,2145,11,12,1,3,0.3333333333333333,0
2639,2145,12,13,0,4,0.0,0
2639,2145,13,14,1,3,0.3333333333333333,0
2639,2145,14,15,0,4,0.0,0
2639,2145,15,16,1,3,0.3333333333333333,0
2639,2145,16,17,0,4,0.0,0
2639,2145,17,18,0,4,0.0,0
2639,2145,18,19,0,4,0.0,0
2639,2145,19,20,0,4,0.0,0
2639,2145,20,21,1,3,0.3333333333333333,0
2639,2145,21,22,0,4,0.0,0
2639,2145,22,23,1,3,0.3333333333333333,0
2639,2145,23,24,1,3,0.3333333333333333,0
2639,2145,24,25,0,4,0.0,0
2639,2145,25,26,0,4,0.0,0
2639,2145,26,27,0,4,0.0,0
2639,2145,27,28,1,3,0.3333333333333333,0
2639,2145,28,29,0,4,0.0,0
2639,2145,29,30,1,3,0.3333333333333333,0
2639,2145,30,31,0,4,0.0,0
2640,2145,0,1,1,3,0.3333333333333333,0
2640,2145,1,2,0,4,0.0,0
2640,2145,2,3,0,4,0.0,0
2640,2145,3,4,1,3,0.3333333333333333,0
2640,2145,4,5,1,3,0.3333333333333333,0
2640,2145,5,6,0,4,0.0,0
2640,2145,6,7,0,4,0.0,0
2640,2145,7,8,1,3,0.3333333333333333,0
2640,2145,8,9,0,4,0.0,0
2640,2145,9,10,1,3,0.3333333333333333,0
2640,2145,10,11,1,3,0.3333333333333333,0
2640,2145,11,12,1,3,0.3333333333333333,0
2640,2145,12,13,1,3,0.3333333333333333,0
2640,2145,13,14,0,4,0.0,0
2640,2145,14,15,0,4,0.0,0
2640,2145,15,16,0,4,0.0,0
2640,2145,16,17,0,4,0.0,0
2640,2145,17,18,1,3,0.3333333333333333,0
2640,2145,18,19,1,3,0.3333333333333333,0
2640,2145,19,20,1,3,0.3333333333333333,0
2640,2145,20,21,0,4,0.0,0
2640,2145,21,22,1,3,0.3333333333333333,0
2640,2145,22,23,1,3,0.3333333333333333,0
2640,2145,23,24,0,4,0.0,0
2640,2145,24,25,0,4,0.0,0
2640,2145,25,26,1,3,0.3333333333333333,0
2640,2145,26,27,0,4,0.0,0
2640,2145,27,28,1,3,0.3333333333333333,0
2640,2145,28,29,0,4,0.0,0
2640,2145,29,30,0,4,0.0,0
2640,2145,30,31,1,3,0.3333333333333333,0
2641,2145,0,1,0,4,0.0,0
2641,2145,1,2,1,3,0.3333333333333333,0
2641,2145,2,3,0,4,0.0,0
2641,2145,3,4,1,3,0.3333333333333333,0
2641,2145,4,5,0,4,0.0,0
2641,2145,5,6,1,3,0.3333333333333333,0
2641,2145,6,7,0,4,0.0,0
2641,2145,7,8,0,4,0.0,0
2641,2145,8,9,1,3,0.3333333333333333,0
2641,2145,9,10,0,4,0.0,0
2641,2145,10,11,1,3,0.3333333333333333,0
2641,2145,11,12,1,3,0.3333333333333333,0
2641,2145,12,13,1,3,0.3333333333333333,0
2641,2145,13,14,1,3,0.3333333333333333,0
2641,2145,14,15,0,4,0.0,0
2641,2145,15,16,1,3,0.3333333333333333,0
2641,2145,16,17,0,4,0.0,0
2641,2145,17,18,0,4,0.0,0
2641,2145,18,19,0,4,0.0,0
2641,2145,19,20,0,4,0.0,0
2641,2145,20,21,0,4,0.0,0
2641,2145,21,22,0,4,0.0,0
2641,2145,22,23,0,4,0.0,0
2641,2145,23,24,1,3,0.3333333333333333,0
2641,2145,24,25,0,4,0.0,0
2641,2145,25,26,0,4,0.0,0
2641,2145,26,27,0,4,0.0,0
2641,2145,27,28,1,3,0.3333333333333333,0
2641,2145,28,29,1,3,0.3333333333333333,0
2641,2145,29,30,0,4,0.0,0
2641,2145,30,31,0,4,0.0,0
2642,2145,0,1,0,4,0.0,0
2642,2145,1,2,0,4,0.0,0
2642,2145,2,3,0,4,0.0,0
2642,2145,3,4,1,3,0.3333333333333333,0
2642,2145,4,5,0,4,0.0,0
2642,2145,5,6,1,3,0.3333333333333333,0
2642,2145,6,7,0,4,0.0,0
2642,2145,7,8,0,4,0.0,0
2642,2145,8,9,1,3,0.3333333333333333,0
2642,2145,9,10,1,3,0.3333333333333333,0
2642,2145,10,11,0,4,0.0,0
2642,2145,11,12,0,4,0.0,0
2642,2145,12,13,0,4,0.0,0
2642,2145,13,14,0,4,0.0,0
2642,2145,14,15,1,3,0.3333333333333333,0
2642,2145,15,16,1,3,0.3333333333333333,0
2642,2145,16,17,0,4,0.0,0
2642,2145,17,18,0,4,0.0,0
2642,2145,18,19,0,4,0.0,0
2642,2145,19,20,1,3,0.3333333333333333,0
2642,2145,20,21,0,4,0.0,0
2642,2145,21,22,0,4,0.0,0
2642,2145,22,23,1,3,0.3333333333333333,0
2642,2145,23,24,0,4,0.0,0
2642,2145,24,25,0,4,0.0,0
2642,2145,25,26,1,3,0.3333333333333333,0
2642,2145,26,27,0,4,0.0,0
2642,2145,27,28,0,4,0.0,0
2642,2145,28,29,0,4,0.0,0
2642,2145,29,30,0,4,0.0,0
2642,2145,30,31,1,3,0.3333333333333333,0
2643,2145,0,1,0,4,0.0,0
2643,2145,1,2,1,3,0.3333333333333333,0
2643,2145,2,3,0,4,0.0,0
2643,2145,3,4,1,3,0.3333333333333333,0
2643,2145,4,5,0,4,0.0,0
2643,2145,5,6,1,3,0.3333333333333333,0
2643,2145,6,7,1,3,0.3333333333333333,0
2643,2145,7,8,1,3,0.3333333333333333,0
2643,2145,8,9,0,4,0.0,0
2643,2145,9,10,1,3,0.3333333333333333,0
2643,2145,10,11,1,3,0.3333333333333333,0
2643,2145,11,12,1,3,0.3333333333333333,0
2643,2145,12,13,0,4,0.0,0
2643,2145,13,14,1,3,0.3333333333333333,0
2643,2145,14,15,0,4,0.0,0
2643,2145,15,16,0,4,0.0,0
2643,2145,16,17,1,3,0.3333333333333333,0
2643,2145,17,18,0,4,0.0,0
2643,2145,18,19,1,3,0.3333333333333333,0
2643,2145,19,20,1,3,0.3333333333333333,0
2643,2145,20,21,0,4,0.0,0
2643,2145,21,22,2,2,1.0,1
2643,2145,22,23,0,4,0.0,0
2643,2145,23,24,0,4,0.0,0
2643,2145,24,25,1,3,0.3333333333333333,0
2643,2145,25,26,0,4,0.0,0
2643,2145,26,27,0,4,0.0,0
2643,2145,27,28,0,4,0.0,0
2643,2145,28,29,1,3,0.3333333333333333,0
2643,2145,29,30,1,3,0.3333333333333333,0
2643,2145,30,31,1,3,0.3333333333333333,0
2644,2145,0,1,0,4,0.0,0
2644,2145,1,2,1,3,0.3333333333333333,0
2644,2145,2,3,1,3,0.3333333333333333,0
2644,2145,3,4,1,3,0.3333333333333333,0
2644,2145,4,5,1,3,0.3333333333333333,0
2644,2145,5,6,2,2,1.0,1
2644,2145,6,7,0,4,0.0,0
2644,2145,7,8,0,4,0.0,0
2644,2145,8,9,0,4,0.0,0
2644,2145,9,10,0,4,0.0,0
2644,2145,10,11,0,4,0.0,0
2644,2145,11,12,1,3,0.3333333333333333,0
2644,2145,12,13,0,4,0.0,0
2644,2145,13,14,0,4,0.0,0
2644,2145,14,15,0,4,0.0,0
2644,2145,15,16,0,4,0.0,0
2644,2145,16,17,0,4,0.0,0
2644,2145,17,18,1,3,0.3333333333333333,0
2644,2145,18,19,0,4,0.0,0
2644,2145,19,20,1,3,0.3333333333333333,0
2644,2145,20,21,1,3,0.3333333333333333,0
2644,2145,21,22,0,4,0.0,0
2644,2145,22,23,1,3,0.3333333333333333,0
2644,2145,23,24,1,3,0.3333333333333333,0
2644,2145,24,25,1,3,0.3333333333333333,0
2644,2145,25,26,1,3,0.3333333333333333,0
2644,2145,26,27,0,4,0.0,0
2644,2145,27,28,0,4,0.0,0
2644,2145,28,29,1,3,0.3333333333333333,0
2644,2145,29,30,1,3,0.3333333333333333,0
2644,2145,30,31,0,4,0.0,0
2645,2145,0,1,0,4,0.0,0
2645,2145,1,2,0,4,0.0,0
2645,2145,2,3,0,4,0.0,0
2645,2145,3,4,0,4,0.0,0
2645,2145,4,5,2,2,1.0,1
2645,2145,5,6,1,3,0.3333333333333333,0
2645,2145,6,7,0,4,0.0,0
2645,2145,7,8,2,2,1.0,1
2645,2145,8,9,1,3,0.3333333333333333,0
2645,2145,9,10,0,4,0.0,0
2645,2145,10,11,1,3,0.3333333333333333,0
2645,2145,11,12,1,3,0.3333333333333333,0
2645,2145,12,13,0,4,0.0,0
2645,2145,13,14,1,3,0.3333333333333333,0
2645,2145,14,15,0,4,0.0,0
2645,2145,15,16,0,4,0.0,0
2645,2145,16,17,0,4,0.0,0
2645,2145,17,18,1,3,0.3333333333333333,0
2645,2145,18,19,0,4,0.0,0
2645,2145,19,20,1,3,0.3333333333333333,0
2645,2145,20,21,2,2,1.0,1
2645,2145,21,22,0,4,0.0,0
2645,2145,22,23,0,4,0.0,0
2645,2145,23,24,0,4,0.0,0
2645,2145,24,25,2,2,1.0,1
2645,2145,25,26,0,4,0.0,0
2645,2145,26,27,0,4,0.0,0
2645,2145,27,28,0,4,0.0,0
2645,2145,28,29,0,4,0.0,0
2645,2145,29,30,0,4,0.0,0
2645,2145,30,31,1,3,0.3333333333333333,0
2646,2145,0,1,1,3,0.3333333333333333,0
2646,2145,1,2,0,4,0.0,0
2646,2145,2,3,0,4,0.0,0
2646,2145,3,4,0,4,0.0,0
2646,2145,4,5,2,2,1.0,1
2646,2145,5,6,1,3,0.3333333333333333,0
2646,2145,6,7,0,4,0.0,0
2646,2145,7,8,1,3,0.3333333333333333,0
2646,2145,8,9,2,2,1.0,1
2646,2145,9,10,0,4,0.0,0
2646,2145,10,11,1,3,0.3333333333333333,0
2646,2145,11,12,1,3,0.3333333333333333,0
2646,2145,12,13,0,4,0.0,0
2646,2145,13,14,0,4,0.0,0
2646,2145,14,15,1,3,0.3333333333333333,0
2646,2145,15,16,1,3,0.3333333333333333,0
2646,2145,16,17,0,4,0.0,0
2646,2145,17,18,0,4,0.0,0
2646,2145,18,19,1,3,0.3333333333333333,0
2646,2145,19,20,0,4,0.0,0
2646,2145,20,21,0,4,0.0,0
2646,2145,21,22,0,4,0.0,0
2646,2145,22,23,0,4,0.0,0
2646,2145,23,24,1,3,0.3333333333333333,0
2646,2145,24,25,1,3,0.3333333333333333,0
2646,2145,25,26,0,4,0.0,0
2646,2145,26,27,1,3,0.3333333333333333,0
2646,2145,27,28,1,3,0.3333333333333333,0
2646,2145,28,29,0,4,0.0,0
2646,2145,29,30,0,4,0.0,0
2646,2145,30,31,0,4,0.0,0
2647,2145,0,1,0,4,0.0,0
2647,2145,1,2,2,2,1.0,1
2647,2145,2,3,1,3,0.3333333333333333,0
2647,2145,3,4,0,4,0.0,0
2647,2145,4,5,1,3,0.3333333333333333,0
2647,2145,5,6,0,4,0.0,0
2647,2145,6,7,0,4,0.0,0
2647,2145,7,8,0,4,0.0,0
2647,2145,8,9,0,4,0.0,0
2647,2145,9,10,0,4,0.0,0
2647,2145,10,11,0,4,0.0,0
2647,2145,11,12,0,4,0.0,0
2647,2145,12,13,0,4,0.0,0
2647,2145,13,14,0,4,0.0,0
2647,2145,14,15,1,3,0.3333333333333333,0
2647,2145,15,16,0,4,0.0,0
2647,2145,16,17,1,3,0.3333333333333333,0
2647,2145,17,18,1,3,0.3333333333333333,0
2647,2145,18,19,0,4,0.0,0
2647,2145,19,20,1,3,0.3333333333333333,0
2647,2145,20,21,1,3,0.3333333333333333,0
2647,2145,21,22,0,4,0.0,0
2647,2145,22,23,1,3,0.3333333333333333,0
2647,2145,23,24,1,3,0.3333333333333333,0
2647,2145,24,25,1,3,0.3333333333333333,0
2647,2145,25,26,1,3,0.3333333333333333,0
2647,2145,26,27,1,3,0.3333333333333333,0
2647,2145,27,28,0,4,0.0,0
2647,2145,28,29,1,3,0.3333333333333333,0
2647,2145,29,30,1,3,0.3333333333333333,0
2647,2145,30,31,0,4,0.0,0
2648,2145,0,1,1,3,0.3333333333333333,0
2648,2145,1,2,0,4,0.0,0
2648,2145,2,3,0,4,0.0,0
2648,2145,3,4,0,4,0.0,0
2648,2145,4,5,0,4,0.0,0
2648,2145,5,6,1,3,0.3333333333333333,0
2648,2145,6,7,1,3,0.3333333333333333,0
2648,2145,7,8,1,3,0.3333333333333333,0
2648,2145,8,9,0,4,0.0,0
2648,2145,9,10,0,4,0.0,0
2648,2145,10,11,1,3,0.3333333333333333,0
2648,2145,11,12,0,4,0.0,0
2648,2145,12,13,1,3,0.3333333333333333,0
2648,2145,13,14,0,4,0.0,0
2648,2145,14,15,0,4,0.0,0
2648,2145,15,16,1,3,0.3333333333333333,0
2648,2145,16,17,1,3,0.3333333333333333,0
2648,2145,17,18,1,3,0.3333333333333333,0
2648,2145,18,19,1,3,0.3333333333333333,0
2648,2145,19,20,1,3,0.3333333333333333,0
2648,2145,20,21,1,3,0.3333333333333333,0
2648,2145,21,22,0,4,0.0,0
2648,2145,22,23,0,4,0.0,0
2648,2145,23,24,1,3,0.3333333333333333,0
2648,2145,24,25,0,4,0.0,0
2648,2145,25,26,0,4,0.0,0
2648,2145,26,27,0,4,0.0,0
2648,2145,27,28,1,3,0.3333333333333333,0
2648,2145,28,29,0,4,0.0,0
2648,2145,29,30,0,4,0.0,0
2648,2145,30,31,0,4,0.0,0
2649,2145,0,1,0,4,0.0,0
2649,2145,1,2,0,4,0.0,0
2649,2145,2,3,0,4,0.0,0
2649,2145,3,4,1,3,0.3333333333333333,0
2649,2145,4,5,1,3,0.3333333333333333,0
2649,2145,5,6,1,3,0.3333333333333333,0
2649,2145,6,7,1,3,0.3333333333333333,0
2649,2145,7,8,0,4,0.0,0
2649,2145,8,9,1,3,0.3333333333333333,0
2649,2145,9,10,1,3,0.3333333333333333,0
2649,2145,10,11,2,2,1.0,1
2649,2145,11,12,0,4,0.0,0
2649,2145,12,13,1,3,0.3333333333333333,0
2649,2145,13,14,0,4,0.0,0
2649,2145,14,15,1,3,0.3333333333333333,0
2649,2145,15,16,1,3,0.3333333333333333,0
2649,2145,16,17,0,4,0.0,0
2649,2145,17,18,0,4,0.0,0
2649,2145,18,19,0,4,0.0,0
2649,2145,19,20,0,4,0.0,0
2649,2145,20,21,1,3,0.3333333333333333,0
2649,2145,21,22,1,3,0.3333333333333333,0
2649,2145,22,23,1,3,0.3333333333333333,0
2649,2145,23,24,0,4,0.0,0
2649,2145,24,25,0,4,0.0,0
2649,2145,25,26,0,4,0.0,0
2649,2145,26,27,0,4,0.0,0
2649,2145,27,28,1,3,0.3333333333333333,0
2649,2145,28,29,1,3,0.3333333333333333,0
2649,2145,29,30,1,3,0.3333333333333333,0
2649,2145,30,31,1,3,0.3333333333333333,0
2650,2145,0,1,1,3,0.3333333333333333,0
2650,2145,1,2,0,4,0.0,0
2650,2145,2,3,0,4,0.0,0
2650,2145,3,4,0,4,0.0,0
2650,2145,4,5,0,4,0.0,0
2650,2145,5,6,1,3,0.3333333333333333,0
2650,2145,6,7,0,4,0.0,0
2650,2145,7,8,1,3,0.3333333333333333,0
2650,2145,8,9,0,4,0.0,0
2650,2145,9,10,0,4,0.0,0
2650,2145,10,11,1,3,0.3333333333333333,0
2650,2145,11,12,1,3,0.3333333333333333,0
2650,2145,12,13,1,3,0.3333333333333333,0
2650,2145,13,14,0,4,0.0,0
2650,2145,14,15,0,4,0.0,0
2650,2145,15,16,1,3,0.3333333333333333,0
2650,2145,16,17,0,4,0.0,0
2650,2145,17,18,1,3,0.3333333333333333,0
2650,2145,18,19,1,3,0.3333333333333333,0
2650,2145,19,20,0,4,0.0,0
2650,2145,20,21,0,4,0.0,0
2650,2145,21,22,1,3,0.3333333333333333,0
2650,2145,22,23,1,3,0.3333333333333333,0
2650,2145,23,24,0,4,0.0,0
2650,2145,24,25,0,4,0.0,0
2650,2145,25,26,2,2,1.0,1
2650,2145,26,27,0,4,0.0,0
2650,2145,27,28,2,2,1.0,1
2650,2145,28,29,0,4,0.0,0
2650,2145,29,30,0,4,0.0,0
2650,2145,30,31,1,3,0.3333333333333333,0
2651,2145,0,1,1,3,0.3333333333333333,0
2651,2145,1,2,1,3,0.3333333333333333,0
2651,2145,2,3,0,4,0.0,0
2651,2145,3,4,1,3,0.3333333333333333,0
2651,2145,4,5,1,3,0.3333333333333333,0
2651,2145,5,6,1,3,0.3333333333333333,0
2651,2145,6,7,0,4,0.0,0
2651,2145,7,8,0,4,0.0,0
2651,2145,8,9,1,3,0.3333333333333333,0
2651,2145,9,10,2,2,1.0,1
2651,2145,10,11,1,3,0.3333333333333333,0
2651,2145,11,12,0,4,0.0,0
2651,2145,12,13,1,3,0.3333333333333333,0
2651,2145,13,14,0,4,0.0,0
2651,2145,14,15,0,4,0.0,0
2651,2145,15,16,1,3,0.3333333333333333,0
2651,2145,16,17,1,3,0.3333333333333333,0
2651,2145,17,18,0,4,0.0,0
2651,2145,18,19,0,4,0.0,0
2651,2145,19,20,0,4,0.0,0
2651,2145,20,21,0,4,0.0,0
2651,2145,21,22,0,4,0.0,0
2651,2145,22,23,0,4,0.0,0
2651,2145,23,24,1,3,0.3333333333333333,0
2651,2145,24,25,1,3,0.3333333333333333,0
2651,2145,25,26,0,4,0.0,0
2651,2145,26,27,0,4,0.0,0
2651,2145,27,28,0,4,0.0,0
2651,2145,28,29,0,4,0.0,0
2651,2145,29,30,2,2,1.0,1
2651,2145,30,31,0,4,0.0,0
2652,2145,0,1,1,3,0.3333333333333333,0
2652,2145,1,2,0,4,0.0,0
2652,2145,2,3,1,3,0.3333333333333333,0
2652,2145,3,4,1,3,0.3333333333333333,0
2652,2145,4,5,1,3,0.3333333333333333,0
2652,2145,5,6,0,4,0.0,0
2652,2145,6,7,1,3,0.3333333333333333,0
2652,2145,7,8,1,3,0.3333333333333333,0
2652,2145,8,9,1,3,0.3333333333333333,0
2652,2145,9,10,0,4,0.0,0
2652,2145,10,11,1,3,0.3333333333333333,0
2652,2145,11,12,1,3,0.3333333333333333,0
2652,2145,12,13,1,3,0.3333333333333333,0
2652,2145,13,14,0,4,0.0,0
2652,2145,14,15,1,3,0.3333333333333333,0
2652,2145,15,16,1,3,0.3333333333333333,0
2652,2145,16,17,0,4,0.0,0
2652,2145,17,18,0,4,0.0,0
2652,2145,18,19,1,3,0.3333333333333333,0
2652,2145,19,20,1,3,0.3333333333333333,0
2652,2145,20,21,1,3,0.3333333333333333,0
2652,2145,21,22,0,4,0.0,0
2652,2145,22,23,2,2,1.0,1
2652,2145,23,24,0,4,0.0,0
2652,2145,24,25,0,4,0.0,0
2652,2145,25,26,1,3,0.3333333333333333,0
2652,2145,26,27,1,3,0.3333333333333333,0
2652,2145,27,28,0,4,0.0,0
2652,2145,28,29,0,4,0.0,0
2652,2145,29,30,1,3,0.3333333333333333,0
2652,2145,30,31,1,3,0.3333333333333333,0
2653,2145,0,1,0,4,0.0,0
2653,2145,1,2,1,3,0.3333333333333333,0
2653,2145,2,3,2,2,1.0,1
2653,2145,3,4,0,4,0.0,0
2653,2145,4,5,0,4,0.0,0
2653,2145,5,6,1,3,0.3333333333333333,0
2653,2145,6,7,0,4,0.0,0
2653,2145,7,8,0,4,0.0,0
2653,2145,8,9,1,3,0.3333333333333333,0
2653,2145,9,10,0,4,0.0,0
2653,2145,10,11,1,3,0.3333333333333333,0
2653,2145,11,12,0,4,0.0,0
2653,2145,12,13,1,3,0.3333333333333333,0
2653,2145,13,14,0,4,0.0,0
2653,2145,14,15,1,3,0.3333333333333333,0
2653,2145,15,16,0,4,0.0,0
2653,2145,16,17,0,4,0.0,0
2653,2145,17,18,0,4,0.0,0
2653,2145,18,19,0,4,0.0,0
2653,2145,19,20,1,3,0.3333333333333333,0
2653,2145,20,21,0,4,0.0,0
2653,2145,21,22,0,4,0.0,0
2653,2145,22,23,1,3,0.3333333333333333,0
2653,2145,23,24,0,4,0.0,0
2653,2145,24,25,1,3,0.3333333333333333,0
2653,2145,25,26,0,4,0.0,0
2653,2145,26,27,1,3,0.3333333333333333,0
2653,2145,27,28,0,4,0.0,0
2653,2145,28,29,0,4,0.0,0
2653,2145,29,30,0,4,0.0,0
2653,2145,30,31,1,3,0.3333333333333333,0
2654,2145,0,1,1,3,0.3333333333333333,0
2654,2145,1,2,1,3,0.3333333333333333,0
2654,2145,2,3,0,4,0.0,0
2654,2145,3,4,1,3,0.3333333333333333,0
2654,2145,4,5,1,3,0.3333333333333333,0
2654,2145,5,6,0,4,0.0,0
2654,2145,6,7,0,4,0.0,0
2654,2145,7,8,1,3,0.3333333333333333,0
2654,2145,8,9,1,3,0.3333333333333333,0
2654,2145,9,10,0,4,0.0,0
2654,2145,10,11,0,4,0.0,0
2654,2145,11,12,1,3,0.3333333333333333,0
2654,2145,12,13,1,3,0.3333333333333333,0
2654,2145,13,14,0,4,0.0,0
2654,2145,14,15,0,4,0.0,0
2654,2145,15,16,0,4,0.0,0
2654,2145,16,17,2,2,1.0,1
2654,2145,17,18,0,4,0.0,0
2654,2145,18,19,0,4,0.0,0
2654,2145,19,20,2,2,1.0,1
2654,2145,20,21,1,3,0.3333333333333333,0
2654,2145,21,22,0,4,0.0,0
2654,2145,22,23,1,3,0.3333333333333333,0
2654,2145,23,24,0,4,0.0,0
2654,2145,24,25,1,3,0.3333333333333333,0
2654,2145,25,26,1,3,0.3333333333333333,0
2654,2145,26,27,0,4,0.0,0
2654,2145,27,28,1,3,0.3333333333333333,0
2654,2145,28,29,0,4,0.0,0
2654,2145,29,30,0,4,0.0,0
2654,2145,30,31,1,3,0.3333333333333333,0
2655,2145,0,1,0,4,0.0,0
2655,2145,1,2,1,3,0.3333333333333333,0
2655,2145,2,3,0,4,0.0,0
2655,2145,3,4,0,4,0.0,0
2655,2145,4,5,0,4,0.0,0
2655,2145,5,6,1,3,0.3333333333333333,0
2655,2145,6,7,1,3,0.3333333333333333,0
2655,2145,7,8,1,3,0.3333333333333333,0
2655,2145,8,9,1,3,0.3333333333333333,0
2655,2145,9,10,0,4,0.0,0
2655,2145,10,11,0,4,0.0,0
2655,2145,11,12,1,3,0.3333333333333333,0
2655,2145,12,13,1,3,0.3333333333333333,0
2655,2145,13,14,0,4,0.0,0
2655,2145,14,15,1,3,0.3333333333333333,0
2655,2145,15,16,0,4,0.0,0
2655,2145,16,17,0,4,0.0,0
2655,2145,17,18,1,3,0.3333333333333333,0
2655,2145,18,19,0,4,0.0,0
2655,2145,19,20,1,3,0.3333333333333333,0
2655,2145,20,21,1,3,0.3333333333333333,0
2655,2145,21,22,0,4,0.0,0
2655,2145,22,23,1,3,0.3333333333333333,0
2655,2145,23,24,0,4,0.0,0
2655,2145,24,25,0,4,0.0,0
2655,2145,25,26,0,4,0.0,0
2655,2145,26,27,0,4,0.0,0
2655,2145,27,28,0,4,0.0,0
2655,2145,28,29,0,4,0.0,0
2655,2145,29,30,1,3,0.3333333333333333,0
2655,2145,30,31,1,3,0.3333333333333333,0
2624,2146,0,1,0,4,0.0,0
2624,2146,1,2,1,3,0.3333333333333333,0
2624,2146,2,3,0,4,0.0,0
2624,2146,3,4,1,3,0.3333333333333333,0
2624,2146,4,5,0,4,0.0,0
2624,2146,5,6,1,3,0.3333333333333333,0
2624,2146,6,7,0,4,0.0,0
2624,2146,7,8,0,4,0.0,0
2624,2146,8,9,0,4,0.0,0
2624,2146,9,10,0,4,0.0,0
2624,2146,10,11,0,4,0.0,0
2624,2146,11,12,0,4,0.0,0
2624,2146,12,13,1,3,0.3333333333333333,0
2624,2146,13,14,1,3,0.3333333333333333,0
2624,2146,14,15,0,4,0.0,0
2624,2146,15,16,0,4,0.0,0
2624,2146,16,17,2,2,1.0,1
2624,2146,17,18,1,3,0.3333333333333333,0
2624,2146,18,19,1,3,0.3333333333333333,0
2624,2146,19,20,0,4,0.0,0
2624,2146,20,21,1,3,0.3333333333333333,0
2624,2146,21,22,0,4,0.0,0
2624,2146,22,23,0,4,0.0,0
2624,2146,23,24,0,4,0.0,0
2624,2146,24,25,1,3,0.3333333333333333,0
2624,2146,25,26,2,2,1.0,1
2624,2146,26,27,1,3,0.3333333333333333,0
2624,2146,27,28,0,4,0.0,0
2624,2146,28,29,1,3,0.3333333333333333,0
2624,2146,29,30,1,3,0.3333333333333333,0
2624,2146,30,31,0,4,0.0,0
2625,2146,0,1,0,4,0.0,0
2625,2146,1,2,0,4,0.0,0
2625,2146,2,3,1,3,0.3333333333333333,0
2625,2146,3,4,0,4,0.0,0
2625,2146,4,5,1,3,0.3333333333333333,0
2625,2146,5,6,0,4,0.0,0
2625,2146,6,7,0,4,0.0,0
2625,2146,7,8,0,4,0.0,0
2625,2146,8,9,0,4,0.0,0
2625,2146,9,10,1,3,0.3333333333333333,0
2625,2146,10,11,0,4,0.0,0
2625,2146,11,12,1,3,0.3333333333333333,0
2625,2146,12,13,0,4,0.0,0
2625,2146,13,14,0,4,0.0,0
2625,2146,14,15,0,4,0.0,0
2625,2146,15,16,1,3,0.3333333333333333,0
2625,2146,16,17,2,2,1.0,1
2625,2146,17,18,0,4,0.0,0
2625,2146,18,19,0,4,0.0,0
2625,2146,19,20,0,4,0.0,0
2625,2146,20,21,1,3,0.3333333333333333,0
2625,2146,21,22,1,3,0.3333333333333333,0
2625,2146,22,23,1,3,0.3333333333333333,0
2625,2146,23,24,1,3,0.3333333333333333,0
2625,2146,24,25,0,4,0.0,0
2625,2146,25,26,1,3,0.3333333333333333,0
2625,2146,26,27,0,4,0.0,0
2625,2146,27,28,0,4,0.0,0
2625,2146,28,29,1,3,0.3333333333333333,0
2625,2146,29,30,0,4,0.0,0
2625,2146,30,31,1,3,0.3333333333333333,0
2626,2146,0,1,0,4,0.0,0
2626,2146,1,2,1,3,0.3333333333333333,0
2626,2146,2,3,0,4,0.0,0
2626,2146,3,4,0,4,0.0,0
2626,2146,4,5,0,4,0.0,0
2626,2146,5,6,1,3,0.3333333333333333,0
2626,2146,6,7,0,4,0.0,0
2626,2146,7,8,0,4,0.0,0
2626,2146,8,9,1,3,0.3333333333333333,0
2626,2146,9,10,1,3,0.3333333333333333,0
2626,2146,10,11,0,4,0.0,0
2626,2146,11,12,0,4,0.0,0
2626,2146,12,13,1,3,0.3333333333333333,0
2626,2146,13,14,1,3,0.3333333333333333,0
2626,2146,14,15,1,3,0.3333333333333333,0
2626,2146,15,16,0,4,0.0,0
2626,2146,16,17,0,4,0.0,0
2626,2146,17,18,1,3,0.3333333333333333,0
2626,2146,18,19,1,3,0.3333333333333333,0
2626,2146,19,20,1,3,0.3333333333333333,0
2626,2146,20,21,0,4,0.0,0
2626,2146,21,22,0,4,0.0,0
2626,2146,22,23,0,4,0.0,0
2626,2146,23,24,0,4,0.0,0
2626,2146,24,25,1,3,0.3333333333333333,0
2626,2146,25,26,1,3,0.3333333333333333,0
2626,2146,26,27,1,3,0.3333333333333333,0
2626,2146,27,28,0,4,0.0,0
2626,2146,28,29,0,4,0.0,0
2626,2146,29,30,1,3,0.3333333333333333,0
2626,2146,30,31,1,3,0.3333333333333333,0
2627,2146,0,1,1,3,0.3333333333333333,0
2627,2146,1,2,0,4,0.0,0
2627,2146,2,3,0,4,0.0,0
2627,2146,3,4,0,4,0.0,0
2627,2146,4,5,1,3,0.3333333333333333,0
2627,2146,5,6,1,3,0.3333333333333333,0
2627,2146,6,7,1,3,0.3333333333333333,0
2627,2146,7,8,0,4,0.0,0
2627,2146,8,9,1,3,0.3333333333333333,0
2627,2146,9,10,1,3,0.3333333333333333,0
2627,2146,10,11,1,3,0.3333333333333333,0
2627,2146,11,12,1,3,0.3333333333333333,0
2627,2146,12,13,1,3,0.3333333333333333,0
2627,2146,13,14,0,4,0.0,0
2627,2146,14,15,0,4,0.0,0
2627,2146,15,16,0,4,0.0,0
2627,2146,16,17,0,4,0.0,0
2627,2146,17,18,1,3,0.3333333333333333,0
2627,2146,18,19,0,4,0.0,0
2627,2146,19,20,0,4,0.0,0
2627,2146,20,21,1,3,0.3333333333333333,0
2627,2146,21,22,1,3,0.3333333333333333,0
2627,2146,22,23,1,3,0.3333333333333333,0
2627,2146,23,24,0,4,0.0,0
2627,2146,24,25,0,4,0.0,0
2627,2146,25,26,0,4,0.0,0
2627,2146,26,27,0,4,0.0,0
2627,2146,27,28,0,4,0.0,0
2627,2146,28,29,0,4,0.0,0
2627,2146,29,30,1,3,0.3333333333333333,0
2627,2146,30,31,0,4,0.0,0
2628,2146,0,1,1,3,0.3333333333333333,0
2628,2146,1,2,0,4,0.0,0
2628,2146,2,3,1,3,0.3333333333333333,0
2628,2146,3,4,0,4,0.0,0
2628,2146,4,5,1,3,0.3333333333333333,0
2628,2146,5,6,0,4,0.0,0
2628,2146,6,7,1,3,0.3333333333333333,0
2628,2146,7,8,1,3,0.3333333333333333,0
2628,2146,8,9,1,3,0.3333333333333333,0
2628,2146,9,10,0,4,0.0,0
2628,2146,10,11,0,4,0.0,0
2628,2146,11,12,1,3,0.3333333333333333,0
2628,2146,12,13,1,3,0.3333333333333333,0
2628,2146,13,14,1,3,0.3333333333333333,0
2628,2146,14,15,1,3,0.3333333333333333,0
2628,2146,15,16,1,3,0.3333333333333333,0
2628,2146,16,17,0,4,0.0,0
2628,2146,17,18,0,4,0.0,0
2628,2146,18,19,0,4,0.0,0
2628,2146,19,20,0,4,0.0,0
2628,2146,20,21,1,3,0.3333333333333333,0
2628,2146,21,22,1,3,0.3333333333333333,0
2628,2146,22,23,1,3,0.3333333333333333,0
2628,2146,23,24,1,3,0.3333333333333333,0
2628,2146,24,25,0,4,0.0,0
2628,2146,25,26,1,3,0.3333333333333333,0
2628,2146,26,27,0,4,0.0,0
2628,2146,27,28,1,3,0.3333333333333333,0
2628,2146,28,29,0,4,0.0,0
2628,2146,29,30,0,4,0.0,0
2628,2146,30,31,0,4,0.0,0
2629,2146,0,1,1,3,0.3333333333333333,0
2629,2146,1,2,0,4,0.0,0
2629,2146,2,3,0,4,0.0,0
2629,2146,3,4,0,4,0.0,0
2629,2146,4,5,0,4,0.0,0
2629,2146,5,6,0,4,0.0,0
2629,2146,6,7,1,3,0.3333333333333333,0
2629,2146,7,8,1,3,0.3333333333333333,0
2629,2146,8,9,1,3,0.3333333333333333,0
2629,2146,9,10,1,3,0.3333333333333333,0
2629,2146,10,11,1,3,0.3333333333333333,0
2629,2146,11,12,0,4,0.0,0
2629,2146,12,13,0,4,0.0,0
2629,2146,13,14,0,4,0.0,0
2629,2146,14,15,1,3,0.3333333333333333,0
2629,2146,15,16,0,4,0.0,0
2629,2146,16,17,1,3,0.3333333333333333,0
2629,2146,17,18,0,4,0.0,0
2629,2146,18,19,1,3,0.3333333333333333,0
2629,2146,19,20,1,3,0.3333333333333333,0
2629,2146,20,21,1,3,0.3333333333333333,0
2629,2146,21,22,1,3,0.3333333333333333,0
2629,2146,22,23,0,4,0.0,0
2629,2146,23,24,0,4,0.0,0
2629,2146,24,25,1,3,0.3333333333333333,0
2629,2146,25,26,0,4,0.0,0
2629,2146,26,27,0,4,0.0,0
2629,2146,27,28,1,3,0.3333333333333333,0
2629,2146,28,29,1,3,0.3333333333333333,0
2629,2146,29,30,0,4,0.0,0
2629,2146,30,31,0,4,0.0,0
2630,2146,0,1,0,4,0.0,0
2630,2146,1,2,0,4,0.0,0
2630,2146,2,3,0,4,0.0,0
2630,2146,3,4,0,4,0.0,0
2630,2146,4,5,1,3,0.3333333333333333,0
2630,2146,5,6,0,4,0.0,0
2630,2146,6,7,2,2,1.0,1
2630,2146,7,8,1,3,0.3333333333333333,0
2630,2146,8,9,1,3,0.3333333333333333,0
2630,2146,9,10,0,4,0.0,0
2630,2146,10,11,0,4,0.0,0
2630,2146,11,12,0,4,0.0,0
2630,2146,12,13,0,4,0.0,0
2630,2146,13,14,0,4,0.0,0
2630,2146,14,15,1,3,0.3333333333333333,0
2630,2146,15,16,1,3,0.3333333333333333,0
2630,2146,16,17,1,3,0.3333333333333333,0
2630,2146,17,18,0,4,0.0,0
2630,2146,18,19,1,3,0.3333333333333333,0
2630,2146,19,20,1,3,0.3333333333333333,0
2630,2146,20,21,1,3,0.3333333333333333,0
2630,2146,21,22,0,4,0.0,0
2630,2146,22,23,0,4,0.0,0
2630,2146,23,24,1,3,0.3333333333333333,0
2630,2146,24,25,0,4,0.0,0
2630,2146,25,26,2,2,1.0,1
2630,2146,26,27,1,3,0.3333333333333333,0
2630,2146,27,28,1,3,0.3333333333333333,0
2630,2146,28,29,0,4,0.0,0
2630,2146,29,30,0,4,0.0,0
2630,2146,30,31,1,3,0.3333333333333333,0
2631,2146,0,1,0,4,0.0,0
2631,2146,1,2,1,3,0.3333333333333333,0
2631,2146,2,3,0,4,0.0,0
2631,2146,3,4,0,4,0.0,0
2631,2146,4,5,0,4,0.0,0
2631,2146,5,6,0,4,0.0,0
2631,2146,6,7,1,3,0.3333333333333333,0
2631,2146,7,8,1,3,0.3333333333333333,0
2631,2146,8,9,0,4,0.0,0
2631,2146,9,10,1,3,0.3333333333333333,0
2631,2146,10,11,0,4,0.0,0
2631,2146,11,12,1,3,0.3333333333333333,0
2631,2146,12,13,1,3,0.3333333333333333,0
2631,2146,13,14,1,3,0.3333333333333333,0
2631,2146,14,15,1,3,0.3333333333333333,0
2631,2146,15,16,0,4,0.0,0
2631,2146,16,17,0,4,0.0,0
2631,2146,17,18,0,4,0.0,0
2631,2146,18,19,0,4,0.0,0
2631,2146,19,20,0,4,0.0,0
2631,2146,20,21,0,4,0.0,0
2631,2146,21,22,1,3,0.3333333333333333,0
2631,2146,22,23,1,3,0.3333333333333333,0
2631,2146,23,24,0,4,0.0,0
2631,2146,24,25,1,3,0.3333333333333333,0
2631,2146,25,26,0,4,0.0,0
2631,2146,26,27,1,3,0.3333333333333333,0
2631,2146,27,28,0,4,0.0,0
2631,2146,28,29,1,3,0.3333333333333333,0
2631,2146,29,30,0,4,0.0,0
2631,2146,30,31,0,4,0.0,0
2632,2146,0,1,1,3,0.3333333333333333,0
2632,2146,1,2,0,4,0.0,0
2632,2146,2,3,1,3,0.3333333333333333,0
2632,2146,3,4,0,4,0.0,0
2632,2146,4,5,0,4,0.0,0
2632,2146,5,6,0,4,0.0,0
2632,2146,6,7,0,4,0.0,0
2632,2146,7,8,1,3,0.3333333333333333,0
2632,2146,8,9,1,3,0.3333333333333333,0
2632,2146,9,10,0,4,0.0,0
2632,2146,10,11,0,4,0.0,0
2632,2146,11,12,0,4,0.0,0
2632,2146,12,13,1,3,0.3333333333333333,0
2632,2146,13,14,1,3,0.3333333333333333,0
2632,2146,14,15,1,3,0.3333333333333333,0
2632,2146,15,16,1,3,0.3333333333333333,0
2632,2146,16,17,0,4,0.0,0
2632,2146,17,18,0,4,0.0,0
2632,2146,18,19,0,4,0.0,0
2632,2146,19,20,1,3,0.3333333333333333,0
2632,2146,20,21,1,3,0.3333333333333333,0
2632,2146,21,22,0,4,0.0,0
2632,2146,22,23,1,3,0.3333333333333333,0
2632,2146,23,24,1,3,0.3333333333333333,0
2632,2146,24,25,0,4,0.0,0
2632,2146,25,26,1,3,0.3333333333333333,0
2632,2146,26,27,0,4,0.0,0
2632,2146,27,28,1,3,0.3333333333333333,0
2632,2146,28,29,1,3,0.3333333333333333,0
2632,2146,29,30,1,3,0.3333333333333333,0
2632,2146,30,31,0,4,0.0,0
2633,2146,0,1,0,4,0.0,0
2633,2146,1,2,0,4,0.0,0
2633,2146,2,3,1,3,0.3333333333333333,0
2633,2146,3,4,1,3,0.3333333333333333,0
2633,2146,4,5,1,3,0.3333333333333333,0
2633,2146,5,6,1,3,0.3333333333333333,0
2633,2146,6,7,0,4,0.0,0
2633,2146,7,8,0,4,0.0,0
2633,2146,8,9,2,2,1.0,1
2633,2146,9,10,1,3,0.3333333333333333,0
2633,2146,10,11,1,3,0.3333333333333333,0
2633,2146,11,12,2,2,1.0,1
2633,2146,12,13,1,3,0.3333333333333333,0
2633,2146,13,14,1,3,0.3333333333333333,0
2633,2146,14,15,0,4,0.0,0
2633,2146,15,16,0,4,0.0,0
2633,2146,16,17,0,4,0.0,0
2633,2146,17,18,0,4,0.0,0
2633,2146,18,19,1,3,0.3333333333333333,0
2633,2146,19,20,1,3,0.3333333333333333,0
2633,2146,20,21,0,4,0.0,0
2633,2146,21,22,1,3,0.3333333333333333,0
2633,2146,22,23,1,3,0.3333333333333333,0
2633,2146,23,24,0,4,0.0,0
2633,2146,24,25,1,3,0.3333333333333333,0
2633,2146,25,26,1,3,0.3333333333333333,0
2633,2146,26,27,0,4,0.0,0
2633,2146,27,28,0,4,0.0,0
2633,2146,28,29,1,3,0.3333333333333333,0
2633,2146,29,30,0,4,0.0,0
2633,2146,30,31,1,3,0.3333333333333333,0
2634,2146,0,1,0,4,0.0,0
2634,2146,1,2,1,3,0.3333333333333333,0
2634,2146,2,3,0,4,0.0,0
2634,2146,3,4,0,4,0.0,0
2634,2146,4,5,0,4,0.0,0
2634,2146,5,6,1,3,0.3333333333333333,0
2634,2146,6,7,0,4,0.0,0
2634,2146,7,8,1,3,0.3333333333333333,0
2634,2146,8,9,0,4,0.0,0
2634,2146,9,10,0,4,0.0,0
2634,2146,10,11,1,3,0.3333333333333333,0
2634,2146,11,12,0,4,0.0,0
2634,2146,12,13,0,4,0.0,0
2634,2146,13,14,1,3,0.3333333333333333,0
2634,2146,14,15,0,4,0.0,0
2634,2146,15,16,0,4,0.0,0
2634,2146,16,17,1,3,0.3333333333333333,0
2634,2146,17,18,1,3,0.3333333333333333,0
2634,2146,18,19,0,4,0.0,0
2634,2146,19,20,0,4,0.0,0
2634,2146,20,21,0,4,0.0,0
2634,2146,21,22,1,3,0.3333333333333333,0
2634,2146,22,23,1,3,0.3333333333333333,0
2634,2146,23,24,0,4,0.0,0
2634,2146,24,25,0,4,0.0,0
2634,2146,25,26,0,4,0.0,0
2634,2146,26,27,0,4,0.0,0
2634,2146,27,28,1,3,0.3333333333333333,0
2634,2146,28,29,1,3,0.3333333333333333,0
2634,2146,29,30,0,4,0.0,0
2634,2146,30,31,1,3,0.3333333333333333,0
2635,2146,0,1,0,4,0.0,0
2635,2146,1,2,0,4,0.0,0
2635,2146,2,3,0,4,0.0,0
2635,2146,3,4,1,3,0.3333333333333333,0
2635,2146,4,5,0,4,0.0,0
2635,2146,5,6,1,3,0.3333333333333333,0
2635,2146,6,7,0,4,0.0,0
2635,2146,7,8,0,4,0.0,0
2635,2146,8,9,0,4,0.0,0
2635,2146,9,10,0,4,0.0,0
2635,2146,10,11,0,4,0.0,0
2635,2146,11,12,1,3,0.3333333333333333,0
2635,2146,12,13,0,4,0.0,0
2635,2146,13,14,1,3,0.3333333333333333,0
2635,2146,14,15,0,4,0.0,0
2635,2146,15,16,1,3,0.3333333333333333,0
2635,2146,16,17,0,4,0.0,0
2635,2146,17,18,1,3,0.3333333333333333,0
2635,2146,18,19,1,3,0.3333333333333333,0
2635,2146,19,20,0,4,0.0,0
2635,2146,20,21,1,3,0.3333333333333333,0
2635,2146,21,22,0,4,0.0,0
2635,2146,22,23,1,3,0.3333333333333333,0
2635,2146,23,24,0,4,0.0,0
2635,2146,24,25,1,3,0.3333333333333333,0
2635,2146,25,26,1,3,0.3333333333333333,0
2635,2146,26,27,1,3,0.3333333333333333,0
2635,2146,27,28,0,4,0.0,0
2635,2146,28,29,0,4,0.0,0
2635,2146,29,30,0,4,0.0,0
2635,2146,30,31,1,3,0.3333333333333333,0
2636,2146,0,1,0,4,0.0,0
2636,2146,1,2,0,4,0.0,0
2636,2146,2,3,2,2,1.0,1
2636,2146,3,4,0,4,0.0,0
2636,2146,4,5,1,3,0.3333333333333333,0
2636,2146,5,6,1,3,0.3333333333333333,0
2636,2146,6,7,0,4,0.0,0
2636,2146,7,8,1,3,0.3333333333333333,0
2636,2146,8,9,1,3,0.3333333333333333,0
2636,2146,9,10,0,4,0.0,0
2636,2146,10,11,0,4,0.0,0
2636,2146,11,12,0,4,0.0,0
2636,2146,12,13,1,3,0.3333333333333333,0
2636,2146,13,14,1,3,0.3333333333333333,0
2636,2146,14,15,1,3,0.3333333333333333,0
2636,2146,15,16,1,3,0.3333333333333333,0
2636,2146,16,17,1,3,0.3333333333333333,0
2636,2146,17,18,0,4,0.0,0
2636,2146,18,19,1,3,0.3333333333333333,0
2636,2146,19,20,0,4,0.0,0
2636,2146,20,21,0,4,0.0,0
2636,2146,21,22,1,3,0.3333333333333333,0
2636,2146,22,23,1,3,0.3333333333333333,0
2636,2146,23,24,1,3,0.3333333333333333,0
2636,2146,24,25,1,3,0.3333333333333333,0
2636,2146,25,26,0,4,0.0,0
2636,2146,26,27,0,4,0.0,0
2636,2146,27,28,0,4,0.0,0
2636,2146,28,29,1,3,0.3333333333333333,0
2636,2146,29,30,2,2,1.0,1
2636,2146,30,31,1,3,0.3333333333333333,0
2637,2146,0,1,0,4,0.0,0
2637,2146,1,2,1,3,0.3333333333333333,0
2637,2146,2,3,0,4,0.0,0
2637,2146,3,4,0,4,0.0,0
2637,2146,4,5,1,3,0.3333333333333333,0
2637,2146,5,6,0,4,0.0,0
2637,2146,6,7,0,4,0.0,0
2637,2146,7,8,1,3,0.3333333333333333,0
2637,2146,8,9,0,4,0.0,0
2637,2146,9,10,1,3,0.3333333333333333,0
2637,2146,10,11,1,3,0.3333333333333333,0
2637,2146,11,12,1,3,0.3333333333333333,0
2637,2146,12,13,0,4,0.0,0
2637,2146,13,14,1,3,0.3333333333333333,0
2637,2146,14,15,1,3,0.3333333333333333,0
2637,2146,15,16,0,4,0.0,0
2637,2146,16,17,1,3,0.3333333333333333,0
2637,2146,17,18,1,3,0.3333333333333333,0
2637,2146,18,19,0,4,0.0,0
2637,2146,19,20,1,3,0.3333333333333333,0
2637,2146,20,21,1,3,0.3333333333333333,0
2637,2146,21,22,1,3,0.3333333333333333,0
2637,2146,22,23,1,3,0.3333333333333333,0
2637,2146,23,24,0,4,0.0,0
2637,2146,24,25,0,4,0.0,0
2637,2146,25,26,0,4,0.0,0
2637,2146,26,27,1,3,0.3333333333333333,0
2637,2146,27,28,1,3,0.3333333333333333,0
2637,2146,28,29,0,4,0.0,0
2637,2146,29,30,0,4,0.0,0
2637,2146,30,31,1,3,0.3333333333333333,0
2638,2146,0,1,0,4,0.0,0
2638,2146,1,2,1,3,0.3333333333333333,0
2638,2146,2,3,0,4,0.0,0
2638,2146,3,4,0,4,0.0,0
2638,2146,4,5,0,4,0.0,0
2638,2146,5,6,1,3,0.3333333333333333,0
2638,2146,6,7,0,4,0.0,0
2638,2146,7,8,0,4,0.0,0
2638,2146,8,9,2,2,1.0,1
2638,2146,9,10,0,4,0.0,0
2638,2146,10,11,0,4,0.0,0
2638,2146,11,12,1,3,0.3333333333333333,0
2638,2146,12,13,0,4,0.0,0
2638,2146,13,14,0,4,0.0,0
2638,2146,14,15,0,4,0.0,0
2638,2146,15,16,1,3,0.3333333333333333,0
2638,2146,16,17,0,4,0.0,0
2638,2146,17,18,0,4,0.0,0
2638,2146,18,19,0,4,0.0,0
2638,2146,19,20,0,4,0.0,0
2638,2146,20,21,0,4,0.0,0
2638,2146,21,22,1,3,0.3333333333333333,0
2638,2146,22,23,1,3,0.3333333333333333,0
2638,2146,23,24,1,3,0.3333333333333333,0
2638,2146,24,25,1,3,0.3333333333333333,0
2638,2146,25,26,1,3,0.3333333333333333,0
2638,2146,26,27,0,4,0.0,0
2638,2146,27,28,1,3,0.3333333333333333,0
2638,2146,28,29,0,4,0.0,0
2638,2146,29,30,1,3,0.3333333333333333,0
2638,2146,30,31,1,3,0.3333333333333333,0
2639,2146,0,1,0,4,0.0,0
2639,2146,1,2,0,4,0.0,0
2639,2146,2,3,1,3,0.3333333333333333,0
2639,2146,3,4,2,2,1.0,1
2639,2146,4,5,1,3,0.3333333333333333,0
2639,2146,5,6,1,3,0.3333333333333333,0
2639,2146,6,7,0,4,0.0,0
2639,2146,7,8,1,3,0.3333333333333333,0
2639,2146,8,9,0,4,0.0,0
2639,2146,9,10,2,2,1.0,1
2639,2146,10,11,0,4,0.0,0
2639,2146,11,12,0,4,0.0,0
2639,2146,12,13,1,3,0.3333333333333333,0
2639,2146,13,14,1,3,0.3333333333333333,0
2639,2146,14,15,1,3,0.3333333333333333,0
2639,2146,15,16,0,4,0.0,0
2639,2146,16,17,0,4,0.0,0
2639,2146,17,18,0,4,0.0,0
2639,2146,18,19,1,3,0.3333333333333333,0
2639,2146,19,20,0,4,0.0,0
2639,2146,20,21,2,2,1.0,1
2639,2146,21,22,1,3,0.3333333333333333,0
2639,2146,22,23,1,3,0.3333333333333333,0
2639,2146,23,24,1,3,0.3333333333333333,0
2639,2146,24,25,0,4,0.0,0
2639,2146,25,26,0,4,0.0,0
2639,2146,26,27,1,3,0.3333333333333333,0
2639,2146,27,28,0,4,0.0,0
2639,2146,28,29,1,3,0.3333333333333333,0
2639,2146,29,30,0,4,0.0,0
2639,2146,30,31,0,4,0.0,0
2640,2146,0,1,1,3,0.3333333333333333,0
2640,2146,1,2,1,3,0.3333333333333333,0
2640,2146,2,3,1,3,0.3333333333333333,0
2640,2146,3,4,1,3,0.3333333333333333,0
2640,2146,4,5,1,3,0.3333333333333333,0
2640,2146,5,6,0,4,0.0,0
2640,2146,6,7,0,4,0.0,0
2640,2146,7,8,0,4,0.0,0
2640,2146,8,9,0,4,0.0,0
2640,2146,9,10,1,3,0.3333333333333333,0
2640,2146,10,11,0,4,0.0,0
2640,2146,11,12,1,3,0.3333333333333333,0
2640,2146,12,13,2,2,1.0,1
2640,2146,13,14,1,3,0.3333333333333333,0
2640,2146,14,15,1,3,0.3333333333333333,0
2640,2146,15,16,1,3,0.3333333333333333,0
2640,2146,16,17,0,4,0.0,0
2640,2146,17,18,1,3,0.3333333333333333,0
2640,2146,18,19,0,4,0.0,0
2640,2146,19,20,0,4,0.0,0
2640,2146,20,21,0,4,0.0,0
2640,2146,21,22,0,4,0.0,0
2640,2146,22,23,0,4,0.0,0
2640,2146,23,24,1,3,0.3333333333333333,0
2640,2146,24,25,0,4,0.0,0
2640,2146,25,26,0,4,0.0,0
2640,2146,26,27,1,3,0.3333333333333333,0
2640,2146,27,28,0,4,0.0,0
2640,2146,28,29,1,3,0.3333333333333333,0
2640,2146,29,30,0,4,0.0,0
2640,2146,30,31,1,3,0.3333333333333333,0
2641,2146,0,1,0,4,0.0,0
2641,2146,1,2,1,3,0.3333333333333333,0
2641,2146,2,3,0,4,0.0,0
2641,2146,3,4,0,4,0.0,0
2641,2146,4,5,1,3,0.3333333333333333,0
2641,2146,5,6,1,3,0.3333333333333333,0
2641,2146,6,7,1,3,0.3333333333333333,0
2641,2146,7,8,1,3,0.3333333333333333,0
2641,2146,8,9,0,4,0.0,0
2641,2146,9,10,0,4,0.0,0
2641,2146,10,11,0,4,0.0,0
2641,2146,11,12,0,4,0.0,0
2641,2146,12,13,0,4,0.0,0
2641,2146,13,14,1,3,0.3333333333333333,0
2641,2146,14,15,1,3,0.3333333333333333,0
2641,2146,15,16,1,3,0.3333333333333333,0
2641,2146,16,17,1,3,0.3333333333333333,0
2641,2146,17,18,0,4,0.0,0
2641,2146,18,19,1,3,0.3333333333333333,0
2641,2146,19,20,0,4,0.0,0
2641,2146,20,21,0,4,0.0,0
2641,2146,21,22,2,2,1.0,1
2641,2146,22,23,0,4,0.0,0
2641,2146,23,24,0,4,0.0,0
2641,2146,24,25,1,3,0.3333333333333333,0
2641,2146,25,26,0,4,0.0,0
2641,2146,26,27,0,4,0.0,0
2641,2146,27,28,0,4,0.0,0
2641,2146,28,29,1,3,0.3333333333333333,0
2641,2146,29,30,1,3,0.3333333333333333,0
2641,2146,30,31,0,4,0.0,0
2642,2146,0,1,0,4,0.0,0
2642,2146,1,2,0,4,0.0,0
2642,2146,2,3,1,3,0.3333333333333333,0
2642,2146,3,4,0,4,0.0,0
2642,2146,4,5,1,3,0.3333333333333333,0
2642,2146,5,6,1,3,0.3333333333333333,0
2642,2146,6,7,1,3,0.3333333333333333,0
2642,2146,7,8,0,4,0.0,0
2642,2146,8,9,1,3,0.3333333333333333,0
2642,2146,9,10,1,3,0.3333333333333333,0
2642,2146,10,11,1,3,0.3333333333333333,0
2642,2146,11,12,1,3,0.3333333333333333,0
2642,2146,12,13,0,4,0.0,0
2642,2146,13,14,0,4,0.0,0
2642,2146,14,15,1,3,0.3333333333333333,0
2642,2146,15,16,0,4,0.0,0
2642,2146,16,17,0,4,0.0,0
2642,2146,17,18,2,2,1.0,1
2642,2146,18,19,1,3,0.3333333333333333,0
2642,2146,19,20,1,3,0.3333333333333333,0
2642,2146,20,21,1,3,0.3333333333333333,0
2642,2146,21,22,1,3,0.3333333333333333,0
2642,2146,22,23,1,3,0.3333333333333333,0
2642,2146,23,24,0,4,0.0,0
2642,2146,24,25,1,3,0.3333333333333333,0
2642,2146,25,26,1,3,0.3333333333333333,0
2642,2146,26,27,0,4,0.0,0
2642,2146,27,28,1,3,0.3333333333333333,0
2642,2146,28,29,1,3,0.3333333333333333,0
2642,2146,29,30,1,3,0.3333333333333333,0
2642,2146,30,31,0,4,0.0,0
2643,2146,0,1,1,3,0.3333333333333333,0
2643,2146,1,2,1,3,0.3333333333333333,0
2643,2146,2,3,0,4,0.0,0
2643,2146,3,4,0,4,0.0,0
2643,2146,4,5,0,4,0.0,0
2643,2146,5,6,0,4,0.0,0
2643,2146,6,7,1,3,0.3333333333333333,0
2643,2146,7,8,2,2,1.0,1
2643,2146,8,9,1,3,0.3333333333333333,0
2643,2146,9,10,1,3,0.3333333333333333,0
2643,2146,10,11,0,4,0.0,0
2643,2146,11,12,1,3,0.3333333333333333,0
2643,2146,12,13,2,2,1.0,1
2643,2146,13,14,0,4,0.0,0
2643,2146,14,15,1,3,0.3333333333333333,0
2643,2146,15,16,0,4,0.0,0
2643,2146,16,17,0,4,0.0,0
2643,2146,17,18,0,4,0.0,0
2643,2146,18,19,1,3,0.3333333333333333,0
2643,2146,19,20,0,4,0.0,0
2643,2146,20,21,0,4,0.0,0
2643,2146,21,22,1,3,0.3333333333333333,0
2643,2146,22,23,1,3,0.3333333333333333,0
2643,2146,23,24,0,4,0.0,0
2643,2146,24,25,1,3,0.3333333333333333,0
2643,2146,25,26,0,4,0.0,0
2643,2146,26,27,1,3,0.3333333333333333,0
2643,2146,27,28,0,4,0.0,0
2643,2146,28,29,0,4,0.0,0
2643,2146,29,30,0,4,0.0,0
2643,2146,30,31,0,4,0.0,0
2644,2146,0,1,0,4,0.0,0
2644,2146,1,2,0,4,0.0,0
2644,2146,2,3,0,4,0.0,0
2644,2146,3,4,0,4,0.0,0
2644,2146,4,5,0,4,0.0,0
2644,2146,5,6,0,4,0.0,0
2644,2146,6,7,0,4,0.0,0
2644,2146,7,8,1,3,0.3333333333333333,0
2644,2146,8,9,0,4,0.0,0
2644,2146,9,10,0,4,0.0,0
2644,2146,10,11,0,4,0.0,0
2644,2146,11,12,1,3,0.3333333333333333,0
2644,2146,12,13,1,3,0.3333333333333333,0
2644,2146,13,14,0,4,0.0,0
2644,2146,14,15,0,4,0.0,0
2644,2146,15,16,0,4,0.0,0
2644,2146,16,17,0,4,0.0,0
2644,2146,17,18,0,4,0.0,0
2644,2146,18,19,0,4,0.0,0
2644,2146,19,20,1,3,0.3333333333333333,0
2644,2146,20,21,0,4,0.0,0
2644,2146,21,22,0,4,0.0,0
2644,2146,22,23,1,3,0.3333333333333333,0
2644,2146,23,24,1,3,0.3333333333333333,0
2644,2146,24,25,1,3,0.3333333333333333,0
2644,2146,25,26,1,3,0.3333333333333333,0
2644,2146,26,27,1,3,0.3333333333333333,0
2644,2146,27,28,0,4,0.0,0
2644,2146,28,29,2,2,1.0,1
2644,2146,29,30,0,4,0.0,0
2644,2146,30,31,1,3,0.3333333333333333,0
2645,2146,0,1,1,3,0.3333333333333333,0
2645,2146,1,2,0,4,0.0,0
2645,2146,2,3,0,4,0.0,0
2645,2146,3,4,1,3,0.3333333333333333,0
2645,2146,4,5,1,3,0.3333333333333333,0
2645,2146,5,6,0,4,0.0,0
2645,2146,6,7,1,3,0.3333333333333333,0
2645,2146,7,8,0,4,0.0,0
2645,2146,8,9,0,4,0.0,0
2645,2146,9,10,1,3,0.3333333333333333,0
2645,2146,10,11,0,4,0.0,0
2645,2146,11,12,1,3,0.3333333333333333,0
2645,2146,12,13,1,3,0.3333333333333333,0
2645,2146,13,14,1,3,0.3333333333333333,0
2645,2146,14,15,1,3,0.3333333333333333,0
2645,2146,15,16,1,3,0.3333333333333333,0
2645,2146,16,17,1,3,0.3333333333333333,0
2645,2146,17,18,0,4,0.0,0
2645,2146,18,19,2,2,1.0,1
2645,2146,19,20,0,4,0.0,0
2645,2146,20,21,1,3,0.3333333333333333,0
2645,2146,21,22,0,4,0.0,0
2645,2146,22,23,0,4,0.0,0
2645,2146,23,24,1,3,0.3333333333333333,0
2645,2146,24,25,1,3,0.3333333333333333,0
2645,2146,25,26,0,4,0.0,0
2645,2146,26,27,1,3,0.3333333333333333,0
2645,2146,27,28,0,4,0.0,0
2645,2146,28,29,0,4,0.0,0
2645,2146,29,30,0,4,0.0,0
2645,2146,30,31,1,3,0.3333333333333333,0
2646,2146,0,1,0,4,0.0,0
2646,2146,1,2,0,4,0.0,0
2646,2146,2,3,0,4,0.0,0
2646,2146,3,4,0,4,0.0,0
2646,2146,4,5,0,4,0.0,0
2646,2146,5,6,1,3,0.3333333333333333,0
2646,2146,6,7,1,3,0.3333333333333333,0
2646,2146,7,8,0,4,0.0,0
2646,2146,8,9,1,3,0.3333333333333333,0
2646,2146,9,10,1,3,0.3333333333333333,0
2646,2146,10,11,0,4,0.0,0
2646,2146,11,12,0,4,0.0,0
2646,2146,12,13,0,4,0.0,0
2646,2146,13,14,0,4,0.0,0
2646,2146,14,15,0,4,0.0,0
2646,2146,15,16,1,3,0.3333333333333333,0
2646,2146,16,17,1,3,0.3333333333333333,0
2646,2146,17,18,0,4,0.0,0
2646,2146,18,19,2,2,1.0,1
2646,2146,19,20,0,4,0.0,0
2646,2146,20,21,0,4,0.0,0
2646,2146,21,22,1,3,0.3333333333333333,0
2646,2146,22,23,1,3,0.3333333333333333,0
2646,2146,23,24,2,2,1.0,1
2646,2146,24,25,1,3,0.3333333333333333,0
2646,2146,25,26,1,3,0.3333333333333333,0
2646,2146,26,27,0,4,0.0,0
2646,2146,27,28,1,3,0.3333333333333333,0
2646,2146,28,29,0,4,0.0,0
2646,2146,29,30,0,4,0.0,0
2646,2146,30,31,0,4,0.0,0
2647,2146,0,1,0,4,0.0,0
2647,2146,1,2,0,4,0.0,0
2647,2146,2,3,0,4,0.0,0
2647,2146,3,4,1,3,0.3333333333333333,0
2647,2146,4,5,0,4,0.0,0
2647,2146,5,6,1,3,0.3333333333333333,0
2647,2146,6,7,0,4,0.0,0
2647,2146,7,8,1,3,0.3333333333333333,0
2647,2146,8,9,0,4,0.0,0
2647,2146,9,10,1,3,0.3333333333333333,0
2647,2146,10,11,1,3,0.3333333333333333,0
2647,2146,11,12,0,4,0.0,0
2647,2146,12,13,0,4,0.0,0
2647,2146,13,14,1,3,0.3333333333333333,0
2647,2146,14,15,0,4,0.0,0
2647,2146,15,16,0,4,0.0,0
2647,2146,16,17,1,3,0.3333333333333333,0
2647,2146,17,18,1,3,0.3333333333333333,0
2647,2146,18,19,0,4,0.0,0
2647,2146,19,20,0,4,0.0,0
2647,2146,20,21,1,3,0.3333333333333333,0
2647,2146,21,22,1,3,0.3333333333333333,0
2647,2146,22,23,1,3,0.3333333333333333,0
2647,2146,23,24,1,3,0.3333333333333333,0
2647,2146,24,25,1,3,0.3333333333333333,0
2647,2146,25,26,0,4,0.0,0
2647,2146,26,27,1,3,0.3333333333333333,0
2647,2146,27,28,0,4,0.0,0
2647,2146,28,29,0,4,0.0,0
2647,2146,29,30,0,4,0.0,0
2647,2146,30,31,0,4,0.0,0
2648,2146,0,1,1,3,0.3333333333333333,0
2648,2146,1,2,0,4,0.0,0
2648,2146,2,3,0,4,0.0,0
2648,2146,3,4,0,4,0.0,0
2648,2146,4,5,1,3,0.3333333333333333,0
2648,2146,5,6,0,4,0.0,0
2648,2146,6,7,0,4,0.0,0
2648,2146,7,8,1,3,0.3333333333333333,0
2648,2146,8,9,0,4,0.0,0
2648,2146,9,10,0,4,0.0,0
2648,2146,10,11,0,4,0.0,0
2648,2146,11,12,2,2,1.0,1
2648,2146,12,13,1,3,0.3333333333333333,0
2648,2146,13,14,1,3,0.3333333333333333,0
2648,2146,14,15,0,4,0.0,0
2648,2146,15,16,0,4,0.0,0
2648,2146,16,17,1,3,0.3333333333333333,0
2648,2146,17,18,0,4,0.0,0
2648,2146,18,19,0,4,0.0,0
2648,2146,19,20,0,4,0.0,0
2648,2146,20,21,0,4,0.0,0
2648,2146,21,22,1,3,0.3333333333333333,0
2648,2146,22,23,0,4,0.0,0
2648,2146,23,24,1,3,0.3333333333333333,0
2648,2146,24,25,0,4,0.0,0
2648,2146,25,26,0,4,0.0,0
2648,2146,26,27,0,4,0.0,0
2648,2146,27,28,1,3,0.3333333333333333,0
2648,2146,28,29,0,4,0.0,0
2648,2146,29,30,0,4,0.0,0
2648,2146,30,31,0,4,0.0,0
2649,2146,0,1,0,4,0.0,0
2649,2146,1,2,1,3,0.3333333333333333,0
2649,2146,2,3,1,3,0.3333333333333333,0
2649,2146,3,4,1,3,0.3333333333333333,0
2649,2146,4,5,0,4,0.0,0
2649,2146,5,6,1,3,0.3333333333333333,0
2649,2146,6,7,1,3,0.3333333333333333,0
2649,2146,7,8,2,2,1.0,1
2649,2146,8,9,1,3,0.3333333333333333,0
2649,2146,9,10,0,4,0.0,0
2649,2146,10,11,1,3,0.3333333333333333,0
2649,2146,11,12,0,4,0.0,0
2649,2146,12,13,1,3,0.3333333333333333,0
2649,2146,13,14,1,3,0.3333333333333333,0
2649,2146,14,15,1,3,0.3333333333333333,0
2649,2146,15,16,2,2,1.0,1
2649,2146,16,17,0,4,0.0,0
2649,2146,17,18,0,4,0.0,0
2649,2146,18,19,1,3,0.3333333333333333,0
2649,2146,19,20,0,4,0.0,0
2649,2146,20,21,1,3,0.3333333333333333,0
2649,2146,21,22,1,3,0.3333333333333333,0
2649,2146,22,23,0,4,0.0,0
2649,2146,23,24,0,4,0.0,0
2649,2146,24,25,0,4,0.0,0
2649,2146,25,26,0,4,0.0,0
2649,2146,26,27,0,4,0.0,0
2649,2146,27,28,1,3,0.3333333333333333,0
2649,2146,28,29,1,3,0.3333333333333333,0
2649,2146,29,30,1,3,0.3333333333333333,0
2649,2146,30,31,0,4,0.0,0
2650,2146,0,1,0,4,0.0,0
2650,2146,1,2,0,4,0.0,0
2650,2146,2,3,0,4,0.0,0
2650,2146,3,4,0,4,0.0,0
2650,2146,4,5,1,3,0.3333333333333333,0
2650,2146,5,6,1,3,0.3333333333333333,0
2650,2146,6,7,1,3,0.3333333333333333,0
2650,2146,7,8,0,4,0.0,0
2650,2146,8,9,2,2,1.0,1
2650,2146,9,10,0,4,0.0,0
2650,2146,10,11,0,4,0.0,0
2650,2146,11,12,1,3,0.3333333333333333,0
2650,2146,12,13,0,4,0.0,0
2650,2146,13,14,0,4,0.0,0
2650,2146,14,15,1,3,0.3333333333333333,0
2650,2146,15,16,0,4,0.0,0
2650,2146,16,17,0,4,0.0,0
2650,2146,17,18,0,4,0.0,0
2650,2146,18,19,0,4,0.0,0
2650,2146,19,20,1,3,0.3333333333333333,0
2650,2146,20,21,0,4,0.0,0
2650,2146,21,22,0,4,0.0,0
2650,2146,22,23,0,4,0.0,0
2650,2146,23,24,0,4,0.0,0
2650,2146,24,25,1,3,0.3333333333333333,0
2650,2146,25,26,0,4,0.0,0
2650,2146,26,27,1,3,0.3333333333333333,0
2650,2146,27,28,0,4,0.0,0
2650,2146,28,29,1,3,0.3333333333333333,0
2650,2146,29,30,1,3,0.3333333333333333,0
2650,2146,30,31,1,3,0.3333333333333333,0
2651,2146,0,1,0,4,0.0,0
2651,2146,1,2,1,3,0.3333333333333333,0
2651,2146,2,3,1,3,0.3333333333333333,0
2651,2146,3,4,1,3,0.3333333333333333,0
2651,2146,4,5,0,4,0.0,0
2651,2146,5,6,1,3,0.3333333333333333,0
2651,2146,6,7,0,4,0.0,0
2651,2146,7,8,0,4,0.0,0
2651,2146,8,9,0,4,0.0,0
2651,2146,9,10,0,4,0.0,0
2651,2146,10,11,0,4,0.0,0
2651,2146,11,12,1,3,0.3333333333333333,0
2651,2146,12,13,1,3,0.3333333333333333,0
2651,2146,13,14,1,3,0.3333333333333333,0
2651,2146,14,15,0,4,0.0,0
2651,2146,15,16,0,4,0.0,0
2651,2146,16,17,1,3,0.3333333333333333,0
2651,2146,17,18,0,4,0.0,0
2651,2146,18,19,0,4,0.0,0
2651,2146,19,20,1,3,0.3333333333333333,0
2651,2146,20,21,0,4,0.0,0
2651,2146,21,22,0,4,0.0,0
2651,2146,22,23,0,4,0.0,0
2651,2146,23,24,0,4,0.0,0
2651,2146,24,25,1,3,0.3333333333333333,0
2651,2146,25,26,1,3,0.3333333333333333,0
2651,2146,26,27,0,4,0.0,0
2651,2146,27,28,0,4,0.0,0
2651,2146,28,29,1,3,0.3333333333333333,0
2651,2146,29,30,1,3,0.3333333333333333,0
2651,2146,30,31,0,4,0.0,0
2652,2146,0,1,1,3,0.3333333333333333,0
2652,2146,1,2,0,4,0.0,0
2652,2146,2,3,1,3,0.3333333333333333,0
2652,2146,3,4,0,4,0.0,0
2652,2146,4,5,0,4,0.0,0
2652,2146,5,6,1,3,0.3333333333333333,0
2652,2146,6,7,1,3,0.3333333333333333,0
2652,2146,7,8,0,4,0.0,0
2652,2146,8,9,0,4,0.0,0
2652,2146,9,10,0,4,0.0,0
2652,2146,10,11,1,3,0.3333333333333333,0
2652,2146,11,12,1,3,0.3333333333333333,0
2652,2146,12,13,0,4,0.0,0
2652,2146,13,14,0,4,0.0,0
2652,2146,14,15,1,3,0.3333333333333333,0
2652,2146,15,16,0,4,0.0,0
2652,2146,16,17,2,2,1.0,1
2652,2146,17,18,1,3,0.3333333333333333,0
2652,2146,18,19,1,3,0.3333333333333333,0
2652,2146,19,20,1,3,0.3333333333333333,0
2652,2146,20,21,1,3,0.3333333333333333,0
2652,2146,21,22,2,2,1.0,1
2652,2146,22,23,0,4,0.0,0
2652,2146,23,24,0,4,0.0,0
2652,2146,24,25,1,3,0.3333333333333333,0
2652,2146,25,26,1,3,0.3333333333333333,0
2652,2146,26,27,2,2,1.0,1
2652,2146,27,28,1,3,0.3333333333333333,0
2652,2146,28,29,1,3,0.3333333333333333,0
2652,2146,29,30,0,4,0.0,0
2652,2146,30,31,0,4,0.0,0
2653,2146,0,1,1,3,0.3333333333333333,0
2653,2146,1,2,1,3,0.3333333333333333,0
2653,2146,2,3,0,4,0.0,0
2653,2146,3,4,0,4,0.0,0
2653,2146,4,5,0,4,0.0,0
2653,2146,5,6,0,4,0.0,0
2653,2146,6,7,0,4,0.0,0
2653,2146,7,8,1,3,0.3333333333333333,0
2653,2146,8,9,1,3,0.3333333333333333,0
2653,2146,9,10,1,3,0.3333333333333333,0
2653,2146,10,11,0,4,0.0,0
2653,2146,11,12,0,4,0.0,0
2653,2146,12,13,0,4,0.0,0
2653,2146,13,14,1,3,0.3333333333333333,0
2653,2146,14,15,0,4,0.0,0
2653,2146,15,16,0,4,0.0,0
2653,2146,16,17,1,3,0.3333333333333333,0
2653,2146,17,18,0,4,0.0,0
2653,2146,18,19,0,4,0.0,0
2653,2146,19,20,0,4,0.0,0
2653,2146,20,21,1,3,0.3333333333333333,0
2653,2146,21,22,0,4,0.0,0
2653,2146,22,23,0,4,0.0,0
2653,2146,23,24,0,4,0.0,0
2653,2146,24,25,1,3,0.3333333333333333,0
2653,2146,25,26,1,3,0.3333333333333333,0
2653,2146,26,27,0,4,0.0,0
2653,2146,27,28,0,4,0.0,0
2653,2146,28,29,1,3,0.3333333333333333,0
2653,2146,29,30,0,4,0.0,0
2653,2146,30,31,0,4,0.0,0
2654,2146,0,1,1,3,0.3333333333333333,0
2654,2146,1,2,0,4,0.0,0
2654,2146,2,3,0,4,0.0,0
2654,2146,3,4,1,3,0.3333333333333333,0
2654,2146,4,5,1,3,0.3333333333333333,0
2654,2146,5,6,0,4,0.0,0
2654,2146,6,7,2,2,1.0,1
2654,2146,7,8,1,3,0.3333333333333333,0
2654,2146,8,9,1,3,0.3333333333333333,0
2654,2146,9,10,0,4,0.0,0
2654,2146,10,11,1,3,0.3333333333333333,0
2654,2146,11,12,1,3,0.3333333333333333,0
2654,2146,12,13,1,3,0.3333333333333333,0
2654,2146,13,14,0,4,0.0,0
2654,2146,14,15,1,3,0.3333333333333333,0
2654,2146,15,16,0,4,0.0,0
2654,2146,16,17,0,4,0.0,0
2654,2146,17,18,0,4,0.0,0
2654,2146,18,19,0,4,0.0,0
2654,2146,19,20,1,3,0.3333333333333333,0
2654,2146,20,21,0,4,0.0,0
2654,2146,21,22,0,4,0.0,0
2654,2146,22,23,0,4,0.0,0
2654,2146,23,24,0,4,0.0,0
2654,2146,24,25,0,4,0.0,0
2654,2146,25,26,1,3,0.3333333333333333,0
2654,2146,26,27,1,3,0.3333333333333333,0
2654,2146,27,28,0,4,0.0,0
2654,2146,28,29,0,4,0.0,0
2654,2146,29,30,0,4,0.0,0
2654,2146,30,31,0,4,0.0,0
2655,2146,0,1,1,3,0.3333333333333333,0
2655,2146,1,2,0,4,0.0,0
2655,2146,2,3,0,4,0.0,0
2655,2146,3,4,0,4,0.0,0
2655,2146,4,5,0,4,0.0,0
2655,2146,5,6,1,3,0.3333333333333333,0
2655,2146,6,7,0,4,0.0,0
2655,2146,7,8,0,4,0.0,0
2655,2146,8,9,1,3,0.3333333333333333,0
2655,2146,9,10,1,3,0.3333333333333333,0
2655,2146,10,11,1,3,0.3333333333333333,0
2655,2146,11,12,1,3,0.3333333333333333,0
2655,2146,12,13,0,4,0.0,0
2655,2146,13,14,1,3,0.3333333333333333,0
2655,2146,14,15,0,4,0.0,0
2655,2146,15,16,1,3,0.3333333333333333,0
2655,2146,16,17,0,4,0.0,0
2655,2146,17,18,0,4,0.0,0
2655,2146,18,19,2,2,1.0,1
2655,2146,19,20,0,4,0.0,0
2655,2146,20,21,1,3,0.3333333333333333,0
2655,2146,21,22,0,4,0.0,0
2655,2146,22,23,0,4,0.0,0
2655,2146,23,24,0,4,0.0,0
2655,2146,24,25,0,4,0.0,0
2655,2146,25,26,1,3,0.3333333333333333,0
2655,2146,26,27,0,4,0.0,0
2655,2146,27,28,0,4,0.0,0
2655,2146,28,29,0,4,0.0,0
2655,2146,29,30,0,4,0.0,0
2655,2146,30,31,0,4,0.0,0
