request_id,token_id,layer_id,topk_rank,expert_id
2624,2142,0,1,1
2624,2142,0,2,5
2625,2142,0,1,1
2625,2142,0,2,2
2626,2142,0,1,0
2626,2142,0,2,5
2627,2142,0,1,1
2627,2142,0,2,3
2628,2142,0,1,4
2628,2142,0,2,6
2629,2142,0,1,4
2629,2142,0,2,7
2630,2142,0,1,5
2630,2142,0,2,6
2631,2142,0,1,6
2631,2142,0,2,7
2632,2142,0,1,2
2632,2142,0,2,3
2633,2142,0,1,2
2633,2142,0,2,5
2634,2142,0,1,0
2634,2142,0,2,3
2635,2142,0,1,0
2635,2142,0,2,4
2636,2142,0,1,3
2636,2142,0,2,4
2637,2142,0,1,2
2637,2142,0,2,7
2638,2142,0,1,5
2638,2142,0,2,7
2639,2142,0,1,3
2639,2142,0,2,5
2640,2142,0,1,4
2640,2142,0,2,7
2641,2142,0,1,2
2641,2142,0,2,6
2642,2142,0,1,0
2642,2142,0,2,2
2643,2142,0,1,1
2643,2142,0,2,6
2644,2142,0,1,1
2644,2142,0,2,7
2645,2142,0,1,1
2645,2142,0,2,3
2646,2142,0,1,1
2646,2142,0,2,4
2647,2142,0,1,1
2647,2142,0,2,4
2648,2142,0,1,1
2648,2142,0,2,7
2649,2142,0,1,0
2649,2142,0,2,4
2650,2142,0,1,0
2650,2142,0,2,2
2651,2142,0,1,1
2651,2142,0,2,4
2652,2142,0,1,6
2652,2142,0,2,7
2653,2142,0,1,0
2653,2142,0,2,1
2654,2142,0,1,4
2654,2142,0,2,7
2655,2142,0,1,0
2655,2142,0,2,4
2624,2142,1,1,4
2624,2142,1,2,6
2625,2142,1,1,4
2625,2142,1,2,6
2626,2142,1,1,0
2626,2142,1,2,4
2627,2142,1,1,4
2627,2142,1,2,6
2628,2142,1,1,6
2628,2142,1,2,7
2629,2142,1,1,0
2629,2142,1,2,4
2630,2142,1,1,2
2630,2142,1,2,4
2631,2142,1,1,4
2631,2142,1,2,6
2632,2142,1,1,2
2632,2142,1,2,5
2633,2142,1,1,3
2633,2142,1,2,7
2634,2142,1,1,4
2634,2142,1,2,6
2635,2142,1,1,0
2635,2142,1,2,1
2636,2142,1,1,4
2636,2142,1,2,7
2637,2142,1,1,4
2637,2142,1,2,7
2638,2142,1,1,3
2638,2142,1,2,4
2639,2142,1,1,2
2639,2142,1,2,6
2640,2142,1,1,0
2640,2142,1,2,7
2641,2142,1,1,2
2641,2142,1,2,5
2642,2142,1,1,0
2642,2142,1,2,2
2643,2142,1,1,2
2643,2142,1,2,5
2644,2142,1,1,2
2644,2142,1,2,3
2645,2142,1,1,0
2645,2142,1,2,7
2646,2142,1,1,3
2646,2142,1,2,7
2647,2142,1,1,0
2647,2142,1,2,7
2648,2142,1,1,2
2648,2142,1,2,3
2649,2142,1,1,2
2649,2142,1,2,4
2650,2142,1,1,2
2650,2142,1,2,7
2651,2142,1,1,0
2651,2142,1,2,3
2652,2142,1,1,0
2652,2142,1,2,3
2653,2142,1,1,5
2653,2142,1,2,6
2654,2142,1,1,1
2654,2142,1,2,6
2655,2142,1,1,3
2655,2142,1,2,6
2624,2142,2,1,4
2624,2142,2,2,5
2625,2142,2,1,0
2625,2142,2,2,2
2626,2142,2,1,0
2626,2142,2,2,5
2627,2142,2,1,0
2627,2142,2,2,7
2628,2142,2,1,0
2628,2142,2,2,2
2629,2142,2,1,6
2629,2142,2,2,7
2630,2142,2,1,2
2630,2142,2,2,7
2631,2142,2,1,0
2631,2142,2,2,2
2632,2142,2,1,1
2632,2142,2,2,6
2633,2142,2,1,5
2633,2142,2,2,6
2634,2142,2,1,5
2634,2142,2,2,6
2635,2142,2,1,2
2635,2142,2,2,6
2636,2142,2,1,0
2636,2142,2,2,4
2637,2142,2,1,0
2637,2142,2,2,3
2638,2142,2,1,4
2638,2142,2,2,6
2639,2142,2,1,0
2639,2142,2,2,6
2640,2142,2,1,6
2640,2142,2,2,7
2641,2142,2,1,1
2641,2142,2,2,4
2642,2142,2,1,2
2642,2142,2,2,6
2643,2142,2,1,2
2643,2142,2,2,7
2644,2142,2,1,4
2644,2142,2,2,7
2645,2142,2,1,6
2645,2142,2,2,7
2646,2142,2,1,6
2646,2142,2,2,7
2647,2142,2,1,0
2647,2142,2,2,2
2648,2142,2,1,3
2648,2142,2,2,7
2649,2142,2,1,2
2649,2142,2,2,7
2650,2142,2,1,1
2650,2142,2,2,3
2651,2142,2,1,1
2651,2142,2,2,5
2652,2142,2,1,0
2652,2142,2,2,3
2653,2142,2,1,1
2653,2142,2,2,7
2654,2142,2,1,5
2654,2142,2,2,6
2655,2142,2,1,1
2655,2142,2,2,3
2624,2142,3,1,0
2624,2142,3,2,3
2625,2142,3,1,4
2625,2142,3,2,5
2626,2142,3,1,4
2626,2142,3,2,6
2627,2142,3,1,3
2627,2142,3,2,4
2628,2142,3,1,5
2628,2142,3,2,6
2629,2142,3,1,1
2629,2142,3,2,3
2630,2142,3,1,0
2630,2142,3,2,5
2631,2142,3,1,2
2631,2142,3,2,4
2632,2142,3,1,4
2632,2142,3,2,7
2633,2142,3,1,2
2633,2142,3,2,5
2634,2142,3,1,2
2634,2142,3,2,3
2635,2142,3,1,5
2635,2142,3,2,6
2636,2142,3,1,3
2636,2142,3,2,4
2637,2142,3,1,0
2637,2142,3,2,4
2638,2142,3,1,3
2638,2142,3,2,7
2639,2142,3,1,4
2639,2142,3,2,6
2640,2142,3,1,0
2640,2142,3,2,1
2641,2142,3,1,1
2641,2142,3,2,6
2642,2142,3,1,4
2642,2142,3,2,6
2643,2142,3,1,3
2643,2142,3,2,4
2644,2142,3,1,3
2644,2142,3,2,6
2645,2142,3,1,0
2645,2142,3,2,7
2646,2142,3,1,4
2646,2142,3,2,6
2647,2142,3,1,6
2647,2142,3,2,7
2648,2142,3,1,3
2648,2142,3,2,6
2649,2142,3,1,0
2649,2142,3,2,3
2650,2142,3,1,5
2650,2142,3,2,7
2651,2142,3,1,0
2651,2142,3,2,1
2652,2142,3,1,4
2652,2142,3,2,6
2653,2142,3,1,0
2653,2142,3,2,7
2654,2142,3,1,0
2654,2142,3,2,1
2655,2142,3,1,2
2655,2142,3,2,3
2624,2142,4,1,4
2624,2142,4,2,6
2625,2142,4,1,0
2625,2142,4,2,6
2626,2142,4,1,5
2626,2142,4,2,7
2627,2142,4,1,0
2627,2142,4,2,5
2628,2142,4,1,6
2628,2142,4,2,7
2629,2142,4,1,2
2629,2142,4,2,6
2630,2142,4,1,4
2630,2142,4,2,6
2631,2142,4,1,6
2631,2142,4,2,7
2632,2142,4,1,2
2632,2142,4,2,5
2633,2142,4,1,3
2633,2142,4,2,5
2634,2142,4,1,4
2634,2142,4,2,5
2635,2142,4,1,0
2635,2142,4,2,5
2636,2142,4,1,4
2636,2142,4,2,5
2637,2142,4,1,6
2637,2142,4,2,7
2638,2142,4,1,2
2638,2142,4,2,4
2639,2142,4,1,5
2639,2142,4,2,6
2640,2142,4,1,1
2640,2142,4,2,3
2641,2142,4,1,4
2641,2142,4,2,7
2642,2142,4,1,1
2642,2142,4,2,5
2643,2142,4,1,1
2643,2142,4,2,4
2644,2142,4,1,0
2644,2142,4,2,4
2645,2142,4,1,3
2645,2142,4,2,7
2646,2142,4,1,1
2646,2142,4,2,5
2647,2142,4,1,4
2647,2142,4,2,6
2648,2142,4,1,1
2648,2142,4,2,4
2649,2142,4,1,3
2649,2142,4,2,4
2650,2142,4,1,1
2650,2142,4,2,4
2651,2142,4,1,0
2651,2142,4,2,5
2652,2142,4,1,0
2652,2142,4,2,1
2653,2142,4,1,3
2653,2142,4,2,4
2654,2142,4,1,0
2654,2142,4,2,3
2655,2142,4,1,0
2655,2142,4,2,6
2624,2142,5,1,3
2624,2142,5,2,7
2625,2142,5,1,0
2625,2142,5,2,7
2626,2142,5,1,0
2626,2142,5,2,5
2627,2142,5,1,2
2627,2142,5,2,6
2628,2142,5,1,2
2628,2142,5,2,4
2629,2142,5,1,0
2629,2142,5,2,6
2630,2142,5,1,2
2630,2142,5,2,4
2631,2142,5,1,2
2631,2142,5,2,5
2632,2142,5,1,2
2632,2142,5,2,7
2633,2142,5,1,3
2633,2142,5,2,4
2634,2142,5,1,4
2634,2142,5,2,7
2635,2142,5,1,5
2635,2142,5,2,7
2636,2142,5,1,3
2636,2142,5,2,4
2637,2142,5,1,3
2637,2142,5,2,4
2638,2142,5,1,3
2638,2142,5,2,7
2639,2142,5,1,0
2639,2142,5,2,3
2640,2142,5,1,1
2640,2142,5,2,4
2641,2142,5,1,1
2641,2142,5,2,2
2642,2142,5,1,0
2642,2142,5,2,1
2643,2142,5,1,5
2643,2142,5,2,7
2644,2142,5,1,0
2644,2142,5,2,4
2645,2142,5,1,4
2645,2142,5,2,6
2646,2142,5,1,6
2646,2142,5,2,7
2647,2142,5,1,2
2647,2142,5,2,6
2648,2142,5,1,2
2648,2142,5,2,3
2649,2142,5,1,4
2649,2142,5,2,6
2650,2142,5,1,1
2650,2142,5,2,7
2651,2142,5,1,1
2651,2142,5,2,6
2652,2142,5,1,4
2652,2142,5,2,5
2653,2142,5,1,1
2653,2142,5,2,6
2654,2142,5,1,3
2654,2142,5,2,6
2655,2142,5,1,5
2655,2142,5,2,7
2624,2142,6,1,0
2624,2142,6,2,2
2625,2142,6,1,2
2625,2142,6,2,3
2626,2142,6,1,1
2626,2142,6,2,2
2627,2142,6,1,3
2627,2142,6,2,6
2628,2142,6,1,1
2628,2142,6,2,7
2629,2142,6,1,0
2629,2142,6,2,2
2630,2142,6,1,2
2630,2142,6,2,3
2631,2142,6,1,0
2631,2142,6,2,4
2632,2142,6,1,0
2632,2142,6,2,3
2633,2142,6,1,2
2633,2142,6,2,4
2634,2142,6,1,2
2634,2142,6,2,5
2635,2142,6,1,2
2635,2142,6,2,5
2636,2142,6,1,1
2636,2142,6,2,6
2637,2142,6,1,6
2637,2142,6,2,7
2638,2142,6,1,1
2638,2142,6,2,4
2639,2142,6,1,0
2639,2142,6,2,5
2640,2142,6,1,2
2640,2142,6,2,4
2641,2142,6,1,4
2641,2142,6,2,5
2642,2142,6,1,0
2642,2142,6,2,1
2643,2142,6,1,0
2643,2142,6,2,1
2644,2142,6,1,1
2644,2142,6,2,5
2645,2142,6,1,0
2645,2142,6,2,7
2646,2142,6,1,1
2646,2142,6,2,3
2647,2142,6,1,0
2647,2142,6,2,1
2648,2142,6,1,1
2648,2142,6,2,6
2649,2142,6,1,3
2649,2142,6,2,6
2650,2142,6,1,2
2650,2142,6,2,4
2651,2142,6,1,4
2651,2142,6,2,5
2652,2142,6,1,6
2652,2142,6,2,7
2653,2142,6,1,2
2653,2142,6,2,3
2654,2142,6,1,0
2654,2142,6,2,4
2655,2142,6,1,0
2655,2142,6,2,6
2624,2142,7,1,3
2624,2142,7,2,5
2625,2142,7,1,5
2625,2142,7,2,7
2626,2142,7,1,3
2626,2142,7,2,6
2627,2142,7,1,2
2627,2142,7,2,4
2628,2142,7,1,0
2628,2142,7,2,3
2629,2142,7,1,4
2629,2142,7,2,7
2630,2142,7,1,0
2630,2142,7,2,5
2631,2142,7,1,0
2631,2142,7,2,3
2632,2142,7,1,6
2632,2142,7,2,7
2633,2142,7,1,3
2633,2142,7,2,7
2634,2142,7,1,0
2634,2142,7,2,3
2635,2142,7,1,2
2635,2142,7,2,4
2636,2142,7,1,3
2636,2142,7,2,5
2637,2142,7,1,2
2637,2142,7,2,7
2638,2142,7,1,1
2638,2142,7,2,7
2639,2142,7,1,3
2639,2142,7,2,7
2640,2142,7,1,0
2640,2142,7,2,4
2641,2142,7,1,2
2641,2142,7,2,3
2642,2142,7,1,3
2642,2142,7,2,7
2643,2142,7,1,1
2643,2142,7,2,6
2644,2142,7,1,0
2644,2142,7,2,5
2645,2142,7,1,1
2645,2142,7,2,5
2646,2142,7,1,0
2646,2142,7,2,6
2647,2142,7,1,0
2647,2142,7,2,6
2648,2142,7,1,2
2648,2142,7,2,5
2649,2142,7,1,0
2649,2142,7,2,7
2650,2142,7,1,0
2650,2142,7,2,6
2651,2142,7,1,1
2651,2142,7,2,7
2652,2142,7,1,0
2652,2142,7,2,3
2653,2142,7,1,1
2653,2142,7,2,5
2654,2142,7,1,0
2654,2142,7,2,3
2655,2142,7,1,0
2655,2142,7,2,2
2624,2142,8,1,0
2624,2142,8,2,1
2625,2142,8,1,3
2625,2142,8,2,5
2626,2142,8,1,2
2626,2142,8,2,7
2627,2142,8,1,1
2627,2142,8,2,2
2628,2142,8,1,2
2628,2142,8,2,3
2629,2142,8,1,2
2629,2142,8,2,5
2630,2142,8,1,2
2630,2142,8,2,7
2631,2142,8,1,2
2631,2142,8,2,6
2632,2142,8,1,5
2632,2142,8,2,6
2633,2142,8,1,0
2633,2142,8,2,7
2634,2142,8,1,1
2634,2142,8,2,3
2635,2142,8,1,6
2635,2142,8,2,7
2636,2142,8,1,3
2636,2142,8,2,6
2637,2142,8,1,0
2637,2142,8,2,4
2638,2142,8,1,1
2638,2142,8,2,6
2639,2142,8,1,2
2639,2142,8,2,3
2640,2142,8,1,4
2640,2142,8,2,7
2641,2142,8,1,4
2641,2142,8,2,5
2642,2142,8,1,0
2642,2142,8,2,4
2643,2142,8,1,3
2643,2142,8,2,5
2644,2142,8,1,5
2644,2142,8,2,6
2645,2142,8,1,0
2645,2142,8,2,6
2646,2142,8,1,1
2646,2142,8,2,5
2647,2142,8,1,0
2647,2142,8,2,1
2648,2142,8,1,3
2648,2142,8,2,7
2649,2142,8,1,1
2649,2142,8,2,6
2650,2142,8,1,4
2650,2142,8,2,5
2651,2142,8,1,0
2651,2142,8,2,7
2652,2142,8,1,0
2652,2142,8,2,3
2653,2142,8,1,5
2653,2142,8,2,7
2654,2142,8,1,4
2654,2142,8,2,7
2655,2142,8,1,0
2655,2142,8,2,2
2624,2142,9,1,6
2624,2142,9,2,7
2625,2142,9,1,1
2625,2142,9,2,7
2626,2142,9,1,3
2626,2142,9,2,5
2627,2142,9,1,2
2627,2142,9,2,4
2628,2142,9,1,3
2628,2142,9,2,4
2629,2142,9,1,1
2629,2142,9,2,3
2630,2142,9,1,0
2630,2142,9,2,7
2631,2142,9,1,4
2631,2142,9,2,5
2632,2142,9,1,4
2632,2142,9,2,6
2633,2142,9,1,2
2633,2142,9,2,4
2634,2142,9,1,5
2634,2142,9,2,6
2635,2142,9,1,0
2635,2142,9,2,4
2636,2142,9,1,1
2636,2142,9,2,6
2637,2142,9,1,3
2637,2142,9,2,6
2638,2142,9,1,1
2638,2142,9,2,5
2639,2142,9,1,4
2639,2142,9,2,5
2640,2142,9,1,0
2640,2142,9,2,3
2641,2142,9,1,1
2641,2142,9,2,2
2642,2142,9,1,1
2642,2142,9,2,2
2643,2142,9,1,5
2643,2142,9,2,6
2644,2142,9,1,3
2644,2142,9,2,5
2645,2142,9,1,6
2645,2142,9,2,7
2646,2142,9,1,1
2646,2142,9,2,6
2647,2142,9,1,1
2647,2142,9,2,7
2648,2142,9,1,4
2648,2142,9,2,6
2649,2142,9,1,3
2649,2142,9,2,7
2650,2142,9,1,3
2650,2142,9,2,5
2651,2142,9,1,0
2651,2142,9,2,6
2652,2142,9,1,3
2652,2142,9,2,6
2653,2142,9,1,0
2653,2142,9,2,6
2654,2142,9,1,1
2654,2142,9,2,6
2655,2142,9,1,4
2655,2142,9,2,6
2624,2142,10,1,5
2624,2142,10,2,6
2625,2142,10,1,4
2625,2142,10,2,6
2626,2142,10,1,4
2626,2142,10,2,6
2627,2142,10,1,1
2627,2142,10,2,3
2628,2142,10,1,3
2628,2142,10,2,4
2629,2142,10,1,0
2629,2142,10,2,1
2630,2142,10,1,2
2630,2142,10,2,7
2631,2142,10,1,0
2631,2142,10,2,4
2632,2142,10,1,0
2632,2142,10,2,1
2633,2142,10,1,0
2633,2142,10,2,4
2634,2142,10,1,1
2634,2142,10,2,3
2635,2142,10,1,4
2635,2142,10,2,5
2636,2142,10,1,1
2636,2142,10,2,2
2637,2142,10,1,2
2637,2142,10,2,5
2638,2142,10,1,5
2638,2142,10,2,6
2639,2142,10,1,2
2639,2142,10,2,6
2640,2142,10,1,3
2640,2142,10,2,4
2641,2142,10,1,5
2641,2142,10,2,7
2642,2142,10,1,1
2642,2142,10,2,7
2643,2142,10,1,3
2643,2142,10,2,6
2644,2142,10,1,2
2644,2142,10,2,3
2645,2142,10,1,4
2645,2142,10,2,5
2646,2142,10,1,5
2646,2142,10,2,6
2647,2142,10,1,4
2647,2142,10,2,5
2648,2142,10,1,4
2648,2142,10,2,6
2649,2142,10,1,1
2649,2142,10,2,3
2650,2142,10,1,1
2650,2142,10,2,3
2651,2142,10,1,1
2651,2142,10,2,4
2652,2142,10,1,2
2652,2142,10,2,4
2653,2142,10,1,0
2653,2142,10,2,6
2654,2142,10,1,3
2654,2142,10,2,5
2655,2142,10,1,2
2655,2142,10,2,7
2624,2142,11,1,2
2624,2142,11,2,5
2625,2142,11,1,0
2625,2142,11,2,2
2626,2142,11,1,1
2626,2142,11,2,4
2627,2142,11,1,3
2627,2142,11,2,7
2628,2142,11,1,0
2628,2142,11,2,4
2629,2142,11,1,6
2629,2142,11,2,7
2630,2142,11,1,4
2630,2142,11,2,6
2631,2142,11,1,6
2631,2142,11,2,7
2632,2142,11,1,1
2632,2142,11,2,4
2633,2142,11,1,0
2633,2142,11,2,1
2634,2142,11,1,2
2634,2142,11,2,7
2635,2142,11,1,0
2635,2142,11,2,5
2636,2142,11,1,3
2636,2142,11,2,5
2637,2142,11,1,2
2637,2142,11,2,7
2638,2142,11,1,1
2638,2142,11,2,6
2639,2142,11,1,4
2639,2142,11,2,7
2640,2142,11,1,3
2640,2142,11,2,7
2641,2142,11,1,5
2641,2142,11,2,6
2642,2142,11,1,0
2642,2142,11,2,1
2643,2142,11,1,6
2643,2142,11,2,7
2644,2142,11,1,3
2644,2142,11,2,7
2645,2142,11,1,2
2645,2142,11,2,4
2646,2142,11,1,0
2646,2142,11,2,5
2647,2142,11,1,2
2647,2142,11,2,4
2648,2142,11,1,0
2648,2142,11,2,4
2649,2142,11,1,5
2649,2142,11,2,6
2650,2142,11,1,2
2650,2142,11,2,6
2651,2142,11,1,0
2651,2142,11,2,3
2652,2142,11,1,5
2652,2142,11,2,7
2653,2142,11,1,0
2653,2142,11,2,4
2654,2142,11,1,1
2654,2142,11,2,5
2655,2142,11,1,4
2655,2142,11,2,7
2624,2142,12,1,0
2624,2142,12,2,3
2625,2142,12,1,0
2625,2142,12,2,4
2626,2142,12,1,2
2626,2142,12,2,5
2627,2142,12,1,0
2627,2142,12,2,4
2628,2142,12,1,0
2628,2142,12,2,4
2629,2142,12,1,3
2629,2142,12,2,6
2630,2142,12,1,0
2630,2142,12,2,1
2631,2142,12,1,0
2631,2142,12,2,7
2632,2142,12,1,1
2632,2142,12,2,5
2633,2142,12,1,1
2633,2142,12,2,4
2634,2142,12,1,4
2634,2142,12,2,7
2635,2142,12,1,1
2635,2142,12,2,6
2636,2142,12,1,3
2636,2142,12,2,7
2637,2142,12,1,4
2637,2142,12,2,5
2638,2142,12,1,2
2638,2142,12,2,5
2639,2142,12,1,1
2639,2142,12,2,7
2640,2142,12,1,4
2640,2142,12,2,7
2641,2142,12,1,2
2641,2142,12,2,7
2642,2142,12,1,3
2642,2142,12,2,4
2643,2142,12,1,1
2643,2142,12,2,5
2644,2142,12,1,2
2644,2142,12,2,5
2645,2142,12,1,2
2645,2142,12,2,7
2646,2142,12,1,2
2646,2142,12,2,4
2647,2142,12,1,2
2647,2142,12,2,4
2648,2142,12,1,2
2648,2142,12,2,5
2649,2142,12,1,3
2649,2142,12,2,5
2650,2142,12,1,0
2650,2142,12,2,3
2651,2142,12,1,0
2651,2142,12,2,5
2652,2142,12,1,2
2652,2142,12,2,4
2653,2142,12,1,0
2653,2142,12,2,4
2654,2142,12,1,4
2654,2142,12,2,7
2655,2142,12,1,2
2655,2142,12,2,4
2624,2142,13,1,6
2624,2142,13,2,7
2625,2142,13,1,1
2625,2142,13,2,6
2626,2142,13,1,0
2626,2142,13,2,2
2627,2142,13,1,0
2627,2142,13,2,6
2628,2142,13,1,2
2628,2142,13,2,6
2629,2142,13,1,0
2629,2142,13,2,1
2630,2142,13,1,1
2630,2142,13,2,6
2631,2142,13,1,0
2631,2142,13,2,4
2632,2142,13,1,5
2632,2142,13,2,7
2633,2142,13,1,3
2633,2142,13,2,6
2634,2142,13,1,2
2634,2142,13,2,3
2635,2142,13,1,6
2635,2142,13,2,7
2636,2142,13,1,0
2636,2142,13,2,3
2637,2142,13,1,1
2637,2142,13,2,2
2638,2142,13,1,0
2638,2142,13,2,3
2639,2142,13,1,0
2639,2142,13,2,4
2640,2142,13,1,2
2640,2142,13,2,6
2641,2142,13,1,1
2641,2142,13,2,3
2642,2142,13,1,6
2642,2142,13,2,7
2643,2142,13,1,0
2643,2142,13,2,7
2644,2142,13,1,1
2644,2142,13,2,5
2645,2142,13,1,1
2645,2142,13,2,3
2646,2142,13,1,0
2646,2142,13,2,6
2647,2142,13,1,1
2647,2142,13,2,7
2648,2142,13,1,2
2648,2142,13,2,3
2649,2142,13,1,0
2649,2142,13,2,3
2650,2142,13,1,2
2650,2142,13,2,6
2651,2142,13,1,3
2651,2142,13,2,7
2652,2142,13,1,3
2652,2142,13,2,7
2653,2142,13,1,0
2653,2142,13,2,6
2654,2142,13,1,2
2654,2142,13,2,3
2655,2142,13,1,4
2655,2142,13,2,7
2624,2142,14,1,5
2624,2142,14,2,7
2625,2142,14,1,1
2625,2142,14,2,7
2626,2142,14,1,0
2626,2142,14,2,6
2627,2142,14,1,0
2627,2142,14,2,6
2628,2142,14,1,3
2628,2142,14,2,6
2629,2142,14,1,0
2629,2142,14,2,1
2630,2142,14,1,2
2630,2142,14,2,6
2631,2142,14,1,0
2631,2142,14,2,6
2632,2142,14,1,2
2632,2142,14,2,3
2633,2142,14,1,0
2633,2142,14,2,4
2634,2142,14,1,3
2634,2142,14,2,6
2635,2142,14,1,0
2635,2142,14,2,3
2636,2142,14,1,4
2636,2142,14,2,5
2637,2142,14,1,1
2637,2142,14,2,3
2638,2142,14,1,0
2638,2142,14,2,7
2639,2142,14,1,4
2639,2142,14,2,7
2640,2142,14,1,2
2640,2142,14,2,5
2641,2142,14,1,0
2641,2142,14,2,2
2642,2142,14,1,6
2642,2142,14,2,7
2643,2142,14,1,4
2643,2142,14,2,6
2644,2142,14,1,4
2644,2142,14,2,5
2645,2142,14,1,2
2645,2142,14,2,5
2646,2142,14,1,2
2646,2142,14,2,6
2647,2142,14,1,5
2647,2142,14,2,6
2648,2142,14,1,4
2648,2142,14,2,7
2649,2142,14,1,5
2649,2142,14,2,7
2650,2142,14,1,1
2650,2142,14,2,3
2651,2142,14,1,1
2651,2142,14,2,7
2652,2142,14,1,0
2652,2142,14,2,6
2653,2142,14,1,1
2653,2142,14,2,5
2654,2142,14,1,3
2654,2142,14,2,7
2655,2142,14,1,5
2655,2142,14,2,7
2624,2142,15,1,0
2624,2142,15,2,3
2625,2142,15,1,0
2625,2142,15,2,5
2626,2142,15,1,2
2626,2142,15,2,7
2627,2142,15,1,0
2627,2142,15,2,3
2628,2142,15,1,3
2628,2142,15,2,4
2629,2142,15,1,2
2629,2142,15,2,3
2630,2142,15,1,1
2630,2142,15,2,7
2631,2142,15,1,0
2631,2142,15,2,1
2632,2142,15,1,2
2632,2142,15,2,7
2633,2142,15,1,2
2633,2142,15,2,5
2634,2142,15,1,1
2634,2142,15,2,3
2635,2142,15,1,5
2635,2142,15,2,6
2636,2142,15,1,0
2636,2142,15,2,7
2637,2142,15,1,4
2637,2142,15,2,5
2638,2142,15,1,0
2638,2142,15,2,4
2639,2142,15,1,6
2639,2142,15,2,7
2640,2142,15,1,3
2640,2142,15,2,5
2641,2142,15,1,2
2641,2142,15,2,6
2642,2142,15,1,3
2642,2142,15,2,6
2643,2142,15,1,2
2643,2142,15,2,7
2644,2142,15,1,2
2644,2142,15,2,6
2645,2142,15,1,0
2645,2142,15,2,5
2646,2142,15,1,1
2646,2142,15,2,4
2647,2142,15,1,4
2647,2142,15,2,5
2648,2142,15,1,3
2648,2142,15,2,4
2649,2142,15,1,0
2649,2142,15,2,1
2650,2142,15,1,2
2650,2142,15,2,7
2651,2142,15,1,3
2651,2142,15,2,7
2652,2142,15,1,2
2652,2142,15,2,5
2653,2142,15,1,4
2653,2142,15,2,5
2654,2142,15,1,0
2654,2142,15,2,5
2655,2142,15,1,0
2655,2142,15,2,6
2624,2142,16,1,1
2624,2142,16,2,3
2625,2142,16,1,2
2625,2142,16,2,6
2626,2142,16,1,4
2626,2142,16,2,6
2627,2142,16,1,0
2627,2142,16,2,7
2628,2142,16,1,0
2628,2142,16,2,5
2629,2142,16,1,1
2629,2142,16,2,2
2630,2142,16,1,0
2630,2142,16,2,4
2631,2142,16,1,5
2631,2142,16,2,6
2632,2142,16,1,6
2632,2142,16,2,7
2633,2142,16,1,2
2633,2142,16,2,3
2634,2142,16,1,4
2634,2142,16,2,5
2635,2142,16,1,2
2635,2142,16,2,4
2636,2142,16,1,6
2636,2142,16,2,7
2637,2142,16,1,3
2637,2142,16,2,6
2638,2142,16,1,4
2638,2142,16,2,5
2639,2142,16,1,1
2639,2142,16,2,5
2640,2142,16,1,0
2640,2142,16,2,1
2641,2142,16,1,0
2641,2142,16,2,2
2642,2142,16,1,3
2642,2142,16,2,4
2643,2142,16,1,0
2643,2142,16,2,7
2644,2142,16,1,0
2644,2142,16,2,3
2645,2142,16,1,1
2645,2142,16,2,2
2646,2142,16,1,5
2646,2142,16,2,6
2647,2142,16,1,4
2647,2142,16,2,6
2648,2142,16,1,4
2648,2142,16,2,6
2649,2142,16,1,0
2649,2142,16,2,3
2650,2142,16,1,1
2650,2142,16,2,7
2651,2142,16,1,4
2651,2142,16,2,6
2652,2142,16,1,2
2652,2142,16,2,7
2653,2142,16,1,0
2653,2142,16,2,1
2654,2142,16,1,0
2654,2142,16,2,5
2655,2142,16,1,3
2655,2142,16,2,4
2624,2142,17,1,2
2624,2142,17,2,7
2625,2142,17,1,2
2625,2142,17,2,5
2626,2142,17,1,0
2626,2142,17,2,4
2627,2142,17,1,0
2627,2142,17,2,7
2628,2142,17,1,2
2628,2142,17,2,5
2629,2142,17,1,0
2629,2142,17,2,5
2630,2142,17,1,5
2630,2142,17,2,7
2631,2142,17,1,1
2631,2142,17,2,4
2632,2142,17,1,4
2632,2142,17,2,6
2633,2142,17,1,1
2633,2142,17,2,7
2634,2142,17,1,2
2634,2142,17,2,3
2635,2142,17,1,2
2635,2142,17,2,7
2636,2142,17,1,2
2636,2142,17,2,6
2637,2142,17,1,2
2637,2142,17,2,4
2638,2142,17,1,1
2638,2142,17,2,5
2639,2142,17,1,1
2639,2142,17,2,6
2640,2142,17,1,0
2640,2142,17,2,1
2641,2142,17,1,1
2641,2142,17,2,4
2642,2142,17,1,1
2642,2142,17,2,4
2643,2142,17,1,5
2643,2142,17,2,7
2644,2142,17,1,2
2644,2142,17,2,5
2645,2142,17,1,0
2645,2142,17,2,5
2646,2142,17,1,0
2646,2142,17,2,2
2647,2142,17,1,0
2647,2142,17,2,6
2648,2142,17,1,2
2648,2142,17,2,4
2649,2142,17,1,2
2649,2142,17,2,4
2650,2142,17,1,4
2650,2142,17,2,7
2651,2142,17,1,1
2651,2142,17,2,4
2652,2142,17,1,4
2652,2142,17,2,7
2653,2142,17,1,3
2653,2142,17,2,5
2654,2142,17,1,0
2654,2142,17,2,1
2655,2142,17,1,2
2655,2142,17,2,4
2624,2142,18,1,1
2624,2142,18,2,4
2625,2142,18,1,0
2625,2142,18,2,5
2626,2142,18,1,0
2626,2142,18,2,7
2627,2142,18,1,6
2627,2142,18,2,7
2628,2142,18,1,1
2628,2142,18,2,4
2629,2142,18,1,1
2629,2142,18,2,3
2630,2142,18,1,4
2630,2142,18,2,5
2631,2142,18,1,2
2631,2142,18,2,7
2632,2142,18,1,2
2632,2142,18,2,7
2633,2142,18,1,1
2633,2142,18,2,5
2634,2142,18,1,1
2634,2142,18,2,7
2635,2142,18,1,2
2635,2142,18,2,6
2636,2142,18,1,4
2636,2142,18,2,5
2637,2142,18,1,2
2637,2142,18,2,4
2638,2142,18,1,2
2638,2142,18,2,6
2639,2142,18,1,3
2639,2142,18,2,6
2640,2142,18,1,1
2640,2142,18,2,5
2641,2142,18,1,3
2641,2142,18,2,4
2642,2142,18,1,2
2642,2142,18,2,7
2643,2142,18,1,1
2643,2142,18,2,5
2644,2142,18,1,1
2644,2142,18,2,5
2645,2142,18,1,1
2645,2142,18,2,2
2646,2142,18,1,2
2646,2142,18,2,6
2647,2142,18,1,1
2647,2142,18,2,2
2648,2142,18,1,0
2648,2142,18,2,1
2649,2142,18,1,3
2649,2142,18,2,4
2650,2142,18,1,1
2650,2142,18,2,4
2651,2142,18,1,1
2651,2142,18,2,6
2652,2142,18,1,0
2652,2142,18,2,4
2653,2142,18,1,1
2653,2142,18,2,5
2654,2142,18,1,2
2654,2142,18,2,4
2655,2142,18,1,3
2655,2142,18,2,7
2624,2142,19,1,4
2624,2142,19,2,7
2625,2142,19,1,0
2625,2142,19,2,4
2626,2142,19,1,4
2626,2142,19,2,6
2627,2142,19,1,0
2627,2142,19,2,5
2628,2142,19,1,4
2628,2142,19,2,5
2629,2142,19,1,1
2629,2142,19,2,2
2630,2142,19,1,3
2630,2142,19,2,7
2631,2142,19,1,2
2631,2142,19,2,6
2632,2142,19,1,2
2632,2142,19,2,4
2633,2142,19,1,1
2633,2142,19,2,7
2634,2142,19,1,2
2634,2142,19,2,6
2635,2142,19,1,2
2635,2142,19,2,7
2636,2142,19,1,0
2636,2142,19,2,2
2637,2142,19,1,4
2637,2142,19,2,7
2638,2142,19,1,0
2638,2142,19,2,5
2639,2142,19,1,4
2639,2142,19,2,6
2640,2142,19,1,2
2640,2142,19,2,4
2641,2142,19,1,2
2641,2142,19,2,6
2642,2142,19,1,4
2642,2142,19,2,7
2643,2142,19,1,1
2643,2142,19,2,5
2644,2142,19,1,1
2644,2142,19,2,6
2645,2142,19,1,5
2645,2142,19,2,7
2646,2142,19,1,3
2646,2142,19,2,4
2647,2142,19,1,2
2647,2142,19,2,3
2648,2142,19,1,2
2648,2142,19,2,5
2649,2142,19,1,0
2649,2142,19,2,7
2650,2142,19,1,4
2650,2142,19,2,7
2651,2142,19,1,4
2651,2142,19,2,5
2652,2142,19,1,4
2652,2142,19,2,6
2653,2142,19,1,1
2653,2142,19,2,6
2654,2142,19,1,1
2654,2142,19,2,3
2655,2142,19,1,1
2655,2142,19,2,3
2624,2142,20,1,5
2624,2142,20,2,6
2625,2142,20,1,5
2625,2142,20,2,6
2626,2142,20,1,0
2626,2142,20,2,5
2627,2142,20,1,0
2627,2142,20,2,4
2628,2142,20,1,0
2628,2142,20,2,4
2629,2142,20,1,1
2629,2142,20,2,2
2630,2142,20,1,0
2630,2142,20,2,2
2631,2142,20,1,5
2631,2142,20,2,6
2632,2142,20,1,0
2632,2142,20,2,1
2633,2142,20,1,1
2633,2142,20,2,2
2634,2142,20,1,3
2634,2142,20,2,6
2635,2142,20,1,0
2635,2142,20,2,2
2636,2142,20,1,1
2636,2142,20,2,5
2637,2142,20,1,0
2637,2142,20,2,7
2638,2142,20,1,2
2638,2142,20,2,7
2639,2142,20,1,5
2639,2142,20,2,7
2640,2142,20,1,1
2640,2142,20,2,7
2641,2142,20,1,3
2641,2142,20,2,4
2642,2142,20,1,0
2642,2142,20,2,4
2643,2142,20,1,2
2643,2142,20,2,3
2644,2142,20,1,1
2644,2142,20,2,5
2645,2142,20,1,5
2645,2142,20,2,6
2646,2142,20,1,2
2646,2142,20,2,7
2647,2142,20,1,2
2647,2142,20,2,4
2648,2142,20,1,0
2648,2142,20,2,2
2649,2142,20,1,3
2649,2142,20,2,4
2650,2142,20,1,0
2650,2142,20,2,4
2651,2142,20,1,4
2651,2142,20,2,6
2652,2142,20,1,4
2652,2142,20,2,5
2653,2142,20,1,3
2653,2142,20,2,4
2654,2142,20,1,2
2654,2142,20,2,3
2655,2142,20,1,5
2655,2142,20,2,6
2624,2142,21,1,4
2624,2142,21,2,5
2625,2142,21,1,3
2625,2142,21,2,6
2626,2142,21,1,0
2626,2142,21,2,4
2627,2142,21,1,0
2627,2142,21,2,5
2628,2142,21,1,1
2628,2142,21,2,4
2629,2142,21,1,2
2629,2142,21,2,3
2630,2142,21,1,0
2630,2142,21,2,7
2631,2142,21,1,2
2631,2142,21,2,3
2632,2142,21,1,1
2632,2142,21,2,5
2633,2142,21,1,5
2633,2142,21,2,7
2634,2142,21,1,2
2634,2142,21,2,4
2635,2142,21,1,0
2635,2142,21,2,4
2636,2142,21,1,2
2636,2142,21,2,7
2637,2142,21,1,2
2637,2142,21,2,4
2638,2142,21,1,2
2638,2142,21,2,5
2639,2142,21,1,4
2639,2142,21,2,5
2640,2142,21,1,3
2640,2142,21,2,6
2641,2142,21,1,0
2641,2142,21,2,2
2642,2142,21,1,2
2642,2142,21,2,3
2643,2142,21,1,1
2643,2142,21,2,5
2644,2142,21,1,1
2644,2142,21,2,4
2645,2142,21,1,4
2645,2142,21,2,7
2646,2142,21,1,1
2646,2142,21,2,4
2647,2142,21,1,3
2647,2142,21,2,7
2648,2142,21,1,0
2648,2142,21,2,5
2649,2142,21,1,2
2649,2142,21,2,5
2650,2142,21,1,4
2650,2142,21,2,5
2651,2142,21,1,0
2651,2142,21,2,4
2652,2142,21,1,3
2652,2142,21,2,4
2653,2142,21,1,3
2653,2142,21,2,5
2654,2142,21,1,1
2654,2142,21,2,2
2655,2142,21,1,0
2655,2142,21,2,4
2624,2142,22,1,4
2624,2142,22,2,6
2625,2142,22,1,2
2625,2142,22,2,6
2626,2142,22,1,4
2626,2142,22,2,6
2627,2142,22,1,3
2627,2142,22,2,7
2628,2142,22,1,0
2628,2142,22,2,1
2629,2142,22,1,2
2629,2142,22,2,6
2630,2142,22,1,3
2630,2142,22,2,7
2631,2142,22,1,2
2631,2142,22,2,5
2632,2142,22,1,0
2632,2142,22,2,4
2633,2142,22,1,1
2633,2142,22,2,6
2634,2142,22,1,4
2634,2142,22,2,7
2635,2142,22,1,1
2635,2142,22,2,6
2636,2142,22,1,0
2636,2142,22,2,5
2637,2142,22,1,2
2637,2142,22,2,6
2638,2142,22,1,2
2638,2142,22,2,5
2639,2142,22,1,1
2639,2142,22,2,3
2640,2142,22,1,0
2640,2142,22,2,1
2641,2142,22,1,0
2641,2142,22,2,5
2642,2142,22,1,2
2642,2142,22,2,7
2643,2142,22,1,6
2643,2142,22,2,7
2644,2142,22,1,1
2644,2142,22,2,4
2645,2142,22,1,1
2645,2142,22,2,2
2646,2142,22,1,3
2646,2142,22,2,6
2647,2142,22,1,1
2647,2142,22,2,6
2648,2142,22,1,4
2648,2142,22,2,5
2649,2142,22,1,4
2649,2142,22,2,6
2650,2142,22,1,1
2650,2142,22,2,6
2651,2142,22,1,3
2651,2142,22,2,7
2652,2142,22,1,2
2652,2142,22,2,3
2653,2142,22,1,2
2653,2142,22,2,4
2654,2142,22,1,0
2654,2142,22,2,4
2655,2142,22,1,4
2655,2142,22,2,7
2624,2142,23,1,0
2624,2142,23,2,3
2625,2142,23,1,2
2625,2142,23,2,6
2626,2142,23,1,3
2626,2142,23,2,5
2627,2142,23,1,1
2627,2142,23,2,6
2628,2142,23,1,0
2628,2142,23,2,3
2629,2142,23,1,0
2629,2142,23,2,3
2630,2142,23,1,0
2630,2142,23,2,5
2631,2142,23,1,3
2631,2142,23,2,7
2632,2142,23,1,0
2632,2142,23,2,3
2633,2142,23,1,4
2633,2142,23,2,7
2634,2142,23,1,4
2634,2142,23,2,6
2635,2142,23,1,6
2635,2142,23,2,7
2636,2142,23,1,1
2636,2142,23,2,5
2637,2142,23,1,5
2637,2142,23,2,7
2638,2142,23,1,4
2638,2142,23,2,6
2639,2142,23,1,1
2639,2142,23,2,6
2640,2142,23,1,1
2640,2142,23,2,6
2641,2142,23,1,0
2641,2142,23,2,2
2642,2142,23,1,3
2642,2142,23,2,6
2643,2142,23,1,6
2643,2142,23,2,7
2644,2142,23,1,3
2644,2142,23,2,5
2645,2142,23,1,4
2645,2142,23,2,7
2646,2142,23,1,0
2646,2142,23,2,5
2647,2142,23,1,2
2647,2142,23,2,5
2648,2142,23,1,1
2648,2142,23,2,6
2649,2142,23,1,0
2649,2142,23,2,1
2650,2142,23,1,2
2650,2142,23,2,4
2651,2142,23,1,0
2651,2142,23,2,4
2652,2142,23,1,1
2652,2142,23,2,3
2653,2142,23,1,3
2653,2142,23,2,6
2654,2142,23,1,3
2654,2142,23,2,6
2655,2142,23,1,3
2655,2142,23,2,4
2624,2142,24,1,0
2624,2142,24,2,7
2625,2142,24,1,2
2625,2142,24,2,4
2626,2142,24,1,0
2626,2142,24,2,1
2627,2142,24,1,6
2627,2142,24,2,7
2628,2142,24,1,4
2628,2142,24,2,5
2629,2142,24,1,0
2629,2142,24,2,1
2630,2142,24,1,2
2630,2142,24,2,5
2631,2142,24,1,6
2631,2142,24,2,7
2632,2142,24,1,3
2632,2142,24,2,4
2633,2142,24,1,3
2633,2142,24,2,5
2634,2142,24,1,2
2634,2142,24,2,7
2635,2142,24,1,3
2635,2142,24,2,5
2636,2142,24,1,4
2636,2142,24,2,6
2637,2142,24,1,3
2637,2142,24,2,4
2638,2142,24,1,4
2638,2142,24,2,5
2639,2142,24,1,0
2639,2142,24,2,1
2640,2142,24,1,0
2640,2142,24,2,7
2641,2142,24,1,2
2641,2142,24,2,3
2642,2142,24,1,3
2642,2142,24,2,6
2643,2142,24,1,4
2643,2142,24,2,5
2644,2142,24,1,3
2644,2142,24,2,7
2645,2142,24,1,1
2645,2142,24,2,4
2646,2142,24,1,5
2646,2142,24,2,7
2647,2142,24,1,2
2647,2142,24,2,7
2648,2142,24,1,3
2648,2142,24,2,5
2649,2142,24,1,1
2649,2142,24,2,5
2650,2142,24,1,2
2650,2142,24,2,7
2651,2142,24,1,5
2651,2142,24,2,7
2652,2142,24,1,2
2652,2142,24,2,5
2653,2142,24,1,2
2653,2142,24,2,5
2654,2142,24,1,0
2654,2142,24,2,4
2655,2142,24,1,0
2655,2142,24,2,2
2624,2142,25,1,3
2624,2142,25,2,4
2625,2142,25,1,0
2625,2142,25,2,6
2626,2142,25,1,3
2626,2142,25,2,4
2627,2142,25,1,1
2627,2142,25,2,2
2628,2142,25,1,2
2628,2142,25,2,6
2629,2142,25,1,4
2629,2142,25,2,5
2630,2142,25,1,4
2630,2142,25,2,5
2631,2142,25,1,5
2631,2142,25,2,7
2632,2142,25,1,4
2632,2142,25,2,6
2633,2142,25,1,5
2633,2142,25,2,7
2634,2142,25,1,4
2634,2142,25,2,6
2635,2142,25,1,1
2635,2142,25,2,6
2636,2142,25,1,0
2636,2142,25,2,4
2637,2142,25,1,6
2637,2142,25,2,7
2638,2142,25,1,5
2638,2142,25,2,7
2639,2142,25,1,1
2639,2142,25,2,3
2640,2142,25,1,2
2640,2142,25,2,7
2641,2142,25,1,5
2641,2142,25,2,7
2642,2142,25,1,0
2642,2142,25,2,6
2643,2142,25,1,0
2643,2142,25,2,3
2644,2142,25,1,2
2644,2142,25,2,3
2645,2142,25,1,2
2645,2142,25,2,7
2646,2142,25,1,2
2646,2142,25,2,4
2647,2142,25,1,3
2647,2142,25,2,5
2648,2142,25,1,2
2648,2142,25,2,3
2649,2142,25,1,5
2649,2142,25,2,7
2650,2142,25,1,0
2650,2142,25,2,1
2651,2142,25,1,3
2651,2142,25,2,7
2652,2142,25,1,2
2652,2142,25,2,6
2653,2142,25,1,1
2653,2142,25,2,5
2654,2142,25,1,3
2654,2142,25,2,4
2655,2142,25,1,3
2655,2142,25,2,4
2624,2142,26,1,4
2624,2142,26,2,6
2625,2142,26,1,2
2625,2142,26,2,6
2626,2142,26,1,4
2626,2142,26,2,5
2627,2142,26,1,0
2627,2142,26,2,1
2628,2142,26,1,0
2628,2142,26,2,7
2629,2142,26,1,5
2629,2142,26,2,7
2630,2142,26,1,4
2630,2142,26,2,6
2631,2142,26,1,1
2631,2142,26,2,6
2632,2142,26,1,0
2632,2142,26,2,1
2633,2142,26,1,0
2633,2142,26,2,6
2634,2142,26,1,4
2634,2142,26,2,5
2635,2142,26,1,4
2635,2142,26,2,5
2636,2142,26,1,0
2636,2142,26,2,6
2637,2142,26,1,0
2637,2142,26,2,2
2638,2142,26,1,0
2638,2142,26,2,2
2639,2142,26,1,2
2639,2142,26,2,5
2640,2142,26,1,0
2640,2142,26,2,7
2641,2142,26,1,2
2641,2142,26,2,4
2642,2142,26,1,1
2642,2142,26,2,4
2643,2142,26,1,4
2643,2142,26,2,5
2644,2142,26,1,2
2644,2142,26,2,4
2645,2142,26,1,5
2645,2142,26,2,6
2646,2142,26,1,2
2646,2142,26,2,4
2647,2142,26,1,0
2647,2142,26,2,3
2648,2142,26,1,0
2648,2142,26,2,3
2649,2142,26,1,1
2649,2142,26,2,2
2650,2142,26,1,1
2650,2142,26,2,3
2651,2142,26,1,6
2651,2142,26,2,7
2652,2142,26,1,1
2652,2142,26,2,4
2653,2142,26,1,0
2653,2142,26,2,7
2654,2142,26,1,2
2654,2142,26,2,6
2655,2142,26,1,5
2655,2142,26,2,6
2624,2142,27,1,4
2624,2142,27,2,6
2625,2142,27,1,4
2625,2142,27,2,7
2626,2142,27,1,0
2626,2142,27,2,2
2627,2142,27,1,0
2627,2142,27,2,6
2628,2142,27,1,2
2628,2142,27,2,7
2629,2142,27,1,4
2629,2142,27,2,7
2630,2142,27,1,2
2630,2142,27,2,7
2631,2142,27,1,1
2631,2142,27,2,5
2632,2142,27,1,2
2632,2142,27,2,6
2633,2142,27,1,2
2633,2142,27,2,7
2634,2142,27,1,1
2634,2142,27,2,4
2635,2142,27,1,2
2635,2142,27,2,6
2636,2142,27,1,3
2636,2142,27,2,6
2637,2142,27,1,4
2637,2142,27,2,5
2638,2142,27,1,0
2638,2142,27,2,4
2639,2142,27,1,4
2639,2142,27,2,6
2640,2142,27,1,0
2640,2142,27,2,5
2641,2142,27,1,1
2641,2142,27,2,4
2642,2142,27,1,4
2642,2142,27,2,5
2643,2142,27,1,0
2643,2142,27,2,6
2644,2142,27,1,3
2644,2142,27,2,6
2645,2142,27,1,1
2645,2142,27,2,3
2646,2142,27,1,6
2646,2142,27,2,7
2647,2142,27,1,0
2647,2142,27,2,6
2648,2142,27,1,1
2648,2142,27,2,3
2649,2142,27,1,0
2649,2142,27,2,5
2650,2142,27,1,0
2650,2142,27,2,5
2651,2142,27,1,1
2651,2142,27,2,3
2652,2142,27,1,2
2652,2142,27,2,5
2653,2142,27,1,3
2653,2142,27,2,4
2654,2142,27,1,1
2654,2142,27,2,6
2655,2142,27,1,3
2655,2142,27,2,7
2624,2142,28,1,0
2624,2142,28,2,5
2625,2142,28,1,1
2625,2142,28,2,2
2626,2142,28,1,2
2626,2142,28,2,5
2627,2142,28,1,0
2627,2142,28,2,5
2628,2142,28,1,4
2628,2142,28,2,7
2629,2142,28,1,0
2629,2142,28,2,1
2630,2142,28,1,4
2630,2142,28,2,7
2631,2142,28,1,1
2631,2142,28,2,5
2632,2142,28,1,1
2632,2142,28,2,4
2633,2142,28,1,1
2633,2142,28,2,3
2634,2142,28,1,0
2634,2142,28,2,7
2635,2142,28,1,3
2635,2142,28,2,4
2636,2142,28,1,2
2636,2142,28,2,3
2637,2142,28,1,0
2637,2142,28,2,4
2638,2142,28,1,0
2638,2142,28,2,7
2639,2142,28,1,2
2639,2142,28,2,3
2640,2142,28,1,5
2640,2142,28,2,6
2641,2142,28,1,3
2641,2142,28,2,6
2642,2142,28,1,6
2642,2142,28,2,7
2643,2142,28,1,2
2643,2142,28,2,3
2644,2142,28,1,2
2644,2142,28,2,5
2645,2142,28,1,1
2645,2142,28,2,2
2646,2142,28,1,0
2646,2142,28,2,1
2647,2142,28,1,3
2647,2142,28,2,7
2648,2142,28,1,5
2648,2142,28,2,7
2649,2142,28,1,0
2649,2142,28,2,1
2650,2142,28,1,0
2650,2142,28,2,6
2651,2142,28,1,3
2651,2142,28,2,4
2652,2142,28,1,0
2652,2142,28,2,1
2653,2142,28,1,0
2653,2142,28,2,2
2654,2142,28,1,2
2654,2142,28,2,4
2655,2142,28,1,3
2655,2142,28,2,5
2624,2142,29,1,4
2624,2142,29,2,7
2625,2142,29,1,0
2625,2142,29,2,3
2626,2142,29,1,2
2626,2142,29,2,4
2627,2142,29,1,1
2627,2142,29,2,6
2628,2142,29,1,1
2628,2142,29,2,2
2629,2142,29,1,2
2629,2142,29,2,5
2630,2142,29,1,0
2630,2142,29,2,3
2631,2142,29,1,1
2631,2142,29,2,5
2632,2142,29,1,0
2632,2142,29,2,5
2633,2142,29,1,1
2633,2142,29,2,5
2634,2142,29,1,1
2634,2142,29,2,7
2635,2142,29,1,2
2635,2142,29,2,3
2636,2142,29,1,1
2636,2142,29,2,2
2637,2142,29,1,2
2637,2142,29,2,5
2638,2142,29,1,3
2638,2142,29,2,6
2639,2142,29,1,3
2639,2142,29,2,4
2640,2142,29,1,5
2640,2142,29,2,6
2641,2142,29,1,2
2641,2142,29,2,7
2642,2142,29,1,1
2642,2142,29,2,4
2643,2142,29,1,2
2643,2142,29,2,5
2644,2142,29,1,4
2644,2142,29,2,5
2645,2142,29,1,0
2645,2142,29,2,2
2646,2142,29,1,1
2646,2142,29,2,6
2647,2142,29,1,5
2647,2142,29,2,7
2648,2142,29,1,0
2648,2142,29,2,6
2649,2142,29,1,1
2649,2142,29,2,2
2650,2142,29,1,0
2650,2142,29,2,4
2651,2142,29,1,0
2651,2142,29,2,6
2652,2142,29,1,2
2652,2142,29,2,3
2653,2142,29,1,0
2653,2142,29,2,3
2654,2142,29,1,3
2654,2142,29,2,6
2655,2142,29,1,5
2655,2142,29,2,6
2624,2142,30,1,1
2624,2142,30,2,3
2625,2142,30,1,1
2625,2142,30,2,2
2626,2142,30,1,2
2626,2142,30,2,4
2627,2142,30,1,1
2627,2142,30,2,4
2628,2142,30,1,3
2628,2142,30,2,5
2629,2142,30,1,2
2629,2142,30,2,4
2630,2142,30,1,0
2630,2142,30,2,5
2631,2142,30,1,3
2631,2142,30,2,5
2632,2142,30,1,2
2632,2142,30,2,7
2633,2142,30,1,3
2633,2142,30,2,7
2634,2142,30,1,0
2634,2142,30,2,4
2635,2142,30,1,2
2635,2142,30,2,3
2636,2142,30,1,0
2636,2142,30,2,4
2637,2142,30,1,1
2637,2142,30,2,3
2638,2142,30,1,5
2638,2142,30,2,7
2639,2142,30,1,2
2639,2142,30,2,6
2640,2142,30,1,2
2640,2142,30,2,5
2641,2142,30,1,1
2641,2142,30,2,5
2642,2142,30,1,2
2642,2142,30,2,7
2643,2142,30,1,5
2643,2142,30,2,7
2644,2142,30,1,1
2644,2142,30,2,5
2645,2142,30,1,3
2645,2142,30,2,5
2646,2142,30,1,3
2646,2142,30,2,4
2647,2142,30,1,1
2647,2142,30,2,4
2648,2142,30,1,2
2648,2142,30,2,5
2649,2142,30,1,1
2649,2142,30,2,6
2650,2142,30,1,5
2650,2142,30,2,7
2651,2142,30,1,3
2651,2142,30,2,5
2652,2142,30,1,0
2652,2142,30,2,4
2653,2142,30,1,6
2653,2142,30,2,7
2654,2142,30,1,2
2654,2142,30,2,4
2655,2142,30,1,2
2655,2142,30,2,3
2624,2142,31,1,1
2624,2142,31,2,2
2625,2142,31,1,0
2625,2142,31,2,1
2626,2142,31,1,1
2626,2142,31,2,3
2627,2142,31,1,0
2627,2142,31,2,6
2628,2142,31,1,3
2628,2142,31,2,5
2629,2142,31,1,2
2629,2142,31,2,4
2630,2142,31,1,0
2630,2142,31,2,6
2631,2142,31,1,2
2631,2142,31,2,5
2632,2142,31,1,0
2632,2142,31,2,5
2633,2142,31,1,1
2633,2142,31,2,4
2634,2142,31,1,0
2634,2142,31,2,2
2635,2142,31,1,5
2635,2142,31,2,7
2636,2142,31,1,3
2636,2142,31,2,5
2637,2142,31,1,2
2637,2142,31,2,4
2638,2142,31,1,4
2638,2142,31,2,6
2639,2142,31,1,0
2639,2142,31,2,6
2640,2142,31,1,3
2640,2142,31,2,5
2641,2142,31,1,1
2641,2142,31,2,5
2642,2142,31,1,2
2642,2142,31,2,6
2643,2142,31,1,4
2643,2142,31,2,6
2644,2142,31,1,4
2644,2142,31,2,5
2645,2142,31,1,0
2645,2142,31,2,5
2646,2142,31,1,4
2646,2142,31,2,6
2647,2142,31,1,3
2647,2142,31,2,5
2648,2142,31,1,2
2648,2142,31,2,7
2649,2142,31,1,0
2649,2142,31,2,5
2650,2142,31,1,0
2650,2142,31,2,4
2651,2142,31,1,0
2651,2142,31,2,7
2652,2142,31,1,1
2652,2142,31,2,3
2653,2142,31,1,0
2653,2142,31,2,2
2654,2142,31,1,1
2654,2142,31,2,7
2655,2142,31,1,1
2655,2142,31,2,6
2624,2143,0,1,4
2624,2143,0,2,7
2625,2143,0,1,4
2625,2143,0,2,7
2626,2143,0,1,3
2626,2143,0,2,6
2627,2143,0,1,3
2627,2143,0,2,5
2628,2143,0,1,0
2628,2143,0,2,2
2629,2143,0,1,4
2629,2143,0,2,6
2630,2143,0,1,4
2630,2143,0,2,5
2631,2143,0,1,2
2631,2143,0,2,7
2632,2143,0,1,2
2632,2143,0,2,4
2633,2143,0,1,0
2633,2143,0,2,4
2634,2143,0,1,0
2634,2143,0,2,3
2635,2143,0,1,4
2635,2143,0,2,7
2636,2143,0,1,2
2636,2143,0,2,7
2637,2143,0,1,3
2637,2143,0,2,4
2638,2143,0,1,2
2638,2143,0,2,6
2639,2143,0,1,3
2639,2143,0,2,5
2640,2143,0,1,1
2640,2143,0,2,7
2641,2143,0,1,0
2641,2143,0,2,3
2642,2143,0,1,1
2642,2143,0,2,2
2643,2143,0,1,2
2643,2143,0,2,7
2644,2143,0,1,0
2644,2143,0,2,7
2645,2143,0,1,0
2645,2143,0,2,2
2646,2143,0,1,1
2646,2143,0,2,3
2647,2143,0,1,0
2647,2143,0,2,7
2648,2143,0,1,2
2648,2143,0,2,7
2649,2143,0,1,5
2649,2143,0,2,6
2650,2143,0,1,2
2650,2143,0,2,6
2651,2143,0,1,1
2651,2143,0,2,5
2652,2143,0,1,2
2652,2143,0,2,4
2653,2143,0,1,3
2653,2143,0,2,4
2654,2143,0,1,2
2654,2143,0,2,3
2655,2143,0,1,5
2655,2143,0,2,6
2624,2143,1,1,2
2624,2143,1,2,3
2625,2143,1,1,2
2625,2143,1,2,7
2626,2143,1,1,6
2626,2143,1,2,7
2627,2143,1,1,0
2627,2143,1,2,6
2628,2143,1,1,1
2628,2143,1,2,6
2629,2143,1,1,4
2629,2143,1,2,6
2630,2143,1,1,0
2630,2143,1,2,5
2631,2143,1,1,2
2631,2143,1,2,3
2632,2143,1,1,3
2632,2143,1,2,4
2633,2143,1,1,4
2633,2143,1,2,5
2634,2143,1,1,2
2634,2143,1,2,3
2635,2143,1,1,0
2635,2143,1,2,6
2636,2143,1,1,0
2636,2143,1,2,3
2637,2143,1,1,2
2637,2143,1,2,4
2638,2143,1,1,0
2638,2143,1,2,3
2639,2143,1,1,0
2639,2143,1,2,4
2640,2143,1,1,0
2640,2143,1,2,2
2641,2143,1,1,0
2641,2143,1,2,2
2642,2143,1,1,0
2642,2143,1,2,1
2643,2143,1,1,3
2643,2143,1,2,5
2644,2143,1,1,3
2644,2143,1,2,7
2645,2143,1,1,3
2645,2143,1,2,4
2646,2143,1,1,2
2646,2143,1,2,7
2647,2143,1,1,2
2647,2143,1,2,4
2648,2143,1,1,0
2648,2143,1,2,1
2649,2143,1,1,2
2649,2143,1,2,5
2650,2143,1,1,1
2650,2143,1,2,3
2651,2143,1,1,2
2651,2143,1,2,7
2652,2143,1,1,0
2652,2143,1,2,4
2653,2143,1,1,3
2653,2143,1,2,5
2654,2143,1,1,1
2654,2143,1,2,5
2655,2143,1,1,0
2655,2143,1,2,4
2624,2143,2,1,0
2624,2143,2,2,3
2625,2143,2,1,1
2625,2143,2,2,3
2626,2143,2,1,0
2626,2143,2,2,1
2627,2143,2,1,2
2627,2143,2,2,6
2628,2143,2,1,1
2628,2143,2,2,2
2629,2143,2,1,1
2629,2143,2,2,2
2630,2143,2,1,4
2630,2143,2,2,5
2631,2143,2,1,4
2631,2143,2,2,5
2632,2143,2,1,1
2632,2143,2,2,5
2633,2143,2,1,2
2633,2143,2,2,3
2634,2143,2,1,1
2634,2143,2,2,4
2635,2143,2,1,3
2635,2143,2,2,4
2636,2143,2,1,4
2636,2143,2,2,7
2637,2143,2,1,1
2637,2143,2,2,7
2638,2143,2,1,0
2638,2143,2,2,3
2639,2143,2,1,5
2639,2143,2,2,7
2640,2143,2,1,2
2640,2143,2,2,5
2641,2143,2,1,2
2641,2143,2,2,7
2642,2143,2,1,2
2642,2143,2,2,4
2643,2143,2,1,1
2643,2143,2,2,4
2644,2143,2,1,0
2644,2143,2,2,7
2645,2143,2,1,1
2645,2143,2,2,2
2646,2143,2,1,0
2646,2143,2,2,2
2647,2143,2,1,1
2647,2143,2,2,3
2648,2143,2,1,5
2648,2143,2,2,6
2649,2143,2,1,2
2649,2143,2,2,5
2650,2143,2,1,0
2650,2143,2,2,5
2651,2143,2,1,0
2651,2143,2,2,2
2652,2143,2,1,0
2652,2143,2,2,5
2653,2143,2,1,0
2653,2143,2,2,2
2654,2143,2,1,3
2654,2143,2,2,6
2655,2143,2,1,6
2655,2143,2,2,7
2624,2143,3,1,0
2624,2143,3,2,3
2625,2143,3,1,0
2625,2143,3,2,2
2626,2143,3,1,2
2626,2143,3,2,7
2627,2143,3,1,1
2627,2143,3,2,3
2628,2143,3,1,5
2628,2143,3,2,7
2629,2143,3,1,5
2629,2143,3,2,6
2630,2143,3,1,6
2630,2143,3,2,7
2631,2143,3,1,2
2631,2143,3,2,5
2632,2143,3,1,5
2632,2143,3,2,6
2633,2143,3,1,0
2633,2143,3,2,1
2634,2143,3,1,0
2634,2143,3,2,6
2635,2143,3,1,0
2635,2143,3,2,5
2636,2143,3,1,0
2636,2143,3,2,3
2637,2143,3,1,1
2637,2143,3,2,5
2638,2143,3,1,1
2638,2143,3,2,5
2639,2143,3,1,0
2639,2143,3,2,7
2640,2143,3,1,2
2640,2143,3,2,4
2641,2143,3,1,2
2641,2143,3,2,7
2642,2143,3,1,0
2642,2143,3,2,5
2643,2143,3,1,1
2643,2143,3,2,7
2644,2143,3,1,3
2644,2143,3,2,6
2645,2143,3,1,0
2645,2143,3,2,6
2646,2143,3,1,0
2646,2143,3,2,1
2647,2143,3,1,3
2647,2143,3,2,4
2648,2143,3,1,2
2648,2143,3,2,4
2649,2143,3,1,2
2649,2143,3,2,4
2650,2143,3,1,2
2650,2143,3,2,5
2651,2143,3,1,3
2651,2143,3,2,4
2652,2143,3,1,4
2652,2143,3,2,7
2653,2143,3,1,6
2653,2143,3,2,7
2654,2143,3,1,5
2654,2143,3,2,7
2655,2143,3,1,2
2655,2143,3,2,4
2624,2143,4,1,3
2624,2143,4,2,5
2625,2143,4,1,2
2625,2143,4,2,6
2626,2143,4,1,0
2626,2143,4,2,2
2627,2143,4,1,6
2627,2143,4,2,7
2628,2143,4,1,3
2628,2143,4,2,4
2629,2143,4,1,5
2629,2143,4,2,6
2630,2143,4,1,1
2630,2143,4,2,7
2631,2143,4,1,4
2631,2143,4,2,5
2632,2143,4,1,1
2632,2143,4,2,5
2633,2143,4,1,2
2633,2143,4,2,3
2634,2143,4,1,1
2634,2143,4,2,7
2635,2143,4,1,0
2635,2143,4,2,2
2636,2143,4,1,3
2636,2143,4,2,4
2637,2143,4,1,1
2637,2143,4,2,7
2638,2143,4,1,2
2638,2143,4,2,4
2639,2143,4,1,1
2639,2143,4,2,4
2640,2143,4,1,1
2640,2143,4,2,5
2641,2143,4,1,2
2641,2143,4,2,6
2642,2143,4,1,4
2642,2143,4,2,5
2643,2143,4,1,1
2643,2143,4,2,7
2644,2143,4,1,4
2644,2143,4,2,5
2645,2143,4,1,3
2645,2143,4,2,6
2646,2143,4,1,0
2646,2143,4,2,4
2647,2143,4,1,3
2647,2143,4,2,5
2648,2143,4,1,0
2648,2143,4,2,2
2649,2143,4,1,5
2649,2143,4,2,7
2650,2143,4,1,0
2650,2143,4,2,6
2651,2143,4,1,5
2651,2143,4,2,6
2652,2143,4,1,0
2652,2143,4,2,4
2653,2143,4,1,1
2653,2143,4,2,6
2654,2143,4,1,5
2654,2143,4,2,7
2655,2143,4,1,0
2655,2143,4,2,7
2624,2143,5,1,0
2624,2143,5,2,3
2625,2143,5,1,2
2625,2143,5,2,7
2626,2143,5,1,1
2626,2143,5,2,5
2627,2143,5,1,4
2627,2143,5,2,6
2628,2143,5,1,0
2628,2143,5,2,2
2629,2143,5,1,0
2629,2143,5,2,5
2630,2143,5,1,0
2630,2143,5,2,3
2631,2143,5,1,3
2631,2143,5,2,7
2632,2143,5,1,0
2632,2143,5,2,1
2633,2143,5,1,4
2633,2143,5,2,6
2634,2143,5,1,2
2634,2143,5,2,5
2635,2143,5,1,0
2635,2143,5,2,1
2636,2143,5,1,1
2636,2143,5,2,6
2637,2143,5,1,1
2637,2143,5,2,6
2638,2143,5,1,2
2638,2143,5,2,4
2639,2143,5,1,2
2639,2143,5,2,3
2640,2143,5,1,1
2640,2143,5,2,5
2641,2143,5,1,4
2641,2143,5,2,6
2642,2143,5,1,6
2642,2143,5,2,7
2643,2143,5,1,0
2643,2143,5,2,7
2644,2143,5,1,2
2644,2143,5,2,5
2645,2143,5,1,2
2645,2143,5,2,7
2646,2143,5,1,3
2646,2143,5,2,6
2647,2143,5,1,0
2647,2143,5,2,2
2648,2143,5,1,1
2648,2143,5,2,4
2649,2143,5,1,1
2649,2143,5,2,4
2650,2143,5,1,4
2650,2143,5,2,5
2651,2143,5,1,4
2651,2143,5,2,7
2652,2143,5,1,4
2652,2143,5,2,5
2653,2143,5,1,4
2653,2143,5,2,5
2654,2143,5,1,0
2654,2143,5,2,5
2655,2143,5,1,0
2655,2143,5,2,2
2624,2143,6,1,0
2624,2143,6,2,4
2625,2143,6,1,3
2625,2143,6,2,7
2626,2143,6,1,1
2626,2143,6,2,2
2627,2143,6,1,0
2627,2143,6,2,4
2628,2143,6,1,3
2628,2143,6,2,6
2629,2143,6,1,4
2629,2143,6,2,6
2630,2143,6,1,1
2630,2143,6,2,4
2631,2143,6,1,0
2631,2143,6,2,3
2632,2143,6,1,5
2632,2143,6,2,6
2633,2143,6,1,2
2633,2143,6,2,3
2634,2143,6,1,1
2634,2143,6,2,5
2635,2143,6,1,1
2635,2143,6,2,3
2636,2143,6,1,2
2636,2143,6,2,3
2637,2143,6,1,1
2637,2143,6,2,7
2638,2143,6,1,1
2638,2143,6,2,3
2639,2143,6,1,0
2639,2143,6,2,3
2640,2143,6,1,1
2640,2143,6,2,7
2641,2143,6,1,6
2641,2143,6,2,7
2642,2143,6,1,0
2642,2143,6,2,6
2643,2143,6,1,5
2643,2143,6,2,7
2644,2143,6,1,5
2644,2143,6,2,6
2645,2143,6,1,1
2645,2143,6,2,3
2646,2143,6,1,5
2646,2143,6,2,7
2647,2143,6,1,5
2647,2143,6,2,6
2648,2143,6,1,3
2648,2143,6,2,4
2649,2143,6,1,2
2649,2143,6,2,7
2650,2143,6,1,5
2650,2143,6,2,6
2651,2143,6,1,2
2651,2143,6,2,4
2652,2143,6,1,0
2652,2143,6,2,1
2653,2143,6,1,1
2653,2143,6,2,7
2654,2143,6,1,1
2654,2143,6,2,6
2655,2143,6,1,1
2655,2143,6,2,7
2624,2143,7,1,3
2624,2143,7,2,5
2625,2143,7,1,1
2625,2143,7,2,5
2626,2143,7,1,1
2626,2143,7,2,4
2627,2143,7,1,1
2627,2143,7,2,2
2628,2143,7,1,4
2628,2143,7,2,6
2629,2143,7,1,2
2629,2143,7,2,6
2630,2143,7,1,3
2630,2143,7,2,6
2631,2143,7,1,3
2631,2143,7,2,4
2632,2143,7,1,6
2632,2143,7,2,7
2633,2143,7,1,5
2633,2143,7,2,6
2634,2143,7,1,5
2634,2143,7,2,7
2635,2143,7,1,3
2635,2143,7,2,6
2636,2143,7,1,1
2636,2143,7,2,6
2637,2143,7,1,5
2637,2143,7,2,7
2638,2143,7,1,1
2638,2143,7,2,5
2639,2143,7,1,0
2639,2143,7,2,6
2640,2143,7,1,3
2640,2143,7,2,7
2641,2143,7,1,0
2641,2143,7,2,6
2642,2143,7,1,4
2642,2143,7,2,6
2643,2143,7,1,0
2643,2143,7,2,7
2644,2143,7,1,3
2644,2143,7,2,4
2645,2143,7,1,0
2645,2143,7,2,1
2646,2143,7,1,5
2646,2143,7,2,6
2647,2143,7,1,5
2647,2143,7,2,6
2648,2143,7,1,1
2648,2143,7,2,7
2649,2143,7,1,1
2649,2143,7,2,5
2650,2143,7,1,4
2650,2143,7,2,7
2651,2143,7,1,4
2651,2143,7,2,6
2652,2143,7,1,2
2652,2143,7,2,6
2653,2143,7,1,5
2653,2143,7,2,7
2654,2143,7,1,1
2654,2143,7,2,5
2655,2143,7,1,1
2655,2143,7,2,5
2624,2143,8,1,2
2624,2143,8,2,7
2625,2143,8,1,0
2625,2143,8,2,7
2626,2143,8,1,0
2626,2143,8,2,4
2627,2143,8,1,1
2627,2143,8,2,6
2628,2143,8,1,5
2628,2143,8,2,7
2629,2143,8,1,1
2629,2143,8,2,5
2630,2143,8,1,6
2630,2143,8,2,7
2631,2143,8,1,6
2631,2143,8,2,7
2632,2143,8,1,0
2632,2143,8,2,4
2633,2143,8,1,0
2633,2143,8,2,6
2634,2143,8,1,3
2634,2143,8,2,5
2635,2143,8,1,3
2635,2143,8,2,6
2636,2143,8,1,0
2636,2143,8,2,6
2637,2143,8,1,2
2637,2143,8,2,3
2638,2143,8,1,5
2638,2143,8,2,6
2639,2143,8,1,6
2639,2143,8,2,7
2640,2143,8,1,3
2640,2143,8,2,7
2641,2143,8,1,3
2641,2143,8,2,4
2642,2143,8,1,3
2642,2143,8,2,4
2643,2143,8,1,3
2643,2143,8,2,4
2644,2143,8,1,1
2644,2143,8,2,5
2645,2143,8,1,4
2645,2143,8,2,5
2646,2143,8,1,0
2646,2143,8,2,2
2647,2143,8,1,0
2647,2143,8,2,2
2648,2143,8,1,4
2648,2143,8,2,5
2649,2143,8,1,0
2649,2143,8,2,6
2650,2143,8,1,0
2650,2143,8,2,7
2651,2143,8,1,0
2651,2143,8,2,6
2652,2143,8,1,0
2652,2143,8,2,2
2653,2143,8,1,5
2653,2143,8,2,6
2654,2143,8,1,2
2654,2143,8,2,4
2655,2143,8,1,0
2655,2143,8,2,1
2624,2143,9,1,0
2624,2143,9,2,5
2625,2143,9,1,0
2625,2143,9,2,4
2626,2143,9,1,2
2626,2143,9,2,7
2627,2143,9,1,3
2627,2143,9,2,4
2628,2143,9,1,1
2628,2143,9,2,4
2629,2143,9,1,2
2629,2143,9,2,3
2630,2143,9,1,1
2630,2143,9,2,6
2631,2143,9,1,0
2631,2143,9,2,1
2632,2143,9,1,5
2632,2143,9,2,7
2633,2143,9,1,3
2633,2143,9,2,6
2634,2143,9,1,1
2634,2143,9,2,5
2635,2143,9,1,1
2635,2143,9,2,6
2636,2143,9,1,2
2636,2143,9,2,5
2637,2143,9,1,2
2637,2143,9,2,5
2638,2143,9,1,0
2638,2143,9,2,2
2639,2143,9,1,1
2639,2143,9,2,6
2640,2143,9,1,4
2640,2143,9,2,6
2641,2143,9,1,0
2641,2143,9,2,1
2642,2143,9,1,0
2642,2143,9,2,5
2643,2143,9,1,1
2643,2143,9,2,5
2644,2143,9,1,5
2644,2143,9,2,6
2645,2143,9,1,0
2645,2143,9,2,4
2646,2143,9,1,0
2646,2143,9,2,7
2647,2143,9,1,1
2647,2143,9,2,3
2648,2143,9,1,2
2648,2143,9,2,6
2649,2143,9,1,2
2649,2143,9,2,7
2650,2143,9,1,2
2650,2143,9,2,4
2651,2143,9,1,5
2651,2143,9,2,6
2652,2143,9,1,5
2652,2143,9,2,7
2653,2143,9,1,4
2653,2143,9,2,7
2654,2143,9,1,6
2654,2143,9,2,7
2655,2143,9,1,5
2655,2143,9,2,6
2624,2143,10,1,0
2624,2143,10,2,4
2625,2143,10,1,3
2625,2143,10,2,5
2626,2143,10,1,3
2626,2143,10,2,5
2627,2143,10,1,3
2627,2143,10,2,7
2628,2143,10,1,3
2628,2143,10,2,6
2629,2143,10,1,3
2629,2143,10,2,5
2630,2143,10,1,0
2630,2143,10,2,5
2631,2143,10,1,2
2631,2143,10,2,4
2632,2143,10,1,3
2632,2143,10,2,6
2633,2143,10,1,4
2633,2143,10,2,7
2634,2143,10,1,3
2634,2143,10,2,7
2635,2143,10,1,3
2635,2143,10,2,5
2636,2143,10,1,1
2636,2143,10,2,4
2637,2143,10,1,0
2637,2143,10,2,5
2638,2143,10,1,0
2638,2143,10,2,7
2639,2143,10,1,0
2639,2143,10,2,1
2640,2143,10,1,0
2640,2143,10,2,5
2641,2143,10,1,3
2641,2143,10,2,6
2642,2143,10,1,4
2642,2143,10,2,6
2643,2143,10,1,0
2643,2143,10,2,3
2644,2143,10,1,0
2644,2143,10,2,4
2645,2143,10,1,1
2645,2143,10,2,2
2646,2143,10,1,1
2646,2143,10,2,7
2647,2143,10,1,0
2647,2143,10,2,4
2648,2143,10,1,1
2648,2143,10,2,7
2649,2143,10,1,5
2649,2143,10,2,6
2650,2143,10,1,3
2650,2143,10,2,5
2651,2143,10,1,0
2651,2143,10,2,2
2652,2143,10,1,2
2652,2143,10,2,4
2653,2143,10,1,5
2653,2143,10,2,7
2654,2143,10,1,2
2654,2143,10,2,5
2655,2143,10,1,3
2655,2143,10,2,7
2624,2143,11,1,0
2624,2143,11,2,4
2625,2143,11,1,1
2625,2143,11,2,3
2626,2143,11,1,5
2626,2143,11,2,7
2627,2143,11,1,2
2627,2143,11,2,5
2628,2143,11,1,2
2628,2143,11,2,4
2629,2143,11,1,2
2629,2143,11,2,6
2630,2143,11,1,1
2630,2143,11,2,3
2631,2143,11,1,4
2631,2143,11,2,5
2632,2143,11,1,1
2632,2143,11,2,2
2633,2143,11,1,0
2633,2143,11,2,1
2634,2143,11,1,1
2634,2143,11,2,6
2635,2143,11,1,0
2635,2143,11,2,5
2636,2143,11,1,2
2636,2143,11,2,6
2637,2143,11,1,3
2637,2143,11,2,5
2638,2143,11,1,1
2638,2143,11,2,3
2639,2143,11,1,0
2639,2143,11,2,3
2640,2143,11,1,6
2640,2143,11,2,7
2641,2143,11,1,0
2641,2143,11,2,5
2642,2143,11,1,1
2642,2143,11,2,5
2643,2143,11,1,3
2643,2143,11,2,7
2644,2143,11,1,0
2644,2143,11,2,4
2645,2143,11,1,0
2645,2143,11,2,2
2646,2143,11,1,3
2646,2143,11,2,5
2647,2143,11,1,2
2647,2143,11,2,7
2648,2143,11,1,6
2648,2143,11,2,7
2649,2143,11,1,0
2649,2143,11,2,5
2650,2143,11,1,3
2650,2143,11,2,5
2651,2143,11,1,1
2651,2143,11,2,2
2652,2143,11,1,0
2652,2143,11,2,2
2653,2143,11,1,1
2653,2143,11,2,7
2654,2143,11,1,5
2654,2143,11,2,7
2655,2143,11,1,3
2655,2143,11,2,6
2624,2143,12,1,0
2624,2143,12,2,4
2625,2143,12,1,5
2625,2143,12,2,7
2626,2143,12,1,1
2626,2143,12,2,2
2627,2143,12,1,2
2627,2143,12,2,4
2628,2143,12,1,2
2628,2143,12,2,4
2629,2143,12,1,2
2629,2143,12,2,4
2630,2143,12,1,4
2630,2143,12,2,6
2631,2143,12,1,2
2631,2143,12,2,5
2632,2143,12,1,3
2632,2143,12,2,6
2633,2143,12,1,1
2633,2143,12,2,3
2634,2143,12,1,1
2634,2143,12,2,3
2635,2143,12,1,4
2635,2143,12,2,5
2636,2143,12,1,5
2636,2143,12,2,7
2637,2143,12,1,0
2637,2143,12,2,4
2638,2143,12,1,3
2638,2143,12,2,6
2639,2143,12,1,2
2639,2143,12,2,6
2640,2143,12,1,1
2640,2143,12,2,5
2641,2143,12,1,0
2641,2143,12,2,7
2642,2143,12,1,0
2642,2143,12,2,7
2643,2143,12,1,1
2643,2143,12,2,7
2644,2143,12,1,2
2644,2143,12,2,7
2645,2143,12,1,3
2645,2143,12,2,6
2646,2143,12,1,1
2646,2143,12,2,5
2647,2143,12,1,4
2647,2143,12,2,7
2648,2143,12,1,1
2648,2143,12,2,4
2649,2143,12,1,2
2649,2143,12,2,3
2650,2143,12,1,4
2650,2143,12,2,6
2651,2143,12,1,2
2651,2143,12,2,6
2652,2143,12,1,1
2652,2143,12,2,2
2653,2143,12,1,1
2653,2143,12,2,5
2654,2143,12,1,1
2654,2143,12,2,3
2655,2143,12,1,4
2655,2143,12,2,5
2624,2143,13,1,6
2624,2143,13,2,7
2625,2143,13,1,5
2625,2143,13,2,7
2626,2143,13,1,4
2626,2143,13,2,5
2627,2143,13,1,4
2627,2143,13,2,6
2628,2143,13,1,4
2628,2143,13,2,5
2629,2143,13,1,1
2629,2143,13,2,6
2630,2143,13,1,4
2630,2143,13,2,6
2631,2143,13,1,0
2631,2143,13,2,5
2632,2143,13,1,2
2632,2143,13,2,6
2633,2143,13,1,1
2633,2143,13,2,5
2634,2143,13,1,0
2634,2143,13,2,4
2635,2143,13,1,2
2635,2143,13,2,7
2636,2143,13,1,3
2636,2143,13,2,5
2637,2143,13,1,4
2637,2143,13,2,6
2638,2143,13,1,2
2638,2143,13,2,7
2639,2143,13,1,0
2639,2143,13,2,7
2640,2143,13,1,2
2640,2143,13,2,4
2641,2143,13,1,1
2641,2143,13,2,2
2642,2143,13,1,5
2642,2143,13,2,7
2643,2143,13,1,0
2643,2143,13,2,6
2644,2143,13,1,0
2644,2143,13,2,7
2645,2143,13,1,3
2645,2143,13,2,7
2646,2143,13,1,0
2646,2143,13,2,7
2647,2143,13,1,2
2647,2143,13,2,4
2648,2143,13,1,5
2648,2143,13,2,7
2649,2143,13,1,1
2649,2143,13,2,2
2650,2143,13,1,3
2650,2143,13,2,6
2651,2143,13,1,4
2651,2143,13,2,6
2652,2143,13,1,1
2652,2143,13,2,5
2653,2143,13,1,0
2653,2143,13,2,2
2654,2143,13,1,1
2654,2143,13,2,6
2655,2143,13,1,1
2655,2143,13,2,3
2624,2143,14,1,1
2624,2143,14,2,7
2625,2143,14,1,3
2625,2143,14,2,5
2626,2143,14,1,3
2626,2143,14,2,5
2627,2143,14,1,3
2627,2143,14,2,6
2628,2143,14,1,1
2628,2143,14,2,3
2629,2143,14,1,4
2629,2143,14,2,7
2630,2143,14,1,3
2630,2143,14,2,5
2631,2143,14,1,2
2631,2143,14,2,4
2632,2143,14,1,0
2632,2143,14,2,2
2633,2143,14,1,0
2633,2143,14,2,2
2634,2143,14,1,1
2634,2143,14,2,6
2635,2143,14,1,5
2635,2143,14,2,7
2636,2143,14,1,2
2636,2143,14,2,7
2637,2143,14,1,2
2637,2143,14,2,4
2638,2143,14,1,0
2638,2143,14,2,1
2639,2143,14,1,1
2639,2143,14,2,3
2640,2143,14,1,1
2640,2143,14,2,4
2641,2143,14,1,0
2641,2143,14,2,3
2642,2143,14,1,6
2642,2143,14,2,7
2643,2143,14,1,0
2643,2143,14,2,2
2644,2143,14,1,0
2644,2143,14,2,3
2645,2143,14,1,0
2645,2143,14,2,1
2646,2143,14,1,1
2646,2143,14,2,4
2647,2143,14,1,0
2647,2143,14,2,5
2648,2143,14,1,0
2648,2143,14,2,7
2649,2143,14,1,1
2649,2143,14,2,4
2650,2143,14,1,0
2650,2143,14,2,4
2651,2143,14,1,4
2651,2143,14,2,7
2652,2143,14,1,0
2652,2143,14,2,6
2653,2143,14,1,3
2653,2143,14,2,6
2654,2143,14,1,2
2654,2143,14,2,4
2655,2143,14,1,5
2655,2143,14,2,7
2624,2143,15,1,2
2624,2143,15,2,4
2625,2143,15,1,1
2625,2143,15,2,4
2626,2143,15,1,1
2626,2143,15,2,4
2627,2143,15,1,1
2627,2143,15,2,7
2628,2143,15,1,5
2628,2143,15,2,6
2629,2143,15,1,6
2629,2143,15,2,7
2630,2143,15,1,0
2630,2143,15,2,4
2631,2143,15,1,6
2631,2143,15,2,7
2632,2143,15,1,1
2632,2143,15,2,4
2633,2143,15,1,2
2633,2143,15,2,4
2634,2143,15,1,0
2634,2143,15,2,7
2635,2143,15,1,2
2635,2143,15,2,6
2636,2143,15,1,1
2636,2143,15,2,5
2637,2143,15,1,4
2637,2143,15,2,7
2638,2143,15,1,2
2638,2143,15,2,4
2639,2143,15,1,4
2639,2143,15,2,7
2640,2143,15,1,3
2640,2143,15,2,4
2641,2143,15,1,6
2641,2143,15,2,7
2642,2143,15,1,5
2642,2143,15,2,6
2643,2143,15,1,1
2643,2143,15,2,4
2644,2143,15,1,1
2644,2143,15,2,2
2645,2143,15,1,1
2645,2143,15,2,3
2646,2143,15,1,5
2646,2143,15,2,7
2647,2143,15,1,0
2647,2143,15,2,5
2648,2143,15,1,1
2648,2143,15,2,6
2649,2143,15,1,2
2649,2143,15,2,7
2650,2143,15,1,1
2650,2143,15,2,5
2651,2143,15,1,0
2651,2143,15,2,7
2652,2143,15,1,1
2652,2143,15,2,2
2653,2143,15,1,1
2653,2143,15,2,6
2654,2143,15,1,1
2654,2143,15,2,4
2655,2143,15,1,5
2655,2143,15,2,6
2624,2143,16,1,2
2624,2143,16,2,5
2625,2143,16,1,0
2625,2143,16,2,4
2626,2143,16,1,4
2626,2143,16,2,5
2627,2143,16,1,1
2627,2143,16,2,4
2628,2143,16,1,2
2628,2143,16,2,3
2629,2143,16,1,1
2629,2143,16,2,3
2630,2143,16,1,5
2630,2143,16,2,6
2631,2143,16,1,3
2631,2143,16,2,6
2632,2143,16,1,1
2632,2143,16,2,7
2633,2143,16,1,2
2633,2143,16,2,6
2634,2143,16,1,1
2634,2143,16,2,4
2635,2143,16,1,1
2635,2143,16,2,6
2636,2143,16,1,2
2636,2143,16,2,3
2637,2143,16,1,0
2637,2143,16,2,2
2638,2143,16,1,4
2638,2143,16,2,7
2639,2143,16,1,1
2639,2143,16,2,7
2640,2143,16,1,1
2640,2143,16,2,6
2641,2143,16,1,0
2641,2143,16,2,7
2642,2143,16,1,2
2642,2143,16,2,6
2643,2143,16,1,0
2643,2143,16,2,6
2644,2143,16,1,0
2644,2143,16,2,3
2645,2143,16,1,2
2645,2143,16,2,4
2646,2143,16,1,4
2646,2143,16,2,7
2647,2143,16,1,3
2647,2143,16,2,4
2648,2143,16,1,2
2648,2143,16,2,7
2649,2143,16,1,0
2649,2143,16,2,1
2650,2143,16,1,1
2650,2143,16,2,2
2651,2143,16,1,4
2651,2143,16,2,6
2652,2143,16,1,1
2652,2143,16,2,2
2653,2143,16,1,3
2653,2143,16,2,7
2654,2143,16,1,2
2654,2143,16,2,4
2655,2143,16,1,0
2655,2143,16,2,6
2624,2143,17,1,2
2624,2143,17,2,7
2625,2143,17,1,0
2625,2143,17,2,3
2626,2143,17,1,3
2626,2143,17,2,4
2627,2143,17,1,4
2627,2143,17,2,6
2628,2143,17,1,3
2628,2143,17,2,5
2629,2143,17,1,2
2629,2143,17,2,5
2630,2143,17,1,4
2630,2143,17,2,7
2631,2143,17,1,2
2631,2143,17,2,3
2632,2143,17,1,1
2632,2143,17,2,5
2633,2143,17,1,1
2633,2143,17,2,5
2634,2143,17,1,4
2634,2143,17,2,7
2635,2143,17,1,2
2635,2143,17,2,5
2636,2143,17,1,6
2636,2143,17,2,7
2637,2143,17,1,0
2637,2143,17,2,5
2638,2143,17,1,6
2638,2143,17,2,7
2639,2143,17,1,0
2639,2143,17,2,1
2640,2143,17,1,2
2640,2143,17,2,4
2641,2143,17,1,3
2641,2143,17,2,4
2642,2143,17,1,5
2642,2143,17,2,7
2643,2143,17,1,1
2643,2143,17,2,3
2644,2143,17,1,3
2644,2143,17,2,6
2645,2143,17,1,5
2645,2143,17,2,6
2646,2143,17,1,2
2646,2143,17,2,6
2647,2143,17,1,3
2647,2143,17,2,7
2648,2143,17,1,1
2648,2143,17,2,2
2649,2143,17,1,0
2649,2143,17,2,1
2650,2143,17,1,3
2650,2143,17,2,6
2651,2143,17,1,4
2651,2143,17,2,7
2652,2143,17,1,3
2652,2143,17,2,6
2653,2143,17,1,4
2653,2143,17,2,7
2654,2143,17,1,0
2654,2143,17,2,7
2655,2143,17,1,2
2655,2143,17,2,6
2624,2143,18,1,0
2624,2143,18,2,4
2625,2143,18,1,2
2625,2143,18,2,5
2626,2143,18,1,5
2626,2143,18,2,6
2627,2143,18,1,3
2627,2143,18,2,5
2628,2143,18,1,5
2628,2143,18,2,6
2629,2143,18,1,1
2629,2143,18,2,5
2630,2143,18,1,2
2630,2143,18,2,3
2631,2143,18,1,2
2631,2143,18,2,7
2632,2143,18,1,2
2632,2143,18,2,6
2633,2143,18,1,4
2633,2143,18,2,5
2634,2143,18,1,0
2634,2143,18,2,2
2635,2143,18,1,4
2635,2143,18,2,6
2636,2143,18,1,0
2636,2143,18,2,5
2637,2143,18,1,1
2637,2143,18,2,4
2638,2143,18,1,1
2638,2143,18,2,4
2639,2143,18,1,1
2639,2143,18,2,4
2640,2143,18,1,2
2640,2143,18,2,6
2641,2143,18,1,4
2641,2143,18,2,7
2642,2143,18,1,0
2642,2143,18,2,3
2643,2143,18,1,0
2643,2143,18,2,1
2644,2143,18,1,2
2644,2143,18,2,4
2645,2143,18,1,0
2645,2143,18,2,1
2646,2143,18,1,1
2646,2143,18,2,3
2647,2143,18,1,0
2647,2143,18,2,5
2648,2143,18,1,5
2648,2143,18,2,6
2649,2143,18,1,4
2649,2143,18,2,7
2650,2143,18,1,0
2650,2143,18,2,6
2651,2143,18,1,2
2651,2143,18,2,6
2652,2143,18,1,3
2652,2143,18,2,6
2653,2143,18,1,2
2653,2143,18,2,6
2654,2143,18,1,1
2654,2143,18,2,2
2655,2143,18,1,0
2655,2143,18,2,6
2624,2143,19,1,2
2624,2143,19,2,3
2625,2143,19,1,4
2625,2143,19,2,7
2626,2143,19,1,0
2626,2143,19,2,1
2627,2143,19,1,4
2627,2143,19,2,6
2628,2143,19,1,6
2628,2143,19,2,7
2629,2143,19,1,3
2629,2143,19,2,6
2630,2143,19,1,0
2630,2143,19,2,2
2631,2143,19,1,2
2631,2143,19,2,6
2632,2143,19,1,1
2632,2143,19,2,2
2633,2143,19,1,2
2633,2143,19,2,5
2634,2143,19,1,1
2634,2143,19,2,3
2635,2143,19,1,2
2635,2143,19,2,7
2636,2143,19,1,0
2636,2143,19,2,5
2637,2143,19,1,6
2637,2143,19,2,7
2638,2143,19,1,1
2638,2143,19,2,2
2639,2143,19,1,2
2639,2143,19,2,4
2640,2143,19,1,2
2640,2143,19,2,4
2641,2143,19,1,0
2641,2143,19,2,4
2642,2143,19,1,1
2642,2143,19,2,2
2643,2143,19,1,0
2643,2143,19,2,7
2644,2143,19,1,2
2644,2143,19,2,7
2645,2143,19,1,4
2645,2143,19,2,6
2646,2143,19,1,2
2646,2143,19,2,4
2647,2143,19,1,1
2647,2143,19,2,6
2648,2143,19,1,0
2648,2143,19,2,2
2649,2143,19,1,2
2649,2143,19,2,5
2650,2143,19,1,0
2650,2143,19,2,7
2651,2143,19,1,2
2651,2143,19,2,6
2652,2143,19,1,1
2652,2143,19,2,5
2653,2143,19,1,2
2653,2143,19,2,7
2654,2143,19,1,3
2654,2143,19,2,4
2655,2143,19,1,0
2655,2143,19,2,2
2624,2143,20,1,4
2624,2143,20,2,6
2625,2143,20,1,1
2625,2143,20,2,2
2626,2143,20,1,1
2626,2143,20,2,2
2627,2143,20,1,1
2627,2143,20,2,5
2628,2143,20,1,0
2628,2143,20,2,3
2629,2143,20,1,3
2629,2143,20,2,6
2630,2143,20,1,4
2630,2143,20,2,5
2631,2143,20,1,1
2631,2143,20,2,4
2632,2143,20,1,1
2632,2143,20,2,4
2633,2143,20,1,1
2633,2143,20,2,5
2634,2143,20,1,3
2634,2143,20,2,5
2635,2143,20,1,2
2635,2143,20,2,3
2636,2143,20,1,0
2636,2143,20,2,1
2637,2143,20,1,0
2637,2143,20,2,4
2638,2143,20,1,2
2638,2143,20,2,7
2639,2143,20,1,1
2639,2143,20,2,2
2640,2143,20,1,5
2640,2143,20,2,6
2641,2143,20,1,2
2641,2143,20,2,3
2642,2143,20,1,4
2642,2143,20,2,5
2643,2143,20,1,4
2643,2143,20,2,6
2644,2143,20,1,0
2644,2143,20,2,6
2645,2143,20,1,5
2645,2143,20,2,6
2646,2143,20,1,0
2646,2143,20,2,2
2647,2143,20,1,0
2647,2143,20,2,1
2648,2143,20,1,0
2648,2143,20,2,3
2649,2143,20,1,0
2649,2143,20,2,2
2650,2143,20,1,0
2650,2143,20,2,6
2651,2143,20,1,3
2651,2143,20,2,4
2652,2143,20,1,0
2652,2143,20,2,2
2653,2143,20,1,1
2653,2143,20,2,4
2654,2143,20,1,2
2654,2143,20,2,7
2655,2143,20,1,6
2655,2143,20,2,7
2624,2143,21,1,5
2624,2143,21,2,7
2625,2143,21,1,1
2625,2143,21,2,5
2626,2143,21,1,2
2626,2143,21,2,3
2627,2143,21,1,0
2627,2143,21,2,2
2628,2143,21,1,2
2628,2143,21,2,6
2629,2143,21,1,0
2629,2143,21,2,1
2630,2143,21,1,2
2630,2143,21,2,3
2631,2143,21,1,5
2631,2143,21,2,7
2632,2143,21,1,2
2632,2143,21,2,6
2633,2143,21,1,0
2633,2143,21,2,1
2634,2143,21,1,1
2634,2143,21,2,2
2635,2143,21,1,3
2635,2143,21,2,5
2636,2143,21,1,0
2636,2143,21,2,6
2637,2143,21,1,0
2637,2143,21,2,2
2638,2143,21,1,1
2638,2143,21,2,5
2639,2143,21,1,5
2639,2143,21,2,6
2640,2143,21,1,4
2640,2143,21,2,5
2641,2143,21,1,0
2641,2143,21,2,5
2642,2143,21,1,1
2642,2143,21,2,7
2643,2143,21,1,1
2643,2143,21,2,7
2644,2143,21,1,3
2644,2143,21,2,4
2645,2143,21,1,1
2645,2143,21,2,5
2646,2143,21,1,1
2646,2143,21,2,4
2647,2143,21,1,4
2647,2143,21,2,7
2648,2143,21,1,2
2648,2143,21,2,4
2649,2143,21,1,0
2649,2143,21,2,5
2650,2143,21,1,3
2650,2143,21,2,6
2651,2143,21,1,0
2651,2143,21,2,6
2652,2143,21,1,2
2652,2143,21,2,6
2653,2143,21,1,0
2653,2143,21,2,4
2654,2143,21,1,6
2654,2143,21,2,7
2655,2143,21,1,0
2655,2143,21,2,6
2624,2143,22,1,2
2624,2143,22,2,3
2625,2143,22,1,4
2625,2143,22,2,5
2626,2143,22,1,5
2626,2143,22,2,7
2627,2143,22,1,0
2627,2143,22,2,6
2628,2143,22,1,0
2628,2143,22,2,3
2629,2143,22,1,3
2629,2143,22,2,5
2630,2143,22,1,2
2630,2143,22,2,7
2631,2143,22,1,2
2631,2143,22,2,6
2632,2143,22,1,5
2632,2143,22,2,7
2633,2143,22,1,1
2633,2143,22,2,3
2634,2143,22,1,0
2634,2143,22,2,2
2635,2143,22,1,6
2635,2143,22,2,7
2636,2143,22,1,1
2636,2143,22,2,2
2637,2143,22,1,1
2637,2143,22,2,7
2638,2143,22,1,2
2638,2143,22,2,5
2639,2143,22,1,2
2639,2143,22,2,6
2640,2143,22,1,0
2640,2143,22,2,7
2641,2143,22,1,4
2641,2143,22,2,6
2642,2143,22,1,1
2642,2143,22,2,2
2643,2143,22,1,1
2643,2143,22,2,5
2644,2143,22,1,0
2644,2143,22,2,1
2645,2143,22,1,1
2645,2143,22,2,3
2646,2143,22,1,0
2646,2143,22,2,5
2647,2143,22,1,5
2647,2143,22,2,7
2648,2143,22,1,3
2648,2143,22,2,7
2649,2143,22,1,2
2649,2143,22,2,4
2650,2143,22,1,0
2650,2143,22,2,7
2651,2143,22,1,0
2651,2143,22,2,3
2652,2143,22,1,0
2652,2143,22,2,1
2653,2143,22,1,1
2653,2143,22,2,4
2654,2143,22,1,0
2654,2143,22,2,2
2655,2143,22,1,1
2655,2143,22,2,2
2624,2143,23,1,2
2624,2143,23,2,4
2625,2143,23,1,0
2625,2143,23,2,6
2626,2143,23,1,0
2626,2143,23,2,2
2627,2143,23,1,0
2627,2143,23,2,5
2628,2143,23,1,3
2628,2143,23,2,4
2629,2143,23,1,5
2629,2143,23,2,6
2630,2143,23,1,2
2630,2143,23,2,4
2631,2143,23,1,0
2631,2143,23,2,5
2632,2143,23,1,5
2632,2143,23,2,6
2633,2143,23,1,1
2633,2143,23,2,3
2634,2143,23,1,4
2634,2143,23,2,7
2635,2143,23,1,3
2635,2143,23,2,5
2636,2143,23,1,3
2636,2143,23,2,4
2637,2143,23,1,2
2637,2143,23,2,5
2638,2143,23,1,0
2638,2143,23,2,2
2639,2143,23,1,4
2639,2143,23,2,7
2640,2143,23,1,6
2640,2143,23,2,7
2641,2143,23,1,3
2641,2143,23,2,4
2642,2143,23,1,0
2642,2143,23,2,1
2643,2143,23,1,1
2643,2143,23,2,7
2644,2143,23,1,2
2644,2143,23,2,6
2645,2143,23,1,5
2645,2143,23,2,7
2646,2143,23,1,5
2646,2143,23,2,6
2647,2143,23,1,2
2647,2143,23,2,5
2648,2143,23,1,3
2648,2143,23,2,4
2649,2143,23,1,2
2649,2143,23,2,4
2650,2143,23,1,0
2650,2143,23,2,4
2651,2143,23,1,0
2651,2143,23,2,4
2652,2143,23,1,4
2652,2143,23,2,5
2653,2143,23,1,3
2653,2143,23,2,7
2654,2143,23,1,0
2654,2143,23,2,5
2655,2143,23,1,0
2655,2143,23,2,3
2624,2143,24,1,0
2624,2143,24,2,2
2625,2143,24,1,3
2625,2143,24,2,7
2626,2143,24,1,0
2626,2143,24,2,4
2627,2143,24,1,1
2627,2143,24,2,7
2628,2143,24,1,3
2628,2143,24,2,7
2629,2143,24,1,3
2629,2143,24,2,4
2630,2143,24,1,2
2630,2143,24,2,5
2631,2143,24,1,2
2631,2143,24,2,4
2632,2143,24,1,0
2632,2143,24,2,7
2633,2143,24,1,1
2633,2143,24,2,7
2634,2143,24,1,4
2634,2143,24,2,5
2635,2143,24,1,0
2635,2143,24,2,3
2636,2143,24,1,5
2636,2143,24,2,6
2637,2143,24,1,0
2637,2143,24,2,7
2638,2143,24,1,5
2638,2143,24,2,6
2639,2143,24,1,0
2639,2143,24,2,7
2640,2143,24,1,0
2640,2143,24,2,5
2641,2143,24,1,6
2641,2143,24,2,7
2642,2143,24,1,3
2642,2143,24,2,7
2643,2143,24,1,4
2643,2143,24,2,7
2644,2143,24,1,3
2644,2143,24,2,7
2645,2143,24,1,5
2645,2143,24,2,6
2646,2143,24,1,4
2646,2143,24,2,7
2647,2143,24,1,4
2647,2143,24,2,6
2648,2143,24,1,4
2648,2143,24,2,5
2649,2143,24,1,3
2649,2143,24,2,4
2650,2143,24,1,4
2650,2143,24,2,7
2651,2143,24,1,1
2651,2143,24,2,7
2652,2143,24,1,3
2652,2143,24,2,6
2653,2143,24,1,0
2653,2143,24,2,2
2654,2143,24,1,5
2654,2143,24,2,7
2655,2143,24,1,2
2655,2143,24,2,6
2624,2143,25,1,2
2624,2143,25,2,6
2625,2143,25,1,1
2625,2143,25,2,5
2626,2143,25,1,2
2626,2143,25,2,6
2627,2143,25,1,1
2627,2143,25,2,7
2628,2143,25,1,0
2628,2143,25,2,4
2629,2143,25,1,0
2629,2143,25,2,1
2630,2143,25,1,0
2630,2143,25,2,6
2631,2143,25,1,1
2631,2143,25,2,4
2632,2143,25,1,1
2632,2143,25,2,4
2633,2143,25,1,3
2633,2143,25,2,4
2634,2143,25,1,3
2634,2143,25,2,6
2635,2143,25,1,2
2635,2143,25,2,6
2636,2143,25,1,5
2636,2143,25,2,6
2637,2143,25,1,1
2637,2143,25,2,4
2638,2143,25,1,4
2638,2143,25,2,7
2639,2143,25,1,0
2639,2143,25,2,3
2640,2143,25,1,0
2640,2143,25,2,7
2641,2143,25,1,3
2641,2143,25,2,5
2642,2143,25,1,4
2642,2143,25,2,7
2643,2143,25,1,4
2643,2143,25,2,7
2644,2143,25,1,3
2644,2143,25,2,4
2645,2143,25,1,0
2645,2143,25,2,1
2646,2143,25,1,0
2646,2143,25,2,1
2647,2143,25,1,3
2647,2143,25,2,4
2648,2143,25,1,0
2648,2143,25,2,1
2649,2143,25,1,0
2649,2143,25,2,2
2650,2143,25,1,0
2650,2143,25,2,4
2651,2143,25,1,0
2651,2143,25,2,1
2652,2143,25,1,4
2652,2143,25,2,7
2653,2143,25,1,0
2653,2143,25,2,4
2654,2143,25,1,5
2654,2143,25,2,6
2655,2143,25,1,2
2655,2143,25,2,6
2624,2143,26,1,0
2624,2143,26,2,6
2625,2143,26,1,0
2625,2143,26,2,1
2626,2143,26,1,1
2626,2143,26,2,5
2627,2143,26,1,0
2627,2143,26,2,7
2628,2143,26,1,2
2628,2143,26,2,6
2629,2143,26,1,1
2629,2143,26,2,7
2630,2143,26,1,1
2630,2143,26,2,5
2631,2143,26,1,2
2631,2143,26,2,3
2632,2143,26,1,3
2632,2143,26,2,4
2633,2143,26,1,2
2633,2143,26,2,7
2634,2143,26,1,3
2634,2143,26,2,6
2635,2143,26,1,1
2635,2143,26,2,7
2636,2143,26,1,2
2636,2143,26,2,5
2637,2143,26,1,5
2637,2143,26,2,6
2638,2143,26,1,4
2638,2143,26,2,7
2639,2143,26,1,6
2639,2143,26,2,7
2640,2143,26,1,1
2640,2143,26,2,7
2641,2143,26,1,0
2641,2143,26,2,6
2642,2143,26,1,1
2642,2143,26,2,7
2643,2143,26,1,4
2643,2143,26,2,7
2644,2143,26,1,0
2644,2143,26,2,4
2645,2143,26,1,3
2645,2143,26,2,4
2646,2143,26,1,3
2646,2143,26,2,5
2647,2143,26,1,4
2647,2143,26,2,5
2648,2143,26,1,2
2648,2143,26,2,4
2649,2143,26,1,0
2649,2143,26,2,3
2650,2143,26,1,0
2650,2143,26,2,3
2651,2143,26,1,4
2651,2143,26,2,7
2652,2143,26,1,0
2652,2143,26,2,1
2653,2143,26,1,0
2653,2143,26,2,5
2654,2143,26,1,2
2654,2143,26,2,5
2655,2143,26,1,1
2655,2143,26,2,4
2624,2143,27,1,0
2624,2143,27,2,4
2625,2143,27,1,0
2625,2143,27,2,7
2626,2143,27,1,2
2626,2143,27,2,3
2627,2143,27,1,0
2627,2143,27,2,3
2628,2143,27,1,4
2628,2143,27,2,5
2629,2143,27,1,4
2629,2143,27,2,5
2630,2143,27,1,6
2630,2143,27,2,7
2631,2143,27,1,4
2631,2143,27,2,6
2632,2143,27,1,1
2632,2143,27,2,4
2633,2143,27,1,0
2633,2143,27,2,4
2634,2143,27,1,1
2634,2143,27,2,5
2635,2143,27,1,1
2635,2143,27,2,3
2636,2143,27,1,4
2636,2143,27,2,7
2637,2143,27,1,2
2637,2143,27,2,4
2638,2143,27,1,1
2638,2143,27,2,4
2639,2143,27,1,4
2639,2143,27,2,7
2640,2143,27,1,3
2640,2143,27,2,4
2641,2143,27,1,6
2641,2143,27,2,7
2642,2143,27,1,1
2642,2143,27,2,6
2643,2143,27,1,2
2643,2143,27,2,4
2644,2143,27,1,1
2644,2143,27,2,6
2645,2143,27,1,0
2645,2143,27,2,3
2646,2143,27,1,0
2646,2143,27,2,5
2647,2143,27,1,0
2647,2143,27,2,7
2648,2143,27,1,3
2648,2143,27,2,4
2649,2143,27,1,1
2649,2143,27,2,5
2650,2143,27,1,2
2650,2143,27,2,3
2651,2143,27,1,1
2651,2143,27,2,7
2652,2143,27,1,0
2652,2143,27,2,6
2653,2143,27,1,1
2653,2143,27,2,5
2654,2143,27,1,3
2654,2143,27,2,6
2655,2143,27,1,5
2655,2143,27,2,6
2624,2143,28,1,2
2624,2143,28,2,7
2625,2143,28,1,2
2625,2143,28,2,4
2626,2143,28,1,1
2626,2143,28,2,7
2627,2143,28,1,2
2627,2143,28,2,7
2628,2143,28,1,6
2628,2143,28,2,7
2629,2143,28,1,3
2629,2143,28,2,7
2630,2143,28,1,4
2630,2143,28,2,7
2631,2143,28,1,5
2631,2143,28,2,7
2632,2143,28,1,4
2632,2143,28,2,6
2633,2143,28,1,2
2633,2143,28,2,7
2634,2143,28,1,3
2634,2143,28,2,5
2635,2143,28,1,3
2635,2143,28,2,6
2636,2143,28,1,3
2636,2143,28,2,4
2637,2143,28,1,1
2637,2143,28,2,2
2638,2143,28,1,0
2638,2143,28,2,2
2639,2143,28,1,3
2639,2143,28,2,6
2640,2143,28,1,1
2640,2143,28,2,4
2641,2143,28,1,2
2641,2143,28,2,7
2642,2143,28,1,3
2642,2143,28,2,7
2643,2143,28,1,0
2643,2143,28,2,6
2644,2143,28,1,5
2644,2143,28,2,6
2645,2143,28,1,0
2645,2143,28,2,2
2646,2143,28,1,1
2646,2143,28,2,6
2647,2143,28,1,4
2647,2143,28,2,6
2648,2143,28,1,4
2648,2143,28,2,7
2649,2143,28,1,6
2649,2143,28,2,7
2650,2143,28,1,1
2650,2143,28,2,4
2651,2143,28,1,0
2651,2143,28,2,6
2652,2143,28,1,0
2652,2143,28,2,6
2653,2143,28,1,0
2653,2143,28,2,4
2654,2143,28,1,0
2654,2143,28,2,1
2655,2143,28,1,1
2655,2143,28,2,3
2624,2143,29,1,1
2624,2143,29,2,5
2625,2143,29,1,1
2625,2143,29,2,4
2626,2143,29,1,4
2626,2143,29,2,7
2627,2143,29,1,5
2627,2143,29,2,7
2628,2143,29,1,0
2628,2143,29,2,7
2629,2143,29,1,1
2629,2143,29,2,4
2630,2143,29,1,1
2630,2143,29,2,3
2631,2143,29,1,2
2631,2143,29,2,4
2632,2143,29,1,1
2632,2143,29,2,2
2633,2143,29,1,2
2633,2143,29,2,5
2634,2143,29,1,6
2634,2143,29,2,7
2635,2143,29,1,1
2635,2143,29,2,4
2636,2143,29,1,4
2636,2143,29,2,5
2637,2143,29,1,1
2637,2143,29,2,7
2638,2143,29,1,3
2638,2143,29,2,4
2639,2143,29,1,1
2639,2143,29,2,3
2640,2143,29,1,2
2640,2143,29,2,6
2641,2143,29,1,1
2641,2143,29,2,3
2642,2143,29,1,0
2642,2143,29,2,1
2643,2143,29,1,6
2643,2143,29,2,7
2644,2143,29,1,1
2644,2143,29,2,6
2645,2143,29,1,5
2645,2143,29,2,7
2646,2143,29,1,2
2646,2143,29,2,4
2647,2143,29,1,1
2647,2143,29,2,3
2648,2143,29,1,0
2648,2143,29,2,6
2649,2143,29,1,0
2649,2143,29,2,2
2650,2143,29,1,5
2650,2143,29,2,6
2651,2143,29,1,1
2651,2143,29,2,5
2652,2143,29,1,4
2652,2143,29,2,7
2653,2143,29,1,4
2653,2143,29,2,5
2654,2143,29,1,4
2654,2143,29,2,7
2655,2143,29,1,0
2655,2143,29,2,1
2624,2143,30,1,1
2624,2143,30,2,6
2625,2143,30,1,1
2625,2143,30,2,6
2626,2143,30,1,6
2626,2143,30,2,7
2627,2143,30,1,0
2627,2143,30,2,7
2628,2143,30,1,2
2628,2143,30,2,6
2629,2143,30,1,1
2629,2143,30,2,6
2630,2143,30,1,0
2630,2143,30,2,1
2631,2143,30,1,3
2631,2143,30,2,5
2632,2143,30,1,2
2632,2143,30,2,4
2633,2143,30,1,0
2633,2143,30,2,1
2634,2143,30,1,2
2634,2143,30,2,6
2635,2143,30,1,2
2635,2143,30,2,4
2636,2143,30,1,0
2636,2143,30,2,7
2637,2143,30,1,1
2637,2143,30,2,4
2638,2143,30,1,2
2638,2143,30,2,6
2639,2143,30,1,0
2639,2143,30,2,3
2640,2143,30,1,5
2640,2143,30,2,7
2641,2143,30,1,1
2641,2143,30,2,6
2642,2143,30,1,0
2642,2143,30,2,5
2643,2143,30,1,6
2643,2143,30,2,7
2644,2143,30,1,3
2644,2143,30,2,4
2645,2143,30,1,2
2645,2143,30,2,5
2646,2143,30,1,4
2646,2143,30,2,7
2647,2143,30,1,5
2647,2143,30,2,7
2648,2143,30,1,3
2648,2143,30,2,6
2649,2143,30,1,5
2649,2143,30,2,6
2650,2143,30,1,2
2650,2143,30,2,5
2651,2143,30,1,2
2651,2143,30,2,6
2652,2143,30,1,0
2652,2143,30,2,6
2653,2143,30,1,2
2653,2143,30,2,6
2654,2143,30,1,2
2654,2143,30,2,4
2655,2143,30,1,4
2655,2143,30,2,7
2624,2143,31,1,5
2624,2143,31,2,7
2625,2143,31,1,0
2625,2143,31,2,7
2626,2143,31,1,0
2626,2143,31,2,3
2627,2143,31,1,1
2627,2143,31,2,6
2628,2143,31,1,3
2628,2143,31,2,7
2629,2143,31,1,4
2629,2143,31,2,6
2630,2143,31,1,3
2630,2143,31,2,5
2631,2143,31,1,0
2631,2143,31,2,7
2632,2143,31,1,0
2632,2143,31,2,4
2633,2143,31,1,3
2633,2143,31,2,7
2634,2143,31,1,1
2634,2143,31,2,5
2635,2143,31,1,2
2635,2143,31,2,7
2636,2143,31,1,0
2636,2143,31,2,5
2637,2143,31,1,3
2637,2143,31,2,4
2638,2143,31,1,2
2638,2143,31,2,7
2639,2143,31,1,0
2639,2143,31,2,4
2640,2143,31,1,4
2640,2143,31,2,6
2641,2143,31,1,1
2641,2143,31,2,3
2642,2143,31,1,2
2642,2143,31,2,4
2643,2143,31,1,1
2643,2143,31,2,5
2644,2143,31,1,1
2644,2143,31,2,6
2645,2143,31,1,1
2645,2143,31,2,5
2646,2143,31,1,1
2646,2143,31,2,7
2647,2143,31,1,4
2647,2143,31,2,7
2648,2143,31,1,2
2648,2143,31,2,3
2649,2143,31,1,2
2649,2143,31,2,5
2650,2143,31,1,4
2650,2143,31,2,7
2651,2143,31,1,2
2651,2143,31,2,7
2652,2143,31,1,3
2652,2143,31,2,6
2653,2143,31,1,3
2653,2143,31,2,5
2654,2143,31,1,1
2654,2143,31,2,2
2655,2143,31,1,0
2655,2143,31,2,4
2624,2144,0,1,0
2624,2144,0,2,5
2625,2144,0,1,0
2625,2144,0,2,5
2626,2144,0,1,3
2626,2144,0,2,6
2627,2144,0,1,1
2627,2144,0,2,7
2628,2144,0,1,1
2628,2144,0,2,7
2629,2144,0,1,1
2629,2144,0,2,6
2630,2144,0,1,5
2630,2144,0,2,7
2631,2144,0,1,0
2631,2144,0,2,1
2632,2144,0,1,1
2632,2144,0,2,5
2633,2144,0,1,3
2633,2144,0,2,5
2634,2144,0,1,0
2634,2144,0,2,6
2635,2144,0,1,4
2635,2144,0,2,6
2636,2144,0,1,6
2636,2144,0,2,7
2637,2144,0,1,5
2637,2144,0,2,6
2638,2144,0,1,0
2638,2144,0,2,5
2639,2144,0,1,0
2639,2144,0,2,3
2640,2144,0,1,1
2640,2144,0,2,3
2641,2144,0,1,3
2641,2144,0,2,4
2642,2144,0,1,0
2642,2144,0,2,5
2643,2144,0,1,0
2643,2144,0,2,2
2644,2144,0,1,4
2644,2144,0,2,6
2645,2144,0,1,0
2645,2144,0,2,3
2646,2144,0,1,2
2646,2144,0,2,5
2647,2144,0,1,0
2647,2144,0,2,4
2648,2144,0,1,4
2648,2144,0,2,5
2649,2144,0,1,0
2649,2144,0,2,3
2650,2144,0,1,3
2650,2144,0,2,6
2651,2144,0,1,3
2651,2144,0,2,7
2652,2144,0,1,4
2652,2144,0,2,7
2653,2144,0,1,0
2653,2144,0,2,1
2654,2144,0,1,4
2654,2144,0,2,5
2655,2144,0,1,0
2655,2144,0,2,1
2624,2144,1,1,3
2624,2144,1,2,6
2625,2144,1,1,1
2625,2144,1,2,7
2626,2144,1,1,1
2626,2144,1,2,3
2627,2144,1,1,3
2627,2144,1,2,6
2628,2144,1,1,2
2628,2144,1,2,6
2629,2144,1,1,0
2629,2144,1,2,2
2630,2144,1,1,4
2630,2144,1,2,6
2631,2144,1,1,5
2631,2144,1,2,6
2632,2144,1,1,0
2632,2144,1,2,5
2633,2144,1,1,0
2633,2144,1,2,2
2634,2144,1,1,2
2634,2144,1,2,4
2635,2144,1,1,1
2635,2144,1,2,4
2636,2144,1,1,4
2636,2144,1,2,7
2637,2144,1,1,3
2637,2144,1,2,6
2638,2144,1,1,6
2638,2144,1,2,7
2639,2144,1,1,0
2639,2144,1,2,7
2640,2144,1,1,0
2640,2144,1,2,1
2641,2144,1,1,2
2641,2144,1,2,7
2642,2144,1,1,2
2642,2144,1,2,5
2643,2144,1,1,1
2643,2144,1,2,2
2644,2144,1,1,3
2644,2144,1,2,7
2645,2144,1,1,0
2645,2144,1,2,2
2646,2144,1,1,1
2646,2144,1,2,6
2647,2144,1,1,4
2647,2144,1,2,5
2648,2144,1,1,2
2648,2144,1,2,3
2649,2144,1,1,5
2649,2144,1,2,6
2650,2144,1,1,2
2650,2144,1,2,6
2651,2144,1,1,0
2651,2144,1,2,3
2652,2144,1,1,2
2652,2144,1,2,4
2653,2144,1,1,3
2653,2144,1,2,6
2654,2144,1,1,2
2654,2144,1,2,3
2655,2144,1,1,1
2655,2144,1,2,5
2624,2144,2,1,2
2624,2144,2,2,4
2625,2144,2,1,3
2625,2144,2,2,6
2626,2144,2,1,1
2626,2144,2,2,2
2627,2144,2,1,1
2627,2144,2,2,6
2628,2144,2,1,4
2628,2144,2,2,7
2629,2144,2,1,2
2629,2144,2,2,3
2630,2144,2,1,2
2630,2144,2,2,4
2631,2144,2,1,2
2631,2144,2,2,5
2632,2144,2,1,3
2632,2144,2,2,6
2633,2144,2,1,1
2633,2144,2,2,4
2634,2144,2,1,4
2634,2144,2,2,7
2635,2144,2,1,0
2635,2144,2,2,7
2636,2144,2,1,4
2636,2144,2,2,5
2637,2144,2,1,4
2637,2144,2,2,7
2638,2144,2,1,3
2638,2144,2,2,5
2639,2144,2,1,0
2639,2144,2,2,2
2640,2144,2,1,0
2640,2144,2,2,1
2641,2144,2,1,0
2641,2144,2,2,1
2642,2144,2,1,3
2642,2144,2,2,6
2643,2144,2,1,4
2643,2144,2,2,5
2644,2144,2,1,1
2644,2144,2,2,3
2645,2144,2,1,5
2645,2144,2,2,7
2646,2144,2,1,3
2646,2144,2,2,6
2647,2144,2,1,0
2647,2144,2,2,4
2648,2144,2,1,3
2648,2144,2,2,4
2649,2144,2,1,0
2649,2144,2,2,6
2650,2144,2,1,4
2650,2144,2,2,7
2651,2144,2,1,6
2651,2144,2,2,7
2652,2144,2,1,2
2652,2144,2,2,6
2653,2144,2,1,6
2653,2144,2,2,7
2654,2144,2,1,1
2654,2144,2,2,6
2655,2144,2,1,6
2655,2144,2,2,7
2624,2144,3,1,4
2624,2144,3,2,6
2625,2144,3,1,1
2625,2144,3,2,4
2626,2144,3,1,4
2626,2144,3,2,5
2627,2144,3,1,0
2627,2144,3,2,3
2628,2144,3,1,1
2628,2144,3,2,5
2629,2144,3,1,0
2629,2144,3,2,4
2630,2144,3,1,3
2630,2144,3,2,7
2631,2144,3,1,2
2631,2144,3,2,4
2632,2144,3,1,1
2632,2144,3,2,4
2633,2144,3,1,1
2633,2144,3,2,5
2634,2144,3,1,4
2634,2144,3,2,5
2635,2144,3,1,4
2635,2144,3,2,6
2636,2144,3,1,0
2636,2144,3,2,5
2637,2144,3,1,0
2637,2144,3,2,4
2638,2144,3,1,2
2638,2144,3,2,6
2639,2144,3,1,2
2639,2144,3,2,5
2640,2144,3,1,0
2640,2144,3,2,4
2641,2144,3,1,0
2641,2144,3,2,5
2642,2144,3,1,1
2642,2144,3,2,4
2643,2144,3,1,3
2643,2144,3,2,4
2644,2144,3,1,1
2644,2144,3,2,6
2645,2144,3,1,5
2645,2144,3,2,6
2646,2144,3,1,2
2646,2144,3,2,6
2647,2144,3,1,0
2647,2144,3,2,5
2648,2144,3,1,0
2648,2144,3,2,4
2649,2144,3,1,0
2649,2144,3,2,3
2650,2144,3,1,0
2650,2144,3,2,2
2651,2144,3,1,1
2651,2144,3,2,5
2652,2144,3,1,2
2652,2144,3,2,6
2653,2144,3,1,0
2653,2144,3,2,2
2654,2144,3,1,1
2654,2144,3,2,7
2655,2144,3,1,3
2655,2144,3,2,5
2624,2144,4,1,1
2624,2144,4,2,5
2625,2144,4,1,3
2625,2144,4,2,4
2626,2144,4,1,2
2626,2144,4,2,3
2627,2144,4,1,0
2627,2144,4,2,4
2628,2144,4,1,0
2628,2144,4,2,3
2629,2144,4,1,1
2629,2144,4,2,5
2630,2144,4,1,4
2630,2144,4,2,7
2631,2144,4,1,1
2631,2144,4,2,6
2632,2144,4,1,3
2632,2144,4,2,5
2633,2144,4,1,0
2633,2144,4,2,2
2634,2144,4,1,3
2634,2144,4,2,6
2635,2144,4,1,4
2635,2144,4,2,5
2636,2144,4,1,1
2636,2144,4,2,2
2637,2144,4,1,1
2637,2144,4,2,7
2638,2144,4,1,3
2638,2144,4,2,6
2639,2144,4,1,3
2639,2144,4,2,4
2640,2144,4,1,0
2640,2144,4,2,1
2641,2144,4,1,4
2641,2144,4,2,7
2642,2144,4,1,1
2642,2144,4,2,2
2643,2144,4,1,2
2643,2144,4,2,6
2644,2144,4,1,0
2644,2144,4,2,1
2645,2144,4,1,2
2645,2144,4,2,3
2646,2144,4,1,3
2646,2144,4,2,7
2647,2144,4,1,5
2647,2144,4,2,6
2648,2144,4,1,3
2648,2144,4,2,6
2649,2144,4,1,3
2649,2144,4,2,4
2650,2144,4,1,1
2650,2144,4,2,7
2651,2144,4,1,3
2651,2144,4,2,7
2652,2144,4,1,4
2652,2144,4,2,6
2653,2144,4,1,1
2653,2144,4,2,4
2654,2144,4,1,0
2654,2144,4,2,2
2655,2144,4,1,0
2655,2144,4,2,2
2624,2144,5,1,2
2624,2144,5,2,6
2625,2144,5,1,0
2625,2144,5,2,3
2626,2144,5,1,4
2626,2144,5,2,7
2627,2144,5,1,0
2627,2144,5,2,5
2628,2144,5,1,0
2628,2144,5,2,7
2629,2144,5,1,0
2629,2144,5,2,7
2630,2144,5,1,3
2630,2144,5,2,7
2631,2144,5,1,4
2631,2144,5,2,5
2632,2144,5,1,3
2632,2144,5,2,4
2633,2144,5,1,0
2633,2144,5,2,2
2634,2144,5,1,1
2634,2144,5,2,3
2635,2144,5,1,5
2635,2144,5,2,6
2636,2144,5,1,3
2636,2144,5,2,6
2637,2144,5,1,2
2637,2144,5,2,4
2638,2144,5,1,5
2638,2144,5,2,6
2639,2144,5,1,4
2639,2144,5,2,6
2640,2144,5,1,1
2640,2144,5,2,6
2641,2144,5,1,1
2641,2144,5,2,5
2642,2144,5,1,3
2642,2144,5,2,5
2643,2144,5,1,4
2643,2144,5,2,5
2644,2144,5,1,0
2644,2144,5,2,4
2645,2144,5,1,0
2645,2144,5,2,2
2646,2144,5,1,4
2646,2144,5,2,6
2647,2144,5,1,1
2647,2144,5,2,4
2648,2144,5,1,0
2648,2144,5,2,7
2649,2144,5,1,1
2649,2144,5,2,6
2650,2144,5,1,3
2650,2144,5,2,4
2651,2144,5,1,1
2651,2144,5,2,5
2652,2144,5,1,5
2652,2144,5,2,7
2653,2144,5,1,2
2653,2144,5,2,5
2654,2144,5,1,3
2654,2144,5,2,4
2655,2144,5,1,4
2655,2144,5,2,6
2624,2144,6,1,3
2624,2144,6,2,6
2625,2144,6,1,5
2625,2144,6,2,6
2626,2144,6,1,0
2626,2144,6,2,7
2627,2144,6,1,6
2627,2144,6,2,7
2628,2144,6,1,0
2628,2144,6,2,3
2629,2144,6,1,3
2629,2144,6,2,6
2630,2144,6,1,3
2630,2144,6,2,7
2631,2144,6,1,1
2631,2144,6,2,2
2632,2144,6,1,6
2632,2144,6,2,7
2633,2144,6,1,5
2633,2144,6,2,6
2634,2144,6,1,3
2634,2144,6,2,6
2635,2144,6,1,5
2635,2144,6,2,7
2636,2144,6,1,6
2636,2144,6,2,7
2637,2144,6,1,0
2637,2144,6,2,4
2638,2144,6,1,5
2638,2144,6,2,7
2639,2144,6,1,3
2639,2144,6,2,6
2640,2144,6,1,6
2640,2144,6,2,7
2641,2144,6,1,6
2641,2144,6,2,7
2642,2144,6,1,6
2642,2144,6,2,7
2643,2144,6,1,1
2643,2144,6,2,6
2644,2144,6,1,3
2644,2144,6,2,5
2645,2144,6,1,3
2645,2144,6,2,5
2646,2144,6,1,1
2646,2144,6,2,6
2647,2144,6,1,5
2647,2144,6,2,6
2648,2144,6,1,2
2648,2144,6,2,5
2649,2144,6,1,4
2649,2144,6,2,6
2650,2144,6,1,2
2650,2144,6,2,3
2651,2144,6,1,0
2651,2144,6,2,1
2652,2144,6,1,4
2652,2144,6,2,5
2653,2144,6,1,4
2653,2144,6,2,5
2654,2144,6,1,4
2654,2144,6,2,7
2655,2144,6,1,1
2655,2144,6,2,4
2624,2144,7,1,3
2624,2144,7,2,5
2625,2144,7,1,0
2625,2144,7,2,7
2626,2144,7,1,2
2626,2144,7,2,3
2627,2144,7,1,2
2627,2144,7,2,7
2628,2144,7,1,1
2628,2144,7,2,3
2629,2144,7,1,0
2629,2144,7,2,2
2630,2144,7,1,3
2630,2144,7,2,6
2631,2144,7,1,4
2631,2144,7,2,6
2632,2144,7,1,0
2632,2144,7,2,3
2633,2144,7,1,2
2633,2144,7,2,3
2634,2144,7,1,0
2634,2144,7,2,5
2635,2144,7,1,3
2635,2144,7,2,4
2636,2144,7,1,2
2636,2144,7,2,6
2637,2144,7,1,3
2637,2144,7,2,4
2638,2144,7,1,3
2638,2144,7,2,5
2639,2144,7,1,0
2639,2144,7,2,1
2640,2144,7,1,3
2640,2144,7,2,5
2641,2144,7,1,2
2641,2144,7,2,7
2642,2144,7,1,0
2642,2144,7,2,4
2643,2144,7,1,3
2643,2144,7,2,5
2644,2144,7,1,0
2644,2144,7,2,5
2645,2144,7,1,1
2645,2144,7,2,5
2646,2144,7,1,3
2646,2144,7,2,6
2647,2144,7,1,2
2647,2144,7,2,5
2648,2144,7,1,3
2648,2144,7,2,6
2649,2144,7,1,1
2649,2144,7,2,6
2650,2144,7,1,3
2650,2144,7,2,7
2651,2144,7,1,3
2651,2144,7,2,6
2652,2144,7,1,1
2652,2144,7,2,7
2653,2144,7,1,0
2653,2144,7,2,1
2654,2144,7,1,0
2654,2144,7,2,1
2655,2144,7,1,6
2655,2144,7,2,7
2624,2144,8,1,0
2624,2144,8,2,6
2625,2144,8,1,1
2625,2144,8,2,6
2626,2144,8,1,1
2626,2144,8,2,3
2627,2144,8,1,2
2627,2144,8,2,4
2628,2144,8,1,0
2628,2144,8,2,3
2629,2144,8,1,3
2629,2144,8,2,4
2630,2144,8,1,4
2630,2144,8,2,5
2631,2144,8,1,2
2631,2144,8,2,6
2632,2144,8,1,2
2632,2144,8,2,4
2633,2144,8,1,0
2633,2144,8,2,7
2634,2144,8,1,0
2634,2144,8,2,2
2635,2144,8,1,4
2635,2144,8,2,5
2636,2144,8,1,6
2636,2144,8,2,7
2637,2144,8,1,0
2637,2144,8,2,3
2638,2144,8,1,3
2638,2144,8,2,7
2639,2144,8,1,0
2639,2144,8,2,2
2640,2144,8,1,5
2640,2144,8,2,7
2641,2144,8,1,2
2641,2144,8,2,5
2642,2144,8,1,4
2642,2144,8,2,7
2643,2144,8,1,4
2643,2144,8,2,7
2644,2144,8,1,4
2644,2144,8,2,5
2645,2144,8,1,1
2645,2144,8,2,7
2646,2144,8,1,1
2646,2144,8,2,3
2647,2144,8,1,3
2647,2144,8,2,7
2648,2144,8,1,1
2648,2144,8,2,4
2649,2144,8,1,4
2649,2144,8,2,6
2650,2144,8,1,3
2650,2144,8,2,6
2651,2144,8,1,1
2651,2144,8,2,2
2652,2144,8,1,0
2652,2144,8,2,4
2653,2144,8,1,1
2653,2144,8,2,3
2654,2144,8,1,3
2654,2144,8,2,4
2655,2144,8,1,2
2655,2144,8,2,3
2624,2144,9,1,4
2624,2144,9,2,6
2625,2144,9,1,0
2625,2144,9,2,6
2626,2144,9,1,2
2626,2144,9,2,7
2627,2144,9,1,3
2627,2144,9,2,4
2628,2144,9,1,2
2628,2144,9,2,7
2629,2144,9,1,1
2629,2144,9,2,4
2630,2144,9,1,0
2630,2144,9,2,4
2631,2144,9,1,1
2631,2144,9,2,2
2632,2144,9,1,0
2632,2144,9,2,4
2633,2144,9,1,0
2633,2144,9,2,2
2634,2144,9,1,0
2634,2144,9,2,3
2635,2144,9,1,2
2635,2144,9,2,6
2636,2144,9,1,3
2636,2144,9,2,5
2637,2144,9,1,0
2637,2144,9,2,4
2638,2144,9,1,3
2638,2144,9,2,5
2639,2144,9,1,0
2639,2144,9,2,3
2640,2144,9,1,0
2640,2144,9,2,5
2641,2144,9,1,0
2641,2144,9,2,4
2642,2144,9,1,1
2642,2144,9,2,5
2643,2144,9,1,0
2643,2144,9,2,1
2644,2144,9,1,2
2644,2144,9,2,7
2645,2144,9,1,0
2645,2144,9,2,2
2646,2144,9,1,2
2646,2144,9,2,7
2647,2144,9,1,3
2647,2144,9,2,5
2648,2144,9,1,0
2648,2144,9,2,1
2649,2144,9,1,0
2649,2144,9,2,5
2650,2144,9,1,0
2650,2144,9,2,7
2651,2144,9,1,1
2651,2144,9,2,6
2652,2144,9,1,4
2652,2144,9,2,6
2653,2144,9,1,2
2653,2144,9,2,7
2654,2144,9,1,1
2654,2144,9,2,2
2655,2144,9,1,4
2655,2144,9,2,6
2624,2144,10,1,2
2624,2144,10,2,6
2625,2144,10,1,3
2625,2144,10,2,7
2626,2144,10,1,3
2626,2144,10,2,7
2627,2144,10,1,3
2627,2144,10,2,5
2628,2144,10,1,0
2628,2144,10,2,6
2629,2144,10,1,2
2629,2144,10,2,6
2630,2144,10,1,4
2630,2144,10,2,7
2631,2144,10,1,1
2631,2144,10,2,4
2632,2144,10,1,1
2632,2144,10,2,4
2633,2144,10,1,0
2633,2144,10,2,6
2634,2144,10,1,1
2634,2144,10,2,3
2635,2144,10,1,2
2635,2144,10,2,6
2636,2144,10,1,3
2636,2144,10,2,5
2637,2144,10,1,3
2637,2144,10,2,5
2638,2144,10,1,3
2638,2144,10,2,4
2639,2144,10,1,5
2639,2144,10,2,6
2640,2144,10,1,3
2640,2144,10,2,7
2641,2144,10,1,3
2641,2144,10,2,6
2642,2144,10,1,5
2642,2144,10,2,7
2643,2144,10,1,2
2643,2144,10,2,5
2644,2144,10,1,0
2644,2144,10,2,5
2645,2144,10,1,4
2645,2144,10,2,6
2646,2144,10,1,0
2646,2144,10,2,6
2647,2144,10,1,0
2647,2144,10,2,3
2648,2144,10,1,2
2648,2144,10,2,3
2649,2144,10,1,0
2649,2144,10,2,7
2650,2144,10,1,0
2650,2144,10,2,4
2651,2144,10,1,0
2651,2144,10,2,5
2652,2144,10,1,0
2652,2144,10,2,4
2653,2144,10,1,1
2653,2144,10,2,5
2654,2144,10,1,0
2654,2144,10,2,2
2655,2144,10,1,0
2655,2144,10,2,7
2624,2144,11,1,2
2624,2144,11,2,7
2625,2144,11,1,5
2625,2144,11,2,6
2626,2144,11,1,0
2626,2144,11,2,2
2627,2144,11,1,4
2627,2144,11,2,6
2628,2144,11,1,0
2628,2144,11,2,6
2629,2144,11,1,3
2629,2144,11,2,6
2630,2144,11,1,6
2630,2144,11,2,7
2631,2144,11,1,1
2631,2144,11,2,4
2632,2144,11,1,0
2632,2144,11,2,3
2633,2144,11,1,0
2633,2144,11,2,5
2634,2144,11,1,2
2634,2144,11,2,4
2635,2144,11,1,6
2635,2144,11,2,7
2636,2144,11,1,1
2636,2144,11,2,5
2637,2144,11,1,0
2637,2144,11,2,6
2638,2144,11,1,0
2638,2144,11,2,4
2639,2144,11,1,5
2639,2144,11,2,7
2640,2144,11,1,5
2640,2144,11,2,7
2641,2144,11,1,0
2641,2144,11,2,7
2642,2144,11,1,0
2642,2144,11,2,5
2643,2144,11,1,2
2643,2144,11,2,4
2644,2144,11,1,1
2644,2144,11,2,3
2645,2144,11,1,3
2645,2144,11,2,7
2646,2144,11,1,2
2646,2144,11,2,6
2647,2144,11,1,2
2647,2144,11,2,7
2648,2144,11,1,2
2648,2144,11,2,5
2649,2144,11,1,3
2649,2144,11,2,4
2650,2144,11,1,4
2650,2144,11,2,7
2651,2144,11,1,1
2651,2144,11,2,2
2652,2144,11,1,0
2652,2144,11,2,2
2653,2144,11,1,0
2653,2144,11,2,1
2654,2144,11,1,3
2654,2144,11,2,4
2655,2144,11,1,4
2655,2144,11,2,7
2624,2144,12,1,1
2624,2144,12,2,4
2625,2144,12,1,3
2625,2144,12,2,7
2626,2144,12,1,1
2626,2144,12,2,7
2627,2144,12,1,4
2627,2144,12,2,7
2628,2144,12,1,1
2628,2144,12,2,4
2629,2144,12,1,0
2629,2144,12,2,7
2630,2144,12,1,3
2630,2144,12,2,5
2631,2144,12,1,1
2631,2144,12,2,4
2632,2144,12,1,6
2632,2144,12,2,7
2633,2144,12,1,4
2633,2144,12,2,5
2634,2144,12,1,5
2634,2144,12,2,6
2635,2144,12,1,2
2635,2144,12,2,5
2636,2144,12,1,1
2636,2144,12,2,2
2637,2144,12,1,1
2637,2144,12,2,4
2638,2144,12,1,2
2638,2144,12,2,3
2639,2144,12,1,2
2639,2144,12,2,4
2640,2144,12,1,5
2640,2144,12,2,7
2641,2144,12,1,1
2641,2144,12,2,4
2642,2144,12,1,0
2642,2144,12,2,1
2643,2144,12,1,2
2643,2144,12,2,3
2644,2144,12,1,1
2644,2144,12,2,4
2645,2144,12,1,0
2645,2144,12,2,4
2646,2144,12,1,2
2646,2144,12,2,7
2647,2144,12,1,2
2647,2144,12,2,5
2648,2144,12,1,5
2648,2144,12,2,7
2649,2144,12,1,4
2649,2144,12,2,6
2650,2144,12,1,1
2650,2144,12,2,7
2651,2144,12,1,3
2651,2144,12,2,6
2652,2144,12,1,3
2652,2144,12,2,6
2653,2144,12,1,0
2653,2144,12,2,2
2654,2144,12,1,3
2654,2144,12,2,5
2655,2144,12,1,3
2655,2144,12,2,5
2624,2144,13,1,0
2624,2144,13,2,7
2625,2144,13,1,0
2625,2144,13,2,1
2626,2144,13,1,1
2626,2144,13,2,2
2627,2144,13,1,4
2627,2144,13,2,6
2628,2144,13,1,4
2628,2144,13,2,6
2629,2144,13,1,5
2629,2144,13,2,7
2630,2144,13,1,1
2630,2144,13,2,2
2631,2144,13,1,1
2631,2144,13,2,6
2632,2144,13,1,4
2632,2144,13,2,5
2633,2144,13,1,0
2633,2144,13,2,3
2634,2144,13,1,1
2634,2144,13,2,3
2635,2144,13,1,3
2635,2144,13,2,6
2636,2144,13,1,3
2636,2144,13,2,4
2637,2144,13,1,4
2637,2144,13,2,5
2638,2144,13,1,2
2638,2144,13,2,3
2639,2144,13,1,6
2639,2144,13,2,7
2640,2144,13,1,1
2640,2144,13,2,7
2641,2144,13,1,0
2641,2144,13,2,3
2642,2144,13,1,2
2642,2144,13,2,3
2643,2144,13,1,0
2643,2144,13,2,2
2644,2144,13,1,0
2644,2144,13,2,7
2645,2144,13,1,6
2645,2144,13,2,7
2646,2144,13,1,2
2646,2144,13,2,6
2647,2144,13,1,4
2647,2144,13,2,6
2648,2144,13,1,0
2648,2144,13,2,7
2649,2144,13,1,1
2649,2144,13,2,7
2650,2144,13,1,3
2650,2144,13,2,5
2651,2144,13,1,3
2651,2144,13,2,6
2652,2144,13,1,1
2652,2144,13,2,2
2653,2144,13,1,1
2653,2144,13,2,3
2654,2144,13,1,2
2654,2144,13,2,3
2655,2144,13,1,1
2655,2144,13,2,6
2624,2144,14,1,4
2624,2144,14,2,5
2625,2144,14,1,2
2625,2144,14,2,3
2626,2144,14,1,0
2626,2144,14,2,5
2627,2144,14,1,0
2627,2144,14,2,2
2628,2144,14,1,1
2628,2144,14,2,6
2629,2144,14,1,4
2629,2144,14,2,5
2630,2144,14,1,1
2630,2144,14,2,5
2631,2144,14,1,3
2631,2144,14,2,5
2632,2144,14,1,1
2632,2144,14,2,7
2633,2144,14,1,1
2633,2144,14,2,5
2634,2144,14,1,4
2634,2144,14,2,5
2635,2144,14,1,0
2635,2144,14,2,7
2636,2144,14,1,1
2636,2144,14,2,4
2637,2144,14,1,1
2637,2144,14,2,5
2638,2144,14,1,5
2638,2144,14,2,7
2639,2144,14,1,2
2639,2144,14,2,4
2640,2144,14,1,4
2640,2144,14,2,6
2641,2144,14,1,4
2641,2144,14,2,6
2642,2144,14,1,0
2642,2144,14,2,2
2643,2144,14,1,4
2643,2144,14,2,6
2644,2144,14,1,6
2644,2144,14,2,7
2645,2144,14,1,4
2645,2144,14,2,5
2646,2144,14,1,0
2646,2144,14,2,2
2647,2144,14,1,6
2647,2144,14,2,7
2648,2144,14,1,1
2648,2144,14,2,4
2649,2144,14,1,5
2649,2144,14,2,6
2650,2144,14,1,1
2650,2144,14,2,3
2651,2144,14,1,2
2651,2144,14,2,5
2652,2144,14,1,3
2652,2144,14,2,5
2653,2144,14,1,2
2653,2144,14,2,6
2654,2144,14,1,4
2654,2144,14,2,5
2655,2144,14,1,5
2655,2144,14,2,7
2624,2144,15,1,1
2624,2144,15,2,4
2625,2144,15,1,6
2625,2144,15,2,7
2626,2144,15,1,4
2626,2144,15,2,6
2627,2144,15,1,2
2627,2144,15,2,6
2628,2144,15,1,0
2628,2144,15,2,3
2629,2144,15,1,2
2629,2144,15,2,5
2630,2144,15,1,2
2630,2144,15,2,5
2631,2144,15,1,1
2631,2144,15,2,7
2632,2144,15,1,2
2632,2144,15,2,3
2633,2144,15,1,2
2633,2144,15,2,4
2634,2144,15,1,3
2634,2144,15,2,7
2635,2144,15,1,3
2635,2144,15,2,5
2636,2144,15,1,4
2636,2144,15,2,7
2637,2144,15,1,0
2637,2144,15,2,5
2638,2144,15,1,6
2638,2144,15,2,7
2639,2144,15,1,4
2639,2144,15,2,6
2640,2144,15,1,1
2640,2144,15,2,5
2641,2144,15,1,2
2641,2144,15,2,3
2642,2144,15,1,0
2642,2144,15,2,2
2643,2144,15,1,0
2643,2144,15,2,5
2644,2144,15,1,5
2644,2144,15,2,7
2645,2144,15,1,0
2645,2144,15,2,5
2646,2144,15,1,1
2646,2144,15,2,2
2647,2144,15,1,3
2647,2144,15,2,6
2648,2144,15,1,1
2648,2144,15,2,5
2649,2144,15,1,2
2649,2144,15,2,6
2650,2144,15,1,1
2650,2144,15,2,3
2651,2144,15,1,4
2651,2144,15,2,5
2652,2144,15,1,4
2652,2144,15,2,7
2653,2144,15,1,1
2653,2144,15,2,7
2654,2144,15,1,3
2654,2144,15,2,7
2655,2144,15,1,3
2655,2144,15,2,6
2624,2144,16,1,2
2624,2144,16,2,6
2625,2144,16,1,0
2625,2144,16,2,7
2626,2144,16,1,4
2626,2144,16,2,6
2627,2144,16,1,0
2627,2144,16,2,4
2628,2144,16,1,0
2628,2144,16,2,6
2629,2144,16,1,1
2629,2144,16,2,3
2630,2144,16,1,0
2630,2144,16,2,2
2631,2144,16,1,1
2631,2144,16,2,2
2632,2144,16,1,2
2632,2144,16,2,3
2633,2144,16,1,2
2633,2144,16,2,4
2634,2144,16,1,4
2634,2144,16,2,6
2635,2144,16,1,6
2635,2144,16,2,7
2636,2144,16,1,3
2636,2144,16,2,4
2637,2144,16,1,2
2637,2144,16,2,7
2638,2144,16,1,0
2638,2144,16,2,6
2639,2144,16,1,3
2639,2144,16,2,5
2640,2144,16,1,4
2640,2144,16,2,7
2641,2144,16,1,5
2641,2144,16,2,7
2642,2144,16,1,0
2642,2144,16,2,6
2643,2144,16,1,1
2643,2144,16,2,2
2644,2144,16,1,3
2644,2144,16,2,5
2645,2144,16,1,0
2645,2144,16,2,4
2646,2144,16,1,4
2646,2144,16,2,6
2647,2144,16,1,4
2647,2144,16,2,6
2648,2144,16,1,0
2648,2144,16,2,6
2649,2144,16,1,0
2649,2144,16,2,3
2650,2144,16,1,0
2650,2144,16,2,3
2651,2144,16,1,0
2651,2144,16,2,7
2652,2144,16,1,0
2652,2144,16,2,1
2653,2144,16,1,1
2653,2144,16,2,5
2654,2144,16,1,0
2654,2144,16,2,7
2655,2144,16,1,2
2655,2144,16,2,4
2624,2144,17,1,1
2624,2144,17,2,5
2625,2144,17,1,3
2625,2144,17,2,6
2626,2144,17,1,1
2626,2144,17,2,7
2627,2144,17,1,0
2627,2144,17,2,5
2628,2144,17,1,5
2628,2144,17,2,7
2629,2144,17,1,1
2629,2144,17,2,6
2630,2144,17,1,4
2630,2144,17,2,7
2631,2144,17,1,4
2631,2144,17,2,6
2632,2144,17,1,3
2632,2144,17,2,6
2633,2144,17,1,0
2633,2144,17,2,1
2634,2144,17,1,1
2634,2144,17,2,6
2635,2144,17,1,2
2635,2144,17,2,5
2636,2144,17,1,2
2636,2144,17,2,3
2637,2144,17,1,6
2637,2144,17,2,7
2638,2144,17,1,2
2638,2144,17,2,5
2639,2144,17,1,0
2639,2144,17,2,6
2640,2144,17,1,1
2640,2144,17,2,5
2641,2144,17,1,4
2641,2144,17,2,7
2642,2144,17,1,0
2642,2144,17,2,7
2643,2144,17,1,1
2643,2144,17,2,2
2644,2144,17,1,2
2644,2144,17,2,4
2645,2144,17,1,1
2645,2144,17,2,7
2646,2144,17,1,2
2646,2144,17,2,4
2647,2144,17,1,0
2647,2144,17,2,3
2648,2144,17,1,1
2648,2144,17,2,7
2649,2144,17,1,1
2649,2144,17,2,2
2650,2144,17,1,1
2650,2144,17,2,6
2651,2144,17,1,1
2651,2144,17,2,6
2652,2144,17,1,3
2652,2144,17,2,6
2653,2144,17,1,4
2653,2144,17,2,7
2654,2144,17,1,2
2654,2144,17,2,6
2655,2144,17,1,0
2655,2144,17,2,4
2624,2144,18,1,3
2624,2144,18,2,7
2625,2144,18,1,4
2625,2144,18,2,6
2626,2144,18,1,3
2626,2144,18,2,7
2627,2144,18,1,1
2627,2144,18,2,2
2628,2144,18,1,3
2628,2144,18,2,7
2629,2144,18,1,4
2629,2144,18,2,7
2630,2144,18,1,4
2630,2144,18,2,5
2631,2144,18,1,2
2631,2144,18,2,7
2632,2144,18,1,3
2632,2144,18,2,6
2633,2144,18,1,2
2633,2144,18,2,6
2634,2144,18,1,3
2634,2144,18,2,7
2635,2144,18,1,5
2635,2144,18,2,6
2636,2144,18,1,5
2636,2144,18,2,6
2637,2144,18,1,0
2637,2144,18,2,6
2638,2144,18,1,1
2638,2144,18,2,5
2639,2144,18,1,0
2639,2144,18,2,2
2640,2144,18,1,5
2640,2144,18,2,7
2641,2144,18,1,1
2641,2144,18,2,6
2642,2144,18,1,2
2642,2144,18,2,5
2643,2144,18,1,3
2643,2144,18,2,4
2644,2144,18,1,2
2644,2144,18,2,7
2645,2144,18,1,4
2645,2144,18,2,7
2646,2144,18,1,5
2646,2144,18,2,6
2647,2144,18,1,1
2647,2144,18,2,6
2648,2144,18,1,1
2648,2144,18,2,2
2649,2144,18,1,1
2649,2144,18,2,2
2650,2144,18,1,4
2650,2144,18,2,7
2651,2144,18,1,0
2651,2144,18,2,6
2652,2144,18,1,5
2652,2144,18,2,6
2653,2144,18,1,4
2653,2144,18,2,5
2654,2144,18,1,0
2654,2144,18,2,1
2655,2144,18,1,5
2655,2144,18,2,7
2624,2144,19,1,2
2624,2144,19,2,3
2625,2144,19,1,0
2625,2144,19,2,4
2626,2144,19,1,2
2626,2144,19,2,6
2627,2144,19,1,2
2627,2144,19,2,7
2628,2144,19,1,0
2628,2144,19,2,3
2629,2144,19,1,0
2629,2144,19,2,1
2630,2144,19,1,0
2630,2144,19,2,6
2631,2144,19,1,5
2631,2144,19,2,6
2632,2144,19,1,2
2632,2144,19,2,6
2633,2144,19,1,1
2633,2144,19,2,5
2634,2144,19,1,1
2634,2144,19,2,6
2635,2144,19,1,2
2635,2144,19,2,7
2636,2144,19,1,3
2636,2144,19,2,5
2637,2144,19,1,2
2637,2144,19,2,6
2638,2144,19,1,3
2638,2144,19,2,5
2639,2144,19,1,3
2639,2144,19,2,5
2640,2144,19,1,3
2640,2144,19,2,5
2641,2144,19,1,0
2641,2144,19,2,2
2642,2144,19,1,4
2642,2144,19,2,5
2643,2144,19,1,4
2643,2144,19,2,6
2644,2144,19,1,3
2644,2144,19,2,7
2645,2144,19,1,1
2645,2144,19,2,6
2646,2144,19,1,2
2646,2144,19,2,5
2647,2144,19,1,0
2647,2144,19,2,5
2648,2144,19,1,2
2648,2144,19,2,6
2649,2144,19,1,3
2649,2144,19,2,7
2650,2144,19,1,1
2650,2144,19,2,6
2651,2144,19,1,1
2651,2144,19,2,2
2652,2144,19,1,2
2652,2144,19,2,6
2653,2144,19,1,2
2653,2144,19,2,5
2654,2144,19,1,0
2654,2144,19,2,7
2655,2144,19,1,3
2655,2144,19,2,7
2624,2144,20,1,2
2624,2144,20,2,6
2625,2144,20,1,0
2625,2144,20,2,3
2626,2144,20,1,0
2626,2144,20,2,7
2627,2144,20,1,6
2627,2144,20,2,7
2628,2144,20,1,1
2628,2144,20,2,7
2629,2144,20,1,0
2629,2144,20,2,4
2630,2144,20,1,0
2630,2144,20,2,7
2631,2144,20,1,4
2631,2144,20,2,5
2632,2144,20,1,3
2632,2144,20,2,4
2633,2144,20,1,1
2633,2144,20,2,5
2634,2144,20,1,5
2634,2144,20,2,7
2635,2144,20,1,5
2635,2144,20,2,7
2636,2144,20,1,1
2636,2144,20,2,3
2637,2144,20,1,0
2637,2144,20,2,5
2638,2144,20,1,1
2638,2144,20,2,4
2639,2144,20,1,2
2639,2144,20,2,5
2640,2144,20,1,1
2640,2144,20,2,7
2641,2144,20,1,0
2641,2144,20,2,7
2642,2144,20,1,2
2642,2144,20,2,7
2643,2144,20,1,1
2643,2144,20,2,6
2644,2144,20,1,0
2644,2144,20,2,3
2645,2144,20,1,3
2645,2144,20,2,4
2646,2144,20,1,1
2646,2144,20,2,2
2647,2144,20,1,5
2647,2144,20,2,7
2648,2144,20,1,1
2648,2144,20,2,3
2649,2144,20,1,3
2649,2144,20,2,7
2650,2144,20,1,0
2650,2144,20,2,6
2651,2144,20,1,5
2651,2144,20,2,6
2652,2144,20,1,4
2652,2144,20,2,5
2653,2144,20,1,0
2653,2144,20,2,5
2654,2144,20,1,5
2654,2144,20,2,6
2655,2144,20,1,1
2655,2144,20,2,4
2624,2144,21,1,2
2624,2144,21,2,6
2625,2144,21,1,1
2625,2144,21,2,7
2626,2144,21,1,0
2626,2144,21,2,1
2627,2144,21,1,0
2627,2144,21,2,5
2628,2144,21,1,2
2628,2144,21,2,5
2629,2144,21,1,0
2629,2144,21,2,2
2630,2144,21,1,1
2630,2144,21,2,2
2631,2144,21,1,4
2631,2144,21,2,5
2632,2144,21,1,3
2632,2144,21,2,4
2633,2144,21,1,4
2633,2144,21,2,5
2634,2144,21,1,0
2634,2144,21,2,2
2635,2144,21,1,4
2635,2144,21,2,7
2636,2144,21,1,2
2636,2144,21,2,7
2637,2144,21,1,1
2637,2144,21,2,6
2638,2144,21,1,0
2638,2144,21,2,4
2639,2144,21,1,2
2639,2144,21,2,6
2640,2144,21,1,5
2640,2144,21,2,6
2641,2144,21,1,0
2641,2144,21,2,5
2642,2144,21,1,0
2642,2144,21,2,4
2643,2144,21,1,0
2643,2144,21,2,7
2644,2144,21,1,2
2644,2144,21,2,3
2645,2144,21,1,4
2645,2144,21,2,7
2646,2144,21,1,4
2646,2144,21,2,5
2647,2144,21,1,0
2647,2144,21,2,7
2648,2144,21,1,6
2648,2144,21,2,7
2649,2144,21,1,2
2649,2144,21,2,7
2650,2144,21,1,4
2650,2144,21,2,7
2651,2144,21,1,5
2651,2144,21,2,7
2652,2144,21,1,4
2652,2144,21,2,7
2653,2144,21,1,4
2653,2144,21,2,6
2654,2144,21,1,0
2654,2144,21,2,7
2655,2144,21,1,4
2655,2144,21,2,7
2624,2144,22,1,3
2624,2144,22,2,4
2625,2144,22,1,4
2625,2144,22,2,6
2626,2144,22,1,2
2626,2144,22,2,5
2627,2144,22,1,1
2627,2144,22,2,7
2628,2144,22,1,2
2628,2144,22,2,5
2629,2144,22,1,2
2629,2144,22,2,3
2630,2144,22,1,1
2630,2144,22,2,6
2631,2144,22,1,0
2631,2144,22,2,7
2632,2144,22,1,5
2632,2144,22,2,6
2633,2144,22,1,2
2633,2144,22,2,4
2634,2144,22,1,0
2634,2144,22,2,5
2635,2144,22,1,2
2635,2144,22,2,7
2636,2144,22,1,6
2636,2144,22,2,7
2637,2144,22,1,0
2637,2144,22,2,7
2638,2144,22,1,1
2638,2144,22,2,6
2639,2144,22,1,1
2639,2144,22,2,3
2640,2144,22,1,0
2640,2144,22,2,3
2641,2144,22,1,1
2641,2144,22,2,6
2642,2144,22,1,2
2642,2144,22,2,3
2643,2144,22,1,3
2643,2144,22,2,7
2644,2144,22,1,1
2644,2144,22,2,6
2645,2144,22,1,0
2645,2144,22,2,4
2646,2144,22,1,4
2646,2144,22,2,7
2647,2144,22,1,1
2647,2144,22,2,2
2648,2144,22,1,1
2648,2144,22,2,6
2649,2144,22,1,4
2649,2144,22,2,5
2650,2144,22,1,2
2650,2144,22,2,3
2651,2144,22,1,1
2651,2144,22,2,6
2652,2144,22,1,0
2652,2144,22,2,1
2653,2144,22,1,0
2653,2144,22,2,3
2654,2144,22,1,5
2654,2144,22,2,6
2655,2144,22,1,2
2655,2144,22,2,3
2624,2144,23,1,2
2624,2144,23,2,3
2625,2144,23,1,0
2625,2144,23,2,1
2626,2144,23,1,2
2626,2144,23,2,5
2627,2144,23,1,0
2627,2144,23,2,3
2628,2144,23,1,5
2628,2144,23,2,6
2629,2144,23,1,2
2629,2144,23,2,6
2630,2144,23,1,3
2630,2144,23,2,7
2631,2144,23,1,0
2631,2144,23,2,1
2632,2144,23,1,0
2632,2144,23,2,2
2633,2144,23,1,2
2633,2144,23,2,3
2634,2144,23,1,4
2634,2144,23,2,7
2635,2144,23,1,1
2635,2144,23,2,3
2636,2144,23,1,0
2636,2144,23,2,6
2637,2144,23,1,1
2637,2144,23,2,6
2638,2144,23,1,4
2638,2144,23,2,6
2639,2144,23,1,0
2639,2144,23,2,7
2640,2144,23,1,2
2640,2144,23,2,5
2641,2144,23,1,1
2641,2144,23,2,7
2642,2144,23,1,1
2642,2144,23,2,5
2643,2144,23,1,1
2643,2144,23,2,6
2644,2144,23,1,1
2644,2144,23,2,2
2645,2144,23,1,0
2645,2144,23,2,7
2646,2144,23,1,5
2646,2144,23,2,7
2647,2144,23,1,2
2647,2144,23,2,7
2648,2144,23,1,1
2648,2144,23,2,4
2649,2144,23,1,2
2649,2144,23,2,6
2650,2144,23,1,0
2650,2144,23,2,7
2651,2144,23,1,4
2651,2144,23,2,5
2652,2144,23,1,2
2652,2144,23,2,5
2653,2144,23,1,4
2653,2144,23,2,7
2654,2144,23,1,2
2654,2144,23,2,3
2655,2144,23,1,0
2655,2144,23,2,2
2624,2144,24,1,1
2624,2144,24,2,2
2625,2144,24,1,2
2625,2144,24,2,6
2626,2144,24,1,1
2626,2144,24,2,4
2627,2144,24,1,3
2627,2144,24,2,7
2628,2144,24,1,0
2628,2144,24,2,5
2629,2144,24,1,2
2629,2144,24,2,6
2630,2144,24,1,1
2630,2144,24,2,4
2631,2144,24,1,0
2631,2144,24,2,3
2632,2144,24,1,2
2632,2144,24,2,6
2633,2144,24,1,0
2633,2144,24,2,3
2634,2144,24,1,1
2634,2144,24,2,6
2635,2144,24,1,5
2635,2144,24,2,6
2636,2144,24,1,0
2636,2144,24,2,7
2637,2144,24,1,0
2637,2144,24,2,1
2638,2144,24,1,1
2638,2144,24,2,3
2639,2144,24,1,5
2639,2144,24,2,7
2640,2144,24,1,0
2640,2144,24,2,6
2641,2144,24,1,4
2641,2144,24,2,6
2642,2144,24,1,0
2642,2144,24,2,3
2643,2144,24,1,4
2643,2144,24,2,5
2644,2144,24,1,2
2644,2144,24,2,3
2645,2144,24,1,3
2645,2144,24,2,6
2646,2144,24,1,3
2646,2144,24,2,6
2647,2144,24,1,3
2647,2144,24,2,7
2648,2144,24,1,1
2648,2144,24,2,4
2649,2144,24,1,3
2649,2144,24,2,7
2650,2144,24,1,3
2650,2144,24,2,5
2651,2144,24,1,4
2651,2144,24,2,6
2652,2144,24,1,2
2652,2144,24,2,4
2653,2144,24,1,3
2653,2144,24,2,6
2654,2144,24,1,0
2654,2144,24,2,1
2655,2144,24,1,1
2655,2144,24,2,5
2624,2144,25,1,1
2624,2144,25,2,7
2625,2144,25,1,1
2625,2144,25,2,3
2626,2144,25,1,4
2626,2144,25,2,6
2627,2144,25,1,1
2627,2144,25,2,2
2628,2144,25,1,3
2628,2144,25,2,5
2629,2144,25,1,1
2629,2144,25,2,2
2630,2144,25,1,0
2630,2144,25,2,3
2631,2144,25,1,4
2631,2144,25,2,7
2632,2144,25,1,1
2632,2144,25,2,5
2633,2144,25,1,0
2633,2144,25,2,4
2634,2144,25,1,3
2634,2144,25,2,5
2635,2144,25,1,0
2635,2144,25,2,6
2636,2144,25,1,2
2636,2144,25,2,7
2637,2144,25,1,0
2637,2144,25,2,6
2638,2144,25,1,2
2638,2144,25,2,5
2639,2144,25,1,3
2639,2144,25,2,5
2640,2144,25,1,2
2640,2144,25,2,5
2641,2144,25,1,0
2641,2144,25,2,3
2642,2144,25,1,1
2642,2144,25,2,3
2643,2144,25,1,1
2643,2144,25,2,5
2644,2144,25,1,4
2644,2144,25,2,6
2645,2144,25,1,0
2645,2144,25,2,6
2646,2144,25,1,3
2646,2144,25,2,4
2647,2144,25,1,5
2647,2144,25,2,7
2648,2144,25,1,2
2648,2144,25,2,3
2649,2144,25,1,1
2649,2144,25,2,6
2650,2144,25,1,0
2650,2144,25,2,7
2651,2144,25,1,2
2651,2144,25,2,7
2652,2144,25,1,4
2652,2144,25,2,6
2653,2144,25,1,0
2653,2144,25,2,1
2654,2144,25,1,1
2654,2144,25,2,4
2655,2144,25,1,3
2655,2144,25,2,6
2624,2144,26,1,5
2624,2144,26,2,7
2625,2144,26,1,1
2625,2144,26,2,6
2626,2144,26,1,5
2626,2144,26,2,6
2627,2144,26,1,2
2627,2144,26,2,6
2628,2144,26,1,4
2628,2144,26,2,7
2629,2144,26,1,2
2629,2144,26,2,4
2630,2144,26,1,0
2630,2144,26,2,3
2631,2144,26,1,2
2631,2144,26,2,7
2632,2144,26,1,2
2632,2144,26,2,6
2633,2144,26,1,3
2633,2144,26,2,5
2634,2144,26,1,1
2634,2144,26,2,6
2635,2144,26,1,1
2635,2144,26,2,3
2636,2144,26,1,5
2636,2144,26,2,7
2637,2144,26,1,1
2637,2144,26,2,3
2638,2144,26,1,1
2638,2144,26,2,2
2639,2144,26,1,2
2639,2144,26,2,3
2640,2144,26,1,1
2640,2144,26,2,5
2641,2144,26,1,2
2641,2144,26,2,5
2642,2144,26,1,4
2642,2144,26,2,6
2643,2144,26,1,2
2643,2144,26,2,4
2644,2144,26,1,3
2644,2144,26,2,7
2645,2144,26,1,4
2645,2144,26,2,6
2646,2144,26,1,4
2646,2144,26,2,7
2647,2144,26,1,2
2647,2144,26,2,4
2648,2144,26,1,3
2648,2144,26,2,5
2649,2144,26,1,0
2649,2144,26,2,1
2650,2144,26,1,0
2650,2144,26,2,4
2651,2144,26,1,0
2651,2144,26,2,3
2652,2144,26,1,0
2652,2144,26,2,6
2653,2144,26,1,0
2653,2144,26,2,5
2654,2144,26,1,0
2654,2144,26,2,2
2655,2144,26,1,2
2655,2144,26,2,4
2624,2144,27,1,4
2624,2144,27,2,5
2625,2144,27,1,1
2625,2144,27,2,6
2626,2144,27,1,6
2626,2144,27,2,7
2627,2144,27,1,2
2627,2144,27,2,3
2628,2144,27,1,0
2628,2144,27,2,2
2629,2144,27,1,3
2629,2144,27,2,4
2630,2144,27,1,4
2630,2144,27,2,5
2631,2144,27,1,3
2631,2144,27,2,7
2632,2144,27,1,1
2632,2144,27,2,3
2633,2144,27,1,0
2633,2144,27,2,4
2634,2144,27,1,0
2634,2144,27,2,1
2635,2144,27,1,2
2635,2144,27,2,3
2636,2144,27,1,0
2636,2144,27,2,1
2637,2144,27,1,3
2637,2144,27,2,6
2638,2144,27,1,1
2638,2144,27,2,2
2639,2144,27,1,1
2639,2144,27,2,4
2640,2144,27,1,0
2640,2144,27,2,3
2641,2144,27,1,2
2641,2144,27,2,5
2642,2144,27,1,3
2642,2144,27,2,5
2643,2144,27,1,2
2643,2144,27,2,6
2644,2144,27,1,2
2644,2144,27,2,6
2645,2144,27,1,0
2645,2144,27,2,2
2646,2144,27,1,1
2646,2144,27,2,7
2647,2144,27,1,5
2647,2144,27,2,6
2648,2144,27,1,2
2648,2144,27,2,6
2649,2144,27,1,2
2649,2144,27,2,7
2650,2144,27,1,3
2650,2144,27,2,4
2651,2144,27,1,6
2651,2144,27,2,7
2652,2144,27,1,2
2652,2144,27,2,7
2653,2144,27,1,4
2653,2144,27,2,7
2654,2144,27,1,0
2654,2144,27,2,1
2655,2144,27,1,1
2655,2144,27,2,3
2624,2144,28,1,0
2624,2144,28,2,2
2625,2144,28,1,0
2625,2144,28,2,3
2626,2144,28,1,1
2626,2144,28,2,7
2627,2144,28,1,0
2627,2144,28,2,3
2628,2144,28,1,2
2628,2144,28,2,4
2629,2144,28,1,3
2629,2144,28,2,6
2630,2144,28,1,1
2630,2144,28,2,6
2631,2144,28,1,0
2631,2144,28,2,6
2632,2144,28,1,0
2632,2144,28,2,5
2633,2144,28,1,5
2633,2144,28,2,7
2634,2144,28,1,3
2634,2144,28,2,7
2635,2144,28,1,6
2635,2144,28,2,7
2636,2144,28,1,3
2636,2144,28,2,7
2637,2144,28,1,1
2637,2144,28,2,7
2638,2144,28,1,0
2638,2144,28,2,6
2639,2144,28,1,0
2639,2144,28,2,6
2640,2144,28,1,2
2640,2144,28,2,6
2641,2144,28,1,0
2641,2144,28,2,5
2642,2144,28,1,1
2642,2144,28,2,6
2643,2144,28,1,3
2643,2144,28,2,7
2644,2144,28,1,4
2644,2144,28,2,7
2645,2144,28,1,0
2645,2144,28,2,3
2646,2144,28,1,4
2646,2144,28,2,6
2647,2144,28,1,0
2647,2144,28,2,2
2648,2144,28,1,1
2648,2144,28,2,5
2649,2144,28,1,4
2649,2144,28,2,5
2650,2144,28,1,1
2650,2144,28,2,5
2651,2144,28,1,5
2651,2144,28,2,6
2652,2144,28,1,4
2652,2144,28,2,7
2653,2144,28,1,2
2653,2144,28,2,3
2654,2144,28,1,0
2654,2144,28,2,7
2655,2144,28,1,6
2655,2144,28,2,7
2624,2144,29,1,0
2624,2144,29,2,1
2625,2144,29,1,0
2625,2144,29,2,6
2626,2144,29,1,5
2626,2144,29,2,7
2627,2144,29,1,0
2627,2144,29,2,6
2628,2144,29,1,3
2628,2144,29,2,6
2629,2144,29,1,1
2629,2144,29,2,4
2630,2144,29,1,3
2630,2144,29,2,7
2631,2144,29,1,1
2631,2144,29,2,6
2632,2144,29,1,3
2632,2144,29,2,4
2633,2144,29,1,5
2633,2144,29,2,7
2634,2144,29,1,3
2634,2144,29,2,7
2635,2144,29,1,0
2635,2144,29,2,6
2636,2144,29,1,5
2636,2144,29,2,6
2637,2144,29,1,0
2637,2144,29,2,7
2638,2144,29,1,3
2638,2144,29,2,4
2639,2144,29,1,3
2639,2144,29,2,5
2640,2144,29,1,1
2640,2144,29,2,4
2641,2144,29,1,4
2641,2144,29,2,6
2642,2144,29,1,2
2642,2144,29,2,6
2643,2144,29,1,0
2643,2144,29,2,7
2644,2144,29,1,4
2644,2144,29,2,6
2645,2144,29,1,5
2645,2144,29,2,6
2646,2144,29,1,0
2646,2144,29,2,6
2647,2144,29,1,6
2647,2144,29,2,7
2648,2144,29,1,4
2648,2144,29,2,6
2649,2144,29,1,3
2649,2144,29,2,6
2650,2144,29,1,2
2650,2144,29,2,5
2651,2144,29,1,5
2651,2144,29,2,7
2652,2144,29,1,0
2652,2144,29,2,2
2653,2144,29,1,2
2653,2144,29,2,7
2654,2144,29,1,3
2654,2144,29,2,6
2655,2144,29,1,1
2655,2144,29,2,3
2624,2144,30,1,2
2624,2144,30,2,4
2625,2144,30,1,2
2625,2144,30,2,5
2626,2144,30,1,1
2626,2144,30,2,5
2627,2144,30,1,1
2627,2144,30,2,3
2628,2144,30,1,2
2628,2144,30,2,3
2629,2144,30,1,2
2629,2144,30,2,5
2630,2144,30,1,2
2630,2144,30,2,3
2631,2144,30,1,0
2631,2144,30,2,5
2632,2144,30,1,6
2632,2144,30,2,7
2633,2144,30,1,5
2633,2144,30,2,6
2634,2144,30,1,5
2634,2144,30,2,6
2635,2144,30,1,1
2635,2144,30,2,6
2636,2144,30,1,1
2636,2144,30,2,3
2637,2144,30,1,0
2637,2144,30,2,1
2638,2144,30,1,5
2638,2144,30,2,6
2639,2144,30,1,3
2639,2144,30,2,4
2640,2144,30,1,1
2640,2144,30,2,3
2641,2144,30,1,3
2641,2144,30,2,4
2642,2144,30,1,6
2642,2144,30,2,7
2643,2144,30,1,3
2643,2144,30,2,5
2644,2144,30,1,1
2644,2144,30,2,7
2645,2144,30,1,0
2645,2144,30,2,3
2646,2144,30,1,1
2646,2144,30,2,2
2647,2144,30,1,4
2647,2144,30,2,5
2648,2144,30,1,3
2648,2144,30,2,4
2649,2144,30,1,2
2649,2144,30,2,6
2650,2144,30,1,0
2650,2144,30,2,2
2651,2144,30,1,0
2651,2144,30,2,7
2652,2144,30,1,0
2652,2144,30,2,5
2653,2144,30,1,3
2653,2144,30,2,5
2654,2144,30,1,6
2654,2144,30,2,7
2655,2144,30,1,0
2655,2144,30,2,2
2624,2144,31,1,1
2624,2144,31,2,2
2625,2144,31,1,6
2625,2144,31,2,7
2626,2144,31,1,2
2626,2144,31,2,5
2627,2144,31,1,0
2627,2144,31,2,7
2628,2144,31,1,3
2628,2144,31,2,4
2629,2144,31,1,3
2629,2144,31,2,6
2630,2144,31,1,1
2630,2144,31,2,6
2631,2144,31,1,2
2631,2144,31,2,7
2632,2144,31,1,3
2632,2144,31,2,7
2633,2144,31,1,4
2633,2144,31,2,6
2634,2144,31,1,4
2634,2144,31,2,6
2635,2144,31,1,1
2635,2144,31,2,2
2636,2144,31,1,2
2636,2144,31,2,5
2637,2144,31,1,3
2637,2144,31,2,4
2638,2144,31,1,2
2638,2144,31,2,6
2639,2144,31,1,2
2639,2144,31,2,4
2640,2144,31,1,0
2640,2144,31,2,3
2641,2144,31,1,2
2641,2144,31,2,6
2642,2144,31,1,3
2642,2144,31,2,5
2643,2144,31,1,0
2643,2144,31,2,6
2644,2144,31,1,0
2644,2144,31,2,2
2645,2144,31,1,0
2645,2144,31,2,6
2646,2144,31,1,3
2646,2144,31,2,5
2647,2144,31,1,1
2647,2144,31,2,3
2648,2144,31,1,1
2648,2144,31,2,3
2649,2144,31,1,3
2649,2144,31,2,4
2650,2144,31,1,3
2650,2144,31,2,5
2651,2144,31,1,0
2651,2144,31,2,5
2652,2144,31,1,0
2652,2144,31,2,7
2653,2144,31,1,3
2653,2144,31,2,6
2654,2144,31,1,0
2654,2144,31,2,7
2655,2144,31,1,0
2655,2144,31,2,2
2624,2145,0,1,1
2624,2145,0,2,7
2625,2145,0,1,2
2625,2145,0,2,3
2626,2145,0,1,2
2626,2145,0,2,6
2627,2145,0,1,4
2627,2145,0,2,7
2628,2145,0,1,0
2628,2145,0,2,3
2629,2145,0,1,0
2629,2145,0,2,1
2630,2145,0,1,2
2630,2145,0,2,4
2631,2145,0,1,3
2631,2145,0,2,5
2632,2145,0,1,0
2632,2145,0,2,4
2633,2145,0,1,4
2633,2145,0,2,7
2634,2145,0,1,1
2634,2145,0,2,2
2635,2145,0,1,0
2635,2145,0,2,5
2636,2145,0,1,0
2636,2145,0,2,2
2637,2145,0,1,0
2637,2145,0,2,5
2638,2145,0,1,6
2638,2145,0,2,7
2639,2145,0,1,3
2639,2145,0,2,5
2640,2145,0,1,2
2640,2145,0,2,3
2641,2145,0,1,4
2641,2145,0,2,5
2642,2145,0,1,2
2642,2145,0,2,6
2643,2145,0,1,4
2643,2145,0,2,6
2644,2145,0,1,2
2644,2145,0,2,6
2645,2145,0,1,0
2645,2145,0,2,5
2646,2145,0,1,0
2646,2145,0,2,6
2647,2145,0,1,1
2647,2145,0,2,3
2648,2145,0,1,4
2648,2145,0,2,6
2649,2145,0,1,0
2649,2145,0,2,3
2650,2145,0,1,6
2650,2145,0,2,7
2651,2145,0,1,0
2651,2145,0,2,6
2652,2145,0,1,0
2652,2145,0,2,3
2653,2145,0,1,0
2653,2145,0,2,3
2654,2145,0,1,2
2654,2145,0,2,7
2655,2145,0,1,1
2655,2145,0,2,5
2624,2145,1,1,0
2624,2145,1,2,5
2625,2145,1,1,6
2625,2145,1,2,7
2626,2145,1,1,0
2626,2145,1,2,7
2627,2145,1,1,0
2627,2145,1,2,7
2628,2145,1,1,2
2628,2145,1,2,3
2629,2145,1,1,0
2629,2145,1,2,2
2630,2145,1,1,0
2630,2145,1,2,6
2631,2145,1,1,4
2631,2145,1,2,7
2632,2145,1,1,0
2632,2145,1,2,7
2633,2145,1,1,2
2633,2145,1,2,4
2634,2145,1,1,0
2634,2145,1,2,7
2635,2145,1,1,6
2635,2145,1,2,7
2636,2145,1,1,0
2636,2145,1,2,2
2637,2145,1,1,0
2637,2145,1,2,1
2638,2145,1,1,2
2638,2145,1,2,4
2639,2145,1,1,0
2639,2145,1,2,2
2640,2145,1,1,3
2640,2145,1,2,6
2641,2145,1,1,2
2641,2145,1,2,7
2642,2145,1,1,3
2642,2145,1,2,5
2643,2145,1,1,0
2643,2145,1,2,2
2644,2145,1,1,0
2644,2145,1,2,1
2645,2145,1,1,4
2645,2145,1,2,7
2646,2145,1,1,0
2646,2145,1,2,5
2647,2145,1,1,0
2647,2145,1,2,5
2648,2145,1,1,2
2648,2145,1,2,6
2649,2145,1,1,2
2649,2145,1,2,7
2650,2145,1,1,4
2650,2145,1,2,7
2651,2145,1,1,1
2651,2145,1,2,6
2652,2145,1,1,3
2652,2145,1,2,5
2653,2145,1,1,2
2653,2145,1,2,6
2654,2145,1,1,5
2654,2145,1,2,7
2655,2145,1,1,0
2655,2145,1,2,6
2624,2145,2,1,3
2624,2145,2,2,4
2625,2145,2,1,3
2625,2145,2,2,5
2626,2145,2,1,1
2626,2145,2,2,7
2627,2145,2,1,0
2627,2145,2,2,1
2628,2145,2,1,3
2628,2145,2,2,6
2629,2145,2,1,3
2629,2145,2,2,4
2630,2145,2,1,3
2630,2145,2,2,4
2631,2145,2,1,6
2631,2145,2,2,7
2632,2145,2,1,5
2632,2145,2,2,7
2633,2145,2,1,1
2633,2145,2,2,2
2634,2145,2,1,2
2634,2145,2,2,5
2635,2145,2,1,0
2635,2145,2,2,7
2636,2145,2,1,3
2636,2145,2,2,5
2637,2145,2,1,3
2637,2145,2,2,7
2638,2145,2,1,2
2638,2145,2,2,6
2639,2145,2,1,0
2639,2145,2,2,5
2640,2145,2,1,4
2640,2145,2,2,5
2641,2145,2,1,6
2641,2145,2,2,7
2642,2145,2,1,1
2642,2145,2,2,4
2643,2145,2,1,2
2643,2145,2,2,6
2644,2145,2,1,1
2644,2145,2,2,5
2645,2145,2,1,0
2645,2145,2,2,5
2646,2145,2,1,2
2646,2145,2,2,4
2647,2145,2,1,0
2647,2145,2,2,5
2648,2145,2,1,1
2648,2145,2,2,3
2649,2145,2,1,4
2649,2145,2,2,5
2650,2145,2,1,5
2650,2145,2,2,6
2651,2145,2,1,5
2651,2145,2,2,6
2652,2145,2,1,2
2652,2145,2,2,4
2653,2145,2,1,2
2653,2145,2,2,5
2654,2145,2,1,0
2654,2145,2,2,7
2655,2145,2,1,0
2655,2145,2,2,3
2624,2145,3,1,1
2624,2145,3,2,7
2625,2145,3,1,5
2625,2145,3,2,7
2626,2145,3,1,5
2626,2145,3,2,7
2627,2145,3,1,5
2627,2145,3,2,7
2628,2145,3,1,0
2628,2145,3,2,1
2629,2145,3,1,1
2629,2145,3,2,4
2630,2145,3,1,3
2630,2145,3,2,6
2631,2145,3,1,0
2631,2145,3,2,5
2632,2145,3,1,2
2632,2145,3,2,7
2633,2145,3,1,4
2633,2145,3,2,7
2634,2145,3,1,0
2634,2145,3,2,3
2635,2145,3,1,0
2635,2145,3,2,3
2636,2145,3,1,0
2636,2145,3,2,3
2637,2145,3,1,4
2637,2145,3,2,5
2638,2145,3,1,1
2638,2145,3,2,5
2639,2145,3,1,2
2639,2145,3,2,3
2640,2145,3,1,3
2640,2145,3,2,6
2641,2145,3,1,3
2641,2145,3,2,5
2642,2145,3,1,3
2642,2145,3,2,7
2643,2145,3,1,1
2643,2145,3,2,7
2644,2145,3,1,1
2644,2145,3,2,4
2645,2145,3,1,2
2645,2145,3,2,4
2646,2145,3,1,6
2646,2145,3,2,7
2647,2145,3,1,0
2647,2145,3,2,6
2648,2145,3,1,2
2648,2145,3,2,5
2649,2145,3,1,0
2649,2145,3,2,3
2650,2145,3,1,2
2650,2145,3,2,4
2651,2145,3,1,0
2651,2145,3,2,3
2652,2145,3,1,0
2652,2145,3,2,4
2653,2145,3,1,2
2653,2145,3,2,5
2654,2145,3,1,2
2654,2145,3,2,4
2655,2145,3,1,2
2655,2145,3,2,4
2624,2145,4,1,1
2624,2145,4,2,3
2625,2145,4,1,3
2625,2145,4,2,6
2626,2145,4,1,5
2626,2145,4,2,7
2627,2145,4,1,2
2627,2145,4,2,5
2628,2145,4,1,4
2628,2145,4,2,6
2629,2145,4,1,3
2629,2145,4,2,6
2630,2145,4,1,0
2630,2145,4,2,2
2631,2145,4,1,2
2631,2145,4,2,7
2632,2145,4,1,5
2632,2145,4,2,6
2633,2145,4,1,0
2633,2145,4,2,1
2634,2145,4,1,4
2634,2145,4,2,7
2635,2145,4,1,3
2635,2145,4,2,4
2636,2145,4,1,1
2636,2145,4,2,2
2637,2145,4,1,1
2637,2145,4,2,5
2638,2145,4,1,1
2638,2145,4,2,2
2639,2145,4,1,3
2639,2145,4,2,7
2640,2145,4,1,0
2640,2145,4,2,3
2641,2145,4,1,5
2641,2145,4,2,7
2642,2145,4,1,5
2642,2145,4,2,7
2643,2145,4,1,0
2643,2145,4,2,7
2644,2145,4,1,2
2644,2145,4,2,4
2645,2145,4,1,3
2645,2145,4,2,7
2646,2145,4,1,1
2646,2145,4,2,2
2647,2145,4,1,2
2647,2145,4,2,7
2648,2145,4,1,0
2648,2145,4,2,7
2649,2145,4,1,0
2649,2145,4,2,5
2650,2145,4,1,1
2650,2145,4,2,6
2651,2145,4,1,0
2651,2145,4,2,1
2652,2145,4,1,2
2652,2145,4,2,4
2653,2145,4,1,0
2653,2145,4,2,3
2654,2145,4,1,2
2654,2145,4,2,7
2655,2145,4,1,5
2655,2145,4,2,6
2624,2145,5,1,1
2624,2145,5,2,7
2625,2145,5,1,0
2625,2145,5,2,4
2626,2145,5,1,2
2626,2145,5,2,5
2627,2145,5,1,0
2627,2145,5,2,6
2628,2145,5,1,1
2628,2145,5,2,4
2629,2145,5,1,3
2629,2145,5,2,4
2630,2145,5,1,1
2630,2145,5,2,6
2631,2145,5,1,0
2631,2145,5,2,4
2632,2145,5,1,2
2632,2145,5,2,6
2633,2145,5,1,0
2633,2145,5,2,6
2634,2145,5,1,0
2634,2145,5,2,5
2635,2145,5,1,0
2635,2145,5,2,3
2636,2145,5,1,5
2636,2145,5,2,7
2637,2145,5,1,0
2637,2145,5,2,1
2638,2145,5,1,0
2638,2145,5,2,2
2639,2145,5,1,2
2639,2145,5,2,6
2640,2145,5,1,0
2640,2145,5,2,2
2641,2145,5,1,3
2641,2145,5,2,6
2642,2145,5,1,1
2642,2145,5,2,2
2643,2145,5,1,2
2643,2145,5,2,6
2644,2145,5,1,1
2644,2145,5,2,4
2645,2145,5,1,3
2645,2145,5,2,7
2646,2145,5,1,1
2646,2145,5,2,2
2647,2145,5,1,1
2647,2145,5,2,7
2648,2145,5,1,1
2648,2145,5,2,5
2649,2145,5,1,0
2649,2145,5,2,6
2650,2145,5,1,0
2650,2145,5,2,4
2651,2145,5,1,1
2651,2145,5,2,3
2652,2145,5,1,3
2652,2145,5,2,4
2653,2145,5,1,2
2653,2145,5,2,5
2654,2145,5,1,5
2654,2145,5,2,7
2655,2145,5,1,4
2655,2145,5,2,7
2624,2145,6,1,5
2624,2145,6,2,7
2625,2145,6,1,0
2625,2145,6,2,5
2626,2145,6,1,0
2626,2145,6,2,4
2627,2145,6,1,5
2627,2145,6,2,7
2628,2145,6,1,0
2628,2145,6,2,1
2629,2145,6,1,1
2629,2145,6,2,2
2630,2145,6,1,1
2630,2145,6,2,3
2631,2145,6,1,0
2631,2145,6,2,6
2632,2145,6,1,2
2632,2145,6,2,3
2633,2145,6,1,0
2633,2145,6,2,6
2634,2145,6,1,2
2634,2145,6,2,3
2635,2145,6,1,1
2635,2145,6,2,7
2636,2145,6,1,4
2636,2145,6,2,5
2637,2145,6,1,4
2637,2145,6,2,6
2638,2145,6,1,5
2638,2145,6,2,6
2639,2145,6,1,4
2639,2145,6,2,5
2640,2145,6,1,4
2640,2145,6,2,5
2641,2145,6,1,1
2641,2145,6,2,6
2642,2145,6,1,2
2642,2145,6,2,6
2643,2145,6,1,0
2643,2145,6,2,2
2644,2145,6,1,1
2644,2145,6,2,4
2645,2145,6,1,3
2645,2145,6,2,4
2646,2145,6,1,2
2646,2145,6,2,7
2647,2145,6,1,0
2647,2145,6,2,4
2648,2145,6,1,1
2648,2145,6,2,3
2649,2145,6,1,2
2649,2145,6,2,6
2650,2145,6,1,0
2650,2145,6,2,7
2651,2145,6,1,2
2651,2145,6,2,3
2652,2145,6,1,6
2652,2145,6,2,7
2653,2145,6,1,1
2653,2145,6,2,5
2654,2145,6,1,1
2654,2145,6,2,4
2655,2145,6,1,1
2655,2145,6,2,7
2624,2145,7,1,1
2624,2145,7,2,6
2625,2145,7,1,1
2625,2145,7,2,6
2626,2145,7,1,1
2626,2145,7,2,3
2627,2145,7,1,5
2627,2145,7,2,7
2628,2145,7,1,3
2628,2145,7,2,7
2629,2145,7,1,2
2629,2145,7,2,5
2630,2145,7,1,4
2630,2145,7,2,7
2631,2145,7,1,3
2631,2145,7,2,7
2632,2145,7,1,0
2632,2145,7,2,7
2633,2145,7,1,2
2633,2145,7,2,3
2634,2145,7,1,0
2634,2145,7,2,6
2635,2145,7,1,6
2635,2145,7,2,7
2636,2145,7,1,0
2636,2145,7,2,3
2637,2145,7,1,2
2637,2145,7,2,3
2638,2145,7,1,5
2638,2145,7,2,7
2639,2145,7,1,2
2639,2145,7,2,7
2640,2145,7,1,0
2640,2145,7,2,7
2641,2145,7,1,0
2641,2145,7,2,5
2642,2145,7,1,5
2642,2145,7,2,7
2643,2145,7,1,2
2643,2145,7,2,4
2644,2145,7,1,0
2644,2145,7,2,2
2645,2145,7,1,0
2645,2145,7,2,2
2646,2145,7,1,4
2646,2145,7,2,6
2647,2145,7,1,1
2647,2145,7,2,6
2648,2145,7,1,3
2648,2145,7,2,7
2649,2145,7,1,0
2649,2145,7,2,6
2650,2145,7,1,1
2650,2145,7,2,2
2651,2145,7,1,0
2651,2145,7,2,5
2652,2145,7,1,1
2652,2145,7,2,6
2653,2145,7,1,0
2653,2145,7,2,4
2654,2145,7,1,3
2654,2145,7,2,7
2655,2145,7,1,1
2655,2145,7,2,3
2624,2145,8,1,5
2624,2145,8,2,7
2625,2145,8,1,2
2625,2145,8,2,3
2626,2145,8,1,2
2626,2145,8,2,7
2627,2145,8,1,1
2627,2145,8,2,6
2628,2145,8,1,4
2628,2145,8,2,6
2629,2145,8,1,4
2629,2145,8,2,6
2630,2145,8,1,1
2630,2145,8,2,3
2631,2145,8,1,1
2631,2145,8,2,4
2632,2145,8,1,0
2632,2145,8,2,5
2633,2145,8,1,2
2633,2145,8,2,3
2634,2145,8,1,0
2634,2145,8,2,1
2635,2145,8,1,0
2635,2145,8,2,5
2636,2145,8,1,1
2636,2145,8,2,5
2637,2145,8,1,2
2637,2145,8,2,4
2638,2145,8,1,2
2638,2145,8,2,3
2639,2145,8,1,2
2639,2145,8,2,6
2640,2145,8,1,0
2640,2145,8,2,2
2641,2145,8,1,3
2641,2145,8,2,4
2642,2145,8,1,2
2642,2145,8,2,4
2643,2145,8,1,3
2643,2145,8,2,4
2644,2145,8,1,3
2644,2145,8,2,6
2645,2145,8,1,0
2645,2145,8,2,2
2646,2145,8,1,5
2646,2145,8,2,6
2647,2145,8,1,0
2647,2145,8,2,7
2648,2145,8,1,3
2648,2145,8,2,4
2649,2145,8,1,2
2649,2145,8,2,7
2650,2145,8,1,1
2650,2145,8,2,6
2651,2145,8,1,1
2651,2145,8,2,7
2652,2145,8,1,2
2652,2145,8,2,6
2653,2145,8,1,6
2653,2145,8,2,7
2654,2145,8,1,0
2654,2145,8,2,3
2655,2145,8,1,3
2655,2145,8,2,6
2624,2145,9,1,3
2624,2145,9,2,7
2625,2145,9,1,1
2625,2145,9,2,6
2626,2145,9,1,1
2626,2145,9,2,6
2627,2145,9,1,3
2627,2145,9,2,5
2628,2145,9,1,4
2628,2145,9,2,7
2629,2145,9,1,2
2629,2145,9,2,5
2630,2145,9,1,0
2630,2145,9,2,6
2631,2145,9,1,2
2631,2145,9,2,5
2632,2145,9,1,1
2632,2145,9,2,7
2633,2145,9,1,0
2633,2145,9,2,3
2634,2145,9,1,3
2634,2145,9,2,6
2635,2145,9,1,2
2635,2145,9,2,6
2636,2145,9,1,1
2636,2145,9,2,6
2637,2145,9,1,3
2637,2145,9,2,5
2638,2145,9,1,1
2638,2145,9,2,2
2639,2145,9,1,0
2639,2145,9,2,2
2640,2145,9,1,1
2640,2145,9,2,5
2641,2145,9,1,1
2641,2145,9,2,4
2642,2145,9,1,2
2642,2145,9,2,5
2643,2145,9,1,0
2643,2145,9,2,1
2644,2145,9,1,1
2644,2145,9,2,4
2645,2145,9,1,1
2645,2145,9,2,2
2646,2145,9,1,5
2646,2145,9,2,6
2647,2145,9,1,3
2647,2145,9,2,6
2648,2145,9,1,0
2648,2145,9,2,5
2649,2145,9,1,2
2649,2145,9,2,4
2650,2145,9,1,0
2650,2145,9,2,7
2651,2145,9,1,1
2651,2145,9,2,6
2652,2145,9,1,1
2652,2145,9,2,6
2653,2145,9,1,2
2653,2145,9,2,7
2654,2145,9,1,0
2654,2145,9,2,7
2655,2145,9,1,3
2655,2145,9,2,4
2624,2145,10,1,1
2624,2145,10,2,6
2625,2145,10,1,1
2625,2145,10,2,6
2626,2145,10,1,0
2626,2145,10,2,3
2627,2145,10,1,5
2627,2145,10,2,7
2628,2145,10,1,0
2628,2145,10,2,6
2629,2145,10,1,5
2629,2145,10,2,6
2630,2145,10,1,2
2630,2145,10,2,6
2631,2145,10,1,1
2631,2145,10,2,7
2632,2145,10,1,3
2632,2145,10,2,6
2633,2145,10,1,0
2633,2145,10,2,5
2634,2145,10,1,0
2634,2145,10,2,7
2635,2145,10,1,3
2635,2145,10,2,6
2636,2145,10,1,2
2636,2145,10,2,6
2637,2145,10,1,1
2637,2145,10,2,6
2638,2145,10,1,3
2638,2145,10,2,4
2639,2145,10,1,3
2639,2145,10,2,5
2640,2145,10,1,5
2640,2145,10,2,6
2641,2145,10,1,3
2641,2145,10,2,6
2642,2145,10,1,1
2642,2145,10,2,5
2643,2145,10,1,1
2643,2145,10,2,3
2644,2145,10,1,0
2644,2145,10,2,2
2645,2145,10,1,3
2645,2145,10,2,7
2646,2145,10,1,2
2646,2145,10,2,4
2647,2145,10,1,1
2647,2145,10,2,5
2648,2145,10,1,2
2648,2145,10,2,3
2649,2145,10,1,2
2649,2145,10,2,6
2650,2145,10,1,1
2650,2145,10,2,2
2651,2145,10,1,1
2651,2145,10,2,6
2652,2145,10,1,0
2652,2145,10,2,2
2653,2145,10,1,3
2653,2145,10,2,6
2654,2145,10,1,3
2654,2145,10,2,4
2655,2145,10,1,1
2655,2145,10,2,7
2624,2145,11,1,5
2624,2145,11,2,7
2625,2145,11,1,2
2625,2145,11,2,5
2626,2145,11,1,5
2626,2145,11,2,6
2627,2145,11,1,0
2627,2145,11,2,6
2628,2145,11,1,3
2628,2145,11,2,5
2629,2145,11,1,4
2629,2145,11,2,5
2630,2145,11,1,5
2630,2145,11,2,6
2631,2145,11,1,3
2631,2145,11,2,5
2632,2145,11,1,4
2632,2145,11,2,6
2633,2145,11,1,0
2633,2145,11,2,4
2634,2145,11,1,4
2634,2145,11,2,5
2635,2145,11,1,5
2635,2145,11,2,6
2636,2145,11,1,1
2636,2145,11,2,4
2637,2145,11,1,1
2637,2145,11,2,7
2638,2145,11,1,4
2638,2145,11,2,6
2639,2145,11,1,6
2639,2145,11,2,7
2640,2145,11,1,1
2640,2145,11,2,5
2641,2145,11,1,2
2641,2145,11,2,6
2642,2145,11,1,3
2642,2145,11,2,7
2643,2145,11,1,3
2643,2145,11,2,5
2644,2145,11,1,3
2644,2145,11,2,7
2645,2145,11,1,5
2645,2145,11,2,7
2646,2145,11,1,2
2646,2145,11,2,5
2647,2145,11,1,3
2647,2145,11,2,6
2648,2145,11,1,2
2648,2145,11,2,6
2649,2145,11,1,2
2649,2145,11,2,6
2650,2145,11,1,1
2650,2145,11,2,4
2651,2145,11,1,5
2651,2145,11,2,6
2652,2145,11,1,2
2652,2145,11,2,3
2653,2145,11,1,2
2653,2145,11,2,6
2654,2145,11,1,5
2654,2145,11,2,7
2655,2145,11,1,2
2655,2145,11,2,3
2624,2145,12,1,1
2624,2145,12,2,6
2625,2145,12,1,1
2625,2145,12,2,3
2626,2145,12,1,4
2626,2145,12,2,7
2627,2145,12,1,3
2627,2145,12,2,6
2628,2145,12,1,1
2628,2145,12,2,3
2629,2145,12,1,3
2629,2145,12,2,5
2630,2145,12,1,3
2630,2145,12,2,4
2631,2145,12,1,1
2631,2145,12,2,5
2632,2145,12,1,1
2632,2145,12,2,2
2633,2145,12,1,0
2633,2145,12,2,6
2634,2145,12,1,1
2634,2145,12,2,4
2635,2145,12,1,0
2635,2145,12,2,4
2636,2145,12,1,3
2636,2145,12,2,5
2637,2145,12,1,4
2637,2145,12,2,5
2638,2145,12,1,0
2638,2145,12,2,5
2639,2145,12,1,0
2639,2145,12,2,7
2640,2145,12,1,0
2640,2145,12,2,1
2641,2145,12,1,0
2641,2145,12,2,6
2642,2145,12,1,2
2642,2145,12,2,6
2643,2145,12,1,3
2643,2145,12,2,6
2644,2145,12,1,0
2644,2145,12,2,3
2645,2145,12,1,4
2645,2145,12,2,5
2646,2145,12,1,3
2646,2145,12,2,5
2647,2145,12,1,1
2647,2145,12,2,7
2648,2145,12,1,0
2648,2145,12,2,4
2649,2145,12,1,4
2649,2145,12,2,7
2650,2145,12,1,2
2650,2145,12,2,4
2651,2145,12,1,3
2651,2145,12,2,7
2652,2145,12,1,2
2652,2145,12,2,4
2653,2145,12,1,3
2653,2145,12,2,7
2654,2145,12,1,4
2654,2145,12,2,7
2655,2145,12,1,2
2655,2145,12,2,5
2624,2145,13,1,6
2624,2145,13,2,7
2625,2145,13,1,4
2625,2145,13,2,5
2626,2145,13,1,4
2626,2145,13,2,5
2627,2145,13,1,5
2627,2145,13,2,6
2628,2145,13,1,2
2628,2145,13,2,4
2629,2145,13,1,0
2629,2145,13,2,5
2630,2145,13,1,0
2630,2145,13,2,7
2631,2145,13,1,2
2631,2145,13,2,7
2632,2145,13,1,0
2632,2145,13,2,3
2633,2145,13,1,0
2633,2145,13,2,7
2634,2145,13,1,3
2634,2145,13,2,5
2635,2145,13,1,2
2635,2145,13,2,6
2636,2145,13,1,0
2636,2145,13,2,4
2637,2145,13,1,1
2637,2145,13,2,5
2638,2145,13,1,4
2638,2145,13,2,5
2639,2145,13,1,1
2639,2145,13,2,3
2640,2145,13,1,1
2640,2145,13,2,2
2641,2145,13,1,0
2641,2145,13,2,5
2642,2145,13,1,0
2642,2145,13,2,1
2643,2145,13,1,0
2643,2145,13,2,7
2644,2145,13,1,5
2644,2145,13,2,6
2645,2145,13,1,0
2645,2145,13,2,1
2646,2145,13,1,2
2646,2145,13,2,7
2647,2145,13,1,2
2647,2145,13,2,5
2648,2145,13,1,0
2648,2145,13,2,5
2649,2145,13,1,2
2649,2145,13,2,7
2650,2145,13,1,3
2650,2145,13,2,4
2651,2145,13,1,2
2651,2145,13,2,7
2652,2145,13,1,3
2652,2145,13,2,4
2653,2145,13,1,5
2653,2145,13,2,7
2654,2145,13,1,3
2654,2145,13,2,7
2655,2145,13,1,1
2655,2145,13,2,5
2624,2145,14,1,5
2624,2145,14,2,6
2625,2145,14,1,3
2625,2145,14,2,6
2626,2145,14,1,1
2626,2145,14,2,2
2627,2145,14,1,5
2627,2145,14,2,6
2628,2145,14,1,4
2628,2145,14,2,6
2629,2145,14,1,0
2629,2145,14,2,1
2630,2145,14,1,1
2630,2145,14,2,5
2631,2145,14,1,5
2631,2145,14,2,7
2632,2145,14,1,1
2632,2145,14,2,7
2633,2145,14,1,1
2633,2145,14,2,3
2634,2145,14,1,2
2634,2145,14,2,3
2635,2145,14,1,1
2635,2145,14,2,2
2636,2145,14,1,0
2636,2145,14,2,5
2637,2145,14,1,4
2637,2145,14,2,5
2638,2145,14,1,5
2638,2145,14,2,6
2639,2145,14,1,3
2639,2145,14,2,6
2640,2145,14,1,3
2640,2145,14,2,7
2641,2145,14,1,0
2641,2145,14,2,3
2642,2145,14,1,2
2642,2145,14,2,5
2643,2145,14,1,0
2643,2145,14,2,2
2644,2145,14,1,1
2644,2145,14,2,3
2645,2145,14,1,0
2645,2145,14,2,2
2646,2145,14,1,1
2646,2145,14,2,6
2647,2145,14,1,0
2647,2145,14,2,1
2648,2145,14,1,4
2648,2145,14,2,7
2649,2145,14,1,0
2649,2145,14,2,3
2650,2145,14,1,0
2650,2145,14,2,6
2651,2145,14,1,0
2651,2145,14,2,5
2652,2145,14,1,1
2652,2145,14,2,6
2653,2145,14,1,3
2653,2145,14,2,6
2654,2145,14,1,4
2654,2145,14,2,6
2655,2145,14,1,4
2655,2145,14,2,7
2624,2145,15,1,3
2624,2145,15,2,5
2625,2145,15,1,0
2625,2145,15,2,5
2626,2145,15,1,2
2626,2145,15,2,6
2627,2145,15,1,0
2627,2145,15,2,1
2628,2145,15,1,3
2628,2145,15,2,7
2629,2145,15,1,2
2629,2145,15,2,7
2630,2145,15,1,0
2630,2145,15,2,2
2631,2145,15,1,1
2631,2145,15,2,5
2632,2145,15,1,2
2632,2145,15,2,6
2633,2145,15,1,4
2633,2145,15,2,5
2634,2145,15,1,0
2634,2145,15,2,2
2635,2145,15,1,4
2635,2145,15,2,7
2636,2145,15,1,4
2636,2145,15,2,7
2637,2145,15,1,4
2637,2145,15,2,7
2638,2145,15,1,3
2638,2145,15,2,6
2639,2145,15,1,1
2639,2145,15,2,4
2640,2145,15,1,0
2640,2145,15,2,4
2641,2145,15,1,1
2641,2145,15,2,7
2642,2145,15,1,4
2642,2145,15,2,5
2643,2145,15,1,1
2643,2145,15,2,6
2644,2145,15,1,6
2644,2145,15,2,7
2645,2145,15,1,1
2645,2145,15,2,3
2646,2145,15,1,1
2646,2145,15,2,2
2647,2145,15,1,1
2647,2145,15,2,7
2648,2145,15,1,1
2648,2145,15,2,2
2649,2145,15,1,3
2649,2145,15,2,7
2650,2145,15,1,2
2650,2145,15,2,3
2651,2145,15,1,3
2651,2145,15,2,4
2652,2145,15,1,1
2652,2145,15,2,3
2653,2145,15,1,1
2653,2145,15,2,3
2654,2145,15,1,0
2654,2145,15,2,7
2655,2145,15,1,6
2655,2145,15,2,7
2624,2145,16,1,3
2624,2145,16,2,4
2625,2145,16,1,4
2625,2145,16,2,7
2626,2145,16,1,6
2626,2145,16,2,7
2627,2145,16,1,2
2627,2145,16,2,7
2628,2145,16,1,2
2628,2145,16,2,7
2629,2145,16,1,5
2629,2145,16,2,7
2630,2145,16,1,5
2630,2145,16,2,6
2631,2145,16,1,4
2631,2145,16,2,7
2632,2145,16,1,3
2632,2145,16,2,6
2633,2145,16,1,5
2633,2145,16,2,6
2634,2145,16,1,0
2634,2145,16,2,3
2635,2145,16,1,0
2635,2145,16,2,3
2636,2145,16,1,1
2636,2145,16,2,6
2637,2145,16,1,4
2637,2145,16,2,7
2638,2145,16,1,5
2638,2145,16,2,7
2639,2145,16,1,1
2639,2145,16,2,3
2640,2145,16,1,2
2640,2145,16,2,3
2641,2145,16,1,1
2641,2145,16,2,2
2642,2145,16,1,4
2642,2145,16,2,7
2643,2145,16,1,3
2643,2145,16,2,7
2644,2145,16,1,3
2644,2145,16,2,4
2645,2145,16,1,0
2645,2145,16,2,6
2646,2145,16,1,1
2646,2145,16,2,6
2647,2145,16,1,4
2647,2145,16,2,5
2648,2145,16,1,1
2648,2145,16,2,5
2649,2145,16,1,2
2649,2145,16,2,7
2650,2145,16,1,0
2650,2145,16,2,3
2651,2145,16,1,4
2651,2145,16,2,6
2652,2145,16,1,1
2652,2145,16,2,2
2653,2145,16,1,0
2653,2145,16,2,7
2654,2145,16,1,3
2654,2145,16,2,6
2655,2145,16,1,0
2655,2145,16,2,2
2624,2145,17,1,0
2624,2145,17,2,1
2625,2145,17,1,4
2625,2145,17,2,6
2626,2145,17,1,5
2626,2145,17,2,7
2627,2145,17,1,3
2627,2145,17,2,4
2628,2145,17,1,3
2628,2145,17,2,5
2629,2145,17,1,1
2629,2145,17,2,6
2630,2145,17,1,1
2630,2145,17,2,3
2631,2145,17,1,4
2631,2145,17,2,7
2632,2145,17,1,2
2632,2145,17,2,4
2633,2145,17,1,1
2633,2145,17,2,7
2634,2145,17,1,0
2634,2145,17,2,3
2635,2145,17,1,0
2635,2145,17,2,7
2636,2145,17,1,2
2636,2145,17,2,6
2637,2145,17,1,0
2637,2145,17,2,4
2638,2145,17,1,1
2638,2145,17,2,7
2639,2145,17,1,4
2639,2145,17,2,6
2640,2145,17,1,5
2640,2145,17,2,7
2641,2145,17,1,4
2641,2145,17,2,6
2642,2145,17,1,3
2642,2145,17,2,6
2643,2145,17,1,5
2643,2145,17,2,7
2644,2145,17,1,5
2644,2145,17,2,7
2645,2145,17,1,2
2645,2145,17,2,3
2646,2145,17,1,0
2646,2145,17,2,5
2647,2145,17,1,3
2647,2145,17,2,4
2648,2145,17,1,1
2648,2145,17,2,4
2649,2145,17,1,3
2649,2145,17,2,4
2650,2145,17,1,1
2650,2145,17,2,5
2651,2145,17,1,4
2651,2145,17,2,5
2652,2145,17,1,0
2652,2145,17,2,4
2653,2145,17,1,1
2653,2145,17,2,3
2654,2145,17,1,3
2654,2145,17,2,6
2655,2145,17,1,4
2655,2145,17,2,7
2624,2145,18,1,3
2624,2145,18,2,4
2625,2145,18,1,2
2625,2145,18,2,7
2626,2145,18,1,1
2626,2145,18,2,4
2627,2145,18,1,0
2627,2145,18,2,3
2628,2145,18,1,1
2628,2145,18,2,3
2629,2145,18,1,6
2629,2145,18,2,7
2630,2145,18,1,0
2630,2145,18,2,7
2631,2145,18,1,0
2631,2145,18,2,7
2632,2145,18,1,3
2632,2145,18,2,6
2633,2145,18,1,1
2633,2145,18,2,6
2634,2145,18,1,3
2634,2145,18,2,5
2635,2145,18,1,1
2635,2145,18,2,7
2636,2145,18,1,3
2636,2145,18,2,4
2637,2145,18,1,2
2637,2145,18,2,7
2638,2145,18,1,3
2638,2145,18,2,7
2639,2145,18,1,1
2639,2145,18,2,7
2640,2145,18,1,4
2640,2145,18,2,5
2641,2145,18,1,0
2641,2145,18,2,7
2642,2145,18,1,1
2642,2145,18,2,4
2643,2145,18,1,1
2643,2145,18,2,3
2644,2145,18,1,4
2644,2145,18,2,7
2645,2145,18,1,2
2645,2145,18,2,7
2646,2145,18,1,2
2646,2145,18,2,6
2647,2145,18,1,0
2647,2145,18,2,4
2648,2145,18,1,1
2648,2145,18,2,2
2649,2145,18,1,5
2649,2145,18,2,6
2650,2145,18,1,1
2650,2145,18,2,3
2651,2145,18,1,1
2651,2145,18,2,2
2652,2145,18,1,3
2652,2145,18,2,7
2653,2145,18,1,5
2653,2145,18,2,7
2654,2145,18,1,2
2654,2145,18,2,5
2655,2145,18,1,4
2655,2145,18,2,5
2624,2145,19,1,3
2624,2145,19,2,5
2625,2145,19,1,1
2625,2145,19,2,3
2626,2145,19,1,5
2626,2145,19,2,6
2627,2145,19,1,0
2627,2145,19,2,7
2628,2145,19,1,0
2628,2145,19,2,4
2629,2145,19,1,2
2629,2145,19,2,7
2630,2145,19,1,1
2630,2145,19,2,6
2631,2145,19,1,1
2631,2145,19,2,6
2632,2145,19,1,2
2632,2145,19,2,3
2633,2145,19,1,2
2633,2145,19,2,5
2634,2145,19,1,2
2634,2145,19,2,5
2635,2145,19,1,4
2635,2145,19,2,6
2636,2145,19,1,5
2636,2145,19,2,7
2637,2145,19,1,4
2637,2145,19,2,6
2638,2145,19,1,0
2638,2145,19,2,1
2639,2145,19,1,3
2639,2145,19,2,4
2640,2145,19,1,2
2640,2145,19,2,4
2641,2145,19,1,2
2641,2145,19,2,3
2642,2145,19,1,2
2642,2145,19,2,6
2643,2145,19,1,0
2643,2145,19,2,1
2644,2145,19,1,2
2644,2145,19,2,5
2645,2145,19,1,4
2645,2145,19,2,6
2646,2145,19,1,3
2646,2145,19,2,6
2647,2145,19,1,1
2647,2145,19,2,3
2648,2145,19,1,2
2648,2145,19,2,4
2649,2145,19,1,3
2649,2145,19,2,4
2650,2145,19,1,1
2650,2145,19,2,6
2651,2145,19,1,3
2651,2145,19,2,6
2652,2145,19,1,6
2652,2145,19,2,7
2653,2145,19,1,2
2653,2145,19,2,4
2654,2145,19,1,0
2654,2145,19,2,6
2655,2145,19,1,3
2655,2145,19,2,6
2624,2145,20,1,1
2624,2145,20,2,6
2625,2145,20,1,0
2625,2145,20,2,3
2626,2145,20,1,0
2626,2145,20,2,4
2627,2145,20,1,3
2627,2145,20,2,4
2628,2145,20,1,1
2628,2145,20,2,7
2629,2145,20,1,3
2629,2145,20,2,6
2630,2145,20,1,0
2630,2145,20,2,7
2631,2145,20,1,4
2631,2145,20,2,7
2632,2145,20,1,5
2632,2145,20,2,6
2633,2145,20,1,0
2633,2145,20,2,4
2634,2145,20,1,1
2634,2145,20,2,5
2635,2145,20,1,2
2635,2145,20,2,4
2636,2145,20,1,1
2636,2145,20,2,6
2637,2145,20,1,1
2637,2145,20,2,2
2638,2145,20,1,3
2638,2145,20,2,7
2639,2145,20,1,0
2639,2145,20,2,5
2640,2145,20,1,4
2640,2145,20,2,7
2641,2145,20,1,1
2641,2145,20,2,6
2642,2145,20,1,2
2642,2145,20,2,3
2643,2145,20,1,1
2643,2145,20,2,6
2644,2145,20,1,2
2644,2145,20,2,4
2645,2145,20,1,3
2645,2145,20,2,6
2646,2145,20,1,0
2646,2145,20,2,7
2647,2145,20,1,3
2647,2145,20,2,7
2648,2145,20,1,4
2648,2145,20,2,5
2649,2145,20,1,0
2649,2145,20,2,1
2650,2145,20,1,2
2650,2145,20,2,4
2651,2145,20,1,0
2651,2145,20,2,1
2652,2145,20,1,3
2652,2145,20,2,6
2653,2145,20,1,2
2653,2145,20,2,3
2654,2145,20,1,0
2654,2145,20,2,6
2655,2145,20,1,3
2655,2145,20,2,4
2624,2145,21,1,0
2624,2145,21,2,6
2625,2145,21,1,3
2625,2145,21,2,6
2626,2145,21,1,2
2626,2145,21,2,4
2627,2145,21,1,0
2627,2145,21,2,2
2628,2145,21,1,3
2628,2145,21,2,4
2629,2145,21,1,3
2629,2145,21,2,7
2630,2145,21,1,6
2630,2145,21,2,7
2631,2145,21,1,2
2631,2145,21,2,6
2632,2145,21,1,6
2632,2145,21,2,7
2633,2145,21,1,1
2633,2145,21,2,7
2634,2145,21,1,4
2634,2145,21,2,6
2635,2145,21,1,2
2635,2145,21,2,7
2636,2145,21,1,1
2636,2145,21,2,2
2637,2145,21,1,3
2637,2145,21,2,7
2638,2145,21,1,2
2638,2145,21,2,7
2639,2145,21,1,4
2639,2145,21,2,5
2640,2145,21,1,0
2640,2145,21,2,3
2641,2145,21,1,2
2641,2145,21,2,7
2642,2145,21,1,0
2642,2145,21,2,7
2643,2145,21,1,0
2643,2145,21,2,3
2644,2145,21,1,2
2644,2145,21,2,6
2645,2145,21,1,3
2645,2145,21,2,6
2646,2145,21,1,1
2646,2145,21,2,2
2647,2145,21,1,2
2647,2145,21,2,3
2648,2145,21,1,1
2648,2145,21,2,5
2649,2145,21,1,1
2649,2145,21,2,7
2650,2145,21,1,0
2650,2145,21,2,6
2651,2145,21,1,4
2651,2145,21,2,5
2652,2145,21,1,6
2652,2145,21,2,7
2653,2145,21,1,6
2653,2145,21,2,7
2654,2145,21,1,0
2654,2145,21,2,3
2655,2145,21,1,3
2655,2145,21,2,5
2624,2145,22,1,0
2624,2145,22,2,3
2625,2145,22,1,3
2625,2145,22,2,4
2626,2145,22,1,6
2626,2145,22,2,7
2627,2145,22,1,3
2627,2145,22,2,7
2628,2145,22,1,2
2628,2145,22,2,5
2629,2145,22,1,0
2629,2145,22,2,2
2630,2145,22,1,1
2630,2145,22,2,5
2631,2145,22,1,2
2631,2145,22,2,3
2632,2145,22,1,0
2632,2145,22,2,2
2633,2145,22,1,0
2633,2145,22,2,1
2634,2145,22,1,2
2634,2145,22,2,7
2635,2145,22,1,1
2635,2145,22,2,2
2636,2145,22,1,4
2636,2145,22,2,5
2637,2145,22,1,5
2637,2145,22,2,6
2638,2145,22,1,1
2638,2145,22,2,6
2639,2145,22,1,1
2639,2145,22,2,6
2640,2145,22,1,0
2640,2145,22,2,1
2641,2145,22,1,0
2641,2145,22,2,6
2642,2145,22,1,1
2642,2145,22,2,6
2643,2145,22,1,0
2643,2145,22,2,3
2644,2145,22,1,1
2644,2145,22,2,5
2645,2145,22,1,4
2645,2145,22,2,5
2646,2145,22,1,4
2646,2145,22,2,7
2647,2145,22,1,4
2647,2145,22,2,7
2648,2145,22,1,0
2648,2145,22,2,3
2649,2145,22,1,0
2649,2145,22,2,1
2650,2145,22,1,0
2650,2145,22,2,2
2651,2145,22,1,3
2651,2145,22,2,6
2652,2145,22,1,4
2652,2145,22,2,5
2653,2145,22,1,0
2653,2145,22,2,5
2654,2145,22,1,4
2654,2145,22,2,5
2655,2145,22,1,6
2655,2145,22,2,7
2624,2145,23,1,1
2624,2145,23,2,6
2625,2145,23,1,0
2625,2145,23,2,5
2626,2145,23,1,4
2626,2145,23,2,7
2627,2145,23,1,1
2627,2145,23,2,4
2628,2145,23,1,3
2628,2145,23,2,7
2629,2145,23,1,0
2629,2145,23,2,1
2630,2145,23,1,0
2630,2145,23,2,5
2631,2145,23,1,0
2631,2145,23,2,5
2632,2145,23,1,1
2632,2145,23,2,5
2633,2145,23,1,1
2633,2145,23,2,6
2634,2145,23,1,2
2634,2145,23,2,7
2635,2145,23,1,0
2635,2145,23,2,2
2636,2145,23,1,0
2636,2145,23,2,7
2637,2145,23,1,5
2637,2145,23,2,7
2638,2145,23,1,3
2638,2145,23,2,7
2639,2145,23,1,0
2639,2145,23,2,6
2640,2145,23,1,1
2640,2145,23,2,7
2641,2145,23,1,2
2641,2145,23,2,4
2642,2145,23,1,1
2642,2145,23,2,5
2643,2145,23,1,2
2643,2145,23,2,7
2644,2145,23,1,0
2644,2145,23,2,1
2645,2145,23,1,2
2645,2145,23,2,6
2646,2145,23,1,0
2646,2145,23,2,5
2647,2145,23,1,4
2647,2145,23,2,6
2648,2145,23,1,1
2648,2145,23,2,7
2649,2145,23,1,0
2649,2145,23,2,6
2650,2145,23,1,0
2650,2145,23,2,4
2651,2145,23,1,4
2651,2145,23,2,7
2652,2145,23,1,4
2652,2145,23,2,5
2653,2145,23,1,0
2653,2145,23,2,3
2654,2145,23,1,5
2654,2145,23,2,6
2655,2145,23,1,4
2655,2145,23,2,6
2624,2145,24,1,1
2624,2145,24,2,2
2625,2145,24,1,4
2625,2145,24,2,6
2626,2145,24,1,0
2626,2145,24,2,6
2627,2145,24,1,4
2627,2145,24,2,7
2628,2145,24,1,0
2628,2145,24,2,2
2629,2145,24,1,0
2629,2145,24,2,2
2630,2145,24,1,1
2630,2145,24,2,2
2631,2145,24,1,1
2631,2145,24,2,5
2632,2145,24,1,3
2632,2145,24,2,7
2633,2145,24,1,5
2633,2145,24,2,7
2634,2145,24,1,1
2634,2145,24,2,6
2635,2145,24,1,5
2635,2145,24,2,6
2636,2145,24,1,1
2636,2145,24,2,3
2637,2145,24,1,1
2637,2145,24,2,5
2638,2145,24,1,3
2638,2145,24,2,6
2639,2145,24,1,3
2639,2145,24,2,6
2640,2145,24,1,2
2640,2145,24,2,5
2641,2145,24,1,0
2641,2145,24,2,2
2642,2145,24,1,0
2642,2145,24,2,6
2643,2145,24,1,4
2643,2145,24,2,5
2644,2145,24,1,0
2644,2145,24,2,3
2645,2145,24,1,0
2645,2145,24,2,5
2646,2145,24,1,0
2646,2145,24,2,4
2647,2145,24,1,0
2647,2145,24,2,6
2648,2145,24,1,0
2648,2145,24,2,1
2649,2145,24,1,4
2649,2145,24,2,5
2650,2145,24,1,2
2650,2145,24,2,6
2651,2145,24,1,5
2651,2145,24,2,7
2652,2145,24,1,0
2652,2145,24,2,6
2653,2145,24,1,4
2653,2145,24,2,7
2654,2145,24,1,0
2654,2145,24,2,7
2655,2145,24,1,0
2655,2145,24,2,5
2624,2145,25,1,3
2624,2145,25,2,7
2625,2145,25,1,0
2625,2145,25,2,3
2626,2145,25,1,4
2626,2145,25,2,5
2627,2145,25,1,1
2627,2145,25,2,7
2628,2145,25,1,1
2628,2145,25,2,7
2629,2145,25,1,3
2629,2145,25,2,7
2630,2145,25,1,1
2630,2145,25,2,6
2631,2145,25,1,2
2631,2145,25,2,6
2632,2145,25,1,1
2632,2145,25,2,6
2633,2145,25,1,2
2633,2145,25,2,4
2634,2145,25,1,0
2634,2145,25,2,7
2635,2145,25,1,0
2635,2145,25,2,5
2636,2145,25,1,3
2636,2145,25,2,4
2637,2145,25,1,2
2637,2145,25,2,5
2638,2145,25,1,4
2638,2145,25,2,5
2639,2145,25,1,2
2639,2145,25,2,5
2640,2145,25,1,3
2640,2145,25,2,4
2641,2145,25,1,1
2641,2145,25,2,7
2642,2145,25,1,5
2642,2145,25,2,7
2643,2145,25,1,4
2643,2145,25,2,6
2644,2145,25,1,0
2644,2145,25,2,7
2645,2145,25,1,0
2645,2145,25,2,5
2646,2145,25,1,0
2646,2145,25,2,1
2647,2145,25,1,0
2647,2145,25,2,5
2648,2145,25,1,6
2648,2145,25,2,7
2649,2145,25,1,6
2649,2145,25,2,7
2650,2145,25,1,1
2650,2145,25,2,5
2651,2145,25,1,0
2651,2145,25,2,5
2652,2145,25,1,1
2652,2145,25,2,5
2653,2145,25,1,2
2653,2145,25,2,7
2654,2145,25,1,0
2654,2145,25,2,4
2655,2145,25,1,1
2655,2145,25,2,2
2624,2145,26,1,2
2624,2145,26,2,4
2625,2145,26,1,4
2625,2145,26,2,5
2626,2145,26,1,3
2626,2145,26,2,6
2627,2145,26,1,1
2627,2145,26,2,5
2628,2145,26,1,6
2628,2145,26,2,7
2629,2145,26,1,6
2629,2145,26,2,7
2630,2145,26,1,0
2630,2145,26,2,2
2631,2145,26,1,4
2631,2145,26,2,6
2632,2145,26,1,0
2632,2145,26,2,5
2633,2145,26,1,2
2633,2145,26,2,3
2634,2145,26,1,6
2634,2145,26,2,7
2635,2145,26,1,3
2635,2145,26,2,6
2636,2145,26,1,0
2636,2145,26,2,2
2637,2145,26,1,2
2637,2145,26,2,7
2638,2145,26,1,2
2638,2145,26,2,7
2639,2145,26,1,4
2639,2145,26,2,7
2640,2145,26,1,1
2640,2145,26,2,3
2641,2145,26,1,3
2641,2145,26,2,5
2642,2145,26,1,6
2642,2145,26,2,7
2643,2145,26,1,3
2643,2145,26,2,5
2644,2145,26,1,0
2644,2145,26,2,3
2645,2145,26,1,2
2645,2145,26,2,3
2646,2145,26,1,3
2646,2145,26,2,6
2647,2145,26,1,0
2647,2145,26,2,3
2648,2145,26,1,2
2648,2145,26,2,4
2649,2145,26,1,1
2649,2145,26,2,4
2650,2145,26,1,1
2650,2145,26,2,5
2651,2145,26,1,2
2651,2145,26,2,6
2652,2145,26,1,1
2652,2145,26,2,3
2653,2145,26,1,0
2653,2145,26,2,5
2654,2145,26,1,0
2654,2145,26,2,5
2655,2145,26,1,4
2655,2145,26,2,5
2624,2145,27,1,1
2624,2145,27,2,4
2625,2145,27,1,1
2625,2145,27,2,3
2626,2145,27,1,2
2626,2145,27,2,4
2627,2145,27,1,0
2627,2145,27,2,1
2628,2145,27,1,3
2628,2145,27,2,4
2629,2145,27,1,0
2629,2145,27,2,2
2630,2145,27,1,1
2630,2145,27,2,2
2631,2145,27,1,4
2631,2145,27,2,5
2632,2145,27,1,3
2632,2145,27,2,4
2633,2145,27,1,2
2633,2145,27,2,5
2634,2145,27,1,6
2634,2145,27,2,7
2635,2145,27,1,3
2635,2145,27,2,6
2636,2145,27,1,0
2636,2145,27,2,3
2637,2145,27,1,3
2637,2145,27,2,7
2638,2145,27,1,3
2638,2145,27,2,7
2639,2145,27,1,0
2639,2145,27,2,6
2640,2145,27,1,6
2640,2145,27,2,7
2641,2145,27,1,4
2641,2145,27,2,6
2642,2145,27,1,0
2642,2145,27,2,1
2643,2145,27,1,4
2643,2145,27,2,6
2644,2145,27,1,2
2644,2145,27,2,5
2645,2145,27,1,1
2645,2145,27,2,5
2646,2145,27,1,6
2646,2145,27,2,7
2647,2145,27,1,1
2647,2145,27,2,3
2648,2145,27,1,1
2648,2145,27,2,7
2649,2145,27,1,2
2649,2145,27,2,5
2650,2145,27,1,0
2650,2145,27,2,3
2651,2145,27,1,3
2651,2145,27,2,7
2652,2145,27,1,3
2652,2145,27,2,6
2653,2145,27,1,0
2653,2145,27,2,1
2654,2145,27,1,1
2654,2145,27,2,4
2655,2145,27,1,0
2655,2145,27,2,7
2624,2145,28,1,0
2624,2145,28,2,5
2625,2145,28,1,2
2625,2145,28,2,4
2626,2145,28,1,4
2626,2145,28,2,6
2627,2145,28,1,5
2627,2145,28,2,6
2628,2145,28,1,0
2628,2145,28,2,4
2629,2145,28,1,3
2629,2145,28,2,7
2630,2145,28,1,2
2630,2145,28,2,3
2631,2145,28,1,1
2631,2145,28,2,5
2632,2145,28,1,5
2632,2145,28,2,7
2633,2145,28,1,3
2633,2145,28,2,7
2634,2145,28,1,3
2634,2145,28,2,5
2635,2145,28,1,0
2635,2145,28,2,3
2636,2145,28,1,0
2636,2145,28,2,2
2637,2145,28,1,0
2637,2145,28,2,5
2638,2145,28,1,3
2638,2145,28,2,4
2639,2145,28,1,5
2639,2145,28,2,6
2640,2145,28,1,2
2640,2145,28,2,7
2641,2145,28,1,0
2641,2145,28,2,6
2642,2145,28,1,2
2642,2145,28,2,3
2643,2145,28,1,1
2643,2145,28,2,5
2644,2145,28,1,4
2644,2145,28,2,6
2645,2145,28,1,0
2645,2145,28,2,4
2646,2145,28,1,4
2646,2145,28,2,6
2647,2145,28,1,0
2647,2145,28,2,6
2648,2145,28,1,1
2648,2145,28,2,3
2649,2145,28,1,1
2649,2145,28,2,5
2650,2145,28,1,0
2650,2145,28,2,3
2651,2145,28,1,1
2651,2145,28,2,2
2652,2145,28,1,2
2652,2145,28,2,4
2653,2145,28,1,6
2653,2145,28,2,7
2654,2145,28,1,1
2654,2145,28,2,6
2655,2145,28,1,1
2655,2145,28,2,4
2624,2145,29,1,5
2624,2145,29,2,7
2625,2145,29,1,4
2625,2145,29,2,5
2626,2145,29,1,0
2626,2145,29,2,1
2627,2145,29,1,2
2627,2145,29,2,6
2628,2145,29,1,2
2628,2145,29,2,7
2629,2145,29,1,0
2629,2145,29,2,2
2630,2145,29,1,0
2630,2145,29,2,4
2631,2145,29,1,0
2631,2145,29,2,7
2632,2145,29,1,4
2632,2145,29,2,7
2633,2145,29,1,3
2633,2145,29,2,7
2634,2145,29,1,2
2634,2145,29,2,7
2635,2145,29,1,0
2635,2145,29,2,1
2636,2145,29,1,0
2636,2145,29,2,4
2637,2145,29,1,2
2637,2145,29,2,6
2638,2145,29,1,0
2638,2145,29,2,3
2639,2145,29,1,0
2639,2145,29,2,2
2640,2145,29,1,0
2640,2145,29,2,4
2641,2145,29,1,4
2641,2145,29,2,6
2642,2145,29,1,1
2642,2145,29,2,6
2643,2145,29,1,1
2643,2145,29,2,7
2644,2145,29,1,0
2644,2145,29,2,6
2645,2145,29,1,1
2645,2145,29,2,2
2646,2145,29,1,2
2646,2145,29,2,3
2647,2145,29,1,4
2647,2145,29,2,6
2648,2145,29,1,0
2648,2145,29,2,2
2649,2145,29,1,2
2649,2145,29,2,5
2650,2145,29,1,4
2650,2145,29,2,6
2651,2145,29,1,0
2651,2145,29,2,3
2652,2145,29,1,5
2652,2145,29,2,6
2653,2145,29,1,1
2653,2145,29,2,2
2654,2145,29,1,3
2654,2145,29,2,7
2655,2145,29,1,3
2655,2145,29,2,7
2624,2145,30,1,0
2624,2145,30,2,4
2625,2145,30,1,5
2625,2145,30,2,7
2626,2145,30,1,5
2626,2145,30,2,7
2627,2145,30,1,0
2627,2145,30,2,1
2628,2145,30,1,2
2628,2145,30,2,4
2629,2145,30,1,1
2629,2145,30,2,2
2630,2145,30,1,3
2630,2145,30,2,5
2631,2145,30,1,4
2631,2145,30,2,6
2632,2145,30,1,3
2632,2145,30,2,4
2633,2145,30,1,0
2633,2145,30,2,4
2634,2145,30,1,3
2634,2145,30,2,5
2635,2145,30,1,3
2635,2145,30,2,6
2636,2145,30,1,2
2636,2145,30,2,7
2637,2145,30,1,3
2637,2145,30,2,7
2638,2145,30,1,0
2638,2145,30,2,2
2639,2145,30,1,2
2639,2145,30,2,5
2640,2145,30,1,1
2640,2145,30,2,3
2641,2145,30,1,0
2641,2145,30,2,7
2642,2145,30,1,3
2642,2145,30,2,5
2643,2145,30,1,2
2643,2145,30,2,7
2644,2145,30,1,0
2644,2145,30,2,7
2645,2145,30,1,0
2645,2145,30,2,5
2646,2145,30,1,5
2646,2145,30,2,6
2647,2145,30,1,4
2647,2145,30,2,7
2648,2145,30,1,1
2648,2145,30,2,5
2649,2145,30,1,0
2649,2145,30,2,2
2650,2145,30,1,2
2650,2145,30,2,3
2651,2145,30,1,0
2651,2145,30,2,3
2652,2145,30,1,0
2652,2145,30,2,5
2653,2145,30,1,0
2653,2145,30,2,4
2654,2145,30,1,1
2654,2145,30,2,5
2655,2145,30,1,0
2655,2145,30,2,7
2624,2145,31,1,1
2624,2145,31,2,3
2625,2145,31,1,3
2625,2145,31,2,4
2626,2145,31,1,1
2626,2145,31,2,4
2627,2145,31,1,4
2627,2145,31,2,7
2628,2145,31,1,5
2628,2145,31,2,7
2629,2145,31,1,0
2629,2145,31,2,1
2630,2145,31,1,0
2630,2145,31,2,2
2631,2145,31,1,1
2631,2145,31,2,3
2632,2145,31,1,0
2632,2145,31,2,3
2633,2145,31,1,0
2633,2145,31,2,2
2634,2145,31,1,3
2634,2145,31,2,4
2635,2145,31,1,1
2635,2145,31,2,4
2636,2145,31,1,4
2636,2145,31,2,5
2637,2145,31,1,1
2637,2145,31,2,6
2638,2145,31,1,0
2638,2145,31,2,6
2639,2145,31,1,1
2639,2145,31,2,3
2640,2145,31,1,3
2640,2145,31,2,4
2641,2145,31,1,2
2641,2145,31,2,4
2642,2145,31,1,1
2642,2145,31,2,3
2643,2145,31,1,1
2643,2145,31,2,7
2644,2145,31,1,2
2644,2145,31,2,6
2645,2145,31,1,0
2645,2145,31,2,2
2646,2145,31,1,0
2646,2145,31,2,3
2647,2145,31,1,1
2647,2145,31,2,2
2648,2145,31,1,3
2648,2145,31,2,4
2649,2145,31,1,2
2649,2145,31,2,7
2650,2145,31,1,0
2650,2145,31,2,3
2651,2145,31,1,1
2651,2145,31,2,5
2652,2145,31,1,0
2652,2145,31,2,1
2653,2145,31,1,0
2653,2145,31,2,2
2654,2145,31,1,5
2654,2145,31,2,6
2655,2145,31,1,2
2655,2145,31,2,7
2624,2146,0,1,3
2624,2146,0,2,7
2625,2146,0,1,2
2625,2146,0,2,5
2626,2146,0,1,0
2626,2146,0,2,6
2627,2146,0,1,1
2627,2146,0,2,7
2628,2146,0,1,2
2628,2146,0,2,3
2629,2146,0,1,0
2629,2146,0,2,5
2630,2146,0,1,6
2630,2146,0,2,7
2631,2146,0,1,3
2631,2146,0,2,7
2632,2146,0,1,2
2632,2146,0,2,7
2633,2146,0,1,0
2633,2146,0,2,7
2634,2146,0,1,2
2634,2146,0,2,3
2635,2146,0,1,3
2635,2146,0,2,6
2636,2146,0,1,2
2636,2146,0,2,6
2637,2146,0,1,4
2637,2146,0,2,7
2638,2146,0,1,0
2638,2146,0,2,6
2639,2146,0,1,3
2639,2146,0,2,6
2640,2146,0,1,0
2640,2146,0,2,1
2641,2146,0,1,5
2641,2146,0,2,6
2642,2146,0,1,3
2642,2146,0,2,6
2643,2146,0,1,3
2643,2146,0,2,4
2644,2146,0,1,5
2644,2146,0,2,6
2645,2146,0,1,0
2645,2146,0,2,7
2646,2146,0,1,2
2646,2146,0,2,7
2647,2146,0,1,2
2647,2146,0,2,6
2648,2146,0,1,1
2648,2146,0,2,3
2649,2146,0,1,0
2649,2146,0,2,3
2650,2146,0,1,0
2650,2146,0,2,7
2651,2146,0,1,3
2651,2146,0,2,4
2652,2146,0,1,3
2652,2146,0,2,7
2653,2146,0,1,4
2653,2146,0,2,5
2654,2146,0,1,1
2654,2146,0,2,4
2655,2146,0,1,0
2655,2146,0,2,1
2624,2146,1,1,4
2624,2146,1,2,5
2625,2146,1,1,1
2625,2146,1,2,6
2626,2146,1,1,2
2626,2146,1,2,4
2627,2146,1,1,2
2627,2146,1,2,7
2628,2146,1,1,3
2628,2146,1,2,7
2629,2146,1,1,0
2629,2146,1,2,7
2630,2146,1,1,0
2630,2146,1,2,3
2631,2146,1,1,0
2631,2146,1,2,5
2632,2146,1,1,1
2632,2146,1,2,2
2633,2146,1,1,4
2633,2146,1,2,6
2634,2146,1,1,4
2634,2146,1,2,7
2635,2146,1,1,0
2635,2146,1,2,7
2636,2146,1,1,3
2636,2146,1,2,7
2637,2146,1,1,2
2637,2146,1,2,6
2638,2146,1,1,2
2638,2146,1,2,7
2639,2146,1,1,4
2639,2146,1,2,5
2640,2146,1,1,0
2640,2146,1,2,3
2641,2146,1,1,2
2641,2146,1,2,7
2642,2146,1,1,0
2642,2146,1,2,1
2643,2146,1,1,3
2643,2146,1,2,7
2644,2146,1,1,0
2644,2146,1,2,7
2645,2146,1,1,0
2645,2146,1,2,4
2646,2146,1,1,1
2646,2146,1,2,3
2647,2146,1,1,4
2647,2146,1,2,7
2648,2146,1,1,1
2648,2146,1,2,4
2649,2146,1,1,2
2649,2146,1,2,6
2650,2146,1,1,3
2650,2146,1,2,4
2651,2146,1,1,6
2651,2146,1,2,7
2652,2146,1,1,4
2652,2146,1,2,7
2653,2146,1,1,2
2653,2146,1,2,5
2654,2146,1,1,3
2654,2146,1,2,4
2655,2146,1,1,0
2655,2146,1,2,6
2624,2146,2,1,1
2624,2146,2,2,5
2625,2146,2,1,0
2625,2146,2,2,4
2626,2146,2,1,4
2626,2146,2,2,5
2627,2146,2,1,0
2627,2146,2,2,5
2628,2146,2,1,0
2628,2146,2,2,5
2629,2146,2,1,4
2629,2146,2,2,6
2630,2146,2,1,5
2630,2146,2,2,6
2631,2146,2,1,0
2631,2146,2,2,4
2632,2146,2,1,5
2632,2146,2,2,7
2633,2146,2,1,1
2633,2146,2,2,2
2634,2146,2,1,1
2634,2146,2,2,4
2635,2146,2,1,4
2635,2146,2,2,6
2636,2146,2,1,2
2636,2146,2,2,5
2637,2146,2,1,5
2637,2146,2,2,6
2638,2146,2,1,3
2638,2146,2,2,7
2639,2146,2,1,1
2639,2146,2,2,3
2640,2146,2,1,1
2640,2146,2,2,3
2641,2146,2,1,4
2641,2146,2,2,7
2642,2146,2,1,2
2642,2146,2,2,6
2643,2146,2,1,1
2643,2146,2,2,3
2644,2146,2,1,1
2644,2146,2,2,3
2645,2146,2,1,2
2645,2146,2,2,3
2646,2146,2,1,4
2646,2146,2,2,6
2647,2146,2,1,2
2647,2146,2,2,5
2648,2146,2,1,5
2648,2146,2,2,6
2649,2146,2,1,1
2649,2146,2,2,6
2650,2146,2,1,2
2650,2146,2,2,5
2651,2146,2,1,5
2651,2146,2,2,7
2652,2146,2,1,2
2652,2146,2,2,5
2653,2146,2,1,0
2653,2146,2,2,5
2654,2146,2,1,2
2654,2146,2,2,5
2655,2146,2,1,1
2655,2146,2,2,7
2624,2146,3,1,6
2624,2146,3,2,7
2625,2146,3,1,3
2625,2146,3,2,4
2626,2146,3,1,3
2626,2146,3,2,7
2627,2146,3,1,3
2627,2146,3,2,6
2628,2146,3,1,2
2628,2146,3,2,5
2629,2146,3,1,1
2629,2146,3,2,2
2630,2146,3,1,2
2630,2146,3,2,3
2631,2146,3,1,5
2631,2146,3,2,6
2632,2146,3,1,5
2632,2146,3,2,6
2633,2146,3,1,2
2633,2146,3,2,6
2634,2146,3,1,3
2634,2146,3,2,7
2635,2146,3,1,0
2635,2146,3,2,3
2636,2146,3,1,2
2636,2146,3,2,5
2637,2146,3,1,2
2637,2146,3,2,3
2638,2146,3,1,1
2638,2146,3,2,2
2639,2146,3,1,3
2639,2146,3,2,7
2640,2146,3,1,3
2640,2146,3,2,7
2641,2146,3,1,0
2641,2146,3,2,6
2642,2146,3,1,0
2642,2146,3,2,2
2643,2146,3,1,2
2643,2146,3,2,5
2644,2146,3,1,5
2644,2146,3,2,6
2645,2146,3,1,0
2645,2146,3,2,7
2646,2146,3,1,1
2646,2146,3,2,2
2647,2146,3,1,0
2647,2146,3,2,6
2648,2146,3,1,3
2648,2146,3,2,7
2649,2146,3,1,1
2649,2146,3,2,3
2650,2146,3,1,0
2650,2146,3,2,3
2651,2146,3,1,0
2651,2146,3,2,5
2652,2146,3,1,2
2652,2146,3,2,7
2653,2146,3,1,2
2653,2146,3,2,7
2654,2146,3,1,0
2654,2146,3,2,4
2655,2146,3,1,0
2655,2146,3,2,6
2624,2146,4,1,1
2624,2146,4,2,6
2625,2146,4,1,2
2625,2146,4,2,6
2626,2146,4,1,0
2626,2146,4,2,1
2627,2146,4,1,0
2627,2146,4,2,5
2628,2146,4,1,1
2628,2146,4,2,7
2629,2146,4,1,4
2629,2146,4,2,7
2630,2146,4,1,0
2630,2146,4,2,5
2631,2146,4,1,1
2631,2146,4,2,7
2632,2146,4,1,1
2632,2146,4,2,2
2633,2146,4,1,1
2633,2146,4,2,2
2634,2146,4,1,2
2634,2146,4,2,6
2635,2146,4,1,3
2635,2146,4,2,4
2636,2146,4,1,4
2636,2146,4,2,7
2637,2146,4,1,4
2637,2146,4,2,6
2638,2146,4,1,4
2638,2146,4,2,7
2639,2146,4,1,3
2639,2146,4,2,7
2640,2146,4,1,3
2640,2146,4,2,4
2641,2146,4,1,3
2641,2146,4,2,4
2642,2146,4,1,4
2642,2146,4,2,6
2643,2146,4,1,1
2643,2146,4,2,6
2644,2146,4,1,1
2644,2146,4,2,7
2645,2146,4,1,0
2645,2146,4,2,5
2646,2146,4,1,3
2646,2146,4,2,7
2647,2146,4,1,6
2647,2146,4,2,7
2648,2146,4,1,4
2648,2146,4,2,6
2649,2146,4,1,1
2649,2146,4,2,4
2650,2146,4,1,2
2650,2146,4,2,7
2651,2146,4,1,5
2651,2146,4,2,6
2652,2146,4,1,1
2652,2146,4,2,3
2653,2146,4,1,4
2653,2146,4,2,5
2654,2146,4,1,0
2654,2146,4,2,6
2655,2146,4,1,1
2655,2146,4,2,3
2624,2146,5,1,3
2624,2146,5,2,4
2625,2146,5,1,1
2625,2146,5,2,2
2626,2146,5,1,2
2626,2146,5,2,4
2627,2146,5,1,2
2627,2146,5,2,5
2628,2146,5,1,4
2628,2146,5,2,7
2629,2146,5,1,0
2629,2146,5,2,5
2630,2146,5,1,3
2630,2146,5,2,5
2631,2146,5,1,0
2631,2146,5,2,6
2632,2146,5,1,4
2632,2146,5,2,5
2633,2146,5,1,1
2633,2146,5,2,4
2634,2146,5,1,0
2634,2146,5,2,4
2635,2146,5,1,0
2635,2146,5,2,7
2636,2146,5,1,2
2636,2146,5,2,7
2637,2146,5,1,3
2637,2146,5,2,6
2638,2146,5,1,2
2638,2146,5,2,5
2639,2146,5,1,6
2639,2146,5,2,7
2640,2146,5,1,1
2640,2146,5,2,4
2641,2146,5,1,3
2641,2146,5,2,7
2642,2146,5,1,5
2642,2146,5,2,6
2643,2146,5,1,2
2643,2146,5,2,5
2644,2146,5,1,3
2644,2146,5,2,4
2645,2146,5,1,0
2645,2146,5,2,7
2646,2146,5,1,0
2646,2146,5,2,4
2647,2146,5,1,0
2647,2146,5,2,1
2648,2146,5,1,1
2648,2146,5,2,4
2649,2146,5,1,2
2649,2146,5,2,5
2650,2146,5,1,2
2650,2146,5,2,5
2651,2146,5,1,0
2651,2146,5,2,3
2652,2146,5,1,5
2652,2146,5,2,6
2653,2146,5,1,0
2653,2146,5,2,2
2654,2146,5,1,4
2654,2146,5,2,6
2655,2146,5,1,0
2655,2146,5,2,7
2624,2146,6,1,3
2624,2146,6,2,6
2625,2146,6,1,3
2625,2146,6,2,5
2626,2146,6,1,2
2626,2146,6,2,3
2627,2146,6,1,4
2627,2146,6,2,5
2628,2146,6,1,2
2628,2146,6,2,5
2629,2146,6,1,2
2629,2146,6,2,3
2630,2146,6,1,1
2630,2146,6,2,2
2631,2146,6,1,1
2631,2146,6,2,7
2632,2146,6,1,0
2632,2146,6,2,7
2633,2146,6,1,1
2633,2146,6,2,7
2634,2146,6,1,0
2634,2146,6,2,7
2635,2146,6,1,0
2635,2146,6,2,2
2636,2146,6,1,0
2636,2146,6,2,2
2637,2146,6,1,0
2637,2146,6,2,5
2638,2146,6,1,1
2638,2146,6,2,2
2639,2146,6,1,2
2639,2146,6,2,6
2640,2146,6,1,0
2640,2146,6,2,2
2641,2146,6,1,3
2641,2146,6,2,5
2642,2146,6,1,4
2642,2146,6,2,6
2643,2146,6,1,3
2643,2146,6,2,4
2644,2146,6,1,0
2644,2146,6,2,1
2645,2146,6,1,3
2645,2146,6,2,5
2646,2146,6,1,0
2646,2146,6,2,5
2647,2146,6,1,1
2647,2146,6,2,3
2648,2146,6,1,2
2648,2146,6,2,7
2649,2146,6,1,1
2649,2146,6,2,2
2650,2146,6,1,3
2650,2146,6,2,5
2651,2146,6,1,3
2651,2146,6,2,5
2652,2146,6,1,4
2652,2146,6,2,6
2653,2146,6,1,4
2653,2146,6,2,5
2654,2146,6,1,2
2654,2146,6,2,7
2655,2146,6,1,0
2655,2146,6,2,2
2624,2146,7,1,0
2624,2146,7,2,1
2625,2146,7,1,0
2625,2146,7,2,6
2626,2146,7,1,0
2626,2146,7,2,7
2627,2146,7,1,5
2627,2146,7,2,7
2628,2146,7,1,1
2628,2146,7,2,2
2629,2146,7,1,0
2629,2146,7,2,3
2630,2146,7,1,1
2630,2146,7,2,2
2631,2146,7,1,1
2631,2146,7,2,3
2632,2146,7,1,4
2632,2146,7,2,5
2633,2146,7,1,4
2633,2146,7,2,6
2634,2146,7,1,1
2634,2146,7,2,6
2635,2146,7,1,4
2635,2146,7,2,6
2636,2146,7,1,4
2636,2146,7,2,6
2637,2146,7,1,1
2637,2146,7,2,4
2638,2146,7,1,3
2638,2146,7,2,7
2639,2146,7,1,0
2639,2146,7,2,1
2640,2146,7,1,1
2640,2146,7,2,3
2641,2146,7,1,0
2641,2146,7,2,5
2642,2146,7,1,6
2642,2146,7,2,7
2643,2146,7,1,0
2643,2146,7,2,4
2644,2146,7,1,3
2644,2146,7,2,7
2645,2146,7,1,2
2645,2146,7,2,5
2646,2146,7,1,0
2646,2146,7,2,3
2647,2146,7,1,2
2647,2146,7,2,4
2648,2146,7,1,0
2648,2146,7,2,4
2649,2146,7,1,2
2649,2146,7,2,5
2650,2146,7,1,5
2650,2146,7,2,6
2651,2146,7,1,0
2651,2146,7,2,7
2652,2146,7,1,2
2652,2146,7,2,4
2653,2146,7,1,0
2653,2146,7,2,3
2654,2146,7,1,2
2654,2146,7,2,7
2655,2146,7,1,1
2655,2146,7,2,7
2624,2146,8,1,4
2624,2146,8,2,5
2625,2146,8,1,2
2625,2146,8,2,7
2626,2146,8,1,3
2626,2146,8,2,4
2627,2146,8,1,0
2627,2146,8,2,4
2628,2146,8,1,1
2628,2146,8,2,6
2629,2146,8,1,3
2629,2146,8,2,6
2630,2146,8,1,2
2630,2146,8,2,4
2631,2146,8,1,3
2631,2146,8,2,6
2632,2146,8,1,2
2632,2146,8,2,4
2633,2146,8,1,1
2633,2146,8,2,3
2634,2146,8,1,1
2634,2146,8,2,7
2635,2146,8,1,0
2635,2146,8,2,1
2636,2146,8,1,3
2636,2146,8,2,6
2637,2146,8,1,0
2637,2146,8,2,1
2638,2146,8,1,0
2638,2146,8,2,1
2639,2146,8,1,0
2639,2146,8,2,7
2640,2146,8,1,0
2640,2146,8,2,5
2641,2146,8,1,0
2641,2146,8,2,2
2642,2146,8,1,1
2642,2146,8,2,4
2643,2146,8,1,0
2643,2146,8,2,4
2644,2146,8,1,3
2644,2146,8,2,4
2645,2146,8,1,0
2645,2146,8,2,6
2646,2146,8,1,4
2646,2146,8,2,5
2647,2146,8,1,1
2647,2146,8,2,2
2648,2146,8,1,0
2648,2146,8,2,2
2649,2146,8,1,2
2649,2146,8,2,5
2650,2146,8,1,0
2650,2146,8,2,2
2651,2146,8,1,3
2651,2146,8,2,6
2652,2146,8,1,0
2652,2146,8,2,3
2653,2146,8,1,0
2653,2146,8,2,1
2654,2146,8,1,1
2654,2146,8,2,2
2655,2146,8,1,4
2655,2146,8,2,5
2624,2146,9,1,0
2624,2146,9,2,3
2625,2146,9,1,4
2625,2146,9,2,5
2626,2146,9,1,4
2626,2146,9,2,7
2627,2146,9,1,3
2627,2146,9,2,4
2628,2146,9,1,1
2628,2146,9,2,3
2629,2146,9,1,5
2629,2146,9,2,6
2630,2146,9,1,1
2630,2146,9,2,2
2631,2146,9,1,0
2631,2146,9,2,7
2632,2146,9,1,0
2632,2146,9,2,4
2633,2146,9,1,1
2633,2146,9,2,3
2634,2146,9,1,2
2634,2146,9,2,5
2635,2146,9,1,3
2635,2146,9,2,5
2636,2146,9,1,4
2636,2146,9,2,6
2637,2146,9,1,4
2637,2146,9,2,7
2638,2146,9,1,0
2638,2146,9,2,1
2639,2146,9,1,2
2639,2146,9,2,6
2640,2146,9,1,6
2640,2146,9,2,7
2641,2146,9,1,1
2641,2146,9,2,7
2642,2146,9,1,4
2642,2146,9,2,7
2643,2146,9,1,0
2643,2146,9,2,1
2644,2146,9,1,0
2644,2146,9,2,7
2645,2146,9,1,2
2645,2146,9,2,3
2646,2146,9,1,2
2646,2146,9,2,4
2647,2146,9,1,0
2647,2146,9,2,6
2648,2146,9,1,3
2648,2146,9,2,7
2649,2146,9,1,5
2649,2146,9,2,7
2650,2146,9,1,0
2650,2146,9,2,2
2651,2146,9,1,2
2651,2146,9,2,5
2652,2146,9,1,5
2652,2146,9,2,7
2653,2146,9,1,1
2653,2146,9,2,6
2654,2146,9,1,0
2654,2146,9,2,1
2655,2146,9,1,2
2655,2146,9,2,4
2624,2146,10,1,6
2624,2146,10,2,7
2625,2146,10,1,4
2625,2146,10,2,7
2626,2146,10,1,4
2626,2146,10,2,6
2627,2146,10,1,0
2627,2146,10,2,3
2628,2146,10,1,0
2628,2146,10,2,2
2629,2146,10,1,4
2629,2146,10,2,6
2630,2146,10,1,0
2630,2146,10,2,6
2631,2146,10,1,0
2631,2146,10,2,5
2632,2146,10,1,1
2632,2146,10,2,5
2633,2146,10,1,3
2633,2146,10,2,4
2634,2146,10,1,3
2634,2146,10,2,6
2635,2146,10,1,1
2635,2146,10,2,4
2636,2146,10,1,0
2636,2146,10,2,5
2637,2146,10,1,1
2637,2146,10,2,7
2638,2146,10,1,6
2638,2146,10,2,7
2639,2146,10,1,2
2639,2146,10,2,6
2640,2146,10,1,0
2640,2146,10,2,7
2641,2146,10,1,0
2641,2146,10,2,3
2642,2146,10,1,3
2642,2146,10,2,4
2643,2146,10,1,0
2643,2146,10,2,6
2644,2146,10,1,4
2644,2146,10,2,5
2645,2146,10,1,2
2645,2146,10,2,7
2646,2146,10,1,2
2646,2146,10,2,3
2647,2146,10,1,0
2647,2146,10,2,4
2648,2146,10,1,4
2648,2146,10,2,5
2649,2146,10,1,0
2649,2146,10,2,4
2650,2146,10,1,5
2650,2146,10,2,7
2651,2146,10,1,0
2651,2146,10,2,3
2652,2146,10,1,2
2652,2146,10,2,4
2653,2146,10,1,2
2653,2146,10,2,6
2654,2146,10,1,2
2654,2146,10,2,7
2655,2146,10,1,0
2655,2146,10,2,4
2624,2146,11,1,1
2624,2146,11,2,4
2625,2146,11,1,3
2625,2146,11,2,6
2626,2146,11,1,1
2626,2146,11,2,3
2627,2146,11,1,0
2627,2146,11,2,6
2628,2146,11,1,1
2628,2146,11,2,6
2629,2146,11,1,4
2629,2146,11,2,5
2630,2146,11,1,2
2630,2146,11,2,4
2631,2146,11,1,1
2631,2146,11,2,6
2632,2146,11,1,4
2632,2146,11,2,6
2633,2146,11,1,2
2633,2146,11,2,3
2634,2146,11,1,2
2634,2146,11,2,6
2635,2146,11,1,2
2635,2146,11,2,6
2636,2146,11,1,3
2636,2146,11,2,6
2637,2146,11,1,3
2637,2146,11,2,7
2638,2146,11,1,0
2638,2146,11,2,5
2639,2146,11,1,3
2639,2146,11,2,4
2640,2146,11,1,1
2640,2146,11,2,6
2641,2146,11,1,2
2641,2146,11,2,5
2642,2146,11,1,0
2642,2146,11,2,3
2643,2146,11,1,2
2643,2146,11,2,4
2644,2146,11,1,2
2644,2146,11,2,6
2645,2146,11,1,0
2645,2146,11,2,6
2646,2146,11,1,4
2646,2146,11,2,5
2647,2146,11,1,1
2647,2146,11,2,4
2648,2146,11,1,1
2648,2146,11,2,7
2649,2146,11,1,4
2649,2146,11,2,5
2650,2146,11,1,3
2650,2146,11,2,6
2651,2146,11,1,4
2651,2146,11,2,5
2652,2146,11,1,1
2652,2146,11,2,4
2653,2146,11,1,3
2653,2146,11,2,7
2654,2146,11,1,2
2654,2146,11,2,4
2655,2146,11,1,2
2655,2146,11,2,4
2624,2146,12,1,0
2624,2146,12,2,2
2625,2146,12,1,2
2625,2146,12,2,6
2626,2146,12,1,0
2626,2146,12,2,4
2627,2146,12,1,2
2627,2146,12,2,6
2628,2146,12,1,4
2628,2146,12,2,6
2629,2146,12,1,0
2629,2146,12,2,6
2630,2146,12,1,0
2630,2146,12,2,1
2631,2146,12,1,1
2631,2146,12,2,2
2632,2146,12,1,1
2632,2146,12,2,7
2633,2146,12,1,2
2633,2146,12,2,3
2634,2146,12,1,1
2634,2146,12,2,3
2635,2146,12,1,2
2635,2146,12,2,3
2636,2146,12,1,5
2636,2146,12,2,7
2637,2146,12,1,2
2637,2146,12,2,3
2638,2146,12,1,0
2638,2146,12,2,3
2639,2146,12,1,6
2639,2146,12,2,7
2640,2146,12,1,1
2640,2146,12,2,3
2641,2146,12,1,1
2641,2146,12,2,4
2642,2146,12,1,1
2642,2146,12,2,3
2643,2146,12,1,2
2643,2146,12,2,7
2644,2146,12,1,3
2644,2146,12,2,6
2645,2146,12,1,4
2645,2146,12,2,6
2646,2146,12,1,2
2646,2146,12,2,3
2647,2146,12,1,2
2647,2146,12,2,3
2648,2146,12,1,1
2648,2146,12,2,7
2649,2146,12,1,0
2649,2146,12,2,2
2650,2146,12,1,0
2650,2146,12,2,3
2651,2146,12,1,2
2651,2146,12,2,5
2652,2146,12,1,1
2652,2146,12,2,5
2653,2146,12,1,0
2653,2146,12,2,5
2654,2146,12,1,1
2654,2146,12,2,2
2655,2146,12,1,3
2655,2146,12,2,4
2624,2146,13,1,0
2624,2146,13,2,5
2625,2146,13,1,3
2625,2146,13,2,4
2626,2146,13,1,0
2626,2146,13,2,2
2627,2146,13,1,1
2627,2146,13,2,6
2628,2146,13,1,2
2628,2146,13,2,4
2629,2146,13,1,5
2629,2146,13,2,7
2630,2146,13,1,2
2630,2146,13,2,4
2631,2146,13,1,0
2631,2146,13,2,2
2632,2146,13,1,1
2632,2146,13,2,5
2633,2146,13,1,2
2633,2146,13,2,4
2634,2146,13,1,4
2634,2146,13,2,6
2635,2146,13,1,0
2635,2146,13,2,1
2636,2146,13,1,0
2636,2146,13,2,7
2637,2146,13,1,0
2637,2146,13,2,7
2638,2146,13,1,1
2638,2146,13,2,5
2639,2146,13,1,1
2639,2146,13,2,7
2640,2146,13,1,1
2640,2146,13,2,3
2641,2146,13,1,2
2641,2146,13,2,6
2642,2146,13,1,2
2642,2146,13,2,5
2643,2146,13,1,2
2643,2146,13,2,7
2644,2146,13,1,1
2644,2146,13,2,3
2645,2146,13,1,2
2645,2146,13,2,6
2646,2146,13,1,4
2646,2146,13,2,7
2647,2146,13,1,1
2647,2146,13,2,7
2648,2146,13,1,6
2648,2146,13,2,7
2649,2146,13,1,2
2649,2146,13,2,4
2650,2146,13,1,1
2650,2146,13,2,7
2651,2146,13,1,5
2651,2146,13,2,6
2652,2146,13,1,6
2652,2146,13,2,7
2653,2146,13,1,1
2653,2146,13,2,3
2654,2146,13,1,0
2654,2146,13,2,1
2655,2146,13,1,6
2655,2146,13,2,7
2624,2146,14,1,0
2624,2146,14,2,2
2625,2146,14,1,1
2625,2146,14,2,2
2626,2146,14,1,2
2626,2146,14,2,6
2627,2146,14,1,2
2627,2146,14,2,3
2628,2146,14,1,1
2628,2146,14,2,4
2629,2146,14,1,1
2629,2146,14,2,3
2630,2146,14,1,0
2630,2146,14,2,6
2631,2146,14,1,2
2631,2146,14,2,4
2632,2146,14,1,1
2632,2146,14,2,6
2633,2146,14,1,4
2633,2146,14,2,5
2634,2146,14,1,3
2634,2146,14,2,6
2635,2146,14,1,0
2635,2146,14,2,7
2636,2146,14,1,2
2636,2146,14,2,7
2637,2146,14,1,0
2637,2146,14,2,6
2638,2146,14,1,2
2638,2146,14,2,3
2639,2146,14,1,1
2639,2146,14,2,2
2640,2146,14,1,1
2640,2146,14,2,5
2641,2146,14,1,0
2641,2146,14,2,2
2642,2146,14,1,0
2642,2146,14,2,7
2643,2146,14,1,0
2643,2146,14,2,5
2644,2146,14,1,4
2644,2146,14,2,5
2645,2146,14,1,1
2645,2146,14,2,6
2646,2146,14,1,0
2646,2146,14,2,2
2647,2146,14,1,0
2647,2146,14,2,1
2648,2146,14,1,1
2648,2146,14,2,6
2649,2146,14,1,4
2649,2146,14,2,5
2650,2146,14,1,2
2650,2146,14,2,5
2651,2146,14,1,4
2651,2146,14,2,5
2652,2146,14,1,0
2652,2146,14,2,3
2653,2146,14,1,3
2653,2146,14,2,7
2654,2146,14,1,4
2654,2146,14,2,7
2655,2146,14,1,2
2655,2146,14,2,6
2624,2146,15,1,5
2624,2146,15,2,7
2625,2146,15,1,5
2625,2146,15,2,7
2626,2146,15,1,4
2626,2146,15,2,6
2627,2146,15,1,4
2627,2146,15,2,5
2628,2146,15,1,3
2628,2146,15,2,4
2629,2146,15,1,3
2629,2146,15,2,5
2630,2146,15,1,0
2630,2146,15,2,1
2631,2146,15,1,0
2631,2146,15,2,2
2632,2146,15,1,0
2632,2146,15,2,1
2633,2146,15,1,2
2633,2146,15,2,3
2634,2146,15,1,1
2634,2146,15,2,2
2635,2146,15,1,2
2635,2146,15,2,6
2636,2146,15,1,5
2636,2146,15,2,7
2637,2146,15,1,4
2637,2146,15,2,6
2638,2146,15,1,1
2638,2146,15,2,6
2639,2146,15,1,1
2639,2146,15,2,5
2640,2146,15,1,5
2640,2146,15,2,7
2641,2146,15,1,0
2641,2146,15,2,1
2642,2146,15,1,0
2642,2146,15,2,6
2643,2146,15,1,0
2643,2146,15,2,6
2644,2146,15,1,2
2644,2146,15,2,7
2645,2146,15,1,1
2645,2146,15,2,5
2646,2146,15,1,4
2646,2146,15,2,5
2647,2146,15,1,3
2647,2146,15,2,6
2648,2146,15,1,2
2648,2146,15,2,5
2649,2146,15,1,4
2649,2146,15,2,6
2650,2146,15,1,2
2650,2146,15,2,7
2651,2146,15,1,2
2651,2146,15,2,6
2652,2146,15,1,0
2652,2146,15,2,2
2653,2146,15,1,0
2653,2146,15,2,1
2654,2146,15,1,2
2654,2146,15,2,7
2655,2146,15,1,1
2655,2146,15,2,3
2624,2146,16,1,0
2624,2146,16,2,1
2625,2146,16,1,0
2625,2146,16,2,5
2626,2146,16,1,1
2626,2146,16,2,2
2627,2146,16,1,2
2627,2146,16,2,3
2628,2146,16,1,3
2628,2146,16,2,6
2629,2146,16,1,0
2629,2146,16,2,7
2630,2146,16,1,1
2630,2146,16,2,2
2631,2146,16,1,4
2631,2146,16,2,6
2632,2146,16,1,0
2632,2146,16,2,4
2633,2146,16,1,1
2633,2146,16,2,4
2634,2146,16,1,4
2634,2146,16,2,5
2635,2146,16,1,0
2635,2146,16,2,2
2636,2146,16,1,0
2636,2146,16,2,7
2637,2146,16,1,5
2637,2146,16,2,7
2638,2146,16,1,6
2638,2146,16,2,7
2639,2146,16,1,0
2639,2146,16,2,4
2640,2146,16,1,3
2640,2146,16,2,7
2641,2146,16,1,1
2641,2146,16,2,5
2642,2146,16,1,5
2642,2146,16,2,7
2643,2146,16,1,2
2643,2146,16,2,3
2644,2146,16,1,0
2644,2146,16,2,6
2645,2146,16,1,1
2645,2146,16,2,3
2646,2146,16,1,1
2646,2146,16,2,5
2647,2146,16,1,2
2647,2146,16,2,4
2648,2146,16,1,3
2648,2146,16,2,4
2649,2146,16,1,4
2649,2146,16,2,6
2650,2146,16,1,3
2650,2146,16,2,4
2651,2146,16,1,0
2651,2146,16,2,3
2652,2146,16,1,1
2652,2146,16,2,7
2653,2146,16,1,3
2653,2146,16,2,6
2654,2146,16,1,0
2654,2146,16,2,5
2655,2146,16,1,3
2655,2146,16,2,6
2624,2146,17,1,0
2624,2146,17,2,1
2625,2146,17,1,0
2625,2146,17,2,5
2626,2146,17,1,3
2626,2146,17,2,6
2627,2146,17,1,4
2627,2146,17,2,6
2628,2146,17,1,4
2628,2146,17,2,7
2629,2146,17,1,0
2629,2146,17,2,1
2630,2146,17,1,2
2630,2146,17,2,5
2631,2146,17,1,2
2631,2146,17,2,3
2632,2146,17,1,5
2632,2146,17,2,7
2633,2146,17,1,0
2633,2146,17,2,7
2634,2146,17,1,3
2634,2146,17,2,4
2635,2146,17,1,4
2635,2146,17,2,7
2636,2146,17,1,0
2636,2146,17,2,3
2637,2146,17,1,4
2637,2146,17,2,5
2638,2146,17,1,1
2638,2146,17,2,2
2639,2146,17,1,1
2639,2146,17,2,5
2640,2146,17,1,1
2640,2146,17,2,5
2641,2146,17,1,1
2641,2146,17,2,7
2642,2146,17,1,0
2642,2146,17,2,1
2643,2146,17,1,0
2643,2146,17,2,6
2644,2146,17,1,3
2644,2146,17,2,5
2645,2146,17,1,1
2645,2146,17,2,6
2646,2146,17,1,2
2646,2146,17,2,5
2647,2146,17,1,2
2647,2146,17,2,3
2648,2146,17,1,4
2648,2146,17,2,5
2649,2146,17,1,0
2649,2146,17,2,5
2650,2146,17,1,5
2650,2146,17,2,7
2651,2146,17,1,1
2651,2146,17,2,3
2652,2146,17,1,1
2652,2146,17,2,7
2653,2146,17,1,1
2653,2146,17,2,3
2654,2146,17,1,2
2654,2146,17,2,3
2655,2146,17,1,1
2655,2146,17,2,7
2624,2146,18,1,1
2624,2146,18,2,4
2625,2146,18,1,1
2625,2146,18,2,6
2626,2146,18,1,3
2626,2146,18,2,4
2627,2146,18,1,0
2627,2146,18,2,6
2628,2146,18,1,0
2628,2146,18,2,5
2629,2146,18,1,2
2629,2146,18,2,3
2630,2146,18,1,4
2630,2146,18,2,6
2631,2146,18,1,1
2631,2146,18,2,7
2632,2146,18,1,2
2632,2146,18,2,3
2633,2146,18,1,1
2633,2146,18,2,6
2634,2146,18,1,0
2634,2146,18,2,4
2635,2146,18,1,4
2635,2146,18,2,5
2636,2146,18,1,5
2636,2146,18,2,6
2637,2146,18,1,1
2637,2146,18,2,5
2638,2146,18,1,6
2638,2146,18,2,7
2639,2146,18,1,4
2639,2146,18,2,7
2640,2146,18,1,5
2640,2146,18,2,6
2641,2146,18,1,4
2641,2146,18,2,5
2642,2146,18,1,0
2642,2146,18,2,1
2643,2146,18,1,3
2643,2146,18,2,5
2644,2146,18,1,0
2644,2146,18,2,7
2645,2146,18,1,3
2645,2146,18,2,4
2646,2146,18,1,1
2646,2146,18,2,6
2647,2146,18,1,3
2647,2146,18,2,7
2648,2146,18,1,6
2648,2146,18,2,7
2649,2146,18,1,3
2649,2146,18,2,7
2650,2146,18,1,0
2650,2146,18,2,4
2651,2146,18,1,0
2651,2146,18,2,5
2652,2146,18,1,1
2652,2146,18,2,3
2653,2146,18,1,0
2653,2146,18,2,7
2654,2146,18,1,1
2654,2146,18,2,4
2655,2146,18,1,4
2655,2146,18,2,5
2624,2146,19,1,4
2624,2146,19,2,7
2625,2146,19,1,0
2625,2146,19,2,2
2626,2146,19,1,1
2626,2146,19,2,3
2627,2146,19,1,4
2627,2146,19,2,5
2628,2146,19,1,1
2628,2146,19,2,3
2629,2146,19,1,2
2629,2146,19,2,6
2630,2146,19,1,6
2630,2146,19,2,7
2631,2146,19,1,5
2631,2146,19,2,6
2632,2146,19,1,4
2632,2146,19,2,7
2633,2146,19,1,3
2633,2146,19,2,6
2634,2146,19,1,2
2634,2146,19,2,5
2635,2146,19,1,1
2635,2146,19,2,4
2636,2146,19,1,5
2636,2146,19,2,7
2637,2146,19,1,2
2637,2146,19,2,6
2638,2146,19,1,0
2638,2146,19,2,4
2639,2146,19,1,5
2639,2146,19,2,7
2640,2146,19,1,0
2640,2146,19,2,7
2641,2146,19,1,5
2641,2146,19,2,7
2642,2146,19,1,1
2642,2146,19,2,5
2643,2146,19,1,2
2643,2146,19,2,3
2644,2146,19,1,3
2644,2146,19,2,6
2645,2146,19,1,3
2645,2146,19,2,4
2646,2146,19,1,1
2646,2146,19,2,6
2647,2146,19,1,0
2647,2146,19,2,2
2648,2146,19,1,0
2648,2146,19,2,5
2649,2146,19,1,2
2649,2146,19,2,7
2650,2146,19,1,1
2650,2146,19,2,3
2651,2146,19,1,6
2651,2146,19,2,7
2652,2146,19,1,3
2652,2146,19,2,5
2653,2146,19,1,3
2653,2146,19,2,4
2654,2146,19,1,0
2654,2146,19,2,5
2655,2146,19,1,4
2655,2146,19,2,5
2624,2146,20,1,5
2624,2146,20,2,6
2625,2146,20,1,3
2625,2146,20,2,7
2626,2146,20,1,0
2626,2146,20,2,1
2627,2146,20,1,0
2627,2146,20,2,3
2628,2146,20,1,2
2628,2146,20,2,5
2629,2146,20,1,2
2629,2146,20,2,3
2630,2146,20,1,4
2630,2146,20,2,7
2631,2146,20,1,0
2631,2146,20,2,7
2632,2146,20,1,4
2632,2146,20,2,6
2633,2146,20,1,3
2633,2146,20,2,4
2634,2146,20,1,3
2634,2146,20,2,6
2635,2146,20,1,0
2635,2146,20,2,2
2636,2146,20,1,3
2636,2146,20,2,6
2637,2146,20,1,0
2637,2146,20,2,6
2638,2146,20,1,1
2638,2146,20,2,6
2639,2146,20,1,2
2639,2146,20,2,6
2640,2146,20,1,3
2640,2146,20,2,4
2641,2146,20,1,2
2641,2146,20,2,3
2642,2146,20,1,1
2642,2146,20,2,6
2643,2146,20,1,0
2643,2146,20,2,4
2644,2146,20,1,0
2644,2146,20,2,3
2645,2146,20,1,1
2645,2146,20,2,7
2646,2146,20,1,0
2646,2146,20,2,4
2647,2146,20,1,1
2647,2146,20,2,3
2648,2146,20,1,2
2648,2146,20,2,3
2649,2146,20,1,1
2649,2146,20,2,4
2650,2146,20,1,3
2650,2146,20,2,4
2651,2146,20,1,3
2651,2146,20,2,7
2652,2146,20,1,5
2652,2146,20,2,6
2653,2146,20,1,2
2653,2146,20,2,6
2654,2146,20,1,4
2654,2146,20,2,5
2655,2146,20,1,0
2655,2146,20,2,6
2624,2146,21,1,0
2624,2146,21,2,5
2625,2146,21,1,1
2625,2146,21,2,3
2626,2146,21,1,3
2626,2146,21,2,6
2627,2146,21,1,1
2627,2146,21,2,3
2628,2146,21,1,1
2628,2146,21,2,2
2629,2146,21,1,3
2629,2146,21,2,7
2630,2146,21,1,3
2630,2146,21,2,7
2631,2146,21,1,4
2631,2146,21,2,6
2632,2146,21,1,3
2632,2146,21,2,6
2633,2146,21,1,5
2633,2146,21,2,6
2634,2146,21,1,1
2634,2146,21,2,4
2635,2146,21,1,2
2635,2146,21,2,7
2636,2146,21,1,1
2636,2146,21,2,2
2637,2146,21,1,6
2637,2146,21,2,7
2638,2146,21,1,2
2638,2146,21,2,3
2639,2146,21,1,2
2639,2146,21,2,6
2640,2146,21,1,0
2640,2146,21,2,5
2641,2146,21,1,4
2641,2146,21,2,5
2642,2146,21,1,5
2642,2146,21,2,6
2643,2146,21,1,3
2643,2146,21,2,7
2644,2146,21,1,1
2644,2146,21,2,4
2645,2146,21,1,1
2645,2146,21,2,6
2646,2146,21,1,3
2646,2146,21,2,6
2647,2146,21,1,3
2647,2146,21,2,4
2648,2146,21,1,1
2648,2146,21,2,4
2649,2146,21,1,4
2649,2146,21,2,6
2650,2146,21,1,1
2650,2146,21,2,5
2651,2146,21,1,1
2651,2146,21,2,6
2652,2146,21,1,2
2652,2146,21,2,6
2653,2146,21,1,1
2653,2146,21,2,2
2654,2146,21,1,6
2654,2146,21,2,7
2655,2146,21,1,0
2655,2146,21,2,7
2624,2146,22,1,1
2624,2146,22,2,6
2625,2146,22,1,0
2625,2146,22,2,3
2626,2146,22,1,1
2626,2146,22,2,4
2627,2146,22,1,3
2627,2146,22,2,5
2628,2146,22,1,2
2628,2146,22,2,5
2629,2146,22,1,5
2629,2146,22,2,7
2630,2146,22,1,0
2630,2146,22,2,4
2631,2146,22,1,2
2631,2146,22,2,4
2632,2146,22,1,1
2632,2146,22,2,5
2633,2146,22,1,1
2633,2146,22,2,5
2634,2146,22,1,1
2634,2146,22,2,6
2635,2146,22,1,0
2635,2146,22,2,1
2636,2146,22,1,2
2636,2146,22,2,6
2637,2146,22,1,4
2637,2146,22,2,7
2638,2146,22,1,2
2638,2146,22,2,6
2639,2146,22,1,4
2639,2146,22,2,6
2640,2146,22,1,1
2640,2146,22,2,4
2641,2146,22,1,4
2641,2146,22,2,5
2642,2146,22,1,2
2642,2146,22,2,5
2643,2146,22,1,0
2643,2146,22,2,7
2644,2146,22,1,0
2644,2146,22,2,5
2645,2146,22,1,0
2645,2146,22,2,5
2646,2146,22,1,0
2646,2146,22,2,3
2647,2146,22,1,1
2647,2146,22,2,3
2648,2146,22,1,3
2648,2146,22,2,4
2649,2146,22,1,0
2649,2146,22,2,4
2650,2146,22,1,3
2650,2146,22,2,7
2651,2146,22,1,2
2651,2146,22,2,7
2652,2146,22,1,2
2652,2146,22,2,6
2653,2146,22,1,5
2653,2146,22,2,6
2654,2146,22,1,2
2654,2146,22,2,3
2655,2146,22,1,3
2655,2146,22,2,6
2624,2146,23,1,2
2624,2146,23,2,3
2625,2146,23,1,3
2625,2146,23,2,5
2626,2146,23,1,0
2626,2146,23,2,6
2627,2146,23,1,3
2627,2146,23,2,7
2628,2146,23,1,5
2628,2146,23,2,6
2629,2146,23,1,3
2629,2146,23,2,6
2630,2146,23,1,2
2630,2146,23,2,7
2631,2146,23,1,1
2631,2146,23,2,4
2632,2146,23,1,0
2632,2146,23,2,1
2633,2146,23,1,5
2633,2146,23,2,7
2634,2146,23,1,1
2634,2146,23,2,7
2635,2146,23,1,0
2635,2146,23,2,5
2636,2146,23,1,2
2636,2146,23,2,4
2637,2146,23,1,4
2637,2146,23,2,6
2638,2146,23,1,5
2638,2146,23,2,6
2639,2146,23,1,6
2639,2146,23,2,7
2640,2146,23,1,2
2640,2146,23,2,3
2641,2146,23,1,2
2641,2146,23,2,6
2642,2146,23,1,3
2642,2146,23,2,5
2643,2146,23,1,0
2643,2146,23,2,5
2644,2146,23,1,0
2644,2146,23,2,2
2645,2146,23,1,2
2645,2146,23,2,4
2646,2146,23,1,0
2646,2146,23,2,4
2647,2146,23,1,1
2647,2146,23,2,5
2648,2146,23,1,5
2648,2146,23,2,6
2649,2146,23,1,5
2649,2146,23,2,6
2650,2146,23,1,2
2650,2146,23,2,5
2651,2146,23,1,0
2651,2146,23,2,4
2652,2146,23,1,3
2652,2146,23,2,7
2653,2146,23,1,2
2653,2146,23,2,7
2654,2146,23,1,5
2654,2146,23,2,7
2655,2146,23,1,2
2655,2146,23,2,4
2624,2146,24,1,1
2624,2146,24,2,6
2625,2146,24,1,0
2625,2146,24,2,3
2626,2146,24,1,1
2626,2146,24,2,7
2627,2146,24,1,0
2627,2146,24,2,2
2628,2146,24,1,6
2628,2146,24,2,7
2629,2146,24,1,0
2629,2146,24,2,1
2630,2146,24,1,2
2630,2146,24,2,5
2631,2146,24,1,3
2631,2146,24,2,5
2632,2146,24,1,0
2632,2146,24,2,5
2633,2146,24,1,4
2633,2146,24,2,6
2634,2146,24,1,2
2634,2146,24,2,3
2635,2146,24,1,2
2635,2146,24,2,7
2636,2146,24,1,4
2636,2146,24,2,5
2637,2146,24,1,0
2637,2146,24,2,3
2638,2146,24,1,2
2638,2146,24,2,6
2639,2146,24,1,4
2639,2146,24,2,7
2640,2146,24,1,1
2640,2146,24,2,3
2641,2146,24,1,0
2641,2146,24,2,4
2642,2146,24,1,6
2642,2146,24,2,7
2643,2146,24,1,1
2643,2146,24,2,2
2644,2146,24,1,0
2644,2146,24,2,1
2645,2146,24,1,1
2645,2146,24,2,2
2646,2146,24,1,0
2646,2146,24,2,4
2647,2146,24,1,0
2647,2146,24,2,1
2648,2146,24,1,3
2648,2146,24,2,5
2649,2146,24,1,2
2649,2146,24,2,7
2650,2146,24,1,0
2650,2146,24,2,1
2651,2146,24,1,1
2651,2146,24,2,6
2652,2146,24,1,4
2652,2146,24,2,5
2653,2146,24,1,5
2653,2146,24,2,6
2654,2146,24,1,2
2654,2146,24,2,6
2655,2146,24,1,5
2655,2146,24,2,6
2624,2146,25,1,1
2624,2146,25,2,4
2625,2146,25,1,1
2625,2146,25,2,6
2626,2146,25,1,1
2626,2146,25,2,2
2627,2146,25,1,1
2627,2146,25,2,7
2628,2146,25,1,1
2628,2146,25,2,2
2629,2146,25,1,1
2629,2146,25,2,4
2630,2146,25,1,1
2630,2146,25,2,7
2631,2146,25,1,3
2631,2146,25,2,6
2632,2146,25,1,2
2632,2146,25,2,4
2633,2146,25,1,4
2633,2146,25,2,7
2634,2146,25,1,5
2634,2146,25,2,6
2635,2146,25,1,1
2635,2146,25,2,2
2636,2146,25,1,5
2636,2146,25,2,6
2637,2146,25,1,1
2637,2146,25,2,5
2638,2146,25,1,1
2638,2146,25,2,2
2639,2146,25,1,0
2639,2146,25,2,1
2640,2146,25,1,5
2640,2146,25,2,6
2641,2146,25,1,0
2641,2146,25,2,5
2642,2146,25,1,1
2642,2146,25,2,6
2643,2146,25,1,1
2643,2146,25,2,7
2644,2146,25,1,0
2644,2146,25,2,5
2645,2146,25,1,1
2645,2146,25,2,3
2646,2146,25,1,0
2646,2146,25,2,7
2647,2146,25,1,1
2647,2146,25,2,3
2648,2146,25,1,4
2648,2146,25,2,6
2649,2146,25,1,0
2649,2146,25,2,3
2650,2146,25,1,0
2650,2146,25,2,3
2651,2146,25,1,5
2651,2146,25,2,6
2652,2146,25,1,4
2652,2146,25,2,6
2653,2146,25,1,4
2653,2146,25,2,6
2654,2146,25,1,0
2654,2146,25,2,7
2655,2146,25,1,1
2655,2146,25,2,4
2624,2146,26,1,1
2624,2146,26,2,4
2625,2146,26,1,3
2625,2146,26,2,6
2626,2146,26,1,1
2626,2146,26,2,5
2627,2146,26,1,2
2627,2146,26,2,3
2628,2146,26,1,0
2628,2146,26,2,1
2629,2146,26,1,5
2629,2146,26,2,7
2630,2146,26,1,1
2630,2146,26,2,7
2631,2146,26,1,0
2631,2146,26,2,7
2632,2146,26,1,1
2632,2146,26,2,2
2633,2146,26,1,2
2633,2146,26,2,7
2634,2146,26,1,0
2634,2146,26,2,1
2635,2146,26,1,1
2635,2146,26,2,4
2636,2146,26,1,0
2636,2146,26,2,1
2637,2146,26,1,0
2637,2146,26,2,6
2638,2146,26,1,2
2638,2146,26,2,6
2639,2146,26,1,2
2639,2146,26,2,4
2640,2146,26,1,0
2640,2146,26,2,1
2641,2146,26,1,3
2641,2146,26,2,7
2642,2146,26,1,5
2642,2146,26,2,6
2643,2146,26,1,4
2643,2146,26,2,6
2644,2146,26,1,0
2644,2146,26,2,1
2645,2146,26,1,2
2645,2146,26,2,6
2646,2146,26,1,0
2646,2146,26,2,4
2647,2146,26,1,0
2647,2146,26,2,7
2648,2146,26,1,1
2648,2146,26,2,3
2649,2146,26,1,5
2649,2146,26,2,7
2650,2146,26,1,1
2650,2146,26,2,2
2651,2146,26,1,0
2651,2146,26,2,5
2652,2146,26,1,0
2652,2146,26,2,4
2653,2146,26,1,0
2653,2146,26,2,6
2654,2146,26,1,2
2654,2146,26,2,7
2655,2146,26,1,1
2655,2146,26,2,2
2624,2146,27,1,1
2624,2146,27,2,3
2625,2146,27,1,4
2625,2146,27,2,5
2626,2146,27,1,2
2626,2146,27,2,5
2627,2146,27,1,6
2627,2146,27,2,7
2628,2146,27,1,3
2628,2146,27,2,6
2629,2146,27,1,0
2629,2146,27,2,2
2630,2146,27,1,1
2630,2146,27,2,5
2631,2146,27,1,0
2631,2146,27,2,5
2632,2146,27,1,3
2632,2146,27,2,4
2633,2146,27,1,3
2633,2146,27,2,5
2634,2146,27,1,2
2634,2146,27,2,4
2635,2146,27,1,4
2635,2146,27,2,7
2636,2146,27,1,4
2636,2146,27,2,7
2637,2146,27,1,1
2637,2146,27,2,6
2638,2146,27,1,4
2638,2146,27,2,5
2639,2146,27,1,1
2639,2146,27,2,4
2640,2146,27,1,1
2640,2146,27,2,3
2641,2146,27,1,1
2641,2146,27,2,5
2642,2146,27,1,1
2642,2146,27,2,3
2643,2146,27,1,6
2643,2146,27,2,7
2644,2146,27,1,1
2644,2146,27,2,6
2645,2146,27,1,0
2645,2146,27,2,2
2646,2146,27,1,6
2646,2146,27,2,7
2647,2146,27,1,2
2647,2146,27,2,7
2648,2146,27,1,5
2648,2146,27,2,6
2649,2146,27,1,0
2649,2146,27,2,2
2650,2146,27,1,2
2650,2146,27,2,7
2651,2146,27,1,2
2651,2146,27,2,6
2652,2146,27,1,0
2652,2146,27,2,4
2653,2146,27,1,1
2653,2146,27,2,2
2654,2146,27,1,1
2654,2146,27,2,2
2655,2146,27,1,5
2655,2146,27,2,7
2624,2146,28,1,0
2624,2146,28,2,7
2625,2146,28,1,2
2625,2146,28,2,3
2626,2146,28,1,1
2626,2146,28,2,7
2627,2146,28,1,1
2627,2146,28,2,2
2628,2146,28,1,3
2628,2146,28,2,5
2629,2146,28,1,2
2629,2146,28,2,7
2630,2146,28,1,1
2630,2146,28,2,6
2631,2146,28,1,2
2631,2146,28,2,4
2632,2146,28,1,2
2632,2146,28,2,4
2633,2146,28,1,0
2633,2146,28,2,1
2634,2146,28,1,1
2634,2146,28,2,4
2635,2146,28,1,5
2635,2146,28,2,6
2636,2146,28,1,3
2636,2146,28,2,6
2637,2146,28,1,1
2637,2146,28,2,3
2638,2146,28,1,1
2638,2146,28,2,4
2639,2146,28,1,6
2639,2146,28,2,7
2640,2146,28,1,0
2640,2146,28,2,5
2641,2146,28,1,4
2641,2146,28,2,7
2642,2146,28,1,1
2642,2146,28,2,5
2643,2146,28,1,1
2643,2146,28,2,4
2644,2146,28,1,2
2644,2146,28,2,7
2645,2146,28,1,4
2645,2146,28,2,7
2646,2146,28,1,5
2646,2146,28,2,7
2647,2146,28,1,0
2647,2146,28,2,5
2648,2146,28,1,3
2648,2146,28,2,6
2649,2146,28,1,2
2649,2146,28,2,3
2650,2146,28,1,0
2650,2146,28,2,3
2651,2146,28,1,0
2651,2146,28,2,4
2652,2146,28,1,0
2652,2146,28,2,7
2653,2146,28,1,0
2653,2146,28,2,5
2654,2146,28,1,0
2654,2146,28,2,6
2655,2146,28,1,1
2655,2146,28,2,3
2624,2146,29,1,0
2624,2146,29,2,3
2625,2146,29,1,2
2625,2146,29,2,5
2626,2146,29,1,2
2626,2146,29,2,4
2627,2146,29,1,3
2627,2146,29,2,6
2628,2146,29,1,1
2628,2146,29,2,7
2629,2146,29,1,2
2629,2146,29,2,6
2630,2146,29,1,3
2630,2146,29,2,7
2631,2146,29,1,2
2631,2146,29,2,6
2632,2146,29,1,2
2632,2146,29,2,6
2633,2146,29,1,1
2633,2146,29,2,2
2634,2146,29,1,4
2634,2146,29,2,5
2635,2146,29,1,2
2635,2146,29,2,4
2636,2146,29,1,3
2636,2146,29,2,5
2637,2146,29,1,4
2637,2146,29,2,5
2638,2146,29,1,0
2638,2146,29,2,3
2639,2146,29,1,1
2639,2146,29,2,6
2640,2146,29,1,3
2640,2146,29,2,5
2641,2146,29,1,0
2641,2146,29,2,7
2642,2146,29,1,1
2642,2146,29,2,6
2643,2146,29,1,3
2643,2146,29,2,6
2644,2146,29,1,2
2644,2146,29,2,7
2645,2146,29,1,2
2645,2146,29,2,3
2646,2146,29,1,3
2646,2146,29,2,4
2647,2146,29,1,4
2647,2146,29,2,7
2648,2146,29,1,2
2648,2146,29,2,5
2649,2146,29,1,1
2649,2146,29,2,3
2650,2146,29,1,0
2650,2146,29,2,7
2651,2146,29,1,0
2651,2146,29,2,5
2652,2146,29,1,0
2652,2146,29,2,5
2653,2146,29,1,0
2653,2146,29,2,2
2654,2146,29,1,1
2654,2146,29,2,7
2655,2146,29,1,0
2655,2146,29,2,2
2624,2146,30,1,0
2624,2146,30,2,2
2625,2146,30,1,1
2625,2146,30,2,7
2626,2146,30,1,4
2626,2146,30,2,5
2627,2146,30,1,0
2627,2146,30,2,3
2628,2146,30,1,4
2628,2146,30,2,6
2629,2146,30,1,4
2629,2146,30,2,5
2630,2146,30,1,1
2630,2146,30,2,4
2631,2146,30,1,1
2631,2146,30,2,3
2632,2146,30,1,0
2632,2146,30,2,6
2633,2146,30,1,3
2633,2146,30,2,4
2634,2146,30,1,1
2634,2146,30,2,2
2635,2146,30,1,5
2635,2146,30,2,7
2636,2146,30,1,3
2636,2146,30,2,5
2637,2146,30,1,0
2637,2146,30,2,7
2638,2146,30,1,3
2638,2146,30,2,7
2639,2146,30,1,2
2639,2146,30,2,5
2640,2146,30,1,0
2640,2146,30,2,7
2641,2146,30,1,0
2641,2146,30,2,5
2642,2146,30,1,0
2642,2146,30,2,6
2643,2146,30,1,0
2643,2146,30,2,5
2644,2146,30,1,4
2644,2146,30,2,5
2645,2146,30,1,5
2645,2146,30,2,6
2646,2146,30,1,0
2646,2146,30,2,7
2647,2146,30,1,0
2647,2146,30,2,2
2648,2146,30,1,6
2648,2146,30,2,7
2649,2146,30,1,3
2649,2146,30,2,7
2650,2146,30,1,2
2650,2146,30,2,7
2651,2146,30,1,0
2651,2146,30,2,6
2652,2146,30,1,1
2652,2146,30,2,7
2653,2146,30,1,1
2653,2146,30,2,4
2654,2146,30,1,0
2654,2146,30,2,6
2655,2146,30,1,3
2655,2146,30,2,7
2624,2146,31,1,3
2624,2146,31,2,6
2625,2146,31,1,1
2625,2146,31,2,6
2626,2146,31,1,0
2626,2146,31,2,4
2627,2146,31,1,6
2627,2146,31,2,7
2628,2146,31,1,2
2628,2146,31,2,7
2629,2146,31,1,1
2629,2146,31,2,6
2630,2146,31,1,3
2630,2146,31,2,4
2631,2146,31,1,0
2631,2146,31,2,5
2632,2146,31,1,2
2632,2146,31,2,7
2633,2146,31,1,0
2633,2146,31,2,4
2634,2146,31,1,0
2634,2146,31,2,1
2635,2146,31,1,4
2635,2146,31,2,7
2636,2146,31,1,4
2636,2146,31,2,5
2637,2146,31,1,0
2637,2146,31,2,6
2638,2146,31,1,6
2638,2146,31,2,7
2639,2146,31,1,1
2639,2146,31,2,4
2640,2146,31,1,3
2640,2146,31,2,7
2641,2146,31,1,3
2641,2146,31,2,7
2642,2146,31,1,1
2642,2146,31,2,7
2643,2146,31,1,4
2643,2146,31,2,6
2644,2146,31,1,1
2644,2146,31,2,5
2645,2146,31,1,2
2645,2146,31,2,5
2646,2146,31,1,1
2646,2146,31,2,4
2647,2146,31,1,5
2647,2146,31,2,7
2648,2146,31,1,2
2648,2146,31,2,3
2649,2146,31,1,0
2649,2146,31,2,1
2650,2146,31,1,4
2650,2146,31,2,7
2651,2146,31,1,1
2651,2146,31,2,7
2652,2146,31,1,0
2652,2146,31,2,4
2653,2146,31,1,2
2653,2146,31,2,3
2654,2146,31,1,2
2654,2146,31,2,4
2655,2146,31,1,4
2655,2146,31,2,5
