device_id,layer_id,operation,processor,start_time,end_time,duration
0,0,MoE_decoder_0,GPU,0,92027.7,92027.7
0,0,input_layer_norm,GPU,0,158.854,158.854
0,0,attention,GPU,158.854,17104.6,16945.7
0,0,attn_qkv_proj,GPU,158.854,4020.24,3861.38
0,0,Linear,GPU,158.854,4020.24,3861.38
0,0,self_attention,GPU,4020.24,9267.32,5247.08
0,0,AttentionSplit,GPU,4020.24,4020.24,0
0,0,AttentionSum,Logic,4020.24,4020.24,0
0,0,AttentionGen,Logic,4020.24,9267.32,5247.08
0,0,AttentionMerge,GPU,9267.32,9267.32,0
0,0,attn_o_proj,GPU,9267.32,11867.6,2600.32
0,0,Linear,GPU,9267.32,11867.6,2600.32
0,0,all_reduce,GPU,11867.6,17104.6,5236.91
0,0,residual_1,GPU,17104.6,17263.4,158.854
0,0,post_attn_layer_norm,GPU,17263.4,17422.3,158.854
0,0,expertFFN,GPU,17422.3,91868.8,74446.6
0,0,sync_0,GPU,17422.3,17422.3,0
0,0,sync__set,GPU,17422.3,17422.3,0
0,0,sync__,GPU,17422.3,17422.3,0
0,0,gate_fn,GPU,17422.3,17520.2,97.9093
0,0,Linear,GPU,17422.3,17520.2,97.9093
0,0,gate_update,GPU,17520.2,17520.2,0
0,0,moe_scatter,GPU,17520.2,17520.2,0
0,0,sync_for_moe_scatter,GPU,17520.2,17520.2,0
0,0,sync__set,GPU,17520.2,17520.2,0
0,0,sync__,GPU,17520.2,17520.2,0
0,0,moe_route,GPU,17520.2,17520.2,0
0,0,expert_FFN_0,GPU,17520.2,47139.5,29619.3
0,0,gate_proj,GPU,17520.2,27374,9853.86
0,0,Linear,Logic,17520.2,27374,9853.86
0,0,activation,Logic,27374,27431.8,57.7375
0,0,up_proj,GPU,27431.8,37285.6,9853.86
0,0,Linear,Logic,27431.8,37285.6,9853.86
0,0,down_proj,GPU,37285.6,47139.5,9853.86
0,0,Linear,Logic,37285.6,47139.5,9853.86
0,0,expert_FFN_1,GPU,47139.5,73489.8,26350.3
0,0,gate_proj,GPU,47139.5,55912.2,8772.74
0,0,Linear,Logic,47139.5,55912.2,8772.74
0,0,activation,Logic,55912.2,55944.3,32.0764
0,0,up_proj,GPU,55944.3,64717,8772.74
0,0,Linear,Logic,55944.3,64717,8772.74
0,0,down_proj,GPU,64717,73489.8,8772.74
0,0,Linear,Logic,64717,73489.8,8772.74
0,0,sync_2,GPU,73489.8,86631.9,13142.1
0,0,sync__set,GPU,73489.8,73489.8,0
0,0,sync__,GPU,73489.8,86631.9,13142.1
0,0,moe_all_reduce_for_e_tp,GPU,86631.9,86631.9,0
0,0,sync_3,GPU,86631.9,86631.9,0
0,0,sync__set,GPU,86631.9,86631.9,0
0,0,sync__,GPU,86631.9,86631.9,0
0,0,moe_gather,GPU,86631.9,86631.9,0
0,0,sync_for_moe_gather,GPU,86631.9,86631.9,0
0,0,sync__set,GPU,86631.9,86631.9,0
0,0,sync__,GPU,86631.9,86631.9,0
0,0,moe_all_reduce_for_gather,GPU,86631.9,91868.8,5236.91
0,0,sync_5,GPU,91868.8,91868.8,0
0,0,sync__set,GPU,91868.8,91868.8,0
0,0,sync__,GPU,91868.8,91868.8,0
0,0,sync_6,GPU,91868.8,91868.8,0
0,0,sync__set,GPU,91868.8,91868.8,0
0,0,sync__,GPU,91868.8,91868.8,0
0,0,residual_2,GPU,91868.8,92027.7,158.854
0,1,MoE_decoder_1,GPU,92027.7,184092,92064.3
0,1,input_layer_norm,GPU,92027.7,92186.5,158.854
0,1,attention,GPU,92186.5,109132,16945.7
0,1,attn_qkv_proj,GPU,92186.5,96047.9,3861.38
0,1,Linear,GPU,92186.5,96047.9,3861.38
0,1,self_attention,GPU,96047.9,101295,5247.08
0,1,AttentionSplit,GPU,96047.9,96047.9,0
0,1,AttentionSum,Logic,96047.9,96047.9,0
0,1,AttentionGen,Logic,96047.9,101295,5247.08
0,1,AttentionMerge,GPU,101295,101295,0
0,1,attn_o_proj,GPU,101295,103895,2600.32
0,1,Linear,GPU,101295,103895,2600.32
0,1,all_reduce,GPU,103895,109132,5236.91
0,1,residual_1,GPU,109132,109291,158.854
0,1,post_attn_layer_norm,GPU,109291,109450,158.854
0,1,expertFFN,GPU,109450,183933,74483.2
0,1,sync_0,GPU,109450,109450,0
0,1,sync__set,GPU,109450,109450,0
0,1,sync__,GPU,109450,109450,0
0,1,gate_fn,GPU,109450,109548,97.9093
0,1,Linear,GPU,109450,109548,97.9093
0,1,gate_update,GPU,109548,109548,0
0,1,moe_scatter,GPU,109548,109548,0
0,1,sync_for_moe_scatter,GPU,109548,109548,0
0,1,sync__set,GPU,109548,109548,0
0,1,sync__,GPU,109548,109548,0
0,1,moe_route,GPU,109548,109548,0
0,1,expert_FFN_0,GPU,109548,139167,29619.3
0,1,gate_proj,GPU,109548,119402,9853.86
0,1,Linear,Logic,109548,119402,9853.86
0,1,activation,Logic,119402,119459,57.7375
0,1,up_proj,GPU,119459,129313,9853.86
0,1,Linear,Logic,119459,129313,9853.86
0,1,down_proj,GPU,129313,139167,9853.86
0,1,Linear,Logic,129313,139167,9853.86
0,1,expert_FFN_1,GPU,139167,165517,26350.3
0,1,gate_proj,GPU,139167,147940,8772.74
0,1,Linear,Logic,139167,147940,8772.74
0,1,activation,Logic,147940,147972,32.0764
0,1,up_proj,GPU,147972,156745,8772.74
0,1,Linear,Logic,147972,156745,8772.74
0,1,down_proj,GPU,156745,165517,8772.74
0,1,Linear,Logic,156745,165517,8772.74
0,1,sync_2,GPU,165517,178696,13178.8
0,1,sync__set,GPU,165517,165517,0
0,1,sync__,GPU,165517,178696,13178.8
0,1,moe_all_reduce_for_e_tp,GPU,178696,178696,0
0,1,sync_3,GPU,178696,178696,0
0,1,sync__set,GPU,178696,178696,0
0,1,sync__,GPU,178696,178696,0
0,1,moe_gather,GPU,178696,178696,0
0,1,sync_for_moe_gather,GPU,178696,178696,0
0,1,sync__set,GPU,178696,178696,0
0,1,sync__,GPU,178696,178696,0
0,1,moe_all_reduce_for_gather,GPU,178696,183933,5236.91
0,1,sync_5,GPU,183933,183933,0
0,1,sync__set,GPU,183933,183933,0
0,1,sync__,GPU,183933,183933,0
0,1,sync_6,GPU,183933,183933,0
0,1,sync__set,GPU,183933,183933,0
0,1,sync__,GPU,183933,183933,0
0,1,residual_2,GPU,183933,184092,158.854
0,2,MoE_decoder_2,GPU,184092,282768,98675.7
0,2,input_layer_norm,GPU,184092,184251,158.854
0,2,attention,GPU,184251,201197,16945.7
0,2,attn_qkv_proj,GPU,184251,188112,3861.38
0,2,Linear,GPU,184251,188112,3861.38
0,2,self_attention,GPU,188112,193359,5247.08
0,2,AttentionSplit,GPU,188112,188112,0
0,2,AttentionSum,Logic,188112,188112,0
0,2,AttentionGen,Logic,188112,193359,5247.08
0,2,AttentionMerge,GPU,193359,193359,0
0,2,attn_o_proj,GPU,193359,195960,2600.32
0,2,Linear,GPU,193359,195960,2600.32
0,2,all_reduce,GPU,195960,201197,5236.91
0,2,residual_1,GPU,201197,201355,158.854
0,2,post_attn_layer_norm,GPU,201355,201514,158.854
0,2,expertFFN,GPU,201514,282609,81094.6
0,2,sync_0,GPU,201514,201514,0
0,2,sync__set,GPU,201514,201514,0
0,2,sync__,GPU,201514,201514,0
0,2,gate_fn,GPU,201514,201612,97.9093
0,2,Linear,GPU,201514,201612,97.9093
0,2,gate_update,GPU,201612,201612,0
0,2,moe_scatter,GPU,201612,201612,0
0,2,sync_for_moe_scatter,GPU,201612,201612,0
0,2,sync__set,GPU,201612,201612,0
0,2,sync__,GPU,201612,201612,0
0,2,moe_route,GPU,201612,201612,0
0,2,expert_FFN_0,GPU,201612,227962,26350.3
0,2,gate_proj,GPU,201612,210385,8772.74
0,2,Linear,Logic,201612,210385,8772.74
0,2,activation,Logic,210385,210417,32.0764
0,2,up_proj,GPU,210417,219190,8772.74
0,2,Linear,Logic,210417,219190,8772.74
0,2,down_proj,GPU,219190,227962,8772.74
0,2,Linear,Logic,219190,227962,8772.74
0,2,expert_FFN_1,GPU,227962,257582,29619.3
0,2,gate_proj,GPU,227962,237816,9853.86
0,2,Linear,Logic,227962,237816,9853.86
0,2,activation,Logic,237816,237874,57.7375
0,2,up_proj,GPU,237874,247728,9853.86
0,2,Linear,Logic,237874,247728,9853.86
0,2,down_proj,GPU,247728,257582,9853.86
0,2,Linear,Logic,247728,257582,9853.86
0,2,sync_2,GPU,257582,277372,19790.2
0,2,sync__set,GPU,257582,257582,0
0,2,sync__,GPU,257582,277372,19790.2
0,2,moe_all_reduce_for_e_tp,GPU,277372,277372,0
0,2,sync_3,GPU,277372,277372,0
0,2,sync__set,GPU,277372,277372,0
0,2,sync__,GPU,277372,277372,0
0,2,moe_gather,GPU,277372,277372,0
0,2,sync_for_moe_gather,GPU,277372,277372,0
0,2,sync__set,GPU,277372,277372,0
0,2,sync__,GPU,277372,277372,0
0,2,moe_all_reduce_for_gather,GPU,277372,282609,5236.91
0,2,sync_5,GPU,282609,282609,0
0,2,sync__set,GPU,282609,282609,0
0,2,sync__,GPU,282609,282609,0
0,2,sync_6,GPU,282609,282609,0
0,2,sync__set,GPU,282609,282609,0
0,2,sync__,GPU,282609,282609,0
0,2,residual_2,GPU,282609,282768,158.854
0,3,MoE_decoder_3,GPU,282768,384669,101901
0,3,input_layer_norm,GPU,282768,282927,158.854
0,3,attention,GPU,282927,299872,16945.7
0,3,attn_qkv_proj,GPU,282927,286788,3861.38
0,3,Linear,GPU,282927,286788,3861.38
0,3,self_attention,GPU,286788,292035,5247.08
0,3,AttentionSplit,GPU,286788,286788,0
0,3,AttentionSum,Logic,286788,286788,0
0,3,AttentionGen,Logic,286788,292035,5247.08
0,3,AttentionMerge,GPU,292035,292035,0
0,3,attn_o_proj,GPU,292035,294635,2600.32
0,3,Linear,GPU,292035,294635,2600.32
0,3,all_reduce,GPU,294635,299872,5236.91
0,3,residual_1,GPU,299872,300031,158.854
0,3,post_attn_layer_norm,GPU,300031,300190,158.854
0,3,expertFFN,GPU,300190,384510,84319.7
0,3,sync_0,GPU,300190,300190,0
0,3,sync__set,GPU,300190,300190,0
0,3,sync__,GPU,300190,300190,0
0,3,gate_fn,GPU,300190,300288,97.9093
0,3,Linear,GPU,300190,300288,97.9093
0,3,gate_update,GPU,300288,300288,0
0,3,moe_scatter,GPU,300288,300288,0
0,3,sync_for_moe_scatter,GPU,300288,300288,0
0,3,sync__set,GPU,300288,300288,0
0,3,sync__,GPU,300288,300288,0
0,3,moe_route,GPU,300288,300288,0
0,3,expert_FFN_0,GPU,300288,329907,29619.3
0,3,gate_proj,GPU,300288,310142,9853.86
0,3,Linear,Logic,300288,310142,9853.86
0,3,activation,Logic,310142,310200,57.7375
0,3,up_proj,GPU,310200,320053,9853.86
0,3,Linear,Logic,310200,320053,9853.86
0,3,down_proj,GPU,320053,329907,9853.86
0,3,Linear,Logic,320053,329907,9853.86
0,3,expert_FFN_1,GPU,329907,356243,26335.6
0,3,gate_proj,GPU,329907,338677,8769.99
0,3,Linear,Logic,329907,338677,8769.99
0,3,activation,Logic,338677,338703,25.6611
0,3,up_proj,GPU,338703,347473,8769.99
0,3,Linear,Logic,338703,347473,8769.99
0,3,down_proj,GPU,347473,356243,8769.99
0,3,Linear,Logic,347473,356243,8769.99
0,3,sync_2,GPU,356243,379273,23029.9
0,3,sync__set,GPU,356243,356243,0
0,3,sync__,GPU,356243,379273,23029.9
0,3,moe_all_reduce_for_e_tp,GPU,379273,379273,0
0,3,sync_3,GPU,379273,379273,0
0,3,sync__set,GPU,379273,379273,0
0,3,sync__,GPU,379273,379273,0
0,3,moe_gather,GPU,379273,379273,0
0,3,sync_for_moe_gather,GPU,379273,379273,0
0,3,sync__set,GPU,379273,379273,0
0,3,sync__,GPU,379273,379273,0
0,3,moe_all_reduce_for_gather,GPU,379273,384510,5236.91
0,3,sync_5,GPU,384510,384510,0
0,3,sync__set,GPU,384510,384510,0
0,3,sync__,GPU,384510,384510,0
0,3,sync_6,GPU,384510,384510,0
0,3,sync__set,GPU,384510,384510,0
0,3,sync__,GPU,384510,384510,0
0,3,residual_2,GPU,384510,384669,158.854
0,4,MoE_decoder_4,GPU,384669,473405,88736.6
0,4,input_layer_norm,GPU,384669,384827,158.854
0,4,attention,GPU,384827,401773,16945.7
0,4,attn_qkv_proj,GPU,384827,388689,3861.38
0,4,Linear,GPU,384827,388689,3861.38
0,4,self_attention,GPU,388689,393936,5247.08
0,4,AttentionSplit,GPU,388689,388689,0
0,4,AttentionSum,Logic,388689,388689,0
0,4,AttentionGen,Logic,388689,393936,5247.08
0,4,AttentionMerge,GPU,393936,393936,0
0,4,attn_o_proj,GPU,393936,396536,2600.32
0,4,Linear,GPU,393936,396536,2600.32
0,4,all_reduce,GPU,396536,401773,5236.91
0,4,residual_1,GPU,401773,401932,158.854
0,4,post_attn_layer_norm,GPU,401932,402091,158.854
0,4,expertFFN,GPU,402091,473246,71155.5
0,4,sync_0,GPU,402091,402091,0
0,4,sync__set,GPU,402091,402091,0
0,4,sync__,GPU,402091,402091,0
0,4,gate_fn,GPU,402091,402189,97.9093
0,4,Linear,GPU,402091,402189,97.9093
0,4,gate_update,GPU,402189,402189,0
0,4,moe_scatter,GPU,402189,402189,0
0,4,sync_for_moe_scatter,GPU,402189,402189,0
0,4,sync__set,GPU,402189,402189,0
0,4,sync__,GPU,402189,402189,0
0,4,moe_route,GPU,402189,402189,0
0,4,expert_FFN_0,GPU,402189,428539,26350.3
0,4,gate_proj,GPU,402189,410961,8772.74
0,4,Linear,Logic,402189,410961,8772.74
0,4,activation,Logic,410961,410994,32.0764
0,4,up_proj,GPU,410994,419766,8772.74
0,4,Linear,Logic,410994,419766,8772.74
0,4,down_proj,GPU,419766,428539,8772.74
0,4,Linear,Logic,419766,428539,8772.74
0,4,expert_FFN_1,GPU,428539,464740,36201.4
0,4,gate_proj,GPU,428539,440583,12043.6
0,4,Linear,Logic,428539,440583,12043.6
0,4,activation,Logic,440583,440653,70.568
0,4,up_proj,GPU,440653,452697,12043.6
0,4,Linear,Logic,440653,452697,12043.6
0,4,down_proj,GPU,452697,464740,12043.6
0,4,Linear,Logic,452697,464740,12043.6
0,4,sync_2,GPU,464740,468009,3269.04
0,4,sync__set,GPU,464740,464740,0
0,4,sync__,GPU,464740,468009,3269.04
0,4,moe_all_reduce_for_e_tp,GPU,468009,468009,0
0,4,sync_3,GPU,468009,468009,0
0,4,sync__set,GPU,468009,468009,0
0,4,sync__,GPU,468009,468009,0
0,4,moe_gather,GPU,468009,468009,0
0,4,sync_for_moe_gather,GPU,468009,468009,0
0,4,sync__set,GPU,468009,468009,0
0,4,sync__,GPU,468009,468009,0
0,4,moe_all_reduce_for_gather,GPU,468009,473246,5236.91
0,4,sync_5,GPU,473246,473246,0
0,4,sync__set,GPU,473246,473246,0
0,4,sync__,GPU,473246,473246,0
0,4,sync_6,GPU,473246,473246,0
0,4,sync__set,GPU,473246,473246,0
0,4,sync__,GPU,473246,473246,0
0,4,residual_2,GPU,473246,473405,158.854
0,5,MoE_decoder_5,GPU,473405,565433,92027.7
0,5,input_layer_norm,GPU,473405,473564,158.854
0,5,attention,GPU,473564,490510,16945.7
0,5,attn_qkv_proj,GPU,473564,477425,3861.38
0,5,Linear,GPU,473564,477425,3861.38
0,5,self_attention,GPU,477425,482673,5247.08
0,5,AttentionSplit,GPU,477425,477425,0
0,5,AttentionSum,Logic,477425,477425,0
0,5,AttentionGen,Logic,477425,482673,5247.08
0,5,AttentionMerge,GPU,482673,482673,0
0,5,attn_o_proj,GPU,482673,485273,2600.32
0,5,Linear,GPU,482673,485273,2600.32
0,5,all_reduce,GPU,485273,490510,5236.91
0,5,residual_1,GPU,490510,490669,158.854
0,5,post_attn_layer_norm,GPU,490669,490827,158.854
0,5,expertFFN,GPU,490827,565274,74446.6
0,5,sync_0,GPU,490827,490827,0
0,5,sync__set,GPU,490827,490827,0
0,5,sync__,GPU,490827,490827,0
0,5,gate_fn,GPU,490827,490925,97.9093
0,5,Linear,GPU,490827,490925,97.9093
0,5,gate_update,GPU,490925,490925,0
0,5,moe_scatter,GPU,490925,490925,0
0,5,sync_for_moe_scatter,GPU,490925,490925,0
0,5,sync__set,GPU,490925,490925,0
0,5,sync__,GPU,490925,490925,0
0,5,moe_route,GPU,490925,490925,0
0,5,expert_FFN_0,GPU,490925,523836,32910.4
0,5,gate_proj,GPU,490925,501874,10948.7
0,5,Linear,Logic,490925,501874,10948.7
0,5,activation,Logic,501874,501938,64.1527
0,5,up_proj,GPU,501938,512887,10948.7
0,5,Linear,Logic,501938,512887,10948.7
0,5,down_proj,GPU,512887,523836,10948.7
0,5,Linear,Logic,512887,523836,10948.7
0,5,expert_FFN_1,GPU,523836,550186,26350.3
0,5,gate_proj,GPU,523836,532608,8772.74
0,5,Linear,Logic,523836,532608,8772.74
0,5,activation,Logic,532608,532641,32.0764
0,5,up_proj,GPU,532641,541413,8772.74
0,5,Linear,Logic,532641,541413,8772.74
0,5,down_proj,GPU,541413,550186,8772.74
0,5,Linear,Logic,541413,550186,8772.74
0,5,sync_2,GPU,550186,560037,9851.11
0,5,sync__set,GPU,550186,550186,0
0,5,sync__,GPU,550186,560037,9851.11
0,5,moe_all_reduce_for_e_tp,GPU,560037,560037,0
0,5,sync_3,GPU,560037,560037,0
0,5,sync__set,GPU,560037,560037,0
0,5,sync__,GPU,560037,560037,0
0,5,moe_gather,GPU,560037,560037,0
0,5,sync_for_moe_gather,GPU,560037,560037,0
0,5,sync__set,GPU,560037,560037,0
0,5,sync__,GPU,560037,560037,0
0,5,moe_all_reduce_for_gather,GPU,560037,565274,5236.91
0,5,sync_5,GPU,565274,565274,0
0,5,sync__set,GPU,565274,565274,0
0,5,sync__,GPU,565274,565274,0
0,5,sync_6,GPU,565274,565274,0
0,5,sync__set,GPU,565274,565274,0
0,5,sync__,GPU,565274,565274,0
0,5,residual_2,GPU,565274,565433,158.854
0,6,MoE_decoder_6,GPU,565433,664043,98609.8
0,6,input_layer_norm,GPU,565433,565592,158.854
0,6,attention,GPU,565592,582537,16945.7
0,6,attn_qkv_proj,GPU,565592,569453,3861.38
0,6,Linear,GPU,565592,569453,3861.38
0,6,self_attention,GPU,569453,574700,5247.08
0,6,AttentionSplit,GPU,569453,569453,0
0,6,AttentionSum,Logic,569453,569453,0
0,6,AttentionGen,Logic,569453,574700,5247.08
0,6,AttentionMerge,GPU,574700,574700,0
0,6,attn_o_proj,GPU,574700,577301,2600.32
0,6,Linear,GPU,574700,577301,2600.32
0,6,all_reduce,GPU,577301,582537,5236.91
0,6,residual_1,GPU,582537,582696,158.854
0,6,post_attn_layer_norm,GPU,582696,582855,158.854
0,6,expertFFN,GPU,582855,663884,81028.6
0,6,sync_0,GPU,582855,582855,0
0,6,sync__set,GPU,582855,582855,0
0,6,sync__,GPU,582855,582855,0
0,6,gate_fn,GPU,582855,582953,97.9093
0,6,Linear,GPU,582855,582953,97.9093
0,6,gate_update,GPU,582953,582953,0
0,6,moe_scatter,GPU,582953,582953,0
0,6,sync_for_moe_scatter,GPU,582953,582953,0
0,6,sync__set,GPU,582953,582953,0
0,6,sync__,GPU,582953,582953,0
0,6,moe_route,GPU,582953,582953,0
0,6,expert_FFN_0,GPU,582953,612572,29619.3
0,6,gate_proj,GPU,582953,592807,9853.86
0,6,Linear,Logic,582953,592807,9853.86
0,6,activation,Logic,592807,592865,57.7375
0,6,up_proj,GPU,592865,602719,9853.86
0,6,Linear,Logic,592865,602719,9853.86
0,6,down_proj,GPU,602719,612572,9853.86
0,6,Linear,Logic,602719,612572,9853.86
0,6,expert_FFN_1,GPU,612572,638952,26379.6
0,6,gate_proj,GPU,612572,621351,8778.23
0,6,Linear,Logic,612572,621351,8778.23
0,6,activation,Logic,621351,621396,44.9069
0,6,up_proj,GPU,621396,630174,8778.23
0,6,Linear,Logic,621396,630174,8778.23
0,6,down_proj,GPU,630174,638952,8778.23
0,6,Linear,Logic,630174,638952,8778.23
0,6,sync_2,GPU,638952,658647,19694.9
0,6,sync__set,GPU,638952,638952,0
0,6,sync__,GPU,638952,658647,19694.9
0,6,moe_all_reduce_for_e_tp,GPU,658647,658647,0
0,6,sync_3,GPU,658647,658647,0
0,6,sync__set,GPU,658647,658647,0
0,6,sync__,GPU,658647,658647,0
0,6,moe_gather,GPU,658647,658647,0
0,6,sync_for_moe_gather,GPU,658647,658647,0
0,6,sync__set,GPU,658647,658647,0
0,6,sync__,GPU,658647,658647,0
0,6,moe_all_reduce_for_gather,GPU,658647,663884,5236.91
0,6,sync_5,GPU,663884,663884,0
0,6,sync__set,GPU,663884,663884,0
0,6,sync__,GPU,663884,663884,0
0,6,sync_6,GPU,663884,663884,0
0,6,sync__set,GPU,663884,663884,0
0,6,sync__,GPU,663884,663884,0
0,6,residual_2,GPU,663884,664043,158.854
0,7,MoE_decoder_7,GPU,664043,752779,88736.6
0,7,input_layer_norm,GPU,664043,664202,158.854
0,7,attention,GPU,664202,681147,16945.7
0,7,attn_qkv_proj,GPU,664202,668063,3861.38
0,7,Linear,GPU,664202,668063,3861.38
0,7,self_attention,GPU,668063,673310,5247.08
0,7,AttentionSplit,GPU,668063,668063,0
0,7,AttentionSum,Logic,668063,668063,0
0,7,AttentionGen,Logic,668063,673310,5247.08
0,7,AttentionMerge,GPU,673310,673310,0
0,7,attn_o_proj,GPU,673310,675910,2600.32
0,7,Linear,GPU,673310,675910,2600.32
0,7,all_reduce,GPU,675910,681147,5236.91
0,7,residual_1,GPU,681147,681306,158.854
0,7,post_attn_layer_norm,GPU,681306,681465,158.854
0,7,expertFFN,GPU,681465,752620,71155.5
0,7,sync_0,GPU,681465,681465,0
0,7,sync__set,GPU,681465,681465,0
0,7,sync__,GPU,681465,681465,0
0,7,gate_fn,GPU,681465,681563,97.9093
0,7,Linear,GPU,681465,681563,97.9093
0,7,gate_update,GPU,681563,681563,0
0,7,moe_scatter,GPU,681563,681563,0
0,7,sync_for_moe_scatter,GPU,681563,681563,0
0,7,sync__set,GPU,681563,681563,0
0,7,sync__,GPU,681563,681563,0
0,7,moe_route,GPU,681563,681563,0
0,7,expert_FFN_0,GPU,681563,717764,36201.4
0,7,gate_proj,GPU,681563,693606,12043.6
0,7,Linear,Logic,681563,693606,12043.6
0,7,activation,Logic,693606,693677,70.568
0,7,up_proj,GPU,693677,705721,12043.6
0,7,Linear,Logic,693677,705721,12043.6
0,7,down_proj,GPU,705721,717764,12043.6
0,7,Linear,Logic,705721,717764,12043.6
0,7,expert_FFN_1,GPU,717764,747384,29619.3
0,7,gate_proj,GPU,717764,727618,9853.86
0,7,Linear,Logic,717764,727618,9853.86
0,7,activation,Logic,727618,727676,57.7375
0,7,up_proj,GPU,727676,737530,9853.86
0,7,Linear,Logic,727676,737530,9853.86
0,7,down_proj,GPU,737530,747384,9853.86
0,7,Linear,Logic,737530,747384,9853.86
0,7,sync_2,GPU,747384,747384,0
0,7,sync__set,GPU,747384,747384,0
0,7,sync__,GPU,747384,747384,0
0,7,moe_all_reduce_for_e_tp,GPU,747384,747384,0
0,7,sync_3,GPU,747384,747384,0
0,7,sync__set,GPU,747384,747384,0
0,7,sync__,GPU,747384,747384,0
0,7,moe_gather,GPU,747384,747384,0
0,7,sync_for_moe_gather,GPU,747384,747384,0
0,7,sync__set,GPU,747384,747384,0
0,7,sync__,GPU,747384,747384,0
0,7,moe_all_reduce_for_gather,GPU,747384,752620,5236.91
0,7,sync_5,GPU,752620,752620,0
0,7,sync__set,GPU,752620,752620,0
0,7,sync__,GPU,752620,752620,0
0,7,sync_6,GPU,752620,752620,0
0,7,sync__set,GPU,752620,752620,0
0,7,sync__,GPU,752620,752620,0
0,7,residual_2,GPU,752620,752779,158.854
0,8,MoE_decoder_8,GPU,752779,851389,98609.8
0,8,input_layer_norm,GPU,752779,752938,158.854
0,8,attention,GPU,752938,769884,16945.7
0,8,attn_qkv_proj,GPU,752938,756800,3861.38
0,8,Linear,GPU,752938,756800,3861.38
0,8,self_attention,GPU,756800,762047,5247.08
0,8,AttentionSplit,GPU,756800,756800,0
0,8,AttentionSum,Logic,756800,756800,0
0,8,AttentionGen,Logic,756800,762047,5247.08
0,8,AttentionMerge,GPU,762047,762047,0
0,8,attn_o_proj,GPU,762047,764647,2600.32
0,8,Linear,GPU,762047,764647,2600.32
0,8,all_reduce,GPU,764647,769884,5236.91
0,8,residual_1,GPU,769884,770043,158.854
0,8,post_attn_layer_norm,GPU,770043,770202,158.854
0,8,expertFFN,GPU,770202,851230,81028.6
0,8,sync_0,GPU,770202,770202,0
0,8,sync__set,GPU,770202,770202,0
0,8,sync__,GPU,770202,770202,0
0,8,gate_fn,GPU,770202,770299,97.9093
0,8,Linear,GPU,770202,770299,97.9093
0,8,gate_update,GPU,770299,770299,0
0,8,moe_scatter,GPU,770299,770299,0
0,8,sync_for_moe_scatter,GPU,770299,770299,0
0,8,sync__set,GPU,770299,770299,0
0,8,sync__,GPU,770299,770299,0
0,8,moe_route,GPU,770299,770299,0
0,8,expert_FFN_0,GPU,770299,813083,42783.5
0,8,gate_proj,GPU,770299,784533,14233.4
0,8,Linear,Logic,770299,784533,14233.4
0,8,activation,Logic,784533,784616,83.3986
0,8,up_proj,GPU,784616,798850,14233.4
0,8,Linear,Logic,784616,798850,14233.4
0,8,down_proj,GPU,798850,813083,14233.4
0,8,Linear,Logic,798850,813083,14233.4
0,8,expert_FFN_1,GPU,813083,845993,32910.4
0,8,gate_proj,GPU,813083,824032,10948.7
0,8,Linear,Logic,813083,824032,10948.7
0,8,activation,Logic,824032,824096,64.1527
0,8,up_proj,GPU,824096,835045,10948.7
0,8,Linear,Logic,824096,835045,10948.7
0,8,down_proj,GPU,835045,845993,10948.7
0,8,Linear,Logic,835045,845993,10948.7
0,8,sync_2,GPU,845993,845993,0
0,8,sync__set,GPU,845993,845993,0
0,8,sync__,GPU,845993,845993,0
0,8,moe_all_reduce_for_e_tp,GPU,845993,845993,0
0,8,sync_3,GPU,845993,845993,0
0,8,sync__set,GPU,845993,845993,0
0,8,sync__,GPU,845993,845993,0
0,8,moe_gather,GPU,845993,845993,0
0,8,sync_for_moe_gather,GPU,845993,845993,0
0,8,sync__set,GPU,845993,845993,0
0,8,sync__,GPU,845993,845993,0
0,8,moe_all_reduce_for_gather,GPU,845993,851230,5236.91
0,8,sync_5,GPU,851230,851230,0
0,8,sync__set,GPU,851230,851230,0
0,8,sync__,GPU,851230,851230,0
0,8,sync_6,GPU,851230,851230,0
0,8,sync__set,GPU,851230,851230,0
0,8,sync__,GPU,851230,851230,0
0,8,residual_2,GPU,851230,851389,158.854
0,9,MoE_decoder_9,GPU,851389,933580,82191.2
0,9,input_layer_norm,GPU,851389,851548,158.854
0,9,attention,GPU,851548,868494,16945.7
0,9,attn_qkv_proj,GPU,851548,855409,3861.38
0,9,Linear,GPU,851548,855409,3861.38
0,9,self_attention,GPU,855409,860656,5247.08
0,9,AttentionSplit,GPU,855409,855409,0
0,9,AttentionSum,Logic,855409,855409,0
0,9,AttentionGen,Logic,855409,860656,5247.08
0,9,AttentionMerge,GPU,860656,860656,0
0,9,attn_o_proj,GPU,860656,863257,2600.32
0,9,Linear,GPU,860656,863257,2600.32
0,9,all_reduce,GPU,863257,868494,5236.91
0,9,residual_1,GPU,868494,868652,158.854
0,9,post_attn_layer_norm,GPU,868652,868811,158.854
0,9,expertFFN,GPU,868811,933421,64610.1
0,9,sync_0,GPU,868811,868811,0
0,9,sync__set,GPU,868811,868811,0
0,9,sync__,GPU,868811,868811,0
0,9,gate_fn,GPU,868811,868909,97.9093
0,9,Linear,GPU,868811,868909,97.9093
0,9,gate_update,GPU,868909,868909,0
0,9,moe_scatter,GPU,868909,868909,0
0,9,sync_for_moe_scatter,GPU,868909,868909,0
0,9,sync__set,GPU,868909,868909,0
0,9,sync__,GPU,868909,868909,0
0,9,moe_route,GPU,868909,868909,0
0,9,expert_FFN_0,GPU,868909,898529,29619.3
0,9,gate_proj,GPU,868909,878763,9853.86
0,9,Linear,Logic,868909,878763,9853.86
0,9,activation,Logic,878763,878821,57.7375
0,9,up_proj,GPU,878821,888675,9853.86
0,9,Linear,Logic,878821,888675,9853.86
0,9,down_proj,GPU,888675,898529,9853.86
0,9,Linear,Logic,888675,898529,9853.86
0,9,expert_FFN_1,GPU,898529,924923,26394.3
0,9,gate_proj,GPU,898529,907310,8780.98
0,9,Linear,Logic,898529,907310,8780.98
0,9,activation,Logic,907310,907361,51.3222
0,9,up_proj,GPU,907361,916142,8780.98
0,9,Linear,Logic,907361,916142,8780.98
0,9,down_proj,GPU,916142,924923,8780.98
0,9,Linear,Logic,916142,924923,8780.98
0,9,sync_2,GPU,924923,928185,3261.71
0,9,sync__set,GPU,924923,924923,0
0,9,sync__,GPU,924923,928185,3261.71
0,9,moe_all_reduce_for_e_tp,GPU,928185,928185,0
0,9,sync_3,GPU,928185,928185,0
0,9,sync__set,GPU,928185,928185,0
0,9,sync__,GPU,928185,928185,0
0,9,moe_gather,GPU,928185,928185,0
0,9,sync_for_moe_gather,GPU,928185,928185,0
0,9,sync__set,GPU,928185,928185,0
0,9,sync__,GPU,928185,928185,0
0,9,moe_all_reduce_for_gather,GPU,928185,933421,5236.91
0,9,sync_5,GPU,933421,933421,0
0,9,sync__set,GPU,933421,933421,0
0,9,sync__,GPU,933421,933421,0
0,9,sync_6,GPU,933421,933421,0
0,9,sync__set,GPU,933421,933421,0
0,9,sync__,GPU,933421,933421,0
0,9,residual_2,GPU,933421,933580,158.854
0,10,MoE_decoder_10,GPU,933580,1.02235e+06,88773.3
0,10,input_layer_norm,GPU,933580,933739,158.854
0,10,attention,GPU,933739,950685,16945.7
0,10,attn_qkv_proj,GPU,933739,937601,3861.38
0,10,Linear,GPU,933739,937601,3861.38
0,10,self_attention,GPU,937601,942848,5247.08
0,10,AttentionSplit,GPU,937601,937601,0
0,10,AttentionSum,Logic,937601,937601,0
0,10,AttentionGen,Logic,937601,942848,5247.08
0,10,AttentionMerge,GPU,942848,942848,0
0,10,attn_o_proj,GPU,942848,945448,2600.32
0,10,Linear,GPU,942848,945448,2600.32
0,10,all_reduce,GPU,945448,950685,5236.91
0,10,residual_1,GPU,950685,950844,158.854
0,10,post_attn_layer_norm,GPU,950844,951003,158.854
0,10,expertFFN,GPU,951003,1.02219e+06,71192.2
0,10,sync_0,GPU,951003,951003,0
0,10,sync__set,GPU,951003,951003,0
0,10,sync__,GPU,951003,951003,0
0,10,gate_fn,GPU,951003,951100,97.9093
0,10,Linear,GPU,951003,951100,97.9093
0,10,gate_update,GPU,951100,951100,0
0,10,moe_scatter,GPU,951100,951100,0
0,10,sync_for_moe_scatter,GPU,951100,951100,0
0,10,sync__set,GPU,951100,951100,0
0,10,sync__,GPU,951100,951100,0
0,10,moe_route,GPU,951100,951100,0
0,10,expert_FFN_0,GPU,951100,990593,39492.4
0,10,gate_proj,GPU,951100,964239,13138.5
0,10,Linear,Logic,951100,964239,13138.5
0,10,activation,Logic,964239,964316,76.9833
0,10,up_proj,GPU,964316,977454,13138.5
0,10,Linear,Logic,964316,977454,13138.5
0,10,down_proj,GPU,977454,990593,13138.5
0,10,Linear,Logic,977454,990593,13138.5
0,10,expert_FFN_1,GPU,990593,1.01691e+06,26321
0,10,gate_proj,GPU,990593,999360,8767.24
0,10,Linear,Logic,990593,999360,8767.24
0,10,activation,Logic,999360,999379,19.2458
0,10,up_proj,GPU,999379,1.00815e+06,8767.24
0,10,Linear,Logic,999379,1.00815e+06,8767.24
0,10,down_proj,GPU,1.00815e+06,1.01691e+06,8767.24
0,10,Linear,Logic,1.00815e+06,1.01691e+06,8767.24
0,10,sync_2,GPU,1.01691e+06,1.01696e+06,43.9905
0,10,sync__set,GPU,1.01691e+06,1.01691e+06,0
0,10,sync__,GPU,1.01691e+06,1.01696e+06,43.9905
0,10,moe_all_reduce_for_e_tp,GPU,1.01696e+06,1.01696e+06,0
0,10,sync_3,GPU,1.01696e+06,1.01696e+06,0
0,10,sync__set,GPU,1.01696e+06,1.01696e+06,0
0,10,sync__,GPU,1.01696e+06,1.01696e+06,0
0,10,moe_gather,GPU,1.01696e+06,1.01696e+06,0
0,10,sync_for_moe_gather,GPU,1.01696e+06,1.01696e+06,0
0,10,sync__set,GPU,1.01696e+06,1.01696e+06,0
0,10,sync__,GPU,1.01696e+06,1.01696e+06,0
0,10,moe_all_reduce_for_gather,GPU,1.01696e+06,1.02219e+06,5236.91
0,10,sync_5,GPU,1.02219e+06,1.02219e+06,0
0,10,sync__set,GPU,1.02219e+06,1.02219e+06,0
0,10,sync__,GPU,1.02219e+06,1.02219e+06,0
0,10,sync_6,GPU,1.02219e+06,1.02219e+06,0
0,10,sync__set,GPU,1.02219e+06,1.02219e+06,0
0,10,sync__,GPU,1.02219e+06,1.02219e+06,0
0,10,residual_2,GPU,1.02219e+06,1.02235e+06,158.854
0,11,MoE_decoder_11,GPU,1.02235e+06,1.11442e+06,92064.3
0,11,input_layer_norm,GPU,1.02235e+06,1.02251e+06,158.854
0,11,attention,GPU,1.02251e+06,1.03946e+06,16945.7
0,11,attn_qkv_proj,GPU,1.02251e+06,1.02637e+06,3861.38
0,11,Linear,GPU,1.02251e+06,1.02637e+06,3861.38
0,11,self_attention,GPU,1.02637e+06,1.03162e+06,5247.08
0,11,AttentionSplit,GPU,1.02637e+06,1.02637e+06,0
0,11,AttentionSum,Logic,1.02637e+06,1.02637e+06,0
0,11,AttentionGen,Logic,1.02637e+06,1.03162e+06,5247.08
0,11,AttentionMerge,GPU,1.03162e+06,1.03162e+06,0
0,11,attn_o_proj,GPU,1.03162e+06,1.03422e+06,2600.32
0,11,Linear,GPU,1.03162e+06,1.03422e+06,2600.32
0,11,all_reduce,GPU,1.03422e+06,1.03946e+06,5236.91
0,11,residual_1,GPU,1.03946e+06,1.03962e+06,158.854
0,11,post_attn_layer_norm,GPU,1.03962e+06,1.03978e+06,158.854
0,11,expertFFN,GPU,1.03978e+06,1.11426e+06,74483.2
0,11,sync_0,GPU,1.03978e+06,1.03978e+06,0
0,11,sync__set,GPU,1.03978e+06,1.03978e+06,0
0,11,sync__,GPU,1.03978e+06,1.03978e+06,0
0,11,gate_fn,GPU,1.03978e+06,1.03987e+06,97.9093
0,11,Linear,GPU,1.03978e+06,1.03987e+06,97.9093
0,11,gate_update,GPU,1.03987e+06,1.03987e+06,0
0,11,moe_scatter,GPU,1.03987e+06,1.03987e+06,0
0,11,sync_for_moe_scatter,GPU,1.03987e+06,1.03987e+06,0
0,11,sync__set,GPU,1.03987e+06,1.03987e+06,0
0,11,sync__,GPU,1.03987e+06,1.03987e+06,0
0,11,moe_route,GPU,1.03987e+06,1.03987e+06,0
0,11,expert_FFN_0,GPU,1.03987e+06,1.06621e+06,26335.6
0,11,gate_proj,GPU,1.03987e+06,1.04864e+06,8769.99
0,11,Linear,Logic,1.03987e+06,1.04864e+06,8769.99
0,11,activation,Logic,1.04864e+06,1.04867e+06,25.6611
0,11,up_proj,GPU,1.04867e+06,1.05744e+06,8769.99
0,11,Linear,Logic,1.04867e+06,1.05744e+06,8769.99
0,11,down_proj,GPU,1.05744e+06,1.06621e+06,8769.99
0,11,Linear,Logic,1.05744e+06,1.06621e+06,8769.99
0,11,expert_FFN_1,GPU,1.06621e+06,1.0926e+06,26394.3
0,11,gate_proj,GPU,1.06621e+06,1.07499e+06,8780.98
0,11,Linear,Logic,1.06621e+06,1.07499e+06,8780.98
0,11,activation,Logic,1.07499e+06,1.07504e+06,51.3222
0,11,up_proj,GPU,1.07504e+06,1.08382e+06,8780.98
0,11,Linear,Logic,1.07504e+06,1.08382e+06,8780.98
0,11,down_proj,GPU,1.08382e+06,1.0926e+06,8780.98
0,11,Linear,Logic,1.08382e+06,1.0926e+06,8780.98
0,11,sync_2,GPU,1.0926e+06,1.10902e+06,16418.5
0,11,sync__set,GPU,1.0926e+06,1.0926e+06,0
0,11,sync__,GPU,1.0926e+06,1.10902e+06,16418.5
0,11,moe_all_reduce_for_e_tp,GPU,1.10902e+06,1.10902e+06,0
0,11,sync_3,GPU,1.10902e+06,1.10902e+06,0
0,11,sync__set,GPU,1.10902e+06,1.10902e+06,0
0,11,sync__,GPU,1.10902e+06,1.10902e+06,0
0,11,moe_gather,GPU,1.10902e+06,1.10902e+06,0
0,11,sync_for_moe_gather,GPU,1.10902e+06,1.10902e+06,0
0,11,sync__set,GPU,1.10902e+06,1.10902e+06,0
0,11,sync__,GPU,1.10902e+06,1.10902e+06,0
0,11,moe_all_reduce_for_gather,GPU,1.10902e+06,1.11426e+06,5236.91
0,11,sync_5,GPU,1.11426e+06,1.11426e+06,0
0,11,sync__set,GPU,1.11426e+06,1.11426e+06,0
0,11,sync__,GPU,1.11426e+06,1.11426e+06,0
0,11,sync_6,GPU,1.11426e+06,1.11426e+06,0
0,11,sync__set,GPU,1.11426e+06,1.11426e+06,0
0,11,sync__,GPU,1.11426e+06,1.11426e+06,0
0,11,residual_2,GPU,1.11426e+06,1.11442e+06,158.854
0,12,MoE_decoder_12,GPU,1.11442e+06,1.21961e+06,105192
0,12,input_layer_norm,GPU,1.11442e+06,1.11458e+06,158.854
0,12,attention,GPU,1.11458e+06,1.13152e+06,16945.7
0,12,attn_qkv_proj,GPU,1.11458e+06,1.11844e+06,3861.38
0,12,Linear,GPU,1.11458e+06,1.11844e+06,3861.38
0,12,self_attention,GPU,1.11844e+06,1.12369e+06,5247.08
0,12,AttentionSplit,GPU,1.11844e+06,1.11844e+06,0
0,12,AttentionSum,Logic,1.11844e+06,1.11844e+06,0
0,12,AttentionGen,Logic,1.11844e+06,1.12369e+06,5247.08
0,12,AttentionMerge,GPU,1.12369e+06,1.12369e+06,0
0,12,attn_o_proj,GPU,1.12369e+06,1.12629e+06,2600.32
0,12,Linear,GPU,1.12369e+06,1.12629e+06,2600.32
0,12,all_reduce,GPU,1.12629e+06,1.13152e+06,5236.91
0,12,residual_1,GPU,1.13152e+06,1.13168e+06,158.854
0,12,post_attn_layer_norm,GPU,1.13168e+06,1.13184e+06,158.854
0,12,expertFFN,GPU,1.13184e+06,1.21945e+06,87610.7
0,12,sync_0,GPU,1.13184e+06,1.13184e+06,0
0,12,sync__set,GPU,1.13184e+06,1.13184e+06,0
0,12,sync__,GPU,1.13184e+06,1.13184e+06,0
0,12,gate_fn,GPU,1.13184e+06,1.13194e+06,97.9093
0,12,Linear,GPU,1.13184e+06,1.13194e+06,97.9093
0,12,gate_update,GPU,1.13194e+06,1.13194e+06,0
0,12,moe_scatter,GPU,1.13194e+06,1.13194e+06,0
0,12,sync_for_moe_scatter,GPU,1.13194e+06,1.13194e+06,0
0,12,sync__set,GPU,1.13194e+06,1.13194e+06,0
0,12,sync__,GPU,1.13194e+06,1.13194e+06,0
0,12,moe_route,GPU,1.13194e+06,1.13194e+06,0
0,12,expert_FFN_0,GPU,1.13194e+06,1.15833e+06,26394.3
0,12,gate_proj,GPU,1.13194e+06,1.14072e+06,8780.98
0,12,Linear,Logic,1.13194e+06,1.14072e+06,8780.98
0,12,activation,Logic,1.14072e+06,1.14077e+06,51.3222
0,12,up_proj,GPU,1.14077e+06,1.14955e+06,8780.98
0,12,Linear,Logic,1.14077e+06,1.14955e+06,8780.98
0,12,down_proj,GPU,1.14955e+06,1.15833e+06,8780.98
0,12,Linear,Logic,1.14955e+06,1.15833e+06,8780.98
0,12,expert_FFN_1,GPU,1.15833e+06,1.19124e+06,32910.4
0,12,gate_proj,GPU,1.15833e+06,1.16928e+06,10948.7
0,12,Linear,Logic,1.15833e+06,1.16928e+06,10948.7
0,12,activation,Logic,1.16928e+06,1.16935e+06,64.1527
0,12,up_proj,GPU,1.16935e+06,1.18029e+06,10948.7
0,12,Linear,Logic,1.16935e+06,1.18029e+06,10948.7
0,12,down_proj,GPU,1.18029e+06,1.19124e+06,10948.7
0,12,Linear,Logic,1.18029e+06,1.19124e+06,10948.7
0,12,sync_2,GPU,1.19124e+06,1.21421e+06,22971.3
0,12,sync__set,GPU,1.19124e+06,1.19124e+06,0
0,12,sync__,GPU,1.19124e+06,1.21421e+06,22971.3
0,12,moe_all_reduce_for_e_tp,GPU,1.21421e+06,1.21421e+06,0
0,12,sync_3,GPU,1.21421e+06,1.21421e+06,0
0,12,sync__set,GPU,1.21421e+06,1.21421e+06,0
0,12,sync__,GPU,1.21421e+06,1.21421e+06,0
0,12,moe_gather,GPU,1.21421e+06,1.21421e+06,0
0,12,sync_for_moe_gather,GPU,1.21421e+06,1.21421e+06,0
0,12,sync__set,GPU,1.21421e+06,1.21421e+06,0
0,12,sync__,GPU,1.21421e+06,1.21421e+06,0
0,12,moe_all_reduce_for_gather,GPU,1.21421e+06,1.21945e+06,5236.91
0,12,sync_5,GPU,1.21945e+06,1.21945e+06,0
0,12,sync__set,GPU,1.21945e+06,1.21945e+06,0
0,12,sync__,GPU,1.21945e+06,1.21945e+06,0
0,12,sync_6,GPU,1.21945e+06,1.21945e+06,0
0,12,sync__set,GPU,1.21945e+06,1.21945e+06,0
0,12,sync__,GPU,1.21945e+06,1.21945e+06,0
0,12,residual_2,GPU,1.21945e+06,1.21961e+06,158.854
0,13,MoE_decoder_13,GPU,1.21961e+06,1.30512e+06,85511.6
0,13,input_layer_norm,GPU,1.21961e+06,1.21977e+06,158.854
0,13,attention,GPU,1.21977e+06,1.23671e+06,16945.7
0,13,attn_qkv_proj,GPU,1.21977e+06,1.22363e+06,3861.38
0,13,Linear,GPU,1.21977e+06,1.22363e+06,3861.38
0,13,self_attention,GPU,1.22363e+06,1.22888e+06,5247.08
0,13,AttentionSplit,GPU,1.22363e+06,1.22363e+06,0
0,13,AttentionSum,Logic,1.22363e+06,1.22363e+06,0
0,13,AttentionGen,Logic,1.22363e+06,1.22888e+06,5247.08
0,13,AttentionMerge,GPU,1.22888e+06,1.22888e+06,0
0,13,attn_o_proj,GPU,1.22888e+06,1.23148e+06,2600.32
0,13,Linear,GPU,1.22888e+06,1.23148e+06,2600.32
0,13,all_reduce,GPU,1.23148e+06,1.23671e+06,5236.91
0,13,residual_1,GPU,1.23671e+06,1.23687e+06,158.854
0,13,post_attn_layer_norm,GPU,1.23687e+06,1.23703e+06,158.854
0,13,expertFFN,GPU,1.23703e+06,1.30496e+06,67930.5
0,13,sync_0,GPU,1.23703e+06,1.23703e+06,0
0,13,sync__set,GPU,1.23703e+06,1.23703e+06,0
0,13,sync__,GPU,1.23703e+06,1.23703e+06,0
0,13,gate_fn,GPU,1.23703e+06,1.23713e+06,97.9093
0,13,Linear,GPU,1.23703e+06,1.23713e+06,97.9093
0,13,gate_update,GPU,1.23713e+06,1.23713e+06,0
0,13,moe_scatter,GPU,1.23713e+06,1.23713e+06,0
0,13,sync_for_moe_scatter,GPU,1.23713e+06,1.23713e+06,0
0,13,sync__set,GPU,1.23713e+06,1.23713e+06,0
0,13,sync__,GPU,1.23713e+06,1.23713e+06,0
0,13,moe_route,GPU,1.23713e+06,1.23713e+06,0
0,13,expert_FFN_0,GPU,1.23713e+06,1.26351e+06,26379.6
0,13,gate_proj,GPU,1.23713e+06,1.24591e+06,8778.23
0,13,Linear,Logic,1.23713e+06,1.24591e+06,8778.23
0,13,activation,Logic,1.24591e+06,1.24595e+06,44.9069
0,13,up_proj,GPU,1.24595e+06,1.25473e+06,8778.23
0,13,Linear,Logic,1.24595e+06,1.25473e+06,8778.23
0,13,down_proj,GPU,1.25473e+06,1.26351e+06,8778.23
0,13,Linear,Logic,1.25473e+06,1.26351e+06,8778.23
0,13,expert_FFN_1,GPU,1.26351e+06,1.29971e+06,36201.4
0,13,gate_proj,GPU,1.26351e+06,1.27555e+06,12043.6
0,13,Linear,Logic,1.26351e+06,1.27555e+06,12043.6
0,13,activation,Logic,1.27555e+06,1.27562e+06,70.568
0,13,up_proj,GPU,1.27562e+06,1.28767e+06,12043.6
0,13,Linear,Logic,1.27562e+06,1.28767e+06,12043.6
0,13,down_proj,GPU,1.28767e+06,1.29971e+06,12043.6
0,13,Linear,Logic,1.28767e+06,1.29971e+06,12043.6
0,13,sync_2,GPU,1.29971e+06,1.29973e+06,14.6635
0,13,sync__set,GPU,1.29971e+06,1.29971e+06,0
0,13,sync__,GPU,1.29971e+06,1.29973e+06,14.6635
0,13,moe_all_reduce_for_e_tp,GPU,1.29973e+06,1.29973e+06,0
0,13,sync_3,GPU,1.29973e+06,1.29973e+06,0
0,13,sync__set,GPU,1.29973e+06,1.29973e+06,0
0,13,sync__,GPU,1.29973e+06,1.29973e+06,0
0,13,moe_gather,GPU,1.29973e+06,1.29973e+06,0
0,13,sync_for_moe_gather,GPU,1.29973e+06,1.29973e+06,0
0,13,sync__set,GPU,1.29973e+06,1.29973e+06,0
0,13,sync__,GPU,1.29973e+06,1.29973e+06,0
0,13,moe_all_reduce_for_gather,GPU,1.29973e+06,1.30496e+06,5236.91
0,13,sync_5,GPU,1.30496e+06,1.30496e+06,0
0,13,sync__set,GPU,1.30496e+06,1.30496e+06,0
0,13,sync__,GPU,1.30496e+06,1.30496e+06,0
0,13,sync_6,GPU,1.30496e+06,1.30496e+06,0
0,13,sync__set,GPU,1.30496e+06,1.30496e+06,0
0,13,sync__,GPU,1.30496e+06,1.30496e+06,0
0,13,residual_2,GPU,1.30496e+06,1.30512e+06,158.854
0,14,MoE_decoder_14,GPU,1.30512e+06,1.39389e+06,88773.3
0,14,input_layer_norm,GPU,1.30512e+06,1.30528e+06,158.854
0,14,attention,GPU,1.30528e+06,1.32223e+06,16945.7
0,14,attn_qkv_proj,GPU,1.30528e+06,1.30914e+06,3861.38
0,14,Linear,GPU,1.30528e+06,1.30914e+06,3861.38
0,14,self_attention,GPU,1.30914e+06,1.31439e+06,5247.08
0,14,AttentionSplit,GPU,1.30914e+06,1.30914e+06,0
0,14,AttentionSum,Logic,1.30914e+06,1.30914e+06,0
0,14,AttentionGen,Logic,1.30914e+06,1.31439e+06,5247.08
0,14,AttentionMerge,GPU,1.31439e+06,1.31439e+06,0
0,14,attn_o_proj,GPU,1.31439e+06,1.31699e+06,2600.32
0,14,Linear,GPU,1.31439e+06,1.31699e+06,2600.32
0,14,all_reduce,GPU,1.31699e+06,1.32223e+06,5236.91
0,14,residual_1,GPU,1.32223e+06,1.32238e+06,158.854
0,14,post_attn_layer_norm,GPU,1.32238e+06,1.32254e+06,158.854
0,14,expertFFN,GPU,1.32254e+06,1.39374e+06,71192.2
0,14,sync_0,GPU,1.32254e+06,1.32254e+06,0
0,14,sync__set,GPU,1.32254e+06,1.32254e+06,0
0,14,sync__,GPU,1.32254e+06,1.32254e+06,0
0,14,gate_fn,GPU,1.32254e+06,1.32264e+06,97.9093
0,14,Linear,GPU,1.32254e+06,1.32264e+06,97.9093
0,14,gate_update,GPU,1.32264e+06,1.32264e+06,0
0,14,moe_scatter,GPU,1.32264e+06,1.32264e+06,0
0,14,sync_for_moe_scatter,GPU,1.32264e+06,1.32264e+06,0
0,14,sync__set,GPU,1.32264e+06,1.32264e+06,0
0,14,sync__,GPU,1.32264e+06,1.32264e+06,0
0,14,moe_route,GPU,1.32264e+06,1.32264e+06,0
0,14,expert_FFN_0,GPU,1.32264e+06,1.35555e+06,32910.4
0,14,gate_proj,GPU,1.32264e+06,1.33359e+06,10948.7
0,14,Linear,Logic,1.32264e+06,1.33359e+06,10948.7
0,14,activation,Logic,1.33359e+06,1.33365e+06,64.1527
0,14,up_proj,GPU,1.33365e+06,1.3446e+06,10948.7
0,14,Linear,Logic,1.33365e+06,1.3446e+06,10948.7
0,14,down_proj,GPU,1.3446e+06,1.35555e+06,10948.7
0,14,Linear,Logic,1.3446e+06,1.35555e+06,10948.7
0,14,expert_FFN_1,GPU,1.35555e+06,1.38517e+06,29619.3
0,14,gate_proj,GPU,1.35555e+06,1.36541e+06,9853.86
0,14,Linear,Logic,1.35555e+06,1.36541e+06,9853.86
0,14,activation,Logic,1.36541e+06,1.36546e+06,57.7375
0,14,up_proj,GPU,1.36546e+06,1.37532e+06,9853.86
0,14,Linear,Logic,1.36546e+06,1.37532e+06,9853.86
0,14,down_proj,GPU,1.37532e+06,1.38517e+06,9853.86
0,14,Linear,Logic,1.37532e+06,1.38517e+06,9853.86
0,14,sync_2,GPU,1.38517e+06,1.3885e+06,3327.69
0,14,sync__set,GPU,1.38517e+06,1.38517e+06,0
0,14,sync__,GPU,1.38517e+06,1.3885e+06,3327.69
0,14,moe_all_reduce_for_e_tp,GPU,1.3885e+06,1.3885e+06,0
0,14,sync_3,GPU,1.3885e+06,1.3885e+06,0
0,14,sync__set,GPU,1.3885e+06,1.3885e+06,0
0,14,sync__,GPU,1.3885e+06,1.3885e+06,0
0,14,moe_gather,GPU,1.3885e+06,1.3885e+06,0
0,14,sync_for_moe_gather,GPU,1.3885e+06,1.3885e+06,0
0,14,sync__set,GPU,1.3885e+06,1.3885e+06,0
0,14,sync__,GPU,1.3885e+06,1.3885e+06,0
0,14,moe_all_reduce_for_gather,GPU,1.3885e+06,1.39374e+06,5236.91
0,14,sync_5,GPU,1.39374e+06,1.39374e+06,0
0,14,sync__set,GPU,1.39374e+06,1.39374e+06,0
0,14,sync__,GPU,1.39374e+06,1.39374e+06,0
0,14,sync_6,GPU,1.39374e+06,1.39374e+06,0
0,14,sync__set,GPU,1.39374e+06,1.39374e+06,0
0,14,sync__,GPU,1.39374e+06,1.39374e+06,0
0,14,residual_2,GPU,1.39374e+06,1.39389e+06,158.854
0,15,MoE_decoder_15,GPU,1.39389e+06,1.47609e+06,82191.2
0,15,input_layer_norm,GPU,1.39389e+06,1.39405e+06,158.854
0,15,attention,GPU,1.39405e+06,1.411e+06,16945.7
0,15,attn_qkv_proj,GPU,1.39405e+06,1.39791e+06,3861.38
0,15,Linear,GPU,1.39405e+06,1.39791e+06,3861.38
0,15,self_attention,GPU,1.39791e+06,1.40316e+06,5247.08
0,15,AttentionSplit,GPU,1.39791e+06,1.39791e+06,0
0,15,AttentionSum,Logic,1.39791e+06,1.39791e+06,0
0,15,AttentionGen,Logic,1.39791e+06,1.40316e+06,5247.08
0,15,AttentionMerge,GPU,1.40316e+06,1.40316e+06,0
0,15,attn_o_proj,GPU,1.40316e+06,1.40576e+06,2600.32
0,15,Linear,GPU,1.40316e+06,1.40576e+06,2600.32
0,15,all_reduce,GPU,1.40576e+06,1.411e+06,5236.91
0,15,residual_1,GPU,1.411e+06,1.41116e+06,158.854
0,15,post_attn_layer_norm,GPU,1.41116e+06,1.41132e+06,158.854
0,15,expertFFN,GPU,1.41132e+06,1.47593e+06,64610.1
0,15,sync_0,GPU,1.41132e+06,1.41132e+06,0
0,15,sync__set,GPU,1.41132e+06,1.41132e+06,0
0,15,sync__,GPU,1.41132e+06,1.41132e+06,0
0,15,gate_fn,GPU,1.41132e+06,1.41141e+06,97.9093
0,15,Linear,GPU,1.41132e+06,1.41141e+06,97.9093
0,15,gate_update,GPU,1.41141e+06,1.41141e+06,0
0,15,moe_scatter,GPU,1.41141e+06,1.41141e+06,0
0,15,sync_for_moe_scatter,GPU,1.41141e+06,1.41141e+06,0
0,15,sync__set,GPU,1.41141e+06,1.41141e+06,0
0,15,sync__,GPU,1.41141e+06,1.41141e+06,0
0,15,moe_route,GPU,1.41141e+06,1.41141e+06,0
0,15,expert_FFN_0,GPU,1.41141e+06,1.43781e+06,26394.3
0,15,gate_proj,GPU,1.41141e+06,1.4202e+06,8780.98
0,15,Linear,Logic,1.41141e+06,1.4202e+06,8780.98
0,15,activation,Logic,1.4202e+06,1.42025e+06,51.3222
0,15,up_proj,GPU,1.42025e+06,1.42903e+06,8780.98
0,15,Linear,Logic,1.42025e+06,1.42903e+06,8780.98
0,15,down_proj,GPU,1.42903e+06,1.43781e+06,8780.98
0,15,Linear,Logic,1.42903e+06,1.43781e+06,8780.98
0,15,expert_FFN_1,GPU,1.43781e+06,1.46743e+06,29619.3
0,15,gate_proj,GPU,1.43781e+06,1.44766e+06,9853.86
0,15,Linear,Logic,1.43781e+06,1.44766e+06,9853.86
0,15,activation,Logic,1.44766e+06,1.44772e+06,57.7375
0,15,up_proj,GPU,1.44772e+06,1.45757e+06,9853.86
0,15,Linear,Logic,1.44772e+06,1.45757e+06,9853.86
0,15,down_proj,GPU,1.45757e+06,1.46743e+06,9853.86
0,15,Linear,Logic,1.45757e+06,1.46743e+06,9853.86
0,15,sync_2,GPU,1.46743e+06,1.47069e+06,3261.71
0,15,sync__set,GPU,1.46743e+06,1.46743e+06,0
0,15,sync__,GPU,1.46743e+06,1.47069e+06,3261.71
0,15,moe_all_reduce_for_e_tp,GPU,1.47069e+06,1.47069e+06,0
0,15,sync_3,GPU,1.47069e+06,1.47069e+06,0
0,15,sync__set,GPU,1.47069e+06,1.47069e+06,0
0,15,sync__,GPU,1.47069e+06,1.47069e+06,0
0,15,moe_gather,GPU,1.47069e+06,1.47069e+06,0
0,15,sync_for_moe_gather,GPU,1.47069e+06,1.47069e+06,0
0,15,sync__set,GPU,1.47069e+06,1.47069e+06,0
0,15,sync__,GPU,1.47069e+06,1.47069e+06,0
0,15,moe_all_reduce_for_gather,GPU,1.47069e+06,1.47593e+06,5236.91
0,15,sync_5,GPU,1.47593e+06,1.47593e+06,0
0,15,sync__set,GPU,1.47593e+06,1.47593e+06,0
0,15,sync__,GPU,1.47593e+06,1.47593e+06,0
0,15,sync_6,GPU,1.47593e+06,1.47593e+06,0
0,15,sync__set,GPU,1.47593e+06,1.47593e+06,0
0,15,sync__,GPU,1.47593e+06,1.47593e+06,0
0,15,residual_2,GPU,1.47593e+06,1.47609e+06,158.854
0,16,MoE_decoder_16,GPU,1.47609e+06,1.55831e+06,82220.6
0,16,input_layer_norm,GPU,1.47609e+06,1.47624e+06,158.854
0,16,attention,GPU,1.47624e+06,1.49319e+06,16945.7
0,16,attn_qkv_proj,GPU,1.47624e+06,1.48011e+06,3861.38
0,16,Linear,GPU,1.47624e+06,1.48011e+06,3861.38
0,16,self_attention,GPU,1.48011e+06,1.48535e+06,5247.08
0,16,AttentionSplit,GPU,1.48011e+06,1.48011e+06,0
0,16,AttentionSum,Logic,1.48011e+06,1.48011e+06,0
0,16,AttentionGen,Logic,1.48011e+06,1.48535e+06,5247.08
0,16,AttentionMerge,GPU,1.48535e+06,1.48535e+06,0
0,16,attn_o_proj,GPU,1.48535e+06,1.48795e+06,2600.32
0,16,Linear,GPU,1.48535e+06,1.48795e+06,2600.32
0,16,all_reduce,GPU,1.48795e+06,1.49319e+06,5236.91
0,16,residual_1,GPU,1.49319e+06,1.49335e+06,158.854
0,16,post_attn_layer_norm,GPU,1.49335e+06,1.49351e+06,158.854
0,16,expertFFN,GPU,1.49351e+06,1.55815e+06,64639.4
0,16,sync_0,GPU,1.49351e+06,1.49351e+06,0
0,16,sync__set,GPU,1.49351e+06,1.49351e+06,0
0,16,sync__,GPU,1.49351e+06,1.49351e+06,0
0,16,gate_fn,GPU,1.49351e+06,1.49361e+06,97.9093
0,16,Linear,GPU,1.49351e+06,1.49361e+06,97.9093
0,16,gate_update,GPU,1.49361e+06,1.49361e+06,0
0,16,moe_scatter,GPU,1.49361e+06,1.49361e+06,0
0,16,sync_for_moe_scatter,GPU,1.49361e+06,1.49361e+06,0
0,16,sync__set,GPU,1.49361e+06,1.49361e+06,0
0,16,sync__,GPU,1.49361e+06,1.49361e+06,0
0,16,moe_route,GPU,1.49361e+06,1.49361e+06,0
0,16,expert_FFN_0,GPU,1.49361e+06,1.52652e+06,32910.4
0,16,gate_proj,GPU,1.49361e+06,1.50455e+06,10948.7
0,16,Linear,Logic,1.49361e+06,1.50455e+06,10948.7
0,16,activation,Logic,1.50455e+06,1.50462e+06,64.1527
0,16,up_proj,GPU,1.50462e+06,1.51557e+06,10948.7
0,16,Linear,Logic,1.50462e+06,1.51557e+06,10948.7
0,16,down_proj,GPU,1.51557e+06,1.52652e+06,10948.7
0,16,Linear,Logic,1.51557e+06,1.52652e+06,10948.7
0,16,expert_FFN_1,GPU,1.52652e+06,1.55291e+06,26394.3
0,16,gate_proj,GPU,1.52652e+06,1.5353e+06,8780.98
0,16,Linear,Logic,1.52652e+06,1.5353e+06,8780.98
0,16,activation,Logic,1.5353e+06,1.53535e+06,51.3222
0,16,up_proj,GPU,1.53535e+06,1.54413e+06,8780.98
0,16,Linear,Logic,1.53535e+06,1.54413e+06,8780.98
0,16,down_proj,GPU,1.54413e+06,1.55291e+06,8780.98
0,16,Linear,Logic,1.54413e+06,1.55291e+06,8780.98
0,16,sync_2,GPU,1.55291e+06,1.55291e+06,0
0,16,sync__set,GPU,1.55291e+06,1.55291e+06,0
0,16,sync__,GPU,1.55291e+06,1.55291e+06,0
0,16,moe_all_reduce_for_e_tp,GPU,1.55291e+06,1.55291e+06,0
0,16,sync_3,GPU,1.55291e+06,1.55291e+06,0
0,16,sync__set,GPU,1.55291e+06,1.55291e+06,0
0,16,sync__,GPU,1.55291e+06,1.55291e+06,0
0,16,moe_gather,GPU,1.55291e+06,1.55291e+06,0
0,16,sync_for_moe_gather,GPU,1.55291e+06,1.55291e+06,0
0,16,sync__set,GPU,1.55291e+06,1.55291e+06,0
0,16,sync__,GPU,1.55291e+06,1.55291e+06,0
0,16,moe_all_reduce_for_gather,GPU,1.55291e+06,1.55815e+06,5236.91
0,16,sync_5,GPU,1.55815e+06,1.55815e+06,0
0,16,sync__set,GPU,1.55815e+06,1.55815e+06,0
0,16,sync__,GPU,1.55815e+06,1.55815e+06,0
0,16,sync_6,GPU,1.55815e+06,1.55815e+06,0
0,16,sync__set,GPU,1.55815e+06,1.55815e+06,0
0,16,sync__,GPU,1.55815e+06,1.55815e+06,0
0,16,residual_2,GPU,1.55815e+06,1.55831e+06,158.854
0,17,MoE_decoder_17,GPU,1.55831e+06,1.64711e+06,88802.6
0,17,input_layer_norm,GPU,1.55831e+06,1.55847e+06,158.854
0,17,attention,GPU,1.55847e+06,1.57541e+06,16945.7
0,17,attn_qkv_proj,GPU,1.55847e+06,1.56233e+06,3861.38
0,17,Linear,GPU,1.55847e+06,1.56233e+06,3861.38
0,17,self_attention,GPU,1.56233e+06,1.56757e+06,5247.08
0,17,AttentionSplit,GPU,1.56233e+06,1.56233e+06,0
0,17,AttentionSum,Logic,1.56233e+06,1.56233e+06,0
0,17,AttentionGen,Logic,1.56233e+06,1.56757e+06,5247.08
0,17,AttentionMerge,GPU,1.56757e+06,1.56757e+06,0
0,17,attn_o_proj,GPU,1.56757e+06,1.57017e+06,2600.32
0,17,Linear,GPU,1.56757e+06,1.57017e+06,2600.32
0,17,all_reduce,GPU,1.57017e+06,1.57541e+06,5236.91
0,17,residual_1,GPU,1.57541e+06,1.57557e+06,158.854
0,17,post_attn_layer_norm,GPU,1.57557e+06,1.57573e+06,158.854
0,17,expertFFN,GPU,1.57573e+06,1.64695e+06,71221.5
0,17,sync_0,GPU,1.57573e+06,1.57573e+06,0
0,17,sync__set,GPU,1.57573e+06,1.57573e+06,0
0,17,sync__,GPU,1.57573e+06,1.57573e+06,0
0,17,gate_fn,GPU,1.57573e+06,1.57583e+06,97.9093
0,17,Linear,GPU,1.57573e+06,1.57583e+06,97.9093
0,17,gate_update,GPU,1.57583e+06,1.57583e+06,0
0,17,moe_scatter,GPU,1.57583e+06,1.57583e+06,0
0,17,sync_for_moe_scatter,GPU,1.57583e+06,1.57583e+06,0
0,17,sync__set,GPU,1.57583e+06,1.57583e+06,0
0,17,sync__,GPU,1.57583e+06,1.57583e+06,0
0,17,moe_route,GPU,1.57583e+06,1.57583e+06,0
0,17,expert_FFN_0,GPU,1.57583e+06,1.60222e+06,26394.3
0,17,gate_proj,GPU,1.57583e+06,1.58461e+06,8780.98
0,17,Linear,Logic,1.57583e+06,1.58461e+06,8780.98
0,17,activation,Logic,1.58461e+06,1.58466e+06,51.3222
0,17,up_proj,GPU,1.58466e+06,1.59344e+06,8780.98
0,17,Linear,Logic,1.58466e+06,1.59344e+06,8780.98
0,17,down_proj,GPU,1.59344e+06,1.60222e+06,8780.98
0,17,Linear,Logic,1.59344e+06,1.60222e+06,8780.98
0,17,expert_FFN_1,GPU,1.60222e+06,1.64171e+06,39492.4
0,17,gate_proj,GPU,1.60222e+06,1.61536e+06,13138.5
0,17,Linear,Logic,1.60222e+06,1.61536e+06,13138.5
0,17,activation,Logic,1.61536e+06,1.61544e+06,76.9833
0,17,up_proj,GPU,1.61544e+06,1.62857e+06,13138.5
0,17,Linear,Logic,1.61544e+06,1.62857e+06,13138.5
0,17,down_proj,GPU,1.62857e+06,1.64171e+06,13138.5
0,17,Linear,Logic,1.62857e+06,1.64171e+06,13138.5
0,17,sync_2,GPU,1.64171e+06,1.64171e+06,0
0,17,sync__set,GPU,1.64171e+06,1.64171e+06,0
0,17,sync__,GPU,1.64171e+06,1.64171e+06,0
0,17,moe_all_reduce_for_e_tp,GPU,1.64171e+06,1.64171e+06,0
0,17,sync_3,GPU,1.64171e+06,1.64171e+06,0
0,17,sync__set,GPU,1.64171e+06,1.64171e+06,0
0,17,sync__,GPU,1.64171e+06,1.64171e+06,0
0,17,moe_gather,GPU,1.64171e+06,1.64171e+06,0
0,17,sync_for_moe_gather,GPU,1.64171e+06,1.64171e+06,0
0,17,sync__set,GPU,1.64171e+06,1.64171e+06,0
0,17,sync__,GPU,1.64171e+06,1.64171e+06,0
0,17,moe_all_reduce_for_gather,GPU,1.64171e+06,1.64695e+06,5236.91
0,17,sync_5,GPU,1.64695e+06,1.64695e+06,0
0,17,sync__set,GPU,1.64695e+06,1.64695e+06,0
0,17,sync__,GPU,1.64695e+06,1.64695e+06,0
0,17,sync_6,GPU,1.64695e+06,1.64695e+06,0
0,17,sync__set,GPU,1.64695e+06,1.64695e+06,0
0,17,sync__,GPU,1.64695e+06,1.64695e+06,0
0,17,residual_2,GPU,1.64695e+06,1.64711e+06,158.854
0,18,MoE_decoder_18,GPU,1.64711e+06,1.73585e+06,88736.6
0,18,input_layer_norm,GPU,1.64711e+06,1.64727e+06,158.854
0,18,attention,GPU,1.64727e+06,1.66421e+06,16945.7
0,18,attn_qkv_proj,GPU,1.64727e+06,1.65113e+06,3861.38
0,18,Linear,GPU,1.64727e+06,1.65113e+06,3861.38
0,18,self_attention,GPU,1.65113e+06,1.65638e+06,5247.08
0,18,AttentionSplit,GPU,1.65113e+06,1.65113e+06,0
0,18,AttentionSum,Logic,1.65113e+06,1.65113e+06,0
0,18,AttentionGen,Logic,1.65113e+06,1.65638e+06,5247.08
0,18,AttentionMerge,GPU,1.65638e+06,1.65638e+06,0
0,18,attn_o_proj,GPU,1.65638e+06,1.65898e+06,2600.32
0,18,Linear,GPU,1.65638e+06,1.65898e+06,2600.32
0,18,all_reduce,GPU,1.65898e+06,1.66421e+06,5236.91
0,18,residual_1,GPU,1.66421e+06,1.66437e+06,158.854
0,18,post_attn_layer_norm,GPU,1.66437e+06,1.66453e+06,158.854
0,18,expertFFN,GPU,1.66453e+06,1.73569e+06,71155.5
0,18,sync_0,GPU,1.66453e+06,1.66453e+06,0
0,18,sync__set,GPU,1.66453e+06,1.66453e+06,0
0,18,sync__,GPU,1.66453e+06,1.66453e+06,0
0,18,gate_fn,GPU,1.66453e+06,1.66463e+06,97.9093
0,18,Linear,GPU,1.66453e+06,1.66463e+06,97.9093
0,18,gate_update,GPU,1.66463e+06,1.66463e+06,0
0,18,moe_scatter,GPU,1.66463e+06,1.66463e+06,0
0,18,sync_for_moe_scatter,GPU,1.66463e+06,1.66463e+06,0
0,18,sync__set,GPU,1.66463e+06,1.66463e+06,0
0,18,sync__,GPU,1.66463e+06,1.66463e+06,0
0,18,moe_route,GPU,1.66463e+06,1.66463e+06,0
0,18,expert_FFN_0,GPU,1.66463e+06,1.69102e+06,26394.3
0,18,gate_proj,GPU,1.66463e+06,1.67341e+06,8780.98
0,18,Linear,Logic,1.66463e+06,1.67341e+06,8780.98
0,18,activation,Logic,1.67341e+06,1.67346e+06,51.3222
0,18,up_proj,GPU,1.67346e+06,1.68224e+06,8780.98
0,18,Linear,Logic,1.67346e+06,1.68224e+06,8780.98
0,18,down_proj,GPU,1.68224e+06,1.69102e+06,8780.98
0,18,Linear,Logic,1.68224e+06,1.69102e+06,8780.98
0,18,expert_FFN_1,GPU,1.69102e+06,1.72064e+06,29619.3
0,18,gate_proj,GPU,1.69102e+06,1.70088e+06,9853.86
0,18,Linear,Logic,1.69102e+06,1.70088e+06,9853.86
0,18,activation,Logic,1.70088e+06,1.70094e+06,57.7375
0,18,up_proj,GPU,1.70094e+06,1.71079e+06,9853.86
0,18,Linear,Logic,1.70094e+06,1.71079e+06,9853.86
0,18,down_proj,GPU,1.71079e+06,1.72064e+06,9853.86
0,18,Linear,Logic,1.71079e+06,1.72064e+06,9853.86
0,18,sync_2,GPU,1.72064e+06,1.73045e+06,9807.12
0,18,sync__set,GPU,1.72064e+06,1.72064e+06,0
0,18,sync__,GPU,1.72064e+06,1.73045e+06,9807.12
0,18,moe_all_reduce_for_e_tp,GPU,1.73045e+06,1.73045e+06,0
0,18,sync_3,GPU,1.73045e+06,1.73045e+06,0
0,18,sync__set,GPU,1.73045e+06,1.73045e+06,0
0,18,sync__,GPU,1.73045e+06,1.73045e+06,0
0,18,moe_gather,GPU,1.73045e+06,1.73045e+06,0
0,18,sync_for_moe_gather,GPU,1.73045e+06,1.73045e+06,0
0,18,sync__set,GPU,1.73045e+06,1.73045e+06,0
0,18,sync__,GPU,1.73045e+06,1.73045e+06,0
0,18,moe_all_reduce_for_gather,GPU,1.73045e+06,1.73569e+06,5236.91
0,18,sync_5,GPU,1.73569e+06,1.73569e+06,0
0,18,sync__set,GPU,1.73569e+06,1.73569e+06,0
0,18,sync__,GPU,1.73569e+06,1.73569e+06,0
0,18,sync_6,GPU,1.73569e+06,1.73569e+06,0
0,18,sync__set,GPU,1.73569e+06,1.73569e+06,0
0,18,sync__,GPU,1.73569e+06,1.73569e+06,0
0,18,residual_2,GPU,1.73569e+06,1.73585e+06,158.854
0,19,MoE_decoder_19,GPU,1.73585e+06,1.82136e+06,85511.6
0,19,input_layer_norm,GPU,1.73585e+06,1.736e+06,158.854
0,19,attention,GPU,1.736e+06,1.75295e+06,16945.7
0,19,attn_qkv_proj,GPU,1.736e+06,1.73987e+06,3861.38
0,19,Linear,GPU,1.736e+06,1.73987e+06,3861.38
0,19,self_attention,GPU,1.73987e+06,1.74511e+06,5247.08
0,19,AttentionSplit,GPU,1.73987e+06,1.73987e+06,0
0,19,AttentionSum,Logic,1.73987e+06,1.73987e+06,0
0,19,AttentionGen,Logic,1.73987e+06,1.74511e+06,5247.08
0,19,AttentionMerge,GPU,1.74511e+06,1.74511e+06,0
0,19,attn_o_proj,GPU,1.74511e+06,1.74771e+06,2600.32
0,19,Linear,GPU,1.74511e+06,1.74771e+06,2600.32
0,19,all_reduce,GPU,1.74771e+06,1.75295e+06,5236.91
0,19,residual_1,GPU,1.75295e+06,1.75311e+06,158.854
0,19,post_attn_layer_norm,GPU,1.75311e+06,1.75327e+06,158.854
0,19,expertFFN,GPU,1.75327e+06,1.8212e+06,67930.5
0,19,sync_0,GPU,1.75327e+06,1.75327e+06,0
0,19,sync__set,GPU,1.75327e+06,1.75327e+06,0
0,19,sync__,GPU,1.75327e+06,1.75327e+06,0
0,19,gate_fn,GPU,1.75327e+06,1.75337e+06,97.9093
0,19,Linear,GPU,1.75327e+06,1.75337e+06,97.9093
0,19,gate_update,GPU,1.75337e+06,1.75337e+06,0
0,19,moe_scatter,GPU,1.75337e+06,1.75337e+06,0
0,19,sync_for_moe_scatter,GPU,1.75337e+06,1.75337e+06,0
0,19,sync__set,GPU,1.75337e+06,1.75337e+06,0
0,19,sync__,GPU,1.75337e+06,1.75337e+06,0
0,19,moe_route,GPU,1.75337e+06,1.75337e+06,0
0,19,expert_FFN_0,GPU,1.75337e+06,1.77973e+06,26364.9
0,19,gate_proj,GPU,1.75337e+06,1.76214e+06,8775.48
0,19,Linear,Logic,1.75337e+06,1.76214e+06,8775.48
0,19,activation,Logic,1.76214e+06,1.76218e+06,38.4916
0,19,up_proj,GPU,1.76218e+06,1.77096e+06,8775.48
0,19,Linear,Logic,1.76218e+06,1.77096e+06,8775.48
0,19,down_proj,GPU,1.77096e+06,1.77973e+06,8775.48
0,19,Linear,Logic,1.77096e+06,1.77973e+06,8775.48
0,19,expert_FFN_1,GPU,1.77973e+06,1.8061e+06,26364.9
0,19,gate_proj,GPU,1.77973e+06,1.78851e+06,8775.48
0,19,Linear,Logic,1.77973e+06,1.78851e+06,8775.48
0,19,activation,Logic,1.78851e+06,1.78854e+06,38.4916
0,19,up_proj,GPU,1.78854e+06,1.79732e+06,8775.48
0,19,Linear,Logic,1.78854e+06,1.79732e+06,8775.48
0,19,down_proj,GPU,1.79732e+06,1.8061e+06,8775.48
0,19,Linear,Logic,1.79732e+06,1.8061e+06,8775.48
0,19,sync_2,GPU,1.8061e+06,1.81596e+06,9865.78
0,19,sync__set,GPU,1.8061e+06,1.8061e+06,0
0,19,sync__,GPU,1.8061e+06,1.81596e+06,9865.78
0,19,moe_all_reduce_for_e_tp,GPU,1.81596e+06,1.81596e+06,0
0,19,sync_3,GPU,1.81596e+06,1.81596e+06,0
0,19,sync__set,GPU,1.81596e+06,1.81596e+06,0
0,19,sync__,GPU,1.81596e+06,1.81596e+06,0
0,19,moe_gather,GPU,1.81596e+06,1.81596e+06,0
0,19,sync_for_moe_gather,GPU,1.81596e+06,1.81596e+06,0
0,19,sync__set,GPU,1.81596e+06,1.81596e+06,0
0,19,sync__,GPU,1.81596e+06,1.81596e+06,0
0,19,moe_all_reduce_for_gather,GPU,1.81596e+06,1.8212e+06,5236.91
0,19,sync_5,GPU,1.8212e+06,1.8212e+06,0
0,19,sync__set,GPU,1.8212e+06,1.8212e+06,0
0,19,sync__,GPU,1.8212e+06,1.8212e+06,0
0,19,sync_6,GPU,1.8212e+06,1.8212e+06,0
0,19,sync__set,GPU,1.8212e+06,1.8212e+06,0
0,19,sync__,GPU,1.8212e+06,1.8212e+06,0
0,19,residual_2,GPU,1.8212e+06,1.82136e+06,158.854
0,20,MoE_decoder_20,GPU,1.82136e+06,1.91344e+06,92079
0,20,input_layer_norm,GPU,1.82136e+06,1.82152e+06,158.854
0,20,attention,GPU,1.82152e+06,1.83846e+06,16945.7
0,20,attn_qkv_proj,GPU,1.82152e+06,1.82538e+06,3861.38
0,20,Linear,GPU,1.82152e+06,1.82538e+06,3861.38
0,20,self_attention,GPU,1.82538e+06,1.83062e+06,5247.08
0,20,AttentionSplit,GPU,1.82538e+06,1.82538e+06,0
0,20,AttentionSum,Logic,1.82538e+06,1.82538e+06,0
0,20,AttentionGen,Logic,1.82538e+06,1.83062e+06,5247.08
0,20,AttentionMerge,GPU,1.83062e+06,1.83062e+06,0
0,20,attn_o_proj,GPU,1.83062e+06,1.83323e+06,2600.32
0,20,Linear,GPU,1.83062e+06,1.83323e+06,2600.32
0,20,all_reduce,GPU,1.83323e+06,1.83846e+06,5236.91
0,20,residual_1,GPU,1.83846e+06,1.83862e+06,158.854
0,20,post_attn_layer_norm,GPU,1.83862e+06,1.83878e+06,158.854
0,20,expertFFN,GPU,1.83878e+06,1.91328e+06,74497.9
0,20,sync_0,GPU,1.83878e+06,1.83878e+06,0
0,20,sync__set,GPU,1.83878e+06,1.83878e+06,0
0,20,sync__,GPU,1.83878e+06,1.83878e+06,0
0,20,gate_fn,GPU,1.83878e+06,1.83888e+06,97.9093
0,20,Linear,GPU,1.83878e+06,1.83888e+06,97.9093
0,20,gate_update,GPU,1.83888e+06,1.83888e+06,0
0,20,moe_scatter,GPU,1.83888e+06,1.83888e+06,0
0,20,sync_for_moe_scatter,GPU,1.83888e+06,1.83888e+06,0
0,20,sync__set,GPU,1.83888e+06,1.83888e+06,0
0,20,sync__,GPU,1.83888e+06,1.83888e+06,0
0,20,moe_route,GPU,1.83888e+06,1.83888e+06,0
0,20,expert_FFN_0,GPU,1.83888e+06,1.8685e+06,29619.3
0,20,gate_proj,GPU,1.83888e+06,1.84873e+06,9853.86
0,20,Linear,Logic,1.83888e+06,1.84873e+06,9853.86
0,20,activation,Logic,1.84873e+06,1.84879e+06,57.7375
0,20,up_proj,GPU,1.84879e+06,1.85864e+06,9853.86
0,20,Linear,Logic,1.84879e+06,1.85864e+06,9853.86
0,20,down_proj,GPU,1.85864e+06,1.8685e+06,9853.86
0,20,Linear,Logic,1.85864e+06,1.8685e+06,9853.86
0,20,expert_FFN_1,GPU,1.8685e+06,1.89486e+06,26364.9
0,20,gate_proj,GPU,1.8685e+06,1.87727e+06,8775.48
0,20,Linear,Logic,1.8685e+06,1.87727e+06,8775.48
0,20,activation,Logic,1.87727e+06,1.87731e+06,38.4916
0,20,up_proj,GPU,1.87731e+06,1.88609e+06,8775.48
0,20,Linear,Logic,1.87731e+06,1.88609e+06,8775.48
0,20,down_proj,GPU,1.88609e+06,1.89486e+06,8775.48
0,20,Linear,Logic,1.88609e+06,1.89486e+06,8775.48
0,20,sync_2,GPU,1.89486e+06,1.90804e+06,13178.8
0,20,sync__set,GPU,1.89486e+06,1.89486e+06,0
0,20,sync__,GPU,1.89486e+06,1.90804e+06,13178.8
0,20,moe_all_reduce_for_e_tp,GPU,1.90804e+06,1.90804e+06,0
0,20,sync_3,GPU,1.90804e+06,1.90804e+06,0
0,20,sync__set,GPU,1.90804e+06,1.90804e+06,0
0,20,sync__,GPU,1.90804e+06,1.90804e+06,0
0,20,moe_gather,GPU,1.90804e+06,1.90804e+06,0
0,20,sync_for_moe_gather,GPU,1.90804e+06,1.90804e+06,0
0,20,sync__set,GPU,1.90804e+06,1.90804e+06,0
0,20,sync__,GPU,1.90804e+06,1.90804e+06,0
0,20,moe_all_reduce_for_gather,GPU,1.90804e+06,1.91328e+06,5236.91
0,20,sync_5,GPU,1.91328e+06,1.91328e+06,0
0,20,sync__set,GPU,1.91328e+06,1.91328e+06,0
0,20,sync__,GPU,1.91328e+06,1.91328e+06,0
0,20,sync_6,GPU,1.91328e+06,1.91328e+06,0
0,20,sync__set,GPU,1.91328e+06,1.91328e+06,0
0,20,sync__,GPU,1.91328e+06,1.91328e+06,0
0,20,residual_2,GPU,1.91328e+06,1.91344e+06,158.854
0,21,MoE_decoder_21,GPU,1.91344e+06,2.00552e+06,92079
0,21,input_layer_norm,GPU,1.91344e+06,1.9136e+06,158.854
0,21,attention,GPU,1.9136e+06,1.93054e+06,16945.7
0,21,attn_qkv_proj,GPU,1.9136e+06,1.91746e+06,3861.38
0,21,Linear,GPU,1.9136e+06,1.91746e+06,3861.38
0,21,self_attention,GPU,1.91746e+06,1.9227e+06,5247.08
0,21,AttentionSplit,GPU,1.91746e+06,1.91746e+06,0
0,21,AttentionSum,Logic,1.91746e+06,1.91746e+06,0
0,21,AttentionGen,Logic,1.91746e+06,1.9227e+06,5247.08
0,21,AttentionMerge,GPU,1.9227e+06,1.9227e+06,0
0,21,attn_o_proj,GPU,1.9227e+06,1.9253e+06,2600.32
0,21,Linear,GPU,1.9227e+06,1.9253e+06,2600.32
0,21,all_reduce,GPU,1.9253e+06,1.93054e+06,5236.91
0,21,residual_1,GPU,1.93054e+06,1.9307e+06,158.854
0,21,post_attn_layer_norm,GPU,1.9307e+06,1.93086e+06,158.854
0,21,expertFFN,GPU,1.93086e+06,2.00536e+06,74497.9
0,21,sync_0,GPU,1.93086e+06,1.93086e+06,0
0,21,sync__set,GPU,1.93086e+06,1.93086e+06,0
0,21,sync__,GPU,1.93086e+06,1.93086e+06,0
0,21,gate_fn,GPU,1.93086e+06,1.93096e+06,97.9093
0,21,Linear,GPU,1.93086e+06,1.93096e+06,97.9093
0,21,gate_update,GPU,1.93096e+06,1.93096e+06,0
0,21,moe_scatter,GPU,1.93096e+06,1.93096e+06,0
0,21,sync_for_moe_scatter,GPU,1.93096e+06,1.93096e+06,0
0,21,sync__set,GPU,1.93096e+06,1.93096e+06,0
0,21,sync__,GPU,1.93096e+06,1.93096e+06,0
0,21,moe_route,GPU,1.93096e+06,1.93096e+06,0
0,21,expert_FFN_0,GPU,1.93096e+06,1.95728e+06,26321
0,21,gate_proj,GPU,1.93096e+06,1.93972e+06,8767.24
0,21,Linear,Logic,1.93096e+06,1.93972e+06,8767.24
0,21,activation,Logic,1.93972e+06,1.93974e+06,19.2458
0,21,up_proj,GPU,1.93974e+06,1.94851e+06,8767.24
0,21,Linear,Logic,1.93974e+06,1.94851e+06,8767.24
0,21,down_proj,GPU,1.94851e+06,1.95728e+06,8767.24
0,21,Linear,Logic,1.94851e+06,1.95728e+06,8767.24
0,21,expert_FFN_1,GPU,1.95728e+06,1.99348e+06,36201.4
0,21,gate_proj,GPU,1.95728e+06,1.96932e+06,12043.6
0,21,Linear,Logic,1.95728e+06,1.96932e+06,12043.6
0,21,activation,Logic,1.96932e+06,1.96939e+06,70.568
0,21,up_proj,GPU,1.96939e+06,1.98144e+06,12043.6
0,21,Linear,Logic,1.96939e+06,1.98144e+06,12043.6
0,21,down_proj,GPU,1.98144e+06,1.99348e+06,12043.6
0,21,Linear,Logic,1.98144e+06,1.99348e+06,12043.6
0,21,sync_2,GPU,1.99348e+06,2.00012e+06,6640.73
0,21,sync__set,GPU,1.99348e+06,1.99348e+06,0
0,21,sync__,GPU,1.99348e+06,2.00012e+06,6640.73
0,21,moe_all_reduce_for_e_tp,GPU,2.00012e+06,2.00012e+06,0
0,21,sync_3,GPU,2.00012e+06,2.00012e+06,0
0,21,sync__set,GPU,2.00012e+06,2.00012e+06,0
0,21,sync__,GPU,2.00012e+06,2.00012e+06,0
0,21,moe_gather,GPU,2.00012e+06,2.00012e+06,0
0,21,sync_for_moe_gather,GPU,2.00012e+06,2.00012e+06,0
0,21,sync__set,GPU,2.00012e+06,2.00012e+06,0
0,21,sync__,GPU,2.00012e+06,2.00012e+06,0
0,21,moe_all_reduce_for_gather,GPU,2.00012e+06,2.00536e+06,5236.91
0,21,sync_5,GPU,2.00536e+06,2.00536e+06,0
0,21,sync__set,GPU,2.00536e+06,2.00536e+06,0
0,21,sync__,GPU,2.00536e+06,2.00536e+06,0
0,21,sync_6,GPU,2.00536e+06,2.00536e+06,0
0,21,sync__set,GPU,2.00536e+06,2.00536e+06,0
0,21,sync__,GPU,2.00536e+06,2.00536e+06,0
0,21,residual_2,GPU,2.00536e+06,2.00552e+06,158.854
0,22,MoE_decoder_22,GPU,2.00552e+06,2.09096e+06,85445.6
0,22,input_layer_norm,GPU,2.00552e+06,2.00567e+06,158.854
0,22,attention,GPU,2.00567e+06,2.02262e+06,16945.7
0,22,attn_qkv_proj,GPU,2.00567e+06,2.00954e+06,3861.38
0,22,Linear,GPU,2.00567e+06,2.00954e+06,3861.38
0,22,self_attention,GPU,2.00954e+06,2.01478e+06,5247.08
0,22,AttentionSplit,GPU,2.00954e+06,2.00954e+06,0
0,22,AttentionSum,Logic,2.00954e+06,2.00954e+06,0
0,22,AttentionGen,Logic,2.00954e+06,2.01478e+06,5247.08
0,22,AttentionMerge,GPU,2.01478e+06,2.01478e+06,0
0,22,attn_o_proj,GPU,2.01478e+06,2.01738e+06,2600.32
0,22,Linear,GPU,2.01478e+06,2.01738e+06,2600.32
0,22,all_reduce,GPU,2.01738e+06,2.02262e+06,5236.91
0,22,residual_1,GPU,2.02262e+06,2.02278e+06,158.854
0,22,post_attn_layer_norm,GPU,2.02278e+06,2.02294e+06,158.854
0,22,expertFFN,GPU,2.02294e+06,2.0908e+06,67864.5
0,22,sync_0,GPU,2.02294e+06,2.02294e+06,0
0,22,sync__set,GPU,2.02294e+06,2.02294e+06,0
0,22,sync__,GPU,2.02294e+06,2.02294e+06,0
0,22,gate_fn,GPU,2.02294e+06,2.02304e+06,97.9093
0,22,Linear,GPU,2.02294e+06,2.02304e+06,97.9093
0,22,gate_update,GPU,2.02304e+06,2.02304e+06,0
0,22,moe_scatter,GPU,2.02304e+06,2.02304e+06,0
0,22,sync_for_moe_scatter,GPU,2.02304e+06,2.02304e+06,0
0,22,sync__set,GPU,2.02304e+06,2.02304e+06,0
0,22,sync__,GPU,2.02304e+06,2.02304e+06,0
0,22,moe_route,GPU,2.02304e+06,2.02304e+06,0
0,22,expert_FFN_0,GPU,2.02304e+06,2.04943e+06,26394.3
0,22,gate_proj,GPU,2.02304e+06,2.03182e+06,8780.98
0,22,Linear,Logic,2.02304e+06,2.03182e+06,8780.98
0,22,activation,Logic,2.03182e+06,2.03187e+06,51.3222
0,22,up_proj,GPU,2.03187e+06,2.04065e+06,8780.98
0,22,Linear,Logic,2.03187e+06,2.04065e+06,8780.98
0,22,down_proj,GPU,2.04065e+06,2.04943e+06,8780.98
0,22,Linear,Logic,2.04065e+06,2.04943e+06,8780.98
0,22,expert_FFN_1,GPU,2.04943e+06,2.07582e+06,26394.3
0,22,gate_proj,GPU,2.04943e+06,2.05821e+06,8780.98
0,22,Linear,Logic,2.04943e+06,2.05821e+06,8780.98
0,22,activation,Logic,2.05821e+06,2.05826e+06,51.3222
0,22,up_proj,GPU,2.05826e+06,2.06704e+06,8780.98
0,22,Linear,Logic,2.05826e+06,2.06704e+06,8780.98
0,22,down_proj,GPU,2.06704e+06,2.07582e+06,8780.98
0,22,Linear,Logic,2.06704e+06,2.07582e+06,8780.98
0,22,sync_2,GPU,2.07582e+06,2.08557e+06,9741.14
0,22,sync__set,GPU,2.07582e+06,2.07582e+06,0
0,22,sync__,GPU,2.07582e+06,2.08557e+06,9741.14
0,22,moe_all_reduce_for_e_tp,GPU,2.08557e+06,2.08557e+06,0
0,22,sync_3,GPU,2.08557e+06,2.08557e+06,0
0,22,sync__set,GPU,2.08557e+06,2.08557e+06,0
0,22,sync__,GPU,2.08557e+06,2.08557e+06,0
0,22,moe_gather,GPU,2.08557e+06,2.08557e+06,0
0,22,sync_for_moe_gather,GPU,2.08557e+06,2.08557e+06,0
0,22,sync__set,GPU,2.08557e+06,2.08557e+06,0
0,22,sync__,GPU,2.08557e+06,2.08557e+06,0
0,22,moe_all_reduce_for_gather,GPU,2.08557e+06,2.0908e+06,5236.91
0,22,sync_5,GPU,2.0908e+06,2.0908e+06,0
0,22,sync__set,GPU,2.0908e+06,2.0908e+06,0
0,22,sync__,GPU,2.0908e+06,2.0908e+06,0
0,22,sync_6,GPU,2.0908e+06,2.0908e+06,0
0,22,sync__set,GPU,2.0908e+06,2.0908e+06,0
0,22,sync__,GPU,2.0908e+06,2.0908e+06,0
0,22,residual_2,GPU,2.0908e+06,2.09096e+06,158.854
0,23,MoE_decoder_23,GPU,2.09096e+06,2.17975e+06,88788
0,23,input_layer_norm,GPU,2.09096e+06,2.09112e+06,158.854
0,23,attention,GPU,2.09112e+06,2.10807e+06,16945.7
0,23,attn_qkv_proj,GPU,2.09112e+06,2.09498e+06,3861.38
0,23,Linear,GPU,2.09112e+06,2.09498e+06,3861.38
0,23,self_attention,GPU,2.09498e+06,2.10023e+06,5247.08
0,23,AttentionSplit,GPU,2.09498e+06,2.09498e+06,0
0,23,AttentionSum,Logic,2.09498e+06,2.09498e+06,0
0,23,AttentionGen,Logic,2.09498e+06,2.10023e+06,5247.08
0,23,AttentionMerge,GPU,2.10023e+06,2.10023e+06,0
0,23,attn_o_proj,GPU,2.10023e+06,2.10283e+06,2600.32
0,23,Linear,GPU,2.10023e+06,2.10283e+06,2600.32
0,23,all_reduce,GPU,2.10283e+06,2.10807e+06,5236.91
0,23,residual_1,GPU,2.10807e+06,2.10822e+06,158.854
0,23,post_attn_layer_norm,GPU,2.10822e+06,2.10838e+06,158.854
0,23,expertFFN,GPU,2.10838e+06,2.17959e+06,71206.9
0,23,sync_0,GPU,2.10838e+06,2.10838e+06,0
0,23,sync__set,GPU,2.10838e+06,2.10838e+06,0
0,23,sync__,GPU,2.10838e+06,2.10838e+06,0
0,23,gate_fn,GPU,2.10838e+06,2.10848e+06,97.9093
0,23,Linear,GPU,2.10838e+06,2.10848e+06,97.9093
0,23,gate_update,GPU,2.10848e+06,2.10848e+06,0
0,23,moe_scatter,GPU,2.10848e+06,2.10848e+06,0
0,23,sync_for_moe_scatter,GPU,2.10848e+06,2.10848e+06,0
0,23,sync__set,GPU,2.10848e+06,2.10848e+06,0
0,23,sync__,GPU,2.10848e+06,2.10848e+06,0
0,23,moe_route,GPU,2.10848e+06,2.10848e+06,0
0,23,expert_FFN_0,GPU,2.10848e+06,2.13486e+06,26379.6
0,23,gate_proj,GPU,2.10848e+06,2.11726e+06,8778.23
0,23,Linear,Logic,2.10848e+06,2.11726e+06,8778.23
0,23,activation,Logic,2.11726e+06,2.1173e+06,44.9069
0,23,up_proj,GPU,2.1173e+06,2.12608e+06,8778.23
0,23,Linear,Logic,2.1173e+06,2.12608e+06,8778.23
0,23,down_proj,GPU,2.12608e+06,2.13486e+06,8778.23
0,23,Linear,Logic,2.12608e+06,2.13486e+06,8778.23
0,23,expert_FFN_1,GPU,2.13486e+06,2.1612e+06,26335.6
0,23,gate_proj,GPU,2.13486e+06,2.14363e+06,8769.99
0,23,Linear,Logic,2.13486e+06,2.14363e+06,8769.99
0,23,activation,Logic,2.14363e+06,2.14366e+06,25.6611
0,23,up_proj,GPU,2.14366e+06,2.15243e+06,8769.99
0,23,Linear,Logic,2.14366e+06,2.15243e+06,8769.99
0,23,down_proj,GPU,2.15243e+06,2.1612e+06,8769.99
0,23,Linear,Logic,2.15243e+06,2.1612e+06,8769.99
0,23,sync_2,GPU,2.1612e+06,2.17435e+06,13156.8
0,23,sync__set,GPU,2.1612e+06,2.1612e+06,0
0,23,sync__,GPU,2.1612e+06,2.17435e+06,13156.8
0,23,moe_all_reduce_for_e_tp,GPU,2.17435e+06,2.17435e+06,0
0,23,sync_3,GPU,2.17435e+06,2.17435e+06,0
0,23,sync__set,GPU,2.17435e+06,2.17435e+06,0
0,23,sync__,GPU,2.17435e+06,2.17435e+06,0
0,23,moe_gather,GPU,2.17435e+06,2.17435e+06,0
0,23,sync_for_moe_gather,GPU,2.17435e+06,2.17435e+06,0
0,23,sync__set,GPU,2.17435e+06,2.17435e+06,0
0,23,sync__,GPU,2.17435e+06,2.17435e+06,0
0,23,moe_all_reduce_for_gather,GPU,2.17435e+06,2.17959e+06,5236.91
0,23,sync_5,GPU,2.17959e+06,2.17959e+06,0
0,23,sync__set,GPU,2.17959e+06,2.17959e+06,0
0,23,sync__,GPU,2.17959e+06,2.17959e+06,0
0,23,sync_6,GPU,2.17959e+06,2.17959e+06,0
0,23,sync__set,GPU,2.17959e+06,2.17959e+06,0
0,23,sync__,GPU,2.17959e+06,2.17959e+06,0
0,23,residual_2,GPU,2.17959e+06,2.17975e+06,158.854
0,24,MoE_decoder_24,GPU,2.17975e+06,2.26849e+06,88736.6
0,24,input_layer_norm,GPU,2.17975e+06,2.17991e+06,158.854
0,24,attention,GPU,2.17991e+06,2.19685e+06,16945.7
0,24,attn_qkv_proj,GPU,2.17991e+06,2.18377e+06,3861.38
0,24,Linear,GPU,2.17991e+06,2.18377e+06,3861.38
0,24,self_attention,GPU,2.18377e+06,2.18902e+06,5247.08
0,24,AttentionSplit,GPU,2.18377e+06,2.18377e+06,0
0,24,AttentionSum,Logic,2.18377e+06,2.18377e+06,0
0,24,AttentionGen,Logic,2.18377e+06,2.18902e+06,5247.08
0,24,AttentionMerge,GPU,2.18902e+06,2.18902e+06,0
0,24,attn_o_proj,GPU,2.18902e+06,2.19162e+06,2600.32
0,24,Linear,GPU,2.18902e+06,2.19162e+06,2600.32
0,24,all_reduce,GPU,2.19162e+06,2.19685e+06,5236.91
0,24,residual_1,GPU,2.19685e+06,2.19701e+06,158.854
0,24,post_attn_layer_norm,GPU,2.19701e+06,2.19717e+06,158.854
0,24,expertFFN,GPU,2.19717e+06,2.26833e+06,71155.5
0,24,sync_0,GPU,2.19717e+06,2.19717e+06,0
0,24,sync__set,GPU,2.19717e+06,2.19717e+06,0
0,24,sync__,GPU,2.19717e+06,2.19717e+06,0
0,24,gate_fn,GPU,2.19717e+06,2.19727e+06,97.9093
0,24,Linear,GPU,2.19717e+06,2.19727e+06,97.9093
0,24,gate_update,GPU,2.19727e+06,2.19727e+06,0
0,24,moe_scatter,GPU,2.19727e+06,2.19727e+06,0
0,24,sync_for_moe_scatter,GPU,2.19727e+06,2.19727e+06,0
0,24,sync__set,GPU,2.19727e+06,2.19727e+06,0
0,24,sync__,GPU,2.19727e+06,2.19727e+06,0
0,24,moe_route,GPU,2.19727e+06,2.19727e+06,0
0,24,expert_FFN_0,GPU,2.19727e+06,2.23018e+06,32910.4
0,24,gate_proj,GPU,2.19727e+06,2.20822e+06,10948.7
0,24,Linear,Logic,2.19727e+06,2.20822e+06,10948.7
0,24,activation,Logic,2.20822e+06,2.20828e+06,64.1527
0,24,up_proj,GPU,2.20828e+06,2.21923e+06,10948.7
0,24,Linear,Logic,2.20828e+06,2.21923e+06,10948.7
0,24,down_proj,GPU,2.21923e+06,2.23018e+06,10948.7
0,24,Linear,Logic,2.21923e+06,2.23018e+06,10948.7
0,24,expert_FFN_1,GPU,2.23018e+06,2.26309e+06,32910.4
0,24,gate_proj,GPU,2.23018e+06,2.24113e+06,10948.7
0,24,Linear,Logic,2.23018e+06,2.24113e+06,10948.7
0,24,activation,Logic,2.24113e+06,2.24119e+06,64.1527
0,24,up_proj,GPU,2.24119e+06,2.25214e+06,10948.7
0,24,Linear,Logic,2.24119e+06,2.25214e+06,10948.7
0,24,down_proj,GPU,2.25214e+06,2.26309e+06,10948.7
0,24,Linear,Logic,2.25214e+06,2.26309e+06,10948.7
0,24,sync_2,GPU,2.26309e+06,2.26309e+06,0
0,24,sync__set,GPU,2.26309e+06,2.26309e+06,0
0,24,sync__,GPU,2.26309e+06,2.26309e+06,0
0,24,moe_all_reduce_for_e_tp,GPU,2.26309e+06,2.26309e+06,0
0,24,sync_3,GPU,2.26309e+06,2.26309e+06,0
0,24,sync__set,GPU,2.26309e+06,2.26309e+06,0
0,24,sync__,GPU,2.26309e+06,2.26309e+06,0
0,24,moe_gather,GPU,2.26309e+06,2.26309e+06,0
0,24,sync_for_moe_gather,GPU,2.26309e+06,2.26309e+06,0
0,24,sync__set,GPU,2.26309e+06,2.26309e+06,0
0,24,sync__,GPU,2.26309e+06,2.26309e+06,0
0,24,moe_all_reduce_for_gather,GPU,2.26309e+06,2.26833e+06,5236.91
0,24,sync_5,GPU,2.26833e+06,2.26833e+06,0
0,24,sync__set,GPU,2.26833e+06,2.26833e+06,0
0,24,sync__,GPU,2.26833e+06,2.26833e+06,0
0,24,sync_6,GPU,2.26833e+06,2.26833e+06,0
0,24,sync__set,GPU,2.26833e+06,2.26833e+06,0
0,24,sync__,GPU,2.26833e+06,2.26833e+06,0
0,24,residual_2,GPU,2.26833e+06,2.26849e+06,158.854
0,25,MoE_decoder_25,GPU,2.26849e+06,2.37044e+06,101952
0,25,input_layer_norm,GPU,2.26849e+06,2.26864e+06,158.854
0,25,attention,GPU,2.26864e+06,2.28559e+06,16945.7
0,25,attn_qkv_proj,GPU,2.26864e+06,2.27251e+06,3861.38
0,25,Linear,GPU,2.26864e+06,2.27251e+06,3861.38
0,25,self_attention,GPU,2.27251e+06,2.27775e+06,5247.08
0,25,AttentionSplit,GPU,2.27251e+06,2.27251e+06,0
0,25,AttentionSum,Logic,2.27251e+06,2.27251e+06,0
0,25,AttentionGen,Logic,2.27251e+06,2.27775e+06,5247.08
0,25,AttentionMerge,GPU,2.27775e+06,2.27775e+06,0
0,25,attn_o_proj,GPU,2.27775e+06,2.28035e+06,2600.32
0,25,Linear,GPU,2.27775e+06,2.28035e+06,2600.32
0,25,all_reduce,GPU,2.28035e+06,2.28559e+06,5236.91
0,25,residual_1,GPU,2.28559e+06,2.28575e+06,158.854
0,25,post_attn_layer_norm,GPU,2.28575e+06,2.28591e+06,158.854
0,25,expertFFN,GPU,2.28591e+06,2.37028e+06,84371
0,25,sync_0,GPU,2.28591e+06,2.28591e+06,0
0,25,sync__set,GPU,2.28591e+06,2.28591e+06,0
0,25,sync__,GPU,2.28591e+06,2.28591e+06,0
0,25,gate_fn,GPU,2.28591e+06,2.28601e+06,97.9093
0,25,Linear,GPU,2.28591e+06,2.28601e+06,97.9093
0,25,gate_update,GPU,2.28601e+06,2.28601e+06,0
0,25,moe_scatter,GPU,2.28601e+06,2.28601e+06,0
0,25,sync_for_moe_scatter,GPU,2.28601e+06,2.28601e+06,0
0,25,sync__set,GPU,2.28601e+06,2.28601e+06,0
0,25,sync__,GPU,2.28601e+06,2.28601e+06,0
0,25,moe_route,GPU,2.28601e+06,2.28601e+06,0
0,25,expert_FFN_0,GPU,2.28601e+06,2.31239e+06,26379.6
0,25,gate_proj,GPU,2.28601e+06,2.29478e+06,8778.23
0,25,Linear,Logic,2.28601e+06,2.29478e+06,8778.23
0,25,activation,Logic,2.29478e+06,2.29483e+06,44.9069
0,25,up_proj,GPU,2.29483e+06,2.30361e+06,8778.23
0,25,Linear,Logic,2.29483e+06,2.30361e+06,8778.23
0,25,down_proj,GPU,2.30361e+06,2.31239e+06,8778.23
0,25,Linear,Logic,2.30361e+06,2.31239e+06,8778.23
0,25,expert_FFN_1,GPU,2.31239e+06,2.36504e+06,52656.6
0,25,gate_proj,GPU,2.31239e+06,2.3299e+06,17518
0,25,Linear,Logic,2.31239e+06,2.3299e+06,17518
0,25,activation,Logic,2.3299e+06,2.33001e+06,102.644
0,25,up_proj,GPU,2.33001e+06,2.34752e+06,17518
0,25,Linear,Logic,2.33001e+06,2.34752e+06,17518
0,25,down_proj,GPU,2.34752e+06,2.36504e+06,17518
0,25,Linear,Logic,2.34752e+06,2.36504e+06,17518
0,25,sync_2,GPU,2.36504e+06,2.36504e+06,0
0,25,sync__set,GPU,2.36504e+06,2.36504e+06,0
0,25,sync__,GPU,2.36504e+06,2.36504e+06,0
0,25,moe_all_reduce_for_e_tp,GPU,2.36504e+06,2.36504e+06,0
0,25,sync_3,GPU,2.36504e+06,2.36504e+06,0
0,25,sync__set,GPU,2.36504e+06,2.36504e+06,0
0,25,sync__,GPU,2.36504e+06,2.36504e+06,0
0,25,moe_gather,GPU,2.36504e+06,2.36504e+06,0
0,25,sync_for_moe_gather,GPU,2.36504e+06,2.36504e+06,0
0,25,sync__set,GPU,2.36504e+06,2.36504e+06,0
0,25,sync__,GPU,2.36504e+06,2.36504e+06,0
0,25,moe_all_reduce_for_gather,GPU,2.36504e+06,2.37028e+06,5236.91
0,25,sync_5,GPU,2.37028e+06,2.37028e+06,0
0,25,sync__set,GPU,2.37028e+06,2.37028e+06,0
0,25,sync__,GPU,2.37028e+06,2.37028e+06,0
0,25,sync_6,GPU,2.37028e+06,2.37028e+06,0
0,25,sync__set,GPU,2.37028e+06,2.37028e+06,0
0,25,sync__,GPU,2.37028e+06,2.37028e+06,0
0,25,residual_2,GPU,2.37028e+06,2.37044e+06,158.854
0,26,MoE_decoder_26,GPU,2.37044e+06,2.47563e+06,105192
0,26,input_layer_norm,GPU,2.37044e+06,2.3706e+06,158.854
0,26,attention,GPU,2.3706e+06,2.38754e+06,16945.7
0,26,attn_qkv_proj,GPU,2.3706e+06,2.37446e+06,3861.38
0,26,Linear,GPU,2.3706e+06,2.37446e+06,3861.38
0,26,self_attention,GPU,2.37446e+06,2.37971e+06,5247.08
0,26,AttentionSplit,GPU,2.37446e+06,2.37446e+06,0
0,26,AttentionSum,Logic,2.37446e+06,2.37446e+06,0
0,26,AttentionGen,Logic,2.37446e+06,2.37971e+06,5247.08
0,26,AttentionMerge,GPU,2.37971e+06,2.37971e+06,0
0,26,attn_o_proj,GPU,2.37971e+06,2.38231e+06,2600.32
0,26,Linear,GPU,2.37971e+06,2.38231e+06,2600.32
0,26,all_reduce,GPU,2.38231e+06,2.38754e+06,5236.91
0,26,residual_1,GPU,2.38754e+06,2.3877e+06,158.854
0,26,post_attn_layer_norm,GPU,2.3877e+06,2.38786e+06,158.854
0,26,expertFFN,GPU,2.38786e+06,2.47547e+06,87610.7
0,26,sync_0,GPU,2.38786e+06,2.38786e+06,0
0,26,sync__set,GPU,2.38786e+06,2.38786e+06,0
0,26,sync__,GPU,2.38786e+06,2.38786e+06,0
0,26,gate_fn,GPU,2.38786e+06,2.38796e+06,97.9093
0,26,Linear,GPU,2.38786e+06,2.38796e+06,97.9093
0,26,gate_update,GPU,2.38796e+06,2.38796e+06,0
0,26,moe_scatter,GPU,2.38796e+06,2.38796e+06,0
0,26,sync_for_moe_scatter,GPU,2.38796e+06,2.38796e+06,0
0,26,sync__set,GPU,2.38796e+06,2.38796e+06,0
0,26,sync__,GPU,2.38796e+06,2.38796e+06,0
0,26,moe_route,GPU,2.38796e+06,2.38796e+06,0
0,26,expert_FFN_0,GPU,2.38796e+06,2.42745e+06,39492.4
0,26,gate_proj,GPU,2.38796e+06,2.4011e+06,13138.5
0,26,Linear,Logic,2.38796e+06,2.4011e+06,13138.5
0,26,activation,Logic,2.4011e+06,2.40117e+06,76.9833
0,26,up_proj,GPU,2.40117e+06,2.41431e+06,13138.5
0,26,Linear,Logic,2.40117e+06,2.41431e+06,13138.5
0,26,down_proj,GPU,2.41431e+06,2.42745e+06,13138.5
0,26,Linear,Logic,2.41431e+06,2.42745e+06,13138.5
0,26,expert_FFN_1,GPU,2.42745e+06,2.47023e+06,42783.5
0,26,gate_proj,GPU,2.42745e+06,2.44168e+06,14233.4
0,26,Linear,Logic,2.42745e+06,2.44168e+06,14233.4
0,26,activation,Logic,2.44168e+06,2.44177e+06,83.3986
0,26,up_proj,GPU,2.44177e+06,2.456e+06,14233.4
0,26,Linear,Logic,2.44177e+06,2.456e+06,14233.4
0,26,down_proj,GPU,2.456e+06,2.47023e+06,14233.4
0,26,Linear,Logic,2.456e+06,2.47023e+06,14233.4
0,26,sync_2,GPU,2.47023e+06,2.47023e+06,0
0,26,sync__set,GPU,2.47023e+06,2.47023e+06,0
0,26,sync__,GPU,2.47023e+06,2.47023e+06,0
0,26,moe_all_reduce_for_e_tp,GPU,2.47023e+06,2.47023e+06,0
0,26,sync_3,GPU,2.47023e+06,2.47023e+06,0
0,26,sync__set,GPU,2.47023e+06,2.47023e+06,0
0,26,sync__,GPU,2.47023e+06,2.47023e+06,0
0,26,moe_gather,GPU,2.47023e+06,2.47023e+06,0
0,26,sync_for_moe_gather,GPU,2.47023e+06,2.47023e+06,0
0,26,sync__set,GPU,2.47023e+06,2.47023e+06,0
0,26,sync__,GPU,2.47023e+06,2.47023e+06,0
0,26,moe_all_reduce_for_gather,GPU,2.47023e+06,2.47547e+06,5236.91
0,26,sync_5,GPU,2.47547e+06,2.47547e+06,0
0,26,sync__set,GPU,2.47547e+06,2.47547e+06,0
0,26,sync__,GPU,2.47547e+06,2.47547e+06,0
0,26,sync_6,GPU,2.47547e+06,2.47547e+06,0
0,26,sync__set,GPU,2.47547e+06,2.47547e+06,0
0,26,sync__,GPU,2.47547e+06,2.47547e+06,0
0,26,residual_2,GPU,2.47547e+06,2.47563e+06,158.854
0,27,MoE_decoder_27,GPU,2.47563e+06,2.55782e+06,82191.2
0,27,input_layer_norm,GPU,2.47563e+06,2.47579e+06,158.854
0,27,attention,GPU,2.47579e+06,2.49273e+06,16945.7
0,27,attn_qkv_proj,GPU,2.47579e+06,2.47965e+06,3861.38
0,27,Linear,GPU,2.47579e+06,2.47965e+06,3861.38
0,27,self_attention,GPU,2.47965e+06,2.4849e+06,5247.08
0,27,AttentionSplit,GPU,2.47965e+06,2.47965e+06,0
0,27,AttentionSum,Logic,2.47965e+06,2.47965e+06,0
0,27,AttentionGen,Logic,2.47965e+06,2.4849e+06,5247.08
0,27,AttentionMerge,GPU,2.4849e+06,2.4849e+06,0
0,27,attn_o_proj,GPU,2.4849e+06,2.4875e+06,2600.32
0,27,Linear,GPU,2.4849e+06,2.4875e+06,2600.32
0,27,all_reduce,GPU,2.4875e+06,2.49273e+06,5236.91
0,27,residual_1,GPU,2.49273e+06,2.49289e+06,158.854
0,27,post_attn_layer_norm,GPU,2.49289e+06,2.49305e+06,158.854
0,27,expertFFN,GPU,2.49305e+06,2.55766e+06,64610.1
0,27,sync_0,GPU,2.49305e+06,2.49305e+06,0
0,27,sync__set,GPU,2.49305e+06,2.49305e+06,0
0,27,sync__,GPU,2.49305e+06,2.49305e+06,0
0,27,gate_fn,GPU,2.49305e+06,2.49315e+06,97.9093
0,27,Linear,GPU,2.49305e+06,2.49315e+06,97.9093
0,27,gate_update,GPU,2.49315e+06,2.49315e+06,0
0,27,moe_scatter,GPU,2.49315e+06,2.49315e+06,0
0,27,sync_for_moe_scatter,GPU,2.49315e+06,2.49315e+06,0
0,27,sync__set,GPU,2.49315e+06,2.49315e+06,0
0,27,sync__,GPU,2.49315e+06,2.49315e+06,0
0,27,moe_route,GPU,2.49315e+06,2.49315e+06,0
0,27,expert_FFN_0,GPU,2.49315e+06,2.5195e+06,26350.3
0,27,gate_proj,GPU,2.49315e+06,2.50192e+06,8772.74
0,27,Linear,Logic,2.49315e+06,2.50192e+06,8772.74
0,27,activation,Logic,2.50192e+06,2.50195e+06,32.0764
0,27,up_proj,GPU,2.50195e+06,2.51073e+06,8772.74
0,27,Linear,Logic,2.50195e+06,2.51073e+06,8772.74
0,27,down_proj,GPU,2.51073e+06,2.5195e+06,8772.74
0,27,Linear,Logic,2.51073e+06,2.5195e+06,8772.74
0,27,expert_FFN_1,GPU,2.5195e+06,2.55241e+06,32910.4
0,27,gate_proj,GPU,2.5195e+06,2.53045e+06,10948.7
0,27,Linear,Logic,2.5195e+06,2.53045e+06,10948.7
0,27,activation,Logic,2.53045e+06,2.53051e+06,64.1527
0,27,up_proj,GPU,2.53051e+06,2.54146e+06,10948.7
0,27,Linear,Logic,2.53051e+06,2.54146e+06,10948.7
0,27,down_proj,GPU,2.54146e+06,2.55241e+06,10948.7
0,27,Linear,Logic,2.54146e+06,2.55241e+06,10948.7
0,27,sync_2,GPU,2.55241e+06,2.55243e+06,14.6635
0,27,sync__set,GPU,2.55241e+06,2.55241e+06,0
0,27,sync__,GPU,2.55241e+06,2.55243e+06,14.6635
0,27,moe_all_reduce_for_e_tp,GPU,2.55243e+06,2.55243e+06,0
0,27,sync_3,GPU,2.55243e+06,2.55243e+06,0
0,27,sync__set,GPU,2.55243e+06,2.55243e+06,0
0,27,sync__,GPU,2.55243e+06,2.55243e+06,0
0,27,moe_gather,GPU,2.55243e+06,2.55243e+06,0
0,27,sync_for_moe_gather,GPU,2.55243e+06,2.55243e+06,0
0,27,sync__set,GPU,2.55243e+06,2.55243e+06,0
0,27,sync__,GPU,2.55243e+06,2.55243e+06,0
0,27,moe_all_reduce_for_gather,GPU,2.55243e+06,2.55766e+06,5236.91
0,27,sync_5,GPU,2.55766e+06,2.55766e+06,0
0,27,sync__set,GPU,2.55766e+06,2.55766e+06,0
0,27,sync__,GPU,2.55766e+06,2.55766e+06,0
0,27,sync_6,GPU,2.55766e+06,2.55766e+06,0
0,27,sync__set,GPU,2.55766e+06,2.55766e+06,0
0,27,sync__,GPU,2.55766e+06,2.55766e+06,0
0,27,residual_2,GPU,2.55766e+06,2.55782e+06,158.854
0,28,MoE_decoder_28,GPU,2.55782e+06,2.64327e+06,85445.6
0,28,input_layer_norm,GPU,2.55782e+06,2.55798e+06,158.854
0,28,attention,GPU,2.55798e+06,2.57493e+06,16945.7
0,28,attn_qkv_proj,GPU,2.55798e+06,2.56184e+06,3861.38
0,28,Linear,GPU,2.55798e+06,2.56184e+06,3861.38
0,28,self_attention,GPU,2.56184e+06,2.56709e+06,5247.08
0,28,AttentionSplit,GPU,2.56184e+06,2.56184e+06,0
0,28,AttentionSum,Logic,2.56184e+06,2.56184e+06,0
0,28,AttentionGen,Logic,2.56184e+06,2.56709e+06,5247.08
0,28,AttentionMerge,GPU,2.56709e+06,2.56709e+06,0
0,28,attn_o_proj,GPU,2.56709e+06,2.56969e+06,2600.32
0,28,Linear,GPU,2.56709e+06,2.56969e+06,2600.32
0,28,all_reduce,GPU,2.56969e+06,2.57493e+06,5236.91
0,28,residual_1,GPU,2.57493e+06,2.57508e+06,158.854
0,28,post_attn_layer_norm,GPU,2.57508e+06,2.57524e+06,158.854
0,28,expertFFN,GPU,2.57524e+06,2.64311e+06,67864.5
0,28,sync_0,GPU,2.57524e+06,2.57524e+06,0
0,28,sync__set,GPU,2.57524e+06,2.57524e+06,0
0,28,sync__,GPU,2.57524e+06,2.57524e+06,0
0,28,gate_fn,GPU,2.57524e+06,2.57534e+06,97.9093
0,28,Linear,GPU,2.57524e+06,2.57534e+06,97.9093
0,28,gate_update,GPU,2.57534e+06,2.57534e+06,0
0,28,moe_scatter,GPU,2.57534e+06,2.57534e+06,0
0,28,sync_for_moe_scatter,GPU,2.57534e+06,2.57534e+06,0
0,28,sync__set,GPU,2.57534e+06,2.57534e+06,0
0,28,sync__,GPU,2.57534e+06,2.57534e+06,0
0,28,moe_route,GPU,2.57534e+06,2.57534e+06,0
0,28,expert_FFN_0,GPU,2.57534e+06,2.60496e+06,29619.3
0,28,gate_proj,GPU,2.57534e+06,2.58519e+06,9853.86
0,28,Linear,Logic,2.57534e+06,2.58519e+06,9853.86
0,28,activation,Logic,2.58519e+06,2.58525e+06,57.7375
0,28,up_proj,GPU,2.58525e+06,2.59511e+06,9853.86
0,28,Linear,Logic,2.58525e+06,2.59511e+06,9853.86
0,28,down_proj,GPU,2.59511e+06,2.60496e+06,9853.86
0,28,Linear,Logic,2.59511e+06,2.60496e+06,9853.86
0,28,expert_FFN_1,GPU,2.60496e+06,2.63787e+06,32910.4
0,28,gate_proj,GPU,2.60496e+06,2.61591e+06,10948.7
0,28,Linear,Logic,2.60496e+06,2.61591e+06,10948.7
0,28,activation,Logic,2.61591e+06,2.61597e+06,64.1527
0,28,up_proj,GPU,2.61597e+06,2.62692e+06,10948.7
0,28,Linear,Logic,2.61597e+06,2.62692e+06,10948.7
0,28,down_proj,GPU,2.62692e+06,2.63787e+06,10948.7
0,28,Linear,Logic,2.62692e+06,2.63787e+06,10948.7
0,28,sync_2,GPU,2.63787e+06,2.63787e+06,0
0,28,sync__set,GPU,2.63787e+06,2.63787e+06,0
0,28,sync__,GPU,2.63787e+06,2.63787e+06,0
0,28,moe_all_reduce_for_e_tp,GPU,2.63787e+06,2.63787e+06,0
0,28,sync_3,GPU,2.63787e+06,2.63787e+06,0
0,28,sync__set,GPU,2.63787e+06,2.63787e+06,0
0,28,sync__,GPU,2.63787e+06,2.63787e+06,0
0,28,moe_gather,GPU,2.63787e+06,2.63787e+06,0
0,28,sync_for_moe_gather,GPU,2.63787e+06,2.63787e+06,0
0,28,sync__set,GPU,2.63787e+06,2.63787e+06,0
0,28,sync__,GPU,2.63787e+06,2.63787e+06,0
0,28,moe_all_reduce_for_gather,GPU,2.63787e+06,2.64311e+06,5236.91
0,28,sync_5,GPU,2.64311e+06,2.64311e+06,0
0,28,sync__set,GPU,2.64311e+06,2.64311e+06,0
0,28,sync__,GPU,2.64311e+06,2.64311e+06,0
0,28,sync_6,GPU,2.64311e+06,2.64311e+06,0
0,28,sync__set,GPU,2.64311e+06,2.64311e+06,0
0,28,sync__,GPU,2.64311e+06,2.64311e+06,0
0,28,residual_2,GPU,2.64311e+06,2.64327e+06,158.854
0,29,MoE_decoder_29,GPU,2.64327e+06,2.73859e+06,95318.7
0,29,input_layer_norm,GPU,2.64327e+06,2.64343e+06,158.854
0,29,attention,GPU,2.64343e+06,2.66037e+06,16945.7
0,29,attn_qkv_proj,GPU,2.64343e+06,2.64729e+06,3861.38
0,29,Linear,GPU,2.64343e+06,2.64729e+06,3861.38
0,29,self_attention,GPU,2.64729e+06,2.65253e+06,5247.08
0,29,AttentionSplit,GPU,2.64729e+06,2.64729e+06,0
0,29,AttentionSum,Logic,2.64729e+06,2.64729e+06,0
0,29,AttentionGen,Logic,2.64729e+06,2.65253e+06,5247.08
0,29,AttentionMerge,GPU,2.65253e+06,2.65253e+06,0
0,29,attn_o_proj,GPU,2.65253e+06,2.65513e+06,2600.32
0,29,Linear,GPU,2.65253e+06,2.65513e+06,2600.32
0,29,all_reduce,GPU,2.65513e+06,2.66037e+06,5236.91
0,29,residual_1,GPU,2.66037e+06,2.66053e+06,158.854
0,29,post_attn_layer_norm,GPU,2.66053e+06,2.66069e+06,158.854
0,29,expertFFN,GPU,2.66069e+06,2.73843e+06,77737.6
0,29,sync_0,GPU,2.66069e+06,2.66069e+06,0
0,29,sync__set,GPU,2.66069e+06,2.66069e+06,0
0,29,sync__,GPU,2.66069e+06,2.66069e+06,0
0,29,gate_fn,GPU,2.66069e+06,2.66079e+06,97.9093
0,29,Linear,GPU,2.66069e+06,2.66079e+06,97.9093
0,29,gate_update,GPU,2.66079e+06,2.66079e+06,0
0,29,moe_scatter,GPU,2.66079e+06,2.66079e+06,0
0,29,sync_for_moe_scatter,GPU,2.66079e+06,2.66079e+06,0
0,29,sync__set,GPU,2.66079e+06,2.66079e+06,0
0,29,sync__,GPU,2.66079e+06,2.66079e+06,0
0,29,moe_route,GPU,2.66079e+06,2.66079e+06,0
0,29,expert_FFN_0,GPU,2.66079e+06,2.68718e+06,26394.3
0,29,gate_proj,GPU,2.66079e+06,2.66957e+06,8780.98
0,29,Linear,Logic,2.66079e+06,2.66957e+06,8780.98
0,29,activation,Logic,2.66957e+06,2.66962e+06,51.3222
0,29,up_proj,GPU,2.66962e+06,2.6784e+06,8780.98
0,29,Linear,Logic,2.66962e+06,2.6784e+06,8780.98
0,29,down_proj,GPU,2.6784e+06,2.68718e+06,8780.98
0,29,Linear,Logic,2.6784e+06,2.68718e+06,8780.98
0,29,expert_FFN_1,GPU,2.68718e+06,2.71355e+06,26364.9
0,29,gate_proj,GPU,2.68718e+06,2.69596e+06,8775.48
0,29,Linear,Logic,2.68718e+06,2.69596e+06,8775.48
0,29,activation,Logic,2.69596e+06,2.69599e+06,38.4916
0,29,up_proj,GPU,2.69599e+06,2.70477e+06,8775.48
0,29,Linear,Logic,2.69599e+06,2.70477e+06,8775.48
0,29,down_proj,GPU,2.70477e+06,2.71355e+06,8775.48
0,29,Linear,Logic,2.70477e+06,2.71355e+06,8775.48
0,29,sync_2,GPU,2.71355e+06,2.73319e+06,19643.6
0,29,sync__set,GPU,2.71355e+06,2.71355e+06,0
0,29,sync__,GPU,2.71355e+06,2.73319e+06,19643.6
0,29,moe_all_reduce_for_e_tp,GPU,2.73319e+06,2.73319e+06,0
0,29,sync_3,GPU,2.73319e+06,2.73319e+06,0
0,29,sync__set,GPU,2.73319e+06,2.73319e+06,0
0,29,sync__,GPU,2.73319e+06,2.73319e+06,0
0,29,moe_gather,GPU,2.73319e+06,2.73319e+06,0
0,29,sync_for_moe_gather,GPU,2.73319e+06,2.73319e+06,0
0,29,sync__set,GPU,2.73319e+06,2.73319e+06,0
0,29,sync__,GPU,2.73319e+06,2.73319e+06,0
0,29,moe_all_reduce_for_gather,GPU,2.73319e+06,2.73843e+06,5236.91
0,29,sync_5,GPU,2.73843e+06,2.73843e+06,0
0,29,sync__set,GPU,2.73843e+06,2.73843e+06,0
0,29,sync__,GPU,2.73843e+06,2.73843e+06,0
0,29,sync_6,GPU,2.73843e+06,2.73843e+06,0
0,29,sync__set,GPU,2.73843e+06,2.73843e+06,0
0,29,sync__,GPU,2.73843e+06,2.73843e+06,0
0,29,residual_2,GPU,2.73843e+06,2.73859e+06,158.854
0,30,MoE_decoder_30,GPU,2.73859e+06,2.82736e+06,88773.3
0,30,input_layer_norm,GPU,2.73859e+06,2.73874e+06,158.854
0,30,attention,GPU,2.73874e+06,2.75569e+06,16945.7
0,30,attn_qkv_proj,GPU,2.73874e+06,2.74261e+06,3861.38
0,30,Linear,GPU,2.73874e+06,2.74261e+06,3861.38
0,30,self_attention,GPU,2.74261e+06,2.74785e+06,5247.08
0,30,AttentionSplit,GPU,2.74261e+06,2.74261e+06,0
0,30,AttentionSum,Logic,2.74261e+06,2.74261e+06,0
0,30,AttentionGen,Logic,2.74261e+06,2.74785e+06,5247.08
0,30,AttentionMerge,GPU,2.74785e+06,2.74785e+06,0
0,30,attn_o_proj,GPU,2.74785e+06,2.75045e+06,2600.32
0,30,Linear,GPU,2.74785e+06,2.75045e+06,2600.32
0,30,all_reduce,GPU,2.75045e+06,2.75569e+06,5236.91
0,30,residual_1,GPU,2.75569e+06,2.75585e+06,158.854
0,30,post_attn_layer_norm,GPU,2.75585e+06,2.75601e+06,158.854
0,30,expertFFN,GPU,2.75601e+06,2.8272e+06,71192.2
0,30,sync_0,GPU,2.75601e+06,2.75601e+06,0
0,30,sync__set,GPU,2.75601e+06,2.75601e+06,0
0,30,sync__,GPU,2.75601e+06,2.75601e+06,0
0,30,gate_fn,GPU,2.75601e+06,2.75611e+06,97.9093
0,30,Linear,GPU,2.75601e+06,2.75611e+06,97.9093
0,30,gate_update,GPU,2.75611e+06,2.75611e+06,0
0,30,moe_scatter,GPU,2.75611e+06,2.75611e+06,0
0,30,sync_for_moe_scatter,GPU,2.75611e+06,2.75611e+06,0
0,30,sync__set,GPU,2.75611e+06,2.75611e+06,0
0,30,sync__,GPU,2.75611e+06,2.75611e+06,0
0,30,moe_route,GPU,2.75611e+06,2.75611e+06,0
0,30,expert_FFN_0,GPU,2.75611e+06,2.7956e+06,39492.4
0,30,gate_proj,GPU,2.75611e+06,2.76924e+06,13138.5
0,30,Linear,Logic,2.75611e+06,2.76924e+06,13138.5
0,30,activation,Logic,2.76924e+06,2.76932e+06,76.9833
0,30,up_proj,GPU,2.76932e+06,2.78246e+06,13138.5
0,30,Linear,Logic,2.76932e+06,2.78246e+06,13138.5
0,30,down_proj,GPU,2.78246e+06,2.7956e+06,13138.5
0,30,Linear,Logic,2.78246e+06,2.7956e+06,13138.5
0,30,expert_FFN_1,GPU,2.7956e+06,2.82196e+06,26364.9
0,30,gate_proj,GPU,2.7956e+06,2.80437e+06,8775.48
0,30,Linear,Logic,2.7956e+06,2.80437e+06,8775.48
0,30,activation,Logic,2.80437e+06,2.80441e+06,38.4916
0,30,up_proj,GPU,2.80441e+06,2.81319e+06,8775.48
0,30,Linear,Logic,2.80441e+06,2.81319e+06,8775.48
0,30,down_proj,GPU,2.81319e+06,2.82196e+06,8775.48
0,30,Linear,Logic,2.81319e+06,2.82196e+06,8775.48
0,30,sync_2,GPU,2.82196e+06,2.82196e+06,0
0,30,sync__set,GPU,2.82196e+06,2.82196e+06,0
0,30,sync__,GPU,2.82196e+06,2.82196e+06,0
0,30,moe_all_reduce_for_e_tp,GPU,2.82196e+06,2.82196e+06,0
0,30,sync_3,GPU,2.82196e+06,2.82196e+06,0
0,30,sync__set,GPU,2.82196e+06,2.82196e+06,0
0,30,sync__,GPU,2.82196e+06,2.82196e+06,0
0,30,moe_gather,GPU,2.82196e+06,2.82196e+06,0
0,30,sync_for_moe_gather,GPU,2.82196e+06,2.82196e+06,0
0,30,sync__set,GPU,2.82196e+06,2.82196e+06,0
0,30,sync__,GPU,2.82196e+06,2.82196e+06,0
0,30,moe_all_reduce_for_gather,GPU,2.82196e+06,2.8272e+06,5236.91
0,30,sync_5,GPU,2.8272e+06,2.8272e+06,0
0,30,sync__set,GPU,2.8272e+06,2.8272e+06,0
0,30,sync__,GPU,2.8272e+06,2.8272e+06,0
0,30,sync_6,GPU,2.8272e+06,2.8272e+06,0
0,30,sync__set,GPU,2.8272e+06,2.8272e+06,0
0,30,sync__,GPU,2.8272e+06,2.8272e+06,0
0,30,residual_2,GPU,2.8272e+06,2.82736e+06,158.854
0,31,MoE_decoder_31,GPU,2.82736e+06,2.91613e+06,88773.3
0,31,input_layer_norm,GPU,2.82736e+06,2.82752e+06,158.854
0,31,attention,GPU,2.82752e+06,2.84446e+06,16945.7
0,31,attn_qkv_proj,GPU,2.82752e+06,2.83138e+06,3861.38
0,31,Linear,GPU,2.82752e+06,2.83138e+06,3861.38
0,31,self_attention,GPU,2.83138e+06,2.83663e+06,5247.08
0,31,AttentionSplit,GPU,2.83138e+06,2.83138e+06,0
0,31,AttentionSum,Logic,2.83138e+06,2.83138e+06,0
0,31,AttentionGen,Logic,2.83138e+06,2.83663e+06,5247.08
0,31,AttentionMerge,GPU,2.83663e+06,2.83663e+06,0
0,31,attn_o_proj,GPU,2.83663e+06,2.83923e+06,2600.32
0,31,Linear,GPU,2.83663e+06,2.83923e+06,2600.32
0,31,all_reduce,GPU,2.83923e+06,2.84446e+06,5236.91
0,31,residual_1,GPU,2.84446e+06,2.84462e+06,158.854
0,31,post_attn_layer_norm,GPU,2.84462e+06,2.84478e+06,158.854
0,31,expertFFN,GPU,2.84478e+06,2.91597e+06,71192.2
0,31,sync_0,GPU,2.84478e+06,2.84478e+06,0
0,31,sync__set,GPU,2.84478e+06,2.84478e+06,0
0,31,sync__,GPU,2.84478e+06,2.84478e+06,0
0,31,gate_fn,GPU,2.84478e+06,2.84488e+06,97.9093
0,31,Linear,GPU,2.84478e+06,2.84488e+06,97.9093
0,31,gate_update,GPU,2.84488e+06,2.84488e+06,0
0,31,moe_scatter,GPU,2.84488e+06,2.84488e+06,0
0,31,sync_for_moe_scatter,GPU,2.84488e+06,2.84488e+06,0
0,31,sync__set,GPU,2.84488e+06,2.84488e+06,0
0,31,sync__,GPU,2.84488e+06,2.84488e+06,0
0,31,moe_route,GPU,2.84488e+06,2.84488e+06,0
0,31,expert_FFN_0,GPU,2.84488e+06,2.87126e+06,26379.6
0,31,gate_proj,GPU,2.84488e+06,2.85366e+06,8778.23
0,31,Linear,Logic,2.84488e+06,2.85366e+06,8778.23
0,31,activation,Logic,2.85366e+06,2.8537e+06,44.9069
0,31,up_proj,GPU,2.8537e+06,2.86248e+06,8778.23
0,31,Linear,Logic,2.8537e+06,2.86248e+06,8778.23
0,31,down_proj,GPU,2.86248e+06,2.87126e+06,8778.23
0,31,Linear,Logic,2.86248e+06,2.87126e+06,8778.23
0,31,expert_FFN_1,GPU,2.87126e+06,2.90088e+06,29619.3
0,31,gate_proj,GPU,2.87126e+06,2.88111e+06,9853.86
0,31,Linear,Logic,2.87126e+06,2.88111e+06,9853.86
0,31,activation,Logic,2.88111e+06,2.88117e+06,57.7375
0,31,up_proj,GPU,2.88117e+06,2.89102e+06,9853.86
0,31,Linear,Logic,2.88117e+06,2.89102e+06,9853.86
0,31,down_proj,GPU,2.89102e+06,2.90088e+06,9853.86
0,31,Linear,Logic,2.89102e+06,2.90088e+06,9853.86
0,31,sync_2,GPU,2.90088e+06,2.91074e+06,9858.44
0,31,sync__set,GPU,2.90088e+06,2.90088e+06,0
0,31,sync__,GPU,2.90088e+06,2.91074e+06,9858.44
0,31,moe_all_reduce_for_e_tp,GPU,2.91074e+06,2.91074e+06,0
0,31,sync_3,GPU,2.91074e+06,2.91074e+06,0
0,31,sync__set,GPU,2.91074e+06,2.91074e+06,0
0,31,sync__,GPU,2.91074e+06,2.91074e+06,0
0,31,moe_gather,GPU,2.91074e+06,2.91074e+06,0
0,31,sync_for_moe_gather,GPU,2.91074e+06,2.91074e+06,0
0,31,sync__set,GPU,2.91074e+06,2.91074e+06,0
0,31,sync__,GPU,2.91074e+06,2.91074e+06,0
0,31,moe_all_reduce_for_gather,GPU,2.91074e+06,2.91597e+06,5236.91
0,31,sync_5,GPU,2.91597e+06,2.91597e+06,0
0,31,sync__set,GPU,2.91597e+06,2.91597e+06,0
0,31,sync__,GPU,2.91597e+06,2.91597e+06,0
0,31,sync_6,GPU,2.91597e+06,2.91597e+06,0
0,31,sync__set,GPU,2.91597e+06,2.91597e+06,0
0,31,sync__,GPU,2.91597e+06,2.91597e+06,0
0,31,residual_2,GPU,2.91597e+06,2.91613e+06,158.854
1,0,MoE_decoder_0,GPU,0,92027.7,92027.7
1,0,input_layer_norm,GPU,0,158.854,158.854
1,0,attention,GPU,158.854,17104.6,16945.7
1,0,attn_qkv_proj,GPU,158.854,4020.24,3861.38
1,0,Linear,GPU,158.854,4020.24,3861.38
1,0,self_attention,GPU,4020.24,9267.32,5247.08
1,0,AttentionSplit,GPU,4020.24,4020.24,0
1,0,AttentionSum,Logic,4020.24,4020.24,0
1,0,AttentionGen,Logic,4020.24,9267.32,5247.08
1,0,AttentionMerge,GPU,9267.32,9267.32,0
1,0,attn_o_proj,GPU,9267.32,11867.6,2600.32
1,0,Linear,GPU,9267.32,11867.6,2600.32
1,0,all_reduce,GPU,11867.6,17104.6,5236.91
1,0,residual_1,GPU,17104.6,17263.4,158.854
1,0,post_attn_layer_norm,GPU,17263.4,17422.3,158.854
1,0,expertFFN,GPU,17422.3,91868.8,74446.6
1,0,sync_0,GPU,17422.3,17422.3,0
1,0,sync__set,GPU,17422.3,17422.3,0
1,0,sync__,GPU,17422.3,17422.3,0
1,0,gate_fn,GPU,17422.3,17520.2,97.9093
1,0,Linear,GPU,17422.3,17520.2,97.9093
1,0,gate_update,GPU,17520.2,17520.2,0
1,0,moe_scatter,GPU,17520.2,17520.2,0
1,0,sync_for_moe_scatter,GPU,17520.2,17520.2,0
1,0,sync__set,GPU,17520.2,17520.2,0
1,0,sync__,GPU,17520.2,17520.2,0
1,0,moe_route,GPU,17520.2,17520.2,0
1,0,expert_FFN_2,GPU,17520.2,43899.8,26379.6
1,0,gate_proj,GPU,17520.2,26298.4,8778.23
1,0,Linear,Logic,17520.2,26298.4,8778.23
1,0,activation,Logic,26298.4,26343.3,44.9069
1,0,up_proj,GPU,26343.3,35121.5,8778.23
1,0,Linear,Logic,26343.3,35121.5,8778.23
1,0,down_proj,GPU,35121.5,43899.8,8778.23
1,0,Linear,Logic,35121.5,43899.8,8778.23
1,0,expert_FFN_3,GPU,43899.8,83392.2,39492.4
1,0,gate_proj,GPU,43899.8,57038.3,13138.5
1,0,Linear,Logic,43899.8,57038.3,13138.5
1,0,activation,Logic,57038.3,57115.2,76.9833
1,0,up_proj,GPU,57115.2,70253.7,13138.5
1,0,Linear,Logic,57115.2,70253.7,13138.5
1,0,down_proj,GPU,70253.7,83392.2,13138.5
1,0,Linear,Logic,70253.7,83392.2,13138.5
1,0,sync_2,GPU,83392.2,86631.9,3239.71
1,0,sync__set,GPU,83392.2,83392.2,0
1,0,sync__,GPU,83392.2,86631.9,3239.71
1,0,moe_all_reduce_for_e_tp,GPU,86631.9,86631.9,0
1,0,sync_3,GPU,86631.9,86631.9,0
1,0,sync__set,GPU,86631.9,86631.9,0
1,0,sync__,GPU,86631.9,86631.9,0
1,0,moe_gather,GPU,86631.9,86631.9,0
1,0,sync_for_moe_gather,GPU,86631.9,86631.9,0
1,0,sync__set,GPU,86631.9,86631.9,0
1,0,sync__,GPU,86631.9,86631.9,0
1,0,moe_all_reduce_for_gather,GPU,86631.9,91868.8,5236.91
1,0,sync_5,GPU,91868.8,91868.8,0
1,0,sync__set,GPU,91868.8,91868.8,0
1,0,sync__,GPU,91868.8,91868.8,0
1,0,sync_6,GPU,91868.8,91868.8,0
1,0,sync__set,GPU,91868.8,91868.8,0
1,0,sync__,GPU,91868.8,91868.8,0
1,0,residual_2,GPU,91868.8,92027.7,158.854
1,1,MoE_decoder_1,GPU,92027.7,184092,92064.3
1,1,input_layer_norm,GPU,92027.7,92186.5,158.854
1,1,attention,GPU,92186.5,109132,16945.7
1,1,attn_qkv_proj,GPU,92186.5,96047.9,3861.38
1,1,Linear,GPU,92186.5,96047.9,3861.38
1,1,self_attention,GPU,96047.9,101295,5247.08
1,1,AttentionSplit,GPU,96047.9,96047.9,0
1,1,AttentionSum,Logic,96047.9,96047.9,0
1,1,AttentionGen,Logic,96047.9,101295,5247.08
1,1,AttentionMerge,GPU,101295,101295,0
1,1,attn_o_proj,GPU,101295,103895,2600.32
1,1,Linear,GPU,101295,103895,2600.32
1,1,all_reduce,GPU,103895,109132,5236.91
1,1,residual_1,GPU,109132,109291,158.854
1,1,post_attn_layer_norm,GPU,109291,109450,158.854
1,1,expertFFN,GPU,109450,183933,74483.2
1,1,sync_0,GPU,109450,109450,0
1,1,sync__set,GPU,109450,109450,0
1,1,sync__,GPU,109450,109450,0
1,1,gate_fn,GPU,109450,109548,97.9093
1,1,Linear,GPU,109450,109548,97.9093
1,1,gate_update,GPU,109548,109548,0
1,1,moe_scatter,GPU,109548,109548,0
1,1,sync_for_moe_scatter,GPU,109548,109548,0
1,1,sync__set,GPU,109548,109548,0
1,1,sync__,GPU,109548,109548,0
1,1,moe_route,GPU,109548,109548,0
1,1,expert_FFN_2,GPU,109548,135942,26394.3
1,1,gate_proj,GPU,109548,118329,8780.98
1,1,Linear,Logic,109548,118329,8780.98
1,1,activation,Logic,118329,118380,51.3222
1,1,up_proj,GPU,118380,127161,8780.98
1,1,Linear,Logic,118380,127161,8780.98
1,1,down_proj,GPU,127161,135942,8780.98
1,1,Linear,Logic,127161,135942,8780.98
1,1,expert_FFN_3,GPU,135942,162336,26394.3
1,1,gate_proj,GPU,135942,144723,8780.98
1,1,Linear,Logic,135942,144723,8780.98
1,1,activation,Logic,144723,144774,51.3222
1,1,up_proj,GPU,144774,153555,8780.98
1,1,Linear,Logic,144774,153555,8780.98
1,1,down_proj,GPU,153555,162336,8780.98
1,1,Linear,Logic,153555,162336,8780.98
1,1,sync_2,GPU,162336,178696,16359.9
1,1,sync__set,GPU,162336,162336,0
1,1,sync__,GPU,162336,178696,16359.9
1,1,moe_all_reduce_for_e_tp,GPU,178696,178696,0
1,1,sync_3,GPU,178696,178696,0
1,1,sync__set,GPU,178696,178696,0
1,1,sync__,GPU,178696,178696,0
1,1,moe_gather,GPU,178696,178696,0
1,1,sync_for_moe_gather,GPU,178696,178696,0
1,1,sync__set,GPU,178696,178696,0
1,1,sync__,GPU,178696,178696,0
1,1,moe_all_reduce_for_gather,GPU,178696,183933,5236.91
1,1,sync_5,GPU,183933,183933,0
1,1,sync__set,GPU,183933,183933,0
1,1,sync__,GPU,183933,183933,0
1,1,sync_6,GPU,183933,183933,0
1,1,sync__set,GPU,183933,183933,0
1,1,sync__,GPU,183933,183933,0
1,1,residual_2,GPU,183933,184092,158.854
1,2,MoE_decoder_2,GPU,184092,282768,98675.7
1,2,input_layer_norm,GPU,184092,184251,158.854
1,2,attention,GPU,184251,201197,16945.7
1,2,attn_qkv_proj,GPU,184251,188112,3861.38
1,2,Linear,GPU,184251,188112,3861.38
1,2,self_attention,GPU,188112,193359,5247.08
1,2,AttentionSplit,GPU,188112,188112,0
1,2,AttentionSum,Logic,188112,188112,0
1,2,AttentionGen,Logic,188112,193359,5247.08
1,2,AttentionMerge,GPU,193359,193359,0
1,2,attn_o_proj,GPU,193359,195960,2600.32
1,2,Linear,GPU,193359,195960,2600.32
1,2,all_reduce,GPU,195960,201197,5236.91
1,2,residual_1,GPU,201197,201355,158.854
1,2,post_attn_layer_norm,GPU,201355,201514,158.854
1,2,expertFFN,GPU,201514,282609,81094.6
1,2,sync_0,GPU,201514,201514,0
1,2,sync__set,GPU,201514,201514,0
1,2,sync__,GPU,201514,201514,0
1,2,gate_fn,GPU,201514,201612,97.9093
1,2,Linear,GPU,201514,201612,97.9093
1,2,gate_update,GPU,201612,201612,0
1,2,moe_scatter,GPU,201612,201612,0
1,2,sync_for_moe_scatter,GPU,201612,201612,0
1,2,sync__set,GPU,201612,201612,0
1,2,sync__,GPU,201612,201612,0
1,2,moe_route,GPU,201612,201612,0
1,2,expert_FFN_2,GPU,201612,228006,26394.3
1,2,gate_proj,GPU,201612,210393,8780.98
1,2,Linear,Logic,201612,210393,8780.98
1,2,activation,Logic,210393,210445,51.3222
1,2,up_proj,GPU,210445,219225,8780.98
1,2,Linear,Logic,210445,219225,8780.98
1,2,down_proj,GPU,219225,228006,8780.98
1,2,Linear,Logic,219225,228006,8780.98
1,2,expert_FFN_3,GPU,228006,254371,26364.9
1,2,gate_proj,GPU,228006,236782,8775.48
1,2,Linear,Logic,228006,236782,8775.48
1,2,activation,Logic,236782,236820,38.4916
1,2,up_proj,GPU,236820,245596,8775.48
1,2,Linear,Logic,236820,245596,8775.48
1,2,down_proj,GPU,245596,254371,8775.48
1,2,Linear,Logic,245596,254371,8775.48
1,2,sync_2,GPU,254371,277372,23000.6
1,2,sync__set,GPU,254371,254371,0
1,2,sync__,GPU,254371,277372,23000.6
1,2,moe_all_reduce_for_e_tp,GPU,277372,277372,0
1,2,sync_3,GPU,277372,277372,0
1,2,sync__set,GPU,277372,277372,0
1,2,sync__,GPU,277372,277372,0
1,2,moe_gather,GPU,277372,277372,0
1,2,sync_for_moe_gather,GPU,277372,277372,0
1,2,sync__set,GPU,277372,277372,0
1,2,sync__,GPU,277372,277372,0
1,2,moe_all_reduce_for_gather,GPU,277372,282609,5236.91
1,2,sync_5,GPU,282609,282609,0
1,2,sync__set,GPU,282609,282609,0
1,2,sync__,GPU,282609,282609,0
1,2,sync_6,GPU,282609,282609,0
1,2,sync__set,GPU,282609,282609,0
1,2,sync__,GPU,282609,282609,0
1,2,residual_2,GPU,282609,282768,158.854
1,3,MoE_decoder_3,GPU,282768,384669,101901
1,3,input_layer_norm,GPU,282768,282927,158.854
1,3,attention,GPU,282927,299872,16945.7
1,3,attn_qkv_proj,GPU,282927,286788,3861.38
1,3,Linear,GPU,282927,286788,3861.38
1,3,self_attention,GPU,286788,292035,5247.08
1,3,AttentionSplit,GPU,286788,286788,0
1,3,AttentionSum,Logic,286788,286788,0
1,3,AttentionGen,Logic,286788,292035,5247.08
1,3,AttentionMerge,GPU,292035,292035,0
1,3,attn_o_proj,GPU,292035,294635,2600.32
1,3,Linear,GPU,292035,294635,2600.32
1,3,all_reduce,GPU,294635,299872,5236.91
1,3,residual_1,GPU,299872,300031,158.854
1,3,post_attn_layer_norm,GPU,300031,300190,158.854
1,3,expertFFN,GPU,300190,384510,84319.7
1,3,sync_0,GPU,300190,300190,0
1,3,sync__set,GPU,300190,300190,0
1,3,sync__,GPU,300190,300190,0
1,3,gate_fn,GPU,300190,300288,97.9093
1,3,Linear,GPU,300190,300288,97.9093
1,3,gate_update,GPU,300288,300288,0
1,3,moe_scatter,GPU,300288,300288,0
1,3,sync_for_moe_scatter,GPU,300288,300288,0
1,3,sync__set,GPU,300288,300288,0
1,3,sync__,GPU,300288,300288,0
1,3,moe_route,GPU,300288,300288,0
1,3,expert_FFN_2,GPU,300288,339780,39492.4
1,3,gate_proj,GPU,300288,313426,13138.5
1,3,Linear,Logic,300288,313426,13138.5
1,3,activation,Logic,313426,313503,76.9833
1,3,up_proj,GPU,313503,326642,13138.5
1,3,Linear,Logic,313503,326642,13138.5
1,3,down_proj,GPU,326642,339780,13138.5
1,3,Linear,Logic,326642,339780,13138.5
1,3,expert_FFN_3,GPU,339780,379273,39492.4
1,3,gate_proj,GPU,339780,352919,13138.5
1,3,Linear,Logic,339780,352919,13138.5
1,3,activation,Logic,352919,352996,76.9833
1,3,up_proj,GPU,352996,366134,13138.5
1,3,Linear,Logic,352996,366134,13138.5
1,3,down_proj,GPU,366134,379273,13138.5
1,3,Linear,Logic,366134,379273,13138.5
1,3,sync_2,GPU,379273,379273,0
1,3,sync__set,GPU,379273,379273,0
1,3,sync__,GPU,379273,379273,0
1,3,moe_all_reduce_for_e_tp,GPU,379273,379273,0
1,3,sync_3,GPU,379273,379273,0
1,3,sync__set,GPU,379273,379273,0
1,3,sync__,GPU,379273,379273,0
1,3,moe_gather,GPU,379273,379273,0
1,3,sync_for_moe_gather,GPU,379273,379273,0
1,3,sync__set,GPU,379273,379273,0
1,3,sync__,GPU,379273,379273,0
1,3,moe_all_reduce_for_gather,GPU,379273,384510,5236.91
1,3,sync_5,GPU,384510,384510,0
1,3,sync__set,GPU,384510,384510,0
1,3,sync__,GPU,384510,384510,0
1,3,sync_6,GPU,384510,384510,0
1,3,sync__set,GPU,384510,384510,0
1,3,sync__,GPU,384510,384510,0
1,3,residual_2,GPU,384510,384669,158.854
1,4,MoE_decoder_4,GPU,384669,473405,88736.6
1,4,input_layer_norm,GPU,384669,384827,158.854
1,4,attention,GPU,384827,401773,16945.7
1,4,attn_qkv_proj,GPU,384827,388689,3861.38
1,4,Linear,GPU,384827,388689,3861.38
1,4,self_attention,GPU,388689,393936,5247.08
1,4,AttentionSplit,GPU,388689,388689,0
1,4,AttentionSum,Logic,388689,388689,0
1,4,AttentionGen,Logic,388689,393936,5247.08
1,4,AttentionMerge,GPU,393936,393936,0
1,4,attn_o_proj,GPU,393936,396536,2600.32
1,4,Linear,GPU,393936,396536,2600.32
1,4,all_reduce,GPU,396536,401773,5236.91
1,4,residual_1,GPU,401773,401932,158.854
1,4,post_attn_layer_norm,GPU,401932,402091,158.854
1,4,expertFFN,GPU,402091,473246,71155.5
1,4,sync_0,GPU,402091,402091,0
1,4,sync__set,GPU,402091,402091,0
1,4,sync__,GPU,402091,402091,0
1,4,gate_fn,GPU,402091,402189,97.9093
1,4,Linear,GPU,402091,402189,97.9093
1,4,gate_update,GPU,402189,402189,0
1,4,moe_scatter,GPU,402189,402189,0
1,4,sync_for_moe_scatter,GPU,402189,402189,0
1,4,sync__set,GPU,402189,402189,0
1,4,sync__,GPU,402189,402189,0
1,4,moe_route,GPU,402189,402189,0
1,4,expert_FFN_2,GPU,402189,428539,26350.3
1,4,gate_proj,GPU,402189,410961,8772.74
1,4,Linear,Logic,402189,410961,8772.74
1,4,activation,Logic,410961,410994,32.0764
1,4,up_proj,GPU,410994,419766,8772.74
1,4,Linear,Logic,410994,419766,8772.74
1,4,down_proj,GPU,419766,428539,8772.74
1,4,Linear,Logic,419766,428539,8772.74
1,4,expert_FFN_3,GPU,428539,454919,26379.6
1,4,gate_proj,GPU,428539,437317,8778.23
1,4,Linear,Logic,428539,437317,8778.23
1,4,activation,Logic,437317,437362,44.9069
1,4,up_proj,GPU,437362,446140,8778.23
1,4,Linear,Logic,437362,446140,8778.23
1,4,down_proj,GPU,446140,454919,8778.23
1,4,Linear,Logic,446140,454919,8778.23
1,4,sync_2,GPU,454919,468009,13090.8
1,4,sync__set,GPU,454919,454919,0
1,4,sync__,GPU,454919,468009,13090.8
1,4,moe_all_reduce_for_e_tp,GPU,468009,468009,0
1,4,sync_3,GPU,468009,468009,0
1,4,sync__set,GPU,468009,468009,0
1,4,sync__,GPU,468009,468009,0
1,4,moe_gather,GPU,468009,468009,0
1,4,sync_for_moe_gather,GPU,468009,468009,0
1,4,sync__set,GPU,468009,468009,0
1,4,sync__,GPU,468009,468009,0
1,4,moe_all_reduce_for_gather,GPU,468009,473246,5236.91
1,4,sync_5,GPU,473246,473246,0
1,4,sync__set,GPU,473246,473246,0
1,4,sync__,GPU,473246,473246,0
1,4,sync_6,GPU,473246,473246,0
1,4,sync__set,GPU,473246,473246,0
1,4,sync__,GPU,473246,473246,0
1,4,residual_2,GPU,473246,473405,158.854
1,5,MoE_decoder_5,GPU,473405,565433,92027.7
1,5,input_layer_norm,GPU,473405,473564,158.854
1,5,attention,GPU,473564,490510,16945.7
1,5,attn_qkv_proj,GPU,473564,477425,3861.38
1,5,Linear,GPU,473564,477425,3861.38
1,5,self_attention,GPU,477425,482673,5247.08
1,5,AttentionSplit,GPU,477425,477425,0
1,5,AttentionSum,Logic,477425,477425,0
1,5,AttentionGen,Logic,477425,482673,5247.08
1,5,AttentionMerge,GPU,482673,482673,0
1,5,attn_o_proj,GPU,482673,485273,2600.32
1,5,Linear,GPU,482673,485273,2600.32
1,5,all_reduce,GPU,485273,490510,5236.91
1,5,residual_1,GPU,490510,490669,158.854
1,5,post_attn_layer_norm,GPU,490669,490827,158.854
1,5,expertFFN,GPU,490827,565274,74446.6
1,5,sync_0,GPU,490827,490827,0
1,5,sync__set,GPU,490827,490827,0
1,5,sync__,GPU,490827,490827,0
1,5,gate_fn,GPU,490827,490925,97.9093
1,5,Linear,GPU,490827,490925,97.9093
1,5,gate_update,GPU,490925,490925,0
1,5,moe_scatter,GPU,490925,490925,0
1,5,sync_for_moe_scatter,GPU,490925,490925,0
1,5,sync__set,GPU,490925,490925,0
1,5,sync__,GPU,490925,490925,0
1,5,moe_route,GPU,490925,490925,0
1,5,expert_FFN_2,GPU,490925,520545,29619.3
1,5,gate_proj,GPU,490925,500779,9853.86
1,5,Linear,Logic,490925,500779,9853.86
1,5,activation,Logic,500779,500837,57.7375
1,5,up_proj,GPU,500837,510691,9853.86
1,5,Linear,Logic,500837,510691,9853.86
1,5,down_proj,GPU,510691,520545,9853.86
1,5,Linear,Logic,510691,520545,9853.86
1,5,expert_FFN_3,GPU,520545,546910,26364.9
1,5,gate_proj,GPU,520545,529320,8775.48
1,5,Linear,Logic,520545,529320,8775.48
1,5,activation,Logic,529320,529359,38.4916
1,5,up_proj,GPU,529359,538134,8775.48
1,5,Linear,Logic,529359,538134,8775.48
1,5,down_proj,GPU,538134,546910,8775.48
1,5,Linear,Logic,538134,546910,8775.48
1,5,sync_2,GPU,546910,560037,13127.5
1,5,sync__set,GPU,546910,546910,0
1,5,sync__,GPU,546910,560037,13127.5
1,5,moe_all_reduce_for_e_tp,GPU,560037,560037,0
1,5,sync_3,GPU,560037,560037,0
1,5,sync__set,GPU,560037,560037,0
1,5,sync__,GPU,560037,560037,0
1,5,moe_gather,GPU,560037,560037,0
1,5,sync_for_moe_gather,GPU,560037,560037,0
1,5,sync__set,GPU,560037,560037,0
1,5,sync__,GPU,560037,560037,0
1,5,moe_all_reduce_for_gather,GPU,560037,565274,5236.91
1,5,sync_5,GPU,565274,565274,0
1,5,sync__set,GPU,565274,565274,0
1,5,sync__,GPU,565274,565274,0
1,5,sync_6,GPU,565274,565274,0
1,5,sync__set,GPU,565274,565274,0
1,5,sync__,GPU,565274,565274,0
1,5,residual_2,GPU,565274,565433,158.854
1,6,MoE_decoder_6,GPU,565433,664043,98609.8
1,6,input_layer_norm,GPU,565433,565592,158.854
1,6,attention,GPU,565592,582537,16945.7
1,6,attn_qkv_proj,GPU,565592,569453,3861.38
1,6,Linear,GPU,565592,569453,3861.38
1,6,self_attention,GPU,569453,574700,5247.08
1,6,AttentionSplit,GPU,569453,569453,0
1,6,AttentionSum,Logic,569453,569453,0
1,6,AttentionGen,Logic,569453,574700,5247.08
1,6,AttentionMerge,GPU,574700,574700,0
1,6,attn_o_proj,GPU,574700,577301,2600.32
1,6,Linear,GPU,574700,577301,2600.32
1,6,all_reduce,GPU,577301,582537,5236.91
1,6,residual_1,GPU,582537,582696,158.854
1,6,post_attn_layer_norm,GPU,582696,582855,158.854
1,6,expertFFN,GPU,582855,663884,81028.6
1,6,sync_0,GPU,582855,582855,0
1,6,sync__set,GPU,582855,582855,0
1,6,sync__,GPU,582855,582855,0
1,6,gate_fn,GPU,582855,582953,97.9093
1,6,Linear,GPU,582855,582953,97.9093
1,6,gate_update,GPU,582953,582953,0
1,6,moe_scatter,GPU,582953,582953,0
1,6,sync_for_moe_scatter,GPU,582953,582953,0
1,6,sync__set,GPU,582953,582953,0
1,6,sync__,GPU,582953,582953,0
1,6,moe_route,GPU,582953,582953,0
1,6,expert_FFN_2,GPU,582953,625737,42783.5
1,6,gate_proj,GPU,582953,597186,14233.4
1,6,Linear,Logic,582953,597186,14233.4
1,6,activation,Logic,597186,597270,83.3986
1,6,up_proj,GPU,597270,611503,14233.4
1,6,Linear,Logic,597270,611503,14233.4
1,6,down_proj,GPU,611503,625737,14233.4
1,6,Linear,Logic,611503,625737,14233.4
1,6,expert_FFN_3,GPU,625737,658647,32910.4
1,6,gate_proj,GPU,625737,636685,10948.7
1,6,Linear,Logic,625737,636685,10948.7
1,6,activation,Logic,636685,636749,64.1527
1,6,up_proj,GPU,636749,647698,10948.7
1,6,Linear,Logic,636749,647698,10948.7
1,6,down_proj,GPU,647698,658647,10948.7
1,6,Linear,Logic,647698,658647,10948.7
1,6,sync_2,GPU,658647,658647,0
1,6,sync__set,GPU,658647,658647,0
1,6,sync__,GPU,658647,658647,0
1,6,moe_all_reduce_for_e_tp,GPU,658647,658647,0
1,6,sync_3,GPU,658647,658647,0
1,6,sync__set,GPU,658647,658647,0
1,6,sync__,GPU,658647,658647,0
1,6,moe_gather,GPU,658647,658647,0
1,6,sync_for_moe_gather,GPU,658647,658647,0
1,6,sync__set,GPU,658647,658647,0
1,6,sync__,GPU,658647,658647,0
1,6,moe_all_reduce_for_gather,GPU,658647,663884,5236.91
1,6,sync_5,GPU,663884,663884,0
1,6,sync__set,GPU,663884,663884,0
1,6,sync__,GPU,663884,663884,0
1,6,sync_6,GPU,663884,663884,0
1,6,sync__set,GPU,663884,663884,0
1,6,sync__,GPU,663884,663884,0
1,6,residual_2,GPU,663884,664043,158.854
1,7,MoE_decoder_7,GPU,664043,752779,88736.6
1,7,input_layer_norm,GPU,664043,664202,158.854
1,7,attention,GPU,664202,681147,16945.7
1,7,attn_qkv_proj,GPU,664202,668063,3861.38
1,7,Linear,GPU,664202,668063,3861.38
1,7,self_attention,GPU,668063,673310,5247.08
1,7,AttentionSplit,GPU,668063,668063,0
1,7,AttentionSum,Logic,668063,668063,0
1,7,AttentionGen,Logic,668063,673310,5247.08
1,7,AttentionMerge,GPU,673310,673310,0
1,7,attn_o_proj,GPU,673310,675910,2600.32
1,7,Linear,GPU,673310,675910,2600.32
1,7,all_reduce,GPU,675910,681147,5236.91
1,7,residual_1,GPU,681147,681306,158.854
1,7,post_attn_layer_norm,GPU,681306,681465,158.854
1,7,expertFFN,GPU,681465,752620,71155.5
1,7,sync_0,GPU,681465,681465,0
1,7,sync__set,GPU,681465,681465,0
1,7,sync__,GPU,681465,681465,0
1,7,gate_fn,GPU,681465,681563,97.9093
1,7,Linear,GPU,681465,681563,97.9093
1,7,gate_update,GPU,681563,681563,0
1,7,moe_scatter,GPU,681563,681563,0
1,7,sync_for_moe_scatter,GPU,681563,681563,0
1,7,sync__set,GPU,681563,681563,0
1,7,sync__,GPU,681563,681563,0
1,7,moe_route,GPU,681563,681563,0
1,7,expert_FFN_2,GPU,681563,707942,26379.6
1,7,gate_proj,GPU,681563,690341,8778.23
1,7,Linear,Logic,681563,690341,8778.23
1,7,activation,Logic,690341,690386,44.9069
1,7,up_proj,GPU,690386,699164,8778.23
1,7,Linear,Logic,690386,699164,8778.23
1,7,down_proj,GPU,699164,707942,8778.23
1,7,Linear,Logic,699164,707942,8778.23
1,7,expert_FFN_3,GPU,707942,734322,26379.6
1,7,gate_proj,GPU,707942,716721,8778.23
1,7,Linear,Logic,707942,716721,8778.23
1,7,activation,Logic,716721,716766,44.9069
1,7,up_proj,GPU,716766,725544,8778.23
1,7,Linear,Logic,716766,725544,8778.23
1,7,down_proj,GPU,725544,734322,8778.23
1,7,Linear,Logic,725544,734322,8778.23
1,7,sync_2,GPU,734322,747384,13061.5
1,7,sync__set,GPU,734322,734322,0
1,7,sync__,GPU,734322,747384,13061.5
1,7,moe_all_reduce_for_e_tp,GPU,747384,747384,0
1,7,sync_3,GPU,747384,747384,0
1,7,sync__set,GPU,747384,747384,0
1,7,sync__,GPU,747384,747384,0
1,7,moe_gather,GPU,747384,747384,0
1,7,sync_for_moe_gather,GPU,747384,747384,0
1,7,sync__set,GPU,747384,747384,0
1,7,sync__,GPU,747384,747384,0
1,7,moe_all_reduce_for_gather,GPU,747384,752620,5236.91
1,7,sync_5,GPU,752620,752620,0
1,7,sync__set,GPU,752620,752620,0
1,7,sync__,GPU,752620,752620,0
1,7,sync_6,GPU,752620,752620,0
1,7,sync__set,GPU,752620,752620,0
1,7,sync__,GPU,752620,752620,0
1,7,residual_2,GPU,752620,752779,158.854
1,8,MoE_decoder_8,GPU,752779,851389,98609.8
1,8,input_layer_norm,GPU,752779,752938,158.854
1,8,attention,GPU,752938,769884,16945.7
1,8,attn_qkv_proj,GPU,752938,756800,3861.38
1,8,Linear,GPU,752938,756800,3861.38
1,8,self_attention,GPU,756800,762047,5247.08
1,8,AttentionSplit,GPU,756800,756800,0
1,8,AttentionSum,Logic,756800,756800,0
1,8,AttentionGen,Logic,756800,762047,5247.08
1,8,AttentionMerge,GPU,762047,762047,0
1,8,attn_o_proj,GPU,762047,764647,2600.32
1,8,Linear,GPU,762047,764647,2600.32
1,8,all_reduce,GPU,764647,769884,5236.91
1,8,residual_1,GPU,769884,770043,158.854
1,8,post_attn_layer_norm,GPU,770043,770202,158.854
1,8,expertFFN,GPU,770202,851230,81028.6
1,8,sync_0,GPU,770202,770202,0
1,8,sync__set,GPU,770202,770202,0
1,8,sync__,GPU,770202,770202,0
1,8,gate_fn,GPU,770202,770299,97.9093
1,8,Linear,GPU,770202,770299,97.9093
1,8,gate_update,GPU,770299,770299,0
1,8,moe_scatter,GPU,770299,770299,0
1,8,sync_for_moe_scatter,GPU,770299,770299,0
1,8,sync__set,GPU,770299,770299,0
1,8,sync__,GPU,770299,770299,0
1,8,moe_route,GPU,770299,770299,0
1,8,expert_FFN_2,GPU,770299,799919,29619.3
1,8,gate_proj,GPU,770299,780153,9853.86
1,8,Linear,Logic,770299,780153,9853.86
1,8,activation,Logic,780153,780211,57.7375
1,8,up_proj,GPU,780211,790065,9853.86
1,8,Linear,Logic,780211,790065,9853.86
1,8,down_proj,GPU,790065,799919,9853.86
1,8,Linear,Logic,790065,799919,9853.86
1,8,expert_FFN_3,GPU,799919,826313,26394.3
1,8,gate_proj,GPU,799919,808700,8780.98
1,8,Linear,Logic,799919,808700,8780.98
1,8,activation,Logic,808700,808751,51.3222
1,8,up_proj,GPU,808751,817532,8780.98
1,8,Linear,Logic,808751,817532,8780.98
1,8,down_proj,GPU,817532,826313,8780.98
1,8,Linear,Logic,817532,826313,8780.98
1,8,sync_2,GPU,826313,845993,19680.2
1,8,sync__set,GPU,826313,826313,0
1,8,sync__,GPU,826313,845993,19680.2
1,8,moe_all_reduce_for_e_tp,GPU,845993,845993,0
1,8,sync_3,GPU,845993,845993,0
1,8,sync__set,GPU,845993,845993,0
1,8,sync__,GPU,845993,845993,0
1,8,moe_gather,GPU,845993,845993,0
1,8,sync_for_moe_gather,GPU,845993,845993,0
1,8,sync__set,GPU,845993,845993,0
1,8,sync__,GPU,845993,845993,0
1,8,moe_all_reduce_for_gather,GPU,845993,851230,5236.91
1,8,sync_5,GPU,851230,851230,0
1,8,sync__set,GPU,851230,851230,0
1,8,sync__,GPU,851230,851230,0
1,8,sync_6,GPU,851230,851230,0
1,8,sync__set,GPU,851230,851230,0
1,8,sync__,GPU,851230,851230,0
1,8,residual_2,GPU,851230,851389,158.854
1,9,MoE_decoder_9,GPU,851389,933580,82191.2
1,9,input_layer_norm,GPU,851389,851548,158.854
1,9,attention,GPU,851548,868494,16945.7
1,9,attn_qkv_proj,GPU,851548,855409,3861.38
1,9,Linear,GPU,851548,855409,3861.38
1,9,self_attention,GPU,855409,860656,5247.08
1,9,AttentionSplit,GPU,855409,855409,0
1,9,AttentionSum,Logic,855409,855409,0
1,9,AttentionGen,Logic,855409,860656,5247.08
1,9,AttentionMerge,GPU,860656,860656,0
1,9,attn_o_proj,GPU,860656,863257,2600.32
1,9,Linear,GPU,860656,863257,2600.32
1,9,all_reduce,GPU,863257,868494,5236.91
1,9,residual_1,GPU,868494,868652,158.854
1,9,post_attn_layer_norm,GPU,868652,868811,158.854
1,9,expertFFN,GPU,868811,933421,64610.1
1,9,sync_0,GPU,868811,868811,0
1,9,sync__set,GPU,868811,868811,0
1,9,sync__,GPU,868811,868811,0
1,9,gate_fn,GPU,868811,868909,97.9093
1,9,Linear,GPU,868811,868909,97.9093
1,9,gate_update,GPU,868909,868909,0
1,9,moe_scatter,GPU,868909,868909,0
1,9,sync_for_moe_scatter,GPU,868909,868909,0
1,9,sync__set,GPU,868909,868909,0
1,9,sync__,GPU,868909,868909,0
1,9,moe_route,GPU,868909,868909,0
1,9,expert_FFN_2,GPU,868909,895303,26394.3
1,9,gate_proj,GPU,868909,877690,8780.98
1,9,Linear,Logic,868909,877690,8780.98
1,9,activation,Logic,877690,877742,51.3222
1,9,up_proj,GPU,877742,886523,8780.98
1,9,Linear,Logic,877742,886523,8780.98
1,9,down_proj,GPU,886523,895303,8780.98
1,9,Linear,Logic,886523,895303,8780.98
1,9,expert_FFN_3,GPU,895303,921683,26379.6
1,9,gate_proj,GPU,895303,904082,8778.23
1,9,Linear,Logic,895303,904082,8778.23
1,9,activation,Logic,904082,904127,44.9069
1,9,up_proj,GPU,904127,912905,8778.23
1,9,Linear,Logic,904127,912905,8778.23
1,9,down_proj,GPU,912905,921683,8778.23
1,9,Linear,Logic,912905,921683,8778.23
1,9,sync_2,GPU,921683,928185,6501.42
1,9,sync__set,GPU,921683,921683,0
1,9,sync__,GPU,921683,928185,6501.42
1,9,moe_all_reduce_for_e_tp,GPU,928185,928185,0
1,9,sync_3,GPU,928185,928185,0
1,9,sync__set,GPU,928185,928185,0
1,9,sync__,GPU,928185,928185,0
1,9,moe_gather,GPU,928185,928185,0
1,9,sync_for_moe_gather,GPU,928185,928185,0
1,9,sync__set,GPU,928185,928185,0
1,9,sync__,GPU,928185,928185,0
1,9,moe_all_reduce_for_gather,GPU,928185,933421,5236.91
1,9,sync_5,GPU,933421,933421,0
1,9,sync__set,GPU,933421,933421,0
1,9,sync__,GPU,933421,933421,0
1,9,sync_6,GPU,933421,933421,0
1,9,sync__set,GPU,933421,933421,0
1,9,sync__,GPU,933421,933421,0
1,9,residual_2,GPU,933421,933580,158.854
1,10,MoE_decoder_10,GPU,933580,1.02235e+06,88773.3
1,10,input_layer_norm,GPU,933580,933739,158.854
1,10,attention,GPU,933739,950685,16945.7
1,10,attn_qkv_proj,GPU,933739,937601,3861.38
1,10,Linear,GPU,933739,937601,3861.38
1,10,self_attention,GPU,937601,942848,5247.08
1,10,AttentionSplit,GPU,937601,937601,0
1,10,AttentionSum,Logic,937601,937601,0
1,10,AttentionGen,Logic,937601,942848,5247.08
1,10,AttentionMerge,GPU,942848,942848,0
1,10,attn_o_proj,GPU,942848,945448,2600.32
1,10,Linear,GPU,942848,945448,2600.32
1,10,all_reduce,GPU,945448,950685,5236.91
1,10,residual_1,GPU,950685,950844,158.854
1,10,post_attn_layer_norm,GPU,950844,951003,158.854
1,10,expertFFN,GPU,951003,1.02219e+06,71192.2
1,10,sync_0,GPU,951003,951003,0
1,10,sync__set,GPU,951003,951003,0
1,10,sync__,GPU,951003,951003,0
1,10,gate_fn,GPU,951003,951100,97.9093
1,10,Linear,GPU,951003,951100,97.9093
1,10,gate_update,GPU,951100,951100,0
1,10,moe_scatter,GPU,951100,951100,0
1,10,sync_for_moe_scatter,GPU,951100,951100,0
1,10,sync__set,GPU,951100,951100,0
1,10,sync__,GPU,951100,951100,0
1,10,moe_route,GPU,951100,951100,0
1,10,expert_FFN_2,GPU,951100,977480,26379.6
1,10,gate_proj,GPU,951100,959879,8778.23
1,10,Linear,Logic,951100,959879,8778.23
1,10,activation,Logic,959879,959924,44.9069
1,10,up_proj,GPU,959924,968702,8778.23
1,10,Linear,Logic,959924,968702,8778.23
1,10,down_proj,GPU,968702,977480,8778.23
1,10,Linear,Logic,968702,977480,8778.23
1,10,expert_FFN_3,GPU,977480,1.00386e+06,26379.6
1,10,gate_proj,GPU,977480,986258,8778.23
1,10,Linear,Logic,977480,986258,8778.23
1,10,activation,Logic,986258,986303,44.9069
1,10,up_proj,GPU,986303,995081,8778.23
1,10,Linear,Logic,986303,995081,8778.23
1,10,down_proj,GPU,995081,1.00386e+06,8778.23
1,10,Linear,Logic,995081,1.00386e+06,8778.23
1,10,sync_2,GPU,1.00386e+06,1.01696e+06,13098.2
1,10,sync__set,GPU,1.00386e+06,1.00386e+06,0
1,10,sync__,GPU,1.00386e+06,1.01696e+06,13098.2
1,10,moe_all_reduce_for_e_tp,GPU,1.01696e+06,1.01696e+06,0
1,10,sync_3,GPU,1.01696e+06,1.01696e+06,0
1,10,sync__set,GPU,1.01696e+06,1.01696e+06,0
1,10,sync__,GPU,1.01696e+06,1.01696e+06,0
1,10,moe_gather,GPU,1.01696e+06,1.01696e+06,0
1,10,sync_for_moe_gather,GPU,1.01696e+06,1.01696e+06,0
1,10,sync__set,GPU,1.01696e+06,1.01696e+06,0
1,10,sync__,GPU,1.01696e+06,1.01696e+06,0
1,10,moe_all_reduce_for_gather,GPU,1.01696e+06,1.02219e+06,5236.91
1,10,sync_5,GPU,1.02219e+06,1.02219e+06,0
1,10,sync__set,GPU,1.02219e+06,1.02219e+06,0
1,10,sync__,GPU,1.02219e+06,1.02219e+06,0
1,10,sync_6,GPU,1.02219e+06,1.02219e+06,0
1,10,sync__set,GPU,1.02219e+06,1.02219e+06,0
1,10,sync__,GPU,1.02219e+06,1.02219e+06,0
1,10,residual_2,GPU,1.02219e+06,1.02235e+06,158.854
1,11,MoE_decoder_11,GPU,1.02235e+06,1.11442e+06,92064.3
1,11,input_layer_norm,GPU,1.02235e+06,1.02251e+06,158.854
1,11,attention,GPU,1.02251e+06,1.03946e+06,16945.7
1,11,attn_qkv_proj,GPU,1.02251e+06,1.02637e+06,3861.38
1,11,Linear,GPU,1.02251e+06,1.02637e+06,3861.38
1,11,self_attention,GPU,1.02637e+06,1.03162e+06,5247.08
1,11,AttentionSplit,GPU,1.02637e+06,1.02637e+06,0
1,11,AttentionSum,Logic,1.02637e+06,1.02637e+06,0
1,11,AttentionGen,Logic,1.02637e+06,1.03162e+06,5247.08
1,11,AttentionMerge,GPU,1.03162e+06,1.03162e+06,0
1,11,attn_o_proj,GPU,1.03162e+06,1.03422e+06,2600.32
1,11,Linear,GPU,1.03162e+06,1.03422e+06,2600.32
1,11,all_reduce,GPU,1.03422e+06,1.03946e+06,5236.91
1,11,residual_1,GPU,1.03946e+06,1.03962e+06,158.854
1,11,post_attn_layer_norm,GPU,1.03962e+06,1.03978e+06,158.854
1,11,expertFFN,GPU,1.03978e+06,1.11426e+06,74483.2
1,11,sync_0,GPU,1.03978e+06,1.03978e+06,0
1,11,sync__set,GPU,1.03978e+06,1.03978e+06,0
1,11,sync__,GPU,1.03978e+06,1.03978e+06,0
1,11,gate_fn,GPU,1.03978e+06,1.03987e+06,97.9093
1,11,Linear,GPU,1.03978e+06,1.03987e+06,97.9093
1,11,gate_update,GPU,1.03987e+06,1.03987e+06,0
1,11,moe_scatter,GPU,1.03987e+06,1.03987e+06,0
1,11,sync_for_moe_scatter,GPU,1.03987e+06,1.03987e+06,0
1,11,sync__set,GPU,1.03987e+06,1.03987e+06,0
1,11,sync__,GPU,1.03987e+06,1.03987e+06,0
1,11,moe_route,GPU,1.03987e+06,1.03987e+06,0
1,11,expert_FFN_2,GPU,1.03987e+06,1.06949e+06,29619.3
1,11,gate_proj,GPU,1.03987e+06,1.04973e+06,9853.86
1,11,Linear,Logic,1.03987e+06,1.04973e+06,9853.86
1,11,activation,Logic,1.04973e+06,1.04979e+06,57.7375
1,11,up_proj,GPU,1.04979e+06,1.05964e+06,9853.86
1,11,Linear,Logic,1.04979e+06,1.05964e+06,9853.86
1,11,down_proj,GPU,1.05964e+06,1.06949e+06,9853.86
1,11,Linear,Logic,1.05964e+06,1.06949e+06,9853.86
1,11,expert_FFN_3,GPU,1.06949e+06,1.09911e+06,29619.3
1,11,gate_proj,GPU,1.06949e+06,1.07935e+06,9853.86
1,11,Linear,Logic,1.06949e+06,1.07935e+06,9853.86
1,11,activation,Logic,1.07935e+06,1.0794e+06,57.7375
1,11,up_proj,GPU,1.0794e+06,1.08926e+06,9853.86
1,11,Linear,Logic,1.0794e+06,1.08926e+06,9853.86
1,11,down_proj,GPU,1.08926e+06,1.09911e+06,9853.86
1,11,Linear,Logic,1.08926e+06,1.09911e+06,9853.86
1,11,sync_2,GPU,1.09911e+06,1.10902e+06,9909.77
1,11,sync__set,GPU,1.09911e+06,1.09911e+06,0
1,11,sync__,GPU,1.09911e+06,1.10902e+06,9909.77
1,11,moe_all_reduce_for_e_tp,GPU,1.10902e+06,1.10902e+06,0
1,11,sync_3,GPU,1.10902e+06,1.10902e+06,0
1,11,sync__set,GPU,1.10902e+06,1.10902e+06,0
1,11,sync__,GPU,1.10902e+06,1.10902e+06,0
1,11,moe_gather,GPU,1.10902e+06,1.10902e+06,0
1,11,sync_for_moe_gather,GPU,1.10902e+06,1.10902e+06,0
1,11,sync__set,GPU,1.10902e+06,1.10902e+06,0
1,11,sync__,GPU,1.10902e+06,1.10902e+06,0
1,11,moe_all_reduce_for_gather,GPU,1.10902e+06,1.11426e+06,5236.91
1,11,sync_5,GPU,1.11426e+06,1.11426e+06,0
1,11,sync__set,GPU,1.11426e+06,1.11426e+06,0
1,11,sync__,GPU,1.11426e+06,1.11426e+06,0
1,11,sync_6,GPU,1.11426e+06,1.11426e+06,0
1,11,sync__set,GPU,1.11426e+06,1.11426e+06,0
1,11,sync__,GPU,1.11426e+06,1.11426e+06,0
1,11,residual_2,GPU,1.11426e+06,1.11442e+06,158.854
1,12,MoE_decoder_12,GPU,1.11442e+06,1.21961e+06,105192
1,12,input_layer_norm,GPU,1.11442e+06,1.11458e+06,158.854
1,12,attention,GPU,1.11458e+06,1.13152e+06,16945.7
1,12,attn_qkv_proj,GPU,1.11458e+06,1.11844e+06,3861.38
1,12,Linear,GPU,1.11458e+06,1.11844e+06,3861.38
1,12,self_attention,GPU,1.11844e+06,1.12369e+06,5247.08
1,12,AttentionSplit,GPU,1.11844e+06,1.11844e+06,0
1,12,AttentionSum,Logic,1.11844e+06,1.11844e+06,0
1,12,AttentionGen,Logic,1.11844e+06,1.12369e+06,5247.08
1,12,AttentionMerge,GPU,1.12369e+06,1.12369e+06,0
1,12,attn_o_proj,GPU,1.12369e+06,1.12629e+06,2600.32
1,12,Linear,GPU,1.12369e+06,1.12629e+06,2600.32
1,12,all_reduce,GPU,1.12629e+06,1.13152e+06,5236.91
1,12,residual_1,GPU,1.13152e+06,1.13168e+06,158.854
1,12,post_attn_layer_norm,GPU,1.13168e+06,1.13184e+06,158.854
1,12,expertFFN,GPU,1.13184e+06,1.21945e+06,87610.7
1,12,sync_0,GPU,1.13184e+06,1.13184e+06,0
1,12,sync__set,GPU,1.13184e+06,1.13184e+06,0
1,12,sync__,GPU,1.13184e+06,1.13184e+06,0
1,12,gate_fn,GPU,1.13184e+06,1.13194e+06,97.9093
1,12,Linear,GPU,1.13184e+06,1.13194e+06,97.9093
1,12,gate_update,GPU,1.13194e+06,1.13194e+06,0
1,12,moe_scatter,GPU,1.13194e+06,1.13194e+06,0
1,12,sync_for_moe_scatter,GPU,1.13194e+06,1.13194e+06,0
1,12,sync__set,GPU,1.13194e+06,1.13194e+06,0
1,12,sync__,GPU,1.13194e+06,1.13194e+06,0
1,12,moe_route,GPU,1.13194e+06,1.13194e+06,0
1,12,expert_FFN_2,GPU,1.13194e+06,1.17472e+06,42783.5
1,12,gate_proj,GPU,1.13194e+06,1.14617e+06,14233.4
1,12,Linear,Logic,1.13194e+06,1.14617e+06,14233.4
1,12,activation,Logic,1.14617e+06,1.14625e+06,83.3986
1,12,up_proj,GPU,1.14625e+06,1.16049e+06,14233.4
1,12,Linear,Logic,1.14625e+06,1.16049e+06,14233.4
1,12,down_proj,GPU,1.16049e+06,1.17472e+06,14233.4
1,12,Linear,Logic,1.16049e+06,1.17472e+06,14233.4
1,12,expert_FFN_3,GPU,1.17472e+06,1.21421e+06,39492.4
1,12,gate_proj,GPU,1.17472e+06,1.18786e+06,13138.5
1,12,Linear,Logic,1.17472e+06,1.18786e+06,13138.5
1,12,activation,Logic,1.18786e+06,1.18794e+06,76.9833
1,12,up_proj,GPU,1.18794e+06,1.20108e+06,13138.5
1,12,Linear,Logic,1.18794e+06,1.20108e+06,13138.5
1,12,down_proj,GPU,1.20108e+06,1.21421e+06,13138.5
1,12,Linear,Logic,1.20108e+06,1.21421e+06,13138.5
1,12,sync_2,GPU,1.21421e+06,1.21421e+06,0
1,12,sync__set,GPU,1.21421e+06,1.21421e+06,0
1,12,sync__,GPU,1.21421e+06,1.21421e+06,0
1,12,moe_all_reduce_for_e_tp,GPU,1.21421e+06,1.21421e+06,0
1,12,sync_3,GPU,1.21421e+06,1.21421e+06,0
1,12,sync__set,GPU,1.21421e+06,1.21421e+06,0
1,12,sync__,GPU,1.21421e+06,1.21421e+06,0
1,12,moe_gather,GPU,1.21421e+06,1.21421e+06,0
1,12,sync_for_moe_gather,GPU,1.21421e+06,1.21421e+06,0
1,12,sync__set,GPU,1.21421e+06,1.21421e+06,0
1,12,sync__,GPU,1.21421e+06,1.21421e+06,0
1,12,moe_all_reduce_for_gather,GPU,1.21421e+06,1.21945e+06,5236.91
1,12,sync_5,GPU,1.21945e+06,1.21945e+06,0
1,12,sync__set,GPU,1.21945e+06,1.21945e+06,0
1,12,sync__,GPU,1.21945e+06,1.21945e+06,0
1,12,sync_6,GPU,1.21945e+06,1.21945e+06,0
1,12,sync__set,GPU,1.21945e+06,1.21945e+06,0
1,12,sync__,GPU,1.21945e+06,1.21945e+06,0
1,12,residual_2,GPU,1.21945e+06,1.21961e+06,158.854
1,13,MoE_decoder_13,GPU,1.21961e+06,1.30512e+06,85511.6
1,13,input_layer_norm,GPU,1.21961e+06,1.21977e+06,158.854
1,13,attention,GPU,1.21977e+06,1.23671e+06,16945.7
1,13,attn_qkv_proj,GPU,1.21977e+06,1.22363e+06,3861.38
1,13,Linear,GPU,1.21977e+06,1.22363e+06,3861.38
1,13,self_attention,GPU,1.22363e+06,1.22888e+06,5247.08
1,13,AttentionSplit,GPU,1.22363e+06,1.22363e+06,0
1,13,AttentionSum,Logic,1.22363e+06,1.22363e+06,0
1,13,AttentionGen,Logic,1.22363e+06,1.22888e+06,5247.08
1,13,AttentionMerge,GPU,1.22888e+06,1.22888e+06,0
1,13,attn_o_proj,GPU,1.22888e+06,1.23148e+06,2600.32
1,13,Linear,GPU,1.22888e+06,1.23148e+06,2600.32
1,13,all_reduce,GPU,1.23148e+06,1.23671e+06,5236.91
1,13,residual_1,GPU,1.23671e+06,1.23687e+06,158.854
1,13,post_attn_layer_norm,GPU,1.23687e+06,1.23703e+06,158.854
1,13,expertFFN,GPU,1.23703e+06,1.30496e+06,67930.5
1,13,sync_0,GPU,1.23703e+06,1.23703e+06,0
1,13,sync__set,GPU,1.23703e+06,1.23703e+06,0
1,13,sync__,GPU,1.23703e+06,1.23703e+06,0
1,13,gate_fn,GPU,1.23703e+06,1.23713e+06,97.9093
1,13,Linear,GPU,1.23703e+06,1.23713e+06,97.9093
1,13,gate_update,GPU,1.23713e+06,1.23713e+06,0
1,13,moe_scatter,GPU,1.23713e+06,1.23713e+06,0
1,13,sync_for_moe_scatter,GPU,1.23713e+06,1.23713e+06,0
1,13,sync__set,GPU,1.23713e+06,1.23713e+06,0
1,13,sync__,GPU,1.23713e+06,1.23713e+06,0
1,13,moe_route,GPU,1.23713e+06,1.23713e+06,0
1,13,expert_FFN_2,GPU,1.23713e+06,1.27004e+06,32910.4
1,13,gate_proj,GPU,1.23713e+06,1.24808e+06,10948.7
1,13,Linear,Logic,1.23713e+06,1.24808e+06,10948.7
1,13,activation,Logic,1.24808e+06,1.24814e+06,64.1527
1,13,up_proj,GPU,1.24814e+06,1.25909e+06,10948.7
1,13,Linear,Logic,1.24814e+06,1.25909e+06,10948.7
1,13,down_proj,GPU,1.25909e+06,1.27004e+06,10948.7
1,13,Linear,Logic,1.25909e+06,1.27004e+06,10948.7
1,13,expert_FFN_3,GPU,1.27004e+06,1.29638e+06,26335.6
1,13,gate_proj,GPU,1.27004e+06,1.27881e+06,8769.99
1,13,Linear,Logic,1.27004e+06,1.27881e+06,8769.99
1,13,activation,Logic,1.27881e+06,1.27884e+06,25.6611
1,13,up_proj,GPU,1.27884e+06,1.28761e+06,8769.99
1,13,Linear,Logic,1.27884e+06,1.28761e+06,8769.99
1,13,down_proj,GPU,1.28761e+06,1.29638e+06,8769.99
1,13,Linear,Logic,1.28761e+06,1.29638e+06,8769.99
1,13,sync_2,GPU,1.29638e+06,1.29973e+06,3349.69
1,13,sync__set,GPU,1.29638e+06,1.29638e+06,0
1,13,sync__,GPU,1.29638e+06,1.29973e+06,3349.69
1,13,moe_all_reduce_for_e_tp,GPU,1.29973e+06,1.29973e+06,0
1,13,sync_3,GPU,1.29973e+06,1.29973e+06,0
1,13,sync__set,GPU,1.29973e+06,1.29973e+06,0
1,13,sync__,GPU,1.29973e+06,1.29973e+06,0
1,13,moe_gather,GPU,1.29973e+06,1.29973e+06,0
1,13,sync_for_moe_gather,GPU,1.29973e+06,1.29973e+06,0
1,13,sync__set,GPU,1.29973e+06,1.29973e+06,0
1,13,sync__,GPU,1.29973e+06,1.29973e+06,0
1,13,moe_all_reduce_for_gather,GPU,1.29973e+06,1.30496e+06,5236.91
1,13,sync_5,GPU,1.30496e+06,1.30496e+06,0
1,13,sync__set,GPU,1.30496e+06,1.30496e+06,0
1,13,sync__,GPU,1.30496e+06,1.30496e+06,0
1,13,sync_6,GPU,1.30496e+06,1.30496e+06,0
1,13,sync__set,GPU,1.30496e+06,1.30496e+06,0
1,13,sync__,GPU,1.30496e+06,1.30496e+06,0
1,13,residual_2,GPU,1.30496e+06,1.30512e+06,158.854
1,14,MoE_decoder_14,GPU,1.30512e+06,1.39389e+06,88773.3
1,14,input_layer_norm,GPU,1.30512e+06,1.30528e+06,158.854
1,14,attention,GPU,1.30528e+06,1.32223e+06,16945.7
1,14,attn_qkv_proj,GPU,1.30528e+06,1.30914e+06,3861.38
1,14,Linear,GPU,1.30528e+06,1.30914e+06,3861.38
1,14,self_attention,GPU,1.30914e+06,1.31439e+06,5247.08
1,14,AttentionSplit,GPU,1.30914e+06,1.30914e+06,0
1,14,AttentionSum,Logic,1.30914e+06,1.30914e+06,0
1,14,AttentionGen,Logic,1.30914e+06,1.31439e+06,5247.08
1,14,AttentionMerge,GPU,1.31439e+06,1.31439e+06,0
1,14,attn_o_proj,GPU,1.31439e+06,1.31699e+06,2600.32
1,14,Linear,GPU,1.31439e+06,1.31699e+06,2600.32
1,14,all_reduce,GPU,1.31699e+06,1.32223e+06,5236.91
1,14,residual_1,GPU,1.32223e+06,1.32238e+06,158.854
1,14,post_attn_layer_norm,GPU,1.32238e+06,1.32254e+06,158.854
1,14,expertFFN,GPU,1.32254e+06,1.39374e+06,71192.2
1,14,sync_0,GPU,1.32254e+06,1.32254e+06,0
1,14,sync__set,GPU,1.32254e+06,1.32254e+06,0
1,14,sync__,GPU,1.32254e+06,1.32254e+06,0
1,14,gate_fn,GPU,1.32254e+06,1.32264e+06,97.9093
1,14,Linear,GPU,1.32254e+06,1.32264e+06,97.9093
1,14,gate_update,GPU,1.32264e+06,1.32264e+06,0
1,14,moe_scatter,GPU,1.32264e+06,1.32264e+06,0
1,14,sync_for_moe_scatter,GPU,1.32264e+06,1.32264e+06,0
1,14,sync__set,GPU,1.32264e+06,1.32264e+06,0
1,14,sync__,GPU,1.32264e+06,1.32264e+06,0
1,14,moe_route,GPU,1.32264e+06,1.32264e+06,0
1,14,expert_FFN_2,GPU,1.32264e+06,1.36213e+06,39492.4
1,14,gate_proj,GPU,1.32264e+06,1.33578e+06,13138.5
1,14,Linear,Logic,1.32264e+06,1.33578e+06,13138.5
1,14,activation,Logic,1.33578e+06,1.33586e+06,76.9833
1,14,up_proj,GPU,1.33586e+06,1.349e+06,13138.5
1,14,Linear,Logic,1.33586e+06,1.349e+06,13138.5
1,14,down_proj,GPU,1.349e+06,1.36213e+06,13138.5
1,14,Linear,Logic,1.349e+06,1.36213e+06,13138.5
1,14,expert_FFN_3,GPU,1.36213e+06,1.3885e+06,26364.9
1,14,gate_proj,GPU,1.36213e+06,1.37091e+06,8775.48
1,14,Linear,Logic,1.36213e+06,1.37091e+06,8775.48
1,14,activation,Logic,1.37091e+06,1.37095e+06,38.4916
1,14,up_proj,GPU,1.37095e+06,1.37972e+06,8775.48
1,14,Linear,Logic,1.37095e+06,1.37972e+06,8775.48
1,14,down_proj,GPU,1.37972e+06,1.3885e+06,8775.48
1,14,Linear,Logic,1.37972e+06,1.3885e+06,8775.48
1,14,sync_2,GPU,1.3885e+06,1.3885e+06,0
1,14,sync__set,GPU,1.3885e+06,1.3885e+06,0
1,14,sync__,GPU,1.3885e+06,1.3885e+06,0
1,14,moe_all_reduce_for_e_tp,GPU,1.3885e+06,1.3885e+06,0
1,14,sync_3,GPU,1.3885e+06,1.3885e+06,0
1,14,sync__set,GPU,1.3885e+06,1.3885e+06,0
1,14,sync__,GPU,1.3885e+06,1.3885e+06,0
1,14,moe_gather,GPU,1.3885e+06,1.3885e+06,0
1,14,sync_for_moe_gather,GPU,1.3885e+06,1.3885e+06,0
1,14,sync__set,GPU,1.3885e+06,1.3885e+06,0
1,14,sync__,GPU,1.3885e+06,1.3885e+06,0
1,14,moe_all_reduce_for_gather,GPU,1.3885e+06,1.39374e+06,5236.91
1,14,sync_5,GPU,1.39374e+06,1.39374e+06,0
1,14,sync__set,GPU,1.39374e+06,1.39374e+06,0
1,14,sync__,GPU,1.39374e+06,1.39374e+06,0
1,14,sync_6,GPU,1.39374e+06,1.39374e+06,0
1,14,sync__set,GPU,1.39374e+06,1.39374e+06,0
1,14,sync__,GPU,1.39374e+06,1.39374e+06,0
1,14,residual_2,GPU,1.39374e+06,1.39389e+06,158.854
1,15,MoE_decoder_15,GPU,1.39389e+06,1.47609e+06,82191.2
1,15,input_layer_norm,GPU,1.39389e+06,1.39405e+06,158.854
1,15,attention,GPU,1.39405e+06,1.411e+06,16945.7
1,15,attn_qkv_proj,GPU,1.39405e+06,1.39791e+06,3861.38
1,15,Linear,GPU,1.39405e+06,1.39791e+06,3861.38
1,15,self_attention,GPU,1.39791e+06,1.40316e+06,5247.08
1,15,AttentionSplit,GPU,1.39791e+06,1.39791e+06,0
1,15,AttentionSum,Logic,1.39791e+06,1.39791e+06,0
1,15,AttentionGen,Logic,1.39791e+06,1.40316e+06,5247.08
1,15,AttentionMerge,GPU,1.40316e+06,1.40316e+06,0
1,15,attn_o_proj,GPU,1.40316e+06,1.40576e+06,2600.32
1,15,Linear,GPU,1.40316e+06,1.40576e+06,2600.32
1,15,all_reduce,GPU,1.40576e+06,1.411e+06,5236.91
1,15,residual_1,GPU,1.411e+06,1.41116e+06,158.854
1,15,post_attn_layer_norm,GPU,1.41116e+06,1.41132e+06,158.854
1,15,expertFFN,GPU,1.41132e+06,1.47593e+06,64610.1
1,15,sync_0,GPU,1.41132e+06,1.41132e+06,0
1,15,sync__set,GPU,1.41132e+06,1.41132e+06,0
1,15,sync__,GPU,1.41132e+06,1.41132e+06,0
1,15,gate_fn,GPU,1.41132e+06,1.41141e+06,97.9093
1,15,Linear,GPU,1.41132e+06,1.41141e+06,97.9093
1,15,gate_update,GPU,1.41141e+06,1.41141e+06,0
1,15,moe_scatter,GPU,1.41141e+06,1.41141e+06,0
1,15,sync_for_moe_scatter,GPU,1.41141e+06,1.41141e+06,0
1,15,sync__set,GPU,1.41141e+06,1.41141e+06,0
1,15,sync__,GPU,1.41141e+06,1.41141e+06,0
1,15,moe_route,GPU,1.41141e+06,1.41141e+06,0
1,15,expert_FFN_2,GPU,1.41141e+06,1.44433e+06,32910.4
1,15,gate_proj,GPU,1.41141e+06,1.42236e+06,10948.7
1,15,Linear,Logic,1.41141e+06,1.42236e+06,10948.7
1,15,activation,Logic,1.42236e+06,1.42243e+06,64.1527
1,15,up_proj,GPU,1.42243e+06,1.43338e+06,10948.7
1,15,Linear,Logic,1.42243e+06,1.43338e+06,10948.7
1,15,down_proj,GPU,1.43338e+06,1.44433e+06,10948.7
1,15,Linear,Logic,1.43338e+06,1.44433e+06,10948.7
1,15,expert_FFN_3,GPU,1.44433e+06,1.47068e+06,26350.3
1,15,gate_proj,GPU,1.44433e+06,1.4531e+06,8772.74
1,15,Linear,Logic,1.44433e+06,1.4531e+06,8772.74
1,15,activation,Logic,1.4531e+06,1.45313e+06,32.0764
1,15,up_proj,GPU,1.45313e+06,1.4619e+06,8772.74
1,15,Linear,Logic,1.45313e+06,1.4619e+06,8772.74
1,15,down_proj,GPU,1.4619e+06,1.47068e+06,8772.74
1,15,Linear,Logic,1.4619e+06,1.47068e+06,8772.74
1,15,sync_2,GPU,1.47068e+06,1.47069e+06,14.6635
1,15,sync__set,GPU,1.47068e+06,1.47068e+06,0
1,15,sync__,GPU,1.47068e+06,1.47069e+06,14.6635
1,15,moe_all_reduce_for_e_tp,GPU,1.47069e+06,1.47069e+06,0
1,15,sync_3,GPU,1.47069e+06,1.47069e+06,0
1,15,sync__set,GPU,1.47069e+06,1.47069e+06,0
1,15,sync__,GPU,1.47069e+06,1.47069e+06,0
1,15,moe_gather,GPU,1.47069e+06,1.47069e+06,0
1,15,sync_for_moe_gather,GPU,1.47069e+06,1.47069e+06,0
1,15,sync__set,GPU,1.47069e+06,1.47069e+06,0
1,15,sync__,GPU,1.47069e+06,1.47069e+06,0
1,15,moe_all_reduce_for_gather,GPU,1.47069e+06,1.47593e+06,5236.91
1,15,sync_5,GPU,1.47593e+06,1.47593e+06,0
1,15,sync__set,GPU,1.47593e+06,1.47593e+06,0
1,15,sync__,GPU,1.47593e+06,1.47593e+06,0
1,15,sync_6,GPU,1.47593e+06,1.47593e+06,0
1,15,sync__set,GPU,1.47593e+06,1.47593e+06,0
1,15,sync__,GPU,1.47593e+06,1.47593e+06,0
1,15,residual_2,GPU,1.47593e+06,1.47609e+06,158.854
1,16,MoE_decoder_16,GPU,1.47609e+06,1.55831e+06,82220.6
1,16,input_layer_norm,GPU,1.47609e+06,1.47624e+06,158.854
1,16,attention,GPU,1.47624e+06,1.49319e+06,16945.7
1,16,attn_qkv_proj,GPU,1.47624e+06,1.48011e+06,3861.38
1,16,Linear,GPU,1.47624e+06,1.48011e+06,3861.38
1,16,self_attention,GPU,1.48011e+06,1.48535e+06,5247.08
1,16,AttentionSplit,GPU,1.48011e+06,1.48011e+06,0
1,16,AttentionSum,Logic,1.48011e+06,1.48011e+06,0
1,16,AttentionGen,Logic,1.48011e+06,1.48535e+06,5247.08
1,16,AttentionMerge,GPU,1.48535e+06,1.48535e+06,0
1,16,attn_o_proj,GPU,1.48535e+06,1.48795e+06,2600.32
1,16,Linear,GPU,1.48535e+06,1.48795e+06,2600.32
1,16,all_reduce,GPU,1.48795e+06,1.49319e+06,5236.91
1,16,residual_1,GPU,1.49319e+06,1.49335e+06,158.854
1,16,post_attn_layer_norm,GPU,1.49335e+06,1.49351e+06,158.854
1,16,expertFFN,GPU,1.49351e+06,1.55815e+06,64639.4
1,16,sync_0,GPU,1.49351e+06,1.49351e+06,0
1,16,sync__set,GPU,1.49351e+06,1.49351e+06,0
1,16,sync__,GPU,1.49351e+06,1.49351e+06,0
1,16,gate_fn,GPU,1.49351e+06,1.49361e+06,97.9093
1,16,Linear,GPU,1.49351e+06,1.49361e+06,97.9093
1,16,gate_update,GPU,1.49361e+06,1.49361e+06,0
1,16,moe_scatter,GPU,1.49361e+06,1.49361e+06,0
1,16,sync_for_moe_scatter,GPU,1.49361e+06,1.49361e+06,0
1,16,sync__set,GPU,1.49361e+06,1.49361e+06,0
1,16,sync__,GPU,1.49361e+06,1.49361e+06,0
1,16,moe_route,GPU,1.49361e+06,1.49361e+06,0
1,16,expert_FFN_2,GPU,1.49361e+06,1.51997e+06,26364.9
1,16,gate_proj,GPU,1.49361e+06,1.50238e+06,8775.48
1,16,Linear,Logic,1.49361e+06,1.50238e+06,8775.48
1,16,activation,Logic,1.50238e+06,1.50242e+06,38.4916
1,16,up_proj,GPU,1.50242e+06,1.5112e+06,8775.48
1,16,Linear,Logic,1.50242e+06,1.5112e+06,8775.48
1,16,down_proj,GPU,1.5112e+06,1.51997e+06,8775.48
1,16,Linear,Logic,1.5112e+06,1.51997e+06,8775.48
1,16,expert_FFN_3,GPU,1.51997e+06,1.55288e+06,32910.4
1,16,gate_proj,GPU,1.51997e+06,1.53092e+06,10948.7
1,16,Linear,Logic,1.51997e+06,1.53092e+06,10948.7
1,16,activation,Logic,1.53092e+06,1.53098e+06,64.1527
1,16,up_proj,GPU,1.53098e+06,1.54193e+06,10948.7
1,16,Linear,Logic,1.53098e+06,1.54193e+06,10948.7
1,16,down_proj,GPU,1.54193e+06,1.55288e+06,10948.7
1,16,Linear,Logic,1.54193e+06,1.55288e+06,10948.7
1,16,sync_2,GPU,1.55288e+06,1.55291e+06,29.327
1,16,sync__set,GPU,1.55288e+06,1.55288e+06,0
1,16,sync__,GPU,1.55288e+06,1.55291e+06,29.327
1,16,moe_all_reduce_for_e_tp,GPU,1.55291e+06,1.55291e+06,0
1,16,sync_3,GPU,1.55291e+06,1.55291e+06,0
1,16,sync__set,GPU,1.55291e+06,1.55291e+06,0
1,16,sync__,GPU,1.55291e+06,1.55291e+06,0
1,16,moe_gather,GPU,1.55291e+06,1.55291e+06,0
1,16,sync_for_moe_gather,GPU,1.55291e+06,1.55291e+06,0
1,16,sync__set,GPU,1.55291e+06,1.55291e+06,0
1,16,sync__,GPU,1.55291e+06,1.55291e+06,0
1,16,moe_all_reduce_for_gather,GPU,1.55291e+06,1.55815e+06,5236.91
1,16,sync_5,GPU,1.55815e+06,1.55815e+06,0
1,16,sync__set,GPU,1.55815e+06,1.55815e+06,0
1,16,sync__,GPU,1.55815e+06,1.55815e+06,0
1,16,sync_6,GPU,1.55815e+06,1.55815e+06,0
1,16,sync__set,GPU,1.55815e+06,1.55815e+06,0
1,16,sync__,GPU,1.55815e+06,1.55815e+06,0
1,16,residual_2,GPU,1.55815e+06,1.55831e+06,158.854
1,17,MoE_decoder_17,GPU,1.55831e+06,1.64711e+06,88802.6
1,17,input_layer_norm,GPU,1.55831e+06,1.55847e+06,158.854
1,17,attention,GPU,1.55847e+06,1.57541e+06,16945.7
1,17,attn_qkv_proj,GPU,1.55847e+06,1.56233e+06,3861.38
1,17,Linear,GPU,1.55847e+06,1.56233e+06,3861.38
1,17,self_attention,GPU,1.56233e+06,1.56757e+06,5247.08
1,17,AttentionSplit,GPU,1.56233e+06,1.56233e+06,0
1,17,AttentionSum,Logic,1.56233e+06,1.56233e+06,0
1,17,AttentionGen,Logic,1.56233e+06,1.56757e+06,5247.08
1,17,AttentionMerge,GPU,1.56757e+06,1.56757e+06,0
1,17,attn_o_proj,GPU,1.56757e+06,1.57017e+06,2600.32
1,17,Linear,GPU,1.56757e+06,1.57017e+06,2600.32
1,17,all_reduce,GPU,1.57017e+06,1.57541e+06,5236.91
1,17,residual_1,GPU,1.57541e+06,1.57557e+06,158.854
1,17,post_attn_layer_norm,GPU,1.57557e+06,1.57573e+06,158.854
1,17,expertFFN,GPU,1.57573e+06,1.64695e+06,71221.5
1,17,sync_0,GPU,1.57573e+06,1.57573e+06,0
1,17,sync__set,GPU,1.57573e+06,1.57573e+06,0
1,17,sync__,GPU,1.57573e+06,1.57573e+06,0
1,17,gate_fn,GPU,1.57573e+06,1.57583e+06,97.9093
1,17,Linear,GPU,1.57573e+06,1.57583e+06,97.9093
1,17,gate_update,GPU,1.57583e+06,1.57583e+06,0
1,17,moe_scatter,GPU,1.57583e+06,1.57583e+06,0
1,17,sync_for_moe_scatter,GPU,1.57583e+06,1.57583e+06,0
1,17,sync__set,GPU,1.57583e+06,1.57583e+06,0
1,17,sync__,GPU,1.57583e+06,1.57583e+06,0
1,17,moe_route,GPU,1.57583e+06,1.57583e+06,0
1,17,expert_FFN_2,GPU,1.57583e+06,1.60219e+06,26364.9
1,17,gate_proj,GPU,1.57583e+06,1.5846e+06,8775.48
1,17,Linear,Logic,1.57583e+06,1.5846e+06,8775.48
1,17,activation,Logic,1.5846e+06,1.58464e+06,38.4916
1,17,up_proj,GPU,1.58464e+06,1.59342e+06,8775.48
1,17,Linear,Logic,1.58464e+06,1.59342e+06,8775.48
1,17,down_proj,GPU,1.59342e+06,1.60219e+06,8775.48
1,17,Linear,Logic,1.59342e+06,1.60219e+06,8775.48
1,17,expert_FFN_3,GPU,1.60219e+06,1.63181e+06,29619.3
1,17,gate_proj,GPU,1.60219e+06,1.61205e+06,9853.86
1,17,Linear,Logic,1.60219e+06,1.61205e+06,9853.86
1,17,activation,Logic,1.61205e+06,1.6121e+06,57.7375
1,17,up_proj,GPU,1.6121e+06,1.62196e+06,9853.86
1,17,Linear,Logic,1.6121e+06,1.62196e+06,9853.86
1,17,down_proj,GPU,1.62196e+06,1.63181e+06,9853.86
1,17,Linear,Logic,1.62196e+06,1.63181e+06,9853.86
1,17,sync_2,GPU,1.63181e+06,1.64171e+06,9902.43
1,17,sync__set,GPU,1.63181e+06,1.63181e+06,0
1,17,sync__,GPU,1.63181e+06,1.64171e+06,9902.43
1,17,moe_all_reduce_for_e_tp,GPU,1.64171e+06,1.64171e+06,0
1,17,sync_3,GPU,1.64171e+06,1.64171e+06,0
1,17,sync__set,GPU,1.64171e+06,1.64171e+06,0
1,17,sync__,GPU,1.64171e+06,1.64171e+06,0
1,17,moe_gather,GPU,1.64171e+06,1.64171e+06,0
1,17,sync_for_moe_gather,GPU,1.64171e+06,1.64171e+06,0
1,17,sync__set,GPU,1.64171e+06,1.64171e+06,0
1,17,sync__,GPU,1.64171e+06,1.64171e+06,0
1,17,moe_all_reduce_for_gather,GPU,1.64171e+06,1.64695e+06,5236.91
1,17,sync_5,GPU,1.64695e+06,1.64695e+06,0
1,17,sync__set,GPU,1.64695e+06,1.64695e+06,0
1,17,sync__,GPU,1.64695e+06,1.64695e+06,0
1,17,sync_6,GPU,1.64695e+06,1.64695e+06,0
1,17,sync__set,GPU,1.64695e+06,1.64695e+06,0
1,17,sync__,GPU,1.64695e+06,1.64695e+06,0
1,17,residual_2,GPU,1.64695e+06,1.64711e+06,158.854
1,18,MoE_decoder_18,GPU,1.64711e+06,1.73585e+06,88736.6
1,18,input_layer_norm,GPU,1.64711e+06,1.64727e+06,158.854
1,18,attention,GPU,1.64727e+06,1.66421e+06,16945.7
1,18,attn_qkv_proj,GPU,1.64727e+06,1.65113e+06,3861.38
1,18,Linear,GPU,1.64727e+06,1.65113e+06,3861.38
1,18,self_attention,GPU,1.65113e+06,1.65638e+06,5247.08
1,18,AttentionSplit,GPU,1.65113e+06,1.65113e+06,0
1,18,AttentionSum,Logic,1.65113e+06,1.65113e+06,0
1,18,AttentionGen,Logic,1.65113e+06,1.65638e+06,5247.08
1,18,AttentionMerge,GPU,1.65638e+06,1.65638e+06,0
1,18,attn_o_proj,GPU,1.65638e+06,1.65898e+06,2600.32
1,18,Linear,GPU,1.65638e+06,1.65898e+06,2600.32
1,18,all_reduce,GPU,1.65898e+06,1.66421e+06,5236.91
1,18,residual_1,GPU,1.66421e+06,1.66437e+06,158.854
1,18,post_attn_layer_norm,GPU,1.66437e+06,1.66453e+06,158.854
1,18,expertFFN,GPU,1.66453e+06,1.73569e+06,71155.5
1,18,sync_0,GPU,1.66453e+06,1.66453e+06,0
1,18,sync__set,GPU,1.66453e+06,1.66453e+06,0
1,18,sync__,GPU,1.66453e+06,1.66453e+06,0
1,18,gate_fn,GPU,1.66453e+06,1.66463e+06,97.9093
1,18,Linear,GPU,1.66453e+06,1.66463e+06,97.9093
1,18,gate_update,GPU,1.66463e+06,1.66463e+06,0
1,18,moe_scatter,GPU,1.66463e+06,1.66463e+06,0
1,18,sync_for_moe_scatter,GPU,1.66463e+06,1.66463e+06,0
1,18,sync__set,GPU,1.66463e+06,1.66463e+06,0
1,18,sync__,GPU,1.66463e+06,1.66463e+06,0
1,18,moe_route,GPU,1.66463e+06,1.66463e+06,0
1,18,expert_FFN_2,GPU,1.66463e+06,1.69094e+06,26306.3
1,18,gate_proj,GPU,1.66463e+06,1.67339e+06,8764.49
1,18,Linear,Logic,1.66463e+06,1.67339e+06,8764.49
1,18,activation,Logic,1.67339e+06,1.67341e+06,12.8305
1,18,up_proj,GPU,1.67341e+06,1.68217e+06,8764.49
1,18,Linear,Logic,1.67341e+06,1.68217e+06,8764.49
1,18,down_proj,GPU,1.68217e+06,1.69094e+06,8764.49
1,18,Linear,Logic,1.68217e+06,1.69094e+06,8764.49
1,18,expert_FFN_3,GPU,1.69094e+06,1.71733e+06,26394.3
1,18,gate_proj,GPU,1.69094e+06,1.69972e+06,8780.98
1,18,Linear,Logic,1.69094e+06,1.69972e+06,8780.98
1,18,activation,Logic,1.69972e+06,1.69977e+06,51.3222
1,18,up_proj,GPU,1.69977e+06,1.70855e+06,8780.98
1,18,Linear,Logic,1.69977e+06,1.70855e+06,8780.98
1,18,down_proj,GPU,1.70855e+06,1.71733e+06,8780.98
1,18,Linear,Logic,1.70855e+06,1.71733e+06,8780.98
1,18,sync_2,GPU,1.71733e+06,1.73045e+06,13120.2
1,18,sync__set,GPU,1.71733e+06,1.71733e+06,0
1,18,sync__,GPU,1.71733e+06,1.73045e+06,13120.2
1,18,moe_all_reduce_for_e_tp,GPU,1.73045e+06,1.73045e+06,0
1,18,sync_3,GPU,1.73045e+06,1.73045e+06,0
1,18,sync__set,GPU,1.73045e+06,1.73045e+06,0
1,18,sync__,GPU,1.73045e+06,1.73045e+06,0
1,18,moe_gather,GPU,1.73045e+06,1.73045e+06,0
1,18,sync_for_moe_gather,GPU,1.73045e+06,1.73045e+06,0
1,18,sync__set,GPU,1.73045e+06,1.73045e+06,0
1,18,sync__,GPU,1.73045e+06,1.73045e+06,0
1,18,moe_all_reduce_for_gather,GPU,1.73045e+06,1.73569e+06,5236.91
1,18,sync_5,GPU,1.73569e+06,1.73569e+06,0
1,18,sync__set,GPU,1.73569e+06,1.73569e+06,0
1,18,sync__,GPU,1.73569e+06,1.73569e+06,0
1,18,sync_6,GPU,1.73569e+06,1.73569e+06,0
1,18,sync__set,GPU,1.73569e+06,1.73569e+06,0
1,18,sync__,GPU,1.73569e+06,1.73569e+06,0
1,18,residual_2,GPU,1.73569e+06,1.73585e+06,158.854
1,19,MoE_decoder_19,GPU,1.73585e+06,1.82136e+06,85511.6
1,19,input_layer_norm,GPU,1.73585e+06,1.736e+06,158.854
1,19,attention,GPU,1.736e+06,1.75295e+06,16945.7
1,19,attn_qkv_proj,GPU,1.736e+06,1.73987e+06,3861.38
1,19,Linear,GPU,1.736e+06,1.73987e+06,3861.38
1,19,self_attention,GPU,1.73987e+06,1.74511e+06,5247.08
1,19,AttentionSplit,GPU,1.73987e+06,1.73987e+06,0
1,19,AttentionSum,Logic,1.73987e+06,1.73987e+06,0
1,19,AttentionGen,Logic,1.73987e+06,1.74511e+06,5247.08
1,19,AttentionMerge,GPU,1.74511e+06,1.74511e+06,0
1,19,attn_o_proj,GPU,1.74511e+06,1.74771e+06,2600.32
1,19,Linear,GPU,1.74511e+06,1.74771e+06,2600.32
1,19,all_reduce,GPU,1.74771e+06,1.75295e+06,5236.91
1,19,residual_1,GPU,1.75295e+06,1.75311e+06,158.854
1,19,post_attn_layer_norm,GPU,1.75311e+06,1.75327e+06,158.854
1,19,expertFFN,GPU,1.75327e+06,1.8212e+06,67930.5
1,19,sync_0,GPU,1.75327e+06,1.75327e+06,0
1,19,sync__set,GPU,1.75327e+06,1.75327e+06,0
1,19,sync__,GPU,1.75327e+06,1.75327e+06,0
1,19,gate_fn,GPU,1.75327e+06,1.75337e+06,97.9093
1,19,Linear,GPU,1.75327e+06,1.75337e+06,97.9093
1,19,gate_update,GPU,1.75337e+06,1.75337e+06,0
1,19,moe_scatter,GPU,1.75337e+06,1.75337e+06,0
1,19,sync_for_moe_scatter,GPU,1.75337e+06,1.75337e+06,0
1,19,sync__set,GPU,1.75337e+06,1.75337e+06,0
1,19,sync__,GPU,1.75337e+06,1.75337e+06,0
1,19,moe_route,GPU,1.75337e+06,1.75337e+06,0
1,19,expert_FFN_2,GPU,1.75337e+06,1.77975e+06,26379.6
1,19,gate_proj,GPU,1.75337e+06,1.76214e+06,8778.23
1,19,Linear,Logic,1.75337e+06,1.76214e+06,8778.23
1,19,activation,Logic,1.76214e+06,1.76219e+06,44.9069
1,19,up_proj,GPU,1.76219e+06,1.77097e+06,8778.23
1,19,Linear,Logic,1.76219e+06,1.77097e+06,8778.23
1,19,down_proj,GPU,1.77097e+06,1.77975e+06,8778.23
1,19,Linear,Logic,1.77097e+06,1.77975e+06,8778.23
1,19,expert_FFN_3,GPU,1.77975e+06,1.80936e+06,29619.3
1,19,gate_proj,GPU,1.77975e+06,1.7896e+06,9853.86
1,19,Linear,Logic,1.77975e+06,1.7896e+06,9853.86
1,19,activation,Logic,1.7896e+06,1.78966e+06,57.7375
1,19,up_proj,GPU,1.78966e+06,1.79951e+06,9853.86
1,19,Linear,Logic,1.78966e+06,1.79951e+06,9853.86
1,19,down_proj,GPU,1.79951e+06,1.80936e+06,9853.86
1,19,Linear,Logic,1.79951e+06,1.80936e+06,9853.86
1,19,sync_2,GPU,1.80936e+06,1.81596e+06,6596.74
1,19,sync__set,GPU,1.80936e+06,1.80936e+06,0
1,19,sync__,GPU,1.80936e+06,1.81596e+06,6596.74
1,19,moe_all_reduce_for_e_tp,GPU,1.81596e+06,1.81596e+06,0
1,19,sync_3,GPU,1.81596e+06,1.81596e+06,0
1,19,sync__set,GPU,1.81596e+06,1.81596e+06,0
1,19,sync__,GPU,1.81596e+06,1.81596e+06,0
1,19,moe_gather,GPU,1.81596e+06,1.81596e+06,0
1,19,sync_for_moe_gather,GPU,1.81596e+06,1.81596e+06,0
1,19,sync__set,GPU,1.81596e+06,1.81596e+06,0
1,19,sync__,GPU,1.81596e+06,1.81596e+06,0
1,19,moe_all_reduce_for_gather,GPU,1.81596e+06,1.8212e+06,5236.91
1,19,sync_5,GPU,1.8212e+06,1.8212e+06,0
1,19,sync__set,GPU,1.8212e+06,1.8212e+06,0
1,19,sync__,GPU,1.8212e+06,1.8212e+06,0
1,19,sync_6,GPU,1.8212e+06,1.8212e+06,0
1,19,sync__set,GPU,1.8212e+06,1.8212e+06,0
1,19,sync__,GPU,1.8212e+06,1.8212e+06,0
1,19,residual_2,GPU,1.8212e+06,1.82136e+06,158.854
1,20,MoE_decoder_20,GPU,1.82136e+06,1.91344e+06,92079
1,20,input_layer_norm,GPU,1.82136e+06,1.82152e+06,158.854
1,20,attention,GPU,1.82152e+06,1.83846e+06,16945.7
1,20,attn_qkv_proj,GPU,1.82152e+06,1.82538e+06,3861.38
1,20,Linear,GPU,1.82152e+06,1.82538e+06,3861.38
1,20,self_attention,GPU,1.82538e+06,1.83062e+06,5247.08
1,20,AttentionSplit,GPU,1.82538e+06,1.82538e+06,0
1,20,AttentionSum,Logic,1.82538e+06,1.82538e+06,0
1,20,AttentionGen,Logic,1.82538e+06,1.83062e+06,5247.08
1,20,AttentionMerge,GPU,1.83062e+06,1.83062e+06,0
1,20,attn_o_proj,GPU,1.83062e+06,1.83323e+06,2600.32
1,20,Linear,GPU,1.83062e+06,1.83323e+06,2600.32
1,20,all_reduce,GPU,1.83323e+06,1.83846e+06,5236.91
1,20,residual_1,GPU,1.83846e+06,1.83862e+06,158.854
1,20,post_attn_layer_norm,GPU,1.83862e+06,1.83878e+06,158.854
1,20,expertFFN,GPU,1.83878e+06,1.91328e+06,74497.9
1,20,sync_0,GPU,1.83878e+06,1.83878e+06,0
1,20,sync__set,GPU,1.83878e+06,1.83878e+06,0
1,20,sync__,GPU,1.83878e+06,1.83878e+06,0
1,20,gate_fn,GPU,1.83878e+06,1.83888e+06,97.9093
1,20,Linear,GPU,1.83878e+06,1.83888e+06,97.9093
1,20,gate_update,GPU,1.83888e+06,1.83888e+06,0
1,20,moe_scatter,GPU,1.83888e+06,1.83888e+06,0
1,20,sync_for_moe_scatter,GPU,1.83888e+06,1.83888e+06,0
1,20,sync__set,GPU,1.83888e+06,1.83888e+06,0
1,20,sync__,GPU,1.83888e+06,1.83888e+06,0
1,20,moe_route,GPU,1.83888e+06,1.83888e+06,0
1,20,expert_FFN_2,GPU,1.83888e+06,1.86526e+06,26379.6
1,20,gate_proj,GPU,1.83888e+06,1.84766e+06,8778.23
1,20,Linear,Logic,1.83888e+06,1.84766e+06,8778.23
1,20,activation,Logic,1.84766e+06,1.8477e+06,44.9069
1,20,up_proj,GPU,1.8477e+06,1.85648e+06,8778.23
1,20,Linear,Logic,1.8477e+06,1.85648e+06,8778.23
1,20,down_proj,GPU,1.85648e+06,1.86526e+06,8778.23
1,20,Linear,Logic,1.85648e+06,1.86526e+06,8778.23
1,20,expert_FFN_3,GPU,1.86526e+06,1.90804e+06,42783.5
1,20,gate_proj,GPU,1.86526e+06,1.87949e+06,14233.4
1,20,Linear,Logic,1.86526e+06,1.87949e+06,14233.4
1,20,activation,Logic,1.87949e+06,1.87957e+06,83.3986
1,20,up_proj,GPU,1.87957e+06,1.89381e+06,14233.4
1,20,Linear,Logic,1.87957e+06,1.89381e+06,14233.4
1,20,down_proj,GPU,1.89381e+06,1.90804e+06,14233.4
1,20,Linear,Logic,1.89381e+06,1.90804e+06,14233.4
1,20,sync_2,GPU,1.90804e+06,1.90804e+06,0
1,20,sync__set,GPU,1.90804e+06,1.90804e+06,0
1,20,sync__,GPU,1.90804e+06,1.90804e+06,0
1,20,moe_all_reduce_for_e_tp,GPU,1.90804e+06,1.90804e+06,0
1,20,sync_3,GPU,1.90804e+06,1.90804e+06,0
1,20,sync__set,GPU,1.90804e+06,1.90804e+06,0
1,20,sync__,GPU,1.90804e+06,1.90804e+06,0
1,20,moe_gather,GPU,1.90804e+06,1.90804e+06,0
1,20,sync_for_moe_gather,GPU,1.90804e+06,1.90804e+06,0
1,20,sync__set,GPU,1.90804e+06,1.90804e+06,0
1,20,sync__,GPU,1.90804e+06,1.90804e+06,0
1,20,moe_all_reduce_for_gather,GPU,1.90804e+06,1.91328e+06,5236.91
1,20,sync_5,GPU,1.91328e+06,1.91328e+06,0
1,20,sync__set,GPU,1.91328e+06,1.91328e+06,0
1,20,sync__,GPU,1.91328e+06,1.91328e+06,0
1,20,sync_6,GPU,1.91328e+06,1.91328e+06,0
1,20,sync__set,GPU,1.91328e+06,1.91328e+06,0
1,20,sync__,GPU,1.91328e+06,1.91328e+06,0
1,20,residual_2,GPU,1.91328e+06,1.91344e+06,158.854
1,21,MoE_decoder_21,GPU,1.91344e+06,2.00552e+06,92079
1,21,input_layer_norm,GPU,1.91344e+06,1.9136e+06,158.854
1,21,attention,GPU,1.9136e+06,1.93054e+06,16945.7
1,21,attn_qkv_proj,GPU,1.9136e+06,1.91746e+06,3861.38
1,21,Linear,GPU,1.9136e+06,1.91746e+06,3861.38
1,21,self_attention,GPU,1.91746e+06,1.9227e+06,5247.08
1,21,AttentionSplit,GPU,1.91746e+06,1.91746e+06,0
1,21,AttentionSum,Logic,1.91746e+06,1.91746e+06,0
1,21,AttentionGen,Logic,1.91746e+06,1.9227e+06,5247.08
1,21,AttentionMerge,GPU,1.9227e+06,1.9227e+06,0
1,21,attn_o_proj,GPU,1.9227e+06,1.9253e+06,2600.32
1,21,Linear,GPU,1.9227e+06,1.9253e+06,2600.32
1,21,all_reduce,GPU,1.9253e+06,1.93054e+06,5236.91
1,21,residual_1,GPU,1.93054e+06,1.9307e+06,158.854
1,21,post_attn_layer_norm,GPU,1.9307e+06,1.93086e+06,158.854
1,21,expertFFN,GPU,1.93086e+06,2.00536e+06,74497.9
1,21,sync_0,GPU,1.93086e+06,1.93086e+06,0
1,21,sync__set,GPU,1.93086e+06,1.93086e+06,0
1,21,sync__,GPU,1.93086e+06,1.93086e+06,0
1,21,gate_fn,GPU,1.93086e+06,1.93096e+06,97.9093
1,21,Linear,GPU,1.93086e+06,1.93096e+06,97.9093
1,21,gate_update,GPU,1.93096e+06,1.93096e+06,0
1,21,moe_scatter,GPU,1.93096e+06,1.93096e+06,0
1,21,sync_for_moe_scatter,GPU,1.93096e+06,1.93096e+06,0
1,21,sync__set,GPU,1.93096e+06,1.93096e+06,0
1,21,sync__,GPU,1.93096e+06,1.93096e+06,0
1,21,moe_route,GPU,1.93096e+06,1.93096e+06,0
1,21,expert_FFN_2,GPU,1.93096e+06,1.95734e+06,26379.6
1,21,gate_proj,GPU,1.93096e+06,1.93973e+06,8778.23
1,21,Linear,Logic,1.93096e+06,1.93973e+06,8778.23
1,21,activation,Logic,1.93973e+06,1.93978e+06,44.9069
1,21,up_proj,GPU,1.93978e+06,1.94856e+06,8778.23
1,21,Linear,Logic,1.93978e+06,1.94856e+06,8778.23
1,21,down_proj,GPU,1.94856e+06,1.95734e+06,8778.23
1,21,Linear,Logic,1.94856e+06,1.95734e+06,8778.23
1,21,expert_FFN_3,GPU,1.95734e+06,1.99025e+06,32910.4
1,21,gate_proj,GPU,1.95734e+06,1.96828e+06,10948.7
1,21,Linear,Logic,1.95734e+06,1.96828e+06,10948.7
1,21,activation,Logic,1.96828e+06,1.96835e+06,64.1527
1,21,up_proj,GPU,1.96835e+06,1.9793e+06,10948.7
1,21,Linear,Logic,1.96835e+06,1.9793e+06,10948.7
1,21,down_proj,GPU,1.9793e+06,1.99025e+06,10948.7
1,21,Linear,Logic,1.9793e+06,1.99025e+06,10948.7
1,21,sync_2,GPU,1.99025e+06,2.00012e+06,9873.11
1,21,sync__set,GPU,1.99025e+06,1.99025e+06,0
1,21,sync__,GPU,1.99025e+06,2.00012e+06,9873.11
1,21,moe_all_reduce_for_e_tp,GPU,2.00012e+06,2.00012e+06,0
1,21,sync_3,GPU,2.00012e+06,2.00012e+06,0
1,21,sync__set,GPU,2.00012e+06,2.00012e+06,0
1,21,sync__,GPU,2.00012e+06,2.00012e+06,0
1,21,moe_gather,GPU,2.00012e+06,2.00012e+06,0
1,21,sync_for_moe_gather,GPU,2.00012e+06,2.00012e+06,0
1,21,sync__set,GPU,2.00012e+06,2.00012e+06,0
1,21,sync__,GPU,2.00012e+06,2.00012e+06,0
1,21,moe_all_reduce_for_gather,GPU,2.00012e+06,2.00536e+06,5236.91
1,21,sync_5,GPU,2.00536e+06,2.00536e+06,0
1,21,sync__set,GPU,2.00536e+06,2.00536e+06,0
1,21,sync__,GPU,2.00536e+06,2.00536e+06,0
1,21,sync_6,GPU,2.00536e+06,2.00536e+06,0
1,21,sync__set,GPU,2.00536e+06,2.00536e+06,0
1,21,sync__,GPU,2.00536e+06,2.00536e+06,0
1,21,residual_2,GPU,2.00536e+06,2.00552e+06,158.854
1,22,MoE_decoder_22,GPU,2.00552e+06,2.09096e+06,85445.6
1,22,input_layer_norm,GPU,2.00552e+06,2.00567e+06,158.854
1,22,attention,GPU,2.00567e+06,2.02262e+06,16945.7
1,22,attn_qkv_proj,GPU,2.00567e+06,2.00954e+06,3861.38
1,22,Linear,GPU,2.00567e+06,2.00954e+06,3861.38
1,22,self_attention,GPU,2.00954e+06,2.01478e+06,5247.08
1,22,AttentionSplit,GPU,2.00954e+06,2.00954e+06,0
1,22,AttentionSum,Logic,2.00954e+06,2.00954e+06,0
1,22,AttentionGen,Logic,2.00954e+06,2.01478e+06,5247.08
1,22,AttentionMerge,GPU,2.01478e+06,2.01478e+06,0
1,22,attn_o_proj,GPU,2.01478e+06,2.01738e+06,2600.32
1,22,Linear,GPU,2.01478e+06,2.01738e+06,2600.32
1,22,all_reduce,GPU,2.01738e+06,2.02262e+06,5236.91
1,22,residual_1,GPU,2.02262e+06,2.02278e+06,158.854
1,22,post_attn_layer_norm,GPU,2.02278e+06,2.02294e+06,158.854
1,22,expertFFN,GPU,2.02294e+06,2.0908e+06,67864.5
1,22,sync_0,GPU,2.02294e+06,2.02294e+06,0
1,22,sync__set,GPU,2.02294e+06,2.02294e+06,0
1,22,sync__,GPU,2.02294e+06,2.02294e+06,0
1,22,gate_fn,GPU,2.02294e+06,2.02304e+06,97.9093
1,22,Linear,GPU,2.02294e+06,2.02304e+06,97.9093
1,22,gate_update,GPU,2.02304e+06,2.02304e+06,0
1,22,moe_scatter,GPU,2.02304e+06,2.02304e+06,0
1,22,sync_for_moe_scatter,GPU,2.02304e+06,2.02304e+06,0
1,22,sync__set,GPU,2.02304e+06,2.02304e+06,0
1,22,sync__,GPU,2.02304e+06,2.02304e+06,0
1,22,moe_route,GPU,2.02304e+06,2.02304e+06,0
1,22,expert_FFN_2,GPU,2.02304e+06,2.04943e+06,26394.3
1,22,gate_proj,GPU,2.02304e+06,2.03182e+06,8780.98
1,22,Linear,Logic,2.02304e+06,2.03182e+06,8780.98
1,22,activation,Logic,2.03182e+06,2.03187e+06,51.3222
1,22,up_proj,GPU,2.03187e+06,2.04065e+06,8780.98
1,22,Linear,Logic,2.03187e+06,2.04065e+06,8780.98
1,22,down_proj,GPU,2.04065e+06,2.04943e+06,8780.98
1,22,Linear,Logic,2.04065e+06,2.04943e+06,8780.98
1,22,expert_FFN_3,GPU,2.04943e+06,2.07582e+06,26394.3
1,22,gate_proj,GPU,2.04943e+06,2.05821e+06,8780.98
1,22,Linear,Logic,2.04943e+06,2.05821e+06,8780.98
1,22,activation,Logic,2.05821e+06,2.05826e+06,51.3222
1,22,up_proj,GPU,2.05826e+06,2.06704e+06,8780.98
1,22,Linear,Logic,2.05826e+06,2.06704e+06,8780.98
1,22,down_proj,GPU,2.06704e+06,2.07582e+06,8780.98
1,22,Linear,Logic,2.06704e+06,2.07582e+06,8780.98
1,22,sync_2,GPU,2.07582e+06,2.08557e+06,9741.14
1,22,sync__set,GPU,2.07582e+06,2.07582e+06,0
1,22,sync__,GPU,2.07582e+06,2.08557e+06,9741.14
1,22,moe_all_reduce_for_e_tp,GPU,2.08557e+06,2.08557e+06,0
1,22,sync_3,GPU,2.08557e+06,2.08557e+06,0
1,22,sync__set,GPU,2.08557e+06,2.08557e+06,0
1,22,sync__,GPU,2.08557e+06,2.08557e+06,0
1,22,moe_gather,GPU,2.08557e+06,2.08557e+06,0
1,22,sync_for_moe_gather,GPU,2.08557e+06,2.08557e+06,0
1,22,sync__set,GPU,2.08557e+06,2.08557e+06,0
1,22,sync__,GPU,2.08557e+06,2.08557e+06,0
1,22,moe_all_reduce_for_gather,GPU,2.08557e+06,2.0908e+06,5236.91
1,22,sync_5,GPU,2.0908e+06,2.0908e+06,0
1,22,sync__set,GPU,2.0908e+06,2.0908e+06,0
1,22,sync__,GPU,2.0908e+06,2.0908e+06,0
1,22,sync_6,GPU,2.0908e+06,2.0908e+06,0
1,22,sync__set,GPU,2.0908e+06,2.0908e+06,0
1,22,sync__,GPU,2.0908e+06,2.0908e+06,0
1,22,residual_2,GPU,2.0908e+06,2.09096e+06,158.854
1,23,MoE_decoder_23,GPU,2.09096e+06,2.17975e+06,88788
1,23,input_layer_norm,GPU,2.09096e+06,2.09112e+06,158.854
1,23,attention,GPU,2.09112e+06,2.10807e+06,16945.7
1,23,attn_qkv_proj,GPU,2.09112e+06,2.09498e+06,3861.38
1,23,Linear,GPU,2.09112e+06,2.09498e+06,3861.38
1,23,self_attention,GPU,2.09498e+06,2.10023e+06,5247.08
1,23,AttentionSplit,GPU,2.09498e+06,2.09498e+06,0
1,23,AttentionSum,Logic,2.09498e+06,2.09498e+06,0
1,23,AttentionGen,Logic,2.09498e+06,2.10023e+06,5247.08
1,23,AttentionMerge,GPU,2.10023e+06,2.10023e+06,0
1,23,attn_o_proj,GPU,2.10023e+06,2.10283e+06,2600.32
1,23,Linear,GPU,2.10023e+06,2.10283e+06,2600.32
1,23,all_reduce,GPU,2.10283e+06,2.10807e+06,5236.91
1,23,residual_1,GPU,2.10807e+06,2.10822e+06,158.854
1,23,post_attn_layer_norm,GPU,2.10822e+06,2.10838e+06,158.854
1,23,expertFFN,GPU,2.10838e+06,2.17959e+06,71206.9
1,23,sync_0,GPU,2.10838e+06,2.10838e+06,0
1,23,sync__set,GPU,2.10838e+06,2.10838e+06,0
1,23,sync__,GPU,2.10838e+06,2.10838e+06,0
1,23,gate_fn,GPU,2.10838e+06,2.10848e+06,97.9093
1,23,Linear,GPU,2.10838e+06,2.10848e+06,97.9093
1,23,gate_update,GPU,2.10848e+06,2.10848e+06,0
1,23,moe_scatter,GPU,2.10848e+06,2.10848e+06,0
1,23,sync_for_moe_scatter,GPU,2.10848e+06,2.10848e+06,0
1,23,sync__set,GPU,2.10848e+06,2.10848e+06,0
1,23,sync__,GPU,2.10848e+06,2.10848e+06,0
1,23,moe_route,GPU,2.10848e+06,2.10848e+06,0
1,23,expert_FFN_2,GPU,2.10848e+06,2.14139e+06,32910.4
1,23,gate_proj,GPU,2.10848e+06,2.11943e+06,10948.7
1,23,Linear,Logic,2.10848e+06,2.11943e+06,10948.7
1,23,activation,Logic,2.11943e+06,2.11949e+06,64.1527
1,23,up_proj,GPU,2.11949e+06,2.13044e+06,10948.7
1,23,Linear,Logic,2.11949e+06,2.13044e+06,10948.7
1,23,down_proj,GPU,2.13044e+06,2.14139e+06,10948.7
1,23,Linear,Logic,2.13044e+06,2.14139e+06,10948.7
1,23,expert_FFN_3,GPU,2.14139e+06,2.16777e+06,26379.6
1,23,gate_proj,GPU,2.14139e+06,2.15017e+06,8778.23
1,23,Linear,Logic,2.14139e+06,2.15017e+06,8778.23
1,23,activation,Logic,2.15017e+06,2.15021e+06,44.9069
1,23,up_proj,GPU,2.15021e+06,2.15899e+06,8778.23
1,23,Linear,Logic,2.15021e+06,2.15899e+06,8778.23
1,23,down_proj,GPU,2.15899e+06,2.16777e+06,8778.23
1,23,Linear,Logic,2.15899e+06,2.16777e+06,8778.23
1,23,sync_2,GPU,2.16777e+06,2.17435e+06,6582.07
1,23,sync__set,GPU,2.16777e+06,2.16777e+06,0
1,23,sync__,GPU,2.16777e+06,2.17435e+06,6582.07
1,23,moe_all_reduce_for_e_tp,GPU,2.17435e+06,2.17435e+06,0
1,23,sync_3,GPU,2.17435e+06,2.17435e+06,0
1,23,sync__set,GPU,2.17435e+06,2.17435e+06,0
1,23,sync__,GPU,2.17435e+06,2.17435e+06,0
1,23,moe_gather,GPU,2.17435e+06,2.17435e+06,0
1,23,sync_for_moe_gather,GPU,2.17435e+06,2.17435e+06,0
1,23,sync__set,GPU,2.17435e+06,2.17435e+06,0
1,23,sync__,GPU,2.17435e+06,2.17435e+06,0
1,23,moe_all_reduce_for_gather,GPU,2.17435e+06,2.17959e+06,5236.91
1,23,sync_5,GPU,2.17959e+06,2.17959e+06,0
1,23,sync__set,GPU,2.17959e+06,2.17959e+06,0
1,23,sync__,GPU,2.17959e+06,2.17959e+06,0
1,23,sync_6,GPU,2.17959e+06,2.17959e+06,0
1,23,sync__set,GPU,2.17959e+06,2.17959e+06,0
1,23,sync__,GPU,2.17959e+06,2.17959e+06,0
1,23,residual_2,GPU,2.17959e+06,2.17975e+06,158.854
1,24,MoE_decoder_24,GPU,2.17975e+06,2.26849e+06,88736.6
1,24,input_layer_norm,GPU,2.17975e+06,2.17991e+06,158.854
1,24,attention,GPU,2.17991e+06,2.19685e+06,16945.7
1,24,attn_qkv_proj,GPU,2.17991e+06,2.18377e+06,3861.38
1,24,Linear,GPU,2.17991e+06,2.18377e+06,3861.38
1,24,self_attention,GPU,2.18377e+06,2.18902e+06,5247.08
1,24,AttentionSplit,GPU,2.18377e+06,2.18377e+06,0
1,24,AttentionSum,Logic,2.18377e+06,2.18377e+06,0
1,24,AttentionGen,Logic,2.18377e+06,2.18902e+06,5247.08
1,24,AttentionMerge,GPU,2.18902e+06,2.18902e+06,0
1,24,attn_o_proj,GPU,2.18902e+06,2.19162e+06,2600.32
1,24,Linear,GPU,2.18902e+06,2.19162e+06,2600.32
1,24,all_reduce,GPU,2.19162e+06,2.19685e+06,5236.91
1,24,residual_1,GPU,2.19685e+06,2.19701e+06,158.854
1,24,post_attn_layer_norm,GPU,2.19701e+06,2.19717e+06,158.854
1,24,expertFFN,GPU,2.19717e+06,2.26833e+06,71155.5
1,24,sync_0,GPU,2.19717e+06,2.19717e+06,0
1,24,sync__set,GPU,2.19717e+06,2.19717e+06,0
1,24,sync__,GPU,2.19717e+06,2.19717e+06,0
1,24,gate_fn,GPU,2.19717e+06,2.19727e+06,97.9093
1,24,Linear,GPU,2.19717e+06,2.19727e+06,97.9093
1,24,gate_update,GPU,2.19727e+06,2.19727e+06,0
1,24,moe_scatter,GPU,2.19727e+06,2.19727e+06,0
1,24,sync_for_moe_scatter,GPU,2.19727e+06,2.19727e+06,0
1,24,sync__set,GPU,2.19727e+06,2.19727e+06,0
1,24,sync__,GPU,2.19727e+06,2.19727e+06,0
1,24,moe_route,GPU,2.19727e+06,2.19727e+06,0
1,24,expert_FFN_2,GPU,2.19727e+06,2.22689e+06,29619.3
1,24,gate_proj,GPU,2.19727e+06,2.20712e+06,9853.86
1,24,Linear,Logic,2.19727e+06,2.20712e+06,9853.86
1,24,activation,Logic,2.20712e+06,2.20718e+06,57.7375
1,24,up_proj,GPU,2.20718e+06,2.21703e+06,9853.86
1,24,Linear,Logic,2.20718e+06,2.21703e+06,9853.86
1,24,down_proj,GPU,2.21703e+06,2.22689e+06,9853.86
1,24,Linear,Logic,2.21703e+06,2.22689e+06,9853.86
1,24,expert_FFN_3,GPU,2.22689e+06,2.25325e+06,26364.9
1,24,gate_proj,GPU,2.22689e+06,2.23566e+06,8775.48
1,24,Linear,Logic,2.22689e+06,2.23566e+06,8775.48
1,24,activation,Logic,2.23566e+06,2.2357e+06,38.4916
1,24,up_proj,GPU,2.2357e+06,2.24448e+06,8775.48
1,24,Linear,Logic,2.2357e+06,2.24448e+06,8775.48
1,24,down_proj,GPU,2.24448e+06,2.25325e+06,8775.48
1,24,Linear,Logic,2.24448e+06,2.25325e+06,8775.48
1,24,sync_2,GPU,2.25325e+06,2.26309e+06,9836.45
1,24,sync__set,GPU,2.25325e+06,2.25325e+06,0
1,24,sync__,GPU,2.25325e+06,2.26309e+06,9836.45
1,24,moe_all_reduce_for_e_tp,GPU,2.26309e+06,2.26309e+06,0
1,24,sync_3,GPU,2.26309e+06,2.26309e+06,0
1,24,sync__set,GPU,2.26309e+06,2.26309e+06,0
1,24,sync__,GPU,2.26309e+06,2.26309e+06,0
1,24,moe_gather,GPU,2.26309e+06,2.26309e+06,0
1,24,sync_for_moe_gather,GPU,2.26309e+06,2.26309e+06,0
1,24,sync__set,GPU,2.26309e+06,2.26309e+06,0
1,24,sync__,GPU,2.26309e+06,2.26309e+06,0
1,24,moe_all_reduce_for_gather,GPU,2.26309e+06,2.26833e+06,5236.91
1,24,sync_5,GPU,2.26833e+06,2.26833e+06,0
1,24,sync__set,GPU,2.26833e+06,2.26833e+06,0
1,24,sync__,GPU,2.26833e+06,2.26833e+06,0
1,24,sync_6,GPU,2.26833e+06,2.26833e+06,0
1,24,sync__set,GPU,2.26833e+06,2.26833e+06,0
1,24,sync__,GPU,2.26833e+06,2.26833e+06,0
1,24,residual_2,GPU,2.26833e+06,2.26849e+06,158.854
1,25,MoE_decoder_25,GPU,2.26849e+06,2.37044e+06,101952
1,25,input_layer_norm,GPU,2.26849e+06,2.26864e+06,158.854
1,25,attention,GPU,2.26864e+06,2.28559e+06,16945.7
1,25,attn_qkv_proj,GPU,2.26864e+06,2.27251e+06,3861.38
1,25,Linear,GPU,2.26864e+06,2.27251e+06,3861.38
1,25,self_attention,GPU,2.27251e+06,2.27775e+06,5247.08
1,25,AttentionSplit,GPU,2.27251e+06,2.27251e+06,0
1,25,AttentionSum,Logic,2.27251e+06,2.27251e+06,0
1,25,AttentionGen,Logic,2.27251e+06,2.27775e+06,5247.08
1,25,AttentionMerge,GPU,2.27775e+06,2.27775e+06,0
1,25,attn_o_proj,GPU,2.27775e+06,2.28035e+06,2600.32
1,25,Linear,GPU,2.27775e+06,2.28035e+06,2600.32
1,25,all_reduce,GPU,2.28035e+06,2.28559e+06,5236.91
1,25,residual_1,GPU,2.28559e+06,2.28575e+06,158.854
1,25,post_attn_layer_norm,GPU,2.28575e+06,2.28591e+06,158.854
1,25,expertFFN,GPU,2.28591e+06,2.37028e+06,84371
1,25,sync_0,GPU,2.28591e+06,2.28591e+06,0
1,25,sync__set,GPU,2.28591e+06,2.28591e+06,0
1,25,sync__,GPU,2.28591e+06,2.28591e+06,0
1,25,gate_fn,GPU,2.28591e+06,2.28601e+06,97.9093
1,25,Linear,GPU,2.28591e+06,2.28601e+06,97.9093
1,25,gate_update,GPU,2.28601e+06,2.28601e+06,0
1,25,moe_scatter,GPU,2.28601e+06,2.28601e+06,0
1,25,sync_for_moe_scatter,GPU,2.28601e+06,2.28601e+06,0
1,25,sync__set,GPU,2.28601e+06,2.28601e+06,0
1,25,sync__,GPU,2.28601e+06,2.28601e+06,0
1,25,moe_route,GPU,2.28601e+06,2.28601e+06,0
1,25,expert_FFN_2,GPU,2.28601e+06,2.31236e+06,26350.3
1,25,gate_proj,GPU,2.28601e+06,2.29478e+06,8772.74
1,25,Linear,Logic,2.28601e+06,2.29478e+06,8772.74
1,25,activation,Logic,2.29478e+06,2.29481e+06,32.0764
1,25,up_proj,GPU,2.29481e+06,2.30358e+06,8772.74
1,25,Linear,Logic,2.29481e+06,2.30358e+06,8772.74
1,25,down_proj,GPU,2.30358e+06,2.31236e+06,8772.74
1,25,Linear,Logic,2.30358e+06,2.31236e+06,8772.74
1,25,expert_FFN_3,GPU,2.31236e+06,2.33871e+06,26350.3
1,25,gate_proj,GPU,2.31236e+06,2.32113e+06,8772.74
1,25,Linear,Logic,2.31236e+06,2.32113e+06,8772.74
1,25,activation,Logic,2.32113e+06,2.32116e+06,32.0764
1,25,up_proj,GPU,2.32116e+06,2.32993e+06,8772.74
1,25,Linear,Logic,2.32116e+06,2.32993e+06,8772.74
1,25,down_proj,GPU,2.32993e+06,2.33871e+06,8772.74
1,25,Linear,Logic,2.32993e+06,2.33871e+06,8772.74
1,25,sync_2,GPU,2.33871e+06,2.36504e+06,26335.6
1,25,sync__set,GPU,2.33871e+06,2.33871e+06,0
1,25,sync__,GPU,2.33871e+06,2.36504e+06,26335.6
1,25,moe_all_reduce_for_e_tp,GPU,2.36504e+06,2.36504e+06,0
1,25,sync_3,GPU,2.36504e+06,2.36504e+06,0
1,25,sync__set,GPU,2.36504e+06,2.36504e+06,0
1,25,sync__,GPU,2.36504e+06,2.36504e+06,0
1,25,moe_gather,GPU,2.36504e+06,2.36504e+06,0
1,25,sync_for_moe_gather,GPU,2.36504e+06,2.36504e+06,0
1,25,sync__set,GPU,2.36504e+06,2.36504e+06,0
1,25,sync__,GPU,2.36504e+06,2.36504e+06,0
1,25,moe_all_reduce_for_gather,GPU,2.36504e+06,2.37028e+06,5236.91
1,25,sync_5,GPU,2.37028e+06,2.37028e+06,0
1,25,sync__set,GPU,2.37028e+06,2.37028e+06,0
1,25,sync__,GPU,2.37028e+06,2.37028e+06,0
1,25,sync_6,GPU,2.37028e+06,2.37028e+06,0
1,25,sync__set,GPU,2.37028e+06,2.37028e+06,0
1,25,sync__,GPU,2.37028e+06,2.37028e+06,0
1,25,residual_2,GPU,2.37028e+06,2.37044e+06,158.854
1,26,MoE_decoder_26,GPU,2.37044e+06,2.47563e+06,105192
1,26,input_layer_norm,GPU,2.37044e+06,2.3706e+06,158.854
1,26,attention,GPU,2.3706e+06,2.38754e+06,16945.7
1,26,attn_qkv_proj,GPU,2.3706e+06,2.37446e+06,3861.38
1,26,Linear,GPU,2.3706e+06,2.37446e+06,3861.38
1,26,self_attention,GPU,2.37446e+06,2.37971e+06,5247.08
1,26,AttentionSplit,GPU,2.37446e+06,2.37446e+06,0
1,26,AttentionSum,Logic,2.37446e+06,2.37446e+06,0
1,26,AttentionGen,Logic,2.37446e+06,2.37971e+06,5247.08
1,26,AttentionMerge,GPU,2.37971e+06,2.37971e+06,0
1,26,attn_o_proj,GPU,2.37971e+06,2.38231e+06,2600.32
1,26,Linear,GPU,2.37971e+06,2.38231e+06,2600.32
1,26,all_reduce,GPU,2.38231e+06,2.38754e+06,5236.91
1,26,residual_1,GPU,2.38754e+06,2.3877e+06,158.854
1,26,post_attn_layer_norm,GPU,2.3877e+06,2.38786e+06,158.854
1,26,expertFFN,GPU,2.38786e+06,2.47547e+06,87610.7
1,26,sync_0,GPU,2.38786e+06,2.38786e+06,0
1,26,sync__set,GPU,2.38786e+06,2.38786e+06,0
1,26,sync__,GPU,2.38786e+06,2.38786e+06,0
1,26,gate_fn,GPU,2.38786e+06,2.38796e+06,97.9093
1,26,Linear,GPU,2.38786e+06,2.38796e+06,97.9093
1,26,gate_update,GPU,2.38796e+06,2.38796e+06,0
1,26,moe_scatter,GPU,2.38796e+06,2.38796e+06,0
1,26,sync_for_moe_scatter,GPU,2.38796e+06,2.38796e+06,0
1,26,sync__set,GPU,2.38796e+06,2.38796e+06,0
1,26,sync__,GPU,2.38796e+06,2.38796e+06,0
1,26,moe_route,GPU,2.38796e+06,2.38796e+06,0
1,26,expert_FFN_2,GPU,2.38796e+06,2.41758e+06,29619.3
1,26,gate_proj,GPU,2.38796e+06,2.39781e+06,9853.86
1,26,Linear,Logic,2.38796e+06,2.39781e+06,9853.86
1,26,activation,Logic,2.39781e+06,2.39787e+06,57.7375
1,26,up_proj,GPU,2.39787e+06,2.40772e+06,9853.86
1,26,Linear,Logic,2.39787e+06,2.40772e+06,9853.86
1,26,down_proj,GPU,2.40772e+06,2.41758e+06,9853.86
1,26,Linear,Logic,2.40772e+06,2.41758e+06,9853.86
1,26,expert_FFN_3,GPU,2.41758e+06,2.44391e+06,26335.6
1,26,gate_proj,GPU,2.41758e+06,2.42635e+06,8769.99
1,26,Linear,Logic,2.41758e+06,2.42635e+06,8769.99
1,26,activation,Logic,2.42635e+06,2.42637e+06,25.6611
1,26,up_proj,GPU,2.42637e+06,2.43514e+06,8769.99
1,26,Linear,Logic,2.42637e+06,2.43514e+06,8769.99
1,26,down_proj,GPU,2.43514e+06,2.44391e+06,8769.99
1,26,Linear,Logic,2.43514e+06,2.44391e+06,8769.99
1,26,sync_2,GPU,2.44391e+06,2.47023e+06,26321
1,26,sync__set,GPU,2.44391e+06,2.44391e+06,0
1,26,sync__,GPU,2.44391e+06,2.47023e+06,26321
1,26,moe_all_reduce_for_e_tp,GPU,2.47023e+06,2.47023e+06,0
1,26,sync_3,GPU,2.47023e+06,2.47023e+06,0
1,26,sync__set,GPU,2.47023e+06,2.47023e+06,0
1,26,sync__,GPU,2.47023e+06,2.47023e+06,0
1,26,moe_gather,GPU,2.47023e+06,2.47023e+06,0
1,26,sync_for_moe_gather,GPU,2.47023e+06,2.47023e+06,0
1,26,sync__set,GPU,2.47023e+06,2.47023e+06,0
1,26,sync__,GPU,2.47023e+06,2.47023e+06,0
1,26,moe_all_reduce_for_gather,GPU,2.47023e+06,2.47547e+06,5236.91
1,26,sync_5,GPU,2.47547e+06,2.47547e+06,0
1,26,sync__set,GPU,2.47547e+06,2.47547e+06,0
1,26,sync__,GPU,2.47547e+06,2.47547e+06,0
1,26,sync_6,GPU,2.47547e+06,2.47547e+06,0
1,26,sync__set,GPU,2.47547e+06,2.47547e+06,0
1,26,sync__,GPU,2.47547e+06,2.47547e+06,0
1,26,residual_2,GPU,2.47547e+06,2.47563e+06,158.854
1,27,MoE_decoder_27,GPU,2.47563e+06,2.55782e+06,82191.2
1,27,input_layer_norm,GPU,2.47563e+06,2.47579e+06,158.854
1,27,attention,GPU,2.47579e+06,2.49273e+06,16945.7
1,27,attn_qkv_proj,GPU,2.47579e+06,2.47965e+06,3861.38
1,27,Linear,GPU,2.47579e+06,2.47965e+06,3861.38
1,27,self_attention,GPU,2.47965e+06,2.4849e+06,5247.08
1,27,AttentionSplit,GPU,2.47965e+06,2.47965e+06,0
1,27,AttentionSum,Logic,2.47965e+06,2.47965e+06,0
1,27,AttentionGen,Logic,2.47965e+06,2.4849e+06,5247.08
1,27,AttentionMerge,GPU,2.4849e+06,2.4849e+06,0
1,27,attn_o_proj,GPU,2.4849e+06,2.4875e+06,2600.32
1,27,Linear,GPU,2.4849e+06,2.4875e+06,2600.32
1,27,all_reduce,GPU,2.4875e+06,2.49273e+06,5236.91
1,27,residual_1,GPU,2.49273e+06,2.49289e+06,158.854
1,27,post_attn_layer_norm,GPU,2.49289e+06,2.49305e+06,158.854
1,27,expertFFN,GPU,2.49305e+06,2.55766e+06,64610.1
1,27,sync_0,GPU,2.49305e+06,2.49305e+06,0
1,27,sync__set,GPU,2.49305e+06,2.49305e+06,0
1,27,sync__,GPU,2.49305e+06,2.49305e+06,0
1,27,gate_fn,GPU,2.49305e+06,2.49315e+06,97.9093
1,27,Linear,GPU,2.49305e+06,2.49315e+06,97.9093
1,27,gate_update,GPU,2.49315e+06,2.49315e+06,0
1,27,moe_scatter,GPU,2.49315e+06,2.49315e+06,0
1,27,sync_for_moe_scatter,GPU,2.49315e+06,2.49315e+06,0
1,27,sync__set,GPU,2.49315e+06,2.49315e+06,0
1,27,sync__,GPU,2.49315e+06,2.49315e+06,0
1,27,moe_route,GPU,2.49315e+06,2.49315e+06,0
1,27,expert_FFN_2,GPU,2.49315e+06,2.52606e+06,32910.4
1,27,gate_proj,GPU,2.49315e+06,2.5041e+06,10948.7
1,27,Linear,Logic,2.49315e+06,2.5041e+06,10948.7
1,27,activation,Logic,2.5041e+06,2.50416e+06,64.1527
1,27,up_proj,GPU,2.50416e+06,2.51511e+06,10948.7
1,27,Linear,Logic,2.50416e+06,2.51511e+06,10948.7
1,27,down_proj,GPU,2.51511e+06,2.52606e+06,10948.7
1,27,Linear,Logic,2.51511e+06,2.52606e+06,10948.7
1,27,expert_FFN_3,GPU,2.52606e+06,2.55243e+06,26364.9
1,27,gate_proj,GPU,2.52606e+06,2.53484e+06,8775.48
1,27,Linear,Logic,2.52606e+06,2.53484e+06,8775.48
1,27,activation,Logic,2.53484e+06,2.53487e+06,38.4916
1,27,up_proj,GPU,2.53487e+06,2.54365e+06,8775.48
1,27,Linear,Logic,2.53487e+06,2.54365e+06,8775.48
1,27,down_proj,GPU,2.54365e+06,2.55243e+06,8775.48
1,27,Linear,Logic,2.54365e+06,2.55243e+06,8775.48
1,27,sync_2,GPU,2.55243e+06,2.55243e+06,0
1,27,sync__set,GPU,2.55243e+06,2.55243e+06,0
1,27,sync__,GPU,2.55243e+06,2.55243e+06,0
1,27,moe_all_reduce_for_e_tp,GPU,2.55243e+06,2.55243e+06,0
1,27,sync_3,GPU,2.55243e+06,2.55243e+06,0
1,27,sync__set,GPU,2.55243e+06,2.55243e+06,0
1,27,sync__,GPU,2.55243e+06,2.55243e+06,0
1,27,moe_gather,GPU,2.55243e+06,2.55243e+06,0
1,27,sync_for_moe_gather,GPU,2.55243e+06,2.55243e+06,0
1,27,sync__set,GPU,2.55243e+06,2.55243e+06,0
1,27,sync__,GPU,2.55243e+06,2.55243e+06,0
1,27,moe_all_reduce_for_gather,GPU,2.55243e+06,2.55766e+06,5236.91
1,27,sync_5,GPU,2.55766e+06,2.55766e+06,0
1,27,sync__set,GPU,2.55766e+06,2.55766e+06,0
1,27,sync__,GPU,2.55766e+06,2.55766e+06,0
1,27,sync_6,GPU,2.55766e+06,2.55766e+06,0
1,27,sync__set,GPU,2.55766e+06,2.55766e+06,0
1,27,sync__,GPU,2.55766e+06,2.55766e+06,0
1,27,residual_2,GPU,2.55766e+06,2.55782e+06,158.854
1,28,MoE_decoder_28,GPU,2.55782e+06,2.64327e+06,85445.6
1,28,input_layer_norm,GPU,2.55782e+06,2.55798e+06,158.854
1,28,attention,GPU,2.55798e+06,2.57493e+06,16945.7
1,28,attn_qkv_proj,GPU,2.55798e+06,2.56184e+06,3861.38
1,28,Linear,GPU,2.55798e+06,2.56184e+06,3861.38
1,28,self_attention,GPU,2.56184e+06,2.56709e+06,5247.08
1,28,AttentionSplit,GPU,2.56184e+06,2.56184e+06,0
1,28,AttentionSum,Logic,2.56184e+06,2.56184e+06,0
1,28,AttentionGen,Logic,2.56184e+06,2.56709e+06,5247.08
1,28,AttentionMerge,GPU,2.56709e+06,2.56709e+06,0
1,28,attn_o_proj,GPU,2.56709e+06,2.56969e+06,2600.32
1,28,Linear,GPU,2.56709e+06,2.56969e+06,2600.32
1,28,all_reduce,GPU,2.56969e+06,2.57493e+06,5236.91
1,28,residual_1,GPU,2.57493e+06,2.57508e+06,158.854
1,28,post_attn_layer_norm,GPU,2.57508e+06,2.57524e+06,158.854
1,28,expertFFN,GPU,2.57524e+06,2.64311e+06,67864.5
1,28,sync_0,GPU,2.57524e+06,2.57524e+06,0
1,28,sync__set,GPU,2.57524e+06,2.57524e+06,0
1,28,sync__,GPU,2.57524e+06,2.57524e+06,0
1,28,gate_fn,GPU,2.57524e+06,2.57534e+06,97.9093
1,28,Linear,GPU,2.57524e+06,2.57534e+06,97.9093
1,28,gate_update,GPU,2.57534e+06,2.57534e+06,0
1,28,moe_scatter,GPU,2.57534e+06,2.57534e+06,0
1,28,sync_for_moe_scatter,GPU,2.57534e+06,2.57534e+06,0
1,28,sync__set,GPU,2.57534e+06,2.57534e+06,0
1,28,sync__,GPU,2.57534e+06,2.57534e+06,0
1,28,moe_route,GPU,2.57534e+06,2.57534e+06,0
1,28,expert_FFN_2,GPU,2.57534e+06,2.60172e+06,26379.6
1,28,gate_proj,GPU,2.57534e+06,2.58412e+06,8778.23
1,28,Linear,Logic,2.57534e+06,2.58412e+06,8778.23
1,28,activation,Logic,2.58412e+06,2.58416e+06,44.9069
1,28,up_proj,GPU,2.58416e+06,2.59294e+06,8778.23
1,28,Linear,Logic,2.58416e+06,2.59294e+06,8778.23
1,28,down_proj,GPU,2.59294e+06,2.60172e+06,8778.23
1,28,Linear,Logic,2.59294e+06,2.60172e+06,8778.23
1,28,expert_FFN_3,GPU,2.60172e+06,2.62811e+06,26394.3
1,28,gate_proj,GPU,2.60172e+06,2.6105e+06,8780.98
1,28,Linear,Logic,2.60172e+06,2.6105e+06,8780.98
1,28,activation,Logic,2.6105e+06,2.61055e+06,51.3222
1,28,up_proj,GPU,2.61055e+06,2.61933e+06,8780.98
1,28,Linear,Logic,2.61055e+06,2.61933e+06,8780.98
1,28,down_proj,GPU,2.61933e+06,2.62811e+06,8780.98
1,28,Linear,Logic,2.61933e+06,2.62811e+06,8780.98
1,28,sync_2,GPU,2.62811e+06,2.63787e+06,9755.8
1,28,sync__set,GPU,2.62811e+06,2.62811e+06,0
1,28,sync__,GPU,2.62811e+06,2.63787e+06,9755.8
1,28,moe_all_reduce_for_e_tp,GPU,2.63787e+06,2.63787e+06,0
1,28,sync_3,GPU,2.63787e+06,2.63787e+06,0
1,28,sync__set,GPU,2.63787e+06,2.63787e+06,0
1,28,sync__,GPU,2.63787e+06,2.63787e+06,0
1,28,moe_gather,GPU,2.63787e+06,2.63787e+06,0
1,28,sync_for_moe_gather,GPU,2.63787e+06,2.63787e+06,0
1,28,sync__set,GPU,2.63787e+06,2.63787e+06,0
1,28,sync__,GPU,2.63787e+06,2.63787e+06,0
1,28,moe_all_reduce_for_gather,GPU,2.63787e+06,2.64311e+06,5236.91
1,28,sync_5,GPU,2.64311e+06,2.64311e+06,0
1,28,sync__set,GPU,2.64311e+06,2.64311e+06,0
1,28,sync__,GPU,2.64311e+06,2.64311e+06,0
1,28,sync_6,GPU,2.64311e+06,2.64311e+06,0
1,28,sync__set,GPU,2.64311e+06,2.64311e+06,0
1,28,sync__,GPU,2.64311e+06,2.64311e+06,0
1,28,residual_2,GPU,2.64311e+06,2.64327e+06,158.854
1,29,MoE_decoder_29,GPU,2.64327e+06,2.73859e+06,95318.7
1,29,input_layer_norm,GPU,2.64327e+06,2.64343e+06,158.854
1,29,attention,GPU,2.64343e+06,2.66037e+06,16945.7
1,29,attn_qkv_proj,GPU,2.64343e+06,2.64729e+06,3861.38
1,29,Linear,GPU,2.64343e+06,2.64729e+06,3861.38
1,29,self_attention,GPU,2.64729e+06,2.65253e+06,5247.08
1,29,AttentionSplit,GPU,2.64729e+06,2.64729e+06,0
1,29,AttentionSum,Logic,2.64729e+06,2.64729e+06,0
1,29,AttentionGen,Logic,2.64729e+06,2.65253e+06,5247.08
1,29,AttentionMerge,GPU,2.65253e+06,2.65253e+06,0
1,29,attn_o_proj,GPU,2.65253e+06,2.65513e+06,2600.32
1,29,Linear,GPU,2.65253e+06,2.65513e+06,2600.32
1,29,all_reduce,GPU,2.65513e+06,2.66037e+06,5236.91
1,29,residual_1,GPU,2.66037e+06,2.66053e+06,158.854
1,29,post_attn_layer_norm,GPU,2.66053e+06,2.66069e+06,158.854
1,29,expertFFN,GPU,2.66069e+06,2.73843e+06,77737.6
1,29,sync_0,GPU,2.66069e+06,2.66069e+06,0
1,29,sync__set,GPU,2.66069e+06,2.66069e+06,0
1,29,sync__,GPU,2.66069e+06,2.66069e+06,0
1,29,gate_fn,GPU,2.66069e+06,2.66079e+06,97.9093
1,29,Linear,GPU,2.66069e+06,2.66079e+06,97.9093
1,29,gate_update,GPU,2.66079e+06,2.66079e+06,0
1,29,moe_scatter,GPU,2.66079e+06,2.66079e+06,0
1,29,sync_for_moe_scatter,GPU,2.66079e+06,2.66079e+06,0
1,29,sync__set,GPU,2.66079e+06,2.66079e+06,0
1,29,sync__,GPU,2.66079e+06,2.66079e+06,0
1,29,moe_route,GPU,2.66079e+06,2.66079e+06,0
1,29,expert_FFN_2,GPU,2.66079e+06,2.70028e+06,39492.4
1,29,gate_proj,GPU,2.66079e+06,2.67393e+06,13138.5
1,29,Linear,Logic,2.66079e+06,2.67393e+06,13138.5
1,29,activation,Logic,2.67393e+06,2.674e+06,76.9833
1,29,up_proj,GPU,2.674e+06,2.68714e+06,13138.5
1,29,Linear,Logic,2.674e+06,2.68714e+06,13138.5
1,29,down_proj,GPU,2.68714e+06,2.70028e+06,13138.5
1,29,Linear,Logic,2.68714e+06,2.70028e+06,13138.5
1,29,expert_FFN_3,GPU,2.70028e+06,2.73319e+06,32910.4
1,29,gate_proj,GPU,2.70028e+06,2.71123e+06,10948.7
1,29,Linear,Logic,2.70028e+06,2.71123e+06,10948.7
1,29,activation,Logic,2.71123e+06,2.71129e+06,64.1527
1,29,up_proj,GPU,2.71129e+06,2.72224e+06,10948.7
1,29,Linear,Logic,2.71129e+06,2.72224e+06,10948.7
1,29,down_proj,GPU,2.72224e+06,2.73319e+06,10948.7
1,29,Linear,Logic,2.72224e+06,2.73319e+06,10948.7
1,29,sync_2,GPU,2.73319e+06,2.73319e+06,0
1,29,sync__set,GPU,2.73319e+06,2.73319e+06,0
1,29,sync__,GPU,2.73319e+06,2.73319e+06,0
1,29,moe_all_reduce_for_e_tp,GPU,2.73319e+06,2.73319e+06,0
1,29,sync_3,GPU,2.73319e+06,2.73319e+06,0
1,29,sync__set,GPU,2.73319e+06,2.73319e+06,0
1,29,sync__,GPU,2.73319e+06,2.73319e+06,0
1,29,moe_gather,GPU,2.73319e+06,2.73319e+06,0
1,29,sync_for_moe_gather,GPU,2.73319e+06,2.73319e+06,0
1,29,sync__set,GPU,2.73319e+06,2.73319e+06,0
1,29,sync__,GPU,2.73319e+06,2.73319e+06,0
1,29,moe_all_reduce_for_gather,GPU,2.73319e+06,2.73843e+06,5236.91
1,29,sync_5,GPU,2.73843e+06,2.73843e+06,0
1,29,sync__set,GPU,2.73843e+06,2.73843e+06,0
1,29,sync__,GPU,2.73843e+06,2.73843e+06,0
1,29,sync_6,GPU,2.73843e+06,2.73843e+06,0
1,29,sync__set,GPU,2.73843e+06,2.73843e+06,0
1,29,sync__,GPU,2.73843e+06,2.73843e+06,0
1,29,residual_2,GPU,2.73843e+06,2.73859e+06,158.854
1,30,MoE_decoder_30,GPU,2.73859e+06,2.82736e+06,88773.3
1,30,input_layer_norm,GPU,2.73859e+06,2.73874e+06,158.854
1,30,attention,GPU,2.73874e+06,2.75569e+06,16945.7
1,30,attn_qkv_proj,GPU,2.73874e+06,2.74261e+06,3861.38
1,30,Linear,GPU,2.73874e+06,2.74261e+06,3861.38
1,30,self_attention,GPU,2.74261e+06,2.74785e+06,5247.08
1,30,AttentionSplit,GPU,2.74261e+06,2.74261e+06,0
1,30,AttentionSum,Logic,2.74261e+06,2.74261e+06,0
1,30,AttentionGen,Logic,2.74261e+06,2.74785e+06,5247.08
1,30,AttentionMerge,GPU,2.74785e+06,2.74785e+06,0
1,30,attn_o_proj,GPU,2.74785e+06,2.75045e+06,2600.32
1,30,Linear,GPU,2.74785e+06,2.75045e+06,2600.32
1,30,all_reduce,GPU,2.75045e+06,2.75569e+06,5236.91
1,30,residual_1,GPU,2.75569e+06,2.75585e+06,158.854
1,30,post_attn_layer_norm,GPU,2.75585e+06,2.75601e+06,158.854
1,30,expertFFN,GPU,2.75601e+06,2.8272e+06,71192.2
1,30,sync_0,GPU,2.75601e+06,2.75601e+06,0
1,30,sync__set,GPU,2.75601e+06,2.75601e+06,0
1,30,sync__,GPU,2.75601e+06,2.75601e+06,0
1,30,gate_fn,GPU,2.75601e+06,2.75611e+06,97.9093
1,30,Linear,GPU,2.75601e+06,2.75611e+06,97.9093
1,30,gate_update,GPU,2.75611e+06,2.75611e+06,0
1,30,moe_scatter,GPU,2.75611e+06,2.75611e+06,0
1,30,sync_for_moe_scatter,GPU,2.75611e+06,2.75611e+06,0
1,30,sync__set,GPU,2.75611e+06,2.75611e+06,0
1,30,sync__,GPU,2.75611e+06,2.75611e+06,0
1,30,moe_route,GPU,2.75611e+06,2.75611e+06,0
1,30,expert_FFN_2,GPU,2.75611e+06,2.78246e+06,26350.3
1,30,gate_proj,GPU,2.75611e+06,2.76488e+06,8772.74
1,30,Linear,Logic,2.75611e+06,2.76488e+06,8772.74
1,30,activation,Logic,2.76488e+06,2.76491e+06,32.0764
1,30,up_proj,GPU,2.76491e+06,2.77368e+06,8772.74
1,30,Linear,Logic,2.76491e+06,2.77368e+06,8772.74
1,30,down_proj,GPU,2.77368e+06,2.78246e+06,8772.74
1,30,Linear,Logic,2.77368e+06,2.78246e+06,8772.74
1,30,expert_FFN_3,GPU,2.78246e+06,2.80884e+06,26379.6
1,30,gate_proj,GPU,2.78246e+06,2.79123e+06,8778.23
1,30,Linear,Logic,2.78246e+06,2.79123e+06,8778.23
1,30,activation,Logic,2.79123e+06,2.79128e+06,44.9069
1,30,up_proj,GPU,2.79128e+06,2.80006e+06,8778.23
1,30,Linear,Logic,2.79128e+06,2.80006e+06,8778.23
1,30,down_proj,GPU,2.80006e+06,2.80884e+06,8778.23
1,30,Linear,Logic,2.80006e+06,2.80884e+06,8778.23
1,30,sync_2,GPU,2.80884e+06,2.82196e+06,13127.5
1,30,sync__set,GPU,2.80884e+06,2.80884e+06,0
1,30,sync__,GPU,2.80884e+06,2.82196e+06,13127.5
1,30,moe_all_reduce_for_e_tp,GPU,2.82196e+06,2.82196e+06,0
1,30,sync_3,GPU,2.82196e+06,2.82196e+06,0
1,30,sync__set,GPU,2.82196e+06,2.82196e+06,0
1,30,sync__,GPU,2.82196e+06,2.82196e+06,0
1,30,moe_gather,GPU,2.82196e+06,2.82196e+06,0
1,30,sync_for_moe_gather,GPU,2.82196e+06,2.82196e+06,0
1,30,sync__set,GPU,2.82196e+06,2.82196e+06,0
1,30,sync__,GPU,2.82196e+06,2.82196e+06,0
1,30,moe_all_reduce_for_gather,GPU,2.82196e+06,2.8272e+06,5236.91
1,30,sync_5,GPU,2.8272e+06,2.8272e+06,0
1,30,sync__set,GPU,2.8272e+06,2.8272e+06,0
1,30,sync__,GPU,2.8272e+06,2.8272e+06,0
1,30,sync_6,GPU,2.8272e+06,2.8272e+06,0
1,30,sync__set,GPU,2.8272e+06,2.8272e+06,0
1,30,sync__,GPU,2.8272e+06,2.8272e+06,0
1,30,residual_2,GPU,2.8272e+06,2.82736e+06,158.854
1,31,MoE_decoder_31,GPU,2.82736e+06,2.91613e+06,88773.3
1,31,input_layer_norm,GPU,2.82736e+06,2.82752e+06,158.854
1,31,attention,GPU,2.82752e+06,2.84446e+06,16945.7
1,31,attn_qkv_proj,GPU,2.82752e+06,2.83138e+06,3861.38
1,31,Linear,GPU,2.82752e+06,2.83138e+06,3861.38
1,31,self_attention,GPU,2.83138e+06,2.83663e+06,5247.08
1,31,AttentionSplit,GPU,2.83138e+06,2.83138e+06,0
1,31,AttentionSum,Logic,2.83138e+06,2.83138e+06,0
1,31,AttentionGen,Logic,2.83138e+06,2.83663e+06,5247.08
1,31,AttentionMerge,GPU,2.83663e+06,2.83663e+06,0
1,31,attn_o_proj,GPU,2.83663e+06,2.83923e+06,2600.32
1,31,Linear,GPU,2.83663e+06,2.83923e+06,2600.32
1,31,all_reduce,GPU,2.83923e+06,2.84446e+06,5236.91
1,31,residual_1,GPU,2.84446e+06,2.84462e+06,158.854
1,31,post_attn_layer_norm,GPU,2.84462e+06,2.84478e+06,158.854
1,31,expertFFN,GPU,2.84478e+06,2.91597e+06,71192.2
1,31,sync_0,GPU,2.84478e+06,2.84478e+06,0
1,31,sync__set,GPU,2.84478e+06,2.84478e+06,0
1,31,sync__,GPU,2.84478e+06,2.84478e+06,0
1,31,gate_fn,GPU,2.84478e+06,2.84488e+06,97.9093
1,31,Linear,GPU,2.84478e+06,2.84488e+06,97.9093
1,31,gate_update,GPU,2.84488e+06,2.84488e+06,0
1,31,moe_scatter,GPU,2.84488e+06,2.84488e+06,0
1,31,sync_for_moe_scatter,GPU,2.84488e+06,2.84488e+06,0
1,31,sync__set,GPU,2.84488e+06,2.84488e+06,0
1,31,sync__,GPU,2.84488e+06,2.84488e+06,0
1,31,moe_route,GPU,2.84488e+06,2.84488e+06,0
1,31,expert_FFN_2,GPU,2.84488e+06,2.87124e+06,26364.9
1,31,gate_proj,GPU,2.84488e+06,2.85365e+06,8775.48
1,31,Linear,Logic,2.84488e+06,2.85365e+06,8775.48
1,31,activation,Logic,2.85365e+06,2.85369e+06,38.4916
1,31,up_proj,GPU,2.85369e+06,2.86247e+06,8775.48
1,31,Linear,Logic,2.85369e+06,2.86247e+06,8775.48
1,31,down_proj,GPU,2.86247e+06,2.87124e+06,8775.48
1,31,Linear,Logic,2.86247e+06,2.87124e+06,8775.48
1,31,expert_FFN_3,GPU,2.87124e+06,2.89761e+06,26364.9
1,31,gate_proj,GPU,2.87124e+06,2.88002e+06,8775.48
1,31,Linear,Logic,2.87124e+06,2.88002e+06,8775.48
1,31,activation,Logic,2.88002e+06,2.88006e+06,38.4916
1,31,up_proj,GPU,2.88006e+06,2.88883e+06,8775.48
1,31,Linear,Logic,2.88006e+06,2.88883e+06,8775.48
1,31,down_proj,GPU,2.88883e+06,2.89761e+06,8775.48
1,31,Linear,Logic,2.88883e+06,2.89761e+06,8775.48
1,31,sync_2,GPU,2.89761e+06,2.91074e+06,13127.5
1,31,sync__set,GPU,2.89761e+06,2.89761e+06,0
1,31,sync__,GPU,2.89761e+06,2.91074e+06,13127.5
1,31,moe_all_reduce_for_e_tp,GPU,2.91074e+06,2.91074e+06,0
1,31,sync_3,GPU,2.91074e+06,2.91074e+06,0
1,31,sync__set,GPU,2.91074e+06,2.91074e+06,0
1,31,sync__,GPU,2.91074e+06,2.91074e+06,0
1,31,moe_gather,GPU,2.91074e+06,2.91074e+06,0
1,31,sync_for_moe_gather,GPU,2.91074e+06,2.91074e+06,0
1,31,sync__set,GPU,2.91074e+06,2.91074e+06,0
1,31,sync__,GPU,2.91074e+06,2.91074e+06,0
1,31,moe_all_reduce_for_gather,GPU,2.91074e+06,2.91597e+06,5236.91
1,31,sync_5,GPU,2.91597e+06,2.91597e+06,0
1,31,sync__set,GPU,2.91597e+06,2.91597e+06,0
1,31,sync__,GPU,2.91597e+06,2.91597e+06,0
1,31,sync_6,GPU,2.91597e+06,2.91597e+06,0
1,31,sync__set,GPU,2.91597e+06,2.91597e+06,0
1,31,sync__,GPU,2.91597e+06,2.91597e+06,0
1,31,residual_2,GPU,2.91597e+06,2.91613e+06,158.854
2,0,MoE_decoder_0,GPU,0,92027.7,92027.7
2,0,input_layer_norm,GPU,0,158.854,158.854
2,0,attention,GPU,158.854,17104.6,16945.7
2,0,attn_qkv_proj,GPU,158.854,4020.24,3861.38
2,0,Linear,GPU,158.854,4020.24,3861.38
2,0,self_attention,GPU,4020.24,9267.32,5247.08
2,0,AttentionSplit,GPU,4020.24,4020.24,0
2,0,AttentionSum,Logic,4020.24,4020.24,0
2,0,AttentionGen,Logic,4020.24,9267.32,5247.08
2,0,AttentionMerge,GPU,9267.32,9267.32,0
2,0,attn_o_proj,GPU,9267.32,11867.6,2600.32
2,0,Linear,GPU,9267.32,11867.6,2600.32
2,0,all_reduce,GPU,11867.6,17104.6,5236.91
2,0,residual_1,GPU,17104.6,17263.4,158.854
2,0,post_attn_layer_norm,GPU,17263.4,17422.3,158.854
2,0,expertFFN,GPU,17422.3,91868.8,74446.6
2,0,sync_0,GPU,17422.3,17422.3,0
2,0,sync__set,GPU,17422.3,17422.3,0
2,0,sync__,GPU,17422.3,17422.3,0
2,0,gate_fn,GPU,17422.3,17520.2,97.9093
2,0,Linear,GPU,17422.3,17520.2,97.9093
2,0,gate_update,GPU,17520.2,17520.2,0
2,0,moe_scatter,GPU,17520.2,17520.2,0
2,0,sync_for_moe_scatter,GPU,17520.2,17520.2,0
2,0,sync__set,GPU,17520.2,17520.2,0
2,0,sync__,GPU,17520.2,17520.2,0
2,0,moe_route,GPU,17520.2,17520.2,0
2,0,expert_FFN_4,GPU,17520.2,43870.5,26350.3
2,0,gate_proj,GPU,17520.2,26292.9,8772.74
2,0,Linear,Logic,17520.2,26292.9,8772.74
2,0,activation,Logic,26292.9,26325,32.0764
2,0,up_proj,GPU,26325,35097.7,8772.74
2,0,Linear,Logic,26325,35097.7,8772.74
2,0,down_proj,GPU,35097.7,43870.5,8772.74
2,0,Linear,Logic,35097.7,43870.5,8772.74
2,0,expert_FFN_5,GPU,43870.5,70220.7,26350.3
2,0,gate_proj,GPU,43870.5,52643.2,8772.74
2,0,Linear,Logic,43870.5,52643.2,8772.74
2,0,activation,Logic,52643.2,52675.3,32.0764
2,0,up_proj,GPU,52675.3,61448,8772.74
2,0,Linear,Logic,52675.3,61448,8772.74
2,0,down_proj,GPU,61448,70220.7,8772.74
2,0,Linear,Logic,61448,70220.7,8772.74
2,0,sync_2,GPU,70220.7,86631.9,16411.2
2,0,sync__set,GPU,70220.7,70220.7,0
2,0,sync__,GPU,70220.7,86631.9,16411.2
2,0,moe_all_reduce_for_e_tp,GPU,86631.9,86631.9,0
2,0,sync_3,GPU,86631.9,86631.9,0
2,0,sync__set,GPU,86631.9,86631.9,0
2,0,sync__,GPU,86631.9,86631.9,0
2,0,moe_gather,GPU,86631.9,86631.9,0
2,0,sync_for_moe_gather,GPU,86631.9,86631.9,0
2,0,sync__set,GPU,86631.9,86631.9,0
2,0,sync__,GPU,86631.9,86631.9,0
2,0,moe_all_reduce_for_gather,GPU,86631.9,91868.8,5236.91
2,0,sync_5,GPU,91868.8,91868.8,0
2,0,sync__set,GPU,91868.8,91868.8,0
2,0,sync__,GPU,91868.8,91868.8,0
2,0,sync_6,GPU,91868.8,91868.8,0
2,0,sync__set,GPU,91868.8,91868.8,0
2,0,sync__,GPU,91868.8,91868.8,0
2,0,residual_2,GPU,91868.8,92027.7,158.854
2,1,MoE_decoder_1,GPU,92027.7,184092,92064.3
2,1,input_layer_norm,GPU,92027.7,92186.5,158.854
2,1,attention,GPU,92186.5,109132,16945.7
2,1,attn_qkv_proj,GPU,92186.5,96047.9,3861.38
2,1,Linear,GPU,92186.5,96047.9,3861.38
2,1,self_attention,GPU,96047.9,101295,5247.08
2,1,AttentionSplit,GPU,96047.9,96047.9,0
2,1,AttentionSum,Logic,96047.9,96047.9,0
2,1,AttentionGen,Logic,96047.9,101295,5247.08
2,1,AttentionMerge,GPU,101295,101295,0
2,1,attn_o_proj,GPU,101295,103895,2600.32
2,1,Linear,GPU,101295,103895,2600.32
2,1,all_reduce,GPU,103895,109132,5236.91
2,1,residual_1,GPU,109132,109291,158.854
2,1,post_attn_layer_norm,GPU,109291,109450,158.854
2,1,expertFFN,GPU,109450,183933,74483.2
2,1,sync_0,GPU,109450,109450,0
2,1,sync__set,GPU,109450,109450,0
2,1,sync__,GPU,109450,109450,0
2,1,gate_fn,GPU,109450,109548,97.9093
2,1,Linear,GPU,109450,109548,97.9093
2,1,gate_update,GPU,109548,109548,0
2,1,moe_scatter,GPU,109548,109548,0
2,1,sync_for_moe_scatter,GPU,109548,109548,0
2,1,sync__set,GPU,109548,109548,0
2,1,sync__,GPU,109548,109548,0
2,1,moe_route,GPU,109548,109548,0
2,1,expert_FFN_4,GPU,109548,145749,36201.4
2,1,gate_proj,GPU,109548,121591,12043.6
2,1,Linear,Logic,109548,121591,12043.6
2,1,activation,Logic,121591,121662,70.568
2,1,up_proj,GPU,121662,133706,12043.6
2,1,Linear,Logic,121662,133706,12043.6
2,1,down_proj,GPU,133706,145749,12043.6
2,1,Linear,Logic,133706,145749,12043.6
2,1,expert_FFN_5,GPU,145749,172085,26335.6
2,1,gate_proj,GPU,145749,154519,8769.99
2,1,Linear,Logic,145749,154519,8769.99
2,1,activation,Logic,154519,154545,25.6611
2,1,up_proj,GPU,154545,163315,8769.99
2,1,Linear,Logic,154545,163315,8769.99
2,1,down_proj,GPU,163315,172085,8769.99
2,1,Linear,Logic,163315,172085,8769.99
2,1,sync_2,GPU,172085,178696,6611.4
2,1,sync__set,GPU,172085,172085,0
2,1,sync__,GPU,172085,178696,6611.4
2,1,moe_all_reduce_for_e_tp,GPU,178696,178696,0
2,1,sync_3,GPU,178696,178696,0
2,1,sync__set,GPU,178696,178696,0
2,1,sync__,GPU,178696,178696,0
2,1,moe_gather,GPU,178696,178696,0
2,1,sync_for_moe_gather,GPU,178696,178696,0
2,1,sync__set,GPU,178696,178696,0
2,1,sync__,GPU,178696,178696,0
2,1,moe_all_reduce_for_gather,GPU,178696,183933,5236.91
2,1,sync_5,GPU,183933,183933,0
2,1,sync__set,GPU,183933,183933,0
2,1,sync__,GPU,183933,183933,0
2,1,sync_6,GPU,183933,183933,0
2,1,sync__set,GPU,183933,183933,0
2,1,sync__,GPU,183933,183933,0
2,1,residual_2,GPU,183933,184092,158.854
2,2,MoE_decoder_2,GPU,184092,282768,98675.7
2,2,input_layer_norm,GPU,184092,184251,158.854
2,2,attention,GPU,184251,201197,16945.7
2,2,attn_qkv_proj,GPU,184251,188112,3861.38
2,2,Linear,GPU,184251,188112,3861.38
2,2,self_attention,GPU,188112,193359,5247.08
2,2,AttentionSplit,GPU,188112,188112,0
2,2,AttentionSum,Logic,188112,188112,0
2,2,AttentionGen,Logic,188112,193359,5247.08
2,2,AttentionMerge,GPU,193359,193359,0
2,2,attn_o_proj,GPU,193359,195960,2600.32
2,2,Linear,GPU,193359,195960,2600.32
2,2,all_reduce,GPU,195960,201197,5236.91
2,2,residual_1,GPU,201197,201355,158.854
2,2,post_attn_layer_norm,GPU,201355,201514,158.854
2,2,expertFFN,GPU,201514,282609,81094.6
2,2,sync_0,GPU,201514,201514,0
2,2,sync__set,GPU,201514,201514,0
2,2,sync__,GPU,201514,201514,0
2,2,gate_fn,GPU,201514,201612,97.9093
2,2,Linear,GPU,201514,201612,97.9093
2,2,gate_update,GPU,201612,201612,0
2,2,moe_scatter,GPU,201612,201612,0
2,2,sync_for_moe_scatter,GPU,201612,201612,0
2,2,sync__set,GPU,201612,201612,0
2,2,sync__,GPU,201612,201612,0
2,2,moe_route,GPU,201612,201612,0
2,2,expert_FFN_4,GPU,201612,228006,26394.3
2,2,gate_proj,GPU,201612,210393,8780.98
2,2,Linear,Logic,201612,210393,8780.98
2,2,activation,Logic,210393,210445,51.3222
2,2,up_proj,GPU,210445,219225,8780.98
2,2,Linear,Logic,210445,219225,8780.98
2,2,down_proj,GPU,219225,228006,8780.98
2,2,Linear,Logic,219225,228006,8780.98
2,2,expert_FFN_5,GPU,228006,277372,49365.5
2,2,gate_proj,GPU,228006,244430,16423.1
2,2,Linear,Logic,228006,244430,16423.1
2,2,activation,Logic,244430,244526,96.2291
2,2,up_proj,GPU,244526,260949,16423.1
2,2,Linear,Logic,244526,260949,16423.1
2,2,down_proj,GPU,260949,277372,16423.1
2,2,Linear,Logic,260949,277372,16423.1
2,2,sync_2,GPU,277372,277372,0
2,2,sync__set,GPU,277372,277372,0
2,2,sync__,GPU,277372,277372,0
2,2,moe_all_reduce_for_e_tp,GPU,277372,277372,0
2,2,sync_3,GPU,277372,277372,0
2,2,sync__set,GPU,277372,277372,0
2,2,sync__,GPU,277372,277372,0
2,2,moe_gather,GPU,277372,277372,0
2,2,sync_for_moe_gather,GPU,277372,277372,0
2,2,sync__set,GPU,277372,277372,0
2,2,sync__,GPU,277372,277372,0
2,2,moe_all_reduce_for_gather,GPU,277372,282609,5236.91
2,2,sync_5,GPU,282609,282609,0
2,2,sync__set,GPU,282609,282609,0
2,2,sync__,GPU,282609,282609,0
2,2,sync_6,GPU,282609,282609,0
2,2,sync__set,GPU,282609,282609,0
2,2,sync__,GPU,282609,282609,0
2,2,residual_2,GPU,282609,282768,158.854
2,3,MoE_decoder_3,GPU,282768,384669,101901
2,3,input_layer_norm,GPU,282768,282927,158.854
2,3,attention,GPU,282927,299872,16945.7
2,3,attn_qkv_proj,GPU,282927,286788,3861.38
2,3,Linear,GPU,282927,286788,3861.38
2,3,self_attention,GPU,286788,292035,5247.08
2,3,AttentionSplit,GPU,286788,286788,0
2,3,AttentionSum,Logic,286788,286788,0
2,3,AttentionGen,Logic,286788,292035,5247.08
2,3,AttentionMerge,GPU,292035,292035,0
2,3,attn_o_proj,GPU,292035,294635,2600.32
2,3,Linear,GPU,292035,294635,2600.32
2,3,all_reduce,GPU,294635,299872,5236.91
2,3,residual_1,GPU,299872,300031,158.854
2,3,post_attn_layer_norm,GPU,300031,300190,158.854
2,3,expertFFN,GPU,300190,384510,84319.7
2,3,sync_0,GPU,300190,300190,0
2,3,sync__set,GPU,300190,300190,0
2,3,sync__,GPU,300190,300190,0
2,3,gate_fn,GPU,300190,300288,97.9093
2,3,Linear,GPU,300190,300288,97.9093
2,3,gate_update,GPU,300288,300288,0
2,3,moe_scatter,GPU,300288,300288,0
2,3,sync_for_moe_scatter,GPU,300288,300288,0
2,3,sync__set,GPU,300288,300288,0
2,3,sync__,GPU,300288,300288,0
2,3,moe_route,GPU,300288,300288,0
2,3,expert_FFN_4,GPU,300288,326594,26306.3
2,3,gate_proj,GPU,300288,309052,8764.49
2,3,Linear,Logic,300288,309052,8764.49
2,3,activation,Logic,309052,309065,12.8305
2,3,up_proj,GPU,309065,317830,8764.49
2,3,Linear,Logic,309065,317830,8764.49
2,3,down_proj,GPU,317830,326594,8764.49
2,3,Linear,Logic,317830,326594,8764.49
2,3,expert_FFN_5,GPU,326594,352974,26379.6
2,3,gate_proj,GPU,326594,335372,8778.23
2,3,Linear,Logic,326594,335372,8778.23
2,3,activation,Logic,335372,335417,44.9069
2,3,up_proj,GPU,335417,344196,8778.23
2,3,Linear,Logic,335417,344196,8778.23
2,3,down_proj,GPU,344196,352974,8778.23
2,3,Linear,Logic,344196,352974,8778.23
2,3,sync_2,GPU,352974,379273,26299
2,3,sync__set,GPU,352974,352974,0
2,3,sync__,GPU,352974,379273,26299
2,3,moe_all_reduce_for_e_tp,GPU,379273,379273,0
2,3,sync_3,GPU,379273,379273,0
2,3,sync__set,GPU,379273,379273,0
2,3,sync__,GPU,379273,379273,0
2,3,moe_gather,GPU,379273,379273,0
2,3,sync_for_moe_gather,GPU,379273,379273,0
2,3,sync__set,GPU,379273,379273,0
2,3,sync__,GPU,379273,379273,0
2,3,moe_all_reduce_for_gather,GPU,379273,384510,5236.91
2,3,sync_5,GPU,384510,384510,0
2,3,sync__set,GPU,384510,384510,0
2,3,sync__,GPU,384510,384510,0
2,3,sync_6,GPU,384510,384510,0
2,3,sync__set,GPU,384510,384510,0
2,3,sync__,GPU,384510,384510,0
2,3,residual_2,GPU,384510,384669,158.854
2,4,MoE_decoder_4,GPU,384669,473405,88736.6
2,4,input_layer_norm,GPU,384669,384827,158.854
2,4,attention,GPU,384827,401773,16945.7
2,4,attn_qkv_proj,GPU,384827,388689,3861.38
2,4,Linear,GPU,384827,388689,3861.38
2,4,self_attention,GPU,388689,393936,5247.08
2,4,AttentionSplit,GPU,388689,388689,0
2,4,AttentionSum,Logic,388689,388689,0
2,4,AttentionGen,Logic,388689,393936,5247.08
2,4,AttentionMerge,GPU,393936,393936,0
2,4,attn_o_proj,GPU,393936,396536,2600.32
2,4,Linear,GPU,393936,396536,2600.32
2,4,all_reduce,GPU,396536,401773,5236.91
2,4,residual_1,GPU,401773,401932,158.854
2,4,post_attn_layer_norm,GPU,401932,402091,158.854
2,4,expertFFN,GPU,402091,473246,71155.5
2,4,sync_0,GPU,402091,402091,0
2,4,sync__set,GPU,402091,402091,0
2,4,sync__,GPU,402091,402091,0
2,4,gate_fn,GPU,402091,402189,97.9093
2,4,Linear,GPU,402091,402189,97.9093
2,4,gate_update,GPU,402189,402189,0
2,4,moe_scatter,GPU,402189,402189,0
2,4,sync_for_moe_scatter,GPU,402189,402189,0
2,4,sync__set,GPU,402189,402189,0
2,4,sync__,GPU,402189,402189,0
2,4,moe_route,GPU,402189,402189,0
2,4,expert_FFN_4,GPU,402189,438390,36201.4
2,4,gate_proj,GPU,402189,414232,12043.6
2,4,Linear,Logic,402189,414232,12043.6
2,4,activation,Logic,414232,414303,70.568
2,4,up_proj,GPU,414303,426347,12043.6
2,4,Linear,Logic,414303,426347,12043.6
2,4,down_proj,GPU,426347,438390,12043.6
2,4,Linear,Logic,426347,438390,12043.6
2,4,expert_FFN_5,GPU,438390,464740,26350.3
2,4,gate_proj,GPU,438390,447163,8772.74
2,4,Linear,Logic,438390,447163,8772.74
2,4,activation,Logic,447163,447195,32.0764
2,4,up_proj,GPU,447195,455968,8772.74
2,4,Linear,Logic,447195,455968,8772.74
2,4,down_proj,GPU,455968,464740,8772.74
2,4,Linear,Logic,455968,464740,8772.74
2,4,sync_2,GPU,464740,468009,3269.04
2,4,sync__set,GPU,464740,464740,0
2,4,sync__,GPU,464740,468009,3269.04
2,4,moe_all_reduce_for_e_tp,GPU,468009,468009,0
2,4,sync_3,GPU,468009,468009,0
2,4,sync__set,GPU,468009,468009,0
2,4,sync__,GPU,468009,468009,0
2,4,moe_gather,GPU,468009,468009,0
2,4,sync_for_moe_gather,GPU,468009,468009,0
2,4,sync__set,GPU,468009,468009,0
2,4,sync__,GPU,468009,468009,0
2,4,moe_all_reduce_for_gather,GPU,468009,473246,5236.91
2,4,sync_5,GPU,473246,473246,0
2,4,sync__set,GPU,473246,473246,0
2,4,sync__,GPU,473246,473246,0
2,4,sync_6,GPU,473246,473246,0
2,4,sync__set,GPU,473246,473246,0
2,4,sync__,GPU,473246,473246,0
2,4,residual_2,GPU,473246,473405,158.854
2,5,MoE_decoder_5,GPU,473405,565433,92027.7
2,5,input_layer_norm,GPU,473405,473564,158.854
2,5,attention,GPU,473564,490510,16945.7
2,5,attn_qkv_proj,GPU,473564,477425,3861.38
2,5,Linear,GPU,473564,477425,3861.38
2,5,self_attention,GPU,477425,482673,5247.08
2,5,AttentionSplit,GPU,477425,477425,0
2,5,AttentionSum,Logic,477425,477425,0
2,5,AttentionGen,Logic,477425,482673,5247.08
2,5,AttentionMerge,GPU,482673,482673,0
2,5,attn_o_proj,GPU,482673,485273,2600.32
2,5,Linear,GPU,482673,485273,2600.32
2,5,all_reduce,GPU,485273,490510,5236.91
2,5,residual_1,GPU,490510,490669,158.854
2,5,post_attn_layer_norm,GPU,490669,490827,158.854
2,5,expertFFN,GPU,490827,565274,74446.6
2,5,sync_0,GPU,490827,490827,0
2,5,sync__set,GPU,490827,490827,0
2,5,sync__,GPU,490827,490827,0
2,5,gate_fn,GPU,490827,490925,97.9093
2,5,Linear,GPU,490827,490925,97.9093
2,5,gate_update,GPU,490925,490925,0
2,5,moe_scatter,GPU,490925,490925,0
2,5,sync_for_moe_scatter,GPU,490925,490925,0
2,5,sync__set,GPU,490925,490925,0
2,5,sync__,GPU,490925,490925,0
2,5,moe_route,GPU,490925,490925,0
2,5,expert_FFN_4,GPU,490925,527127,36201.4
2,5,gate_proj,GPU,490925,502969,12043.6
2,5,Linear,Logic,490925,502969,12043.6
2,5,activation,Logic,502969,503040,70.568
2,5,up_proj,GPU,503040,515083,12043.6
2,5,Linear,Logic,503040,515083,12043.6
2,5,down_proj,GPU,515083,527127,12043.6
2,5,Linear,Logic,515083,527127,12043.6
2,5,expert_FFN_5,GPU,527127,560037,32910.4
2,5,gate_proj,GPU,527127,538076,10948.7
2,5,Linear,Logic,527127,538076,10948.7
2,5,activation,Logic,538076,538140,64.1527
2,5,up_proj,GPU,538140,549088,10948.7
2,5,Linear,Logic,538140,549088,10948.7
2,5,down_proj,GPU,549088,560037,10948.7
2,5,Linear,Logic,549088,560037,10948.7
2,5,sync_2,GPU,560037,560037,0
2,5,sync__set,GPU,560037,560037,0
2,5,sync__,GPU,560037,560037,0
2,5,moe_all_reduce_for_e_tp,GPU,560037,560037,0
2,5,sync_3,GPU,560037,560037,0
2,5,sync__set,GPU,560037,560037,0
2,5,sync__,GPU,560037,560037,0
2,5,moe_gather,GPU,560037,560037,0
2,5,sync_for_moe_gather,GPU,560037,560037,0
2,5,sync__set,GPU,560037,560037,0
2,5,sync__,GPU,560037,560037,0
2,5,moe_all_reduce_for_gather,GPU,560037,565274,5236.91
2,5,sync_5,GPU,565274,565274,0
2,5,sync__set,GPU,565274,565274,0
2,5,sync__,GPU,565274,565274,0
2,5,sync_6,GPU,565274,565274,0
2,5,sync__set,GPU,565274,565274,0
2,5,sync__,GPU,565274,565274,0
2,5,residual_2,GPU,565274,565433,158.854
2,6,MoE_decoder_6,GPU,565433,664043,98609.8
2,6,input_layer_norm,GPU,565433,565592,158.854
2,6,attention,GPU,565592,582537,16945.7
2,6,attn_qkv_proj,GPU,565592,569453,3861.38
2,6,Linear,GPU,565592,569453,3861.38
2,6,self_attention,GPU,569453,574700,5247.08
2,6,AttentionSplit,GPU,569453,569453,0
2,6,AttentionSum,Logic,569453,569453,0
2,6,AttentionGen,Logic,569453,574700,5247.08
2,6,AttentionMerge,GPU,574700,574700,0
2,6,attn_o_proj,GPU,574700,577301,2600.32
2,6,Linear,GPU,574700,577301,2600.32
2,6,all_reduce,GPU,577301,582537,5236.91
2,6,residual_1,GPU,582537,582696,158.854
2,6,post_attn_layer_norm,GPU,582696,582855,158.854
2,6,expertFFN,GPU,582855,663884,81028.6
2,6,sync_0,GPU,582855,582855,0
2,6,sync__set,GPU,582855,582855,0
2,6,sync__,GPU,582855,582855,0
2,6,gate_fn,GPU,582855,582953,97.9093
2,6,Linear,GPU,582855,582953,97.9093
2,6,gate_update,GPU,582953,582953,0
2,6,moe_scatter,GPU,582953,582953,0
2,6,sync_for_moe_scatter,GPU,582953,582953,0
2,6,sync__set,GPU,582953,582953,0
2,6,sync__,GPU,582953,582953,0
2,6,moe_route,GPU,582953,582953,0
2,6,expert_FFN_4,GPU,582953,609303,26350.3
2,6,gate_proj,GPU,582953,591726,8772.74
2,6,Linear,Logic,582953,591726,8772.74
2,6,activation,Logic,591726,591758,32.0764
2,6,up_proj,GPU,591758,600531,8772.74
2,6,Linear,Logic,591758,600531,8772.74
2,6,down_proj,GPU,600531,609303,8772.74
2,6,Linear,Logic,600531,609303,8772.74
2,6,expert_FFN_5,GPU,609303,642214,32910.4
2,6,gate_proj,GPU,609303,620252,10948.7
2,6,Linear,Logic,609303,620252,10948.7
2,6,activation,Logic,620252,620316,64.1527
2,6,up_proj,GPU,620316,631265,10948.7
2,6,Linear,Logic,620316,631265,10948.7
2,6,down_proj,GPU,631265,642214,10948.7
2,6,Linear,Logic,631265,642214,10948.7
2,6,sync_2,GPU,642214,658647,16433.2
2,6,sync__set,GPU,642214,642214,0
2,6,sync__,GPU,642214,658647,16433.2
2,6,moe_all_reduce_for_e_tp,GPU,658647,658647,0
2,6,sync_3,GPU,658647,658647,0
2,6,sync__set,GPU,658647,658647,0
2,6,sync__,GPU,658647,658647,0
2,6,moe_gather,GPU,658647,658647,0
2,6,sync_for_moe_gather,GPU,658647,658647,0
2,6,sync__set,GPU,658647,658647,0
2,6,sync__,GPU,658647,658647,0
2,6,moe_all_reduce_for_gather,GPU,658647,663884,5236.91
2,6,sync_5,GPU,663884,663884,0
2,6,sync__set,GPU,663884,663884,0
2,6,sync__,GPU,663884,663884,0
2,6,sync_6,GPU,663884,663884,0
2,6,sync__set,GPU,663884,663884,0
2,6,sync__,GPU,663884,663884,0
2,6,residual_2,GPU,663884,664043,158.854
2,7,MoE_decoder_7,GPU,664043,752779,88736.6
2,7,input_layer_norm,GPU,664043,664202,158.854
2,7,attention,GPU,664202,681147,16945.7
2,7,attn_qkv_proj,GPU,664202,668063,3861.38
2,7,Linear,GPU,664202,668063,3861.38
2,7,self_attention,GPU,668063,673310,5247.08
2,7,AttentionSplit,GPU,668063,668063,0
2,7,AttentionSum,Logic,668063,668063,0
2,7,AttentionGen,Logic,668063,673310,5247.08
2,7,AttentionMerge,GPU,673310,673310,0
2,7,attn_o_proj,GPU,673310,675910,2600.32
2,7,Linear,GPU,673310,675910,2600.32
2,7,all_reduce,GPU,675910,681147,5236.91
2,7,residual_1,GPU,681147,681306,158.854
2,7,post_attn_layer_norm,GPU,681306,681465,158.854
2,7,expertFFN,GPU,681465,752620,71155.5
2,7,sync_0,GPU,681465,681465,0
2,7,sync__set,GPU,681465,681465,0
2,7,sync__,GPU,681465,681465,0
2,7,gate_fn,GPU,681465,681563,97.9093
2,7,Linear,GPU,681465,681563,97.9093
2,7,gate_update,GPU,681563,681563,0
2,7,moe_scatter,GPU,681563,681563,0
2,7,sync_for_moe_scatter,GPU,681563,681563,0
2,7,sync__set,GPU,681563,681563,0
2,7,sync__,GPU,681563,681563,0
2,7,moe_route,GPU,681563,681563,0
2,7,expert_FFN_4,GPU,681563,711182,29619.3
2,7,gate_proj,GPU,681563,691417,9853.86
2,7,Linear,Logic,681563,691417,9853.86
2,7,activation,Logic,691417,691474,57.7375
2,7,up_proj,GPU,691474,701328,9853.86
2,7,Linear,Logic,691474,701328,9853.86
2,7,down_proj,GPU,701328,711182,9853.86
2,7,Linear,Logic,701328,711182,9853.86
2,7,expert_FFN_5,GPU,711182,737547,26364.9
2,7,gate_proj,GPU,711182,719958,8775.48
2,7,Linear,Logic,711182,719958,8775.48
2,7,activation,Logic,719958,719996,38.4916
2,7,up_proj,GPU,719996,728772,8775.48
2,7,Linear,Logic,719996,728772,8775.48
2,7,down_proj,GPU,728772,737547,8775.48
2,7,Linear,Logic,728772,737547,8775.48
2,7,sync_2,GPU,737547,747384,9836.45
2,7,sync__set,GPU,737547,737547,0
2,7,sync__,GPU,737547,747384,9836.45
2,7,moe_all_reduce_for_e_tp,GPU,747384,747384,0
2,7,sync_3,GPU,747384,747384,0
2,7,sync__set,GPU,747384,747384,0
2,7,sync__,GPU,747384,747384,0
2,7,moe_gather,GPU,747384,747384,0
2,7,sync_for_moe_gather,GPU,747384,747384,0
2,7,sync__set,GPU,747384,747384,0
2,7,sync__,GPU,747384,747384,0
2,7,moe_all_reduce_for_gather,GPU,747384,752620,5236.91
2,7,sync_5,GPU,752620,752620,0
2,7,sync__set,GPU,752620,752620,0
2,7,sync__,GPU,752620,752620,0
2,7,sync_6,GPU,752620,752620,0
2,7,sync__set,GPU,752620,752620,0
2,7,sync__,GPU,752620,752620,0
2,7,residual_2,GPU,752620,752779,158.854
2,8,MoE_decoder_8,GPU,752779,851389,98609.8
2,8,input_layer_norm,GPU,752779,752938,158.854
2,8,attention,GPU,752938,769884,16945.7
2,8,attn_qkv_proj,GPU,752938,756800,3861.38
2,8,Linear,GPU,752938,756800,3861.38
2,8,self_attention,GPU,756800,762047,5247.08
2,8,AttentionSplit,GPU,756800,756800,0
2,8,AttentionSum,Logic,756800,756800,0
2,8,AttentionGen,Logic,756800,762047,5247.08
2,8,AttentionMerge,GPU,762047,762047,0
2,8,attn_o_proj,GPU,762047,764647,2600.32
2,8,Linear,GPU,762047,764647,2600.32
2,8,all_reduce,GPU,764647,769884,5236.91
2,8,residual_1,GPU,769884,770043,158.854
2,8,post_attn_layer_norm,GPU,770043,770202,158.854
2,8,expertFFN,GPU,770202,851230,81028.6
2,8,sync_0,GPU,770202,770202,0
2,8,sync__set,GPU,770202,770202,0
2,8,sync__,GPU,770202,770202,0
2,8,gate_fn,GPU,770202,770299,97.9093
2,8,Linear,GPU,770202,770299,97.9093
2,8,gate_update,GPU,770299,770299,0
2,8,moe_scatter,GPU,770299,770299,0
2,8,sync_for_moe_scatter,GPU,770299,770299,0
2,8,sync__set,GPU,770299,770299,0
2,8,sync__,GPU,770299,770299,0
2,8,moe_route,GPU,770299,770299,0
2,8,expert_FFN_4,GPU,770299,803210,32910.4
2,8,gate_proj,GPU,770299,781248,10948.7
2,8,Linear,Logic,770299,781248,10948.7
2,8,activation,Logic,781248,781312,64.1527
2,8,up_proj,GPU,781312,792261,10948.7
2,8,Linear,Logic,781312,792261,10948.7
2,8,down_proj,GPU,792261,803210,10948.7
2,8,Linear,Logic,792261,803210,10948.7
2,8,expert_FFN_5,GPU,803210,829560,26350.3
2,8,gate_proj,GPU,803210,811983,8772.74
2,8,Linear,Logic,803210,811983,8772.74
2,8,activation,Logic,811983,812015,32.0764
2,8,up_proj,GPU,812015,820787,8772.74
2,8,Linear,Logic,812015,820787,8772.74
2,8,down_proj,GPU,820787,829560,8772.74
2,8,Linear,Logic,820787,829560,8772.74
2,8,sync_2,GPU,829560,845993,16433.2
2,8,sync__set,GPU,829560,829560,0
2,8,sync__,GPU,829560,845993,16433.2
2,8,moe_all_reduce_for_e_tp,GPU,845993,845993,0
2,8,sync_3,GPU,845993,845993,0
2,8,sync__set,GPU,845993,845993,0
2,8,sync__,GPU,845993,845993,0
2,8,moe_gather,GPU,845993,845993,0
2,8,sync_for_moe_gather,GPU,845993,845993,0
2,8,sync__set,GPU,845993,845993,0
2,8,sync__,GPU,845993,845993,0
2,8,moe_all_reduce_for_gather,GPU,845993,851230,5236.91
2,8,sync_5,GPU,851230,851230,0
2,8,sync__set,GPU,851230,851230,0
2,8,sync__,GPU,851230,851230,0
2,8,sync_6,GPU,851230,851230,0
2,8,sync__set,GPU,851230,851230,0
2,8,sync__,GPU,851230,851230,0
2,8,residual_2,GPU,851230,851389,158.854
2,9,MoE_decoder_9,GPU,851389,933580,82191.2
2,9,input_layer_norm,GPU,851389,851548,158.854
2,9,attention,GPU,851548,868494,16945.7
2,9,attn_qkv_proj,GPU,851548,855409,3861.38
2,9,Linear,GPU,851548,855409,3861.38
2,9,self_attention,GPU,855409,860656,5247.08
2,9,AttentionSplit,GPU,855409,855409,0
2,9,AttentionSum,Logic,855409,855409,0
2,9,AttentionGen,Logic,855409,860656,5247.08
2,9,AttentionMerge,GPU,860656,860656,0
2,9,attn_o_proj,GPU,860656,863257,2600.32
2,9,Linear,GPU,860656,863257,2600.32
2,9,all_reduce,GPU,863257,868494,5236.91
2,9,residual_1,GPU,868494,868652,158.854
2,9,post_attn_layer_norm,GPU,868652,868811,158.854
2,9,expertFFN,GPU,868811,933421,64610.1
2,9,sync_0,GPU,868811,868811,0
2,9,sync__set,GPU,868811,868811,0
2,9,sync__,GPU,868811,868811,0
2,9,gate_fn,GPU,868811,868909,97.9093
2,9,Linear,GPU,868811,868909,97.9093
2,9,gate_update,GPU,868909,868909,0
2,9,moe_scatter,GPU,868909,868909,0
2,9,sync_for_moe_scatter,GPU,868909,868909,0
2,9,sync__set,GPU,868909,868909,0
2,9,sync__,GPU,868909,868909,0
2,9,moe_route,GPU,868909,868909,0
2,9,expert_FFN_4,GPU,868909,898529,29619.3
2,9,gate_proj,GPU,868909,878763,9853.86
2,9,Linear,Logic,868909,878763,9853.86
2,9,activation,Logic,878763,878821,57.7375
2,9,up_proj,GPU,878821,888675,9853.86
2,9,Linear,Logic,878821,888675,9853.86
2,9,down_proj,GPU,888675,898529,9853.86
2,9,Linear,Logic,888675,898529,9853.86
2,9,expert_FFN_5,GPU,898529,924908,26379.6
2,9,gate_proj,GPU,898529,907307,8778.23
2,9,Linear,Logic,898529,907307,8778.23
2,9,activation,Logic,907307,907352,44.9069
2,9,up_proj,GPU,907352,916130,8778.23
2,9,Linear,Logic,907352,916130,8778.23
2,9,down_proj,GPU,916130,924908,8778.23
2,9,Linear,Logic,916130,924908,8778.23
2,9,sync_2,GPU,924908,928185,3276.37
2,9,sync__set,GPU,924908,924908,0
2,9,sync__,GPU,924908,928185,3276.37
2,9,moe_all_reduce_for_e_tp,GPU,928185,928185,0
2,9,sync_3,GPU,928185,928185,0
2,9,sync__set,GPU,928185,928185,0
2,9,sync__,GPU,928185,928185,0
2,9,moe_gather,GPU,928185,928185,0
2,9,sync_for_moe_gather,GPU,928185,928185,0
2,9,sync__set,GPU,928185,928185,0
2,9,sync__,GPU,928185,928185,0
2,9,moe_all_reduce_for_gather,GPU,928185,933421,5236.91
2,9,sync_5,GPU,933421,933421,0
2,9,sync__set,GPU,933421,933421,0
2,9,sync__,GPU,933421,933421,0
2,9,sync_6,GPU,933421,933421,0
2,9,sync__set,GPU,933421,933421,0
2,9,sync__,GPU,933421,933421,0
2,9,residual_2,GPU,933421,933580,158.854
2,10,MoE_decoder_10,GPU,933580,1.02235e+06,88773.3
2,10,input_layer_norm,GPU,933580,933739,158.854
2,10,attention,GPU,933739,950685,16945.7
2,10,attn_qkv_proj,GPU,933739,937601,3861.38
2,10,Linear,GPU,933739,937601,3861.38
2,10,self_attention,GPU,937601,942848,5247.08
2,10,AttentionSplit,GPU,937601,937601,0
2,10,AttentionSum,Logic,937601,937601,0
2,10,AttentionGen,Logic,937601,942848,5247.08
2,10,AttentionMerge,GPU,942848,942848,0
2,10,attn_o_proj,GPU,942848,945448,2600.32
2,10,Linear,GPU,942848,945448,2600.32
2,10,all_reduce,GPU,945448,950685,5236.91
2,10,residual_1,GPU,950685,950844,158.854
2,10,post_attn_layer_norm,GPU,950844,951003,158.854
2,10,expertFFN,GPU,951003,1.02219e+06,71192.2
2,10,sync_0,GPU,951003,951003,0
2,10,sync__set,GPU,951003,951003,0
2,10,sync__,GPU,951003,951003,0
2,10,gate_fn,GPU,951003,951100,97.9093
2,10,Linear,GPU,951003,951100,97.9093
2,10,gate_update,GPU,951100,951100,0
2,10,moe_scatter,GPU,951100,951100,0
2,10,sync_for_moe_scatter,GPU,951100,951100,0
2,10,sync__set,GPU,951100,951100,0
2,10,sync__,GPU,951100,951100,0
2,10,moe_route,GPU,951100,951100,0
2,10,expert_FFN_4,GPU,951100,990593,39492.4
2,10,gate_proj,GPU,951100,964239,13138.5
2,10,Linear,Logic,951100,964239,13138.5
2,10,activation,Logic,964239,964316,76.9833
2,10,up_proj,GPU,964316,977454,13138.5
2,10,Linear,Logic,964316,977454,13138.5
2,10,down_proj,GPU,977454,990593,13138.5
2,10,Linear,Logic,977454,990593,13138.5
2,10,expert_FFN_5,GPU,990593,1.01696e+06,26364.9
2,10,gate_proj,GPU,990593,999368,8775.48
2,10,Linear,Logic,990593,999368,8775.48
2,10,activation,Logic,999368,999407,38.4916
2,10,up_proj,GPU,999407,1.00818e+06,8775.48
2,10,Linear,Logic,999407,1.00818e+06,8775.48
2,10,down_proj,GPU,1.00818e+06,1.01696e+06,8775.48
2,10,Linear,Logic,1.00818e+06,1.01696e+06,8775.48
2,10,sync_2,GPU,1.01696e+06,1.01696e+06,0
2,10,sync__set,GPU,1.01696e+06,1.01696e+06,0
2,10,sync__,GPU,1.01696e+06,1.01696e+06,0
2,10,moe_all_reduce_for_e_tp,GPU,1.01696e+06,1.01696e+06,0
2,10,sync_3,GPU,1.01696e+06,1.01696e+06,0
2,10,sync__set,GPU,1.01696e+06,1.01696e+06,0
2,10,sync__,GPU,1.01696e+06,1.01696e+06,0
2,10,moe_gather,GPU,1.01696e+06,1.01696e+06,0
2,10,sync_for_moe_gather,GPU,1.01696e+06,1.01696e+06,0
2,10,sync__set,GPU,1.01696e+06,1.01696e+06,0
2,10,sync__,GPU,1.01696e+06,1.01696e+06,0
2,10,moe_all_reduce_for_gather,GPU,1.01696e+06,1.02219e+06,5236.91
2,10,sync_5,GPU,1.02219e+06,1.02219e+06,0
2,10,sync__set,GPU,1.02219e+06,1.02219e+06,0
2,10,sync__,GPU,1.02219e+06,1.02219e+06,0
2,10,sync_6,GPU,1.02219e+06,1.02219e+06,0
2,10,sync__set,GPU,1.02219e+06,1.02219e+06,0
2,10,sync__,GPU,1.02219e+06,1.02219e+06,0
2,10,residual_2,GPU,1.02219e+06,1.02235e+06,158.854
2,11,MoE_decoder_11,GPU,1.02235e+06,1.11442e+06,92064.3
2,11,input_layer_norm,GPU,1.02235e+06,1.02251e+06,158.854
2,11,attention,GPU,1.02251e+06,1.03946e+06,16945.7
2,11,attn_qkv_proj,GPU,1.02251e+06,1.02637e+06,3861.38
2,11,Linear,GPU,1.02251e+06,1.02637e+06,3861.38
2,11,self_attention,GPU,1.02637e+06,1.03162e+06,5247.08
2,11,AttentionSplit,GPU,1.02637e+06,1.02637e+06,0
2,11,AttentionSum,Logic,1.02637e+06,1.02637e+06,0
2,11,AttentionGen,Logic,1.02637e+06,1.03162e+06,5247.08
2,11,AttentionMerge,GPU,1.03162e+06,1.03162e+06,0
2,11,attn_o_proj,GPU,1.03162e+06,1.03422e+06,2600.32
2,11,Linear,GPU,1.03162e+06,1.03422e+06,2600.32
2,11,all_reduce,GPU,1.03422e+06,1.03946e+06,5236.91
2,11,residual_1,GPU,1.03946e+06,1.03962e+06,158.854
2,11,post_attn_layer_norm,GPU,1.03962e+06,1.03978e+06,158.854
2,11,expertFFN,GPU,1.03978e+06,1.11426e+06,74483.2
2,11,sync_0,GPU,1.03978e+06,1.03978e+06,0
2,11,sync__set,GPU,1.03978e+06,1.03978e+06,0
2,11,sync__,GPU,1.03978e+06,1.03978e+06,0
2,11,gate_fn,GPU,1.03978e+06,1.03987e+06,97.9093
2,11,Linear,GPU,1.03978e+06,1.03987e+06,97.9093
2,11,gate_update,GPU,1.03987e+06,1.03987e+06,0
2,11,moe_scatter,GPU,1.03987e+06,1.03987e+06,0
2,11,sync_for_moe_scatter,GPU,1.03987e+06,1.03987e+06,0
2,11,sync__set,GPU,1.03987e+06,1.03987e+06,0
2,11,sync__,GPU,1.03987e+06,1.03987e+06,0
2,11,moe_route,GPU,1.03987e+06,1.03987e+06,0
2,11,expert_FFN_4,GPU,1.03987e+06,1.08266e+06,42783.5
2,11,gate_proj,GPU,1.03987e+06,1.05411e+06,14233.4
2,11,Linear,Logic,1.03987e+06,1.05411e+06,14233.4
2,11,activation,Logic,1.05411e+06,1.05419e+06,83.3986
2,11,up_proj,GPU,1.05419e+06,1.06842e+06,14233.4
2,11,Linear,Logic,1.05419e+06,1.06842e+06,14233.4
2,11,down_proj,GPU,1.06842e+06,1.08266e+06,14233.4
2,11,Linear,Logic,1.06842e+06,1.08266e+06,14233.4
2,11,expert_FFN_5,GPU,1.08266e+06,1.10902e+06,26364.9
2,11,gate_proj,GPU,1.08266e+06,1.09143e+06,8775.48
2,11,Linear,Logic,1.08266e+06,1.09143e+06,8775.48
2,11,activation,Logic,1.09143e+06,1.09147e+06,38.4916
2,11,up_proj,GPU,1.09147e+06,1.10025e+06,8775.48
2,11,Linear,Logic,1.09147e+06,1.10025e+06,8775.48
2,11,down_proj,GPU,1.10025e+06,1.10902e+06,8775.48
2,11,Linear,Logic,1.10025e+06,1.10902e+06,8775.48
2,11,sync_2,GPU,1.10902e+06,1.10902e+06,0
2,11,sync__set,GPU,1.10902e+06,1.10902e+06,0
2,11,sync__,GPU,1.10902e+06,1.10902e+06,0
2,11,moe_all_reduce_for_e_tp,GPU,1.10902e+06,1.10902e+06,0
2,11,sync_3,GPU,1.10902e+06,1.10902e+06,0
2,11,sync__set,GPU,1.10902e+06,1.10902e+06,0
2,11,sync__,GPU,1.10902e+06,1.10902e+06,0
2,11,moe_gather,GPU,1.10902e+06,1.10902e+06,0
2,11,sync_for_moe_gather,GPU,1.10902e+06,1.10902e+06,0
2,11,sync__set,GPU,1.10902e+06,1.10902e+06,0
2,11,sync__,GPU,1.10902e+06,1.10902e+06,0
2,11,moe_all_reduce_for_gather,GPU,1.10902e+06,1.11426e+06,5236.91
2,11,sync_5,GPU,1.11426e+06,1.11426e+06,0
2,11,sync__set,GPU,1.11426e+06,1.11426e+06,0
2,11,sync__,GPU,1.11426e+06,1.11426e+06,0
2,11,sync_6,GPU,1.11426e+06,1.11426e+06,0
2,11,sync__set,GPU,1.11426e+06,1.11426e+06,0
2,11,sync__,GPU,1.11426e+06,1.11426e+06,0
2,11,residual_2,GPU,1.11426e+06,1.11442e+06,158.854
2,12,MoE_decoder_12,GPU,1.11442e+06,1.21961e+06,105192
2,12,input_layer_norm,GPU,1.11442e+06,1.11458e+06,158.854
2,12,attention,GPU,1.11458e+06,1.13152e+06,16945.7
2,12,attn_qkv_proj,GPU,1.11458e+06,1.11844e+06,3861.38
2,12,Linear,GPU,1.11458e+06,1.11844e+06,3861.38
2,12,self_attention,GPU,1.11844e+06,1.12369e+06,5247.08
2,12,AttentionSplit,GPU,1.11844e+06,1.11844e+06,0
2,12,AttentionSum,Logic,1.11844e+06,1.11844e+06,0
2,12,AttentionGen,Logic,1.11844e+06,1.12369e+06,5247.08
2,12,AttentionMerge,GPU,1.12369e+06,1.12369e+06,0
2,12,attn_o_proj,GPU,1.12369e+06,1.12629e+06,2600.32
2,12,Linear,GPU,1.12369e+06,1.12629e+06,2600.32
2,12,all_reduce,GPU,1.12629e+06,1.13152e+06,5236.91
2,12,residual_1,GPU,1.13152e+06,1.13168e+06,158.854
2,12,post_attn_layer_norm,GPU,1.13168e+06,1.13184e+06,158.854
2,12,expertFFN,GPU,1.13184e+06,1.21945e+06,87610.7
2,12,sync_0,GPU,1.13184e+06,1.13184e+06,0
2,12,sync__set,GPU,1.13184e+06,1.13184e+06,0
2,12,sync__,GPU,1.13184e+06,1.13184e+06,0
2,12,gate_fn,GPU,1.13184e+06,1.13194e+06,97.9093
2,12,Linear,GPU,1.13184e+06,1.13194e+06,97.9093
2,12,gate_update,GPU,1.13194e+06,1.13194e+06,0
2,12,moe_scatter,GPU,1.13194e+06,1.13194e+06,0
2,12,sync_for_moe_scatter,GPU,1.13194e+06,1.13194e+06,0
2,12,sync__set,GPU,1.13194e+06,1.13194e+06,0
2,12,sync__,GPU,1.13194e+06,1.13194e+06,0
2,12,moe_route,GPU,1.13194e+06,1.13194e+06,0
2,12,expert_FFN_4,GPU,1.13194e+06,1.15829e+06,26350.3
2,12,gate_proj,GPU,1.13194e+06,1.14071e+06,8772.74
2,12,Linear,Logic,1.13194e+06,1.14071e+06,8772.74
2,12,activation,Logic,1.14071e+06,1.14074e+06,32.0764
2,12,up_proj,GPU,1.14074e+06,1.14952e+06,8772.74
2,12,Linear,Logic,1.14074e+06,1.14952e+06,8772.74
2,12,down_proj,GPU,1.14952e+06,1.15829e+06,8772.74
2,12,Linear,Logic,1.14952e+06,1.15829e+06,8772.74
2,12,expert_FFN_5,GPU,1.15829e+06,1.18462e+06,26335.6
2,12,gate_proj,GPU,1.15829e+06,1.16706e+06,8769.99
2,12,Linear,Logic,1.15829e+06,1.16706e+06,8769.99
2,12,activation,Logic,1.16706e+06,1.16708e+06,25.6611
2,12,up_proj,GPU,1.16708e+06,1.17585e+06,8769.99
2,12,Linear,Logic,1.16708e+06,1.17585e+06,8769.99
2,12,down_proj,GPU,1.17585e+06,1.18462e+06,8769.99
2,12,Linear,Logic,1.17585e+06,1.18462e+06,8769.99
2,12,sync_2,GPU,1.18462e+06,1.21421e+06,29590
2,12,sync__set,GPU,1.18462e+06,1.18462e+06,0
2,12,sync__,GPU,1.18462e+06,1.21421e+06,29590
2,12,moe_all_reduce_for_e_tp,GPU,1.21421e+06,1.21421e+06,0
2,12,sync_3,GPU,1.21421e+06,1.21421e+06,0
2,12,sync__set,GPU,1.21421e+06,1.21421e+06,0
2,12,sync__,GPU,1.21421e+06,1.21421e+06,0
2,12,moe_gather,GPU,1.21421e+06,1.21421e+06,0
2,12,sync_for_moe_gather,GPU,1.21421e+06,1.21421e+06,0
2,12,sync__set,GPU,1.21421e+06,1.21421e+06,0
2,12,sync__,GPU,1.21421e+06,1.21421e+06,0
2,12,moe_all_reduce_for_gather,GPU,1.21421e+06,1.21945e+06,5236.91
2,12,sync_5,GPU,1.21945e+06,1.21945e+06,0
2,12,sync__set,GPU,1.21945e+06,1.21945e+06,0
2,12,sync__,GPU,1.21945e+06,1.21945e+06,0
2,12,sync_6,GPU,1.21945e+06,1.21945e+06,0
2,12,sync__set,GPU,1.21945e+06,1.21945e+06,0
2,12,sync__,GPU,1.21945e+06,1.21945e+06,0
2,12,residual_2,GPU,1.21945e+06,1.21961e+06,158.854
2,13,MoE_decoder_13,GPU,1.21961e+06,1.30512e+06,85511.6
2,13,input_layer_norm,GPU,1.21961e+06,1.21977e+06,158.854
2,13,attention,GPU,1.21977e+06,1.23671e+06,16945.7
2,13,attn_qkv_proj,GPU,1.21977e+06,1.22363e+06,3861.38
2,13,Linear,GPU,1.21977e+06,1.22363e+06,3861.38
2,13,self_attention,GPU,1.22363e+06,1.22888e+06,5247.08
2,13,AttentionSplit,GPU,1.22363e+06,1.22363e+06,0
2,13,AttentionSum,Logic,1.22363e+06,1.22363e+06,0
2,13,AttentionGen,Logic,1.22363e+06,1.22888e+06,5247.08
2,13,AttentionMerge,GPU,1.22888e+06,1.22888e+06,0
2,13,attn_o_proj,GPU,1.22888e+06,1.23148e+06,2600.32
2,13,Linear,GPU,1.22888e+06,1.23148e+06,2600.32
2,13,all_reduce,GPU,1.23148e+06,1.23671e+06,5236.91
2,13,residual_1,GPU,1.23671e+06,1.23687e+06,158.854
2,13,post_attn_layer_norm,GPU,1.23687e+06,1.23703e+06,158.854
2,13,expertFFN,GPU,1.23703e+06,1.30496e+06,67930.5
2,13,sync_0,GPU,1.23703e+06,1.23703e+06,0
2,13,sync__set,GPU,1.23703e+06,1.23703e+06,0
2,13,sync__,GPU,1.23703e+06,1.23703e+06,0
2,13,gate_fn,GPU,1.23703e+06,1.23713e+06,97.9093
2,13,Linear,GPU,1.23703e+06,1.23713e+06,97.9093
2,13,gate_update,GPU,1.23713e+06,1.23713e+06,0
2,13,moe_scatter,GPU,1.23713e+06,1.23713e+06,0
2,13,sync_for_moe_scatter,GPU,1.23713e+06,1.23713e+06,0
2,13,sync__set,GPU,1.23713e+06,1.23713e+06,0
2,13,sync__,GPU,1.23713e+06,1.23713e+06,0
2,13,moe_route,GPU,1.23713e+06,1.23713e+06,0
2,13,expert_FFN_4,GPU,1.23713e+06,1.26351e+06,26379.6
2,13,gate_proj,GPU,1.23713e+06,1.24591e+06,8778.23
2,13,Linear,Logic,1.23713e+06,1.24591e+06,8778.23
2,13,activation,Logic,1.24591e+06,1.24595e+06,44.9069
2,13,up_proj,GPU,1.24595e+06,1.25473e+06,8778.23
2,13,Linear,Logic,1.24595e+06,1.25473e+06,8778.23
2,13,down_proj,GPU,1.25473e+06,1.26351e+06,8778.23
2,13,Linear,Logic,1.25473e+06,1.26351e+06,8778.23
2,13,expert_FFN_5,GPU,1.26351e+06,1.28987e+06,26364.9
2,13,gate_proj,GPU,1.26351e+06,1.27229e+06,8775.48
2,13,Linear,Logic,1.26351e+06,1.27229e+06,8775.48
2,13,activation,Logic,1.27229e+06,1.27232e+06,38.4916
2,13,up_proj,GPU,1.27232e+06,1.2811e+06,8775.48
2,13,Linear,Logic,1.27232e+06,1.2811e+06,8775.48
2,13,down_proj,GPU,1.2811e+06,1.28987e+06,8775.48
2,13,Linear,Logic,1.2811e+06,1.28987e+06,8775.48
2,13,sync_2,GPU,1.28987e+06,1.29973e+06,9851.11
2,13,sync__set,GPU,1.28987e+06,1.28987e+06,0
2,13,sync__,GPU,1.28987e+06,1.29973e+06,9851.11
2,13,moe_all_reduce_for_e_tp,GPU,1.29973e+06,1.29973e+06,0
2,13,sync_3,GPU,1.29973e+06,1.29973e+06,0
2,13,sync__set,GPU,1.29973e+06,1.29973e+06,0
2,13,sync__,GPU,1.29973e+06,1.29973e+06,0
2,13,moe_gather,GPU,1.29973e+06,1.29973e+06,0
2,13,sync_for_moe_gather,GPU,1.29973e+06,1.29973e+06,0
2,13,sync__set,GPU,1.29973e+06,1.29973e+06,0
2,13,sync__,GPU,1.29973e+06,1.29973e+06,0
2,13,moe_all_reduce_for_gather,GPU,1.29973e+06,1.30496e+06,5236.91
2,13,sync_5,GPU,1.30496e+06,1.30496e+06,0
2,13,sync__set,GPU,1.30496e+06,1.30496e+06,0
2,13,sync__,GPU,1.30496e+06,1.30496e+06,0
2,13,sync_6,GPU,1.30496e+06,1.30496e+06,0
2,13,sync__set,GPU,1.30496e+06,1.30496e+06,0
2,13,sync__,GPU,1.30496e+06,1.30496e+06,0
2,13,residual_2,GPU,1.30496e+06,1.30512e+06,158.854
2,14,MoE_decoder_14,GPU,1.30512e+06,1.39389e+06,88773.3
2,14,input_layer_norm,GPU,1.30512e+06,1.30528e+06,158.854
2,14,attention,GPU,1.30528e+06,1.32223e+06,16945.7
2,14,attn_qkv_proj,GPU,1.30528e+06,1.30914e+06,3861.38
2,14,Linear,GPU,1.30528e+06,1.30914e+06,3861.38
2,14,self_attention,GPU,1.30914e+06,1.31439e+06,5247.08
2,14,AttentionSplit,GPU,1.30914e+06,1.30914e+06,0
2,14,AttentionSum,Logic,1.30914e+06,1.30914e+06,0
2,14,AttentionGen,Logic,1.30914e+06,1.31439e+06,5247.08
2,14,AttentionMerge,GPU,1.31439e+06,1.31439e+06,0
2,14,attn_o_proj,GPU,1.31439e+06,1.31699e+06,2600.32
2,14,Linear,GPU,1.31439e+06,1.31699e+06,2600.32
2,14,all_reduce,GPU,1.31699e+06,1.32223e+06,5236.91
2,14,residual_1,GPU,1.32223e+06,1.32238e+06,158.854
2,14,post_attn_layer_norm,GPU,1.32238e+06,1.32254e+06,158.854
2,14,expertFFN,GPU,1.32254e+06,1.39374e+06,71192.2
2,14,sync_0,GPU,1.32254e+06,1.32254e+06,0
2,14,sync__set,GPU,1.32254e+06,1.32254e+06,0
2,14,sync__,GPU,1.32254e+06,1.32254e+06,0
2,14,gate_fn,GPU,1.32254e+06,1.32264e+06,97.9093
2,14,Linear,GPU,1.32254e+06,1.32264e+06,97.9093
2,14,gate_update,GPU,1.32264e+06,1.32264e+06,0
2,14,moe_scatter,GPU,1.32264e+06,1.32264e+06,0
2,14,sync_for_moe_scatter,GPU,1.32264e+06,1.32264e+06,0
2,14,sync__set,GPU,1.32264e+06,1.32264e+06,0
2,14,sync__,GPU,1.32264e+06,1.32264e+06,0
2,14,moe_route,GPU,1.32264e+06,1.32264e+06,0
2,14,expert_FFN_4,GPU,1.32264e+06,1.34902e+06,26379.6
2,14,gate_proj,GPU,1.32264e+06,1.33142e+06,8778.23
2,14,Linear,Logic,1.32264e+06,1.33142e+06,8778.23
2,14,activation,Logic,1.33142e+06,1.33146e+06,44.9069
2,14,up_proj,GPU,1.33146e+06,1.34024e+06,8778.23
2,14,Linear,Logic,1.33146e+06,1.34024e+06,8778.23
2,14,down_proj,GPU,1.34024e+06,1.34902e+06,8778.23
2,14,Linear,Logic,1.34024e+06,1.34902e+06,8778.23
2,14,expert_FFN_5,GPU,1.34902e+06,1.3754e+06,26379.6
2,14,gate_proj,GPU,1.34902e+06,1.3578e+06,8778.23
2,14,Linear,Logic,1.34902e+06,1.3578e+06,8778.23
2,14,activation,Logic,1.3578e+06,1.35784e+06,44.9069
2,14,up_proj,GPU,1.35784e+06,1.36662e+06,8778.23
2,14,Linear,Logic,1.35784e+06,1.36662e+06,8778.23
2,14,down_proj,GPU,1.36662e+06,1.3754e+06,8778.23
2,14,Linear,Logic,1.36662e+06,1.3754e+06,8778.23
2,14,sync_2,GPU,1.3754e+06,1.3885e+06,13098.2
2,14,sync__set,GPU,1.3754e+06,1.3754e+06,0
2,14,sync__,GPU,1.3754e+06,1.3885e+06,13098.2
2,14,moe_all_reduce_for_e_tp,GPU,1.3885e+06,1.3885e+06,0
2,14,sync_3,GPU,1.3885e+06,1.3885e+06,0
2,14,sync__set,GPU,1.3885e+06,1.3885e+06,0
2,14,sync__,GPU,1.3885e+06,1.3885e+06,0
2,14,moe_gather,GPU,1.3885e+06,1.3885e+06,0
2,14,sync_for_moe_gather,GPU,1.3885e+06,1.3885e+06,0
2,14,sync__set,GPU,1.3885e+06,1.3885e+06,0
2,14,sync__,GPU,1.3885e+06,1.3885e+06,0
2,14,moe_all_reduce_for_gather,GPU,1.3885e+06,1.39374e+06,5236.91
2,14,sync_5,GPU,1.39374e+06,1.39374e+06,0
2,14,sync__set,GPU,1.39374e+06,1.39374e+06,0
2,14,sync__,GPU,1.39374e+06,1.39374e+06,0
2,14,sync_6,GPU,1.39374e+06,1.39374e+06,0
2,14,sync__set,GPU,1.39374e+06,1.39374e+06,0
2,14,sync__,GPU,1.39374e+06,1.39374e+06,0
2,14,residual_2,GPU,1.39374e+06,1.39389e+06,158.854
2,15,MoE_decoder_15,GPU,1.39389e+06,1.47609e+06,82191.2
2,15,input_layer_norm,GPU,1.39389e+06,1.39405e+06,158.854
2,15,attention,GPU,1.39405e+06,1.411e+06,16945.7
2,15,attn_qkv_proj,GPU,1.39405e+06,1.39791e+06,3861.38
2,15,Linear,GPU,1.39405e+06,1.39791e+06,3861.38
2,15,self_attention,GPU,1.39791e+06,1.40316e+06,5247.08
2,15,AttentionSplit,GPU,1.39791e+06,1.39791e+06,0
2,15,AttentionSum,Logic,1.39791e+06,1.39791e+06,0
2,15,AttentionGen,Logic,1.39791e+06,1.40316e+06,5247.08
2,15,AttentionMerge,GPU,1.40316e+06,1.40316e+06,0
2,15,attn_o_proj,GPU,1.40316e+06,1.40576e+06,2600.32
2,15,Linear,GPU,1.40316e+06,1.40576e+06,2600.32
2,15,all_reduce,GPU,1.40576e+06,1.411e+06,5236.91
2,15,residual_1,GPU,1.411e+06,1.41116e+06,158.854
2,15,post_attn_layer_norm,GPU,1.41116e+06,1.41132e+06,158.854
2,15,expertFFN,GPU,1.41132e+06,1.47593e+06,64610.1
2,15,sync_0,GPU,1.41132e+06,1.41132e+06,0
2,15,sync__set,GPU,1.41132e+06,1.41132e+06,0
2,15,sync__,GPU,1.41132e+06,1.41132e+06,0
2,15,gate_fn,GPU,1.41132e+06,1.41141e+06,97.9093
2,15,Linear,GPU,1.41132e+06,1.41141e+06,97.9093
2,15,gate_update,GPU,1.41141e+06,1.41141e+06,0
2,15,moe_scatter,GPU,1.41141e+06,1.41141e+06,0
2,15,sync_for_moe_scatter,GPU,1.41141e+06,1.41141e+06,0
2,15,sync__set,GPU,1.41141e+06,1.41141e+06,0
2,15,sync__,GPU,1.41141e+06,1.41141e+06,0
2,15,moe_route,GPU,1.41141e+06,1.41141e+06,0
2,15,expert_FFN_4,GPU,1.41141e+06,1.43778e+06,26364.9
2,15,gate_proj,GPU,1.41141e+06,1.42019e+06,8775.48
2,15,Linear,Logic,1.41141e+06,1.42019e+06,8775.48
2,15,activation,Logic,1.42019e+06,1.42023e+06,38.4916
2,15,up_proj,GPU,1.42023e+06,1.429e+06,8775.48
2,15,Linear,Logic,1.42023e+06,1.429e+06,8775.48
2,15,down_proj,GPU,1.429e+06,1.43778e+06,8775.48
2,15,Linear,Logic,1.429e+06,1.43778e+06,8775.48
2,15,expert_FFN_5,GPU,1.43778e+06,1.47069e+06,32910.4
2,15,gate_proj,GPU,1.43778e+06,1.44873e+06,10948.7
2,15,Linear,Logic,1.43778e+06,1.44873e+06,10948.7
2,15,activation,Logic,1.44873e+06,1.44879e+06,64.1527
2,15,up_proj,GPU,1.44879e+06,1.45974e+06,10948.7
2,15,Linear,Logic,1.44879e+06,1.45974e+06,10948.7
2,15,down_proj,GPU,1.45974e+06,1.47069e+06,10948.7
2,15,Linear,Logic,1.45974e+06,1.47069e+06,10948.7
2,15,sync_2,GPU,1.47069e+06,1.47069e+06,0
2,15,sync__set,GPU,1.47069e+06,1.47069e+06,0
2,15,sync__,GPU,1.47069e+06,1.47069e+06,0
2,15,moe_all_reduce_for_e_tp,GPU,1.47069e+06,1.47069e+06,0
2,15,sync_3,GPU,1.47069e+06,1.47069e+06,0
2,15,sync__set,GPU,1.47069e+06,1.47069e+06,0
2,15,sync__,GPU,1.47069e+06,1.47069e+06,0
2,15,moe_gather,GPU,1.47069e+06,1.47069e+06,0
2,15,sync_for_moe_gather,GPU,1.47069e+06,1.47069e+06,0
2,15,sync__set,GPU,1.47069e+06,1.47069e+06,0
2,15,sync__,GPU,1.47069e+06,1.47069e+06,0
2,15,moe_all_reduce_for_gather,GPU,1.47069e+06,1.47593e+06,5236.91
2,15,sync_5,GPU,1.47593e+06,1.47593e+06,0
2,15,sync__set,GPU,1.47593e+06,1.47593e+06,0
2,15,sync__,GPU,1.47593e+06,1.47593e+06,0
2,15,sync_6,GPU,1.47593e+06,1.47593e+06,0
2,15,sync__set,GPU,1.47593e+06,1.47593e+06,0
2,15,sync__,GPU,1.47593e+06,1.47593e+06,0
2,15,residual_2,GPU,1.47593e+06,1.47609e+06,158.854
2,16,MoE_decoder_16,GPU,1.47609e+06,1.55831e+06,82220.6
2,16,input_layer_norm,GPU,1.47609e+06,1.47624e+06,158.854
2,16,attention,GPU,1.47624e+06,1.49319e+06,16945.7
2,16,attn_qkv_proj,GPU,1.47624e+06,1.48011e+06,3861.38
2,16,Linear,GPU,1.47624e+06,1.48011e+06,3861.38
2,16,self_attention,GPU,1.48011e+06,1.48535e+06,5247.08
2,16,AttentionSplit,GPU,1.48011e+06,1.48011e+06,0
2,16,AttentionSum,Logic,1.48011e+06,1.48011e+06,0
2,16,AttentionGen,Logic,1.48011e+06,1.48535e+06,5247.08
2,16,AttentionMerge,GPU,1.48535e+06,1.48535e+06,0
2,16,attn_o_proj,GPU,1.48535e+06,1.48795e+06,2600.32
2,16,Linear,GPU,1.48535e+06,1.48795e+06,2600.32
2,16,all_reduce,GPU,1.48795e+06,1.49319e+06,5236.91
2,16,residual_1,GPU,1.49319e+06,1.49335e+06,158.854
2,16,post_attn_layer_norm,GPU,1.49335e+06,1.49351e+06,158.854
2,16,expertFFN,GPU,1.49351e+06,1.55815e+06,64639.4
2,16,sync_0,GPU,1.49351e+06,1.49351e+06,0
2,16,sync__set,GPU,1.49351e+06,1.49351e+06,0
2,16,sync__,GPU,1.49351e+06,1.49351e+06,0
2,16,gate_fn,GPU,1.49351e+06,1.49361e+06,97.9093
2,16,Linear,GPU,1.49351e+06,1.49361e+06,97.9093
2,16,gate_update,GPU,1.49361e+06,1.49361e+06,0
2,16,moe_scatter,GPU,1.49361e+06,1.49361e+06,0
2,16,sync_for_moe_scatter,GPU,1.49361e+06,1.49361e+06,0
2,16,sync__set,GPU,1.49361e+06,1.49361e+06,0
2,16,sync__,GPU,1.49361e+06,1.49361e+06,0
2,16,moe_route,GPU,1.49361e+06,1.49361e+06,0
2,16,expert_FFN_4,GPU,1.49361e+06,1.52323e+06,29619.3
2,16,gate_proj,GPU,1.49361e+06,1.50346e+06,9853.86
2,16,Linear,Logic,1.49361e+06,1.50346e+06,9853.86
2,16,activation,Logic,1.50346e+06,1.50352e+06,57.7375
2,16,up_proj,GPU,1.50352e+06,1.51337e+06,9853.86
2,16,Linear,Logic,1.50352e+06,1.51337e+06,9853.86
2,16,down_proj,GPU,1.51337e+06,1.52323e+06,9853.86
2,16,Linear,Logic,1.51337e+06,1.52323e+06,9853.86
2,16,expert_FFN_5,GPU,1.52323e+06,1.54961e+06,26379.6
2,16,gate_proj,GPU,1.52323e+06,1.532e+06,8778.23
2,16,Linear,Logic,1.52323e+06,1.532e+06,8778.23
2,16,activation,Logic,1.532e+06,1.53205e+06,44.9069
2,16,up_proj,GPU,1.53205e+06,1.54083e+06,8778.23
2,16,Linear,Logic,1.53205e+06,1.54083e+06,8778.23
2,16,down_proj,GPU,1.54083e+06,1.54961e+06,8778.23
2,16,Linear,Logic,1.54083e+06,1.54961e+06,8778.23
2,16,sync_2,GPU,1.54961e+06,1.55291e+06,3305.7
2,16,sync__set,GPU,1.54961e+06,1.54961e+06,0
2,16,sync__,GPU,1.54961e+06,1.55291e+06,3305.7
2,16,moe_all_reduce_for_e_tp,GPU,1.55291e+06,1.55291e+06,0
2,16,sync_3,GPU,1.55291e+06,1.55291e+06,0
2,16,sync__set,GPU,1.55291e+06,1.55291e+06,0
2,16,sync__,GPU,1.55291e+06,1.55291e+06,0
2,16,moe_gather,GPU,1.55291e+06,1.55291e+06,0
2,16,sync_for_moe_gather,GPU,1.55291e+06,1.55291e+06,0
2,16,sync__set,GPU,1.55291e+06,1.55291e+06,0
2,16,sync__,GPU,1.55291e+06,1.55291e+06,0
2,16,moe_all_reduce_for_gather,GPU,1.55291e+06,1.55815e+06,5236.91
2,16,sync_5,GPU,1.55815e+06,1.55815e+06,0
2,16,sync__set,GPU,1.55815e+06,1.55815e+06,0
2,16,sync__,GPU,1.55815e+06,1.55815e+06,0
2,16,sync_6,GPU,1.55815e+06,1.55815e+06,0
2,16,sync__set,GPU,1.55815e+06,1.55815e+06,0
2,16,sync__,GPU,1.55815e+06,1.55815e+06,0
2,16,residual_2,GPU,1.55815e+06,1.55831e+06,158.854
2,17,MoE_decoder_17,GPU,1.55831e+06,1.64711e+06,88802.6
2,17,input_layer_norm,GPU,1.55831e+06,1.55847e+06,158.854
2,17,attention,GPU,1.55847e+06,1.57541e+06,16945.7
2,17,attn_qkv_proj,GPU,1.55847e+06,1.56233e+06,3861.38
2,17,Linear,GPU,1.55847e+06,1.56233e+06,3861.38
2,17,self_attention,GPU,1.56233e+06,1.56757e+06,5247.08
2,17,AttentionSplit,GPU,1.56233e+06,1.56233e+06,0
2,17,AttentionSum,Logic,1.56233e+06,1.56233e+06,0
2,17,AttentionGen,Logic,1.56233e+06,1.56757e+06,5247.08
2,17,AttentionMerge,GPU,1.56757e+06,1.56757e+06,0
2,17,attn_o_proj,GPU,1.56757e+06,1.57017e+06,2600.32
2,17,Linear,GPU,1.56757e+06,1.57017e+06,2600.32
2,17,all_reduce,GPU,1.57017e+06,1.57541e+06,5236.91
2,17,residual_1,GPU,1.57541e+06,1.57557e+06,158.854
2,17,post_attn_layer_norm,GPU,1.57557e+06,1.57573e+06,158.854
2,17,expertFFN,GPU,1.57573e+06,1.64695e+06,71221.5
2,17,sync_0,GPU,1.57573e+06,1.57573e+06,0
2,17,sync__set,GPU,1.57573e+06,1.57573e+06,0
2,17,sync__,GPU,1.57573e+06,1.57573e+06,0
2,17,gate_fn,GPU,1.57573e+06,1.57583e+06,97.9093
2,17,Linear,GPU,1.57573e+06,1.57583e+06,97.9093
2,17,gate_update,GPU,1.57583e+06,1.57583e+06,0
2,17,moe_scatter,GPU,1.57583e+06,1.57583e+06,0
2,17,sync_for_moe_scatter,GPU,1.57583e+06,1.57583e+06,0
2,17,sync__set,GPU,1.57583e+06,1.57583e+06,0
2,17,sync__,GPU,1.57583e+06,1.57583e+06,0
2,17,moe_route,GPU,1.57583e+06,1.57583e+06,0
2,17,expert_FFN_4,GPU,1.57583e+06,1.60219e+06,26364.9
2,17,gate_proj,GPU,1.57583e+06,1.5846e+06,8775.48
2,17,Linear,Logic,1.57583e+06,1.5846e+06,8775.48
2,17,activation,Logic,1.5846e+06,1.58464e+06,38.4916
2,17,up_proj,GPU,1.58464e+06,1.59342e+06,8775.48
2,17,Linear,Logic,1.58464e+06,1.59342e+06,8775.48
2,17,down_proj,GPU,1.59342e+06,1.60219e+06,8775.48
2,17,Linear,Logic,1.59342e+06,1.60219e+06,8775.48
2,17,expert_FFN_5,GPU,1.60219e+06,1.63839e+06,36201.4
2,17,gate_proj,GPU,1.60219e+06,1.61424e+06,12043.6
2,17,Linear,Logic,1.60219e+06,1.61424e+06,12043.6
2,17,activation,Logic,1.61424e+06,1.61431e+06,70.568
2,17,up_proj,GPU,1.61431e+06,1.62635e+06,12043.6
2,17,Linear,Logic,1.61431e+06,1.62635e+06,12043.6
2,17,down_proj,GPU,1.62635e+06,1.63839e+06,12043.6
2,17,Linear,Logic,1.62635e+06,1.63839e+06,12043.6
2,17,sync_2,GPU,1.63839e+06,1.64171e+06,3320.36
2,17,sync__set,GPU,1.63839e+06,1.63839e+06,0
2,17,sync__,GPU,1.63839e+06,1.64171e+06,3320.36
2,17,moe_all_reduce_for_e_tp,GPU,1.64171e+06,1.64171e+06,0
2,17,sync_3,GPU,1.64171e+06,1.64171e+06,0
2,17,sync__set,GPU,1.64171e+06,1.64171e+06,0
2,17,sync__,GPU,1.64171e+06,1.64171e+06,0
2,17,moe_gather,GPU,1.64171e+06,1.64171e+06,0
2,17,sync_for_moe_gather,GPU,1.64171e+06,1.64171e+06,0
2,17,sync__set,GPU,1.64171e+06,1.64171e+06,0
2,17,sync__,GPU,1.64171e+06,1.64171e+06,0
2,17,moe_all_reduce_for_gather,GPU,1.64171e+06,1.64695e+06,5236.91
2,17,sync_5,GPU,1.64695e+06,1.64695e+06,0
2,17,sync__set,GPU,1.64695e+06,1.64695e+06,0
2,17,sync__,GPU,1.64695e+06,1.64695e+06,0
2,17,sync_6,GPU,1.64695e+06,1.64695e+06,0
2,17,sync__set,GPU,1.64695e+06,1.64695e+06,0
2,17,sync__,GPU,1.64695e+06,1.64695e+06,0
2,17,residual_2,GPU,1.64695e+06,1.64711e+06,158.854
2,18,MoE_decoder_18,GPU,1.64711e+06,1.73585e+06,88736.6
2,18,input_layer_norm,GPU,1.64711e+06,1.64727e+06,158.854
2,18,attention,GPU,1.64727e+06,1.66421e+06,16945.7
2,18,attn_qkv_proj,GPU,1.64727e+06,1.65113e+06,3861.38
2,18,Linear,GPU,1.64727e+06,1.65113e+06,3861.38
2,18,self_attention,GPU,1.65113e+06,1.65638e+06,5247.08
2,18,AttentionSplit,GPU,1.65113e+06,1.65113e+06,0
2,18,AttentionSum,Logic,1.65113e+06,1.65113e+06,0
2,18,AttentionGen,Logic,1.65113e+06,1.65638e+06,5247.08
2,18,AttentionMerge,GPU,1.65638e+06,1.65638e+06,0
2,18,attn_o_proj,GPU,1.65638e+06,1.65898e+06,2600.32
2,18,Linear,GPU,1.65638e+06,1.65898e+06,2600.32
2,18,all_reduce,GPU,1.65898e+06,1.66421e+06,5236.91
2,18,residual_1,GPU,1.66421e+06,1.66437e+06,158.854
2,18,post_attn_layer_norm,GPU,1.66437e+06,1.66453e+06,158.854
2,18,expertFFN,GPU,1.66453e+06,1.73569e+06,71155.5
2,18,sync_0,GPU,1.66453e+06,1.66453e+06,0
2,18,sync__set,GPU,1.66453e+06,1.66453e+06,0
2,18,sync__,GPU,1.66453e+06,1.66453e+06,0
2,18,gate_fn,GPU,1.66453e+06,1.66463e+06,97.9093
2,18,Linear,GPU,1.66453e+06,1.66463e+06,97.9093
2,18,gate_update,GPU,1.66463e+06,1.66463e+06,0
2,18,moe_scatter,GPU,1.66463e+06,1.66463e+06,0
2,18,sync_for_moe_scatter,GPU,1.66463e+06,1.66463e+06,0
2,18,sync__set,GPU,1.66463e+06,1.66463e+06,0
2,18,sync__,GPU,1.66463e+06,1.66463e+06,0
2,18,moe_route,GPU,1.66463e+06,1.66463e+06,0
2,18,expert_FFN_4,GPU,1.66463e+06,1.70083e+06,36201.4
2,18,gate_proj,GPU,1.66463e+06,1.67667e+06,12043.6
2,18,Linear,Logic,1.66463e+06,1.67667e+06,12043.6
2,18,activation,Logic,1.67667e+06,1.67674e+06,70.568
2,18,up_proj,GPU,1.67674e+06,1.68879e+06,12043.6
2,18,Linear,Logic,1.67674e+06,1.68879e+06,12043.6
2,18,down_proj,GPU,1.68879e+06,1.70083e+06,12043.6
2,18,Linear,Logic,1.68879e+06,1.70083e+06,12043.6
2,18,expert_FFN_5,GPU,1.70083e+06,1.73045e+06,29619.3
2,18,gate_proj,GPU,1.70083e+06,1.71068e+06,9853.86
2,18,Linear,Logic,1.70083e+06,1.71068e+06,9853.86
2,18,activation,Logic,1.71068e+06,1.71074e+06,57.7375
2,18,up_proj,GPU,1.71074e+06,1.7206e+06,9853.86
2,18,Linear,Logic,1.71074e+06,1.7206e+06,9853.86
2,18,down_proj,GPU,1.7206e+06,1.73045e+06,9853.86
2,18,Linear,Logic,1.7206e+06,1.73045e+06,9853.86
2,18,sync_2,GPU,1.73045e+06,1.73045e+06,0
2,18,sync__set,GPU,1.73045e+06,1.73045e+06,0
2,18,sync__,GPU,1.73045e+06,1.73045e+06,0
2,18,moe_all_reduce_for_e_tp,GPU,1.73045e+06,1.73045e+06,0
2,18,sync_3,GPU,1.73045e+06,1.73045e+06,0
2,18,sync__set,GPU,1.73045e+06,1.73045e+06,0
2,18,sync__,GPU,1.73045e+06,1.73045e+06,0
2,18,moe_gather,GPU,1.73045e+06,1.73045e+06,0
2,18,sync_for_moe_gather,GPU,1.73045e+06,1.73045e+06,0
2,18,sync__set,GPU,1.73045e+06,1.73045e+06,0
2,18,sync__,GPU,1.73045e+06,1.73045e+06,0
2,18,moe_all_reduce_for_gather,GPU,1.73045e+06,1.73569e+06,5236.91
2,18,sync_5,GPU,1.73569e+06,1.73569e+06,0
2,18,sync__set,GPU,1.73569e+06,1.73569e+06,0
2,18,sync__,GPU,1.73569e+06,1.73569e+06,0
2,18,sync_6,GPU,1.73569e+06,1.73569e+06,0
2,18,sync__set,GPU,1.73569e+06,1.73569e+06,0
2,18,sync__,GPU,1.73569e+06,1.73569e+06,0
2,18,residual_2,GPU,1.73569e+06,1.73585e+06,158.854
2,19,MoE_decoder_19,GPU,1.73585e+06,1.82136e+06,85511.6
2,19,input_layer_norm,GPU,1.73585e+06,1.736e+06,158.854
2,19,attention,GPU,1.736e+06,1.75295e+06,16945.7
2,19,attn_qkv_proj,GPU,1.736e+06,1.73987e+06,3861.38
2,19,Linear,GPU,1.736e+06,1.73987e+06,3861.38
2,19,self_attention,GPU,1.73987e+06,1.74511e+06,5247.08
2,19,AttentionSplit,GPU,1.73987e+06,1.73987e+06,0
2,19,AttentionSum,Logic,1.73987e+06,1.73987e+06,0
2,19,AttentionGen,Logic,1.73987e+06,1.74511e+06,5247.08
2,19,AttentionMerge,GPU,1.74511e+06,1.74511e+06,0
2,19,attn_o_proj,GPU,1.74511e+06,1.74771e+06,2600.32
2,19,Linear,GPU,1.74511e+06,1.74771e+06,2600.32
2,19,all_reduce,GPU,1.74771e+06,1.75295e+06,5236.91
2,19,residual_1,GPU,1.75295e+06,1.75311e+06,158.854
2,19,post_attn_layer_norm,GPU,1.75311e+06,1.75327e+06,158.854
2,19,expertFFN,GPU,1.75327e+06,1.8212e+06,67930.5
2,19,sync_0,GPU,1.75327e+06,1.75327e+06,0
2,19,sync__set,GPU,1.75327e+06,1.75327e+06,0
2,19,sync__,GPU,1.75327e+06,1.75327e+06,0
2,19,gate_fn,GPU,1.75327e+06,1.75337e+06,97.9093
2,19,Linear,GPU,1.75327e+06,1.75337e+06,97.9093
2,19,gate_update,GPU,1.75337e+06,1.75337e+06,0
2,19,moe_scatter,GPU,1.75337e+06,1.75337e+06,0
2,19,sync_for_moe_scatter,GPU,1.75337e+06,1.75337e+06,0
2,19,sync__set,GPU,1.75337e+06,1.75337e+06,0
2,19,sync__,GPU,1.75337e+06,1.75337e+06,0
2,19,moe_route,GPU,1.75337e+06,1.75337e+06,0
2,19,expert_FFN_4,GPU,1.75337e+06,1.77976e+06,26394.3
2,19,gate_proj,GPU,1.75337e+06,1.76215e+06,8780.98
2,19,Linear,Logic,1.75337e+06,1.76215e+06,8780.98
2,19,activation,Logic,1.76215e+06,1.7622e+06,51.3222
2,19,up_proj,GPU,1.7622e+06,1.77098e+06,8780.98
2,19,Linear,Logic,1.7622e+06,1.77098e+06,8780.98
2,19,down_proj,GPU,1.77098e+06,1.77976e+06,8780.98
2,19,Linear,Logic,1.77098e+06,1.77976e+06,8780.98
2,19,expert_FFN_5,GPU,1.77976e+06,1.81596e+06,36201.4
2,19,gate_proj,GPU,1.77976e+06,1.7918e+06,12043.6
2,19,Linear,Logic,1.77976e+06,1.7918e+06,12043.6
2,19,activation,Logic,1.7918e+06,1.79187e+06,70.568
2,19,up_proj,GPU,1.79187e+06,1.80392e+06,12043.6
2,19,Linear,Logic,1.79187e+06,1.80392e+06,12043.6
2,19,down_proj,GPU,1.80392e+06,1.81596e+06,12043.6
2,19,Linear,Logic,1.80392e+06,1.81596e+06,12043.6
2,19,sync_2,GPU,1.81596e+06,1.81596e+06,0
2,19,sync__set,GPU,1.81596e+06,1.81596e+06,0
2,19,sync__,GPU,1.81596e+06,1.81596e+06,0
2,19,moe_all_reduce_for_e_tp,GPU,1.81596e+06,1.81596e+06,0
2,19,sync_3,GPU,1.81596e+06,1.81596e+06,0
2,19,sync__set,GPU,1.81596e+06,1.81596e+06,0
2,19,sync__,GPU,1.81596e+06,1.81596e+06,0
2,19,moe_gather,GPU,1.81596e+06,1.81596e+06,0
2,19,sync_for_moe_gather,GPU,1.81596e+06,1.81596e+06,0
2,19,sync__set,GPU,1.81596e+06,1.81596e+06,0
2,19,sync__,GPU,1.81596e+06,1.81596e+06,0
2,19,moe_all_reduce_for_gather,GPU,1.81596e+06,1.8212e+06,5236.91
2,19,sync_5,GPU,1.8212e+06,1.8212e+06,0
2,19,sync__set,GPU,1.8212e+06,1.8212e+06,0
2,19,sync__,GPU,1.8212e+06,1.8212e+06,0
2,19,sync_6,GPU,1.8212e+06,1.8212e+06,0
2,19,sync__set,GPU,1.8212e+06,1.8212e+06,0
2,19,sync__,GPU,1.8212e+06,1.8212e+06,0
2,19,residual_2,GPU,1.8212e+06,1.82136e+06,158.854
2,20,MoE_decoder_20,GPU,1.82136e+06,1.91344e+06,92079
2,20,input_layer_norm,GPU,1.82136e+06,1.82152e+06,158.854
2,20,attention,GPU,1.82152e+06,1.83846e+06,16945.7
2,20,attn_qkv_proj,GPU,1.82152e+06,1.82538e+06,3861.38
2,20,Linear,GPU,1.82152e+06,1.82538e+06,3861.38
2,20,self_attention,GPU,1.82538e+06,1.83062e+06,5247.08
2,20,AttentionSplit,GPU,1.82538e+06,1.82538e+06,0
2,20,AttentionSum,Logic,1.82538e+06,1.82538e+06,0
2,20,AttentionGen,Logic,1.82538e+06,1.83062e+06,5247.08
2,20,AttentionMerge,GPU,1.83062e+06,1.83062e+06,0
2,20,attn_o_proj,GPU,1.83062e+06,1.83323e+06,2600.32
2,20,Linear,GPU,1.83062e+06,1.83323e+06,2600.32
2,20,all_reduce,GPU,1.83323e+06,1.83846e+06,5236.91
2,20,residual_1,GPU,1.83846e+06,1.83862e+06,158.854
2,20,post_attn_layer_norm,GPU,1.83862e+06,1.83878e+06,158.854
2,20,expertFFN,GPU,1.83878e+06,1.91328e+06,74497.9
2,20,sync_0,GPU,1.83878e+06,1.83878e+06,0
2,20,sync__set,GPU,1.83878e+06,1.83878e+06,0
2,20,sync__,GPU,1.83878e+06,1.83878e+06,0
2,20,gate_fn,GPU,1.83878e+06,1.83888e+06,97.9093
2,20,Linear,GPU,1.83878e+06,1.83888e+06,97.9093
2,20,gate_update,GPU,1.83888e+06,1.83888e+06,0
2,20,moe_scatter,GPU,1.83888e+06,1.83888e+06,0
2,20,sync_for_moe_scatter,GPU,1.83888e+06,1.83888e+06,0
2,20,sync__set,GPU,1.83888e+06,1.83888e+06,0
2,20,sync__,GPU,1.83888e+06,1.83888e+06,0
2,20,moe_route,GPU,1.83888e+06,1.83888e+06,0
2,20,expert_FFN_4,GPU,1.83888e+06,1.8685e+06,29619.3
2,20,gate_proj,GPU,1.83888e+06,1.84873e+06,9853.86
2,20,Linear,Logic,1.83888e+06,1.84873e+06,9853.86
2,20,activation,Logic,1.84873e+06,1.84879e+06,57.7375
2,20,up_proj,GPU,1.84879e+06,1.85864e+06,9853.86
2,20,Linear,Logic,1.84879e+06,1.85864e+06,9853.86
2,20,down_proj,GPU,1.85864e+06,1.8685e+06,9853.86
2,20,Linear,Logic,1.85864e+06,1.8685e+06,9853.86
2,20,expert_FFN_5,GPU,1.8685e+06,1.89483e+06,26335.6
2,20,gate_proj,GPU,1.8685e+06,1.87727e+06,8769.99
2,20,Linear,Logic,1.8685e+06,1.87727e+06,8769.99
2,20,activation,Logic,1.87727e+06,1.87729e+06,25.6611
2,20,up_proj,GPU,1.87729e+06,1.88606e+06,8769.99
2,20,Linear,Logic,1.87729e+06,1.88606e+06,8769.99
2,20,down_proj,GPU,1.88606e+06,1.89483e+06,8769.99
2,20,Linear,Logic,1.88606e+06,1.89483e+06,8769.99
2,20,sync_2,GPU,1.89483e+06,1.90804e+06,13208.1
2,20,sync__set,GPU,1.89483e+06,1.89483e+06,0
2,20,sync__,GPU,1.89483e+06,1.90804e+06,13208.1
2,20,moe_all_reduce_for_e_tp,GPU,1.90804e+06,1.90804e+06,0
2,20,sync_3,GPU,1.90804e+06,1.90804e+06,0
2,20,sync__set,GPU,1.90804e+06,1.90804e+06,0
2,20,sync__,GPU,1.90804e+06,1.90804e+06,0
2,20,moe_gather,GPU,1.90804e+06,1.90804e+06,0
2,20,sync_for_moe_gather,GPU,1.90804e+06,1.90804e+06,0
2,20,sync__set,GPU,1.90804e+06,1.90804e+06,0
2,20,sync__,GPU,1.90804e+06,1.90804e+06,0
2,20,moe_all_reduce_for_gather,GPU,1.90804e+06,1.91328e+06,5236.91
2,20,sync_5,GPU,1.91328e+06,1.91328e+06,0
2,20,sync__set,GPU,1.91328e+06,1.91328e+06,0
2,20,sync__,GPU,1.91328e+06,1.91328e+06,0
2,20,sync_6,GPU,1.91328e+06,1.91328e+06,0
2,20,sync__set,GPU,1.91328e+06,1.91328e+06,0
2,20,sync__,GPU,1.91328e+06,1.91328e+06,0
2,20,residual_2,GPU,1.91328e+06,1.91344e+06,158.854
2,21,MoE_decoder_21,GPU,1.91344e+06,2.00552e+06,92079
2,21,input_layer_norm,GPU,1.91344e+06,1.9136e+06,158.854
2,21,attention,GPU,1.9136e+06,1.93054e+06,16945.7
2,21,attn_qkv_proj,GPU,1.9136e+06,1.91746e+06,3861.38
2,21,Linear,GPU,1.9136e+06,1.91746e+06,3861.38
2,21,self_attention,GPU,1.91746e+06,1.9227e+06,5247.08
2,21,AttentionSplit,GPU,1.91746e+06,1.91746e+06,0
2,21,AttentionSum,Logic,1.91746e+06,1.91746e+06,0
2,21,AttentionGen,Logic,1.91746e+06,1.9227e+06,5247.08
2,21,AttentionMerge,GPU,1.9227e+06,1.9227e+06,0
2,21,attn_o_proj,GPU,1.9227e+06,1.9253e+06,2600.32
2,21,Linear,GPU,1.9227e+06,1.9253e+06,2600.32
2,21,all_reduce,GPU,1.9253e+06,1.93054e+06,5236.91
2,21,residual_1,GPU,1.93054e+06,1.9307e+06,158.854
2,21,post_attn_layer_norm,GPU,1.9307e+06,1.93086e+06,158.854
2,21,expertFFN,GPU,1.93086e+06,2.00536e+06,74497.9
2,21,sync_0,GPU,1.93086e+06,1.93086e+06,0
2,21,sync__set,GPU,1.93086e+06,1.93086e+06,0
2,21,sync__,GPU,1.93086e+06,1.93086e+06,0
2,21,gate_fn,GPU,1.93086e+06,1.93096e+06,97.9093
2,21,Linear,GPU,1.93086e+06,1.93096e+06,97.9093
2,21,gate_update,GPU,1.93096e+06,1.93096e+06,0
2,21,moe_scatter,GPU,1.93096e+06,1.93096e+06,0
2,21,sync_for_moe_scatter,GPU,1.93096e+06,1.93096e+06,0
2,21,sync__set,GPU,1.93096e+06,1.93096e+06,0
2,21,sync__,GPU,1.93096e+06,1.93096e+06,0
2,21,moe_route,GPU,1.93096e+06,1.93096e+06,0
2,21,expert_FFN_4,GPU,1.93096e+06,1.95734e+06,26379.6
2,21,gate_proj,GPU,1.93096e+06,1.93973e+06,8778.23
2,21,Linear,Logic,1.93096e+06,1.93973e+06,8778.23
2,21,activation,Logic,1.93973e+06,1.93978e+06,44.9069
2,21,up_proj,GPU,1.93978e+06,1.94856e+06,8778.23
2,21,Linear,Logic,1.93978e+06,1.94856e+06,8778.23
2,21,down_proj,GPU,1.94856e+06,1.95734e+06,8778.23
2,21,Linear,Logic,1.94856e+06,1.95734e+06,8778.23
2,21,expert_FFN_5,GPU,1.95734e+06,1.9837e+06,26364.9
2,21,gate_proj,GPU,1.95734e+06,1.96611e+06,8775.48
2,21,Linear,Logic,1.95734e+06,1.96611e+06,8775.48
2,21,activation,Logic,1.96611e+06,1.96615e+06,38.4916
2,21,up_proj,GPU,1.96615e+06,1.97493e+06,8775.48
2,21,Linear,Logic,1.96615e+06,1.97493e+06,8775.48
2,21,down_proj,GPU,1.97493e+06,1.9837e+06,8775.48
2,21,Linear,Logic,1.97493e+06,1.9837e+06,8775.48
2,21,sync_2,GPU,1.9837e+06,2.00012e+06,16418.5
2,21,sync__set,GPU,1.9837e+06,1.9837e+06,0
2,21,sync__,GPU,1.9837e+06,2.00012e+06,16418.5
2,21,moe_all_reduce_for_e_tp,GPU,2.00012e+06,2.00012e+06,0
2,21,sync_3,GPU,2.00012e+06,2.00012e+06,0
2,21,sync__set,GPU,2.00012e+06,2.00012e+06,0
2,21,sync__,GPU,2.00012e+06,2.00012e+06,0
2,21,moe_gather,GPU,2.00012e+06,2.00012e+06,0
2,21,sync_for_moe_gather,GPU,2.00012e+06,2.00012e+06,0
2,21,sync__set,GPU,2.00012e+06,2.00012e+06,0
2,21,sync__,GPU,2.00012e+06,2.00012e+06,0
2,21,moe_all_reduce_for_gather,GPU,2.00012e+06,2.00536e+06,5236.91
2,21,sync_5,GPU,2.00536e+06,2.00536e+06,0
2,21,sync__set,GPU,2.00536e+06,2.00536e+06,0
2,21,sync__,GPU,2.00536e+06,2.00536e+06,0
2,21,sync_6,GPU,2.00536e+06,2.00536e+06,0
2,21,sync__set,GPU,2.00536e+06,2.00536e+06,0
2,21,sync__,GPU,2.00536e+06,2.00536e+06,0
2,21,residual_2,GPU,2.00536e+06,2.00552e+06,158.854
2,22,MoE_decoder_22,GPU,2.00552e+06,2.09096e+06,85445.6
2,22,input_layer_norm,GPU,2.00552e+06,2.00567e+06,158.854
2,22,attention,GPU,2.00567e+06,2.02262e+06,16945.7
2,22,attn_qkv_proj,GPU,2.00567e+06,2.00954e+06,3861.38
2,22,Linear,GPU,2.00567e+06,2.00954e+06,3861.38
2,22,self_attention,GPU,2.00954e+06,2.01478e+06,5247.08
2,22,AttentionSplit,GPU,2.00954e+06,2.00954e+06,0
2,22,AttentionSum,Logic,2.00954e+06,2.00954e+06,0
2,22,AttentionGen,Logic,2.00954e+06,2.01478e+06,5247.08
2,22,AttentionMerge,GPU,2.01478e+06,2.01478e+06,0
2,22,attn_o_proj,GPU,2.01478e+06,2.01738e+06,2600.32
2,22,Linear,GPU,2.01478e+06,2.01738e+06,2600.32
2,22,all_reduce,GPU,2.01738e+06,2.02262e+06,5236.91
2,22,residual_1,GPU,2.02262e+06,2.02278e+06,158.854
2,22,post_attn_layer_norm,GPU,2.02278e+06,2.02294e+06,158.854
2,22,expertFFN,GPU,2.02294e+06,2.0908e+06,67864.5
2,22,sync_0,GPU,2.02294e+06,2.02294e+06,0
2,22,sync__set,GPU,2.02294e+06,2.02294e+06,0
2,22,sync__,GPU,2.02294e+06,2.02294e+06,0
2,22,gate_fn,GPU,2.02294e+06,2.02304e+06,97.9093
2,22,Linear,GPU,2.02294e+06,2.02304e+06,97.9093
2,22,gate_update,GPU,2.02304e+06,2.02304e+06,0
2,22,moe_scatter,GPU,2.02304e+06,2.02304e+06,0
2,22,sync_for_moe_scatter,GPU,2.02304e+06,2.02304e+06,0
2,22,sync__set,GPU,2.02304e+06,2.02304e+06,0
2,22,sync__,GPU,2.02304e+06,2.02304e+06,0
2,22,moe_route,GPU,2.02304e+06,2.02304e+06,0
2,22,expert_FFN_4,GPU,2.02304e+06,2.05265e+06,29619.3
2,22,gate_proj,GPU,2.02304e+06,2.03289e+06,9853.86
2,22,Linear,Logic,2.02304e+06,2.03289e+06,9853.86
2,22,activation,Logic,2.03289e+06,2.03295e+06,57.7375
2,22,up_proj,GPU,2.03295e+06,2.0428e+06,9853.86
2,22,Linear,Logic,2.03295e+06,2.0428e+06,9853.86
2,22,down_proj,GPU,2.0428e+06,2.05265e+06,9853.86
2,22,Linear,Logic,2.0428e+06,2.05265e+06,9853.86
2,22,expert_FFN_5,GPU,2.05265e+06,2.08557e+06,32910.4
2,22,gate_proj,GPU,2.05265e+06,2.0636e+06,10948.7
2,22,Linear,Logic,2.05265e+06,2.0636e+06,10948.7
2,22,activation,Logic,2.0636e+06,2.06367e+06,64.1527
2,22,up_proj,GPU,2.06367e+06,2.07462e+06,10948.7
2,22,Linear,Logic,2.06367e+06,2.07462e+06,10948.7
2,22,down_proj,GPU,2.07462e+06,2.08557e+06,10948.7
2,22,Linear,Logic,2.07462e+06,2.08557e+06,10948.7
2,22,sync_2,GPU,2.08557e+06,2.08557e+06,0
2,22,sync__set,GPU,2.08557e+06,2.08557e+06,0
2,22,sync__,GPU,2.08557e+06,2.08557e+06,0
2,22,moe_all_reduce_for_e_tp,GPU,2.08557e+06,2.08557e+06,0
2,22,sync_3,GPU,2.08557e+06,2.08557e+06,0
2,22,sync__set,GPU,2.08557e+06,2.08557e+06,0
2,22,sync__,GPU,2.08557e+06,2.08557e+06,0
2,22,moe_gather,GPU,2.08557e+06,2.08557e+06,0
2,22,sync_for_moe_gather,GPU,2.08557e+06,2.08557e+06,0
2,22,sync__set,GPU,2.08557e+06,2.08557e+06,0
2,22,sync__,GPU,2.08557e+06,2.08557e+06,0
2,22,moe_all_reduce_for_gather,GPU,2.08557e+06,2.0908e+06,5236.91
2,22,sync_5,GPU,2.0908e+06,2.0908e+06,0
2,22,sync__set,GPU,2.0908e+06,2.0908e+06,0
2,22,sync__,GPU,2.0908e+06,2.0908e+06,0
2,22,sync_6,GPU,2.0908e+06,2.0908e+06,0
2,22,sync__set,GPU,2.0908e+06,2.0908e+06,0
2,22,sync__,GPU,2.0908e+06,2.0908e+06,0
2,22,residual_2,GPU,2.0908e+06,2.09096e+06,158.854
2,23,MoE_decoder_23,GPU,2.09096e+06,2.17975e+06,88788
2,23,input_layer_norm,GPU,2.09096e+06,2.09112e+06,158.854
2,23,attention,GPU,2.09112e+06,2.10807e+06,16945.7
2,23,attn_qkv_proj,GPU,2.09112e+06,2.09498e+06,3861.38
2,23,Linear,GPU,2.09112e+06,2.09498e+06,3861.38
2,23,self_attention,GPU,2.09498e+06,2.10023e+06,5247.08
2,23,AttentionSplit,GPU,2.09498e+06,2.09498e+06,0
2,23,AttentionSum,Logic,2.09498e+06,2.09498e+06,0
2,23,AttentionGen,Logic,2.09498e+06,2.10023e+06,5247.08
2,23,AttentionMerge,GPU,2.10023e+06,2.10023e+06,0
2,23,attn_o_proj,GPU,2.10023e+06,2.10283e+06,2600.32
2,23,Linear,GPU,2.10023e+06,2.10283e+06,2600.32
2,23,all_reduce,GPU,2.10283e+06,2.10807e+06,5236.91
2,23,residual_1,GPU,2.10807e+06,2.10822e+06,158.854
2,23,post_attn_layer_norm,GPU,2.10822e+06,2.10838e+06,158.854
2,23,expertFFN,GPU,2.10838e+06,2.17959e+06,71206.9
2,23,sync_0,GPU,2.10838e+06,2.10838e+06,0
2,23,sync__set,GPU,2.10838e+06,2.10838e+06,0
2,23,sync__,GPU,2.10838e+06,2.10838e+06,0
2,23,gate_fn,GPU,2.10838e+06,2.10848e+06,97.9093
2,23,Linear,GPU,2.10838e+06,2.10848e+06,97.9093
2,23,gate_update,GPU,2.10848e+06,2.10848e+06,0
2,23,moe_scatter,GPU,2.10848e+06,2.10848e+06,0
2,23,sync_for_moe_scatter,GPU,2.10848e+06,2.10848e+06,0
2,23,sync__set,GPU,2.10848e+06,2.10848e+06,0
2,23,sync__,GPU,2.10848e+06,2.10848e+06,0
2,23,moe_route,GPU,2.10848e+06,2.10848e+06,0
2,23,expert_FFN_4,GPU,2.10848e+06,2.13486e+06,26379.6
2,23,gate_proj,GPU,2.10848e+06,2.11726e+06,8778.23
2,23,Linear,Logic,2.10848e+06,2.11726e+06,8778.23
2,23,activation,Logic,2.11726e+06,2.1173e+06,44.9069
2,23,up_proj,GPU,2.1173e+06,2.12608e+06,8778.23
2,23,Linear,Logic,2.1173e+06,2.12608e+06,8778.23
2,23,down_proj,GPU,2.12608e+06,2.13486e+06,8778.23
2,23,Linear,Logic,2.12608e+06,2.13486e+06,8778.23
2,23,expert_FFN_5,GPU,2.13486e+06,2.17435e+06,39492.4
2,23,gate_proj,GPU,2.13486e+06,2.148e+06,13138.5
2,23,Linear,Logic,2.13486e+06,2.148e+06,13138.5
2,23,activation,Logic,2.148e+06,2.14808e+06,76.9833
2,23,up_proj,GPU,2.14808e+06,2.16121e+06,13138.5
2,23,Linear,Logic,2.14808e+06,2.16121e+06,13138.5
2,23,down_proj,GPU,2.16121e+06,2.17435e+06,13138.5
2,23,Linear,Logic,2.16121e+06,2.17435e+06,13138.5
2,23,sync_2,GPU,2.17435e+06,2.17435e+06,0
2,23,sync__set,GPU,2.17435e+06,2.17435e+06,0
2,23,sync__,GPU,2.17435e+06,2.17435e+06,0
2,23,moe_all_reduce_for_e_tp,GPU,2.17435e+06,2.17435e+06,0
2,23,sync_3,GPU,2.17435e+06,2.17435e+06,0
2,23,sync__set,GPU,2.17435e+06,2.17435e+06,0
2,23,sync__,GPU,2.17435e+06,2.17435e+06,0
2,23,moe_gather,GPU,2.17435e+06,2.17435e+06,0
2,23,sync_for_moe_gather,GPU,2.17435e+06,2.17435e+06,0
2,23,sync__set,GPU,2.17435e+06,2.17435e+06,0
2,23,sync__,GPU,2.17435e+06,2.17435e+06,0
2,23,moe_all_reduce_for_gather,GPU,2.17435e+06,2.17959e+06,5236.91
2,23,sync_5,GPU,2.17959e+06,2.17959e+06,0
2,23,sync__set,GPU,2.17959e+06,2.17959e+06,0
2,23,sync__,GPU,2.17959e+06,2.17959e+06,0
2,23,sync_6,GPU,2.17959e+06,2.17959e+06,0
2,23,sync__set,GPU,2.17959e+06,2.17959e+06,0
2,23,sync__,GPU,2.17959e+06,2.17959e+06,0
2,23,residual_2,GPU,2.17959e+06,2.17975e+06,158.854
2,24,MoE_decoder_24,GPU,2.17975e+06,2.26849e+06,88736.6
2,24,input_layer_norm,GPU,2.17975e+06,2.17991e+06,158.854
2,24,attention,GPU,2.17991e+06,2.19685e+06,16945.7
2,24,attn_qkv_proj,GPU,2.17991e+06,2.18377e+06,3861.38
2,24,Linear,GPU,2.17991e+06,2.18377e+06,3861.38
2,24,self_attention,GPU,2.18377e+06,2.18902e+06,5247.08
2,24,AttentionSplit,GPU,2.18377e+06,2.18377e+06,0
2,24,AttentionSum,Logic,2.18377e+06,2.18377e+06,0
2,24,AttentionGen,Logic,2.18377e+06,2.18902e+06,5247.08
2,24,AttentionMerge,GPU,2.18902e+06,2.18902e+06,0
2,24,attn_o_proj,GPU,2.18902e+06,2.19162e+06,2600.32
2,24,Linear,GPU,2.18902e+06,2.19162e+06,2600.32
2,24,all_reduce,GPU,2.19162e+06,2.19685e+06,5236.91
2,24,residual_1,GPU,2.19685e+06,2.19701e+06,158.854
2,24,post_attn_layer_norm,GPU,2.19701e+06,2.19717e+06,158.854
2,24,expertFFN,GPU,2.19717e+06,2.26833e+06,71155.5
2,24,sync_0,GPU,2.19717e+06,2.19717e+06,0
2,24,sync__set,GPU,2.19717e+06,2.19717e+06,0
2,24,sync__,GPU,2.19717e+06,2.19717e+06,0
2,24,gate_fn,GPU,2.19717e+06,2.19727e+06,97.9093
2,24,Linear,GPU,2.19717e+06,2.19727e+06,97.9093
2,24,gate_update,GPU,2.19727e+06,2.19727e+06,0
2,24,moe_scatter,GPU,2.19727e+06,2.19727e+06,0
2,24,sync_for_moe_scatter,GPU,2.19727e+06,2.19727e+06,0
2,24,sync__set,GPU,2.19727e+06,2.19727e+06,0
2,24,sync__,GPU,2.19727e+06,2.19727e+06,0
2,24,moe_route,GPU,2.19727e+06,2.19727e+06,0
2,24,expert_FFN_4,GPU,2.19727e+06,2.22363e+06,26364.9
2,24,gate_proj,GPU,2.19727e+06,2.20604e+06,8775.48
2,24,Linear,Logic,2.19727e+06,2.20604e+06,8775.48
2,24,activation,Logic,2.20604e+06,2.20608e+06,38.4916
2,24,up_proj,GPU,2.20608e+06,2.21486e+06,8775.48
2,24,Linear,Logic,2.20608e+06,2.21486e+06,8775.48
2,24,down_proj,GPU,2.21486e+06,2.22363e+06,8775.48
2,24,Linear,Logic,2.21486e+06,2.22363e+06,8775.48
2,24,expert_FFN_5,GPU,2.22363e+06,2.25003e+06,26394.3
2,24,gate_proj,GPU,2.22363e+06,2.23242e+06,8780.98
2,24,Linear,Logic,2.22363e+06,2.23242e+06,8780.98
2,24,activation,Logic,2.23242e+06,2.23247e+06,51.3222
2,24,up_proj,GPU,2.23247e+06,2.24125e+06,8780.98
2,24,Linear,Logic,2.23247e+06,2.24125e+06,8780.98
2,24,down_proj,GPU,2.24125e+06,2.25003e+06,8780.98
2,24,Linear,Logic,2.24125e+06,2.25003e+06,8780.98
2,24,sync_2,GPU,2.25003e+06,2.26309e+06,13061.5
2,24,sync__set,GPU,2.25003e+06,2.25003e+06,0
2,24,sync__,GPU,2.25003e+06,2.26309e+06,13061.5
2,24,moe_all_reduce_for_e_tp,GPU,2.26309e+06,2.26309e+06,0
2,24,sync_3,GPU,2.26309e+06,2.26309e+06,0
2,24,sync__set,GPU,2.26309e+06,2.26309e+06,0
2,24,sync__,GPU,2.26309e+06,2.26309e+06,0
2,24,moe_gather,GPU,2.26309e+06,2.26309e+06,0
2,24,sync_for_moe_gather,GPU,2.26309e+06,2.26309e+06,0
2,24,sync__set,GPU,2.26309e+06,2.26309e+06,0
2,24,sync__,GPU,2.26309e+06,2.26309e+06,0
2,24,moe_all_reduce_for_gather,GPU,2.26309e+06,2.26833e+06,5236.91
2,24,sync_5,GPU,2.26833e+06,2.26833e+06,0
2,24,sync__set,GPU,2.26833e+06,2.26833e+06,0
2,24,sync__,GPU,2.26833e+06,2.26833e+06,0
2,24,sync_6,GPU,2.26833e+06,2.26833e+06,0
2,24,sync__set,GPU,2.26833e+06,2.26833e+06,0
2,24,sync__,GPU,2.26833e+06,2.26833e+06,0
2,24,residual_2,GPU,2.26833e+06,2.26849e+06,158.854
2,25,MoE_decoder_25,GPU,2.26849e+06,2.37044e+06,101952
2,25,input_layer_norm,GPU,2.26849e+06,2.26864e+06,158.854
2,25,attention,GPU,2.26864e+06,2.28559e+06,16945.7
2,25,attn_qkv_proj,GPU,2.26864e+06,2.27251e+06,3861.38
2,25,Linear,GPU,2.26864e+06,2.27251e+06,3861.38
2,25,self_attention,GPU,2.27251e+06,2.27775e+06,5247.08
2,25,AttentionSplit,GPU,2.27251e+06,2.27251e+06,0
2,25,AttentionSum,Logic,2.27251e+06,2.27251e+06,0
2,25,AttentionGen,Logic,2.27251e+06,2.27775e+06,5247.08
2,25,AttentionMerge,GPU,2.27775e+06,2.27775e+06,0
2,25,attn_o_proj,GPU,2.27775e+06,2.28035e+06,2600.32
2,25,Linear,GPU,2.27775e+06,2.28035e+06,2600.32
2,25,all_reduce,GPU,2.28035e+06,2.28559e+06,5236.91
2,25,residual_1,GPU,2.28559e+06,2.28575e+06,158.854
2,25,post_attn_layer_norm,GPU,2.28575e+06,2.28591e+06,158.854
2,25,expertFFN,GPU,2.28591e+06,2.37028e+06,84371
2,25,sync_0,GPU,2.28591e+06,2.28591e+06,0
2,25,sync__set,GPU,2.28591e+06,2.28591e+06,0
2,25,sync__,GPU,2.28591e+06,2.28591e+06,0
2,25,gate_fn,GPU,2.28591e+06,2.28601e+06,97.9093
2,25,Linear,GPU,2.28591e+06,2.28601e+06,97.9093
2,25,gate_update,GPU,2.28601e+06,2.28601e+06,0
2,25,moe_scatter,GPU,2.28601e+06,2.28601e+06,0
2,25,sync_for_moe_scatter,GPU,2.28601e+06,2.28601e+06,0
2,25,sync__set,GPU,2.28601e+06,2.28601e+06,0
2,25,sync__,GPU,2.28601e+06,2.28601e+06,0
2,25,moe_route,GPU,2.28601e+06,2.28601e+06,0
2,25,expert_FFN_4,GPU,2.28601e+06,2.3124e+06,26394.3
2,25,gate_proj,GPU,2.28601e+06,2.29479e+06,8780.98
2,25,Linear,Logic,2.28601e+06,2.29479e+06,8780.98
2,25,activation,Logic,2.29479e+06,2.29484e+06,51.3222
2,25,up_proj,GPU,2.29484e+06,2.30362e+06,8780.98
2,25,Linear,Logic,2.29484e+06,2.30362e+06,8780.98
2,25,down_proj,GPU,2.30362e+06,2.3124e+06,8780.98
2,25,Linear,Logic,2.30362e+06,2.3124e+06,8780.98
2,25,expert_FFN_5,GPU,2.3124e+06,2.33878e+06,26379.6
2,25,gate_proj,GPU,2.3124e+06,2.32118e+06,8778.23
2,25,Linear,Logic,2.3124e+06,2.32118e+06,8778.23
2,25,activation,Logic,2.32118e+06,2.32122e+06,44.9069
2,25,up_proj,GPU,2.32122e+06,2.33e+06,8778.23
2,25,Linear,Logic,2.32122e+06,2.33e+06,8778.23
2,25,down_proj,GPU,2.33e+06,2.33878e+06,8778.23
2,25,Linear,Logic,2.33e+06,2.33878e+06,8778.23
2,25,sync_2,GPU,2.33878e+06,2.36504e+06,26262.3
2,25,sync__set,GPU,2.33878e+06,2.33878e+06,0
2,25,sync__,GPU,2.33878e+06,2.36504e+06,26262.3
2,25,moe_all_reduce_for_e_tp,GPU,2.36504e+06,2.36504e+06,0
2,25,sync_3,GPU,2.36504e+06,2.36504e+06,0
2,25,sync__set,GPU,2.36504e+06,2.36504e+06,0
2,25,sync__,GPU,2.36504e+06,2.36504e+06,0
2,25,moe_gather,GPU,2.36504e+06,2.36504e+06,0
2,25,sync_for_moe_gather,GPU,2.36504e+06,2.36504e+06,0
2,25,sync__set,GPU,2.36504e+06,2.36504e+06,0
2,25,sync__,GPU,2.36504e+06,2.36504e+06,0
2,25,moe_all_reduce_for_gather,GPU,2.36504e+06,2.37028e+06,5236.91
2,25,sync_5,GPU,2.37028e+06,2.37028e+06,0
2,25,sync__set,GPU,2.37028e+06,2.37028e+06,0
2,25,sync__,GPU,2.37028e+06,2.37028e+06,0
2,25,sync_6,GPU,2.37028e+06,2.37028e+06,0
2,25,sync__set,GPU,2.37028e+06,2.37028e+06,0
2,25,sync__,GPU,2.37028e+06,2.37028e+06,0
2,25,residual_2,GPU,2.37028e+06,2.37044e+06,158.854
2,26,MoE_decoder_26,GPU,2.37044e+06,2.47563e+06,105192
2,26,input_layer_norm,GPU,2.37044e+06,2.3706e+06,158.854
2,26,attention,GPU,2.3706e+06,2.38754e+06,16945.7
2,26,attn_qkv_proj,GPU,2.3706e+06,2.37446e+06,3861.38
2,26,Linear,GPU,2.3706e+06,2.37446e+06,3861.38
2,26,self_attention,GPU,2.37446e+06,2.37971e+06,5247.08
2,26,AttentionSplit,GPU,2.37446e+06,2.37446e+06,0
2,26,AttentionSum,Logic,2.37446e+06,2.37446e+06,0
2,26,AttentionGen,Logic,2.37446e+06,2.37971e+06,5247.08
2,26,AttentionMerge,GPU,2.37971e+06,2.37971e+06,0
2,26,attn_o_proj,GPU,2.37971e+06,2.38231e+06,2600.32
2,26,Linear,GPU,2.37971e+06,2.38231e+06,2600.32
2,26,all_reduce,GPU,2.38231e+06,2.38754e+06,5236.91
2,26,residual_1,GPU,2.38754e+06,2.3877e+06,158.854
2,26,post_attn_layer_norm,GPU,2.3877e+06,2.38786e+06,158.854
2,26,expertFFN,GPU,2.38786e+06,2.47547e+06,87610.7
2,26,sync_0,GPU,2.38786e+06,2.38786e+06,0
2,26,sync__set,GPU,2.38786e+06,2.38786e+06,0
2,26,sync__,GPU,2.38786e+06,2.38786e+06,0
2,26,gate_fn,GPU,2.38786e+06,2.38796e+06,97.9093
2,26,Linear,GPU,2.38786e+06,2.38796e+06,97.9093
2,26,gate_update,GPU,2.38796e+06,2.38796e+06,0
2,26,moe_scatter,GPU,2.38796e+06,2.38796e+06,0
2,26,sync_for_moe_scatter,GPU,2.38796e+06,2.38796e+06,0
2,26,sync__set,GPU,2.38796e+06,2.38796e+06,0
2,26,sync__,GPU,2.38796e+06,2.38796e+06,0
2,26,moe_route,GPU,2.38796e+06,2.38796e+06,0
2,26,expert_FFN_4,GPU,2.38796e+06,2.41432e+06,26364.9
2,26,gate_proj,GPU,2.38796e+06,2.39673e+06,8775.48
2,26,Linear,Logic,2.38796e+06,2.39673e+06,8775.48
2,26,activation,Logic,2.39673e+06,2.39677e+06,38.4916
2,26,up_proj,GPU,2.39677e+06,2.40555e+06,8775.48
2,26,Linear,Logic,2.39677e+06,2.40555e+06,8775.48
2,26,down_proj,GPU,2.40555e+06,2.41432e+06,8775.48
2,26,Linear,Logic,2.40555e+06,2.41432e+06,8775.48
2,26,expert_FFN_5,GPU,2.41432e+06,2.44067e+06,26350.3
2,26,gate_proj,GPU,2.41432e+06,2.4231e+06,8772.74
2,26,Linear,Logic,2.41432e+06,2.4231e+06,8772.74
2,26,activation,Logic,2.4231e+06,2.42313e+06,32.0764
2,26,up_proj,GPU,2.42313e+06,2.4319e+06,8772.74
2,26,Linear,Logic,2.42313e+06,2.4319e+06,8772.74
2,26,down_proj,GPU,2.4319e+06,2.44067e+06,8772.74
2,26,Linear,Logic,2.4319e+06,2.44067e+06,8772.74
2,26,sync_2,GPU,2.44067e+06,2.47023e+06,29560.7
2,26,sync__set,GPU,2.44067e+06,2.44067e+06,0
2,26,sync__,GPU,2.44067e+06,2.47023e+06,29560.7
2,26,moe_all_reduce_for_e_tp,GPU,2.47023e+06,2.47023e+06,0
2,26,sync_3,GPU,2.47023e+06,2.47023e+06,0
2,26,sync__set,GPU,2.47023e+06,2.47023e+06,0
2,26,sync__,GPU,2.47023e+06,2.47023e+06,0
2,26,moe_gather,GPU,2.47023e+06,2.47023e+06,0
2,26,sync_for_moe_gather,GPU,2.47023e+06,2.47023e+06,0
2,26,sync__set,GPU,2.47023e+06,2.47023e+06,0
2,26,sync__,GPU,2.47023e+06,2.47023e+06,0
2,26,moe_all_reduce_for_gather,GPU,2.47023e+06,2.47547e+06,5236.91
2,26,sync_5,GPU,2.47547e+06,2.47547e+06,0
2,26,sync__set,GPU,2.47547e+06,2.47547e+06,0
2,26,sync__,GPU,2.47547e+06,2.47547e+06,0
2,26,sync_6,GPU,2.47547e+06,2.47547e+06,0
2,26,sync__set,GPU,2.47547e+06,2.47547e+06,0
2,26,sync__,GPU,2.47547e+06,2.47547e+06,0
2,26,residual_2,GPU,2.47547e+06,2.47563e+06,158.854
2,27,MoE_decoder_27,GPU,2.47563e+06,2.55782e+06,82191.2
2,27,input_layer_norm,GPU,2.47563e+06,2.47579e+06,158.854
2,27,attention,GPU,2.47579e+06,2.49273e+06,16945.7
2,27,attn_qkv_proj,GPU,2.47579e+06,2.47965e+06,3861.38
2,27,Linear,GPU,2.47579e+06,2.47965e+06,3861.38
2,27,self_attention,GPU,2.47965e+06,2.4849e+06,5247.08
2,27,AttentionSplit,GPU,2.47965e+06,2.47965e+06,0
2,27,AttentionSum,Logic,2.47965e+06,2.47965e+06,0
2,27,AttentionGen,Logic,2.47965e+06,2.4849e+06,5247.08
2,27,AttentionMerge,GPU,2.4849e+06,2.4849e+06,0
2,27,attn_o_proj,GPU,2.4849e+06,2.4875e+06,2600.32
2,27,Linear,GPU,2.4849e+06,2.4875e+06,2600.32
2,27,all_reduce,GPU,2.4875e+06,2.49273e+06,5236.91
2,27,residual_1,GPU,2.49273e+06,2.49289e+06,158.854
2,27,post_attn_layer_norm,GPU,2.49289e+06,2.49305e+06,158.854
2,27,expertFFN,GPU,2.49305e+06,2.55766e+06,64610.1
2,27,sync_0,GPU,2.49305e+06,2.49305e+06,0
2,27,sync__set,GPU,2.49305e+06,2.49305e+06,0
2,27,sync__,GPU,2.49305e+06,2.49305e+06,0
2,27,gate_fn,GPU,2.49305e+06,2.49315e+06,97.9093
2,27,Linear,GPU,2.49305e+06,2.49315e+06,97.9093
2,27,gate_update,GPU,2.49315e+06,2.49315e+06,0
2,27,moe_scatter,GPU,2.49315e+06,2.49315e+06,0
2,27,sync_for_moe_scatter,GPU,2.49315e+06,2.49315e+06,0
2,27,sync__set,GPU,2.49315e+06,2.49315e+06,0
2,27,sync__,GPU,2.49315e+06,2.49315e+06,0
2,27,moe_route,GPU,2.49315e+06,2.49315e+06,0
2,27,expert_FFN_4,GPU,2.49315e+06,2.51954e+06,26394.3
2,27,gate_proj,GPU,2.49315e+06,2.50193e+06,8780.98
2,27,Linear,Logic,2.49315e+06,2.50193e+06,8780.98
2,27,activation,Logic,2.50193e+06,2.50198e+06,51.3222
2,27,up_proj,GPU,2.50198e+06,2.51076e+06,8780.98
2,27,Linear,Logic,2.50198e+06,2.51076e+06,8780.98
2,27,down_proj,GPU,2.51076e+06,2.51954e+06,8780.98
2,27,Linear,Logic,2.51076e+06,2.51954e+06,8780.98
2,27,expert_FFN_5,GPU,2.51954e+06,2.54916e+06,29619.3
2,27,gate_proj,GPU,2.51954e+06,2.5294e+06,9853.86
2,27,Linear,Logic,2.51954e+06,2.5294e+06,9853.86
2,27,activation,Logic,2.5294e+06,2.52946e+06,57.7375
2,27,up_proj,GPU,2.52946e+06,2.53931e+06,9853.86
2,27,Linear,Logic,2.52946e+06,2.53931e+06,9853.86
2,27,down_proj,GPU,2.53931e+06,2.54916e+06,9853.86
2,27,Linear,Logic,2.53931e+06,2.54916e+06,9853.86
2,27,sync_2,GPU,2.54916e+06,2.55243e+06,3261.71
2,27,sync__set,GPU,2.54916e+06,2.54916e+06,0
2,27,sync__,GPU,2.54916e+06,2.55243e+06,3261.71
2,27,moe_all_reduce_for_e_tp,GPU,2.55243e+06,2.55243e+06,0
2,27,sync_3,GPU,2.55243e+06,2.55243e+06,0
2,27,sync__set,GPU,2.55243e+06,2.55243e+06,0
2,27,sync__,GPU,2.55243e+06,2.55243e+06,0
2,27,moe_gather,GPU,2.55243e+06,2.55243e+06,0
2,27,sync_for_moe_gather,GPU,2.55243e+06,2.55243e+06,0
2,27,sync__set,GPU,2.55243e+06,2.55243e+06,0
2,27,sync__,GPU,2.55243e+06,2.55243e+06,0
2,27,moe_all_reduce_for_gather,GPU,2.55243e+06,2.55766e+06,5236.91
2,27,sync_5,GPU,2.55766e+06,2.55766e+06,0
2,27,sync__set,GPU,2.55766e+06,2.55766e+06,0
2,27,sync__,GPU,2.55766e+06,2.55766e+06,0
2,27,sync_6,GPU,2.55766e+06,2.55766e+06,0
2,27,sync__set,GPU,2.55766e+06,2.55766e+06,0
2,27,sync__,GPU,2.55766e+06,2.55766e+06,0
2,27,residual_2,GPU,2.55766e+06,2.55782e+06,158.854
2,28,MoE_decoder_28,GPU,2.55782e+06,2.64327e+06,85445.6
2,28,input_layer_norm,GPU,2.55782e+06,2.55798e+06,158.854
2,28,attention,GPU,2.55798e+06,2.57493e+06,16945.7
2,28,attn_qkv_proj,GPU,2.55798e+06,2.56184e+06,3861.38
2,28,Linear,GPU,2.55798e+06,2.56184e+06,3861.38
2,28,self_attention,GPU,2.56184e+06,2.56709e+06,5247.08
2,28,AttentionSplit,GPU,2.56184e+06,2.56184e+06,0
2,28,AttentionSum,Logic,2.56184e+06,2.56184e+06,0
2,28,AttentionGen,Logic,2.56184e+06,2.56709e+06,5247.08
2,28,AttentionMerge,GPU,2.56709e+06,2.56709e+06,0
2,28,attn_o_proj,GPU,2.56709e+06,2.56969e+06,2600.32
2,28,Linear,GPU,2.56709e+06,2.56969e+06,2600.32
2,28,all_reduce,GPU,2.56969e+06,2.57493e+06,5236.91
2,28,residual_1,GPU,2.57493e+06,2.57508e+06,158.854
2,28,post_attn_layer_norm,GPU,2.57508e+06,2.57524e+06,158.854
2,28,expertFFN,GPU,2.57524e+06,2.64311e+06,67864.5
2,28,sync_0,GPU,2.57524e+06,2.57524e+06,0
2,28,sync__set,GPU,2.57524e+06,2.57524e+06,0
2,28,sync__,GPU,2.57524e+06,2.57524e+06,0
2,28,gate_fn,GPU,2.57524e+06,2.57534e+06,97.9093
2,28,Linear,GPU,2.57524e+06,2.57534e+06,97.9093
2,28,gate_update,GPU,2.57534e+06,2.57534e+06,0
2,28,moe_scatter,GPU,2.57534e+06,2.57534e+06,0
2,28,sync_for_moe_scatter,GPU,2.57534e+06,2.57534e+06,0
2,28,sync__set,GPU,2.57534e+06,2.57534e+06,0
2,28,sync__,GPU,2.57534e+06,2.57534e+06,0
2,28,moe_route,GPU,2.57534e+06,2.57534e+06,0
2,28,expert_FFN_4,GPU,2.57534e+06,2.60174e+06,26394.3
2,28,gate_proj,GPU,2.57534e+06,2.58412e+06,8780.98
2,28,Linear,Logic,2.57534e+06,2.58412e+06,8780.98
2,28,activation,Logic,2.58412e+06,2.58417e+06,51.3222
2,28,up_proj,GPU,2.58417e+06,2.59295e+06,8780.98
2,28,Linear,Logic,2.58417e+06,2.59295e+06,8780.98
2,28,down_proj,GPU,2.59295e+06,2.60174e+06,8780.98
2,28,Linear,Logic,2.59295e+06,2.60174e+06,8780.98
2,28,expert_FFN_5,GPU,2.60174e+06,2.62811e+06,26379.6
2,28,gate_proj,GPU,2.60174e+06,2.61051e+06,8778.23
2,28,Linear,Logic,2.60174e+06,2.61051e+06,8778.23
2,28,activation,Logic,2.61051e+06,2.61056e+06,44.9069
2,28,up_proj,GPU,2.61056e+06,2.61934e+06,8778.23
2,28,Linear,Logic,2.61056e+06,2.61934e+06,8778.23
2,28,down_proj,GPU,2.61934e+06,2.62811e+06,8778.23
2,28,Linear,Logic,2.61934e+06,2.62811e+06,8778.23
2,28,sync_2,GPU,2.62811e+06,2.63787e+06,9755.8
2,28,sync__set,GPU,2.62811e+06,2.62811e+06,0
2,28,sync__,GPU,2.62811e+06,2.63787e+06,9755.8
2,28,moe_all_reduce_for_e_tp,GPU,2.63787e+06,2.63787e+06,0
2,28,sync_3,GPU,2.63787e+06,2.63787e+06,0
2,28,sync__set,GPU,2.63787e+06,2.63787e+06,0
2,28,sync__,GPU,2.63787e+06,2.63787e+06,0
2,28,moe_gather,GPU,2.63787e+06,2.63787e+06,0
2,28,sync_for_moe_gather,GPU,2.63787e+06,2.63787e+06,0
2,28,sync__set,GPU,2.63787e+06,2.63787e+06,0
2,28,sync__,GPU,2.63787e+06,2.63787e+06,0
2,28,moe_all_reduce_for_gather,GPU,2.63787e+06,2.64311e+06,5236.91
2,28,sync_5,GPU,2.64311e+06,2.64311e+06,0
2,28,sync__set,GPU,2.64311e+06,2.64311e+06,0
2,28,sync__,GPU,2.64311e+06,2.64311e+06,0
2,28,sync_6,GPU,2.64311e+06,2.64311e+06,0
2,28,sync__set,GPU,2.64311e+06,2.64311e+06,0
2,28,sync__,GPU,2.64311e+06,2.64311e+06,0
2,28,residual_2,GPU,2.64311e+06,2.64327e+06,158.854
2,29,MoE_decoder_29,GPU,2.64327e+06,2.73859e+06,95318.7
2,29,input_layer_norm,GPU,2.64327e+06,2.64343e+06,158.854
2,29,attention,GPU,2.64343e+06,2.66037e+06,16945.7
2,29,attn_qkv_proj,GPU,2.64343e+06,2.64729e+06,3861.38
2,29,Linear,GPU,2.64343e+06,2.64729e+06,3861.38
2,29,self_attention,GPU,2.64729e+06,2.65253e+06,5247.08
2,29,AttentionSplit,GPU,2.64729e+06,2.64729e+06,0
2,29,AttentionSum,Logic,2.64729e+06,2.64729e+06,0
2,29,AttentionGen,Logic,2.64729e+06,2.65253e+06,5247.08
2,29,AttentionMerge,GPU,2.65253e+06,2.65253e+06,0
2,29,attn_o_proj,GPU,2.65253e+06,2.65513e+06,2600.32
2,29,Linear,GPU,2.65253e+06,2.65513e+06,2600.32
2,29,all_reduce,GPU,2.65513e+06,2.66037e+06,5236.91
2,29,residual_1,GPU,2.66037e+06,2.66053e+06,158.854
2,29,post_attn_layer_norm,GPU,2.66053e+06,2.66069e+06,158.854
2,29,expertFFN,GPU,2.66069e+06,2.73843e+06,77737.6
2,29,sync_0,GPU,2.66069e+06,2.66069e+06,0
2,29,sync__set,GPU,2.66069e+06,2.66069e+06,0
2,29,sync__,GPU,2.66069e+06,2.66069e+06,0
2,29,gate_fn,GPU,2.66069e+06,2.66079e+06,97.9093
2,29,Linear,GPU,2.66069e+06,2.66079e+06,97.9093
2,29,gate_update,GPU,2.66079e+06,2.66079e+06,0
2,29,moe_scatter,GPU,2.66079e+06,2.66079e+06,0
2,29,sync_for_moe_scatter,GPU,2.66079e+06,2.66079e+06,0
2,29,sync__set,GPU,2.66079e+06,2.66079e+06,0
2,29,sync__,GPU,2.66079e+06,2.66079e+06,0
2,29,moe_route,GPU,2.66079e+06,2.66079e+06,0
2,29,expert_FFN_4,GPU,2.66079e+06,2.68715e+06,26364.9
2,29,gate_proj,GPU,2.66079e+06,2.66956e+06,8775.48
2,29,Linear,Logic,2.66079e+06,2.66956e+06,8775.48
2,29,activation,Logic,2.66956e+06,2.6696e+06,38.4916
2,29,up_proj,GPU,2.6696e+06,2.67838e+06,8775.48
2,29,Linear,Logic,2.6696e+06,2.67838e+06,8775.48
2,29,down_proj,GPU,2.67838e+06,2.68715e+06,8775.48
2,29,Linear,Logic,2.67838e+06,2.68715e+06,8775.48
2,29,expert_FFN_5,GPU,2.68715e+06,2.71355e+06,26394.3
2,29,gate_proj,GPU,2.68715e+06,2.69593e+06,8780.98
2,29,Linear,Logic,2.68715e+06,2.69593e+06,8780.98
2,29,activation,Logic,2.69593e+06,2.69598e+06,51.3222
2,29,up_proj,GPU,2.69598e+06,2.70476e+06,8780.98
2,29,Linear,Logic,2.69598e+06,2.70476e+06,8780.98
2,29,down_proj,GPU,2.70476e+06,2.71355e+06,8780.98
2,29,Linear,Logic,2.70476e+06,2.71355e+06,8780.98
2,29,sync_2,GPU,2.71355e+06,2.73319e+06,19643.6
2,29,sync__set,GPU,2.71355e+06,2.71355e+06,0
2,29,sync__,GPU,2.71355e+06,2.73319e+06,19643.6
2,29,moe_all_reduce_for_e_tp,GPU,2.73319e+06,2.73319e+06,0
2,29,sync_3,GPU,2.73319e+06,2.73319e+06,0
2,29,sync__set,GPU,2.73319e+06,2.73319e+06,0
2,29,sync__,GPU,2.73319e+06,2.73319e+06,0
2,29,moe_gather,GPU,2.73319e+06,2.73319e+06,0
2,29,sync_for_moe_gather,GPU,2.73319e+06,2.73319e+06,0
2,29,sync__set,GPU,2.73319e+06,2.73319e+06,0
2,29,sync__,GPU,2.73319e+06,2.73319e+06,0
2,29,moe_all_reduce_for_gather,GPU,2.73319e+06,2.73843e+06,5236.91
2,29,sync_5,GPU,2.73843e+06,2.73843e+06,0
2,29,sync__set,GPU,2.73843e+06,2.73843e+06,0
2,29,sync__,GPU,2.73843e+06,2.73843e+06,0
2,29,sync_6,GPU,2.73843e+06,2.73843e+06,0
2,29,sync__set,GPU,2.73843e+06,2.73843e+06,0
2,29,sync__,GPU,2.73843e+06,2.73843e+06,0
2,29,residual_2,GPU,2.73843e+06,2.73859e+06,158.854
2,30,MoE_decoder_30,GPU,2.73859e+06,2.82736e+06,88773.3
2,30,input_layer_norm,GPU,2.73859e+06,2.73874e+06,158.854
2,30,attention,GPU,2.73874e+06,2.75569e+06,16945.7
2,30,attn_qkv_proj,GPU,2.73874e+06,2.74261e+06,3861.38
2,30,Linear,GPU,2.73874e+06,2.74261e+06,3861.38
2,30,self_attention,GPU,2.74261e+06,2.74785e+06,5247.08
2,30,AttentionSplit,GPU,2.74261e+06,2.74261e+06,0
2,30,AttentionSum,Logic,2.74261e+06,2.74261e+06,0
2,30,AttentionGen,Logic,2.74261e+06,2.74785e+06,5247.08
2,30,AttentionMerge,GPU,2.74785e+06,2.74785e+06,0
2,30,attn_o_proj,GPU,2.74785e+06,2.75045e+06,2600.32
2,30,Linear,GPU,2.74785e+06,2.75045e+06,2600.32
2,30,all_reduce,GPU,2.75045e+06,2.75569e+06,5236.91
2,30,residual_1,GPU,2.75569e+06,2.75585e+06,158.854
2,30,post_attn_layer_norm,GPU,2.75585e+06,2.75601e+06,158.854
2,30,expertFFN,GPU,2.75601e+06,2.8272e+06,71192.2
2,30,sync_0,GPU,2.75601e+06,2.75601e+06,0
2,30,sync__set,GPU,2.75601e+06,2.75601e+06,0
2,30,sync__,GPU,2.75601e+06,2.75601e+06,0
2,30,gate_fn,GPU,2.75601e+06,2.75611e+06,97.9093
2,30,Linear,GPU,2.75601e+06,2.75611e+06,97.9093
2,30,gate_update,GPU,2.75611e+06,2.75611e+06,0
2,30,moe_scatter,GPU,2.75611e+06,2.75611e+06,0
2,30,sync_for_moe_scatter,GPU,2.75611e+06,2.75611e+06,0
2,30,sync__set,GPU,2.75611e+06,2.75611e+06,0
2,30,sync__,GPU,2.75611e+06,2.75611e+06,0
2,30,moe_route,GPU,2.75611e+06,2.75611e+06,0
2,30,expert_FFN_4,GPU,2.75611e+06,2.78248e+06,26379.6
2,30,gate_proj,GPU,2.75611e+06,2.76488e+06,8778.23
2,30,Linear,Logic,2.75611e+06,2.76488e+06,8778.23
2,30,activation,Logic,2.76488e+06,2.76493e+06,44.9069
2,30,up_proj,GPU,2.76493e+06,2.77371e+06,8778.23
2,30,Linear,Logic,2.76493e+06,2.77371e+06,8778.23
2,30,down_proj,GPU,2.77371e+06,2.78248e+06,8778.23
2,30,Linear,Logic,2.77371e+06,2.78248e+06,8778.23
2,30,expert_FFN_5,GPU,2.78248e+06,2.8121e+06,29619.3
2,30,gate_proj,GPU,2.78248e+06,2.79234e+06,9853.86
2,30,Linear,Logic,2.78248e+06,2.79234e+06,9853.86
2,30,activation,Logic,2.79234e+06,2.7924e+06,57.7375
2,30,up_proj,GPU,2.7924e+06,2.80225e+06,9853.86
2,30,Linear,Logic,2.7924e+06,2.80225e+06,9853.86
2,30,down_proj,GPU,2.80225e+06,2.8121e+06,9853.86
2,30,Linear,Logic,2.80225e+06,2.8121e+06,9853.86
2,30,sync_2,GPU,2.8121e+06,2.82196e+06,9858.44
2,30,sync__set,GPU,2.8121e+06,2.8121e+06,0
2,30,sync__,GPU,2.8121e+06,2.82196e+06,9858.44
2,30,moe_all_reduce_for_e_tp,GPU,2.82196e+06,2.82196e+06,0
2,30,sync_3,GPU,2.82196e+06,2.82196e+06,0
2,30,sync__set,GPU,2.82196e+06,2.82196e+06,0
2,30,sync__,GPU,2.82196e+06,2.82196e+06,0
2,30,moe_gather,GPU,2.82196e+06,2.82196e+06,0
2,30,sync_for_moe_gather,GPU,2.82196e+06,2.82196e+06,0
2,30,sync__set,GPU,2.82196e+06,2.82196e+06,0
2,30,sync__,GPU,2.82196e+06,2.82196e+06,0
2,30,moe_all_reduce_for_gather,GPU,2.82196e+06,2.8272e+06,5236.91
2,30,sync_5,GPU,2.8272e+06,2.8272e+06,0
2,30,sync__set,GPU,2.8272e+06,2.8272e+06,0
2,30,sync__,GPU,2.8272e+06,2.8272e+06,0
2,30,sync_6,GPU,2.8272e+06,2.8272e+06,0
2,30,sync__set,GPU,2.8272e+06,2.8272e+06,0
2,30,sync__,GPU,2.8272e+06,2.8272e+06,0
2,30,residual_2,GPU,2.8272e+06,2.82736e+06,158.854
2,31,MoE_decoder_31,GPU,2.82736e+06,2.91613e+06,88773.3
2,31,input_layer_norm,GPU,2.82736e+06,2.82752e+06,158.854
2,31,attention,GPU,2.82752e+06,2.84446e+06,16945.7
2,31,attn_qkv_proj,GPU,2.82752e+06,2.83138e+06,3861.38
2,31,Linear,GPU,2.82752e+06,2.83138e+06,3861.38
2,31,self_attention,GPU,2.83138e+06,2.83663e+06,5247.08
2,31,AttentionSplit,GPU,2.83138e+06,2.83138e+06,0
2,31,AttentionSum,Logic,2.83138e+06,2.83138e+06,0
2,31,AttentionGen,Logic,2.83138e+06,2.83663e+06,5247.08
2,31,AttentionMerge,GPU,2.83663e+06,2.83663e+06,0
2,31,attn_o_proj,GPU,2.83663e+06,2.83923e+06,2600.32
2,31,Linear,GPU,2.83663e+06,2.83923e+06,2600.32
2,31,all_reduce,GPU,2.83923e+06,2.84446e+06,5236.91
2,31,residual_1,GPU,2.84446e+06,2.84462e+06,158.854
2,31,post_attn_layer_norm,GPU,2.84462e+06,2.84478e+06,158.854
2,31,expertFFN,GPU,2.84478e+06,2.91597e+06,71192.2
2,31,sync_0,GPU,2.84478e+06,2.84478e+06,0
2,31,sync__set,GPU,2.84478e+06,2.84478e+06,0
2,31,sync__,GPU,2.84478e+06,2.84478e+06,0
2,31,gate_fn,GPU,2.84478e+06,2.84488e+06,97.9093
2,31,Linear,GPU,2.84478e+06,2.84488e+06,97.9093
2,31,gate_update,GPU,2.84488e+06,2.84488e+06,0
2,31,moe_scatter,GPU,2.84488e+06,2.84488e+06,0
2,31,sync_for_moe_scatter,GPU,2.84488e+06,2.84488e+06,0
2,31,sync__set,GPU,2.84488e+06,2.84488e+06,0
2,31,sync__,GPU,2.84488e+06,2.84488e+06,0
2,31,moe_route,GPU,2.84488e+06,2.84488e+06,0
2,31,expert_FFN_4,GPU,2.84488e+06,2.88437e+06,39492.4
2,31,gate_proj,GPU,2.84488e+06,2.85802e+06,13138.5
2,31,Linear,Logic,2.84488e+06,2.85802e+06,13138.5
2,31,activation,Logic,2.85802e+06,2.85809e+06,76.9833
2,31,up_proj,GPU,2.85809e+06,2.87123e+06,13138.5
2,31,Linear,Logic,2.85809e+06,2.87123e+06,13138.5
2,31,down_proj,GPU,2.87123e+06,2.88437e+06,13138.5
2,31,Linear,Logic,2.87123e+06,2.88437e+06,13138.5
2,31,expert_FFN_5,GPU,2.88437e+06,2.91074e+06,26364.9
2,31,gate_proj,GPU,2.88437e+06,2.89315e+06,8775.48
2,31,Linear,Logic,2.88437e+06,2.89315e+06,8775.48
2,31,activation,Logic,2.89315e+06,2.89318e+06,38.4916
2,31,up_proj,GPU,2.89318e+06,2.90196e+06,8775.48
2,31,Linear,Logic,2.89318e+06,2.90196e+06,8775.48
2,31,down_proj,GPU,2.90196e+06,2.91074e+06,8775.48
2,31,Linear,Logic,2.90196e+06,2.91074e+06,8775.48
2,31,sync_2,GPU,2.91074e+06,2.91074e+06,0
2,31,sync__set,GPU,2.91074e+06,2.91074e+06,0
2,31,sync__,GPU,2.91074e+06,2.91074e+06,0
2,31,moe_all_reduce_for_e_tp,GPU,2.91074e+06,2.91074e+06,0
2,31,sync_3,GPU,2.91074e+06,2.91074e+06,0
2,31,sync__set,GPU,2.91074e+06,2.91074e+06,0
2,31,sync__,GPU,2.91074e+06,2.91074e+06,0
2,31,moe_gather,GPU,2.91074e+06,2.91074e+06,0
2,31,sync_for_moe_gather,GPU,2.91074e+06,2.91074e+06,0
2,31,sync__set,GPU,2.91074e+06,2.91074e+06,0
2,31,sync__,GPU,2.91074e+06,2.91074e+06,0
2,31,moe_all_reduce_for_gather,GPU,2.91074e+06,2.91597e+06,5236.91
2,31,sync_5,GPU,2.91597e+06,2.91597e+06,0
2,31,sync__set,GPU,2.91597e+06,2.91597e+06,0
2,31,sync__,GPU,2.91597e+06,2.91597e+06,0
2,31,sync_6,GPU,2.91597e+06,2.91597e+06,0
2,31,sync__set,GPU,2.91597e+06,2.91597e+06,0
2,31,sync__,GPU,2.91597e+06,2.91597e+06,0
2,31,residual_2,GPU,2.91597e+06,2.91613e+06,158.854
3,0,MoE_decoder_0,GPU,0,92027.7,92027.7
3,0,input_layer_norm,GPU,0,158.854,158.854
3,0,attention,GPU,158.854,17104.6,16945.7
3,0,attn_qkv_proj,GPU,158.854,4020.24,3861.38
3,0,Linear,GPU,158.854,4020.24,3861.38
3,0,self_attention,GPU,4020.24,9267.32,5247.08
3,0,AttentionSplit,GPU,4020.24,4020.24,0
3,0,AttentionSum,Logic,4020.24,4020.24,0
3,0,AttentionGen,Logic,4020.24,9267.32,5247.08
3,0,AttentionMerge,GPU,9267.32,9267.32,0
3,0,attn_o_proj,GPU,9267.32,11867.6,2600.32
3,0,Linear,GPU,9267.32,11867.6,2600.32
3,0,all_reduce,GPU,11867.6,17104.6,5236.91
3,0,residual_1,GPU,17104.6,17263.4,158.854
3,0,post_attn_layer_norm,GPU,17263.4,17422.3,158.854
3,0,expertFFN,GPU,17422.3,91868.8,74446.6
3,0,sync_0,GPU,17422.3,17422.3,0
3,0,sync__set,GPU,17422.3,17422.3,0
3,0,sync__,GPU,17422.3,17422.3,0
3,0,gate_fn,GPU,17422.3,17520.2,97.9093
3,0,Linear,GPU,17422.3,17520.2,97.9093
3,0,gate_update,GPU,17520.2,17520.2,0
3,0,moe_scatter,GPU,17520.2,17520.2,0
3,0,sync_for_moe_scatter,GPU,17520.2,17520.2,0
3,0,sync__set,GPU,17520.2,17520.2,0
3,0,sync__,GPU,17520.2,17520.2,0
3,0,moe_route,GPU,17520.2,17520.2,0
3,0,expert_FFN_6,GPU,17520.2,50430.5,32910.4
3,0,gate_proj,GPU,17520.2,28468.9,10948.7
3,0,Linear,Logic,17520.2,28468.9,10948.7
3,0,activation,Logic,28468.9,28533.1,64.1527
3,0,up_proj,GPU,28533.1,39481.8,10948.7
3,0,Linear,Logic,28533.1,39481.8,10948.7
3,0,down_proj,GPU,39481.8,50430.5,10948.7
3,0,Linear,Logic,39481.8,50430.5,10948.7
3,0,expert_FFN_7,GPU,50430.5,86631.9,36201.4
3,0,gate_proj,GPU,50430.5,62474.1,12043.6
3,0,Linear,Logic,50430.5,62474.1,12043.6
3,0,activation,Logic,62474.1,62544.7,70.568
3,0,up_proj,GPU,62544.7,74588.3,12043.6
3,0,Linear,Logic,62544.7,74588.3,12043.6
3,0,down_proj,GPU,74588.3,86631.9,12043.6
3,0,Linear,Logic,74588.3,86631.9,12043.6
3,0,sync_2,GPU,86631.9,86631.9,0
3,0,sync__set,GPU,86631.9,86631.9,0
3,0,sync__,GPU,86631.9,86631.9,0
3,0,moe_all_reduce_for_e_tp,GPU,86631.9,86631.9,0
3,0,sync_3,GPU,86631.9,86631.9,0
3,0,sync__set,GPU,86631.9,86631.9,0
3,0,sync__,GPU,86631.9,86631.9,0
3,0,moe_gather,GPU,86631.9,86631.9,0
3,0,sync_for_moe_gather,GPU,86631.9,86631.9,0
3,0,sync__set,GPU,86631.9,86631.9,0
3,0,sync__,GPU,86631.9,86631.9,0
3,0,moe_all_reduce_for_gather,GPU,86631.9,91868.8,5236.91
3,0,sync_5,GPU,91868.8,91868.8,0
3,0,sync__set,GPU,91868.8,91868.8,0
3,0,sync__,GPU,91868.8,91868.8,0
3,0,sync_6,GPU,91868.8,91868.8,0
3,0,sync__set,GPU,91868.8,91868.8,0
3,0,sync__,GPU,91868.8,91868.8,0
3,0,residual_2,GPU,91868.8,92027.7,158.854
3,1,MoE_decoder_1,GPU,92027.7,184092,92064.3
3,1,input_layer_norm,GPU,92027.7,92186.5,158.854
3,1,attention,GPU,92186.5,109132,16945.7
3,1,attn_qkv_proj,GPU,92186.5,96047.9,3861.38
3,1,Linear,GPU,92186.5,96047.9,3861.38
3,1,self_attention,GPU,96047.9,101295,5247.08
3,1,AttentionSplit,GPU,96047.9,96047.9,0
3,1,AttentionSum,Logic,96047.9,96047.9,0
3,1,AttentionGen,Logic,96047.9,101295,5247.08
3,1,AttentionMerge,GPU,101295,101295,0
3,1,attn_o_proj,GPU,101295,103895,2600.32
3,1,Linear,GPU,101295,103895,2600.32
3,1,all_reduce,GPU,103895,109132,5236.91
3,1,residual_1,GPU,109132,109291,158.854
3,1,post_attn_layer_norm,GPU,109291,109450,158.854
3,1,expertFFN,GPU,109450,183933,74483.2
3,1,sync_0,GPU,109450,109450,0
3,1,sync__set,GPU,109450,109450,0
3,1,sync__,GPU,109450,109450,0
3,1,gate_fn,GPU,109450,109548,97.9093
3,1,Linear,GPU,109450,109548,97.9093
3,1,gate_update,GPU,109548,109548,0
3,1,moe_scatter,GPU,109548,109548,0
3,1,sync_for_moe_scatter,GPU,109548,109548,0
3,1,sync__set,GPU,109548,109548,0
3,1,sync__,GPU,109548,109548,0
3,1,moe_route,GPU,109548,109548,0
3,1,expert_FFN_6,GPU,109548,135913,26364.9
3,1,gate_proj,GPU,109548,118323,8775.48
3,1,Linear,Logic,109548,118323,8775.48
3,1,activation,Logic,118323,118362,38.4916
3,1,up_proj,GPU,118362,127137,8775.48
3,1,Linear,Logic,118362,127137,8775.48
3,1,down_proj,GPU,127137,135913,8775.48
3,1,Linear,Logic,127137,135913,8775.48
3,1,expert_FFN_7,GPU,135913,178696,42783.5
3,1,gate_proj,GPU,135913,150146,14233.4
3,1,Linear,Logic,135913,150146,14233.4
3,1,activation,Logic,150146,150230,83.3986
3,1,up_proj,GPU,150230,164463,14233.4
3,1,Linear,Logic,150230,164463,14233.4
3,1,down_proj,GPU,164463,178696,14233.4
3,1,Linear,Logic,164463,178696,14233.4
3,1,sync_2,GPU,178696,178696,0
3,1,sync__set,GPU,178696,178696,0
3,1,sync__,GPU,178696,178696,0
3,1,moe_all_reduce_for_e_tp,GPU,178696,178696,0
3,1,sync_3,GPU,178696,178696,0
3,1,sync__set,GPU,178696,178696,0
3,1,sync__,GPU,178696,178696,0
3,1,moe_gather,GPU,178696,178696,0
3,1,sync_for_moe_gather,GPU,178696,178696,0
3,1,sync__set,GPU,178696,178696,0
3,1,sync__,GPU,178696,178696,0
3,1,moe_all_reduce_for_gather,GPU,178696,183933,5236.91
3,1,sync_5,GPU,183933,183933,0
3,1,sync__set,GPU,183933,183933,0
3,1,sync__,GPU,183933,183933,0
3,1,sync_6,GPU,183933,183933,0
3,1,sync__set,GPU,183933,183933,0
3,1,sync__,GPU,183933,183933,0
3,1,residual_2,GPU,183933,184092,158.854
3,2,MoE_decoder_2,GPU,184092,282768,98675.7
3,2,input_layer_norm,GPU,184092,184251,158.854
3,2,attention,GPU,184251,201197,16945.7
3,2,attn_qkv_proj,GPU,184251,188112,3861.38
3,2,Linear,GPU,184251,188112,3861.38
3,2,self_attention,GPU,188112,193359,5247.08
3,2,AttentionSplit,GPU,188112,188112,0
3,2,AttentionSum,Logic,188112,188112,0
3,2,AttentionGen,Logic,188112,193359,5247.08
3,2,AttentionMerge,GPU,193359,193359,0
3,2,attn_o_proj,GPU,193359,195960,2600.32
3,2,Linear,GPU,193359,195960,2600.32
3,2,all_reduce,GPU,195960,201197,5236.91
3,2,residual_1,GPU,201197,201355,158.854
3,2,post_attn_layer_norm,GPU,201355,201514,158.854
3,2,expertFFN,GPU,201514,282609,81094.6
3,2,sync_0,GPU,201514,201514,0
3,2,sync__set,GPU,201514,201514,0
3,2,sync__,GPU,201514,201514,0
3,2,gate_fn,GPU,201514,201612,97.9093
3,2,Linear,GPU,201514,201612,97.9093
3,2,gate_update,GPU,201612,201612,0
3,2,moe_scatter,GPU,201612,201612,0
3,2,sync_for_moe_scatter,GPU,201612,201612,0
3,2,sync__set,GPU,201612,201612,0
3,2,sync__,GPU,201612,201612,0
3,2,moe_route,GPU,201612,201612,0
3,2,expert_FFN_6,GPU,201612,228006,26394.3
3,2,gate_proj,GPU,201612,210393,8780.98
3,2,Linear,Logic,201612,210393,8780.98
3,2,activation,Logic,210393,210445,51.3222
3,2,up_proj,GPU,210445,219225,8780.98
3,2,Linear,Logic,210445,219225,8780.98
3,2,down_proj,GPU,219225,228006,8780.98
3,2,Linear,Logic,219225,228006,8780.98
3,2,expert_FFN_7,GPU,228006,254357,26350.3
3,2,gate_proj,GPU,228006,236779,8772.74
3,2,Linear,Logic,228006,236779,8772.74
3,2,activation,Logic,236779,236811,32.0764
3,2,up_proj,GPU,236811,245584,8772.74
3,2,Linear,Logic,236811,245584,8772.74
3,2,down_proj,GPU,245584,254357,8772.74
3,2,Linear,Logic,245584,254357,8772.74
3,2,sync_2,GPU,254357,277372,23015.3
3,2,sync__set,GPU,254357,254357,0
3,2,sync__,GPU,254357,277372,23015.3
3,2,moe_all_reduce_for_e_tp,GPU,277372,277372,0
3,2,sync_3,GPU,277372,277372,0
3,2,sync__set,GPU,277372,277372,0
3,2,sync__,GPU,277372,277372,0
3,2,moe_gather,GPU,277372,277372,0
3,2,sync_for_moe_gather,GPU,277372,277372,0
3,2,sync__set,GPU,277372,277372,0
3,2,sync__,GPU,277372,277372,0
3,2,moe_all_reduce_for_gather,GPU,277372,282609,5236.91
3,2,sync_5,GPU,282609,282609,0
3,2,sync__set,GPU,282609,282609,0
3,2,sync__,GPU,282609,282609,0
3,2,sync_6,GPU,282609,282609,0
3,2,sync__set,GPU,282609,282609,0
3,2,sync__,GPU,282609,282609,0
3,2,residual_2,GPU,282609,282768,158.854
3,3,MoE_decoder_3,GPU,282768,384669,101901
3,3,input_layer_norm,GPU,282768,282927,158.854
3,3,attention,GPU,282927,299872,16945.7
3,3,attn_qkv_proj,GPU,282927,286788,3861.38
3,3,Linear,GPU,282927,286788,3861.38
3,3,self_attention,GPU,286788,292035,5247.08
3,3,AttentionSplit,GPU,286788,286788,0
3,3,AttentionSum,Logic,286788,286788,0
3,3,AttentionGen,Logic,286788,292035,5247.08
3,3,AttentionMerge,GPU,292035,292035,0
3,3,attn_o_proj,GPU,292035,294635,2600.32
3,3,Linear,GPU,292035,294635,2600.32
3,3,all_reduce,GPU,294635,299872,5236.91
3,3,residual_1,GPU,299872,300031,158.854
3,3,post_attn_layer_norm,GPU,300031,300190,158.854
3,3,expertFFN,GPU,300190,384510,84319.7
3,3,sync_0,GPU,300190,300190,0
3,3,sync__set,GPU,300190,300190,0
3,3,sync__,GPU,300190,300190,0
3,3,gate_fn,GPU,300190,300288,97.9093
3,3,Linear,GPU,300190,300288,97.9093
3,3,gate_update,GPU,300288,300288,0
3,3,moe_scatter,GPU,300288,300288,0
3,3,sync_for_moe_scatter,GPU,300288,300288,0
3,3,sync__set,GPU,300288,300288,0
3,3,sync__,GPU,300288,300288,0
3,3,moe_route,GPU,300288,300288,0
3,3,expert_FFN_6,GPU,300288,329907,29619.3
3,3,gate_proj,GPU,300288,310142,9853.86
3,3,Linear,Logic,300288,310142,9853.86
3,3,activation,Logic,310142,310200,57.7375
3,3,up_proj,GPU,310200,320053,9853.86
3,3,Linear,Logic,310200,320053,9853.86
3,3,down_proj,GPU,320053,329907,9853.86
3,3,Linear,Logic,320053,329907,9853.86
3,3,expert_FFN_7,GPU,329907,359527,29619.3
3,3,gate_proj,GPU,329907,339761,9853.86
3,3,Linear,Logic,329907,339761,9853.86
3,3,activation,Logic,339761,339819,57.7375
3,3,up_proj,GPU,339819,349673,9853.86
3,3,Linear,Logic,339819,349673,9853.86
3,3,down_proj,GPU,349673,359527,9853.86
3,3,Linear,Logic,349673,359527,9853.86
3,3,sync_2,GPU,359527,379273,19746.2
3,3,sync__set,GPU,359527,359527,0
3,3,sync__,GPU,359527,379273,19746.2
3,3,moe_all_reduce_for_e_tp,GPU,379273,379273,0
3,3,sync_3,GPU,379273,379273,0
3,3,sync__set,GPU,379273,379273,0
3,3,sync__,GPU,379273,379273,0
3,3,moe_gather,GPU,379273,379273,0
3,3,sync_for_moe_gather,GPU,379273,379273,0
3,3,sync__set,GPU,379273,379273,0
3,3,sync__,GPU,379273,379273,0
3,3,moe_all_reduce_for_gather,GPU,379273,384510,5236.91
3,3,sync_5,GPU,384510,384510,0
3,3,sync__set,GPU,384510,384510,0
3,3,sync__,GPU,384510,384510,0
3,3,sync_6,GPU,384510,384510,0
3,3,sync__set,GPU,384510,384510,0
3,3,sync__,GPU,384510,384510,0
3,3,residual_2,GPU,384510,384669,158.854
3,4,MoE_decoder_4,GPU,384669,473405,88736.6
3,4,input_layer_norm,GPU,384669,384827,158.854
3,4,attention,GPU,384827,401773,16945.7
3,4,attn_qkv_proj,GPU,384827,388689,3861.38
3,4,Linear,GPU,384827,388689,3861.38
3,4,self_attention,GPU,388689,393936,5247.08
3,4,AttentionSplit,GPU,388689,388689,0
3,4,AttentionSum,Logic,388689,388689,0
3,4,AttentionGen,Logic,388689,393936,5247.08
3,4,AttentionMerge,GPU,393936,393936,0
3,4,attn_o_proj,GPU,393936,396536,2600.32
3,4,Linear,GPU,393936,396536,2600.32
3,4,all_reduce,GPU,396536,401773,5236.91
3,4,residual_1,GPU,401773,401932,158.854
3,4,post_attn_layer_norm,GPU,401932,402091,158.854
3,4,expertFFN,GPU,402091,473246,71155.5
3,4,sync_0,GPU,402091,402091,0
3,4,sync__set,GPU,402091,402091,0
3,4,sync__,GPU,402091,402091,0
3,4,gate_fn,GPU,402091,402189,97.9093
3,4,Linear,GPU,402091,402189,97.9093
3,4,gate_update,GPU,402189,402189,0
3,4,moe_scatter,GPU,402189,402189,0
3,4,sync_for_moe_scatter,GPU,402189,402189,0
3,4,sync__set,GPU,402189,402189,0
3,4,sync__,GPU,402189,402189,0
3,4,moe_route,GPU,402189,402189,0
3,4,expert_FFN_6,GPU,402189,435099,32910.4
3,4,gate_proj,GPU,402189,413137,10948.7
3,4,Linear,Logic,402189,413137,10948.7
3,4,activation,Logic,413137,413202,64.1527
3,4,up_proj,GPU,413202,424150,10948.7
3,4,Linear,Logic,413202,424150,10948.7
3,4,down_proj,GPU,424150,435099,10948.7
3,4,Linear,Logic,424150,435099,10948.7
3,4,expert_FFN_7,GPU,435099,468009,32910.4
3,4,gate_proj,GPU,435099,446048,10948.7
3,4,Linear,Logic,435099,446048,10948.7
3,4,activation,Logic,446048,446112,64.1527
3,4,up_proj,GPU,446112,457061,10948.7
3,4,Linear,Logic,446112,457061,10948.7
3,4,down_proj,GPU,457061,468009,10948.7
3,4,Linear,Logic,457061,468009,10948.7
3,4,sync_2,GPU,468009,468009,0
3,4,sync__set,GPU,468009,468009,0
3,4,sync__,GPU,468009,468009,0
3,4,moe_all_reduce_for_e_tp,GPU,468009,468009,0
3,4,sync_3,GPU,468009,468009,0
3,4,sync__set,GPU,468009,468009,0
3,4,sync__,GPU,468009,468009,0
3,4,moe_gather,GPU,468009,468009,0
3,4,sync_for_moe_gather,GPU,468009,468009,0
3,4,sync__set,GPU,468009,468009,0
3,4,sync__,GPU,468009,468009,0
3,4,moe_all_reduce_for_gather,GPU,468009,473246,5236.91
3,4,sync_5,GPU,473246,473246,0
3,4,sync__set,GPU,473246,473246,0
3,4,sync__,GPU,473246,473246,0
3,4,sync_6,GPU,473246,473246,0
3,4,sync__set,GPU,473246,473246,0
3,4,sync__,GPU,473246,473246,0
3,4,residual_2,GPU,473246,473405,158.854
3,5,MoE_decoder_5,GPU,473405,565433,92027.7
3,5,input_layer_norm,GPU,473405,473564,158.854
3,5,attention,GPU,473564,490510,16945.7
3,5,attn_qkv_proj,GPU,473564,477425,3861.38
3,5,Linear,GPU,473564,477425,3861.38
3,5,self_attention,GPU,477425,482673,5247.08
3,5,AttentionSplit,GPU,477425,477425,0
3,5,AttentionSum,Logic,477425,477425,0
3,5,AttentionGen,Logic,477425,482673,5247.08
3,5,AttentionMerge,GPU,482673,482673,0
3,5,attn_o_proj,GPU,482673,485273,2600.32
3,5,Linear,GPU,482673,485273,2600.32
3,5,all_reduce,GPU,485273,490510,5236.91
3,5,residual_1,GPU,490510,490669,158.854
3,5,post_attn_layer_norm,GPU,490669,490827,158.854
3,5,expertFFN,GPU,490827,565274,74446.6
3,5,sync_0,GPU,490827,490827,0
3,5,sync__set,GPU,490827,490827,0
3,5,sync__,GPU,490827,490827,0
3,5,gate_fn,GPU,490827,490925,97.9093
3,5,Linear,GPU,490827,490925,97.9093
3,5,gate_update,GPU,490925,490925,0
3,5,moe_scatter,GPU,490925,490925,0
3,5,sync_for_moe_scatter,GPU,490925,490925,0
3,5,sync__set,GPU,490925,490925,0
3,5,sync__,GPU,490925,490925,0
3,5,moe_route,GPU,490925,490925,0
3,5,expert_FFN_6,GPU,490925,517290,26364.9
3,5,gate_proj,GPU,490925,499701,8775.48
3,5,Linear,Logic,490925,499701,8775.48
3,5,activation,Logic,499701,499739,38.4916
3,5,up_proj,GPU,499739,508515,8775.48
3,5,Linear,Logic,499739,508515,8775.48
3,5,down_proj,GPU,508515,517290,8775.48
3,5,Linear,Logic,508515,517290,8775.48
3,5,expert_FFN_7,GPU,517290,543670,26379.6
3,5,gate_proj,GPU,517290,526069,8778.23
3,5,Linear,Logic,517290,526069,8778.23
3,5,activation,Logic,526069,526113,44.9069
3,5,up_proj,GPU,526113,534892,8778.23
3,5,Linear,Logic,526113,534892,8778.23
3,5,down_proj,GPU,534892,543670,8778.23
3,5,Linear,Logic,534892,543670,8778.23
3,5,sync_2,GPU,543670,560037,16367.2
3,5,sync__set,GPU,543670,543670,0
3,5,sync__,GPU,543670,560037,16367.2
3,5,moe_all_reduce_for_e_tp,GPU,560037,560037,0
3,5,sync_3,GPU,560037,560037,0
3,5,sync__set,GPU,560037,560037,0
3,5,sync__,GPU,560037,560037,0
3,5,moe_gather,GPU,560037,560037,0
3,5,sync_for_moe_gather,GPU,560037,560037,0
3,5,sync__set,GPU,560037,560037,0
3,5,sync__,GPU,560037,560037,0
3,5,moe_all_reduce_for_gather,GPU,560037,565274,5236.91
3,5,sync_5,GPU,565274,565274,0
3,5,sync__set,GPU,565274,565274,0
3,5,sync__,GPU,565274,565274,0
3,5,sync_6,GPU,565274,565274,0
3,5,sync__set,GPU,565274,565274,0
3,5,sync__,GPU,565274,565274,0
3,5,residual_2,GPU,565274,565433,158.854
3,6,MoE_decoder_6,GPU,565433,664043,98609.8
3,6,input_layer_norm,GPU,565433,565592,158.854
3,6,attention,GPU,565592,582537,16945.7
3,6,attn_qkv_proj,GPU,565592,569453,3861.38
3,6,Linear,GPU,565592,569453,3861.38
3,6,self_attention,GPU,569453,574700,5247.08
3,6,AttentionSplit,GPU,569453,569453,0
3,6,AttentionSum,Logic,569453,569453,0
3,6,AttentionGen,Logic,569453,574700,5247.08
3,6,AttentionMerge,GPU,574700,574700,0
3,6,attn_o_proj,GPU,574700,577301,2600.32
3,6,Linear,GPU,574700,577301,2600.32
3,6,all_reduce,GPU,577301,582537,5236.91
3,6,residual_1,GPU,582537,582696,158.854
3,6,post_attn_layer_norm,GPU,582696,582855,158.854
3,6,expertFFN,GPU,582855,663884,81028.6
3,6,sync_0,GPU,582855,582855,0
3,6,sync__set,GPU,582855,582855,0
3,6,sync__,GPU,582855,582855,0
3,6,gate_fn,GPU,582855,582953,97.9093
3,6,Linear,GPU,582855,582953,97.9093
3,6,gate_update,GPU,582953,582953,0
3,6,moe_scatter,GPU,582953,582953,0
3,6,sync_for_moe_scatter,GPU,582953,582953,0
3,6,sync__set,GPU,582953,582953,0
3,6,sync__,GPU,582953,582953,0
3,6,moe_route,GPU,582953,582953,0
3,6,expert_FFN_6,GPU,582953,609289,26335.6
3,6,gate_proj,GPU,582953,591723,8769.99
3,6,Linear,Logic,582953,591723,8769.99
3,6,activation,Logic,591723,591749,25.6611
3,6,up_proj,GPU,591749,600519,8769.99
3,6,Linear,Logic,591749,600519,8769.99
3,6,down_proj,GPU,600519,609289,8769.99
3,6,Linear,Logic,600519,609289,8769.99
3,6,expert_FFN_7,GPU,609289,635654,26364.9
3,6,gate_proj,GPU,609289,618064,8775.48
3,6,Linear,Logic,609289,618064,8775.48
3,6,activation,Logic,618064,618103,38.4916
3,6,up_proj,GPU,618103,626878,8775.48
3,6,Linear,Logic,618103,626878,8775.48
3,6,down_proj,GPU,626878,635654,8775.48
3,6,Linear,Logic,626878,635654,8775.48
3,6,sync_2,GPU,635654,658647,22993.3
3,6,sync__set,GPU,635654,635654,0
3,6,sync__,GPU,635654,658647,22993.3
3,6,moe_all_reduce_for_e_tp,GPU,658647,658647,0
3,6,sync_3,GPU,658647,658647,0
3,6,sync__set,GPU,658647,658647,0
3,6,sync__,GPU,658647,658647,0
3,6,moe_gather,GPU,658647,658647,0
3,6,sync_for_moe_gather,GPU,658647,658647,0
3,6,sync__set,GPU,658647,658647,0
3,6,sync__,GPU,658647,658647,0
3,6,moe_all_reduce_for_gather,GPU,658647,663884,5236.91
3,6,sync_5,GPU,663884,663884,0
3,6,sync__set,GPU,663884,663884,0
3,6,sync__,GPU,663884,663884,0
3,6,sync_6,GPU,663884,663884,0
3,6,sync__set,GPU,663884,663884,0
3,6,sync__,GPU,663884,663884,0
3,6,residual_2,GPU,663884,664043,158.854
3,7,MoE_decoder_7,GPU,664043,752779,88736.6
3,7,input_layer_norm,GPU,664043,664202,158.854
3,7,attention,GPU,664202,681147,16945.7
3,7,attn_qkv_proj,GPU,664202,668063,3861.38
3,7,Linear,GPU,664202,668063,3861.38
3,7,self_attention,GPU,668063,673310,5247.08
3,7,AttentionSplit,GPU,668063,668063,0
3,7,AttentionSum,Logic,668063,668063,0
3,7,AttentionGen,Logic,668063,673310,5247.08
3,7,AttentionMerge,GPU,673310,673310,0
3,7,attn_o_proj,GPU,673310,675910,2600.32
3,7,Linear,GPU,673310,675910,2600.32
3,7,all_reduce,GPU,675910,681147,5236.91
3,7,residual_1,GPU,681147,681306,158.854
3,7,post_attn_layer_norm,GPU,681306,681465,158.854
3,7,expertFFN,GPU,681465,752620,71155.5
3,7,sync_0,GPU,681465,681465,0
3,7,sync__set,GPU,681465,681465,0
3,7,sync__,GPU,681465,681465,0
3,7,gate_fn,GPU,681465,681563,97.9093
3,7,Linear,GPU,681465,681563,97.9093
3,7,gate_update,GPU,681563,681563,0
3,7,moe_scatter,GPU,681563,681563,0
3,7,sync_for_moe_scatter,GPU,681563,681563,0
3,7,sync__set,GPU,681563,681563,0
3,7,sync__,GPU,681563,681563,0
3,7,moe_route,GPU,681563,681563,0
3,7,expert_FFN_6,GPU,681563,707942,26379.6
3,7,gate_proj,GPU,681563,690341,8778.23
3,7,Linear,Logic,681563,690341,8778.23
3,7,activation,Logic,690341,690386,44.9069
3,7,up_proj,GPU,690386,699164,8778.23
3,7,Linear,Logic,690386,699164,8778.23
3,7,down_proj,GPU,699164,707942,8778.23
3,7,Linear,Logic,699164,707942,8778.23
3,7,expert_FFN_7,GPU,707942,734337,26394.3
3,7,gate_proj,GPU,707942,716723,8780.98
3,7,Linear,Logic,707942,716723,8780.98
3,7,activation,Logic,716723,716775,51.3222
3,7,up_proj,GPU,716775,725556,8780.98
3,7,Linear,Logic,716775,725556,8780.98
3,7,down_proj,GPU,725556,734337,8780.98
3,7,Linear,Logic,725556,734337,8780.98
3,7,sync_2,GPU,734337,747384,13046.8
3,7,sync__set,GPU,734337,734337,0
3,7,sync__,GPU,734337,747384,13046.8
3,7,moe_all_reduce_for_e_tp,GPU,747384,747384,0
3,7,sync_3,GPU,747384,747384,0
3,7,sync__set,GPU,747384,747384,0
3,7,sync__,GPU,747384,747384,0
3,7,moe_gather,GPU,747384,747384,0
3,7,sync_for_moe_gather,GPU,747384,747384,0
3,7,sync__set,GPU,747384,747384,0
3,7,sync__,GPU,747384,747384,0
3,7,moe_all_reduce_for_gather,GPU,747384,752620,5236.91
3,7,sync_5,GPU,752620,752620,0
3,7,sync__set,GPU,752620,752620,0
3,7,sync__,GPU,752620,752620,0
3,7,sync_6,GPU,752620,752620,0
3,7,sync__set,GPU,752620,752620,0
3,7,sync__,GPU,752620,752620,0
3,7,residual_2,GPU,752620,752779,158.854
3,8,MoE_decoder_8,GPU,752779,851389,98609.8
3,8,input_layer_norm,GPU,752779,752938,158.854
3,8,attention,GPU,752938,769884,16945.7
3,8,attn_qkv_proj,GPU,752938,756800,3861.38
3,8,Linear,GPU,752938,756800,3861.38
3,8,self_attention,GPU,756800,762047,5247.08
3,8,AttentionSplit,GPU,756800,756800,0
3,8,AttentionSum,Logic,756800,756800,0
3,8,AttentionGen,Logic,756800,762047,5247.08
3,8,AttentionMerge,GPU,762047,762047,0
3,8,attn_o_proj,GPU,762047,764647,2600.32
3,8,Linear,GPU,762047,764647,2600.32
3,8,all_reduce,GPU,764647,769884,5236.91
3,8,residual_1,GPU,769884,770043,158.854
3,8,post_attn_layer_norm,GPU,770043,770202,158.854
3,8,expertFFN,GPU,770202,851230,81028.6
3,8,sync_0,GPU,770202,770202,0
3,8,sync__set,GPU,770202,770202,0
3,8,sync__,GPU,770202,770202,0
3,8,gate_fn,GPU,770202,770299,97.9093
3,8,Linear,GPU,770202,770299,97.9093
3,8,gate_update,GPU,770299,770299,0
3,8,moe_scatter,GPU,770299,770299,0
3,8,sync_for_moe_scatter,GPU,770299,770299,0
3,8,sync__set,GPU,770299,770299,0
3,8,sync__,GPU,770299,770299,0
3,8,moe_route,GPU,770299,770299,0
3,8,expert_FFN_6,GPU,770299,796664,26364.9
3,8,gate_proj,GPU,770299,779075,8775.48
3,8,Linear,Logic,770299,779075,8775.48
3,8,activation,Logic,779075,779113,38.4916
3,8,up_proj,GPU,779113,787889,8775.48
3,8,Linear,Logic,779113,787889,8775.48
3,8,down_proj,GPU,787889,796664,8775.48
3,8,Linear,Logic,787889,796664,8775.48
3,8,expert_FFN_7,GPU,796664,822985,26321
3,8,gate_proj,GPU,796664,805432,8767.24
3,8,Linear,Logic,796664,805432,8767.24
3,8,activation,Logic,805432,805451,19.2458
3,8,up_proj,GPU,805451,814218,8767.24
3,8,Linear,Logic,805451,814218,8767.24
3,8,down_proj,GPU,814218,822985,8767.24
3,8,Linear,Logic,814218,822985,8767.24
3,8,sync_2,GPU,822985,845993,23007.9
3,8,sync__set,GPU,822985,822985,0
3,8,sync__,GPU,822985,845993,23007.9
3,8,moe_all_reduce_for_e_tp,GPU,845993,845993,0
3,8,sync_3,GPU,845993,845993,0
3,8,sync__set,GPU,845993,845993,0
3,8,sync__,GPU,845993,845993,0
3,8,moe_gather,GPU,845993,845993,0
3,8,sync_for_moe_gather,GPU,845993,845993,0
3,8,sync__set,GPU,845993,845993,0
3,8,sync__,GPU,845993,845993,0
3,8,moe_all_reduce_for_gather,GPU,845993,851230,5236.91
3,8,sync_5,GPU,851230,851230,0
3,8,sync__set,GPU,851230,851230,0
3,8,sync__,GPU,851230,851230,0
3,8,sync_6,GPU,851230,851230,0
3,8,sync__set,GPU,851230,851230,0
3,8,sync__,GPU,851230,851230,0
3,8,residual_2,GPU,851230,851389,158.854
3,9,MoE_decoder_9,GPU,851389,933580,82191.2
3,9,input_layer_norm,GPU,851389,851548,158.854
3,9,attention,GPU,851548,868494,16945.7
3,9,attn_qkv_proj,GPU,851548,855409,3861.38
3,9,Linear,GPU,851548,855409,3861.38
3,9,self_attention,GPU,855409,860656,5247.08
3,9,AttentionSplit,GPU,855409,855409,0
3,9,AttentionSum,Logic,855409,855409,0
3,9,AttentionGen,Logic,855409,860656,5247.08
3,9,AttentionMerge,GPU,860656,860656,0
3,9,attn_o_proj,GPU,860656,863257,2600.32
3,9,Linear,GPU,860656,863257,2600.32
3,9,all_reduce,GPU,863257,868494,5236.91
3,9,residual_1,GPU,868494,868652,158.854
3,9,post_attn_layer_norm,GPU,868652,868811,158.854
3,9,expertFFN,GPU,868811,933421,64610.1
3,9,sync_0,GPU,868811,868811,0
3,9,sync__set,GPU,868811,868811,0
3,9,sync__,GPU,868811,868811,0
3,9,gate_fn,GPU,868811,868909,97.9093
3,9,Linear,GPU,868811,868909,97.9093
3,9,gate_update,GPU,868909,868909,0
3,9,moe_scatter,GPU,868909,868909,0
3,9,sync_for_moe_scatter,GPU,868909,868909,0
3,9,sync__set,GPU,868909,868909,0
3,9,sync__,GPU,868909,868909,0
3,9,moe_route,GPU,868909,868909,0
3,9,expert_FFN_6,GPU,868909,895274,26364.9
3,9,gate_proj,GPU,868909,877685,8775.48
3,9,Linear,Logic,868909,877685,8775.48
3,9,activation,Logic,877685,877723,38.4916
3,9,up_proj,GPU,877723,886499,8775.48
3,9,Linear,Logic,877723,886499,8775.48
3,9,down_proj,GPU,886499,895274,8775.48
3,9,Linear,Logic,886499,895274,8775.48
3,9,expert_FFN_7,GPU,895274,928185,32910.4
3,9,gate_proj,GPU,895274,906223,10948.7
3,9,Linear,Logic,895274,906223,10948.7
3,9,activation,Logic,906223,906287,64.1527
3,9,up_proj,GPU,906287,917236,10948.7
3,9,Linear,Logic,906287,917236,10948.7
3,9,down_proj,GPU,917236,928185,10948.7
3,9,Linear,Logic,917236,928185,10948.7
3,9,sync_2,GPU,928185,928185,0
3,9,sync__set,GPU,928185,928185,0
3,9,sync__,GPU,928185,928185,0
3,9,moe_all_reduce_for_e_tp,GPU,928185,928185,0
3,9,sync_3,GPU,928185,928185,0
3,9,sync__set,GPU,928185,928185,0
3,9,sync__,GPU,928185,928185,0
3,9,moe_gather,GPU,928185,928185,0
3,9,sync_for_moe_gather,GPU,928185,928185,0
3,9,sync__set,GPU,928185,928185,0
3,9,sync__,GPU,928185,928185,0
3,9,moe_all_reduce_for_gather,GPU,928185,933421,5236.91
3,9,sync_5,GPU,933421,933421,0
3,9,sync__set,GPU,933421,933421,0
3,9,sync__,GPU,933421,933421,0
3,9,sync_6,GPU,933421,933421,0
3,9,sync__set,GPU,933421,933421,0
3,9,sync__,GPU,933421,933421,0
3,9,residual_2,GPU,933421,933580,158.854
3,10,MoE_decoder_10,GPU,933580,1.02235e+06,88773.3
3,10,input_layer_norm,GPU,933580,933739,158.854
3,10,attention,GPU,933739,950685,16945.7
3,10,attn_qkv_proj,GPU,933739,937601,3861.38
3,10,Linear,GPU,933739,937601,3861.38
3,10,self_attention,GPU,937601,942848,5247.08
3,10,AttentionSplit,GPU,937601,937601,0
3,10,AttentionSum,Logic,937601,937601,0
3,10,AttentionGen,Logic,937601,942848,5247.08
3,10,AttentionMerge,GPU,942848,942848,0
3,10,attn_o_proj,GPU,942848,945448,2600.32
3,10,Linear,GPU,942848,945448,2600.32
3,10,all_reduce,GPU,945448,950685,5236.91
3,10,residual_1,GPU,950685,950844,158.854
3,10,post_attn_layer_norm,GPU,950844,951003,158.854
3,10,expertFFN,GPU,951003,1.02219e+06,71192.2
3,10,sync_0,GPU,951003,951003,0
3,10,sync__set,GPU,951003,951003,0
3,10,sync__,GPU,951003,951003,0
3,10,gate_fn,GPU,951003,951100,97.9093
3,10,Linear,GPU,951003,951100,97.9093
3,10,gate_update,GPU,951100,951100,0
3,10,moe_scatter,GPU,951100,951100,0
3,10,sync_for_moe_scatter,GPU,951100,951100,0
3,10,sync__set,GPU,951100,951100,0
3,10,sync__,GPU,951100,951100,0
3,10,moe_route,GPU,951100,951100,0
3,10,expert_FFN_6,GPU,951100,980720,29619.3
3,10,gate_proj,GPU,951100,960954,9853.86
3,10,Linear,Logic,951100,960954,9853.86
3,10,activation,Logic,960954,961012,57.7375
3,10,up_proj,GPU,961012,970866,9853.86
3,10,Linear,Logic,961012,970866,9853.86
3,10,down_proj,GPU,970866,980720,9853.86
3,10,Linear,Logic,970866,980720,9853.86
3,10,expert_FFN_7,GPU,980720,1.00711e+06,26394.3
3,10,gate_proj,GPU,980720,989501,8780.98
3,10,Linear,Logic,980720,989501,8780.98
3,10,activation,Logic,989501,989552,51.3222
3,10,up_proj,GPU,989552,998333,8780.98
3,10,Linear,Logic,989552,998333,8780.98
3,10,down_proj,GPU,998333,1.00711e+06,8780.98
3,10,Linear,Logic,998333,1.00711e+06,8780.98
3,10,sync_2,GPU,1.00711e+06,1.01696e+06,9843.78
3,10,sync__set,GPU,1.00711e+06,1.00711e+06,0
3,10,sync__,GPU,1.00711e+06,1.01696e+06,9843.78
3,10,moe_all_reduce_for_e_tp,GPU,1.01696e+06,1.01696e+06,0
3,10,sync_3,GPU,1.01696e+06,1.01696e+06,0
3,10,sync__set,GPU,1.01696e+06,1.01696e+06,0
3,10,sync__,GPU,1.01696e+06,1.01696e+06,0
3,10,moe_gather,GPU,1.01696e+06,1.01696e+06,0
3,10,sync_for_moe_gather,GPU,1.01696e+06,1.01696e+06,0
3,10,sync__set,GPU,1.01696e+06,1.01696e+06,0
3,10,sync__,GPU,1.01696e+06,1.01696e+06,0
3,10,moe_all_reduce_for_gather,GPU,1.01696e+06,1.02219e+06,5236.91
3,10,sync_5,GPU,1.02219e+06,1.02219e+06,0
3,10,sync__set,GPU,1.02219e+06,1.02219e+06,0
3,10,sync__,GPU,1.02219e+06,1.02219e+06,0
3,10,sync_6,GPU,1.02219e+06,1.02219e+06,0
3,10,sync__set,GPU,1.02219e+06,1.02219e+06,0
3,10,sync__,GPU,1.02219e+06,1.02219e+06,0
3,10,residual_2,GPU,1.02219e+06,1.02235e+06,158.854
3,11,MoE_decoder_11,GPU,1.02235e+06,1.11442e+06,92064.3
3,11,input_layer_norm,GPU,1.02235e+06,1.02251e+06,158.854
3,11,attention,GPU,1.02251e+06,1.03946e+06,16945.7
3,11,attn_qkv_proj,GPU,1.02251e+06,1.02637e+06,3861.38
3,11,Linear,GPU,1.02251e+06,1.02637e+06,3861.38
3,11,self_attention,GPU,1.02637e+06,1.03162e+06,5247.08
3,11,AttentionSplit,GPU,1.02637e+06,1.02637e+06,0
3,11,AttentionSum,Logic,1.02637e+06,1.02637e+06,0
3,11,AttentionGen,Logic,1.02637e+06,1.03162e+06,5247.08
3,11,AttentionMerge,GPU,1.03162e+06,1.03162e+06,0
3,11,attn_o_proj,GPU,1.03162e+06,1.03422e+06,2600.32
3,11,Linear,GPU,1.03162e+06,1.03422e+06,2600.32
3,11,all_reduce,GPU,1.03422e+06,1.03946e+06,5236.91
3,11,residual_1,GPU,1.03946e+06,1.03962e+06,158.854
3,11,post_attn_layer_norm,GPU,1.03962e+06,1.03978e+06,158.854
3,11,expertFFN,GPU,1.03978e+06,1.11426e+06,74483.2
3,11,sync_0,GPU,1.03978e+06,1.03978e+06,0
3,11,sync__set,GPU,1.03978e+06,1.03978e+06,0
3,11,sync__,GPU,1.03978e+06,1.03978e+06,0
3,11,gate_fn,GPU,1.03978e+06,1.03987e+06,97.9093
3,11,Linear,GPU,1.03978e+06,1.03987e+06,97.9093
3,11,gate_update,GPU,1.03987e+06,1.03987e+06,0
3,11,moe_scatter,GPU,1.03987e+06,1.03987e+06,0
3,11,sync_for_moe_scatter,GPU,1.03987e+06,1.03987e+06,0
3,11,sync__set,GPU,1.03987e+06,1.03987e+06,0
3,11,sync__,GPU,1.03987e+06,1.03987e+06,0
3,11,moe_route,GPU,1.03987e+06,1.03987e+06,0
3,11,expert_FFN_6,GPU,1.03987e+06,1.07937e+06,39492.4
3,11,gate_proj,GPU,1.03987e+06,1.05301e+06,13138.5
3,11,Linear,Logic,1.03987e+06,1.05301e+06,13138.5
3,11,activation,Logic,1.05301e+06,1.05309e+06,76.9833
3,11,up_proj,GPU,1.05309e+06,1.06623e+06,13138.5
3,11,Linear,Logic,1.05309e+06,1.06623e+06,13138.5
3,11,down_proj,GPU,1.06623e+06,1.07937e+06,13138.5
3,11,Linear,Logic,1.06623e+06,1.07937e+06,13138.5
3,11,expert_FFN_7,GPU,1.07937e+06,1.10569e+06,26321
3,11,gate_proj,GPU,1.07937e+06,1.08813e+06,8767.24
3,11,Linear,Logic,1.07937e+06,1.08813e+06,8767.24
3,11,activation,Logic,1.08813e+06,1.08815e+06,19.2458
3,11,up_proj,GPU,1.08815e+06,1.09692e+06,8767.24
3,11,Linear,Logic,1.08815e+06,1.09692e+06,8767.24
3,11,down_proj,GPU,1.09692e+06,1.10569e+06,8767.24
3,11,Linear,Logic,1.09692e+06,1.10569e+06,8767.24
3,11,sync_2,GPU,1.10569e+06,1.10902e+06,3335.03
3,11,sync__set,GPU,1.10569e+06,1.10569e+06,0
3,11,sync__,GPU,1.10569e+06,1.10902e+06,3335.03
3,11,moe_all_reduce_for_e_tp,GPU,1.10902e+06,1.10902e+06,0
3,11,sync_3,GPU,1.10902e+06,1.10902e+06,0
3,11,sync__set,GPU,1.10902e+06,1.10902e+06,0
3,11,sync__,GPU,1.10902e+06,1.10902e+06,0
3,11,moe_gather,GPU,1.10902e+06,1.10902e+06,0
3,11,sync_for_moe_gather,GPU,1.10902e+06,1.10902e+06,0
3,11,sync__set,GPU,1.10902e+06,1.10902e+06,0
3,11,sync__,GPU,1.10902e+06,1.10902e+06,0
3,11,moe_all_reduce_for_gather,GPU,1.10902e+06,1.11426e+06,5236.91
3,11,sync_5,GPU,1.11426e+06,1.11426e+06,0
3,11,sync__set,GPU,1.11426e+06,1.11426e+06,0
3,11,sync__,GPU,1.11426e+06,1.11426e+06,0
3,11,sync_6,GPU,1.11426e+06,1.11426e+06,0
3,11,sync__set,GPU,1.11426e+06,1.11426e+06,0
3,11,sync__,GPU,1.11426e+06,1.11426e+06,0
3,11,residual_2,GPU,1.11426e+06,1.11442e+06,158.854
3,12,MoE_decoder_12,GPU,1.11442e+06,1.21961e+06,105192
3,12,input_layer_norm,GPU,1.11442e+06,1.11458e+06,158.854
3,12,attention,GPU,1.11458e+06,1.13152e+06,16945.7
3,12,attn_qkv_proj,GPU,1.11458e+06,1.11844e+06,3861.38
3,12,Linear,GPU,1.11458e+06,1.11844e+06,3861.38
3,12,self_attention,GPU,1.11844e+06,1.12369e+06,5247.08
3,12,AttentionSplit,GPU,1.11844e+06,1.11844e+06,0
3,12,AttentionSum,Logic,1.11844e+06,1.11844e+06,0
3,12,AttentionGen,Logic,1.11844e+06,1.12369e+06,5247.08
3,12,AttentionMerge,GPU,1.12369e+06,1.12369e+06,0
3,12,attn_o_proj,GPU,1.12369e+06,1.12629e+06,2600.32
3,12,Linear,GPU,1.12369e+06,1.12629e+06,2600.32
3,12,all_reduce,GPU,1.12629e+06,1.13152e+06,5236.91
3,12,residual_1,GPU,1.13152e+06,1.13168e+06,158.854
3,12,post_attn_layer_norm,GPU,1.13168e+06,1.13184e+06,158.854
3,12,expertFFN,GPU,1.13184e+06,1.21945e+06,87610.7
3,12,sync_0,GPU,1.13184e+06,1.13184e+06,0
3,12,sync__set,GPU,1.13184e+06,1.13184e+06,0
3,12,sync__,GPU,1.13184e+06,1.13184e+06,0
3,12,gate_fn,GPU,1.13184e+06,1.13194e+06,97.9093
3,12,Linear,GPU,1.13184e+06,1.13194e+06,97.9093
3,12,gate_update,GPU,1.13194e+06,1.13194e+06,0
3,12,moe_scatter,GPU,1.13194e+06,1.13194e+06,0
3,12,sync_for_moe_scatter,GPU,1.13194e+06,1.13194e+06,0
3,12,sync__set,GPU,1.13194e+06,1.13194e+06,0
3,12,sync__,GPU,1.13194e+06,1.13194e+06,0
3,12,moe_route,GPU,1.13194e+06,1.13194e+06,0
3,12,expert_FFN_6,GPU,1.13194e+06,1.15832e+06,26379.6
3,12,gate_proj,GPU,1.13194e+06,1.14072e+06,8778.23
3,12,Linear,Logic,1.13194e+06,1.14072e+06,8778.23
3,12,activation,Logic,1.14072e+06,1.14076e+06,44.9069
3,12,up_proj,GPU,1.14076e+06,1.14954e+06,8778.23
3,12,Linear,Logic,1.14076e+06,1.14954e+06,8778.23
3,12,down_proj,GPU,1.14954e+06,1.15832e+06,8778.23
3,12,Linear,Logic,1.14954e+06,1.15832e+06,8778.23
3,12,expert_FFN_7,GPU,1.15832e+06,1.18467e+06,26350.3
3,12,gate_proj,GPU,1.15832e+06,1.16709e+06,8772.74
3,12,Linear,Logic,1.15832e+06,1.16709e+06,8772.74
3,12,activation,Logic,1.16709e+06,1.16712e+06,32.0764
3,12,up_proj,GPU,1.16712e+06,1.1759e+06,8772.74
3,12,Linear,Logic,1.16712e+06,1.1759e+06,8772.74
3,12,down_proj,GPU,1.1759e+06,1.18467e+06,8772.74
3,12,Linear,Logic,1.1759e+06,1.18467e+06,8772.74
3,12,sync_2,GPU,1.18467e+06,1.21421e+06,29546
3,12,sync__set,GPU,1.18467e+06,1.18467e+06,0
3,12,sync__,GPU,1.18467e+06,1.21421e+06,29546
3,12,moe_all_reduce_for_e_tp,GPU,1.21421e+06,1.21421e+06,0
3,12,sync_3,GPU,1.21421e+06,1.21421e+06,0
3,12,sync__set,GPU,1.21421e+06,1.21421e+06,0
3,12,sync__,GPU,1.21421e+06,1.21421e+06,0
3,12,moe_gather,GPU,1.21421e+06,1.21421e+06,0
3,12,sync_for_moe_gather,GPU,1.21421e+06,1.21421e+06,0
3,12,sync__set,GPU,1.21421e+06,1.21421e+06,0
3,12,sync__,GPU,1.21421e+06,1.21421e+06,0
3,12,moe_all_reduce_for_gather,GPU,1.21421e+06,1.21945e+06,5236.91
3,12,sync_5,GPU,1.21945e+06,1.21945e+06,0
3,12,sync__set,GPU,1.21945e+06,1.21945e+06,0
3,12,sync__,GPU,1.21945e+06,1.21945e+06,0
3,12,sync_6,GPU,1.21945e+06,1.21945e+06,0
3,12,sync__set,GPU,1.21945e+06,1.21945e+06,0
3,12,sync__,GPU,1.21945e+06,1.21945e+06,0
3,12,residual_2,GPU,1.21945e+06,1.21961e+06,158.854
3,13,MoE_decoder_13,GPU,1.21961e+06,1.30512e+06,85511.6
3,13,input_layer_norm,GPU,1.21961e+06,1.21977e+06,158.854
3,13,attention,GPU,1.21977e+06,1.23671e+06,16945.7
3,13,attn_qkv_proj,GPU,1.21977e+06,1.22363e+06,3861.38
3,13,Linear,GPU,1.21977e+06,1.22363e+06,3861.38
3,13,self_attention,GPU,1.22363e+06,1.22888e+06,5247.08
3,13,AttentionSplit,GPU,1.22363e+06,1.22363e+06,0
3,13,AttentionSum,Logic,1.22363e+06,1.22363e+06,0
3,13,AttentionGen,Logic,1.22363e+06,1.22888e+06,5247.08
3,13,AttentionMerge,GPU,1.22888e+06,1.22888e+06,0
3,13,attn_o_proj,GPU,1.22888e+06,1.23148e+06,2600.32
3,13,Linear,GPU,1.22888e+06,1.23148e+06,2600.32
3,13,all_reduce,GPU,1.23148e+06,1.23671e+06,5236.91
3,13,residual_1,GPU,1.23671e+06,1.23687e+06,158.854
3,13,post_attn_layer_norm,GPU,1.23687e+06,1.23703e+06,158.854
3,13,expertFFN,GPU,1.23703e+06,1.30496e+06,67930.5
3,13,sync_0,GPU,1.23703e+06,1.23703e+06,0
3,13,sync__set,GPU,1.23703e+06,1.23703e+06,0
3,13,sync__,GPU,1.23703e+06,1.23703e+06,0
3,13,gate_fn,GPU,1.23703e+06,1.23713e+06,97.9093
3,13,Linear,GPU,1.23703e+06,1.23713e+06,97.9093
3,13,gate_update,GPU,1.23713e+06,1.23713e+06,0
3,13,moe_scatter,GPU,1.23713e+06,1.23713e+06,0
3,13,sync_for_moe_scatter,GPU,1.23713e+06,1.23713e+06,0
3,13,sync__set,GPU,1.23713e+06,1.23713e+06,0
3,13,sync__,GPU,1.23713e+06,1.23713e+06,0
3,13,moe_route,GPU,1.23713e+06,1.23713e+06,0
3,13,expert_FFN_6,GPU,1.23713e+06,1.26352e+06,26394.3
3,13,gate_proj,GPU,1.23713e+06,1.24591e+06,8780.98
3,13,Linear,Logic,1.23713e+06,1.24591e+06,8780.98
3,13,activation,Logic,1.24591e+06,1.24596e+06,51.3222
3,13,up_proj,GPU,1.24596e+06,1.25474e+06,8780.98
3,13,Linear,Logic,1.24596e+06,1.25474e+06,8780.98
3,13,down_proj,GPU,1.25474e+06,1.26352e+06,8780.98
3,13,Linear,Logic,1.25474e+06,1.26352e+06,8780.98
3,13,expert_FFN_7,GPU,1.26352e+06,1.29973e+06,36201.4
3,13,gate_proj,GPU,1.26352e+06,1.27557e+06,12043.6
3,13,Linear,Logic,1.26352e+06,1.27557e+06,12043.6
3,13,activation,Logic,1.27557e+06,1.27564e+06,70.568
3,13,up_proj,GPU,1.27564e+06,1.28768e+06,12043.6
3,13,Linear,Logic,1.27564e+06,1.28768e+06,12043.6
3,13,down_proj,GPU,1.28768e+06,1.29973e+06,12043.6
3,13,Linear,Logic,1.28768e+06,1.29973e+06,12043.6
3,13,sync_2,GPU,1.29973e+06,1.29973e+06,0
3,13,sync__set,GPU,1.29973e+06,1.29973e+06,0
3,13,sync__,GPU,1.29973e+06,1.29973e+06,0
3,13,moe_all_reduce_for_e_tp,GPU,1.29973e+06,1.29973e+06,0
3,13,sync_3,GPU,1.29973e+06,1.29973e+06,0
3,13,sync__set,GPU,1.29973e+06,1.29973e+06,0
3,13,sync__,GPU,1.29973e+06,1.29973e+06,0
3,13,moe_gather,GPU,1.29973e+06,1.29973e+06,0
3,13,sync_for_moe_gather,GPU,1.29973e+06,1.29973e+06,0
3,13,sync__set,GPU,1.29973e+06,1.29973e+06,0
3,13,sync__,GPU,1.29973e+06,1.29973e+06,0
3,13,moe_all_reduce_for_gather,GPU,1.29973e+06,1.30496e+06,5236.91
3,13,sync_5,GPU,1.30496e+06,1.30496e+06,0
3,13,sync__set,GPU,1.30496e+06,1.30496e+06,0
3,13,sync__,GPU,1.30496e+06,1.30496e+06,0
3,13,sync_6,GPU,1.30496e+06,1.30496e+06,0
3,13,sync__set,GPU,1.30496e+06,1.30496e+06,0
3,13,sync__,GPU,1.30496e+06,1.30496e+06,0
3,13,residual_2,GPU,1.30496e+06,1.30512e+06,158.854
3,14,MoE_decoder_14,GPU,1.30512e+06,1.39389e+06,88773.3
3,14,input_layer_norm,GPU,1.30512e+06,1.30528e+06,158.854
3,14,attention,GPU,1.30528e+06,1.32223e+06,16945.7
3,14,attn_qkv_proj,GPU,1.30528e+06,1.30914e+06,3861.38
3,14,Linear,GPU,1.30528e+06,1.30914e+06,3861.38
3,14,self_attention,GPU,1.30914e+06,1.31439e+06,5247.08
3,14,AttentionSplit,GPU,1.30914e+06,1.30914e+06,0
3,14,AttentionSum,Logic,1.30914e+06,1.30914e+06,0
3,14,AttentionGen,Logic,1.30914e+06,1.31439e+06,5247.08
3,14,AttentionMerge,GPU,1.31439e+06,1.31439e+06,0
3,14,attn_o_proj,GPU,1.31439e+06,1.31699e+06,2600.32
3,14,Linear,GPU,1.31439e+06,1.31699e+06,2600.32
3,14,all_reduce,GPU,1.31699e+06,1.32223e+06,5236.91
3,14,residual_1,GPU,1.32223e+06,1.32238e+06,158.854
3,14,post_attn_layer_norm,GPU,1.32238e+06,1.32254e+06,158.854
3,14,expertFFN,GPU,1.32254e+06,1.39374e+06,71192.2
3,14,sync_0,GPU,1.32254e+06,1.32254e+06,0
3,14,sync__set,GPU,1.32254e+06,1.32254e+06,0
3,14,sync__,GPU,1.32254e+06,1.32254e+06,0
3,14,gate_fn,GPU,1.32254e+06,1.32264e+06,97.9093
3,14,Linear,GPU,1.32254e+06,1.32264e+06,97.9093
3,14,gate_update,GPU,1.32264e+06,1.32264e+06,0
3,14,moe_scatter,GPU,1.32264e+06,1.32264e+06,0
3,14,sync_for_moe_scatter,GPU,1.32264e+06,1.32264e+06,0
3,14,sync__set,GPU,1.32264e+06,1.32264e+06,0
3,14,sync__,GPU,1.32264e+06,1.32264e+06,0
3,14,moe_route,GPU,1.32264e+06,1.32264e+06,0
3,14,expert_FFN_6,GPU,1.32264e+06,1.34904e+06,26394.3
3,14,gate_proj,GPU,1.32264e+06,1.33142e+06,8780.98
3,14,Linear,Logic,1.32264e+06,1.33142e+06,8780.98
3,14,activation,Logic,1.33142e+06,1.33147e+06,51.3222
3,14,up_proj,GPU,1.33147e+06,1.34025e+06,8780.98
3,14,Linear,Logic,1.33147e+06,1.34025e+06,8780.98
3,14,down_proj,GPU,1.34025e+06,1.34904e+06,8780.98
3,14,Linear,Logic,1.34025e+06,1.34904e+06,8780.98
3,14,expert_FFN_7,GPU,1.34904e+06,1.37539e+06,26350.3
3,14,gate_proj,GPU,1.34904e+06,1.35781e+06,8772.74
3,14,Linear,Logic,1.34904e+06,1.35781e+06,8772.74
3,14,activation,Logic,1.35781e+06,1.35784e+06,32.0764
3,14,up_proj,GPU,1.35784e+06,1.36661e+06,8772.74
3,14,Linear,Logic,1.35784e+06,1.36661e+06,8772.74
3,14,down_proj,GPU,1.36661e+06,1.37539e+06,8772.74
3,14,Linear,Logic,1.36661e+06,1.37539e+06,8772.74
3,14,sync_2,GPU,1.37539e+06,1.3885e+06,13112.8
3,14,sync__set,GPU,1.37539e+06,1.37539e+06,0
3,14,sync__,GPU,1.37539e+06,1.3885e+06,13112.8
3,14,moe_all_reduce_for_e_tp,GPU,1.3885e+06,1.3885e+06,0
3,14,sync_3,GPU,1.3885e+06,1.3885e+06,0
3,14,sync__set,GPU,1.3885e+06,1.3885e+06,0
3,14,sync__,GPU,1.3885e+06,1.3885e+06,0
3,14,moe_gather,GPU,1.3885e+06,1.3885e+06,0
3,14,sync_for_moe_gather,GPU,1.3885e+06,1.3885e+06,0
3,14,sync__set,GPU,1.3885e+06,1.3885e+06,0
3,14,sync__,GPU,1.3885e+06,1.3885e+06,0
3,14,moe_all_reduce_for_gather,GPU,1.3885e+06,1.39374e+06,5236.91
3,14,sync_5,GPU,1.39374e+06,1.39374e+06,0
3,14,sync__set,GPU,1.39374e+06,1.39374e+06,0
3,14,sync__,GPU,1.39374e+06,1.39374e+06,0
3,14,sync_6,GPU,1.39374e+06,1.39374e+06,0
3,14,sync__set,GPU,1.39374e+06,1.39374e+06,0
3,14,sync__,GPU,1.39374e+06,1.39374e+06,0
3,14,residual_2,GPU,1.39374e+06,1.39389e+06,158.854
3,15,MoE_decoder_15,GPU,1.39389e+06,1.47609e+06,82191.2
3,15,input_layer_norm,GPU,1.39389e+06,1.39405e+06,158.854
3,15,attention,GPU,1.39405e+06,1.411e+06,16945.7
3,15,attn_qkv_proj,GPU,1.39405e+06,1.39791e+06,3861.38
3,15,Linear,GPU,1.39405e+06,1.39791e+06,3861.38
3,15,self_attention,GPU,1.39791e+06,1.40316e+06,5247.08
3,15,AttentionSplit,GPU,1.39791e+06,1.39791e+06,0
3,15,AttentionSum,Logic,1.39791e+06,1.39791e+06,0
3,15,AttentionGen,Logic,1.39791e+06,1.40316e+06,5247.08
3,15,AttentionMerge,GPU,1.40316e+06,1.40316e+06,0
3,15,attn_o_proj,GPU,1.40316e+06,1.40576e+06,2600.32
3,15,Linear,GPU,1.40316e+06,1.40576e+06,2600.32
3,15,all_reduce,GPU,1.40576e+06,1.411e+06,5236.91
3,15,residual_1,GPU,1.411e+06,1.41116e+06,158.854
3,15,post_attn_layer_norm,GPU,1.41116e+06,1.41132e+06,158.854
3,15,expertFFN,GPU,1.41132e+06,1.47593e+06,64610.1
3,15,sync_0,GPU,1.41132e+06,1.41132e+06,0
3,15,sync__set,GPU,1.41132e+06,1.41132e+06,0
3,15,sync__,GPU,1.41132e+06,1.41132e+06,0
3,15,gate_fn,GPU,1.41132e+06,1.41141e+06,97.9093
3,15,Linear,GPU,1.41132e+06,1.41141e+06,97.9093
3,15,gate_update,GPU,1.41141e+06,1.41141e+06,0
3,15,moe_scatter,GPU,1.41141e+06,1.41141e+06,0
3,15,sync_for_moe_scatter,GPU,1.41141e+06,1.41141e+06,0
3,15,sync__set,GPU,1.41141e+06,1.41141e+06,0
3,15,sync__,GPU,1.41141e+06,1.41141e+06,0
3,15,moe_route,GPU,1.41141e+06,1.41141e+06,0
3,15,expert_FFN_6,GPU,1.41141e+06,1.44103e+06,29619.3
3,15,gate_proj,GPU,1.41141e+06,1.42127e+06,9853.86
3,15,Linear,Logic,1.41141e+06,1.42127e+06,9853.86
3,15,activation,Logic,1.42127e+06,1.42133e+06,57.7375
3,15,up_proj,GPU,1.42133e+06,1.43118e+06,9853.86
3,15,Linear,Logic,1.42133e+06,1.43118e+06,9853.86
3,15,down_proj,GPU,1.43118e+06,1.44103e+06,9853.86
3,15,Linear,Logic,1.43118e+06,1.44103e+06,9853.86
3,15,expert_FFN_7,GPU,1.44103e+06,1.46741e+06,26379.6
3,15,gate_proj,GPU,1.44103e+06,1.44981e+06,8778.23
3,15,Linear,Logic,1.44103e+06,1.44981e+06,8778.23
3,15,activation,Logic,1.44981e+06,1.44986e+06,44.9069
3,15,up_proj,GPU,1.44986e+06,1.45864e+06,8778.23
3,15,Linear,Logic,1.44986e+06,1.45864e+06,8778.23
3,15,down_proj,GPU,1.45864e+06,1.46741e+06,8778.23
3,15,Linear,Logic,1.45864e+06,1.46741e+06,8778.23
3,15,sync_2,GPU,1.46741e+06,1.47069e+06,3276.37
3,15,sync__set,GPU,1.46741e+06,1.46741e+06,0
3,15,sync__,GPU,1.46741e+06,1.47069e+06,3276.37
3,15,moe_all_reduce_for_e_tp,GPU,1.47069e+06,1.47069e+06,0
3,15,sync_3,GPU,1.47069e+06,1.47069e+06,0
3,15,sync__set,GPU,1.47069e+06,1.47069e+06,0
3,15,sync__,GPU,1.47069e+06,1.47069e+06,0
3,15,moe_gather,GPU,1.47069e+06,1.47069e+06,0
3,15,sync_for_moe_gather,GPU,1.47069e+06,1.47069e+06,0
3,15,sync__set,GPU,1.47069e+06,1.47069e+06,0
3,15,sync__,GPU,1.47069e+06,1.47069e+06,0
3,15,moe_all_reduce_for_gather,GPU,1.47069e+06,1.47593e+06,5236.91
3,15,sync_5,GPU,1.47593e+06,1.47593e+06,0
3,15,sync__set,GPU,1.47593e+06,1.47593e+06,0
3,15,sync__,GPU,1.47593e+06,1.47593e+06,0
3,15,sync_6,GPU,1.47593e+06,1.47593e+06,0
3,15,sync__set,GPU,1.47593e+06,1.47593e+06,0
3,15,sync__,GPU,1.47593e+06,1.47593e+06,0
3,15,residual_2,GPU,1.47593e+06,1.47609e+06,158.854
3,16,MoE_decoder_16,GPU,1.47609e+06,1.55831e+06,82220.6
3,16,input_layer_norm,GPU,1.47609e+06,1.47624e+06,158.854
3,16,attention,GPU,1.47624e+06,1.49319e+06,16945.7
3,16,attn_qkv_proj,GPU,1.47624e+06,1.48011e+06,3861.38
3,16,Linear,GPU,1.47624e+06,1.48011e+06,3861.38
3,16,self_attention,GPU,1.48011e+06,1.48535e+06,5247.08
3,16,AttentionSplit,GPU,1.48011e+06,1.48011e+06,0
3,16,AttentionSum,Logic,1.48011e+06,1.48011e+06,0
3,16,AttentionGen,Logic,1.48011e+06,1.48535e+06,5247.08
3,16,AttentionMerge,GPU,1.48535e+06,1.48535e+06,0
3,16,attn_o_proj,GPU,1.48535e+06,1.48795e+06,2600.32
3,16,Linear,GPU,1.48535e+06,1.48795e+06,2600.32
3,16,all_reduce,GPU,1.48795e+06,1.49319e+06,5236.91
3,16,residual_1,GPU,1.49319e+06,1.49335e+06,158.854
3,16,post_attn_layer_norm,GPU,1.49335e+06,1.49351e+06,158.854
3,16,expertFFN,GPU,1.49351e+06,1.55815e+06,64639.4
3,16,sync_0,GPU,1.49351e+06,1.49351e+06,0
3,16,sync__set,GPU,1.49351e+06,1.49351e+06,0
3,16,sync__,GPU,1.49351e+06,1.49351e+06,0
3,16,gate_fn,GPU,1.49351e+06,1.49361e+06,97.9093
3,16,Linear,GPU,1.49351e+06,1.49361e+06,97.9093
3,16,gate_update,GPU,1.49361e+06,1.49361e+06,0
3,16,moe_scatter,GPU,1.49361e+06,1.49361e+06,0
3,16,sync_for_moe_scatter,GPU,1.49361e+06,1.49361e+06,0
3,16,sync__set,GPU,1.49361e+06,1.49361e+06,0
3,16,sync__,GPU,1.49361e+06,1.49361e+06,0
3,16,moe_route,GPU,1.49361e+06,1.49361e+06,0
3,16,expert_FFN_6,GPU,1.49361e+06,1.51999e+06,26379.6
3,16,gate_proj,GPU,1.49361e+06,1.50238e+06,8778.23
3,16,Linear,Logic,1.49361e+06,1.50238e+06,8778.23
3,16,activation,Logic,1.50238e+06,1.50243e+06,44.9069
3,16,up_proj,GPU,1.50243e+06,1.51121e+06,8778.23
3,16,Linear,Logic,1.50243e+06,1.51121e+06,8778.23
3,16,down_proj,GPU,1.51121e+06,1.51999e+06,8778.23
3,16,Linear,Logic,1.51121e+06,1.51999e+06,8778.23
3,16,expert_FFN_7,GPU,1.51999e+06,1.54637e+06,26379.6
3,16,gate_proj,GPU,1.51999e+06,1.52876e+06,8778.23
3,16,Linear,Logic,1.51999e+06,1.52876e+06,8778.23
3,16,activation,Logic,1.52876e+06,1.52881e+06,44.9069
3,16,up_proj,GPU,1.52881e+06,1.53759e+06,8778.23
3,16,Linear,Logic,1.52881e+06,1.53759e+06,8778.23
3,16,down_proj,GPU,1.53759e+06,1.54637e+06,8778.23
3,16,Linear,Logic,1.53759e+06,1.54637e+06,8778.23
3,16,sync_2,GPU,1.54637e+06,1.55291e+06,6545.41
3,16,sync__set,GPU,1.54637e+06,1.54637e+06,0
3,16,sync__,GPU,1.54637e+06,1.55291e+06,6545.41
3,16,moe_all_reduce_for_e_tp,GPU,1.55291e+06,1.55291e+06,0
3,16,sync_3,GPU,1.55291e+06,1.55291e+06,0
3,16,sync__set,GPU,1.55291e+06,1.55291e+06,0
3,16,sync__,GPU,1.55291e+06,1.55291e+06,0
3,16,moe_gather,GPU,1.55291e+06,1.55291e+06,0
3,16,sync_for_moe_gather,GPU,1.55291e+06,1.55291e+06,0
3,16,sync__set,GPU,1.55291e+06,1.55291e+06,0
3,16,sync__,GPU,1.55291e+06,1.55291e+06,0
3,16,moe_all_reduce_for_gather,GPU,1.55291e+06,1.55815e+06,5236.91
3,16,sync_5,GPU,1.55815e+06,1.55815e+06,0
3,16,sync__set,GPU,1.55815e+06,1.55815e+06,0
3,16,sync__,GPU,1.55815e+06,1.55815e+06,0
3,16,sync_6,GPU,1.55815e+06,1.55815e+06,0
3,16,sync__set,GPU,1.55815e+06,1.55815e+06,0
3,16,sync__,GPU,1.55815e+06,1.55815e+06,0
3,16,residual_2,GPU,1.55815e+06,1.55831e+06,158.854
3,17,MoE_decoder_17,GPU,1.55831e+06,1.64711e+06,88802.6
3,17,input_layer_norm,GPU,1.55831e+06,1.55847e+06,158.854
3,17,attention,GPU,1.55847e+06,1.57541e+06,16945.7
3,17,attn_qkv_proj,GPU,1.55847e+06,1.56233e+06,3861.38
3,17,Linear,GPU,1.55847e+06,1.56233e+06,3861.38
3,17,self_attention,GPU,1.56233e+06,1.56757e+06,5247.08
3,17,AttentionSplit,GPU,1.56233e+06,1.56233e+06,0
3,17,AttentionSum,Logic,1.56233e+06,1.56233e+06,0
3,17,AttentionGen,Logic,1.56233e+06,1.56757e+06,5247.08
3,17,AttentionMerge,GPU,1.56757e+06,1.56757e+06,0
3,17,attn_o_proj,GPU,1.56757e+06,1.57017e+06,2600.32
3,17,Linear,GPU,1.56757e+06,1.57017e+06,2600.32
3,17,all_reduce,GPU,1.57017e+06,1.57541e+06,5236.91
3,17,residual_1,GPU,1.57541e+06,1.57557e+06,158.854
3,17,post_attn_layer_norm,GPU,1.57557e+06,1.57573e+06,158.854
3,17,expertFFN,GPU,1.57573e+06,1.64695e+06,71221.5
3,17,sync_0,GPU,1.57573e+06,1.57573e+06,0
3,17,sync__set,GPU,1.57573e+06,1.57573e+06,0
3,17,sync__,GPU,1.57573e+06,1.57573e+06,0
3,17,gate_fn,GPU,1.57573e+06,1.57583e+06,97.9093
3,17,Linear,GPU,1.57573e+06,1.57583e+06,97.9093
3,17,gate_update,GPU,1.57583e+06,1.57583e+06,0
3,17,moe_scatter,GPU,1.57583e+06,1.57583e+06,0
3,17,sync_for_moe_scatter,GPU,1.57583e+06,1.57583e+06,0
3,17,sync__set,GPU,1.57583e+06,1.57583e+06,0
3,17,sync__,GPU,1.57583e+06,1.57583e+06,0
3,17,moe_route,GPU,1.57583e+06,1.57583e+06,0
3,17,expert_FFN_6,GPU,1.57583e+06,1.60216e+06,26335.6
3,17,gate_proj,GPU,1.57583e+06,1.5846e+06,8769.99
3,17,Linear,Logic,1.57583e+06,1.5846e+06,8769.99
3,17,activation,Logic,1.5846e+06,1.58462e+06,25.6611
3,17,up_proj,GPU,1.58462e+06,1.59339e+06,8769.99
3,17,Linear,Logic,1.58462e+06,1.59339e+06,8769.99
3,17,down_proj,GPU,1.59339e+06,1.60216e+06,8769.99
3,17,Linear,Logic,1.59339e+06,1.60216e+06,8769.99
3,17,expert_FFN_7,GPU,1.60216e+06,1.62856e+06,26394.3
3,17,gate_proj,GPU,1.60216e+06,1.61094e+06,8780.98
3,17,Linear,Logic,1.60216e+06,1.61094e+06,8780.98
3,17,activation,Logic,1.61094e+06,1.61099e+06,51.3222
3,17,up_proj,GPU,1.61099e+06,1.61978e+06,8780.98
3,17,Linear,Logic,1.61099e+06,1.61978e+06,8780.98
3,17,down_proj,GPU,1.61978e+06,1.62856e+06,8780.98
3,17,Linear,Logic,1.61978e+06,1.62856e+06,8780.98
3,17,sync_2,GPU,1.62856e+06,1.64171e+06,13156.8
3,17,sync__set,GPU,1.62856e+06,1.62856e+06,0
3,17,sync__,GPU,1.62856e+06,1.64171e+06,13156.8
3,17,moe_all_reduce_for_e_tp,GPU,1.64171e+06,1.64171e+06,0
3,17,sync_3,GPU,1.64171e+06,1.64171e+06,0
3,17,sync__set,GPU,1.64171e+06,1.64171e+06,0
3,17,sync__,GPU,1.64171e+06,1.64171e+06,0
3,17,moe_gather,GPU,1.64171e+06,1.64171e+06,0
3,17,sync_for_moe_gather,GPU,1.64171e+06,1.64171e+06,0
3,17,sync__set,GPU,1.64171e+06,1.64171e+06,0
3,17,sync__,GPU,1.64171e+06,1.64171e+06,0
3,17,moe_all_reduce_for_gather,GPU,1.64171e+06,1.64695e+06,5236.91
3,17,sync_5,GPU,1.64695e+06,1.64695e+06,0
3,17,sync__set,GPU,1.64695e+06,1.64695e+06,0
3,17,sync__,GPU,1.64695e+06,1.64695e+06,0
3,17,sync_6,GPU,1.64695e+06,1.64695e+06,0
3,17,sync__set,GPU,1.64695e+06,1.64695e+06,0
3,17,sync__,GPU,1.64695e+06,1.64695e+06,0
3,17,residual_2,GPU,1.64695e+06,1.64711e+06,158.854
3,18,MoE_decoder_18,GPU,1.64711e+06,1.73585e+06,88736.6
3,18,input_layer_norm,GPU,1.64711e+06,1.64727e+06,158.854
3,18,attention,GPU,1.64727e+06,1.66421e+06,16945.7
3,18,attn_qkv_proj,GPU,1.64727e+06,1.65113e+06,3861.38
3,18,Linear,GPU,1.64727e+06,1.65113e+06,3861.38
3,18,self_attention,GPU,1.65113e+06,1.65638e+06,5247.08
3,18,AttentionSplit,GPU,1.65113e+06,1.65113e+06,0
3,18,AttentionSum,Logic,1.65113e+06,1.65113e+06,0
3,18,AttentionGen,Logic,1.65113e+06,1.65638e+06,5247.08
3,18,AttentionMerge,GPU,1.65638e+06,1.65638e+06,0
3,18,attn_o_proj,GPU,1.65638e+06,1.65898e+06,2600.32
3,18,Linear,GPU,1.65638e+06,1.65898e+06,2600.32
3,18,all_reduce,GPU,1.65898e+06,1.66421e+06,5236.91
3,18,residual_1,GPU,1.66421e+06,1.66437e+06,158.854
3,18,post_attn_layer_norm,GPU,1.66437e+06,1.66453e+06,158.854
3,18,expertFFN,GPU,1.66453e+06,1.73569e+06,71155.5
3,18,sync_0,GPU,1.66453e+06,1.66453e+06,0
3,18,sync__set,GPU,1.66453e+06,1.66453e+06,0
3,18,sync__,GPU,1.66453e+06,1.66453e+06,0
3,18,gate_fn,GPU,1.66453e+06,1.66463e+06,97.9093
3,18,Linear,GPU,1.66453e+06,1.66463e+06,97.9093
3,18,gate_update,GPU,1.66463e+06,1.66463e+06,0
3,18,moe_scatter,GPU,1.66463e+06,1.66463e+06,0
3,18,sync_for_moe_scatter,GPU,1.66463e+06,1.66463e+06,0
3,18,sync__set,GPU,1.66463e+06,1.66463e+06,0
3,18,sync__,GPU,1.66463e+06,1.66463e+06,0
3,18,moe_route,GPU,1.66463e+06,1.66463e+06,0
3,18,expert_FFN_6,GPU,1.66463e+06,1.69425e+06,29619.3
3,18,gate_proj,GPU,1.66463e+06,1.67448e+06,9853.86
3,18,Linear,Logic,1.66463e+06,1.67448e+06,9853.86
3,18,activation,Logic,1.67448e+06,1.67454e+06,57.7375
3,18,up_proj,GPU,1.67454e+06,1.68439e+06,9853.86
3,18,Linear,Logic,1.67454e+06,1.68439e+06,9853.86
3,18,down_proj,GPU,1.68439e+06,1.69425e+06,9853.86
3,18,Linear,Logic,1.68439e+06,1.69425e+06,9853.86
3,18,expert_FFN_7,GPU,1.69425e+06,1.72064e+06,26394.3
3,18,gate_proj,GPU,1.69425e+06,1.70303e+06,8780.98
3,18,Linear,Logic,1.69425e+06,1.70303e+06,8780.98
3,18,activation,Logic,1.70303e+06,1.70308e+06,51.3222
3,18,up_proj,GPU,1.70308e+06,1.71186e+06,8780.98
3,18,Linear,Logic,1.70308e+06,1.71186e+06,8780.98
3,18,down_proj,GPU,1.71186e+06,1.72064e+06,8780.98
3,18,Linear,Logic,1.71186e+06,1.72064e+06,8780.98
3,18,sync_2,GPU,1.72064e+06,1.73045e+06,9807.12
3,18,sync__set,GPU,1.72064e+06,1.72064e+06,0
3,18,sync__,GPU,1.72064e+06,1.73045e+06,9807.12
3,18,moe_all_reduce_for_e_tp,GPU,1.73045e+06,1.73045e+06,0
3,18,sync_3,GPU,1.73045e+06,1.73045e+06,0
3,18,sync__set,GPU,1.73045e+06,1.73045e+06,0
3,18,sync__,GPU,1.73045e+06,1.73045e+06,0
3,18,moe_gather,GPU,1.73045e+06,1.73045e+06,0
3,18,sync_for_moe_gather,GPU,1.73045e+06,1.73045e+06,0
3,18,sync__set,GPU,1.73045e+06,1.73045e+06,0
3,18,sync__,GPU,1.73045e+06,1.73045e+06,0
3,18,moe_all_reduce_for_gather,GPU,1.73045e+06,1.73569e+06,5236.91
3,18,sync_5,GPU,1.73569e+06,1.73569e+06,0
3,18,sync__set,GPU,1.73569e+06,1.73569e+06,0
3,18,sync__,GPU,1.73569e+06,1.73569e+06,0
3,18,sync_6,GPU,1.73569e+06,1.73569e+06,0
3,18,sync__set,GPU,1.73569e+06,1.73569e+06,0
3,18,sync__,GPU,1.73569e+06,1.73569e+06,0
3,18,residual_2,GPU,1.73569e+06,1.73585e+06,158.854
3,19,MoE_decoder_19,GPU,1.73585e+06,1.82136e+06,85511.6
3,19,input_layer_norm,GPU,1.73585e+06,1.736e+06,158.854
3,19,attention,GPU,1.736e+06,1.75295e+06,16945.7
3,19,attn_qkv_proj,GPU,1.736e+06,1.73987e+06,3861.38
3,19,Linear,GPU,1.736e+06,1.73987e+06,3861.38
3,19,self_attention,GPU,1.73987e+06,1.74511e+06,5247.08
3,19,AttentionSplit,GPU,1.73987e+06,1.73987e+06,0
3,19,AttentionSum,Logic,1.73987e+06,1.73987e+06,0
3,19,AttentionGen,Logic,1.73987e+06,1.74511e+06,5247.08
3,19,AttentionMerge,GPU,1.74511e+06,1.74511e+06,0
3,19,attn_o_proj,GPU,1.74511e+06,1.74771e+06,2600.32
3,19,Linear,GPU,1.74511e+06,1.74771e+06,2600.32
3,19,all_reduce,GPU,1.74771e+06,1.75295e+06,5236.91
3,19,residual_1,GPU,1.75295e+06,1.75311e+06,158.854
3,19,post_attn_layer_norm,GPU,1.75311e+06,1.75327e+06,158.854
3,19,expertFFN,GPU,1.75327e+06,1.8212e+06,67930.5
3,19,sync_0,GPU,1.75327e+06,1.75327e+06,0
3,19,sync__set,GPU,1.75327e+06,1.75327e+06,0
3,19,sync__,GPU,1.75327e+06,1.75327e+06,0
3,19,gate_fn,GPU,1.75327e+06,1.75337e+06,97.9093
3,19,Linear,GPU,1.75327e+06,1.75337e+06,97.9093
3,19,gate_update,GPU,1.75337e+06,1.75337e+06,0
3,19,moe_scatter,GPU,1.75337e+06,1.75337e+06,0
3,19,sync_for_moe_scatter,GPU,1.75337e+06,1.75337e+06,0
3,19,sync__set,GPU,1.75337e+06,1.75337e+06,0
3,19,sync__,GPU,1.75337e+06,1.75337e+06,0
3,19,moe_route,GPU,1.75337e+06,1.75337e+06,0
3,19,expert_FFN_6,GPU,1.75337e+06,1.77976e+06,26394.3
3,19,gate_proj,GPU,1.75337e+06,1.76215e+06,8780.98
3,19,Linear,Logic,1.75337e+06,1.76215e+06,8780.98
3,19,activation,Logic,1.76215e+06,1.7622e+06,51.3222
3,19,up_proj,GPU,1.7622e+06,1.77098e+06,8780.98
3,19,Linear,Logic,1.7622e+06,1.77098e+06,8780.98
3,19,down_proj,GPU,1.77098e+06,1.77976e+06,8780.98
3,19,Linear,Logic,1.77098e+06,1.77976e+06,8780.98
3,19,expert_FFN_7,GPU,1.77976e+06,1.80938e+06,29619.3
3,19,gate_proj,GPU,1.77976e+06,1.78961e+06,9853.86
3,19,Linear,Logic,1.77976e+06,1.78961e+06,9853.86
3,19,activation,Logic,1.78961e+06,1.78967e+06,57.7375
3,19,up_proj,GPU,1.78967e+06,1.79953e+06,9853.86
3,19,Linear,Logic,1.78967e+06,1.79953e+06,9853.86
3,19,down_proj,GPU,1.79953e+06,1.80938e+06,9853.86
3,19,Linear,Logic,1.79953e+06,1.80938e+06,9853.86
3,19,sync_2,GPU,1.80938e+06,1.81596e+06,6582.07
3,19,sync__set,GPU,1.80938e+06,1.80938e+06,0
3,19,sync__,GPU,1.80938e+06,1.81596e+06,6582.07
3,19,moe_all_reduce_for_e_tp,GPU,1.81596e+06,1.81596e+06,0
3,19,sync_3,GPU,1.81596e+06,1.81596e+06,0
3,19,sync__set,GPU,1.81596e+06,1.81596e+06,0
3,19,sync__,GPU,1.81596e+06,1.81596e+06,0
3,19,moe_gather,GPU,1.81596e+06,1.81596e+06,0
3,19,sync_for_moe_gather,GPU,1.81596e+06,1.81596e+06,0
3,19,sync__set,GPU,1.81596e+06,1.81596e+06,0
3,19,sync__,GPU,1.81596e+06,1.81596e+06,0
3,19,moe_all_reduce_for_gather,GPU,1.81596e+06,1.8212e+06,5236.91
3,19,sync_5,GPU,1.8212e+06,1.8212e+06,0
3,19,sync__set,GPU,1.8212e+06,1.8212e+06,0
3,19,sync__,GPU,1.8212e+06,1.8212e+06,0
3,19,sync_6,GPU,1.8212e+06,1.8212e+06,0
3,19,sync__set,GPU,1.8212e+06,1.8212e+06,0
3,19,sync__,GPU,1.8212e+06,1.8212e+06,0
3,19,residual_2,GPU,1.8212e+06,1.82136e+06,158.854
3,20,MoE_decoder_20,GPU,1.82136e+06,1.91344e+06,92079
3,20,input_layer_norm,GPU,1.82136e+06,1.82152e+06,158.854
3,20,attention,GPU,1.82152e+06,1.83846e+06,16945.7
3,20,attn_qkv_proj,GPU,1.82152e+06,1.82538e+06,3861.38
3,20,Linear,GPU,1.82152e+06,1.82538e+06,3861.38
3,20,self_attention,GPU,1.82538e+06,1.83062e+06,5247.08
3,20,AttentionSplit,GPU,1.82538e+06,1.82538e+06,0
3,20,AttentionSum,Logic,1.82538e+06,1.82538e+06,0
3,20,AttentionGen,Logic,1.82538e+06,1.83062e+06,5247.08
3,20,AttentionMerge,GPU,1.83062e+06,1.83062e+06,0
3,20,attn_o_proj,GPU,1.83062e+06,1.83323e+06,2600.32
3,20,Linear,GPU,1.83062e+06,1.83323e+06,2600.32
3,20,all_reduce,GPU,1.83323e+06,1.83846e+06,5236.91
3,20,residual_1,GPU,1.83846e+06,1.83862e+06,158.854
3,20,post_attn_layer_norm,GPU,1.83862e+06,1.83878e+06,158.854
3,20,expertFFN,GPU,1.83878e+06,1.91328e+06,74497.9
3,20,sync_0,GPU,1.83878e+06,1.83878e+06,0
3,20,sync__set,GPU,1.83878e+06,1.83878e+06,0
3,20,sync__,GPU,1.83878e+06,1.83878e+06,0
3,20,gate_fn,GPU,1.83878e+06,1.83888e+06,97.9093
3,20,Linear,GPU,1.83878e+06,1.83888e+06,97.9093
3,20,gate_update,GPU,1.83888e+06,1.83888e+06,0
3,20,moe_scatter,GPU,1.83888e+06,1.83888e+06,0
3,20,sync_for_moe_scatter,GPU,1.83888e+06,1.83888e+06,0
3,20,sync__set,GPU,1.83888e+06,1.83888e+06,0
3,20,sync__,GPU,1.83888e+06,1.83888e+06,0
3,20,moe_route,GPU,1.83888e+06,1.83888e+06,0
3,20,expert_FFN_6,GPU,1.83888e+06,1.87508e+06,36201.4
3,20,gate_proj,GPU,1.83888e+06,1.85092e+06,12043.6
3,20,Linear,Logic,1.83888e+06,1.85092e+06,12043.6
3,20,activation,Logic,1.85092e+06,1.85099e+06,70.568
3,20,up_proj,GPU,1.85099e+06,1.86304e+06,12043.6
3,20,Linear,Logic,1.85099e+06,1.86304e+06,12043.6
3,20,down_proj,GPU,1.86304e+06,1.87508e+06,12043.6
3,20,Linear,Logic,1.86304e+06,1.87508e+06,12043.6
3,20,expert_FFN_7,GPU,1.87508e+06,1.90143e+06,26350.3
3,20,gate_proj,GPU,1.87508e+06,1.88385e+06,8772.74
3,20,Linear,Logic,1.87508e+06,1.88385e+06,8772.74
3,20,activation,Logic,1.88385e+06,1.88388e+06,32.0764
3,20,up_proj,GPU,1.88388e+06,1.89266e+06,8772.74
3,20,Linear,Logic,1.88388e+06,1.89266e+06,8772.74
3,20,down_proj,GPU,1.89266e+06,1.90143e+06,8772.74
3,20,Linear,Logic,1.89266e+06,1.90143e+06,8772.74
3,20,sync_2,GPU,1.90143e+06,1.90804e+06,6611.4
3,20,sync__set,GPU,1.90143e+06,1.90143e+06,0
3,20,sync__,GPU,1.90143e+06,1.90804e+06,6611.4
3,20,moe_all_reduce_for_e_tp,GPU,1.90804e+06,1.90804e+06,0
3,20,sync_3,GPU,1.90804e+06,1.90804e+06,0
3,20,sync__set,GPU,1.90804e+06,1.90804e+06,0
3,20,sync__,GPU,1.90804e+06,1.90804e+06,0
3,20,moe_gather,GPU,1.90804e+06,1.90804e+06,0
3,20,sync_for_moe_gather,GPU,1.90804e+06,1.90804e+06,0
3,20,sync__set,GPU,1.90804e+06,1.90804e+06,0
3,20,sync__,GPU,1.90804e+06,1.90804e+06,0
3,20,moe_all_reduce_for_gather,GPU,1.90804e+06,1.91328e+06,5236.91
3,20,sync_5,GPU,1.91328e+06,1.91328e+06,0
3,20,sync__set,GPU,1.91328e+06,1.91328e+06,0
3,20,sync__,GPU,1.91328e+06,1.91328e+06,0
3,20,sync_6,GPU,1.91328e+06,1.91328e+06,0
3,20,sync__set,GPU,1.91328e+06,1.91328e+06,0
3,20,sync__,GPU,1.91328e+06,1.91328e+06,0
3,20,residual_2,GPU,1.91328e+06,1.91344e+06,158.854
3,21,MoE_decoder_21,GPU,1.91344e+06,2.00552e+06,92079
3,21,input_layer_norm,GPU,1.91344e+06,1.9136e+06,158.854
3,21,attention,GPU,1.9136e+06,1.93054e+06,16945.7
3,21,attn_qkv_proj,GPU,1.9136e+06,1.91746e+06,3861.38
3,21,Linear,GPU,1.9136e+06,1.91746e+06,3861.38
3,21,self_attention,GPU,1.91746e+06,1.9227e+06,5247.08
3,21,AttentionSplit,GPU,1.91746e+06,1.91746e+06,0
3,21,AttentionSum,Logic,1.91746e+06,1.91746e+06,0
3,21,AttentionGen,Logic,1.91746e+06,1.9227e+06,5247.08
3,21,AttentionMerge,GPU,1.9227e+06,1.9227e+06,0
3,21,attn_o_proj,GPU,1.9227e+06,1.9253e+06,2600.32
3,21,Linear,GPU,1.9227e+06,1.9253e+06,2600.32
3,21,all_reduce,GPU,1.9253e+06,1.93054e+06,5236.91
3,21,residual_1,GPU,1.93054e+06,1.9307e+06,158.854
3,21,post_attn_layer_norm,GPU,1.9307e+06,1.93086e+06,158.854
3,21,expertFFN,GPU,1.93086e+06,2.00536e+06,74497.9
3,21,sync_0,GPU,1.93086e+06,1.93086e+06,0
3,21,sync__set,GPU,1.93086e+06,1.93086e+06,0
3,21,sync__,GPU,1.93086e+06,1.93086e+06,0
3,21,gate_fn,GPU,1.93086e+06,1.93096e+06,97.9093
3,21,Linear,GPU,1.93086e+06,1.93096e+06,97.9093
3,21,gate_update,GPU,1.93096e+06,1.93096e+06,0
3,21,moe_scatter,GPU,1.93096e+06,1.93096e+06,0
3,21,sync_for_moe_scatter,GPU,1.93096e+06,1.93096e+06,0
3,21,sync__set,GPU,1.93096e+06,1.93096e+06,0
3,21,sync__,GPU,1.93096e+06,1.93096e+06,0
3,21,moe_route,GPU,1.93096e+06,1.93096e+06,0
3,21,expert_FFN_6,GPU,1.93096e+06,1.97374e+06,42783.5
3,21,gate_proj,GPU,1.93096e+06,1.94519e+06,14233.4
3,21,Linear,Logic,1.93096e+06,1.94519e+06,14233.4
3,21,activation,Logic,1.94519e+06,1.94527e+06,83.3986
3,21,up_proj,GPU,1.94527e+06,1.95951e+06,14233.4
3,21,Linear,Logic,1.94527e+06,1.95951e+06,14233.4
3,21,down_proj,GPU,1.95951e+06,1.97374e+06,14233.4
3,21,Linear,Logic,1.95951e+06,1.97374e+06,14233.4
3,21,expert_FFN_7,GPU,1.97374e+06,2.00012e+06,26379.6
3,21,gate_proj,GPU,1.97374e+06,1.98252e+06,8778.23
3,21,Linear,Logic,1.97374e+06,1.98252e+06,8778.23
3,21,activation,Logic,1.98252e+06,1.98256e+06,44.9069
3,21,up_proj,GPU,1.98256e+06,1.99134e+06,8778.23
3,21,Linear,Logic,1.98256e+06,1.99134e+06,8778.23
3,21,down_proj,GPU,1.99134e+06,2.00012e+06,8778.23
3,21,Linear,Logic,1.99134e+06,2.00012e+06,8778.23
3,21,sync_2,GPU,2.00012e+06,2.00012e+06,0
3,21,sync__set,GPU,2.00012e+06,2.00012e+06,0
3,21,sync__,GPU,2.00012e+06,2.00012e+06,0
3,21,moe_all_reduce_for_e_tp,GPU,2.00012e+06,2.00012e+06,0
3,21,sync_3,GPU,2.00012e+06,2.00012e+06,0
3,21,sync__set,GPU,2.00012e+06,2.00012e+06,0
3,21,sync__,GPU,2.00012e+06,2.00012e+06,0
3,21,moe_gather,GPU,2.00012e+06,2.00012e+06,0
3,21,sync_for_moe_gather,GPU,2.00012e+06,2.00012e+06,0
3,21,sync__set,GPU,2.00012e+06,2.00012e+06,0
3,21,sync__,GPU,2.00012e+06,2.00012e+06,0
3,21,moe_all_reduce_for_gather,GPU,2.00012e+06,2.00536e+06,5236.91
3,21,sync_5,GPU,2.00536e+06,2.00536e+06,0
3,21,sync__set,GPU,2.00536e+06,2.00536e+06,0
3,21,sync__,GPU,2.00536e+06,2.00536e+06,0
3,21,sync_6,GPU,2.00536e+06,2.00536e+06,0
3,21,sync__set,GPU,2.00536e+06,2.00536e+06,0
3,21,sync__,GPU,2.00536e+06,2.00536e+06,0
3,21,residual_2,GPU,2.00536e+06,2.00552e+06,158.854
3,22,MoE_decoder_22,GPU,2.00552e+06,2.09096e+06,85445.6
3,22,input_layer_norm,GPU,2.00552e+06,2.00567e+06,158.854
3,22,attention,GPU,2.00567e+06,2.02262e+06,16945.7
3,22,attn_qkv_proj,GPU,2.00567e+06,2.00954e+06,3861.38
3,22,Linear,GPU,2.00567e+06,2.00954e+06,3861.38
3,22,self_attention,GPU,2.00954e+06,2.01478e+06,5247.08
3,22,AttentionSplit,GPU,2.00954e+06,2.00954e+06,0
3,22,AttentionSum,Logic,2.00954e+06,2.00954e+06,0
3,22,AttentionGen,Logic,2.00954e+06,2.01478e+06,5247.08
3,22,AttentionMerge,GPU,2.01478e+06,2.01478e+06,0
3,22,attn_o_proj,GPU,2.01478e+06,2.01738e+06,2600.32
3,22,Linear,GPU,2.01478e+06,2.01738e+06,2600.32
3,22,all_reduce,GPU,2.01738e+06,2.02262e+06,5236.91
3,22,residual_1,GPU,2.02262e+06,2.02278e+06,158.854
3,22,post_attn_layer_norm,GPU,2.02278e+06,2.02294e+06,158.854
3,22,expertFFN,GPU,2.02294e+06,2.0908e+06,67864.5
3,22,sync_0,GPU,2.02294e+06,2.02294e+06,0
3,22,sync__set,GPU,2.02294e+06,2.02294e+06,0
3,22,sync__,GPU,2.02294e+06,2.02294e+06,0
3,22,gate_fn,GPU,2.02294e+06,2.02304e+06,97.9093
3,22,Linear,GPU,2.02294e+06,2.02304e+06,97.9093
3,22,gate_update,GPU,2.02304e+06,2.02304e+06,0
3,22,moe_scatter,GPU,2.02304e+06,2.02304e+06,0
3,22,sync_for_moe_scatter,GPU,2.02304e+06,2.02304e+06,0
3,22,sync__set,GPU,2.02304e+06,2.02304e+06,0
3,22,sync__,GPU,2.02304e+06,2.02304e+06,0
3,22,moe_route,GPU,2.02304e+06,2.02304e+06,0
3,22,expert_FFN_6,GPU,2.02304e+06,2.04943e+06,26394.3
3,22,gate_proj,GPU,2.02304e+06,2.03182e+06,8780.98
3,22,Linear,Logic,2.02304e+06,2.03182e+06,8780.98
3,22,activation,Logic,2.03182e+06,2.03187e+06,51.3222
3,22,up_proj,GPU,2.03187e+06,2.04065e+06,8780.98
3,22,Linear,Logic,2.03187e+06,2.04065e+06,8780.98
3,22,down_proj,GPU,2.04065e+06,2.04943e+06,8780.98
3,22,Linear,Logic,2.04065e+06,2.04943e+06,8780.98
3,22,expert_FFN_7,GPU,2.04943e+06,2.07578e+06,26350.3
3,22,gate_proj,GPU,2.04943e+06,2.0582e+06,8772.74
3,22,Linear,Logic,2.04943e+06,2.0582e+06,8772.74
3,22,activation,Logic,2.0582e+06,2.05823e+06,32.0764
3,22,up_proj,GPU,2.05823e+06,2.06701e+06,8772.74
3,22,Linear,Logic,2.05823e+06,2.06701e+06,8772.74
3,22,down_proj,GPU,2.06701e+06,2.07578e+06,8772.74
3,22,Linear,Logic,2.06701e+06,2.07578e+06,8772.74
3,22,sync_2,GPU,2.07578e+06,2.08557e+06,9785.13
3,22,sync__set,GPU,2.07578e+06,2.07578e+06,0
3,22,sync__,GPU,2.07578e+06,2.08557e+06,9785.13
3,22,moe_all_reduce_for_e_tp,GPU,2.08557e+06,2.08557e+06,0
3,22,sync_3,GPU,2.08557e+06,2.08557e+06,0
3,22,sync__set,GPU,2.08557e+06,2.08557e+06,0
3,22,sync__,GPU,2.08557e+06,2.08557e+06,0
3,22,moe_gather,GPU,2.08557e+06,2.08557e+06,0
3,22,sync_for_moe_gather,GPU,2.08557e+06,2.08557e+06,0
3,22,sync__set,GPU,2.08557e+06,2.08557e+06,0
3,22,sync__,GPU,2.08557e+06,2.08557e+06,0
3,22,moe_all_reduce_for_gather,GPU,2.08557e+06,2.0908e+06,5236.91
3,22,sync_5,GPU,2.0908e+06,2.0908e+06,0
3,22,sync__set,GPU,2.0908e+06,2.0908e+06,0
3,22,sync__,GPU,2.0908e+06,2.0908e+06,0
3,22,sync_6,GPU,2.0908e+06,2.0908e+06,0
3,22,sync__set,GPU,2.0908e+06,2.0908e+06,0
3,22,sync__,GPU,2.0908e+06,2.0908e+06,0
3,22,residual_2,GPU,2.0908e+06,2.09096e+06,158.854
3,23,MoE_decoder_23,GPU,2.09096e+06,2.17975e+06,88788
3,23,input_layer_norm,GPU,2.09096e+06,2.09112e+06,158.854
3,23,attention,GPU,2.09112e+06,2.10807e+06,16945.7
3,23,attn_qkv_proj,GPU,2.09112e+06,2.09498e+06,3861.38
3,23,Linear,GPU,2.09112e+06,2.09498e+06,3861.38
3,23,self_attention,GPU,2.09498e+06,2.10023e+06,5247.08
3,23,AttentionSplit,GPU,2.09498e+06,2.09498e+06,0
3,23,AttentionSum,Logic,2.09498e+06,2.09498e+06,0
3,23,AttentionGen,Logic,2.09498e+06,2.10023e+06,5247.08
3,23,AttentionMerge,GPU,2.10023e+06,2.10023e+06,0
3,23,attn_o_proj,GPU,2.10023e+06,2.10283e+06,2600.32
3,23,Linear,GPU,2.10023e+06,2.10283e+06,2600.32
3,23,all_reduce,GPU,2.10283e+06,2.10807e+06,5236.91
3,23,residual_1,GPU,2.10807e+06,2.10822e+06,158.854
3,23,post_attn_layer_norm,GPU,2.10822e+06,2.10838e+06,158.854
3,23,expertFFN,GPU,2.10838e+06,2.17959e+06,71206.9
3,23,sync_0,GPU,2.10838e+06,2.10838e+06,0
3,23,sync__set,GPU,2.10838e+06,2.10838e+06,0
3,23,sync__,GPU,2.10838e+06,2.10838e+06,0
3,23,gate_fn,GPU,2.10838e+06,2.10848e+06,97.9093
3,23,Linear,GPU,2.10838e+06,2.10848e+06,97.9093
3,23,gate_update,GPU,2.10848e+06,2.10848e+06,0
3,23,moe_scatter,GPU,2.10848e+06,2.10848e+06,0
3,23,sync_for_moe_scatter,GPU,2.10848e+06,2.10848e+06,0
3,23,sync__set,GPU,2.10848e+06,2.10848e+06,0
3,23,sync__,GPU,2.10848e+06,2.10848e+06,0
3,23,moe_route,GPU,2.10848e+06,2.10848e+06,0
3,23,expert_FFN_6,GPU,2.10848e+06,2.1381e+06,29619.3
3,23,gate_proj,GPU,2.10848e+06,2.11834e+06,9853.86
3,23,Linear,Logic,2.10848e+06,2.11834e+06,9853.86
3,23,activation,Logic,2.11834e+06,2.11839e+06,57.7375
3,23,up_proj,GPU,2.11839e+06,2.12825e+06,9853.86
3,23,Linear,Logic,2.11839e+06,2.12825e+06,9853.86
3,23,down_proj,GPU,2.12825e+06,2.1381e+06,9853.86
3,23,Linear,Logic,2.12825e+06,2.1381e+06,9853.86
3,23,expert_FFN_7,GPU,2.1381e+06,2.16449e+06,26394.3
3,23,gate_proj,GPU,2.1381e+06,2.14688e+06,8780.98
3,23,Linear,Logic,2.1381e+06,2.14688e+06,8780.98
3,23,activation,Logic,2.14688e+06,2.14693e+06,51.3222
3,23,up_proj,GPU,2.14693e+06,2.15571e+06,8780.98
3,23,Linear,Logic,2.14693e+06,2.15571e+06,8780.98
3,23,down_proj,GPU,2.15571e+06,2.16449e+06,8780.98
3,23,Linear,Logic,2.15571e+06,2.16449e+06,8780.98
3,23,sync_2,GPU,2.16449e+06,2.17435e+06,9858.44
3,23,sync__set,GPU,2.16449e+06,2.16449e+06,0
3,23,sync__,GPU,2.16449e+06,2.17435e+06,9858.44
3,23,moe_all_reduce_for_e_tp,GPU,2.17435e+06,2.17435e+06,0
3,23,sync_3,GPU,2.17435e+06,2.17435e+06,0
3,23,sync__set,GPU,2.17435e+06,2.17435e+06,0
3,23,sync__,GPU,2.17435e+06,2.17435e+06,0
3,23,moe_gather,GPU,2.17435e+06,2.17435e+06,0
3,23,sync_for_moe_gather,GPU,2.17435e+06,2.17435e+06,0
3,23,sync__set,GPU,2.17435e+06,2.17435e+06,0
3,23,sync__,GPU,2.17435e+06,2.17435e+06,0
3,23,moe_all_reduce_for_gather,GPU,2.17435e+06,2.17959e+06,5236.91
3,23,sync_5,GPU,2.17959e+06,2.17959e+06,0
3,23,sync__set,GPU,2.17959e+06,2.17959e+06,0
3,23,sync__,GPU,2.17959e+06,2.17959e+06,0
3,23,sync_6,GPU,2.17959e+06,2.17959e+06,0
3,23,sync__set,GPU,2.17959e+06,2.17959e+06,0
3,23,sync__,GPU,2.17959e+06,2.17959e+06,0
3,23,residual_2,GPU,2.17959e+06,2.17975e+06,158.854
3,24,MoE_decoder_24,GPU,2.17975e+06,2.26849e+06,88736.6
3,24,input_layer_norm,GPU,2.17975e+06,2.17991e+06,158.854
3,24,attention,GPU,2.17991e+06,2.19685e+06,16945.7
3,24,attn_qkv_proj,GPU,2.17991e+06,2.18377e+06,3861.38
3,24,Linear,GPU,2.17991e+06,2.18377e+06,3861.38
3,24,self_attention,GPU,2.18377e+06,2.18902e+06,5247.08
3,24,AttentionSplit,GPU,2.18377e+06,2.18377e+06,0
3,24,AttentionSum,Logic,2.18377e+06,2.18377e+06,0
3,24,AttentionGen,Logic,2.18377e+06,2.18902e+06,5247.08
3,24,AttentionMerge,GPU,2.18902e+06,2.18902e+06,0
3,24,attn_o_proj,GPU,2.18902e+06,2.19162e+06,2600.32
3,24,Linear,GPU,2.18902e+06,2.19162e+06,2600.32
3,24,all_reduce,GPU,2.19162e+06,2.19685e+06,5236.91
3,24,residual_1,GPU,2.19685e+06,2.19701e+06,158.854
3,24,post_attn_layer_norm,GPU,2.19701e+06,2.19717e+06,158.854
3,24,expertFFN,GPU,2.19717e+06,2.26833e+06,71155.5
3,24,sync_0,GPU,2.19717e+06,2.19717e+06,0
3,24,sync__set,GPU,2.19717e+06,2.19717e+06,0
3,24,sync__,GPU,2.19717e+06,2.19717e+06,0
3,24,gate_fn,GPU,2.19717e+06,2.19727e+06,97.9093
3,24,Linear,GPU,2.19717e+06,2.19727e+06,97.9093
3,24,gate_update,GPU,2.19727e+06,2.19727e+06,0
3,24,moe_scatter,GPU,2.19727e+06,2.19727e+06,0
3,24,sync_for_moe_scatter,GPU,2.19727e+06,2.19727e+06,0
3,24,sync__set,GPU,2.19727e+06,2.19727e+06,0
3,24,sync__,GPU,2.19727e+06,2.19727e+06,0
3,24,moe_route,GPU,2.19727e+06,2.19727e+06,0
3,24,expert_FFN_6,GPU,2.19727e+06,2.22689e+06,29619.3
3,24,gate_proj,GPU,2.19727e+06,2.20712e+06,9853.86
3,24,Linear,Logic,2.19727e+06,2.20712e+06,9853.86
3,24,activation,Logic,2.20712e+06,2.20718e+06,57.7375
3,24,up_proj,GPU,2.20718e+06,2.21703e+06,9853.86
3,24,Linear,Logic,2.20718e+06,2.21703e+06,9853.86
3,24,down_proj,GPU,2.21703e+06,2.22689e+06,9853.86
3,24,Linear,Logic,2.21703e+06,2.22689e+06,9853.86
3,24,expert_FFN_7,GPU,2.22689e+06,2.25325e+06,26364.9
3,24,gate_proj,GPU,2.22689e+06,2.23566e+06,8775.48
3,24,Linear,Logic,2.22689e+06,2.23566e+06,8775.48
3,24,activation,Logic,2.23566e+06,2.2357e+06,38.4916
3,24,up_proj,GPU,2.2357e+06,2.24448e+06,8775.48
3,24,Linear,Logic,2.2357e+06,2.24448e+06,8775.48
3,24,down_proj,GPU,2.24448e+06,2.25325e+06,8775.48
3,24,Linear,Logic,2.24448e+06,2.25325e+06,8775.48
3,24,sync_2,GPU,2.25325e+06,2.26309e+06,9836.45
3,24,sync__set,GPU,2.25325e+06,2.25325e+06,0
3,24,sync__,GPU,2.25325e+06,2.26309e+06,9836.45
3,24,moe_all_reduce_for_e_tp,GPU,2.26309e+06,2.26309e+06,0
3,24,sync_3,GPU,2.26309e+06,2.26309e+06,0
3,24,sync__set,GPU,2.26309e+06,2.26309e+06,0
3,24,sync__,GPU,2.26309e+06,2.26309e+06,0
3,24,moe_gather,GPU,2.26309e+06,2.26309e+06,0
3,24,sync_for_moe_gather,GPU,2.26309e+06,2.26309e+06,0
3,24,sync__set,GPU,2.26309e+06,2.26309e+06,0
3,24,sync__,GPU,2.26309e+06,2.26309e+06,0
3,24,moe_all_reduce_for_gather,GPU,2.26309e+06,2.26833e+06,5236.91
3,24,sync_5,GPU,2.26833e+06,2.26833e+06,0
3,24,sync__set,GPU,2.26833e+06,2.26833e+06,0
3,24,sync__,GPU,2.26833e+06,2.26833e+06,0
3,24,sync_6,GPU,2.26833e+06,2.26833e+06,0
3,24,sync__set,GPU,2.26833e+06,2.26833e+06,0
3,24,sync__,GPU,2.26833e+06,2.26833e+06,0
3,24,residual_2,GPU,2.26833e+06,2.26849e+06,158.854
3,25,MoE_decoder_25,GPU,2.26849e+06,2.37044e+06,101952
3,25,input_layer_norm,GPU,2.26849e+06,2.26864e+06,158.854
3,25,attention,GPU,2.26864e+06,2.28559e+06,16945.7
3,25,attn_qkv_proj,GPU,2.26864e+06,2.27251e+06,3861.38
3,25,Linear,GPU,2.26864e+06,2.27251e+06,3861.38
3,25,self_attention,GPU,2.27251e+06,2.27775e+06,5247.08
3,25,AttentionSplit,GPU,2.27251e+06,2.27251e+06,0
3,25,AttentionSum,Logic,2.27251e+06,2.27251e+06,0
3,25,AttentionGen,Logic,2.27251e+06,2.27775e+06,5247.08
3,25,AttentionMerge,GPU,2.27775e+06,2.27775e+06,0
3,25,attn_o_proj,GPU,2.27775e+06,2.28035e+06,2600.32
3,25,Linear,GPU,2.27775e+06,2.28035e+06,2600.32
3,25,all_reduce,GPU,2.28035e+06,2.28559e+06,5236.91
3,25,residual_1,GPU,2.28559e+06,2.28575e+06,158.854
3,25,post_attn_layer_norm,GPU,2.28575e+06,2.28591e+06,158.854
3,25,expertFFN,GPU,2.28591e+06,2.37028e+06,84371
3,25,sync_0,GPU,2.28591e+06,2.28591e+06,0
3,25,sync__set,GPU,2.28591e+06,2.28591e+06,0
3,25,sync__,GPU,2.28591e+06,2.28591e+06,0
3,25,gate_fn,GPU,2.28591e+06,2.28601e+06,97.9093
3,25,Linear,GPU,2.28591e+06,2.28601e+06,97.9093
3,25,gate_update,GPU,2.28601e+06,2.28601e+06,0
3,25,moe_scatter,GPU,2.28601e+06,2.28601e+06,0
3,25,sync_for_moe_scatter,GPU,2.28601e+06,2.28601e+06,0
3,25,sync__set,GPU,2.28601e+06,2.28601e+06,0
3,25,sync__,GPU,2.28601e+06,2.28601e+06,0
3,25,moe_route,GPU,2.28601e+06,2.28601e+06,0
3,25,expert_FFN_6,GPU,2.28601e+06,2.31892e+06,32910.4
3,25,gate_proj,GPU,2.28601e+06,2.29695e+06,10948.7
3,25,Linear,Logic,2.28601e+06,2.29695e+06,10948.7
3,25,activation,Logic,2.29695e+06,2.29702e+06,64.1527
3,25,up_proj,GPU,2.29702e+06,2.30797e+06,10948.7
3,25,Linear,Logic,2.29702e+06,2.30797e+06,10948.7
3,25,down_proj,GPU,2.30797e+06,2.31892e+06,10948.7
3,25,Linear,Logic,2.30797e+06,2.31892e+06,10948.7
3,25,expert_FFN_7,GPU,2.31892e+06,2.34528e+06,26364.9
3,25,gate_proj,GPU,2.31892e+06,2.32769e+06,8775.48
3,25,Linear,Logic,2.31892e+06,2.32769e+06,8775.48
3,25,activation,Logic,2.32769e+06,2.32773e+06,38.4916
3,25,up_proj,GPU,2.32773e+06,2.33651e+06,8775.48
3,25,Linear,Logic,2.32773e+06,2.33651e+06,8775.48
3,25,down_proj,GPU,2.33651e+06,2.34528e+06,8775.48
3,25,Linear,Logic,2.33651e+06,2.34528e+06,8775.48
3,25,sync_2,GPU,2.34528e+06,2.36504e+06,19760.9
3,25,sync__set,GPU,2.34528e+06,2.34528e+06,0
3,25,sync__,GPU,2.34528e+06,2.36504e+06,19760.9
3,25,moe_all_reduce_for_e_tp,GPU,2.36504e+06,2.36504e+06,0
3,25,sync_3,GPU,2.36504e+06,2.36504e+06,0
3,25,sync__set,GPU,2.36504e+06,2.36504e+06,0
3,25,sync__,GPU,2.36504e+06,2.36504e+06,0
3,25,moe_gather,GPU,2.36504e+06,2.36504e+06,0
3,25,sync_for_moe_gather,GPU,2.36504e+06,2.36504e+06,0
3,25,sync__set,GPU,2.36504e+06,2.36504e+06,0
3,25,sync__,GPU,2.36504e+06,2.36504e+06,0
3,25,moe_all_reduce_for_gather,GPU,2.36504e+06,2.37028e+06,5236.91
3,25,sync_5,GPU,2.37028e+06,2.37028e+06,0
3,25,sync__set,GPU,2.37028e+06,2.37028e+06,0
3,25,sync__,GPU,2.37028e+06,2.37028e+06,0
3,25,sync_6,GPU,2.37028e+06,2.37028e+06,0
3,25,sync__set,GPU,2.37028e+06,2.37028e+06,0
3,25,sync__,GPU,2.37028e+06,2.37028e+06,0
3,25,residual_2,GPU,2.37028e+06,2.37044e+06,158.854
3,26,MoE_decoder_26,GPU,2.37044e+06,2.47563e+06,105192
3,26,input_layer_norm,GPU,2.37044e+06,2.3706e+06,158.854
3,26,attention,GPU,2.3706e+06,2.38754e+06,16945.7
3,26,attn_qkv_proj,GPU,2.3706e+06,2.37446e+06,3861.38
3,26,Linear,GPU,2.3706e+06,2.37446e+06,3861.38
3,26,self_attention,GPU,2.37446e+06,2.37971e+06,5247.08
3,26,AttentionSplit,GPU,2.37446e+06,2.37446e+06,0
3,26,AttentionSum,Logic,2.37446e+06,2.37446e+06,0
3,26,AttentionGen,Logic,2.37446e+06,2.37971e+06,5247.08
3,26,AttentionMerge,GPU,2.37971e+06,2.37971e+06,0
3,26,attn_o_proj,GPU,2.37971e+06,2.38231e+06,2600.32
3,26,Linear,GPU,2.37971e+06,2.38231e+06,2600.32
3,26,all_reduce,GPU,2.38231e+06,2.38754e+06,5236.91
3,26,residual_1,GPU,2.38754e+06,2.3877e+06,158.854
3,26,post_attn_layer_norm,GPU,2.3877e+06,2.38786e+06,158.854
3,26,expertFFN,GPU,2.38786e+06,2.47547e+06,87610.7
3,26,sync_0,GPU,2.38786e+06,2.38786e+06,0
3,26,sync__set,GPU,2.38786e+06,2.38786e+06,0
3,26,sync__,GPU,2.38786e+06,2.38786e+06,0
3,26,gate_fn,GPU,2.38786e+06,2.38796e+06,97.9093
3,26,Linear,GPU,2.38786e+06,2.38796e+06,97.9093
3,26,gate_update,GPU,2.38796e+06,2.38796e+06,0
3,26,moe_scatter,GPU,2.38796e+06,2.38796e+06,0
3,26,sync_for_moe_scatter,GPU,2.38796e+06,2.38796e+06,0
3,26,sync__set,GPU,2.38796e+06,2.38796e+06,0
3,26,sync__,GPU,2.38796e+06,2.38796e+06,0
3,26,moe_route,GPU,2.38796e+06,2.38796e+06,0
3,26,expert_FFN_6,GPU,2.38796e+06,2.41434e+06,26379.6
3,26,gate_proj,GPU,2.38796e+06,2.39674e+06,8778.23
3,26,Linear,Logic,2.38796e+06,2.39674e+06,8778.23
3,26,activation,Logic,2.39674e+06,2.39678e+06,44.9069
3,26,up_proj,GPU,2.39678e+06,2.40556e+06,8778.23
3,26,Linear,Logic,2.39678e+06,2.40556e+06,8778.23
3,26,down_proj,GPU,2.40556e+06,2.41434e+06,8778.23
3,26,Linear,Logic,2.40556e+06,2.41434e+06,8778.23
3,26,expert_FFN_7,GPU,2.41434e+06,2.44073e+06,26394.3
3,26,gate_proj,GPU,2.41434e+06,2.42312e+06,8780.98
3,26,Linear,Logic,2.41434e+06,2.42312e+06,8780.98
3,26,activation,Logic,2.42312e+06,2.42317e+06,51.3222
3,26,up_proj,GPU,2.42317e+06,2.43195e+06,8780.98
3,26,Linear,Logic,2.42317e+06,2.43195e+06,8780.98
3,26,down_proj,GPU,2.43195e+06,2.44073e+06,8780.98
3,26,Linear,Logic,2.43195e+06,2.44073e+06,8780.98
3,26,sync_2,GPU,2.44073e+06,2.47023e+06,29502
3,26,sync__set,GPU,2.44073e+06,2.44073e+06,0
3,26,sync__,GPU,2.44073e+06,2.47023e+06,29502
3,26,moe_all_reduce_for_e_tp,GPU,2.47023e+06,2.47023e+06,0
3,26,sync_3,GPU,2.47023e+06,2.47023e+06,0
3,26,sync__set,GPU,2.47023e+06,2.47023e+06,0
3,26,sync__,GPU,2.47023e+06,2.47023e+06,0
3,26,moe_gather,GPU,2.47023e+06,2.47023e+06,0
3,26,sync_for_moe_gather,GPU,2.47023e+06,2.47023e+06,0
3,26,sync__set,GPU,2.47023e+06,2.47023e+06,0
3,26,sync__,GPU,2.47023e+06,2.47023e+06,0
3,26,moe_all_reduce_for_gather,GPU,2.47023e+06,2.47547e+06,5236.91
3,26,sync_5,GPU,2.47547e+06,2.47547e+06,0
3,26,sync__set,GPU,2.47547e+06,2.47547e+06,0
3,26,sync__,GPU,2.47547e+06,2.47547e+06,0
3,26,sync_6,GPU,2.47547e+06,2.47547e+06,0
3,26,sync__set,GPU,2.47547e+06,2.47547e+06,0
3,26,sync__,GPU,2.47547e+06,2.47547e+06,0
3,26,residual_2,GPU,2.47547e+06,2.47563e+06,158.854
3,27,MoE_decoder_27,GPU,2.47563e+06,2.55782e+06,82191.2
3,27,input_layer_norm,GPU,2.47563e+06,2.47579e+06,158.854
3,27,attention,GPU,2.47579e+06,2.49273e+06,16945.7
3,27,attn_qkv_proj,GPU,2.47579e+06,2.47965e+06,3861.38
3,27,Linear,GPU,2.47579e+06,2.47965e+06,3861.38
3,27,self_attention,GPU,2.47965e+06,2.4849e+06,5247.08
3,27,AttentionSplit,GPU,2.47965e+06,2.47965e+06,0
3,27,AttentionSum,Logic,2.47965e+06,2.47965e+06,0
3,27,AttentionGen,Logic,2.47965e+06,2.4849e+06,5247.08
3,27,AttentionMerge,GPU,2.4849e+06,2.4849e+06,0
3,27,attn_o_proj,GPU,2.4849e+06,2.4875e+06,2600.32
3,27,Linear,GPU,2.4849e+06,2.4875e+06,2600.32
3,27,all_reduce,GPU,2.4875e+06,2.49273e+06,5236.91
3,27,residual_1,GPU,2.49273e+06,2.49289e+06,158.854
3,27,post_attn_layer_norm,GPU,2.49289e+06,2.49305e+06,158.854
3,27,expertFFN,GPU,2.49305e+06,2.55766e+06,64610.1
3,27,sync_0,GPU,2.49305e+06,2.49305e+06,0
3,27,sync__set,GPU,2.49305e+06,2.49305e+06,0
3,27,sync__,GPU,2.49305e+06,2.49305e+06,0
3,27,gate_fn,GPU,2.49305e+06,2.49315e+06,97.9093
3,27,Linear,GPU,2.49305e+06,2.49315e+06,97.9093
3,27,gate_update,GPU,2.49315e+06,2.49315e+06,0
3,27,moe_scatter,GPU,2.49315e+06,2.49315e+06,0
3,27,sync_for_moe_scatter,GPU,2.49315e+06,2.49315e+06,0
3,27,sync__set,GPU,2.49315e+06,2.49315e+06,0
3,27,sync__,GPU,2.49315e+06,2.49315e+06,0
3,27,moe_route,GPU,2.49315e+06,2.49315e+06,0
3,27,expert_FFN_6,GPU,2.49315e+06,2.51954e+06,26394.3
3,27,gate_proj,GPU,2.49315e+06,2.50193e+06,8780.98
3,27,Linear,Logic,2.49315e+06,2.50193e+06,8780.98
3,27,activation,Logic,2.50193e+06,2.50198e+06,51.3222
3,27,up_proj,GPU,2.50198e+06,2.51076e+06,8780.98
3,27,Linear,Logic,2.50198e+06,2.51076e+06,8780.98
3,27,down_proj,GPU,2.51076e+06,2.51954e+06,8780.98
3,27,Linear,Logic,2.51076e+06,2.51954e+06,8780.98
3,27,expert_FFN_7,GPU,2.51954e+06,2.54594e+06,26394.3
3,27,gate_proj,GPU,2.51954e+06,2.52832e+06,8780.98
3,27,Linear,Logic,2.51954e+06,2.52832e+06,8780.98
3,27,activation,Logic,2.52832e+06,2.52838e+06,51.3222
3,27,up_proj,GPU,2.52838e+06,2.53716e+06,8780.98
3,27,Linear,Logic,2.52838e+06,2.53716e+06,8780.98
3,27,down_proj,GPU,2.53716e+06,2.54594e+06,8780.98
3,27,Linear,Logic,2.53716e+06,2.54594e+06,8780.98
3,27,sync_2,GPU,2.54594e+06,2.55243e+06,6486.76
3,27,sync__set,GPU,2.54594e+06,2.54594e+06,0
3,27,sync__,GPU,2.54594e+06,2.55243e+06,6486.76
3,27,moe_all_reduce_for_e_tp,GPU,2.55243e+06,2.55243e+06,0
3,27,sync_3,GPU,2.55243e+06,2.55243e+06,0
3,27,sync__set,GPU,2.55243e+06,2.55243e+06,0
3,27,sync__,GPU,2.55243e+06,2.55243e+06,0
3,27,moe_gather,GPU,2.55243e+06,2.55243e+06,0
3,27,sync_for_moe_gather,GPU,2.55243e+06,2.55243e+06,0
3,27,sync__set,GPU,2.55243e+06,2.55243e+06,0
3,27,sync__,GPU,2.55243e+06,2.55243e+06,0
3,27,moe_all_reduce_for_gather,GPU,2.55243e+06,2.55766e+06,5236.91
3,27,sync_5,GPU,2.55766e+06,2.55766e+06,0
3,27,sync__set,GPU,2.55766e+06,2.55766e+06,0
3,27,sync__,GPU,2.55766e+06,2.55766e+06,0
3,27,sync_6,GPU,2.55766e+06,2.55766e+06,0
3,27,sync__set,GPU,2.55766e+06,2.55766e+06,0
3,27,sync__,GPU,2.55766e+06,2.55766e+06,0
3,27,residual_2,GPU,2.55766e+06,2.55782e+06,158.854
3,28,MoE_decoder_28,GPU,2.55782e+06,2.64327e+06,85445.6
3,28,input_layer_norm,GPU,2.55782e+06,2.55798e+06,158.854
3,28,attention,GPU,2.55798e+06,2.57493e+06,16945.7
3,28,attn_qkv_proj,GPU,2.55798e+06,2.56184e+06,3861.38
3,28,Linear,GPU,2.55798e+06,2.56184e+06,3861.38
3,28,self_attention,GPU,2.56184e+06,2.56709e+06,5247.08
3,28,AttentionSplit,GPU,2.56184e+06,2.56184e+06,0
3,28,AttentionSum,Logic,2.56184e+06,2.56184e+06,0
3,28,AttentionGen,Logic,2.56184e+06,2.56709e+06,5247.08
3,28,AttentionMerge,GPU,2.56709e+06,2.56709e+06,0
3,28,attn_o_proj,GPU,2.56709e+06,2.56969e+06,2600.32
3,28,Linear,GPU,2.56709e+06,2.56969e+06,2600.32
3,28,all_reduce,GPU,2.56969e+06,2.57493e+06,5236.91
3,28,residual_1,GPU,2.57493e+06,2.57508e+06,158.854
3,28,post_attn_layer_norm,GPU,2.57508e+06,2.57524e+06,158.854
3,28,expertFFN,GPU,2.57524e+06,2.64311e+06,67864.5
3,28,sync_0,GPU,2.57524e+06,2.57524e+06,0
3,28,sync__set,GPU,2.57524e+06,2.57524e+06,0
3,28,sync__,GPU,2.57524e+06,2.57524e+06,0
3,28,gate_fn,GPU,2.57524e+06,2.57534e+06,97.9093
3,28,Linear,GPU,2.57524e+06,2.57534e+06,97.9093
3,28,gate_update,GPU,2.57534e+06,2.57534e+06,0
3,28,moe_scatter,GPU,2.57534e+06,2.57534e+06,0
3,28,sync_for_moe_scatter,GPU,2.57534e+06,2.57534e+06,0
3,28,sync__set,GPU,2.57534e+06,2.57534e+06,0
3,28,sync__,GPU,2.57534e+06,2.57534e+06,0
3,28,moe_route,GPU,2.57534e+06,2.57534e+06,0
3,28,expert_FFN_6,GPU,2.57534e+06,2.60171e+06,26364.9
3,28,gate_proj,GPU,2.57534e+06,2.58412e+06,8775.48
3,28,Linear,Logic,2.57534e+06,2.58412e+06,8775.48
3,28,activation,Logic,2.58412e+06,2.58415e+06,38.4916
3,28,up_proj,GPU,2.58415e+06,2.59293e+06,8775.48
3,28,Linear,Logic,2.58415e+06,2.59293e+06,8775.48
3,28,down_proj,GPU,2.59293e+06,2.60171e+06,8775.48
3,28,Linear,Logic,2.59293e+06,2.60171e+06,8775.48
3,28,expert_FFN_7,GPU,2.60171e+06,2.63133e+06,29619.3
3,28,gate_proj,GPU,2.60171e+06,2.61156e+06,9853.86
3,28,Linear,Logic,2.60171e+06,2.61156e+06,9853.86
3,28,activation,Logic,2.61156e+06,2.61162e+06,57.7375
3,28,up_proj,GPU,2.61162e+06,2.62147e+06,9853.86
3,28,Linear,Logic,2.61162e+06,2.62147e+06,9853.86
3,28,down_proj,GPU,2.62147e+06,2.63133e+06,9853.86
3,28,Linear,Logic,2.62147e+06,2.63133e+06,9853.86
3,28,sync_2,GPU,2.63133e+06,2.63787e+06,6545.41
3,28,sync__set,GPU,2.63133e+06,2.63133e+06,0
3,28,sync__,GPU,2.63133e+06,2.63787e+06,6545.41
3,28,moe_all_reduce_for_e_tp,GPU,2.63787e+06,2.63787e+06,0
3,28,sync_3,GPU,2.63787e+06,2.63787e+06,0
3,28,sync__set,GPU,2.63787e+06,2.63787e+06,0
3,28,sync__,GPU,2.63787e+06,2.63787e+06,0
3,28,moe_gather,GPU,2.63787e+06,2.63787e+06,0
3,28,sync_for_moe_gather,GPU,2.63787e+06,2.63787e+06,0
3,28,sync__set,GPU,2.63787e+06,2.63787e+06,0
3,28,sync__,GPU,2.63787e+06,2.63787e+06,0
3,28,moe_all_reduce_for_gather,GPU,2.63787e+06,2.64311e+06,5236.91
3,28,sync_5,GPU,2.64311e+06,2.64311e+06,0
3,28,sync__set,GPU,2.64311e+06,2.64311e+06,0
3,28,sync__,GPU,2.64311e+06,2.64311e+06,0
3,28,sync_6,GPU,2.64311e+06,2.64311e+06,0
3,28,sync__set,GPU,2.64311e+06,2.64311e+06,0
3,28,sync__,GPU,2.64311e+06,2.64311e+06,0
3,28,residual_2,GPU,2.64311e+06,2.64327e+06,158.854
3,29,MoE_decoder_29,GPU,2.64327e+06,2.73859e+06,95318.7
3,29,input_layer_norm,GPU,2.64327e+06,2.64343e+06,158.854
3,29,attention,GPU,2.64343e+06,2.66037e+06,16945.7
3,29,attn_qkv_proj,GPU,2.64343e+06,2.64729e+06,3861.38
3,29,Linear,GPU,2.64343e+06,2.64729e+06,3861.38
3,29,self_attention,GPU,2.64729e+06,2.65253e+06,5247.08
3,29,AttentionSplit,GPU,2.64729e+06,2.64729e+06,0
3,29,AttentionSum,Logic,2.64729e+06,2.64729e+06,0
3,29,AttentionGen,Logic,2.64729e+06,2.65253e+06,5247.08
3,29,AttentionMerge,GPU,2.65253e+06,2.65253e+06,0
3,29,attn_o_proj,GPU,2.65253e+06,2.65513e+06,2600.32
3,29,Linear,GPU,2.65253e+06,2.65513e+06,2600.32
3,29,all_reduce,GPU,2.65513e+06,2.66037e+06,5236.91
3,29,residual_1,GPU,2.66037e+06,2.66053e+06,158.854
3,29,post_attn_layer_norm,GPU,2.66053e+06,2.66069e+06,158.854
3,29,expertFFN,GPU,2.66069e+06,2.73843e+06,77737.6
3,29,sync_0,GPU,2.66069e+06,2.66069e+06,0
3,29,sync__set,GPU,2.66069e+06,2.66069e+06,0
3,29,sync__,GPU,2.66069e+06,2.66069e+06,0
3,29,gate_fn,GPU,2.66069e+06,2.66079e+06,97.9093
3,29,Linear,GPU,2.66069e+06,2.66079e+06,97.9093
3,29,gate_update,GPU,2.66079e+06,2.66079e+06,0
3,29,moe_scatter,GPU,2.66079e+06,2.66079e+06,0
3,29,sync_for_moe_scatter,GPU,2.66079e+06,2.66079e+06,0
3,29,sync__set,GPU,2.66079e+06,2.66079e+06,0
3,29,sync__,GPU,2.66079e+06,2.66079e+06,0
3,29,moe_route,GPU,2.66079e+06,2.66079e+06,0
3,29,expert_FFN_6,GPU,2.66079e+06,2.68717e+06,26379.6
3,29,gate_proj,GPU,2.66079e+06,2.66956e+06,8778.23
3,29,Linear,Logic,2.66079e+06,2.66956e+06,8778.23
3,29,activation,Logic,2.66956e+06,2.66961e+06,44.9069
3,29,up_proj,GPU,2.66961e+06,2.67839e+06,8778.23
3,29,Linear,Logic,2.66961e+06,2.67839e+06,8778.23
3,29,down_proj,GPU,2.67839e+06,2.68717e+06,8778.23
3,29,Linear,Logic,2.67839e+06,2.68717e+06,8778.23
3,29,expert_FFN_7,GPU,2.68717e+06,2.71355e+06,26379.6
3,29,gate_proj,GPU,2.68717e+06,2.69594e+06,8778.23
3,29,Linear,Logic,2.68717e+06,2.69594e+06,8778.23
3,29,activation,Logic,2.69594e+06,2.69599e+06,44.9069
3,29,up_proj,GPU,2.69599e+06,2.70477e+06,8778.23
3,29,Linear,Logic,2.69599e+06,2.70477e+06,8778.23
3,29,down_proj,GPU,2.70477e+06,2.71355e+06,8778.23
3,29,Linear,Logic,2.70477e+06,2.71355e+06,8778.23
3,29,sync_2,GPU,2.71355e+06,2.73319e+06,19643.6
3,29,sync__set,GPU,2.71355e+06,2.71355e+06,0
3,29,sync__,GPU,2.71355e+06,2.73319e+06,19643.6
3,29,moe_all_reduce_for_e_tp,GPU,2.73319e+06,2.73319e+06,0
3,29,sync_3,GPU,2.73319e+06,2.73319e+06,0
3,29,sync__set,GPU,2.73319e+06,2.73319e+06,0
3,29,sync__,GPU,2.73319e+06,2.73319e+06,0
3,29,moe_gather,GPU,2.73319e+06,2.73319e+06,0
3,29,sync_for_moe_gather,GPU,2.73319e+06,2.73319e+06,0
3,29,sync__set,GPU,2.73319e+06,2.73319e+06,0
3,29,sync__,GPU,2.73319e+06,2.73319e+06,0
3,29,moe_all_reduce_for_gather,GPU,2.73319e+06,2.73843e+06,5236.91
3,29,sync_5,GPU,2.73843e+06,2.73843e+06,0
3,29,sync__set,GPU,2.73843e+06,2.73843e+06,0
3,29,sync__,GPU,2.73843e+06,2.73843e+06,0
3,29,sync_6,GPU,2.73843e+06,2.73843e+06,0
3,29,sync__set,GPU,2.73843e+06,2.73843e+06,0
3,29,sync__,GPU,2.73843e+06,2.73843e+06,0
3,29,residual_2,GPU,2.73843e+06,2.73859e+06,158.854
3,30,MoE_decoder_30,GPU,2.73859e+06,2.82736e+06,88773.3
3,30,input_layer_norm,GPU,2.73859e+06,2.73874e+06,158.854
3,30,attention,GPU,2.73874e+06,2.75569e+06,16945.7
3,30,attn_qkv_proj,GPU,2.73874e+06,2.74261e+06,3861.38
3,30,Linear,GPU,2.73874e+06,2.74261e+06,3861.38
3,30,self_attention,GPU,2.74261e+06,2.74785e+06,5247.08
3,30,AttentionSplit,GPU,2.74261e+06,2.74261e+06,0
3,30,AttentionSum,Logic,2.74261e+06,2.74261e+06,0
3,30,AttentionGen,Logic,2.74261e+06,2.74785e+06,5247.08
3,30,AttentionMerge,GPU,2.74785e+06,2.74785e+06,0
3,30,attn_o_proj,GPU,2.74785e+06,2.75045e+06,2600.32
3,30,Linear,GPU,2.74785e+06,2.75045e+06,2600.32
3,30,all_reduce,GPU,2.75045e+06,2.75569e+06,5236.91
3,30,residual_1,GPU,2.75569e+06,2.75585e+06,158.854
3,30,post_attn_layer_norm,GPU,2.75585e+06,2.75601e+06,158.854
3,30,expertFFN,GPU,2.75601e+06,2.8272e+06,71192.2
3,30,sync_0,GPU,2.75601e+06,2.75601e+06,0
3,30,sync__set,GPU,2.75601e+06,2.75601e+06,0
3,30,sync__,GPU,2.75601e+06,2.75601e+06,0
3,30,gate_fn,GPU,2.75601e+06,2.75611e+06,97.9093
3,30,Linear,GPU,2.75601e+06,2.75611e+06,97.9093
3,30,gate_update,GPU,2.75611e+06,2.75611e+06,0
3,30,moe_scatter,GPU,2.75611e+06,2.75611e+06,0
3,30,sync_for_moe_scatter,GPU,2.75611e+06,2.75611e+06,0
3,30,sync__set,GPU,2.75611e+06,2.75611e+06,0
3,30,sync__,GPU,2.75611e+06,2.75611e+06,0
3,30,moe_route,GPU,2.75611e+06,2.75611e+06,0
3,30,expert_FFN_6,GPU,2.75611e+06,2.78248e+06,26379.6
3,30,gate_proj,GPU,2.75611e+06,2.76488e+06,8778.23
3,30,Linear,Logic,2.75611e+06,2.76488e+06,8778.23
3,30,activation,Logic,2.76488e+06,2.76493e+06,44.9069
3,30,up_proj,GPU,2.76493e+06,2.77371e+06,8778.23
3,30,Linear,Logic,2.76493e+06,2.77371e+06,8778.23
3,30,down_proj,GPU,2.77371e+06,2.78248e+06,8778.23
3,30,Linear,Logic,2.77371e+06,2.78248e+06,8778.23
3,30,expert_FFN_7,GPU,2.78248e+06,2.81869e+06,36201.4
3,30,gate_proj,GPU,2.78248e+06,2.79453e+06,12043.6
3,30,Linear,Logic,2.78248e+06,2.79453e+06,12043.6
3,30,activation,Logic,2.79453e+06,2.7946e+06,70.568
3,30,up_proj,GPU,2.7946e+06,2.80664e+06,12043.6
3,30,Linear,Logic,2.7946e+06,2.80664e+06,12043.6
3,30,down_proj,GPU,2.80664e+06,2.81869e+06,12043.6
3,30,Linear,Logic,2.80664e+06,2.81869e+06,12043.6
3,30,sync_2,GPU,2.81869e+06,2.82196e+06,3276.37
3,30,sync__set,GPU,2.81869e+06,2.81869e+06,0
3,30,sync__,GPU,2.81869e+06,2.82196e+06,3276.37
3,30,moe_all_reduce_for_e_tp,GPU,2.82196e+06,2.82196e+06,0
3,30,sync_3,GPU,2.82196e+06,2.82196e+06,0
3,30,sync__set,GPU,2.82196e+06,2.82196e+06,0
3,30,sync__,GPU,2.82196e+06,2.82196e+06,0
3,30,moe_gather,GPU,2.82196e+06,2.82196e+06,0
3,30,sync_for_moe_gather,GPU,2.82196e+06,2.82196e+06,0
3,30,sync__set,GPU,2.82196e+06,2.82196e+06,0
3,30,sync__,GPU,2.82196e+06,2.82196e+06,0
3,30,moe_all_reduce_for_gather,GPU,2.82196e+06,2.8272e+06,5236.91
3,30,sync_5,GPU,2.8272e+06,2.8272e+06,0
3,30,sync__set,GPU,2.8272e+06,2.8272e+06,0
3,30,sync__,GPU,2.8272e+06,2.8272e+06,0
3,30,sync_6,GPU,2.8272e+06,2.8272e+06,0
3,30,sync__set,GPU,2.8272e+06,2.8272e+06,0
3,30,sync__,GPU,2.8272e+06,2.8272e+06,0
3,30,residual_2,GPU,2.8272e+06,2.82736e+06,158.854
3,31,MoE_decoder_31,GPU,2.82736e+06,2.91613e+06,88773.3
3,31,input_layer_norm,GPU,2.82736e+06,2.82752e+06,158.854
3,31,attention,GPU,2.82752e+06,2.84446e+06,16945.7
3,31,attn_qkv_proj,GPU,2.82752e+06,2.83138e+06,3861.38
3,31,Linear,GPU,2.82752e+06,2.83138e+06,3861.38
3,31,self_attention,GPU,2.83138e+06,2.83663e+06,5247.08
3,31,AttentionSplit,GPU,2.83138e+06,2.83138e+06,0
3,31,AttentionSum,Logic,2.83138e+06,2.83138e+06,0
3,31,AttentionGen,Logic,2.83138e+06,2.83663e+06,5247.08
3,31,AttentionMerge,GPU,2.83663e+06,2.83663e+06,0
3,31,attn_o_proj,GPU,2.83663e+06,2.83923e+06,2600.32
3,31,Linear,GPU,2.83663e+06,2.83923e+06,2600.32
3,31,all_reduce,GPU,2.83923e+06,2.84446e+06,5236.91
3,31,residual_1,GPU,2.84446e+06,2.84462e+06,158.854
3,31,post_attn_layer_norm,GPU,2.84462e+06,2.84478e+06,158.854
3,31,expertFFN,GPU,2.84478e+06,2.91597e+06,71192.2
3,31,sync_0,GPU,2.84478e+06,2.84478e+06,0
3,31,sync__set,GPU,2.84478e+06,2.84478e+06,0
3,31,sync__,GPU,2.84478e+06,2.84478e+06,0
3,31,gate_fn,GPU,2.84478e+06,2.84488e+06,97.9093
3,31,Linear,GPU,2.84478e+06,2.84488e+06,97.9093
3,31,gate_update,GPU,2.84488e+06,2.84488e+06,0
3,31,moe_scatter,GPU,2.84488e+06,2.84488e+06,0
3,31,sync_for_moe_scatter,GPU,2.84488e+06,2.84488e+06,0
3,31,sync__set,GPU,2.84488e+06,2.84488e+06,0
3,31,sync__,GPU,2.84488e+06,2.84488e+06,0
3,31,moe_route,GPU,2.84488e+06,2.84488e+06,0
3,31,expert_FFN_6,GPU,2.84488e+06,2.87126e+06,26379.6
3,31,gate_proj,GPU,2.84488e+06,2.85366e+06,8778.23
3,31,Linear,Logic,2.84488e+06,2.85366e+06,8778.23
3,31,activation,Logic,2.85366e+06,2.8537e+06,44.9069
3,31,up_proj,GPU,2.8537e+06,2.86248e+06,8778.23
3,31,Linear,Logic,2.8537e+06,2.86248e+06,8778.23
3,31,down_proj,GPU,2.86248e+06,2.87126e+06,8778.23
3,31,Linear,Logic,2.86248e+06,2.87126e+06,8778.23
3,31,expert_FFN_7,GPU,2.87126e+06,2.90746e+06,36201.4
3,31,gate_proj,GPU,2.87126e+06,2.8833e+06,12043.6
3,31,Linear,Logic,2.87126e+06,2.8833e+06,12043.6
3,31,activation,Logic,2.8833e+06,2.88337e+06,70.568
3,31,up_proj,GPU,2.88337e+06,2.89542e+06,12043.6
3,31,Linear,Logic,2.88337e+06,2.89542e+06,12043.6
3,31,down_proj,GPU,2.89542e+06,2.90746e+06,12043.6
3,31,Linear,Logic,2.89542e+06,2.90746e+06,12043.6
3,31,sync_2,GPU,2.90746e+06,2.91074e+06,3276.37
3,31,sync__set,GPU,2.90746e+06,2.90746e+06,0
3,31,sync__,GPU,2.90746e+06,2.91074e+06,3276.37
3,31,moe_all_reduce_for_e_tp,GPU,2.91074e+06,2.91074e+06,0
3,31,sync_3,GPU,2.91074e+06,2.91074e+06,0
3,31,sync__set,GPU,2.91074e+06,2.91074e+06,0
3,31,sync__,GPU,2.91074e+06,2.91074e+06,0
3,31,moe_gather,GPU,2.91074e+06,2.91074e+06,0
3,31,sync_for_moe_gather,GPU,2.91074e+06,2.91074e+06,0
3,31,sync__set,GPU,2.91074e+06,2.91074e+06,0
3,31,sync__,GPU,2.91074e+06,2.91074e+06,0
3,31,moe_all_reduce_for_gather,GPU,2.91074e+06,2.91597e+06,5236.91
3,31,sync_5,GPU,2.91597e+06,2.91597e+06,0
3,31,sync__set,GPU,2.91597e+06,2.91597e+06,0
3,31,sync__,GPU,2.91597e+06,2.91597e+06,0
3,31,sync_6,GPU,2.91597e+06,2.91597e+06,0
3,31,sync__set,GPU,2.91597e+06,2.91597e+06,0
3,31,sync__,GPU,2.91597e+06,2.91597e+06,0
3,31,residual_2,GPU,2.91597e+06,2.91613e+06,158.854
