request_id,token_id,layer_id,topk_rank,expert_id
2528,2142,0,1,1
2528,2142,0,2,5
2529,2142,0,1,1
2529,2142,0,2,2
2530,2142,0,1,0
2530,2142,0,2,5
2531,2142,0,1,1
2531,2142,0,2,3
2532,2142,0,1,4
2532,2142,0,2,6
2533,2142,0,1,4
2533,2142,0,2,7
2534,2142,0,1,5
2534,2142,0,2,6
2535,2142,0,1,6
2535,2142,0,2,7
2536,2142,0,1,2
2536,2142,0,2,3
2537,2142,0,1,2
2537,2142,0,2,5
2538,2142,0,1,0
2538,2142,0,2,3
2539,2142,0,1,0
2539,2142,0,2,4
2540,2142,0,1,3
2540,2142,0,2,4
2541,2142,0,1,2
2541,2142,0,2,7
2542,2142,0,1,5
2542,2142,0,2,7
2543,2142,0,1,3
2543,2142,0,2,5
2544,2142,0,1,4
2544,2142,0,2,7
2545,2142,0,1,2
2545,2142,0,2,6
2546,2142,0,1,0
2546,2142,0,2,2
2547,2142,0,1,1
2547,2142,0,2,6
2548,2142,0,1,1
2548,2142,0,2,7
2549,2142,0,1,1
2549,2142,0,2,3
2550,2142,0,1,1
2550,2142,0,2,4
2551,2142,0,1,1
2551,2142,0,2,4
2552,2142,0,1,1
2552,2142,0,2,7
2553,2142,0,1,0
2553,2142,0,2,4
2554,2142,0,1,0
2554,2142,0,2,2
2555,2142,0,1,1
2555,2142,0,2,4
2556,2142,0,1,6
2556,2142,0,2,7
2557,2142,0,1,0
2557,2142,0,2,1
2558,2142,0,1,4
2558,2142,0,2,7
2559,2142,0,1,0
2559,2142,0,2,4
2528,2142,1,1,4
2528,2142,1,2,6
2529,2142,1,1,4
2529,2142,1,2,6
2530,2142,1,1,0
2530,2142,1,2,4
2531,2142,1,1,4
2531,2142,1,2,6
2532,2142,1,1,6
2532,2142,1,2,7
2533,2142,1,1,0
2533,2142,1,2,4
2534,2142,1,1,2
2534,2142,1,2,4
2535,2142,1,1,4
2535,2142,1,2,6
2536,2142,1,1,2
2536,2142,1,2,5
2537,2142,1,1,3
2537,2142,1,2,7
2538,2142,1,1,4
2538,2142,1,2,6
2539,2142,1,1,0
2539,2142,1,2,1
2540,2142,1,1,4
2540,2142,1,2,7
2541,2142,1,1,4
2541,2142,1,2,7
2542,2142,1,1,3
2542,2142,1,2,4
2543,2142,1,1,2
2543,2142,1,2,6
2544,2142,1,1,0
2544,2142,1,2,7
2545,2142,1,1,2
2545,2142,1,2,5
2546,2142,1,1,0
2546,2142,1,2,2
2547,2142,1,1,2
2547,2142,1,2,5
2548,2142,1,1,2
2548,2142,1,2,3
2549,2142,1,1,0
2549,2142,1,2,7
2550,2142,1,1,3
2550,2142,1,2,7
2551,2142,1,1,0
2551,2142,1,2,7
2552,2142,1,1,2
2552,2142,1,2,3
2553,2142,1,1,2
2553,2142,1,2,4
2554,2142,1,1,2
2554,2142,1,2,7
2555,2142,1,1,0
2555,2142,1,2,3
2556,2142,1,1,0
2556,2142,1,2,3
2557,2142,1,1,5
2557,2142,1,2,6
2558,2142,1,1,1
2558,2142,1,2,6
2559,2142,1,1,3
2559,2142,1,2,6
2528,2142,2,1,4
2528,2142,2,2,5
2529,2142,2,1,0
2529,2142,2,2,2
2530,2142,2,1,0
2530,2142,2,2,5
2531,2142,2,1,0
2531,2142,2,2,7
2532,2142,2,1,0
2532,2142,2,2,2
2533,2142,2,1,6
2533,2142,2,2,7
2534,2142,2,1,2
2534,2142,2,2,7
2535,2142,2,1,0
2535,2142,2,2,2
2536,2142,2,1,1
2536,2142,2,2,6
2537,2142,2,1,5
2537,2142,2,2,6
2538,2142,2,1,5
2538,2142,2,2,6
2539,2142,2,1,2
2539,2142,2,2,6
2540,2142,2,1,0
2540,2142,2,2,4
2541,2142,2,1,0
2541,2142,2,2,3
2542,2142,2,1,4
2542,2142,2,2,6
2543,2142,2,1,0
2543,2142,2,2,6
2544,2142,2,1,6
2544,2142,2,2,7
2545,2142,2,1,1
2545,2142,2,2,4
2546,2142,2,1,2
2546,2142,2,2,6
2547,2142,2,1,2
2547,2142,2,2,7
2548,2142,2,1,4
2548,2142,2,2,7
2549,2142,2,1,6
2549,2142,2,2,7
2550,2142,2,1,6
2550,2142,2,2,7
2551,2142,2,1,0
2551,2142,2,2,2
2552,2142,2,1,3
2552,2142,2,2,7
2553,2142,2,1,2
2553,2142,2,2,7
2554,2142,2,1,1
2554,2142,2,2,3
2555,2142,2,1,1
2555,2142,2,2,5
2556,2142,2,1,0
2556,2142,2,2,3
2557,2142,2,1,1
2557,2142,2,2,7
2558,2142,2,1,5
2558,2142,2,2,6
2559,2142,2,1,1
2559,2142,2,2,3
2528,2142,3,1,0
2528,2142,3,2,3
2529,2142,3,1,4
2529,2142,3,2,5
2530,2142,3,1,4
2530,2142,3,2,6
2531,2142,3,1,3
2531,2142,3,2,4
2532,2142,3,1,5
2532,2142,3,2,6
2533,2142,3,1,1
2533,2142,3,2,3
2534,2142,3,1,0
2534,2142,3,2,5
2535,2142,3,1,2
2535,2142,3,2,4
2536,2142,3,1,4
2536,2142,3,2,7
2537,2142,3,1,2
2537,2142,3,2,5
2538,2142,3,1,2
2538,2142,3,2,3
2539,2142,3,1,5
2539,2142,3,2,6
2540,2142,3,1,3
2540,2142,3,2,4
2541,2142,3,1,0
2541,2142,3,2,4
2542,2142,3,1,3
2542,2142,3,2,7
2543,2142,3,1,4
2543,2142,3,2,6
2544,2142,3,1,0
2544,2142,3,2,1
2545,2142,3,1,1
2545,2142,3,2,6
2546,2142,3,1,4
2546,2142,3,2,6
2547,2142,3,1,3
2547,2142,3,2,4
2548,2142,3,1,3
2548,2142,3,2,6
2549,2142,3,1,0
2549,2142,3,2,7
2550,2142,3,1,4
2550,2142,3,2,6
2551,2142,3,1,6
2551,2142,3,2,7
2552,2142,3,1,3
2552,2142,3,2,6
2553,2142,3,1,0
2553,2142,3,2,3
2554,2142,3,1,5
2554,2142,3,2,7
2555,2142,3,1,0
2555,2142,3,2,1
2556,2142,3,1,4
2556,2142,3,2,6
2557,2142,3,1,0
2557,2142,3,2,7
2558,2142,3,1,0
2558,2142,3,2,1
2559,2142,3,1,2
2559,2142,3,2,3
2528,2142,4,1,4
2528,2142,4,2,6
2529,2142,4,1,0
2529,2142,4,2,6
2530,2142,4,1,5
2530,2142,4,2,7
2531,2142,4,1,0
2531,2142,4,2,5
2532,2142,4,1,6
2532,2142,4,2,7
2533,2142,4,1,2
2533,2142,4,2,6
2534,2142,4,1,4
2534,2142,4,2,6
2535,2142,4,1,6
2535,2142,4,2,7
2536,2142,4,1,2
2536,2142,4,2,5
2537,2142,4,1,3
2537,2142,4,2,5
2538,2142,4,1,4
2538,2142,4,2,5
2539,2142,4,1,0
2539,2142,4,2,5
2540,2142,4,1,4
2540,2142,4,2,5
2541,2142,4,1,6
2541,2142,4,2,7
2542,2142,4,1,2
2542,2142,4,2,4
2543,2142,4,1,5
2543,2142,4,2,6
2544,2142,4,1,1
2544,2142,4,2,3
2545,2142,4,1,4
2545,2142,4,2,7
2546,2142,4,1,1
2546,2142,4,2,5
2547,2142,4,1,1
2547,2142,4,2,4
2548,2142,4,1,0
2548,2142,4,2,4
2549,2142,4,1,3
2549,2142,4,2,7
2550,2142,4,1,1
2550,2142,4,2,5
2551,2142,4,1,4
2551,2142,4,2,6
2552,2142,4,1,1
2552,2142,4,2,4
2553,2142,4,1,3
2553,2142,4,2,4
2554,2142,4,1,1
2554,2142,4,2,4
2555,2142,4,1,0
2555,2142,4,2,5
2556,2142,4,1,0
2556,2142,4,2,1
2557,2142,4,1,3
2557,2142,4,2,4
2558,2142,4,1,0
2558,2142,4,2,3
2559,2142,4,1,0
2559,2142,4,2,6
2528,2142,5,1,3
2528,2142,5,2,7
2529,2142,5,1,0
2529,2142,5,2,7
2530,2142,5,1,0
2530,2142,5,2,5
2531,2142,5,1,2
2531,2142,5,2,6
2532,2142,5,1,2
2532,2142,5,2,4
2533,2142,5,1,0
2533,2142,5,2,6
2534,2142,5,1,2
2534,2142,5,2,4
2535,2142,5,1,2
2535,2142,5,2,5
2536,2142,5,1,2
2536,2142,5,2,7
2537,2142,5,1,3
2537,2142,5,2,4
2538,2142,5,1,4
2538,2142,5,2,7
2539,2142,5,1,5
2539,2142,5,2,7
2540,2142,5,1,3
2540,2142,5,2,4
2541,2142,5,1,3
2541,2142,5,2,4
2542,2142,5,1,3
2542,2142,5,2,7
2543,2142,5,1,0
2543,2142,5,2,3
2544,2142,5,1,1
2544,2142,5,2,4
2545,2142,5,1,1
2545,2142,5,2,2
2546,2142,5,1,0
2546,2142,5,2,1
2547,2142,5,1,5
2547,2142,5,2,7
2548,2142,5,1,0
2548,2142,5,2,4
2549,2142,5,1,4
2549,2142,5,2,6
2550,2142,5,1,6
2550,2142,5,2,7
2551,2142,5,1,2
2551,2142,5,2,6
2552,2142,5,1,2
2552,2142,5,2,3
2553,2142,5,1,4
2553,2142,5,2,6
2554,2142,5,1,1
2554,2142,5,2,7
2555,2142,5,1,1
2555,2142,5,2,6
2556,2142,5,1,4
2556,2142,5,2,5
2557,2142,5,1,1
2557,2142,5,2,6
2558,2142,5,1,3
2558,2142,5,2,6
2559,2142,5,1,5
2559,2142,5,2,7
2528,2142,6,1,0
2528,2142,6,2,2
2529,2142,6,1,2
2529,2142,6,2,3
2530,2142,6,1,1
2530,2142,6,2,2
2531,2142,6,1,3
2531,2142,6,2,6
2532,2142,6,1,1
2532,2142,6,2,7
2533,2142,6,1,0
2533,2142,6,2,2
2534,2142,6,1,2
2534,2142,6,2,3
2535,2142,6,1,0
2535,2142,6,2,4
2536,2142,6,1,0
2536,2142,6,2,3
2537,2142,6,1,2
2537,2142,6,2,4
2538,2142,6,1,2
2538,2142,6,2,5
2539,2142,6,1,2
2539,2142,6,2,5
2540,2142,6,1,1
2540,2142,6,2,6
2541,2142,6,1,6
2541,2142,6,2,7
2542,2142,6,1,1
2542,2142,6,2,4
2543,2142,6,1,0
2543,2142,6,2,5
2544,2142,6,1,2
2544,2142,6,2,4
2545,2142,6,1,4
2545,2142,6,2,5
2546,2142,6,1,0
2546,2142,6,2,1
2547,2142,6,1,0
2547,2142,6,2,1
2548,2142,6,1,1
2548,2142,6,2,5
2549,2142,6,1,0
2549,2142,6,2,7
2550,2142,6,1,1
2550,2142,6,2,3
2551,2142,6,1,0
2551,2142,6,2,1
2552,2142,6,1,1
2552,2142,6,2,6
2553,2142,6,1,3
2553,2142,6,2,6
2554,2142,6,1,2
2554,2142,6,2,4
2555,2142,6,1,4
2555,2142,6,2,5
2556,2142,6,1,6
2556,2142,6,2,7
2557,2142,6,1,2
2557,2142,6,2,3
2558,2142,6,1,0
2558,2142,6,2,4
2559,2142,6,1,0
2559,2142,6,2,6
2528,2142,7,1,3
2528,2142,7,2,5
2529,2142,7,1,5
2529,2142,7,2,7
2530,2142,7,1,3
2530,2142,7,2,6
2531,2142,7,1,2
2531,2142,7,2,4
2532,2142,7,1,0
2532,2142,7,2,3
2533,2142,7,1,4
2533,2142,7,2,7
2534,2142,7,1,0
2534,2142,7,2,5
2535,2142,7,1,0
2535,2142,7,2,3
2536,2142,7,1,6
2536,2142,7,2,7
2537,2142,7,1,3
2537,2142,7,2,7
2538,2142,7,1,0
2538,2142,7,2,3
2539,2142,7,1,2
2539,2142,7,2,4
2540,2142,7,1,3
2540,2142,7,2,5
2541,2142,7,1,2
2541,2142,7,2,7
2542,2142,7,1,1
2542,2142,7,2,7
2543,2142,7,1,3
2543,2142,7,2,7
2544,2142,7,1,0
2544,2142,7,2,4
2545,2142,7,1,2
2545,2142,7,2,3
2546,2142,7,1,3
2546,2142,7,2,7
2547,2142,7,1,1
2547,2142,7,2,6
2548,2142,7,1,0
2548,2142,7,2,5
2549,2142,7,1,1
2549,2142,7,2,5
2550,2142,7,1,0
2550,2142,7,2,6
2551,2142,7,1,0
2551,2142,7,2,6
2552,2142,7,1,2
2552,2142,7,2,5
2553,2142,7,1,0
2553,2142,7,2,7
2554,2142,7,1,0
2554,2142,7,2,6
2555,2142,7,1,1
2555,2142,7,2,7
2556,2142,7,1,0
2556,2142,7,2,3
2557,2142,7,1,1
2557,2142,7,2,5
2558,2142,7,1,0
2558,2142,7,2,3
2559,2142,7,1,0
2559,2142,7,2,2
2528,2142,8,1,0
2528,2142,8,2,1
2529,2142,8,1,3
2529,2142,8,2,5
2530,2142,8,1,2
2530,2142,8,2,7
2531,2142,8,1,1
2531,2142,8,2,2
2532,2142,8,1,2
2532,2142,8,2,3
2533,2142,8,1,2
2533,2142,8,2,5
2534,2142,8,1,2
2534,2142,8,2,7
2535,2142,8,1,2
2535,2142,8,2,6
2536,2142,8,1,5
2536,2142,8,2,6
2537,2142,8,1,0
2537,2142,8,2,7
2538,2142,8,1,1
2538,2142,8,2,3
2539,2142,8,1,6
2539,2142,8,2,7
2540,2142,8,1,3
2540,2142,8,2,6
2541,2142,8,1,0
2541,2142,8,2,4
2542,2142,8,1,1
2542,2142,8,2,6
2543,2142,8,1,2
2543,2142,8,2,3
2544,2142,8,1,4
2544,2142,8,2,7
2545,2142,8,1,4
2545,2142,8,2,5
2546,2142,8,1,0
2546,2142,8,2,4
2547,2142,8,1,3
2547,2142,8,2,5
2548,2142,8,1,5
2548,2142,8,2,6
2549,2142,8,1,0
2549,2142,8,2,6
2550,2142,8,1,1
2550,2142,8,2,5
2551,2142,8,1,0
2551,2142,8,2,1
2552,2142,8,1,3
2552,2142,8,2,7
2553,2142,8,1,1
2553,2142,8,2,6
2554,2142,8,1,4
2554,2142,8,2,5
2555,2142,8,1,0
2555,2142,8,2,7
2556,2142,8,1,0
2556,2142,8,2,3
2557,2142,8,1,5
2557,2142,8,2,7
2558,2142,8,1,4
2558,2142,8,2,7
2559,2142,8,1,0
2559,2142,8,2,2
2528,2142,9,1,6
2528,2142,9,2,7
2529,2142,9,1,1
2529,2142,9,2,7
2530,2142,9,1,3
2530,2142,9,2,5
2531,2142,9,1,2
2531,2142,9,2,4
2532,2142,9,1,3
2532,2142,9,2,4
2533,2142,9,1,1
2533,2142,9,2,3
2534,2142,9,1,0
2534,2142,9,2,7
2535,2142,9,1,4
2535,2142,9,2,5
2536,2142,9,1,4
2536,2142,9,2,6
2537,2142,9,1,2
2537,2142,9,2,4
2538,2142,9,1,5
2538,2142,9,2,6
2539,2142,9,1,0
2539,2142,9,2,4
2540,2142,9,1,1
2540,2142,9,2,6
2541,2142,9,1,3
2541,2142,9,2,6
2542,2142,9,1,1
2542,2142,9,2,5
2543,2142,9,1,4
2543,2142,9,2,5
2544,2142,9,1,0
2544,2142,9,2,3
2545,2142,9,1,1
2545,2142,9,2,2
2546,2142,9,1,1
2546,2142,9,2,2
2547,2142,9,1,5
2547,2142,9,2,6
2548,2142,9,1,3
2548,2142,9,2,5
2549,2142,9,1,6
2549,2142,9,2,7
2550,2142,9,1,1
2550,2142,9,2,6
2551,2142,9,1,1
2551,2142,9,2,7
2552,2142,9,1,4
2552,2142,9,2,6
2553,2142,9,1,3
2553,2142,9,2,7
2554,2142,9,1,3
2554,2142,9,2,5
2555,2142,9,1,0
2555,2142,9,2,6
2556,2142,9,1,3
2556,2142,9,2,6
2557,2142,9,1,0
2557,2142,9,2,6
2558,2142,9,1,1
2558,2142,9,2,6
2559,2142,9,1,4
2559,2142,9,2,6
2528,2142,10,1,5
2528,2142,10,2,6
2529,2142,10,1,4
2529,2142,10,2,6
2530,2142,10,1,4
2530,2142,10,2,6
2531,2142,10,1,1
2531,2142,10,2,3
2532,2142,10,1,3
2532,2142,10,2,4
2533,2142,10,1,0
2533,2142,10,2,1
2534,2142,10,1,2
2534,2142,10,2,7
2535,2142,10,1,0
2535,2142,10,2,4
2536,2142,10,1,0
2536,2142,10,2,1
2537,2142,10,1,0
2537,2142,10,2,4
2538,2142,10,1,1
2538,2142,10,2,3
2539,2142,10,1,4
2539,2142,10,2,5
2540,2142,10,1,1
2540,2142,10,2,2
2541,2142,10,1,2
2541,2142,10,2,5
2542,2142,10,1,5
2542,2142,10,2,6
2543,2142,10,1,2
2543,2142,10,2,6
2544,2142,10,1,3
2544,2142,10,2,4
2545,2142,10,1,5
2545,2142,10,2,7
2546,2142,10,1,1
2546,2142,10,2,7
2547,2142,10,1,3
2547,2142,10,2,6
2548,2142,10,1,2
2548,2142,10,2,3
2549,2142,10,1,4
2549,2142,10,2,5
2550,2142,10,1,5
2550,2142,10,2,6
2551,2142,10,1,4
2551,2142,10,2,5
2552,2142,10,1,4
2552,2142,10,2,6
2553,2142,10,1,1
2553,2142,10,2,3
2554,2142,10,1,1
2554,2142,10,2,3
2555,2142,10,1,1
2555,2142,10,2,4
2556,2142,10,1,2
2556,2142,10,2,4
2557,2142,10,1,0
2557,2142,10,2,6
2558,2142,10,1,3
2558,2142,10,2,5
2559,2142,10,1,2
2559,2142,10,2,7
2528,2142,11,1,2
2528,2142,11,2,5
2529,2142,11,1,0
2529,2142,11,2,2
2530,2142,11,1,1
2530,2142,11,2,4
2531,2142,11,1,3
2531,2142,11,2,7
2532,2142,11,1,0
2532,2142,11,2,4
2533,2142,11,1,6
2533,2142,11,2,7
2534,2142,11,1,4
2534,2142,11,2,6
2535,2142,11,1,6
2535,2142,11,2,7
2536,2142,11,1,1
2536,2142,11,2,4
2537,2142,11,1,0
2537,2142,11,2,1
2538,2142,11,1,2
2538,2142,11,2,7
2539,2142,11,1,0
2539,2142,11,2,5
2540,2142,11,1,3
2540,2142,11,2,5
2541,2142,11,1,2
2541,2142,11,2,7
2542,2142,11,1,1
2542,2142,11,2,6
2543,2142,11,1,4
2543,2142,11,2,7
2544,2142,11,1,3
2544,2142,11,2,7
2545,2142,11,1,5
2545,2142,11,2,6
2546,2142,11,1,0
2546,2142,11,2,1
2547,2142,11,1,6
2547,2142,11,2,7
2548,2142,11,1,3
2548,2142,11,2,7
2549,2142,11,1,2
2549,2142,11,2,4
2550,2142,11,1,0
2550,2142,11,2,5
2551,2142,11,1,2
2551,2142,11,2,4
2552,2142,11,1,0
2552,2142,11,2,4
2553,2142,11,1,5
2553,2142,11,2,6
2554,2142,11,1,2
2554,2142,11,2,6
2555,2142,11,1,0
2555,2142,11,2,3
2556,2142,11,1,5
2556,2142,11,2,7
2557,2142,11,1,0
2557,2142,11,2,4
2558,2142,11,1,1
2558,2142,11,2,5
2559,2142,11,1,4
2559,2142,11,2,7
2528,2142,12,1,0
2528,2142,12,2,3
2529,2142,12,1,0
2529,2142,12,2,4
2530,2142,12,1,2
2530,2142,12,2,5
2531,2142,12,1,0
2531,2142,12,2,4
2532,2142,12,1,0
2532,2142,12,2,4
2533,2142,12,1,3
2533,2142,12,2,6
2534,2142,12,1,0
2534,2142,12,2,1
2535,2142,12,1,0
2535,2142,12,2,7
2536,2142,12,1,1
2536,2142,12,2,5
2537,2142,12,1,1
2537,2142,12,2,4
2538,2142,12,1,4
2538,2142,12,2,7
2539,2142,12,1,1
2539,2142,12,2,6
2540,2142,12,1,3
2540,2142,12,2,7
2541,2142,12,1,4
2541,2142,12,2,5
2542,2142,12,1,2
2542,2142,12,2,5
2543,2142,12,1,1
2543,2142,12,2,7
2544,2142,12,1,4
2544,2142,12,2,7
2545,2142,12,1,2
2545,2142,12,2,7
2546,2142,12,1,3
2546,2142,12,2,4
2547,2142,12,1,1
2547,2142,12,2,5
2548,2142,12,1,2
2548,2142,12,2,5
2549,2142,12,1,2
2549,2142,12,2,7
2550,2142,12,1,2
2550,2142,12,2,4
2551,2142,12,1,2
2551,2142,12,2,4
2552,2142,12,1,2
2552,2142,12,2,5
2553,2142,12,1,3
2553,2142,12,2,5
2554,2142,12,1,0
2554,2142,12,2,3
2555,2142,12,1,0
2555,2142,12,2,5
2556,2142,12,1,2
2556,2142,12,2,4
2557,2142,12,1,0
2557,2142,12,2,4
2558,2142,12,1,4
2558,2142,12,2,7
2559,2142,12,1,2
2559,2142,12,2,4
2528,2142,13,1,6
2528,2142,13,2,7
2529,2142,13,1,1
2529,2142,13,2,6
2530,2142,13,1,0
2530,2142,13,2,2
2531,2142,13,1,0
2531,2142,13,2,6
2532,2142,13,1,2
2532,2142,13,2,6
2533,2142,13,1,0
2533,2142,13,2,1
2534,2142,13,1,1
2534,2142,13,2,6
2535,2142,13,1,0
2535,2142,13,2,4
2536,2142,13,1,5
2536,2142,13,2,7
2537,2142,13,1,3
2537,2142,13,2,6
2538,2142,13,1,2
2538,2142,13,2,3
2539,2142,13,1,6
2539,2142,13,2,7
2540,2142,13,1,0
2540,2142,13,2,3
2541,2142,13,1,1
2541,2142,13,2,2
2542,2142,13,1,0
2542,2142,13,2,3
2543,2142,13,1,0
2543,2142,13,2,4
2544,2142,13,1,2
2544,2142,13,2,6
2545,2142,13,1,1
2545,2142,13,2,3
2546,2142,13,1,6
2546,2142,13,2,7
2547,2142,13,1,0
2547,2142,13,2,7
2548,2142,13,1,1
2548,2142,13,2,5
2549,2142,13,1,1
2549,2142,13,2,3
2550,2142,13,1,0
2550,2142,13,2,6
2551,2142,13,1,1
2551,2142,13,2,7
2552,2142,13,1,2
2552,2142,13,2,3
2553,2142,13,1,0
2553,2142,13,2,3
2554,2142,13,1,2
2554,2142,13,2,6
2555,2142,13,1,3
2555,2142,13,2,7
2556,2142,13,1,3
2556,2142,13,2,7
2557,2142,13,1,0
2557,2142,13,2,6
2558,2142,13,1,2
2558,2142,13,2,3
2559,2142,13,1,4
2559,2142,13,2,7
2528,2142,14,1,5
2528,2142,14,2,7
2529,2142,14,1,1
2529,2142,14,2,7
2530,2142,14,1,0
2530,2142,14,2,6
2531,2142,14,1,0
2531,2142,14,2,6
2532,2142,14,1,3
2532,2142,14,2,6
2533,2142,14,1,0
2533,2142,14,2,1
2534,2142,14,1,2
2534,2142,14,2,6
2535,2142,14,1,0
2535,2142,14,2,6
2536,2142,14,1,2
2536,2142,14,2,3
2537,2142,14,1,0
2537,2142,14,2,4
2538,2142,14,1,3
2538,2142,14,2,6
2539,2142,14,1,0
2539,2142,14,2,3
2540,2142,14,1,4
2540,2142,14,2,5
2541,2142,14,1,1
2541,2142,14,2,3
2542,2142,14,1,0
2542,2142,14,2,7
2543,2142,14,1,4
2543,2142,14,2,7
2544,2142,14,1,2
2544,2142,14,2,5
2545,2142,14,1,0
2545,2142,14,2,2
2546,2142,14,1,6
2546,2142,14,2,7
2547,2142,14,1,4
2547,2142,14,2,6
2548,2142,14,1,4
2548,2142,14,2,5
2549,2142,14,1,2
2549,2142,14,2,5
2550,2142,14,1,2
2550,2142,14,2,6
2551,2142,14,1,5
2551,2142,14,2,6
2552,2142,14,1,4
2552,2142,14,2,7
2553,2142,14,1,5
2553,2142,14,2,7
2554,2142,14,1,1
2554,2142,14,2,3
2555,2142,14,1,1
2555,2142,14,2,7
2556,2142,14,1,0
2556,2142,14,2,6
2557,2142,14,1,1
2557,2142,14,2,5
2558,2142,14,1,3
2558,2142,14,2,7
2559,2142,14,1,5
2559,2142,14,2,7
2528,2142,15,1,0
2528,2142,15,2,3
2529,2142,15,1,0
2529,2142,15,2,5
2530,2142,15,1,2
2530,2142,15,2,7
2531,2142,15,1,0
2531,2142,15,2,3
2532,2142,15,1,3
2532,2142,15,2,4
2533,2142,15,1,2
2533,2142,15,2,3
2534,2142,15,1,1
2534,2142,15,2,7
2535,2142,15,1,0
2535,2142,15,2,1
2536,2142,15,1,2
2536,2142,15,2,7
2537,2142,15,1,2
2537,2142,15,2,5
2538,2142,15,1,1
2538,2142,15,2,3
2539,2142,15,1,5
2539,2142,15,2,6
2540,2142,15,1,0
2540,2142,15,2,7
2541,2142,15,1,4
2541,2142,15,2,5
2542,2142,15,1,0
2542,2142,15,2,4
2543,2142,15,1,6
2543,2142,15,2,7
2544,2142,15,1,3
2544,2142,15,2,5
2545,2142,15,1,2
2545,2142,15,2,6
2546,2142,15,1,3
2546,2142,15,2,6
2547,2142,15,1,2
2547,2142,15,2,7
2548,2142,15,1,2
2548,2142,15,2,6
2549,2142,15,1,0
2549,2142,15,2,5
2550,2142,15,1,1
2550,2142,15,2,4
2551,2142,15,1,4
2551,2142,15,2,5
2552,2142,15,1,3
2552,2142,15,2,4
2553,2142,15,1,0
2553,2142,15,2,1
2554,2142,15,1,2
2554,2142,15,2,7
2555,2142,15,1,3
2555,2142,15,2,7
2556,2142,15,1,2
2556,2142,15,2,5
2557,2142,15,1,4
2557,2142,15,2,5
2558,2142,15,1,0
2558,2142,15,2,5
2559,2142,15,1,0
2559,2142,15,2,6
2528,2142,16,1,1
2528,2142,16,2,3
2529,2142,16,1,2
2529,2142,16,2,6
2530,2142,16,1,4
2530,2142,16,2,6
2531,2142,16,1,0
2531,2142,16,2,7
2532,2142,16,1,0
2532,2142,16,2,5
2533,2142,16,1,1
2533,2142,16,2,2
2534,2142,16,1,0
2534,2142,16,2,4
2535,2142,16,1,5
2535,2142,16,2,6
2536,2142,16,1,6
2536,2142,16,2,7
2537,2142,16,1,2
2537,2142,16,2,3
2538,2142,16,1,4
2538,2142,16,2,5
2539,2142,16,1,2
2539,2142,16,2,4
2540,2142,16,1,6
2540,2142,16,2,7
2541,2142,16,1,3
2541,2142,16,2,6
2542,2142,16,1,4
2542,2142,16,2,5
2543,2142,16,1,1
2543,2142,16,2,5
2544,2142,16,1,0
2544,2142,16,2,1
2545,2142,16,1,0
2545,2142,16,2,2
2546,2142,16,1,3
2546,2142,16,2,4
2547,2142,16,1,0
2547,2142,16,2,7
2548,2142,16,1,0
2548,2142,16,2,3
2549,2142,16,1,1
2549,2142,16,2,2
2550,2142,16,1,5
2550,2142,16,2,6
2551,2142,16,1,4
2551,2142,16,2,6
2552,2142,16,1,4
2552,2142,16,2,6
2553,2142,16,1,0
2553,2142,16,2,3
2554,2142,16,1,1
2554,2142,16,2,7
2555,2142,16,1,4
2555,2142,16,2,6
2556,2142,16,1,2
2556,2142,16,2,7
2557,2142,16,1,0
2557,2142,16,2,1
2558,2142,16,1,0
2558,2142,16,2,5
2559,2142,16,1,3
2559,2142,16,2,4
2528,2142,17,1,2
2528,2142,17,2,7
2529,2142,17,1,2
2529,2142,17,2,5
2530,2142,17,1,0
2530,2142,17,2,4
2531,2142,17,1,0
2531,2142,17,2,7
2532,2142,17,1,2
2532,2142,17,2,5
2533,2142,17,1,0
2533,2142,17,2,5
2534,2142,17,1,5
2534,2142,17,2,7
2535,2142,17,1,1
2535,2142,17,2,4
2536,2142,17,1,4
2536,2142,17,2,6
2537,2142,17,1,1
2537,2142,17,2,7
2538,2142,17,1,2
2538,2142,17,2,3
2539,2142,17,1,2
2539,2142,17,2,7
2540,2142,17,1,2
2540,2142,17,2,6
2541,2142,17,1,2
2541,2142,17,2,4
2542,2142,17,1,1
2542,2142,17,2,5
2543,2142,17,1,1
2543,2142,17,2,6
2544,2142,17,1,0
2544,2142,17,2,1
2545,2142,17,1,1
2545,2142,17,2,4
2546,2142,17,1,1
2546,2142,17,2,4
2547,2142,17,1,5
2547,2142,17,2,7
2548,2142,17,1,2
2548,2142,17,2,5
2549,2142,17,1,0
2549,2142,17,2,5
2550,2142,17,1,0
2550,2142,17,2,2
2551,2142,17,1,0
2551,2142,17,2,6
2552,2142,17,1,2
2552,2142,17,2,4
2553,2142,17,1,2
2553,2142,17,2,4
2554,2142,17,1,4
2554,2142,17,2,7
2555,2142,17,1,1
2555,2142,17,2,4
2556,2142,17,1,4
2556,2142,17,2,7
2557,2142,17,1,3
2557,2142,17,2,5
2558,2142,17,1,0
2558,2142,17,2,1
2559,2142,17,1,2
2559,2142,17,2,4
2528,2142,18,1,1
2528,2142,18,2,4
2529,2142,18,1,0
2529,2142,18,2,5
2530,2142,18,1,0
2530,2142,18,2,7
2531,2142,18,1,6
2531,2142,18,2,7
2532,2142,18,1,1
2532,2142,18,2,4
2533,2142,18,1,1
2533,2142,18,2,3
2534,2142,18,1,4
2534,2142,18,2,5
2535,2142,18,1,2
2535,2142,18,2,7
2536,2142,18,1,2
2536,2142,18,2,7
2537,2142,18,1,1
2537,2142,18,2,5
2538,2142,18,1,1
2538,2142,18,2,7
2539,2142,18,1,2
2539,2142,18,2,6
2540,2142,18,1,4
2540,2142,18,2,5
2541,2142,18,1,2
2541,2142,18,2,4
2542,2142,18,1,2
2542,2142,18,2,6
2543,2142,18,1,3
2543,2142,18,2,6
2544,2142,18,1,1
2544,2142,18,2,5
2545,2142,18,1,3
2545,2142,18,2,4
2546,2142,18,1,2
2546,2142,18,2,7
2547,2142,18,1,1
2547,2142,18,2,5
2548,2142,18,1,1
2548,2142,18,2,5
2549,2142,18,1,1
2549,2142,18,2,2
2550,2142,18,1,2
2550,2142,18,2,6
2551,2142,18,1,1
2551,2142,18,2,2
2552,2142,18,1,0
2552,2142,18,2,1
2553,2142,18,1,3
2553,2142,18,2,4
2554,2142,18,1,1
2554,2142,18,2,4
2555,2142,18,1,1
2555,2142,18,2,6
2556,2142,18,1,0
2556,2142,18,2,4
2557,2142,18,1,1
2557,2142,18,2,5
2558,2142,18,1,2
2558,2142,18,2,4
2559,2142,18,1,3
2559,2142,18,2,7
2528,2142,19,1,4
2528,2142,19,2,7
2529,2142,19,1,0
2529,2142,19,2,4
2530,2142,19,1,4
2530,2142,19,2,6
2531,2142,19,1,0
2531,2142,19,2,5
2532,2142,19,1,4
2532,2142,19,2,5
2533,2142,19,1,1
2533,2142,19,2,2
2534,2142,19,1,3
2534,2142,19,2,7
2535,2142,19,1,2
2535,2142,19,2,6
2536,2142,19,1,2
2536,2142,19,2,4
2537,2142,19,1,1
2537,2142,19,2,7
2538,2142,19,1,2
2538,2142,19,2,6
2539,2142,19,1,2
2539,2142,19,2,7
2540,2142,19,1,0
2540,2142,19,2,2
2541,2142,19,1,4
2541,2142,19,2,7
2542,2142,19,1,0
2542,2142,19,2,5
2543,2142,19,1,4
2543,2142,19,2,6
2544,2142,19,1,2
2544,2142,19,2,4
2545,2142,19,1,2
2545,2142,19,2,6
2546,2142,19,1,4
2546,2142,19,2,7
2547,2142,19,1,1
2547,2142,19,2,5
2548,2142,19,1,1
2548,2142,19,2,6
2549,2142,19,1,5
2549,2142,19,2,7
2550,2142,19,1,3
2550,2142,19,2,4
2551,2142,19,1,2
2551,2142,19,2,3
2552,2142,19,1,2
2552,2142,19,2,5
2553,2142,19,1,0
2553,2142,19,2,7
2554,2142,19,1,4
2554,2142,19,2,7
2555,2142,19,1,4
2555,2142,19,2,5
2556,2142,19,1,4
2556,2142,19,2,6
2557,2142,19,1,1
2557,2142,19,2,6
2558,2142,19,1,1
2558,2142,19,2,3
2559,2142,19,1,1
2559,2142,19,2,3
2528,2142,20,1,5
2528,2142,20,2,6
2529,2142,20,1,5
2529,2142,20,2,6
2530,2142,20,1,0
2530,2142,20,2,5
2531,2142,20,1,0
2531,2142,20,2,4
2532,2142,20,1,0
2532,2142,20,2,4
2533,2142,20,1,1
2533,2142,20,2,2
2534,2142,20,1,0
2534,2142,20,2,2
2535,2142,20,1,5
2535,2142,20,2,6
2536,2142,20,1,0
2536,2142,20,2,1
2537,2142,20,1,1
2537,2142,20,2,2
2538,2142,20,1,3
2538,2142,20,2,6
2539,2142,20,1,0
2539,2142,20,2,2
2540,2142,20,1,1
2540,2142,20,2,5
2541,2142,20,1,0
2541,2142,20,2,7
2542,2142,20,1,2
2542,2142,20,2,7
2543,2142,20,1,5
2543,2142,20,2,7
2544,2142,20,1,1
2544,2142,20,2,7
2545,2142,20,1,3
2545,2142,20,2,4
2546,2142,20,1,0
2546,2142,20,2,4
2547,2142,20,1,2
2547,2142,20,2,3
2548,2142,20,1,1
2548,2142,20,2,5
2549,2142,20,1,5
2549,2142,20,2,6
2550,2142,20,1,2
2550,2142,20,2,7
2551,2142,20,1,2
2551,2142,20,2,4
2552,2142,20,1,0
2552,2142,20,2,2
2553,2142,20,1,3
2553,2142,20,2,4
2554,2142,20,1,0
2554,2142,20,2,4
2555,2142,20,1,4
2555,2142,20,2,6
2556,2142,20,1,4
2556,2142,20,2,5
2557,2142,20,1,3
2557,2142,20,2,4
2558,2142,20,1,2
2558,2142,20,2,3
2559,2142,20,1,5
2559,2142,20,2,6
2528,2142,21,1,4
2528,2142,21,2,5
2529,2142,21,1,3
2529,2142,21,2,6
2530,2142,21,1,0
2530,2142,21,2,4
2531,2142,21,1,0
2531,2142,21,2,5
2532,2142,21,1,1
2532,2142,21,2,4
2533,2142,21,1,2
2533,2142,21,2,3
2534,2142,21,1,0
2534,2142,21,2,7
2535,2142,21,1,2
2535,2142,21,2,3
2536,2142,21,1,1
2536,2142,21,2,5
2537,2142,21,1,5
2537,2142,21,2,7
2538,2142,21,1,2
2538,2142,21,2,4
2539,2142,21,1,0
2539,2142,21,2,4
2540,2142,21,1,2
2540,2142,21,2,7
2541,2142,21,1,2
2541,2142,21,2,4
2542,2142,21,1,2
2542,2142,21,2,5
2543,2142,21,1,4
2543,2142,21,2,5
2544,2142,21,1,3
2544,2142,21,2,6
2545,2142,21,1,0
2545,2142,21,2,2
2546,2142,21,1,2
2546,2142,21,2,3
2547,2142,21,1,1
2547,2142,21,2,5
2548,2142,21,1,1
2548,2142,21,2,4
2549,2142,21,1,4
2549,2142,21,2,7
2550,2142,21,1,1
2550,2142,21,2,4
2551,2142,21,1,3
2551,2142,21,2,7
2552,2142,21,1,0
2552,2142,21,2,5
2553,2142,21,1,2
2553,2142,21,2,5
2554,2142,21,1,4
2554,2142,21,2,5
2555,2142,21,1,0
2555,2142,21,2,4
2556,2142,21,1,3
2556,2142,21,2,4
2557,2142,21,1,3
2557,2142,21,2,5
2558,2142,21,1,1
2558,2142,21,2,2
2559,2142,21,1,0
2559,2142,21,2,4
2528,2142,22,1,4
2528,2142,22,2,6
2529,2142,22,1,2
2529,2142,22,2,6
2530,2142,22,1,4
2530,2142,22,2,6
2531,2142,22,1,3
2531,2142,22,2,7
2532,2142,22,1,0
2532,2142,22,2,1
2533,2142,22,1,2
2533,2142,22,2,6
2534,2142,22,1,3
2534,2142,22,2,7
2535,2142,22,1,2
2535,2142,22,2,5
2536,2142,22,1,0
2536,2142,22,2,4
2537,2142,22,1,1
2537,2142,22,2,6
2538,2142,22,1,4
2538,2142,22,2,7
2539,2142,22,1,1
2539,2142,22,2,6
2540,2142,22,1,0
2540,2142,22,2,5
2541,2142,22,1,2
2541,2142,22,2,6
2542,2142,22,1,2
2542,2142,22,2,5
2543,2142,22,1,1
2543,2142,22,2,3
2544,2142,22,1,0
2544,2142,22,2,1
2545,2142,22,1,0
2545,2142,22,2,5
2546,2142,22,1,2
2546,2142,22,2,7
2547,2142,22,1,6
2547,2142,22,2,7
2548,2142,22,1,1
2548,2142,22,2,4
2549,2142,22,1,1
2549,2142,22,2,2
2550,2142,22,1,3
2550,2142,22,2,6
2551,2142,22,1,1
2551,2142,22,2,6
2552,2142,22,1,4
2552,2142,22,2,5
2553,2142,22,1,4
2553,2142,22,2,6
2554,2142,22,1,1
2554,2142,22,2,6
2555,2142,22,1,3
2555,2142,22,2,7
2556,2142,22,1,2
2556,2142,22,2,3
2557,2142,22,1,2
2557,2142,22,2,4
2558,2142,22,1,0
2558,2142,22,2,4
2559,2142,22,1,4
2559,2142,22,2,7
2528,2142,23,1,0
2528,2142,23,2,3
2529,2142,23,1,2
2529,2142,23,2,6
2530,2142,23,1,3
2530,2142,23,2,5
2531,2142,23,1,1
2531,2142,23,2,6
2532,2142,23,1,0
2532,2142,23,2,3
2533,2142,23,1,0
2533,2142,23,2,3
2534,2142,23,1,0
2534,2142,23,2,5
2535,2142,23,1,3
2535,2142,23,2,7
2536,2142,23,1,0
2536,2142,23,2,3
2537,2142,23,1,4
2537,2142,23,2,7
2538,2142,23,1,4
2538,2142,23,2,6
2539,2142,23,1,6
2539,2142,23,2,7
2540,2142,23,1,1
2540,2142,23,2,5
2541,2142,23,1,5
2541,2142,23,2,7
2542,2142,23,1,4
2542,2142,23,2,6
2543,2142,23,1,1
2543,2142,23,2,6
2544,2142,23,1,1
2544,2142,23,2,6
2545,2142,23,1,0
2545,2142,23,2,2
2546,2142,23,1,3
2546,2142,23,2,6
2547,2142,23,1,6
2547,2142,23,2,7
2548,2142,23,1,3
2548,2142,23,2,5
2549,2142,23,1,4
2549,2142,23,2,7
2550,2142,23,1,0
2550,2142,23,2,5
2551,2142,23,1,2
2551,2142,23,2,5
2552,2142,23,1,1
2552,2142,23,2,6
2553,2142,23,1,0
2553,2142,23,2,1
2554,2142,23,1,2
2554,2142,23,2,4
2555,2142,23,1,0
2555,2142,23,2,4
2556,2142,23,1,1
2556,2142,23,2,3
2557,2142,23,1,3
2557,2142,23,2,6
2558,2142,23,1,3
2558,2142,23,2,6
2559,2142,23,1,3
2559,2142,23,2,4
2528,2142,24,1,0
2528,2142,24,2,7
2529,2142,24,1,2
2529,2142,24,2,4
2530,2142,24,1,0
2530,2142,24,2,1
2531,2142,24,1,6
2531,2142,24,2,7
2532,2142,24,1,4
2532,2142,24,2,5
2533,2142,24,1,0
2533,2142,24,2,1
2534,2142,24,1,2
2534,2142,24,2,5
2535,2142,24,1,6
2535,2142,24,2,7
2536,2142,24,1,3
2536,2142,24,2,4
2537,2142,24,1,3
2537,2142,24,2,5
2538,2142,24,1,2
2538,2142,24,2,7
2539,2142,24,1,3
2539,2142,24,2,5
2540,2142,24,1,4
2540,2142,24,2,6
2541,2142,24,1,3
2541,2142,24,2,4
2542,2142,24,1,4
2542,2142,24,2,5
2543,2142,24,1,0
2543,2142,24,2,1
2544,2142,24,1,0
2544,2142,24,2,7
2545,2142,24,1,2
2545,2142,24,2,3
2546,2142,24,1,3
2546,2142,24,2,6
2547,2142,24,1,4
2547,2142,24,2,5
2548,2142,24,1,3
2548,2142,24,2,7
2549,2142,24,1,1
2549,2142,24,2,4
2550,2142,24,1,5
2550,2142,24,2,7
2551,2142,24,1,2
2551,2142,24,2,7
2552,2142,24,1,3
2552,2142,24,2,5
2553,2142,24,1,1
2553,2142,24,2,5
2554,2142,24,1,2
2554,2142,24,2,7
2555,2142,24,1,5
2555,2142,24,2,7
2556,2142,24,1,2
2556,2142,24,2,5
2557,2142,24,1,2
2557,2142,24,2,5
2558,2142,24,1,0
2558,2142,24,2,4
2559,2142,24,1,0
2559,2142,24,2,2
2528,2142,25,1,3
2528,2142,25,2,4
2529,2142,25,1,0
2529,2142,25,2,6
2530,2142,25,1,3
2530,2142,25,2,4
2531,2142,25,1,1
2531,2142,25,2,2
2532,2142,25,1,2
2532,2142,25,2,6
2533,2142,25,1,4
2533,2142,25,2,5
2534,2142,25,1,4
2534,2142,25,2,5
2535,2142,25,1,5
2535,2142,25,2,7
2536,2142,25,1,4
2536,2142,25,2,6
2537,2142,25,1,5
2537,2142,25,2,7
2538,2142,25,1,4
2538,2142,25,2,6
2539,2142,25,1,1
2539,2142,25,2,6
2540,2142,25,1,0
2540,2142,25,2,4
2541,2142,25,1,6
2541,2142,25,2,7
2542,2142,25,1,5
2542,2142,25,2,7
2543,2142,25,1,1
2543,2142,25,2,3
2544,2142,25,1,2
2544,2142,25,2,7
2545,2142,25,1,5
2545,2142,25,2,7
2546,2142,25,1,0
2546,2142,25,2,6
2547,2142,25,1,0
2547,2142,25,2,3
2548,2142,25,1,2
2548,2142,25,2,3
2549,2142,25,1,2
2549,2142,25,2,7
2550,2142,25,1,2
2550,2142,25,2,4
2551,2142,25,1,3
2551,2142,25,2,5
2552,2142,25,1,2
2552,2142,25,2,3
2553,2142,25,1,5
2553,2142,25,2,7
2554,2142,25,1,0
2554,2142,25,2,1
2555,2142,25,1,3
2555,2142,25,2,7
2556,2142,25,1,2
2556,2142,25,2,6
2557,2142,25,1,1
2557,2142,25,2,5
2558,2142,25,1,3
2558,2142,25,2,4
2559,2142,25,1,3
2559,2142,25,2,4
2528,2142,26,1,4
2528,2142,26,2,6
2529,2142,26,1,2
2529,2142,26,2,6
2530,2142,26,1,4
2530,2142,26,2,5
2531,2142,26,1,0
2531,2142,26,2,1
2532,2142,26,1,0
2532,2142,26,2,7
2533,2142,26,1,5
2533,2142,26,2,7
2534,2142,26,1,4
2534,2142,26,2,6
2535,2142,26,1,1
2535,2142,26,2,6
2536,2142,26,1,0
2536,2142,26,2,1
2537,2142,26,1,0
2537,2142,26,2,6
2538,2142,26,1,4
2538,2142,26,2,5
2539,2142,26,1,4
2539,2142,26,2,5
2540,2142,26,1,0
2540,2142,26,2,6
2541,2142,26,1,0
2541,2142,26,2,2
2542,2142,26,1,0
2542,2142,26,2,2
2543,2142,26,1,2
2543,2142,26,2,5
2544,2142,26,1,0
2544,2142,26,2,7
2545,2142,26,1,2
2545,2142,26,2,4
2546,2142,26,1,1
2546,2142,26,2,4
2547,2142,26,1,4
2547,2142,26,2,5
2548,2142,26,1,2
2548,2142,26,2,4
2549,2142,26,1,5
2549,2142,26,2,6
2550,2142,26,1,2
2550,2142,26,2,4
2551,2142,26,1,0
2551,2142,26,2,3
2552,2142,26,1,0
2552,2142,26,2,3
2553,2142,26,1,1
2553,2142,26,2,2
2554,2142,26,1,1
2554,2142,26,2,3
2555,2142,26,1,6
2555,2142,26,2,7
2556,2142,26,1,1
2556,2142,26,2,4
2557,2142,26,1,0
2557,2142,26,2,7
2558,2142,26,1,2
2558,2142,26,2,6
2559,2142,26,1,5
2559,2142,26,2,6
2528,2142,27,1,4
2528,2142,27,2,6
2529,2142,27,1,4
2529,2142,27,2,7
2530,2142,27,1,0
2530,2142,27,2,2
2531,2142,27,1,0
2531,2142,27,2,6
2532,2142,27,1,2
2532,2142,27,2,7
2533,2142,27,1,4
2533,2142,27,2,7
2534,2142,27,1,2
2534,2142,27,2,7
2535,2142,27,1,1
2535,2142,27,2,5
2536,2142,27,1,2
2536,2142,27,2,6
2537,2142,27,1,2
2537,2142,27,2,7
2538,2142,27,1,1
2538,2142,27,2,4
2539,2142,27,1,2
2539,2142,27,2,6
2540,2142,27,1,3
2540,2142,27,2,6
2541,2142,27,1,4
2541,2142,27,2,5
2542,2142,27,1,0
2542,2142,27,2,4
2543,2142,27,1,4
2543,2142,27,2,6
2544,2142,27,1,0
2544,2142,27,2,5
2545,2142,27,1,1
2545,2142,27,2,4
2546,2142,27,1,4
2546,2142,27,2,5
2547,2142,27,1,0
2547,2142,27,2,6
2548,2142,27,1,3
2548,2142,27,2,6
2549,2142,27,1,1
2549,2142,27,2,3
2550,2142,27,1,6
2550,2142,27,2,7
2551,2142,27,1,0
2551,2142,27,2,6
2552,2142,27,1,1
2552,2142,27,2,3
2553,2142,27,1,0
2553,2142,27,2,5
2554,2142,27,1,0
2554,2142,27,2,5
2555,2142,27,1,1
2555,2142,27,2,3
2556,2142,27,1,2
2556,2142,27,2,5
2557,2142,27,1,3
2557,2142,27,2,4
2558,2142,27,1,1
2558,2142,27,2,6
2559,2142,27,1,3
2559,2142,27,2,7
2528,2142,28,1,0
2528,2142,28,2,5
2529,2142,28,1,1
2529,2142,28,2,2
2530,2142,28,1,2
2530,2142,28,2,5
2531,2142,28,1,0
2531,2142,28,2,5
2532,2142,28,1,4
2532,2142,28,2,7
2533,2142,28,1,0
2533,2142,28,2,1
2534,2142,28,1,4
2534,2142,28,2,7
2535,2142,28,1,1
2535,2142,28,2,5
2536,2142,28,1,1
2536,2142,28,2,4
2537,2142,28,1,1
2537,2142,28,2,3
2538,2142,28,1,0
2538,2142,28,2,7
2539,2142,28,1,3
2539,2142,28,2,4
2540,2142,28,1,2
2540,2142,28,2,3
2541,2142,28,1,0
2541,2142,28,2,4
2542,2142,28,1,0
2542,2142,28,2,7
2543,2142,28,1,2
2543,2142,28,2,3
2544,2142,28,1,5
2544,2142,28,2,6
2545,2142,28,1,3
2545,2142,28,2,6
2546,2142,28,1,6
2546,2142,28,2,7
2547,2142,28,1,2
2547,2142,28,2,3
2548,2142,28,1,2
2548,2142,28,2,5
2549,2142,28,1,1
2549,2142,28,2,2
2550,2142,28,1,0
2550,2142,28,2,1
2551,2142,28,1,3
2551,2142,28,2,7
2552,2142,28,1,5
2552,2142,28,2,7
2553,2142,28,1,0
2553,2142,28,2,1
2554,2142,28,1,0
2554,2142,28,2,6
2555,2142,28,1,3
2555,2142,28,2,4
2556,2142,28,1,0
2556,2142,28,2,1
2557,2142,28,1,0
2557,2142,28,2,2
2558,2142,28,1,2
2558,2142,28,2,4
2559,2142,28,1,3
2559,2142,28,2,5
2528,2142,29,1,4
2528,2142,29,2,7
2529,2142,29,1,0
2529,2142,29,2,3
2530,2142,29,1,2
2530,2142,29,2,4
2531,2142,29,1,1
2531,2142,29,2,6
2532,2142,29,1,1
2532,2142,29,2,2
2533,2142,29,1,2
2533,2142,29,2,5
2534,2142,29,1,0
2534,2142,29,2,3
2535,2142,29,1,1
2535,2142,29,2,5
2536,2142,29,1,0
2536,2142,29,2,5
2537,2142,29,1,1
2537,2142,29,2,5
2538,2142,29,1,1
2538,2142,29,2,7
2539,2142,29,1,2
2539,2142,29,2,3
2540,2142,29,1,1
2540,2142,29,2,2
2541,2142,29,1,2
2541,2142,29,2,5
2542,2142,29,1,3
2542,2142,29,2,6
2543,2142,29,1,3
2543,2142,29,2,4
2544,2142,29,1,5
2544,2142,29,2,6
2545,2142,29,1,2
2545,2142,29,2,7
2546,2142,29,1,1
2546,2142,29,2,4
2547,2142,29,1,2
2547,2142,29,2,5
2548,2142,29,1,4
2548,2142,29,2,5
2549,2142,29,1,0
2549,2142,29,2,2
2550,2142,29,1,1
2550,2142,29,2,6
2551,2142,29,1,5
2551,2142,29,2,7
2552,2142,29,1,0
2552,2142,29,2,6
2553,2142,29,1,1
2553,2142,29,2,2
2554,2142,29,1,0
2554,2142,29,2,4
2555,2142,29,1,0
2555,2142,29,2,6
2556,2142,29,1,2
2556,2142,29,2,3
2557,2142,29,1,0
2557,2142,29,2,3
2558,2142,29,1,3
2558,2142,29,2,6
2559,2142,29,1,5
2559,2142,29,2,6
2528,2142,30,1,1
2528,2142,30,2,3
2529,2142,30,1,1
2529,2142,30,2,2
2530,2142,30,1,2
2530,2142,30,2,4
2531,2142,30,1,1
2531,2142,30,2,4
2532,2142,30,1,3
2532,2142,30,2,5
2533,2142,30,1,2
2533,2142,30,2,4
2534,2142,30,1,0
2534,2142,30,2,5
2535,2142,30,1,3
2535,2142,30,2,5
2536,2142,30,1,2
2536,2142,30,2,7
2537,2142,30,1,3
2537,2142,30,2,7
2538,2142,30,1,0
2538,2142,30,2,4
2539,2142,30,1,2
2539,2142,30,2,3
2540,2142,30,1,0
2540,2142,30,2,4
2541,2142,30,1,1
2541,2142,30,2,3
2542,2142,30,1,5
2542,2142,30,2,7
2543,2142,30,1,2
2543,2142,30,2,6
2544,2142,30,1,2
2544,2142,30,2,5
2545,2142,30,1,1
2545,2142,30,2,5
2546,2142,30,1,2
2546,2142,30,2,7
2547,2142,30,1,5
2547,2142,30,2,7
2548,2142,30,1,1
2548,2142,30,2,5
2549,2142,30,1,3
2549,2142,30,2,5
2550,2142,30,1,3
2550,2142,30,2,4
2551,2142,30,1,1
2551,2142,30,2,4
2552,2142,30,1,2
2552,2142,30,2,5
2553,2142,30,1,1
2553,2142,30,2,6
2554,2142,30,1,5
2554,2142,30,2,7
2555,2142,30,1,3
2555,2142,30,2,5
2556,2142,30,1,0
2556,2142,30,2,4
2557,2142,30,1,6
2557,2142,30,2,7
2558,2142,30,1,2
2558,2142,30,2,4
2559,2142,30,1,2
2559,2142,30,2,3
2528,2142,31,1,1
2528,2142,31,2,2
2529,2142,31,1,0
2529,2142,31,2,1
2530,2142,31,1,1
2530,2142,31,2,3
2531,2142,31,1,0
2531,2142,31,2,6
2532,2142,31,1,3
2532,2142,31,2,5
2533,2142,31,1,2
2533,2142,31,2,4
2534,2142,31,1,0
2534,2142,31,2,6
2535,2142,31,1,2
2535,2142,31,2,5
2536,2142,31,1,0
2536,2142,31,2,5
2537,2142,31,1,1
2537,2142,31,2,4
2538,2142,31,1,0
2538,2142,31,2,2
2539,2142,31,1,5
2539,2142,31,2,7
2540,2142,31,1,3
2540,2142,31,2,5
2541,2142,31,1,2
2541,2142,31,2,4
2542,2142,31,1,4
2542,2142,31,2,6
2543,2142,31,1,0
2543,2142,31,2,6
2544,2142,31,1,3
2544,2142,31,2,5
2545,2142,31,1,1
2545,2142,31,2,5
2546,2142,31,1,2
2546,2142,31,2,6
2547,2142,31,1,4
2547,2142,31,2,6
2548,2142,31,1,4
2548,2142,31,2,5
2549,2142,31,1,0
2549,2142,31,2,5
2550,2142,31,1,4
2550,2142,31,2,6
2551,2142,31,1,3
2551,2142,31,2,5
2552,2142,31,1,2
2552,2142,31,2,7
2553,2142,31,1,0
2553,2142,31,2,5
2554,2142,31,1,0
2554,2142,31,2,4
2555,2142,31,1,0
2555,2142,31,2,7
2556,2142,31,1,1
2556,2142,31,2,3
2557,2142,31,1,0
2557,2142,31,2,2
2558,2142,31,1,1
2558,2142,31,2,7
2559,2142,31,1,1
2559,2142,31,2,6
2528,2143,0,1,4
2528,2143,0,2,7
2529,2143,0,1,4
2529,2143,0,2,7
2530,2143,0,1,3
2530,2143,0,2,6
2531,2143,0,1,3
2531,2143,0,2,5
2532,2143,0,1,0
2532,2143,0,2,2
2533,2143,0,1,4
2533,2143,0,2,6
2534,2143,0,1,4
2534,2143,0,2,5
2535,2143,0,1,2
2535,2143,0,2,7
2536,2143,0,1,2
2536,2143,0,2,4
2537,2143,0,1,0
2537,2143,0,2,4
2538,2143,0,1,0
2538,2143,0,2,3
2539,2143,0,1,4
2539,2143,0,2,7
2540,2143,0,1,2
2540,2143,0,2,7
2541,2143,0,1,3
2541,2143,0,2,4
2542,2143,0,1,2
2542,2143,0,2,6
2543,2143,0,1,3
2543,2143,0,2,5
2544,2143,0,1,1
2544,2143,0,2,7
2545,2143,0,1,0
2545,2143,0,2,3
2546,2143,0,1,1
2546,2143,0,2,2
2547,2143,0,1,2
2547,2143,0,2,7
2548,2143,0,1,0
2548,2143,0,2,7
2549,2143,0,1,0
2549,2143,0,2,2
2550,2143,0,1,1
2550,2143,0,2,3
2551,2143,0,1,0
2551,2143,0,2,7
2552,2143,0,1,2
2552,2143,0,2,7
2553,2143,0,1,5
2553,2143,0,2,6
2554,2143,0,1,2
2554,2143,0,2,6
2555,2143,0,1,1
2555,2143,0,2,5
2556,2143,0,1,2
2556,2143,0,2,4
2557,2143,0,1,3
2557,2143,0,2,4
2558,2143,0,1,2
2558,2143,0,2,3
2559,2143,0,1,5
2559,2143,0,2,6
2528,2143,1,1,2
2528,2143,1,2,3
2529,2143,1,1,2
2529,2143,1,2,7
2530,2143,1,1,6
2530,2143,1,2,7
2531,2143,1,1,0
2531,2143,1,2,6
2532,2143,1,1,1
2532,2143,1,2,6
2533,2143,1,1,4
2533,2143,1,2,6
2534,2143,1,1,0
2534,2143,1,2,5
2535,2143,1,1,2
2535,2143,1,2,3
2536,2143,1,1,3
2536,2143,1,2,4
2537,2143,1,1,4
2537,2143,1,2,5
2538,2143,1,1,2
2538,2143,1,2,3
2539,2143,1,1,0
2539,2143,1,2,6
2540,2143,1,1,0
2540,2143,1,2,3
2541,2143,1,1,2
2541,2143,1,2,4
2542,2143,1,1,0
2542,2143,1,2,3
2543,2143,1,1,0
2543,2143,1,2,4
2544,2143,1,1,0
2544,2143,1,2,2
2545,2143,1,1,0
2545,2143,1,2,2
2546,2143,1,1,0
2546,2143,1,2,1
2547,2143,1,1,3
2547,2143,1,2,5
2548,2143,1,1,3
2548,2143,1,2,7
2549,2143,1,1,3
2549,2143,1,2,4
2550,2143,1,1,2
2550,2143,1,2,7
2551,2143,1,1,2
2551,2143,1,2,4
2552,2143,1,1,0
2552,2143,1,2,1
2553,2143,1,1,2
2553,2143,1,2,5
2554,2143,1,1,1
2554,2143,1,2,3
2555,2143,1,1,2
2555,2143,1,2,7
2556,2143,1,1,0
2556,2143,1,2,4
2557,2143,1,1,3
2557,2143,1,2,5
2558,2143,1,1,1
2558,2143,1,2,5
2559,2143,1,1,0
2559,2143,1,2,4
2528,2143,2,1,0
2528,2143,2,2,3
2529,2143,2,1,1
2529,2143,2,2,3
2530,2143,2,1,0
2530,2143,2,2,1
2531,2143,2,1,2
2531,2143,2,2,6
2532,2143,2,1,1
2532,2143,2,2,2
2533,2143,2,1,1
2533,2143,2,2,2
2534,2143,2,1,4
2534,2143,2,2,5
2535,2143,2,1,4
2535,2143,2,2,5
2536,2143,2,1,1
2536,2143,2,2,5
2537,2143,2,1,2
2537,2143,2,2,3
2538,2143,2,1,1
2538,2143,2,2,4
2539,2143,2,1,3
2539,2143,2,2,4
2540,2143,2,1,4
2540,2143,2,2,7
2541,2143,2,1,1
2541,2143,2,2,7
2542,2143,2,1,0
2542,2143,2,2,3
2543,2143,2,1,5
2543,2143,2,2,7
2544,2143,2,1,2
2544,2143,2,2,5
2545,2143,2,1,2
2545,2143,2,2,7
2546,2143,2,1,2
2546,2143,2,2,4
2547,2143,2,1,1
2547,2143,2,2,4
2548,2143,2,1,0
2548,2143,2,2,7
2549,2143,2,1,1
2549,2143,2,2,2
2550,2143,2,1,0
2550,2143,2,2,2
2551,2143,2,1,1
2551,2143,2,2,3
2552,2143,2,1,5
2552,2143,2,2,6
2553,2143,2,1,2
2553,2143,2,2,5
2554,2143,2,1,0
2554,2143,2,2,5
2555,2143,2,1,0
2555,2143,2,2,2
2556,2143,2,1,0
2556,2143,2,2,5
2557,2143,2,1,0
2557,2143,2,2,2
2558,2143,2,1,3
2558,2143,2,2,6
2559,2143,2,1,6
2559,2143,2,2,7
2528,2143,3,1,0
2528,2143,3,2,3
2529,2143,3,1,0
2529,2143,3,2,2
2530,2143,3,1,2
2530,2143,3,2,7
2531,2143,3,1,1
2531,2143,3,2,3
2532,2143,3,1,5
2532,2143,3,2,7
2533,2143,3,1,5
2533,2143,3,2,6
2534,2143,3,1,6
2534,2143,3,2,7
2535,2143,3,1,2
2535,2143,3,2,5
2536,2143,3,1,5
2536,2143,3,2,6
2537,2143,3,1,0
2537,2143,3,2,1
2538,2143,3,1,0
2538,2143,3,2,6
2539,2143,3,1,0
2539,2143,3,2,5
2540,2143,3,1,0
2540,2143,3,2,3
2541,2143,3,1,1
2541,2143,3,2,5
2542,2143,3,1,1
2542,2143,3,2,5
2543,2143,3,1,0
2543,2143,3,2,7
2544,2143,3,1,2
2544,2143,3,2,4
2545,2143,3,1,2
2545,2143,3,2,7
2546,2143,3,1,0
2546,2143,3,2,5
2547,2143,3,1,1
2547,2143,3,2,7
2548,2143,3,1,3
2548,2143,3,2,6
2549,2143,3,1,0
2549,2143,3,2,6
2550,2143,3,1,0
2550,2143,3,2,1
2551,2143,3,1,3
2551,2143,3,2,4
2552,2143,3,1,2
2552,2143,3,2,4
2553,2143,3,1,2
2553,2143,3,2,4
2554,2143,3,1,2
2554,2143,3,2,5
2555,2143,3,1,3
2555,2143,3,2,4
2556,2143,3,1,4
2556,2143,3,2,7
2557,2143,3,1,6
2557,2143,3,2,7
2558,2143,3,1,5
2558,2143,3,2,7
2559,2143,3,1,2
2559,2143,3,2,4
2528,2143,4,1,3
2528,2143,4,2,5
2529,2143,4,1,2
2529,2143,4,2,6
2530,2143,4,1,0
2530,2143,4,2,2
2531,2143,4,1,6
2531,2143,4,2,7
2532,2143,4,1,3
2532,2143,4,2,4
2533,2143,4,1,5
2533,2143,4,2,6
2534,2143,4,1,1
2534,2143,4,2,7
2535,2143,4,1,4
2535,2143,4,2,5
2536,2143,4,1,1
2536,2143,4,2,5
2537,2143,4,1,2
2537,2143,4,2,3
2538,2143,4,1,1
2538,2143,4,2,7
2539,2143,4,1,0
2539,2143,4,2,2
2540,2143,4,1,3
2540,2143,4,2,4
2541,2143,4,1,1
2541,2143,4,2,7
2542,2143,4,1,2
2542,2143,4,2,4
2543,2143,4,1,1
2543,2143,4,2,4
2544,2143,4,1,1
2544,2143,4,2,5
2545,2143,4,1,2
2545,2143,4,2,6
2546,2143,4,1,4
2546,2143,4,2,5
2547,2143,4,1,1
2547,2143,4,2,7
2548,2143,4,1,4
2548,2143,4,2,5
2549,2143,4,1,3
2549,2143,4,2,6
2550,2143,4,1,0
2550,2143,4,2,4
2551,2143,4,1,3
2551,2143,4,2,5
2552,2143,4,1,0
2552,2143,4,2,2
2553,2143,4,1,5
2553,2143,4,2,7
2554,2143,4,1,0
2554,2143,4,2,6
2555,2143,4,1,5
2555,2143,4,2,6
2556,2143,4,1,0
2556,2143,4,2,4
2557,2143,4,1,1
2557,2143,4,2,6
2558,2143,4,1,5
2558,2143,4,2,7
2559,2143,4,1,0
2559,2143,4,2,7
2528,2143,5,1,0
2528,2143,5,2,3
2529,2143,5,1,2
2529,2143,5,2,7
2530,2143,5,1,1
2530,2143,5,2,5
2531,2143,5,1,4
2531,2143,5,2,6
2532,2143,5,1,0
2532,2143,5,2,2
2533,2143,5,1,0
2533,2143,5,2,5
2534,2143,5,1,0
2534,2143,5,2,3
2535,2143,5,1,3
2535,2143,5,2,7
2536,2143,5,1,0
2536,2143,5,2,1
2537,2143,5,1,4
2537,2143,5,2,6
2538,2143,5,1,2
2538,2143,5,2,5
2539,2143,5,1,0
2539,2143,5,2,1
2540,2143,5,1,1
2540,2143,5,2,6
2541,2143,5,1,1
2541,2143,5,2,6
2542,2143,5,1,2
2542,2143,5,2,4
2543,2143,5,1,2
2543,2143,5,2,3
2544,2143,5,1,1
2544,2143,5,2,5
2545,2143,5,1,4
2545,2143,5,2,6
2546,2143,5,1,6
2546,2143,5,2,7
2547,2143,5,1,0
2547,2143,5,2,7
2548,2143,5,1,2
2548,2143,5,2,5
2549,2143,5,1,2
2549,2143,5,2,7
2550,2143,5,1,3
2550,2143,5,2,6
2551,2143,5,1,0
2551,2143,5,2,2
2552,2143,5,1,1
2552,2143,5,2,4
2553,2143,5,1,1
2553,2143,5,2,4
2554,2143,5,1,4
2554,2143,5,2,5
2555,2143,5,1,4
2555,2143,5,2,7
2556,2143,5,1,4
2556,2143,5,2,5
2557,2143,5,1,4
2557,2143,5,2,5
2558,2143,5,1,0
2558,2143,5,2,5
2559,2143,5,1,0
2559,2143,5,2,2
2528,2143,6,1,0
2528,2143,6,2,4
2529,2143,6,1,3
2529,2143,6,2,7
2530,2143,6,1,1
2530,2143,6,2,2
2531,2143,6,1,0
2531,2143,6,2,4
2532,2143,6,1,3
2532,2143,6,2,6
2533,2143,6,1,4
2533,2143,6,2,6
2534,2143,6,1,1
2534,2143,6,2,4
2535,2143,6,1,0
2535,2143,6,2,3
2536,2143,6,1,5
2536,2143,6,2,6
2537,2143,6,1,2
2537,2143,6,2,3
2538,2143,6,1,1
2538,2143,6,2,5
2539,2143,6,1,1
2539,2143,6,2,3
2540,2143,6,1,2
2540,2143,6,2,3
2541,2143,6,1,1
2541,2143,6,2,7
2542,2143,6,1,1
2542,2143,6,2,3
2543,2143,6,1,0
2543,2143,6,2,3
2544,2143,6,1,1
2544,2143,6,2,7
2545,2143,6,1,6
2545,2143,6,2,7
2546,2143,6,1,0
2546,2143,6,2,6
2547,2143,6,1,5
2547,2143,6,2,7
2548,2143,6,1,5
2548,2143,6,2,6
2549,2143,6,1,1
2549,2143,6,2,3
2550,2143,6,1,5
2550,2143,6,2,7
2551,2143,6,1,5
2551,2143,6,2,6
2552,2143,6,1,3
2552,2143,6,2,4
2553,2143,6,1,2
2553,2143,6,2,7
2554,2143,6,1,5
2554,2143,6,2,6
2555,2143,6,1,2
2555,2143,6,2,4
2556,2143,6,1,0
2556,2143,6,2,1
2557,2143,6,1,1
2557,2143,6,2,7
2558,2143,6,1,1
2558,2143,6,2,6
2559,2143,6,1,1
2559,2143,6,2,7
2528,2143,7,1,3
2528,2143,7,2,5
2529,2143,7,1,1
2529,2143,7,2,5
2530,2143,7,1,1
2530,2143,7,2,4
2531,2143,7,1,1
2531,2143,7,2,2
2532,2143,7,1,4
2532,2143,7,2,6
2533,2143,7,1,2
2533,2143,7,2,6
2534,2143,7,1,3
2534,2143,7,2,6
2535,2143,7,1,3
2535,2143,7,2,4
2536,2143,7,1,6
2536,2143,7,2,7
2537,2143,7,1,5
2537,2143,7,2,6
2538,2143,7,1,5
2538,2143,7,2,7
2539,2143,7,1,3
2539,2143,7,2,6
2540,2143,7,1,1
2540,2143,7,2,6
2541,2143,7,1,5
2541,2143,7,2,7
2542,2143,7,1,1
2542,2143,7,2,5
2543,2143,7,1,0
2543,2143,7,2,6
2544,2143,7,1,3
2544,2143,7,2,7
2545,2143,7,1,0
2545,2143,7,2,6
2546,2143,7,1,4
2546,2143,7,2,6
2547,2143,7,1,0
2547,2143,7,2,7
2548,2143,7,1,3
2548,2143,7,2,4
2549,2143,7,1,0
2549,2143,7,2,1
2550,2143,7,1,5
2550,2143,7,2,6
2551,2143,7,1,5
2551,2143,7,2,6
2552,2143,7,1,1
2552,2143,7,2,7
2553,2143,7,1,1
2553,2143,7,2,5
2554,2143,7,1,4
2554,2143,7,2,7
2555,2143,7,1,4
2555,2143,7,2,6
2556,2143,7,1,2
2556,2143,7,2,6
2557,2143,7,1,5
2557,2143,7,2,7
2558,2143,7,1,1
2558,2143,7,2,5
2559,2143,7,1,1
2559,2143,7,2,5
2528,2143,8,1,2
2528,2143,8,2,7
2529,2143,8,1,0
2529,2143,8,2,7
2530,2143,8,1,0
2530,2143,8,2,4
2531,2143,8,1,1
2531,2143,8,2,6
2532,2143,8,1,5
2532,2143,8,2,7
2533,2143,8,1,1
2533,2143,8,2,5
2534,2143,8,1,6
2534,2143,8,2,7
2535,2143,8,1,6
2535,2143,8,2,7
2536,2143,8,1,0
2536,2143,8,2,4
2537,2143,8,1,0
2537,2143,8,2,6
2538,2143,8,1,3
2538,2143,8,2,5
2539,2143,8,1,3
2539,2143,8,2,6
2540,2143,8,1,0
2540,2143,8,2,6
2541,2143,8,1,2
2541,2143,8,2,3
2542,2143,8,1,5
2542,2143,8,2,6
2543,2143,8,1,6
2543,2143,8,2,7
2544,2143,8,1,3
2544,2143,8,2,7
2545,2143,8,1,3
2545,2143,8,2,4
2546,2143,8,1,3
2546,2143,8,2,4
2547,2143,8,1,3
2547,2143,8,2,4
2548,2143,8,1,1
2548,2143,8,2,5
2549,2143,8,1,4
2549,2143,8,2,5
2550,2143,8,1,0
2550,2143,8,2,2
2551,2143,8,1,0
2551,2143,8,2,2
2552,2143,8,1,4
2552,2143,8,2,5
2553,2143,8,1,0
2553,2143,8,2,6
2554,2143,8,1,0
2554,2143,8,2,7
2555,2143,8,1,0
2555,2143,8,2,6
2556,2143,8,1,0
2556,2143,8,2,2
2557,2143,8,1,5
2557,2143,8,2,6
2558,2143,8,1,2
2558,2143,8,2,4
2559,2143,8,1,0
2559,2143,8,2,1
2528,2143,9,1,0
2528,2143,9,2,5
2529,2143,9,1,0
2529,2143,9,2,4
2530,2143,9,1,2
2530,2143,9,2,7
2531,2143,9,1,3
2531,2143,9,2,4
2532,2143,9,1,1
2532,2143,9,2,4
2533,2143,9,1,2
2533,2143,9,2,3
2534,2143,9,1,1
2534,2143,9,2,6
2535,2143,9,1,0
2535,2143,9,2,1
2536,2143,9,1,5
2536,2143,9,2,7
2537,2143,9,1,3
2537,2143,9,2,6
2538,2143,9,1,1
2538,2143,9,2,5
2539,2143,9,1,1
2539,2143,9,2,6
2540,2143,9,1,2
2540,2143,9,2,5
2541,2143,9,1,2
2541,2143,9,2,5
2542,2143,9,1,0
2542,2143,9,2,2
2543,2143,9,1,1
2543,2143,9,2,6
2544,2143,9,1,4
2544,2143,9,2,6
2545,2143,9,1,0
2545,2143,9,2,1
2546,2143,9,1,0
2546,2143,9,2,5
2547,2143,9,1,1
2547,2143,9,2,5
2548,2143,9,1,5
2548,2143,9,2,6
2549,2143,9,1,0
2549,2143,9,2,4
2550,2143,9,1,0
2550,2143,9,2,7
2551,2143,9,1,1
2551,2143,9,2,3
2552,2143,9,1,2
2552,2143,9,2,6
2553,2143,9,1,2
2553,2143,9,2,7
2554,2143,9,1,2
2554,2143,9,2,4
2555,2143,9,1,5
2555,2143,9,2,6
2556,2143,9,1,5
2556,2143,9,2,7
2557,2143,9,1,4
2557,2143,9,2,7
2558,2143,9,1,6
2558,2143,9,2,7
2559,2143,9,1,5
2559,2143,9,2,6
2528,2143,10,1,0
2528,2143,10,2,4
2529,2143,10,1,3
2529,2143,10,2,5
2530,2143,10,1,3
2530,2143,10,2,5
2531,2143,10,1,3
2531,2143,10,2,7
2532,2143,10,1,3
2532,2143,10,2,6
2533,2143,10,1,3
2533,2143,10,2,5
2534,2143,10,1,0
2534,2143,10,2,5
2535,2143,10,1,2
2535,2143,10,2,4
2536,2143,10,1,3
2536,2143,10,2,6
2537,2143,10,1,4
2537,2143,10,2,7
2538,2143,10,1,3
2538,2143,10,2,7
2539,2143,10,1,3
2539,2143,10,2,5
2540,2143,10,1,1
2540,2143,10,2,4
2541,2143,10,1,0
2541,2143,10,2,5
2542,2143,10,1,0
2542,2143,10,2,7
2543,2143,10,1,0
2543,2143,10,2,1
2544,2143,10,1,0
2544,2143,10,2,5
2545,2143,10,1,3
2545,2143,10,2,6
2546,2143,10,1,4
2546,2143,10,2,6
2547,2143,10,1,0
2547,2143,10,2,3
2548,2143,10,1,0
2548,2143,10,2,4
2549,2143,10,1,1
2549,2143,10,2,2
2550,2143,10,1,1
2550,2143,10,2,7
2551,2143,10,1,0
2551,2143,10,2,4
2552,2143,10,1,1
2552,2143,10,2,7
2553,2143,10,1,5
2553,2143,10,2,6
2554,2143,10,1,3
2554,2143,10,2,5
2555,2143,10,1,0
2555,2143,10,2,2
2556,2143,10,1,2
2556,2143,10,2,4
2557,2143,10,1,5
2557,2143,10,2,7
2558,2143,10,1,2
2558,2143,10,2,5
2559,2143,10,1,3
2559,2143,10,2,7
2528,2143,11,1,0
2528,2143,11,2,4
2529,2143,11,1,1
2529,2143,11,2,3
2530,2143,11,1,5
2530,2143,11,2,7
2531,2143,11,1,2
2531,2143,11,2,5
2532,2143,11,1,2
2532,2143,11,2,4
2533,2143,11,1,2
2533,2143,11,2,6
2534,2143,11,1,1
2534,2143,11,2,3
2535,2143,11,1,4
2535,2143,11,2,5
2536,2143,11,1,1
2536,2143,11,2,2
2537,2143,11,1,0
2537,2143,11,2,1
2538,2143,11,1,1
2538,2143,11,2,6
2539,2143,11,1,0
2539,2143,11,2,5
2540,2143,11,1,2
2540,2143,11,2,6
2541,2143,11,1,3
2541,2143,11,2,5
2542,2143,11,1,1
2542,2143,11,2,3
2543,2143,11,1,0
2543,2143,11,2,3
2544,2143,11,1,6
2544,2143,11,2,7
2545,2143,11,1,0
2545,2143,11,2,5
2546,2143,11,1,1
2546,2143,11,2,5
2547,2143,11,1,3
2547,2143,11,2,7
2548,2143,11,1,0
2548,2143,11,2,4
2549,2143,11,1,0
2549,2143,11,2,2
2550,2143,11,1,3
2550,2143,11,2,5
2551,2143,11,1,2
2551,2143,11,2,7
2552,2143,11,1,6
2552,2143,11,2,7
2553,2143,11,1,0
2553,2143,11,2,5
2554,2143,11,1,3
2554,2143,11,2,5
2555,2143,11,1,1
2555,2143,11,2,2
2556,2143,11,1,0
2556,2143,11,2,2
2557,2143,11,1,1
2557,2143,11,2,7
2558,2143,11,1,5
2558,2143,11,2,7
2559,2143,11,1,3
2559,2143,11,2,6
2528,2143,12,1,0
2528,2143,12,2,4
2529,2143,12,1,5
2529,2143,12,2,7
2530,2143,12,1,1
2530,2143,12,2,2
2531,2143,12,1,2
2531,2143,12,2,4
2532,2143,12,1,2
2532,2143,12,2,4
2533,2143,12,1,2
2533,2143,12,2,4
2534,2143,12,1,4
2534,2143,12,2,6
2535,2143,12,1,2
2535,2143,12,2,5
2536,2143,12,1,3
2536,2143,12,2,6
2537,2143,12,1,1
2537,2143,12,2,3
2538,2143,12,1,1
2538,2143,12,2,3
2539,2143,12,1,4
2539,2143,12,2,5
2540,2143,12,1,5
2540,2143,12,2,7
2541,2143,12,1,0
2541,2143,12,2,4
2542,2143,12,1,3
2542,2143,12,2,6
2543,2143,12,1,2
2543,2143,12,2,6
2544,2143,12,1,1
2544,2143,12,2,5
2545,2143,12,1,0
2545,2143,12,2,7
2546,2143,12,1,0
2546,2143,12,2,7
2547,2143,12,1,1
2547,2143,12,2,7
2548,2143,12,1,2
2548,2143,12,2,7
2549,2143,12,1,3
2549,2143,12,2,6
2550,2143,12,1,1
2550,2143,12,2,5
2551,2143,12,1,4
2551,2143,12,2,7
2552,2143,12,1,1
2552,2143,12,2,4
2553,2143,12,1,2
2553,2143,12,2,3
2554,2143,12,1,4
2554,2143,12,2,6
2555,2143,12,1,2
2555,2143,12,2,6
2556,2143,12,1,1
2556,2143,12,2,2
2557,2143,12,1,1
2557,2143,12,2,5
2558,2143,12,1,1
2558,2143,12,2,3
2559,2143,12,1,4
2559,2143,12,2,5
2528,2143,13,1,6
2528,2143,13,2,7
2529,2143,13,1,5
2529,2143,13,2,7
2530,2143,13,1,4
2530,2143,13,2,5
2531,2143,13,1,4
2531,2143,13,2,6
2532,2143,13,1,4
2532,2143,13,2,5
2533,2143,13,1,1
2533,2143,13,2,6
2534,2143,13,1,4
2534,2143,13,2,6
2535,2143,13,1,0
2535,2143,13,2,5
2536,2143,13,1,2
2536,2143,13,2,6
2537,2143,13,1,1
2537,2143,13,2,5
2538,2143,13,1,0
2538,2143,13,2,4
2539,2143,13,1,2
2539,2143,13,2,7
2540,2143,13,1,3
2540,2143,13,2,5
2541,2143,13,1,4
2541,2143,13,2,6
2542,2143,13,1,2
2542,2143,13,2,7
2543,2143,13,1,0
2543,2143,13,2,7
2544,2143,13,1,2
2544,2143,13,2,4
2545,2143,13,1,1
2545,2143,13,2,2
2546,2143,13,1,5
2546,2143,13,2,7
2547,2143,13,1,0
2547,2143,13,2,6
2548,2143,13,1,0
2548,2143,13,2,7
2549,2143,13,1,3
2549,2143,13,2,7
2550,2143,13,1,0
2550,2143,13,2,7
2551,2143,13,1,2
2551,2143,13,2,4
2552,2143,13,1,5
2552,2143,13,2,7
2553,2143,13,1,1
2553,2143,13,2,2
2554,2143,13,1,3
2554,2143,13,2,6
2555,2143,13,1,4
2555,2143,13,2,6
2556,2143,13,1,1
2556,2143,13,2,5
2557,2143,13,1,0
2557,2143,13,2,2
2558,2143,13,1,1
2558,2143,13,2,6
2559,2143,13,1,1
2559,2143,13,2,3
2528,2143,14,1,1
2528,2143,14,2,7
2529,2143,14,1,3
2529,2143,14,2,5
2530,2143,14,1,3
2530,2143,14,2,5
2531,2143,14,1,3
2531,2143,14,2,6
2532,2143,14,1,1
2532,2143,14,2,3
2533,2143,14,1,4
2533,2143,14,2,7
2534,2143,14,1,3
2534,2143,14,2,5
2535,2143,14,1,2
2535,2143,14,2,4
2536,2143,14,1,0
2536,2143,14,2,2
2537,2143,14,1,0
2537,2143,14,2,2
2538,2143,14,1,1
2538,2143,14,2,6
2539,2143,14,1,5
2539,2143,14,2,7
2540,2143,14,1,2
2540,2143,14,2,7
2541,2143,14,1,2
2541,2143,14,2,4
2542,2143,14,1,0
2542,2143,14,2,1
2543,2143,14,1,1
2543,2143,14,2,3
2544,2143,14,1,1
2544,2143,14,2,4
2545,2143,14,1,0
2545,2143,14,2,3
2546,2143,14,1,6
2546,2143,14,2,7
2547,2143,14,1,0
2547,2143,14,2,2
2548,2143,14,1,0
2548,2143,14,2,3
2549,2143,14,1,0
2549,2143,14,2,1
2550,2143,14,1,1
2550,2143,14,2,4
2551,2143,14,1,0
2551,2143,14,2,5
2552,2143,14,1,0
2552,2143,14,2,7
2553,2143,14,1,1
2553,2143,14,2,4
2554,2143,14,1,0
2554,2143,14,2,4
2555,2143,14,1,4
2555,2143,14,2,7
2556,2143,14,1,0
2556,2143,14,2,6
2557,2143,14,1,3
2557,2143,14,2,6
2558,2143,14,1,2
2558,2143,14,2,4
2559,2143,14,1,5
2559,2143,14,2,7
2528,2143,15,1,2
2528,2143,15,2,4
2529,2143,15,1,1
2529,2143,15,2,4
2530,2143,15,1,1
2530,2143,15,2,4
2531,2143,15,1,1
2531,2143,15,2,7
2532,2143,15,1,5
2532,2143,15,2,6
2533,2143,15,1,6
2533,2143,15,2,7
2534,2143,15,1,0
2534,2143,15,2,4
2535,2143,15,1,6
2535,2143,15,2,7
2536,2143,15,1,1
2536,2143,15,2,4
2537,2143,15,1,2
2537,2143,15,2,4
2538,2143,15,1,0
2538,2143,15,2,7
2539,2143,15,1,2
2539,2143,15,2,6
2540,2143,15,1,1
2540,2143,15,2,5
2541,2143,15,1,4
2541,2143,15,2,7
2542,2143,15,1,2
2542,2143,15,2,4
2543,2143,15,1,4
2543,2143,15,2,7
2544,2143,15,1,3
2544,2143,15,2,4
2545,2143,15,1,6
2545,2143,15,2,7
2546,2143,15,1,5
2546,2143,15,2,6
2547,2143,15,1,1
2547,2143,15,2,4
2548,2143,15,1,1
2548,2143,15,2,2
2549,2143,15,1,1
2549,2143,15,2,3
2550,2143,15,1,5
2550,2143,15,2,7
2551,2143,15,1,0
2551,2143,15,2,5
2552,2143,15,1,1
2552,2143,15,2,6
2553,2143,15,1,2
2553,2143,15,2,7
2554,2143,15,1,1
2554,2143,15,2,5
2555,2143,15,1,0
2555,2143,15,2,7
2556,2143,15,1,1
2556,2143,15,2,2
2557,2143,15,1,1
2557,2143,15,2,6
2558,2143,15,1,1
2558,2143,15,2,4
2559,2143,15,1,5
2559,2143,15,2,6
2528,2143,16,1,2
2528,2143,16,2,5
2529,2143,16,1,0
2529,2143,16,2,4
2530,2143,16,1,4
2530,2143,16,2,5
2531,2143,16,1,1
2531,2143,16,2,4
2532,2143,16,1,2
2532,2143,16,2,3
2533,2143,16,1,1
2533,2143,16,2,3
2534,2143,16,1,5
2534,2143,16,2,6
2535,2143,16,1,3
2535,2143,16,2,6
2536,2143,16,1,1
2536,2143,16,2,7
2537,2143,16,1,2
2537,2143,16,2,6
2538,2143,16,1,1
2538,2143,16,2,4
2539,2143,16,1,1
2539,2143,16,2,6
2540,2143,16,1,2
2540,2143,16,2,3
2541,2143,16,1,0
2541,2143,16,2,2
2542,2143,16,1,4
2542,2143,16,2,7
2543,2143,16,1,1
2543,2143,16,2,7
2544,2143,16,1,1
2544,2143,16,2,6
2545,2143,16,1,0
2545,2143,16,2,7
2546,2143,16,1,2
2546,2143,16,2,6
2547,2143,16,1,0
2547,2143,16,2,6
2548,2143,16,1,0
2548,2143,16,2,3
2549,2143,16,1,2
2549,2143,16,2,4
2550,2143,16,1,4
2550,2143,16,2,7
2551,2143,16,1,3
2551,2143,16,2,4
2552,2143,16,1,2
2552,2143,16,2,7
2553,2143,16,1,0
2553,2143,16,2,1
2554,2143,16,1,1
2554,2143,16,2,2
2555,2143,16,1,4
2555,2143,16,2,6
2556,2143,16,1,1
2556,2143,16,2,2
2557,2143,16,1,3
2557,2143,16,2,7
2558,2143,16,1,2
2558,2143,16,2,4
2559,2143,16,1,0
2559,2143,16,2,6
2528,2143,17,1,2
2528,2143,17,2,7
2529,2143,17,1,0
2529,2143,17,2,3
2530,2143,17,1,3
2530,2143,17,2,4
2531,2143,17,1,4
2531,2143,17,2,6
2532,2143,17,1,3
2532,2143,17,2,5
2533,2143,17,1,2
2533,2143,17,2,5
2534,2143,17,1,4
2534,2143,17,2,7
2535,2143,17,1,2
2535,2143,17,2,3
2536,2143,17,1,1
2536,2143,17,2,5
2537,2143,17,1,1
2537,2143,17,2,5
2538,2143,17,1,4
2538,2143,17,2,7
2539,2143,17,1,2
2539,2143,17,2,5
2540,2143,17,1,6
2540,2143,17,2,7
2541,2143,17,1,0
2541,2143,17,2,5
2542,2143,17,1,6
2542,2143,17,2,7
2543,2143,17,1,0
2543,2143,17,2,1
2544,2143,17,1,2
2544,2143,17,2,4
2545,2143,17,1,3
2545,2143,17,2,4
2546,2143,17,1,5
2546,2143,17,2,7
2547,2143,17,1,1
2547,2143,17,2,3
2548,2143,17,1,3
2548,2143,17,2,6
2549,2143,17,1,5
2549,2143,17,2,6
2550,2143,17,1,2
2550,2143,17,2,6
2551,2143,17,1,3
2551,2143,17,2,7
2552,2143,17,1,1
2552,2143,17,2,2
2553,2143,17,1,0
2553,2143,17,2,1
2554,2143,17,1,3
2554,2143,17,2,6
2555,2143,17,1,4
2555,2143,17,2,7
2556,2143,17,1,3
2556,2143,17,2,6
2557,2143,17,1,4
2557,2143,17,2,7
2558,2143,17,1,0
2558,2143,17,2,7
2559,2143,17,1,2
2559,2143,17,2,6
2528,2143,18,1,0
2528,2143,18,2,4
2529,2143,18,1,2
2529,2143,18,2,5
2530,2143,18,1,5
2530,2143,18,2,6
2531,2143,18,1,3
2531,2143,18,2,5
2532,2143,18,1,5
2532,2143,18,2,6
2533,2143,18,1,1
2533,2143,18,2,5
2534,2143,18,1,2
2534,2143,18,2,3
2535,2143,18,1,2
2535,2143,18,2,7
2536,2143,18,1,2
2536,2143,18,2,6
2537,2143,18,1,4
2537,2143,18,2,5
2538,2143,18,1,0
2538,2143,18,2,2
2539,2143,18,1,4
2539,2143,18,2,6
2540,2143,18,1,0
2540,2143,18,2,5
2541,2143,18,1,1
2541,2143,18,2,4
2542,2143,18,1,1
2542,2143,18,2,4
2543,2143,18,1,1
2543,2143,18,2,4
2544,2143,18,1,2
2544,2143,18,2,6
2545,2143,18,1,4
2545,2143,18,2,7
2546,2143,18,1,0
2546,2143,18,2,3
2547,2143,18,1,0
2547,2143,18,2,1
2548,2143,18,1,2
2548,2143,18,2,4
2549,2143,18,1,0
2549,2143,18,2,1
2550,2143,18,1,1
2550,2143,18,2,3
2551,2143,18,1,0
2551,2143,18,2,5
2552,2143,18,1,5
2552,2143,18,2,6
2553,2143,18,1,4
2553,2143,18,2,7
2554,2143,18,1,0
2554,2143,18,2,6
2555,2143,18,1,2
2555,2143,18,2,6
2556,2143,18,1,3
2556,2143,18,2,6
2557,2143,18,1,2
2557,2143,18,2,6
2558,2143,18,1,1
2558,2143,18,2,2
2559,2143,18,1,0
2559,2143,18,2,6
2528,2143,19,1,2
2528,2143,19,2,3
2529,2143,19,1,4
2529,2143,19,2,7
2530,2143,19,1,0
2530,2143,19,2,1
2531,2143,19,1,4
2531,2143,19,2,6
2532,2143,19,1,6
2532,2143,19,2,7
2533,2143,19,1,3
2533,2143,19,2,6
2534,2143,19,1,0
2534,2143,19,2,2
2535,2143,19,1,2
2535,2143,19,2,6
2536,2143,19,1,1
2536,2143,19,2,2
2537,2143,19,1,2
2537,2143,19,2,5
2538,2143,19,1,1
2538,2143,19,2,3
2539,2143,19,1,2
2539,2143,19,2,7
2540,2143,19,1,0
2540,2143,19,2,5
2541,2143,19,1,6
2541,2143,19,2,7
2542,2143,19,1,1
2542,2143,19,2,2
2543,2143,19,1,2
2543,2143,19,2,4
2544,2143,19,1,2
2544,2143,19,2,4
2545,2143,19,1,0
2545,2143,19,2,4
2546,2143,19,1,1
2546,2143,19,2,2
2547,2143,19,1,0
2547,2143,19,2,7
2548,2143,19,1,2
2548,2143,19,2,7
2549,2143,19,1,4
2549,2143,19,2,6
2550,2143,19,1,2
2550,2143,19,2,4
2551,2143,19,1,1
2551,2143,19,2,6
2552,2143,19,1,0
2552,2143,19,2,2
2553,2143,19,1,2
2553,2143,19,2,5
2554,2143,19,1,0
2554,2143,19,2,7
2555,2143,19,1,2
2555,2143,19,2,6
2556,2143,19,1,1
2556,2143,19,2,5
2557,2143,19,1,2
2557,2143,19,2,7
2558,2143,19,1,3
2558,2143,19,2,4
2559,2143,19,1,0
2559,2143,19,2,2
2528,2143,20,1,4
2528,2143,20,2,6
2529,2143,20,1,1
2529,2143,20,2,2
2530,2143,20,1,1
2530,2143,20,2,2
2531,2143,20,1,1
2531,2143,20,2,5
2532,2143,20,1,0
2532,2143,20,2,3
2533,2143,20,1,3
2533,2143,20,2,6
2534,2143,20,1,4
2534,2143,20,2,5
2535,2143,20,1,1
2535,2143,20,2,4
2536,2143,20,1,1
2536,2143,20,2,4
2537,2143,20,1,1
2537,2143,20,2,5
2538,2143,20,1,3
2538,2143,20,2,5
2539,2143,20,1,2
2539,2143,20,2,3
2540,2143,20,1,0
2540,2143,20,2,1
2541,2143,20,1,0
2541,2143,20,2,4
2542,2143,20,1,2
2542,2143,20,2,7
2543,2143,20,1,1
2543,2143,20,2,2
2544,2143,20,1,5
2544,2143,20,2,6
2545,2143,20,1,2
2545,2143,20,2,3
2546,2143,20,1,4
2546,2143,20,2,5
2547,2143,20,1,4
2547,2143,20,2,6
2548,2143,20,1,0
2548,2143,20,2,6
2549,2143,20,1,5
2549,2143,20,2,6
2550,2143,20,1,0
2550,2143,20,2,2
2551,2143,20,1,0
2551,2143,20,2,1
2552,2143,20,1,0
2552,2143,20,2,3
2553,2143,20,1,0
2553,2143,20,2,2
2554,2143,20,1,0
2554,2143,20,2,6
2555,2143,20,1,3
2555,2143,20,2,4
2556,2143,20,1,0
2556,2143,20,2,2
2557,2143,20,1,1
2557,2143,20,2,4
2558,2143,20,1,2
2558,2143,20,2,7
2559,2143,20,1,6
2559,2143,20,2,7
2528,2143,21,1,5
2528,2143,21,2,7
2529,2143,21,1,1
2529,2143,21,2,5
2530,2143,21,1,2
2530,2143,21,2,3
2531,2143,21,1,0
2531,2143,21,2,2
2532,2143,21,1,2
2532,2143,21,2,6
2533,2143,21,1,0
2533,2143,21,2,1
2534,2143,21,1,2
2534,2143,21,2,3
2535,2143,21,1,5
2535,2143,21,2,7
2536,2143,21,1,2
2536,2143,21,2,6
2537,2143,21,1,0
2537,2143,21,2,1
2538,2143,21,1,1
2538,2143,21,2,2
2539,2143,21,1,3
2539,2143,21,2,5
2540,2143,21,1,0
2540,2143,21,2,6
2541,2143,21,1,0
2541,2143,21,2,2
2542,2143,21,1,1
2542,2143,21,2,5
2543,2143,21,1,5
2543,2143,21,2,6
2544,2143,21,1,4
2544,2143,21,2,5
2545,2143,21,1,0
2545,2143,21,2,5
2546,2143,21,1,1
2546,2143,21,2,7
2547,2143,21,1,1
2547,2143,21,2,7
2548,2143,21,1,3
2548,2143,21,2,4
2549,2143,21,1,1
2549,2143,21,2,5
2550,2143,21,1,1
2550,2143,21,2,4
2551,2143,21,1,4
2551,2143,21,2,7
2552,2143,21,1,2
2552,2143,21,2,4
2553,2143,21,1,0
2553,2143,21,2,5
2554,2143,21,1,3
2554,2143,21,2,6
2555,2143,21,1,0
2555,2143,21,2,6
2556,2143,21,1,2
2556,2143,21,2,6
2557,2143,21,1,0
2557,2143,21,2,4
2558,2143,21,1,6
2558,2143,21,2,7
2559,2143,21,1,0
2559,2143,21,2,6
2528,2143,22,1,2
2528,2143,22,2,3
2529,2143,22,1,4
2529,2143,22,2,5
2530,2143,22,1,5
2530,2143,22,2,7
2531,2143,22,1,0
2531,2143,22,2,6
2532,2143,22,1,0
2532,2143,22,2,3
2533,2143,22,1,3
2533,2143,22,2,5
2534,2143,22,1,2
2534,2143,22,2,7
2535,2143,22,1,2
2535,2143,22,2,6
2536,2143,22,1,5
2536,2143,22,2,7
2537,2143,22,1,1
2537,2143,22,2,3
2538,2143,22,1,0
2538,2143,22,2,2
2539,2143,22,1,6
2539,2143,22,2,7
2540,2143,22,1,1
2540,2143,22,2,2
2541,2143,22,1,1
2541,2143,22,2,7
2542,2143,22,1,2
2542,2143,22,2,5
2543,2143,22,1,2
2543,2143,22,2,6
2544,2143,22,1,0
2544,2143,22,2,7
2545,2143,22,1,4
2545,2143,22,2,6
2546,2143,22,1,1
2546,2143,22,2,2
2547,2143,22,1,1
2547,2143,22,2,5
2548,2143,22,1,0
2548,2143,22,2,1
2549,2143,22,1,1
2549,2143,22,2,3
2550,2143,22,1,0
2550,2143,22,2,5
2551,2143,22,1,5
2551,2143,22,2,7
2552,2143,22,1,3
2552,2143,22,2,7
2553,2143,22,1,2
2553,2143,22,2,4
2554,2143,22,1,0
2554,2143,22,2,7
2555,2143,22,1,0
2555,2143,22,2,3
2556,2143,22,1,0
2556,2143,22,2,1
2557,2143,22,1,1
2557,2143,22,2,4
2558,2143,22,1,0
2558,2143,22,2,2
2559,2143,22,1,1
2559,2143,22,2,2
2528,2143,23,1,2
2528,2143,23,2,4
2529,2143,23,1,0
2529,2143,23,2,6
2530,2143,23,1,0
2530,2143,23,2,2
2531,2143,23,1,0
2531,2143,23,2,5
2532,2143,23,1,3
2532,2143,23,2,4
2533,2143,23,1,5
2533,2143,23,2,6
2534,2143,23,1,2
2534,2143,23,2,4
2535,2143,23,1,0
2535,2143,23,2,5
2536,2143,23,1,5
2536,2143,23,2,6
2537,2143,23,1,1
2537,2143,23,2,3
2538,2143,23,1,4
2538,2143,23,2,7
2539,2143,23,1,3
2539,2143,23,2,5
2540,2143,23,1,3
2540,2143,23,2,4
2541,2143,23,1,2
2541,2143,23,2,5
2542,2143,23,1,0
2542,2143,23,2,2
2543,2143,23,1,4
2543,2143,23,2,7
2544,2143,23,1,6
2544,2143,23,2,7
2545,2143,23,1,3
2545,2143,23,2,4
2546,2143,23,1,0
2546,2143,23,2,1
2547,2143,23,1,1
2547,2143,23,2,7
2548,2143,23,1,2
2548,2143,23,2,6
2549,2143,23,1,5
2549,2143,23,2,7
2550,2143,23,1,5
2550,2143,23,2,6
2551,2143,23,1,2
2551,2143,23,2,5
2552,2143,23,1,3
2552,2143,23,2,4
2553,2143,23,1,2
2553,2143,23,2,4
2554,2143,23,1,0
2554,2143,23,2,4
2555,2143,23,1,0
2555,2143,23,2,4
2556,2143,23,1,4
2556,2143,23,2,5
2557,2143,23,1,3
2557,2143,23,2,7
2558,2143,23,1,0
2558,2143,23,2,5
2559,2143,23,1,0
2559,2143,23,2,3
2528,2143,24,1,0
2528,2143,24,2,2
2529,2143,24,1,3
2529,2143,24,2,7
2530,2143,24,1,0
2530,2143,24,2,4
2531,2143,24,1,1
2531,2143,24,2,7
2532,2143,24,1,3
2532,2143,24,2,7
2533,2143,24,1,3
2533,2143,24,2,4
2534,2143,24,1,2
2534,2143,24,2,5
2535,2143,24,1,2
2535,2143,24,2,4
2536,2143,24,1,0
2536,2143,24,2,7
2537,2143,24,1,1
2537,2143,24,2,7
2538,2143,24,1,4
2538,2143,24,2,5
2539,2143,24,1,0
2539,2143,24,2,3
2540,2143,24,1,5
2540,2143,24,2,6
2541,2143,24,1,0
2541,2143,24,2,7
2542,2143,24,1,5
2542,2143,24,2,6
2543,2143,24,1,0
2543,2143,24,2,7
2544,2143,24,1,0
2544,2143,24,2,5
2545,2143,24,1,6
2545,2143,24,2,7
2546,2143,24,1,3
2546,2143,24,2,7
2547,2143,24,1,4
2547,2143,24,2,7
2548,2143,24,1,3
2548,2143,24,2,7
2549,2143,24,1,5
2549,2143,24,2,6
2550,2143,24,1,4
2550,2143,24,2,7
2551,2143,24,1,4
2551,2143,24,2,6
2552,2143,24,1,4
2552,2143,24,2,5
2553,2143,24,1,3
2553,2143,24,2,4
2554,2143,24,1,4
2554,2143,24,2,7
2555,2143,24,1,1
2555,2143,24,2,7
2556,2143,24,1,3
2556,2143,24,2,6
2557,2143,24,1,0
2557,2143,24,2,2
2558,2143,24,1,5
2558,2143,24,2,7
2559,2143,24,1,2
2559,2143,24,2,6
2528,2143,25,1,2
2528,2143,25,2,6
2529,2143,25,1,1
2529,2143,25,2,5
2530,2143,25,1,2
2530,2143,25,2,6
2531,2143,25,1,1
2531,2143,25,2,7
2532,2143,25,1,0
2532,2143,25,2,4
2533,2143,25,1,0
2533,2143,25,2,1
2534,2143,25,1,0
2534,2143,25,2,6
2535,2143,25,1,1
2535,2143,25,2,4
2536,2143,25,1,1
2536,2143,25,2,4
2537,2143,25,1,3
2537,2143,25,2,4
2538,2143,25,1,3
2538,2143,25,2,6
2539,2143,25,1,2
2539,2143,25,2,6
2540,2143,25,1,5
2540,2143,25,2,6
2541,2143,25,1,1
2541,2143,25,2,4
2542,2143,25,1,4
2542,2143,25,2,7
2543,2143,25,1,0
2543,2143,25,2,3
2544,2143,25,1,0
2544,2143,25,2,7
2545,2143,25,1,3
2545,2143,25,2,5
2546,2143,25,1,4
2546,2143,25,2,7
2547,2143,25,1,4
2547,2143,25,2,7
2548,2143,25,1,3
2548,2143,25,2,4
2549,2143,25,1,0
2549,2143,25,2,1
2550,2143,25,1,0
2550,2143,25,2,1
2551,2143,25,1,3
2551,2143,25,2,4
2552,2143,25,1,0
2552,2143,25,2,1
2553,2143,25,1,0
2553,2143,25,2,2
2554,2143,25,1,0
2554,2143,25,2,4
2555,2143,25,1,0
2555,2143,25,2,1
2556,2143,25,1,4
2556,2143,25,2,7
2557,2143,25,1,0
2557,2143,25,2,4
2558,2143,25,1,5
2558,2143,25,2,6
2559,2143,25,1,2
2559,2143,25,2,6
2528,2143,26,1,0
2528,2143,26,2,6
2529,2143,26,1,0
2529,2143,26,2,1
2530,2143,26,1,1
2530,2143,26,2,5
2531,2143,26,1,0
2531,2143,26,2,7
2532,2143,26,1,2
2532,2143,26,2,6
2533,2143,26,1,1
2533,2143,26,2,7
2534,2143,26,1,1
2534,2143,26,2,5
2535,2143,26,1,2
2535,2143,26,2,3
2536,2143,26,1,3
2536,2143,26,2,4
2537,2143,26,1,2
2537,2143,26,2,7
2538,2143,26,1,3
2538,2143,26,2,6
2539,2143,26,1,1
2539,2143,26,2,7
2540,2143,26,1,2
2540,2143,26,2,5
2541,2143,26,1,5
2541,2143,26,2,6
2542,2143,26,1,4
2542,2143,26,2,7
2543,2143,26,1,6
2543,2143,26,2,7
2544,2143,26,1,1
2544,2143,26,2,7
2545,2143,26,1,0
2545,2143,26,2,6
2546,2143,26,1,1
2546,2143,26,2,7
2547,2143,26,1,4
2547,2143,26,2,7
2548,2143,26,1,0
2548,2143,26,2,4
2549,2143,26,1,3
2549,2143,26,2,4
2550,2143,26,1,3
2550,2143,26,2,5
2551,2143,26,1,4
2551,2143,26,2,5
2552,2143,26,1,2
2552,2143,26,2,4
2553,2143,26,1,0
2553,2143,26,2,3
2554,2143,26,1,0
2554,2143,26,2,3
2555,2143,26,1,4
2555,2143,26,2,7
2556,2143,26,1,0
2556,2143,26,2,1
2557,2143,26,1,0
2557,2143,26,2,5
2558,2143,26,1,2
2558,2143,26,2,5
2559,2143,26,1,1
2559,2143,26,2,4
2528,2143,27,1,0
2528,2143,27,2,4
2529,2143,27,1,0
2529,2143,27,2,7
2530,2143,27,1,2
2530,2143,27,2,3
2531,2143,27,1,0
2531,2143,27,2,3
2532,2143,27,1,4
2532,2143,27,2,5
2533,2143,27,1,4
2533,2143,27,2,5
2534,2143,27,1,6
2534,2143,27,2,7
2535,2143,27,1,4
2535,2143,27,2,6
2536,2143,27,1,1
2536,2143,27,2,4
2537,2143,27,1,0
2537,2143,27,2,4
2538,2143,27,1,1
2538,2143,27,2,5
2539,2143,27,1,1
2539,2143,27,2,3
2540,2143,27,1,4
2540,2143,27,2,7
2541,2143,27,1,2
2541,2143,27,2,4
2542,2143,27,1,1
2542,2143,27,2,4
2543,2143,27,1,4
2543,2143,27,2,7
2544,2143,27,1,3
2544,2143,27,2,4
2545,2143,27,1,6
2545,2143,27,2,7
2546,2143,27,1,1
2546,2143,27,2,6
2547,2143,27,1,2
2547,2143,27,2,4
2548,2143,27,1,1
2548,2143,27,2,6
2549,2143,27,1,0
2549,2143,27,2,3
2550,2143,27,1,0
2550,2143,27,2,5
2551,2143,27,1,0
2551,2143,27,2,7
2552,2143,27,1,3
2552,2143,27,2,4
2553,2143,27,1,1
2553,2143,27,2,5
2554,2143,27,1,2
2554,2143,27,2,3
2555,2143,27,1,1
2555,2143,27,2,7
2556,2143,27,1,0
2556,2143,27,2,6
2557,2143,27,1,1
2557,2143,27,2,5
2558,2143,27,1,3
2558,2143,27,2,6
2559,2143,27,1,5
2559,2143,27,2,6
2528,2143,28,1,2
2528,2143,28,2,7
2529,2143,28,1,2
2529,2143,28,2,4
2530,2143,28,1,1
2530,2143,28,2,7
2531,2143,28,1,2
2531,2143,28,2,7
2532,2143,28,1,6
2532,2143,28,2,7
2533,2143,28,1,3
2533,2143,28,2,7
2534,2143,28,1,4
2534,2143,28,2,7
2535,2143,28,1,5
2535,2143,28,2,7
2536,2143,28,1,4
2536,2143,28,2,6
2537,2143,28,1,2
2537,2143,28,2,7
2538,2143,28,1,3
2538,2143,28,2,5
2539,2143,28,1,3
2539,2143,28,2,6
2540,2143,28,1,3
2540,2143,28,2,4
2541,2143,28,1,1
2541,2143,28,2,2
2542,2143,28,1,0
2542,2143,28,2,2
2543,2143,28,1,3
2543,2143,28,2,6
2544,2143,28,1,1
2544,2143,28,2,4
2545,2143,28,1,2
2545,2143,28,2,7
2546,2143,28,1,3
2546,2143,28,2,7
2547,2143,28,1,0
2547,2143,28,2,6
2548,2143,28,1,5
2548,2143,28,2,6
2549,2143,28,1,0
2549,2143,28,2,2
2550,2143,28,1,1
2550,2143,28,2,6
2551,2143,28,1,4
2551,2143,28,2,6
2552,2143,28,1,4
2552,2143,28,2,7
2553,2143,28,1,6
2553,2143,28,2,7
2554,2143,28,1,1
2554,2143,28,2,4
2555,2143,28,1,0
2555,2143,28,2,6
2556,2143,28,1,0
2556,2143,28,2,6
2557,2143,28,1,0
2557,2143,28,2,4
2558,2143,28,1,0
2558,2143,28,2,1
2559,2143,28,1,1
2559,2143,28,2,3
2528,2143,29,1,1
2528,2143,29,2,5
2529,2143,29,1,1
2529,2143,29,2,4
2530,2143,29,1,4
2530,2143,29,2,7
2531,2143,29,1,5
2531,2143,29,2,7
2532,2143,29,1,0
2532,2143,29,2,7
2533,2143,29,1,1
2533,2143,29,2,4
2534,2143,29,1,1
2534,2143,29,2,3
2535,2143,29,1,2
2535,2143,29,2,4
2536,2143,29,1,1
2536,2143,29,2,2
2537,2143,29,1,2
2537,2143,29,2,5
2538,2143,29,1,6
2538,2143,29,2,7
2539,2143,29,1,1
2539,2143,29,2,4
2540,2143,29,1,4
2540,2143,29,2,5
2541,2143,29,1,1
2541,2143,29,2,7
2542,2143,29,1,3
2542,2143,29,2,4
2543,2143,29,1,1
2543,2143,29,2,3
2544,2143,29,1,2
2544,2143,29,2,6
2545,2143,29,1,1
2545,2143,29,2,3
2546,2143,29,1,0
2546,2143,29,2,1
2547,2143,29,1,6
2547,2143,29,2,7
2548,2143,29,1,1
2548,2143,29,2,6
2549,2143,29,1,5
2549,2143,29,2,7
2550,2143,29,1,2
2550,2143,29,2,4
2551,2143,29,1,1
2551,2143,29,2,3
2552,2143,29,1,0
2552,2143,29,2,6
2553,2143,29,1,0
2553,2143,29,2,2
2554,2143,29,1,5
2554,2143,29,2,6
2555,2143,29,1,1
2555,2143,29,2,5
2556,2143,29,1,4
2556,2143,29,2,7
2557,2143,29,1,4
2557,2143,29,2,5
2558,2143,29,1,4
2558,2143,29,2,7
2559,2143,29,1,0
2559,2143,29,2,1
2528,2143,30,1,1
2528,2143,30,2,6
2529,2143,30,1,1
2529,2143,30,2,6
2530,2143,30,1,6
2530,2143,30,2,7
2531,2143,30,1,0
2531,2143,30,2,7
2532,2143,30,1,2
2532,2143,30,2,6
2533,2143,30,1,1
2533,2143,30,2,6
2534,2143,30,1,0
2534,2143,30,2,1
2535,2143,30,1,3
2535,2143,30,2,5
2536,2143,30,1,2
2536,2143,30,2,4
2537,2143,30,1,0
2537,2143,30,2,1
2538,2143,30,1,2
2538,2143,30,2,6
2539,2143,30,1,2
2539,2143,30,2,4
2540,2143,30,1,0
2540,2143,30,2,7
2541,2143,30,1,1
2541,2143,30,2,4
2542,2143,30,1,2
2542,2143,30,2,6
2543,2143,30,1,0
2543,2143,30,2,3
2544,2143,30,1,5
2544,2143,30,2,7
2545,2143,30,1,1
2545,2143,30,2,6
2546,2143,30,1,0
2546,2143,30,2,5
2547,2143,30,1,6
2547,2143,30,2,7
2548,2143,30,1,3
2548,2143,30,2,4
2549,2143,30,1,2
2549,2143,30,2,5
2550,2143,30,1,4
2550,2143,30,2,7
2551,2143,30,1,5
2551,2143,30,2,7
2552,2143,30,1,3
2552,2143,30,2,6
2553,2143,30,1,5
2553,2143,30,2,6
2554,2143,30,1,2
2554,2143,30,2,5
2555,2143,30,1,2
2555,2143,30,2,6
2556,2143,30,1,0
2556,2143,30,2,6
2557,2143,30,1,2
2557,2143,30,2,6
2558,2143,30,1,2
2558,2143,30,2,4
2559,2143,30,1,4
2559,2143,30,2,7
2528,2143,31,1,5
2528,2143,31,2,7
2529,2143,31,1,0
2529,2143,31,2,7
2530,2143,31,1,0
2530,2143,31,2,3
2531,2143,31,1,1
2531,2143,31,2,6
2532,2143,31,1,3
2532,2143,31,2,7
2533,2143,31,1,4
2533,2143,31,2,6
2534,2143,31,1,3
2534,2143,31,2,5
2535,2143,31,1,0
2535,2143,31,2,7
2536,2143,31,1,0
2536,2143,31,2,4
2537,2143,31,1,3
2537,2143,31,2,7
2538,2143,31,1,1
2538,2143,31,2,5
2539,2143,31,1,2
2539,2143,31,2,7
2540,2143,31,1,0
2540,2143,31,2,5
2541,2143,31,1,3
2541,2143,31,2,4
2542,2143,31,1,2
2542,2143,31,2,7
2543,2143,31,1,0
2543,2143,31,2,4
2544,2143,31,1,4
2544,2143,31,2,6
2545,2143,31,1,1
2545,2143,31,2,3
2546,2143,31,1,2
2546,2143,31,2,4
2547,2143,31,1,1
2547,2143,31,2,5
2548,2143,31,1,1
2548,2143,31,2,6
2549,2143,31,1,1
2549,2143,31,2,5
2550,2143,31,1,1
2550,2143,31,2,7
2551,2143,31,1,4
2551,2143,31,2,7
2552,2143,31,1,2
2552,2143,31,2,3
2553,2143,31,1,2
2553,2143,31,2,5
2554,2143,31,1,4
2554,2143,31,2,7
2555,2143,31,1,2
2555,2143,31,2,7
2556,2143,31,1,3
2556,2143,31,2,6
2557,2143,31,1,3
2557,2143,31,2,5
2558,2143,31,1,1
2558,2143,31,2,2
2559,2143,31,1,0
2559,2143,31,2,4
2528,2144,0,1,0
2528,2144,0,2,5
2529,2144,0,1,0
2529,2144,0,2,5
2530,2144,0,1,3
2530,2144,0,2,6
2531,2144,0,1,1
2531,2144,0,2,7
2532,2144,0,1,1
2532,2144,0,2,7
2533,2144,0,1,1
2533,2144,0,2,6
2534,2144,0,1,5
2534,2144,0,2,7
2535,2144,0,1,0
2535,2144,0,2,1
2536,2144,0,1,1
2536,2144,0,2,5
2537,2144,0,1,3
2537,2144,0,2,5
2538,2144,0,1,0
2538,2144,0,2,6
2539,2144,0,1,4
2539,2144,0,2,6
2540,2144,0,1,6
2540,2144,0,2,7
2541,2144,0,1,5
2541,2144,0,2,6
2542,2144,0,1,0
2542,2144,0,2,5
2543,2144,0,1,0
2543,2144,0,2,3
2544,2144,0,1,1
2544,2144,0,2,3
2545,2144,0,1,3
2545,2144,0,2,4
2546,2144,0,1,0
2546,2144,0,2,5
2547,2144,0,1,0
2547,2144,0,2,2
2548,2144,0,1,4
2548,2144,0,2,6
2549,2144,0,1,0
2549,2144,0,2,3
2550,2144,0,1,2
2550,2144,0,2,5
2551,2144,0,1,0
2551,2144,0,2,4
2552,2144,0,1,4
2552,2144,0,2,5
2553,2144,0,1,0
2553,2144,0,2,3
2554,2144,0,1,3
2554,2144,0,2,6
2555,2144,0,1,3
2555,2144,0,2,7
2556,2144,0,1,4
2556,2144,0,2,7
2557,2144,0,1,0
2557,2144,0,2,1
2558,2144,0,1,4
2558,2144,0,2,5
2559,2144,0,1,0
2559,2144,0,2,1
2528,2144,1,1,3
2528,2144,1,2,6
2529,2144,1,1,1
2529,2144,1,2,7
2530,2144,1,1,1
2530,2144,1,2,3
2531,2144,1,1,3
2531,2144,1,2,6
2532,2144,1,1,2
2532,2144,1,2,6
2533,2144,1,1,0
2533,2144,1,2,2
2534,2144,1,1,4
2534,2144,1,2,6
2535,2144,1,1,5
2535,2144,1,2,6
2536,2144,1,1,0
2536,2144,1,2,5
2537,2144,1,1,0
2537,2144,1,2,2
2538,2144,1,1,2
2538,2144,1,2,4
2539,2144,1,1,1
2539,2144,1,2,4
2540,2144,1,1,4
2540,2144,1,2,7
2541,2144,1,1,3
2541,2144,1,2,6
2542,2144,1,1,6
2542,2144,1,2,7
2543,2144,1,1,0
2543,2144,1,2,7
2544,2144,1,1,0
2544,2144,1,2,1
2545,2144,1,1,2
2545,2144,1,2,7
2546,2144,1,1,2
2546,2144,1,2,5
2547,2144,1,1,1
2547,2144,1,2,2
2548,2144,1,1,3
2548,2144,1,2,7
2549,2144,1,1,0
2549,2144,1,2,2
2550,2144,1,1,1
2550,2144,1,2,6
2551,2144,1,1,4
2551,2144,1,2,5
2552,2144,1,1,2
2552,2144,1,2,3
2553,2144,1,1,5
2553,2144,1,2,6
2554,2144,1,1,2
2554,2144,1,2,6
2555,2144,1,1,0
2555,2144,1,2,3
2556,2144,1,1,2
2556,2144,1,2,4
2557,2144,1,1,3
2557,2144,1,2,6
2558,2144,1,1,2
2558,2144,1,2,3
2559,2144,1,1,1
2559,2144,1,2,5
2528,2144,2,1,2
2528,2144,2,2,4
2529,2144,2,1,3
2529,2144,2,2,6
2530,2144,2,1,1
2530,2144,2,2,2
2531,2144,2,1,1
2531,2144,2,2,6
2532,2144,2,1,4
2532,2144,2,2,7
2533,2144,2,1,2
2533,2144,2,2,3
2534,2144,2,1,2
2534,2144,2,2,4
2535,2144,2,1,2
2535,2144,2,2,5
2536,2144,2,1,3
2536,2144,2,2,6
2537,2144,2,1,1
2537,2144,2,2,4
2538,2144,2,1,4
2538,2144,2,2,7
2539,2144,2,1,0
2539,2144,2,2,7
2540,2144,2,1,4
2540,2144,2,2,5
2541,2144,2,1,4
2541,2144,2,2,7
2542,2144,2,1,3
2542,2144,2,2,5
2543,2144,2,1,0
2543,2144,2,2,2
2544,2144,2,1,0
2544,2144,2,2,1
2545,2144,2,1,0
2545,2144,2,2,1
2546,2144,2,1,3
2546,2144,2,2,6
2547,2144,2,1,4
2547,2144,2,2,5
2548,2144,2,1,1
2548,2144,2,2,3
2549,2144,2,1,5
2549,2144,2,2,7
2550,2144,2,1,3
2550,2144,2,2,6
2551,2144,2,1,0
2551,2144,2,2,4
2552,2144,2,1,3
2552,2144,2,2,4
2553,2144,2,1,0
2553,2144,2,2,6
2554,2144,2,1,4
2554,2144,2,2,7
2555,2144,2,1,6
2555,2144,2,2,7
2556,2144,2,1,2
2556,2144,2,2,6
2557,2144,2,1,6
2557,2144,2,2,7
2558,2144,2,1,1
2558,2144,2,2,6
2559,2144,2,1,6
2559,2144,2,2,7
2528,2144,3,1,4
2528,2144,3,2,6
2529,2144,3,1,1
2529,2144,3,2,4
2530,2144,3,1,4
2530,2144,3,2,5
2531,2144,3,1,0
2531,2144,3,2,3
2532,2144,3,1,1
2532,2144,3,2,5
2533,2144,3,1,0
2533,2144,3,2,4
2534,2144,3,1,3
2534,2144,3,2,7
2535,2144,3,1,2
2535,2144,3,2,4
2536,2144,3,1,1
2536,2144,3,2,4
2537,2144,3,1,1
2537,2144,3,2,5
2538,2144,3,1,4
2538,2144,3,2,5
2539,2144,3,1,4
2539,2144,3,2,6
2540,2144,3,1,0
2540,2144,3,2,5
2541,2144,3,1,0
2541,2144,3,2,4
2542,2144,3,1,2
2542,2144,3,2,6
2543,2144,3,1,2
2543,2144,3,2,5
2544,2144,3,1,0
2544,2144,3,2,4
2545,2144,3,1,0
2545,2144,3,2,5
2546,2144,3,1,1
2546,2144,3,2,4
2547,2144,3,1,3
2547,2144,3,2,4
2548,2144,3,1,1
2548,2144,3,2,6
2549,2144,3,1,5
2549,2144,3,2,6
2550,2144,3,1,2
2550,2144,3,2,6
2551,2144,3,1,0
2551,2144,3,2,5
2552,2144,3,1,0
2552,2144,3,2,4
2553,2144,3,1,0
2553,2144,3,2,3
2554,2144,3,1,0
2554,2144,3,2,2
2555,2144,3,1,1
2555,2144,3,2,5
2556,2144,3,1,2
2556,2144,3,2,6
2557,2144,3,1,0
2557,2144,3,2,2
2558,2144,3,1,1
2558,2144,3,2,7
2559,2144,3,1,3
2559,2144,3,2,5
2528,2144,4,1,1
2528,2144,4,2,5
2529,2144,4,1,3
2529,2144,4,2,4
2530,2144,4,1,2
2530,2144,4,2,3
2531,2144,4,1,0
2531,2144,4,2,4
2532,2144,4,1,0
2532,2144,4,2,3
2533,2144,4,1,1
2533,2144,4,2,5
2534,2144,4,1,4
2534,2144,4,2,7
2535,2144,4,1,1
2535,2144,4,2,6
2536,2144,4,1,3
2536,2144,4,2,5
2537,2144,4,1,0
2537,2144,4,2,2
2538,2144,4,1,3
2538,2144,4,2,6
2539,2144,4,1,4
2539,2144,4,2,5
2540,2144,4,1,1
2540,2144,4,2,2
2541,2144,4,1,1
2541,2144,4,2,7
2542,2144,4,1,3
2542,2144,4,2,6
2543,2144,4,1,3
2543,2144,4,2,4
2544,2144,4,1,0
2544,2144,4,2,1
2545,2144,4,1,4
2545,2144,4,2,7
2546,2144,4,1,1
2546,2144,4,2,2
2547,2144,4,1,2
2547,2144,4,2,6
2548,2144,4,1,0
2548,2144,4,2,1
2549,2144,4,1,2
2549,2144,4,2,3
2550,2144,4,1,3
2550,2144,4,2,7
2551,2144,4,1,5
2551,2144,4,2,6
2552,2144,4,1,3
2552,2144,4,2,6
2553,2144,4,1,3
2553,2144,4,2,4
2554,2144,4,1,1
2554,2144,4,2,7
2555,2144,4,1,3
2555,2144,4,2,7
2556,2144,4,1,4
2556,2144,4,2,6
2557,2144,4,1,1
2557,2144,4,2,4
2558,2144,4,1,0
2558,2144,4,2,2
2559,2144,4,1,0
2559,2144,4,2,2
2528,2144,5,1,2
2528,2144,5,2,6
2529,2144,5,1,0
2529,2144,5,2,3
2530,2144,5,1,4
2530,2144,5,2,7
2531,2144,5,1,0
2531,2144,5,2,5
2532,2144,5,1,0
2532,2144,5,2,7
2533,2144,5,1,0
2533,2144,5,2,7
2534,2144,5,1,3
2534,2144,5,2,7
2535,2144,5,1,4
2535,2144,5,2,5
2536,2144,5,1,3
2536,2144,5,2,4
2537,2144,5,1,0
2537,2144,5,2,2
2538,2144,5,1,1
2538,2144,5,2,3
2539,2144,5,1,5
2539,2144,5,2,6
2540,2144,5,1,3
2540,2144,5,2,6
2541,2144,5,1,2
2541,2144,5,2,4
2542,2144,5,1,5
2542,2144,5,2,6
2543,2144,5,1,4
2543,2144,5,2,6
2544,2144,5,1,1
2544,2144,5,2,6
2545,2144,5,1,1
2545,2144,5,2,5
2546,2144,5,1,3
2546,2144,5,2,5
2547,2144,5,1,4
2547,2144,5,2,5
2548,2144,5,1,0
2548,2144,5,2,4
2549,2144,5,1,0
2549,2144,5,2,2
2550,2144,5,1,4
2550,2144,5,2,6
2551,2144,5,1,1
2551,2144,5,2,4
2552,2144,5,1,0
2552,2144,5,2,7
2553,2144,5,1,1
2553,2144,5,2,6
2554,2144,5,1,3
2554,2144,5,2,4
2555,2144,5,1,1
2555,2144,5,2,5
2556,2144,5,1,5
2556,2144,5,2,7
2557,2144,5,1,2
2557,2144,5,2,5
2558,2144,5,1,3
2558,2144,5,2,4
2559,2144,5,1,4
2559,2144,5,2,6
2528,2144,6,1,3
2528,2144,6,2,6
2529,2144,6,1,5
2529,2144,6,2,6
2530,2144,6,1,0
2530,2144,6,2,7
2531,2144,6,1,6
2531,2144,6,2,7
2532,2144,6,1,0
2532,2144,6,2,3
2533,2144,6,1,3
2533,2144,6,2,6
2534,2144,6,1,3
2534,2144,6,2,7
2535,2144,6,1,1
2535,2144,6,2,2
2536,2144,6,1,6
2536,2144,6,2,7
2537,2144,6,1,5
2537,2144,6,2,6
2538,2144,6,1,3
2538,2144,6,2,6
2539,2144,6,1,5
2539,2144,6,2,7
2540,2144,6,1,6
2540,2144,6,2,7
2541,2144,6,1,0
2541,2144,6,2,4
2542,2144,6,1,5
2542,2144,6,2,7
2543,2144,6,1,3
2543,2144,6,2,6
2544,2144,6,1,6
2544,2144,6,2,7
2545,2144,6,1,6
2545,2144,6,2,7
2546,2144,6,1,6
2546,2144,6,2,7
2547,2144,6,1,1
2547,2144,6,2,6
2548,2144,6,1,3
2548,2144,6,2,5
2549,2144,6,1,3
2549,2144,6,2,5
2550,2144,6,1,1
2550,2144,6,2,6
2551,2144,6,1,5
2551,2144,6,2,6
2552,2144,6,1,2
2552,2144,6,2,5
2553,2144,6,1,4
2553,2144,6,2,6
2554,2144,6,1,2
2554,2144,6,2,3
2555,2144,6,1,0
2555,2144,6,2,1
2556,2144,6,1,4
2556,2144,6,2,5
2557,2144,6,1,4
2557,2144,6,2,5
2558,2144,6,1,4
2558,2144,6,2,7
2559,2144,6,1,1
2559,2144,6,2,4
2528,2144,7,1,3
2528,2144,7,2,5
2529,2144,7,1,0
2529,2144,7,2,7
2530,2144,7,1,2
2530,2144,7,2,3
2531,2144,7,1,2
2531,2144,7,2,7
2532,2144,7,1,1
2532,2144,7,2,3
2533,2144,7,1,0
2533,2144,7,2,2
2534,2144,7,1,3
2534,2144,7,2,6
2535,2144,7,1,4
2535,2144,7,2,6
2536,2144,7,1,0
2536,2144,7,2,3
2537,2144,7,1,2
2537,2144,7,2,3
2538,2144,7,1,0
2538,2144,7,2,5
2539,2144,7,1,3
2539,2144,7,2,4
2540,2144,7,1,2
2540,2144,7,2,6
2541,2144,7,1,3
2541,2144,7,2,4
2542,2144,7,1,3
2542,2144,7,2,5
2543,2144,7,1,0
2543,2144,7,2,1
2544,2144,7,1,3
2544,2144,7,2,5
2545,2144,7,1,2
2545,2144,7,2,7
2546,2144,7,1,0
2546,2144,7,2,4
2547,2144,7,1,3
2547,2144,7,2,5
2548,2144,7,1,0
2548,2144,7,2,5
2549,2144,7,1,1
2549,2144,7,2,5
2550,2144,7,1,3
2550,2144,7,2,6
2551,2144,7,1,2
2551,2144,7,2,5
2552,2144,7,1,3
2552,2144,7,2,6
2553,2144,7,1,1
2553,2144,7,2,6
2554,2144,7,1,3
2554,2144,7,2,7
2555,2144,7,1,3
2555,2144,7,2,6
2556,2144,7,1,1
2556,2144,7,2,7
2557,2144,7,1,0
2557,2144,7,2,1
2558,2144,7,1,0
2558,2144,7,2,1
2559,2144,7,1,6
2559,2144,7,2,7
2528,2144,8,1,0
2528,2144,8,2,6
2529,2144,8,1,1
2529,2144,8,2,6
2530,2144,8,1,1
2530,2144,8,2,3
2531,2144,8,1,2
2531,2144,8,2,4
2532,2144,8,1,0
2532,2144,8,2,3
2533,2144,8,1,3
2533,2144,8,2,4
2534,2144,8,1,4
2534,2144,8,2,5
2535,2144,8,1,2
2535,2144,8,2,6
2536,2144,8,1,2
2536,2144,8,2,4
2537,2144,8,1,0
2537,2144,8,2,7
2538,2144,8,1,0
2538,2144,8,2,2
2539,2144,8,1,4
2539,2144,8,2,5
2540,2144,8,1,6
2540,2144,8,2,7
2541,2144,8,1,0
2541,2144,8,2,3
2542,2144,8,1,3
2542,2144,8,2,7
2543,2144,8,1,0
2543,2144,8,2,2
2544,2144,8,1,5
2544,2144,8,2,7
2545,2144,8,1,2
2545,2144,8,2,5
2546,2144,8,1,4
2546,2144,8,2,7
2547,2144,8,1,4
2547,2144,8,2,7
2548,2144,8,1,4
2548,2144,8,2,5
2549,2144,8,1,1
2549,2144,8,2,7
2550,2144,8,1,1
2550,2144,8,2,3
2551,2144,8,1,3
2551,2144,8,2,7
2552,2144,8,1,1
2552,2144,8,2,4
2553,2144,8,1,4
2553,2144,8,2,6
2554,2144,8,1,3
2554,2144,8,2,6
2555,2144,8,1,1
2555,2144,8,2,2
2556,2144,8,1,0
2556,2144,8,2,4
2557,2144,8,1,1
2557,2144,8,2,3
2558,2144,8,1,3
2558,2144,8,2,4
2559,2144,8,1,2
2559,2144,8,2,3
2528,2144,9,1,4
2528,2144,9,2,6
2529,2144,9,1,0
2529,2144,9,2,6
2530,2144,9,1,2
2530,2144,9,2,7
2531,2144,9,1,3
2531,2144,9,2,4
2532,2144,9,1,2
2532,2144,9,2,7
2533,2144,9,1,1
2533,2144,9,2,4
2534,2144,9,1,0
2534,2144,9,2,4
2535,2144,9,1,1
2535,2144,9,2,2
2536,2144,9,1,0
2536,2144,9,2,4
2537,2144,9,1,0
2537,2144,9,2,2
2538,2144,9,1,0
2538,2144,9,2,3
2539,2144,9,1,2
2539,2144,9,2,6
2540,2144,9,1,3
2540,2144,9,2,5
2541,2144,9,1,0
2541,2144,9,2,4
2542,2144,9,1,3
2542,2144,9,2,5
2543,2144,9,1,0
2543,2144,9,2,3
2544,2144,9,1,0
2544,2144,9,2,5
2545,2144,9,1,0
2545,2144,9,2,4
2546,2144,9,1,1
2546,2144,9,2,5
2547,2144,9,1,0
2547,2144,9,2,1
2548,2144,9,1,2
2548,2144,9,2,7
2549,2144,9,1,0
2549,2144,9,2,2
2550,2144,9,1,2
2550,2144,9,2,7
2551,2144,9,1,3
2551,2144,9,2,5
2552,2144,9,1,0
2552,2144,9,2,1
2553,2144,9,1,0
2553,2144,9,2,5
2554,2144,9,1,0
2554,2144,9,2,7
2555,2144,9,1,1
2555,2144,9,2,6
2556,2144,9,1,4
2556,2144,9,2,6
2557,2144,9,1,2
2557,2144,9,2,7
2558,2144,9,1,1
2558,2144,9,2,2
2559,2144,9,1,4
2559,2144,9,2,6
2528,2144,10,1,2
2528,2144,10,2,6
2529,2144,10,1,3
2529,2144,10,2,7
2530,2144,10,1,3
2530,2144,10,2,7
2531,2144,10,1,3
2531,2144,10,2,5
2532,2144,10,1,0
2532,2144,10,2,6
2533,2144,10,1,2
2533,2144,10,2,6
2534,2144,10,1,4
2534,2144,10,2,7
2535,2144,10,1,1
2535,2144,10,2,4
2536,2144,10,1,1
2536,2144,10,2,4
2537,2144,10,1,0
2537,2144,10,2,6
2538,2144,10,1,1
2538,2144,10,2,3
2539,2144,10,1,2
2539,2144,10,2,6
2540,2144,10,1,3
2540,2144,10,2,5
2541,2144,10,1,3
2541,2144,10,2,5
2542,2144,10,1,3
2542,2144,10,2,4
2543,2144,10,1,5
2543,2144,10,2,6
2544,2144,10,1,3
2544,2144,10,2,7
2545,2144,10,1,3
2545,2144,10,2,6
2546,2144,10,1,5
2546,2144,10,2,7
2547,2144,10,1,2
2547,2144,10,2,5
2548,2144,10,1,0
2548,2144,10,2,5
2549,2144,10,1,4
2549,2144,10,2,6
2550,2144,10,1,0
2550,2144,10,2,6
2551,2144,10,1,0
2551,2144,10,2,3
2552,2144,10,1,2
2552,2144,10,2,3
2553,2144,10,1,0
2553,2144,10,2,7
2554,2144,10,1,0
2554,2144,10,2,4
2555,2144,10,1,0
2555,2144,10,2,5
2556,2144,10,1,0
2556,2144,10,2,4
2557,2144,10,1,1
2557,2144,10,2,5
2558,2144,10,1,0
2558,2144,10,2,2
2559,2144,10,1,0
2559,2144,10,2,7
2528,2144,11,1,2
2528,2144,11,2,7
2529,2144,11,1,5
2529,2144,11,2,6
2530,2144,11,1,0
2530,2144,11,2,2
2531,2144,11,1,4
2531,2144,11,2,6
2532,2144,11,1,0
2532,2144,11,2,6
2533,2144,11,1,3
2533,2144,11,2,6
2534,2144,11,1,6
2534,2144,11,2,7
2535,2144,11,1,1
2535,2144,11,2,4
2536,2144,11,1,0
2536,2144,11,2,3
2537,2144,11,1,0
2537,2144,11,2,5
2538,2144,11,1,2
2538,2144,11,2,4
2539,2144,11,1,6
2539,2144,11,2,7
2540,2144,11,1,1
2540,2144,11,2,5
2541,2144,11,1,0
2541,2144,11,2,6
2542,2144,11,1,0
2542,2144,11,2,4
2543,2144,11,1,5
2543,2144,11,2,7
2544,2144,11,1,5
2544,2144,11,2,7
2545,2144,11,1,0
2545,2144,11,2,7
2546,2144,11,1,0
2546,2144,11,2,5
2547,2144,11,1,2
2547,2144,11,2,4
2548,2144,11,1,1
2548,2144,11,2,3
2549,2144,11,1,3
2549,2144,11,2,7
2550,2144,11,1,2
2550,2144,11,2,6
2551,2144,11,1,2
2551,2144,11,2,7
2552,2144,11,1,2
2552,2144,11,2,5
2553,2144,11,1,3
2553,2144,11,2,4
2554,2144,11,1,4
2554,2144,11,2,7
2555,2144,11,1,1
2555,2144,11,2,2
2556,2144,11,1,0
2556,2144,11,2,2
2557,2144,11,1,0
2557,2144,11,2,1
2558,2144,11,1,3
2558,2144,11,2,4
2559,2144,11,1,4
2559,2144,11,2,7
2528,2144,12,1,1
2528,2144,12,2,4
2529,2144,12,1,3
2529,2144,12,2,7
2530,2144,12,1,1
2530,2144,12,2,7
2531,2144,12,1,4
2531,2144,12,2,7
2532,2144,12,1,1
2532,2144,12,2,4
2533,2144,12,1,0
2533,2144,12,2,7
2534,2144,12,1,3
2534,2144,12,2,5
2535,2144,12,1,1
2535,2144,12,2,4
2536,2144,12,1,6
2536,2144,12,2,7
2537,2144,12,1,4
2537,2144,12,2,5
2538,2144,12,1,5
2538,2144,12,2,6
2539,2144,12,1,2
2539,2144,12,2,5
2540,2144,12,1,1
2540,2144,12,2,2
2541,2144,12,1,1
2541,2144,12,2,4
2542,2144,12,1,2
2542,2144,12,2,3
2543,2144,12,1,2
2543,2144,12,2,4
2544,2144,12,1,5
2544,2144,12,2,7
2545,2144,12,1,1
2545,2144,12,2,4
2546,2144,12,1,0
2546,2144,12,2,1
2547,2144,12,1,2
2547,2144,12,2,3
2548,2144,12,1,1
2548,2144,12,2,4
2549,2144,12,1,0
2549,2144,12,2,4
2550,2144,12,1,2
2550,2144,12,2,7
2551,2144,12,1,2
2551,2144,12,2,5
2552,2144,12,1,5
2552,2144,12,2,7
2553,2144,12,1,4
2553,2144,12,2,6
2554,2144,12,1,1
2554,2144,12,2,7
2555,2144,12,1,3
2555,2144,12,2,6
2556,2144,12,1,3
2556,2144,12,2,6
2557,2144,12,1,0
2557,2144,12,2,2
2558,2144,12,1,3
2558,2144,12,2,5
2559,2144,12,1,3
2559,2144,12,2,5
2528,2144,13,1,0
2528,2144,13,2,7
2529,2144,13,1,0
2529,2144,13,2,1
2530,2144,13,1,1
2530,2144,13,2,2
2531,2144,13,1,4
2531,2144,13,2,6
2532,2144,13,1,4
2532,2144,13,2,6
2533,2144,13,1,5
2533,2144,13,2,7
2534,2144,13,1,1
2534,2144,13,2,2
2535,2144,13,1,1
2535,2144,13,2,6
2536,2144,13,1,4
2536,2144,13,2,5
2537,2144,13,1,0
2537,2144,13,2,3
2538,2144,13,1,1
2538,2144,13,2,3
2539,2144,13,1,3
2539,2144,13,2,6
2540,2144,13,1,3
2540,2144,13,2,4
2541,2144,13,1,4
2541,2144,13,2,5
2542,2144,13,1,2
2542,2144,13,2,3
2543,2144,13,1,6
2543,2144,13,2,7
2544,2144,13,1,1
2544,2144,13,2,7
2545,2144,13,1,0
2545,2144,13,2,3
2546,2144,13,1,2
2546,2144,13,2,3
2547,2144,13,1,0
2547,2144,13,2,2
2548,2144,13,1,0
2548,2144,13,2,7
2549,2144,13,1,6
2549,2144,13,2,7
2550,2144,13,1,2
2550,2144,13,2,6
2551,2144,13,1,4
2551,2144,13,2,6
2552,2144,13,1,0
2552,2144,13,2,7
2553,2144,13,1,1
2553,2144,13,2,7
2554,2144,13,1,3
2554,2144,13,2,5
2555,2144,13,1,3
2555,2144,13,2,6
2556,2144,13,1,1
2556,2144,13,2,2
2557,2144,13,1,1
2557,2144,13,2,3
2558,2144,13,1,2
2558,2144,13,2,3
2559,2144,13,1,1
2559,2144,13,2,6
2528,2144,14,1,4
2528,2144,14,2,5
2529,2144,14,1,2
2529,2144,14,2,3
2530,2144,14,1,0
2530,2144,14,2,5
2531,2144,14,1,0
2531,2144,14,2,2
2532,2144,14,1,1
2532,2144,14,2,6
2533,2144,14,1,4
2533,2144,14,2,5
2534,2144,14,1,1
2534,2144,14,2,5
2535,2144,14,1,3
2535,2144,14,2,5
2536,2144,14,1,1
2536,2144,14,2,7
2537,2144,14,1,1
2537,2144,14,2,5
2538,2144,14,1,4
2538,2144,14,2,5
2539,2144,14,1,0
2539,2144,14,2,7
2540,2144,14,1,1
2540,2144,14,2,4
2541,2144,14,1,1
2541,2144,14,2,5
2542,2144,14,1,5
2542,2144,14,2,7
2543,2144,14,1,2
2543,2144,14,2,4
2544,2144,14,1,4
2544,2144,14,2,6
2545,2144,14,1,4
2545,2144,14,2,6
2546,2144,14,1,0
2546,2144,14,2,2
2547,2144,14,1,4
2547,2144,14,2,6
2548,2144,14,1,6
2548,2144,14,2,7
2549,2144,14,1,4
2549,2144,14,2,5
2550,2144,14,1,0
2550,2144,14,2,2
2551,2144,14,1,6
2551,2144,14,2,7
2552,2144,14,1,1
2552,2144,14,2,4
2553,2144,14,1,5
2553,2144,14,2,6
2554,2144,14,1,1
2554,2144,14,2,3
2555,2144,14,1,2
2555,2144,14,2,5
2556,2144,14,1,3
2556,2144,14,2,5
2557,2144,14,1,2
2557,2144,14,2,6
2558,2144,14,1,4
2558,2144,14,2,5
2559,2144,14,1,5
2559,2144,14,2,7
2528,2144,15,1,1
2528,2144,15,2,4
2529,2144,15,1,6
2529,2144,15,2,7
2530,2144,15,1,4
2530,2144,15,2,6
2531,2144,15,1,2
2531,2144,15,2,6
2532,2144,15,1,0
2532,2144,15,2,3
2533,2144,15,1,2
2533,2144,15,2,5
2534,2144,15,1,2
2534,2144,15,2,5
2535,2144,15,1,1
2535,2144,15,2,7
2536,2144,15,1,2
2536,2144,15,2,3
2537,2144,15,1,2
2537,2144,15,2,4
2538,2144,15,1,3
2538,2144,15,2,7
2539,2144,15,1,3
2539,2144,15,2,5
2540,2144,15,1,4
2540,2144,15,2,7
2541,2144,15,1,0
2541,2144,15,2,5
2542,2144,15,1,6
2542,2144,15,2,7
2543,2144,15,1,4
2543,2144,15,2,6
2544,2144,15,1,1
2544,2144,15,2,5
2545,2144,15,1,2
2545,2144,15,2,3
2546,2144,15,1,0
2546,2144,15,2,2
2547,2144,15,1,0
2547,2144,15,2,5
2548,2144,15,1,5
2548,2144,15,2,7
2549,2144,15,1,0
2549,2144,15,2,5
2550,2144,15,1,1
2550,2144,15,2,2
2551,2144,15,1,3
2551,2144,15,2,6
2552,2144,15,1,1
2552,2144,15,2,5
2553,2144,15,1,2
2553,2144,15,2,6
2554,2144,15,1,1
2554,2144,15,2,3
2555,2144,15,1,4
2555,2144,15,2,5
2556,2144,15,1,4
2556,2144,15,2,7
2557,2144,15,1,1
2557,2144,15,2,7
2558,2144,15,1,3
2558,2144,15,2,7
2559,2144,15,1,3
2559,2144,15,2,6
2528,2144,16,1,2
2528,2144,16,2,6
2529,2144,16,1,0
2529,2144,16,2,7
2530,2144,16,1,4
2530,2144,16,2,6
2531,2144,16,1,0
2531,2144,16,2,4
2532,2144,16,1,0
2532,2144,16,2,6
2533,2144,16,1,1
2533,2144,16,2,3
2534,2144,16,1,0
2534,2144,16,2,2
2535,2144,16,1,1
2535,2144,16,2,2
2536,2144,16,1,2
2536,2144,16,2,3
2537,2144,16,1,2
2537,2144,16,2,4
2538,2144,16,1,4
2538,2144,16,2,6
2539,2144,16,1,6
2539,2144,16,2,7
2540,2144,16,1,3
2540,2144,16,2,4
2541,2144,16,1,2
2541,2144,16,2,7
2542,2144,16,1,0
2542,2144,16,2,6
2543,2144,16,1,3
2543,2144,16,2,5
2544,2144,16,1,4
2544,2144,16,2,7
2545,2144,16,1,5
2545,2144,16,2,7
2546,2144,16,1,0
2546,2144,16,2,6
2547,2144,16,1,1
2547,2144,16,2,2
2548,2144,16,1,3
2548,2144,16,2,5
2549,2144,16,1,0
2549,2144,16,2,4
2550,2144,16,1,4
2550,2144,16,2,6
2551,2144,16,1,4
2551,2144,16,2,6
2552,2144,16,1,0
2552,2144,16,2,6
2553,2144,16,1,0
2553,2144,16,2,3
2554,2144,16,1,0
2554,2144,16,2,3
2555,2144,16,1,0
2555,2144,16,2,7
2556,2144,16,1,0
2556,2144,16,2,1
2557,2144,16,1,1
2557,2144,16,2,5
2558,2144,16,1,0
2558,2144,16,2,7
2559,2144,16,1,2
2559,2144,16,2,4
2528,2144,17,1,1
2528,2144,17,2,5
2529,2144,17,1,3
2529,2144,17,2,6
2530,2144,17,1,1
2530,2144,17,2,7
2531,2144,17,1,0
2531,2144,17,2,5
2532,2144,17,1,5
2532,2144,17,2,7
2533,2144,17,1,1
2533,2144,17,2,6
2534,2144,17,1,4
2534,2144,17,2,7
2535,2144,17,1,4
2535,2144,17,2,6
2536,2144,17,1,3
2536,2144,17,2,6
2537,2144,17,1,0
2537,2144,17,2,1
2538,2144,17,1,1
2538,2144,17,2,6
2539,2144,17,1,2
2539,2144,17,2,5
2540,2144,17,1,2
2540,2144,17,2,3
2541,2144,17,1,6
2541,2144,17,2,7
2542,2144,17,1,2
2542,2144,17,2,5
2543,2144,17,1,0
2543,2144,17,2,6
2544,2144,17,1,1
2544,2144,17,2,5
2545,2144,17,1,4
2545,2144,17,2,7
2546,2144,17,1,0
2546,2144,17,2,7
2547,2144,17,1,1
2547,2144,17,2,2
2548,2144,17,1,2
2548,2144,17,2,4
2549,2144,17,1,1
2549,2144,17,2,7
2550,2144,17,1,2
2550,2144,17,2,4
2551,2144,17,1,0
2551,2144,17,2,3
2552,2144,17,1,1
2552,2144,17,2,7
2553,2144,17,1,1
2553,2144,17,2,2
2554,2144,17,1,1
2554,2144,17,2,6
2555,2144,17,1,1
2555,2144,17,2,6
2556,2144,17,1,3
2556,2144,17,2,6
2557,2144,17,1,4
2557,2144,17,2,7
2558,2144,17,1,2
2558,2144,17,2,6
2559,2144,17,1,0
2559,2144,17,2,4
2528,2144,18,1,3
2528,2144,18,2,7
2529,2144,18,1,4
2529,2144,18,2,6
2530,2144,18,1,3
2530,2144,18,2,7
2531,2144,18,1,1
2531,2144,18,2,2
2532,2144,18,1,3
2532,2144,18,2,7
2533,2144,18,1,4
2533,2144,18,2,7
2534,2144,18,1,4
2534,2144,18,2,5
2535,2144,18,1,2
2535,2144,18,2,7
2536,2144,18,1,3
2536,2144,18,2,6
2537,2144,18,1,2
2537,2144,18,2,6
2538,2144,18,1,3
2538,2144,18,2,7
2539,2144,18,1,5
2539,2144,18,2,6
2540,2144,18,1,5
2540,2144,18,2,6
2541,2144,18,1,0
2541,2144,18,2,6
2542,2144,18,1,1
2542,2144,18,2,5
2543,2144,18,1,0
2543,2144,18,2,2
2544,2144,18,1,5
2544,2144,18,2,7
2545,2144,18,1,1
2545,2144,18,2,6
2546,2144,18,1,2
2546,2144,18,2,5
2547,2144,18,1,3
2547,2144,18,2,4
2548,2144,18,1,2
2548,2144,18,2,7
2549,2144,18,1,4
2549,2144,18,2,7
2550,2144,18,1,5
2550,2144,18,2,6
2551,2144,18,1,1
2551,2144,18,2,6
2552,2144,18,1,1
2552,2144,18,2,2
2553,2144,18,1,1
2553,2144,18,2,2
2554,2144,18,1,4
2554,2144,18,2,7
2555,2144,18,1,0
2555,2144,18,2,6
2556,2144,18,1,5
2556,2144,18,2,6
2557,2144,18,1,4
2557,2144,18,2,5
2558,2144,18,1,0
2558,2144,18,2,1
2559,2144,18,1,5
2559,2144,18,2,7
2528,2144,19,1,2
2528,2144,19,2,3
2529,2144,19,1,0
2529,2144,19,2,4
2530,2144,19,1,2
2530,2144,19,2,6
2531,2144,19,1,2
2531,2144,19,2,7
2532,2144,19,1,0
2532,2144,19,2,3
2533,2144,19,1,0
2533,2144,19,2,1
2534,2144,19,1,0
2534,2144,19,2,6
2535,2144,19,1,5
2535,2144,19,2,6
2536,2144,19,1,2
2536,2144,19,2,6
2537,2144,19,1,1
2537,2144,19,2,5
2538,2144,19,1,1
2538,2144,19,2,6
2539,2144,19,1,2
2539,2144,19,2,7
2540,2144,19,1,3
2540,2144,19,2,5
2541,2144,19,1,2
2541,2144,19,2,6
2542,2144,19,1,3
2542,2144,19,2,5
2543,2144,19,1,3
2543,2144,19,2,5
2544,2144,19,1,3
2544,2144,19,2,5
2545,2144,19,1,0
2545,2144,19,2,2
2546,2144,19,1,4
2546,2144,19,2,5
2547,2144,19,1,4
2547,2144,19,2,6
2548,2144,19,1,3
2548,2144,19,2,7
2549,2144,19,1,1
2549,2144,19,2,6
2550,2144,19,1,2
2550,2144,19,2,5
2551,2144,19,1,0
2551,2144,19,2,5
2552,2144,19,1,2
2552,2144,19,2,6
2553,2144,19,1,3
2553,2144,19,2,7
2554,2144,19,1,1
2554,2144,19,2,6
2555,2144,19,1,1
2555,2144,19,2,2
2556,2144,19,1,2
2556,2144,19,2,6
2557,2144,19,1,2
2557,2144,19,2,5
2558,2144,19,1,0
2558,2144,19,2,7
2559,2144,19,1,3
2559,2144,19,2,7
2528,2144,20,1,2
2528,2144,20,2,6
2529,2144,20,1,0
2529,2144,20,2,3
2530,2144,20,1,0
2530,2144,20,2,7
2531,2144,20,1,6
2531,2144,20,2,7
2532,2144,20,1,1
2532,2144,20,2,7
2533,2144,20,1,0
2533,2144,20,2,4
2534,2144,20,1,0
2534,2144,20,2,7
2535,2144,20,1,4
2535,2144,20,2,5
2536,2144,20,1,3
2536,2144,20,2,4
2537,2144,20,1,1
2537,2144,20,2,5
2538,2144,20,1,5
2538,2144,20,2,7
2539,2144,20,1,5
2539,2144,20,2,7
2540,2144,20,1,1
2540,2144,20,2,3
2541,2144,20,1,0
2541,2144,20,2,5
2542,2144,20,1,1
2542,2144,20,2,4
2543,2144,20,1,2
2543,2144,20,2,5
2544,2144,20,1,1
2544,2144,20,2,7
2545,2144,20,1,0
2545,2144,20,2,7
2546,2144,20,1,2
2546,2144,20,2,7
2547,2144,20,1,1
2547,2144,20,2,6
2548,2144,20,1,0
2548,2144,20,2,3
2549,2144,20,1,3
2549,2144,20,2,4
2550,2144,20,1,1
2550,2144,20,2,2
2551,2144,20,1,5
2551,2144,20,2,7
2552,2144,20,1,1
2552,2144,20,2,3
2553,2144,20,1,3
2553,2144,20,2,7
2554,2144,20,1,0
2554,2144,20,2,6
2555,2144,20,1,5
2555,2144,20,2,6
2556,2144,20,1,4
2556,2144,20,2,5
2557,2144,20,1,0
2557,2144,20,2,5
2558,2144,20,1,5
2558,2144,20,2,6
2559,2144,20,1,1
2559,2144,20,2,4
2528,2144,21,1,2
2528,2144,21,2,6
2529,2144,21,1,1
2529,2144,21,2,7
2530,2144,21,1,0
2530,2144,21,2,1
2531,2144,21,1,0
2531,2144,21,2,5
2532,2144,21,1,2
2532,2144,21,2,5
2533,2144,21,1,0
2533,2144,21,2,2
2534,2144,21,1,1
2534,2144,21,2,2
2535,2144,21,1,4
2535,2144,21,2,5
2536,2144,21,1,3
2536,2144,21,2,4
2537,2144,21,1,4
2537,2144,21,2,5
2538,2144,21,1,0
2538,2144,21,2,2
2539,2144,21,1,4
2539,2144,21,2,7
2540,2144,21,1,2
2540,2144,21,2,7
2541,2144,21,1,1
2541,2144,21,2,6
2542,2144,21,1,0
2542,2144,21,2,4
2543,2144,21,1,2
2543,2144,21,2,6
2544,2144,21,1,5
2544,2144,21,2,6
2545,2144,21,1,0
2545,2144,21,2,5
2546,2144,21,1,0
2546,2144,21,2,4
2547,2144,21,1,0
2547,2144,21,2,7
2548,2144,21,1,2
2548,2144,21,2,3
2549,2144,21,1,4
2549,2144,21,2,7
2550,2144,21,1,4
2550,2144,21,2,5
2551,2144,21,1,0
2551,2144,21,2,7
2552,2144,21,1,6
2552,2144,21,2,7
2553,2144,21,1,2
2553,2144,21,2,7
2554,2144,21,1,4
2554,2144,21,2,7
2555,2144,21,1,5
2555,2144,21,2,7
2556,2144,21,1,4
2556,2144,21,2,7
2557,2144,21,1,4
2557,2144,21,2,6
2558,2144,21,1,0
2558,2144,21,2,7
2559,2144,21,1,4
2559,2144,21,2,7
2528,2144,22,1,3
2528,2144,22,2,4
2529,2144,22,1,4
2529,2144,22,2,6
2530,2144,22,1,2
2530,2144,22,2,5
2531,2144,22,1,1
2531,2144,22,2,7
2532,2144,22,1,2
2532,2144,22,2,5
2533,2144,22,1,2
2533,2144,22,2,3
2534,2144,22,1,1
2534,2144,22,2,6
2535,2144,22,1,0
2535,2144,22,2,7
2536,2144,22,1,5
2536,2144,22,2,6
2537,2144,22,1,2
2537,2144,22,2,4
2538,2144,22,1,0
2538,2144,22,2,5
2539,2144,22,1,2
2539,2144,22,2,7
2540,2144,22,1,6
2540,2144,22,2,7
2541,2144,22,1,0
2541,2144,22,2,7
2542,2144,22,1,1
2542,2144,22,2,6
2543,2144,22,1,1
2543,2144,22,2,3
2544,2144,22,1,0
2544,2144,22,2,3
2545,2144,22,1,1
2545,2144,22,2,6
2546,2144,22,1,2
2546,2144,22,2,3
2547,2144,22,1,3
2547,2144,22,2,7
2548,2144,22,1,1
2548,2144,22,2,6
2549,2144,22,1,0
2549,2144,22,2,4
2550,2144,22,1,4
2550,2144,22,2,7
2551,2144,22,1,1
2551,2144,22,2,2
2552,2144,22,1,1
2552,2144,22,2,6
2553,2144,22,1,4
2553,2144,22,2,5
2554,2144,22,1,2
2554,2144,22,2,3
2555,2144,22,1,1
2555,2144,22,2,6
2556,2144,22,1,0
2556,2144,22,2,1
2557,2144,22,1,0
2557,2144,22,2,3
2558,2144,22,1,5
2558,2144,22,2,6
2559,2144,22,1,2
2559,2144,22,2,3
2528,2144,23,1,2
2528,2144,23,2,3
2529,2144,23,1,0
2529,2144,23,2,1
2530,2144,23,1,2
2530,2144,23,2,5
2531,2144,23,1,0
2531,2144,23,2,3
2532,2144,23,1,5
2532,2144,23,2,6
2533,2144,23,1,2
2533,2144,23,2,6
2534,2144,23,1,3
2534,2144,23,2,7
2535,2144,23,1,0
2535,2144,23,2,1
2536,2144,23,1,0
2536,2144,23,2,2
2537,2144,23,1,2
2537,2144,23,2,3
2538,2144,23,1,4
2538,2144,23,2,7
2539,2144,23,1,1
2539,2144,23,2,3
2540,2144,23,1,0
2540,2144,23,2,6
2541,2144,23,1,1
2541,2144,23,2,6
2542,2144,23,1,4
2542,2144,23,2,6
2543,2144,23,1,0
2543,2144,23,2,7
2544,2144,23,1,2
2544,2144,23,2,5
2545,2144,23,1,1
2545,2144,23,2,7
2546,2144,23,1,1
2546,2144,23,2,5
2547,2144,23,1,1
2547,2144,23,2,6
2548,2144,23,1,1
2548,2144,23,2,2
2549,2144,23,1,0
2549,2144,23,2,7
2550,2144,23,1,5
2550,2144,23,2,7
2551,2144,23,1,2
2551,2144,23,2,7
2552,2144,23,1,1
2552,2144,23,2,4
2553,2144,23,1,2
2553,2144,23,2,6
2554,2144,23,1,0
2554,2144,23,2,7
2555,2144,23,1,4
2555,2144,23,2,5
2556,2144,23,1,2
2556,2144,23,2,5
2557,2144,23,1,4
2557,2144,23,2,7
2558,2144,23,1,2
2558,2144,23,2,3
2559,2144,23,1,0
2559,2144,23,2,2
2528,2144,24,1,1
2528,2144,24,2,2
2529,2144,24,1,2
2529,2144,24,2,6
2530,2144,24,1,1
2530,2144,24,2,4
2531,2144,24,1,3
2531,2144,24,2,7
2532,2144,24,1,0
2532,2144,24,2,5
2533,2144,24,1,2
2533,2144,24,2,6
2534,2144,24,1,1
2534,2144,24,2,4
2535,2144,24,1,0
2535,2144,24,2,3
2536,2144,24,1,2
2536,2144,24,2,6
2537,2144,24,1,0
2537,2144,24,2,3
2538,2144,24,1,1
2538,2144,24,2,6
2539,2144,24,1,5
2539,2144,24,2,6
2540,2144,24,1,0
2540,2144,24,2,7
2541,2144,24,1,0
2541,2144,24,2,1
2542,2144,24,1,1
2542,2144,24,2,3
2543,2144,24,1,5
2543,2144,24,2,7
2544,2144,24,1,0
2544,2144,24,2,6
2545,2144,24,1,4
2545,2144,24,2,6
2546,2144,24,1,0
2546,2144,24,2,3
2547,2144,24,1,4
2547,2144,24,2,5
2548,2144,24,1,2
2548,2144,24,2,3
2549,2144,24,1,3
2549,2144,24,2,6
2550,2144,24,1,3
2550,2144,24,2,6
2551,2144,24,1,3
2551,2144,24,2,7
2552,2144,24,1,1
2552,2144,24,2,4
2553,2144,24,1,3
2553,2144,24,2,7
2554,2144,24,1,3
2554,2144,24,2,5
2555,2144,24,1,4
2555,2144,24,2,6
2556,2144,24,1,2
2556,2144,24,2,4
2557,2144,24,1,3
2557,2144,24,2,6
2558,2144,24,1,0
2558,2144,24,2,1
2559,2144,24,1,1
2559,2144,24,2,5
2528,2144,25,1,1
2528,2144,25,2,7
2529,2144,25,1,1
2529,2144,25,2,3
2530,2144,25,1,4
2530,2144,25,2,6
2531,2144,25,1,1
2531,2144,25,2,2
2532,2144,25,1,3
2532,2144,25,2,5
2533,2144,25,1,1
2533,2144,25,2,2
2534,2144,25,1,0
2534,2144,25,2,3
2535,2144,25,1,4
2535,2144,25,2,7
2536,2144,25,1,1
2536,2144,25,2,5
2537,2144,25,1,0
2537,2144,25,2,4
2538,2144,25,1,3
2538,2144,25,2,5
2539,2144,25,1,0
2539,2144,25,2,6
2540,2144,25,1,2
2540,2144,25,2,7
2541,2144,25,1,0
2541,2144,25,2,6
2542,2144,25,1,2
2542,2144,25,2,5
2543,2144,25,1,3
2543,2144,25,2,5
2544,2144,25,1,2
2544,2144,25,2,5
2545,2144,25,1,0
2545,2144,25,2,3
2546,2144,25,1,1
2546,2144,25,2,3
2547,2144,25,1,1
2547,2144,25,2,5
2548,2144,25,1,4
2548,2144,25,2,6
2549,2144,25,1,0
2549,2144,25,2,6
2550,2144,25,1,3
2550,2144,25,2,4
2551,2144,25,1,5
2551,2144,25,2,7
2552,2144,25,1,2
2552,2144,25,2,3
2553,2144,25,1,1
2553,2144,25,2,6
2554,2144,25,1,0
2554,2144,25,2,7
2555,2144,25,1,2
2555,2144,25,2,7
2556,2144,25,1,4
2556,2144,25,2,6
2557,2144,25,1,0
2557,2144,25,2,1
2558,2144,25,1,1
2558,2144,25,2,4
2559,2144,25,1,3
2559,2144,25,2,6
2528,2144,26,1,5
2528,2144,26,2,7
2529,2144,26,1,1
2529,2144,26,2,6
2530,2144,26,1,5
2530,2144,26,2,6
2531,2144,26,1,2
2531,2144,26,2,6
2532,2144,26,1,4
2532,2144,26,2,7
2533,2144,26,1,2
2533,2144,26,2,4
2534,2144,26,1,0
2534,2144,26,2,3
2535,2144,26,1,2
2535,2144,26,2,7
2536,2144,26,1,2
2536,2144,26,2,6
2537,2144,26,1,3
2537,2144,26,2,5
2538,2144,26,1,1
2538,2144,26,2,6
2539,2144,26,1,1
2539,2144,26,2,3
2540,2144,26,1,5
2540,2144,26,2,7
2541,2144,26,1,1
2541,2144,26,2,3
2542,2144,26,1,1
2542,2144,26,2,2
2543,2144,26,1,2
2543,2144,26,2,3
2544,2144,26,1,1
2544,2144,26,2,5
2545,2144,26,1,2
2545,2144,26,2,5
2546,2144,26,1,4
2546,2144,26,2,6
2547,2144,26,1,2
2547,2144,26,2,4
2548,2144,26,1,3
2548,2144,26,2,7
2549,2144,26,1,4
2549,2144,26,2,6
2550,2144,26,1,4
2550,2144,26,2,7
2551,2144,26,1,2
2551,2144,26,2,4
2552,2144,26,1,3
2552,2144,26,2,5
2553,2144,26,1,0
2553,2144,26,2,1
2554,2144,26,1,0
2554,2144,26,2,4
2555,2144,26,1,0
2555,2144,26,2,3
2556,2144,26,1,0
2556,2144,26,2,6
2557,2144,26,1,0
2557,2144,26,2,5
2558,2144,26,1,0
2558,2144,26,2,2
2559,2144,26,1,2
2559,2144,26,2,4
2528,2144,27,1,4
2528,2144,27,2,5
2529,2144,27,1,1
2529,2144,27,2,6
2530,2144,27,1,6
2530,2144,27,2,7
2531,2144,27,1,2
2531,2144,27,2,3
2532,2144,27,1,0
2532,2144,27,2,2
2533,2144,27,1,3
2533,2144,27,2,4
2534,2144,27,1,4
2534,2144,27,2,5
2535,2144,27,1,3
2535,2144,27,2,7
2536,2144,27,1,1
2536,2144,27,2,3
2537,2144,27,1,0
2537,2144,27,2,4
2538,2144,27,1,0
2538,2144,27,2,1
2539,2144,27,1,2
2539,2144,27,2,3
2540,2144,27,1,0
2540,2144,27,2,1
2541,2144,27,1,3
2541,2144,27,2,6
2542,2144,27,1,1
2542,2144,27,2,2
2543,2144,27,1,1
2543,2144,27,2,4
2544,2144,27,1,0
2544,2144,27,2,3
2545,2144,27,1,2
2545,2144,27,2,5
2546,2144,27,1,3
2546,2144,27,2,5
2547,2144,27,1,2
2547,2144,27,2,6
2548,2144,27,1,2
2548,2144,27,2,6
2549,2144,27,1,0
2549,2144,27,2,2
2550,2144,27,1,1
2550,2144,27,2,7
2551,2144,27,1,5
2551,2144,27,2,6
2552,2144,27,1,2
2552,2144,27,2,6
2553,2144,27,1,2
2553,2144,27,2,7
2554,2144,27,1,3
2554,2144,27,2,4
2555,2144,27,1,6
2555,2144,27,2,7
2556,2144,27,1,2
2556,2144,27,2,7
2557,2144,27,1,4
2557,2144,27,2,7
2558,2144,27,1,0
2558,2144,27,2,1
2559,2144,27,1,1
2559,2144,27,2,3
2528,2144,28,1,0
2528,2144,28,2,2
2529,2144,28,1,0
2529,2144,28,2,3
2530,2144,28,1,1
2530,2144,28,2,7
2531,2144,28,1,0
2531,2144,28,2,3
2532,2144,28,1,2
2532,2144,28,2,4
2533,2144,28,1,3
2533,2144,28,2,6
2534,2144,28,1,1
2534,2144,28,2,6
2535,2144,28,1,0
2535,2144,28,2,6
2536,2144,28,1,0
2536,2144,28,2,5
2537,2144,28,1,5
2537,2144,28,2,7
2538,2144,28,1,3
2538,2144,28,2,7
2539,2144,28,1,6
2539,2144,28,2,7
2540,2144,28,1,3
2540,2144,28,2,7
2541,2144,28,1,1
2541,2144,28,2,7
2542,2144,28,1,0
2542,2144,28,2,6
2543,2144,28,1,0
2543,2144,28,2,6
2544,2144,28,1,2
2544,2144,28,2,6
2545,2144,28,1,0
2545,2144,28,2,5
2546,2144,28,1,1
2546,2144,28,2,6
2547,2144,28,1,3
2547,2144,28,2,7
2548,2144,28,1,4
2548,2144,28,2,7
2549,2144,28,1,0
2549,2144,28,2,3
2550,2144,28,1,4
2550,2144,28,2,6
2551,2144,28,1,0
2551,2144,28,2,2
2552,2144,28,1,1
2552,2144,28,2,5
2553,2144,28,1,4
2553,2144,28,2,5
2554,2144,28,1,1
2554,2144,28,2,5
2555,2144,28,1,5
2555,2144,28,2,6
2556,2144,28,1,4
2556,2144,28,2,7
2557,2144,28,1,2
2557,2144,28,2,3
2558,2144,28,1,0
2558,2144,28,2,7
2559,2144,28,1,6
2559,2144,28,2,7
2528,2144,29,1,0
2528,2144,29,2,1
2529,2144,29,1,0
2529,2144,29,2,6
2530,2144,29,1,5
2530,2144,29,2,7
2531,2144,29,1,0
2531,2144,29,2,6
2532,2144,29,1,3
2532,2144,29,2,6
2533,2144,29,1,1
2533,2144,29,2,4
2534,2144,29,1,3
2534,2144,29,2,7
2535,2144,29,1,1
2535,2144,29,2,6
2536,2144,29,1,3
2536,2144,29,2,4
2537,2144,29,1,5
2537,2144,29,2,7
2538,2144,29,1,3
2538,2144,29,2,7
2539,2144,29,1,0
2539,2144,29,2,6
2540,2144,29,1,5
2540,2144,29,2,6
2541,2144,29,1,0
2541,2144,29,2,7
2542,2144,29,1,3
2542,2144,29,2,4
2543,2144,29,1,3
2543,2144,29,2,5
2544,2144,29,1,1
2544,2144,29,2,4
2545,2144,29,1,4
2545,2144,29,2,6
2546,2144,29,1,2
2546,2144,29,2,6
2547,2144,29,1,0
2547,2144,29,2,7
2548,2144,29,1,4
2548,2144,29,2,6
2549,2144,29,1,5
2549,2144,29,2,6
2550,2144,29,1,0
2550,2144,29,2,6
2551,2144,29,1,6
2551,2144,29,2,7
2552,2144,29,1,4
2552,2144,29,2,6
2553,2144,29,1,3
2553,2144,29,2,6
2554,2144,29,1,2
2554,2144,29,2,5
2555,2144,29,1,5
2555,2144,29,2,7
2556,2144,29,1,0
2556,2144,29,2,2
2557,2144,29,1,2
2557,2144,29,2,7
2558,2144,29,1,3
2558,2144,29,2,6
2559,2144,29,1,1
2559,2144,29,2,3
2528,2144,30,1,2
2528,2144,30,2,4
2529,2144,30,1,2
2529,2144,30,2,5
2530,2144,30,1,1
2530,2144,30,2,5
2531,2144,30,1,1
2531,2144,30,2,3
2532,2144,30,1,2
2532,2144,30,2,3
2533,2144,30,1,2
2533,2144,30,2,5
2534,2144,30,1,2
2534,2144,30,2,3
2535,2144,30,1,0
2535,2144,30,2,5
2536,2144,30,1,6
2536,2144,30,2,7
2537,2144,30,1,5
2537,2144,30,2,6
2538,2144,30,1,5
2538,2144,30,2,6
2539,2144,30,1,1
2539,2144,30,2,6
2540,2144,30,1,1
2540,2144,30,2,3
2541,2144,30,1,0
2541,2144,30,2,1
2542,2144,30,1,5
2542,2144,30,2,6
2543,2144,30,1,3
2543,2144,30,2,4
2544,2144,30,1,1
2544,2144,30,2,3
2545,2144,30,1,3
2545,2144,30,2,4
2546,2144,30,1,6
2546,2144,30,2,7
2547,2144,30,1,3
2547,2144,30,2,5
2548,2144,30,1,1
2548,2144,30,2,7
2549,2144,30,1,0
2549,2144,30,2,3
2550,2144,30,1,1
2550,2144,30,2,2
2551,2144,30,1,4
2551,2144,30,2,5
2552,2144,30,1,3
2552,2144,30,2,4
2553,2144,30,1,2
2553,2144,30,2,6
2554,2144,30,1,0
2554,2144,30,2,2
2555,2144,30,1,0
2555,2144,30,2,7
2556,2144,30,1,0
2556,2144,30,2,5
2557,2144,30,1,3
2557,2144,30,2,5
2558,2144,30,1,6
2558,2144,30,2,7
2559,2144,30,1,0
2559,2144,30,2,2
2528,2144,31,1,1
2528,2144,31,2,2
2529,2144,31,1,6
2529,2144,31,2,7
2530,2144,31,1,2
2530,2144,31,2,5
2531,2144,31,1,0
2531,2144,31,2,7
2532,2144,31,1,3
2532,2144,31,2,4
2533,2144,31,1,3
2533,2144,31,2,6
2534,2144,31,1,1
2534,2144,31,2,6
2535,2144,31,1,2
2535,2144,31,2,7
2536,2144,31,1,3
2536,2144,31,2,7
2537,2144,31,1,4
2537,2144,31,2,6
2538,2144,31,1,4
2538,2144,31,2,6
2539,2144,31,1,1
2539,2144,31,2,2
2540,2144,31,1,2
2540,2144,31,2,5
2541,2144,31,1,3
2541,2144,31,2,4
2542,2144,31,1,2
2542,2144,31,2,6
2543,2144,31,1,2
2543,2144,31,2,4
2544,2144,31,1,0
2544,2144,31,2,3
2545,2144,31,1,2
2545,2144,31,2,6
2546,2144,31,1,3
2546,2144,31,2,5
2547,2144,31,1,0
2547,2144,31,2,6
2548,2144,31,1,0
2548,2144,31,2,2
2549,2144,31,1,0
2549,2144,31,2,6
2550,2144,31,1,3
2550,2144,31,2,5
2551,2144,31,1,1
2551,2144,31,2,3
2552,2144,31,1,1
2552,2144,31,2,3
2553,2144,31,1,3
2553,2144,31,2,4
2554,2144,31,1,3
2554,2144,31,2,5
2555,2144,31,1,0
2555,2144,31,2,5
2556,2144,31,1,0
2556,2144,31,2,7
2557,2144,31,1,3
2557,2144,31,2,6
2558,2144,31,1,0
2558,2144,31,2,7
2559,2144,31,1,0
2559,2144,31,2,2
2528,2145,0,1,1
2528,2145,0,2,7
2529,2145,0,1,2
2529,2145,0,2,3
2530,2145,0,1,2
2530,2145,0,2,6
2531,2145,0,1,4
2531,2145,0,2,7
2532,2145,0,1,0
2532,2145,0,2,3
2533,2145,0,1,0
2533,2145,0,2,1
2534,2145,0,1,2
2534,2145,0,2,4
2535,2145,0,1,3
2535,2145,0,2,5
2536,2145,0,1,0
2536,2145,0,2,4
2537,2145,0,1,4
2537,2145,0,2,7
2538,2145,0,1,1
2538,2145,0,2,2
2539,2145,0,1,0
2539,2145,0,2,5
2540,2145,0,1,0
2540,2145,0,2,2
2541,2145,0,1,0
2541,2145,0,2,5
2542,2145,0,1,6
2542,2145,0,2,7
2543,2145,0,1,3
2543,2145,0,2,5
2544,2145,0,1,2
2544,2145,0,2,3
2545,2145,0,1,4
2545,2145,0,2,5
2546,2145,0,1,2
2546,2145,0,2,6
2547,2145,0,1,4
2547,2145,0,2,6
2548,2145,0,1,2
2548,2145,0,2,6
2549,2145,0,1,0
2549,2145,0,2,5
2550,2145,0,1,0
2550,2145,0,2,6
2551,2145,0,1,1
2551,2145,0,2,3
2552,2145,0,1,4
2552,2145,0,2,6
2553,2145,0,1,0
2553,2145,0,2,3
2554,2145,0,1,6
2554,2145,0,2,7
2555,2145,0,1,0
2555,2145,0,2,6
2556,2145,0,1,0
2556,2145,0,2,3
2557,2145,0,1,0
2557,2145,0,2,3
2558,2145,0,1,2
2558,2145,0,2,7
2559,2145,0,1,1
2559,2145,0,2,5
2528,2145,1,1,0
2528,2145,1,2,5
2529,2145,1,1,6
2529,2145,1,2,7
2530,2145,1,1,0
2530,2145,1,2,7
2531,2145,1,1,0
2531,2145,1,2,7
2532,2145,1,1,2
2532,2145,1,2,3
2533,2145,1,1,0
2533,2145,1,2,2
2534,2145,1,1,0
2534,2145,1,2,6
2535,2145,1,1,4
2535,2145,1,2,7
2536,2145,1,1,0
2536,2145,1,2,7
2537,2145,1,1,2
2537,2145,1,2,4
2538,2145,1,1,0
2538,2145,1,2,7
2539,2145,1,1,6
2539,2145,1,2,7
2540,2145,1,1,0
2540,2145,1,2,2
2541,2145,1,1,0
2541,2145,1,2,1
2542,2145,1,1,2
2542,2145,1,2,4
2543,2145,1,1,0
2543,2145,1,2,2
2544,2145,1,1,3
2544,2145,1,2,6
2545,2145,1,1,2
2545,2145,1,2,7
2546,2145,1,1,3
2546,2145,1,2,5
2547,2145,1,1,0
2547,2145,1,2,2
2548,2145,1,1,0
2548,2145,1,2,1
2549,2145,1,1,4
2549,2145,1,2,7
2550,2145,1,1,0
2550,2145,1,2,5
2551,2145,1,1,0
2551,2145,1,2,5
2552,2145,1,1,2
2552,2145,1,2,6
2553,2145,1,1,2
2553,2145,1,2,7
2554,2145,1,1,4
2554,2145,1,2,7
2555,2145,1,1,1
2555,2145,1,2,6
2556,2145,1,1,3
2556,2145,1,2,5
2557,2145,1,1,2
2557,2145,1,2,6
2558,2145,1,1,5
2558,2145,1,2,7
2559,2145,1,1,0
2559,2145,1,2,6
2528,2145,2,1,3
2528,2145,2,2,4
2529,2145,2,1,3
2529,2145,2,2,5
2530,2145,2,1,1
2530,2145,2,2,7
2531,2145,2,1,0
2531,2145,2,2,1
2532,2145,2,1,3
2532,2145,2,2,6
2533,2145,2,1,3
2533,2145,2,2,4
2534,2145,2,1,3
2534,2145,2,2,4
2535,2145,2,1,6
2535,2145,2,2,7
2536,2145,2,1,5
2536,2145,2,2,7
2537,2145,2,1,1
2537,2145,2,2,2
2538,2145,2,1,2
2538,2145,2,2,5
2539,2145,2,1,0
2539,2145,2,2,7
2540,2145,2,1,3
2540,2145,2,2,5
2541,2145,2,1,3
2541,2145,2,2,7
2542,2145,2,1,2
2542,2145,2,2,6
2543,2145,2,1,0
2543,2145,2,2,5
2544,2145,2,1,4
2544,2145,2,2,5
2545,2145,2,1,6
2545,2145,2,2,7
2546,2145,2,1,1
2546,2145,2,2,4
2547,2145,2,1,2
2547,2145,2,2,6
2548,2145,2,1,1
2548,2145,2,2,5
2549,2145,2,1,0
2549,2145,2,2,5
2550,2145,2,1,2
2550,2145,2,2,4
2551,2145,2,1,0
2551,2145,2,2,5
2552,2145,2,1,1
2552,2145,2,2,3
2553,2145,2,1,4
2553,2145,2,2,5
2554,2145,2,1,5
2554,2145,2,2,6
2555,2145,2,1,5
2555,2145,2,2,6
2556,2145,2,1,2
2556,2145,2,2,4
2557,2145,2,1,2
2557,2145,2,2,5
2558,2145,2,1,0
2558,2145,2,2,7
2559,2145,2,1,0
2559,2145,2,2,3
2528,2145,3,1,1
2528,2145,3,2,7
2529,2145,3,1,5
2529,2145,3,2,7
2530,2145,3,1,5
2530,2145,3,2,7
2531,2145,3,1,5
2531,2145,3,2,7
2532,2145,3,1,0
2532,2145,3,2,1
2533,2145,3,1,1
2533,2145,3,2,4
2534,2145,3,1,3
2534,2145,3,2,6
2535,2145,3,1,0
2535,2145,3,2,5
2536,2145,3,1,2
2536,2145,3,2,7
2537,2145,3,1,4
2537,2145,3,2,7
2538,2145,3,1,0
2538,2145,3,2,3
2539,2145,3,1,0
2539,2145,3,2,3
2540,2145,3,1,0
2540,2145,3,2,3
2541,2145,3,1,4
2541,2145,3,2,5
2542,2145,3,1,1
2542,2145,3,2,5
2543,2145,3,1,2
2543,2145,3,2,3
2544,2145,3,1,3
2544,2145,3,2,6
2545,2145,3,1,3
2545,2145,3,2,5
2546,2145,3,1,3
2546,2145,3,2,7
2547,2145,3,1,1
2547,2145,3,2,7
2548,2145,3,1,1
2548,2145,3,2,4
2549,2145,3,1,2
2549,2145,3,2,4
2550,2145,3,1,6
2550,2145,3,2,7
2551,2145,3,1,0
2551,2145,3,2,6
2552,2145,3,1,2
2552,2145,3,2,5
2553,2145,3,1,0
2553,2145,3,2,3
2554,2145,3,1,2
2554,2145,3,2,4
2555,2145,3,1,0
2555,2145,3,2,3
2556,2145,3,1,0
2556,2145,3,2,4
2557,2145,3,1,2
2557,2145,3,2,5
2558,2145,3,1,2
2558,2145,3,2,4
2559,2145,3,1,2
2559,2145,3,2,4
2528,2145,4,1,1
2528,2145,4,2,3
2529,2145,4,1,3
2529,2145,4,2,6
2530,2145,4,1,5
2530,2145,4,2,7
2531,2145,4,1,2
2531,2145,4,2,5
2532,2145,4,1,4
2532,2145,4,2,6
2533,2145,4,1,3
2533,2145,4,2,6
2534,2145,4,1,0
2534,2145,4,2,2
2535,2145,4,1,2
2535,2145,4,2,7
2536,2145,4,1,5
2536,2145,4,2,6
2537,2145,4,1,0
2537,2145,4,2,1
2538,2145,4,1,4
2538,2145,4,2,7
2539,2145,4,1,3
2539,2145,4,2,4
2540,2145,4,1,1
2540,2145,4,2,2
2541,2145,4,1,1
2541,2145,4,2,5
2542,2145,4,1,1
2542,2145,4,2,2
2543,2145,4,1,3
2543,2145,4,2,7
2544,2145,4,1,0
2544,2145,4,2,3
2545,2145,4,1,5
2545,2145,4,2,7
2546,2145,4,1,5
2546,2145,4,2,7
2547,2145,4,1,0
2547,2145,4,2,7
2548,2145,4,1,2
2548,2145,4,2,4
2549,2145,4,1,3
2549,2145,4,2,7
2550,2145,4,1,1
2550,2145,4,2,2
2551,2145,4,1,2
2551,2145,4,2,7
2552,2145,4,1,0
2552,2145,4,2,7
2553,2145,4,1,0
2553,2145,4,2,5
2554,2145,4,1,1
2554,2145,4,2,6
2555,2145,4,1,0
2555,2145,4,2,1
2556,2145,4,1,2
2556,2145,4,2,4
2557,2145,4,1,0
2557,2145,4,2,3
2558,2145,4,1,2
2558,2145,4,2,7
2559,2145,4,1,5
2559,2145,4,2,6
2528,2145,5,1,1
2528,2145,5,2,7
2529,2145,5,1,0
2529,2145,5,2,4
2530,2145,5,1,2
2530,2145,5,2,5
2531,2145,5,1,0
2531,2145,5,2,6
2532,2145,5,1,1
2532,2145,5,2,4
2533,2145,5,1,3
2533,2145,5,2,4
2534,2145,5,1,1
2534,2145,5,2,6
2535,2145,5,1,0
2535,2145,5,2,4
2536,2145,5,1,2
2536,2145,5,2,6
2537,2145,5,1,0
2537,2145,5,2,6
2538,2145,5,1,0
2538,2145,5,2,5
2539,2145,5,1,0
2539,2145,5,2,3
2540,2145,5,1,5
2540,2145,5,2,7
2541,2145,5,1,0
2541,2145,5,2,1
2542,2145,5,1,0
2542,2145,5,2,2
2543,2145,5,1,2
2543,2145,5,2,6
2544,2145,5,1,0
2544,2145,5,2,2
2545,2145,5,1,3
2545,2145,5,2,6
2546,2145,5,1,1
2546,2145,5,2,2
2547,2145,5,1,2
2547,2145,5,2,6
2548,2145,5,1,1
2548,2145,5,2,4
2549,2145,5,1,3
2549,2145,5,2,7
2550,2145,5,1,1
2550,2145,5,2,2
2551,2145,5,1,1
2551,2145,5,2,7
2552,2145,5,1,1
2552,2145,5,2,5
2553,2145,5,1,0
2553,2145,5,2,6
2554,2145,5,1,0
2554,2145,5,2,4
2555,2145,5,1,1
2555,2145,5,2,3
2556,2145,5,1,3
2556,2145,5,2,4
2557,2145,5,1,2
2557,2145,5,2,5
2558,2145,5,1,5
2558,2145,5,2,7
2559,2145,5,1,4
2559,2145,5,2,7
2528,2145,6,1,5
2528,2145,6,2,7
2529,2145,6,1,0
2529,2145,6,2,5
2530,2145,6,1,0
2530,2145,6,2,4
2531,2145,6,1,5
2531,2145,6,2,7
2532,2145,6,1,0
2532,2145,6,2,1
2533,2145,6,1,1
2533,2145,6,2,2
2534,2145,6,1,1
2534,2145,6,2,3
2535,2145,6,1,0
2535,2145,6,2,6
2536,2145,6,1,2
2536,2145,6,2,3
2537,2145,6,1,0
2537,2145,6,2,6
2538,2145,6,1,2
2538,2145,6,2,3
2539,2145,6,1,1
2539,2145,6,2,7
2540,2145,6,1,4
2540,2145,6,2,5
2541,2145,6,1,4
2541,2145,6,2,6
2542,2145,6,1,5
2542,2145,6,2,6
2543,2145,6,1,4
2543,2145,6,2,5
2544,2145,6,1,4
2544,2145,6,2,5
2545,2145,6,1,1
2545,2145,6,2,6
2546,2145,6,1,2
2546,2145,6,2,6
2547,2145,6,1,0
2547,2145,6,2,2
2548,2145,6,1,1
2548,2145,6,2,4
2549,2145,6,1,3
2549,2145,6,2,4
2550,2145,6,1,2
2550,2145,6,2,7
2551,2145,6,1,0
2551,2145,6,2,4
2552,2145,6,1,1
2552,2145,6,2,3
2553,2145,6,1,2
2553,2145,6,2,6
2554,2145,6,1,0
2554,2145,6,2,7
2555,2145,6,1,2
2555,2145,6,2,3
2556,2145,6,1,6
2556,2145,6,2,7
2557,2145,6,1,1
2557,2145,6,2,5
2558,2145,6,1,1
2558,2145,6,2,4
2559,2145,6,1,1
2559,2145,6,2,7
2528,2145,7,1,1
2528,2145,7,2,6
2529,2145,7,1,1
2529,2145,7,2,6
2530,2145,7,1,1
2530,2145,7,2,3
2531,2145,7,1,5
2531,2145,7,2,7
2532,2145,7,1,3
2532,2145,7,2,7
2533,2145,7,1,2
2533,2145,7,2,5
2534,2145,7,1,4
2534,2145,7,2,7
2535,2145,7,1,3
2535,2145,7,2,7
2536,2145,7,1,0
2536,2145,7,2,7
2537,2145,7,1,2
2537,2145,7,2,3
2538,2145,7,1,0
2538,2145,7,2,6
2539,2145,7,1,6
2539,2145,7,2,7
2540,2145,7,1,0
2540,2145,7,2,3
2541,2145,7,1,2
2541,2145,7,2,3
2542,2145,7,1,5
2542,2145,7,2,7
2543,2145,7,1,2
2543,2145,7,2,7
2544,2145,7,1,0
2544,2145,7,2,7
2545,2145,7,1,0
2545,2145,7,2,5
2546,2145,7,1,5
2546,2145,7,2,7
2547,2145,7,1,2
2547,2145,7,2,4
2548,2145,7,1,0
2548,2145,7,2,2
2549,2145,7,1,0
2549,2145,7,2,2
2550,2145,7,1,4
2550,2145,7,2,6
2551,2145,7,1,1
2551,2145,7,2,6
2552,2145,7,1,3
2552,2145,7,2,7
2553,2145,7,1,0
2553,2145,7,2,6
2554,2145,7,1,1
2554,2145,7,2,2
2555,2145,7,1,0
2555,2145,7,2,5
2556,2145,7,1,1
2556,2145,7,2,6
2557,2145,7,1,0
2557,2145,7,2,4
2558,2145,7,1,3
2558,2145,7,2,7
2559,2145,7,1,1
2559,2145,7,2,3
2528,2145,8,1,5
2528,2145,8,2,7
2529,2145,8,1,2
2529,2145,8,2,3
2530,2145,8,1,2
2530,2145,8,2,7
2531,2145,8,1,1
2531,2145,8,2,6
2532,2145,8,1,4
2532,2145,8,2,6
2533,2145,8,1,4
2533,2145,8,2,6
2534,2145,8,1,1
2534,2145,8,2,3
2535,2145,8,1,1
2535,2145,8,2,4
2536,2145,8,1,0
2536,2145,8,2,5
2537,2145,8,1,2
2537,2145,8,2,3
2538,2145,8,1,0
2538,2145,8,2,1
2539,2145,8,1,0
2539,2145,8,2,5
2540,2145,8,1,1
2540,2145,8,2,5
2541,2145,8,1,2
2541,2145,8,2,4
2542,2145,8,1,2
2542,2145,8,2,3
2543,2145,8,1,2
2543,2145,8,2,6
2544,2145,8,1,0
2544,2145,8,2,2
2545,2145,8,1,3
2545,2145,8,2,4
2546,2145,8,1,2
2546,2145,8,2,4
2547,2145,8,1,3
2547,2145,8,2,4
2548,2145,8,1,3
2548,2145,8,2,6
2549,2145,8,1,0
2549,2145,8,2,2
2550,2145,8,1,5
2550,2145,8,2,6
2551,2145,8,1,0
2551,2145,8,2,7
2552,2145,8,1,3
2552,2145,8,2,4
2553,2145,8,1,2
2553,2145,8,2,7
2554,2145,8,1,1
2554,2145,8,2,6
2555,2145,8,1,1
2555,2145,8,2,7
2556,2145,8,1,2
2556,2145,8,2,6
2557,2145,8,1,6
2557,2145,8,2,7
2558,2145,8,1,0
2558,2145,8,2,3
2559,2145,8,1,3
2559,2145,8,2,6
2528,2145,9,1,3
2528,2145,9,2,7
2529,2145,9,1,1
2529,2145,9,2,6
2530,2145,9,1,1
2530,2145,9,2,6
2531,2145,9,1,3
2531,2145,9,2,5
2532,2145,9,1,4
2532,2145,9,2,7
2533,2145,9,1,2
2533,2145,9,2,5
2534,2145,9,1,0
2534,2145,9,2,6
2535,2145,9,1,2
2535,2145,9,2,5
2536,2145,9,1,1
2536,2145,9,2,7
2537,2145,9,1,0
2537,2145,9,2,3
2538,2145,9,1,3
2538,2145,9,2,6
2539,2145,9,1,2
2539,2145,9,2,6
2540,2145,9,1,1
2540,2145,9,2,6
2541,2145,9,1,3
2541,2145,9,2,5
2542,2145,9,1,1
2542,2145,9,2,2
2543,2145,9,1,0
2543,2145,9,2,2
2544,2145,9,1,1
2544,2145,9,2,5
2545,2145,9,1,1
2545,2145,9,2,4
2546,2145,9,1,2
2546,2145,9,2,5
2547,2145,9,1,0
2547,2145,9,2,1
2548,2145,9,1,1
2548,2145,9,2,4
2549,2145,9,1,1
2549,2145,9,2,2
2550,2145,9,1,5
2550,2145,9,2,6
2551,2145,9,1,3
2551,2145,9,2,6
2552,2145,9,1,0
2552,2145,9,2,5
2553,2145,9,1,2
2553,2145,9,2,4
2554,2145,9,1,0
2554,2145,9,2,7
2555,2145,9,1,1
2555,2145,9,2,6
2556,2145,9,1,1
2556,2145,9,2,6
2557,2145,9,1,2
2557,2145,9,2,7
2558,2145,9,1,0
2558,2145,9,2,7
2559,2145,9,1,3
2559,2145,9,2,4
2528,2145,10,1,1
2528,2145,10,2,6
2529,2145,10,1,1
2529,2145,10,2,6
2530,2145,10,1,0
2530,2145,10,2,3
2531,2145,10,1,5
2531,2145,10,2,7
2532,2145,10,1,0
2532,2145,10,2,6
2533,2145,10,1,5
2533,2145,10,2,6
2534,2145,10,1,2
2534,2145,10,2,6
2535,2145,10,1,1
2535,2145,10,2,7
2536,2145,10,1,3
2536,2145,10,2,6
2537,2145,10,1,0
2537,2145,10,2,5
2538,2145,10,1,0
2538,2145,10,2,7
2539,2145,10,1,3
2539,2145,10,2,6
2540,2145,10,1,2
2540,2145,10,2,6
2541,2145,10,1,1
2541,2145,10,2,6
2542,2145,10,1,3
2542,2145,10,2,4
2543,2145,10,1,3
2543,2145,10,2,5
2544,2145,10,1,5
2544,2145,10,2,6
2545,2145,10,1,3
2545,2145,10,2,6
2546,2145,10,1,1
2546,2145,10,2,5
2547,2145,10,1,1
2547,2145,10,2,3
2548,2145,10,1,0
2548,2145,10,2,2
2549,2145,10,1,3
2549,2145,10,2,7
2550,2145,10,1,2
2550,2145,10,2,4
2551,2145,10,1,1
2551,2145,10,2,5
2552,2145,10,1,2
2552,2145,10,2,3
2553,2145,10,1,2
2553,2145,10,2,6
2554,2145,10,1,1
2554,2145,10,2,2
2555,2145,10,1,1
2555,2145,10,2,6
2556,2145,10,1,0
2556,2145,10,2,2
2557,2145,10,1,3
2557,2145,10,2,6
2558,2145,10,1,3
2558,2145,10,2,4
2559,2145,10,1,1
2559,2145,10,2,7
2528,2145,11,1,5
2528,2145,11,2,7
2529,2145,11,1,2
2529,2145,11,2,5
2530,2145,11,1,5
2530,2145,11,2,6
2531,2145,11,1,0
2531,2145,11,2,6
2532,2145,11,1,3
2532,2145,11,2,5
2533,2145,11,1,4
2533,2145,11,2,5
2534,2145,11,1,5
2534,2145,11,2,6
2535,2145,11,1,3
2535,2145,11,2,5
2536,2145,11,1,4
2536,2145,11,2,6
2537,2145,11,1,0
2537,2145,11,2,4
2538,2145,11,1,4
2538,2145,11,2,5
2539,2145,11,1,5
2539,2145,11,2,6
2540,2145,11,1,1
2540,2145,11,2,4
2541,2145,11,1,1
2541,2145,11,2,7
2542,2145,11,1,4
2542,2145,11,2,6
2543,2145,11,1,6
2543,2145,11,2,7
2544,2145,11,1,1
2544,2145,11,2,5
2545,2145,11,1,2
2545,2145,11,2,6
2546,2145,11,1,3
2546,2145,11,2,7
2547,2145,11,1,3
2547,2145,11,2,5
2548,2145,11,1,3
2548,2145,11,2,7
2549,2145,11,1,5
2549,2145,11,2,7
2550,2145,11,1,2
2550,2145,11,2,5
2551,2145,11,1,3
2551,2145,11,2,6
2552,2145,11,1,2
2552,2145,11,2,6
2553,2145,11,1,2
2553,2145,11,2,6
2554,2145,11,1,1
2554,2145,11,2,4
2555,2145,11,1,5
2555,2145,11,2,6
2556,2145,11,1,2
2556,2145,11,2,3
2557,2145,11,1,2
2557,2145,11,2,6
2558,2145,11,1,5
2558,2145,11,2,7
2559,2145,11,1,2
2559,2145,11,2,3
2528,2145,12,1,1
2528,2145,12,2,6
2529,2145,12,1,1
2529,2145,12,2,3
2530,2145,12,1,4
2530,2145,12,2,7
2531,2145,12,1,3
2531,2145,12,2,6
2532,2145,12,1,1
2532,2145,12,2,3
2533,2145,12,1,3
2533,2145,12,2,5
2534,2145,12,1,3
2534,2145,12,2,4
2535,2145,12,1,1
2535,2145,12,2,5
2536,2145,12,1,1
2536,2145,12,2,2
2537,2145,12,1,0
2537,2145,12,2,6
2538,2145,12,1,1
2538,2145,12,2,4
2539,2145,12,1,0
2539,2145,12,2,4
2540,2145,12,1,3
2540,2145,12,2,5
2541,2145,12,1,4
2541,2145,12,2,5
2542,2145,12,1,0
2542,2145,12,2,5
2543,2145,12,1,0
2543,2145,12,2,7
2544,2145,12,1,0
2544,2145,12,2,1
2545,2145,12,1,0
2545,2145,12,2,6
2546,2145,12,1,2
2546,2145,12,2,6
2547,2145,12,1,3
2547,2145,12,2,6
2548,2145,12,1,0
2548,2145,12,2,3
2549,2145,12,1,4
2549,2145,12,2,5
2550,2145,12,1,3
2550,2145,12,2,5
2551,2145,12,1,1
2551,2145,12,2,7
2552,2145,12,1,0
2552,2145,12,2,4
2553,2145,12,1,4
2553,2145,12,2,7
2554,2145,12,1,2
2554,2145,12,2,4
2555,2145,12,1,3
2555,2145,12,2,7
2556,2145,12,1,2
2556,2145,12,2,4
2557,2145,12,1,3
2557,2145,12,2,7
2558,2145,12,1,4
2558,2145,12,2,7
2559,2145,12,1,2
2559,2145,12,2,5
2528,2145,13,1,6
2528,2145,13,2,7
2529,2145,13,1,4
2529,2145,13,2,5
2530,2145,13,1,4
2530,2145,13,2,5
2531,2145,13,1,5
2531,2145,13,2,6
2532,2145,13,1,2
2532,2145,13,2,4
2533,2145,13,1,0
2533,2145,13,2,5
2534,2145,13,1,0
2534,2145,13,2,7
2535,2145,13,1,2
2535,2145,13,2,7
2536,2145,13,1,0
2536,2145,13,2,3
2537,2145,13,1,0
2537,2145,13,2,7
2538,2145,13,1,3
2538,2145,13,2,5
2539,2145,13,1,2
2539,2145,13,2,6
2540,2145,13,1,0
2540,2145,13,2,4
2541,2145,13,1,1
2541,2145,13,2,5
2542,2145,13,1,4
2542,2145,13,2,5
2543,2145,13,1,1
2543,2145,13,2,3
2544,2145,13,1,1
2544,2145,13,2,2
2545,2145,13,1,0
2545,2145,13,2,5
2546,2145,13,1,0
2546,2145,13,2,1
2547,2145,13,1,0
2547,2145,13,2,7
2548,2145,13,1,5
2548,2145,13,2,6
2549,2145,13,1,0
2549,2145,13,2,1
2550,2145,13,1,2
2550,2145,13,2,7
2551,2145,13,1,2
2551,2145,13,2,5
2552,2145,13,1,0
2552,2145,13,2,5
2553,2145,13,1,2
2553,2145,13,2,7
2554,2145,13,1,3
2554,2145,13,2,4
2555,2145,13,1,2
2555,2145,13,2,7
2556,2145,13,1,3
2556,2145,13,2,4
2557,2145,13,1,5
2557,2145,13,2,7
2558,2145,13,1,3
2558,2145,13,2,7
2559,2145,13,1,1
2559,2145,13,2,5
2528,2145,14,1,5
2528,2145,14,2,6
2529,2145,14,1,3
2529,2145,14,2,6
2530,2145,14,1,1
2530,2145,14,2,2
2531,2145,14,1,5
2531,2145,14,2,6
2532,2145,14,1,4
2532,2145,14,2,6
2533,2145,14,1,0
2533,2145,14,2,1
2534,2145,14,1,1
2534,2145,14,2,5
2535,2145,14,1,5
2535,2145,14,2,7
2536,2145,14,1,1
2536,2145,14,2,7
2537,2145,14,1,1
2537,2145,14,2,3
2538,2145,14,1,2
2538,2145,14,2,3
2539,2145,14,1,1
2539,2145,14,2,2
2540,2145,14,1,0
2540,2145,14,2,5
2541,2145,14,1,4
2541,2145,14,2,5
2542,2145,14,1,5
2542,2145,14,2,6
2543,2145,14,1,3
2543,2145,14,2,6
2544,2145,14,1,3
2544,2145,14,2,7
2545,2145,14,1,0
2545,2145,14,2,3
2546,2145,14,1,2
2546,2145,14,2,5
2547,2145,14,1,0
2547,2145,14,2,2
2548,2145,14,1,1
2548,2145,14,2,3
2549,2145,14,1,0
2549,2145,14,2,2
2550,2145,14,1,1
2550,2145,14,2,6
2551,2145,14,1,0
2551,2145,14,2,1
2552,2145,14,1,4
2552,2145,14,2,7
2553,2145,14,1,0
2553,2145,14,2,3
2554,2145,14,1,0
2554,2145,14,2,6
2555,2145,14,1,0
2555,2145,14,2,5
2556,2145,14,1,1
2556,2145,14,2,6
2557,2145,14,1,3
2557,2145,14,2,6
2558,2145,14,1,4
2558,2145,14,2,6
2559,2145,14,1,4
2559,2145,14,2,7
2528,2145,15,1,3
2528,2145,15,2,5
2529,2145,15,1,0
2529,2145,15,2,5
2530,2145,15,1,2
2530,2145,15,2,6
2531,2145,15,1,0
2531,2145,15,2,1
2532,2145,15,1,3
2532,2145,15,2,7
2533,2145,15,1,2
2533,2145,15,2,7
2534,2145,15,1,0
2534,2145,15,2,2
2535,2145,15,1,1
2535,2145,15,2,5
2536,2145,15,1,2
2536,2145,15,2,6
2537,2145,15,1,4
2537,2145,15,2,5
2538,2145,15,1,0
2538,2145,15,2,2
2539,2145,15,1,4
2539,2145,15,2,7
2540,2145,15,1,4
2540,2145,15,2,7
2541,2145,15,1,4
2541,2145,15,2,7
2542,2145,15,1,3
2542,2145,15,2,6
2543,2145,15,1,1
2543,2145,15,2,4
2544,2145,15,1,0
2544,2145,15,2,4
2545,2145,15,1,1
2545,2145,15,2,7
2546,2145,15,1,4
2546,2145,15,2,5
2547,2145,15,1,1
2547,2145,15,2,6
2548,2145,15,1,6
2548,2145,15,2,7
2549,2145,15,1,1
2549,2145,15,2,3
2550,2145,15,1,1
2550,2145,15,2,2
2551,2145,15,1,1
2551,2145,15,2,7
2552,2145,15,1,1
2552,2145,15,2,2
2553,2145,15,1,3
2553,2145,15,2,7
2554,2145,15,1,2
2554,2145,15,2,3
2555,2145,15,1,3
2555,2145,15,2,4
2556,2145,15,1,1
2556,2145,15,2,3
2557,2145,15,1,1
2557,2145,15,2,3
2558,2145,15,1,0
2558,2145,15,2,7
2559,2145,15,1,6
2559,2145,15,2,7
2528,2145,16,1,3
2528,2145,16,2,4
2529,2145,16,1,4
2529,2145,16,2,7
2530,2145,16,1,6
2530,2145,16,2,7
2531,2145,16,1,2
2531,2145,16,2,7
2532,2145,16,1,2
2532,2145,16,2,7
2533,2145,16,1,5
2533,2145,16,2,7
2534,2145,16,1,5
2534,2145,16,2,6
2535,2145,16,1,4
2535,2145,16,2,7
2536,2145,16,1,3
2536,2145,16,2,6
2537,2145,16,1,5
2537,2145,16,2,6
2538,2145,16,1,0
2538,2145,16,2,3
2539,2145,16,1,0
2539,2145,16,2,3
2540,2145,16,1,1
2540,2145,16,2,6
2541,2145,16,1,4
2541,2145,16,2,7
2542,2145,16,1,5
2542,2145,16,2,7
2543,2145,16,1,1
2543,2145,16,2,3
2544,2145,16,1,2
2544,2145,16,2,3
2545,2145,16,1,1
2545,2145,16,2,2
2546,2145,16,1,4
2546,2145,16,2,7
2547,2145,16,1,3
2547,2145,16,2,7
2548,2145,16,1,3
2548,2145,16,2,4
2549,2145,16,1,0
2549,2145,16,2,6
2550,2145,16,1,1
2550,2145,16,2,6
2551,2145,16,1,4
2551,2145,16,2,5
2552,2145,16,1,1
2552,2145,16,2,5
2553,2145,16,1,2
2553,2145,16,2,7
2554,2145,16,1,0
2554,2145,16,2,3
2555,2145,16,1,4
2555,2145,16,2,6
2556,2145,16,1,1
2556,2145,16,2,2
2557,2145,16,1,0
2557,2145,16,2,7
2558,2145,16,1,3
2558,2145,16,2,6
2559,2145,16,1,0
2559,2145,16,2,2
2528,2145,17,1,0
2528,2145,17,2,1
2529,2145,17,1,4
2529,2145,17,2,6
2530,2145,17,1,5
2530,2145,17,2,7
2531,2145,17,1,3
2531,2145,17,2,4
2532,2145,17,1,3
2532,2145,17,2,5
2533,2145,17,1,1
2533,2145,17,2,6
2534,2145,17,1,1
2534,2145,17,2,3
2535,2145,17,1,4
2535,2145,17,2,7
2536,2145,17,1,2
2536,2145,17,2,4
2537,2145,17,1,1
2537,2145,17,2,7
2538,2145,17,1,0
2538,2145,17,2,3
2539,2145,17,1,0
2539,2145,17,2,7
2540,2145,17,1,2
2540,2145,17,2,6
2541,2145,17,1,0
2541,2145,17,2,4
2542,2145,17,1,1
2542,2145,17,2,7
2543,2145,17,1,4
2543,2145,17,2,6
2544,2145,17,1,5
2544,2145,17,2,7
2545,2145,17,1,4
2545,2145,17,2,6
2546,2145,17,1,3
2546,2145,17,2,6
2547,2145,17,1,5
2547,2145,17,2,7
2548,2145,17,1,5
2548,2145,17,2,7
2549,2145,17,1,2
2549,2145,17,2,3
2550,2145,17,1,0
2550,2145,17,2,5
2551,2145,17,1,3
2551,2145,17,2,4
2552,2145,17,1,1
2552,2145,17,2,4
2553,2145,17,1,3
2553,2145,17,2,4
2554,2145,17,1,1
2554,2145,17,2,5
2555,2145,17,1,4
2555,2145,17,2,5
2556,2145,17,1,0
2556,2145,17,2,4
2557,2145,17,1,1
2557,2145,17,2,3
2558,2145,17,1,3
2558,2145,17,2,6
2559,2145,17,1,4
2559,2145,17,2,7
2528,2145,18,1,3
2528,2145,18,2,4
2529,2145,18,1,2
2529,2145,18,2,7
2530,2145,18,1,1
2530,2145,18,2,4
2531,2145,18,1,0
2531,2145,18,2,3
2532,2145,18,1,1
2532,2145,18,2,3
2533,2145,18,1,6
2533,2145,18,2,7
2534,2145,18,1,0
2534,2145,18,2,7
2535,2145,18,1,0
2535,2145,18,2,7
2536,2145,18,1,3
2536,2145,18,2,6
2537,2145,18,1,1
2537,2145,18,2,6
2538,2145,18,1,3
2538,2145,18,2,5
2539,2145,18,1,1
2539,2145,18,2,7
2540,2145,18,1,3
2540,2145,18,2,4
2541,2145,18,1,2
2541,2145,18,2,7
2542,2145,18,1,3
2542,2145,18,2,7
2543,2145,18,1,1
2543,2145,18,2,7
2544,2145,18,1,4
2544,2145,18,2,5
2545,2145,18,1,0
2545,2145,18,2,7
2546,2145,18,1,1
2546,2145,18,2,4
2547,2145,18,1,1
2547,2145,18,2,3
2548,2145,18,1,4
2548,2145,18,2,7
2549,2145,18,1,2
2549,2145,18,2,7
2550,2145,18,1,2
2550,2145,18,2,6
2551,2145,18,1,0
2551,2145,18,2,4
2552,2145,18,1,1
2552,2145,18,2,2
2553,2145,18,1,5
2553,2145,18,2,6
2554,2145,18,1,1
2554,2145,18,2,3
2555,2145,18,1,1
2555,2145,18,2,2
2556,2145,18,1,3
2556,2145,18,2,7
2557,2145,18,1,5
2557,2145,18,2,7
2558,2145,18,1,2
2558,2145,18,2,5
2559,2145,18,1,4
2559,2145,18,2,5
2528,2145,19,1,3
2528,2145,19,2,5
2529,2145,19,1,1
2529,2145,19,2,3
2530,2145,19,1,5
2530,2145,19,2,6
2531,2145,19,1,0
2531,2145,19,2,7
2532,2145,19,1,0
2532,2145,19,2,4
2533,2145,19,1,2
2533,2145,19,2,7
2534,2145,19,1,1
2534,2145,19,2,6
2535,2145,19,1,1
2535,2145,19,2,6
2536,2145,19,1,2
2536,2145,19,2,3
2537,2145,19,1,2
2537,2145,19,2,5
2538,2145,19,1,2
2538,2145,19,2,5
2539,2145,19,1,4
2539,2145,19,2,6
2540,2145,19,1,5
2540,2145,19,2,7
2541,2145,19,1,4
2541,2145,19,2,6
2542,2145,19,1,0
2542,2145,19,2,1
2543,2145,19,1,3
2543,2145,19,2,4
2544,2145,19,1,2
2544,2145,19,2,4
2545,2145,19,1,2
2545,2145,19,2,3
2546,2145,19,1,2
2546,2145,19,2,6
2547,2145,19,1,0
2547,2145,19,2,1
2548,2145,19,1,2
2548,2145,19,2,5
2549,2145,19,1,4
2549,2145,19,2,6
2550,2145,19,1,3
2550,2145,19,2,6
2551,2145,19,1,1
2551,2145,19,2,3
2552,2145,19,1,2
2552,2145,19,2,4
2553,2145,19,1,3
2553,2145,19,2,4
2554,2145,19,1,1
2554,2145,19,2,6
2555,2145,19,1,3
2555,2145,19,2,6
2556,2145,19,1,6
2556,2145,19,2,7
2557,2145,19,1,2
2557,2145,19,2,4
2558,2145,19,1,0
2558,2145,19,2,6
2559,2145,19,1,3
2559,2145,19,2,6
2528,2145,20,1,1
2528,2145,20,2,6
2529,2145,20,1,0
2529,2145,20,2,3
2530,2145,20,1,0
2530,2145,20,2,4
2531,2145,20,1,3
2531,2145,20,2,4
2532,2145,20,1,1
2532,2145,20,2,7
2533,2145,20,1,3
2533,2145,20,2,6
2534,2145,20,1,0
2534,2145,20,2,7
2535,2145,20,1,4
2535,2145,20,2,7
2536,2145,20,1,5
2536,2145,20,2,6
2537,2145,20,1,0
2537,2145,20,2,4
2538,2145,20,1,1
2538,2145,20,2,5
2539,2145,20,1,2
2539,2145,20,2,4
2540,2145,20,1,1
2540,2145,20,2,6
2541,2145,20,1,1
2541,2145,20,2,2
2542,2145,20,1,3
2542,2145,20,2,7
2543,2145,20,1,0
2543,2145,20,2,5
2544,2145,20,1,4
2544,2145,20,2,7
2545,2145,20,1,1
2545,2145,20,2,6
2546,2145,20,1,2
2546,2145,20,2,3
2547,2145,20,1,1
2547,2145,20,2,6
2548,2145,20,1,2
2548,2145,20,2,4
2549,2145,20,1,3
2549,2145,20,2,6
2550,2145,20,1,0
2550,2145,20,2,7
2551,2145,20,1,3
2551,2145,20,2,7
2552,2145,20,1,4
2552,2145,20,2,5
2553,2145,20,1,0
2553,2145,20,2,1
2554,2145,20,1,2
2554,2145,20,2,4
2555,2145,20,1,0
2555,2145,20,2,1
2556,2145,20,1,3
2556,2145,20,2,6
2557,2145,20,1,2
2557,2145,20,2,3
2558,2145,20,1,0
2558,2145,20,2,6
2559,2145,20,1,3
2559,2145,20,2,4
2528,2145,21,1,0
2528,2145,21,2,6
2529,2145,21,1,3
2529,2145,21,2,6
2530,2145,21,1,2
2530,2145,21,2,4
2531,2145,21,1,0
2531,2145,21,2,2
2532,2145,21,1,3
2532,2145,21,2,4
2533,2145,21,1,3
2533,2145,21,2,7
2534,2145,21,1,6
2534,2145,21,2,7
2535,2145,21,1,2
2535,2145,21,2,6
2536,2145,21,1,6
2536,2145,21,2,7
2537,2145,21,1,1
2537,2145,21,2,7
2538,2145,21,1,4
2538,2145,21,2,6
2539,2145,21,1,2
2539,2145,21,2,7
2540,2145,21,1,1
2540,2145,21,2,2
2541,2145,21,1,3
2541,2145,21,2,7
2542,2145,21,1,2
2542,2145,21,2,7
2543,2145,21,1,4
2543,2145,21,2,5
2544,2145,21,1,0
2544,2145,21,2,3
2545,2145,21,1,2
2545,2145,21,2,7
2546,2145,21,1,0
2546,2145,21,2,7
2547,2145,21,1,0
2547,2145,21,2,3
2548,2145,21,1,2
2548,2145,21,2,6
2549,2145,21,1,3
2549,2145,21,2,6
2550,2145,21,1,1
2550,2145,21,2,2
2551,2145,21,1,2
2551,2145,21,2,3
2552,2145,21,1,1
2552,2145,21,2,5
2553,2145,21,1,1
2553,2145,21,2,7
2554,2145,21,1,0
2554,2145,21,2,6
2555,2145,21,1,4
2555,2145,21,2,5
2556,2145,21,1,6
2556,2145,21,2,7
2557,2145,21,1,6
2557,2145,21,2,7
2558,2145,21,1,0
2558,2145,21,2,3
2559,2145,21,1,3
2559,2145,21,2,5
2528,2145,22,1,0
2528,2145,22,2,3
2529,2145,22,1,3
2529,2145,22,2,4
2530,2145,22,1,6
2530,2145,22,2,7
2531,2145,22,1,3
2531,2145,22,2,7
2532,2145,22,1,2
2532,2145,22,2,5
2533,2145,22,1,0
2533,2145,22,2,2
2534,2145,22,1,1
2534,2145,22,2,5
2535,2145,22,1,2
2535,2145,22,2,3
2536,2145,22,1,0
2536,2145,22,2,2
2537,2145,22,1,0
2537,2145,22,2,1
2538,2145,22,1,2
2538,2145,22,2,7
2539,2145,22,1,1
2539,2145,22,2,2
2540,2145,22,1,4
2540,2145,22,2,5
2541,2145,22,1,5
2541,2145,22,2,6
2542,2145,22,1,1
2542,2145,22,2,6
2543,2145,22,1,1
2543,2145,22,2,6
2544,2145,22,1,0
2544,2145,22,2,1
2545,2145,22,1,0
2545,2145,22,2,6
2546,2145,22,1,1
2546,2145,22,2,6
2547,2145,22,1,0
2547,2145,22,2,3
2548,2145,22,1,1
2548,2145,22,2,5
2549,2145,22,1,4
2549,2145,22,2,5
2550,2145,22,1,4
2550,2145,22,2,7
2551,2145,22,1,4
2551,2145,22,2,7
2552,2145,22,1,0
2552,2145,22,2,3
2553,2145,22,1,0
2553,2145,22,2,1
2554,2145,22,1,0
2554,2145,22,2,2
2555,2145,22,1,3
2555,2145,22,2,6
2556,2145,22,1,4
2556,2145,22,2,5
2557,2145,22,1,0
2557,2145,22,2,5
2558,2145,22,1,4
2558,2145,22,2,5
2559,2145,22,1,6
2559,2145,22,2,7
2528,2145,23,1,1
2528,2145,23,2,6
2529,2145,23,1,0
2529,2145,23,2,5
2530,2145,23,1,4
2530,2145,23,2,7
2531,2145,23,1,1
2531,2145,23,2,4
2532,2145,23,1,3
2532,2145,23,2,7
2533,2145,23,1,0
2533,2145,23,2,1
2534,2145,23,1,0
2534,2145,23,2,5
2535,2145,23,1,0
2535,2145,23,2,5
2536,2145,23,1,1
2536,2145,23,2,5
2537,2145,23,1,1
2537,2145,23,2,6
2538,2145,23,1,2
2538,2145,23,2,7
2539,2145,23,1,0
2539,2145,23,2,2
2540,2145,23,1,0
2540,2145,23,2,7
2541,2145,23,1,5
2541,2145,23,2,7
2542,2145,23,1,3
2542,2145,23,2,7
2543,2145,23,1,0
2543,2145,23,2,6
2544,2145,23,1,1
2544,2145,23,2,7
2545,2145,23,1,2
2545,2145,23,2,4
2546,2145,23,1,1
2546,2145,23,2,5
2547,2145,23,1,2
2547,2145,23,2,7
2548,2145,23,1,0
2548,2145,23,2,1
2549,2145,23,1,2
2549,2145,23,2,6
2550,2145,23,1,0
2550,2145,23,2,5
2551,2145,23,1,4
2551,2145,23,2,6
2552,2145,23,1,1
2552,2145,23,2,7
2553,2145,23,1,0
2553,2145,23,2,6
2554,2145,23,1,0
2554,2145,23,2,4
2555,2145,23,1,4
2555,2145,23,2,7
2556,2145,23,1,4
2556,2145,23,2,5
2557,2145,23,1,0
2557,2145,23,2,3
2558,2145,23,1,5
2558,2145,23,2,6
2559,2145,23,1,4
2559,2145,23,2,6
2528,2145,24,1,1
2528,2145,24,2,2
2529,2145,24,1,4
2529,2145,24,2,6
2530,2145,24,1,0
2530,2145,24,2,6
2531,2145,24,1,4
2531,2145,24,2,7
2532,2145,24,1,0
2532,2145,24,2,2
2533,2145,24,1,0
2533,2145,24,2,2
2534,2145,24,1,1
2534,2145,24,2,2
2535,2145,24,1,1
2535,2145,24,2,5
2536,2145,24,1,3
2536,2145,24,2,7
2537,2145,24,1,5
2537,2145,24,2,7
2538,2145,24,1,1
2538,2145,24,2,6
2539,2145,24,1,5
2539,2145,24,2,6
2540,2145,24,1,1
2540,2145,24,2,3
2541,2145,24,1,1
2541,2145,24,2,5
2542,2145,24,1,3
2542,2145,24,2,6
2543,2145,24,1,3
2543,2145,24,2,6
2544,2145,24,1,2
2544,2145,24,2,5
2545,2145,24,1,0
2545,2145,24,2,2
2546,2145,24,1,0
2546,2145,24,2,6
2547,2145,24,1,4
2547,2145,24,2,5
2548,2145,24,1,0
2548,2145,24,2,3
2549,2145,24,1,0
2549,2145,24,2,5
2550,2145,24,1,0
2550,2145,24,2,4
2551,2145,24,1,0
2551,2145,24,2,6
2552,2145,24,1,0
2552,2145,24,2,1
2553,2145,24,1,4
2553,2145,24,2,5
2554,2145,24,1,2
2554,2145,24,2,6
2555,2145,24,1,5
2555,2145,24,2,7
2556,2145,24,1,0
2556,2145,24,2,6
2557,2145,24,1,4
2557,2145,24,2,7
2558,2145,24,1,0
2558,2145,24,2,7
2559,2145,24,1,0
2559,2145,24,2,5
2528,2145,25,1,3
2528,2145,25,2,7
2529,2145,25,1,0
2529,2145,25,2,3
2530,2145,25,1,4
2530,2145,25,2,5
2531,2145,25,1,1
2531,2145,25,2,7
2532,2145,25,1,1
2532,2145,25,2,7
2533,2145,25,1,3
2533,2145,25,2,7
2534,2145,25,1,1
2534,2145,25,2,6
2535,2145,25,1,2
2535,2145,25,2,6
2536,2145,25,1,1
2536,2145,25,2,6
2537,2145,25,1,2
2537,2145,25,2,4
2538,2145,25,1,0
2538,2145,25,2,7
2539,2145,25,1,0
2539,2145,25,2,5
2540,2145,25,1,3
2540,2145,25,2,4
2541,2145,25,1,2
2541,2145,25,2,5
2542,2145,25,1,4
2542,2145,25,2,5
2543,2145,25,1,2
2543,2145,25,2,5
2544,2145,25,1,3
2544,2145,25,2,4
2545,2145,25,1,1
2545,2145,25,2,7
2546,2145,25,1,5
2546,2145,25,2,7
2547,2145,25,1,4
2547,2145,25,2,6
2548,2145,25,1,0
2548,2145,25,2,7
2549,2145,25,1,0
2549,2145,25,2,5
2550,2145,25,1,0
2550,2145,25,2,1
2551,2145,25,1,0
2551,2145,25,2,5
2552,2145,25,1,6
2552,2145,25,2,7
2553,2145,25,1,6
2553,2145,25,2,7
2554,2145,25,1,1
2554,2145,25,2,5
2555,2145,25,1,0
2555,2145,25,2,5
2556,2145,25,1,1
2556,2145,25,2,5
2557,2145,25,1,2
2557,2145,25,2,7
2558,2145,25,1,0
2558,2145,25,2,4
2559,2145,25,1,1
2559,2145,25,2,2
2528,2145,26,1,2
2528,2145,26,2,4
2529,2145,26,1,4
2529,2145,26,2,5
2530,2145,26,1,3
2530,2145,26,2,6
2531,2145,26,1,1
2531,2145,26,2,5
2532,2145,26,1,6
2532,2145,26,2,7
2533,2145,26,1,6
2533,2145,26,2,7
2534,2145,26,1,0
2534,2145,26,2,2
2535,2145,26,1,4
2535,2145,26,2,6
2536,2145,26,1,0
2536,2145,26,2,5
2537,2145,26,1,2
2537,2145,26,2,3
2538,2145,26,1,6
2538,2145,26,2,7
2539,2145,26,1,3
2539,2145,26,2,6
2540,2145,26,1,0
2540,2145,26,2,2
2541,2145,26,1,2
2541,2145,26,2,7
2542,2145,26,1,2
2542,2145,26,2,7
2543,2145,26,1,4
2543,2145,26,2,7
2544,2145,26,1,1
2544,2145,26,2,3
2545,2145,26,1,3
2545,2145,26,2,5
2546,2145,26,1,6
2546,2145,26,2,7
2547,2145,26,1,3
2547,2145,26,2,5
2548,2145,26,1,0
2548,2145,26,2,3
2549,2145,26,1,2
2549,2145,26,2,3
2550,2145,26,1,3
2550,2145,26,2,6
2551,2145,26,1,0
2551,2145,26,2,3
2552,2145,26,1,2
2552,2145,26,2,4
2553,2145,26,1,1
2553,2145,26,2,4
2554,2145,26,1,1
2554,2145,26,2,5
2555,2145,26,1,2
2555,2145,26,2,6
2556,2145,26,1,1
2556,2145,26,2,3
2557,2145,26,1,0
2557,2145,26,2,5
2558,2145,26,1,0
2558,2145,26,2,5
2559,2145,26,1,4
2559,2145,26,2,5
2528,2145,27,1,1
2528,2145,27,2,4
2529,2145,27,1,1
2529,2145,27,2,3
2530,2145,27,1,2
2530,2145,27,2,4
2531,2145,27,1,0
2531,2145,27,2,1
2532,2145,27,1,3
2532,2145,27,2,4
2533,2145,27,1,0
2533,2145,27,2,2
2534,2145,27,1,1
2534,2145,27,2,2
2535,2145,27,1,4
2535,2145,27,2,5
2536,2145,27,1,3
2536,2145,27,2,4
2537,2145,27,1,2
2537,2145,27,2,5
2538,2145,27,1,6
2538,2145,27,2,7
2539,2145,27,1,3
2539,2145,27,2,6
2540,2145,27,1,0
2540,2145,27,2,3
2541,2145,27,1,3
2541,2145,27,2,7
2542,2145,27,1,3
2542,2145,27,2,7
2543,2145,27,1,0
2543,2145,27,2,6
2544,2145,27,1,6
2544,2145,27,2,7
2545,2145,27,1,4
2545,2145,27,2,6
2546,2145,27,1,0
2546,2145,27,2,1
2547,2145,27,1,4
2547,2145,27,2,6
2548,2145,27,1,2
2548,2145,27,2,5
2549,2145,27,1,1
2549,2145,27,2,5
2550,2145,27,1,6
2550,2145,27,2,7
2551,2145,27,1,1
2551,2145,27,2,3
2552,2145,27,1,1
2552,2145,27,2,7
2553,2145,27,1,2
2553,2145,27,2,5
2554,2145,27,1,0
2554,2145,27,2,3
2555,2145,27,1,3
2555,2145,27,2,7
2556,2145,27,1,3
2556,2145,27,2,6
2557,2145,27,1,0
2557,2145,27,2,1
2558,2145,27,1,1
2558,2145,27,2,4
2559,2145,27,1,0
2559,2145,27,2,7
2528,2145,28,1,0
2528,2145,28,2,5
2529,2145,28,1,2
2529,2145,28,2,4
2530,2145,28,1,4
2530,2145,28,2,6
2531,2145,28,1,5
2531,2145,28,2,6
2532,2145,28,1,0
2532,2145,28,2,4
2533,2145,28,1,3
2533,2145,28,2,7
2534,2145,28,1,2
2534,2145,28,2,3
2535,2145,28,1,1
2535,2145,28,2,5
2536,2145,28,1,5
2536,2145,28,2,7
2537,2145,28,1,3
2537,2145,28,2,7
2538,2145,28,1,3
2538,2145,28,2,5
2539,2145,28,1,0
2539,2145,28,2,3
2540,2145,28,1,0
2540,2145,28,2,2
2541,2145,28,1,0
2541,2145,28,2,5
2542,2145,28,1,3
2542,2145,28,2,4
2543,2145,28,1,5
2543,2145,28,2,6
2544,2145,28,1,2
2544,2145,28,2,7
2545,2145,28,1,0
2545,2145,28,2,6
2546,2145,28,1,2
2546,2145,28,2,3
2547,2145,28,1,1
2547,2145,28,2,5
2548,2145,28,1,4
2548,2145,28,2,6
2549,2145,28,1,0
2549,2145,28,2,4
2550,2145,28,1,4
2550,2145,28,2,6
2551,2145,28,1,0
2551,2145,28,2,6
2552,2145,28,1,1
2552,2145,28,2,3
2553,2145,28,1,1
2553,2145,28,2,5
2554,2145,28,1,0
2554,2145,28,2,3
2555,2145,28,1,1
2555,2145,28,2,2
2556,2145,28,1,2
2556,2145,28,2,4
2557,2145,28,1,6
2557,2145,28,2,7
2558,2145,28,1,1
2558,2145,28,2,6
2559,2145,28,1,1
2559,2145,28,2,4
2528,2145,29,1,5
2528,2145,29,2,7
2529,2145,29,1,4
2529,2145,29,2,5
2530,2145,29,1,0
2530,2145,29,2,1
2531,2145,29,1,2
2531,2145,29,2,6
2532,2145,29,1,2
2532,2145,29,2,7
2533,2145,29,1,0
2533,2145,29,2,2
2534,2145,29,1,0
2534,2145,29,2,4
2535,2145,29,1,0
2535,2145,29,2,7
2536,2145,29,1,4
2536,2145,29,2,7
2537,2145,29,1,3
2537,2145,29,2,7
2538,2145,29,1,2
2538,2145,29,2,7
2539,2145,29,1,0
2539,2145,29,2,1
2540,2145,29,1,0
2540,2145,29,2,4
2541,2145,29,1,2
2541,2145,29,2,6
2542,2145,29,1,0
2542,2145,29,2,3
2543,2145,29,1,0
2543,2145,29,2,2
2544,2145,29,1,0
2544,2145,29,2,4
2545,2145,29,1,4
2545,2145,29,2,6
2546,2145,29,1,1
2546,2145,29,2,6
2547,2145,29,1,1
2547,2145,29,2,7
2548,2145,29,1,0
2548,2145,29,2,6
2549,2145,29,1,1
2549,2145,29,2,2
2550,2145,29,1,2
2550,2145,29,2,3
2551,2145,29,1,4
2551,2145,29,2,6
2552,2145,29,1,0
2552,2145,29,2,2
2553,2145,29,1,2
2553,2145,29,2,5
2554,2145,29,1,4
2554,2145,29,2,6
2555,2145,29,1,0
2555,2145,29,2,3
2556,2145,29,1,5
2556,2145,29,2,6
2557,2145,29,1,1
2557,2145,29,2,2
2558,2145,29,1,3
2558,2145,29,2,7
2559,2145,29,1,3
2559,2145,29,2,7
2528,2145,30,1,0
2528,2145,30,2,4
2529,2145,30,1,5
2529,2145,30,2,7
2530,2145,30,1,5
2530,2145,30,2,7
2531,2145,30,1,0
2531,2145,30,2,1
2532,2145,30,1,2
2532,2145,30,2,4
2533,2145,30,1,1
2533,2145,30,2,2
2534,2145,30,1,3
2534,2145,30,2,5
2535,2145,30,1,4
2535,2145,30,2,6
2536,2145,30,1,3
2536,2145,30,2,4
2537,2145,30,1,0
2537,2145,30,2,4
2538,2145,30,1,3
2538,2145,30,2,5
2539,2145,30,1,3
2539,2145,30,2,6
2540,2145,30,1,2
2540,2145,30,2,7
2541,2145,30,1,3
2541,2145,30,2,7
2542,2145,30,1,0
2542,2145,30,2,2
2543,2145,30,1,2
2543,2145,30,2,5
2544,2145,30,1,1
2544,2145,30,2,3
2545,2145,30,1,0
2545,2145,30,2,7
2546,2145,30,1,3
2546,2145,30,2,5
2547,2145,30,1,2
2547,2145,30,2,7
2548,2145,30,1,0
2548,2145,30,2,7
2549,2145,30,1,0
2549,2145,30,2,5
2550,2145,30,1,5
2550,2145,30,2,6
2551,2145,30,1,4
2551,2145,30,2,7
2552,2145,30,1,1
2552,2145,30,2,5
2553,2145,30,1,0
2553,2145,30,2,2
2554,2145,30,1,2
2554,2145,30,2,3
2555,2145,30,1,0
2555,2145,30,2,3
2556,2145,30,1,0
2556,2145,30,2,5
2557,2145,30,1,0
2557,2145,30,2,4
2558,2145,30,1,1
2558,2145,30,2,5
2559,2145,30,1,0
2559,2145,30,2,7
2528,2145,31,1,1
2528,2145,31,2,3
2529,2145,31,1,3
2529,2145,31,2,4
2530,2145,31,1,1
2530,2145,31,2,4
2531,2145,31,1,4
2531,2145,31,2,7
2532,2145,31,1,5
2532,2145,31,2,7
2533,2145,31,1,0
2533,2145,31,2,1
2534,2145,31,1,0
2534,2145,31,2,2
2535,2145,31,1,1
2535,2145,31,2,3
2536,2145,31,1,0
2536,2145,31,2,3
2537,2145,31,1,0
2537,2145,31,2,2
2538,2145,31,1,3
2538,2145,31,2,4
2539,2145,31,1,1
2539,2145,31,2,4
2540,2145,31,1,4
2540,2145,31,2,5
2541,2145,31,1,1
2541,2145,31,2,6
2542,2145,31,1,0
2542,2145,31,2,6
2543,2145,31,1,1
2543,2145,31,2,3
2544,2145,31,1,3
2544,2145,31,2,4
2545,2145,31,1,2
2545,2145,31,2,4
2546,2145,31,1,1
2546,2145,31,2,3
2547,2145,31,1,1
2547,2145,31,2,7
2548,2145,31,1,2
2548,2145,31,2,6
2549,2145,31,1,0
2549,2145,31,2,2
2550,2145,31,1,0
2550,2145,31,2,3
2551,2145,31,1,1
2551,2145,31,2,2
2552,2145,31,1,3
2552,2145,31,2,4
2553,2145,31,1,2
2553,2145,31,2,7
2554,2145,31,1,0
2554,2145,31,2,3
2555,2145,31,1,1
2555,2145,31,2,5
2556,2145,31,1,0
2556,2145,31,2,1
2557,2145,31,1,0
2557,2145,31,2,2
2558,2145,31,1,5
2558,2145,31,2,6
2559,2145,31,1,2
2559,2145,31,2,7
2528,2146,0,1,3
2528,2146,0,2,7
2529,2146,0,1,2
2529,2146,0,2,5
2530,2146,0,1,0
2530,2146,0,2,6
2531,2146,0,1,1
2531,2146,0,2,7
2532,2146,0,1,2
2532,2146,0,2,3
2533,2146,0,1,0
2533,2146,0,2,5
2534,2146,0,1,6
2534,2146,0,2,7
2535,2146,0,1,3
2535,2146,0,2,7
2536,2146,0,1,2
2536,2146,0,2,7
2537,2146,0,1,0
2537,2146,0,2,7
2538,2146,0,1,2
2538,2146,0,2,3
2539,2146,0,1,3
2539,2146,0,2,6
2540,2146,0,1,2
2540,2146,0,2,6
2541,2146,0,1,4
2541,2146,0,2,7
2542,2146,0,1,0
2542,2146,0,2,6
2543,2146,0,1,3
2543,2146,0,2,6
2544,2146,0,1,0
2544,2146,0,2,1
2545,2146,0,1,5
2545,2146,0,2,6
2546,2146,0,1,3
2546,2146,0,2,6
2547,2146,0,1,3
2547,2146,0,2,4
2548,2146,0,1,5
2548,2146,0,2,6
2549,2146,0,1,0
2549,2146,0,2,7
2550,2146,0,1,2
2550,2146,0,2,7
2551,2146,0,1,2
2551,2146,0,2,6
2552,2146,0,1,1
2552,2146,0,2,3
2553,2146,0,1,0
2553,2146,0,2,3
2554,2146,0,1,0
2554,2146,0,2,7
2555,2146,0,1,3
2555,2146,0,2,4
2556,2146,0,1,3
2556,2146,0,2,7
2557,2146,0,1,4
2557,2146,0,2,5
2558,2146,0,1,1
2558,2146,0,2,4
2559,2146,0,1,0
2559,2146,0,2,1
2528,2146,1,1,4
2528,2146,1,2,5
2529,2146,1,1,1
2529,2146,1,2,6
2530,2146,1,1,2
2530,2146,1,2,4
2531,2146,1,1,2
2531,2146,1,2,7
2532,2146,1,1,3
2532,2146,1,2,7
2533,2146,1,1,0
2533,2146,1,2,7
2534,2146,1,1,0
2534,2146,1,2,3
2535,2146,1,1,0
2535,2146,1,2,5
2536,2146,1,1,1
2536,2146,1,2,2
2537,2146,1,1,4
2537,2146,1,2,6
2538,2146,1,1,4
2538,2146,1,2,7
2539,2146,1,1,0
2539,2146,1,2,7
2540,2146,1,1,3
2540,2146,1,2,7
2541,2146,1,1,2
2541,2146,1,2,6
2542,2146,1,1,2
2542,2146,1,2,7
2543,2146,1,1,4
2543,2146,1,2,5
2544,2146,1,1,0
2544,2146,1,2,3
2545,2146,1,1,2
2545,2146,1,2,7
2546,2146,1,1,0
2546,2146,1,2,1
2547,2146,1,1,3
2547,2146,1,2,7
2548,2146,1,1,0
2548,2146,1,2,7
2549,2146,1,1,0
2549,2146,1,2,4
2550,2146,1,1,1
2550,2146,1,2,3
2551,2146,1,1,4
2551,2146,1,2,7
2552,2146,1,1,1
2552,2146,1,2,4
2553,2146,1,1,2
2553,2146,1,2,6
2554,2146,1,1,3
2554,2146,1,2,4
2555,2146,1,1,6
2555,2146,1,2,7
2556,2146,1,1,4
2556,2146,1,2,7
2557,2146,1,1,2
2557,2146,1,2,5
2558,2146,1,1,3
2558,2146,1,2,4
2559,2146,1,1,0
2559,2146,1,2,6
2528,2146,2,1,1
2528,2146,2,2,5
2529,2146,2,1,0
2529,2146,2,2,4
2530,2146,2,1,4
2530,2146,2,2,5
2531,2146,2,1,0
2531,2146,2,2,5
2532,2146,2,1,0
2532,2146,2,2,5
2533,2146,2,1,4
2533,2146,2,2,6
2534,2146,2,1,5
2534,2146,2,2,6
2535,2146,2,1,0
2535,2146,2,2,4
2536,2146,2,1,5
2536,2146,2,2,7
2537,2146,2,1,1
2537,2146,2,2,2
2538,2146,2,1,1
2538,2146,2,2,4
2539,2146,2,1,4
2539,2146,2,2,6
2540,2146,2,1,2
2540,2146,2,2,5
2541,2146,2,1,5
2541,2146,2,2,6
2542,2146,2,1,3
2542,2146,2,2,7
2543,2146,2,1,1
2543,2146,2,2,3
2544,2146,2,1,1
2544,2146,2,2,3
2545,2146,2,1,4
2545,2146,2,2,7
2546,2146,2,1,2
2546,2146,2,2,6
2547,2146,2,1,1
2547,2146,2,2,3
2548,2146,2,1,1
2548,2146,2,2,3
2549,2146,2,1,2
2549,2146,2,2,3
2550,2146,2,1,4
2550,2146,2,2,6
2551,2146,2,1,2
2551,2146,2,2,5
2552,2146,2,1,5
2552,2146,2,2,6
2553,2146,2,1,1
2553,2146,2,2,6
2554,2146,2,1,2
2554,2146,2,2,5
2555,2146,2,1,5
2555,2146,2,2,7
2556,2146,2,1,2
2556,2146,2,2,5
2557,2146,2,1,0
2557,2146,2,2,5
2558,2146,2,1,2
2558,2146,2,2,5
2559,2146,2,1,1
2559,2146,2,2,7
2528,2146,3,1,6
2528,2146,3,2,7
2529,2146,3,1,3
2529,2146,3,2,4
2530,2146,3,1,3
2530,2146,3,2,7
2531,2146,3,1,3
2531,2146,3,2,6
2532,2146,3,1,2
2532,2146,3,2,5
2533,2146,3,1,1
2533,2146,3,2,2
2534,2146,3,1,2
2534,2146,3,2,3
2535,2146,3,1,5
2535,2146,3,2,6
2536,2146,3,1,5
2536,2146,3,2,6
2537,2146,3,1,2
2537,2146,3,2,6
2538,2146,3,1,3
2538,2146,3,2,7
2539,2146,3,1,0
2539,2146,3,2,3
2540,2146,3,1,2
2540,2146,3,2,5
2541,2146,3,1,2
2541,2146,3,2,3
2542,2146,3,1,1
2542,2146,3,2,2
2543,2146,3,1,3
2543,2146,3,2,7
2544,2146,3,1,3
2544,2146,3,2,7
2545,2146,3,1,0
2545,2146,3,2,6
2546,2146,3,1,0
2546,2146,3,2,2
2547,2146,3,1,2
2547,2146,3,2,5
2548,2146,3,1,5
2548,2146,3,2,6
2549,2146,3,1,0
2549,2146,3,2,7
2550,2146,3,1,1
2550,2146,3,2,2
2551,2146,3,1,0
2551,2146,3,2,6
2552,2146,3,1,3
2552,2146,3,2,7
2553,2146,3,1,1
2553,2146,3,2,3
2554,2146,3,1,0
2554,2146,3,2,3
2555,2146,3,1,0
2555,2146,3,2,5
2556,2146,3,1,2
2556,2146,3,2,7
2557,2146,3,1,2
2557,2146,3,2,7
2558,2146,3,1,0
2558,2146,3,2,4
2559,2146,3,1,0
2559,2146,3,2,6
2528,2146,4,1,1
2528,2146,4,2,6
2529,2146,4,1,2
2529,2146,4,2,6
2530,2146,4,1,0
2530,2146,4,2,1
2531,2146,4,1,0
2531,2146,4,2,5
2532,2146,4,1,1
2532,2146,4,2,7
2533,2146,4,1,4
2533,2146,4,2,7
2534,2146,4,1,0
2534,2146,4,2,5
2535,2146,4,1,1
2535,2146,4,2,7
2536,2146,4,1,1
2536,2146,4,2,2
2537,2146,4,1,1
2537,2146,4,2,2
2538,2146,4,1,2
2538,2146,4,2,6
2539,2146,4,1,3
2539,2146,4,2,4
2540,2146,4,1,4
2540,2146,4,2,7
2541,2146,4,1,4
2541,2146,4,2,6
2542,2146,4,1,4
2542,2146,4,2,7
2543,2146,4,1,3
2543,2146,4,2,7
2544,2146,4,1,3
2544,2146,4,2,4
2545,2146,4,1,3
2545,2146,4,2,4
2546,2146,4,1,4
2546,2146,4,2,6
2547,2146,4,1,1
2547,2146,4,2,6
2548,2146,4,1,1
2548,2146,4,2,7
2549,2146,4,1,0
2549,2146,4,2,5
2550,2146,4,1,3
2550,2146,4,2,7
2551,2146,4,1,6
2551,2146,4,2,7
2552,2146,4,1,4
2552,2146,4,2,6
2553,2146,4,1,1
2553,2146,4,2,4
2554,2146,4,1,2
2554,2146,4,2,7
2555,2146,4,1,5
2555,2146,4,2,6
2556,2146,4,1,1
2556,2146,4,2,3
2557,2146,4,1,4
2557,2146,4,2,5
2558,2146,4,1,0
2558,2146,4,2,6
2559,2146,4,1,1
2559,2146,4,2,3
2528,2146,5,1,3
2528,2146,5,2,4
2529,2146,5,1,1
2529,2146,5,2,2
2530,2146,5,1,2
2530,2146,5,2,4
2531,2146,5,1,2
2531,2146,5,2,5
2532,2146,5,1,4
2532,2146,5,2,7
2533,2146,5,1,0
2533,2146,5,2,5
2534,2146,5,1,3
2534,2146,5,2,5
2535,2146,5,1,0
2535,2146,5,2,6
2536,2146,5,1,4
2536,2146,5,2,5
2537,2146,5,1,1
2537,2146,5,2,4
2538,2146,5,1,0
2538,2146,5,2,4
2539,2146,5,1,0
2539,2146,5,2,7
2540,2146,5,1,2
2540,2146,5,2,7
2541,2146,5,1,3
2541,2146,5,2,6
2542,2146,5,1,2
2542,2146,5,2,5
2543,2146,5,1,6
2543,2146,5,2,7
2544,2146,5,1,1
2544,2146,5,2,4
2545,2146,5,1,3
2545,2146,5,2,7
2546,2146,5,1,5
2546,2146,5,2,6
2547,2146,5,1,2
2547,2146,5,2,5
2548,2146,5,1,3
2548,2146,5,2,4
2549,2146,5,1,0
2549,2146,5,2,7
2550,2146,5,1,0
2550,2146,5,2,4
2551,2146,5,1,0
2551,2146,5,2,1
2552,2146,5,1,1
2552,2146,5,2,4
2553,2146,5,1,2
2553,2146,5,2,5
2554,2146,5,1,2
2554,2146,5,2,5
2555,2146,5,1,0
2555,2146,5,2,3
2556,2146,5,1,5
2556,2146,5,2,6
2557,2146,5,1,0
2557,2146,5,2,2
2558,2146,5,1,4
2558,2146,5,2,6
2559,2146,5,1,0
2559,2146,5,2,7
2528,2146,6,1,3
2528,2146,6,2,6
2529,2146,6,1,3
2529,2146,6,2,5
2530,2146,6,1,2
2530,2146,6,2,3
2531,2146,6,1,4
2531,2146,6,2,5
2532,2146,6,1,2
2532,2146,6,2,5
2533,2146,6,1,2
2533,2146,6,2,3
2534,2146,6,1,1
2534,2146,6,2,2
2535,2146,6,1,1
2535,2146,6,2,7
2536,2146,6,1,0
2536,2146,6,2,7
2537,2146,6,1,1
2537,2146,6,2,7
2538,2146,6,1,0
2538,2146,6,2,7
2539,2146,6,1,0
2539,2146,6,2,2
2540,2146,6,1,0
2540,2146,6,2,2
2541,2146,6,1,0
2541,2146,6,2,5
2542,2146,6,1,1
2542,2146,6,2,2
2543,2146,6,1,2
2543,2146,6,2,6
2544,2146,6,1,0
2544,2146,6,2,2
2545,2146,6,1,3
2545,2146,6,2,5
2546,2146,6,1,4
2546,2146,6,2,6
2547,2146,6,1,3
2547,2146,6,2,4
2548,2146,6,1,0
2548,2146,6,2,1
2549,2146,6,1,3
2549,2146,6,2,5
2550,2146,6,1,0
2550,2146,6,2,5
2551,2146,6,1,1
2551,2146,6,2,3
2552,2146,6,1,2
2552,2146,6,2,7
2553,2146,6,1,1
2553,2146,6,2,2
2554,2146,6,1,3
2554,2146,6,2,5
2555,2146,6,1,3
2555,2146,6,2,5
2556,2146,6,1,4
2556,2146,6,2,6
2557,2146,6,1,4
2557,2146,6,2,5
2558,2146,6,1,2
2558,2146,6,2,7
2559,2146,6,1,0
2559,2146,6,2,2
2528,2146,7,1,0
2528,2146,7,2,1
2529,2146,7,1,0
2529,2146,7,2,6
2530,2146,7,1,0
2530,2146,7,2,7
2531,2146,7,1,5
2531,2146,7,2,7
2532,2146,7,1,1
2532,2146,7,2,2
2533,2146,7,1,0
2533,2146,7,2,3
2534,2146,7,1,1
2534,2146,7,2,2
2535,2146,7,1,1
2535,2146,7,2,3
2536,2146,7,1,4
2536,2146,7,2,5
2537,2146,7,1,4
2537,2146,7,2,6
2538,2146,7,1,1
2538,2146,7,2,6
2539,2146,7,1,4
2539,2146,7,2,6
2540,2146,7,1,4
2540,2146,7,2,6
2541,2146,7,1,1
2541,2146,7,2,4
2542,2146,7,1,3
2542,2146,7,2,7
2543,2146,7,1,0
2543,2146,7,2,1
2544,2146,7,1,1
2544,2146,7,2,3
2545,2146,7,1,0
2545,2146,7,2,5
2546,2146,7,1,6
2546,2146,7,2,7
2547,2146,7,1,0
2547,2146,7,2,4
2548,2146,7,1,3
2548,2146,7,2,7
2549,2146,7,1,2
2549,2146,7,2,5
2550,2146,7,1,0
2550,2146,7,2,3
2551,2146,7,1,2
2551,2146,7,2,4
2552,2146,7,1,0
2552,2146,7,2,4
2553,2146,7,1,2
2553,2146,7,2,5
2554,2146,7,1,5
2554,2146,7,2,6
2555,2146,7,1,0
2555,2146,7,2,7
2556,2146,7,1,2
2556,2146,7,2,4
2557,2146,7,1,0
2557,2146,7,2,3
2558,2146,7,1,2
2558,2146,7,2,7
2559,2146,7,1,1
2559,2146,7,2,7
2528,2146,8,1,4
2528,2146,8,2,5
2529,2146,8,1,2
2529,2146,8,2,7
2530,2146,8,1,3
2530,2146,8,2,4
2531,2146,8,1,0
2531,2146,8,2,4
2532,2146,8,1,1
2532,2146,8,2,6
2533,2146,8,1,3
2533,2146,8,2,6
2534,2146,8,1,2
2534,2146,8,2,4
2535,2146,8,1,3
2535,2146,8,2,6
2536,2146,8,1,2
2536,2146,8,2,4
2537,2146,8,1,1
2537,2146,8,2,3
2538,2146,8,1,1
2538,2146,8,2,7
2539,2146,8,1,0
2539,2146,8,2,1
2540,2146,8,1,3
2540,2146,8,2,6
2541,2146,8,1,0
2541,2146,8,2,1
2542,2146,8,1,0
2542,2146,8,2,1
2543,2146,8,1,0
2543,2146,8,2,7
2544,2146,8,1,0
2544,2146,8,2,5
2545,2146,8,1,0
2545,2146,8,2,2
2546,2146,8,1,1
2546,2146,8,2,4
2547,2146,8,1,0
2547,2146,8,2,4
2548,2146,8,1,3
2548,2146,8,2,4
2549,2146,8,1,0
2549,2146,8,2,6
2550,2146,8,1,4
2550,2146,8,2,5
2551,2146,8,1,1
2551,2146,8,2,2
2552,2146,8,1,0
2552,2146,8,2,2
2553,2146,8,1,2
2553,2146,8,2,5
2554,2146,8,1,0
2554,2146,8,2,2
2555,2146,8,1,3
2555,2146,8,2,6
2556,2146,8,1,0
2556,2146,8,2,3
2557,2146,8,1,0
2557,2146,8,2,1
2558,2146,8,1,1
2558,2146,8,2,2
2559,2146,8,1,4
2559,2146,8,2,5
2528,2146,9,1,0
2528,2146,9,2,3
2529,2146,9,1,4
2529,2146,9,2,5
2530,2146,9,1,4
2530,2146,9,2,7
2531,2146,9,1,3
2531,2146,9,2,4
2532,2146,9,1,1
2532,2146,9,2,3
2533,2146,9,1,5
2533,2146,9,2,6
2534,2146,9,1,1
2534,2146,9,2,2
2535,2146,9,1,0
2535,2146,9,2,7
2536,2146,9,1,0
2536,2146,9,2,4
2537,2146,9,1,1
2537,2146,9,2,3
2538,2146,9,1,2
2538,2146,9,2,5
2539,2146,9,1,3
2539,2146,9,2,5
2540,2146,9,1,4
2540,2146,9,2,6
2541,2146,9,1,4
2541,2146,9,2,7
2542,2146,9,1,0
2542,2146,9,2,1
2543,2146,9,1,2
2543,2146,9,2,6
2544,2146,9,1,6
2544,2146,9,2,7
2545,2146,9,1,1
2545,2146,9,2,7
2546,2146,9,1,4
2546,2146,9,2,7
2547,2146,9,1,0
2547,2146,9,2,1
2548,2146,9,1,0
2548,2146,9,2,7
2549,2146,9,1,2
2549,2146,9,2,3
2550,2146,9,1,2
2550,2146,9,2,4
2551,2146,9,1,0
2551,2146,9,2,6
2552,2146,9,1,3
2552,2146,9,2,7
2553,2146,9,1,5
2553,2146,9,2,7
2554,2146,9,1,0
2554,2146,9,2,2
2555,2146,9,1,2
2555,2146,9,2,5
2556,2146,9,1,5
2556,2146,9,2,7
2557,2146,9,1,1
2557,2146,9,2,6
2558,2146,9,1,0
2558,2146,9,2,1
2559,2146,9,1,2
2559,2146,9,2,4
2528,2146,10,1,6
2528,2146,10,2,7
2529,2146,10,1,4
2529,2146,10,2,7
2530,2146,10,1,4
2530,2146,10,2,6
2531,2146,10,1,0
2531,2146,10,2,3
2532,2146,10,1,0
2532,2146,10,2,2
2533,2146,10,1,4
2533,2146,10,2,6
2534,2146,10,1,0
2534,2146,10,2,6
2535,2146,10,1,0
2535,2146,10,2,5
2536,2146,10,1,1
2536,2146,10,2,5
2537,2146,10,1,3
2537,2146,10,2,4
2538,2146,10,1,3
2538,2146,10,2,6
2539,2146,10,1,1
2539,2146,10,2,4
2540,2146,10,1,0
2540,2146,10,2,5
2541,2146,10,1,1
2541,2146,10,2,7
2542,2146,10,1,6
2542,2146,10,2,7
2543,2146,10,1,2
2543,2146,10,2,6
2544,2146,10,1,0
2544,2146,10,2,7
2545,2146,10,1,0
2545,2146,10,2,3
2546,2146,10,1,3
2546,2146,10,2,4
2547,2146,10,1,0
2547,2146,10,2,6
2548,2146,10,1,4
2548,2146,10,2,5
2549,2146,10,1,2
2549,2146,10,2,7
2550,2146,10,1,2
2550,2146,10,2,3
2551,2146,10,1,0
2551,2146,10,2,4
2552,2146,10,1,4
2552,2146,10,2,5
2553,2146,10,1,0
2553,2146,10,2,4
2554,2146,10,1,5
2554,2146,10,2,7
2555,2146,10,1,0
2555,2146,10,2,3
2556,2146,10,1,2
2556,2146,10,2,4
2557,2146,10,1,2
2557,2146,10,2,6
2558,2146,10,1,2
2558,2146,10,2,7
2559,2146,10,1,0
2559,2146,10,2,4
2528,2146,11,1,1
2528,2146,11,2,4
2529,2146,11,1,3
2529,2146,11,2,6
2530,2146,11,1,1
2530,2146,11,2,3
2531,2146,11,1,0
2531,2146,11,2,6
2532,2146,11,1,1
2532,2146,11,2,6
2533,2146,11,1,4
2533,2146,11,2,5
2534,2146,11,1,2
2534,2146,11,2,4
2535,2146,11,1,1
2535,2146,11,2,6
2536,2146,11,1,4
2536,2146,11,2,6
2537,2146,11,1,2
2537,2146,11,2,3
2538,2146,11,1,2
2538,2146,11,2,6
2539,2146,11,1,2
2539,2146,11,2,6
2540,2146,11,1,3
2540,2146,11,2,6
2541,2146,11,1,3
2541,2146,11,2,7
2542,2146,11,1,0
2542,2146,11,2,5
2543,2146,11,1,3
2543,2146,11,2,4
2544,2146,11,1,1
2544,2146,11,2,6
2545,2146,11,1,2
2545,2146,11,2,5
2546,2146,11,1,0
2546,2146,11,2,3
2547,2146,11,1,2
2547,2146,11,2,4
2548,2146,11,1,2
2548,2146,11,2,6
2549,2146,11,1,0
2549,2146,11,2,6
2550,2146,11,1,4
2550,2146,11,2,5
2551,2146,11,1,1
2551,2146,11,2,4
2552,2146,11,1,1
2552,2146,11,2,7
2553,2146,11,1,4
2553,2146,11,2,5
2554,2146,11,1,3
2554,2146,11,2,6
2555,2146,11,1,4
2555,2146,11,2,5
2556,2146,11,1,1
2556,2146,11,2,4
2557,2146,11,1,3
2557,2146,11,2,7
2558,2146,11,1,2
2558,2146,11,2,4
2559,2146,11,1,2
2559,2146,11,2,4
2528,2146,12,1,0
2528,2146,12,2,2
2529,2146,12,1,2
2529,2146,12,2,6
2530,2146,12,1,0
2530,2146,12,2,4
2531,2146,12,1,2
2531,2146,12,2,6
2532,2146,12,1,4
2532,2146,12,2,6
2533,2146,12,1,0
2533,2146,12,2,6
2534,2146,12,1,0
2534,2146,12,2,1
2535,2146,12,1,1
2535,2146,12,2,2
2536,2146,12,1,1
2536,2146,12,2,7
2537,2146,12,1,2
2537,2146,12,2,3
2538,2146,12,1,1
2538,2146,12,2,3
2539,2146,12,1,2
2539,2146,12,2,3
2540,2146,12,1,5
2540,2146,12,2,7
2541,2146,12,1,2
2541,2146,12,2,3
2542,2146,12,1,0
2542,2146,12,2,3
2543,2146,12,1,6
2543,2146,12,2,7
2544,2146,12,1,1
2544,2146,12,2,3
2545,2146,12,1,1
2545,2146,12,2,4
2546,2146,12,1,1
2546,2146,12,2,3
2547,2146,12,1,2
2547,2146,12,2,7
2548,2146,12,1,3
2548,2146,12,2,6
2549,2146,12,1,4
2549,2146,12,2,6
2550,2146,12,1,2
2550,2146,12,2,3
2551,2146,12,1,2
2551,2146,12,2,3
2552,2146,12,1,1
2552,2146,12,2,7
2553,2146,12,1,0
2553,2146,12,2,2
2554,2146,12,1,0
2554,2146,12,2,3
2555,2146,12,1,2
2555,2146,12,2,5
2556,2146,12,1,1
2556,2146,12,2,5
2557,2146,12,1,0
2557,2146,12,2,5
2558,2146,12,1,1
2558,2146,12,2,2
2559,2146,12,1,3
2559,2146,12,2,4
2528,2146,13,1,0
2528,2146,13,2,5
2529,2146,13,1,3
2529,2146,13,2,4
2530,2146,13,1,0
2530,2146,13,2,2
2531,2146,13,1,1
2531,2146,13,2,6
2532,2146,13,1,2
2532,2146,13,2,4
2533,2146,13,1,5
2533,2146,13,2,7
2534,2146,13,1,2
2534,2146,13,2,4
2535,2146,13,1,0
2535,2146,13,2,2
2536,2146,13,1,1
2536,2146,13,2,5
2537,2146,13,1,2
2537,2146,13,2,4
2538,2146,13,1,4
2538,2146,13,2,6
2539,2146,13,1,0
2539,2146,13,2,1
2540,2146,13,1,0
2540,2146,13,2,7
2541,2146,13,1,0
2541,2146,13,2,7
2542,2146,13,1,1
2542,2146,13,2,5
2543,2146,13,1,1
2543,2146,13,2,7
2544,2146,13,1,1
2544,2146,13,2,3
2545,2146,13,1,2
2545,2146,13,2,6
2546,2146,13,1,2
2546,2146,13,2,5
2547,2146,13,1,2
2547,2146,13,2,7
2548,2146,13,1,1
2548,2146,13,2,3
2549,2146,13,1,2
2549,2146,13,2,6
2550,2146,13,1,4
2550,2146,13,2,7
2551,2146,13,1,1
2551,2146,13,2,7
2552,2146,13,1,6
2552,2146,13,2,7
2553,2146,13,1,2
2553,2146,13,2,4
2554,2146,13,1,1
2554,2146,13,2,7
2555,2146,13,1,5
2555,2146,13,2,6
2556,2146,13,1,6
2556,2146,13,2,7
2557,2146,13,1,1
2557,2146,13,2,3
2558,2146,13,1,0
2558,2146,13,2,1
2559,2146,13,1,6
2559,2146,13,2,7
2528,2146,14,1,0
2528,2146,14,2,2
2529,2146,14,1,1
2529,2146,14,2,2
2530,2146,14,1,2
2530,2146,14,2,6
2531,2146,14,1,2
2531,2146,14,2,3
2532,2146,14,1,1
2532,2146,14,2,4
2533,2146,14,1,1
2533,2146,14,2,3
2534,2146,14,1,0
2534,2146,14,2,6
2535,2146,14,1,2
2535,2146,14,2,4
2536,2146,14,1,1
2536,2146,14,2,6
2537,2146,14,1,4
2537,2146,14,2,5
2538,2146,14,1,3
2538,2146,14,2,6
2539,2146,14,1,0
2539,2146,14,2,7
2540,2146,14,1,2
2540,2146,14,2,7
2541,2146,14,1,0
2541,2146,14,2,6
2542,2146,14,1,2
2542,2146,14,2,3
2543,2146,14,1,1
2543,2146,14,2,2
2544,2146,14,1,1
2544,2146,14,2,5
2545,2146,14,1,0
2545,2146,14,2,2
2546,2146,14,1,0
2546,2146,14,2,7
2547,2146,14,1,0
2547,2146,14,2,5
2548,2146,14,1,4
2548,2146,14,2,5
2549,2146,14,1,1
2549,2146,14,2,6
2550,2146,14,1,0
2550,2146,14,2,2
2551,2146,14,1,0
2551,2146,14,2,1
2552,2146,14,1,1
2552,2146,14,2,6
2553,2146,14,1,4
2553,2146,14,2,5
2554,2146,14,1,2
2554,2146,14,2,5
2555,2146,14,1,4
2555,2146,14,2,5
2556,2146,14,1,0
2556,2146,14,2,3
2557,2146,14,1,3
2557,2146,14,2,7
2558,2146,14,1,4
2558,2146,14,2,7
2559,2146,14,1,2
2559,2146,14,2,6
2528,2146,15,1,5
2528,2146,15,2,7
2529,2146,15,1,5
2529,2146,15,2,7
2530,2146,15,1,4
2530,2146,15,2,6
2531,2146,15,1,4
2531,2146,15,2,5
2532,2146,15,1,3
2532,2146,15,2,4
2533,2146,15,1,3
2533,2146,15,2,5
2534,2146,15,1,0
2534,2146,15,2,1
2535,2146,15,1,0
2535,2146,15,2,2
2536,2146,15,1,0
2536,2146,15,2,1
2537,2146,15,1,2
2537,2146,15,2,3
2538,2146,15,1,1
2538,2146,15,2,2
2539,2146,15,1,2
2539,2146,15,2,6
2540,2146,15,1,5
2540,2146,15,2,7
2541,2146,15,1,4
2541,2146,15,2,6
2542,2146,15,1,1
2542,2146,15,2,6
2543,2146,15,1,1
2543,2146,15,2,5
2544,2146,15,1,5
2544,2146,15,2,7
2545,2146,15,1,0
2545,2146,15,2,1
2546,2146,15,1,0
2546,2146,15,2,6
2547,2146,15,1,0
2547,2146,15,2,6
2548,2146,15,1,2
2548,2146,15,2,7
2549,2146,15,1,1
2549,2146,15,2,5
2550,2146,15,1,4
2550,2146,15,2,5
2551,2146,15,1,3
2551,2146,15,2,6
2552,2146,15,1,2
2552,2146,15,2,5
2553,2146,15,1,4
2553,2146,15,2,6
2554,2146,15,1,2
2554,2146,15,2,7
2555,2146,15,1,2
2555,2146,15,2,6
2556,2146,15,1,0
2556,2146,15,2,2
2557,2146,15,1,0
2557,2146,15,2,1
2558,2146,15,1,2
2558,2146,15,2,7
2559,2146,15,1,1
2559,2146,15,2,3
2528,2146,16,1,0
2528,2146,16,2,1
2529,2146,16,1,0
2529,2146,16,2,5
2530,2146,16,1,1
2530,2146,16,2,2
2531,2146,16,1,2
2531,2146,16,2,3
2532,2146,16,1,3
2532,2146,16,2,6
2533,2146,16,1,0
2533,2146,16,2,7
2534,2146,16,1,1
2534,2146,16,2,2
2535,2146,16,1,4
2535,2146,16,2,6
2536,2146,16,1,0
2536,2146,16,2,4
2537,2146,16,1,1
2537,2146,16,2,4
2538,2146,16,1,4
2538,2146,16,2,5
2539,2146,16,1,0
2539,2146,16,2,2
2540,2146,16,1,0
2540,2146,16,2,7
2541,2146,16,1,5
2541,2146,16,2,7
2542,2146,16,1,6
2542,2146,16,2,7
2543,2146,16,1,0
2543,2146,16,2,4
2544,2146,16,1,3
2544,2146,16,2,7
2545,2146,16,1,1
2545,2146,16,2,5
2546,2146,16,1,5
2546,2146,16,2,7
2547,2146,16,1,2
2547,2146,16,2,3
2548,2146,16,1,0
2548,2146,16,2,6
2549,2146,16,1,1
2549,2146,16,2,3
2550,2146,16,1,1
2550,2146,16,2,5
2551,2146,16,1,2
2551,2146,16,2,4
2552,2146,16,1,3
2552,2146,16,2,4
2553,2146,16,1,4
2553,2146,16,2,6
2554,2146,16,1,3
2554,2146,16,2,4
2555,2146,16,1,0
2555,2146,16,2,3
2556,2146,16,1,1
2556,2146,16,2,7
2557,2146,16,1,3
2557,2146,16,2,6
2558,2146,16,1,0
2558,2146,16,2,5
2559,2146,16,1,3
2559,2146,16,2,6
2528,2146,17,1,0
2528,2146,17,2,1
2529,2146,17,1,0
2529,2146,17,2,5
2530,2146,17,1,3
2530,2146,17,2,6
2531,2146,17,1,4
2531,2146,17,2,6
2532,2146,17,1,4
2532,2146,17,2,7
2533,2146,17,1,0
2533,2146,17,2,1
2534,2146,17,1,2
2534,2146,17,2,5
2535,2146,17,1,2
2535,2146,17,2,3
2536,2146,17,1,5
2536,2146,17,2,7
2537,2146,17,1,0
2537,2146,17,2,7
2538,2146,17,1,3
2538,2146,17,2,4
2539,2146,17,1,4
2539,2146,17,2,7
2540,2146,17,1,0
2540,2146,17,2,3
2541,2146,17,1,4
2541,2146,17,2,5
2542,2146,17,1,1
2542,2146,17,2,2
2543,2146,17,1,1
2543,2146,17,2,5
2544,2146,17,1,1
2544,2146,17,2,5
2545,2146,17,1,1
2545,2146,17,2,7
2546,2146,17,1,0
2546,2146,17,2,1
2547,2146,17,1,0
2547,2146,17,2,6
2548,2146,17,1,3
2548,2146,17,2,5
2549,2146,17,1,1
2549,2146,17,2,6
2550,2146,17,1,2
2550,2146,17,2,5
2551,2146,17,1,2
2551,2146,17,2,3
2552,2146,17,1,4
2552,2146,17,2,5
2553,2146,17,1,0
2553,2146,17,2,5
2554,2146,17,1,5
2554,2146,17,2,7
2555,2146,17,1,1
2555,2146,17,2,3
2556,2146,17,1,1
2556,2146,17,2,7
2557,2146,17,1,1
2557,2146,17,2,3
2558,2146,17,1,2
2558,2146,17,2,3
2559,2146,17,1,1
2559,2146,17,2,7
2528,2146,18,1,1
2528,2146,18,2,4
2529,2146,18,1,1
2529,2146,18,2,6
2530,2146,18,1,3
2530,2146,18,2,4
2531,2146,18,1,0
2531,2146,18,2,6
2532,2146,18,1,0
2532,2146,18,2,5
2533,2146,18,1,2
2533,2146,18,2,3
2534,2146,18,1,4
2534,2146,18,2,6
2535,2146,18,1,1
2535,2146,18,2,7
2536,2146,18,1,2
2536,2146,18,2,3
2537,2146,18,1,1
2537,2146,18,2,6
2538,2146,18,1,0
2538,2146,18,2,4
2539,2146,18,1,4
2539,2146,18,2,5
2540,2146,18,1,5
2540,2146,18,2,6
2541,2146,18,1,1
2541,2146,18,2,5
2542,2146,18,1,6
2542,2146,18,2,7
2543,2146,18,1,4
2543,2146,18,2,7
2544,2146,18,1,5
2544,2146,18,2,6
2545,2146,18,1,4
2545,2146,18,2,5
2546,2146,18,1,0
2546,2146,18,2,1
2547,2146,18,1,3
2547,2146,18,2,5
2548,2146,18,1,0
2548,2146,18,2,7
2549,2146,18,1,3
2549,2146,18,2,4
2550,2146,18,1,1
2550,2146,18,2,6
2551,2146,18,1,3
2551,2146,18,2,7
2552,2146,18,1,6
2552,2146,18,2,7
2553,2146,18,1,3
2553,2146,18,2,7
2554,2146,18,1,0
2554,2146,18,2,4
2555,2146,18,1,0
2555,2146,18,2,5
2556,2146,18,1,1
2556,2146,18,2,3
2557,2146,18,1,0
2557,2146,18,2,7
2558,2146,18,1,1
2558,2146,18,2,4
2559,2146,18,1,4
2559,2146,18,2,5
2528,2146,19,1,4
2528,2146,19,2,7
2529,2146,19,1,0
2529,2146,19,2,2
2530,2146,19,1,1
2530,2146,19,2,3
2531,2146,19,1,4
2531,2146,19,2,5
2532,2146,19,1,1
2532,2146,19,2,3
2533,2146,19,1,2
2533,2146,19,2,6
2534,2146,19,1,6
2534,2146,19,2,7
2535,2146,19,1,5
2535,2146,19,2,6
2536,2146,19,1,4
2536,2146,19,2,7
2537,2146,19,1,3
2537,2146,19,2,6
2538,2146,19,1,2
2538,2146,19,2,5
2539,2146,19,1,1
2539,2146,19,2,4
2540,2146,19,1,5
2540,2146,19,2,7
2541,2146,19,1,2
2541,2146,19,2,6
2542,2146,19,1,0
2542,2146,19,2,4
2543,2146,19,1,5
2543,2146,19,2,7
2544,2146,19,1,0
2544,2146,19,2,7
2545,2146,19,1,5
2545,2146,19,2,7
2546,2146,19,1,1
2546,2146,19,2,5
2547,2146,19,1,2
2547,2146,19,2,3
2548,2146,19,1,3
2548,2146,19,2,6
2549,2146,19,1,3
2549,2146,19,2,4
2550,2146,19,1,1
2550,2146,19,2,6
2551,2146,19,1,0
2551,2146,19,2,2
2552,2146,19,1,0
2552,2146,19,2,5
2553,2146,19,1,2
2553,2146,19,2,7
2554,2146,19,1,1
2554,2146,19,2,3
2555,2146,19,1,6
2555,2146,19,2,7
2556,2146,19,1,3
2556,2146,19,2,5
2557,2146,19,1,3
2557,2146,19,2,4
2558,2146,19,1,0
2558,2146,19,2,5
2559,2146,19,1,4
2559,2146,19,2,5
2528,2146,20,1,5
2528,2146,20,2,6
2529,2146,20,1,3
2529,2146,20,2,7
2530,2146,20,1,0
2530,2146,20,2,1
2531,2146,20,1,0
2531,2146,20,2,3
2532,2146,20,1,2
2532,2146,20,2,5
2533,2146,20,1,2
2533,2146,20,2,3
2534,2146,20,1,4
2534,2146,20,2,7
2535,2146,20,1,0
2535,2146,20,2,7
2536,2146,20,1,4
2536,2146,20,2,6
2537,2146,20,1,3
2537,2146,20,2,4
2538,2146,20,1,3
2538,2146,20,2,6
2539,2146,20,1,0
2539,2146,20,2,2
2540,2146,20,1,3
2540,2146,20,2,6
2541,2146,20,1,0
2541,2146,20,2,6
2542,2146,20,1,1
2542,2146,20,2,6
2543,2146,20,1,2
2543,2146,20,2,6
2544,2146,20,1,3
2544,2146,20,2,4
2545,2146,20,1,2
2545,2146,20,2,3
2546,2146,20,1,1
2546,2146,20,2,6
2547,2146,20,1,0
2547,2146,20,2,4
2548,2146,20,1,0
2548,2146,20,2,3
2549,2146,20,1,1
2549,2146,20,2,7
2550,2146,20,1,0
2550,2146,20,2,4
2551,2146,20,1,1
2551,2146,20,2,3
2552,2146,20,1,2
2552,2146,20,2,3
2553,2146,20,1,1
2553,2146,20,2,4
2554,2146,20,1,3
2554,2146,20,2,4
2555,2146,20,1,3
2555,2146,20,2,7
2556,2146,20,1,5
2556,2146,20,2,6
2557,2146,20,1,2
2557,2146,20,2,6
2558,2146,20,1,4
2558,2146,20,2,5
2559,2146,20,1,0
2559,2146,20,2,6
2528,2146,21,1,0
2528,2146,21,2,5
2529,2146,21,1,1
2529,2146,21,2,3
2530,2146,21,1,3
2530,2146,21,2,6
2531,2146,21,1,1
2531,2146,21,2,3
2532,2146,21,1,1
2532,2146,21,2,2
2533,2146,21,1,3
2533,2146,21,2,7
2534,2146,21,1,3
2534,2146,21,2,7
2535,2146,21,1,4
2535,2146,21,2,6
2536,2146,21,1,3
2536,2146,21,2,6
2537,2146,21,1,5
2537,2146,21,2,6
2538,2146,21,1,1
2538,2146,21,2,4
2539,2146,21,1,2
2539,2146,21,2,7
2540,2146,21,1,1
2540,2146,21,2,2
2541,2146,21,1,6
2541,2146,21,2,7
2542,2146,21,1,2
2542,2146,21,2,3
2543,2146,21,1,2
2543,2146,21,2,6
2544,2146,21,1,0
2544,2146,21,2,5
2545,2146,21,1,4
2545,2146,21,2,5
2546,2146,21,1,5
2546,2146,21,2,6
2547,2146,21,1,3
2547,2146,21,2,7
2548,2146,21,1,1
2548,2146,21,2,4
2549,2146,21,1,1
2549,2146,21,2,6
2550,2146,21,1,3
2550,2146,21,2,6
2551,2146,21,1,3
2551,2146,21,2,4
2552,2146,21,1,1
2552,2146,21,2,4
2553,2146,21,1,4
2553,2146,21,2,6
2554,2146,21,1,1
2554,2146,21,2,5
2555,2146,21,1,1
2555,2146,21,2,6
2556,2146,21,1,2
2556,2146,21,2,6
2557,2146,21,1,1
2557,2146,21,2,2
2558,2146,21,1,6
2558,2146,21,2,7
2559,2146,21,1,0
2559,2146,21,2,7
2528,2146,22,1,1
2528,2146,22,2,6
2529,2146,22,1,0
2529,2146,22,2,3
2530,2146,22,1,1
2530,2146,22,2,4
2531,2146,22,1,3
2531,2146,22,2,5
2532,2146,22,1,2
2532,2146,22,2,5
2533,2146,22,1,5
2533,2146,22,2,7
2534,2146,22,1,0
2534,2146,22,2,4
2535,2146,22,1,2
2535,2146,22,2,4
2536,2146,22,1,1
2536,2146,22,2,5
2537,2146,22,1,1
2537,2146,22,2,5
2538,2146,22,1,1
2538,2146,22,2,6
2539,2146,22,1,0
2539,2146,22,2,1
2540,2146,22,1,2
2540,2146,22,2,6
2541,2146,22,1,4
2541,2146,22,2,7
2542,2146,22,1,2
2542,2146,22,2,6
2543,2146,22,1,4
2543,2146,22,2,6
2544,2146,22,1,1
2544,2146,22,2,4
2545,2146,22,1,4
2545,2146,22,2,5
2546,2146,22,1,2
2546,2146,22,2,5
2547,2146,22,1,0
2547,2146,22,2,7
2548,2146,22,1,0
2548,2146,22,2,5
2549,2146,22,1,0
2549,2146,22,2,5
2550,2146,22,1,0
2550,2146,22,2,3
2551,2146,22,1,1
2551,2146,22,2,3
2552,2146,22,1,3
2552,2146,22,2,4
2553,2146,22,1,0
2553,2146,22,2,4
2554,2146,22,1,3
2554,2146,22,2,7
2555,2146,22,1,2
2555,2146,22,2,7
2556,2146,22,1,2
2556,2146,22,2,6
2557,2146,22,1,5
2557,2146,22,2,6
2558,2146,22,1,2
2558,2146,22,2,3
2559,2146,22,1,3
2559,2146,22,2,6
2528,2146,23,1,2
2528,2146,23,2,3
2529,2146,23,1,3
2529,2146,23,2,5
2530,2146,23,1,0
2530,2146,23,2,6
2531,2146,23,1,3
2531,2146,23,2,7
2532,2146,23,1,5
2532,2146,23,2,6
2533,2146,23,1,3
2533,2146,23,2,6
2534,2146,23,1,2
2534,2146,23,2,7
2535,2146,23,1,1
2535,2146,23,2,4
2536,2146,23,1,0
2536,2146,23,2,1
2537,2146,23,1,5
2537,2146,23,2,7
2538,2146,23,1,1
2538,2146,23,2,7
2539,2146,23,1,0
2539,2146,23,2,5
2540,2146,23,1,2
2540,2146,23,2,4
2541,2146,23,1,4
2541,2146,23,2,6
2542,2146,23,1,5
2542,2146,23,2,6
2543,2146,23,1,6
2543,2146,23,2,7
2544,2146,23,1,2
2544,2146,23,2,3
2545,2146,23,1,2
2545,2146,23,2,6
2546,2146,23,1,3
2546,2146,23,2,5
2547,2146,23,1,0
2547,2146,23,2,5
2548,2146,23,1,0
2548,2146,23,2,2
2549,2146,23,1,2
2549,2146,23,2,4
2550,2146,23,1,0
2550,2146,23,2,4
2551,2146,23,1,1
2551,2146,23,2,5
2552,2146,23,1,5
2552,2146,23,2,6
2553,2146,23,1,5
2553,2146,23,2,6
2554,2146,23,1,2
2554,2146,23,2,5
2555,2146,23,1,0
2555,2146,23,2,4
2556,2146,23,1,3
2556,2146,23,2,7
2557,2146,23,1,2
2557,2146,23,2,7
2558,2146,23,1,5
2558,2146,23,2,7
2559,2146,23,1,2
2559,2146,23,2,4
2528,2146,24,1,1
2528,2146,24,2,6
2529,2146,24,1,0
2529,2146,24,2,3
2530,2146,24,1,1
2530,2146,24,2,7
2531,2146,24,1,0
2531,2146,24,2,2
2532,2146,24,1,6
2532,2146,24,2,7
2533,2146,24,1,0
2533,2146,24,2,1
2534,2146,24,1,2
2534,2146,24,2,5
2535,2146,24,1,3
2535,2146,24,2,5
2536,2146,24,1,0
2536,2146,24,2,5
2537,2146,24,1,4
2537,2146,24,2,6
2538,2146,24,1,2
2538,2146,24,2,3
2539,2146,24,1,2
2539,2146,24,2,7
2540,2146,24,1,4
2540,2146,24,2,5
2541,2146,24,1,0
2541,2146,24,2,3
2542,2146,24,1,2
2542,2146,24,2,6
2543,2146,24,1,4
2543,2146,24,2,7
2544,2146,24,1,1
2544,2146,24,2,3
2545,2146,24,1,0
2545,2146,24,2,4
2546,2146,24,1,6
2546,2146,24,2,7
2547,2146,24,1,1
2547,2146,24,2,2
2548,2146,24,1,0
2548,2146,24,2,1
2549,2146,24,1,1
2549,2146,24,2,2
2550,2146,24,1,0
2550,2146,24,2,4
2551,2146,24,1,0
2551,2146,24,2,1
2552,2146,24,1,3
2552,2146,24,2,5
2553,2146,24,1,2
2553,2146,24,2,7
2554,2146,24,1,0
2554,2146,24,2,1
2555,2146,24,1,1
2555,2146,24,2,6
2556,2146,24,1,4
2556,2146,24,2,5
2557,2146,24,1,5
2557,2146,24,2,6
2558,2146,24,1,2
2558,2146,24,2,6
2559,2146,24,1,5
2559,2146,24,2,6
2528,2146,25,1,1
2528,2146,25,2,4
2529,2146,25,1,1
2529,2146,25,2,6
2530,2146,25,1,1
2530,2146,25,2,2
2531,2146,25,1,1
2531,2146,25,2,7
2532,2146,25,1,1
2532,2146,25,2,2
2533,2146,25,1,1
2533,2146,25,2,4
2534,2146,25,1,1
2534,2146,25,2,7
2535,2146,25,1,3
2535,2146,25,2,6
2536,2146,25,1,2
2536,2146,25,2,4
2537,2146,25,1,4
2537,2146,25,2,7
2538,2146,25,1,5
2538,2146,25,2,6
2539,2146,25,1,1
2539,2146,25,2,2
2540,2146,25,1,5
2540,2146,25,2,6
2541,2146,25,1,1
2541,2146,25,2,5
2542,2146,25,1,1
2542,2146,25,2,2
2543,2146,25,1,0
2543,2146,25,2,1
2544,2146,25,1,5
2544,2146,25,2,6
2545,2146,25,1,0
2545,2146,25,2,5
2546,2146,25,1,1
2546,2146,25,2,6
2547,2146,25,1,1
2547,2146,25,2,7
2548,2146,25,1,0
2548,2146,25,2,5
2549,2146,25,1,1
2549,2146,25,2,3
2550,2146,25,1,0
2550,2146,25,2,7
2551,2146,25,1,1
2551,2146,25,2,3
2552,2146,25,1,4
2552,2146,25,2,6
2553,2146,25,1,0
2553,2146,25,2,3
2554,2146,25,1,0
2554,2146,25,2,3
2555,2146,25,1,5
2555,2146,25,2,6
2556,2146,25,1,4
2556,2146,25,2,6
2557,2146,25,1,4
2557,2146,25,2,6
2558,2146,25,1,0
2558,2146,25,2,7
2559,2146,25,1,1
2559,2146,25,2,4
2528,2146,26,1,1
2528,2146,26,2,4
2529,2146,26,1,3
2529,2146,26,2,6
2530,2146,26,1,1
2530,2146,26,2,5
2531,2146,26,1,2
2531,2146,26,2,3
2532,2146,26,1,0
2532,2146,26,2,1
2533,2146,26,1,5
2533,2146,26,2,7
2534,2146,26,1,1
2534,2146,26,2,7
2535,2146,26,1,0
2535,2146,26,2,7
2536,2146,26,1,1
2536,2146,26,2,2
2537,2146,26,1,2
2537,2146,26,2,7
2538,2146,26,1,0
2538,2146,26,2,1
2539,2146,26,1,1
2539,2146,26,2,4
2540,2146,26,1,0
2540,2146,26,2,1
2541,2146,26,1,0
2541,2146,26,2,6
2542,2146,26,1,2
2542,2146,26,2,6
2543,2146,26,1,2
2543,2146,26,2,4
2544,2146,26,1,0
2544,2146,26,2,1
2545,2146,26,1,3
2545,2146,26,2,7
2546,2146,26,1,5
2546,2146,26,2,6
2547,2146,26,1,4
2547,2146,26,2,6
2548,2146,26,1,0
2548,2146,26,2,1
2549,2146,26,1,2
2549,2146,26,2,6
2550,2146,26,1,0
2550,2146,26,2,4
2551,2146,26,1,0
2551,2146,26,2,7
2552,2146,26,1,1
2552,2146,26,2,3
2553,2146,26,1,5
2553,2146,26,2,7
2554,2146,26,1,1
2554,2146,26,2,2
2555,2146,26,1,0
2555,2146,26,2,5
2556,2146,26,1,0
2556,2146,26,2,4
2557,2146,26,1,0
2557,2146,26,2,6
2558,2146,26,1,2
2558,2146,26,2,7
2559,2146,26,1,1
2559,2146,26,2,2
2528,2146,27,1,1
2528,2146,27,2,3
2529,2146,27,1,4
2529,2146,27,2,5
2530,2146,27,1,2
2530,2146,27,2,5
2531,2146,27,1,6
2531,2146,27,2,7
2532,2146,27,1,3
2532,2146,27,2,6
2533,2146,27,1,0
2533,2146,27,2,2
2534,2146,27,1,1
2534,2146,27,2,5
2535,2146,27,1,0
2535,2146,27,2,5
2536,2146,27,1,3
2536,2146,27,2,4
2537,2146,27,1,3
2537,2146,27,2,5
2538,2146,27,1,2
2538,2146,27,2,4
2539,2146,27,1,4
2539,2146,27,2,7
2540,2146,27,1,4
2540,2146,27,2,7
2541,2146,27,1,1
2541,2146,27,2,6
2542,2146,27,1,4
2542,2146,27,2,5
2543,2146,27,1,1
2543,2146,27,2,4
2544,2146,27,1,1
2544,2146,27,2,3
2545,2146,27,1,1
2545,2146,27,2,5
2546,2146,27,1,1
2546,2146,27,2,3
2547,2146,27,1,6
2547,2146,27,2,7
2548,2146,27,1,1
2548,2146,27,2,6
2549,2146,27,1,0
2549,2146,27,2,2
2550,2146,27,1,6
2550,2146,27,2,7
2551,2146,27,1,2
2551,2146,27,2,7
2552,2146,27,1,5
2552,2146,27,2,6
2553,2146,27,1,0
2553,2146,27,2,2
2554,2146,27,1,2
2554,2146,27,2,7
2555,2146,27,1,2
2555,2146,27,2,6
2556,2146,27,1,0
2556,2146,27,2,4
2557,2146,27,1,1
2557,2146,27,2,2
2558,2146,27,1,1
2558,2146,27,2,2
2559,2146,27,1,5
2559,2146,27,2,7
2528,2146,28,1,0
2528,2146,28,2,7
2529,2146,28,1,2
2529,2146,28,2,3
2530,2146,28,1,1
2530,2146,28,2,7
2531,2146,28,1,1
2531,2146,28,2,2
2532,2146,28,1,3
2532,2146,28,2,5
2533,2146,28,1,2
2533,2146,28,2,7
2534,2146,28,1,1
2534,2146,28,2,6
2535,2146,28,1,2
2535,2146,28,2,4
2536,2146,28,1,2
2536,2146,28,2,4
2537,2146,28,1,0
2537,2146,28,2,1
2538,2146,28,1,1
2538,2146,28,2,4
2539,2146,28,1,5
2539,2146,28,2,6
2540,2146,28,1,3
2540,2146,28,2,6
2541,2146,28,1,1
2541,2146,28,2,3
2542,2146,28,1,1
2542,2146,28,2,4
2543,2146,28,1,6
2543,2146,28,2,7
2544,2146,28,1,0
2544,2146,28,2,5
2545,2146,28,1,4
2545,2146,28,2,7
2546,2146,28,1,1
2546,2146,28,2,5
2547,2146,28,1,1
2547,2146,28,2,4
2548,2146,28,1,2
2548,2146,28,2,7
2549,2146,28,1,4
2549,2146,28,2,7
2550,2146,28,1,5
2550,2146,28,2,7
2551,2146,28,1,0
2551,2146,28,2,5
2552,2146,28,1,3
2552,2146,28,2,6
2553,2146,28,1,2
2553,2146,28,2,3
2554,2146,28,1,0
2554,2146,28,2,3
2555,2146,28,1,0
2555,2146,28,2,4
2556,2146,28,1,0
2556,2146,28,2,7
2557,2146,28,1,0
2557,2146,28,2,5
2558,2146,28,1,0
2558,2146,28,2,6
2559,2146,28,1,1
2559,2146,28,2,3
2528,2146,29,1,0
2528,2146,29,2,3
2529,2146,29,1,2
2529,2146,29,2,5
2530,2146,29,1,2
2530,2146,29,2,4
2531,2146,29,1,3
2531,2146,29,2,6
2532,2146,29,1,1
2532,2146,29,2,7
2533,2146,29,1,2
2533,2146,29,2,6
2534,2146,29,1,3
2534,2146,29,2,7
2535,2146,29,1,2
2535,2146,29,2,6
2536,2146,29,1,2
2536,2146,29,2,6
2537,2146,29,1,1
2537,2146,29,2,2
2538,2146,29,1,4
2538,2146,29,2,5
2539,2146,29,1,2
2539,2146,29,2,4
2540,2146,29,1,3
2540,2146,29,2,5
2541,2146,29,1,4
2541,2146,29,2,5
2542,2146,29,1,0
2542,2146,29,2,3
2543,2146,29,1,1
2543,2146,29,2,6
2544,2146,29,1,3
2544,2146,29,2,5
2545,2146,29,1,0
2545,2146,29,2,7
2546,2146,29,1,1
2546,2146,29,2,6
2547,2146,29,1,3
2547,2146,29,2,6
2548,2146,29,1,2
2548,2146,29,2,7
2549,2146,29,1,2
2549,2146,29,2,3
2550,2146,29,1,3
2550,2146,29,2,4
2551,2146,29,1,4
2551,2146,29,2,7
2552,2146,29,1,2
2552,2146,29,2,5
2553,2146,29,1,1
2553,2146,29,2,3
2554,2146,29,1,0
2554,2146,29,2,7
2555,2146,29,1,0
2555,2146,29,2,5
2556,2146,29,1,0
2556,2146,29,2,5
2557,2146,29,1,0
2557,2146,29,2,2
2558,2146,29,1,1
2558,2146,29,2,7
2559,2146,29,1,0
2559,2146,29,2,2
2528,2146,30,1,0
2528,2146,30,2,2
2529,2146,30,1,1
2529,2146,30,2,7
2530,2146,30,1,4
2530,2146,30,2,5
2531,2146,30,1,0
2531,2146,30,2,3
2532,2146,30,1,4
2532,2146,30,2,6
2533,2146,30,1,4
2533,2146,30,2,5
2534,2146,30,1,1
2534,2146,30,2,4
2535,2146,30,1,1
2535,2146,30,2,3
2536,2146,30,1,0
2536,2146,30,2,6
2537,2146,30,1,3
2537,2146,30,2,4
2538,2146,30,1,1
2538,2146,30,2,2
2539,2146,30,1,5
2539,2146,30,2,7
2540,2146,30,1,3
2540,2146,30,2,5
2541,2146,30,1,0
2541,2146,30,2,7
2542,2146,30,1,3
2542,2146,30,2,7
2543,2146,30,1,2
2543,2146,30,2,5
2544,2146,30,1,0
2544,2146,30,2,7
2545,2146,30,1,0
2545,2146,30,2,5
2546,2146,30,1,0
2546,2146,30,2,6
2547,2146,30,1,0
2547,2146,30,2,5
2548,2146,30,1,4
2548,2146,30,2,5
2549,2146,30,1,5
2549,2146,30,2,6
2550,2146,30,1,0
2550,2146,30,2,7
2551,2146,30,1,0
2551,2146,30,2,2
2552,2146,30,1,6
2552,2146,30,2,7
2553,2146,30,1,3
2553,2146,30,2,7
2554,2146,30,1,2
2554,2146,30,2,7
2555,2146,30,1,0
2555,2146,30,2,6
2556,2146,30,1,1
2556,2146,30,2,7
2557,2146,30,1,1
2557,2146,30,2,4
2558,2146,30,1,0
2558,2146,30,2,6
2559,2146,30,1,3
2559,2146,30,2,7
2528,2146,31,1,3
2528,2146,31,2,6
2529,2146,31,1,1
2529,2146,31,2,6
2530,2146,31,1,0
2530,2146,31,2,4
2531,2146,31,1,6
2531,2146,31,2,7
2532,2146,31,1,2
2532,2146,31,2,7
2533,2146,31,1,1
2533,2146,31,2,6
2534,2146,31,1,3
2534,2146,31,2,4
2535,2146,31,1,0
2535,2146,31,2,5
2536,2146,31,1,2
2536,2146,31,2,7
2537,2146,31,1,0
2537,2146,31,2,4
2538,2146,31,1,0
2538,2146,31,2,1
2539,2146,31,1,4
2539,2146,31,2,7
2540,2146,31,1,4
2540,2146,31,2,5
2541,2146,31,1,0
2541,2146,31,2,6
2542,2146,31,1,6
2542,2146,31,2,7
2543,2146,31,1,1
2543,2146,31,2,4
2544,2146,31,1,3
2544,2146,31,2,7
2545,2146,31,1,3
2545,2146,31,2,7
2546,2146,31,1,1
2546,2146,31,2,7
2547,2146,31,1,4
2547,2146,31,2,6
2548,2146,31,1,1
2548,2146,31,2,5
2549,2146,31,1,2
2549,2146,31,2,5
2550,2146,31,1,1
2550,2146,31,2,4
2551,2146,31,1,5
2551,2146,31,2,7
2552,2146,31,1,2
2552,2146,31,2,3
2553,2146,31,1,0
2553,2146,31,2,1
2554,2146,31,1,4
2554,2146,31,2,7
2555,2146,31,1,1
2555,2146,31,2,7
2556,2146,31,1,0
2556,2146,31,2,4
2557,2146,31,1,2
2557,2146,31,2,3
2558,2146,31,1,2
2558,2146,31,2,4
2559,2146,31,1,4
2559,2146,31,2,5
2528,2142,0,1,1
2528,2142,0,2,5
2529,2142,0,1,1
2529,2142,0,2,2
2530,2142,0,1,0
2530,2142,0,2,5
2531,2142,0,1,1
2531,2142,0,2,3
2532,2142,0,1,4
2532,2142,0,2,6
2533,2142,0,1,4
2533,2142,0,2,7
2534,2142,0,1,5
2534,2142,0,2,6
2535,2142,0,1,6
2535,2142,0,2,7
2536,2142,0,1,2
2536,2142,0,2,3
2537,2142,0,1,2
2537,2142,0,2,5
2538,2142,0,1,0
2538,2142,0,2,3
2539,2142,0,1,0
2539,2142,0,2,4
2540,2142,0,1,3
2540,2142,0,2,4
2541,2142,0,1,2
2541,2142,0,2,7
2542,2142,0,1,5
2542,2142,0,2,7
2543,2142,0,1,3
2543,2142,0,2,5
2544,2142,0,1,4
2544,2142,0,2,7
2545,2142,0,1,2
2545,2142,0,2,6
2546,2142,0,1,0
2546,2142,0,2,2
2547,2142,0,1,1
2547,2142,0,2,6
2548,2142,0,1,1
2548,2142,0,2,7
2549,2142,0,1,1
2549,2142,0,2,3
2550,2142,0,1,1
2550,2142,0,2,4
2551,2142,0,1,1
2551,2142,0,2,4
2552,2142,0,1,1
2552,2142,0,2,7
2553,2142,0,1,0
2553,2142,0,2,4
2554,2142,0,1,0
2554,2142,0,2,2
2555,2142,0,1,1
2555,2142,0,2,4
2556,2142,0,1,6
2556,2142,0,2,7
2557,2142,0,1,0
2557,2142,0,2,1
2558,2142,0,1,4
2558,2142,0,2,7
2559,2142,0,1,0
2559,2142,0,2,4
2528,2142,1,1,4
2528,2142,1,2,6
2529,2142,1,1,4
2529,2142,1,2,6
2530,2142,1,1,0
2530,2142,1,2,4
2531,2142,1,1,4
2531,2142,1,2,6
2532,2142,1,1,6
2532,2142,1,2,7
2533,2142,1,1,0
2533,2142,1,2,4
2534,2142,1,1,2
2534,2142,1,2,4
2535,2142,1,1,4
2535,2142,1,2,6
2536,2142,1,1,2
2536,2142,1,2,5
2537,2142,1,1,3
2537,2142,1,2,7
2538,2142,1,1,4
2538,2142,1,2,6
2539,2142,1,1,0
2539,2142,1,2,1
2540,2142,1,1,4
2540,2142,1,2,7
2541,2142,1,1,4
2541,2142,1,2,7
2542,2142,1,1,3
2542,2142,1,2,4
2543,2142,1,1,2
2543,2142,1,2,6
2544,2142,1,1,0
2544,2142,1,2,7
2545,2142,1,1,2
2545,2142,1,2,5
2546,2142,1,1,0
2546,2142,1,2,2
2547,2142,1,1,2
2547,2142,1,2,5
2548,2142,1,1,2
2548,2142,1,2,3
2549,2142,1,1,0
2549,2142,1,2,7
2550,2142,1,1,3
2550,2142,1,2,7
2551,2142,1,1,0
2551,2142,1,2,7
2552,2142,1,1,2
2552,2142,1,2,3
2553,2142,1,1,2
2553,2142,1,2,4
2554,2142,1,1,2
2554,2142,1,2,7
2555,2142,1,1,0
2555,2142,1,2,3
2556,2142,1,1,0
2556,2142,1,2,3
2557,2142,1,1,5
2557,2142,1,2,6
2558,2142,1,1,1
2558,2142,1,2,6
2559,2142,1,1,3
2559,2142,1,2,6
2528,2142,2,1,4
2528,2142,2,2,5
2529,2142,2,1,0
2529,2142,2,2,2
2530,2142,2,1,0
2530,2142,2,2,5
2531,2142,2,1,0
2531,2142,2,2,7
2532,2142,2,1,0
2532,2142,2,2,2
2533,2142,2,1,6
2533,2142,2,2,7
2534,2142,2,1,2
2534,2142,2,2,7
2535,2142,2,1,0
2535,2142,2,2,2
2536,2142,2,1,1
2536,2142,2,2,6
2537,2142,2,1,5
2537,2142,2,2,6
2538,2142,2,1,5
2538,2142,2,2,6
2539,2142,2,1,2
2539,2142,2,2,6
2540,2142,2,1,0
2540,2142,2,2,4
2541,2142,2,1,0
2541,2142,2,2,3
2542,2142,2,1,4
2542,2142,2,2,6
2543,2142,2,1,0
2543,2142,2,2,6
2544,2142,2,1,6
2544,2142,2,2,7
2545,2142,2,1,1
2545,2142,2,2,4
2546,2142,2,1,2
2546,2142,2,2,6
2547,2142,2,1,2
2547,2142,2,2,7
2548,2142,2,1,4
2548,2142,2,2,7
2549,2142,2,1,6
2549,2142,2,2,7
2550,2142,2,1,6
2550,2142,2,2,7
2551,2142,2,1,0
2551,2142,2,2,2
2552,2142,2,1,3
2552,2142,2,2,7
2553,2142,2,1,2
2553,2142,2,2,7
2554,2142,2,1,1
2554,2142,2,2,3
2555,2142,2,1,1
2555,2142,2,2,5
2556,2142,2,1,0
2556,2142,2,2,3
2557,2142,2,1,1
2557,2142,2,2,7
2558,2142,2,1,5
2558,2142,2,2,6
2559,2142,2,1,1
2559,2142,2,2,3
2528,2142,3,1,0
2528,2142,3,2,3
2529,2142,3,1,4
2529,2142,3,2,5
2530,2142,3,1,4
2530,2142,3,2,6
2531,2142,3,1,3
2531,2142,3,2,4
2532,2142,3,1,5
2532,2142,3,2,6
2533,2142,3,1,1
2533,2142,3,2,3
2534,2142,3,1,0
2534,2142,3,2,5
2535,2142,3,1,2
2535,2142,3,2,4
2536,2142,3,1,4
2536,2142,3,2,7
2537,2142,3,1,2
2537,2142,3,2,5
2538,2142,3,1,2
2538,2142,3,2,3
2539,2142,3,1,5
2539,2142,3,2,6
2540,2142,3,1,3
2540,2142,3,2,4
2541,2142,3,1,0
2541,2142,3,2,4
2542,2142,3,1,3
2542,2142,3,2,7
2543,2142,3,1,4
2543,2142,3,2,6
2544,2142,3,1,0
2544,2142,3,2,1
2545,2142,3,1,1
2545,2142,3,2,6
2546,2142,3,1,4
2546,2142,3,2,6
2547,2142,3,1,3
2547,2142,3,2,4
2548,2142,3,1,3
2548,2142,3,2,6
2549,2142,3,1,0
2549,2142,3,2,7
2550,2142,3,1,4
2550,2142,3,2,6
2551,2142,3,1,6
2551,2142,3,2,7
2552,2142,3,1,3
2552,2142,3,2,6
2553,2142,3,1,0
2553,2142,3,2,3
2554,2142,3,1,5
2554,2142,3,2,7
2555,2142,3,1,0
2555,2142,3,2,1
2556,2142,3,1,4
2556,2142,3,2,6
2557,2142,3,1,0
2557,2142,3,2,7
2558,2142,3,1,0
2558,2142,3,2,1
2559,2142,3,1,2
2559,2142,3,2,3
2528,2142,4,1,4
2528,2142,4,2,6
2529,2142,4,1,0
2529,2142,4,2,6
2530,2142,4,1,5
2530,2142,4,2,7
2531,2142,4,1,0
2531,2142,4,2,5
2532,2142,4,1,6
2532,2142,4,2,7
2533,2142,4,1,2
2533,2142,4,2,6
2534,2142,4,1,4
2534,2142,4,2,6
2535,2142,4,1,6
2535,2142,4,2,7
2536,2142,4,1,2
2536,2142,4,2,5
2537,2142,4,1,3
2537,2142,4,2,5
2538,2142,4,1,4
2538,2142,4,2,5
2539,2142,4,1,0
2539,2142,4,2,5
2540,2142,4,1,4
2540,2142,4,2,5
2541,2142,4,1,6
2541,2142,4,2,7
2542,2142,4,1,2
2542,2142,4,2,4
2543,2142,4,1,5
2543,2142,4,2,6
2544,2142,4,1,1
2544,2142,4,2,3
2545,2142,4,1,4
2545,2142,4,2,7
2546,2142,4,1,1
2546,2142,4,2,5
2547,2142,4,1,1
2547,2142,4,2,4
2548,2142,4,1,0
2548,2142,4,2,4
2549,2142,4,1,3
2549,2142,4,2,7
2550,2142,4,1,1
2550,2142,4,2,5
2551,2142,4,1,4
2551,2142,4,2,6
2552,2142,4,1,1
2552,2142,4,2,4
2553,2142,4,1,3
2553,2142,4,2,4
2554,2142,4,1,1
2554,2142,4,2,4
2555,2142,4,1,0
2555,2142,4,2,5
2556,2142,4,1,0
2556,2142,4,2,1
2557,2142,4,1,3
2557,2142,4,2,4
2558,2142,4,1,0
2558,2142,4,2,3
2559,2142,4,1,0
2559,2142,4,2,6
2528,2142,5,1,3
2528,2142,5,2,7
2529,2142,5,1,0
2529,2142,5,2,7
2530,2142,5,1,0
2530,2142,5,2,5
2531,2142,5,1,2
2531,2142,5,2,6
2532,2142,5,1,2
2532,2142,5,2,4
2533,2142,5,1,0
2533,2142,5,2,6
2534,2142,5,1,2
2534,2142,5,2,4
2535,2142,5,1,2
2535,2142,5,2,5
2536,2142,5,1,2
2536,2142,5,2,7
2537,2142,5,1,3
2537,2142,5,2,4
2538,2142,5,1,4
2538,2142,5,2,7
2539,2142,5,1,5
2539,2142,5,2,7
2540,2142,5,1,3
2540,2142,5,2,4
2541,2142,5,1,3
2541,2142,5,2,4
2542,2142,5,1,3
2542,2142,5,2,7
2543,2142,5,1,0
2543,2142,5,2,3
2544,2142,5,1,1
2544,2142,5,2,4
2545,2142,5,1,1
2545,2142,5,2,2
2546,2142,5,1,0
2546,2142,5,2,1
2547,2142,5,1,5
2547,2142,5,2,7
2548,2142,5,1,0
2548,2142,5,2,4
2549,2142,5,1,4
2549,2142,5,2,6
2550,2142,5,1,6
2550,2142,5,2,7
2551,2142,5,1,2
2551,2142,5,2,6
2552,2142,5,1,2
2552,2142,5,2,3
2553,2142,5,1,4
2553,2142,5,2,6
2554,2142,5,1,1
2554,2142,5,2,7
2555,2142,5,1,1
2555,2142,5,2,6
2556,2142,5,1,4
2556,2142,5,2,5
2557,2142,5,1,1
2557,2142,5,2,6
2558,2142,5,1,3
2558,2142,5,2,6
2559,2142,5,1,5
2559,2142,5,2,7
2528,2142,6,1,0
2528,2142,6,2,2
2529,2142,6,1,2
2529,2142,6,2,3
2530,2142,6,1,1
2530,2142,6,2,2
2531,2142,6,1,3
2531,2142,6,2,6
2532,2142,6,1,1
2532,2142,6,2,7
2533,2142,6,1,0
2533,2142,6,2,2
2534,2142,6,1,2
2534,2142,6,2,3
2535,2142,6,1,0
2535,2142,6,2,4
2536,2142,6,1,0
2536,2142,6,2,3
2537,2142,6,1,2
2537,2142,6,2,4
2538,2142,6,1,2
2538,2142,6,2,5
2539,2142,6,1,2
2539,2142,6,2,5
2540,2142,6,1,1
2540,2142,6,2,6
2541,2142,6,1,6
2541,2142,6,2,7
2542,2142,6,1,1
2542,2142,6,2,4
2543,2142,6,1,0
2543,2142,6,2,5
2544,2142,6,1,2
2544,2142,6,2,4
2545,2142,6,1,4
2545,2142,6,2,5
2546,2142,6,1,0
2546,2142,6,2,1
2547,2142,6,1,0
2547,2142,6,2,1
2548,2142,6,1,1
2548,2142,6,2,5
2549,2142,6,1,0
2549,2142,6,2,7
2550,2142,6,1,1
2550,2142,6,2,3
2551,2142,6,1,0
2551,2142,6,2,1
2552,2142,6,1,1
2552,2142,6,2,6
2553,2142,6,1,3
2553,2142,6,2,6
2554,2142,6,1,2
2554,2142,6,2,4
2555,2142,6,1,4
2555,2142,6,2,5
2556,2142,6,1,6
2556,2142,6,2,7
2557,2142,6,1,2
2557,2142,6,2,3
2558,2142,6,1,0
2558,2142,6,2,4
2559,2142,6,1,0
2559,2142,6,2,6
2528,2142,7,1,3
2528,2142,7,2,5
2529,2142,7,1,5
2529,2142,7,2,7
2530,2142,7,1,3
2530,2142,7,2,6
2531,2142,7,1,2
2531,2142,7,2,4
2532,2142,7,1,0
2532,2142,7,2,3
2533,2142,7,1,4
2533,2142,7,2,7
2534,2142,7,1,0
2534,2142,7,2,5
2535,2142,7,1,0
2535,2142,7,2,3
2536,2142,7,1,6
2536,2142,7,2,7
2537,2142,7,1,3
2537,2142,7,2,7
2538,2142,7,1,0
2538,2142,7,2,3
2539,2142,7,1,2
2539,2142,7,2,4
2540,2142,7,1,3
2540,2142,7,2,5
2541,2142,7,1,2
2541,2142,7,2,7
2542,2142,7,1,1
2542,2142,7,2,7
2543,2142,7,1,3
2543,2142,7,2,7
2544,2142,7,1,0
2544,2142,7,2,4
2545,2142,7,1,2
2545,2142,7,2,3
2546,2142,7,1,3
2546,2142,7,2,7
2547,2142,7,1,1
2547,2142,7,2,6
2548,2142,7,1,0
2548,2142,7,2,5
2549,2142,7,1,1
2549,2142,7,2,5
2550,2142,7,1,0
2550,2142,7,2,6
2551,2142,7,1,0
2551,2142,7,2,6
2552,2142,7,1,2
2552,2142,7,2,5
2553,2142,7,1,0
2553,2142,7,2,7
2554,2142,7,1,0
2554,2142,7,2,6
2555,2142,7,1,1
2555,2142,7,2,7
2556,2142,7,1,0
2556,2142,7,2,3
2557,2142,7,1,1
2557,2142,7,2,5
2558,2142,7,1,0
2558,2142,7,2,3
2559,2142,7,1,0
2559,2142,7,2,2
2528,2142,8,1,0
2528,2142,8,2,1
2529,2142,8,1,3
2529,2142,8,2,5
2530,2142,8,1,2
2530,2142,8,2,7
2531,2142,8,1,1
2531,2142,8,2,2
2532,2142,8,1,2
2532,2142,8,2,3
2533,2142,8,1,2
2533,2142,8,2,5
2534,2142,8,1,2
2534,2142,8,2,7
2535,2142,8,1,2
2535,2142,8,2,6
2536,2142,8,1,5
2536,2142,8,2,6
2537,2142,8,1,0
2537,2142,8,2,7
2538,2142,8,1,1
2538,2142,8,2,3
2539,2142,8,1,6
2539,2142,8,2,7
2540,2142,8,1,3
2540,2142,8,2,6
2541,2142,8,1,0
2541,2142,8,2,4
2542,2142,8,1,1
2542,2142,8,2,6
2543,2142,8,1,2
2543,2142,8,2,3
2544,2142,8,1,4
2544,2142,8,2,7
2545,2142,8,1,4
2545,2142,8,2,5
2546,2142,8,1,0
2546,2142,8,2,4
2547,2142,8,1,3
2547,2142,8,2,5
2548,2142,8,1,5
2548,2142,8,2,6
2549,2142,8,1,0
2549,2142,8,2,6
2550,2142,8,1,1
2550,2142,8,2,5
2551,2142,8,1,0
2551,2142,8,2,1
2552,2142,8,1,3
2552,2142,8,2,7
2553,2142,8,1,1
2553,2142,8,2,6
2554,2142,8,1,4
2554,2142,8,2,5
2555,2142,8,1,0
2555,2142,8,2,7
2556,2142,8,1,0
2556,2142,8,2,3
2557,2142,8,1,5
2557,2142,8,2,7
2558,2142,8,1,4
2558,2142,8,2,7
2559,2142,8,1,0
2559,2142,8,2,2
2528,2142,9,1,6
2528,2142,9,2,7
2529,2142,9,1,1
2529,2142,9,2,7
2530,2142,9,1,3
2530,2142,9,2,5
2531,2142,9,1,2
2531,2142,9,2,4
2532,2142,9,1,3
2532,2142,9,2,4
2533,2142,9,1,1
2533,2142,9,2,3
2534,2142,9,1,0
2534,2142,9,2,7
2535,2142,9,1,4
2535,2142,9,2,5
2536,2142,9,1,4
2536,2142,9,2,6
2537,2142,9,1,2
2537,2142,9,2,4
2538,2142,9,1,5
2538,2142,9,2,6
2539,2142,9,1,0
2539,2142,9,2,4
2540,2142,9,1,1
2540,2142,9,2,6
2541,2142,9,1,3
2541,2142,9,2,6
2542,2142,9,1,1
2542,2142,9,2,5
2543,2142,9,1,4
2543,2142,9,2,5
2544,2142,9,1,0
2544,2142,9,2,3
2545,2142,9,1,1
2545,2142,9,2,2
2546,2142,9,1,1
2546,2142,9,2,2
2547,2142,9,1,5
2547,2142,9,2,6
2548,2142,9,1,3
2548,2142,9,2,5
2549,2142,9,1,6
2549,2142,9,2,7
2550,2142,9,1,1
2550,2142,9,2,6
2551,2142,9,1,1
2551,2142,9,2,7
2552,2142,9,1,4
2552,2142,9,2,6
2553,2142,9,1,3
2553,2142,9,2,7
2554,2142,9,1,3
2554,2142,9,2,5
2555,2142,9,1,0
2555,2142,9,2,6
2556,2142,9,1,3
2556,2142,9,2,6
2557,2142,9,1,0
2557,2142,9,2,6
2558,2142,9,1,1
2558,2142,9,2,6
2559,2142,9,1,4
2559,2142,9,2,6
2528,2142,10,1,5
2528,2142,10,2,6
2529,2142,10,1,4
2529,2142,10,2,6
2530,2142,10,1,4
2530,2142,10,2,6
2531,2142,10,1,1
2531,2142,10,2,3
2532,2142,10,1,3
2532,2142,10,2,4
2533,2142,10,1,0
2533,2142,10,2,1
2534,2142,10,1,2
2534,2142,10,2,7
2535,2142,10,1,0
2535,2142,10,2,4
2536,2142,10,1,0
2536,2142,10,2,1
2537,2142,10,1,0
2537,2142,10,2,4
2538,2142,10,1,1
2538,2142,10,2,3
2539,2142,10,1,4
2539,2142,10,2,5
2540,2142,10,1,1
2540,2142,10,2,2
2541,2142,10,1,2
2541,2142,10,2,5
2542,2142,10,1,5
2542,2142,10,2,6
2543,2142,10,1,2
2543,2142,10,2,6
2544,2142,10,1,3
2544,2142,10,2,4
2545,2142,10,1,5
2545,2142,10,2,7
2546,2142,10,1,1
2546,2142,10,2,7
2547,2142,10,1,3
2547,2142,10,2,6
2548,2142,10,1,2
2548,2142,10,2,3
2549,2142,10,1,4
2549,2142,10,2,5
2550,2142,10,1,5
2550,2142,10,2,6
2551,2142,10,1,4
2551,2142,10,2,5
2552,2142,10,1,4
2552,2142,10,2,6
2553,2142,10,1,1
2553,2142,10,2,3
2554,2142,10,1,1
2554,2142,10,2,3
2555,2142,10,1,1
2555,2142,10,2,4
2556,2142,10,1,2
2556,2142,10,2,4
2557,2142,10,1,0
2557,2142,10,2,6
2558,2142,10,1,3
2558,2142,10,2,5
2559,2142,10,1,2
2559,2142,10,2,7
2528,2142,11,1,2
2528,2142,11,2,5
2529,2142,11,1,0
2529,2142,11,2,2
2530,2142,11,1,1
2530,2142,11,2,4
2531,2142,11,1,3
2531,2142,11,2,7
2532,2142,11,1,0
2532,2142,11,2,4
2533,2142,11,1,6
2533,2142,11,2,7
2534,2142,11,1,4
2534,2142,11,2,6
2535,2142,11,1,6
2535,2142,11,2,7
2536,2142,11,1,1
2536,2142,11,2,4
2537,2142,11,1,0
2537,2142,11,2,1
2538,2142,11,1,2
2538,2142,11,2,7
2539,2142,11,1,0
2539,2142,11,2,5
2540,2142,11,1,3
2540,2142,11,2,5
2541,2142,11,1,2
2541,2142,11,2,7
2542,2142,11,1,1
2542,2142,11,2,6
2543,2142,11,1,4
2543,2142,11,2,7
2544,2142,11,1,3
2544,2142,11,2,7
2545,2142,11,1,5
2545,2142,11,2,6
2546,2142,11,1,0
2546,2142,11,2,1
2547,2142,11,1,6
2547,2142,11,2,7
2548,2142,11,1,3
2548,2142,11,2,7
2549,2142,11,1,2
2549,2142,11,2,4
2550,2142,11,1,0
2550,2142,11,2,5
2551,2142,11,1,2
2551,2142,11,2,4
2552,2142,11,1,0
2552,2142,11,2,4
2553,2142,11,1,5
2553,2142,11,2,6
2554,2142,11,1,2
2554,2142,11,2,6
2555,2142,11,1,0
2555,2142,11,2,3
2556,2142,11,1,5
2556,2142,11,2,7
2557,2142,11,1,0
2557,2142,11,2,4
2558,2142,11,1,1
2558,2142,11,2,5
2559,2142,11,1,4
2559,2142,11,2,7
2528,2142,12,1,0
2528,2142,12,2,3
2529,2142,12,1,0
2529,2142,12,2,4
2530,2142,12,1,2
2530,2142,12,2,5
2531,2142,12,1,0
2531,2142,12,2,4
2532,2142,12,1,0
2532,2142,12,2,4
2533,2142,12,1,3
2533,2142,12,2,6
2534,2142,12,1,0
2534,2142,12,2,1
2535,2142,12,1,0
2535,2142,12,2,7
2536,2142,12,1,1
2536,2142,12,2,5
2537,2142,12,1,1
2537,2142,12,2,4
2538,2142,12,1,4
2538,2142,12,2,7
2539,2142,12,1,1
2539,2142,12,2,6
2540,2142,12,1,3
2540,2142,12,2,7
2541,2142,12,1,4
2541,2142,12,2,5
2542,2142,12,1,2
2542,2142,12,2,5
2543,2142,12,1,1
2543,2142,12,2,7
2544,2142,12,1,4
2544,2142,12,2,7
2545,2142,12,1,2
2545,2142,12,2,7
2546,2142,12,1,3
2546,2142,12,2,4
2547,2142,12,1,1
2547,2142,12,2,5
2548,2142,12,1,2
2548,2142,12,2,5
2549,2142,12,1,2
2549,2142,12,2,7
2550,2142,12,1,2
2550,2142,12,2,4
2551,2142,12,1,2
2551,2142,12,2,4
2552,2142,12,1,2
2552,2142,12,2,5
2553,2142,12,1,3
2553,2142,12,2,5
2554,2142,12,1,0
2554,2142,12,2,3
2555,2142,12,1,0
2555,2142,12,2,5
2556,2142,12,1,2
2556,2142,12,2,4
2557,2142,12,1,0
2557,2142,12,2,4
2558,2142,12,1,4
2558,2142,12,2,7
2559,2142,12,1,2
2559,2142,12,2,4
2528,2142,13,1,6
2528,2142,13,2,7
2529,2142,13,1,1
2529,2142,13,2,6
2530,2142,13,1,0
2530,2142,13,2,2
2531,2142,13,1,0
2531,2142,13,2,6
2532,2142,13,1,2
2532,2142,13,2,6
2533,2142,13,1,0
2533,2142,13,2,1
2534,2142,13,1,1
2534,2142,13,2,6
2535,2142,13,1,0
2535,2142,13,2,4
2536,2142,13,1,5
2536,2142,13,2,7
2537,2142,13,1,3
2537,2142,13,2,6
2538,2142,13,1,2
2538,2142,13,2,3
2539,2142,13,1,6
2539,2142,13,2,7
2540,2142,13,1,0
2540,2142,13,2,3
2541,2142,13,1,1
2541,2142,13,2,2
2542,2142,13,1,0
2542,2142,13,2,3
2543,2142,13,1,0
2543,2142,13,2,4
2544,2142,13,1,2
2544,2142,13,2,6
2545,2142,13,1,1
2545,2142,13,2,3
2546,2142,13,1,6
2546,2142,13,2,7
2547,2142,13,1,0
2547,2142,13,2,7
2548,2142,13,1,1
2548,2142,13,2,5
2549,2142,13,1,1
2549,2142,13,2,3
2550,2142,13,1,0
2550,2142,13,2,6
2551,2142,13,1,1
2551,2142,13,2,7
2552,2142,13,1,2
2552,2142,13,2,3
2553,2142,13,1,0
2553,2142,13,2,3
2554,2142,13,1,2
2554,2142,13,2,6
2555,2142,13,1,3
2555,2142,13,2,7
2556,2142,13,1,3
2556,2142,13,2,7
2557,2142,13,1,0
2557,2142,13,2,6
2558,2142,13,1,2
2558,2142,13,2,3
2559,2142,13,1,4
2559,2142,13,2,7
2528,2142,14,1,5
2528,2142,14,2,7
2529,2142,14,1,1
2529,2142,14,2,7
2530,2142,14,1,0
2530,2142,14,2,6
2531,2142,14,1,0
2531,2142,14,2,6
2532,2142,14,1,3
2532,2142,14,2,6
2533,2142,14,1,0
2533,2142,14,2,1
2534,2142,14,1,2
2534,2142,14,2,6
2535,2142,14,1,0
2535,2142,14,2,6
2536,2142,14,1,2
2536,2142,14,2,3
2537,2142,14,1,0
2537,2142,14,2,4
2538,2142,14,1,3
2538,2142,14,2,6
2539,2142,14,1,0
2539,2142,14,2,3
2540,2142,14,1,4
2540,2142,14,2,5
2541,2142,14,1,1
2541,2142,14,2,3
2542,2142,14,1,0
2542,2142,14,2,7
2543,2142,14,1,4
2543,2142,14,2,7
2544,2142,14,1,2
2544,2142,14,2,5
2545,2142,14,1,0
2545,2142,14,2,2
2546,2142,14,1,6
2546,2142,14,2,7
2547,2142,14,1,4
2547,2142,14,2,6
2548,2142,14,1,4
2548,2142,14,2,5
2549,2142,14,1,2
2549,2142,14,2,5
2550,2142,14,1,2
2550,2142,14,2,6
2551,2142,14,1,5
2551,2142,14,2,6
2552,2142,14,1,4
2552,2142,14,2,7
2553,2142,14,1,5
2553,2142,14,2,7
2554,2142,14,1,1
2554,2142,14,2,3
2555,2142,14,1,1
2555,2142,14,2,7
2556,2142,14,1,0
2556,2142,14,2,6
2557,2142,14,1,1
2557,2142,14,2,5
2558,2142,14,1,3
2558,2142,14,2,7
2559,2142,14,1,5
2559,2142,14,2,7
2528,2142,15,1,0
2528,2142,15,2,3
2529,2142,15,1,0
2529,2142,15,2,5
2530,2142,15,1,2
2530,2142,15,2,7
2531,2142,15,1,0
2531,2142,15,2,3
2532,2142,15,1,3
2532,2142,15,2,4
2533,2142,15,1,2
2533,2142,15,2,3
2534,2142,15,1,1
2534,2142,15,2,7
2535,2142,15,1,0
2535,2142,15,2,1
2536,2142,15,1,2
2536,2142,15,2,7
2537,2142,15,1,2
2537,2142,15,2,5
2538,2142,15,1,1
2538,2142,15,2,3
2539,2142,15,1,5
2539,2142,15,2,6
2540,2142,15,1,0
2540,2142,15,2,7
2541,2142,15,1,4
2541,2142,15,2,5
2542,2142,15,1,0
2542,2142,15,2,4
2543,2142,15,1,6
2543,2142,15,2,7
2544,2142,15,1,3
2544,2142,15,2,5
2545,2142,15,1,2
2545,2142,15,2,6
2546,2142,15,1,3
2546,2142,15,2,6
2547,2142,15,1,2
2547,2142,15,2,7
2548,2142,15,1,2
2548,2142,15,2,6
2549,2142,15,1,0
2549,2142,15,2,5
2550,2142,15,1,1
2550,2142,15,2,4
2551,2142,15,1,4
2551,2142,15,2,5
2552,2142,15,1,3
2552,2142,15,2,4
2553,2142,15,1,0
2553,2142,15,2,1
2554,2142,15,1,2
2554,2142,15,2,7
2555,2142,15,1,3
2555,2142,15,2,7
2556,2142,15,1,2
2556,2142,15,2,5
2557,2142,15,1,4
2557,2142,15,2,5
2558,2142,15,1,0
2558,2142,15,2,5
2559,2142,15,1,0
2559,2142,15,2,6
2528,2142,16,1,1
2528,2142,16,2,3
2529,2142,16,1,2
2529,2142,16,2,6
2530,2142,16,1,4
2530,2142,16,2,6
2531,2142,16,1,0
2531,2142,16,2,7
2532,2142,16,1,0
2532,2142,16,2,5
2533,2142,16,1,1
2533,2142,16,2,2
2534,2142,16,1,0
2534,2142,16,2,4
2535,2142,16,1,5
2535,2142,16,2,6
2536,2142,16,1,6
2536,2142,16,2,7
2537,2142,16,1,2
2537,2142,16,2,3
2538,2142,16,1,4
2538,2142,16,2,5
2539,2142,16,1,2
2539,2142,16,2,4
2540,2142,16,1,6
2540,2142,16,2,7
2541,2142,16,1,3
2541,2142,16,2,6
2542,2142,16,1,4
2542,2142,16,2,5
2543,2142,16,1,1
2543,2142,16,2,5
2544,2142,16,1,0
2544,2142,16,2,1
2545,2142,16,1,0
2545,2142,16,2,2
2546,2142,16,1,3
2546,2142,16,2,4
2547,2142,16,1,0
2547,2142,16,2,7
2548,2142,16,1,0
2548,2142,16,2,3
2549,2142,16,1,1
2549,2142,16,2,2
2550,2142,16,1,5
2550,2142,16,2,6
2551,2142,16,1,4
2551,2142,16,2,6
2552,2142,16,1,4
2552,2142,16,2,6
2553,2142,16,1,0
2553,2142,16,2,3
2554,2142,16,1,1
2554,2142,16,2,7
2555,2142,16,1,4
2555,2142,16,2,6
2556,2142,16,1,2
2556,2142,16,2,7
2557,2142,16,1,0
2557,2142,16,2,1
2558,2142,16,1,0
2558,2142,16,2,5
2559,2142,16,1,3
2559,2142,16,2,4
2528,2142,17,1,2
2528,2142,17,2,7
2529,2142,17,1,2
2529,2142,17,2,5
2530,2142,17,1,0
2530,2142,17,2,4
2531,2142,17,1,0
2531,2142,17,2,7
2532,2142,17,1,2
2532,2142,17,2,5
2533,2142,17,1,0
2533,2142,17,2,5
2534,2142,17,1,5
2534,2142,17,2,7
2535,2142,17,1,1
2535,2142,17,2,4
2536,2142,17,1,4
2536,2142,17,2,6
2537,2142,17,1,1
2537,2142,17,2,7
2538,2142,17,1,2
2538,2142,17,2,3
2539,2142,17,1,2
2539,2142,17,2,7
2540,2142,17,1,2
2540,2142,17,2,6
2541,2142,17,1,2
2541,2142,17,2,4
2542,2142,17,1,1
2542,2142,17,2,5
2543,2142,17,1,1
2543,2142,17,2,6
2544,2142,17,1,0
2544,2142,17,2,1
2545,2142,17,1,1
2545,2142,17,2,4
2546,2142,17,1,1
2546,2142,17,2,4
2547,2142,17,1,5
2547,2142,17,2,7
2548,2142,17,1,2
2548,2142,17,2,5
2549,2142,17,1,0
2549,2142,17,2,5
2550,2142,17,1,0
2550,2142,17,2,2
2551,2142,17,1,0
2551,2142,17,2,6
2552,2142,17,1,2
2552,2142,17,2,4
2553,2142,17,1,2
2553,2142,17,2,4
2554,2142,17,1,4
2554,2142,17,2,7
2555,2142,17,1,1
2555,2142,17,2,4
2556,2142,17,1,4
2556,2142,17,2,7
2557,2142,17,1,3
2557,2142,17,2,5
2558,2142,17,1,0
2558,2142,17,2,1
2559,2142,17,1,2
2559,2142,17,2,4
2528,2142,18,1,1
2528,2142,18,2,4
2529,2142,18,1,0
2529,2142,18,2,5
2530,2142,18,1,0
2530,2142,18,2,7
2531,2142,18,1,6
2531,2142,18,2,7
2532,2142,18,1,1
2532,2142,18,2,4
2533,2142,18,1,1
2533,2142,18,2,3
2534,2142,18,1,4
2534,2142,18,2,5
2535,2142,18,1,2
2535,2142,18,2,7
2536,2142,18,1,2
2536,2142,18,2,7
2537,2142,18,1,1
2537,2142,18,2,5
2538,2142,18,1,1
2538,2142,18,2,7
2539,2142,18,1,2
2539,2142,18,2,6
2540,2142,18,1,4
2540,2142,18,2,5
2541,2142,18,1,2
2541,2142,18,2,4
2542,2142,18,1,2
2542,2142,18,2,6
2543,2142,18,1,3
2543,2142,18,2,6
2544,2142,18,1,1
2544,2142,18,2,5
2545,2142,18,1,3
2545,2142,18,2,4
2546,2142,18,1,2
2546,2142,18,2,7
2547,2142,18,1,1
2547,2142,18,2,5
2548,2142,18,1,1
2548,2142,18,2,5
2549,2142,18,1,1
2549,2142,18,2,2
2550,2142,18,1,2
2550,2142,18,2,6
2551,2142,18,1,1
2551,2142,18,2,2
2552,2142,18,1,0
2552,2142,18,2,1
2553,2142,18,1,3
2553,2142,18,2,4
2554,2142,18,1,1
2554,2142,18,2,4
2555,2142,18,1,1
2555,2142,18,2,6
2556,2142,18,1,0
2556,2142,18,2,4
2557,2142,18,1,1
2557,2142,18,2,5
2558,2142,18,1,2
2558,2142,18,2,4
2559,2142,18,1,3
2559,2142,18,2,7
2528,2142,19,1,4
2528,2142,19,2,7
2529,2142,19,1,0
2529,2142,19,2,4
2530,2142,19,1,4
2530,2142,19,2,6
2531,2142,19,1,0
2531,2142,19,2,5
2532,2142,19,1,4
2532,2142,19,2,5
2533,2142,19,1,1
2533,2142,19,2,2
2534,2142,19,1,3
2534,2142,19,2,7
2535,2142,19,1,2
2535,2142,19,2,6
2536,2142,19,1,2
2536,2142,19,2,4
2537,2142,19,1,1
2537,2142,19,2,7
2538,2142,19,1,2
2538,2142,19,2,6
2539,2142,19,1,2
2539,2142,19,2,7
2540,2142,19,1,0
2540,2142,19,2,2
2541,2142,19,1,4
2541,2142,19,2,7
2542,2142,19,1,0
2542,2142,19,2,5
2543,2142,19,1,4
2543,2142,19,2,6
2544,2142,19,1,2
2544,2142,19,2,4
2545,2142,19,1,2
2545,2142,19,2,6
2546,2142,19,1,4
2546,2142,19,2,7
2547,2142,19,1,1
2547,2142,19,2,5
2548,2142,19,1,1
2548,2142,19,2,6
2549,2142,19,1,5
2549,2142,19,2,7
2550,2142,19,1,3
2550,2142,19,2,4
2551,2142,19,1,2
2551,2142,19,2,3
2552,2142,19,1,2
2552,2142,19,2,5
2553,2142,19,1,0
2553,2142,19,2,7
2554,2142,19,1,4
2554,2142,19,2,7
2555,2142,19,1,4
2555,2142,19,2,5
2556,2142,19,1,4
2556,2142,19,2,6
2557,2142,19,1,1
2557,2142,19,2,6
2558,2142,19,1,1
2558,2142,19,2,3
2559,2142,19,1,1
2559,2142,19,2,3
2528,2142,20,1,5
2528,2142,20,2,6
2529,2142,20,1,5
2529,2142,20,2,6
2530,2142,20,1,0
2530,2142,20,2,5
2531,2142,20,1,0
2531,2142,20,2,4
2532,2142,20,1,0
2532,2142,20,2,4
2533,2142,20,1,1
2533,2142,20,2,2
2534,2142,20,1,0
2534,2142,20,2,2
2535,2142,20,1,5
2535,2142,20,2,6
2536,2142,20,1,0
2536,2142,20,2,1
2537,2142,20,1,1
2537,2142,20,2,2
2538,2142,20,1,3
2538,2142,20,2,6
2539,2142,20,1,0
2539,2142,20,2,2
2540,2142,20,1,1
2540,2142,20,2,5
2541,2142,20,1,0
2541,2142,20,2,7
2542,2142,20,1,2
2542,2142,20,2,7
2543,2142,20,1,5
2543,2142,20,2,7
2544,2142,20,1,1
2544,2142,20,2,7
2545,2142,20,1,3
2545,2142,20,2,4
2546,2142,20,1,0
2546,2142,20,2,4
2547,2142,20,1,2
2547,2142,20,2,3
2548,2142,20,1,1
2548,2142,20,2,5
2549,2142,20,1,5
2549,2142,20,2,6
2550,2142,20,1,2
2550,2142,20,2,7
2551,2142,20,1,2
2551,2142,20,2,4
2552,2142,20,1,0
2552,2142,20,2,2
2553,2142,20,1,3
2553,2142,20,2,4
2554,2142,20,1,0
2554,2142,20,2,4
2555,2142,20,1,4
2555,2142,20,2,6
2556,2142,20,1,4
2556,2142,20,2,5
2557,2142,20,1,3
2557,2142,20,2,4
2558,2142,20,1,2
2558,2142,20,2,3
2559,2142,20,1,5
2559,2142,20,2,6
2528,2142,21,1,4
2528,2142,21,2,5
2529,2142,21,1,3
2529,2142,21,2,6
2530,2142,21,1,0
2530,2142,21,2,4
2531,2142,21,1,0
2531,2142,21,2,5
2532,2142,21,1,1
2532,2142,21,2,4
2533,2142,21,1,2
2533,2142,21,2,3
2534,2142,21,1,0
2534,2142,21,2,7
2535,2142,21,1,2
2535,2142,21,2,3
2536,2142,21,1,1
2536,2142,21,2,5
2537,2142,21,1,5
2537,2142,21,2,7
2538,2142,21,1,2
2538,2142,21,2,4
2539,2142,21,1,0
2539,2142,21,2,4
2540,2142,21,1,2
2540,2142,21,2,7
2541,2142,21,1,2
2541,2142,21,2,4
2542,2142,21,1,2
2542,2142,21,2,5
2543,2142,21,1,4
2543,2142,21,2,5
2544,2142,21,1,3
2544,2142,21,2,6
2545,2142,21,1,0
2545,2142,21,2,2
2546,2142,21,1,2
2546,2142,21,2,3
2547,2142,21,1,1
2547,2142,21,2,5
2548,2142,21,1,1
2548,2142,21,2,4
2549,2142,21,1,4
2549,2142,21,2,7
2550,2142,21,1,1
2550,2142,21,2,4
2551,2142,21,1,3
2551,2142,21,2,7
2552,2142,21,1,0
2552,2142,21,2,5
2553,2142,21,1,2
2553,2142,21,2,5
2554,2142,21,1,4
2554,2142,21,2,5
2555,2142,21,1,0
2555,2142,21,2,4
2556,2142,21,1,3
2556,2142,21,2,4
2557,2142,21,1,3
2557,2142,21,2,5
2558,2142,21,1,1
2558,2142,21,2,2
2559,2142,21,1,0
2559,2142,21,2,4
2528,2142,22,1,4
2528,2142,22,2,6
2529,2142,22,1,2
2529,2142,22,2,6
2530,2142,22,1,4
2530,2142,22,2,6
2531,2142,22,1,3
2531,2142,22,2,7
2532,2142,22,1,0
2532,2142,22,2,1
2533,2142,22,1,2
2533,2142,22,2,6
2534,2142,22,1,3
2534,2142,22,2,7
2535,2142,22,1,2
2535,2142,22,2,5
2536,2142,22,1,0
2536,2142,22,2,4
2537,2142,22,1,1
2537,2142,22,2,6
2538,2142,22,1,4
2538,2142,22,2,7
2539,2142,22,1,1
2539,2142,22,2,6
2540,2142,22,1,0
2540,2142,22,2,5
2541,2142,22,1,2
2541,2142,22,2,6
2542,2142,22,1,2
2542,2142,22,2,5
2543,2142,22,1,1
2543,2142,22,2,3
2544,2142,22,1,0
2544,2142,22,2,1
2545,2142,22,1,0
2545,2142,22,2,5
2546,2142,22,1,2
2546,2142,22,2,7
2547,2142,22,1,6
2547,2142,22,2,7
2548,2142,22,1,1
2548,2142,22,2,4
2549,2142,22,1,1
2549,2142,22,2,2
2550,2142,22,1,3
2550,2142,22,2,6
2551,2142,22,1,1
2551,2142,22,2,6
2552,2142,22,1,4
2552,2142,22,2,5
2553,2142,22,1,4
2553,2142,22,2,6
2554,2142,22,1,1
2554,2142,22,2,6
2555,2142,22,1,3
2555,2142,22,2,7
2556,2142,22,1,2
2556,2142,22,2,3
2557,2142,22,1,2
2557,2142,22,2,4
2558,2142,22,1,0
2558,2142,22,2,4
2559,2142,22,1,4
2559,2142,22,2,7
2528,2142,23,1,0
2528,2142,23,2,3
2529,2142,23,1,2
2529,2142,23,2,6
2530,2142,23,1,3
2530,2142,23,2,5
2531,2142,23,1,1
2531,2142,23,2,6
2532,2142,23,1,0
2532,2142,23,2,3
2533,2142,23,1,0
2533,2142,23,2,3
2534,2142,23,1,0
2534,2142,23,2,5
2535,2142,23,1,3
2535,2142,23,2,7
2536,2142,23,1,0
2536,2142,23,2,3
2537,2142,23,1,4
2537,2142,23,2,7
2538,2142,23,1,4
2538,2142,23,2,6
2539,2142,23,1,6
2539,2142,23,2,7
2540,2142,23,1,1
2540,2142,23,2,5
2541,2142,23,1,5
2541,2142,23,2,7
2542,2142,23,1,4
2542,2142,23,2,6
2543,2142,23,1,1
2543,2142,23,2,6
2544,2142,23,1,1
2544,2142,23,2,6
2545,2142,23,1,0
2545,2142,23,2,2
2546,2142,23,1,3
2546,2142,23,2,6
2547,2142,23,1,6
2547,2142,23,2,7
2548,2142,23,1,3
2548,2142,23,2,5
2549,2142,23,1,4
2549,2142,23,2,7
2550,2142,23,1,0
2550,2142,23,2,5
2551,2142,23,1,2
2551,2142,23,2,5
2552,2142,23,1,1
2552,2142,23,2,6
2553,2142,23,1,0
2553,2142,23,2,1
2554,2142,23,1,2
2554,2142,23,2,4
2555,2142,23,1,0
2555,2142,23,2,4
2556,2142,23,1,1
2556,2142,23,2,3
2557,2142,23,1,3
2557,2142,23,2,6
2558,2142,23,1,3
2558,2142,23,2,6
2559,2142,23,1,3
2559,2142,23,2,4
2528,2142,24,1,0
2528,2142,24,2,7
2529,2142,24,1,2
2529,2142,24,2,4
2530,2142,24,1,0
2530,2142,24,2,1
2531,2142,24,1,6
2531,2142,24,2,7
2532,2142,24,1,4
2532,2142,24,2,5
2533,2142,24,1,0
2533,2142,24,2,1
2534,2142,24,1,2
2534,2142,24,2,5
2535,2142,24,1,6
2535,2142,24,2,7
2536,2142,24,1,3
2536,2142,24,2,4
2537,2142,24,1,3
2537,2142,24,2,5
2538,2142,24,1,2
2538,2142,24,2,7
2539,2142,24,1,3
2539,2142,24,2,5
2540,2142,24,1,4
2540,2142,24,2,6
2541,2142,24,1,3
2541,2142,24,2,4
2542,2142,24,1,4
2542,2142,24,2,5
2543,2142,24,1,0
2543,2142,24,2,1
2544,2142,24,1,0
2544,2142,24,2,7
2545,2142,24,1,2
2545,2142,24,2,3
2546,2142,24,1,3
2546,2142,24,2,6
2547,2142,24,1,4
2547,2142,24,2,5
2548,2142,24,1,3
2548,2142,24,2,7
2549,2142,24,1,1
2549,2142,24,2,4
2550,2142,24,1,5
2550,2142,24,2,7
2551,2142,24,1,2
2551,2142,24,2,7
2552,2142,24,1,3
2552,2142,24,2,5
2553,2142,24,1,1
2553,2142,24,2,5
2554,2142,24,1,2
2554,2142,24,2,7
2555,2142,24,1,5
2555,2142,24,2,7
2556,2142,24,1,2
2556,2142,24,2,5
2557,2142,24,1,2
2557,2142,24,2,5
2558,2142,24,1,0
2558,2142,24,2,4
2559,2142,24,1,0
2559,2142,24,2,2
2528,2142,25,1,3
2528,2142,25,2,4
2529,2142,25,1,0
2529,2142,25,2,6
2530,2142,25,1,3
2530,2142,25,2,4
2531,2142,25,1,1
2531,2142,25,2,2
2532,2142,25,1,2
2532,2142,25,2,6
2533,2142,25,1,4
2533,2142,25,2,5
2534,2142,25,1,4
2534,2142,25,2,5
2535,2142,25,1,5
2535,2142,25,2,7
2536,2142,25,1,4
2536,2142,25,2,6
2537,2142,25,1,5
2537,2142,25,2,7
2538,2142,25,1,4
2538,2142,25,2,6
2539,2142,25,1,1
2539,2142,25,2,6
2540,2142,25,1,0
2540,2142,25,2,4
2541,2142,25,1,6
2541,2142,25,2,7
2542,2142,25,1,5
2542,2142,25,2,7
2543,2142,25,1,1
2543,2142,25,2,3
2544,2142,25,1,2
2544,2142,25,2,7
2545,2142,25,1,5
2545,2142,25,2,7
2546,2142,25,1,0
2546,2142,25,2,6
2547,2142,25,1,0
2547,2142,25,2,3
2548,2142,25,1,2
2548,2142,25,2,3
2549,2142,25,1,2
2549,2142,25,2,7
2550,2142,25,1,2
2550,2142,25,2,4
2551,2142,25,1,3
2551,2142,25,2,5
2552,2142,25,1,2
2552,2142,25,2,3
2553,2142,25,1,5
2553,2142,25,2,7
2554,2142,25,1,0
2554,2142,25,2,1
2555,2142,25,1,3
2555,2142,25,2,7
2556,2142,25,1,2
2556,2142,25,2,6
2557,2142,25,1,1
2557,2142,25,2,5
2558,2142,25,1,3
2558,2142,25,2,4
2559,2142,25,1,3
2559,2142,25,2,4
2528,2142,26,1,4
2528,2142,26,2,6
2529,2142,26,1,2
2529,2142,26,2,6
2530,2142,26,1,4
2530,2142,26,2,5
2531,2142,26,1,0
2531,2142,26,2,1
2532,2142,26,1,0
2532,2142,26,2,7
2533,2142,26,1,5
2533,2142,26,2,7
2534,2142,26,1,4
2534,2142,26,2,6
2535,2142,26,1,1
2535,2142,26,2,6
2536,2142,26,1,0
2536,2142,26,2,1
2537,2142,26,1,0
2537,2142,26,2,6
2538,2142,26,1,4
2538,2142,26,2,5
2539,2142,26,1,4
2539,2142,26,2,5
2540,2142,26,1,0
2540,2142,26,2,6
2541,2142,26,1,0
2541,2142,26,2,2
2542,2142,26,1,0
2542,2142,26,2,2
2543,2142,26,1,2
2543,2142,26,2,5
2544,2142,26,1,0
2544,2142,26,2,7
2545,2142,26,1,2
2545,2142,26,2,4
2546,2142,26,1,1
2546,2142,26,2,4
2547,2142,26,1,4
2547,2142,26,2,5
2548,2142,26,1,2
2548,2142,26,2,4
2549,2142,26,1,5
2549,2142,26,2,6
2550,2142,26,1,2
2550,2142,26,2,4
2551,2142,26,1,0
2551,2142,26,2,3
2552,2142,26,1,0
2552,2142,26,2,3
2553,2142,26,1,1
2553,2142,26,2,2
2554,2142,26,1,1
2554,2142,26,2,3
2555,2142,26,1,6
2555,2142,26,2,7
2556,2142,26,1,1
2556,2142,26,2,4
2557,2142,26,1,0
2557,2142,26,2,7
2558,2142,26,1,2
2558,2142,26,2,6
2559,2142,26,1,5
2559,2142,26,2,6
2528,2142,27,1,4
2528,2142,27,2,6
2529,2142,27,1,4
2529,2142,27,2,7
2530,2142,27,1,0
2530,2142,27,2,2
2531,2142,27,1,0
2531,2142,27,2,6
2532,2142,27,1,2
2532,2142,27,2,7
2533,2142,27,1,4
2533,2142,27,2,7
2534,2142,27,1,2
2534,2142,27,2,7
2535,2142,27,1,1
2535,2142,27,2,5
2536,2142,27,1,2
2536,2142,27,2,6
2537,2142,27,1,2
2537,2142,27,2,7
2538,2142,27,1,1
2538,2142,27,2,4
2539,2142,27,1,2
2539,2142,27,2,6
2540,2142,27,1,3
2540,2142,27,2,6
2541,2142,27,1,4
2541,2142,27,2,5
2542,2142,27,1,0
2542,2142,27,2,4
2543,2142,27,1,4
2543,2142,27,2,6
2544,2142,27,1,0
2544,2142,27,2,5
2545,2142,27,1,1
2545,2142,27,2,4
2546,2142,27,1,4
2546,2142,27,2,5
2547,2142,27,1,0
2547,2142,27,2,6
2548,2142,27,1,3
2548,2142,27,2,6
2549,2142,27,1,1
2549,2142,27,2,3
2550,2142,27,1,6
2550,2142,27,2,7
2551,2142,27,1,0
2551,2142,27,2,6
2552,2142,27,1,1
2552,2142,27,2,3
2553,2142,27,1,0
2553,2142,27,2,5
2554,2142,27,1,0
2554,2142,27,2,5
2555,2142,27,1,1
2555,2142,27,2,3
2556,2142,27,1,2
2556,2142,27,2,5
2557,2142,27,1,3
2557,2142,27,2,4
2558,2142,27,1,1
2558,2142,27,2,6
2559,2142,27,1,3
2559,2142,27,2,7
2528,2142,28,1,0
2528,2142,28,2,5
2529,2142,28,1,1
2529,2142,28,2,2
2530,2142,28,1,2
2530,2142,28,2,5
2531,2142,28,1,0
2531,2142,28,2,5
2532,2142,28,1,4
2532,2142,28,2,7
2533,2142,28,1,0
2533,2142,28,2,1
2534,2142,28,1,4
2534,2142,28,2,7
2535,2142,28,1,1
2535,2142,28,2,5
2536,2142,28,1,1
2536,2142,28,2,4
2537,2142,28,1,1
2537,2142,28,2,3
2538,2142,28,1,0
2538,2142,28,2,7
2539,2142,28,1,3
2539,2142,28,2,4
2540,2142,28,1,2
2540,2142,28,2,3
2541,2142,28,1,0
2541,2142,28,2,4
2542,2142,28,1,0
2542,2142,28,2,7
2543,2142,28,1,2
2543,2142,28,2,3
2544,2142,28,1,5
2544,2142,28,2,6
2545,2142,28,1,3
2545,2142,28,2,6
2546,2142,28,1,6
2546,2142,28,2,7
2547,2142,28,1,2
2547,2142,28,2,3
2548,2142,28,1,2
2548,2142,28,2,5
2549,2142,28,1,1
2549,2142,28,2,2
2550,2142,28,1,0
2550,2142,28,2,1
2551,2142,28,1,3
2551,2142,28,2,7
2552,2142,28,1,5
2552,2142,28,2,7
2553,2142,28,1,0
2553,2142,28,2,1
2554,2142,28,1,0
2554,2142,28,2,6
2555,2142,28,1,3
2555,2142,28,2,4
2556,2142,28,1,0
2556,2142,28,2,1
2557,2142,28,1,0
2557,2142,28,2,2
2558,2142,28,1,2
2558,2142,28,2,4
2559,2142,28,1,3
2559,2142,28,2,5
2528,2142,29,1,4
2528,2142,29,2,7
2529,2142,29,1,0
2529,2142,29,2,3
2530,2142,29,1,2
2530,2142,29,2,4
2531,2142,29,1,1
2531,2142,29,2,6
2532,2142,29,1,1
2532,2142,29,2,2
2533,2142,29,1,2
2533,2142,29,2,5
2534,2142,29,1,0
2534,2142,29,2,3
2535,2142,29,1,1
2535,2142,29,2,5
2536,2142,29,1,0
2536,2142,29,2,5
2537,2142,29,1,1
2537,2142,29,2,5
2538,2142,29,1,1
2538,2142,29,2,7
2539,2142,29,1,2
2539,2142,29,2,3
2540,2142,29,1,1
2540,2142,29,2,2
2541,2142,29,1,2
2541,2142,29,2,5
2542,2142,29,1,3
2542,2142,29,2,6
2543,2142,29,1,3
2543,2142,29,2,4
2544,2142,29,1,5
2544,2142,29,2,6
2545,2142,29,1,2
2545,2142,29,2,7
2546,2142,29,1,1
2546,2142,29,2,4
2547,2142,29,1,2
2547,2142,29,2,5
2548,2142,29,1,4
2548,2142,29,2,5
2549,2142,29,1,0
2549,2142,29,2,2
2550,2142,29,1,1
2550,2142,29,2,6
2551,2142,29,1,5
2551,2142,29,2,7
2552,2142,29,1,0
2552,2142,29,2,6
2553,2142,29,1,1
2553,2142,29,2,2
2554,2142,29,1,0
2554,2142,29,2,4
2555,2142,29,1,0
2555,2142,29,2,6
2556,2142,29,1,2
2556,2142,29,2,3
2557,2142,29,1,0
2557,2142,29,2,3
2558,2142,29,1,3
2558,2142,29,2,6
2559,2142,29,1,5
2559,2142,29,2,6
2528,2142,30,1,1
2528,2142,30,2,3
2529,2142,30,1,1
2529,2142,30,2,2
2530,2142,30,1,2
2530,2142,30,2,4
2531,2142,30,1,1
2531,2142,30,2,4
2532,2142,30,1,3
2532,2142,30,2,5
2533,2142,30,1,2
2533,2142,30,2,4
2534,2142,30,1,0
2534,2142,30,2,5
2535,2142,30,1,3
2535,2142,30,2,5
2536,2142,30,1,2
2536,2142,30,2,7
2537,2142,30,1,3
2537,2142,30,2,7
2538,2142,30,1,0
2538,2142,30,2,4
2539,2142,30,1,2
2539,2142,30,2,3
2540,2142,30,1,0
2540,2142,30,2,4
2541,2142,30,1,1
2541,2142,30,2,3
2542,2142,30,1,5
2542,2142,30,2,7
2543,2142,30,1,2
2543,2142,30,2,6
2544,2142,30,1,2
2544,2142,30,2,5
2545,2142,30,1,1
2545,2142,30,2,5
2546,2142,30,1,2
2546,2142,30,2,7
2547,2142,30,1,5
2547,2142,30,2,7
2548,2142,30,1,1
2548,2142,30,2,5
2549,2142,30,1,3
2549,2142,30,2,5
2550,2142,30,1,3
2550,2142,30,2,4
2551,2142,30,1,1
2551,2142,30,2,4
2552,2142,30,1,2
2552,2142,30,2,5
2553,2142,30,1,1
2553,2142,30,2,6
2554,2142,30,1,5
2554,2142,30,2,7
2555,2142,30,1,3
2555,2142,30,2,5
2556,2142,30,1,0
2556,2142,30,2,4
2557,2142,30,1,6
2557,2142,30,2,7
2558,2142,30,1,2
2558,2142,30,2,4
2559,2142,30,1,2
2559,2142,30,2,3
2528,2142,31,1,1
2528,2142,31,2,2
2529,2142,31,1,0
2529,2142,31,2,1
2530,2142,31,1,1
2530,2142,31,2,3
2531,2142,31,1,0
2531,2142,31,2,6
2532,2142,31,1,3
2532,2142,31,2,5
2533,2142,31,1,2
2533,2142,31,2,4
2534,2142,31,1,0
2534,2142,31,2,6
2535,2142,31,1,2
2535,2142,31,2,5
2536,2142,31,1,0
2536,2142,31,2,5
2537,2142,31,1,1
2537,2142,31,2,4
2538,2142,31,1,0
2538,2142,31,2,2
2539,2142,31,1,5
2539,2142,31,2,7
2540,2142,31,1,3
2540,2142,31,2,5
2541,2142,31,1,2
2541,2142,31,2,4
2542,2142,31,1,4
2542,2142,31,2,6
2543,2142,31,1,0
2543,2142,31,2,6
2544,2142,31,1,3
2544,2142,31,2,5
2545,2142,31,1,1
2545,2142,31,2,5
2546,2142,31,1,2
2546,2142,31,2,6
2547,2142,31,1,4
2547,2142,31,2,6
2548,2142,31,1,4
2548,2142,31,2,5
2549,2142,31,1,0
2549,2142,31,2,5
2550,2142,31,1,4
2550,2142,31,2,6
2551,2142,31,1,3
2551,2142,31,2,5
2552,2142,31,1,2
2552,2142,31,2,7
2553,2142,31,1,0
2553,2142,31,2,5
2554,2142,31,1,0
2554,2142,31,2,4
2555,2142,31,1,0
2555,2142,31,2,7
2556,2142,31,1,1
2556,2142,31,2,3
2557,2142,31,1,0
2557,2142,31,2,2
2558,2142,31,1,1
2558,2142,31,2,7
2559,2142,31,1,1
2559,2142,31,2,6
2528,2143,0,1,4
2528,2143,0,2,7
2529,2143,0,1,4
2529,2143,0,2,7
2530,2143,0,1,3
2530,2143,0,2,6
2531,2143,0,1,3
2531,2143,0,2,5
2532,2143,0,1,0
2532,2143,0,2,2
2533,2143,0,1,4
2533,2143,0,2,6
2534,2143,0,1,4
2534,2143,0,2,5
2535,2143,0,1,2
2535,2143,0,2,7
2536,2143,0,1,2
2536,2143,0,2,4
2537,2143,0,1,0
2537,2143,0,2,4
2538,2143,0,1,0
2538,2143,0,2,3
2539,2143,0,1,4
2539,2143,0,2,7
2540,2143,0,1,2
2540,2143,0,2,7
2541,2143,0,1,3
2541,2143,0,2,4
2542,2143,0,1,2
2542,2143,0,2,6
2543,2143,0,1,3
2543,2143,0,2,5
2544,2143,0,1,1
2544,2143,0,2,7
2545,2143,0,1,0
2545,2143,0,2,3
2546,2143,0,1,1
2546,2143,0,2,2
2547,2143,0,1,2
2547,2143,0,2,7
2548,2143,0,1,0
2548,2143,0,2,7
2549,2143,0,1,0
2549,2143,0,2,2
2550,2143,0,1,1
2550,2143,0,2,3
2551,2143,0,1,0
2551,2143,0,2,7
2552,2143,0,1,2
2552,2143,0,2,7
2553,2143,0,1,5
2553,2143,0,2,6
2554,2143,0,1,2
2554,2143,0,2,6
2555,2143,0,1,1
2555,2143,0,2,5
2556,2143,0,1,2
2556,2143,0,2,4
2557,2143,0,1,3
2557,2143,0,2,4
2558,2143,0,1,2
2558,2143,0,2,3
2559,2143,0,1,5
2559,2143,0,2,6
2528,2143,1,1,2
2528,2143,1,2,3
2529,2143,1,1,2
2529,2143,1,2,7
2530,2143,1,1,6
2530,2143,1,2,7
2531,2143,1,1,0
2531,2143,1,2,6
2532,2143,1,1,1
2532,2143,1,2,6
2533,2143,1,1,4
2533,2143,1,2,6
2534,2143,1,1,0
2534,2143,1,2,5
2535,2143,1,1,2
2535,2143,1,2,3
2536,2143,1,1,3
2536,2143,1,2,4
2537,2143,1,1,4
2537,2143,1,2,5
2538,2143,1,1,2
2538,2143,1,2,3
2539,2143,1,1,0
2539,2143,1,2,6
2540,2143,1,1,0
2540,2143,1,2,3
2541,2143,1,1,2
2541,2143,1,2,4
2542,2143,1,1,0
2542,2143,1,2,3
2543,2143,1,1,0
2543,2143,1,2,4
2544,2143,1,1,0
2544,2143,1,2,2
2545,2143,1,1,0
2545,2143,1,2,2
2546,2143,1,1,0
2546,2143,1,2,1
2547,2143,1,1,3
2547,2143,1,2,5
2548,2143,1,1,3
2548,2143,1,2,7
2549,2143,1,1,3
2549,2143,1,2,4
2550,2143,1,1,2
2550,2143,1,2,7
2551,2143,1,1,2
2551,2143,1,2,4
2552,2143,1,1,0
2552,2143,1,2,1
2553,2143,1,1,2
2553,2143,1,2,5
2554,2143,1,1,1
2554,2143,1,2,3
2555,2143,1,1,2
2555,2143,1,2,7
2556,2143,1,1,0
2556,2143,1,2,4
2557,2143,1,1,3
2557,2143,1,2,5
2558,2143,1,1,1
2558,2143,1,2,5
2559,2143,1,1,0
2559,2143,1,2,4
2528,2143,2,1,0
2528,2143,2,2,3
2529,2143,2,1,1
2529,2143,2,2,3
2530,2143,2,1,0
2530,2143,2,2,1
2531,2143,2,1,2
2531,2143,2,2,6
2532,2143,2,1,1
2532,2143,2,2,2
2533,2143,2,1,1
2533,2143,2,2,2
2534,2143,2,1,4
2534,2143,2,2,5
2535,2143,2,1,4
2535,2143,2,2,5
2536,2143,2,1,1
2536,2143,2,2,5
2537,2143,2,1,2
2537,2143,2,2,3
2538,2143,2,1,1
2538,2143,2,2,4
2539,2143,2,1,3
2539,2143,2,2,4
2540,2143,2,1,4
2540,2143,2,2,7
2541,2143,2,1,1
2541,2143,2,2,7
2542,2143,2,1,0
2542,2143,2,2,3
2543,2143,2,1,5
2543,2143,2,2,7
2544,2143,2,1,2
2544,2143,2,2,5
2545,2143,2,1,2
2545,2143,2,2,7
2546,2143,2,1,2
2546,2143,2,2,4
2547,2143,2,1,1
2547,2143,2,2,4
2548,2143,2,1,0
2548,2143,2,2,7
2549,2143,2,1,1
2549,2143,2,2,2
2550,2143,2,1,0
2550,2143,2,2,2
2551,2143,2,1,1
2551,2143,2,2,3
2552,2143,2,1,5
2552,2143,2,2,6
2553,2143,2,1,2
2553,2143,2,2,5
2554,2143,2,1,0
2554,2143,2,2,5
2555,2143,2,1,0
2555,2143,2,2,2
2556,2143,2,1,0
2556,2143,2,2,5
2557,2143,2,1,0
2557,2143,2,2,2
2558,2143,2,1,3
2558,2143,2,2,6
2559,2143,2,1,6
2559,2143,2,2,7
2528,2143,3,1,0
2528,2143,3,2,3
2529,2143,3,1,0
2529,2143,3,2,2
2530,2143,3,1,2
2530,2143,3,2,7
2531,2143,3,1,1
2531,2143,3,2,3
2532,2143,3,1,5
2532,2143,3,2,7
2533,2143,3,1,5
2533,2143,3,2,6
2534,2143,3,1,6
2534,2143,3,2,7
2535,2143,3,1,2
2535,2143,3,2,5
2536,2143,3,1,5
2536,2143,3,2,6
2537,2143,3,1,0
2537,2143,3,2,1
2538,2143,3,1,0
2538,2143,3,2,6
2539,2143,3,1,0
2539,2143,3,2,5
2540,2143,3,1,0
2540,2143,3,2,3
2541,2143,3,1,1
2541,2143,3,2,5
2542,2143,3,1,1
2542,2143,3,2,5
2543,2143,3,1,0
2543,2143,3,2,7
2544,2143,3,1,2
2544,2143,3,2,4
2545,2143,3,1,2
2545,2143,3,2,7
2546,2143,3,1,0
2546,2143,3,2,5
2547,2143,3,1,1
2547,2143,3,2,7
2548,2143,3,1,3
2548,2143,3,2,6
2549,2143,3,1,0
2549,2143,3,2,6
2550,2143,3,1,0
2550,2143,3,2,1
2551,2143,3,1,3
2551,2143,3,2,4
2552,2143,3,1,2
2552,2143,3,2,4
2553,2143,3,1,2
2553,2143,3,2,4
2554,2143,3,1,2
2554,2143,3,2,5
2555,2143,3,1,3
2555,2143,3,2,4
2556,2143,3,1,4
2556,2143,3,2,7
2557,2143,3,1,6
2557,2143,3,2,7
2558,2143,3,1,5
2558,2143,3,2,7
2559,2143,3,1,2
2559,2143,3,2,4
2528,2143,4,1,3
2528,2143,4,2,5
2529,2143,4,1,2
2529,2143,4,2,6
2530,2143,4,1,0
2530,2143,4,2,2
2531,2143,4,1,6
2531,2143,4,2,7
2532,2143,4,1,3
2532,2143,4,2,4
2533,2143,4,1,5
2533,2143,4,2,6
2534,2143,4,1,1
2534,2143,4,2,7
2535,2143,4,1,4
2535,2143,4,2,5
2536,2143,4,1,1
2536,2143,4,2,5
2537,2143,4,1,2
2537,2143,4,2,3
2538,2143,4,1,1
2538,2143,4,2,7
2539,2143,4,1,0
2539,2143,4,2,2
2540,2143,4,1,3
2540,2143,4,2,4
2541,2143,4,1,1
2541,2143,4,2,7
2542,2143,4,1,2
2542,2143,4,2,4
2543,2143,4,1,1
2543,2143,4,2,4
2544,2143,4,1,1
2544,2143,4,2,5
2545,2143,4,1,2
2545,2143,4,2,6
2546,2143,4,1,4
2546,2143,4,2,5
2547,2143,4,1,1
2547,2143,4,2,7
2548,2143,4,1,4
2548,2143,4,2,5
2549,2143,4,1,3
2549,2143,4,2,6
2550,2143,4,1,0
2550,2143,4,2,4
2551,2143,4,1,3
2551,2143,4,2,5
2552,2143,4,1,0
2552,2143,4,2,2
2553,2143,4,1,5
2553,2143,4,2,7
2554,2143,4,1,0
2554,2143,4,2,6
2555,2143,4,1,5
2555,2143,4,2,6
2556,2143,4,1,0
2556,2143,4,2,4
2557,2143,4,1,1
2557,2143,4,2,6
2558,2143,4,1,5
2558,2143,4,2,7
2559,2143,4,1,0
2559,2143,4,2,7
2528,2143,5,1,0
2528,2143,5,2,3
2529,2143,5,1,2
2529,2143,5,2,7
2530,2143,5,1,1
2530,2143,5,2,5
2531,2143,5,1,4
2531,2143,5,2,6
2532,2143,5,1,0
2532,2143,5,2,2
2533,2143,5,1,0
2533,2143,5,2,5
2534,2143,5,1,0
2534,2143,5,2,3
2535,2143,5,1,3
2535,2143,5,2,7
2536,2143,5,1,0
2536,2143,5,2,1
2537,2143,5,1,4
2537,2143,5,2,6
2538,2143,5,1,2
2538,2143,5,2,5
2539,2143,5,1,0
2539,2143,5,2,1
2540,2143,5,1,1
2540,2143,5,2,6
2541,2143,5,1,1
2541,2143,5,2,6
2542,2143,5,1,2
2542,2143,5,2,4
2543,2143,5,1,2
2543,2143,5,2,3
2544,2143,5,1,1
2544,2143,5,2,5
2545,2143,5,1,4
2545,2143,5,2,6
2546,2143,5,1,6
2546,2143,5,2,7
2547,2143,5,1,0
2547,2143,5,2,7
2548,2143,5,1,2
2548,2143,5,2,5
2549,2143,5,1,2
2549,2143,5,2,7
2550,2143,5,1,3
2550,2143,5,2,6
2551,2143,5,1,0
2551,2143,5,2,2
2552,2143,5,1,1
2552,2143,5,2,4
2553,2143,5,1,1
2553,2143,5,2,4
2554,2143,5,1,4
2554,2143,5,2,5
2555,2143,5,1,4
2555,2143,5,2,7
2556,2143,5,1,4
2556,2143,5,2,5
2557,2143,5,1,4
2557,2143,5,2,5
2558,2143,5,1,0
2558,2143,5,2,5
2559,2143,5,1,0
2559,2143,5,2,2
2528,2143,6,1,0
2528,2143,6,2,4
2529,2143,6,1,3
2529,2143,6,2,7
2530,2143,6,1,1
2530,2143,6,2,2
2531,2143,6,1,0
2531,2143,6,2,4
2532,2143,6,1,3
2532,2143,6,2,6
2533,2143,6,1,4
2533,2143,6,2,6
2534,2143,6,1,1
2534,2143,6,2,4
2535,2143,6,1,0
2535,2143,6,2,3
2536,2143,6,1,5
2536,2143,6,2,6
2537,2143,6,1,2
2537,2143,6,2,3
2538,2143,6,1,1
2538,2143,6,2,5
2539,2143,6,1,1
2539,2143,6,2,3
2540,2143,6,1,2
2540,2143,6,2,3
2541,2143,6,1,1
2541,2143,6,2,7
2542,2143,6,1,1
2542,2143,6,2,3
2543,2143,6,1,0
2543,2143,6,2,3
2544,2143,6,1,1
2544,2143,6,2,7
2545,2143,6,1,6
2545,2143,6,2,7
2546,2143,6,1,0
2546,2143,6,2,6
2547,2143,6,1,5
2547,2143,6,2,7
2548,2143,6,1,5
2548,2143,6,2,6
2549,2143,6,1,1
2549,2143,6,2,3
2550,2143,6,1,5
2550,2143,6,2,7
2551,2143,6,1,5
2551,2143,6,2,6
2552,2143,6,1,3
2552,2143,6,2,4
2553,2143,6,1,2
2553,2143,6,2,7
2554,2143,6,1,5
2554,2143,6,2,6
2555,2143,6,1,2
2555,2143,6,2,4
2556,2143,6,1,0
2556,2143,6,2,1
2557,2143,6,1,1
2557,2143,6,2,7
2558,2143,6,1,1
2558,2143,6,2,6
2559,2143,6,1,1
2559,2143,6,2,7
2528,2143,7,1,3
2528,2143,7,2,5
2529,2143,7,1,1
2529,2143,7,2,5
2530,2143,7,1,1
2530,2143,7,2,4
2531,2143,7,1,1
2531,2143,7,2,2
2532,2143,7,1,4
2532,2143,7,2,6
2533,2143,7,1,2
2533,2143,7,2,6
2534,2143,7,1,3
2534,2143,7,2,6
2535,2143,7,1,3
2535,2143,7,2,4
2536,2143,7,1,6
2536,2143,7,2,7
2537,2143,7,1,5
2537,2143,7,2,6
2538,2143,7,1,5
2538,2143,7,2,7
2539,2143,7,1,3
2539,2143,7,2,6
2540,2143,7,1,1
2540,2143,7,2,6
2541,2143,7,1,5
2541,2143,7,2,7
2542,2143,7,1,1
2542,2143,7,2,5
2543,2143,7,1,0
2543,2143,7,2,6
2544,2143,7,1,3
2544,2143,7,2,7
2545,2143,7,1,0
2545,2143,7,2,6
2546,2143,7,1,4
2546,2143,7,2,6
2547,2143,7,1,0
2547,2143,7,2,7
2548,2143,7,1,3
2548,2143,7,2,4
2549,2143,7,1,0
2549,2143,7,2,1
2550,2143,7,1,5
2550,2143,7,2,6
2551,2143,7,1,5
2551,2143,7,2,6
2552,2143,7,1,1
2552,2143,7,2,7
2553,2143,7,1,1
2553,2143,7,2,5
2554,2143,7,1,4
2554,2143,7,2,7
2555,2143,7,1,4
2555,2143,7,2,6
2556,2143,7,1,2
2556,2143,7,2,6
2557,2143,7,1,5
2557,2143,7,2,7
2558,2143,7,1,1
2558,2143,7,2,5
2559,2143,7,1,1
2559,2143,7,2,5
2528,2143,8,1,2
2528,2143,8,2,7
2529,2143,8,1,0
2529,2143,8,2,7
2530,2143,8,1,0
2530,2143,8,2,4
2531,2143,8,1,1
2531,2143,8,2,6
2532,2143,8,1,5
2532,2143,8,2,7
2533,2143,8,1,1
2533,2143,8,2,5
2534,2143,8,1,6
2534,2143,8,2,7
2535,2143,8,1,6
2535,2143,8,2,7
2536,2143,8,1,0
2536,2143,8,2,4
2537,2143,8,1,0
2537,2143,8,2,6
2538,2143,8,1,3
2538,2143,8,2,5
2539,2143,8,1,3
2539,2143,8,2,6
2540,2143,8,1,0
2540,2143,8,2,6
2541,2143,8,1,2
2541,2143,8,2,3
2542,2143,8,1,5
2542,2143,8,2,6
2543,2143,8,1,6
2543,2143,8,2,7
2544,2143,8,1,3
2544,2143,8,2,7
2545,2143,8,1,3
2545,2143,8,2,4
2546,2143,8,1,3
2546,2143,8,2,4
2547,2143,8,1,3
2547,2143,8,2,4
2548,2143,8,1,1
2548,2143,8,2,5
2549,2143,8,1,4
2549,2143,8,2,5
2550,2143,8,1,0
2550,2143,8,2,2
2551,2143,8,1,0
2551,2143,8,2,2
2552,2143,8,1,4
2552,2143,8,2,5
2553,2143,8,1,0
2553,2143,8,2,6
2554,2143,8,1,0
2554,2143,8,2,7
2555,2143,8,1,0
2555,2143,8,2,6
2556,2143,8,1,0
2556,2143,8,2,2
2557,2143,8,1,5
2557,2143,8,2,6
2558,2143,8,1,2
2558,2143,8,2,4
2559,2143,8,1,0
2559,2143,8,2,1
2528,2143,9,1,0
2528,2143,9,2,5
2529,2143,9,1,0
2529,2143,9,2,4
2530,2143,9,1,2
2530,2143,9,2,7
2531,2143,9,1,3
2531,2143,9,2,4
2532,2143,9,1,1
2532,2143,9,2,4
2533,2143,9,1,2
2533,2143,9,2,3
2534,2143,9,1,1
2534,2143,9,2,6
2535,2143,9,1,0
2535,2143,9,2,1
2536,2143,9,1,5
2536,2143,9,2,7
2537,2143,9,1,3
2537,2143,9,2,6
2538,2143,9,1,1
2538,2143,9,2,5
2539,2143,9,1,1
2539,2143,9,2,6
2540,2143,9,1,2
2540,2143,9,2,5
2541,2143,9,1,2
2541,2143,9,2,5
2542,2143,9,1,0
2542,2143,9,2,2
2543,2143,9,1,1
2543,2143,9,2,6
2544,2143,9,1,4
2544,2143,9,2,6
2545,2143,9,1,0
2545,2143,9,2,1
2546,2143,9,1,0
2546,2143,9,2,5
2547,2143,9,1,1
2547,2143,9,2,5
2548,2143,9,1,5
2548,2143,9,2,6
2549,2143,9,1,0
2549,2143,9,2,4
2550,2143,9,1,0
2550,2143,9,2,7
2551,2143,9,1,1
2551,2143,9,2,3
2552,2143,9,1,2
2552,2143,9,2,6
2553,2143,9,1,2
2553,2143,9,2,7
2554,2143,9,1,2
2554,2143,9,2,4
2555,2143,9,1,5
2555,2143,9,2,6
2556,2143,9,1,5
2556,2143,9,2,7
2557,2143,9,1,4
2557,2143,9,2,7
2558,2143,9,1,6
2558,2143,9,2,7
2559,2143,9,1,5
2559,2143,9,2,6
2528,2143,10,1,0
2528,2143,10,2,4
2529,2143,10,1,3
2529,2143,10,2,5
2530,2143,10,1,3
2530,2143,10,2,5
2531,2143,10,1,3
2531,2143,10,2,7
2532,2143,10,1,3
2532,2143,10,2,6
2533,2143,10,1,3
2533,2143,10,2,5
2534,2143,10,1,0
2534,2143,10,2,5
2535,2143,10,1,2
2535,2143,10,2,4
2536,2143,10,1,3
2536,2143,10,2,6
2537,2143,10,1,4
2537,2143,10,2,7
2538,2143,10,1,3
2538,2143,10,2,7
2539,2143,10,1,3
2539,2143,10,2,5
2540,2143,10,1,1
2540,2143,10,2,4
2541,2143,10,1,0
2541,2143,10,2,5
2542,2143,10,1,0
2542,2143,10,2,7
2543,2143,10,1,0
2543,2143,10,2,1
2544,2143,10,1,0
2544,2143,10,2,5
2545,2143,10,1,3
2545,2143,10,2,6
2546,2143,10,1,4
2546,2143,10,2,6
2547,2143,10,1,0
2547,2143,10,2,3
2548,2143,10,1,0
2548,2143,10,2,4
2549,2143,10,1,1
2549,2143,10,2,2
2550,2143,10,1,1
2550,2143,10,2,7
2551,2143,10,1,0
2551,2143,10,2,4
2552,2143,10,1,1
2552,2143,10,2,7
2553,2143,10,1,5
2553,2143,10,2,6
2554,2143,10,1,3
2554,2143,10,2,5
2555,2143,10,1,0
2555,2143,10,2,2
2556,2143,10,1,2
2556,2143,10,2,4
2557,2143,10,1,5
2557,2143,10,2,7
2558,2143,10,1,2
2558,2143,10,2,5
2559,2143,10,1,3
2559,2143,10,2,7
2528,2143,11,1,0
2528,2143,11,2,4
2529,2143,11,1,1
2529,2143,11,2,3
2530,2143,11,1,5
2530,2143,11,2,7
2531,2143,11,1,2
2531,2143,11,2,5
2532,2143,11,1,2
2532,2143,11,2,4
2533,2143,11,1,2
2533,2143,11,2,6
2534,2143,11,1,1
2534,2143,11,2,3
2535,2143,11,1,4
2535,2143,11,2,5
2536,2143,11,1,1
2536,2143,11,2,2
2537,2143,11,1,0
2537,2143,11,2,1
2538,2143,11,1,1
2538,2143,11,2,6
2539,2143,11,1,0
2539,2143,11,2,5
2540,2143,11,1,2
2540,2143,11,2,6
2541,2143,11,1,3
2541,2143,11,2,5
2542,2143,11,1,1
2542,2143,11,2,3
2543,2143,11,1,0
2543,2143,11,2,3
2544,2143,11,1,6
2544,2143,11,2,7
2545,2143,11,1,0
2545,2143,11,2,5
2546,2143,11,1,1
2546,2143,11,2,5
2547,2143,11,1,3
2547,2143,11,2,7
2548,2143,11,1,0
2548,2143,11,2,4
2549,2143,11,1,0
2549,2143,11,2,2
2550,2143,11,1,3
2550,2143,11,2,5
2551,2143,11,1,2
2551,2143,11,2,7
2552,2143,11,1,6
2552,2143,11,2,7
2553,2143,11,1,0
2553,2143,11,2,5
2554,2143,11,1,3
2554,2143,11,2,5
2555,2143,11,1,1
2555,2143,11,2,2
2556,2143,11,1,0
2556,2143,11,2,2
2557,2143,11,1,1
2557,2143,11,2,7
2558,2143,11,1,5
2558,2143,11,2,7
2559,2143,11,1,3
2559,2143,11,2,6
2528,2143,12,1,0
2528,2143,12,2,4
2529,2143,12,1,5
2529,2143,12,2,7
2530,2143,12,1,1
2530,2143,12,2,2
2531,2143,12,1,2
2531,2143,12,2,4
2532,2143,12,1,2
2532,2143,12,2,4
2533,2143,12,1,2
2533,2143,12,2,4
2534,2143,12,1,4
2534,2143,12,2,6
2535,2143,12,1,2
2535,2143,12,2,5
2536,2143,12,1,3
2536,2143,12,2,6
2537,2143,12,1,1
2537,2143,12,2,3
2538,2143,12,1,1
2538,2143,12,2,3
2539,2143,12,1,4
2539,2143,12,2,5
2540,2143,12,1,5
2540,2143,12,2,7
2541,2143,12,1,0
2541,2143,12,2,4
2542,2143,12,1,3
2542,2143,12,2,6
2543,2143,12,1,2
2543,2143,12,2,6
2544,2143,12,1,1
2544,2143,12,2,5
2545,2143,12,1,0
2545,2143,12,2,7
2546,2143,12,1,0
2546,2143,12,2,7
2547,2143,12,1,1
2547,2143,12,2,7
2548,2143,12,1,2
2548,2143,12,2,7
2549,2143,12,1,3
2549,2143,12,2,6
2550,2143,12,1,1
2550,2143,12,2,5
2551,2143,12,1,4
2551,2143,12,2,7
2552,2143,12,1,1
2552,2143,12,2,4
2553,2143,12,1,2
2553,2143,12,2,3
2554,2143,12,1,4
2554,2143,12,2,6
2555,2143,12,1,2
2555,2143,12,2,6
2556,2143,12,1,1
2556,2143,12,2,2
2557,2143,12,1,1
2557,2143,12,2,5
2558,2143,12,1,1
2558,2143,12,2,3
2559,2143,12,1,4
2559,2143,12,2,5
2528,2143,13,1,6
2528,2143,13,2,7
2529,2143,13,1,5
2529,2143,13,2,7
2530,2143,13,1,4
2530,2143,13,2,5
2531,2143,13,1,4
2531,2143,13,2,6
2532,2143,13,1,4
2532,2143,13,2,5
2533,2143,13,1,1
2533,2143,13,2,6
2534,2143,13,1,4
2534,2143,13,2,6
2535,2143,13,1,0
2535,2143,13,2,5
2536,2143,13,1,2
2536,2143,13,2,6
2537,2143,13,1,1
2537,2143,13,2,5
2538,2143,13,1,0
2538,2143,13,2,4
2539,2143,13,1,2
2539,2143,13,2,7
2540,2143,13,1,3
2540,2143,13,2,5
2541,2143,13,1,4
2541,2143,13,2,6
2542,2143,13,1,2
2542,2143,13,2,7
2543,2143,13,1,0
2543,2143,13,2,7
2544,2143,13,1,2
2544,2143,13,2,4
2545,2143,13,1,1
2545,2143,13,2,2
2546,2143,13,1,5
2546,2143,13,2,7
2547,2143,13,1,0
2547,2143,13,2,6
2548,2143,13,1,0
2548,2143,13,2,7
2549,2143,13,1,3
2549,2143,13,2,7
2550,2143,13,1,0
2550,2143,13,2,7
2551,2143,13,1,2
2551,2143,13,2,4
2552,2143,13,1,5
2552,2143,13,2,7
2553,2143,13,1,1
2553,2143,13,2,2
2554,2143,13,1,3
2554,2143,13,2,6
2555,2143,13,1,4
2555,2143,13,2,6
2556,2143,13,1,1
2556,2143,13,2,5
2557,2143,13,1,0
2557,2143,13,2,2
2558,2143,13,1,1
2558,2143,13,2,6
2559,2143,13,1,1
2559,2143,13,2,3
2528,2143,14,1,1
2528,2143,14,2,7
2529,2143,14,1,3
2529,2143,14,2,5
2530,2143,14,1,3
2530,2143,14,2,5
2531,2143,14,1,3
2531,2143,14,2,6
2532,2143,14,1,1
2532,2143,14,2,3
2533,2143,14,1,4
2533,2143,14,2,7
2534,2143,14,1,3
2534,2143,14,2,5
2535,2143,14,1,2
2535,2143,14,2,4
2536,2143,14,1,0
2536,2143,14,2,2
2537,2143,14,1,0
2537,2143,14,2,2
2538,2143,14,1,1
2538,2143,14,2,6
2539,2143,14,1,5
2539,2143,14,2,7
2540,2143,14,1,2
2540,2143,14,2,7
2541,2143,14,1,2
2541,2143,14,2,4
2542,2143,14,1,0
2542,2143,14,2,1
2543,2143,14,1,1
2543,2143,14,2,3
2544,2143,14,1,1
2544,2143,14,2,4
2545,2143,14,1,0
2545,2143,14,2,3
2546,2143,14,1,6
2546,2143,14,2,7
2547,2143,14,1,0
2547,2143,14,2,2
2548,2143,14,1,0
2548,2143,14,2,3
2549,2143,14,1,0
2549,2143,14,2,1
2550,2143,14,1,1
2550,2143,14,2,4
2551,2143,14,1,0
2551,2143,14,2,5
2552,2143,14,1,0
2552,2143,14,2,7
2553,2143,14,1,1
2553,2143,14,2,4
2554,2143,14,1,0
2554,2143,14,2,4
2555,2143,14,1,4
2555,2143,14,2,7
2556,2143,14,1,0
2556,2143,14,2,6
2557,2143,14,1,3
2557,2143,14,2,6
2558,2143,14,1,2
2558,2143,14,2,4
2559,2143,14,1,5
2559,2143,14,2,7
2528,2143,15,1,2
2528,2143,15,2,4
2529,2143,15,1,1
2529,2143,15,2,4
2530,2143,15,1,1
2530,2143,15,2,4
2531,2143,15,1,1
2531,2143,15,2,7
2532,2143,15,1,5
2532,2143,15,2,6
2533,2143,15,1,6
2533,2143,15,2,7
2534,2143,15,1,0
2534,2143,15,2,4
2535,2143,15,1,6
2535,2143,15,2,7
2536,2143,15,1,1
2536,2143,15,2,4
2537,2143,15,1,2
2537,2143,15,2,4
2538,2143,15,1,0
2538,2143,15,2,7
2539,2143,15,1,2
2539,2143,15,2,6
2540,2143,15,1,1
2540,2143,15,2,5
2541,2143,15,1,4
2541,2143,15,2,7
2542,2143,15,1,2
2542,2143,15,2,4
2543,2143,15,1,4
2543,2143,15,2,7
2544,2143,15,1,3
2544,2143,15,2,4
2545,2143,15,1,6
2545,2143,15,2,7
2546,2143,15,1,5
2546,2143,15,2,6
2547,2143,15,1,1
2547,2143,15,2,4
2548,2143,15,1,1
2548,2143,15,2,2
2549,2143,15,1,1
2549,2143,15,2,3
2550,2143,15,1,5
2550,2143,15,2,7
2551,2143,15,1,0
2551,2143,15,2,5
2552,2143,15,1,1
2552,2143,15,2,6
2553,2143,15,1,2
2553,2143,15,2,7
2554,2143,15,1,1
2554,2143,15,2,5
2555,2143,15,1,0
2555,2143,15,2,7
2556,2143,15,1,1
2556,2143,15,2,2
2557,2143,15,1,1
2557,2143,15,2,6
2558,2143,15,1,1
2558,2143,15,2,4
2559,2143,15,1,5
2559,2143,15,2,6
2528,2143,16,1,2
2528,2143,16,2,5
2529,2143,16,1,0
2529,2143,16,2,4
2530,2143,16,1,4
2530,2143,16,2,5
2531,2143,16,1,1
2531,2143,16,2,4
2532,2143,16,1,2
2532,2143,16,2,3
2533,2143,16,1,1
2533,2143,16,2,3
2534,2143,16,1,5
2534,2143,16,2,6
2535,2143,16,1,3
2535,2143,16,2,6
2536,2143,16,1,1
2536,2143,16,2,7
2537,2143,16,1,2
2537,2143,16,2,6
2538,2143,16,1,1
2538,2143,16,2,4
2539,2143,16,1,1
2539,2143,16,2,6
2540,2143,16,1,2
2540,2143,16,2,3
2541,2143,16,1,0
2541,2143,16,2,2
2542,2143,16,1,4
2542,2143,16,2,7
2543,2143,16,1,1
2543,2143,16,2,7
2544,2143,16,1,1
2544,2143,16,2,6
2545,2143,16,1,0
2545,2143,16,2,7
2546,2143,16,1,2
2546,2143,16,2,6
2547,2143,16,1,0
2547,2143,16,2,6
2548,2143,16,1,0
2548,2143,16,2,3
2549,2143,16,1,2
2549,2143,16,2,4
2550,2143,16,1,4
2550,2143,16,2,7
2551,2143,16,1,3
2551,2143,16,2,4
2552,2143,16,1,2
2552,2143,16,2,7
2553,2143,16,1,0
2553,2143,16,2,1
2554,2143,16,1,1
2554,2143,16,2,2
2555,2143,16,1,4
2555,2143,16,2,6
2556,2143,16,1,1
2556,2143,16,2,2
2557,2143,16,1,3
2557,2143,16,2,7
2558,2143,16,1,2
2558,2143,16,2,4
2559,2143,16,1,0
2559,2143,16,2,6
2528,2143,17,1,2
2528,2143,17,2,7
2529,2143,17,1,0
2529,2143,17,2,3
2530,2143,17,1,3
2530,2143,17,2,4
2531,2143,17,1,4
2531,2143,17,2,6
2532,2143,17,1,3
2532,2143,17,2,5
2533,2143,17,1,2
2533,2143,17,2,5
2534,2143,17,1,4
2534,2143,17,2,7
2535,2143,17,1,2
2535,2143,17,2,3
2536,2143,17,1,1
2536,2143,17,2,5
2537,2143,17,1,1
2537,2143,17,2,5
2538,2143,17,1,4
2538,2143,17,2,7
2539,2143,17,1,2
2539,2143,17,2,5
2540,2143,17,1,6
2540,2143,17,2,7
2541,2143,17,1,0
2541,2143,17,2,5
2542,2143,17,1,6
2542,2143,17,2,7
2543,2143,17,1,0
2543,2143,17,2,1
2544,2143,17,1,2
2544,2143,17,2,4
2545,2143,17,1,3
2545,2143,17,2,4
2546,2143,17,1,5
2546,2143,17,2,7
2547,2143,17,1,1
2547,2143,17,2,3
2548,2143,17,1,3
2548,2143,17,2,6
2549,2143,17,1,5
2549,2143,17,2,6
2550,2143,17,1,2
2550,2143,17,2,6
2551,2143,17,1,3
2551,2143,17,2,7
2552,2143,17,1,1
2552,2143,17,2,2
2553,2143,17,1,0
2553,2143,17,2,1
2554,2143,17,1,3
2554,2143,17,2,6
2555,2143,17,1,4
2555,2143,17,2,7
2556,2143,17,1,3
2556,2143,17,2,6
2557,2143,17,1,4
2557,2143,17,2,7
2558,2143,17,1,0
2558,2143,17,2,7
2559,2143,17,1,2
2559,2143,17,2,6
2528,2143,18,1,0
2528,2143,18,2,4
2529,2143,18,1,2
2529,2143,18,2,5
2530,2143,18,1,5
2530,2143,18,2,6
2531,2143,18,1,3
2531,2143,18,2,5
2532,2143,18,1,5
2532,2143,18,2,6
2533,2143,18,1,1
2533,2143,18,2,5
2534,2143,18,1,2
2534,2143,18,2,3
2535,2143,18,1,2
2535,2143,18,2,7
2536,2143,18,1,2
2536,2143,18,2,6
2537,2143,18,1,4
2537,2143,18,2,5
2538,2143,18,1,0
2538,2143,18,2,2
2539,2143,18,1,4
2539,2143,18,2,6
2540,2143,18,1,0
2540,2143,18,2,5
2541,2143,18,1,1
2541,2143,18,2,4
2542,2143,18,1,1
2542,2143,18,2,4
2543,2143,18,1,1
2543,2143,18,2,4
2544,2143,18,1,2
2544,2143,18,2,6
2545,2143,18,1,4
2545,2143,18,2,7
2546,2143,18,1,0
2546,2143,18,2,3
2547,2143,18,1,0
2547,2143,18,2,1
2548,2143,18,1,2
2548,2143,18,2,4
2549,2143,18,1,0
2549,2143,18,2,1
2550,2143,18,1,1
2550,2143,18,2,3
2551,2143,18,1,0
2551,2143,18,2,5
2552,2143,18,1,5
2552,2143,18,2,6
2553,2143,18,1,4
2553,2143,18,2,7
2554,2143,18,1,0
2554,2143,18,2,6
2555,2143,18,1,2
2555,2143,18,2,6
2556,2143,18,1,3
2556,2143,18,2,6
2557,2143,18,1,2
2557,2143,18,2,6
2558,2143,18,1,1
2558,2143,18,2,2
2559,2143,18,1,0
2559,2143,18,2,6
2528,2143,19,1,2
2528,2143,19,2,3
2529,2143,19,1,4
2529,2143,19,2,7
2530,2143,19,1,0
2530,2143,19,2,1
2531,2143,19,1,4
2531,2143,19,2,6
2532,2143,19,1,6
2532,2143,19,2,7
2533,2143,19,1,3
2533,2143,19,2,6
2534,2143,19,1,0
2534,2143,19,2,2
2535,2143,19,1,2
2535,2143,19,2,6
2536,2143,19,1,1
2536,2143,19,2,2
2537,2143,19,1,2
2537,2143,19,2,5
2538,2143,19,1,1
2538,2143,19,2,3
2539,2143,19,1,2
2539,2143,19,2,7
2540,2143,19,1,0
2540,2143,19,2,5
2541,2143,19,1,6
2541,2143,19,2,7
2542,2143,19,1,1
2542,2143,19,2,2
2543,2143,19,1,2
2543,2143,19,2,4
2544,2143,19,1,2
2544,2143,19,2,4
2545,2143,19,1,0
2545,2143,19,2,4
2546,2143,19,1,1
2546,2143,19,2,2
2547,2143,19,1,0
2547,2143,19,2,7
2548,2143,19,1,2
2548,2143,19,2,7
2549,2143,19,1,4
2549,2143,19,2,6
2550,2143,19,1,2
2550,2143,19,2,4
2551,2143,19,1,1
2551,2143,19,2,6
2552,2143,19,1,0
2552,2143,19,2,2
2553,2143,19,1,2
2553,2143,19,2,5
2554,2143,19,1,0
2554,2143,19,2,7
2555,2143,19,1,2
2555,2143,19,2,6
2556,2143,19,1,1
2556,2143,19,2,5
2557,2143,19,1,2
2557,2143,19,2,7
2558,2143,19,1,3
2558,2143,19,2,4
2559,2143,19,1,0
2559,2143,19,2,2
2528,2143,20,1,4
2528,2143,20,2,6
2529,2143,20,1,1
2529,2143,20,2,2
2530,2143,20,1,1
2530,2143,20,2,2
2531,2143,20,1,1
2531,2143,20,2,5
2532,2143,20,1,0
2532,2143,20,2,3
2533,2143,20,1,3
2533,2143,20,2,6
2534,2143,20,1,4
2534,2143,20,2,5
2535,2143,20,1,1
2535,2143,20,2,4
2536,2143,20,1,1
2536,2143,20,2,4
2537,2143,20,1,1
2537,2143,20,2,5
2538,2143,20,1,3
2538,2143,20,2,5
2539,2143,20,1,2
2539,2143,20,2,3
2540,2143,20,1,0
2540,2143,20,2,1
2541,2143,20,1,0
2541,2143,20,2,4
2542,2143,20,1,2
2542,2143,20,2,7
2543,2143,20,1,1
2543,2143,20,2,2
2544,2143,20,1,5
2544,2143,20,2,6
2545,2143,20,1,2
2545,2143,20,2,3
2546,2143,20,1,4
2546,2143,20,2,5
2547,2143,20,1,4
2547,2143,20,2,6
2548,2143,20,1,0
2548,2143,20,2,6
2549,2143,20,1,5
2549,2143,20,2,6
2550,2143,20,1,0
2550,2143,20,2,2
2551,2143,20,1,0
2551,2143,20,2,1
2552,2143,20,1,0
2552,2143,20,2,3
2553,2143,20,1,0
2553,2143,20,2,2
2554,2143,20,1,0
2554,2143,20,2,6
2555,2143,20,1,3
2555,2143,20,2,4
2556,2143,20,1,0
2556,2143,20,2,2
2557,2143,20,1,1
2557,2143,20,2,4
2558,2143,20,1,2
2558,2143,20,2,7
2559,2143,20,1,6
2559,2143,20,2,7
2528,2143,21,1,5
2528,2143,21,2,7
2529,2143,21,1,1
2529,2143,21,2,5
2530,2143,21,1,2
2530,2143,21,2,3
2531,2143,21,1,0
2531,2143,21,2,2
2532,2143,21,1,2
2532,2143,21,2,6
2533,2143,21,1,0
2533,2143,21,2,1
2534,2143,21,1,2
2534,2143,21,2,3
2535,2143,21,1,5
2535,2143,21,2,7
2536,2143,21,1,2
2536,2143,21,2,6
2537,2143,21,1,0
2537,2143,21,2,1
2538,2143,21,1,1
2538,2143,21,2,2
2539,2143,21,1,3
2539,2143,21,2,5
2540,2143,21,1,0
2540,2143,21,2,6
2541,2143,21,1,0
2541,2143,21,2,2
2542,2143,21,1,1
2542,2143,21,2,5
2543,2143,21,1,5
2543,2143,21,2,6
2544,2143,21,1,4
2544,2143,21,2,5
2545,2143,21,1,0
2545,2143,21,2,5
2546,2143,21,1,1
2546,2143,21,2,7
2547,2143,21,1,1
2547,2143,21,2,7
2548,2143,21,1,3
2548,2143,21,2,4
2549,2143,21,1,1
2549,2143,21,2,5
2550,2143,21,1,1
2550,2143,21,2,4
2551,2143,21,1,4
2551,2143,21,2,7
2552,2143,21,1,2
2552,2143,21,2,4
2553,2143,21,1,0
2553,2143,21,2,5
2554,2143,21,1,3
2554,2143,21,2,6
2555,2143,21,1,0
2555,2143,21,2,6
2556,2143,21,1,2
2556,2143,21,2,6
2557,2143,21,1,0
2557,2143,21,2,4
2558,2143,21,1,6
2558,2143,21,2,7
2559,2143,21,1,0
2559,2143,21,2,6
2528,2143,22,1,2
2528,2143,22,2,3
2529,2143,22,1,4
2529,2143,22,2,5
2530,2143,22,1,5
2530,2143,22,2,7
2531,2143,22,1,0
2531,2143,22,2,6
2532,2143,22,1,0
2532,2143,22,2,3
2533,2143,22,1,3
2533,2143,22,2,5
2534,2143,22,1,2
2534,2143,22,2,7
2535,2143,22,1,2
2535,2143,22,2,6
2536,2143,22,1,5
2536,2143,22,2,7
2537,2143,22,1,1
2537,2143,22,2,3
2538,2143,22,1,0
2538,2143,22,2,2
2539,2143,22,1,6
2539,2143,22,2,7
2540,2143,22,1,1
2540,2143,22,2,2
2541,2143,22,1,1
2541,2143,22,2,7
2542,2143,22,1,2
2542,2143,22,2,5
2543,2143,22,1,2
2543,2143,22,2,6
2544,2143,22,1,0
2544,2143,22,2,7
2545,2143,22,1,4
2545,2143,22,2,6
2546,2143,22,1,1
2546,2143,22,2,2
2547,2143,22,1,1
2547,2143,22,2,5
2548,2143,22,1,0
2548,2143,22,2,1
2549,2143,22,1,1
2549,2143,22,2,3
2550,2143,22,1,0
2550,2143,22,2,5
2551,2143,22,1,5
2551,2143,22,2,7
2552,2143,22,1,3
2552,2143,22,2,7
2553,2143,22,1,2
2553,2143,22,2,4
2554,2143,22,1,0
2554,2143,22,2,7
2555,2143,22,1,0
2555,2143,22,2,3
2556,2143,22,1,0
2556,2143,22,2,1
2557,2143,22,1,1
2557,2143,22,2,4
2558,2143,22,1,0
2558,2143,22,2,2
2559,2143,22,1,1
2559,2143,22,2,2
2528,2143,23,1,2
2528,2143,23,2,4
2529,2143,23,1,0
2529,2143,23,2,6
2530,2143,23,1,0
2530,2143,23,2,2
2531,2143,23,1,0
2531,2143,23,2,5
2532,2143,23,1,3
2532,2143,23,2,4
2533,2143,23,1,5
2533,2143,23,2,6
2534,2143,23,1,2
2534,2143,23,2,4
2535,2143,23,1,0
2535,2143,23,2,5
2536,2143,23,1,5
2536,2143,23,2,6
2537,2143,23,1,1
2537,2143,23,2,3
2538,2143,23,1,4
2538,2143,23,2,7
2539,2143,23,1,3
2539,2143,23,2,5
2540,2143,23,1,3
2540,2143,23,2,4
2541,2143,23,1,2
2541,2143,23,2,5
2542,2143,23,1,0
2542,2143,23,2,2
2543,2143,23,1,4
2543,2143,23,2,7
2544,2143,23,1,6
2544,2143,23,2,7
2545,2143,23,1,3
2545,2143,23,2,4
2546,2143,23,1,0
2546,2143,23,2,1
2547,2143,23,1,1
2547,2143,23,2,7
2548,2143,23,1,2
2548,2143,23,2,6
2549,2143,23,1,5
2549,2143,23,2,7
2550,2143,23,1,5
2550,2143,23,2,6
2551,2143,23,1,2
2551,2143,23,2,5
2552,2143,23,1,3
2552,2143,23,2,4
2553,2143,23,1,2
2553,2143,23,2,4
2554,2143,23,1,0
2554,2143,23,2,4
2555,2143,23,1,0
2555,2143,23,2,4
2556,2143,23,1,4
2556,2143,23,2,5
2557,2143,23,1,3
2557,2143,23,2,7
2558,2143,23,1,0
2558,2143,23,2,5
2559,2143,23,1,0
2559,2143,23,2,3
2528,2143,24,1,0
2528,2143,24,2,2
2529,2143,24,1,3
2529,2143,24,2,7
2530,2143,24,1,0
2530,2143,24,2,4
2531,2143,24,1,1
2531,2143,24,2,7
2532,2143,24,1,3
2532,2143,24,2,7
2533,2143,24,1,3
2533,2143,24,2,4
2534,2143,24,1,2
2534,2143,24,2,5
2535,2143,24,1,2
2535,2143,24,2,4
2536,2143,24,1,0
2536,2143,24,2,7
2537,2143,24,1,1
2537,2143,24,2,7
2538,2143,24,1,4
2538,2143,24,2,5
2539,2143,24,1,0
2539,2143,24,2,3
2540,2143,24,1,5
2540,2143,24,2,6
2541,2143,24,1,0
2541,2143,24,2,7
2542,2143,24,1,5
2542,2143,24,2,6
2543,2143,24,1,0
2543,2143,24,2,7
2544,2143,24,1,0
2544,2143,24,2,5
2545,2143,24,1,6
2545,2143,24,2,7
2546,2143,24,1,3
2546,2143,24,2,7
2547,2143,24,1,4
2547,2143,24,2,7
2548,2143,24,1,3
2548,2143,24,2,7
2549,2143,24,1,5
2549,2143,24,2,6
2550,2143,24,1,4
2550,2143,24,2,7
2551,2143,24,1,4
2551,2143,24,2,6
2552,2143,24,1,4
2552,2143,24,2,5
2553,2143,24,1,3
2553,2143,24,2,4
2554,2143,24,1,4
2554,2143,24,2,7
2555,2143,24,1,1
2555,2143,24,2,7
2556,2143,24,1,3
2556,2143,24,2,6
2557,2143,24,1,0
2557,2143,24,2,2
2558,2143,24,1,5
2558,2143,24,2,7
2559,2143,24,1,2
2559,2143,24,2,6
2528,2143,25,1,2
2528,2143,25,2,6
2529,2143,25,1,1
2529,2143,25,2,5
2530,2143,25,1,2
2530,2143,25,2,6
2531,2143,25,1,1
2531,2143,25,2,7
2532,2143,25,1,0
2532,2143,25,2,4
2533,2143,25,1,0
2533,2143,25,2,1
2534,2143,25,1,0
2534,2143,25,2,6
2535,2143,25,1,1
2535,2143,25,2,4
2536,2143,25,1,1
2536,2143,25,2,4
2537,2143,25,1,3
2537,2143,25,2,4
2538,2143,25,1,3
2538,2143,25,2,6
2539,2143,25,1,2
2539,2143,25,2,6
2540,2143,25,1,5
2540,2143,25,2,6
2541,2143,25,1,1
2541,2143,25,2,4
2542,2143,25,1,4
2542,2143,25,2,7
2543,2143,25,1,0
2543,2143,25,2,3
2544,2143,25,1,0
2544,2143,25,2,7
2545,2143,25,1,3
2545,2143,25,2,5
2546,2143,25,1,4
2546,2143,25,2,7
2547,2143,25,1,4
2547,2143,25,2,7
2548,2143,25,1,3
2548,2143,25,2,4
2549,2143,25,1,0
2549,2143,25,2,1
2550,2143,25,1,0
2550,2143,25,2,1
2551,2143,25,1,3
2551,2143,25,2,4
2552,2143,25,1,0
2552,2143,25,2,1
2553,2143,25,1,0
2553,2143,25,2,2
2554,2143,25,1,0
2554,2143,25,2,4
2555,2143,25,1,0
2555,2143,25,2,1
2556,2143,25,1,4
2556,2143,25,2,7
2557,2143,25,1,0
2557,2143,25,2,4
2558,2143,25,1,5
2558,2143,25,2,6
2559,2143,25,1,2
2559,2143,25,2,6
2528,2143,26,1,0
2528,2143,26,2,6
2529,2143,26,1,0
2529,2143,26,2,1
2530,2143,26,1,1
2530,2143,26,2,5
2531,2143,26,1,0
2531,2143,26,2,7
2532,2143,26,1,2
2532,2143,26,2,6
2533,2143,26,1,1
2533,2143,26,2,7
2534,2143,26,1,1
2534,2143,26,2,5
2535,2143,26,1,2
2535,2143,26,2,3
2536,2143,26,1,3
2536,2143,26,2,4
2537,2143,26,1,2
2537,2143,26,2,7
2538,2143,26,1,3
2538,2143,26,2,6
2539,2143,26,1,1
2539,2143,26,2,7
2540,2143,26,1,2
2540,2143,26,2,5
2541,2143,26,1,5
2541,2143,26,2,6
2542,2143,26,1,4
2542,2143,26,2,7
2543,2143,26,1,6
2543,2143,26,2,7
2544,2143,26,1,1
2544,2143,26,2,7
2545,2143,26,1,0
2545,2143,26,2,6
2546,2143,26,1,1
2546,2143,26,2,7
2547,2143,26,1,4
2547,2143,26,2,7
2548,2143,26,1,0
2548,2143,26,2,4
2549,2143,26,1,3
2549,2143,26,2,4
2550,2143,26,1,3
2550,2143,26,2,5
2551,2143,26,1,4
2551,2143,26,2,5
2552,2143,26,1,2
2552,2143,26,2,4
2553,2143,26,1,0
2553,2143,26,2,3
2554,2143,26,1,0
2554,2143,26,2,3
2555,2143,26,1,4
2555,2143,26,2,7
2556,2143,26,1,0
2556,2143,26,2,1
2557,2143,26,1,0
2557,2143,26,2,5
2558,2143,26,1,2
2558,2143,26,2,5
2559,2143,26,1,1
2559,2143,26,2,4
2528,2143,27,1,0
2528,2143,27,2,4
2529,2143,27,1,0
2529,2143,27,2,7
2530,2143,27,1,2
2530,2143,27,2,3
2531,2143,27,1,0
2531,2143,27,2,3
2532,2143,27,1,4
2532,2143,27,2,5
2533,2143,27,1,4
2533,2143,27,2,5
2534,2143,27,1,6
2534,2143,27,2,7
2535,2143,27,1,4
2535,2143,27,2,6
2536,2143,27,1,1
2536,2143,27,2,4
2537,2143,27,1,0
2537,2143,27,2,4
2538,2143,27,1,1
2538,2143,27,2,5
2539,2143,27,1,1
2539,2143,27,2,3
2540,2143,27,1,4
2540,2143,27,2,7
2541,2143,27,1,2
2541,2143,27,2,4
2542,2143,27,1,1
2542,2143,27,2,4
2543,2143,27,1,4
2543,2143,27,2,7
2544,2143,27,1,3
2544,2143,27,2,4
2545,2143,27,1,6
2545,2143,27,2,7
2546,2143,27,1,1
2546,2143,27,2,6
2547,2143,27,1,2
2547,2143,27,2,4
2548,2143,27,1,1
2548,2143,27,2,6
2549,2143,27,1,0
2549,2143,27,2,3
2550,2143,27,1,0
2550,2143,27,2,5
2551,2143,27,1,0
2551,2143,27,2,7
2552,2143,27,1,3
2552,2143,27,2,4
2553,2143,27,1,1
2553,2143,27,2,5
2554,2143,27,1,2
2554,2143,27,2,3
2555,2143,27,1,1
2555,2143,27,2,7
2556,2143,27,1,0
2556,2143,27,2,6
2557,2143,27,1,1
2557,2143,27,2,5
2558,2143,27,1,3
2558,2143,27,2,6
2559,2143,27,1,5
2559,2143,27,2,6
2528,2143,28,1,2
2528,2143,28,2,7
2529,2143,28,1,2
2529,2143,28,2,4
2530,2143,28,1,1
2530,2143,28,2,7
2531,2143,28,1,2
2531,2143,28,2,7
2532,2143,28,1,6
2532,2143,28,2,7
2533,2143,28,1,3
2533,2143,28,2,7
2534,2143,28,1,4
2534,2143,28,2,7
2535,2143,28,1,5
2535,2143,28,2,7
2536,2143,28,1,4
2536,2143,28,2,6
2537,2143,28,1,2
2537,2143,28,2,7
2538,2143,28,1,3
2538,2143,28,2,5
2539,2143,28,1,3
2539,2143,28,2,6
2540,2143,28,1,3
2540,2143,28,2,4
2541,2143,28,1,1
2541,2143,28,2,2
2542,2143,28,1,0
2542,2143,28,2,2
2543,2143,28,1,3
2543,2143,28,2,6
2544,2143,28,1,1
2544,2143,28,2,4
2545,2143,28,1,2
2545,2143,28,2,7
2546,2143,28,1,3
2546,2143,28,2,7
2547,2143,28,1,0
2547,2143,28,2,6
2548,2143,28,1,5
2548,2143,28,2,6
2549,2143,28,1,0
2549,2143,28,2,2
2550,2143,28,1,1
2550,2143,28,2,6
2551,2143,28,1,4
2551,2143,28,2,6
2552,2143,28,1,4
2552,2143,28,2,7
2553,2143,28,1,6
2553,2143,28,2,7
2554,2143,28,1,1
2554,2143,28,2,4
2555,2143,28,1,0
2555,2143,28,2,6
2556,2143,28,1,0
2556,2143,28,2,6
2557,2143,28,1,0
2557,2143,28,2,4
2558,2143,28,1,0
2558,2143,28,2,1
2559,2143,28,1,1
2559,2143,28,2,3
2528,2143,29,1,1
2528,2143,29,2,5
2529,2143,29,1,1
2529,2143,29,2,4
2530,2143,29,1,4
2530,2143,29,2,7
2531,2143,29,1,5
2531,2143,29,2,7
2532,2143,29,1,0
2532,2143,29,2,7
2533,2143,29,1,1
2533,2143,29,2,4
2534,2143,29,1,1
2534,2143,29,2,3
2535,2143,29,1,2
2535,2143,29,2,4
2536,2143,29,1,1
2536,2143,29,2,2
2537,2143,29,1,2
2537,2143,29,2,5
2538,2143,29,1,6
2538,2143,29,2,7
2539,2143,29,1,1
2539,2143,29,2,4
2540,2143,29,1,4
2540,2143,29,2,5
2541,2143,29,1,1
2541,2143,29,2,7
2542,2143,29,1,3
2542,2143,29,2,4
2543,2143,29,1,1
2543,2143,29,2,3
2544,2143,29,1,2
2544,2143,29,2,6
2545,2143,29,1,1
2545,2143,29,2,3
2546,2143,29,1,0
2546,2143,29,2,1
2547,2143,29,1,6
2547,2143,29,2,7
2548,2143,29,1,1
2548,2143,29,2,6
2549,2143,29,1,5
2549,2143,29,2,7
2550,2143,29,1,2
2550,2143,29,2,4
2551,2143,29,1,1
2551,2143,29,2,3
2552,2143,29,1,0
2552,2143,29,2,6
2553,2143,29,1,0
2553,2143,29,2,2
2554,2143,29,1,5
2554,2143,29,2,6
2555,2143,29,1,1
2555,2143,29,2,5
2556,2143,29,1,4
2556,2143,29,2,7
2557,2143,29,1,4
2557,2143,29,2,5
2558,2143,29,1,4
2558,2143,29,2,7
2559,2143,29,1,0
2559,2143,29,2,1
2528,2143,30,1,1
2528,2143,30,2,6
2529,2143,30,1,1
2529,2143,30,2,6
2530,2143,30,1,6
2530,2143,30,2,7
2531,2143,30,1,0
2531,2143,30,2,7
2532,2143,30,1,2
2532,2143,30,2,6
2533,2143,30,1,1
2533,2143,30,2,6
2534,2143,30,1,0
2534,2143,30,2,1
2535,2143,30,1,3
2535,2143,30,2,5
2536,2143,30,1,2
2536,2143,30,2,4
2537,2143,30,1,0
2537,2143,30,2,1
2538,2143,30,1,2
2538,2143,30,2,6
2539,2143,30,1,2
2539,2143,30,2,4
2540,2143,30,1,0
2540,2143,30,2,7
2541,2143,30,1,1
2541,2143,30,2,4
2542,2143,30,1,2
2542,2143,30,2,6
2543,2143,30,1,0
2543,2143,30,2,3
2544,2143,30,1,5
2544,2143,30,2,7
2545,2143,30,1,1
2545,2143,30,2,6
2546,2143,30,1,0
2546,2143,30,2,5
2547,2143,30,1,6
2547,2143,30,2,7
2548,2143,30,1,3
2548,2143,30,2,4
2549,2143,30,1,2
2549,2143,30,2,5
2550,2143,30,1,4
2550,2143,30,2,7
2551,2143,30,1,5
2551,2143,30,2,7
2552,2143,30,1,3
2552,2143,30,2,6
2553,2143,30,1,5
2553,2143,30,2,6
2554,2143,30,1,2
2554,2143,30,2,5
2555,2143,30,1,2
2555,2143,30,2,6
2556,2143,30,1,0
2556,2143,30,2,6
2557,2143,30,1,2
2557,2143,30,2,6
2558,2143,30,1,2
2558,2143,30,2,4
2559,2143,30,1,4
2559,2143,30,2,7
2528,2143,31,1,5
2528,2143,31,2,7
2529,2143,31,1,0
2529,2143,31,2,7
2530,2143,31,1,0
2530,2143,31,2,3
2531,2143,31,1,1
2531,2143,31,2,6
2532,2143,31,1,3
2532,2143,31,2,7
2533,2143,31,1,4
2533,2143,31,2,6
2534,2143,31,1,3
2534,2143,31,2,5
2535,2143,31,1,0
2535,2143,31,2,7
2536,2143,31,1,0
2536,2143,31,2,4
2537,2143,31,1,3
2537,2143,31,2,7
2538,2143,31,1,1
2538,2143,31,2,5
2539,2143,31,1,2
2539,2143,31,2,7
2540,2143,31,1,0
2540,2143,31,2,5
2541,2143,31,1,3
2541,2143,31,2,4
2542,2143,31,1,2
2542,2143,31,2,7
2543,2143,31,1,0
2543,2143,31,2,4
2544,2143,31,1,4
2544,2143,31,2,6
2545,2143,31,1,1
2545,2143,31,2,3
2546,2143,31,1,2
2546,2143,31,2,4
2547,2143,31,1,1
2547,2143,31,2,5
2548,2143,31,1,1
2548,2143,31,2,6
2549,2143,31,1,1
2549,2143,31,2,5
2550,2143,31,1,1
2550,2143,31,2,7
2551,2143,31,1,4
2551,2143,31,2,7
2552,2143,31,1,2
2552,2143,31,2,3
2553,2143,31,1,2
2553,2143,31,2,5
2554,2143,31,1,4
2554,2143,31,2,7
2555,2143,31,1,2
2555,2143,31,2,7
2556,2143,31,1,3
2556,2143,31,2,6
2557,2143,31,1,3
2557,2143,31,2,5
2558,2143,31,1,1
2558,2143,31,2,2
2559,2143,31,1,0
2559,2143,31,2,4
2528,2144,0,1,0
2528,2144,0,2,5
2529,2144,0,1,0
2529,2144,0,2,5
2530,2144,0,1,3
2530,2144,0,2,6
2531,2144,0,1,1
2531,2144,0,2,7
2532,2144,0,1,1
2532,2144,0,2,7
2533,2144,0,1,1
2533,2144,0,2,6
2534,2144,0,1,5
2534,2144,0,2,7
2535,2144,0,1,0
2535,2144,0,2,1
2536,2144,0,1,1
2536,2144,0,2,5
2537,2144,0,1,3
2537,2144,0,2,5
2538,2144,0,1,0
2538,2144,0,2,6
2539,2144,0,1,4
2539,2144,0,2,6
2540,2144,0,1,6
2540,2144,0,2,7
2541,2144,0,1,5
2541,2144,0,2,6
2542,2144,0,1,0
2542,2144,0,2,5
2543,2144,0,1,0
2543,2144,0,2,3
2544,2144,0,1,1
2544,2144,0,2,3
2545,2144,0,1,3
2545,2144,0,2,4
2546,2144,0,1,0
2546,2144,0,2,5
2547,2144,0,1,0
2547,2144,0,2,2
2548,2144,0,1,4
2548,2144,0,2,6
2549,2144,0,1,0
2549,2144,0,2,3
2550,2144,0,1,2
2550,2144,0,2,5
2551,2144,0,1,0
2551,2144,0,2,4
2552,2144,0,1,4
2552,2144,0,2,5
2553,2144,0,1,0
2553,2144,0,2,3
2554,2144,0,1,3
2554,2144,0,2,6
2555,2144,0,1,3
2555,2144,0,2,7
2556,2144,0,1,4
2556,2144,0,2,7
2557,2144,0,1,0
2557,2144,0,2,1
2558,2144,0,1,4
2558,2144,0,2,5
2559,2144,0,1,0
2559,2144,0,2,1
2528,2144,1,1,3
2528,2144,1,2,6
2529,2144,1,1,1
2529,2144,1,2,7
2530,2144,1,1,1
2530,2144,1,2,3
2531,2144,1,1,3
2531,2144,1,2,6
2532,2144,1,1,2
2532,2144,1,2,6
2533,2144,1,1,0
2533,2144,1,2,2
2534,2144,1,1,4
2534,2144,1,2,6
2535,2144,1,1,5
2535,2144,1,2,6
2536,2144,1,1,0
2536,2144,1,2,5
2537,2144,1,1,0
2537,2144,1,2,2
2538,2144,1,1,2
2538,2144,1,2,4
2539,2144,1,1,1
2539,2144,1,2,4
2540,2144,1,1,4
2540,2144,1,2,7
2541,2144,1,1,3
2541,2144,1,2,6
2542,2144,1,1,6
2542,2144,1,2,7
2543,2144,1,1,0
2543,2144,1,2,7
2544,2144,1,1,0
2544,2144,1,2,1
2545,2144,1,1,2
2545,2144,1,2,7
2546,2144,1,1,2
2546,2144,1,2,5
2547,2144,1,1,1
2547,2144,1,2,2
2548,2144,1,1,3
2548,2144,1,2,7
2549,2144,1,1,0
2549,2144,1,2,2
2550,2144,1,1,1
2550,2144,1,2,6
2551,2144,1,1,4
2551,2144,1,2,5
2552,2144,1,1,2
2552,2144,1,2,3
2553,2144,1,1,5
2553,2144,1,2,6
2554,2144,1,1,2
2554,2144,1,2,6
2555,2144,1,1,0
2555,2144,1,2,3
2556,2144,1,1,2
2556,2144,1,2,4
2557,2144,1,1,3
2557,2144,1,2,6
2558,2144,1,1,2
2558,2144,1,2,3
2559,2144,1,1,1
2559,2144,1,2,5
2528,2144,2,1,2
2528,2144,2,2,4
2529,2144,2,1,3
2529,2144,2,2,6
2530,2144,2,1,1
2530,2144,2,2,2
2531,2144,2,1,1
2531,2144,2,2,6
2532,2144,2,1,4
2532,2144,2,2,7
2533,2144,2,1,2
2533,2144,2,2,3
2534,2144,2,1,2
2534,2144,2,2,4
2535,2144,2,1,2
2535,2144,2,2,5
2536,2144,2,1,3
2536,2144,2,2,6
2537,2144,2,1,1
2537,2144,2,2,4
2538,2144,2,1,4
2538,2144,2,2,7
2539,2144,2,1,0
2539,2144,2,2,7
2540,2144,2,1,4
2540,2144,2,2,5
2541,2144,2,1,4
2541,2144,2,2,7
2542,2144,2,1,3
2542,2144,2,2,5
2543,2144,2,1,0
2543,2144,2,2,2
2544,2144,2,1,0
2544,2144,2,2,1
2545,2144,2,1,0
2545,2144,2,2,1
2546,2144,2,1,3
2546,2144,2,2,6
2547,2144,2,1,4
2547,2144,2,2,5
2548,2144,2,1,1
2548,2144,2,2,3
2549,2144,2,1,5
2549,2144,2,2,7
2550,2144,2,1,3
2550,2144,2,2,6
2551,2144,2,1,0
2551,2144,2,2,4
2552,2144,2,1,3
2552,2144,2,2,4
2553,2144,2,1,0
2553,2144,2,2,6
2554,2144,2,1,4
2554,2144,2,2,7
2555,2144,2,1,6
2555,2144,2,2,7
2556,2144,2,1,2
2556,2144,2,2,6
2557,2144,2,1,6
2557,2144,2,2,7
2558,2144,2,1,1
2558,2144,2,2,6
2559,2144,2,1,6
2559,2144,2,2,7
2528,2144,3,1,4
2528,2144,3,2,6
2529,2144,3,1,1
2529,2144,3,2,4
2530,2144,3,1,4
2530,2144,3,2,5
2531,2144,3,1,0
2531,2144,3,2,3
2532,2144,3,1,1
2532,2144,3,2,5
2533,2144,3,1,0
2533,2144,3,2,4
2534,2144,3,1,3
2534,2144,3,2,7
2535,2144,3,1,2
2535,2144,3,2,4
2536,2144,3,1,1
2536,2144,3,2,4
2537,2144,3,1,1
2537,2144,3,2,5
2538,2144,3,1,4
2538,2144,3,2,5
2539,2144,3,1,4
2539,2144,3,2,6
2540,2144,3,1,0
2540,2144,3,2,5
2541,2144,3,1,0
2541,2144,3,2,4
2542,2144,3,1,2
2542,2144,3,2,6
2543,2144,3,1,2
2543,2144,3,2,5
2544,2144,3,1,0
2544,2144,3,2,4
2545,2144,3,1,0
2545,2144,3,2,5
2546,2144,3,1,1
2546,2144,3,2,4
2547,2144,3,1,3
2547,2144,3,2,4
2548,2144,3,1,1
2548,2144,3,2,6
2549,2144,3,1,5
2549,2144,3,2,6
2550,2144,3,1,2
2550,2144,3,2,6
2551,2144,3,1,0
2551,2144,3,2,5
2552,2144,3,1,0
2552,2144,3,2,4
2553,2144,3,1,0
2553,2144,3,2,3
2554,2144,3,1,0
2554,2144,3,2,2
2555,2144,3,1,1
2555,2144,3,2,5
2556,2144,3,1,2
2556,2144,3,2,6
2557,2144,3,1,0
2557,2144,3,2,2
2558,2144,3,1,1
2558,2144,3,2,7
2559,2144,3,1,3
2559,2144,3,2,5
2528,2144,4,1,1
2528,2144,4,2,5
2529,2144,4,1,3
2529,2144,4,2,4
2530,2144,4,1,2
2530,2144,4,2,3
2531,2144,4,1,0
2531,2144,4,2,4
2532,2144,4,1,0
2532,2144,4,2,3
2533,2144,4,1,1
2533,2144,4,2,5
2534,2144,4,1,4
2534,2144,4,2,7
2535,2144,4,1,1
2535,2144,4,2,6
2536,2144,4,1,3
2536,2144,4,2,5
2537,2144,4,1,0
2537,2144,4,2,2
2538,2144,4,1,3
2538,2144,4,2,6
2539,2144,4,1,4
2539,2144,4,2,5
2540,2144,4,1,1
2540,2144,4,2,2
2541,2144,4,1,1
2541,2144,4,2,7
2542,2144,4,1,3
2542,2144,4,2,6
2543,2144,4,1,3
2543,2144,4,2,4
2544,2144,4,1,0
2544,2144,4,2,1
2545,2144,4,1,4
2545,2144,4,2,7
2546,2144,4,1,1
2546,2144,4,2,2
2547,2144,4,1,2
2547,2144,4,2,6
2548,2144,4,1,0
2548,2144,4,2,1
2549,2144,4,1,2
2549,2144,4,2,3
2550,2144,4,1,3
2550,2144,4,2,7
2551,2144,4,1,5
2551,2144,4,2,6
2552,2144,4,1,3
2552,2144,4,2,6
2553,2144,4,1,3
2553,2144,4,2,4
2554,2144,4,1,1
2554,2144,4,2,7
2555,2144,4,1,3
2555,2144,4,2,7
2556,2144,4,1,4
2556,2144,4,2,6
2557,2144,4,1,1
2557,2144,4,2,4
2558,2144,4,1,0
2558,2144,4,2,2
2559,2144,4,1,0
2559,2144,4,2,2
2528,2144,5,1,2
2528,2144,5,2,6
2529,2144,5,1,0
2529,2144,5,2,3
2530,2144,5,1,4
2530,2144,5,2,7
2531,2144,5,1,0
2531,2144,5,2,5
2532,2144,5,1,0
2532,2144,5,2,7
2533,2144,5,1,0
2533,2144,5,2,7
2534,2144,5,1,3
2534,2144,5,2,7
2535,2144,5,1,4
2535,2144,5,2,5
2536,2144,5,1,3
2536,2144,5,2,4
2537,2144,5,1,0
2537,2144,5,2,2
2538,2144,5,1,1
2538,2144,5,2,3
2539,2144,5,1,5
2539,2144,5,2,6
2540,2144,5,1,3
2540,2144,5,2,6
2541,2144,5,1,2
2541,2144,5,2,4
2542,2144,5,1,5
2542,2144,5,2,6
2543,2144,5,1,4
2543,2144,5,2,6
2544,2144,5,1,1
2544,2144,5,2,6
2545,2144,5,1,1
2545,2144,5,2,5
2546,2144,5,1,3
2546,2144,5,2,5
2547,2144,5,1,4
2547,2144,5,2,5
2548,2144,5,1,0
2548,2144,5,2,4
2549,2144,5,1,0
2549,2144,5,2,2
2550,2144,5,1,4
2550,2144,5,2,6
2551,2144,5,1,1
2551,2144,5,2,4
2552,2144,5,1,0
2552,2144,5,2,7
2553,2144,5,1,1
2553,2144,5,2,6
2554,2144,5,1,3
2554,2144,5,2,4
2555,2144,5,1,1
2555,2144,5,2,5
2556,2144,5,1,5
2556,2144,5,2,7
2557,2144,5,1,2
2557,2144,5,2,5
2558,2144,5,1,3
2558,2144,5,2,4
2559,2144,5,1,4
2559,2144,5,2,6
2528,2144,6,1,3
2528,2144,6,2,6
2529,2144,6,1,5
2529,2144,6,2,6
2530,2144,6,1,0
2530,2144,6,2,7
2531,2144,6,1,6
2531,2144,6,2,7
2532,2144,6,1,0
2532,2144,6,2,3
2533,2144,6,1,3
2533,2144,6,2,6
2534,2144,6,1,3
2534,2144,6,2,7
2535,2144,6,1,1
2535,2144,6,2,2
2536,2144,6,1,6
2536,2144,6,2,7
2537,2144,6,1,5
2537,2144,6,2,6
2538,2144,6,1,3
2538,2144,6,2,6
2539,2144,6,1,5
2539,2144,6,2,7
2540,2144,6,1,6
2540,2144,6,2,7
2541,2144,6,1,0
2541,2144,6,2,4
2542,2144,6,1,5
2542,2144,6,2,7
2543,2144,6,1,3
2543,2144,6,2,6
2544,2144,6,1,6
2544,2144,6,2,7
2545,2144,6,1,6
2545,2144,6,2,7
2546,2144,6,1,6
2546,2144,6,2,7
2547,2144,6,1,1
2547,2144,6,2,6
2548,2144,6,1,3
2548,2144,6,2,5
2549,2144,6,1,3
2549,2144,6,2,5
2550,2144,6,1,1
2550,2144,6,2,6
2551,2144,6,1,5
2551,2144,6,2,6
2552,2144,6,1,2
2552,2144,6,2,5
2553,2144,6,1,4
2553,2144,6,2,6
2554,2144,6,1,2
2554,2144,6,2,3
2555,2144,6,1,0
2555,2144,6,2,1
2556,2144,6,1,4
2556,2144,6,2,5
2557,2144,6,1,4
2557,2144,6,2,5
2558,2144,6,1,4
2558,2144,6,2,7
2559,2144,6,1,1
2559,2144,6,2,4
2528,2144,7,1,3
2528,2144,7,2,5
2529,2144,7,1,0
2529,2144,7,2,7
2530,2144,7,1,2
2530,2144,7,2,3
2531,2144,7,1,2
2531,2144,7,2,7
2532,2144,7,1,1
2532,2144,7,2,3
2533,2144,7,1,0
2533,2144,7,2,2
2534,2144,7,1,3
2534,2144,7,2,6
2535,2144,7,1,4
2535,2144,7,2,6
2536,2144,7,1,0
2536,2144,7,2,3
2537,2144,7,1,2
2537,2144,7,2,3
2538,2144,7,1,0
2538,2144,7,2,5
2539,2144,7,1,3
2539,2144,7,2,4
2540,2144,7,1,2
2540,2144,7,2,6
2541,2144,7,1,3
2541,2144,7,2,4
2542,2144,7,1,3
2542,2144,7,2,5
2543,2144,7,1,0
2543,2144,7,2,1
2544,2144,7,1,3
2544,2144,7,2,5
2545,2144,7,1,2
2545,2144,7,2,7
2546,2144,7,1,0
2546,2144,7,2,4
2547,2144,7,1,3
2547,2144,7,2,5
2548,2144,7,1,0
2548,2144,7,2,5
2549,2144,7,1,1
2549,2144,7,2,5
2550,2144,7,1,3
2550,2144,7,2,6
2551,2144,7,1,2
2551,2144,7,2,5
2552,2144,7,1,3
2552,2144,7,2,6
2553,2144,7,1,1
2553,2144,7,2,6
2554,2144,7,1,3
2554,2144,7,2,7
2555,2144,7,1,3
2555,2144,7,2,6
2556,2144,7,1,1
2556,2144,7,2,7
2557,2144,7,1,0
2557,2144,7,2,1
2558,2144,7,1,0
2558,2144,7,2,1
2559,2144,7,1,6
2559,2144,7,2,7
2528,2144,8,1,0
2528,2144,8,2,6
2529,2144,8,1,1
2529,2144,8,2,6
2530,2144,8,1,1
2530,2144,8,2,3
2531,2144,8,1,2
2531,2144,8,2,4
2532,2144,8,1,0
2532,2144,8,2,3
2533,2144,8,1,3
2533,2144,8,2,4
2534,2144,8,1,4
2534,2144,8,2,5
2535,2144,8,1,2
2535,2144,8,2,6
2536,2144,8,1,2
2536,2144,8,2,4
2537,2144,8,1,0
2537,2144,8,2,7
2538,2144,8,1,0
2538,2144,8,2,2
2539,2144,8,1,4
2539,2144,8,2,5
2540,2144,8,1,6
2540,2144,8,2,7
2541,2144,8,1,0
2541,2144,8,2,3
2542,2144,8,1,3
2542,2144,8,2,7
2543,2144,8,1,0
2543,2144,8,2,2
2544,2144,8,1,5
2544,2144,8,2,7
2545,2144,8,1,2
2545,2144,8,2,5
2546,2144,8,1,4
2546,2144,8,2,7
2547,2144,8,1,4
2547,2144,8,2,7
2548,2144,8,1,4
2548,2144,8,2,5
2549,2144,8,1,1
2549,2144,8,2,7
2550,2144,8,1,1
2550,2144,8,2,3
2551,2144,8,1,3
2551,2144,8,2,7
2552,2144,8,1,1
2552,2144,8,2,4
2553,2144,8,1,4
2553,2144,8,2,6
2554,2144,8,1,3
2554,2144,8,2,6
2555,2144,8,1,1
2555,2144,8,2,2
2556,2144,8,1,0
2556,2144,8,2,4
2557,2144,8,1,1
2557,2144,8,2,3
2558,2144,8,1,3
2558,2144,8,2,4
2559,2144,8,1,2
2559,2144,8,2,3
2528,2144,9,1,4
2528,2144,9,2,6
2529,2144,9,1,0
2529,2144,9,2,6
2530,2144,9,1,2
2530,2144,9,2,7
2531,2144,9,1,3
2531,2144,9,2,4
2532,2144,9,1,2
2532,2144,9,2,7
2533,2144,9,1,1
2533,2144,9,2,4
2534,2144,9,1,0
2534,2144,9,2,4
2535,2144,9,1,1
2535,2144,9,2,2
2536,2144,9,1,0
2536,2144,9,2,4
2537,2144,9,1,0
2537,2144,9,2,2
2538,2144,9,1,0
2538,2144,9,2,3
2539,2144,9,1,2
2539,2144,9,2,6
2540,2144,9,1,3
2540,2144,9,2,5
2541,2144,9,1,0
2541,2144,9,2,4
2542,2144,9,1,3
2542,2144,9,2,5
2543,2144,9,1,0
2543,2144,9,2,3
2544,2144,9,1,0
2544,2144,9,2,5
2545,2144,9,1,0
2545,2144,9,2,4
2546,2144,9,1,1
2546,2144,9,2,5
2547,2144,9,1,0
2547,2144,9,2,1
2548,2144,9,1,2
2548,2144,9,2,7
2549,2144,9,1,0
2549,2144,9,2,2
2550,2144,9,1,2
2550,2144,9,2,7
2551,2144,9,1,3
2551,2144,9,2,5
2552,2144,9,1,0
2552,2144,9,2,1
2553,2144,9,1,0
2553,2144,9,2,5
2554,2144,9,1,0
2554,2144,9,2,7
2555,2144,9,1,1
2555,2144,9,2,6
2556,2144,9,1,4
2556,2144,9,2,6
2557,2144,9,1,2
2557,2144,9,2,7
2558,2144,9,1,1
2558,2144,9,2,2
2559,2144,9,1,4
2559,2144,9,2,6
2528,2144,10,1,2
2528,2144,10,2,6
2529,2144,10,1,3
2529,2144,10,2,7
2530,2144,10,1,3
2530,2144,10,2,7
2531,2144,10,1,3
2531,2144,10,2,5
2532,2144,10,1,0
2532,2144,10,2,6
2533,2144,10,1,2
2533,2144,10,2,6
2534,2144,10,1,4
2534,2144,10,2,7
2535,2144,10,1,1
2535,2144,10,2,4
2536,2144,10,1,1
2536,2144,10,2,4
2537,2144,10,1,0
2537,2144,10,2,6
2538,2144,10,1,1
2538,2144,10,2,3
2539,2144,10,1,2
2539,2144,10,2,6
2540,2144,10,1,3
2540,2144,10,2,5
2541,2144,10,1,3
2541,2144,10,2,5
2542,2144,10,1,3
2542,2144,10,2,4
2543,2144,10,1,5
2543,2144,10,2,6
2544,2144,10,1,3
2544,2144,10,2,7
2545,2144,10,1,3
2545,2144,10,2,6
2546,2144,10,1,5
2546,2144,10,2,7
2547,2144,10,1,2
2547,2144,10,2,5
2548,2144,10,1,0
2548,2144,10,2,5
2549,2144,10,1,4
2549,2144,10,2,6
2550,2144,10,1,0
2550,2144,10,2,6
2551,2144,10,1,0
2551,2144,10,2,3
2552,2144,10,1,2
2552,2144,10,2,3
2553,2144,10,1,0
2553,2144,10,2,7
2554,2144,10,1,0
2554,2144,10,2,4
2555,2144,10,1,0
2555,2144,10,2,5
2556,2144,10,1,0
2556,2144,10,2,4
2557,2144,10,1,1
2557,2144,10,2,5
2558,2144,10,1,0
2558,2144,10,2,2
2559,2144,10,1,0
2559,2144,10,2,7
2528,2144,11,1,2
2528,2144,11,2,7
2529,2144,11,1,5
2529,2144,11,2,6
2530,2144,11,1,0
2530,2144,11,2,2
2531,2144,11,1,4
2531,2144,11,2,6
2532,2144,11,1,0
2532,2144,11,2,6
2533,2144,11,1,3
2533,2144,11,2,6
2534,2144,11,1,6
2534,2144,11,2,7
2535,2144,11,1,1
2535,2144,11,2,4
2536,2144,11,1,0
2536,2144,11,2,3
2537,2144,11,1,0
2537,2144,11,2,5
2538,2144,11,1,2
2538,2144,11,2,4
2539,2144,11,1,6
2539,2144,11,2,7
2540,2144,11,1,1
2540,2144,11,2,5
2541,2144,11,1,0
2541,2144,11,2,6
2542,2144,11,1,0
2542,2144,11,2,4
2543,2144,11,1,5
2543,2144,11,2,7
2544,2144,11,1,5
2544,2144,11,2,7
2545,2144,11,1,0
2545,2144,11,2,7
2546,2144,11,1,0
2546,2144,11,2,5
2547,2144,11,1,2
2547,2144,11,2,4
2548,2144,11,1,1
2548,2144,11,2,3
2549,2144,11,1,3
2549,2144,11,2,7
2550,2144,11,1,2
2550,2144,11,2,6
2551,2144,11,1,2
2551,2144,11,2,7
2552,2144,11,1,2
2552,2144,11,2,5
2553,2144,11,1,3
2553,2144,11,2,4
2554,2144,11,1,4
2554,2144,11,2,7
2555,2144,11,1,1
2555,2144,11,2,2
2556,2144,11,1,0
2556,2144,11,2,2
2557,2144,11,1,0
2557,2144,11,2,1
2558,2144,11,1,3
2558,2144,11,2,4
2559,2144,11,1,4
2559,2144,11,2,7
2528,2144,12,1,1
2528,2144,12,2,4
2529,2144,12,1,3
2529,2144,12,2,7
2530,2144,12,1,1
2530,2144,12,2,7
2531,2144,12,1,4
2531,2144,12,2,7
2532,2144,12,1,1
2532,2144,12,2,4
2533,2144,12,1,0
2533,2144,12,2,7
2534,2144,12,1,3
2534,2144,12,2,5
2535,2144,12,1,1
2535,2144,12,2,4
2536,2144,12,1,6
2536,2144,12,2,7
2537,2144,12,1,4
2537,2144,12,2,5
2538,2144,12,1,5
2538,2144,12,2,6
2539,2144,12,1,2
2539,2144,12,2,5
2540,2144,12,1,1
2540,2144,12,2,2
2541,2144,12,1,1
2541,2144,12,2,4
2542,2144,12,1,2
2542,2144,12,2,3
2543,2144,12,1,2
2543,2144,12,2,4
2544,2144,12,1,5
2544,2144,12,2,7
2545,2144,12,1,1
2545,2144,12,2,4
2546,2144,12,1,0
2546,2144,12,2,1
2547,2144,12,1,2
2547,2144,12,2,3
2548,2144,12,1,1
2548,2144,12,2,4
2549,2144,12,1,0
2549,2144,12,2,4
2550,2144,12,1,2
2550,2144,12,2,7
2551,2144,12,1,2
2551,2144,12,2,5
2552,2144,12,1,5
2552,2144,12,2,7
2553,2144,12,1,4
2553,2144,12,2,6
2554,2144,12,1,1
2554,2144,12,2,7
2555,2144,12,1,3
2555,2144,12,2,6
2556,2144,12,1,3
2556,2144,12,2,6
2557,2144,12,1,0
2557,2144,12,2,2
2558,2144,12,1,3
2558,2144,12,2,5
2559,2144,12,1,3
2559,2144,12,2,5
2528,2144,13,1,0
2528,2144,13,2,7
2529,2144,13,1,0
2529,2144,13,2,1
2530,2144,13,1,1
2530,2144,13,2,2
2531,2144,13,1,4
2531,2144,13,2,6
2532,2144,13,1,4
2532,2144,13,2,6
2533,2144,13,1,5
2533,2144,13,2,7
2534,2144,13,1,1
2534,2144,13,2,2
2535,2144,13,1,1
2535,2144,13,2,6
2536,2144,13,1,4
2536,2144,13,2,5
2537,2144,13,1,0
2537,2144,13,2,3
2538,2144,13,1,1
2538,2144,13,2,3
2539,2144,13,1,3
2539,2144,13,2,6
2540,2144,13,1,3
2540,2144,13,2,4
2541,2144,13,1,4
2541,2144,13,2,5
2542,2144,13,1,2
2542,2144,13,2,3
2543,2144,13,1,6
2543,2144,13,2,7
2544,2144,13,1,1
2544,2144,13,2,7
2545,2144,13,1,0
2545,2144,13,2,3
2546,2144,13,1,2
2546,2144,13,2,3
2547,2144,13,1,0
2547,2144,13,2,2
2548,2144,13,1,0
2548,2144,13,2,7
2549,2144,13,1,6
2549,2144,13,2,7
2550,2144,13,1,2
2550,2144,13,2,6
2551,2144,13,1,4
2551,2144,13,2,6
2552,2144,13,1,0
2552,2144,13,2,7
2553,2144,13,1,1
2553,2144,13,2,7
2554,2144,13,1,3
2554,2144,13,2,5
2555,2144,13,1,3
2555,2144,13,2,6
2556,2144,13,1,1
2556,2144,13,2,2
2557,2144,13,1,1
2557,2144,13,2,3
2558,2144,13,1,2
2558,2144,13,2,3
2559,2144,13,1,1
2559,2144,13,2,6
2528,2144,14,1,4
2528,2144,14,2,5
2529,2144,14,1,2
2529,2144,14,2,3
2530,2144,14,1,0
2530,2144,14,2,5
2531,2144,14,1,0
2531,2144,14,2,2
2532,2144,14,1,1
2532,2144,14,2,6
2533,2144,14,1,4
2533,2144,14,2,5
2534,2144,14,1,1
2534,2144,14,2,5
2535,2144,14,1,3
2535,2144,14,2,5
2536,2144,14,1,1
2536,2144,14,2,7
2537,2144,14,1,1
2537,2144,14,2,5
2538,2144,14,1,4
2538,2144,14,2,5
2539,2144,14,1,0
2539,2144,14,2,7
2540,2144,14,1,1
2540,2144,14,2,4
2541,2144,14,1,1
2541,2144,14,2,5
2542,2144,14,1,5
2542,2144,14,2,7
2543,2144,14,1,2
2543,2144,14,2,4
2544,2144,14,1,4
2544,2144,14,2,6
2545,2144,14,1,4
2545,2144,14,2,6
2546,2144,14,1,0
2546,2144,14,2,2
2547,2144,14,1,4
2547,2144,14,2,6
2548,2144,14,1,6
2548,2144,14,2,7
2549,2144,14,1,4
2549,2144,14,2,5
2550,2144,14,1,0
2550,2144,14,2,2
2551,2144,14,1,6
2551,2144,14,2,7
2552,2144,14,1,1
2552,2144,14,2,4
2553,2144,14,1,5
2553,2144,14,2,6
2554,2144,14,1,1
2554,2144,14,2,3
2555,2144,14,1,2
2555,2144,14,2,5
2556,2144,14,1,3
2556,2144,14,2,5
2557,2144,14,1,2
2557,2144,14,2,6
2558,2144,14,1,4
2558,2144,14,2,5
2559,2144,14,1,5
2559,2144,14,2,7
2528,2144,15,1,1
2528,2144,15,2,4
2529,2144,15,1,6
2529,2144,15,2,7
2530,2144,15,1,4
2530,2144,15,2,6
2531,2144,15,1,2
2531,2144,15,2,6
2532,2144,15,1,0
2532,2144,15,2,3
2533,2144,15,1,2
2533,2144,15,2,5
2534,2144,15,1,2
2534,2144,15,2,5
2535,2144,15,1,1
2535,2144,15,2,7
2536,2144,15,1,2
2536,2144,15,2,3
2537,2144,15,1,2
2537,2144,15,2,4
2538,2144,15,1,3
2538,2144,15,2,7
2539,2144,15,1,3
2539,2144,15,2,5
2540,2144,15,1,4
2540,2144,15,2,7
2541,2144,15,1,0
2541,2144,15,2,5
2542,2144,15,1,6
2542,2144,15,2,7
2543,2144,15,1,4
2543,2144,15,2,6
2544,2144,15,1,1
2544,2144,15,2,5
2545,2144,15,1,2
2545,2144,15,2,3
2546,2144,15,1,0
2546,2144,15,2,2
2547,2144,15,1,0
2547,2144,15,2,5
2548,2144,15,1,5
2548,2144,15,2,7
2549,2144,15,1,0
2549,2144,15,2,5
2550,2144,15,1,1
2550,2144,15,2,2
2551,2144,15,1,3
2551,2144,15,2,6
2552,2144,15,1,1
2552,2144,15,2,5
2553,2144,15,1,2
2553,2144,15,2,6
2554,2144,15,1,1
2554,2144,15,2,3
2555,2144,15,1,4
2555,2144,15,2,5
2556,2144,15,1,4
2556,2144,15,2,7
2557,2144,15,1,1
2557,2144,15,2,7
2558,2144,15,1,3
2558,2144,15,2,7
2559,2144,15,1,3
2559,2144,15,2,6
2528,2144,16,1,2
2528,2144,16,2,6
2529,2144,16,1,0
2529,2144,16,2,7
2530,2144,16,1,4
2530,2144,16,2,6
2531,2144,16,1,0
2531,2144,16,2,4
2532,2144,16,1,0
2532,2144,16,2,6
2533,2144,16,1,1
2533,2144,16,2,3
2534,2144,16,1,0
2534,2144,16,2,2
2535,2144,16,1,1
2535,2144,16,2,2
2536,2144,16,1,2
2536,2144,16,2,3
2537,2144,16,1,2
2537,2144,16,2,4
2538,2144,16,1,4
2538,2144,16,2,6
2539,2144,16,1,6
2539,2144,16,2,7
2540,2144,16,1,3
2540,2144,16,2,4
2541,2144,16,1,2
2541,2144,16,2,7
2542,2144,16,1,0
2542,2144,16,2,6
2543,2144,16,1,3
2543,2144,16,2,5
2544,2144,16,1,4
2544,2144,16,2,7
2545,2144,16,1,5
2545,2144,16,2,7
2546,2144,16,1,0
2546,2144,16,2,6
2547,2144,16,1,1
2547,2144,16,2,2
2548,2144,16,1,3
2548,2144,16,2,5
2549,2144,16,1,0
2549,2144,16,2,4
2550,2144,16,1,4
2550,2144,16,2,6
2551,2144,16,1,4
2551,2144,16,2,6
2552,2144,16,1,0
2552,2144,16,2,6
2553,2144,16,1,0
2553,2144,16,2,3
2554,2144,16,1,0
2554,2144,16,2,3
2555,2144,16,1,0
2555,2144,16,2,7
2556,2144,16,1,0
2556,2144,16,2,1
2557,2144,16,1,1
2557,2144,16,2,5
2558,2144,16,1,0
2558,2144,16,2,7
2559,2144,16,1,2
2559,2144,16,2,4
2528,2144,17,1,1
2528,2144,17,2,5
2529,2144,17,1,3
2529,2144,17,2,6
2530,2144,17,1,1
2530,2144,17,2,7
2531,2144,17,1,0
2531,2144,17,2,5
2532,2144,17,1,5
2532,2144,17,2,7
2533,2144,17,1,1
2533,2144,17,2,6
2534,2144,17,1,4
2534,2144,17,2,7
2535,2144,17,1,4
2535,2144,17,2,6
2536,2144,17,1,3
2536,2144,17,2,6
2537,2144,17,1,0
2537,2144,17,2,1
2538,2144,17,1,1
2538,2144,17,2,6
2539,2144,17,1,2
2539,2144,17,2,5
2540,2144,17,1,2
2540,2144,17,2,3
2541,2144,17,1,6
2541,2144,17,2,7
2542,2144,17,1,2
2542,2144,17,2,5
2543,2144,17,1,0
2543,2144,17,2,6
2544,2144,17,1,1
2544,2144,17,2,5
2545,2144,17,1,4
2545,2144,17,2,7
2546,2144,17,1,0
2546,2144,17,2,7
2547,2144,17,1,1
2547,2144,17,2,2
2548,2144,17,1,2
2548,2144,17,2,4
2549,2144,17,1,1
2549,2144,17,2,7
2550,2144,17,1,2
2550,2144,17,2,4
2551,2144,17,1,0
2551,2144,17,2,3
2552,2144,17,1,1
2552,2144,17,2,7
2553,2144,17,1,1
2553,2144,17,2,2
2554,2144,17,1,1
2554,2144,17,2,6
2555,2144,17,1,1
2555,2144,17,2,6
2556,2144,17,1,3
2556,2144,17,2,6
2557,2144,17,1,4
2557,2144,17,2,7
2558,2144,17,1,2
2558,2144,17,2,6
2559,2144,17,1,0
2559,2144,17,2,4
2528,2144,18,1,3
2528,2144,18,2,7
2529,2144,18,1,4
2529,2144,18,2,6
2530,2144,18,1,3
2530,2144,18,2,7
2531,2144,18,1,1
2531,2144,18,2,2
2532,2144,18,1,3
2532,2144,18,2,7
2533,2144,18,1,4
2533,2144,18,2,7
2534,2144,18,1,4
2534,2144,18,2,5
2535,2144,18,1,2
2535,2144,18,2,7
2536,2144,18,1,3
2536,2144,18,2,6
2537,2144,18,1,2
2537,2144,18,2,6
2538,2144,18,1,3
2538,2144,18,2,7
2539,2144,18,1,5
2539,2144,18,2,6
2540,2144,18,1,5
2540,2144,18,2,6
2541,2144,18,1,0
2541,2144,18,2,6
2542,2144,18,1,1
2542,2144,18,2,5
2543,2144,18,1,0
2543,2144,18,2,2
2544,2144,18,1,5
2544,2144,18,2,7
2545,2144,18,1,1
2545,2144,18,2,6
2546,2144,18,1,2
2546,2144,18,2,5
2547,2144,18,1,3
2547,2144,18,2,4
2548,2144,18,1,2
2548,2144,18,2,7
2549,2144,18,1,4
2549,2144,18,2,7
2550,2144,18,1,5
2550,2144,18,2,6
2551,2144,18,1,1
2551,2144,18,2,6
2552,2144,18,1,1
2552,2144,18,2,2
2553,2144,18,1,1
2553,2144,18,2,2
2554,2144,18,1,4
2554,2144,18,2,7
2555,2144,18,1,0
2555,2144,18,2,6
2556,2144,18,1,5
2556,2144,18,2,6
2557,2144,18,1,4
2557,2144,18,2,5
2558,2144,18,1,0
2558,2144,18,2,1
2559,2144,18,1,5
2559,2144,18,2,7
2528,2144,19,1,2
2528,2144,19,2,3
2529,2144,19,1,0
2529,2144,19,2,4
2530,2144,19,1,2
2530,2144,19,2,6
2531,2144,19,1,2
2531,2144,19,2,7
2532,2144,19,1,0
2532,2144,19,2,3
2533,2144,19,1,0
2533,2144,19,2,1
2534,2144,19,1,0
2534,2144,19,2,6
2535,2144,19,1,5
2535,2144,19,2,6
2536,2144,19,1,2
2536,2144,19,2,6
2537,2144,19,1,1
2537,2144,19,2,5
2538,2144,19,1,1
2538,2144,19,2,6
2539,2144,19,1,2
2539,2144,19,2,7
2540,2144,19,1,3
2540,2144,19,2,5
2541,2144,19,1,2
2541,2144,19,2,6
2542,2144,19,1,3
2542,2144,19,2,5
2543,2144,19,1,3
2543,2144,19,2,5
2544,2144,19,1,3
2544,2144,19,2,5
2545,2144,19,1,0
2545,2144,19,2,2
2546,2144,19,1,4
2546,2144,19,2,5
2547,2144,19,1,4
2547,2144,19,2,6
2548,2144,19,1,3
2548,2144,19,2,7
2549,2144,19,1,1
2549,2144,19,2,6
2550,2144,19,1,2
2550,2144,19,2,5
2551,2144,19,1,0
2551,2144,19,2,5
2552,2144,19,1,2
2552,2144,19,2,6
2553,2144,19,1,3
2553,2144,19,2,7
2554,2144,19,1,1
2554,2144,19,2,6
2555,2144,19,1,1
2555,2144,19,2,2
2556,2144,19,1,2
2556,2144,19,2,6
2557,2144,19,1,2
2557,2144,19,2,5
2558,2144,19,1,0
2558,2144,19,2,7
2559,2144,19,1,3
2559,2144,19,2,7
2528,2144,20,1,2
2528,2144,20,2,6
2529,2144,20,1,0
2529,2144,20,2,3
2530,2144,20,1,0
2530,2144,20,2,7
2531,2144,20,1,6
2531,2144,20,2,7
2532,2144,20,1,1
2532,2144,20,2,7
2533,2144,20,1,0
2533,2144,20,2,4
2534,2144,20,1,0
2534,2144,20,2,7
2535,2144,20,1,4
2535,2144,20,2,5
2536,2144,20,1,3
2536,2144,20,2,4
2537,2144,20,1,1
2537,2144,20,2,5
2538,2144,20,1,5
2538,2144,20,2,7
2539,2144,20,1,5
2539,2144,20,2,7
2540,2144,20,1,1
2540,2144,20,2,3
2541,2144,20,1,0
2541,2144,20,2,5
2542,2144,20,1,1
2542,2144,20,2,4
2543,2144,20,1,2
2543,2144,20,2,5
2544,2144,20,1,1
2544,2144,20,2,7
2545,2144,20,1,0
2545,2144,20,2,7
2546,2144,20,1,2
2546,2144,20,2,7
2547,2144,20,1,1
2547,2144,20,2,6
2548,2144,20,1,0
2548,2144,20,2,3
2549,2144,20,1,3
2549,2144,20,2,4
2550,2144,20,1,1
2550,2144,20,2,2
2551,2144,20,1,5
2551,2144,20,2,7
2552,2144,20,1,1
2552,2144,20,2,3
2553,2144,20,1,3
2553,2144,20,2,7
2554,2144,20,1,0
2554,2144,20,2,6
2555,2144,20,1,5
2555,2144,20,2,6
2556,2144,20,1,4
2556,2144,20,2,5
2557,2144,20,1,0
2557,2144,20,2,5
2558,2144,20,1,5
2558,2144,20,2,6
2559,2144,20,1,1
2559,2144,20,2,4
2528,2144,21,1,2
2528,2144,21,2,6
2529,2144,21,1,1
2529,2144,21,2,7
2530,2144,21,1,0
2530,2144,21,2,1
2531,2144,21,1,0
2531,2144,21,2,5
2532,2144,21,1,2
2532,2144,21,2,5
2533,2144,21,1,0
2533,2144,21,2,2
2534,2144,21,1,1
2534,2144,21,2,2
2535,2144,21,1,4
2535,2144,21,2,5
2536,2144,21,1,3
2536,2144,21,2,4
2537,2144,21,1,4
2537,2144,21,2,5
2538,2144,21,1,0
2538,2144,21,2,2
2539,2144,21,1,4
2539,2144,21,2,7
2540,2144,21,1,2
2540,2144,21,2,7
2541,2144,21,1,1
2541,2144,21,2,6
2542,2144,21,1,0
2542,2144,21,2,4
2543,2144,21,1,2
2543,2144,21,2,6
2544,2144,21,1,5
2544,2144,21,2,6
2545,2144,21,1,0
2545,2144,21,2,5
2546,2144,21,1,0
2546,2144,21,2,4
2547,2144,21,1,0
2547,2144,21,2,7
2548,2144,21,1,2
2548,2144,21,2,3
2549,2144,21,1,4
2549,2144,21,2,7
2550,2144,21,1,4
2550,2144,21,2,5
2551,2144,21,1,0
2551,2144,21,2,7
2552,2144,21,1,6
2552,2144,21,2,7
2553,2144,21,1,2
2553,2144,21,2,7
2554,2144,21,1,4
2554,2144,21,2,7
2555,2144,21,1,5
2555,2144,21,2,7
2556,2144,21,1,4
2556,2144,21,2,7
2557,2144,21,1,4
2557,2144,21,2,6
2558,2144,21,1,0
2558,2144,21,2,7
2559,2144,21,1,4
2559,2144,21,2,7
2528,2144,22,1,3
2528,2144,22,2,4
2529,2144,22,1,4
2529,2144,22,2,6
2530,2144,22,1,2
2530,2144,22,2,5
2531,2144,22,1,1
2531,2144,22,2,7
2532,2144,22,1,2
2532,2144,22,2,5
2533,2144,22,1,2
2533,2144,22,2,3
2534,2144,22,1,1
2534,2144,22,2,6
2535,2144,22,1,0
2535,2144,22,2,7
2536,2144,22,1,5
2536,2144,22,2,6
2537,2144,22,1,2
2537,2144,22,2,4
2538,2144,22,1,0
2538,2144,22,2,5
2539,2144,22,1,2
2539,2144,22,2,7
2540,2144,22,1,6
2540,2144,22,2,7
2541,2144,22,1,0
2541,2144,22,2,7
2542,2144,22,1,1
2542,2144,22,2,6
2543,2144,22,1,1
2543,2144,22,2,3
2544,2144,22,1,0
2544,2144,22,2,3
2545,2144,22,1,1
2545,2144,22,2,6
2546,2144,22,1,2
2546,2144,22,2,3
2547,2144,22,1,3
2547,2144,22,2,7
2548,2144,22,1,1
2548,2144,22,2,6
2549,2144,22,1,0
2549,2144,22,2,4
2550,2144,22,1,4
2550,2144,22,2,7
2551,2144,22,1,1
2551,2144,22,2,2
2552,2144,22,1,1
2552,2144,22,2,6
2553,2144,22,1,4
2553,2144,22,2,5
2554,2144,22,1,2
2554,2144,22,2,3
2555,2144,22,1,1
2555,2144,22,2,6
2556,2144,22,1,0
2556,2144,22,2,1
2557,2144,22,1,0
2557,2144,22,2,3
2558,2144,22,1,5
2558,2144,22,2,6
2559,2144,22,1,2
2559,2144,22,2,3
2528,2144,23,1,2
2528,2144,23,2,3
2529,2144,23,1,0
2529,2144,23,2,1
2530,2144,23,1,2
2530,2144,23,2,5
2531,2144,23,1,0
2531,2144,23,2,3
2532,2144,23,1,5
2532,2144,23,2,6
2533,2144,23,1,2
2533,2144,23,2,6
2534,2144,23,1,3
2534,2144,23,2,7
2535,2144,23,1,0
2535,2144,23,2,1
2536,2144,23,1,0
2536,2144,23,2,2
2537,2144,23,1,2
2537,2144,23,2,3
2538,2144,23,1,4
2538,2144,23,2,7
2539,2144,23,1,1
2539,2144,23,2,3
2540,2144,23,1,0
2540,2144,23,2,6
2541,2144,23,1,1
2541,2144,23,2,6
2542,2144,23,1,4
2542,2144,23,2,6
2543,2144,23,1,0
2543,2144,23,2,7
2544,2144,23,1,2
2544,2144,23,2,5
2545,2144,23,1,1
2545,2144,23,2,7
2546,2144,23,1,1
2546,2144,23,2,5
2547,2144,23,1,1
2547,2144,23,2,6
2548,2144,23,1,1
2548,2144,23,2,2
2549,2144,23,1,0
2549,2144,23,2,7
2550,2144,23,1,5
2550,2144,23,2,7
2551,2144,23,1,2
2551,2144,23,2,7
2552,2144,23,1,1
2552,2144,23,2,4
2553,2144,23,1,2
2553,2144,23,2,6
2554,2144,23,1,0
2554,2144,23,2,7
2555,2144,23,1,4
2555,2144,23,2,5
2556,2144,23,1,2
2556,2144,23,2,5
2557,2144,23,1,4
2557,2144,23,2,7
2558,2144,23,1,2
2558,2144,23,2,3
2559,2144,23,1,0
2559,2144,23,2,2
2528,2144,24,1,1
2528,2144,24,2,2
2529,2144,24,1,2
2529,2144,24,2,6
2530,2144,24,1,1
2530,2144,24,2,4
2531,2144,24,1,3
2531,2144,24,2,7
2532,2144,24,1,0
2532,2144,24,2,5
2533,2144,24,1,2
2533,2144,24,2,6
2534,2144,24,1,1
2534,2144,24,2,4
2535,2144,24,1,0
2535,2144,24,2,3
2536,2144,24,1,2
2536,2144,24,2,6
2537,2144,24,1,0
2537,2144,24,2,3
2538,2144,24,1,1
2538,2144,24,2,6
2539,2144,24,1,5
2539,2144,24,2,6
2540,2144,24,1,0
2540,2144,24,2,7
2541,2144,24,1,0
2541,2144,24,2,1
2542,2144,24,1,1
2542,2144,24,2,3
2543,2144,24,1,5
2543,2144,24,2,7
2544,2144,24,1,0
2544,2144,24,2,6
2545,2144,24,1,4
2545,2144,24,2,6
2546,2144,24,1,0
2546,2144,24,2,3
2547,2144,24,1,4
2547,2144,24,2,5
2548,2144,24,1,2
2548,2144,24,2,3
2549,2144,24,1,3
2549,2144,24,2,6
2550,2144,24,1,3
2550,2144,24,2,6
2551,2144,24,1,3
2551,2144,24,2,7
2552,2144,24,1,1
2552,2144,24,2,4
2553,2144,24,1,3
2553,2144,24,2,7
2554,2144,24,1,3
2554,2144,24,2,5
2555,2144,24,1,4
2555,2144,24,2,6
2556,2144,24,1,2
2556,2144,24,2,4
2557,2144,24,1,3
2557,2144,24,2,6
2558,2144,24,1,0
2558,2144,24,2,1
2559,2144,24,1,1
2559,2144,24,2,5
2528,2144,25,1,1
2528,2144,25,2,7
2529,2144,25,1,1
2529,2144,25,2,3
2530,2144,25,1,4
2530,2144,25,2,6
2531,2144,25,1,1
2531,2144,25,2,2
2532,2144,25,1,3
2532,2144,25,2,5
2533,2144,25,1,1
2533,2144,25,2,2
2534,2144,25,1,0
2534,2144,25,2,3
2535,2144,25,1,4
2535,2144,25,2,7
2536,2144,25,1,1
2536,2144,25,2,5
2537,2144,25,1,0
2537,2144,25,2,4
2538,2144,25,1,3
2538,2144,25,2,5
2539,2144,25,1,0
2539,2144,25,2,6
2540,2144,25,1,2
2540,2144,25,2,7
2541,2144,25,1,0
2541,2144,25,2,6
2542,2144,25,1,2
2542,2144,25,2,5
2543,2144,25,1,3
2543,2144,25,2,5
2544,2144,25,1,2
2544,2144,25,2,5
2545,2144,25,1,0
2545,2144,25,2,3
2546,2144,25,1,1
2546,2144,25,2,3
2547,2144,25,1,1
2547,2144,25,2,5
2548,2144,25,1,4
2548,2144,25,2,6
2549,2144,25,1,0
2549,2144,25,2,6
2550,2144,25,1,3
2550,2144,25,2,4
2551,2144,25,1,5
2551,2144,25,2,7
2552,2144,25,1,2
2552,2144,25,2,3
2553,2144,25,1,1
2553,2144,25,2,6
2554,2144,25,1,0
2554,2144,25,2,7
2555,2144,25,1,2
2555,2144,25,2,7
2556,2144,25,1,4
2556,2144,25,2,6
2557,2144,25,1,0
2557,2144,25,2,1
2558,2144,25,1,1
2558,2144,25,2,4
2559,2144,25,1,3
2559,2144,25,2,6
2528,2144,26,1,5
2528,2144,26,2,7
2529,2144,26,1,1
2529,2144,26,2,6
2530,2144,26,1,5
2530,2144,26,2,6
2531,2144,26,1,2
2531,2144,26,2,6
2532,2144,26,1,4
2532,2144,26,2,7
2533,2144,26,1,2
2533,2144,26,2,4
2534,2144,26,1,0
2534,2144,26,2,3
2535,2144,26,1,2
2535,2144,26,2,7
2536,2144,26,1,2
2536,2144,26,2,6
2537,2144,26,1,3
2537,2144,26,2,5
2538,2144,26,1,1
2538,2144,26,2,6
2539,2144,26,1,1
2539,2144,26,2,3
2540,2144,26,1,5
2540,2144,26,2,7
2541,2144,26,1,1
2541,2144,26,2,3
2542,2144,26,1,1
2542,2144,26,2,2
2543,2144,26,1,2
2543,2144,26,2,3
2544,2144,26,1,1
2544,2144,26,2,5
2545,2144,26,1,2
2545,2144,26,2,5
2546,2144,26,1,4
2546,2144,26,2,6
2547,2144,26,1,2
2547,2144,26,2,4
2548,2144,26,1,3
2548,2144,26,2,7
2549,2144,26,1,4
2549,2144,26,2,6
2550,2144,26,1,4
2550,2144,26,2,7
2551,2144,26,1,2
2551,2144,26,2,4
2552,2144,26,1,3
2552,2144,26,2,5
2553,2144,26,1,0
2553,2144,26,2,1
2554,2144,26,1,0
2554,2144,26,2,4
2555,2144,26,1,0
2555,2144,26,2,3
2556,2144,26,1,0
2556,2144,26,2,6
2557,2144,26,1,0
2557,2144,26,2,5
2558,2144,26,1,0
2558,2144,26,2,2
2559,2144,26,1,2
2559,2144,26,2,4
2528,2144,27,1,4
2528,2144,27,2,5
2529,2144,27,1,1
2529,2144,27,2,6
2530,2144,27,1,6
2530,2144,27,2,7
2531,2144,27,1,2
2531,2144,27,2,3
2532,2144,27,1,0
2532,2144,27,2,2
2533,2144,27,1,3
2533,2144,27,2,4
2534,2144,27,1,4
2534,2144,27,2,5
2535,2144,27,1,3
2535,2144,27,2,7
2536,2144,27,1,1
2536,2144,27,2,3
2537,2144,27,1,0
2537,2144,27,2,4
2538,2144,27,1,0
2538,2144,27,2,1
2539,2144,27,1,2
2539,2144,27,2,3
2540,2144,27,1,0
2540,2144,27,2,1
2541,2144,27,1,3
2541,2144,27,2,6
2542,2144,27,1,1
2542,2144,27,2,2
2543,2144,27,1,1
2543,2144,27,2,4
2544,2144,27,1,0
2544,2144,27,2,3
2545,2144,27,1,2
2545,2144,27,2,5
2546,2144,27,1,3
2546,2144,27,2,5
2547,2144,27,1,2
2547,2144,27,2,6
2548,2144,27,1,2
2548,2144,27,2,6
2549,2144,27,1,0
2549,2144,27,2,2
2550,2144,27,1,1
2550,2144,27,2,7
2551,2144,27,1,5
2551,2144,27,2,6
2552,2144,27,1,2
2552,2144,27,2,6
2553,2144,27,1,2
2553,2144,27,2,7
2554,2144,27,1,3
2554,2144,27,2,4
2555,2144,27,1,6
2555,2144,27,2,7
2556,2144,27,1,2
2556,2144,27,2,7
2557,2144,27,1,4
2557,2144,27,2,7
2558,2144,27,1,0
2558,2144,27,2,1
2559,2144,27,1,1
2559,2144,27,2,3
2528,2144,28,1,0
2528,2144,28,2,2
2529,2144,28,1,0
2529,2144,28,2,3
2530,2144,28,1,1
2530,2144,28,2,7
2531,2144,28,1,0
2531,2144,28,2,3
2532,2144,28,1,2
2532,2144,28,2,4
2533,2144,28,1,3
2533,2144,28,2,6
2534,2144,28,1,1
2534,2144,28,2,6
2535,2144,28,1,0
2535,2144,28,2,6
2536,2144,28,1,0
2536,2144,28,2,5
2537,2144,28,1,5
2537,2144,28,2,7
2538,2144,28,1,3
2538,2144,28,2,7
2539,2144,28,1,6
2539,2144,28,2,7
2540,2144,28,1,3
2540,2144,28,2,7
2541,2144,28,1,1
2541,2144,28,2,7
2542,2144,28,1,0
2542,2144,28,2,6
2543,2144,28,1,0
2543,2144,28,2,6
2544,2144,28,1,2
2544,2144,28,2,6
2545,2144,28,1,0
2545,2144,28,2,5
2546,2144,28,1,1
2546,2144,28,2,6
2547,2144,28,1,3
2547,2144,28,2,7
2548,2144,28,1,4
2548,2144,28,2,7
2549,2144,28,1,0
2549,2144,28,2,3
2550,2144,28,1,4
2550,2144,28,2,6
2551,2144,28,1,0
2551,2144,28,2,2
2552,2144,28,1,1
2552,2144,28,2,5
2553,2144,28,1,4
2553,2144,28,2,5
2554,2144,28,1,1
2554,2144,28,2,5
2555,2144,28,1,5
2555,2144,28,2,6
2556,2144,28,1,4
2556,2144,28,2,7
2557,2144,28,1,2
2557,2144,28,2,3
2558,2144,28,1,0
2558,2144,28,2,7
2559,2144,28,1,6
2559,2144,28,2,7
2528,2144,29,1,0
2528,2144,29,2,1
2529,2144,29,1,0
2529,2144,29,2,6
2530,2144,29,1,5
2530,2144,29,2,7
2531,2144,29,1,0
2531,2144,29,2,6
2532,2144,29,1,3
2532,2144,29,2,6
2533,2144,29,1,1
2533,2144,29,2,4
2534,2144,29,1,3
2534,2144,29,2,7
2535,2144,29,1,1
2535,2144,29,2,6
2536,2144,29,1,3
2536,2144,29,2,4
2537,2144,29,1,5
2537,2144,29,2,7
2538,2144,29,1,3
2538,2144,29,2,7
2539,2144,29,1,0
2539,2144,29,2,6
2540,2144,29,1,5
2540,2144,29,2,6
2541,2144,29,1,0
2541,2144,29,2,7
2542,2144,29,1,3
2542,2144,29,2,4
2543,2144,29,1,3
2543,2144,29,2,5
2544,2144,29,1,1
2544,2144,29,2,4
2545,2144,29,1,4
2545,2144,29,2,6
2546,2144,29,1,2
2546,2144,29,2,6
2547,2144,29,1,0
2547,2144,29,2,7
2548,2144,29,1,4
2548,2144,29,2,6
2549,2144,29,1,5
2549,2144,29,2,6
2550,2144,29,1,0
2550,2144,29,2,6
2551,2144,29,1,6
2551,2144,29,2,7
2552,2144,29,1,4
2552,2144,29,2,6
2553,2144,29,1,3
2553,2144,29,2,6
2554,2144,29,1,2
2554,2144,29,2,5
2555,2144,29,1,5
2555,2144,29,2,7
2556,2144,29,1,0
2556,2144,29,2,2
2557,2144,29,1,2
2557,2144,29,2,7
2558,2144,29,1,3
2558,2144,29,2,6
2559,2144,29,1,1
2559,2144,29,2,3
2528,2144,30,1,2
2528,2144,30,2,4
2529,2144,30,1,2
2529,2144,30,2,5
2530,2144,30,1,1
2530,2144,30,2,5
2531,2144,30,1,1
2531,2144,30,2,3
2532,2144,30,1,2
2532,2144,30,2,3
2533,2144,30,1,2
2533,2144,30,2,5
2534,2144,30,1,2
2534,2144,30,2,3
2535,2144,30,1,0
2535,2144,30,2,5
2536,2144,30,1,6
2536,2144,30,2,7
2537,2144,30,1,5
2537,2144,30,2,6
2538,2144,30,1,5
2538,2144,30,2,6
2539,2144,30,1,1
2539,2144,30,2,6
2540,2144,30,1,1
2540,2144,30,2,3
2541,2144,30,1,0
2541,2144,30,2,1
2542,2144,30,1,5
2542,2144,30,2,6
2543,2144,30,1,3
2543,2144,30,2,4
2544,2144,30,1,1
2544,2144,30,2,3
2545,2144,30,1,3
2545,2144,30,2,4
2546,2144,30,1,6
2546,2144,30,2,7
2547,2144,30,1,3
2547,2144,30,2,5
2548,2144,30,1,1
2548,2144,30,2,7
2549,2144,30,1,0
2549,2144,30,2,3
2550,2144,30,1,1
2550,2144,30,2,2
2551,2144,30,1,4
2551,2144,30,2,5
2552,2144,30,1,3
2552,2144,30,2,4
2553,2144,30,1,2
2553,2144,30,2,6
2554,2144,30,1,0
2554,2144,30,2,2
2555,2144,30,1,0
2555,2144,30,2,7
2556,2144,30,1,0
2556,2144,30,2,5
2557,2144,30,1,3
2557,2144,30,2,5
2558,2144,30,1,6
2558,2144,30,2,7
2559,2144,30,1,0
2559,2144,30,2,2
2528,2144,31,1,1
2528,2144,31,2,2
2529,2144,31,1,6
2529,2144,31,2,7
2530,2144,31,1,2
2530,2144,31,2,5
2531,2144,31,1,0
2531,2144,31,2,7
2532,2144,31,1,3
2532,2144,31,2,4
2533,2144,31,1,3
2533,2144,31,2,6
2534,2144,31,1,1
2534,2144,31,2,6
2535,2144,31,1,2
2535,2144,31,2,7
2536,2144,31,1,3
2536,2144,31,2,7
2537,2144,31,1,4
2537,2144,31,2,6
2538,2144,31,1,4
2538,2144,31,2,6
2539,2144,31,1,1
2539,2144,31,2,2
2540,2144,31,1,2
2540,2144,31,2,5
2541,2144,31,1,3
2541,2144,31,2,4
2542,2144,31,1,2
2542,2144,31,2,6
2543,2144,31,1,2
2543,2144,31,2,4
2544,2144,31,1,0
2544,2144,31,2,3
2545,2144,31,1,2
2545,2144,31,2,6
2546,2144,31,1,3
2546,2144,31,2,5
2547,2144,31,1,0
2547,2144,31,2,6
2548,2144,31,1,0
2548,2144,31,2,2
2549,2144,31,1,0
2549,2144,31,2,6
2550,2144,31,1,3
2550,2144,31,2,5
2551,2144,31,1,1
2551,2144,31,2,3
2552,2144,31,1,1
2552,2144,31,2,3
2553,2144,31,1,3
2553,2144,31,2,4
2554,2144,31,1,3
2554,2144,31,2,5
2555,2144,31,1,0
2555,2144,31,2,5
2556,2144,31,1,0
2556,2144,31,2,7
2557,2144,31,1,3
2557,2144,31,2,6
2558,2144,31,1,0
2558,2144,31,2,7
2559,2144,31,1,0
2559,2144,31,2,2
2528,2145,0,1,1
2528,2145,0,2,7
2529,2145,0,1,2
2529,2145,0,2,3
2530,2145,0,1,2
2530,2145,0,2,6
2531,2145,0,1,4
2531,2145,0,2,7
2532,2145,0,1,0
2532,2145,0,2,3
2533,2145,0,1,0
2533,2145,0,2,1
2534,2145,0,1,2
2534,2145,0,2,4
2535,2145,0,1,3
2535,2145,0,2,5
2536,2145,0,1,0
2536,2145,0,2,4
2537,2145,0,1,4
2537,2145,0,2,7
2538,2145,0,1,1
2538,2145,0,2,2
2539,2145,0,1,0
2539,2145,0,2,5
2540,2145,0,1,0
2540,2145,0,2,2
2541,2145,0,1,0
2541,2145,0,2,5
2542,2145,0,1,6
2542,2145,0,2,7
2543,2145,0,1,3
2543,2145,0,2,5
2544,2145,0,1,2
2544,2145,0,2,3
2545,2145,0,1,4
2545,2145,0,2,5
2546,2145,0,1,2
2546,2145,0,2,6
2547,2145,0,1,4
2547,2145,0,2,6
2548,2145,0,1,2
2548,2145,0,2,6
2549,2145,0,1,0
2549,2145,0,2,5
2550,2145,0,1,0
2550,2145,0,2,6
2551,2145,0,1,1
2551,2145,0,2,3
2552,2145,0,1,4
2552,2145,0,2,6
2553,2145,0,1,0
2553,2145,0,2,3
2554,2145,0,1,6
2554,2145,0,2,7
2555,2145,0,1,0
2555,2145,0,2,6
2556,2145,0,1,0
2556,2145,0,2,3
2557,2145,0,1,0
2557,2145,0,2,3
2558,2145,0,1,2
2558,2145,0,2,7
2559,2145,0,1,1
2559,2145,0,2,5
2528,2145,1,1,0
2528,2145,1,2,5
2529,2145,1,1,6
2529,2145,1,2,7
2530,2145,1,1,0
2530,2145,1,2,7
2531,2145,1,1,0
2531,2145,1,2,7
2532,2145,1,1,2
2532,2145,1,2,3
2533,2145,1,1,0
2533,2145,1,2,2
2534,2145,1,1,0
2534,2145,1,2,6
2535,2145,1,1,4
2535,2145,1,2,7
2536,2145,1,1,0
2536,2145,1,2,7
2537,2145,1,1,2
2537,2145,1,2,4
2538,2145,1,1,0
2538,2145,1,2,7
2539,2145,1,1,6
2539,2145,1,2,7
2540,2145,1,1,0
2540,2145,1,2,2
2541,2145,1,1,0
2541,2145,1,2,1
2542,2145,1,1,2
2542,2145,1,2,4
2543,2145,1,1,0
2543,2145,1,2,2
2544,2145,1,1,3
2544,2145,1,2,6
2545,2145,1,1,2
2545,2145,1,2,7
2546,2145,1,1,3
2546,2145,1,2,5
2547,2145,1,1,0
2547,2145,1,2,2
2548,2145,1,1,0
2548,2145,1,2,1
2549,2145,1,1,4
2549,2145,1,2,7
2550,2145,1,1,0
2550,2145,1,2,5
2551,2145,1,1,0
2551,2145,1,2,5
2552,2145,1,1,2
2552,2145,1,2,6
2553,2145,1,1,2
2553,2145,1,2,7
2554,2145,1,1,4
2554,2145,1,2,7
2555,2145,1,1,1
2555,2145,1,2,6
2556,2145,1,1,3
2556,2145,1,2,5
2557,2145,1,1,2
2557,2145,1,2,6
2558,2145,1,1,5
2558,2145,1,2,7
2559,2145,1,1,0
2559,2145,1,2,6
2528,2145,2,1,3
2528,2145,2,2,4
2529,2145,2,1,3
2529,2145,2,2,5
2530,2145,2,1,1
2530,2145,2,2,7
2531,2145,2,1,0
2531,2145,2,2,1
2532,2145,2,1,3
2532,2145,2,2,6
2533,2145,2,1,3
2533,2145,2,2,4
2534,2145,2,1,3
2534,2145,2,2,4
2535,2145,2,1,6
2535,2145,2,2,7
2536,2145,2,1,5
2536,2145,2,2,7
2537,2145,2,1,1
2537,2145,2,2,2
2538,2145,2,1,2
2538,2145,2,2,5
2539,2145,2,1,0
2539,2145,2,2,7
2540,2145,2,1,3
2540,2145,2,2,5
2541,2145,2,1,3
2541,2145,2,2,7
2542,2145,2,1,2
2542,2145,2,2,6
2543,2145,2,1,0
2543,2145,2,2,5
2544,2145,2,1,4
2544,2145,2,2,5
2545,2145,2,1,6
2545,2145,2,2,7
2546,2145,2,1,1
2546,2145,2,2,4
2547,2145,2,1,2
2547,2145,2,2,6
2548,2145,2,1,1
2548,2145,2,2,5
2549,2145,2,1,0
2549,2145,2,2,5
2550,2145,2,1,2
2550,2145,2,2,4
2551,2145,2,1,0
2551,2145,2,2,5
2552,2145,2,1,1
2552,2145,2,2,3
2553,2145,2,1,4
2553,2145,2,2,5
2554,2145,2,1,5
2554,2145,2,2,6
2555,2145,2,1,5
2555,2145,2,2,6
2556,2145,2,1,2
2556,2145,2,2,4
2557,2145,2,1,2
2557,2145,2,2,5
2558,2145,2,1,0
2558,2145,2,2,7
2559,2145,2,1,0
2559,2145,2,2,3
2528,2145,3,1,1
2528,2145,3,2,7
2529,2145,3,1,5
2529,2145,3,2,7
2530,2145,3,1,5
2530,2145,3,2,7
2531,2145,3,1,5
2531,2145,3,2,7
2532,2145,3,1,0
2532,2145,3,2,1
2533,2145,3,1,1
2533,2145,3,2,4
2534,2145,3,1,3
2534,2145,3,2,6
2535,2145,3,1,0
2535,2145,3,2,5
2536,2145,3,1,2
2536,2145,3,2,7
2537,2145,3,1,4
2537,2145,3,2,7
2538,2145,3,1,0
2538,2145,3,2,3
2539,2145,3,1,0
2539,2145,3,2,3
2540,2145,3,1,0
2540,2145,3,2,3
2541,2145,3,1,4
2541,2145,3,2,5
2542,2145,3,1,1
2542,2145,3,2,5
2543,2145,3,1,2
2543,2145,3,2,3
2544,2145,3,1,3
2544,2145,3,2,6
2545,2145,3,1,3
2545,2145,3,2,5
2546,2145,3,1,3
2546,2145,3,2,7
2547,2145,3,1,1
2547,2145,3,2,7
2548,2145,3,1,1
2548,2145,3,2,4
2549,2145,3,1,2
2549,2145,3,2,4
2550,2145,3,1,6
2550,2145,3,2,7
2551,2145,3,1,0
2551,2145,3,2,6
2552,2145,3,1,2
2552,2145,3,2,5
2553,2145,3,1,0
2553,2145,3,2,3
2554,2145,3,1,2
2554,2145,3,2,4
2555,2145,3,1,0
2555,2145,3,2,3
2556,2145,3,1,0
2556,2145,3,2,4
2557,2145,3,1,2
2557,2145,3,2,5
2558,2145,3,1,2
2558,2145,3,2,4
2559,2145,3,1,2
2559,2145,3,2,4
2528,2145,4,1,1
2528,2145,4,2,3
2529,2145,4,1,3
2529,2145,4,2,6
2530,2145,4,1,5
2530,2145,4,2,7
2531,2145,4,1,2
2531,2145,4,2,5
2532,2145,4,1,4
2532,2145,4,2,6
2533,2145,4,1,3
2533,2145,4,2,6
2534,2145,4,1,0
2534,2145,4,2,2
2535,2145,4,1,2
2535,2145,4,2,7
2536,2145,4,1,5
2536,2145,4,2,6
2537,2145,4,1,0
2537,2145,4,2,1
2538,2145,4,1,4
2538,2145,4,2,7
2539,2145,4,1,3
2539,2145,4,2,4
2540,2145,4,1,1
2540,2145,4,2,2
2541,2145,4,1,1
2541,2145,4,2,5
2542,2145,4,1,1
2542,2145,4,2,2
2543,2145,4,1,3
2543,2145,4,2,7
2544,2145,4,1,0
2544,2145,4,2,3
2545,2145,4,1,5
2545,2145,4,2,7
2546,2145,4,1,5
2546,2145,4,2,7
2547,2145,4,1,0
2547,2145,4,2,7
2548,2145,4,1,2
2548,2145,4,2,4
2549,2145,4,1,3
2549,2145,4,2,7
2550,2145,4,1,1
2550,2145,4,2,2
2551,2145,4,1,2
2551,2145,4,2,7
2552,2145,4,1,0
2552,2145,4,2,7
2553,2145,4,1,0
2553,2145,4,2,5
2554,2145,4,1,1
2554,2145,4,2,6
2555,2145,4,1,0
2555,2145,4,2,1
2556,2145,4,1,2
2556,2145,4,2,4
2557,2145,4,1,0
2557,2145,4,2,3
2558,2145,4,1,2
2558,2145,4,2,7
2559,2145,4,1,5
2559,2145,4,2,6
2528,2145,5,1,1
2528,2145,5,2,7
2529,2145,5,1,0
2529,2145,5,2,4
2530,2145,5,1,2
2530,2145,5,2,5
2531,2145,5,1,0
2531,2145,5,2,6
2532,2145,5,1,1
2532,2145,5,2,4
2533,2145,5,1,3
2533,2145,5,2,4
2534,2145,5,1,1
2534,2145,5,2,6
2535,2145,5,1,0
2535,2145,5,2,4
2536,2145,5,1,2
2536,2145,5,2,6
2537,2145,5,1,0
2537,2145,5,2,6
2538,2145,5,1,0
2538,2145,5,2,5
2539,2145,5,1,0
2539,2145,5,2,3
2540,2145,5,1,5
2540,2145,5,2,7
2541,2145,5,1,0
2541,2145,5,2,1
2542,2145,5,1,0
2542,2145,5,2,2
2543,2145,5,1,2
2543,2145,5,2,6
2544,2145,5,1,0
2544,2145,5,2,2
2545,2145,5,1,3
2545,2145,5,2,6
2546,2145,5,1,1
2546,2145,5,2,2
2547,2145,5,1,2
2547,2145,5,2,6
2548,2145,5,1,1
2548,2145,5,2,4
2549,2145,5,1,3
2549,2145,5,2,7
2550,2145,5,1,1
2550,2145,5,2,2
2551,2145,5,1,1
2551,2145,5,2,7
2552,2145,5,1,1
2552,2145,5,2,5
2553,2145,5,1,0
2553,2145,5,2,6
2554,2145,5,1,0
2554,2145,5,2,4
2555,2145,5,1,1
2555,2145,5,2,3
2556,2145,5,1,3
2556,2145,5,2,4
2557,2145,5,1,2
2557,2145,5,2,5
2558,2145,5,1,5
2558,2145,5,2,7
2559,2145,5,1,4
2559,2145,5,2,7
2528,2145,6,1,5
2528,2145,6,2,7
2529,2145,6,1,0
2529,2145,6,2,5
2530,2145,6,1,0
2530,2145,6,2,4
2531,2145,6,1,5
2531,2145,6,2,7
2532,2145,6,1,0
2532,2145,6,2,1
2533,2145,6,1,1
2533,2145,6,2,2
2534,2145,6,1,1
2534,2145,6,2,3
2535,2145,6,1,0
2535,2145,6,2,6
2536,2145,6,1,2
2536,2145,6,2,3
2537,2145,6,1,0
2537,2145,6,2,6
2538,2145,6,1,2
2538,2145,6,2,3
2539,2145,6,1,1
2539,2145,6,2,7
2540,2145,6,1,4
2540,2145,6,2,5
2541,2145,6,1,4
2541,2145,6,2,6
2542,2145,6,1,5
2542,2145,6,2,6
2543,2145,6,1,4
2543,2145,6,2,5
2544,2145,6,1,4
2544,2145,6,2,5
2545,2145,6,1,1
2545,2145,6,2,6
2546,2145,6,1,2
2546,2145,6,2,6
2547,2145,6,1,0
2547,2145,6,2,2
2548,2145,6,1,1
2548,2145,6,2,4
2549,2145,6,1,3
2549,2145,6,2,4
2550,2145,6,1,2
2550,2145,6,2,7
2551,2145,6,1,0
2551,2145,6,2,4
2552,2145,6,1,1
2552,2145,6,2,3
2553,2145,6,1,2
2553,2145,6,2,6
2554,2145,6,1,0
2554,2145,6,2,7
2555,2145,6,1,2
2555,2145,6,2,3
2556,2145,6,1,6
2556,2145,6,2,7
2557,2145,6,1,1
2557,2145,6,2,5
2558,2145,6,1,1
2558,2145,6,2,4
2559,2145,6,1,1
2559,2145,6,2,7
2528,2145,7,1,1
2528,2145,7,2,6
2529,2145,7,1,1
2529,2145,7,2,6
2530,2145,7,1,1
2530,2145,7,2,3
2531,2145,7,1,5
2531,2145,7,2,7
2532,2145,7,1,3
2532,2145,7,2,7
2533,2145,7,1,2
2533,2145,7,2,5
2534,2145,7,1,4
2534,2145,7,2,7
2535,2145,7,1,3
2535,2145,7,2,7
2536,2145,7,1,0
2536,2145,7,2,7
2537,2145,7,1,2
2537,2145,7,2,3
2538,2145,7,1,0
2538,2145,7,2,6
2539,2145,7,1,6
2539,2145,7,2,7
2540,2145,7,1,0
2540,2145,7,2,3
2541,2145,7,1,2
2541,2145,7,2,3
2542,2145,7,1,5
2542,2145,7,2,7
2543,2145,7,1,2
2543,2145,7,2,7
2544,2145,7,1,0
2544,2145,7,2,7
2545,2145,7,1,0
2545,2145,7,2,5
2546,2145,7,1,5
2546,2145,7,2,7
2547,2145,7,1,2
2547,2145,7,2,4
2548,2145,7,1,0
2548,2145,7,2,2
2549,2145,7,1,0
2549,2145,7,2,2
2550,2145,7,1,4
2550,2145,7,2,6
2551,2145,7,1,1
2551,2145,7,2,6
2552,2145,7,1,3
2552,2145,7,2,7
2553,2145,7,1,0
2553,2145,7,2,6
2554,2145,7,1,1
2554,2145,7,2,2
2555,2145,7,1,0
2555,2145,7,2,5
2556,2145,7,1,1
2556,2145,7,2,6
2557,2145,7,1,0
2557,2145,7,2,4
2558,2145,7,1,3
2558,2145,7,2,7
2559,2145,7,1,1
2559,2145,7,2,3
2528,2145,8,1,5
2528,2145,8,2,7
2529,2145,8,1,2
2529,2145,8,2,3
2530,2145,8,1,2
2530,2145,8,2,7
2531,2145,8,1,1
2531,2145,8,2,6
2532,2145,8,1,4
2532,2145,8,2,6
2533,2145,8,1,4
2533,2145,8,2,6
2534,2145,8,1,1
2534,2145,8,2,3
2535,2145,8,1,1
2535,2145,8,2,4
2536,2145,8,1,0
2536,2145,8,2,5
2537,2145,8,1,2
2537,2145,8,2,3
2538,2145,8,1,0
2538,2145,8,2,1
2539,2145,8,1,0
2539,2145,8,2,5
2540,2145,8,1,1
2540,2145,8,2,5
2541,2145,8,1,2
2541,2145,8,2,4
2542,2145,8,1,2
2542,2145,8,2,3
2543,2145,8,1,2
2543,2145,8,2,6
2544,2145,8,1,0
2544,2145,8,2,2
2545,2145,8,1,3
2545,2145,8,2,4
2546,2145,8,1,2
2546,2145,8,2,4
2547,2145,8,1,3
2547,2145,8,2,4
2548,2145,8,1,3
2548,2145,8,2,6
2549,2145,8,1,0
2549,2145,8,2,2
2550,2145,8,1,5
2550,2145,8,2,6
2551,2145,8,1,0
2551,2145,8,2,7
2552,2145,8,1,3
2552,2145,8,2,4
2553,2145,8,1,2
2553,2145,8,2,7
2554,2145,8,1,1
2554,2145,8,2,6
2555,2145,8,1,1
2555,2145,8,2,7
2556,2145,8,1,2
2556,2145,8,2,6
2557,2145,8,1,6
2557,2145,8,2,7
2558,2145,8,1,0
2558,2145,8,2,3
2559,2145,8,1,3
2559,2145,8,2,6
2528,2145,9,1,3
2528,2145,9,2,7
2529,2145,9,1,1
2529,2145,9,2,6
2530,2145,9,1,1
2530,2145,9,2,6
2531,2145,9,1,3
2531,2145,9,2,5
2532,2145,9,1,4
2532,2145,9,2,7
2533,2145,9,1,2
2533,2145,9,2,5
2534,2145,9,1,0
2534,2145,9,2,6
2535,2145,9,1,2
2535,2145,9,2,5
2536,2145,9,1,1
2536,2145,9,2,7
2537,2145,9,1,0
2537,2145,9,2,3
2538,2145,9,1,3
2538,2145,9,2,6
2539,2145,9,1,2
2539,2145,9,2,6
2540,2145,9,1,1
2540,2145,9,2,6
2541,2145,9,1,3
2541,2145,9,2,5
2542,2145,9,1,1
2542,2145,9,2,2
2543,2145,9,1,0
2543,2145,9,2,2
2544,2145,9,1,1
2544,2145,9,2,5
2545,2145,9,1,1
2545,2145,9,2,4
2546,2145,9,1,2
2546,2145,9,2,5
2547,2145,9,1,0
2547,2145,9,2,1
2548,2145,9,1,1
2548,2145,9,2,4
2549,2145,9,1,1
2549,2145,9,2,2
2550,2145,9,1,5
2550,2145,9,2,6
2551,2145,9,1,3
2551,2145,9,2,6
2552,2145,9,1,0
2552,2145,9,2,5
2553,2145,9,1,2
2553,2145,9,2,4
2554,2145,9,1,0
2554,2145,9,2,7
2555,2145,9,1,1
2555,2145,9,2,6
2556,2145,9,1,1
2556,2145,9,2,6
2557,2145,9,1,2
2557,2145,9,2,7
2558,2145,9,1,0
2558,2145,9,2,7
2559,2145,9,1,3
2559,2145,9,2,4
2528,2145,10,1,1
2528,2145,10,2,6
2529,2145,10,1,1
2529,2145,10,2,6
2530,2145,10,1,0
2530,2145,10,2,3
2531,2145,10,1,5
2531,2145,10,2,7
2532,2145,10,1,0
2532,2145,10,2,6
2533,2145,10,1,5
2533,2145,10,2,6
2534,2145,10,1,2
2534,2145,10,2,6
2535,2145,10,1,1
2535,2145,10,2,7
2536,2145,10,1,3
2536,2145,10,2,6
2537,2145,10,1,0
2537,2145,10,2,5
2538,2145,10,1,0
2538,2145,10,2,7
2539,2145,10,1,3
2539,2145,10,2,6
2540,2145,10,1,2
2540,2145,10,2,6
2541,2145,10,1,1
2541,2145,10,2,6
2542,2145,10,1,3
2542,2145,10,2,4
2543,2145,10,1,3
2543,2145,10,2,5
2544,2145,10,1,5
2544,2145,10,2,6
2545,2145,10,1,3
2545,2145,10,2,6
2546,2145,10,1,1
2546,2145,10,2,5
2547,2145,10,1,1
2547,2145,10,2,3
2548,2145,10,1,0
2548,2145,10,2,2
2549,2145,10,1,3
2549,2145,10,2,7
2550,2145,10,1,2
2550,2145,10,2,4
2551,2145,10,1,1
2551,2145,10,2,5
2552,2145,10,1,2
2552,2145,10,2,3
2553,2145,10,1,2
2553,2145,10,2,6
2554,2145,10,1,1
2554,2145,10,2,2
2555,2145,10,1,1
2555,2145,10,2,6
2556,2145,10,1,0
2556,2145,10,2,2
2557,2145,10,1,3
2557,2145,10,2,6
2558,2145,10,1,3
2558,2145,10,2,4
2559,2145,10,1,1
2559,2145,10,2,7
2528,2145,11,1,5
2528,2145,11,2,7
2529,2145,11,1,2
2529,2145,11,2,5
2530,2145,11,1,5
2530,2145,11,2,6
2531,2145,11,1,0
2531,2145,11,2,6
2532,2145,11,1,3
2532,2145,11,2,5
2533,2145,11,1,4
2533,2145,11,2,5
2534,2145,11,1,5
2534,2145,11,2,6
2535,2145,11,1,3
2535,2145,11,2,5
2536,2145,11,1,4
2536,2145,11,2,6
2537,2145,11,1,0
2537,2145,11,2,4
2538,2145,11,1,4
2538,2145,11,2,5
2539,2145,11,1,5
2539,2145,11,2,6
2540,2145,11,1,1
2540,2145,11,2,4
2541,2145,11,1,1
2541,2145,11,2,7
2542,2145,11,1,4
2542,2145,11,2,6
2543,2145,11,1,6
2543,2145,11,2,7
2544,2145,11,1,1
2544,2145,11,2,5
2545,2145,11,1,2
2545,2145,11,2,6
2546,2145,11,1,3
2546,2145,11,2,7
2547,2145,11,1,3
2547,2145,11,2,5
2548,2145,11,1,3
2548,2145,11,2,7
2549,2145,11,1,5
2549,2145,11,2,7
2550,2145,11,1,2
2550,2145,11,2,5
2551,2145,11,1,3
2551,2145,11,2,6
2552,2145,11,1,2
2552,2145,11,2,6
2553,2145,11,1,2
2553,2145,11,2,6
2554,2145,11,1,1
2554,2145,11,2,4
2555,2145,11,1,5
2555,2145,11,2,6
2556,2145,11,1,2
2556,2145,11,2,3
2557,2145,11,1,2
2557,2145,11,2,6
2558,2145,11,1,5
2558,2145,11,2,7
2559,2145,11,1,2
2559,2145,11,2,3
2528,2145,12,1,1
2528,2145,12,2,6
2529,2145,12,1,1
2529,2145,12,2,3
2530,2145,12,1,4
2530,2145,12,2,7
2531,2145,12,1,3
2531,2145,12,2,6
2532,2145,12,1,1
2532,2145,12,2,3
2533,2145,12,1,3
2533,2145,12,2,5
2534,2145,12,1,3
2534,2145,12,2,4
2535,2145,12,1,1
2535,2145,12,2,5
2536,2145,12,1,1
2536,2145,12,2,2
2537,2145,12,1,0
2537,2145,12,2,6
2538,2145,12,1,1
2538,2145,12,2,4
2539,2145,12,1,0
2539,2145,12,2,4
2540,2145,12,1,3
2540,2145,12,2,5
2541,2145,12,1,4
2541,2145,12,2,5
2542,2145,12,1,0
2542,2145,12,2,5
2543,2145,12,1,0
2543,2145,12,2,7
2544,2145,12,1,0
2544,2145,12,2,1
2545,2145,12,1,0
2545,2145,12,2,6
2546,2145,12,1,2
2546,2145,12,2,6
2547,2145,12,1,3
2547,2145,12,2,6
2548,2145,12,1,0
2548,2145,12,2,3
2549,2145,12,1,4
2549,2145,12,2,5
2550,2145,12,1,3
2550,2145,12,2,5
2551,2145,12,1,1
2551,2145,12,2,7
2552,2145,12,1,0
2552,2145,12,2,4
2553,2145,12,1,4
2553,2145,12,2,7
2554,2145,12,1,2
2554,2145,12,2,4
2555,2145,12,1,3
2555,2145,12,2,7
2556,2145,12,1,2
2556,2145,12,2,4
2557,2145,12,1,3
2557,2145,12,2,7
2558,2145,12,1,4
2558,2145,12,2,7
2559,2145,12,1,2
2559,2145,12,2,5
2528,2145,13,1,6
2528,2145,13,2,7
2529,2145,13,1,4
2529,2145,13,2,5
2530,2145,13,1,4
2530,2145,13,2,5
2531,2145,13,1,5
2531,2145,13,2,6
2532,2145,13,1,2
2532,2145,13,2,4
2533,2145,13,1,0
2533,2145,13,2,5
2534,2145,13,1,0
2534,2145,13,2,7
2535,2145,13,1,2
2535,2145,13,2,7
2536,2145,13,1,0
2536,2145,13,2,3
2537,2145,13,1,0
2537,2145,13,2,7
2538,2145,13,1,3
2538,2145,13,2,5
2539,2145,13,1,2
2539,2145,13,2,6
2540,2145,13,1,0
2540,2145,13,2,4
2541,2145,13,1,1
2541,2145,13,2,5
2542,2145,13,1,4
2542,2145,13,2,5
2543,2145,13,1,1
2543,2145,13,2,3
2544,2145,13,1,1
2544,2145,13,2,2
2545,2145,13,1,0
2545,2145,13,2,5
2546,2145,13,1,0
2546,2145,13,2,1
2547,2145,13,1,0
2547,2145,13,2,7
2548,2145,13,1,5
2548,2145,13,2,6
2549,2145,13,1,0
2549,2145,13,2,1
2550,2145,13,1,2
2550,2145,13,2,7
2551,2145,13,1,2
2551,2145,13,2,5
2552,2145,13,1,0
2552,2145,13,2,5
2553,2145,13,1,2
2553,2145,13,2,7
2554,2145,13,1,3
2554,2145,13,2,4
2555,2145,13,1,2
2555,2145,13,2,7
2556,2145,13,1,3
2556,2145,13,2,4
2557,2145,13,1,5
2557,2145,13,2,7
2558,2145,13,1,3
2558,2145,13,2,7
2559,2145,13,1,1
2559,2145,13,2,5
2528,2145,14,1,5
2528,2145,14,2,6
2529,2145,14,1,3
2529,2145,14,2,6
2530,2145,14,1,1
2530,2145,14,2,2
2531,2145,14,1,5
2531,2145,14,2,6
2532,2145,14,1,4
2532,2145,14,2,6
2533,2145,14,1,0
2533,2145,14,2,1
2534,2145,14,1,1
2534,2145,14,2,5
2535,2145,14,1,5
2535,2145,14,2,7
2536,2145,14,1,1
2536,2145,14,2,7
2537,2145,14,1,1
2537,2145,14,2,3
2538,2145,14,1,2
2538,2145,14,2,3
2539,2145,14,1,1
2539,2145,14,2,2
2540,2145,14,1,0
2540,2145,14,2,5
2541,2145,14,1,4
2541,2145,14,2,5
2542,2145,14,1,5
2542,2145,14,2,6
2543,2145,14,1,3
2543,2145,14,2,6
2544,2145,14,1,3
2544,2145,14,2,7
2545,2145,14,1,0
2545,2145,14,2,3
2546,2145,14,1,2
2546,2145,14,2,5
2547,2145,14,1,0
2547,2145,14,2,2
2548,2145,14,1,1
2548,2145,14,2,3
2549,2145,14,1,0
2549,2145,14,2,2
2550,2145,14,1,1
2550,2145,14,2,6
2551,2145,14,1,0
2551,2145,14,2,1
2552,2145,14,1,4
2552,2145,14,2,7
2553,2145,14,1,0
2553,2145,14,2,3
2554,2145,14,1,0
2554,2145,14,2,6
2555,2145,14,1,0
2555,2145,14,2,5
2556,2145,14,1,1
2556,2145,14,2,6
2557,2145,14,1,3
2557,2145,14,2,6
2558,2145,14,1,4
2558,2145,14,2,6
2559,2145,14,1,4
2559,2145,14,2,7
2528,2145,15,1,3
2528,2145,15,2,5
2529,2145,15,1,0
2529,2145,15,2,5
2530,2145,15,1,2
2530,2145,15,2,6
2531,2145,15,1,0
2531,2145,15,2,1
2532,2145,15,1,3
2532,2145,15,2,7
2533,2145,15,1,2
2533,2145,15,2,7
2534,2145,15,1,0
2534,2145,15,2,2
2535,2145,15,1,1
2535,2145,15,2,5
2536,2145,15,1,2
2536,2145,15,2,6
2537,2145,15,1,4
2537,2145,15,2,5
2538,2145,15,1,0
2538,2145,15,2,2
2539,2145,15,1,4
2539,2145,15,2,7
2540,2145,15,1,4
2540,2145,15,2,7
2541,2145,15,1,4
2541,2145,15,2,7
2542,2145,15,1,3
2542,2145,15,2,6
2543,2145,15,1,1
2543,2145,15,2,4
2544,2145,15,1,0
2544,2145,15,2,4
2545,2145,15,1,1
2545,2145,15,2,7
2546,2145,15,1,4
2546,2145,15,2,5
2547,2145,15,1,1
2547,2145,15,2,6
2548,2145,15,1,6
2548,2145,15,2,7
2549,2145,15,1,1
2549,2145,15,2,3
2550,2145,15,1,1
2550,2145,15,2,2
2551,2145,15,1,1
2551,2145,15,2,7
2552,2145,15,1,1
2552,2145,15,2,2
2553,2145,15,1,3
2553,2145,15,2,7
2554,2145,15,1,2
2554,2145,15,2,3
2555,2145,15,1,3
2555,2145,15,2,4
2556,2145,15,1,1
2556,2145,15,2,3
2557,2145,15,1,1
2557,2145,15,2,3
2558,2145,15,1,0
2558,2145,15,2,7
2559,2145,15,1,6
2559,2145,15,2,7
2528,2145,16,1,3
2528,2145,16,2,4
2529,2145,16,1,4
2529,2145,16,2,7
2530,2145,16,1,6
2530,2145,16,2,7
2531,2145,16,1,2
2531,2145,16,2,7
2532,2145,16,1,2
2532,2145,16,2,7
2533,2145,16,1,5
2533,2145,16,2,7
2534,2145,16,1,5
2534,2145,16,2,6
2535,2145,16,1,4
2535,2145,16,2,7
2536,2145,16,1,3
2536,2145,16,2,6
2537,2145,16,1,5
2537,2145,16,2,6
2538,2145,16,1,0
2538,2145,16,2,3
2539,2145,16,1,0
2539,2145,16,2,3
2540,2145,16,1,1
2540,2145,16,2,6
2541,2145,16,1,4
2541,2145,16,2,7
2542,2145,16,1,5
2542,2145,16,2,7
2543,2145,16,1,1
2543,2145,16,2,3
2544,2145,16,1,2
2544,2145,16,2,3
2545,2145,16,1,1
2545,2145,16,2,2
2546,2145,16,1,4
2546,2145,16,2,7
2547,2145,16,1,3
2547,2145,16,2,7
2548,2145,16,1,3
2548,2145,16,2,4
2549,2145,16,1,0
2549,2145,16,2,6
2550,2145,16,1,1
2550,2145,16,2,6
2551,2145,16,1,4
2551,2145,16,2,5
2552,2145,16,1,1
2552,2145,16,2,5
2553,2145,16,1,2
2553,2145,16,2,7
2554,2145,16,1,0
2554,2145,16,2,3
2555,2145,16,1,4
2555,2145,16,2,6
2556,2145,16,1,1
2556,2145,16,2,2
2557,2145,16,1,0
2557,2145,16,2,7
2558,2145,16,1,3
2558,2145,16,2,6
2559,2145,16,1,0
2559,2145,16,2,2
2528,2145,17,1,0
2528,2145,17,2,1
2529,2145,17,1,4
2529,2145,17,2,6
2530,2145,17,1,5
2530,2145,17,2,7
2531,2145,17,1,3
2531,2145,17,2,4
2532,2145,17,1,3
2532,2145,17,2,5
2533,2145,17,1,1
2533,2145,17,2,6
2534,2145,17,1,1
2534,2145,17,2,3
2535,2145,17,1,4
2535,2145,17,2,7
2536,2145,17,1,2
2536,2145,17,2,4
2537,2145,17,1,1
2537,2145,17,2,7
2538,2145,17,1,0
2538,2145,17,2,3
2539,2145,17,1,0
2539,2145,17,2,7
2540,2145,17,1,2
2540,2145,17,2,6
2541,2145,17,1,0
2541,2145,17,2,4
2542,2145,17,1,1
2542,2145,17,2,7
2543,2145,17,1,4
2543,2145,17,2,6
2544,2145,17,1,5
2544,2145,17,2,7
2545,2145,17,1,4
2545,2145,17,2,6
2546,2145,17,1,3
2546,2145,17,2,6
2547,2145,17,1,5
2547,2145,17,2,7
2548,2145,17,1,5
2548,2145,17,2,7
2549,2145,17,1,2
2549,2145,17,2,3
2550,2145,17,1,0
2550,2145,17,2,5
2551,2145,17,1,3
2551,2145,17,2,4
2552,2145,17,1,1
2552,2145,17,2,4
2553,2145,17,1,3
2553,2145,17,2,4
2554,2145,17,1,1
2554,2145,17,2,5
2555,2145,17,1,4
2555,2145,17,2,5
2556,2145,17,1,0
2556,2145,17,2,4
2557,2145,17,1,1
2557,2145,17,2,3
2558,2145,17,1,3
2558,2145,17,2,6
2559,2145,17,1,4
2559,2145,17,2,7
2528,2145,18,1,3
2528,2145,18,2,4
2529,2145,18,1,2
2529,2145,18,2,7
2530,2145,18,1,1
2530,2145,18,2,4
2531,2145,18,1,0
2531,2145,18,2,3
2532,2145,18,1,1
2532,2145,18,2,3
2533,2145,18,1,6
2533,2145,18,2,7
2534,2145,18,1,0
2534,2145,18,2,7
2535,2145,18,1,0
2535,2145,18,2,7
2536,2145,18,1,3
2536,2145,18,2,6
2537,2145,18,1,1
2537,2145,18,2,6
2538,2145,18,1,3
2538,2145,18,2,5
2539,2145,18,1,1
2539,2145,18,2,7
2540,2145,18,1,3
2540,2145,18,2,4
2541,2145,18,1,2
2541,2145,18,2,7
2542,2145,18,1,3
2542,2145,18,2,7
2543,2145,18,1,1
2543,2145,18,2,7
2544,2145,18,1,4
2544,2145,18,2,5
2545,2145,18,1,0
2545,2145,18,2,7
2546,2145,18,1,1
2546,2145,18,2,4
2547,2145,18,1,1
2547,2145,18,2,3
2548,2145,18,1,4
2548,2145,18,2,7
2549,2145,18,1,2
2549,2145,18,2,7
2550,2145,18,1,2
2550,2145,18,2,6
2551,2145,18,1,0
2551,2145,18,2,4
2552,2145,18,1,1
2552,2145,18,2,2
2553,2145,18,1,5
2553,2145,18,2,6
2554,2145,18,1,1
2554,2145,18,2,3
2555,2145,18,1,1
2555,2145,18,2,2
2556,2145,18,1,3
2556,2145,18,2,7
2557,2145,18,1,5
2557,2145,18,2,7
2558,2145,18,1,2
2558,2145,18,2,5
2559,2145,18,1,4
2559,2145,18,2,5
2528,2145,19,1,3
2528,2145,19,2,5
2529,2145,19,1,1
2529,2145,19,2,3
2530,2145,19,1,5
2530,2145,19,2,6
2531,2145,19,1,0
2531,2145,19,2,7
2532,2145,19,1,0
2532,2145,19,2,4
2533,2145,19,1,2
2533,2145,19,2,7
2534,2145,19,1,1
2534,2145,19,2,6
2535,2145,19,1,1
2535,2145,19,2,6
2536,2145,19,1,2
2536,2145,19,2,3
2537,2145,19,1,2
2537,2145,19,2,5
2538,2145,19,1,2
2538,2145,19,2,5
2539,2145,19,1,4
2539,2145,19,2,6
2540,2145,19,1,5
2540,2145,19,2,7
2541,2145,19,1,4
2541,2145,19,2,6
2542,2145,19,1,0
2542,2145,19,2,1
2543,2145,19,1,3
2543,2145,19,2,4
2544,2145,19,1,2
2544,2145,19,2,4
2545,2145,19,1,2
2545,2145,19,2,3
2546,2145,19,1,2
2546,2145,19,2,6
2547,2145,19,1,0
2547,2145,19,2,1
2548,2145,19,1,2
2548,2145,19,2,5
2549,2145,19,1,4
2549,2145,19,2,6
2550,2145,19,1,3
2550,2145,19,2,6
2551,2145,19,1,1
2551,2145,19,2,3
2552,2145,19,1,2
2552,2145,19,2,4
2553,2145,19,1,3
2553,2145,19,2,4
2554,2145,19,1,1
2554,2145,19,2,6
2555,2145,19,1,3
2555,2145,19,2,6
2556,2145,19,1,6
2556,2145,19,2,7
2557,2145,19,1,2
2557,2145,19,2,4
2558,2145,19,1,0
2558,2145,19,2,6
2559,2145,19,1,3
2559,2145,19,2,6
2528,2145,20,1,1
2528,2145,20,2,6
2529,2145,20,1,0
2529,2145,20,2,3
2530,2145,20,1,0
2530,2145,20,2,4
2531,2145,20,1,3
2531,2145,20,2,4
2532,2145,20,1,1
2532,2145,20,2,7
2533,2145,20,1,3
2533,2145,20,2,6
2534,2145,20,1,0
2534,2145,20,2,7
2535,2145,20,1,4
2535,2145,20,2,7
2536,2145,20,1,5
2536,2145,20,2,6
2537,2145,20,1,0
2537,2145,20,2,4
2538,2145,20,1,1
2538,2145,20,2,5
2539,2145,20,1,2
2539,2145,20,2,4
2540,2145,20,1,1
2540,2145,20,2,6
2541,2145,20,1,1
2541,2145,20,2,2
2542,2145,20,1,3
2542,2145,20,2,7
2543,2145,20,1,0
2543,2145,20,2,5
2544,2145,20,1,4
2544,2145,20,2,7
2545,2145,20,1,1
2545,2145,20,2,6
2546,2145,20,1,2
2546,2145,20,2,3
2547,2145,20,1,1
2547,2145,20,2,6
2548,2145,20,1,2
2548,2145,20,2,4
2549,2145,20,1,3
2549,2145,20,2,6
2550,2145,20,1,0
2550,2145,20,2,7
2551,2145,20,1,3
2551,2145,20,2,7
2552,2145,20,1,4
2552,2145,20,2,5
2553,2145,20,1,0
2553,2145,20,2,1
2554,2145,20,1,2
2554,2145,20,2,4
2555,2145,20,1,0
2555,2145,20,2,1
2556,2145,20,1,3
2556,2145,20,2,6
2557,2145,20,1,2
2557,2145,20,2,3
2558,2145,20,1,0
2558,2145,20,2,6
2559,2145,20,1,3
2559,2145,20,2,4
2528,2145,21,1,0
2528,2145,21,2,6
2529,2145,21,1,3
2529,2145,21,2,6
2530,2145,21,1,2
2530,2145,21,2,4
2531,2145,21,1,0
2531,2145,21,2,2
2532,2145,21,1,3
2532,2145,21,2,4
2533,2145,21,1,3
2533,2145,21,2,7
2534,2145,21,1,6
2534,2145,21,2,7
2535,2145,21,1,2
2535,2145,21,2,6
2536,2145,21,1,6
2536,2145,21,2,7
2537,2145,21,1,1
2537,2145,21,2,7
2538,2145,21,1,4
2538,2145,21,2,6
2539,2145,21,1,2
2539,2145,21,2,7
2540,2145,21,1,1
2540,2145,21,2,2
2541,2145,21,1,3
2541,2145,21,2,7
2542,2145,21,1,2
2542,2145,21,2,7
2543,2145,21,1,4
2543,2145,21,2,5
2544,2145,21,1,0
2544,2145,21,2,3
2545,2145,21,1,2
2545,2145,21,2,7
2546,2145,21,1,0
2546,2145,21,2,7
2547,2145,21,1,0
2547,2145,21,2,3
2548,2145,21,1,2
2548,2145,21,2,6
2549,2145,21,1,3
2549,2145,21,2,6
2550,2145,21,1,1
2550,2145,21,2,2
2551,2145,21,1,2
2551,2145,21,2,3
2552,2145,21,1,1
2552,2145,21,2,5
2553,2145,21,1,1
2553,2145,21,2,7
2554,2145,21,1,0
2554,2145,21,2,6
2555,2145,21,1,4
2555,2145,21,2,5
2556,2145,21,1,6
2556,2145,21,2,7
2557,2145,21,1,6
2557,2145,21,2,7
2558,2145,21,1,0
2558,2145,21,2,3
2559,2145,21,1,3
2559,2145,21,2,5
2528,2145,22,1,0
2528,2145,22,2,3
2529,2145,22,1,3
2529,2145,22,2,4
2530,2145,22,1,6
2530,2145,22,2,7
2531,2145,22,1,3
2531,2145,22,2,7
2532,2145,22,1,2
2532,2145,22,2,5
2533,2145,22,1,0
2533,2145,22,2,2
2534,2145,22,1,1
2534,2145,22,2,5
2535,2145,22,1,2
2535,2145,22,2,3
2536,2145,22,1,0
2536,2145,22,2,2
2537,2145,22,1,0
2537,2145,22,2,1
2538,2145,22,1,2
2538,2145,22,2,7
2539,2145,22,1,1
2539,2145,22,2,2
2540,2145,22,1,4
2540,2145,22,2,5
2541,2145,22,1,5
2541,2145,22,2,6
2542,2145,22,1,1
2542,2145,22,2,6
2543,2145,22,1,1
2543,2145,22,2,6
2544,2145,22,1,0
2544,2145,22,2,1
2545,2145,22,1,0
2545,2145,22,2,6
2546,2145,22,1,1
2546,2145,22,2,6
2547,2145,22,1,0
2547,2145,22,2,3
2548,2145,22,1,1
2548,2145,22,2,5
2549,2145,22,1,4
2549,2145,22,2,5
2550,2145,22,1,4
2550,2145,22,2,7
2551,2145,22,1,4
2551,2145,22,2,7
2552,2145,22,1,0
2552,2145,22,2,3
2553,2145,22,1,0
2553,2145,22,2,1
2554,2145,22,1,0
2554,2145,22,2,2
2555,2145,22,1,3
2555,2145,22,2,6
2556,2145,22,1,4
2556,2145,22,2,5
2557,2145,22,1,0
2557,2145,22,2,5
2558,2145,22,1,4
2558,2145,22,2,5
2559,2145,22,1,6
2559,2145,22,2,7
2528,2145,23,1,1
2528,2145,23,2,6
2529,2145,23,1,0
2529,2145,23,2,5
2530,2145,23,1,4
2530,2145,23,2,7
2531,2145,23,1,1
2531,2145,23,2,4
2532,2145,23,1,3
2532,2145,23,2,7
2533,2145,23,1,0
2533,2145,23,2,1
2534,2145,23,1,0
2534,2145,23,2,5
2535,2145,23,1,0
2535,2145,23,2,5
2536,2145,23,1,1
2536,2145,23,2,5
2537,2145,23,1,1
2537,2145,23,2,6
2538,2145,23,1,2
2538,2145,23,2,7
2539,2145,23,1,0
2539,2145,23,2,2
2540,2145,23,1,0
2540,2145,23,2,7
2541,2145,23,1,5
2541,2145,23,2,7
2542,2145,23,1,3
2542,2145,23,2,7
2543,2145,23,1,0
2543,2145,23,2,6
2544,2145,23,1,1
2544,2145,23,2,7
2545,2145,23,1,2
2545,2145,23,2,4
2546,2145,23,1,1
2546,2145,23,2,5
2547,2145,23,1,2
2547,2145,23,2,7
2548,2145,23,1,0
2548,2145,23,2,1
2549,2145,23,1,2
2549,2145,23,2,6
2550,2145,23,1,0
2550,2145,23,2,5
2551,2145,23,1,4
2551,2145,23,2,6
2552,2145,23,1,1
2552,2145,23,2,7
2553,2145,23,1,0
2553,2145,23,2,6
2554,2145,23,1,0
2554,2145,23,2,4
2555,2145,23,1,4
2555,2145,23,2,7
2556,2145,23,1,4
2556,2145,23,2,5
2557,2145,23,1,0
2557,2145,23,2,3
2558,2145,23,1,5
2558,2145,23,2,6
2559,2145,23,1,4
2559,2145,23,2,6
2528,2145,24,1,1
2528,2145,24,2,2
2529,2145,24,1,4
2529,2145,24,2,6
2530,2145,24,1,0
2530,2145,24,2,6
2531,2145,24,1,4
2531,2145,24,2,7
2532,2145,24,1,0
2532,2145,24,2,2
2533,2145,24,1,0
2533,2145,24,2,2
2534,2145,24,1,1
2534,2145,24,2,2
2535,2145,24,1,1
2535,2145,24,2,5
2536,2145,24,1,3
2536,2145,24,2,7
2537,2145,24,1,5
2537,2145,24,2,7
2538,2145,24,1,1
2538,2145,24,2,6
2539,2145,24,1,5
2539,2145,24,2,6
2540,2145,24,1,1
2540,2145,24,2,3
2541,2145,24,1,1
2541,2145,24,2,5
2542,2145,24,1,3
2542,2145,24,2,6
2543,2145,24,1,3
2543,2145,24,2,6
2544,2145,24,1,2
2544,2145,24,2,5
2545,2145,24,1,0
2545,2145,24,2,2
2546,2145,24,1,0
2546,2145,24,2,6
2547,2145,24,1,4
2547,2145,24,2,5
2548,2145,24,1,0
2548,2145,24,2,3
2549,2145,24,1,0
2549,2145,24,2,5
2550,2145,24,1,0
2550,2145,24,2,4
2551,2145,24,1,0
2551,2145,24,2,6
2552,2145,24,1,0
2552,2145,24,2,1
2553,2145,24,1,4
2553,2145,24,2,5
2554,2145,24,1,2
2554,2145,24,2,6
2555,2145,24,1,5
2555,2145,24,2,7
2556,2145,24,1,0
2556,2145,24,2,6
2557,2145,24,1,4
2557,2145,24,2,7
2558,2145,24,1,0
2558,2145,24,2,7
2559,2145,24,1,0
2559,2145,24,2,5
2528,2145,25,1,3
2528,2145,25,2,7
2529,2145,25,1,0
2529,2145,25,2,3
2530,2145,25,1,4
2530,2145,25,2,5
2531,2145,25,1,1
2531,2145,25,2,7
2532,2145,25,1,1
2532,2145,25,2,7
2533,2145,25,1,3
2533,2145,25,2,7
2534,2145,25,1,1
2534,2145,25,2,6
2535,2145,25,1,2
2535,2145,25,2,6
2536,2145,25,1,1
2536,2145,25,2,6
2537,2145,25,1,2
2537,2145,25,2,4
2538,2145,25,1,0
2538,2145,25,2,7
2539,2145,25,1,0
2539,2145,25,2,5
2540,2145,25,1,3
2540,2145,25,2,4
2541,2145,25,1,2
2541,2145,25,2,5
2542,2145,25,1,4
2542,2145,25,2,5
2543,2145,25,1,2
2543,2145,25,2,5
2544,2145,25,1,3
2544,2145,25,2,4
2545,2145,25,1,1
2545,2145,25,2,7
2546,2145,25,1,5
2546,2145,25,2,7
2547,2145,25,1,4
2547,2145,25,2,6
2548,2145,25,1,0
2548,2145,25,2,7
2549,2145,25,1,0
2549,2145,25,2,5
2550,2145,25,1,0
2550,2145,25,2,1
2551,2145,25,1,0
2551,2145,25,2,5
2552,2145,25,1,6
2552,2145,25,2,7
2553,2145,25,1,6
2553,2145,25,2,7
2554,2145,25,1,1
2554,2145,25,2,5
2555,2145,25,1,0
2555,2145,25,2,5
2556,2145,25,1,1
2556,2145,25,2,5
2557,2145,25,1,2
2557,2145,25,2,7
2558,2145,25,1,0
2558,2145,25,2,4
2559,2145,25,1,1
2559,2145,25,2,2
2528,2145,26,1,2
2528,2145,26,2,4
2529,2145,26,1,4
2529,2145,26,2,5
2530,2145,26,1,3
2530,2145,26,2,6
2531,2145,26,1,1
2531,2145,26,2,5
2532,2145,26,1,6
2532,2145,26,2,7
2533,2145,26,1,6
2533,2145,26,2,7
2534,2145,26,1,0
2534,2145,26,2,2
2535,2145,26,1,4
2535,2145,26,2,6
2536,2145,26,1,0
2536,2145,26,2,5
2537,2145,26,1,2
2537,2145,26,2,3
2538,2145,26,1,6
2538,2145,26,2,7
2539,2145,26,1,3
2539,2145,26,2,6
2540,2145,26,1,0
2540,2145,26,2,2
2541,2145,26,1,2
2541,2145,26,2,7
2542,2145,26,1,2
2542,2145,26,2,7
2543,2145,26,1,4
2543,2145,26,2,7
2544,2145,26,1,1
2544,2145,26,2,3
2545,2145,26,1,3
2545,2145,26,2,5
2546,2145,26,1,6
2546,2145,26,2,7
2547,2145,26,1,3
2547,2145,26,2,5
2548,2145,26,1,0
2548,2145,26,2,3
2549,2145,26,1,2
2549,2145,26,2,3
2550,2145,26,1,3
2550,2145,26,2,6
2551,2145,26,1,0
2551,2145,26,2,3
2552,2145,26,1,2
2552,2145,26,2,4
2553,2145,26,1,1
2553,2145,26,2,4
2554,2145,26,1,1
2554,2145,26,2,5
2555,2145,26,1,2
2555,2145,26,2,6
2556,2145,26,1,1
2556,2145,26,2,3
2557,2145,26,1,0
2557,2145,26,2,5
2558,2145,26,1,0
2558,2145,26,2,5
2559,2145,26,1,4
2559,2145,26,2,5
2528,2145,27,1,1
2528,2145,27,2,4
2529,2145,27,1,1
2529,2145,27,2,3
2530,2145,27,1,2
2530,2145,27,2,4
2531,2145,27,1,0
2531,2145,27,2,1
2532,2145,27,1,3
2532,2145,27,2,4
2533,2145,27,1,0
2533,2145,27,2,2
2534,2145,27,1,1
2534,2145,27,2,2
2535,2145,27,1,4
2535,2145,27,2,5
2536,2145,27,1,3
2536,2145,27,2,4
2537,2145,27,1,2
2537,2145,27,2,5
2538,2145,27,1,6
2538,2145,27,2,7
2539,2145,27,1,3
2539,2145,27,2,6
2540,2145,27,1,0
2540,2145,27,2,3
2541,2145,27,1,3
2541,2145,27,2,7
2542,2145,27,1,3
2542,2145,27,2,7
2543,2145,27,1,0
2543,2145,27,2,6
2544,2145,27,1,6
2544,2145,27,2,7
2545,2145,27,1,4
2545,2145,27,2,6
2546,2145,27,1,0
2546,2145,27,2,1
2547,2145,27,1,4
2547,2145,27,2,6
2548,2145,27,1,2
2548,2145,27,2,5
2549,2145,27,1,1
2549,2145,27,2,5
2550,2145,27,1,6
2550,2145,27,2,7
2551,2145,27,1,1
2551,2145,27,2,3
2552,2145,27,1,1
2552,2145,27,2,7
2553,2145,27,1,2
2553,2145,27,2,5
2554,2145,27,1,0
2554,2145,27,2,3
2555,2145,27,1,3
2555,2145,27,2,7
2556,2145,27,1,3
2556,2145,27,2,6
2557,2145,27,1,0
2557,2145,27,2,1
2558,2145,27,1,1
2558,2145,27,2,4
2559,2145,27,1,0
2559,2145,27,2,7
2528,2145,28,1,0
2528,2145,28,2,5
2529,2145,28,1,2
2529,2145,28,2,4
2530,2145,28,1,4
2530,2145,28,2,6
2531,2145,28,1,5
2531,2145,28,2,6
2532,2145,28,1,0
2532,2145,28,2,4
2533,2145,28,1,3
2533,2145,28,2,7
2534,2145,28,1,2
2534,2145,28,2,3
2535,2145,28,1,1
2535,2145,28,2,5
2536,2145,28,1,5
2536,2145,28,2,7
2537,2145,28,1,3
2537,2145,28,2,7
2538,2145,28,1,3
2538,2145,28,2,5
2539,2145,28,1,0
2539,2145,28,2,3
2540,2145,28,1,0
2540,2145,28,2,2
2541,2145,28,1,0
2541,2145,28,2,5
2542,2145,28,1,3
2542,2145,28,2,4
2543,2145,28,1,5
2543,2145,28,2,6
2544,2145,28,1,2
2544,2145,28,2,7
2545,2145,28,1,0
2545,2145,28,2,6
2546,2145,28,1,2
2546,2145,28,2,3
2547,2145,28,1,1
2547,2145,28,2,5
2548,2145,28,1,4
2548,2145,28,2,6
2549,2145,28,1,0
2549,2145,28,2,4
2550,2145,28,1,4
2550,2145,28,2,6
2551,2145,28,1,0
2551,2145,28,2,6
2552,2145,28,1,1
2552,2145,28,2,3
2553,2145,28,1,1
2553,2145,28,2,5
2554,2145,28,1,0
2554,2145,28,2,3
2555,2145,28,1,1
2555,2145,28,2,2
2556,2145,28,1,2
2556,2145,28,2,4
2557,2145,28,1,6
2557,2145,28,2,7
2558,2145,28,1,1
2558,2145,28,2,6
2559,2145,28,1,1
2559,2145,28,2,4
2528,2145,29,1,5
2528,2145,29,2,7
2529,2145,29,1,4
2529,2145,29,2,5
2530,2145,29,1,0
2530,2145,29,2,1
2531,2145,29,1,2
2531,2145,29,2,6
2532,2145,29,1,2
2532,2145,29,2,7
2533,2145,29,1,0
2533,2145,29,2,2
2534,2145,29,1,0
2534,2145,29,2,4
2535,2145,29,1,0
2535,2145,29,2,7
2536,2145,29,1,4
2536,2145,29,2,7
2537,2145,29,1,3
2537,2145,29,2,7
2538,2145,29,1,2
2538,2145,29,2,7
2539,2145,29,1,0
2539,2145,29,2,1
2540,2145,29,1,0
2540,2145,29,2,4
2541,2145,29,1,2
2541,2145,29,2,6
2542,2145,29,1,0
2542,2145,29,2,3
2543,2145,29,1,0
2543,2145,29,2,2
2544,2145,29,1,0
2544,2145,29,2,4
2545,2145,29,1,4
2545,2145,29,2,6
2546,2145,29,1,1
2546,2145,29,2,6
2547,2145,29,1,1
2547,2145,29,2,7
2548,2145,29,1,0
2548,2145,29,2,6
2549,2145,29,1,1
2549,2145,29,2,2
2550,2145,29,1,2
2550,2145,29,2,3
2551,2145,29,1,4
2551,2145,29,2,6
2552,2145,29,1,0
2552,2145,29,2,2
2553,2145,29,1,2
2553,2145,29,2,5
2554,2145,29,1,4
2554,2145,29,2,6
2555,2145,29,1,0
2555,2145,29,2,3
2556,2145,29,1,5
2556,2145,29,2,6
2557,2145,29,1,1
2557,2145,29,2,2
2558,2145,29,1,3
2558,2145,29,2,7
2559,2145,29,1,3
2559,2145,29,2,7
2528,2145,30,1,0
2528,2145,30,2,4
2529,2145,30,1,5
2529,2145,30,2,7
2530,2145,30,1,5
2530,2145,30,2,7
2531,2145,30,1,0
2531,2145,30,2,1
2532,2145,30,1,2
2532,2145,30,2,4
2533,2145,30,1,1
2533,2145,30,2,2
2534,2145,30,1,3
2534,2145,30,2,5
2535,2145,30,1,4
2535,2145,30,2,6
2536,2145,30,1,3
2536,2145,30,2,4
2537,2145,30,1,0
2537,2145,30,2,4
2538,2145,30,1,3
2538,2145,30,2,5
2539,2145,30,1,3
2539,2145,30,2,6
2540,2145,30,1,2
2540,2145,30,2,7
2541,2145,30,1,3
2541,2145,30,2,7
2542,2145,30,1,0
2542,2145,30,2,2
2543,2145,30,1,2
2543,2145,30,2,5
2544,2145,30,1,1
2544,2145,30,2,3
2545,2145,30,1,0
2545,2145,30,2,7
2546,2145,30,1,3
2546,2145,30,2,5
2547,2145,30,1,2
2547,2145,30,2,7
2548,2145,30,1,0
2548,2145,30,2,7
2549,2145,30,1,0
2549,2145,30,2,5
2550,2145,30,1,5
2550,2145,30,2,6
2551,2145,30,1,4
2551,2145,30,2,7
2552,2145,30,1,1
2552,2145,30,2,5
2553,2145,30,1,0
2553,2145,30,2,2
2554,2145,30,1,2
2554,2145,30,2,3
2555,2145,30,1,0
2555,2145,30,2,3
2556,2145,30,1,0
2556,2145,30,2,5
2557,2145,30,1,0
2557,2145,30,2,4
2558,2145,30,1,1
2558,2145,30,2,5
2559,2145,30,1,0
2559,2145,30,2,7
2528,2145,31,1,1
2528,2145,31,2,3
2529,2145,31,1,3
2529,2145,31,2,4
2530,2145,31,1,1
2530,2145,31,2,4
2531,2145,31,1,4
2531,2145,31,2,7
2532,2145,31,1,5
2532,2145,31,2,7
2533,2145,31,1,0
2533,2145,31,2,1
2534,2145,31,1,0
2534,2145,31,2,2
2535,2145,31,1,1
2535,2145,31,2,3
2536,2145,31,1,0
2536,2145,31,2,3
2537,2145,31,1,0
2537,2145,31,2,2
2538,2145,31,1,3
2538,2145,31,2,4
2539,2145,31,1,1
2539,2145,31,2,4
2540,2145,31,1,4
2540,2145,31,2,5
2541,2145,31,1,1
2541,2145,31,2,6
2542,2145,31,1,0
2542,2145,31,2,6
2543,2145,31,1,1
2543,2145,31,2,3
2544,2145,31,1,3
2544,2145,31,2,4
2545,2145,31,1,2
2545,2145,31,2,4
2546,2145,31,1,1
2546,2145,31,2,3
2547,2145,31,1,1
2547,2145,31,2,7
2548,2145,31,1,2
2548,2145,31,2,6
2549,2145,31,1,0
2549,2145,31,2,2
2550,2145,31,1,0
2550,2145,31,2,3
2551,2145,31,1,1
2551,2145,31,2,2
2552,2145,31,1,3
2552,2145,31,2,4
2553,2145,31,1,2
2553,2145,31,2,7
2554,2145,31,1,0
2554,2145,31,2,3
2555,2145,31,1,1
2555,2145,31,2,5
2556,2145,31,1,0
2556,2145,31,2,1
2557,2145,31,1,0
2557,2145,31,2,2
2558,2145,31,1,5
2558,2145,31,2,6
2559,2145,31,1,2
2559,2145,31,2,7
2528,2146,0,1,3
2528,2146,0,2,7
2529,2146,0,1,2
2529,2146,0,2,5
2530,2146,0,1,0
2530,2146,0,2,6
2531,2146,0,1,1
2531,2146,0,2,7
2532,2146,0,1,2
2532,2146,0,2,3
2533,2146,0,1,0
2533,2146,0,2,5
2534,2146,0,1,6
2534,2146,0,2,7
2535,2146,0,1,3
2535,2146,0,2,7
2536,2146,0,1,2
2536,2146,0,2,7
2537,2146,0,1,0
2537,2146,0,2,7
2538,2146,0,1,2
2538,2146,0,2,3
2539,2146,0,1,3
2539,2146,0,2,6
2540,2146,0,1,2
2540,2146,0,2,6
2541,2146,0,1,4
2541,2146,0,2,7
2542,2146,0,1,0
2542,2146,0,2,6
2543,2146,0,1,3
2543,2146,0,2,6
2544,2146,0,1,0
2544,2146,0,2,1
2545,2146,0,1,5
2545,2146,0,2,6
2546,2146,0,1,3
2546,2146,0,2,6
2547,2146,0,1,3
2547,2146,0,2,4
2548,2146,0,1,5
2548,2146,0,2,6
2549,2146,0,1,0
2549,2146,0,2,7
2550,2146,0,1,2
2550,2146,0,2,7
2551,2146,0,1,2
2551,2146,0,2,6
2552,2146,0,1,1
2552,2146,0,2,3
2553,2146,0,1,0
2553,2146,0,2,3
2554,2146,0,1,0
2554,2146,0,2,7
2555,2146,0,1,3
2555,2146,0,2,4
2556,2146,0,1,3
2556,2146,0,2,7
2557,2146,0,1,4
2557,2146,0,2,5
2558,2146,0,1,1
2558,2146,0,2,4
2559,2146,0,1,0
2559,2146,0,2,1
2528,2146,1,1,4
2528,2146,1,2,5
2529,2146,1,1,1
2529,2146,1,2,6
2530,2146,1,1,2
2530,2146,1,2,4
2531,2146,1,1,2
2531,2146,1,2,7
2532,2146,1,1,3
2532,2146,1,2,7
2533,2146,1,1,0
2533,2146,1,2,7
2534,2146,1,1,0
2534,2146,1,2,3
2535,2146,1,1,0
2535,2146,1,2,5
2536,2146,1,1,1
2536,2146,1,2,2
2537,2146,1,1,4
2537,2146,1,2,6
2538,2146,1,1,4
2538,2146,1,2,7
2539,2146,1,1,0
2539,2146,1,2,7
2540,2146,1,1,3
2540,2146,1,2,7
2541,2146,1,1,2
2541,2146,1,2,6
2542,2146,1,1,2
2542,2146,1,2,7
2543,2146,1,1,4
2543,2146,1,2,5
2544,2146,1,1,0
2544,2146,1,2,3
2545,2146,1,1,2
2545,2146,1,2,7
2546,2146,1,1,0
2546,2146,1,2,1
2547,2146,1,1,3
2547,2146,1,2,7
2548,2146,1,1,0
2548,2146,1,2,7
2549,2146,1,1,0
2549,2146,1,2,4
2550,2146,1,1,1
2550,2146,1,2,3
2551,2146,1,1,4
2551,2146,1,2,7
2552,2146,1,1,1
2552,2146,1,2,4
2553,2146,1,1,2
2553,2146,1,2,6
2554,2146,1,1,3
2554,2146,1,2,4
2555,2146,1,1,6
2555,2146,1,2,7
2556,2146,1,1,4
2556,2146,1,2,7
2557,2146,1,1,2
2557,2146,1,2,5
2558,2146,1,1,3
2558,2146,1,2,4
2559,2146,1,1,0
2559,2146,1,2,6
2528,2146,2,1,1
2528,2146,2,2,5
2529,2146,2,1,0
2529,2146,2,2,4
2530,2146,2,1,4
2530,2146,2,2,5
2531,2146,2,1,0
2531,2146,2,2,5
2532,2146,2,1,0
2532,2146,2,2,5
2533,2146,2,1,4
2533,2146,2,2,6
2534,2146,2,1,5
2534,2146,2,2,6
2535,2146,2,1,0
2535,2146,2,2,4
2536,2146,2,1,5
2536,2146,2,2,7
2537,2146,2,1,1
2537,2146,2,2,2
2538,2146,2,1,1
2538,2146,2,2,4
2539,2146,2,1,4
2539,2146,2,2,6
2540,2146,2,1,2
2540,2146,2,2,5
2541,2146,2,1,5
2541,2146,2,2,6
2542,2146,2,1,3
2542,2146,2,2,7
2543,2146,2,1,1
2543,2146,2,2,3
2544,2146,2,1,1
2544,2146,2,2,3
2545,2146,2,1,4
2545,2146,2,2,7
2546,2146,2,1,2
2546,2146,2,2,6
2547,2146,2,1,1
2547,2146,2,2,3
2548,2146,2,1,1
2548,2146,2,2,3
2549,2146,2,1,2
2549,2146,2,2,3
2550,2146,2,1,4
2550,2146,2,2,6
2551,2146,2,1,2
2551,2146,2,2,5
2552,2146,2,1,5
2552,2146,2,2,6
2553,2146,2,1,1
2553,2146,2,2,6
2554,2146,2,1,2
2554,2146,2,2,5
2555,2146,2,1,5
2555,2146,2,2,7
2556,2146,2,1,2
2556,2146,2,2,5
2557,2146,2,1,0
2557,2146,2,2,5
2558,2146,2,1,2
2558,2146,2,2,5
2559,2146,2,1,1
2559,2146,2,2,7
2528,2146,3,1,6
2528,2146,3,2,7
2529,2146,3,1,3
2529,2146,3,2,4
2530,2146,3,1,3
2530,2146,3,2,7
2531,2146,3,1,3
2531,2146,3,2,6
2532,2146,3,1,2
2532,2146,3,2,5
2533,2146,3,1,1
2533,2146,3,2,2
2534,2146,3,1,2
2534,2146,3,2,3
2535,2146,3,1,5
2535,2146,3,2,6
2536,2146,3,1,5
2536,2146,3,2,6
2537,2146,3,1,2
2537,2146,3,2,6
2538,2146,3,1,3
2538,2146,3,2,7
2539,2146,3,1,0
2539,2146,3,2,3
2540,2146,3,1,2
2540,2146,3,2,5
2541,2146,3,1,2
2541,2146,3,2,3
2542,2146,3,1,1
2542,2146,3,2,2
2543,2146,3,1,3
2543,2146,3,2,7
2544,2146,3,1,3
2544,2146,3,2,7
2545,2146,3,1,0
2545,2146,3,2,6
2546,2146,3,1,0
2546,2146,3,2,2
2547,2146,3,1,2
2547,2146,3,2,5
2548,2146,3,1,5
2548,2146,3,2,6
2549,2146,3,1,0
2549,2146,3,2,7
2550,2146,3,1,1
2550,2146,3,2,2
2551,2146,3,1,0
2551,2146,3,2,6
2552,2146,3,1,3
2552,2146,3,2,7
2553,2146,3,1,1
2553,2146,3,2,3
2554,2146,3,1,0
2554,2146,3,2,3
2555,2146,3,1,0
2555,2146,3,2,5
2556,2146,3,1,2
2556,2146,3,2,7
2557,2146,3,1,2
2557,2146,3,2,7
2558,2146,3,1,0
2558,2146,3,2,4
2559,2146,3,1,0
2559,2146,3,2,6
2528,2146,4,1,1
2528,2146,4,2,6
2529,2146,4,1,2
2529,2146,4,2,6
2530,2146,4,1,0
2530,2146,4,2,1
2531,2146,4,1,0
2531,2146,4,2,5
2532,2146,4,1,1
2532,2146,4,2,7
2533,2146,4,1,4
2533,2146,4,2,7
2534,2146,4,1,0
2534,2146,4,2,5
2535,2146,4,1,1
2535,2146,4,2,7
2536,2146,4,1,1
2536,2146,4,2,2
2537,2146,4,1,1
2537,2146,4,2,2
2538,2146,4,1,2
2538,2146,4,2,6
2539,2146,4,1,3
2539,2146,4,2,4
2540,2146,4,1,4
2540,2146,4,2,7
2541,2146,4,1,4
2541,2146,4,2,6
2542,2146,4,1,4
2542,2146,4,2,7
2543,2146,4,1,3
2543,2146,4,2,7
2544,2146,4,1,3
2544,2146,4,2,4
2545,2146,4,1,3
2545,2146,4,2,4
2546,2146,4,1,4
2546,2146,4,2,6
2547,2146,4,1,1
2547,2146,4,2,6
2548,2146,4,1,1
2548,2146,4,2,7
2549,2146,4,1,0
2549,2146,4,2,5
2550,2146,4,1,3
2550,2146,4,2,7
2551,2146,4,1,6
2551,2146,4,2,7
2552,2146,4,1,4
2552,2146,4,2,6
2553,2146,4,1,1
2553,2146,4,2,4
2554,2146,4,1,2
2554,2146,4,2,7
2555,2146,4,1,5
2555,2146,4,2,6
2556,2146,4,1,1
2556,2146,4,2,3
2557,2146,4,1,4
2557,2146,4,2,5
2558,2146,4,1,0
2558,2146,4,2,6
2559,2146,4,1,1
2559,2146,4,2,3
2528,2146,5,1,3
2528,2146,5,2,4
2529,2146,5,1,1
2529,2146,5,2,2
2530,2146,5,1,2
2530,2146,5,2,4
2531,2146,5,1,2
2531,2146,5,2,5
2532,2146,5,1,4
2532,2146,5,2,7
2533,2146,5,1,0
2533,2146,5,2,5
2534,2146,5,1,3
2534,2146,5,2,5
2535,2146,5,1,0
2535,2146,5,2,6
2536,2146,5,1,4
2536,2146,5,2,5
2537,2146,5,1,1
2537,2146,5,2,4
2538,2146,5,1,0
2538,2146,5,2,4
2539,2146,5,1,0
2539,2146,5,2,7
2540,2146,5,1,2
2540,2146,5,2,7
2541,2146,5,1,3
2541,2146,5,2,6
2542,2146,5,1,2
2542,2146,5,2,5
2543,2146,5,1,6
2543,2146,5,2,7
2544,2146,5,1,1
2544,2146,5,2,4
2545,2146,5,1,3
2545,2146,5,2,7
2546,2146,5,1,5
2546,2146,5,2,6
2547,2146,5,1,2
2547,2146,5,2,5
2548,2146,5,1,3
2548,2146,5,2,4
2549,2146,5,1,0
2549,2146,5,2,7
2550,2146,5,1,0
2550,2146,5,2,4
2551,2146,5,1,0
2551,2146,5,2,1
2552,2146,5,1,1
2552,2146,5,2,4
2553,2146,5,1,2
2553,2146,5,2,5
2554,2146,5,1,2
2554,2146,5,2,5
2555,2146,5,1,0
2555,2146,5,2,3
2556,2146,5,1,5
2556,2146,5,2,6
2557,2146,5,1,0
2557,2146,5,2,2
2558,2146,5,1,4
2558,2146,5,2,6
2559,2146,5,1,0
2559,2146,5,2,7
2528,2146,6,1,3
2528,2146,6,2,6
2529,2146,6,1,3
2529,2146,6,2,5
2530,2146,6,1,2
2530,2146,6,2,3
2531,2146,6,1,4
2531,2146,6,2,5
2532,2146,6,1,2
2532,2146,6,2,5
2533,2146,6,1,2
2533,2146,6,2,3
2534,2146,6,1,1
2534,2146,6,2,2
2535,2146,6,1,1
2535,2146,6,2,7
2536,2146,6,1,0
2536,2146,6,2,7
2537,2146,6,1,1
2537,2146,6,2,7
2538,2146,6,1,0
2538,2146,6,2,7
2539,2146,6,1,0
2539,2146,6,2,2
2540,2146,6,1,0
2540,2146,6,2,2
2541,2146,6,1,0
2541,2146,6,2,5
2542,2146,6,1,1
2542,2146,6,2,2
2543,2146,6,1,2
2543,2146,6,2,6
2544,2146,6,1,0
2544,2146,6,2,2
2545,2146,6,1,3
2545,2146,6,2,5
2546,2146,6,1,4
2546,2146,6,2,6
2547,2146,6,1,3
2547,2146,6,2,4
2548,2146,6,1,0
2548,2146,6,2,1
2549,2146,6,1,3
2549,2146,6,2,5
2550,2146,6,1,0
2550,2146,6,2,5
2551,2146,6,1,1
2551,2146,6,2,3
2552,2146,6,1,2
2552,2146,6,2,7
2553,2146,6,1,1
2553,2146,6,2,2
2554,2146,6,1,3
2554,2146,6,2,5
2555,2146,6,1,3
2555,2146,6,2,5
2556,2146,6,1,4
2556,2146,6,2,6
2557,2146,6,1,4
2557,2146,6,2,5
2558,2146,6,1,2
2558,2146,6,2,7
2559,2146,6,1,0
2559,2146,6,2,2
2528,2146,7,1,0
2528,2146,7,2,1
2529,2146,7,1,0
2529,2146,7,2,6
2530,2146,7,1,0
2530,2146,7,2,7
2531,2146,7,1,5
2531,2146,7,2,7
2532,2146,7,1,1
2532,2146,7,2,2
2533,2146,7,1,0
2533,2146,7,2,3
2534,2146,7,1,1
2534,2146,7,2,2
2535,2146,7,1,1
2535,2146,7,2,3
2536,2146,7,1,4
2536,2146,7,2,5
2537,2146,7,1,4
2537,2146,7,2,6
2538,2146,7,1,1
2538,2146,7,2,6
2539,2146,7,1,4
2539,2146,7,2,6
2540,2146,7,1,4
2540,2146,7,2,6
2541,2146,7,1,1
2541,2146,7,2,4
2542,2146,7,1,3
2542,2146,7,2,7
2543,2146,7,1,0
2543,2146,7,2,1
2544,2146,7,1,1
2544,2146,7,2,3
2545,2146,7,1,0
2545,2146,7,2,5
2546,2146,7,1,6
2546,2146,7,2,7
2547,2146,7,1,0
2547,2146,7,2,4
2548,2146,7,1,3
2548,2146,7,2,7
2549,2146,7,1,2
2549,2146,7,2,5
2550,2146,7,1,0
2550,2146,7,2,3
2551,2146,7,1,2
2551,2146,7,2,4
2552,2146,7,1,0
2552,2146,7,2,4
2553,2146,7,1,2
2553,2146,7,2,5
2554,2146,7,1,5
2554,2146,7,2,6
2555,2146,7,1,0
2555,2146,7,2,7
2556,2146,7,1,2
2556,2146,7,2,4
2557,2146,7,1,0
2557,2146,7,2,3
2558,2146,7,1,2
2558,2146,7,2,7
2559,2146,7,1,1
2559,2146,7,2,7
2528,2146,8,1,4
2528,2146,8,2,5
2529,2146,8,1,2
2529,2146,8,2,7
2530,2146,8,1,3
2530,2146,8,2,4
2531,2146,8,1,0
2531,2146,8,2,4
2532,2146,8,1,1
2532,2146,8,2,6
2533,2146,8,1,3
2533,2146,8,2,6
2534,2146,8,1,2
2534,2146,8,2,4
2535,2146,8,1,3
2535,2146,8,2,6
2536,2146,8,1,2
2536,2146,8,2,4
2537,2146,8,1,1
2537,2146,8,2,3
2538,2146,8,1,1
2538,2146,8,2,7
2539,2146,8,1,0
2539,2146,8,2,1
2540,2146,8,1,3
2540,2146,8,2,6
2541,2146,8,1,0
2541,2146,8,2,1
2542,2146,8,1,0
2542,2146,8,2,1
2543,2146,8,1,0
2543,2146,8,2,7
2544,2146,8,1,0
2544,2146,8,2,5
2545,2146,8,1,0
2545,2146,8,2,2
2546,2146,8,1,1
2546,2146,8,2,4
2547,2146,8,1,0
2547,2146,8,2,4
2548,2146,8,1,3
2548,2146,8,2,4
2549,2146,8,1,0
2549,2146,8,2,6
2550,2146,8,1,4
2550,2146,8,2,5
2551,2146,8,1,1
2551,2146,8,2,2
2552,2146,8,1,0
2552,2146,8,2,2
2553,2146,8,1,2
2553,2146,8,2,5
2554,2146,8,1,0
2554,2146,8,2,2
2555,2146,8,1,3
2555,2146,8,2,6
2556,2146,8,1,0
2556,2146,8,2,3
2557,2146,8,1,0
2557,2146,8,2,1
2558,2146,8,1,1
2558,2146,8,2,2
2559,2146,8,1,4
2559,2146,8,2,5
2528,2146,9,1,0
2528,2146,9,2,3
2529,2146,9,1,4
2529,2146,9,2,5
2530,2146,9,1,4
2530,2146,9,2,7
2531,2146,9,1,3
2531,2146,9,2,4
2532,2146,9,1,1
2532,2146,9,2,3
2533,2146,9,1,5
2533,2146,9,2,6
2534,2146,9,1,1
2534,2146,9,2,2
2535,2146,9,1,0
2535,2146,9,2,7
2536,2146,9,1,0
2536,2146,9,2,4
2537,2146,9,1,1
2537,2146,9,2,3
2538,2146,9,1,2
2538,2146,9,2,5
2539,2146,9,1,3
2539,2146,9,2,5
2540,2146,9,1,4
2540,2146,9,2,6
2541,2146,9,1,4
2541,2146,9,2,7
2542,2146,9,1,0
2542,2146,9,2,1
2543,2146,9,1,2
2543,2146,9,2,6
2544,2146,9,1,6
2544,2146,9,2,7
2545,2146,9,1,1
2545,2146,9,2,7
2546,2146,9,1,4
2546,2146,9,2,7
2547,2146,9,1,0
2547,2146,9,2,1
2548,2146,9,1,0
2548,2146,9,2,7
2549,2146,9,1,2
2549,2146,9,2,3
2550,2146,9,1,2
2550,2146,9,2,4
2551,2146,9,1,0
2551,2146,9,2,6
2552,2146,9,1,3
2552,2146,9,2,7
2553,2146,9,1,5
2553,2146,9,2,7
2554,2146,9,1,0
2554,2146,9,2,2
2555,2146,9,1,2
2555,2146,9,2,5
2556,2146,9,1,5
2556,2146,9,2,7
2557,2146,9,1,1
2557,2146,9,2,6
2558,2146,9,1,0
2558,2146,9,2,1
2559,2146,9,1,2
2559,2146,9,2,4
2528,2146,10,1,6
2528,2146,10,2,7
2529,2146,10,1,4
2529,2146,10,2,7
2530,2146,10,1,4
2530,2146,10,2,6
2531,2146,10,1,0
2531,2146,10,2,3
2532,2146,10,1,0
2532,2146,10,2,2
2533,2146,10,1,4
2533,2146,10,2,6
2534,2146,10,1,0
2534,2146,10,2,6
2535,2146,10,1,0
2535,2146,10,2,5
2536,2146,10,1,1
2536,2146,10,2,5
2537,2146,10,1,3
2537,2146,10,2,4
2538,2146,10,1,3
2538,2146,10,2,6
2539,2146,10,1,1
2539,2146,10,2,4
2540,2146,10,1,0
2540,2146,10,2,5
2541,2146,10,1,1
2541,2146,10,2,7
2542,2146,10,1,6
2542,2146,10,2,7
2543,2146,10,1,2
2543,2146,10,2,6
2544,2146,10,1,0
2544,2146,10,2,7
2545,2146,10,1,0
2545,2146,10,2,3
2546,2146,10,1,3
2546,2146,10,2,4
2547,2146,10,1,0
2547,2146,10,2,6
2548,2146,10,1,4
2548,2146,10,2,5
2549,2146,10,1,2
2549,2146,10,2,7
2550,2146,10,1,2
2550,2146,10,2,3
2551,2146,10,1,0
2551,2146,10,2,4
2552,2146,10,1,4
2552,2146,10,2,5
2553,2146,10,1,0
2553,2146,10,2,4
2554,2146,10,1,5
2554,2146,10,2,7
2555,2146,10,1,0
2555,2146,10,2,3
2556,2146,10,1,2
2556,2146,10,2,4
2557,2146,10,1,2
2557,2146,10,2,6
2558,2146,10,1,2
2558,2146,10,2,7
2559,2146,10,1,0
2559,2146,10,2,4
2528,2146,11,1,1
2528,2146,11,2,4
2529,2146,11,1,3
2529,2146,11,2,6
2530,2146,11,1,1
2530,2146,11,2,3
2531,2146,11,1,0
2531,2146,11,2,6
2532,2146,11,1,1
2532,2146,11,2,6
2533,2146,11,1,4
2533,2146,11,2,5
2534,2146,11,1,2
2534,2146,11,2,4
2535,2146,11,1,1
2535,2146,11,2,6
2536,2146,11,1,4
2536,2146,11,2,6
2537,2146,11,1,2
2537,2146,11,2,3
2538,2146,11,1,2
2538,2146,11,2,6
2539,2146,11,1,2
2539,2146,11,2,6
2540,2146,11,1,3
2540,2146,11,2,6
2541,2146,11,1,3
2541,2146,11,2,7
2542,2146,11,1,0
2542,2146,11,2,5
2543,2146,11,1,3
2543,2146,11,2,4
2544,2146,11,1,1
2544,2146,11,2,6
2545,2146,11,1,2
2545,2146,11,2,5
2546,2146,11,1,0
2546,2146,11,2,3
2547,2146,11,1,2
2547,2146,11,2,4
2548,2146,11,1,2
2548,2146,11,2,6
2549,2146,11,1,0
2549,2146,11,2,6
2550,2146,11,1,4
2550,2146,11,2,5
2551,2146,11,1,1
2551,2146,11,2,4
2552,2146,11,1,1
2552,2146,11,2,7
2553,2146,11,1,4
2553,2146,11,2,5
2554,2146,11,1,3
2554,2146,11,2,6
2555,2146,11,1,4
2555,2146,11,2,5
2556,2146,11,1,1
2556,2146,11,2,4
2557,2146,11,1,3
2557,2146,11,2,7
2558,2146,11,1,2
2558,2146,11,2,4
2559,2146,11,1,2
2559,2146,11,2,4
2528,2146,12,1,0
2528,2146,12,2,2
2529,2146,12,1,2
2529,2146,12,2,6
2530,2146,12,1,0
2530,2146,12,2,4
2531,2146,12,1,2
2531,2146,12,2,6
2532,2146,12,1,4
2532,2146,12,2,6
2533,2146,12,1,0
2533,2146,12,2,6
2534,2146,12,1,0
2534,2146,12,2,1
2535,2146,12,1,1
2535,2146,12,2,2
2536,2146,12,1,1
2536,2146,12,2,7
2537,2146,12,1,2
2537,2146,12,2,3
2538,2146,12,1,1
2538,2146,12,2,3
2539,2146,12,1,2
2539,2146,12,2,3
2540,2146,12,1,5
2540,2146,12,2,7
2541,2146,12,1,2
2541,2146,12,2,3
2542,2146,12,1,0
2542,2146,12,2,3
2543,2146,12,1,6
2543,2146,12,2,7
2544,2146,12,1,1
2544,2146,12,2,3
2545,2146,12,1,1
2545,2146,12,2,4
2546,2146,12,1,1
2546,2146,12,2,3
2547,2146,12,1,2
2547,2146,12,2,7
2548,2146,12,1,3
2548,2146,12,2,6
2549,2146,12,1,4
2549,2146,12,2,6
2550,2146,12,1,2
2550,2146,12,2,3
2551,2146,12,1,2
2551,2146,12,2,3
2552,2146,12,1,1
2552,2146,12,2,7
2553,2146,12,1,0
2553,2146,12,2,2
2554,2146,12,1,0
2554,2146,12,2,3
2555,2146,12,1,2
2555,2146,12,2,5
2556,2146,12,1,1
2556,2146,12,2,5
2557,2146,12,1,0
2557,2146,12,2,5
2558,2146,12,1,1
2558,2146,12,2,2
2559,2146,12,1,3
2559,2146,12,2,4
2528,2146,13,1,0
2528,2146,13,2,5
2529,2146,13,1,3
2529,2146,13,2,4
2530,2146,13,1,0
2530,2146,13,2,2
2531,2146,13,1,1
2531,2146,13,2,6
2532,2146,13,1,2
2532,2146,13,2,4
2533,2146,13,1,5
2533,2146,13,2,7
2534,2146,13,1,2
2534,2146,13,2,4
2535,2146,13,1,0
2535,2146,13,2,2
2536,2146,13,1,1
2536,2146,13,2,5
2537,2146,13,1,2
2537,2146,13,2,4
2538,2146,13,1,4
2538,2146,13,2,6
2539,2146,13,1,0
2539,2146,13,2,1
2540,2146,13,1,0
2540,2146,13,2,7
2541,2146,13,1,0
2541,2146,13,2,7
2542,2146,13,1,1
2542,2146,13,2,5
2543,2146,13,1,1
2543,2146,13,2,7
2544,2146,13,1,1
2544,2146,13,2,3
2545,2146,13,1,2
2545,2146,13,2,6
2546,2146,13,1,2
2546,2146,13,2,5
2547,2146,13,1,2
2547,2146,13,2,7
2548,2146,13,1,1
2548,2146,13,2,3
2549,2146,13,1,2
2549,2146,13,2,6
2550,2146,13,1,4
2550,2146,13,2,7
2551,2146,13,1,1
2551,2146,13,2,7
2552,2146,13,1,6
2552,2146,13,2,7
2553,2146,13,1,2
2553,2146,13,2,4
2554,2146,13,1,1
2554,2146,13,2,7
2555,2146,13,1,5
2555,2146,13,2,6
2556,2146,13,1,6
2556,2146,13,2,7
2557,2146,13,1,1
2557,2146,13,2,3
2558,2146,13,1,0
2558,2146,13,2,1
2559,2146,13,1,6
2559,2146,13,2,7
2528,2146,14,1,0
2528,2146,14,2,2
2529,2146,14,1,1
2529,2146,14,2,2
2530,2146,14,1,2
2530,2146,14,2,6
2531,2146,14,1,2
2531,2146,14,2,3
2532,2146,14,1,1
2532,2146,14,2,4
2533,2146,14,1,1
2533,2146,14,2,3
2534,2146,14,1,0
2534,2146,14,2,6
2535,2146,14,1,2
2535,2146,14,2,4
2536,2146,14,1,1
2536,2146,14,2,6
2537,2146,14,1,4
2537,2146,14,2,5
2538,2146,14,1,3
2538,2146,14,2,6
2539,2146,14,1,0
2539,2146,14,2,7
2540,2146,14,1,2
2540,2146,14,2,7
2541,2146,14,1,0
2541,2146,14,2,6
2542,2146,14,1,2
2542,2146,14,2,3
2543,2146,14,1,1
2543,2146,14,2,2
2544,2146,14,1,1
2544,2146,14,2,5
2545,2146,14,1,0
2545,2146,14,2,2
2546,2146,14,1,0
2546,2146,14,2,7
2547,2146,14,1,0
2547,2146,14,2,5
2548,2146,14,1,4
2548,2146,14,2,5
2549,2146,14,1,1
2549,2146,14,2,6
2550,2146,14,1,0
2550,2146,14,2,2
2551,2146,14,1,0
2551,2146,14,2,1
2552,2146,14,1,1
2552,2146,14,2,6
2553,2146,14,1,4
2553,2146,14,2,5
2554,2146,14,1,2
2554,2146,14,2,5
2555,2146,14,1,4
2555,2146,14,2,5
2556,2146,14,1,0
2556,2146,14,2,3
2557,2146,14,1,3
2557,2146,14,2,7
2558,2146,14,1,4
2558,2146,14,2,7
2559,2146,14,1,2
2559,2146,14,2,6
2528,2146,15,1,5
2528,2146,15,2,7
2529,2146,15,1,5
2529,2146,15,2,7
2530,2146,15,1,4
2530,2146,15,2,6
2531,2146,15,1,4
2531,2146,15,2,5
2532,2146,15,1,3
2532,2146,15,2,4
2533,2146,15,1,3
2533,2146,15,2,5
2534,2146,15,1,0
2534,2146,15,2,1
2535,2146,15,1,0
2535,2146,15,2,2
2536,2146,15,1,0
2536,2146,15,2,1
2537,2146,15,1,2
2537,2146,15,2,3
2538,2146,15,1,1
2538,2146,15,2,2
2539,2146,15,1,2
2539,2146,15,2,6
2540,2146,15,1,5
2540,2146,15,2,7
2541,2146,15,1,4
2541,2146,15,2,6
2542,2146,15,1,1
2542,2146,15,2,6
2543,2146,15,1,1
2543,2146,15,2,5
2544,2146,15,1,5
2544,2146,15,2,7
2545,2146,15,1,0
2545,2146,15,2,1
2546,2146,15,1,0
2546,2146,15,2,6
2547,2146,15,1,0
2547,2146,15,2,6
2548,2146,15,1,2
2548,2146,15,2,7
2549,2146,15,1,1
2549,2146,15,2,5
2550,2146,15,1,4
2550,2146,15,2,5
2551,2146,15,1,3
2551,2146,15,2,6
2552,2146,15,1,2
2552,2146,15,2,5
2553,2146,15,1,4
2553,2146,15,2,6
2554,2146,15,1,2
2554,2146,15,2,7
2555,2146,15,1,2
2555,2146,15,2,6
2556,2146,15,1,0
2556,2146,15,2,2
2557,2146,15,1,0
2557,2146,15,2,1
2558,2146,15,1,2
2558,2146,15,2,7
2559,2146,15,1,1
2559,2146,15,2,3
2528,2146,16,1,0
2528,2146,16,2,1
2529,2146,16,1,0
2529,2146,16,2,5
2530,2146,16,1,1
2530,2146,16,2,2
2531,2146,16,1,2
2531,2146,16,2,3
2532,2146,16,1,3
2532,2146,16,2,6
2533,2146,16,1,0
2533,2146,16,2,7
2534,2146,16,1,1
2534,2146,16,2,2
2535,2146,16,1,4
2535,2146,16,2,6
2536,2146,16,1,0
2536,2146,16,2,4
2537,2146,16,1,1
2537,2146,16,2,4
2538,2146,16,1,4
2538,2146,16,2,5
2539,2146,16,1,0
2539,2146,16,2,2
2540,2146,16,1,0
2540,2146,16,2,7
2541,2146,16,1,5
2541,2146,16,2,7
2542,2146,16,1,6
2542,2146,16,2,7
2543,2146,16,1,0
2543,2146,16,2,4
2544,2146,16,1,3
2544,2146,16,2,7
2545,2146,16,1,1
2545,2146,16,2,5
2546,2146,16,1,5
2546,2146,16,2,7
2547,2146,16,1,2
2547,2146,16,2,3
2548,2146,16,1,0
2548,2146,16,2,6
2549,2146,16,1,1
2549,2146,16,2,3
2550,2146,16,1,1
2550,2146,16,2,5
2551,2146,16,1,2
2551,2146,16,2,4
2552,2146,16,1,3
2552,2146,16,2,4
2553,2146,16,1,4
2553,2146,16,2,6
2554,2146,16,1,3
2554,2146,16,2,4
2555,2146,16,1,0
2555,2146,16,2,3
2556,2146,16,1,1
2556,2146,16,2,7
2557,2146,16,1,3
2557,2146,16,2,6
2558,2146,16,1,0
2558,2146,16,2,5
2559,2146,16,1,3
2559,2146,16,2,6
2528,2146,17,1,0
2528,2146,17,2,1
2529,2146,17,1,0
2529,2146,17,2,5
2530,2146,17,1,3
2530,2146,17,2,6
2531,2146,17,1,4
2531,2146,17,2,6
2532,2146,17,1,4
2532,2146,17,2,7
2533,2146,17,1,0
2533,2146,17,2,1
2534,2146,17,1,2
2534,2146,17,2,5
2535,2146,17,1,2
2535,2146,17,2,3
2536,2146,17,1,5
2536,2146,17,2,7
2537,2146,17,1,0
2537,2146,17,2,7
2538,2146,17,1,3
2538,2146,17,2,4
2539,2146,17,1,4
2539,2146,17,2,7
2540,2146,17,1,0
2540,2146,17,2,3
2541,2146,17,1,4
2541,2146,17,2,5
2542,2146,17,1,1
2542,2146,17,2,2
2543,2146,17,1,1
2543,2146,17,2,5
2544,2146,17,1,1
2544,2146,17,2,5
2545,2146,17,1,1
2545,2146,17,2,7
2546,2146,17,1,0
2546,2146,17,2,1
2547,2146,17,1,0
2547,2146,17,2,6
2548,2146,17,1,3
2548,2146,17,2,5
2549,2146,17,1,1
2549,2146,17,2,6
2550,2146,17,1,2
2550,2146,17,2,5
2551,2146,17,1,2
2551,2146,17,2,3
2552,2146,17,1,4
2552,2146,17,2,5
2553,2146,17,1,0
2553,2146,17,2,5
2554,2146,17,1,5
2554,2146,17,2,7
2555,2146,17,1,1
2555,2146,17,2,3
2556,2146,17,1,1
2556,2146,17,2,7
2557,2146,17,1,1
2557,2146,17,2,3
2558,2146,17,1,2
2558,2146,17,2,3
2559,2146,17,1,1
2559,2146,17,2,7
2528,2146,18,1,1
2528,2146,18,2,4
2529,2146,18,1,1
2529,2146,18,2,6
2530,2146,18,1,3
2530,2146,18,2,4
2531,2146,18,1,0
2531,2146,18,2,6
2532,2146,18,1,0
2532,2146,18,2,5
2533,2146,18,1,2
2533,2146,18,2,3
2534,2146,18,1,4
2534,2146,18,2,6
2535,2146,18,1,1
2535,2146,18,2,7
2536,2146,18,1,2
2536,2146,18,2,3
2537,2146,18,1,1
2537,2146,18,2,6
2538,2146,18,1,0
2538,2146,18,2,4
2539,2146,18,1,4
2539,2146,18,2,5
2540,2146,18,1,5
2540,2146,18,2,6
2541,2146,18,1,1
2541,2146,18,2,5
2542,2146,18,1,6
2542,2146,18,2,7
2543,2146,18,1,4
2543,2146,18,2,7
2544,2146,18,1,5
2544,2146,18,2,6
2545,2146,18,1,4
2545,2146,18,2,5
2546,2146,18,1,0
2546,2146,18,2,1
2547,2146,18,1,3
2547,2146,18,2,5
2548,2146,18,1,0
2548,2146,18,2,7
2549,2146,18,1,3
2549,2146,18,2,4
2550,2146,18,1,1
2550,2146,18,2,6
2551,2146,18,1,3
2551,2146,18,2,7
2552,2146,18,1,6
2552,2146,18,2,7
2553,2146,18,1,3
2553,2146,18,2,7
2554,2146,18,1,0
2554,2146,18,2,4
2555,2146,18,1,0
2555,2146,18,2,5
2556,2146,18,1,1
2556,2146,18,2,3
2557,2146,18,1,0
2557,2146,18,2,7
2558,2146,18,1,1
2558,2146,18,2,4
2559,2146,18,1,4
2559,2146,18,2,5
2528,2146,19,1,4
2528,2146,19,2,7
2529,2146,19,1,0
2529,2146,19,2,2
2530,2146,19,1,1
2530,2146,19,2,3
2531,2146,19,1,4
2531,2146,19,2,5
2532,2146,19,1,1
2532,2146,19,2,3
2533,2146,19,1,2
2533,2146,19,2,6
2534,2146,19,1,6
2534,2146,19,2,7
2535,2146,19,1,5
2535,2146,19,2,6
2536,2146,19,1,4
2536,2146,19,2,7
2537,2146,19,1,3
2537,2146,19,2,6
2538,2146,19,1,2
2538,2146,19,2,5
2539,2146,19,1,1
2539,2146,19,2,4
2540,2146,19,1,5
2540,2146,19,2,7
2541,2146,19,1,2
2541,2146,19,2,6
2542,2146,19,1,0
2542,2146,19,2,4
2543,2146,19,1,5
2543,2146,19,2,7
2544,2146,19,1,0
2544,2146,19,2,7
2545,2146,19,1,5
2545,2146,19,2,7
2546,2146,19,1,1
2546,2146,19,2,5
2547,2146,19,1,2
2547,2146,19,2,3
2548,2146,19,1,3
2548,2146,19,2,6
2549,2146,19,1,3
2549,2146,19,2,4
2550,2146,19,1,1
2550,2146,19,2,6
2551,2146,19,1,0
2551,2146,19,2,2
2552,2146,19,1,0
2552,2146,19,2,5
2553,2146,19,1,2
2553,2146,19,2,7
2554,2146,19,1,1
2554,2146,19,2,3
2555,2146,19,1,6
2555,2146,19,2,7
2556,2146,19,1,3
2556,2146,19,2,5
2557,2146,19,1,3
2557,2146,19,2,4
2558,2146,19,1,0
2558,2146,19,2,5
2559,2146,19,1,4
2559,2146,19,2,5
2528,2146,20,1,5
2528,2146,20,2,6
2529,2146,20,1,3
2529,2146,20,2,7
2530,2146,20,1,0
2530,2146,20,2,1
2531,2146,20,1,0
2531,2146,20,2,3
2532,2146,20,1,2
2532,2146,20,2,5
2533,2146,20,1,2
2533,2146,20,2,3
2534,2146,20,1,4
2534,2146,20,2,7
2535,2146,20,1,0
2535,2146,20,2,7
2536,2146,20,1,4
2536,2146,20,2,6
2537,2146,20,1,3
2537,2146,20,2,4
2538,2146,20,1,3
2538,2146,20,2,6
2539,2146,20,1,0
2539,2146,20,2,2
2540,2146,20,1,3
2540,2146,20,2,6
2541,2146,20,1,0
2541,2146,20,2,6
2542,2146,20,1,1
2542,2146,20,2,6
2543,2146,20,1,2
2543,2146,20,2,6
2544,2146,20,1,3
2544,2146,20,2,4
2545,2146,20,1,2
2545,2146,20,2,3
2546,2146,20,1,1
2546,2146,20,2,6
2547,2146,20,1,0
2547,2146,20,2,4
2548,2146,20,1,0
2548,2146,20,2,3
2549,2146,20,1,1
2549,2146,20,2,7
2550,2146,20,1,0
2550,2146,20,2,4
2551,2146,20,1,1
2551,2146,20,2,3
2552,2146,20,1,2
2552,2146,20,2,3
2553,2146,20,1,1
2553,2146,20,2,4
2554,2146,20,1,3
2554,2146,20,2,4
2555,2146,20,1,3
2555,2146,20,2,7
2556,2146,20,1,5
2556,2146,20,2,6
2557,2146,20,1,2
2557,2146,20,2,6
2558,2146,20,1,4
2558,2146,20,2,5
2559,2146,20,1,0
2559,2146,20,2,6
2528,2146,21,1,0
2528,2146,21,2,5
2529,2146,21,1,1
2529,2146,21,2,3
2530,2146,21,1,3
2530,2146,21,2,6
2531,2146,21,1,1
2531,2146,21,2,3
2532,2146,21,1,1
2532,2146,21,2,2
2533,2146,21,1,3
2533,2146,21,2,7
2534,2146,21,1,3
2534,2146,21,2,7
2535,2146,21,1,4
2535,2146,21,2,6
2536,2146,21,1,3
2536,2146,21,2,6
2537,2146,21,1,5
2537,2146,21,2,6
2538,2146,21,1,1
2538,2146,21,2,4
2539,2146,21,1,2
2539,2146,21,2,7
2540,2146,21,1,1
2540,2146,21,2,2
2541,2146,21,1,6
2541,2146,21,2,7
2542,2146,21,1,2
2542,2146,21,2,3
2543,2146,21,1,2
2543,2146,21,2,6
2544,2146,21,1,0
2544,2146,21,2,5
2545,2146,21,1,4
2545,2146,21,2,5
2546,2146,21,1,5
2546,2146,21,2,6
2547,2146,21,1,3
2547,2146,21,2,7
2548,2146,21,1,1
2548,2146,21,2,4
2549,2146,21,1,1
2549,2146,21,2,6
2550,2146,21,1,3
2550,2146,21,2,6
2551,2146,21,1,3
2551,2146,21,2,4
2552,2146,21,1,1
2552,2146,21,2,4
2553,2146,21,1,4
2553,2146,21,2,6
2554,2146,21,1,1
2554,2146,21,2,5
2555,2146,21,1,1
2555,2146,21,2,6
2556,2146,21,1,2
2556,2146,21,2,6
2557,2146,21,1,1
2557,2146,21,2,2
2558,2146,21,1,6
2558,2146,21,2,7
2559,2146,21,1,0
2559,2146,21,2,7
2528,2146,22,1,1
2528,2146,22,2,6
2529,2146,22,1,0
2529,2146,22,2,3
2530,2146,22,1,1
2530,2146,22,2,4
2531,2146,22,1,3
2531,2146,22,2,5
2532,2146,22,1,2
2532,2146,22,2,5
2533,2146,22,1,5
2533,2146,22,2,7
2534,2146,22,1,0
2534,2146,22,2,4
2535,2146,22,1,2
2535,2146,22,2,4
2536,2146,22,1,1
2536,2146,22,2,5
2537,2146,22,1,1
2537,2146,22,2,5
2538,2146,22,1,1
2538,2146,22,2,6
2539,2146,22,1,0
2539,2146,22,2,1
2540,2146,22,1,2
2540,2146,22,2,6
2541,2146,22,1,4
2541,2146,22,2,7
2542,2146,22,1,2
2542,2146,22,2,6
2543,2146,22,1,4
2543,2146,22,2,6
2544,2146,22,1,1
2544,2146,22,2,4
2545,2146,22,1,4
2545,2146,22,2,5
2546,2146,22,1,2
2546,2146,22,2,5
2547,2146,22,1,0
2547,2146,22,2,7
2548,2146,22,1,0
2548,2146,22,2,5
2549,2146,22,1,0
2549,2146,22,2,5
2550,2146,22,1,0
2550,2146,22,2,3
2551,2146,22,1,1
2551,2146,22,2,3
2552,2146,22,1,3
2552,2146,22,2,4
2553,2146,22,1,0
2553,2146,22,2,4
2554,2146,22,1,3
2554,2146,22,2,7
2555,2146,22,1,2
2555,2146,22,2,7
2556,2146,22,1,2
2556,2146,22,2,6
2557,2146,22,1,5
2557,2146,22,2,6
2558,2146,22,1,2
2558,2146,22,2,3
2559,2146,22,1,3
2559,2146,22,2,6
2528,2146,23,1,2
2528,2146,23,2,3
2529,2146,23,1,3
2529,2146,23,2,5
2530,2146,23,1,0
2530,2146,23,2,6
2531,2146,23,1,3
2531,2146,23,2,7
2532,2146,23,1,5
2532,2146,23,2,6
2533,2146,23,1,3
2533,2146,23,2,6
2534,2146,23,1,2
2534,2146,23,2,7
2535,2146,23,1,1
2535,2146,23,2,4
2536,2146,23,1,0
2536,2146,23,2,1
2537,2146,23,1,5
2537,2146,23,2,7
2538,2146,23,1,1
2538,2146,23,2,7
2539,2146,23,1,0
2539,2146,23,2,5
2540,2146,23,1,2
2540,2146,23,2,4
2541,2146,23,1,4
2541,2146,23,2,6
2542,2146,23,1,5
2542,2146,23,2,6
2543,2146,23,1,6
2543,2146,23,2,7
2544,2146,23,1,2
2544,2146,23,2,3
2545,2146,23,1,2
2545,2146,23,2,6
2546,2146,23,1,3
2546,2146,23,2,5
2547,2146,23,1,0
2547,2146,23,2,5
2548,2146,23,1,0
2548,2146,23,2,2
2549,2146,23,1,2
2549,2146,23,2,4
2550,2146,23,1,0
2550,2146,23,2,4
2551,2146,23,1,1
2551,2146,23,2,5
2552,2146,23,1,5
2552,2146,23,2,6
2553,2146,23,1,5
2553,2146,23,2,6
2554,2146,23,1,2
2554,2146,23,2,5
2555,2146,23,1,0
2555,2146,23,2,4
2556,2146,23,1,3
2556,2146,23,2,7
2557,2146,23,1,2
2557,2146,23,2,7
2558,2146,23,1,5
2558,2146,23,2,7
2559,2146,23,1,2
2559,2146,23,2,4
2528,2146,24,1,1
2528,2146,24,2,6
2529,2146,24,1,0
2529,2146,24,2,3
2530,2146,24,1,1
2530,2146,24,2,7
2531,2146,24,1,0
2531,2146,24,2,2
2532,2146,24,1,6
2532,2146,24,2,7
2533,2146,24,1,0
2533,2146,24,2,1
2534,2146,24,1,2
2534,2146,24,2,5
2535,2146,24,1,3
2535,2146,24,2,5
2536,2146,24,1,0
2536,2146,24,2,5
2537,2146,24,1,4
2537,2146,24,2,6
2538,2146,24,1,2
2538,2146,24,2,3
2539,2146,24,1,2
2539,2146,24,2,7
2540,2146,24,1,4
2540,2146,24,2,5
2541,2146,24,1,0
2541,2146,24,2,3
2542,2146,24,1,2
2542,2146,24,2,6
2543,2146,24,1,4
2543,2146,24,2,7
2544,2146,24,1,1
2544,2146,24,2,3
2545,2146,24,1,0
2545,2146,24,2,4
2546,2146,24,1,6
2546,2146,24,2,7
2547,2146,24,1,1
2547,2146,24,2,2
2548,2146,24,1,0
2548,2146,24,2,1
2549,2146,24,1,1
2549,2146,24,2,2
2550,2146,24,1,0
2550,2146,24,2,4
2551,2146,24,1,0
2551,2146,24,2,1
2552,2146,24,1,3
2552,2146,24,2,5
2553,2146,24,1,2
2553,2146,24,2,7
2554,2146,24,1,0
2554,2146,24,2,1
2555,2146,24,1,1
2555,2146,24,2,6
2556,2146,24,1,4
2556,2146,24,2,5
2557,2146,24,1,5
2557,2146,24,2,6
2558,2146,24,1,2
2558,2146,24,2,6
2559,2146,24,1,5
2559,2146,24,2,6
2528,2146,25,1,1
2528,2146,25,2,4
2529,2146,25,1,1
2529,2146,25,2,6
2530,2146,25,1,1
2530,2146,25,2,2
2531,2146,25,1,1
2531,2146,25,2,7
2532,2146,25,1,1
2532,2146,25,2,2
2533,2146,25,1,1
2533,2146,25,2,4
2534,2146,25,1,1
2534,2146,25,2,7
2535,2146,25,1,3
2535,2146,25,2,6
2536,2146,25,1,2
2536,2146,25,2,4
2537,2146,25,1,4
2537,2146,25,2,7
2538,2146,25,1,5
2538,2146,25,2,6
2539,2146,25,1,1
2539,2146,25,2,2
2540,2146,25,1,5
2540,2146,25,2,6
2541,2146,25,1,1
2541,2146,25,2,5
2542,2146,25,1,1
2542,2146,25,2,2
2543,2146,25,1,0
2543,2146,25,2,1
2544,2146,25,1,5
2544,2146,25,2,6
2545,2146,25,1,0
2545,2146,25,2,5
2546,2146,25,1,1
2546,2146,25,2,6
2547,2146,25,1,1
2547,2146,25,2,7
2548,2146,25,1,0
2548,2146,25,2,5
2549,2146,25,1,1
2549,2146,25,2,3
2550,2146,25,1,0
2550,2146,25,2,7
2551,2146,25,1,1
2551,2146,25,2,3
2552,2146,25,1,4
2552,2146,25,2,6
2553,2146,25,1,0
2553,2146,25,2,3
2554,2146,25,1,0
2554,2146,25,2,3
2555,2146,25,1,5
2555,2146,25,2,6
2556,2146,25,1,4
2556,2146,25,2,6
2557,2146,25,1,4
2557,2146,25,2,6
2558,2146,25,1,0
2558,2146,25,2,7
2559,2146,25,1,1
2559,2146,25,2,4
2528,2146,26,1,1
2528,2146,26,2,4
2529,2146,26,1,3
2529,2146,26,2,6
2530,2146,26,1,1
2530,2146,26,2,5
2531,2146,26,1,2
2531,2146,26,2,3
2532,2146,26,1,0
2532,2146,26,2,1
2533,2146,26,1,5
2533,2146,26,2,7
2534,2146,26,1,1
2534,2146,26,2,7
2535,2146,26,1,0
2535,2146,26,2,7
2536,2146,26,1,1
2536,2146,26,2,2
2537,2146,26,1,2
2537,2146,26,2,7
2538,2146,26,1,0
2538,2146,26,2,1
2539,2146,26,1,1
2539,2146,26,2,4
2540,2146,26,1,0
2540,2146,26,2,1
2541,2146,26,1,0
2541,2146,26,2,6
2542,2146,26,1,2
2542,2146,26,2,6
2543,2146,26,1,2
2543,2146,26,2,4
2544,2146,26,1,0
2544,2146,26,2,1
2545,2146,26,1,3
2545,2146,26,2,7
2546,2146,26,1,5
2546,2146,26,2,6
2547,2146,26,1,4
2547,2146,26,2,6
2548,2146,26,1,0
2548,2146,26,2,1
2549,2146,26,1,2
2549,2146,26,2,6
2550,2146,26,1,0
2550,2146,26,2,4
2551,2146,26,1,0
2551,2146,26,2,7
2552,2146,26,1,1
2552,2146,26,2,3
2553,2146,26,1,5
2553,2146,26,2,7
2554,2146,26,1,1
2554,2146,26,2,2
2555,2146,26,1,0
2555,2146,26,2,5
2556,2146,26,1,0
2556,2146,26,2,4
2557,2146,26,1,0
2557,2146,26,2,6
2558,2146,26,1,2
2558,2146,26,2,7
2559,2146,26,1,1
2559,2146,26,2,2
2528,2146,27,1,1
2528,2146,27,2,3
2529,2146,27,1,4
2529,2146,27,2,5
2530,2146,27,1,2
2530,2146,27,2,5
2531,2146,27,1,6
2531,2146,27,2,7
2532,2146,27,1,3
2532,2146,27,2,6
2533,2146,27,1,0
2533,2146,27,2,2
2534,2146,27,1,1
2534,2146,27,2,5
2535,2146,27,1,0
2535,2146,27,2,5
2536,2146,27,1,3
2536,2146,27,2,4
2537,2146,27,1,3
2537,2146,27,2,5
2538,2146,27,1,2
2538,2146,27,2,4
2539,2146,27,1,4
2539,2146,27,2,7
2540,2146,27,1,4
2540,2146,27,2,7
2541,2146,27,1,1
2541,2146,27,2,6
2542,2146,27,1,4
2542,2146,27,2,5
2543,2146,27,1,1
2543,2146,27,2,4
2544,2146,27,1,1
2544,2146,27,2,3
2545,2146,27,1,1
2545,2146,27,2,5
2546,2146,27,1,1
2546,2146,27,2,3
2547,2146,27,1,6
2547,2146,27,2,7
2548,2146,27,1,1
2548,2146,27,2,6
2549,2146,27,1,0
2549,2146,27,2,2
2550,2146,27,1,6
2550,2146,27,2,7
2551,2146,27,1,2
2551,2146,27,2,7
2552,2146,27,1,5
2552,2146,27,2,6
2553,2146,27,1,0
2553,2146,27,2,2
2554,2146,27,1,2
2554,2146,27,2,7
2555,2146,27,1,2
2555,2146,27,2,6
2556,2146,27,1,0
2556,2146,27,2,4
2557,2146,27,1,1
2557,2146,27,2,2
2558,2146,27,1,1
2558,2146,27,2,2
2559,2146,27,1,5
2559,2146,27,2,7
2528,2146,28,1,0
2528,2146,28,2,7
2529,2146,28,1,2
2529,2146,28,2,3
2530,2146,28,1,1
2530,2146,28,2,7
2531,2146,28,1,1
2531,2146,28,2,2
2532,2146,28,1,3
2532,2146,28,2,5
2533,2146,28,1,2
2533,2146,28,2,7
2534,2146,28,1,1
2534,2146,28,2,6
2535,2146,28,1,2
2535,2146,28,2,4
2536,2146,28,1,2
2536,2146,28,2,4
2537,2146,28,1,0
2537,2146,28,2,1
2538,2146,28,1,1
2538,2146,28,2,4
2539,2146,28,1,5
2539,2146,28,2,6
2540,2146,28,1,3
2540,2146,28,2,6
2541,2146,28,1,1
2541,2146,28,2,3
2542,2146,28,1,1
2542,2146,28,2,4
2543,2146,28,1,6
2543,2146,28,2,7
2544,2146,28,1,0
2544,2146,28,2,5
2545,2146,28,1,4
2545,2146,28,2,7
2546,2146,28,1,1
2546,2146,28,2,5
2547,2146,28,1,1
2547,2146,28,2,4
2548,2146,28,1,2
2548,2146,28,2,7
2549,2146,28,1,4
2549,2146,28,2,7
2550,2146,28,1,5
2550,2146,28,2,7
2551,2146,28,1,0
2551,2146,28,2,5
2552,2146,28,1,3
2552,2146,28,2,6
2553,2146,28,1,2
2553,2146,28,2,3
2554,2146,28,1,0
2554,2146,28,2,3
2555,2146,28,1,0
2555,2146,28,2,4
2556,2146,28,1,0
2556,2146,28,2,7
2557,2146,28,1,0
2557,2146,28,2,5
2558,2146,28,1,0
2558,2146,28,2,6
2559,2146,28,1,1
2559,2146,28,2,3
2528,2146,29,1,0
2528,2146,29,2,3
2529,2146,29,1,2
2529,2146,29,2,5
2530,2146,29,1,2
2530,2146,29,2,4
2531,2146,29,1,3
2531,2146,29,2,6
2532,2146,29,1,1
2532,2146,29,2,7
2533,2146,29,1,2
2533,2146,29,2,6
2534,2146,29,1,3
2534,2146,29,2,7
2535,2146,29,1,2
2535,2146,29,2,6
2536,2146,29,1,2
2536,2146,29,2,6
2537,2146,29,1,1
2537,2146,29,2,2
2538,2146,29,1,4
2538,2146,29,2,5
2539,2146,29,1,2
2539,2146,29,2,4
2540,2146,29,1,3
2540,2146,29,2,5
2541,2146,29,1,4
2541,2146,29,2,5
2542,2146,29,1,0
2542,2146,29,2,3
2543,2146,29,1,1
2543,2146,29,2,6
2544,2146,29,1,3
2544,2146,29,2,5
2545,2146,29,1,0
2545,2146,29,2,7
2546,2146,29,1,1
2546,2146,29,2,6
2547,2146,29,1,3
2547,2146,29,2,6
2548,2146,29,1,2
2548,2146,29,2,7
2549,2146,29,1,2
2549,2146,29,2,3
2550,2146,29,1,3
2550,2146,29,2,4
2551,2146,29,1,4
2551,2146,29,2,7
2552,2146,29,1,2
2552,2146,29,2,5
2553,2146,29,1,1
2553,2146,29,2,3
2554,2146,29,1,0
2554,2146,29,2,7
2555,2146,29,1,0
2555,2146,29,2,5
2556,2146,29,1,0
2556,2146,29,2,5
2557,2146,29,1,0
2557,2146,29,2,2
2558,2146,29,1,1
2558,2146,29,2,7
2559,2146,29,1,0
2559,2146,29,2,2
2528,2146,30,1,0
2528,2146,30,2,2
2529,2146,30,1,1
2529,2146,30,2,7
2530,2146,30,1,4
2530,2146,30,2,5
2531,2146,30,1,0
2531,2146,30,2,3
2532,2146,30,1,4
2532,2146,30,2,6
2533,2146,30,1,4
2533,2146,30,2,5
2534,2146,30,1,1
2534,2146,30,2,4
2535,2146,30,1,1
2535,2146,30,2,3
2536,2146,30,1,0
2536,2146,30,2,6
2537,2146,30,1,3
2537,2146,30,2,4
2538,2146,30,1,1
2538,2146,30,2,2
2539,2146,30,1,5
2539,2146,30,2,7
2540,2146,30,1,3
2540,2146,30,2,5
2541,2146,30,1,0
2541,2146,30,2,7
2542,2146,30,1,3
2542,2146,30,2,7
2543,2146,30,1,2
2543,2146,30,2,5
2544,2146,30,1,0
2544,2146,30,2,7
2545,2146,30,1,0
2545,2146,30,2,5
2546,2146,30,1,0
2546,2146,30,2,6
2547,2146,30,1,0
2547,2146,30,2,5
2548,2146,30,1,4
2548,2146,30,2,5
2549,2146,30,1,5
2549,2146,30,2,6
2550,2146,30,1,0
2550,2146,30,2,7
2551,2146,30,1,0
2551,2146,30,2,2
2552,2146,30,1,6
2552,2146,30,2,7
2553,2146,30,1,3
2553,2146,30,2,7
2554,2146,30,1,2
2554,2146,30,2,7
2555,2146,30,1,0
2555,2146,30,2,6
2556,2146,30,1,1
2556,2146,30,2,7
2557,2146,30,1,1
2557,2146,30,2,4
2558,2146,30,1,0
2558,2146,30,2,6
2559,2146,30,1,3
2559,2146,30,2,7
2528,2146,31,1,3
2528,2146,31,2,6
2529,2146,31,1,1
2529,2146,31,2,6
2530,2146,31,1,0
2530,2146,31,2,4
2531,2146,31,1,6
2531,2146,31,2,7
2532,2146,31,1,2
2532,2146,31,2,7
2533,2146,31,1,1
2533,2146,31,2,6
2534,2146,31,1,3
2534,2146,31,2,4
2535,2146,31,1,0
2535,2146,31,2,5
2536,2146,31,1,2
2536,2146,31,2,7
2537,2146,31,1,0
2537,2146,31,2,4
2538,2146,31,1,0
2538,2146,31,2,1
2539,2146,31,1,4
2539,2146,31,2,7
2540,2146,31,1,4
2540,2146,31,2,5
2541,2146,31,1,0
2541,2146,31,2,6
2542,2146,31,1,6
2542,2146,31,2,7
2543,2146,31,1,1
2543,2146,31,2,4
2544,2146,31,1,3
2544,2146,31,2,7
2545,2146,31,1,3
2545,2146,31,2,7
2546,2146,31,1,1
2546,2146,31,2,7
2547,2146,31,1,4
2547,2146,31,2,6
2548,2146,31,1,1
2548,2146,31,2,5
2549,2146,31,1,2
2549,2146,31,2,5
2550,2146,31,1,1
2550,2146,31,2,4
2551,2146,31,1,5
2551,2146,31,2,7
2552,2146,31,1,2
2552,2146,31,2,3
2553,2146,31,1,0
2553,2146,31,2,1
2554,2146,31,1,4
2554,2146,31,2,7
2555,2146,31,1,1
2555,2146,31,2,7
2556,2146,31,1,0
2556,2146,31,2,4
2557,2146,31,1,2
2557,2146,31,2,3
2558,2146,31,1,2
2558,2146,31,2,4
2559,2146,31,1,4
2559,2146,31,2,5
2528,2142,0,1,1
2528,2142,0,2,5
2529,2142,0,1,1
2529,2142,0,2,2
2530,2142,0,1,0
2530,2142,0,2,5
2531,2142,0,1,1
2531,2142,0,2,3
2532,2142,0,1,4
2532,2142,0,2,6
2533,2142,0,1,4
2533,2142,0,2,7
2534,2142,0,1,5
2534,2142,0,2,6
2535,2142,0,1,6
2535,2142,0,2,7
2536,2142,0,1,2
2536,2142,0,2,3
2537,2142,0,1,2
2537,2142,0,2,5
2538,2142,0,1,0
2538,2142,0,2,3
2539,2142,0,1,0
2539,2142,0,2,4
2540,2142,0,1,3
2540,2142,0,2,4
2541,2142,0,1,2
2541,2142,0,2,7
2542,2142,0,1,5
2542,2142,0,2,7
2543,2142,0,1,3
2543,2142,0,2,5
2544,2142,0,1,4
2544,2142,0,2,7
2545,2142,0,1,2
2545,2142,0,2,6
2546,2142,0,1,0
2546,2142,0,2,2
2547,2142,0,1,1
2547,2142,0,2,6
2548,2142,0,1,1
2548,2142,0,2,7
2549,2142,0,1,1
2549,2142,0,2,3
2550,2142,0,1,1
2550,2142,0,2,4
2551,2142,0,1,1
2551,2142,0,2,4
2552,2142,0,1,1
2552,2142,0,2,7
2553,2142,0,1,0
2553,2142,0,2,4
2554,2142,0,1,0
2554,2142,0,2,2
2555,2142,0,1,1
2555,2142,0,2,4
2556,2142,0,1,6
2556,2142,0,2,7
2557,2142,0,1,0
2557,2142,0,2,1
2558,2142,0,1,4
2558,2142,0,2,7
2559,2142,0,1,0
2559,2142,0,2,4
2528,2142,1,1,4
2528,2142,1,2,6
2529,2142,1,1,4
2529,2142,1,2,6
2530,2142,1,1,0
2530,2142,1,2,4
2531,2142,1,1,4
2531,2142,1,2,6
2532,2142,1,1,6
2532,2142,1,2,7
2533,2142,1,1,0
2533,2142,1,2,4
2534,2142,1,1,2
2534,2142,1,2,4
2535,2142,1,1,4
2535,2142,1,2,6
2536,2142,1,1,2
2536,2142,1,2,5
2537,2142,1,1,3
2537,2142,1,2,7
2538,2142,1,1,4
2538,2142,1,2,6
2539,2142,1,1,0
2539,2142,1,2,1
2540,2142,1,1,4
2540,2142,1,2,7
2541,2142,1,1,4
2541,2142,1,2,7
2542,2142,1,1,3
2542,2142,1,2,4
2543,2142,1,1,2
2543,2142,1,2,6
2544,2142,1,1,0
2544,2142,1,2,7
2545,2142,1,1,2
2545,2142,1,2,5
2546,2142,1,1,0
2546,2142,1,2,2
2547,2142,1,1,2
2547,2142,1,2,5
2548,2142,1,1,2
2548,2142,1,2,3
2549,2142,1,1,0
2549,2142,1,2,7
2550,2142,1,1,3
2550,2142,1,2,7
2551,2142,1,1,0
2551,2142,1,2,7
2552,2142,1,1,2
2552,2142,1,2,3
2553,2142,1,1,2
2553,2142,1,2,4
2554,2142,1,1,2
2554,2142,1,2,7
2555,2142,1,1,0
2555,2142,1,2,3
2556,2142,1,1,0
2556,2142,1,2,3
2557,2142,1,1,5
2557,2142,1,2,6
2558,2142,1,1,1
2558,2142,1,2,6
2559,2142,1,1,3
2559,2142,1,2,6
2528,2142,2,1,4
2528,2142,2,2,5
2529,2142,2,1,0
2529,2142,2,2,2
2530,2142,2,1,0
2530,2142,2,2,5
2531,2142,2,1,0
2531,2142,2,2,7
2532,2142,2,1,0
2532,2142,2,2,2
2533,2142,2,1,6
2533,2142,2,2,7
2534,2142,2,1,2
2534,2142,2,2,7
2535,2142,2,1,0
2535,2142,2,2,2
2536,2142,2,1,1
2536,2142,2,2,6
2537,2142,2,1,5
2537,2142,2,2,6
2538,2142,2,1,5
2538,2142,2,2,6
2539,2142,2,1,2
2539,2142,2,2,6
2540,2142,2,1,0
2540,2142,2,2,4
2541,2142,2,1,0
2541,2142,2,2,3
2542,2142,2,1,4
2542,2142,2,2,6
2543,2142,2,1,0
2543,2142,2,2,6
2544,2142,2,1,6
2544,2142,2,2,7
2545,2142,2,1,1
2545,2142,2,2,4
2546,2142,2,1,2
2546,2142,2,2,6
2547,2142,2,1,2
2547,2142,2,2,7
2548,2142,2,1,4
2548,2142,2,2,7
2549,2142,2,1,6
2549,2142,2,2,7
2550,2142,2,1,6
2550,2142,2,2,7
2551,2142,2,1,0
2551,2142,2,2,2
2552,2142,2,1,3
2552,2142,2,2,7
2553,2142,2,1,2
2553,2142,2,2,7
2554,2142,2,1,1
2554,2142,2,2,3
2555,2142,2,1,1
2555,2142,2,2,5
2556,2142,2,1,0
2556,2142,2,2,3
2557,2142,2,1,1
2557,2142,2,2,7
2558,2142,2,1,5
2558,2142,2,2,6
2559,2142,2,1,1
2559,2142,2,2,3
2528,2142,3,1,0
2528,2142,3,2,3
2529,2142,3,1,4
2529,2142,3,2,5
2530,2142,3,1,4
2530,2142,3,2,6
2531,2142,3,1,3
2531,2142,3,2,4
2532,2142,3,1,5
2532,2142,3,2,6
2533,2142,3,1,1
2533,2142,3,2,3
2534,2142,3,1,0
2534,2142,3,2,5
2535,2142,3,1,2
2535,2142,3,2,4
2536,2142,3,1,4
2536,2142,3,2,7
2537,2142,3,1,2
2537,2142,3,2,5
2538,2142,3,1,2
2538,2142,3,2,3
2539,2142,3,1,5
2539,2142,3,2,6
2540,2142,3,1,3
2540,2142,3,2,4
2541,2142,3,1,0
2541,2142,3,2,4
2542,2142,3,1,3
2542,2142,3,2,7
2543,2142,3,1,4
2543,2142,3,2,6
2544,2142,3,1,0
2544,2142,3,2,1
2545,2142,3,1,1
2545,2142,3,2,6
2546,2142,3,1,4
2546,2142,3,2,6
2547,2142,3,1,3
2547,2142,3,2,4
2548,2142,3,1,3
2548,2142,3,2,6
2549,2142,3,1,0
2549,2142,3,2,7
2550,2142,3,1,4
2550,2142,3,2,6
2551,2142,3,1,6
2551,2142,3,2,7
2552,2142,3,1,3
2552,2142,3,2,6
2553,2142,3,1,0
2553,2142,3,2,3
2554,2142,3,1,5
2554,2142,3,2,7
2555,2142,3,1,0
2555,2142,3,2,1
2556,2142,3,1,4
2556,2142,3,2,6
2557,2142,3,1,0
2557,2142,3,2,7
2558,2142,3,1,0
2558,2142,3,2,1
2559,2142,3,1,2
2559,2142,3,2,3
2528,2142,4,1,4
2528,2142,4,2,6
2529,2142,4,1,0
2529,2142,4,2,6
2530,2142,4,1,5
2530,2142,4,2,7
2531,2142,4,1,0
2531,2142,4,2,5
2532,2142,4,1,6
2532,2142,4,2,7
2533,2142,4,1,2
2533,2142,4,2,6
2534,2142,4,1,4
2534,2142,4,2,6
2535,2142,4,1,6
2535,2142,4,2,7
2536,2142,4,1,2
2536,2142,4,2,5
2537,2142,4,1,3
2537,2142,4,2,5
2538,2142,4,1,4
2538,2142,4,2,5
2539,2142,4,1,0
2539,2142,4,2,5
2540,2142,4,1,4
2540,2142,4,2,5
2541,2142,4,1,6
2541,2142,4,2,7
2542,2142,4,1,2
2542,2142,4,2,4
2543,2142,4,1,5
2543,2142,4,2,6
2544,2142,4,1,1
2544,2142,4,2,3
2545,2142,4,1,4
2545,2142,4,2,7
2546,2142,4,1,1
2546,2142,4,2,5
2547,2142,4,1,1
2547,2142,4,2,4
2548,2142,4,1,0
2548,2142,4,2,4
2549,2142,4,1,3
2549,2142,4,2,7
2550,2142,4,1,1
2550,2142,4,2,5
2551,2142,4,1,4
2551,2142,4,2,6
2552,2142,4,1,1
2552,2142,4,2,4
2553,2142,4,1,3
2553,2142,4,2,4
2554,2142,4,1,1
2554,2142,4,2,4
2555,2142,4,1,0
2555,2142,4,2,5
2556,2142,4,1,0
2556,2142,4,2,1
2557,2142,4,1,3
2557,2142,4,2,4
2558,2142,4,1,0
2558,2142,4,2,3
2559,2142,4,1,0
2559,2142,4,2,6
2528,2142,5,1,3
2528,2142,5,2,7
2529,2142,5,1,0
2529,2142,5,2,7
2530,2142,5,1,0
2530,2142,5,2,5
2531,2142,5,1,2
2531,2142,5,2,6
2532,2142,5,1,2
2532,2142,5,2,4
2533,2142,5,1,0
2533,2142,5,2,6
2534,2142,5,1,2
2534,2142,5,2,4
2535,2142,5,1,2
2535,2142,5,2,5
2536,2142,5,1,2
2536,2142,5,2,7
2537,2142,5,1,3
2537,2142,5,2,4
2538,2142,5,1,4
2538,2142,5,2,7
2539,2142,5,1,5
2539,2142,5,2,7
2540,2142,5,1,3
2540,2142,5,2,4
2541,2142,5,1,3
2541,2142,5,2,4
2542,2142,5,1,3
2542,2142,5,2,7
2543,2142,5,1,0
2543,2142,5,2,3
2544,2142,5,1,1
2544,2142,5,2,4
2545,2142,5,1,1
2545,2142,5,2,2
2546,2142,5,1,0
2546,2142,5,2,1
2547,2142,5,1,5
2547,2142,5,2,7
2548,2142,5,1,0
2548,2142,5,2,4
2549,2142,5,1,4
2549,2142,5,2,6
2550,2142,5,1,6
2550,2142,5,2,7
2551,2142,5,1,2
2551,2142,5,2,6
2552,2142,5,1,2
2552,2142,5,2,3
2553,2142,5,1,4
2553,2142,5,2,6
2554,2142,5,1,1
2554,2142,5,2,7
2555,2142,5,1,1
2555,2142,5,2,6
2556,2142,5,1,4
2556,2142,5,2,5
2557,2142,5,1,1
2557,2142,5,2,6
2558,2142,5,1,3
2558,2142,5,2,6
2559,2142,5,1,5
2559,2142,5,2,7
2528,2142,6,1,0
2528,2142,6,2,2
2529,2142,6,1,2
2529,2142,6,2,3
2530,2142,6,1,1
2530,2142,6,2,2
2531,2142,6,1,3
2531,2142,6,2,6
2532,2142,6,1,1
2532,2142,6,2,7
2533,2142,6,1,0
2533,2142,6,2,2
2534,2142,6,1,2
2534,2142,6,2,3
2535,2142,6,1,0
2535,2142,6,2,4
2536,2142,6,1,0
2536,2142,6,2,3
2537,2142,6,1,2
2537,2142,6,2,4
2538,2142,6,1,2
2538,2142,6,2,5
2539,2142,6,1,2
2539,2142,6,2,5
2540,2142,6,1,1
2540,2142,6,2,6
2541,2142,6,1,6
2541,2142,6,2,7
2542,2142,6,1,1
2542,2142,6,2,4
2543,2142,6,1,0
2543,2142,6,2,5
2544,2142,6,1,2
2544,2142,6,2,4
2545,2142,6,1,4
2545,2142,6,2,5
2546,2142,6,1,0
2546,2142,6,2,1
2547,2142,6,1,0
2547,2142,6,2,1
2548,2142,6,1,1
2548,2142,6,2,5
2549,2142,6,1,0
2549,2142,6,2,7
2550,2142,6,1,1
2550,2142,6,2,3
2551,2142,6,1,0
2551,2142,6,2,1
2552,2142,6,1,1
2552,2142,6,2,6
2553,2142,6,1,3
2553,2142,6,2,6
2554,2142,6,1,2
2554,2142,6,2,4
2555,2142,6,1,4
2555,2142,6,2,5
2556,2142,6,1,6
2556,2142,6,2,7
2557,2142,6,1,2
2557,2142,6,2,3
2558,2142,6,1,0
2558,2142,6,2,4
2559,2142,6,1,0
2559,2142,6,2,6
2528,2142,7,1,3
2528,2142,7,2,5
2529,2142,7,1,5
2529,2142,7,2,7
2530,2142,7,1,3
2530,2142,7,2,6
2531,2142,7,1,2
2531,2142,7,2,4
2532,2142,7,1,0
2532,2142,7,2,3
2533,2142,7,1,4
2533,2142,7,2,7
2534,2142,7,1,0
2534,2142,7,2,5
2535,2142,7,1,0
2535,2142,7,2,3
2536,2142,7,1,6
2536,2142,7,2,7
2537,2142,7,1,3
2537,2142,7,2,7
2538,2142,7,1,0
2538,2142,7,2,3
2539,2142,7,1,2
2539,2142,7,2,4
2540,2142,7,1,3
2540,2142,7,2,5
2541,2142,7,1,2
2541,2142,7,2,7
2542,2142,7,1,1
2542,2142,7,2,7
2543,2142,7,1,3
2543,2142,7,2,7
2544,2142,7,1,0
2544,2142,7,2,4
2545,2142,7,1,2
2545,2142,7,2,3
2546,2142,7,1,3
2546,2142,7,2,7
2547,2142,7,1,1
2547,2142,7,2,6
2548,2142,7,1,0
2548,2142,7,2,5
2549,2142,7,1,1
2549,2142,7,2,5
2550,2142,7,1,0
2550,2142,7,2,6
2551,2142,7,1,0
2551,2142,7,2,6
2552,2142,7,1,2
2552,2142,7,2,5
2553,2142,7,1,0
2553,2142,7,2,7
2554,2142,7,1,0
2554,2142,7,2,6
2555,2142,7,1,1
2555,2142,7,2,7
2556,2142,7,1,0
2556,2142,7,2,3
2557,2142,7,1,1
2557,2142,7,2,5
2558,2142,7,1,0
2558,2142,7,2,3
2559,2142,7,1,0
2559,2142,7,2,2
2528,2142,8,1,0
2528,2142,8,2,1
2529,2142,8,1,3
2529,2142,8,2,5
2530,2142,8,1,2
2530,2142,8,2,7
2531,2142,8,1,1
2531,2142,8,2,2
2532,2142,8,1,2
2532,2142,8,2,3
2533,2142,8,1,2
2533,2142,8,2,5
2534,2142,8,1,2
2534,2142,8,2,7
2535,2142,8,1,2
2535,2142,8,2,6
2536,2142,8,1,5
2536,2142,8,2,6
2537,2142,8,1,0
2537,2142,8,2,7
2538,2142,8,1,1
2538,2142,8,2,3
2539,2142,8,1,6
2539,2142,8,2,7
2540,2142,8,1,3
2540,2142,8,2,6
2541,2142,8,1,0
2541,2142,8,2,4
2542,2142,8,1,1
2542,2142,8,2,6
2543,2142,8,1,2
2543,2142,8,2,3
2544,2142,8,1,4
2544,2142,8,2,7
2545,2142,8,1,4
2545,2142,8,2,5
2546,2142,8,1,0
2546,2142,8,2,4
2547,2142,8,1,3
2547,2142,8,2,5
2548,2142,8,1,5
2548,2142,8,2,6
2549,2142,8,1,0
2549,2142,8,2,6
2550,2142,8,1,1
2550,2142,8,2,5
2551,2142,8,1,0
2551,2142,8,2,1
2552,2142,8,1,3
2552,2142,8,2,7
2553,2142,8,1,1
2553,2142,8,2,6
2554,2142,8,1,4
2554,2142,8,2,5
2555,2142,8,1,0
2555,2142,8,2,7
2556,2142,8,1,0
2556,2142,8,2,3
2557,2142,8,1,5
2557,2142,8,2,7
2558,2142,8,1,4
2558,2142,8,2,7
2559,2142,8,1,0
2559,2142,8,2,2
2528,2142,9,1,6
2528,2142,9,2,7
2529,2142,9,1,1
2529,2142,9,2,7
2530,2142,9,1,3
2530,2142,9,2,5
2531,2142,9,1,2
2531,2142,9,2,4
2532,2142,9,1,3
2532,2142,9,2,4
2533,2142,9,1,1
2533,2142,9,2,3
2534,2142,9,1,0
2534,2142,9,2,7
2535,2142,9,1,4
2535,2142,9,2,5
2536,2142,9,1,4
2536,2142,9,2,6
2537,2142,9,1,2
2537,2142,9,2,4
2538,2142,9,1,5
2538,2142,9,2,6
2539,2142,9,1,0
2539,2142,9,2,4
2540,2142,9,1,1
2540,2142,9,2,6
2541,2142,9,1,3
2541,2142,9,2,6
2542,2142,9,1,1
2542,2142,9,2,5
2543,2142,9,1,4
2543,2142,9,2,5
2544,2142,9,1,0
2544,2142,9,2,3
2545,2142,9,1,1
2545,2142,9,2,2
2546,2142,9,1,1
2546,2142,9,2,2
2547,2142,9,1,5
2547,2142,9,2,6
2548,2142,9,1,3
2548,2142,9,2,5
2549,2142,9,1,6
2549,2142,9,2,7
2550,2142,9,1,1
2550,2142,9,2,6
2551,2142,9,1,1
2551,2142,9,2,7
2552,2142,9,1,4
2552,2142,9,2,6
2553,2142,9,1,3
2553,2142,9,2,7
2554,2142,9,1,3
2554,2142,9,2,5
2555,2142,9,1,0
2555,2142,9,2,6
2556,2142,9,1,3
2556,2142,9,2,6
2557,2142,9,1,0
2557,2142,9,2,6
2558,2142,9,1,1
2558,2142,9,2,6
2559,2142,9,1,4
2559,2142,9,2,6
2528,2142,10,1,5
2528,2142,10,2,6
2529,2142,10,1,4
2529,2142,10,2,6
2530,2142,10,1,4
2530,2142,10,2,6
2531,2142,10,1,1
2531,2142,10,2,3
2532,2142,10,1,3
2532,2142,10,2,4
2533,2142,10,1,0
2533,2142,10,2,1
2534,2142,10,1,2
2534,2142,10,2,7
2535,2142,10,1,0
2535,2142,10,2,4
2536,2142,10,1,0
2536,2142,10,2,1
2537,2142,10,1,0
2537,2142,10,2,4
2538,2142,10,1,1
2538,2142,10,2,3
2539,2142,10,1,4
2539,2142,10,2,5
2540,2142,10,1,1
2540,2142,10,2,2
2541,2142,10,1,2
2541,2142,10,2,5
2542,2142,10,1,5
2542,2142,10,2,6
2543,2142,10,1,2
2543,2142,10,2,6
2544,2142,10,1,3
2544,2142,10,2,4
2545,2142,10,1,5
2545,2142,10,2,7
2546,2142,10,1,1
2546,2142,10,2,7
2547,2142,10,1,3
2547,2142,10,2,6
2548,2142,10,1,2
2548,2142,10,2,3
2549,2142,10,1,4
2549,2142,10,2,5
2550,2142,10,1,5
2550,2142,10,2,6
2551,2142,10,1,4
2551,2142,10,2,5
2552,2142,10,1,4
2552,2142,10,2,6
2553,2142,10,1,1
2553,2142,10,2,3
2554,2142,10,1,1
2554,2142,10,2,3
2555,2142,10,1,1
2555,2142,10,2,4
2556,2142,10,1,2
2556,2142,10,2,4
2557,2142,10,1,0
2557,2142,10,2,6
2558,2142,10,1,3
2558,2142,10,2,5
2559,2142,10,1,2
2559,2142,10,2,7
2528,2142,11,1,2
2528,2142,11,2,5
2529,2142,11,1,0
2529,2142,11,2,2
2530,2142,11,1,1
2530,2142,11,2,4
2531,2142,11,1,3
2531,2142,11,2,7
2532,2142,11,1,0
2532,2142,11,2,4
2533,2142,11,1,6
2533,2142,11,2,7
2534,2142,11,1,4
2534,2142,11,2,6
2535,2142,11,1,6
2535,2142,11,2,7
2536,2142,11,1,1
2536,2142,11,2,4
2537,2142,11,1,0
2537,2142,11,2,1
2538,2142,11,1,2
2538,2142,11,2,7
2539,2142,11,1,0
2539,2142,11,2,5
2540,2142,11,1,3
2540,2142,11,2,5
2541,2142,11,1,2
2541,2142,11,2,7
2542,2142,11,1,1
2542,2142,11,2,6
2543,2142,11,1,4
2543,2142,11,2,7
2544,2142,11,1,3
2544,2142,11,2,7
2545,2142,11,1,5
2545,2142,11,2,6
2546,2142,11,1,0
2546,2142,11,2,1
2547,2142,11,1,6
2547,2142,11,2,7
2548,2142,11,1,3
2548,2142,11,2,7
2549,2142,11,1,2
2549,2142,11,2,4
2550,2142,11,1,0
2550,2142,11,2,5
2551,2142,11,1,2
2551,2142,11,2,4
2552,2142,11,1,0
2552,2142,11,2,4
2553,2142,11,1,5
2553,2142,11,2,6
2554,2142,11,1,2
2554,2142,11,2,6
2555,2142,11,1,0
2555,2142,11,2,3
2556,2142,11,1,5
2556,2142,11,2,7
2557,2142,11,1,0
2557,2142,11,2,4
2558,2142,11,1,1
2558,2142,11,2,5
2559,2142,11,1,4
2559,2142,11,2,7
2528,2142,12,1,0
2528,2142,12,2,3
2529,2142,12,1,0
2529,2142,12,2,4
2530,2142,12,1,2
2530,2142,12,2,5
2531,2142,12,1,0
2531,2142,12,2,4
2532,2142,12,1,0
2532,2142,12,2,4
2533,2142,12,1,3
2533,2142,12,2,6
2534,2142,12,1,0
2534,2142,12,2,1
2535,2142,12,1,0
2535,2142,12,2,7
2536,2142,12,1,1
2536,2142,12,2,5
2537,2142,12,1,1
2537,2142,12,2,4
2538,2142,12,1,4
2538,2142,12,2,7
2539,2142,12,1,1
2539,2142,12,2,6
2540,2142,12,1,3
2540,2142,12,2,7
2541,2142,12,1,4
2541,2142,12,2,5
2542,2142,12,1,2
2542,2142,12,2,5
2543,2142,12,1,1
2543,2142,12,2,7
2544,2142,12,1,4
2544,2142,12,2,7
2545,2142,12,1,2
2545,2142,12,2,7
2546,2142,12,1,3
2546,2142,12,2,4
2547,2142,12,1,1
2547,2142,12,2,5
2548,2142,12,1,2
2548,2142,12,2,5
2549,2142,12,1,2
2549,2142,12,2,7
2550,2142,12,1,2
2550,2142,12,2,4
2551,2142,12,1,2
2551,2142,12,2,4
2552,2142,12,1,2
2552,2142,12,2,5
2553,2142,12,1,3
2553,2142,12,2,5
2554,2142,12,1,0
2554,2142,12,2,3
2555,2142,12,1,0
2555,2142,12,2,5
2556,2142,12,1,2
2556,2142,12,2,4
2557,2142,12,1,0
2557,2142,12,2,4
2558,2142,12,1,4
2558,2142,12,2,7
2559,2142,12,1,2
2559,2142,12,2,4
2528,2142,13,1,6
2528,2142,13,2,7
2529,2142,13,1,1
2529,2142,13,2,6
2530,2142,13,1,0
2530,2142,13,2,2
2531,2142,13,1,0
2531,2142,13,2,6
2532,2142,13,1,2
2532,2142,13,2,6
2533,2142,13,1,0
2533,2142,13,2,1
2534,2142,13,1,1
2534,2142,13,2,6
2535,2142,13,1,0
2535,2142,13,2,4
2536,2142,13,1,5
2536,2142,13,2,7
2537,2142,13,1,3
2537,2142,13,2,6
2538,2142,13,1,2
2538,2142,13,2,3
2539,2142,13,1,6
2539,2142,13,2,7
2540,2142,13,1,0
2540,2142,13,2,3
2541,2142,13,1,1
2541,2142,13,2,2
2542,2142,13,1,0
2542,2142,13,2,3
2543,2142,13,1,0
2543,2142,13,2,4
2544,2142,13,1,2
2544,2142,13,2,6
2545,2142,13,1,1
2545,2142,13,2,3
2546,2142,13,1,6
2546,2142,13,2,7
2547,2142,13,1,0
2547,2142,13,2,7
2548,2142,13,1,1
2548,2142,13,2,5
2549,2142,13,1,1
2549,2142,13,2,3
2550,2142,13,1,0
2550,2142,13,2,6
2551,2142,13,1,1
2551,2142,13,2,7
2552,2142,13,1,2
2552,2142,13,2,3
2553,2142,13,1,0
2553,2142,13,2,3
2554,2142,13,1,2
2554,2142,13,2,6
2555,2142,13,1,3
2555,2142,13,2,7
2556,2142,13,1,3
2556,2142,13,2,7
2557,2142,13,1,0
2557,2142,13,2,6
2558,2142,13,1,2
2558,2142,13,2,3
2559,2142,13,1,4
2559,2142,13,2,7
2528,2142,14,1,5
2528,2142,14,2,7
2529,2142,14,1,1
2529,2142,14,2,7
2530,2142,14,1,0
2530,2142,14,2,6
2531,2142,14,1,0
2531,2142,14,2,6
2532,2142,14,1,3
2532,2142,14,2,6
2533,2142,14,1,0
2533,2142,14,2,1
2534,2142,14,1,2
2534,2142,14,2,6
2535,2142,14,1,0
2535,2142,14,2,6
2536,2142,14,1,2
2536,2142,14,2,3
2537,2142,14,1,0
2537,2142,14,2,4
2538,2142,14,1,3
2538,2142,14,2,6
2539,2142,14,1,0
2539,2142,14,2,3
2540,2142,14,1,4
2540,2142,14,2,5
2541,2142,14,1,1
2541,2142,14,2,3
2542,2142,14,1,0
2542,2142,14,2,7
2543,2142,14,1,4
2543,2142,14,2,7
2544,2142,14,1,2
2544,2142,14,2,5
2545,2142,14,1,0
2545,2142,14,2,2
2546,2142,14,1,6
2546,2142,14,2,7
2547,2142,14,1,4
2547,2142,14,2,6
2548,2142,14,1,4
2548,2142,14,2,5
2549,2142,14,1,2
2549,2142,14,2,5
2550,2142,14,1,2
2550,2142,14,2,6
2551,2142,14,1,5
2551,2142,14,2,6
2552,2142,14,1,4
2552,2142,14,2,7
2553,2142,14,1,5
2553,2142,14,2,7
2554,2142,14,1,1
2554,2142,14,2,3
2555,2142,14,1,1
2555,2142,14,2,7
2556,2142,14,1,0
2556,2142,14,2,6
2557,2142,14,1,1
2557,2142,14,2,5
2558,2142,14,1,3
2558,2142,14,2,7
2559,2142,14,1,5
2559,2142,14,2,7
2528,2142,15,1,0
2528,2142,15,2,3
2529,2142,15,1,0
2529,2142,15,2,5
2530,2142,15,1,2
2530,2142,15,2,7
2531,2142,15,1,0
2531,2142,15,2,3
2532,2142,15,1,3
2532,2142,15,2,4
2533,2142,15,1,2
2533,2142,15,2,3
2534,2142,15,1,1
2534,2142,15,2,7
2535,2142,15,1,0
2535,2142,15,2,1
2536,2142,15,1,2
2536,2142,15,2,7
2537,2142,15,1,2
2537,2142,15,2,5
2538,2142,15,1,1
2538,2142,15,2,3
2539,2142,15,1,5
2539,2142,15,2,6
2540,2142,15,1,0
2540,2142,15,2,7
2541,2142,15,1,4
2541,2142,15,2,5
2542,2142,15,1,0
2542,2142,15,2,4
2543,2142,15,1,6
2543,2142,15,2,7
2544,2142,15,1,3
2544,2142,15,2,5
2545,2142,15,1,2
2545,2142,15,2,6
2546,2142,15,1,3
2546,2142,15,2,6
2547,2142,15,1,2
2547,2142,15,2,7
2548,2142,15,1,2
2548,2142,15,2,6
2549,2142,15,1,0
2549,2142,15,2,5
2550,2142,15,1,1
2550,2142,15,2,4
2551,2142,15,1,4
2551,2142,15,2,5
2552,2142,15,1,3
2552,2142,15,2,4
2553,2142,15,1,0
2553,2142,15,2,1
2554,2142,15,1,2
2554,2142,15,2,7
2555,2142,15,1,3
2555,2142,15,2,7
2556,2142,15,1,2
2556,2142,15,2,5
2557,2142,15,1,4
2557,2142,15,2,5
2558,2142,15,1,0
2558,2142,15,2,5
2559,2142,15,1,0
2559,2142,15,2,6
2528,2142,16,1,1
2528,2142,16,2,3
2529,2142,16,1,2
2529,2142,16,2,6
2530,2142,16,1,4
2530,2142,16,2,6
2531,2142,16,1,0
2531,2142,16,2,7
2532,2142,16,1,0
2532,2142,16,2,5
2533,2142,16,1,1
2533,2142,16,2,2
2534,2142,16,1,0
2534,2142,16,2,4
2535,2142,16,1,5
2535,2142,16,2,6
2536,2142,16,1,6
2536,2142,16,2,7
2537,2142,16,1,2
2537,2142,16,2,3
2538,2142,16,1,4
2538,2142,16,2,5
2539,2142,16,1,2
2539,2142,16,2,4
2540,2142,16,1,6
2540,2142,16,2,7
2541,2142,16,1,3
2541,2142,16,2,6
2542,2142,16,1,4
2542,2142,16,2,5
2543,2142,16,1,1
2543,2142,16,2,5
2544,2142,16,1,0
2544,2142,16,2,1
2545,2142,16,1,0
2545,2142,16,2,2
2546,2142,16,1,3
2546,2142,16,2,4
2547,2142,16,1,0
2547,2142,16,2,7
2548,2142,16,1,0
2548,2142,16,2,3
2549,2142,16,1,1
2549,2142,16,2,2
2550,2142,16,1,5
2550,2142,16,2,6
2551,2142,16,1,4
2551,2142,16,2,6
2552,2142,16,1,4
2552,2142,16,2,6
2553,2142,16,1,0
2553,2142,16,2,3
2554,2142,16,1,1
2554,2142,16,2,7
2555,2142,16,1,4
2555,2142,16,2,6
2556,2142,16,1,2
2556,2142,16,2,7
2557,2142,16,1,0
2557,2142,16,2,1
2558,2142,16,1,0
2558,2142,16,2,5
2559,2142,16,1,3
2559,2142,16,2,4
2528,2142,17,1,2
2528,2142,17,2,7
2529,2142,17,1,2
2529,2142,17,2,5
2530,2142,17,1,0
2530,2142,17,2,4
2531,2142,17,1,0
2531,2142,17,2,7
2532,2142,17,1,2
2532,2142,17,2,5
2533,2142,17,1,0
2533,2142,17,2,5
2534,2142,17,1,5
2534,2142,17,2,7
2535,2142,17,1,1
2535,2142,17,2,4
2536,2142,17,1,4
2536,2142,17,2,6
2537,2142,17,1,1
2537,2142,17,2,7
2538,2142,17,1,2
2538,2142,17,2,3
2539,2142,17,1,2
2539,2142,17,2,7
2540,2142,17,1,2
2540,2142,17,2,6
2541,2142,17,1,2
2541,2142,17,2,4
2542,2142,17,1,1
2542,2142,17,2,5
2543,2142,17,1,1
2543,2142,17,2,6
2544,2142,17,1,0
2544,2142,17,2,1
2545,2142,17,1,1
2545,2142,17,2,4
2546,2142,17,1,1
2546,2142,17,2,4
2547,2142,17,1,5
2547,2142,17,2,7
2548,2142,17,1,2
2548,2142,17,2,5
2549,2142,17,1,0
2549,2142,17,2,5
2550,2142,17,1,0
2550,2142,17,2,2
2551,2142,17,1,0
2551,2142,17,2,6
2552,2142,17,1,2
2552,2142,17,2,4
2553,2142,17,1,2
2553,2142,17,2,4
2554,2142,17,1,4
2554,2142,17,2,7
2555,2142,17,1,1
2555,2142,17,2,4
2556,2142,17,1,4
2556,2142,17,2,7
2557,2142,17,1,3
2557,2142,17,2,5
2558,2142,17,1,0
2558,2142,17,2,1
2559,2142,17,1,2
2559,2142,17,2,4
2528,2142,18,1,1
2528,2142,18,2,4
2529,2142,18,1,0
2529,2142,18,2,5
2530,2142,18,1,0
2530,2142,18,2,7
2531,2142,18,1,6
2531,2142,18,2,7
2532,2142,18,1,1
2532,2142,18,2,4
2533,2142,18,1,1
2533,2142,18,2,3
2534,2142,18,1,4
2534,2142,18,2,5
2535,2142,18,1,2
2535,2142,18,2,7
2536,2142,18,1,2
2536,2142,18,2,7
2537,2142,18,1,1
2537,2142,18,2,5
2538,2142,18,1,1
2538,2142,18,2,7
2539,2142,18,1,2
2539,2142,18,2,6
2540,2142,18,1,4
2540,2142,18,2,5
2541,2142,18,1,2
2541,2142,18,2,4
2542,2142,18,1,2
2542,2142,18,2,6
2543,2142,18,1,3
2543,2142,18,2,6
2544,2142,18,1,1
2544,2142,18,2,5
2545,2142,18,1,3
2545,2142,18,2,4
2546,2142,18,1,2
2546,2142,18,2,7
2547,2142,18,1,1
2547,2142,18,2,5
2548,2142,18,1,1
2548,2142,18,2,5
2549,2142,18,1,1
2549,2142,18,2,2
2550,2142,18,1,2
2550,2142,18,2,6
2551,2142,18,1,1
2551,2142,18,2,2
2552,2142,18,1,0
2552,2142,18,2,1
2553,2142,18,1,3
2553,2142,18,2,4
2554,2142,18,1,1
2554,2142,18,2,4
2555,2142,18,1,1
2555,2142,18,2,6
2556,2142,18,1,0
2556,2142,18,2,4
2557,2142,18,1,1
2557,2142,18,2,5
2558,2142,18,1,2
2558,2142,18,2,4
2559,2142,18,1,3
2559,2142,18,2,7
2528,2142,19,1,4
2528,2142,19,2,7
2529,2142,19,1,0
2529,2142,19,2,4
2530,2142,19,1,4
2530,2142,19,2,6
2531,2142,19,1,0
2531,2142,19,2,5
2532,2142,19,1,4
2532,2142,19,2,5
2533,2142,19,1,1
2533,2142,19,2,2
2534,2142,19,1,3
2534,2142,19,2,7
2535,2142,19,1,2
2535,2142,19,2,6
2536,2142,19,1,2
2536,2142,19,2,4
2537,2142,19,1,1
2537,2142,19,2,7
2538,2142,19,1,2
2538,2142,19,2,6
2539,2142,19,1,2
2539,2142,19,2,7
2540,2142,19,1,0
2540,2142,19,2,2
2541,2142,19,1,4
2541,2142,19,2,7
2542,2142,19,1,0
2542,2142,19,2,5
2543,2142,19,1,4
2543,2142,19,2,6
2544,2142,19,1,2
2544,2142,19,2,4
2545,2142,19,1,2
2545,2142,19,2,6
2546,2142,19,1,4
2546,2142,19,2,7
2547,2142,19,1,1
2547,2142,19,2,5
2548,2142,19,1,1
2548,2142,19,2,6
2549,2142,19,1,5
2549,2142,19,2,7
2550,2142,19,1,3
2550,2142,19,2,4
2551,2142,19,1,2
2551,2142,19,2,3
2552,2142,19,1,2
2552,2142,19,2,5
2553,2142,19,1,0
2553,2142,19,2,7
2554,2142,19,1,4
2554,2142,19,2,7
2555,2142,19,1,4
2555,2142,19,2,5
2556,2142,19,1,4
2556,2142,19,2,6
2557,2142,19,1,1
2557,2142,19,2,6
2558,2142,19,1,1
2558,2142,19,2,3
2559,2142,19,1,1
2559,2142,19,2,3
2528,2142,20,1,5
2528,2142,20,2,6
2529,2142,20,1,5
2529,2142,20,2,6
2530,2142,20,1,0
2530,2142,20,2,5
2531,2142,20,1,0
2531,2142,20,2,4
2532,2142,20,1,0
2532,2142,20,2,4
2533,2142,20,1,1
2533,2142,20,2,2
2534,2142,20,1,0
2534,2142,20,2,2
2535,2142,20,1,5
2535,2142,20,2,6
2536,2142,20,1,0
2536,2142,20,2,1
2537,2142,20,1,1
2537,2142,20,2,2
2538,2142,20,1,3
2538,2142,20,2,6
2539,2142,20,1,0
2539,2142,20,2,2
2540,2142,20,1,1
2540,2142,20,2,5
2541,2142,20,1,0
2541,2142,20,2,7
2542,2142,20,1,2
2542,2142,20,2,7
2543,2142,20,1,5
2543,2142,20,2,7
2544,2142,20,1,1
2544,2142,20,2,7
2545,2142,20,1,3
2545,2142,20,2,4
2546,2142,20,1,0
2546,2142,20,2,4
2547,2142,20,1,2
2547,2142,20,2,3
2548,2142,20,1,1
2548,2142,20,2,5
2549,2142,20,1,5
2549,2142,20,2,6
2550,2142,20,1,2
2550,2142,20,2,7
2551,2142,20,1,2
2551,2142,20,2,4
2552,2142,20,1,0
2552,2142,20,2,2
2553,2142,20,1,3
2553,2142,20,2,4
2554,2142,20,1,0
2554,2142,20,2,4
2555,2142,20,1,4
2555,2142,20,2,6
2556,2142,20,1,4
2556,2142,20,2,5
2557,2142,20,1,3
2557,2142,20,2,4
2558,2142,20,1,2
2558,2142,20,2,3
2559,2142,20,1,5
2559,2142,20,2,6
2528,2142,21,1,4
2528,2142,21,2,5
2529,2142,21,1,3
2529,2142,21,2,6
2530,2142,21,1,0
2530,2142,21,2,4
2531,2142,21,1,0
2531,2142,21,2,5
2532,2142,21,1,1
2532,2142,21,2,4
2533,2142,21,1,2
2533,2142,21,2,3
2534,2142,21,1,0
2534,2142,21,2,7
2535,2142,21,1,2
2535,2142,21,2,3
2536,2142,21,1,1
2536,2142,21,2,5
2537,2142,21,1,5
2537,2142,21,2,7
2538,2142,21,1,2
2538,2142,21,2,4
2539,2142,21,1,0
2539,2142,21,2,4
2540,2142,21,1,2
2540,2142,21,2,7
2541,2142,21,1,2
2541,2142,21,2,4
2542,2142,21,1,2
2542,2142,21,2,5
2543,2142,21,1,4
2543,2142,21,2,5
2544,2142,21,1,3
2544,2142,21,2,6
2545,2142,21,1,0
2545,2142,21,2,2
2546,2142,21,1,2
2546,2142,21,2,3
2547,2142,21,1,1
2547,2142,21,2,5
2548,2142,21,1,1
2548,2142,21,2,4
2549,2142,21,1,4
2549,2142,21,2,7
2550,2142,21,1,1
2550,2142,21,2,4
2551,2142,21,1,3
2551,2142,21,2,7
2552,2142,21,1,0
2552,2142,21,2,5
2553,2142,21,1,2
2553,2142,21,2,5
2554,2142,21,1,4
2554,2142,21,2,5
2555,2142,21,1,0
2555,2142,21,2,4
2556,2142,21,1,3
2556,2142,21,2,4
2557,2142,21,1,3
2557,2142,21,2,5
2558,2142,21,1,1
2558,2142,21,2,2
2559,2142,21,1,0
2559,2142,21,2,4
2528,2142,22,1,4
2528,2142,22,2,6
2529,2142,22,1,2
2529,2142,22,2,6
2530,2142,22,1,4
2530,2142,22,2,6
2531,2142,22,1,3
2531,2142,22,2,7
2532,2142,22,1,0
2532,2142,22,2,1
2533,2142,22,1,2
2533,2142,22,2,6
2534,2142,22,1,3
2534,2142,22,2,7
2535,2142,22,1,2
2535,2142,22,2,5
2536,2142,22,1,0
2536,2142,22,2,4
2537,2142,22,1,1
2537,2142,22,2,6
2538,2142,22,1,4
2538,2142,22,2,7
2539,2142,22,1,1
2539,2142,22,2,6
2540,2142,22,1,0
2540,2142,22,2,5
2541,2142,22,1,2
2541,2142,22,2,6
2542,2142,22,1,2
2542,2142,22,2,5
2543,2142,22,1,1
2543,2142,22,2,3
2544,2142,22,1,0
2544,2142,22,2,1
2545,2142,22,1,0
2545,2142,22,2,5
2546,2142,22,1,2
2546,2142,22,2,7
2547,2142,22,1,6
2547,2142,22,2,7
2548,2142,22,1,1
2548,2142,22,2,4
2549,2142,22,1,1
2549,2142,22,2,2
2550,2142,22,1,3
2550,2142,22,2,6
2551,2142,22,1,1
2551,2142,22,2,6
2552,2142,22,1,4
2552,2142,22,2,5
2553,2142,22,1,4
2553,2142,22,2,6
2554,2142,22,1,1
2554,2142,22,2,6
2555,2142,22,1,3
2555,2142,22,2,7
2556,2142,22,1,2
2556,2142,22,2,3
2557,2142,22,1,2
2557,2142,22,2,4
2558,2142,22,1,0
2558,2142,22,2,4
2559,2142,22,1,4
2559,2142,22,2,7
2528,2142,23,1,0
2528,2142,23,2,3
2529,2142,23,1,2
2529,2142,23,2,6
2530,2142,23,1,3
2530,2142,23,2,5
2531,2142,23,1,1
2531,2142,23,2,6
2532,2142,23,1,0
2532,2142,23,2,3
2533,2142,23,1,0
2533,2142,23,2,3
2534,2142,23,1,0
2534,2142,23,2,5
2535,2142,23,1,3
2535,2142,23,2,7
2536,2142,23,1,0
2536,2142,23,2,3
2537,2142,23,1,4
2537,2142,23,2,7
2538,2142,23,1,4
2538,2142,23,2,6
2539,2142,23,1,6
2539,2142,23,2,7
2540,2142,23,1,1
2540,2142,23,2,5
2541,2142,23,1,5
2541,2142,23,2,7
2542,2142,23,1,4
2542,2142,23,2,6
2543,2142,23,1,1
2543,2142,23,2,6
2544,2142,23,1,1
2544,2142,23,2,6
2545,2142,23,1,0
2545,2142,23,2,2
2546,2142,23,1,3
2546,2142,23,2,6
2547,2142,23,1,6
2547,2142,23,2,7
2548,2142,23,1,3
2548,2142,23,2,5
2549,2142,23,1,4
2549,2142,23,2,7
2550,2142,23,1,0
2550,2142,23,2,5
2551,2142,23,1,2
2551,2142,23,2,5
2552,2142,23,1,1
2552,2142,23,2,6
2553,2142,23,1,0
2553,2142,23,2,1
2554,2142,23,1,2
2554,2142,23,2,4
2555,2142,23,1,0
2555,2142,23,2,4
2556,2142,23,1,1
2556,2142,23,2,3
2557,2142,23,1,3
2557,2142,23,2,6
2558,2142,23,1,3
2558,2142,23,2,6
2559,2142,23,1,3
2559,2142,23,2,4
2528,2142,24,1,0
2528,2142,24,2,7
2529,2142,24,1,2
2529,2142,24,2,4
2530,2142,24,1,0
2530,2142,24,2,1
2531,2142,24,1,6
2531,2142,24,2,7
2532,2142,24,1,4
2532,2142,24,2,5
2533,2142,24,1,0
2533,2142,24,2,1
2534,2142,24,1,2
2534,2142,24,2,5
2535,2142,24,1,6
2535,2142,24,2,7
2536,2142,24,1,3
2536,2142,24,2,4
2537,2142,24,1,3
2537,2142,24,2,5
2538,2142,24,1,2
2538,2142,24,2,7
2539,2142,24,1,3
2539,2142,24,2,5
2540,2142,24,1,4
2540,2142,24,2,6
2541,2142,24,1,3
2541,2142,24,2,4
2542,2142,24,1,4
2542,2142,24,2,5
2543,2142,24,1,0
2543,2142,24,2,1
2544,2142,24,1,0
2544,2142,24,2,7
2545,2142,24,1,2
2545,2142,24,2,3
2546,2142,24,1,3
2546,2142,24,2,6
2547,2142,24,1,4
2547,2142,24,2,5
2548,2142,24,1,3
2548,2142,24,2,7
2549,2142,24,1,1
2549,2142,24,2,4
2550,2142,24,1,5
2550,2142,24,2,7
2551,2142,24,1,2
2551,2142,24,2,7
2552,2142,24,1,3
2552,2142,24,2,5
2553,2142,24,1,1
2553,2142,24,2,5
2554,2142,24,1,2
2554,2142,24,2,7
2555,2142,24,1,5
2555,2142,24,2,7
2556,2142,24,1,2
2556,2142,24,2,5
2557,2142,24,1,2
2557,2142,24,2,5
2558,2142,24,1,0
2558,2142,24,2,4
2559,2142,24,1,0
2559,2142,24,2,2
2528,2142,25,1,3
2528,2142,25,2,4
2529,2142,25,1,0
2529,2142,25,2,6
2530,2142,25,1,3
2530,2142,25,2,4
2531,2142,25,1,1
2531,2142,25,2,2
2532,2142,25,1,2
2532,2142,25,2,6
2533,2142,25,1,4
2533,2142,25,2,5
2534,2142,25,1,4
2534,2142,25,2,5
2535,2142,25,1,5
2535,2142,25,2,7
2536,2142,25,1,4
2536,2142,25,2,6
2537,2142,25,1,5
2537,2142,25,2,7
2538,2142,25,1,4
2538,2142,25,2,6
2539,2142,25,1,1
2539,2142,25,2,6
2540,2142,25,1,0
2540,2142,25,2,4
2541,2142,25,1,6
2541,2142,25,2,7
2542,2142,25,1,5
2542,2142,25,2,7
2543,2142,25,1,1
2543,2142,25,2,3
2544,2142,25,1,2
2544,2142,25,2,7
2545,2142,25,1,5
2545,2142,25,2,7
2546,2142,25,1,0
2546,2142,25,2,6
2547,2142,25,1,0
2547,2142,25,2,3
2548,2142,25,1,2
2548,2142,25,2,3
2549,2142,25,1,2
2549,2142,25,2,7
2550,2142,25,1,2
2550,2142,25,2,4
2551,2142,25,1,3
2551,2142,25,2,5
2552,2142,25,1,2
2552,2142,25,2,3
2553,2142,25,1,5
2553,2142,25,2,7
2554,2142,25,1,0
2554,2142,25,2,1
2555,2142,25,1,3
2555,2142,25,2,7
2556,2142,25,1,2
2556,2142,25,2,6
2557,2142,25,1,1
2557,2142,25,2,5
2558,2142,25,1,3
2558,2142,25,2,4
2559,2142,25,1,3
2559,2142,25,2,4
2528,2142,26,1,4
2528,2142,26,2,6
2529,2142,26,1,2
2529,2142,26,2,6
2530,2142,26,1,4
2530,2142,26,2,5
2531,2142,26,1,0
2531,2142,26,2,1
2532,2142,26,1,0
2532,2142,26,2,7
2533,2142,26,1,5
2533,2142,26,2,7
2534,2142,26,1,4
2534,2142,26,2,6
2535,2142,26,1,1
2535,2142,26,2,6
2536,2142,26,1,0
2536,2142,26,2,1
2537,2142,26,1,0
2537,2142,26,2,6
2538,2142,26,1,4
2538,2142,26,2,5
2539,2142,26,1,4
2539,2142,26,2,5
2540,2142,26,1,0
2540,2142,26,2,6
2541,2142,26,1,0
2541,2142,26,2,2
2542,2142,26,1,0
2542,2142,26,2,2
2543,2142,26,1,2
2543,2142,26,2,5
2544,2142,26,1,0
2544,2142,26,2,7
2545,2142,26,1,2
2545,2142,26,2,4
2546,2142,26,1,1
2546,2142,26,2,4
2547,2142,26,1,4
2547,2142,26,2,5
2548,2142,26,1,2
2548,2142,26,2,4
2549,2142,26,1,5
2549,2142,26,2,6
2550,2142,26,1,2
2550,2142,26,2,4
2551,2142,26,1,0
2551,2142,26,2,3
2552,2142,26,1,0
2552,2142,26,2,3
2553,2142,26,1,1
2553,2142,26,2,2
2554,2142,26,1,1
2554,2142,26,2,3
2555,2142,26,1,6
2555,2142,26,2,7
2556,2142,26,1,1
2556,2142,26,2,4
2557,2142,26,1,0
2557,2142,26,2,7
2558,2142,26,1,2
2558,2142,26,2,6
2559,2142,26,1,5
2559,2142,26,2,6
2528,2142,27,1,4
2528,2142,27,2,6
2529,2142,27,1,4
2529,2142,27,2,7
2530,2142,27,1,0
2530,2142,27,2,2
2531,2142,27,1,0
2531,2142,27,2,6
2532,2142,27,1,2
2532,2142,27,2,7
2533,2142,27,1,4
2533,2142,27,2,7
2534,2142,27,1,2
2534,2142,27,2,7
2535,2142,27,1,1
2535,2142,27,2,5
2536,2142,27,1,2
2536,2142,27,2,6
2537,2142,27,1,2
2537,2142,27,2,7
2538,2142,27,1,1
2538,2142,27,2,4
2539,2142,27,1,2
2539,2142,27,2,6
2540,2142,27,1,3
2540,2142,27,2,6
2541,2142,27,1,4
2541,2142,27,2,5
2542,2142,27,1,0
2542,2142,27,2,4
2543,2142,27,1,4
2543,2142,27,2,6
2544,2142,27,1,0
2544,2142,27,2,5
2545,2142,27,1,1
2545,2142,27,2,4
2546,2142,27,1,4
2546,2142,27,2,5
2547,2142,27,1,0
2547,2142,27,2,6
2548,2142,27,1,3
2548,2142,27,2,6
2549,2142,27,1,1
2549,2142,27,2,3
2550,2142,27,1,6
2550,2142,27,2,7
2551,2142,27,1,0
2551,2142,27,2,6
2552,2142,27,1,1
2552,2142,27,2,3
2553,2142,27,1,0
2553,2142,27,2,5
2554,2142,27,1,0
2554,2142,27,2,5
2555,2142,27,1,1
2555,2142,27,2,3
2556,2142,27,1,2
2556,2142,27,2,5
2557,2142,27,1,3
2557,2142,27,2,4
2558,2142,27,1,1
2558,2142,27,2,6
2559,2142,27,1,3
2559,2142,27,2,7
2528,2142,28,1,0
2528,2142,28,2,5
2529,2142,28,1,1
2529,2142,28,2,2
2530,2142,28,1,2
2530,2142,28,2,5
2531,2142,28,1,0
2531,2142,28,2,5
2532,2142,28,1,4
2532,2142,28,2,7
2533,2142,28,1,0
2533,2142,28,2,1
2534,2142,28,1,4
2534,2142,28,2,7
2535,2142,28,1,1
2535,2142,28,2,5
2536,2142,28,1,1
2536,2142,28,2,4
2537,2142,28,1,1
2537,2142,28,2,3
2538,2142,28,1,0
2538,2142,28,2,7
2539,2142,28,1,3
2539,2142,28,2,4
2540,2142,28,1,2
2540,2142,28,2,3
2541,2142,28,1,0
2541,2142,28,2,4
2542,2142,28,1,0
2542,2142,28,2,7
2543,2142,28,1,2
2543,2142,28,2,3
2544,2142,28,1,5
2544,2142,28,2,6
2545,2142,28,1,3
2545,2142,28,2,6
2546,2142,28,1,6
2546,2142,28,2,7
2547,2142,28,1,2
2547,2142,28,2,3
2548,2142,28,1,2
2548,2142,28,2,5
2549,2142,28,1,1
2549,2142,28,2,2
2550,2142,28,1,0
2550,2142,28,2,1
2551,2142,28,1,3
2551,2142,28,2,7
2552,2142,28,1,5
2552,2142,28,2,7
2553,2142,28,1,0
2553,2142,28,2,1
2554,2142,28,1,0
2554,2142,28,2,6
2555,2142,28,1,3
2555,2142,28,2,4
2556,2142,28,1,0
2556,2142,28,2,1
2557,2142,28,1,0
2557,2142,28,2,2
2558,2142,28,1,2
2558,2142,28,2,4
2559,2142,28,1,3
2559,2142,28,2,5
2528,2142,29,1,4
2528,2142,29,2,7
2529,2142,29,1,0
2529,2142,29,2,3
2530,2142,29,1,2
2530,2142,29,2,4
2531,2142,29,1,1
2531,2142,29,2,6
2532,2142,29,1,1
2532,2142,29,2,2
2533,2142,29,1,2
2533,2142,29,2,5
2534,2142,29,1,0
2534,2142,29,2,3
2535,2142,29,1,1
2535,2142,29,2,5
2536,2142,29,1,0
2536,2142,29,2,5
2537,2142,29,1,1
2537,2142,29,2,5
2538,2142,29,1,1
2538,2142,29,2,7
2539,2142,29,1,2
2539,2142,29,2,3
2540,2142,29,1,1
2540,2142,29,2,2
2541,2142,29,1,2
2541,2142,29,2,5
2542,2142,29,1,3
2542,2142,29,2,6
2543,2142,29,1,3
2543,2142,29,2,4
2544,2142,29,1,5
2544,2142,29,2,6
2545,2142,29,1,2
2545,2142,29,2,7
2546,2142,29,1,1
2546,2142,29,2,4
2547,2142,29,1,2
2547,2142,29,2,5
2548,2142,29,1,4
2548,2142,29,2,5
2549,2142,29,1,0
2549,2142,29,2,2
2550,2142,29,1,1
2550,2142,29,2,6
2551,2142,29,1,5
2551,2142,29,2,7
2552,2142,29,1,0
2552,2142,29,2,6
2553,2142,29,1,1
2553,2142,29,2,2
2554,2142,29,1,0
2554,2142,29,2,4
2555,2142,29,1,0
2555,2142,29,2,6
2556,2142,29,1,2
2556,2142,29,2,3
2557,2142,29,1,0
2557,2142,29,2,3
2558,2142,29,1,3
2558,2142,29,2,6
2559,2142,29,1,5
2559,2142,29,2,6
2528,2142,30,1,1
2528,2142,30,2,3
2529,2142,30,1,1
2529,2142,30,2,2
2530,2142,30,1,2
2530,2142,30,2,4
2531,2142,30,1,1
2531,2142,30,2,4
2532,2142,30,1,3
2532,2142,30,2,5
2533,2142,30,1,2
2533,2142,30,2,4
2534,2142,30,1,0
2534,2142,30,2,5
2535,2142,30,1,3
2535,2142,30,2,5
2536,2142,30,1,2
2536,2142,30,2,7
2537,2142,30,1,3
2537,2142,30,2,7
2538,2142,30,1,0
2538,2142,30,2,4
2539,2142,30,1,2
2539,2142,30,2,3
2540,2142,30,1,0
2540,2142,30,2,4
2541,2142,30,1,1
2541,2142,30,2,3
2542,2142,30,1,5
2542,2142,30,2,7
2543,2142,30,1,2
2543,2142,30,2,6
2544,2142,30,1,2
2544,2142,30,2,5
2545,2142,30,1,1
2545,2142,30,2,5
2546,2142,30,1,2
2546,2142,30,2,7
2547,2142,30,1,5
2547,2142,30,2,7
2548,2142,30,1,1
2548,2142,30,2,5
2549,2142,30,1,3
2549,2142,30,2,5
2550,2142,30,1,3
2550,2142,30,2,4
2551,2142,30,1,1
2551,2142,30,2,4
2552,2142,30,1,2
2552,2142,30,2,5
2553,2142,30,1,1
2553,2142,30,2,6
2554,2142,30,1,5
2554,2142,30,2,7
2555,2142,30,1,3
2555,2142,30,2,5
2556,2142,30,1,0
2556,2142,30,2,4
2557,2142,30,1,6
2557,2142,30,2,7
2558,2142,30,1,2
2558,2142,30,2,4
2559,2142,30,1,2
2559,2142,30,2,3
2528,2142,31,1,1
2528,2142,31,2,2
2529,2142,31,1,0
2529,2142,31,2,1
2530,2142,31,1,1
2530,2142,31,2,3
2531,2142,31,1,0
2531,2142,31,2,6
2532,2142,31,1,3
2532,2142,31,2,5
2533,2142,31,1,2
2533,2142,31,2,4
2534,2142,31,1,0
2534,2142,31,2,6
2535,2142,31,1,2
2535,2142,31,2,5
2536,2142,31,1,0
2536,2142,31,2,5
2537,2142,31,1,1
2537,2142,31,2,4
2538,2142,31,1,0
2538,2142,31,2,2
2539,2142,31,1,5
2539,2142,31,2,7
2540,2142,31,1,3
2540,2142,31,2,5
2541,2142,31,1,2
2541,2142,31,2,4
2542,2142,31,1,4
2542,2142,31,2,6
2543,2142,31,1,0
2543,2142,31,2,6
2544,2142,31,1,3
2544,2142,31,2,5
2545,2142,31,1,1
2545,2142,31,2,5
2546,2142,31,1,2
2546,2142,31,2,6
2547,2142,31,1,4
2547,2142,31,2,6
2548,2142,31,1,4
2548,2142,31,2,5
2549,2142,31,1,0
2549,2142,31,2,5
2550,2142,31,1,4
2550,2142,31,2,6
2551,2142,31,1,3
2551,2142,31,2,5
2552,2142,31,1,2
2552,2142,31,2,7
2553,2142,31,1,0
2553,2142,31,2,5
2554,2142,31,1,0
2554,2142,31,2,4
2555,2142,31,1,0
2555,2142,31,2,7
2556,2142,31,1,1
2556,2142,31,2,3
2557,2142,31,1,0
2557,2142,31,2,2
2558,2142,31,1,1
2558,2142,31,2,7
2559,2142,31,1,1
2559,2142,31,2,6
2528,2143,0,1,4
2528,2143,0,2,7
2529,2143,0,1,4
2529,2143,0,2,7
2530,2143,0,1,3
2530,2143,0,2,6
2531,2143,0,1,3
2531,2143,0,2,5
2532,2143,0,1,0
2532,2143,0,2,2
2533,2143,0,1,4
2533,2143,0,2,6
2534,2143,0,1,4
2534,2143,0,2,5
2535,2143,0,1,2
2535,2143,0,2,7
2536,2143,0,1,2
2536,2143,0,2,4
2537,2143,0,1,0
2537,2143,0,2,4
2538,2143,0,1,0
2538,2143,0,2,3
2539,2143,0,1,4
2539,2143,0,2,7
2540,2143,0,1,2
2540,2143,0,2,7
2541,2143,0,1,3
2541,2143,0,2,4
2542,2143,0,1,2
2542,2143,0,2,6
2543,2143,0,1,3
2543,2143,0,2,5
2544,2143,0,1,1
2544,2143,0,2,7
2545,2143,0,1,0
2545,2143,0,2,3
2546,2143,0,1,1
2546,2143,0,2,2
2547,2143,0,1,2
2547,2143,0,2,7
2548,2143,0,1,0
2548,2143,0,2,7
2549,2143,0,1,0
2549,2143,0,2,2
2550,2143,0,1,1
2550,2143,0,2,3
2551,2143,0,1,0
2551,2143,0,2,7
2552,2143,0,1,2
2552,2143,0,2,7
2553,2143,0,1,5
2553,2143,0,2,6
2554,2143,0,1,2
2554,2143,0,2,6
2555,2143,0,1,1
2555,2143,0,2,5
2556,2143,0,1,2
2556,2143,0,2,4
2557,2143,0,1,3
2557,2143,0,2,4
2558,2143,0,1,2
2558,2143,0,2,3
2559,2143,0,1,5
2559,2143,0,2,6
2528,2143,1,1,2
2528,2143,1,2,3
2529,2143,1,1,2
2529,2143,1,2,7
2530,2143,1,1,6
2530,2143,1,2,7
2531,2143,1,1,0
2531,2143,1,2,6
2532,2143,1,1,1
2532,2143,1,2,6
2533,2143,1,1,4
2533,2143,1,2,6
2534,2143,1,1,0
2534,2143,1,2,5
2535,2143,1,1,2
2535,2143,1,2,3
2536,2143,1,1,3
2536,2143,1,2,4
2537,2143,1,1,4
2537,2143,1,2,5
2538,2143,1,1,2
2538,2143,1,2,3
2539,2143,1,1,0
2539,2143,1,2,6
2540,2143,1,1,0
2540,2143,1,2,3
2541,2143,1,1,2
2541,2143,1,2,4
2542,2143,1,1,0
2542,2143,1,2,3
2543,2143,1,1,0
2543,2143,1,2,4
2544,2143,1,1,0
2544,2143,1,2,2
2545,2143,1,1,0
2545,2143,1,2,2
2546,2143,1,1,0
2546,2143,1,2,1
2547,2143,1,1,3
2547,2143,1,2,5
2548,2143,1,1,3
2548,2143,1,2,7
2549,2143,1,1,3
2549,2143,1,2,4
2550,2143,1,1,2
2550,2143,1,2,7
2551,2143,1,1,2
2551,2143,1,2,4
2552,2143,1,1,0
2552,2143,1,2,1
2553,2143,1,1,2
2553,2143,1,2,5
2554,2143,1,1,1
2554,2143,1,2,3
2555,2143,1,1,2
2555,2143,1,2,7
2556,2143,1,1,0
2556,2143,1,2,4
2557,2143,1,1,3
2557,2143,1,2,5
2558,2143,1,1,1
2558,2143,1,2,5
2559,2143,1,1,0
2559,2143,1,2,4
2528,2143,2,1,0
2528,2143,2,2,3
2529,2143,2,1,1
2529,2143,2,2,3
2530,2143,2,1,0
2530,2143,2,2,1
2531,2143,2,1,2
2531,2143,2,2,6
2532,2143,2,1,1
2532,2143,2,2,2
2533,2143,2,1,1
2533,2143,2,2,2
2534,2143,2,1,4
2534,2143,2,2,5
2535,2143,2,1,4
2535,2143,2,2,5
2536,2143,2,1,1
2536,2143,2,2,5
2537,2143,2,1,2
2537,2143,2,2,3
2538,2143,2,1,1
2538,2143,2,2,4
2539,2143,2,1,3
2539,2143,2,2,4
2540,2143,2,1,4
2540,2143,2,2,7
2541,2143,2,1,1
2541,2143,2,2,7
2542,2143,2,1,0
2542,2143,2,2,3
2543,2143,2,1,5
2543,2143,2,2,7
2544,2143,2,1,2
2544,2143,2,2,5
2545,2143,2,1,2
2545,2143,2,2,7
2546,2143,2,1,2
2546,2143,2,2,4
2547,2143,2,1,1
2547,2143,2,2,4
2548,2143,2,1,0
2548,2143,2,2,7
2549,2143,2,1,1
2549,2143,2,2,2
2550,2143,2,1,0
2550,2143,2,2,2
2551,2143,2,1,1
2551,2143,2,2,3
2552,2143,2,1,5
2552,2143,2,2,6
2553,2143,2,1,2
2553,2143,2,2,5
2554,2143,2,1,0
2554,2143,2,2,5
2555,2143,2,1,0
2555,2143,2,2,2
2556,2143,2,1,0
2556,2143,2,2,5
2557,2143,2,1,0
2557,2143,2,2,2
2558,2143,2,1,3
2558,2143,2,2,6
2559,2143,2,1,6
2559,2143,2,2,7
2528,2143,3,1,0
2528,2143,3,2,3
2529,2143,3,1,0
2529,2143,3,2,2
2530,2143,3,1,2
2530,2143,3,2,7
2531,2143,3,1,1
2531,2143,3,2,3
2532,2143,3,1,5
2532,2143,3,2,7
2533,2143,3,1,5
2533,2143,3,2,6
2534,2143,3,1,6
2534,2143,3,2,7
2535,2143,3,1,2
2535,2143,3,2,5
2536,2143,3,1,5
2536,2143,3,2,6
2537,2143,3,1,0
2537,2143,3,2,1
2538,2143,3,1,0
2538,2143,3,2,6
2539,2143,3,1,0
2539,2143,3,2,5
2540,2143,3,1,0
2540,2143,3,2,3
2541,2143,3,1,1
2541,2143,3,2,5
2542,2143,3,1,1
2542,2143,3,2,5
2543,2143,3,1,0
2543,2143,3,2,7
2544,2143,3,1,2
2544,2143,3,2,4
2545,2143,3,1,2
2545,2143,3,2,7
2546,2143,3,1,0
2546,2143,3,2,5
2547,2143,3,1,1
2547,2143,3,2,7
2548,2143,3,1,3
2548,2143,3,2,6
2549,2143,3,1,0
2549,2143,3,2,6
2550,2143,3,1,0
2550,2143,3,2,1
2551,2143,3,1,3
2551,2143,3,2,4
2552,2143,3,1,2
2552,2143,3,2,4
2553,2143,3,1,2
2553,2143,3,2,4
2554,2143,3,1,2
2554,2143,3,2,5
2555,2143,3,1,3
2555,2143,3,2,4
2556,2143,3,1,4
2556,2143,3,2,7
2557,2143,3,1,6
2557,2143,3,2,7
2558,2143,3,1,5
2558,2143,3,2,7
2559,2143,3,1,2
2559,2143,3,2,4
2528,2143,4,1,3
2528,2143,4,2,5
2529,2143,4,1,2
2529,2143,4,2,6
2530,2143,4,1,0
2530,2143,4,2,2
2531,2143,4,1,6
2531,2143,4,2,7
2532,2143,4,1,3
2532,2143,4,2,4
2533,2143,4,1,5
2533,2143,4,2,6
2534,2143,4,1,1
2534,2143,4,2,7
2535,2143,4,1,4
2535,2143,4,2,5
2536,2143,4,1,1
2536,2143,4,2,5
2537,2143,4,1,2
2537,2143,4,2,3
2538,2143,4,1,1
2538,2143,4,2,7
2539,2143,4,1,0
2539,2143,4,2,2
2540,2143,4,1,3
2540,2143,4,2,4
2541,2143,4,1,1
2541,2143,4,2,7
2542,2143,4,1,2
2542,2143,4,2,4
2543,2143,4,1,1
2543,2143,4,2,4
2544,2143,4,1,1
2544,2143,4,2,5
2545,2143,4,1,2
2545,2143,4,2,6
2546,2143,4,1,4
2546,2143,4,2,5
2547,2143,4,1,1
2547,2143,4,2,7
2548,2143,4,1,4
2548,2143,4,2,5
2549,2143,4,1,3
2549,2143,4,2,6
2550,2143,4,1,0
2550,2143,4,2,4
2551,2143,4,1,3
2551,2143,4,2,5
2552,2143,4,1,0
2552,2143,4,2,2
2553,2143,4,1,5
2553,2143,4,2,7
2554,2143,4,1,0
2554,2143,4,2,6
2555,2143,4,1,5
2555,2143,4,2,6
2556,2143,4,1,0
2556,2143,4,2,4
2557,2143,4,1,1
2557,2143,4,2,6
2558,2143,4,1,5
2558,2143,4,2,7
2559,2143,4,1,0
2559,2143,4,2,7
2528,2143,5,1,0
2528,2143,5,2,3
2529,2143,5,1,2
2529,2143,5,2,7
2530,2143,5,1,1
2530,2143,5,2,5
2531,2143,5,1,4
2531,2143,5,2,6
2532,2143,5,1,0
2532,2143,5,2,2
2533,2143,5,1,0
2533,2143,5,2,5
2534,2143,5,1,0
2534,2143,5,2,3
2535,2143,5,1,3
2535,2143,5,2,7
2536,2143,5,1,0
2536,2143,5,2,1
2537,2143,5,1,4
2537,2143,5,2,6
2538,2143,5,1,2
2538,2143,5,2,5
2539,2143,5,1,0
2539,2143,5,2,1
2540,2143,5,1,1
2540,2143,5,2,6
2541,2143,5,1,1
2541,2143,5,2,6
2542,2143,5,1,2
2542,2143,5,2,4
2543,2143,5,1,2
2543,2143,5,2,3
2544,2143,5,1,1
2544,2143,5,2,5
2545,2143,5,1,4
2545,2143,5,2,6
2546,2143,5,1,6
2546,2143,5,2,7
2547,2143,5,1,0
2547,2143,5,2,7
2548,2143,5,1,2
2548,2143,5,2,5
2549,2143,5,1,2
2549,2143,5,2,7
2550,2143,5,1,3
2550,2143,5,2,6
2551,2143,5,1,0
2551,2143,5,2,2
2552,2143,5,1,1
2552,2143,5,2,4
2553,2143,5,1,1
2553,2143,5,2,4
2554,2143,5,1,4
2554,2143,5,2,5
2555,2143,5,1,4
2555,2143,5,2,7
2556,2143,5,1,4
2556,2143,5,2,5
2557,2143,5,1,4
2557,2143,5,2,5
2558,2143,5,1,0
2558,2143,5,2,5
2559,2143,5,1,0
2559,2143,5,2,2
2528,2143,6,1,0
2528,2143,6,2,4
2529,2143,6,1,3
2529,2143,6,2,7
2530,2143,6,1,1
2530,2143,6,2,2
2531,2143,6,1,0
2531,2143,6,2,4
2532,2143,6,1,3
2532,2143,6,2,6
2533,2143,6,1,4
2533,2143,6,2,6
2534,2143,6,1,1
2534,2143,6,2,4
2535,2143,6,1,0
2535,2143,6,2,3
2536,2143,6,1,5
2536,2143,6,2,6
2537,2143,6,1,2
2537,2143,6,2,3
2538,2143,6,1,1
2538,2143,6,2,5
2539,2143,6,1,1
2539,2143,6,2,3
2540,2143,6,1,2
2540,2143,6,2,3
2541,2143,6,1,1
2541,2143,6,2,7
2542,2143,6,1,1
2542,2143,6,2,3
2543,2143,6,1,0
2543,2143,6,2,3
2544,2143,6,1,1
2544,2143,6,2,7
2545,2143,6,1,6
2545,2143,6,2,7
2546,2143,6,1,0
2546,2143,6,2,6
2547,2143,6,1,5
2547,2143,6,2,7
2548,2143,6,1,5
2548,2143,6,2,6
2549,2143,6,1,1
2549,2143,6,2,3
2550,2143,6,1,5
2550,2143,6,2,7
2551,2143,6,1,5
2551,2143,6,2,6
2552,2143,6,1,3
2552,2143,6,2,4
2553,2143,6,1,2
2553,2143,6,2,7
2554,2143,6,1,5
2554,2143,6,2,6
2555,2143,6,1,2
2555,2143,6,2,4
2556,2143,6,1,0
2556,2143,6,2,1
2557,2143,6,1,1
2557,2143,6,2,7
2558,2143,6,1,1
2558,2143,6,2,6
2559,2143,6,1,1
2559,2143,6,2,7
2528,2143,7,1,3
2528,2143,7,2,5
2529,2143,7,1,1
2529,2143,7,2,5
2530,2143,7,1,1
2530,2143,7,2,4
2531,2143,7,1,1
2531,2143,7,2,2
2532,2143,7,1,4
2532,2143,7,2,6
2533,2143,7,1,2
2533,2143,7,2,6
2534,2143,7,1,3
2534,2143,7,2,6
2535,2143,7,1,3
2535,2143,7,2,4
2536,2143,7,1,6
2536,2143,7,2,7
2537,2143,7,1,5
2537,2143,7,2,6
2538,2143,7,1,5
2538,2143,7,2,7
2539,2143,7,1,3
2539,2143,7,2,6
2540,2143,7,1,1
2540,2143,7,2,6
2541,2143,7,1,5
2541,2143,7,2,7
2542,2143,7,1,1
2542,2143,7,2,5
2543,2143,7,1,0
2543,2143,7,2,6
2544,2143,7,1,3
2544,2143,7,2,7
2545,2143,7,1,0
2545,2143,7,2,6
2546,2143,7,1,4
2546,2143,7,2,6
2547,2143,7,1,0
2547,2143,7,2,7
2548,2143,7,1,3
2548,2143,7,2,4
2549,2143,7,1,0
2549,2143,7,2,1
2550,2143,7,1,5
2550,2143,7,2,6
2551,2143,7,1,5
2551,2143,7,2,6
2552,2143,7,1,1
2552,2143,7,2,7
2553,2143,7,1,1
2553,2143,7,2,5
2554,2143,7,1,4
2554,2143,7,2,7
2555,2143,7,1,4
2555,2143,7,2,6
2556,2143,7,1,2
2556,2143,7,2,6
2557,2143,7,1,5
2557,2143,7,2,7
2558,2143,7,1,1
2558,2143,7,2,5
2559,2143,7,1,1
2559,2143,7,2,5
2528,2143,8,1,2
2528,2143,8,2,7
2529,2143,8,1,0
2529,2143,8,2,7
2530,2143,8,1,0
2530,2143,8,2,4
2531,2143,8,1,1
2531,2143,8,2,6
2532,2143,8,1,5
2532,2143,8,2,7
2533,2143,8,1,1
2533,2143,8,2,5
2534,2143,8,1,6
2534,2143,8,2,7
2535,2143,8,1,6
2535,2143,8,2,7
2536,2143,8,1,0
2536,2143,8,2,4
2537,2143,8,1,0
2537,2143,8,2,6
2538,2143,8,1,3
2538,2143,8,2,5
2539,2143,8,1,3
2539,2143,8,2,6
2540,2143,8,1,0
2540,2143,8,2,6
2541,2143,8,1,2
2541,2143,8,2,3
2542,2143,8,1,5
2542,2143,8,2,6
2543,2143,8,1,6
2543,2143,8,2,7
2544,2143,8,1,3
2544,2143,8,2,7
2545,2143,8,1,3
2545,2143,8,2,4
2546,2143,8,1,3
2546,2143,8,2,4
2547,2143,8,1,3
2547,2143,8,2,4
2548,2143,8,1,1
2548,2143,8,2,5
2549,2143,8,1,4
2549,2143,8,2,5
2550,2143,8,1,0
2550,2143,8,2,2
2551,2143,8,1,0
2551,2143,8,2,2
2552,2143,8,1,4
2552,2143,8,2,5
2553,2143,8,1,0
2553,2143,8,2,6
2554,2143,8,1,0
2554,2143,8,2,7
2555,2143,8,1,0
2555,2143,8,2,6
2556,2143,8,1,0
2556,2143,8,2,2
2557,2143,8,1,5
2557,2143,8,2,6
2558,2143,8,1,2
2558,2143,8,2,4
2559,2143,8,1,0
2559,2143,8,2,1
2528,2143,9,1,0
2528,2143,9,2,5
2529,2143,9,1,0
2529,2143,9,2,4
2530,2143,9,1,2
2530,2143,9,2,7
2531,2143,9,1,3
2531,2143,9,2,4
2532,2143,9,1,1
2532,2143,9,2,4
2533,2143,9,1,2
2533,2143,9,2,3
2534,2143,9,1,1
2534,2143,9,2,6
2535,2143,9,1,0
2535,2143,9,2,1
2536,2143,9,1,5
2536,2143,9,2,7
2537,2143,9,1,3
2537,2143,9,2,6
2538,2143,9,1,1
2538,2143,9,2,5
2539,2143,9,1,1
2539,2143,9,2,6
2540,2143,9,1,2
2540,2143,9,2,5
2541,2143,9,1,2
2541,2143,9,2,5
2542,2143,9,1,0
2542,2143,9,2,2
2543,2143,9,1,1
2543,2143,9,2,6
2544,2143,9,1,4
2544,2143,9,2,6
2545,2143,9,1,0
2545,2143,9,2,1
2546,2143,9,1,0
2546,2143,9,2,5
2547,2143,9,1,1
2547,2143,9,2,5
2548,2143,9,1,5
2548,2143,9,2,6
2549,2143,9,1,0
2549,2143,9,2,4
2550,2143,9,1,0
2550,2143,9,2,7
2551,2143,9,1,1
2551,2143,9,2,3
2552,2143,9,1,2
2552,2143,9,2,6
2553,2143,9,1,2
2553,2143,9,2,7
2554,2143,9,1,2
2554,2143,9,2,4
2555,2143,9,1,5
2555,2143,9,2,6
2556,2143,9,1,5
2556,2143,9,2,7
2557,2143,9,1,4
2557,2143,9,2,7
2558,2143,9,1,6
2558,2143,9,2,7
2559,2143,9,1,5
2559,2143,9,2,6
2528,2143,10,1,0
2528,2143,10,2,4
2529,2143,10,1,3
2529,2143,10,2,5
2530,2143,10,1,3
2530,2143,10,2,5
2531,2143,10,1,3
2531,2143,10,2,7
2532,2143,10,1,3
2532,2143,10,2,6
2533,2143,10,1,3
2533,2143,10,2,5
2534,2143,10,1,0
2534,2143,10,2,5
2535,2143,10,1,2
2535,2143,10,2,4
2536,2143,10,1,3
2536,2143,10,2,6
2537,2143,10,1,4
2537,2143,10,2,7
2538,2143,10,1,3
2538,2143,10,2,7
2539,2143,10,1,3
2539,2143,10,2,5
2540,2143,10,1,1
2540,2143,10,2,4
2541,2143,10,1,0
2541,2143,10,2,5
2542,2143,10,1,0
2542,2143,10,2,7
2543,2143,10,1,0
2543,2143,10,2,1
2544,2143,10,1,0
2544,2143,10,2,5
2545,2143,10,1,3
2545,2143,10,2,6
2546,2143,10,1,4
2546,2143,10,2,6
2547,2143,10,1,0
2547,2143,10,2,3
2548,2143,10,1,0
2548,2143,10,2,4
2549,2143,10,1,1
2549,2143,10,2,2
2550,2143,10,1,1
2550,2143,10,2,7
2551,2143,10,1,0
2551,2143,10,2,4
2552,2143,10,1,1
2552,2143,10,2,7
2553,2143,10,1,5
2553,2143,10,2,6
2554,2143,10,1,3
2554,2143,10,2,5
2555,2143,10,1,0
2555,2143,10,2,2
2556,2143,10,1,2
2556,2143,10,2,4
2557,2143,10,1,5
2557,2143,10,2,7
2558,2143,10,1,2
2558,2143,10,2,5
2559,2143,10,1,3
2559,2143,10,2,7
2528,2143,11,1,0
2528,2143,11,2,4
2529,2143,11,1,1
2529,2143,11,2,3
2530,2143,11,1,5
2530,2143,11,2,7
2531,2143,11,1,2
2531,2143,11,2,5
2532,2143,11,1,2
2532,2143,11,2,4
2533,2143,11,1,2
2533,2143,11,2,6
2534,2143,11,1,1
2534,2143,11,2,3
2535,2143,11,1,4
2535,2143,11,2,5
2536,2143,11,1,1
2536,2143,11,2,2
2537,2143,11,1,0
2537,2143,11,2,1
2538,2143,11,1,1
2538,2143,11,2,6
2539,2143,11,1,0
2539,2143,11,2,5
2540,2143,11,1,2
2540,2143,11,2,6
2541,2143,11,1,3
2541,2143,11,2,5
2542,2143,11,1,1
2542,2143,11,2,3
2543,2143,11,1,0
2543,2143,11,2,3
2544,2143,11,1,6
2544,2143,11,2,7
2545,2143,11,1,0
2545,2143,11,2,5
2546,2143,11,1,1
2546,2143,11,2,5
2547,2143,11,1,3
2547,2143,11,2,7
2548,2143,11,1,0
2548,2143,11,2,4
2549,2143,11,1,0
2549,2143,11,2,2
2550,2143,11,1,3
2550,2143,11,2,5
2551,2143,11,1,2
2551,2143,11,2,7
2552,2143,11,1,6
2552,2143,11,2,7
2553,2143,11,1,0
2553,2143,11,2,5
2554,2143,11,1,3
2554,2143,11,2,5
2555,2143,11,1,1
2555,2143,11,2,2
2556,2143,11,1,0
2556,2143,11,2,2
2557,2143,11,1,1
2557,2143,11,2,7
2558,2143,11,1,5
2558,2143,11,2,7
2559,2143,11,1,3
2559,2143,11,2,6
2528,2143,12,1,0
2528,2143,12,2,4
2529,2143,12,1,5
2529,2143,12,2,7
2530,2143,12,1,1
2530,2143,12,2,2
2531,2143,12,1,2
2531,2143,12,2,4
2532,2143,12,1,2
2532,2143,12,2,4
2533,2143,12,1,2
2533,2143,12,2,4
2534,2143,12,1,4
2534,2143,12,2,6
2535,2143,12,1,2
2535,2143,12,2,5
2536,2143,12,1,3
2536,2143,12,2,6
2537,2143,12,1,1
2537,2143,12,2,3
2538,2143,12,1,1
2538,2143,12,2,3
2539,2143,12,1,4
2539,2143,12,2,5
2540,2143,12,1,5
2540,2143,12,2,7
2541,2143,12,1,0
2541,2143,12,2,4
2542,2143,12,1,3
2542,2143,12,2,6
2543,2143,12,1,2
2543,2143,12,2,6
2544,2143,12,1,1
2544,2143,12,2,5
2545,2143,12,1,0
2545,2143,12,2,7
2546,2143,12,1,0
2546,2143,12,2,7
2547,2143,12,1,1
2547,2143,12,2,7
2548,2143,12,1,2
2548,2143,12,2,7
2549,2143,12,1,3
2549,2143,12,2,6
2550,2143,12,1,1
2550,2143,12,2,5
2551,2143,12,1,4
2551,2143,12,2,7
2552,2143,12,1,1
2552,2143,12,2,4
2553,2143,12,1,2
2553,2143,12,2,3
2554,2143,12,1,4
2554,2143,12,2,6
2555,2143,12,1,2
2555,2143,12,2,6
2556,2143,12,1,1
2556,2143,12,2,2
2557,2143,12,1,1
2557,2143,12,2,5
2558,2143,12,1,1
2558,2143,12,2,3
2559,2143,12,1,4
2559,2143,12,2,5
2528,2143,13,1,6
2528,2143,13,2,7
2529,2143,13,1,5
2529,2143,13,2,7
2530,2143,13,1,4
2530,2143,13,2,5
2531,2143,13,1,4
2531,2143,13,2,6
2532,2143,13,1,4
2532,2143,13,2,5
2533,2143,13,1,1
2533,2143,13,2,6
2534,2143,13,1,4
2534,2143,13,2,6
2535,2143,13,1,0
2535,2143,13,2,5
2536,2143,13,1,2
2536,2143,13,2,6
2537,2143,13,1,1
2537,2143,13,2,5
2538,2143,13,1,0
2538,2143,13,2,4
2539,2143,13,1,2
2539,2143,13,2,7
2540,2143,13,1,3
2540,2143,13,2,5
2541,2143,13,1,4
2541,2143,13,2,6
2542,2143,13,1,2
2542,2143,13,2,7
2543,2143,13,1,0
2543,2143,13,2,7
2544,2143,13,1,2
2544,2143,13,2,4
2545,2143,13,1,1
2545,2143,13,2,2
2546,2143,13,1,5
2546,2143,13,2,7
2547,2143,13,1,0
2547,2143,13,2,6
2548,2143,13,1,0
2548,2143,13,2,7
2549,2143,13,1,3
2549,2143,13,2,7
2550,2143,13,1,0
2550,2143,13,2,7
2551,2143,13,1,2
2551,2143,13,2,4
2552,2143,13,1,5
2552,2143,13,2,7
2553,2143,13,1,1
2553,2143,13,2,2
2554,2143,13,1,3
2554,2143,13,2,6
2555,2143,13,1,4
2555,2143,13,2,6
2556,2143,13,1,1
2556,2143,13,2,5
2557,2143,13,1,0
2557,2143,13,2,2
2558,2143,13,1,1
2558,2143,13,2,6
2559,2143,13,1,1
2559,2143,13,2,3
2528,2143,14,1,1
2528,2143,14,2,7
2529,2143,14,1,3
2529,2143,14,2,5
2530,2143,14,1,3
2530,2143,14,2,5
2531,2143,14,1,3
2531,2143,14,2,6
2532,2143,14,1,1
2532,2143,14,2,3
2533,2143,14,1,4
2533,2143,14,2,7
2534,2143,14,1,3
2534,2143,14,2,5
2535,2143,14,1,2
2535,2143,14,2,4
2536,2143,14,1,0
2536,2143,14,2,2
2537,2143,14,1,0
2537,2143,14,2,2
2538,2143,14,1,1
2538,2143,14,2,6
2539,2143,14,1,5
2539,2143,14,2,7
2540,2143,14,1,2
2540,2143,14,2,7
2541,2143,14,1,2
2541,2143,14,2,4
2542,2143,14,1,0
2542,2143,14,2,1
2543,2143,14,1,1
2543,2143,14,2,3
2544,2143,14,1,1
2544,2143,14,2,4
2545,2143,14,1,0
2545,2143,14,2,3
2546,2143,14,1,6
2546,2143,14,2,7
2547,2143,14,1,0
2547,2143,14,2,2
2548,2143,14,1,0
2548,2143,14,2,3
2549,2143,14,1,0
2549,2143,14,2,1
2550,2143,14,1,1
2550,2143,14,2,4
2551,2143,14,1,0
2551,2143,14,2,5
2552,2143,14,1,0
2552,2143,14,2,7
2553,2143,14,1,1
2553,2143,14,2,4
2554,2143,14,1,0
2554,2143,14,2,4
2555,2143,14,1,4
2555,2143,14,2,7
2556,2143,14,1,0
2556,2143,14,2,6
2557,2143,14,1,3
2557,2143,14,2,6
2558,2143,14,1,2
2558,2143,14,2,4
2559,2143,14,1,5
2559,2143,14,2,7
2528,2143,15,1,2
2528,2143,15,2,4
2529,2143,15,1,1
2529,2143,15,2,4
2530,2143,15,1,1
2530,2143,15,2,4
2531,2143,15,1,1
2531,2143,15,2,7
2532,2143,15,1,5
2532,2143,15,2,6
2533,2143,15,1,6
2533,2143,15,2,7
2534,2143,15,1,0
2534,2143,15,2,4
2535,2143,15,1,6
2535,2143,15,2,7
2536,2143,15,1,1
2536,2143,15,2,4
2537,2143,15,1,2
2537,2143,15,2,4
2538,2143,15,1,0
2538,2143,15,2,7
2539,2143,15,1,2
2539,2143,15,2,6
2540,2143,15,1,1
2540,2143,15,2,5
2541,2143,15,1,4
2541,2143,15,2,7
2542,2143,15,1,2
2542,2143,15,2,4
2543,2143,15,1,4
2543,2143,15,2,7
2544,2143,15,1,3
2544,2143,15,2,4
2545,2143,15,1,6
2545,2143,15,2,7
2546,2143,15,1,5
2546,2143,15,2,6
2547,2143,15,1,1
2547,2143,15,2,4
2548,2143,15,1,1
2548,2143,15,2,2
2549,2143,15,1,1
2549,2143,15,2,3
2550,2143,15,1,5
2550,2143,15,2,7
2551,2143,15,1,0
2551,2143,15,2,5
2552,2143,15,1,1
2552,2143,15,2,6
2553,2143,15,1,2
2553,2143,15,2,7
2554,2143,15,1,1
2554,2143,15,2,5
2555,2143,15,1,0
2555,2143,15,2,7
2556,2143,15,1,1
2556,2143,15,2,2
2557,2143,15,1,1
2557,2143,15,2,6
2558,2143,15,1,1
2558,2143,15,2,4
2559,2143,15,1,5
2559,2143,15,2,6
2528,2143,16,1,2
2528,2143,16,2,5
2529,2143,16,1,0
2529,2143,16,2,4
2530,2143,16,1,4
2530,2143,16,2,5
2531,2143,16,1,1
2531,2143,16,2,4
2532,2143,16,1,2
2532,2143,16,2,3
2533,2143,16,1,1
2533,2143,16,2,3
2534,2143,16,1,5
2534,2143,16,2,6
2535,2143,16,1,3
2535,2143,16,2,6
2536,2143,16,1,1
2536,2143,16,2,7
2537,2143,16,1,2
2537,2143,16,2,6
2538,2143,16,1,1
2538,2143,16,2,4
2539,2143,16,1,1
2539,2143,16,2,6
2540,2143,16,1,2
2540,2143,16,2,3
2541,2143,16,1,0
2541,2143,16,2,2
2542,2143,16,1,4
2542,2143,16,2,7
2543,2143,16,1,1
2543,2143,16,2,7
2544,2143,16,1,1
2544,2143,16,2,6
2545,2143,16,1,0
2545,2143,16,2,7
2546,2143,16,1,2
2546,2143,16,2,6
2547,2143,16,1,0
2547,2143,16,2,6
2548,2143,16,1,0
2548,2143,16,2,3
2549,2143,16,1,2
2549,2143,16,2,4
2550,2143,16,1,4
2550,2143,16,2,7
2551,2143,16,1,3
2551,2143,16,2,4
2552,2143,16,1,2
2552,2143,16,2,7
2553,2143,16,1,0
2553,2143,16,2,1
2554,2143,16,1,1
2554,2143,16,2,2
2555,2143,16,1,4
2555,2143,16,2,6
2556,2143,16,1,1
2556,2143,16,2,2
2557,2143,16,1,3
2557,2143,16,2,7
2558,2143,16,1,2
2558,2143,16,2,4
2559,2143,16,1,0
2559,2143,16,2,6
2528,2143,17,1,2
2528,2143,17,2,7
2529,2143,17,1,0
2529,2143,17,2,3
2530,2143,17,1,3
2530,2143,17,2,4
2531,2143,17,1,4
2531,2143,17,2,6
2532,2143,17,1,3
2532,2143,17,2,5
2533,2143,17,1,2
2533,2143,17,2,5
2534,2143,17,1,4
2534,2143,17,2,7
2535,2143,17,1,2
2535,2143,17,2,3
2536,2143,17,1,1
2536,2143,17,2,5
2537,2143,17,1,1
2537,2143,17,2,5
2538,2143,17,1,4
2538,2143,17,2,7
2539,2143,17,1,2
2539,2143,17,2,5
2540,2143,17,1,6
2540,2143,17,2,7
2541,2143,17,1,0
2541,2143,17,2,5
2542,2143,17,1,6
2542,2143,17,2,7
2543,2143,17,1,0
2543,2143,17,2,1
2544,2143,17,1,2
2544,2143,17,2,4
2545,2143,17,1,3
2545,2143,17,2,4
2546,2143,17,1,5
2546,2143,17,2,7
2547,2143,17,1,1
2547,2143,17,2,3
2548,2143,17,1,3
2548,2143,17,2,6
2549,2143,17,1,5
2549,2143,17,2,6
2550,2143,17,1,2
2550,2143,17,2,6
2551,2143,17,1,3
2551,2143,17,2,7
2552,2143,17,1,1
2552,2143,17,2,2
2553,2143,17,1,0
2553,2143,17,2,1
2554,2143,17,1,3
2554,2143,17,2,6
2555,2143,17,1,4
2555,2143,17,2,7
2556,2143,17,1,3
2556,2143,17,2,6
2557,2143,17,1,4
2557,2143,17,2,7
2558,2143,17,1,0
2558,2143,17,2,7
2559,2143,17,1,2
2559,2143,17,2,6
2528,2143,18,1,0
2528,2143,18,2,4
2529,2143,18,1,2
2529,2143,18,2,5
2530,2143,18,1,5
2530,2143,18,2,6
2531,2143,18,1,3
2531,2143,18,2,5
2532,2143,18,1,5
2532,2143,18,2,6
2533,2143,18,1,1
2533,2143,18,2,5
2534,2143,18,1,2
2534,2143,18,2,3
2535,2143,18,1,2
2535,2143,18,2,7
2536,2143,18,1,2
2536,2143,18,2,6
2537,2143,18,1,4
2537,2143,18,2,5
2538,2143,18,1,0
2538,2143,18,2,2
2539,2143,18,1,4
2539,2143,18,2,6
2540,2143,18,1,0
2540,2143,18,2,5
2541,2143,18,1,1
2541,2143,18,2,4
2542,2143,18,1,1
2542,2143,18,2,4
2543,2143,18,1,1
2543,2143,18,2,4
2544,2143,18,1,2
2544,2143,18,2,6
2545,2143,18,1,4
2545,2143,18,2,7
2546,2143,18,1,0
2546,2143,18,2,3
2547,2143,18,1,0
2547,2143,18,2,1
2548,2143,18,1,2
2548,2143,18,2,4
2549,2143,18,1,0
2549,2143,18,2,1
2550,2143,18,1,1
2550,2143,18,2,3
2551,2143,18,1,0
2551,2143,18,2,5
2552,2143,18,1,5
2552,2143,18,2,6
2553,2143,18,1,4
2553,2143,18,2,7
2554,2143,18,1,0
2554,2143,18,2,6
2555,2143,18,1,2
2555,2143,18,2,6
2556,2143,18,1,3
2556,2143,18,2,6
2557,2143,18,1,2
2557,2143,18,2,6
2558,2143,18,1,1
2558,2143,18,2,2
2559,2143,18,1,0
2559,2143,18,2,6
2528,2143,19,1,2
2528,2143,19,2,3
2529,2143,19,1,4
2529,2143,19,2,7
2530,2143,19,1,0
2530,2143,19,2,1
2531,2143,19,1,4
2531,2143,19,2,6
2532,2143,19,1,6
2532,2143,19,2,7
2533,2143,19,1,3
2533,2143,19,2,6
2534,2143,19,1,0
2534,2143,19,2,2
2535,2143,19,1,2
2535,2143,19,2,6
2536,2143,19,1,1
2536,2143,19,2,2
2537,2143,19,1,2
2537,2143,19,2,5
2538,2143,19,1,1
2538,2143,19,2,3
2539,2143,19,1,2
2539,2143,19,2,7
2540,2143,19,1,0
2540,2143,19,2,5
2541,2143,19,1,6
2541,2143,19,2,7
2542,2143,19,1,1
2542,2143,19,2,2
2543,2143,19,1,2
2543,2143,19,2,4
2544,2143,19,1,2
2544,2143,19,2,4
2545,2143,19,1,0
2545,2143,19,2,4
2546,2143,19,1,1
2546,2143,19,2,2
2547,2143,19,1,0
2547,2143,19,2,7
2548,2143,19,1,2
2548,2143,19,2,7
2549,2143,19,1,4
2549,2143,19,2,6
2550,2143,19,1,2
2550,2143,19,2,4
2551,2143,19,1,1
2551,2143,19,2,6
2552,2143,19,1,0
2552,2143,19,2,2
2553,2143,19,1,2
2553,2143,19,2,5
2554,2143,19,1,0
2554,2143,19,2,7
2555,2143,19,1,2
2555,2143,19,2,6
2556,2143,19,1,1
2556,2143,19,2,5
2557,2143,19,1,2
2557,2143,19,2,7
2558,2143,19,1,3
2558,2143,19,2,4
2559,2143,19,1,0
2559,2143,19,2,2
2528,2143,20,1,4
2528,2143,20,2,6
2529,2143,20,1,1
2529,2143,20,2,2
2530,2143,20,1,1
2530,2143,20,2,2
2531,2143,20,1,1
2531,2143,20,2,5
2532,2143,20,1,0
2532,2143,20,2,3
2533,2143,20,1,3
2533,2143,20,2,6
2534,2143,20,1,4
2534,2143,20,2,5
2535,2143,20,1,1
2535,2143,20,2,4
2536,2143,20,1,1
2536,2143,20,2,4
2537,2143,20,1,1
2537,2143,20,2,5
2538,2143,20,1,3
2538,2143,20,2,5
2539,2143,20,1,2
2539,2143,20,2,3
2540,2143,20,1,0
2540,2143,20,2,1
2541,2143,20,1,0
2541,2143,20,2,4
2542,2143,20,1,2
2542,2143,20,2,7
2543,2143,20,1,1
2543,2143,20,2,2
2544,2143,20,1,5
2544,2143,20,2,6
2545,2143,20,1,2
2545,2143,20,2,3
2546,2143,20,1,4
2546,2143,20,2,5
2547,2143,20,1,4
2547,2143,20,2,6
2548,2143,20,1,0
2548,2143,20,2,6
2549,2143,20,1,5
2549,2143,20,2,6
2550,2143,20,1,0
2550,2143,20,2,2
2551,2143,20,1,0
2551,2143,20,2,1
2552,2143,20,1,0
2552,2143,20,2,3
2553,2143,20,1,0
2553,2143,20,2,2
2554,2143,20,1,0
2554,2143,20,2,6
2555,2143,20,1,3
2555,2143,20,2,4
2556,2143,20,1,0
2556,2143,20,2,2
2557,2143,20,1,1
2557,2143,20,2,4
2558,2143,20,1,2
2558,2143,20,2,7
2559,2143,20,1,6
2559,2143,20,2,7
2528,2143,21,1,5
2528,2143,21,2,7
2529,2143,21,1,1
2529,2143,21,2,5
2530,2143,21,1,2
2530,2143,21,2,3
2531,2143,21,1,0
2531,2143,21,2,2
2532,2143,21,1,2
2532,2143,21,2,6
2533,2143,21,1,0
2533,2143,21,2,1
2534,2143,21,1,2
2534,2143,21,2,3
2535,2143,21,1,5
2535,2143,21,2,7
2536,2143,21,1,2
2536,2143,21,2,6
2537,2143,21,1,0
2537,2143,21,2,1
2538,2143,21,1,1
2538,2143,21,2,2
2539,2143,21,1,3
2539,2143,21,2,5
2540,2143,21,1,0
2540,2143,21,2,6
2541,2143,21,1,0
2541,2143,21,2,2
2542,2143,21,1,1
2542,2143,21,2,5
2543,2143,21,1,5
2543,2143,21,2,6
2544,2143,21,1,4
2544,2143,21,2,5
2545,2143,21,1,0
2545,2143,21,2,5
2546,2143,21,1,1
2546,2143,21,2,7
2547,2143,21,1,1
2547,2143,21,2,7
2548,2143,21,1,3
2548,2143,21,2,4
2549,2143,21,1,1
2549,2143,21,2,5
2550,2143,21,1,1
2550,2143,21,2,4
2551,2143,21,1,4
2551,2143,21,2,7
2552,2143,21,1,2
2552,2143,21,2,4
2553,2143,21,1,0
2553,2143,21,2,5
2554,2143,21,1,3
2554,2143,21,2,6
2555,2143,21,1,0
2555,2143,21,2,6
2556,2143,21,1,2
2556,2143,21,2,6
2557,2143,21,1,0
2557,2143,21,2,4
2558,2143,21,1,6
2558,2143,21,2,7
2559,2143,21,1,0
2559,2143,21,2,6
2528,2143,22,1,2
2528,2143,22,2,3
2529,2143,22,1,4
2529,2143,22,2,5
2530,2143,22,1,5
2530,2143,22,2,7
2531,2143,22,1,0
2531,2143,22,2,6
2532,2143,22,1,0
2532,2143,22,2,3
2533,2143,22,1,3
2533,2143,22,2,5
2534,2143,22,1,2
2534,2143,22,2,7
2535,2143,22,1,2
2535,2143,22,2,6
2536,2143,22,1,5
2536,2143,22,2,7
2537,2143,22,1,1
2537,2143,22,2,3
2538,2143,22,1,0
2538,2143,22,2,2
2539,2143,22,1,6
2539,2143,22,2,7
2540,2143,22,1,1
2540,2143,22,2,2
2541,2143,22,1,1
2541,2143,22,2,7
2542,2143,22,1,2
2542,2143,22,2,5
2543,2143,22,1,2
2543,2143,22,2,6
2544,2143,22,1,0
2544,2143,22,2,7
2545,2143,22,1,4
2545,2143,22,2,6
2546,2143,22,1,1
2546,2143,22,2,2
2547,2143,22,1,1
2547,2143,22,2,5
2548,2143,22,1,0
2548,2143,22,2,1
2549,2143,22,1,1
2549,2143,22,2,3
2550,2143,22,1,0
2550,2143,22,2,5
2551,2143,22,1,5
2551,2143,22,2,7
2552,2143,22,1,3
2552,2143,22,2,7
2553,2143,22,1,2
2553,2143,22,2,4
2554,2143,22,1,0
2554,2143,22,2,7
2555,2143,22,1,0
2555,2143,22,2,3
2556,2143,22,1,0
2556,2143,22,2,1
2557,2143,22,1,1
2557,2143,22,2,4
2558,2143,22,1,0
2558,2143,22,2,2
2559,2143,22,1,1
2559,2143,22,2,2
2528,2143,23,1,2
2528,2143,23,2,4
2529,2143,23,1,0
2529,2143,23,2,6
2530,2143,23,1,0
2530,2143,23,2,2
2531,2143,23,1,0
2531,2143,23,2,5
2532,2143,23,1,3
2532,2143,23,2,4
2533,2143,23,1,5
2533,2143,23,2,6
2534,2143,23,1,2
2534,2143,23,2,4
2535,2143,23,1,0
2535,2143,23,2,5
2536,2143,23,1,5
2536,2143,23,2,6
2537,2143,23,1,1
2537,2143,23,2,3
2538,2143,23,1,4
2538,2143,23,2,7
2539,2143,23,1,3
2539,2143,23,2,5
2540,2143,23,1,3
2540,2143,23,2,4
2541,2143,23,1,2
2541,2143,23,2,5
2542,2143,23,1,0
2542,2143,23,2,2
2543,2143,23,1,4
2543,2143,23,2,7
2544,2143,23,1,6
2544,2143,23,2,7
2545,2143,23,1,3
2545,2143,23,2,4
2546,2143,23,1,0
2546,2143,23,2,1
2547,2143,23,1,1
2547,2143,23,2,7
2548,2143,23,1,2
2548,2143,23,2,6
2549,2143,23,1,5
2549,2143,23,2,7
2550,2143,23,1,5
2550,2143,23,2,6
2551,2143,23,1,2
2551,2143,23,2,5
2552,2143,23,1,3
2552,2143,23,2,4
2553,2143,23,1,2
2553,2143,23,2,4
2554,2143,23,1,0
2554,2143,23,2,4
2555,2143,23,1,0
2555,2143,23,2,4
2556,2143,23,1,4
2556,2143,23,2,5
2557,2143,23,1,3
2557,2143,23,2,7
2558,2143,23,1,0
2558,2143,23,2,5
2559,2143,23,1,0
2559,2143,23,2,3
2528,2143,24,1,0
2528,2143,24,2,2
2529,2143,24,1,3
2529,2143,24,2,7
2530,2143,24,1,0
2530,2143,24,2,4
2531,2143,24,1,1
2531,2143,24,2,7
2532,2143,24,1,3
2532,2143,24,2,7
2533,2143,24,1,3
2533,2143,24,2,4
2534,2143,24,1,2
2534,2143,24,2,5
2535,2143,24,1,2
2535,2143,24,2,4
2536,2143,24,1,0
2536,2143,24,2,7
2537,2143,24,1,1
2537,2143,24,2,7
2538,2143,24,1,4
2538,2143,24,2,5
2539,2143,24,1,0
2539,2143,24,2,3
2540,2143,24,1,5
2540,2143,24,2,6
2541,2143,24,1,0
2541,2143,24,2,7
2542,2143,24,1,5
2542,2143,24,2,6
2543,2143,24,1,0
2543,2143,24,2,7
2544,2143,24,1,0
2544,2143,24,2,5
2545,2143,24,1,6
2545,2143,24,2,7
2546,2143,24,1,3
2546,2143,24,2,7
2547,2143,24,1,4
2547,2143,24,2,7
2548,2143,24,1,3
2548,2143,24,2,7
2549,2143,24,1,5
2549,2143,24,2,6
2550,2143,24,1,4
2550,2143,24,2,7
2551,2143,24,1,4
2551,2143,24,2,6
2552,2143,24,1,4
2552,2143,24,2,5
2553,2143,24,1,3
2553,2143,24,2,4
2554,2143,24,1,4
2554,2143,24,2,7
2555,2143,24,1,1
2555,2143,24,2,7
2556,2143,24,1,3
2556,2143,24,2,6
2557,2143,24,1,0
2557,2143,24,2,2
2558,2143,24,1,5
2558,2143,24,2,7
2559,2143,24,1,2
2559,2143,24,2,6
2528,2143,25,1,2
2528,2143,25,2,6
2529,2143,25,1,1
2529,2143,25,2,5
2530,2143,25,1,2
2530,2143,25,2,6
2531,2143,25,1,1
2531,2143,25,2,7
2532,2143,25,1,0
2532,2143,25,2,4
2533,2143,25,1,0
2533,2143,25,2,1
2534,2143,25,1,0
2534,2143,25,2,6
2535,2143,25,1,1
2535,2143,25,2,4
2536,2143,25,1,1
2536,2143,25,2,4
2537,2143,25,1,3
2537,2143,25,2,4
2538,2143,25,1,3
2538,2143,25,2,6
2539,2143,25,1,2
2539,2143,25,2,6
2540,2143,25,1,5
2540,2143,25,2,6
2541,2143,25,1,1
2541,2143,25,2,4
2542,2143,25,1,4
2542,2143,25,2,7
2543,2143,25,1,0
2543,2143,25,2,3
2544,2143,25,1,0
2544,2143,25,2,7
2545,2143,25,1,3
2545,2143,25,2,5
2546,2143,25,1,4
2546,2143,25,2,7
2547,2143,25,1,4
2547,2143,25,2,7
2548,2143,25,1,3
2548,2143,25,2,4
2549,2143,25,1,0
2549,2143,25,2,1
2550,2143,25,1,0
2550,2143,25,2,1
2551,2143,25,1,3
2551,2143,25,2,4
2552,2143,25,1,0
2552,2143,25,2,1
2553,2143,25,1,0
2553,2143,25,2,2
2554,2143,25,1,0
2554,2143,25,2,4
2555,2143,25,1,0
2555,2143,25,2,1
2556,2143,25,1,4
2556,2143,25,2,7
2557,2143,25,1,0
2557,2143,25,2,4
2558,2143,25,1,5
2558,2143,25,2,6
2559,2143,25,1,2
2559,2143,25,2,6
2528,2143,26,1,0
2528,2143,26,2,6
2529,2143,26,1,0
2529,2143,26,2,1
2530,2143,26,1,1
2530,2143,26,2,5
2531,2143,26,1,0
2531,2143,26,2,7
2532,2143,26,1,2
2532,2143,26,2,6
2533,2143,26,1,1
2533,2143,26,2,7
2534,2143,26,1,1
2534,2143,26,2,5
2535,2143,26,1,2
2535,2143,26,2,3
2536,2143,26,1,3
2536,2143,26,2,4
2537,2143,26,1,2
2537,2143,26,2,7
2538,2143,26,1,3
2538,2143,26,2,6
2539,2143,26,1,1
2539,2143,26,2,7
2540,2143,26,1,2
2540,2143,26,2,5
2541,2143,26,1,5
2541,2143,26,2,6
2542,2143,26,1,4
2542,2143,26,2,7
2543,2143,26,1,6
2543,2143,26,2,7
2544,2143,26,1,1
2544,2143,26,2,7
2545,2143,26,1,0
2545,2143,26,2,6
2546,2143,26,1,1
2546,2143,26,2,7
2547,2143,26,1,4
2547,2143,26,2,7
2548,2143,26,1,0
2548,2143,26,2,4
2549,2143,26,1,3
2549,2143,26,2,4
2550,2143,26,1,3
2550,2143,26,2,5
2551,2143,26,1,4
2551,2143,26,2,5
2552,2143,26,1,2
2552,2143,26,2,4
2553,2143,26,1,0
2553,2143,26,2,3
2554,2143,26,1,0
2554,2143,26,2,3
2555,2143,26,1,4
2555,2143,26,2,7
2556,2143,26,1,0
2556,2143,26,2,1
2557,2143,26,1,0
2557,2143,26,2,5
2558,2143,26,1,2
2558,2143,26,2,5
2559,2143,26,1,1
2559,2143,26,2,4
2528,2143,27,1,0
2528,2143,27,2,4
2529,2143,27,1,0
2529,2143,27,2,7
2530,2143,27,1,2
2530,2143,27,2,3
2531,2143,27,1,0
2531,2143,27,2,3
2532,2143,27,1,4
2532,2143,27,2,5
2533,2143,27,1,4
2533,2143,27,2,5
2534,2143,27,1,6
2534,2143,27,2,7
2535,2143,27,1,4
2535,2143,27,2,6
2536,2143,27,1,1
2536,2143,27,2,4
2537,2143,27,1,0
2537,2143,27,2,4
2538,2143,27,1,1
2538,2143,27,2,5
2539,2143,27,1,1
2539,2143,27,2,3
2540,2143,27,1,4
2540,2143,27,2,7
2541,2143,27,1,2
2541,2143,27,2,4
2542,2143,27,1,1
2542,2143,27,2,4
2543,2143,27,1,4
2543,2143,27,2,7
2544,2143,27,1,3
2544,2143,27,2,4
2545,2143,27,1,6
2545,2143,27,2,7
2546,2143,27,1,1
2546,2143,27,2,6
2547,2143,27,1,2
2547,2143,27,2,4
2548,2143,27,1,1
2548,2143,27,2,6
2549,2143,27,1,0
2549,2143,27,2,3
2550,2143,27,1,0
2550,2143,27,2,5
2551,2143,27,1,0
2551,2143,27,2,7
2552,2143,27,1,3
2552,2143,27,2,4
2553,2143,27,1,1
2553,2143,27,2,5
2554,2143,27,1,2
2554,2143,27,2,3
2555,2143,27,1,1
2555,2143,27,2,7
2556,2143,27,1,0
2556,2143,27,2,6
2557,2143,27,1,1
2557,2143,27,2,5
2558,2143,27,1,3
2558,2143,27,2,6
2559,2143,27,1,5
2559,2143,27,2,6
2528,2143,28,1,2
2528,2143,28,2,7
2529,2143,28,1,2
2529,2143,28,2,4
2530,2143,28,1,1
2530,2143,28,2,7
2531,2143,28,1,2
2531,2143,28,2,7
2532,2143,28,1,6
2532,2143,28,2,7
2533,2143,28,1,3
2533,2143,28,2,7
2534,2143,28,1,4
2534,2143,28,2,7
2535,2143,28,1,5
2535,2143,28,2,7
2536,2143,28,1,4
2536,2143,28,2,6
2537,2143,28,1,2
2537,2143,28,2,7
2538,2143,28,1,3
2538,2143,28,2,5
2539,2143,28,1,3
2539,2143,28,2,6
2540,2143,28,1,3
2540,2143,28,2,4
2541,2143,28,1,1
2541,2143,28,2,2
2542,2143,28,1,0
2542,2143,28,2,2
2543,2143,28,1,3
2543,2143,28,2,6
2544,2143,28,1,1
2544,2143,28,2,4
2545,2143,28,1,2
2545,2143,28,2,7
2546,2143,28,1,3
2546,2143,28,2,7
2547,2143,28,1,0
2547,2143,28,2,6
2548,2143,28,1,5
2548,2143,28,2,6
2549,2143,28,1,0
2549,2143,28,2,2
2550,2143,28,1,1
2550,2143,28,2,6
2551,2143,28,1,4
2551,2143,28,2,6
2552,2143,28,1,4
2552,2143,28,2,7
2553,2143,28,1,6
2553,2143,28,2,7
2554,2143,28,1,1
2554,2143,28,2,4
2555,2143,28,1,0
2555,2143,28,2,6
2556,2143,28,1,0
2556,2143,28,2,6
2557,2143,28,1,0
2557,2143,28,2,4
2558,2143,28,1,0
2558,2143,28,2,1
2559,2143,28,1,1
2559,2143,28,2,3
2528,2143,29,1,1
2528,2143,29,2,5
2529,2143,29,1,1
2529,2143,29,2,4
2530,2143,29,1,4
2530,2143,29,2,7
2531,2143,29,1,5
2531,2143,29,2,7
2532,2143,29,1,0
2532,2143,29,2,7
2533,2143,29,1,1
2533,2143,29,2,4
2534,2143,29,1,1
2534,2143,29,2,3
2535,2143,29,1,2
2535,2143,29,2,4
2536,2143,29,1,1
2536,2143,29,2,2
2537,2143,29,1,2
2537,2143,29,2,5
2538,2143,29,1,6
2538,2143,29,2,7
2539,2143,29,1,1
2539,2143,29,2,4
2540,2143,29,1,4
2540,2143,29,2,5
2541,2143,29,1,1
2541,2143,29,2,7
2542,2143,29,1,3
2542,2143,29,2,4
2543,2143,29,1,1
2543,2143,29,2,3
2544,2143,29,1,2
2544,2143,29,2,6
2545,2143,29,1,1
2545,2143,29,2,3
2546,2143,29,1,0
2546,2143,29,2,1
2547,2143,29,1,6
2547,2143,29,2,7
2548,2143,29,1,1
2548,2143,29,2,6
2549,2143,29,1,5
2549,2143,29,2,7
2550,2143,29,1,2
2550,2143,29,2,4
2551,2143,29,1,1
2551,2143,29,2,3
2552,2143,29,1,0
2552,2143,29,2,6
2553,2143,29,1,0
2553,2143,29,2,2
2554,2143,29,1,5
2554,2143,29,2,6
2555,2143,29,1,1
2555,2143,29,2,5
2556,2143,29,1,4
2556,2143,29,2,7
2557,2143,29,1,4
2557,2143,29,2,5
2558,2143,29,1,4
2558,2143,29,2,7
2559,2143,29,1,0
2559,2143,29,2,1
2528,2143,30,1,1
2528,2143,30,2,6
2529,2143,30,1,1
2529,2143,30,2,6
2530,2143,30,1,6
2530,2143,30,2,7
2531,2143,30,1,0
2531,2143,30,2,7
2532,2143,30,1,2
2532,2143,30,2,6
2533,2143,30,1,1
2533,2143,30,2,6
2534,2143,30,1,0
2534,2143,30,2,1
2535,2143,30,1,3
2535,2143,30,2,5
2536,2143,30,1,2
2536,2143,30,2,4
2537,2143,30,1,0
2537,2143,30,2,1
2538,2143,30,1,2
2538,2143,30,2,6
2539,2143,30,1,2
2539,2143,30,2,4
2540,2143,30,1,0
2540,2143,30,2,7
2541,2143,30,1,1
2541,2143,30,2,4
2542,2143,30,1,2
2542,2143,30,2,6
2543,2143,30,1,0
2543,2143,30,2,3
2544,2143,30,1,5
2544,2143,30,2,7
2545,2143,30,1,1
2545,2143,30,2,6
2546,2143,30,1,0
2546,2143,30,2,5
2547,2143,30,1,6
2547,2143,30,2,7
2548,2143,30,1,3
2548,2143,30,2,4
2549,2143,30,1,2
2549,2143,30,2,5
2550,2143,30,1,4
2550,2143,30,2,7
2551,2143,30,1,5
2551,2143,30,2,7
2552,2143,30,1,3
2552,2143,30,2,6
2553,2143,30,1,5
2553,2143,30,2,6
2554,2143,30,1,2
2554,2143,30,2,5
2555,2143,30,1,2
2555,2143,30,2,6
2556,2143,30,1,0
2556,2143,30,2,6
2557,2143,30,1,2
2557,2143,30,2,6
2558,2143,30,1,2
2558,2143,30,2,4
2559,2143,30,1,4
2559,2143,30,2,7
2528,2143,31,1,5
2528,2143,31,2,7
2529,2143,31,1,0
2529,2143,31,2,7
2530,2143,31,1,0
2530,2143,31,2,3
2531,2143,31,1,1
2531,2143,31,2,6
2532,2143,31,1,3
2532,2143,31,2,7
2533,2143,31,1,4
2533,2143,31,2,6
2534,2143,31,1,3
2534,2143,31,2,5
2535,2143,31,1,0
2535,2143,31,2,7
2536,2143,31,1,0
2536,2143,31,2,4
2537,2143,31,1,3
2537,2143,31,2,7
2538,2143,31,1,1
2538,2143,31,2,5
2539,2143,31,1,2
2539,2143,31,2,7
2540,2143,31,1,0
2540,2143,31,2,5
2541,2143,31,1,3
2541,2143,31,2,4
2542,2143,31,1,2
2542,2143,31,2,7
2543,2143,31,1,0
2543,2143,31,2,4
2544,2143,31,1,4
2544,2143,31,2,6
2545,2143,31,1,1
2545,2143,31,2,3
2546,2143,31,1,2
2546,2143,31,2,4
2547,2143,31,1,1
2547,2143,31,2,5
2548,2143,31,1,1
2548,2143,31,2,6
2549,2143,31,1,1
2549,2143,31,2,5
2550,2143,31,1,1
2550,2143,31,2,7
2551,2143,31,1,4
2551,2143,31,2,7
2552,2143,31,1,2
2552,2143,31,2,3
2553,2143,31,1,2
2553,2143,31,2,5
2554,2143,31,1,4
2554,2143,31,2,7
2555,2143,31,1,2
2555,2143,31,2,7
2556,2143,31,1,3
2556,2143,31,2,6
2557,2143,31,1,3
2557,2143,31,2,5
2558,2143,31,1,1
2558,2143,31,2,2
2559,2143,31,1,0
2559,2143,31,2,4
2528,2144,0,1,0
2528,2144,0,2,5
2529,2144,0,1,0
2529,2144,0,2,5
2530,2144,0,1,3
2530,2144,0,2,6
2531,2144,0,1,1
2531,2144,0,2,7
2532,2144,0,1,1
2532,2144,0,2,7
2533,2144,0,1,1
2533,2144,0,2,6
2534,2144,0,1,5
2534,2144,0,2,7
2535,2144,0,1,0
2535,2144,0,2,1
2536,2144,0,1,1
2536,2144,0,2,5
2537,2144,0,1,3
2537,2144,0,2,5
2538,2144,0,1,0
2538,2144,0,2,6
2539,2144,0,1,4
2539,2144,0,2,6
2540,2144,0,1,6
2540,2144,0,2,7
2541,2144,0,1,5
2541,2144,0,2,6
2542,2144,0,1,0
2542,2144,0,2,5
2543,2144,0,1,0
2543,2144,0,2,3
2544,2144,0,1,1
2544,2144,0,2,3
2545,2144,0,1,3
2545,2144,0,2,4
2546,2144,0,1,0
2546,2144,0,2,5
2547,2144,0,1,0
2547,2144,0,2,2
2548,2144,0,1,4
2548,2144,0,2,6
2549,2144,0,1,0
2549,2144,0,2,3
2550,2144,0,1,2
2550,2144,0,2,5
2551,2144,0,1,0
2551,2144,0,2,4
2552,2144,0,1,4
2552,2144,0,2,5
2553,2144,0,1,0
2553,2144,0,2,3
2554,2144,0,1,3
2554,2144,0,2,6
2555,2144,0,1,3
2555,2144,0,2,7
2556,2144,0,1,4
2556,2144,0,2,7
2557,2144,0,1,0
2557,2144,0,2,1
2558,2144,0,1,4
2558,2144,0,2,5
2559,2144,0,1,0
2559,2144,0,2,1
2528,2144,1,1,3
2528,2144,1,2,6
2529,2144,1,1,1
2529,2144,1,2,7
2530,2144,1,1,1
2530,2144,1,2,3
2531,2144,1,1,3
2531,2144,1,2,6
2532,2144,1,1,2
2532,2144,1,2,6
2533,2144,1,1,0
2533,2144,1,2,2
2534,2144,1,1,4
2534,2144,1,2,6
2535,2144,1,1,5
2535,2144,1,2,6
2536,2144,1,1,0
2536,2144,1,2,5
2537,2144,1,1,0
2537,2144,1,2,2
2538,2144,1,1,2
2538,2144,1,2,4
2539,2144,1,1,1
2539,2144,1,2,4
2540,2144,1,1,4
2540,2144,1,2,7
2541,2144,1,1,3
2541,2144,1,2,6
2542,2144,1,1,6
2542,2144,1,2,7
2543,2144,1,1,0
2543,2144,1,2,7
2544,2144,1,1,0
2544,2144,1,2,1
2545,2144,1,1,2
2545,2144,1,2,7
2546,2144,1,1,2
2546,2144,1,2,5
2547,2144,1,1,1
2547,2144,1,2,2
2548,2144,1,1,3
2548,2144,1,2,7
2549,2144,1,1,0
2549,2144,1,2,2
2550,2144,1,1,1
2550,2144,1,2,6
2551,2144,1,1,4
2551,2144,1,2,5
2552,2144,1,1,2
2552,2144,1,2,3
2553,2144,1,1,5
2553,2144,1,2,6
2554,2144,1,1,2
2554,2144,1,2,6
2555,2144,1,1,0
2555,2144,1,2,3
2556,2144,1,1,2
2556,2144,1,2,4
2557,2144,1,1,3
2557,2144,1,2,6
2558,2144,1,1,2
2558,2144,1,2,3
2559,2144,1,1,1
2559,2144,1,2,5
2528,2144,2,1,2
2528,2144,2,2,4
2529,2144,2,1,3
2529,2144,2,2,6
2530,2144,2,1,1
2530,2144,2,2,2
2531,2144,2,1,1
2531,2144,2,2,6
2532,2144,2,1,4
2532,2144,2,2,7
2533,2144,2,1,2
2533,2144,2,2,3
2534,2144,2,1,2
2534,2144,2,2,4
2535,2144,2,1,2
2535,2144,2,2,5
2536,2144,2,1,3
2536,2144,2,2,6
2537,2144,2,1,1
2537,2144,2,2,4
2538,2144,2,1,4
2538,2144,2,2,7
2539,2144,2,1,0
2539,2144,2,2,7
2540,2144,2,1,4
2540,2144,2,2,5
2541,2144,2,1,4
2541,2144,2,2,7
2542,2144,2,1,3
2542,2144,2,2,5
2543,2144,2,1,0
2543,2144,2,2,2
2544,2144,2,1,0
2544,2144,2,2,1
2545,2144,2,1,0
2545,2144,2,2,1
2546,2144,2,1,3
2546,2144,2,2,6
2547,2144,2,1,4
2547,2144,2,2,5
2548,2144,2,1,1
2548,2144,2,2,3
2549,2144,2,1,5
2549,2144,2,2,7
2550,2144,2,1,3
2550,2144,2,2,6
2551,2144,2,1,0
2551,2144,2,2,4
2552,2144,2,1,3
2552,2144,2,2,4
2553,2144,2,1,0
2553,2144,2,2,6
2554,2144,2,1,4
2554,2144,2,2,7
2555,2144,2,1,6
2555,2144,2,2,7
2556,2144,2,1,2
2556,2144,2,2,6
2557,2144,2,1,6
2557,2144,2,2,7
2558,2144,2,1,1
2558,2144,2,2,6
2559,2144,2,1,6
2559,2144,2,2,7
2528,2144,3,1,4
2528,2144,3,2,6
2529,2144,3,1,1
2529,2144,3,2,4
2530,2144,3,1,4
2530,2144,3,2,5
2531,2144,3,1,0
2531,2144,3,2,3
2532,2144,3,1,1
2532,2144,3,2,5
2533,2144,3,1,0
2533,2144,3,2,4
2534,2144,3,1,3
2534,2144,3,2,7
2535,2144,3,1,2
2535,2144,3,2,4
2536,2144,3,1,1
2536,2144,3,2,4
2537,2144,3,1,1
2537,2144,3,2,5
2538,2144,3,1,4
2538,2144,3,2,5
2539,2144,3,1,4
2539,2144,3,2,6
2540,2144,3,1,0
2540,2144,3,2,5
2541,2144,3,1,0
2541,2144,3,2,4
2542,2144,3,1,2
2542,2144,3,2,6
2543,2144,3,1,2
2543,2144,3,2,5
2544,2144,3,1,0
2544,2144,3,2,4
2545,2144,3,1,0
2545,2144,3,2,5
2546,2144,3,1,1
2546,2144,3,2,4
2547,2144,3,1,3
2547,2144,3,2,4
2548,2144,3,1,1
2548,2144,3,2,6
2549,2144,3,1,5
2549,2144,3,2,6
2550,2144,3,1,2
2550,2144,3,2,6
2551,2144,3,1,0
2551,2144,3,2,5
2552,2144,3,1,0
2552,2144,3,2,4
2553,2144,3,1,0
2553,2144,3,2,3
2554,2144,3,1,0
2554,2144,3,2,2
2555,2144,3,1,1
2555,2144,3,2,5
2556,2144,3,1,2
2556,2144,3,2,6
2557,2144,3,1,0
2557,2144,3,2,2
2558,2144,3,1,1
2558,2144,3,2,7
2559,2144,3,1,3
2559,2144,3,2,5
2528,2144,4,1,1
2528,2144,4,2,5
2529,2144,4,1,3
2529,2144,4,2,4
2530,2144,4,1,2
2530,2144,4,2,3
2531,2144,4,1,0
2531,2144,4,2,4
2532,2144,4,1,0
2532,2144,4,2,3
2533,2144,4,1,1
2533,2144,4,2,5
2534,2144,4,1,4
2534,2144,4,2,7
2535,2144,4,1,1
2535,2144,4,2,6
2536,2144,4,1,3
2536,2144,4,2,5
2537,2144,4,1,0
2537,2144,4,2,2
2538,2144,4,1,3
2538,2144,4,2,6
2539,2144,4,1,4
2539,2144,4,2,5
2540,2144,4,1,1
2540,2144,4,2,2
2541,2144,4,1,1
2541,2144,4,2,7
2542,2144,4,1,3
2542,2144,4,2,6
2543,2144,4,1,3
2543,2144,4,2,4
2544,2144,4,1,0
2544,2144,4,2,1
2545,2144,4,1,4
2545,2144,4,2,7
2546,2144,4,1,1
2546,2144,4,2,2
2547,2144,4,1,2
2547,2144,4,2,6
2548,2144,4,1,0
2548,2144,4,2,1
2549,2144,4,1,2
2549,2144,4,2,3
2550,2144,4,1,3
2550,2144,4,2,7
2551,2144,4,1,5
2551,2144,4,2,6
2552,2144,4,1,3
2552,2144,4,2,6
2553,2144,4,1,3
2553,2144,4,2,4
2554,2144,4,1,1
2554,2144,4,2,7
2555,2144,4,1,3
2555,2144,4,2,7
2556,2144,4,1,4
2556,2144,4,2,6
2557,2144,4,1,1
2557,2144,4,2,4
2558,2144,4,1,0
2558,2144,4,2,2
2559,2144,4,1,0
2559,2144,4,2,2
2528,2144,5,1,2
2528,2144,5,2,6
2529,2144,5,1,0
2529,2144,5,2,3
2530,2144,5,1,4
2530,2144,5,2,7
2531,2144,5,1,0
2531,2144,5,2,5
2532,2144,5,1,0
2532,2144,5,2,7
2533,2144,5,1,0
2533,2144,5,2,7
2534,2144,5,1,3
2534,2144,5,2,7
2535,2144,5,1,4
2535,2144,5,2,5
2536,2144,5,1,3
2536,2144,5,2,4
2537,2144,5,1,0
2537,2144,5,2,2
2538,2144,5,1,1
2538,2144,5,2,3
2539,2144,5,1,5
2539,2144,5,2,6
2540,2144,5,1,3
2540,2144,5,2,6
2541,2144,5,1,2
2541,2144,5,2,4
2542,2144,5,1,5
2542,2144,5,2,6
2543,2144,5,1,4
2543,2144,5,2,6
2544,2144,5,1,1
2544,2144,5,2,6
2545,2144,5,1,1
2545,2144,5,2,5
2546,2144,5,1,3
2546,2144,5,2,5
2547,2144,5,1,4
2547,2144,5,2,5
2548,2144,5,1,0
2548,2144,5,2,4
2549,2144,5,1,0
2549,2144,5,2,2
2550,2144,5,1,4
2550,2144,5,2,6
2551,2144,5,1,1
2551,2144,5,2,4
2552,2144,5,1,0
2552,2144,5,2,7
2553,2144,5,1,1
2553,2144,5,2,6
2554,2144,5,1,3
2554,2144,5,2,4
2555,2144,5,1,1
2555,2144,5,2,5
2556,2144,5,1,5
2556,2144,5,2,7
2557,2144,5,1,2
2557,2144,5,2,5
2558,2144,5,1,3
2558,2144,5,2,4
2559,2144,5,1,4
2559,2144,5,2,6
2528,2144,6,1,3
2528,2144,6,2,6
2529,2144,6,1,5
2529,2144,6,2,6
2530,2144,6,1,0
2530,2144,6,2,7
2531,2144,6,1,6
2531,2144,6,2,7
2532,2144,6,1,0
2532,2144,6,2,3
2533,2144,6,1,3
2533,2144,6,2,6
2534,2144,6,1,3
2534,2144,6,2,7
2535,2144,6,1,1
2535,2144,6,2,2
2536,2144,6,1,6
2536,2144,6,2,7
2537,2144,6,1,5
2537,2144,6,2,6
2538,2144,6,1,3
2538,2144,6,2,6
2539,2144,6,1,5
2539,2144,6,2,7
2540,2144,6,1,6
2540,2144,6,2,7
2541,2144,6,1,0
2541,2144,6,2,4
2542,2144,6,1,5
2542,2144,6,2,7
2543,2144,6,1,3
2543,2144,6,2,6
2544,2144,6,1,6
2544,2144,6,2,7
2545,2144,6,1,6
2545,2144,6,2,7
2546,2144,6,1,6
2546,2144,6,2,7
2547,2144,6,1,1
2547,2144,6,2,6
2548,2144,6,1,3
2548,2144,6,2,5
2549,2144,6,1,3
2549,2144,6,2,5
2550,2144,6,1,1
2550,2144,6,2,6
2551,2144,6,1,5
2551,2144,6,2,6
2552,2144,6,1,2
2552,2144,6,2,5
2553,2144,6,1,4
2553,2144,6,2,6
2554,2144,6,1,2
2554,2144,6,2,3
2555,2144,6,1,0
2555,2144,6,2,1
2556,2144,6,1,4
2556,2144,6,2,5
2557,2144,6,1,4
2557,2144,6,2,5
2558,2144,6,1,4
2558,2144,6,2,7
2559,2144,6,1,1
2559,2144,6,2,4
2528,2144,7,1,3
2528,2144,7,2,5
2529,2144,7,1,0
2529,2144,7,2,7
2530,2144,7,1,2
2530,2144,7,2,3
2531,2144,7,1,2
2531,2144,7,2,7
2532,2144,7,1,1
2532,2144,7,2,3
2533,2144,7,1,0
2533,2144,7,2,2
2534,2144,7,1,3
2534,2144,7,2,6
2535,2144,7,1,4
2535,2144,7,2,6
2536,2144,7,1,0
2536,2144,7,2,3
2537,2144,7,1,2
2537,2144,7,2,3
2538,2144,7,1,0
2538,2144,7,2,5
2539,2144,7,1,3
2539,2144,7,2,4
2540,2144,7,1,2
2540,2144,7,2,6
2541,2144,7,1,3
2541,2144,7,2,4
2542,2144,7,1,3
2542,2144,7,2,5
2543,2144,7,1,0
2543,2144,7,2,1
2544,2144,7,1,3
2544,2144,7,2,5
2545,2144,7,1,2
2545,2144,7,2,7
2546,2144,7,1,0
2546,2144,7,2,4
2547,2144,7,1,3
2547,2144,7,2,5
2548,2144,7,1,0
2548,2144,7,2,5
2549,2144,7,1,1
2549,2144,7,2,5
2550,2144,7,1,3
2550,2144,7,2,6
2551,2144,7,1,2
2551,2144,7,2,5
2552,2144,7,1,3
2552,2144,7,2,6
2553,2144,7,1,1
2553,2144,7,2,6
2554,2144,7,1,3
2554,2144,7,2,7
2555,2144,7,1,3
2555,2144,7,2,6
2556,2144,7,1,1
2556,2144,7,2,7
2557,2144,7,1,0
2557,2144,7,2,1
2558,2144,7,1,0
2558,2144,7,2,1
2559,2144,7,1,6
2559,2144,7,2,7
2528,2144,8,1,0
2528,2144,8,2,6
2529,2144,8,1,1
2529,2144,8,2,6
2530,2144,8,1,1
2530,2144,8,2,3
2531,2144,8,1,2
2531,2144,8,2,4
2532,2144,8,1,0
2532,2144,8,2,3
2533,2144,8,1,3
2533,2144,8,2,4
2534,2144,8,1,4
2534,2144,8,2,5
2535,2144,8,1,2
2535,2144,8,2,6
2536,2144,8,1,2
2536,2144,8,2,4
2537,2144,8,1,0
2537,2144,8,2,7
2538,2144,8,1,0
2538,2144,8,2,2
2539,2144,8,1,4
2539,2144,8,2,5
2540,2144,8,1,6
2540,2144,8,2,7
2541,2144,8,1,0
2541,2144,8,2,3
2542,2144,8,1,3
2542,2144,8,2,7
2543,2144,8,1,0
2543,2144,8,2,2
2544,2144,8,1,5
2544,2144,8,2,7
2545,2144,8,1,2
2545,2144,8,2,5
2546,2144,8,1,4
2546,2144,8,2,7
2547,2144,8,1,4
2547,2144,8,2,7
2548,2144,8,1,4
2548,2144,8,2,5
2549,2144,8,1,1
2549,2144,8,2,7
2550,2144,8,1,1
2550,2144,8,2,3
2551,2144,8,1,3
2551,2144,8,2,7
2552,2144,8,1,1
2552,2144,8,2,4
2553,2144,8,1,4
2553,2144,8,2,6
2554,2144,8,1,3
2554,2144,8,2,6
2555,2144,8,1,1
2555,2144,8,2,2
2556,2144,8,1,0
2556,2144,8,2,4
2557,2144,8,1,1
2557,2144,8,2,3
2558,2144,8,1,3
2558,2144,8,2,4
2559,2144,8,1,2
2559,2144,8,2,3
2528,2144,9,1,4
2528,2144,9,2,6
2529,2144,9,1,0
2529,2144,9,2,6
2530,2144,9,1,2
2530,2144,9,2,7
2531,2144,9,1,3
2531,2144,9,2,4
2532,2144,9,1,2
2532,2144,9,2,7
2533,2144,9,1,1
2533,2144,9,2,4
2534,2144,9,1,0
2534,2144,9,2,4
2535,2144,9,1,1
2535,2144,9,2,2
2536,2144,9,1,0
2536,2144,9,2,4
2537,2144,9,1,0
2537,2144,9,2,2
2538,2144,9,1,0
2538,2144,9,2,3
2539,2144,9,1,2
2539,2144,9,2,6
2540,2144,9,1,3
2540,2144,9,2,5
2541,2144,9,1,0
2541,2144,9,2,4
2542,2144,9,1,3
2542,2144,9,2,5
2543,2144,9,1,0
2543,2144,9,2,3
2544,2144,9,1,0
2544,2144,9,2,5
2545,2144,9,1,0
2545,2144,9,2,4
2546,2144,9,1,1
2546,2144,9,2,5
2547,2144,9,1,0
2547,2144,9,2,1
2548,2144,9,1,2
2548,2144,9,2,7
2549,2144,9,1,0
2549,2144,9,2,2
2550,2144,9,1,2
2550,2144,9,2,7
2551,2144,9,1,3
2551,2144,9,2,5
2552,2144,9,1,0
2552,2144,9,2,1
2553,2144,9,1,0
2553,2144,9,2,5
2554,2144,9,1,0
2554,2144,9,2,7
2555,2144,9,1,1
2555,2144,9,2,6
2556,2144,9,1,4
2556,2144,9,2,6
2557,2144,9,1,2
2557,2144,9,2,7
2558,2144,9,1,1
2558,2144,9,2,2
2559,2144,9,1,4
2559,2144,9,2,6
2528,2144,10,1,2
2528,2144,10,2,6
2529,2144,10,1,3
2529,2144,10,2,7
2530,2144,10,1,3
2530,2144,10,2,7
2531,2144,10,1,3
2531,2144,10,2,5
2532,2144,10,1,0
2532,2144,10,2,6
2533,2144,10,1,2
2533,2144,10,2,6
2534,2144,10,1,4
2534,2144,10,2,7
2535,2144,10,1,1
2535,2144,10,2,4
2536,2144,10,1,1
2536,2144,10,2,4
2537,2144,10,1,0
2537,2144,10,2,6
2538,2144,10,1,1
2538,2144,10,2,3
2539,2144,10,1,2
2539,2144,10,2,6
2540,2144,10,1,3
2540,2144,10,2,5
2541,2144,10,1,3
2541,2144,10,2,5
2542,2144,10,1,3
2542,2144,10,2,4
2543,2144,10,1,5
2543,2144,10,2,6
2544,2144,10,1,3
2544,2144,10,2,7
2545,2144,10,1,3
2545,2144,10,2,6
2546,2144,10,1,5
2546,2144,10,2,7
2547,2144,10,1,2
2547,2144,10,2,5
2548,2144,10,1,0
2548,2144,10,2,5
2549,2144,10,1,4
2549,2144,10,2,6
2550,2144,10,1,0
2550,2144,10,2,6
2551,2144,10,1,0
2551,2144,10,2,3
2552,2144,10,1,2
2552,2144,10,2,3
2553,2144,10,1,0
2553,2144,10,2,7
2554,2144,10,1,0
2554,2144,10,2,4
2555,2144,10,1,0
2555,2144,10,2,5
2556,2144,10,1,0
2556,2144,10,2,4
2557,2144,10,1,1
2557,2144,10,2,5
2558,2144,10,1,0
2558,2144,10,2,2
2559,2144,10,1,0
2559,2144,10,2,7
2528,2144,11,1,2
2528,2144,11,2,7
2529,2144,11,1,5
2529,2144,11,2,6
2530,2144,11,1,0
2530,2144,11,2,2
2531,2144,11,1,4
2531,2144,11,2,6
2532,2144,11,1,0
2532,2144,11,2,6
2533,2144,11,1,3
2533,2144,11,2,6
2534,2144,11,1,6
2534,2144,11,2,7
2535,2144,11,1,1
2535,2144,11,2,4
2536,2144,11,1,0
2536,2144,11,2,3
2537,2144,11,1,0
2537,2144,11,2,5
2538,2144,11,1,2
2538,2144,11,2,4
2539,2144,11,1,6
2539,2144,11,2,7
2540,2144,11,1,1
2540,2144,11,2,5
2541,2144,11,1,0
2541,2144,11,2,6
2542,2144,11,1,0
2542,2144,11,2,4
2543,2144,11,1,5
2543,2144,11,2,7
2544,2144,11,1,5
2544,2144,11,2,7
2545,2144,11,1,0
2545,2144,11,2,7
2546,2144,11,1,0
2546,2144,11,2,5
2547,2144,11,1,2
2547,2144,11,2,4
2548,2144,11,1,1
2548,2144,11,2,3
2549,2144,11,1,3
2549,2144,11,2,7
2550,2144,11,1,2
2550,2144,11,2,6
2551,2144,11,1,2
2551,2144,11,2,7
2552,2144,11,1,2
2552,2144,11,2,5
2553,2144,11,1,3
2553,2144,11,2,4
2554,2144,11,1,4
2554,2144,11,2,7
2555,2144,11,1,1
2555,2144,11,2,2
2556,2144,11,1,0
2556,2144,11,2,2
2557,2144,11,1,0
2557,2144,11,2,1
2558,2144,11,1,3
2558,2144,11,2,4
2559,2144,11,1,4
2559,2144,11,2,7
2528,2144,12,1,1
2528,2144,12,2,4
2529,2144,12,1,3
2529,2144,12,2,7
2530,2144,12,1,1
2530,2144,12,2,7
2531,2144,12,1,4
2531,2144,12,2,7
2532,2144,12,1,1
2532,2144,12,2,4
2533,2144,12,1,0
2533,2144,12,2,7
2534,2144,12,1,3
2534,2144,12,2,5
2535,2144,12,1,1
2535,2144,12,2,4
2536,2144,12,1,6
2536,2144,12,2,7
2537,2144,12,1,4
2537,2144,12,2,5
2538,2144,12,1,5
2538,2144,12,2,6
2539,2144,12,1,2
2539,2144,12,2,5
2540,2144,12,1,1
2540,2144,12,2,2
2541,2144,12,1,1
2541,2144,12,2,4
2542,2144,12,1,2
2542,2144,12,2,3
2543,2144,12,1,2
2543,2144,12,2,4
2544,2144,12,1,5
2544,2144,12,2,7
2545,2144,12,1,1
2545,2144,12,2,4
2546,2144,12,1,0
2546,2144,12,2,1
2547,2144,12,1,2
2547,2144,12,2,3
2548,2144,12,1,1
2548,2144,12,2,4
2549,2144,12,1,0
2549,2144,12,2,4
2550,2144,12,1,2
2550,2144,12,2,7
2551,2144,12,1,2
2551,2144,12,2,5
2552,2144,12,1,5
2552,2144,12,2,7
2553,2144,12,1,4
2553,2144,12,2,6
2554,2144,12,1,1
2554,2144,12,2,7
2555,2144,12,1,3
2555,2144,12,2,6
2556,2144,12,1,3
2556,2144,12,2,6
2557,2144,12,1,0
2557,2144,12,2,2
2558,2144,12,1,3
2558,2144,12,2,5
2559,2144,12,1,3
2559,2144,12,2,5
2528,2144,13,1,0
2528,2144,13,2,7
2529,2144,13,1,0
2529,2144,13,2,1
2530,2144,13,1,1
2530,2144,13,2,2
2531,2144,13,1,4
2531,2144,13,2,6
2532,2144,13,1,4
2532,2144,13,2,6
2533,2144,13,1,5
2533,2144,13,2,7
2534,2144,13,1,1
2534,2144,13,2,2
2535,2144,13,1,1
2535,2144,13,2,6
2536,2144,13,1,4
2536,2144,13,2,5
2537,2144,13,1,0
2537,2144,13,2,3
2538,2144,13,1,1
2538,2144,13,2,3
2539,2144,13,1,3
2539,2144,13,2,6
2540,2144,13,1,3
2540,2144,13,2,4
2541,2144,13,1,4
2541,2144,13,2,5
2542,2144,13,1,2
2542,2144,13,2,3
2543,2144,13,1,6
2543,2144,13,2,7
2544,2144,13,1,1
2544,2144,13,2,7
2545,2144,13,1,0
2545,2144,13,2,3
2546,2144,13,1,2
2546,2144,13,2,3
2547,2144,13,1,0
2547,2144,13,2,2
2548,2144,13,1,0
2548,2144,13,2,7
2549,2144,13,1,6
2549,2144,13,2,7
2550,2144,13,1,2
2550,2144,13,2,6
2551,2144,13,1,4
2551,2144,13,2,6
2552,2144,13,1,0
2552,2144,13,2,7
2553,2144,13,1,1
2553,2144,13,2,7
2554,2144,13,1,3
2554,2144,13,2,5
2555,2144,13,1,3
2555,2144,13,2,6
2556,2144,13,1,1
2556,2144,13,2,2
2557,2144,13,1,1
2557,2144,13,2,3
2558,2144,13,1,2
2558,2144,13,2,3
2559,2144,13,1,1
2559,2144,13,2,6
2528,2144,14,1,4
2528,2144,14,2,5
2529,2144,14,1,2
2529,2144,14,2,3
2530,2144,14,1,0
2530,2144,14,2,5
2531,2144,14,1,0
2531,2144,14,2,2
2532,2144,14,1,1
2532,2144,14,2,6
2533,2144,14,1,4
2533,2144,14,2,5
2534,2144,14,1,1
2534,2144,14,2,5
2535,2144,14,1,3
2535,2144,14,2,5
2536,2144,14,1,1
2536,2144,14,2,7
2537,2144,14,1,1
2537,2144,14,2,5
2538,2144,14,1,4
2538,2144,14,2,5
2539,2144,14,1,0
2539,2144,14,2,7
2540,2144,14,1,1
2540,2144,14,2,4
2541,2144,14,1,1
2541,2144,14,2,5
2542,2144,14,1,5
2542,2144,14,2,7
2543,2144,14,1,2
2543,2144,14,2,4
2544,2144,14,1,4
2544,2144,14,2,6
2545,2144,14,1,4
2545,2144,14,2,6
2546,2144,14,1,0
2546,2144,14,2,2
2547,2144,14,1,4
2547,2144,14,2,6
2548,2144,14,1,6
2548,2144,14,2,7
2549,2144,14,1,4
2549,2144,14,2,5
2550,2144,14,1,0
2550,2144,14,2,2
2551,2144,14,1,6
2551,2144,14,2,7
2552,2144,14,1,1
2552,2144,14,2,4
2553,2144,14,1,5
2553,2144,14,2,6
2554,2144,14,1,1
2554,2144,14,2,3
2555,2144,14,1,2
2555,2144,14,2,5
2556,2144,14,1,3
2556,2144,14,2,5
2557,2144,14,1,2
2557,2144,14,2,6
2558,2144,14,1,4
2558,2144,14,2,5
2559,2144,14,1,5
2559,2144,14,2,7
2528,2144,15,1,1
2528,2144,15,2,4
2529,2144,15,1,6
2529,2144,15,2,7
2530,2144,15,1,4
2530,2144,15,2,6
2531,2144,15,1,2
2531,2144,15,2,6
2532,2144,15,1,0
2532,2144,15,2,3
2533,2144,15,1,2
2533,2144,15,2,5
2534,2144,15,1,2
2534,2144,15,2,5
2535,2144,15,1,1
2535,2144,15,2,7
2536,2144,15,1,2
2536,2144,15,2,3
2537,2144,15,1,2
2537,2144,15,2,4
2538,2144,15,1,3
2538,2144,15,2,7
2539,2144,15,1,3
2539,2144,15,2,5
2540,2144,15,1,4
2540,2144,15,2,7
2541,2144,15,1,0
2541,2144,15,2,5
2542,2144,15,1,6
2542,2144,15,2,7
2543,2144,15,1,4
2543,2144,15,2,6
2544,2144,15,1,1
2544,2144,15,2,5
2545,2144,15,1,2
2545,2144,15,2,3
2546,2144,15,1,0
2546,2144,15,2,2
2547,2144,15,1,0
2547,2144,15,2,5
2548,2144,15,1,5
2548,2144,15,2,7
2549,2144,15,1,0
2549,2144,15,2,5
2550,2144,15,1,1
2550,2144,15,2,2
2551,2144,15,1,3
2551,2144,15,2,6
2552,2144,15,1,1
2552,2144,15,2,5
2553,2144,15,1,2
2553,2144,15,2,6
2554,2144,15,1,1
2554,2144,15,2,3
2555,2144,15,1,4
2555,2144,15,2,5
2556,2144,15,1,4
2556,2144,15,2,7
2557,2144,15,1,1
2557,2144,15,2,7
2558,2144,15,1,3
2558,2144,15,2,7
2559,2144,15,1,3
2559,2144,15,2,6
2528,2144,16,1,2
2528,2144,16,2,6
2529,2144,16,1,0
2529,2144,16,2,7
2530,2144,16,1,4
2530,2144,16,2,6
2531,2144,16,1,0
2531,2144,16,2,4
2532,2144,16,1,0
2532,2144,16,2,6
2533,2144,16,1,1
2533,2144,16,2,3
2534,2144,16,1,0
2534,2144,16,2,2
2535,2144,16,1,1
2535,2144,16,2,2
2536,2144,16,1,2
2536,2144,16,2,3
2537,2144,16,1,2
2537,2144,16,2,4
2538,2144,16,1,4
2538,2144,16,2,6
2539,2144,16,1,6
2539,2144,16,2,7
2540,2144,16,1,3
2540,2144,16,2,4
2541,2144,16,1,2
2541,2144,16,2,7
2542,2144,16,1,0
2542,2144,16,2,6
2543,2144,16,1,3
2543,2144,16,2,5
2544,2144,16,1,4
2544,2144,16,2,7
2545,2144,16,1,5
2545,2144,16,2,7
2546,2144,16,1,0
2546,2144,16,2,6
2547,2144,16,1,1
2547,2144,16,2,2
2548,2144,16,1,3
2548,2144,16,2,5
2549,2144,16,1,0
2549,2144,16,2,4
2550,2144,16,1,4
2550,2144,16,2,6
2551,2144,16,1,4
2551,2144,16,2,6
2552,2144,16,1,0
2552,2144,16,2,6
2553,2144,16,1,0
2553,2144,16,2,3
2554,2144,16,1,0
2554,2144,16,2,3
2555,2144,16,1,0
2555,2144,16,2,7
2556,2144,16,1,0
2556,2144,16,2,1
2557,2144,16,1,1
2557,2144,16,2,5
2558,2144,16,1,0
2558,2144,16,2,7
2559,2144,16,1,2
2559,2144,16,2,4
2528,2144,17,1,1
2528,2144,17,2,5
2529,2144,17,1,3
2529,2144,17,2,6
2530,2144,17,1,1
2530,2144,17,2,7
2531,2144,17,1,0
2531,2144,17,2,5
2532,2144,17,1,5
2532,2144,17,2,7
2533,2144,17,1,1
2533,2144,17,2,6
2534,2144,17,1,4
2534,2144,17,2,7
2535,2144,17,1,4
2535,2144,17,2,6
2536,2144,17,1,3
2536,2144,17,2,6
2537,2144,17,1,0
2537,2144,17,2,1
2538,2144,17,1,1
2538,2144,17,2,6
2539,2144,17,1,2
2539,2144,17,2,5
2540,2144,17,1,2
2540,2144,17,2,3
2541,2144,17,1,6
2541,2144,17,2,7
2542,2144,17,1,2
2542,2144,17,2,5
2543,2144,17,1,0
2543,2144,17,2,6
2544,2144,17,1,1
2544,2144,17,2,5
2545,2144,17,1,4
2545,2144,17,2,7
2546,2144,17,1,0
2546,2144,17,2,7
2547,2144,17,1,1
2547,2144,17,2,2
2548,2144,17,1,2
2548,2144,17,2,4
2549,2144,17,1,1
2549,2144,17,2,7
2550,2144,17,1,2
2550,2144,17,2,4
2551,2144,17,1,0
2551,2144,17,2,3
2552,2144,17,1,1
2552,2144,17,2,7
2553,2144,17,1,1
2553,2144,17,2,2
2554,2144,17,1,1
2554,2144,17,2,6
2555,2144,17,1,1
2555,2144,17,2,6
2556,2144,17,1,3
2556,2144,17,2,6
2557,2144,17,1,4
2557,2144,17,2,7
2558,2144,17,1,2
2558,2144,17,2,6
2559,2144,17,1,0
2559,2144,17,2,4
2528,2144,18,1,3
2528,2144,18,2,7
2529,2144,18,1,4
2529,2144,18,2,6
2530,2144,18,1,3
2530,2144,18,2,7
2531,2144,18,1,1
2531,2144,18,2,2
2532,2144,18,1,3
2532,2144,18,2,7
2533,2144,18,1,4
2533,2144,18,2,7
2534,2144,18,1,4
2534,2144,18,2,5
2535,2144,18,1,2
2535,2144,18,2,7
2536,2144,18,1,3
2536,2144,18,2,6
2537,2144,18,1,2
2537,2144,18,2,6
2538,2144,18,1,3
2538,2144,18,2,7
2539,2144,18,1,5
2539,2144,18,2,6
2540,2144,18,1,5
2540,2144,18,2,6
2541,2144,18,1,0
2541,2144,18,2,6
2542,2144,18,1,1
2542,2144,18,2,5
2543,2144,18,1,0
2543,2144,18,2,2
2544,2144,18,1,5
2544,2144,18,2,7
2545,2144,18,1,1
2545,2144,18,2,6
2546,2144,18,1,2
2546,2144,18,2,5
2547,2144,18,1,3
2547,2144,18,2,4
2548,2144,18,1,2
2548,2144,18,2,7
2549,2144,18,1,4
2549,2144,18,2,7
2550,2144,18,1,5
2550,2144,18,2,6
2551,2144,18,1,1
2551,2144,18,2,6
2552,2144,18,1,1
2552,2144,18,2,2
2553,2144,18,1,1
2553,2144,18,2,2
2554,2144,18,1,4
2554,2144,18,2,7
2555,2144,18,1,0
2555,2144,18,2,6
2556,2144,18,1,5
2556,2144,18,2,6
2557,2144,18,1,4
2557,2144,18,2,5
2558,2144,18,1,0
2558,2144,18,2,1
2559,2144,18,1,5
2559,2144,18,2,7
2528,2144,19,1,2
2528,2144,19,2,3
2529,2144,19,1,0
2529,2144,19,2,4
2530,2144,19,1,2
2530,2144,19,2,6
2531,2144,19,1,2
2531,2144,19,2,7
2532,2144,19,1,0
2532,2144,19,2,3
2533,2144,19,1,0
2533,2144,19,2,1
2534,2144,19,1,0
2534,2144,19,2,6
2535,2144,19,1,5
2535,2144,19,2,6
2536,2144,19,1,2
2536,2144,19,2,6
2537,2144,19,1,1
2537,2144,19,2,5
2538,2144,19,1,1
2538,2144,19,2,6
2539,2144,19,1,2
2539,2144,19,2,7
2540,2144,19,1,3
2540,2144,19,2,5
2541,2144,19,1,2
2541,2144,19,2,6
2542,2144,19,1,3
2542,2144,19,2,5
2543,2144,19,1,3
2543,2144,19,2,5
2544,2144,19,1,3
2544,2144,19,2,5
2545,2144,19,1,0
2545,2144,19,2,2
2546,2144,19,1,4
2546,2144,19,2,5
2547,2144,19,1,4
2547,2144,19,2,6
2548,2144,19,1,3
2548,2144,19,2,7
2549,2144,19,1,1
2549,2144,19,2,6
2550,2144,19,1,2
2550,2144,19,2,5
2551,2144,19,1,0
2551,2144,19,2,5
2552,2144,19,1,2
2552,2144,19,2,6
2553,2144,19,1,3
2553,2144,19,2,7
2554,2144,19,1,1
2554,2144,19,2,6
2555,2144,19,1,1
2555,2144,19,2,2
2556,2144,19,1,2
2556,2144,19,2,6
2557,2144,19,1,2
2557,2144,19,2,5
2558,2144,19,1,0
2558,2144,19,2,7
2559,2144,19,1,3
2559,2144,19,2,7
2528,2144,20,1,2
2528,2144,20,2,6
2529,2144,20,1,0
2529,2144,20,2,3
2530,2144,20,1,0
2530,2144,20,2,7
2531,2144,20,1,6
2531,2144,20,2,7
2532,2144,20,1,1
2532,2144,20,2,7
2533,2144,20,1,0
2533,2144,20,2,4
2534,2144,20,1,0
2534,2144,20,2,7
2535,2144,20,1,4
2535,2144,20,2,5
2536,2144,20,1,3
2536,2144,20,2,4
2537,2144,20,1,1
2537,2144,20,2,5
2538,2144,20,1,5
2538,2144,20,2,7
2539,2144,20,1,5
2539,2144,20,2,7
2540,2144,20,1,1
2540,2144,20,2,3
2541,2144,20,1,0
2541,2144,20,2,5
2542,2144,20,1,1
2542,2144,20,2,4
2543,2144,20,1,2
2543,2144,20,2,5
2544,2144,20,1,1
2544,2144,20,2,7
2545,2144,20,1,0
2545,2144,20,2,7
2546,2144,20,1,2
2546,2144,20,2,7
2547,2144,20,1,1
2547,2144,20,2,6
2548,2144,20,1,0
2548,2144,20,2,3
2549,2144,20,1,3
2549,2144,20,2,4
2550,2144,20,1,1
2550,2144,20,2,2
2551,2144,20,1,5
2551,2144,20,2,7
2552,2144,20,1,1
2552,2144,20,2,3
2553,2144,20,1,3
2553,2144,20,2,7
2554,2144,20,1,0
2554,2144,20,2,6
2555,2144,20,1,5
2555,2144,20,2,6
2556,2144,20,1,4
2556,2144,20,2,5
2557,2144,20,1,0
2557,2144,20,2,5
2558,2144,20,1,5
2558,2144,20,2,6
2559,2144,20,1,1
2559,2144,20,2,4
2528,2144,21,1,2
2528,2144,21,2,6
2529,2144,21,1,1
2529,2144,21,2,7
2530,2144,21,1,0
2530,2144,21,2,1
2531,2144,21,1,0
2531,2144,21,2,5
2532,2144,21,1,2
2532,2144,21,2,5
2533,2144,21,1,0
2533,2144,21,2,2
2534,2144,21,1,1
2534,2144,21,2,2
2535,2144,21,1,4
2535,2144,21,2,5
2536,2144,21,1,3
2536,2144,21,2,4
2537,2144,21,1,4
2537,2144,21,2,5
2538,2144,21,1,0
2538,2144,21,2,2
2539,2144,21,1,4
2539,2144,21,2,7
2540,2144,21,1,2
2540,2144,21,2,7
2541,2144,21,1,1
2541,2144,21,2,6
2542,2144,21,1,0
2542,2144,21,2,4
2543,2144,21,1,2
2543,2144,21,2,6
2544,2144,21,1,5
2544,2144,21,2,6
2545,2144,21,1,0
2545,2144,21,2,5
2546,2144,21,1,0
2546,2144,21,2,4
2547,2144,21,1,0
2547,2144,21,2,7
2548,2144,21,1,2
2548,2144,21,2,3
2549,2144,21,1,4
2549,2144,21,2,7
2550,2144,21,1,4
2550,2144,21,2,5
2551,2144,21,1,0
2551,2144,21,2,7
2552,2144,21,1,6
2552,2144,21,2,7
2553,2144,21,1,2
2553,2144,21,2,7
2554,2144,21,1,4
2554,2144,21,2,7
2555,2144,21,1,5
2555,2144,21,2,7
2556,2144,21,1,4
2556,2144,21,2,7
2557,2144,21,1,4
2557,2144,21,2,6
2558,2144,21,1,0
2558,2144,21,2,7
2559,2144,21,1,4
2559,2144,21,2,7
2528,2144,22,1,3
2528,2144,22,2,4
2529,2144,22,1,4
2529,2144,22,2,6
2530,2144,22,1,2
2530,2144,22,2,5
2531,2144,22,1,1
2531,2144,22,2,7
2532,2144,22,1,2
2532,2144,22,2,5
2533,2144,22,1,2
2533,2144,22,2,3
2534,2144,22,1,1
2534,2144,22,2,6
2535,2144,22,1,0
2535,2144,22,2,7
2536,2144,22,1,5
2536,2144,22,2,6
2537,2144,22,1,2
2537,2144,22,2,4
2538,2144,22,1,0
2538,2144,22,2,5
2539,2144,22,1,2
2539,2144,22,2,7
2540,2144,22,1,6
2540,2144,22,2,7
2541,2144,22,1,0
2541,2144,22,2,7
2542,2144,22,1,1
2542,2144,22,2,6
2543,2144,22,1,1
2543,2144,22,2,3
2544,2144,22,1,0
2544,2144,22,2,3
2545,2144,22,1,1
2545,2144,22,2,6
2546,2144,22,1,2
2546,2144,22,2,3
2547,2144,22,1,3
2547,2144,22,2,7
2548,2144,22,1,1
2548,2144,22,2,6
2549,2144,22,1,0
2549,2144,22,2,4
2550,2144,22,1,4
2550,2144,22,2,7
2551,2144,22,1,1
2551,2144,22,2,2
2552,2144,22,1,1
2552,2144,22,2,6
2553,2144,22,1,4
2553,2144,22,2,5
2554,2144,22,1,2
2554,2144,22,2,3
2555,2144,22,1,1
2555,2144,22,2,6
2556,2144,22,1,0
2556,2144,22,2,1
2557,2144,22,1,0
2557,2144,22,2,3
2558,2144,22,1,5
2558,2144,22,2,6
2559,2144,22,1,2
2559,2144,22,2,3
2528,2144,23,1,2
2528,2144,23,2,3
2529,2144,23,1,0
2529,2144,23,2,1
2530,2144,23,1,2
2530,2144,23,2,5
2531,2144,23,1,0
2531,2144,23,2,3
2532,2144,23,1,5
2532,2144,23,2,6
2533,2144,23,1,2
2533,2144,23,2,6
2534,2144,23,1,3
2534,2144,23,2,7
2535,2144,23,1,0
2535,2144,23,2,1
2536,2144,23,1,0
2536,2144,23,2,2
2537,2144,23,1,2
2537,2144,23,2,3
2538,2144,23,1,4
2538,2144,23,2,7
2539,2144,23,1,1
2539,2144,23,2,3
2540,2144,23,1,0
2540,2144,23,2,6
2541,2144,23,1,1
2541,2144,23,2,6
2542,2144,23,1,4
2542,2144,23,2,6
2543,2144,23,1,0
2543,2144,23,2,7
2544,2144,23,1,2
2544,2144,23,2,5
2545,2144,23,1,1
2545,2144,23,2,7
2546,2144,23,1,1
2546,2144,23,2,5
2547,2144,23,1,1
2547,2144,23,2,6
2548,2144,23,1,1
2548,2144,23,2,2
2549,2144,23,1,0
2549,2144,23,2,7
2550,2144,23,1,5
2550,2144,23,2,7
2551,2144,23,1,2
2551,2144,23,2,7
2552,2144,23,1,1
2552,2144,23,2,4
2553,2144,23,1,2
2553,2144,23,2,6
2554,2144,23,1,0
2554,2144,23,2,7
2555,2144,23,1,4
2555,2144,23,2,5
2556,2144,23,1,2
2556,2144,23,2,5
2557,2144,23,1,4
2557,2144,23,2,7
2558,2144,23,1,2
2558,2144,23,2,3
2559,2144,23,1,0
2559,2144,23,2,2
2528,2144,24,1,1
2528,2144,24,2,2
2529,2144,24,1,2
2529,2144,24,2,6
2530,2144,24,1,1
2530,2144,24,2,4
2531,2144,24,1,3
2531,2144,24,2,7
2532,2144,24,1,0
2532,2144,24,2,5
2533,2144,24,1,2
2533,2144,24,2,6
2534,2144,24,1,1
2534,2144,24,2,4
2535,2144,24,1,0
2535,2144,24,2,3
2536,2144,24,1,2
2536,2144,24,2,6
2537,2144,24,1,0
2537,2144,24,2,3
2538,2144,24,1,1
2538,2144,24,2,6
2539,2144,24,1,5
2539,2144,24,2,6
2540,2144,24,1,0
2540,2144,24,2,7
2541,2144,24,1,0
2541,2144,24,2,1
2542,2144,24,1,1
2542,2144,24,2,3
2543,2144,24,1,5
2543,2144,24,2,7
2544,2144,24,1,0
2544,2144,24,2,6
2545,2144,24,1,4
2545,2144,24,2,6
2546,2144,24,1,0
2546,2144,24,2,3
2547,2144,24,1,4
2547,2144,24,2,5
2548,2144,24,1,2
2548,2144,24,2,3
2549,2144,24,1,3
2549,2144,24,2,6
2550,2144,24,1,3
2550,2144,24,2,6
2551,2144,24,1,3
2551,2144,24,2,7
2552,2144,24,1,1
2552,2144,24,2,4
2553,2144,24,1,3
2553,2144,24,2,7
2554,2144,24,1,3
2554,2144,24,2,5
2555,2144,24,1,4
2555,2144,24,2,6
2556,2144,24,1,2
2556,2144,24,2,4
2557,2144,24,1,3
2557,2144,24,2,6
2558,2144,24,1,0
2558,2144,24,2,1
2559,2144,24,1,1
2559,2144,24,2,5
2528,2144,25,1,1
2528,2144,25,2,7
2529,2144,25,1,1
2529,2144,25,2,3
2530,2144,25,1,4
2530,2144,25,2,6
2531,2144,25,1,1
2531,2144,25,2,2
2532,2144,25,1,3
2532,2144,25,2,5
2533,2144,25,1,1
2533,2144,25,2,2
2534,2144,25,1,0
2534,2144,25,2,3
2535,2144,25,1,4
2535,2144,25,2,7
2536,2144,25,1,1
2536,2144,25,2,5
2537,2144,25,1,0
2537,2144,25,2,4
2538,2144,25,1,3
2538,2144,25,2,5
2539,2144,25,1,0
2539,2144,25,2,6
2540,2144,25,1,2
2540,2144,25,2,7
2541,2144,25,1,0
2541,2144,25,2,6
2542,2144,25,1,2
2542,2144,25,2,5
2543,2144,25,1,3
2543,2144,25,2,5
2544,2144,25,1,2
2544,2144,25,2,5
2545,2144,25,1,0
2545,2144,25,2,3
2546,2144,25,1,1
2546,2144,25,2,3
2547,2144,25,1,1
2547,2144,25,2,5
2548,2144,25,1,4
2548,2144,25,2,6
2549,2144,25,1,0
2549,2144,25,2,6
2550,2144,25,1,3
2550,2144,25,2,4
2551,2144,25,1,5
2551,2144,25,2,7
2552,2144,25,1,2
2552,2144,25,2,3
2553,2144,25,1,1
2553,2144,25,2,6
2554,2144,25,1,0
2554,2144,25,2,7
2555,2144,25,1,2
2555,2144,25,2,7
2556,2144,25,1,4
2556,2144,25,2,6
2557,2144,25,1,0
2557,2144,25,2,1
2558,2144,25,1,1
2558,2144,25,2,4
2559,2144,25,1,3
2559,2144,25,2,6
2528,2144,26,1,5
2528,2144,26,2,7
2529,2144,26,1,1
2529,2144,26,2,6
2530,2144,26,1,5
2530,2144,26,2,6
2531,2144,26,1,2
2531,2144,26,2,6
2532,2144,26,1,4
2532,2144,26,2,7
2533,2144,26,1,2
2533,2144,26,2,4
2534,2144,26,1,0
2534,2144,26,2,3
2535,2144,26,1,2
2535,2144,26,2,7
2536,2144,26,1,2
2536,2144,26,2,6
2537,2144,26,1,3
2537,2144,26,2,5
2538,2144,26,1,1
2538,2144,26,2,6
2539,2144,26,1,1
2539,2144,26,2,3
2540,2144,26,1,5
2540,2144,26,2,7
2541,2144,26,1,1
2541,2144,26,2,3
2542,2144,26,1,1
2542,2144,26,2,2
2543,2144,26,1,2
2543,2144,26,2,3
2544,2144,26,1,1
2544,2144,26,2,5
2545,2144,26,1,2
2545,2144,26,2,5
2546,2144,26,1,4
2546,2144,26,2,6
2547,2144,26,1,2
2547,2144,26,2,4
2548,2144,26,1,3
2548,2144,26,2,7
2549,2144,26,1,4
2549,2144,26,2,6
2550,2144,26,1,4
2550,2144,26,2,7
2551,2144,26,1,2
2551,2144,26,2,4
2552,2144,26,1,3
2552,2144,26,2,5
2553,2144,26,1,0
2553,2144,26,2,1
2554,2144,26,1,0
2554,2144,26,2,4
2555,2144,26,1,0
2555,2144,26,2,3
2556,2144,26,1,0
2556,2144,26,2,6
2557,2144,26,1,0
2557,2144,26,2,5
2558,2144,26,1,0
2558,2144,26,2,2
2559,2144,26,1,2
2559,2144,26,2,4
2528,2144,27,1,4
2528,2144,27,2,5
2529,2144,27,1,1
2529,2144,27,2,6
2530,2144,27,1,6
2530,2144,27,2,7
2531,2144,27,1,2
2531,2144,27,2,3
2532,2144,27,1,0
2532,2144,27,2,2
2533,2144,27,1,3
2533,2144,27,2,4
2534,2144,27,1,4
2534,2144,27,2,5
2535,2144,27,1,3
2535,2144,27,2,7
2536,2144,27,1,1
2536,2144,27,2,3
2537,2144,27,1,0
2537,2144,27,2,4
2538,2144,27,1,0
2538,2144,27,2,1
2539,2144,27,1,2
2539,2144,27,2,3
2540,2144,27,1,0
2540,2144,27,2,1
2541,2144,27,1,3
2541,2144,27,2,6
2542,2144,27,1,1
2542,2144,27,2,2
2543,2144,27,1,1
2543,2144,27,2,4
2544,2144,27,1,0
2544,2144,27,2,3
2545,2144,27,1,2
2545,2144,27,2,5
2546,2144,27,1,3
2546,2144,27,2,5
2547,2144,27,1,2
2547,2144,27,2,6
2548,2144,27,1,2
2548,2144,27,2,6
2549,2144,27,1,0
2549,2144,27,2,2
2550,2144,27,1,1
2550,2144,27,2,7
2551,2144,27,1,5
2551,2144,27,2,6
2552,2144,27,1,2
2552,2144,27,2,6
2553,2144,27,1,2
2553,2144,27,2,7
2554,2144,27,1,3
2554,2144,27,2,4
2555,2144,27,1,6
2555,2144,27,2,7
2556,2144,27,1,2
2556,2144,27,2,7
2557,2144,27,1,4
2557,2144,27,2,7
2558,2144,27,1,0
2558,2144,27,2,1
2559,2144,27,1,1
2559,2144,27,2,3
2528,2144,28,1,0
2528,2144,28,2,2
2529,2144,28,1,0
2529,2144,28,2,3
2530,2144,28,1,1
2530,2144,28,2,7
2531,2144,28,1,0
2531,2144,28,2,3
2532,2144,28,1,2
2532,2144,28,2,4
2533,2144,28,1,3
2533,2144,28,2,6
2534,2144,28,1,1
2534,2144,28,2,6
2535,2144,28,1,0
2535,2144,28,2,6
2536,2144,28,1,0
2536,2144,28,2,5
2537,2144,28,1,5
2537,2144,28,2,7
2538,2144,28,1,3
2538,2144,28,2,7
2539,2144,28,1,6
2539,2144,28,2,7
2540,2144,28,1,3
2540,2144,28,2,7
2541,2144,28,1,1
2541,2144,28,2,7
2542,2144,28,1,0
2542,2144,28,2,6
2543,2144,28,1,0
2543,2144,28,2,6
2544,2144,28,1,2
2544,2144,28,2,6
2545,2144,28,1,0
2545,2144,28,2,5
2546,2144,28,1,1
2546,2144,28,2,6
2547,2144,28,1,3
2547,2144,28,2,7
2548,2144,28,1,4
2548,2144,28,2,7
2549,2144,28,1,0
2549,2144,28,2,3
2550,2144,28,1,4
2550,2144,28,2,6
2551,2144,28,1,0
2551,2144,28,2,2
2552,2144,28,1,1
2552,2144,28,2,5
2553,2144,28,1,4
2553,2144,28,2,5
2554,2144,28,1,1
2554,2144,28,2,5
2555,2144,28,1,5
2555,2144,28,2,6
2556,2144,28,1,4
2556,2144,28,2,7
2557,2144,28,1,2
2557,2144,28,2,3
2558,2144,28,1,0
2558,2144,28,2,7
2559,2144,28,1,6
2559,2144,28,2,7
2528,2144,29,1,0
2528,2144,29,2,1
2529,2144,29,1,0
2529,2144,29,2,6
2530,2144,29,1,5
2530,2144,29,2,7
2531,2144,29,1,0
2531,2144,29,2,6
2532,2144,29,1,3
2532,2144,29,2,6
2533,2144,29,1,1
2533,2144,29,2,4
2534,2144,29,1,3
2534,2144,29,2,7
2535,2144,29,1,1
2535,2144,29,2,6
2536,2144,29,1,3
2536,2144,29,2,4
2537,2144,29,1,5
2537,2144,29,2,7
2538,2144,29,1,3
2538,2144,29,2,7
2539,2144,29,1,0
2539,2144,29,2,6
2540,2144,29,1,5
2540,2144,29,2,6
2541,2144,29,1,0
2541,2144,29,2,7
2542,2144,29,1,3
2542,2144,29,2,4
2543,2144,29,1,3
2543,2144,29,2,5
2544,2144,29,1,1
2544,2144,29,2,4
2545,2144,29,1,4
2545,2144,29,2,6
2546,2144,29,1,2
2546,2144,29,2,6
2547,2144,29,1,0
2547,2144,29,2,7
2548,2144,29,1,4
2548,2144,29,2,6
2549,2144,29,1,5
2549,2144,29,2,6
2550,2144,29,1,0
2550,2144,29,2,6
2551,2144,29,1,6
2551,2144,29,2,7
2552,2144,29,1,4
2552,2144,29,2,6
2553,2144,29,1,3
2553,2144,29,2,6
2554,2144,29,1,2
2554,2144,29,2,5
2555,2144,29,1,5
2555,2144,29,2,7
2556,2144,29,1,0
2556,2144,29,2,2
2557,2144,29,1,2
2557,2144,29,2,7
2558,2144,29,1,3
2558,2144,29,2,6
2559,2144,29,1,1
2559,2144,29,2,3
2528,2144,30,1,2
2528,2144,30,2,4
2529,2144,30,1,2
2529,2144,30,2,5
2530,2144,30,1,1
2530,2144,30,2,5
2531,2144,30,1,1
2531,2144,30,2,3
2532,2144,30,1,2
2532,2144,30,2,3
2533,2144,30,1,2
2533,2144,30,2,5
2534,2144,30,1,2
2534,2144,30,2,3
2535,2144,30,1,0
2535,2144,30,2,5
2536,2144,30,1,6
2536,2144,30,2,7
2537,2144,30,1,5
2537,2144,30,2,6
2538,2144,30,1,5
2538,2144,30,2,6
2539,2144,30,1,1
2539,2144,30,2,6
2540,2144,30,1,1
2540,2144,30,2,3
2541,2144,30,1,0
2541,2144,30,2,1
2542,2144,30,1,5
2542,2144,30,2,6
2543,2144,30,1,3
2543,2144,30,2,4
2544,2144,30,1,1
2544,2144,30,2,3
2545,2144,30,1,3
2545,2144,30,2,4
2546,2144,30,1,6
2546,2144,30,2,7
2547,2144,30,1,3
2547,2144,30,2,5
2548,2144,30,1,1
2548,2144,30,2,7
2549,2144,30,1,0
2549,2144,30,2,3
2550,2144,30,1,1
2550,2144,30,2,2
2551,2144,30,1,4
2551,2144,30,2,5
2552,2144,30,1,3
2552,2144,30,2,4
2553,2144,30,1,2
2553,2144,30,2,6
2554,2144,30,1,0
2554,2144,30,2,2
2555,2144,30,1,0
2555,2144,30,2,7
2556,2144,30,1,0
2556,2144,30,2,5
2557,2144,30,1,3
2557,2144,30,2,5
2558,2144,30,1,6
2558,2144,30,2,7
2559,2144,30,1,0
2559,2144,30,2,2
2528,2144,31,1,1
2528,2144,31,2,2
2529,2144,31,1,6
2529,2144,31,2,7
2530,2144,31,1,2
2530,2144,31,2,5
2531,2144,31,1,0
2531,2144,31,2,7
2532,2144,31,1,3
2532,2144,31,2,4
2533,2144,31,1,3
2533,2144,31,2,6
2534,2144,31,1,1
2534,2144,31,2,6
2535,2144,31,1,2
2535,2144,31,2,7
2536,2144,31,1,3
2536,2144,31,2,7
2537,2144,31,1,4
2537,2144,31,2,6
2538,2144,31,1,4
2538,2144,31,2,6
2539,2144,31,1,1
2539,2144,31,2,2
2540,2144,31,1,2
2540,2144,31,2,5
2541,2144,31,1,3
2541,2144,31,2,4
2542,2144,31,1,2
2542,2144,31,2,6
2543,2144,31,1,2
2543,2144,31,2,4
2544,2144,31,1,0
2544,2144,31,2,3
2545,2144,31,1,2
2545,2144,31,2,6
2546,2144,31,1,3
2546,2144,31,2,5
2547,2144,31,1,0
2547,2144,31,2,6
2548,2144,31,1,0
2548,2144,31,2,2
2549,2144,31,1,0
2549,2144,31,2,6
2550,2144,31,1,3
2550,2144,31,2,5
2551,2144,31,1,1
2551,2144,31,2,3
2552,2144,31,1,1
2552,2144,31,2,3
2553,2144,31,1,3
2553,2144,31,2,4
2554,2144,31,1,3
2554,2144,31,2,5
2555,2144,31,1,0
2555,2144,31,2,5
2556,2144,31,1,0
2556,2144,31,2,7
2557,2144,31,1,3
2557,2144,31,2,6
2558,2144,31,1,0
2558,2144,31,2,7
2559,2144,31,1,0
2559,2144,31,2,2
2528,2145,0,1,1
2528,2145,0,2,7
2529,2145,0,1,2
2529,2145,0,2,3
2530,2145,0,1,2
2530,2145,0,2,6
2531,2145,0,1,4
2531,2145,0,2,7
2532,2145,0,1,0
2532,2145,0,2,3
2533,2145,0,1,0
2533,2145,0,2,1
2534,2145,0,1,2
2534,2145,0,2,4
2535,2145,0,1,3
2535,2145,0,2,5
2536,2145,0,1,0
2536,2145,0,2,4
2537,2145,0,1,4
2537,2145,0,2,7
2538,2145,0,1,1
2538,2145,0,2,2
2539,2145,0,1,0
2539,2145,0,2,5
2540,2145,0,1,0
2540,2145,0,2,2
2541,2145,0,1,0
2541,2145,0,2,5
2542,2145,0,1,6
2542,2145,0,2,7
2543,2145,0,1,3
2543,2145,0,2,5
2544,2145,0,1,2
2544,2145,0,2,3
2545,2145,0,1,4
2545,2145,0,2,5
2546,2145,0,1,2
2546,2145,0,2,6
2547,2145,0,1,4
2547,2145,0,2,6
2548,2145,0,1,2
2548,2145,0,2,6
2549,2145,0,1,0
2549,2145,0,2,5
2550,2145,0,1,0
2550,2145,0,2,6
2551,2145,0,1,1
2551,2145,0,2,3
2552,2145,0,1,4
2552,2145,0,2,6
2553,2145,0,1,0
2553,2145,0,2,3
2554,2145,0,1,6
2554,2145,0,2,7
2555,2145,0,1,0
2555,2145,0,2,6
2556,2145,0,1,0
2556,2145,0,2,3
2557,2145,0,1,0
2557,2145,0,2,3
2558,2145,0,1,2
2558,2145,0,2,7
2559,2145,0,1,1
2559,2145,0,2,5
2528,2145,1,1,0
2528,2145,1,2,5
2529,2145,1,1,6
2529,2145,1,2,7
2530,2145,1,1,0
2530,2145,1,2,7
2531,2145,1,1,0
2531,2145,1,2,7
2532,2145,1,1,2
2532,2145,1,2,3
2533,2145,1,1,0
2533,2145,1,2,2
2534,2145,1,1,0
2534,2145,1,2,6
2535,2145,1,1,4
2535,2145,1,2,7
2536,2145,1,1,0
2536,2145,1,2,7
2537,2145,1,1,2
2537,2145,1,2,4
2538,2145,1,1,0
2538,2145,1,2,7
2539,2145,1,1,6
2539,2145,1,2,7
2540,2145,1,1,0
2540,2145,1,2,2
2541,2145,1,1,0
2541,2145,1,2,1
2542,2145,1,1,2
2542,2145,1,2,4
2543,2145,1,1,0
2543,2145,1,2,2
2544,2145,1,1,3
2544,2145,1,2,6
2545,2145,1,1,2
2545,2145,1,2,7
2546,2145,1,1,3
2546,2145,1,2,5
2547,2145,1,1,0
2547,2145,1,2,2
2548,2145,1,1,0
2548,2145,1,2,1
2549,2145,1,1,4
2549,2145,1,2,7
2550,2145,1,1,0
2550,2145,1,2,5
2551,2145,1,1,0
2551,2145,1,2,5
2552,2145,1,1,2
2552,2145,1,2,6
2553,2145,1,1,2
2553,2145,1,2,7
2554,2145,1,1,4
2554,2145,1,2,7
2555,2145,1,1,1
2555,2145,1,2,6
2556,2145,1,1,3
2556,2145,1,2,5
2557,2145,1,1,2
2557,2145,1,2,6
2558,2145,1,1,5
2558,2145,1,2,7
2559,2145,1,1,0
2559,2145,1,2,6
2528,2145,2,1,3
2528,2145,2,2,4
2529,2145,2,1,3
2529,2145,2,2,5
2530,2145,2,1,1
2530,2145,2,2,7
2531,2145,2,1,0
2531,2145,2,2,1
2532,2145,2,1,3
2532,2145,2,2,6
2533,2145,2,1,3
2533,2145,2,2,4
2534,2145,2,1,3
2534,2145,2,2,4
2535,2145,2,1,6
2535,2145,2,2,7
2536,2145,2,1,5
2536,2145,2,2,7
2537,2145,2,1,1
2537,2145,2,2,2
2538,2145,2,1,2
2538,2145,2,2,5
2539,2145,2,1,0
2539,2145,2,2,7
2540,2145,2,1,3
2540,2145,2,2,5
2541,2145,2,1,3
2541,2145,2,2,7
2542,2145,2,1,2
2542,2145,2,2,6
2543,2145,2,1,0
2543,2145,2,2,5
2544,2145,2,1,4
2544,2145,2,2,5
2545,2145,2,1,6
2545,2145,2,2,7
2546,2145,2,1,1
2546,2145,2,2,4
2547,2145,2,1,2
2547,2145,2,2,6
2548,2145,2,1,1
2548,2145,2,2,5
2549,2145,2,1,0
2549,2145,2,2,5
2550,2145,2,1,2
2550,2145,2,2,4
2551,2145,2,1,0
2551,2145,2,2,5
2552,2145,2,1,1
2552,2145,2,2,3
2553,2145,2,1,4
2553,2145,2,2,5
2554,2145,2,1,5
2554,2145,2,2,6
2555,2145,2,1,5
2555,2145,2,2,6
2556,2145,2,1,2
2556,2145,2,2,4
2557,2145,2,1,2
2557,2145,2,2,5
2558,2145,2,1,0
2558,2145,2,2,7
2559,2145,2,1,0
2559,2145,2,2,3
2528,2145,3,1,1
2528,2145,3,2,7
2529,2145,3,1,5
2529,2145,3,2,7
2530,2145,3,1,5
2530,2145,3,2,7
2531,2145,3,1,5
2531,2145,3,2,7
2532,2145,3,1,0
2532,2145,3,2,1
2533,2145,3,1,1
2533,2145,3,2,4
2534,2145,3,1,3
2534,2145,3,2,6
2535,2145,3,1,0
2535,2145,3,2,5
2536,2145,3,1,2
2536,2145,3,2,7
2537,2145,3,1,4
2537,2145,3,2,7
2538,2145,3,1,0
2538,2145,3,2,3
2539,2145,3,1,0
2539,2145,3,2,3
2540,2145,3,1,0
2540,2145,3,2,3
2541,2145,3,1,4
2541,2145,3,2,5
2542,2145,3,1,1
2542,2145,3,2,5
2543,2145,3,1,2
2543,2145,3,2,3
2544,2145,3,1,3
2544,2145,3,2,6
2545,2145,3,1,3
2545,2145,3,2,5
2546,2145,3,1,3
2546,2145,3,2,7
2547,2145,3,1,1
2547,2145,3,2,7
2548,2145,3,1,1
2548,2145,3,2,4
2549,2145,3,1,2
2549,2145,3,2,4
2550,2145,3,1,6
2550,2145,3,2,7
2551,2145,3,1,0
2551,2145,3,2,6
2552,2145,3,1,2
2552,2145,3,2,5
2553,2145,3,1,0
2553,2145,3,2,3
2554,2145,3,1,2
2554,2145,3,2,4
2555,2145,3,1,0
2555,2145,3,2,3
2556,2145,3,1,0
2556,2145,3,2,4
2557,2145,3,1,2
2557,2145,3,2,5
2558,2145,3,1,2
2558,2145,3,2,4
2559,2145,3,1,2
2559,2145,3,2,4
2528,2145,4,1,1
2528,2145,4,2,3
2529,2145,4,1,3
2529,2145,4,2,6
2530,2145,4,1,5
2530,2145,4,2,7
2531,2145,4,1,2
2531,2145,4,2,5
2532,2145,4,1,4
2532,2145,4,2,6
2533,2145,4,1,3
2533,2145,4,2,6
2534,2145,4,1,0
2534,2145,4,2,2
2535,2145,4,1,2
2535,2145,4,2,7
2536,2145,4,1,5
2536,2145,4,2,6
2537,2145,4,1,0
2537,2145,4,2,1
2538,2145,4,1,4
2538,2145,4,2,7
2539,2145,4,1,3
2539,2145,4,2,4
2540,2145,4,1,1
2540,2145,4,2,2
2541,2145,4,1,1
2541,2145,4,2,5
2542,2145,4,1,1
2542,2145,4,2,2
2543,2145,4,1,3
2543,2145,4,2,7
2544,2145,4,1,0
2544,2145,4,2,3
2545,2145,4,1,5
2545,2145,4,2,7
2546,2145,4,1,5
2546,2145,4,2,7
2547,2145,4,1,0
2547,2145,4,2,7
2548,2145,4,1,2
2548,2145,4,2,4
2549,2145,4,1,3
2549,2145,4,2,7
2550,2145,4,1,1
2550,2145,4,2,2
2551,2145,4,1,2
2551,2145,4,2,7
2552,2145,4,1,0
2552,2145,4,2,7
2553,2145,4,1,0
2553,2145,4,2,5
2554,2145,4,1,1
2554,2145,4,2,6
2555,2145,4,1,0
2555,2145,4,2,1
2556,2145,4,1,2
2556,2145,4,2,4
2557,2145,4,1,0
2557,2145,4,2,3
2558,2145,4,1,2
2558,2145,4,2,7
2559,2145,4,1,5
2559,2145,4,2,6
2528,2145,5,1,1
2528,2145,5,2,7
2529,2145,5,1,0
2529,2145,5,2,4
2530,2145,5,1,2
2530,2145,5,2,5
2531,2145,5,1,0
2531,2145,5,2,6
2532,2145,5,1,1
2532,2145,5,2,4
2533,2145,5,1,3
2533,2145,5,2,4
2534,2145,5,1,1
2534,2145,5,2,6
2535,2145,5,1,0
2535,2145,5,2,4
2536,2145,5,1,2
2536,2145,5,2,6
2537,2145,5,1,0
2537,2145,5,2,6
2538,2145,5,1,0
2538,2145,5,2,5
2539,2145,5,1,0
2539,2145,5,2,3
2540,2145,5,1,5
2540,2145,5,2,7
2541,2145,5,1,0
2541,2145,5,2,1
2542,2145,5,1,0
2542,2145,5,2,2
2543,2145,5,1,2
2543,2145,5,2,6
2544,2145,5,1,0
2544,2145,5,2,2
2545,2145,5,1,3
2545,2145,5,2,6
2546,2145,5,1,1
2546,2145,5,2,2
2547,2145,5,1,2
2547,2145,5,2,6
2548,2145,5,1,1
2548,2145,5,2,4
2549,2145,5,1,3
2549,2145,5,2,7
2550,2145,5,1,1
2550,2145,5,2,2
2551,2145,5,1,1
2551,2145,5,2,7
2552,2145,5,1,1
2552,2145,5,2,5
2553,2145,5,1,0
2553,2145,5,2,6
2554,2145,5,1,0
2554,2145,5,2,4
2555,2145,5,1,1
2555,2145,5,2,3
2556,2145,5,1,3
2556,2145,5,2,4
2557,2145,5,1,2
2557,2145,5,2,5
2558,2145,5,1,5
2558,2145,5,2,7
2559,2145,5,1,4
2559,2145,5,2,7
2528,2145,6,1,5
2528,2145,6,2,7
2529,2145,6,1,0
2529,2145,6,2,5
2530,2145,6,1,0
2530,2145,6,2,4
2531,2145,6,1,5
2531,2145,6,2,7
2532,2145,6,1,0
2532,2145,6,2,1
2533,2145,6,1,1
2533,2145,6,2,2
2534,2145,6,1,1
2534,2145,6,2,3
2535,2145,6,1,0
2535,2145,6,2,6
2536,2145,6,1,2
2536,2145,6,2,3
2537,2145,6,1,0
2537,2145,6,2,6
2538,2145,6,1,2
2538,2145,6,2,3
2539,2145,6,1,1
2539,2145,6,2,7
2540,2145,6,1,4
2540,2145,6,2,5
2541,2145,6,1,4
2541,2145,6,2,6
2542,2145,6,1,5
2542,2145,6,2,6
2543,2145,6,1,4
2543,2145,6,2,5
2544,2145,6,1,4
2544,2145,6,2,5
2545,2145,6,1,1
2545,2145,6,2,6
2546,2145,6,1,2
2546,2145,6,2,6
2547,2145,6,1,0
2547,2145,6,2,2
2548,2145,6,1,1
2548,2145,6,2,4
2549,2145,6,1,3
2549,2145,6,2,4
2550,2145,6,1,2
2550,2145,6,2,7
2551,2145,6,1,0
2551,2145,6,2,4
2552,2145,6,1,1
2552,2145,6,2,3
2553,2145,6,1,2
2553,2145,6,2,6
2554,2145,6,1,0
2554,2145,6,2,7
2555,2145,6,1,2
2555,2145,6,2,3
2556,2145,6,1,6
2556,2145,6,2,7
2557,2145,6,1,1
2557,2145,6,2,5
2558,2145,6,1,1
2558,2145,6,2,4
2559,2145,6,1,1
2559,2145,6,2,7
2528,2145,7,1,1
2528,2145,7,2,6
2529,2145,7,1,1
2529,2145,7,2,6
2530,2145,7,1,1
2530,2145,7,2,3
2531,2145,7,1,5
2531,2145,7,2,7
2532,2145,7,1,3
2532,2145,7,2,7
2533,2145,7,1,2
2533,2145,7,2,5
2534,2145,7,1,4
2534,2145,7,2,7
2535,2145,7,1,3
2535,2145,7,2,7
2536,2145,7,1,0
2536,2145,7,2,7
2537,2145,7,1,2
2537,2145,7,2,3
2538,2145,7,1,0
2538,2145,7,2,6
2539,2145,7,1,6
2539,2145,7,2,7
2540,2145,7,1,0
2540,2145,7,2,3
2541,2145,7,1,2
2541,2145,7,2,3
2542,2145,7,1,5
2542,2145,7,2,7
2543,2145,7,1,2
2543,2145,7,2,7
2544,2145,7,1,0
2544,2145,7,2,7
2545,2145,7,1,0
2545,2145,7,2,5
2546,2145,7,1,5
2546,2145,7,2,7
2547,2145,7,1,2
2547,2145,7,2,4
2548,2145,7,1,0
2548,2145,7,2,2
2549,2145,7,1,0
2549,2145,7,2,2
2550,2145,7,1,4
2550,2145,7,2,6
2551,2145,7,1,1
2551,2145,7,2,6
2552,2145,7,1,3
2552,2145,7,2,7
2553,2145,7,1,0
2553,2145,7,2,6
2554,2145,7,1,1
2554,2145,7,2,2
2555,2145,7,1,0
2555,2145,7,2,5
2556,2145,7,1,1
2556,2145,7,2,6
2557,2145,7,1,0
2557,2145,7,2,4
2558,2145,7,1,3
2558,2145,7,2,7
2559,2145,7,1,1
2559,2145,7,2,3
2528,2145,8,1,5
2528,2145,8,2,7
2529,2145,8,1,2
2529,2145,8,2,3
2530,2145,8,1,2
2530,2145,8,2,7
2531,2145,8,1,1
2531,2145,8,2,6
2532,2145,8,1,4
2532,2145,8,2,6
2533,2145,8,1,4
2533,2145,8,2,6
2534,2145,8,1,1
2534,2145,8,2,3
2535,2145,8,1,1
2535,2145,8,2,4
2536,2145,8,1,0
2536,2145,8,2,5
2537,2145,8,1,2
2537,2145,8,2,3
2538,2145,8,1,0
2538,2145,8,2,1
2539,2145,8,1,0
2539,2145,8,2,5
2540,2145,8,1,1
2540,2145,8,2,5
2541,2145,8,1,2
2541,2145,8,2,4
2542,2145,8,1,2
2542,2145,8,2,3
2543,2145,8,1,2
2543,2145,8,2,6
2544,2145,8,1,0
2544,2145,8,2,2
2545,2145,8,1,3
2545,2145,8,2,4
2546,2145,8,1,2
2546,2145,8,2,4
2547,2145,8,1,3
2547,2145,8,2,4
2548,2145,8,1,3
2548,2145,8,2,6
2549,2145,8,1,0
2549,2145,8,2,2
2550,2145,8,1,5
2550,2145,8,2,6
2551,2145,8,1,0
2551,2145,8,2,7
2552,2145,8,1,3
2552,2145,8,2,4
2553,2145,8,1,2
2553,2145,8,2,7
2554,2145,8,1,1
2554,2145,8,2,6
2555,2145,8,1,1
2555,2145,8,2,7
2556,2145,8,1,2
2556,2145,8,2,6
2557,2145,8,1,6
2557,2145,8,2,7
2558,2145,8,1,0
2558,2145,8,2,3
2559,2145,8,1,3
2559,2145,8,2,6
2528,2145,9,1,3
2528,2145,9,2,7
2529,2145,9,1,1
2529,2145,9,2,6
2530,2145,9,1,1
2530,2145,9,2,6
2531,2145,9,1,3
2531,2145,9,2,5
2532,2145,9,1,4
2532,2145,9,2,7
2533,2145,9,1,2
2533,2145,9,2,5
2534,2145,9,1,0
2534,2145,9,2,6
2535,2145,9,1,2
2535,2145,9,2,5
2536,2145,9,1,1
2536,2145,9,2,7
2537,2145,9,1,0
2537,2145,9,2,3
2538,2145,9,1,3
2538,2145,9,2,6
2539,2145,9,1,2
2539,2145,9,2,6
2540,2145,9,1,1
2540,2145,9,2,6
2541,2145,9,1,3
2541,2145,9,2,5
2542,2145,9,1,1
2542,2145,9,2,2
2543,2145,9,1,0
2543,2145,9,2,2
2544,2145,9,1,1
2544,2145,9,2,5
2545,2145,9,1,1
2545,2145,9,2,4
2546,2145,9,1,2
2546,2145,9,2,5
2547,2145,9,1,0
2547,2145,9,2,1
2548,2145,9,1,1
2548,2145,9,2,4
2549,2145,9,1,1
2549,2145,9,2,2
2550,2145,9,1,5
2550,2145,9,2,6
2551,2145,9,1,3
2551,2145,9,2,6
2552,2145,9,1,0
2552,2145,9,2,5
2553,2145,9,1,2
2553,2145,9,2,4
2554,2145,9,1,0
2554,2145,9,2,7
2555,2145,9,1,1
2555,2145,9,2,6
2556,2145,9,1,1
2556,2145,9,2,6
2557,2145,9,1,2
2557,2145,9,2,7
2558,2145,9,1,0
2558,2145,9,2,7
2559,2145,9,1,3
2559,2145,9,2,4
2528,2145,10,1,1
2528,2145,10,2,6
2529,2145,10,1,1
2529,2145,10,2,6
2530,2145,10,1,0
2530,2145,10,2,3
2531,2145,10,1,5
2531,2145,10,2,7
2532,2145,10,1,0
2532,2145,10,2,6
2533,2145,10,1,5
2533,2145,10,2,6
2534,2145,10,1,2
2534,2145,10,2,6
2535,2145,10,1,1
2535,2145,10,2,7
2536,2145,10,1,3
2536,2145,10,2,6
2537,2145,10,1,0
2537,2145,10,2,5
2538,2145,10,1,0
2538,2145,10,2,7
2539,2145,10,1,3
2539,2145,10,2,6
2540,2145,10,1,2
2540,2145,10,2,6
2541,2145,10,1,1
2541,2145,10,2,6
2542,2145,10,1,3
2542,2145,10,2,4
2543,2145,10,1,3
2543,2145,10,2,5
2544,2145,10,1,5
2544,2145,10,2,6
2545,2145,10,1,3
2545,2145,10,2,6
2546,2145,10,1,1
2546,2145,10,2,5
2547,2145,10,1,1
2547,2145,10,2,3
2548,2145,10,1,0
2548,2145,10,2,2
2549,2145,10,1,3
2549,2145,10,2,7
2550,2145,10,1,2
2550,2145,10,2,4
2551,2145,10,1,1
2551,2145,10,2,5
2552,2145,10,1,2
2552,2145,10,2,3
2553,2145,10,1,2
2553,2145,10,2,6
2554,2145,10,1,1
2554,2145,10,2,2
2555,2145,10,1,1
2555,2145,10,2,6
2556,2145,10,1,0
2556,2145,10,2,2
2557,2145,10,1,3
2557,2145,10,2,6
2558,2145,10,1,3
2558,2145,10,2,4
2559,2145,10,1,1
2559,2145,10,2,7
2528,2145,11,1,5
2528,2145,11,2,7
2529,2145,11,1,2
2529,2145,11,2,5
2530,2145,11,1,5
2530,2145,11,2,6
2531,2145,11,1,0
2531,2145,11,2,6
2532,2145,11,1,3
2532,2145,11,2,5
2533,2145,11,1,4
2533,2145,11,2,5
2534,2145,11,1,5
2534,2145,11,2,6
2535,2145,11,1,3
2535,2145,11,2,5
2536,2145,11,1,4
2536,2145,11,2,6
2537,2145,11,1,0
2537,2145,11,2,4
2538,2145,11,1,4
2538,2145,11,2,5
2539,2145,11,1,5
2539,2145,11,2,6
2540,2145,11,1,1
2540,2145,11,2,4
2541,2145,11,1,1
2541,2145,11,2,7
2542,2145,11,1,4
2542,2145,11,2,6
2543,2145,11,1,6
2543,2145,11,2,7
2544,2145,11,1,1
2544,2145,11,2,5
2545,2145,11,1,2
2545,2145,11,2,6
2546,2145,11,1,3
2546,2145,11,2,7
2547,2145,11,1,3
2547,2145,11,2,5
2548,2145,11,1,3
2548,2145,11,2,7
2549,2145,11,1,5
2549,2145,11,2,7
2550,2145,11,1,2
2550,2145,11,2,5
2551,2145,11,1,3
2551,2145,11,2,6
2552,2145,11,1,2
2552,2145,11,2,6
2553,2145,11,1,2
2553,2145,11,2,6
2554,2145,11,1,1
2554,2145,11,2,4
2555,2145,11,1,5
2555,2145,11,2,6
2556,2145,11,1,2
2556,2145,11,2,3
2557,2145,11,1,2
2557,2145,11,2,6
2558,2145,11,1,5
2558,2145,11,2,7
2559,2145,11,1,2
2559,2145,11,2,3
2528,2145,12,1,1
2528,2145,12,2,6
2529,2145,12,1,1
2529,2145,12,2,3
2530,2145,12,1,4
2530,2145,12,2,7
2531,2145,12,1,3
2531,2145,12,2,6
2532,2145,12,1,1
2532,2145,12,2,3
2533,2145,12,1,3
2533,2145,12,2,5
2534,2145,12,1,3
2534,2145,12,2,4
2535,2145,12,1,1
2535,2145,12,2,5
2536,2145,12,1,1
2536,2145,12,2,2
2537,2145,12,1,0
2537,2145,12,2,6
2538,2145,12,1,1
2538,2145,12,2,4
2539,2145,12,1,0
2539,2145,12,2,4
2540,2145,12,1,3
2540,2145,12,2,5
2541,2145,12,1,4
2541,2145,12,2,5
2542,2145,12,1,0
2542,2145,12,2,5
2543,2145,12,1,0
2543,2145,12,2,7
2544,2145,12,1,0
2544,2145,12,2,1
2545,2145,12,1,0
2545,2145,12,2,6
2546,2145,12,1,2
2546,2145,12,2,6
2547,2145,12,1,3
2547,2145,12,2,6
2548,2145,12,1,0
2548,2145,12,2,3
2549,2145,12,1,4
2549,2145,12,2,5
2550,2145,12,1,3
2550,2145,12,2,5
2551,2145,12,1,1
2551,2145,12,2,7
2552,2145,12,1,0
2552,2145,12,2,4
2553,2145,12,1,4
2553,2145,12,2,7
2554,2145,12,1,2
2554,2145,12,2,4
2555,2145,12,1,3
2555,2145,12,2,7
2556,2145,12,1,2
2556,2145,12,2,4
2557,2145,12,1,3
2557,2145,12,2,7
2558,2145,12,1,4
2558,2145,12,2,7
2559,2145,12,1,2
2559,2145,12,2,5
2528,2145,13,1,6
2528,2145,13,2,7
2529,2145,13,1,4
2529,2145,13,2,5
2530,2145,13,1,4
2530,2145,13,2,5
2531,2145,13,1,5
2531,2145,13,2,6
2532,2145,13,1,2
2532,2145,13,2,4
2533,2145,13,1,0
2533,2145,13,2,5
2534,2145,13,1,0
2534,2145,13,2,7
2535,2145,13,1,2
2535,2145,13,2,7
2536,2145,13,1,0
2536,2145,13,2,3
2537,2145,13,1,0
2537,2145,13,2,7
2538,2145,13,1,3
2538,2145,13,2,5
2539,2145,13,1,2
2539,2145,13,2,6
2540,2145,13,1,0
2540,2145,13,2,4
2541,2145,13,1,1
2541,2145,13,2,5
2542,2145,13,1,4
2542,2145,13,2,5
2543,2145,13,1,1
2543,2145,13,2,3
2544,2145,13,1,1
2544,2145,13,2,2
2545,2145,13,1,0
2545,2145,13,2,5
2546,2145,13,1,0
2546,2145,13,2,1
2547,2145,13,1,0
2547,2145,13,2,7
2548,2145,13,1,5
2548,2145,13,2,6
2549,2145,13,1,0
2549,2145,13,2,1
2550,2145,13,1,2
2550,2145,13,2,7
2551,2145,13,1,2
2551,2145,13,2,5
2552,2145,13,1,0
2552,2145,13,2,5
2553,2145,13,1,2
2553,2145,13,2,7
2554,2145,13,1,3
2554,2145,13,2,4
2555,2145,13,1,2
2555,2145,13,2,7
2556,2145,13,1,3
2556,2145,13,2,4
2557,2145,13,1,5
2557,2145,13,2,7
2558,2145,13,1,3
2558,2145,13,2,7
2559,2145,13,1,1
2559,2145,13,2,5
2528,2145,14,1,5
2528,2145,14,2,6
2529,2145,14,1,3
2529,2145,14,2,6
2530,2145,14,1,1
2530,2145,14,2,2
2531,2145,14,1,5
2531,2145,14,2,6
2532,2145,14,1,4
2532,2145,14,2,6
2533,2145,14,1,0
2533,2145,14,2,1
2534,2145,14,1,1
2534,2145,14,2,5
2535,2145,14,1,5
2535,2145,14,2,7
2536,2145,14,1,1
2536,2145,14,2,7
2537,2145,14,1,1
2537,2145,14,2,3
2538,2145,14,1,2
2538,2145,14,2,3
2539,2145,14,1,1
2539,2145,14,2,2
2540,2145,14,1,0
2540,2145,14,2,5
2541,2145,14,1,4
2541,2145,14,2,5
2542,2145,14,1,5
2542,2145,14,2,6
2543,2145,14,1,3
2543,2145,14,2,6
2544,2145,14,1,3
2544,2145,14,2,7
2545,2145,14,1,0
2545,2145,14,2,3
2546,2145,14,1,2
2546,2145,14,2,5
2547,2145,14,1,0
2547,2145,14,2,2
2548,2145,14,1,1
2548,2145,14,2,3
2549,2145,14,1,0
2549,2145,14,2,2
2550,2145,14,1,1
2550,2145,14,2,6
2551,2145,14,1,0
2551,2145,14,2,1
2552,2145,14,1,4
2552,2145,14,2,7
2553,2145,14,1,0
2553,2145,14,2,3
2554,2145,14,1,0
2554,2145,14,2,6
2555,2145,14,1,0
2555,2145,14,2,5
2556,2145,14,1,1
2556,2145,14,2,6
2557,2145,14,1,3
2557,2145,14,2,6
2558,2145,14,1,4
2558,2145,14,2,6
2559,2145,14,1,4
2559,2145,14,2,7
2528,2145,15,1,3
2528,2145,15,2,5
2529,2145,15,1,0
2529,2145,15,2,5
2530,2145,15,1,2
2530,2145,15,2,6
2531,2145,15,1,0
2531,2145,15,2,1
2532,2145,15,1,3
2532,2145,15,2,7
2533,2145,15,1,2
2533,2145,15,2,7
2534,2145,15,1,0
2534,2145,15,2,2
2535,2145,15,1,1
2535,2145,15,2,5
2536,2145,15,1,2
2536,2145,15,2,6
2537,2145,15,1,4
2537,2145,15,2,5
2538,2145,15,1,0
2538,2145,15,2,2
2539,2145,15,1,4
2539,2145,15,2,7
2540,2145,15,1,4
2540,2145,15,2,7
2541,2145,15,1,4
2541,2145,15,2,7
2542,2145,15,1,3
2542,2145,15,2,6
2543,2145,15,1,1
2543,2145,15,2,4
2544,2145,15,1,0
2544,2145,15,2,4
2545,2145,15,1,1
2545,2145,15,2,7
2546,2145,15,1,4
2546,2145,15,2,5
2547,2145,15,1,1
2547,2145,15,2,6
2548,2145,15,1,6
2548,2145,15,2,7
2549,2145,15,1,1
2549,2145,15,2,3
2550,2145,15,1,1
2550,2145,15,2,2
2551,2145,15,1,1
2551,2145,15,2,7
2552,2145,15,1,1
2552,2145,15,2,2
2553,2145,15,1,3
2553,2145,15,2,7
2554,2145,15,1,2
2554,2145,15,2,3
2555,2145,15,1,3
2555,2145,15,2,4
2556,2145,15,1,1
2556,2145,15,2,3
2557,2145,15,1,1
2557,2145,15,2,3
2558,2145,15,1,0
2558,2145,15,2,7
2559,2145,15,1,6
2559,2145,15,2,7
2528,2145,16,1,3
2528,2145,16,2,4
2529,2145,16,1,4
2529,2145,16,2,7
2530,2145,16,1,6
2530,2145,16,2,7
2531,2145,16,1,2
2531,2145,16,2,7
2532,2145,16,1,2
2532,2145,16,2,7
2533,2145,16,1,5
2533,2145,16,2,7
2534,2145,16,1,5
2534,2145,16,2,6
2535,2145,16,1,4
2535,2145,16,2,7
2536,2145,16,1,3
2536,2145,16,2,6
2537,2145,16,1,5
2537,2145,16,2,6
2538,2145,16,1,0
2538,2145,16,2,3
2539,2145,16,1,0
2539,2145,16,2,3
2540,2145,16,1,1
2540,2145,16,2,6
2541,2145,16,1,4
2541,2145,16,2,7
2542,2145,16,1,5
2542,2145,16,2,7
2543,2145,16,1,1
2543,2145,16,2,3
2544,2145,16,1,2
2544,2145,16,2,3
2545,2145,16,1,1
2545,2145,16,2,2
2546,2145,16,1,4
2546,2145,16,2,7
2547,2145,16,1,3
2547,2145,16,2,7
2548,2145,16,1,3
2548,2145,16,2,4
2549,2145,16,1,0
2549,2145,16,2,6
2550,2145,16,1,1
2550,2145,16,2,6
2551,2145,16,1,4
2551,2145,16,2,5
2552,2145,16,1,1
2552,2145,16,2,5
2553,2145,16,1,2
2553,2145,16,2,7
2554,2145,16,1,0
2554,2145,16,2,3
2555,2145,16,1,4
2555,2145,16,2,6
2556,2145,16,1,1
2556,2145,16,2,2
2557,2145,16,1,0
2557,2145,16,2,7
2558,2145,16,1,3
2558,2145,16,2,6
2559,2145,16,1,0
2559,2145,16,2,2
2528,2145,17,1,0
2528,2145,17,2,1
2529,2145,17,1,4
2529,2145,17,2,6
2530,2145,17,1,5
2530,2145,17,2,7
2531,2145,17,1,3
2531,2145,17,2,4
2532,2145,17,1,3
2532,2145,17,2,5
2533,2145,17,1,1
2533,2145,17,2,6
2534,2145,17,1,1
2534,2145,17,2,3
2535,2145,17,1,4
2535,2145,17,2,7
2536,2145,17,1,2
2536,2145,17,2,4
2537,2145,17,1,1
2537,2145,17,2,7
2538,2145,17,1,0
2538,2145,17,2,3
2539,2145,17,1,0
2539,2145,17,2,7
2540,2145,17,1,2
2540,2145,17,2,6
2541,2145,17,1,0
2541,2145,17,2,4
2542,2145,17,1,1
2542,2145,17,2,7
2543,2145,17,1,4
2543,2145,17,2,6
2544,2145,17,1,5
2544,2145,17,2,7
2545,2145,17,1,4
2545,2145,17,2,6
2546,2145,17,1,3
2546,2145,17,2,6
2547,2145,17,1,5
2547,2145,17,2,7
2548,2145,17,1,5
2548,2145,17,2,7
2549,2145,17,1,2
2549,2145,17,2,3
2550,2145,17,1,0
2550,2145,17,2,5
2551,2145,17,1,3
2551,2145,17,2,4
2552,2145,17,1,1
2552,2145,17,2,4
2553,2145,17,1,3
2553,2145,17,2,4
2554,2145,17,1,1
2554,2145,17,2,5
2555,2145,17,1,4
2555,2145,17,2,5
2556,2145,17,1,0
2556,2145,17,2,4
2557,2145,17,1,1
2557,2145,17,2,3
2558,2145,17,1,3
2558,2145,17,2,6
2559,2145,17,1,4
2559,2145,17,2,7
2528,2145,18,1,3
2528,2145,18,2,4
2529,2145,18,1,2
2529,2145,18,2,7
2530,2145,18,1,1
2530,2145,18,2,4
2531,2145,18,1,0
2531,2145,18,2,3
2532,2145,18,1,1
2532,2145,18,2,3
2533,2145,18,1,6
2533,2145,18,2,7
2534,2145,18,1,0
2534,2145,18,2,7
2535,2145,18,1,0
2535,2145,18,2,7
2536,2145,18,1,3
2536,2145,18,2,6
2537,2145,18,1,1
2537,2145,18,2,6
2538,2145,18,1,3
2538,2145,18,2,5
2539,2145,18,1,1
2539,2145,18,2,7
2540,2145,18,1,3
2540,2145,18,2,4
2541,2145,18,1,2
2541,2145,18,2,7
2542,2145,18,1,3
2542,2145,18,2,7
2543,2145,18,1,1
2543,2145,18,2,7
2544,2145,18,1,4
2544,2145,18,2,5
2545,2145,18,1,0
2545,2145,18,2,7
2546,2145,18,1,1
2546,2145,18,2,4
2547,2145,18,1,1
2547,2145,18,2,3
2548,2145,18,1,4
2548,2145,18,2,7
2549,2145,18,1,2
2549,2145,18,2,7
2550,2145,18,1,2
2550,2145,18,2,6
2551,2145,18,1,0
2551,2145,18,2,4
2552,2145,18,1,1
2552,2145,18,2,2
2553,2145,18,1,5
2553,2145,18,2,6
2554,2145,18,1,1
2554,2145,18,2,3
2555,2145,18,1,1
2555,2145,18,2,2
2556,2145,18,1,3
2556,2145,18,2,7
2557,2145,18,1,5
2557,2145,18,2,7
2558,2145,18,1,2
2558,2145,18,2,5
2559,2145,18,1,4
2559,2145,18,2,5
2528,2145,19,1,3
2528,2145,19,2,5
2529,2145,19,1,1
2529,2145,19,2,3
2530,2145,19,1,5
2530,2145,19,2,6
2531,2145,19,1,0
2531,2145,19,2,7
2532,2145,19,1,0
2532,2145,19,2,4
2533,2145,19,1,2
2533,2145,19,2,7
2534,2145,19,1,1
2534,2145,19,2,6
2535,2145,19,1,1
2535,2145,19,2,6
2536,2145,19,1,2
2536,2145,19,2,3
2537,2145,19,1,2
2537,2145,19,2,5
2538,2145,19,1,2
2538,2145,19,2,5
2539,2145,19,1,4
2539,2145,19,2,6
2540,2145,19,1,5
2540,2145,19,2,7
2541,2145,19,1,4
2541,2145,19,2,6
2542,2145,19,1,0
2542,2145,19,2,1
2543,2145,19,1,3
2543,2145,19,2,4
2544,2145,19,1,2
2544,2145,19,2,4
2545,2145,19,1,2
2545,2145,19,2,3
2546,2145,19,1,2
2546,2145,19,2,6
2547,2145,19,1,0
2547,2145,19,2,1
2548,2145,19,1,2
2548,2145,19,2,5
2549,2145,19,1,4
2549,2145,19,2,6
2550,2145,19,1,3
2550,2145,19,2,6
2551,2145,19,1,1
2551,2145,19,2,3
2552,2145,19,1,2
2552,2145,19,2,4
2553,2145,19,1,3
2553,2145,19,2,4
2554,2145,19,1,1
2554,2145,19,2,6
2555,2145,19,1,3
2555,2145,19,2,6
2556,2145,19,1,6
2556,2145,19,2,7
2557,2145,19,1,2
2557,2145,19,2,4
2558,2145,19,1,0
2558,2145,19,2,6
2559,2145,19,1,3
2559,2145,19,2,6
2528,2145,20,1,1
2528,2145,20,2,6
2529,2145,20,1,0
2529,2145,20,2,3
2530,2145,20,1,0
2530,2145,20,2,4
2531,2145,20,1,3
2531,2145,20,2,4
2532,2145,20,1,1
2532,2145,20,2,7
2533,2145,20,1,3
2533,2145,20,2,6
2534,2145,20,1,0
2534,2145,20,2,7
2535,2145,20,1,4
2535,2145,20,2,7
2536,2145,20,1,5
2536,2145,20,2,6
2537,2145,20,1,0
2537,2145,20,2,4
2538,2145,20,1,1
2538,2145,20,2,5
2539,2145,20,1,2
2539,2145,20,2,4
2540,2145,20,1,1
2540,2145,20,2,6
2541,2145,20,1,1
2541,2145,20,2,2
2542,2145,20,1,3
2542,2145,20,2,7
2543,2145,20,1,0
2543,2145,20,2,5
2544,2145,20,1,4
2544,2145,20,2,7
2545,2145,20,1,1
2545,2145,20,2,6
2546,2145,20,1,2
2546,2145,20,2,3
2547,2145,20,1,1
2547,2145,20,2,6
2548,2145,20,1,2
2548,2145,20,2,4
2549,2145,20,1,3
2549,2145,20,2,6
2550,2145,20,1,0
2550,2145,20,2,7
2551,2145,20,1,3
2551,2145,20,2,7
2552,2145,20,1,4
2552,2145,20,2,5
2553,2145,20,1,0
2553,2145,20,2,1
2554,2145,20,1,2
2554,2145,20,2,4
2555,2145,20,1,0
2555,2145,20,2,1
2556,2145,20,1,3
2556,2145,20,2,6
2557,2145,20,1,2
2557,2145,20,2,3
2558,2145,20,1,0
2558,2145,20,2,6
2559,2145,20,1,3
2559,2145,20,2,4
2528,2145,21,1,0
2528,2145,21,2,6
2529,2145,21,1,3
2529,2145,21,2,6
2530,2145,21,1,2
2530,2145,21,2,4
2531,2145,21,1,0
2531,2145,21,2,2
2532,2145,21,1,3
2532,2145,21,2,4
2533,2145,21,1,3
2533,2145,21,2,7
2534,2145,21,1,6
2534,2145,21,2,7
2535,2145,21,1,2
2535,2145,21,2,6
2536,2145,21,1,6
2536,2145,21,2,7
2537,2145,21,1,1
2537,2145,21,2,7
2538,2145,21,1,4
2538,2145,21,2,6
2539,2145,21,1,2
2539,2145,21,2,7
2540,2145,21,1,1
2540,2145,21,2,2
2541,2145,21,1,3
2541,2145,21,2,7
2542,2145,21,1,2
2542,2145,21,2,7
2543,2145,21,1,4
2543,2145,21,2,5
2544,2145,21,1,0
2544,2145,21,2,3
2545,2145,21,1,2
2545,2145,21,2,7
2546,2145,21,1,0
2546,2145,21,2,7
2547,2145,21,1,0
2547,2145,21,2,3
2548,2145,21,1,2
2548,2145,21,2,6
2549,2145,21,1,3
2549,2145,21,2,6
2550,2145,21,1,1
2550,2145,21,2,2
2551,2145,21,1,2
2551,2145,21,2,3
2552,2145,21,1,1
2552,2145,21,2,5
2553,2145,21,1,1
2553,2145,21,2,7
2554,2145,21,1,0
2554,2145,21,2,6
2555,2145,21,1,4
2555,2145,21,2,5
2556,2145,21,1,6
2556,2145,21,2,7
2557,2145,21,1,6
2557,2145,21,2,7
2558,2145,21,1,0
2558,2145,21,2,3
2559,2145,21,1,3
2559,2145,21,2,5
2528,2145,22,1,0
2528,2145,22,2,3
2529,2145,22,1,3
2529,2145,22,2,4
2530,2145,22,1,6
2530,2145,22,2,7
2531,2145,22,1,3
2531,2145,22,2,7
2532,2145,22,1,2
2532,2145,22,2,5
2533,2145,22,1,0
2533,2145,22,2,2
2534,2145,22,1,1
2534,2145,22,2,5
2535,2145,22,1,2
2535,2145,22,2,3
2536,2145,22,1,0
2536,2145,22,2,2
2537,2145,22,1,0
2537,2145,22,2,1
2538,2145,22,1,2
2538,2145,22,2,7
2539,2145,22,1,1
2539,2145,22,2,2
2540,2145,22,1,4
2540,2145,22,2,5
2541,2145,22,1,5
2541,2145,22,2,6
2542,2145,22,1,1
2542,2145,22,2,6
2543,2145,22,1,1
2543,2145,22,2,6
2544,2145,22,1,0
2544,2145,22,2,1
2545,2145,22,1,0
2545,2145,22,2,6
2546,2145,22,1,1
2546,2145,22,2,6
2547,2145,22,1,0
2547,2145,22,2,3
2548,2145,22,1,1
2548,2145,22,2,5
2549,2145,22,1,4
2549,2145,22,2,5
2550,2145,22,1,4
2550,2145,22,2,7
2551,2145,22,1,4
2551,2145,22,2,7
2552,2145,22,1,0
2552,2145,22,2,3
2553,2145,22,1,0
2553,2145,22,2,1
2554,2145,22,1,0
2554,2145,22,2,2
2555,2145,22,1,3
2555,2145,22,2,6
2556,2145,22,1,4
2556,2145,22,2,5
2557,2145,22,1,0
2557,2145,22,2,5
2558,2145,22,1,4
2558,2145,22,2,5
2559,2145,22,1,6
2559,2145,22,2,7
2528,2145,23,1,1
2528,2145,23,2,6
2529,2145,23,1,0
2529,2145,23,2,5
2530,2145,23,1,4
2530,2145,23,2,7
2531,2145,23,1,1
2531,2145,23,2,4
2532,2145,23,1,3
2532,2145,23,2,7
2533,2145,23,1,0
2533,2145,23,2,1
2534,2145,23,1,0
2534,2145,23,2,5
2535,2145,23,1,0
2535,2145,23,2,5
2536,2145,23,1,1
2536,2145,23,2,5
2537,2145,23,1,1
2537,2145,23,2,6
2538,2145,23,1,2
2538,2145,23,2,7
2539,2145,23,1,0
2539,2145,23,2,2
2540,2145,23,1,0
2540,2145,23,2,7
2541,2145,23,1,5
2541,2145,23,2,7
2542,2145,23,1,3
2542,2145,23,2,7
2543,2145,23,1,0
2543,2145,23,2,6
2544,2145,23,1,1
2544,2145,23,2,7
2545,2145,23,1,2
2545,2145,23,2,4
2546,2145,23,1,1
2546,2145,23,2,5
2547,2145,23,1,2
2547,2145,23,2,7
2548,2145,23,1,0
2548,2145,23,2,1
2549,2145,23,1,2
2549,2145,23,2,6
2550,2145,23,1,0
2550,2145,23,2,5
2551,2145,23,1,4
2551,2145,23,2,6
2552,2145,23,1,1
2552,2145,23,2,7
2553,2145,23,1,0
2553,2145,23,2,6
2554,2145,23,1,0
2554,2145,23,2,4
2555,2145,23,1,4
2555,2145,23,2,7
2556,2145,23,1,4
2556,2145,23,2,5
2557,2145,23,1,0
2557,2145,23,2,3
2558,2145,23,1,5
2558,2145,23,2,6
2559,2145,23,1,4
2559,2145,23,2,6
2528,2145,24,1,1
2528,2145,24,2,2
2529,2145,24,1,4
2529,2145,24,2,6
2530,2145,24,1,0
2530,2145,24,2,6
2531,2145,24,1,4
2531,2145,24,2,7
2532,2145,24,1,0
2532,2145,24,2,2
2533,2145,24,1,0
2533,2145,24,2,2
2534,2145,24,1,1
2534,2145,24,2,2
2535,2145,24,1,1
2535,2145,24,2,5
2536,2145,24,1,3
2536,2145,24,2,7
2537,2145,24,1,5
2537,2145,24,2,7
2538,2145,24,1,1
2538,2145,24,2,6
2539,2145,24,1,5
2539,2145,24,2,6
2540,2145,24,1,1
2540,2145,24,2,3
2541,2145,24,1,1
2541,2145,24,2,5
2542,2145,24,1,3
2542,2145,24,2,6
2543,2145,24,1,3
2543,2145,24,2,6
2544,2145,24,1,2
2544,2145,24,2,5
2545,2145,24,1,0
2545,2145,24,2,2
2546,2145,24,1,0
2546,2145,24,2,6
2547,2145,24,1,4
2547,2145,24,2,5
2548,2145,24,1,0
2548,2145,24,2,3
2549,2145,24,1,0
2549,2145,24,2,5
2550,2145,24,1,0
2550,2145,24,2,4
2551,2145,24,1,0
2551,2145,24,2,6
2552,2145,24,1,0
2552,2145,24,2,1
2553,2145,24,1,4
2553,2145,24,2,5
2554,2145,24,1,2
2554,2145,24,2,6
2555,2145,24,1,5
2555,2145,24,2,7
2556,2145,24,1,0
2556,2145,24,2,6
2557,2145,24,1,4
2557,2145,24,2,7
2558,2145,24,1,0
2558,2145,24,2,7
2559,2145,24,1,0
2559,2145,24,2,5
2528,2145,25,1,3
2528,2145,25,2,7
2529,2145,25,1,0
2529,2145,25,2,3
2530,2145,25,1,4
2530,2145,25,2,5
2531,2145,25,1,1
2531,2145,25,2,7
2532,2145,25,1,1
2532,2145,25,2,7
2533,2145,25,1,3
2533,2145,25,2,7
2534,2145,25,1,1
2534,2145,25,2,6
2535,2145,25,1,2
2535,2145,25,2,6
2536,2145,25,1,1
2536,2145,25,2,6
2537,2145,25,1,2
2537,2145,25,2,4
2538,2145,25,1,0
2538,2145,25,2,7
2539,2145,25,1,0
2539,2145,25,2,5
2540,2145,25,1,3
2540,2145,25,2,4
2541,2145,25,1,2
2541,2145,25,2,5
2542,2145,25,1,4
2542,2145,25,2,5
2543,2145,25,1,2
2543,2145,25,2,5
2544,2145,25,1,3
2544,2145,25,2,4
2545,2145,25,1,1
2545,2145,25,2,7
2546,2145,25,1,5
2546,2145,25,2,7
2547,2145,25,1,4
2547,2145,25,2,6
2548,2145,25,1,0
2548,2145,25,2,7
2549,2145,25,1,0
2549,2145,25,2,5
2550,2145,25,1,0
2550,2145,25,2,1
2551,2145,25,1,0
2551,2145,25,2,5
2552,2145,25,1,6
2552,2145,25,2,7
2553,2145,25,1,6
2553,2145,25,2,7
2554,2145,25,1,1
2554,2145,25,2,5
2555,2145,25,1,0
2555,2145,25,2,5
2556,2145,25,1,1
2556,2145,25,2,5
2557,2145,25,1,2
2557,2145,25,2,7
2558,2145,25,1,0
2558,2145,25,2,4
2559,2145,25,1,1
2559,2145,25,2,2
2528,2145,26,1,2
2528,2145,26,2,4
2529,2145,26,1,4
2529,2145,26,2,5
2530,2145,26,1,3
2530,2145,26,2,6
2531,2145,26,1,1
2531,2145,26,2,5
2532,2145,26,1,6
2532,2145,26,2,7
2533,2145,26,1,6
2533,2145,26,2,7
2534,2145,26,1,0
2534,2145,26,2,2
2535,2145,26,1,4
2535,2145,26,2,6
2536,2145,26,1,0
2536,2145,26,2,5
2537,2145,26,1,2
2537,2145,26,2,3
2538,2145,26,1,6
2538,2145,26,2,7
2539,2145,26,1,3
2539,2145,26,2,6
2540,2145,26,1,0
2540,2145,26,2,2
2541,2145,26,1,2
2541,2145,26,2,7
2542,2145,26,1,2
2542,2145,26,2,7
2543,2145,26,1,4
2543,2145,26,2,7
2544,2145,26,1,1
2544,2145,26,2,3
2545,2145,26,1,3
2545,2145,26,2,5
2546,2145,26,1,6
2546,2145,26,2,7
2547,2145,26,1,3
2547,2145,26,2,5
2548,2145,26,1,0
2548,2145,26,2,3
2549,2145,26,1,2
2549,2145,26,2,3
2550,2145,26,1,3
2550,2145,26,2,6
2551,2145,26,1,0
2551,2145,26,2,3
2552,2145,26,1,2
2552,2145,26,2,4
2553,2145,26,1,1
2553,2145,26,2,4
2554,2145,26,1,1
2554,2145,26,2,5
2555,2145,26,1,2
2555,2145,26,2,6
2556,2145,26,1,1
2556,2145,26,2,3
2557,2145,26,1,0
2557,2145,26,2,5
2558,2145,26,1,0
2558,2145,26,2,5
2559,2145,26,1,4
2559,2145,26,2,5
2528,2145,27,1,1
2528,2145,27,2,4
2529,2145,27,1,1
2529,2145,27,2,3
2530,2145,27,1,2
2530,2145,27,2,4
2531,2145,27,1,0
2531,2145,27,2,1
2532,2145,27,1,3
2532,2145,27,2,4
2533,2145,27,1,0
2533,2145,27,2,2
2534,2145,27,1,1
2534,2145,27,2,2
2535,2145,27,1,4
2535,2145,27,2,5
2536,2145,27,1,3
2536,2145,27,2,4
2537,2145,27,1,2
2537,2145,27,2,5
2538,2145,27,1,6
2538,2145,27,2,7
2539,2145,27,1,3
2539,2145,27,2,6
2540,2145,27,1,0
2540,2145,27,2,3
2541,2145,27,1,3
2541,2145,27,2,7
2542,2145,27,1,3
2542,2145,27,2,7
2543,2145,27,1,0
2543,2145,27,2,6
2544,2145,27,1,6
2544,2145,27,2,7
2545,2145,27,1,4
2545,2145,27,2,6
2546,2145,27,1,0
2546,2145,27,2,1
2547,2145,27,1,4
2547,2145,27,2,6
2548,2145,27,1,2
2548,2145,27,2,5
2549,2145,27,1,1
2549,2145,27,2,5
2550,2145,27,1,6
2550,2145,27,2,7
2551,2145,27,1,1
2551,2145,27,2,3
2552,2145,27,1,1
2552,2145,27,2,7
2553,2145,27,1,2
2553,2145,27,2,5
2554,2145,27,1,0
2554,2145,27,2,3
2555,2145,27,1,3
2555,2145,27,2,7
2556,2145,27,1,3
2556,2145,27,2,6
2557,2145,27,1,0
2557,2145,27,2,1
2558,2145,27,1,1
2558,2145,27,2,4
2559,2145,27,1,0
2559,2145,27,2,7
2528,2145,28,1,0
2528,2145,28,2,5
2529,2145,28,1,2
2529,2145,28,2,4
2530,2145,28,1,4
2530,2145,28,2,6
2531,2145,28,1,5
2531,2145,28,2,6
2532,2145,28,1,0
2532,2145,28,2,4
2533,2145,28,1,3
2533,2145,28,2,7
2534,2145,28,1,2
2534,2145,28,2,3
2535,2145,28,1,1
2535,2145,28,2,5
2536,2145,28,1,5
2536,2145,28,2,7
2537,2145,28,1,3
2537,2145,28,2,7
2538,2145,28,1,3
2538,2145,28,2,5
2539,2145,28,1,0
2539,2145,28,2,3
2540,2145,28,1,0
2540,2145,28,2,2
2541,2145,28,1,0
2541,2145,28,2,5
2542,2145,28,1,3
2542,2145,28,2,4
2543,2145,28,1,5
2543,2145,28,2,6
2544,2145,28,1,2
2544,2145,28,2,7
2545,2145,28,1,0
2545,2145,28,2,6
2546,2145,28,1,2
2546,2145,28,2,3
2547,2145,28,1,1
2547,2145,28,2,5
2548,2145,28,1,4
2548,2145,28,2,6
2549,2145,28,1,0
2549,2145,28,2,4
2550,2145,28,1,4
2550,2145,28,2,6
2551,2145,28,1,0
2551,2145,28,2,6
2552,2145,28,1,1
2552,2145,28,2,3
2553,2145,28,1,1
2553,2145,28,2,5
2554,2145,28,1,0
2554,2145,28,2,3
2555,2145,28,1,1
2555,2145,28,2,2
2556,2145,28,1,2
2556,2145,28,2,4
2557,2145,28,1,6
2557,2145,28,2,7
2558,2145,28,1,1
2558,2145,28,2,6
2559,2145,28,1,1
2559,2145,28,2,4
2528,2145,29,1,5
2528,2145,29,2,7
2529,2145,29,1,4
2529,2145,29,2,5
2530,2145,29,1,0
2530,2145,29,2,1
2531,2145,29,1,2
2531,2145,29,2,6
2532,2145,29,1,2
2532,2145,29,2,7
2533,2145,29,1,0
2533,2145,29,2,2
2534,2145,29,1,0
2534,2145,29,2,4
2535,2145,29,1,0
2535,2145,29,2,7
2536,2145,29,1,4
2536,2145,29,2,7
2537,2145,29,1,3
2537,2145,29,2,7
2538,2145,29,1,2
2538,2145,29,2,7
2539,2145,29,1,0
2539,2145,29,2,1
2540,2145,29,1,0
2540,2145,29,2,4
2541,2145,29,1,2
2541,2145,29,2,6
2542,2145,29,1,0
2542,2145,29,2,3
2543,2145,29,1,0
2543,2145,29,2,2
2544,2145,29,1,0
2544,2145,29,2,4
2545,2145,29,1,4
2545,2145,29,2,6
2546,2145,29,1,1
2546,2145,29,2,6
2547,2145,29,1,1
2547,2145,29,2,7
2548,2145,29,1,0
2548,2145,29,2,6
2549,2145,29,1,1
2549,2145,29,2,2
2550,2145,29,1,2
2550,2145,29,2,3
2551,2145,29,1,4
2551,2145,29,2,6
2552,2145,29,1,0
2552,2145,29,2,2
2553,2145,29,1,2
2553,2145,29,2,5
2554,2145,29,1,4
2554,2145,29,2,6
2555,2145,29,1,0
2555,2145,29,2,3
2556,2145,29,1,5
2556,2145,29,2,6
2557,2145,29,1,1
2557,2145,29,2,2
2558,2145,29,1,3
2558,2145,29,2,7
2559,2145,29,1,3
2559,2145,29,2,7
2528,2145,30,1,0
2528,2145,30,2,4
2529,2145,30,1,5
2529,2145,30,2,7
2530,2145,30,1,5
2530,2145,30,2,7
2531,2145,30,1,0
2531,2145,30,2,1
2532,2145,30,1,2
2532,2145,30,2,4
2533,2145,30,1,1
2533,2145,30,2,2
2534,2145,30,1,3
2534,2145,30,2,5
2535,2145,30,1,4
2535,2145,30,2,6
2536,2145,30,1,3
2536,2145,30,2,4
2537,2145,30,1,0
2537,2145,30,2,4
2538,2145,30,1,3
2538,2145,30,2,5
2539,2145,30,1,3
2539,2145,30,2,6
2540,2145,30,1,2
2540,2145,30,2,7
2541,2145,30,1,3
2541,2145,30,2,7
2542,2145,30,1,0
2542,2145,30,2,2
2543,2145,30,1,2
2543,2145,30,2,5
2544,2145,30,1,1
2544,2145,30,2,3
2545,2145,30,1,0
2545,2145,30,2,7
2546,2145,30,1,3
2546,2145,30,2,5
2547,2145,30,1,2
2547,2145,30,2,7
2548,2145,30,1,0
2548,2145,30,2,7
2549,2145,30,1,0
2549,2145,30,2,5
2550,2145,30,1,5
2550,2145,30,2,6
2551,2145,30,1,4
2551,2145,30,2,7
2552,2145,30,1,1
2552,2145,30,2,5
2553,2145,30,1,0
2553,2145,30,2,2
2554,2145,30,1,2
2554,2145,30,2,3
2555,2145,30,1,0
2555,2145,30,2,3
2556,2145,30,1,0
2556,2145,30,2,5
2557,2145,30,1,0
2557,2145,30,2,4
2558,2145,30,1,1
2558,2145,30,2,5
2559,2145,30,1,0
2559,2145,30,2,7
2528,2145,31,1,1
2528,2145,31,2,3
2529,2145,31,1,3
2529,2145,31,2,4
2530,2145,31,1,1
2530,2145,31,2,4
2531,2145,31,1,4
2531,2145,31,2,7
2532,2145,31,1,5
2532,2145,31,2,7
2533,2145,31,1,0
2533,2145,31,2,1
2534,2145,31,1,0
2534,2145,31,2,2
2535,2145,31,1,1
2535,2145,31,2,3
2536,2145,31,1,0
2536,2145,31,2,3
2537,2145,31,1,0
2537,2145,31,2,2
2538,2145,31,1,3
2538,2145,31,2,4
2539,2145,31,1,1
2539,2145,31,2,4
2540,2145,31,1,4
2540,2145,31,2,5
2541,2145,31,1,1
2541,2145,31,2,6
2542,2145,31,1,0
2542,2145,31,2,6
2543,2145,31,1,1
2543,2145,31,2,3
2544,2145,31,1,3
2544,2145,31,2,4
2545,2145,31,1,2
2545,2145,31,2,4
2546,2145,31,1,1
2546,2145,31,2,3
2547,2145,31,1,1
2547,2145,31,2,7
2548,2145,31,1,2
2548,2145,31,2,6
2549,2145,31,1,0
2549,2145,31,2,2
2550,2145,31,1,0
2550,2145,31,2,3
2551,2145,31,1,1
2551,2145,31,2,2
2552,2145,31,1,3
2552,2145,31,2,4
2553,2145,31,1,2
2553,2145,31,2,7
2554,2145,31,1,0
2554,2145,31,2,3
2555,2145,31,1,1
2555,2145,31,2,5
2556,2145,31,1,0
2556,2145,31,2,1
2557,2145,31,1,0
2557,2145,31,2,2
2558,2145,31,1,5
2558,2145,31,2,6
2559,2145,31,1,2
2559,2145,31,2,7
2528,2146,0,1,3
2528,2146,0,2,7
2529,2146,0,1,2
2529,2146,0,2,5
2530,2146,0,1,0
2530,2146,0,2,6
2531,2146,0,1,1
2531,2146,0,2,7
2532,2146,0,1,2
2532,2146,0,2,3
2533,2146,0,1,0
2533,2146,0,2,5
2534,2146,0,1,6
2534,2146,0,2,7
2535,2146,0,1,3
2535,2146,0,2,7
2536,2146,0,1,2
2536,2146,0,2,7
2537,2146,0,1,0
2537,2146,0,2,7
2538,2146,0,1,2
2538,2146,0,2,3
2539,2146,0,1,3
2539,2146,0,2,6
2540,2146,0,1,2
2540,2146,0,2,6
2541,2146,0,1,4
2541,2146,0,2,7
2542,2146,0,1,0
2542,2146,0,2,6
2543,2146,0,1,3
2543,2146,0,2,6
2544,2146,0,1,0
2544,2146,0,2,1
2545,2146,0,1,5
2545,2146,0,2,6
2546,2146,0,1,3
2546,2146,0,2,6
2547,2146,0,1,3
2547,2146,0,2,4
2548,2146,0,1,5
2548,2146,0,2,6
2549,2146,0,1,0
2549,2146,0,2,7
2550,2146,0,1,2
2550,2146,0,2,7
2551,2146,0,1,2
2551,2146,0,2,6
2552,2146,0,1,1
2552,2146,0,2,3
2553,2146,0,1,0
2553,2146,0,2,3
2554,2146,0,1,0
2554,2146,0,2,7
2555,2146,0,1,3
2555,2146,0,2,4
2556,2146,0,1,3
2556,2146,0,2,7
2557,2146,0,1,4
2557,2146,0,2,5
2558,2146,0,1,1
2558,2146,0,2,4
2559,2146,0,1,0
2559,2146,0,2,1
2528,2146,1,1,4
2528,2146,1,2,5
2529,2146,1,1,1
2529,2146,1,2,6
2530,2146,1,1,2
2530,2146,1,2,4
2531,2146,1,1,2
2531,2146,1,2,7
2532,2146,1,1,3
2532,2146,1,2,7
2533,2146,1,1,0
2533,2146,1,2,7
2534,2146,1,1,0
2534,2146,1,2,3
2535,2146,1,1,0
2535,2146,1,2,5
2536,2146,1,1,1
2536,2146,1,2,2
2537,2146,1,1,4
2537,2146,1,2,6
2538,2146,1,1,4
2538,2146,1,2,7
2539,2146,1,1,0
2539,2146,1,2,7
2540,2146,1,1,3
2540,2146,1,2,7
2541,2146,1,1,2
2541,2146,1,2,6
2542,2146,1,1,2
2542,2146,1,2,7
2543,2146,1,1,4
2543,2146,1,2,5
2544,2146,1,1,0
2544,2146,1,2,3
2545,2146,1,1,2
2545,2146,1,2,7
2546,2146,1,1,0
2546,2146,1,2,1
2547,2146,1,1,3
2547,2146,1,2,7
2548,2146,1,1,0
2548,2146,1,2,7
2549,2146,1,1,0
2549,2146,1,2,4
2550,2146,1,1,1
2550,2146,1,2,3
2551,2146,1,1,4
2551,2146,1,2,7
2552,2146,1,1,1
2552,2146,1,2,4
2553,2146,1,1,2
2553,2146,1,2,6
2554,2146,1,1,3
2554,2146,1,2,4
2555,2146,1,1,6
2555,2146,1,2,7
2556,2146,1,1,4
2556,2146,1,2,7
2557,2146,1,1,2
2557,2146,1,2,5
2558,2146,1,1,3
2558,2146,1,2,4
2559,2146,1,1,0
2559,2146,1,2,6
2528,2146,2,1,1
2528,2146,2,2,5
2529,2146,2,1,0
2529,2146,2,2,4
2530,2146,2,1,4
2530,2146,2,2,5
2531,2146,2,1,0
2531,2146,2,2,5
2532,2146,2,1,0
2532,2146,2,2,5
2533,2146,2,1,4
2533,2146,2,2,6
2534,2146,2,1,5
2534,2146,2,2,6
2535,2146,2,1,0
2535,2146,2,2,4
2536,2146,2,1,5
2536,2146,2,2,7
2537,2146,2,1,1
2537,2146,2,2,2
2538,2146,2,1,1
2538,2146,2,2,4
2539,2146,2,1,4
2539,2146,2,2,6
2540,2146,2,1,2
2540,2146,2,2,5
2541,2146,2,1,5
2541,2146,2,2,6
2542,2146,2,1,3
2542,2146,2,2,7
2543,2146,2,1,1
2543,2146,2,2,3
2544,2146,2,1,1
2544,2146,2,2,3
2545,2146,2,1,4
2545,2146,2,2,7
2546,2146,2,1,2
2546,2146,2,2,6
2547,2146,2,1,1
2547,2146,2,2,3
2548,2146,2,1,1
2548,2146,2,2,3
2549,2146,2,1,2
2549,2146,2,2,3
2550,2146,2,1,4
2550,2146,2,2,6
2551,2146,2,1,2
2551,2146,2,2,5
2552,2146,2,1,5
2552,2146,2,2,6
2553,2146,2,1,1
2553,2146,2,2,6
2554,2146,2,1,2
2554,2146,2,2,5
2555,2146,2,1,5
2555,2146,2,2,7
2556,2146,2,1,2
2556,2146,2,2,5
2557,2146,2,1,0
2557,2146,2,2,5
2558,2146,2,1,2
2558,2146,2,2,5
2559,2146,2,1,1
2559,2146,2,2,7
2528,2146,3,1,6
2528,2146,3,2,7
2529,2146,3,1,3
2529,2146,3,2,4
2530,2146,3,1,3
2530,2146,3,2,7
2531,2146,3,1,3
2531,2146,3,2,6
2532,2146,3,1,2
2532,2146,3,2,5
2533,2146,3,1,1
2533,2146,3,2,2
2534,2146,3,1,2
2534,2146,3,2,3
2535,2146,3,1,5
2535,2146,3,2,6
2536,2146,3,1,5
2536,2146,3,2,6
2537,2146,3,1,2
2537,2146,3,2,6
2538,2146,3,1,3
2538,2146,3,2,7
2539,2146,3,1,0
2539,2146,3,2,3
2540,2146,3,1,2
2540,2146,3,2,5
2541,2146,3,1,2
2541,2146,3,2,3
2542,2146,3,1,1
2542,2146,3,2,2
2543,2146,3,1,3
2543,2146,3,2,7
2544,2146,3,1,3
2544,2146,3,2,7
2545,2146,3,1,0
2545,2146,3,2,6
2546,2146,3,1,0
2546,2146,3,2,2
2547,2146,3,1,2
2547,2146,3,2,5
2548,2146,3,1,5
2548,2146,3,2,6
2549,2146,3,1,0
2549,2146,3,2,7
2550,2146,3,1,1
2550,2146,3,2,2
2551,2146,3,1,0
2551,2146,3,2,6
2552,2146,3,1,3
2552,2146,3,2,7
2553,2146,3,1,1
2553,2146,3,2,3
2554,2146,3,1,0
2554,2146,3,2,3
2555,2146,3,1,0
2555,2146,3,2,5
2556,2146,3,1,2
2556,2146,3,2,7
2557,2146,3,1,2
2557,2146,3,2,7
2558,2146,3,1,0
2558,2146,3,2,4
2559,2146,3,1,0
2559,2146,3,2,6
2528,2146,4,1,1
2528,2146,4,2,6
2529,2146,4,1,2
2529,2146,4,2,6
2530,2146,4,1,0
2530,2146,4,2,1
2531,2146,4,1,0
2531,2146,4,2,5
2532,2146,4,1,1
2532,2146,4,2,7
2533,2146,4,1,4
2533,2146,4,2,7
2534,2146,4,1,0
2534,2146,4,2,5
2535,2146,4,1,1
2535,2146,4,2,7
2536,2146,4,1,1
2536,2146,4,2,2
2537,2146,4,1,1
2537,2146,4,2,2
2538,2146,4,1,2
2538,2146,4,2,6
2539,2146,4,1,3
2539,2146,4,2,4
2540,2146,4,1,4
2540,2146,4,2,7
2541,2146,4,1,4
2541,2146,4,2,6
2542,2146,4,1,4
2542,2146,4,2,7
2543,2146,4,1,3
2543,2146,4,2,7
2544,2146,4,1,3
2544,2146,4,2,4
2545,2146,4,1,3
2545,2146,4,2,4
2546,2146,4,1,4
2546,2146,4,2,6
2547,2146,4,1,1
2547,2146,4,2,6
2548,2146,4,1,1
2548,2146,4,2,7
2549,2146,4,1,0
2549,2146,4,2,5
2550,2146,4,1,3
2550,2146,4,2,7
2551,2146,4,1,6
2551,2146,4,2,7
2552,2146,4,1,4
2552,2146,4,2,6
2553,2146,4,1,1
2553,2146,4,2,4
2554,2146,4,1,2
2554,2146,4,2,7
2555,2146,4,1,5
2555,2146,4,2,6
2556,2146,4,1,1
2556,2146,4,2,3
2557,2146,4,1,4
2557,2146,4,2,5
2558,2146,4,1,0
2558,2146,4,2,6
2559,2146,4,1,1
2559,2146,4,2,3
2528,2146,5,1,3
2528,2146,5,2,4
2529,2146,5,1,1
2529,2146,5,2,2
2530,2146,5,1,2
2530,2146,5,2,4
2531,2146,5,1,2
2531,2146,5,2,5
2532,2146,5,1,4
2532,2146,5,2,7
2533,2146,5,1,0
2533,2146,5,2,5
2534,2146,5,1,3
2534,2146,5,2,5
2535,2146,5,1,0
2535,2146,5,2,6
2536,2146,5,1,4
2536,2146,5,2,5
2537,2146,5,1,1
2537,2146,5,2,4
2538,2146,5,1,0
2538,2146,5,2,4
2539,2146,5,1,0
2539,2146,5,2,7
2540,2146,5,1,2
2540,2146,5,2,7
2541,2146,5,1,3
2541,2146,5,2,6
2542,2146,5,1,2
2542,2146,5,2,5
2543,2146,5,1,6
2543,2146,5,2,7
2544,2146,5,1,1
2544,2146,5,2,4
2545,2146,5,1,3
2545,2146,5,2,7
2546,2146,5,1,5
2546,2146,5,2,6
2547,2146,5,1,2
2547,2146,5,2,5
2548,2146,5,1,3
2548,2146,5,2,4
2549,2146,5,1,0
2549,2146,5,2,7
2550,2146,5,1,0
2550,2146,5,2,4
2551,2146,5,1,0
2551,2146,5,2,1
2552,2146,5,1,1
2552,2146,5,2,4
2553,2146,5,1,2
2553,2146,5,2,5
2554,2146,5,1,2
2554,2146,5,2,5
2555,2146,5,1,0
2555,2146,5,2,3
2556,2146,5,1,5
2556,2146,5,2,6
2557,2146,5,1,0
2557,2146,5,2,2
2558,2146,5,1,4
2558,2146,5,2,6
2559,2146,5,1,0
2559,2146,5,2,7
2528,2146,6,1,3
2528,2146,6,2,6
2529,2146,6,1,3
2529,2146,6,2,5
2530,2146,6,1,2
2530,2146,6,2,3
2531,2146,6,1,4
2531,2146,6,2,5
2532,2146,6,1,2
2532,2146,6,2,5
2533,2146,6,1,2
2533,2146,6,2,3
2534,2146,6,1,1
2534,2146,6,2,2
2535,2146,6,1,1
2535,2146,6,2,7
2536,2146,6,1,0
2536,2146,6,2,7
2537,2146,6,1,1
2537,2146,6,2,7
2538,2146,6,1,0
2538,2146,6,2,7
2539,2146,6,1,0
2539,2146,6,2,2
2540,2146,6,1,0
2540,2146,6,2,2
2541,2146,6,1,0
2541,2146,6,2,5
2542,2146,6,1,1
2542,2146,6,2,2
2543,2146,6,1,2
2543,2146,6,2,6
2544,2146,6,1,0
2544,2146,6,2,2
2545,2146,6,1,3
2545,2146,6,2,5
2546,2146,6,1,4
2546,2146,6,2,6
2547,2146,6,1,3
2547,2146,6,2,4
2548,2146,6,1,0
2548,2146,6,2,1
2549,2146,6,1,3
2549,2146,6,2,5
2550,2146,6,1,0
2550,2146,6,2,5
2551,2146,6,1,1
2551,2146,6,2,3
2552,2146,6,1,2
2552,2146,6,2,7
2553,2146,6,1,1
2553,2146,6,2,2
2554,2146,6,1,3
2554,2146,6,2,5
2555,2146,6,1,3
2555,2146,6,2,5
2556,2146,6,1,4
2556,2146,6,2,6
2557,2146,6,1,4
2557,2146,6,2,5
2558,2146,6,1,2
2558,2146,6,2,7
2559,2146,6,1,0
2559,2146,6,2,2
2528,2146,7,1,0
2528,2146,7,2,1
2529,2146,7,1,0
2529,2146,7,2,6
2530,2146,7,1,0
2530,2146,7,2,7
2531,2146,7,1,5
2531,2146,7,2,7
2532,2146,7,1,1
2532,2146,7,2,2
2533,2146,7,1,0
2533,2146,7,2,3
2534,2146,7,1,1
2534,2146,7,2,2
2535,2146,7,1,1
2535,2146,7,2,3
2536,2146,7,1,4
2536,2146,7,2,5
2537,2146,7,1,4
2537,2146,7,2,6
2538,2146,7,1,1
2538,2146,7,2,6
2539,2146,7,1,4
2539,2146,7,2,6
2540,2146,7,1,4
2540,2146,7,2,6
2541,2146,7,1,1
2541,2146,7,2,4
2542,2146,7,1,3
2542,2146,7,2,7
2543,2146,7,1,0
2543,2146,7,2,1
2544,2146,7,1,1
2544,2146,7,2,3
2545,2146,7,1,0
2545,2146,7,2,5
2546,2146,7,1,6
2546,2146,7,2,7
2547,2146,7,1,0
2547,2146,7,2,4
2548,2146,7,1,3
2548,2146,7,2,7
2549,2146,7,1,2
2549,2146,7,2,5
2550,2146,7,1,0
2550,2146,7,2,3
2551,2146,7,1,2
2551,2146,7,2,4
2552,2146,7,1,0
2552,2146,7,2,4
2553,2146,7,1,2
2553,2146,7,2,5
2554,2146,7,1,5
2554,2146,7,2,6
2555,2146,7,1,0
2555,2146,7,2,7
2556,2146,7,1,2
2556,2146,7,2,4
2557,2146,7,1,0
2557,2146,7,2,3
2558,2146,7,1,2
2558,2146,7,2,7
2559,2146,7,1,1
2559,2146,7,2,7
2528,2146,8,1,4
2528,2146,8,2,5
2529,2146,8,1,2
2529,2146,8,2,7
2530,2146,8,1,3
2530,2146,8,2,4
2531,2146,8,1,0
2531,2146,8,2,4
2532,2146,8,1,1
2532,2146,8,2,6
2533,2146,8,1,3
2533,2146,8,2,6
2534,2146,8,1,2
2534,2146,8,2,4
2535,2146,8,1,3
2535,2146,8,2,6
2536,2146,8,1,2
2536,2146,8,2,4
2537,2146,8,1,1
2537,2146,8,2,3
2538,2146,8,1,1
2538,2146,8,2,7
2539,2146,8,1,0
2539,2146,8,2,1
2540,2146,8,1,3
2540,2146,8,2,6
2541,2146,8,1,0
2541,2146,8,2,1
2542,2146,8,1,0
2542,2146,8,2,1
2543,2146,8,1,0
2543,2146,8,2,7
2544,2146,8,1,0
2544,2146,8,2,5
2545,2146,8,1,0
2545,2146,8,2,2
2546,2146,8,1,1
2546,2146,8,2,4
2547,2146,8,1,0
2547,2146,8,2,4
2548,2146,8,1,3
2548,2146,8,2,4
2549,2146,8,1,0
2549,2146,8,2,6
2550,2146,8,1,4
2550,2146,8,2,5
2551,2146,8,1,1
2551,2146,8,2,2
2552,2146,8,1,0
2552,2146,8,2,2
2553,2146,8,1,2
2553,2146,8,2,5
2554,2146,8,1,0
2554,2146,8,2,2
2555,2146,8,1,3
2555,2146,8,2,6
2556,2146,8,1,0
2556,2146,8,2,3
2557,2146,8,1,0
2557,2146,8,2,1
2558,2146,8,1,1
2558,2146,8,2,2
2559,2146,8,1,4
2559,2146,8,2,5
2528,2146,9,1,0
2528,2146,9,2,3
2529,2146,9,1,4
2529,2146,9,2,5
2530,2146,9,1,4
2530,2146,9,2,7
2531,2146,9,1,3
2531,2146,9,2,4
2532,2146,9,1,1
2532,2146,9,2,3
2533,2146,9,1,5
2533,2146,9,2,6
2534,2146,9,1,1
2534,2146,9,2,2
2535,2146,9,1,0
2535,2146,9,2,7
2536,2146,9,1,0
2536,2146,9,2,4
2537,2146,9,1,1
2537,2146,9,2,3
2538,2146,9,1,2
2538,2146,9,2,5
2539,2146,9,1,3
2539,2146,9,2,5
2540,2146,9,1,4
2540,2146,9,2,6
2541,2146,9,1,4
2541,2146,9,2,7
2542,2146,9,1,0
2542,2146,9,2,1
2543,2146,9,1,2
2543,2146,9,2,6
2544,2146,9,1,6
2544,2146,9,2,7
2545,2146,9,1,1
2545,2146,9,2,7
2546,2146,9,1,4
2546,2146,9,2,7
2547,2146,9,1,0
2547,2146,9,2,1
2548,2146,9,1,0
2548,2146,9,2,7
2549,2146,9,1,2
2549,2146,9,2,3
2550,2146,9,1,2
2550,2146,9,2,4
2551,2146,9,1,0
2551,2146,9,2,6
2552,2146,9,1,3
2552,2146,9,2,7
2553,2146,9,1,5
2553,2146,9,2,7
2554,2146,9,1,0
2554,2146,9,2,2
2555,2146,9,1,2
2555,2146,9,2,5
2556,2146,9,1,5
2556,2146,9,2,7
2557,2146,9,1,1
2557,2146,9,2,6
2558,2146,9,1,0
2558,2146,9,2,1
2559,2146,9,1,2
2559,2146,9,2,4
2528,2146,10,1,6
2528,2146,10,2,7
2529,2146,10,1,4
2529,2146,10,2,7
2530,2146,10,1,4
2530,2146,10,2,6
2531,2146,10,1,0
2531,2146,10,2,3
2532,2146,10,1,0
2532,2146,10,2,2
2533,2146,10,1,4
2533,2146,10,2,6
2534,2146,10,1,0
2534,2146,10,2,6
2535,2146,10,1,0
2535,2146,10,2,5
2536,2146,10,1,1
2536,2146,10,2,5
2537,2146,10,1,3
2537,2146,10,2,4
2538,2146,10,1,3
2538,2146,10,2,6
2539,2146,10,1,1
2539,2146,10,2,4
2540,2146,10,1,0
2540,2146,10,2,5
2541,2146,10,1,1
2541,2146,10,2,7
2542,2146,10,1,6
2542,2146,10,2,7
2543,2146,10,1,2
2543,2146,10,2,6
2544,2146,10,1,0
2544,2146,10,2,7
2545,2146,10,1,0
2545,2146,10,2,3
2546,2146,10,1,3
2546,2146,10,2,4
2547,2146,10,1,0
2547,2146,10,2,6
2548,2146,10,1,4
2548,2146,10,2,5
2549,2146,10,1,2
2549,2146,10,2,7
2550,2146,10,1,2
2550,2146,10,2,3
2551,2146,10,1,0
2551,2146,10,2,4
2552,2146,10,1,4
2552,2146,10,2,5
2553,2146,10,1,0
2553,2146,10,2,4
2554,2146,10,1,5
2554,2146,10,2,7
2555,2146,10,1,0
2555,2146,10,2,3
2556,2146,10,1,2
2556,2146,10,2,4
2557,2146,10,1,2
2557,2146,10,2,6
2558,2146,10,1,2
2558,2146,10,2,7
2559,2146,10,1,0
2559,2146,10,2,4
2528,2146,11,1,1
2528,2146,11,2,4
2529,2146,11,1,3
2529,2146,11,2,6
2530,2146,11,1,1
2530,2146,11,2,3
2531,2146,11,1,0
2531,2146,11,2,6
2532,2146,11,1,1
2532,2146,11,2,6
2533,2146,11,1,4
2533,2146,11,2,5
2534,2146,11,1,2
2534,2146,11,2,4
2535,2146,11,1,1
2535,2146,11,2,6
2536,2146,11,1,4
2536,2146,11,2,6
2537,2146,11,1,2
2537,2146,11,2,3
2538,2146,11,1,2
2538,2146,11,2,6
2539,2146,11,1,2
2539,2146,11,2,6
2540,2146,11,1,3
2540,2146,11,2,6
2541,2146,11,1,3
2541,2146,11,2,7
2542,2146,11,1,0
2542,2146,11,2,5
2543,2146,11,1,3
2543,2146,11,2,4
2544,2146,11,1,1
2544,2146,11,2,6
2545,2146,11,1,2
2545,2146,11,2,5
2546,2146,11,1,0
2546,2146,11,2,3
2547,2146,11,1,2
2547,2146,11,2,4
2548,2146,11,1,2
2548,2146,11,2,6
2549,2146,11,1,0
2549,2146,11,2,6
2550,2146,11,1,4
2550,2146,11,2,5
2551,2146,11,1,1
2551,2146,11,2,4
2552,2146,11,1,1
2552,2146,11,2,7
2553,2146,11,1,4
2553,2146,11,2,5
2554,2146,11,1,3
2554,2146,11,2,6
2555,2146,11,1,4
2555,2146,11,2,5
2556,2146,11,1,1
2556,2146,11,2,4
2557,2146,11,1,3
2557,2146,11,2,7
2558,2146,11,1,2
2558,2146,11,2,4
2559,2146,11,1,2
2559,2146,11,2,4
2528,2146,12,1,0
2528,2146,12,2,2
2529,2146,12,1,2
2529,2146,12,2,6
2530,2146,12,1,0
2530,2146,12,2,4
2531,2146,12,1,2
2531,2146,12,2,6
2532,2146,12,1,4
2532,2146,12,2,6
2533,2146,12,1,0
2533,2146,12,2,6
2534,2146,12,1,0
2534,2146,12,2,1
2535,2146,12,1,1
2535,2146,12,2,2
2536,2146,12,1,1
2536,2146,12,2,7
2537,2146,12,1,2
2537,2146,12,2,3
2538,2146,12,1,1
2538,2146,12,2,3
2539,2146,12,1,2
2539,2146,12,2,3
2540,2146,12,1,5
2540,2146,12,2,7
2541,2146,12,1,2
2541,2146,12,2,3
2542,2146,12,1,0
2542,2146,12,2,3
2543,2146,12,1,6
2543,2146,12,2,7
2544,2146,12,1,1
2544,2146,12,2,3
2545,2146,12,1,1
2545,2146,12,2,4
2546,2146,12,1,1
2546,2146,12,2,3
2547,2146,12,1,2
2547,2146,12,2,7
2548,2146,12,1,3
2548,2146,12,2,6
2549,2146,12,1,4
2549,2146,12,2,6
2550,2146,12,1,2
2550,2146,12,2,3
2551,2146,12,1,2
2551,2146,12,2,3
2552,2146,12,1,1
2552,2146,12,2,7
2553,2146,12,1,0
2553,2146,12,2,2
2554,2146,12,1,0
2554,2146,12,2,3
2555,2146,12,1,2
2555,2146,12,2,5
2556,2146,12,1,1
2556,2146,12,2,5
2557,2146,12,1,0
2557,2146,12,2,5
2558,2146,12,1,1
2558,2146,12,2,2
2559,2146,12,1,3
2559,2146,12,2,4
2528,2146,13,1,0
2528,2146,13,2,5
2529,2146,13,1,3
2529,2146,13,2,4
2530,2146,13,1,0
2530,2146,13,2,2
2531,2146,13,1,1
2531,2146,13,2,6
2532,2146,13,1,2
2532,2146,13,2,4
2533,2146,13,1,5
2533,2146,13,2,7
2534,2146,13,1,2
2534,2146,13,2,4
2535,2146,13,1,0
2535,2146,13,2,2
2536,2146,13,1,1
2536,2146,13,2,5
2537,2146,13,1,2
2537,2146,13,2,4
2538,2146,13,1,4
2538,2146,13,2,6
2539,2146,13,1,0
2539,2146,13,2,1
2540,2146,13,1,0
2540,2146,13,2,7
2541,2146,13,1,0
2541,2146,13,2,7
2542,2146,13,1,1
2542,2146,13,2,5
2543,2146,13,1,1
2543,2146,13,2,7
2544,2146,13,1,1
2544,2146,13,2,3
2545,2146,13,1,2
2545,2146,13,2,6
2546,2146,13,1,2
2546,2146,13,2,5
2547,2146,13,1,2
2547,2146,13,2,7
2548,2146,13,1,1
2548,2146,13,2,3
2549,2146,13,1,2
2549,2146,13,2,6
2550,2146,13,1,4
2550,2146,13,2,7
2551,2146,13,1,1
2551,2146,13,2,7
2552,2146,13,1,6
2552,2146,13,2,7
2553,2146,13,1,2
2553,2146,13,2,4
2554,2146,13,1,1
2554,2146,13,2,7
2555,2146,13,1,5
2555,2146,13,2,6
2556,2146,13,1,6
2556,2146,13,2,7
2557,2146,13,1,1
2557,2146,13,2,3
2558,2146,13,1,0
2558,2146,13,2,1
2559,2146,13,1,6
2559,2146,13,2,7
2528,2146,14,1,0
2528,2146,14,2,2
2529,2146,14,1,1
2529,2146,14,2,2
2530,2146,14,1,2
2530,2146,14,2,6
2531,2146,14,1,2
2531,2146,14,2,3
2532,2146,14,1,1
2532,2146,14,2,4
2533,2146,14,1,1
2533,2146,14,2,3
2534,2146,14,1,0
2534,2146,14,2,6
2535,2146,14,1,2
2535,2146,14,2,4
2536,2146,14,1,1
2536,2146,14,2,6
2537,2146,14,1,4
2537,2146,14,2,5
2538,2146,14,1,3
2538,2146,14,2,6
2539,2146,14,1,0
2539,2146,14,2,7
2540,2146,14,1,2
2540,2146,14,2,7
2541,2146,14,1,0
2541,2146,14,2,6
2542,2146,14,1,2
2542,2146,14,2,3
2543,2146,14,1,1
2543,2146,14,2,2
2544,2146,14,1,1
2544,2146,14,2,5
2545,2146,14,1,0
2545,2146,14,2,2
2546,2146,14,1,0
2546,2146,14,2,7
2547,2146,14,1,0
2547,2146,14,2,5
2548,2146,14,1,4
2548,2146,14,2,5
2549,2146,14,1,1
2549,2146,14,2,6
2550,2146,14,1,0
2550,2146,14,2,2
2551,2146,14,1,0
2551,2146,14,2,1
2552,2146,14,1,1
2552,2146,14,2,6
2553,2146,14,1,4
2553,2146,14,2,5
2554,2146,14,1,2
2554,2146,14,2,5
2555,2146,14,1,4
2555,2146,14,2,5
2556,2146,14,1,0
2556,2146,14,2,3
2557,2146,14,1,3
2557,2146,14,2,7
2558,2146,14,1,4
2558,2146,14,2,7
2559,2146,14,1,2
2559,2146,14,2,6
2528,2146,15,1,5
2528,2146,15,2,7
2529,2146,15,1,5
2529,2146,15,2,7
2530,2146,15,1,4
2530,2146,15,2,6
2531,2146,15,1,4
2531,2146,15,2,5
2532,2146,15,1,3
2532,2146,15,2,4
2533,2146,15,1,3
2533,2146,15,2,5
2534,2146,15,1,0
2534,2146,15,2,1
2535,2146,15,1,0
2535,2146,15,2,2
2536,2146,15,1,0
2536,2146,15,2,1
2537,2146,15,1,2
2537,2146,15,2,3
2538,2146,15,1,1
2538,2146,15,2,2
2539,2146,15,1,2
2539,2146,15,2,6
2540,2146,15,1,5
2540,2146,15,2,7
2541,2146,15,1,4
2541,2146,15,2,6
2542,2146,15,1,1
2542,2146,15,2,6
2543,2146,15,1,1
2543,2146,15,2,5
2544,2146,15,1,5
2544,2146,15,2,7
2545,2146,15,1,0
2545,2146,15,2,1
2546,2146,15,1,0
2546,2146,15,2,6
2547,2146,15,1,0
2547,2146,15,2,6
2548,2146,15,1,2
2548,2146,15,2,7
2549,2146,15,1,1
2549,2146,15,2,5
2550,2146,15,1,4
2550,2146,15,2,5
2551,2146,15,1,3
2551,2146,15,2,6
2552,2146,15,1,2
2552,2146,15,2,5
2553,2146,15,1,4
2553,2146,15,2,6
2554,2146,15,1,2
2554,2146,15,2,7
2555,2146,15,1,2
2555,2146,15,2,6
2556,2146,15,1,0
2556,2146,15,2,2
2557,2146,15,1,0
2557,2146,15,2,1
2558,2146,15,1,2
2558,2146,15,2,7
2559,2146,15,1,1
2559,2146,15,2,3
2528,2146,16,1,0
2528,2146,16,2,1
2529,2146,16,1,0
2529,2146,16,2,5
2530,2146,16,1,1
2530,2146,16,2,2
2531,2146,16,1,2
2531,2146,16,2,3
2532,2146,16,1,3
2532,2146,16,2,6
2533,2146,16,1,0
2533,2146,16,2,7
2534,2146,16,1,1
2534,2146,16,2,2
2535,2146,16,1,4
2535,2146,16,2,6
2536,2146,16,1,0
2536,2146,16,2,4
2537,2146,16,1,1
2537,2146,16,2,4
2538,2146,16,1,4
2538,2146,16,2,5
2539,2146,16,1,0
2539,2146,16,2,2
2540,2146,16,1,0
2540,2146,16,2,7
2541,2146,16,1,5
2541,2146,16,2,7
2542,2146,16,1,6
2542,2146,16,2,7
2543,2146,16,1,0
2543,2146,16,2,4
2544,2146,16,1,3
2544,2146,16,2,7
2545,2146,16,1,1
2545,2146,16,2,5
2546,2146,16,1,5
2546,2146,16,2,7
2547,2146,16,1,2
2547,2146,16,2,3
2548,2146,16,1,0
2548,2146,16,2,6
2549,2146,16,1,1
2549,2146,16,2,3
2550,2146,16,1,1
2550,2146,16,2,5
2551,2146,16,1,2
2551,2146,16,2,4
2552,2146,16,1,3
2552,2146,16,2,4
2553,2146,16,1,4
2553,2146,16,2,6
2554,2146,16,1,3
2554,2146,16,2,4
2555,2146,16,1,0
2555,2146,16,2,3
2556,2146,16,1,1
2556,2146,16,2,7
2557,2146,16,1,3
2557,2146,16,2,6
2558,2146,16,1,0
2558,2146,16,2,5
2559,2146,16,1,3
2559,2146,16,2,6
2528,2146,17,1,0
2528,2146,17,2,1
2529,2146,17,1,0
2529,2146,17,2,5
2530,2146,17,1,3
2530,2146,17,2,6
2531,2146,17,1,4
2531,2146,17,2,6
2532,2146,17,1,4
2532,2146,17,2,7
2533,2146,17,1,0
2533,2146,17,2,1
2534,2146,17,1,2
2534,2146,17,2,5
2535,2146,17,1,2
2535,2146,17,2,3
2536,2146,17,1,5
2536,2146,17,2,7
2537,2146,17,1,0
2537,2146,17,2,7
2538,2146,17,1,3
2538,2146,17,2,4
2539,2146,17,1,4
2539,2146,17,2,7
2540,2146,17,1,0
2540,2146,17,2,3
2541,2146,17,1,4
2541,2146,17,2,5
2542,2146,17,1,1
2542,2146,17,2,2
2543,2146,17,1,1
2543,2146,17,2,5
2544,2146,17,1,1
2544,2146,17,2,5
2545,2146,17,1,1
2545,2146,17,2,7
2546,2146,17,1,0
2546,2146,17,2,1
2547,2146,17,1,0
2547,2146,17,2,6
2548,2146,17,1,3
2548,2146,17,2,5
2549,2146,17,1,1
2549,2146,17,2,6
2550,2146,17,1,2
2550,2146,17,2,5
2551,2146,17,1,2
2551,2146,17,2,3
2552,2146,17,1,4
2552,2146,17,2,5
2553,2146,17,1,0
2553,2146,17,2,5
2554,2146,17,1,5
2554,2146,17,2,7
2555,2146,17,1,1
2555,2146,17,2,3
2556,2146,17,1,1
2556,2146,17,2,7
2557,2146,17,1,1
2557,2146,17,2,3
2558,2146,17,1,2
2558,2146,17,2,3
2559,2146,17,1,1
2559,2146,17,2,7
2528,2146,18,1,1
2528,2146,18,2,4
2529,2146,18,1,1
2529,2146,18,2,6
2530,2146,18,1,3
2530,2146,18,2,4
2531,2146,18,1,0
2531,2146,18,2,6
2532,2146,18,1,0
2532,2146,18,2,5
2533,2146,18,1,2
2533,2146,18,2,3
2534,2146,18,1,4
2534,2146,18,2,6
2535,2146,18,1,1
2535,2146,18,2,7
2536,2146,18,1,2
2536,2146,18,2,3
2537,2146,18,1,1
2537,2146,18,2,6
2538,2146,18,1,0
2538,2146,18,2,4
2539,2146,18,1,4
2539,2146,18,2,5
2540,2146,18,1,5
2540,2146,18,2,6
2541,2146,18,1,1
2541,2146,18,2,5
2542,2146,18,1,6
2542,2146,18,2,7
2543,2146,18,1,4
2543,2146,18,2,7
2544,2146,18,1,5
2544,2146,18,2,6
2545,2146,18,1,4
2545,2146,18,2,5
2546,2146,18,1,0
2546,2146,18,2,1
2547,2146,18,1,3
2547,2146,18,2,5
2548,2146,18,1,0
2548,2146,18,2,7
2549,2146,18,1,3
2549,2146,18,2,4
2550,2146,18,1,1
2550,2146,18,2,6
2551,2146,18,1,3
2551,2146,18,2,7
2552,2146,18,1,6
2552,2146,18,2,7
2553,2146,18,1,3
2553,2146,18,2,7
2554,2146,18,1,0
2554,2146,18,2,4
2555,2146,18,1,0
2555,2146,18,2,5
2556,2146,18,1,1
2556,2146,18,2,3
2557,2146,18,1,0
2557,2146,18,2,7
2558,2146,18,1,1
2558,2146,18,2,4
2559,2146,18,1,4
2559,2146,18,2,5
2528,2146,19,1,4
2528,2146,19,2,7
2529,2146,19,1,0
2529,2146,19,2,2
2530,2146,19,1,1
2530,2146,19,2,3
2531,2146,19,1,4
2531,2146,19,2,5
2532,2146,19,1,1
2532,2146,19,2,3
2533,2146,19,1,2
2533,2146,19,2,6
2534,2146,19,1,6
2534,2146,19,2,7
2535,2146,19,1,5
2535,2146,19,2,6
2536,2146,19,1,4
2536,2146,19,2,7
2537,2146,19,1,3
2537,2146,19,2,6
2538,2146,19,1,2
2538,2146,19,2,5
2539,2146,19,1,1
2539,2146,19,2,4
2540,2146,19,1,5
2540,2146,19,2,7
2541,2146,19,1,2
2541,2146,19,2,6
2542,2146,19,1,0
2542,2146,19,2,4
2543,2146,19,1,5
2543,2146,19,2,7
2544,2146,19,1,0
2544,2146,19,2,7
2545,2146,19,1,5
2545,2146,19,2,7
2546,2146,19,1,1
2546,2146,19,2,5
2547,2146,19,1,2
2547,2146,19,2,3
2548,2146,19,1,3
2548,2146,19,2,6
2549,2146,19,1,3
2549,2146,19,2,4
2550,2146,19,1,1
2550,2146,19,2,6
2551,2146,19,1,0
2551,2146,19,2,2
2552,2146,19,1,0
2552,2146,19,2,5
2553,2146,19,1,2
2553,2146,19,2,7
2554,2146,19,1,1
2554,2146,19,2,3
2555,2146,19,1,6
2555,2146,19,2,7
2556,2146,19,1,3
2556,2146,19,2,5
2557,2146,19,1,3
2557,2146,19,2,4
2558,2146,19,1,0
2558,2146,19,2,5
2559,2146,19,1,4
2559,2146,19,2,5
2528,2146,20,1,5
2528,2146,20,2,6
2529,2146,20,1,3
2529,2146,20,2,7
2530,2146,20,1,0
2530,2146,20,2,1
2531,2146,20,1,0
2531,2146,20,2,3
2532,2146,20,1,2
2532,2146,20,2,5
2533,2146,20,1,2
2533,2146,20,2,3
2534,2146,20,1,4
2534,2146,20,2,7
2535,2146,20,1,0
2535,2146,20,2,7
2536,2146,20,1,4
2536,2146,20,2,6
2537,2146,20,1,3
2537,2146,20,2,4
2538,2146,20,1,3
2538,2146,20,2,6
2539,2146,20,1,0
2539,2146,20,2,2
2540,2146,20,1,3
2540,2146,20,2,6
2541,2146,20,1,0
2541,2146,20,2,6
2542,2146,20,1,1
2542,2146,20,2,6
2543,2146,20,1,2
2543,2146,20,2,6
2544,2146,20,1,3
2544,2146,20,2,4
2545,2146,20,1,2
2545,2146,20,2,3
2546,2146,20,1,1
2546,2146,20,2,6
2547,2146,20,1,0
2547,2146,20,2,4
2548,2146,20,1,0
2548,2146,20,2,3
2549,2146,20,1,1
2549,2146,20,2,7
2550,2146,20,1,0
2550,2146,20,2,4
2551,2146,20,1,1
2551,2146,20,2,3
2552,2146,20,1,2
2552,2146,20,2,3
2553,2146,20,1,1
2553,2146,20,2,4
2554,2146,20,1,3
2554,2146,20,2,4
2555,2146,20,1,3
2555,2146,20,2,7
2556,2146,20,1,5
2556,2146,20,2,6
2557,2146,20,1,2
2557,2146,20,2,6
2558,2146,20,1,4
2558,2146,20,2,5
2559,2146,20,1,0
2559,2146,20,2,6
2528,2146,21,1,0
2528,2146,21,2,5
2529,2146,21,1,1
2529,2146,21,2,3
2530,2146,21,1,3
2530,2146,21,2,6
2531,2146,21,1,1
2531,2146,21,2,3
2532,2146,21,1,1
2532,2146,21,2,2
2533,2146,21,1,3
2533,2146,21,2,7
2534,2146,21,1,3
2534,2146,21,2,7
2535,2146,21,1,4
2535,2146,21,2,6
2536,2146,21,1,3
2536,2146,21,2,6
2537,2146,21,1,5
2537,2146,21,2,6
2538,2146,21,1,1
2538,2146,21,2,4
2539,2146,21,1,2
2539,2146,21,2,7
2540,2146,21,1,1
2540,2146,21,2,2
2541,2146,21,1,6
2541,2146,21,2,7
2542,2146,21,1,2
2542,2146,21,2,3
2543,2146,21,1,2
2543,2146,21,2,6
2544,2146,21,1,0
2544,2146,21,2,5
2545,2146,21,1,4
2545,2146,21,2,5
2546,2146,21,1,5
2546,2146,21,2,6
2547,2146,21,1,3
2547,2146,21,2,7
2548,2146,21,1,1
2548,2146,21,2,4
2549,2146,21,1,1
2549,2146,21,2,6
2550,2146,21,1,3
2550,2146,21,2,6
2551,2146,21,1,3
2551,2146,21,2,4
2552,2146,21,1,1
2552,2146,21,2,4
2553,2146,21,1,4
2553,2146,21,2,6
2554,2146,21,1,1
2554,2146,21,2,5
2555,2146,21,1,1
2555,2146,21,2,6
2556,2146,21,1,2
2556,2146,21,2,6
2557,2146,21,1,1
2557,2146,21,2,2
2558,2146,21,1,6
2558,2146,21,2,7
2559,2146,21,1,0
2559,2146,21,2,7
2528,2146,22,1,1
2528,2146,22,2,6
2529,2146,22,1,0
2529,2146,22,2,3
2530,2146,22,1,1
2530,2146,22,2,4
2531,2146,22,1,3
2531,2146,22,2,5
2532,2146,22,1,2
2532,2146,22,2,5
2533,2146,22,1,5
2533,2146,22,2,7
2534,2146,22,1,0
2534,2146,22,2,4
2535,2146,22,1,2
2535,2146,22,2,4
2536,2146,22,1,1
2536,2146,22,2,5
2537,2146,22,1,1
2537,2146,22,2,5
2538,2146,22,1,1
2538,2146,22,2,6
2539,2146,22,1,0
2539,2146,22,2,1
2540,2146,22,1,2
2540,2146,22,2,6
2541,2146,22,1,4
2541,2146,22,2,7
2542,2146,22,1,2
2542,2146,22,2,6
2543,2146,22,1,4
2543,2146,22,2,6
2544,2146,22,1,1
2544,2146,22,2,4
2545,2146,22,1,4
2545,2146,22,2,5
2546,2146,22,1,2
2546,2146,22,2,5
2547,2146,22,1,0
2547,2146,22,2,7
2548,2146,22,1,0
2548,2146,22,2,5
2549,2146,22,1,0
2549,2146,22,2,5
2550,2146,22,1,0
2550,2146,22,2,3
2551,2146,22,1,1
2551,2146,22,2,3
2552,2146,22,1,3
2552,2146,22,2,4
2553,2146,22,1,0
2553,2146,22,2,4
2554,2146,22,1,3
2554,2146,22,2,7
2555,2146,22,1,2
2555,2146,22,2,7
2556,2146,22,1,2
2556,2146,22,2,6
2557,2146,22,1,5
2557,2146,22,2,6
2558,2146,22,1,2
2558,2146,22,2,3
2559,2146,22,1,3
2559,2146,22,2,6
2528,2146,23,1,2
2528,2146,23,2,3
2529,2146,23,1,3
2529,2146,23,2,5
2530,2146,23,1,0
2530,2146,23,2,6
2531,2146,23,1,3
2531,2146,23,2,7
2532,2146,23,1,5
2532,2146,23,2,6
2533,2146,23,1,3
2533,2146,23,2,6
2534,2146,23,1,2
2534,2146,23,2,7
2535,2146,23,1,1
2535,2146,23,2,4
2536,2146,23,1,0
2536,2146,23,2,1
2537,2146,23,1,5
2537,2146,23,2,7
2538,2146,23,1,1
2538,2146,23,2,7
2539,2146,23,1,0
2539,2146,23,2,5
2540,2146,23,1,2
2540,2146,23,2,4
2541,2146,23,1,4
2541,2146,23,2,6
2542,2146,23,1,5
2542,2146,23,2,6
2543,2146,23,1,6
2543,2146,23,2,7
2544,2146,23,1,2
2544,2146,23,2,3
2545,2146,23,1,2
2545,2146,23,2,6
2546,2146,23,1,3
2546,2146,23,2,5
2547,2146,23,1,0
2547,2146,23,2,5
2548,2146,23,1,0
2548,2146,23,2,2
2549,2146,23,1,2
2549,2146,23,2,4
2550,2146,23,1,0
2550,2146,23,2,4
2551,2146,23,1,1
2551,2146,23,2,5
2552,2146,23,1,5
2552,2146,23,2,6
2553,2146,23,1,5
2553,2146,23,2,6
2554,2146,23,1,2
2554,2146,23,2,5
2555,2146,23,1,0
2555,2146,23,2,4
2556,2146,23,1,3
2556,2146,23,2,7
2557,2146,23,1,2
2557,2146,23,2,7
2558,2146,23,1,5
2558,2146,23,2,7
2559,2146,23,1,2
2559,2146,23,2,4
2528,2146,24,1,1
2528,2146,24,2,6
2529,2146,24,1,0
2529,2146,24,2,3
2530,2146,24,1,1
2530,2146,24,2,7
2531,2146,24,1,0
2531,2146,24,2,2
2532,2146,24,1,6
2532,2146,24,2,7
2533,2146,24,1,0
2533,2146,24,2,1
2534,2146,24,1,2
2534,2146,24,2,5
2535,2146,24,1,3
2535,2146,24,2,5
2536,2146,24,1,0
2536,2146,24,2,5
2537,2146,24,1,4
2537,2146,24,2,6
2538,2146,24,1,2
2538,2146,24,2,3
2539,2146,24,1,2
2539,2146,24,2,7
2540,2146,24,1,4
2540,2146,24,2,5
2541,2146,24,1,0
2541,2146,24,2,3
2542,2146,24,1,2
2542,2146,24,2,6
2543,2146,24,1,4
2543,2146,24,2,7
2544,2146,24,1,1
2544,2146,24,2,3
2545,2146,24,1,0
2545,2146,24,2,4
2546,2146,24,1,6
2546,2146,24,2,7
2547,2146,24,1,1
2547,2146,24,2,2
2548,2146,24,1,0
2548,2146,24,2,1
2549,2146,24,1,1
2549,2146,24,2,2
2550,2146,24,1,0
2550,2146,24,2,4
2551,2146,24,1,0
2551,2146,24,2,1
2552,2146,24,1,3
2552,2146,24,2,5
2553,2146,24,1,2
2553,2146,24,2,7
2554,2146,24,1,0
2554,2146,24,2,1
2555,2146,24,1,1
2555,2146,24,2,6
2556,2146,24,1,4
2556,2146,24,2,5
2557,2146,24,1,5
2557,2146,24,2,6
2558,2146,24,1,2
2558,2146,24,2,6
2559,2146,24,1,5
2559,2146,24,2,6
2528,2146,25,1,1
2528,2146,25,2,4
2529,2146,25,1,1
2529,2146,25,2,6
2530,2146,25,1,1
2530,2146,25,2,2
2531,2146,25,1,1
2531,2146,25,2,7
2532,2146,25,1,1
2532,2146,25,2,2
2533,2146,25,1,1
2533,2146,25,2,4
2534,2146,25,1,1
2534,2146,25,2,7
2535,2146,25,1,3
2535,2146,25,2,6
2536,2146,25,1,2
2536,2146,25,2,4
2537,2146,25,1,4
2537,2146,25,2,7
2538,2146,25,1,5
2538,2146,25,2,6
2539,2146,25,1,1
2539,2146,25,2,2
2540,2146,25,1,5
2540,2146,25,2,6
2541,2146,25,1,1
2541,2146,25,2,5
2542,2146,25,1,1
2542,2146,25,2,2
2543,2146,25,1,0
2543,2146,25,2,1
2544,2146,25,1,5
2544,2146,25,2,6
2545,2146,25,1,0
2545,2146,25,2,5
2546,2146,25,1,1
2546,2146,25,2,6
2547,2146,25,1,1
2547,2146,25,2,7
2548,2146,25,1,0
2548,2146,25,2,5
2549,2146,25,1,1
2549,2146,25,2,3
2550,2146,25,1,0
2550,2146,25,2,7
2551,2146,25,1,1
2551,2146,25,2,3
2552,2146,25,1,4
2552,2146,25,2,6
2553,2146,25,1,0
2553,2146,25,2,3
2554,2146,25,1,0
2554,2146,25,2,3
2555,2146,25,1,5
2555,2146,25,2,6
2556,2146,25,1,4
2556,2146,25,2,6
2557,2146,25,1,4
2557,2146,25,2,6
2558,2146,25,1,0
2558,2146,25,2,7
2559,2146,25,1,1
2559,2146,25,2,4
2528,2146,26,1,1
2528,2146,26,2,4
2529,2146,26,1,3
2529,2146,26,2,6
2530,2146,26,1,1
2530,2146,26,2,5
2531,2146,26,1,2
2531,2146,26,2,3
2532,2146,26,1,0
2532,2146,26,2,1
2533,2146,26,1,5
2533,2146,26,2,7
2534,2146,26,1,1
2534,2146,26,2,7
2535,2146,26,1,0
2535,2146,26,2,7
2536,2146,26,1,1
2536,2146,26,2,2
2537,2146,26,1,2
2537,2146,26,2,7
2538,2146,26,1,0
2538,2146,26,2,1
2539,2146,26,1,1
2539,2146,26,2,4
2540,2146,26,1,0
2540,2146,26,2,1
2541,2146,26,1,0
2541,2146,26,2,6
2542,2146,26,1,2
2542,2146,26,2,6
2543,2146,26,1,2
2543,2146,26,2,4
2544,2146,26,1,0
2544,2146,26,2,1
2545,2146,26,1,3
2545,2146,26,2,7
2546,2146,26,1,5
2546,2146,26,2,6
2547,2146,26,1,4
2547,2146,26,2,6
2548,2146,26,1,0
2548,2146,26,2,1
2549,2146,26,1,2
2549,2146,26,2,6
2550,2146,26,1,0
2550,2146,26,2,4
2551,2146,26,1,0
2551,2146,26,2,7
2552,2146,26,1,1
2552,2146,26,2,3
2553,2146,26,1,5
2553,2146,26,2,7
2554,2146,26,1,1
2554,2146,26,2,2
2555,2146,26,1,0
2555,2146,26,2,5
2556,2146,26,1,0
2556,2146,26,2,4
2557,2146,26,1,0
2557,2146,26,2,6
2558,2146,26,1,2
2558,2146,26,2,7
2559,2146,26,1,1
2559,2146,26,2,2
2528,2146,27,1,1
2528,2146,27,2,3
2529,2146,27,1,4
2529,2146,27,2,5
2530,2146,27,1,2
2530,2146,27,2,5
2531,2146,27,1,6
2531,2146,27,2,7
2532,2146,27,1,3
2532,2146,27,2,6
2533,2146,27,1,0
2533,2146,27,2,2
2534,2146,27,1,1
2534,2146,27,2,5
2535,2146,27,1,0
2535,2146,27,2,5
2536,2146,27,1,3
2536,2146,27,2,4
2537,2146,27,1,3
2537,2146,27,2,5
2538,2146,27,1,2
2538,2146,27,2,4
2539,2146,27,1,4
2539,2146,27,2,7
2540,2146,27,1,4
2540,2146,27,2,7
2541,2146,27,1,1
2541,2146,27,2,6
2542,2146,27,1,4
2542,2146,27,2,5
2543,2146,27,1,1
2543,2146,27,2,4
2544,2146,27,1,1
2544,2146,27,2,3
2545,2146,27,1,1
2545,2146,27,2,5
2546,2146,27,1,1
2546,2146,27,2,3
2547,2146,27,1,6
2547,2146,27,2,7
2548,2146,27,1,1
2548,2146,27,2,6
2549,2146,27,1,0
2549,2146,27,2,2
2550,2146,27,1,6
2550,2146,27,2,7
2551,2146,27,1,2
2551,2146,27,2,7
2552,2146,27,1,5
2552,2146,27,2,6
2553,2146,27,1,0
2553,2146,27,2,2
2554,2146,27,1,2
2554,2146,27,2,7
2555,2146,27,1,2
2555,2146,27,2,6
2556,2146,27,1,0
2556,2146,27,2,4
2557,2146,27,1,1
2557,2146,27,2,2
2558,2146,27,1,1
2558,2146,27,2,2
2559,2146,27,1,5
2559,2146,27,2,7
2528,2146,28,1,0
2528,2146,28,2,7
2529,2146,28,1,2
2529,2146,28,2,3
2530,2146,28,1,1
2530,2146,28,2,7
2531,2146,28,1,1
2531,2146,28,2,2
2532,2146,28,1,3
2532,2146,28,2,5
2533,2146,28,1,2
2533,2146,28,2,7
2534,2146,28,1,1
2534,2146,28,2,6
2535,2146,28,1,2
2535,2146,28,2,4
2536,2146,28,1,2
2536,2146,28,2,4
2537,2146,28,1,0
2537,2146,28,2,1
2538,2146,28,1,1
2538,2146,28,2,4
2539,2146,28,1,5
2539,2146,28,2,6
2540,2146,28,1,3
2540,2146,28,2,6
2541,2146,28,1,1
2541,2146,28,2,3
2542,2146,28,1,1
2542,2146,28,2,4
2543,2146,28,1,6
2543,2146,28,2,7
2544,2146,28,1,0
2544,2146,28,2,5
2545,2146,28,1,4
2545,2146,28,2,7
2546,2146,28,1,1
2546,2146,28,2,5
2547,2146,28,1,1
2547,2146,28,2,4
2548,2146,28,1,2
2548,2146,28,2,7
2549,2146,28,1,4
2549,2146,28,2,7
2550,2146,28,1,5
2550,2146,28,2,7
2551,2146,28,1,0
2551,2146,28,2,5
2552,2146,28,1,3
2552,2146,28,2,6
2553,2146,28,1,2
2553,2146,28,2,3
2554,2146,28,1,0
2554,2146,28,2,3
2555,2146,28,1,0
2555,2146,28,2,4
2556,2146,28,1,0
2556,2146,28,2,7
2557,2146,28,1,0
2557,2146,28,2,5
2558,2146,28,1,0
2558,2146,28,2,6
2559,2146,28,1,1
2559,2146,28,2,3
2528,2146,29,1,0
2528,2146,29,2,3
2529,2146,29,1,2
2529,2146,29,2,5
2530,2146,29,1,2
2530,2146,29,2,4
2531,2146,29,1,3
2531,2146,29,2,6
2532,2146,29,1,1
2532,2146,29,2,7
2533,2146,29,1,2
2533,2146,29,2,6
2534,2146,29,1,3
2534,2146,29,2,7
2535,2146,29,1,2
2535,2146,29,2,6
2536,2146,29,1,2
2536,2146,29,2,6
2537,2146,29,1,1
2537,2146,29,2,2
2538,2146,29,1,4
2538,2146,29,2,5
2539,2146,29,1,2
2539,2146,29,2,4
2540,2146,29,1,3
2540,2146,29,2,5
2541,2146,29,1,4
2541,2146,29,2,5
2542,2146,29,1,0
2542,2146,29,2,3
2543,2146,29,1,1
2543,2146,29,2,6
2544,2146,29,1,3
2544,2146,29,2,5
2545,2146,29,1,0
2545,2146,29,2,7
2546,2146,29,1,1
2546,2146,29,2,6
2547,2146,29,1,3
2547,2146,29,2,6
2548,2146,29,1,2
2548,2146,29,2,7
2549,2146,29,1,2
2549,2146,29,2,3
2550,2146,29,1,3
2550,2146,29,2,4
2551,2146,29,1,4
2551,2146,29,2,7
2552,2146,29,1,2
2552,2146,29,2,5
2553,2146,29,1,1
2553,2146,29,2,3
2554,2146,29,1,0
2554,2146,29,2,7
2555,2146,29,1,0
2555,2146,29,2,5
2556,2146,29,1,0
2556,2146,29,2,5
2557,2146,29,1,0
2557,2146,29,2,2
2558,2146,29,1,1
2558,2146,29,2,7
2559,2146,29,1,0
2559,2146,29,2,2
2528,2146,30,1,0
2528,2146,30,2,2
2529,2146,30,1,1
2529,2146,30,2,7
2530,2146,30,1,4
2530,2146,30,2,5
2531,2146,30,1,0
2531,2146,30,2,3
2532,2146,30,1,4
2532,2146,30,2,6
2533,2146,30,1,4
2533,2146,30,2,5
2534,2146,30,1,1
2534,2146,30,2,4
2535,2146,30,1,1
2535,2146,30,2,3
2536,2146,30,1,0
2536,2146,30,2,6
2537,2146,30,1,3
2537,2146,30,2,4
2538,2146,30,1,1
2538,2146,30,2,2
2539,2146,30,1,5
2539,2146,30,2,7
2540,2146,30,1,3
2540,2146,30,2,5
2541,2146,30,1,0
2541,2146,30,2,7
2542,2146,30,1,3
2542,2146,30,2,7
2543,2146,30,1,2
2543,2146,30,2,5
2544,2146,30,1,0
2544,2146,30,2,7
2545,2146,30,1,0
2545,2146,30,2,5
2546,2146,30,1,0
2546,2146,30,2,6
2547,2146,30,1,0
2547,2146,30,2,5
2548,2146,30,1,4
2548,2146,30,2,5
2549,2146,30,1,5
2549,2146,30,2,6
2550,2146,30,1,0
2550,2146,30,2,7
2551,2146,30,1,0
2551,2146,30,2,2
2552,2146,30,1,6
2552,2146,30,2,7
2553,2146,30,1,3
2553,2146,30,2,7
2554,2146,30,1,2
2554,2146,30,2,7
2555,2146,30,1,0
2555,2146,30,2,6
2556,2146,30,1,1
2556,2146,30,2,7
2557,2146,30,1,1
2557,2146,30,2,4
2558,2146,30,1,0
2558,2146,30,2,6
2559,2146,30,1,3
2559,2146,30,2,7
2528,2146,31,1,3
2528,2146,31,2,6
2529,2146,31,1,1
2529,2146,31,2,6
2530,2146,31,1,0
2530,2146,31,2,4
2531,2146,31,1,6
2531,2146,31,2,7
2532,2146,31,1,2
2532,2146,31,2,7
2533,2146,31,1,1
2533,2146,31,2,6
2534,2146,31,1,3
2534,2146,31,2,4
2535,2146,31,1,0
2535,2146,31,2,5
2536,2146,31,1,2
2536,2146,31,2,7
2537,2146,31,1,0
2537,2146,31,2,4
2538,2146,31,1,0
2538,2146,31,2,1
2539,2146,31,1,4
2539,2146,31,2,7
2540,2146,31,1,4
2540,2146,31,2,5
2541,2146,31,1,0
2541,2146,31,2,6
2542,2146,31,1,6
2542,2146,31,2,7
2543,2146,31,1,1
2543,2146,31,2,4
2544,2146,31,1,3
2544,2146,31,2,7
2545,2146,31,1,3
2545,2146,31,2,7
2546,2146,31,1,1
2546,2146,31,2,7
2547,2146,31,1,4
2547,2146,31,2,6
2548,2146,31,1,1
2548,2146,31,2,5
2549,2146,31,1,2
2549,2146,31,2,5
2550,2146,31,1,1
2550,2146,31,2,4
2551,2146,31,1,5
2551,2146,31,2,7
2552,2146,31,1,2
2552,2146,31,2,3
2553,2146,31,1,0
2553,2146,31,2,1
2554,2146,31,1,4
2554,2146,31,2,7
2555,2146,31,1,1
2555,2146,31,2,7
2556,2146,31,1,0
2556,2146,31,2,4
2557,2146,31,1,2
2557,2146,31,2,3
2558,2146,31,1,2
2558,2146,31,2,4
2559,2146,31,1,4
2559,2146,31,2,5
