device_id,layer_id,operation,processor,start_time,end_time,duration
0,0,MoE_decoder_0,GPU,0,250646,250646
0,0,input_layer_norm,GPU,0,158.854,158.854
0,0,attention,GPU,158.854,33504.3,33345.5
0,0,attn_qkv_proj,GPU,158.854,4020.24,3861.38
0,0,Linear,GPU,158.854,4020.24,3861.38
0,0,self_attention,GPU,4020.24,25667.1,21646.9
0,0,AttentionSplit,GPU,4020.24,4020.24,0
0,0,AttentionSum,GPU,4020.24,4020.24,0
0,0,AttentionGen,GPU,4020.24,25667.1,21646.9
0,0,AttentionMerge,GPU,25667.1,25667.1,0
0,0,attn_o_proj,GPU,25667.1,28267.4,2600.32
0,0,Linear,GPU,25667.1,28267.4,2600.32
0,0,all_reduce,GPU,28267.4,33504.3,5236.91
0,0,residual_1,GPU,33504.3,33663.2,158.854
0,0,post_attn_layer_norm,GPU,33663.2,33822.1,158.854
0,0,expertFFN,GPU,33822.1,250487,216665
0,0,sync_0,GPU,33822.1,33822.1,0
0,0,sync__set,GPU,33822.1,33822.1,0
0,0,sync__,GPU,33822.1,33822.1,0
0,0,gate_fn,GPU,33822.1,33920,97.9093
0,0,Linear,GPU,33822.1,33920,97.9093
0,0,gate_update,GPU,33920,33920,0
0,0,moe_scatter,GPU,33920,33920,0
0,0,sync_for_moe_scatter,GPU,33920,33920,0
0,0,sync__set,GPU,33920,33920,0
0,0,sync__,GPU,33920,33920,0
0,0,moe_route,GPU,33920,33920,0
0,0,expert_FFN_0,GPU,33920,139497,105577
0,0,gate_proj,GPU,33920,69043.9,35123.9
0,0,Linear,GPU,33920,69043.9,35123.9
0,0,activation,GPU,69043.9,69249.2,205.289
0,0,up_proj,GPU,69249.2,104373,35123.9
0,0,Linear,GPU,69249.2,104373,35123.9
0,0,down_proj,GPU,104373,139497,35123.9
0,0,Linear,GPU,104373,139497,35123.9
0,0,expert_FFN_1,GPU,139497,245250,105753
0,0,gate_proj,GPU,139497,174654,35156.9
0,0,Linear,GPU,139497,174654,35156.9
0,0,activation,GPU,174654,174936,282.272
0,0,up_proj,GPU,174936,210093,35156.9
0,0,Linear,GPU,174936,210093,35156.9
0,0,down_proj,GPU,210093,245250,35156.9
0,0,Linear,GPU,210093,245250,35156.9
0,0,sync_2,GPU,245250,245250,0
0,0,sync__set,GPU,245250,245250,0
0,0,sync__,GPU,245250,245250,0
0,0,moe_all_reduce_for_e_tp,GPU,245250,245250,0
0,0,sync_3,GPU,245250,245250,0
0,0,sync__set,GPU,245250,245250,0
0,0,sync__,GPU,245250,245250,0
0,0,moe_gather,GPU,245250,245250,0
0,0,sync_for_moe_gather,GPU,245250,245250,0
0,0,sync__set,GPU,245250,245250,0
0,0,sync__,GPU,245250,245250,0
0,0,moe_all_reduce_for_gather,GPU,245250,250487,5236.91
0,0,sync_5,GPU,250487,250487,0
0,0,sync__set,GPU,250487,250487,0
0,0,sync__,GPU,250487,250487,0
0,0,sync_6,GPU,250487,250487,0
0,0,sync__set,GPU,250487,250487,0
0,0,sync__,GPU,250487,250487,0
0,0,residual_2,GPU,250487,250646,158.854
0,1,MoE_decoder_1,GPU,250646,501292,250646
0,1,input_layer_norm,GPU,250646,250805,158.854
0,1,attention,GPU,250805,284150,33345.5
0,1,attn_qkv_proj,GPU,250805,254666,3861.38
0,1,Linear,GPU,250805,254666,3861.38
0,1,self_attention,GPU,254666,276313,21646.9
0,1,AttentionSplit,GPU,254666,254666,0
0,1,AttentionSum,GPU,254666,254666,0
0,1,AttentionGen,GPU,254666,276313,21646.9
0,1,AttentionMerge,GPU,276313,276313,0
0,1,attn_o_proj,GPU,276313,278913,2600.32
0,1,Linear,GPU,276313,278913,2600.32
0,1,all_reduce,GPU,278913,284150,5236.91
0,1,residual_1,GPU,284150,284309,158.854
0,1,post_attn_layer_norm,GPU,284309,284468,158.854
0,1,expertFFN,GPU,284468,501133,216665
0,1,sync_0,GPU,284468,284468,0
0,1,sync__set,GPU,284468,284468,0
0,1,sync__,GPU,284468,284468,0
0,1,gate_fn,GPU,284468,284566,97.9093
0,1,Linear,GPU,284468,284566,97.9093
0,1,gate_update,GPU,284566,284566,0
0,1,moe_scatter,GPU,284566,284566,0
0,1,sync_for_moe_scatter,GPU,284566,284566,0
0,1,sync__set,GPU,284566,284566,0
0,1,sync__,GPU,284566,284566,0
0,1,moe_route,GPU,284566,284566,0
0,1,expert_FFN_0,GPU,284566,390202,105636
0,1,gate_proj,GPU,284566,319701,35134.9
0,1,Linear,GPU,284566,319701,35134.9
0,1,activation,GPU,319701,319932,230.95
0,1,up_proj,GPU,319932,355067,35134.9
0,1,Linear,GPU,319932,355067,35134.9
0,1,down_proj,GPU,355067,390202,35134.9
0,1,Linear,GPU,355067,390202,35134.9
0,1,expert_FFN_1,GPU,390202,495427,105225
0,1,gate_proj,GPU,390202,425260,35057.9
0,1,Linear,GPU,390202,425260,35057.9
0,1,activation,GPU,425260,425311,51.3222
0,1,up_proj,GPU,425311,460369,35057.9
0,1,Linear,GPU,425311,460369,35057.9
0,1,down_proj,GPU,460369,495427,35057.9
0,1,Linear,GPU,460369,495427,35057.9
0,1,sync_2,GPU,495427,495896,469.232
0,1,sync__set,GPU,495427,495427,0
0,1,sync__,GPU,495427,495896,469.232
0,1,moe_all_reduce_for_e_tp,GPU,495896,495896,0
0,1,sync_3,GPU,495896,495896,0
0,1,sync__set,GPU,495896,495896,0
0,1,sync__,GPU,495896,495896,0
0,1,moe_gather,GPU,495896,495896,0
0,1,sync_for_moe_gather,GPU,495896,495896,0
0,1,sync__set,GPU,495896,495896,0
0,1,sync__,GPU,495896,495896,0
0,1,moe_all_reduce_for_gather,GPU,495896,501133,5236.91
0,1,sync_5,GPU,501133,501133,0
0,1,sync__set,GPU,501133,501133,0
0,1,sync__,GPU,501133,501133,0
0,1,sync_6,GPU,501133,501133,0
0,1,sync__set,GPU,501133,501133,0
0,1,sync__,GPU,501133,501133,0
0,1,residual_2,GPU,501133,501292,158.854
0,2,MoE_decoder_2,GPU,501292,752172,250880
0,2,input_layer_norm,GPU,501292,501451,158.854
0,2,attention,GPU,501451,534796,33345.5
0,2,attn_qkv_proj,GPU,501451,505312,3861.38
0,2,Linear,GPU,501451,505312,3861.38
0,2,self_attention,GPU,505312,526959,21646.9
0,2,AttentionSplit,GPU,505312,505312,0
0,2,AttentionSum,GPU,505312,505312,0
0,2,AttentionGen,GPU,505312,526959,21646.9
0,2,AttentionMerge,GPU,526959,526959,0
0,2,attn_o_proj,GPU,526959,529559,2600.32
0,2,Linear,GPU,526959,529559,2600.32
0,2,all_reduce,GPU,529559,534796,5236.91
0,2,residual_1,GPU,534796,534955,158.854
0,2,post_attn_layer_norm,GPU,534955,535114,158.854
0,2,expertFFN,GPU,535114,752013,216900
0,2,sync_0,GPU,535114,535114,0
0,2,sync__set,GPU,535114,535114,0
0,2,sync__,GPU,535114,535114,0
0,2,gate_fn,GPU,535114,535212,97.9093
0,2,Linear,GPU,535114,535212,97.9093
0,2,gate_update,GPU,535212,535212,0
0,2,moe_scatter,GPU,535212,535212,0
0,2,sync_for_moe_scatter,GPU,535212,535212,0
0,2,sync__set,GPU,535212,535212,0
0,2,sync__,GPU,535212,535212,0
0,2,moe_route,GPU,535212,535212,0
0,2,expert_FFN_0,GPU,535212,640906,105694
0,2,gate_proj,GPU,535212,570358,35145.9
0,2,Linear,GPU,535212,570358,35145.9
0,2,activation,GPU,570358,570614,256.611
0,2,up_proj,GPU,570614,605760,35145.9
0,2,Linear,GPU,570614,605760,35145.9
0,2,down_proj,GPU,605760,640906,35145.9
0,2,Linear,GPU,605760,640906,35145.9
0,2,expert_FFN_1,GPU,640906,746366,105460
0,2,gate_proj,GPU,640906,676008,35101.9
0,2,Linear,GPU,640906,676008,35101.9
0,2,activation,GPU,676008,676162,153.967
0,2,up_proj,GPU,676162,711264,35101.9
0,2,Linear,GPU,676162,711264,35101.9
0,2,down_proj,GPU,711264,746366,35101.9
0,2,Linear,GPU,711264,746366,35101.9
0,2,sync_2,GPU,746366,746776,410.578
0,2,sync__set,GPU,746366,746366,0
0,2,sync__,GPU,746366,746776,410.578
0,2,moe_all_reduce_for_e_tp,GPU,746776,746776,0
0,2,sync_3,GPU,746776,746776,0
0,2,sync__set,GPU,746776,746776,0
0,2,sync__,GPU,746776,746776,0
0,2,moe_gather,GPU,746776,746776,0
0,2,sync_for_moe_gather,GPU,746776,746776,0
0,2,sync__set,GPU,746776,746776,0
0,2,sync__,GPU,746776,746776,0
0,2,moe_all_reduce_for_gather,GPU,746776,752013,5236.91
0,2,sync_5,GPU,752013,752013,0
0,2,sync__set,GPU,752013,752013,0
0,2,sync__,GPU,752013,752013,0
0,2,sync_6,GPU,752013,752013,0
0,2,sync__set,GPU,752013,752013,0
0,2,sync__,GPU,752013,752013,0
0,2,residual_2,GPU,752013,752172,158.854
0,3,MoE_decoder_3,GPU,752172,1.00276e+06,250587
0,3,input_layer_norm,GPU,752172,752331,158.854
0,3,attention,GPU,752331,785677,33345.5
0,3,attn_qkv_proj,GPU,752331,756192,3861.38
0,3,Linear,GPU,752331,756192,3861.38
0,3,self_attention,GPU,756192,777839,21646.9
0,3,AttentionSplit,GPU,756192,756192,0
0,3,AttentionSum,GPU,756192,756192,0
0,3,AttentionGen,GPU,756192,777839,21646.9
0,3,AttentionMerge,GPU,777839,777839,0
0,3,attn_o_proj,GPU,777839,780440,2600.32
0,3,Linear,GPU,777839,780440,2600.32
0,3,all_reduce,GPU,780440,785677,5236.91
0,3,residual_1,GPU,785677,785835,158.854
0,3,post_attn_layer_norm,GPU,785835,785994,158.854
0,3,expertFFN,GPU,785994,1.0026e+06,216606
0,3,sync_0,GPU,785994,785994,0
0,3,sync__set,GPU,785994,785994,0
0,3,sync__,GPU,785994,785994,0
0,3,gate_fn,GPU,785994,786092,97.9093
0,3,Linear,GPU,785994,786092,97.9093
0,3,gate_update,GPU,786092,786092,0
0,3,moe_scatter,GPU,786092,786092,0
0,3,sync_for_moe_scatter,GPU,786092,786092,0
0,3,sync__set,GPU,786092,786092,0
0,3,sync__,GPU,786092,786092,0
0,3,moe_route,GPU,786092,786092,0
0,3,expert_FFN_0,GPU,786092,891728,105636
0,3,gate_proj,GPU,786092,821227,35134.9
0,3,Linear,GPU,786092,821227,35134.9
0,3,activation,GPU,821227,821458,230.95
0,3,up_proj,GPU,821458,856593,35134.9
0,3,Linear,GPU,821458,856593,35134.9
0,3,down_proj,GPU,856593,891728,35134.9
0,3,Linear,GPU,856593,891728,35134.9
0,3,expert_FFN_1,GPU,891728,997129,105401
0,3,gate_proj,GPU,891728,926819,35090.9
0,3,Linear,GPU,891728,926819,35090.9
0,3,activation,GPU,926819,926947,128.305
0,3,up_proj,GPU,926947,962038,35090.9
0,3,Linear,GPU,926947,962038,35090.9
0,3,down_proj,GPU,962038,997129,35090.9
0,3,Linear,GPU,962038,997129,35090.9
0,3,sync_2,GPU,997129,997364,234.616
0,3,sync__set,GPU,997129,997129,0
0,3,sync__,GPU,997129,997364,234.616
0,3,moe_all_reduce_for_e_tp,GPU,997364,997364,0
0,3,sync_3,GPU,997364,997364,0
0,3,sync__set,GPU,997364,997364,0
0,3,sync__,GPU,997364,997364,0
0,3,moe_gather,GPU,997364,997364,0
0,3,sync_for_moe_gather,GPU,997364,997364,0
0,3,sync__set,GPU,997364,997364,0
0,3,sync__,GPU,997364,997364,0
0,3,moe_all_reduce_for_gather,GPU,997364,1.0026e+06,5236.91
0,3,sync_5,GPU,1.0026e+06,1.0026e+06,0
0,3,sync__set,GPU,1.0026e+06,1.0026e+06,0
0,3,sync__,GPU,1.0026e+06,1.0026e+06,0
0,3,sync_6,GPU,1.0026e+06,1.0026e+06,0
0,3,sync__set,GPU,1.0026e+06,1.0026e+06,0
0,3,sync__,GPU,1.0026e+06,1.0026e+06,0
0,3,residual_2,GPU,1.0026e+06,1.00276e+06,158.854
0,4,MoE_decoder_4,GPU,1.00276e+06,1.2537e+06,250939
0,4,input_layer_norm,GPU,1.00276e+06,1.00292e+06,158.854
0,4,attention,GPU,1.00292e+06,1.03626e+06,33345.5
0,4,attn_qkv_proj,GPU,1.00292e+06,1.00678e+06,3861.38
0,4,Linear,GPU,1.00292e+06,1.00678e+06,3861.38
0,4,self_attention,GPU,1.00678e+06,1.02843e+06,21646.9
0,4,AttentionSplit,GPU,1.00678e+06,1.00678e+06,0
0,4,AttentionSum,GPU,1.00678e+06,1.00678e+06,0
0,4,AttentionGen,GPU,1.00678e+06,1.02843e+06,21646.9
0,4,AttentionMerge,GPU,1.02843e+06,1.02843e+06,0
0,4,attn_o_proj,GPU,1.02843e+06,1.03103e+06,2600.32
0,4,Linear,GPU,1.02843e+06,1.03103e+06,2600.32
0,4,all_reduce,GPU,1.03103e+06,1.03626e+06,5236.91
0,4,residual_1,GPU,1.03626e+06,1.03642e+06,158.854
0,4,post_attn_layer_norm,GPU,1.03642e+06,1.03658e+06,158.854
0,4,expertFFN,GPU,1.03658e+06,1.25354e+06,216958
0,4,sync_0,GPU,1.03658e+06,1.03658e+06,0
0,4,sync__set,GPU,1.03658e+06,1.03658e+06,0
0,4,sync__,GPU,1.03658e+06,1.03658e+06,0
0,4,gate_fn,GPU,1.03658e+06,1.03668e+06,97.9093
0,4,Linear,GPU,1.03658e+06,1.03668e+06,97.9093
0,4,gate_update,GPU,1.03668e+06,1.03668e+06,0
0,4,moe_scatter,GPU,1.03668e+06,1.03668e+06,0
0,4,sync_for_moe_scatter,GPU,1.03668e+06,1.03668e+06,0
0,4,sync__set,GPU,1.03668e+06,1.03668e+06,0
0,4,sync__,GPU,1.03668e+06,1.03668e+06,0
0,4,moe_route,GPU,1.03668e+06,1.03668e+06,0
0,4,expert_FFN_0,GPU,1.03668e+06,1.14226e+06,105577
0,4,gate_proj,GPU,1.03668e+06,1.0718e+06,35123.9
0,4,Linear,GPU,1.03668e+06,1.0718e+06,35123.9
0,4,activation,GPU,1.0718e+06,1.07201e+06,205.289
0,4,up_proj,GPU,1.07201e+06,1.10713e+06,35123.9
0,4,Linear,GPU,1.07201e+06,1.10713e+06,35123.9
0,4,down_proj,GPU,1.10713e+06,1.14226e+06,35123.9
0,4,Linear,GPU,1.10713e+06,1.14226e+06,35123.9
0,4,expert_FFN_1,GPU,1.14226e+06,1.24777e+06,105518
0,4,gate_proj,GPU,1.14226e+06,1.17737e+06,35112.9
0,4,Linear,GPU,1.14226e+06,1.17737e+06,35112.9
0,4,activation,GPU,1.17737e+06,1.17755e+06,179.628
0,4,up_proj,GPU,1.17755e+06,1.21266e+06,35112.9
0,4,Linear,GPU,1.17755e+06,1.21266e+06,35112.9
0,4,down_proj,GPU,1.21266e+06,1.24777e+06,35112.9
0,4,Linear,GPU,1.21266e+06,1.24777e+06,35112.9
0,4,sync_2,GPU,1.24777e+06,1.2483e+06,527.885
0,4,sync__set,GPU,1.24777e+06,1.24777e+06,0
0,4,sync__,GPU,1.24777e+06,1.2483e+06,527.885
0,4,moe_all_reduce_for_e_tp,GPU,1.2483e+06,1.2483e+06,0
0,4,sync_3,GPU,1.2483e+06,1.2483e+06,0
0,4,sync__set,GPU,1.2483e+06,1.2483e+06,0
0,4,sync__,GPU,1.2483e+06,1.2483e+06,0
0,4,moe_gather,GPU,1.2483e+06,1.2483e+06,0
0,4,sync_for_moe_gather,GPU,1.2483e+06,1.2483e+06,0
0,4,sync__set,GPU,1.2483e+06,1.2483e+06,0
0,4,sync__,GPU,1.2483e+06,1.2483e+06,0
0,4,moe_all_reduce_for_gather,GPU,1.2483e+06,1.25354e+06,5236.91
0,4,sync_5,GPU,1.25354e+06,1.25354e+06,0
0,4,sync__set,GPU,1.25354e+06,1.25354e+06,0
0,4,sync__,GPU,1.25354e+06,1.25354e+06,0
0,4,sync_6,GPU,1.25354e+06,1.25354e+06,0
0,4,sync__set,GPU,1.25354e+06,1.25354e+06,0
0,4,sync__,GPU,1.25354e+06,1.25354e+06,0
0,4,residual_2,GPU,1.25354e+06,1.2537e+06,158.854
0,5,MoE_decoder_5,GPU,1.2537e+06,1.50434e+06,250646
0,5,input_layer_norm,GPU,1.2537e+06,1.25386e+06,158.854
0,5,attention,GPU,1.25386e+06,1.2872e+06,33345.5
0,5,attn_qkv_proj,GPU,1.25386e+06,1.25772e+06,3861.38
0,5,Linear,GPU,1.25386e+06,1.25772e+06,3861.38
0,5,self_attention,GPU,1.25772e+06,1.27937e+06,21646.9
0,5,AttentionSplit,GPU,1.25772e+06,1.25772e+06,0
0,5,AttentionSum,GPU,1.25772e+06,1.25772e+06,0
0,5,AttentionGen,GPU,1.25772e+06,1.27937e+06,21646.9
0,5,AttentionMerge,GPU,1.27937e+06,1.27937e+06,0
0,5,attn_o_proj,GPU,1.27937e+06,1.28197e+06,2600.32
0,5,Linear,GPU,1.27937e+06,1.28197e+06,2600.32
0,5,all_reduce,GPU,1.28197e+06,1.2872e+06,5236.91
0,5,residual_1,GPU,1.2872e+06,1.28736e+06,158.854
0,5,post_attn_layer_norm,GPU,1.28736e+06,1.28752e+06,158.854
0,5,expertFFN,GPU,1.28752e+06,1.50419e+06,216665
0,5,sync_0,GPU,1.28752e+06,1.28752e+06,0
0,5,sync__set,GPU,1.28752e+06,1.28752e+06,0
0,5,sync__,GPU,1.28752e+06,1.28752e+06,0
0,5,gate_fn,GPU,1.28752e+06,1.28762e+06,97.9093
0,5,Linear,GPU,1.28752e+06,1.28762e+06,97.9093
0,5,gate_update,GPU,1.28762e+06,1.28762e+06,0
0,5,moe_scatter,GPU,1.28762e+06,1.28762e+06,0
0,5,sync_for_moe_scatter,GPU,1.28762e+06,1.28762e+06,0
0,5,sync__set,GPU,1.28762e+06,1.28762e+06,0
0,5,sync__,GPU,1.28762e+06,1.28762e+06,0
0,5,moe_route,GPU,1.28762e+06,1.28762e+06,0
0,5,expert_FFN_0,GPU,1.28762e+06,1.39308e+06,105460
0,5,gate_proj,GPU,1.28762e+06,1.32272e+06,35101.9
0,5,Linear,GPU,1.28762e+06,1.32272e+06,35101.9
0,5,activation,GPU,1.32272e+06,1.32287e+06,153.967
0,5,up_proj,GPU,1.32287e+06,1.35798e+06,35101.9
0,5,Linear,GPU,1.32287e+06,1.35798e+06,35101.9
0,5,down_proj,GPU,1.35798e+06,1.39308e+06,35101.9
0,5,Linear,GPU,1.35798e+06,1.39308e+06,35101.9
0,5,expert_FFN_1,GPU,1.39308e+06,1.49854e+06,105460
0,5,gate_proj,GPU,1.39308e+06,1.42818e+06,35101.9
0,5,Linear,GPU,1.39308e+06,1.42818e+06,35101.9
0,5,activation,GPU,1.42818e+06,1.42833e+06,153.967
0,5,up_proj,GPU,1.42833e+06,1.46344e+06,35101.9
0,5,Linear,GPU,1.42833e+06,1.46344e+06,35101.9
0,5,down_proj,GPU,1.46344e+06,1.49854e+06,35101.9
0,5,Linear,GPU,1.46344e+06,1.49854e+06,35101.9
0,5,sync_2,GPU,1.49854e+06,1.49895e+06,410.578
0,5,sync__set,GPU,1.49854e+06,1.49854e+06,0
0,5,sync__,GPU,1.49854e+06,1.49895e+06,410.578
0,5,moe_all_reduce_for_e_tp,GPU,1.49895e+06,1.49895e+06,0
0,5,sync_3,GPU,1.49895e+06,1.49895e+06,0
0,5,sync__set,GPU,1.49895e+06,1.49895e+06,0
0,5,sync__,GPU,1.49895e+06,1.49895e+06,0
0,5,moe_gather,GPU,1.49895e+06,1.49895e+06,0
0,5,sync_for_moe_gather,GPU,1.49895e+06,1.49895e+06,0
0,5,sync__set,GPU,1.49895e+06,1.49895e+06,0
0,5,sync__,GPU,1.49895e+06,1.49895e+06,0
0,5,moe_all_reduce_for_gather,GPU,1.49895e+06,1.50419e+06,5236.91
0,5,sync_5,GPU,1.50419e+06,1.50419e+06,0
0,5,sync__set,GPU,1.50419e+06,1.50419e+06,0
0,5,sync__,GPU,1.50419e+06,1.50419e+06,0
0,5,sync_6,GPU,1.50419e+06,1.50419e+06,0
0,5,sync__set,GPU,1.50419e+06,1.50419e+06,0
0,5,sync__,GPU,1.50419e+06,1.50419e+06,0
0,5,residual_2,GPU,1.50419e+06,1.50434e+06,158.854
0,6,MoE_decoder_6,GPU,1.50434e+06,1.75511e+06,250763
0,6,input_layer_norm,GPU,1.50434e+06,1.5045e+06,158.854
0,6,attention,GPU,1.5045e+06,1.53785e+06,33345.5
0,6,attn_qkv_proj,GPU,1.5045e+06,1.50836e+06,3861.38
0,6,Linear,GPU,1.5045e+06,1.50836e+06,3861.38
0,6,self_attention,GPU,1.50836e+06,1.53001e+06,21646.9
0,6,AttentionSplit,GPU,1.50836e+06,1.50836e+06,0
0,6,AttentionSum,GPU,1.50836e+06,1.50836e+06,0
0,6,AttentionGen,GPU,1.50836e+06,1.53001e+06,21646.9
0,6,AttentionMerge,GPU,1.53001e+06,1.53001e+06,0
0,6,attn_o_proj,GPU,1.53001e+06,1.53261e+06,2600.32
0,6,Linear,GPU,1.53001e+06,1.53261e+06,2600.32
0,6,all_reduce,GPU,1.53261e+06,1.53785e+06,5236.91
0,6,residual_1,GPU,1.53785e+06,1.53801e+06,158.854
0,6,post_attn_layer_norm,GPU,1.53801e+06,1.53817e+06,158.854
0,6,expertFFN,GPU,1.53817e+06,1.75495e+06,216782
0,6,sync_0,GPU,1.53817e+06,1.53817e+06,0
0,6,sync__set,GPU,1.53817e+06,1.53817e+06,0
0,6,sync__,GPU,1.53817e+06,1.53817e+06,0
0,6,gate_fn,GPU,1.53817e+06,1.53826e+06,97.9093
0,6,Linear,GPU,1.53817e+06,1.53826e+06,97.9093
0,6,gate_update,GPU,1.53826e+06,1.53826e+06,0
0,6,moe_scatter,GPU,1.53826e+06,1.53826e+06,0
0,6,sync_for_moe_scatter,GPU,1.53826e+06,1.53826e+06,0
0,6,sync__set,GPU,1.53826e+06,1.53826e+06,0
0,6,sync__,GPU,1.53826e+06,1.53826e+06,0
0,6,moe_route,GPU,1.53826e+06,1.53826e+06,0
0,6,expert_FFN_0,GPU,1.53826e+06,1.64402e+06,105753
0,6,gate_proj,GPU,1.53826e+06,1.57342e+06,35156.9
0,6,Linear,GPU,1.53826e+06,1.57342e+06,35156.9
0,6,activation,GPU,1.57342e+06,1.5737e+06,282.272
0,6,up_proj,GPU,1.5737e+06,1.60886e+06,35156.9
0,6,Linear,GPU,1.5737e+06,1.60886e+06,35156.9
0,6,down_proj,GPU,1.60886e+06,1.64402e+06,35156.9
0,6,Linear,GPU,1.60886e+06,1.64402e+06,35156.9
0,6,expert_FFN_1,GPU,1.64402e+06,1.74971e+06,105694
0,6,gate_proj,GPU,1.64402e+06,1.67916e+06,35145.9
0,6,Linear,GPU,1.64402e+06,1.67916e+06,35145.9
0,6,activation,GPU,1.67916e+06,1.67942e+06,256.611
0,6,up_proj,GPU,1.67942e+06,1.71457e+06,35145.9
0,6,Linear,GPU,1.67942e+06,1.71457e+06,35145.9
0,6,down_proj,GPU,1.71457e+06,1.74971e+06,35145.9
0,6,Linear,GPU,1.71457e+06,1.74971e+06,35145.9
0,6,sync_2,GPU,1.74971e+06,1.74971e+06,0
0,6,sync__set,GPU,1.74971e+06,1.74971e+06,0
0,6,sync__,GPU,1.74971e+06,1.74971e+06,0
0,6,moe_all_reduce_for_e_tp,GPU,1.74971e+06,1.74971e+06,0
0,6,sync_3,GPU,1.74971e+06,1.74971e+06,0
0,6,sync__set,GPU,1.74971e+06,1.74971e+06,0
0,6,sync__,GPU,1.74971e+06,1.74971e+06,0
0,6,moe_gather,GPU,1.74971e+06,1.74971e+06,0
0,6,sync_for_moe_gather,GPU,1.74971e+06,1.74971e+06,0
0,6,sync__set,GPU,1.74971e+06,1.74971e+06,0
0,6,sync__,GPU,1.74971e+06,1.74971e+06,0
0,6,moe_all_reduce_for_gather,GPU,1.74971e+06,1.75495e+06,5236.91
0,6,sync_5,GPU,1.75495e+06,1.75495e+06,0
0,6,sync__set,GPU,1.75495e+06,1.75495e+06,0
0,6,sync__,GPU,1.75495e+06,1.75495e+06,0
0,6,sync_6,GPU,1.75495e+06,1.75495e+06,0
0,6,sync__set,GPU,1.75495e+06,1.75495e+06,0
0,6,sync__,GPU,1.75495e+06,1.75495e+06,0
0,6,residual_2,GPU,1.75495e+06,1.75511e+06,158.854
0,7,MoE_decoder_7,GPU,1.75511e+06,2.00569e+06,250587
0,7,input_layer_norm,GPU,1.75511e+06,1.75527e+06,158.854
0,7,attention,GPU,1.75527e+06,1.78861e+06,33345.5
0,7,attn_qkv_proj,GPU,1.75527e+06,1.75913e+06,3861.38
0,7,Linear,GPU,1.75527e+06,1.75913e+06,3861.38
0,7,self_attention,GPU,1.75913e+06,1.78077e+06,21646.9
0,7,AttentionSplit,GPU,1.75913e+06,1.75913e+06,0
0,7,AttentionSum,GPU,1.75913e+06,1.75913e+06,0
0,7,AttentionGen,GPU,1.75913e+06,1.78077e+06,21646.9
0,7,AttentionMerge,GPU,1.78077e+06,1.78077e+06,0
0,7,attn_o_proj,GPU,1.78077e+06,1.78338e+06,2600.32
0,7,Linear,GPU,1.78077e+06,1.78338e+06,2600.32
0,7,all_reduce,GPU,1.78338e+06,1.78861e+06,5236.91
0,7,residual_1,GPU,1.78861e+06,1.78877e+06,158.854
0,7,post_attn_layer_norm,GPU,1.78877e+06,1.78893e+06,158.854
0,7,expertFFN,GPU,1.78893e+06,2.00554e+06,216606
0,7,sync_0,GPU,1.78893e+06,1.78893e+06,0
0,7,sync__set,GPU,1.78893e+06,1.78893e+06,0
0,7,sync__,GPU,1.78893e+06,1.78893e+06,0
0,7,gate_fn,GPU,1.78893e+06,1.78903e+06,97.9093
0,7,Linear,GPU,1.78893e+06,1.78903e+06,97.9093
0,7,gate_update,GPU,1.78903e+06,1.78903e+06,0
0,7,moe_scatter,GPU,1.78903e+06,1.78903e+06,0
0,7,sync_for_moe_scatter,GPU,1.78903e+06,1.78903e+06,0
0,7,sync__set,GPU,1.78903e+06,1.78903e+06,0
0,7,sync__,GPU,1.78903e+06,1.78903e+06,0
0,7,moe_route,GPU,1.78903e+06,1.78903e+06,0
0,7,expert_FFN_0,GPU,1.78903e+06,1.8949e+06,105870
0,7,gate_proj,GPU,1.78903e+06,1.82421e+06,35178.9
0,7,Linear,GPU,1.78903e+06,1.82421e+06,35178.9
0,7,activation,GPU,1.82421e+06,1.82454e+06,333.594
0,7,up_proj,GPU,1.82454e+06,1.85972e+06,35178.9
0,7,Linear,GPU,1.82454e+06,1.85972e+06,35178.9
0,7,down_proj,GPU,1.85972e+06,1.8949e+06,35178.9
0,7,Linear,GPU,1.85972e+06,1.8949e+06,35178.9
0,7,expert_FFN_1,GPU,1.8949e+06,2.0003e+06,105401
0,7,gate_proj,GPU,1.8949e+06,1.92999e+06,35090.9
0,7,Linear,GPU,1.8949e+06,1.92999e+06,35090.9
0,7,activation,GPU,1.92999e+06,1.93012e+06,128.305
0,7,up_proj,GPU,1.93012e+06,1.96521e+06,35090.9
0,7,Linear,GPU,1.93012e+06,1.96521e+06,35090.9
0,7,down_proj,GPU,1.96521e+06,2.0003e+06,35090.9
0,7,Linear,GPU,1.96521e+06,2.0003e+06,35090.9
0,7,sync_2,GPU,2.0003e+06,2.0003e+06,0
0,7,sync__set,GPU,2.0003e+06,2.0003e+06,0
0,7,sync__,GPU,2.0003e+06,2.0003e+06,0
0,7,moe_all_reduce_for_e_tp,GPU,2.0003e+06,2.0003e+06,0
0,7,sync_3,GPU,2.0003e+06,2.0003e+06,0
0,7,sync__set,GPU,2.0003e+06,2.0003e+06,0
0,7,sync__,GPU,2.0003e+06,2.0003e+06,0
0,7,moe_gather,GPU,2.0003e+06,2.0003e+06,0
0,7,sync_for_moe_gather,GPU,2.0003e+06,2.0003e+06,0
0,7,sync__set,GPU,2.0003e+06,2.0003e+06,0
0,7,sync__,GPU,2.0003e+06,2.0003e+06,0
0,7,moe_all_reduce_for_gather,GPU,2.0003e+06,2.00554e+06,5236.91
0,7,sync_5,GPU,2.00554e+06,2.00554e+06,0
0,7,sync__set,GPU,2.00554e+06,2.00554e+06,0
0,7,sync__,GPU,2.00554e+06,2.00554e+06,0
0,7,sync_6,GPU,2.00554e+06,2.00554e+06,0
0,7,sync__set,GPU,2.00554e+06,2.00554e+06,0
0,7,sync__,GPU,2.00554e+06,2.00554e+06,0
0,7,residual_2,GPU,2.00554e+06,2.00569e+06,158.854
0,8,MoE_decoder_8,GPU,2.00569e+06,2.25622e+06,250529
0,8,input_layer_norm,GPU,2.00569e+06,2.00585e+06,158.854
0,8,attention,GPU,2.00585e+06,2.0392e+06,33345.5
0,8,attn_qkv_proj,GPU,2.00585e+06,2.00972e+06,3861.38
0,8,Linear,GPU,2.00585e+06,2.00972e+06,3861.38
0,8,self_attention,GPU,2.00972e+06,2.03136e+06,21646.9
0,8,AttentionSplit,GPU,2.00972e+06,2.00972e+06,0
0,8,AttentionSum,GPU,2.00972e+06,2.00972e+06,0
0,8,AttentionGen,GPU,2.00972e+06,2.03136e+06,21646.9
0,8,AttentionMerge,GPU,2.03136e+06,2.03136e+06,0
0,8,attn_o_proj,GPU,2.03136e+06,2.03396e+06,2600.32
0,8,Linear,GPU,2.03136e+06,2.03396e+06,2600.32
0,8,all_reduce,GPU,2.03396e+06,2.0392e+06,5236.91
0,8,residual_1,GPU,2.0392e+06,2.03936e+06,158.854
0,8,post_attn_layer_norm,GPU,2.03936e+06,2.03952e+06,158.854
0,8,expertFFN,GPU,2.03952e+06,2.25606e+06,216548
0,8,sync_0,GPU,2.03952e+06,2.03952e+06,0
0,8,sync__set,GPU,2.03952e+06,2.03952e+06,0
0,8,sync__,GPU,2.03952e+06,2.03952e+06,0
0,8,gate_fn,GPU,2.03952e+06,2.03961e+06,97.9093
0,8,Linear,GPU,2.03952e+06,2.03961e+06,97.9093
0,8,gate_update,GPU,2.03961e+06,2.03961e+06,0
0,8,moe_scatter,GPU,2.03961e+06,2.03961e+06,0
0,8,sync_for_moe_scatter,GPU,2.03961e+06,2.03961e+06,0
0,8,sync__set,GPU,2.03961e+06,2.03961e+06,0
0,8,sync__,GPU,2.03961e+06,2.03961e+06,0
0,8,moe_route,GPU,2.03961e+06,2.03961e+06,0
0,8,expert_FFN_0,GPU,2.03961e+06,2.14525e+06,105636
0,8,gate_proj,GPU,2.03961e+06,2.07475e+06,35134.9
0,8,Linear,GPU,2.03961e+06,2.07475e+06,35134.9
0,8,activation,GPU,2.07475e+06,2.07498e+06,230.95
0,8,up_proj,GPU,2.07498e+06,2.11012e+06,35134.9
0,8,Linear,GPU,2.07498e+06,2.11012e+06,35134.9
0,8,down_proj,GPU,2.11012e+06,2.14525e+06,35134.9
0,8,Linear,GPU,2.11012e+06,2.14525e+06,35134.9
0,8,expert_FFN_1,GPU,2.14525e+06,2.25077e+06,105518
0,8,gate_proj,GPU,2.14525e+06,2.18036e+06,35112.9
0,8,Linear,GPU,2.14525e+06,2.18036e+06,35112.9
0,8,activation,GPU,2.18036e+06,2.18054e+06,179.628
0,8,up_proj,GPU,2.18054e+06,2.21566e+06,35112.9
0,8,Linear,GPU,2.18054e+06,2.21566e+06,35112.9
0,8,down_proj,GPU,2.21566e+06,2.25077e+06,35112.9
0,8,Linear,GPU,2.21566e+06,2.25077e+06,35112.9
0,8,sync_2,GPU,2.25077e+06,2.25083e+06,58.6539
0,8,sync__set,GPU,2.25077e+06,2.25077e+06,0
0,8,sync__,GPU,2.25077e+06,2.25083e+06,58.6539
0,8,moe_all_reduce_for_e_tp,GPU,2.25083e+06,2.25083e+06,0
0,8,sync_3,GPU,2.25083e+06,2.25083e+06,0
0,8,sync__set,GPU,2.25083e+06,2.25083e+06,0
0,8,sync__,GPU,2.25083e+06,2.25083e+06,0
0,8,moe_gather,GPU,2.25083e+06,2.25083e+06,0
0,8,sync_for_moe_gather,GPU,2.25083e+06,2.25083e+06,0
0,8,sync__set,GPU,2.25083e+06,2.25083e+06,0
0,8,sync__,GPU,2.25083e+06,2.25083e+06,0
0,8,moe_all_reduce_for_gather,GPU,2.25083e+06,2.25606e+06,5236.91
0,8,sync_5,GPU,2.25606e+06,2.25606e+06,0
0,8,sync__set,GPU,2.25606e+06,2.25606e+06,0
0,8,sync__,GPU,2.25606e+06,2.25606e+06,0
0,8,sync_6,GPU,2.25606e+06,2.25606e+06,0
0,8,sync__set,GPU,2.25606e+06,2.25606e+06,0
0,8,sync__,GPU,2.25606e+06,2.25606e+06,0
0,8,residual_2,GPU,2.25606e+06,2.25622e+06,158.854
0,9,MoE_decoder_9,GPU,2.25622e+06,2.50693e+06,250705
0,9,input_layer_norm,GPU,2.25622e+06,2.25638e+06,158.854
0,9,attention,GPU,2.25638e+06,2.28973e+06,33345.5
0,9,attn_qkv_proj,GPU,2.25638e+06,2.26024e+06,3861.38
0,9,Linear,GPU,2.25638e+06,2.26024e+06,3861.38
0,9,self_attention,GPU,2.26024e+06,2.28189e+06,21646.9
0,9,AttentionSplit,GPU,2.26024e+06,2.26024e+06,0
0,9,AttentionSum,GPU,2.26024e+06,2.26024e+06,0
0,9,AttentionGen,GPU,2.26024e+06,2.28189e+06,21646.9
0,9,AttentionMerge,GPU,2.28189e+06,2.28189e+06,0
0,9,attn_o_proj,GPU,2.28189e+06,2.28449e+06,2600.32
0,9,Linear,GPU,2.28189e+06,2.28449e+06,2600.32
0,9,all_reduce,GPU,2.28449e+06,2.28973e+06,5236.91
0,9,residual_1,GPU,2.28973e+06,2.28989e+06,158.854
0,9,post_attn_layer_norm,GPU,2.28989e+06,2.29005e+06,158.854
0,9,expertFFN,GPU,2.29005e+06,2.50677e+06,216724
0,9,sync_0,GPU,2.29005e+06,2.29005e+06,0
0,9,sync__set,GPU,2.29005e+06,2.29005e+06,0
0,9,sync__,GPU,2.29005e+06,2.29005e+06,0
0,9,gate_fn,GPU,2.29005e+06,2.29014e+06,97.9093
0,9,Linear,GPU,2.29005e+06,2.29014e+06,97.9093
0,9,gate_update,GPU,2.29014e+06,2.29014e+06,0
0,9,moe_scatter,GPU,2.29014e+06,2.29014e+06,0
0,9,sync_for_moe_scatter,GPU,2.29014e+06,2.29014e+06,0
0,9,sync__set,GPU,2.29014e+06,2.29014e+06,0
0,9,sync__,GPU,2.29014e+06,2.29014e+06,0
0,9,moe_route,GPU,2.29014e+06,2.29014e+06,0
0,9,expert_FFN_0,GPU,2.29014e+06,2.39554e+06,105401
0,9,gate_proj,GPU,2.29014e+06,2.32523e+06,35090.9
0,9,Linear,GPU,2.29014e+06,2.32523e+06,35090.9
0,9,activation,GPU,2.32523e+06,2.32536e+06,128.305
0,9,up_proj,GPU,2.32536e+06,2.36045e+06,35090.9
0,9,Linear,GPU,2.32536e+06,2.36045e+06,35090.9
0,9,down_proj,GPU,2.36045e+06,2.39554e+06,35090.9
0,9,Linear,GPU,2.36045e+06,2.39554e+06,35090.9
0,9,expert_FFN_1,GPU,2.39554e+06,2.50118e+06,105636
0,9,gate_proj,GPU,2.39554e+06,2.43068e+06,35134.9
0,9,Linear,GPU,2.39554e+06,2.43068e+06,35134.9
0,9,activation,GPU,2.43068e+06,2.43091e+06,230.95
0,9,up_proj,GPU,2.43091e+06,2.46605e+06,35134.9
0,9,Linear,GPU,2.43091e+06,2.46605e+06,35134.9
0,9,down_proj,GPU,2.46605e+06,2.50118e+06,35134.9
0,9,Linear,GPU,2.46605e+06,2.50118e+06,35134.9
0,9,sync_2,GPU,2.50118e+06,2.50153e+06,351.924
0,9,sync__set,GPU,2.50118e+06,2.50118e+06,0
0,9,sync__,GPU,2.50118e+06,2.50153e+06,351.924
0,9,moe_all_reduce_for_e_tp,GPU,2.50153e+06,2.50153e+06,0
0,9,sync_3,GPU,2.50153e+06,2.50153e+06,0
0,9,sync__set,GPU,2.50153e+06,2.50153e+06,0
0,9,sync__,GPU,2.50153e+06,2.50153e+06,0
0,9,moe_gather,GPU,2.50153e+06,2.50153e+06,0
0,9,sync_for_moe_gather,GPU,2.50153e+06,2.50153e+06,0
0,9,sync__set,GPU,2.50153e+06,2.50153e+06,0
0,9,sync__,GPU,2.50153e+06,2.50153e+06,0
0,9,moe_all_reduce_for_gather,GPU,2.50153e+06,2.50677e+06,5236.91
0,9,sync_5,GPU,2.50677e+06,2.50677e+06,0
0,9,sync__set,GPU,2.50677e+06,2.50677e+06,0
0,9,sync__,GPU,2.50677e+06,2.50677e+06,0
0,9,sync_6,GPU,2.50677e+06,2.50677e+06,0
0,9,sync__set,GPU,2.50677e+06,2.50677e+06,0
0,9,sync__,GPU,2.50677e+06,2.50677e+06,0
0,9,residual_2,GPU,2.50677e+06,2.50693e+06,158.854
0,10,MoE_decoder_10,GPU,2.50693e+06,2.75769e+06,250763
0,10,input_layer_norm,GPU,2.50693e+06,2.50709e+06,158.854
0,10,attention,GPU,2.50709e+06,2.54043e+06,33345.5
0,10,attn_qkv_proj,GPU,2.50709e+06,2.51095e+06,3861.38
0,10,Linear,GPU,2.50709e+06,2.51095e+06,3861.38
0,10,self_attention,GPU,2.51095e+06,2.5326e+06,21646.9
0,10,AttentionSplit,GPU,2.51095e+06,2.51095e+06,0
0,10,AttentionSum,GPU,2.51095e+06,2.51095e+06,0
0,10,AttentionGen,GPU,2.51095e+06,2.5326e+06,21646.9
0,10,AttentionMerge,GPU,2.5326e+06,2.5326e+06,0
0,10,attn_o_proj,GPU,2.5326e+06,2.5352e+06,2600.32
0,10,Linear,GPU,2.5326e+06,2.5352e+06,2600.32
0,10,all_reduce,GPU,2.5352e+06,2.54043e+06,5236.91
0,10,residual_1,GPU,2.54043e+06,2.54059e+06,158.854
0,10,post_attn_layer_norm,GPU,2.54059e+06,2.54075e+06,158.854
0,10,expertFFN,GPU,2.54075e+06,2.75753e+06,216782
0,10,sync_0,GPU,2.54075e+06,2.54075e+06,0
0,10,sync__set,GPU,2.54075e+06,2.54075e+06,0
0,10,sync__,GPU,2.54075e+06,2.54075e+06,0
0,10,gate_fn,GPU,2.54075e+06,2.54085e+06,97.9093
0,10,Linear,GPU,2.54075e+06,2.54085e+06,97.9093
0,10,gate_update,GPU,2.54085e+06,2.54085e+06,0
0,10,moe_scatter,GPU,2.54085e+06,2.54085e+06,0
0,10,sync_for_moe_scatter,GPU,2.54085e+06,2.54085e+06,0
0,10,sync__set,GPU,2.54085e+06,2.54085e+06,0
0,10,sync__,GPU,2.54085e+06,2.54085e+06,0
0,10,moe_route,GPU,2.54085e+06,2.54085e+06,0
0,10,expert_FFN_0,GPU,2.54085e+06,2.64625e+06,105401
0,10,gate_proj,GPU,2.54085e+06,2.57594e+06,35090.9
0,10,Linear,GPU,2.54085e+06,2.57594e+06,35090.9
0,10,activation,GPU,2.57594e+06,2.57607e+06,128.305
0,10,up_proj,GPU,2.57607e+06,2.61116e+06,35090.9
0,10,Linear,GPU,2.57607e+06,2.61116e+06,35090.9
0,10,down_proj,GPU,2.61116e+06,2.64625e+06,35090.9
0,10,Linear,GPU,2.61116e+06,2.64625e+06,35090.9
0,10,expert_FFN_1,GPU,2.64625e+06,2.75188e+06,105636
0,10,gate_proj,GPU,2.64625e+06,2.68138e+06,35134.9
0,10,Linear,GPU,2.64625e+06,2.68138e+06,35134.9
0,10,activation,GPU,2.68138e+06,2.68161e+06,230.95
0,10,up_proj,GPU,2.68161e+06,2.71675e+06,35134.9
0,10,Linear,GPU,2.68161e+06,2.71675e+06,35134.9
0,10,down_proj,GPU,2.71675e+06,2.75188e+06,35134.9
0,10,Linear,GPU,2.71675e+06,2.75188e+06,35134.9
0,10,sync_2,GPU,2.75188e+06,2.7523e+06,410.578
0,10,sync__set,GPU,2.75188e+06,2.75188e+06,0
0,10,sync__,GPU,2.75188e+06,2.7523e+06,410.578
0,10,moe_all_reduce_for_e_tp,GPU,2.7523e+06,2.7523e+06,0
0,10,sync_3,GPU,2.7523e+06,2.7523e+06,0
0,10,sync__set,GPU,2.7523e+06,2.7523e+06,0
0,10,sync__,GPU,2.7523e+06,2.7523e+06,0
0,10,moe_gather,GPU,2.7523e+06,2.7523e+06,0
0,10,sync_for_moe_gather,GPU,2.7523e+06,2.7523e+06,0
0,10,sync__set,GPU,2.7523e+06,2.7523e+06,0
0,10,sync__,GPU,2.7523e+06,2.7523e+06,0
0,10,moe_all_reduce_for_gather,GPU,2.7523e+06,2.75753e+06,5236.91
0,10,sync_5,GPU,2.75753e+06,2.75753e+06,0
0,10,sync__set,GPU,2.75753e+06,2.75753e+06,0
0,10,sync__,GPU,2.75753e+06,2.75753e+06,0
0,10,sync_6,GPU,2.75753e+06,2.75753e+06,0
0,10,sync__set,GPU,2.75753e+06,2.75753e+06,0
0,10,sync__,GPU,2.75753e+06,2.75753e+06,0
0,10,residual_2,GPU,2.75753e+06,2.75769e+06,158.854
0,11,MoE_decoder_11,GPU,2.75769e+06,3.00834e+06,250646
0,11,input_layer_norm,GPU,2.75769e+06,2.75785e+06,158.854
0,11,attention,GPU,2.75785e+06,2.7912e+06,33345.5
0,11,attn_qkv_proj,GPU,2.75785e+06,2.76171e+06,3861.38
0,11,Linear,GPU,2.75785e+06,2.76171e+06,3861.38
0,11,self_attention,GPU,2.76171e+06,2.78336e+06,21646.9
0,11,AttentionSplit,GPU,2.76171e+06,2.76171e+06,0
0,11,AttentionSum,GPU,2.76171e+06,2.76171e+06,0
0,11,AttentionGen,GPU,2.76171e+06,2.78336e+06,21646.9
0,11,AttentionMerge,GPU,2.78336e+06,2.78336e+06,0
0,11,attn_o_proj,GPU,2.78336e+06,2.78596e+06,2600.32
0,11,Linear,GPU,2.78336e+06,2.78596e+06,2600.32
0,11,all_reduce,GPU,2.78596e+06,2.7912e+06,5236.91
0,11,residual_1,GPU,2.7912e+06,2.79135e+06,158.854
0,11,post_attn_layer_norm,GPU,2.79135e+06,2.79151e+06,158.854
0,11,expertFFN,GPU,2.79151e+06,3.00818e+06,216665
0,11,sync_0,GPU,2.79151e+06,2.79151e+06,0
0,11,sync__set,GPU,2.79151e+06,2.79151e+06,0
0,11,sync__,GPU,2.79151e+06,2.79151e+06,0
0,11,gate_fn,GPU,2.79151e+06,2.79161e+06,97.9093
0,11,Linear,GPU,2.79151e+06,2.79161e+06,97.9093
0,11,gate_update,GPU,2.79161e+06,2.79161e+06,0
0,11,moe_scatter,GPU,2.79161e+06,2.79161e+06,0
0,11,sync_for_moe_scatter,GPU,2.79161e+06,2.79161e+06,0
0,11,sync__set,GPU,2.79161e+06,2.79161e+06,0
0,11,sync__,GPU,2.79161e+06,2.79161e+06,0
0,11,moe_route,GPU,2.79161e+06,2.79161e+06,0
0,11,expert_FFN_0,GPU,2.79161e+06,2.89725e+06,105636
0,11,gate_proj,GPU,2.79161e+06,2.82675e+06,35134.9
0,11,Linear,GPU,2.79161e+06,2.82675e+06,35134.9
0,11,activation,GPU,2.82675e+06,2.82698e+06,230.95
0,11,up_proj,GPU,2.82698e+06,2.86211e+06,35134.9
0,11,Linear,GPU,2.82698e+06,2.86211e+06,35134.9
0,11,down_proj,GPU,2.86211e+06,2.89725e+06,35134.9
0,11,Linear,GPU,2.86211e+06,2.89725e+06,35134.9
0,11,expert_FFN_1,GPU,2.89725e+06,3.00271e+06,105460
0,11,gate_proj,GPU,2.89725e+06,2.93235e+06,35101.9
0,11,Linear,GPU,2.89725e+06,2.93235e+06,35101.9
0,11,activation,GPU,2.93235e+06,2.9325e+06,153.967
0,11,up_proj,GPU,2.9325e+06,2.9676e+06,35101.9
0,11,Linear,GPU,2.9325e+06,2.9676e+06,35101.9
0,11,down_proj,GPU,2.9676e+06,3.00271e+06,35101.9
0,11,Linear,GPU,2.9676e+06,3.00271e+06,35101.9
0,11,sync_2,GPU,3.00271e+06,3.00294e+06,234.616
0,11,sync__set,GPU,3.00271e+06,3.00271e+06,0
0,11,sync__,GPU,3.00271e+06,3.00294e+06,234.616
0,11,moe_all_reduce_for_e_tp,GPU,3.00294e+06,3.00294e+06,0
0,11,sync_3,GPU,3.00294e+06,3.00294e+06,0
0,11,sync__set,GPU,3.00294e+06,3.00294e+06,0
0,11,sync__,GPU,3.00294e+06,3.00294e+06,0
0,11,moe_gather,GPU,3.00294e+06,3.00294e+06,0
0,11,sync_for_moe_gather,GPU,3.00294e+06,3.00294e+06,0
0,11,sync__set,GPU,3.00294e+06,3.00294e+06,0
0,11,sync__,GPU,3.00294e+06,3.00294e+06,0
0,11,moe_all_reduce_for_gather,GPU,3.00294e+06,3.00818e+06,5236.91
0,11,sync_5,GPU,3.00818e+06,3.00818e+06,0
0,11,sync__set,GPU,3.00818e+06,3.00818e+06,0
0,11,sync__,GPU,3.00818e+06,3.00818e+06,0
0,11,sync_6,GPU,3.00818e+06,3.00818e+06,0
0,11,sync__set,GPU,3.00818e+06,3.00818e+06,0
0,11,sync__,GPU,3.00818e+06,3.00818e+06,0
0,11,residual_2,GPU,3.00818e+06,3.00834e+06,158.854
0,12,MoE_decoder_12,GPU,3.00834e+06,3.25922e+06,250880
0,12,input_layer_norm,GPU,3.00834e+06,3.0085e+06,158.854
0,12,attention,GPU,3.0085e+06,3.04184e+06,33345.5
0,12,attn_qkv_proj,GPU,3.0085e+06,3.01236e+06,3861.38
0,12,Linear,GPU,3.0085e+06,3.01236e+06,3861.38
0,12,self_attention,GPU,3.01236e+06,3.034e+06,21646.9
0,12,AttentionSplit,GPU,3.01236e+06,3.01236e+06,0
0,12,AttentionSum,GPU,3.01236e+06,3.01236e+06,0
0,12,AttentionGen,GPU,3.01236e+06,3.034e+06,21646.9
0,12,AttentionMerge,GPU,3.034e+06,3.034e+06,0
0,12,attn_o_proj,GPU,3.034e+06,3.0366e+06,2600.32
0,12,Linear,GPU,3.034e+06,3.0366e+06,2600.32
0,12,all_reduce,GPU,3.0366e+06,3.04184e+06,5236.91
0,12,residual_1,GPU,3.04184e+06,3.042e+06,158.854
0,12,post_attn_layer_norm,GPU,3.042e+06,3.04216e+06,158.854
0,12,expertFFN,GPU,3.04216e+06,3.25906e+06,216900
0,12,sync_0,GPU,3.04216e+06,3.04216e+06,0
0,12,sync__set,GPU,3.04216e+06,3.04216e+06,0
0,12,sync__,GPU,3.04216e+06,3.04216e+06,0
0,12,gate_fn,GPU,3.04216e+06,3.04226e+06,97.9093
0,12,Linear,GPU,3.04216e+06,3.04226e+06,97.9093
0,12,gate_update,GPU,3.04226e+06,3.04226e+06,0
0,12,moe_scatter,GPU,3.04226e+06,3.04226e+06,0
0,12,sync_for_moe_scatter,GPU,3.04226e+06,3.04226e+06,0
0,12,sync__set,GPU,3.04226e+06,3.04226e+06,0
0,12,sync__,GPU,3.04226e+06,3.04226e+06,0
0,12,moe_route,GPU,3.04226e+06,3.04226e+06,0
0,12,expert_FFN_0,GPU,3.04226e+06,3.14789e+06,105636
0,12,gate_proj,GPU,3.04226e+06,3.07739e+06,35134.9
0,12,Linear,GPU,3.04226e+06,3.07739e+06,35134.9
0,12,activation,GPU,3.07739e+06,3.07762e+06,230.95
0,12,up_proj,GPU,3.07762e+06,3.11276e+06,35134.9
0,12,Linear,GPU,3.07762e+06,3.11276e+06,35134.9
0,12,down_proj,GPU,3.11276e+06,3.14789e+06,35134.9
0,12,Linear,GPU,3.11276e+06,3.14789e+06,35134.9
0,12,expert_FFN_1,GPU,3.14789e+06,3.25335e+06,105460
0,12,gate_proj,GPU,3.14789e+06,3.18299e+06,35101.9
0,12,Linear,GPU,3.14789e+06,3.18299e+06,35101.9
0,12,activation,GPU,3.18299e+06,3.18315e+06,153.967
0,12,up_proj,GPU,3.18315e+06,3.21825e+06,35101.9
0,12,Linear,GPU,3.18315e+06,3.21825e+06,35101.9
0,12,down_proj,GPU,3.21825e+06,3.25335e+06,35101.9
0,12,Linear,GPU,3.21825e+06,3.25335e+06,35101.9
0,12,sync_2,GPU,3.25335e+06,3.25382e+06,469.232
0,12,sync__set,GPU,3.25335e+06,3.25335e+06,0
0,12,sync__,GPU,3.25335e+06,3.25382e+06,469.232
0,12,moe_all_reduce_for_e_tp,GPU,3.25382e+06,3.25382e+06,0
0,12,sync_3,GPU,3.25382e+06,3.25382e+06,0
0,12,sync__set,GPU,3.25382e+06,3.25382e+06,0
0,12,sync__,GPU,3.25382e+06,3.25382e+06,0
0,12,moe_gather,GPU,3.25382e+06,3.25382e+06,0
0,12,sync_for_moe_gather,GPU,3.25382e+06,3.25382e+06,0
0,12,sync__set,GPU,3.25382e+06,3.25382e+06,0
0,12,sync__,GPU,3.25382e+06,3.25382e+06,0
0,12,moe_all_reduce_for_gather,GPU,3.25382e+06,3.25906e+06,5236.91
0,12,sync_5,GPU,3.25906e+06,3.25906e+06,0
0,12,sync__set,GPU,3.25906e+06,3.25906e+06,0
0,12,sync__,GPU,3.25906e+06,3.25906e+06,0
0,12,sync_6,GPU,3.25906e+06,3.25906e+06,0
0,12,sync__set,GPU,3.25906e+06,3.25906e+06,0
0,12,sync__,GPU,3.25906e+06,3.25906e+06,0
0,12,residual_2,GPU,3.25906e+06,3.25922e+06,158.854
0,13,MoE_decoder_13,GPU,3.25922e+06,3.50998e+06,250763
0,13,input_layer_norm,GPU,3.25922e+06,3.25938e+06,158.854
0,13,attention,GPU,3.25938e+06,3.29272e+06,33345.5
0,13,attn_qkv_proj,GPU,3.25938e+06,3.26324e+06,3861.38
0,13,Linear,GPU,3.25938e+06,3.26324e+06,3861.38
0,13,self_attention,GPU,3.26324e+06,3.28488e+06,21646.9
0,13,AttentionSplit,GPU,3.26324e+06,3.26324e+06,0
0,13,AttentionSum,GPU,3.26324e+06,3.26324e+06,0
0,13,AttentionGen,GPU,3.26324e+06,3.28488e+06,21646.9
0,13,AttentionMerge,GPU,3.28488e+06,3.28488e+06,0
0,13,attn_o_proj,GPU,3.28488e+06,3.28748e+06,2600.32
0,13,Linear,GPU,3.28488e+06,3.28748e+06,2600.32
0,13,all_reduce,GPU,3.28748e+06,3.29272e+06,5236.91
0,13,residual_1,GPU,3.29272e+06,3.29288e+06,158.854
0,13,post_attn_layer_norm,GPU,3.29288e+06,3.29304e+06,158.854
0,13,expertFFN,GPU,3.29304e+06,3.50982e+06,216782
0,13,sync_0,GPU,3.29304e+06,3.29304e+06,0
0,13,sync__set,GPU,3.29304e+06,3.29304e+06,0
0,13,sync__,GPU,3.29304e+06,3.29304e+06,0
0,13,gate_fn,GPU,3.29304e+06,3.29314e+06,97.9093
0,13,Linear,GPU,3.29304e+06,3.29314e+06,97.9093
0,13,gate_update,GPU,3.29314e+06,3.29314e+06,0
0,13,moe_scatter,GPU,3.29314e+06,3.29314e+06,0
0,13,sync_for_moe_scatter,GPU,3.29314e+06,3.29314e+06,0
0,13,sync__set,GPU,3.29314e+06,3.29314e+06,0
0,13,sync__,GPU,3.29314e+06,3.29314e+06,0
0,13,moe_route,GPU,3.29314e+06,3.29314e+06,0
0,13,expert_FFN_0,GPU,3.29314e+06,3.39889e+06,105753
0,13,gate_proj,GPU,3.29314e+06,3.32829e+06,35156.9
0,13,Linear,GPU,3.29314e+06,3.32829e+06,35156.9
0,13,activation,GPU,3.32829e+06,3.32858e+06,282.272
0,13,up_proj,GPU,3.32858e+06,3.36373e+06,35156.9
0,13,Linear,GPU,3.32858e+06,3.36373e+06,35156.9
0,13,down_proj,GPU,3.36373e+06,3.39889e+06,35156.9
0,13,Linear,GPU,3.36373e+06,3.39889e+06,35156.9
0,13,expert_FFN_1,GPU,3.39889e+06,3.50447e+06,105577
0,13,gate_proj,GPU,3.39889e+06,3.43401e+06,35123.9
0,13,Linear,GPU,3.39889e+06,3.43401e+06,35123.9
0,13,activation,GPU,3.43401e+06,3.43422e+06,205.289
0,13,up_proj,GPU,3.43422e+06,3.46934e+06,35123.9
0,13,Linear,GPU,3.43422e+06,3.46934e+06,35123.9
0,13,down_proj,GPU,3.46934e+06,3.50447e+06,35123.9
0,13,Linear,GPU,3.46934e+06,3.50447e+06,35123.9
0,13,sync_2,GPU,3.50447e+06,3.50458e+06,117.308
0,13,sync__set,GPU,3.50447e+06,3.50447e+06,0
0,13,sync__,GPU,3.50447e+06,3.50458e+06,117.308
0,13,moe_all_reduce_for_e_tp,GPU,3.50458e+06,3.50458e+06,0
0,13,sync_3,GPU,3.50458e+06,3.50458e+06,0
0,13,sync__set,GPU,3.50458e+06,3.50458e+06,0
0,13,sync__,GPU,3.50458e+06,3.50458e+06,0
0,13,moe_gather,GPU,3.50458e+06,3.50458e+06,0
0,13,sync_for_moe_gather,GPU,3.50458e+06,3.50458e+06,0
0,13,sync__set,GPU,3.50458e+06,3.50458e+06,0
0,13,sync__,GPU,3.50458e+06,3.50458e+06,0
0,13,moe_all_reduce_for_gather,GPU,3.50458e+06,3.50982e+06,5236.91
0,13,sync_5,GPU,3.50982e+06,3.50982e+06,0
0,13,sync__set,GPU,3.50982e+06,3.50982e+06,0
0,13,sync__,GPU,3.50982e+06,3.50982e+06,0
0,13,sync_6,GPU,3.50982e+06,3.50982e+06,0
0,13,sync__set,GPU,3.50982e+06,3.50982e+06,0
0,13,sync__,GPU,3.50982e+06,3.50982e+06,0
0,13,residual_2,GPU,3.50982e+06,3.50998e+06,158.854
0,14,MoE_decoder_14,GPU,3.50998e+06,3.76074e+06,250763
0,14,input_layer_norm,GPU,3.50998e+06,3.51014e+06,158.854
0,14,attention,GPU,3.51014e+06,3.54348e+06,33345.5
0,14,attn_qkv_proj,GPU,3.51014e+06,3.514e+06,3861.38
0,14,Linear,GPU,3.51014e+06,3.514e+06,3861.38
0,14,self_attention,GPU,3.514e+06,3.53565e+06,21646.9
0,14,AttentionSplit,GPU,3.514e+06,3.514e+06,0
0,14,AttentionSum,GPU,3.514e+06,3.514e+06,0
0,14,AttentionGen,GPU,3.514e+06,3.53565e+06,21646.9
0,14,AttentionMerge,GPU,3.53565e+06,3.53565e+06,0
0,14,attn_o_proj,GPU,3.53565e+06,3.53825e+06,2600.32
0,14,Linear,GPU,3.53565e+06,3.53825e+06,2600.32
0,14,all_reduce,GPU,3.53825e+06,3.54348e+06,5236.91
0,14,residual_1,GPU,3.54348e+06,3.54364e+06,158.854
0,14,post_attn_layer_norm,GPU,3.54364e+06,3.5438e+06,158.854
0,14,expertFFN,GPU,3.5438e+06,3.76058e+06,216782
0,14,sync_0,GPU,3.5438e+06,3.5438e+06,0
0,14,sync__set,GPU,3.5438e+06,3.5438e+06,0
0,14,sync__,GPU,3.5438e+06,3.5438e+06,0
0,14,gate_fn,GPU,3.5438e+06,3.5439e+06,97.9093
0,14,Linear,GPU,3.5438e+06,3.5439e+06,97.9093
0,14,gate_update,GPU,3.5439e+06,3.5439e+06,0
0,14,moe_scatter,GPU,3.5439e+06,3.5439e+06,0
0,14,sync_for_moe_scatter,GPU,3.5439e+06,3.5439e+06,0
0,14,sync__set,GPU,3.5439e+06,3.5439e+06,0
0,14,sync__,GPU,3.5439e+06,3.5439e+06,0
0,14,moe_route,GPU,3.5439e+06,3.5439e+06,0
0,14,expert_FFN_0,GPU,3.5439e+06,3.64954e+06,105636
0,14,gate_proj,GPU,3.5439e+06,3.57904e+06,35134.9
0,14,Linear,GPU,3.5439e+06,3.57904e+06,35134.9
0,14,activation,GPU,3.57904e+06,3.57927e+06,230.95
0,14,up_proj,GPU,3.57927e+06,3.6144e+06,35134.9
0,14,Linear,GPU,3.57927e+06,3.6144e+06,35134.9
0,14,down_proj,GPU,3.6144e+06,3.64954e+06,35134.9
0,14,Linear,GPU,3.6144e+06,3.64954e+06,35134.9
0,14,expert_FFN_1,GPU,3.64954e+06,3.755e+06,105460
0,14,gate_proj,GPU,3.64954e+06,3.68464e+06,35101.9
0,14,Linear,GPU,3.64954e+06,3.68464e+06,35101.9
0,14,activation,GPU,3.68464e+06,3.68479e+06,153.967
0,14,up_proj,GPU,3.68479e+06,3.71989e+06,35101.9
0,14,Linear,GPU,3.68479e+06,3.71989e+06,35101.9
0,14,down_proj,GPU,3.71989e+06,3.755e+06,35101.9
0,14,Linear,GPU,3.71989e+06,3.755e+06,35101.9
0,14,sync_2,GPU,3.755e+06,3.75535e+06,351.924
0,14,sync__set,GPU,3.755e+06,3.755e+06,0
0,14,sync__,GPU,3.755e+06,3.75535e+06,351.924
0,14,moe_all_reduce_for_e_tp,GPU,3.75535e+06,3.75535e+06,0
0,14,sync_3,GPU,3.75535e+06,3.75535e+06,0
0,14,sync__set,GPU,3.75535e+06,3.75535e+06,0
0,14,sync__,GPU,3.75535e+06,3.75535e+06,0
0,14,moe_gather,GPU,3.75535e+06,3.75535e+06,0
0,14,sync_for_moe_gather,GPU,3.75535e+06,3.75535e+06,0
0,14,sync__set,GPU,3.75535e+06,3.75535e+06,0
0,14,sync__,GPU,3.75535e+06,3.75535e+06,0
0,14,moe_all_reduce_for_gather,GPU,3.75535e+06,3.76058e+06,5236.91
0,14,sync_5,GPU,3.76058e+06,3.76058e+06,0
0,14,sync__set,GPU,3.76058e+06,3.76058e+06,0
0,14,sync__,GPU,3.76058e+06,3.76058e+06,0
0,14,sync_6,GPU,3.76058e+06,3.76058e+06,0
0,14,sync__set,GPU,3.76058e+06,3.76058e+06,0
0,14,sync__,GPU,3.76058e+06,3.76058e+06,0
0,14,residual_2,GPU,3.76058e+06,3.76074e+06,158.854
0,15,MoE_decoder_15,GPU,3.76074e+06,4.01133e+06,250587
0,15,input_layer_norm,GPU,3.76074e+06,3.7609e+06,158.854
0,15,attention,GPU,3.7609e+06,3.79425e+06,33345.5
0,15,attn_qkv_proj,GPU,3.7609e+06,3.76476e+06,3861.38
0,15,Linear,GPU,3.7609e+06,3.76476e+06,3861.38
0,15,self_attention,GPU,3.76476e+06,3.78641e+06,21646.9
0,15,AttentionSplit,GPU,3.76476e+06,3.76476e+06,0
0,15,AttentionSum,GPU,3.76476e+06,3.76476e+06,0
0,15,AttentionGen,GPU,3.76476e+06,3.78641e+06,21646.9
0,15,AttentionMerge,GPU,3.78641e+06,3.78641e+06,0
0,15,attn_o_proj,GPU,3.78641e+06,3.78901e+06,2600.32
0,15,Linear,GPU,3.78641e+06,3.78901e+06,2600.32
0,15,all_reduce,GPU,3.78901e+06,3.79425e+06,5236.91
0,15,residual_1,GPU,3.79425e+06,3.79441e+06,158.854
0,15,post_attn_layer_norm,GPU,3.79441e+06,3.79457e+06,158.854
0,15,expertFFN,GPU,3.79457e+06,4.01117e+06,216606
0,15,sync_0,GPU,3.79457e+06,3.79457e+06,0
0,15,sync__set,GPU,3.79457e+06,3.79457e+06,0
0,15,sync__,GPU,3.79457e+06,3.79457e+06,0
0,15,gate_fn,GPU,3.79457e+06,3.79466e+06,97.9093
0,15,Linear,GPU,3.79457e+06,3.79466e+06,97.9093
0,15,gate_update,GPU,3.79466e+06,3.79466e+06,0
0,15,moe_scatter,GPU,3.79466e+06,3.79466e+06,0
0,15,sync_for_moe_scatter,GPU,3.79466e+06,3.79466e+06,0
0,15,sync__set,GPU,3.79466e+06,3.79466e+06,0
0,15,sync__,GPU,3.79466e+06,3.79466e+06,0
0,15,moe_route,GPU,3.79466e+06,3.79466e+06,0
0,15,expert_FFN_0,GPU,3.79466e+06,3.90036e+06,105694
0,15,gate_proj,GPU,3.79466e+06,3.82981e+06,35145.9
0,15,Linear,GPU,3.79466e+06,3.82981e+06,35145.9
0,15,activation,GPU,3.82981e+06,3.83007e+06,256.611
0,15,up_proj,GPU,3.83007e+06,3.86521e+06,35145.9
0,15,Linear,GPU,3.83007e+06,3.86521e+06,35145.9
0,15,down_proj,GPU,3.86521e+06,3.90036e+06,35145.9
0,15,Linear,GPU,3.86521e+06,3.90036e+06,35145.9
0,15,expert_FFN_1,GPU,3.90036e+06,4.00576e+06,105401
0,15,gate_proj,GPU,3.90036e+06,3.93545e+06,35090.9
0,15,Linear,GPU,3.90036e+06,3.93545e+06,35090.9
0,15,activation,GPU,3.93545e+06,3.93558e+06,128.305
0,15,up_proj,GPU,3.93558e+06,3.97067e+06,35090.9
0,15,Linear,GPU,3.93558e+06,3.97067e+06,35090.9
0,15,down_proj,GPU,3.97067e+06,4.00576e+06,35090.9
0,15,Linear,GPU,3.97067e+06,4.00576e+06,35090.9
0,15,sync_2,GPU,4.00576e+06,4.00594e+06,175.962
0,15,sync__set,GPU,4.00576e+06,4.00576e+06,0
0,15,sync__,GPU,4.00576e+06,4.00594e+06,175.962
0,15,moe_all_reduce_for_e_tp,GPU,4.00594e+06,4.00594e+06,0
0,15,sync_3,GPU,4.00594e+06,4.00594e+06,0
0,15,sync__set,GPU,4.00594e+06,4.00594e+06,0
0,15,sync__,GPU,4.00594e+06,4.00594e+06,0
0,15,moe_gather,GPU,4.00594e+06,4.00594e+06,0
0,15,sync_for_moe_gather,GPU,4.00594e+06,4.00594e+06,0
0,15,sync__set,GPU,4.00594e+06,4.00594e+06,0
0,15,sync__,GPU,4.00594e+06,4.00594e+06,0
0,15,moe_all_reduce_for_gather,GPU,4.00594e+06,4.01117e+06,5236.91
0,15,sync_5,GPU,4.01117e+06,4.01117e+06,0
0,15,sync__set,GPU,4.01117e+06,4.01117e+06,0
0,15,sync__,GPU,4.01117e+06,4.01117e+06,0
0,15,sync_6,GPU,4.01117e+06,4.01117e+06,0
0,15,sync__set,GPU,4.01117e+06,4.01117e+06,0
0,15,sync__,GPU,4.01117e+06,4.01117e+06,0
0,15,residual_2,GPU,4.01117e+06,4.01133e+06,158.854
0,16,MoE_decoder_16,GPU,4.01133e+06,4.26186e+06,250529
0,16,input_layer_norm,GPU,4.01133e+06,4.01149e+06,158.854
0,16,attention,GPU,4.01149e+06,4.04484e+06,33345.5
0,16,attn_qkv_proj,GPU,4.01149e+06,4.01535e+06,3861.38
0,16,Linear,GPU,4.01149e+06,4.01535e+06,3861.38
0,16,self_attention,GPU,4.01535e+06,4.037e+06,21646.9
0,16,AttentionSplit,GPU,4.01535e+06,4.01535e+06,0
0,16,AttentionSum,GPU,4.01535e+06,4.01535e+06,0
0,16,AttentionGen,GPU,4.01535e+06,4.037e+06,21646.9
0,16,AttentionMerge,GPU,4.037e+06,4.037e+06,0
0,16,attn_o_proj,GPU,4.037e+06,4.0396e+06,2600.32
0,16,Linear,GPU,4.037e+06,4.0396e+06,2600.32
0,16,all_reduce,GPU,4.0396e+06,4.04484e+06,5236.91
0,16,residual_1,GPU,4.04484e+06,4.04499e+06,158.854
0,16,post_attn_layer_norm,GPU,4.04499e+06,4.04515e+06,158.854
0,16,expertFFN,GPU,4.04515e+06,4.2617e+06,216548
0,16,sync_0,GPU,4.04515e+06,4.04515e+06,0
0,16,sync__set,GPU,4.04515e+06,4.04515e+06,0
0,16,sync__,GPU,4.04515e+06,4.04515e+06,0
0,16,gate_fn,GPU,4.04515e+06,4.04525e+06,97.9093
0,16,Linear,GPU,4.04515e+06,4.04525e+06,97.9093
0,16,gate_update,GPU,4.04525e+06,4.04525e+06,0
0,16,moe_scatter,GPU,4.04525e+06,4.04525e+06,0
0,16,sync_for_moe_scatter,GPU,4.04525e+06,4.04525e+06,0
0,16,sync__set,GPU,4.04525e+06,4.04525e+06,0
0,16,sync__,GPU,4.04525e+06,4.04525e+06,0
0,16,moe_route,GPU,4.04525e+06,4.04525e+06,0
0,16,expert_FFN_0,GPU,4.04525e+06,4.15095e+06,105694
0,16,gate_proj,GPU,4.04525e+06,4.0804e+06,35145.9
0,16,Linear,GPU,4.04525e+06,4.0804e+06,35145.9
0,16,activation,GPU,4.0804e+06,4.08065e+06,256.611
0,16,up_proj,GPU,4.08065e+06,4.1158e+06,35145.9
0,16,Linear,GPU,4.08065e+06,4.1158e+06,35145.9
0,16,down_proj,GPU,4.1158e+06,4.15095e+06,35145.9
0,16,Linear,GPU,4.1158e+06,4.15095e+06,35145.9
0,16,expert_FFN_1,GPU,4.15095e+06,4.25646e+06,105518
0,16,gate_proj,GPU,4.15095e+06,4.18606e+06,35112.9
0,16,Linear,GPU,4.15095e+06,4.18606e+06,35112.9
0,16,activation,GPU,4.18606e+06,4.18624e+06,179.628
0,16,up_proj,GPU,4.18624e+06,4.22135e+06,35112.9
0,16,Linear,GPU,4.18624e+06,4.22135e+06,35112.9
0,16,down_proj,GPU,4.22135e+06,4.25646e+06,35112.9
0,16,Linear,GPU,4.22135e+06,4.25646e+06,35112.9
0,16,sync_2,GPU,4.25646e+06,4.25646e+06,0
0,16,sync__set,GPU,4.25646e+06,4.25646e+06,0
0,16,sync__,GPU,4.25646e+06,4.25646e+06,0
0,16,moe_all_reduce_for_e_tp,GPU,4.25646e+06,4.25646e+06,0
0,16,sync_3,GPU,4.25646e+06,4.25646e+06,0
0,16,sync__set,GPU,4.25646e+06,4.25646e+06,0
0,16,sync__,GPU,4.25646e+06,4.25646e+06,0
0,16,moe_gather,GPU,4.25646e+06,4.25646e+06,0
0,16,sync_for_moe_gather,GPU,4.25646e+06,4.25646e+06,0
0,16,sync__set,GPU,4.25646e+06,4.25646e+06,0
0,16,sync__,GPU,4.25646e+06,4.25646e+06,0
0,16,moe_all_reduce_for_gather,GPU,4.25646e+06,4.2617e+06,5236.91
0,16,sync_5,GPU,4.2617e+06,4.2617e+06,0
0,16,sync__set,GPU,4.2617e+06,4.2617e+06,0
0,16,sync__,GPU,4.2617e+06,4.2617e+06,0
0,16,sync_6,GPU,4.2617e+06,4.2617e+06,0
0,16,sync__set,GPU,4.2617e+06,4.2617e+06,0
0,16,sync__,GPU,4.2617e+06,4.2617e+06,0
0,16,residual_2,GPU,4.2617e+06,4.26186e+06,158.854
0,17,MoE_decoder_17,GPU,4.26186e+06,4.51262e+06,250763
0,17,input_layer_norm,GPU,4.26186e+06,4.26202e+06,158.854
0,17,attention,GPU,4.26202e+06,4.29536e+06,33345.5
0,17,attn_qkv_proj,GPU,4.26202e+06,4.26588e+06,3861.38
0,17,Linear,GPU,4.26202e+06,4.26588e+06,3861.38
0,17,self_attention,GPU,4.26588e+06,4.28753e+06,21646.9
0,17,AttentionSplit,GPU,4.26588e+06,4.26588e+06,0
0,17,AttentionSum,GPU,4.26588e+06,4.26588e+06,0
0,17,AttentionGen,GPU,4.26588e+06,4.28753e+06,21646.9
0,17,AttentionMerge,GPU,4.28753e+06,4.28753e+06,0
0,17,attn_o_proj,GPU,4.28753e+06,4.29013e+06,2600.32
0,17,Linear,GPU,4.28753e+06,4.29013e+06,2600.32
0,17,all_reduce,GPU,4.29013e+06,4.29536e+06,5236.91
0,17,residual_1,GPU,4.29536e+06,4.29552e+06,158.854
0,17,post_attn_layer_norm,GPU,4.29552e+06,4.29568e+06,158.854
0,17,expertFFN,GPU,4.29568e+06,4.51246e+06,216782
0,17,sync_0,GPU,4.29568e+06,4.29568e+06,0
0,17,sync__set,GPU,4.29568e+06,4.29568e+06,0
0,17,sync__,GPU,4.29568e+06,4.29568e+06,0
0,17,gate_fn,GPU,4.29568e+06,4.29578e+06,97.9093
0,17,Linear,GPU,4.29568e+06,4.29578e+06,97.9093
0,17,gate_update,GPU,4.29578e+06,4.29578e+06,0
0,17,moe_scatter,GPU,4.29578e+06,4.29578e+06,0
0,17,sync_for_moe_scatter,GPU,4.29578e+06,4.29578e+06,0
0,17,sync__set,GPU,4.29578e+06,4.29578e+06,0
0,17,sync__,GPU,4.29578e+06,4.29578e+06,0
0,17,moe_route,GPU,4.29578e+06,4.29578e+06,0
0,17,expert_FFN_0,GPU,4.29578e+06,4.40136e+06,105577
0,17,gate_proj,GPU,4.29578e+06,4.3309e+06,35123.9
0,17,Linear,GPU,4.29578e+06,4.3309e+06,35123.9
0,17,activation,GPU,4.3309e+06,4.33111e+06,205.289
0,17,up_proj,GPU,4.33111e+06,4.36623e+06,35123.9
0,17,Linear,GPU,4.33111e+06,4.36623e+06,35123.9
0,17,down_proj,GPU,4.36623e+06,4.40136e+06,35123.9
0,17,Linear,GPU,4.36623e+06,4.40136e+06,35123.9
0,17,expert_FFN_1,GPU,4.40136e+06,4.50699e+06,105636
0,17,gate_proj,GPU,4.40136e+06,4.43649e+06,35134.9
0,17,Linear,GPU,4.40136e+06,4.43649e+06,35134.9
0,17,activation,GPU,4.43649e+06,4.43672e+06,230.95
0,17,up_proj,GPU,4.43672e+06,4.47186e+06,35134.9
0,17,Linear,GPU,4.43672e+06,4.47186e+06,35134.9
0,17,down_proj,GPU,4.47186e+06,4.50699e+06,35134.9
0,17,Linear,GPU,4.47186e+06,4.50699e+06,35134.9
0,17,sync_2,GPU,4.50699e+06,4.50723e+06,234.616
0,17,sync__set,GPU,4.50699e+06,4.50699e+06,0
0,17,sync__,GPU,4.50699e+06,4.50723e+06,234.616
0,17,moe_all_reduce_for_e_tp,GPU,4.50723e+06,4.50723e+06,0
0,17,sync_3,GPU,4.50723e+06,4.50723e+06,0
0,17,sync__set,GPU,4.50723e+06,4.50723e+06,0
0,17,sync__,GPU,4.50723e+06,4.50723e+06,0
0,17,moe_gather,GPU,4.50723e+06,4.50723e+06,0
0,17,sync_for_moe_gather,GPU,4.50723e+06,4.50723e+06,0
0,17,sync__set,GPU,4.50723e+06,4.50723e+06,0
0,17,sync__,GPU,4.50723e+06,4.50723e+06,0
0,17,moe_all_reduce_for_gather,GPU,4.50723e+06,4.51246e+06,5236.91
0,17,sync_5,GPU,4.51246e+06,4.51246e+06,0
0,17,sync__set,GPU,4.51246e+06,4.51246e+06,0
0,17,sync__,GPU,4.51246e+06,4.51246e+06,0
0,17,sync_6,GPU,4.51246e+06,4.51246e+06,0
0,17,sync__set,GPU,4.51246e+06,4.51246e+06,0
0,17,sync__,GPU,4.51246e+06,4.51246e+06,0
0,17,residual_2,GPU,4.51246e+06,4.51262e+06,158.854
0,18,MoE_decoder_18,GPU,4.51262e+06,4.76321e+06,250587
0,18,input_layer_norm,GPU,4.51262e+06,4.51278e+06,158.854
0,18,attention,GPU,4.51278e+06,4.54613e+06,33345.5
0,18,attn_qkv_proj,GPU,4.51278e+06,4.51664e+06,3861.38
0,18,Linear,GPU,4.51278e+06,4.51664e+06,3861.38
0,18,self_attention,GPU,4.51664e+06,4.53829e+06,21646.9
0,18,AttentionSplit,GPU,4.51664e+06,4.51664e+06,0
0,18,AttentionSum,GPU,4.51664e+06,4.51664e+06,0
0,18,AttentionGen,GPU,4.51664e+06,4.53829e+06,21646.9
0,18,AttentionMerge,GPU,4.53829e+06,4.53829e+06,0
0,18,attn_o_proj,GPU,4.53829e+06,4.54089e+06,2600.32
0,18,Linear,GPU,4.53829e+06,4.54089e+06,2600.32
0,18,all_reduce,GPU,4.54089e+06,4.54613e+06,5236.91
0,18,residual_1,GPU,4.54613e+06,4.54629e+06,158.854
0,18,post_attn_layer_norm,GPU,4.54629e+06,4.54644e+06,158.854
0,18,expertFFN,GPU,4.54644e+06,4.76305e+06,216606
0,18,sync_0,GPU,4.54644e+06,4.54644e+06,0
0,18,sync__set,GPU,4.54644e+06,4.54644e+06,0
0,18,sync__,GPU,4.54644e+06,4.54644e+06,0
0,18,gate_fn,GPU,4.54644e+06,4.54654e+06,97.9093
0,18,Linear,GPU,4.54644e+06,4.54654e+06,97.9093
0,18,gate_update,GPU,4.54654e+06,4.54654e+06,0
0,18,moe_scatter,GPU,4.54654e+06,4.54654e+06,0
0,18,sync_for_moe_scatter,GPU,4.54654e+06,4.54654e+06,0
0,18,sync__set,GPU,4.54654e+06,4.54654e+06,0
0,18,sync__,GPU,4.54654e+06,4.54654e+06,0
0,18,moe_route,GPU,4.54654e+06,4.54654e+06,0
0,18,expert_FFN_0,GPU,4.54654e+06,4.65189e+06,105342
0,18,gate_proj,GPU,4.54654e+06,4.58162e+06,35079.9
0,18,Linear,GPU,4.54654e+06,4.58162e+06,35079.9
0,18,activation,GPU,4.58162e+06,4.58173e+06,102.644
0,18,up_proj,GPU,4.58173e+06,4.61681e+06,35079.9
0,18,Linear,GPU,4.58173e+06,4.61681e+06,35079.9
0,18,down_proj,GPU,4.61681e+06,4.65189e+06,35079.9
0,18,Linear,GPU,4.61681e+06,4.65189e+06,35079.9
0,18,expert_FFN_1,GPU,4.65189e+06,4.75781e+06,105929
0,18,gate_proj,GPU,4.65189e+06,4.68708e+06,35189.9
0,18,Linear,GPU,4.65189e+06,4.68708e+06,35189.9
0,18,activation,GPU,4.68708e+06,4.68743e+06,359.255
0,18,up_proj,GPU,4.68743e+06,4.72262e+06,35189.9
0,18,Linear,GPU,4.68743e+06,4.72262e+06,35189.9
0,18,down_proj,GPU,4.72262e+06,4.75781e+06,35189.9
0,18,Linear,GPU,4.72262e+06,4.75781e+06,35189.9
0,18,sync_2,GPU,4.75781e+06,4.75781e+06,0
0,18,sync__set,GPU,4.75781e+06,4.75781e+06,0
0,18,sync__,GPU,4.75781e+06,4.75781e+06,0
0,18,moe_all_reduce_for_e_tp,GPU,4.75781e+06,4.75781e+06,0
0,18,sync_3,GPU,4.75781e+06,4.75781e+06,0
0,18,sync__set,GPU,4.75781e+06,4.75781e+06,0
0,18,sync__,GPU,4.75781e+06,4.75781e+06,0
0,18,moe_gather,GPU,4.75781e+06,4.75781e+06,0
0,18,sync_for_moe_gather,GPU,4.75781e+06,4.75781e+06,0
0,18,sync__set,GPU,4.75781e+06,4.75781e+06,0
0,18,sync__,GPU,4.75781e+06,4.75781e+06,0
0,18,moe_all_reduce_for_gather,GPU,4.75781e+06,4.76305e+06,5236.91
0,18,sync_5,GPU,4.76305e+06,4.76305e+06,0
0,18,sync__set,GPU,4.76305e+06,4.76305e+06,0
0,18,sync__,GPU,4.76305e+06,4.76305e+06,0
0,18,sync_6,GPU,4.76305e+06,4.76305e+06,0
0,18,sync__set,GPU,4.76305e+06,4.76305e+06,0
0,18,sync__,GPU,4.76305e+06,4.76305e+06,0
0,18,residual_2,GPU,4.76305e+06,4.76321e+06,158.854
0,19,MoE_decoder_19,GPU,4.76321e+06,5.01391e+06,250705
0,19,input_layer_norm,GPU,4.76321e+06,4.76337e+06,158.854
0,19,attention,GPU,4.76337e+06,4.79671e+06,33345.5
0,19,attn_qkv_proj,GPU,4.76337e+06,4.76723e+06,3861.38
0,19,Linear,GPU,4.76337e+06,4.76723e+06,3861.38
0,19,self_attention,GPU,4.76723e+06,4.78888e+06,21646.9
0,19,AttentionSplit,GPU,4.76723e+06,4.76723e+06,0
0,19,AttentionSum,GPU,4.76723e+06,4.76723e+06,0
0,19,AttentionGen,GPU,4.76723e+06,4.78888e+06,21646.9
0,19,AttentionMerge,GPU,4.78888e+06,4.78888e+06,0
0,19,attn_o_proj,GPU,4.78888e+06,4.79148e+06,2600.32
0,19,Linear,GPU,4.78888e+06,4.79148e+06,2600.32
0,19,all_reduce,GPU,4.79148e+06,4.79671e+06,5236.91
0,19,residual_1,GPU,4.79671e+06,4.79687e+06,158.854
0,19,post_attn_layer_norm,GPU,4.79687e+06,4.79703e+06,158.854
0,19,expertFFN,GPU,4.79703e+06,5.01376e+06,216724
0,19,sync_0,GPU,4.79703e+06,4.79703e+06,0
0,19,sync__set,GPU,4.79703e+06,4.79703e+06,0
0,19,sync__,GPU,4.79703e+06,4.79703e+06,0
0,19,gate_fn,GPU,4.79703e+06,4.79713e+06,97.9093
0,19,Linear,GPU,4.79703e+06,4.79713e+06,97.9093
0,19,gate_update,GPU,4.79713e+06,4.79713e+06,0
0,19,moe_scatter,GPU,4.79713e+06,4.79713e+06,0
0,19,sync_for_moe_scatter,GPU,4.79713e+06,4.79713e+06,0
0,19,sync__set,GPU,4.79713e+06,4.79713e+06,0
0,19,sync__,GPU,4.79713e+06,4.79713e+06,0
0,19,moe_route,GPU,4.79713e+06,4.79713e+06,0
0,19,expert_FFN_0,GPU,4.79713e+06,4.90253e+06,105401
0,19,gate_proj,GPU,4.79713e+06,4.83222e+06,35090.9
0,19,Linear,GPU,4.79713e+06,4.83222e+06,35090.9
0,19,activation,GPU,4.83222e+06,4.83235e+06,128.305
0,19,up_proj,GPU,4.83235e+06,4.86744e+06,35090.9
0,19,Linear,GPU,4.83235e+06,4.86744e+06,35090.9
0,19,down_proj,GPU,4.86744e+06,4.90253e+06,35090.9
0,19,Linear,GPU,4.86744e+06,4.90253e+06,35090.9
0,19,expert_FFN_1,GPU,4.90253e+06,5.00805e+06,105518
0,19,gate_proj,GPU,4.90253e+06,4.93764e+06,35112.9
0,19,Linear,GPU,4.90253e+06,4.93764e+06,35112.9
0,19,activation,GPU,4.93764e+06,4.93782e+06,179.628
0,19,up_proj,GPU,4.93782e+06,4.97294e+06,35112.9
0,19,Linear,GPU,4.93782e+06,4.97294e+06,35112.9
0,19,down_proj,GPU,4.97294e+06,5.00805e+06,35112.9
0,19,Linear,GPU,4.97294e+06,5.00805e+06,35112.9
0,19,sync_2,GPU,5.00805e+06,5.00852e+06,469.232
0,19,sync__set,GPU,5.00805e+06,5.00805e+06,0
0,19,sync__,GPU,5.00805e+06,5.00852e+06,469.232
0,19,moe_all_reduce_for_e_tp,GPU,5.00852e+06,5.00852e+06,0
0,19,sync_3,GPU,5.00852e+06,5.00852e+06,0
0,19,sync__set,GPU,5.00852e+06,5.00852e+06,0
0,19,sync__,GPU,5.00852e+06,5.00852e+06,0
0,19,moe_gather,GPU,5.00852e+06,5.00852e+06,0
0,19,sync_for_moe_gather,GPU,5.00852e+06,5.00852e+06,0
0,19,sync__set,GPU,5.00852e+06,5.00852e+06,0
0,19,sync__,GPU,5.00852e+06,5.00852e+06,0
0,19,moe_all_reduce_for_gather,GPU,5.00852e+06,5.01376e+06,5236.91
0,19,sync_5,GPU,5.01376e+06,5.01376e+06,0
0,19,sync__set,GPU,5.01376e+06,5.01376e+06,0
0,19,sync__,GPU,5.01376e+06,5.01376e+06,0
0,19,sync_6,GPU,5.01376e+06,5.01376e+06,0
0,19,sync__set,GPU,5.01376e+06,5.01376e+06,0
0,19,sync__,GPU,5.01376e+06,5.01376e+06,0
0,19,residual_2,GPU,5.01376e+06,5.01391e+06,158.854
0,20,MoE_decoder_20,GPU,5.01391e+06,5.26462e+06,250705
0,20,input_layer_norm,GPU,5.01391e+06,5.01407e+06,158.854
0,20,attention,GPU,5.01407e+06,5.04742e+06,33345.5
0,20,attn_qkv_proj,GPU,5.01407e+06,5.01793e+06,3861.38
0,20,Linear,GPU,5.01407e+06,5.01793e+06,3861.38
0,20,self_attention,GPU,5.01793e+06,5.03958e+06,21646.9
0,20,AttentionSplit,GPU,5.01793e+06,5.01793e+06,0
0,20,AttentionSum,GPU,5.01793e+06,5.01793e+06,0
0,20,AttentionGen,GPU,5.01793e+06,5.03958e+06,21646.9
0,20,AttentionMerge,GPU,5.03958e+06,5.03958e+06,0
0,20,attn_o_proj,GPU,5.03958e+06,5.04218e+06,2600.32
0,20,Linear,GPU,5.03958e+06,5.04218e+06,2600.32
0,20,all_reduce,GPU,5.04218e+06,5.04742e+06,5236.91
0,20,residual_1,GPU,5.04742e+06,5.04758e+06,158.854
0,20,post_attn_layer_norm,GPU,5.04758e+06,5.04774e+06,158.854
0,20,expertFFN,GPU,5.04774e+06,5.26446e+06,216724
0,20,sync_0,GPU,5.04774e+06,5.04774e+06,0
0,20,sync__set,GPU,5.04774e+06,5.04774e+06,0
0,20,sync__,GPU,5.04774e+06,5.04774e+06,0
0,20,gate_fn,GPU,5.04774e+06,5.04783e+06,97.9093
0,20,Linear,GPU,5.04774e+06,5.04783e+06,97.9093
0,20,gate_update,GPU,5.04783e+06,5.04783e+06,0
0,20,moe_scatter,GPU,5.04783e+06,5.04783e+06,0
0,20,sync_for_moe_scatter,GPU,5.04783e+06,5.04783e+06,0
0,20,sync__set,GPU,5.04783e+06,5.04783e+06,0
0,20,sync__,GPU,5.04783e+06,5.04783e+06,0
0,20,moe_route,GPU,5.04783e+06,5.04783e+06,0
0,20,expert_FFN_0,GPU,5.04783e+06,5.15353e+06,105694
0,20,gate_proj,GPU,5.04783e+06,5.08298e+06,35145.9
0,20,Linear,GPU,5.04783e+06,5.08298e+06,35145.9
0,20,activation,GPU,5.08298e+06,5.08324e+06,256.611
0,20,up_proj,GPU,5.08324e+06,5.11838e+06,35145.9
0,20,Linear,GPU,5.08324e+06,5.11838e+06,35145.9
0,20,down_proj,GPU,5.11838e+06,5.15353e+06,35145.9
0,20,Linear,GPU,5.11838e+06,5.15353e+06,35145.9
0,20,expert_FFN_1,GPU,5.15353e+06,5.25899e+06,105460
0,20,gate_proj,GPU,5.15353e+06,5.18863e+06,35101.9
0,20,Linear,GPU,5.15353e+06,5.18863e+06,35101.9
0,20,activation,GPU,5.18863e+06,5.18878e+06,153.967
0,20,up_proj,GPU,5.18878e+06,5.22389e+06,35101.9
0,20,Linear,GPU,5.18878e+06,5.22389e+06,35101.9
0,20,down_proj,GPU,5.22389e+06,5.25899e+06,35101.9
0,20,Linear,GPU,5.22389e+06,5.25899e+06,35101.9
0,20,sync_2,GPU,5.25899e+06,5.25922e+06,234.616
0,20,sync__set,GPU,5.25899e+06,5.25899e+06,0
0,20,sync__,GPU,5.25899e+06,5.25922e+06,234.616
0,20,moe_all_reduce_for_e_tp,GPU,5.25922e+06,5.25922e+06,0
0,20,sync_3,GPU,5.25922e+06,5.25922e+06,0
0,20,sync__set,GPU,5.25922e+06,5.25922e+06,0
0,20,sync__,GPU,5.25922e+06,5.25922e+06,0
0,20,moe_gather,GPU,5.25922e+06,5.25922e+06,0
0,20,sync_for_moe_gather,GPU,5.25922e+06,5.25922e+06,0
0,20,sync__set,GPU,5.25922e+06,5.25922e+06,0
0,20,sync__,GPU,5.25922e+06,5.25922e+06,0
0,20,moe_all_reduce_for_gather,GPU,5.25922e+06,5.26446e+06,5236.91
0,20,sync_5,GPU,5.26446e+06,5.26446e+06,0
0,20,sync__set,GPU,5.26446e+06,5.26446e+06,0
0,20,sync__,GPU,5.26446e+06,5.26446e+06,0
0,20,sync_6,GPU,5.26446e+06,5.26446e+06,0
0,20,sync__set,GPU,5.26446e+06,5.26446e+06,0
0,20,sync__,GPU,5.26446e+06,5.26446e+06,0
0,20,residual_2,GPU,5.26446e+06,5.26462e+06,158.854
0,21,MoE_decoder_21,GPU,5.26462e+06,5.51562e+06,250998
0,21,input_layer_norm,GPU,5.26462e+06,5.26478e+06,158.854
0,21,attention,GPU,5.26478e+06,5.29812e+06,33345.5
0,21,attn_qkv_proj,GPU,5.26478e+06,5.26864e+06,3861.38
0,21,Linear,GPU,5.26478e+06,5.26864e+06,3861.38
0,21,self_attention,GPU,5.26864e+06,5.29029e+06,21646.9
0,21,AttentionSplit,GPU,5.26864e+06,5.26864e+06,0
0,21,AttentionSum,GPU,5.26864e+06,5.26864e+06,0
0,21,AttentionGen,GPU,5.26864e+06,5.29029e+06,21646.9
0,21,AttentionMerge,GPU,5.29029e+06,5.29029e+06,0
0,21,attn_o_proj,GPU,5.29029e+06,5.29289e+06,2600.32
0,21,Linear,GPU,5.29029e+06,5.29289e+06,2600.32
0,21,all_reduce,GPU,5.29289e+06,5.29812e+06,5236.91
0,21,residual_1,GPU,5.29812e+06,5.29828e+06,158.854
0,21,post_attn_layer_norm,GPU,5.29828e+06,5.29844e+06,158.854
0,21,expertFFN,GPU,5.29844e+06,5.51546e+06,217017
0,21,sync_0,GPU,5.29844e+06,5.29844e+06,0
0,21,sync__set,GPU,5.29844e+06,5.29844e+06,0
0,21,sync__,GPU,5.29844e+06,5.29844e+06,0
0,21,gate_fn,GPU,5.29844e+06,5.29854e+06,97.9093
0,21,Linear,GPU,5.29844e+06,5.29854e+06,97.9093
0,21,gate_update,GPU,5.29854e+06,5.29854e+06,0
0,21,moe_scatter,GPU,5.29854e+06,5.29854e+06,0
0,21,sync_for_moe_scatter,GPU,5.29854e+06,5.29854e+06,0
0,21,sync__set,GPU,5.29854e+06,5.29854e+06,0
0,21,sync__,GPU,5.29854e+06,5.29854e+06,0
0,21,moe_route,GPU,5.29854e+06,5.29854e+06,0
0,21,expert_FFN_0,GPU,5.29854e+06,5.40412e+06,105577
0,21,gate_proj,GPU,5.29854e+06,5.33366e+06,35123.9
0,21,Linear,GPU,5.29854e+06,5.33366e+06,35123.9
0,21,activation,GPU,5.33366e+06,5.33387e+06,205.289
0,21,up_proj,GPU,5.33387e+06,5.36899e+06,35123.9
0,21,Linear,GPU,5.33387e+06,5.36899e+06,35123.9
0,21,down_proj,GPU,5.36899e+06,5.40412e+06,35123.9
0,21,Linear,GPU,5.36899e+06,5.40412e+06,35123.9
0,21,expert_FFN_1,GPU,5.40412e+06,5.50958e+06,105460
0,21,gate_proj,GPU,5.40412e+06,5.43922e+06,35101.9
0,21,Linear,GPU,5.40412e+06,5.43922e+06,35101.9
0,21,activation,GPU,5.43922e+06,5.43937e+06,153.967
0,21,up_proj,GPU,5.43937e+06,5.47447e+06,35101.9
0,21,Linear,GPU,5.43937e+06,5.47447e+06,35101.9
0,21,down_proj,GPU,5.47447e+06,5.50958e+06,35101.9
0,21,Linear,GPU,5.47447e+06,5.50958e+06,35101.9
0,21,sync_2,GPU,5.50958e+06,5.51022e+06,645.193
0,21,sync__set,GPU,5.50958e+06,5.50958e+06,0
0,21,sync__,GPU,5.50958e+06,5.51022e+06,645.193
0,21,moe_all_reduce_for_e_tp,GPU,5.51022e+06,5.51022e+06,0
0,21,sync_3,GPU,5.51022e+06,5.51022e+06,0
0,21,sync__set,GPU,5.51022e+06,5.51022e+06,0
0,21,sync__,GPU,5.51022e+06,5.51022e+06,0
0,21,moe_gather,GPU,5.51022e+06,5.51022e+06,0
0,21,sync_for_moe_gather,GPU,5.51022e+06,5.51022e+06,0
0,21,sync__set,GPU,5.51022e+06,5.51022e+06,0
0,21,sync__,GPU,5.51022e+06,5.51022e+06,0
0,21,moe_all_reduce_for_gather,GPU,5.51022e+06,5.51546e+06,5236.91
0,21,sync_5,GPU,5.51546e+06,5.51546e+06,0
0,21,sync__set,GPU,5.51546e+06,5.51546e+06,0
0,21,sync__,GPU,5.51546e+06,5.51546e+06,0
0,21,sync_6,GPU,5.51546e+06,5.51546e+06,0
0,21,sync__set,GPU,5.51546e+06,5.51546e+06,0
0,21,sync__,GPU,5.51546e+06,5.51546e+06,0
0,21,residual_2,GPU,5.51546e+06,5.51562e+06,158.854
0,22,MoE_decoder_22,GPU,5.51562e+06,5.76626e+06,250646
0,22,input_layer_norm,GPU,5.51562e+06,5.51578e+06,158.854
0,22,attention,GPU,5.51578e+06,5.54912e+06,33345.5
0,22,attn_qkv_proj,GPU,5.51578e+06,5.51964e+06,3861.38
0,22,Linear,GPU,5.51578e+06,5.51964e+06,3861.38
0,22,self_attention,GPU,5.51964e+06,5.54128e+06,21646.9
0,22,AttentionSplit,GPU,5.51964e+06,5.51964e+06,0
0,22,AttentionSum,GPU,5.51964e+06,5.51964e+06,0
0,22,AttentionGen,GPU,5.51964e+06,5.54128e+06,21646.9
0,22,AttentionMerge,GPU,5.54128e+06,5.54128e+06,0
0,22,attn_o_proj,GPU,5.54128e+06,5.54388e+06,2600.32
0,22,Linear,GPU,5.54128e+06,5.54388e+06,2600.32
0,22,all_reduce,GPU,5.54388e+06,5.54912e+06,5236.91
0,22,residual_1,GPU,5.54912e+06,5.54928e+06,158.854
0,22,post_attn_layer_norm,GPU,5.54928e+06,5.54944e+06,158.854
0,22,expertFFN,GPU,5.54944e+06,5.7661e+06,216665
0,22,sync_0,GPU,5.54944e+06,5.54944e+06,0
0,22,sync__set,GPU,5.54944e+06,5.54944e+06,0
0,22,sync__,GPU,5.54944e+06,5.54944e+06,0
0,22,gate_fn,GPU,5.54944e+06,5.54954e+06,97.9093
0,22,Linear,GPU,5.54944e+06,5.54954e+06,97.9093
0,22,gate_update,GPU,5.54954e+06,5.54954e+06,0
0,22,moe_scatter,GPU,5.54954e+06,5.54954e+06,0
0,22,sync_for_moe_scatter,GPU,5.54954e+06,5.54954e+06,0
0,22,sync__set,GPU,5.54954e+06,5.54954e+06,0
0,22,sync__,GPU,5.54954e+06,5.54954e+06,0
0,22,moe_route,GPU,5.54954e+06,5.54954e+06,0
0,22,expert_FFN_0,GPU,5.54954e+06,5.655e+06,105460
0,22,gate_proj,GPU,5.54954e+06,5.58464e+06,35101.9
0,22,Linear,GPU,5.54954e+06,5.58464e+06,35101.9
0,22,activation,GPU,5.58464e+06,5.58479e+06,153.967
0,22,up_proj,GPU,5.58479e+06,5.61989e+06,35101.9
0,22,Linear,GPU,5.58479e+06,5.61989e+06,35101.9
0,22,down_proj,GPU,5.61989e+06,5.655e+06,35101.9
0,22,Linear,GPU,5.61989e+06,5.655e+06,35101.9
0,22,expert_FFN_1,GPU,5.655e+06,5.76063e+06,105636
0,22,gate_proj,GPU,5.655e+06,5.69013e+06,35134.9
0,22,Linear,GPU,5.655e+06,5.69013e+06,35134.9
0,22,activation,GPU,5.69013e+06,5.69036e+06,230.95
0,22,up_proj,GPU,5.69036e+06,5.7255e+06,35134.9
0,22,Linear,GPU,5.69036e+06,5.7255e+06,35134.9
0,22,down_proj,GPU,5.7255e+06,5.76063e+06,35134.9
0,22,Linear,GPU,5.7255e+06,5.76063e+06,35134.9
0,22,sync_2,GPU,5.76063e+06,5.76087e+06,234.616
0,22,sync__set,GPU,5.76063e+06,5.76063e+06,0
0,22,sync__,GPU,5.76063e+06,5.76087e+06,234.616
0,22,moe_all_reduce_for_e_tp,GPU,5.76087e+06,5.76087e+06,0
0,22,sync_3,GPU,5.76087e+06,5.76087e+06,0
0,22,sync__set,GPU,5.76087e+06,5.76087e+06,0
0,22,sync__,GPU,5.76087e+06,5.76087e+06,0
0,22,moe_gather,GPU,5.76087e+06,5.76087e+06,0
0,22,sync_for_moe_gather,GPU,5.76087e+06,5.76087e+06,0
0,22,sync__set,GPU,5.76087e+06,5.76087e+06,0
0,22,sync__,GPU,5.76087e+06,5.76087e+06,0
0,22,moe_all_reduce_for_gather,GPU,5.76087e+06,5.7661e+06,5236.91
0,22,sync_5,GPU,5.7661e+06,5.7661e+06,0
0,22,sync__set,GPU,5.7661e+06,5.7661e+06,0
0,22,sync__,GPU,5.7661e+06,5.7661e+06,0
0,22,sync_6,GPU,5.7661e+06,5.7661e+06,0
0,22,sync__set,GPU,5.7661e+06,5.7661e+06,0
0,22,sync__,GPU,5.7661e+06,5.7661e+06,0
0,22,residual_2,GPU,5.7661e+06,5.76626e+06,158.854
0,23,MoE_decoder_23,GPU,5.76626e+06,6.01685e+06,250587
0,23,input_layer_norm,GPU,5.76626e+06,5.76642e+06,158.854
0,23,attention,GPU,5.76642e+06,5.79977e+06,33345.5
0,23,attn_qkv_proj,GPU,5.76642e+06,5.77028e+06,3861.38
0,23,Linear,GPU,5.76642e+06,5.77028e+06,3861.38
0,23,self_attention,GPU,5.77028e+06,5.79193e+06,21646.9
0,23,AttentionSplit,GPU,5.77028e+06,5.77028e+06,0
0,23,AttentionSum,GPU,5.77028e+06,5.77028e+06,0
0,23,AttentionGen,GPU,5.77028e+06,5.79193e+06,21646.9
0,23,AttentionMerge,GPU,5.79193e+06,5.79193e+06,0
0,23,attn_o_proj,GPU,5.79193e+06,5.79453e+06,2600.32
0,23,Linear,GPU,5.79193e+06,5.79453e+06,2600.32
0,23,all_reduce,GPU,5.79453e+06,5.79977e+06,5236.91
0,23,residual_1,GPU,5.79977e+06,5.79993e+06,158.854
0,23,post_attn_layer_norm,GPU,5.79993e+06,5.80008e+06,158.854
0,23,expertFFN,GPU,5.80008e+06,6.01669e+06,216606
0,23,sync_0,GPU,5.80008e+06,5.80008e+06,0
0,23,sync__set,GPU,5.80008e+06,5.80008e+06,0
0,23,sync__,GPU,5.80008e+06,5.80008e+06,0
0,23,gate_fn,GPU,5.80008e+06,5.80018e+06,97.9093
0,23,Linear,GPU,5.80008e+06,5.80018e+06,97.9093
0,23,gate_update,GPU,5.80018e+06,5.80018e+06,0
0,23,moe_scatter,GPU,5.80018e+06,5.80018e+06,0
0,23,sync_for_moe_scatter,GPU,5.80018e+06,5.80018e+06,0
0,23,sync__set,GPU,5.80018e+06,5.80018e+06,0
0,23,sync__,GPU,5.80018e+06,5.80018e+06,0
0,23,moe_route,GPU,5.80018e+06,5.80018e+06,0
0,23,expert_FFN_0,GPU,5.80018e+06,5.90582e+06,105636
0,23,gate_proj,GPU,5.80018e+06,5.83532e+06,35134.9
0,23,Linear,GPU,5.80018e+06,5.83532e+06,35134.9
0,23,activation,GPU,5.83532e+06,5.83555e+06,230.95
0,23,up_proj,GPU,5.83555e+06,5.87068e+06,35134.9
0,23,Linear,GPU,5.83555e+06,5.87068e+06,35134.9
0,23,down_proj,GPU,5.87068e+06,5.90582e+06,35134.9
0,23,Linear,GPU,5.87068e+06,5.90582e+06,35134.9
0,23,expert_FFN_1,GPU,5.90582e+06,6.01134e+06,105518
0,23,gate_proj,GPU,5.90582e+06,5.94093e+06,35112.9
0,23,Linear,GPU,5.90582e+06,5.94093e+06,35112.9
0,23,activation,GPU,5.94093e+06,5.94111e+06,179.628
0,23,up_proj,GPU,5.94111e+06,5.97622e+06,35112.9
0,23,Linear,GPU,5.94111e+06,5.97622e+06,35112.9
0,23,down_proj,GPU,5.97622e+06,6.01134e+06,35112.9
0,23,Linear,GPU,5.97622e+06,6.01134e+06,35112.9
0,23,sync_2,GPU,6.01134e+06,6.01145e+06,117.308
0,23,sync__set,GPU,6.01134e+06,6.01134e+06,0
0,23,sync__,GPU,6.01134e+06,6.01145e+06,117.308
0,23,moe_all_reduce_for_e_tp,GPU,6.01145e+06,6.01145e+06,0
0,23,sync_3,GPU,6.01145e+06,6.01145e+06,0
0,23,sync__set,GPU,6.01145e+06,6.01145e+06,0
0,23,sync__,GPU,6.01145e+06,6.01145e+06,0
0,23,moe_gather,GPU,6.01145e+06,6.01145e+06,0
0,23,sync_for_moe_gather,GPU,6.01145e+06,6.01145e+06,0
0,23,sync__set,GPU,6.01145e+06,6.01145e+06,0
0,23,sync__,GPU,6.01145e+06,6.01145e+06,0
0,23,moe_all_reduce_for_gather,GPU,6.01145e+06,6.01669e+06,5236.91
0,23,sync_5,GPU,6.01669e+06,6.01669e+06,0
0,23,sync__set,GPU,6.01669e+06,6.01669e+06,0
0,23,sync__,GPU,6.01669e+06,6.01669e+06,0
0,23,sync_6,GPU,6.01669e+06,6.01669e+06,0
0,23,sync__set,GPU,6.01669e+06,6.01669e+06,0
0,23,sync__,GPU,6.01669e+06,6.01669e+06,0
0,23,residual_2,GPU,6.01669e+06,6.01685e+06,158.854
0,24,MoE_decoder_24,GPU,6.01685e+06,6.26761e+06,250763
0,24,input_layer_norm,GPU,6.01685e+06,6.01701e+06,158.854
0,24,attention,GPU,6.01701e+06,6.05035e+06,33345.5
0,24,attn_qkv_proj,GPU,6.01701e+06,6.02087e+06,3861.38
0,24,Linear,GPU,6.01701e+06,6.02087e+06,3861.38
0,24,self_attention,GPU,6.02087e+06,6.04252e+06,21646.9
0,24,AttentionSplit,GPU,6.02087e+06,6.02087e+06,0
0,24,AttentionSum,GPU,6.02087e+06,6.02087e+06,0
0,24,AttentionGen,GPU,6.02087e+06,6.04252e+06,21646.9
0,24,AttentionMerge,GPU,6.04252e+06,6.04252e+06,0
0,24,attn_o_proj,GPU,6.04252e+06,6.04512e+06,2600.32
0,24,Linear,GPU,6.04252e+06,6.04512e+06,2600.32
0,24,all_reduce,GPU,6.04512e+06,6.05035e+06,5236.91
0,24,residual_1,GPU,6.05035e+06,6.05051e+06,158.854
0,24,post_attn_layer_norm,GPU,6.05051e+06,6.05067e+06,158.854
0,24,expertFFN,GPU,6.05067e+06,6.26745e+06,216782
0,24,sync_0,GPU,6.05067e+06,6.05067e+06,0
0,24,sync__set,GPU,6.05067e+06,6.05067e+06,0
0,24,sync__,GPU,6.05067e+06,6.05067e+06,0
0,24,gate_fn,GPU,6.05067e+06,6.05077e+06,97.9093
0,24,Linear,GPU,6.05067e+06,6.05077e+06,97.9093
0,24,gate_update,GPU,6.05077e+06,6.05077e+06,0
0,24,moe_scatter,GPU,6.05077e+06,6.05077e+06,0
0,24,sync_for_moe_scatter,GPU,6.05077e+06,6.05077e+06,0
0,24,sync__set,GPU,6.05077e+06,6.05077e+06,0
0,24,sync__,GPU,6.05077e+06,6.05077e+06,0
0,24,moe_route,GPU,6.05077e+06,6.05077e+06,0
0,24,expert_FFN_0,GPU,6.05077e+06,6.15629e+06,105518
0,24,gate_proj,GPU,6.05077e+06,6.08588e+06,35112.9
0,24,Linear,GPU,6.05077e+06,6.08588e+06,35112.9
0,24,activation,GPU,6.08588e+06,6.08606e+06,179.628
0,24,up_proj,GPU,6.08606e+06,6.12118e+06,35112.9
0,24,Linear,GPU,6.08606e+06,6.12118e+06,35112.9
0,24,down_proj,GPU,6.12118e+06,6.15629e+06,35112.9
0,24,Linear,GPU,6.12118e+06,6.15629e+06,35112.9
0,24,expert_FFN_1,GPU,6.15629e+06,6.26169e+06,105401
0,24,gate_proj,GPU,6.15629e+06,6.19138e+06,35090.9
0,24,Linear,GPU,6.15629e+06,6.19138e+06,35090.9
0,24,activation,GPU,6.19138e+06,6.19151e+06,128.305
0,24,up_proj,GPU,6.19151e+06,6.2266e+06,35090.9
0,24,Linear,GPU,6.19151e+06,6.2266e+06,35090.9
0,24,down_proj,GPU,6.2266e+06,6.26169e+06,35090.9
0,24,Linear,GPU,6.2266e+06,6.26169e+06,35090.9
0,24,sync_2,GPU,6.26169e+06,6.26222e+06,527.885
0,24,sync__set,GPU,6.26169e+06,6.26169e+06,0
0,24,sync__,GPU,6.26169e+06,6.26222e+06,527.885
0,24,moe_all_reduce_for_e_tp,GPU,6.26222e+06,6.26222e+06,0
0,24,sync_3,GPU,6.26222e+06,6.26222e+06,0
0,24,sync__set,GPU,6.26222e+06,6.26222e+06,0
0,24,sync__,GPU,6.26222e+06,6.26222e+06,0
0,24,moe_gather,GPU,6.26222e+06,6.26222e+06,0
0,24,sync_for_moe_gather,GPU,6.26222e+06,6.26222e+06,0
0,24,sync__set,GPU,6.26222e+06,6.26222e+06,0
0,24,sync__,GPU,6.26222e+06,6.26222e+06,0
0,24,moe_all_reduce_for_gather,GPU,6.26222e+06,6.26745e+06,5236.91
0,24,sync_5,GPU,6.26745e+06,6.26745e+06,0
0,24,sync__set,GPU,6.26745e+06,6.26745e+06,0
0,24,sync__,GPU,6.26745e+06,6.26745e+06,0
0,24,sync_6,GPU,6.26745e+06,6.26745e+06,0
0,24,sync__set,GPU,6.26745e+06,6.26745e+06,0
0,24,sync__,GPU,6.26745e+06,6.26745e+06,0
0,24,residual_2,GPU,6.26745e+06,6.26761e+06,158.854
0,25,MoE_decoder_25,GPU,6.26761e+06,6.51826e+06,250646
0,25,input_layer_norm,GPU,6.26761e+06,6.26777e+06,158.854
0,25,attention,GPU,6.26777e+06,6.30112e+06,33345.5
0,25,attn_qkv_proj,GPU,6.26777e+06,6.27163e+06,3861.38
0,25,Linear,GPU,6.26777e+06,6.27163e+06,3861.38
0,25,self_attention,GPU,6.27163e+06,6.29328e+06,21646.9
0,25,AttentionSplit,GPU,6.27163e+06,6.27163e+06,0
0,25,AttentionSum,GPU,6.27163e+06,6.27163e+06,0
0,25,AttentionGen,GPU,6.27163e+06,6.29328e+06,21646.9
0,25,AttentionMerge,GPU,6.29328e+06,6.29328e+06,0
0,25,attn_o_proj,GPU,6.29328e+06,6.29588e+06,2600.32
0,25,Linear,GPU,6.29328e+06,6.29588e+06,2600.32
0,25,all_reduce,GPU,6.29588e+06,6.30112e+06,5236.91
0,25,residual_1,GPU,6.30112e+06,6.30128e+06,158.854
0,25,post_attn_layer_norm,GPU,6.30128e+06,6.30144e+06,158.854
0,25,expertFFN,GPU,6.30144e+06,6.5181e+06,216665
0,25,sync_0,GPU,6.30144e+06,6.30144e+06,0
0,25,sync__set,GPU,6.30144e+06,6.30144e+06,0
0,25,sync__,GPU,6.30144e+06,6.30144e+06,0
0,25,gate_fn,GPU,6.30144e+06,6.30153e+06,97.9093
0,25,Linear,GPU,6.30144e+06,6.30153e+06,97.9093
0,25,gate_update,GPU,6.30153e+06,6.30153e+06,0
0,25,moe_scatter,GPU,6.30153e+06,6.30153e+06,0
0,25,sync_for_moe_scatter,GPU,6.30153e+06,6.30153e+06,0
0,25,sync__set,GPU,6.30153e+06,6.30153e+06,0
0,25,sync__,GPU,6.30153e+06,6.30153e+06,0
0,25,moe_route,GPU,6.30153e+06,6.30153e+06,0
0,25,expert_FFN_0,GPU,6.30153e+06,6.40693e+06,105401
0,25,gate_proj,GPU,6.30153e+06,6.33662e+06,35090.9
0,25,Linear,GPU,6.30153e+06,6.33662e+06,35090.9
0,25,activation,GPU,6.33662e+06,6.33675e+06,128.305
0,25,up_proj,GPU,6.33675e+06,6.37184e+06,35090.9
0,25,Linear,GPU,6.33675e+06,6.37184e+06,35090.9
0,25,down_proj,GPU,6.37184e+06,6.40693e+06,35090.9
0,25,Linear,GPU,6.37184e+06,6.40693e+06,35090.9
0,25,expert_FFN_1,GPU,6.40693e+06,6.51234e+06,105401
0,25,gate_proj,GPU,6.40693e+06,6.44203e+06,35090.9
0,25,Linear,GPU,6.40693e+06,6.44203e+06,35090.9
0,25,activation,GPU,6.44203e+06,6.44215e+06,128.305
0,25,up_proj,GPU,6.44215e+06,6.47724e+06,35090.9
0,25,Linear,GPU,6.44215e+06,6.47724e+06,35090.9
0,25,down_proj,GPU,6.47724e+06,6.51234e+06,35090.9
0,25,Linear,GPU,6.47724e+06,6.51234e+06,35090.9
0,25,sync_2,GPU,6.51234e+06,6.51286e+06,527.885
0,25,sync__set,GPU,6.51234e+06,6.51234e+06,0
0,25,sync__,GPU,6.51234e+06,6.51286e+06,527.885
0,25,moe_all_reduce_for_e_tp,GPU,6.51286e+06,6.51286e+06,0
0,25,sync_3,GPU,6.51286e+06,6.51286e+06,0
0,25,sync__set,GPU,6.51286e+06,6.51286e+06,0
0,25,sync__,GPU,6.51286e+06,6.51286e+06,0
0,25,moe_gather,GPU,6.51286e+06,6.51286e+06,0
0,25,sync_for_moe_gather,GPU,6.51286e+06,6.51286e+06,0
0,25,sync__set,GPU,6.51286e+06,6.51286e+06,0
0,25,sync__,GPU,6.51286e+06,6.51286e+06,0
0,25,moe_all_reduce_for_gather,GPU,6.51286e+06,6.5181e+06,5236.91
0,25,sync_5,GPU,6.5181e+06,6.5181e+06,0
0,25,sync__set,GPU,6.5181e+06,6.5181e+06,0
0,25,sync__,GPU,6.5181e+06,6.5181e+06,0
0,25,sync_6,GPU,6.5181e+06,6.5181e+06,0
0,25,sync__set,GPU,6.5181e+06,6.5181e+06,0
0,25,sync__,GPU,6.5181e+06,6.5181e+06,0
0,25,residual_2,GPU,6.5181e+06,6.51826e+06,158.854
0,26,MoE_decoder_26,GPU,6.51826e+06,6.7689e+06,250646
0,26,input_layer_norm,GPU,6.51826e+06,6.51842e+06,158.854
0,26,attention,GPU,6.51842e+06,6.55176e+06,33345.5
0,26,attn_qkv_proj,GPU,6.51842e+06,6.52228e+06,3861.38
0,26,Linear,GPU,6.51842e+06,6.52228e+06,3861.38
0,26,self_attention,GPU,6.52228e+06,6.54393e+06,21646.9
0,26,AttentionSplit,GPU,6.52228e+06,6.52228e+06,0
0,26,AttentionSum,GPU,6.52228e+06,6.52228e+06,0
0,26,AttentionGen,GPU,6.52228e+06,6.54393e+06,21646.9
0,26,AttentionMerge,GPU,6.54393e+06,6.54393e+06,0
0,26,attn_o_proj,GPU,6.54393e+06,6.54653e+06,2600.32
0,26,Linear,GPU,6.54393e+06,6.54653e+06,2600.32
0,26,all_reduce,GPU,6.54653e+06,6.55176e+06,5236.91
0,26,residual_1,GPU,6.55176e+06,6.55192e+06,158.854
0,26,post_attn_layer_norm,GPU,6.55192e+06,6.55208e+06,158.854
0,26,expertFFN,GPU,6.55208e+06,6.76875e+06,216665
0,26,sync_0,GPU,6.55208e+06,6.55208e+06,0
0,26,sync__set,GPU,6.55208e+06,6.55208e+06,0
0,26,sync__,GPU,6.55208e+06,6.55208e+06,0
0,26,gate_fn,GPU,6.55208e+06,6.55218e+06,97.9093
0,26,Linear,GPU,6.55208e+06,6.55218e+06,97.9093
0,26,gate_update,GPU,6.55218e+06,6.55218e+06,0
0,26,moe_scatter,GPU,6.55218e+06,6.55218e+06,0
0,26,sync_for_moe_scatter,GPU,6.55218e+06,6.55218e+06,0
0,26,sync__set,GPU,6.55218e+06,6.55218e+06,0
0,26,sync__,GPU,6.55218e+06,6.55218e+06,0
0,26,moe_route,GPU,6.55218e+06,6.55218e+06,0
0,26,expert_FFN_0,GPU,6.55218e+06,6.65793e+06,105753
0,26,gate_proj,GPU,6.55218e+06,6.58734e+06,35156.9
0,26,Linear,GPU,6.55218e+06,6.58734e+06,35156.9
0,26,activation,GPU,6.58734e+06,6.58762e+06,282.272
0,26,up_proj,GPU,6.58762e+06,6.62277e+06,35156.9
0,26,Linear,GPU,6.58762e+06,6.62277e+06,35156.9
0,26,down_proj,GPU,6.62277e+06,6.65793e+06,35156.9
0,26,Linear,GPU,6.62277e+06,6.65793e+06,35156.9
0,26,expert_FFN_1,GPU,6.65793e+06,6.76345e+06,105518
0,26,gate_proj,GPU,6.65793e+06,6.69304e+06,35112.9
0,26,Linear,GPU,6.65793e+06,6.69304e+06,35112.9
0,26,activation,GPU,6.69304e+06,6.69322e+06,179.628
0,26,up_proj,GPU,6.69322e+06,6.72834e+06,35112.9
0,26,Linear,GPU,6.69322e+06,6.72834e+06,35112.9
0,26,down_proj,GPU,6.72834e+06,6.76345e+06,35112.9
0,26,Linear,GPU,6.72834e+06,6.76345e+06,35112.9
0,26,sync_2,GPU,6.76345e+06,6.76351e+06,58.6539
0,26,sync__set,GPU,6.76345e+06,6.76345e+06,0
0,26,sync__,GPU,6.76345e+06,6.76351e+06,58.6539
0,26,moe_all_reduce_for_e_tp,GPU,6.76351e+06,6.76351e+06,0
0,26,sync_3,GPU,6.76351e+06,6.76351e+06,0
0,26,sync__set,GPU,6.76351e+06,6.76351e+06,0
0,26,sync__,GPU,6.76351e+06,6.76351e+06,0
0,26,moe_gather,GPU,6.76351e+06,6.76351e+06,0
0,26,sync_for_moe_gather,GPU,6.76351e+06,6.76351e+06,0
0,26,sync__set,GPU,6.76351e+06,6.76351e+06,0
0,26,sync__,GPU,6.76351e+06,6.76351e+06,0
0,26,moe_all_reduce_for_gather,GPU,6.76351e+06,6.76875e+06,5236.91
0,26,sync_5,GPU,6.76875e+06,6.76875e+06,0
0,26,sync__set,GPU,6.76875e+06,6.76875e+06,0
0,26,sync__,GPU,6.76875e+06,6.76875e+06,0
0,26,sync_6,GPU,6.76875e+06,6.76875e+06,0
0,26,sync__set,GPU,6.76875e+06,6.76875e+06,0
0,26,sync__,GPU,6.76875e+06,6.76875e+06,0
0,26,residual_2,GPU,6.76875e+06,6.7689e+06,158.854
0,27,MoE_decoder_27,GPU,6.7689e+06,7.01949e+06,250587
0,27,input_layer_norm,GPU,6.7689e+06,6.76906e+06,158.854
0,27,attention,GPU,6.76906e+06,6.80241e+06,33345.5
0,27,attn_qkv_proj,GPU,6.76906e+06,6.77292e+06,3861.38
0,27,Linear,GPU,6.76906e+06,6.77292e+06,3861.38
0,27,self_attention,GPU,6.77292e+06,6.79457e+06,21646.9
0,27,AttentionSplit,GPU,6.77292e+06,6.77292e+06,0
0,27,AttentionSum,GPU,6.77292e+06,6.77292e+06,0
0,27,AttentionGen,GPU,6.77292e+06,6.79457e+06,21646.9
0,27,AttentionMerge,GPU,6.79457e+06,6.79457e+06,0
0,27,attn_o_proj,GPU,6.79457e+06,6.79717e+06,2600.32
0,27,Linear,GPU,6.79457e+06,6.79717e+06,2600.32
0,27,all_reduce,GPU,6.79717e+06,6.80241e+06,5236.91
0,27,residual_1,GPU,6.80241e+06,6.80257e+06,158.854
0,27,post_attn_layer_norm,GPU,6.80257e+06,6.80273e+06,158.854
0,27,expertFFN,GPU,6.80273e+06,7.01933e+06,216606
0,27,sync_0,GPU,6.80273e+06,6.80273e+06,0
0,27,sync__set,GPU,6.80273e+06,6.80273e+06,0
0,27,sync__,GPU,6.80273e+06,6.80273e+06,0
0,27,gate_fn,GPU,6.80273e+06,6.80282e+06,97.9093
0,27,Linear,GPU,6.80273e+06,6.80282e+06,97.9093
0,27,gate_update,GPU,6.80282e+06,6.80282e+06,0
0,27,moe_scatter,GPU,6.80282e+06,6.80282e+06,0
0,27,sync_for_moe_scatter,GPU,6.80282e+06,6.80282e+06,0
0,27,sync__set,GPU,6.80282e+06,6.80282e+06,0
0,27,sync__,GPU,6.80282e+06,6.80282e+06,0
0,27,moe_route,GPU,6.80282e+06,6.80282e+06,0
0,27,expert_FFN_0,GPU,6.80282e+06,6.9084e+06,105577
0,27,gate_proj,GPU,6.80282e+06,6.83795e+06,35123.9
0,27,Linear,GPU,6.80282e+06,6.83795e+06,35123.9
0,27,activation,GPU,6.83795e+06,6.83815e+06,205.289
0,27,up_proj,GPU,6.83815e+06,6.87328e+06,35123.9
0,27,Linear,GPU,6.83815e+06,6.87328e+06,35123.9
0,27,down_proj,GPU,6.87328e+06,6.9084e+06,35123.9
0,27,Linear,GPU,6.87328e+06,6.9084e+06,35123.9
0,27,expert_FFN_1,GPU,6.9084e+06,7.01392e+06,105518
0,27,gate_proj,GPU,6.9084e+06,6.94351e+06,35112.9
0,27,Linear,GPU,6.9084e+06,6.94351e+06,35112.9
0,27,activation,GPU,6.94351e+06,6.94369e+06,179.628
0,27,up_proj,GPU,6.94369e+06,6.97881e+06,35112.9
0,27,Linear,GPU,6.94369e+06,6.97881e+06,35112.9
0,27,down_proj,GPU,6.97881e+06,7.01392e+06,35112.9
0,27,Linear,GPU,6.97881e+06,7.01392e+06,35112.9
0,27,sync_2,GPU,7.01392e+06,7.0141e+06,175.962
0,27,sync__set,GPU,7.01392e+06,7.01392e+06,0
0,27,sync__,GPU,7.01392e+06,7.0141e+06,175.962
0,27,moe_all_reduce_for_e_tp,GPU,7.0141e+06,7.0141e+06,0
0,27,sync_3,GPU,7.0141e+06,7.0141e+06,0
0,27,sync__set,GPU,7.0141e+06,7.0141e+06,0
0,27,sync__,GPU,7.0141e+06,7.0141e+06,0
0,27,moe_gather,GPU,7.0141e+06,7.0141e+06,0
0,27,sync_for_moe_gather,GPU,7.0141e+06,7.0141e+06,0
0,27,sync__set,GPU,7.0141e+06,7.0141e+06,0
0,27,sync__,GPU,7.0141e+06,7.0141e+06,0
0,27,moe_all_reduce_for_gather,GPU,7.0141e+06,7.01933e+06,5236.91
0,27,sync_5,GPU,7.01933e+06,7.01933e+06,0
0,27,sync__set,GPU,7.01933e+06,7.01933e+06,0
0,27,sync__,GPU,7.01933e+06,7.01933e+06,0
0,27,sync_6,GPU,7.01933e+06,7.01933e+06,0
0,27,sync__set,GPU,7.01933e+06,7.01933e+06,0
0,27,sync__,GPU,7.01933e+06,7.01933e+06,0
0,27,residual_2,GPU,7.01933e+06,7.01949e+06,158.854
0,28,MoE_decoder_28,GPU,7.01949e+06,7.2702e+06,250705
0,28,input_layer_norm,GPU,7.01949e+06,7.01965e+06,158.854
0,28,attention,GPU,7.01965e+06,7.053e+06,33345.5
0,28,attn_qkv_proj,GPU,7.01965e+06,7.02351e+06,3861.38
0,28,Linear,GPU,7.01965e+06,7.02351e+06,3861.38
0,28,self_attention,GPU,7.02351e+06,7.04516e+06,21646.9
0,28,AttentionSplit,GPU,7.02351e+06,7.02351e+06,0
0,28,AttentionSum,GPU,7.02351e+06,7.02351e+06,0
0,28,AttentionGen,GPU,7.02351e+06,7.04516e+06,21646.9
0,28,AttentionMerge,GPU,7.04516e+06,7.04516e+06,0
0,28,attn_o_proj,GPU,7.04516e+06,7.04776e+06,2600.32
0,28,Linear,GPU,7.04516e+06,7.04776e+06,2600.32
0,28,all_reduce,GPU,7.04776e+06,7.053e+06,5236.91
0,28,residual_1,GPU,7.053e+06,7.05316e+06,158.854
0,28,post_attn_layer_norm,GPU,7.05316e+06,7.05331e+06,158.854
0,28,expertFFN,GPU,7.05331e+06,7.27004e+06,216724
0,28,sync_0,GPU,7.05331e+06,7.05331e+06,0
0,28,sync__set,GPU,7.05331e+06,7.05331e+06,0
0,28,sync__,GPU,7.05331e+06,7.05331e+06,0
0,28,gate_fn,GPU,7.05331e+06,7.05341e+06,97.9093
0,28,Linear,GPU,7.05331e+06,7.05341e+06,97.9093
0,28,gate_update,GPU,7.05341e+06,7.05341e+06,0
0,28,moe_scatter,GPU,7.05341e+06,7.05341e+06,0
0,28,sync_for_moe_scatter,GPU,7.05341e+06,7.05341e+06,0
0,28,sync__set,GPU,7.05341e+06,7.05341e+06,0
0,28,sync__,GPU,7.05341e+06,7.05341e+06,0
0,28,moe_route,GPU,7.05341e+06,7.05341e+06,0
0,28,expert_FFN_0,GPU,7.05341e+06,7.15916e+06,105753
0,28,gate_proj,GPU,7.05341e+06,7.08857e+06,35156.9
0,28,Linear,GPU,7.05341e+06,7.08857e+06,35156.9
0,28,activation,GPU,7.08857e+06,7.08885e+06,282.272
0,28,up_proj,GPU,7.08885e+06,7.12401e+06,35156.9
0,28,Linear,GPU,7.08885e+06,7.12401e+06,35156.9
0,28,down_proj,GPU,7.12401e+06,7.15916e+06,35156.9
0,28,Linear,GPU,7.12401e+06,7.15916e+06,35156.9
0,28,expert_FFN_1,GPU,7.15916e+06,7.2648e+06,105636
0,28,gate_proj,GPU,7.15916e+06,7.1943e+06,35134.9
0,28,Linear,GPU,7.15916e+06,7.1943e+06,35134.9
0,28,activation,GPU,7.1943e+06,7.19453e+06,230.95
0,28,up_proj,GPU,7.19453e+06,7.22967e+06,35134.9
0,28,Linear,GPU,7.19453e+06,7.22967e+06,35134.9
0,28,down_proj,GPU,7.22967e+06,7.2648e+06,35134.9
0,28,Linear,GPU,7.22967e+06,7.2648e+06,35134.9
0,28,sync_2,GPU,7.2648e+06,7.2648e+06,0
0,28,sync__set,GPU,7.2648e+06,7.2648e+06,0
0,28,sync__,GPU,7.2648e+06,7.2648e+06,0
0,28,moe_all_reduce_for_e_tp,GPU,7.2648e+06,7.2648e+06,0
0,28,sync_3,GPU,7.2648e+06,7.2648e+06,0
0,28,sync__set,GPU,7.2648e+06,7.2648e+06,0
0,28,sync__,GPU,7.2648e+06,7.2648e+06,0
0,28,moe_gather,GPU,7.2648e+06,7.2648e+06,0
0,28,sync_for_moe_gather,GPU,7.2648e+06,7.2648e+06,0
0,28,sync__set,GPU,7.2648e+06,7.2648e+06,0
0,28,sync__,GPU,7.2648e+06,7.2648e+06,0
0,28,moe_all_reduce_for_gather,GPU,7.2648e+06,7.27004e+06,5236.91
0,28,sync_5,GPU,7.27004e+06,7.27004e+06,0
0,28,sync__set,GPU,7.27004e+06,7.27004e+06,0
0,28,sync__,GPU,7.27004e+06,7.27004e+06,0
0,28,sync_6,GPU,7.27004e+06,7.27004e+06,0
0,28,sync__set,GPU,7.27004e+06,7.27004e+06,0
0,28,sync__,GPU,7.27004e+06,7.27004e+06,0
0,28,residual_2,GPU,7.27004e+06,7.2702e+06,158.854
0,29,MoE_decoder_29,GPU,7.2702e+06,7.52084e+06,250646
0,29,input_layer_norm,GPU,7.2702e+06,7.27036e+06,158.854
0,29,attention,GPU,7.27036e+06,7.3037e+06,33345.5
0,29,attn_qkv_proj,GPU,7.27036e+06,7.27422e+06,3861.38
0,29,Linear,GPU,7.27036e+06,7.27422e+06,3861.38
0,29,self_attention,GPU,7.27422e+06,7.29586e+06,21646.9
0,29,AttentionSplit,GPU,7.27422e+06,7.27422e+06,0
0,29,AttentionSum,GPU,7.27422e+06,7.27422e+06,0
0,29,AttentionGen,GPU,7.27422e+06,7.29586e+06,21646.9
0,29,AttentionMerge,GPU,7.29586e+06,7.29586e+06,0
0,29,attn_o_proj,GPU,7.29586e+06,7.29846e+06,2600.32
0,29,Linear,GPU,7.29586e+06,7.29846e+06,2600.32
0,29,all_reduce,GPU,7.29846e+06,7.3037e+06,5236.91
0,29,residual_1,GPU,7.3037e+06,7.30386e+06,158.854
0,29,post_attn_layer_norm,GPU,7.30386e+06,7.30402e+06,158.854
0,29,expertFFN,GPU,7.30402e+06,7.52068e+06,216665
0,29,sync_0,GPU,7.30402e+06,7.30402e+06,0
0,29,sync__set,GPU,7.30402e+06,7.30402e+06,0
0,29,sync__,GPU,7.30402e+06,7.30402e+06,0
0,29,gate_fn,GPU,7.30402e+06,7.30412e+06,97.9093
0,29,Linear,GPU,7.30402e+06,7.30412e+06,97.9093
0,29,gate_update,GPU,7.30412e+06,7.30412e+06,0
0,29,moe_scatter,GPU,7.30412e+06,7.30412e+06,0
0,29,sync_for_moe_scatter,GPU,7.30412e+06,7.30412e+06,0
0,29,sync__set,GPU,7.30412e+06,7.30412e+06,0
0,29,sync__,GPU,7.30412e+06,7.30412e+06,0
0,29,moe_route,GPU,7.30412e+06,7.30412e+06,0
0,29,expert_FFN_0,GPU,7.30412e+06,7.40969e+06,105577
0,29,gate_proj,GPU,7.30412e+06,7.33924e+06,35123.9
0,29,Linear,GPU,7.30412e+06,7.33924e+06,35123.9
0,29,activation,GPU,7.33924e+06,7.33945e+06,205.289
0,29,up_proj,GPU,7.33945e+06,7.37457e+06,35123.9
0,29,Linear,GPU,7.33945e+06,7.37457e+06,35123.9
0,29,down_proj,GPU,7.37457e+06,7.40969e+06,35123.9
0,29,Linear,GPU,7.37457e+06,7.40969e+06,35123.9
0,29,expert_FFN_1,GPU,7.40969e+06,7.51533e+06,105636
0,29,gate_proj,GPU,7.40969e+06,7.44483e+06,35134.9
0,29,Linear,GPU,7.40969e+06,7.44483e+06,35134.9
0,29,activation,GPU,7.44483e+06,7.44506e+06,230.95
0,29,up_proj,GPU,7.44506e+06,7.48019e+06,35134.9
0,29,Linear,GPU,7.44506e+06,7.48019e+06,35134.9
0,29,down_proj,GPU,7.48019e+06,7.51533e+06,35134.9
0,29,Linear,GPU,7.48019e+06,7.51533e+06,35134.9
0,29,sync_2,GPU,7.51533e+06,7.51545e+06,117.308
0,29,sync__set,GPU,7.51533e+06,7.51533e+06,0
0,29,sync__,GPU,7.51533e+06,7.51545e+06,117.308
0,29,moe_all_reduce_for_e_tp,GPU,7.51545e+06,7.51545e+06,0
0,29,sync_3,GPU,7.51545e+06,7.51545e+06,0
0,29,sync__set,GPU,7.51545e+06,7.51545e+06,0
0,29,sync__,GPU,7.51545e+06,7.51545e+06,0
0,29,moe_gather,GPU,7.51545e+06,7.51545e+06,0
0,29,sync_for_moe_gather,GPU,7.51545e+06,7.51545e+06,0
0,29,sync__set,GPU,7.51545e+06,7.51545e+06,0
0,29,sync__,GPU,7.51545e+06,7.51545e+06,0
0,29,moe_all_reduce_for_gather,GPU,7.51545e+06,7.52068e+06,5236.91
0,29,sync_5,GPU,7.52068e+06,7.52068e+06,0
0,29,sync__set,GPU,7.52068e+06,7.52068e+06,0
0,29,sync__,GPU,7.52068e+06,7.52068e+06,0
0,29,sync_6,GPU,7.52068e+06,7.52068e+06,0
0,29,sync__set,GPU,7.52068e+06,7.52068e+06,0
0,29,sync__,GPU,7.52068e+06,7.52068e+06,0
0,29,residual_2,GPU,7.52068e+06,7.52084e+06,158.854
0,30,MoE_decoder_30,GPU,7.52084e+06,7.77161e+06,250763
0,30,input_layer_norm,GPU,7.52084e+06,7.521e+06,158.854
0,30,attention,GPU,7.521e+06,7.55435e+06,33345.5
0,30,attn_qkv_proj,GPU,7.521e+06,7.52486e+06,3861.38
0,30,Linear,GPU,7.521e+06,7.52486e+06,3861.38
0,30,self_attention,GPU,7.52486e+06,7.54651e+06,21646.9
0,30,AttentionSplit,GPU,7.52486e+06,7.52486e+06,0
0,30,AttentionSum,GPU,7.52486e+06,7.52486e+06,0
0,30,AttentionGen,GPU,7.52486e+06,7.54651e+06,21646.9
0,30,AttentionMerge,GPU,7.54651e+06,7.54651e+06,0
0,30,attn_o_proj,GPU,7.54651e+06,7.54911e+06,2600.32
0,30,Linear,GPU,7.54651e+06,7.54911e+06,2600.32
0,30,all_reduce,GPU,7.54911e+06,7.55435e+06,5236.91
0,30,residual_1,GPU,7.55435e+06,7.55451e+06,158.854
0,30,post_attn_layer_norm,GPU,7.55451e+06,7.55466e+06,158.854
0,30,expertFFN,GPU,7.55466e+06,7.77145e+06,216782
0,30,sync_0,GPU,7.55466e+06,7.55466e+06,0
0,30,sync__set,GPU,7.55466e+06,7.55466e+06,0
0,30,sync__,GPU,7.55466e+06,7.55466e+06,0
0,30,gate_fn,GPU,7.55466e+06,7.55476e+06,97.9093
0,30,Linear,GPU,7.55466e+06,7.55476e+06,97.9093
0,30,gate_update,GPU,7.55476e+06,7.55476e+06,0
0,30,moe_scatter,GPU,7.55476e+06,7.55476e+06,0
0,30,sync_for_moe_scatter,GPU,7.55476e+06,7.55476e+06,0
0,30,sync__set,GPU,7.55476e+06,7.55476e+06,0
0,30,sync__,GPU,7.55476e+06,7.55476e+06,0
0,30,moe_route,GPU,7.55476e+06,7.55476e+06,0
0,30,expert_FFN_0,GPU,7.55476e+06,7.6601e+06,105342
0,30,gate_proj,GPU,7.55476e+06,7.58984e+06,35079.9
0,30,Linear,GPU,7.55476e+06,7.58984e+06,35079.9
0,30,activation,GPU,7.58984e+06,7.58994e+06,102.644
0,30,up_proj,GPU,7.58994e+06,7.62502e+06,35079.9
0,30,Linear,GPU,7.58994e+06,7.62502e+06,35079.9
0,30,down_proj,GPU,7.62502e+06,7.6601e+06,35079.9
0,30,Linear,GPU,7.62502e+06,7.6601e+06,35079.9
0,30,expert_FFN_1,GPU,7.6601e+06,7.76568e+06,105577
0,30,gate_proj,GPU,7.6601e+06,7.69523e+06,35123.9
0,30,Linear,GPU,7.6601e+06,7.69523e+06,35123.9
0,30,activation,GPU,7.69523e+06,7.69543e+06,205.289
0,30,up_proj,GPU,7.69543e+06,7.73056e+06,35123.9
0,30,Linear,GPU,7.69543e+06,7.73056e+06,35123.9
0,30,down_proj,GPU,7.73056e+06,7.76568e+06,35123.9
0,30,Linear,GPU,7.73056e+06,7.76568e+06,35123.9
0,30,sync_2,GPU,7.76568e+06,7.76621e+06,527.885
0,30,sync__set,GPU,7.76568e+06,7.76568e+06,0
0,30,sync__,GPU,7.76568e+06,7.76621e+06,527.885
0,30,moe_all_reduce_for_e_tp,GPU,7.76621e+06,7.76621e+06,0
0,30,sync_3,GPU,7.76621e+06,7.76621e+06,0
0,30,sync__set,GPU,7.76621e+06,7.76621e+06,0
0,30,sync__,GPU,7.76621e+06,7.76621e+06,0
0,30,moe_gather,GPU,7.76621e+06,7.76621e+06,0
0,30,sync_for_moe_gather,GPU,7.76621e+06,7.76621e+06,0
0,30,sync__set,GPU,7.76621e+06,7.76621e+06,0
0,30,sync__,GPU,7.76621e+06,7.76621e+06,0
0,30,moe_all_reduce_for_gather,GPU,7.76621e+06,7.77145e+06,5236.91
0,30,sync_5,GPU,7.77145e+06,7.77145e+06,0
0,30,sync__set,GPU,7.77145e+06,7.77145e+06,0
0,30,sync__,GPU,7.77145e+06,7.77145e+06,0
0,30,sync_6,GPU,7.77145e+06,7.77145e+06,0
0,30,sync__set,GPU,7.77145e+06,7.77145e+06,0
0,30,sync__,GPU,7.77145e+06,7.77145e+06,0
0,30,residual_2,GPU,7.77145e+06,7.77161e+06,158.854
0,31,MoE_decoder_31,GPU,7.77161e+06,8.02225e+06,250646
0,31,input_layer_norm,GPU,7.77161e+06,7.77176e+06,158.854
0,31,attention,GPU,7.77176e+06,7.80511e+06,33345.5
0,31,attn_qkv_proj,GPU,7.77176e+06,7.77563e+06,3861.38
0,31,Linear,GPU,7.77176e+06,7.77563e+06,3861.38
0,31,self_attention,GPU,7.77563e+06,7.79727e+06,21646.9
0,31,AttentionSplit,GPU,7.77563e+06,7.77563e+06,0
0,31,AttentionSum,GPU,7.77563e+06,7.77563e+06,0
0,31,AttentionGen,GPU,7.77563e+06,7.79727e+06,21646.9
0,31,AttentionMerge,GPU,7.79727e+06,7.79727e+06,0
0,31,attn_o_proj,GPU,7.79727e+06,7.79987e+06,2600.32
0,31,Linear,GPU,7.79727e+06,7.79987e+06,2600.32
0,31,all_reduce,GPU,7.79987e+06,7.80511e+06,5236.91
0,31,residual_1,GPU,7.80511e+06,7.80527e+06,158.854
0,31,post_attn_layer_norm,GPU,7.80527e+06,7.80543e+06,158.854
0,31,expertFFN,GPU,7.80543e+06,8.02209e+06,216665
0,31,sync_0,GPU,7.80543e+06,7.80543e+06,0
0,31,sync__set,GPU,7.80543e+06,7.80543e+06,0
0,31,sync__,GPU,7.80543e+06,7.80543e+06,0
0,31,gate_fn,GPU,7.80543e+06,7.80553e+06,97.9093
0,31,Linear,GPU,7.80543e+06,7.80553e+06,97.9093
0,31,gate_update,GPU,7.80553e+06,7.80553e+06,0
0,31,moe_scatter,GPU,7.80553e+06,7.80553e+06,0
0,31,sync_for_moe_scatter,GPU,7.80553e+06,7.80553e+06,0
0,31,sync__set,GPU,7.80553e+06,7.80553e+06,0
0,31,sync__,GPU,7.80553e+06,7.80553e+06,0
0,31,moe_route,GPU,7.80553e+06,7.80553e+06,0
0,31,expert_FFN_0,GPU,7.80553e+06,7.91128e+06,105753
0,31,gate_proj,GPU,7.80553e+06,7.84068e+06,35156.9
0,31,Linear,GPU,7.80553e+06,7.84068e+06,35156.9
0,31,activation,GPU,7.84068e+06,7.84096e+06,282.272
0,31,up_proj,GPU,7.84096e+06,7.87612e+06,35156.9
0,31,Linear,GPU,7.84096e+06,7.87612e+06,35156.9
0,31,down_proj,GPU,7.87612e+06,7.91128e+06,35156.9
0,31,Linear,GPU,7.87612e+06,7.91128e+06,35156.9
0,31,expert_FFN_1,GPU,7.91128e+06,8.01686e+06,105577
0,31,gate_proj,GPU,7.91128e+06,7.9464e+06,35123.9
0,31,Linear,GPU,7.91128e+06,7.9464e+06,35123.9
0,31,activation,GPU,7.9464e+06,7.94661e+06,205.289
0,31,up_proj,GPU,7.94661e+06,7.98173e+06,35123.9
0,31,Linear,GPU,7.94661e+06,7.98173e+06,35123.9
0,31,down_proj,GPU,7.98173e+06,8.01686e+06,35123.9
0,31,Linear,GPU,7.98173e+06,8.01686e+06,35123.9
0,31,sync_2,GPU,8.01686e+06,8.01686e+06,0
0,31,sync__set,GPU,8.01686e+06,8.01686e+06,0
0,31,sync__,GPU,8.01686e+06,8.01686e+06,0
0,31,moe_all_reduce_for_e_tp,GPU,8.01686e+06,8.01686e+06,0
0,31,sync_3,GPU,8.01686e+06,8.01686e+06,0
0,31,sync__set,GPU,8.01686e+06,8.01686e+06,0
0,31,sync__,GPU,8.01686e+06,8.01686e+06,0
0,31,moe_gather,GPU,8.01686e+06,8.01686e+06,0
0,31,sync_for_moe_gather,GPU,8.01686e+06,8.01686e+06,0
0,31,sync__set,GPU,8.01686e+06,8.01686e+06,0
0,31,sync__,GPU,8.01686e+06,8.01686e+06,0
0,31,moe_all_reduce_for_gather,GPU,8.01686e+06,8.02209e+06,5236.91
0,31,sync_5,GPU,8.02209e+06,8.02209e+06,0
0,31,sync__set,GPU,8.02209e+06,8.02209e+06,0
0,31,sync__,GPU,8.02209e+06,8.02209e+06,0
0,31,sync_6,GPU,8.02209e+06,8.02209e+06,0
0,31,sync__set,GPU,8.02209e+06,8.02209e+06,0
0,31,sync__,GPU,8.02209e+06,8.02209e+06,0
0,31,residual_2,GPU,8.02209e+06,8.02225e+06,158.854
1,0,MoE_decoder_0,GPU,0,250646,250646
1,0,input_layer_norm,GPU,0,158.854,158.854
1,0,attention,GPU,158.854,33504.3,33345.5
1,0,attn_qkv_proj,GPU,158.854,4020.24,3861.38
1,0,Linear,GPU,158.854,4020.24,3861.38
1,0,self_attention,GPU,4020.24,25667.1,21646.9
1,0,AttentionSplit,GPU,4020.24,4020.24,0
1,0,AttentionSum,GPU,4020.24,4020.24,0
1,0,AttentionGen,GPU,4020.24,25667.1,21646.9
1,0,AttentionMerge,GPU,25667.1,25667.1,0
1,0,attn_o_proj,GPU,25667.1,28267.4,2600.32
1,0,Linear,GPU,25667.1,28267.4,2600.32
1,0,all_reduce,GPU,28267.4,33504.3,5236.91
1,0,residual_1,GPU,33504.3,33663.2,158.854
1,0,post_attn_layer_norm,GPU,33663.2,33822.1,158.854
1,0,expertFFN,GPU,33822.1,250487,216665
1,0,sync_0,GPU,33822.1,33822.1,0
1,0,sync__set,GPU,33822.1,33822.1,0
1,0,sync__,GPU,33822.1,33822.1,0
1,0,gate_fn,GPU,33822.1,33920,97.9093
1,0,Linear,GPU,33822.1,33920,97.9093
1,0,gate_update,GPU,33920,33920,0
1,0,moe_scatter,GPU,33920,33920,0
1,0,sync_for_moe_scatter,GPU,33920,33920,0
1,0,sync__set,GPU,33920,33920,0
1,0,sync__,GPU,33920,33920,0
1,0,moe_route,GPU,33920,33920,0
1,0,expert_FFN_2,GPU,33920,139438,105518
1,0,gate_proj,GPU,33920,69032.9,35112.9
1,0,Linear,GPU,33920,69032.9,35112.9
1,0,activation,GPU,69032.9,69212.5,179.628
1,0,up_proj,GPU,69212.5,104325,35112.9
1,0,Linear,GPU,69212.5,104325,35112.9
1,0,down_proj,GPU,104325,139438,35112.9
1,0,Linear,GPU,104325,139438,35112.9
1,0,expert_FFN_3,GPU,139438,244898,105460
1,0,gate_proj,GPU,139438,174540,35101.9
1,0,Linear,GPU,139438,174540,35101.9
1,0,activation,GPU,174540,174694,153.967
1,0,up_proj,GPU,174694,209796,35101.9
1,0,Linear,GPU,174694,209796,35101.9
1,0,down_proj,GPU,209796,244898,35101.9
1,0,Linear,GPU,209796,244898,35101.9
1,0,sync_2,GPU,244898,245250,351.924
1,0,sync__set,GPU,244898,244898,0
1,0,sync__,GPU,244898,245250,351.924
1,0,moe_all_reduce_for_e_tp,GPU,245250,245250,0
1,0,sync_3,GPU,245250,245250,0
1,0,sync__set,GPU,245250,245250,0
1,0,sync__,GPU,245250,245250,0
1,0,moe_gather,GPU,245250,245250,0
1,0,sync_for_moe_gather,GPU,245250,245250,0
1,0,sync__set,GPU,245250,245250,0
1,0,sync__,GPU,245250,245250,0
1,0,moe_all_reduce_for_gather,GPU,245250,250487,5236.91
1,0,sync_5,GPU,250487,250487,0
1,0,sync__set,GPU,250487,250487,0
1,0,sync__,GPU,250487,250487,0
1,0,sync_6,GPU,250487,250487,0
1,0,sync__set,GPU,250487,250487,0
1,0,sync__,GPU,250487,250487,0
1,0,residual_2,GPU,250487,250646,158.854
1,1,MoE_decoder_1,GPU,250646,501292,250646
1,1,input_layer_norm,GPU,250646,250805,158.854
1,1,attention,GPU,250805,284150,33345.5
1,1,attn_qkv_proj,GPU,250805,254666,3861.38
1,1,Linear,GPU,250805,254666,3861.38
1,1,self_attention,GPU,254666,276313,21646.9
1,1,AttentionSplit,GPU,254666,254666,0
1,1,AttentionSum,GPU,254666,254666,0
1,1,AttentionGen,GPU,254666,276313,21646.9
1,1,AttentionMerge,GPU,276313,276313,0
1,1,attn_o_proj,GPU,276313,278913,2600.32
1,1,Linear,GPU,276313,278913,2600.32
1,1,all_reduce,GPU,278913,284150,5236.91
1,1,residual_1,GPU,284150,284309,158.854
1,1,post_attn_layer_norm,GPU,284309,284468,158.854
1,1,expertFFN,GPU,284468,501133,216665
1,1,sync_0,GPU,284468,284468,0
1,1,sync__set,GPU,284468,284468,0
1,1,sync__,GPU,284468,284468,0
1,1,gate_fn,GPU,284468,284566,97.9093
1,1,Linear,GPU,284468,284566,97.9093
1,1,gate_update,GPU,284566,284566,0
1,1,moe_scatter,GPU,284566,284566,0
1,1,sync_for_moe_scatter,GPU,284566,284566,0
1,1,sync__set,GPU,284566,284566,0
1,1,sync__,GPU,284566,284566,0
1,1,moe_route,GPU,284566,284566,0
1,1,expert_FFN_2,GPU,284566,390260,105694
1,1,gate_proj,GPU,284566,319712,35145.9
1,1,Linear,GPU,284566,319712,35145.9
1,1,activation,GPU,319712,319968,256.611
1,1,up_proj,GPU,319968,355114,35145.9
1,1,Linear,GPU,319968,355114,35145.9
1,1,down_proj,GPU,355114,390260,35145.9
1,1,Linear,GPU,355114,390260,35145.9
1,1,expert_FFN_3,GPU,390260,495837,105577
1,1,gate_proj,GPU,390260,425384,35123.9
1,1,Linear,GPU,390260,425384,35123.9
1,1,activation,GPU,425384,425589,205.289
1,1,up_proj,GPU,425589,460713,35123.9
1,1,Linear,GPU,425589,460713,35123.9
1,1,down_proj,GPU,460713,495837,35123.9
1,1,Linear,GPU,460713,495837,35123.9
1,1,sync_2,GPU,495837,495896,58.6539
1,1,sync__set,GPU,495837,495837,0
1,1,sync__,GPU,495837,495896,58.6539
1,1,moe_all_reduce_for_e_tp,GPU,495896,495896,0
1,1,sync_3,GPU,495896,495896,0
1,1,sync__set,GPU,495896,495896,0
1,1,sync__,GPU,495896,495896,0
1,1,moe_gather,GPU,495896,495896,0
1,1,sync_for_moe_gather,GPU,495896,495896,0
1,1,sync__set,GPU,495896,495896,0
1,1,sync__,GPU,495896,495896,0
1,1,moe_all_reduce_for_gather,GPU,495896,501133,5236.91
1,1,sync_5,GPU,501133,501133,0
1,1,sync__set,GPU,501133,501133,0
1,1,sync__,GPU,501133,501133,0
1,1,sync_6,GPU,501133,501133,0
1,1,sync__set,GPU,501133,501133,0
1,1,sync__,GPU,501133,501133,0
1,1,residual_2,GPU,501133,501292,158.854
1,2,MoE_decoder_2,GPU,501292,752172,250880
1,2,input_layer_norm,GPU,501292,501451,158.854
1,2,attention,GPU,501451,534796,33345.5
1,2,attn_qkv_proj,GPU,501451,505312,3861.38
1,2,Linear,GPU,501451,505312,3861.38
1,2,self_attention,GPU,505312,526959,21646.9
1,2,AttentionSplit,GPU,505312,505312,0
1,2,AttentionSum,GPU,505312,505312,0
1,2,AttentionGen,GPU,505312,526959,21646.9
1,2,AttentionMerge,GPU,526959,526959,0
1,2,attn_o_proj,GPU,526959,529559,2600.32
1,2,Linear,GPU,526959,529559,2600.32
1,2,all_reduce,GPU,529559,534796,5236.91
1,2,residual_1,GPU,534796,534955,158.854
1,2,post_attn_layer_norm,GPU,534955,535114,158.854
1,2,expertFFN,GPU,535114,752013,216900
1,2,sync_0,GPU,535114,535114,0
1,2,sync__set,GPU,535114,535114,0
1,2,sync__,GPU,535114,535114,0
1,2,gate_fn,GPU,535114,535212,97.9093
1,2,Linear,GPU,535114,535212,97.9093
1,2,gate_update,GPU,535212,535212,0
1,2,moe_scatter,GPU,535212,535212,0
1,2,sync_for_moe_scatter,GPU,535212,535212,0
1,2,sync__set,GPU,535212,535212,0
1,2,sync__,GPU,535212,535212,0
1,2,moe_route,GPU,535212,535212,0
1,2,expert_FFN_2,GPU,535212,640847,105636
1,2,gate_proj,GPU,535212,570347,35134.9
1,2,Linear,GPU,535212,570347,35134.9
1,2,activation,GPU,570347,570578,230.95
1,2,up_proj,GPU,570578,605713,35134.9
1,2,Linear,GPU,570578,605713,35134.9
1,2,down_proj,GPU,605713,640847,35134.9
1,2,Linear,GPU,605713,640847,35134.9
1,2,expert_FFN_3,GPU,640847,746249,105401
1,2,gate_proj,GPU,640847,675938,35090.9
1,2,Linear,GPU,640847,675938,35090.9
1,2,activation,GPU,675938,676067,128.305
1,2,up_proj,GPU,676067,711158,35090.9
1,2,Linear,GPU,676067,711158,35090.9
1,2,down_proj,GPU,711158,746249,35090.9
1,2,Linear,GPU,711158,746249,35090.9
1,2,sync_2,GPU,746249,746776,527.885
1,2,sync__set,GPU,746249,746249,0
1,2,sync__,GPU,746249,746776,527.885
1,2,moe_all_reduce_for_e_tp,GPU,746776,746776,0
1,2,sync_3,GPU,746776,746776,0
1,2,sync__set,GPU,746776,746776,0
1,2,sync__,GPU,746776,746776,0
1,2,moe_gather,GPU,746776,746776,0
1,2,sync_for_moe_gather,GPU,746776,746776,0
1,2,sync__set,GPU,746776,746776,0
1,2,sync__,GPU,746776,746776,0
1,2,moe_all_reduce_for_gather,GPU,746776,752013,5236.91
1,2,sync_5,GPU,752013,752013,0
1,2,sync__set,GPU,752013,752013,0
1,2,sync__,GPU,752013,752013,0
1,2,sync_6,GPU,752013,752013,0
1,2,sync__set,GPU,752013,752013,0
1,2,sync__,GPU,752013,752013,0
1,2,residual_2,GPU,752013,752172,158.854
1,3,MoE_decoder_3,GPU,752172,1.00276e+06,250587
1,3,input_layer_norm,GPU,752172,752331,158.854
1,3,attention,GPU,752331,785677,33345.5
1,3,attn_qkv_proj,GPU,752331,756192,3861.38
1,3,Linear,GPU,752331,756192,3861.38
1,3,self_attention,GPU,756192,777839,21646.9
1,3,AttentionSplit,GPU,756192,756192,0
1,3,AttentionSum,GPU,756192,756192,0
1,3,AttentionGen,GPU,756192,777839,21646.9
1,3,AttentionMerge,GPU,777839,777839,0
1,3,attn_o_proj,GPU,777839,780440,2600.32
1,3,Linear,GPU,777839,780440,2600.32
1,3,all_reduce,GPU,780440,785677,5236.91
1,3,residual_1,GPU,785677,785835,158.854
1,3,post_attn_layer_norm,GPU,785835,785994,158.854
1,3,expertFFN,GPU,785994,1.0026e+06,216606
1,3,sync_0,GPU,785994,785994,0
1,3,sync__set,GPU,785994,785994,0
1,3,sync__,GPU,785994,785994,0
1,3,gate_fn,GPU,785994,786092,97.9093
1,3,Linear,GPU,785994,786092,97.9093
1,3,gate_update,GPU,786092,786092,0
1,3,moe_scatter,GPU,786092,786092,0
1,3,sync_for_moe_scatter,GPU,786092,786092,0
1,3,sync__set,GPU,786092,786092,0
1,3,sync__,GPU,786092,786092,0
1,3,moe_route,GPU,786092,786092,0
1,3,expert_FFN_2,GPU,786092,891435,105342
1,3,gate_proj,GPU,786092,821172,35079.9
1,3,Linear,GPU,786092,821172,35079.9
1,3,activation,GPU,821172,821275,102.644
1,3,up_proj,GPU,821275,856355,35079.9
1,3,Linear,GPU,821275,856355,35079.9
1,3,down_proj,GPU,856355,891435,35079.9
1,3,Linear,GPU,856355,891435,35079.9
1,3,expert_FFN_3,GPU,891435,997188,105753
1,3,gate_proj,GPU,891435,926592,35156.9
1,3,Linear,GPU,891435,926592,35156.9
1,3,activation,GPU,926592,926874,282.272
1,3,up_proj,GPU,926874,962031,35156.9
1,3,Linear,GPU,926874,962031,35156.9
1,3,down_proj,GPU,962031,997188,35156.9
1,3,Linear,GPU,962031,997188,35156.9
1,3,sync_2,GPU,997188,997364,175.962
1,3,sync__set,GPU,997188,997188,0
1,3,sync__,GPU,997188,997364,175.962
1,3,moe_all_reduce_for_e_tp,GPU,997364,997364,0
1,3,sync_3,GPU,997364,997364,0
1,3,sync__set,GPU,997364,997364,0
1,3,sync__,GPU,997364,997364,0
1,3,moe_gather,GPU,997364,997364,0
1,3,sync_for_moe_gather,GPU,997364,997364,0
1,3,sync__set,GPU,997364,997364,0
1,3,sync__,GPU,997364,997364,0
1,3,moe_all_reduce_for_gather,GPU,997364,1.0026e+06,5236.91
1,3,sync_5,GPU,1.0026e+06,1.0026e+06,0
1,3,sync__set,GPU,1.0026e+06,1.0026e+06,0
1,3,sync__,GPU,1.0026e+06,1.0026e+06,0
1,3,sync_6,GPU,1.0026e+06,1.0026e+06,0
1,3,sync__set,GPU,1.0026e+06,1.0026e+06,0
1,3,sync__,GPU,1.0026e+06,1.0026e+06,0
1,3,residual_2,GPU,1.0026e+06,1.00276e+06,158.854
1,4,MoE_decoder_4,GPU,1.00276e+06,1.2537e+06,250939
1,4,input_layer_norm,GPU,1.00276e+06,1.00292e+06,158.854
1,4,attention,GPU,1.00292e+06,1.03626e+06,33345.5
1,4,attn_qkv_proj,GPU,1.00292e+06,1.00678e+06,3861.38
1,4,Linear,GPU,1.00292e+06,1.00678e+06,3861.38
1,4,self_attention,GPU,1.00678e+06,1.02843e+06,21646.9
1,4,AttentionSplit,GPU,1.00678e+06,1.00678e+06,0
1,4,AttentionSum,GPU,1.00678e+06,1.00678e+06,0
1,4,AttentionGen,GPU,1.00678e+06,1.02843e+06,21646.9
1,4,AttentionMerge,GPU,1.02843e+06,1.02843e+06,0
1,4,attn_o_proj,GPU,1.02843e+06,1.03103e+06,2600.32
1,4,Linear,GPU,1.02843e+06,1.03103e+06,2600.32
1,4,all_reduce,GPU,1.03103e+06,1.03626e+06,5236.91
1,4,residual_1,GPU,1.03626e+06,1.03642e+06,158.854
1,4,post_attn_layer_norm,GPU,1.03642e+06,1.03658e+06,158.854
1,4,expertFFN,GPU,1.03658e+06,1.25354e+06,216958
1,4,sync_0,GPU,1.03658e+06,1.03658e+06,0
1,4,sync__set,GPU,1.03658e+06,1.03658e+06,0
1,4,sync__,GPU,1.03658e+06,1.03658e+06,0
1,4,gate_fn,GPU,1.03658e+06,1.03668e+06,97.9093
1,4,Linear,GPU,1.03658e+06,1.03668e+06,97.9093
1,4,gate_update,GPU,1.03668e+06,1.03668e+06,0
1,4,moe_scatter,GPU,1.03668e+06,1.03668e+06,0
1,4,sync_for_moe_scatter,GPU,1.03668e+06,1.03668e+06,0
1,4,sync__set,GPU,1.03668e+06,1.03668e+06,0
1,4,sync__,GPU,1.03668e+06,1.03668e+06,0
1,4,moe_route,GPU,1.03668e+06,1.03668e+06,0
1,4,expert_FFN_2,GPU,1.03668e+06,1.14196e+06,105284
1,4,gate_proj,GPU,1.03668e+06,1.07175e+06,35068.9
1,4,Linear,GPU,1.03668e+06,1.07175e+06,35068.9
1,4,activation,GPU,1.07175e+06,1.07183e+06,76.9833
1,4,up_proj,GPU,1.07183e+06,1.10689e+06,35068.9
1,4,Linear,GPU,1.07183e+06,1.10689e+06,35068.9
1,4,down_proj,GPU,1.10689e+06,1.14196e+06,35068.9
1,4,Linear,GPU,1.10689e+06,1.14196e+06,35068.9
1,4,expert_FFN_3,GPU,1.14196e+06,1.24742e+06,105460
1,4,gate_proj,GPU,1.14196e+06,1.17707e+06,35101.9
1,4,Linear,GPU,1.14196e+06,1.17707e+06,35101.9
1,4,activation,GPU,1.17707e+06,1.17722e+06,153.967
1,4,up_proj,GPU,1.17722e+06,1.21232e+06,35101.9
1,4,Linear,GPU,1.17722e+06,1.21232e+06,35101.9
1,4,down_proj,GPU,1.21232e+06,1.24742e+06,35101.9
1,4,Linear,GPU,1.21232e+06,1.24742e+06,35101.9
1,4,sync_2,GPU,1.24742e+06,1.2483e+06,879.809
1,4,sync__set,GPU,1.24742e+06,1.24742e+06,0
1,4,sync__,GPU,1.24742e+06,1.2483e+06,879.809
1,4,moe_all_reduce_for_e_tp,GPU,1.2483e+06,1.2483e+06,0
1,4,sync_3,GPU,1.2483e+06,1.2483e+06,0
1,4,sync__set,GPU,1.2483e+06,1.2483e+06,0
1,4,sync__,GPU,1.2483e+06,1.2483e+06,0
1,4,moe_gather,GPU,1.2483e+06,1.2483e+06,0
1,4,sync_for_moe_gather,GPU,1.2483e+06,1.2483e+06,0
1,4,sync__set,GPU,1.2483e+06,1.2483e+06,0
1,4,sync__,GPU,1.2483e+06,1.2483e+06,0
1,4,moe_all_reduce_for_gather,GPU,1.2483e+06,1.25354e+06,5236.91
1,4,sync_5,GPU,1.25354e+06,1.25354e+06,0
1,4,sync__set,GPU,1.25354e+06,1.25354e+06,0
1,4,sync__,GPU,1.25354e+06,1.25354e+06,0
1,4,sync_6,GPU,1.25354e+06,1.25354e+06,0
1,4,sync__set,GPU,1.25354e+06,1.25354e+06,0
1,4,sync__,GPU,1.25354e+06,1.25354e+06,0
1,4,residual_2,GPU,1.25354e+06,1.2537e+06,158.854
1,5,MoE_decoder_5,GPU,1.2537e+06,1.50434e+06,250646
1,5,input_layer_norm,GPU,1.2537e+06,1.25386e+06,158.854
1,5,attention,GPU,1.25386e+06,1.2872e+06,33345.5
1,5,attn_qkv_proj,GPU,1.25386e+06,1.25772e+06,3861.38
1,5,Linear,GPU,1.25386e+06,1.25772e+06,3861.38
1,5,self_attention,GPU,1.25772e+06,1.27937e+06,21646.9
1,5,AttentionSplit,GPU,1.25772e+06,1.25772e+06,0
1,5,AttentionSum,GPU,1.25772e+06,1.25772e+06,0
1,5,AttentionGen,GPU,1.25772e+06,1.27937e+06,21646.9
1,5,AttentionMerge,GPU,1.27937e+06,1.27937e+06,0
1,5,attn_o_proj,GPU,1.27937e+06,1.28197e+06,2600.32
1,5,Linear,GPU,1.27937e+06,1.28197e+06,2600.32
1,5,all_reduce,GPU,1.28197e+06,1.2872e+06,5236.91
1,5,residual_1,GPU,1.2872e+06,1.28736e+06,158.854
1,5,post_attn_layer_norm,GPU,1.28736e+06,1.28752e+06,158.854
1,5,expertFFN,GPU,1.28752e+06,1.50419e+06,216665
1,5,sync_0,GPU,1.28752e+06,1.28752e+06,0
1,5,sync__set,GPU,1.28752e+06,1.28752e+06,0
1,5,sync__,GPU,1.28752e+06,1.28752e+06,0
1,5,gate_fn,GPU,1.28752e+06,1.28762e+06,97.9093
1,5,Linear,GPU,1.28752e+06,1.28762e+06,97.9093
1,5,gate_update,GPU,1.28762e+06,1.28762e+06,0
1,5,moe_scatter,GPU,1.28762e+06,1.28762e+06,0
1,5,sync_for_moe_scatter,GPU,1.28762e+06,1.28762e+06,0
1,5,sync__set,GPU,1.28762e+06,1.28762e+06,0
1,5,sync__,GPU,1.28762e+06,1.28762e+06,0
1,5,moe_route,GPU,1.28762e+06,1.28762e+06,0
1,5,expert_FFN_2,GPU,1.28762e+06,1.3932e+06,105577
1,5,gate_proj,GPU,1.28762e+06,1.32274e+06,35123.9
1,5,Linear,GPU,1.28762e+06,1.32274e+06,35123.9
1,5,activation,GPU,1.32274e+06,1.32295e+06,205.289
1,5,up_proj,GPU,1.32295e+06,1.35807e+06,35123.9
1,5,Linear,GPU,1.32295e+06,1.35807e+06,35123.9
1,5,down_proj,GPU,1.35807e+06,1.3932e+06,35123.9
1,5,Linear,GPU,1.35807e+06,1.3932e+06,35123.9
1,5,expert_FFN_3,GPU,1.3932e+06,1.49877e+06,105577
1,5,gate_proj,GPU,1.3932e+06,1.42832e+06,35123.9
1,5,Linear,GPU,1.3932e+06,1.42832e+06,35123.9
1,5,activation,GPU,1.42832e+06,1.42852e+06,205.289
1,5,up_proj,GPU,1.42852e+06,1.46365e+06,35123.9
1,5,Linear,GPU,1.42852e+06,1.46365e+06,35123.9
1,5,down_proj,GPU,1.46365e+06,1.49877e+06,35123.9
1,5,Linear,GPU,1.46365e+06,1.49877e+06,35123.9
1,5,sync_2,GPU,1.49877e+06,1.49895e+06,175.962
1,5,sync__set,GPU,1.49877e+06,1.49877e+06,0
1,5,sync__,GPU,1.49877e+06,1.49895e+06,175.962
1,5,moe_all_reduce_for_e_tp,GPU,1.49895e+06,1.49895e+06,0
1,5,sync_3,GPU,1.49895e+06,1.49895e+06,0
1,5,sync__set,GPU,1.49895e+06,1.49895e+06,0
1,5,sync__,GPU,1.49895e+06,1.49895e+06,0
1,5,moe_gather,GPU,1.49895e+06,1.49895e+06,0
1,5,sync_for_moe_gather,GPU,1.49895e+06,1.49895e+06,0
1,5,sync__set,GPU,1.49895e+06,1.49895e+06,0
1,5,sync__,GPU,1.49895e+06,1.49895e+06,0
1,5,moe_all_reduce_for_gather,GPU,1.49895e+06,1.50419e+06,5236.91
1,5,sync_5,GPU,1.50419e+06,1.50419e+06,0
1,5,sync__set,GPU,1.50419e+06,1.50419e+06,0
1,5,sync__,GPU,1.50419e+06,1.50419e+06,0
1,5,sync_6,GPU,1.50419e+06,1.50419e+06,0
1,5,sync__set,GPU,1.50419e+06,1.50419e+06,0
1,5,sync__,GPU,1.50419e+06,1.50419e+06,0
1,5,residual_2,GPU,1.50419e+06,1.50434e+06,158.854
1,6,MoE_decoder_6,GPU,1.50434e+06,1.75511e+06,250763
1,6,input_layer_norm,GPU,1.50434e+06,1.5045e+06,158.854
1,6,attention,GPU,1.5045e+06,1.53785e+06,33345.5
1,6,attn_qkv_proj,GPU,1.5045e+06,1.50836e+06,3861.38
1,6,Linear,GPU,1.5045e+06,1.50836e+06,3861.38
1,6,self_attention,GPU,1.50836e+06,1.53001e+06,21646.9
1,6,AttentionSplit,GPU,1.50836e+06,1.50836e+06,0
1,6,AttentionSum,GPU,1.50836e+06,1.50836e+06,0
1,6,AttentionGen,GPU,1.50836e+06,1.53001e+06,21646.9
1,6,AttentionMerge,GPU,1.53001e+06,1.53001e+06,0
1,6,attn_o_proj,GPU,1.53001e+06,1.53261e+06,2600.32
1,6,Linear,GPU,1.53001e+06,1.53261e+06,2600.32
1,6,all_reduce,GPU,1.53261e+06,1.53785e+06,5236.91
1,6,residual_1,GPU,1.53785e+06,1.53801e+06,158.854
1,6,post_attn_layer_norm,GPU,1.53801e+06,1.53817e+06,158.854
1,6,expertFFN,GPU,1.53817e+06,1.75495e+06,216782
1,6,sync_0,GPU,1.53817e+06,1.53817e+06,0
1,6,sync__set,GPU,1.53817e+06,1.53817e+06,0
1,6,sync__,GPU,1.53817e+06,1.53817e+06,0
1,6,gate_fn,GPU,1.53817e+06,1.53826e+06,97.9093
1,6,Linear,GPU,1.53817e+06,1.53826e+06,97.9093
1,6,gate_update,GPU,1.53826e+06,1.53826e+06,0
1,6,moe_scatter,GPU,1.53826e+06,1.53826e+06,0
1,6,sync_for_moe_scatter,GPU,1.53826e+06,1.53826e+06,0
1,6,sync__set,GPU,1.53826e+06,1.53826e+06,0
1,6,sync__,GPU,1.53826e+06,1.53826e+06,0
1,6,moe_route,GPU,1.53826e+06,1.53826e+06,0
1,6,expert_FFN_2,GPU,1.53826e+06,1.64402e+06,105753
1,6,gate_proj,GPU,1.53826e+06,1.57342e+06,35156.9
1,6,Linear,GPU,1.53826e+06,1.57342e+06,35156.9
1,6,activation,GPU,1.57342e+06,1.5737e+06,282.272
1,6,up_proj,GPU,1.5737e+06,1.60886e+06,35156.9
1,6,Linear,GPU,1.5737e+06,1.60886e+06,35156.9
1,6,down_proj,GPU,1.60886e+06,1.64402e+06,35156.9
1,6,Linear,GPU,1.60886e+06,1.64402e+06,35156.9
1,6,expert_FFN_3,GPU,1.64402e+06,1.74954e+06,105518
1,6,gate_proj,GPU,1.64402e+06,1.67913e+06,35112.9
1,6,Linear,GPU,1.64402e+06,1.67913e+06,35112.9
1,6,activation,GPU,1.67913e+06,1.67931e+06,179.628
1,6,up_proj,GPU,1.67931e+06,1.71442e+06,35112.9
1,6,Linear,GPU,1.67931e+06,1.71442e+06,35112.9
1,6,down_proj,GPU,1.71442e+06,1.74954e+06,35112.9
1,6,Linear,GPU,1.71442e+06,1.74954e+06,35112.9
1,6,sync_2,GPU,1.74954e+06,1.74971e+06,175.962
1,6,sync__set,GPU,1.74954e+06,1.74954e+06,0
1,6,sync__,GPU,1.74954e+06,1.74971e+06,175.962
1,6,moe_all_reduce_for_e_tp,GPU,1.74971e+06,1.74971e+06,0
1,6,sync_3,GPU,1.74971e+06,1.74971e+06,0
1,6,sync__set,GPU,1.74971e+06,1.74971e+06,0
1,6,sync__,GPU,1.74971e+06,1.74971e+06,0
1,6,moe_gather,GPU,1.74971e+06,1.74971e+06,0
1,6,sync_for_moe_gather,GPU,1.74971e+06,1.74971e+06,0
1,6,sync__set,GPU,1.74971e+06,1.74971e+06,0
1,6,sync__,GPU,1.74971e+06,1.74971e+06,0
1,6,moe_all_reduce_for_gather,GPU,1.74971e+06,1.75495e+06,5236.91
1,6,sync_5,GPU,1.75495e+06,1.75495e+06,0
1,6,sync__set,GPU,1.75495e+06,1.75495e+06,0
1,6,sync__,GPU,1.75495e+06,1.75495e+06,0
1,6,sync_6,GPU,1.75495e+06,1.75495e+06,0
1,6,sync__set,GPU,1.75495e+06,1.75495e+06,0
1,6,sync__,GPU,1.75495e+06,1.75495e+06,0
1,6,residual_2,GPU,1.75495e+06,1.75511e+06,158.854
1,7,MoE_decoder_7,GPU,1.75511e+06,2.00569e+06,250587
1,7,input_layer_norm,GPU,1.75511e+06,1.75527e+06,158.854
1,7,attention,GPU,1.75527e+06,1.78861e+06,33345.5
1,7,attn_qkv_proj,GPU,1.75527e+06,1.75913e+06,3861.38
1,7,Linear,GPU,1.75527e+06,1.75913e+06,3861.38
1,7,self_attention,GPU,1.75913e+06,1.78077e+06,21646.9
1,7,AttentionSplit,GPU,1.75913e+06,1.75913e+06,0
1,7,AttentionSum,GPU,1.75913e+06,1.75913e+06,0
1,7,AttentionGen,GPU,1.75913e+06,1.78077e+06,21646.9
1,7,AttentionMerge,GPU,1.78077e+06,1.78077e+06,0
1,7,attn_o_proj,GPU,1.78077e+06,1.78338e+06,2600.32
1,7,Linear,GPU,1.78077e+06,1.78338e+06,2600.32
1,7,all_reduce,GPU,1.78338e+06,1.78861e+06,5236.91
1,7,residual_1,GPU,1.78861e+06,1.78877e+06,158.854
1,7,post_attn_layer_norm,GPU,1.78877e+06,1.78893e+06,158.854
1,7,expertFFN,GPU,1.78893e+06,2.00554e+06,216606
1,7,sync_0,GPU,1.78893e+06,1.78893e+06,0
1,7,sync__set,GPU,1.78893e+06,1.78893e+06,0
1,7,sync__,GPU,1.78893e+06,1.78893e+06,0
1,7,gate_fn,GPU,1.78893e+06,1.78903e+06,97.9093
1,7,Linear,GPU,1.78893e+06,1.78903e+06,97.9093
1,7,gate_update,GPU,1.78903e+06,1.78903e+06,0
1,7,moe_scatter,GPU,1.78903e+06,1.78903e+06,0
1,7,sync_for_moe_scatter,GPU,1.78903e+06,1.78903e+06,0
1,7,sync__set,GPU,1.78903e+06,1.78903e+06,0
1,7,sync__,GPU,1.78903e+06,1.78903e+06,0
1,7,moe_route,GPU,1.78903e+06,1.78903e+06,0
1,7,expert_FFN_2,GPU,1.78903e+06,1.89449e+06,105460
1,7,gate_proj,GPU,1.78903e+06,1.82413e+06,35101.9
1,7,Linear,GPU,1.78903e+06,1.82413e+06,35101.9
1,7,activation,GPU,1.82413e+06,1.82428e+06,153.967
1,7,up_proj,GPU,1.82428e+06,1.85939e+06,35101.9
1,7,Linear,GPU,1.82428e+06,1.85939e+06,35101.9
1,7,down_proj,GPU,1.85939e+06,1.89449e+06,35101.9
1,7,Linear,GPU,1.85939e+06,1.89449e+06,35101.9
1,7,expert_FFN_3,GPU,1.89449e+06,2.0003e+06,105812
1,7,gate_proj,GPU,1.89449e+06,1.92966e+06,35167.9
1,7,Linear,GPU,1.89449e+06,1.92966e+06,35167.9
1,7,activation,GPU,1.92966e+06,1.92996e+06,307.933
1,7,up_proj,GPU,1.92996e+06,1.96513e+06,35167.9
1,7,Linear,GPU,1.92996e+06,1.96513e+06,35167.9
1,7,down_proj,GPU,1.96513e+06,2.0003e+06,35167.9
1,7,Linear,GPU,1.96513e+06,2.0003e+06,35167.9
1,7,sync_2,GPU,2.0003e+06,2.0003e+06,0
1,7,sync__set,GPU,2.0003e+06,2.0003e+06,0
1,7,sync__,GPU,2.0003e+06,2.0003e+06,0
1,7,moe_all_reduce_for_e_tp,GPU,2.0003e+06,2.0003e+06,0
1,7,sync_3,GPU,2.0003e+06,2.0003e+06,0
1,7,sync__set,GPU,2.0003e+06,2.0003e+06,0
1,7,sync__,GPU,2.0003e+06,2.0003e+06,0
1,7,moe_gather,GPU,2.0003e+06,2.0003e+06,0
1,7,sync_for_moe_gather,GPU,2.0003e+06,2.0003e+06,0
1,7,sync__set,GPU,2.0003e+06,2.0003e+06,0
1,7,sync__,GPU,2.0003e+06,2.0003e+06,0
1,7,moe_all_reduce_for_gather,GPU,2.0003e+06,2.00554e+06,5236.91
1,7,sync_5,GPU,2.00554e+06,2.00554e+06,0
1,7,sync__set,GPU,2.00554e+06,2.00554e+06,0
1,7,sync__,GPU,2.00554e+06,2.00554e+06,0
1,7,sync_6,GPU,2.00554e+06,2.00554e+06,0
1,7,sync__set,GPU,2.00554e+06,2.00554e+06,0
1,7,sync__,GPU,2.00554e+06,2.00554e+06,0
1,7,residual_2,GPU,2.00554e+06,2.00569e+06,158.854
1,8,MoE_decoder_8,GPU,2.00569e+06,2.25622e+06,250529
1,8,input_layer_norm,GPU,2.00569e+06,2.00585e+06,158.854
1,8,attention,GPU,2.00585e+06,2.0392e+06,33345.5
1,8,attn_qkv_proj,GPU,2.00585e+06,2.00972e+06,3861.38
1,8,Linear,GPU,2.00585e+06,2.00972e+06,3861.38
1,8,self_attention,GPU,2.00972e+06,2.03136e+06,21646.9
1,8,AttentionSplit,GPU,2.00972e+06,2.00972e+06,0
1,8,AttentionSum,GPU,2.00972e+06,2.00972e+06,0
1,8,AttentionGen,GPU,2.00972e+06,2.03136e+06,21646.9
1,8,AttentionMerge,GPU,2.03136e+06,2.03136e+06,0
1,8,attn_o_proj,GPU,2.03136e+06,2.03396e+06,2600.32
1,8,Linear,GPU,2.03136e+06,2.03396e+06,2600.32
1,8,all_reduce,GPU,2.03396e+06,2.0392e+06,5236.91
1,8,residual_1,GPU,2.0392e+06,2.03936e+06,158.854
1,8,post_attn_layer_norm,GPU,2.03936e+06,2.03952e+06,158.854
1,8,expertFFN,GPU,2.03952e+06,2.25606e+06,216548
1,8,sync_0,GPU,2.03952e+06,2.03952e+06,0
1,8,sync__set,GPU,2.03952e+06,2.03952e+06,0
1,8,sync__,GPU,2.03952e+06,2.03952e+06,0
1,8,gate_fn,GPU,2.03952e+06,2.03961e+06,97.9093
1,8,Linear,GPU,2.03952e+06,2.03961e+06,97.9093
1,8,gate_update,GPU,2.03961e+06,2.03961e+06,0
1,8,moe_scatter,GPU,2.03961e+06,2.03961e+06,0
1,8,sync_for_moe_scatter,GPU,2.03961e+06,2.03961e+06,0
1,8,sync__set,GPU,2.03961e+06,2.03961e+06,0
1,8,sync__,GPU,2.03961e+06,2.03961e+06,0
1,8,moe_route,GPU,2.03961e+06,2.03961e+06,0
1,8,expert_FFN_2,GPU,2.03961e+06,2.14519e+06,105577
1,8,gate_proj,GPU,2.03961e+06,2.07474e+06,35123.9
1,8,Linear,GPU,2.03961e+06,2.07474e+06,35123.9
1,8,activation,GPU,2.07474e+06,2.07494e+06,205.289
1,8,up_proj,GPU,2.07494e+06,2.11007e+06,35123.9
1,8,Linear,GPU,2.07494e+06,2.11007e+06,35123.9
1,8,down_proj,GPU,2.11007e+06,2.14519e+06,35123.9
1,8,Linear,GPU,2.11007e+06,2.14519e+06,35123.9
1,8,expert_FFN_3,GPU,2.14519e+06,2.25077e+06,105577
1,8,gate_proj,GPU,2.14519e+06,2.18032e+06,35123.9
1,8,Linear,GPU,2.14519e+06,2.18032e+06,35123.9
1,8,activation,GPU,2.18032e+06,2.18052e+06,205.289
1,8,up_proj,GPU,2.18052e+06,2.21565e+06,35123.9
1,8,Linear,GPU,2.18052e+06,2.21565e+06,35123.9
1,8,down_proj,GPU,2.21565e+06,2.25077e+06,35123.9
1,8,Linear,GPU,2.21565e+06,2.25077e+06,35123.9
1,8,sync_2,GPU,2.25077e+06,2.25083e+06,58.6539
1,8,sync__set,GPU,2.25077e+06,2.25077e+06,0
1,8,sync__,GPU,2.25077e+06,2.25083e+06,58.6539
1,8,moe_all_reduce_for_e_tp,GPU,2.25083e+06,2.25083e+06,0
1,8,sync_3,GPU,2.25083e+06,2.25083e+06,0
1,8,sync__set,GPU,2.25083e+06,2.25083e+06,0
1,8,sync__,GPU,2.25083e+06,2.25083e+06,0
1,8,moe_gather,GPU,2.25083e+06,2.25083e+06,0
1,8,sync_for_moe_gather,GPU,2.25083e+06,2.25083e+06,0
1,8,sync__set,GPU,2.25083e+06,2.25083e+06,0
1,8,sync__,GPU,2.25083e+06,2.25083e+06,0
1,8,moe_all_reduce_for_gather,GPU,2.25083e+06,2.25606e+06,5236.91
1,8,sync_5,GPU,2.25606e+06,2.25606e+06,0
1,8,sync__set,GPU,2.25606e+06,2.25606e+06,0
1,8,sync__,GPU,2.25606e+06,2.25606e+06,0
1,8,sync_6,GPU,2.25606e+06,2.25606e+06,0
1,8,sync__set,GPU,2.25606e+06,2.25606e+06,0
1,8,sync__,GPU,2.25606e+06,2.25606e+06,0
1,8,residual_2,GPU,2.25606e+06,2.25622e+06,158.854
1,9,MoE_decoder_9,GPU,2.25622e+06,2.50693e+06,250705
1,9,input_layer_norm,GPU,2.25622e+06,2.25638e+06,158.854
1,9,attention,GPU,2.25638e+06,2.28973e+06,33345.5
1,9,attn_qkv_proj,GPU,2.25638e+06,2.26024e+06,3861.38
1,9,Linear,GPU,2.25638e+06,2.26024e+06,3861.38
1,9,self_attention,GPU,2.26024e+06,2.28189e+06,21646.9
1,9,AttentionSplit,GPU,2.26024e+06,2.26024e+06,0
1,9,AttentionSum,GPU,2.26024e+06,2.26024e+06,0
1,9,AttentionGen,GPU,2.26024e+06,2.28189e+06,21646.9
1,9,AttentionMerge,GPU,2.28189e+06,2.28189e+06,0
1,9,attn_o_proj,GPU,2.28189e+06,2.28449e+06,2600.32
1,9,Linear,GPU,2.28189e+06,2.28449e+06,2600.32
1,9,all_reduce,GPU,2.28449e+06,2.28973e+06,5236.91
1,9,residual_1,GPU,2.28973e+06,2.28989e+06,158.854
1,9,post_attn_layer_norm,GPU,2.28989e+06,2.29005e+06,158.854
1,9,expertFFN,GPU,2.29005e+06,2.50677e+06,216724
1,9,sync_0,GPU,2.29005e+06,2.29005e+06,0
1,9,sync__set,GPU,2.29005e+06,2.29005e+06,0
1,9,sync__,GPU,2.29005e+06,2.29005e+06,0
1,9,gate_fn,GPU,2.29005e+06,2.29014e+06,97.9093
1,9,Linear,GPU,2.29005e+06,2.29014e+06,97.9093
1,9,gate_update,GPU,2.29014e+06,2.29014e+06,0
1,9,moe_scatter,GPU,2.29014e+06,2.29014e+06,0
1,9,sync_for_moe_scatter,GPU,2.29014e+06,2.29014e+06,0
1,9,sync__set,GPU,2.29014e+06,2.29014e+06,0
1,9,sync__,GPU,2.29014e+06,2.29014e+06,0
1,9,moe_route,GPU,2.29014e+06,2.29014e+06,0
1,9,expert_FFN_2,GPU,2.29014e+06,2.39549e+06,105342
1,9,gate_proj,GPU,2.29014e+06,2.32522e+06,35079.9
1,9,Linear,GPU,2.29014e+06,2.32522e+06,35079.9
1,9,activation,GPU,2.32522e+06,2.32533e+06,102.644
1,9,up_proj,GPU,2.32533e+06,2.36041e+06,35079.9
1,9,Linear,GPU,2.32533e+06,2.36041e+06,35079.9
1,9,down_proj,GPU,2.36041e+06,2.39549e+06,35079.9
1,9,Linear,GPU,2.36041e+06,2.39549e+06,35079.9
1,9,expert_FFN_3,GPU,2.39549e+06,2.50112e+06,105636
1,9,gate_proj,GPU,2.39549e+06,2.43062e+06,35134.9
1,9,Linear,GPU,2.39549e+06,2.43062e+06,35134.9
1,9,activation,GPU,2.43062e+06,2.43085e+06,230.95
1,9,up_proj,GPU,2.43085e+06,2.46599e+06,35134.9
1,9,Linear,GPU,2.43085e+06,2.46599e+06,35134.9
1,9,down_proj,GPU,2.46599e+06,2.50112e+06,35134.9
1,9,Linear,GPU,2.46599e+06,2.50112e+06,35134.9
1,9,sync_2,GPU,2.50112e+06,2.50153e+06,410.578
1,9,sync__set,GPU,2.50112e+06,2.50112e+06,0
1,9,sync__,GPU,2.50112e+06,2.50153e+06,410.578
1,9,moe_all_reduce_for_e_tp,GPU,2.50153e+06,2.50153e+06,0
1,9,sync_3,GPU,2.50153e+06,2.50153e+06,0
1,9,sync__set,GPU,2.50153e+06,2.50153e+06,0
1,9,sync__,GPU,2.50153e+06,2.50153e+06,0
1,9,moe_gather,GPU,2.50153e+06,2.50153e+06,0
1,9,sync_for_moe_gather,GPU,2.50153e+06,2.50153e+06,0
1,9,sync__set,GPU,2.50153e+06,2.50153e+06,0
1,9,sync__,GPU,2.50153e+06,2.50153e+06,0
1,9,moe_all_reduce_for_gather,GPU,2.50153e+06,2.50677e+06,5236.91
1,9,sync_5,GPU,2.50677e+06,2.50677e+06,0
1,9,sync__set,GPU,2.50677e+06,2.50677e+06,0
1,9,sync__,GPU,2.50677e+06,2.50677e+06,0
1,9,sync_6,GPU,2.50677e+06,2.50677e+06,0
1,9,sync__set,GPU,2.50677e+06,2.50677e+06,0
1,9,sync__,GPU,2.50677e+06,2.50677e+06,0
1,9,residual_2,GPU,2.50677e+06,2.50693e+06,158.854
1,10,MoE_decoder_10,GPU,2.50693e+06,2.75769e+06,250763
1,10,input_layer_norm,GPU,2.50693e+06,2.50709e+06,158.854
1,10,attention,GPU,2.50709e+06,2.54043e+06,33345.5
1,10,attn_qkv_proj,GPU,2.50709e+06,2.51095e+06,3861.38
1,10,Linear,GPU,2.50709e+06,2.51095e+06,3861.38
1,10,self_attention,GPU,2.51095e+06,2.5326e+06,21646.9
1,10,AttentionSplit,GPU,2.51095e+06,2.51095e+06,0
1,10,AttentionSum,GPU,2.51095e+06,2.51095e+06,0
1,10,AttentionGen,GPU,2.51095e+06,2.5326e+06,21646.9
1,10,AttentionMerge,GPU,2.5326e+06,2.5326e+06,0
1,10,attn_o_proj,GPU,2.5326e+06,2.5352e+06,2600.32
1,10,Linear,GPU,2.5326e+06,2.5352e+06,2600.32
1,10,all_reduce,GPU,2.5352e+06,2.54043e+06,5236.91
1,10,residual_1,GPU,2.54043e+06,2.54059e+06,158.854
1,10,post_attn_layer_norm,GPU,2.54059e+06,2.54075e+06,158.854
1,10,expertFFN,GPU,2.54075e+06,2.75753e+06,216782
1,10,sync_0,GPU,2.54075e+06,2.54075e+06,0
1,10,sync__set,GPU,2.54075e+06,2.54075e+06,0
1,10,sync__,GPU,2.54075e+06,2.54075e+06,0
1,10,gate_fn,GPU,2.54075e+06,2.54085e+06,97.9093
1,10,Linear,GPU,2.54075e+06,2.54085e+06,97.9093
1,10,gate_update,GPU,2.54085e+06,2.54085e+06,0
1,10,moe_scatter,GPU,2.54085e+06,2.54085e+06,0
1,10,sync_for_moe_scatter,GPU,2.54085e+06,2.54085e+06,0
1,10,sync__set,GPU,2.54085e+06,2.54085e+06,0
1,10,sync__,GPU,2.54085e+06,2.54085e+06,0
1,10,moe_route,GPU,2.54085e+06,2.54085e+06,0
1,10,expert_FFN_2,GPU,2.54085e+06,2.64637e+06,105518
1,10,gate_proj,GPU,2.54085e+06,2.57596e+06,35112.9
1,10,Linear,GPU,2.54085e+06,2.57596e+06,35112.9
1,10,activation,GPU,2.57596e+06,2.57614e+06,179.628
1,10,up_proj,GPU,2.57614e+06,2.61125e+06,35112.9
1,10,Linear,GPU,2.57614e+06,2.61125e+06,35112.9
1,10,down_proj,GPU,2.61125e+06,2.64637e+06,35112.9
1,10,Linear,GPU,2.61125e+06,2.64637e+06,35112.9
1,10,expert_FFN_3,GPU,2.64637e+06,2.752e+06,105636
1,10,gate_proj,GPU,2.64637e+06,2.6815e+06,35134.9
1,10,Linear,GPU,2.64637e+06,2.6815e+06,35134.9
1,10,activation,GPU,2.6815e+06,2.68173e+06,230.95
1,10,up_proj,GPU,2.68173e+06,2.71687e+06,35134.9
1,10,Linear,GPU,2.68173e+06,2.71687e+06,35134.9
1,10,down_proj,GPU,2.71687e+06,2.752e+06,35134.9
1,10,Linear,GPU,2.71687e+06,2.752e+06,35134.9
1,10,sync_2,GPU,2.752e+06,2.7523e+06,293.27
1,10,sync__set,GPU,2.752e+06,2.752e+06,0
1,10,sync__,GPU,2.752e+06,2.7523e+06,293.27
1,10,moe_all_reduce_for_e_tp,GPU,2.7523e+06,2.7523e+06,0
1,10,sync_3,GPU,2.7523e+06,2.7523e+06,0
1,10,sync__set,GPU,2.7523e+06,2.7523e+06,0
1,10,sync__,GPU,2.7523e+06,2.7523e+06,0
1,10,moe_gather,GPU,2.7523e+06,2.7523e+06,0
1,10,sync_for_moe_gather,GPU,2.7523e+06,2.7523e+06,0
1,10,sync__set,GPU,2.7523e+06,2.7523e+06,0
1,10,sync__,GPU,2.7523e+06,2.7523e+06,0
1,10,moe_all_reduce_for_gather,GPU,2.7523e+06,2.75753e+06,5236.91
1,10,sync_5,GPU,2.75753e+06,2.75753e+06,0
1,10,sync__set,GPU,2.75753e+06,2.75753e+06,0
1,10,sync__,GPU,2.75753e+06,2.75753e+06,0
1,10,sync_6,GPU,2.75753e+06,2.75753e+06,0
1,10,sync__set,GPU,2.75753e+06,2.75753e+06,0
1,10,sync__,GPU,2.75753e+06,2.75753e+06,0
1,10,residual_2,GPU,2.75753e+06,2.75769e+06,158.854
1,11,MoE_decoder_11,GPU,2.75769e+06,3.00834e+06,250646
1,11,input_layer_norm,GPU,2.75769e+06,2.75785e+06,158.854
1,11,attention,GPU,2.75785e+06,2.7912e+06,33345.5
1,11,attn_qkv_proj,GPU,2.75785e+06,2.76171e+06,3861.38
1,11,Linear,GPU,2.75785e+06,2.76171e+06,3861.38
1,11,self_attention,GPU,2.76171e+06,2.78336e+06,21646.9
1,11,AttentionSplit,GPU,2.76171e+06,2.76171e+06,0
1,11,AttentionSum,GPU,2.76171e+06,2.76171e+06,0
1,11,AttentionGen,GPU,2.76171e+06,2.78336e+06,21646.9
1,11,AttentionMerge,GPU,2.78336e+06,2.78336e+06,0
1,11,attn_o_proj,GPU,2.78336e+06,2.78596e+06,2600.32
1,11,Linear,GPU,2.78336e+06,2.78596e+06,2600.32
1,11,all_reduce,GPU,2.78596e+06,2.7912e+06,5236.91
1,11,residual_1,GPU,2.7912e+06,2.79135e+06,158.854
1,11,post_attn_layer_norm,GPU,2.79135e+06,2.79151e+06,158.854
1,11,expertFFN,GPU,2.79151e+06,3.00818e+06,216665
1,11,sync_0,GPU,2.79151e+06,2.79151e+06,0
1,11,sync__set,GPU,2.79151e+06,2.79151e+06,0
1,11,sync__,GPU,2.79151e+06,2.79151e+06,0
1,11,gate_fn,GPU,2.79151e+06,2.79161e+06,97.9093
1,11,Linear,GPU,2.79151e+06,2.79161e+06,97.9093
1,11,gate_update,GPU,2.79161e+06,2.79161e+06,0
1,11,moe_scatter,GPU,2.79161e+06,2.79161e+06,0
1,11,sync_for_moe_scatter,GPU,2.79161e+06,2.79161e+06,0
1,11,sync__set,GPU,2.79161e+06,2.79161e+06,0
1,11,sync__,GPU,2.79161e+06,2.79161e+06,0
1,11,moe_route,GPU,2.79161e+06,2.79161e+06,0
1,11,expert_FFN_2,GPU,2.79161e+06,2.89713e+06,105518
1,11,gate_proj,GPU,2.79161e+06,2.82672e+06,35112.9
1,11,Linear,GPU,2.79161e+06,2.82672e+06,35112.9
1,11,activation,GPU,2.82672e+06,2.8269e+06,179.628
1,11,up_proj,GPU,2.8269e+06,2.86202e+06,35112.9
1,11,Linear,GPU,2.8269e+06,2.86202e+06,35112.9
1,11,down_proj,GPU,2.86202e+06,2.89713e+06,35112.9
1,11,Linear,GPU,2.86202e+06,2.89713e+06,35112.9
1,11,expert_FFN_3,GPU,2.89713e+06,3.00253e+06,105401
1,11,gate_proj,GPU,2.89713e+06,2.93222e+06,35090.9
1,11,Linear,GPU,2.89713e+06,2.93222e+06,35090.9
1,11,activation,GPU,2.93222e+06,2.93235e+06,128.305
1,11,up_proj,GPU,2.93235e+06,2.96744e+06,35090.9
1,11,Linear,GPU,2.93235e+06,2.96744e+06,35090.9
1,11,down_proj,GPU,2.96744e+06,3.00253e+06,35090.9
1,11,Linear,GPU,2.96744e+06,3.00253e+06,35090.9
1,11,sync_2,GPU,3.00253e+06,3.00294e+06,410.578
1,11,sync__set,GPU,3.00253e+06,3.00253e+06,0
1,11,sync__,GPU,3.00253e+06,3.00294e+06,410.578
1,11,moe_all_reduce_for_e_tp,GPU,3.00294e+06,3.00294e+06,0
1,11,sync_3,GPU,3.00294e+06,3.00294e+06,0
1,11,sync__set,GPU,3.00294e+06,3.00294e+06,0
1,11,sync__,GPU,3.00294e+06,3.00294e+06,0
1,11,moe_gather,GPU,3.00294e+06,3.00294e+06,0
1,11,sync_for_moe_gather,GPU,3.00294e+06,3.00294e+06,0
1,11,sync__set,GPU,3.00294e+06,3.00294e+06,0
1,11,sync__,GPU,3.00294e+06,3.00294e+06,0
1,11,moe_all_reduce_for_gather,GPU,3.00294e+06,3.00818e+06,5236.91
1,11,sync_5,GPU,3.00818e+06,3.00818e+06,0
1,11,sync__set,GPU,3.00818e+06,3.00818e+06,0
1,11,sync__,GPU,3.00818e+06,3.00818e+06,0
1,11,sync_6,GPU,3.00818e+06,3.00818e+06,0
1,11,sync__set,GPU,3.00818e+06,3.00818e+06,0
1,11,sync__,GPU,3.00818e+06,3.00818e+06,0
1,11,residual_2,GPU,3.00818e+06,3.00834e+06,158.854
1,12,MoE_decoder_12,GPU,3.00834e+06,3.25922e+06,250880
1,12,input_layer_norm,GPU,3.00834e+06,3.0085e+06,158.854
1,12,attention,GPU,3.0085e+06,3.04184e+06,33345.5
1,12,attn_qkv_proj,GPU,3.0085e+06,3.01236e+06,3861.38
1,12,Linear,GPU,3.0085e+06,3.01236e+06,3861.38
1,12,self_attention,GPU,3.01236e+06,3.034e+06,21646.9
1,12,AttentionSplit,GPU,3.01236e+06,3.01236e+06,0
1,12,AttentionSum,GPU,3.01236e+06,3.01236e+06,0
1,12,AttentionGen,GPU,3.01236e+06,3.034e+06,21646.9
1,12,AttentionMerge,GPU,3.034e+06,3.034e+06,0
1,12,attn_o_proj,GPU,3.034e+06,3.0366e+06,2600.32
1,12,Linear,GPU,3.034e+06,3.0366e+06,2600.32
1,12,all_reduce,GPU,3.0366e+06,3.04184e+06,5236.91
1,12,residual_1,GPU,3.04184e+06,3.042e+06,158.854
1,12,post_attn_layer_norm,GPU,3.042e+06,3.04216e+06,158.854
1,12,expertFFN,GPU,3.04216e+06,3.25906e+06,216900
1,12,sync_0,GPU,3.04216e+06,3.04216e+06,0
1,12,sync__set,GPU,3.04216e+06,3.04216e+06,0
1,12,sync__,GPU,3.04216e+06,3.04216e+06,0
1,12,gate_fn,GPU,3.04216e+06,3.04226e+06,97.9093
1,12,Linear,GPU,3.04216e+06,3.04226e+06,97.9093
1,12,gate_update,GPU,3.04226e+06,3.04226e+06,0
1,12,moe_scatter,GPU,3.04226e+06,3.04226e+06,0
1,12,sync_for_moe_scatter,GPU,3.04226e+06,3.04226e+06,0
1,12,sync__set,GPU,3.04226e+06,3.04226e+06,0
1,12,sync__,GPU,3.04226e+06,3.04226e+06,0
1,12,moe_route,GPU,3.04226e+06,3.04226e+06,0
1,12,expert_FFN_2,GPU,3.04226e+06,3.14795e+06,105694
1,12,gate_proj,GPU,3.04226e+06,3.0774e+06,35145.9
1,12,Linear,GPU,3.04226e+06,3.0774e+06,35145.9
1,12,activation,GPU,3.0774e+06,3.07766e+06,256.611
1,12,up_proj,GPU,3.07766e+06,3.11281e+06,35145.9
1,12,Linear,GPU,3.07766e+06,3.11281e+06,35145.9
1,12,down_proj,GPU,3.11281e+06,3.14795e+06,35145.9
1,12,Linear,GPU,3.11281e+06,3.14795e+06,35145.9
1,12,expert_FFN_3,GPU,3.14795e+06,3.25341e+06,105460
1,12,gate_proj,GPU,3.14795e+06,3.18305e+06,35101.9
1,12,Linear,GPU,3.14795e+06,3.18305e+06,35101.9
1,12,activation,GPU,3.18305e+06,3.18321e+06,153.967
1,12,up_proj,GPU,3.18321e+06,3.21831e+06,35101.9
1,12,Linear,GPU,3.18321e+06,3.21831e+06,35101.9
1,12,down_proj,GPU,3.21831e+06,3.25341e+06,35101.9
1,12,Linear,GPU,3.21831e+06,3.25341e+06,35101.9
1,12,sync_2,GPU,3.25341e+06,3.25382e+06,410.578
1,12,sync__set,GPU,3.25341e+06,3.25341e+06,0
1,12,sync__,GPU,3.25341e+06,3.25382e+06,410.578
1,12,moe_all_reduce_for_e_tp,GPU,3.25382e+06,3.25382e+06,0
1,12,sync_3,GPU,3.25382e+06,3.25382e+06,0
1,12,sync__set,GPU,3.25382e+06,3.25382e+06,0
1,12,sync__,GPU,3.25382e+06,3.25382e+06,0
1,12,moe_gather,GPU,3.25382e+06,3.25382e+06,0
1,12,sync_for_moe_gather,GPU,3.25382e+06,3.25382e+06,0
1,12,sync__set,GPU,3.25382e+06,3.25382e+06,0
1,12,sync__,GPU,3.25382e+06,3.25382e+06,0
1,12,moe_all_reduce_for_gather,GPU,3.25382e+06,3.25906e+06,5236.91
1,12,sync_5,GPU,3.25906e+06,3.25906e+06,0
1,12,sync__set,GPU,3.25906e+06,3.25906e+06,0
1,12,sync__,GPU,3.25906e+06,3.25906e+06,0
1,12,sync_6,GPU,3.25906e+06,3.25906e+06,0
1,12,sync__set,GPU,3.25906e+06,3.25906e+06,0
1,12,sync__,GPU,3.25906e+06,3.25906e+06,0
1,12,residual_2,GPU,3.25906e+06,3.25922e+06,158.854
1,13,MoE_decoder_13,GPU,3.25922e+06,3.50998e+06,250763
1,13,input_layer_norm,GPU,3.25922e+06,3.25938e+06,158.854
1,13,attention,GPU,3.25938e+06,3.29272e+06,33345.5
1,13,attn_qkv_proj,GPU,3.25938e+06,3.26324e+06,3861.38
1,13,Linear,GPU,3.25938e+06,3.26324e+06,3861.38
1,13,self_attention,GPU,3.26324e+06,3.28488e+06,21646.9
1,13,AttentionSplit,GPU,3.26324e+06,3.26324e+06,0
1,13,AttentionSum,GPU,3.26324e+06,3.26324e+06,0
1,13,AttentionGen,GPU,3.26324e+06,3.28488e+06,21646.9
1,13,AttentionMerge,GPU,3.28488e+06,3.28488e+06,0
1,13,attn_o_proj,GPU,3.28488e+06,3.28748e+06,2600.32
1,13,Linear,GPU,3.28488e+06,3.28748e+06,2600.32
1,13,all_reduce,GPU,3.28748e+06,3.29272e+06,5236.91
1,13,residual_1,GPU,3.29272e+06,3.29288e+06,158.854
1,13,post_attn_layer_norm,GPU,3.29288e+06,3.29304e+06,158.854
1,13,expertFFN,GPU,3.29304e+06,3.50982e+06,216782
1,13,sync_0,GPU,3.29304e+06,3.29304e+06,0
1,13,sync__set,GPU,3.29304e+06,3.29304e+06,0
1,13,sync__,GPU,3.29304e+06,3.29304e+06,0
1,13,gate_fn,GPU,3.29304e+06,3.29314e+06,97.9093
1,13,Linear,GPU,3.29304e+06,3.29314e+06,97.9093
1,13,gate_update,GPU,3.29314e+06,3.29314e+06,0
1,13,moe_scatter,GPU,3.29314e+06,3.29314e+06,0
1,13,sync_for_moe_scatter,GPU,3.29314e+06,3.29314e+06,0
1,13,sync__set,GPU,3.29314e+06,3.29314e+06,0
1,13,sync__,GPU,3.29314e+06,3.29314e+06,0
1,13,moe_route,GPU,3.29314e+06,3.29314e+06,0
1,13,expert_FFN_2,GPU,3.29314e+06,3.39871e+06,105577
1,13,gate_proj,GPU,3.29314e+06,3.32826e+06,35123.9
1,13,Linear,GPU,3.29314e+06,3.32826e+06,35123.9
1,13,activation,GPU,3.32826e+06,3.32847e+06,205.289
1,13,up_proj,GPU,3.32847e+06,3.36359e+06,35123.9
1,13,Linear,GPU,3.32847e+06,3.36359e+06,35123.9
1,13,down_proj,GPU,3.36359e+06,3.39871e+06,35123.9
1,13,Linear,GPU,3.36359e+06,3.39871e+06,35123.9
1,13,expert_FFN_3,GPU,3.39871e+06,3.50447e+06,105753
1,13,gate_proj,GPU,3.39871e+06,3.43387e+06,35156.9
1,13,Linear,GPU,3.39871e+06,3.43387e+06,35156.9
1,13,activation,GPU,3.43387e+06,3.43415e+06,282.272
1,13,up_proj,GPU,3.43415e+06,3.46931e+06,35156.9
1,13,Linear,GPU,3.43415e+06,3.46931e+06,35156.9
1,13,down_proj,GPU,3.46931e+06,3.50447e+06,35156.9
1,13,Linear,GPU,3.46931e+06,3.50447e+06,35156.9
1,13,sync_2,GPU,3.50447e+06,3.50458e+06,117.308
1,13,sync__set,GPU,3.50447e+06,3.50447e+06,0
1,13,sync__,GPU,3.50447e+06,3.50458e+06,117.308
1,13,moe_all_reduce_for_e_tp,GPU,3.50458e+06,3.50458e+06,0
1,13,sync_3,GPU,3.50458e+06,3.50458e+06,0
1,13,sync__set,GPU,3.50458e+06,3.50458e+06,0
1,13,sync__,GPU,3.50458e+06,3.50458e+06,0
1,13,moe_gather,GPU,3.50458e+06,3.50458e+06,0
1,13,sync_for_moe_gather,GPU,3.50458e+06,3.50458e+06,0
1,13,sync__set,GPU,3.50458e+06,3.50458e+06,0
1,13,sync__,GPU,3.50458e+06,3.50458e+06,0
1,13,moe_all_reduce_for_gather,GPU,3.50458e+06,3.50982e+06,5236.91
1,13,sync_5,GPU,3.50982e+06,3.50982e+06,0
1,13,sync__set,GPU,3.50982e+06,3.50982e+06,0
1,13,sync__,GPU,3.50982e+06,3.50982e+06,0
1,13,sync_6,GPU,3.50982e+06,3.50982e+06,0
1,13,sync__set,GPU,3.50982e+06,3.50982e+06,0
1,13,sync__,GPU,3.50982e+06,3.50982e+06,0
1,13,residual_2,GPU,3.50982e+06,3.50998e+06,158.854
1,14,MoE_decoder_14,GPU,3.50998e+06,3.76074e+06,250763
1,14,input_layer_norm,GPU,3.50998e+06,3.51014e+06,158.854
1,14,attention,GPU,3.51014e+06,3.54348e+06,33345.5
1,14,attn_qkv_proj,GPU,3.51014e+06,3.514e+06,3861.38
1,14,Linear,GPU,3.51014e+06,3.514e+06,3861.38
1,14,self_attention,GPU,3.514e+06,3.53565e+06,21646.9
1,14,AttentionSplit,GPU,3.514e+06,3.514e+06,0
1,14,AttentionSum,GPU,3.514e+06,3.514e+06,0
1,14,AttentionGen,GPU,3.514e+06,3.53565e+06,21646.9
1,14,AttentionMerge,GPU,3.53565e+06,3.53565e+06,0
1,14,attn_o_proj,GPU,3.53565e+06,3.53825e+06,2600.32
1,14,Linear,GPU,3.53565e+06,3.53825e+06,2600.32
1,14,all_reduce,GPU,3.53825e+06,3.54348e+06,5236.91
1,14,residual_1,GPU,3.54348e+06,3.54364e+06,158.854
1,14,post_attn_layer_norm,GPU,3.54364e+06,3.5438e+06,158.854
1,14,expertFFN,GPU,3.5438e+06,3.76058e+06,216782
1,14,sync_0,GPU,3.5438e+06,3.5438e+06,0
1,14,sync__set,GPU,3.5438e+06,3.5438e+06,0
1,14,sync__,GPU,3.5438e+06,3.5438e+06,0
1,14,gate_fn,GPU,3.5438e+06,3.5439e+06,97.9093
1,14,Linear,GPU,3.5438e+06,3.5439e+06,97.9093
1,14,gate_update,GPU,3.5439e+06,3.5439e+06,0
1,14,moe_scatter,GPU,3.5439e+06,3.5439e+06,0
1,14,sync_for_moe_scatter,GPU,3.5439e+06,3.5439e+06,0
1,14,sync__set,GPU,3.5439e+06,3.5439e+06,0
1,14,sync__,GPU,3.5439e+06,3.5439e+06,0
1,14,moe_route,GPU,3.5439e+06,3.5439e+06,0
1,14,expert_FFN_2,GPU,3.5439e+06,3.64936e+06,105460
1,14,gate_proj,GPU,3.5439e+06,3.579e+06,35101.9
1,14,Linear,GPU,3.5439e+06,3.579e+06,35101.9
1,14,activation,GPU,3.579e+06,3.57916e+06,153.967
1,14,up_proj,GPU,3.57916e+06,3.61426e+06,35101.9
1,14,Linear,GPU,3.57916e+06,3.61426e+06,35101.9
1,14,down_proj,GPU,3.61426e+06,3.64936e+06,35101.9
1,14,Linear,GPU,3.61426e+06,3.64936e+06,35101.9
1,14,expert_FFN_3,GPU,3.64936e+06,3.75488e+06,105518
1,14,gate_proj,GPU,3.64936e+06,3.68447e+06,35112.9
1,14,Linear,GPU,3.64936e+06,3.68447e+06,35112.9
1,14,activation,GPU,3.68447e+06,3.68465e+06,179.628
1,14,up_proj,GPU,3.68465e+06,3.71977e+06,35112.9
1,14,Linear,GPU,3.68465e+06,3.71977e+06,35112.9
1,14,down_proj,GPU,3.71977e+06,3.75488e+06,35112.9
1,14,Linear,GPU,3.71977e+06,3.75488e+06,35112.9
1,14,sync_2,GPU,3.75488e+06,3.75535e+06,469.232
1,14,sync__set,GPU,3.75488e+06,3.75488e+06,0
1,14,sync__,GPU,3.75488e+06,3.75535e+06,469.232
1,14,moe_all_reduce_for_e_tp,GPU,3.75535e+06,3.75535e+06,0
1,14,sync_3,GPU,3.75535e+06,3.75535e+06,0
1,14,sync__set,GPU,3.75535e+06,3.75535e+06,0
1,14,sync__,GPU,3.75535e+06,3.75535e+06,0
1,14,moe_gather,GPU,3.75535e+06,3.75535e+06,0
1,14,sync_for_moe_gather,GPU,3.75535e+06,3.75535e+06,0
1,14,sync__set,GPU,3.75535e+06,3.75535e+06,0
1,14,sync__,GPU,3.75535e+06,3.75535e+06,0
1,14,moe_all_reduce_for_gather,GPU,3.75535e+06,3.76058e+06,5236.91
1,14,sync_5,GPU,3.76058e+06,3.76058e+06,0
1,14,sync__set,GPU,3.76058e+06,3.76058e+06,0
1,14,sync__,GPU,3.76058e+06,3.76058e+06,0
1,14,sync_6,GPU,3.76058e+06,3.76058e+06,0
1,14,sync__set,GPU,3.76058e+06,3.76058e+06,0
1,14,sync__,GPU,3.76058e+06,3.76058e+06,0
1,14,residual_2,GPU,3.76058e+06,3.76074e+06,158.854
1,15,MoE_decoder_15,GPU,3.76074e+06,4.01133e+06,250587
1,15,input_layer_norm,GPU,3.76074e+06,3.7609e+06,158.854
1,15,attention,GPU,3.7609e+06,3.79425e+06,33345.5
1,15,attn_qkv_proj,GPU,3.7609e+06,3.76476e+06,3861.38
1,15,Linear,GPU,3.7609e+06,3.76476e+06,3861.38
1,15,self_attention,GPU,3.76476e+06,3.78641e+06,21646.9
1,15,AttentionSplit,GPU,3.76476e+06,3.76476e+06,0
1,15,AttentionSum,GPU,3.76476e+06,3.76476e+06,0
1,15,AttentionGen,GPU,3.76476e+06,3.78641e+06,21646.9
1,15,AttentionMerge,GPU,3.78641e+06,3.78641e+06,0
1,15,attn_o_proj,GPU,3.78641e+06,3.78901e+06,2600.32
1,15,Linear,GPU,3.78641e+06,3.78901e+06,2600.32
1,15,all_reduce,GPU,3.78901e+06,3.79425e+06,5236.91
1,15,residual_1,GPU,3.79425e+06,3.79441e+06,158.854
1,15,post_attn_layer_norm,GPU,3.79441e+06,3.79457e+06,158.854
1,15,expertFFN,GPU,3.79457e+06,4.01117e+06,216606
1,15,sync_0,GPU,3.79457e+06,3.79457e+06,0
1,15,sync__set,GPU,3.79457e+06,3.79457e+06,0
1,15,sync__,GPU,3.79457e+06,3.79457e+06,0
1,15,gate_fn,GPU,3.79457e+06,3.79466e+06,97.9093
1,15,Linear,GPU,3.79457e+06,3.79466e+06,97.9093
1,15,gate_update,GPU,3.79466e+06,3.79466e+06,0
1,15,moe_scatter,GPU,3.79466e+06,3.79466e+06,0
1,15,sync_for_moe_scatter,GPU,3.79466e+06,3.79466e+06,0
1,15,sync__set,GPU,3.79466e+06,3.79466e+06,0
1,15,sync__,GPU,3.79466e+06,3.79466e+06,0
1,15,moe_route,GPU,3.79466e+06,3.79466e+06,0
1,15,expert_FFN_2,GPU,3.79466e+06,3.9003e+06,105636
1,15,gate_proj,GPU,3.79466e+06,3.8298e+06,35134.9
1,15,Linear,GPU,3.79466e+06,3.8298e+06,35134.9
1,15,activation,GPU,3.8298e+06,3.83003e+06,230.95
1,15,up_proj,GPU,3.83003e+06,3.86516e+06,35134.9
1,15,Linear,GPU,3.83003e+06,3.86516e+06,35134.9
1,15,down_proj,GPU,3.86516e+06,3.9003e+06,35134.9
1,15,Linear,GPU,3.86516e+06,3.9003e+06,35134.9
1,15,expert_FFN_3,GPU,3.9003e+06,4.00594e+06,105636
1,15,gate_proj,GPU,3.9003e+06,3.93543e+06,35134.9
1,15,Linear,GPU,3.9003e+06,3.93543e+06,35134.9
1,15,activation,GPU,3.93543e+06,3.93567e+06,230.95
1,15,up_proj,GPU,3.93567e+06,3.9708e+06,35134.9
1,15,Linear,GPU,3.93567e+06,3.9708e+06,35134.9
1,15,down_proj,GPU,3.9708e+06,4.00594e+06,35134.9
1,15,Linear,GPU,3.9708e+06,4.00594e+06,35134.9
1,15,sync_2,GPU,4.00594e+06,4.00594e+06,0
1,15,sync__set,GPU,4.00594e+06,4.00594e+06,0
1,15,sync__,GPU,4.00594e+06,4.00594e+06,0
1,15,moe_all_reduce_for_e_tp,GPU,4.00594e+06,4.00594e+06,0
1,15,sync_3,GPU,4.00594e+06,4.00594e+06,0
1,15,sync__set,GPU,4.00594e+06,4.00594e+06,0
1,15,sync__,GPU,4.00594e+06,4.00594e+06,0
1,15,moe_gather,GPU,4.00594e+06,4.00594e+06,0
1,15,sync_for_moe_gather,GPU,4.00594e+06,4.00594e+06,0
1,15,sync__set,GPU,4.00594e+06,4.00594e+06,0
1,15,sync__,GPU,4.00594e+06,4.00594e+06,0
1,15,moe_all_reduce_for_gather,GPU,4.00594e+06,4.01117e+06,5236.91
1,15,sync_5,GPU,4.01117e+06,4.01117e+06,0
1,15,sync__set,GPU,4.01117e+06,4.01117e+06,0
1,15,sync__,GPU,4.01117e+06,4.01117e+06,0
1,15,sync_6,GPU,4.01117e+06,4.01117e+06,0
1,15,sync__set,GPU,4.01117e+06,4.01117e+06,0
1,15,sync__,GPU,4.01117e+06,4.01117e+06,0
1,15,residual_2,GPU,4.01117e+06,4.01133e+06,158.854
1,16,MoE_decoder_16,GPU,4.01133e+06,4.26186e+06,250529
1,16,input_layer_norm,GPU,4.01133e+06,4.01149e+06,158.854
1,16,attention,GPU,4.01149e+06,4.04484e+06,33345.5
1,16,attn_qkv_proj,GPU,4.01149e+06,4.01535e+06,3861.38
1,16,Linear,GPU,4.01149e+06,4.01535e+06,3861.38
1,16,self_attention,GPU,4.01535e+06,4.037e+06,21646.9
1,16,AttentionSplit,GPU,4.01535e+06,4.01535e+06,0
1,16,AttentionSum,GPU,4.01535e+06,4.01535e+06,0
1,16,AttentionGen,GPU,4.01535e+06,4.037e+06,21646.9
1,16,AttentionMerge,GPU,4.037e+06,4.037e+06,0
1,16,attn_o_proj,GPU,4.037e+06,4.0396e+06,2600.32
1,16,Linear,GPU,4.037e+06,4.0396e+06,2600.32
1,16,all_reduce,GPU,4.0396e+06,4.04484e+06,5236.91
1,16,residual_1,GPU,4.04484e+06,4.04499e+06,158.854
1,16,post_attn_layer_norm,GPU,4.04499e+06,4.04515e+06,158.854
1,16,expertFFN,GPU,4.04515e+06,4.2617e+06,216548
1,16,sync_0,GPU,4.04515e+06,4.04515e+06,0
1,16,sync__set,GPU,4.04515e+06,4.04515e+06,0
1,16,sync__,GPU,4.04515e+06,4.04515e+06,0
1,16,gate_fn,GPU,4.04515e+06,4.04525e+06,97.9093
1,16,Linear,GPU,4.04515e+06,4.04525e+06,97.9093
1,16,gate_update,GPU,4.04525e+06,4.04525e+06,0
1,16,moe_scatter,GPU,4.04525e+06,4.04525e+06,0
1,16,sync_for_moe_scatter,GPU,4.04525e+06,4.04525e+06,0
1,16,sync__set,GPU,4.04525e+06,4.04525e+06,0
1,16,sync__,GPU,4.04525e+06,4.04525e+06,0
1,16,moe_route,GPU,4.04525e+06,4.04525e+06,0
1,16,expert_FFN_2,GPU,4.04525e+06,4.15077e+06,105518
1,16,gate_proj,GPU,4.04525e+06,4.08036e+06,35112.9
1,16,Linear,GPU,4.04525e+06,4.08036e+06,35112.9
1,16,activation,GPU,4.08036e+06,4.08054e+06,179.628
1,16,up_proj,GPU,4.08054e+06,4.11566e+06,35112.9
1,16,Linear,GPU,4.08054e+06,4.11566e+06,35112.9
1,16,down_proj,GPU,4.11566e+06,4.15077e+06,35112.9
1,16,Linear,GPU,4.11566e+06,4.15077e+06,35112.9
1,16,expert_FFN_3,GPU,4.15077e+06,4.25629e+06,105518
1,16,gate_proj,GPU,4.15077e+06,4.18588e+06,35112.9
1,16,Linear,GPU,4.15077e+06,4.18588e+06,35112.9
1,16,activation,GPU,4.18588e+06,4.18606e+06,179.628
1,16,up_proj,GPU,4.18606e+06,4.22117e+06,35112.9
1,16,Linear,GPU,4.18606e+06,4.22117e+06,35112.9
1,16,down_proj,GPU,4.22117e+06,4.25629e+06,35112.9
1,16,Linear,GPU,4.22117e+06,4.25629e+06,35112.9
1,16,sync_2,GPU,4.25629e+06,4.25646e+06,175.962
1,16,sync__set,GPU,4.25629e+06,4.25629e+06,0
1,16,sync__,GPU,4.25629e+06,4.25646e+06,175.962
1,16,moe_all_reduce_for_e_tp,GPU,4.25646e+06,4.25646e+06,0
1,16,sync_3,GPU,4.25646e+06,4.25646e+06,0
1,16,sync__set,GPU,4.25646e+06,4.25646e+06,0
1,16,sync__,GPU,4.25646e+06,4.25646e+06,0
1,16,moe_gather,GPU,4.25646e+06,4.25646e+06,0
1,16,sync_for_moe_gather,GPU,4.25646e+06,4.25646e+06,0
1,16,sync__set,GPU,4.25646e+06,4.25646e+06,0
1,16,sync__,GPU,4.25646e+06,4.25646e+06,0
1,16,moe_all_reduce_for_gather,GPU,4.25646e+06,4.2617e+06,5236.91
1,16,sync_5,GPU,4.2617e+06,4.2617e+06,0
1,16,sync__set,GPU,4.2617e+06,4.2617e+06,0
1,16,sync__,GPU,4.2617e+06,4.2617e+06,0
1,16,sync_6,GPU,4.2617e+06,4.2617e+06,0
1,16,sync__set,GPU,4.2617e+06,4.2617e+06,0
1,16,sync__,GPU,4.2617e+06,4.2617e+06,0
1,16,residual_2,GPU,4.2617e+06,4.26186e+06,158.854
1,17,MoE_decoder_17,GPU,4.26186e+06,4.51262e+06,250763
1,17,input_layer_norm,GPU,4.26186e+06,4.26202e+06,158.854
1,17,attention,GPU,4.26202e+06,4.29536e+06,33345.5
1,17,attn_qkv_proj,GPU,4.26202e+06,4.26588e+06,3861.38
1,17,Linear,GPU,4.26202e+06,4.26588e+06,3861.38
1,17,self_attention,GPU,4.26588e+06,4.28753e+06,21646.9
1,17,AttentionSplit,GPU,4.26588e+06,4.26588e+06,0
1,17,AttentionSum,GPU,4.26588e+06,4.26588e+06,0
1,17,AttentionGen,GPU,4.26588e+06,4.28753e+06,21646.9
1,17,AttentionMerge,GPU,4.28753e+06,4.28753e+06,0
1,17,attn_o_proj,GPU,4.28753e+06,4.29013e+06,2600.32
1,17,Linear,GPU,4.28753e+06,4.29013e+06,2600.32
1,17,all_reduce,GPU,4.29013e+06,4.29536e+06,5236.91
1,17,residual_1,GPU,4.29536e+06,4.29552e+06,158.854
1,17,post_attn_layer_norm,GPU,4.29552e+06,4.29568e+06,158.854
1,17,expertFFN,GPU,4.29568e+06,4.51246e+06,216782
1,17,sync_0,GPU,4.29568e+06,4.29568e+06,0
1,17,sync__set,GPU,4.29568e+06,4.29568e+06,0
1,17,sync__,GPU,4.29568e+06,4.29568e+06,0
1,17,gate_fn,GPU,4.29568e+06,4.29578e+06,97.9093
1,17,Linear,GPU,4.29568e+06,4.29578e+06,97.9093
1,17,gate_update,GPU,4.29578e+06,4.29578e+06,0
1,17,moe_scatter,GPU,4.29578e+06,4.29578e+06,0
1,17,sync_for_moe_scatter,GPU,4.29578e+06,4.29578e+06,0
1,17,sync__set,GPU,4.29578e+06,4.29578e+06,0
1,17,sync__,GPU,4.29578e+06,4.29578e+06,0
1,17,moe_route,GPU,4.29578e+06,4.29578e+06,0
1,17,expert_FFN_2,GPU,4.29578e+06,4.40159e+06,105812
1,17,gate_proj,GPU,4.29578e+06,4.33095e+06,35167.9
1,17,Linear,GPU,4.29578e+06,4.33095e+06,35167.9
1,17,activation,GPU,4.33095e+06,4.33126e+06,307.933
1,17,up_proj,GPU,4.33126e+06,4.36642e+06,35167.9
1,17,Linear,GPU,4.33126e+06,4.36642e+06,35167.9
1,17,down_proj,GPU,4.36642e+06,4.40159e+06,35167.9
1,17,Linear,GPU,4.36642e+06,4.40159e+06,35167.9
1,17,expert_FFN_3,GPU,4.40159e+06,4.50682e+06,105225
1,17,gate_proj,GPU,4.40159e+06,4.43665e+06,35057.9
1,17,Linear,GPU,4.40159e+06,4.43665e+06,35057.9
1,17,activation,GPU,4.43665e+06,4.4367e+06,51.3222
1,17,up_proj,GPU,4.4367e+06,4.47176e+06,35057.9
1,17,Linear,GPU,4.4367e+06,4.47176e+06,35057.9
1,17,down_proj,GPU,4.47176e+06,4.50682e+06,35057.9
1,17,Linear,GPU,4.47176e+06,4.50682e+06,35057.9
1,17,sync_2,GPU,4.50682e+06,4.50723e+06,410.578
1,17,sync__set,GPU,4.50682e+06,4.50682e+06,0
1,17,sync__,GPU,4.50682e+06,4.50723e+06,410.578
1,17,moe_all_reduce_for_e_tp,GPU,4.50723e+06,4.50723e+06,0
1,17,sync_3,GPU,4.50723e+06,4.50723e+06,0
1,17,sync__set,GPU,4.50723e+06,4.50723e+06,0
1,17,sync__,GPU,4.50723e+06,4.50723e+06,0
1,17,moe_gather,GPU,4.50723e+06,4.50723e+06,0
1,17,sync_for_moe_gather,GPU,4.50723e+06,4.50723e+06,0
1,17,sync__set,GPU,4.50723e+06,4.50723e+06,0
1,17,sync__,GPU,4.50723e+06,4.50723e+06,0
1,17,moe_all_reduce_for_gather,GPU,4.50723e+06,4.51246e+06,5236.91
1,17,sync_5,GPU,4.51246e+06,4.51246e+06,0
1,17,sync__set,GPU,4.51246e+06,4.51246e+06,0
1,17,sync__,GPU,4.51246e+06,4.51246e+06,0
1,17,sync_6,GPU,4.51246e+06,4.51246e+06,0
1,17,sync__set,GPU,4.51246e+06,4.51246e+06,0
1,17,sync__,GPU,4.51246e+06,4.51246e+06,0
1,17,residual_2,GPU,4.51246e+06,4.51262e+06,158.854
1,18,MoE_decoder_18,GPU,4.51262e+06,4.76321e+06,250587
1,18,input_layer_norm,GPU,4.51262e+06,4.51278e+06,158.854
1,18,attention,GPU,4.51278e+06,4.54613e+06,33345.5
1,18,attn_qkv_proj,GPU,4.51278e+06,4.51664e+06,3861.38
1,18,Linear,GPU,4.51278e+06,4.51664e+06,3861.38
1,18,self_attention,GPU,4.51664e+06,4.53829e+06,21646.9
1,18,AttentionSplit,GPU,4.51664e+06,4.51664e+06,0
1,18,AttentionSum,GPU,4.51664e+06,4.51664e+06,0
1,18,AttentionGen,GPU,4.51664e+06,4.53829e+06,21646.9
1,18,AttentionMerge,GPU,4.53829e+06,4.53829e+06,0
1,18,attn_o_proj,GPU,4.53829e+06,4.54089e+06,2600.32
1,18,Linear,GPU,4.53829e+06,4.54089e+06,2600.32
1,18,all_reduce,GPU,4.54089e+06,4.54613e+06,5236.91
1,18,residual_1,GPU,4.54613e+06,4.54629e+06,158.854
1,18,post_attn_layer_norm,GPU,4.54629e+06,4.54644e+06,158.854
1,18,expertFFN,GPU,4.54644e+06,4.76305e+06,216606
1,18,sync_0,GPU,4.54644e+06,4.54644e+06,0
1,18,sync__set,GPU,4.54644e+06,4.54644e+06,0
1,18,sync__,GPU,4.54644e+06,4.54644e+06,0
1,18,gate_fn,GPU,4.54644e+06,4.54654e+06,97.9093
1,18,Linear,GPU,4.54644e+06,4.54654e+06,97.9093
1,18,gate_update,GPU,4.54654e+06,4.54654e+06,0
1,18,moe_scatter,GPU,4.54654e+06,4.54654e+06,0
1,18,sync_for_moe_scatter,GPU,4.54654e+06,4.54654e+06,0
1,18,sync__set,GPU,4.54654e+06,4.54654e+06,0
1,18,sync__,GPU,4.54654e+06,4.54654e+06,0
1,18,moe_route,GPU,4.54654e+06,4.54654e+06,0
1,18,expert_FFN_2,GPU,4.54654e+06,4.65224e+06,105694
1,18,gate_proj,GPU,4.54654e+06,4.58169e+06,35145.9
1,18,Linear,GPU,4.54654e+06,4.58169e+06,35145.9
1,18,activation,GPU,4.58169e+06,4.58195e+06,256.611
1,18,up_proj,GPU,4.58195e+06,4.61709e+06,35145.9
1,18,Linear,GPU,4.58195e+06,4.61709e+06,35145.9
1,18,down_proj,GPU,4.61709e+06,4.65224e+06,35145.9
1,18,Linear,GPU,4.61709e+06,4.65224e+06,35145.9
1,18,expert_FFN_3,GPU,4.65224e+06,4.75764e+06,105401
1,18,gate_proj,GPU,4.65224e+06,4.68733e+06,35090.9
1,18,Linear,GPU,4.65224e+06,4.68733e+06,35090.9
1,18,activation,GPU,4.68733e+06,4.68746e+06,128.305
1,18,up_proj,GPU,4.68746e+06,4.72255e+06,35090.9
1,18,Linear,GPU,4.68746e+06,4.72255e+06,35090.9
1,18,down_proj,GPU,4.72255e+06,4.75764e+06,35090.9
1,18,Linear,GPU,4.72255e+06,4.75764e+06,35090.9
1,18,sync_2,GPU,4.75764e+06,4.75781e+06,175.962
1,18,sync__set,GPU,4.75764e+06,4.75764e+06,0
1,18,sync__,GPU,4.75764e+06,4.75781e+06,175.962
1,18,moe_all_reduce_for_e_tp,GPU,4.75781e+06,4.75781e+06,0
1,18,sync_3,GPU,4.75781e+06,4.75781e+06,0
1,18,sync__set,GPU,4.75781e+06,4.75781e+06,0
1,18,sync__,GPU,4.75781e+06,4.75781e+06,0
1,18,moe_gather,GPU,4.75781e+06,4.75781e+06,0
1,18,sync_for_moe_gather,GPU,4.75781e+06,4.75781e+06,0
1,18,sync__set,GPU,4.75781e+06,4.75781e+06,0
1,18,sync__,GPU,4.75781e+06,4.75781e+06,0
1,18,moe_all_reduce_for_gather,GPU,4.75781e+06,4.76305e+06,5236.91
1,18,sync_5,GPU,4.76305e+06,4.76305e+06,0
1,18,sync__set,GPU,4.76305e+06,4.76305e+06,0
1,18,sync__,GPU,4.76305e+06,4.76305e+06,0
1,18,sync_6,GPU,4.76305e+06,4.76305e+06,0
1,18,sync__set,GPU,4.76305e+06,4.76305e+06,0
1,18,sync__,GPU,4.76305e+06,4.76305e+06,0
1,18,residual_2,GPU,4.76305e+06,4.76321e+06,158.854
1,19,MoE_decoder_19,GPU,4.76321e+06,5.01391e+06,250705
1,19,input_layer_norm,GPU,4.76321e+06,4.76337e+06,158.854
1,19,attention,GPU,4.76337e+06,4.79671e+06,33345.5
1,19,attn_qkv_proj,GPU,4.76337e+06,4.76723e+06,3861.38
1,19,Linear,GPU,4.76337e+06,4.76723e+06,3861.38
1,19,self_attention,GPU,4.76723e+06,4.78888e+06,21646.9
1,19,AttentionSplit,GPU,4.76723e+06,4.76723e+06,0
1,19,AttentionSum,GPU,4.76723e+06,4.76723e+06,0
1,19,AttentionGen,GPU,4.76723e+06,4.78888e+06,21646.9
1,19,AttentionMerge,GPU,4.78888e+06,4.78888e+06,0
1,19,attn_o_proj,GPU,4.78888e+06,4.79148e+06,2600.32
1,19,Linear,GPU,4.78888e+06,4.79148e+06,2600.32
1,19,all_reduce,GPU,4.79148e+06,4.79671e+06,5236.91
1,19,residual_1,GPU,4.79671e+06,4.79687e+06,158.854
1,19,post_attn_layer_norm,GPU,4.79687e+06,4.79703e+06,158.854
1,19,expertFFN,GPU,4.79703e+06,5.01376e+06,216724
1,19,sync_0,GPU,4.79703e+06,4.79703e+06,0
1,19,sync__set,GPU,4.79703e+06,4.79703e+06,0
1,19,sync__,GPU,4.79703e+06,4.79703e+06,0
1,19,gate_fn,GPU,4.79703e+06,4.79713e+06,97.9093
1,19,Linear,GPU,4.79703e+06,4.79713e+06,97.9093
1,19,gate_update,GPU,4.79713e+06,4.79713e+06,0
1,19,moe_scatter,GPU,4.79713e+06,4.79713e+06,0
1,19,sync_for_moe_scatter,GPU,4.79713e+06,4.79713e+06,0
1,19,sync__set,GPU,4.79713e+06,4.79713e+06,0
1,19,sync__,GPU,4.79713e+06,4.79713e+06,0
1,19,moe_route,GPU,4.79713e+06,4.79713e+06,0
1,19,expert_FFN_2,GPU,4.79713e+06,4.90282e+06,105694
1,19,gate_proj,GPU,4.79713e+06,4.83228e+06,35145.9
1,19,Linear,GPU,4.79713e+06,4.83228e+06,35145.9
1,19,activation,GPU,4.83228e+06,4.83253e+06,256.611
1,19,up_proj,GPU,4.83253e+06,4.86768e+06,35145.9
1,19,Linear,GPU,4.83253e+06,4.86768e+06,35145.9
1,19,down_proj,GPU,4.86768e+06,4.90282e+06,35145.9
1,19,Linear,GPU,4.86768e+06,4.90282e+06,35145.9
1,19,expert_FFN_3,GPU,4.90282e+06,5.00823e+06,105401
1,19,gate_proj,GPU,4.90282e+06,4.93792e+06,35090.9
1,19,Linear,GPU,4.90282e+06,4.93792e+06,35090.9
1,19,activation,GPU,4.93792e+06,4.93804e+06,128.305
1,19,up_proj,GPU,4.93804e+06,4.97313e+06,35090.9
1,19,Linear,GPU,4.93804e+06,4.97313e+06,35090.9
1,19,down_proj,GPU,4.97313e+06,5.00823e+06,35090.9
1,19,Linear,GPU,4.97313e+06,5.00823e+06,35090.9
1,19,sync_2,GPU,5.00823e+06,5.00852e+06,293.27
1,19,sync__set,GPU,5.00823e+06,5.00823e+06,0
1,19,sync__,GPU,5.00823e+06,5.00852e+06,293.27
1,19,moe_all_reduce_for_e_tp,GPU,5.00852e+06,5.00852e+06,0
1,19,sync_3,GPU,5.00852e+06,5.00852e+06,0
1,19,sync__set,GPU,5.00852e+06,5.00852e+06,0
1,19,sync__,GPU,5.00852e+06,5.00852e+06,0
1,19,moe_gather,GPU,5.00852e+06,5.00852e+06,0
1,19,sync_for_moe_gather,GPU,5.00852e+06,5.00852e+06,0
1,19,sync__set,GPU,5.00852e+06,5.00852e+06,0
1,19,sync__,GPU,5.00852e+06,5.00852e+06,0
1,19,moe_all_reduce_for_gather,GPU,5.00852e+06,5.01376e+06,5236.91
1,19,sync_5,GPU,5.01376e+06,5.01376e+06,0
1,19,sync__set,GPU,5.01376e+06,5.01376e+06,0
1,19,sync__,GPU,5.01376e+06,5.01376e+06,0
1,19,sync_6,GPU,5.01376e+06,5.01376e+06,0
1,19,sync__set,GPU,5.01376e+06,5.01376e+06,0
1,19,sync__,GPU,5.01376e+06,5.01376e+06,0
1,19,residual_2,GPU,5.01376e+06,5.01391e+06,158.854
1,20,MoE_decoder_20,GPU,5.01391e+06,5.26462e+06,250705
1,20,input_layer_norm,GPU,5.01391e+06,5.01407e+06,158.854
1,20,attention,GPU,5.01407e+06,5.04742e+06,33345.5
1,20,attn_qkv_proj,GPU,5.01407e+06,5.01793e+06,3861.38
1,20,Linear,GPU,5.01407e+06,5.01793e+06,3861.38
1,20,self_attention,GPU,5.01793e+06,5.03958e+06,21646.9
1,20,AttentionSplit,GPU,5.01793e+06,5.01793e+06,0
1,20,AttentionSum,GPU,5.01793e+06,5.01793e+06,0
1,20,AttentionGen,GPU,5.01793e+06,5.03958e+06,21646.9
1,20,AttentionMerge,GPU,5.03958e+06,5.03958e+06,0
1,20,attn_o_proj,GPU,5.03958e+06,5.04218e+06,2600.32
1,20,Linear,GPU,5.03958e+06,5.04218e+06,2600.32
1,20,all_reduce,GPU,5.04218e+06,5.04742e+06,5236.91
1,20,residual_1,GPU,5.04742e+06,5.04758e+06,158.854
1,20,post_attn_layer_norm,GPU,5.04758e+06,5.04774e+06,158.854
1,20,expertFFN,GPU,5.04774e+06,5.26446e+06,216724
1,20,sync_0,GPU,5.04774e+06,5.04774e+06,0
1,20,sync__set,GPU,5.04774e+06,5.04774e+06,0
1,20,sync__,GPU,5.04774e+06,5.04774e+06,0
1,20,gate_fn,GPU,5.04774e+06,5.04783e+06,97.9093
1,20,Linear,GPU,5.04774e+06,5.04783e+06,97.9093
1,20,gate_update,GPU,5.04783e+06,5.04783e+06,0
1,20,moe_scatter,GPU,5.04783e+06,5.04783e+06,0
1,20,sync_for_moe_scatter,GPU,5.04783e+06,5.04783e+06,0
1,20,sync__set,GPU,5.04783e+06,5.04783e+06,0
1,20,sync__,GPU,5.04783e+06,5.04783e+06,0
1,20,moe_route,GPU,5.04783e+06,5.04783e+06,0
1,20,expert_FFN_2,GPU,5.04783e+06,5.15353e+06,105694
1,20,gate_proj,GPU,5.04783e+06,5.08298e+06,35145.9
1,20,Linear,GPU,5.04783e+06,5.08298e+06,35145.9
1,20,activation,GPU,5.08298e+06,5.08324e+06,256.611
1,20,up_proj,GPU,5.08324e+06,5.11838e+06,35145.9
1,20,Linear,GPU,5.08324e+06,5.11838e+06,35145.9
1,20,down_proj,GPU,5.11838e+06,5.15353e+06,35145.9
1,20,Linear,GPU,5.11838e+06,5.15353e+06,35145.9
1,20,expert_FFN_3,GPU,5.15353e+06,5.25899e+06,105460
1,20,gate_proj,GPU,5.15353e+06,5.18863e+06,35101.9
1,20,Linear,GPU,5.15353e+06,5.18863e+06,35101.9
1,20,activation,GPU,5.18863e+06,5.18878e+06,153.967
1,20,up_proj,GPU,5.18878e+06,5.22389e+06,35101.9
1,20,Linear,GPU,5.18878e+06,5.22389e+06,35101.9
1,20,down_proj,GPU,5.22389e+06,5.25899e+06,35101.9
1,20,Linear,GPU,5.22389e+06,5.25899e+06,35101.9
1,20,sync_2,GPU,5.25899e+06,5.25922e+06,234.616
1,20,sync__set,GPU,5.25899e+06,5.25899e+06,0
1,20,sync__,GPU,5.25899e+06,5.25922e+06,234.616
1,20,moe_all_reduce_for_e_tp,GPU,5.25922e+06,5.25922e+06,0
1,20,sync_3,GPU,5.25922e+06,5.25922e+06,0
1,20,sync__set,GPU,5.25922e+06,5.25922e+06,0
1,20,sync__,GPU,5.25922e+06,5.25922e+06,0
1,20,moe_gather,GPU,5.25922e+06,5.25922e+06,0
1,20,sync_for_moe_gather,GPU,5.25922e+06,5.25922e+06,0
1,20,sync__set,GPU,5.25922e+06,5.25922e+06,0
1,20,sync__,GPU,5.25922e+06,5.25922e+06,0
1,20,moe_all_reduce_for_gather,GPU,5.25922e+06,5.26446e+06,5236.91
1,20,sync_5,GPU,5.26446e+06,5.26446e+06,0
1,20,sync__set,GPU,5.26446e+06,5.26446e+06,0
1,20,sync__,GPU,5.26446e+06,5.26446e+06,0
1,20,sync_6,GPU,5.26446e+06,5.26446e+06,0
1,20,sync__set,GPU,5.26446e+06,5.26446e+06,0
1,20,sync__,GPU,5.26446e+06,5.26446e+06,0
1,20,residual_2,GPU,5.26446e+06,5.26462e+06,158.854
1,21,MoE_decoder_21,GPU,5.26462e+06,5.51562e+06,250998
1,21,input_layer_norm,GPU,5.26462e+06,5.26478e+06,158.854
1,21,attention,GPU,5.26478e+06,5.29812e+06,33345.5
1,21,attn_qkv_proj,GPU,5.26478e+06,5.26864e+06,3861.38
1,21,Linear,GPU,5.26478e+06,5.26864e+06,3861.38
1,21,self_attention,GPU,5.26864e+06,5.29029e+06,21646.9
1,21,AttentionSplit,GPU,5.26864e+06,5.26864e+06,0
1,21,AttentionSum,GPU,5.26864e+06,5.26864e+06,0
1,21,AttentionGen,GPU,5.26864e+06,5.29029e+06,21646.9
1,21,AttentionMerge,GPU,5.29029e+06,5.29029e+06,0
1,21,attn_o_proj,GPU,5.29029e+06,5.29289e+06,2600.32
1,21,Linear,GPU,5.29029e+06,5.29289e+06,2600.32
1,21,all_reduce,GPU,5.29289e+06,5.29812e+06,5236.91
1,21,residual_1,GPU,5.29812e+06,5.29828e+06,158.854
1,21,post_attn_layer_norm,GPU,5.29828e+06,5.29844e+06,158.854
1,21,expertFFN,GPU,5.29844e+06,5.51546e+06,217017
1,21,sync_0,GPU,5.29844e+06,5.29844e+06,0
1,21,sync__set,GPU,5.29844e+06,5.29844e+06,0
1,21,sync__,GPU,5.29844e+06,5.29844e+06,0
1,21,gate_fn,GPU,5.29844e+06,5.29854e+06,97.9093
1,21,Linear,GPU,5.29844e+06,5.29854e+06,97.9093
1,21,gate_update,GPU,5.29854e+06,5.29854e+06,0
1,21,moe_scatter,GPU,5.29854e+06,5.29854e+06,0
1,21,sync_for_moe_scatter,GPU,5.29854e+06,5.29854e+06,0
1,21,sync__set,GPU,5.29854e+06,5.29854e+06,0
1,21,sync__,GPU,5.29854e+06,5.29854e+06,0
1,21,moe_route,GPU,5.29854e+06,5.29854e+06,0
1,21,expert_FFN_2,GPU,5.29854e+06,5.40423e+06,105694
1,21,gate_proj,GPU,5.29854e+06,5.33368e+06,35145.9
1,21,Linear,GPU,5.29854e+06,5.33368e+06,35145.9
1,21,activation,GPU,5.33368e+06,5.33394e+06,256.611
1,21,up_proj,GPU,5.33394e+06,5.36909e+06,35145.9
1,21,Linear,GPU,5.33394e+06,5.36909e+06,35145.9
1,21,down_proj,GPU,5.36909e+06,5.40423e+06,35145.9
1,21,Linear,GPU,5.36909e+06,5.40423e+06,35145.9
1,21,expert_FFN_3,GPU,5.40423e+06,5.50981e+06,105577
1,21,gate_proj,GPU,5.40423e+06,5.43936e+06,35123.9
1,21,Linear,GPU,5.40423e+06,5.43936e+06,35123.9
1,21,activation,GPU,5.43936e+06,5.43956e+06,205.289
1,21,up_proj,GPU,5.43956e+06,5.47469e+06,35123.9
1,21,Linear,GPU,5.43956e+06,5.47469e+06,35123.9
1,21,down_proj,GPU,5.47469e+06,5.50981e+06,35123.9
1,21,Linear,GPU,5.47469e+06,5.50981e+06,35123.9
1,21,sync_2,GPU,5.50981e+06,5.51022e+06,410.578
1,21,sync__set,GPU,5.50981e+06,5.50981e+06,0
1,21,sync__,GPU,5.50981e+06,5.51022e+06,410.578
1,21,moe_all_reduce_for_e_tp,GPU,5.51022e+06,5.51022e+06,0
1,21,sync_3,GPU,5.51022e+06,5.51022e+06,0
1,21,sync__set,GPU,5.51022e+06,5.51022e+06,0
1,21,sync__,GPU,5.51022e+06,5.51022e+06,0
1,21,moe_gather,GPU,5.51022e+06,5.51022e+06,0
1,21,sync_for_moe_gather,GPU,5.51022e+06,5.51022e+06,0
1,21,sync__set,GPU,5.51022e+06,5.51022e+06,0
1,21,sync__,GPU,5.51022e+06,5.51022e+06,0
1,21,moe_all_reduce_for_gather,GPU,5.51022e+06,5.51546e+06,5236.91
1,21,sync_5,GPU,5.51546e+06,5.51546e+06,0
1,21,sync__set,GPU,5.51546e+06,5.51546e+06,0
1,21,sync__,GPU,5.51546e+06,5.51546e+06,0
1,21,sync_6,GPU,5.51546e+06,5.51546e+06,0
1,21,sync__set,GPU,5.51546e+06,5.51546e+06,0
1,21,sync__,GPU,5.51546e+06,5.51546e+06,0
1,21,residual_2,GPU,5.51546e+06,5.51562e+06,158.854
1,22,MoE_decoder_22,GPU,5.51562e+06,5.76626e+06,250646
1,22,input_layer_norm,GPU,5.51562e+06,5.51578e+06,158.854
1,22,attention,GPU,5.51578e+06,5.54912e+06,33345.5
1,22,attn_qkv_proj,GPU,5.51578e+06,5.51964e+06,3861.38
1,22,Linear,GPU,5.51578e+06,5.51964e+06,3861.38
1,22,self_attention,GPU,5.51964e+06,5.54128e+06,21646.9
1,22,AttentionSplit,GPU,5.51964e+06,5.51964e+06,0
1,22,AttentionSum,GPU,5.51964e+06,5.51964e+06,0
1,22,AttentionGen,GPU,5.51964e+06,5.54128e+06,21646.9
1,22,AttentionMerge,GPU,5.54128e+06,5.54128e+06,0
1,22,attn_o_proj,GPU,5.54128e+06,5.54388e+06,2600.32
1,22,Linear,GPU,5.54128e+06,5.54388e+06,2600.32
1,22,all_reduce,GPU,5.54388e+06,5.54912e+06,5236.91
1,22,residual_1,GPU,5.54912e+06,5.54928e+06,158.854
1,22,post_attn_layer_norm,GPU,5.54928e+06,5.54944e+06,158.854
1,22,expertFFN,GPU,5.54944e+06,5.7661e+06,216665
1,22,sync_0,GPU,5.54944e+06,5.54944e+06,0
1,22,sync__set,GPU,5.54944e+06,5.54944e+06,0
1,22,sync__,GPU,5.54944e+06,5.54944e+06,0
1,22,gate_fn,GPU,5.54944e+06,5.54954e+06,97.9093
1,22,Linear,GPU,5.54944e+06,5.54954e+06,97.9093
1,22,gate_update,GPU,5.54954e+06,5.54954e+06,0
1,22,moe_scatter,GPU,5.54954e+06,5.54954e+06,0
1,22,sync_for_moe_scatter,GPU,5.54954e+06,5.54954e+06,0
1,22,sync__set,GPU,5.54954e+06,5.54954e+06,0
1,22,sync__,GPU,5.54954e+06,5.54954e+06,0
1,22,moe_route,GPU,5.54954e+06,5.54954e+06,0
1,22,expert_FFN_2,GPU,5.54954e+06,5.65517e+06,105636
1,22,gate_proj,GPU,5.54954e+06,5.58467e+06,35134.9
1,22,Linear,GPU,5.54954e+06,5.58467e+06,35134.9
1,22,activation,GPU,5.58467e+06,5.5849e+06,230.95
1,22,up_proj,GPU,5.5849e+06,5.62004e+06,35134.9
1,22,Linear,GPU,5.5849e+06,5.62004e+06,35134.9
1,22,down_proj,GPU,5.62004e+06,5.65517e+06,35134.9
1,22,Linear,GPU,5.62004e+06,5.65517e+06,35134.9
1,22,expert_FFN_3,GPU,5.65517e+06,5.76063e+06,105460
1,22,gate_proj,GPU,5.65517e+06,5.69027e+06,35101.9
1,22,Linear,GPU,5.65517e+06,5.69027e+06,35101.9
1,22,activation,GPU,5.69027e+06,5.69043e+06,153.967
1,22,up_proj,GPU,5.69043e+06,5.72553e+06,35101.9
1,22,Linear,GPU,5.69043e+06,5.72553e+06,35101.9
1,22,down_proj,GPU,5.72553e+06,5.76063e+06,35101.9
1,22,Linear,GPU,5.72553e+06,5.76063e+06,35101.9
1,22,sync_2,GPU,5.76063e+06,5.76087e+06,234.616
1,22,sync__set,GPU,5.76063e+06,5.76063e+06,0
1,22,sync__,GPU,5.76063e+06,5.76087e+06,234.616
1,22,moe_all_reduce_for_e_tp,GPU,5.76087e+06,5.76087e+06,0
1,22,sync_3,GPU,5.76087e+06,5.76087e+06,0
1,22,sync__set,GPU,5.76087e+06,5.76087e+06,0
1,22,sync__,GPU,5.76087e+06,5.76087e+06,0
1,22,moe_gather,GPU,5.76087e+06,5.76087e+06,0
1,22,sync_for_moe_gather,GPU,5.76087e+06,5.76087e+06,0
1,22,sync__set,GPU,5.76087e+06,5.76087e+06,0
1,22,sync__,GPU,5.76087e+06,5.76087e+06,0
1,22,moe_all_reduce_for_gather,GPU,5.76087e+06,5.7661e+06,5236.91
1,22,sync_5,GPU,5.7661e+06,5.7661e+06,0
1,22,sync__set,GPU,5.7661e+06,5.7661e+06,0
1,22,sync__,GPU,5.7661e+06,5.7661e+06,0
1,22,sync_6,GPU,5.7661e+06,5.7661e+06,0
1,22,sync__set,GPU,5.7661e+06,5.7661e+06,0
1,22,sync__,GPU,5.7661e+06,5.7661e+06,0
1,22,residual_2,GPU,5.7661e+06,5.76626e+06,158.854
1,23,MoE_decoder_23,GPU,5.76626e+06,6.01685e+06,250587
1,23,input_layer_norm,GPU,5.76626e+06,5.76642e+06,158.854
1,23,attention,GPU,5.76642e+06,5.79977e+06,33345.5
1,23,attn_qkv_proj,GPU,5.76642e+06,5.77028e+06,3861.38
1,23,Linear,GPU,5.76642e+06,5.77028e+06,3861.38
1,23,self_attention,GPU,5.77028e+06,5.79193e+06,21646.9
1,23,AttentionSplit,GPU,5.77028e+06,5.77028e+06,0
1,23,AttentionSum,GPU,5.77028e+06,5.77028e+06,0
1,23,AttentionGen,GPU,5.77028e+06,5.79193e+06,21646.9
1,23,AttentionMerge,GPU,5.79193e+06,5.79193e+06,0
1,23,attn_o_proj,GPU,5.79193e+06,5.79453e+06,2600.32
1,23,Linear,GPU,5.79193e+06,5.79453e+06,2600.32
1,23,all_reduce,GPU,5.79453e+06,5.79977e+06,5236.91
1,23,residual_1,GPU,5.79977e+06,5.79993e+06,158.854
1,23,post_attn_layer_norm,GPU,5.79993e+06,5.80008e+06,158.854
1,23,expertFFN,GPU,5.80008e+06,6.01669e+06,216606
1,23,sync_0,GPU,5.80008e+06,5.80008e+06,0
1,23,sync__set,GPU,5.80008e+06,5.80008e+06,0
1,23,sync__,GPU,5.80008e+06,5.80008e+06,0
1,23,gate_fn,GPU,5.80008e+06,5.80018e+06,97.9093
1,23,Linear,GPU,5.80008e+06,5.80018e+06,97.9093
1,23,gate_update,GPU,5.80018e+06,5.80018e+06,0
1,23,moe_scatter,GPU,5.80018e+06,5.80018e+06,0
1,23,sync_for_moe_scatter,GPU,5.80018e+06,5.80018e+06,0
1,23,sync__set,GPU,5.80018e+06,5.80018e+06,0
1,23,sync__,GPU,5.80018e+06,5.80018e+06,0
1,23,moe_route,GPU,5.80018e+06,5.80018e+06,0
1,23,expert_FFN_2,GPU,5.80018e+06,5.90553e+06,105342
1,23,gate_proj,GPU,5.80018e+06,5.83526e+06,35079.9
1,23,Linear,GPU,5.80018e+06,5.83526e+06,35079.9
1,23,activation,GPU,5.83526e+06,5.83537e+06,102.644
1,23,up_proj,GPU,5.83537e+06,5.87045e+06,35079.9
1,23,Linear,GPU,5.83537e+06,5.87045e+06,35079.9
1,23,down_proj,GPU,5.87045e+06,5.90553e+06,35079.9
1,23,Linear,GPU,5.87045e+06,5.90553e+06,35079.9
1,23,expert_FFN_3,GPU,5.90553e+06,6.01134e+06,105812
1,23,gate_proj,GPU,5.90553e+06,5.94069e+06,35167.9
1,23,Linear,GPU,5.90553e+06,5.94069e+06,35167.9
1,23,activation,GPU,5.94069e+06,5.941e+06,307.933
1,23,up_proj,GPU,5.941e+06,5.97617e+06,35167.9
1,23,Linear,GPU,5.941e+06,5.97617e+06,35167.9
1,23,down_proj,GPU,5.97617e+06,6.01134e+06,35167.9
1,23,Linear,GPU,5.97617e+06,6.01134e+06,35167.9
1,23,sync_2,GPU,6.01134e+06,6.01145e+06,117.308
1,23,sync__set,GPU,6.01134e+06,6.01134e+06,0
1,23,sync__,GPU,6.01134e+06,6.01145e+06,117.308
1,23,moe_all_reduce_for_e_tp,GPU,6.01145e+06,6.01145e+06,0
1,23,sync_3,GPU,6.01145e+06,6.01145e+06,0
1,23,sync__set,GPU,6.01145e+06,6.01145e+06,0
1,23,sync__,GPU,6.01145e+06,6.01145e+06,0
1,23,moe_gather,GPU,6.01145e+06,6.01145e+06,0
1,23,sync_for_moe_gather,GPU,6.01145e+06,6.01145e+06,0
1,23,sync__set,GPU,6.01145e+06,6.01145e+06,0
1,23,sync__,GPU,6.01145e+06,6.01145e+06,0
1,23,moe_all_reduce_for_gather,GPU,6.01145e+06,6.01669e+06,5236.91
1,23,sync_5,GPU,6.01669e+06,6.01669e+06,0
1,23,sync__set,GPU,6.01669e+06,6.01669e+06,0
1,23,sync__,GPU,6.01669e+06,6.01669e+06,0
1,23,sync_6,GPU,6.01669e+06,6.01669e+06,0
1,23,sync__set,GPU,6.01669e+06,6.01669e+06,0
1,23,sync__,GPU,6.01669e+06,6.01669e+06,0
1,23,residual_2,GPU,6.01669e+06,6.01685e+06,158.854
1,24,MoE_decoder_24,GPU,6.01685e+06,6.26761e+06,250763
1,24,input_layer_norm,GPU,6.01685e+06,6.01701e+06,158.854
1,24,attention,GPU,6.01701e+06,6.05035e+06,33345.5
1,24,attn_qkv_proj,GPU,6.01701e+06,6.02087e+06,3861.38
1,24,Linear,GPU,6.01701e+06,6.02087e+06,3861.38
1,24,self_attention,GPU,6.02087e+06,6.04252e+06,21646.9
1,24,AttentionSplit,GPU,6.02087e+06,6.02087e+06,0
1,24,AttentionSum,GPU,6.02087e+06,6.02087e+06,0
1,24,AttentionGen,GPU,6.02087e+06,6.04252e+06,21646.9
1,24,AttentionMerge,GPU,6.04252e+06,6.04252e+06,0
1,24,attn_o_proj,GPU,6.04252e+06,6.04512e+06,2600.32
1,24,Linear,GPU,6.04252e+06,6.04512e+06,2600.32
1,24,all_reduce,GPU,6.04512e+06,6.05035e+06,5236.91
1,24,residual_1,GPU,6.05035e+06,6.05051e+06,158.854
1,24,post_attn_layer_norm,GPU,6.05051e+06,6.05067e+06,158.854
1,24,expertFFN,GPU,6.05067e+06,6.26745e+06,216782
1,24,sync_0,GPU,6.05067e+06,6.05067e+06,0
1,24,sync__set,GPU,6.05067e+06,6.05067e+06,0
1,24,sync__,GPU,6.05067e+06,6.05067e+06,0
1,24,gate_fn,GPU,6.05067e+06,6.05077e+06,97.9093
1,24,Linear,GPU,6.05067e+06,6.05077e+06,97.9093
1,24,gate_update,GPU,6.05077e+06,6.05077e+06,0
1,24,moe_scatter,GPU,6.05077e+06,6.05077e+06,0
1,24,sync_for_moe_scatter,GPU,6.05077e+06,6.05077e+06,0
1,24,sync__set,GPU,6.05077e+06,6.05077e+06,0
1,24,sync__,GPU,6.05077e+06,6.05077e+06,0
1,24,moe_route,GPU,6.05077e+06,6.05077e+06,0
1,24,expert_FFN_2,GPU,6.05077e+06,6.15641e+06,105636
1,24,gate_proj,GPU,6.05077e+06,6.0859e+06,35134.9
1,24,Linear,GPU,6.05077e+06,6.0859e+06,35134.9
1,24,activation,GPU,6.0859e+06,6.08614e+06,230.95
1,24,up_proj,GPU,6.08614e+06,6.12127e+06,35134.9
1,24,Linear,GPU,6.08614e+06,6.12127e+06,35134.9
1,24,down_proj,GPU,6.12127e+06,6.15641e+06,35134.9
1,24,Linear,GPU,6.12127e+06,6.15641e+06,35134.9
1,24,expert_FFN_3,GPU,6.15641e+06,6.26198e+06,105577
1,24,gate_proj,GPU,6.15641e+06,6.19153e+06,35123.9
1,24,Linear,GPU,6.15641e+06,6.19153e+06,35123.9
1,24,activation,GPU,6.19153e+06,6.19173e+06,205.289
1,24,up_proj,GPU,6.19173e+06,6.22686e+06,35123.9
1,24,Linear,GPU,6.19173e+06,6.22686e+06,35123.9
1,24,down_proj,GPU,6.22686e+06,6.26198e+06,35123.9
1,24,Linear,GPU,6.22686e+06,6.26198e+06,35123.9
1,24,sync_2,GPU,6.26198e+06,6.26222e+06,234.616
1,24,sync__set,GPU,6.26198e+06,6.26198e+06,0
1,24,sync__,GPU,6.26198e+06,6.26222e+06,234.616
1,24,moe_all_reduce_for_e_tp,GPU,6.26222e+06,6.26222e+06,0
1,24,sync_3,GPU,6.26222e+06,6.26222e+06,0
1,24,sync__set,GPU,6.26222e+06,6.26222e+06,0
1,24,sync__,GPU,6.26222e+06,6.26222e+06,0
1,24,moe_gather,GPU,6.26222e+06,6.26222e+06,0
1,24,sync_for_moe_gather,GPU,6.26222e+06,6.26222e+06,0
1,24,sync__set,GPU,6.26222e+06,6.26222e+06,0
1,24,sync__,GPU,6.26222e+06,6.26222e+06,0
1,24,moe_all_reduce_for_gather,GPU,6.26222e+06,6.26745e+06,5236.91
1,24,sync_5,GPU,6.26745e+06,6.26745e+06,0
1,24,sync__set,GPU,6.26745e+06,6.26745e+06,0
1,24,sync__,GPU,6.26745e+06,6.26745e+06,0
1,24,sync_6,GPU,6.26745e+06,6.26745e+06,0
1,24,sync__set,GPU,6.26745e+06,6.26745e+06,0
1,24,sync__,GPU,6.26745e+06,6.26745e+06,0
1,24,residual_2,GPU,6.26745e+06,6.26761e+06,158.854
1,25,MoE_decoder_25,GPU,6.26761e+06,6.51826e+06,250646
1,25,input_layer_norm,GPU,6.26761e+06,6.26777e+06,158.854
1,25,attention,GPU,6.26777e+06,6.30112e+06,33345.5
1,25,attn_qkv_proj,GPU,6.26777e+06,6.27163e+06,3861.38
1,25,Linear,GPU,6.26777e+06,6.27163e+06,3861.38
1,25,self_attention,GPU,6.27163e+06,6.29328e+06,21646.9
1,25,AttentionSplit,GPU,6.27163e+06,6.27163e+06,0
1,25,AttentionSum,GPU,6.27163e+06,6.27163e+06,0
1,25,AttentionGen,GPU,6.27163e+06,6.29328e+06,21646.9
1,25,AttentionMerge,GPU,6.29328e+06,6.29328e+06,0
1,25,attn_o_proj,GPU,6.29328e+06,6.29588e+06,2600.32
1,25,Linear,GPU,6.29328e+06,6.29588e+06,2600.32
1,25,all_reduce,GPU,6.29588e+06,6.30112e+06,5236.91
1,25,residual_1,GPU,6.30112e+06,6.30128e+06,158.854
1,25,post_attn_layer_norm,GPU,6.30128e+06,6.30144e+06,158.854
1,25,expertFFN,GPU,6.30144e+06,6.5181e+06,216665
1,25,sync_0,GPU,6.30144e+06,6.30144e+06,0
1,25,sync__set,GPU,6.30144e+06,6.30144e+06,0
1,25,sync__,GPU,6.30144e+06,6.30144e+06,0
1,25,gate_fn,GPU,6.30144e+06,6.30153e+06,97.9093
1,25,Linear,GPU,6.30144e+06,6.30153e+06,97.9093
1,25,gate_update,GPU,6.30153e+06,6.30153e+06,0
1,25,moe_scatter,GPU,6.30153e+06,6.30153e+06,0
1,25,sync_for_moe_scatter,GPU,6.30153e+06,6.30153e+06,0
1,25,sync__set,GPU,6.30153e+06,6.30153e+06,0
1,25,sync__,GPU,6.30153e+06,6.30153e+06,0
1,25,moe_route,GPU,6.30153e+06,6.30153e+06,0
1,25,expert_FFN_2,GPU,6.30153e+06,6.40711e+06,105577
1,25,gate_proj,GPU,6.30153e+06,6.33666e+06,35123.9
1,25,Linear,GPU,6.30153e+06,6.33666e+06,35123.9
1,25,activation,GPU,6.33666e+06,6.33686e+06,205.289
1,25,up_proj,GPU,6.33686e+06,6.37199e+06,35123.9
1,25,Linear,GPU,6.33686e+06,6.37199e+06,35123.9
1,25,down_proj,GPU,6.37199e+06,6.40711e+06,35123.9
1,25,Linear,GPU,6.37199e+06,6.40711e+06,35123.9
1,25,expert_FFN_3,GPU,6.40711e+06,6.5128e+06,105694
1,25,gate_proj,GPU,6.40711e+06,6.44226e+06,35145.9
1,25,Linear,GPU,6.40711e+06,6.44226e+06,35145.9
1,25,activation,GPU,6.44226e+06,6.44251e+06,256.611
1,25,up_proj,GPU,6.44251e+06,6.47766e+06,35145.9
1,25,Linear,GPU,6.44251e+06,6.47766e+06,35145.9
1,25,down_proj,GPU,6.47766e+06,6.5128e+06,35145.9
1,25,Linear,GPU,6.47766e+06,6.5128e+06,35145.9
1,25,sync_2,GPU,6.5128e+06,6.51286e+06,58.6539
1,25,sync__set,GPU,6.5128e+06,6.5128e+06,0
1,25,sync__,GPU,6.5128e+06,6.51286e+06,58.6539
1,25,moe_all_reduce_for_e_tp,GPU,6.51286e+06,6.51286e+06,0
1,25,sync_3,GPU,6.51286e+06,6.51286e+06,0
1,25,sync__set,GPU,6.51286e+06,6.51286e+06,0
1,25,sync__,GPU,6.51286e+06,6.51286e+06,0
1,25,moe_gather,GPU,6.51286e+06,6.51286e+06,0
1,25,sync_for_moe_gather,GPU,6.51286e+06,6.51286e+06,0
1,25,sync__set,GPU,6.51286e+06,6.51286e+06,0
1,25,sync__,GPU,6.51286e+06,6.51286e+06,0
1,25,moe_all_reduce_for_gather,GPU,6.51286e+06,6.5181e+06,5236.91
1,25,sync_5,GPU,6.5181e+06,6.5181e+06,0
1,25,sync__set,GPU,6.5181e+06,6.5181e+06,0
1,25,sync__,GPU,6.5181e+06,6.5181e+06,0
1,25,sync_6,GPU,6.5181e+06,6.5181e+06,0
1,25,sync__set,GPU,6.5181e+06,6.5181e+06,0
1,25,sync__,GPU,6.5181e+06,6.5181e+06,0
1,25,residual_2,GPU,6.5181e+06,6.51826e+06,158.854
1,26,MoE_decoder_26,GPU,6.51826e+06,6.7689e+06,250646
1,26,input_layer_norm,GPU,6.51826e+06,6.51842e+06,158.854
1,26,attention,GPU,6.51842e+06,6.55176e+06,33345.5
1,26,attn_qkv_proj,GPU,6.51842e+06,6.52228e+06,3861.38
1,26,Linear,GPU,6.51842e+06,6.52228e+06,3861.38
1,26,self_attention,GPU,6.52228e+06,6.54393e+06,21646.9
1,26,AttentionSplit,GPU,6.52228e+06,6.52228e+06,0
1,26,AttentionSum,GPU,6.52228e+06,6.52228e+06,0
1,26,AttentionGen,GPU,6.52228e+06,6.54393e+06,21646.9
1,26,AttentionMerge,GPU,6.54393e+06,6.54393e+06,0
1,26,attn_o_proj,GPU,6.54393e+06,6.54653e+06,2600.32
1,26,Linear,GPU,6.54393e+06,6.54653e+06,2600.32
1,26,all_reduce,GPU,6.54653e+06,6.55176e+06,5236.91
1,26,residual_1,GPU,6.55176e+06,6.55192e+06,158.854
1,26,post_attn_layer_norm,GPU,6.55192e+06,6.55208e+06,158.854
1,26,expertFFN,GPU,6.55208e+06,6.76875e+06,216665
1,26,sync_0,GPU,6.55208e+06,6.55208e+06,0
1,26,sync__set,GPU,6.55208e+06,6.55208e+06,0
1,26,sync__,GPU,6.55208e+06,6.55208e+06,0
1,26,gate_fn,GPU,6.55208e+06,6.55218e+06,97.9093
1,26,Linear,GPU,6.55208e+06,6.55218e+06,97.9093
1,26,gate_update,GPU,6.55218e+06,6.55218e+06,0
1,26,moe_scatter,GPU,6.55218e+06,6.55218e+06,0
1,26,sync_for_moe_scatter,GPU,6.55218e+06,6.55218e+06,0
1,26,sync__set,GPU,6.55218e+06,6.55218e+06,0
1,26,sync__,GPU,6.55218e+06,6.55218e+06,0
1,26,moe_route,GPU,6.55218e+06,6.55218e+06,0
1,26,expert_FFN_2,GPU,6.55218e+06,6.65781e+06,105636
1,26,gate_proj,GPU,6.55218e+06,6.58731e+06,35134.9
1,26,Linear,GPU,6.55218e+06,6.58731e+06,35134.9
1,26,activation,GPU,6.58731e+06,6.58754e+06,230.95
1,26,up_proj,GPU,6.58754e+06,6.62268e+06,35134.9
1,26,Linear,GPU,6.58754e+06,6.62268e+06,35134.9
1,26,down_proj,GPU,6.62268e+06,6.65781e+06,35134.9
1,26,Linear,GPU,6.62268e+06,6.65781e+06,35134.9
1,26,expert_FFN_3,GPU,6.65781e+06,6.7631e+06,105284
1,26,gate_proj,GPU,6.65781e+06,6.69288e+06,35068.9
1,26,Linear,GPU,6.65781e+06,6.69288e+06,35068.9
1,26,activation,GPU,6.69288e+06,6.69296e+06,76.9833
1,26,up_proj,GPU,6.69296e+06,6.72803e+06,35068.9
1,26,Linear,GPU,6.69296e+06,6.72803e+06,35068.9
1,26,down_proj,GPU,6.72803e+06,6.7631e+06,35068.9
1,26,Linear,GPU,6.72803e+06,6.7631e+06,35068.9
1,26,sync_2,GPU,6.7631e+06,6.76351e+06,410.578
1,26,sync__set,GPU,6.7631e+06,6.7631e+06,0
1,26,sync__,GPU,6.7631e+06,6.76351e+06,410.578
1,26,moe_all_reduce_for_e_tp,GPU,6.76351e+06,6.76351e+06,0
1,26,sync_3,GPU,6.76351e+06,6.76351e+06,0
1,26,sync__set,GPU,6.76351e+06,6.76351e+06,0
1,26,sync__,GPU,6.76351e+06,6.76351e+06,0
1,26,moe_gather,GPU,6.76351e+06,6.76351e+06,0
1,26,sync_for_moe_gather,GPU,6.76351e+06,6.76351e+06,0
1,26,sync__set,GPU,6.76351e+06,6.76351e+06,0
1,26,sync__,GPU,6.76351e+06,6.76351e+06,0
1,26,moe_all_reduce_for_gather,GPU,6.76351e+06,6.76875e+06,5236.91
1,26,sync_5,GPU,6.76875e+06,6.76875e+06,0
1,26,sync__set,GPU,6.76875e+06,6.76875e+06,0
1,26,sync__,GPU,6.76875e+06,6.76875e+06,0
1,26,sync_6,GPU,6.76875e+06,6.76875e+06,0
1,26,sync__set,GPU,6.76875e+06,6.76875e+06,0
1,26,sync__,GPU,6.76875e+06,6.76875e+06,0
1,26,residual_2,GPU,6.76875e+06,6.7689e+06,158.854
1,27,MoE_decoder_27,GPU,6.7689e+06,7.01949e+06,250587
1,27,input_layer_norm,GPU,6.7689e+06,6.76906e+06,158.854
1,27,attention,GPU,6.76906e+06,6.80241e+06,33345.5
1,27,attn_qkv_proj,GPU,6.76906e+06,6.77292e+06,3861.38
1,27,Linear,GPU,6.76906e+06,6.77292e+06,3861.38
1,27,self_attention,GPU,6.77292e+06,6.79457e+06,21646.9
1,27,AttentionSplit,GPU,6.77292e+06,6.77292e+06,0
1,27,AttentionSum,GPU,6.77292e+06,6.77292e+06,0
1,27,AttentionGen,GPU,6.77292e+06,6.79457e+06,21646.9
1,27,AttentionMerge,GPU,6.79457e+06,6.79457e+06,0
1,27,attn_o_proj,GPU,6.79457e+06,6.79717e+06,2600.32
1,27,Linear,GPU,6.79457e+06,6.79717e+06,2600.32
1,27,all_reduce,GPU,6.79717e+06,6.80241e+06,5236.91
1,27,residual_1,GPU,6.80241e+06,6.80257e+06,158.854
1,27,post_attn_layer_norm,GPU,6.80257e+06,6.80273e+06,158.854
1,27,expertFFN,GPU,6.80273e+06,7.01933e+06,216606
1,27,sync_0,GPU,6.80273e+06,6.80273e+06,0
1,27,sync__set,GPU,6.80273e+06,6.80273e+06,0
1,27,sync__,GPU,6.80273e+06,6.80273e+06,0
1,27,gate_fn,GPU,6.80273e+06,6.80282e+06,97.9093
1,27,Linear,GPU,6.80273e+06,6.80282e+06,97.9093
1,27,gate_update,GPU,6.80282e+06,6.80282e+06,0
1,27,moe_scatter,GPU,6.80282e+06,6.80282e+06,0
1,27,sync_for_moe_scatter,GPU,6.80282e+06,6.80282e+06,0
1,27,sync__set,GPU,6.80282e+06,6.80282e+06,0
1,27,sync__,GPU,6.80282e+06,6.80282e+06,0
1,27,moe_route,GPU,6.80282e+06,6.80282e+06,0
1,27,expert_FFN_2,GPU,6.80282e+06,6.90834e+06,105518
1,27,gate_proj,GPU,6.80282e+06,6.83794e+06,35112.9
1,27,Linear,GPU,6.80282e+06,6.83794e+06,35112.9
1,27,activation,GPU,6.83794e+06,6.83812e+06,179.628
1,27,up_proj,GPU,6.83812e+06,6.87323e+06,35112.9
1,27,Linear,GPU,6.83812e+06,6.87323e+06,35112.9
1,27,down_proj,GPU,6.87323e+06,6.90834e+06,35112.9
1,27,Linear,GPU,6.87323e+06,6.90834e+06,35112.9
1,27,expert_FFN_3,GPU,6.90834e+06,7.01386e+06,105518
1,27,gate_proj,GPU,6.90834e+06,6.94346e+06,35112.9
1,27,Linear,GPU,6.90834e+06,6.94346e+06,35112.9
1,27,activation,GPU,6.94346e+06,6.94364e+06,179.628
1,27,up_proj,GPU,6.94364e+06,6.97875e+06,35112.9
1,27,Linear,GPU,6.94364e+06,6.97875e+06,35112.9
1,27,down_proj,GPU,6.97875e+06,7.01386e+06,35112.9
1,27,Linear,GPU,6.97875e+06,7.01386e+06,35112.9
1,27,sync_2,GPU,7.01386e+06,7.0141e+06,234.616
1,27,sync__set,GPU,7.01386e+06,7.01386e+06,0
1,27,sync__,GPU,7.01386e+06,7.0141e+06,234.616
1,27,moe_all_reduce_for_e_tp,GPU,7.0141e+06,7.0141e+06,0
1,27,sync_3,GPU,7.0141e+06,7.0141e+06,0
1,27,sync__set,GPU,7.0141e+06,7.0141e+06,0
1,27,sync__,GPU,7.0141e+06,7.0141e+06,0
1,27,moe_gather,GPU,7.0141e+06,7.0141e+06,0
1,27,sync_for_moe_gather,GPU,7.0141e+06,7.0141e+06,0
1,27,sync__set,GPU,7.0141e+06,7.0141e+06,0
1,27,sync__,GPU,7.0141e+06,7.0141e+06,0
1,27,moe_all_reduce_for_gather,GPU,7.0141e+06,7.01933e+06,5236.91
1,27,sync_5,GPU,7.01933e+06,7.01933e+06,0
1,27,sync__set,GPU,7.01933e+06,7.01933e+06,0
1,27,sync__,GPU,7.01933e+06,7.01933e+06,0
1,27,sync_6,GPU,7.01933e+06,7.01933e+06,0
1,27,sync__set,GPU,7.01933e+06,7.01933e+06,0
1,27,sync__,GPU,7.01933e+06,7.01933e+06,0
1,27,residual_2,GPU,7.01933e+06,7.01949e+06,158.854
1,28,MoE_decoder_28,GPU,7.01949e+06,7.2702e+06,250705
1,28,input_layer_norm,GPU,7.01949e+06,7.01965e+06,158.854
1,28,attention,GPU,7.01965e+06,7.053e+06,33345.5
1,28,attn_qkv_proj,GPU,7.01965e+06,7.02351e+06,3861.38
1,28,Linear,GPU,7.01965e+06,7.02351e+06,3861.38
1,28,self_attention,GPU,7.02351e+06,7.04516e+06,21646.9
1,28,AttentionSplit,GPU,7.02351e+06,7.02351e+06,0
1,28,AttentionSum,GPU,7.02351e+06,7.02351e+06,0
1,28,AttentionGen,GPU,7.02351e+06,7.04516e+06,21646.9
1,28,AttentionMerge,GPU,7.04516e+06,7.04516e+06,0
1,28,attn_o_proj,GPU,7.04516e+06,7.04776e+06,2600.32
1,28,Linear,GPU,7.04516e+06,7.04776e+06,2600.32
1,28,all_reduce,GPU,7.04776e+06,7.053e+06,5236.91
1,28,residual_1,GPU,7.053e+06,7.05316e+06,158.854
1,28,post_attn_layer_norm,GPU,7.05316e+06,7.05331e+06,158.854
1,28,expertFFN,GPU,7.05331e+06,7.27004e+06,216724
1,28,sync_0,GPU,7.05331e+06,7.05331e+06,0
1,28,sync__set,GPU,7.05331e+06,7.05331e+06,0
1,28,sync__,GPU,7.05331e+06,7.05331e+06,0
1,28,gate_fn,GPU,7.05331e+06,7.05341e+06,97.9093
1,28,Linear,GPU,7.05331e+06,7.05341e+06,97.9093
1,28,gate_update,GPU,7.05341e+06,7.05341e+06,0
1,28,moe_scatter,GPU,7.05341e+06,7.05341e+06,0
1,28,sync_for_moe_scatter,GPU,7.05341e+06,7.05341e+06,0
1,28,sync__set,GPU,7.05341e+06,7.05341e+06,0
1,28,sync__,GPU,7.05341e+06,7.05341e+06,0
1,28,moe_route,GPU,7.05341e+06,7.05341e+06,0
1,28,expert_FFN_2,GPU,7.05341e+06,7.15905e+06,105636
1,28,gate_proj,GPU,7.05341e+06,7.08855e+06,35134.9
1,28,Linear,GPU,7.05341e+06,7.08855e+06,35134.9
1,28,activation,GPU,7.08855e+06,7.08878e+06,230.95
1,28,up_proj,GPU,7.08878e+06,7.12391e+06,35134.9
1,28,Linear,GPU,7.08878e+06,7.12391e+06,35134.9
1,28,down_proj,GPU,7.12391e+06,7.15905e+06,35134.9
1,28,Linear,GPU,7.12391e+06,7.15905e+06,35134.9
1,28,expert_FFN_3,GPU,7.15905e+06,7.26468e+06,105636
1,28,gate_proj,GPU,7.15905e+06,7.19418e+06,35134.9
1,28,Linear,GPU,7.15905e+06,7.19418e+06,35134.9
1,28,activation,GPU,7.19418e+06,7.19441e+06,230.95
1,28,up_proj,GPU,7.19441e+06,7.22955e+06,35134.9
1,28,Linear,GPU,7.19441e+06,7.22955e+06,35134.9
1,28,down_proj,GPU,7.22955e+06,7.26468e+06,35134.9
1,28,Linear,GPU,7.22955e+06,7.26468e+06,35134.9
1,28,sync_2,GPU,7.26468e+06,7.2648e+06,117.308
1,28,sync__set,GPU,7.26468e+06,7.26468e+06,0
1,28,sync__,GPU,7.26468e+06,7.2648e+06,117.308
1,28,moe_all_reduce_for_e_tp,GPU,7.2648e+06,7.2648e+06,0
1,28,sync_3,GPU,7.2648e+06,7.2648e+06,0
1,28,sync__set,GPU,7.2648e+06,7.2648e+06,0
1,28,sync__,GPU,7.2648e+06,7.2648e+06,0
1,28,moe_gather,GPU,7.2648e+06,7.2648e+06,0
1,28,sync_for_moe_gather,GPU,7.2648e+06,7.2648e+06,0
1,28,sync__set,GPU,7.2648e+06,7.2648e+06,0
1,28,sync__,GPU,7.2648e+06,7.2648e+06,0
1,28,moe_all_reduce_for_gather,GPU,7.2648e+06,7.27004e+06,5236.91
1,28,sync_5,GPU,7.27004e+06,7.27004e+06,0
1,28,sync__set,GPU,7.27004e+06,7.27004e+06,0
1,28,sync__,GPU,7.27004e+06,7.27004e+06,0
1,28,sync_6,GPU,7.27004e+06,7.27004e+06,0
1,28,sync__set,GPU,7.27004e+06,7.27004e+06,0
1,28,sync__,GPU,7.27004e+06,7.27004e+06,0
1,28,residual_2,GPU,7.27004e+06,7.2702e+06,158.854
1,29,MoE_decoder_29,GPU,7.2702e+06,7.52084e+06,250646
1,29,input_layer_norm,GPU,7.2702e+06,7.27036e+06,158.854
1,29,attention,GPU,7.27036e+06,7.3037e+06,33345.5
1,29,attn_qkv_proj,GPU,7.27036e+06,7.27422e+06,3861.38
1,29,Linear,GPU,7.27036e+06,7.27422e+06,3861.38
1,29,self_attention,GPU,7.27422e+06,7.29586e+06,21646.9
1,29,AttentionSplit,GPU,7.27422e+06,7.27422e+06,0
1,29,AttentionSum,GPU,7.27422e+06,7.27422e+06,0
1,29,AttentionGen,GPU,7.27422e+06,7.29586e+06,21646.9
1,29,AttentionMerge,GPU,7.29586e+06,7.29586e+06,0
1,29,attn_o_proj,GPU,7.29586e+06,7.29846e+06,2600.32
1,29,Linear,GPU,7.29586e+06,7.29846e+06,2600.32
1,29,all_reduce,GPU,7.29846e+06,7.3037e+06,5236.91
1,29,residual_1,GPU,7.3037e+06,7.30386e+06,158.854
1,29,post_attn_layer_norm,GPU,7.30386e+06,7.30402e+06,158.854
1,29,expertFFN,GPU,7.30402e+06,7.52068e+06,216665
1,29,sync_0,GPU,7.30402e+06,7.30402e+06,0
1,29,sync__set,GPU,7.30402e+06,7.30402e+06,0
1,29,sync__,GPU,7.30402e+06,7.30402e+06,0
1,29,gate_fn,GPU,7.30402e+06,7.30412e+06,97.9093
1,29,Linear,GPU,7.30402e+06,7.30412e+06,97.9093
1,29,gate_update,GPU,7.30412e+06,7.30412e+06,0
1,29,moe_scatter,GPU,7.30412e+06,7.30412e+06,0
1,29,sync_for_moe_scatter,GPU,7.30412e+06,7.30412e+06,0
1,29,sync__set,GPU,7.30412e+06,7.30412e+06,0
1,29,sync__,GPU,7.30412e+06,7.30412e+06,0
1,29,moe_route,GPU,7.30412e+06,7.30412e+06,0
1,29,expert_FFN_2,GPU,7.30412e+06,7.40987e+06,105753
1,29,gate_proj,GPU,7.30412e+06,7.33927e+06,35156.9
1,29,Linear,GPU,7.30412e+06,7.33927e+06,35156.9
1,29,activation,GPU,7.33927e+06,7.33956e+06,282.272
1,29,up_proj,GPU,7.33956e+06,7.37471e+06,35156.9
1,29,Linear,GPU,7.33956e+06,7.37471e+06,35156.9
1,29,down_proj,GPU,7.37471e+06,7.40987e+06,35156.9
1,29,Linear,GPU,7.37471e+06,7.40987e+06,35156.9
1,29,expert_FFN_3,GPU,7.40987e+06,7.51545e+06,105577
1,29,gate_proj,GPU,7.40987e+06,7.44499e+06,35123.9
1,29,Linear,GPU,7.40987e+06,7.44499e+06,35123.9
1,29,activation,GPU,7.44499e+06,7.4452e+06,205.289
1,29,up_proj,GPU,7.4452e+06,7.48032e+06,35123.9
1,29,Linear,GPU,7.4452e+06,7.48032e+06,35123.9
1,29,down_proj,GPU,7.48032e+06,7.51545e+06,35123.9
1,29,Linear,GPU,7.48032e+06,7.51545e+06,35123.9
1,29,sync_2,GPU,7.51545e+06,7.51545e+06,0
1,29,sync__set,GPU,7.51545e+06,7.51545e+06,0
1,29,sync__,GPU,7.51545e+06,7.51545e+06,0
1,29,moe_all_reduce_for_e_tp,GPU,7.51545e+06,7.51545e+06,0
1,29,sync_3,GPU,7.51545e+06,7.51545e+06,0
1,29,sync__set,GPU,7.51545e+06,7.51545e+06,0
1,29,sync__,GPU,7.51545e+06,7.51545e+06,0
1,29,moe_gather,GPU,7.51545e+06,7.51545e+06,0
1,29,sync_for_moe_gather,GPU,7.51545e+06,7.51545e+06,0
1,29,sync__set,GPU,7.51545e+06,7.51545e+06,0
1,29,sync__,GPU,7.51545e+06,7.51545e+06,0
1,29,moe_all_reduce_for_gather,GPU,7.51545e+06,7.52068e+06,5236.91
1,29,sync_5,GPU,7.52068e+06,7.52068e+06,0
1,29,sync__set,GPU,7.52068e+06,7.52068e+06,0
1,29,sync__,GPU,7.52068e+06,7.52068e+06,0
1,29,sync_6,GPU,7.52068e+06,7.52068e+06,0
1,29,sync__set,GPU,7.52068e+06,7.52068e+06,0
1,29,sync__,GPU,7.52068e+06,7.52068e+06,0
1,29,residual_2,GPU,7.52068e+06,7.52084e+06,158.854
1,30,MoE_decoder_30,GPU,7.52084e+06,7.77161e+06,250763
1,30,input_layer_norm,GPU,7.52084e+06,7.521e+06,158.854
1,30,attention,GPU,7.521e+06,7.55435e+06,33345.5
1,30,attn_qkv_proj,GPU,7.521e+06,7.52486e+06,3861.38
1,30,Linear,GPU,7.521e+06,7.52486e+06,3861.38
1,30,self_attention,GPU,7.52486e+06,7.54651e+06,21646.9
1,30,AttentionSplit,GPU,7.52486e+06,7.52486e+06,0
1,30,AttentionSum,GPU,7.52486e+06,7.52486e+06,0
1,30,AttentionGen,GPU,7.52486e+06,7.54651e+06,21646.9
1,30,AttentionMerge,GPU,7.54651e+06,7.54651e+06,0
1,30,attn_o_proj,GPU,7.54651e+06,7.54911e+06,2600.32
1,30,Linear,GPU,7.54651e+06,7.54911e+06,2600.32
1,30,all_reduce,GPU,7.54911e+06,7.55435e+06,5236.91
1,30,residual_1,GPU,7.55435e+06,7.55451e+06,158.854
1,30,post_attn_layer_norm,GPU,7.55451e+06,7.55466e+06,158.854
1,30,expertFFN,GPU,7.55466e+06,7.77145e+06,216782
1,30,sync_0,GPU,7.55466e+06,7.55466e+06,0
1,30,sync__set,GPU,7.55466e+06,7.55466e+06,0
1,30,sync__,GPU,7.55466e+06,7.55466e+06,0
1,30,gate_fn,GPU,7.55466e+06,7.55476e+06,97.9093
1,30,Linear,GPU,7.55466e+06,7.55476e+06,97.9093
1,30,gate_update,GPU,7.55476e+06,7.55476e+06,0
1,30,moe_scatter,GPU,7.55476e+06,7.55476e+06,0
1,30,sync_for_moe_scatter,GPU,7.55476e+06,7.55476e+06,0
1,30,sync__set,GPU,7.55476e+06,7.55476e+06,0
1,30,sync__,GPU,7.55476e+06,7.55476e+06,0
1,30,moe_route,GPU,7.55476e+06,7.55476e+06,0
1,30,expert_FFN_2,GPU,7.55476e+06,7.66052e+06,105753
1,30,gate_proj,GPU,7.55476e+06,7.58992e+06,35156.9
1,30,Linear,GPU,7.55476e+06,7.58992e+06,35156.9
1,30,activation,GPU,7.58992e+06,7.5902e+06,282.272
1,30,up_proj,GPU,7.5902e+06,7.62536e+06,35156.9
1,30,Linear,GPU,7.5902e+06,7.62536e+06,35156.9
1,30,down_proj,GPU,7.62536e+06,7.66052e+06,35156.9
1,30,Linear,GPU,7.62536e+06,7.66052e+06,35156.9
1,30,expert_FFN_3,GPU,7.66052e+06,7.76621e+06,105694
1,30,gate_proj,GPU,7.66052e+06,7.69566e+06,35145.9
1,30,Linear,GPU,7.66052e+06,7.69566e+06,35145.9
1,30,activation,GPU,7.69566e+06,7.69592e+06,256.611
1,30,up_proj,GPU,7.69592e+06,7.73106e+06,35145.9
1,30,Linear,GPU,7.69592e+06,7.73106e+06,35145.9
1,30,down_proj,GPU,7.73106e+06,7.76621e+06,35145.9
1,30,Linear,GPU,7.73106e+06,7.76621e+06,35145.9
1,30,sync_2,GPU,7.76621e+06,7.76621e+06,0
1,30,sync__set,GPU,7.76621e+06,7.76621e+06,0
1,30,sync__,GPU,7.76621e+06,7.76621e+06,0
1,30,moe_all_reduce_for_e_tp,GPU,7.76621e+06,7.76621e+06,0
1,30,sync_3,GPU,7.76621e+06,7.76621e+06,0
1,30,sync__set,GPU,7.76621e+06,7.76621e+06,0
1,30,sync__,GPU,7.76621e+06,7.76621e+06,0
1,30,moe_gather,GPU,7.76621e+06,7.76621e+06,0
1,30,sync_for_moe_gather,GPU,7.76621e+06,7.76621e+06,0
1,30,sync__set,GPU,7.76621e+06,7.76621e+06,0
1,30,sync__,GPU,7.76621e+06,7.76621e+06,0
1,30,moe_all_reduce_for_gather,GPU,7.76621e+06,7.77145e+06,5236.91
1,30,sync_5,GPU,7.77145e+06,7.77145e+06,0
1,30,sync__set,GPU,7.77145e+06,7.77145e+06,0
1,30,sync__,GPU,7.77145e+06,7.77145e+06,0
1,30,sync_6,GPU,7.77145e+06,7.77145e+06,0
1,30,sync__set,GPU,7.77145e+06,7.77145e+06,0
1,30,sync__,GPU,7.77145e+06,7.77145e+06,0
1,30,residual_2,GPU,7.77145e+06,7.77161e+06,158.854
1,31,MoE_decoder_31,GPU,7.77161e+06,8.02225e+06,250646
1,31,input_layer_norm,GPU,7.77161e+06,7.77176e+06,158.854
1,31,attention,GPU,7.77176e+06,7.80511e+06,33345.5
1,31,attn_qkv_proj,GPU,7.77176e+06,7.77563e+06,3861.38
1,31,Linear,GPU,7.77176e+06,7.77563e+06,3861.38
1,31,self_attention,GPU,7.77563e+06,7.79727e+06,21646.9
1,31,AttentionSplit,GPU,7.77563e+06,7.77563e+06,0
1,31,AttentionSum,GPU,7.77563e+06,7.77563e+06,0
1,31,AttentionGen,GPU,7.77563e+06,7.79727e+06,21646.9
1,31,AttentionMerge,GPU,7.79727e+06,7.79727e+06,0
1,31,attn_o_proj,GPU,7.79727e+06,7.79987e+06,2600.32
1,31,Linear,GPU,7.79727e+06,7.79987e+06,2600.32
1,31,all_reduce,GPU,7.79987e+06,7.80511e+06,5236.91
1,31,residual_1,GPU,7.80511e+06,7.80527e+06,158.854
1,31,post_attn_layer_norm,GPU,7.80527e+06,7.80543e+06,158.854
1,31,expertFFN,GPU,7.80543e+06,8.02209e+06,216665
1,31,sync_0,GPU,7.80543e+06,7.80543e+06,0
1,31,sync__set,GPU,7.80543e+06,7.80543e+06,0
1,31,sync__,GPU,7.80543e+06,7.80543e+06,0
1,31,gate_fn,GPU,7.80543e+06,7.80553e+06,97.9093
1,31,Linear,GPU,7.80543e+06,7.80553e+06,97.9093
1,31,gate_update,GPU,7.80553e+06,7.80553e+06,0
1,31,moe_scatter,GPU,7.80553e+06,7.80553e+06,0
1,31,sync_for_moe_scatter,GPU,7.80553e+06,7.80553e+06,0
1,31,sync__set,GPU,7.80553e+06,7.80553e+06,0
1,31,sync__,GPU,7.80553e+06,7.80553e+06,0
1,31,moe_route,GPU,7.80553e+06,7.80553e+06,0
1,31,expert_FFN_2,GPU,7.80553e+06,7.9111e+06,105577
1,31,gate_proj,GPU,7.80553e+06,7.84065e+06,35123.9
1,31,Linear,GPU,7.80553e+06,7.84065e+06,35123.9
1,31,activation,GPU,7.84065e+06,7.84085e+06,205.289
1,31,up_proj,GPU,7.84085e+06,7.87598e+06,35123.9
1,31,Linear,GPU,7.84085e+06,7.87598e+06,35123.9
1,31,down_proj,GPU,7.87598e+06,7.9111e+06,35123.9
1,31,Linear,GPU,7.87598e+06,7.9111e+06,35123.9
1,31,expert_FFN_3,GPU,7.9111e+06,8.01656e+06,105460
1,31,gate_proj,GPU,7.9111e+06,7.9462e+06,35101.9
1,31,Linear,GPU,7.9111e+06,7.9462e+06,35101.9
1,31,activation,GPU,7.9462e+06,7.94636e+06,153.967
1,31,up_proj,GPU,7.94636e+06,7.98146e+06,35101.9
1,31,Linear,GPU,7.94636e+06,7.98146e+06,35101.9
1,31,down_proj,GPU,7.98146e+06,8.01656e+06,35101.9
1,31,Linear,GPU,7.98146e+06,8.01656e+06,35101.9
1,31,sync_2,GPU,8.01656e+06,8.01686e+06,293.27
1,31,sync__set,GPU,8.01656e+06,8.01656e+06,0
1,31,sync__,GPU,8.01656e+06,8.01686e+06,293.27
1,31,moe_all_reduce_for_e_tp,GPU,8.01686e+06,8.01686e+06,0
1,31,sync_3,GPU,8.01686e+06,8.01686e+06,0
1,31,sync__set,GPU,8.01686e+06,8.01686e+06,0
1,31,sync__,GPU,8.01686e+06,8.01686e+06,0
1,31,moe_gather,GPU,8.01686e+06,8.01686e+06,0
1,31,sync_for_moe_gather,GPU,8.01686e+06,8.01686e+06,0
1,31,sync__set,GPU,8.01686e+06,8.01686e+06,0
1,31,sync__,GPU,8.01686e+06,8.01686e+06,0
1,31,moe_all_reduce_for_gather,GPU,8.01686e+06,8.02209e+06,5236.91
1,31,sync_5,GPU,8.02209e+06,8.02209e+06,0
1,31,sync__set,GPU,8.02209e+06,8.02209e+06,0
1,31,sync__,GPU,8.02209e+06,8.02209e+06,0
1,31,sync_6,GPU,8.02209e+06,8.02209e+06,0
1,31,sync__set,GPU,8.02209e+06,8.02209e+06,0
1,31,sync__,GPU,8.02209e+06,8.02209e+06,0
1,31,residual_2,GPU,8.02209e+06,8.02225e+06,158.854
2,0,MoE_decoder_0,GPU,0,250646,250646
2,0,input_layer_norm,GPU,0,158.854,158.854
2,0,attention,GPU,158.854,33504.3,33345.5
2,0,attn_qkv_proj,GPU,158.854,4020.24,3861.38
2,0,Linear,GPU,158.854,4020.24,3861.38
2,0,self_attention,GPU,4020.24,25667.1,21646.9
2,0,AttentionSplit,GPU,4020.24,4020.24,0
2,0,AttentionSum,GPU,4020.24,4020.24,0
2,0,AttentionGen,GPU,4020.24,25667.1,21646.9
2,0,AttentionMerge,GPU,25667.1,25667.1,0
2,0,attn_o_proj,GPU,25667.1,28267.4,2600.32
2,0,Linear,GPU,25667.1,28267.4,2600.32
2,0,all_reduce,GPU,28267.4,33504.3,5236.91
2,0,residual_1,GPU,33504.3,33663.2,158.854
2,0,post_attn_layer_norm,GPU,33663.2,33822.1,158.854
2,0,expertFFN,GPU,33822.1,250487,216665
2,0,sync_0,GPU,33822.1,33822.1,0
2,0,sync__set,GPU,33822.1,33822.1,0
2,0,sync__,GPU,33822.1,33822.1,0
2,0,gate_fn,GPU,33822.1,33920,97.9093
2,0,Linear,GPU,33822.1,33920,97.9093
2,0,gate_update,GPU,33920,33920,0
2,0,moe_scatter,GPU,33920,33920,0
2,0,sync_for_moe_scatter,GPU,33920,33920,0
2,0,sync__set,GPU,33920,33920,0
2,0,sync__,GPU,33920,33920,0
2,0,moe_route,GPU,33920,33920,0
2,0,expert_FFN_4,GPU,33920,139673,105753
2,0,gate_proj,GPU,33920,69076.9,35156.9
2,0,Linear,GPU,33920,69076.9,35156.9
2,0,activation,GPU,69076.9,69359.2,282.272
2,0,up_proj,GPU,69359.2,104516,35156.9
2,0,Linear,GPU,69359.2,104516,35156.9
2,0,down_proj,GPU,104516,139673,35156.9
2,0,Linear,GPU,104516,139673,35156.9
2,0,expert_FFN_5,GPU,139673,245133,105460
2,0,gate_proj,GPU,139673,174775,35101.9
2,0,Linear,GPU,139673,174775,35101.9
2,0,activation,GPU,174775,174929,153.967
2,0,up_proj,GPU,174929,210031,35101.9
2,0,Linear,GPU,174929,210031,35101.9
2,0,down_proj,GPU,210031,245133,35101.9
2,0,Linear,GPU,210031,245133,35101.9
2,0,sync_2,GPU,245133,245250,117.308
2,0,sync__set,GPU,245133,245133,0
2,0,sync__,GPU,245133,245250,117.308
2,0,moe_all_reduce_for_e_tp,GPU,245250,245250,0
2,0,sync_3,GPU,245250,245250,0
2,0,sync__set,GPU,245250,245250,0
2,0,sync__,GPU,245250,245250,0
2,0,moe_gather,GPU,245250,245250,0
2,0,sync_for_moe_gather,GPU,245250,245250,0
2,0,sync__set,GPU,245250,245250,0
2,0,sync__,GPU,245250,245250,0
2,0,moe_all_reduce_for_gather,GPU,245250,250487,5236.91
2,0,sync_5,GPU,250487,250487,0
2,0,sync__set,GPU,250487,250487,0
2,0,sync__,GPU,250487,250487,0
2,0,sync_6,GPU,250487,250487,0
2,0,sync__set,GPU,250487,250487,0
2,0,sync__,GPU,250487,250487,0
2,0,residual_2,GPU,250487,250646,158.854
2,1,MoE_decoder_1,GPU,250646,501292,250646
2,1,input_layer_norm,GPU,250646,250805,158.854
2,1,attention,GPU,250805,284150,33345.5
2,1,attn_qkv_proj,GPU,250805,254666,3861.38
2,1,Linear,GPU,250805,254666,3861.38
2,1,self_attention,GPU,254666,276313,21646.9
2,1,AttentionSplit,GPU,254666,254666,0
2,1,AttentionSum,GPU,254666,254666,0
2,1,AttentionGen,GPU,254666,276313,21646.9
2,1,AttentionMerge,GPU,276313,276313,0
2,1,attn_o_proj,GPU,276313,278913,2600.32
2,1,Linear,GPU,276313,278913,2600.32
2,1,all_reduce,GPU,278913,284150,5236.91
2,1,residual_1,GPU,284150,284309,158.854
2,1,post_attn_layer_norm,GPU,284309,284468,158.854
2,1,expertFFN,GPU,284468,501133,216665
2,1,sync_0,GPU,284468,284468,0
2,1,sync__set,GPU,284468,284468,0
2,1,sync__,GPU,284468,284468,0
2,1,gate_fn,GPU,284468,284566,97.9093
2,1,Linear,GPU,284468,284566,97.9093
2,1,gate_update,GPU,284566,284566,0
2,1,moe_scatter,GPU,284566,284566,0
2,1,sync_for_moe_scatter,GPU,284566,284566,0
2,1,sync__set,GPU,284566,284566,0
2,1,sync__,GPU,284566,284566,0
2,1,moe_route,GPU,284566,284566,0
2,1,expert_FFN_4,GPU,284566,390378,105812
2,1,gate_proj,GPU,284566,319734,35167.9
2,1,Linear,GPU,284566,319734,35167.9
2,1,activation,GPU,319734,320042,307.933
2,1,up_proj,GPU,320042,355210,35167.9
2,1,Linear,GPU,320042,355210,35167.9
2,1,down_proj,GPU,355210,390378,35167.9
2,1,Linear,GPU,355210,390378,35167.9
2,1,expert_FFN_5,GPU,390378,495720,105342
2,1,gate_proj,GPU,390378,425457,35079.9
2,1,Linear,GPU,390378,425457,35079.9
2,1,activation,GPU,425457,425560,102.644
2,1,up_proj,GPU,425560,460640,35079.9
2,1,Linear,GPU,425560,460640,35079.9
2,1,down_proj,GPU,460640,495720,35079.9
2,1,Linear,GPU,460640,495720,35079.9
2,1,sync_2,GPU,495720,495896,175.962
2,1,sync__set,GPU,495720,495720,0
2,1,sync__,GPU,495720,495896,175.962
2,1,moe_all_reduce_for_e_tp,GPU,495896,495896,0
2,1,sync_3,GPU,495896,495896,0
2,1,sync__set,GPU,495896,495896,0
2,1,sync__,GPU,495896,495896,0
2,1,moe_gather,GPU,495896,495896,0
2,1,sync_for_moe_gather,GPU,495896,495896,0
2,1,sync__set,GPU,495896,495896,0
2,1,sync__,GPU,495896,495896,0
2,1,moe_all_reduce_for_gather,GPU,495896,501133,5236.91
2,1,sync_5,GPU,501133,501133,0
2,1,sync__set,GPU,501133,501133,0
2,1,sync__,GPU,501133,501133,0
2,1,sync_6,GPU,501133,501133,0
2,1,sync__set,GPU,501133,501133,0
2,1,sync__,GPU,501133,501133,0
2,1,residual_2,GPU,501133,501292,158.854
2,2,MoE_decoder_2,GPU,501292,752172,250880
2,2,input_layer_norm,GPU,501292,501451,158.854
2,2,attention,GPU,501451,534796,33345.5
2,2,attn_qkv_proj,GPU,501451,505312,3861.38
2,2,Linear,GPU,501451,505312,3861.38
2,2,self_attention,GPU,505312,526959,21646.9
2,2,AttentionSplit,GPU,505312,505312,0
2,2,AttentionSum,GPU,505312,505312,0
2,2,AttentionGen,GPU,505312,526959,21646.9
2,2,AttentionMerge,GPU,526959,526959,0
2,2,attn_o_proj,GPU,526959,529559,2600.32
2,2,Linear,GPU,526959,529559,2600.32
2,2,all_reduce,GPU,529559,534796,5236.91
2,2,residual_1,GPU,534796,534955,158.854
2,2,post_attn_layer_norm,GPU,534955,535114,158.854
2,2,expertFFN,GPU,535114,752013,216900
2,2,sync_0,GPU,535114,535114,0
2,2,sync__set,GPU,535114,535114,0
2,2,sync__,GPU,535114,535114,0
2,2,gate_fn,GPU,535114,535212,97.9093
2,2,Linear,GPU,535114,535212,97.9093
2,2,gate_update,GPU,535212,535212,0
2,2,moe_scatter,GPU,535212,535212,0
2,2,sync_for_moe_scatter,GPU,535212,535212,0
2,2,sync__set,GPU,535212,535212,0
2,2,sync__,GPU,535212,535212,0
2,2,moe_route,GPU,535212,535212,0
2,2,expert_FFN_4,GPU,535212,640613,105401
2,2,gate_proj,GPU,535212,570303,35090.9
2,2,Linear,GPU,535212,570303,35090.9
2,2,activation,GPU,570303,570431,128.305
2,2,up_proj,GPU,570431,605522,35090.9
2,2,Linear,GPU,570431,605522,35090.9
2,2,down_proj,GPU,605522,640613,35090.9
2,2,Linear,GPU,605522,640613,35090.9
2,2,expert_FFN_5,GPU,640613,746073,105460
2,2,gate_proj,GPU,640613,675715,35101.9
2,2,Linear,GPU,640613,675715,35101.9
2,2,activation,GPU,675715,675869,153.967
2,2,up_proj,GPU,675869,710971,35101.9
2,2,Linear,GPU,675869,710971,35101.9
2,2,down_proj,GPU,710971,746073,35101.9
2,2,Linear,GPU,710971,746073,35101.9
2,2,sync_2,GPU,746073,746776,703.847
2,2,sync__set,GPU,746073,746073,0
2,2,sync__,GPU,746073,746776,703.847
2,2,moe_all_reduce_for_e_tp,GPU,746776,746776,0
2,2,sync_3,GPU,746776,746776,0
2,2,sync__set,GPU,746776,746776,0
2,2,sync__,GPU,746776,746776,0
2,2,moe_gather,GPU,746776,746776,0
2,2,sync_for_moe_gather,GPU,746776,746776,0
2,2,sync__set,GPU,746776,746776,0
2,2,sync__,GPU,746776,746776,0
2,2,moe_all_reduce_for_gather,GPU,746776,752013,5236.91
2,2,sync_5,GPU,752013,752013,0
2,2,sync__set,GPU,752013,752013,0
2,2,sync__,GPU,752013,752013,0
2,2,sync_6,GPU,752013,752013,0
2,2,sync__set,GPU,752013,752013,0
2,2,sync__,GPU,752013,752013,0
2,2,residual_2,GPU,752013,752172,158.854
2,3,MoE_decoder_3,GPU,752172,1.00276e+06,250587
2,3,input_layer_norm,GPU,752172,752331,158.854
2,3,attention,GPU,752331,785677,33345.5
2,3,attn_qkv_proj,GPU,752331,756192,3861.38
2,3,Linear,GPU,752331,756192,3861.38
2,3,self_attention,GPU,756192,777839,21646.9
2,3,AttentionSplit,GPU,756192,756192,0
2,3,AttentionSum,GPU,756192,756192,0
2,3,AttentionGen,GPU,756192,777839,21646.9
2,3,AttentionMerge,GPU,777839,777839,0
2,3,attn_o_proj,GPU,777839,780440,2600.32
2,3,Linear,GPU,777839,780440,2600.32
2,3,all_reduce,GPU,780440,785677,5236.91
2,3,residual_1,GPU,785677,785835,158.854
2,3,post_attn_layer_norm,GPU,785835,785994,158.854
2,3,expertFFN,GPU,785994,1.0026e+06,216606
2,3,sync_0,GPU,785994,785994,0
2,3,sync__set,GPU,785994,785994,0
2,3,sync__,GPU,785994,785994,0
2,3,gate_fn,GPU,785994,786092,97.9093
2,3,Linear,GPU,785994,786092,97.9093
2,3,gate_update,GPU,786092,786092,0
2,3,moe_scatter,GPU,786092,786092,0
2,3,sync_for_moe_scatter,GPU,786092,786092,0
2,3,sync__set,GPU,786092,786092,0
2,3,sync__,GPU,786092,786092,0
2,3,moe_route,GPU,786092,786092,0
2,3,expert_FFN_4,GPU,786092,891904,105812
2,3,gate_proj,GPU,786092,821260,35167.9
2,3,Linear,GPU,786092,821260,35167.9
2,3,activation,GPU,821260,821568,307.933
2,3,up_proj,GPU,821568,856736,35167.9
2,3,Linear,GPU,821568,856736,35167.9
2,3,down_proj,GPU,856736,891904,35167.9
2,3,Linear,GPU,856736,891904,35167.9
2,3,expert_FFN_5,GPU,891904,997364,105460
2,3,gate_proj,GPU,891904,927006,35101.9
2,3,Linear,GPU,891904,927006,35101.9
2,3,activation,GPU,927006,927160,153.967
2,3,up_proj,GPU,927160,962262,35101.9
2,3,Linear,GPU,927160,962262,35101.9
2,3,down_proj,GPU,962262,997364,35101.9
2,3,Linear,GPU,962262,997364,35101.9
2,3,sync_2,GPU,997364,997364,0
2,3,sync__set,GPU,997364,997364,0
2,3,sync__,GPU,997364,997364,0
2,3,moe_all_reduce_for_e_tp,GPU,997364,997364,0
2,3,sync_3,GPU,997364,997364,0
2,3,sync__set,GPU,997364,997364,0
2,3,sync__,GPU,997364,997364,0
2,3,moe_gather,GPU,997364,997364,0
2,3,sync_for_moe_gather,GPU,997364,997364,0
2,3,sync__set,GPU,997364,997364,0
2,3,sync__,GPU,997364,997364,0
2,3,moe_all_reduce_for_gather,GPU,997364,1.0026e+06,5236.91
2,3,sync_5,GPU,1.0026e+06,1.0026e+06,0
2,3,sync__set,GPU,1.0026e+06,1.0026e+06,0
2,3,sync__,GPU,1.0026e+06,1.0026e+06,0
2,3,sync_6,GPU,1.0026e+06,1.0026e+06,0
2,3,sync__set,GPU,1.0026e+06,1.0026e+06,0
2,3,sync__,GPU,1.0026e+06,1.0026e+06,0
2,3,residual_2,GPU,1.0026e+06,1.00276e+06,158.854
2,4,MoE_decoder_4,GPU,1.00276e+06,1.2537e+06,250939
2,4,input_layer_norm,GPU,1.00276e+06,1.00292e+06,158.854
2,4,attention,GPU,1.00292e+06,1.03626e+06,33345.5
2,4,attn_qkv_proj,GPU,1.00292e+06,1.00678e+06,3861.38
2,4,Linear,GPU,1.00292e+06,1.00678e+06,3861.38
2,4,self_attention,GPU,1.00678e+06,1.02843e+06,21646.9
2,4,AttentionSplit,GPU,1.00678e+06,1.00678e+06,0
2,4,AttentionSum,GPU,1.00678e+06,1.00678e+06,0
2,4,AttentionGen,GPU,1.00678e+06,1.02843e+06,21646.9
2,4,AttentionMerge,GPU,1.02843e+06,1.02843e+06,0
2,4,attn_o_proj,GPU,1.02843e+06,1.03103e+06,2600.32
2,4,Linear,GPU,1.02843e+06,1.03103e+06,2600.32
2,4,all_reduce,GPU,1.03103e+06,1.03626e+06,5236.91
2,4,residual_1,GPU,1.03626e+06,1.03642e+06,158.854
2,4,post_attn_layer_norm,GPU,1.03642e+06,1.03658e+06,158.854
2,4,expertFFN,GPU,1.03658e+06,1.25354e+06,216958
2,4,sync_0,GPU,1.03658e+06,1.03658e+06,0
2,4,sync__set,GPU,1.03658e+06,1.03658e+06,0
2,4,sync__,GPU,1.03658e+06,1.03658e+06,0
2,4,gate_fn,GPU,1.03658e+06,1.03668e+06,97.9093
2,4,Linear,GPU,1.03658e+06,1.03668e+06,97.9093
2,4,gate_update,GPU,1.03668e+06,1.03668e+06,0
2,4,moe_scatter,GPU,1.03668e+06,1.03668e+06,0
2,4,sync_for_moe_scatter,GPU,1.03668e+06,1.03668e+06,0
2,4,sync__set,GPU,1.03668e+06,1.03668e+06,0
2,4,sync__,GPU,1.03668e+06,1.03668e+06,0
2,4,moe_route,GPU,1.03668e+06,1.03668e+06,0
2,4,expert_FFN_4,GPU,1.03668e+06,1.14255e+06,105870
2,4,gate_proj,GPU,1.03668e+06,1.07186e+06,35178.9
2,4,Linear,GPU,1.03668e+06,1.07186e+06,35178.9
2,4,activation,GPU,1.07186e+06,1.07219e+06,333.594
2,4,up_proj,GPU,1.07219e+06,1.10737e+06,35178.9
2,4,Linear,GPU,1.07219e+06,1.10737e+06,35178.9
2,4,down_proj,GPU,1.10737e+06,1.14255e+06,35178.9
2,4,Linear,GPU,1.10737e+06,1.14255e+06,35178.9
2,4,expert_FFN_5,GPU,1.14255e+06,1.2483e+06,105753
2,4,gate_proj,GPU,1.14255e+06,1.17771e+06,35156.9
2,4,Linear,GPU,1.14255e+06,1.17771e+06,35156.9
2,4,activation,GPU,1.17771e+06,1.17799e+06,282.272
2,4,up_proj,GPU,1.17799e+06,1.21315e+06,35156.9
2,4,Linear,GPU,1.17799e+06,1.21315e+06,35156.9
2,4,down_proj,GPU,1.21315e+06,1.2483e+06,35156.9
2,4,Linear,GPU,1.21315e+06,1.2483e+06,35156.9
2,4,sync_2,GPU,1.2483e+06,1.2483e+06,0
2,4,sync__set,GPU,1.2483e+06,1.2483e+06,0
2,4,sync__,GPU,1.2483e+06,1.2483e+06,0
2,4,moe_all_reduce_for_e_tp,GPU,1.2483e+06,1.2483e+06,0
2,4,sync_3,GPU,1.2483e+06,1.2483e+06,0
2,4,sync__set,GPU,1.2483e+06,1.2483e+06,0
2,4,sync__,GPU,1.2483e+06,1.2483e+06,0
2,4,moe_gather,GPU,1.2483e+06,1.2483e+06,0
2,4,sync_for_moe_gather,GPU,1.2483e+06,1.2483e+06,0
2,4,sync__set,GPU,1.2483e+06,1.2483e+06,0
2,4,sync__,GPU,1.2483e+06,1.2483e+06,0
2,4,moe_all_reduce_for_gather,GPU,1.2483e+06,1.25354e+06,5236.91
2,4,sync_5,GPU,1.25354e+06,1.25354e+06,0
2,4,sync__set,GPU,1.25354e+06,1.25354e+06,0
2,4,sync__,GPU,1.25354e+06,1.25354e+06,0
2,4,sync_6,GPU,1.25354e+06,1.25354e+06,0
2,4,sync__set,GPU,1.25354e+06,1.25354e+06,0
2,4,sync__,GPU,1.25354e+06,1.25354e+06,0
2,4,residual_2,GPU,1.25354e+06,1.2537e+06,158.854
2,5,MoE_decoder_5,GPU,1.2537e+06,1.50434e+06,250646
2,5,input_layer_norm,GPU,1.2537e+06,1.25386e+06,158.854
2,5,attention,GPU,1.25386e+06,1.2872e+06,33345.5
2,5,attn_qkv_proj,GPU,1.25386e+06,1.25772e+06,3861.38
2,5,Linear,GPU,1.25386e+06,1.25772e+06,3861.38
2,5,self_attention,GPU,1.25772e+06,1.27937e+06,21646.9
2,5,AttentionSplit,GPU,1.25772e+06,1.25772e+06,0
2,5,AttentionSum,GPU,1.25772e+06,1.25772e+06,0
2,5,AttentionGen,GPU,1.25772e+06,1.27937e+06,21646.9
2,5,AttentionMerge,GPU,1.27937e+06,1.27937e+06,0
2,5,attn_o_proj,GPU,1.27937e+06,1.28197e+06,2600.32
2,5,Linear,GPU,1.27937e+06,1.28197e+06,2600.32
2,5,all_reduce,GPU,1.28197e+06,1.2872e+06,5236.91
2,5,residual_1,GPU,1.2872e+06,1.28736e+06,158.854
2,5,post_attn_layer_norm,GPU,1.28736e+06,1.28752e+06,158.854
2,5,expertFFN,GPU,1.28752e+06,1.50419e+06,216665
2,5,sync_0,GPU,1.28752e+06,1.28752e+06,0
2,5,sync__set,GPU,1.28752e+06,1.28752e+06,0
2,5,sync__,GPU,1.28752e+06,1.28752e+06,0
2,5,gate_fn,GPU,1.28752e+06,1.28762e+06,97.9093
2,5,Linear,GPU,1.28752e+06,1.28762e+06,97.9093
2,5,gate_update,GPU,1.28762e+06,1.28762e+06,0
2,5,moe_scatter,GPU,1.28762e+06,1.28762e+06,0
2,5,sync_for_moe_scatter,GPU,1.28762e+06,1.28762e+06,0
2,5,sync__set,GPU,1.28762e+06,1.28762e+06,0
2,5,sync__,GPU,1.28762e+06,1.28762e+06,0
2,5,moe_route,GPU,1.28762e+06,1.28762e+06,0
2,5,expert_FFN_4,GPU,1.28762e+06,1.39337e+06,105753
2,5,gate_proj,GPU,1.28762e+06,1.32278e+06,35156.9
2,5,Linear,GPU,1.28762e+06,1.32278e+06,35156.9
2,5,activation,GPU,1.32278e+06,1.32306e+06,282.272
2,5,up_proj,GPU,1.32306e+06,1.35821e+06,35156.9
2,5,Linear,GPU,1.32306e+06,1.35821e+06,35156.9
2,5,down_proj,GPU,1.35821e+06,1.39337e+06,35156.9
2,5,Linear,GPU,1.35821e+06,1.39337e+06,35156.9
2,5,expert_FFN_5,GPU,1.39337e+06,1.49883e+06,105460
2,5,gate_proj,GPU,1.39337e+06,1.42847e+06,35101.9
2,5,Linear,GPU,1.39337e+06,1.42847e+06,35101.9
2,5,activation,GPU,1.42847e+06,1.42863e+06,153.967
2,5,up_proj,GPU,1.42863e+06,1.46373e+06,35101.9
2,5,Linear,GPU,1.42863e+06,1.46373e+06,35101.9
2,5,down_proj,GPU,1.46373e+06,1.49883e+06,35101.9
2,5,Linear,GPU,1.46373e+06,1.49883e+06,35101.9
2,5,sync_2,GPU,1.49883e+06,1.49895e+06,117.308
2,5,sync__set,GPU,1.49883e+06,1.49883e+06,0
2,5,sync__,GPU,1.49883e+06,1.49895e+06,117.308
2,5,moe_all_reduce_for_e_tp,GPU,1.49895e+06,1.49895e+06,0
2,5,sync_3,GPU,1.49895e+06,1.49895e+06,0
2,5,sync__set,GPU,1.49895e+06,1.49895e+06,0
2,5,sync__,GPU,1.49895e+06,1.49895e+06,0
2,5,moe_gather,GPU,1.49895e+06,1.49895e+06,0
2,5,sync_for_moe_gather,GPU,1.49895e+06,1.49895e+06,0
2,5,sync__set,GPU,1.49895e+06,1.49895e+06,0
2,5,sync__,GPU,1.49895e+06,1.49895e+06,0
2,5,moe_all_reduce_for_gather,GPU,1.49895e+06,1.50419e+06,5236.91
2,5,sync_5,GPU,1.50419e+06,1.50419e+06,0
2,5,sync__set,GPU,1.50419e+06,1.50419e+06,0
2,5,sync__,GPU,1.50419e+06,1.50419e+06,0
2,5,sync_6,GPU,1.50419e+06,1.50419e+06,0
2,5,sync__set,GPU,1.50419e+06,1.50419e+06,0
2,5,sync__,GPU,1.50419e+06,1.50419e+06,0
2,5,residual_2,GPU,1.50419e+06,1.50434e+06,158.854
2,6,MoE_decoder_6,GPU,1.50434e+06,1.75511e+06,250763
2,6,input_layer_norm,GPU,1.50434e+06,1.5045e+06,158.854
2,6,attention,GPU,1.5045e+06,1.53785e+06,33345.5
2,6,attn_qkv_proj,GPU,1.5045e+06,1.50836e+06,3861.38
2,6,Linear,GPU,1.5045e+06,1.50836e+06,3861.38
2,6,self_attention,GPU,1.50836e+06,1.53001e+06,21646.9
2,6,AttentionSplit,GPU,1.50836e+06,1.50836e+06,0
2,6,AttentionSum,GPU,1.50836e+06,1.50836e+06,0
2,6,AttentionGen,GPU,1.50836e+06,1.53001e+06,21646.9
2,6,AttentionMerge,GPU,1.53001e+06,1.53001e+06,0
2,6,attn_o_proj,GPU,1.53001e+06,1.53261e+06,2600.32
2,6,Linear,GPU,1.53001e+06,1.53261e+06,2600.32
2,6,all_reduce,GPU,1.53261e+06,1.53785e+06,5236.91
2,6,residual_1,GPU,1.53785e+06,1.53801e+06,158.854
2,6,post_attn_layer_norm,GPU,1.53801e+06,1.53817e+06,158.854
2,6,expertFFN,GPU,1.53817e+06,1.75495e+06,216782
2,6,sync_0,GPU,1.53817e+06,1.53817e+06,0
2,6,sync__set,GPU,1.53817e+06,1.53817e+06,0
2,6,sync__,GPU,1.53817e+06,1.53817e+06,0
2,6,gate_fn,GPU,1.53817e+06,1.53826e+06,97.9093
2,6,Linear,GPU,1.53817e+06,1.53826e+06,97.9093
2,6,gate_update,GPU,1.53826e+06,1.53826e+06,0
2,6,moe_scatter,GPU,1.53826e+06,1.53826e+06,0
2,6,sync_for_moe_scatter,GPU,1.53826e+06,1.53826e+06,0
2,6,sync__set,GPU,1.53826e+06,1.53826e+06,0
2,6,sync__,GPU,1.53826e+06,1.53826e+06,0
2,6,moe_route,GPU,1.53826e+06,1.53826e+06,0
2,6,expert_FFN_4,GPU,1.53826e+06,1.64384e+06,105577
2,6,gate_proj,GPU,1.53826e+06,1.57339e+06,35123.9
2,6,Linear,GPU,1.53826e+06,1.57339e+06,35123.9
2,6,activation,GPU,1.57339e+06,1.57359e+06,205.289
2,6,up_proj,GPU,1.57359e+06,1.60872e+06,35123.9
2,6,Linear,GPU,1.57359e+06,1.60872e+06,35123.9
2,6,down_proj,GPU,1.60872e+06,1.64384e+06,35123.9
2,6,Linear,GPU,1.60872e+06,1.64384e+06,35123.9
2,6,expert_FFN_5,GPU,1.64384e+06,1.7493e+06,105460
2,6,gate_proj,GPU,1.64384e+06,1.67894e+06,35101.9
2,6,Linear,GPU,1.64384e+06,1.67894e+06,35101.9
2,6,activation,GPU,1.67894e+06,1.6791e+06,153.967
2,6,up_proj,GPU,1.6791e+06,1.7142e+06,35101.9
2,6,Linear,GPU,1.6791e+06,1.7142e+06,35101.9
2,6,down_proj,GPU,1.7142e+06,1.7493e+06,35101.9
2,6,Linear,GPU,1.7142e+06,1.7493e+06,35101.9
2,6,sync_2,GPU,1.7493e+06,1.74971e+06,410.578
2,6,sync__set,GPU,1.7493e+06,1.7493e+06,0
2,6,sync__,GPU,1.7493e+06,1.74971e+06,410.578
2,6,moe_all_reduce_for_e_tp,GPU,1.74971e+06,1.74971e+06,0
2,6,sync_3,GPU,1.74971e+06,1.74971e+06,0
2,6,sync__set,GPU,1.74971e+06,1.74971e+06,0
2,6,sync__,GPU,1.74971e+06,1.74971e+06,0
2,6,moe_gather,GPU,1.74971e+06,1.74971e+06,0
2,6,sync_for_moe_gather,GPU,1.74971e+06,1.74971e+06,0
2,6,sync__set,GPU,1.74971e+06,1.74971e+06,0
2,6,sync__,GPU,1.74971e+06,1.74971e+06,0
2,6,moe_all_reduce_for_gather,GPU,1.74971e+06,1.75495e+06,5236.91
2,6,sync_5,GPU,1.75495e+06,1.75495e+06,0
2,6,sync__set,GPU,1.75495e+06,1.75495e+06,0
2,6,sync__,GPU,1.75495e+06,1.75495e+06,0
2,6,sync_6,GPU,1.75495e+06,1.75495e+06,0
2,6,sync__set,GPU,1.75495e+06,1.75495e+06,0
2,6,sync__,GPU,1.75495e+06,1.75495e+06,0
2,6,residual_2,GPU,1.75495e+06,1.75511e+06,158.854
2,7,MoE_decoder_7,GPU,1.75511e+06,2.00569e+06,250587
2,7,input_layer_norm,GPU,1.75511e+06,1.75527e+06,158.854
2,7,attention,GPU,1.75527e+06,1.78861e+06,33345.5
2,7,attn_qkv_proj,GPU,1.75527e+06,1.75913e+06,3861.38
2,7,Linear,GPU,1.75527e+06,1.75913e+06,3861.38
2,7,self_attention,GPU,1.75913e+06,1.78077e+06,21646.9
2,7,AttentionSplit,GPU,1.75913e+06,1.75913e+06,0
2,7,AttentionSum,GPU,1.75913e+06,1.75913e+06,0
2,7,AttentionGen,GPU,1.75913e+06,1.78077e+06,21646.9
2,7,AttentionMerge,GPU,1.78077e+06,1.78077e+06,0
2,7,attn_o_proj,GPU,1.78077e+06,1.78338e+06,2600.32
2,7,Linear,GPU,1.78077e+06,1.78338e+06,2600.32
2,7,all_reduce,GPU,1.78338e+06,1.78861e+06,5236.91
2,7,residual_1,GPU,1.78861e+06,1.78877e+06,158.854
2,7,post_attn_layer_norm,GPU,1.78877e+06,1.78893e+06,158.854
2,7,expertFFN,GPU,1.78893e+06,2.00554e+06,216606
2,7,sync_0,GPU,1.78893e+06,1.78893e+06,0
2,7,sync__set,GPU,1.78893e+06,1.78893e+06,0
2,7,sync__,GPU,1.78893e+06,1.78893e+06,0
2,7,gate_fn,GPU,1.78893e+06,1.78903e+06,97.9093
2,7,Linear,GPU,1.78893e+06,1.78903e+06,97.9093
2,7,gate_update,GPU,1.78903e+06,1.78903e+06,0
2,7,moe_scatter,GPU,1.78903e+06,1.78903e+06,0
2,7,sync_for_moe_scatter,GPU,1.78903e+06,1.78903e+06,0
2,7,sync__set,GPU,1.78903e+06,1.78903e+06,0
2,7,sync__,GPU,1.78903e+06,1.78903e+06,0
2,7,moe_route,GPU,1.78903e+06,1.78903e+06,0
2,7,expert_FFN_4,GPU,1.78903e+06,1.89437e+06,105342
2,7,gate_proj,GPU,1.78903e+06,1.82411e+06,35079.9
2,7,Linear,GPU,1.78903e+06,1.82411e+06,35079.9
2,7,activation,GPU,1.82411e+06,1.82421e+06,102.644
2,7,up_proj,GPU,1.82421e+06,1.85929e+06,35079.9
2,7,Linear,GPU,1.82421e+06,1.85929e+06,35079.9
2,7,down_proj,GPU,1.85929e+06,1.89437e+06,35079.9
2,7,Linear,GPU,1.85929e+06,1.89437e+06,35079.9
2,7,expert_FFN_5,GPU,1.89437e+06,1.99995e+06,105577
2,7,gate_proj,GPU,1.89437e+06,1.92949e+06,35123.9
2,7,Linear,GPU,1.89437e+06,1.92949e+06,35123.9
2,7,activation,GPU,1.92949e+06,1.9297e+06,205.289
2,7,up_proj,GPU,1.9297e+06,1.96482e+06,35123.9
2,7,Linear,GPU,1.9297e+06,1.96482e+06,35123.9
2,7,down_proj,GPU,1.96482e+06,1.99995e+06,35123.9
2,7,Linear,GPU,1.96482e+06,1.99995e+06,35123.9
2,7,sync_2,GPU,1.99995e+06,2.0003e+06,351.924
2,7,sync__set,GPU,1.99995e+06,1.99995e+06,0
2,7,sync__,GPU,1.99995e+06,2.0003e+06,351.924
2,7,moe_all_reduce_for_e_tp,GPU,2.0003e+06,2.0003e+06,0
2,7,sync_3,GPU,2.0003e+06,2.0003e+06,0
2,7,sync__set,GPU,2.0003e+06,2.0003e+06,0
2,7,sync__,GPU,2.0003e+06,2.0003e+06,0
2,7,moe_gather,GPU,2.0003e+06,2.0003e+06,0
2,7,sync_for_moe_gather,GPU,2.0003e+06,2.0003e+06,0
2,7,sync__set,GPU,2.0003e+06,2.0003e+06,0
2,7,sync__,GPU,2.0003e+06,2.0003e+06,0
2,7,moe_all_reduce_for_gather,GPU,2.0003e+06,2.00554e+06,5236.91
2,7,sync_5,GPU,2.00554e+06,2.00554e+06,0
2,7,sync__set,GPU,2.00554e+06,2.00554e+06,0
2,7,sync__,GPU,2.00554e+06,2.00554e+06,0
2,7,sync_6,GPU,2.00554e+06,2.00554e+06,0
2,7,sync__set,GPU,2.00554e+06,2.00554e+06,0
2,7,sync__,GPU,2.00554e+06,2.00554e+06,0
2,7,residual_2,GPU,2.00554e+06,2.00569e+06,158.854
2,8,MoE_decoder_8,GPU,2.00569e+06,2.25622e+06,250529
2,8,input_layer_norm,GPU,2.00569e+06,2.00585e+06,158.854
2,8,attention,GPU,2.00585e+06,2.0392e+06,33345.5
2,8,attn_qkv_proj,GPU,2.00585e+06,2.00972e+06,3861.38
2,8,Linear,GPU,2.00585e+06,2.00972e+06,3861.38
2,8,self_attention,GPU,2.00972e+06,2.03136e+06,21646.9
2,8,AttentionSplit,GPU,2.00972e+06,2.00972e+06,0
2,8,AttentionSum,GPU,2.00972e+06,2.00972e+06,0
2,8,AttentionGen,GPU,2.00972e+06,2.03136e+06,21646.9
2,8,AttentionMerge,GPU,2.03136e+06,2.03136e+06,0
2,8,attn_o_proj,GPU,2.03136e+06,2.03396e+06,2600.32
2,8,Linear,GPU,2.03136e+06,2.03396e+06,2600.32
2,8,all_reduce,GPU,2.03396e+06,2.0392e+06,5236.91
2,8,residual_1,GPU,2.0392e+06,2.03936e+06,158.854
2,8,post_attn_layer_norm,GPU,2.03936e+06,2.03952e+06,158.854
2,8,expertFFN,GPU,2.03952e+06,2.25606e+06,216548
2,8,sync_0,GPU,2.03952e+06,2.03952e+06,0
2,8,sync__set,GPU,2.03952e+06,2.03952e+06,0
2,8,sync__,GPU,2.03952e+06,2.03952e+06,0
2,8,gate_fn,GPU,2.03952e+06,2.03961e+06,97.9093
2,8,Linear,GPU,2.03952e+06,2.03961e+06,97.9093
2,8,gate_update,GPU,2.03961e+06,2.03961e+06,0
2,8,moe_scatter,GPU,2.03961e+06,2.03961e+06,0
2,8,sync_for_moe_scatter,GPU,2.03961e+06,2.03961e+06,0
2,8,sync__set,GPU,2.03961e+06,2.03961e+06,0
2,8,sync__,GPU,2.03961e+06,2.03961e+06,0
2,8,moe_route,GPU,2.03961e+06,2.03961e+06,0
2,8,expert_FFN_4,GPU,2.03961e+06,2.14507e+06,105460
2,8,gate_proj,GPU,2.03961e+06,2.07472e+06,35101.9
2,8,Linear,GPU,2.03961e+06,2.07472e+06,35101.9
2,8,activation,GPU,2.07472e+06,2.07487e+06,153.967
2,8,up_proj,GPU,2.07487e+06,2.10997e+06,35101.9
2,8,Linear,GPU,2.07487e+06,2.10997e+06,35101.9
2,8,down_proj,GPU,2.10997e+06,2.14507e+06,35101.9
2,8,Linear,GPU,2.10997e+06,2.14507e+06,35101.9
2,8,expert_FFN_5,GPU,2.14507e+06,2.25071e+06,105636
2,8,gate_proj,GPU,2.14507e+06,2.18021e+06,35134.9
2,8,Linear,GPU,2.14507e+06,2.18021e+06,35134.9
2,8,activation,GPU,2.18021e+06,2.18044e+06,230.95
2,8,up_proj,GPU,2.18044e+06,2.21558e+06,35134.9
2,8,Linear,GPU,2.18044e+06,2.21558e+06,35134.9
2,8,down_proj,GPU,2.21558e+06,2.25071e+06,35134.9
2,8,Linear,GPU,2.21558e+06,2.25071e+06,35134.9
2,8,sync_2,GPU,2.25071e+06,2.25083e+06,117.308
2,8,sync__set,GPU,2.25071e+06,2.25071e+06,0
2,8,sync__,GPU,2.25071e+06,2.25083e+06,117.308
2,8,moe_all_reduce_for_e_tp,GPU,2.25083e+06,2.25083e+06,0
2,8,sync_3,GPU,2.25083e+06,2.25083e+06,0
2,8,sync__set,GPU,2.25083e+06,2.25083e+06,0
2,8,sync__,GPU,2.25083e+06,2.25083e+06,0
2,8,moe_gather,GPU,2.25083e+06,2.25083e+06,0
2,8,sync_for_moe_gather,GPU,2.25083e+06,2.25083e+06,0
2,8,sync__set,GPU,2.25083e+06,2.25083e+06,0
2,8,sync__,GPU,2.25083e+06,2.25083e+06,0
2,8,moe_all_reduce_for_gather,GPU,2.25083e+06,2.25606e+06,5236.91
2,8,sync_5,GPU,2.25606e+06,2.25606e+06,0
2,8,sync__set,GPU,2.25606e+06,2.25606e+06,0
2,8,sync__,GPU,2.25606e+06,2.25606e+06,0
2,8,sync_6,GPU,2.25606e+06,2.25606e+06,0
2,8,sync__set,GPU,2.25606e+06,2.25606e+06,0
2,8,sync__,GPU,2.25606e+06,2.25606e+06,0
2,8,residual_2,GPU,2.25606e+06,2.25622e+06,158.854
2,9,MoE_decoder_9,GPU,2.25622e+06,2.50693e+06,250705
2,9,input_layer_norm,GPU,2.25622e+06,2.25638e+06,158.854
2,9,attention,GPU,2.25638e+06,2.28973e+06,33345.5
2,9,attn_qkv_proj,GPU,2.25638e+06,2.26024e+06,3861.38
2,9,Linear,GPU,2.25638e+06,2.26024e+06,3861.38
2,9,self_attention,GPU,2.26024e+06,2.28189e+06,21646.9
2,9,AttentionSplit,GPU,2.26024e+06,2.26024e+06,0
2,9,AttentionSum,GPU,2.26024e+06,2.26024e+06,0
2,9,AttentionGen,GPU,2.26024e+06,2.28189e+06,21646.9
2,9,AttentionMerge,GPU,2.28189e+06,2.28189e+06,0
2,9,attn_o_proj,GPU,2.28189e+06,2.28449e+06,2600.32
2,9,Linear,GPU,2.28189e+06,2.28449e+06,2600.32
2,9,all_reduce,GPU,2.28449e+06,2.28973e+06,5236.91
2,9,residual_1,GPU,2.28973e+06,2.28989e+06,158.854
2,9,post_attn_layer_norm,GPU,2.28989e+06,2.29005e+06,158.854
2,9,expertFFN,GPU,2.29005e+06,2.50677e+06,216724
2,9,sync_0,GPU,2.29005e+06,2.29005e+06,0
2,9,sync__set,GPU,2.29005e+06,2.29005e+06,0
2,9,sync__,GPU,2.29005e+06,2.29005e+06,0
2,9,gate_fn,GPU,2.29005e+06,2.29014e+06,97.9093
2,9,Linear,GPU,2.29005e+06,2.29014e+06,97.9093
2,9,gate_update,GPU,2.29014e+06,2.29014e+06,0
2,9,moe_scatter,GPU,2.29014e+06,2.29014e+06,0
2,9,sync_for_moe_scatter,GPU,2.29014e+06,2.29014e+06,0
2,9,sync__set,GPU,2.29014e+06,2.29014e+06,0
2,9,sync__,GPU,2.29014e+06,2.29014e+06,0
2,9,moe_route,GPU,2.29014e+06,2.29014e+06,0
2,9,expert_FFN_4,GPU,2.29014e+06,2.39578e+06,105636
2,9,gate_proj,GPU,2.29014e+06,2.32528e+06,35134.9
2,9,Linear,GPU,2.29014e+06,2.32528e+06,35134.9
2,9,activation,GPU,2.32528e+06,2.32551e+06,230.95
2,9,up_proj,GPU,2.32551e+06,2.36064e+06,35134.9
2,9,Linear,GPU,2.32551e+06,2.36064e+06,35134.9
2,9,down_proj,GPU,2.36064e+06,2.39578e+06,35134.9
2,9,Linear,GPU,2.36064e+06,2.39578e+06,35134.9
2,9,expert_FFN_5,GPU,2.39578e+06,2.50136e+06,105577
2,9,gate_proj,GPU,2.39578e+06,2.4309e+06,35123.9
2,9,Linear,GPU,2.39578e+06,2.4309e+06,35123.9
2,9,activation,GPU,2.4309e+06,2.43111e+06,205.289
2,9,up_proj,GPU,2.43111e+06,2.46623e+06,35123.9
2,9,Linear,GPU,2.43111e+06,2.46623e+06,35123.9
2,9,down_proj,GPU,2.46623e+06,2.50136e+06,35123.9
2,9,Linear,GPU,2.46623e+06,2.50136e+06,35123.9
2,9,sync_2,GPU,2.50136e+06,2.50153e+06,175.962
2,9,sync__set,GPU,2.50136e+06,2.50136e+06,0
2,9,sync__,GPU,2.50136e+06,2.50153e+06,175.962
2,9,moe_all_reduce_for_e_tp,GPU,2.50153e+06,2.50153e+06,0
2,9,sync_3,GPU,2.50153e+06,2.50153e+06,0
2,9,sync__set,GPU,2.50153e+06,2.50153e+06,0
2,9,sync__,GPU,2.50153e+06,2.50153e+06,0
2,9,moe_gather,GPU,2.50153e+06,2.50153e+06,0
2,9,sync_for_moe_gather,GPU,2.50153e+06,2.50153e+06,0
2,9,sync__set,GPU,2.50153e+06,2.50153e+06,0
2,9,sync__,GPU,2.50153e+06,2.50153e+06,0
2,9,moe_all_reduce_for_gather,GPU,2.50153e+06,2.50677e+06,5236.91
2,9,sync_5,GPU,2.50677e+06,2.50677e+06,0
2,9,sync__set,GPU,2.50677e+06,2.50677e+06,0
2,9,sync__,GPU,2.50677e+06,2.50677e+06,0
2,9,sync_6,GPU,2.50677e+06,2.50677e+06,0
2,9,sync__set,GPU,2.50677e+06,2.50677e+06,0
2,9,sync__,GPU,2.50677e+06,2.50677e+06,0
2,9,residual_2,GPU,2.50677e+06,2.50693e+06,158.854
2,10,MoE_decoder_10,GPU,2.50693e+06,2.75769e+06,250763
2,10,input_layer_norm,GPU,2.50693e+06,2.50709e+06,158.854
2,10,attention,GPU,2.50709e+06,2.54043e+06,33345.5
2,10,attn_qkv_proj,GPU,2.50709e+06,2.51095e+06,3861.38
2,10,Linear,GPU,2.50709e+06,2.51095e+06,3861.38
2,10,self_attention,GPU,2.51095e+06,2.5326e+06,21646.9
2,10,AttentionSplit,GPU,2.51095e+06,2.51095e+06,0
2,10,AttentionSum,GPU,2.51095e+06,2.51095e+06,0
2,10,AttentionGen,GPU,2.51095e+06,2.5326e+06,21646.9
2,10,AttentionMerge,GPU,2.5326e+06,2.5326e+06,0
2,10,attn_o_proj,GPU,2.5326e+06,2.5352e+06,2600.32
2,10,Linear,GPU,2.5326e+06,2.5352e+06,2600.32
2,10,all_reduce,GPU,2.5352e+06,2.54043e+06,5236.91
2,10,residual_1,GPU,2.54043e+06,2.54059e+06,158.854
2,10,post_attn_layer_norm,GPU,2.54059e+06,2.54075e+06,158.854
2,10,expertFFN,GPU,2.54075e+06,2.75753e+06,216782
2,10,sync_0,GPU,2.54075e+06,2.54075e+06,0
2,10,sync__set,GPU,2.54075e+06,2.54075e+06,0
2,10,sync__,GPU,2.54075e+06,2.54075e+06,0
2,10,gate_fn,GPU,2.54075e+06,2.54085e+06,97.9093
2,10,Linear,GPU,2.54075e+06,2.54085e+06,97.9093
2,10,gate_update,GPU,2.54085e+06,2.54085e+06,0
2,10,moe_scatter,GPU,2.54085e+06,2.54085e+06,0
2,10,sync_for_moe_scatter,GPU,2.54085e+06,2.54085e+06,0
2,10,sync__set,GPU,2.54085e+06,2.54085e+06,0
2,10,sync__,GPU,2.54085e+06,2.54085e+06,0
2,10,moe_route,GPU,2.54085e+06,2.54085e+06,0
2,10,expert_FFN_4,GPU,2.54085e+06,2.64666e+06,105812
2,10,gate_proj,GPU,2.54085e+06,2.57602e+06,35167.9
2,10,Linear,GPU,2.54085e+06,2.57602e+06,35167.9
2,10,activation,GPU,2.57602e+06,2.57632e+06,307.933
2,10,up_proj,GPU,2.57632e+06,2.61149e+06,35167.9
2,10,Linear,GPU,2.57632e+06,2.61149e+06,35167.9
2,10,down_proj,GPU,2.61149e+06,2.64666e+06,35167.9
2,10,Linear,GPU,2.61149e+06,2.64666e+06,35167.9
2,10,expert_FFN_5,GPU,2.64666e+06,2.7523e+06,105636
2,10,gate_proj,GPU,2.64666e+06,2.68179e+06,35134.9
2,10,Linear,GPU,2.64666e+06,2.68179e+06,35134.9
2,10,activation,GPU,2.68179e+06,2.68203e+06,230.95
2,10,up_proj,GPU,2.68203e+06,2.71716e+06,35134.9
2,10,Linear,GPU,2.68203e+06,2.71716e+06,35134.9
2,10,down_proj,GPU,2.71716e+06,2.7523e+06,35134.9
2,10,Linear,GPU,2.71716e+06,2.7523e+06,35134.9
2,10,sync_2,GPU,2.7523e+06,2.7523e+06,0
2,10,sync__set,GPU,2.7523e+06,2.7523e+06,0
2,10,sync__,GPU,2.7523e+06,2.7523e+06,0
2,10,moe_all_reduce_for_e_tp,GPU,2.7523e+06,2.7523e+06,0
2,10,sync_3,GPU,2.7523e+06,2.7523e+06,0
2,10,sync__set,GPU,2.7523e+06,2.7523e+06,0
2,10,sync__,GPU,2.7523e+06,2.7523e+06,0
2,10,moe_gather,GPU,2.7523e+06,2.7523e+06,0
2,10,sync_for_moe_gather,GPU,2.7523e+06,2.7523e+06,0
2,10,sync__set,GPU,2.7523e+06,2.7523e+06,0
2,10,sync__,GPU,2.7523e+06,2.7523e+06,0
2,10,moe_all_reduce_for_gather,GPU,2.7523e+06,2.75753e+06,5236.91
2,10,sync_5,GPU,2.75753e+06,2.75753e+06,0
2,10,sync__set,GPU,2.75753e+06,2.75753e+06,0
2,10,sync__,GPU,2.75753e+06,2.75753e+06,0
2,10,sync_6,GPU,2.75753e+06,2.75753e+06,0
2,10,sync__set,GPU,2.75753e+06,2.75753e+06,0
2,10,sync__,GPU,2.75753e+06,2.75753e+06,0
2,10,residual_2,GPU,2.75753e+06,2.75769e+06,158.854
2,11,MoE_decoder_11,GPU,2.75769e+06,3.00834e+06,250646
2,11,input_layer_norm,GPU,2.75769e+06,2.75785e+06,158.854
2,11,attention,GPU,2.75785e+06,2.7912e+06,33345.5
2,11,attn_qkv_proj,GPU,2.75785e+06,2.76171e+06,3861.38
2,11,Linear,GPU,2.75785e+06,2.76171e+06,3861.38
2,11,self_attention,GPU,2.76171e+06,2.78336e+06,21646.9
2,11,AttentionSplit,GPU,2.76171e+06,2.76171e+06,0
2,11,AttentionSum,GPU,2.76171e+06,2.76171e+06,0
2,11,AttentionGen,GPU,2.76171e+06,2.78336e+06,21646.9
2,11,AttentionMerge,GPU,2.78336e+06,2.78336e+06,0
2,11,attn_o_proj,GPU,2.78336e+06,2.78596e+06,2600.32
2,11,Linear,GPU,2.78336e+06,2.78596e+06,2600.32
2,11,all_reduce,GPU,2.78596e+06,2.7912e+06,5236.91
2,11,residual_1,GPU,2.7912e+06,2.79135e+06,158.854
2,11,post_attn_layer_norm,GPU,2.79135e+06,2.79151e+06,158.854
2,11,expertFFN,GPU,2.79151e+06,3.00818e+06,216665
2,11,sync_0,GPU,2.79151e+06,2.79151e+06,0
2,11,sync__set,GPU,2.79151e+06,2.79151e+06,0
2,11,sync__,GPU,2.79151e+06,2.79151e+06,0
2,11,gate_fn,GPU,2.79151e+06,2.79161e+06,97.9093
2,11,Linear,GPU,2.79151e+06,2.79161e+06,97.9093
2,11,gate_update,GPU,2.79161e+06,2.79161e+06,0
2,11,moe_scatter,GPU,2.79161e+06,2.79161e+06,0
2,11,sync_for_moe_scatter,GPU,2.79161e+06,2.79161e+06,0
2,11,sync__set,GPU,2.79161e+06,2.79161e+06,0
2,11,sync__,GPU,2.79161e+06,2.79161e+06,0
2,11,moe_route,GPU,2.79161e+06,2.79161e+06,0
2,11,expert_FFN_4,GPU,2.79161e+06,2.89731e+06,105694
2,11,gate_proj,GPU,2.79161e+06,2.82676e+06,35145.9
2,11,Linear,GPU,2.79161e+06,2.82676e+06,35145.9
2,11,activation,GPU,2.82676e+06,2.82701e+06,256.611
2,11,up_proj,GPU,2.82701e+06,2.86216e+06,35145.9
2,11,Linear,GPU,2.82701e+06,2.86216e+06,35145.9
2,11,down_proj,GPU,2.86216e+06,2.89731e+06,35145.9
2,11,Linear,GPU,2.86216e+06,2.89731e+06,35145.9
2,11,expert_FFN_5,GPU,2.89731e+06,3.00288e+06,105577
2,11,gate_proj,GPU,2.89731e+06,2.93243e+06,35123.9
2,11,Linear,GPU,2.89731e+06,2.93243e+06,35123.9
2,11,activation,GPU,2.93243e+06,2.93263e+06,205.289
2,11,up_proj,GPU,2.93263e+06,2.96776e+06,35123.9
2,11,Linear,GPU,2.93263e+06,2.96776e+06,35123.9
2,11,down_proj,GPU,2.96776e+06,3.00288e+06,35123.9
2,11,Linear,GPU,2.96776e+06,3.00288e+06,35123.9
2,11,sync_2,GPU,3.00288e+06,3.00294e+06,58.6539
2,11,sync__set,GPU,3.00288e+06,3.00288e+06,0
2,11,sync__,GPU,3.00288e+06,3.00294e+06,58.6539
2,11,moe_all_reduce_for_e_tp,GPU,3.00294e+06,3.00294e+06,0
2,11,sync_3,GPU,3.00294e+06,3.00294e+06,0
2,11,sync__set,GPU,3.00294e+06,3.00294e+06,0
2,11,sync__,GPU,3.00294e+06,3.00294e+06,0
2,11,moe_gather,GPU,3.00294e+06,3.00294e+06,0
2,11,sync_for_moe_gather,GPU,3.00294e+06,3.00294e+06,0
2,11,sync__set,GPU,3.00294e+06,3.00294e+06,0
2,11,sync__,GPU,3.00294e+06,3.00294e+06,0
2,11,moe_all_reduce_for_gather,GPU,3.00294e+06,3.00818e+06,5236.91
2,11,sync_5,GPU,3.00818e+06,3.00818e+06,0
2,11,sync__set,GPU,3.00818e+06,3.00818e+06,0
2,11,sync__,GPU,3.00818e+06,3.00818e+06,0
2,11,sync_6,GPU,3.00818e+06,3.00818e+06,0
2,11,sync__set,GPU,3.00818e+06,3.00818e+06,0
2,11,sync__,GPU,3.00818e+06,3.00818e+06,0
2,11,residual_2,GPU,3.00818e+06,3.00834e+06,158.854
2,12,MoE_decoder_12,GPU,3.00834e+06,3.25922e+06,250880
2,12,input_layer_norm,GPU,3.00834e+06,3.0085e+06,158.854
2,12,attention,GPU,3.0085e+06,3.04184e+06,33345.5
2,12,attn_qkv_proj,GPU,3.0085e+06,3.01236e+06,3861.38
2,12,Linear,GPU,3.0085e+06,3.01236e+06,3861.38
2,12,self_attention,GPU,3.01236e+06,3.034e+06,21646.9
2,12,AttentionSplit,GPU,3.01236e+06,3.01236e+06,0
2,12,AttentionSum,GPU,3.01236e+06,3.01236e+06,0
2,12,AttentionGen,GPU,3.01236e+06,3.034e+06,21646.9
2,12,AttentionMerge,GPU,3.034e+06,3.034e+06,0
2,12,attn_o_proj,GPU,3.034e+06,3.0366e+06,2600.32
2,12,Linear,GPU,3.034e+06,3.0366e+06,2600.32
2,12,all_reduce,GPU,3.0366e+06,3.04184e+06,5236.91
2,12,residual_1,GPU,3.04184e+06,3.042e+06,158.854
2,12,post_attn_layer_norm,GPU,3.042e+06,3.04216e+06,158.854
2,12,expertFFN,GPU,3.04216e+06,3.25906e+06,216900
2,12,sync_0,GPU,3.04216e+06,3.04216e+06,0
2,12,sync__set,GPU,3.04216e+06,3.04216e+06,0
2,12,sync__,GPU,3.04216e+06,3.04216e+06,0
2,12,gate_fn,GPU,3.04216e+06,3.04226e+06,97.9093
2,12,Linear,GPU,3.04216e+06,3.04226e+06,97.9093
2,12,gate_update,GPU,3.04226e+06,3.04226e+06,0
2,12,moe_scatter,GPU,3.04226e+06,3.04226e+06,0
2,12,sync_for_moe_scatter,GPU,3.04226e+06,3.04226e+06,0
2,12,sync__set,GPU,3.04226e+06,3.04226e+06,0
2,12,sync__,GPU,3.04226e+06,3.04226e+06,0
2,12,moe_route,GPU,3.04226e+06,3.04226e+06,0
2,12,expert_FFN_4,GPU,3.04226e+06,3.14819e+06,105929
2,12,gate_proj,GPU,3.04226e+06,3.07745e+06,35189.9
2,12,Linear,GPU,3.04226e+06,3.07745e+06,35189.9
2,12,activation,GPU,3.07745e+06,3.07781e+06,359.255
2,12,up_proj,GPU,3.07781e+06,3.113e+06,35189.9
2,12,Linear,GPU,3.07781e+06,3.113e+06,35189.9
2,12,down_proj,GPU,3.113e+06,3.14819e+06,35189.9
2,12,Linear,GPU,3.113e+06,3.14819e+06,35189.9
2,12,expert_FFN_5,GPU,3.14819e+06,3.25382e+06,105636
2,12,gate_proj,GPU,3.14819e+06,3.18332e+06,35134.9
2,12,Linear,GPU,3.14819e+06,3.18332e+06,35134.9
2,12,activation,GPU,3.18332e+06,3.18355e+06,230.95
2,12,up_proj,GPU,3.18355e+06,3.21869e+06,35134.9
2,12,Linear,GPU,3.18355e+06,3.21869e+06,35134.9
2,12,down_proj,GPU,3.21869e+06,3.25382e+06,35134.9
2,12,Linear,GPU,3.21869e+06,3.25382e+06,35134.9
2,12,sync_2,GPU,3.25382e+06,3.25382e+06,0
2,12,sync__set,GPU,3.25382e+06,3.25382e+06,0
2,12,sync__,GPU,3.25382e+06,3.25382e+06,0
2,12,moe_all_reduce_for_e_tp,GPU,3.25382e+06,3.25382e+06,0
2,12,sync_3,GPU,3.25382e+06,3.25382e+06,0
2,12,sync__set,GPU,3.25382e+06,3.25382e+06,0
2,12,sync__,GPU,3.25382e+06,3.25382e+06,0
2,12,moe_gather,GPU,3.25382e+06,3.25382e+06,0
2,12,sync_for_moe_gather,GPU,3.25382e+06,3.25382e+06,0
2,12,sync__set,GPU,3.25382e+06,3.25382e+06,0
2,12,sync__,GPU,3.25382e+06,3.25382e+06,0
2,12,moe_all_reduce_for_gather,GPU,3.25382e+06,3.25906e+06,5236.91
2,12,sync_5,GPU,3.25906e+06,3.25906e+06,0
2,12,sync__set,GPU,3.25906e+06,3.25906e+06,0
2,12,sync__,GPU,3.25906e+06,3.25906e+06,0
2,12,sync_6,GPU,3.25906e+06,3.25906e+06,0
2,12,sync__set,GPU,3.25906e+06,3.25906e+06,0
2,12,sync__,GPU,3.25906e+06,3.25906e+06,0
2,12,residual_2,GPU,3.25906e+06,3.25922e+06,158.854
2,13,MoE_decoder_13,GPU,3.25922e+06,3.50998e+06,250763
2,13,input_layer_norm,GPU,3.25922e+06,3.25938e+06,158.854
2,13,attention,GPU,3.25938e+06,3.29272e+06,33345.5
2,13,attn_qkv_proj,GPU,3.25938e+06,3.26324e+06,3861.38
2,13,Linear,GPU,3.25938e+06,3.26324e+06,3861.38
2,13,self_attention,GPU,3.26324e+06,3.28488e+06,21646.9
2,13,AttentionSplit,GPU,3.26324e+06,3.26324e+06,0
2,13,AttentionSum,GPU,3.26324e+06,3.26324e+06,0
2,13,AttentionGen,GPU,3.26324e+06,3.28488e+06,21646.9
2,13,AttentionMerge,GPU,3.28488e+06,3.28488e+06,0
2,13,attn_o_proj,GPU,3.28488e+06,3.28748e+06,2600.32
2,13,Linear,GPU,3.28488e+06,3.28748e+06,2600.32
2,13,all_reduce,GPU,3.28748e+06,3.29272e+06,5236.91
2,13,residual_1,GPU,3.29272e+06,3.29288e+06,158.854
2,13,post_attn_layer_norm,GPU,3.29288e+06,3.29304e+06,158.854
2,13,expertFFN,GPU,3.29304e+06,3.50982e+06,216782
2,13,sync_0,GPU,3.29304e+06,3.29304e+06,0
2,13,sync__set,GPU,3.29304e+06,3.29304e+06,0
2,13,sync__,GPU,3.29304e+06,3.29304e+06,0
2,13,gate_fn,GPU,3.29304e+06,3.29314e+06,97.9093
2,13,Linear,GPU,3.29304e+06,3.29314e+06,97.9093
2,13,gate_update,GPU,3.29314e+06,3.29314e+06,0
2,13,moe_scatter,GPU,3.29314e+06,3.29314e+06,0
2,13,sync_for_moe_scatter,GPU,3.29314e+06,3.29314e+06,0
2,13,sync__set,GPU,3.29314e+06,3.29314e+06,0
2,13,sync__,GPU,3.29314e+06,3.29314e+06,0
2,13,moe_route,GPU,3.29314e+06,3.29314e+06,0
2,13,expert_FFN_4,GPU,3.29314e+06,3.39842e+06,105284
2,13,gate_proj,GPU,3.29314e+06,3.32821e+06,35068.9
2,13,Linear,GPU,3.29314e+06,3.32821e+06,35068.9
2,13,activation,GPU,3.32821e+06,3.32828e+06,76.9833
2,13,up_proj,GPU,3.32828e+06,3.36335e+06,35068.9
2,13,Linear,GPU,3.32828e+06,3.36335e+06,35068.9
2,13,down_proj,GPU,3.36335e+06,3.39842e+06,35068.9
2,13,Linear,GPU,3.36335e+06,3.39842e+06,35068.9
2,13,expert_FFN_5,GPU,3.39842e+06,3.50365e+06,105225
2,13,gate_proj,GPU,3.39842e+06,3.43348e+06,35057.9
2,13,Linear,GPU,3.39842e+06,3.43348e+06,35057.9
2,13,activation,GPU,3.43348e+06,3.43353e+06,51.3222
2,13,up_proj,GPU,3.43353e+06,3.46859e+06,35057.9
2,13,Linear,GPU,3.43353e+06,3.46859e+06,35057.9
2,13,down_proj,GPU,3.46859e+06,3.50365e+06,35057.9
2,13,Linear,GPU,3.46859e+06,3.50365e+06,35057.9
2,13,sync_2,GPU,3.50365e+06,3.50458e+06,938.463
2,13,sync__set,GPU,3.50365e+06,3.50365e+06,0
2,13,sync__,GPU,3.50365e+06,3.50458e+06,938.463
2,13,moe_all_reduce_for_e_tp,GPU,3.50458e+06,3.50458e+06,0
2,13,sync_3,GPU,3.50458e+06,3.50458e+06,0
2,13,sync__set,GPU,3.50458e+06,3.50458e+06,0
2,13,sync__,GPU,3.50458e+06,3.50458e+06,0
2,13,moe_gather,GPU,3.50458e+06,3.50458e+06,0
2,13,sync_for_moe_gather,GPU,3.50458e+06,3.50458e+06,0
2,13,sync__set,GPU,3.50458e+06,3.50458e+06,0
2,13,sync__,GPU,3.50458e+06,3.50458e+06,0
2,13,moe_all_reduce_for_gather,GPU,3.50458e+06,3.50982e+06,5236.91
2,13,sync_5,GPU,3.50982e+06,3.50982e+06,0
2,13,sync__set,GPU,3.50982e+06,3.50982e+06,0
2,13,sync__,GPU,3.50982e+06,3.50982e+06,0
2,13,sync_6,GPU,3.50982e+06,3.50982e+06,0
2,13,sync__set,GPU,3.50982e+06,3.50982e+06,0
2,13,sync__,GPU,3.50982e+06,3.50982e+06,0
2,13,residual_2,GPU,3.50982e+06,3.50998e+06,158.854
2,14,MoE_decoder_14,GPU,3.50998e+06,3.76074e+06,250763
2,14,input_layer_norm,GPU,3.50998e+06,3.51014e+06,158.854
2,14,attention,GPU,3.51014e+06,3.54348e+06,33345.5
2,14,attn_qkv_proj,GPU,3.51014e+06,3.514e+06,3861.38
2,14,Linear,GPU,3.51014e+06,3.514e+06,3861.38
2,14,self_attention,GPU,3.514e+06,3.53565e+06,21646.9
2,14,AttentionSplit,GPU,3.514e+06,3.514e+06,0
2,14,AttentionSum,GPU,3.514e+06,3.514e+06,0
2,14,AttentionGen,GPU,3.514e+06,3.53565e+06,21646.9
2,14,AttentionMerge,GPU,3.53565e+06,3.53565e+06,0
2,14,attn_o_proj,GPU,3.53565e+06,3.53825e+06,2600.32
2,14,Linear,GPU,3.53565e+06,3.53825e+06,2600.32
2,14,all_reduce,GPU,3.53825e+06,3.54348e+06,5236.91
2,14,residual_1,GPU,3.54348e+06,3.54364e+06,158.854
2,14,post_attn_layer_norm,GPU,3.54364e+06,3.5438e+06,158.854
2,14,expertFFN,GPU,3.5438e+06,3.76058e+06,216782
2,14,sync_0,GPU,3.5438e+06,3.5438e+06,0
2,14,sync__set,GPU,3.5438e+06,3.5438e+06,0
2,14,sync__,GPU,3.5438e+06,3.5438e+06,0
2,14,gate_fn,GPU,3.5438e+06,3.5439e+06,97.9093
2,14,Linear,GPU,3.5438e+06,3.5439e+06,97.9093
2,14,gate_update,GPU,3.5439e+06,3.5439e+06,0
2,14,moe_scatter,GPU,3.5439e+06,3.5439e+06,0
2,14,sync_for_moe_scatter,GPU,3.5439e+06,3.5439e+06,0
2,14,sync__set,GPU,3.5439e+06,3.5439e+06,0
2,14,sync__,GPU,3.5439e+06,3.5439e+06,0
2,14,moe_route,GPU,3.5439e+06,3.5439e+06,0
2,14,expert_FFN_4,GPU,3.5439e+06,3.64936e+06,105460
2,14,gate_proj,GPU,3.5439e+06,3.579e+06,35101.9
2,14,Linear,GPU,3.5439e+06,3.579e+06,35101.9
2,14,activation,GPU,3.579e+06,3.57916e+06,153.967
2,14,up_proj,GPU,3.57916e+06,3.61426e+06,35101.9
2,14,Linear,GPU,3.57916e+06,3.61426e+06,35101.9
2,14,down_proj,GPU,3.61426e+06,3.64936e+06,35101.9
2,14,Linear,GPU,3.61426e+06,3.64936e+06,35101.9
2,14,expert_FFN_5,GPU,3.64936e+06,3.755e+06,105636
2,14,gate_proj,GPU,3.64936e+06,3.6845e+06,35134.9
2,14,Linear,GPU,3.64936e+06,3.6845e+06,35134.9
2,14,activation,GPU,3.6845e+06,3.68473e+06,230.95
2,14,up_proj,GPU,3.68473e+06,3.71986e+06,35134.9
2,14,Linear,GPU,3.68473e+06,3.71986e+06,35134.9
2,14,down_proj,GPU,3.71986e+06,3.755e+06,35134.9
2,14,Linear,GPU,3.71986e+06,3.755e+06,35134.9
2,14,sync_2,GPU,3.755e+06,3.75535e+06,351.924
2,14,sync__set,GPU,3.755e+06,3.755e+06,0
2,14,sync__,GPU,3.755e+06,3.75535e+06,351.924
2,14,moe_all_reduce_for_e_tp,GPU,3.75535e+06,3.75535e+06,0
2,14,sync_3,GPU,3.75535e+06,3.75535e+06,0
2,14,sync__set,GPU,3.75535e+06,3.75535e+06,0
2,14,sync__,GPU,3.75535e+06,3.75535e+06,0
2,14,moe_gather,GPU,3.75535e+06,3.75535e+06,0
2,14,sync_for_moe_gather,GPU,3.75535e+06,3.75535e+06,0
2,14,sync__set,GPU,3.75535e+06,3.75535e+06,0
2,14,sync__,GPU,3.75535e+06,3.75535e+06,0
2,14,moe_all_reduce_for_gather,GPU,3.75535e+06,3.76058e+06,5236.91
2,14,sync_5,GPU,3.76058e+06,3.76058e+06,0
2,14,sync__set,GPU,3.76058e+06,3.76058e+06,0
2,14,sync__,GPU,3.76058e+06,3.76058e+06,0
2,14,sync_6,GPU,3.76058e+06,3.76058e+06,0
2,14,sync__set,GPU,3.76058e+06,3.76058e+06,0
2,14,sync__,GPU,3.76058e+06,3.76058e+06,0
2,14,residual_2,GPU,3.76058e+06,3.76074e+06,158.854
2,15,MoE_decoder_15,GPU,3.76074e+06,4.01133e+06,250587
2,15,input_layer_norm,GPU,3.76074e+06,3.7609e+06,158.854
2,15,attention,GPU,3.7609e+06,3.79425e+06,33345.5
2,15,attn_qkv_proj,GPU,3.7609e+06,3.76476e+06,3861.38
2,15,Linear,GPU,3.7609e+06,3.76476e+06,3861.38
2,15,self_attention,GPU,3.76476e+06,3.78641e+06,21646.9
2,15,AttentionSplit,GPU,3.76476e+06,3.76476e+06,0
2,15,AttentionSum,GPU,3.76476e+06,3.76476e+06,0
2,15,AttentionGen,GPU,3.76476e+06,3.78641e+06,21646.9
2,15,AttentionMerge,GPU,3.78641e+06,3.78641e+06,0
2,15,attn_o_proj,GPU,3.78641e+06,3.78901e+06,2600.32
2,15,Linear,GPU,3.78641e+06,3.78901e+06,2600.32
2,15,all_reduce,GPU,3.78901e+06,3.79425e+06,5236.91
2,15,residual_1,GPU,3.79425e+06,3.79441e+06,158.854
2,15,post_attn_layer_norm,GPU,3.79441e+06,3.79457e+06,158.854
2,15,expertFFN,GPU,3.79457e+06,4.01117e+06,216606
2,15,sync_0,GPU,3.79457e+06,3.79457e+06,0
2,15,sync__set,GPU,3.79457e+06,3.79457e+06,0
2,15,sync__,GPU,3.79457e+06,3.79457e+06,0
2,15,gate_fn,GPU,3.79457e+06,3.79466e+06,97.9093
2,15,Linear,GPU,3.79457e+06,3.79466e+06,97.9093
2,15,gate_update,GPU,3.79466e+06,3.79466e+06,0
2,15,moe_scatter,GPU,3.79466e+06,3.79466e+06,0
2,15,sync_for_moe_scatter,GPU,3.79466e+06,3.79466e+06,0
2,15,sync__set,GPU,3.79466e+06,3.79466e+06,0
2,15,sync__,GPU,3.79466e+06,3.79466e+06,0
2,15,moe_route,GPU,3.79466e+06,3.79466e+06,0
2,15,expert_FFN_4,GPU,3.79466e+06,3.90018e+06,105518
2,15,gate_proj,GPU,3.79466e+06,3.82978e+06,35112.9
2,15,Linear,GPU,3.79466e+06,3.82978e+06,35112.9
2,15,activation,GPU,3.82978e+06,3.82996e+06,179.628
2,15,up_proj,GPU,3.82996e+06,3.86507e+06,35112.9
2,15,Linear,GPU,3.82996e+06,3.86507e+06,35112.9
2,15,down_proj,GPU,3.86507e+06,3.90018e+06,35112.9
2,15,Linear,GPU,3.86507e+06,3.90018e+06,35112.9
2,15,expert_FFN_5,GPU,3.90018e+06,4.00588e+06,105694
2,15,gate_proj,GPU,3.90018e+06,3.93533e+06,35145.9
2,15,Linear,GPU,3.90018e+06,3.93533e+06,35145.9
2,15,activation,GPU,3.93533e+06,3.93558e+06,256.611
2,15,up_proj,GPU,3.93558e+06,3.97073e+06,35145.9
2,15,Linear,GPU,3.93558e+06,3.97073e+06,35145.9
2,15,down_proj,GPU,3.97073e+06,4.00588e+06,35145.9
2,15,Linear,GPU,3.97073e+06,4.00588e+06,35145.9
2,15,sync_2,GPU,4.00588e+06,4.00594e+06,58.6539
2,15,sync__set,GPU,4.00588e+06,4.00588e+06,0
2,15,sync__,GPU,4.00588e+06,4.00594e+06,58.6539
2,15,moe_all_reduce_for_e_tp,GPU,4.00594e+06,4.00594e+06,0
2,15,sync_3,GPU,4.00594e+06,4.00594e+06,0
2,15,sync__set,GPU,4.00594e+06,4.00594e+06,0
2,15,sync__,GPU,4.00594e+06,4.00594e+06,0
2,15,moe_gather,GPU,4.00594e+06,4.00594e+06,0
2,15,sync_for_moe_gather,GPU,4.00594e+06,4.00594e+06,0
2,15,sync__set,GPU,4.00594e+06,4.00594e+06,0
2,15,sync__,GPU,4.00594e+06,4.00594e+06,0
2,15,moe_all_reduce_for_gather,GPU,4.00594e+06,4.01117e+06,5236.91
2,15,sync_5,GPU,4.01117e+06,4.01117e+06,0
2,15,sync__set,GPU,4.01117e+06,4.01117e+06,0
2,15,sync__,GPU,4.01117e+06,4.01117e+06,0
2,15,sync_6,GPU,4.01117e+06,4.01117e+06,0
2,15,sync__set,GPU,4.01117e+06,4.01117e+06,0
2,15,sync__,GPU,4.01117e+06,4.01117e+06,0
2,15,residual_2,GPU,4.01117e+06,4.01133e+06,158.854
2,16,MoE_decoder_16,GPU,4.01133e+06,4.26186e+06,250529
2,16,input_layer_norm,GPU,4.01133e+06,4.01149e+06,158.854
2,16,attention,GPU,4.01149e+06,4.04484e+06,33345.5
2,16,attn_qkv_proj,GPU,4.01149e+06,4.01535e+06,3861.38
2,16,Linear,GPU,4.01149e+06,4.01535e+06,3861.38
2,16,self_attention,GPU,4.01535e+06,4.037e+06,21646.9
2,16,AttentionSplit,GPU,4.01535e+06,4.01535e+06,0
2,16,AttentionSum,GPU,4.01535e+06,4.01535e+06,0
2,16,AttentionGen,GPU,4.01535e+06,4.037e+06,21646.9
2,16,AttentionMerge,GPU,4.037e+06,4.037e+06,0
2,16,attn_o_proj,GPU,4.037e+06,4.0396e+06,2600.32
2,16,Linear,GPU,4.037e+06,4.0396e+06,2600.32
2,16,all_reduce,GPU,4.0396e+06,4.04484e+06,5236.91
2,16,residual_1,GPU,4.04484e+06,4.04499e+06,158.854
2,16,post_attn_layer_norm,GPU,4.04499e+06,4.04515e+06,158.854
2,16,expertFFN,GPU,4.04515e+06,4.2617e+06,216548
2,16,sync_0,GPU,4.04515e+06,4.04515e+06,0
2,16,sync__set,GPU,4.04515e+06,4.04515e+06,0
2,16,sync__,GPU,4.04515e+06,4.04515e+06,0
2,16,gate_fn,GPU,4.04515e+06,4.04525e+06,97.9093
2,16,Linear,GPU,4.04515e+06,4.04525e+06,97.9093
2,16,gate_update,GPU,4.04525e+06,4.04525e+06,0
2,16,moe_scatter,GPU,4.04525e+06,4.04525e+06,0
2,16,sync_for_moe_scatter,GPU,4.04525e+06,4.04525e+06,0
2,16,sync__set,GPU,4.04525e+06,4.04525e+06,0
2,16,sync__,GPU,4.04525e+06,4.04525e+06,0
2,16,moe_route,GPU,4.04525e+06,4.04525e+06,0
2,16,expert_FFN_4,GPU,4.04525e+06,4.15095e+06,105694
2,16,gate_proj,GPU,4.04525e+06,4.0804e+06,35145.9
2,16,Linear,GPU,4.04525e+06,4.0804e+06,35145.9
2,16,activation,GPU,4.0804e+06,4.08065e+06,256.611
2,16,up_proj,GPU,4.08065e+06,4.1158e+06,35145.9
2,16,Linear,GPU,4.08065e+06,4.1158e+06,35145.9
2,16,down_proj,GPU,4.1158e+06,4.15095e+06,35145.9
2,16,Linear,GPU,4.1158e+06,4.15095e+06,35145.9
2,16,expert_FFN_5,GPU,4.15095e+06,4.25646e+06,105518
2,16,gate_proj,GPU,4.15095e+06,4.18606e+06,35112.9
2,16,Linear,GPU,4.15095e+06,4.18606e+06,35112.9
2,16,activation,GPU,4.18606e+06,4.18624e+06,179.628
2,16,up_proj,GPU,4.18624e+06,4.22135e+06,35112.9
2,16,Linear,GPU,4.18624e+06,4.22135e+06,35112.9
2,16,down_proj,GPU,4.22135e+06,4.25646e+06,35112.9
2,16,Linear,GPU,4.22135e+06,4.25646e+06,35112.9
2,16,sync_2,GPU,4.25646e+06,4.25646e+06,0
2,16,sync__set,GPU,4.25646e+06,4.25646e+06,0
2,16,sync__,GPU,4.25646e+06,4.25646e+06,0
2,16,moe_all_reduce_for_e_tp,GPU,4.25646e+06,4.25646e+06,0
2,16,sync_3,GPU,4.25646e+06,4.25646e+06,0
2,16,sync__set,GPU,4.25646e+06,4.25646e+06,0
2,16,sync__,GPU,4.25646e+06,4.25646e+06,0
2,16,moe_gather,GPU,4.25646e+06,4.25646e+06,0
2,16,sync_for_moe_gather,GPU,4.25646e+06,4.25646e+06,0
2,16,sync__set,GPU,4.25646e+06,4.25646e+06,0
2,16,sync__,GPU,4.25646e+06,4.25646e+06,0
2,16,moe_all_reduce_for_gather,GPU,4.25646e+06,4.2617e+06,5236.91
2,16,sync_5,GPU,4.2617e+06,4.2617e+06,0
2,16,sync__set,GPU,4.2617e+06,4.2617e+06,0
2,16,sync__,GPU,4.2617e+06,4.2617e+06,0
2,16,sync_6,GPU,4.2617e+06,4.2617e+06,0
2,16,sync__set,GPU,4.2617e+06,4.2617e+06,0
2,16,sync__,GPU,4.2617e+06,4.2617e+06,0
2,16,residual_2,GPU,4.2617e+06,4.26186e+06,158.854
2,17,MoE_decoder_17,GPU,4.26186e+06,4.51262e+06,250763
2,17,input_layer_norm,GPU,4.26186e+06,4.26202e+06,158.854
2,17,attention,GPU,4.26202e+06,4.29536e+06,33345.5
2,17,attn_qkv_proj,GPU,4.26202e+06,4.26588e+06,3861.38
2,17,Linear,GPU,4.26202e+06,4.26588e+06,3861.38
2,17,self_attention,GPU,4.26588e+06,4.28753e+06,21646.9
2,17,AttentionSplit,GPU,4.26588e+06,4.26588e+06,0
2,17,AttentionSum,GPU,4.26588e+06,4.26588e+06,0
2,17,AttentionGen,GPU,4.26588e+06,4.28753e+06,21646.9
2,17,AttentionMerge,GPU,4.28753e+06,4.28753e+06,0
2,17,attn_o_proj,GPU,4.28753e+06,4.29013e+06,2600.32
2,17,Linear,GPU,4.28753e+06,4.29013e+06,2600.32
2,17,all_reduce,GPU,4.29013e+06,4.29536e+06,5236.91
2,17,residual_1,GPU,4.29536e+06,4.29552e+06,158.854
2,17,post_attn_layer_norm,GPU,4.29552e+06,4.29568e+06,158.854
2,17,expertFFN,GPU,4.29568e+06,4.51246e+06,216782
2,17,sync_0,GPU,4.29568e+06,4.29568e+06,0
2,17,sync__set,GPU,4.29568e+06,4.29568e+06,0
2,17,sync__,GPU,4.29568e+06,4.29568e+06,0
2,17,gate_fn,GPU,4.29568e+06,4.29578e+06,97.9093
2,17,Linear,GPU,4.29568e+06,4.29578e+06,97.9093
2,17,gate_update,GPU,4.29578e+06,4.29578e+06,0
2,17,moe_scatter,GPU,4.29578e+06,4.29578e+06,0
2,17,sync_for_moe_scatter,GPU,4.29578e+06,4.29578e+06,0
2,17,sync__set,GPU,4.29578e+06,4.29578e+06,0
2,17,sync__,GPU,4.29578e+06,4.29578e+06,0
2,17,moe_route,GPU,4.29578e+06,4.29578e+06,0
2,17,expert_FFN_4,GPU,4.29578e+06,4.40159e+06,105812
2,17,gate_proj,GPU,4.29578e+06,4.33095e+06,35167.9
2,17,Linear,GPU,4.29578e+06,4.33095e+06,35167.9
2,17,activation,GPU,4.33095e+06,4.33126e+06,307.933
2,17,up_proj,GPU,4.33126e+06,4.36642e+06,35167.9
2,17,Linear,GPU,4.33126e+06,4.36642e+06,35167.9
2,17,down_proj,GPU,4.36642e+06,4.40159e+06,35167.9
2,17,Linear,GPU,4.36642e+06,4.40159e+06,35167.9
2,17,expert_FFN_5,GPU,4.40159e+06,4.50723e+06,105636
2,17,gate_proj,GPU,4.40159e+06,4.43673e+06,35134.9
2,17,Linear,GPU,4.40159e+06,4.43673e+06,35134.9
2,17,activation,GPU,4.43673e+06,4.43696e+06,230.95
2,17,up_proj,GPU,4.43696e+06,4.47209e+06,35134.9
2,17,Linear,GPU,4.43696e+06,4.47209e+06,35134.9
2,17,down_proj,GPU,4.47209e+06,4.50723e+06,35134.9
2,17,Linear,GPU,4.47209e+06,4.50723e+06,35134.9
2,17,sync_2,GPU,4.50723e+06,4.50723e+06,0
2,17,sync__set,GPU,4.50723e+06,4.50723e+06,0
2,17,sync__,GPU,4.50723e+06,4.50723e+06,0
2,17,moe_all_reduce_for_e_tp,GPU,4.50723e+06,4.50723e+06,0
2,17,sync_3,GPU,4.50723e+06,4.50723e+06,0
2,17,sync__set,GPU,4.50723e+06,4.50723e+06,0
2,17,sync__,GPU,4.50723e+06,4.50723e+06,0
2,17,moe_gather,GPU,4.50723e+06,4.50723e+06,0
2,17,sync_for_moe_gather,GPU,4.50723e+06,4.50723e+06,0
2,17,sync__set,GPU,4.50723e+06,4.50723e+06,0
2,17,sync__,GPU,4.50723e+06,4.50723e+06,0
2,17,moe_all_reduce_for_gather,GPU,4.50723e+06,4.51246e+06,5236.91
2,17,sync_5,GPU,4.51246e+06,4.51246e+06,0
2,17,sync__set,GPU,4.51246e+06,4.51246e+06,0
2,17,sync__,GPU,4.51246e+06,4.51246e+06,0
2,17,sync_6,GPU,4.51246e+06,4.51246e+06,0
2,17,sync__set,GPU,4.51246e+06,4.51246e+06,0
2,17,sync__,GPU,4.51246e+06,4.51246e+06,0
2,17,residual_2,GPU,4.51246e+06,4.51262e+06,158.854
2,18,MoE_decoder_18,GPU,4.51262e+06,4.76321e+06,250587
2,18,input_layer_norm,GPU,4.51262e+06,4.51278e+06,158.854
2,18,attention,GPU,4.51278e+06,4.54613e+06,33345.5
2,18,attn_qkv_proj,GPU,4.51278e+06,4.51664e+06,3861.38
2,18,Linear,GPU,4.51278e+06,4.51664e+06,3861.38
2,18,self_attention,GPU,4.51664e+06,4.53829e+06,21646.9
2,18,AttentionSplit,GPU,4.51664e+06,4.51664e+06,0
2,18,AttentionSum,GPU,4.51664e+06,4.51664e+06,0
2,18,AttentionGen,GPU,4.51664e+06,4.53829e+06,21646.9
2,18,AttentionMerge,GPU,4.53829e+06,4.53829e+06,0
2,18,attn_o_proj,GPU,4.53829e+06,4.54089e+06,2600.32
2,18,Linear,GPU,4.53829e+06,4.54089e+06,2600.32
2,18,all_reduce,GPU,4.54089e+06,4.54613e+06,5236.91
2,18,residual_1,GPU,4.54613e+06,4.54629e+06,158.854
2,18,post_attn_layer_norm,GPU,4.54629e+06,4.54644e+06,158.854
2,18,expertFFN,GPU,4.54644e+06,4.76305e+06,216606
2,18,sync_0,GPU,4.54644e+06,4.54644e+06,0
2,18,sync__set,GPU,4.54644e+06,4.54644e+06,0
2,18,sync__,GPU,4.54644e+06,4.54644e+06,0
2,18,gate_fn,GPU,4.54644e+06,4.54654e+06,97.9093
2,18,Linear,GPU,4.54644e+06,4.54654e+06,97.9093
2,18,gate_update,GPU,4.54654e+06,4.54654e+06,0
2,18,moe_scatter,GPU,4.54654e+06,4.54654e+06,0
2,18,sync_for_moe_scatter,GPU,4.54654e+06,4.54654e+06,0
2,18,sync__set,GPU,4.54654e+06,4.54654e+06,0
2,18,sync__,GPU,4.54654e+06,4.54654e+06,0
2,18,moe_route,GPU,4.54654e+06,4.54654e+06,0
2,18,expert_FFN_4,GPU,4.54654e+06,4.65224e+06,105694
2,18,gate_proj,GPU,4.54654e+06,4.58169e+06,35145.9
2,18,Linear,GPU,4.54654e+06,4.58169e+06,35145.9
2,18,activation,GPU,4.58169e+06,4.58195e+06,256.611
2,18,up_proj,GPU,4.58195e+06,4.61709e+06,35145.9
2,18,Linear,GPU,4.58195e+06,4.61709e+06,35145.9
2,18,down_proj,GPU,4.61709e+06,4.65224e+06,35145.9
2,18,Linear,GPU,4.61709e+06,4.65224e+06,35145.9
2,18,expert_FFN_5,GPU,4.65224e+06,4.75781e+06,105577
2,18,gate_proj,GPU,4.65224e+06,4.68736e+06,35123.9
2,18,Linear,GPU,4.65224e+06,4.68736e+06,35123.9
2,18,activation,GPU,4.68736e+06,4.68757e+06,205.289
2,18,up_proj,GPU,4.68757e+06,4.72269e+06,35123.9
2,18,Linear,GPU,4.68757e+06,4.72269e+06,35123.9
2,18,down_proj,GPU,4.72269e+06,4.75781e+06,35123.9
2,18,Linear,GPU,4.72269e+06,4.75781e+06,35123.9
2,18,sync_2,GPU,4.75781e+06,4.75781e+06,0
2,18,sync__set,GPU,4.75781e+06,4.75781e+06,0
2,18,sync__,GPU,4.75781e+06,4.75781e+06,0
2,18,moe_all_reduce_for_e_tp,GPU,4.75781e+06,4.75781e+06,0
2,18,sync_3,GPU,4.75781e+06,4.75781e+06,0
2,18,sync__set,GPU,4.75781e+06,4.75781e+06,0
2,18,sync__,GPU,4.75781e+06,4.75781e+06,0
2,18,moe_gather,GPU,4.75781e+06,4.75781e+06,0
2,18,sync_for_moe_gather,GPU,4.75781e+06,4.75781e+06,0
2,18,sync__set,GPU,4.75781e+06,4.75781e+06,0
2,18,sync__,GPU,4.75781e+06,4.75781e+06,0
2,18,moe_all_reduce_for_gather,GPU,4.75781e+06,4.76305e+06,5236.91
2,18,sync_5,GPU,4.76305e+06,4.76305e+06,0
2,18,sync__set,GPU,4.76305e+06,4.76305e+06,0
2,18,sync__,GPU,4.76305e+06,4.76305e+06,0
2,18,sync_6,GPU,4.76305e+06,4.76305e+06,0
2,18,sync__set,GPU,4.76305e+06,4.76305e+06,0
2,18,sync__,GPU,4.76305e+06,4.76305e+06,0
2,18,residual_2,GPU,4.76305e+06,4.76321e+06,158.854
2,19,MoE_decoder_19,GPU,4.76321e+06,5.01391e+06,250705
2,19,input_layer_norm,GPU,4.76321e+06,4.76337e+06,158.854
2,19,attention,GPU,4.76337e+06,4.79671e+06,33345.5
2,19,attn_qkv_proj,GPU,4.76337e+06,4.76723e+06,3861.38
2,19,Linear,GPU,4.76337e+06,4.76723e+06,3861.38
2,19,self_attention,GPU,4.76723e+06,4.78888e+06,21646.9
2,19,AttentionSplit,GPU,4.76723e+06,4.76723e+06,0
2,19,AttentionSum,GPU,4.76723e+06,4.76723e+06,0
2,19,AttentionGen,GPU,4.76723e+06,4.78888e+06,21646.9
2,19,AttentionMerge,GPU,4.78888e+06,4.78888e+06,0
2,19,attn_o_proj,GPU,4.78888e+06,4.79148e+06,2600.32
2,19,Linear,GPU,4.78888e+06,4.79148e+06,2600.32
2,19,all_reduce,GPU,4.79148e+06,4.79671e+06,5236.91
2,19,residual_1,GPU,4.79671e+06,4.79687e+06,158.854
2,19,post_attn_layer_norm,GPU,4.79687e+06,4.79703e+06,158.854
2,19,expertFFN,GPU,4.79703e+06,5.01376e+06,216724
2,19,sync_0,GPU,4.79703e+06,4.79703e+06,0
2,19,sync__set,GPU,4.79703e+06,4.79703e+06,0
2,19,sync__,GPU,4.79703e+06,4.79703e+06,0
2,19,gate_fn,GPU,4.79703e+06,4.79713e+06,97.9093
2,19,Linear,GPU,4.79703e+06,4.79713e+06,97.9093
2,19,gate_update,GPU,4.79713e+06,4.79713e+06,0
2,19,moe_scatter,GPU,4.79713e+06,4.79713e+06,0
2,19,sync_for_moe_scatter,GPU,4.79713e+06,4.79713e+06,0
2,19,sync__set,GPU,4.79713e+06,4.79713e+06,0
2,19,sync__,GPU,4.79713e+06,4.79713e+06,0
2,19,moe_route,GPU,4.79713e+06,4.79713e+06,0
2,19,expert_FFN_4,GPU,4.79713e+06,4.903e+06,105870
2,19,gate_proj,GPU,4.79713e+06,4.83231e+06,35178.9
2,19,Linear,GPU,4.79713e+06,4.83231e+06,35178.9
2,19,activation,GPU,4.83231e+06,4.83264e+06,333.594
2,19,up_proj,GPU,4.83264e+06,4.86782e+06,35178.9
2,19,Linear,GPU,4.83264e+06,4.86782e+06,35178.9
2,19,down_proj,GPU,4.86782e+06,4.903e+06,35178.9
2,19,Linear,GPU,4.86782e+06,4.903e+06,35178.9
2,19,expert_FFN_5,GPU,4.903e+06,5.00852e+06,105518
2,19,gate_proj,GPU,4.903e+06,4.93811e+06,35112.9
2,19,Linear,GPU,4.903e+06,4.93811e+06,35112.9
2,19,activation,GPU,4.93811e+06,4.93829e+06,179.628
2,19,up_proj,GPU,4.93829e+06,4.97341e+06,35112.9
2,19,Linear,GPU,4.93829e+06,4.97341e+06,35112.9
2,19,down_proj,GPU,4.97341e+06,5.00852e+06,35112.9
2,19,Linear,GPU,4.97341e+06,5.00852e+06,35112.9
2,19,sync_2,GPU,5.00852e+06,5.00852e+06,0
2,19,sync__set,GPU,5.00852e+06,5.00852e+06,0
2,19,sync__,GPU,5.00852e+06,5.00852e+06,0
2,19,moe_all_reduce_for_e_tp,GPU,5.00852e+06,5.00852e+06,0
2,19,sync_3,GPU,5.00852e+06,5.00852e+06,0
2,19,sync__set,GPU,5.00852e+06,5.00852e+06,0
2,19,sync__,GPU,5.00852e+06,5.00852e+06,0
2,19,moe_gather,GPU,5.00852e+06,5.00852e+06,0
2,19,sync_for_moe_gather,GPU,5.00852e+06,5.00852e+06,0
2,19,sync__set,GPU,5.00852e+06,5.00852e+06,0
2,19,sync__,GPU,5.00852e+06,5.00852e+06,0
2,19,moe_all_reduce_for_gather,GPU,5.00852e+06,5.01376e+06,5236.91
2,19,sync_5,GPU,5.01376e+06,5.01376e+06,0
2,19,sync__set,GPU,5.01376e+06,5.01376e+06,0
2,19,sync__,GPU,5.01376e+06,5.01376e+06,0
2,19,sync_6,GPU,5.01376e+06,5.01376e+06,0
2,19,sync__set,GPU,5.01376e+06,5.01376e+06,0
2,19,sync__,GPU,5.01376e+06,5.01376e+06,0
2,19,residual_2,GPU,5.01376e+06,5.01391e+06,158.854
2,20,MoE_decoder_20,GPU,5.01391e+06,5.26462e+06,250705
2,20,input_layer_norm,GPU,5.01391e+06,5.01407e+06,158.854
2,20,attention,GPU,5.01407e+06,5.04742e+06,33345.5
2,20,attn_qkv_proj,GPU,5.01407e+06,5.01793e+06,3861.38
2,20,Linear,GPU,5.01407e+06,5.01793e+06,3861.38
2,20,self_attention,GPU,5.01793e+06,5.03958e+06,21646.9
2,20,AttentionSplit,GPU,5.01793e+06,5.01793e+06,0
2,20,AttentionSum,GPU,5.01793e+06,5.01793e+06,0
2,20,AttentionGen,GPU,5.01793e+06,5.03958e+06,21646.9
2,20,AttentionMerge,GPU,5.03958e+06,5.03958e+06,0
2,20,attn_o_proj,GPU,5.03958e+06,5.04218e+06,2600.32
2,20,Linear,GPU,5.03958e+06,5.04218e+06,2600.32
2,20,all_reduce,GPU,5.04218e+06,5.04742e+06,5236.91
2,20,residual_1,GPU,5.04742e+06,5.04758e+06,158.854
2,20,post_attn_layer_norm,GPU,5.04758e+06,5.04774e+06,158.854
2,20,expertFFN,GPU,5.04774e+06,5.26446e+06,216724
2,20,sync_0,GPU,5.04774e+06,5.04774e+06,0
2,20,sync__set,GPU,5.04774e+06,5.04774e+06,0
2,20,sync__,GPU,5.04774e+06,5.04774e+06,0
2,20,gate_fn,GPU,5.04774e+06,5.04783e+06,97.9093
2,20,Linear,GPU,5.04774e+06,5.04783e+06,97.9093
2,20,gate_update,GPU,5.04783e+06,5.04783e+06,0
2,20,moe_scatter,GPU,5.04783e+06,5.04783e+06,0
2,20,sync_for_moe_scatter,GPU,5.04783e+06,5.04783e+06,0
2,20,sync__set,GPU,5.04783e+06,5.04783e+06,0
2,20,sync__,GPU,5.04783e+06,5.04783e+06,0
2,20,moe_route,GPU,5.04783e+06,5.04783e+06,0
2,20,expert_FFN_4,GPU,5.04783e+06,5.15353e+06,105694
2,20,gate_proj,GPU,5.04783e+06,5.08298e+06,35145.9
2,20,Linear,GPU,5.04783e+06,5.08298e+06,35145.9
2,20,activation,GPU,5.08298e+06,5.08324e+06,256.611
2,20,up_proj,GPU,5.08324e+06,5.11838e+06,35145.9
2,20,Linear,GPU,5.08324e+06,5.11838e+06,35145.9
2,20,down_proj,GPU,5.11838e+06,5.15353e+06,35145.9
2,20,Linear,GPU,5.11838e+06,5.15353e+06,35145.9
2,20,expert_FFN_5,GPU,5.15353e+06,5.25922e+06,105694
2,20,gate_proj,GPU,5.15353e+06,5.18867e+06,35145.9
2,20,Linear,GPU,5.15353e+06,5.18867e+06,35145.9
2,20,activation,GPU,5.18867e+06,5.18893e+06,256.611
2,20,up_proj,GPU,5.18893e+06,5.22408e+06,35145.9
2,20,Linear,GPU,5.18893e+06,5.22408e+06,35145.9
2,20,down_proj,GPU,5.22408e+06,5.25922e+06,35145.9
2,20,Linear,GPU,5.22408e+06,5.25922e+06,35145.9
2,20,sync_2,GPU,5.25922e+06,5.25922e+06,0
2,20,sync__set,GPU,5.25922e+06,5.25922e+06,0
2,20,sync__,GPU,5.25922e+06,5.25922e+06,0
2,20,moe_all_reduce_for_e_tp,GPU,5.25922e+06,5.25922e+06,0
2,20,sync_3,GPU,5.25922e+06,5.25922e+06,0
2,20,sync__set,GPU,5.25922e+06,5.25922e+06,0
2,20,sync__,GPU,5.25922e+06,5.25922e+06,0
2,20,moe_gather,GPU,5.25922e+06,5.25922e+06,0
2,20,sync_for_moe_gather,GPU,5.25922e+06,5.25922e+06,0
2,20,sync__set,GPU,5.25922e+06,5.25922e+06,0
2,20,sync__,GPU,5.25922e+06,5.25922e+06,0
2,20,moe_all_reduce_for_gather,GPU,5.25922e+06,5.26446e+06,5236.91
2,20,sync_5,GPU,5.26446e+06,5.26446e+06,0
2,20,sync__set,GPU,5.26446e+06,5.26446e+06,0
2,20,sync__,GPU,5.26446e+06,5.26446e+06,0
2,20,sync_6,GPU,5.26446e+06,5.26446e+06,0
2,20,sync__set,GPU,5.26446e+06,5.26446e+06,0
2,20,sync__,GPU,5.26446e+06,5.26446e+06,0
2,20,residual_2,GPU,5.26446e+06,5.26462e+06,158.854
2,21,MoE_decoder_21,GPU,5.26462e+06,5.51562e+06,250998
2,21,input_layer_norm,GPU,5.26462e+06,5.26478e+06,158.854
2,21,attention,GPU,5.26478e+06,5.29812e+06,33345.5
2,21,attn_qkv_proj,GPU,5.26478e+06,5.26864e+06,3861.38
2,21,Linear,GPU,5.26478e+06,5.26864e+06,3861.38
2,21,self_attention,GPU,5.26864e+06,5.29029e+06,21646.9
2,21,AttentionSplit,GPU,5.26864e+06,5.26864e+06,0
2,21,AttentionSum,GPU,5.26864e+06,5.26864e+06,0
2,21,AttentionGen,GPU,5.26864e+06,5.29029e+06,21646.9
2,21,AttentionMerge,GPU,5.29029e+06,5.29029e+06,0
2,21,attn_o_proj,GPU,5.29029e+06,5.29289e+06,2600.32
2,21,Linear,GPU,5.29029e+06,5.29289e+06,2600.32
2,21,all_reduce,GPU,5.29289e+06,5.29812e+06,5236.91
2,21,residual_1,GPU,5.29812e+06,5.29828e+06,158.854
2,21,post_attn_layer_norm,GPU,5.29828e+06,5.29844e+06,158.854
2,21,expertFFN,GPU,5.29844e+06,5.51546e+06,217017
2,21,sync_0,GPU,5.29844e+06,5.29844e+06,0
2,21,sync__set,GPU,5.29844e+06,5.29844e+06,0
2,21,sync__,GPU,5.29844e+06,5.29844e+06,0
2,21,gate_fn,GPU,5.29844e+06,5.29854e+06,97.9093
2,21,Linear,GPU,5.29844e+06,5.29854e+06,97.9093
2,21,gate_update,GPU,5.29854e+06,5.29854e+06,0
2,21,moe_scatter,GPU,5.29854e+06,5.29854e+06,0
2,21,sync_for_moe_scatter,GPU,5.29854e+06,5.29854e+06,0
2,21,sync__set,GPU,5.29854e+06,5.29854e+06,0
2,21,sync__,GPU,5.29854e+06,5.29854e+06,0
2,21,moe_route,GPU,5.29854e+06,5.29854e+06,0
2,21,expert_FFN_4,GPU,5.29854e+06,5.40447e+06,105929
2,21,gate_proj,GPU,5.29854e+06,5.33373e+06,35189.9
2,21,Linear,GPU,5.29854e+06,5.33373e+06,35189.9
2,21,activation,GPU,5.33373e+06,5.33409e+06,359.255
2,21,up_proj,GPU,5.33409e+06,5.36928e+06,35189.9
2,21,Linear,GPU,5.33409e+06,5.36928e+06,35189.9
2,21,down_proj,GPU,5.36928e+06,5.40447e+06,35189.9
2,21,Linear,GPU,5.36928e+06,5.40447e+06,35189.9
2,21,expert_FFN_5,GPU,5.40447e+06,5.51022e+06,105753
2,21,gate_proj,GPU,5.40447e+06,5.43962e+06,35156.9
2,21,Linear,GPU,5.40447e+06,5.43962e+06,35156.9
2,21,activation,GPU,5.43962e+06,5.43991e+06,282.272
2,21,up_proj,GPU,5.43991e+06,5.47506e+06,35156.9
2,21,Linear,GPU,5.43991e+06,5.47506e+06,35156.9
2,21,down_proj,GPU,5.47506e+06,5.51022e+06,35156.9
2,21,Linear,GPU,5.47506e+06,5.51022e+06,35156.9
2,21,sync_2,GPU,5.51022e+06,5.51022e+06,0
2,21,sync__set,GPU,5.51022e+06,5.51022e+06,0
2,21,sync__,GPU,5.51022e+06,5.51022e+06,0
2,21,moe_all_reduce_for_e_tp,GPU,5.51022e+06,5.51022e+06,0
2,21,sync_3,GPU,5.51022e+06,5.51022e+06,0
2,21,sync__set,GPU,5.51022e+06,5.51022e+06,0
2,21,sync__,GPU,5.51022e+06,5.51022e+06,0
2,21,moe_gather,GPU,5.51022e+06,5.51022e+06,0
2,21,sync_for_moe_gather,GPU,5.51022e+06,5.51022e+06,0
2,21,sync__set,GPU,5.51022e+06,5.51022e+06,0
2,21,sync__,GPU,5.51022e+06,5.51022e+06,0
2,21,moe_all_reduce_for_gather,GPU,5.51022e+06,5.51546e+06,5236.91
2,21,sync_5,GPU,5.51546e+06,5.51546e+06,0
2,21,sync__set,GPU,5.51546e+06,5.51546e+06,0
2,21,sync__,GPU,5.51546e+06,5.51546e+06,0
2,21,sync_6,GPU,5.51546e+06,5.51546e+06,0
2,21,sync__set,GPU,5.51546e+06,5.51546e+06,0
2,21,sync__,GPU,5.51546e+06,5.51546e+06,0
2,21,residual_2,GPU,5.51546e+06,5.51562e+06,158.854
2,22,MoE_decoder_22,GPU,5.51562e+06,5.76626e+06,250646
2,22,input_layer_norm,GPU,5.51562e+06,5.51578e+06,158.854
2,22,attention,GPU,5.51578e+06,5.54912e+06,33345.5
2,22,attn_qkv_proj,GPU,5.51578e+06,5.51964e+06,3861.38
2,22,Linear,GPU,5.51578e+06,5.51964e+06,3861.38
2,22,self_attention,GPU,5.51964e+06,5.54128e+06,21646.9
2,22,AttentionSplit,GPU,5.51964e+06,5.51964e+06,0
2,22,AttentionSum,GPU,5.51964e+06,5.51964e+06,0
2,22,AttentionGen,GPU,5.51964e+06,5.54128e+06,21646.9
2,22,AttentionMerge,GPU,5.54128e+06,5.54128e+06,0
2,22,attn_o_proj,GPU,5.54128e+06,5.54388e+06,2600.32
2,22,Linear,GPU,5.54128e+06,5.54388e+06,2600.32
2,22,all_reduce,GPU,5.54388e+06,5.54912e+06,5236.91
2,22,residual_1,GPU,5.54912e+06,5.54928e+06,158.854
2,22,post_attn_layer_norm,GPU,5.54928e+06,5.54944e+06,158.854
2,22,expertFFN,GPU,5.54944e+06,5.7661e+06,216665
2,22,sync_0,GPU,5.54944e+06,5.54944e+06,0
2,22,sync__set,GPU,5.54944e+06,5.54944e+06,0
2,22,sync__,GPU,5.54944e+06,5.54944e+06,0
2,22,gate_fn,GPU,5.54944e+06,5.54954e+06,97.9093
2,22,Linear,GPU,5.54944e+06,5.54954e+06,97.9093
2,22,gate_update,GPU,5.54954e+06,5.54954e+06,0
2,22,moe_scatter,GPU,5.54954e+06,5.54954e+06,0
2,22,sync_for_moe_scatter,GPU,5.54954e+06,5.54954e+06,0
2,22,sync__set,GPU,5.54954e+06,5.54954e+06,0
2,22,sync__,GPU,5.54954e+06,5.54954e+06,0
2,22,moe_route,GPU,5.54954e+06,5.54954e+06,0
2,22,expert_FFN_4,GPU,5.54954e+06,5.65523e+06,105694
2,22,gate_proj,GPU,5.54954e+06,5.58468e+06,35145.9
2,22,Linear,GPU,5.54954e+06,5.58468e+06,35145.9
2,22,activation,GPU,5.58468e+06,5.58494e+06,256.611
2,22,up_proj,GPU,5.58494e+06,5.62009e+06,35145.9
2,22,Linear,GPU,5.58494e+06,5.62009e+06,35145.9
2,22,down_proj,GPU,5.62009e+06,5.65523e+06,35145.9
2,22,Linear,GPU,5.62009e+06,5.65523e+06,35145.9
2,22,expert_FFN_5,GPU,5.65523e+06,5.76063e+06,105401
2,22,gate_proj,GPU,5.65523e+06,5.69032e+06,35090.9
2,22,Linear,GPU,5.65523e+06,5.69032e+06,35090.9
2,22,activation,GPU,5.69032e+06,5.69045e+06,128.305
2,22,up_proj,GPU,5.69045e+06,5.72554e+06,35090.9
2,22,Linear,GPU,5.69045e+06,5.72554e+06,35090.9
2,22,down_proj,GPU,5.72554e+06,5.76063e+06,35090.9
2,22,Linear,GPU,5.72554e+06,5.76063e+06,35090.9
2,22,sync_2,GPU,5.76063e+06,5.76087e+06,234.616
2,22,sync__set,GPU,5.76063e+06,5.76063e+06,0
2,22,sync__,GPU,5.76063e+06,5.76087e+06,234.616
2,22,moe_all_reduce_for_e_tp,GPU,5.76087e+06,5.76087e+06,0
2,22,sync_3,GPU,5.76087e+06,5.76087e+06,0
2,22,sync__set,GPU,5.76087e+06,5.76087e+06,0
2,22,sync__,GPU,5.76087e+06,5.76087e+06,0
2,22,moe_gather,GPU,5.76087e+06,5.76087e+06,0
2,22,sync_for_moe_gather,GPU,5.76087e+06,5.76087e+06,0
2,22,sync__set,GPU,5.76087e+06,5.76087e+06,0
2,22,sync__,GPU,5.76087e+06,5.76087e+06,0
2,22,moe_all_reduce_for_gather,GPU,5.76087e+06,5.7661e+06,5236.91
2,22,sync_5,GPU,5.7661e+06,5.7661e+06,0
2,22,sync__set,GPU,5.7661e+06,5.7661e+06,0
2,22,sync__,GPU,5.7661e+06,5.7661e+06,0
2,22,sync_6,GPU,5.7661e+06,5.7661e+06,0
2,22,sync__set,GPU,5.7661e+06,5.7661e+06,0
2,22,sync__,GPU,5.7661e+06,5.7661e+06,0
2,22,residual_2,GPU,5.7661e+06,5.76626e+06,158.854
2,23,MoE_decoder_23,GPU,5.76626e+06,6.01685e+06,250587
2,23,input_layer_norm,GPU,5.76626e+06,5.76642e+06,158.854
2,23,attention,GPU,5.76642e+06,5.79977e+06,33345.5
2,23,attn_qkv_proj,GPU,5.76642e+06,5.77028e+06,3861.38
2,23,Linear,GPU,5.76642e+06,5.77028e+06,3861.38
2,23,self_attention,GPU,5.77028e+06,5.79193e+06,21646.9
2,23,AttentionSplit,GPU,5.77028e+06,5.77028e+06,0
2,23,AttentionSum,GPU,5.77028e+06,5.77028e+06,0
2,23,AttentionGen,GPU,5.77028e+06,5.79193e+06,21646.9
2,23,AttentionMerge,GPU,5.79193e+06,5.79193e+06,0
2,23,attn_o_proj,GPU,5.79193e+06,5.79453e+06,2600.32
2,23,Linear,GPU,5.79193e+06,5.79453e+06,2600.32
2,23,all_reduce,GPU,5.79453e+06,5.79977e+06,5236.91
2,23,residual_1,GPU,5.79977e+06,5.79993e+06,158.854
2,23,post_attn_layer_norm,GPU,5.79993e+06,5.80008e+06,158.854
2,23,expertFFN,GPU,5.80008e+06,6.01669e+06,216606
2,23,sync_0,GPU,5.80008e+06,5.80008e+06,0
2,23,sync__set,GPU,5.80008e+06,5.80008e+06,0
2,23,sync__,GPU,5.80008e+06,5.80008e+06,0
2,23,gate_fn,GPU,5.80008e+06,5.80018e+06,97.9093
2,23,Linear,GPU,5.80008e+06,5.80018e+06,97.9093
2,23,gate_update,GPU,5.80018e+06,5.80018e+06,0
2,23,moe_scatter,GPU,5.80018e+06,5.80018e+06,0
2,23,sync_for_moe_scatter,GPU,5.80018e+06,5.80018e+06,0
2,23,sync__set,GPU,5.80018e+06,5.80018e+06,0
2,23,sync__,GPU,5.80018e+06,5.80018e+06,0
2,23,moe_route,GPU,5.80018e+06,5.80018e+06,0
2,23,expert_FFN_4,GPU,5.80018e+06,5.9057e+06,105518
2,23,gate_proj,GPU,5.80018e+06,5.8353e+06,35112.9
2,23,Linear,GPU,5.80018e+06,5.8353e+06,35112.9
2,23,activation,GPU,5.8353e+06,5.83548e+06,179.628
2,23,up_proj,GPU,5.83548e+06,5.87059e+06,35112.9
2,23,Linear,GPU,5.83548e+06,5.87059e+06,35112.9
2,23,down_proj,GPU,5.87059e+06,5.9057e+06,35112.9
2,23,Linear,GPU,5.87059e+06,5.9057e+06,35112.9
2,23,expert_FFN_5,GPU,5.9057e+06,6.01122e+06,105518
2,23,gate_proj,GPU,5.9057e+06,5.94081e+06,35112.9
2,23,Linear,GPU,5.9057e+06,5.94081e+06,35112.9
2,23,activation,GPU,5.94081e+06,5.94099e+06,179.628
2,23,up_proj,GPU,5.94099e+06,5.97611e+06,35112.9
2,23,Linear,GPU,5.94099e+06,5.97611e+06,35112.9
2,23,down_proj,GPU,5.97611e+06,6.01122e+06,35112.9
2,23,Linear,GPU,5.97611e+06,6.01122e+06,35112.9
2,23,sync_2,GPU,6.01122e+06,6.01145e+06,234.616
2,23,sync__set,GPU,6.01122e+06,6.01122e+06,0
2,23,sync__,GPU,6.01122e+06,6.01145e+06,234.616
2,23,moe_all_reduce_for_e_tp,GPU,6.01145e+06,6.01145e+06,0
2,23,sync_3,GPU,6.01145e+06,6.01145e+06,0
2,23,sync__set,GPU,6.01145e+06,6.01145e+06,0
2,23,sync__,GPU,6.01145e+06,6.01145e+06,0
2,23,moe_gather,GPU,6.01145e+06,6.01145e+06,0
2,23,sync_for_moe_gather,GPU,6.01145e+06,6.01145e+06,0
2,23,sync__set,GPU,6.01145e+06,6.01145e+06,0
2,23,sync__,GPU,6.01145e+06,6.01145e+06,0
2,23,moe_all_reduce_for_gather,GPU,6.01145e+06,6.01669e+06,5236.91
2,23,sync_5,GPU,6.01669e+06,6.01669e+06,0
2,23,sync__set,GPU,6.01669e+06,6.01669e+06,0
2,23,sync__,GPU,6.01669e+06,6.01669e+06,0
2,23,sync_6,GPU,6.01669e+06,6.01669e+06,0
2,23,sync__set,GPU,6.01669e+06,6.01669e+06,0
2,23,sync__,GPU,6.01669e+06,6.01669e+06,0
2,23,residual_2,GPU,6.01669e+06,6.01685e+06,158.854
2,24,MoE_decoder_24,GPU,6.01685e+06,6.26761e+06,250763
2,24,input_layer_norm,GPU,6.01685e+06,6.01701e+06,158.854
2,24,attention,GPU,6.01701e+06,6.05035e+06,33345.5
2,24,attn_qkv_proj,GPU,6.01701e+06,6.02087e+06,3861.38
2,24,Linear,GPU,6.01701e+06,6.02087e+06,3861.38
2,24,self_attention,GPU,6.02087e+06,6.04252e+06,21646.9
2,24,AttentionSplit,GPU,6.02087e+06,6.02087e+06,0
2,24,AttentionSum,GPU,6.02087e+06,6.02087e+06,0
2,24,AttentionGen,GPU,6.02087e+06,6.04252e+06,21646.9
2,24,AttentionMerge,GPU,6.04252e+06,6.04252e+06,0
2,24,attn_o_proj,GPU,6.04252e+06,6.04512e+06,2600.32
2,24,Linear,GPU,6.04252e+06,6.04512e+06,2600.32
2,24,all_reduce,GPU,6.04512e+06,6.05035e+06,5236.91
2,24,residual_1,GPU,6.05035e+06,6.05051e+06,158.854
2,24,post_attn_layer_norm,GPU,6.05051e+06,6.05067e+06,158.854
2,24,expertFFN,GPU,6.05067e+06,6.26745e+06,216782
2,24,sync_0,GPU,6.05067e+06,6.05067e+06,0
2,24,sync__set,GPU,6.05067e+06,6.05067e+06,0
2,24,sync__,GPU,6.05067e+06,6.05067e+06,0
2,24,gate_fn,GPU,6.05067e+06,6.05077e+06,97.9093
2,24,Linear,GPU,6.05067e+06,6.05077e+06,97.9093
2,24,gate_update,GPU,6.05077e+06,6.05077e+06,0
2,24,moe_scatter,GPU,6.05077e+06,6.05077e+06,0
2,24,sync_for_moe_scatter,GPU,6.05077e+06,6.05077e+06,0
2,24,sync__set,GPU,6.05077e+06,6.05077e+06,0
2,24,sync__,GPU,6.05077e+06,6.05077e+06,0
2,24,moe_route,GPU,6.05077e+06,6.05077e+06,0
2,24,expert_FFN_4,GPU,6.05077e+06,6.15641e+06,105636
2,24,gate_proj,GPU,6.05077e+06,6.0859e+06,35134.9
2,24,Linear,GPU,6.05077e+06,6.0859e+06,35134.9
2,24,activation,GPU,6.0859e+06,6.08614e+06,230.95
2,24,up_proj,GPU,6.08614e+06,6.12127e+06,35134.9
2,24,Linear,GPU,6.08614e+06,6.12127e+06,35134.9
2,24,down_proj,GPU,6.12127e+06,6.15641e+06,35134.9
2,24,Linear,GPU,6.12127e+06,6.15641e+06,35134.9
2,24,expert_FFN_5,GPU,6.15641e+06,6.26222e+06,105812
2,24,gate_proj,GPU,6.15641e+06,6.19157e+06,35167.9
2,24,Linear,GPU,6.15641e+06,6.19157e+06,35167.9
2,24,activation,GPU,6.19157e+06,6.19188e+06,307.933
2,24,up_proj,GPU,6.19188e+06,6.22705e+06,35167.9
2,24,Linear,GPU,6.19188e+06,6.22705e+06,35167.9
2,24,down_proj,GPU,6.22705e+06,6.26222e+06,35167.9
2,24,Linear,GPU,6.22705e+06,6.26222e+06,35167.9
2,24,sync_2,GPU,6.26222e+06,6.26222e+06,0
2,24,sync__set,GPU,6.26222e+06,6.26222e+06,0
2,24,sync__,GPU,6.26222e+06,6.26222e+06,0
2,24,moe_all_reduce_for_e_tp,GPU,6.26222e+06,6.26222e+06,0
2,24,sync_3,GPU,6.26222e+06,6.26222e+06,0
2,24,sync__set,GPU,6.26222e+06,6.26222e+06,0
2,24,sync__,GPU,6.26222e+06,6.26222e+06,0
2,24,moe_gather,GPU,6.26222e+06,6.26222e+06,0
2,24,sync_for_moe_gather,GPU,6.26222e+06,6.26222e+06,0
2,24,sync__set,GPU,6.26222e+06,6.26222e+06,0
2,24,sync__,GPU,6.26222e+06,6.26222e+06,0
2,24,moe_all_reduce_for_gather,GPU,6.26222e+06,6.26745e+06,5236.91
2,24,sync_5,GPU,6.26745e+06,6.26745e+06,0
2,24,sync__set,GPU,6.26745e+06,6.26745e+06,0
2,24,sync__,GPU,6.26745e+06,6.26745e+06,0
2,24,sync_6,GPU,6.26745e+06,6.26745e+06,0
2,24,sync__set,GPU,6.26745e+06,6.26745e+06,0
2,24,sync__,GPU,6.26745e+06,6.26745e+06,0
2,24,residual_2,GPU,6.26745e+06,6.26761e+06,158.854
2,25,MoE_decoder_25,GPU,6.26761e+06,6.51826e+06,250646
2,25,input_layer_norm,GPU,6.26761e+06,6.26777e+06,158.854
2,25,attention,GPU,6.26777e+06,6.30112e+06,33345.5
2,25,attn_qkv_proj,GPU,6.26777e+06,6.27163e+06,3861.38
2,25,Linear,GPU,6.26777e+06,6.27163e+06,3861.38
2,25,self_attention,GPU,6.27163e+06,6.29328e+06,21646.9
2,25,AttentionSplit,GPU,6.27163e+06,6.27163e+06,0
2,25,AttentionSum,GPU,6.27163e+06,6.27163e+06,0
2,25,AttentionGen,GPU,6.27163e+06,6.29328e+06,21646.9
2,25,AttentionMerge,GPU,6.29328e+06,6.29328e+06,0
2,25,attn_o_proj,GPU,6.29328e+06,6.29588e+06,2600.32
2,25,Linear,GPU,6.29328e+06,6.29588e+06,2600.32
2,25,all_reduce,GPU,6.29588e+06,6.30112e+06,5236.91
2,25,residual_1,GPU,6.30112e+06,6.30128e+06,158.854
2,25,post_attn_layer_norm,GPU,6.30128e+06,6.30144e+06,158.854
2,25,expertFFN,GPU,6.30144e+06,6.5181e+06,216665
2,25,sync_0,GPU,6.30144e+06,6.30144e+06,0
2,25,sync__set,GPU,6.30144e+06,6.30144e+06,0
2,25,sync__,GPU,6.30144e+06,6.30144e+06,0
2,25,gate_fn,GPU,6.30144e+06,6.30153e+06,97.9093
2,25,Linear,GPU,6.30144e+06,6.30153e+06,97.9093
2,25,gate_update,GPU,6.30153e+06,6.30153e+06,0
2,25,moe_scatter,GPU,6.30153e+06,6.30153e+06,0
2,25,sync_for_moe_scatter,GPU,6.30153e+06,6.30153e+06,0
2,25,sync__set,GPU,6.30153e+06,6.30153e+06,0
2,25,sync__,GPU,6.30153e+06,6.30153e+06,0
2,25,moe_route,GPU,6.30153e+06,6.30153e+06,0
2,25,expert_FFN_4,GPU,6.30153e+06,6.40723e+06,105694
2,25,gate_proj,GPU,6.30153e+06,6.33668e+06,35145.9
2,25,Linear,GPU,6.30153e+06,6.33668e+06,35145.9
2,25,activation,GPU,6.33668e+06,6.33694e+06,256.611
2,25,up_proj,GPU,6.33694e+06,6.37208e+06,35145.9
2,25,Linear,GPU,6.33694e+06,6.37208e+06,35145.9
2,25,down_proj,GPU,6.37208e+06,6.40723e+06,35145.9
2,25,Linear,GPU,6.37208e+06,6.40723e+06,35145.9
2,25,expert_FFN_5,GPU,6.40723e+06,6.51286e+06,105636
2,25,gate_proj,GPU,6.40723e+06,6.44236e+06,35134.9
2,25,Linear,GPU,6.40723e+06,6.44236e+06,35134.9
2,25,activation,GPU,6.44236e+06,6.44259e+06,230.95
2,25,up_proj,GPU,6.44259e+06,6.47773e+06,35134.9
2,25,Linear,GPU,6.44259e+06,6.47773e+06,35134.9
2,25,down_proj,GPU,6.47773e+06,6.51286e+06,35134.9
2,25,Linear,GPU,6.47773e+06,6.51286e+06,35134.9
2,25,sync_2,GPU,6.51286e+06,6.51286e+06,0
2,25,sync__set,GPU,6.51286e+06,6.51286e+06,0
2,25,sync__,GPU,6.51286e+06,6.51286e+06,0
2,25,moe_all_reduce_for_e_tp,GPU,6.51286e+06,6.51286e+06,0
2,25,sync_3,GPU,6.51286e+06,6.51286e+06,0
2,25,sync__set,GPU,6.51286e+06,6.51286e+06,0
2,25,sync__,GPU,6.51286e+06,6.51286e+06,0
2,25,moe_gather,GPU,6.51286e+06,6.51286e+06,0
2,25,sync_for_moe_gather,GPU,6.51286e+06,6.51286e+06,0
2,25,sync__set,GPU,6.51286e+06,6.51286e+06,0
2,25,sync__,GPU,6.51286e+06,6.51286e+06,0
2,25,moe_all_reduce_for_gather,GPU,6.51286e+06,6.5181e+06,5236.91
2,25,sync_5,GPU,6.5181e+06,6.5181e+06,0
2,25,sync__set,GPU,6.5181e+06,6.5181e+06,0
2,25,sync__,GPU,6.5181e+06,6.5181e+06,0
2,25,sync_6,GPU,6.5181e+06,6.5181e+06,0
2,25,sync__set,GPU,6.5181e+06,6.5181e+06,0
2,25,sync__,GPU,6.5181e+06,6.5181e+06,0
2,25,residual_2,GPU,6.5181e+06,6.51826e+06,158.854
2,26,MoE_decoder_26,GPU,6.51826e+06,6.7689e+06,250646
2,26,input_layer_norm,GPU,6.51826e+06,6.51842e+06,158.854
2,26,attention,GPU,6.51842e+06,6.55176e+06,33345.5
2,26,attn_qkv_proj,GPU,6.51842e+06,6.52228e+06,3861.38
2,26,Linear,GPU,6.51842e+06,6.52228e+06,3861.38
2,26,self_attention,GPU,6.52228e+06,6.54393e+06,21646.9
2,26,AttentionSplit,GPU,6.52228e+06,6.52228e+06,0
2,26,AttentionSum,GPU,6.52228e+06,6.52228e+06,0
2,26,AttentionGen,GPU,6.52228e+06,6.54393e+06,21646.9
2,26,AttentionMerge,GPU,6.54393e+06,6.54393e+06,0
2,26,attn_o_proj,GPU,6.54393e+06,6.54653e+06,2600.32
2,26,Linear,GPU,6.54393e+06,6.54653e+06,2600.32
2,26,all_reduce,GPU,6.54653e+06,6.55176e+06,5236.91
2,26,residual_1,GPU,6.55176e+06,6.55192e+06,158.854
2,26,post_attn_layer_norm,GPU,6.55192e+06,6.55208e+06,158.854
2,26,expertFFN,GPU,6.55208e+06,6.76875e+06,216665
2,26,sync_0,GPU,6.55208e+06,6.55208e+06,0
2,26,sync__set,GPU,6.55208e+06,6.55208e+06,0
2,26,sync__,GPU,6.55208e+06,6.55208e+06,0
2,26,gate_fn,GPU,6.55208e+06,6.55218e+06,97.9093
2,26,Linear,GPU,6.55208e+06,6.55218e+06,97.9093
2,26,gate_update,GPU,6.55218e+06,6.55218e+06,0
2,26,moe_scatter,GPU,6.55218e+06,6.55218e+06,0
2,26,sync_for_moe_scatter,GPU,6.55218e+06,6.55218e+06,0
2,26,sync__set,GPU,6.55218e+06,6.55218e+06,0
2,26,sync__,GPU,6.55218e+06,6.55218e+06,0
2,26,moe_route,GPU,6.55218e+06,6.55218e+06,0
2,26,expert_FFN_4,GPU,6.55218e+06,6.65793e+06,105753
2,26,gate_proj,GPU,6.55218e+06,6.58734e+06,35156.9
2,26,Linear,GPU,6.55218e+06,6.58734e+06,35156.9
2,26,activation,GPU,6.58734e+06,6.58762e+06,282.272
2,26,up_proj,GPU,6.58762e+06,6.62277e+06,35156.9
2,26,Linear,GPU,6.58762e+06,6.62277e+06,35156.9
2,26,down_proj,GPU,6.62277e+06,6.65793e+06,35156.9
2,26,Linear,GPU,6.62277e+06,6.65793e+06,35156.9
2,26,expert_FFN_5,GPU,6.65793e+06,6.76351e+06,105577
2,26,gate_proj,GPU,6.65793e+06,6.69306e+06,35123.9
2,26,Linear,GPU,6.65793e+06,6.69306e+06,35123.9
2,26,activation,GPU,6.69306e+06,6.69326e+06,205.289
2,26,up_proj,GPU,6.69326e+06,6.72839e+06,35123.9
2,26,Linear,GPU,6.69326e+06,6.72839e+06,35123.9
2,26,down_proj,GPU,6.72839e+06,6.76351e+06,35123.9
2,26,Linear,GPU,6.72839e+06,6.76351e+06,35123.9
2,26,sync_2,GPU,6.76351e+06,6.76351e+06,0
2,26,sync__set,GPU,6.76351e+06,6.76351e+06,0
2,26,sync__,GPU,6.76351e+06,6.76351e+06,0
2,26,moe_all_reduce_for_e_tp,GPU,6.76351e+06,6.76351e+06,0
2,26,sync_3,GPU,6.76351e+06,6.76351e+06,0
2,26,sync__set,GPU,6.76351e+06,6.76351e+06,0
2,26,sync__,GPU,6.76351e+06,6.76351e+06,0
2,26,moe_gather,GPU,6.76351e+06,6.76351e+06,0
2,26,sync_for_moe_gather,GPU,6.76351e+06,6.76351e+06,0
2,26,sync__set,GPU,6.76351e+06,6.76351e+06,0
2,26,sync__,GPU,6.76351e+06,6.76351e+06,0
2,26,moe_all_reduce_for_gather,GPU,6.76351e+06,6.76875e+06,5236.91
2,26,sync_5,GPU,6.76875e+06,6.76875e+06,0
2,26,sync__set,GPU,6.76875e+06,6.76875e+06,0
2,26,sync__,GPU,6.76875e+06,6.76875e+06,0
2,26,sync_6,GPU,6.76875e+06,6.76875e+06,0
2,26,sync__set,GPU,6.76875e+06,6.76875e+06,0
2,26,sync__,GPU,6.76875e+06,6.76875e+06,0
2,26,residual_2,GPU,6.76875e+06,6.7689e+06,158.854
2,27,MoE_decoder_27,GPU,6.7689e+06,7.01949e+06,250587
2,27,input_layer_norm,GPU,6.7689e+06,6.76906e+06,158.854
2,27,attention,GPU,6.76906e+06,6.80241e+06,33345.5
2,27,attn_qkv_proj,GPU,6.76906e+06,6.77292e+06,3861.38
2,27,Linear,GPU,6.76906e+06,6.77292e+06,3861.38
2,27,self_attention,GPU,6.77292e+06,6.79457e+06,21646.9
2,27,AttentionSplit,GPU,6.77292e+06,6.77292e+06,0
2,27,AttentionSum,GPU,6.77292e+06,6.77292e+06,0
2,27,AttentionGen,GPU,6.77292e+06,6.79457e+06,21646.9
2,27,AttentionMerge,GPU,6.79457e+06,6.79457e+06,0
2,27,attn_o_proj,GPU,6.79457e+06,6.79717e+06,2600.32
2,27,Linear,GPU,6.79457e+06,6.79717e+06,2600.32
2,27,all_reduce,GPU,6.79717e+06,6.80241e+06,5236.91
2,27,residual_1,GPU,6.80241e+06,6.80257e+06,158.854
2,27,post_attn_layer_norm,GPU,6.80257e+06,6.80273e+06,158.854
2,27,expertFFN,GPU,6.80273e+06,7.01933e+06,216606
2,27,sync_0,GPU,6.80273e+06,6.80273e+06,0
2,27,sync__set,GPU,6.80273e+06,6.80273e+06,0
2,27,sync__,GPU,6.80273e+06,6.80273e+06,0
2,27,gate_fn,GPU,6.80273e+06,6.80282e+06,97.9093
2,27,Linear,GPU,6.80273e+06,6.80282e+06,97.9093
2,27,gate_update,GPU,6.80282e+06,6.80282e+06,0
2,27,moe_scatter,GPU,6.80282e+06,6.80282e+06,0
2,27,sync_for_moe_scatter,GPU,6.80282e+06,6.80282e+06,0
2,27,sync__set,GPU,6.80282e+06,6.80282e+06,0
2,27,sync__,GPU,6.80282e+06,6.80282e+06,0
2,27,moe_route,GPU,6.80282e+06,6.80282e+06,0
2,27,expert_FFN_4,GPU,6.80282e+06,6.90852e+06,105694
2,27,gate_proj,GPU,6.80282e+06,6.83797e+06,35145.9
2,27,Linear,GPU,6.80282e+06,6.83797e+06,35145.9
2,27,activation,GPU,6.83797e+06,6.83823e+06,256.611
2,27,up_proj,GPU,6.83823e+06,6.87337e+06,35145.9
2,27,Linear,GPU,6.83823e+06,6.87337e+06,35145.9
2,27,down_proj,GPU,6.87337e+06,6.90852e+06,35145.9
2,27,Linear,GPU,6.87337e+06,6.90852e+06,35145.9
2,27,expert_FFN_5,GPU,6.90852e+06,7.01404e+06,105518
2,27,gate_proj,GPU,6.90852e+06,6.94363e+06,35112.9
2,27,Linear,GPU,6.90852e+06,6.94363e+06,35112.9
2,27,activation,GPU,6.94363e+06,6.94381e+06,179.628
2,27,up_proj,GPU,6.94381e+06,6.97892e+06,35112.9
2,27,Linear,GPU,6.94381e+06,6.97892e+06,35112.9
2,27,down_proj,GPU,6.97892e+06,7.01404e+06,35112.9
2,27,Linear,GPU,6.97892e+06,7.01404e+06,35112.9
2,27,sync_2,GPU,7.01404e+06,7.0141e+06,58.6539
2,27,sync__set,GPU,7.01404e+06,7.01404e+06,0
2,27,sync__,GPU,7.01404e+06,7.0141e+06,58.6539
2,27,moe_all_reduce_for_e_tp,GPU,7.0141e+06,7.0141e+06,0
2,27,sync_3,GPU,7.0141e+06,7.0141e+06,0
2,27,sync__set,GPU,7.0141e+06,7.0141e+06,0
2,27,sync__,GPU,7.0141e+06,7.0141e+06,0
2,27,moe_gather,GPU,7.0141e+06,7.0141e+06,0
2,27,sync_for_moe_gather,GPU,7.0141e+06,7.0141e+06,0
2,27,sync__set,GPU,7.0141e+06,7.0141e+06,0
2,27,sync__,GPU,7.0141e+06,7.0141e+06,0
2,27,moe_all_reduce_for_gather,GPU,7.0141e+06,7.01933e+06,5236.91
2,27,sync_5,GPU,7.01933e+06,7.01933e+06,0
2,27,sync__set,GPU,7.01933e+06,7.01933e+06,0
2,27,sync__,GPU,7.01933e+06,7.01933e+06,0
2,27,sync_6,GPU,7.01933e+06,7.01933e+06,0
2,27,sync__set,GPU,7.01933e+06,7.01933e+06,0
2,27,sync__,GPU,7.01933e+06,7.01933e+06,0
2,27,residual_2,GPU,7.01933e+06,7.01949e+06,158.854
2,28,MoE_decoder_28,GPU,7.01949e+06,7.2702e+06,250705
2,28,input_layer_norm,GPU,7.01949e+06,7.01965e+06,158.854
2,28,attention,GPU,7.01965e+06,7.053e+06,33345.5
2,28,attn_qkv_proj,GPU,7.01965e+06,7.02351e+06,3861.38
2,28,Linear,GPU,7.01965e+06,7.02351e+06,3861.38
2,28,self_attention,GPU,7.02351e+06,7.04516e+06,21646.9
2,28,AttentionSplit,GPU,7.02351e+06,7.02351e+06,0
2,28,AttentionSum,GPU,7.02351e+06,7.02351e+06,0
2,28,AttentionGen,GPU,7.02351e+06,7.04516e+06,21646.9
2,28,AttentionMerge,GPU,7.04516e+06,7.04516e+06,0
2,28,attn_o_proj,GPU,7.04516e+06,7.04776e+06,2600.32
2,28,Linear,GPU,7.04516e+06,7.04776e+06,2600.32
2,28,all_reduce,GPU,7.04776e+06,7.053e+06,5236.91
2,28,residual_1,GPU,7.053e+06,7.05316e+06,158.854
2,28,post_attn_layer_norm,GPU,7.05316e+06,7.05331e+06,158.854
2,28,expertFFN,GPU,7.05331e+06,7.27004e+06,216724
2,28,sync_0,GPU,7.05331e+06,7.05331e+06,0
2,28,sync__set,GPU,7.05331e+06,7.05331e+06,0
2,28,sync__,GPU,7.05331e+06,7.05331e+06,0
2,28,gate_fn,GPU,7.05331e+06,7.05341e+06,97.9093
2,28,Linear,GPU,7.05331e+06,7.05341e+06,97.9093
2,28,gate_update,GPU,7.05341e+06,7.05341e+06,0
2,28,moe_scatter,GPU,7.05341e+06,7.05341e+06,0
2,28,sync_for_moe_scatter,GPU,7.05341e+06,7.05341e+06,0
2,28,sync__set,GPU,7.05341e+06,7.05341e+06,0
2,28,sync__,GPU,7.05341e+06,7.05341e+06,0
2,28,moe_route,GPU,7.05341e+06,7.05341e+06,0
2,28,expert_FFN_4,GPU,7.05341e+06,7.15893e+06,105518
2,28,gate_proj,GPU,7.05341e+06,7.08852e+06,35112.9
2,28,Linear,GPU,7.05341e+06,7.08852e+06,35112.9
2,28,activation,GPU,7.08852e+06,7.0887e+06,179.628
2,28,up_proj,GPU,7.0887e+06,7.12382e+06,35112.9
2,28,Linear,GPU,7.0887e+06,7.12382e+06,35112.9
2,28,down_proj,GPU,7.12382e+06,7.15893e+06,35112.9
2,28,Linear,GPU,7.12382e+06,7.15893e+06,35112.9
2,28,expert_FFN_5,GPU,7.15893e+06,7.26451e+06,105577
2,28,gate_proj,GPU,7.15893e+06,7.19405e+06,35123.9
2,28,Linear,GPU,7.15893e+06,7.19405e+06,35123.9
2,28,activation,GPU,7.19405e+06,7.19426e+06,205.289
2,28,up_proj,GPU,7.19426e+06,7.22938e+06,35123.9
2,28,Linear,GPU,7.19426e+06,7.22938e+06,35123.9
2,28,down_proj,GPU,7.22938e+06,7.26451e+06,35123.9
2,28,Linear,GPU,7.22938e+06,7.26451e+06,35123.9
2,28,sync_2,GPU,7.26451e+06,7.2648e+06,293.27
2,28,sync__set,GPU,7.26451e+06,7.26451e+06,0
2,28,sync__,GPU,7.26451e+06,7.2648e+06,293.27
2,28,moe_all_reduce_for_e_tp,GPU,7.2648e+06,7.2648e+06,0
2,28,sync_3,GPU,7.2648e+06,7.2648e+06,0
2,28,sync__set,GPU,7.2648e+06,7.2648e+06,0
2,28,sync__,GPU,7.2648e+06,7.2648e+06,0
2,28,moe_gather,GPU,7.2648e+06,7.2648e+06,0
2,28,sync_for_moe_gather,GPU,7.2648e+06,7.2648e+06,0
2,28,sync__set,GPU,7.2648e+06,7.2648e+06,0
2,28,sync__,GPU,7.2648e+06,7.2648e+06,0
2,28,moe_all_reduce_for_gather,GPU,7.2648e+06,7.27004e+06,5236.91
2,28,sync_5,GPU,7.27004e+06,7.27004e+06,0
2,28,sync__set,GPU,7.27004e+06,7.27004e+06,0
2,28,sync__,GPU,7.27004e+06,7.27004e+06,0
2,28,sync_6,GPU,7.27004e+06,7.27004e+06,0
2,28,sync__set,GPU,7.27004e+06,7.27004e+06,0
2,28,sync__,GPU,7.27004e+06,7.27004e+06,0
2,28,residual_2,GPU,7.27004e+06,7.2702e+06,158.854
2,29,MoE_decoder_29,GPU,7.2702e+06,7.52084e+06,250646
2,29,input_layer_norm,GPU,7.2702e+06,7.27036e+06,158.854
2,29,attention,GPU,7.27036e+06,7.3037e+06,33345.5
2,29,attn_qkv_proj,GPU,7.27036e+06,7.27422e+06,3861.38
2,29,Linear,GPU,7.27036e+06,7.27422e+06,3861.38
2,29,self_attention,GPU,7.27422e+06,7.29586e+06,21646.9
2,29,AttentionSplit,GPU,7.27422e+06,7.27422e+06,0
2,29,AttentionSum,GPU,7.27422e+06,7.27422e+06,0
2,29,AttentionGen,GPU,7.27422e+06,7.29586e+06,21646.9
2,29,AttentionMerge,GPU,7.29586e+06,7.29586e+06,0
2,29,attn_o_proj,GPU,7.29586e+06,7.29846e+06,2600.32
2,29,Linear,GPU,7.29586e+06,7.29846e+06,2600.32
2,29,all_reduce,GPU,7.29846e+06,7.3037e+06,5236.91
2,29,residual_1,GPU,7.3037e+06,7.30386e+06,158.854
2,29,post_attn_layer_norm,GPU,7.30386e+06,7.30402e+06,158.854
2,29,expertFFN,GPU,7.30402e+06,7.52068e+06,216665
2,29,sync_0,GPU,7.30402e+06,7.30402e+06,0
2,29,sync__set,GPU,7.30402e+06,7.30402e+06,0
2,29,sync__,GPU,7.30402e+06,7.30402e+06,0
2,29,gate_fn,GPU,7.30402e+06,7.30412e+06,97.9093
2,29,Linear,GPU,7.30402e+06,7.30412e+06,97.9093
2,29,gate_update,GPU,7.30412e+06,7.30412e+06,0
2,29,moe_scatter,GPU,7.30412e+06,7.30412e+06,0
2,29,sync_for_moe_scatter,GPU,7.30412e+06,7.30412e+06,0
2,29,sync__set,GPU,7.30412e+06,7.30412e+06,0
2,29,sync__,GPU,7.30412e+06,7.30412e+06,0
2,29,moe_route,GPU,7.30412e+06,7.30412e+06,0
2,29,expert_FFN_4,GPU,7.30412e+06,7.40958e+06,105460
2,29,gate_proj,GPU,7.30412e+06,7.33922e+06,35101.9
2,29,Linear,GPU,7.30412e+06,7.33922e+06,35101.9
2,29,activation,GPU,7.33922e+06,7.33937e+06,153.967
2,29,up_proj,GPU,7.33937e+06,7.37447e+06,35101.9
2,29,Linear,GPU,7.33937e+06,7.37447e+06,35101.9
2,29,down_proj,GPU,7.37447e+06,7.40958e+06,35101.9
2,29,Linear,GPU,7.37447e+06,7.40958e+06,35101.9
2,29,expert_FFN_5,GPU,7.40958e+06,7.51527e+06,105694
2,29,gate_proj,GPU,7.40958e+06,7.44472e+06,35145.9
2,29,Linear,GPU,7.40958e+06,7.44472e+06,35145.9
2,29,activation,GPU,7.44472e+06,7.44498e+06,256.611
2,29,up_proj,GPU,7.44498e+06,7.48012e+06,35145.9
2,29,Linear,GPU,7.44498e+06,7.48012e+06,35145.9
2,29,down_proj,GPU,7.48012e+06,7.51527e+06,35145.9
2,29,Linear,GPU,7.48012e+06,7.51527e+06,35145.9
2,29,sync_2,GPU,7.51527e+06,7.51545e+06,175.962
2,29,sync__set,GPU,7.51527e+06,7.51527e+06,0
2,29,sync__,GPU,7.51527e+06,7.51545e+06,175.962
2,29,moe_all_reduce_for_e_tp,GPU,7.51545e+06,7.51545e+06,0
2,29,sync_3,GPU,7.51545e+06,7.51545e+06,0
2,29,sync__set,GPU,7.51545e+06,7.51545e+06,0
2,29,sync__,GPU,7.51545e+06,7.51545e+06,0
2,29,moe_gather,GPU,7.51545e+06,7.51545e+06,0
2,29,sync_for_moe_gather,GPU,7.51545e+06,7.51545e+06,0
2,29,sync__set,GPU,7.51545e+06,7.51545e+06,0
2,29,sync__,GPU,7.51545e+06,7.51545e+06,0
2,29,moe_all_reduce_for_gather,GPU,7.51545e+06,7.52068e+06,5236.91
2,29,sync_5,GPU,7.52068e+06,7.52068e+06,0
2,29,sync__set,GPU,7.52068e+06,7.52068e+06,0
2,29,sync__,GPU,7.52068e+06,7.52068e+06,0
2,29,sync_6,GPU,7.52068e+06,7.52068e+06,0
2,29,sync__set,GPU,7.52068e+06,7.52068e+06,0
2,29,sync__,GPU,7.52068e+06,7.52068e+06,0
2,29,residual_2,GPU,7.52068e+06,7.52084e+06,158.854
2,30,MoE_decoder_30,GPU,7.52084e+06,7.77161e+06,250763
2,30,input_layer_norm,GPU,7.52084e+06,7.521e+06,158.854
2,30,attention,GPU,7.521e+06,7.55435e+06,33345.5
2,30,attn_qkv_proj,GPU,7.521e+06,7.52486e+06,3861.38
2,30,Linear,GPU,7.521e+06,7.52486e+06,3861.38
2,30,self_attention,GPU,7.52486e+06,7.54651e+06,21646.9
2,30,AttentionSplit,GPU,7.52486e+06,7.52486e+06,0
2,30,AttentionSum,GPU,7.52486e+06,7.52486e+06,0
2,30,AttentionGen,GPU,7.52486e+06,7.54651e+06,21646.9
2,30,AttentionMerge,GPU,7.54651e+06,7.54651e+06,0
2,30,attn_o_proj,GPU,7.54651e+06,7.54911e+06,2600.32
2,30,Linear,GPU,7.54651e+06,7.54911e+06,2600.32
2,30,all_reduce,GPU,7.54911e+06,7.55435e+06,5236.91
2,30,residual_1,GPU,7.55435e+06,7.55451e+06,158.854
2,30,post_attn_layer_norm,GPU,7.55451e+06,7.55466e+06,158.854
2,30,expertFFN,GPU,7.55466e+06,7.77145e+06,216782
2,30,sync_0,GPU,7.55466e+06,7.55466e+06,0
2,30,sync__set,GPU,7.55466e+06,7.55466e+06,0
2,30,sync__,GPU,7.55466e+06,7.55466e+06,0
2,30,gate_fn,GPU,7.55466e+06,7.55476e+06,97.9093
2,30,Linear,GPU,7.55466e+06,7.55476e+06,97.9093
2,30,gate_update,GPU,7.55476e+06,7.55476e+06,0
2,30,moe_scatter,GPU,7.55476e+06,7.55476e+06,0
2,30,sync_for_moe_scatter,GPU,7.55476e+06,7.55476e+06,0
2,30,sync__set,GPU,7.55476e+06,7.55476e+06,0
2,30,sync__,GPU,7.55476e+06,7.55476e+06,0
2,30,moe_route,GPU,7.55476e+06,7.55476e+06,0
2,30,expert_FFN_4,GPU,7.55476e+06,7.6604e+06,105636
2,30,gate_proj,GPU,7.55476e+06,7.5899e+06,35134.9
2,30,Linear,GPU,7.55476e+06,7.5899e+06,35134.9
2,30,activation,GPU,7.5899e+06,7.59013e+06,230.95
2,30,up_proj,GPU,7.59013e+06,7.62526e+06,35134.9
2,30,Linear,GPU,7.59013e+06,7.62526e+06,35134.9
2,30,down_proj,GPU,7.62526e+06,7.6604e+06,35134.9
2,30,Linear,GPU,7.62526e+06,7.6604e+06,35134.9
2,30,expert_FFN_5,GPU,7.6604e+06,7.76621e+06,105812
2,30,gate_proj,GPU,7.6604e+06,7.69557e+06,35167.9
2,30,Linear,GPU,7.6604e+06,7.69557e+06,35167.9
2,30,activation,GPU,7.69557e+06,7.69587e+06,307.933
2,30,up_proj,GPU,7.69587e+06,7.73104e+06,35167.9
2,30,Linear,GPU,7.69587e+06,7.73104e+06,35167.9
2,30,down_proj,GPU,7.73104e+06,7.76621e+06,35167.9
2,30,Linear,GPU,7.73104e+06,7.76621e+06,35167.9
2,30,sync_2,GPU,7.76621e+06,7.76621e+06,0
2,30,sync__set,GPU,7.76621e+06,7.76621e+06,0
2,30,sync__,GPU,7.76621e+06,7.76621e+06,0
2,30,moe_all_reduce_for_e_tp,GPU,7.76621e+06,7.76621e+06,0
2,30,sync_3,GPU,7.76621e+06,7.76621e+06,0
2,30,sync__set,GPU,7.76621e+06,7.76621e+06,0
2,30,sync__,GPU,7.76621e+06,7.76621e+06,0
2,30,moe_gather,GPU,7.76621e+06,7.76621e+06,0
2,30,sync_for_moe_gather,GPU,7.76621e+06,7.76621e+06,0
2,30,sync__set,GPU,7.76621e+06,7.76621e+06,0
2,30,sync__,GPU,7.76621e+06,7.76621e+06,0
2,30,moe_all_reduce_for_gather,GPU,7.76621e+06,7.77145e+06,5236.91
2,30,sync_5,GPU,7.77145e+06,7.77145e+06,0
2,30,sync__set,GPU,7.77145e+06,7.77145e+06,0
2,30,sync__,GPU,7.77145e+06,7.77145e+06,0
2,30,sync_6,GPU,7.77145e+06,7.77145e+06,0
2,30,sync__set,GPU,7.77145e+06,7.77145e+06,0
2,30,sync__,GPU,7.77145e+06,7.77145e+06,0
2,30,residual_2,GPU,7.77145e+06,7.77161e+06,158.854
2,31,MoE_decoder_31,GPU,7.77161e+06,8.02225e+06,250646
2,31,input_layer_norm,GPU,7.77161e+06,7.77176e+06,158.854
2,31,attention,GPU,7.77176e+06,7.80511e+06,33345.5
2,31,attn_qkv_proj,GPU,7.77176e+06,7.77563e+06,3861.38
2,31,Linear,GPU,7.77176e+06,7.77563e+06,3861.38
2,31,self_attention,GPU,7.77563e+06,7.79727e+06,21646.9
2,31,AttentionSplit,GPU,7.77563e+06,7.77563e+06,0
2,31,AttentionSum,GPU,7.77563e+06,7.77563e+06,0
2,31,AttentionGen,GPU,7.77563e+06,7.79727e+06,21646.9
2,31,AttentionMerge,GPU,7.79727e+06,7.79727e+06,0
2,31,attn_o_proj,GPU,7.79727e+06,7.79987e+06,2600.32
2,31,Linear,GPU,7.79727e+06,7.79987e+06,2600.32
2,31,all_reduce,GPU,7.79987e+06,7.80511e+06,5236.91
2,31,residual_1,GPU,7.80511e+06,7.80527e+06,158.854
2,31,post_attn_layer_norm,GPU,7.80527e+06,7.80543e+06,158.854
2,31,expertFFN,GPU,7.80543e+06,8.02209e+06,216665
2,31,sync_0,GPU,7.80543e+06,7.80543e+06,0
2,31,sync__set,GPU,7.80543e+06,7.80543e+06,0
2,31,sync__,GPU,7.80543e+06,7.80543e+06,0
2,31,gate_fn,GPU,7.80543e+06,7.80553e+06,97.9093
2,31,Linear,GPU,7.80543e+06,7.80553e+06,97.9093
2,31,gate_update,GPU,7.80553e+06,7.80553e+06,0
2,31,moe_scatter,GPU,7.80553e+06,7.80553e+06,0
2,31,sync_for_moe_scatter,GPU,7.80553e+06,7.80553e+06,0
2,31,sync__set,GPU,7.80553e+06,7.80553e+06,0
2,31,sync__,GPU,7.80553e+06,7.80553e+06,0
2,31,moe_route,GPU,7.80553e+06,7.80553e+06,0
2,31,expert_FFN_4,GPU,7.80553e+06,7.9111e+06,105577
2,31,gate_proj,GPU,7.80553e+06,7.84065e+06,35123.9
2,31,Linear,GPU,7.80553e+06,7.84065e+06,35123.9
2,31,activation,GPU,7.84065e+06,7.84085e+06,205.289
2,31,up_proj,GPU,7.84085e+06,7.87598e+06,35123.9
2,31,Linear,GPU,7.84085e+06,7.87598e+06,35123.9
2,31,down_proj,GPU,7.87598e+06,7.9111e+06,35123.9
2,31,Linear,GPU,7.87598e+06,7.9111e+06,35123.9
2,31,expert_FFN_5,GPU,7.9111e+06,8.01686e+06,105753
2,31,gate_proj,GPU,7.9111e+06,7.94626e+06,35156.9
2,31,Linear,GPU,7.9111e+06,7.94626e+06,35156.9
2,31,activation,GPU,7.94626e+06,7.94654e+06,282.272
2,31,up_proj,GPU,7.94654e+06,7.9817e+06,35156.9
2,31,Linear,GPU,7.94654e+06,7.9817e+06,35156.9
2,31,down_proj,GPU,7.9817e+06,8.01686e+06,35156.9
2,31,Linear,GPU,7.9817e+06,8.01686e+06,35156.9
2,31,sync_2,GPU,8.01686e+06,8.01686e+06,0
2,31,sync__set,GPU,8.01686e+06,8.01686e+06,0
2,31,sync__,GPU,8.01686e+06,8.01686e+06,0
2,31,moe_all_reduce_for_e_tp,GPU,8.01686e+06,8.01686e+06,0
2,31,sync_3,GPU,8.01686e+06,8.01686e+06,0
2,31,sync__set,GPU,8.01686e+06,8.01686e+06,0
2,31,sync__,GPU,8.01686e+06,8.01686e+06,0
2,31,moe_gather,GPU,8.01686e+06,8.01686e+06,0
2,31,sync_for_moe_gather,GPU,8.01686e+06,8.01686e+06,0
2,31,sync__set,GPU,8.01686e+06,8.01686e+06,0
2,31,sync__,GPU,8.01686e+06,8.01686e+06,0
2,31,moe_all_reduce_for_gather,GPU,8.01686e+06,8.02209e+06,5236.91
2,31,sync_5,GPU,8.02209e+06,8.02209e+06,0
2,31,sync__set,GPU,8.02209e+06,8.02209e+06,0
2,31,sync__,GPU,8.02209e+06,8.02209e+06,0
2,31,sync_6,GPU,8.02209e+06,8.02209e+06,0
2,31,sync__set,GPU,8.02209e+06,8.02209e+06,0
2,31,sync__,GPU,8.02209e+06,8.02209e+06,0
2,31,residual_2,GPU,8.02209e+06,8.02225e+06,158.854
3,0,MoE_decoder_0,GPU,0,250646,250646
3,0,input_layer_norm,GPU,0,158.854,158.854
3,0,attention,GPU,158.854,33504.3,33345.5
3,0,attn_qkv_proj,GPU,158.854,4020.24,3861.38
3,0,Linear,GPU,158.854,4020.24,3861.38
3,0,self_attention,GPU,4020.24,25667.1,21646.9
3,0,AttentionSplit,GPU,4020.24,4020.24,0
3,0,AttentionSum,GPU,4020.24,4020.24,0
3,0,AttentionGen,GPU,4020.24,25667.1,21646.9
3,0,AttentionMerge,GPU,25667.1,25667.1,0
3,0,attn_o_proj,GPU,25667.1,28267.4,2600.32
3,0,Linear,GPU,25667.1,28267.4,2600.32
3,0,all_reduce,GPU,28267.4,33504.3,5236.91
3,0,residual_1,GPU,33504.3,33663.2,158.854
3,0,post_attn_layer_norm,GPU,33663.2,33822.1,158.854
3,0,expertFFN,GPU,33822.1,250487,216665
3,0,sync_0,GPU,33822.1,33822.1,0
3,0,sync__set,GPU,33822.1,33822.1,0
3,0,sync__,GPU,33822.1,33822.1,0
3,0,gate_fn,GPU,33822.1,33920,97.9093
3,0,Linear,GPU,33822.1,33920,97.9093
3,0,gate_update,GPU,33920,33920,0
3,0,moe_scatter,GPU,33920,33920,0
3,0,sync_for_moe_scatter,GPU,33920,33920,0
3,0,sync__set,GPU,33920,33920,0
3,0,sync__,GPU,33920,33920,0
3,0,moe_route,GPU,33920,33920,0
3,0,expert_FFN_6,GPU,33920,139380,105460
3,0,gate_proj,GPU,33920,69021.9,35101.9
3,0,Linear,GPU,33920,69021.9,35101.9
3,0,activation,GPU,69021.9,69175.9,153.967
3,0,up_proj,GPU,69175.9,104278,35101.9
3,0,Linear,GPU,69175.9,104278,35101.9
3,0,down_proj,GPU,104278,139380,35101.9
3,0,Linear,GPU,104278,139380,35101.9
3,0,expert_FFN_7,GPU,139380,245015,105636
3,0,gate_proj,GPU,139380,174515,35134.9
3,0,Linear,GPU,139380,174515,35134.9
3,0,activation,GPU,174515,174746,230.95
3,0,up_proj,GPU,174746,209881,35134.9
3,0,Linear,GPU,174746,209881,35134.9
3,0,down_proj,GPU,209881,245015,35134.9
3,0,Linear,GPU,209881,245015,35134.9
3,0,sync_2,GPU,245015,245250,234.616
3,0,sync__set,GPU,245015,245015,0
3,0,sync__,GPU,245015,245250,234.616
3,0,moe_all_reduce_for_e_tp,GPU,245250,245250,0
3,0,sync_3,GPU,245250,245250,0
3,0,sync__set,GPU,245250,245250,0
3,0,sync__,GPU,245250,245250,0
3,0,moe_gather,GPU,245250,245250,0
3,0,sync_for_moe_gather,GPU,245250,245250,0
3,0,sync__set,GPU,245250,245250,0
3,0,sync__,GPU,245250,245250,0
3,0,moe_all_reduce_for_gather,GPU,245250,250487,5236.91
3,0,sync_5,GPU,250487,250487,0
3,0,sync__set,GPU,250487,250487,0
3,0,sync__,GPU,250487,250487,0
3,0,sync_6,GPU,250487,250487,0
3,0,sync__set,GPU,250487,250487,0
3,0,sync__,GPU,250487,250487,0
3,0,residual_2,GPU,250487,250646,158.854
3,1,MoE_decoder_1,GPU,250646,501292,250646
3,1,input_layer_norm,GPU,250646,250805,158.854
3,1,attention,GPU,250805,284150,33345.5
3,1,attn_qkv_proj,GPU,250805,254666,3861.38
3,1,Linear,GPU,250805,254666,3861.38
3,1,self_attention,GPU,254666,276313,21646.9
3,1,AttentionSplit,GPU,254666,254666,0
3,1,AttentionSum,GPU,254666,254666,0
3,1,AttentionGen,GPU,254666,276313,21646.9
3,1,AttentionMerge,GPU,276313,276313,0
3,1,attn_o_proj,GPU,276313,278913,2600.32
3,1,Linear,GPU,276313,278913,2600.32
3,1,all_reduce,GPU,278913,284150,5236.91
3,1,residual_1,GPU,284150,284309,158.854
3,1,post_attn_layer_norm,GPU,284309,284468,158.854
3,1,expertFFN,GPU,284468,501133,216665
3,1,sync_0,GPU,284468,284468,0
3,1,sync__set,GPU,284468,284468,0
3,1,sync__,GPU,284468,284468,0
3,1,gate_fn,GPU,284468,284566,97.9093
3,1,Linear,GPU,284468,284566,97.9093
3,1,gate_update,GPU,284566,284566,0
3,1,moe_scatter,GPU,284566,284566,0
3,1,sync_for_moe_scatter,GPU,284566,284566,0
3,1,sync__set,GPU,284566,284566,0
3,1,sync__,GPU,284566,284566,0
3,1,moe_route,GPU,284566,284566,0
3,1,expert_FFN_6,GPU,284566,390260,105694
3,1,gate_proj,GPU,284566,319712,35145.9
3,1,Linear,GPU,284566,319712,35145.9
3,1,activation,GPU,319712,319968,256.611
3,1,up_proj,GPU,319968,355114,35145.9
3,1,Linear,GPU,319968,355114,35145.9
3,1,down_proj,GPU,355114,390260,35145.9
3,1,Linear,GPU,355114,390260,35145.9
3,1,expert_FFN_7,GPU,390260,495896,105636
3,1,gate_proj,GPU,390260,425395,35134.9
3,1,Linear,GPU,390260,425395,35134.9
3,1,activation,GPU,425395,425626,230.95
3,1,up_proj,GPU,425626,460761,35134.9
3,1,Linear,GPU,425626,460761,35134.9
3,1,down_proj,GPU,460761,495896,35134.9
3,1,Linear,GPU,460761,495896,35134.9
3,1,sync_2,GPU,495896,495896,0
3,1,sync__set,GPU,495896,495896,0
3,1,sync__,GPU,495896,495896,0
3,1,moe_all_reduce_for_e_tp,GPU,495896,495896,0
3,1,sync_3,GPU,495896,495896,0
3,1,sync__set,GPU,495896,495896,0
3,1,sync__,GPU,495896,495896,0
3,1,moe_gather,GPU,495896,495896,0
3,1,sync_for_moe_gather,GPU,495896,495896,0
3,1,sync__set,GPU,495896,495896,0
3,1,sync__,GPU,495896,495896,0
3,1,moe_all_reduce_for_gather,GPU,495896,501133,5236.91
3,1,sync_5,GPU,501133,501133,0
3,1,sync__set,GPU,501133,501133,0
3,1,sync__,GPU,501133,501133,0
3,1,sync_6,GPU,501133,501133,0
3,1,sync__set,GPU,501133,501133,0
3,1,sync__,GPU,501133,501133,0
3,1,residual_2,GPU,501133,501292,158.854
3,2,MoE_decoder_2,GPU,501292,752172,250880
3,2,input_layer_norm,GPU,501292,501451,158.854
3,2,attention,GPU,501451,534796,33345.5
3,2,attn_qkv_proj,GPU,501451,505312,3861.38
3,2,Linear,GPU,501451,505312,3861.38
3,2,self_attention,GPU,505312,526959,21646.9
3,2,AttentionSplit,GPU,505312,505312,0
3,2,AttentionSum,GPU,505312,505312,0
3,2,AttentionGen,GPU,505312,526959,21646.9
3,2,AttentionMerge,GPU,526959,526959,0
3,2,attn_o_proj,GPU,526959,529559,2600.32
3,2,Linear,GPU,526959,529559,2600.32
3,2,all_reduce,GPU,529559,534796,5236.91
3,2,residual_1,GPU,534796,534955,158.854
3,2,post_attn_layer_norm,GPU,534955,535114,158.854
3,2,expertFFN,GPU,535114,752013,216900
3,2,sync_0,GPU,535114,535114,0
3,2,sync__set,GPU,535114,535114,0
3,2,sync__,GPU,535114,535114,0
3,2,gate_fn,GPU,535114,535212,97.9093
3,2,Linear,GPU,535114,535212,97.9093
3,2,gate_update,GPU,535212,535212,0
3,2,moe_scatter,GPU,535212,535212,0
3,2,sync_for_moe_scatter,GPU,535212,535212,0
3,2,sync__set,GPU,535212,535212,0
3,2,sync__,GPU,535212,535212,0
3,2,moe_route,GPU,535212,535212,0
3,2,expert_FFN_6,GPU,535212,641023,105812
3,2,gate_proj,GPU,535212,570380,35167.9
3,2,Linear,GPU,535212,570380,35167.9
3,2,activation,GPU,570380,570688,307.933
3,2,up_proj,GPU,570688,605855,35167.9
3,2,Linear,GPU,570688,605855,35167.9
3,2,down_proj,GPU,605855,641023,35167.9
3,2,Linear,GPU,605855,641023,35167.9
3,2,expert_FFN_7,GPU,641023,746776,105753
3,2,gate_proj,GPU,641023,676180,35156.9
3,2,Linear,GPU,641023,676180,35156.9
3,2,activation,GPU,676180,676463,282.272
3,2,up_proj,GPU,676463,711620,35156.9
3,2,Linear,GPU,676463,711620,35156.9
3,2,down_proj,GPU,711620,746776,35156.9
3,2,Linear,GPU,711620,746776,35156.9
3,2,sync_2,GPU,746776,746776,0
3,2,sync__set,GPU,746776,746776,0
3,2,sync__,GPU,746776,746776,0
3,2,moe_all_reduce_for_e_tp,GPU,746776,746776,0
3,2,sync_3,GPU,746776,746776,0
3,2,sync__set,GPU,746776,746776,0
3,2,sync__,GPU,746776,746776,0
3,2,moe_gather,GPU,746776,746776,0
3,2,sync_for_moe_gather,GPU,746776,746776,0
3,2,sync__set,GPU,746776,746776,0
3,2,sync__,GPU,746776,746776,0
3,2,moe_all_reduce_for_gather,GPU,746776,752013,5236.91
3,2,sync_5,GPU,752013,752013,0
3,2,sync__set,GPU,752013,752013,0
3,2,sync__,GPU,752013,752013,0
3,2,sync_6,GPU,752013,752013,0
3,2,sync__set,GPU,752013,752013,0
3,2,sync__,GPU,752013,752013,0
3,2,residual_2,GPU,752013,752172,158.854
3,3,MoE_decoder_3,GPU,752172,1.00276e+06,250587
3,3,input_layer_norm,GPU,752172,752331,158.854
3,3,attention,GPU,752331,785677,33345.5
3,3,attn_qkv_proj,GPU,752331,756192,3861.38
3,3,Linear,GPU,752331,756192,3861.38
3,3,self_attention,GPU,756192,777839,21646.9
3,3,AttentionSplit,GPU,756192,756192,0
3,3,AttentionSum,GPU,756192,756192,0
3,3,AttentionGen,GPU,756192,777839,21646.9
3,3,AttentionMerge,GPU,777839,777839,0
3,3,attn_o_proj,GPU,777839,780440,2600.32
3,3,Linear,GPU,777839,780440,2600.32
3,3,all_reduce,GPU,780440,785677,5236.91
3,3,residual_1,GPU,785677,785835,158.854
3,3,post_attn_layer_norm,GPU,785835,785994,158.854
3,3,expertFFN,GPU,785994,1.0026e+06,216606
3,3,sync_0,GPU,785994,785994,0
3,3,sync__set,GPU,785994,785994,0
3,3,sync__,GPU,785994,785994,0
3,3,gate_fn,GPU,785994,786092,97.9093
3,3,Linear,GPU,785994,786092,97.9093
3,3,gate_update,GPU,786092,786092,0
3,3,moe_scatter,GPU,786092,786092,0
3,3,sync_for_moe_scatter,GPU,786092,786092,0
3,3,sync__set,GPU,786092,786092,0
3,3,sync__,GPU,786092,786092,0
3,3,moe_route,GPU,786092,786092,0
3,3,expert_FFN_6,GPU,786092,891845,105753
3,3,gate_proj,GPU,786092,821249,35156.9
3,3,Linear,GPU,786092,821249,35156.9
3,3,activation,GPU,821249,821531,282.272
3,3,up_proj,GPU,821531,856688,35156.9
3,3,Linear,GPU,821531,856688,35156.9
3,3,down_proj,GPU,856688,891845,35156.9
3,3,Linear,GPU,856688,891845,35156.9
3,3,expert_FFN_7,GPU,891845,997305,105460
3,3,gate_proj,GPU,891845,926947,35101.9
3,3,Linear,GPU,891845,926947,35101.9
3,3,activation,GPU,926947,927101,153.967
3,3,up_proj,GPU,927101,962203,35101.9
3,3,Linear,GPU,927101,962203,35101.9
3,3,down_proj,GPU,962203,997305,35101.9
3,3,Linear,GPU,962203,997305,35101.9
3,3,sync_2,GPU,997305,997364,58.6539
3,3,sync__set,GPU,997305,997305,0
3,3,sync__,GPU,997305,997364,58.6539
3,3,moe_all_reduce_for_e_tp,GPU,997364,997364,0
3,3,sync_3,GPU,997364,997364,0
3,3,sync__set,GPU,997364,997364,0
3,3,sync__,GPU,997364,997364,0
3,3,moe_gather,GPU,997364,997364,0
3,3,sync_for_moe_gather,GPU,997364,997364,0
3,3,sync__set,GPU,997364,997364,0
3,3,sync__,GPU,997364,997364,0
3,3,moe_all_reduce_for_gather,GPU,997364,1.0026e+06,5236.91
3,3,sync_5,GPU,1.0026e+06,1.0026e+06,0
3,3,sync__set,GPU,1.0026e+06,1.0026e+06,0
3,3,sync__,GPU,1.0026e+06,1.0026e+06,0
3,3,sync_6,GPU,1.0026e+06,1.0026e+06,0
3,3,sync__set,GPU,1.0026e+06,1.0026e+06,0
3,3,sync__,GPU,1.0026e+06,1.0026e+06,0
3,3,residual_2,GPU,1.0026e+06,1.00276e+06,158.854
3,4,MoE_decoder_4,GPU,1.00276e+06,1.2537e+06,250939
3,4,input_layer_norm,GPU,1.00276e+06,1.00292e+06,158.854
3,4,attention,GPU,1.00292e+06,1.03626e+06,33345.5
3,4,attn_qkv_proj,GPU,1.00292e+06,1.00678e+06,3861.38
3,4,Linear,GPU,1.00292e+06,1.00678e+06,3861.38
3,4,self_attention,GPU,1.00678e+06,1.02843e+06,21646.9
3,4,AttentionSplit,GPU,1.00678e+06,1.00678e+06,0
3,4,AttentionSum,GPU,1.00678e+06,1.00678e+06,0
3,4,AttentionGen,GPU,1.00678e+06,1.02843e+06,21646.9
3,4,AttentionMerge,GPU,1.02843e+06,1.02843e+06,0
3,4,attn_o_proj,GPU,1.02843e+06,1.03103e+06,2600.32
3,4,Linear,GPU,1.02843e+06,1.03103e+06,2600.32
3,4,all_reduce,GPU,1.03103e+06,1.03626e+06,5236.91
3,4,residual_1,GPU,1.03626e+06,1.03642e+06,158.854
3,4,post_attn_layer_norm,GPU,1.03642e+06,1.03658e+06,158.854
3,4,expertFFN,GPU,1.03658e+06,1.25354e+06,216958
3,4,sync_0,GPU,1.03658e+06,1.03658e+06,0
3,4,sync__set,GPU,1.03658e+06,1.03658e+06,0
3,4,sync__,GPU,1.03658e+06,1.03658e+06,0
3,4,gate_fn,GPU,1.03658e+06,1.03668e+06,97.9093
3,4,Linear,GPU,1.03658e+06,1.03668e+06,97.9093
3,4,gate_update,GPU,1.03668e+06,1.03668e+06,0
3,4,moe_scatter,GPU,1.03668e+06,1.03668e+06,0
3,4,sync_for_moe_scatter,GPU,1.03668e+06,1.03668e+06,0
3,4,sync__set,GPU,1.03668e+06,1.03668e+06,0
3,4,sync__,GPU,1.03668e+06,1.03668e+06,0
3,4,moe_route,GPU,1.03668e+06,1.03668e+06,0
3,4,expert_FFN_6,GPU,1.03668e+06,1.14237e+06,105694
3,4,gate_proj,GPU,1.03668e+06,1.07183e+06,35145.9
3,4,Linear,GPU,1.03668e+06,1.07183e+06,35145.9
3,4,activation,GPU,1.07183e+06,1.07208e+06,256.611
3,4,up_proj,GPU,1.07208e+06,1.10723e+06,35145.9
3,4,Linear,GPU,1.07208e+06,1.10723e+06,35145.9
3,4,down_proj,GPU,1.10723e+06,1.14237e+06,35145.9
3,4,Linear,GPU,1.10723e+06,1.14237e+06,35145.9
3,4,expert_FFN_7,GPU,1.14237e+06,1.24783e+06,105460
3,4,gate_proj,GPU,1.14237e+06,1.17748e+06,35101.9
3,4,Linear,GPU,1.14237e+06,1.17748e+06,35101.9
3,4,activation,GPU,1.17748e+06,1.17763e+06,153.967
3,4,up_proj,GPU,1.17763e+06,1.21273e+06,35101.9
3,4,Linear,GPU,1.17763e+06,1.21273e+06,35101.9
3,4,down_proj,GPU,1.21273e+06,1.24783e+06,35101.9
3,4,Linear,GPU,1.21273e+06,1.24783e+06,35101.9
3,4,sync_2,GPU,1.24783e+06,1.2483e+06,469.232
3,4,sync__set,GPU,1.24783e+06,1.24783e+06,0
3,4,sync__,GPU,1.24783e+06,1.2483e+06,469.232
3,4,moe_all_reduce_for_e_tp,GPU,1.2483e+06,1.2483e+06,0
3,4,sync_3,GPU,1.2483e+06,1.2483e+06,0
3,4,sync__set,GPU,1.2483e+06,1.2483e+06,0
3,4,sync__,GPU,1.2483e+06,1.2483e+06,0
3,4,moe_gather,GPU,1.2483e+06,1.2483e+06,0
3,4,sync_for_moe_gather,GPU,1.2483e+06,1.2483e+06,0
3,4,sync__set,GPU,1.2483e+06,1.2483e+06,0
3,4,sync__,GPU,1.2483e+06,1.2483e+06,0
3,4,moe_all_reduce_for_gather,GPU,1.2483e+06,1.25354e+06,5236.91
3,4,sync_5,GPU,1.25354e+06,1.25354e+06,0
3,4,sync__set,GPU,1.25354e+06,1.25354e+06,0
3,4,sync__,GPU,1.25354e+06,1.25354e+06,0
3,4,sync_6,GPU,1.25354e+06,1.25354e+06,0
3,4,sync__set,GPU,1.25354e+06,1.25354e+06,0
3,4,sync__,GPU,1.25354e+06,1.25354e+06,0
3,4,residual_2,GPU,1.25354e+06,1.2537e+06,158.854
3,5,MoE_decoder_5,GPU,1.2537e+06,1.50434e+06,250646
3,5,input_layer_norm,GPU,1.2537e+06,1.25386e+06,158.854
3,5,attention,GPU,1.25386e+06,1.2872e+06,33345.5
3,5,attn_qkv_proj,GPU,1.25386e+06,1.25772e+06,3861.38
3,5,Linear,GPU,1.25386e+06,1.25772e+06,3861.38
3,5,self_attention,GPU,1.25772e+06,1.27937e+06,21646.9
3,5,AttentionSplit,GPU,1.25772e+06,1.25772e+06,0
3,5,AttentionSum,GPU,1.25772e+06,1.25772e+06,0
3,5,AttentionGen,GPU,1.25772e+06,1.27937e+06,21646.9
3,5,AttentionMerge,GPU,1.27937e+06,1.27937e+06,0
3,5,attn_o_proj,GPU,1.27937e+06,1.28197e+06,2600.32
3,5,Linear,GPU,1.27937e+06,1.28197e+06,2600.32
3,5,all_reduce,GPU,1.28197e+06,1.2872e+06,5236.91
3,5,residual_1,GPU,1.2872e+06,1.28736e+06,158.854
3,5,post_attn_layer_norm,GPU,1.28736e+06,1.28752e+06,158.854
3,5,expertFFN,GPU,1.28752e+06,1.50419e+06,216665
3,5,sync_0,GPU,1.28752e+06,1.28752e+06,0
3,5,sync__set,GPU,1.28752e+06,1.28752e+06,0
3,5,sync__,GPU,1.28752e+06,1.28752e+06,0
3,5,gate_fn,GPU,1.28752e+06,1.28762e+06,97.9093
3,5,Linear,GPU,1.28752e+06,1.28762e+06,97.9093
3,5,gate_update,GPU,1.28762e+06,1.28762e+06,0
3,5,moe_scatter,GPU,1.28762e+06,1.28762e+06,0
3,5,sync_for_moe_scatter,GPU,1.28762e+06,1.28762e+06,0
3,5,sync__set,GPU,1.28762e+06,1.28762e+06,0
3,5,sync__,GPU,1.28762e+06,1.28762e+06,0
3,5,moe_route,GPU,1.28762e+06,1.28762e+06,0
3,5,expert_FFN_6,GPU,1.28762e+06,1.39325e+06,105636
3,5,gate_proj,GPU,1.28762e+06,1.32275e+06,35134.9
3,5,Linear,GPU,1.28762e+06,1.32275e+06,35134.9
3,5,activation,GPU,1.32275e+06,1.32298e+06,230.95
3,5,up_proj,GPU,1.32298e+06,1.35812e+06,35134.9
3,5,Linear,GPU,1.32298e+06,1.35812e+06,35134.9
3,5,down_proj,GPU,1.35812e+06,1.39325e+06,35134.9
3,5,Linear,GPU,1.35812e+06,1.39325e+06,35134.9
3,5,expert_FFN_7,GPU,1.39325e+06,1.49895e+06,105694
3,5,gate_proj,GPU,1.39325e+06,1.4284e+06,35145.9
3,5,Linear,GPU,1.39325e+06,1.4284e+06,35145.9
3,5,activation,GPU,1.4284e+06,1.42866e+06,256.611
3,5,up_proj,GPU,1.42866e+06,1.4638e+06,35145.9
3,5,Linear,GPU,1.42866e+06,1.4638e+06,35145.9
3,5,down_proj,GPU,1.4638e+06,1.49895e+06,35145.9
3,5,Linear,GPU,1.4638e+06,1.49895e+06,35145.9
3,5,sync_2,GPU,1.49895e+06,1.49895e+06,0
3,5,sync__set,GPU,1.49895e+06,1.49895e+06,0
3,5,sync__,GPU,1.49895e+06,1.49895e+06,0
3,5,moe_all_reduce_for_e_tp,GPU,1.49895e+06,1.49895e+06,0
3,5,sync_3,GPU,1.49895e+06,1.49895e+06,0
3,5,sync__set,GPU,1.49895e+06,1.49895e+06,0
3,5,sync__,GPU,1.49895e+06,1.49895e+06,0
3,5,moe_gather,GPU,1.49895e+06,1.49895e+06,0
3,5,sync_for_moe_gather,GPU,1.49895e+06,1.49895e+06,0
3,5,sync__set,GPU,1.49895e+06,1.49895e+06,0
3,5,sync__,GPU,1.49895e+06,1.49895e+06,0
3,5,moe_all_reduce_for_gather,GPU,1.49895e+06,1.50419e+06,5236.91
3,5,sync_5,GPU,1.50419e+06,1.50419e+06,0
3,5,sync__set,GPU,1.50419e+06,1.50419e+06,0
3,5,sync__,GPU,1.50419e+06,1.50419e+06,0
3,5,sync_6,GPU,1.50419e+06,1.50419e+06,0
3,5,sync__set,GPU,1.50419e+06,1.50419e+06,0
3,5,sync__,GPU,1.50419e+06,1.50419e+06,0
3,5,residual_2,GPU,1.50419e+06,1.50434e+06,158.854
3,6,MoE_decoder_6,GPU,1.50434e+06,1.75511e+06,250763
3,6,input_layer_norm,GPU,1.50434e+06,1.5045e+06,158.854
3,6,attention,GPU,1.5045e+06,1.53785e+06,33345.5
3,6,attn_qkv_proj,GPU,1.5045e+06,1.50836e+06,3861.38
3,6,Linear,GPU,1.5045e+06,1.50836e+06,3861.38
3,6,self_attention,GPU,1.50836e+06,1.53001e+06,21646.9
3,6,AttentionSplit,GPU,1.50836e+06,1.50836e+06,0
3,6,AttentionSum,GPU,1.50836e+06,1.50836e+06,0
3,6,AttentionGen,GPU,1.50836e+06,1.53001e+06,21646.9
3,6,AttentionMerge,GPU,1.53001e+06,1.53001e+06,0
3,6,attn_o_proj,GPU,1.53001e+06,1.53261e+06,2600.32
3,6,Linear,GPU,1.53001e+06,1.53261e+06,2600.32
3,6,all_reduce,GPU,1.53261e+06,1.53785e+06,5236.91
3,6,residual_1,GPU,1.53785e+06,1.53801e+06,158.854
3,6,post_attn_layer_norm,GPU,1.53801e+06,1.53817e+06,158.854
3,6,expertFFN,GPU,1.53817e+06,1.75495e+06,216782
3,6,sync_0,GPU,1.53817e+06,1.53817e+06,0
3,6,sync__set,GPU,1.53817e+06,1.53817e+06,0
3,6,sync__,GPU,1.53817e+06,1.53817e+06,0
3,6,gate_fn,GPU,1.53817e+06,1.53826e+06,97.9093
3,6,Linear,GPU,1.53817e+06,1.53826e+06,97.9093
3,6,gate_update,GPU,1.53826e+06,1.53826e+06,0
3,6,moe_scatter,GPU,1.53826e+06,1.53826e+06,0
3,6,sync_for_moe_scatter,GPU,1.53826e+06,1.53826e+06,0
3,6,sync__set,GPU,1.53826e+06,1.53826e+06,0
3,6,sync__,GPU,1.53826e+06,1.53826e+06,0
3,6,moe_route,GPU,1.53826e+06,1.53826e+06,0
3,6,expert_FFN_6,GPU,1.53826e+06,1.64378e+06,105518
3,6,gate_proj,GPU,1.53826e+06,1.57338e+06,35112.9
3,6,Linear,GPU,1.53826e+06,1.57338e+06,35112.9
3,6,activation,GPU,1.57338e+06,1.57356e+06,179.628
3,6,up_proj,GPU,1.57356e+06,1.60867e+06,35112.9
3,6,Linear,GPU,1.57356e+06,1.60867e+06,35112.9
3,6,down_proj,GPU,1.60867e+06,1.64378e+06,35112.9
3,6,Linear,GPU,1.60867e+06,1.64378e+06,35112.9
3,6,expert_FFN_7,GPU,1.64378e+06,1.74913e+06,105342
3,6,gate_proj,GPU,1.64378e+06,1.67886e+06,35079.9
3,6,Linear,GPU,1.64378e+06,1.67886e+06,35079.9
3,6,activation,GPU,1.67886e+06,1.67897e+06,102.644
3,6,up_proj,GPU,1.67897e+06,1.71405e+06,35079.9
3,6,Linear,GPU,1.67897e+06,1.71405e+06,35079.9
3,6,down_proj,GPU,1.71405e+06,1.74913e+06,35079.9
3,6,Linear,GPU,1.71405e+06,1.74913e+06,35079.9
3,6,sync_2,GPU,1.74913e+06,1.74971e+06,586.539
3,6,sync__set,GPU,1.74913e+06,1.74913e+06,0
3,6,sync__,GPU,1.74913e+06,1.74971e+06,586.539
3,6,moe_all_reduce_for_e_tp,GPU,1.74971e+06,1.74971e+06,0
3,6,sync_3,GPU,1.74971e+06,1.74971e+06,0
3,6,sync__set,GPU,1.74971e+06,1.74971e+06,0
3,6,sync__,GPU,1.74971e+06,1.74971e+06,0
3,6,moe_gather,GPU,1.74971e+06,1.74971e+06,0
3,6,sync_for_moe_gather,GPU,1.74971e+06,1.74971e+06,0
3,6,sync__set,GPU,1.74971e+06,1.74971e+06,0
3,6,sync__,GPU,1.74971e+06,1.74971e+06,0
3,6,moe_all_reduce_for_gather,GPU,1.74971e+06,1.75495e+06,5236.91
3,6,sync_5,GPU,1.75495e+06,1.75495e+06,0
3,6,sync__set,GPU,1.75495e+06,1.75495e+06,0
3,6,sync__,GPU,1.75495e+06,1.75495e+06,0
3,6,sync_6,GPU,1.75495e+06,1.75495e+06,0
3,6,sync__set,GPU,1.75495e+06,1.75495e+06,0
3,6,sync__,GPU,1.75495e+06,1.75495e+06,0
3,6,residual_2,GPU,1.75495e+06,1.75511e+06,158.854
3,7,MoE_decoder_7,GPU,1.75511e+06,2.00569e+06,250587
3,7,input_layer_norm,GPU,1.75511e+06,1.75527e+06,158.854
3,7,attention,GPU,1.75527e+06,1.78861e+06,33345.5
3,7,attn_qkv_proj,GPU,1.75527e+06,1.75913e+06,3861.38
3,7,Linear,GPU,1.75527e+06,1.75913e+06,3861.38
3,7,self_attention,GPU,1.75913e+06,1.78077e+06,21646.9
3,7,AttentionSplit,GPU,1.75913e+06,1.75913e+06,0
3,7,AttentionSum,GPU,1.75913e+06,1.75913e+06,0
3,7,AttentionGen,GPU,1.75913e+06,1.78077e+06,21646.9
3,7,AttentionMerge,GPU,1.78077e+06,1.78077e+06,0
3,7,attn_o_proj,GPU,1.78077e+06,1.78338e+06,2600.32
3,7,Linear,GPU,1.78077e+06,1.78338e+06,2600.32
3,7,all_reduce,GPU,1.78338e+06,1.78861e+06,5236.91
3,7,residual_1,GPU,1.78861e+06,1.78877e+06,158.854
3,7,post_attn_layer_norm,GPU,1.78877e+06,1.78893e+06,158.854
3,7,expertFFN,GPU,1.78893e+06,2.00554e+06,216606
3,7,sync_0,GPU,1.78893e+06,1.78893e+06,0
3,7,sync__set,GPU,1.78893e+06,1.78893e+06,0
3,7,sync__,GPU,1.78893e+06,1.78893e+06,0
3,7,gate_fn,GPU,1.78893e+06,1.78903e+06,97.9093
3,7,Linear,GPU,1.78893e+06,1.78903e+06,97.9093
3,7,gate_update,GPU,1.78903e+06,1.78903e+06,0
3,7,moe_scatter,GPU,1.78903e+06,1.78903e+06,0
3,7,sync_for_moe_scatter,GPU,1.78903e+06,1.78903e+06,0
3,7,sync__set,GPU,1.78903e+06,1.78903e+06,0
3,7,sync__,GPU,1.78903e+06,1.78903e+06,0
3,7,moe_route,GPU,1.78903e+06,1.78903e+06,0
3,7,expert_FFN_6,GPU,1.78903e+06,1.89449e+06,105460
3,7,gate_proj,GPU,1.78903e+06,1.82413e+06,35101.9
3,7,Linear,GPU,1.78903e+06,1.82413e+06,35101.9
3,7,activation,GPU,1.82413e+06,1.82428e+06,153.967
3,7,up_proj,GPU,1.82428e+06,1.85939e+06,35101.9
3,7,Linear,GPU,1.82428e+06,1.85939e+06,35101.9
3,7,down_proj,GPU,1.85939e+06,1.89449e+06,35101.9
3,7,Linear,GPU,1.85939e+06,1.89449e+06,35101.9
3,7,expert_FFN_7,GPU,1.89449e+06,2.00018e+06,105694
3,7,gate_proj,GPU,1.89449e+06,1.92963e+06,35145.9
3,7,Linear,GPU,1.89449e+06,1.92963e+06,35145.9
3,7,activation,GPU,1.92963e+06,1.92989e+06,256.611
3,7,up_proj,GPU,1.92989e+06,1.96504e+06,35145.9
3,7,Linear,GPU,1.92989e+06,1.96504e+06,35145.9
3,7,down_proj,GPU,1.96504e+06,2.00018e+06,35145.9
3,7,Linear,GPU,1.96504e+06,2.00018e+06,35145.9
3,7,sync_2,GPU,2.00018e+06,2.0003e+06,117.308
3,7,sync__set,GPU,2.00018e+06,2.00018e+06,0
3,7,sync__,GPU,2.00018e+06,2.0003e+06,117.308
3,7,moe_all_reduce_for_e_tp,GPU,2.0003e+06,2.0003e+06,0
3,7,sync_3,GPU,2.0003e+06,2.0003e+06,0
3,7,sync__set,GPU,2.0003e+06,2.0003e+06,0
3,7,sync__,GPU,2.0003e+06,2.0003e+06,0
3,7,moe_gather,GPU,2.0003e+06,2.0003e+06,0
3,7,sync_for_moe_gather,GPU,2.0003e+06,2.0003e+06,0
3,7,sync__set,GPU,2.0003e+06,2.0003e+06,0
3,7,sync__,GPU,2.0003e+06,2.0003e+06,0
3,7,moe_all_reduce_for_gather,GPU,2.0003e+06,2.00554e+06,5236.91
3,7,sync_5,GPU,2.00554e+06,2.00554e+06,0
3,7,sync__set,GPU,2.00554e+06,2.00554e+06,0
3,7,sync__,GPU,2.00554e+06,2.00554e+06,0
3,7,sync_6,GPU,2.00554e+06,2.00554e+06,0
3,7,sync__set,GPU,2.00554e+06,2.00554e+06,0
3,7,sync__,GPU,2.00554e+06,2.00554e+06,0
3,7,residual_2,GPU,2.00554e+06,2.00569e+06,158.854
3,8,MoE_decoder_8,GPU,2.00569e+06,2.25622e+06,250529
3,8,input_layer_norm,GPU,2.00569e+06,2.00585e+06,158.854
3,8,attention,GPU,2.00585e+06,2.0392e+06,33345.5
3,8,attn_qkv_proj,GPU,2.00585e+06,2.00972e+06,3861.38
3,8,Linear,GPU,2.00585e+06,2.00972e+06,3861.38
3,8,self_attention,GPU,2.00972e+06,2.03136e+06,21646.9
3,8,AttentionSplit,GPU,2.00972e+06,2.00972e+06,0
3,8,AttentionSum,GPU,2.00972e+06,2.00972e+06,0
3,8,AttentionGen,GPU,2.00972e+06,2.03136e+06,21646.9
3,8,AttentionMerge,GPU,2.03136e+06,2.03136e+06,0
3,8,attn_o_proj,GPU,2.03136e+06,2.03396e+06,2600.32
3,8,Linear,GPU,2.03136e+06,2.03396e+06,2600.32
3,8,all_reduce,GPU,2.03396e+06,2.0392e+06,5236.91
3,8,residual_1,GPU,2.0392e+06,2.03936e+06,158.854
3,8,post_attn_layer_norm,GPU,2.03936e+06,2.03952e+06,158.854
3,8,expertFFN,GPU,2.03952e+06,2.25606e+06,216548
3,8,sync_0,GPU,2.03952e+06,2.03952e+06,0
3,8,sync__set,GPU,2.03952e+06,2.03952e+06,0
3,8,sync__,GPU,2.03952e+06,2.03952e+06,0
3,8,gate_fn,GPU,2.03952e+06,2.03961e+06,97.9093
3,8,Linear,GPU,2.03952e+06,2.03961e+06,97.9093
3,8,gate_update,GPU,2.03961e+06,2.03961e+06,0
3,8,moe_scatter,GPU,2.03961e+06,2.03961e+06,0
3,8,sync_for_moe_scatter,GPU,2.03961e+06,2.03961e+06,0
3,8,sync__set,GPU,2.03961e+06,2.03961e+06,0
3,8,sync__,GPU,2.03961e+06,2.03961e+06,0
3,8,moe_route,GPU,2.03961e+06,2.03961e+06,0
3,8,expert_FFN_6,GPU,2.03961e+06,2.14519e+06,105577
3,8,gate_proj,GPU,2.03961e+06,2.07474e+06,35123.9
3,8,Linear,GPU,2.03961e+06,2.07474e+06,35123.9
3,8,activation,GPU,2.07474e+06,2.07494e+06,205.289
3,8,up_proj,GPU,2.07494e+06,2.11007e+06,35123.9
3,8,Linear,GPU,2.07494e+06,2.11007e+06,35123.9
3,8,down_proj,GPU,2.11007e+06,2.14519e+06,35123.9
3,8,Linear,GPU,2.11007e+06,2.14519e+06,35123.9
3,8,expert_FFN_7,GPU,2.14519e+06,2.25083e+06,105636
3,8,gate_proj,GPU,2.14519e+06,2.18033e+06,35134.9
3,8,Linear,GPU,2.14519e+06,2.18033e+06,35134.9
3,8,activation,GPU,2.18033e+06,2.18056e+06,230.95
3,8,up_proj,GPU,2.18056e+06,2.21569e+06,35134.9
3,8,Linear,GPU,2.18056e+06,2.21569e+06,35134.9
3,8,down_proj,GPU,2.21569e+06,2.25083e+06,35134.9
3,8,Linear,GPU,2.21569e+06,2.25083e+06,35134.9
3,8,sync_2,GPU,2.25083e+06,2.25083e+06,0
3,8,sync__set,GPU,2.25083e+06,2.25083e+06,0
3,8,sync__,GPU,2.25083e+06,2.25083e+06,0
3,8,moe_all_reduce_for_e_tp,GPU,2.25083e+06,2.25083e+06,0
3,8,sync_3,GPU,2.25083e+06,2.25083e+06,0
3,8,sync__set,GPU,2.25083e+06,2.25083e+06,0
3,8,sync__,GPU,2.25083e+06,2.25083e+06,0
3,8,moe_gather,GPU,2.25083e+06,2.25083e+06,0
3,8,sync_for_moe_gather,GPU,2.25083e+06,2.25083e+06,0
3,8,sync__set,GPU,2.25083e+06,2.25083e+06,0
3,8,sync__,GPU,2.25083e+06,2.25083e+06,0
3,8,moe_all_reduce_for_gather,GPU,2.25083e+06,2.25606e+06,5236.91
3,8,sync_5,GPU,2.25606e+06,2.25606e+06,0
3,8,sync__set,GPU,2.25606e+06,2.25606e+06,0
3,8,sync__,GPU,2.25606e+06,2.25606e+06,0
3,8,sync_6,GPU,2.25606e+06,2.25606e+06,0
3,8,sync__set,GPU,2.25606e+06,2.25606e+06,0
3,8,sync__,GPU,2.25606e+06,2.25606e+06,0
3,8,residual_2,GPU,2.25606e+06,2.25622e+06,158.854
3,9,MoE_decoder_9,GPU,2.25622e+06,2.50693e+06,250705
3,9,input_layer_norm,GPU,2.25622e+06,2.25638e+06,158.854
3,9,attention,GPU,2.25638e+06,2.28973e+06,33345.5
3,9,attn_qkv_proj,GPU,2.25638e+06,2.26024e+06,3861.38
3,9,Linear,GPU,2.25638e+06,2.26024e+06,3861.38
3,9,self_attention,GPU,2.26024e+06,2.28189e+06,21646.9
3,9,AttentionSplit,GPU,2.26024e+06,2.26024e+06,0
3,9,AttentionSum,GPU,2.26024e+06,2.26024e+06,0
3,9,AttentionGen,GPU,2.26024e+06,2.28189e+06,21646.9
3,9,AttentionMerge,GPU,2.28189e+06,2.28189e+06,0
3,9,attn_o_proj,GPU,2.28189e+06,2.28449e+06,2600.32
3,9,Linear,GPU,2.28189e+06,2.28449e+06,2600.32
3,9,all_reduce,GPU,2.28449e+06,2.28973e+06,5236.91
3,9,residual_1,GPU,2.28973e+06,2.28989e+06,158.854
3,9,post_attn_layer_norm,GPU,2.28989e+06,2.29005e+06,158.854
3,9,expertFFN,GPU,2.29005e+06,2.50677e+06,216724
3,9,sync_0,GPU,2.29005e+06,2.29005e+06,0
3,9,sync__set,GPU,2.29005e+06,2.29005e+06,0
3,9,sync__,GPU,2.29005e+06,2.29005e+06,0
3,9,gate_fn,GPU,2.29005e+06,2.29014e+06,97.9093
3,9,Linear,GPU,2.29005e+06,2.29014e+06,97.9093
3,9,gate_update,GPU,2.29014e+06,2.29014e+06,0
3,9,moe_scatter,GPU,2.29014e+06,2.29014e+06,0
3,9,sync_for_moe_scatter,GPU,2.29014e+06,2.29014e+06,0
3,9,sync__set,GPU,2.29014e+06,2.29014e+06,0
3,9,sync__,GPU,2.29014e+06,2.29014e+06,0
3,9,moe_route,GPU,2.29014e+06,2.29014e+06,0
3,9,expert_FFN_6,GPU,2.29014e+06,2.39607e+06,105929
3,9,gate_proj,GPU,2.29014e+06,2.32533e+06,35189.9
3,9,Linear,GPU,2.29014e+06,2.32533e+06,35189.9
3,9,activation,GPU,2.32533e+06,2.32569e+06,359.255
3,9,up_proj,GPU,2.32569e+06,2.36088e+06,35189.9
3,9,Linear,GPU,2.32569e+06,2.36088e+06,35189.9
3,9,down_proj,GPU,2.36088e+06,2.39607e+06,35189.9
3,9,Linear,GPU,2.36088e+06,2.39607e+06,35189.9
3,9,expert_FFN_7,GPU,2.39607e+06,2.50153e+06,105460
3,9,gate_proj,GPU,2.39607e+06,2.43117e+06,35101.9
3,9,Linear,GPU,2.39607e+06,2.43117e+06,35101.9
3,9,activation,GPU,2.43117e+06,2.43133e+06,153.967
3,9,up_proj,GPU,2.43133e+06,2.46643e+06,35101.9
3,9,Linear,GPU,2.43133e+06,2.46643e+06,35101.9
3,9,down_proj,GPU,2.46643e+06,2.50153e+06,35101.9
3,9,Linear,GPU,2.46643e+06,2.50153e+06,35101.9
3,9,sync_2,GPU,2.50153e+06,2.50153e+06,0
3,9,sync__set,GPU,2.50153e+06,2.50153e+06,0
3,9,sync__,GPU,2.50153e+06,2.50153e+06,0
3,9,moe_all_reduce_for_e_tp,GPU,2.50153e+06,2.50153e+06,0
3,9,sync_3,GPU,2.50153e+06,2.50153e+06,0
3,9,sync__set,GPU,2.50153e+06,2.50153e+06,0
3,9,sync__,GPU,2.50153e+06,2.50153e+06,0
3,9,moe_gather,GPU,2.50153e+06,2.50153e+06,0
3,9,sync_for_moe_gather,GPU,2.50153e+06,2.50153e+06,0
3,9,sync__set,GPU,2.50153e+06,2.50153e+06,0
3,9,sync__,GPU,2.50153e+06,2.50153e+06,0
3,9,moe_all_reduce_for_gather,GPU,2.50153e+06,2.50677e+06,5236.91
3,9,sync_5,GPU,2.50677e+06,2.50677e+06,0
3,9,sync__set,GPU,2.50677e+06,2.50677e+06,0
3,9,sync__,GPU,2.50677e+06,2.50677e+06,0
3,9,sync_6,GPU,2.50677e+06,2.50677e+06,0
3,9,sync__set,GPU,2.50677e+06,2.50677e+06,0
3,9,sync__,GPU,2.50677e+06,2.50677e+06,0
3,9,residual_2,GPU,2.50677e+06,2.50693e+06,158.854
3,10,MoE_decoder_10,GPU,2.50693e+06,2.75769e+06,250763
3,10,input_layer_norm,GPU,2.50693e+06,2.50709e+06,158.854
3,10,attention,GPU,2.50709e+06,2.54043e+06,33345.5
3,10,attn_qkv_proj,GPU,2.50709e+06,2.51095e+06,3861.38
3,10,Linear,GPU,2.50709e+06,2.51095e+06,3861.38
3,10,self_attention,GPU,2.51095e+06,2.5326e+06,21646.9
3,10,AttentionSplit,GPU,2.51095e+06,2.51095e+06,0
3,10,AttentionSum,GPU,2.51095e+06,2.51095e+06,0
3,10,AttentionGen,GPU,2.51095e+06,2.5326e+06,21646.9
3,10,AttentionMerge,GPU,2.5326e+06,2.5326e+06,0
3,10,attn_o_proj,GPU,2.5326e+06,2.5352e+06,2600.32
3,10,Linear,GPU,2.5326e+06,2.5352e+06,2600.32
3,10,all_reduce,GPU,2.5352e+06,2.54043e+06,5236.91
3,10,residual_1,GPU,2.54043e+06,2.54059e+06,158.854
3,10,post_attn_layer_norm,GPU,2.54059e+06,2.54075e+06,158.854
3,10,expertFFN,GPU,2.54075e+06,2.75753e+06,216782
3,10,sync_0,GPU,2.54075e+06,2.54075e+06,0
3,10,sync__set,GPU,2.54075e+06,2.54075e+06,0
3,10,sync__,GPU,2.54075e+06,2.54075e+06,0
3,10,gate_fn,GPU,2.54075e+06,2.54085e+06,97.9093
3,10,Linear,GPU,2.54075e+06,2.54085e+06,97.9093
3,10,gate_update,GPU,2.54085e+06,2.54085e+06,0
3,10,moe_scatter,GPU,2.54085e+06,2.54085e+06,0
3,10,sync_for_moe_scatter,GPU,2.54085e+06,2.54085e+06,0
3,10,sync__set,GPU,2.54085e+06,2.54085e+06,0
3,10,sync__,GPU,2.54085e+06,2.54085e+06,0
3,10,moe_route,GPU,2.54085e+06,2.54085e+06,0
3,10,expert_FFN_6,GPU,2.54085e+06,2.64648e+06,105636
3,10,gate_proj,GPU,2.54085e+06,2.57598e+06,35134.9
3,10,Linear,GPU,2.54085e+06,2.57598e+06,35134.9
3,10,activation,GPU,2.57598e+06,2.57621e+06,230.95
3,10,up_proj,GPU,2.57621e+06,2.61135e+06,35134.9
3,10,Linear,GPU,2.57621e+06,2.61135e+06,35134.9
3,10,down_proj,GPU,2.61135e+06,2.64648e+06,35134.9
3,10,Linear,GPU,2.61135e+06,2.64648e+06,35134.9
3,10,expert_FFN_7,GPU,2.64648e+06,2.75183e+06,105342
3,10,gate_proj,GPU,2.64648e+06,2.68156e+06,35079.9
3,10,Linear,GPU,2.64648e+06,2.68156e+06,35079.9
3,10,activation,GPU,2.68156e+06,2.68167e+06,102.644
3,10,up_proj,GPU,2.68167e+06,2.71675e+06,35079.9
3,10,Linear,GPU,2.68167e+06,2.71675e+06,35079.9
3,10,down_proj,GPU,2.71675e+06,2.75183e+06,35079.9
3,10,Linear,GPU,2.71675e+06,2.75183e+06,35079.9
3,10,sync_2,GPU,2.75183e+06,2.7523e+06,469.232
3,10,sync__set,GPU,2.75183e+06,2.75183e+06,0
3,10,sync__,GPU,2.75183e+06,2.7523e+06,469.232
3,10,moe_all_reduce_for_e_tp,GPU,2.7523e+06,2.7523e+06,0
3,10,sync_3,GPU,2.7523e+06,2.7523e+06,0
3,10,sync__set,GPU,2.7523e+06,2.7523e+06,0
3,10,sync__,GPU,2.7523e+06,2.7523e+06,0
3,10,moe_gather,GPU,2.7523e+06,2.7523e+06,0
3,10,sync_for_moe_gather,GPU,2.7523e+06,2.7523e+06,0
3,10,sync__set,GPU,2.7523e+06,2.7523e+06,0
3,10,sync__,GPU,2.7523e+06,2.7523e+06,0
3,10,moe_all_reduce_for_gather,GPU,2.7523e+06,2.75753e+06,5236.91
3,10,sync_5,GPU,2.75753e+06,2.75753e+06,0
3,10,sync__set,GPU,2.75753e+06,2.75753e+06,0
3,10,sync__,GPU,2.75753e+06,2.75753e+06,0
3,10,sync_6,GPU,2.75753e+06,2.75753e+06,0
3,10,sync__set,GPU,2.75753e+06,2.75753e+06,0
3,10,sync__,GPU,2.75753e+06,2.75753e+06,0
3,10,residual_2,GPU,2.75753e+06,2.75769e+06,158.854
3,11,MoE_decoder_11,GPU,2.75769e+06,3.00834e+06,250646
3,11,input_layer_norm,GPU,2.75769e+06,2.75785e+06,158.854
3,11,attention,GPU,2.75785e+06,2.7912e+06,33345.5
3,11,attn_qkv_proj,GPU,2.75785e+06,2.76171e+06,3861.38
3,11,Linear,GPU,2.75785e+06,2.76171e+06,3861.38
3,11,self_attention,GPU,2.76171e+06,2.78336e+06,21646.9
3,11,AttentionSplit,GPU,2.76171e+06,2.76171e+06,0
3,11,AttentionSum,GPU,2.76171e+06,2.76171e+06,0
3,11,AttentionGen,GPU,2.76171e+06,2.78336e+06,21646.9
3,11,AttentionMerge,GPU,2.78336e+06,2.78336e+06,0
3,11,attn_o_proj,GPU,2.78336e+06,2.78596e+06,2600.32
3,11,Linear,GPU,2.78336e+06,2.78596e+06,2600.32
3,11,all_reduce,GPU,2.78596e+06,2.7912e+06,5236.91
3,11,residual_1,GPU,2.7912e+06,2.79135e+06,158.854
3,11,post_attn_layer_norm,GPU,2.79135e+06,2.79151e+06,158.854
3,11,expertFFN,GPU,2.79151e+06,3.00818e+06,216665
3,11,sync_0,GPU,2.79151e+06,2.79151e+06,0
3,11,sync__set,GPU,2.79151e+06,2.79151e+06,0
3,11,sync__,GPU,2.79151e+06,2.79151e+06,0
3,11,gate_fn,GPU,2.79151e+06,2.79161e+06,97.9093
3,11,Linear,GPU,2.79151e+06,2.79161e+06,97.9093
3,11,gate_update,GPU,2.79161e+06,2.79161e+06,0
3,11,moe_scatter,GPU,2.79161e+06,2.79161e+06,0
3,11,sync_for_moe_scatter,GPU,2.79161e+06,2.79161e+06,0
3,11,sync__set,GPU,2.79161e+06,2.79161e+06,0
3,11,sync__,GPU,2.79161e+06,2.79161e+06,0
3,11,moe_route,GPU,2.79161e+06,2.79161e+06,0
3,11,expert_FFN_6,GPU,2.79161e+06,2.89719e+06,105577
3,11,gate_proj,GPU,2.79161e+06,2.82673e+06,35123.9
3,11,Linear,GPU,2.79161e+06,2.82673e+06,35123.9
3,11,activation,GPU,2.82673e+06,2.82694e+06,205.289
3,11,up_proj,GPU,2.82694e+06,2.86206e+06,35123.9
3,11,Linear,GPU,2.82694e+06,2.86206e+06,35123.9
3,11,down_proj,GPU,2.86206e+06,2.89719e+06,35123.9
3,11,Linear,GPU,2.86206e+06,2.89719e+06,35123.9
3,11,expert_FFN_7,GPU,2.89719e+06,3.00294e+06,105753
3,11,gate_proj,GPU,2.89719e+06,2.93235e+06,35156.9
3,11,Linear,GPU,2.89719e+06,2.93235e+06,35156.9
3,11,activation,GPU,2.93235e+06,2.93263e+06,282.272
3,11,up_proj,GPU,2.93263e+06,2.96778e+06,35156.9
3,11,Linear,GPU,2.93263e+06,2.96778e+06,35156.9
3,11,down_proj,GPU,2.96778e+06,3.00294e+06,35156.9
3,11,Linear,GPU,2.96778e+06,3.00294e+06,35156.9
3,11,sync_2,GPU,3.00294e+06,3.00294e+06,0
3,11,sync__set,GPU,3.00294e+06,3.00294e+06,0
3,11,sync__,GPU,3.00294e+06,3.00294e+06,0
3,11,moe_all_reduce_for_e_tp,GPU,3.00294e+06,3.00294e+06,0
3,11,sync_3,GPU,3.00294e+06,3.00294e+06,0
3,11,sync__set,GPU,3.00294e+06,3.00294e+06,0
3,11,sync__,GPU,3.00294e+06,3.00294e+06,0
3,11,moe_gather,GPU,3.00294e+06,3.00294e+06,0
3,11,sync_for_moe_gather,GPU,3.00294e+06,3.00294e+06,0
3,11,sync__set,GPU,3.00294e+06,3.00294e+06,0
3,11,sync__,GPU,3.00294e+06,3.00294e+06,0
3,11,moe_all_reduce_for_gather,GPU,3.00294e+06,3.00818e+06,5236.91
3,11,sync_5,GPU,3.00818e+06,3.00818e+06,0
3,11,sync__set,GPU,3.00818e+06,3.00818e+06,0
3,11,sync__,GPU,3.00818e+06,3.00818e+06,0
3,11,sync_6,GPU,3.00818e+06,3.00818e+06,0
3,11,sync__set,GPU,3.00818e+06,3.00818e+06,0
3,11,sync__,GPU,3.00818e+06,3.00818e+06,0
3,11,residual_2,GPU,3.00818e+06,3.00834e+06,158.854
3,12,MoE_decoder_12,GPU,3.00834e+06,3.25922e+06,250880
3,12,input_layer_norm,GPU,3.00834e+06,3.0085e+06,158.854
3,12,attention,GPU,3.0085e+06,3.04184e+06,33345.5
3,12,attn_qkv_proj,GPU,3.0085e+06,3.01236e+06,3861.38
3,12,Linear,GPU,3.0085e+06,3.01236e+06,3861.38
3,12,self_attention,GPU,3.01236e+06,3.034e+06,21646.9
3,12,AttentionSplit,GPU,3.01236e+06,3.01236e+06,0
3,12,AttentionSum,GPU,3.01236e+06,3.01236e+06,0
3,12,AttentionGen,GPU,3.01236e+06,3.034e+06,21646.9
3,12,AttentionMerge,GPU,3.034e+06,3.034e+06,0
3,12,attn_o_proj,GPU,3.034e+06,3.0366e+06,2600.32
3,12,Linear,GPU,3.034e+06,3.0366e+06,2600.32
3,12,all_reduce,GPU,3.0366e+06,3.04184e+06,5236.91
3,12,residual_1,GPU,3.04184e+06,3.042e+06,158.854
3,12,post_attn_layer_norm,GPU,3.042e+06,3.04216e+06,158.854
3,12,expertFFN,GPU,3.04216e+06,3.25906e+06,216900
3,12,sync_0,GPU,3.04216e+06,3.04216e+06,0
3,12,sync__set,GPU,3.04216e+06,3.04216e+06,0
3,12,sync__,GPU,3.04216e+06,3.04216e+06,0
3,12,gate_fn,GPU,3.04216e+06,3.04226e+06,97.9093
3,12,Linear,GPU,3.04216e+06,3.04226e+06,97.9093
3,12,gate_update,GPU,3.04226e+06,3.04226e+06,0
3,12,moe_scatter,GPU,3.04226e+06,3.04226e+06,0
3,12,sync_for_moe_scatter,GPU,3.04226e+06,3.04226e+06,0
3,12,sync__set,GPU,3.04226e+06,3.04226e+06,0
3,12,sync__,GPU,3.04226e+06,3.04226e+06,0
3,12,moe_route,GPU,3.04226e+06,3.04226e+06,0
3,12,expert_FFN_6,GPU,3.04226e+06,3.14748e+06,105225
3,12,gate_proj,GPU,3.04226e+06,3.07731e+06,35057.9
3,12,Linear,GPU,3.04226e+06,3.07731e+06,35057.9
3,12,activation,GPU,3.07731e+06,3.07737e+06,51.3222
3,12,up_proj,GPU,3.07737e+06,3.11242e+06,35057.9
3,12,Linear,GPU,3.07737e+06,3.11242e+06,35057.9
3,12,down_proj,GPU,3.11242e+06,3.14748e+06,35057.9
3,12,Linear,GPU,3.11242e+06,3.14748e+06,35057.9
3,12,expert_FFN_7,GPU,3.14748e+06,3.25306e+06,105577
3,12,gate_proj,GPU,3.14748e+06,3.18261e+06,35123.9
3,12,Linear,GPU,3.14748e+06,3.18261e+06,35123.9
3,12,activation,GPU,3.18261e+06,3.18281e+06,205.289
3,12,up_proj,GPU,3.18281e+06,3.21794e+06,35123.9
3,12,Linear,GPU,3.18281e+06,3.21794e+06,35123.9
3,12,down_proj,GPU,3.21794e+06,3.25306e+06,35123.9
3,12,Linear,GPU,3.21794e+06,3.25306e+06,35123.9
3,12,sync_2,GPU,3.25306e+06,3.25382e+06,762.501
3,12,sync__set,GPU,3.25306e+06,3.25306e+06,0
3,12,sync__,GPU,3.25306e+06,3.25382e+06,762.501
3,12,moe_all_reduce_for_e_tp,GPU,3.25382e+06,3.25382e+06,0
3,12,sync_3,GPU,3.25382e+06,3.25382e+06,0
3,12,sync__set,GPU,3.25382e+06,3.25382e+06,0
3,12,sync__,GPU,3.25382e+06,3.25382e+06,0
3,12,moe_gather,GPU,3.25382e+06,3.25382e+06,0
3,12,sync_for_moe_gather,GPU,3.25382e+06,3.25382e+06,0
3,12,sync__set,GPU,3.25382e+06,3.25382e+06,0
3,12,sync__,GPU,3.25382e+06,3.25382e+06,0
3,12,moe_all_reduce_for_gather,GPU,3.25382e+06,3.25906e+06,5236.91
3,12,sync_5,GPU,3.25906e+06,3.25906e+06,0
3,12,sync__set,GPU,3.25906e+06,3.25906e+06,0
3,12,sync__,GPU,3.25906e+06,3.25906e+06,0
3,12,sync_6,GPU,3.25906e+06,3.25906e+06,0
3,12,sync__set,GPU,3.25906e+06,3.25906e+06,0
3,12,sync__,GPU,3.25906e+06,3.25906e+06,0
3,12,residual_2,GPU,3.25906e+06,3.25922e+06,158.854
3,13,MoE_decoder_13,GPU,3.25922e+06,3.50998e+06,250763
3,13,input_layer_norm,GPU,3.25922e+06,3.25938e+06,158.854
3,13,attention,GPU,3.25938e+06,3.29272e+06,33345.5
3,13,attn_qkv_proj,GPU,3.25938e+06,3.26324e+06,3861.38
3,13,Linear,GPU,3.25938e+06,3.26324e+06,3861.38
3,13,self_attention,GPU,3.26324e+06,3.28488e+06,21646.9
3,13,AttentionSplit,GPU,3.26324e+06,3.26324e+06,0
3,13,AttentionSum,GPU,3.26324e+06,3.26324e+06,0
3,13,AttentionGen,GPU,3.26324e+06,3.28488e+06,21646.9
3,13,AttentionMerge,GPU,3.28488e+06,3.28488e+06,0
3,13,attn_o_proj,GPU,3.28488e+06,3.28748e+06,2600.32
3,13,Linear,GPU,3.28488e+06,3.28748e+06,2600.32
3,13,all_reduce,GPU,3.28748e+06,3.29272e+06,5236.91
3,13,residual_1,GPU,3.29272e+06,3.29288e+06,158.854
3,13,post_attn_layer_norm,GPU,3.29288e+06,3.29304e+06,158.854
3,13,expertFFN,GPU,3.29304e+06,3.50982e+06,216782
3,13,sync_0,GPU,3.29304e+06,3.29304e+06,0
3,13,sync__set,GPU,3.29304e+06,3.29304e+06,0
3,13,sync__,GPU,3.29304e+06,3.29304e+06,0
3,13,gate_fn,GPU,3.29304e+06,3.29314e+06,97.9093
3,13,Linear,GPU,3.29304e+06,3.29314e+06,97.9093
3,13,gate_update,GPU,3.29314e+06,3.29314e+06,0
3,13,moe_scatter,GPU,3.29314e+06,3.29314e+06,0
3,13,sync_for_moe_scatter,GPU,3.29314e+06,3.29314e+06,0
3,13,sync__set,GPU,3.29314e+06,3.29314e+06,0
3,13,sync__,GPU,3.29314e+06,3.29314e+06,0
3,13,moe_route,GPU,3.29314e+06,3.29314e+06,0
3,13,expert_FFN_6,GPU,3.29314e+06,3.39895e+06,105812
3,13,gate_proj,GPU,3.29314e+06,3.32831e+06,35167.9
3,13,Linear,GPU,3.29314e+06,3.32831e+06,35167.9
3,13,activation,GPU,3.32831e+06,3.32861e+06,307.933
3,13,up_proj,GPU,3.32861e+06,3.36378e+06,35167.9
3,13,Linear,GPU,3.32861e+06,3.36378e+06,35167.9
3,13,down_proj,GPU,3.36378e+06,3.39895e+06,35167.9
3,13,Linear,GPU,3.36378e+06,3.39895e+06,35167.9
3,13,expert_FFN_7,GPU,3.39895e+06,3.50458e+06,105636
3,13,gate_proj,GPU,3.39895e+06,3.43408e+06,35134.9
3,13,Linear,GPU,3.39895e+06,3.43408e+06,35134.9
3,13,activation,GPU,3.43408e+06,3.43431e+06,230.95
3,13,up_proj,GPU,3.43431e+06,3.46945e+06,35134.9
3,13,Linear,GPU,3.43431e+06,3.46945e+06,35134.9
3,13,down_proj,GPU,3.46945e+06,3.50458e+06,35134.9
3,13,Linear,GPU,3.46945e+06,3.50458e+06,35134.9
3,13,sync_2,GPU,3.50458e+06,3.50458e+06,0
3,13,sync__set,GPU,3.50458e+06,3.50458e+06,0
3,13,sync__,GPU,3.50458e+06,3.50458e+06,0
3,13,moe_all_reduce_for_e_tp,GPU,3.50458e+06,3.50458e+06,0
3,13,sync_3,GPU,3.50458e+06,3.50458e+06,0
3,13,sync__set,GPU,3.50458e+06,3.50458e+06,0
3,13,sync__,GPU,3.50458e+06,3.50458e+06,0
3,13,moe_gather,GPU,3.50458e+06,3.50458e+06,0
3,13,sync_for_moe_gather,GPU,3.50458e+06,3.50458e+06,0
3,13,sync__set,GPU,3.50458e+06,3.50458e+06,0
3,13,sync__,GPU,3.50458e+06,3.50458e+06,0
3,13,moe_all_reduce_for_gather,GPU,3.50458e+06,3.50982e+06,5236.91
3,13,sync_5,GPU,3.50982e+06,3.50982e+06,0
3,13,sync__set,GPU,3.50982e+06,3.50982e+06,0
3,13,sync__,GPU,3.50982e+06,3.50982e+06,0
3,13,sync_6,GPU,3.50982e+06,3.50982e+06,0
3,13,sync__set,GPU,3.50982e+06,3.50982e+06,0
3,13,sync__,GPU,3.50982e+06,3.50982e+06,0
3,13,residual_2,GPU,3.50982e+06,3.50998e+06,158.854
3,14,MoE_decoder_14,GPU,3.50998e+06,3.76074e+06,250763
3,14,input_layer_norm,GPU,3.50998e+06,3.51014e+06,158.854
3,14,attention,GPU,3.51014e+06,3.54348e+06,33345.5
3,14,attn_qkv_proj,GPU,3.51014e+06,3.514e+06,3861.38
3,14,Linear,GPU,3.51014e+06,3.514e+06,3861.38
3,14,self_attention,GPU,3.514e+06,3.53565e+06,21646.9
3,14,AttentionSplit,GPU,3.514e+06,3.514e+06,0
3,14,AttentionSum,GPU,3.514e+06,3.514e+06,0
3,14,AttentionGen,GPU,3.514e+06,3.53565e+06,21646.9
3,14,AttentionMerge,GPU,3.53565e+06,3.53565e+06,0
3,14,attn_o_proj,GPU,3.53565e+06,3.53825e+06,2600.32
3,14,Linear,GPU,3.53565e+06,3.53825e+06,2600.32
3,14,all_reduce,GPU,3.53825e+06,3.54348e+06,5236.91
3,14,residual_1,GPU,3.54348e+06,3.54364e+06,158.854
3,14,post_attn_layer_norm,GPU,3.54364e+06,3.5438e+06,158.854
3,14,expertFFN,GPU,3.5438e+06,3.76058e+06,216782
3,14,sync_0,GPU,3.5438e+06,3.5438e+06,0
3,14,sync__set,GPU,3.5438e+06,3.5438e+06,0
3,14,sync__,GPU,3.5438e+06,3.5438e+06,0
3,14,gate_fn,GPU,3.5438e+06,3.5439e+06,97.9093
3,14,Linear,GPU,3.5438e+06,3.5439e+06,97.9093
3,14,gate_update,GPU,3.5439e+06,3.5439e+06,0
3,14,moe_scatter,GPU,3.5439e+06,3.5439e+06,0
3,14,sync_for_moe_scatter,GPU,3.5439e+06,3.5439e+06,0
3,14,sync__set,GPU,3.5439e+06,3.5439e+06,0
3,14,sync__,GPU,3.5439e+06,3.5439e+06,0
3,14,moe_route,GPU,3.5439e+06,3.5439e+06,0
3,14,expert_FFN_6,GPU,3.5439e+06,3.64965e+06,105753
3,14,gate_proj,GPU,3.5439e+06,3.57906e+06,35156.9
3,14,Linear,GPU,3.5439e+06,3.57906e+06,35156.9
3,14,activation,GPU,3.57906e+06,3.57934e+06,282.272
3,14,up_proj,GPU,3.57934e+06,3.6145e+06,35156.9
3,14,Linear,GPU,3.57934e+06,3.6145e+06,35156.9
3,14,down_proj,GPU,3.6145e+06,3.64965e+06,35156.9
3,14,Linear,GPU,3.6145e+06,3.64965e+06,35156.9
3,14,expert_FFN_7,GPU,3.64965e+06,3.75535e+06,105694
3,14,gate_proj,GPU,3.64965e+06,3.6848e+06,35145.9
3,14,Linear,GPU,3.64965e+06,3.6848e+06,35145.9
3,14,activation,GPU,3.6848e+06,3.68506e+06,256.611
3,14,up_proj,GPU,3.68506e+06,3.7202e+06,35145.9
3,14,Linear,GPU,3.68506e+06,3.7202e+06,35145.9
3,14,down_proj,GPU,3.7202e+06,3.75535e+06,35145.9
3,14,Linear,GPU,3.7202e+06,3.75535e+06,35145.9
3,14,sync_2,GPU,3.75535e+06,3.75535e+06,0
3,14,sync__set,GPU,3.75535e+06,3.75535e+06,0
3,14,sync__,GPU,3.75535e+06,3.75535e+06,0
3,14,moe_all_reduce_for_e_tp,GPU,3.75535e+06,3.75535e+06,0
3,14,sync_3,GPU,3.75535e+06,3.75535e+06,0
3,14,sync__set,GPU,3.75535e+06,3.75535e+06,0
3,14,sync__,GPU,3.75535e+06,3.75535e+06,0
3,14,moe_gather,GPU,3.75535e+06,3.75535e+06,0
3,14,sync_for_moe_gather,GPU,3.75535e+06,3.75535e+06,0
3,14,sync__set,GPU,3.75535e+06,3.75535e+06,0
3,14,sync__,GPU,3.75535e+06,3.75535e+06,0
3,14,moe_all_reduce_for_gather,GPU,3.75535e+06,3.76058e+06,5236.91
3,14,sync_5,GPU,3.76058e+06,3.76058e+06,0
3,14,sync__set,GPU,3.76058e+06,3.76058e+06,0
3,14,sync__,GPU,3.76058e+06,3.76058e+06,0
3,14,sync_6,GPU,3.76058e+06,3.76058e+06,0
3,14,sync__set,GPU,3.76058e+06,3.76058e+06,0
3,14,sync__,GPU,3.76058e+06,3.76058e+06,0
3,14,residual_2,GPU,3.76058e+06,3.76074e+06,158.854
3,15,MoE_decoder_15,GPU,3.76074e+06,4.01133e+06,250587
3,15,input_layer_norm,GPU,3.76074e+06,3.7609e+06,158.854
3,15,attention,GPU,3.7609e+06,3.79425e+06,33345.5
3,15,attn_qkv_proj,GPU,3.7609e+06,3.76476e+06,3861.38
3,15,Linear,GPU,3.7609e+06,3.76476e+06,3861.38
3,15,self_attention,GPU,3.76476e+06,3.78641e+06,21646.9
3,15,AttentionSplit,GPU,3.76476e+06,3.76476e+06,0
3,15,AttentionSum,GPU,3.76476e+06,3.76476e+06,0
3,15,AttentionGen,GPU,3.76476e+06,3.78641e+06,21646.9
3,15,AttentionMerge,GPU,3.78641e+06,3.78641e+06,0
3,15,attn_o_proj,GPU,3.78641e+06,3.78901e+06,2600.32
3,15,Linear,GPU,3.78641e+06,3.78901e+06,2600.32
3,15,all_reduce,GPU,3.78901e+06,3.79425e+06,5236.91
3,15,residual_1,GPU,3.79425e+06,3.79441e+06,158.854
3,15,post_attn_layer_norm,GPU,3.79441e+06,3.79457e+06,158.854
3,15,expertFFN,GPU,3.79457e+06,4.01117e+06,216606
3,15,sync_0,GPU,3.79457e+06,3.79457e+06,0
3,15,sync__set,GPU,3.79457e+06,3.79457e+06,0
3,15,sync__,GPU,3.79457e+06,3.79457e+06,0
3,15,gate_fn,GPU,3.79457e+06,3.79466e+06,97.9093
3,15,Linear,GPU,3.79457e+06,3.79466e+06,97.9093
3,15,gate_update,GPU,3.79466e+06,3.79466e+06,0
3,15,moe_scatter,GPU,3.79466e+06,3.79466e+06,0
3,15,sync_for_moe_scatter,GPU,3.79466e+06,3.79466e+06,0
3,15,sync__set,GPU,3.79466e+06,3.79466e+06,0
3,15,sync__,GPU,3.79466e+06,3.79466e+06,0
3,15,moe_route,GPU,3.79466e+06,3.79466e+06,0
3,15,expert_FFN_6,GPU,3.79466e+06,3.90012e+06,105460
3,15,gate_proj,GPU,3.79466e+06,3.82977e+06,35101.9
3,15,Linear,GPU,3.79466e+06,3.82977e+06,35101.9
3,15,activation,GPU,3.82977e+06,3.82992e+06,153.967
3,15,up_proj,GPU,3.82992e+06,3.86502e+06,35101.9
3,15,Linear,GPU,3.82992e+06,3.86502e+06,35101.9
3,15,down_proj,GPU,3.86502e+06,3.90012e+06,35101.9
3,15,Linear,GPU,3.86502e+06,3.90012e+06,35101.9
3,15,expert_FFN_7,GPU,3.90012e+06,4.0057e+06,105577
3,15,gate_proj,GPU,3.90012e+06,3.93525e+06,35123.9
3,15,Linear,GPU,3.90012e+06,3.93525e+06,35123.9
3,15,activation,GPU,3.93525e+06,3.93545e+06,205.289
3,15,up_proj,GPU,3.93545e+06,3.97058e+06,35123.9
3,15,Linear,GPU,3.93545e+06,3.97058e+06,35123.9
3,15,down_proj,GPU,3.97058e+06,4.0057e+06,35123.9
3,15,Linear,GPU,3.97058e+06,4.0057e+06,35123.9
3,15,sync_2,GPU,4.0057e+06,4.00594e+06,234.616
3,15,sync__set,GPU,4.0057e+06,4.0057e+06,0
3,15,sync__,GPU,4.0057e+06,4.00594e+06,234.616
3,15,moe_all_reduce_for_e_tp,GPU,4.00594e+06,4.00594e+06,0
3,15,sync_3,GPU,4.00594e+06,4.00594e+06,0
3,15,sync__set,GPU,4.00594e+06,4.00594e+06,0
3,15,sync__,GPU,4.00594e+06,4.00594e+06,0
3,15,moe_gather,GPU,4.00594e+06,4.00594e+06,0
3,15,sync_for_moe_gather,GPU,4.00594e+06,4.00594e+06,0
3,15,sync__set,GPU,4.00594e+06,4.00594e+06,0
3,15,sync__,GPU,4.00594e+06,4.00594e+06,0
3,15,moe_all_reduce_for_gather,GPU,4.00594e+06,4.01117e+06,5236.91
3,15,sync_5,GPU,4.01117e+06,4.01117e+06,0
3,15,sync__set,GPU,4.01117e+06,4.01117e+06,0
3,15,sync__,GPU,4.01117e+06,4.01117e+06,0
3,15,sync_6,GPU,4.01117e+06,4.01117e+06,0
3,15,sync__set,GPU,4.01117e+06,4.01117e+06,0
3,15,sync__,GPU,4.01117e+06,4.01117e+06,0
3,15,residual_2,GPU,4.01117e+06,4.01133e+06,158.854
3,16,MoE_decoder_16,GPU,4.01133e+06,4.26186e+06,250529
3,16,input_layer_norm,GPU,4.01133e+06,4.01149e+06,158.854
3,16,attention,GPU,4.01149e+06,4.04484e+06,33345.5
3,16,attn_qkv_proj,GPU,4.01149e+06,4.01535e+06,3861.38
3,16,Linear,GPU,4.01149e+06,4.01535e+06,3861.38
3,16,self_attention,GPU,4.01535e+06,4.037e+06,21646.9
3,16,AttentionSplit,GPU,4.01535e+06,4.01535e+06,0
3,16,AttentionSum,GPU,4.01535e+06,4.01535e+06,0
3,16,AttentionGen,GPU,4.01535e+06,4.037e+06,21646.9
3,16,AttentionMerge,GPU,4.037e+06,4.037e+06,0
3,16,attn_o_proj,GPU,4.037e+06,4.0396e+06,2600.32
3,16,Linear,GPU,4.037e+06,4.0396e+06,2600.32
3,16,all_reduce,GPU,4.0396e+06,4.04484e+06,5236.91
3,16,residual_1,GPU,4.04484e+06,4.04499e+06,158.854
3,16,post_attn_layer_norm,GPU,4.04499e+06,4.04515e+06,158.854
3,16,expertFFN,GPU,4.04515e+06,4.2617e+06,216548
3,16,sync_0,GPU,4.04515e+06,4.04515e+06,0
3,16,sync__set,GPU,4.04515e+06,4.04515e+06,0
3,16,sync__,GPU,4.04515e+06,4.04515e+06,0
3,16,gate_fn,GPU,4.04515e+06,4.04525e+06,97.9093
3,16,Linear,GPU,4.04515e+06,4.04525e+06,97.9093
3,16,gate_update,GPU,4.04525e+06,4.04525e+06,0
3,16,moe_scatter,GPU,4.04525e+06,4.04525e+06,0
3,16,sync_for_moe_scatter,GPU,4.04525e+06,4.04525e+06,0
3,16,sync__set,GPU,4.04525e+06,4.04525e+06,0
3,16,sync__,GPU,4.04525e+06,4.04525e+06,0
3,16,moe_route,GPU,4.04525e+06,4.04525e+06,0
3,16,expert_FFN_6,GPU,4.04525e+06,4.15095e+06,105694
3,16,gate_proj,GPU,4.04525e+06,4.0804e+06,35145.9
3,16,Linear,GPU,4.04525e+06,4.0804e+06,35145.9
3,16,activation,GPU,4.0804e+06,4.08065e+06,256.611
3,16,up_proj,GPU,4.08065e+06,4.1158e+06,35145.9
3,16,Linear,GPU,4.08065e+06,4.1158e+06,35145.9
3,16,down_proj,GPU,4.1158e+06,4.15095e+06,35145.9
3,16,Linear,GPU,4.1158e+06,4.15095e+06,35145.9
3,16,expert_FFN_7,GPU,4.15095e+06,4.25641e+06,105460
3,16,gate_proj,GPU,4.15095e+06,4.18605e+06,35101.9
3,16,Linear,GPU,4.15095e+06,4.18605e+06,35101.9
3,16,activation,GPU,4.18605e+06,4.1862e+06,153.967
3,16,up_proj,GPU,4.1862e+06,4.2213e+06,35101.9
3,16,Linear,GPU,4.1862e+06,4.2213e+06,35101.9
3,16,down_proj,GPU,4.2213e+06,4.25641e+06,35101.9
3,16,Linear,GPU,4.2213e+06,4.25641e+06,35101.9
3,16,sync_2,GPU,4.25641e+06,4.25646e+06,58.6539
3,16,sync__set,GPU,4.25641e+06,4.25641e+06,0
3,16,sync__,GPU,4.25641e+06,4.25646e+06,58.6539
3,16,moe_all_reduce_for_e_tp,GPU,4.25646e+06,4.25646e+06,0
3,16,sync_3,GPU,4.25646e+06,4.25646e+06,0
3,16,sync__set,GPU,4.25646e+06,4.25646e+06,0
3,16,sync__,GPU,4.25646e+06,4.25646e+06,0
3,16,moe_gather,GPU,4.25646e+06,4.25646e+06,0
3,16,sync_for_moe_gather,GPU,4.25646e+06,4.25646e+06,0
3,16,sync__set,GPU,4.25646e+06,4.25646e+06,0
3,16,sync__,GPU,4.25646e+06,4.25646e+06,0
3,16,moe_all_reduce_for_gather,GPU,4.25646e+06,4.2617e+06,5236.91
3,16,sync_5,GPU,4.2617e+06,4.2617e+06,0
3,16,sync__set,GPU,4.2617e+06,4.2617e+06,0
3,16,sync__,GPU,4.2617e+06,4.2617e+06,0
3,16,sync_6,GPU,4.2617e+06,4.2617e+06,0
3,16,sync__set,GPU,4.2617e+06,4.2617e+06,0
3,16,sync__,GPU,4.2617e+06,4.2617e+06,0
3,16,residual_2,GPU,4.2617e+06,4.26186e+06,158.854
3,17,MoE_decoder_17,GPU,4.26186e+06,4.51262e+06,250763
3,17,input_layer_norm,GPU,4.26186e+06,4.26202e+06,158.854
3,17,attention,GPU,4.26202e+06,4.29536e+06,33345.5
3,17,attn_qkv_proj,GPU,4.26202e+06,4.26588e+06,3861.38
3,17,Linear,GPU,4.26202e+06,4.26588e+06,3861.38
3,17,self_attention,GPU,4.26588e+06,4.28753e+06,21646.9
3,17,AttentionSplit,GPU,4.26588e+06,4.26588e+06,0
3,17,AttentionSum,GPU,4.26588e+06,4.26588e+06,0
3,17,AttentionGen,GPU,4.26588e+06,4.28753e+06,21646.9
3,17,AttentionMerge,GPU,4.28753e+06,4.28753e+06,0
3,17,attn_o_proj,GPU,4.28753e+06,4.29013e+06,2600.32
3,17,Linear,GPU,4.28753e+06,4.29013e+06,2600.32
3,17,all_reduce,GPU,4.29013e+06,4.29536e+06,5236.91
3,17,residual_1,GPU,4.29536e+06,4.29552e+06,158.854
3,17,post_attn_layer_norm,GPU,4.29552e+06,4.29568e+06,158.854
3,17,expertFFN,GPU,4.29568e+06,4.51246e+06,216782
3,17,sync_0,GPU,4.29568e+06,4.29568e+06,0
3,17,sync__set,GPU,4.29568e+06,4.29568e+06,0
3,17,sync__,GPU,4.29568e+06,4.29568e+06,0
3,17,gate_fn,GPU,4.29568e+06,4.29578e+06,97.9093
3,17,Linear,GPU,4.29568e+06,4.29578e+06,97.9093
3,17,gate_update,GPU,4.29578e+06,4.29578e+06,0
3,17,moe_scatter,GPU,4.29578e+06,4.29578e+06,0
3,17,sync_for_moe_scatter,GPU,4.29578e+06,4.29578e+06,0
3,17,sync__set,GPU,4.29578e+06,4.29578e+06,0
3,17,sync__,GPU,4.29578e+06,4.29578e+06,0
3,17,moe_route,GPU,4.29578e+06,4.29578e+06,0
3,17,expert_FFN_6,GPU,4.29578e+06,4.40112e+06,105342
3,17,gate_proj,GPU,4.29578e+06,4.33086e+06,35079.9
3,17,Linear,GPU,4.29578e+06,4.33086e+06,35079.9
3,17,activation,GPU,4.33086e+06,4.33096e+06,102.644
3,17,up_proj,GPU,4.33096e+06,4.36604e+06,35079.9
3,17,Linear,GPU,4.33096e+06,4.36604e+06,35079.9
3,17,down_proj,GPU,4.36604e+06,4.40112e+06,35079.9
3,17,Linear,GPU,4.36604e+06,4.40112e+06,35079.9
3,17,expert_FFN_7,GPU,4.40112e+06,4.5067e+06,105577
3,17,gate_proj,GPU,4.40112e+06,4.43625e+06,35123.9
3,17,Linear,GPU,4.40112e+06,4.43625e+06,35123.9
3,17,activation,GPU,4.43625e+06,4.43645e+06,205.289
3,17,up_proj,GPU,4.43645e+06,4.47158e+06,35123.9
3,17,Linear,GPU,4.43645e+06,4.47158e+06,35123.9
3,17,down_proj,GPU,4.47158e+06,4.5067e+06,35123.9
3,17,Linear,GPU,4.47158e+06,4.5067e+06,35123.9
3,17,sync_2,GPU,4.5067e+06,4.50723e+06,527.885
3,17,sync__set,GPU,4.5067e+06,4.5067e+06,0
3,17,sync__,GPU,4.5067e+06,4.50723e+06,527.885
3,17,moe_all_reduce_for_e_tp,GPU,4.50723e+06,4.50723e+06,0
3,17,sync_3,GPU,4.50723e+06,4.50723e+06,0
3,17,sync__set,GPU,4.50723e+06,4.50723e+06,0
3,17,sync__,GPU,4.50723e+06,4.50723e+06,0
3,17,moe_gather,GPU,4.50723e+06,4.50723e+06,0
3,17,sync_for_moe_gather,GPU,4.50723e+06,4.50723e+06,0
3,17,sync__set,GPU,4.50723e+06,4.50723e+06,0
3,17,sync__,GPU,4.50723e+06,4.50723e+06,0
3,17,moe_all_reduce_for_gather,GPU,4.50723e+06,4.51246e+06,5236.91
3,17,sync_5,GPU,4.51246e+06,4.51246e+06,0
3,17,sync__set,GPU,4.51246e+06,4.51246e+06,0
3,17,sync__,GPU,4.51246e+06,4.51246e+06,0
3,17,sync_6,GPU,4.51246e+06,4.51246e+06,0
3,17,sync__set,GPU,4.51246e+06,4.51246e+06,0
3,17,sync__,GPU,4.51246e+06,4.51246e+06,0
3,17,residual_2,GPU,4.51246e+06,4.51262e+06,158.854
3,18,MoE_decoder_18,GPU,4.51262e+06,4.76321e+06,250587
3,18,input_layer_norm,GPU,4.51262e+06,4.51278e+06,158.854
3,18,attention,GPU,4.51278e+06,4.54613e+06,33345.5
3,18,attn_qkv_proj,GPU,4.51278e+06,4.51664e+06,3861.38
3,18,Linear,GPU,4.51278e+06,4.51664e+06,3861.38
3,18,self_attention,GPU,4.51664e+06,4.53829e+06,21646.9
3,18,AttentionSplit,GPU,4.51664e+06,4.51664e+06,0
3,18,AttentionSum,GPU,4.51664e+06,4.51664e+06,0
3,18,AttentionGen,GPU,4.51664e+06,4.53829e+06,21646.9
3,18,AttentionMerge,GPU,4.53829e+06,4.53829e+06,0
3,18,attn_o_proj,GPU,4.53829e+06,4.54089e+06,2600.32
3,18,Linear,GPU,4.53829e+06,4.54089e+06,2600.32
3,18,all_reduce,GPU,4.54089e+06,4.54613e+06,5236.91
3,18,residual_1,GPU,4.54613e+06,4.54629e+06,158.854
3,18,post_attn_layer_norm,GPU,4.54629e+06,4.54644e+06,158.854
3,18,expertFFN,GPU,4.54644e+06,4.76305e+06,216606
3,18,sync_0,GPU,4.54644e+06,4.54644e+06,0
3,18,sync__set,GPU,4.54644e+06,4.54644e+06,0
3,18,sync__,GPU,4.54644e+06,4.54644e+06,0
3,18,gate_fn,GPU,4.54644e+06,4.54654e+06,97.9093
3,18,Linear,GPU,4.54644e+06,4.54654e+06,97.9093
3,18,gate_update,GPU,4.54654e+06,4.54654e+06,0
3,18,moe_scatter,GPU,4.54654e+06,4.54654e+06,0
3,18,sync_for_moe_scatter,GPU,4.54654e+06,4.54654e+06,0
3,18,sync__set,GPU,4.54654e+06,4.54654e+06,0
3,18,sync__,GPU,4.54654e+06,4.54654e+06,0
3,18,moe_route,GPU,4.54654e+06,4.54654e+06,0
3,18,expert_FFN_6,GPU,4.54654e+06,4.652e+06,105460
3,18,gate_proj,GPU,4.54654e+06,4.58164e+06,35101.9
3,18,Linear,GPU,4.54654e+06,4.58164e+06,35101.9
3,18,activation,GPU,4.58164e+06,4.5818e+06,153.967
3,18,up_proj,GPU,4.5818e+06,4.6169e+06,35101.9
3,18,Linear,GPU,4.5818e+06,4.6169e+06,35101.9
3,18,down_proj,GPU,4.6169e+06,4.652e+06,35101.9
3,18,Linear,GPU,4.6169e+06,4.652e+06,35101.9
3,18,expert_FFN_7,GPU,4.652e+06,4.75752e+06,105518
3,18,gate_proj,GPU,4.652e+06,4.68712e+06,35112.9
3,18,Linear,GPU,4.652e+06,4.68712e+06,35112.9
3,18,activation,GPU,4.68712e+06,4.6873e+06,179.628
3,18,up_proj,GPU,4.6873e+06,4.72241e+06,35112.9
3,18,Linear,GPU,4.6873e+06,4.72241e+06,35112.9
3,18,down_proj,GPU,4.72241e+06,4.75752e+06,35112.9
3,18,Linear,GPU,4.72241e+06,4.75752e+06,35112.9
3,18,sync_2,GPU,4.75752e+06,4.75781e+06,293.27
3,18,sync__set,GPU,4.75752e+06,4.75752e+06,0
3,18,sync__,GPU,4.75752e+06,4.75781e+06,293.27
3,18,moe_all_reduce_for_e_tp,GPU,4.75781e+06,4.75781e+06,0
3,18,sync_3,GPU,4.75781e+06,4.75781e+06,0
3,18,sync__set,GPU,4.75781e+06,4.75781e+06,0
3,18,sync__,GPU,4.75781e+06,4.75781e+06,0
3,18,moe_gather,GPU,4.75781e+06,4.75781e+06,0
3,18,sync_for_moe_gather,GPU,4.75781e+06,4.75781e+06,0
3,18,sync__set,GPU,4.75781e+06,4.75781e+06,0
3,18,sync__,GPU,4.75781e+06,4.75781e+06,0
3,18,moe_all_reduce_for_gather,GPU,4.75781e+06,4.76305e+06,5236.91
3,18,sync_5,GPU,4.76305e+06,4.76305e+06,0
3,18,sync__set,GPU,4.76305e+06,4.76305e+06,0
3,18,sync__,GPU,4.76305e+06,4.76305e+06,0
3,18,sync_6,GPU,4.76305e+06,4.76305e+06,0
3,18,sync__set,GPU,4.76305e+06,4.76305e+06,0
3,18,sync__,GPU,4.76305e+06,4.76305e+06,0
3,18,residual_2,GPU,4.76305e+06,4.76321e+06,158.854
3,19,MoE_decoder_19,GPU,4.76321e+06,5.01391e+06,250705
3,19,input_layer_norm,GPU,4.76321e+06,4.76337e+06,158.854
3,19,attention,GPU,4.76337e+06,4.79671e+06,33345.5
3,19,attn_qkv_proj,GPU,4.76337e+06,4.76723e+06,3861.38
3,19,Linear,GPU,4.76337e+06,4.76723e+06,3861.38
3,19,self_attention,GPU,4.76723e+06,4.78888e+06,21646.9
3,19,AttentionSplit,GPU,4.76723e+06,4.76723e+06,0
3,19,AttentionSum,GPU,4.76723e+06,4.76723e+06,0
3,19,AttentionGen,GPU,4.76723e+06,4.78888e+06,21646.9
3,19,AttentionMerge,GPU,4.78888e+06,4.78888e+06,0
3,19,attn_o_proj,GPU,4.78888e+06,4.79148e+06,2600.32
3,19,Linear,GPU,4.78888e+06,4.79148e+06,2600.32
3,19,all_reduce,GPU,4.79148e+06,4.79671e+06,5236.91
3,19,residual_1,GPU,4.79671e+06,4.79687e+06,158.854
3,19,post_attn_layer_norm,GPU,4.79687e+06,4.79703e+06,158.854
3,19,expertFFN,GPU,4.79703e+06,5.01376e+06,216724
3,19,sync_0,GPU,4.79703e+06,4.79703e+06,0
3,19,sync__set,GPU,4.79703e+06,4.79703e+06,0
3,19,sync__,GPU,4.79703e+06,4.79703e+06,0
3,19,gate_fn,GPU,4.79703e+06,4.79713e+06,97.9093
3,19,Linear,GPU,4.79703e+06,4.79713e+06,97.9093
3,19,gate_update,GPU,4.79713e+06,4.79713e+06,0
3,19,moe_scatter,GPU,4.79713e+06,4.79713e+06,0
3,19,sync_for_moe_scatter,GPU,4.79713e+06,4.79713e+06,0
3,19,sync__set,GPU,4.79713e+06,4.79713e+06,0
3,19,sync__,GPU,4.79713e+06,4.79713e+06,0
3,19,moe_route,GPU,4.79713e+06,4.79713e+06,0
3,19,expert_FFN_6,GPU,4.79713e+06,4.90271e+06,105577
3,19,gate_proj,GPU,4.79713e+06,4.83225e+06,35123.9
3,19,Linear,GPU,4.79713e+06,4.83225e+06,35123.9
3,19,activation,GPU,4.83225e+06,4.83246e+06,205.289
3,19,up_proj,GPU,4.83246e+06,4.86758e+06,35123.9
3,19,Linear,GPU,4.83246e+06,4.86758e+06,35123.9
3,19,down_proj,GPU,4.86758e+06,4.90271e+06,35123.9
3,19,Linear,GPU,4.86758e+06,4.90271e+06,35123.9
3,19,expert_FFN_7,GPU,4.90271e+06,5.00834e+06,105636
3,19,gate_proj,GPU,4.90271e+06,4.93784e+06,35134.9
3,19,Linear,GPU,4.90271e+06,4.93784e+06,35134.9
3,19,activation,GPU,4.93784e+06,4.93807e+06,230.95
3,19,up_proj,GPU,4.93807e+06,4.97321e+06,35134.9
3,19,Linear,GPU,4.93807e+06,4.97321e+06,35134.9
3,19,down_proj,GPU,4.97321e+06,5.00834e+06,35134.9
3,19,Linear,GPU,4.97321e+06,5.00834e+06,35134.9
3,19,sync_2,GPU,5.00834e+06,5.00852e+06,175.962
3,19,sync__set,GPU,5.00834e+06,5.00834e+06,0
3,19,sync__,GPU,5.00834e+06,5.00852e+06,175.962
3,19,moe_all_reduce_for_e_tp,GPU,5.00852e+06,5.00852e+06,0
3,19,sync_3,GPU,5.00852e+06,5.00852e+06,0
3,19,sync__set,GPU,5.00852e+06,5.00852e+06,0
3,19,sync__,GPU,5.00852e+06,5.00852e+06,0
3,19,moe_gather,GPU,5.00852e+06,5.00852e+06,0
3,19,sync_for_moe_gather,GPU,5.00852e+06,5.00852e+06,0
3,19,sync__set,GPU,5.00852e+06,5.00852e+06,0
3,19,sync__,GPU,5.00852e+06,5.00852e+06,0
3,19,moe_all_reduce_for_gather,GPU,5.00852e+06,5.01376e+06,5236.91
3,19,sync_5,GPU,5.01376e+06,5.01376e+06,0
3,19,sync__set,GPU,5.01376e+06,5.01376e+06,0
3,19,sync__,GPU,5.01376e+06,5.01376e+06,0
3,19,sync_6,GPU,5.01376e+06,5.01376e+06,0
3,19,sync__set,GPU,5.01376e+06,5.01376e+06,0
3,19,sync__,GPU,5.01376e+06,5.01376e+06,0
3,19,residual_2,GPU,5.01376e+06,5.01391e+06,158.854
3,20,MoE_decoder_20,GPU,5.01391e+06,5.26462e+06,250705
3,20,input_layer_norm,GPU,5.01391e+06,5.01407e+06,158.854
3,20,attention,GPU,5.01407e+06,5.04742e+06,33345.5
3,20,attn_qkv_proj,GPU,5.01407e+06,5.01793e+06,3861.38
3,20,Linear,GPU,5.01407e+06,5.01793e+06,3861.38
3,20,self_attention,GPU,5.01793e+06,5.03958e+06,21646.9
3,20,AttentionSplit,GPU,5.01793e+06,5.01793e+06,0
3,20,AttentionSum,GPU,5.01793e+06,5.01793e+06,0
3,20,AttentionGen,GPU,5.01793e+06,5.03958e+06,21646.9
3,20,AttentionMerge,GPU,5.03958e+06,5.03958e+06,0
3,20,attn_o_proj,GPU,5.03958e+06,5.04218e+06,2600.32
3,20,Linear,GPU,5.03958e+06,5.04218e+06,2600.32
3,20,all_reduce,GPU,5.04218e+06,5.04742e+06,5236.91
3,20,residual_1,GPU,5.04742e+06,5.04758e+06,158.854
3,20,post_attn_layer_norm,GPU,5.04758e+06,5.04774e+06,158.854
3,20,expertFFN,GPU,5.04774e+06,5.26446e+06,216724
3,20,sync_0,GPU,5.04774e+06,5.04774e+06,0
3,20,sync__set,GPU,5.04774e+06,5.04774e+06,0
3,20,sync__,GPU,5.04774e+06,5.04774e+06,0
3,20,gate_fn,GPU,5.04774e+06,5.04783e+06,97.9093
3,20,Linear,GPU,5.04774e+06,5.04783e+06,97.9093
3,20,gate_update,GPU,5.04783e+06,5.04783e+06,0
3,20,moe_scatter,GPU,5.04783e+06,5.04783e+06,0
3,20,sync_for_moe_scatter,GPU,5.04783e+06,5.04783e+06,0
3,20,sync__set,GPU,5.04783e+06,5.04783e+06,0
3,20,sync__,GPU,5.04783e+06,5.04783e+06,0
3,20,moe_route,GPU,5.04783e+06,5.04783e+06,0
3,20,expert_FFN_6,GPU,5.04783e+06,5.15335e+06,105518
3,20,gate_proj,GPU,5.04783e+06,5.08295e+06,35112.9
3,20,Linear,GPU,5.04783e+06,5.08295e+06,35112.9
3,20,activation,GPU,5.08295e+06,5.08313e+06,179.628
3,20,up_proj,GPU,5.08313e+06,5.11824e+06,35112.9
3,20,Linear,GPU,5.08313e+06,5.11824e+06,35112.9
3,20,down_proj,GPU,5.11824e+06,5.15335e+06,35112.9
3,20,Linear,GPU,5.11824e+06,5.15335e+06,35112.9
3,20,expert_FFN_7,GPU,5.15335e+06,5.25875e+06,105401
3,20,gate_proj,GPU,5.15335e+06,5.18844e+06,35090.9
3,20,Linear,GPU,5.15335e+06,5.18844e+06,35090.9
3,20,activation,GPU,5.18844e+06,5.18857e+06,128.305
3,20,up_proj,GPU,5.18857e+06,5.22366e+06,35090.9
3,20,Linear,GPU,5.18857e+06,5.22366e+06,35090.9
3,20,down_proj,GPU,5.22366e+06,5.25875e+06,35090.9
3,20,Linear,GPU,5.22366e+06,5.25875e+06,35090.9
3,20,sync_2,GPU,5.25875e+06,5.25922e+06,469.232
3,20,sync__set,GPU,5.25875e+06,5.25875e+06,0
3,20,sync__,GPU,5.25875e+06,5.25922e+06,469.232
3,20,moe_all_reduce_for_e_tp,GPU,5.25922e+06,5.25922e+06,0
3,20,sync_3,GPU,5.25922e+06,5.25922e+06,0
3,20,sync__set,GPU,5.25922e+06,5.25922e+06,0
3,20,sync__,GPU,5.25922e+06,5.25922e+06,0
3,20,moe_gather,GPU,5.25922e+06,5.25922e+06,0
3,20,sync_for_moe_gather,GPU,5.25922e+06,5.25922e+06,0
3,20,sync__set,GPU,5.25922e+06,5.25922e+06,0
3,20,sync__,GPU,5.25922e+06,5.25922e+06,0
3,20,moe_all_reduce_for_gather,GPU,5.25922e+06,5.26446e+06,5236.91
3,20,sync_5,GPU,5.26446e+06,5.26446e+06,0
3,20,sync__set,GPU,5.26446e+06,5.26446e+06,0
3,20,sync__,GPU,5.26446e+06,5.26446e+06,0
3,20,sync_6,GPU,5.26446e+06,5.26446e+06,0
3,20,sync__set,GPU,5.26446e+06,5.26446e+06,0
3,20,sync__,GPU,5.26446e+06,5.26446e+06,0
3,20,residual_2,GPU,5.26446e+06,5.26462e+06,158.854
3,21,MoE_decoder_21,GPU,5.26462e+06,5.51562e+06,250998
3,21,input_layer_norm,GPU,5.26462e+06,5.26478e+06,158.854
3,21,attention,GPU,5.26478e+06,5.29812e+06,33345.5
3,21,attn_qkv_proj,GPU,5.26478e+06,5.26864e+06,3861.38
3,21,Linear,GPU,5.26478e+06,5.26864e+06,3861.38
3,21,self_attention,GPU,5.26864e+06,5.29029e+06,21646.9
3,21,AttentionSplit,GPU,5.26864e+06,5.26864e+06,0
3,21,AttentionSum,GPU,5.26864e+06,5.26864e+06,0
3,21,AttentionGen,GPU,5.26864e+06,5.29029e+06,21646.9
3,21,AttentionMerge,GPU,5.29029e+06,5.29029e+06,0
3,21,attn_o_proj,GPU,5.29029e+06,5.29289e+06,2600.32
3,21,Linear,GPU,5.29029e+06,5.29289e+06,2600.32
3,21,all_reduce,GPU,5.29289e+06,5.29812e+06,5236.91
3,21,residual_1,GPU,5.29812e+06,5.29828e+06,158.854
3,21,post_attn_layer_norm,GPU,5.29828e+06,5.29844e+06,158.854
3,21,expertFFN,GPU,5.29844e+06,5.51546e+06,217017
3,21,sync_0,GPU,5.29844e+06,5.29844e+06,0
3,21,sync__set,GPU,5.29844e+06,5.29844e+06,0
3,21,sync__,GPU,5.29844e+06,5.29844e+06,0
3,21,gate_fn,GPU,5.29844e+06,5.29854e+06,97.9093
3,21,Linear,GPU,5.29844e+06,5.29854e+06,97.9093
3,21,gate_update,GPU,5.29854e+06,5.29854e+06,0
3,21,moe_scatter,GPU,5.29854e+06,5.29854e+06,0
3,21,sync_for_moe_scatter,GPU,5.29854e+06,5.29854e+06,0
3,21,sync__set,GPU,5.29854e+06,5.29854e+06,0
3,21,sync__,GPU,5.29854e+06,5.29854e+06,0
3,21,moe_route,GPU,5.29854e+06,5.29854e+06,0
3,21,expert_FFN_6,GPU,5.29854e+06,5.40376e+06,105225
3,21,gate_proj,GPU,5.29854e+06,5.3336e+06,35057.9
3,21,Linear,GPU,5.29854e+06,5.3336e+06,35057.9
3,21,activation,GPU,5.3336e+06,5.33365e+06,51.3222
3,21,up_proj,GPU,5.33365e+06,5.36871e+06,35057.9
3,21,Linear,GPU,5.33365e+06,5.36871e+06,35057.9
3,21,down_proj,GPU,5.36871e+06,5.40376e+06,35057.9
3,21,Linear,GPU,5.36871e+06,5.40376e+06,35057.9
3,21,expert_FFN_7,GPU,5.40376e+06,5.50917e+06,105401
3,21,gate_proj,GPU,5.40376e+06,5.43886e+06,35090.9
3,21,Linear,GPU,5.40376e+06,5.43886e+06,35090.9
3,21,activation,GPU,5.43886e+06,5.43898e+06,128.305
3,21,up_proj,GPU,5.43898e+06,5.47407e+06,35090.9
3,21,Linear,GPU,5.43898e+06,5.47407e+06,35090.9
3,21,down_proj,GPU,5.47407e+06,5.50917e+06,35090.9
3,21,Linear,GPU,5.47407e+06,5.50917e+06,35090.9
3,21,sync_2,GPU,5.50917e+06,5.51022e+06,1055.77
3,21,sync__set,GPU,5.50917e+06,5.50917e+06,0
3,21,sync__,GPU,5.50917e+06,5.51022e+06,1055.77
3,21,moe_all_reduce_for_e_tp,GPU,5.51022e+06,5.51022e+06,0
3,21,sync_3,GPU,5.51022e+06,5.51022e+06,0
3,21,sync__set,GPU,5.51022e+06,5.51022e+06,0
3,21,sync__,GPU,5.51022e+06,5.51022e+06,0
3,21,moe_gather,GPU,5.51022e+06,5.51022e+06,0
3,21,sync_for_moe_gather,GPU,5.51022e+06,5.51022e+06,0
3,21,sync__set,GPU,5.51022e+06,5.51022e+06,0
3,21,sync__,GPU,5.51022e+06,5.51022e+06,0
3,21,moe_all_reduce_for_gather,GPU,5.51022e+06,5.51546e+06,5236.91
3,21,sync_5,GPU,5.51546e+06,5.51546e+06,0
3,21,sync__set,GPU,5.51546e+06,5.51546e+06,0
3,21,sync__,GPU,5.51546e+06,5.51546e+06,0
3,21,sync_6,GPU,5.51546e+06,5.51546e+06,0
3,21,sync__set,GPU,5.51546e+06,5.51546e+06,0
3,21,sync__,GPU,5.51546e+06,5.51546e+06,0
3,21,residual_2,GPU,5.51546e+06,5.51562e+06,158.854
3,22,MoE_decoder_22,GPU,5.51562e+06,5.76626e+06,250646
3,22,input_layer_norm,GPU,5.51562e+06,5.51578e+06,158.854
3,22,attention,GPU,5.51578e+06,5.54912e+06,33345.5
3,22,attn_qkv_proj,GPU,5.51578e+06,5.51964e+06,3861.38
3,22,Linear,GPU,5.51578e+06,5.51964e+06,3861.38
3,22,self_attention,GPU,5.51964e+06,5.54128e+06,21646.9
3,22,AttentionSplit,GPU,5.51964e+06,5.51964e+06,0
3,22,AttentionSum,GPU,5.51964e+06,5.51964e+06,0
3,22,AttentionGen,GPU,5.51964e+06,5.54128e+06,21646.9
3,22,AttentionMerge,GPU,5.54128e+06,5.54128e+06,0
3,22,attn_o_proj,GPU,5.54128e+06,5.54388e+06,2600.32
3,22,Linear,GPU,5.54128e+06,5.54388e+06,2600.32
3,22,all_reduce,GPU,5.54388e+06,5.54912e+06,5236.91
3,22,residual_1,GPU,5.54912e+06,5.54928e+06,158.854
3,22,post_attn_layer_norm,GPU,5.54928e+06,5.54944e+06,158.854
3,22,expertFFN,GPU,5.54944e+06,5.7661e+06,216665
3,22,sync_0,GPU,5.54944e+06,5.54944e+06,0
3,22,sync__set,GPU,5.54944e+06,5.54944e+06,0
3,22,sync__,GPU,5.54944e+06,5.54944e+06,0
3,22,gate_fn,GPU,5.54944e+06,5.54954e+06,97.9093
3,22,Linear,GPU,5.54944e+06,5.54954e+06,97.9093
3,22,gate_update,GPU,5.54954e+06,5.54954e+06,0
3,22,moe_scatter,GPU,5.54954e+06,5.54954e+06,0
3,22,sync_for_moe_scatter,GPU,5.54954e+06,5.54954e+06,0
3,22,sync__set,GPU,5.54954e+06,5.54954e+06,0
3,22,sync__,GPU,5.54954e+06,5.54954e+06,0
3,22,moe_route,GPU,5.54954e+06,5.54954e+06,0
3,22,expert_FFN_6,GPU,5.54954e+06,5.65535e+06,105812
3,22,gate_proj,GPU,5.54954e+06,5.5847e+06,35167.9
3,22,Linear,GPU,5.54954e+06,5.5847e+06,35167.9
3,22,activation,GPU,5.5847e+06,5.58501e+06,307.933
3,22,up_proj,GPU,5.58501e+06,5.62018e+06,35167.9
3,22,Linear,GPU,5.58501e+06,5.62018e+06,35167.9
3,22,down_proj,GPU,5.62018e+06,5.65535e+06,35167.9
3,22,Linear,GPU,5.62018e+06,5.65535e+06,35167.9
3,22,expert_FFN_7,GPU,5.65535e+06,5.76087e+06,105518
3,22,gate_proj,GPU,5.65535e+06,5.69046e+06,35112.9
3,22,Linear,GPU,5.65535e+06,5.69046e+06,35112.9
3,22,activation,GPU,5.69046e+06,5.69064e+06,179.628
3,22,up_proj,GPU,5.69064e+06,5.72575e+06,35112.9
3,22,Linear,GPU,5.69064e+06,5.72575e+06,35112.9
3,22,down_proj,GPU,5.72575e+06,5.76087e+06,35112.9
3,22,Linear,GPU,5.72575e+06,5.76087e+06,35112.9
3,22,sync_2,GPU,5.76087e+06,5.76087e+06,0
3,22,sync__set,GPU,5.76087e+06,5.76087e+06,0
3,22,sync__,GPU,5.76087e+06,5.76087e+06,0
3,22,moe_all_reduce_for_e_tp,GPU,5.76087e+06,5.76087e+06,0
3,22,sync_3,GPU,5.76087e+06,5.76087e+06,0
3,22,sync__set,GPU,5.76087e+06,5.76087e+06,0
3,22,sync__,GPU,5.76087e+06,5.76087e+06,0
3,22,moe_gather,GPU,5.76087e+06,5.76087e+06,0
3,22,sync_for_moe_gather,GPU,5.76087e+06,5.76087e+06,0
3,22,sync__set,GPU,5.76087e+06,5.76087e+06,0
3,22,sync__,GPU,5.76087e+06,5.76087e+06,0
3,22,moe_all_reduce_for_gather,GPU,5.76087e+06,5.7661e+06,5236.91
3,22,sync_5,GPU,5.7661e+06,5.7661e+06,0
3,22,sync__set,GPU,5.7661e+06,5.7661e+06,0
3,22,sync__,GPU,5.7661e+06,5.7661e+06,0
3,22,sync_6,GPU,5.7661e+06,5.7661e+06,0
3,22,sync__set,GPU,5.7661e+06,5.7661e+06,0
3,22,sync__,GPU,5.7661e+06,5.7661e+06,0
3,22,residual_2,GPU,5.7661e+06,5.76626e+06,158.854
3,23,MoE_decoder_23,GPU,5.76626e+06,6.01685e+06,250587
3,23,input_layer_norm,GPU,5.76626e+06,5.76642e+06,158.854
3,23,attention,GPU,5.76642e+06,5.79977e+06,33345.5
3,23,attn_qkv_proj,GPU,5.76642e+06,5.77028e+06,3861.38
3,23,Linear,GPU,5.76642e+06,5.77028e+06,3861.38
3,23,self_attention,GPU,5.77028e+06,5.79193e+06,21646.9
3,23,AttentionSplit,GPU,5.77028e+06,5.77028e+06,0
3,23,AttentionSum,GPU,5.77028e+06,5.77028e+06,0
3,23,AttentionGen,GPU,5.77028e+06,5.79193e+06,21646.9
3,23,AttentionMerge,GPU,5.79193e+06,5.79193e+06,0
3,23,attn_o_proj,GPU,5.79193e+06,5.79453e+06,2600.32
3,23,Linear,GPU,5.79193e+06,5.79453e+06,2600.32
3,23,all_reduce,GPU,5.79453e+06,5.79977e+06,5236.91
3,23,residual_1,GPU,5.79977e+06,5.79993e+06,158.854
3,23,post_attn_layer_norm,GPU,5.79993e+06,5.80008e+06,158.854
3,23,expertFFN,GPU,5.80008e+06,6.01669e+06,216606
3,23,sync_0,GPU,5.80008e+06,5.80008e+06,0
3,23,sync__set,GPU,5.80008e+06,5.80008e+06,0
3,23,sync__,GPU,5.80008e+06,5.80008e+06,0
3,23,gate_fn,GPU,5.80008e+06,5.80018e+06,97.9093
3,23,Linear,GPU,5.80008e+06,5.80018e+06,97.9093
3,23,gate_update,GPU,5.80018e+06,5.80018e+06,0
3,23,moe_scatter,GPU,5.80018e+06,5.80018e+06,0
3,23,sync_for_moe_scatter,GPU,5.80018e+06,5.80018e+06,0
3,23,sync__set,GPU,5.80018e+06,5.80018e+06,0
3,23,sync__,GPU,5.80018e+06,5.80018e+06,0
3,23,moe_route,GPU,5.80018e+06,5.80018e+06,0
3,23,expert_FFN_6,GPU,5.80018e+06,5.90599e+06,105812
3,23,gate_proj,GPU,5.80018e+06,5.83535e+06,35167.9
3,23,Linear,GPU,5.80018e+06,5.83535e+06,35167.9
3,23,activation,GPU,5.83535e+06,5.83566e+06,307.933
3,23,up_proj,GPU,5.83566e+06,5.87083e+06,35167.9
3,23,Linear,GPU,5.83566e+06,5.87083e+06,35167.9
3,23,down_proj,GPU,5.87083e+06,5.90599e+06,35167.9
3,23,Linear,GPU,5.87083e+06,5.90599e+06,35167.9
3,23,expert_FFN_7,GPU,5.90599e+06,6.01145e+06,105460
3,23,gate_proj,GPU,5.90599e+06,5.9411e+06,35101.9
3,23,Linear,GPU,5.90599e+06,5.9411e+06,35101.9
3,23,activation,GPU,5.9411e+06,5.94125e+06,153.967
3,23,up_proj,GPU,5.94125e+06,5.97635e+06,35101.9
3,23,Linear,GPU,5.94125e+06,5.97635e+06,35101.9
3,23,down_proj,GPU,5.97635e+06,6.01145e+06,35101.9
3,23,Linear,GPU,5.97635e+06,6.01145e+06,35101.9
3,23,sync_2,GPU,6.01145e+06,6.01145e+06,0
3,23,sync__set,GPU,6.01145e+06,6.01145e+06,0
3,23,sync__,GPU,6.01145e+06,6.01145e+06,0
3,23,moe_all_reduce_for_e_tp,GPU,6.01145e+06,6.01145e+06,0
3,23,sync_3,GPU,6.01145e+06,6.01145e+06,0
3,23,sync__set,GPU,6.01145e+06,6.01145e+06,0
3,23,sync__,GPU,6.01145e+06,6.01145e+06,0
3,23,moe_gather,GPU,6.01145e+06,6.01145e+06,0
3,23,sync_for_moe_gather,GPU,6.01145e+06,6.01145e+06,0
3,23,sync__set,GPU,6.01145e+06,6.01145e+06,0
3,23,sync__,GPU,6.01145e+06,6.01145e+06,0
3,23,moe_all_reduce_for_gather,GPU,6.01145e+06,6.01669e+06,5236.91
3,23,sync_5,GPU,6.01669e+06,6.01669e+06,0
3,23,sync__set,GPU,6.01669e+06,6.01669e+06,0
3,23,sync__,GPU,6.01669e+06,6.01669e+06,0
3,23,sync_6,GPU,6.01669e+06,6.01669e+06,0
3,23,sync__set,GPU,6.01669e+06,6.01669e+06,0
3,23,sync__,GPU,6.01669e+06,6.01669e+06,0
3,23,residual_2,GPU,6.01669e+06,6.01685e+06,158.854
3,24,MoE_decoder_24,GPU,6.01685e+06,6.26761e+06,250763
3,24,input_layer_norm,GPU,6.01685e+06,6.01701e+06,158.854
3,24,attention,GPU,6.01701e+06,6.05035e+06,33345.5
3,24,attn_qkv_proj,GPU,6.01701e+06,6.02087e+06,3861.38
3,24,Linear,GPU,6.01701e+06,6.02087e+06,3861.38
3,24,self_attention,GPU,6.02087e+06,6.04252e+06,21646.9
3,24,AttentionSplit,GPU,6.02087e+06,6.02087e+06,0
3,24,AttentionSum,GPU,6.02087e+06,6.02087e+06,0
3,24,AttentionGen,GPU,6.02087e+06,6.04252e+06,21646.9
3,24,AttentionMerge,GPU,6.04252e+06,6.04252e+06,0
3,24,attn_o_proj,GPU,6.04252e+06,6.04512e+06,2600.32
3,24,Linear,GPU,6.04252e+06,6.04512e+06,2600.32
3,24,all_reduce,GPU,6.04512e+06,6.05035e+06,5236.91
3,24,residual_1,GPU,6.05035e+06,6.05051e+06,158.854
3,24,post_attn_layer_norm,GPU,6.05051e+06,6.05067e+06,158.854
3,24,expertFFN,GPU,6.05067e+06,6.26745e+06,216782
3,24,sync_0,GPU,6.05067e+06,6.05067e+06,0
3,24,sync__set,GPU,6.05067e+06,6.05067e+06,0
3,24,sync__,GPU,6.05067e+06,6.05067e+06,0
3,24,gate_fn,GPU,6.05067e+06,6.05077e+06,97.9093
3,24,Linear,GPU,6.05067e+06,6.05077e+06,97.9093
3,24,gate_update,GPU,6.05077e+06,6.05077e+06,0
3,24,moe_scatter,GPU,6.05077e+06,6.05077e+06,0
3,24,sync_for_moe_scatter,GPU,6.05077e+06,6.05077e+06,0
3,24,sync__set,GPU,6.05077e+06,6.05077e+06,0
3,24,sync__,GPU,6.05077e+06,6.05077e+06,0
3,24,moe_route,GPU,6.05077e+06,6.05077e+06,0
3,24,expert_FFN_6,GPU,6.05077e+06,6.15611e+06,105342
3,24,gate_proj,GPU,6.05077e+06,6.08585e+06,35079.9
3,24,Linear,GPU,6.05077e+06,6.08585e+06,35079.9
3,24,activation,GPU,6.08585e+06,6.08595e+06,102.644
3,24,up_proj,GPU,6.08595e+06,6.12103e+06,35079.9
3,24,Linear,GPU,6.08595e+06,6.12103e+06,35079.9
3,24,down_proj,GPU,6.12103e+06,6.15611e+06,35079.9
3,24,Linear,GPU,6.12103e+06,6.15611e+06,35079.9
3,24,expert_FFN_7,GPU,6.15611e+06,6.26181e+06,105694
3,24,gate_proj,GPU,6.15611e+06,6.19126e+06,35145.9
3,24,Linear,GPU,6.15611e+06,6.19126e+06,35145.9
3,24,activation,GPU,6.19126e+06,6.19151e+06,256.611
3,24,up_proj,GPU,6.19151e+06,6.22666e+06,35145.9
3,24,Linear,GPU,6.19151e+06,6.22666e+06,35145.9
3,24,down_proj,GPU,6.22666e+06,6.26181e+06,35145.9
3,24,Linear,GPU,6.22666e+06,6.26181e+06,35145.9
3,24,sync_2,GPU,6.26181e+06,6.26222e+06,410.578
3,24,sync__set,GPU,6.26181e+06,6.26181e+06,0
3,24,sync__,GPU,6.26181e+06,6.26222e+06,410.578
3,24,moe_all_reduce_for_e_tp,GPU,6.26222e+06,6.26222e+06,0
3,24,sync_3,GPU,6.26222e+06,6.26222e+06,0
3,24,sync__set,GPU,6.26222e+06,6.26222e+06,0
3,24,sync__,GPU,6.26222e+06,6.26222e+06,0
3,24,moe_gather,GPU,6.26222e+06,6.26222e+06,0
3,24,sync_for_moe_gather,GPU,6.26222e+06,6.26222e+06,0
3,24,sync__set,GPU,6.26222e+06,6.26222e+06,0
3,24,sync__,GPU,6.26222e+06,6.26222e+06,0
3,24,moe_all_reduce_for_gather,GPU,6.26222e+06,6.26745e+06,5236.91
3,24,sync_5,GPU,6.26745e+06,6.26745e+06,0
3,24,sync__set,GPU,6.26745e+06,6.26745e+06,0
3,24,sync__,GPU,6.26745e+06,6.26745e+06,0
3,24,sync_6,GPU,6.26745e+06,6.26745e+06,0
3,24,sync__set,GPU,6.26745e+06,6.26745e+06,0
3,24,sync__,GPU,6.26745e+06,6.26745e+06,0
3,24,residual_2,GPU,6.26745e+06,6.26761e+06,158.854
3,25,MoE_decoder_25,GPU,6.26761e+06,6.51826e+06,250646
3,25,input_layer_norm,GPU,6.26761e+06,6.26777e+06,158.854
3,25,attention,GPU,6.26777e+06,6.30112e+06,33345.5
3,25,attn_qkv_proj,GPU,6.26777e+06,6.27163e+06,3861.38
3,25,Linear,GPU,6.26777e+06,6.27163e+06,3861.38
3,25,self_attention,GPU,6.27163e+06,6.29328e+06,21646.9
3,25,AttentionSplit,GPU,6.27163e+06,6.27163e+06,0
3,25,AttentionSum,GPU,6.27163e+06,6.27163e+06,0
3,25,AttentionGen,GPU,6.27163e+06,6.29328e+06,21646.9
3,25,AttentionMerge,GPU,6.29328e+06,6.29328e+06,0
3,25,attn_o_proj,GPU,6.29328e+06,6.29588e+06,2600.32
3,25,Linear,GPU,6.29328e+06,6.29588e+06,2600.32
3,25,all_reduce,GPU,6.29588e+06,6.30112e+06,5236.91
3,25,residual_1,GPU,6.30112e+06,6.30128e+06,158.854
3,25,post_attn_layer_norm,GPU,6.30128e+06,6.30144e+06,158.854
3,25,expertFFN,GPU,6.30144e+06,6.5181e+06,216665
3,25,sync_0,GPU,6.30144e+06,6.30144e+06,0
3,25,sync__set,GPU,6.30144e+06,6.30144e+06,0
3,25,sync__,GPU,6.30144e+06,6.30144e+06,0
3,25,gate_fn,GPU,6.30144e+06,6.30153e+06,97.9093
3,25,Linear,GPU,6.30144e+06,6.30153e+06,97.9093
3,25,gate_update,GPU,6.30153e+06,6.30153e+06,0
3,25,moe_scatter,GPU,6.30153e+06,6.30153e+06,0
3,25,sync_for_moe_scatter,GPU,6.30153e+06,6.30153e+06,0
3,25,sync__set,GPU,6.30153e+06,6.30153e+06,0
3,25,sync__,GPU,6.30153e+06,6.30153e+06,0
3,25,moe_route,GPU,6.30153e+06,6.30153e+06,0
3,25,expert_FFN_6,GPU,6.30153e+06,6.40711e+06,105577
3,25,gate_proj,GPU,6.30153e+06,6.33666e+06,35123.9
3,25,Linear,GPU,6.30153e+06,6.33666e+06,35123.9
3,25,activation,GPU,6.33666e+06,6.33686e+06,205.289
3,25,up_proj,GPU,6.33686e+06,6.37199e+06,35123.9
3,25,Linear,GPU,6.33686e+06,6.37199e+06,35123.9
3,25,down_proj,GPU,6.37199e+06,6.40711e+06,35123.9
3,25,Linear,GPU,6.37199e+06,6.40711e+06,35123.9
3,25,expert_FFN_7,GPU,6.40711e+06,6.51275e+06,105636
3,25,gate_proj,GPU,6.40711e+06,6.44224e+06,35134.9
3,25,Linear,GPU,6.40711e+06,6.44224e+06,35134.9
3,25,activation,GPU,6.44224e+06,6.44248e+06,230.95
3,25,up_proj,GPU,6.44248e+06,6.47761e+06,35134.9
3,25,Linear,GPU,6.44248e+06,6.47761e+06,35134.9
3,25,down_proj,GPU,6.47761e+06,6.51275e+06,35134.9
3,25,Linear,GPU,6.47761e+06,6.51275e+06,35134.9
3,25,sync_2,GPU,6.51275e+06,6.51286e+06,117.308
3,25,sync__set,GPU,6.51275e+06,6.51275e+06,0
3,25,sync__,GPU,6.51275e+06,6.51286e+06,117.308
3,25,moe_all_reduce_for_e_tp,GPU,6.51286e+06,6.51286e+06,0
3,25,sync_3,GPU,6.51286e+06,6.51286e+06,0
3,25,sync__set,GPU,6.51286e+06,6.51286e+06,0
3,25,sync__,GPU,6.51286e+06,6.51286e+06,0
3,25,moe_gather,GPU,6.51286e+06,6.51286e+06,0
3,25,sync_for_moe_gather,GPU,6.51286e+06,6.51286e+06,0
3,25,sync__set,GPU,6.51286e+06,6.51286e+06,0
3,25,sync__,GPU,6.51286e+06,6.51286e+06,0
3,25,moe_all_reduce_for_gather,GPU,6.51286e+06,6.5181e+06,5236.91
3,25,sync_5,GPU,6.5181e+06,6.5181e+06,0
3,25,sync__set,GPU,6.5181e+06,6.5181e+06,0
3,25,sync__,GPU,6.5181e+06,6.5181e+06,0
3,25,sync_6,GPU,6.5181e+06,6.5181e+06,0
3,25,sync__set,GPU,6.5181e+06,6.5181e+06,0
3,25,sync__,GPU,6.5181e+06,6.5181e+06,0
3,25,residual_2,GPU,6.5181e+06,6.51826e+06,158.854
3,26,MoE_decoder_26,GPU,6.51826e+06,6.7689e+06,250646
3,26,input_layer_norm,GPU,6.51826e+06,6.51842e+06,158.854
3,26,attention,GPU,6.51842e+06,6.55176e+06,33345.5
3,26,attn_qkv_proj,GPU,6.51842e+06,6.52228e+06,3861.38
3,26,Linear,GPU,6.51842e+06,6.52228e+06,3861.38
3,26,self_attention,GPU,6.52228e+06,6.54393e+06,21646.9
3,26,AttentionSplit,GPU,6.52228e+06,6.52228e+06,0
3,26,AttentionSum,GPU,6.52228e+06,6.52228e+06,0
3,26,AttentionGen,GPU,6.52228e+06,6.54393e+06,21646.9
3,26,AttentionMerge,GPU,6.54393e+06,6.54393e+06,0
3,26,attn_o_proj,GPU,6.54393e+06,6.54653e+06,2600.32
3,26,Linear,GPU,6.54393e+06,6.54653e+06,2600.32
3,26,all_reduce,GPU,6.54653e+06,6.55176e+06,5236.91
3,26,residual_1,GPU,6.55176e+06,6.55192e+06,158.854
3,26,post_attn_layer_norm,GPU,6.55192e+06,6.55208e+06,158.854
3,26,expertFFN,GPU,6.55208e+06,6.76875e+06,216665
3,26,sync_0,GPU,6.55208e+06,6.55208e+06,0
3,26,sync__set,GPU,6.55208e+06,6.55208e+06,0
3,26,sync__,GPU,6.55208e+06,6.55208e+06,0
3,26,gate_fn,GPU,6.55208e+06,6.55218e+06,97.9093
3,26,Linear,GPU,6.55208e+06,6.55218e+06,97.9093
3,26,gate_update,GPU,6.55218e+06,6.55218e+06,0
3,26,moe_scatter,GPU,6.55218e+06,6.55218e+06,0
3,26,sync_for_moe_scatter,GPU,6.55218e+06,6.55218e+06,0
3,26,sync__set,GPU,6.55218e+06,6.55218e+06,0
3,26,sync__,GPU,6.55218e+06,6.55218e+06,0
3,26,moe_route,GPU,6.55218e+06,6.55218e+06,0
3,26,expert_FFN_6,GPU,6.55218e+06,6.65787e+06,105694
3,26,gate_proj,GPU,6.55218e+06,6.58732e+06,35145.9
3,26,Linear,GPU,6.55218e+06,6.58732e+06,35145.9
3,26,activation,GPU,6.58732e+06,6.58758e+06,256.611
3,26,up_proj,GPU,6.58758e+06,6.62273e+06,35145.9
3,26,Linear,GPU,6.58758e+06,6.62273e+06,35145.9
3,26,down_proj,GPU,6.62273e+06,6.65787e+06,35145.9
3,26,Linear,GPU,6.62273e+06,6.65787e+06,35145.9
3,26,expert_FFN_7,GPU,6.65787e+06,6.76327e+06,105401
3,26,gate_proj,GPU,6.65787e+06,6.69296e+06,35090.9
3,26,Linear,GPU,6.65787e+06,6.69296e+06,35090.9
3,26,activation,GPU,6.69296e+06,6.69309e+06,128.305
3,26,up_proj,GPU,6.69309e+06,6.72818e+06,35090.9
3,26,Linear,GPU,6.69309e+06,6.72818e+06,35090.9
3,26,down_proj,GPU,6.72818e+06,6.76327e+06,35090.9
3,26,Linear,GPU,6.72818e+06,6.76327e+06,35090.9
3,26,sync_2,GPU,6.76327e+06,6.76351e+06,234.616
3,26,sync__set,GPU,6.76327e+06,6.76327e+06,0
3,26,sync__,GPU,6.76327e+06,6.76351e+06,234.616
3,26,moe_all_reduce_for_e_tp,GPU,6.76351e+06,6.76351e+06,0
3,26,sync_3,GPU,6.76351e+06,6.76351e+06,0
3,26,sync__set,GPU,6.76351e+06,6.76351e+06,0
3,26,sync__,GPU,6.76351e+06,6.76351e+06,0
3,26,moe_gather,GPU,6.76351e+06,6.76351e+06,0
3,26,sync_for_moe_gather,GPU,6.76351e+06,6.76351e+06,0
3,26,sync__set,GPU,6.76351e+06,6.76351e+06,0
3,26,sync__,GPU,6.76351e+06,6.76351e+06,0
3,26,moe_all_reduce_for_gather,GPU,6.76351e+06,6.76875e+06,5236.91
3,26,sync_5,GPU,6.76875e+06,6.76875e+06,0
3,26,sync__set,GPU,6.76875e+06,6.76875e+06,0
3,26,sync__,GPU,6.76875e+06,6.76875e+06,0
3,26,sync_6,GPU,6.76875e+06,6.76875e+06,0
3,26,sync__set,GPU,6.76875e+06,6.76875e+06,0
3,26,sync__,GPU,6.76875e+06,6.76875e+06,0
3,26,residual_2,GPU,6.76875e+06,6.7689e+06,158.854
3,27,MoE_decoder_27,GPU,6.7689e+06,7.01949e+06,250587
3,27,input_layer_norm,GPU,6.7689e+06,6.76906e+06,158.854
3,27,attention,GPU,6.76906e+06,6.80241e+06,33345.5
3,27,attn_qkv_proj,GPU,6.76906e+06,6.77292e+06,3861.38
3,27,Linear,GPU,6.76906e+06,6.77292e+06,3861.38
3,27,self_attention,GPU,6.77292e+06,6.79457e+06,21646.9
3,27,AttentionSplit,GPU,6.77292e+06,6.77292e+06,0
3,27,AttentionSum,GPU,6.77292e+06,6.77292e+06,0
3,27,AttentionGen,GPU,6.77292e+06,6.79457e+06,21646.9
3,27,AttentionMerge,GPU,6.79457e+06,6.79457e+06,0
3,27,attn_o_proj,GPU,6.79457e+06,6.79717e+06,2600.32
3,27,Linear,GPU,6.79457e+06,6.79717e+06,2600.32
3,27,all_reduce,GPU,6.79717e+06,6.80241e+06,5236.91
3,27,residual_1,GPU,6.80241e+06,6.80257e+06,158.854
3,27,post_attn_layer_norm,GPU,6.80257e+06,6.80273e+06,158.854
3,27,expertFFN,GPU,6.80273e+06,7.01933e+06,216606
3,27,sync_0,GPU,6.80273e+06,6.80273e+06,0
3,27,sync__set,GPU,6.80273e+06,6.80273e+06,0
3,27,sync__,GPU,6.80273e+06,6.80273e+06,0
3,27,gate_fn,GPU,6.80273e+06,6.80282e+06,97.9093
3,27,Linear,GPU,6.80273e+06,6.80282e+06,97.9093
3,27,gate_update,GPU,6.80282e+06,6.80282e+06,0
3,27,moe_scatter,GPU,6.80282e+06,6.80282e+06,0
3,27,sync_for_moe_scatter,GPU,6.80282e+06,6.80282e+06,0
3,27,sync__set,GPU,6.80282e+06,6.80282e+06,0
3,27,sync__,GPU,6.80282e+06,6.80282e+06,0
3,27,moe_route,GPU,6.80282e+06,6.80282e+06,0
3,27,expert_FFN_6,GPU,6.80282e+06,6.90858e+06,105753
3,27,gate_proj,GPU,6.80282e+06,6.83798e+06,35156.9
3,27,Linear,GPU,6.80282e+06,6.83798e+06,35156.9
3,27,activation,GPU,6.83798e+06,6.83826e+06,282.272
3,27,up_proj,GPU,6.83826e+06,6.87342e+06,35156.9
3,27,Linear,GPU,6.83826e+06,6.87342e+06,35156.9
3,27,down_proj,GPU,6.87342e+06,6.90858e+06,35156.9
3,27,Linear,GPU,6.87342e+06,6.90858e+06,35156.9
3,27,expert_FFN_7,GPU,6.90858e+06,7.0141e+06,105518
3,27,gate_proj,GPU,6.90858e+06,6.94369e+06,35112.9
3,27,Linear,GPU,6.90858e+06,6.94369e+06,35112.9
3,27,activation,GPU,6.94369e+06,6.94387e+06,179.628
3,27,up_proj,GPU,6.94387e+06,6.97898e+06,35112.9
3,27,Linear,GPU,6.94387e+06,6.97898e+06,35112.9
3,27,down_proj,GPU,6.97898e+06,7.0141e+06,35112.9
3,27,Linear,GPU,6.97898e+06,7.0141e+06,35112.9
3,27,sync_2,GPU,7.0141e+06,7.0141e+06,0
3,27,sync__set,GPU,7.0141e+06,7.0141e+06,0
3,27,sync__,GPU,7.0141e+06,7.0141e+06,0
3,27,moe_all_reduce_for_e_tp,GPU,7.0141e+06,7.0141e+06,0
3,27,sync_3,GPU,7.0141e+06,7.0141e+06,0
3,27,sync__set,GPU,7.0141e+06,7.0141e+06,0
3,27,sync__,GPU,7.0141e+06,7.0141e+06,0
3,27,moe_gather,GPU,7.0141e+06,7.0141e+06,0
3,27,sync_for_moe_gather,GPU,7.0141e+06,7.0141e+06,0
3,27,sync__set,GPU,7.0141e+06,7.0141e+06,0
3,27,sync__,GPU,7.0141e+06,7.0141e+06,0
3,27,moe_all_reduce_for_gather,GPU,7.0141e+06,7.01933e+06,5236.91
3,27,sync_5,GPU,7.01933e+06,7.01933e+06,0
3,27,sync__set,GPU,7.01933e+06,7.01933e+06,0
3,27,sync__,GPU,7.01933e+06,7.01933e+06,0
3,27,sync_6,GPU,7.01933e+06,7.01933e+06,0
3,27,sync__set,GPU,7.01933e+06,7.01933e+06,0
3,27,sync__,GPU,7.01933e+06,7.01933e+06,0
3,27,residual_2,GPU,7.01933e+06,7.01949e+06,158.854
3,28,MoE_decoder_28,GPU,7.01949e+06,7.2702e+06,250705
3,28,input_layer_norm,GPU,7.01949e+06,7.01965e+06,158.854
3,28,attention,GPU,7.01965e+06,7.053e+06,33345.5
3,28,attn_qkv_proj,GPU,7.01965e+06,7.02351e+06,3861.38
3,28,Linear,GPU,7.01965e+06,7.02351e+06,3861.38
3,28,self_attention,GPU,7.02351e+06,7.04516e+06,21646.9
3,28,AttentionSplit,GPU,7.02351e+06,7.02351e+06,0
3,28,AttentionSum,GPU,7.02351e+06,7.02351e+06,0
3,28,AttentionGen,GPU,7.02351e+06,7.04516e+06,21646.9
3,28,AttentionMerge,GPU,7.04516e+06,7.04516e+06,0
3,28,attn_o_proj,GPU,7.04516e+06,7.04776e+06,2600.32
3,28,Linear,GPU,7.04516e+06,7.04776e+06,2600.32
3,28,all_reduce,GPU,7.04776e+06,7.053e+06,5236.91
3,28,residual_1,GPU,7.053e+06,7.05316e+06,158.854
3,28,post_attn_layer_norm,GPU,7.05316e+06,7.05331e+06,158.854
3,28,expertFFN,GPU,7.05331e+06,7.27004e+06,216724
3,28,sync_0,GPU,7.05331e+06,7.05331e+06,0
3,28,sync__set,GPU,7.05331e+06,7.05331e+06,0
3,28,sync__,GPU,7.05331e+06,7.05331e+06,0
3,28,gate_fn,GPU,7.05331e+06,7.05341e+06,97.9093
3,28,Linear,GPU,7.05331e+06,7.05341e+06,97.9093
3,28,gate_update,GPU,7.05341e+06,7.05341e+06,0
3,28,moe_scatter,GPU,7.05341e+06,7.05341e+06,0
3,28,sync_for_moe_scatter,GPU,7.05341e+06,7.05341e+06,0
3,28,sync__set,GPU,7.05341e+06,7.05341e+06,0
3,28,sync__,GPU,7.05341e+06,7.05341e+06,0
3,28,moe_route,GPU,7.05341e+06,7.05341e+06,0
3,28,expert_FFN_6,GPU,7.05341e+06,7.15875e+06,105342
3,28,gate_proj,GPU,7.05341e+06,7.08849e+06,35079.9
3,28,Linear,GPU,7.05341e+06,7.08849e+06,35079.9
3,28,activation,GPU,7.08849e+06,7.08859e+06,102.644
3,28,up_proj,GPU,7.08859e+06,7.12367e+06,35079.9
3,28,Linear,GPU,7.08859e+06,7.12367e+06,35079.9
3,28,down_proj,GPU,7.12367e+06,7.15875e+06,35079.9
3,28,Linear,GPU,7.12367e+06,7.15875e+06,35079.9
3,28,expert_FFN_7,GPU,7.15875e+06,7.26427e+06,105518
3,28,gate_proj,GPU,7.15875e+06,7.19387e+06,35112.9
3,28,Linear,GPU,7.15875e+06,7.19387e+06,35112.9
3,28,activation,GPU,7.19387e+06,7.19405e+06,179.628
3,28,up_proj,GPU,7.19405e+06,7.22916e+06,35112.9
3,28,Linear,GPU,7.19405e+06,7.22916e+06,35112.9
3,28,down_proj,GPU,7.22916e+06,7.26427e+06,35112.9
3,28,Linear,GPU,7.22916e+06,7.26427e+06,35112.9
3,28,sync_2,GPU,7.26427e+06,7.2648e+06,527.885
3,28,sync__set,GPU,7.26427e+06,7.26427e+06,0
3,28,sync__,GPU,7.26427e+06,7.2648e+06,527.885
3,28,moe_all_reduce_for_e_tp,GPU,7.2648e+06,7.2648e+06,0
3,28,sync_3,GPU,7.2648e+06,7.2648e+06,0
3,28,sync__set,GPU,7.2648e+06,7.2648e+06,0
3,28,sync__,GPU,7.2648e+06,7.2648e+06,0
3,28,moe_gather,GPU,7.2648e+06,7.2648e+06,0
3,28,sync_for_moe_gather,GPU,7.2648e+06,7.2648e+06,0
3,28,sync__set,GPU,7.2648e+06,7.2648e+06,0
3,28,sync__,GPU,7.2648e+06,7.2648e+06,0
3,28,moe_all_reduce_for_gather,GPU,7.2648e+06,7.27004e+06,5236.91
3,28,sync_5,GPU,7.27004e+06,7.27004e+06,0
3,28,sync__set,GPU,7.27004e+06,7.27004e+06,0
3,28,sync__,GPU,7.27004e+06,7.27004e+06,0
3,28,sync_6,GPU,7.27004e+06,7.27004e+06,0
3,28,sync__set,GPU,7.27004e+06,7.27004e+06,0
3,28,sync__,GPU,7.27004e+06,7.27004e+06,0
3,28,residual_2,GPU,7.27004e+06,7.2702e+06,158.854
3,29,MoE_decoder_29,GPU,7.2702e+06,7.52084e+06,250646
3,29,input_layer_norm,GPU,7.2702e+06,7.27036e+06,158.854
3,29,attention,GPU,7.27036e+06,7.3037e+06,33345.5
3,29,attn_qkv_proj,GPU,7.27036e+06,7.27422e+06,3861.38
3,29,Linear,GPU,7.27036e+06,7.27422e+06,3861.38
3,29,self_attention,GPU,7.27422e+06,7.29586e+06,21646.9
3,29,AttentionSplit,GPU,7.27422e+06,7.27422e+06,0
3,29,AttentionSum,GPU,7.27422e+06,7.27422e+06,0
3,29,AttentionGen,GPU,7.27422e+06,7.29586e+06,21646.9
3,29,AttentionMerge,GPU,7.29586e+06,7.29586e+06,0
3,29,attn_o_proj,GPU,7.29586e+06,7.29846e+06,2600.32
3,29,Linear,GPU,7.29586e+06,7.29846e+06,2600.32
3,29,all_reduce,GPU,7.29846e+06,7.3037e+06,5236.91
3,29,residual_1,GPU,7.3037e+06,7.30386e+06,158.854
3,29,post_attn_layer_norm,GPU,7.30386e+06,7.30402e+06,158.854
3,29,expertFFN,GPU,7.30402e+06,7.52068e+06,216665
3,29,sync_0,GPU,7.30402e+06,7.30402e+06,0
3,29,sync__set,GPU,7.30402e+06,7.30402e+06,0
3,29,sync__,GPU,7.30402e+06,7.30402e+06,0
3,29,gate_fn,GPU,7.30402e+06,7.30412e+06,97.9093
3,29,Linear,GPU,7.30402e+06,7.30412e+06,97.9093
3,29,gate_update,GPU,7.30412e+06,7.30412e+06,0
3,29,moe_scatter,GPU,7.30412e+06,7.30412e+06,0
3,29,sync_for_moe_scatter,GPU,7.30412e+06,7.30412e+06,0
3,29,sync__set,GPU,7.30412e+06,7.30412e+06,0
3,29,sync__,GPU,7.30412e+06,7.30412e+06,0
3,29,moe_route,GPU,7.30412e+06,7.30412e+06,0
3,29,expert_FFN_6,GPU,7.30412e+06,7.40969e+06,105577
3,29,gate_proj,GPU,7.30412e+06,7.33924e+06,35123.9
3,29,Linear,GPU,7.30412e+06,7.33924e+06,35123.9
3,29,activation,GPU,7.33924e+06,7.33945e+06,205.289
3,29,up_proj,GPU,7.33945e+06,7.37457e+06,35123.9
3,29,Linear,GPU,7.33945e+06,7.37457e+06,35123.9
3,29,down_proj,GPU,7.37457e+06,7.40969e+06,35123.9
3,29,Linear,GPU,7.37457e+06,7.40969e+06,35123.9
3,29,expert_FFN_7,GPU,7.40969e+06,7.51504e+06,105342
3,29,gate_proj,GPU,7.40969e+06,7.44477e+06,35079.9
3,29,Linear,GPU,7.40969e+06,7.44477e+06,35079.9
3,29,activation,GPU,7.44477e+06,7.44488e+06,102.644
3,29,up_proj,GPU,7.44488e+06,7.47996e+06,35079.9
3,29,Linear,GPU,7.44488e+06,7.47996e+06,35079.9
3,29,down_proj,GPU,7.47996e+06,7.51504e+06,35079.9
3,29,Linear,GPU,7.47996e+06,7.51504e+06,35079.9
3,29,sync_2,GPU,7.51504e+06,7.51545e+06,410.578
3,29,sync__set,GPU,7.51504e+06,7.51504e+06,0
3,29,sync__,GPU,7.51504e+06,7.51545e+06,410.578
3,29,moe_all_reduce_for_e_tp,GPU,7.51545e+06,7.51545e+06,0
3,29,sync_3,GPU,7.51545e+06,7.51545e+06,0
3,29,sync__set,GPU,7.51545e+06,7.51545e+06,0
3,29,sync__,GPU,7.51545e+06,7.51545e+06,0
3,29,moe_gather,GPU,7.51545e+06,7.51545e+06,0
3,29,sync_for_moe_gather,GPU,7.51545e+06,7.51545e+06,0
3,29,sync__set,GPU,7.51545e+06,7.51545e+06,0
3,29,sync__,GPU,7.51545e+06,7.51545e+06,0
3,29,moe_all_reduce_for_gather,GPU,7.51545e+06,7.52068e+06,5236.91
3,29,sync_5,GPU,7.52068e+06,7.52068e+06,0
3,29,sync__set,GPU,7.52068e+06,7.52068e+06,0
3,29,sync__,GPU,7.52068e+06,7.52068e+06,0
3,29,sync_6,GPU,7.52068e+06,7.52068e+06,0
3,29,sync__set,GPU,7.52068e+06,7.52068e+06,0
3,29,sync__,GPU,7.52068e+06,7.52068e+06,0
3,29,residual_2,GPU,7.52068e+06,7.52084e+06,158.854
3,30,MoE_decoder_30,GPU,7.52084e+06,7.77161e+06,250763
3,30,input_layer_norm,GPU,7.52084e+06,7.521e+06,158.854
3,30,attention,GPU,7.521e+06,7.55435e+06,33345.5
3,30,attn_qkv_proj,GPU,7.521e+06,7.52486e+06,3861.38
3,30,Linear,GPU,7.521e+06,7.52486e+06,3861.38
3,30,self_attention,GPU,7.52486e+06,7.54651e+06,21646.9
3,30,AttentionSplit,GPU,7.52486e+06,7.52486e+06,0
3,30,AttentionSum,GPU,7.52486e+06,7.52486e+06,0
3,30,AttentionGen,GPU,7.52486e+06,7.54651e+06,21646.9
3,30,AttentionMerge,GPU,7.54651e+06,7.54651e+06,0
3,30,attn_o_proj,GPU,7.54651e+06,7.54911e+06,2600.32
3,30,Linear,GPU,7.54651e+06,7.54911e+06,2600.32
3,30,all_reduce,GPU,7.54911e+06,7.55435e+06,5236.91
3,30,residual_1,GPU,7.55435e+06,7.55451e+06,158.854
3,30,post_attn_layer_norm,GPU,7.55451e+06,7.55466e+06,158.854
3,30,expertFFN,GPU,7.55466e+06,7.77145e+06,216782
3,30,sync_0,GPU,7.55466e+06,7.55466e+06,0
3,30,sync__set,GPU,7.55466e+06,7.55466e+06,0
3,30,sync__,GPU,7.55466e+06,7.55466e+06,0
3,30,gate_fn,GPU,7.55466e+06,7.55476e+06,97.9093
3,30,Linear,GPU,7.55466e+06,7.55476e+06,97.9093
3,30,gate_update,GPU,7.55476e+06,7.55476e+06,0
3,30,moe_scatter,GPU,7.55476e+06,7.55476e+06,0
3,30,sync_for_moe_scatter,GPU,7.55476e+06,7.55476e+06,0
3,30,sync__set,GPU,7.55476e+06,7.55476e+06,0
3,30,sync__,GPU,7.55476e+06,7.55476e+06,0
3,30,moe_route,GPU,7.55476e+06,7.55476e+06,0
3,30,expert_FFN_6,GPU,7.55476e+06,7.66005e+06,105284
3,30,gate_proj,GPU,7.55476e+06,7.58983e+06,35068.9
3,30,Linear,GPU,7.55476e+06,7.58983e+06,35068.9
3,30,activation,GPU,7.58983e+06,7.58991e+06,76.9833
3,30,up_proj,GPU,7.58991e+06,7.62498e+06,35068.9
3,30,Linear,GPU,7.58991e+06,7.62498e+06,35068.9
3,30,down_proj,GPU,7.62498e+06,7.66005e+06,35068.9
3,30,Linear,GPU,7.62498e+06,7.66005e+06,35068.9
3,30,expert_FFN_7,GPU,7.66005e+06,7.76556e+06,105518
3,30,gate_proj,GPU,7.66005e+06,7.69516e+06,35112.9
3,30,Linear,GPU,7.66005e+06,7.69516e+06,35112.9
3,30,activation,GPU,7.69516e+06,7.69534e+06,179.628
3,30,up_proj,GPU,7.69534e+06,7.73045e+06,35112.9
3,30,Linear,GPU,7.69534e+06,7.73045e+06,35112.9
3,30,down_proj,GPU,7.73045e+06,7.76556e+06,35112.9
3,30,Linear,GPU,7.73045e+06,7.76556e+06,35112.9
3,30,sync_2,GPU,7.76556e+06,7.76621e+06,645.193
3,30,sync__set,GPU,7.76556e+06,7.76556e+06,0
3,30,sync__,GPU,7.76556e+06,7.76621e+06,645.193
3,30,moe_all_reduce_for_e_tp,GPU,7.76621e+06,7.76621e+06,0
3,30,sync_3,GPU,7.76621e+06,7.76621e+06,0
3,30,sync__set,GPU,7.76621e+06,7.76621e+06,0
3,30,sync__,GPU,7.76621e+06,7.76621e+06,0
3,30,moe_gather,GPU,7.76621e+06,7.76621e+06,0
3,30,sync_for_moe_gather,GPU,7.76621e+06,7.76621e+06,0
3,30,sync__set,GPU,7.76621e+06,7.76621e+06,0
3,30,sync__,GPU,7.76621e+06,7.76621e+06,0
3,30,moe_all_reduce_for_gather,GPU,7.76621e+06,7.77145e+06,5236.91
3,30,sync_5,GPU,7.77145e+06,7.77145e+06,0
3,30,sync__set,GPU,7.77145e+06,7.77145e+06,0
3,30,sync__,GPU,7.77145e+06,7.77145e+06,0
3,30,sync_6,GPU,7.77145e+06,7.77145e+06,0
3,30,sync__set,GPU,7.77145e+06,7.77145e+06,0
3,30,sync__,GPU,7.77145e+06,7.77145e+06,0
3,30,residual_2,GPU,7.77145e+06,7.77161e+06,158.854
3,31,MoE_decoder_31,GPU,7.77161e+06,8.02225e+06,250646
3,31,input_layer_norm,GPU,7.77161e+06,7.77176e+06,158.854
3,31,attention,GPU,7.77176e+06,7.80511e+06,33345.5
3,31,attn_qkv_proj,GPU,7.77176e+06,7.77563e+06,3861.38
3,31,Linear,GPU,7.77176e+06,7.77563e+06,3861.38
3,31,self_attention,GPU,7.77563e+06,7.79727e+06,21646.9
3,31,AttentionSplit,GPU,7.77563e+06,7.77563e+06,0
3,31,AttentionSum,GPU,7.77563e+06,7.77563e+06,0
3,31,AttentionGen,GPU,7.77563e+06,7.79727e+06,21646.9
3,31,AttentionMerge,GPU,7.79727e+06,7.79727e+06,0
3,31,attn_o_proj,GPU,7.79727e+06,7.79987e+06,2600.32
3,31,Linear,GPU,7.79727e+06,7.79987e+06,2600.32
3,31,all_reduce,GPU,7.79987e+06,7.80511e+06,5236.91
3,31,residual_1,GPU,7.80511e+06,7.80527e+06,158.854
3,31,post_attn_layer_norm,GPU,7.80527e+06,7.80543e+06,158.854
3,31,expertFFN,GPU,7.80543e+06,8.02209e+06,216665
3,31,sync_0,GPU,7.80543e+06,7.80543e+06,0
3,31,sync__set,GPU,7.80543e+06,7.80543e+06,0
3,31,sync__,GPU,7.80543e+06,7.80543e+06,0
3,31,gate_fn,GPU,7.80543e+06,7.80553e+06,97.9093
3,31,Linear,GPU,7.80543e+06,7.80553e+06,97.9093
3,31,gate_update,GPU,7.80553e+06,7.80553e+06,0
3,31,moe_scatter,GPU,7.80553e+06,7.80553e+06,0
3,31,sync_for_moe_scatter,GPU,7.80553e+06,7.80553e+06,0
3,31,sync__set,GPU,7.80553e+06,7.80553e+06,0
3,31,sync__,GPU,7.80553e+06,7.80553e+06,0
3,31,moe_route,GPU,7.80553e+06,7.80553e+06,0
3,31,expert_FFN_6,GPU,7.80553e+06,7.9111e+06,105577
3,31,gate_proj,GPU,7.80553e+06,7.84065e+06,35123.9
3,31,Linear,GPU,7.80553e+06,7.84065e+06,35123.9
3,31,activation,GPU,7.84065e+06,7.84085e+06,205.289
3,31,up_proj,GPU,7.84085e+06,7.87598e+06,35123.9
3,31,Linear,GPU,7.84085e+06,7.87598e+06,35123.9
3,31,down_proj,GPU,7.87598e+06,7.9111e+06,35123.9
3,31,Linear,GPU,7.87598e+06,7.9111e+06,35123.9
3,31,expert_FFN_7,GPU,7.9111e+06,8.01645e+06,105342
3,31,gate_proj,GPU,7.9111e+06,7.94618e+06,35079.9
3,31,Linear,GPU,7.9111e+06,7.94618e+06,35079.9
3,31,activation,GPU,7.94618e+06,7.94629e+06,102.644
3,31,up_proj,GPU,7.94629e+06,7.98137e+06,35079.9
3,31,Linear,GPU,7.94629e+06,7.98137e+06,35079.9
3,31,down_proj,GPU,7.98137e+06,8.01645e+06,35079.9
3,31,Linear,GPU,7.98137e+06,8.01645e+06,35079.9
3,31,sync_2,GPU,8.01645e+06,8.01686e+06,410.578
3,31,sync__set,GPU,8.01645e+06,8.01645e+06,0
3,31,sync__,GPU,8.01645e+06,8.01686e+06,410.578
3,31,moe_all_reduce_for_e_tp,GPU,8.01686e+06,8.01686e+06,0
3,31,sync_3,GPU,8.01686e+06,8.01686e+06,0
3,31,sync__set,GPU,8.01686e+06,8.01686e+06,0
3,31,sync__,GPU,8.01686e+06,8.01686e+06,0
3,31,moe_gather,GPU,8.01686e+06,8.01686e+06,0
3,31,sync_for_moe_gather,GPU,8.01686e+06,8.01686e+06,0
3,31,sync__set,GPU,8.01686e+06,8.01686e+06,0
3,31,sync__,GPU,8.01686e+06,8.01686e+06,0
3,31,moe_all_reduce_for_gather,GPU,8.01686e+06,8.02209e+06,5236.91
3,31,sync_5,GPU,8.02209e+06,8.02209e+06,0
3,31,sync__set,GPU,8.02209e+06,8.02209e+06,0
3,31,sync__,GPU,8.02209e+06,8.02209e+06,0
3,31,sync_6,GPU,8.02209e+06,8.02209e+06,0
3,31,sync__set,GPU,8.02209e+06,8.02209e+06,0
3,31,sync__,GPU,8.02209e+06,8.02209e+06,0
3,31,residual_2,GPU,8.02209e+06,8.02225e+06,158.854
