device_id,layer_id,operation,processor,start_time,end_time,duration
0,0,MoE_decoder_0,GPU,0,226726,226726
0,0,input_layer_norm,GPU,0,21.9952,21.9952
0,0,attention,GPU,21.9952,11326.2,11304.2
0,0,attn_qkv_proj,GPU,21.9952,3789.29,3767.29
0,0,Linear,GPU,21.9952,3789.29,3767.29
0,0,self_attention,GPU,3789.29,3956.76,167.476
0,0,AttentionSplit,GPU,3789.29,3789.29,0
0,0,AttentionSum,GPU,3789.29,3789.29,0
0,0,AttentionGen,GPU,3789.29,3956.76,167.476
0,0,AttentionMerge,GPU,3956.76,3956.76,0
0,0,attn_o_proj,GPU,3956.76,6471.55,2514.79
0,0,Linear,GPU,3956.76,6471.55,2514.79
0,0,all_reduce,GPU,6471.55,11326.2,4854.61
0,0,residual_1,GPU,11326.2,11348.2,21.9952
0,0,post_attn_layer_norm,GPU,11348.2,11370.2,21.9952
0,0,expertFFN,GPU,11370.2,226704,215334
0,0,sync_0,GPU,11370.2,11370.2,0
0,0,sync__set,GPU,11370.2,11370.2,0
0,0,sync__,GPU,11370.2,11370.2,0
0,0,gate_fn,GPU,11370.2,11399.5,29.3461
0,0,Linear,GPU,11370.2,11399.5,29.3461
0,0,gate_update,GPU,11399.5,11399.5,0
0,0,moe_scatter,GPU,11399.5,11399.5,0
0,0,sync_for_moe_scatter,GPU,11399.5,11399.5,0
0,0,sync__set,GPU,11399.5,11399.5,0
0,0,sync__,GPU,11399.5,11399.5,0
0,0,moe_route,GPU,11399.5,11399.5,0
0,0,expert_FFN_0,GPU,11399.5,116566,105167
0,0,gate_proj,GPU,11399.5,46446.5,35046.9
0,0,Linear,GPU,11399.5,46446.5,35046.9
0,0,activation,GPU,46446.5,46472.1,25.6611
0,0,up_proj,GPU,46472.1,81519.1,35046.9
0,0,Linear,GPU,46472.1,81519.1,35046.9
0,0,down_proj,GPU,81519.1,116566,35046.9
0,0,Linear,GPU,81519.1,116566,35046.9
0,0,expert_FFN_1,GPU,116566,221850,105284
0,0,gate_proj,GPU,116566,151635,35068.9
0,0,Linear,GPU,116566,151635,35068.9
0,0,activation,GPU,151635,151712,76.9833
0,0,up_proj,GPU,151712,186781,35068.9
0,0,Linear,GPU,151712,186781,35068.9
0,0,down_proj,GPU,186781,221850,35068.9
0,0,Linear,GPU,186781,221850,35068.9
0,0,sync_2,GPU,221850,221850,0
0,0,sync__set,GPU,221850,221850,0
0,0,sync__,GPU,221850,221850,0
0,0,moe_all_reduce_for_e_tp,GPU,221850,221850,0
0,0,sync_3,GPU,221850,221850,0
0,0,sync__set,GPU,221850,221850,0
0,0,sync__,GPU,221850,221850,0
0,0,moe_gather,GPU,221850,221850,0
0,0,sync_for_moe_gather,GPU,221850,221850,0
0,0,sync__set,GPU,221850,221850,0
0,0,sync__,GPU,221850,221850,0
0,0,moe_all_reduce_for_gather,GPU,221850,226704,4854.61
0,0,sync_5,GPU,226704,226704,0
0,0,sync__set,GPU,226704,226704,0
0,0,sync__,GPU,226704,226704,0
0,0,sync_6,GPU,226704,226704,0
0,0,sync__set,GPU,226704,226704,0
0,0,sync__,GPU,226704,226704,0
0,0,residual_2,GPU,226704,226726,21.9952
0,1,MoE_decoder_1,GPU,226726,453512,226785
0,1,input_layer_norm,GPU,226726,226748,21.9952
0,1,attention,GPU,226748,238053,11304.2
0,1,attn_qkv_proj,GPU,226748,230516,3767.29
0,1,Linear,GPU,226748,230516,3767.29
0,1,self_attention,GPU,230516,230683,167.476
0,1,AttentionSplit,GPU,230516,230516,0
0,1,AttentionSum,GPU,230516,230516,0
0,1,AttentionGen,GPU,230516,230683,167.476
0,1,AttentionMerge,GPU,230683,230683,0
0,1,attn_o_proj,GPU,230683,233198,2514.79
0,1,Linear,GPU,230683,233198,2514.79
0,1,all_reduce,GPU,233198,238053,4854.61
0,1,residual_1,GPU,238053,238075,21.9952
0,1,post_attn_layer_norm,GPU,238075,238097,21.9952
0,1,expertFFN,GPU,238097,453490,215393
0,1,sync_0,GPU,238097,238097,0
0,1,sync__set,GPU,238097,238097,0
0,1,sync__,GPU,238097,238097,0
0,1,gate_fn,GPU,238097,238126,29.3461
0,1,Linear,GPU,238097,238126,29.3461
0,1,gate_update,GPU,238126,238126,0
0,1,moe_scatter,GPU,238126,238126,0
0,1,sync_for_moe_scatter,GPU,238126,238126,0
0,1,sync__set,GPU,238126,238126,0
0,1,sync__,GPU,238126,238126,0
0,1,moe_route,GPU,238126,238126,0
0,1,expert_FFN_0,GPU,238126,238126,0
0,1,gate_proj,GPU,238126,238126,0
0,1,Linear,GPU,238126,238126,0
0,1,activation,GPU,238126,238126,0
0,1,up_proj,GPU,238126,238126,0
0,1,Linear,GPU,238126,238126,0
0,1,down_proj,GPU,238126,238126,0
0,1,Linear,GPU,238126,238126,0
0,1,expert_FFN_1,GPU,238126,238126,0
0,1,gate_proj,GPU,238126,238126,0
0,1,Linear,GPU,238126,238126,0
0,1,activation,GPU,238126,238126,0
0,1,up_proj,GPU,238126,238126,0
0,1,Linear,GPU,238126,238126,0
0,1,down_proj,GPU,238126,238126,0
0,1,Linear,GPU,238126,238126,0
0,1,sync_2,GPU,238126,448635,210509
0,1,sync__set,GPU,238126,238126,0
0,1,sync__,GPU,238126,448635,210509
0,1,moe_all_reduce_for_e_tp,GPU,448635,448635,0
0,1,sync_3,GPU,448635,448635,0
0,1,sync__set,GPU,448635,448635,0
0,1,sync__,GPU,448635,448635,0
0,1,moe_gather,GPU,448635,448635,0
0,1,sync_for_moe_gather,GPU,448635,448635,0
0,1,sync__set,GPU,448635,448635,0
0,1,sync__,GPU,448635,448635,0
0,1,moe_all_reduce_for_gather,GPU,448635,453490,4854.61
0,1,sync_5,GPU,453490,453490,0
0,1,sync__set,GPU,453490,453490,0
0,1,sync__,GPU,453490,453490,0
0,1,sync_6,GPU,453490,453490,0
0,1,sync__set,GPU,453490,453490,0
0,1,sync__,GPU,453490,453490,0
0,1,residual_2,GPU,453490,453512,21.9952
0,2,MoE_decoder_2,GPU,453512,680238,226726
0,2,input_layer_norm,GPU,453512,453534,21.9952
0,2,attention,GPU,453534,464838,11304.2
0,2,attn_qkv_proj,GPU,453534,457301,3767.29
0,2,Linear,GPU,453534,457301,3767.29
0,2,self_attention,GPU,457301,457468,167.476
0,2,AttentionSplit,GPU,457301,457301,0
0,2,AttentionSum,GPU,457301,457301,0
0,2,AttentionGen,GPU,457301,457468,167.476
0,2,AttentionMerge,GPU,457468,457468,0
0,2,attn_o_proj,GPU,457468,459983,2514.79
0,2,Linear,GPU,457468,459983,2514.79
0,2,all_reduce,GPU,459983,464838,4854.61
0,2,residual_1,GPU,464838,464860,21.9952
0,2,post_attn_layer_norm,GPU,464860,464882,21.9952
0,2,expertFFN,GPU,464882,680216,215334
0,2,sync_0,GPU,464882,464882,0
0,2,sync__set,GPU,464882,464882,0
0,2,sync__,GPU,464882,464882,0
0,2,gate_fn,GPU,464882,464911,29.3461
0,2,Linear,GPU,464882,464911,29.3461
0,2,gate_update,GPU,464911,464911,0
0,2,moe_scatter,GPU,464911,464911,0
0,2,sync_for_moe_scatter,GPU,464911,464911,0
0,2,sync__set,GPU,464911,464911,0
0,2,sync__,GPU,464911,464911,0
0,2,moe_route,GPU,464911,464911,0
0,2,expert_FFN_0,GPU,464911,570136,105225
0,2,gate_proj,GPU,464911,499969,35057.9
0,2,Linear,GPU,464911,499969,35057.9
0,2,activation,GPU,499969,500020,51.3222
0,2,up_proj,GPU,500020,535078,35057.9
0,2,Linear,GPU,500020,535078,35057.9
0,2,down_proj,GPU,535078,570136,35057.9
0,2,Linear,GPU,535078,570136,35057.9
0,2,expert_FFN_1,GPU,570136,570136,0
0,2,gate_proj,GPU,570136,570136,0
0,2,Linear,GPU,570136,570136,0
0,2,activation,GPU,570136,570136,0
0,2,up_proj,GPU,570136,570136,0
0,2,Linear,GPU,570136,570136,0
0,2,down_proj,GPU,570136,570136,0
0,2,Linear,GPU,570136,570136,0
0,2,sync_2,GPU,570136,675361,105225
0,2,sync__set,GPU,570136,570136,0
0,2,sync__,GPU,570136,675361,105225
0,2,moe_all_reduce_for_e_tp,GPU,675361,675361,0
0,2,sync_3,GPU,675361,675361,0
0,2,sync__set,GPU,675361,675361,0
0,2,sync__,GPU,675361,675361,0
0,2,moe_gather,GPU,675361,675361,0
0,2,sync_for_moe_gather,GPU,675361,675361,0
0,2,sync__set,GPU,675361,675361,0
0,2,sync__,GPU,675361,675361,0
0,2,moe_all_reduce_for_gather,GPU,675361,680216,4854.61
0,2,sync_5,GPU,680216,680216,0
0,2,sync__set,GPU,680216,680216,0
0,2,sync__,GPU,680216,680216,0
0,2,sync_6,GPU,680216,680216,0
0,2,sync__set,GPU,680216,680216,0
0,2,sync__,GPU,680216,680216,0
0,2,residual_2,GPU,680216,680238,21.9952
0,3,MoE_decoder_3,GPU,680238,906906,226668
0,3,input_layer_norm,GPU,680238,680260,21.9952
0,3,attention,GPU,680260,691564,11304.2
0,3,attn_qkv_proj,GPU,680260,684027,3767.29
0,3,Linear,GPU,680260,684027,3767.29
0,3,self_attention,GPU,684027,684195,167.476
0,3,AttentionSplit,GPU,684027,684027,0
0,3,AttentionSum,GPU,684027,684027,0
0,3,AttentionGen,GPU,684027,684195,167.476
0,3,AttentionMerge,GPU,684195,684195,0
0,3,attn_o_proj,GPU,684195,686710,2514.79
0,3,Linear,GPU,684195,686710,2514.79
0,3,all_reduce,GPU,686710,691564,4854.61
0,3,residual_1,GPU,691564,691586,21.9952
0,3,post_attn_layer_norm,GPU,691586,691608,21.9952
0,3,expertFFN,GPU,691608,906884,215276
0,3,sync_0,GPU,691608,691608,0
0,3,sync__set,GPU,691608,691608,0
0,3,sync__,GPU,691608,691608,0
0,3,gate_fn,GPU,691608,691637,29.3461
0,3,Linear,GPU,691608,691637,29.3461
0,3,gate_update,GPU,691637,691637,0
0,3,moe_scatter,GPU,691637,691637,0
0,3,sync_for_moe_scatter,GPU,691637,691637,0
0,3,sync__set,GPU,691637,691637,0
0,3,sync__,GPU,691637,691637,0
0,3,moe_route,GPU,691637,691637,0
0,3,expert_FFN_0,GPU,691637,691637,0
0,3,gate_proj,GPU,691637,691637,0
0,3,Linear,GPU,691637,691637,0
0,3,activation,GPU,691637,691637,0
0,3,up_proj,GPU,691637,691637,0
0,3,Linear,GPU,691637,691637,0
0,3,down_proj,GPU,691637,691637,0
0,3,Linear,GPU,691637,691637,0
0,3,expert_FFN_1,GPU,691637,691637,0
0,3,gate_proj,GPU,691637,691637,0
0,3,Linear,GPU,691637,691637,0
0,3,activation,GPU,691637,691637,0
0,3,up_proj,GPU,691637,691637,0
0,3,Linear,GPU,691637,691637,0
0,3,down_proj,GPU,691637,691637,0
0,3,Linear,GPU,691637,691637,0
0,3,sync_2,GPU,691637,902029,210392
0,3,sync__set,GPU,691637,691637,0
0,3,sync__,GPU,691637,902029,210392
0,3,moe_all_reduce_for_e_tp,GPU,902029,902029,0
0,3,sync_3,GPU,902029,902029,0
0,3,sync__set,GPU,902029,902029,0
0,3,sync__,GPU,902029,902029,0
0,3,moe_gather,GPU,902029,902029,0
0,3,sync_for_moe_gather,GPU,902029,902029,0
0,3,sync__set,GPU,902029,902029,0
0,3,sync__,GPU,902029,902029,0
0,3,moe_all_reduce_for_gather,GPU,902029,906884,4854.61
0,3,sync_5,GPU,906884,906884,0
0,3,sync__set,GPU,906884,906884,0
0,3,sync__,GPU,906884,906884,0
0,3,sync_6,GPU,906884,906884,0
0,3,sync__set,GPU,906884,906884,0
0,3,sync__,GPU,906884,906884,0
0,3,residual_2,GPU,906884,906906,21.9952
0,4,MoE_decoder_4,GPU,906906,1.13357e+06,226668
0,4,input_layer_norm,GPU,906906,906928,21.9952
0,4,attention,GPU,906928,918232,11304.2
0,4,attn_qkv_proj,GPU,906928,910695,3767.29
0,4,Linear,GPU,906928,910695,3767.29
0,4,self_attention,GPU,910695,910863,167.476
0,4,AttentionSplit,GPU,910695,910695,0
0,4,AttentionSum,GPU,910695,910695,0
0,4,AttentionGen,GPU,910695,910863,167.476
0,4,AttentionMerge,GPU,910863,910863,0
0,4,attn_o_proj,GPU,910863,913377,2514.79
0,4,Linear,GPU,910863,913377,2514.79
0,4,all_reduce,GPU,913377,918232,4854.61
0,4,residual_1,GPU,918232,918254,21.9952
0,4,post_attn_layer_norm,GPU,918254,918276,21.9952
0,4,expertFFN,GPU,918276,1.13355e+06,215276
0,4,sync_0,GPU,918276,918276,0
0,4,sync__set,GPU,918276,918276,0
0,4,sync__,GPU,918276,918276,0
0,4,gate_fn,GPU,918276,918305,29.3461
0,4,Linear,GPU,918276,918305,29.3461
0,4,gate_update,GPU,918305,918305,0
0,4,moe_scatter,GPU,918305,918305,0
0,4,sync_for_moe_scatter,GPU,918305,918305,0
0,4,sync__set,GPU,918305,918305,0
0,4,sync__,GPU,918305,918305,0
0,4,moe_route,GPU,918305,918305,0
0,4,expert_FFN_0,GPU,918305,1.02347e+06,105167
0,4,gate_proj,GPU,918305,953352,35046.9
0,4,Linear,GPU,918305,953352,35046.9
0,4,activation,GPU,953352,953378,25.6611
0,4,up_proj,GPU,953378,988425,35046.9
0,4,Linear,GPU,953378,988425,35046.9
0,4,down_proj,GPU,988425,1.02347e+06,35046.9
0,4,Linear,GPU,988425,1.02347e+06,35046.9
0,4,expert_FFN_1,GPU,1.02347e+06,1.12864e+06,105167
0,4,gate_proj,GPU,1.02347e+06,1.05852e+06,35046.9
0,4,Linear,GPU,1.02347e+06,1.05852e+06,35046.9
0,4,activation,GPU,1.05852e+06,1.05854e+06,25.6611
0,4,up_proj,GPU,1.05854e+06,1.09359e+06,35046.9
0,4,Linear,GPU,1.05854e+06,1.09359e+06,35046.9
0,4,down_proj,GPU,1.09359e+06,1.12864e+06,35046.9
0,4,Linear,GPU,1.09359e+06,1.12864e+06,35046.9
0,4,sync_2,GPU,1.12864e+06,1.1287e+06,58.6539
0,4,sync__set,GPU,1.12864e+06,1.12864e+06,0
0,4,sync__,GPU,1.12864e+06,1.1287e+06,58.6539
0,4,moe_all_reduce_for_e_tp,GPU,1.1287e+06,1.1287e+06,0
0,4,sync_3,GPU,1.1287e+06,1.1287e+06,0
0,4,sync__set,GPU,1.1287e+06,1.1287e+06,0
0,4,sync__,GPU,1.1287e+06,1.1287e+06,0
0,4,moe_gather,GPU,1.1287e+06,1.1287e+06,0
0,4,sync_for_moe_gather,GPU,1.1287e+06,1.1287e+06,0
0,4,sync__set,GPU,1.1287e+06,1.1287e+06,0
0,4,sync__,GPU,1.1287e+06,1.1287e+06,0
0,4,moe_all_reduce_for_gather,GPU,1.1287e+06,1.13355e+06,4854.61
0,4,sync_5,GPU,1.13355e+06,1.13355e+06,0
0,4,sync__set,GPU,1.13355e+06,1.13355e+06,0
0,4,sync__,GPU,1.13355e+06,1.13355e+06,0
0,4,sync_6,GPU,1.13355e+06,1.13355e+06,0
0,4,sync__set,GPU,1.13355e+06,1.13355e+06,0
0,4,sync__,GPU,1.13355e+06,1.13355e+06,0
0,4,residual_2,GPU,1.13355e+06,1.13357e+06,21.9952
0,5,MoE_decoder_5,GPU,1.13357e+06,1.25519e+06,121619
0,5,input_layer_norm,GPU,1.13357e+06,1.1336e+06,21.9952
0,5,attention,GPU,1.1336e+06,1.1449e+06,11304.2
0,5,attn_qkv_proj,GPU,1.1336e+06,1.13736e+06,3767.29
0,5,Linear,GPU,1.1336e+06,1.13736e+06,3767.29
0,5,self_attention,GPU,1.13736e+06,1.13753e+06,167.476
0,5,AttentionSplit,GPU,1.13736e+06,1.13736e+06,0
0,5,AttentionSum,GPU,1.13736e+06,1.13736e+06,0
0,5,AttentionGen,GPU,1.13736e+06,1.13753e+06,167.476
0,5,AttentionMerge,GPU,1.13753e+06,1.13753e+06,0
0,5,attn_o_proj,GPU,1.13753e+06,1.14005e+06,2514.79
0,5,Linear,GPU,1.13753e+06,1.14005e+06,2514.79
0,5,all_reduce,GPU,1.14005e+06,1.1449e+06,4854.61
0,5,residual_1,GPU,1.1449e+06,1.14492e+06,21.9952
0,5,post_attn_layer_norm,GPU,1.14492e+06,1.14494e+06,21.9952
0,5,expertFFN,GPU,1.14494e+06,1.25517e+06,110226
0,5,sync_0,GPU,1.14494e+06,1.14494e+06,0
0,5,sync__set,GPU,1.14494e+06,1.14494e+06,0
0,5,sync__,GPU,1.14494e+06,1.14494e+06,0
0,5,gate_fn,GPU,1.14494e+06,1.14497e+06,29.3461
0,5,Linear,GPU,1.14494e+06,1.14497e+06,29.3461
0,5,gate_update,GPU,1.14497e+06,1.14497e+06,0
0,5,moe_scatter,GPU,1.14497e+06,1.14497e+06,0
0,5,sync_for_moe_scatter,GPU,1.14497e+06,1.14497e+06,0
0,5,sync__set,GPU,1.14497e+06,1.14497e+06,0
0,5,sync__,GPU,1.14497e+06,1.14497e+06,0
0,5,moe_route,GPU,1.14497e+06,1.14497e+06,0
0,5,expert_FFN_0,GPU,1.14497e+06,1.14497e+06,0
0,5,gate_proj,GPU,1.14497e+06,1.14497e+06,0
0,5,Linear,GPU,1.14497e+06,1.14497e+06,0
0,5,activation,GPU,1.14497e+06,1.14497e+06,0
0,5,up_proj,GPU,1.14497e+06,1.14497e+06,0
0,5,Linear,GPU,1.14497e+06,1.14497e+06,0
0,5,down_proj,GPU,1.14497e+06,1.14497e+06,0
0,5,Linear,GPU,1.14497e+06,1.14497e+06,0
0,5,expert_FFN_1,GPU,1.14497e+06,1.25032e+06,105342
0,5,gate_proj,GPU,1.14497e+06,1.18005e+06,35079.9
0,5,Linear,GPU,1.14497e+06,1.18005e+06,35079.9
0,5,activation,GPU,1.18005e+06,1.18016e+06,102.644
0,5,up_proj,GPU,1.18016e+06,1.21524e+06,35079.9
0,5,Linear,GPU,1.18016e+06,1.21524e+06,35079.9
0,5,down_proj,GPU,1.21524e+06,1.25032e+06,35079.9
0,5,Linear,GPU,1.21524e+06,1.25032e+06,35079.9
0,5,sync_2,GPU,1.25032e+06,1.25032e+06,0
0,5,sync__set,GPU,1.25032e+06,1.25032e+06,0
0,5,sync__,GPU,1.25032e+06,1.25032e+06,0
0,5,moe_all_reduce_for_e_tp,GPU,1.25032e+06,1.25032e+06,0
0,5,sync_3,GPU,1.25032e+06,1.25032e+06,0
0,5,sync__set,GPU,1.25032e+06,1.25032e+06,0
0,5,sync__,GPU,1.25032e+06,1.25032e+06,0
0,5,moe_gather,GPU,1.25032e+06,1.25032e+06,0
0,5,sync_for_moe_gather,GPU,1.25032e+06,1.25032e+06,0
0,5,sync__set,GPU,1.25032e+06,1.25032e+06,0
0,5,sync__,GPU,1.25032e+06,1.25032e+06,0
0,5,moe_all_reduce_for_gather,GPU,1.25032e+06,1.25517e+06,4854.61
0,5,sync_5,GPU,1.25517e+06,1.25517e+06,0
0,5,sync__set,GPU,1.25517e+06,1.25517e+06,0
0,5,sync__,GPU,1.25517e+06,1.25517e+06,0
0,5,sync_6,GPU,1.25517e+06,1.25517e+06,0
0,5,sync__set,GPU,1.25517e+06,1.25517e+06,0
0,5,sync__,GPU,1.25517e+06,1.25517e+06,0
0,5,residual_2,GPU,1.25517e+06,1.25519e+06,21.9952
0,6,MoE_decoder_6,GPU,1.25519e+06,1.48192e+06,226726
0,6,input_layer_norm,GPU,1.25519e+06,1.25521e+06,21.9952
0,6,attention,GPU,1.25521e+06,1.26652e+06,11304.2
0,6,attn_qkv_proj,GPU,1.25521e+06,1.25898e+06,3767.29
0,6,Linear,GPU,1.25521e+06,1.25898e+06,3767.29
0,6,self_attention,GPU,1.25898e+06,1.25915e+06,167.476
0,6,AttentionSplit,GPU,1.25898e+06,1.25898e+06,0
0,6,AttentionSum,GPU,1.25898e+06,1.25898e+06,0
0,6,AttentionGen,GPU,1.25898e+06,1.25915e+06,167.476
0,6,AttentionMerge,GPU,1.25915e+06,1.25915e+06,0
0,6,attn_o_proj,GPU,1.25915e+06,1.26166e+06,2514.79
0,6,Linear,GPU,1.25915e+06,1.26166e+06,2514.79
0,6,all_reduce,GPU,1.26166e+06,1.26652e+06,4854.61
0,6,residual_1,GPU,1.26652e+06,1.26654e+06,21.9952
0,6,post_attn_layer_norm,GPU,1.26654e+06,1.26656e+06,21.9952
0,6,expertFFN,GPU,1.26656e+06,1.4819e+06,215334
0,6,sync_0,GPU,1.26656e+06,1.26656e+06,0
0,6,sync__set,GPU,1.26656e+06,1.26656e+06,0
0,6,sync__,GPU,1.26656e+06,1.26656e+06,0
0,6,gate_fn,GPU,1.26656e+06,1.26659e+06,29.3461
0,6,Linear,GPU,1.26656e+06,1.26659e+06,29.3461
0,6,gate_update,GPU,1.26659e+06,1.26659e+06,0
0,6,moe_scatter,GPU,1.26659e+06,1.26659e+06,0
0,6,sync_for_moe_scatter,GPU,1.26659e+06,1.26659e+06,0
0,6,sync__set,GPU,1.26659e+06,1.26659e+06,0
0,6,sync__,GPU,1.26659e+06,1.26659e+06,0
0,6,moe_route,GPU,1.26659e+06,1.26659e+06,0
0,6,expert_FFN_0,GPU,1.26659e+06,1.37182e+06,105225
0,6,gate_proj,GPU,1.26659e+06,1.30165e+06,35057.9
0,6,Linear,GPU,1.26659e+06,1.30165e+06,35057.9
0,6,activation,GPU,1.30165e+06,1.3017e+06,51.3222
0,6,up_proj,GPU,1.3017e+06,1.33676e+06,35057.9
0,6,Linear,GPU,1.3017e+06,1.33676e+06,35057.9
0,6,down_proj,GPU,1.33676e+06,1.37182e+06,35057.9
0,6,Linear,GPU,1.33676e+06,1.37182e+06,35057.9
0,6,expert_FFN_1,GPU,1.37182e+06,1.47704e+06,105225
0,6,gate_proj,GPU,1.37182e+06,1.40687e+06,35057.9
0,6,Linear,GPU,1.37182e+06,1.40687e+06,35057.9
0,6,activation,GPU,1.40687e+06,1.40693e+06,51.3222
0,6,up_proj,GPU,1.40693e+06,1.44198e+06,35057.9
0,6,Linear,GPU,1.40693e+06,1.44198e+06,35057.9
0,6,down_proj,GPU,1.44198e+06,1.47704e+06,35057.9
0,6,Linear,GPU,1.44198e+06,1.47704e+06,35057.9
0,6,sync_2,GPU,1.47704e+06,1.47704e+06,0
0,6,sync__set,GPU,1.47704e+06,1.47704e+06,0
0,6,sync__,GPU,1.47704e+06,1.47704e+06,0
0,6,moe_all_reduce_for_e_tp,GPU,1.47704e+06,1.47704e+06,0
0,6,sync_3,GPU,1.47704e+06,1.47704e+06,0
0,6,sync__set,GPU,1.47704e+06,1.47704e+06,0
0,6,sync__,GPU,1.47704e+06,1.47704e+06,0
0,6,moe_gather,GPU,1.47704e+06,1.47704e+06,0
0,6,sync_for_moe_gather,GPU,1.47704e+06,1.47704e+06,0
0,6,sync__set,GPU,1.47704e+06,1.47704e+06,0
0,6,sync__,GPU,1.47704e+06,1.47704e+06,0
0,6,moe_all_reduce_for_gather,GPU,1.47704e+06,1.4819e+06,4854.61
0,6,sync_5,GPU,1.4819e+06,1.4819e+06,0
0,6,sync__set,GPU,1.4819e+06,1.4819e+06,0
0,6,sync__,GPU,1.4819e+06,1.4819e+06,0
0,6,sync_6,GPU,1.4819e+06,1.4819e+06,0
0,6,sync__set,GPU,1.4819e+06,1.4819e+06,0
0,6,sync__,GPU,1.4819e+06,1.4819e+06,0
0,6,residual_2,GPU,1.4819e+06,1.48192e+06,21.9952
0,7,MoE_decoder_7,GPU,1.48192e+06,1.70859e+06,226668
0,7,input_layer_norm,GPU,1.48192e+06,1.48194e+06,21.9952
0,7,attention,GPU,1.48194e+06,1.49324e+06,11304.2
0,7,attn_qkv_proj,GPU,1.48194e+06,1.48571e+06,3767.29
0,7,Linear,GPU,1.48194e+06,1.48571e+06,3767.29
0,7,self_attention,GPU,1.48571e+06,1.48588e+06,167.476
0,7,AttentionSplit,GPU,1.48571e+06,1.48571e+06,0
0,7,AttentionSum,GPU,1.48571e+06,1.48571e+06,0
0,7,AttentionGen,GPU,1.48571e+06,1.48588e+06,167.476
0,7,AttentionMerge,GPU,1.48588e+06,1.48588e+06,0
0,7,attn_o_proj,GPU,1.48588e+06,1.48839e+06,2514.79
0,7,Linear,GPU,1.48588e+06,1.48839e+06,2514.79
0,7,all_reduce,GPU,1.48839e+06,1.49324e+06,4854.61
0,7,residual_1,GPU,1.49324e+06,1.49327e+06,21.9952
0,7,post_attn_layer_norm,GPU,1.49327e+06,1.49329e+06,21.9952
0,7,expertFFN,GPU,1.49329e+06,1.70856e+06,215276
0,7,sync_0,GPU,1.49329e+06,1.49329e+06,0
0,7,sync__set,GPU,1.49329e+06,1.49329e+06,0
0,7,sync__,GPU,1.49329e+06,1.49329e+06,0
0,7,gate_fn,GPU,1.49329e+06,1.49332e+06,29.3461
0,7,Linear,GPU,1.49329e+06,1.49332e+06,29.3461
0,7,gate_update,GPU,1.49332e+06,1.49332e+06,0
0,7,moe_scatter,GPU,1.49332e+06,1.49332e+06,0
0,7,sync_for_moe_scatter,GPU,1.49332e+06,1.49332e+06,0
0,7,sync__set,GPU,1.49332e+06,1.49332e+06,0
0,7,sync__,GPU,1.49332e+06,1.49332e+06,0
0,7,moe_route,GPU,1.49332e+06,1.49332e+06,0
0,7,expert_FFN_0,GPU,1.49332e+06,1.59854e+06,105225
0,7,gate_proj,GPU,1.49332e+06,1.52838e+06,35057.9
0,7,Linear,GPU,1.49332e+06,1.52838e+06,35057.9
0,7,activation,GPU,1.52838e+06,1.52843e+06,51.3222
0,7,up_proj,GPU,1.52843e+06,1.56349e+06,35057.9
0,7,Linear,GPU,1.52843e+06,1.56349e+06,35057.9
0,7,down_proj,GPU,1.56349e+06,1.59854e+06,35057.9
0,7,Linear,GPU,1.56349e+06,1.59854e+06,35057.9
0,7,expert_FFN_1,GPU,1.59854e+06,1.70371e+06,105167
0,7,gate_proj,GPU,1.59854e+06,1.63359e+06,35046.9
0,7,Linear,GPU,1.59854e+06,1.63359e+06,35046.9
0,7,activation,GPU,1.63359e+06,1.63362e+06,25.6611
0,7,up_proj,GPU,1.63362e+06,1.66866e+06,35046.9
0,7,Linear,GPU,1.63362e+06,1.66866e+06,35046.9
0,7,down_proj,GPU,1.66866e+06,1.70371e+06,35046.9
0,7,Linear,GPU,1.66866e+06,1.70371e+06,35046.9
0,7,sync_2,GPU,1.70371e+06,1.70371e+06,0
0,7,sync__set,GPU,1.70371e+06,1.70371e+06,0
0,7,sync__,GPU,1.70371e+06,1.70371e+06,0
0,7,moe_all_reduce_for_e_tp,GPU,1.70371e+06,1.70371e+06,0
0,7,sync_3,GPU,1.70371e+06,1.70371e+06,0
0,7,sync__set,GPU,1.70371e+06,1.70371e+06,0
0,7,sync__,GPU,1.70371e+06,1.70371e+06,0
0,7,moe_gather,GPU,1.70371e+06,1.70371e+06,0
0,7,sync_for_moe_gather,GPU,1.70371e+06,1.70371e+06,0
0,7,sync__set,GPU,1.70371e+06,1.70371e+06,0
0,7,sync__,GPU,1.70371e+06,1.70371e+06,0
0,7,moe_all_reduce_for_gather,GPU,1.70371e+06,1.70856e+06,4854.61
0,7,sync_5,GPU,1.70856e+06,1.70856e+06,0
0,7,sync__set,GPU,1.70856e+06,1.70856e+06,0
0,7,sync__,GPU,1.70856e+06,1.70856e+06,0
0,7,sync_6,GPU,1.70856e+06,1.70856e+06,0
0,7,sync__set,GPU,1.70856e+06,1.70856e+06,0
0,7,sync__,GPU,1.70856e+06,1.70856e+06,0
0,7,residual_2,GPU,1.70856e+06,1.70859e+06,21.9952
0,8,MoE_decoder_8,GPU,1.70859e+06,1.8302e+06,121619
0,8,input_layer_norm,GPU,1.70859e+06,1.70861e+06,21.9952
0,8,attention,GPU,1.70861e+06,1.71991e+06,11304.2
0,8,attn_qkv_proj,GPU,1.70861e+06,1.71238e+06,3767.29
0,8,Linear,GPU,1.70861e+06,1.71238e+06,3767.29
0,8,self_attention,GPU,1.71238e+06,1.71254e+06,167.476
0,8,AttentionSplit,GPU,1.71238e+06,1.71238e+06,0
0,8,AttentionSum,GPU,1.71238e+06,1.71238e+06,0
0,8,AttentionGen,GPU,1.71238e+06,1.71254e+06,167.476
0,8,AttentionMerge,GPU,1.71254e+06,1.71254e+06,0
0,8,attn_o_proj,GPU,1.71254e+06,1.71506e+06,2514.79
0,8,Linear,GPU,1.71254e+06,1.71506e+06,2514.79
0,8,all_reduce,GPU,1.71506e+06,1.71991e+06,4854.61
0,8,residual_1,GPU,1.71991e+06,1.71993e+06,21.9952
0,8,post_attn_layer_norm,GPU,1.71993e+06,1.71996e+06,21.9952
0,8,expertFFN,GPU,1.71996e+06,1.83018e+06,110226
0,8,sync_0,GPU,1.71996e+06,1.71996e+06,0
0,8,sync__set,GPU,1.71996e+06,1.71996e+06,0
0,8,sync__,GPU,1.71996e+06,1.71996e+06,0
0,8,gate_fn,GPU,1.71996e+06,1.71999e+06,29.3461
0,8,Linear,GPU,1.71996e+06,1.71999e+06,29.3461
0,8,gate_update,GPU,1.71999e+06,1.71999e+06,0
0,8,moe_scatter,GPU,1.71999e+06,1.71999e+06,0
0,8,sync_for_moe_scatter,GPU,1.71999e+06,1.71999e+06,0
0,8,sync__set,GPU,1.71999e+06,1.71999e+06,0
0,8,sync__,GPU,1.71999e+06,1.71999e+06,0
0,8,moe_route,GPU,1.71999e+06,1.71999e+06,0
0,8,expert_FFN_0,GPU,1.71999e+06,1.82515e+06,105167
0,8,gate_proj,GPU,1.71999e+06,1.75503e+06,35046.9
0,8,Linear,GPU,1.71999e+06,1.75503e+06,35046.9
0,8,activation,GPU,1.75503e+06,1.75506e+06,25.6611
0,8,up_proj,GPU,1.75506e+06,1.79011e+06,35046.9
0,8,Linear,GPU,1.75506e+06,1.79011e+06,35046.9
0,8,down_proj,GPU,1.79011e+06,1.82515e+06,35046.9
0,8,Linear,GPU,1.79011e+06,1.82515e+06,35046.9
0,8,expert_FFN_1,GPU,1.82515e+06,1.82515e+06,0
0,8,gate_proj,GPU,1.82515e+06,1.82515e+06,0
0,8,Linear,GPU,1.82515e+06,1.82515e+06,0
0,8,activation,GPU,1.82515e+06,1.82515e+06,0
0,8,up_proj,GPU,1.82515e+06,1.82515e+06,0
0,8,Linear,GPU,1.82515e+06,1.82515e+06,0
0,8,down_proj,GPU,1.82515e+06,1.82515e+06,0
0,8,Linear,GPU,1.82515e+06,1.82515e+06,0
0,8,sync_2,GPU,1.82515e+06,1.82533e+06,175.962
0,8,sync__set,GPU,1.82515e+06,1.82515e+06,0
0,8,sync__,GPU,1.82515e+06,1.82533e+06,175.962
0,8,moe_all_reduce_for_e_tp,GPU,1.82533e+06,1.82533e+06,0
0,8,sync_3,GPU,1.82533e+06,1.82533e+06,0
0,8,sync__set,GPU,1.82533e+06,1.82533e+06,0
0,8,sync__,GPU,1.82533e+06,1.82533e+06,0
0,8,moe_gather,GPU,1.82533e+06,1.82533e+06,0
0,8,sync_for_moe_gather,GPU,1.82533e+06,1.82533e+06,0
0,8,sync__set,GPU,1.82533e+06,1.82533e+06,0
0,8,sync__,GPU,1.82533e+06,1.82533e+06,0
0,8,moe_all_reduce_for_gather,GPU,1.82533e+06,1.83018e+06,4854.61
0,8,sync_5,GPU,1.83018e+06,1.83018e+06,0
0,8,sync__set,GPU,1.83018e+06,1.83018e+06,0
0,8,sync__,GPU,1.83018e+06,1.83018e+06,0
0,8,sync_6,GPU,1.83018e+06,1.83018e+06,0
0,8,sync__set,GPU,1.83018e+06,1.83018e+06,0
0,8,sync__,GPU,1.83018e+06,1.83018e+06,0
0,8,residual_2,GPU,1.83018e+06,1.8302e+06,21.9952
0,9,MoE_decoder_9,GPU,1.8302e+06,2.05687e+06,226668
0,9,input_layer_norm,GPU,1.8302e+06,1.83023e+06,21.9952
0,9,attention,GPU,1.83023e+06,1.84153e+06,11304.2
0,9,attn_qkv_proj,GPU,1.83023e+06,1.83399e+06,3767.29
0,9,Linear,GPU,1.83023e+06,1.83399e+06,3767.29
0,9,self_attention,GPU,1.83399e+06,1.83416e+06,167.476
0,9,AttentionSplit,GPU,1.83399e+06,1.83399e+06,0
0,9,AttentionSum,GPU,1.83399e+06,1.83399e+06,0
0,9,AttentionGen,GPU,1.83399e+06,1.83416e+06,167.476
0,9,AttentionMerge,GPU,1.83416e+06,1.83416e+06,0
0,9,attn_o_proj,GPU,1.83416e+06,1.83668e+06,2514.79
0,9,Linear,GPU,1.83416e+06,1.83668e+06,2514.79
0,9,all_reduce,GPU,1.83668e+06,1.84153e+06,4854.61
0,9,residual_1,GPU,1.84153e+06,1.84155e+06,21.9952
0,9,post_attn_layer_norm,GPU,1.84155e+06,1.84158e+06,21.9952
0,9,expertFFN,GPU,1.84158e+06,2.05685e+06,215276
0,9,sync_0,GPU,1.84158e+06,1.84158e+06,0
0,9,sync__set,GPU,1.84158e+06,1.84158e+06,0
0,9,sync__,GPU,1.84158e+06,1.84158e+06,0
0,9,gate_fn,GPU,1.84158e+06,1.8416e+06,29.3461
0,9,Linear,GPU,1.84158e+06,1.8416e+06,29.3461
0,9,gate_update,GPU,1.8416e+06,1.8416e+06,0
0,9,moe_scatter,GPU,1.8416e+06,1.8416e+06,0
0,9,sync_for_moe_scatter,GPU,1.8416e+06,1.8416e+06,0
0,9,sync__set,GPU,1.8416e+06,1.8416e+06,0
0,9,sync__,GPU,1.8416e+06,1.8416e+06,0
0,9,moe_route,GPU,1.8416e+06,1.8416e+06,0
0,9,expert_FFN_0,GPU,1.8416e+06,1.94677e+06,105167
0,9,gate_proj,GPU,1.8416e+06,1.87665e+06,35046.9
0,9,Linear,GPU,1.8416e+06,1.87665e+06,35046.9
0,9,activation,GPU,1.87665e+06,1.87668e+06,25.6611
0,9,up_proj,GPU,1.87668e+06,1.91172e+06,35046.9
0,9,Linear,GPU,1.87668e+06,1.91172e+06,35046.9
0,9,down_proj,GPU,1.91172e+06,1.94677e+06,35046.9
0,9,Linear,GPU,1.91172e+06,1.94677e+06,35046.9
0,9,expert_FFN_1,GPU,1.94677e+06,1.94677e+06,0
0,9,gate_proj,GPU,1.94677e+06,1.94677e+06,0
0,9,Linear,GPU,1.94677e+06,1.94677e+06,0
0,9,activation,GPU,1.94677e+06,1.94677e+06,0
0,9,up_proj,GPU,1.94677e+06,1.94677e+06,0
0,9,Linear,GPU,1.94677e+06,1.94677e+06,0
0,9,down_proj,GPU,1.94677e+06,1.94677e+06,0
0,9,Linear,GPU,1.94677e+06,1.94677e+06,0
0,9,sync_2,GPU,1.94677e+06,2.052e+06,105225
0,9,sync__set,GPU,1.94677e+06,1.94677e+06,0
0,9,sync__,GPU,1.94677e+06,2.052e+06,105225
0,9,moe_all_reduce_for_e_tp,GPU,2.052e+06,2.052e+06,0
0,9,sync_3,GPU,2.052e+06,2.052e+06,0
0,9,sync__set,GPU,2.052e+06,2.052e+06,0
0,9,sync__,GPU,2.052e+06,2.052e+06,0
0,9,moe_gather,GPU,2.052e+06,2.052e+06,0
0,9,sync_for_moe_gather,GPU,2.052e+06,2.052e+06,0
0,9,sync__set,GPU,2.052e+06,2.052e+06,0
0,9,sync__,GPU,2.052e+06,2.052e+06,0
0,9,moe_all_reduce_for_gather,GPU,2.052e+06,2.05685e+06,4854.61
0,9,sync_5,GPU,2.05685e+06,2.05685e+06,0
0,9,sync__set,GPU,2.05685e+06,2.05685e+06,0
0,9,sync__,GPU,2.05685e+06,2.05685e+06,0
0,9,sync_6,GPU,2.05685e+06,2.05685e+06,0
0,9,sync__set,GPU,2.05685e+06,2.05685e+06,0
0,9,sync__,GPU,2.05685e+06,2.05685e+06,0
0,9,residual_2,GPU,2.05685e+06,2.05687e+06,21.9952
0,10,MoE_decoder_10,GPU,2.05687e+06,2.28348e+06,226609
0,10,input_layer_norm,GPU,2.05687e+06,2.05689e+06,21.9952
0,10,attention,GPU,2.05689e+06,2.0682e+06,11304.2
0,10,attn_qkv_proj,GPU,2.05689e+06,2.06066e+06,3767.29
0,10,Linear,GPU,2.05689e+06,2.06066e+06,3767.29
0,10,self_attention,GPU,2.06066e+06,2.06083e+06,167.476
0,10,AttentionSplit,GPU,2.06066e+06,2.06066e+06,0
0,10,AttentionSum,GPU,2.06066e+06,2.06066e+06,0
0,10,AttentionGen,GPU,2.06066e+06,2.06083e+06,167.476
0,10,AttentionMerge,GPU,2.06083e+06,2.06083e+06,0
0,10,attn_o_proj,GPU,2.06083e+06,2.06334e+06,2514.79
0,10,Linear,GPU,2.06083e+06,2.06334e+06,2514.79
0,10,all_reduce,GPU,2.06334e+06,2.0682e+06,4854.61
0,10,residual_1,GPU,2.0682e+06,2.06822e+06,21.9952
0,10,post_attn_layer_norm,GPU,2.06822e+06,2.06824e+06,21.9952
0,10,expertFFN,GPU,2.06824e+06,2.28346e+06,215217
0,10,sync_0,GPU,2.06824e+06,2.06824e+06,0
0,10,sync__set,GPU,2.06824e+06,2.06824e+06,0
0,10,sync__,GPU,2.06824e+06,2.06824e+06,0
0,10,gate_fn,GPU,2.06824e+06,2.06827e+06,29.3461
0,10,Linear,GPU,2.06824e+06,2.06827e+06,29.3461
0,10,gate_update,GPU,2.06827e+06,2.06827e+06,0
0,10,moe_scatter,GPU,2.06827e+06,2.06827e+06,0
0,10,sync_for_moe_scatter,GPU,2.06827e+06,2.06827e+06,0
0,10,sync__set,GPU,2.06827e+06,2.06827e+06,0
0,10,sync__,GPU,2.06827e+06,2.06827e+06,0
0,10,moe_route,GPU,2.06827e+06,2.06827e+06,0
0,10,expert_FFN_0,GPU,2.06827e+06,2.17344e+06,105167
0,10,gate_proj,GPU,2.06827e+06,2.10332e+06,35046.9
0,10,Linear,GPU,2.06827e+06,2.10332e+06,35046.9
0,10,activation,GPU,2.10332e+06,2.10334e+06,25.6611
0,10,up_proj,GPU,2.10334e+06,2.13839e+06,35046.9
0,10,Linear,GPU,2.10334e+06,2.13839e+06,35046.9
0,10,down_proj,GPU,2.13839e+06,2.17344e+06,35046.9
0,10,Linear,GPU,2.13839e+06,2.17344e+06,35046.9
0,10,expert_FFN_1,GPU,2.17344e+06,2.27861e+06,105167
0,10,gate_proj,GPU,2.17344e+06,2.20849e+06,35046.9
0,10,Linear,GPU,2.17344e+06,2.20849e+06,35046.9
0,10,activation,GPU,2.20849e+06,2.20851e+06,25.6611
0,10,up_proj,GPU,2.20851e+06,2.24356e+06,35046.9
0,10,Linear,GPU,2.20851e+06,2.24356e+06,35046.9
0,10,down_proj,GPU,2.24356e+06,2.27861e+06,35046.9
0,10,Linear,GPU,2.24356e+06,2.27861e+06,35046.9
0,10,sync_2,GPU,2.27861e+06,2.27861e+06,0
0,10,sync__set,GPU,2.27861e+06,2.27861e+06,0
0,10,sync__,GPU,2.27861e+06,2.27861e+06,0
0,10,moe_all_reduce_for_e_tp,GPU,2.27861e+06,2.27861e+06,0
0,10,sync_3,GPU,2.27861e+06,2.27861e+06,0
0,10,sync__set,GPU,2.27861e+06,2.27861e+06,0
0,10,sync__,GPU,2.27861e+06,2.27861e+06,0
0,10,moe_gather,GPU,2.27861e+06,2.27861e+06,0
0,10,sync_for_moe_gather,GPU,2.27861e+06,2.27861e+06,0
0,10,sync__set,GPU,2.27861e+06,2.27861e+06,0
0,10,sync__,GPU,2.27861e+06,2.27861e+06,0
0,10,moe_all_reduce_for_gather,GPU,2.27861e+06,2.28346e+06,4854.61
0,10,sync_5,GPU,2.28346e+06,2.28346e+06,0
0,10,sync__set,GPU,2.28346e+06,2.28346e+06,0
0,10,sync__,GPU,2.28346e+06,2.28346e+06,0
0,10,sync_6,GPU,2.28346e+06,2.28346e+06,0
0,10,sync__set,GPU,2.28346e+06,2.28346e+06,0
0,10,sync__,GPU,2.28346e+06,2.28346e+06,0
0,10,residual_2,GPU,2.28346e+06,2.28348e+06,21.9952
0,11,MoE_decoder_11,GPU,2.28348e+06,2.51015e+06,226668
0,11,input_layer_norm,GPU,2.28348e+06,2.2835e+06,21.9952
0,11,attention,GPU,2.2835e+06,2.29481e+06,11304.2
0,11,attn_qkv_proj,GPU,2.2835e+06,2.28727e+06,3767.29
0,11,Linear,GPU,2.2835e+06,2.28727e+06,3767.29
0,11,self_attention,GPU,2.28727e+06,2.28744e+06,167.476
0,11,AttentionSplit,GPU,2.28727e+06,2.28727e+06,0
0,11,AttentionSum,GPU,2.28727e+06,2.28727e+06,0
0,11,AttentionGen,GPU,2.28727e+06,2.28744e+06,167.476
0,11,AttentionMerge,GPU,2.28744e+06,2.28744e+06,0
0,11,attn_o_proj,GPU,2.28744e+06,2.28995e+06,2514.79
0,11,Linear,GPU,2.28744e+06,2.28995e+06,2514.79
0,11,all_reduce,GPU,2.28995e+06,2.29481e+06,4854.61
0,11,residual_1,GPU,2.29481e+06,2.29483e+06,21.9952
0,11,post_attn_layer_norm,GPU,2.29483e+06,2.29485e+06,21.9952
0,11,expertFFN,GPU,2.29485e+06,2.51013e+06,215276
0,11,sync_0,GPU,2.29485e+06,2.29485e+06,0
0,11,sync__set,GPU,2.29485e+06,2.29485e+06,0
0,11,sync__,GPU,2.29485e+06,2.29485e+06,0
0,11,gate_fn,GPU,2.29485e+06,2.29488e+06,29.3461
0,11,Linear,GPU,2.29485e+06,2.29488e+06,29.3461
0,11,gate_update,GPU,2.29488e+06,2.29488e+06,0
0,11,moe_scatter,GPU,2.29488e+06,2.29488e+06,0
0,11,sync_for_moe_scatter,GPU,2.29488e+06,2.29488e+06,0
0,11,sync__set,GPU,2.29488e+06,2.29488e+06,0
0,11,sync__,GPU,2.29488e+06,2.29488e+06,0
0,11,moe_route,GPU,2.29488e+06,2.29488e+06,0
0,11,expert_FFN_0,GPU,2.29488e+06,2.29488e+06,0
0,11,gate_proj,GPU,2.29488e+06,2.29488e+06,0
0,11,Linear,GPU,2.29488e+06,2.29488e+06,0
0,11,activation,GPU,2.29488e+06,2.29488e+06,0
0,11,up_proj,GPU,2.29488e+06,2.29488e+06,0
0,11,Linear,GPU,2.29488e+06,2.29488e+06,0
0,11,down_proj,GPU,2.29488e+06,2.29488e+06,0
0,11,Linear,GPU,2.29488e+06,2.29488e+06,0
0,11,expert_FFN_1,GPU,2.29488e+06,2.29488e+06,0
0,11,gate_proj,GPU,2.29488e+06,2.29488e+06,0
0,11,Linear,GPU,2.29488e+06,2.29488e+06,0
0,11,activation,GPU,2.29488e+06,2.29488e+06,0
0,11,up_proj,GPU,2.29488e+06,2.29488e+06,0
0,11,Linear,GPU,2.29488e+06,2.29488e+06,0
0,11,down_proj,GPU,2.29488e+06,2.29488e+06,0
0,11,Linear,GPU,2.29488e+06,2.29488e+06,0
0,11,sync_2,GPU,2.29488e+06,2.50527e+06,210392
0,11,sync__set,GPU,2.29488e+06,2.29488e+06,0
0,11,sync__,GPU,2.29488e+06,2.50527e+06,210392
0,11,moe_all_reduce_for_e_tp,GPU,2.50527e+06,2.50527e+06,0
0,11,sync_3,GPU,2.50527e+06,2.50527e+06,0
0,11,sync__set,GPU,2.50527e+06,2.50527e+06,0
0,11,sync__,GPU,2.50527e+06,2.50527e+06,0
0,11,moe_gather,GPU,2.50527e+06,2.50527e+06,0
0,11,sync_for_moe_gather,GPU,2.50527e+06,2.50527e+06,0
0,11,sync__set,GPU,2.50527e+06,2.50527e+06,0
0,11,sync__,GPU,2.50527e+06,2.50527e+06,0
0,11,moe_all_reduce_for_gather,GPU,2.50527e+06,2.51013e+06,4854.61
0,11,sync_5,GPU,2.51013e+06,2.51013e+06,0
0,11,sync__set,GPU,2.51013e+06,2.51013e+06,0
0,11,sync__,GPU,2.51013e+06,2.51013e+06,0
0,11,sync_6,GPU,2.51013e+06,2.51013e+06,0
0,11,sync__set,GPU,2.51013e+06,2.51013e+06,0
0,11,sync__,GPU,2.51013e+06,2.51013e+06,0
0,11,residual_2,GPU,2.51013e+06,2.51015e+06,21.9952
0,12,MoE_decoder_12,GPU,2.51015e+06,2.63171e+06,121560
0,12,input_layer_norm,GPU,2.51015e+06,2.51017e+06,21.9952
0,12,attention,GPU,2.51017e+06,2.52148e+06,11304.2
0,12,attn_qkv_proj,GPU,2.51017e+06,2.51394e+06,3767.29
0,12,Linear,GPU,2.51017e+06,2.51394e+06,3767.29
0,12,self_attention,GPU,2.51394e+06,2.51411e+06,167.476
0,12,AttentionSplit,GPU,2.51394e+06,2.51394e+06,0
0,12,AttentionSum,GPU,2.51394e+06,2.51394e+06,0
0,12,AttentionGen,GPU,2.51394e+06,2.51411e+06,167.476
0,12,AttentionMerge,GPU,2.51411e+06,2.51411e+06,0
0,12,attn_o_proj,GPU,2.51411e+06,2.51662e+06,2514.79
0,12,Linear,GPU,2.51411e+06,2.51662e+06,2514.79
0,12,all_reduce,GPU,2.51662e+06,2.52148e+06,4854.61
0,12,residual_1,GPU,2.52148e+06,2.5215e+06,21.9952
0,12,post_attn_layer_norm,GPU,2.5215e+06,2.52152e+06,21.9952
0,12,expertFFN,GPU,2.52152e+06,2.63169e+06,110168
0,12,sync_0,GPU,2.52152e+06,2.52152e+06,0
0,12,sync__set,GPU,2.52152e+06,2.52152e+06,0
0,12,sync__,GPU,2.52152e+06,2.52152e+06,0
0,12,gate_fn,GPU,2.52152e+06,2.52155e+06,29.3461
0,12,Linear,GPU,2.52152e+06,2.52155e+06,29.3461
0,12,gate_update,GPU,2.52155e+06,2.52155e+06,0
0,12,moe_scatter,GPU,2.52155e+06,2.52155e+06,0
0,12,sync_for_moe_scatter,GPU,2.52155e+06,2.52155e+06,0
0,12,sync__set,GPU,2.52155e+06,2.52155e+06,0
0,12,sync__,GPU,2.52155e+06,2.52155e+06,0
0,12,moe_route,GPU,2.52155e+06,2.52155e+06,0
0,12,expert_FFN_0,GPU,2.52155e+06,2.62677e+06,105225
0,12,gate_proj,GPU,2.52155e+06,2.55661e+06,35057.9
0,12,Linear,GPU,2.52155e+06,2.55661e+06,35057.9
0,12,activation,GPU,2.55661e+06,2.55666e+06,51.3222
0,12,up_proj,GPU,2.55666e+06,2.59172e+06,35057.9
0,12,Linear,GPU,2.55666e+06,2.59172e+06,35057.9
0,12,down_proj,GPU,2.59172e+06,2.62677e+06,35057.9
0,12,Linear,GPU,2.59172e+06,2.62677e+06,35057.9
0,12,expert_FFN_1,GPU,2.62677e+06,2.62677e+06,0
0,12,gate_proj,GPU,2.62677e+06,2.62677e+06,0
0,12,Linear,GPU,2.62677e+06,2.62677e+06,0
0,12,activation,GPU,2.62677e+06,2.62677e+06,0
0,12,up_proj,GPU,2.62677e+06,2.62677e+06,0
0,12,Linear,GPU,2.62677e+06,2.62677e+06,0
0,12,down_proj,GPU,2.62677e+06,2.62677e+06,0
0,12,Linear,GPU,2.62677e+06,2.62677e+06,0
0,12,sync_2,GPU,2.62677e+06,2.62683e+06,58.6539
0,12,sync__set,GPU,2.62677e+06,2.62677e+06,0
0,12,sync__,GPU,2.62677e+06,2.62683e+06,58.6539
0,12,moe_all_reduce_for_e_tp,GPU,2.62683e+06,2.62683e+06,0
0,12,sync_3,GPU,2.62683e+06,2.62683e+06,0
0,12,sync__set,GPU,2.62683e+06,2.62683e+06,0
0,12,sync__,GPU,2.62683e+06,2.62683e+06,0
0,12,moe_gather,GPU,2.62683e+06,2.62683e+06,0
0,12,sync_for_moe_gather,GPU,2.62683e+06,2.62683e+06,0
0,12,sync__set,GPU,2.62683e+06,2.62683e+06,0
0,12,sync__,GPU,2.62683e+06,2.62683e+06,0
0,12,moe_all_reduce_for_gather,GPU,2.62683e+06,2.63169e+06,4854.61
0,12,sync_5,GPU,2.63169e+06,2.63169e+06,0
0,12,sync__set,GPU,2.63169e+06,2.63169e+06,0
0,12,sync__,GPU,2.63169e+06,2.63169e+06,0
0,12,sync_6,GPU,2.63169e+06,2.63169e+06,0
0,12,sync__set,GPU,2.63169e+06,2.63169e+06,0
0,12,sync__,GPU,2.63169e+06,2.63169e+06,0
0,12,residual_2,GPU,2.63169e+06,2.63171e+06,21.9952
0,13,MoE_decoder_13,GPU,2.63171e+06,2.85838e+06,226668
0,13,input_layer_norm,GPU,2.63171e+06,2.63173e+06,21.9952
0,13,attention,GPU,2.63173e+06,2.64304e+06,11304.2
0,13,attn_qkv_proj,GPU,2.63173e+06,2.6355e+06,3767.29
0,13,Linear,GPU,2.63173e+06,2.6355e+06,3767.29
0,13,self_attention,GPU,2.6355e+06,2.63567e+06,167.476
0,13,AttentionSplit,GPU,2.6355e+06,2.6355e+06,0
0,13,AttentionSum,GPU,2.6355e+06,2.6355e+06,0
0,13,AttentionGen,GPU,2.6355e+06,2.63567e+06,167.476
0,13,AttentionMerge,GPU,2.63567e+06,2.63567e+06,0
0,13,attn_o_proj,GPU,2.63567e+06,2.63818e+06,2514.79
0,13,Linear,GPU,2.63567e+06,2.63818e+06,2514.79
0,13,all_reduce,GPU,2.63818e+06,2.64304e+06,4854.61
0,13,residual_1,GPU,2.64304e+06,2.64306e+06,21.9952
0,13,post_attn_layer_norm,GPU,2.64306e+06,2.64308e+06,21.9952
0,13,expertFFN,GPU,2.64308e+06,2.85836e+06,215276
0,13,sync_0,GPU,2.64308e+06,2.64308e+06,0
0,13,sync__set,GPU,2.64308e+06,2.64308e+06,0
0,13,sync__,GPU,2.64308e+06,2.64308e+06,0
0,13,gate_fn,GPU,2.64308e+06,2.64311e+06,29.3461
0,13,Linear,GPU,2.64308e+06,2.64311e+06,29.3461
0,13,gate_update,GPU,2.64311e+06,2.64311e+06,0
0,13,moe_scatter,GPU,2.64311e+06,2.64311e+06,0
0,13,sync_for_moe_scatter,GPU,2.64311e+06,2.64311e+06,0
0,13,sync__set,GPU,2.64311e+06,2.64311e+06,0
0,13,sync__,GPU,2.64311e+06,2.64311e+06,0
0,13,moe_route,GPU,2.64311e+06,2.64311e+06,0
0,13,expert_FFN_0,GPU,2.64311e+06,2.74833e+06,105225
0,13,gate_proj,GPU,2.64311e+06,2.67817e+06,35057.9
0,13,Linear,GPU,2.64311e+06,2.67817e+06,35057.9
0,13,activation,GPU,2.67817e+06,2.67822e+06,51.3222
0,13,up_proj,GPU,2.67822e+06,2.71328e+06,35057.9
0,13,Linear,GPU,2.67822e+06,2.71328e+06,35057.9
0,13,down_proj,GPU,2.71328e+06,2.74833e+06,35057.9
0,13,Linear,GPU,2.71328e+06,2.74833e+06,35057.9
0,13,expert_FFN_1,GPU,2.74833e+06,2.74833e+06,0
0,13,gate_proj,GPU,2.74833e+06,2.74833e+06,0
0,13,Linear,GPU,2.74833e+06,2.74833e+06,0
0,13,activation,GPU,2.74833e+06,2.74833e+06,0
0,13,up_proj,GPU,2.74833e+06,2.74833e+06,0
0,13,Linear,GPU,2.74833e+06,2.74833e+06,0
0,13,down_proj,GPU,2.74833e+06,2.74833e+06,0
0,13,Linear,GPU,2.74833e+06,2.74833e+06,0
0,13,sync_2,GPU,2.74833e+06,2.8535e+06,105167
0,13,sync__set,GPU,2.74833e+06,2.74833e+06,0
0,13,sync__,GPU,2.74833e+06,2.8535e+06,105167
0,13,moe_all_reduce_for_e_tp,GPU,2.8535e+06,2.8535e+06,0
0,13,sync_3,GPU,2.8535e+06,2.8535e+06,0
0,13,sync__set,GPU,2.8535e+06,2.8535e+06,0
0,13,sync__,GPU,2.8535e+06,2.8535e+06,0
0,13,moe_gather,GPU,2.8535e+06,2.8535e+06,0
0,13,sync_for_moe_gather,GPU,2.8535e+06,2.8535e+06,0
0,13,sync__set,GPU,2.8535e+06,2.8535e+06,0
0,13,sync__,GPU,2.8535e+06,2.8535e+06,0
0,13,moe_all_reduce_for_gather,GPU,2.8535e+06,2.85836e+06,4854.61
0,13,sync_5,GPU,2.85836e+06,2.85836e+06,0
0,13,sync__set,GPU,2.85836e+06,2.85836e+06,0
0,13,sync__,GPU,2.85836e+06,2.85836e+06,0
0,13,sync_6,GPU,2.85836e+06,2.85836e+06,0
0,13,sync__set,GPU,2.85836e+06,2.85836e+06,0
0,13,sync__,GPU,2.85836e+06,2.85836e+06,0
0,13,residual_2,GPU,2.85836e+06,2.85838e+06,21.9952
0,14,MoE_decoder_14,GPU,2.85838e+06,3.08516e+06,226785
0,14,input_layer_norm,GPU,2.85838e+06,2.8584e+06,21.9952
0,14,attention,GPU,2.8584e+06,2.8697e+06,11304.2
0,14,attn_qkv_proj,GPU,2.8584e+06,2.86217e+06,3767.29
0,14,Linear,GPU,2.8584e+06,2.86217e+06,3767.29
0,14,self_attention,GPU,2.86217e+06,2.86233e+06,167.476
0,14,AttentionSplit,GPU,2.86217e+06,2.86217e+06,0
0,14,AttentionSum,GPU,2.86217e+06,2.86217e+06,0
0,14,AttentionGen,GPU,2.86217e+06,2.86233e+06,167.476
0,14,AttentionMerge,GPU,2.86233e+06,2.86233e+06,0
0,14,attn_o_proj,GPU,2.86233e+06,2.86485e+06,2514.79
0,14,Linear,GPU,2.86233e+06,2.86485e+06,2514.79
0,14,all_reduce,GPU,2.86485e+06,2.8697e+06,4854.61
0,14,residual_1,GPU,2.8697e+06,2.86973e+06,21.9952
0,14,post_attn_layer_norm,GPU,2.86973e+06,2.86975e+06,21.9952
0,14,expertFFN,GPU,2.86975e+06,3.08514e+06,215393
0,14,sync_0,GPU,2.86975e+06,2.86975e+06,0
0,14,sync__set,GPU,2.86975e+06,2.86975e+06,0
0,14,sync__,GPU,2.86975e+06,2.86975e+06,0
0,14,gate_fn,GPU,2.86975e+06,2.86978e+06,29.3461
0,14,Linear,GPU,2.86975e+06,2.86978e+06,29.3461
0,14,gate_update,GPU,2.86978e+06,2.86978e+06,0
0,14,moe_scatter,GPU,2.86978e+06,2.86978e+06,0
0,14,sync_for_moe_scatter,GPU,2.86978e+06,2.86978e+06,0
0,14,sync__set,GPU,2.86978e+06,2.86978e+06,0
0,14,sync__,GPU,2.86978e+06,2.86978e+06,0
0,14,moe_route,GPU,2.86978e+06,2.86978e+06,0
0,14,expert_FFN_0,GPU,2.86978e+06,2.97494e+06,105167
0,14,gate_proj,GPU,2.86978e+06,2.90482e+06,35046.9
0,14,Linear,GPU,2.86978e+06,2.90482e+06,35046.9
0,14,activation,GPU,2.90482e+06,2.90485e+06,25.6611
0,14,up_proj,GPU,2.90485e+06,2.9399e+06,35046.9
0,14,Linear,GPU,2.90485e+06,2.9399e+06,35046.9
0,14,down_proj,GPU,2.9399e+06,2.97494e+06,35046.9
0,14,Linear,GPU,2.9399e+06,2.97494e+06,35046.9
0,14,expert_FFN_1,GPU,2.97494e+06,2.97494e+06,0
0,14,gate_proj,GPU,2.97494e+06,2.97494e+06,0
0,14,Linear,GPU,2.97494e+06,2.97494e+06,0
0,14,activation,GPU,2.97494e+06,2.97494e+06,0
0,14,up_proj,GPU,2.97494e+06,2.97494e+06,0
0,14,Linear,GPU,2.97494e+06,2.97494e+06,0
0,14,down_proj,GPU,2.97494e+06,2.97494e+06,0
0,14,Linear,GPU,2.97494e+06,2.97494e+06,0
0,14,sync_2,GPU,2.97494e+06,3.08029e+06,105342
0,14,sync__set,GPU,2.97494e+06,2.97494e+06,0
0,14,sync__,GPU,2.97494e+06,3.08029e+06,105342
0,14,moe_all_reduce_for_e_tp,GPU,3.08029e+06,3.08029e+06,0
0,14,sync_3,GPU,3.08029e+06,3.08029e+06,0
0,14,sync__set,GPU,3.08029e+06,3.08029e+06,0
0,14,sync__,GPU,3.08029e+06,3.08029e+06,0
0,14,moe_gather,GPU,3.08029e+06,3.08029e+06,0
0,14,sync_for_moe_gather,GPU,3.08029e+06,3.08029e+06,0
0,14,sync__set,GPU,3.08029e+06,3.08029e+06,0
0,14,sync__,GPU,3.08029e+06,3.08029e+06,0
0,14,moe_all_reduce_for_gather,GPU,3.08029e+06,3.08514e+06,4854.61
0,14,sync_5,GPU,3.08514e+06,3.08514e+06,0
0,14,sync__set,GPU,3.08514e+06,3.08514e+06,0
0,14,sync__,GPU,3.08514e+06,3.08514e+06,0
0,14,sync_6,GPU,3.08514e+06,3.08514e+06,0
0,14,sync__set,GPU,3.08514e+06,3.08514e+06,0
0,14,sync__,GPU,3.08514e+06,3.08514e+06,0
0,14,residual_2,GPU,3.08514e+06,3.08516e+06,21.9952
0,15,MoE_decoder_15,GPU,3.08516e+06,3.31177e+06,226609
0,15,input_layer_norm,GPU,3.08516e+06,3.08518e+06,21.9952
0,15,attention,GPU,3.08518e+06,3.09649e+06,11304.2
0,15,attn_qkv_proj,GPU,3.08518e+06,3.08895e+06,3767.29
0,15,Linear,GPU,3.08518e+06,3.08895e+06,3767.29
0,15,self_attention,GPU,3.08895e+06,3.08912e+06,167.476
0,15,AttentionSplit,GPU,3.08895e+06,3.08895e+06,0
0,15,AttentionSum,GPU,3.08895e+06,3.08895e+06,0
0,15,AttentionGen,GPU,3.08895e+06,3.08912e+06,167.476
0,15,AttentionMerge,GPU,3.08912e+06,3.08912e+06,0
0,15,attn_o_proj,GPU,3.08912e+06,3.09163e+06,2514.79
0,15,Linear,GPU,3.08912e+06,3.09163e+06,2514.79
0,15,all_reduce,GPU,3.09163e+06,3.09649e+06,4854.61
0,15,residual_1,GPU,3.09649e+06,3.09651e+06,21.9952
0,15,post_attn_layer_norm,GPU,3.09651e+06,3.09653e+06,21.9952
0,15,expertFFN,GPU,3.09653e+06,3.31175e+06,215217
0,15,sync_0,GPU,3.09653e+06,3.09653e+06,0
0,15,sync__set,GPU,3.09653e+06,3.09653e+06,0
0,15,sync__,GPU,3.09653e+06,3.09653e+06,0
0,15,gate_fn,GPU,3.09653e+06,3.09656e+06,29.3461
0,15,Linear,GPU,3.09653e+06,3.09656e+06,29.3461
0,15,gate_update,GPU,3.09656e+06,3.09656e+06,0
0,15,moe_scatter,GPU,3.09656e+06,3.09656e+06,0
0,15,sync_for_moe_scatter,GPU,3.09656e+06,3.09656e+06,0
0,15,sync__set,GPU,3.09656e+06,3.09656e+06,0
0,15,sync__,GPU,3.09656e+06,3.09656e+06,0
0,15,moe_route,GPU,3.09656e+06,3.09656e+06,0
0,15,expert_FFN_0,GPU,3.09656e+06,3.20173e+06,105167
0,15,gate_proj,GPU,3.09656e+06,3.13161e+06,35046.9
0,15,Linear,GPU,3.09656e+06,3.13161e+06,35046.9
0,15,activation,GPU,3.13161e+06,3.13163e+06,25.6611
0,15,up_proj,GPU,3.13163e+06,3.16668e+06,35046.9
0,15,Linear,GPU,3.13163e+06,3.16668e+06,35046.9
0,15,down_proj,GPU,3.16668e+06,3.20173e+06,35046.9
0,15,Linear,GPU,3.16668e+06,3.20173e+06,35046.9
0,15,expert_FFN_1,GPU,3.20173e+06,3.30689e+06,105167
0,15,gate_proj,GPU,3.20173e+06,3.23678e+06,35046.9
0,15,Linear,GPU,3.20173e+06,3.23678e+06,35046.9
0,15,activation,GPU,3.23678e+06,3.2368e+06,25.6611
0,15,up_proj,GPU,3.2368e+06,3.27185e+06,35046.9
0,15,Linear,GPU,3.2368e+06,3.27185e+06,35046.9
0,15,down_proj,GPU,3.27185e+06,3.30689e+06,35046.9
0,15,Linear,GPU,3.27185e+06,3.30689e+06,35046.9
0,15,sync_2,GPU,3.30689e+06,3.30689e+06,0
0,15,sync__set,GPU,3.30689e+06,3.30689e+06,0
0,15,sync__,GPU,3.30689e+06,3.30689e+06,0
0,15,moe_all_reduce_for_e_tp,GPU,3.30689e+06,3.30689e+06,0
0,15,sync_3,GPU,3.30689e+06,3.30689e+06,0
0,15,sync__set,GPU,3.30689e+06,3.30689e+06,0
0,15,sync__,GPU,3.30689e+06,3.30689e+06,0
0,15,moe_gather,GPU,3.30689e+06,3.30689e+06,0
0,15,sync_for_moe_gather,GPU,3.30689e+06,3.30689e+06,0
0,15,sync__set,GPU,3.30689e+06,3.30689e+06,0
0,15,sync__,GPU,3.30689e+06,3.30689e+06,0
0,15,moe_all_reduce_for_gather,GPU,3.30689e+06,3.31175e+06,4854.61
0,15,sync_5,GPU,3.31175e+06,3.31175e+06,0
0,15,sync__set,GPU,3.31175e+06,3.31175e+06,0
0,15,sync__,GPU,3.31175e+06,3.31175e+06,0
0,15,sync_6,GPU,3.31175e+06,3.31175e+06,0
0,15,sync__set,GPU,3.31175e+06,3.31175e+06,0
0,15,sync__,GPU,3.31175e+06,3.31175e+06,0
0,15,residual_2,GPU,3.31175e+06,3.31177e+06,21.9952
0,16,MoE_decoder_16,GPU,3.31177e+06,3.53844e+06,226668
0,16,input_layer_norm,GPU,3.31177e+06,3.31179e+06,21.9952
0,16,attention,GPU,3.31179e+06,3.3231e+06,11304.2
0,16,attn_qkv_proj,GPU,3.31179e+06,3.31556e+06,3767.29
0,16,Linear,GPU,3.31179e+06,3.31556e+06,3767.29
0,16,self_attention,GPU,3.31556e+06,3.31573e+06,167.476
0,16,AttentionSplit,GPU,3.31556e+06,3.31556e+06,0
0,16,AttentionSum,GPU,3.31556e+06,3.31556e+06,0
0,16,AttentionGen,GPU,3.31556e+06,3.31573e+06,167.476
0,16,AttentionMerge,GPU,3.31573e+06,3.31573e+06,0
0,16,attn_o_proj,GPU,3.31573e+06,3.31824e+06,2514.79
0,16,Linear,GPU,3.31573e+06,3.31824e+06,2514.79
0,16,all_reduce,GPU,3.31824e+06,3.3231e+06,4854.61
0,16,residual_1,GPU,3.3231e+06,3.32312e+06,21.9952
0,16,post_attn_layer_norm,GPU,3.32312e+06,3.32314e+06,21.9952
0,16,expertFFN,GPU,3.32314e+06,3.53842e+06,215276
0,16,sync_0,GPU,3.32314e+06,3.32314e+06,0
0,16,sync__set,GPU,3.32314e+06,3.32314e+06,0
0,16,sync__,GPU,3.32314e+06,3.32314e+06,0
0,16,gate_fn,GPU,3.32314e+06,3.32317e+06,29.3461
0,16,Linear,GPU,3.32314e+06,3.32317e+06,29.3461
0,16,gate_update,GPU,3.32317e+06,3.32317e+06,0
0,16,moe_scatter,GPU,3.32317e+06,3.32317e+06,0
0,16,sync_for_moe_scatter,GPU,3.32317e+06,3.32317e+06,0
0,16,sync__set,GPU,3.32317e+06,3.32317e+06,0
0,16,sync__,GPU,3.32317e+06,3.32317e+06,0
0,16,moe_route,GPU,3.32317e+06,3.32317e+06,0
0,16,expert_FFN_0,GPU,3.32317e+06,3.42845e+06,105284
0,16,gate_proj,GPU,3.32317e+06,3.35824e+06,35068.9
0,16,Linear,GPU,3.32317e+06,3.35824e+06,35068.9
0,16,activation,GPU,3.35824e+06,3.35832e+06,76.9833
0,16,up_proj,GPU,3.35832e+06,3.39339e+06,35068.9
0,16,Linear,GPU,3.35832e+06,3.39339e+06,35068.9
0,16,down_proj,GPU,3.39339e+06,3.42845e+06,35068.9
0,16,Linear,GPU,3.39339e+06,3.42845e+06,35068.9
0,16,expert_FFN_1,GPU,3.42845e+06,3.42845e+06,0
0,16,gate_proj,GPU,3.42845e+06,3.42845e+06,0
0,16,Linear,GPU,3.42845e+06,3.42845e+06,0
0,16,activation,GPU,3.42845e+06,3.42845e+06,0
0,16,up_proj,GPU,3.42845e+06,3.42845e+06,0
0,16,Linear,GPU,3.42845e+06,3.42845e+06,0
0,16,down_proj,GPU,3.42845e+06,3.42845e+06,0
0,16,Linear,GPU,3.42845e+06,3.42845e+06,0
0,16,sync_2,GPU,3.42845e+06,3.53356e+06,105108
0,16,sync__set,GPU,3.42845e+06,3.42845e+06,0
0,16,sync__,GPU,3.42845e+06,3.53356e+06,105108
0,16,moe_all_reduce_for_e_tp,GPU,3.53356e+06,3.53356e+06,0
0,16,sync_3,GPU,3.53356e+06,3.53356e+06,0
0,16,sync__set,GPU,3.53356e+06,3.53356e+06,0
0,16,sync__,GPU,3.53356e+06,3.53356e+06,0
0,16,moe_gather,GPU,3.53356e+06,3.53356e+06,0
0,16,sync_for_moe_gather,GPU,3.53356e+06,3.53356e+06,0
0,16,sync__set,GPU,3.53356e+06,3.53356e+06,0
0,16,sync__,GPU,3.53356e+06,3.53356e+06,0
0,16,moe_all_reduce_for_gather,GPU,3.53356e+06,3.53842e+06,4854.61
0,16,sync_5,GPU,3.53842e+06,3.53842e+06,0
0,16,sync__set,GPU,3.53842e+06,3.53842e+06,0
0,16,sync__,GPU,3.53842e+06,3.53842e+06,0
0,16,sync_6,GPU,3.53842e+06,3.53842e+06,0
0,16,sync__set,GPU,3.53842e+06,3.53842e+06,0
0,16,sync__,GPU,3.53842e+06,3.53842e+06,0
0,16,residual_2,GPU,3.53842e+06,3.53844e+06,21.9952
0,17,MoE_decoder_17,GPU,3.53844e+06,3.76511e+06,226668
0,17,input_layer_norm,GPU,3.53844e+06,3.53846e+06,21.9952
0,17,attention,GPU,3.53846e+06,3.54977e+06,11304.2
0,17,attn_qkv_proj,GPU,3.53846e+06,3.54223e+06,3767.29
0,17,Linear,GPU,3.53846e+06,3.54223e+06,3767.29
0,17,self_attention,GPU,3.54223e+06,3.5424e+06,167.476
0,17,AttentionSplit,GPU,3.54223e+06,3.54223e+06,0
0,17,AttentionSum,GPU,3.54223e+06,3.54223e+06,0
0,17,AttentionGen,GPU,3.54223e+06,3.5424e+06,167.476
0,17,AttentionMerge,GPU,3.5424e+06,3.5424e+06,0
0,17,attn_o_proj,GPU,3.5424e+06,3.54491e+06,2514.79
0,17,Linear,GPU,3.5424e+06,3.54491e+06,2514.79
0,17,all_reduce,GPU,3.54491e+06,3.54977e+06,4854.61
0,17,residual_1,GPU,3.54977e+06,3.54979e+06,21.9952
0,17,post_attn_layer_norm,GPU,3.54979e+06,3.54981e+06,21.9952
0,17,expertFFN,GPU,3.54981e+06,3.76509e+06,215276
0,17,sync_0,GPU,3.54981e+06,3.54981e+06,0
0,17,sync__set,GPU,3.54981e+06,3.54981e+06,0
0,17,sync__,GPU,3.54981e+06,3.54981e+06,0
0,17,gate_fn,GPU,3.54981e+06,3.54984e+06,29.3461
0,17,Linear,GPU,3.54981e+06,3.54984e+06,29.3461
0,17,gate_update,GPU,3.54984e+06,3.54984e+06,0
0,17,moe_scatter,GPU,3.54984e+06,3.54984e+06,0
0,17,sync_for_moe_scatter,GPU,3.54984e+06,3.54984e+06,0
0,17,sync__set,GPU,3.54984e+06,3.54984e+06,0
0,17,sync__,GPU,3.54984e+06,3.54984e+06,0
0,17,moe_route,GPU,3.54984e+06,3.54984e+06,0
0,17,expert_FFN_0,GPU,3.54984e+06,3.65506e+06,105225
0,17,gate_proj,GPU,3.54984e+06,3.5849e+06,35057.9
0,17,Linear,GPU,3.54984e+06,3.5849e+06,35057.9
0,17,activation,GPU,3.5849e+06,3.58495e+06,51.3222
0,17,up_proj,GPU,3.58495e+06,3.62001e+06,35057.9
0,17,Linear,GPU,3.58495e+06,3.62001e+06,35057.9
0,17,down_proj,GPU,3.62001e+06,3.65506e+06,35057.9
0,17,Linear,GPU,3.62001e+06,3.65506e+06,35057.9
0,17,expert_FFN_1,GPU,3.65506e+06,3.65506e+06,0
0,17,gate_proj,GPU,3.65506e+06,3.65506e+06,0
0,17,Linear,GPU,3.65506e+06,3.65506e+06,0
0,17,activation,GPU,3.65506e+06,3.65506e+06,0
0,17,up_proj,GPU,3.65506e+06,3.65506e+06,0
0,17,Linear,GPU,3.65506e+06,3.65506e+06,0
0,17,down_proj,GPU,3.65506e+06,3.65506e+06,0
0,17,Linear,GPU,3.65506e+06,3.65506e+06,0
0,17,sync_2,GPU,3.65506e+06,3.76023e+06,105167
0,17,sync__set,GPU,3.65506e+06,3.65506e+06,0
0,17,sync__,GPU,3.65506e+06,3.76023e+06,105167
0,17,moe_all_reduce_for_e_tp,GPU,3.76023e+06,3.76023e+06,0
0,17,sync_3,GPU,3.76023e+06,3.76023e+06,0
0,17,sync__set,GPU,3.76023e+06,3.76023e+06,0
0,17,sync__,GPU,3.76023e+06,3.76023e+06,0
0,17,moe_gather,GPU,3.76023e+06,3.76023e+06,0
0,17,sync_for_moe_gather,GPU,3.76023e+06,3.76023e+06,0
0,17,sync__set,GPU,3.76023e+06,3.76023e+06,0
0,17,sync__,GPU,3.76023e+06,3.76023e+06,0
0,17,moe_all_reduce_for_gather,GPU,3.76023e+06,3.76509e+06,4854.61
0,17,sync_5,GPU,3.76509e+06,3.76509e+06,0
0,17,sync__set,GPU,3.76509e+06,3.76509e+06,0
0,17,sync__,GPU,3.76509e+06,3.76509e+06,0
0,17,sync_6,GPU,3.76509e+06,3.76509e+06,0
0,17,sync__set,GPU,3.76509e+06,3.76509e+06,0
0,17,sync__,GPU,3.76509e+06,3.76509e+06,0
0,17,residual_2,GPU,3.76509e+06,3.76511e+06,21.9952
0,18,MoE_decoder_18,GPU,3.76511e+06,3.88673e+06,121619
0,18,input_layer_norm,GPU,3.76511e+06,3.76513e+06,21.9952
0,18,attention,GPU,3.76513e+06,3.77643e+06,11304.2
0,18,attn_qkv_proj,GPU,3.76513e+06,3.7689e+06,3767.29
0,18,Linear,GPU,3.76513e+06,3.7689e+06,3767.29
0,18,self_attention,GPU,3.7689e+06,3.76906e+06,167.476
0,18,AttentionSplit,GPU,3.7689e+06,3.7689e+06,0
0,18,AttentionSum,GPU,3.7689e+06,3.7689e+06,0
0,18,AttentionGen,GPU,3.7689e+06,3.76906e+06,167.476
0,18,AttentionMerge,GPU,3.76906e+06,3.76906e+06,0
0,18,attn_o_proj,GPU,3.76906e+06,3.77158e+06,2514.79
0,18,Linear,GPU,3.76906e+06,3.77158e+06,2514.79
0,18,all_reduce,GPU,3.77158e+06,3.77643e+06,4854.61
0,18,residual_1,GPU,3.77643e+06,3.77646e+06,21.9952
0,18,post_attn_layer_norm,GPU,3.77646e+06,3.77648e+06,21.9952
0,18,expertFFN,GPU,3.77648e+06,3.8867e+06,110226
0,18,sync_0,GPU,3.77648e+06,3.77648e+06,0
0,18,sync__set,GPU,3.77648e+06,3.77648e+06,0
0,18,sync__,GPU,3.77648e+06,3.77648e+06,0
0,18,gate_fn,GPU,3.77648e+06,3.77651e+06,29.3461
0,18,Linear,GPU,3.77648e+06,3.77651e+06,29.3461
0,18,gate_update,GPU,3.77651e+06,3.77651e+06,0
0,18,moe_scatter,GPU,3.77651e+06,3.77651e+06,0
0,18,sync_for_moe_scatter,GPU,3.77651e+06,3.77651e+06,0
0,18,sync__set,GPU,3.77651e+06,3.77651e+06,0
0,18,sync__,GPU,3.77651e+06,3.77651e+06,0
0,18,moe_route,GPU,3.77651e+06,3.77651e+06,0
0,18,expert_FFN_0,GPU,3.77651e+06,3.77651e+06,0
0,18,gate_proj,GPU,3.77651e+06,3.77651e+06,0
0,18,Linear,GPU,3.77651e+06,3.77651e+06,0
0,18,activation,GPU,3.77651e+06,3.77651e+06,0
0,18,up_proj,GPU,3.77651e+06,3.77651e+06,0
0,18,Linear,GPU,3.77651e+06,3.77651e+06,0
0,18,down_proj,GPU,3.77651e+06,3.77651e+06,0
0,18,Linear,GPU,3.77651e+06,3.77651e+06,0
0,18,expert_FFN_1,GPU,3.77651e+06,3.88167e+06,105167
0,18,gate_proj,GPU,3.77651e+06,3.81155e+06,35046.9
0,18,Linear,GPU,3.77651e+06,3.81155e+06,35046.9
0,18,activation,GPU,3.81155e+06,3.81158e+06,25.6611
0,18,up_proj,GPU,3.81158e+06,3.84663e+06,35046.9
0,18,Linear,GPU,3.81158e+06,3.84663e+06,35046.9
0,18,down_proj,GPU,3.84663e+06,3.88167e+06,35046.9
0,18,Linear,GPU,3.84663e+06,3.88167e+06,35046.9
0,18,sync_2,GPU,3.88167e+06,3.88185e+06,175.962
0,18,sync__set,GPU,3.88167e+06,3.88167e+06,0
0,18,sync__,GPU,3.88167e+06,3.88185e+06,175.962
0,18,moe_all_reduce_for_e_tp,GPU,3.88185e+06,3.88185e+06,0
0,18,sync_3,GPU,3.88185e+06,3.88185e+06,0
0,18,sync__set,GPU,3.88185e+06,3.88185e+06,0
0,18,sync__,GPU,3.88185e+06,3.88185e+06,0
0,18,moe_gather,GPU,3.88185e+06,3.88185e+06,0
0,18,sync_for_moe_gather,GPU,3.88185e+06,3.88185e+06,0
0,18,sync__set,GPU,3.88185e+06,3.88185e+06,0
0,18,sync__,GPU,3.88185e+06,3.88185e+06,0
0,18,moe_all_reduce_for_gather,GPU,3.88185e+06,3.8867e+06,4854.61
0,18,sync_5,GPU,3.8867e+06,3.8867e+06,0
0,18,sync__set,GPU,3.8867e+06,3.8867e+06,0
0,18,sync__,GPU,3.8867e+06,3.8867e+06,0
0,18,sync_6,GPU,3.8867e+06,3.8867e+06,0
0,18,sync__set,GPU,3.8867e+06,3.8867e+06,0
0,18,sync__,GPU,3.8867e+06,3.8867e+06,0
0,18,residual_2,GPU,3.8867e+06,3.88673e+06,21.9952
0,19,MoE_decoder_19,GPU,3.88673e+06,4.00829e+06,121560
0,19,input_layer_norm,GPU,3.88673e+06,3.88675e+06,21.9952
0,19,attention,GPU,3.88675e+06,3.89805e+06,11304.2
0,19,attn_qkv_proj,GPU,3.88675e+06,3.89052e+06,3767.29
0,19,Linear,GPU,3.88675e+06,3.89052e+06,3767.29
0,19,self_attention,GPU,3.89052e+06,3.89068e+06,167.476
0,19,AttentionSplit,GPU,3.89052e+06,3.89052e+06,0
0,19,AttentionSum,GPU,3.89052e+06,3.89052e+06,0
0,19,AttentionGen,GPU,3.89052e+06,3.89068e+06,167.476
0,19,AttentionMerge,GPU,3.89068e+06,3.89068e+06,0
0,19,attn_o_proj,GPU,3.89068e+06,3.8932e+06,2514.79
0,19,Linear,GPU,3.89068e+06,3.8932e+06,2514.79
0,19,all_reduce,GPU,3.8932e+06,3.89805e+06,4854.61
0,19,residual_1,GPU,3.89805e+06,3.89807e+06,21.9952
0,19,post_attn_layer_norm,GPU,3.89807e+06,3.8981e+06,21.9952
0,19,expertFFN,GPU,3.8981e+06,4.00826e+06,110168
0,19,sync_0,GPU,3.8981e+06,3.8981e+06,0
0,19,sync__set,GPU,3.8981e+06,3.8981e+06,0
0,19,sync__,GPU,3.8981e+06,3.8981e+06,0
0,19,gate_fn,GPU,3.8981e+06,3.89813e+06,29.3461
0,19,Linear,GPU,3.8981e+06,3.89813e+06,29.3461
0,19,gate_update,GPU,3.89813e+06,3.89813e+06,0
0,19,moe_scatter,GPU,3.89813e+06,3.89813e+06,0
0,19,sync_for_moe_scatter,GPU,3.89813e+06,3.89813e+06,0
0,19,sync__set,GPU,3.89813e+06,3.89813e+06,0
0,19,sync__,GPU,3.89813e+06,3.89813e+06,0
0,19,moe_route,GPU,3.89813e+06,3.89813e+06,0
0,19,expert_FFN_0,GPU,3.89813e+06,4.00341e+06,105284
0,19,gate_proj,GPU,3.89813e+06,3.93319e+06,35068.9
0,19,Linear,GPU,3.89813e+06,3.93319e+06,35068.9
0,19,activation,GPU,3.93319e+06,3.93327e+06,76.9833
0,19,up_proj,GPU,3.93327e+06,3.96834e+06,35068.9
0,19,Linear,GPU,3.93327e+06,3.96834e+06,35068.9
0,19,down_proj,GPU,3.96834e+06,4.00341e+06,35068.9
0,19,Linear,GPU,3.96834e+06,4.00341e+06,35068.9
0,19,expert_FFN_1,GPU,4.00341e+06,4.00341e+06,0
0,19,gate_proj,GPU,4.00341e+06,4.00341e+06,0
0,19,Linear,GPU,4.00341e+06,4.00341e+06,0
0,19,activation,GPU,4.00341e+06,4.00341e+06,0
0,19,up_proj,GPU,4.00341e+06,4.00341e+06,0
0,19,Linear,GPU,4.00341e+06,4.00341e+06,0
0,19,down_proj,GPU,4.00341e+06,4.00341e+06,0
0,19,Linear,GPU,4.00341e+06,4.00341e+06,0
0,19,sync_2,GPU,4.00341e+06,4.00341e+06,0
0,19,sync__set,GPU,4.00341e+06,4.00341e+06,0
0,19,sync__,GPU,4.00341e+06,4.00341e+06,0
0,19,moe_all_reduce_for_e_tp,GPU,4.00341e+06,4.00341e+06,0
0,19,sync_3,GPU,4.00341e+06,4.00341e+06,0
0,19,sync__set,GPU,4.00341e+06,4.00341e+06,0
0,19,sync__,GPU,4.00341e+06,4.00341e+06,0
0,19,moe_gather,GPU,4.00341e+06,4.00341e+06,0
0,19,sync_for_moe_gather,GPU,4.00341e+06,4.00341e+06,0
0,19,sync__set,GPU,4.00341e+06,4.00341e+06,0
0,19,sync__,GPU,4.00341e+06,4.00341e+06,0
0,19,moe_all_reduce_for_gather,GPU,4.00341e+06,4.00826e+06,4854.61
0,19,sync_5,GPU,4.00826e+06,4.00826e+06,0
0,19,sync__set,GPU,4.00826e+06,4.00826e+06,0
0,19,sync__,GPU,4.00826e+06,4.00826e+06,0
0,19,sync_6,GPU,4.00826e+06,4.00826e+06,0
0,19,sync__set,GPU,4.00826e+06,4.00826e+06,0
0,19,sync__,GPU,4.00826e+06,4.00826e+06,0
0,19,residual_2,GPU,4.00826e+06,4.00829e+06,21.9952
0,20,MoE_decoder_20,GPU,4.00829e+06,4.23501e+06,226726
0,20,input_layer_norm,GPU,4.00829e+06,4.00831e+06,21.9952
0,20,attention,GPU,4.00831e+06,4.01961e+06,11304.2
0,20,attn_qkv_proj,GPU,4.00831e+06,4.01207e+06,3767.29
0,20,Linear,GPU,4.00831e+06,4.01207e+06,3767.29
0,20,self_attention,GPU,4.01207e+06,4.01224e+06,167.476
0,20,AttentionSplit,GPU,4.01207e+06,4.01207e+06,0
0,20,AttentionSum,GPU,4.01207e+06,4.01207e+06,0
0,20,AttentionGen,GPU,4.01207e+06,4.01224e+06,167.476
0,20,AttentionMerge,GPU,4.01224e+06,4.01224e+06,0
0,20,attn_o_proj,GPU,4.01224e+06,4.01476e+06,2514.79
0,20,Linear,GPU,4.01224e+06,4.01476e+06,2514.79
0,20,all_reduce,GPU,4.01476e+06,4.01961e+06,4854.61
0,20,residual_1,GPU,4.01961e+06,4.01963e+06,21.9952
0,20,post_attn_layer_norm,GPU,4.01963e+06,4.01966e+06,21.9952
0,20,expertFFN,GPU,4.01966e+06,4.23499e+06,215334
0,20,sync_0,GPU,4.01966e+06,4.01966e+06,0
0,20,sync__set,GPU,4.01966e+06,4.01966e+06,0
0,20,sync__,GPU,4.01966e+06,4.01966e+06,0
0,20,gate_fn,GPU,4.01966e+06,4.01969e+06,29.3461
0,20,Linear,GPU,4.01966e+06,4.01969e+06,29.3461
0,20,gate_update,GPU,4.01969e+06,4.01969e+06,0
0,20,moe_scatter,GPU,4.01969e+06,4.01969e+06,0
0,20,sync_for_moe_scatter,GPU,4.01969e+06,4.01969e+06,0
0,20,sync__set,GPU,4.01969e+06,4.01969e+06,0
0,20,sync__,GPU,4.01969e+06,4.01969e+06,0
0,20,moe_route,GPU,4.01969e+06,4.01969e+06,0
0,20,expert_FFN_0,GPU,4.01969e+06,4.01969e+06,0
0,20,gate_proj,GPU,4.01969e+06,4.01969e+06,0
0,20,Linear,GPU,4.01969e+06,4.01969e+06,0
0,20,activation,GPU,4.01969e+06,4.01969e+06,0
0,20,up_proj,GPU,4.01969e+06,4.01969e+06,0
0,20,Linear,GPU,4.01969e+06,4.01969e+06,0
0,20,down_proj,GPU,4.01969e+06,4.01969e+06,0
0,20,Linear,GPU,4.01969e+06,4.01969e+06,0
0,20,expert_FFN_1,GPU,4.01969e+06,4.12485e+06,105167
0,20,gate_proj,GPU,4.01969e+06,4.05473e+06,35046.9
0,20,Linear,GPU,4.01969e+06,4.05473e+06,35046.9
0,20,activation,GPU,4.05473e+06,4.05476e+06,25.6611
0,20,up_proj,GPU,4.05476e+06,4.0898e+06,35046.9
0,20,Linear,GPU,4.05476e+06,4.0898e+06,35046.9
0,20,down_proj,GPU,4.0898e+06,4.12485e+06,35046.9
0,20,Linear,GPU,4.0898e+06,4.12485e+06,35046.9
0,20,sync_2,GPU,4.12485e+06,4.23014e+06,105284
0,20,sync__set,GPU,4.12485e+06,4.12485e+06,0
0,20,sync__,GPU,4.12485e+06,4.23014e+06,105284
0,20,moe_all_reduce_for_e_tp,GPU,4.23014e+06,4.23014e+06,0
0,20,sync_3,GPU,4.23014e+06,4.23014e+06,0
0,20,sync__set,GPU,4.23014e+06,4.23014e+06,0
0,20,sync__,GPU,4.23014e+06,4.23014e+06,0
0,20,moe_gather,GPU,4.23014e+06,4.23014e+06,0
0,20,sync_for_moe_gather,GPU,4.23014e+06,4.23014e+06,0
0,20,sync__set,GPU,4.23014e+06,4.23014e+06,0
0,20,sync__,GPU,4.23014e+06,4.23014e+06,0
0,20,moe_all_reduce_for_gather,GPU,4.23014e+06,4.23499e+06,4854.61
0,20,sync_5,GPU,4.23499e+06,4.23499e+06,0
0,20,sync__set,GPU,4.23499e+06,4.23499e+06,0
0,20,sync__,GPU,4.23499e+06,4.23499e+06,0
0,20,sync_6,GPU,4.23499e+06,4.23499e+06,0
0,20,sync__set,GPU,4.23499e+06,4.23499e+06,0
0,20,sync__,GPU,4.23499e+06,4.23499e+06,0
0,20,residual_2,GPU,4.23499e+06,4.23501e+06,21.9952
0,21,MoE_decoder_21,GPU,4.23501e+06,4.4618e+06,226785
0,21,input_layer_norm,GPU,4.23501e+06,4.23503e+06,21.9952
0,21,attention,GPU,4.23503e+06,4.24634e+06,11304.2
0,21,attn_qkv_proj,GPU,4.23503e+06,4.2388e+06,3767.29
0,21,Linear,GPU,4.23503e+06,4.2388e+06,3767.29
0,21,self_attention,GPU,4.2388e+06,4.23897e+06,167.476
0,21,AttentionSplit,GPU,4.2388e+06,4.2388e+06,0
0,21,AttentionSum,GPU,4.2388e+06,4.2388e+06,0
0,21,AttentionGen,GPU,4.2388e+06,4.23897e+06,167.476
0,21,AttentionMerge,GPU,4.23897e+06,4.23897e+06,0
0,21,attn_o_proj,GPU,4.23897e+06,4.24148e+06,2514.79
0,21,Linear,GPU,4.23897e+06,4.24148e+06,2514.79
0,21,all_reduce,GPU,4.24148e+06,4.24634e+06,4854.61
0,21,residual_1,GPU,4.24634e+06,4.24636e+06,21.9952
0,21,post_attn_layer_norm,GPU,4.24636e+06,4.24638e+06,21.9952
0,21,expertFFN,GPU,4.24638e+06,4.46178e+06,215393
0,21,sync_0,GPU,4.24638e+06,4.24638e+06,0
0,21,sync__set,GPU,4.24638e+06,4.24638e+06,0
0,21,sync__,GPU,4.24638e+06,4.24638e+06,0
0,21,gate_fn,GPU,4.24638e+06,4.24641e+06,29.3461
0,21,Linear,GPU,4.24638e+06,4.24641e+06,29.3461
0,21,gate_update,GPU,4.24641e+06,4.24641e+06,0
0,21,moe_scatter,GPU,4.24641e+06,4.24641e+06,0
0,21,sync_for_moe_scatter,GPU,4.24641e+06,4.24641e+06,0
0,21,sync__set,GPU,4.24641e+06,4.24641e+06,0
0,21,sync__,GPU,4.24641e+06,4.24641e+06,0
0,21,moe_route,GPU,4.24641e+06,4.24641e+06,0
0,21,expert_FFN_0,GPU,4.24641e+06,4.35158e+06,105167
0,21,gate_proj,GPU,4.24641e+06,4.28146e+06,35046.9
0,21,Linear,GPU,4.24641e+06,4.28146e+06,35046.9
0,21,activation,GPU,4.28146e+06,4.28148e+06,25.6611
0,21,up_proj,GPU,4.28148e+06,4.31653e+06,35046.9
0,21,Linear,GPU,4.28148e+06,4.31653e+06,35046.9
0,21,down_proj,GPU,4.31653e+06,4.35158e+06,35046.9
0,21,Linear,GPU,4.31653e+06,4.35158e+06,35046.9
0,21,expert_FFN_1,GPU,4.35158e+06,4.35158e+06,0
0,21,gate_proj,GPU,4.35158e+06,4.35158e+06,0
0,21,Linear,GPU,4.35158e+06,4.35158e+06,0
0,21,activation,GPU,4.35158e+06,4.35158e+06,0
0,21,up_proj,GPU,4.35158e+06,4.35158e+06,0
0,21,Linear,GPU,4.35158e+06,4.35158e+06,0
0,21,down_proj,GPU,4.35158e+06,4.35158e+06,0
0,21,Linear,GPU,4.35158e+06,4.35158e+06,0
0,21,sync_2,GPU,4.35158e+06,4.45692e+06,105342
0,21,sync__set,GPU,4.35158e+06,4.35158e+06,0
0,21,sync__,GPU,4.35158e+06,4.45692e+06,105342
0,21,moe_all_reduce_for_e_tp,GPU,4.45692e+06,4.45692e+06,0
0,21,sync_3,GPU,4.45692e+06,4.45692e+06,0
0,21,sync__set,GPU,4.45692e+06,4.45692e+06,0
0,21,sync__,GPU,4.45692e+06,4.45692e+06,0
0,21,moe_gather,GPU,4.45692e+06,4.45692e+06,0
0,21,sync_for_moe_gather,GPU,4.45692e+06,4.45692e+06,0
0,21,sync__set,GPU,4.45692e+06,4.45692e+06,0
0,21,sync__,GPU,4.45692e+06,4.45692e+06,0
0,21,moe_all_reduce_for_gather,GPU,4.45692e+06,4.46178e+06,4854.61
0,21,sync_5,GPU,4.46178e+06,4.46178e+06,0
0,21,sync__set,GPU,4.46178e+06,4.46178e+06,0
0,21,sync__,GPU,4.46178e+06,4.46178e+06,0
0,21,sync_6,GPU,4.46178e+06,4.46178e+06,0
0,21,sync__set,GPU,4.46178e+06,4.46178e+06,0
0,21,sync__,GPU,4.46178e+06,4.46178e+06,0
0,21,residual_2,GPU,4.46178e+06,4.4618e+06,21.9952
0,22,MoE_decoder_22,GPU,4.4618e+06,4.68846e+06,226668
0,22,input_layer_norm,GPU,4.4618e+06,4.46182e+06,21.9952
0,22,attention,GPU,4.46182e+06,4.47312e+06,11304.2
0,22,attn_qkv_proj,GPU,4.46182e+06,4.46559e+06,3767.29
0,22,Linear,GPU,4.46182e+06,4.46559e+06,3767.29
0,22,self_attention,GPU,4.46559e+06,4.46575e+06,167.476
0,22,AttentionSplit,GPU,4.46559e+06,4.46559e+06,0
0,22,AttentionSum,GPU,4.46559e+06,4.46559e+06,0
0,22,AttentionGen,GPU,4.46559e+06,4.46575e+06,167.476
0,22,AttentionMerge,GPU,4.46575e+06,4.46575e+06,0
0,22,attn_o_proj,GPU,4.46575e+06,4.46827e+06,2514.79
0,22,Linear,GPU,4.46575e+06,4.46827e+06,2514.79
0,22,all_reduce,GPU,4.46827e+06,4.47312e+06,4854.61
0,22,residual_1,GPU,4.47312e+06,4.47315e+06,21.9952
0,22,post_attn_layer_norm,GPU,4.47315e+06,4.47317e+06,21.9952
0,22,expertFFN,GPU,4.47317e+06,4.68844e+06,215276
0,22,sync_0,GPU,4.47317e+06,4.47317e+06,0
0,22,sync__set,GPU,4.47317e+06,4.47317e+06,0
0,22,sync__,GPU,4.47317e+06,4.47317e+06,0
0,22,gate_fn,GPU,4.47317e+06,4.4732e+06,29.3461
0,22,Linear,GPU,4.47317e+06,4.4732e+06,29.3461
0,22,gate_update,GPU,4.4732e+06,4.4732e+06,0
0,22,moe_scatter,GPU,4.4732e+06,4.4732e+06,0
0,22,sync_for_moe_scatter,GPU,4.4732e+06,4.4732e+06,0
0,22,sync__set,GPU,4.4732e+06,4.4732e+06,0
0,22,sync__,GPU,4.4732e+06,4.4732e+06,0
0,22,moe_route,GPU,4.4732e+06,4.4732e+06,0
0,22,expert_FFN_0,GPU,4.4732e+06,4.4732e+06,0
0,22,gate_proj,GPU,4.4732e+06,4.4732e+06,0
0,22,Linear,GPU,4.4732e+06,4.4732e+06,0
0,22,activation,GPU,4.4732e+06,4.4732e+06,0
0,22,up_proj,GPU,4.4732e+06,4.4732e+06,0
0,22,Linear,GPU,4.4732e+06,4.4732e+06,0
0,22,down_proj,GPU,4.4732e+06,4.4732e+06,0
0,22,Linear,GPU,4.4732e+06,4.4732e+06,0
0,22,expert_FFN_1,GPU,4.4732e+06,4.57842e+06,105225
0,22,gate_proj,GPU,4.4732e+06,4.50825e+06,35057.9
0,22,Linear,GPU,4.4732e+06,4.50825e+06,35057.9
0,22,activation,GPU,4.50825e+06,4.50831e+06,51.3222
0,22,up_proj,GPU,4.50831e+06,4.54336e+06,35057.9
0,22,Linear,GPU,4.50831e+06,4.54336e+06,35057.9
0,22,down_proj,GPU,4.54336e+06,4.57842e+06,35057.9
0,22,Linear,GPU,4.54336e+06,4.57842e+06,35057.9
0,22,sync_2,GPU,4.57842e+06,4.68359e+06,105167
0,22,sync__set,GPU,4.57842e+06,4.57842e+06,0
0,22,sync__,GPU,4.57842e+06,4.68359e+06,105167
0,22,moe_all_reduce_for_e_tp,GPU,4.68359e+06,4.68359e+06,0
0,22,sync_3,GPU,4.68359e+06,4.68359e+06,0
0,22,sync__set,GPU,4.68359e+06,4.68359e+06,0
0,22,sync__,GPU,4.68359e+06,4.68359e+06,0
0,22,moe_gather,GPU,4.68359e+06,4.68359e+06,0
0,22,sync_for_moe_gather,GPU,4.68359e+06,4.68359e+06,0
0,22,sync__set,GPU,4.68359e+06,4.68359e+06,0
0,22,sync__,GPU,4.68359e+06,4.68359e+06,0
0,22,moe_all_reduce_for_gather,GPU,4.68359e+06,4.68844e+06,4854.61
0,22,sync_5,GPU,4.68844e+06,4.68844e+06,0
0,22,sync__set,GPU,4.68844e+06,4.68844e+06,0
0,22,sync__,GPU,4.68844e+06,4.68844e+06,0
0,22,sync_6,GPU,4.68844e+06,4.68844e+06,0
0,22,sync__set,GPU,4.68844e+06,4.68844e+06,0
0,22,sync__,GPU,4.68844e+06,4.68844e+06,0
0,22,residual_2,GPU,4.68844e+06,4.68846e+06,21.9952
0,23,MoE_decoder_23,GPU,4.68846e+06,4.91513e+06,226668
0,23,input_layer_norm,GPU,4.68846e+06,4.68849e+06,21.9952
0,23,attention,GPU,4.68849e+06,4.69979e+06,11304.2
0,23,attn_qkv_proj,GPU,4.68849e+06,4.69225e+06,3767.29
0,23,Linear,GPU,4.68849e+06,4.69225e+06,3767.29
0,23,self_attention,GPU,4.69225e+06,4.69242e+06,167.476
0,23,AttentionSplit,GPU,4.69225e+06,4.69225e+06,0
0,23,AttentionSum,GPU,4.69225e+06,4.69225e+06,0
0,23,AttentionGen,GPU,4.69225e+06,4.69242e+06,167.476
0,23,AttentionMerge,GPU,4.69242e+06,4.69242e+06,0
0,23,attn_o_proj,GPU,4.69242e+06,4.69494e+06,2514.79
0,23,Linear,GPU,4.69242e+06,4.69494e+06,2514.79
0,23,all_reduce,GPU,4.69494e+06,4.69979e+06,4854.61
0,23,residual_1,GPU,4.69979e+06,4.69981e+06,21.9952
0,23,post_attn_layer_norm,GPU,4.69981e+06,4.69984e+06,21.9952
0,23,expertFFN,GPU,4.69984e+06,4.91511e+06,215276
0,23,sync_0,GPU,4.69984e+06,4.69984e+06,0
0,23,sync__set,GPU,4.69984e+06,4.69984e+06,0
0,23,sync__,GPU,4.69984e+06,4.69984e+06,0
0,23,gate_fn,GPU,4.69984e+06,4.69986e+06,29.3461
0,23,Linear,GPU,4.69984e+06,4.69986e+06,29.3461
0,23,gate_update,GPU,4.69986e+06,4.69986e+06,0
0,23,moe_scatter,GPU,4.69986e+06,4.69986e+06,0
0,23,sync_for_moe_scatter,GPU,4.69986e+06,4.69986e+06,0
0,23,sync__set,GPU,4.69986e+06,4.69986e+06,0
0,23,sync__,GPU,4.69986e+06,4.69986e+06,0
0,23,moe_route,GPU,4.69986e+06,4.69986e+06,0
0,23,expert_FFN_0,GPU,4.69986e+06,4.80503e+06,105167
0,23,gate_proj,GPU,4.69986e+06,4.73491e+06,35046.9
0,23,Linear,GPU,4.69986e+06,4.73491e+06,35046.9
0,23,activation,GPU,4.73491e+06,4.73494e+06,25.6611
0,23,up_proj,GPU,4.73494e+06,4.76998e+06,35046.9
0,23,Linear,GPU,4.73494e+06,4.76998e+06,35046.9
0,23,down_proj,GPU,4.76998e+06,4.80503e+06,35046.9
0,23,Linear,GPU,4.76998e+06,4.80503e+06,35046.9
0,23,expert_FFN_1,GPU,4.80503e+06,4.91026e+06,105225
0,23,gate_proj,GPU,4.80503e+06,4.84009e+06,35057.9
0,23,Linear,GPU,4.80503e+06,4.84009e+06,35057.9
0,23,activation,GPU,4.84009e+06,4.84014e+06,51.3222
0,23,up_proj,GPU,4.84014e+06,4.8752e+06,35057.9
0,23,Linear,GPU,4.84014e+06,4.8752e+06,35057.9
0,23,down_proj,GPU,4.8752e+06,4.91026e+06,35057.9
0,23,Linear,GPU,4.8752e+06,4.91026e+06,35057.9
0,23,sync_2,GPU,4.91026e+06,4.91026e+06,0
0,23,sync__set,GPU,4.91026e+06,4.91026e+06,0
0,23,sync__,GPU,4.91026e+06,4.91026e+06,0
0,23,moe_all_reduce_for_e_tp,GPU,4.91026e+06,4.91026e+06,0
0,23,sync_3,GPU,4.91026e+06,4.91026e+06,0
0,23,sync__set,GPU,4.91026e+06,4.91026e+06,0
0,23,sync__,GPU,4.91026e+06,4.91026e+06,0
0,23,moe_gather,GPU,4.91026e+06,4.91026e+06,0
0,23,sync_for_moe_gather,GPU,4.91026e+06,4.91026e+06,0
0,23,sync__set,GPU,4.91026e+06,4.91026e+06,0
0,23,sync__,GPU,4.91026e+06,4.91026e+06,0
0,23,moe_all_reduce_for_gather,GPU,4.91026e+06,4.91511e+06,4854.61
0,23,sync_5,GPU,4.91511e+06,4.91511e+06,0
0,23,sync__set,GPU,4.91511e+06,4.91511e+06,0
0,23,sync__,GPU,4.91511e+06,4.91511e+06,0
0,23,sync_6,GPU,4.91511e+06,4.91511e+06,0
0,23,sync__set,GPU,4.91511e+06,4.91511e+06,0
0,23,sync__,GPU,4.91511e+06,4.91511e+06,0
0,23,residual_2,GPU,4.91511e+06,4.91513e+06,21.9952
0,24,MoE_decoder_24,GPU,4.91513e+06,5.14186e+06,226726
0,24,input_layer_norm,GPU,4.91513e+06,4.91515e+06,21.9952
0,24,attention,GPU,4.91515e+06,4.92646e+06,11304.2
0,24,attn_qkv_proj,GPU,4.91515e+06,4.91892e+06,3767.29
0,24,Linear,GPU,4.91515e+06,4.91892e+06,3767.29
0,24,self_attention,GPU,4.91892e+06,4.91909e+06,167.476
0,24,AttentionSplit,GPU,4.91892e+06,4.91892e+06,0
0,24,AttentionSum,GPU,4.91892e+06,4.91892e+06,0
0,24,AttentionGen,GPU,4.91892e+06,4.91909e+06,167.476
0,24,AttentionMerge,GPU,4.91909e+06,4.91909e+06,0
0,24,attn_o_proj,GPU,4.91909e+06,4.9216e+06,2514.79
0,24,Linear,GPU,4.91909e+06,4.9216e+06,2514.79
0,24,all_reduce,GPU,4.9216e+06,4.92646e+06,4854.61
0,24,residual_1,GPU,4.92646e+06,4.92648e+06,21.9952
0,24,post_attn_layer_norm,GPU,4.92648e+06,4.9265e+06,21.9952
0,24,expertFFN,GPU,4.9265e+06,5.14184e+06,215334
0,24,sync_0,GPU,4.9265e+06,4.9265e+06,0
0,24,sync__set,GPU,4.9265e+06,4.9265e+06,0
0,24,sync__,GPU,4.9265e+06,4.9265e+06,0
0,24,gate_fn,GPU,4.9265e+06,4.92653e+06,29.3461
0,24,Linear,GPU,4.9265e+06,4.92653e+06,29.3461
0,24,gate_update,GPU,4.92653e+06,4.92653e+06,0
0,24,moe_scatter,GPU,4.92653e+06,4.92653e+06,0
0,24,sync_for_moe_scatter,GPU,4.92653e+06,4.92653e+06,0
0,24,sync__set,GPU,4.92653e+06,4.92653e+06,0
0,24,sync__,GPU,4.92653e+06,4.92653e+06,0
0,24,moe_route,GPU,4.92653e+06,4.92653e+06,0
0,24,expert_FFN_0,GPU,4.92653e+06,5.0317e+06,105167
0,24,gate_proj,GPU,4.92653e+06,4.96158e+06,35046.9
0,24,Linear,GPU,4.92653e+06,4.96158e+06,35046.9
0,24,activation,GPU,4.96158e+06,4.9616e+06,25.6611
0,24,up_proj,GPU,4.9616e+06,4.99665e+06,35046.9
0,24,Linear,GPU,4.9616e+06,4.99665e+06,35046.9
0,24,down_proj,GPU,4.99665e+06,5.0317e+06,35046.9
0,24,Linear,GPU,4.99665e+06,5.0317e+06,35046.9
0,24,expert_FFN_1,GPU,5.0317e+06,5.0317e+06,0
0,24,gate_proj,GPU,5.0317e+06,5.0317e+06,0
0,24,Linear,GPU,5.0317e+06,5.0317e+06,0
0,24,activation,GPU,5.0317e+06,5.0317e+06,0
0,24,up_proj,GPU,5.0317e+06,5.0317e+06,0
0,24,Linear,GPU,5.0317e+06,5.0317e+06,0
0,24,down_proj,GPU,5.0317e+06,5.0317e+06,0
0,24,Linear,GPU,5.0317e+06,5.0317e+06,0
0,24,sync_2,GPU,5.0317e+06,5.13698e+06,105284
0,24,sync__set,GPU,5.0317e+06,5.0317e+06,0
0,24,sync__,GPU,5.0317e+06,5.13698e+06,105284
0,24,moe_all_reduce_for_e_tp,GPU,5.13698e+06,5.13698e+06,0
0,24,sync_3,GPU,5.13698e+06,5.13698e+06,0
0,24,sync__set,GPU,5.13698e+06,5.13698e+06,0
0,24,sync__,GPU,5.13698e+06,5.13698e+06,0
0,24,moe_gather,GPU,5.13698e+06,5.13698e+06,0
0,24,sync_for_moe_gather,GPU,5.13698e+06,5.13698e+06,0
0,24,sync__set,GPU,5.13698e+06,5.13698e+06,0
0,24,sync__,GPU,5.13698e+06,5.13698e+06,0
0,24,moe_all_reduce_for_gather,GPU,5.13698e+06,5.14184e+06,4854.61
0,24,sync_5,GPU,5.14184e+06,5.14184e+06,0
0,24,sync__set,GPU,5.14184e+06,5.14184e+06,0
0,24,sync__,GPU,5.14184e+06,5.14184e+06,0
0,24,sync_6,GPU,5.14184e+06,5.14184e+06,0
0,24,sync__set,GPU,5.14184e+06,5.14184e+06,0
0,24,sync__,GPU,5.14184e+06,5.14184e+06,0
0,24,residual_2,GPU,5.14184e+06,5.14186e+06,21.9952
0,25,MoE_decoder_25,GPU,5.14186e+06,5.36853e+06,226668
0,25,input_layer_norm,GPU,5.14186e+06,5.14188e+06,21.9952
0,25,attention,GPU,5.14188e+06,5.15319e+06,11304.2
0,25,attn_qkv_proj,GPU,5.14188e+06,5.14565e+06,3767.29
0,25,Linear,GPU,5.14188e+06,5.14565e+06,3767.29
0,25,self_attention,GPU,5.14565e+06,5.14582e+06,167.476
0,25,AttentionSplit,GPU,5.14565e+06,5.14565e+06,0
0,25,AttentionSum,GPU,5.14565e+06,5.14565e+06,0
0,25,AttentionGen,GPU,5.14565e+06,5.14582e+06,167.476
0,25,AttentionMerge,GPU,5.14582e+06,5.14582e+06,0
0,25,attn_o_proj,GPU,5.14582e+06,5.14833e+06,2514.79
0,25,Linear,GPU,5.14582e+06,5.14833e+06,2514.79
0,25,all_reduce,GPU,5.14833e+06,5.15319e+06,4854.61
0,25,residual_1,GPU,5.15319e+06,5.15321e+06,21.9952
0,25,post_attn_layer_norm,GPU,5.15321e+06,5.15323e+06,21.9952
0,25,expertFFN,GPU,5.15323e+06,5.3685e+06,215276
0,25,sync_0,GPU,5.15323e+06,5.15323e+06,0
0,25,sync__set,GPU,5.15323e+06,5.15323e+06,0
0,25,sync__,GPU,5.15323e+06,5.15323e+06,0
0,25,gate_fn,GPU,5.15323e+06,5.15326e+06,29.3461
0,25,Linear,GPU,5.15323e+06,5.15326e+06,29.3461
0,25,gate_update,GPU,5.15326e+06,5.15326e+06,0
0,25,moe_scatter,GPU,5.15326e+06,5.15326e+06,0
0,25,sync_for_moe_scatter,GPU,5.15326e+06,5.15326e+06,0
0,25,sync__set,GPU,5.15326e+06,5.15326e+06,0
0,25,sync__,GPU,5.15326e+06,5.15326e+06,0
0,25,moe_route,GPU,5.15326e+06,5.15326e+06,0
0,25,expert_FFN_0,GPU,5.15326e+06,5.25843e+06,105167
0,25,gate_proj,GPU,5.15326e+06,5.18831e+06,35046.9
0,25,Linear,GPU,5.15326e+06,5.18831e+06,35046.9
0,25,activation,GPU,5.18831e+06,5.18833e+06,25.6611
0,25,up_proj,GPU,5.18833e+06,5.22338e+06,35046.9
0,25,Linear,GPU,5.18833e+06,5.22338e+06,35046.9
0,25,down_proj,GPU,5.22338e+06,5.25843e+06,35046.9
0,25,Linear,GPU,5.22338e+06,5.25843e+06,35046.9
0,25,expert_FFN_1,GPU,5.25843e+06,5.36359e+06,105167
0,25,gate_proj,GPU,5.25843e+06,5.29347e+06,35046.9
0,25,Linear,GPU,5.25843e+06,5.29347e+06,35046.9
0,25,activation,GPU,5.29347e+06,5.2935e+06,25.6611
0,25,up_proj,GPU,5.2935e+06,5.32854e+06,35046.9
0,25,Linear,GPU,5.2935e+06,5.32854e+06,35046.9
0,25,down_proj,GPU,5.32854e+06,5.36359e+06,35046.9
0,25,Linear,GPU,5.32854e+06,5.36359e+06,35046.9
0,25,sync_2,GPU,5.36359e+06,5.36365e+06,58.6539
0,25,sync__set,GPU,5.36359e+06,5.36359e+06,0
0,25,sync__,GPU,5.36359e+06,5.36365e+06,58.6539
0,25,moe_all_reduce_for_e_tp,GPU,5.36365e+06,5.36365e+06,0
0,25,sync_3,GPU,5.36365e+06,5.36365e+06,0
0,25,sync__set,GPU,5.36365e+06,5.36365e+06,0
0,25,sync__,GPU,5.36365e+06,5.36365e+06,0
0,25,moe_gather,GPU,5.36365e+06,5.36365e+06,0
0,25,sync_for_moe_gather,GPU,5.36365e+06,5.36365e+06,0
0,25,sync__set,GPU,5.36365e+06,5.36365e+06,0
0,25,sync__,GPU,5.36365e+06,5.36365e+06,0
0,25,moe_all_reduce_for_gather,GPU,5.36365e+06,5.3685e+06,4854.61
0,25,sync_5,GPU,5.3685e+06,5.3685e+06,0
0,25,sync__set,GPU,5.3685e+06,5.3685e+06,0
0,25,sync__,GPU,5.3685e+06,5.3685e+06,0
0,25,sync_6,GPU,5.3685e+06,5.3685e+06,0
0,25,sync__set,GPU,5.3685e+06,5.3685e+06,0
0,25,sync__,GPU,5.3685e+06,5.3685e+06,0
0,25,residual_2,GPU,5.3685e+06,5.36853e+06,21.9952
0,26,MoE_decoder_26,GPU,5.36853e+06,5.59519e+06,226668
0,26,input_layer_norm,GPU,5.36853e+06,5.36855e+06,21.9952
0,26,attention,GPU,5.36855e+06,5.37985e+06,11304.2
0,26,attn_qkv_proj,GPU,5.36855e+06,5.37232e+06,3767.29
0,26,Linear,GPU,5.36855e+06,5.37232e+06,3767.29
0,26,self_attention,GPU,5.37232e+06,5.37248e+06,167.476
0,26,AttentionSplit,GPU,5.37232e+06,5.37232e+06,0
0,26,AttentionSum,GPU,5.37232e+06,5.37232e+06,0
0,26,AttentionGen,GPU,5.37232e+06,5.37248e+06,167.476
0,26,AttentionMerge,GPU,5.37248e+06,5.37248e+06,0
0,26,attn_o_proj,GPU,5.37248e+06,5.375e+06,2514.79
0,26,Linear,GPU,5.37248e+06,5.375e+06,2514.79
0,26,all_reduce,GPU,5.375e+06,5.37985e+06,4854.61
0,26,residual_1,GPU,5.37985e+06,5.37988e+06,21.9952
0,26,post_attn_layer_norm,GPU,5.37988e+06,5.3799e+06,21.9952
0,26,expertFFN,GPU,5.3799e+06,5.59517e+06,215276
0,26,sync_0,GPU,5.3799e+06,5.3799e+06,0
0,26,sync__set,GPU,5.3799e+06,5.3799e+06,0
0,26,sync__,GPU,5.3799e+06,5.3799e+06,0
0,26,gate_fn,GPU,5.3799e+06,5.37993e+06,29.3461
0,26,Linear,GPU,5.3799e+06,5.37993e+06,29.3461
0,26,gate_update,GPU,5.37993e+06,5.37993e+06,0
0,26,moe_scatter,GPU,5.37993e+06,5.37993e+06,0
0,26,sync_for_moe_scatter,GPU,5.37993e+06,5.37993e+06,0
0,26,sync__set,GPU,5.37993e+06,5.37993e+06,0
0,26,sync__,GPU,5.37993e+06,5.37993e+06,0
0,26,moe_route,GPU,5.37993e+06,5.37993e+06,0
0,26,expert_FFN_0,GPU,5.37993e+06,5.37993e+06,0
0,26,gate_proj,GPU,5.37993e+06,5.37993e+06,0
0,26,Linear,GPU,5.37993e+06,5.37993e+06,0
0,26,activation,GPU,5.37993e+06,5.37993e+06,0
0,26,up_proj,GPU,5.37993e+06,5.37993e+06,0
0,26,Linear,GPU,5.37993e+06,5.37993e+06,0
0,26,down_proj,GPU,5.37993e+06,5.37993e+06,0
0,26,Linear,GPU,5.37993e+06,5.37993e+06,0
0,26,expert_FFN_1,GPU,5.37993e+06,5.37993e+06,0
0,26,gate_proj,GPU,5.37993e+06,5.37993e+06,0
0,26,Linear,GPU,5.37993e+06,5.37993e+06,0
0,26,activation,GPU,5.37993e+06,5.37993e+06,0
0,26,up_proj,GPU,5.37993e+06,5.37993e+06,0
0,26,Linear,GPU,5.37993e+06,5.37993e+06,0
0,26,down_proj,GPU,5.37993e+06,5.37993e+06,0
0,26,Linear,GPU,5.37993e+06,5.37993e+06,0
0,26,sync_2,GPU,5.37993e+06,5.59032e+06,210392
0,26,sync__set,GPU,5.37993e+06,5.37993e+06,0
0,26,sync__,GPU,5.37993e+06,5.59032e+06,210392
0,26,moe_all_reduce_for_e_tp,GPU,5.59032e+06,5.59032e+06,0
0,26,sync_3,GPU,5.59032e+06,5.59032e+06,0
0,26,sync__set,GPU,5.59032e+06,5.59032e+06,0
0,26,sync__,GPU,5.59032e+06,5.59032e+06,0
0,26,moe_gather,GPU,5.59032e+06,5.59032e+06,0
0,26,sync_for_moe_gather,GPU,5.59032e+06,5.59032e+06,0
0,26,sync__set,GPU,5.59032e+06,5.59032e+06,0
0,26,sync__,GPU,5.59032e+06,5.59032e+06,0
0,26,moe_all_reduce_for_gather,GPU,5.59032e+06,5.59517e+06,4854.61
0,26,sync_5,GPU,5.59517e+06,5.59517e+06,0
0,26,sync__set,GPU,5.59517e+06,5.59517e+06,0
0,26,sync__,GPU,5.59517e+06,5.59517e+06,0
0,26,sync_6,GPU,5.59517e+06,5.59517e+06,0
0,26,sync__set,GPU,5.59517e+06,5.59517e+06,0
0,26,sync__,GPU,5.59517e+06,5.59517e+06,0
0,26,residual_2,GPU,5.59517e+06,5.59519e+06,21.9952
0,27,MoE_decoder_27,GPU,5.59519e+06,5.8218e+06,226609
0,27,input_layer_norm,GPU,5.59519e+06,5.59522e+06,21.9952
0,27,attention,GPU,5.59522e+06,5.60652e+06,11304.2
0,27,attn_qkv_proj,GPU,5.59522e+06,5.59898e+06,3767.29
0,27,Linear,GPU,5.59522e+06,5.59898e+06,3767.29
0,27,self_attention,GPU,5.59898e+06,5.59915e+06,167.476
0,27,AttentionSplit,GPU,5.59898e+06,5.59898e+06,0
0,27,AttentionSum,GPU,5.59898e+06,5.59898e+06,0
0,27,AttentionGen,GPU,5.59898e+06,5.59915e+06,167.476
0,27,AttentionMerge,GPU,5.59915e+06,5.59915e+06,0
0,27,attn_o_proj,GPU,5.59915e+06,5.60167e+06,2514.79
0,27,Linear,GPU,5.59915e+06,5.60167e+06,2514.79
0,27,all_reduce,GPU,5.60167e+06,5.60652e+06,4854.61
0,27,residual_1,GPU,5.60652e+06,5.60654e+06,21.9952
0,27,post_attn_layer_norm,GPU,5.60654e+06,5.60656e+06,21.9952
0,27,expertFFN,GPU,5.60656e+06,5.82178e+06,215217
0,27,sync_0,GPU,5.60656e+06,5.60656e+06,0
0,27,sync__set,GPU,5.60656e+06,5.60656e+06,0
0,27,sync__,GPU,5.60656e+06,5.60656e+06,0
0,27,gate_fn,GPU,5.60656e+06,5.60659e+06,29.3461
0,27,Linear,GPU,5.60656e+06,5.60659e+06,29.3461
0,27,gate_update,GPU,5.60659e+06,5.60659e+06,0
0,27,moe_scatter,GPU,5.60659e+06,5.60659e+06,0
0,27,sync_for_moe_scatter,GPU,5.60659e+06,5.60659e+06,0
0,27,sync__set,GPU,5.60659e+06,5.60659e+06,0
0,27,sync__,GPU,5.60659e+06,5.60659e+06,0
0,27,moe_route,GPU,5.60659e+06,5.60659e+06,0
0,27,expert_FFN_0,GPU,5.60659e+06,5.71176e+06,105167
0,27,gate_proj,GPU,5.60659e+06,5.64164e+06,35046.9
0,27,Linear,GPU,5.60659e+06,5.64164e+06,35046.9
0,27,activation,GPU,5.64164e+06,5.64167e+06,25.6611
0,27,up_proj,GPU,5.64167e+06,5.67671e+06,35046.9
0,27,Linear,GPU,5.64167e+06,5.67671e+06,35046.9
0,27,down_proj,GPU,5.67671e+06,5.71176e+06,35046.9
0,27,Linear,GPU,5.67671e+06,5.71176e+06,35046.9
0,27,expert_FFN_1,GPU,5.71176e+06,5.71176e+06,0
0,27,gate_proj,GPU,5.71176e+06,5.71176e+06,0
0,27,Linear,GPU,5.71176e+06,5.71176e+06,0
0,27,activation,GPU,5.71176e+06,5.71176e+06,0
0,27,up_proj,GPU,5.71176e+06,5.71176e+06,0
0,27,Linear,GPU,5.71176e+06,5.71176e+06,0
0,27,down_proj,GPU,5.71176e+06,5.71176e+06,0
0,27,Linear,GPU,5.71176e+06,5.71176e+06,0
0,27,sync_2,GPU,5.71176e+06,5.81693e+06,105167
0,27,sync__set,GPU,5.71176e+06,5.71176e+06,0
0,27,sync__,GPU,5.71176e+06,5.81693e+06,105167
0,27,moe_all_reduce_for_e_tp,GPU,5.81693e+06,5.81693e+06,0
0,27,sync_3,GPU,5.81693e+06,5.81693e+06,0
0,27,sync__set,GPU,5.81693e+06,5.81693e+06,0
0,27,sync__,GPU,5.81693e+06,5.81693e+06,0
0,27,moe_gather,GPU,5.81693e+06,5.81693e+06,0
0,27,sync_for_moe_gather,GPU,5.81693e+06,5.81693e+06,0
0,27,sync__set,GPU,5.81693e+06,5.81693e+06,0
0,27,sync__,GPU,5.81693e+06,5.81693e+06,0
0,27,moe_all_reduce_for_gather,GPU,5.81693e+06,5.82178e+06,4854.61
0,27,sync_5,GPU,5.82178e+06,5.82178e+06,0
0,27,sync__set,GPU,5.82178e+06,5.82178e+06,0
0,27,sync__,GPU,5.82178e+06,5.82178e+06,0
0,27,sync_6,GPU,5.82178e+06,5.82178e+06,0
0,27,sync__set,GPU,5.82178e+06,5.82178e+06,0
0,27,sync__,GPU,5.82178e+06,5.82178e+06,0
0,27,residual_2,GPU,5.82178e+06,5.8218e+06,21.9952
0,28,MoE_decoder_28,GPU,5.8218e+06,6.04847e+06,226668
0,28,input_layer_norm,GPU,5.8218e+06,5.82183e+06,21.9952
0,28,attention,GPU,5.82183e+06,5.83313e+06,11304.2
0,28,attn_qkv_proj,GPU,5.82183e+06,5.82559e+06,3767.29
0,28,Linear,GPU,5.82183e+06,5.82559e+06,3767.29
0,28,self_attention,GPU,5.82559e+06,5.82576e+06,167.476
0,28,AttentionSplit,GPU,5.82559e+06,5.82559e+06,0
0,28,AttentionSum,GPU,5.82559e+06,5.82559e+06,0
0,28,AttentionGen,GPU,5.82559e+06,5.82576e+06,167.476
0,28,AttentionMerge,GPU,5.82576e+06,5.82576e+06,0
0,28,attn_o_proj,GPU,5.82576e+06,5.82828e+06,2514.79
0,28,Linear,GPU,5.82576e+06,5.82828e+06,2514.79
0,28,all_reduce,GPU,5.82828e+06,5.83313e+06,4854.61
0,28,residual_1,GPU,5.83313e+06,5.83315e+06,21.9952
0,28,post_attn_layer_norm,GPU,5.83315e+06,5.83317e+06,21.9952
0,28,expertFFN,GPU,5.83317e+06,6.04845e+06,215276
0,28,sync_0,GPU,5.83317e+06,5.83317e+06,0
0,28,sync__set,GPU,5.83317e+06,5.83317e+06,0
0,28,sync__,GPU,5.83317e+06,5.83317e+06,0
0,28,gate_fn,GPU,5.83317e+06,5.8332e+06,29.3461
0,28,Linear,GPU,5.83317e+06,5.8332e+06,29.3461
0,28,gate_update,GPU,5.8332e+06,5.8332e+06,0
0,28,moe_scatter,GPU,5.8332e+06,5.8332e+06,0
0,28,sync_for_moe_scatter,GPU,5.8332e+06,5.8332e+06,0
0,28,sync__set,GPU,5.8332e+06,5.8332e+06,0
0,28,sync__,GPU,5.8332e+06,5.8332e+06,0
0,28,moe_route,GPU,5.8332e+06,5.8332e+06,0
0,28,expert_FFN_0,GPU,5.8332e+06,5.93837e+06,105167
0,28,gate_proj,GPU,5.8332e+06,5.86825e+06,35046.9
0,28,Linear,GPU,5.8332e+06,5.86825e+06,35046.9
0,28,activation,GPU,5.86825e+06,5.86828e+06,25.6611
0,28,up_proj,GPU,5.86828e+06,5.90332e+06,35046.9
0,28,Linear,GPU,5.86828e+06,5.90332e+06,35046.9
0,28,down_proj,GPU,5.90332e+06,5.93837e+06,35046.9
0,28,Linear,GPU,5.90332e+06,5.93837e+06,35046.9
0,28,expert_FFN_1,GPU,5.93837e+06,6.0436e+06,105225
0,28,gate_proj,GPU,5.93837e+06,5.97343e+06,35057.9
0,28,Linear,GPU,5.93837e+06,5.97343e+06,35057.9
0,28,activation,GPU,5.97343e+06,5.97348e+06,51.3222
0,28,up_proj,GPU,5.97348e+06,6.00854e+06,35057.9
0,28,Linear,GPU,5.97348e+06,6.00854e+06,35057.9
0,28,down_proj,GPU,6.00854e+06,6.0436e+06,35057.9
0,28,Linear,GPU,6.00854e+06,6.0436e+06,35057.9
0,28,sync_2,GPU,6.0436e+06,6.0436e+06,0
0,28,sync__set,GPU,6.0436e+06,6.0436e+06,0
0,28,sync__,GPU,6.0436e+06,6.0436e+06,0
0,28,moe_all_reduce_for_e_tp,GPU,6.0436e+06,6.0436e+06,0
0,28,sync_3,GPU,6.0436e+06,6.0436e+06,0
0,28,sync__set,GPU,6.0436e+06,6.0436e+06,0
0,28,sync__,GPU,6.0436e+06,6.0436e+06,0
0,28,moe_gather,GPU,6.0436e+06,6.0436e+06,0
0,28,sync_for_moe_gather,GPU,6.0436e+06,6.0436e+06,0
0,28,sync__set,GPU,6.0436e+06,6.0436e+06,0
0,28,sync__,GPU,6.0436e+06,6.0436e+06,0
0,28,moe_all_reduce_for_gather,GPU,6.0436e+06,6.04845e+06,4854.61
0,28,sync_5,GPU,6.04845e+06,6.04845e+06,0
0,28,sync__set,GPU,6.04845e+06,6.04845e+06,0
0,28,sync__,GPU,6.04845e+06,6.04845e+06,0
0,28,sync_6,GPU,6.04845e+06,6.04845e+06,0
0,28,sync__set,GPU,6.04845e+06,6.04845e+06,0
0,28,sync__,GPU,6.04845e+06,6.04845e+06,0
0,28,residual_2,GPU,6.04845e+06,6.04847e+06,21.9952
0,29,MoE_decoder_29,GPU,6.04847e+06,6.27526e+06,226785
0,29,input_layer_norm,GPU,6.04847e+06,6.04849e+06,21.9952
0,29,attention,GPU,6.04849e+06,6.0598e+06,11304.2
0,29,attn_qkv_proj,GPU,6.04849e+06,6.05226e+06,3767.29
0,29,Linear,GPU,6.04849e+06,6.05226e+06,3767.29
0,29,self_attention,GPU,6.05226e+06,6.05243e+06,167.476
0,29,AttentionSplit,GPU,6.05226e+06,6.05226e+06,0
0,29,AttentionSum,GPU,6.05226e+06,6.05226e+06,0
0,29,AttentionGen,GPU,6.05226e+06,6.05243e+06,167.476
0,29,AttentionMerge,GPU,6.05243e+06,6.05243e+06,0
0,29,attn_o_proj,GPU,6.05243e+06,6.05494e+06,2514.79
0,29,Linear,GPU,6.05243e+06,6.05494e+06,2514.79
0,29,all_reduce,GPU,6.05494e+06,6.0598e+06,4854.61
0,29,residual_1,GPU,6.0598e+06,6.05982e+06,21.9952
0,29,post_attn_layer_norm,GPU,6.05982e+06,6.05984e+06,21.9952
0,29,expertFFN,GPU,6.05984e+06,6.27523e+06,215393
0,29,sync_0,GPU,6.05984e+06,6.05984e+06,0
0,29,sync__set,GPU,6.05984e+06,6.05984e+06,0
0,29,sync__,GPU,6.05984e+06,6.05984e+06,0
0,29,gate_fn,GPU,6.05984e+06,6.05987e+06,29.3461
0,29,Linear,GPU,6.05984e+06,6.05987e+06,29.3461
0,29,gate_update,GPU,6.05987e+06,6.05987e+06,0
0,29,moe_scatter,GPU,6.05987e+06,6.05987e+06,0
0,29,sync_for_moe_scatter,GPU,6.05987e+06,6.05987e+06,0
0,29,sync__set,GPU,6.05987e+06,6.05987e+06,0
0,29,sync__,GPU,6.05987e+06,6.05987e+06,0
0,29,moe_route,GPU,6.05987e+06,6.05987e+06,0
0,29,expert_FFN_0,GPU,6.05987e+06,6.16504e+06,105167
0,29,gate_proj,GPU,6.05987e+06,6.09492e+06,35046.9
0,29,Linear,GPU,6.05987e+06,6.09492e+06,35046.9
0,29,activation,GPU,6.09492e+06,6.09494e+06,25.6611
0,29,up_proj,GPU,6.09494e+06,6.12999e+06,35046.9
0,29,Linear,GPU,6.09494e+06,6.12999e+06,35046.9
0,29,down_proj,GPU,6.12999e+06,6.16504e+06,35046.9
0,29,Linear,GPU,6.12999e+06,6.16504e+06,35046.9
0,29,expert_FFN_1,GPU,6.16504e+06,6.16504e+06,0
0,29,gate_proj,GPU,6.16504e+06,6.16504e+06,0
0,29,Linear,GPU,6.16504e+06,6.16504e+06,0
0,29,activation,GPU,6.16504e+06,6.16504e+06,0
0,29,up_proj,GPU,6.16504e+06,6.16504e+06,0
0,29,Linear,GPU,6.16504e+06,6.16504e+06,0
0,29,down_proj,GPU,6.16504e+06,6.16504e+06,0
0,29,Linear,GPU,6.16504e+06,6.16504e+06,0
0,29,sync_2,GPU,6.16504e+06,6.27038e+06,105342
0,29,sync__set,GPU,6.16504e+06,6.16504e+06,0
0,29,sync__,GPU,6.16504e+06,6.27038e+06,105342
0,29,moe_all_reduce_for_e_tp,GPU,6.27038e+06,6.27038e+06,0
0,29,sync_3,GPU,6.27038e+06,6.27038e+06,0
0,29,sync__set,GPU,6.27038e+06,6.27038e+06,0
0,29,sync__,GPU,6.27038e+06,6.27038e+06,0
0,29,moe_gather,GPU,6.27038e+06,6.27038e+06,0
0,29,sync_for_moe_gather,GPU,6.27038e+06,6.27038e+06,0
0,29,sync__set,GPU,6.27038e+06,6.27038e+06,0
0,29,sync__,GPU,6.27038e+06,6.27038e+06,0
0,29,moe_all_reduce_for_gather,GPU,6.27038e+06,6.27523e+06,4854.61
0,29,sync_5,GPU,6.27523e+06,6.27523e+06,0
0,29,sync__set,GPU,6.27523e+06,6.27523e+06,0
0,29,sync__,GPU,6.27523e+06,6.27523e+06,0
0,29,sync_6,GPU,6.27523e+06,6.27523e+06,0
0,29,sync__set,GPU,6.27523e+06,6.27523e+06,0
0,29,sync__,GPU,6.27523e+06,6.27523e+06,0
0,29,residual_2,GPU,6.27523e+06,6.27526e+06,21.9952
0,30,MoE_decoder_30,GPU,6.27526e+06,6.50192e+06,226668
0,30,input_layer_norm,GPU,6.27526e+06,6.27528e+06,21.9952
0,30,attention,GPU,6.27528e+06,6.28658e+06,11304.2
0,30,attn_qkv_proj,GPU,6.27528e+06,6.27905e+06,3767.29
0,30,Linear,GPU,6.27528e+06,6.27905e+06,3767.29
0,30,self_attention,GPU,6.27905e+06,6.27921e+06,167.476
0,30,AttentionSplit,GPU,6.27905e+06,6.27905e+06,0
0,30,AttentionSum,GPU,6.27905e+06,6.27905e+06,0
0,30,AttentionGen,GPU,6.27905e+06,6.27921e+06,167.476
0,30,AttentionMerge,GPU,6.27921e+06,6.27921e+06,0
0,30,attn_o_proj,GPU,6.27921e+06,6.28173e+06,2514.79
0,30,Linear,GPU,6.27921e+06,6.28173e+06,2514.79
0,30,all_reduce,GPU,6.28173e+06,6.28658e+06,4854.61
0,30,residual_1,GPU,6.28658e+06,6.2866e+06,21.9952
0,30,post_attn_layer_norm,GPU,6.2866e+06,6.28663e+06,21.9952
0,30,expertFFN,GPU,6.28663e+06,6.5019e+06,215276
0,30,sync_0,GPU,6.28663e+06,6.28663e+06,0
0,30,sync__set,GPU,6.28663e+06,6.28663e+06,0
0,30,sync__,GPU,6.28663e+06,6.28663e+06,0
0,30,gate_fn,GPU,6.28663e+06,6.28666e+06,29.3461
0,30,Linear,GPU,6.28663e+06,6.28666e+06,29.3461
0,30,gate_update,GPU,6.28666e+06,6.28666e+06,0
0,30,moe_scatter,GPU,6.28666e+06,6.28666e+06,0
0,30,sync_for_moe_scatter,GPU,6.28666e+06,6.28666e+06,0
0,30,sync__set,GPU,6.28666e+06,6.28666e+06,0
0,30,sync__,GPU,6.28666e+06,6.28666e+06,0
0,30,moe_route,GPU,6.28666e+06,6.28666e+06,0
0,30,expert_FFN_0,GPU,6.28666e+06,6.39188e+06,105225
0,30,gate_proj,GPU,6.28666e+06,6.32171e+06,35057.9
0,30,Linear,GPU,6.28666e+06,6.32171e+06,35057.9
0,30,activation,GPU,6.32171e+06,6.32177e+06,51.3222
0,30,up_proj,GPU,6.32177e+06,6.35682e+06,35057.9
0,30,Linear,GPU,6.32177e+06,6.35682e+06,35057.9
0,30,down_proj,GPU,6.35682e+06,6.39188e+06,35057.9
0,30,Linear,GPU,6.35682e+06,6.39188e+06,35057.9
0,30,expert_FFN_1,GPU,6.39188e+06,6.49705e+06,105167
0,30,gate_proj,GPU,6.39188e+06,6.42693e+06,35046.9
0,30,Linear,GPU,6.39188e+06,6.42693e+06,35046.9
0,30,activation,GPU,6.42693e+06,6.42695e+06,25.6611
0,30,up_proj,GPU,6.42695e+06,6.462e+06,35046.9
0,30,Linear,GPU,6.42695e+06,6.462e+06,35046.9
0,30,down_proj,GPU,6.462e+06,6.49705e+06,35046.9
0,30,Linear,GPU,6.462e+06,6.49705e+06,35046.9
0,30,sync_2,GPU,6.49705e+06,6.49705e+06,0
0,30,sync__set,GPU,6.49705e+06,6.49705e+06,0
0,30,sync__,GPU,6.49705e+06,6.49705e+06,0
0,30,moe_all_reduce_for_e_tp,GPU,6.49705e+06,6.49705e+06,0
0,30,sync_3,GPU,6.49705e+06,6.49705e+06,0
0,30,sync__set,GPU,6.49705e+06,6.49705e+06,0
0,30,sync__,GPU,6.49705e+06,6.49705e+06,0
0,30,moe_gather,GPU,6.49705e+06,6.49705e+06,0
0,30,sync_for_moe_gather,GPU,6.49705e+06,6.49705e+06,0
0,30,sync__set,GPU,6.49705e+06,6.49705e+06,0
0,30,sync__,GPU,6.49705e+06,6.49705e+06,0
0,30,moe_all_reduce_for_gather,GPU,6.49705e+06,6.5019e+06,4854.61
0,30,sync_5,GPU,6.5019e+06,6.5019e+06,0
0,30,sync__set,GPU,6.5019e+06,6.5019e+06,0
0,30,sync__,GPU,6.5019e+06,6.5019e+06,0
0,30,sync_6,GPU,6.5019e+06,6.5019e+06,0
0,30,sync__set,GPU,6.5019e+06,6.5019e+06,0
0,30,sync__,GPU,6.5019e+06,6.5019e+06,0
0,30,residual_2,GPU,6.5019e+06,6.50192e+06,21.9952
0,31,MoE_decoder_31,GPU,6.50192e+06,6.72859e+06,226668
0,31,input_layer_norm,GPU,6.50192e+06,6.50195e+06,21.9952
0,31,attention,GPU,6.50195e+06,6.51325e+06,11304.2
0,31,attn_qkv_proj,GPU,6.50195e+06,6.50571e+06,3767.29
0,31,Linear,GPU,6.50195e+06,6.50571e+06,3767.29
0,31,self_attention,GPU,6.50571e+06,6.50588e+06,167.476
0,31,AttentionSplit,GPU,6.50571e+06,6.50571e+06,0
0,31,AttentionSum,GPU,6.50571e+06,6.50571e+06,0
0,31,AttentionGen,GPU,6.50571e+06,6.50588e+06,167.476
0,31,AttentionMerge,GPU,6.50588e+06,6.50588e+06,0
0,31,attn_o_proj,GPU,6.50588e+06,6.5084e+06,2514.79
0,31,Linear,GPU,6.50588e+06,6.5084e+06,2514.79
0,31,all_reduce,GPU,6.5084e+06,6.51325e+06,4854.61
0,31,residual_1,GPU,6.51325e+06,6.51327e+06,21.9952
0,31,post_attn_layer_norm,GPU,6.51327e+06,6.51329e+06,21.9952
0,31,expertFFN,GPU,6.51329e+06,6.72857e+06,215276
0,31,sync_0,GPU,6.51329e+06,6.51329e+06,0
0,31,sync__set,GPU,6.51329e+06,6.51329e+06,0
0,31,sync__,GPU,6.51329e+06,6.51329e+06,0
0,31,gate_fn,GPU,6.51329e+06,6.51332e+06,29.3461
0,31,Linear,GPU,6.51329e+06,6.51332e+06,29.3461
0,31,gate_update,GPU,6.51332e+06,6.51332e+06,0
0,31,moe_scatter,GPU,6.51332e+06,6.51332e+06,0
0,31,sync_for_moe_scatter,GPU,6.51332e+06,6.51332e+06,0
0,31,sync__set,GPU,6.51332e+06,6.51332e+06,0
0,31,sync__,GPU,6.51332e+06,6.51332e+06,0
0,31,moe_route,GPU,6.51332e+06,6.51332e+06,0
0,31,expert_FFN_0,GPU,6.51332e+06,6.61855e+06,105225
0,31,gate_proj,GPU,6.51332e+06,6.54838e+06,35057.9
0,31,Linear,GPU,6.51332e+06,6.54838e+06,35057.9
0,31,activation,GPU,6.54838e+06,6.54843e+06,51.3222
0,31,up_proj,GPU,6.54843e+06,6.58349e+06,35057.9
0,31,Linear,GPU,6.54843e+06,6.58349e+06,35057.9
0,31,down_proj,GPU,6.58349e+06,6.61855e+06,35057.9
0,31,Linear,GPU,6.58349e+06,6.61855e+06,35057.9
0,31,expert_FFN_1,GPU,6.61855e+06,6.72372e+06,105167
0,31,gate_proj,GPU,6.61855e+06,6.6536e+06,35046.9
0,31,Linear,GPU,6.61855e+06,6.6536e+06,35046.9
0,31,activation,GPU,6.6536e+06,6.65362e+06,25.6611
0,31,up_proj,GPU,6.65362e+06,6.68867e+06,35046.9
0,31,Linear,GPU,6.65362e+06,6.68867e+06,35046.9
0,31,down_proj,GPU,6.68867e+06,6.72372e+06,35046.9
0,31,Linear,GPU,6.68867e+06,6.72372e+06,35046.9
0,31,sync_2,GPU,6.72372e+06,6.72372e+06,0
0,31,sync__set,GPU,6.72372e+06,6.72372e+06,0
0,31,sync__,GPU,6.72372e+06,6.72372e+06,0
0,31,moe_all_reduce_for_e_tp,GPU,6.72372e+06,6.72372e+06,0
0,31,sync_3,GPU,6.72372e+06,6.72372e+06,0
0,31,sync__set,GPU,6.72372e+06,6.72372e+06,0
0,31,sync__,GPU,6.72372e+06,6.72372e+06,0
0,31,moe_gather,GPU,6.72372e+06,6.72372e+06,0
0,31,sync_for_moe_gather,GPU,6.72372e+06,6.72372e+06,0
0,31,sync__set,GPU,6.72372e+06,6.72372e+06,0
0,31,sync__,GPU,6.72372e+06,6.72372e+06,0
0,31,moe_all_reduce_for_gather,GPU,6.72372e+06,6.72857e+06,4854.61
0,31,sync_5,GPU,6.72857e+06,6.72857e+06,0
0,31,sync__set,GPU,6.72857e+06,6.72857e+06,0
0,31,sync__,GPU,6.72857e+06,6.72857e+06,0
0,31,sync_6,GPU,6.72857e+06,6.72857e+06,0
0,31,sync__set,GPU,6.72857e+06,6.72857e+06,0
0,31,sync__,GPU,6.72857e+06,6.72857e+06,0
0,31,residual_2,GPU,6.72857e+06,6.72859e+06,21.9952
1,0,MoE_decoder_0,GPU,0,226726,226726
1,0,input_layer_norm,GPU,0,21.9952,21.9952
1,0,attention,GPU,21.9952,11326.2,11304.2
1,0,attn_qkv_proj,GPU,21.9952,3789.29,3767.29
1,0,Linear,GPU,21.9952,3789.29,3767.29
1,0,self_attention,GPU,3789.29,3956.76,167.476
1,0,AttentionSplit,GPU,3789.29,3789.29,0
1,0,AttentionSum,GPU,3789.29,3789.29,0
1,0,AttentionGen,GPU,3789.29,3956.76,167.476
1,0,AttentionMerge,GPU,3956.76,3956.76,0
1,0,attn_o_proj,GPU,3956.76,6471.55,2514.79
1,0,Linear,GPU,3956.76,6471.55,2514.79
1,0,all_reduce,GPU,6471.55,11326.2,4854.61
1,0,residual_1,GPU,11326.2,11348.2,21.9952
1,0,post_attn_layer_norm,GPU,11348.2,11370.2,21.9952
1,0,expertFFN,GPU,11370.2,226704,215334
1,0,sync_0,GPU,11370.2,11370.2,0
1,0,sync__set,GPU,11370.2,11370.2,0
1,0,sync__,GPU,11370.2,11370.2,0
1,0,gate_fn,GPU,11370.2,11399.5,29.3461
1,0,Linear,GPU,11370.2,11399.5,29.3461
1,0,gate_update,GPU,11399.5,11399.5,0
1,0,moe_scatter,GPU,11399.5,11399.5,0
1,0,sync_for_moe_scatter,GPU,11399.5,11399.5,0
1,0,sync__set,GPU,11399.5,11399.5,0
1,0,sync__,GPU,11399.5,11399.5,0
1,0,moe_route,GPU,11399.5,11399.5,0
1,0,expert_FFN_2,GPU,11399.5,116566,105167
1,0,gate_proj,GPU,11399.5,46446.5,35046.9
1,0,Linear,GPU,11399.5,46446.5,35046.9
1,0,activation,GPU,46446.5,46472.1,25.6611
1,0,up_proj,GPU,46472.1,81519.1,35046.9
1,0,Linear,GPU,46472.1,81519.1,35046.9
1,0,down_proj,GPU,81519.1,116566,35046.9
1,0,Linear,GPU,81519.1,116566,35046.9
1,0,expert_FFN_3,GPU,116566,221733,105167
1,0,gate_proj,GPU,116566,151613,35046.9
1,0,Linear,GPU,116566,151613,35046.9
1,0,activation,GPU,151613,151639,25.6611
1,0,up_proj,GPU,151639,186686,35046.9
1,0,Linear,GPU,151639,186686,35046.9
1,0,down_proj,GPU,186686,221733,35046.9
1,0,Linear,GPU,186686,221733,35046.9
1,0,sync_2,GPU,221733,221850,117.308
1,0,sync__set,GPU,221733,221733,0
1,0,sync__,GPU,221733,221850,117.308
1,0,moe_all_reduce_for_e_tp,GPU,221850,221850,0
1,0,sync_3,GPU,221850,221850,0
1,0,sync__set,GPU,221850,221850,0
1,0,sync__,GPU,221850,221850,0
1,0,moe_gather,GPU,221850,221850,0
1,0,sync_for_moe_gather,GPU,221850,221850,0
1,0,sync__set,GPU,221850,221850,0
1,0,sync__,GPU,221850,221850,0
1,0,moe_all_reduce_for_gather,GPU,221850,226704,4854.61
1,0,sync_5,GPU,226704,226704,0
1,0,sync__set,GPU,226704,226704,0
1,0,sync__,GPU,226704,226704,0
1,0,sync_6,GPU,226704,226704,0
1,0,sync__set,GPU,226704,226704,0
1,0,sync__,GPU,226704,226704,0
1,0,residual_2,GPU,226704,226726,21.9952
1,1,MoE_decoder_1,GPU,226726,453512,226785
1,1,input_layer_norm,GPU,226726,226748,21.9952
1,1,attention,GPU,226748,238053,11304.2
1,1,attn_qkv_proj,GPU,226748,230516,3767.29
1,1,Linear,GPU,226748,230516,3767.29
1,1,self_attention,GPU,230516,230683,167.476
1,1,AttentionSplit,GPU,230516,230516,0
1,1,AttentionSum,GPU,230516,230516,0
1,1,AttentionGen,GPU,230516,230683,167.476
1,1,AttentionMerge,GPU,230683,230683,0
1,1,attn_o_proj,GPU,230683,233198,2514.79
1,1,Linear,GPU,230683,233198,2514.79
1,1,all_reduce,GPU,233198,238053,4854.61
1,1,residual_1,GPU,238053,238075,21.9952
1,1,post_attn_layer_norm,GPU,238075,238097,21.9952
1,1,expertFFN,GPU,238097,453490,215393
1,1,sync_0,GPU,238097,238097,0
1,1,sync__set,GPU,238097,238097,0
1,1,sync__,GPU,238097,238097,0
1,1,gate_fn,GPU,238097,238126,29.3461
1,1,Linear,GPU,238097,238126,29.3461
1,1,gate_update,GPU,238126,238126,0
1,1,moe_scatter,GPU,238126,238126,0
1,1,sync_for_moe_scatter,GPU,238126,238126,0
1,1,sync__set,GPU,238126,238126,0
1,1,sync__,GPU,238126,238126,0
1,1,moe_route,GPU,238126,238126,0
1,1,expert_FFN_2,GPU,238126,238126,0
1,1,gate_proj,GPU,238126,238126,0
1,1,Linear,GPU,238126,238126,0
1,1,activation,GPU,238126,238126,0
1,1,up_proj,GPU,238126,238126,0
1,1,Linear,GPU,238126,238126,0
1,1,down_proj,GPU,238126,238126,0
1,1,Linear,GPU,238126,238126,0
1,1,expert_FFN_3,GPU,238126,238126,0
1,1,gate_proj,GPU,238126,238126,0
1,1,Linear,GPU,238126,238126,0
1,1,activation,GPU,238126,238126,0
1,1,up_proj,GPU,238126,238126,0
1,1,Linear,GPU,238126,238126,0
1,1,down_proj,GPU,238126,238126,0
1,1,Linear,GPU,238126,238126,0
1,1,sync_2,GPU,238126,448635,210509
1,1,sync__set,GPU,238126,238126,0
1,1,sync__,GPU,238126,448635,210509
1,1,moe_all_reduce_for_e_tp,GPU,448635,448635,0
1,1,sync_3,GPU,448635,448635,0
1,1,sync__set,GPU,448635,448635,0
1,1,sync__,GPU,448635,448635,0
1,1,moe_gather,GPU,448635,448635,0
1,1,sync_for_moe_gather,GPU,448635,448635,0
1,1,sync__set,GPU,448635,448635,0
1,1,sync__,GPU,448635,448635,0
1,1,moe_all_reduce_for_gather,GPU,448635,453490,4854.61
1,1,sync_5,GPU,453490,453490,0
1,1,sync__set,GPU,453490,453490,0
1,1,sync__,GPU,453490,453490,0
1,1,sync_6,GPU,453490,453490,0
1,1,sync__set,GPU,453490,453490,0
1,1,sync__,GPU,453490,453490,0
1,1,residual_2,GPU,453490,453512,21.9952
1,2,MoE_decoder_2,GPU,453512,680238,226726
1,2,input_layer_norm,GPU,453512,453534,21.9952
1,2,attention,GPU,453534,464838,11304.2
1,2,attn_qkv_proj,GPU,453534,457301,3767.29
1,2,Linear,GPU,453534,457301,3767.29
1,2,self_attention,GPU,457301,457468,167.476
1,2,AttentionSplit,GPU,457301,457301,0
1,2,AttentionSum,GPU,457301,457301,0
1,2,AttentionGen,GPU,457301,457468,167.476
1,2,AttentionMerge,GPU,457468,457468,0
1,2,attn_o_proj,GPU,457468,459983,2514.79
1,2,Linear,GPU,457468,459983,2514.79
1,2,all_reduce,GPU,459983,464838,4854.61
1,2,residual_1,GPU,464838,464860,21.9952
1,2,post_attn_layer_norm,GPU,464860,464882,21.9952
1,2,expertFFN,GPU,464882,680216,215334
1,2,sync_0,GPU,464882,464882,0
1,2,sync__set,GPU,464882,464882,0
1,2,sync__,GPU,464882,464882,0
1,2,gate_fn,GPU,464882,464911,29.3461
1,2,Linear,GPU,464882,464911,29.3461
1,2,gate_update,GPU,464911,464911,0
1,2,moe_scatter,GPU,464911,464911,0
1,2,sync_for_moe_scatter,GPU,464911,464911,0
1,2,sync__set,GPU,464911,464911,0
1,2,sync__,GPU,464911,464911,0
1,2,moe_route,GPU,464911,464911,0
1,2,expert_FFN_2,GPU,464911,570136,105225
1,2,gate_proj,GPU,464911,499969,35057.9
1,2,Linear,GPU,464911,499969,35057.9
1,2,activation,GPU,499969,500020,51.3222
1,2,up_proj,GPU,500020,535078,35057.9
1,2,Linear,GPU,500020,535078,35057.9
1,2,down_proj,GPU,535078,570136,35057.9
1,2,Linear,GPU,535078,570136,35057.9
1,2,expert_FFN_3,GPU,570136,675361,105225
1,2,gate_proj,GPU,570136,605194,35057.9
1,2,Linear,GPU,570136,605194,35057.9
1,2,activation,GPU,605194,605245,51.3222
1,2,up_proj,GPU,605245,640303,35057.9
1,2,Linear,GPU,605245,640303,35057.9
1,2,down_proj,GPU,640303,675361,35057.9
1,2,Linear,GPU,640303,675361,35057.9
1,2,sync_2,GPU,675361,675361,0
1,2,sync__set,GPU,675361,675361,0
1,2,sync__,GPU,675361,675361,0
1,2,moe_all_reduce_for_e_tp,GPU,675361,675361,0
1,2,sync_3,GPU,675361,675361,0
1,2,sync__set,GPU,675361,675361,0
1,2,sync__,GPU,675361,675361,0
1,2,moe_gather,GPU,675361,675361,0
1,2,sync_for_moe_gather,GPU,675361,675361,0
1,2,sync__set,GPU,675361,675361,0
1,2,sync__,GPU,675361,675361,0
1,2,moe_all_reduce_for_gather,GPU,675361,680216,4854.61
1,2,sync_5,GPU,680216,680216,0
1,2,sync__set,GPU,680216,680216,0
1,2,sync__,GPU,680216,680216,0
1,2,sync_6,GPU,680216,680216,0
1,2,sync__set,GPU,680216,680216,0
1,2,sync__,GPU,680216,680216,0
1,2,residual_2,GPU,680216,680238,21.9952
1,3,MoE_decoder_3,GPU,680238,906906,226668
1,3,input_layer_norm,GPU,680238,680260,21.9952
1,3,attention,GPU,680260,691564,11304.2
1,3,attn_qkv_proj,GPU,680260,684027,3767.29
1,3,Linear,GPU,680260,684027,3767.29
1,3,self_attention,GPU,684027,684195,167.476
1,3,AttentionSplit,GPU,684027,684027,0
1,3,AttentionSum,GPU,684027,684027,0
1,3,AttentionGen,GPU,684027,684195,167.476
1,3,AttentionMerge,GPU,684195,684195,0
1,3,attn_o_proj,GPU,684195,686710,2514.79
1,3,Linear,GPU,684195,686710,2514.79
1,3,all_reduce,GPU,686710,691564,4854.61
1,3,residual_1,GPU,691564,691586,21.9952
1,3,post_attn_layer_norm,GPU,691586,691608,21.9952
1,3,expertFFN,GPU,691608,906884,215276
1,3,sync_0,GPU,691608,691608,0
1,3,sync__set,GPU,691608,691608,0
1,3,sync__,GPU,691608,691608,0
1,3,gate_fn,GPU,691608,691637,29.3461
1,3,Linear,GPU,691608,691637,29.3461
1,3,gate_update,GPU,691637,691637,0
1,3,moe_scatter,GPU,691637,691637,0
1,3,sync_for_moe_scatter,GPU,691637,691637,0
1,3,sync__set,GPU,691637,691637,0
1,3,sync__,GPU,691637,691637,0
1,3,moe_route,GPU,691637,691637,0
1,3,expert_FFN_2,GPU,691637,796804,105167
1,3,gate_proj,GPU,691637,726684,35046.9
1,3,Linear,GPU,691637,726684,35046.9
1,3,activation,GPU,726684,726710,25.6611
1,3,up_proj,GPU,726710,761757,35046.9
1,3,Linear,GPU,726710,761757,35046.9
1,3,down_proj,GPU,761757,796804,35046.9
1,3,Linear,GPU,761757,796804,35046.9
1,3,expert_FFN_3,GPU,796804,902029,105225
1,3,gate_proj,GPU,796804,831862,35057.9
1,3,Linear,GPU,796804,831862,35057.9
1,3,activation,GPU,831862,831913,51.3222
1,3,up_proj,GPU,831913,866971,35057.9
1,3,Linear,GPU,831913,866971,35057.9
1,3,down_proj,GPU,866971,902029,35057.9
1,3,Linear,GPU,866971,902029,35057.9
1,3,sync_2,GPU,902029,902029,0
1,3,sync__set,GPU,902029,902029,0
1,3,sync__,GPU,902029,902029,0
1,3,moe_all_reduce_for_e_tp,GPU,902029,902029,0
1,3,sync_3,GPU,902029,902029,0
1,3,sync__set,GPU,902029,902029,0
1,3,sync__,GPU,902029,902029,0
1,3,moe_gather,GPU,902029,902029,0
1,3,sync_for_moe_gather,GPU,902029,902029,0
1,3,sync__set,GPU,902029,902029,0
1,3,sync__,GPU,902029,902029,0
1,3,moe_all_reduce_for_gather,GPU,902029,906884,4854.61
1,3,sync_5,GPU,906884,906884,0
1,3,sync__set,GPU,906884,906884,0
1,3,sync__,GPU,906884,906884,0
1,3,sync_6,GPU,906884,906884,0
1,3,sync__set,GPU,906884,906884,0
1,3,sync__,GPU,906884,906884,0
1,3,residual_2,GPU,906884,906906,21.9952
1,4,MoE_decoder_4,GPU,906906,1.13357e+06,226668
1,4,input_layer_norm,GPU,906906,906928,21.9952
1,4,attention,GPU,906928,918232,11304.2
1,4,attn_qkv_proj,GPU,906928,910695,3767.29
1,4,Linear,GPU,906928,910695,3767.29
1,4,self_attention,GPU,910695,910863,167.476
1,4,AttentionSplit,GPU,910695,910695,0
1,4,AttentionSum,GPU,910695,910695,0
1,4,AttentionGen,GPU,910695,910863,167.476
1,4,AttentionMerge,GPU,910863,910863,0
1,4,attn_o_proj,GPU,910863,913377,2514.79
1,4,Linear,GPU,910863,913377,2514.79
1,4,all_reduce,GPU,913377,918232,4854.61
1,4,residual_1,GPU,918232,918254,21.9952
1,4,post_attn_layer_norm,GPU,918254,918276,21.9952
1,4,expertFFN,GPU,918276,1.13355e+06,215276
1,4,sync_0,GPU,918276,918276,0
1,4,sync__set,GPU,918276,918276,0
1,4,sync__,GPU,918276,918276,0
1,4,gate_fn,GPU,918276,918305,29.3461
1,4,Linear,GPU,918276,918305,29.3461
1,4,gate_update,GPU,918305,918305,0
1,4,moe_scatter,GPU,918305,918305,0
1,4,sync_for_moe_scatter,GPU,918305,918305,0
1,4,sync__set,GPU,918305,918305,0
1,4,sync__,GPU,918305,918305,0
1,4,moe_route,GPU,918305,918305,0
1,4,expert_FFN_2,GPU,918305,1.02353e+06,105225
1,4,gate_proj,GPU,918305,953363,35057.9
1,4,Linear,GPU,918305,953363,35057.9
1,4,activation,GPU,953363,953415,51.3222
1,4,up_proj,GPU,953415,988472,35057.9
1,4,Linear,GPU,953415,988472,35057.9
1,4,down_proj,GPU,988472,1.02353e+06,35057.9
1,4,Linear,GPU,988472,1.02353e+06,35057.9
1,4,expert_FFN_3,GPU,1.02353e+06,1.02353e+06,0
1,4,gate_proj,GPU,1.02353e+06,1.02353e+06,0
1,4,Linear,GPU,1.02353e+06,1.02353e+06,0
1,4,activation,GPU,1.02353e+06,1.02353e+06,0
1,4,up_proj,GPU,1.02353e+06,1.02353e+06,0
1,4,Linear,GPU,1.02353e+06,1.02353e+06,0
1,4,down_proj,GPU,1.02353e+06,1.02353e+06,0
1,4,Linear,GPU,1.02353e+06,1.02353e+06,0
1,4,sync_2,GPU,1.02353e+06,1.1287e+06,105167
1,4,sync__set,GPU,1.02353e+06,1.02353e+06,0
1,4,sync__,GPU,1.02353e+06,1.1287e+06,105167
1,4,moe_all_reduce_for_e_tp,GPU,1.1287e+06,1.1287e+06,0
1,4,sync_3,GPU,1.1287e+06,1.1287e+06,0
1,4,sync__set,GPU,1.1287e+06,1.1287e+06,0
1,4,sync__,GPU,1.1287e+06,1.1287e+06,0
1,4,moe_gather,GPU,1.1287e+06,1.1287e+06,0
1,4,sync_for_moe_gather,GPU,1.1287e+06,1.1287e+06,0
1,4,sync__set,GPU,1.1287e+06,1.1287e+06,0
1,4,sync__,GPU,1.1287e+06,1.1287e+06,0
1,4,moe_all_reduce_for_gather,GPU,1.1287e+06,1.13355e+06,4854.61
1,4,sync_5,GPU,1.13355e+06,1.13355e+06,0
1,4,sync__set,GPU,1.13355e+06,1.13355e+06,0
1,4,sync__,GPU,1.13355e+06,1.13355e+06,0
1,4,sync_6,GPU,1.13355e+06,1.13355e+06,0
1,4,sync__set,GPU,1.13355e+06,1.13355e+06,0
1,4,sync__,GPU,1.13355e+06,1.13355e+06,0
1,4,residual_2,GPU,1.13355e+06,1.13357e+06,21.9952
1,5,MoE_decoder_5,GPU,1.13357e+06,1.25519e+06,121619
1,5,input_layer_norm,GPU,1.13357e+06,1.1336e+06,21.9952
1,5,attention,GPU,1.1336e+06,1.1449e+06,11304.2
1,5,attn_qkv_proj,GPU,1.1336e+06,1.13736e+06,3767.29
1,5,Linear,GPU,1.1336e+06,1.13736e+06,3767.29
1,5,self_attention,GPU,1.13736e+06,1.13753e+06,167.476
1,5,AttentionSplit,GPU,1.13736e+06,1.13736e+06,0
1,5,AttentionSum,GPU,1.13736e+06,1.13736e+06,0
1,5,AttentionGen,GPU,1.13736e+06,1.13753e+06,167.476
1,5,AttentionMerge,GPU,1.13753e+06,1.13753e+06,0
1,5,attn_o_proj,GPU,1.13753e+06,1.14005e+06,2514.79
1,5,Linear,GPU,1.13753e+06,1.14005e+06,2514.79
1,5,all_reduce,GPU,1.14005e+06,1.1449e+06,4854.61
1,5,residual_1,GPU,1.1449e+06,1.14492e+06,21.9952
1,5,post_attn_layer_norm,GPU,1.14492e+06,1.14494e+06,21.9952
1,5,expertFFN,GPU,1.14494e+06,1.25517e+06,110226
1,5,sync_0,GPU,1.14494e+06,1.14494e+06,0
1,5,sync__set,GPU,1.14494e+06,1.14494e+06,0
1,5,sync__,GPU,1.14494e+06,1.14494e+06,0
1,5,gate_fn,GPU,1.14494e+06,1.14497e+06,29.3461
1,5,Linear,GPU,1.14494e+06,1.14497e+06,29.3461
1,5,gate_update,GPU,1.14497e+06,1.14497e+06,0
1,5,moe_scatter,GPU,1.14497e+06,1.14497e+06,0
1,5,sync_for_moe_scatter,GPU,1.14497e+06,1.14497e+06,0
1,5,sync__set,GPU,1.14497e+06,1.14497e+06,0
1,5,sync__,GPU,1.14497e+06,1.14497e+06,0
1,5,moe_route,GPU,1.14497e+06,1.14497e+06,0
1,5,expert_FFN_2,GPU,1.14497e+06,1.14497e+06,0
1,5,gate_proj,GPU,1.14497e+06,1.14497e+06,0
1,5,Linear,GPU,1.14497e+06,1.14497e+06,0
1,5,activation,GPU,1.14497e+06,1.14497e+06,0
1,5,up_proj,GPU,1.14497e+06,1.14497e+06,0
1,5,Linear,GPU,1.14497e+06,1.14497e+06,0
1,5,down_proj,GPU,1.14497e+06,1.14497e+06,0
1,5,Linear,GPU,1.14497e+06,1.14497e+06,0
1,5,expert_FFN_3,GPU,1.14497e+06,1.25014e+06,105167
1,5,gate_proj,GPU,1.14497e+06,1.18002e+06,35046.9
1,5,Linear,GPU,1.14497e+06,1.18002e+06,35046.9
1,5,activation,GPU,1.18002e+06,1.18005e+06,25.6611
1,5,up_proj,GPU,1.18005e+06,1.21509e+06,35046.9
1,5,Linear,GPU,1.18005e+06,1.21509e+06,35046.9
1,5,down_proj,GPU,1.21509e+06,1.25014e+06,35046.9
1,5,Linear,GPU,1.21509e+06,1.25014e+06,35046.9
1,5,sync_2,GPU,1.25014e+06,1.25032e+06,175.962
1,5,sync__set,GPU,1.25014e+06,1.25014e+06,0
1,5,sync__,GPU,1.25014e+06,1.25032e+06,175.962
1,5,moe_all_reduce_for_e_tp,GPU,1.25032e+06,1.25032e+06,0
1,5,sync_3,GPU,1.25032e+06,1.25032e+06,0
1,5,sync__set,GPU,1.25032e+06,1.25032e+06,0
1,5,sync__,GPU,1.25032e+06,1.25032e+06,0
1,5,moe_gather,GPU,1.25032e+06,1.25032e+06,0
1,5,sync_for_moe_gather,GPU,1.25032e+06,1.25032e+06,0
1,5,sync__set,GPU,1.25032e+06,1.25032e+06,0
1,5,sync__,GPU,1.25032e+06,1.25032e+06,0
1,5,moe_all_reduce_for_gather,GPU,1.25032e+06,1.25517e+06,4854.61
1,5,sync_5,GPU,1.25517e+06,1.25517e+06,0
1,5,sync__set,GPU,1.25517e+06,1.25517e+06,0
1,5,sync__,GPU,1.25517e+06,1.25517e+06,0
1,5,sync_6,GPU,1.25517e+06,1.25517e+06,0
1,5,sync__set,GPU,1.25517e+06,1.25517e+06,0
1,5,sync__,GPU,1.25517e+06,1.25517e+06,0
1,5,residual_2,GPU,1.25517e+06,1.25519e+06,21.9952
1,6,MoE_decoder_6,GPU,1.25519e+06,1.48192e+06,226726
1,6,input_layer_norm,GPU,1.25519e+06,1.25521e+06,21.9952
1,6,attention,GPU,1.25521e+06,1.26652e+06,11304.2
1,6,attn_qkv_proj,GPU,1.25521e+06,1.25898e+06,3767.29
1,6,Linear,GPU,1.25521e+06,1.25898e+06,3767.29
1,6,self_attention,GPU,1.25898e+06,1.25915e+06,167.476
1,6,AttentionSplit,GPU,1.25898e+06,1.25898e+06,0
1,6,AttentionSum,GPU,1.25898e+06,1.25898e+06,0
1,6,AttentionGen,GPU,1.25898e+06,1.25915e+06,167.476
1,6,AttentionMerge,GPU,1.25915e+06,1.25915e+06,0
1,6,attn_o_proj,GPU,1.25915e+06,1.26166e+06,2514.79
1,6,Linear,GPU,1.25915e+06,1.26166e+06,2514.79
1,6,all_reduce,GPU,1.26166e+06,1.26652e+06,4854.61
1,6,residual_1,GPU,1.26652e+06,1.26654e+06,21.9952
1,6,post_attn_layer_norm,GPU,1.26654e+06,1.26656e+06,21.9952
1,6,expertFFN,GPU,1.26656e+06,1.4819e+06,215334
1,6,sync_0,GPU,1.26656e+06,1.26656e+06,0
1,6,sync__set,GPU,1.26656e+06,1.26656e+06,0
1,6,sync__,GPU,1.26656e+06,1.26656e+06,0
1,6,gate_fn,GPU,1.26656e+06,1.26659e+06,29.3461
1,6,Linear,GPU,1.26656e+06,1.26659e+06,29.3461
1,6,gate_update,GPU,1.26659e+06,1.26659e+06,0
1,6,moe_scatter,GPU,1.26659e+06,1.26659e+06,0
1,6,sync_for_moe_scatter,GPU,1.26659e+06,1.26659e+06,0
1,6,sync__set,GPU,1.26659e+06,1.26659e+06,0
1,6,sync__,GPU,1.26659e+06,1.26659e+06,0
1,6,moe_route,GPU,1.26659e+06,1.26659e+06,0
1,6,expert_FFN_2,GPU,1.26659e+06,1.37176e+06,105167
1,6,gate_proj,GPU,1.26659e+06,1.30164e+06,35046.9
1,6,Linear,GPU,1.26659e+06,1.30164e+06,35046.9
1,6,activation,GPU,1.30164e+06,1.30166e+06,25.6611
1,6,up_proj,GPU,1.30166e+06,1.33671e+06,35046.9
1,6,Linear,GPU,1.30166e+06,1.33671e+06,35046.9
1,6,down_proj,GPU,1.33671e+06,1.37176e+06,35046.9
1,6,Linear,GPU,1.33671e+06,1.37176e+06,35046.9
1,6,expert_FFN_3,GPU,1.37176e+06,1.37176e+06,0
1,6,gate_proj,GPU,1.37176e+06,1.37176e+06,0
1,6,Linear,GPU,1.37176e+06,1.37176e+06,0
1,6,activation,GPU,1.37176e+06,1.37176e+06,0
1,6,up_proj,GPU,1.37176e+06,1.37176e+06,0
1,6,Linear,GPU,1.37176e+06,1.37176e+06,0
1,6,down_proj,GPU,1.37176e+06,1.37176e+06,0
1,6,Linear,GPU,1.37176e+06,1.37176e+06,0
1,6,sync_2,GPU,1.37176e+06,1.47704e+06,105284
1,6,sync__set,GPU,1.37176e+06,1.37176e+06,0
1,6,sync__,GPU,1.37176e+06,1.47704e+06,105284
1,6,moe_all_reduce_for_e_tp,GPU,1.47704e+06,1.47704e+06,0
1,6,sync_3,GPU,1.47704e+06,1.47704e+06,0
1,6,sync__set,GPU,1.47704e+06,1.47704e+06,0
1,6,sync__,GPU,1.47704e+06,1.47704e+06,0
1,6,moe_gather,GPU,1.47704e+06,1.47704e+06,0
1,6,sync_for_moe_gather,GPU,1.47704e+06,1.47704e+06,0
1,6,sync__set,GPU,1.47704e+06,1.47704e+06,0
1,6,sync__,GPU,1.47704e+06,1.47704e+06,0
1,6,moe_all_reduce_for_gather,GPU,1.47704e+06,1.4819e+06,4854.61
1,6,sync_5,GPU,1.4819e+06,1.4819e+06,0
1,6,sync__set,GPU,1.4819e+06,1.4819e+06,0
1,6,sync__,GPU,1.4819e+06,1.4819e+06,0
1,6,sync_6,GPU,1.4819e+06,1.4819e+06,0
1,6,sync__set,GPU,1.4819e+06,1.4819e+06,0
1,6,sync__,GPU,1.4819e+06,1.4819e+06,0
1,6,residual_2,GPU,1.4819e+06,1.48192e+06,21.9952
1,7,MoE_decoder_7,GPU,1.48192e+06,1.70859e+06,226668
1,7,input_layer_norm,GPU,1.48192e+06,1.48194e+06,21.9952
1,7,attention,GPU,1.48194e+06,1.49324e+06,11304.2
1,7,attn_qkv_proj,GPU,1.48194e+06,1.48571e+06,3767.29
1,7,Linear,GPU,1.48194e+06,1.48571e+06,3767.29
1,7,self_attention,GPU,1.48571e+06,1.48588e+06,167.476
1,7,AttentionSplit,GPU,1.48571e+06,1.48571e+06,0
1,7,AttentionSum,GPU,1.48571e+06,1.48571e+06,0
1,7,AttentionGen,GPU,1.48571e+06,1.48588e+06,167.476
1,7,AttentionMerge,GPU,1.48588e+06,1.48588e+06,0
1,7,attn_o_proj,GPU,1.48588e+06,1.48839e+06,2514.79
1,7,Linear,GPU,1.48588e+06,1.48839e+06,2514.79
1,7,all_reduce,GPU,1.48839e+06,1.49324e+06,4854.61
1,7,residual_1,GPU,1.49324e+06,1.49327e+06,21.9952
1,7,post_attn_layer_norm,GPU,1.49327e+06,1.49329e+06,21.9952
1,7,expertFFN,GPU,1.49329e+06,1.70856e+06,215276
1,7,sync_0,GPU,1.49329e+06,1.49329e+06,0
1,7,sync__set,GPU,1.49329e+06,1.49329e+06,0
1,7,sync__,GPU,1.49329e+06,1.49329e+06,0
1,7,gate_fn,GPU,1.49329e+06,1.49332e+06,29.3461
1,7,Linear,GPU,1.49329e+06,1.49332e+06,29.3461
1,7,gate_update,GPU,1.49332e+06,1.49332e+06,0
1,7,moe_scatter,GPU,1.49332e+06,1.49332e+06,0
1,7,sync_for_moe_scatter,GPU,1.49332e+06,1.49332e+06,0
1,7,sync__set,GPU,1.49332e+06,1.49332e+06,0
1,7,sync__,GPU,1.49332e+06,1.49332e+06,0
1,7,moe_route,GPU,1.49332e+06,1.49332e+06,0
1,7,expert_FFN_2,GPU,1.49332e+06,1.49332e+06,0
1,7,gate_proj,GPU,1.49332e+06,1.49332e+06,0
1,7,Linear,GPU,1.49332e+06,1.49332e+06,0
1,7,activation,GPU,1.49332e+06,1.49332e+06,0
1,7,up_proj,GPU,1.49332e+06,1.49332e+06,0
1,7,Linear,GPU,1.49332e+06,1.49332e+06,0
1,7,down_proj,GPU,1.49332e+06,1.49332e+06,0
1,7,Linear,GPU,1.49332e+06,1.49332e+06,0
1,7,expert_FFN_3,GPU,1.49332e+06,1.49332e+06,0
1,7,gate_proj,GPU,1.49332e+06,1.49332e+06,0
1,7,Linear,GPU,1.49332e+06,1.49332e+06,0
1,7,activation,GPU,1.49332e+06,1.49332e+06,0
1,7,up_proj,GPU,1.49332e+06,1.49332e+06,0
1,7,Linear,GPU,1.49332e+06,1.49332e+06,0
1,7,down_proj,GPU,1.49332e+06,1.49332e+06,0
1,7,Linear,GPU,1.49332e+06,1.49332e+06,0
1,7,sync_2,GPU,1.49332e+06,1.70371e+06,210392
1,7,sync__set,GPU,1.49332e+06,1.49332e+06,0
1,7,sync__,GPU,1.49332e+06,1.70371e+06,210392
1,7,moe_all_reduce_for_e_tp,GPU,1.70371e+06,1.70371e+06,0
1,7,sync_3,GPU,1.70371e+06,1.70371e+06,0
1,7,sync__set,GPU,1.70371e+06,1.70371e+06,0
1,7,sync__,GPU,1.70371e+06,1.70371e+06,0
1,7,moe_gather,GPU,1.70371e+06,1.70371e+06,0
1,7,sync_for_moe_gather,GPU,1.70371e+06,1.70371e+06,0
1,7,sync__set,GPU,1.70371e+06,1.70371e+06,0
1,7,sync__,GPU,1.70371e+06,1.70371e+06,0
1,7,moe_all_reduce_for_gather,GPU,1.70371e+06,1.70856e+06,4854.61
1,7,sync_5,GPU,1.70856e+06,1.70856e+06,0
1,7,sync__set,GPU,1.70856e+06,1.70856e+06,0
1,7,sync__,GPU,1.70856e+06,1.70856e+06,0
1,7,sync_6,GPU,1.70856e+06,1.70856e+06,0
1,7,sync__set,GPU,1.70856e+06,1.70856e+06,0
1,7,sync__,GPU,1.70856e+06,1.70856e+06,0
1,7,residual_2,GPU,1.70856e+06,1.70859e+06,21.9952
1,8,MoE_decoder_8,GPU,1.70859e+06,1.8302e+06,121619
1,8,input_layer_norm,GPU,1.70859e+06,1.70861e+06,21.9952
1,8,attention,GPU,1.70861e+06,1.71991e+06,11304.2
1,8,attn_qkv_proj,GPU,1.70861e+06,1.71238e+06,3767.29
1,8,Linear,GPU,1.70861e+06,1.71238e+06,3767.29
1,8,self_attention,GPU,1.71238e+06,1.71254e+06,167.476
1,8,AttentionSplit,GPU,1.71238e+06,1.71238e+06,0
1,8,AttentionSum,GPU,1.71238e+06,1.71238e+06,0
1,8,AttentionGen,GPU,1.71238e+06,1.71254e+06,167.476
1,8,AttentionMerge,GPU,1.71254e+06,1.71254e+06,0
1,8,attn_o_proj,GPU,1.71254e+06,1.71506e+06,2514.79
1,8,Linear,GPU,1.71254e+06,1.71506e+06,2514.79
1,8,all_reduce,GPU,1.71506e+06,1.71991e+06,4854.61
1,8,residual_1,GPU,1.71991e+06,1.71993e+06,21.9952
1,8,post_attn_layer_norm,GPU,1.71993e+06,1.71996e+06,21.9952
1,8,expertFFN,GPU,1.71996e+06,1.83018e+06,110226
1,8,sync_0,GPU,1.71996e+06,1.71996e+06,0
1,8,sync__set,GPU,1.71996e+06,1.71996e+06,0
1,8,sync__,GPU,1.71996e+06,1.71996e+06,0
1,8,gate_fn,GPU,1.71996e+06,1.71999e+06,29.3461
1,8,Linear,GPU,1.71996e+06,1.71999e+06,29.3461
1,8,gate_update,GPU,1.71999e+06,1.71999e+06,0
1,8,moe_scatter,GPU,1.71999e+06,1.71999e+06,0
1,8,sync_for_moe_scatter,GPU,1.71999e+06,1.71999e+06,0
1,8,sync__set,GPU,1.71999e+06,1.71999e+06,0
1,8,sync__,GPU,1.71999e+06,1.71999e+06,0
1,8,moe_route,GPU,1.71999e+06,1.71999e+06,0
1,8,expert_FFN_2,GPU,1.71999e+06,1.71999e+06,0
1,8,gate_proj,GPU,1.71999e+06,1.71999e+06,0
1,8,Linear,GPU,1.71999e+06,1.71999e+06,0
1,8,activation,GPU,1.71999e+06,1.71999e+06,0
1,8,up_proj,GPU,1.71999e+06,1.71999e+06,0
1,8,Linear,GPU,1.71999e+06,1.71999e+06,0
1,8,down_proj,GPU,1.71999e+06,1.71999e+06,0
1,8,Linear,GPU,1.71999e+06,1.71999e+06,0
1,8,expert_FFN_3,GPU,1.71999e+06,1.71999e+06,0
1,8,gate_proj,GPU,1.71999e+06,1.71999e+06,0
1,8,Linear,GPU,1.71999e+06,1.71999e+06,0
1,8,activation,GPU,1.71999e+06,1.71999e+06,0
1,8,up_proj,GPU,1.71999e+06,1.71999e+06,0
1,8,Linear,GPU,1.71999e+06,1.71999e+06,0
1,8,down_proj,GPU,1.71999e+06,1.71999e+06,0
1,8,Linear,GPU,1.71999e+06,1.71999e+06,0
1,8,sync_2,GPU,1.71999e+06,1.82533e+06,105342
1,8,sync__set,GPU,1.71999e+06,1.71999e+06,0
1,8,sync__,GPU,1.71999e+06,1.82533e+06,105342
1,8,moe_all_reduce_for_e_tp,GPU,1.82533e+06,1.82533e+06,0
1,8,sync_3,GPU,1.82533e+06,1.82533e+06,0
1,8,sync__set,GPU,1.82533e+06,1.82533e+06,0
1,8,sync__,GPU,1.82533e+06,1.82533e+06,0
1,8,moe_gather,GPU,1.82533e+06,1.82533e+06,0
1,8,sync_for_moe_gather,GPU,1.82533e+06,1.82533e+06,0
1,8,sync__set,GPU,1.82533e+06,1.82533e+06,0
1,8,sync__,GPU,1.82533e+06,1.82533e+06,0
1,8,moe_all_reduce_for_gather,GPU,1.82533e+06,1.83018e+06,4854.61
1,8,sync_5,GPU,1.83018e+06,1.83018e+06,0
1,8,sync__set,GPU,1.83018e+06,1.83018e+06,0
1,8,sync__,GPU,1.83018e+06,1.83018e+06,0
1,8,sync_6,GPU,1.83018e+06,1.83018e+06,0
1,8,sync__set,GPU,1.83018e+06,1.83018e+06,0
1,8,sync__,GPU,1.83018e+06,1.83018e+06,0
1,8,residual_2,GPU,1.83018e+06,1.8302e+06,21.9952
1,9,MoE_decoder_9,GPU,1.8302e+06,2.05687e+06,226668
1,9,input_layer_norm,GPU,1.8302e+06,1.83023e+06,21.9952
1,9,attention,GPU,1.83023e+06,1.84153e+06,11304.2
1,9,attn_qkv_proj,GPU,1.83023e+06,1.83399e+06,3767.29
1,9,Linear,GPU,1.83023e+06,1.83399e+06,3767.29
1,9,self_attention,GPU,1.83399e+06,1.83416e+06,167.476
1,9,AttentionSplit,GPU,1.83399e+06,1.83399e+06,0
1,9,AttentionSum,GPU,1.83399e+06,1.83399e+06,0
1,9,AttentionGen,GPU,1.83399e+06,1.83416e+06,167.476
1,9,AttentionMerge,GPU,1.83416e+06,1.83416e+06,0
1,9,attn_o_proj,GPU,1.83416e+06,1.83668e+06,2514.79
1,9,Linear,GPU,1.83416e+06,1.83668e+06,2514.79
1,9,all_reduce,GPU,1.83668e+06,1.84153e+06,4854.61
1,9,residual_1,GPU,1.84153e+06,1.84155e+06,21.9952
1,9,post_attn_layer_norm,GPU,1.84155e+06,1.84158e+06,21.9952
1,9,expertFFN,GPU,1.84158e+06,2.05685e+06,215276
1,9,sync_0,GPU,1.84158e+06,1.84158e+06,0
1,9,sync__set,GPU,1.84158e+06,1.84158e+06,0
1,9,sync__,GPU,1.84158e+06,1.84158e+06,0
1,9,gate_fn,GPU,1.84158e+06,1.8416e+06,29.3461
1,9,Linear,GPU,1.84158e+06,1.8416e+06,29.3461
1,9,gate_update,GPU,1.8416e+06,1.8416e+06,0
1,9,moe_scatter,GPU,1.8416e+06,1.8416e+06,0
1,9,sync_for_moe_scatter,GPU,1.8416e+06,1.8416e+06,0
1,9,sync__set,GPU,1.8416e+06,1.8416e+06,0
1,9,sync__,GPU,1.8416e+06,1.8416e+06,0
1,9,moe_route,GPU,1.8416e+06,1.8416e+06,0
1,9,expert_FFN_2,GPU,1.8416e+06,1.94677e+06,105167
1,9,gate_proj,GPU,1.8416e+06,1.87665e+06,35046.9
1,9,Linear,GPU,1.8416e+06,1.87665e+06,35046.9
1,9,activation,GPU,1.87665e+06,1.87668e+06,25.6611
1,9,up_proj,GPU,1.87668e+06,1.91172e+06,35046.9
1,9,Linear,GPU,1.87668e+06,1.91172e+06,35046.9
1,9,down_proj,GPU,1.91172e+06,1.94677e+06,35046.9
1,9,Linear,GPU,1.91172e+06,1.94677e+06,35046.9
1,9,expert_FFN_3,GPU,1.94677e+06,1.94677e+06,0
1,9,gate_proj,GPU,1.94677e+06,1.94677e+06,0
1,9,Linear,GPU,1.94677e+06,1.94677e+06,0
1,9,activation,GPU,1.94677e+06,1.94677e+06,0
1,9,up_proj,GPU,1.94677e+06,1.94677e+06,0
1,9,Linear,GPU,1.94677e+06,1.94677e+06,0
1,9,down_proj,GPU,1.94677e+06,1.94677e+06,0
1,9,Linear,GPU,1.94677e+06,1.94677e+06,0
1,9,sync_2,GPU,1.94677e+06,2.052e+06,105225
1,9,sync__set,GPU,1.94677e+06,1.94677e+06,0
1,9,sync__,GPU,1.94677e+06,2.052e+06,105225
1,9,moe_all_reduce_for_e_tp,GPU,2.052e+06,2.052e+06,0
1,9,sync_3,GPU,2.052e+06,2.052e+06,0
1,9,sync__set,GPU,2.052e+06,2.052e+06,0
1,9,sync__,GPU,2.052e+06,2.052e+06,0
1,9,moe_gather,GPU,2.052e+06,2.052e+06,0
1,9,sync_for_moe_gather,GPU,2.052e+06,2.052e+06,0
1,9,sync__set,GPU,2.052e+06,2.052e+06,0
1,9,sync__,GPU,2.052e+06,2.052e+06,0
1,9,moe_all_reduce_for_gather,GPU,2.052e+06,2.05685e+06,4854.61
1,9,sync_5,GPU,2.05685e+06,2.05685e+06,0
1,9,sync__set,GPU,2.05685e+06,2.05685e+06,0
1,9,sync__,GPU,2.05685e+06,2.05685e+06,0
1,9,sync_6,GPU,2.05685e+06,2.05685e+06,0
1,9,sync__set,GPU,2.05685e+06,2.05685e+06,0
1,9,sync__,GPU,2.05685e+06,2.05685e+06,0
1,9,residual_2,GPU,2.05685e+06,2.05687e+06,21.9952
1,10,MoE_decoder_10,GPU,2.05687e+06,2.28348e+06,226609
1,10,input_layer_norm,GPU,2.05687e+06,2.05689e+06,21.9952
1,10,attention,GPU,2.05689e+06,2.0682e+06,11304.2
1,10,attn_qkv_proj,GPU,2.05689e+06,2.06066e+06,3767.29
1,10,Linear,GPU,2.05689e+06,2.06066e+06,3767.29
1,10,self_attention,GPU,2.06066e+06,2.06083e+06,167.476
1,10,AttentionSplit,GPU,2.06066e+06,2.06066e+06,0
1,10,AttentionSum,GPU,2.06066e+06,2.06066e+06,0
1,10,AttentionGen,GPU,2.06066e+06,2.06083e+06,167.476
1,10,AttentionMerge,GPU,2.06083e+06,2.06083e+06,0
1,10,attn_o_proj,GPU,2.06083e+06,2.06334e+06,2514.79
1,10,Linear,GPU,2.06083e+06,2.06334e+06,2514.79
1,10,all_reduce,GPU,2.06334e+06,2.0682e+06,4854.61
1,10,residual_1,GPU,2.0682e+06,2.06822e+06,21.9952
1,10,post_attn_layer_norm,GPU,2.06822e+06,2.06824e+06,21.9952
1,10,expertFFN,GPU,2.06824e+06,2.28346e+06,215217
1,10,sync_0,GPU,2.06824e+06,2.06824e+06,0
1,10,sync__set,GPU,2.06824e+06,2.06824e+06,0
1,10,sync__,GPU,2.06824e+06,2.06824e+06,0
1,10,gate_fn,GPU,2.06824e+06,2.06827e+06,29.3461
1,10,Linear,GPU,2.06824e+06,2.06827e+06,29.3461
1,10,gate_update,GPU,2.06827e+06,2.06827e+06,0
1,10,moe_scatter,GPU,2.06827e+06,2.06827e+06,0
1,10,sync_for_moe_scatter,GPU,2.06827e+06,2.06827e+06,0
1,10,sync__set,GPU,2.06827e+06,2.06827e+06,0
1,10,sync__,GPU,2.06827e+06,2.06827e+06,0
1,10,moe_route,GPU,2.06827e+06,2.06827e+06,0
1,10,expert_FFN_2,GPU,2.06827e+06,2.17344e+06,105167
1,10,gate_proj,GPU,2.06827e+06,2.10332e+06,35046.9
1,10,Linear,GPU,2.06827e+06,2.10332e+06,35046.9
1,10,activation,GPU,2.10332e+06,2.10334e+06,25.6611
1,10,up_proj,GPU,2.10334e+06,2.13839e+06,35046.9
1,10,Linear,GPU,2.10334e+06,2.13839e+06,35046.9
1,10,down_proj,GPU,2.13839e+06,2.17344e+06,35046.9
1,10,Linear,GPU,2.13839e+06,2.17344e+06,35046.9
1,10,expert_FFN_3,GPU,2.17344e+06,2.27861e+06,105167
1,10,gate_proj,GPU,2.17344e+06,2.20849e+06,35046.9
1,10,Linear,GPU,2.17344e+06,2.20849e+06,35046.9
1,10,activation,GPU,2.20849e+06,2.20851e+06,25.6611
1,10,up_proj,GPU,2.20851e+06,2.24356e+06,35046.9
1,10,Linear,GPU,2.20851e+06,2.24356e+06,35046.9
1,10,down_proj,GPU,2.24356e+06,2.27861e+06,35046.9
1,10,Linear,GPU,2.24356e+06,2.27861e+06,35046.9
1,10,sync_2,GPU,2.27861e+06,2.27861e+06,0
1,10,sync__set,GPU,2.27861e+06,2.27861e+06,0
1,10,sync__,GPU,2.27861e+06,2.27861e+06,0
1,10,moe_all_reduce_for_e_tp,GPU,2.27861e+06,2.27861e+06,0
1,10,sync_3,GPU,2.27861e+06,2.27861e+06,0
1,10,sync__set,GPU,2.27861e+06,2.27861e+06,0
1,10,sync__,GPU,2.27861e+06,2.27861e+06,0
1,10,moe_gather,GPU,2.27861e+06,2.27861e+06,0
1,10,sync_for_moe_gather,GPU,2.27861e+06,2.27861e+06,0
1,10,sync__set,GPU,2.27861e+06,2.27861e+06,0
1,10,sync__,GPU,2.27861e+06,2.27861e+06,0
1,10,moe_all_reduce_for_gather,GPU,2.27861e+06,2.28346e+06,4854.61
1,10,sync_5,GPU,2.28346e+06,2.28346e+06,0
1,10,sync__set,GPU,2.28346e+06,2.28346e+06,0
1,10,sync__,GPU,2.28346e+06,2.28346e+06,0
1,10,sync_6,GPU,2.28346e+06,2.28346e+06,0
1,10,sync__set,GPU,2.28346e+06,2.28346e+06,0
1,10,sync__,GPU,2.28346e+06,2.28346e+06,0
1,10,residual_2,GPU,2.28346e+06,2.28348e+06,21.9952
1,11,MoE_decoder_11,GPU,2.28348e+06,2.51015e+06,226668
1,11,input_layer_norm,GPU,2.28348e+06,2.2835e+06,21.9952
1,11,attention,GPU,2.2835e+06,2.29481e+06,11304.2
1,11,attn_qkv_proj,GPU,2.2835e+06,2.28727e+06,3767.29
1,11,Linear,GPU,2.2835e+06,2.28727e+06,3767.29
1,11,self_attention,GPU,2.28727e+06,2.28744e+06,167.476
1,11,AttentionSplit,GPU,2.28727e+06,2.28727e+06,0
1,11,AttentionSum,GPU,2.28727e+06,2.28727e+06,0
1,11,AttentionGen,GPU,2.28727e+06,2.28744e+06,167.476
1,11,AttentionMerge,GPU,2.28744e+06,2.28744e+06,0
1,11,attn_o_proj,GPU,2.28744e+06,2.28995e+06,2514.79
1,11,Linear,GPU,2.28744e+06,2.28995e+06,2514.79
1,11,all_reduce,GPU,2.28995e+06,2.29481e+06,4854.61
1,11,residual_1,GPU,2.29481e+06,2.29483e+06,21.9952
1,11,post_attn_layer_norm,GPU,2.29483e+06,2.29485e+06,21.9952
1,11,expertFFN,GPU,2.29485e+06,2.51013e+06,215276
1,11,sync_0,GPU,2.29485e+06,2.29485e+06,0
1,11,sync__set,GPU,2.29485e+06,2.29485e+06,0
1,11,sync__,GPU,2.29485e+06,2.29485e+06,0
1,11,gate_fn,GPU,2.29485e+06,2.29488e+06,29.3461
1,11,Linear,GPU,2.29485e+06,2.29488e+06,29.3461
1,11,gate_update,GPU,2.29488e+06,2.29488e+06,0
1,11,moe_scatter,GPU,2.29488e+06,2.29488e+06,0
1,11,sync_for_moe_scatter,GPU,2.29488e+06,2.29488e+06,0
1,11,sync__set,GPU,2.29488e+06,2.29488e+06,0
1,11,sync__,GPU,2.29488e+06,2.29488e+06,0
1,11,moe_route,GPU,2.29488e+06,2.29488e+06,0
1,11,expert_FFN_2,GPU,2.29488e+06,2.40005e+06,105167
1,11,gate_proj,GPU,2.29488e+06,2.32993e+06,35046.9
1,11,Linear,GPU,2.29488e+06,2.32993e+06,35046.9
1,11,activation,GPU,2.32993e+06,2.32995e+06,25.6611
1,11,up_proj,GPU,2.32995e+06,2.365e+06,35046.9
1,11,Linear,GPU,2.32995e+06,2.365e+06,35046.9
1,11,down_proj,GPU,2.365e+06,2.40005e+06,35046.9
1,11,Linear,GPU,2.365e+06,2.40005e+06,35046.9
1,11,expert_FFN_3,GPU,2.40005e+06,2.50521e+06,105167
1,11,gate_proj,GPU,2.40005e+06,2.43509e+06,35046.9
1,11,Linear,GPU,2.40005e+06,2.43509e+06,35046.9
1,11,activation,GPU,2.43509e+06,2.43512e+06,25.6611
1,11,up_proj,GPU,2.43512e+06,2.47017e+06,35046.9
1,11,Linear,GPU,2.43512e+06,2.47017e+06,35046.9
1,11,down_proj,GPU,2.47017e+06,2.50521e+06,35046.9
1,11,Linear,GPU,2.47017e+06,2.50521e+06,35046.9
1,11,sync_2,GPU,2.50521e+06,2.50527e+06,58.6539
1,11,sync__set,GPU,2.50521e+06,2.50521e+06,0
1,11,sync__,GPU,2.50521e+06,2.50527e+06,58.6539
1,11,moe_all_reduce_for_e_tp,GPU,2.50527e+06,2.50527e+06,0
1,11,sync_3,GPU,2.50527e+06,2.50527e+06,0
1,11,sync__set,GPU,2.50527e+06,2.50527e+06,0
1,11,sync__,GPU,2.50527e+06,2.50527e+06,0
1,11,moe_gather,GPU,2.50527e+06,2.50527e+06,0
1,11,sync_for_moe_gather,GPU,2.50527e+06,2.50527e+06,0
1,11,sync__set,GPU,2.50527e+06,2.50527e+06,0
1,11,sync__,GPU,2.50527e+06,2.50527e+06,0
1,11,moe_all_reduce_for_gather,GPU,2.50527e+06,2.51013e+06,4854.61
1,11,sync_5,GPU,2.51013e+06,2.51013e+06,0
1,11,sync__set,GPU,2.51013e+06,2.51013e+06,0
1,11,sync__,GPU,2.51013e+06,2.51013e+06,0
1,11,sync_6,GPU,2.51013e+06,2.51013e+06,0
1,11,sync__set,GPU,2.51013e+06,2.51013e+06,0
1,11,sync__,GPU,2.51013e+06,2.51013e+06,0
1,11,residual_2,GPU,2.51013e+06,2.51015e+06,21.9952
1,12,MoE_decoder_12,GPU,2.51015e+06,2.63171e+06,121560
1,12,input_layer_norm,GPU,2.51015e+06,2.51017e+06,21.9952
1,12,attention,GPU,2.51017e+06,2.52148e+06,11304.2
1,12,attn_qkv_proj,GPU,2.51017e+06,2.51394e+06,3767.29
1,12,Linear,GPU,2.51017e+06,2.51394e+06,3767.29
1,12,self_attention,GPU,2.51394e+06,2.51411e+06,167.476
1,12,AttentionSplit,GPU,2.51394e+06,2.51394e+06,0
1,12,AttentionSum,GPU,2.51394e+06,2.51394e+06,0
1,12,AttentionGen,GPU,2.51394e+06,2.51411e+06,167.476
1,12,AttentionMerge,GPU,2.51411e+06,2.51411e+06,0
1,12,attn_o_proj,GPU,2.51411e+06,2.51662e+06,2514.79
1,12,Linear,GPU,2.51411e+06,2.51662e+06,2514.79
1,12,all_reduce,GPU,2.51662e+06,2.52148e+06,4854.61
1,12,residual_1,GPU,2.52148e+06,2.5215e+06,21.9952
1,12,post_attn_layer_norm,GPU,2.5215e+06,2.52152e+06,21.9952
1,12,expertFFN,GPU,2.52152e+06,2.63169e+06,110168
1,12,sync_0,GPU,2.52152e+06,2.52152e+06,0
1,12,sync__set,GPU,2.52152e+06,2.52152e+06,0
1,12,sync__,GPU,2.52152e+06,2.52152e+06,0
1,12,gate_fn,GPU,2.52152e+06,2.52155e+06,29.3461
1,12,Linear,GPU,2.52152e+06,2.52155e+06,29.3461
1,12,gate_update,GPU,2.52155e+06,2.52155e+06,0
1,12,moe_scatter,GPU,2.52155e+06,2.52155e+06,0
1,12,sync_for_moe_scatter,GPU,2.52155e+06,2.52155e+06,0
1,12,sync__set,GPU,2.52155e+06,2.52155e+06,0
1,12,sync__,GPU,2.52155e+06,2.52155e+06,0
1,12,moe_route,GPU,2.52155e+06,2.52155e+06,0
1,12,expert_FFN_2,GPU,2.52155e+06,2.62683e+06,105284
1,12,gate_proj,GPU,2.52155e+06,2.55662e+06,35068.9
1,12,Linear,GPU,2.52155e+06,2.55662e+06,35068.9
1,12,activation,GPU,2.55662e+06,2.5567e+06,76.9833
1,12,up_proj,GPU,2.5567e+06,2.59176e+06,35068.9
1,12,Linear,GPU,2.5567e+06,2.59176e+06,35068.9
1,12,down_proj,GPU,2.59176e+06,2.62683e+06,35068.9
1,12,Linear,GPU,2.59176e+06,2.62683e+06,35068.9
1,12,expert_FFN_3,GPU,2.62683e+06,2.62683e+06,0
1,12,gate_proj,GPU,2.62683e+06,2.62683e+06,0
1,12,Linear,GPU,2.62683e+06,2.62683e+06,0
1,12,activation,GPU,2.62683e+06,2.62683e+06,0
1,12,up_proj,GPU,2.62683e+06,2.62683e+06,0
1,12,Linear,GPU,2.62683e+06,2.62683e+06,0
1,12,down_proj,GPU,2.62683e+06,2.62683e+06,0
1,12,Linear,GPU,2.62683e+06,2.62683e+06,0
1,12,sync_2,GPU,2.62683e+06,2.62683e+06,0
1,12,sync__set,GPU,2.62683e+06,2.62683e+06,0
1,12,sync__,GPU,2.62683e+06,2.62683e+06,0
1,12,moe_all_reduce_for_e_tp,GPU,2.62683e+06,2.62683e+06,0
1,12,sync_3,GPU,2.62683e+06,2.62683e+06,0
1,12,sync__set,GPU,2.62683e+06,2.62683e+06,0
1,12,sync__,GPU,2.62683e+06,2.62683e+06,0
1,12,moe_gather,GPU,2.62683e+06,2.62683e+06,0
1,12,sync_for_moe_gather,GPU,2.62683e+06,2.62683e+06,0
1,12,sync__set,GPU,2.62683e+06,2.62683e+06,0
1,12,sync__,GPU,2.62683e+06,2.62683e+06,0
1,12,moe_all_reduce_for_gather,GPU,2.62683e+06,2.63169e+06,4854.61
1,12,sync_5,GPU,2.63169e+06,2.63169e+06,0
1,12,sync__set,GPU,2.63169e+06,2.63169e+06,0
1,12,sync__,GPU,2.63169e+06,2.63169e+06,0
1,12,sync_6,GPU,2.63169e+06,2.63169e+06,0
1,12,sync__set,GPU,2.63169e+06,2.63169e+06,0
1,12,sync__,GPU,2.63169e+06,2.63169e+06,0
1,12,residual_2,GPU,2.63169e+06,2.63171e+06,21.9952
1,13,MoE_decoder_13,GPU,2.63171e+06,2.85838e+06,226668
1,13,input_layer_norm,GPU,2.63171e+06,2.63173e+06,21.9952
1,13,attention,GPU,2.63173e+06,2.64304e+06,11304.2
1,13,attn_qkv_proj,GPU,2.63173e+06,2.6355e+06,3767.29
1,13,Linear,GPU,2.63173e+06,2.6355e+06,3767.29
1,13,self_attention,GPU,2.6355e+06,2.63567e+06,167.476
1,13,AttentionSplit,GPU,2.6355e+06,2.6355e+06,0
1,13,AttentionSum,GPU,2.6355e+06,2.6355e+06,0
1,13,AttentionGen,GPU,2.6355e+06,2.63567e+06,167.476
1,13,AttentionMerge,GPU,2.63567e+06,2.63567e+06,0
1,13,attn_o_proj,GPU,2.63567e+06,2.63818e+06,2514.79
1,13,Linear,GPU,2.63567e+06,2.63818e+06,2514.79
1,13,all_reduce,GPU,2.63818e+06,2.64304e+06,4854.61
1,13,residual_1,GPU,2.64304e+06,2.64306e+06,21.9952
1,13,post_attn_layer_norm,GPU,2.64306e+06,2.64308e+06,21.9952
1,13,expertFFN,GPU,2.64308e+06,2.85836e+06,215276
1,13,sync_0,GPU,2.64308e+06,2.64308e+06,0
1,13,sync__set,GPU,2.64308e+06,2.64308e+06,0
1,13,sync__,GPU,2.64308e+06,2.64308e+06,0
1,13,gate_fn,GPU,2.64308e+06,2.64311e+06,29.3461
1,13,Linear,GPU,2.64308e+06,2.64311e+06,29.3461
1,13,gate_update,GPU,2.64311e+06,2.64311e+06,0
1,13,moe_scatter,GPU,2.64311e+06,2.64311e+06,0
1,13,sync_for_moe_scatter,GPU,2.64311e+06,2.64311e+06,0
1,13,sync__set,GPU,2.64311e+06,2.64311e+06,0
1,13,sync__,GPU,2.64311e+06,2.64311e+06,0
1,13,moe_route,GPU,2.64311e+06,2.64311e+06,0
1,13,expert_FFN_2,GPU,2.64311e+06,2.74828e+06,105167
1,13,gate_proj,GPU,2.64311e+06,2.67816e+06,35046.9
1,13,Linear,GPU,2.64311e+06,2.67816e+06,35046.9
1,13,activation,GPU,2.67816e+06,2.67818e+06,25.6611
1,13,up_proj,GPU,2.67818e+06,2.71323e+06,35046.9
1,13,Linear,GPU,2.67818e+06,2.71323e+06,35046.9
1,13,down_proj,GPU,2.71323e+06,2.74828e+06,35046.9
1,13,Linear,GPU,2.71323e+06,2.74828e+06,35046.9
1,13,expert_FFN_3,GPU,2.74828e+06,2.8535e+06,105225
1,13,gate_proj,GPU,2.74828e+06,2.78333e+06,35057.9
1,13,Linear,GPU,2.74828e+06,2.78333e+06,35057.9
1,13,activation,GPU,2.78333e+06,2.78338e+06,51.3222
1,13,up_proj,GPU,2.78338e+06,2.81844e+06,35057.9
1,13,Linear,GPU,2.78338e+06,2.81844e+06,35057.9
1,13,down_proj,GPU,2.81844e+06,2.8535e+06,35057.9
1,13,Linear,GPU,2.81844e+06,2.8535e+06,35057.9
1,13,sync_2,GPU,2.8535e+06,2.8535e+06,0
1,13,sync__set,GPU,2.8535e+06,2.8535e+06,0
1,13,sync__,GPU,2.8535e+06,2.8535e+06,0
1,13,moe_all_reduce_for_e_tp,GPU,2.8535e+06,2.8535e+06,0
1,13,sync_3,GPU,2.8535e+06,2.8535e+06,0
1,13,sync__set,GPU,2.8535e+06,2.8535e+06,0
1,13,sync__,GPU,2.8535e+06,2.8535e+06,0
1,13,moe_gather,GPU,2.8535e+06,2.8535e+06,0
1,13,sync_for_moe_gather,GPU,2.8535e+06,2.8535e+06,0
1,13,sync__set,GPU,2.8535e+06,2.8535e+06,0
1,13,sync__,GPU,2.8535e+06,2.8535e+06,0
1,13,moe_all_reduce_for_gather,GPU,2.8535e+06,2.85836e+06,4854.61
1,13,sync_5,GPU,2.85836e+06,2.85836e+06,0
1,13,sync__set,GPU,2.85836e+06,2.85836e+06,0
1,13,sync__,GPU,2.85836e+06,2.85836e+06,0
1,13,sync_6,GPU,2.85836e+06,2.85836e+06,0
1,13,sync__set,GPU,2.85836e+06,2.85836e+06,0
1,13,sync__,GPU,2.85836e+06,2.85836e+06,0
1,13,residual_2,GPU,2.85836e+06,2.85838e+06,21.9952
1,14,MoE_decoder_14,GPU,2.85838e+06,3.08516e+06,226785
1,14,input_layer_norm,GPU,2.85838e+06,2.8584e+06,21.9952
1,14,attention,GPU,2.8584e+06,2.8697e+06,11304.2
1,14,attn_qkv_proj,GPU,2.8584e+06,2.86217e+06,3767.29
1,14,Linear,GPU,2.8584e+06,2.86217e+06,3767.29
1,14,self_attention,GPU,2.86217e+06,2.86233e+06,167.476
1,14,AttentionSplit,GPU,2.86217e+06,2.86217e+06,0
1,14,AttentionSum,GPU,2.86217e+06,2.86217e+06,0
1,14,AttentionGen,GPU,2.86217e+06,2.86233e+06,167.476
1,14,AttentionMerge,GPU,2.86233e+06,2.86233e+06,0
1,14,attn_o_proj,GPU,2.86233e+06,2.86485e+06,2514.79
1,14,Linear,GPU,2.86233e+06,2.86485e+06,2514.79
1,14,all_reduce,GPU,2.86485e+06,2.8697e+06,4854.61
1,14,residual_1,GPU,2.8697e+06,2.86973e+06,21.9952
1,14,post_attn_layer_norm,GPU,2.86973e+06,2.86975e+06,21.9952
1,14,expertFFN,GPU,2.86975e+06,3.08514e+06,215393
1,14,sync_0,GPU,2.86975e+06,2.86975e+06,0
1,14,sync__set,GPU,2.86975e+06,2.86975e+06,0
1,14,sync__,GPU,2.86975e+06,2.86975e+06,0
1,14,gate_fn,GPU,2.86975e+06,2.86978e+06,29.3461
1,14,Linear,GPU,2.86975e+06,2.86978e+06,29.3461
1,14,gate_update,GPU,2.86978e+06,2.86978e+06,0
1,14,moe_scatter,GPU,2.86978e+06,2.86978e+06,0
1,14,sync_for_moe_scatter,GPU,2.86978e+06,2.86978e+06,0
1,14,sync__set,GPU,2.86978e+06,2.86978e+06,0
1,14,sync__,GPU,2.86978e+06,2.86978e+06,0
1,14,moe_route,GPU,2.86978e+06,2.86978e+06,0
1,14,expert_FFN_2,GPU,2.86978e+06,2.97506e+06,105284
1,14,gate_proj,GPU,2.86978e+06,2.90485e+06,35068.9
1,14,Linear,GPU,2.86978e+06,2.90485e+06,35068.9
1,14,activation,GPU,2.90485e+06,2.90492e+06,76.9833
1,14,up_proj,GPU,2.90492e+06,2.93999e+06,35068.9
1,14,Linear,GPU,2.90492e+06,2.93999e+06,35068.9
1,14,down_proj,GPU,2.93999e+06,2.97506e+06,35068.9
1,14,Linear,GPU,2.93999e+06,2.97506e+06,35068.9
1,14,expert_FFN_3,GPU,2.97506e+06,3.08029e+06,105225
1,14,gate_proj,GPU,2.97506e+06,3.01012e+06,35057.9
1,14,Linear,GPU,2.97506e+06,3.01012e+06,35057.9
1,14,activation,GPU,3.01012e+06,3.01017e+06,51.3222
1,14,up_proj,GPU,3.01017e+06,3.04523e+06,35057.9
1,14,Linear,GPU,3.01017e+06,3.04523e+06,35057.9
1,14,down_proj,GPU,3.04523e+06,3.08029e+06,35057.9
1,14,Linear,GPU,3.04523e+06,3.08029e+06,35057.9
1,14,sync_2,GPU,3.08029e+06,3.08029e+06,0
1,14,sync__set,GPU,3.08029e+06,3.08029e+06,0
1,14,sync__,GPU,3.08029e+06,3.08029e+06,0
1,14,moe_all_reduce_for_e_tp,GPU,3.08029e+06,3.08029e+06,0
1,14,sync_3,GPU,3.08029e+06,3.08029e+06,0
1,14,sync__set,GPU,3.08029e+06,3.08029e+06,0
1,14,sync__,GPU,3.08029e+06,3.08029e+06,0
1,14,moe_gather,GPU,3.08029e+06,3.08029e+06,0
1,14,sync_for_moe_gather,GPU,3.08029e+06,3.08029e+06,0
1,14,sync__set,GPU,3.08029e+06,3.08029e+06,0
1,14,sync__,GPU,3.08029e+06,3.08029e+06,0
1,14,moe_all_reduce_for_gather,GPU,3.08029e+06,3.08514e+06,4854.61
1,14,sync_5,GPU,3.08514e+06,3.08514e+06,0
1,14,sync__set,GPU,3.08514e+06,3.08514e+06,0
1,14,sync__,GPU,3.08514e+06,3.08514e+06,0
1,14,sync_6,GPU,3.08514e+06,3.08514e+06,0
1,14,sync__set,GPU,3.08514e+06,3.08514e+06,0
1,14,sync__,GPU,3.08514e+06,3.08514e+06,0
1,14,residual_2,GPU,3.08514e+06,3.08516e+06,21.9952
1,15,MoE_decoder_15,GPU,3.08516e+06,3.31177e+06,226609
1,15,input_layer_norm,GPU,3.08516e+06,3.08518e+06,21.9952
1,15,attention,GPU,3.08518e+06,3.09649e+06,11304.2
1,15,attn_qkv_proj,GPU,3.08518e+06,3.08895e+06,3767.29
1,15,Linear,GPU,3.08518e+06,3.08895e+06,3767.29
1,15,self_attention,GPU,3.08895e+06,3.08912e+06,167.476
1,15,AttentionSplit,GPU,3.08895e+06,3.08895e+06,0
1,15,AttentionSum,GPU,3.08895e+06,3.08895e+06,0
1,15,AttentionGen,GPU,3.08895e+06,3.08912e+06,167.476
1,15,AttentionMerge,GPU,3.08912e+06,3.08912e+06,0
1,15,attn_o_proj,GPU,3.08912e+06,3.09163e+06,2514.79
1,15,Linear,GPU,3.08912e+06,3.09163e+06,2514.79
1,15,all_reduce,GPU,3.09163e+06,3.09649e+06,4854.61
1,15,residual_1,GPU,3.09649e+06,3.09651e+06,21.9952
1,15,post_attn_layer_norm,GPU,3.09651e+06,3.09653e+06,21.9952
1,15,expertFFN,GPU,3.09653e+06,3.31175e+06,215217
1,15,sync_0,GPU,3.09653e+06,3.09653e+06,0
1,15,sync__set,GPU,3.09653e+06,3.09653e+06,0
1,15,sync__,GPU,3.09653e+06,3.09653e+06,0
1,15,gate_fn,GPU,3.09653e+06,3.09656e+06,29.3461
1,15,Linear,GPU,3.09653e+06,3.09656e+06,29.3461
1,15,gate_update,GPU,3.09656e+06,3.09656e+06,0
1,15,moe_scatter,GPU,3.09656e+06,3.09656e+06,0
1,15,sync_for_moe_scatter,GPU,3.09656e+06,3.09656e+06,0
1,15,sync__set,GPU,3.09656e+06,3.09656e+06,0
1,15,sync__,GPU,3.09656e+06,3.09656e+06,0
1,15,moe_route,GPU,3.09656e+06,3.09656e+06,0
1,15,expert_FFN_2,GPU,3.09656e+06,3.09656e+06,0
1,15,gate_proj,GPU,3.09656e+06,3.09656e+06,0
1,15,Linear,GPU,3.09656e+06,3.09656e+06,0
1,15,activation,GPU,3.09656e+06,3.09656e+06,0
1,15,up_proj,GPU,3.09656e+06,3.09656e+06,0
1,15,Linear,GPU,3.09656e+06,3.09656e+06,0
1,15,down_proj,GPU,3.09656e+06,3.09656e+06,0
1,15,Linear,GPU,3.09656e+06,3.09656e+06,0
1,15,expert_FFN_3,GPU,3.09656e+06,3.20179e+06,105225
1,15,gate_proj,GPU,3.09656e+06,3.13162e+06,35057.9
1,15,Linear,GPU,3.09656e+06,3.13162e+06,35057.9
1,15,activation,GPU,3.13162e+06,3.13167e+06,51.3222
1,15,up_proj,GPU,3.13167e+06,3.16673e+06,35057.9
1,15,Linear,GPU,3.13167e+06,3.16673e+06,35057.9
1,15,down_proj,GPU,3.16673e+06,3.20179e+06,35057.9
1,15,Linear,GPU,3.16673e+06,3.20179e+06,35057.9
1,15,sync_2,GPU,3.20179e+06,3.30689e+06,105108
1,15,sync__set,GPU,3.20179e+06,3.20179e+06,0
1,15,sync__,GPU,3.20179e+06,3.30689e+06,105108
1,15,moe_all_reduce_for_e_tp,GPU,3.30689e+06,3.30689e+06,0
1,15,sync_3,GPU,3.30689e+06,3.30689e+06,0
1,15,sync__set,GPU,3.30689e+06,3.30689e+06,0
1,15,sync__,GPU,3.30689e+06,3.30689e+06,0
1,15,moe_gather,GPU,3.30689e+06,3.30689e+06,0
1,15,sync_for_moe_gather,GPU,3.30689e+06,3.30689e+06,0
1,15,sync__set,GPU,3.30689e+06,3.30689e+06,0
1,15,sync__,GPU,3.30689e+06,3.30689e+06,0
1,15,moe_all_reduce_for_gather,GPU,3.30689e+06,3.31175e+06,4854.61
1,15,sync_5,GPU,3.31175e+06,3.31175e+06,0
1,15,sync__set,GPU,3.31175e+06,3.31175e+06,0
1,15,sync__,GPU,3.31175e+06,3.31175e+06,0
1,15,sync_6,GPU,3.31175e+06,3.31175e+06,0
1,15,sync__set,GPU,3.31175e+06,3.31175e+06,0
1,15,sync__,GPU,3.31175e+06,3.31175e+06,0
1,15,residual_2,GPU,3.31175e+06,3.31177e+06,21.9952
1,16,MoE_decoder_16,GPU,3.31177e+06,3.53844e+06,226668
1,16,input_layer_norm,GPU,3.31177e+06,3.31179e+06,21.9952
1,16,attention,GPU,3.31179e+06,3.3231e+06,11304.2
1,16,attn_qkv_proj,GPU,3.31179e+06,3.31556e+06,3767.29
1,16,Linear,GPU,3.31179e+06,3.31556e+06,3767.29
1,16,self_attention,GPU,3.31556e+06,3.31573e+06,167.476
1,16,AttentionSplit,GPU,3.31556e+06,3.31556e+06,0
1,16,AttentionSum,GPU,3.31556e+06,3.31556e+06,0
1,16,AttentionGen,GPU,3.31556e+06,3.31573e+06,167.476
1,16,AttentionMerge,GPU,3.31573e+06,3.31573e+06,0
1,16,attn_o_proj,GPU,3.31573e+06,3.31824e+06,2514.79
1,16,Linear,GPU,3.31573e+06,3.31824e+06,2514.79
1,16,all_reduce,GPU,3.31824e+06,3.3231e+06,4854.61
1,16,residual_1,GPU,3.3231e+06,3.32312e+06,21.9952
1,16,post_attn_layer_norm,GPU,3.32312e+06,3.32314e+06,21.9952
1,16,expertFFN,GPU,3.32314e+06,3.53842e+06,215276
1,16,sync_0,GPU,3.32314e+06,3.32314e+06,0
1,16,sync__set,GPU,3.32314e+06,3.32314e+06,0
1,16,sync__,GPU,3.32314e+06,3.32314e+06,0
1,16,gate_fn,GPU,3.32314e+06,3.32317e+06,29.3461
1,16,Linear,GPU,3.32314e+06,3.32317e+06,29.3461
1,16,gate_update,GPU,3.32317e+06,3.32317e+06,0
1,16,moe_scatter,GPU,3.32317e+06,3.32317e+06,0
1,16,sync_for_moe_scatter,GPU,3.32317e+06,3.32317e+06,0
1,16,sync__set,GPU,3.32317e+06,3.32317e+06,0
1,16,sync__,GPU,3.32317e+06,3.32317e+06,0
1,16,moe_route,GPU,3.32317e+06,3.32317e+06,0
1,16,expert_FFN_2,GPU,3.32317e+06,3.42834e+06,105167
1,16,gate_proj,GPU,3.32317e+06,3.35822e+06,35046.9
1,16,Linear,GPU,3.32317e+06,3.35822e+06,35046.9
1,16,activation,GPU,3.35822e+06,3.35824e+06,25.6611
1,16,up_proj,GPU,3.35824e+06,3.39329e+06,35046.9
1,16,Linear,GPU,3.35824e+06,3.39329e+06,35046.9
1,16,down_proj,GPU,3.39329e+06,3.42834e+06,35046.9
1,16,Linear,GPU,3.39329e+06,3.42834e+06,35046.9
1,16,expert_FFN_3,GPU,3.42834e+06,3.42834e+06,0
1,16,gate_proj,GPU,3.42834e+06,3.42834e+06,0
1,16,Linear,GPU,3.42834e+06,3.42834e+06,0
1,16,activation,GPU,3.42834e+06,3.42834e+06,0
1,16,up_proj,GPU,3.42834e+06,3.42834e+06,0
1,16,Linear,GPU,3.42834e+06,3.42834e+06,0
1,16,down_proj,GPU,3.42834e+06,3.42834e+06,0
1,16,Linear,GPU,3.42834e+06,3.42834e+06,0
1,16,sync_2,GPU,3.42834e+06,3.53356e+06,105225
1,16,sync__set,GPU,3.42834e+06,3.42834e+06,0
1,16,sync__,GPU,3.42834e+06,3.53356e+06,105225
1,16,moe_all_reduce_for_e_tp,GPU,3.53356e+06,3.53356e+06,0
1,16,sync_3,GPU,3.53356e+06,3.53356e+06,0
1,16,sync__set,GPU,3.53356e+06,3.53356e+06,0
1,16,sync__,GPU,3.53356e+06,3.53356e+06,0
1,16,moe_gather,GPU,3.53356e+06,3.53356e+06,0
1,16,sync_for_moe_gather,GPU,3.53356e+06,3.53356e+06,0
1,16,sync__set,GPU,3.53356e+06,3.53356e+06,0
1,16,sync__,GPU,3.53356e+06,3.53356e+06,0
1,16,moe_all_reduce_for_gather,GPU,3.53356e+06,3.53842e+06,4854.61
1,16,sync_5,GPU,3.53842e+06,3.53842e+06,0
1,16,sync__set,GPU,3.53842e+06,3.53842e+06,0
1,16,sync__,GPU,3.53842e+06,3.53842e+06,0
1,16,sync_6,GPU,3.53842e+06,3.53842e+06,0
1,16,sync__set,GPU,3.53842e+06,3.53842e+06,0
1,16,sync__,GPU,3.53842e+06,3.53842e+06,0
1,16,residual_2,GPU,3.53842e+06,3.53844e+06,21.9952
1,17,MoE_decoder_17,GPU,3.53844e+06,3.76511e+06,226668
1,17,input_layer_norm,GPU,3.53844e+06,3.53846e+06,21.9952
1,17,attention,GPU,3.53846e+06,3.54977e+06,11304.2
1,17,attn_qkv_proj,GPU,3.53846e+06,3.54223e+06,3767.29
1,17,Linear,GPU,3.53846e+06,3.54223e+06,3767.29
1,17,self_attention,GPU,3.54223e+06,3.5424e+06,167.476
1,17,AttentionSplit,GPU,3.54223e+06,3.54223e+06,0
1,17,AttentionSum,GPU,3.54223e+06,3.54223e+06,0
1,17,AttentionGen,GPU,3.54223e+06,3.5424e+06,167.476
1,17,AttentionMerge,GPU,3.5424e+06,3.5424e+06,0
1,17,attn_o_proj,GPU,3.5424e+06,3.54491e+06,2514.79
1,17,Linear,GPU,3.5424e+06,3.54491e+06,2514.79
1,17,all_reduce,GPU,3.54491e+06,3.54977e+06,4854.61
1,17,residual_1,GPU,3.54977e+06,3.54979e+06,21.9952
1,17,post_attn_layer_norm,GPU,3.54979e+06,3.54981e+06,21.9952
1,17,expertFFN,GPU,3.54981e+06,3.76509e+06,215276
1,17,sync_0,GPU,3.54981e+06,3.54981e+06,0
1,17,sync__set,GPU,3.54981e+06,3.54981e+06,0
1,17,sync__,GPU,3.54981e+06,3.54981e+06,0
1,17,gate_fn,GPU,3.54981e+06,3.54984e+06,29.3461
1,17,Linear,GPU,3.54981e+06,3.54984e+06,29.3461
1,17,gate_update,GPU,3.54984e+06,3.54984e+06,0
1,17,moe_scatter,GPU,3.54984e+06,3.54984e+06,0
1,17,sync_for_moe_scatter,GPU,3.54984e+06,3.54984e+06,0
1,17,sync__set,GPU,3.54984e+06,3.54984e+06,0
1,17,sync__,GPU,3.54984e+06,3.54984e+06,0
1,17,moe_route,GPU,3.54984e+06,3.54984e+06,0
1,17,expert_FFN_2,GPU,3.54984e+06,3.65512e+06,105284
1,17,gate_proj,GPU,3.54984e+06,3.58491e+06,35068.9
1,17,Linear,GPU,3.54984e+06,3.58491e+06,35068.9
1,17,activation,GPU,3.58491e+06,3.58498e+06,76.9833
1,17,up_proj,GPU,3.58498e+06,3.62005e+06,35068.9
1,17,Linear,GPU,3.58498e+06,3.62005e+06,35068.9
1,17,down_proj,GPU,3.62005e+06,3.65512e+06,35068.9
1,17,Linear,GPU,3.62005e+06,3.65512e+06,35068.9
1,17,expert_FFN_3,GPU,3.65512e+06,3.65512e+06,0
1,17,gate_proj,GPU,3.65512e+06,3.65512e+06,0
1,17,Linear,GPU,3.65512e+06,3.65512e+06,0
1,17,activation,GPU,3.65512e+06,3.65512e+06,0
1,17,up_proj,GPU,3.65512e+06,3.65512e+06,0
1,17,Linear,GPU,3.65512e+06,3.65512e+06,0
1,17,down_proj,GPU,3.65512e+06,3.65512e+06,0
1,17,Linear,GPU,3.65512e+06,3.65512e+06,0
1,17,sync_2,GPU,3.65512e+06,3.76023e+06,105108
1,17,sync__set,GPU,3.65512e+06,3.65512e+06,0
1,17,sync__,GPU,3.65512e+06,3.76023e+06,105108
1,17,moe_all_reduce_for_e_tp,GPU,3.76023e+06,3.76023e+06,0
1,17,sync_3,GPU,3.76023e+06,3.76023e+06,0
1,17,sync__set,GPU,3.76023e+06,3.76023e+06,0
1,17,sync__,GPU,3.76023e+06,3.76023e+06,0
1,17,moe_gather,GPU,3.76023e+06,3.76023e+06,0
1,17,sync_for_moe_gather,GPU,3.76023e+06,3.76023e+06,0
1,17,sync__set,GPU,3.76023e+06,3.76023e+06,0
1,17,sync__,GPU,3.76023e+06,3.76023e+06,0
1,17,moe_all_reduce_for_gather,GPU,3.76023e+06,3.76509e+06,4854.61
1,17,sync_5,GPU,3.76509e+06,3.76509e+06,0
1,17,sync__set,GPU,3.76509e+06,3.76509e+06,0
1,17,sync__,GPU,3.76509e+06,3.76509e+06,0
1,17,sync_6,GPU,3.76509e+06,3.76509e+06,0
1,17,sync__set,GPU,3.76509e+06,3.76509e+06,0
1,17,sync__,GPU,3.76509e+06,3.76509e+06,0
1,17,residual_2,GPU,3.76509e+06,3.76511e+06,21.9952
1,18,MoE_decoder_18,GPU,3.76511e+06,3.88673e+06,121619
1,18,input_layer_norm,GPU,3.76511e+06,3.76513e+06,21.9952
1,18,attention,GPU,3.76513e+06,3.77643e+06,11304.2
1,18,attn_qkv_proj,GPU,3.76513e+06,3.7689e+06,3767.29
1,18,Linear,GPU,3.76513e+06,3.7689e+06,3767.29
1,18,self_attention,GPU,3.7689e+06,3.76906e+06,167.476
1,18,AttentionSplit,GPU,3.7689e+06,3.7689e+06,0
1,18,AttentionSum,GPU,3.7689e+06,3.7689e+06,0
1,18,AttentionGen,GPU,3.7689e+06,3.76906e+06,167.476
1,18,AttentionMerge,GPU,3.76906e+06,3.76906e+06,0
1,18,attn_o_proj,GPU,3.76906e+06,3.77158e+06,2514.79
1,18,Linear,GPU,3.76906e+06,3.77158e+06,2514.79
1,18,all_reduce,GPU,3.77158e+06,3.77643e+06,4854.61
1,18,residual_1,GPU,3.77643e+06,3.77646e+06,21.9952
1,18,post_attn_layer_norm,GPU,3.77646e+06,3.77648e+06,21.9952
1,18,expertFFN,GPU,3.77648e+06,3.8867e+06,110226
1,18,sync_0,GPU,3.77648e+06,3.77648e+06,0
1,18,sync__set,GPU,3.77648e+06,3.77648e+06,0
1,18,sync__,GPU,3.77648e+06,3.77648e+06,0
1,18,gate_fn,GPU,3.77648e+06,3.77651e+06,29.3461
1,18,Linear,GPU,3.77648e+06,3.77651e+06,29.3461
1,18,gate_update,GPU,3.77651e+06,3.77651e+06,0
1,18,moe_scatter,GPU,3.77651e+06,3.77651e+06,0
1,18,sync_for_moe_scatter,GPU,3.77651e+06,3.77651e+06,0
1,18,sync__set,GPU,3.77651e+06,3.77651e+06,0
1,18,sync__,GPU,3.77651e+06,3.77651e+06,0
1,18,moe_route,GPU,3.77651e+06,3.77651e+06,0
1,18,expert_FFN_2,GPU,3.77651e+06,3.88167e+06,105167
1,18,gate_proj,GPU,3.77651e+06,3.81155e+06,35046.9
1,18,Linear,GPU,3.77651e+06,3.81155e+06,35046.9
1,18,activation,GPU,3.81155e+06,3.81158e+06,25.6611
1,18,up_proj,GPU,3.81158e+06,3.84663e+06,35046.9
1,18,Linear,GPU,3.81158e+06,3.84663e+06,35046.9
1,18,down_proj,GPU,3.84663e+06,3.88167e+06,35046.9
1,18,Linear,GPU,3.84663e+06,3.88167e+06,35046.9
1,18,expert_FFN_3,GPU,3.88167e+06,3.88167e+06,0
1,18,gate_proj,GPU,3.88167e+06,3.88167e+06,0
1,18,Linear,GPU,3.88167e+06,3.88167e+06,0
1,18,activation,GPU,3.88167e+06,3.88167e+06,0
1,18,up_proj,GPU,3.88167e+06,3.88167e+06,0
1,18,Linear,GPU,3.88167e+06,3.88167e+06,0
1,18,down_proj,GPU,3.88167e+06,3.88167e+06,0
1,18,Linear,GPU,3.88167e+06,3.88167e+06,0
1,18,sync_2,GPU,3.88167e+06,3.88185e+06,175.962
1,18,sync__set,GPU,3.88167e+06,3.88167e+06,0
1,18,sync__,GPU,3.88167e+06,3.88185e+06,175.962
1,18,moe_all_reduce_for_e_tp,GPU,3.88185e+06,3.88185e+06,0
1,18,sync_3,GPU,3.88185e+06,3.88185e+06,0
1,18,sync__set,GPU,3.88185e+06,3.88185e+06,0
1,18,sync__,GPU,3.88185e+06,3.88185e+06,0
1,18,moe_gather,GPU,3.88185e+06,3.88185e+06,0
1,18,sync_for_moe_gather,GPU,3.88185e+06,3.88185e+06,0
1,18,sync__set,GPU,3.88185e+06,3.88185e+06,0
1,18,sync__,GPU,3.88185e+06,3.88185e+06,0
1,18,moe_all_reduce_for_gather,GPU,3.88185e+06,3.8867e+06,4854.61
1,18,sync_5,GPU,3.8867e+06,3.8867e+06,0
1,18,sync__set,GPU,3.8867e+06,3.8867e+06,0
1,18,sync__,GPU,3.8867e+06,3.8867e+06,0
1,18,sync_6,GPU,3.8867e+06,3.8867e+06,0
1,18,sync__set,GPU,3.8867e+06,3.8867e+06,0
1,18,sync__,GPU,3.8867e+06,3.8867e+06,0
1,18,residual_2,GPU,3.8867e+06,3.88673e+06,21.9952
1,19,MoE_decoder_19,GPU,3.88673e+06,4.00829e+06,121560
1,19,input_layer_norm,GPU,3.88673e+06,3.88675e+06,21.9952
1,19,attention,GPU,3.88675e+06,3.89805e+06,11304.2
1,19,attn_qkv_proj,GPU,3.88675e+06,3.89052e+06,3767.29
1,19,Linear,GPU,3.88675e+06,3.89052e+06,3767.29
1,19,self_attention,GPU,3.89052e+06,3.89068e+06,167.476
1,19,AttentionSplit,GPU,3.89052e+06,3.89052e+06,0
1,19,AttentionSum,GPU,3.89052e+06,3.89052e+06,0
1,19,AttentionGen,GPU,3.89052e+06,3.89068e+06,167.476
1,19,AttentionMerge,GPU,3.89068e+06,3.89068e+06,0
1,19,attn_o_proj,GPU,3.89068e+06,3.8932e+06,2514.79
1,19,Linear,GPU,3.89068e+06,3.8932e+06,2514.79
1,19,all_reduce,GPU,3.8932e+06,3.89805e+06,4854.61
1,19,residual_1,GPU,3.89805e+06,3.89807e+06,21.9952
1,19,post_attn_layer_norm,GPU,3.89807e+06,3.8981e+06,21.9952
1,19,expertFFN,GPU,3.8981e+06,4.00826e+06,110168
1,19,sync_0,GPU,3.8981e+06,3.8981e+06,0
1,19,sync__set,GPU,3.8981e+06,3.8981e+06,0
1,19,sync__,GPU,3.8981e+06,3.8981e+06,0
1,19,gate_fn,GPU,3.8981e+06,3.89813e+06,29.3461
1,19,Linear,GPU,3.8981e+06,3.89813e+06,29.3461
1,19,gate_update,GPU,3.89813e+06,3.89813e+06,0
1,19,moe_scatter,GPU,3.89813e+06,3.89813e+06,0
1,19,sync_for_moe_scatter,GPU,3.89813e+06,3.89813e+06,0
1,19,sync__set,GPU,3.89813e+06,3.89813e+06,0
1,19,sync__,GPU,3.89813e+06,3.89813e+06,0
1,19,moe_route,GPU,3.89813e+06,3.89813e+06,0
1,19,expert_FFN_2,GPU,3.89813e+06,3.89813e+06,0
1,19,gate_proj,GPU,3.89813e+06,3.89813e+06,0
1,19,Linear,GPU,3.89813e+06,3.89813e+06,0
1,19,activation,GPU,3.89813e+06,3.89813e+06,0
1,19,up_proj,GPU,3.89813e+06,3.89813e+06,0
1,19,Linear,GPU,3.89813e+06,3.89813e+06,0
1,19,down_proj,GPU,3.89813e+06,3.89813e+06,0
1,19,Linear,GPU,3.89813e+06,3.89813e+06,0
1,19,expert_FFN_3,GPU,3.89813e+06,4.00329e+06,105167
1,19,gate_proj,GPU,3.89813e+06,3.93317e+06,35046.9
1,19,Linear,GPU,3.89813e+06,3.93317e+06,35046.9
1,19,activation,GPU,3.93317e+06,3.9332e+06,25.6611
1,19,up_proj,GPU,3.9332e+06,3.96824e+06,35046.9
1,19,Linear,GPU,3.9332e+06,3.96824e+06,35046.9
1,19,down_proj,GPU,3.96824e+06,4.00329e+06,35046.9
1,19,Linear,GPU,3.96824e+06,4.00329e+06,35046.9
1,19,sync_2,GPU,4.00329e+06,4.00341e+06,117.308
1,19,sync__set,GPU,4.00329e+06,4.00329e+06,0
1,19,sync__,GPU,4.00329e+06,4.00341e+06,117.308
1,19,moe_all_reduce_for_e_tp,GPU,4.00341e+06,4.00341e+06,0
1,19,sync_3,GPU,4.00341e+06,4.00341e+06,0
1,19,sync__set,GPU,4.00341e+06,4.00341e+06,0
1,19,sync__,GPU,4.00341e+06,4.00341e+06,0
1,19,moe_gather,GPU,4.00341e+06,4.00341e+06,0
1,19,sync_for_moe_gather,GPU,4.00341e+06,4.00341e+06,0
1,19,sync__set,GPU,4.00341e+06,4.00341e+06,0
1,19,sync__,GPU,4.00341e+06,4.00341e+06,0
1,19,moe_all_reduce_for_gather,GPU,4.00341e+06,4.00826e+06,4854.61
1,19,sync_5,GPU,4.00826e+06,4.00826e+06,0
1,19,sync__set,GPU,4.00826e+06,4.00826e+06,0
1,19,sync__,GPU,4.00826e+06,4.00826e+06,0
1,19,sync_6,GPU,4.00826e+06,4.00826e+06,0
1,19,sync__set,GPU,4.00826e+06,4.00826e+06,0
1,19,sync__,GPU,4.00826e+06,4.00826e+06,0
1,19,residual_2,GPU,4.00826e+06,4.00829e+06,21.9952
1,20,MoE_decoder_20,GPU,4.00829e+06,4.23501e+06,226726
1,20,input_layer_norm,GPU,4.00829e+06,4.00831e+06,21.9952
1,20,attention,GPU,4.00831e+06,4.01961e+06,11304.2
1,20,attn_qkv_proj,GPU,4.00831e+06,4.01207e+06,3767.29
1,20,Linear,GPU,4.00831e+06,4.01207e+06,3767.29
1,20,self_attention,GPU,4.01207e+06,4.01224e+06,167.476
1,20,AttentionSplit,GPU,4.01207e+06,4.01207e+06,0
1,20,AttentionSum,GPU,4.01207e+06,4.01207e+06,0
1,20,AttentionGen,GPU,4.01207e+06,4.01224e+06,167.476
1,20,AttentionMerge,GPU,4.01224e+06,4.01224e+06,0
1,20,attn_o_proj,GPU,4.01224e+06,4.01476e+06,2514.79
1,20,Linear,GPU,4.01224e+06,4.01476e+06,2514.79
1,20,all_reduce,GPU,4.01476e+06,4.01961e+06,4854.61
1,20,residual_1,GPU,4.01961e+06,4.01963e+06,21.9952
1,20,post_attn_layer_norm,GPU,4.01963e+06,4.01966e+06,21.9952
1,20,expertFFN,GPU,4.01966e+06,4.23499e+06,215334
1,20,sync_0,GPU,4.01966e+06,4.01966e+06,0
1,20,sync__set,GPU,4.01966e+06,4.01966e+06,0
1,20,sync__,GPU,4.01966e+06,4.01966e+06,0
1,20,gate_fn,GPU,4.01966e+06,4.01969e+06,29.3461
1,20,Linear,GPU,4.01966e+06,4.01969e+06,29.3461
1,20,gate_update,GPU,4.01969e+06,4.01969e+06,0
1,20,moe_scatter,GPU,4.01969e+06,4.01969e+06,0
1,20,sync_for_moe_scatter,GPU,4.01969e+06,4.01969e+06,0
1,20,sync__set,GPU,4.01969e+06,4.01969e+06,0
1,20,sync__,GPU,4.01969e+06,4.01969e+06,0
1,20,moe_route,GPU,4.01969e+06,4.01969e+06,0
1,20,expert_FFN_2,GPU,4.01969e+06,4.12491e+06,105225
1,20,gate_proj,GPU,4.01969e+06,4.05474e+06,35057.9
1,20,Linear,GPU,4.01969e+06,4.05474e+06,35057.9
1,20,activation,GPU,4.05474e+06,4.05479e+06,51.3222
1,20,up_proj,GPU,4.05479e+06,4.08985e+06,35057.9
1,20,Linear,GPU,4.05479e+06,4.08985e+06,35057.9
1,20,down_proj,GPU,4.08985e+06,4.12491e+06,35057.9
1,20,Linear,GPU,4.08985e+06,4.12491e+06,35057.9
1,20,expert_FFN_3,GPU,4.12491e+06,4.12491e+06,0
1,20,gate_proj,GPU,4.12491e+06,4.12491e+06,0
1,20,Linear,GPU,4.12491e+06,4.12491e+06,0
1,20,activation,GPU,4.12491e+06,4.12491e+06,0
1,20,up_proj,GPU,4.12491e+06,4.12491e+06,0
1,20,Linear,GPU,4.12491e+06,4.12491e+06,0
1,20,down_proj,GPU,4.12491e+06,4.12491e+06,0
1,20,Linear,GPU,4.12491e+06,4.12491e+06,0
1,20,sync_2,GPU,4.12491e+06,4.23014e+06,105225
1,20,sync__set,GPU,4.12491e+06,4.12491e+06,0
1,20,sync__,GPU,4.12491e+06,4.23014e+06,105225
1,20,moe_all_reduce_for_e_tp,GPU,4.23014e+06,4.23014e+06,0
1,20,sync_3,GPU,4.23014e+06,4.23014e+06,0
1,20,sync__set,GPU,4.23014e+06,4.23014e+06,0
1,20,sync__,GPU,4.23014e+06,4.23014e+06,0
1,20,moe_gather,GPU,4.23014e+06,4.23014e+06,0
1,20,sync_for_moe_gather,GPU,4.23014e+06,4.23014e+06,0
1,20,sync__set,GPU,4.23014e+06,4.23014e+06,0
1,20,sync__,GPU,4.23014e+06,4.23014e+06,0
1,20,moe_all_reduce_for_gather,GPU,4.23014e+06,4.23499e+06,4854.61
1,20,sync_5,GPU,4.23499e+06,4.23499e+06,0
1,20,sync__set,GPU,4.23499e+06,4.23499e+06,0
1,20,sync__,GPU,4.23499e+06,4.23499e+06,0
1,20,sync_6,GPU,4.23499e+06,4.23499e+06,0
1,20,sync__set,GPU,4.23499e+06,4.23499e+06,0
1,20,sync__,GPU,4.23499e+06,4.23499e+06,0
1,20,residual_2,GPU,4.23499e+06,4.23501e+06,21.9952
1,21,MoE_decoder_21,GPU,4.23501e+06,4.4618e+06,226785
1,21,input_layer_norm,GPU,4.23501e+06,4.23503e+06,21.9952
1,21,attention,GPU,4.23503e+06,4.24634e+06,11304.2
1,21,attn_qkv_proj,GPU,4.23503e+06,4.2388e+06,3767.29
1,21,Linear,GPU,4.23503e+06,4.2388e+06,3767.29
1,21,self_attention,GPU,4.2388e+06,4.23897e+06,167.476
1,21,AttentionSplit,GPU,4.2388e+06,4.2388e+06,0
1,21,AttentionSum,GPU,4.2388e+06,4.2388e+06,0
1,21,AttentionGen,GPU,4.2388e+06,4.23897e+06,167.476
1,21,AttentionMerge,GPU,4.23897e+06,4.23897e+06,0
1,21,attn_o_proj,GPU,4.23897e+06,4.24148e+06,2514.79
1,21,Linear,GPU,4.23897e+06,4.24148e+06,2514.79
1,21,all_reduce,GPU,4.24148e+06,4.24634e+06,4854.61
1,21,residual_1,GPU,4.24634e+06,4.24636e+06,21.9952
1,21,post_attn_layer_norm,GPU,4.24636e+06,4.24638e+06,21.9952
1,21,expertFFN,GPU,4.24638e+06,4.46178e+06,215393
1,21,sync_0,GPU,4.24638e+06,4.24638e+06,0
1,21,sync__set,GPU,4.24638e+06,4.24638e+06,0
1,21,sync__,GPU,4.24638e+06,4.24638e+06,0
1,21,gate_fn,GPU,4.24638e+06,4.24641e+06,29.3461
1,21,Linear,GPU,4.24638e+06,4.24641e+06,29.3461
1,21,gate_update,GPU,4.24641e+06,4.24641e+06,0
1,21,moe_scatter,GPU,4.24641e+06,4.24641e+06,0
1,21,sync_for_moe_scatter,GPU,4.24641e+06,4.24641e+06,0
1,21,sync__set,GPU,4.24641e+06,4.24641e+06,0
1,21,sync__,GPU,4.24641e+06,4.24641e+06,0
1,21,moe_route,GPU,4.24641e+06,4.24641e+06,0
1,21,expert_FFN_2,GPU,4.24641e+06,4.35158e+06,105167
1,21,gate_proj,GPU,4.24641e+06,4.28146e+06,35046.9
1,21,Linear,GPU,4.24641e+06,4.28146e+06,35046.9
1,21,activation,GPU,4.28146e+06,4.28148e+06,25.6611
1,21,up_proj,GPU,4.28148e+06,4.31653e+06,35046.9
1,21,Linear,GPU,4.28148e+06,4.31653e+06,35046.9
1,21,down_proj,GPU,4.31653e+06,4.35158e+06,35046.9
1,21,Linear,GPU,4.31653e+06,4.35158e+06,35046.9
1,21,expert_FFN_3,GPU,4.35158e+06,4.35158e+06,0
1,21,gate_proj,GPU,4.35158e+06,4.35158e+06,0
1,21,Linear,GPU,4.35158e+06,4.35158e+06,0
1,21,activation,GPU,4.35158e+06,4.35158e+06,0
1,21,up_proj,GPU,4.35158e+06,4.35158e+06,0
1,21,Linear,GPU,4.35158e+06,4.35158e+06,0
1,21,down_proj,GPU,4.35158e+06,4.35158e+06,0
1,21,Linear,GPU,4.35158e+06,4.35158e+06,0
1,21,sync_2,GPU,4.35158e+06,4.45692e+06,105342
1,21,sync__set,GPU,4.35158e+06,4.35158e+06,0
1,21,sync__,GPU,4.35158e+06,4.45692e+06,105342
1,21,moe_all_reduce_for_e_tp,GPU,4.45692e+06,4.45692e+06,0
1,21,sync_3,GPU,4.45692e+06,4.45692e+06,0
1,21,sync__set,GPU,4.45692e+06,4.45692e+06,0
1,21,sync__,GPU,4.45692e+06,4.45692e+06,0
1,21,moe_gather,GPU,4.45692e+06,4.45692e+06,0
1,21,sync_for_moe_gather,GPU,4.45692e+06,4.45692e+06,0
1,21,sync__set,GPU,4.45692e+06,4.45692e+06,0
1,21,sync__,GPU,4.45692e+06,4.45692e+06,0
1,21,moe_all_reduce_for_gather,GPU,4.45692e+06,4.46178e+06,4854.61
1,21,sync_5,GPU,4.46178e+06,4.46178e+06,0
1,21,sync__set,GPU,4.46178e+06,4.46178e+06,0
1,21,sync__,GPU,4.46178e+06,4.46178e+06,0
1,21,sync_6,GPU,4.46178e+06,4.46178e+06,0
1,21,sync__set,GPU,4.46178e+06,4.46178e+06,0
1,21,sync__,GPU,4.46178e+06,4.46178e+06,0
1,21,residual_2,GPU,4.46178e+06,4.4618e+06,21.9952
1,22,MoE_decoder_22,GPU,4.4618e+06,4.68846e+06,226668
1,22,input_layer_norm,GPU,4.4618e+06,4.46182e+06,21.9952
1,22,attention,GPU,4.46182e+06,4.47312e+06,11304.2
1,22,attn_qkv_proj,GPU,4.46182e+06,4.46559e+06,3767.29
1,22,Linear,GPU,4.46182e+06,4.46559e+06,3767.29
1,22,self_attention,GPU,4.46559e+06,4.46575e+06,167.476
1,22,AttentionSplit,GPU,4.46559e+06,4.46559e+06,0
1,22,AttentionSum,GPU,4.46559e+06,4.46559e+06,0
1,22,AttentionGen,GPU,4.46559e+06,4.46575e+06,167.476
1,22,AttentionMerge,GPU,4.46575e+06,4.46575e+06,0
1,22,attn_o_proj,GPU,4.46575e+06,4.46827e+06,2514.79
1,22,Linear,GPU,4.46575e+06,4.46827e+06,2514.79
1,22,all_reduce,GPU,4.46827e+06,4.47312e+06,4854.61
1,22,residual_1,GPU,4.47312e+06,4.47315e+06,21.9952
1,22,post_attn_layer_norm,GPU,4.47315e+06,4.47317e+06,21.9952
1,22,expertFFN,GPU,4.47317e+06,4.68844e+06,215276
1,22,sync_0,GPU,4.47317e+06,4.47317e+06,0
1,22,sync__set,GPU,4.47317e+06,4.47317e+06,0
1,22,sync__,GPU,4.47317e+06,4.47317e+06,0
1,22,gate_fn,GPU,4.47317e+06,4.4732e+06,29.3461
1,22,Linear,GPU,4.47317e+06,4.4732e+06,29.3461
1,22,gate_update,GPU,4.4732e+06,4.4732e+06,0
1,22,moe_scatter,GPU,4.4732e+06,4.4732e+06,0
1,22,sync_for_moe_scatter,GPU,4.4732e+06,4.4732e+06,0
1,22,sync__set,GPU,4.4732e+06,4.4732e+06,0
1,22,sync__,GPU,4.4732e+06,4.4732e+06,0
1,22,moe_route,GPU,4.4732e+06,4.4732e+06,0
1,22,expert_FFN_2,GPU,4.4732e+06,4.57836e+06,105167
1,22,gate_proj,GPU,4.4732e+06,4.50824e+06,35046.9
1,22,Linear,GPU,4.4732e+06,4.50824e+06,35046.9
1,22,activation,GPU,4.50824e+06,4.50827e+06,25.6611
1,22,up_proj,GPU,4.50827e+06,4.54332e+06,35046.9
1,22,Linear,GPU,4.50827e+06,4.54332e+06,35046.9
1,22,down_proj,GPU,4.54332e+06,4.57836e+06,35046.9
1,22,Linear,GPU,4.54332e+06,4.57836e+06,35046.9
1,22,expert_FFN_3,GPU,4.57836e+06,4.68359e+06,105225
1,22,gate_proj,GPU,4.57836e+06,4.61342e+06,35057.9
1,22,Linear,GPU,4.57836e+06,4.61342e+06,35057.9
1,22,activation,GPU,4.61342e+06,4.61347e+06,51.3222
1,22,up_proj,GPU,4.61347e+06,4.64853e+06,35057.9
1,22,Linear,GPU,4.61347e+06,4.64853e+06,35057.9
1,22,down_proj,GPU,4.64853e+06,4.68359e+06,35057.9
1,22,Linear,GPU,4.64853e+06,4.68359e+06,35057.9
1,22,sync_2,GPU,4.68359e+06,4.68359e+06,0
1,22,sync__set,GPU,4.68359e+06,4.68359e+06,0
1,22,sync__,GPU,4.68359e+06,4.68359e+06,0
1,22,moe_all_reduce_for_e_tp,GPU,4.68359e+06,4.68359e+06,0
1,22,sync_3,GPU,4.68359e+06,4.68359e+06,0
1,22,sync__set,GPU,4.68359e+06,4.68359e+06,0
1,22,sync__,GPU,4.68359e+06,4.68359e+06,0
1,22,moe_gather,GPU,4.68359e+06,4.68359e+06,0
1,22,sync_for_moe_gather,GPU,4.68359e+06,4.68359e+06,0
1,22,sync__set,GPU,4.68359e+06,4.68359e+06,0
1,22,sync__,GPU,4.68359e+06,4.68359e+06,0
1,22,moe_all_reduce_for_gather,GPU,4.68359e+06,4.68844e+06,4854.61
1,22,sync_5,GPU,4.68844e+06,4.68844e+06,0
1,22,sync__set,GPU,4.68844e+06,4.68844e+06,0
1,22,sync__,GPU,4.68844e+06,4.68844e+06,0
1,22,sync_6,GPU,4.68844e+06,4.68844e+06,0
1,22,sync__set,GPU,4.68844e+06,4.68844e+06,0
1,22,sync__,GPU,4.68844e+06,4.68844e+06,0
1,22,residual_2,GPU,4.68844e+06,4.68846e+06,21.9952
1,23,MoE_decoder_23,GPU,4.68846e+06,4.91513e+06,226668
1,23,input_layer_norm,GPU,4.68846e+06,4.68849e+06,21.9952
1,23,attention,GPU,4.68849e+06,4.69979e+06,11304.2
1,23,attn_qkv_proj,GPU,4.68849e+06,4.69225e+06,3767.29
1,23,Linear,GPU,4.68849e+06,4.69225e+06,3767.29
1,23,self_attention,GPU,4.69225e+06,4.69242e+06,167.476
1,23,AttentionSplit,GPU,4.69225e+06,4.69225e+06,0
1,23,AttentionSum,GPU,4.69225e+06,4.69225e+06,0
1,23,AttentionGen,GPU,4.69225e+06,4.69242e+06,167.476
1,23,AttentionMerge,GPU,4.69242e+06,4.69242e+06,0
1,23,attn_o_proj,GPU,4.69242e+06,4.69494e+06,2514.79
1,23,Linear,GPU,4.69242e+06,4.69494e+06,2514.79
1,23,all_reduce,GPU,4.69494e+06,4.69979e+06,4854.61
1,23,residual_1,GPU,4.69979e+06,4.69981e+06,21.9952
1,23,post_attn_layer_norm,GPU,4.69981e+06,4.69984e+06,21.9952
1,23,expertFFN,GPU,4.69984e+06,4.91511e+06,215276
1,23,sync_0,GPU,4.69984e+06,4.69984e+06,0
1,23,sync__set,GPU,4.69984e+06,4.69984e+06,0
1,23,sync__,GPU,4.69984e+06,4.69984e+06,0
1,23,gate_fn,GPU,4.69984e+06,4.69986e+06,29.3461
1,23,Linear,GPU,4.69984e+06,4.69986e+06,29.3461
1,23,gate_update,GPU,4.69986e+06,4.69986e+06,0
1,23,moe_scatter,GPU,4.69986e+06,4.69986e+06,0
1,23,sync_for_moe_scatter,GPU,4.69986e+06,4.69986e+06,0
1,23,sync__set,GPU,4.69986e+06,4.69986e+06,0
1,23,sync__,GPU,4.69986e+06,4.69986e+06,0
1,23,moe_route,GPU,4.69986e+06,4.69986e+06,0
1,23,expert_FFN_2,GPU,4.69986e+06,4.69986e+06,0
1,23,gate_proj,GPU,4.69986e+06,4.69986e+06,0
1,23,Linear,GPU,4.69986e+06,4.69986e+06,0
1,23,activation,GPU,4.69986e+06,4.69986e+06,0
1,23,up_proj,GPU,4.69986e+06,4.69986e+06,0
1,23,Linear,GPU,4.69986e+06,4.69986e+06,0
1,23,down_proj,GPU,4.69986e+06,4.69986e+06,0
1,23,Linear,GPU,4.69986e+06,4.69986e+06,0
1,23,expert_FFN_3,GPU,4.69986e+06,4.80509e+06,105225
1,23,gate_proj,GPU,4.69986e+06,4.73492e+06,35057.9
1,23,Linear,GPU,4.69986e+06,4.73492e+06,35057.9
1,23,activation,GPU,4.73492e+06,4.73497e+06,51.3222
1,23,up_proj,GPU,4.73497e+06,4.77003e+06,35057.9
1,23,Linear,GPU,4.73497e+06,4.77003e+06,35057.9
1,23,down_proj,GPU,4.77003e+06,4.80509e+06,35057.9
1,23,Linear,GPU,4.77003e+06,4.80509e+06,35057.9
1,23,sync_2,GPU,4.80509e+06,4.91026e+06,105167
1,23,sync__set,GPU,4.80509e+06,4.80509e+06,0
1,23,sync__,GPU,4.80509e+06,4.91026e+06,105167
1,23,moe_all_reduce_for_e_tp,GPU,4.91026e+06,4.91026e+06,0
1,23,sync_3,GPU,4.91026e+06,4.91026e+06,0
1,23,sync__set,GPU,4.91026e+06,4.91026e+06,0
1,23,sync__,GPU,4.91026e+06,4.91026e+06,0
1,23,moe_gather,GPU,4.91026e+06,4.91026e+06,0
1,23,sync_for_moe_gather,GPU,4.91026e+06,4.91026e+06,0
1,23,sync__set,GPU,4.91026e+06,4.91026e+06,0
1,23,sync__,GPU,4.91026e+06,4.91026e+06,0
1,23,moe_all_reduce_for_gather,GPU,4.91026e+06,4.91511e+06,4854.61
1,23,sync_5,GPU,4.91511e+06,4.91511e+06,0
1,23,sync__set,GPU,4.91511e+06,4.91511e+06,0
1,23,sync__,GPU,4.91511e+06,4.91511e+06,0
1,23,sync_6,GPU,4.91511e+06,4.91511e+06,0
1,23,sync__set,GPU,4.91511e+06,4.91511e+06,0
1,23,sync__,GPU,4.91511e+06,4.91511e+06,0
1,23,residual_2,GPU,4.91511e+06,4.91513e+06,21.9952
1,24,MoE_decoder_24,GPU,4.91513e+06,5.14186e+06,226726
1,24,input_layer_norm,GPU,4.91513e+06,4.91515e+06,21.9952
1,24,attention,GPU,4.91515e+06,4.92646e+06,11304.2
1,24,attn_qkv_proj,GPU,4.91515e+06,4.91892e+06,3767.29
1,24,Linear,GPU,4.91515e+06,4.91892e+06,3767.29
1,24,self_attention,GPU,4.91892e+06,4.91909e+06,167.476
1,24,AttentionSplit,GPU,4.91892e+06,4.91892e+06,0
1,24,AttentionSum,GPU,4.91892e+06,4.91892e+06,0
1,24,AttentionGen,GPU,4.91892e+06,4.91909e+06,167.476
1,24,AttentionMerge,GPU,4.91909e+06,4.91909e+06,0
1,24,attn_o_proj,GPU,4.91909e+06,4.9216e+06,2514.79
1,24,Linear,GPU,4.91909e+06,4.9216e+06,2514.79
1,24,all_reduce,GPU,4.9216e+06,4.92646e+06,4854.61
1,24,residual_1,GPU,4.92646e+06,4.92648e+06,21.9952
1,24,post_attn_layer_norm,GPU,4.92648e+06,4.9265e+06,21.9952
1,24,expertFFN,GPU,4.9265e+06,5.14184e+06,215334
1,24,sync_0,GPU,4.9265e+06,4.9265e+06,0
1,24,sync__set,GPU,4.9265e+06,4.9265e+06,0
1,24,sync__,GPU,4.9265e+06,4.9265e+06,0
1,24,gate_fn,GPU,4.9265e+06,4.92653e+06,29.3461
1,24,Linear,GPU,4.9265e+06,4.92653e+06,29.3461
1,24,gate_update,GPU,4.92653e+06,4.92653e+06,0
1,24,moe_scatter,GPU,4.92653e+06,4.92653e+06,0
1,24,sync_for_moe_scatter,GPU,4.92653e+06,4.92653e+06,0
1,24,sync__set,GPU,4.92653e+06,4.92653e+06,0
1,24,sync__,GPU,4.92653e+06,4.92653e+06,0
1,24,moe_route,GPU,4.92653e+06,4.92653e+06,0
1,24,expert_FFN_2,GPU,4.92653e+06,4.92653e+06,0
1,24,gate_proj,GPU,4.92653e+06,4.92653e+06,0
1,24,Linear,GPU,4.92653e+06,4.92653e+06,0
1,24,activation,GPU,4.92653e+06,4.92653e+06,0
1,24,up_proj,GPU,4.92653e+06,4.92653e+06,0
1,24,Linear,GPU,4.92653e+06,4.92653e+06,0
1,24,down_proj,GPU,4.92653e+06,4.92653e+06,0
1,24,Linear,GPU,4.92653e+06,4.92653e+06,0
1,24,expert_FFN_3,GPU,4.92653e+06,5.03176e+06,105225
1,24,gate_proj,GPU,4.92653e+06,4.96159e+06,35057.9
1,24,Linear,GPU,4.92653e+06,4.96159e+06,35057.9
1,24,activation,GPU,4.96159e+06,4.96164e+06,51.3222
1,24,up_proj,GPU,4.96164e+06,4.9967e+06,35057.9
1,24,Linear,GPU,4.96164e+06,4.9967e+06,35057.9
1,24,down_proj,GPU,4.9967e+06,5.03176e+06,35057.9
1,24,Linear,GPU,4.9967e+06,5.03176e+06,35057.9
1,24,sync_2,GPU,5.03176e+06,5.13698e+06,105225
1,24,sync__set,GPU,5.03176e+06,5.03176e+06,0
1,24,sync__,GPU,5.03176e+06,5.13698e+06,105225
1,24,moe_all_reduce_for_e_tp,GPU,5.13698e+06,5.13698e+06,0
1,24,sync_3,GPU,5.13698e+06,5.13698e+06,0
1,24,sync__set,GPU,5.13698e+06,5.13698e+06,0
1,24,sync__,GPU,5.13698e+06,5.13698e+06,0
1,24,moe_gather,GPU,5.13698e+06,5.13698e+06,0
1,24,sync_for_moe_gather,GPU,5.13698e+06,5.13698e+06,0
1,24,sync__set,GPU,5.13698e+06,5.13698e+06,0
1,24,sync__,GPU,5.13698e+06,5.13698e+06,0
1,24,moe_all_reduce_for_gather,GPU,5.13698e+06,5.14184e+06,4854.61
1,24,sync_5,GPU,5.14184e+06,5.14184e+06,0
1,24,sync__set,GPU,5.14184e+06,5.14184e+06,0
1,24,sync__,GPU,5.14184e+06,5.14184e+06,0
1,24,sync_6,GPU,5.14184e+06,5.14184e+06,0
1,24,sync__set,GPU,5.14184e+06,5.14184e+06,0
1,24,sync__,GPU,5.14184e+06,5.14184e+06,0
1,24,residual_2,GPU,5.14184e+06,5.14186e+06,21.9952
1,25,MoE_decoder_25,GPU,5.14186e+06,5.36853e+06,226668
1,25,input_layer_norm,GPU,5.14186e+06,5.14188e+06,21.9952
1,25,attention,GPU,5.14188e+06,5.15319e+06,11304.2
1,25,attn_qkv_proj,GPU,5.14188e+06,5.14565e+06,3767.29
1,25,Linear,GPU,5.14188e+06,5.14565e+06,3767.29
1,25,self_attention,GPU,5.14565e+06,5.14582e+06,167.476
1,25,AttentionSplit,GPU,5.14565e+06,5.14565e+06,0
1,25,AttentionSum,GPU,5.14565e+06,5.14565e+06,0
1,25,AttentionGen,GPU,5.14565e+06,5.14582e+06,167.476
1,25,AttentionMerge,GPU,5.14582e+06,5.14582e+06,0
1,25,attn_o_proj,GPU,5.14582e+06,5.14833e+06,2514.79
1,25,Linear,GPU,5.14582e+06,5.14833e+06,2514.79
1,25,all_reduce,GPU,5.14833e+06,5.15319e+06,4854.61
1,25,residual_1,GPU,5.15319e+06,5.15321e+06,21.9952
1,25,post_attn_layer_norm,GPU,5.15321e+06,5.15323e+06,21.9952
1,25,expertFFN,GPU,5.15323e+06,5.3685e+06,215276
1,25,sync_0,GPU,5.15323e+06,5.15323e+06,0
1,25,sync__set,GPU,5.15323e+06,5.15323e+06,0
1,25,sync__,GPU,5.15323e+06,5.15323e+06,0
1,25,gate_fn,GPU,5.15323e+06,5.15326e+06,29.3461
1,25,Linear,GPU,5.15323e+06,5.15326e+06,29.3461
1,25,gate_update,GPU,5.15326e+06,5.15326e+06,0
1,25,moe_scatter,GPU,5.15326e+06,5.15326e+06,0
1,25,sync_for_moe_scatter,GPU,5.15326e+06,5.15326e+06,0
1,25,sync__set,GPU,5.15326e+06,5.15326e+06,0
1,25,sync__,GPU,5.15326e+06,5.15326e+06,0
1,25,moe_route,GPU,5.15326e+06,5.15326e+06,0
1,25,expert_FFN_2,GPU,5.15326e+06,5.25843e+06,105167
1,25,gate_proj,GPU,5.15326e+06,5.18831e+06,35046.9
1,25,Linear,GPU,5.15326e+06,5.18831e+06,35046.9
1,25,activation,GPU,5.18831e+06,5.18833e+06,25.6611
1,25,up_proj,GPU,5.18833e+06,5.22338e+06,35046.9
1,25,Linear,GPU,5.18833e+06,5.22338e+06,35046.9
1,25,down_proj,GPU,5.22338e+06,5.25843e+06,35046.9
1,25,Linear,GPU,5.22338e+06,5.25843e+06,35046.9
1,25,expert_FFN_3,GPU,5.25843e+06,5.36359e+06,105167
1,25,gate_proj,GPU,5.25843e+06,5.29347e+06,35046.9
1,25,Linear,GPU,5.25843e+06,5.29347e+06,35046.9
1,25,activation,GPU,5.29347e+06,5.2935e+06,25.6611
1,25,up_proj,GPU,5.2935e+06,5.32854e+06,35046.9
1,25,Linear,GPU,5.2935e+06,5.32854e+06,35046.9
1,25,down_proj,GPU,5.32854e+06,5.36359e+06,35046.9
1,25,Linear,GPU,5.32854e+06,5.36359e+06,35046.9
1,25,sync_2,GPU,5.36359e+06,5.36365e+06,58.6539
1,25,sync__set,GPU,5.36359e+06,5.36359e+06,0
1,25,sync__,GPU,5.36359e+06,5.36365e+06,58.6539
1,25,moe_all_reduce_for_e_tp,GPU,5.36365e+06,5.36365e+06,0
1,25,sync_3,GPU,5.36365e+06,5.36365e+06,0
1,25,sync__set,GPU,5.36365e+06,5.36365e+06,0
1,25,sync__,GPU,5.36365e+06,5.36365e+06,0
1,25,moe_gather,GPU,5.36365e+06,5.36365e+06,0
1,25,sync_for_moe_gather,GPU,5.36365e+06,5.36365e+06,0
1,25,sync__set,GPU,5.36365e+06,5.36365e+06,0
1,25,sync__,GPU,5.36365e+06,5.36365e+06,0
1,25,moe_all_reduce_for_gather,GPU,5.36365e+06,5.3685e+06,4854.61
1,25,sync_5,GPU,5.3685e+06,5.3685e+06,0
1,25,sync__set,GPU,5.3685e+06,5.3685e+06,0
1,25,sync__,GPU,5.3685e+06,5.3685e+06,0
1,25,sync_6,GPU,5.3685e+06,5.3685e+06,0
1,25,sync__set,GPU,5.3685e+06,5.3685e+06,0
1,25,sync__,GPU,5.3685e+06,5.3685e+06,0
1,25,residual_2,GPU,5.3685e+06,5.36853e+06,21.9952
1,26,MoE_decoder_26,GPU,5.36853e+06,5.59519e+06,226668
1,26,input_layer_norm,GPU,5.36853e+06,5.36855e+06,21.9952
1,26,attention,GPU,5.36855e+06,5.37985e+06,11304.2
1,26,attn_qkv_proj,GPU,5.36855e+06,5.37232e+06,3767.29
1,26,Linear,GPU,5.36855e+06,5.37232e+06,3767.29
1,26,self_attention,GPU,5.37232e+06,5.37248e+06,167.476
1,26,AttentionSplit,GPU,5.37232e+06,5.37232e+06,0
1,26,AttentionSum,GPU,5.37232e+06,5.37232e+06,0
1,26,AttentionGen,GPU,5.37232e+06,5.37248e+06,167.476
1,26,AttentionMerge,GPU,5.37248e+06,5.37248e+06,0
1,26,attn_o_proj,GPU,5.37248e+06,5.375e+06,2514.79
1,26,Linear,GPU,5.37248e+06,5.375e+06,2514.79
1,26,all_reduce,GPU,5.375e+06,5.37985e+06,4854.61
1,26,residual_1,GPU,5.37985e+06,5.37988e+06,21.9952
1,26,post_attn_layer_norm,GPU,5.37988e+06,5.3799e+06,21.9952
1,26,expertFFN,GPU,5.3799e+06,5.59517e+06,215276
1,26,sync_0,GPU,5.3799e+06,5.3799e+06,0
1,26,sync__set,GPU,5.3799e+06,5.3799e+06,0
1,26,sync__,GPU,5.3799e+06,5.3799e+06,0
1,26,gate_fn,GPU,5.3799e+06,5.37993e+06,29.3461
1,26,Linear,GPU,5.3799e+06,5.37993e+06,29.3461
1,26,gate_update,GPU,5.37993e+06,5.37993e+06,0
1,26,moe_scatter,GPU,5.37993e+06,5.37993e+06,0
1,26,sync_for_moe_scatter,GPU,5.37993e+06,5.37993e+06,0
1,26,sync__set,GPU,5.37993e+06,5.37993e+06,0
1,26,sync__,GPU,5.37993e+06,5.37993e+06,0
1,26,moe_route,GPU,5.37993e+06,5.37993e+06,0
1,26,expert_FFN_2,GPU,5.37993e+06,5.48515e+06,105225
1,26,gate_proj,GPU,5.37993e+06,5.41498e+06,35057.9
1,26,Linear,GPU,5.37993e+06,5.41498e+06,35057.9
1,26,activation,GPU,5.41498e+06,5.41504e+06,51.3222
1,26,up_proj,GPU,5.41504e+06,5.45009e+06,35057.9
1,26,Linear,GPU,5.41504e+06,5.45009e+06,35057.9
1,26,down_proj,GPU,5.45009e+06,5.48515e+06,35057.9
1,26,Linear,GPU,5.45009e+06,5.48515e+06,35057.9
1,26,expert_FFN_3,GPU,5.48515e+06,5.59032e+06,105167
1,26,gate_proj,GPU,5.48515e+06,5.5202e+06,35046.9
1,26,Linear,GPU,5.48515e+06,5.5202e+06,35046.9
1,26,activation,GPU,5.5202e+06,5.52022e+06,25.6611
1,26,up_proj,GPU,5.52022e+06,5.55527e+06,35046.9
1,26,Linear,GPU,5.52022e+06,5.55527e+06,35046.9
1,26,down_proj,GPU,5.55527e+06,5.59032e+06,35046.9
1,26,Linear,GPU,5.55527e+06,5.59032e+06,35046.9
1,26,sync_2,GPU,5.59032e+06,5.59032e+06,0
1,26,sync__set,GPU,5.59032e+06,5.59032e+06,0
1,26,sync__,GPU,5.59032e+06,5.59032e+06,0
1,26,moe_all_reduce_for_e_tp,GPU,5.59032e+06,5.59032e+06,0
1,26,sync_3,GPU,5.59032e+06,5.59032e+06,0
1,26,sync__set,GPU,5.59032e+06,5.59032e+06,0
1,26,sync__,GPU,5.59032e+06,5.59032e+06,0
1,26,moe_gather,GPU,5.59032e+06,5.59032e+06,0
1,26,sync_for_moe_gather,GPU,5.59032e+06,5.59032e+06,0
1,26,sync__set,GPU,5.59032e+06,5.59032e+06,0
1,26,sync__,GPU,5.59032e+06,5.59032e+06,0
1,26,moe_all_reduce_for_gather,GPU,5.59032e+06,5.59517e+06,4854.61
1,26,sync_5,GPU,5.59517e+06,5.59517e+06,0
1,26,sync__set,GPU,5.59517e+06,5.59517e+06,0
1,26,sync__,GPU,5.59517e+06,5.59517e+06,0
1,26,sync_6,GPU,5.59517e+06,5.59517e+06,0
1,26,sync__set,GPU,5.59517e+06,5.59517e+06,0
1,26,sync__,GPU,5.59517e+06,5.59517e+06,0
1,26,residual_2,GPU,5.59517e+06,5.59519e+06,21.9952
1,27,MoE_decoder_27,GPU,5.59519e+06,5.8218e+06,226609
1,27,input_layer_norm,GPU,5.59519e+06,5.59522e+06,21.9952
1,27,attention,GPU,5.59522e+06,5.60652e+06,11304.2
1,27,attn_qkv_proj,GPU,5.59522e+06,5.59898e+06,3767.29
1,27,Linear,GPU,5.59522e+06,5.59898e+06,3767.29
1,27,self_attention,GPU,5.59898e+06,5.59915e+06,167.476
1,27,AttentionSplit,GPU,5.59898e+06,5.59898e+06,0
1,27,AttentionSum,GPU,5.59898e+06,5.59898e+06,0
1,27,AttentionGen,GPU,5.59898e+06,5.59915e+06,167.476
1,27,AttentionMerge,GPU,5.59915e+06,5.59915e+06,0
1,27,attn_o_proj,GPU,5.59915e+06,5.60167e+06,2514.79
1,27,Linear,GPU,5.59915e+06,5.60167e+06,2514.79
1,27,all_reduce,GPU,5.60167e+06,5.60652e+06,4854.61
1,27,residual_1,GPU,5.60652e+06,5.60654e+06,21.9952
1,27,post_attn_layer_norm,GPU,5.60654e+06,5.60656e+06,21.9952
1,27,expertFFN,GPU,5.60656e+06,5.82178e+06,215217
1,27,sync_0,GPU,5.60656e+06,5.60656e+06,0
1,27,sync__set,GPU,5.60656e+06,5.60656e+06,0
1,27,sync__,GPU,5.60656e+06,5.60656e+06,0
1,27,gate_fn,GPU,5.60656e+06,5.60659e+06,29.3461
1,27,Linear,GPU,5.60656e+06,5.60659e+06,29.3461
1,27,gate_update,GPU,5.60659e+06,5.60659e+06,0
1,27,moe_scatter,GPU,5.60659e+06,5.60659e+06,0
1,27,sync_for_moe_scatter,GPU,5.60659e+06,5.60659e+06,0
1,27,sync__set,GPU,5.60659e+06,5.60659e+06,0
1,27,sync__,GPU,5.60659e+06,5.60659e+06,0
1,27,moe_route,GPU,5.60659e+06,5.60659e+06,0
1,27,expert_FFN_2,GPU,5.60659e+06,5.60659e+06,0
1,27,gate_proj,GPU,5.60659e+06,5.60659e+06,0
1,27,Linear,GPU,5.60659e+06,5.60659e+06,0
1,27,activation,GPU,5.60659e+06,5.60659e+06,0
1,27,up_proj,GPU,5.60659e+06,5.60659e+06,0
1,27,Linear,GPU,5.60659e+06,5.60659e+06,0
1,27,down_proj,GPU,5.60659e+06,5.60659e+06,0
1,27,Linear,GPU,5.60659e+06,5.60659e+06,0
1,27,expert_FFN_3,GPU,5.60659e+06,5.71182e+06,105225
1,27,gate_proj,GPU,5.60659e+06,5.64165e+06,35057.9
1,27,Linear,GPU,5.60659e+06,5.64165e+06,35057.9
1,27,activation,GPU,5.64165e+06,5.6417e+06,51.3222
1,27,up_proj,GPU,5.6417e+06,5.67676e+06,35057.9
1,27,Linear,GPU,5.6417e+06,5.67676e+06,35057.9
1,27,down_proj,GPU,5.67676e+06,5.71182e+06,35057.9
1,27,Linear,GPU,5.67676e+06,5.71182e+06,35057.9
1,27,sync_2,GPU,5.71182e+06,5.81693e+06,105108
1,27,sync__set,GPU,5.71182e+06,5.71182e+06,0
1,27,sync__,GPU,5.71182e+06,5.81693e+06,105108
1,27,moe_all_reduce_for_e_tp,GPU,5.81693e+06,5.81693e+06,0
1,27,sync_3,GPU,5.81693e+06,5.81693e+06,0
1,27,sync__set,GPU,5.81693e+06,5.81693e+06,0
1,27,sync__,GPU,5.81693e+06,5.81693e+06,0
1,27,moe_gather,GPU,5.81693e+06,5.81693e+06,0
1,27,sync_for_moe_gather,GPU,5.81693e+06,5.81693e+06,0
1,27,sync__set,GPU,5.81693e+06,5.81693e+06,0
1,27,sync__,GPU,5.81693e+06,5.81693e+06,0
1,27,moe_all_reduce_for_gather,GPU,5.81693e+06,5.82178e+06,4854.61
1,27,sync_5,GPU,5.82178e+06,5.82178e+06,0
1,27,sync__set,GPU,5.82178e+06,5.82178e+06,0
1,27,sync__,GPU,5.82178e+06,5.82178e+06,0
1,27,sync_6,GPU,5.82178e+06,5.82178e+06,0
1,27,sync__set,GPU,5.82178e+06,5.82178e+06,0
1,27,sync__,GPU,5.82178e+06,5.82178e+06,0
1,27,residual_2,GPU,5.82178e+06,5.8218e+06,21.9952
1,28,MoE_decoder_28,GPU,5.8218e+06,6.04847e+06,226668
1,28,input_layer_norm,GPU,5.8218e+06,5.82183e+06,21.9952
1,28,attention,GPU,5.82183e+06,5.83313e+06,11304.2
1,28,attn_qkv_proj,GPU,5.82183e+06,5.82559e+06,3767.29
1,28,Linear,GPU,5.82183e+06,5.82559e+06,3767.29
1,28,self_attention,GPU,5.82559e+06,5.82576e+06,167.476
1,28,AttentionSplit,GPU,5.82559e+06,5.82559e+06,0
1,28,AttentionSum,GPU,5.82559e+06,5.82559e+06,0
1,28,AttentionGen,GPU,5.82559e+06,5.82576e+06,167.476
1,28,AttentionMerge,GPU,5.82576e+06,5.82576e+06,0
1,28,attn_o_proj,GPU,5.82576e+06,5.82828e+06,2514.79
1,28,Linear,GPU,5.82576e+06,5.82828e+06,2514.79
1,28,all_reduce,GPU,5.82828e+06,5.83313e+06,4854.61
1,28,residual_1,GPU,5.83313e+06,5.83315e+06,21.9952
1,28,post_attn_layer_norm,GPU,5.83315e+06,5.83317e+06,21.9952
1,28,expertFFN,GPU,5.83317e+06,6.04845e+06,215276
1,28,sync_0,GPU,5.83317e+06,5.83317e+06,0
1,28,sync__set,GPU,5.83317e+06,5.83317e+06,0
1,28,sync__,GPU,5.83317e+06,5.83317e+06,0
1,28,gate_fn,GPU,5.83317e+06,5.8332e+06,29.3461
1,28,Linear,GPU,5.83317e+06,5.8332e+06,29.3461
1,28,gate_update,GPU,5.8332e+06,5.8332e+06,0
1,28,moe_scatter,GPU,5.8332e+06,5.8332e+06,0
1,28,sync_for_moe_scatter,GPU,5.8332e+06,5.8332e+06,0
1,28,sync__set,GPU,5.8332e+06,5.8332e+06,0
1,28,sync__,GPU,5.8332e+06,5.8332e+06,0
1,28,moe_route,GPU,5.8332e+06,5.8332e+06,0
1,28,expert_FFN_2,GPU,5.8332e+06,5.8332e+06,0
1,28,gate_proj,GPU,5.8332e+06,5.8332e+06,0
1,28,Linear,GPU,5.8332e+06,5.8332e+06,0
1,28,activation,GPU,5.8332e+06,5.8332e+06,0
1,28,up_proj,GPU,5.8332e+06,5.8332e+06,0
1,28,Linear,GPU,5.8332e+06,5.8332e+06,0
1,28,down_proj,GPU,5.8332e+06,5.8332e+06,0
1,28,Linear,GPU,5.8332e+06,5.8332e+06,0
1,28,expert_FFN_3,GPU,5.8332e+06,5.93837e+06,105167
1,28,gate_proj,GPU,5.8332e+06,5.86825e+06,35046.9
1,28,Linear,GPU,5.8332e+06,5.86825e+06,35046.9
1,28,activation,GPU,5.86825e+06,5.86828e+06,25.6611
1,28,up_proj,GPU,5.86828e+06,5.90332e+06,35046.9
1,28,Linear,GPU,5.86828e+06,5.90332e+06,35046.9
1,28,down_proj,GPU,5.90332e+06,5.93837e+06,35046.9
1,28,Linear,GPU,5.90332e+06,5.93837e+06,35046.9
1,28,sync_2,GPU,5.93837e+06,6.0436e+06,105225
1,28,sync__set,GPU,5.93837e+06,5.93837e+06,0
1,28,sync__,GPU,5.93837e+06,6.0436e+06,105225
1,28,moe_all_reduce_for_e_tp,GPU,6.0436e+06,6.0436e+06,0
1,28,sync_3,GPU,6.0436e+06,6.0436e+06,0
1,28,sync__set,GPU,6.0436e+06,6.0436e+06,0
1,28,sync__,GPU,6.0436e+06,6.0436e+06,0
1,28,moe_gather,GPU,6.0436e+06,6.0436e+06,0
1,28,sync_for_moe_gather,GPU,6.0436e+06,6.0436e+06,0
1,28,sync__set,GPU,6.0436e+06,6.0436e+06,0
1,28,sync__,GPU,6.0436e+06,6.0436e+06,0
1,28,moe_all_reduce_for_gather,GPU,6.0436e+06,6.04845e+06,4854.61
1,28,sync_5,GPU,6.04845e+06,6.04845e+06,0
1,28,sync__set,GPU,6.04845e+06,6.04845e+06,0
1,28,sync__,GPU,6.04845e+06,6.04845e+06,0
1,28,sync_6,GPU,6.04845e+06,6.04845e+06,0
1,28,sync__set,GPU,6.04845e+06,6.04845e+06,0
1,28,sync__,GPU,6.04845e+06,6.04845e+06,0
1,28,residual_2,GPU,6.04845e+06,6.04847e+06,21.9952
1,29,MoE_decoder_29,GPU,6.04847e+06,6.27526e+06,226785
1,29,input_layer_norm,GPU,6.04847e+06,6.04849e+06,21.9952
1,29,attention,GPU,6.04849e+06,6.0598e+06,11304.2
1,29,attn_qkv_proj,GPU,6.04849e+06,6.05226e+06,3767.29
1,29,Linear,GPU,6.04849e+06,6.05226e+06,3767.29
1,29,self_attention,GPU,6.05226e+06,6.05243e+06,167.476
1,29,AttentionSplit,GPU,6.05226e+06,6.05226e+06,0
1,29,AttentionSum,GPU,6.05226e+06,6.05226e+06,0
1,29,AttentionGen,GPU,6.05226e+06,6.05243e+06,167.476
1,29,AttentionMerge,GPU,6.05243e+06,6.05243e+06,0
1,29,attn_o_proj,GPU,6.05243e+06,6.05494e+06,2514.79
1,29,Linear,GPU,6.05243e+06,6.05494e+06,2514.79
1,29,all_reduce,GPU,6.05494e+06,6.0598e+06,4854.61
1,29,residual_1,GPU,6.0598e+06,6.05982e+06,21.9952
1,29,post_attn_layer_norm,GPU,6.05982e+06,6.05984e+06,21.9952
1,29,expertFFN,GPU,6.05984e+06,6.27523e+06,215393
1,29,sync_0,GPU,6.05984e+06,6.05984e+06,0
1,29,sync__set,GPU,6.05984e+06,6.05984e+06,0
1,29,sync__,GPU,6.05984e+06,6.05984e+06,0
1,29,gate_fn,GPU,6.05984e+06,6.05987e+06,29.3461
1,29,Linear,GPU,6.05984e+06,6.05987e+06,29.3461
1,29,gate_update,GPU,6.05987e+06,6.05987e+06,0
1,29,moe_scatter,GPU,6.05987e+06,6.05987e+06,0
1,29,sync_for_moe_scatter,GPU,6.05987e+06,6.05987e+06,0
1,29,sync__set,GPU,6.05987e+06,6.05987e+06,0
1,29,sync__,GPU,6.05987e+06,6.05987e+06,0
1,29,moe_route,GPU,6.05987e+06,6.05987e+06,0
1,29,expert_FFN_2,GPU,6.05987e+06,6.05987e+06,0
1,29,gate_proj,GPU,6.05987e+06,6.05987e+06,0
1,29,Linear,GPU,6.05987e+06,6.05987e+06,0
1,29,activation,GPU,6.05987e+06,6.05987e+06,0
1,29,up_proj,GPU,6.05987e+06,6.05987e+06,0
1,29,Linear,GPU,6.05987e+06,6.05987e+06,0
1,29,down_proj,GPU,6.05987e+06,6.05987e+06,0
1,29,Linear,GPU,6.05987e+06,6.05987e+06,0
1,29,expert_FFN_3,GPU,6.05987e+06,6.16504e+06,105167
1,29,gate_proj,GPU,6.05987e+06,6.09492e+06,35046.9
1,29,Linear,GPU,6.05987e+06,6.09492e+06,35046.9
1,29,activation,GPU,6.09492e+06,6.09494e+06,25.6611
1,29,up_proj,GPU,6.09494e+06,6.12999e+06,35046.9
1,29,Linear,GPU,6.09494e+06,6.12999e+06,35046.9
1,29,down_proj,GPU,6.12999e+06,6.16504e+06,35046.9
1,29,Linear,GPU,6.12999e+06,6.16504e+06,35046.9
1,29,sync_2,GPU,6.16504e+06,6.27038e+06,105342
1,29,sync__set,GPU,6.16504e+06,6.16504e+06,0
1,29,sync__,GPU,6.16504e+06,6.27038e+06,105342
1,29,moe_all_reduce_for_e_tp,GPU,6.27038e+06,6.27038e+06,0
1,29,sync_3,GPU,6.27038e+06,6.27038e+06,0
1,29,sync__set,GPU,6.27038e+06,6.27038e+06,0
1,29,sync__,GPU,6.27038e+06,6.27038e+06,0
1,29,moe_gather,GPU,6.27038e+06,6.27038e+06,0
1,29,sync_for_moe_gather,GPU,6.27038e+06,6.27038e+06,0
1,29,sync__set,GPU,6.27038e+06,6.27038e+06,0
1,29,sync__,GPU,6.27038e+06,6.27038e+06,0
1,29,moe_all_reduce_for_gather,GPU,6.27038e+06,6.27523e+06,4854.61
1,29,sync_5,GPU,6.27523e+06,6.27523e+06,0
1,29,sync__set,GPU,6.27523e+06,6.27523e+06,0
1,29,sync__,GPU,6.27523e+06,6.27523e+06,0
1,29,sync_6,GPU,6.27523e+06,6.27523e+06,0
1,29,sync__set,GPU,6.27523e+06,6.27523e+06,0
1,29,sync__,GPU,6.27523e+06,6.27523e+06,0
1,29,residual_2,GPU,6.27523e+06,6.27526e+06,21.9952
1,30,MoE_decoder_30,GPU,6.27526e+06,6.50192e+06,226668
1,30,input_layer_norm,GPU,6.27526e+06,6.27528e+06,21.9952
1,30,attention,GPU,6.27528e+06,6.28658e+06,11304.2
1,30,attn_qkv_proj,GPU,6.27528e+06,6.27905e+06,3767.29
1,30,Linear,GPU,6.27528e+06,6.27905e+06,3767.29
1,30,self_attention,GPU,6.27905e+06,6.27921e+06,167.476
1,30,AttentionSplit,GPU,6.27905e+06,6.27905e+06,0
1,30,AttentionSum,GPU,6.27905e+06,6.27905e+06,0
1,30,AttentionGen,GPU,6.27905e+06,6.27921e+06,167.476
1,30,AttentionMerge,GPU,6.27921e+06,6.27921e+06,0
1,30,attn_o_proj,GPU,6.27921e+06,6.28173e+06,2514.79
1,30,Linear,GPU,6.27921e+06,6.28173e+06,2514.79
1,30,all_reduce,GPU,6.28173e+06,6.28658e+06,4854.61
1,30,residual_1,GPU,6.28658e+06,6.2866e+06,21.9952
1,30,post_attn_layer_norm,GPU,6.2866e+06,6.28663e+06,21.9952
1,30,expertFFN,GPU,6.28663e+06,6.5019e+06,215276
1,30,sync_0,GPU,6.28663e+06,6.28663e+06,0
1,30,sync__set,GPU,6.28663e+06,6.28663e+06,0
1,30,sync__,GPU,6.28663e+06,6.28663e+06,0
1,30,gate_fn,GPU,6.28663e+06,6.28666e+06,29.3461
1,30,Linear,GPU,6.28663e+06,6.28666e+06,29.3461
1,30,gate_update,GPU,6.28666e+06,6.28666e+06,0
1,30,moe_scatter,GPU,6.28666e+06,6.28666e+06,0
1,30,sync_for_moe_scatter,GPU,6.28666e+06,6.28666e+06,0
1,30,sync__set,GPU,6.28666e+06,6.28666e+06,0
1,30,sync__,GPU,6.28666e+06,6.28666e+06,0
1,30,moe_route,GPU,6.28666e+06,6.28666e+06,0
1,30,expert_FFN_2,GPU,6.28666e+06,6.28666e+06,0
1,30,gate_proj,GPU,6.28666e+06,6.28666e+06,0
1,30,Linear,GPU,6.28666e+06,6.28666e+06,0
1,30,activation,GPU,6.28666e+06,6.28666e+06,0
1,30,up_proj,GPU,6.28666e+06,6.28666e+06,0
1,30,Linear,GPU,6.28666e+06,6.28666e+06,0
1,30,down_proj,GPU,6.28666e+06,6.28666e+06,0
1,30,Linear,GPU,6.28666e+06,6.28666e+06,0
1,30,expert_FFN_3,GPU,6.28666e+06,6.39188e+06,105225
1,30,gate_proj,GPU,6.28666e+06,6.32171e+06,35057.9
1,30,Linear,GPU,6.28666e+06,6.32171e+06,35057.9
1,30,activation,GPU,6.32171e+06,6.32177e+06,51.3222
1,30,up_proj,GPU,6.32177e+06,6.35682e+06,35057.9
1,30,Linear,GPU,6.32177e+06,6.35682e+06,35057.9
1,30,down_proj,GPU,6.35682e+06,6.39188e+06,35057.9
1,30,Linear,GPU,6.35682e+06,6.39188e+06,35057.9
1,30,sync_2,GPU,6.39188e+06,6.49705e+06,105167
1,30,sync__set,GPU,6.39188e+06,6.39188e+06,0
1,30,sync__,GPU,6.39188e+06,6.49705e+06,105167
1,30,moe_all_reduce_for_e_tp,GPU,6.49705e+06,6.49705e+06,0
1,30,sync_3,GPU,6.49705e+06,6.49705e+06,0
1,30,sync__set,GPU,6.49705e+06,6.49705e+06,0
1,30,sync__,GPU,6.49705e+06,6.49705e+06,0
1,30,moe_gather,GPU,6.49705e+06,6.49705e+06,0
1,30,sync_for_moe_gather,GPU,6.49705e+06,6.49705e+06,0
1,30,sync__set,GPU,6.49705e+06,6.49705e+06,0
1,30,sync__,GPU,6.49705e+06,6.49705e+06,0
1,30,moe_all_reduce_for_gather,GPU,6.49705e+06,6.5019e+06,4854.61
1,30,sync_5,GPU,6.5019e+06,6.5019e+06,0
1,30,sync__set,GPU,6.5019e+06,6.5019e+06,0
1,30,sync__,GPU,6.5019e+06,6.5019e+06,0
1,30,sync_6,GPU,6.5019e+06,6.5019e+06,0
1,30,sync__set,GPU,6.5019e+06,6.5019e+06,0
1,30,sync__,GPU,6.5019e+06,6.5019e+06,0
1,30,residual_2,GPU,6.5019e+06,6.50192e+06,21.9952
1,31,MoE_decoder_31,GPU,6.50192e+06,6.72859e+06,226668
1,31,input_layer_norm,GPU,6.50192e+06,6.50195e+06,21.9952
1,31,attention,GPU,6.50195e+06,6.51325e+06,11304.2
1,31,attn_qkv_proj,GPU,6.50195e+06,6.50571e+06,3767.29
1,31,Linear,GPU,6.50195e+06,6.50571e+06,3767.29
1,31,self_attention,GPU,6.50571e+06,6.50588e+06,167.476
1,31,AttentionSplit,GPU,6.50571e+06,6.50571e+06,0
1,31,AttentionSum,GPU,6.50571e+06,6.50571e+06,0
1,31,AttentionGen,GPU,6.50571e+06,6.50588e+06,167.476
1,31,AttentionMerge,GPU,6.50588e+06,6.50588e+06,0
1,31,attn_o_proj,GPU,6.50588e+06,6.5084e+06,2514.79
1,31,Linear,GPU,6.50588e+06,6.5084e+06,2514.79
1,31,all_reduce,GPU,6.5084e+06,6.51325e+06,4854.61
1,31,residual_1,GPU,6.51325e+06,6.51327e+06,21.9952
1,31,post_attn_layer_norm,GPU,6.51327e+06,6.51329e+06,21.9952
1,31,expertFFN,GPU,6.51329e+06,6.72857e+06,215276
1,31,sync_0,GPU,6.51329e+06,6.51329e+06,0
1,31,sync__set,GPU,6.51329e+06,6.51329e+06,0
1,31,sync__,GPU,6.51329e+06,6.51329e+06,0
1,31,gate_fn,GPU,6.51329e+06,6.51332e+06,29.3461
1,31,Linear,GPU,6.51329e+06,6.51332e+06,29.3461
1,31,gate_update,GPU,6.51332e+06,6.51332e+06,0
1,31,moe_scatter,GPU,6.51332e+06,6.51332e+06,0
1,31,sync_for_moe_scatter,GPU,6.51332e+06,6.51332e+06,0
1,31,sync__set,GPU,6.51332e+06,6.51332e+06,0
1,31,sync__,GPU,6.51332e+06,6.51332e+06,0
1,31,moe_route,GPU,6.51332e+06,6.51332e+06,0
1,31,expert_FFN_2,GPU,6.51332e+06,6.61849e+06,105167
1,31,gate_proj,GPU,6.51332e+06,6.54837e+06,35046.9
1,31,Linear,GPU,6.51332e+06,6.54837e+06,35046.9
1,31,activation,GPU,6.54837e+06,6.5484e+06,25.6611
1,31,up_proj,GPU,6.5484e+06,6.58344e+06,35046.9
1,31,Linear,GPU,6.5484e+06,6.58344e+06,35046.9
1,31,down_proj,GPU,6.58344e+06,6.61849e+06,35046.9
1,31,Linear,GPU,6.58344e+06,6.61849e+06,35046.9
1,31,expert_FFN_3,GPU,6.61849e+06,6.72366e+06,105167
1,31,gate_proj,GPU,6.61849e+06,6.65354e+06,35046.9
1,31,Linear,GPU,6.61849e+06,6.65354e+06,35046.9
1,31,activation,GPU,6.65354e+06,6.65356e+06,25.6611
1,31,up_proj,GPU,6.65356e+06,6.68861e+06,35046.9
1,31,Linear,GPU,6.65356e+06,6.68861e+06,35046.9
1,31,down_proj,GPU,6.68861e+06,6.72366e+06,35046.9
1,31,Linear,GPU,6.68861e+06,6.72366e+06,35046.9
1,31,sync_2,GPU,6.72366e+06,6.72372e+06,58.6539
1,31,sync__set,GPU,6.72366e+06,6.72366e+06,0
1,31,sync__,GPU,6.72366e+06,6.72372e+06,58.6539
1,31,moe_all_reduce_for_e_tp,GPU,6.72372e+06,6.72372e+06,0
1,31,sync_3,GPU,6.72372e+06,6.72372e+06,0
1,31,sync__set,GPU,6.72372e+06,6.72372e+06,0
1,31,sync__,GPU,6.72372e+06,6.72372e+06,0
1,31,moe_gather,GPU,6.72372e+06,6.72372e+06,0
1,31,sync_for_moe_gather,GPU,6.72372e+06,6.72372e+06,0
1,31,sync__set,GPU,6.72372e+06,6.72372e+06,0
1,31,sync__,GPU,6.72372e+06,6.72372e+06,0
1,31,moe_all_reduce_for_gather,GPU,6.72372e+06,6.72857e+06,4854.61
1,31,sync_5,GPU,6.72857e+06,6.72857e+06,0
1,31,sync__set,GPU,6.72857e+06,6.72857e+06,0
1,31,sync__,GPU,6.72857e+06,6.72857e+06,0
1,31,sync_6,GPU,6.72857e+06,6.72857e+06,0
1,31,sync__set,GPU,6.72857e+06,6.72857e+06,0
1,31,sync__,GPU,6.72857e+06,6.72857e+06,0
1,31,residual_2,GPU,6.72857e+06,6.72859e+06,21.9952
2,0,MoE_decoder_0,GPU,0,226726,226726
2,0,input_layer_norm,GPU,0,21.9952,21.9952
2,0,attention,GPU,21.9952,11326.2,11304.2
2,0,attn_qkv_proj,GPU,21.9952,3789.29,3767.29
2,0,Linear,GPU,21.9952,3789.29,3767.29
2,0,self_attention,GPU,3789.29,3956.76,167.476
2,0,AttentionSplit,GPU,3789.29,3789.29,0
2,0,AttentionSum,GPU,3789.29,3789.29,0
2,0,AttentionGen,GPU,3789.29,3956.76,167.476
2,0,AttentionMerge,GPU,3956.76,3956.76,0
2,0,attn_o_proj,GPU,3956.76,6471.55,2514.79
2,0,Linear,GPU,3956.76,6471.55,2514.79
2,0,all_reduce,GPU,6471.55,11326.2,4854.61
2,0,residual_1,GPU,11326.2,11348.2,21.9952
2,0,post_attn_layer_norm,GPU,11348.2,11370.2,21.9952
2,0,expertFFN,GPU,11370.2,226704,215334
2,0,sync_0,GPU,11370.2,11370.2,0
2,0,sync__set,GPU,11370.2,11370.2,0
2,0,sync__,GPU,11370.2,11370.2,0
2,0,gate_fn,GPU,11370.2,11399.5,29.3461
2,0,Linear,GPU,11370.2,11399.5,29.3461
2,0,gate_update,GPU,11399.5,11399.5,0
2,0,moe_scatter,GPU,11399.5,11399.5,0
2,0,sync_for_moe_scatter,GPU,11399.5,11399.5,0
2,0,sync__set,GPU,11399.5,11399.5,0
2,0,sync__,GPU,11399.5,11399.5,0
2,0,moe_route,GPU,11399.5,11399.5,0
2,0,expert_FFN_4,GPU,11399.5,11399.5,0
2,0,gate_proj,GPU,11399.5,11399.5,0
2,0,Linear,GPU,11399.5,11399.5,0
2,0,activation,GPU,11399.5,11399.5,0
2,0,up_proj,GPU,11399.5,11399.5,0
2,0,Linear,GPU,11399.5,11399.5,0
2,0,down_proj,GPU,11399.5,11399.5,0
2,0,Linear,GPU,11399.5,11399.5,0
2,0,expert_FFN_5,GPU,11399.5,116625,105225
2,0,gate_proj,GPU,11399.5,46457.4,35057.9
2,0,Linear,GPU,11399.5,46457.4,35057.9
2,0,activation,GPU,46457.4,46508.8,51.3222
2,0,up_proj,GPU,46508.8,81566.7,35057.9
2,0,Linear,GPU,46508.8,81566.7,35057.9
2,0,down_proj,GPU,81566.7,116625,35057.9
2,0,Linear,GPU,81566.7,116625,35057.9
2,0,sync_2,GPU,116625,221850,105225
2,0,sync__set,GPU,116625,116625,0
2,0,sync__,GPU,116625,221850,105225
2,0,moe_all_reduce_for_e_tp,GPU,221850,221850,0
2,0,sync_3,GPU,221850,221850,0
2,0,sync__set,GPU,221850,221850,0
2,0,sync__,GPU,221850,221850,0
2,0,moe_gather,GPU,221850,221850,0
2,0,sync_for_moe_gather,GPU,221850,221850,0
2,0,sync__set,GPU,221850,221850,0
2,0,sync__,GPU,221850,221850,0
2,0,moe_all_reduce_for_gather,GPU,221850,226704,4854.61
2,0,sync_5,GPU,226704,226704,0
2,0,sync__set,GPU,226704,226704,0
2,0,sync__,GPU,226704,226704,0
2,0,sync_6,GPU,226704,226704,0
2,0,sync__set,GPU,226704,226704,0
2,0,sync__,GPU,226704,226704,0
2,0,residual_2,GPU,226704,226726,21.9952
2,1,MoE_decoder_1,GPU,226726,453512,226785
2,1,input_layer_norm,GPU,226726,226748,21.9952
2,1,attention,GPU,226748,238053,11304.2
2,1,attn_qkv_proj,GPU,226748,230516,3767.29
2,1,Linear,GPU,226748,230516,3767.29
2,1,self_attention,GPU,230516,230683,167.476
2,1,AttentionSplit,GPU,230516,230516,0
2,1,AttentionSum,GPU,230516,230516,0
2,1,AttentionGen,GPU,230516,230683,167.476
2,1,AttentionMerge,GPU,230683,230683,0
2,1,attn_o_proj,GPU,230683,233198,2514.79
2,1,Linear,GPU,230683,233198,2514.79
2,1,all_reduce,GPU,233198,238053,4854.61
2,1,residual_1,GPU,238053,238075,21.9952
2,1,post_attn_layer_norm,GPU,238075,238097,21.9952
2,1,expertFFN,GPU,238097,453490,215393
2,1,sync_0,GPU,238097,238097,0
2,1,sync__set,GPU,238097,238097,0
2,1,sync__,GPU,238097,238097,0
2,1,gate_fn,GPU,238097,238126,29.3461
2,1,Linear,GPU,238097,238126,29.3461
2,1,gate_update,GPU,238126,238126,0
2,1,moe_scatter,GPU,238126,238126,0
2,1,sync_for_moe_scatter,GPU,238126,238126,0
2,1,sync__set,GPU,238126,238126,0
2,1,sync__,GPU,238126,238126,0
2,1,moe_route,GPU,238126,238126,0
2,1,expert_FFN_4,GPU,238126,343351,105225
2,1,gate_proj,GPU,238126,273184,35057.9
2,1,Linear,GPU,238126,273184,35057.9
2,1,activation,GPU,273184,273235,51.3222
2,1,up_proj,GPU,273235,308293,35057.9
2,1,Linear,GPU,273235,308293,35057.9
2,1,down_proj,GPU,308293,343351,35057.9
2,1,Linear,GPU,308293,343351,35057.9
2,1,expert_FFN_5,GPU,343351,448518,105167
2,1,gate_proj,GPU,343351,378398,35046.9
2,1,Linear,GPU,343351,378398,35046.9
2,1,activation,GPU,378398,378424,25.6611
2,1,up_proj,GPU,378424,413471,35046.9
2,1,Linear,GPU,378424,413471,35046.9
2,1,down_proj,GPU,413471,448518,35046.9
2,1,Linear,GPU,413471,448518,35046.9
2,1,sync_2,GPU,448518,448635,117.308
2,1,sync__set,GPU,448518,448518,0
2,1,sync__,GPU,448518,448635,117.308
2,1,moe_all_reduce_for_e_tp,GPU,448635,448635,0
2,1,sync_3,GPU,448635,448635,0
2,1,sync__set,GPU,448635,448635,0
2,1,sync__,GPU,448635,448635,0
2,1,moe_gather,GPU,448635,448635,0
2,1,sync_for_moe_gather,GPU,448635,448635,0
2,1,sync__set,GPU,448635,448635,0
2,1,sync__,GPU,448635,448635,0
2,1,moe_all_reduce_for_gather,GPU,448635,453490,4854.61
2,1,sync_5,GPU,453490,453490,0
2,1,sync__set,GPU,453490,453490,0
2,1,sync__,GPU,453490,453490,0
2,1,sync_6,GPU,453490,453490,0
2,1,sync__set,GPU,453490,453490,0
2,1,sync__,GPU,453490,453490,0
2,1,residual_2,GPU,453490,453512,21.9952
2,2,MoE_decoder_2,GPU,453512,680238,226726
2,2,input_layer_norm,GPU,453512,453534,21.9952
2,2,attention,GPU,453534,464838,11304.2
2,2,attn_qkv_proj,GPU,453534,457301,3767.29
2,2,Linear,GPU,453534,457301,3767.29
2,2,self_attention,GPU,457301,457468,167.476
2,2,AttentionSplit,GPU,457301,457301,0
2,2,AttentionSum,GPU,457301,457301,0
2,2,AttentionGen,GPU,457301,457468,167.476
2,2,AttentionMerge,GPU,457468,457468,0
2,2,attn_o_proj,GPU,457468,459983,2514.79
2,2,Linear,GPU,457468,459983,2514.79
2,2,all_reduce,GPU,459983,464838,4854.61
2,2,residual_1,GPU,464838,464860,21.9952
2,2,post_attn_layer_norm,GPU,464860,464882,21.9952
2,2,expertFFN,GPU,464882,680216,215334
2,2,sync_0,GPU,464882,464882,0
2,2,sync__set,GPU,464882,464882,0
2,2,sync__,GPU,464882,464882,0
2,2,gate_fn,GPU,464882,464911,29.3461
2,2,Linear,GPU,464882,464911,29.3461
2,2,gate_update,GPU,464911,464911,0
2,2,moe_scatter,GPU,464911,464911,0
2,2,sync_for_moe_scatter,GPU,464911,464911,0
2,2,sync__set,GPU,464911,464911,0
2,2,sync__,GPU,464911,464911,0
2,2,moe_route,GPU,464911,464911,0
2,2,expert_FFN_4,GPU,464911,570078,105167
2,2,gate_proj,GPU,464911,499958,35046.9
2,2,Linear,GPU,464911,499958,35046.9
2,2,activation,GPU,499958,499984,25.6611
2,2,up_proj,GPU,499984,535031,35046.9
2,2,Linear,GPU,499984,535031,35046.9
2,2,down_proj,GPU,535031,570078,35046.9
2,2,Linear,GPU,535031,570078,35046.9
2,2,expert_FFN_5,GPU,570078,675244,105167
2,2,gate_proj,GPU,570078,605124,35046.9
2,2,Linear,GPU,570078,605124,35046.9
2,2,activation,GPU,605124,605150,25.6611
2,2,up_proj,GPU,605150,640197,35046.9
2,2,Linear,GPU,605150,640197,35046.9
2,2,down_proj,GPU,640197,675244,35046.9
2,2,Linear,GPU,640197,675244,35046.9
2,2,sync_2,GPU,675244,675361,117.308
2,2,sync__set,GPU,675244,675244,0
2,2,sync__,GPU,675244,675361,117.308
2,2,moe_all_reduce_for_e_tp,GPU,675361,675361,0
2,2,sync_3,GPU,675361,675361,0
2,2,sync__set,GPU,675361,675361,0
2,2,sync__,GPU,675361,675361,0
2,2,moe_gather,GPU,675361,675361,0
2,2,sync_for_moe_gather,GPU,675361,675361,0
2,2,sync__set,GPU,675361,675361,0
2,2,sync__,GPU,675361,675361,0
2,2,moe_all_reduce_for_gather,GPU,675361,680216,4854.61
2,2,sync_5,GPU,680216,680216,0
2,2,sync__set,GPU,680216,680216,0
2,2,sync__,GPU,680216,680216,0
2,2,sync_6,GPU,680216,680216,0
2,2,sync__set,GPU,680216,680216,0
2,2,sync__,GPU,680216,680216,0
2,2,residual_2,GPU,680216,680238,21.9952
2,3,MoE_decoder_3,GPU,680238,906906,226668
2,3,input_layer_norm,GPU,680238,680260,21.9952
2,3,attention,GPU,680260,691564,11304.2
2,3,attn_qkv_proj,GPU,680260,684027,3767.29
2,3,Linear,GPU,680260,684027,3767.29
2,3,self_attention,GPU,684027,684195,167.476
2,3,AttentionSplit,GPU,684027,684027,0
2,3,AttentionSum,GPU,684027,684027,0
2,3,AttentionGen,GPU,684027,684195,167.476
2,3,AttentionMerge,GPU,684195,684195,0
2,3,attn_o_proj,GPU,684195,686710,2514.79
2,3,Linear,GPU,684195,686710,2514.79
2,3,all_reduce,GPU,686710,691564,4854.61
2,3,residual_1,GPU,691564,691586,21.9952
2,3,post_attn_layer_norm,GPU,691586,691608,21.9952
2,3,expertFFN,GPU,691608,906884,215276
2,3,sync_0,GPU,691608,691608,0
2,3,sync__set,GPU,691608,691608,0
2,3,sync__,GPU,691608,691608,0
2,3,gate_fn,GPU,691608,691637,29.3461
2,3,Linear,GPU,691608,691637,29.3461
2,3,gate_update,GPU,691637,691637,0
2,3,moe_scatter,GPU,691637,691637,0
2,3,sync_for_moe_scatter,GPU,691637,691637,0
2,3,sync__set,GPU,691637,691637,0
2,3,sync__,GPU,691637,691637,0
2,3,moe_route,GPU,691637,691637,0
2,3,expert_FFN_4,GPU,691637,796804,105167
2,3,gate_proj,GPU,691637,726684,35046.9
2,3,Linear,GPU,691637,726684,35046.9
2,3,activation,GPU,726684,726710,25.6611
2,3,up_proj,GPU,726710,761757,35046.9
2,3,Linear,GPU,726710,761757,35046.9
2,3,down_proj,GPU,761757,796804,35046.9
2,3,Linear,GPU,761757,796804,35046.9
2,3,expert_FFN_5,GPU,796804,902029,105225
2,3,gate_proj,GPU,796804,831862,35057.9
2,3,Linear,GPU,796804,831862,35057.9
2,3,activation,GPU,831862,831913,51.3222
2,3,up_proj,GPU,831913,866971,35057.9
2,3,Linear,GPU,831913,866971,35057.9
2,3,down_proj,GPU,866971,902029,35057.9
2,3,Linear,GPU,866971,902029,35057.9
2,3,sync_2,GPU,902029,902029,0
2,3,sync__set,GPU,902029,902029,0
2,3,sync__,GPU,902029,902029,0
2,3,moe_all_reduce_for_e_tp,GPU,902029,902029,0
2,3,sync_3,GPU,902029,902029,0
2,3,sync__set,GPU,902029,902029,0
2,3,sync__,GPU,902029,902029,0
2,3,moe_gather,GPU,902029,902029,0
2,3,sync_for_moe_gather,GPU,902029,902029,0
2,3,sync__set,GPU,902029,902029,0
2,3,sync__,GPU,902029,902029,0
2,3,moe_all_reduce_for_gather,GPU,902029,906884,4854.61
2,3,sync_5,GPU,906884,906884,0
2,3,sync__set,GPU,906884,906884,0
2,3,sync__,GPU,906884,906884,0
2,3,sync_6,GPU,906884,906884,0
2,3,sync__set,GPU,906884,906884,0
2,3,sync__,GPU,906884,906884,0
2,3,residual_2,GPU,906884,906906,21.9952
2,4,MoE_decoder_4,GPU,906906,1.13357e+06,226668
2,4,input_layer_norm,GPU,906906,906928,21.9952
2,4,attention,GPU,906928,918232,11304.2
2,4,attn_qkv_proj,GPU,906928,910695,3767.29
2,4,Linear,GPU,906928,910695,3767.29
2,4,self_attention,GPU,910695,910863,167.476
2,4,AttentionSplit,GPU,910695,910695,0
2,4,AttentionSum,GPU,910695,910695,0
2,4,AttentionGen,GPU,910695,910863,167.476
2,4,AttentionMerge,GPU,910863,910863,0
2,4,attn_o_proj,GPU,910863,913377,2514.79
2,4,Linear,GPU,910863,913377,2514.79
2,4,all_reduce,GPU,913377,918232,4854.61
2,4,residual_1,GPU,918232,918254,21.9952
2,4,post_attn_layer_norm,GPU,918254,918276,21.9952
2,4,expertFFN,GPU,918276,1.13355e+06,215276
2,4,sync_0,GPU,918276,918276,0
2,4,sync__set,GPU,918276,918276,0
2,4,sync__,GPU,918276,918276,0
2,4,gate_fn,GPU,918276,918305,29.3461
2,4,Linear,GPU,918276,918305,29.3461
2,4,gate_update,GPU,918305,918305,0
2,4,moe_scatter,GPU,918305,918305,0
2,4,sync_for_moe_scatter,GPU,918305,918305,0
2,4,sync__set,GPU,918305,918305,0
2,4,sync__,GPU,918305,918305,0
2,4,moe_route,GPU,918305,918305,0
2,4,expert_FFN_4,GPU,918305,1.02347e+06,105167
2,4,gate_proj,GPU,918305,953352,35046.9
2,4,Linear,GPU,918305,953352,35046.9
2,4,activation,GPU,953352,953378,25.6611
2,4,up_proj,GPU,953378,988425,35046.9
2,4,Linear,GPU,953378,988425,35046.9
2,4,down_proj,GPU,988425,1.02347e+06,35046.9
2,4,Linear,GPU,988425,1.02347e+06,35046.9
2,4,expert_FFN_5,GPU,1.02347e+06,1.02347e+06,0
2,4,gate_proj,GPU,1.02347e+06,1.02347e+06,0
2,4,Linear,GPU,1.02347e+06,1.02347e+06,0
2,4,activation,GPU,1.02347e+06,1.02347e+06,0
2,4,up_proj,GPU,1.02347e+06,1.02347e+06,0
2,4,Linear,GPU,1.02347e+06,1.02347e+06,0
2,4,down_proj,GPU,1.02347e+06,1.02347e+06,0
2,4,Linear,GPU,1.02347e+06,1.02347e+06,0
2,4,sync_2,GPU,1.02347e+06,1.1287e+06,105225
2,4,sync__set,GPU,1.02347e+06,1.02347e+06,0
2,4,sync__,GPU,1.02347e+06,1.1287e+06,105225
2,4,moe_all_reduce_for_e_tp,GPU,1.1287e+06,1.1287e+06,0
2,4,sync_3,GPU,1.1287e+06,1.1287e+06,0
2,4,sync__set,GPU,1.1287e+06,1.1287e+06,0
2,4,sync__,GPU,1.1287e+06,1.1287e+06,0
2,4,moe_gather,GPU,1.1287e+06,1.1287e+06,0
2,4,sync_for_moe_gather,GPU,1.1287e+06,1.1287e+06,0
2,4,sync__set,GPU,1.1287e+06,1.1287e+06,0
2,4,sync__,GPU,1.1287e+06,1.1287e+06,0
2,4,moe_all_reduce_for_gather,GPU,1.1287e+06,1.13355e+06,4854.61
2,4,sync_5,GPU,1.13355e+06,1.13355e+06,0
2,4,sync__set,GPU,1.13355e+06,1.13355e+06,0
2,4,sync__,GPU,1.13355e+06,1.13355e+06,0
2,4,sync_6,GPU,1.13355e+06,1.13355e+06,0
2,4,sync__set,GPU,1.13355e+06,1.13355e+06,0
2,4,sync__,GPU,1.13355e+06,1.13355e+06,0
2,4,residual_2,GPU,1.13355e+06,1.13357e+06,21.9952
2,5,MoE_decoder_5,GPU,1.13357e+06,1.25519e+06,121619
2,5,input_layer_norm,GPU,1.13357e+06,1.1336e+06,21.9952
2,5,attention,GPU,1.1336e+06,1.1449e+06,11304.2
2,5,attn_qkv_proj,GPU,1.1336e+06,1.13736e+06,3767.29
2,5,Linear,GPU,1.1336e+06,1.13736e+06,3767.29
2,5,self_attention,GPU,1.13736e+06,1.13753e+06,167.476
2,5,AttentionSplit,GPU,1.13736e+06,1.13736e+06,0
2,5,AttentionSum,GPU,1.13736e+06,1.13736e+06,0
2,5,AttentionGen,GPU,1.13736e+06,1.13753e+06,167.476
2,5,AttentionMerge,GPU,1.13753e+06,1.13753e+06,0
2,5,attn_o_proj,GPU,1.13753e+06,1.14005e+06,2514.79
2,5,Linear,GPU,1.13753e+06,1.14005e+06,2514.79
2,5,all_reduce,GPU,1.14005e+06,1.1449e+06,4854.61
2,5,residual_1,GPU,1.1449e+06,1.14492e+06,21.9952
2,5,post_attn_layer_norm,GPU,1.14492e+06,1.14494e+06,21.9952
2,5,expertFFN,GPU,1.14494e+06,1.25517e+06,110226
2,5,sync_0,GPU,1.14494e+06,1.14494e+06,0
2,5,sync__set,GPU,1.14494e+06,1.14494e+06,0
2,5,sync__,GPU,1.14494e+06,1.14494e+06,0
2,5,gate_fn,GPU,1.14494e+06,1.14497e+06,29.3461
2,5,Linear,GPU,1.14494e+06,1.14497e+06,29.3461
2,5,gate_update,GPU,1.14497e+06,1.14497e+06,0
2,5,moe_scatter,GPU,1.14497e+06,1.14497e+06,0
2,5,sync_for_moe_scatter,GPU,1.14497e+06,1.14497e+06,0
2,5,sync__set,GPU,1.14497e+06,1.14497e+06,0
2,5,sync__,GPU,1.14497e+06,1.14497e+06,0
2,5,moe_route,GPU,1.14497e+06,1.14497e+06,0
2,5,expert_FFN_4,GPU,1.14497e+06,1.2502e+06,105225
2,5,gate_proj,GPU,1.14497e+06,1.18003e+06,35057.9
2,5,Linear,GPU,1.14497e+06,1.18003e+06,35057.9
2,5,activation,GPU,1.18003e+06,1.18008e+06,51.3222
2,5,up_proj,GPU,1.18008e+06,1.21514e+06,35057.9
2,5,Linear,GPU,1.18008e+06,1.21514e+06,35057.9
2,5,down_proj,GPU,1.21514e+06,1.2502e+06,35057.9
2,5,Linear,GPU,1.21514e+06,1.2502e+06,35057.9
2,5,expert_FFN_5,GPU,1.2502e+06,1.2502e+06,0
2,5,gate_proj,GPU,1.2502e+06,1.2502e+06,0
2,5,Linear,GPU,1.2502e+06,1.2502e+06,0
2,5,activation,GPU,1.2502e+06,1.2502e+06,0
2,5,up_proj,GPU,1.2502e+06,1.2502e+06,0
2,5,Linear,GPU,1.2502e+06,1.2502e+06,0
2,5,down_proj,GPU,1.2502e+06,1.2502e+06,0
2,5,Linear,GPU,1.2502e+06,1.2502e+06,0
2,5,sync_2,GPU,1.2502e+06,1.25032e+06,117.308
2,5,sync__set,GPU,1.2502e+06,1.2502e+06,0
2,5,sync__,GPU,1.2502e+06,1.25032e+06,117.308
2,5,moe_all_reduce_for_e_tp,GPU,1.25032e+06,1.25032e+06,0
2,5,sync_3,GPU,1.25032e+06,1.25032e+06,0
2,5,sync__set,GPU,1.25032e+06,1.25032e+06,0
2,5,sync__,GPU,1.25032e+06,1.25032e+06,0
2,5,moe_gather,GPU,1.25032e+06,1.25032e+06,0
2,5,sync_for_moe_gather,GPU,1.25032e+06,1.25032e+06,0
2,5,sync__set,GPU,1.25032e+06,1.25032e+06,0
2,5,sync__,GPU,1.25032e+06,1.25032e+06,0
2,5,moe_all_reduce_for_gather,GPU,1.25032e+06,1.25517e+06,4854.61
2,5,sync_5,GPU,1.25517e+06,1.25517e+06,0
2,5,sync__set,GPU,1.25517e+06,1.25517e+06,0
2,5,sync__,GPU,1.25517e+06,1.25517e+06,0
2,5,sync_6,GPU,1.25517e+06,1.25517e+06,0
2,5,sync__set,GPU,1.25517e+06,1.25517e+06,0
2,5,sync__,GPU,1.25517e+06,1.25517e+06,0
2,5,residual_2,GPU,1.25517e+06,1.25519e+06,21.9952
2,6,MoE_decoder_6,GPU,1.25519e+06,1.48192e+06,226726
2,6,input_layer_norm,GPU,1.25519e+06,1.25521e+06,21.9952
2,6,attention,GPU,1.25521e+06,1.26652e+06,11304.2
2,6,attn_qkv_proj,GPU,1.25521e+06,1.25898e+06,3767.29
2,6,Linear,GPU,1.25521e+06,1.25898e+06,3767.29
2,6,self_attention,GPU,1.25898e+06,1.25915e+06,167.476
2,6,AttentionSplit,GPU,1.25898e+06,1.25898e+06,0
2,6,AttentionSum,GPU,1.25898e+06,1.25898e+06,0
2,6,AttentionGen,GPU,1.25898e+06,1.25915e+06,167.476
2,6,AttentionMerge,GPU,1.25915e+06,1.25915e+06,0
2,6,attn_o_proj,GPU,1.25915e+06,1.26166e+06,2514.79
2,6,Linear,GPU,1.25915e+06,1.26166e+06,2514.79
2,6,all_reduce,GPU,1.26166e+06,1.26652e+06,4854.61
2,6,residual_1,GPU,1.26652e+06,1.26654e+06,21.9952
2,6,post_attn_layer_norm,GPU,1.26654e+06,1.26656e+06,21.9952
2,6,expertFFN,GPU,1.26656e+06,1.4819e+06,215334
2,6,sync_0,GPU,1.26656e+06,1.26656e+06,0
2,6,sync__set,GPU,1.26656e+06,1.26656e+06,0
2,6,sync__,GPU,1.26656e+06,1.26656e+06,0
2,6,gate_fn,GPU,1.26656e+06,1.26659e+06,29.3461
2,6,Linear,GPU,1.26656e+06,1.26659e+06,29.3461
2,6,gate_update,GPU,1.26659e+06,1.26659e+06,0
2,6,moe_scatter,GPU,1.26659e+06,1.26659e+06,0
2,6,sync_for_moe_scatter,GPU,1.26659e+06,1.26659e+06,0
2,6,sync__set,GPU,1.26659e+06,1.26659e+06,0
2,6,sync__,GPU,1.26659e+06,1.26659e+06,0
2,6,moe_route,GPU,1.26659e+06,1.26659e+06,0
2,6,expert_FFN_4,GPU,1.26659e+06,1.37182e+06,105225
2,6,gate_proj,GPU,1.26659e+06,1.30165e+06,35057.9
2,6,Linear,GPU,1.26659e+06,1.30165e+06,35057.9
2,6,activation,GPU,1.30165e+06,1.3017e+06,51.3222
2,6,up_proj,GPU,1.3017e+06,1.33676e+06,35057.9
2,6,Linear,GPU,1.3017e+06,1.33676e+06,35057.9
2,6,down_proj,GPU,1.33676e+06,1.37182e+06,35057.9
2,6,Linear,GPU,1.33676e+06,1.37182e+06,35057.9
2,6,expert_FFN_5,GPU,1.37182e+06,1.37182e+06,0
2,6,gate_proj,GPU,1.37182e+06,1.37182e+06,0
2,6,Linear,GPU,1.37182e+06,1.37182e+06,0
2,6,activation,GPU,1.37182e+06,1.37182e+06,0
2,6,up_proj,GPU,1.37182e+06,1.37182e+06,0
2,6,Linear,GPU,1.37182e+06,1.37182e+06,0
2,6,down_proj,GPU,1.37182e+06,1.37182e+06,0
2,6,Linear,GPU,1.37182e+06,1.37182e+06,0
2,6,sync_2,GPU,1.37182e+06,1.47704e+06,105225
2,6,sync__set,GPU,1.37182e+06,1.37182e+06,0
2,6,sync__,GPU,1.37182e+06,1.47704e+06,105225
2,6,moe_all_reduce_for_e_tp,GPU,1.47704e+06,1.47704e+06,0
2,6,sync_3,GPU,1.47704e+06,1.47704e+06,0
2,6,sync__set,GPU,1.47704e+06,1.47704e+06,0
2,6,sync__,GPU,1.47704e+06,1.47704e+06,0
2,6,moe_gather,GPU,1.47704e+06,1.47704e+06,0
2,6,sync_for_moe_gather,GPU,1.47704e+06,1.47704e+06,0
2,6,sync__set,GPU,1.47704e+06,1.47704e+06,0
2,6,sync__,GPU,1.47704e+06,1.47704e+06,0
2,6,moe_all_reduce_for_gather,GPU,1.47704e+06,1.4819e+06,4854.61
2,6,sync_5,GPU,1.4819e+06,1.4819e+06,0
2,6,sync__set,GPU,1.4819e+06,1.4819e+06,0
2,6,sync__,GPU,1.4819e+06,1.4819e+06,0
2,6,sync_6,GPU,1.4819e+06,1.4819e+06,0
2,6,sync__set,GPU,1.4819e+06,1.4819e+06,0
2,6,sync__,GPU,1.4819e+06,1.4819e+06,0
2,6,residual_2,GPU,1.4819e+06,1.48192e+06,21.9952
2,7,MoE_decoder_7,GPU,1.48192e+06,1.70859e+06,226668
2,7,input_layer_norm,GPU,1.48192e+06,1.48194e+06,21.9952
2,7,attention,GPU,1.48194e+06,1.49324e+06,11304.2
2,7,attn_qkv_proj,GPU,1.48194e+06,1.48571e+06,3767.29
2,7,Linear,GPU,1.48194e+06,1.48571e+06,3767.29
2,7,self_attention,GPU,1.48571e+06,1.48588e+06,167.476
2,7,AttentionSplit,GPU,1.48571e+06,1.48571e+06,0
2,7,AttentionSum,GPU,1.48571e+06,1.48571e+06,0
2,7,AttentionGen,GPU,1.48571e+06,1.48588e+06,167.476
2,7,AttentionMerge,GPU,1.48588e+06,1.48588e+06,0
2,7,attn_o_proj,GPU,1.48588e+06,1.48839e+06,2514.79
2,7,Linear,GPU,1.48588e+06,1.48839e+06,2514.79
2,7,all_reduce,GPU,1.48839e+06,1.49324e+06,4854.61
2,7,residual_1,GPU,1.49324e+06,1.49327e+06,21.9952
2,7,post_attn_layer_norm,GPU,1.49327e+06,1.49329e+06,21.9952
2,7,expertFFN,GPU,1.49329e+06,1.70856e+06,215276
2,7,sync_0,GPU,1.49329e+06,1.49329e+06,0
2,7,sync__set,GPU,1.49329e+06,1.49329e+06,0
2,7,sync__,GPU,1.49329e+06,1.49329e+06,0
2,7,gate_fn,GPU,1.49329e+06,1.49332e+06,29.3461
2,7,Linear,GPU,1.49329e+06,1.49332e+06,29.3461
2,7,gate_update,GPU,1.49332e+06,1.49332e+06,0
2,7,moe_scatter,GPU,1.49332e+06,1.49332e+06,0
2,7,sync_for_moe_scatter,GPU,1.49332e+06,1.49332e+06,0
2,7,sync__set,GPU,1.49332e+06,1.49332e+06,0
2,7,sync__,GPU,1.49332e+06,1.49332e+06,0
2,7,moe_route,GPU,1.49332e+06,1.49332e+06,0
2,7,expert_FFN_4,GPU,1.49332e+06,1.59854e+06,105225
2,7,gate_proj,GPU,1.49332e+06,1.52838e+06,35057.9
2,7,Linear,GPU,1.49332e+06,1.52838e+06,35057.9
2,7,activation,GPU,1.52838e+06,1.52843e+06,51.3222
2,7,up_proj,GPU,1.52843e+06,1.56349e+06,35057.9
2,7,Linear,GPU,1.52843e+06,1.56349e+06,35057.9
2,7,down_proj,GPU,1.56349e+06,1.59854e+06,35057.9
2,7,Linear,GPU,1.56349e+06,1.59854e+06,35057.9
2,7,expert_FFN_5,GPU,1.59854e+06,1.59854e+06,0
2,7,gate_proj,GPU,1.59854e+06,1.59854e+06,0
2,7,Linear,GPU,1.59854e+06,1.59854e+06,0
2,7,activation,GPU,1.59854e+06,1.59854e+06,0
2,7,up_proj,GPU,1.59854e+06,1.59854e+06,0
2,7,Linear,GPU,1.59854e+06,1.59854e+06,0
2,7,down_proj,GPU,1.59854e+06,1.59854e+06,0
2,7,Linear,GPU,1.59854e+06,1.59854e+06,0
2,7,sync_2,GPU,1.59854e+06,1.70371e+06,105167
2,7,sync__set,GPU,1.59854e+06,1.59854e+06,0
2,7,sync__,GPU,1.59854e+06,1.70371e+06,105167
2,7,moe_all_reduce_for_e_tp,GPU,1.70371e+06,1.70371e+06,0
2,7,sync_3,GPU,1.70371e+06,1.70371e+06,0
2,7,sync__set,GPU,1.70371e+06,1.70371e+06,0
2,7,sync__,GPU,1.70371e+06,1.70371e+06,0
2,7,moe_gather,GPU,1.70371e+06,1.70371e+06,0
2,7,sync_for_moe_gather,GPU,1.70371e+06,1.70371e+06,0
2,7,sync__set,GPU,1.70371e+06,1.70371e+06,0
2,7,sync__,GPU,1.70371e+06,1.70371e+06,0
2,7,moe_all_reduce_for_gather,GPU,1.70371e+06,1.70856e+06,4854.61
2,7,sync_5,GPU,1.70856e+06,1.70856e+06,0
2,7,sync__set,GPU,1.70856e+06,1.70856e+06,0
2,7,sync__,GPU,1.70856e+06,1.70856e+06,0
2,7,sync_6,GPU,1.70856e+06,1.70856e+06,0
2,7,sync__set,GPU,1.70856e+06,1.70856e+06,0
2,7,sync__,GPU,1.70856e+06,1.70856e+06,0
2,7,residual_2,GPU,1.70856e+06,1.70859e+06,21.9952
2,8,MoE_decoder_8,GPU,1.70859e+06,1.8302e+06,121619
2,8,input_layer_norm,GPU,1.70859e+06,1.70861e+06,21.9952
2,8,attention,GPU,1.70861e+06,1.71991e+06,11304.2
2,8,attn_qkv_proj,GPU,1.70861e+06,1.71238e+06,3767.29
2,8,Linear,GPU,1.70861e+06,1.71238e+06,3767.29
2,8,self_attention,GPU,1.71238e+06,1.71254e+06,167.476
2,8,AttentionSplit,GPU,1.71238e+06,1.71238e+06,0
2,8,AttentionSum,GPU,1.71238e+06,1.71238e+06,0
2,8,AttentionGen,GPU,1.71238e+06,1.71254e+06,167.476
2,8,AttentionMerge,GPU,1.71254e+06,1.71254e+06,0
2,8,attn_o_proj,GPU,1.71254e+06,1.71506e+06,2514.79
2,8,Linear,GPU,1.71254e+06,1.71506e+06,2514.79
2,8,all_reduce,GPU,1.71506e+06,1.71991e+06,4854.61
2,8,residual_1,GPU,1.71991e+06,1.71993e+06,21.9952
2,8,post_attn_layer_norm,GPU,1.71993e+06,1.71996e+06,21.9952
2,8,expertFFN,GPU,1.71996e+06,1.83018e+06,110226
2,8,sync_0,GPU,1.71996e+06,1.71996e+06,0
2,8,sync__set,GPU,1.71996e+06,1.71996e+06,0
2,8,sync__,GPU,1.71996e+06,1.71996e+06,0
2,8,gate_fn,GPU,1.71996e+06,1.71999e+06,29.3461
2,8,Linear,GPU,1.71996e+06,1.71999e+06,29.3461
2,8,gate_update,GPU,1.71999e+06,1.71999e+06,0
2,8,moe_scatter,GPU,1.71999e+06,1.71999e+06,0
2,8,sync_for_moe_scatter,GPU,1.71999e+06,1.71999e+06,0
2,8,sync__set,GPU,1.71999e+06,1.71999e+06,0
2,8,sync__,GPU,1.71999e+06,1.71999e+06,0
2,8,moe_route,GPU,1.71999e+06,1.71999e+06,0
2,8,expert_FFN_4,GPU,1.71999e+06,1.82533e+06,105342
2,8,gate_proj,GPU,1.71999e+06,1.75507e+06,35079.9
2,8,Linear,GPU,1.71999e+06,1.75507e+06,35079.9
2,8,activation,GPU,1.75507e+06,1.75517e+06,102.644
2,8,up_proj,GPU,1.75517e+06,1.79025e+06,35079.9
2,8,Linear,GPU,1.75517e+06,1.79025e+06,35079.9
2,8,down_proj,GPU,1.79025e+06,1.82533e+06,35079.9
2,8,Linear,GPU,1.79025e+06,1.82533e+06,35079.9
2,8,expert_FFN_5,GPU,1.82533e+06,1.82533e+06,0
2,8,gate_proj,GPU,1.82533e+06,1.82533e+06,0
2,8,Linear,GPU,1.82533e+06,1.82533e+06,0
2,8,activation,GPU,1.82533e+06,1.82533e+06,0
2,8,up_proj,GPU,1.82533e+06,1.82533e+06,0
2,8,Linear,GPU,1.82533e+06,1.82533e+06,0
2,8,down_proj,GPU,1.82533e+06,1.82533e+06,0
2,8,Linear,GPU,1.82533e+06,1.82533e+06,0
2,8,sync_2,GPU,1.82533e+06,1.82533e+06,0
2,8,sync__set,GPU,1.82533e+06,1.82533e+06,0
2,8,sync__,GPU,1.82533e+06,1.82533e+06,0
2,8,moe_all_reduce_for_e_tp,GPU,1.82533e+06,1.82533e+06,0
2,8,sync_3,GPU,1.82533e+06,1.82533e+06,0
2,8,sync__set,GPU,1.82533e+06,1.82533e+06,0
2,8,sync__,GPU,1.82533e+06,1.82533e+06,0
2,8,moe_gather,GPU,1.82533e+06,1.82533e+06,0
2,8,sync_for_moe_gather,GPU,1.82533e+06,1.82533e+06,0
2,8,sync__set,GPU,1.82533e+06,1.82533e+06,0
2,8,sync__,GPU,1.82533e+06,1.82533e+06,0
2,8,moe_all_reduce_for_gather,GPU,1.82533e+06,1.83018e+06,4854.61
2,8,sync_5,GPU,1.83018e+06,1.83018e+06,0
2,8,sync__set,GPU,1.83018e+06,1.83018e+06,0
2,8,sync__,GPU,1.83018e+06,1.83018e+06,0
2,8,sync_6,GPU,1.83018e+06,1.83018e+06,0
2,8,sync__set,GPU,1.83018e+06,1.83018e+06,0
2,8,sync__,GPU,1.83018e+06,1.83018e+06,0
2,8,residual_2,GPU,1.83018e+06,1.8302e+06,21.9952
2,9,MoE_decoder_9,GPU,1.8302e+06,2.05687e+06,226668
2,9,input_layer_norm,GPU,1.8302e+06,1.83023e+06,21.9952
2,9,attention,GPU,1.83023e+06,1.84153e+06,11304.2
2,9,attn_qkv_proj,GPU,1.83023e+06,1.83399e+06,3767.29
2,9,Linear,GPU,1.83023e+06,1.83399e+06,3767.29
2,9,self_attention,GPU,1.83399e+06,1.83416e+06,167.476
2,9,AttentionSplit,GPU,1.83399e+06,1.83399e+06,0
2,9,AttentionSum,GPU,1.83399e+06,1.83399e+06,0
2,9,AttentionGen,GPU,1.83399e+06,1.83416e+06,167.476
2,9,AttentionMerge,GPU,1.83416e+06,1.83416e+06,0
2,9,attn_o_proj,GPU,1.83416e+06,1.83668e+06,2514.79
2,9,Linear,GPU,1.83416e+06,1.83668e+06,2514.79
2,9,all_reduce,GPU,1.83668e+06,1.84153e+06,4854.61
2,9,residual_1,GPU,1.84153e+06,1.84155e+06,21.9952
2,9,post_attn_layer_norm,GPU,1.84155e+06,1.84158e+06,21.9952
2,9,expertFFN,GPU,1.84158e+06,2.05685e+06,215276
2,9,sync_0,GPU,1.84158e+06,1.84158e+06,0
2,9,sync__set,GPU,1.84158e+06,1.84158e+06,0
2,9,sync__,GPU,1.84158e+06,1.84158e+06,0
2,9,gate_fn,GPU,1.84158e+06,1.8416e+06,29.3461
2,9,Linear,GPU,1.84158e+06,1.8416e+06,29.3461
2,9,gate_update,GPU,1.8416e+06,1.8416e+06,0
2,9,moe_scatter,GPU,1.8416e+06,1.8416e+06,0
2,9,sync_for_moe_scatter,GPU,1.8416e+06,1.8416e+06,0
2,9,sync__set,GPU,1.8416e+06,1.8416e+06,0
2,9,sync__,GPU,1.8416e+06,1.8416e+06,0
2,9,moe_route,GPU,1.8416e+06,1.8416e+06,0
2,9,expert_FFN_4,GPU,1.8416e+06,1.94689e+06,105284
2,9,gate_proj,GPU,1.8416e+06,1.87667e+06,35068.9
2,9,Linear,GPU,1.8416e+06,1.87667e+06,35068.9
2,9,activation,GPU,1.87667e+06,1.87675e+06,76.9833
2,9,up_proj,GPU,1.87675e+06,1.91182e+06,35068.9
2,9,Linear,GPU,1.87675e+06,1.91182e+06,35068.9
2,9,down_proj,GPU,1.91182e+06,1.94689e+06,35068.9
2,9,Linear,GPU,1.91182e+06,1.94689e+06,35068.9
2,9,expert_FFN_5,GPU,1.94689e+06,1.94689e+06,0
2,9,gate_proj,GPU,1.94689e+06,1.94689e+06,0
2,9,Linear,GPU,1.94689e+06,1.94689e+06,0
2,9,activation,GPU,1.94689e+06,1.94689e+06,0
2,9,up_proj,GPU,1.94689e+06,1.94689e+06,0
2,9,Linear,GPU,1.94689e+06,1.94689e+06,0
2,9,down_proj,GPU,1.94689e+06,1.94689e+06,0
2,9,Linear,GPU,1.94689e+06,1.94689e+06,0
2,9,sync_2,GPU,1.94689e+06,2.052e+06,105108
2,9,sync__set,GPU,1.94689e+06,1.94689e+06,0
2,9,sync__,GPU,1.94689e+06,2.052e+06,105108
2,9,moe_all_reduce_for_e_tp,GPU,2.052e+06,2.052e+06,0
2,9,sync_3,GPU,2.052e+06,2.052e+06,0
2,9,sync__set,GPU,2.052e+06,2.052e+06,0
2,9,sync__,GPU,2.052e+06,2.052e+06,0
2,9,moe_gather,GPU,2.052e+06,2.052e+06,0
2,9,sync_for_moe_gather,GPU,2.052e+06,2.052e+06,0
2,9,sync__set,GPU,2.052e+06,2.052e+06,0
2,9,sync__,GPU,2.052e+06,2.052e+06,0
2,9,moe_all_reduce_for_gather,GPU,2.052e+06,2.05685e+06,4854.61
2,9,sync_5,GPU,2.05685e+06,2.05685e+06,0
2,9,sync__set,GPU,2.05685e+06,2.05685e+06,0
2,9,sync__,GPU,2.05685e+06,2.05685e+06,0
2,9,sync_6,GPU,2.05685e+06,2.05685e+06,0
2,9,sync__set,GPU,2.05685e+06,2.05685e+06,0
2,9,sync__,GPU,2.05685e+06,2.05685e+06,0
2,9,residual_2,GPU,2.05685e+06,2.05687e+06,21.9952
2,10,MoE_decoder_10,GPU,2.05687e+06,2.28348e+06,226609
2,10,input_layer_norm,GPU,2.05687e+06,2.05689e+06,21.9952
2,10,attention,GPU,2.05689e+06,2.0682e+06,11304.2
2,10,attn_qkv_proj,GPU,2.05689e+06,2.06066e+06,3767.29
2,10,Linear,GPU,2.05689e+06,2.06066e+06,3767.29
2,10,self_attention,GPU,2.06066e+06,2.06083e+06,167.476
2,10,AttentionSplit,GPU,2.06066e+06,2.06066e+06,0
2,10,AttentionSum,GPU,2.06066e+06,2.06066e+06,0
2,10,AttentionGen,GPU,2.06066e+06,2.06083e+06,167.476
2,10,AttentionMerge,GPU,2.06083e+06,2.06083e+06,0
2,10,attn_o_proj,GPU,2.06083e+06,2.06334e+06,2514.79
2,10,Linear,GPU,2.06083e+06,2.06334e+06,2514.79
2,10,all_reduce,GPU,2.06334e+06,2.0682e+06,4854.61
2,10,residual_1,GPU,2.0682e+06,2.06822e+06,21.9952
2,10,post_attn_layer_norm,GPU,2.06822e+06,2.06824e+06,21.9952
2,10,expertFFN,GPU,2.06824e+06,2.28346e+06,215217
2,10,sync_0,GPU,2.06824e+06,2.06824e+06,0
2,10,sync__set,GPU,2.06824e+06,2.06824e+06,0
2,10,sync__,GPU,2.06824e+06,2.06824e+06,0
2,10,gate_fn,GPU,2.06824e+06,2.06827e+06,29.3461
2,10,Linear,GPU,2.06824e+06,2.06827e+06,29.3461
2,10,gate_update,GPU,2.06827e+06,2.06827e+06,0
2,10,moe_scatter,GPU,2.06827e+06,2.06827e+06,0
2,10,sync_for_moe_scatter,GPU,2.06827e+06,2.06827e+06,0
2,10,sync__set,GPU,2.06827e+06,2.06827e+06,0
2,10,sync__,GPU,2.06827e+06,2.06827e+06,0
2,10,moe_route,GPU,2.06827e+06,2.06827e+06,0
2,10,expert_FFN_4,GPU,2.06827e+06,2.17344e+06,105167
2,10,gate_proj,GPU,2.06827e+06,2.10332e+06,35046.9
2,10,Linear,GPU,2.06827e+06,2.10332e+06,35046.9
2,10,activation,GPU,2.10332e+06,2.10334e+06,25.6611
2,10,up_proj,GPU,2.10334e+06,2.13839e+06,35046.9
2,10,Linear,GPU,2.10334e+06,2.13839e+06,35046.9
2,10,down_proj,GPU,2.13839e+06,2.17344e+06,35046.9
2,10,Linear,GPU,2.13839e+06,2.17344e+06,35046.9
2,10,expert_FFN_5,GPU,2.17344e+06,2.27861e+06,105167
2,10,gate_proj,GPU,2.17344e+06,2.20849e+06,35046.9
2,10,Linear,GPU,2.17344e+06,2.20849e+06,35046.9
2,10,activation,GPU,2.20849e+06,2.20851e+06,25.6611
2,10,up_proj,GPU,2.20851e+06,2.24356e+06,35046.9
2,10,Linear,GPU,2.20851e+06,2.24356e+06,35046.9
2,10,down_proj,GPU,2.24356e+06,2.27861e+06,35046.9
2,10,Linear,GPU,2.24356e+06,2.27861e+06,35046.9
2,10,sync_2,GPU,2.27861e+06,2.27861e+06,0
2,10,sync__set,GPU,2.27861e+06,2.27861e+06,0
2,10,sync__,GPU,2.27861e+06,2.27861e+06,0
2,10,moe_all_reduce_for_e_tp,GPU,2.27861e+06,2.27861e+06,0
2,10,sync_3,GPU,2.27861e+06,2.27861e+06,0
2,10,sync__set,GPU,2.27861e+06,2.27861e+06,0
2,10,sync__,GPU,2.27861e+06,2.27861e+06,0
2,10,moe_gather,GPU,2.27861e+06,2.27861e+06,0
2,10,sync_for_moe_gather,GPU,2.27861e+06,2.27861e+06,0
2,10,sync__set,GPU,2.27861e+06,2.27861e+06,0
2,10,sync__,GPU,2.27861e+06,2.27861e+06,0
2,10,moe_all_reduce_for_gather,GPU,2.27861e+06,2.28346e+06,4854.61
2,10,sync_5,GPU,2.28346e+06,2.28346e+06,0
2,10,sync__set,GPU,2.28346e+06,2.28346e+06,0
2,10,sync__,GPU,2.28346e+06,2.28346e+06,0
2,10,sync_6,GPU,2.28346e+06,2.28346e+06,0
2,10,sync__set,GPU,2.28346e+06,2.28346e+06,0
2,10,sync__,GPU,2.28346e+06,2.28346e+06,0
2,10,residual_2,GPU,2.28346e+06,2.28348e+06,21.9952
2,11,MoE_decoder_11,GPU,2.28348e+06,2.51015e+06,226668
2,11,input_layer_norm,GPU,2.28348e+06,2.2835e+06,21.9952
2,11,attention,GPU,2.2835e+06,2.29481e+06,11304.2
2,11,attn_qkv_proj,GPU,2.2835e+06,2.28727e+06,3767.29
2,11,Linear,GPU,2.2835e+06,2.28727e+06,3767.29
2,11,self_attention,GPU,2.28727e+06,2.28744e+06,167.476
2,11,AttentionSplit,GPU,2.28727e+06,2.28727e+06,0
2,11,AttentionSum,GPU,2.28727e+06,2.28727e+06,0
2,11,AttentionGen,GPU,2.28727e+06,2.28744e+06,167.476
2,11,AttentionMerge,GPU,2.28744e+06,2.28744e+06,0
2,11,attn_o_proj,GPU,2.28744e+06,2.28995e+06,2514.79
2,11,Linear,GPU,2.28744e+06,2.28995e+06,2514.79
2,11,all_reduce,GPU,2.28995e+06,2.29481e+06,4854.61
2,11,residual_1,GPU,2.29481e+06,2.29483e+06,21.9952
2,11,post_attn_layer_norm,GPU,2.29483e+06,2.29485e+06,21.9952
2,11,expertFFN,GPU,2.29485e+06,2.51013e+06,215276
2,11,sync_0,GPU,2.29485e+06,2.29485e+06,0
2,11,sync__set,GPU,2.29485e+06,2.29485e+06,0
2,11,sync__,GPU,2.29485e+06,2.29485e+06,0
2,11,gate_fn,GPU,2.29485e+06,2.29488e+06,29.3461
2,11,Linear,GPU,2.29485e+06,2.29488e+06,29.3461
2,11,gate_update,GPU,2.29488e+06,2.29488e+06,0
2,11,moe_scatter,GPU,2.29488e+06,2.29488e+06,0
2,11,sync_for_moe_scatter,GPU,2.29488e+06,2.29488e+06,0
2,11,sync__set,GPU,2.29488e+06,2.29488e+06,0
2,11,sync__,GPU,2.29488e+06,2.29488e+06,0
2,11,moe_route,GPU,2.29488e+06,2.29488e+06,0
2,11,expert_FFN_4,GPU,2.29488e+06,2.40017e+06,105284
2,11,gate_proj,GPU,2.29488e+06,2.32995e+06,35068.9
2,11,Linear,GPU,2.29488e+06,2.32995e+06,35068.9
2,11,activation,GPU,2.32995e+06,2.33003e+06,76.9833
2,11,up_proj,GPU,2.33003e+06,2.3651e+06,35068.9
2,11,Linear,GPU,2.33003e+06,2.3651e+06,35068.9
2,11,down_proj,GPU,2.3651e+06,2.40017e+06,35068.9
2,11,Linear,GPU,2.3651e+06,2.40017e+06,35068.9
2,11,expert_FFN_5,GPU,2.40017e+06,2.40017e+06,0
2,11,gate_proj,GPU,2.40017e+06,2.40017e+06,0
2,11,Linear,GPU,2.40017e+06,2.40017e+06,0
2,11,activation,GPU,2.40017e+06,2.40017e+06,0
2,11,up_proj,GPU,2.40017e+06,2.40017e+06,0
2,11,Linear,GPU,2.40017e+06,2.40017e+06,0
2,11,down_proj,GPU,2.40017e+06,2.40017e+06,0
2,11,Linear,GPU,2.40017e+06,2.40017e+06,0
2,11,sync_2,GPU,2.40017e+06,2.50527e+06,105108
2,11,sync__set,GPU,2.40017e+06,2.40017e+06,0
2,11,sync__,GPU,2.40017e+06,2.50527e+06,105108
2,11,moe_all_reduce_for_e_tp,GPU,2.50527e+06,2.50527e+06,0
2,11,sync_3,GPU,2.50527e+06,2.50527e+06,0
2,11,sync__set,GPU,2.50527e+06,2.50527e+06,0
2,11,sync__,GPU,2.50527e+06,2.50527e+06,0
2,11,moe_gather,GPU,2.50527e+06,2.50527e+06,0
2,11,sync_for_moe_gather,GPU,2.50527e+06,2.50527e+06,0
2,11,sync__set,GPU,2.50527e+06,2.50527e+06,0
2,11,sync__,GPU,2.50527e+06,2.50527e+06,0
2,11,moe_all_reduce_for_gather,GPU,2.50527e+06,2.51013e+06,4854.61
2,11,sync_5,GPU,2.51013e+06,2.51013e+06,0
2,11,sync__set,GPU,2.51013e+06,2.51013e+06,0
2,11,sync__,GPU,2.51013e+06,2.51013e+06,0
2,11,sync_6,GPU,2.51013e+06,2.51013e+06,0
2,11,sync__set,GPU,2.51013e+06,2.51013e+06,0
2,11,sync__,GPU,2.51013e+06,2.51013e+06,0
2,11,residual_2,GPU,2.51013e+06,2.51015e+06,21.9952
2,12,MoE_decoder_12,GPU,2.51015e+06,2.63171e+06,121560
2,12,input_layer_norm,GPU,2.51015e+06,2.51017e+06,21.9952
2,12,attention,GPU,2.51017e+06,2.52148e+06,11304.2
2,12,attn_qkv_proj,GPU,2.51017e+06,2.51394e+06,3767.29
2,12,Linear,GPU,2.51017e+06,2.51394e+06,3767.29
2,12,self_attention,GPU,2.51394e+06,2.51411e+06,167.476
2,12,AttentionSplit,GPU,2.51394e+06,2.51394e+06,0
2,12,AttentionSum,GPU,2.51394e+06,2.51394e+06,0
2,12,AttentionGen,GPU,2.51394e+06,2.51411e+06,167.476
2,12,AttentionMerge,GPU,2.51411e+06,2.51411e+06,0
2,12,attn_o_proj,GPU,2.51411e+06,2.51662e+06,2514.79
2,12,Linear,GPU,2.51411e+06,2.51662e+06,2514.79
2,12,all_reduce,GPU,2.51662e+06,2.52148e+06,4854.61
2,12,residual_1,GPU,2.52148e+06,2.5215e+06,21.9952
2,12,post_attn_layer_norm,GPU,2.5215e+06,2.52152e+06,21.9952
2,12,expertFFN,GPU,2.52152e+06,2.63169e+06,110168
2,12,sync_0,GPU,2.52152e+06,2.52152e+06,0
2,12,sync__set,GPU,2.52152e+06,2.52152e+06,0
2,12,sync__,GPU,2.52152e+06,2.52152e+06,0
2,12,gate_fn,GPU,2.52152e+06,2.52155e+06,29.3461
2,12,Linear,GPU,2.52152e+06,2.52155e+06,29.3461
2,12,gate_update,GPU,2.52155e+06,2.52155e+06,0
2,12,moe_scatter,GPU,2.52155e+06,2.52155e+06,0
2,12,sync_for_moe_scatter,GPU,2.52155e+06,2.52155e+06,0
2,12,sync__set,GPU,2.52155e+06,2.52155e+06,0
2,12,sync__,GPU,2.52155e+06,2.52155e+06,0
2,12,moe_route,GPU,2.52155e+06,2.52155e+06,0
2,12,expert_FFN_4,GPU,2.52155e+06,2.52155e+06,0
2,12,gate_proj,GPU,2.52155e+06,2.52155e+06,0
2,12,Linear,GPU,2.52155e+06,2.52155e+06,0
2,12,activation,GPU,2.52155e+06,2.52155e+06,0
2,12,up_proj,GPU,2.52155e+06,2.52155e+06,0
2,12,Linear,GPU,2.52155e+06,2.52155e+06,0
2,12,down_proj,GPU,2.52155e+06,2.52155e+06,0
2,12,Linear,GPU,2.52155e+06,2.52155e+06,0
2,12,expert_FFN_5,GPU,2.52155e+06,2.62677e+06,105225
2,12,gate_proj,GPU,2.52155e+06,2.55661e+06,35057.9
2,12,Linear,GPU,2.52155e+06,2.55661e+06,35057.9
2,12,activation,GPU,2.55661e+06,2.55666e+06,51.3222
2,12,up_proj,GPU,2.55666e+06,2.59172e+06,35057.9
2,12,Linear,GPU,2.55666e+06,2.59172e+06,35057.9
2,12,down_proj,GPU,2.59172e+06,2.62677e+06,35057.9
2,12,Linear,GPU,2.59172e+06,2.62677e+06,35057.9
2,12,sync_2,GPU,2.62677e+06,2.62683e+06,58.6539
2,12,sync__set,GPU,2.62677e+06,2.62677e+06,0
2,12,sync__,GPU,2.62677e+06,2.62683e+06,58.6539
2,12,moe_all_reduce_for_e_tp,GPU,2.62683e+06,2.62683e+06,0
2,12,sync_3,GPU,2.62683e+06,2.62683e+06,0
2,12,sync__set,GPU,2.62683e+06,2.62683e+06,0
2,12,sync__,GPU,2.62683e+06,2.62683e+06,0
2,12,moe_gather,GPU,2.62683e+06,2.62683e+06,0
2,12,sync_for_moe_gather,GPU,2.62683e+06,2.62683e+06,0
2,12,sync__set,GPU,2.62683e+06,2.62683e+06,0
2,12,sync__,GPU,2.62683e+06,2.62683e+06,0
2,12,moe_all_reduce_for_gather,GPU,2.62683e+06,2.63169e+06,4854.61
2,12,sync_5,GPU,2.63169e+06,2.63169e+06,0
2,12,sync__set,GPU,2.63169e+06,2.63169e+06,0
2,12,sync__,GPU,2.63169e+06,2.63169e+06,0
2,12,sync_6,GPU,2.63169e+06,2.63169e+06,0
2,12,sync__set,GPU,2.63169e+06,2.63169e+06,0
2,12,sync__,GPU,2.63169e+06,2.63169e+06,0
2,12,residual_2,GPU,2.63169e+06,2.63171e+06,21.9952
2,13,MoE_decoder_13,GPU,2.63171e+06,2.85838e+06,226668
2,13,input_layer_norm,GPU,2.63171e+06,2.63173e+06,21.9952
2,13,attention,GPU,2.63173e+06,2.64304e+06,11304.2
2,13,attn_qkv_proj,GPU,2.63173e+06,2.6355e+06,3767.29
2,13,Linear,GPU,2.63173e+06,2.6355e+06,3767.29
2,13,self_attention,GPU,2.6355e+06,2.63567e+06,167.476
2,13,AttentionSplit,GPU,2.6355e+06,2.6355e+06,0
2,13,AttentionSum,GPU,2.6355e+06,2.6355e+06,0
2,13,AttentionGen,GPU,2.6355e+06,2.63567e+06,167.476
2,13,AttentionMerge,GPU,2.63567e+06,2.63567e+06,0
2,13,attn_o_proj,GPU,2.63567e+06,2.63818e+06,2514.79
2,13,Linear,GPU,2.63567e+06,2.63818e+06,2514.79
2,13,all_reduce,GPU,2.63818e+06,2.64304e+06,4854.61
2,13,residual_1,GPU,2.64304e+06,2.64306e+06,21.9952
2,13,post_attn_layer_norm,GPU,2.64306e+06,2.64308e+06,21.9952
2,13,expertFFN,GPU,2.64308e+06,2.85836e+06,215276
2,13,sync_0,GPU,2.64308e+06,2.64308e+06,0
2,13,sync__set,GPU,2.64308e+06,2.64308e+06,0
2,13,sync__,GPU,2.64308e+06,2.64308e+06,0
2,13,gate_fn,GPU,2.64308e+06,2.64311e+06,29.3461
2,13,Linear,GPU,2.64308e+06,2.64311e+06,29.3461
2,13,gate_update,GPU,2.64311e+06,2.64311e+06,0
2,13,moe_scatter,GPU,2.64311e+06,2.64311e+06,0
2,13,sync_for_moe_scatter,GPU,2.64311e+06,2.64311e+06,0
2,13,sync__set,GPU,2.64311e+06,2.64311e+06,0
2,13,sync__,GPU,2.64311e+06,2.64311e+06,0
2,13,moe_route,GPU,2.64311e+06,2.64311e+06,0
2,13,expert_FFN_4,GPU,2.64311e+06,2.64311e+06,0
2,13,gate_proj,GPU,2.64311e+06,2.64311e+06,0
2,13,Linear,GPU,2.64311e+06,2.64311e+06,0
2,13,activation,GPU,2.64311e+06,2.64311e+06,0
2,13,up_proj,GPU,2.64311e+06,2.64311e+06,0
2,13,Linear,GPU,2.64311e+06,2.64311e+06,0
2,13,down_proj,GPU,2.64311e+06,2.64311e+06,0
2,13,Linear,GPU,2.64311e+06,2.64311e+06,0
2,13,expert_FFN_5,GPU,2.64311e+06,2.64311e+06,0
2,13,gate_proj,GPU,2.64311e+06,2.64311e+06,0
2,13,Linear,GPU,2.64311e+06,2.64311e+06,0
2,13,activation,GPU,2.64311e+06,2.64311e+06,0
2,13,up_proj,GPU,2.64311e+06,2.64311e+06,0
2,13,Linear,GPU,2.64311e+06,2.64311e+06,0
2,13,down_proj,GPU,2.64311e+06,2.64311e+06,0
2,13,Linear,GPU,2.64311e+06,2.64311e+06,0
2,13,sync_2,GPU,2.64311e+06,2.8535e+06,210392
2,13,sync__set,GPU,2.64311e+06,2.64311e+06,0
2,13,sync__,GPU,2.64311e+06,2.8535e+06,210392
2,13,moe_all_reduce_for_e_tp,GPU,2.8535e+06,2.8535e+06,0
2,13,sync_3,GPU,2.8535e+06,2.8535e+06,0
2,13,sync__set,GPU,2.8535e+06,2.8535e+06,0
2,13,sync__,GPU,2.8535e+06,2.8535e+06,0
2,13,moe_gather,GPU,2.8535e+06,2.8535e+06,0
2,13,sync_for_moe_gather,GPU,2.8535e+06,2.8535e+06,0
2,13,sync__set,GPU,2.8535e+06,2.8535e+06,0
2,13,sync__,GPU,2.8535e+06,2.8535e+06,0
2,13,moe_all_reduce_for_gather,GPU,2.8535e+06,2.85836e+06,4854.61
2,13,sync_5,GPU,2.85836e+06,2.85836e+06,0
2,13,sync__set,GPU,2.85836e+06,2.85836e+06,0
2,13,sync__,GPU,2.85836e+06,2.85836e+06,0
2,13,sync_6,GPU,2.85836e+06,2.85836e+06,0
2,13,sync__set,GPU,2.85836e+06,2.85836e+06,0
2,13,sync__,GPU,2.85836e+06,2.85836e+06,0
2,13,residual_2,GPU,2.85836e+06,2.85838e+06,21.9952
2,14,MoE_decoder_14,GPU,2.85838e+06,3.08516e+06,226785
2,14,input_layer_norm,GPU,2.85838e+06,2.8584e+06,21.9952
2,14,attention,GPU,2.8584e+06,2.8697e+06,11304.2
2,14,attn_qkv_proj,GPU,2.8584e+06,2.86217e+06,3767.29
2,14,Linear,GPU,2.8584e+06,2.86217e+06,3767.29
2,14,self_attention,GPU,2.86217e+06,2.86233e+06,167.476
2,14,AttentionSplit,GPU,2.86217e+06,2.86217e+06,0
2,14,AttentionSum,GPU,2.86217e+06,2.86217e+06,0
2,14,AttentionGen,GPU,2.86217e+06,2.86233e+06,167.476
2,14,AttentionMerge,GPU,2.86233e+06,2.86233e+06,0
2,14,attn_o_proj,GPU,2.86233e+06,2.86485e+06,2514.79
2,14,Linear,GPU,2.86233e+06,2.86485e+06,2514.79
2,14,all_reduce,GPU,2.86485e+06,2.8697e+06,4854.61
2,14,residual_1,GPU,2.8697e+06,2.86973e+06,21.9952
2,14,post_attn_layer_norm,GPU,2.86973e+06,2.86975e+06,21.9952
2,14,expertFFN,GPU,2.86975e+06,3.08514e+06,215393
2,14,sync_0,GPU,2.86975e+06,2.86975e+06,0
2,14,sync__set,GPU,2.86975e+06,2.86975e+06,0
2,14,sync__,GPU,2.86975e+06,2.86975e+06,0
2,14,gate_fn,GPU,2.86975e+06,2.86978e+06,29.3461
2,14,Linear,GPU,2.86975e+06,2.86978e+06,29.3461
2,14,gate_update,GPU,2.86978e+06,2.86978e+06,0
2,14,moe_scatter,GPU,2.86978e+06,2.86978e+06,0
2,14,sync_for_moe_scatter,GPU,2.86978e+06,2.86978e+06,0
2,14,sync__set,GPU,2.86978e+06,2.86978e+06,0
2,14,sync__,GPU,2.86978e+06,2.86978e+06,0
2,14,moe_route,GPU,2.86978e+06,2.86978e+06,0
2,14,expert_FFN_4,GPU,2.86978e+06,2.97494e+06,105167
2,14,gate_proj,GPU,2.86978e+06,2.90482e+06,35046.9
2,14,Linear,GPU,2.86978e+06,2.90482e+06,35046.9
2,14,activation,GPU,2.90482e+06,2.90485e+06,25.6611
2,14,up_proj,GPU,2.90485e+06,2.9399e+06,35046.9
2,14,Linear,GPU,2.90485e+06,2.9399e+06,35046.9
2,14,down_proj,GPU,2.9399e+06,2.97494e+06,35046.9
2,14,Linear,GPU,2.9399e+06,2.97494e+06,35046.9
2,14,expert_FFN_5,GPU,2.97494e+06,2.97494e+06,0
2,14,gate_proj,GPU,2.97494e+06,2.97494e+06,0
2,14,Linear,GPU,2.97494e+06,2.97494e+06,0
2,14,activation,GPU,2.97494e+06,2.97494e+06,0
2,14,up_proj,GPU,2.97494e+06,2.97494e+06,0
2,14,Linear,GPU,2.97494e+06,2.97494e+06,0
2,14,down_proj,GPU,2.97494e+06,2.97494e+06,0
2,14,Linear,GPU,2.97494e+06,2.97494e+06,0
2,14,sync_2,GPU,2.97494e+06,3.08029e+06,105342
2,14,sync__set,GPU,2.97494e+06,2.97494e+06,0
2,14,sync__,GPU,2.97494e+06,3.08029e+06,105342
2,14,moe_all_reduce_for_e_tp,GPU,3.08029e+06,3.08029e+06,0
2,14,sync_3,GPU,3.08029e+06,3.08029e+06,0
2,14,sync__set,GPU,3.08029e+06,3.08029e+06,0
2,14,sync__,GPU,3.08029e+06,3.08029e+06,0
2,14,moe_gather,GPU,3.08029e+06,3.08029e+06,0
2,14,sync_for_moe_gather,GPU,3.08029e+06,3.08029e+06,0
2,14,sync__set,GPU,3.08029e+06,3.08029e+06,0
2,14,sync__,GPU,3.08029e+06,3.08029e+06,0
2,14,moe_all_reduce_for_gather,GPU,3.08029e+06,3.08514e+06,4854.61
2,14,sync_5,GPU,3.08514e+06,3.08514e+06,0
2,14,sync__set,GPU,3.08514e+06,3.08514e+06,0
2,14,sync__,GPU,3.08514e+06,3.08514e+06,0
2,14,sync_6,GPU,3.08514e+06,3.08514e+06,0
2,14,sync__set,GPU,3.08514e+06,3.08514e+06,0
2,14,sync__,GPU,3.08514e+06,3.08514e+06,0
2,14,residual_2,GPU,3.08514e+06,3.08516e+06,21.9952
2,15,MoE_decoder_15,GPU,3.08516e+06,3.31177e+06,226609
2,15,input_layer_norm,GPU,3.08516e+06,3.08518e+06,21.9952
2,15,attention,GPU,3.08518e+06,3.09649e+06,11304.2
2,15,attn_qkv_proj,GPU,3.08518e+06,3.08895e+06,3767.29
2,15,Linear,GPU,3.08518e+06,3.08895e+06,3767.29
2,15,self_attention,GPU,3.08895e+06,3.08912e+06,167.476
2,15,AttentionSplit,GPU,3.08895e+06,3.08895e+06,0
2,15,AttentionSum,GPU,3.08895e+06,3.08895e+06,0
2,15,AttentionGen,GPU,3.08895e+06,3.08912e+06,167.476
2,15,AttentionMerge,GPU,3.08912e+06,3.08912e+06,0
2,15,attn_o_proj,GPU,3.08912e+06,3.09163e+06,2514.79
2,15,Linear,GPU,3.08912e+06,3.09163e+06,2514.79
2,15,all_reduce,GPU,3.09163e+06,3.09649e+06,4854.61
2,15,residual_1,GPU,3.09649e+06,3.09651e+06,21.9952
2,15,post_attn_layer_norm,GPU,3.09651e+06,3.09653e+06,21.9952
2,15,expertFFN,GPU,3.09653e+06,3.31175e+06,215217
2,15,sync_0,GPU,3.09653e+06,3.09653e+06,0
2,15,sync__set,GPU,3.09653e+06,3.09653e+06,0
2,15,sync__,GPU,3.09653e+06,3.09653e+06,0
2,15,gate_fn,GPU,3.09653e+06,3.09656e+06,29.3461
2,15,Linear,GPU,3.09653e+06,3.09656e+06,29.3461
2,15,gate_update,GPU,3.09656e+06,3.09656e+06,0
2,15,moe_scatter,GPU,3.09656e+06,3.09656e+06,0
2,15,sync_for_moe_scatter,GPU,3.09656e+06,3.09656e+06,0
2,15,sync__set,GPU,3.09656e+06,3.09656e+06,0
2,15,sync__,GPU,3.09656e+06,3.09656e+06,0
2,15,moe_route,GPU,3.09656e+06,3.09656e+06,0
2,15,expert_FFN_4,GPU,3.09656e+06,3.09656e+06,0
2,15,gate_proj,GPU,3.09656e+06,3.09656e+06,0
2,15,Linear,GPU,3.09656e+06,3.09656e+06,0
2,15,activation,GPU,3.09656e+06,3.09656e+06,0
2,15,up_proj,GPU,3.09656e+06,3.09656e+06,0
2,15,Linear,GPU,3.09656e+06,3.09656e+06,0
2,15,down_proj,GPU,3.09656e+06,3.09656e+06,0
2,15,Linear,GPU,3.09656e+06,3.09656e+06,0
2,15,expert_FFN_5,GPU,3.09656e+06,3.20173e+06,105167
2,15,gate_proj,GPU,3.09656e+06,3.13161e+06,35046.9
2,15,Linear,GPU,3.09656e+06,3.13161e+06,35046.9
2,15,activation,GPU,3.13161e+06,3.13163e+06,25.6611
2,15,up_proj,GPU,3.13163e+06,3.16668e+06,35046.9
2,15,Linear,GPU,3.13163e+06,3.16668e+06,35046.9
2,15,down_proj,GPU,3.16668e+06,3.20173e+06,35046.9
2,15,Linear,GPU,3.16668e+06,3.20173e+06,35046.9
2,15,sync_2,GPU,3.20173e+06,3.30689e+06,105167
2,15,sync__set,GPU,3.20173e+06,3.20173e+06,0
2,15,sync__,GPU,3.20173e+06,3.30689e+06,105167
2,15,moe_all_reduce_for_e_tp,GPU,3.30689e+06,3.30689e+06,0
2,15,sync_3,GPU,3.30689e+06,3.30689e+06,0
2,15,sync__set,GPU,3.30689e+06,3.30689e+06,0
2,15,sync__,GPU,3.30689e+06,3.30689e+06,0
2,15,moe_gather,GPU,3.30689e+06,3.30689e+06,0
2,15,sync_for_moe_gather,GPU,3.30689e+06,3.30689e+06,0
2,15,sync__set,GPU,3.30689e+06,3.30689e+06,0
2,15,sync__,GPU,3.30689e+06,3.30689e+06,0
2,15,moe_all_reduce_for_gather,GPU,3.30689e+06,3.31175e+06,4854.61
2,15,sync_5,GPU,3.31175e+06,3.31175e+06,0
2,15,sync__set,GPU,3.31175e+06,3.31175e+06,0
2,15,sync__,GPU,3.31175e+06,3.31175e+06,0
2,15,sync_6,GPU,3.31175e+06,3.31175e+06,0
2,15,sync__set,GPU,3.31175e+06,3.31175e+06,0
2,15,sync__,GPU,3.31175e+06,3.31175e+06,0
2,15,residual_2,GPU,3.31175e+06,3.31177e+06,21.9952
2,16,MoE_decoder_16,GPU,3.31177e+06,3.53844e+06,226668
2,16,input_layer_norm,GPU,3.31177e+06,3.31179e+06,21.9952
2,16,attention,GPU,3.31179e+06,3.3231e+06,11304.2
2,16,attn_qkv_proj,GPU,3.31179e+06,3.31556e+06,3767.29
2,16,Linear,GPU,3.31179e+06,3.31556e+06,3767.29
2,16,self_attention,GPU,3.31556e+06,3.31573e+06,167.476
2,16,AttentionSplit,GPU,3.31556e+06,3.31556e+06,0
2,16,AttentionSum,GPU,3.31556e+06,3.31556e+06,0
2,16,AttentionGen,GPU,3.31556e+06,3.31573e+06,167.476
2,16,AttentionMerge,GPU,3.31573e+06,3.31573e+06,0
2,16,attn_o_proj,GPU,3.31573e+06,3.31824e+06,2514.79
2,16,Linear,GPU,3.31573e+06,3.31824e+06,2514.79
2,16,all_reduce,GPU,3.31824e+06,3.3231e+06,4854.61
2,16,residual_1,GPU,3.3231e+06,3.32312e+06,21.9952
2,16,post_attn_layer_norm,GPU,3.32312e+06,3.32314e+06,21.9952
2,16,expertFFN,GPU,3.32314e+06,3.53842e+06,215276
2,16,sync_0,GPU,3.32314e+06,3.32314e+06,0
2,16,sync__set,GPU,3.32314e+06,3.32314e+06,0
2,16,sync__,GPU,3.32314e+06,3.32314e+06,0
2,16,gate_fn,GPU,3.32314e+06,3.32317e+06,29.3461
2,16,Linear,GPU,3.32314e+06,3.32317e+06,29.3461
2,16,gate_update,GPU,3.32317e+06,3.32317e+06,0
2,16,moe_scatter,GPU,3.32317e+06,3.32317e+06,0
2,16,sync_for_moe_scatter,GPU,3.32317e+06,3.32317e+06,0
2,16,sync__set,GPU,3.32317e+06,3.32317e+06,0
2,16,sync__,GPU,3.32317e+06,3.32317e+06,0
2,16,moe_route,GPU,3.32317e+06,3.32317e+06,0
2,16,expert_FFN_4,GPU,3.32317e+06,3.42834e+06,105167
2,16,gate_proj,GPU,3.32317e+06,3.35822e+06,35046.9
2,16,Linear,GPU,3.32317e+06,3.35822e+06,35046.9
2,16,activation,GPU,3.35822e+06,3.35824e+06,25.6611
2,16,up_proj,GPU,3.35824e+06,3.39329e+06,35046.9
2,16,Linear,GPU,3.35824e+06,3.39329e+06,35046.9
2,16,down_proj,GPU,3.39329e+06,3.42834e+06,35046.9
2,16,Linear,GPU,3.39329e+06,3.42834e+06,35046.9
2,16,expert_FFN_5,GPU,3.42834e+06,3.53356e+06,105225
2,16,gate_proj,GPU,3.42834e+06,3.4634e+06,35057.9
2,16,Linear,GPU,3.42834e+06,3.4634e+06,35057.9
2,16,activation,GPU,3.4634e+06,3.46345e+06,51.3222
2,16,up_proj,GPU,3.46345e+06,3.4985e+06,35057.9
2,16,Linear,GPU,3.46345e+06,3.4985e+06,35057.9
2,16,down_proj,GPU,3.4985e+06,3.53356e+06,35057.9
2,16,Linear,GPU,3.4985e+06,3.53356e+06,35057.9
2,16,sync_2,GPU,3.53356e+06,3.53356e+06,0
2,16,sync__set,GPU,3.53356e+06,3.53356e+06,0
2,16,sync__,GPU,3.53356e+06,3.53356e+06,0
2,16,moe_all_reduce_for_e_tp,GPU,3.53356e+06,3.53356e+06,0
2,16,sync_3,GPU,3.53356e+06,3.53356e+06,0
2,16,sync__set,GPU,3.53356e+06,3.53356e+06,0
2,16,sync__,GPU,3.53356e+06,3.53356e+06,0
2,16,moe_gather,GPU,3.53356e+06,3.53356e+06,0
2,16,sync_for_moe_gather,GPU,3.53356e+06,3.53356e+06,0
2,16,sync__set,GPU,3.53356e+06,3.53356e+06,0
2,16,sync__,GPU,3.53356e+06,3.53356e+06,0
2,16,moe_all_reduce_for_gather,GPU,3.53356e+06,3.53842e+06,4854.61
2,16,sync_5,GPU,3.53842e+06,3.53842e+06,0
2,16,sync__set,GPU,3.53842e+06,3.53842e+06,0
2,16,sync__,GPU,3.53842e+06,3.53842e+06,0
2,16,sync_6,GPU,3.53842e+06,3.53842e+06,0
2,16,sync__set,GPU,3.53842e+06,3.53842e+06,0
2,16,sync__,GPU,3.53842e+06,3.53842e+06,0
2,16,residual_2,GPU,3.53842e+06,3.53844e+06,21.9952
2,17,MoE_decoder_17,GPU,3.53844e+06,3.76511e+06,226668
2,17,input_layer_norm,GPU,3.53844e+06,3.53846e+06,21.9952
2,17,attention,GPU,3.53846e+06,3.54977e+06,11304.2
2,17,attn_qkv_proj,GPU,3.53846e+06,3.54223e+06,3767.29
2,17,Linear,GPU,3.53846e+06,3.54223e+06,3767.29
2,17,self_attention,GPU,3.54223e+06,3.5424e+06,167.476
2,17,AttentionSplit,GPU,3.54223e+06,3.54223e+06,0
2,17,AttentionSum,GPU,3.54223e+06,3.54223e+06,0
2,17,AttentionGen,GPU,3.54223e+06,3.5424e+06,167.476
2,17,AttentionMerge,GPU,3.5424e+06,3.5424e+06,0
2,17,attn_o_proj,GPU,3.5424e+06,3.54491e+06,2514.79
2,17,Linear,GPU,3.5424e+06,3.54491e+06,2514.79
2,17,all_reduce,GPU,3.54491e+06,3.54977e+06,4854.61
2,17,residual_1,GPU,3.54977e+06,3.54979e+06,21.9952
2,17,post_attn_layer_norm,GPU,3.54979e+06,3.54981e+06,21.9952
2,17,expertFFN,GPU,3.54981e+06,3.76509e+06,215276
2,17,sync_0,GPU,3.54981e+06,3.54981e+06,0
2,17,sync__set,GPU,3.54981e+06,3.54981e+06,0
2,17,sync__,GPU,3.54981e+06,3.54981e+06,0
2,17,gate_fn,GPU,3.54981e+06,3.54984e+06,29.3461
2,17,Linear,GPU,3.54981e+06,3.54984e+06,29.3461
2,17,gate_update,GPU,3.54984e+06,3.54984e+06,0
2,17,moe_scatter,GPU,3.54984e+06,3.54984e+06,0
2,17,sync_for_moe_scatter,GPU,3.54984e+06,3.54984e+06,0
2,17,sync__set,GPU,3.54984e+06,3.54984e+06,0
2,17,sync__,GPU,3.54984e+06,3.54984e+06,0
2,17,moe_route,GPU,3.54984e+06,3.54984e+06,0
2,17,expert_FFN_4,GPU,3.54984e+06,3.54984e+06,0
2,17,gate_proj,GPU,3.54984e+06,3.54984e+06,0
2,17,Linear,GPU,3.54984e+06,3.54984e+06,0
2,17,activation,GPU,3.54984e+06,3.54984e+06,0
2,17,up_proj,GPU,3.54984e+06,3.54984e+06,0
2,17,Linear,GPU,3.54984e+06,3.54984e+06,0
2,17,down_proj,GPU,3.54984e+06,3.54984e+06,0
2,17,Linear,GPU,3.54984e+06,3.54984e+06,0
2,17,expert_FFN_5,GPU,3.54984e+06,3.54984e+06,0
2,17,gate_proj,GPU,3.54984e+06,3.54984e+06,0
2,17,Linear,GPU,3.54984e+06,3.54984e+06,0
2,17,activation,GPU,3.54984e+06,3.54984e+06,0
2,17,up_proj,GPU,3.54984e+06,3.54984e+06,0
2,17,Linear,GPU,3.54984e+06,3.54984e+06,0
2,17,down_proj,GPU,3.54984e+06,3.54984e+06,0
2,17,Linear,GPU,3.54984e+06,3.54984e+06,0
2,17,sync_2,GPU,3.54984e+06,3.76023e+06,210392
2,17,sync__set,GPU,3.54984e+06,3.54984e+06,0
2,17,sync__,GPU,3.54984e+06,3.76023e+06,210392
2,17,moe_all_reduce_for_e_tp,GPU,3.76023e+06,3.76023e+06,0
2,17,sync_3,GPU,3.76023e+06,3.76023e+06,0
2,17,sync__set,GPU,3.76023e+06,3.76023e+06,0
2,17,sync__,GPU,3.76023e+06,3.76023e+06,0
2,17,moe_gather,GPU,3.76023e+06,3.76023e+06,0
2,17,sync_for_moe_gather,GPU,3.76023e+06,3.76023e+06,0
2,17,sync__set,GPU,3.76023e+06,3.76023e+06,0
2,17,sync__,GPU,3.76023e+06,3.76023e+06,0
2,17,moe_all_reduce_for_gather,GPU,3.76023e+06,3.76509e+06,4854.61
2,17,sync_5,GPU,3.76509e+06,3.76509e+06,0
2,17,sync__set,GPU,3.76509e+06,3.76509e+06,0
2,17,sync__,GPU,3.76509e+06,3.76509e+06,0
2,17,sync_6,GPU,3.76509e+06,3.76509e+06,0
2,17,sync__set,GPU,3.76509e+06,3.76509e+06,0
2,17,sync__,GPU,3.76509e+06,3.76509e+06,0
2,17,residual_2,GPU,3.76509e+06,3.76511e+06,21.9952
2,18,MoE_decoder_18,GPU,3.76511e+06,3.88673e+06,121619
2,18,input_layer_norm,GPU,3.76511e+06,3.76513e+06,21.9952
2,18,attention,GPU,3.76513e+06,3.77643e+06,11304.2
2,18,attn_qkv_proj,GPU,3.76513e+06,3.7689e+06,3767.29
2,18,Linear,GPU,3.76513e+06,3.7689e+06,3767.29
2,18,self_attention,GPU,3.7689e+06,3.76906e+06,167.476
2,18,AttentionSplit,GPU,3.7689e+06,3.7689e+06,0
2,18,AttentionSum,GPU,3.7689e+06,3.7689e+06,0
2,18,AttentionGen,GPU,3.7689e+06,3.76906e+06,167.476
2,18,AttentionMerge,GPU,3.76906e+06,3.76906e+06,0
2,18,attn_o_proj,GPU,3.76906e+06,3.77158e+06,2514.79
2,18,Linear,GPU,3.76906e+06,3.77158e+06,2514.79
2,18,all_reduce,GPU,3.77158e+06,3.77643e+06,4854.61
2,18,residual_1,GPU,3.77643e+06,3.77646e+06,21.9952
2,18,post_attn_layer_norm,GPU,3.77646e+06,3.77648e+06,21.9952
2,18,expertFFN,GPU,3.77648e+06,3.8867e+06,110226
2,18,sync_0,GPU,3.77648e+06,3.77648e+06,0
2,18,sync__set,GPU,3.77648e+06,3.77648e+06,0
2,18,sync__,GPU,3.77648e+06,3.77648e+06,0
2,18,gate_fn,GPU,3.77648e+06,3.77651e+06,29.3461
2,18,Linear,GPU,3.77648e+06,3.77651e+06,29.3461
2,18,gate_update,GPU,3.77651e+06,3.77651e+06,0
2,18,moe_scatter,GPU,3.77651e+06,3.77651e+06,0
2,18,sync_for_moe_scatter,GPU,3.77651e+06,3.77651e+06,0
2,18,sync__set,GPU,3.77651e+06,3.77651e+06,0
2,18,sync__,GPU,3.77651e+06,3.77651e+06,0
2,18,moe_route,GPU,3.77651e+06,3.77651e+06,0
2,18,expert_FFN_4,GPU,3.77651e+06,3.77651e+06,0
2,18,gate_proj,GPU,3.77651e+06,3.77651e+06,0
2,18,Linear,GPU,3.77651e+06,3.77651e+06,0
2,18,activation,GPU,3.77651e+06,3.77651e+06,0
2,18,up_proj,GPU,3.77651e+06,3.77651e+06,0
2,18,Linear,GPU,3.77651e+06,3.77651e+06,0
2,18,down_proj,GPU,3.77651e+06,3.77651e+06,0
2,18,Linear,GPU,3.77651e+06,3.77651e+06,0
2,18,expert_FFN_5,GPU,3.77651e+06,3.88173e+06,105225
2,18,gate_proj,GPU,3.77651e+06,3.81156e+06,35057.9
2,18,Linear,GPU,3.77651e+06,3.81156e+06,35057.9
2,18,activation,GPU,3.81156e+06,3.81162e+06,51.3222
2,18,up_proj,GPU,3.81162e+06,3.84667e+06,35057.9
2,18,Linear,GPU,3.81162e+06,3.84667e+06,35057.9
2,18,down_proj,GPU,3.84667e+06,3.88173e+06,35057.9
2,18,Linear,GPU,3.84667e+06,3.88173e+06,35057.9
2,18,sync_2,GPU,3.88173e+06,3.88185e+06,117.308
2,18,sync__set,GPU,3.88173e+06,3.88173e+06,0
2,18,sync__,GPU,3.88173e+06,3.88185e+06,117.308
2,18,moe_all_reduce_for_e_tp,GPU,3.88185e+06,3.88185e+06,0
2,18,sync_3,GPU,3.88185e+06,3.88185e+06,0
2,18,sync__set,GPU,3.88185e+06,3.88185e+06,0
2,18,sync__,GPU,3.88185e+06,3.88185e+06,0
2,18,moe_gather,GPU,3.88185e+06,3.88185e+06,0
2,18,sync_for_moe_gather,GPU,3.88185e+06,3.88185e+06,0
2,18,sync__set,GPU,3.88185e+06,3.88185e+06,0
2,18,sync__,GPU,3.88185e+06,3.88185e+06,0
2,18,moe_all_reduce_for_gather,GPU,3.88185e+06,3.8867e+06,4854.61
2,18,sync_5,GPU,3.8867e+06,3.8867e+06,0
2,18,sync__set,GPU,3.8867e+06,3.8867e+06,0
2,18,sync__,GPU,3.8867e+06,3.8867e+06,0
2,18,sync_6,GPU,3.8867e+06,3.8867e+06,0
2,18,sync__set,GPU,3.8867e+06,3.8867e+06,0
2,18,sync__,GPU,3.8867e+06,3.8867e+06,0
2,18,residual_2,GPU,3.8867e+06,3.88673e+06,21.9952
2,19,MoE_decoder_19,GPU,3.88673e+06,4.00829e+06,121560
2,19,input_layer_norm,GPU,3.88673e+06,3.88675e+06,21.9952
2,19,attention,GPU,3.88675e+06,3.89805e+06,11304.2
2,19,attn_qkv_proj,GPU,3.88675e+06,3.89052e+06,3767.29
2,19,Linear,GPU,3.88675e+06,3.89052e+06,3767.29
2,19,self_attention,GPU,3.89052e+06,3.89068e+06,167.476
2,19,AttentionSplit,GPU,3.89052e+06,3.89052e+06,0
2,19,AttentionSum,GPU,3.89052e+06,3.89052e+06,0
2,19,AttentionGen,GPU,3.89052e+06,3.89068e+06,167.476
2,19,AttentionMerge,GPU,3.89068e+06,3.89068e+06,0
2,19,attn_o_proj,GPU,3.89068e+06,3.8932e+06,2514.79
2,19,Linear,GPU,3.89068e+06,3.8932e+06,2514.79
2,19,all_reduce,GPU,3.8932e+06,3.89805e+06,4854.61
2,19,residual_1,GPU,3.89805e+06,3.89807e+06,21.9952
2,19,post_attn_layer_norm,GPU,3.89807e+06,3.8981e+06,21.9952
2,19,expertFFN,GPU,3.8981e+06,4.00826e+06,110168
2,19,sync_0,GPU,3.8981e+06,3.8981e+06,0
2,19,sync__set,GPU,3.8981e+06,3.8981e+06,0
2,19,sync__,GPU,3.8981e+06,3.8981e+06,0
2,19,gate_fn,GPU,3.8981e+06,3.89813e+06,29.3461
2,19,Linear,GPU,3.8981e+06,3.89813e+06,29.3461
2,19,gate_update,GPU,3.89813e+06,3.89813e+06,0
2,19,moe_scatter,GPU,3.89813e+06,3.89813e+06,0
2,19,sync_for_moe_scatter,GPU,3.89813e+06,3.89813e+06,0
2,19,sync__set,GPU,3.89813e+06,3.89813e+06,0
2,19,sync__,GPU,3.89813e+06,3.89813e+06,0
2,19,moe_route,GPU,3.89813e+06,3.89813e+06,0
2,19,expert_FFN_4,GPU,3.89813e+06,4.00335e+06,105225
2,19,gate_proj,GPU,3.89813e+06,3.93318e+06,35057.9
2,19,Linear,GPU,3.89813e+06,3.93318e+06,35057.9
2,19,activation,GPU,3.93318e+06,3.93323e+06,51.3222
2,19,up_proj,GPU,3.93323e+06,3.96829e+06,35057.9
2,19,Linear,GPU,3.93323e+06,3.96829e+06,35057.9
2,19,down_proj,GPU,3.96829e+06,4.00335e+06,35057.9
2,19,Linear,GPU,3.96829e+06,4.00335e+06,35057.9
2,19,expert_FFN_5,GPU,4.00335e+06,4.00335e+06,0
2,19,gate_proj,GPU,4.00335e+06,4.00335e+06,0
2,19,Linear,GPU,4.00335e+06,4.00335e+06,0
2,19,activation,GPU,4.00335e+06,4.00335e+06,0
2,19,up_proj,GPU,4.00335e+06,4.00335e+06,0
2,19,Linear,GPU,4.00335e+06,4.00335e+06,0
2,19,down_proj,GPU,4.00335e+06,4.00335e+06,0
2,19,Linear,GPU,4.00335e+06,4.00335e+06,0
2,19,sync_2,GPU,4.00335e+06,4.00341e+06,58.6539
2,19,sync__set,GPU,4.00335e+06,4.00335e+06,0
2,19,sync__,GPU,4.00335e+06,4.00341e+06,58.6539
2,19,moe_all_reduce_for_e_tp,GPU,4.00341e+06,4.00341e+06,0
2,19,sync_3,GPU,4.00341e+06,4.00341e+06,0
2,19,sync__set,GPU,4.00341e+06,4.00341e+06,0
2,19,sync__,GPU,4.00341e+06,4.00341e+06,0
2,19,moe_gather,GPU,4.00341e+06,4.00341e+06,0
2,19,sync_for_moe_gather,GPU,4.00341e+06,4.00341e+06,0
2,19,sync__set,GPU,4.00341e+06,4.00341e+06,0
2,19,sync__,GPU,4.00341e+06,4.00341e+06,0
2,19,moe_all_reduce_for_gather,GPU,4.00341e+06,4.00826e+06,4854.61
2,19,sync_5,GPU,4.00826e+06,4.00826e+06,0
2,19,sync__set,GPU,4.00826e+06,4.00826e+06,0
2,19,sync__,GPU,4.00826e+06,4.00826e+06,0
2,19,sync_6,GPU,4.00826e+06,4.00826e+06,0
2,19,sync__set,GPU,4.00826e+06,4.00826e+06,0
2,19,sync__,GPU,4.00826e+06,4.00826e+06,0
2,19,residual_2,GPU,4.00826e+06,4.00829e+06,21.9952
2,20,MoE_decoder_20,GPU,4.00829e+06,4.23501e+06,226726
2,20,input_layer_norm,GPU,4.00829e+06,4.00831e+06,21.9952
2,20,attention,GPU,4.00831e+06,4.01961e+06,11304.2
2,20,attn_qkv_proj,GPU,4.00831e+06,4.01207e+06,3767.29
2,20,Linear,GPU,4.00831e+06,4.01207e+06,3767.29
2,20,self_attention,GPU,4.01207e+06,4.01224e+06,167.476
2,20,AttentionSplit,GPU,4.01207e+06,4.01207e+06,0
2,20,AttentionSum,GPU,4.01207e+06,4.01207e+06,0
2,20,AttentionGen,GPU,4.01207e+06,4.01224e+06,167.476
2,20,AttentionMerge,GPU,4.01224e+06,4.01224e+06,0
2,20,attn_o_proj,GPU,4.01224e+06,4.01476e+06,2514.79
2,20,Linear,GPU,4.01224e+06,4.01476e+06,2514.79
2,20,all_reduce,GPU,4.01476e+06,4.01961e+06,4854.61
2,20,residual_1,GPU,4.01961e+06,4.01963e+06,21.9952
2,20,post_attn_layer_norm,GPU,4.01963e+06,4.01966e+06,21.9952
2,20,expertFFN,GPU,4.01966e+06,4.23499e+06,215334
2,20,sync_0,GPU,4.01966e+06,4.01966e+06,0
2,20,sync__set,GPU,4.01966e+06,4.01966e+06,0
2,20,sync__,GPU,4.01966e+06,4.01966e+06,0
2,20,gate_fn,GPU,4.01966e+06,4.01969e+06,29.3461
2,20,Linear,GPU,4.01966e+06,4.01969e+06,29.3461
2,20,gate_update,GPU,4.01969e+06,4.01969e+06,0
2,20,moe_scatter,GPU,4.01969e+06,4.01969e+06,0
2,20,sync_for_moe_scatter,GPU,4.01969e+06,4.01969e+06,0
2,20,sync__set,GPU,4.01969e+06,4.01969e+06,0
2,20,sync__,GPU,4.01969e+06,4.01969e+06,0
2,20,moe_route,GPU,4.01969e+06,4.01969e+06,0
2,20,expert_FFN_4,GPU,4.01969e+06,4.12485e+06,105167
2,20,gate_proj,GPU,4.01969e+06,4.05473e+06,35046.9
2,20,Linear,GPU,4.01969e+06,4.05473e+06,35046.9
2,20,activation,GPU,4.05473e+06,4.05476e+06,25.6611
2,20,up_proj,GPU,4.05476e+06,4.0898e+06,35046.9
2,20,Linear,GPU,4.05476e+06,4.0898e+06,35046.9
2,20,down_proj,GPU,4.0898e+06,4.12485e+06,35046.9
2,20,Linear,GPU,4.0898e+06,4.12485e+06,35046.9
2,20,expert_FFN_5,GPU,4.12485e+06,4.12485e+06,0
2,20,gate_proj,GPU,4.12485e+06,4.12485e+06,0
2,20,Linear,GPU,4.12485e+06,4.12485e+06,0
2,20,activation,GPU,4.12485e+06,4.12485e+06,0
2,20,up_proj,GPU,4.12485e+06,4.12485e+06,0
2,20,Linear,GPU,4.12485e+06,4.12485e+06,0
2,20,down_proj,GPU,4.12485e+06,4.12485e+06,0
2,20,Linear,GPU,4.12485e+06,4.12485e+06,0
2,20,sync_2,GPU,4.12485e+06,4.23014e+06,105284
2,20,sync__set,GPU,4.12485e+06,4.12485e+06,0
2,20,sync__,GPU,4.12485e+06,4.23014e+06,105284
2,20,moe_all_reduce_for_e_tp,GPU,4.23014e+06,4.23014e+06,0
2,20,sync_3,GPU,4.23014e+06,4.23014e+06,0
2,20,sync__set,GPU,4.23014e+06,4.23014e+06,0
2,20,sync__,GPU,4.23014e+06,4.23014e+06,0
2,20,moe_gather,GPU,4.23014e+06,4.23014e+06,0
2,20,sync_for_moe_gather,GPU,4.23014e+06,4.23014e+06,0
2,20,sync__set,GPU,4.23014e+06,4.23014e+06,0
2,20,sync__,GPU,4.23014e+06,4.23014e+06,0
2,20,moe_all_reduce_for_gather,GPU,4.23014e+06,4.23499e+06,4854.61
2,20,sync_5,GPU,4.23499e+06,4.23499e+06,0
2,20,sync__set,GPU,4.23499e+06,4.23499e+06,0
2,20,sync__,GPU,4.23499e+06,4.23499e+06,0
2,20,sync_6,GPU,4.23499e+06,4.23499e+06,0
2,20,sync__set,GPU,4.23499e+06,4.23499e+06,0
2,20,sync__,GPU,4.23499e+06,4.23499e+06,0
2,20,residual_2,GPU,4.23499e+06,4.23501e+06,21.9952
2,21,MoE_decoder_21,GPU,4.23501e+06,4.4618e+06,226785
2,21,input_layer_norm,GPU,4.23501e+06,4.23503e+06,21.9952
2,21,attention,GPU,4.23503e+06,4.24634e+06,11304.2
2,21,attn_qkv_proj,GPU,4.23503e+06,4.2388e+06,3767.29
2,21,Linear,GPU,4.23503e+06,4.2388e+06,3767.29
2,21,self_attention,GPU,4.2388e+06,4.23897e+06,167.476
2,21,AttentionSplit,GPU,4.2388e+06,4.2388e+06,0
2,21,AttentionSum,GPU,4.2388e+06,4.2388e+06,0
2,21,AttentionGen,GPU,4.2388e+06,4.23897e+06,167.476
2,21,AttentionMerge,GPU,4.23897e+06,4.23897e+06,0
2,21,attn_o_proj,GPU,4.23897e+06,4.24148e+06,2514.79
2,21,Linear,GPU,4.23897e+06,4.24148e+06,2514.79
2,21,all_reduce,GPU,4.24148e+06,4.24634e+06,4854.61
2,21,residual_1,GPU,4.24634e+06,4.24636e+06,21.9952
2,21,post_attn_layer_norm,GPU,4.24636e+06,4.24638e+06,21.9952
2,21,expertFFN,GPU,4.24638e+06,4.46178e+06,215393
2,21,sync_0,GPU,4.24638e+06,4.24638e+06,0
2,21,sync__set,GPU,4.24638e+06,4.24638e+06,0
2,21,sync__,GPU,4.24638e+06,4.24638e+06,0
2,21,gate_fn,GPU,4.24638e+06,4.24641e+06,29.3461
2,21,Linear,GPU,4.24638e+06,4.24641e+06,29.3461
2,21,gate_update,GPU,4.24641e+06,4.24641e+06,0
2,21,moe_scatter,GPU,4.24641e+06,4.24641e+06,0
2,21,sync_for_moe_scatter,GPU,4.24641e+06,4.24641e+06,0
2,21,sync__set,GPU,4.24641e+06,4.24641e+06,0
2,21,sync__,GPU,4.24641e+06,4.24641e+06,0
2,21,moe_route,GPU,4.24641e+06,4.24641e+06,0
2,21,expert_FFN_4,GPU,4.24641e+06,4.35158e+06,105167
2,21,gate_proj,GPU,4.24641e+06,4.28146e+06,35046.9
2,21,Linear,GPU,4.24641e+06,4.28146e+06,35046.9
2,21,activation,GPU,4.28146e+06,4.28148e+06,25.6611
2,21,up_proj,GPU,4.28148e+06,4.31653e+06,35046.9
2,21,Linear,GPU,4.28148e+06,4.31653e+06,35046.9
2,21,down_proj,GPU,4.31653e+06,4.35158e+06,35046.9
2,21,Linear,GPU,4.31653e+06,4.35158e+06,35046.9
2,21,expert_FFN_5,GPU,4.35158e+06,4.35158e+06,0
2,21,gate_proj,GPU,4.35158e+06,4.35158e+06,0
2,21,Linear,GPU,4.35158e+06,4.35158e+06,0
2,21,activation,GPU,4.35158e+06,4.35158e+06,0
2,21,up_proj,GPU,4.35158e+06,4.35158e+06,0
2,21,Linear,GPU,4.35158e+06,4.35158e+06,0
2,21,down_proj,GPU,4.35158e+06,4.35158e+06,0
2,21,Linear,GPU,4.35158e+06,4.35158e+06,0
2,21,sync_2,GPU,4.35158e+06,4.45692e+06,105342
2,21,sync__set,GPU,4.35158e+06,4.35158e+06,0
2,21,sync__,GPU,4.35158e+06,4.45692e+06,105342
2,21,moe_all_reduce_for_e_tp,GPU,4.45692e+06,4.45692e+06,0
2,21,sync_3,GPU,4.45692e+06,4.45692e+06,0
2,21,sync__set,GPU,4.45692e+06,4.45692e+06,0
2,21,sync__,GPU,4.45692e+06,4.45692e+06,0
2,21,moe_gather,GPU,4.45692e+06,4.45692e+06,0
2,21,sync_for_moe_gather,GPU,4.45692e+06,4.45692e+06,0
2,21,sync__set,GPU,4.45692e+06,4.45692e+06,0
2,21,sync__,GPU,4.45692e+06,4.45692e+06,0
2,21,moe_all_reduce_for_gather,GPU,4.45692e+06,4.46178e+06,4854.61
2,21,sync_5,GPU,4.46178e+06,4.46178e+06,0
2,21,sync__set,GPU,4.46178e+06,4.46178e+06,0
2,21,sync__,GPU,4.46178e+06,4.46178e+06,0
2,21,sync_6,GPU,4.46178e+06,4.46178e+06,0
2,21,sync__set,GPU,4.46178e+06,4.46178e+06,0
2,21,sync__,GPU,4.46178e+06,4.46178e+06,0
2,21,residual_2,GPU,4.46178e+06,4.4618e+06,21.9952
2,22,MoE_decoder_22,GPU,4.4618e+06,4.68846e+06,226668
2,22,input_layer_norm,GPU,4.4618e+06,4.46182e+06,21.9952
2,22,attention,GPU,4.46182e+06,4.47312e+06,11304.2
2,22,attn_qkv_proj,GPU,4.46182e+06,4.46559e+06,3767.29
2,22,Linear,GPU,4.46182e+06,4.46559e+06,3767.29
2,22,self_attention,GPU,4.46559e+06,4.46575e+06,167.476
2,22,AttentionSplit,GPU,4.46559e+06,4.46559e+06,0
2,22,AttentionSum,GPU,4.46559e+06,4.46559e+06,0
2,22,AttentionGen,GPU,4.46559e+06,4.46575e+06,167.476
2,22,AttentionMerge,GPU,4.46575e+06,4.46575e+06,0
2,22,attn_o_proj,GPU,4.46575e+06,4.46827e+06,2514.79
2,22,Linear,GPU,4.46575e+06,4.46827e+06,2514.79
2,22,all_reduce,GPU,4.46827e+06,4.47312e+06,4854.61
2,22,residual_1,GPU,4.47312e+06,4.47315e+06,21.9952
2,22,post_attn_layer_norm,GPU,4.47315e+06,4.47317e+06,21.9952
2,22,expertFFN,GPU,4.47317e+06,4.68844e+06,215276
2,22,sync_0,GPU,4.47317e+06,4.47317e+06,0
2,22,sync__set,GPU,4.47317e+06,4.47317e+06,0
2,22,sync__,GPU,4.47317e+06,4.47317e+06,0
2,22,gate_fn,GPU,4.47317e+06,4.4732e+06,29.3461
2,22,Linear,GPU,4.47317e+06,4.4732e+06,29.3461
2,22,gate_update,GPU,4.4732e+06,4.4732e+06,0
2,22,moe_scatter,GPU,4.4732e+06,4.4732e+06,0
2,22,sync_for_moe_scatter,GPU,4.4732e+06,4.4732e+06,0
2,22,sync__set,GPU,4.4732e+06,4.4732e+06,0
2,22,sync__,GPU,4.4732e+06,4.4732e+06,0
2,22,moe_route,GPU,4.4732e+06,4.4732e+06,0
2,22,expert_FFN_4,GPU,4.4732e+06,4.4732e+06,0
2,22,gate_proj,GPU,4.4732e+06,4.4732e+06,0
2,22,Linear,GPU,4.4732e+06,4.4732e+06,0
2,22,activation,GPU,4.4732e+06,4.4732e+06,0
2,22,up_proj,GPU,4.4732e+06,4.4732e+06,0
2,22,Linear,GPU,4.4732e+06,4.4732e+06,0
2,22,down_proj,GPU,4.4732e+06,4.4732e+06,0
2,22,Linear,GPU,4.4732e+06,4.4732e+06,0
2,22,expert_FFN_5,GPU,4.4732e+06,4.57836e+06,105167
2,22,gate_proj,GPU,4.4732e+06,4.50824e+06,35046.9
2,22,Linear,GPU,4.4732e+06,4.50824e+06,35046.9
2,22,activation,GPU,4.50824e+06,4.50827e+06,25.6611
2,22,up_proj,GPU,4.50827e+06,4.54332e+06,35046.9
2,22,Linear,GPU,4.50827e+06,4.54332e+06,35046.9
2,22,down_proj,GPU,4.54332e+06,4.57836e+06,35046.9
2,22,Linear,GPU,4.54332e+06,4.57836e+06,35046.9
2,22,sync_2,GPU,4.57836e+06,4.68359e+06,105225
2,22,sync__set,GPU,4.57836e+06,4.57836e+06,0
2,22,sync__,GPU,4.57836e+06,4.68359e+06,105225
2,22,moe_all_reduce_for_e_tp,GPU,4.68359e+06,4.68359e+06,0
2,22,sync_3,GPU,4.68359e+06,4.68359e+06,0
2,22,sync__set,GPU,4.68359e+06,4.68359e+06,0
2,22,sync__,GPU,4.68359e+06,4.68359e+06,0
2,22,moe_gather,GPU,4.68359e+06,4.68359e+06,0
2,22,sync_for_moe_gather,GPU,4.68359e+06,4.68359e+06,0
2,22,sync__set,GPU,4.68359e+06,4.68359e+06,0
2,22,sync__,GPU,4.68359e+06,4.68359e+06,0
2,22,moe_all_reduce_for_gather,GPU,4.68359e+06,4.68844e+06,4854.61
2,22,sync_5,GPU,4.68844e+06,4.68844e+06,0
2,22,sync__set,GPU,4.68844e+06,4.68844e+06,0
2,22,sync__,GPU,4.68844e+06,4.68844e+06,0
2,22,sync_6,GPU,4.68844e+06,4.68844e+06,0
2,22,sync__set,GPU,4.68844e+06,4.68844e+06,0
2,22,sync__,GPU,4.68844e+06,4.68844e+06,0
2,22,residual_2,GPU,4.68844e+06,4.68846e+06,21.9952
2,23,MoE_decoder_23,GPU,4.68846e+06,4.91513e+06,226668
2,23,input_layer_norm,GPU,4.68846e+06,4.68849e+06,21.9952
2,23,attention,GPU,4.68849e+06,4.69979e+06,11304.2
2,23,attn_qkv_proj,GPU,4.68849e+06,4.69225e+06,3767.29
2,23,Linear,GPU,4.68849e+06,4.69225e+06,3767.29
2,23,self_attention,GPU,4.69225e+06,4.69242e+06,167.476
2,23,AttentionSplit,GPU,4.69225e+06,4.69225e+06,0
2,23,AttentionSum,GPU,4.69225e+06,4.69225e+06,0
2,23,AttentionGen,GPU,4.69225e+06,4.69242e+06,167.476
2,23,AttentionMerge,GPU,4.69242e+06,4.69242e+06,0
2,23,attn_o_proj,GPU,4.69242e+06,4.69494e+06,2514.79
2,23,Linear,GPU,4.69242e+06,4.69494e+06,2514.79
2,23,all_reduce,GPU,4.69494e+06,4.69979e+06,4854.61
2,23,residual_1,GPU,4.69979e+06,4.69981e+06,21.9952
2,23,post_attn_layer_norm,GPU,4.69981e+06,4.69984e+06,21.9952
2,23,expertFFN,GPU,4.69984e+06,4.91511e+06,215276
2,23,sync_0,GPU,4.69984e+06,4.69984e+06,0
2,23,sync__set,GPU,4.69984e+06,4.69984e+06,0
2,23,sync__,GPU,4.69984e+06,4.69984e+06,0
2,23,gate_fn,GPU,4.69984e+06,4.69986e+06,29.3461
2,23,Linear,GPU,4.69984e+06,4.69986e+06,29.3461
2,23,gate_update,GPU,4.69986e+06,4.69986e+06,0
2,23,moe_scatter,GPU,4.69986e+06,4.69986e+06,0
2,23,sync_for_moe_scatter,GPU,4.69986e+06,4.69986e+06,0
2,23,sync__set,GPU,4.69986e+06,4.69986e+06,0
2,23,sync__,GPU,4.69986e+06,4.69986e+06,0
2,23,moe_route,GPU,4.69986e+06,4.69986e+06,0
2,23,expert_FFN_4,GPU,4.69986e+06,4.69986e+06,0
2,23,gate_proj,GPU,4.69986e+06,4.69986e+06,0
2,23,Linear,GPU,4.69986e+06,4.69986e+06,0
2,23,activation,GPU,4.69986e+06,4.69986e+06,0
2,23,up_proj,GPU,4.69986e+06,4.69986e+06,0
2,23,Linear,GPU,4.69986e+06,4.69986e+06,0
2,23,down_proj,GPU,4.69986e+06,4.69986e+06,0
2,23,Linear,GPU,4.69986e+06,4.69986e+06,0
2,23,expert_FFN_5,GPU,4.69986e+06,4.80503e+06,105167
2,23,gate_proj,GPU,4.69986e+06,4.73491e+06,35046.9
2,23,Linear,GPU,4.69986e+06,4.73491e+06,35046.9
2,23,activation,GPU,4.73491e+06,4.73494e+06,25.6611
2,23,up_proj,GPU,4.73494e+06,4.76998e+06,35046.9
2,23,Linear,GPU,4.73494e+06,4.76998e+06,35046.9
2,23,down_proj,GPU,4.76998e+06,4.80503e+06,35046.9
2,23,Linear,GPU,4.76998e+06,4.80503e+06,35046.9
2,23,sync_2,GPU,4.80503e+06,4.91026e+06,105225
2,23,sync__set,GPU,4.80503e+06,4.80503e+06,0
2,23,sync__,GPU,4.80503e+06,4.91026e+06,105225
2,23,moe_all_reduce_for_e_tp,GPU,4.91026e+06,4.91026e+06,0
2,23,sync_3,GPU,4.91026e+06,4.91026e+06,0
2,23,sync__set,GPU,4.91026e+06,4.91026e+06,0
2,23,sync__,GPU,4.91026e+06,4.91026e+06,0
2,23,moe_gather,GPU,4.91026e+06,4.91026e+06,0
2,23,sync_for_moe_gather,GPU,4.91026e+06,4.91026e+06,0
2,23,sync__set,GPU,4.91026e+06,4.91026e+06,0
2,23,sync__,GPU,4.91026e+06,4.91026e+06,0
2,23,moe_all_reduce_for_gather,GPU,4.91026e+06,4.91511e+06,4854.61
2,23,sync_5,GPU,4.91511e+06,4.91511e+06,0
2,23,sync__set,GPU,4.91511e+06,4.91511e+06,0
2,23,sync__,GPU,4.91511e+06,4.91511e+06,0
2,23,sync_6,GPU,4.91511e+06,4.91511e+06,0
2,23,sync__set,GPU,4.91511e+06,4.91511e+06,0
2,23,sync__,GPU,4.91511e+06,4.91511e+06,0
2,23,residual_2,GPU,4.91511e+06,4.91513e+06,21.9952
2,24,MoE_decoder_24,GPU,4.91513e+06,5.14186e+06,226726
2,24,input_layer_norm,GPU,4.91513e+06,4.91515e+06,21.9952
2,24,attention,GPU,4.91515e+06,4.92646e+06,11304.2
2,24,attn_qkv_proj,GPU,4.91515e+06,4.91892e+06,3767.29
2,24,Linear,GPU,4.91515e+06,4.91892e+06,3767.29
2,24,self_attention,GPU,4.91892e+06,4.91909e+06,167.476
2,24,AttentionSplit,GPU,4.91892e+06,4.91892e+06,0
2,24,AttentionSum,GPU,4.91892e+06,4.91892e+06,0
2,24,AttentionGen,GPU,4.91892e+06,4.91909e+06,167.476
2,24,AttentionMerge,GPU,4.91909e+06,4.91909e+06,0
2,24,attn_o_proj,GPU,4.91909e+06,4.9216e+06,2514.79
2,24,Linear,GPU,4.91909e+06,4.9216e+06,2514.79
2,24,all_reduce,GPU,4.9216e+06,4.92646e+06,4854.61
2,24,residual_1,GPU,4.92646e+06,4.92648e+06,21.9952
2,24,post_attn_layer_norm,GPU,4.92648e+06,4.9265e+06,21.9952
2,24,expertFFN,GPU,4.9265e+06,5.14184e+06,215334
2,24,sync_0,GPU,4.9265e+06,4.9265e+06,0
2,24,sync__set,GPU,4.9265e+06,4.9265e+06,0
2,24,sync__,GPU,4.9265e+06,4.9265e+06,0
2,24,gate_fn,GPU,4.9265e+06,4.92653e+06,29.3461
2,24,Linear,GPU,4.9265e+06,4.92653e+06,29.3461
2,24,gate_update,GPU,4.92653e+06,4.92653e+06,0
2,24,moe_scatter,GPU,4.92653e+06,4.92653e+06,0
2,24,sync_for_moe_scatter,GPU,4.92653e+06,4.92653e+06,0
2,24,sync__set,GPU,4.92653e+06,4.92653e+06,0
2,24,sync__,GPU,4.92653e+06,4.92653e+06,0
2,24,moe_route,GPU,4.92653e+06,4.92653e+06,0
2,24,expert_FFN_4,GPU,4.92653e+06,5.03182e+06,105284
2,24,gate_proj,GPU,4.92653e+06,4.9616e+06,35068.9
2,24,Linear,GPU,4.92653e+06,4.9616e+06,35068.9
2,24,activation,GPU,4.9616e+06,4.96168e+06,76.9833
2,24,up_proj,GPU,4.96168e+06,4.99675e+06,35068.9
2,24,Linear,GPU,4.96168e+06,4.99675e+06,35068.9
2,24,down_proj,GPU,4.99675e+06,5.03182e+06,35068.9
2,24,Linear,GPU,4.99675e+06,5.03182e+06,35068.9
2,24,expert_FFN_5,GPU,5.03182e+06,5.13698e+06,105167
2,24,gate_proj,GPU,5.03182e+06,5.06686e+06,35046.9
2,24,Linear,GPU,5.03182e+06,5.06686e+06,35046.9
2,24,activation,GPU,5.06686e+06,5.06689e+06,25.6611
2,24,up_proj,GPU,5.06689e+06,5.10194e+06,35046.9
2,24,Linear,GPU,5.06689e+06,5.10194e+06,35046.9
2,24,down_proj,GPU,5.10194e+06,5.13698e+06,35046.9
2,24,Linear,GPU,5.10194e+06,5.13698e+06,35046.9
2,24,sync_2,GPU,5.13698e+06,5.13698e+06,0
2,24,sync__set,GPU,5.13698e+06,5.13698e+06,0
2,24,sync__,GPU,5.13698e+06,5.13698e+06,0
2,24,moe_all_reduce_for_e_tp,GPU,5.13698e+06,5.13698e+06,0
2,24,sync_3,GPU,5.13698e+06,5.13698e+06,0
2,24,sync__set,GPU,5.13698e+06,5.13698e+06,0
2,24,sync__,GPU,5.13698e+06,5.13698e+06,0
2,24,moe_gather,GPU,5.13698e+06,5.13698e+06,0
2,24,sync_for_moe_gather,GPU,5.13698e+06,5.13698e+06,0
2,24,sync__set,GPU,5.13698e+06,5.13698e+06,0
2,24,sync__,GPU,5.13698e+06,5.13698e+06,0
2,24,moe_all_reduce_for_gather,GPU,5.13698e+06,5.14184e+06,4854.61
2,24,sync_5,GPU,5.14184e+06,5.14184e+06,0
2,24,sync__set,GPU,5.14184e+06,5.14184e+06,0
2,24,sync__,GPU,5.14184e+06,5.14184e+06,0
2,24,sync_6,GPU,5.14184e+06,5.14184e+06,0
2,24,sync__set,GPU,5.14184e+06,5.14184e+06,0
2,24,sync__,GPU,5.14184e+06,5.14184e+06,0
2,24,residual_2,GPU,5.14184e+06,5.14186e+06,21.9952
2,25,MoE_decoder_25,GPU,5.14186e+06,5.36853e+06,226668
2,25,input_layer_norm,GPU,5.14186e+06,5.14188e+06,21.9952
2,25,attention,GPU,5.14188e+06,5.15319e+06,11304.2
2,25,attn_qkv_proj,GPU,5.14188e+06,5.14565e+06,3767.29
2,25,Linear,GPU,5.14188e+06,5.14565e+06,3767.29
2,25,self_attention,GPU,5.14565e+06,5.14582e+06,167.476
2,25,AttentionSplit,GPU,5.14565e+06,5.14565e+06,0
2,25,AttentionSum,GPU,5.14565e+06,5.14565e+06,0
2,25,AttentionGen,GPU,5.14565e+06,5.14582e+06,167.476
2,25,AttentionMerge,GPU,5.14582e+06,5.14582e+06,0
2,25,attn_o_proj,GPU,5.14582e+06,5.14833e+06,2514.79
2,25,Linear,GPU,5.14582e+06,5.14833e+06,2514.79
2,25,all_reduce,GPU,5.14833e+06,5.15319e+06,4854.61
2,25,residual_1,GPU,5.15319e+06,5.15321e+06,21.9952
2,25,post_attn_layer_norm,GPU,5.15321e+06,5.15323e+06,21.9952
2,25,expertFFN,GPU,5.15323e+06,5.3685e+06,215276
2,25,sync_0,GPU,5.15323e+06,5.15323e+06,0
2,25,sync__set,GPU,5.15323e+06,5.15323e+06,0
2,25,sync__,GPU,5.15323e+06,5.15323e+06,0
2,25,gate_fn,GPU,5.15323e+06,5.15326e+06,29.3461
2,25,Linear,GPU,5.15323e+06,5.15326e+06,29.3461
2,25,gate_update,GPU,5.15326e+06,5.15326e+06,0
2,25,moe_scatter,GPU,5.15326e+06,5.15326e+06,0
2,25,sync_for_moe_scatter,GPU,5.15326e+06,5.15326e+06,0
2,25,sync__set,GPU,5.15326e+06,5.15326e+06,0
2,25,sync__,GPU,5.15326e+06,5.15326e+06,0
2,25,moe_route,GPU,5.15326e+06,5.15326e+06,0
2,25,expert_FFN_4,GPU,5.15326e+06,5.25843e+06,105167
2,25,gate_proj,GPU,5.15326e+06,5.18831e+06,35046.9
2,25,Linear,GPU,5.15326e+06,5.18831e+06,35046.9
2,25,activation,GPU,5.18831e+06,5.18833e+06,25.6611
2,25,up_proj,GPU,5.18833e+06,5.22338e+06,35046.9
2,25,Linear,GPU,5.18833e+06,5.22338e+06,35046.9
2,25,down_proj,GPU,5.22338e+06,5.25843e+06,35046.9
2,25,Linear,GPU,5.22338e+06,5.25843e+06,35046.9
2,25,expert_FFN_5,GPU,5.25843e+06,5.36365e+06,105225
2,25,gate_proj,GPU,5.25843e+06,5.29348e+06,35057.9
2,25,Linear,GPU,5.25843e+06,5.29348e+06,35057.9
2,25,activation,GPU,5.29348e+06,5.29353e+06,51.3222
2,25,up_proj,GPU,5.29353e+06,5.32859e+06,35057.9
2,25,Linear,GPU,5.29353e+06,5.32859e+06,35057.9
2,25,down_proj,GPU,5.32859e+06,5.36365e+06,35057.9
2,25,Linear,GPU,5.32859e+06,5.36365e+06,35057.9
2,25,sync_2,GPU,5.36365e+06,5.36365e+06,0
2,25,sync__set,GPU,5.36365e+06,5.36365e+06,0
2,25,sync__,GPU,5.36365e+06,5.36365e+06,0
2,25,moe_all_reduce_for_e_tp,GPU,5.36365e+06,5.36365e+06,0
2,25,sync_3,GPU,5.36365e+06,5.36365e+06,0
2,25,sync__set,GPU,5.36365e+06,5.36365e+06,0
2,25,sync__,GPU,5.36365e+06,5.36365e+06,0
2,25,moe_gather,GPU,5.36365e+06,5.36365e+06,0
2,25,sync_for_moe_gather,GPU,5.36365e+06,5.36365e+06,0
2,25,sync__set,GPU,5.36365e+06,5.36365e+06,0
2,25,sync__,GPU,5.36365e+06,5.36365e+06,0
2,25,moe_all_reduce_for_gather,GPU,5.36365e+06,5.3685e+06,4854.61
2,25,sync_5,GPU,5.3685e+06,5.3685e+06,0
2,25,sync__set,GPU,5.3685e+06,5.3685e+06,0
2,25,sync__,GPU,5.3685e+06,5.3685e+06,0
2,25,sync_6,GPU,5.3685e+06,5.3685e+06,0
2,25,sync__set,GPU,5.3685e+06,5.3685e+06,0
2,25,sync__,GPU,5.3685e+06,5.3685e+06,0
2,25,residual_2,GPU,5.3685e+06,5.36853e+06,21.9952
2,26,MoE_decoder_26,GPU,5.36853e+06,5.59519e+06,226668
2,26,input_layer_norm,GPU,5.36853e+06,5.36855e+06,21.9952
2,26,attention,GPU,5.36855e+06,5.37985e+06,11304.2
2,26,attn_qkv_proj,GPU,5.36855e+06,5.37232e+06,3767.29
2,26,Linear,GPU,5.36855e+06,5.37232e+06,3767.29
2,26,self_attention,GPU,5.37232e+06,5.37248e+06,167.476
2,26,AttentionSplit,GPU,5.37232e+06,5.37232e+06,0
2,26,AttentionSum,GPU,5.37232e+06,5.37232e+06,0
2,26,AttentionGen,GPU,5.37232e+06,5.37248e+06,167.476
2,26,AttentionMerge,GPU,5.37248e+06,5.37248e+06,0
2,26,attn_o_proj,GPU,5.37248e+06,5.375e+06,2514.79
2,26,Linear,GPU,5.37248e+06,5.375e+06,2514.79
2,26,all_reduce,GPU,5.375e+06,5.37985e+06,4854.61
2,26,residual_1,GPU,5.37985e+06,5.37988e+06,21.9952
2,26,post_attn_layer_norm,GPU,5.37988e+06,5.3799e+06,21.9952
2,26,expertFFN,GPU,5.3799e+06,5.59517e+06,215276
2,26,sync_0,GPU,5.3799e+06,5.3799e+06,0
2,26,sync__set,GPU,5.3799e+06,5.3799e+06,0
2,26,sync__,GPU,5.3799e+06,5.3799e+06,0
2,26,gate_fn,GPU,5.3799e+06,5.37993e+06,29.3461
2,26,Linear,GPU,5.3799e+06,5.37993e+06,29.3461
2,26,gate_update,GPU,5.37993e+06,5.37993e+06,0
2,26,moe_scatter,GPU,5.37993e+06,5.37993e+06,0
2,26,sync_for_moe_scatter,GPU,5.37993e+06,5.37993e+06,0
2,26,sync__set,GPU,5.37993e+06,5.37993e+06,0
2,26,sync__,GPU,5.37993e+06,5.37993e+06,0
2,26,moe_route,GPU,5.37993e+06,5.37993e+06,0
2,26,expert_FFN_4,GPU,5.37993e+06,5.48509e+06,105167
2,26,gate_proj,GPU,5.37993e+06,5.41497e+06,35046.9
2,26,Linear,GPU,5.37993e+06,5.41497e+06,35046.9
2,26,activation,GPU,5.41497e+06,5.415e+06,25.6611
2,26,up_proj,GPU,5.415e+06,5.45005e+06,35046.9
2,26,Linear,GPU,5.415e+06,5.45005e+06,35046.9
2,26,down_proj,GPU,5.45005e+06,5.48509e+06,35046.9
2,26,Linear,GPU,5.45005e+06,5.48509e+06,35046.9
2,26,expert_FFN_5,GPU,5.48509e+06,5.59032e+06,105225
2,26,gate_proj,GPU,5.48509e+06,5.52015e+06,35057.9
2,26,Linear,GPU,5.48509e+06,5.52015e+06,35057.9
2,26,activation,GPU,5.52015e+06,5.5202e+06,51.3222
2,26,up_proj,GPU,5.5202e+06,5.55526e+06,35057.9
2,26,Linear,GPU,5.5202e+06,5.55526e+06,35057.9
2,26,down_proj,GPU,5.55526e+06,5.59032e+06,35057.9
2,26,Linear,GPU,5.55526e+06,5.59032e+06,35057.9
2,26,sync_2,GPU,5.59032e+06,5.59032e+06,0
2,26,sync__set,GPU,5.59032e+06,5.59032e+06,0
2,26,sync__,GPU,5.59032e+06,5.59032e+06,0
2,26,moe_all_reduce_for_e_tp,GPU,5.59032e+06,5.59032e+06,0
2,26,sync_3,GPU,5.59032e+06,5.59032e+06,0
2,26,sync__set,GPU,5.59032e+06,5.59032e+06,0
2,26,sync__,GPU,5.59032e+06,5.59032e+06,0
2,26,moe_gather,GPU,5.59032e+06,5.59032e+06,0
2,26,sync_for_moe_gather,GPU,5.59032e+06,5.59032e+06,0
2,26,sync__set,GPU,5.59032e+06,5.59032e+06,0
2,26,sync__,GPU,5.59032e+06,5.59032e+06,0
2,26,moe_all_reduce_for_gather,GPU,5.59032e+06,5.59517e+06,4854.61
2,26,sync_5,GPU,5.59517e+06,5.59517e+06,0
2,26,sync__set,GPU,5.59517e+06,5.59517e+06,0
2,26,sync__,GPU,5.59517e+06,5.59517e+06,0
2,26,sync_6,GPU,5.59517e+06,5.59517e+06,0
2,26,sync__set,GPU,5.59517e+06,5.59517e+06,0
2,26,sync__,GPU,5.59517e+06,5.59517e+06,0
2,26,residual_2,GPU,5.59517e+06,5.59519e+06,21.9952
2,27,MoE_decoder_27,GPU,5.59519e+06,5.8218e+06,226609
2,27,input_layer_norm,GPU,5.59519e+06,5.59522e+06,21.9952
2,27,attention,GPU,5.59522e+06,5.60652e+06,11304.2
2,27,attn_qkv_proj,GPU,5.59522e+06,5.59898e+06,3767.29
2,27,Linear,GPU,5.59522e+06,5.59898e+06,3767.29
2,27,self_attention,GPU,5.59898e+06,5.59915e+06,167.476
2,27,AttentionSplit,GPU,5.59898e+06,5.59898e+06,0
2,27,AttentionSum,GPU,5.59898e+06,5.59898e+06,0
2,27,AttentionGen,GPU,5.59898e+06,5.59915e+06,167.476
2,27,AttentionMerge,GPU,5.59915e+06,5.59915e+06,0
2,27,attn_o_proj,GPU,5.59915e+06,5.60167e+06,2514.79
2,27,Linear,GPU,5.59915e+06,5.60167e+06,2514.79
2,27,all_reduce,GPU,5.60167e+06,5.60652e+06,4854.61
2,27,residual_1,GPU,5.60652e+06,5.60654e+06,21.9952
2,27,post_attn_layer_norm,GPU,5.60654e+06,5.60656e+06,21.9952
2,27,expertFFN,GPU,5.60656e+06,5.82178e+06,215217
2,27,sync_0,GPU,5.60656e+06,5.60656e+06,0
2,27,sync__set,GPU,5.60656e+06,5.60656e+06,0
2,27,sync__,GPU,5.60656e+06,5.60656e+06,0
2,27,gate_fn,GPU,5.60656e+06,5.60659e+06,29.3461
2,27,Linear,GPU,5.60656e+06,5.60659e+06,29.3461
2,27,gate_update,GPU,5.60659e+06,5.60659e+06,0
2,27,moe_scatter,GPU,5.60659e+06,5.60659e+06,0
2,27,sync_for_moe_scatter,GPU,5.60659e+06,5.60659e+06,0
2,27,sync__set,GPU,5.60659e+06,5.60659e+06,0
2,27,sync__,GPU,5.60659e+06,5.60659e+06,0
2,27,moe_route,GPU,5.60659e+06,5.60659e+06,0
2,27,expert_FFN_4,GPU,5.60659e+06,5.71188e+06,105284
2,27,gate_proj,GPU,5.60659e+06,5.64166e+06,35068.9
2,27,Linear,GPU,5.60659e+06,5.64166e+06,35068.9
2,27,activation,GPU,5.64166e+06,5.64174e+06,76.9833
2,27,up_proj,GPU,5.64174e+06,5.67681e+06,35068.9
2,27,Linear,GPU,5.64174e+06,5.67681e+06,35068.9
2,27,down_proj,GPU,5.67681e+06,5.71188e+06,35068.9
2,27,Linear,GPU,5.67681e+06,5.71188e+06,35068.9
2,27,expert_FFN_5,GPU,5.71188e+06,5.71188e+06,0
2,27,gate_proj,GPU,5.71188e+06,5.71188e+06,0
2,27,Linear,GPU,5.71188e+06,5.71188e+06,0
2,27,activation,GPU,5.71188e+06,5.71188e+06,0
2,27,up_proj,GPU,5.71188e+06,5.71188e+06,0
2,27,Linear,GPU,5.71188e+06,5.71188e+06,0
2,27,down_proj,GPU,5.71188e+06,5.71188e+06,0
2,27,Linear,GPU,5.71188e+06,5.71188e+06,0
2,27,sync_2,GPU,5.71188e+06,5.81693e+06,105049
2,27,sync__set,GPU,5.71188e+06,5.71188e+06,0
2,27,sync__,GPU,5.71188e+06,5.81693e+06,105049
2,27,moe_all_reduce_for_e_tp,GPU,5.81693e+06,5.81693e+06,0
2,27,sync_3,GPU,5.81693e+06,5.81693e+06,0
2,27,sync__set,GPU,5.81693e+06,5.81693e+06,0
2,27,sync__,GPU,5.81693e+06,5.81693e+06,0
2,27,moe_gather,GPU,5.81693e+06,5.81693e+06,0
2,27,sync_for_moe_gather,GPU,5.81693e+06,5.81693e+06,0
2,27,sync__set,GPU,5.81693e+06,5.81693e+06,0
2,27,sync__,GPU,5.81693e+06,5.81693e+06,0
2,27,moe_all_reduce_for_gather,GPU,5.81693e+06,5.82178e+06,4854.61
2,27,sync_5,GPU,5.82178e+06,5.82178e+06,0
2,27,sync__set,GPU,5.82178e+06,5.82178e+06,0
2,27,sync__,GPU,5.82178e+06,5.82178e+06,0
2,27,sync_6,GPU,5.82178e+06,5.82178e+06,0
2,27,sync__set,GPU,5.82178e+06,5.82178e+06,0
2,27,sync__,GPU,5.82178e+06,5.82178e+06,0
2,27,residual_2,GPU,5.82178e+06,5.8218e+06,21.9952
2,28,MoE_decoder_28,GPU,5.8218e+06,6.04847e+06,226668
2,28,input_layer_norm,GPU,5.8218e+06,5.82183e+06,21.9952
2,28,attention,GPU,5.82183e+06,5.83313e+06,11304.2
2,28,attn_qkv_proj,GPU,5.82183e+06,5.82559e+06,3767.29
2,28,Linear,GPU,5.82183e+06,5.82559e+06,3767.29
2,28,self_attention,GPU,5.82559e+06,5.82576e+06,167.476
2,28,AttentionSplit,GPU,5.82559e+06,5.82559e+06,0
2,28,AttentionSum,GPU,5.82559e+06,5.82559e+06,0
2,28,AttentionGen,GPU,5.82559e+06,5.82576e+06,167.476
2,28,AttentionMerge,GPU,5.82576e+06,5.82576e+06,0
2,28,attn_o_proj,GPU,5.82576e+06,5.82828e+06,2514.79
2,28,Linear,GPU,5.82576e+06,5.82828e+06,2514.79
2,28,all_reduce,GPU,5.82828e+06,5.83313e+06,4854.61
2,28,residual_1,GPU,5.83313e+06,5.83315e+06,21.9952
2,28,post_attn_layer_norm,GPU,5.83315e+06,5.83317e+06,21.9952
2,28,expertFFN,GPU,5.83317e+06,6.04845e+06,215276
2,28,sync_0,GPU,5.83317e+06,5.83317e+06,0
2,28,sync__set,GPU,5.83317e+06,5.83317e+06,0
2,28,sync__,GPU,5.83317e+06,5.83317e+06,0
2,28,gate_fn,GPU,5.83317e+06,5.8332e+06,29.3461
2,28,Linear,GPU,5.83317e+06,5.8332e+06,29.3461
2,28,gate_update,GPU,5.8332e+06,5.8332e+06,0
2,28,moe_scatter,GPU,5.8332e+06,5.8332e+06,0
2,28,sync_for_moe_scatter,GPU,5.8332e+06,5.8332e+06,0
2,28,sync__set,GPU,5.8332e+06,5.8332e+06,0
2,28,sync__,GPU,5.8332e+06,5.8332e+06,0
2,28,moe_route,GPU,5.8332e+06,5.8332e+06,0
2,28,expert_FFN_4,GPU,5.8332e+06,5.93843e+06,105225
2,28,gate_proj,GPU,5.8332e+06,5.86826e+06,35057.9
2,28,Linear,GPU,5.8332e+06,5.86826e+06,35057.9
2,28,activation,GPU,5.86826e+06,5.86831e+06,51.3222
2,28,up_proj,GPU,5.86831e+06,5.90337e+06,35057.9
2,28,Linear,GPU,5.86831e+06,5.90337e+06,35057.9
2,28,down_proj,GPU,5.90337e+06,5.93843e+06,35057.9
2,28,Linear,GPU,5.90337e+06,5.93843e+06,35057.9
2,28,expert_FFN_5,GPU,5.93843e+06,5.93843e+06,0
2,28,gate_proj,GPU,5.93843e+06,5.93843e+06,0
2,28,Linear,GPU,5.93843e+06,5.93843e+06,0
2,28,activation,GPU,5.93843e+06,5.93843e+06,0
2,28,up_proj,GPU,5.93843e+06,5.93843e+06,0
2,28,Linear,GPU,5.93843e+06,5.93843e+06,0
2,28,down_proj,GPU,5.93843e+06,5.93843e+06,0
2,28,Linear,GPU,5.93843e+06,5.93843e+06,0
2,28,sync_2,GPU,5.93843e+06,6.0436e+06,105167
2,28,sync__set,GPU,5.93843e+06,5.93843e+06,0
2,28,sync__,GPU,5.93843e+06,6.0436e+06,105167
2,28,moe_all_reduce_for_e_tp,GPU,6.0436e+06,6.0436e+06,0
2,28,sync_3,GPU,6.0436e+06,6.0436e+06,0
2,28,sync__set,GPU,6.0436e+06,6.0436e+06,0
2,28,sync__,GPU,6.0436e+06,6.0436e+06,0
2,28,moe_gather,GPU,6.0436e+06,6.0436e+06,0
2,28,sync_for_moe_gather,GPU,6.0436e+06,6.0436e+06,0
2,28,sync__set,GPU,6.0436e+06,6.0436e+06,0
2,28,sync__,GPU,6.0436e+06,6.0436e+06,0
2,28,moe_all_reduce_for_gather,GPU,6.0436e+06,6.04845e+06,4854.61
2,28,sync_5,GPU,6.04845e+06,6.04845e+06,0
2,28,sync__set,GPU,6.04845e+06,6.04845e+06,0
2,28,sync__,GPU,6.04845e+06,6.04845e+06,0
2,28,sync_6,GPU,6.04845e+06,6.04845e+06,0
2,28,sync__set,GPU,6.04845e+06,6.04845e+06,0
2,28,sync__,GPU,6.04845e+06,6.04845e+06,0
2,28,residual_2,GPU,6.04845e+06,6.04847e+06,21.9952
2,29,MoE_decoder_29,GPU,6.04847e+06,6.27526e+06,226785
2,29,input_layer_norm,GPU,6.04847e+06,6.04849e+06,21.9952
2,29,attention,GPU,6.04849e+06,6.0598e+06,11304.2
2,29,attn_qkv_proj,GPU,6.04849e+06,6.05226e+06,3767.29
2,29,Linear,GPU,6.04849e+06,6.05226e+06,3767.29
2,29,self_attention,GPU,6.05226e+06,6.05243e+06,167.476
2,29,AttentionSplit,GPU,6.05226e+06,6.05226e+06,0
2,29,AttentionSum,GPU,6.05226e+06,6.05226e+06,0
2,29,AttentionGen,GPU,6.05226e+06,6.05243e+06,167.476
2,29,AttentionMerge,GPU,6.05243e+06,6.05243e+06,0
2,29,attn_o_proj,GPU,6.05243e+06,6.05494e+06,2514.79
2,29,Linear,GPU,6.05243e+06,6.05494e+06,2514.79
2,29,all_reduce,GPU,6.05494e+06,6.0598e+06,4854.61
2,29,residual_1,GPU,6.0598e+06,6.05982e+06,21.9952
2,29,post_attn_layer_norm,GPU,6.05982e+06,6.05984e+06,21.9952
2,29,expertFFN,GPU,6.05984e+06,6.27523e+06,215393
2,29,sync_0,GPU,6.05984e+06,6.05984e+06,0
2,29,sync__set,GPU,6.05984e+06,6.05984e+06,0
2,29,sync__,GPU,6.05984e+06,6.05984e+06,0
2,29,gate_fn,GPU,6.05984e+06,6.05987e+06,29.3461
2,29,Linear,GPU,6.05984e+06,6.05987e+06,29.3461
2,29,gate_update,GPU,6.05987e+06,6.05987e+06,0
2,29,moe_scatter,GPU,6.05987e+06,6.05987e+06,0
2,29,sync_for_moe_scatter,GPU,6.05987e+06,6.05987e+06,0
2,29,sync__set,GPU,6.05987e+06,6.05987e+06,0
2,29,sync__,GPU,6.05987e+06,6.05987e+06,0
2,29,moe_route,GPU,6.05987e+06,6.05987e+06,0
2,29,expert_FFN_4,GPU,6.05987e+06,6.16504e+06,105167
2,29,gate_proj,GPU,6.05987e+06,6.09492e+06,35046.9
2,29,Linear,GPU,6.05987e+06,6.09492e+06,35046.9
2,29,activation,GPU,6.09492e+06,6.09494e+06,25.6611
2,29,up_proj,GPU,6.09494e+06,6.12999e+06,35046.9
2,29,Linear,GPU,6.09494e+06,6.12999e+06,35046.9
2,29,down_proj,GPU,6.12999e+06,6.16504e+06,35046.9
2,29,Linear,GPU,6.12999e+06,6.16504e+06,35046.9
2,29,expert_FFN_5,GPU,6.16504e+06,6.16504e+06,0
2,29,gate_proj,GPU,6.16504e+06,6.16504e+06,0
2,29,Linear,GPU,6.16504e+06,6.16504e+06,0
2,29,activation,GPU,6.16504e+06,6.16504e+06,0
2,29,up_proj,GPU,6.16504e+06,6.16504e+06,0
2,29,Linear,GPU,6.16504e+06,6.16504e+06,0
2,29,down_proj,GPU,6.16504e+06,6.16504e+06,0
2,29,Linear,GPU,6.16504e+06,6.16504e+06,0
2,29,sync_2,GPU,6.16504e+06,6.27038e+06,105342
2,29,sync__set,GPU,6.16504e+06,6.16504e+06,0
2,29,sync__,GPU,6.16504e+06,6.27038e+06,105342
2,29,moe_all_reduce_for_e_tp,GPU,6.27038e+06,6.27038e+06,0
2,29,sync_3,GPU,6.27038e+06,6.27038e+06,0
2,29,sync__set,GPU,6.27038e+06,6.27038e+06,0
2,29,sync__,GPU,6.27038e+06,6.27038e+06,0
2,29,moe_gather,GPU,6.27038e+06,6.27038e+06,0
2,29,sync_for_moe_gather,GPU,6.27038e+06,6.27038e+06,0
2,29,sync__set,GPU,6.27038e+06,6.27038e+06,0
2,29,sync__,GPU,6.27038e+06,6.27038e+06,0
2,29,moe_all_reduce_for_gather,GPU,6.27038e+06,6.27523e+06,4854.61
2,29,sync_5,GPU,6.27523e+06,6.27523e+06,0
2,29,sync__set,GPU,6.27523e+06,6.27523e+06,0
2,29,sync__,GPU,6.27523e+06,6.27523e+06,0
2,29,sync_6,GPU,6.27523e+06,6.27523e+06,0
2,29,sync__set,GPU,6.27523e+06,6.27523e+06,0
2,29,sync__,GPU,6.27523e+06,6.27523e+06,0
2,29,residual_2,GPU,6.27523e+06,6.27526e+06,21.9952
2,30,MoE_decoder_30,GPU,6.27526e+06,6.50192e+06,226668
2,30,input_layer_norm,GPU,6.27526e+06,6.27528e+06,21.9952
2,30,attention,GPU,6.27528e+06,6.28658e+06,11304.2
2,30,attn_qkv_proj,GPU,6.27528e+06,6.27905e+06,3767.29
2,30,Linear,GPU,6.27528e+06,6.27905e+06,3767.29
2,30,self_attention,GPU,6.27905e+06,6.27921e+06,167.476
2,30,AttentionSplit,GPU,6.27905e+06,6.27905e+06,0
2,30,AttentionSum,GPU,6.27905e+06,6.27905e+06,0
2,30,AttentionGen,GPU,6.27905e+06,6.27921e+06,167.476
2,30,AttentionMerge,GPU,6.27921e+06,6.27921e+06,0
2,30,attn_o_proj,GPU,6.27921e+06,6.28173e+06,2514.79
2,30,Linear,GPU,6.27921e+06,6.28173e+06,2514.79
2,30,all_reduce,GPU,6.28173e+06,6.28658e+06,4854.61
2,30,residual_1,GPU,6.28658e+06,6.2866e+06,21.9952
2,30,post_attn_layer_norm,GPU,6.2866e+06,6.28663e+06,21.9952
2,30,expertFFN,GPU,6.28663e+06,6.5019e+06,215276
2,30,sync_0,GPU,6.28663e+06,6.28663e+06,0
2,30,sync__set,GPU,6.28663e+06,6.28663e+06,0
2,30,sync__,GPU,6.28663e+06,6.28663e+06,0
2,30,gate_fn,GPU,6.28663e+06,6.28666e+06,29.3461
2,30,Linear,GPU,6.28663e+06,6.28666e+06,29.3461
2,30,gate_update,GPU,6.28666e+06,6.28666e+06,0
2,30,moe_scatter,GPU,6.28666e+06,6.28666e+06,0
2,30,sync_for_moe_scatter,GPU,6.28666e+06,6.28666e+06,0
2,30,sync__set,GPU,6.28666e+06,6.28666e+06,0
2,30,sync__,GPU,6.28666e+06,6.28666e+06,0
2,30,moe_route,GPU,6.28666e+06,6.28666e+06,0
2,30,expert_FFN_4,GPU,6.28666e+06,6.28666e+06,0
2,30,gate_proj,GPU,6.28666e+06,6.28666e+06,0
2,30,Linear,GPU,6.28666e+06,6.28666e+06,0
2,30,activation,GPU,6.28666e+06,6.28666e+06,0
2,30,up_proj,GPU,6.28666e+06,6.28666e+06,0
2,30,Linear,GPU,6.28666e+06,6.28666e+06,0
2,30,down_proj,GPU,6.28666e+06,6.28666e+06,0
2,30,Linear,GPU,6.28666e+06,6.28666e+06,0
2,30,expert_FFN_5,GPU,6.28666e+06,6.39182e+06,105167
2,30,gate_proj,GPU,6.28666e+06,6.3217e+06,35046.9
2,30,Linear,GPU,6.28666e+06,6.3217e+06,35046.9
2,30,activation,GPU,6.3217e+06,6.32173e+06,25.6611
2,30,up_proj,GPU,6.32173e+06,6.35678e+06,35046.9
2,30,Linear,GPU,6.32173e+06,6.35678e+06,35046.9
2,30,down_proj,GPU,6.35678e+06,6.39182e+06,35046.9
2,30,Linear,GPU,6.35678e+06,6.39182e+06,35046.9
2,30,sync_2,GPU,6.39182e+06,6.49705e+06,105225
2,30,sync__set,GPU,6.39182e+06,6.39182e+06,0
2,30,sync__,GPU,6.39182e+06,6.49705e+06,105225
2,30,moe_all_reduce_for_e_tp,GPU,6.49705e+06,6.49705e+06,0
2,30,sync_3,GPU,6.49705e+06,6.49705e+06,0
2,30,sync__set,GPU,6.49705e+06,6.49705e+06,0
2,30,sync__,GPU,6.49705e+06,6.49705e+06,0
2,30,moe_gather,GPU,6.49705e+06,6.49705e+06,0
2,30,sync_for_moe_gather,GPU,6.49705e+06,6.49705e+06,0
2,30,sync__set,GPU,6.49705e+06,6.49705e+06,0
2,30,sync__,GPU,6.49705e+06,6.49705e+06,0
2,30,moe_all_reduce_for_gather,GPU,6.49705e+06,6.5019e+06,4854.61
2,30,sync_5,GPU,6.5019e+06,6.5019e+06,0
2,30,sync__set,GPU,6.5019e+06,6.5019e+06,0
2,30,sync__,GPU,6.5019e+06,6.5019e+06,0
2,30,sync_6,GPU,6.5019e+06,6.5019e+06,0
2,30,sync__set,GPU,6.5019e+06,6.5019e+06,0
2,30,sync__,GPU,6.5019e+06,6.5019e+06,0
2,30,residual_2,GPU,6.5019e+06,6.50192e+06,21.9952
2,31,MoE_decoder_31,GPU,6.50192e+06,6.72859e+06,226668
2,31,input_layer_norm,GPU,6.50192e+06,6.50195e+06,21.9952
2,31,attention,GPU,6.50195e+06,6.51325e+06,11304.2
2,31,attn_qkv_proj,GPU,6.50195e+06,6.50571e+06,3767.29
2,31,Linear,GPU,6.50195e+06,6.50571e+06,3767.29
2,31,self_attention,GPU,6.50571e+06,6.50588e+06,167.476
2,31,AttentionSplit,GPU,6.50571e+06,6.50571e+06,0
2,31,AttentionSum,GPU,6.50571e+06,6.50571e+06,0
2,31,AttentionGen,GPU,6.50571e+06,6.50588e+06,167.476
2,31,AttentionMerge,GPU,6.50588e+06,6.50588e+06,0
2,31,attn_o_proj,GPU,6.50588e+06,6.5084e+06,2514.79
2,31,Linear,GPU,6.50588e+06,6.5084e+06,2514.79
2,31,all_reduce,GPU,6.5084e+06,6.51325e+06,4854.61
2,31,residual_1,GPU,6.51325e+06,6.51327e+06,21.9952
2,31,post_attn_layer_norm,GPU,6.51327e+06,6.51329e+06,21.9952
2,31,expertFFN,GPU,6.51329e+06,6.72857e+06,215276
2,31,sync_0,GPU,6.51329e+06,6.51329e+06,0
2,31,sync__set,GPU,6.51329e+06,6.51329e+06,0
2,31,sync__,GPU,6.51329e+06,6.51329e+06,0
2,31,gate_fn,GPU,6.51329e+06,6.51332e+06,29.3461
2,31,Linear,GPU,6.51329e+06,6.51332e+06,29.3461
2,31,gate_update,GPU,6.51332e+06,6.51332e+06,0
2,31,moe_scatter,GPU,6.51332e+06,6.51332e+06,0
2,31,sync_for_moe_scatter,GPU,6.51332e+06,6.51332e+06,0
2,31,sync__set,GPU,6.51332e+06,6.51332e+06,0
2,31,sync__,GPU,6.51332e+06,6.51332e+06,0
2,31,moe_route,GPU,6.51332e+06,6.51332e+06,0
2,31,expert_FFN_4,GPU,6.51332e+06,6.61849e+06,105167
2,31,gate_proj,GPU,6.51332e+06,6.54837e+06,35046.9
2,31,Linear,GPU,6.51332e+06,6.54837e+06,35046.9
2,31,activation,GPU,6.54837e+06,6.5484e+06,25.6611
2,31,up_proj,GPU,6.5484e+06,6.58344e+06,35046.9
2,31,Linear,GPU,6.5484e+06,6.58344e+06,35046.9
2,31,down_proj,GPU,6.58344e+06,6.61849e+06,35046.9
2,31,Linear,GPU,6.58344e+06,6.61849e+06,35046.9
2,31,expert_FFN_5,GPU,6.61849e+06,6.61849e+06,0
2,31,gate_proj,GPU,6.61849e+06,6.61849e+06,0
2,31,Linear,GPU,6.61849e+06,6.61849e+06,0
2,31,activation,GPU,6.61849e+06,6.61849e+06,0
2,31,up_proj,GPU,6.61849e+06,6.61849e+06,0
2,31,Linear,GPU,6.61849e+06,6.61849e+06,0
2,31,down_proj,GPU,6.61849e+06,6.61849e+06,0
2,31,Linear,GPU,6.61849e+06,6.61849e+06,0
2,31,sync_2,GPU,6.61849e+06,6.72372e+06,105225
2,31,sync__set,GPU,6.61849e+06,6.61849e+06,0
2,31,sync__,GPU,6.61849e+06,6.72372e+06,105225
2,31,moe_all_reduce_for_e_tp,GPU,6.72372e+06,6.72372e+06,0
2,31,sync_3,GPU,6.72372e+06,6.72372e+06,0
2,31,sync__set,GPU,6.72372e+06,6.72372e+06,0
2,31,sync__,GPU,6.72372e+06,6.72372e+06,0
2,31,moe_gather,GPU,6.72372e+06,6.72372e+06,0
2,31,sync_for_moe_gather,GPU,6.72372e+06,6.72372e+06,0
2,31,sync__set,GPU,6.72372e+06,6.72372e+06,0
2,31,sync__,GPU,6.72372e+06,6.72372e+06,0
2,31,moe_all_reduce_for_gather,GPU,6.72372e+06,6.72857e+06,4854.61
2,31,sync_5,GPU,6.72857e+06,6.72857e+06,0
2,31,sync__set,GPU,6.72857e+06,6.72857e+06,0
2,31,sync__,GPU,6.72857e+06,6.72857e+06,0
2,31,sync_6,GPU,6.72857e+06,6.72857e+06,0
2,31,sync__set,GPU,6.72857e+06,6.72857e+06,0
2,31,sync__,GPU,6.72857e+06,6.72857e+06,0
2,31,residual_2,GPU,6.72857e+06,6.72859e+06,21.9952
3,0,MoE_decoder_0,GPU,0,226726,226726
3,0,input_layer_norm,GPU,0,21.9952,21.9952
3,0,attention,GPU,21.9952,11326.2,11304.2
3,0,attn_qkv_proj,GPU,21.9952,3789.29,3767.29
3,0,Linear,GPU,21.9952,3789.29,3767.29
3,0,self_attention,GPU,3789.29,3956.76,167.476
3,0,AttentionSplit,GPU,3789.29,3789.29,0
3,0,AttentionSum,GPU,3789.29,3789.29,0
3,0,AttentionGen,GPU,3789.29,3956.76,167.476
3,0,AttentionMerge,GPU,3956.76,3956.76,0
3,0,attn_o_proj,GPU,3956.76,6471.55,2514.79
3,0,Linear,GPU,3956.76,6471.55,2514.79
3,0,all_reduce,GPU,6471.55,11326.2,4854.61
3,0,residual_1,GPU,11326.2,11348.2,21.9952
3,0,post_attn_layer_norm,GPU,11348.2,11370.2,21.9952
3,0,expertFFN,GPU,11370.2,226704,215334
3,0,sync_0,GPU,11370.2,11370.2,0
3,0,sync__set,GPU,11370.2,11370.2,0
3,0,sync__,GPU,11370.2,11370.2,0
3,0,gate_fn,GPU,11370.2,11399.5,29.3461
3,0,Linear,GPU,11370.2,11399.5,29.3461
3,0,gate_update,GPU,11399.5,11399.5,0
3,0,moe_scatter,GPU,11399.5,11399.5,0
3,0,sync_for_moe_scatter,GPU,11399.5,11399.5,0
3,0,sync__set,GPU,11399.5,11399.5,0
3,0,sync__,GPU,11399.5,11399.5,0
3,0,moe_route,GPU,11399.5,11399.5,0
3,0,expert_FFN_6,GPU,11399.5,11399.5,0
3,0,gate_proj,GPU,11399.5,11399.5,0
3,0,Linear,GPU,11399.5,11399.5,0
3,0,activation,GPU,11399.5,11399.5,0
3,0,up_proj,GPU,11399.5,11399.5,0
3,0,Linear,GPU,11399.5,11399.5,0
3,0,down_proj,GPU,11399.5,11399.5,0
3,0,Linear,GPU,11399.5,11399.5,0
3,0,expert_FFN_7,GPU,11399.5,11399.5,0
3,0,gate_proj,GPU,11399.5,11399.5,0
3,0,Linear,GPU,11399.5,11399.5,0
3,0,activation,GPU,11399.5,11399.5,0
3,0,up_proj,GPU,11399.5,11399.5,0
3,0,Linear,GPU,11399.5,11399.5,0
3,0,down_proj,GPU,11399.5,11399.5,0
3,0,Linear,GPU,11399.5,11399.5,0
3,0,sync_2,GPU,11399.5,221850,210450
3,0,sync__set,GPU,11399.5,11399.5,0
3,0,sync__,GPU,11399.5,221850,210450
3,0,moe_all_reduce_for_e_tp,GPU,221850,221850,0
3,0,sync_3,GPU,221850,221850,0
3,0,sync__set,GPU,221850,221850,0
3,0,sync__,GPU,221850,221850,0
3,0,moe_gather,GPU,221850,221850,0
3,0,sync_for_moe_gather,GPU,221850,221850,0
3,0,sync__set,GPU,221850,221850,0
3,0,sync__,GPU,221850,221850,0
3,0,moe_all_reduce_for_gather,GPU,221850,226704,4854.61
3,0,sync_5,GPU,226704,226704,0
3,0,sync__set,GPU,226704,226704,0
3,0,sync__,GPU,226704,226704,0
3,0,sync_6,GPU,226704,226704,0
3,0,sync__set,GPU,226704,226704,0
3,0,sync__,GPU,226704,226704,0
3,0,residual_2,GPU,226704,226726,21.9952
3,1,MoE_decoder_1,GPU,226726,453512,226785
3,1,input_layer_norm,GPU,226726,226748,21.9952
3,1,attention,GPU,226748,238053,11304.2
3,1,attn_qkv_proj,GPU,226748,230516,3767.29
3,1,Linear,GPU,226748,230516,3767.29
3,1,self_attention,GPU,230516,230683,167.476
3,1,AttentionSplit,GPU,230516,230516,0
3,1,AttentionSum,GPU,230516,230516,0
3,1,AttentionGen,GPU,230516,230683,167.476
3,1,AttentionMerge,GPU,230683,230683,0
3,1,attn_o_proj,GPU,230683,233198,2514.79
3,1,Linear,GPU,230683,233198,2514.79
3,1,all_reduce,GPU,233198,238053,4854.61
3,1,residual_1,GPU,238053,238075,21.9952
3,1,post_attn_layer_norm,GPU,238075,238097,21.9952
3,1,expertFFN,GPU,238097,453490,215393
3,1,sync_0,GPU,238097,238097,0
3,1,sync__set,GPU,238097,238097,0
3,1,sync__,GPU,238097,238097,0
3,1,gate_fn,GPU,238097,238126,29.3461
3,1,Linear,GPU,238097,238126,29.3461
3,1,gate_update,GPU,238126,238126,0
3,1,moe_scatter,GPU,238126,238126,0
3,1,sync_for_moe_scatter,GPU,238126,238126,0
3,1,sync__set,GPU,238126,238126,0
3,1,sync__,GPU,238126,238126,0
3,1,moe_route,GPU,238126,238126,0
3,1,expert_FFN_6,GPU,238126,343410,105284
3,1,gate_proj,GPU,238126,273195,35068.9
3,1,Linear,GPU,238126,273195,35068.9
3,1,activation,GPU,273195,273272,76.9833
3,1,up_proj,GPU,273272,308341,35068.9
3,1,Linear,GPU,273272,308341,35068.9
3,1,down_proj,GPU,308341,343410,35068.9
3,1,Linear,GPU,308341,343410,35068.9
3,1,expert_FFN_7,GPU,343410,448635,105225
3,1,gate_proj,GPU,343410,378468,35057.9
3,1,Linear,GPU,343410,378468,35057.9
3,1,activation,GPU,378468,378519,51.3222
3,1,up_proj,GPU,378519,413577,35057.9
3,1,Linear,GPU,378519,413577,35057.9
3,1,down_proj,GPU,413577,448635,35057.9
3,1,Linear,GPU,413577,448635,35057.9
3,1,sync_2,GPU,448635,448635,0
3,1,sync__set,GPU,448635,448635,0
3,1,sync__,GPU,448635,448635,0
3,1,moe_all_reduce_for_e_tp,GPU,448635,448635,0
3,1,sync_3,GPU,448635,448635,0
3,1,sync__set,GPU,448635,448635,0
3,1,sync__,GPU,448635,448635,0
3,1,moe_gather,GPU,448635,448635,0
3,1,sync_for_moe_gather,GPU,448635,448635,0
3,1,sync__set,GPU,448635,448635,0
3,1,sync__,GPU,448635,448635,0
3,1,moe_all_reduce_for_gather,GPU,448635,453490,4854.61
3,1,sync_5,GPU,453490,453490,0
3,1,sync__set,GPU,453490,453490,0
3,1,sync__,GPU,453490,453490,0
3,1,sync_6,GPU,453490,453490,0
3,1,sync__set,GPU,453490,453490,0
3,1,sync__,GPU,453490,453490,0
3,1,residual_2,GPU,453490,453512,21.9952
3,2,MoE_decoder_2,GPU,453512,680238,226726
3,2,input_layer_norm,GPU,453512,453534,21.9952
3,2,attention,GPU,453534,464838,11304.2
3,2,attn_qkv_proj,GPU,453534,457301,3767.29
3,2,Linear,GPU,453534,457301,3767.29
3,2,self_attention,GPU,457301,457468,167.476
3,2,AttentionSplit,GPU,457301,457301,0
3,2,AttentionSum,GPU,457301,457301,0
3,2,AttentionGen,GPU,457301,457468,167.476
3,2,AttentionMerge,GPU,457468,457468,0
3,2,attn_o_proj,GPU,457468,459983,2514.79
3,2,Linear,GPU,457468,459983,2514.79
3,2,all_reduce,GPU,459983,464838,4854.61
3,2,residual_1,GPU,464838,464860,21.9952
3,2,post_attn_layer_norm,GPU,464860,464882,21.9952
3,2,expertFFN,GPU,464882,680216,215334
3,2,sync_0,GPU,464882,464882,0
3,2,sync__set,GPU,464882,464882,0
3,2,sync__,GPU,464882,464882,0
3,2,gate_fn,GPU,464882,464911,29.3461
3,2,Linear,GPU,464882,464911,29.3461
3,2,gate_update,GPU,464911,464911,0
3,2,moe_scatter,GPU,464911,464911,0
3,2,sync_for_moe_scatter,GPU,464911,464911,0
3,2,sync__set,GPU,464911,464911,0
3,2,sync__,GPU,464911,464911,0
3,2,moe_route,GPU,464911,464911,0
3,2,expert_FFN_6,GPU,464911,464911,0
3,2,gate_proj,GPU,464911,464911,0
3,2,Linear,GPU,464911,464911,0
3,2,activation,GPU,464911,464911,0
3,2,up_proj,GPU,464911,464911,0
3,2,Linear,GPU,464911,464911,0
3,2,down_proj,GPU,464911,464911,0
3,2,Linear,GPU,464911,464911,0
3,2,expert_FFN_7,GPU,464911,464911,0
3,2,gate_proj,GPU,464911,464911,0
3,2,Linear,GPU,464911,464911,0
3,2,activation,GPU,464911,464911,0
3,2,up_proj,GPU,464911,464911,0
3,2,Linear,GPU,464911,464911,0
3,2,down_proj,GPU,464911,464911,0
3,2,Linear,GPU,464911,464911,0
3,2,sync_2,GPU,464911,675361,210450
3,2,sync__set,GPU,464911,464911,0
3,2,sync__,GPU,464911,675361,210450
3,2,moe_all_reduce_for_e_tp,GPU,675361,675361,0
3,2,sync_3,GPU,675361,675361,0
3,2,sync__set,GPU,675361,675361,0
3,2,sync__,GPU,675361,675361,0
3,2,moe_gather,GPU,675361,675361,0
3,2,sync_for_moe_gather,GPU,675361,675361,0
3,2,sync__set,GPU,675361,675361,0
3,2,sync__,GPU,675361,675361,0
3,2,moe_all_reduce_for_gather,GPU,675361,680216,4854.61
3,2,sync_5,GPU,680216,680216,0
3,2,sync__set,GPU,680216,680216,0
3,2,sync__,GPU,680216,680216,0
3,2,sync_6,GPU,680216,680216,0
3,2,sync__set,GPU,680216,680216,0
3,2,sync__,GPU,680216,680216,0
3,2,residual_2,GPU,680216,680238,21.9952
3,3,MoE_decoder_3,GPU,680238,906906,226668
3,3,input_layer_norm,GPU,680238,680260,21.9952
3,3,attention,GPU,680260,691564,11304.2
3,3,attn_qkv_proj,GPU,680260,684027,3767.29
3,3,Linear,GPU,680260,684027,3767.29
3,3,self_attention,GPU,684027,684195,167.476
3,3,AttentionSplit,GPU,684027,684027,0
3,3,AttentionSum,GPU,684027,684027,0
3,3,AttentionGen,GPU,684027,684195,167.476
3,3,AttentionMerge,GPU,684195,684195,0
3,3,attn_o_proj,GPU,684195,686710,2514.79
3,3,Linear,GPU,684195,686710,2514.79
3,3,all_reduce,GPU,686710,691564,4854.61
3,3,residual_1,GPU,691564,691586,21.9952
3,3,post_attn_layer_norm,GPU,691586,691608,21.9952
3,3,expertFFN,GPU,691608,906884,215276
3,3,sync_0,GPU,691608,691608,0
3,3,sync__set,GPU,691608,691608,0
3,3,sync__,GPU,691608,691608,0
3,3,gate_fn,GPU,691608,691637,29.3461
3,3,Linear,GPU,691608,691637,29.3461
3,3,gate_update,GPU,691637,691637,0
3,3,moe_scatter,GPU,691637,691637,0
3,3,sync_for_moe_scatter,GPU,691637,691637,0
3,3,sync__set,GPU,691637,691637,0
3,3,sync__,GPU,691637,691637,0
3,3,moe_route,GPU,691637,691637,0
3,3,expert_FFN_6,GPU,691637,691637,0
3,3,gate_proj,GPU,691637,691637,0
3,3,Linear,GPU,691637,691637,0
3,3,activation,GPU,691637,691637,0
3,3,up_proj,GPU,691637,691637,0
3,3,Linear,GPU,691637,691637,0
3,3,down_proj,GPU,691637,691637,0
3,3,Linear,GPU,691637,691637,0
3,3,expert_FFN_7,GPU,691637,796863,105225
3,3,gate_proj,GPU,691637,726695,35057.9
3,3,Linear,GPU,691637,726695,35057.9
3,3,activation,GPU,726695,726747,51.3222
3,3,up_proj,GPU,726747,761805,35057.9
3,3,Linear,GPU,726747,761805,35057.9
3,3,down_proj,GPU,761805,796863,35057.9
3,3,Linear,GPU,761805,796863,35057.9
3,3,sync_2,GPU,796863,902029,105167
3,3,sync__set,GPU,796863,796863,0
3,3,sync__,GPU,796863,902029,105167
3,3,moe_all_reduce_for_e_tp,GPU,902029,902029,0
3,3,sync_3,GPU,902029,902029,0
3,3,sync__set,GPU,902029,902029,0
3,3,sync__,GPU,902029,902029,0
3,3,moe_gather,GPU,902029,902029,0
3,3,sync_for_moe_gather,GPU,902029,902029,0
3,3,sync__set,GPU,902029,902029,0
3,3,sync__,GPU,902029,902029,0
3,3,moe_all_reduce_for_gather,GPU,902029,906884,4854.61
3,3,sync_5,GPU,906884,906884,0
3,3,sync__set,GPU,906884,906884,0
3,3,sync__,GPU,906884,906884,0
3,3,sync_6,GPU,906884,906884,0
3,3,sync__set,GPU,906884,906884,0
3,3,sync__,GPU,906884,906884,0
3,3,residual_2,GPU,906884,906906,21.9952
3,4,MoE_decoder_4,GPU,906906,1.13357e+06,226668
3,4,input_layer_norm,GPU,906906,906928,21.9952
3,4,attention,GPU,906928,918232,11304.2
3,4,attn_qkv_proj,GPU,906928,910695,3767.29
3,4,Linear,GPU,906928,910695,3767.29
3,4,self_attention,GPU,910695,910863,167.476
3,4,AttentionSplit,GPU,910695,910695,0
3,4,AttentionSum,GPU,910695,910695,0
3,4,AttentionGen,GPU,910695,910863,167.476
3,4,AttentionMerge,GPU,910863,910863,0
3,4,attn_o_proj,GPU,910863,913377,2514.79
3,4,Linear,GPU,910863,913377,2514.79
3,4,all_reduce,GPU,913377,918232,4854.61
3,4,residual_1,GPU,918232,918254,21.9952
3,4,post_attn_layer_norm,GPU,918254,918276,21.9952
3,4,expertFFN,GPU,918276,1.13355e+06,215276
3,4,sync_0,GPU,918276,918276,0
3,4,sync__set,GPU,918276,918276,0
3,4,sync__,GPU,918276,918276,0
3,4,gate_fn,GPU,918276,918305,29.3461
3,4,Linear,GPU,918276,918305,29.3461
3,4,gate_update,GPU,918305,918305,0
3,4,moe_scatter,GPU,918305,918305,0
3,4,sync_for_moe_scatter,GPU,918305,918305,0
3,4,sync__set,GPU,918305,918305,0
3,4,sync__,GPU,918305,918305,0
3,4,moe_route,GPU,918305,918305,0
3,4,expert_FFN_6,GPU,918305,1.02353e+06,105225
3,4,gate_proj,GPU,918305,953363,35057.9
3,4,Linear,GPU,918305,953363,35057.9
3,4,activation,GPU,953363,953415,51.3222
3,4,up_proj,GPU,953415,988472,35057.9
3,4,Linear,GPU,953415,988472,35057.9
3,4,down_proj,GPU,988472,1.02353e+06,35057.9
3,4,Linear,GPU,988472,1.02353e+06,35057.9
3,4,expert_FFN_7,GPU,1.02353e+06,1.1287e+06,105167
3,4,gate_proj,GPU,1.02353e+06,1.05858e+06,35046.9
3,4,Linear,GPU,1.02353e+06,1.05858e+06,35046.9
3,4,activation,GPU,1.05858e+06,1.0586e+06,25.6611
3,4,up_proj,GPU,1.0586e+06,1.09365e+06,35046.9
3,4,Linear,GPU,1.0586e+06,1.09365e+06,35046.9
3,4,down_proj,GPU,1.09365e+06,1.1287e+06,35046.9
3,4,Linear,GPU,1.09365e+06,1.1287e+06,35046.9
3,4,sync_2,GPU,1.1287e+06,1.1287e+06,0
3,4,sync__set,GPU,1.1287e+06,1.1287e+06,0
3,4,sync__,GPU,1.1287e+06,1.1287e+06,0
3,4,moe_all_reduce_for_e_tp,GPU,1.1287e+06,1.1287e+06,0
3,4,sync_3,GPU,1.1287e+06,1.1287e+06,0
3,4,sync__set,GPU,1.1287e+06,1.1287e+06,0
3,4,sync__,GPU,1.1287e+06,1.1287e+06,0
3,4,moe_gather,GPU,1.1287e+06,1.1287e+06,0
3,4,sync_for_moe_gather,GPU,1.1287e+06,1.1287e+06,0
3,4,sync__set,GPU,1.1287e+06,1.1287e+06,0
3,4,sync__,GPU,1.1287e+06,1.1287e+06,0
3,4,moe_all_reduce_for_gather,GPU,1.1287e+06,1.13355e+06,4854.61
3,4,sync_5,GPU,1.13355e+06,1.13355e+06,0
3,4,sync__set,GPU,1.13355e+06,1.13355e+06,0
3,4,sync__,GPU,1.13355e+06,1.13355e+06,0
3,4,sync_6,GPU,1.13355e+06,1.13355e+06,0
3,4,sync__set,GPU,1.13355e+06,1.13355e+06,0
3,4,sync__,GPU,1.13355e+06,1.13355e+06,0
3,4,residual_2,GPU,1.13355e+06,1.13357e+06,21.9952
3,5,MoE_decoder_5,GPU,1.13357e+06,1.25519e+06,121619
3,5,input_layer_norm,GPU,1.13357e+06,1.1336e+06,21.9952
3,5,attention,GPU,1.1336e+06,1.1449e+06,11304.2
3,5,attn_qkv_proj,GPU,1.1336e+06,1.13736e+06,3767.29
3,5,Linear,GPU,1.1336e+06,1.13736e+06,3767.29
3,5,self_attention,GPU,1.13736e+06,1.13753e+06,167.476
3,5,AttentionSplit,GPU,1.13736e+06,1.13736e+06,0
3,5,AttentionSum,GPU,1.13736e+06,1.13736e+06,0
3,5,AttentionGen,GPU,1.13736e+06,1.13753e+06,167.476
3,5,AttentionMerge,GPU,1.13753e+06,1.13753e+06,0
3,5,attn_o_proj,GPU,1.13753e+06,1.14005e+06,2514.79
3,5,Linear,GPU,1.13753e+06,1.14005e+06,2514.79
3,5,all_reduce,GPU,1.14005e+06,1.1449e+06,4854.61
3,5,residual_1,GPU,1.1449e+06,1.14492e+06,21.9952
3,5,post_attn_layer_norm,GPU,1.14492e+06,1.14494e+06,21.9952
3,5,expertFFN,GPU,1.14494e+06,1.25517e+06,110226
3,5,sync_0,GPU,1.14494e+06,1.14494e+06,0
3,5,sync__set,GPU,1.14494e+06,1.14494e+06,0
3,5,sync__,GPU,1.14494e+06,1.14494e+06,0
3,5,gate_fn,GPU,1.14494e+06,1.14497e+06,29.3461
3,5,Linear,GPU,1.14494e+06,1.14497e+06,29.3461
3,5,gate_update,GPU,1.14497e+06,1.14497e+06,0
3,5,moe_scatter,GPU,1.14497e+06,1.14497e+06,0
3,5,sync_for_moe_scatter,GPU,1.14497e+06,1.14497e+06,0
3,5,sync__set,GPU,1.14497e+06,1.14497e+06,0
3,5,sync__,GPU,1.14497e+06,1.14497e+06,0
3,5,moe_route,GPU,1.14497e+06,1.14497e+06,0
3,5,expert_FFN_6,GPU,1.14497e+06,1.14497e+06,0
3,5,gate_proj,GPU,1.14497e+06,1.14497e+06,0
3,5,Linear,GPU,1.14497e+06,1.14497e+06,0
3,5,activation,GPU,1.14497e+06,1.14497e+06,0
3,5,up_proj,GPU,1.14497e+06,1.14497e+06,0
3,5,Linear,GPU,1.14497e+06,1.14497e+06,0
3,5,down_proj,GPU,1.14497e+06,1.14497e+06,0
3,5,Linear,GPU,1.14497e+06,1.14497e+06,0
3,5,expert_FFN_7,GPU,1.14497e+06,1.25014e+06,105167
3,5,gate_proj,GPU,1.14497e+06,1.18002e+06,35046.9
3,5,Linear,GPU,1.14497e+06,1.18002e+06,35046.9
3,5,activation,GPU,1.18002e+06,1.18005e+06,25.6611
3,5,up_proj,GPU,1.18005e+06,1.21509e+06,35046.9
3,5,Linear,GPU,1.18005e+06,1.21509e+06,35046.9
3,5,down_proj,GPU,1.21509e+06,1.25014e+06,35046.9
3,5,Linear,GPU,1.21509e+06,1.25014e+06,35046.9
3,5,sync_2,GPU,1.25014e+06,1.25032e+06,175.962
3,5,sync__set,GPU,1.25014e+06,1.25014e+06,0
3,5,sync__,GPU,1.25014e+06,1.25032e+06,175.962
3,5,moe_all_reduce_for_e_tp,GPU,1.25032e+06,1.25032e+06,0
3,5,sync_3,GPU,1.25032e+06,1.25032e+06,0
3,5,sync__set,GPU,1.25032e+06,1.25032e+06,0
3,5,sync__,GPU,1.25032e+06,1.25032e+06,0
3,5,moe_gather,GPU,1.25032e+06,1.25032e+06,0
3,5,sync_for_moe_gather,GPU,1.25032e+06,1.25032e+06,0
3,5,sync__set,GPU,1.25032e+06,1.25032e+06,0
3,5,sync__,GPU,1.25032e+06,1.25032e+06,0
3,5,moe_all_reduce_for_gather,GPU,1.25032e+06,1.25517e+06,4854.61
3,5,sync_5,GPU,1.25517e+06,1.25517e+06,0
3,5,sync__set,GPU,1.25517e+06,1.25517e+06,0
3,5,sync__,GPU,1.25517e+06,1.25517e+06,0
3,5,sync_6,GPU,1.25517e+06,1.25517e+06,0
3,5,sync__set,GPU,1.25517e+06,1.25517e+06,0
3,5,sync__,GPU,1.25517e+06,1.25517e+06,0
3,5,residual_2,GPU,1.25517e+06,1.25519e+06,21.9952
3,6,MoE_decoder_6,GPU,1.25519e+06,1.48192e+06,226726
3,6,input_layer_norm,GPU,1.25519e+06,1.25521e+06,21.9952
3,6,attention,GPU,1.25521e+06,1.26652e+06,11304.2
3,6,attn_qkv_proj,GPU,1.25521e+06,1.25898e+06,3767.29
3,6,Linear,GPU,1.25521e+06,1.25898e+06,3767.29
3,6,self_attention,GPU,1.25898e+06,1.25915e+06,167.476
3,6,AttentionSplit,GPU,1.25898e+06,1.25898e+06,0
3,6,AttentionSum,GPU,1.25898e+06,1.25898e+06,0
3,6,AttentionGen,GPU,1.25898e+06,1.25915e+06,167.476
3,6,AttentionMerge,GPU,1.25915e+06,1.25915e+06,0
3,6,attn_o_proj,GPU,1.25915e+06,1.26166e+06,2514.79
3,6,Linear,GPU,1.25915e+06,1.26166e+06,2514.79
3,6,all_reduce,GPU,1.26166e+06,1.26652e+06,4854.61
3,6,residual_1,GPU,1.26652e+06,1.26654e+06,21.9952
3,6,post_attn_layer_norm,GPU,1.26654e+06,1.26656e+06,21.9952
3,6,expertFFN,GPU,1.26656e+06,1.4819e+06,215334
3,6,sync_0,GPU,1.26656e+06,1.26656e+06,0
3,6,sync__set,GPU,1.26656e+06,1.26656e+06,0
3,6,sync__,GPU,1.26656e+06,1.26656e+06,0
3,6,gate_fn,GPU,1.26656e+06,1.26659e+06,29.3461
3,6,Linear,GPU,1.26656e+06,1.26659e+06,29.3461
3,6,gate_update,GPU,1.26659e+06,1.26659e+06,0
3,6,moe_scatter,GPU,1.26659e+06,1.26659e+06,0
3,6,sync_for_moe_scatter,GPU,1.26659e+06,1.26659e+06,0
3,6,sync__set,GPU,1.26659e+06,1.26659e+06,0
3,6,sync__,GPU,1.26659e+06,1.26659e+06,0
3,6,moe_route,GPU,1.26659e+06,1.26659e+06,0
3,6,expert_FFN_6,GPU,1.26659e+06,1.26659e+06,0
3,6,gate_proj,GPU,1.26659e+06,1.26659e+06,0
3,6,Linear,GPU,1.26659e+06,1.26659e+06,0
3,6,activation,GPU,1.26659e+06,1.26659e+06,0
3,6,up_proj,GPU,1.26659e+06,1.26659e+06,0
3,6,Linear,GPU,1.26659e+06,1.26659e+06,0
3,6,down_proj,GPU,1.26659e+06,1.26659e+06,0
3,6,Linear,GPU,1.26659e+06,1.26659e+06,0
3,6,expert_FFN_7,GPU,1.26659e+06,1.37176e+06,105167
3,6,gate_proj,GPU,1.26659e+06,1.30164e+06,35046.9
3,6,Linear,GPU,1.26659e+06,1.30164e+06,35046.9
3,6,activation,GPU,1.30164e+06,1.30166e+06,25.6611
3,6,up_proj,GPU,1.30166e+06,1.33671e+06,35046.9
3,6,Linear,GPU,1.30166e+06,1.33671e+06,35046.9
3,6,down_proj,GPU,1.33671e+06,1.37176e+06,35046.9
3,6,Linear,GPU,1.33671e+06,1.37176e+06,35046.9
3,6,sync_2,GPU,1.37176e+06,1.47704e+06,105284
3,6,sync__set,GPU,1.37176e+06,1.37176e+06,0
3,6,sync__,GPU,1.37176e+06,1.47704e+06,105284
3,6,moe_all_reduce_for_e_tp,GPU,1.47704e+06,1.47704e+06,0
3,6,sync_3,GPU,1.47704e+06,1.47704e+06,0
3,6,sync__set,GPU,1.47704e+06,1.47704e+06,0
3,6,sync__,GPU,1.47704e+06,1.47704e+06,0
3,6,moe_gather,GPU,1.47704e+06,1.47704e+06,0
3,6,sync_for_moe_gather,GPU,1.47704e+06,1.47704e+06,0
3,6,sync__set,GPU,1.47704e+06,1.47704e+06,0
3,6,sync__,GPU,1.47704e+06,1.47704e+06,0
3,6,moe_all_reduce_for_gather,GPU,1.47704e+06,1.4819e+06,4854.61
3,6,sync_5,GPU,1.4819e+06,1.4819e+06,0
3,6,sync__set,GPU,1.4819e+06,1.4819e+06,0
3,6,sync__,GPU,1.4819e+06,1.4819e+06,0
3,6,sync_6,GPU,1.4819e+06,1.4819e+06,0
3,6,sync__set,GPU,1.4819e+06,1.4819e+06,0
3,6,sync__,GPU,1.4819e+06,1.4819e+06,0
3,6,residual_2,GPU,1.4819e+06,1.48192e+06,21.9952
3,7,MoE_decoder_7,GPU,1.48192e+06,1.70859e+06,226668
3,7,input_layer_norm,GPU,1.48192e+06,1.48194e+06,21.9952
3,7,attention,GPU,1.48194e+06,1.49324e+06,11304.2
3,7,attn_qkv_proj,GPU,1.48194e+06,1.48571e+06,3767.29
3,7,Linear,GPU,1.48194e+06,1.48571e+06,3767.29
3,7,self_attention,GPU,1.48571e+06,1.48588e+06,167.476
3,7,AttentionSplit,GPU,1.48571e+06,1.48571e+06,0
3,7,AttentionSum,GPU,1.48571e+06,1.48571e+06,0
3,7,AttentionGen,GPU,1.48571e+06,1.48588e+06,167.476
3,7,AttentionMerge,GPU,1.48588e+06,1.48588e+06,0
3,7,attn_o_proj,GPU,1.48588e+06,1.48839e+06,2514.79
3,7,Linear,GPU,1.48588e+06,1.48839e+06,2514.79
3,7,all_reduce,GPU,1.48839e+06,1.49324e+06,4854.61
3,7,residual_1,GPU,1.49324e+06,1.49327e+06,21.9952
3,7,post_attn_layer_norm,GPU,1.49327e+06,1.49329e+06,21.9952
3,7,expertFFN,GPU,1.49329e+06,1.70856e+06,215276
3,7,sync_0,GPU,1.49329e+06,1.49329e+06,0
3,7,sync__set,GPU,1.49329e+06,1.49329e+06,0
3,7,sync__,GPU,1.49329e+06,1.49329e+06,0
3,7,gate_fn,GPU,1.49329e+06,1.49332e+06,29.3461
3,7,Linear,GPU,1.49329e+06,1.49332e+06,29.3461
3,7,gate_update,GPU,1.49332e+06,1.49332e+06,0
3,7,moe_scatter,GPU,1.49332e+06,1.49332e+06,0
3,7,sync_for_moe_scatter,GPU,1.49332e+06,1.49332e+06,0
3,7,sync__set,GPU,1.49332e+06,1.49332e+06,0
3,7,sync__,GPU,1.49332e+06,1.49332e+06,0
3,7,moe_route,GPU,1.49332e+06,1.49332e+06,0
3,7,expert_FFN_6,GPU,1.49332e+06,1.59848e+06,105167
3,7,gate_proj,GPU,1.49332e+06,1.52837e+06,35046.9
3,7,Linear,GPU,1.49332e+06,1.52837e+06,35046.9
3,7,activation,GPU,1.52837e+06,1.52839e+06,25.6611
3,7,up_proj,GPU,1.52839e+06,1.56344e+06,35046.9
3,7,Linear,GPU,1.52839e+06,1.56344e+06,35046.9
3,7,down_proj,GPU,1.56344e+06,1.59848e+06,35046.9
3,7,Linear,GPU,1.56344e+06,1.59848e+06,35046.9
3,7,expert_FFN_7,GPU,1.59848e+06,1.70371e+06,105225
3,7,gate_proj,GPU,1.59848e+06,1.63354e+06,35057.9
3,7,Linear,GPU,1.59848e+06,1.63354e+06,35057.9
3,7,activation,GPU,1.63354e+06,1.63359e+06,51.3222
3,7,up_proj,GPU,1.63359e+06,1.66865e+06,35057.9
3,7,Linear,GPU,1.63359e+06,1.66865e+06,35057.9
3,7,down_proj,GPU,1.66865e+06,1.70371e+06,35057.9
3,7,Linear,GPU,1.66865e+06,1.70371e+06,35057.9
3,7,sync_2,GPU,1.70371e+06,1.70371e+06,0
3,7,sync__set,GPU,1.70371e+06,1.70371e+06,0
3,7,sync__,GPU,1.70371e+06,1.70371e+06,0
3,7,moe_all_reduce_for_e_tp,GPU,1.70371e+06,1.70371e+06,0
3,7,sync_3,GPU,1.70371e+06,1.70371e+06,0
3,7,sync__set,GPU,1.70371e+06,1.70371e+06,0
3,7,sync__,GPU,1.70371e+06,1.70371e+06,0
3,7,moe_gather,GPU,1.70371e+06,1.70371e+06,0
3,7,sync_for_moe_gather,GPU,1.70371e+06,1.70371e+06,0
3,7,sync__set,GPU,1.70371e+06,1.70371e+06,0
3,7,sync__,GPU,1.70371e+06,1.70371e+06,0
3,7,moe_all_reduce_for_gather,GPU,1.70371e+06,1.70856e+06,4854.61
3,7,sync_5,GPU,1.70856e+06,1.70856e+06,0
3,7,sync__set,GPU,1.70856e+06,1.70856e+06,0
3,7,sync__,GPU,1.70856e+06,1.70856e+06,0
3,7,sync_6,GPU,1.70856e+06,1.70856e+06,0
3,7,sync__set,GPU,1.70856e+06,1.70856e+06,0
3,7,sync__,GPU,1.70856e+06,1.70856e+06,0
3,7,residual_2,GPU,1.70856e+06,1.70859e+06,21.9952
3,8,MoE_decoder_8,GPU,1.70859e+06,1.8302e+06,121619
3,8,input_layer_norm,GPU,1.70859e+06,1.70861e+06,21.9952
3,8,attention,GPU,1.70861e+06,1.71991e+06,11304.2
3,8,attn_qkv_proj,GPU,1.70861e+06,1.71238e+06,3767.29
3,8,Linear,GPU,1.70861e+06,1.71238e+06,3767.29
3,8,self_attention,GPU,1.71238e+06,1.71254e+06,167.476
3,8,AttentionSplit,GPU,1.71238e+06,1.71238e+06,0
3,8,AttentionSum,GPU,1.71238e+06,1.71238e+06,0
3,8,AttentionGen,GPU,1.71238e+06,1.71254e+06,167.476
3,8,AttentionMerge,GPU,1.71254e+06,1.71254e+06,0
3,8,attn_o_proj,GPU,1.71254e+06,1.71506e+06,2514.79
3,8,Linear,GPU,1.71254e+06,1.71506e+06,2514.79
3,8,all_reduce,GPU,1.71506e+06,1.71991e+06,4854.61
3,8,residual_1,GPU,1.71991e+06,1.71993e+06,21.9952
3,8,post_attn_layer_norm,GPU,1.71993e+06,1.71996e+06,21.9952
3,8,expertFFN,GPU,1.71996e+06,1.83018e+06,110226
3,8,sync_0,GPU,1.71996e+06,1.71996e+06,0
3,8,sync__set,GPU,1.71996e+06,1.71996e+06,0
3,8,sync__,GPU,1.71996e+06,1.71996e+06,0
3,8,gate_fn,GPU,1.71996e+06,1.71999e+06,29.3461
3,8,Linear,GPU,1.71996e+06,1.71999e+06,29.3461
3,8,gate_update,GPU,1.71999e+06,1.71999e+06,0
3,8,moe_scatter,GPU,1.71999e+06,1.71999e+06,0
3,8,sync_for_moe_scatter,GPU,1.71999e+06,1.71999e+06,0
3,8,sync__set,GPU,1.71999e+06,1.71999e+06,0
3,8,sync__,GPU,1.71999e+06,1.71999e+06,0
3,8,moe_route,GPU,1.71999e+06,1.71999e+06,0
3,8,expert_FFN_6,GPU,1.71999e+06,1.82527e+06,105284
3,8,gate_proj,GPU,1.71999e+06,1.75505e+06,35068.9
3,8,Linear,GPU,1.71999e+06,1.75505e+06,35068.9
3,8,activation,GPU,1.75505e+06,1.75513e+06,76.9833
3,8,up_proj,GPU,1.75513e+06,1.7902e+06,35068.9
3,8,Linear,GPU,1.75513e+06,1.7902e+06,35068.9
3,8,down_proj,GPU,1.7902e+06,1.82527e+06,35068.9
3,8,Linear,GPU,1.7902e+06,1.82527e+06,35068.9
3,8,expert_FFN_7,GPU,1.82527e+06,1.82527e+06,0
3,8,gate_proj,GPU,1.82527e+06,1.82527e+06,0
3,8,Linear,GPU,1.82527e+06,1.82527e+06,0
3,8,activation,GPU,1.82527e+06,1.82527e+06,0
3,8,up_proj,GPU,1.82527e+06,1.82527e+06,0
3,8,Linear,GPU,1.82527e+06,1.82527e+06,0
3,8,down_proj,GPU,1.82527e+06,1.82527e+06,0
3,8,Linear,GPU,1.82527e+06,1.82527e+06,0
3,8,sync_2,GPU,1.82527e+06,1.82533e+06,58.6539
3,8,sync__set,GPU,1.82527e+06,1.82527e+06,0
3,8,sync__,GPU,1.82527e+06,1.82533e+06,58.6539
3,8,moe_all_reduce_for_e_tp,GPU,1.82533e+06,1.82533e+06,0
3,8,sync_3,GPU,1.82533e+06,1.82533e+06,0
3,8,sync__set,GPU,1.82533e+06,1.82533e+06,0
3,8,sync__,GPU,1.82533e+06,1.82533e+06,0
3,8,moe_gather,GPU,1.82533e+06,1.82533e+06,0
3,8,sync_for_moe_gather,GPU,1.82533e+06,1.82533e+06,0
3,8,sync__set,GPU,1.82533e+06,1.82533e+06,0
3,8,sync__,GPU,1.82533e+06,1.82533e+06,0
3,8,moe_all_reduce_for_gather,GPU,1.82533e+06,1.83018e+06,4854.61
3,8,sync_5,GPU,1.83018e+06,1.83018e+06,0
3,8,sync__set,GPU,1.83018e+06,1.83018e+06,0
3,8,sync__,GPU,1.83018e+06,1.83018e+06,0
3,8,sync_6,GPU,1.83018e+06,1.83018e+06,0
3,8,sync__set,GPU,1.83018e+06,1.83018e+06,0
3,8,sync__,GPU,1.83018e+06,1.83018e+06,0
3,8,residual_2,GPU,1.83018e+06,1.8302e+06,21.9952
3,9,MoE_decoder_9,GPU,1.8302e+06,2.05687e+06,226668
3,9,input_layer_norm,GPU,1.8302e+06,1.83023e+06,21.9952
3,9,attention,GPU,1.83023e+06,1.84153e+06,11304.2
3,9,attn_qkv_proj,GPU,1.83023e+06,1.83399e+06,3767.29
3,9,Linear,GPU,1.83023e+06,1.83399e+06,3767.29
3,9,self_attention,GPU,1.83399e+06,1.83416e+06,167.476
3,9,AttentionSplit,GPU,1.83399e+06,1.83399e+06,0
3,9,AttentionSum,GPU,1.83399e+06,1.83399e+06,0
3,9,AttentionGen,GPU,1.83399e+06,1.83416e+06,167.476
3,9,AttentionMerge,GPU,1.83416e+06,1.83416e+06,0
3,9,attn_o_proj,GPU,1.83416e+06,1.83668e+06,2514.79
3,9,Linear,GPU,1.83416e+06,1.83668e+06,2514.79
3,9,all_reduce,GPU,1.83668e+06,1.84153e+06,4854.61
3,9,residual_1,GPU,1.84153e+06,1.84155e+06,21.9952
3,9,post_attn_layer_norm,GPU,1.84155e+06,1.84158e+06,21.9952
3,9,expertFFN,GPU,1.84158e+06,2.05685e+06,215276
3,9,sync_0,GPU,1.84158e+06,1.84158e+06,0
3,9,sync__set,GPU,1.84158e+06,1.84158e+06,0
3,9,sync__,GPU,1.84158e+06,1.84158e+06,0
3,9,gate_fn,GPU,1.84158e+06,1.8416e+06,29.3461
3,9,Linear,GPU,1.84158e+06,1.8416e+06,29.3461
3,9,gate_update,GPU,1.8416e+06,1.8416e+06,0
3,9,moe_scatter,GPU,1.8416e+06,1.8416e+06,0
3,9,sync_for_moe_scatter,GPU,1.8416e+06,1.8416e+06,0
3,9,sync__set,GPU,1.8416e+06,1.8416e+06,0
3,9,sync__,GPU,1.8416e+06,1.8416e+06,0
3,9,moe_route,GPU,1.8416e+06,1.8416e+06,0
3,9,expert_FFN_6,GPU,1.8416e+06,1.94683e+06,105225
3,9,gate_proj,GPU,1.8416e+06,1.87666e+06,35057.9
3,9,Linear,GPU,1.8416e+06,1.87666e+06,35057.9
3,9,activation,GPU,1.87666e+06,1.87671e+06,51.3222
3,9,up_proj,GPU,1.87671e+06,1.91177e+06,35057.9
3,9,Linear,GPU,1.87671e+06,1.91177e+06,35057.9
3,9,down_proj,GPU,1.91177e+06,1.94683e+06,35057.9
3,9,Linear,GPU,1.91177e+06,1.94683e+06,35057.9
3,9,expert_FFN_7,GPU,1.94683e+06,2.052e+06,105167
3,9,gate_proj,GPU,1.94683e+06,1.98188e+06,35046.9
3,9,Linear,GPU,1.94683e+06,1.98188e+06,35046.9
3,9,activation,GPU,1.98188e+06,1.9819e+06,25.6611
3,9,up_proj,GPU,1.9819e+06,2.01695e+06,35046.9
3,9,Linear,GPU,1.9819e+06,2.01695e+06,35046.9
3,9,down_proj,GPU,2.01695e+06,2.052e+06,35046.9
3,9,Linear,GPU,2.01695e+06,2.052e+06,35046.9
3,9,sync_2,GPU,2.052e+06,2.052e+06,0
3,9,sync__set,GPU,2.052e+06,2.052e+06,0
3,9,sync__,GPU,2.052e+06,2.052e+06,0
3,9,moe_all_reduce_for_e_tp,GPU,2.052e+06,2.052e+06,0
3,9,sync_3,GPU,2.052e+06,2.052e+06,0
3,9,sync__set,GPU,2.052e+06,2.052e+06,0
3,9,sync__,GPU,2.052e+06,2.052e+06,0
3,9,moe_gather,GPU,2.052e+06,2.052e+06,0
3,9,sync_for_moe_gather,GPU,2.052e+06,2.052e+06,0
3,9,sync__set,GPU,2.052e+06,2.052e+06,0
3,9,sync__,GPU,2.052e+06,2.052e+06,0
3,9,moe_all_reduce_for_gather,GPU,2.052e+06,2.05685e+06,4854.61
3,9,sync_5,GPU,2.05685e+06,2.05685e+06,0
3,9,sync__set,GPU,2.05685e+06,2.05685e+06,0
3,9,sync__,GPU,2.05685e+06,2.05685e+06,0
3,9,sync_6,GPU,2.05685e+06,2.05685e+06,0
3,9,sync__set,GPU,2.05685e+06,2.05685e+06,0
3,9,sync__,GPU,2.05685e+06,2.05685e+06,0
3,9,residual_2,GPU,2.05685e+06,2.05687e+06,21.9952
3,10,MoE_decoder_10,GPU,2.05687e+06,2.28348e+06,226609
3,10,input_layer_norm,GPU,2.05687e+06,2.05689e+06,21.9952
3,10,attention,GPU,2.05689e+06,2.0682e+06,11304.2
3,10,attn_qkv_proj,GPU,2.05689e+06,2.06066e+06,3767.29
3,10,Linear,GPU,2.05689e+06,2.06066e+06,3767.29
3,10,self_attention,GPU,2.06066e+06,2.06083e+06,167.476
3,10,AttentionSplit,GPU,2.06066e+06,2.06066e+06,0
3,10,AttentionSum,GPU,2.06066e+06,2.06066e+06,0
3,10,AttentionGen,GPU,2.06066e+06,2.06083e+06,167.476
3,10,AttentionMerge,GPU,2.06083e+06,2.06083e+06,0
3,10,attn_o_proj,GPU,2.06083e+06,2.06334e+06,2514.79
3,10,Linear,GPU,2.06083e+06,2.06334e+06,2514.79
3,10,all_reduce,GPU,2.06334e+06,2.0682e+06,4854.61
3,10,residual_1,GPU,2.0682e+06,2.06822e+06,21.9952
3,10,post_attn_layer_norm,GPU,2.06822e+06,2.06824e+06,21.9952
3,10,expertFFN,GPU,2.06824e+06,2.28346e+06,215217
3,10,sync_0,GPU,2.06824e+06,2.06824e+06,0
3,10,sync__set,GPU,2.06824e+06,2.06824e+06,0
3,10,sync__,GPU,2.06824e+06,2.06824e+06,0
3,10,gate_fn,GPU,2.06824e+06,2.06827e+06,29.3461
3,10,Linear,GPU,2.06824e+06,2.06827e+06,29.3461
3,10,gate_update,GPU,2.06827e+06,2.06827e+06,0
3,10,moe_scatter,GPU,2.06827e+06,2.06827e+06,0
3,10,sync_for_moe_scatter,GPU,2.06827e+06,2.06827e+06,0
3,10,sync__set,GPU,2.06827e+06,2.06827e+06,0
3,10,sync__,GPU,2.06827e+06,2.06827e+06,0
3,10,moe_route,GPU,2.06827e+06,2.06827e+06,0
3,10,expert_FFN_6,GPU,2.06827e+06,2.17344e+06,105167
3,10,gate_proj,GPU,2.06827e+06,2.10332e+06,35046.9
3,10,Linear,GPU,2.06827e+06,2.10332e+06,35046.9
3,10,activation,GPU,2.10332e+06,2.10334e+06,25.6611
3,10,up_proj,GPU,2.10334e+06,2.13839e+06,35046.9
3,10,Linear,GPU,2.10334e+06,2.13839e+06,35046.9
3,10,down_proj,GPU,2.13839e+06,2.17344e+06,35046.9
3,10,Linear,GPU,2.13839e+06,2.17344e+06,35046.9
3,10,expert_FFN_7,GPU,2.17344e+06,2.27861e+06,105167
3,10,gate_proj,GPU,2.17344e+06,2.20849e+06,35046.9
3,10,Linear,GPU,2.17344e+06,2.20849e+06,35046.9
3,10,activation,GPU,2.20849e+06,2.20851e+06,25.6611
3,10,up_proj,GPU,2.20851e+06,2.24356e+06,35046.9
3,10,Linear,GPU,2.20851e+06,2.24356e+06,35046.9
3,10,down_proj,GPU,2.24356e+06,2.27861e+06,35046.9
3,10,Linear,GPU,2.24356e+06,2.27861e+06,35046.9
3,10,sync_2,GPU,2.27861e+06,2.27861e+06,0
3,10,sync__set,GPU,2.27861e+06,2.27861e+06,0
3,10,sync__,GPU,2.27861e+06,2.27861e+06,0
3,10,moe_all_reduce_for_e_tp,GPU,2.27861e+06,2.27861e+06,0
3,10,sync_3,GPU,2.27861e+06,2.27861e+06,0
3,10,sync__set,GPU,2.27861e+06,2.27861e+06,0
3,10,sync__,GPU,2.27861e+06,2.27861e+06,0
3,10,moe_gather,GPU,2.27861e+06,2.27861e+06,0
3,10,sync_for_moe_gather,GPU,2.27861e+06,2.27861e+06,0
3,10,sync__set,GPU,2.27861e+06,2.27861e+06,0
3,10,sync__,GPU,2.27861e+06,2.27861e+06,0
3,10,moe_all_reduce_for_gather,GPU,2.27861e+06,2.28346e+06,4854.61
3,10,sync_5,GPU,2.28346e+06,2.28346e+06,0
3,10,sync__set,GPU,2.28346e+06,2.28346e+06,0
3,10,sync__,GPU,2.28346e+06,2.28346e+06,0
3,10,sync_6,GPU,2.28346e+06,2.28346e+06,0
3,10,sync__set,GPU,2.28346e+06,2.28346e+06,0
3,10,sync__,GPU,2.28346e+06,2.28346e+06,0
3,10,residual_2,GPU,2.28346e+06,2.28348e+06,21.9952
3,11,MoE_decoder_11,GPU,2.28348e+06,2.51015e+06,226668
3,11,input_layer_norm,GPU,2.28348e+06,2.2835e+06,21.9952
3,11,attention,GPU,2.2835e+06,2.29481e+06,11304.2
3,11,attn_qkv_proj,GPU,2.2835e+06,2.28727e+06,3767.29
3,11,Linear,GPU,2.2835e+06,2.28727e+06,3767.29
3,11,self_attention,GPU,2.28727e+06,2.28744e+06,167.476
3,11,AttentionSplit,GPU,2.28727e+06,2.28727e+06,0
3,11,AttentionSum,GPU,2.28727e+06,2.28727e+06,0
3,11,AttentionGen,GPU,2.28727e+06,2.28744e+06,167.476
3,11,AttentionMerge,GPU,2.28744e+06,2.28744e+06,0
3,11,attn_o_proj,GPU,2.28744e+06,2.28995e+06,2514.79
3,11,Linear,GPU,2.28744e+06,2.28995e+06,2514.79
3,11,all_reduce,GPU,2.28995e+06,2.29481e+06,4854.61
3,11,residual_1,GPU,2.29481e+06,2.29483e+06,21.9952
3,11,post_attn_layer_norm,GPU,2.29483e+06,2.29485e+06,21.9952
3,11,expertFFN,GPU,2.29485e+06,2.51013e+06,215276
3,11,sync_0,GPU,2.29485e+06,2.29485e+06,0
3,11,sync__set,GPU,2.29485e+06,2.29485e+06,0
3,11,sync__,GPU,2.29485e+06,2.29485e+06,0
3,11,gate_fn,GPU,2.29485e+06,2.29488e+06,29.3461
3,11,Linear,GPU,2.29485e+06,2.29488e+06,29.3461
3,11,gate_update,GPU,2.29488e+06,2.29488e+06,0
3,11,moe_scatter,GPU,2.29488e+06,2.29488e+06,0
3,11,sync_for_moe_scatter,GPU,2.29488e+06,2.29488e+06,0
3,11,sync__set,GPU,2.29488e+06,2.29488e+06,0
3,11,sync__,GPU,2.29488e+06,2.29488e+06,0
3,11,moe_route,GPU,2.29488e+06,2.29488e+06,0
3,11,expert_FFN_6,GPU,2.29488e+06,2.40005e+06,105167
3,11,gate_proj,GPU,2.29488e+06,2.32993e+06,35046.9
3,11,Linear,GPU,2.29488e+06,2.32993e+06,35046.9
3,11,activation,GPU,2.32993e+06,2.32995e+06,25.6611
3,11,up_proj,GPU,2.32995e+06,2.365e+06,35046.9
3,11,Linear,GPU,2.32995e+06,2.365e+06,35046.9
3,11,down_proj,GPU,2.365e+06,2.40005e+06,35046.9
3,11,Linear,GPU,2.365e+06,2.40005e+06,35046.9
3,11,expert_FFN_7,GPU,2.40005e+06,2.50527e+06,105225
3,11,gate_proj,GPU,2.40005e+06,2.43511e+06,35057.9
3,11,Linear,GPU,2.40005e+06,2.43511e+06,35057.9
3,11,activation,GPU,2.43511e+06,2.43516e+06,51.3222
3,11,up_proj,GPU,2.43516e+06,2.47022e+06,35057.9
3,11,Linear,GPU,2.43516e+06,2.47022e+06,35057.9
3,11,down_proj,GPU,2.47022e+06,2.50527e+06,35057.9
3,11,Linear,GPU,2.47022e+06,2.50527e+06,35057.9
3,11,sync_2,GPU,2.50527e+06,2.50527e+06,0
3,11,sync__set,GPU,2.50527e+06,2.50527e+06,0
3,11,sync__,GPU,2.50527e+06,2.50527e+06,0
3,11,moe_all_reduce_for_e_tp,GPU,2.50527e+06,2.50527e+06,0
3,11,sync_3,GPU,2.50527e+06,2.50527e+06,0
3,11,sync__set,GPU,2.50527e+06,2.50527e+06,0
3,11,sync__,GPU,2.50527e+06,2.50527e+06,0
3,11,moe_gather,GPU,2.50527e+06,2.50527e+06,0
3,11,sync_for_moe_gather,GPU,2.50527e+06,2.50527e+06,0
3,11,sync__set,GPU,2.50527e+06,2.50527e+06,0
3,11,sync__,GPU,2.50527e+06,2.50527e+06,0
3,11,moe_all_reduce_for_gather,GPU,2.50527e+06,2.51013e+06,4854.61
3,11,sync_5,GPU,2.51013e+06,2.51013e+06,0
3,11,sync__set,GPU,2.51013e+06,2.51013e+06,0
3,11,sync__,GPU,2.51013e+06,2.51013e+06,0
3,11,sync_6,GPU,2.51013e+06,2.51013e+06,0
3,11,sync__set,GPU,2.51013e+06,2.51013e+06,0
3,11,sync__,GPU,2.51013e+06,2.51013e+06,0
3,11,residual_2,GPU,2.51013e+06,2.51015e+06,21.9952
3,12,MoE_decoder_12,GPU,2.51015e+06,2.63171e+06,121560
3,12,input_layer_norm,GPU,2.51015e+06,2.51017e+06,21.9952
3,12,attention,GPU,2.51017e+06,2.52148e+06,11304.2
3,12,attn_qkv_proj,GPU,2.51017e+06,2.51394e+06,3767.29
3,12,Linear,GPU,2.51017e+06,2.51394e+06,3767.29
3,12,self_attention,GPU,2.51394e+06,2.51411e+06,167.476
3,12,AttentionSplit,GPU,2.51394e+06,2.51394e+06,0
3,12,AttentionSum,GPU,2.51394e+06,2.51394e+06,0
3,12,AttentionGen,GPU,2.51394e+06,2.51411e+06,167.476
3,12,AttentionMerge,GPU,2.51411e+06,2.51411e+06,0
3,12,attn_o_proj,GPU,2.51411e+06,2.51662e+06,2514.79
3,12,Linear,GPU,2.51411e+06,2.51662e+06,2514.79
3,12,all_reduce,GPU,2.51662e+06,2.52148e+06,4854.61
3,12,residual_1,GPU,2.52148e+06,2.5215e+06,21.9952
3,12,post_attn_layer_norm,GPU,2.5215e+06,2.52152e+06,21.9952
3,12,expertFFN,GPU,2.52152e+06,2.63169e+06,110168
3,12,sync_0,GPU,2.52152e+06,2.52152e+06,0
3,12,sync__set,GPU,2.52152e+06,2.52152e+06,0
3,12,sync__,GPU,2.52152e+06,2.52152e+06,0
3,12,gate_fn,GPU,2.52152e+06,2.52155e+06,29.3461
3,12,Linear,GPU,2.52152e+06,2.52155e+06,29.3461
3,12,gate_update,GPU,2.52155e+06,2.52155e+06,0
3,12,moe_scatter,GPU,2.52155e+06,2.52155e+06,0
3,12,sync_for_moe_scatter,GPU,2.52155e+06,2.52155e+06,0
3,12,sync__set,GPU,2.52155e+06,2.52155e+06,0
3,12,sync__,GPU,2.52155e+06,2.52155e+06,0
3,12,moe_route,GPU,2.52155e+06,2.52155e+06,0
3,12,expert_FFN_6,GPU,2.52155e+06,2.52155e+06,0
3,12,gate_proj,GPU,2.52155e+06,2.52155e+06,0
3,12,Linear,GPU,2.52155e+06,2.52155e+06,0
3,12,activation,GPU,2.52155e+06,2.52155e+06,0
3,12,up_proj,GPU,2.52155e+06,2.52155e+06,0
3,12,Linear,GPU,2.52155e+06,2.52155e+06,0
3,12,down_proj,GPU,2.52155e+06,2.52155e+06,0
3,12,Linear,GPU,2.52155e+06,2.52155e+06,0
3,12,expert_FFN_7,GPU,2.52155e+06,2.62672e+06,105167
3,12,gate_proj,GPU,2.52155e+06,2.5566e+06,35046.9
3,12,Linear,GPU,2.52155e+06,2.5566e+06,35046.9
3,12,activation,GPU,2.5566e+06,2.55662e+06,25.6611
3,12,up_proj,GPU,2.55662e+06,2.59167e+06,35046.9
3,12,Linear,GPU,2.55662e+06,2.59167e+06,35046.9
3,12,down_proj,GPU,2.59167e+06,2.62672e+06,35046.9
3,12,Linear,GPU,2.59167e+06,2.62672e+06,35046.9
3,12,sync_2,GPU,2.62672e+06,2.62683e+06,117.308
3,12,sync__set,GPU,2.62672e+06,2.62672e+06,0
3,12,sync__,GPU,2.62672e+06,2.62683e+06,117.308
3,12,moe_all_reduce_for_e_tp,GPU,2.62683e+06,2.62683e+06,0
3,12,sync_3,GPU,2.62683e+06,2.62683e+06,0
3,12,sync__set,GPU,2.62683e+06,2.62683e+06,0
3,12,sync__,GPU,2.62683e+06,2.62683e+06,0
3,12,moe_gather,GPU,2.62683e+06,2.62683e+06,0
3,12,sync_for_moe_gather,GPU,2.62683e+06,2.62683e+06,0
3,12,sync__set,GPU,2.62683e+06,2.62683e+06,0
3,12,sync__,GPU,2.62683e+06,2.62683e+06,0
3,12,moe_all_reduce_for_gather,GPU,2.62683e+06,2.63169e+06,4854.61
3,12,sync_5,GPU,2.63169e+06,2.63169e+06,0
3,12,sync__set,GPU,2.63169e+06,2.63169e+06,0
3,12,sync__,GPU,2.63169e+06,2.63169e+06,0
3,12,sync_6,GPU,2.63169e+06,2.63169e+06,0
3,12,sync__set,GPU,2.63169e+06,2.63169e+06,0
3,12,sync__,GPU,2.63169e+06,2.63169e+06,0
3,12,residual_2,GPU,2.63169e+06,2.63171e+06,21.9952
3,13,MoE_decoder_13,GPU,2.63171e+06,2.85838e+06,226668
3,13,input_layer_norm,GPU,2.63171e+06,2.63173e+06,21.9952
3,13,attention,GPU,2.63173e+06,2.64304e+06,11304.2
3,13,attn_qkv_proj,GPU,2.63173e+06,2.6355e+06,3767.29
3,13,Linear,GPU,2.63173e+06,2.6355e+06,3767.29
3,13,self_attention,GPU,2.6355e+06,2.63567e+06,167.476
3,13,AttentionSplit,GPU,2.6355e+06,2.6355e+06,0
3,13,AttentionSum,GPU,2.6355e+06,2.6355e+06,0
3,13,AttentionGen,GPU,2.6355e+06,2.63567e+06,167.476
3,13,AttentionMerge,GPU,2.63567e+06,2.63567e+06,0
3,13,attn_o_proj,GPU,2.63567e+06,2.63818e+06,2514.79
3,13,Linear,GPU,2.63567e+06,2.63818e+06,2514.79
3,13,all_reduce,GPU,2.63818e+06,2.64304e+06,4854.61
3,13,residual_1,GPU,2.64304e+06,2.64306e+06,21.9952
3,13,post_attn_layer_norm,GPU,2.64306e+06,2.64308e+06,21.9952
3,13,expertFFN,GPU,2.64308e+06,2.85836e+06,215276
3,13,sync_0,GPU,2.64308e+06,2.64308e+06,0
3,13,sync__set,GPU,2.64308e+06,2.64308e+06,0
3,13,sync__,GPU,2.64308e+06,2.64308e+06,0
3,13,gate_fn,GPU,2.64308e+06,2.64311e+06,29.3461
3,13,Linear,GPU,2.64308e+06,2.64311e+06,29.3461
3,13,gate_update,GPU,2.64311e+06,2.64311e+06,0
3,13,moe_scatter,GPU,2.64311e+06,2.64311e+06,0
3,13,sync_for_moe_scatter,GPU,2.64311e+06,2.64311e+06,0
3,13,sync__set,GPU,2.64311e+06,2.64311e+06,0
3,13,sync__,GPU,2.64311e+06,2.64311e+06,0
3,13,moe_route,GPU,2.64311e+06,2.64311e+06,0
3,13,expert_FFN_6,GPU,2.64311e+06,2.64311e+06,0
3,13,gate_proj,GPU,2.64311e+06,2.64311e+06,0
3,13,Linear,GPU,2.64311e+06,2.64311e+06,0
3,13,activation,GPU,2.64311e+06,2.64311e+06,0
3,13,up_proj,GPU,2.64311e+06,2.64311e+06,0
3,13,Linear,GPU,2.64311e+06,2.64311e+06,0
3,13,down_proj,GPU,2.64311e+06,2.64311e+06,0
3,13,Linear,GPU,2.64311e+06,2.64311e+06,0
3,13,expert_FFN_7,GPU,2.64311e+06,2.74839e+06,105284
3,13,gate_proj,GPU,2.64311e+06,2.67818e+06,35068.9
3,13,Linear,GPU,2.64311e+06,2.67818e+06,35068.9
3,13,activation,GPU,2.67818e+06,2.67825e+06,76.9833
3,13,up_proj,GPU,2.67825e+06,2.71332e+06,35068.9
3,13,Linear,GPU,2.67825e+06,2.71332e+06,35068.9
3,13,down_proj,GPU,2.71332e+06,2.74839e+06,35068.9
3,13,Linear,GPU,2.71332e+06,2.74839e+06,35068.9
3,13,sync_2,GPU,2.74839e+06,2.8535e+06,105108
3,13,sync__set,GPU,2.74839e+06,2.74839e+06,0
3,13,sync__,GPU,2.74839e+06,2.8535e+06,105108
3,13,moe_all_reduce_for_e_tp,GPU,2.8535e+06,2.8535e+06,0
3,13,sync_3,GPU,2.8535e+06,2.8535e+06,0
3,13,sync__set,GPU,2.8535e+06,2.8535e+06,0
3,13,sync__,GPU,2.8535e+06,2.8535e+06,0
3,13,moe_gather,GPU,2.8535e+06,2.8535e+06,0
3,13,sync_for_moe_gather,GPU,2.8535e+06,2.8535e+06,0
3,13,sync__set,GPU,2.8535e+06,2.8535e+06,0
3,13,sync__,GPU,2.8535e+06,2.8535e+06,0
3,13,moe_all_reduce_for_gather,GPU,2.8535e+06,2.85836e+06,4854.61
3,13,sync_5,GPU,2.85836e+06,2.85836e+06,0
3,13,sync__set,GPU,2.85836e+06,2.85836e+06,0
3,13,sync__,GPU,2.85836e+06,2.85836e+06,0
3,13,sync_6,GPU,2.85836e+06,2.85836e+06,0
3,13,sync__set,GPU,2.85836e+06,2.85836e+06,0
3,13,sync__,GPU,2.85836e+06,2.85836e+06,0
3,13,residual_2,GPU,2.85836e+06,2.85838e+06,21.9952
3,14,MoE_decoder_14,GPU,2.85838e+06,3.08516e+06,226785
3,14,input_layer_norm,GPU,2.85838e+06,2.8584e+06,21.9952
3,14,attention,GPU,2.8584e+06,2.8697e+06,11304.2
3,14,attn_qkv_proj,GPU,2.8584e+06,2.86217e+06,3767.29
3,14,Linear,GPU,2.8584e+06,2.86217e+06,3767.29
3,14,self_attention,GPU,2.86217e+06,2.86233e+06,167.476
3,14,AttentionSplit,GPU,2.86217e+06,2.86217e+06,0
3,14,AttentionSum,GPU,2.86217e+06,2.86217e+06,0
3,14,AttentionGen,GPU,2.86217e+06,2.86233e+06,167.476
3,14,AttentionMerge,GPU,2.86233e+06,2.86233e+06,0
3,14,attn_o_proj,GPU,2.86233e+06,2.86485e+06,2514.79
3,14,Linear,GPU,2.86233e+06,2.86485e+06,2514.79
3,14,all_reduce,GPU,2.86485e+06,2.8697e+06,4854.61
3,14,residual_1,GPU,2.8697e+06,2.86973e+06,21.9952
3,14,post_attn_layer_norm,GPU,2.86973e+06,2.86975e+06,21.9952
3,14,expertFFN,GPU,2.86975e+06,3.08514e+06,215393
3,14,sync_0,GPU,2.86975e+06,2.86975e+06,0
3,14,sync__set,GPU,2.86975e+06,2.86975e+06,0
3,14,sync__,GPU,2.86975e+06,2.86975e+06,0
3,14,gate_fn,GPU,2.86975e+06,2.86978e+06,29.3461
3,14,Linear,GPU,2.86975e+06,2.86978e+06,29.3461
3,14,gate_update,GPU,2.86978e+06,2.86978e+06,0
3,14,moe_scatter,GPU,2.86978e+06,2.86978e+06,0
3,14,sync_for_moe_scatter,GPU,2.86978e+06,2.86978e+06,0
3,14,sync__set,GPU,2.86978e+06,2.86978e+06,0
3,14,sync__,GPU,2.86978e+06,2.86978e+06,0
3,14,moe_route,GPU,2.86978e+06,2.86978e+06,0
3,14,expert_FFN_6,GPU,2.86978e+06,2.86978e+06,0
3,14,gate_proj,GPU,2.86978e+06,2.86978e+06,0
3,14,Linear,GPU,2.86978e+06,2.86978e+06,0
3,14,activation,GPU,2.86978e+06,2.86978e+06,0
3,14,up_proj,GPU,2.86978e+06,2.86978e+06,0
3,14,Linear,GPU,2.86978e+06,2.86978e+06,0
3,14,down_proj,GPU,2.86978e+06,2.86978e+06,0
3,14,Linear,GPU,2.86978e+06,2.86978e+06,0
3,14,expert_FFN_7,GPU,2.86978e+06,2.97494e+06,105167
3,14,gate_proj,GPU,2.86978e+06,2.90482e+06,35046.9
3,14,Linear,GPU,2.86978e+06,2.90482e+06,35046.9
3,14,activation,GPU,2.90482e+06,2.90485e+06,25.6611
3,14,up_proj,GPU,2.90485e+06,2.9399e+06,35046.9
3,14,Linear,GPU,2.90485e+06,2.9399e+06,35046.9
3,14,down_proj,GPU,2.9399e+06,2.97494e+06,35046.9
3,14,Linear,GPU,2.9399e+06,2.97494e+06,35046.9
3,14,sync_2,GPU,2.97494e+06,3.08029e+06,105342
3,14,sync__set,GPU,2.97494e+06,2.97494e+06,0
3,14,sync__,GPU,2.97494e+06,3.08029e+06,105342
3,14,moe_all_reduce_for_e_tp,GPU,3.08029e+06,3.08029e+06,0
3,14,sync_3,GPU,3.08029e+06,3.08029e+06,0
3,14,sync__set,GPU,3.08029e+06,3.08029e+06,0
3,14,sync__,GPU,3.08029e+06,3.08029e+06,0
3,14,moe_gather,GPU,3.08029e+06,3.08029e+06,0
3,14,sync_for_moe_gather,GPU,3.08029e+06,3.08029e+06,0
3,14,sync__set,GPU,3.08029e+06,3.08029e+06,0
3,14,sync__,GPU,3.08029e+06,3.08029e+06,0
3,14,moe_all_reduce_for_gather,GPU,3.08029e+06,3.08514e+06,4854.61
3,14,sync_5,GPU,3.08514e+06,3.08514e+06,0
3,14,sync__set,GPU,3.08514e+06,3.08514e+06,0
3,14,sync__,GPU,3.08514e+06,3.08514e+06,0
3,14,sync_6,GPU,3.08514e+06,3.08514e+06,0
3,14,sync__set,GPU,3.08514e+06,3.08514e+06,0
3,14,sync__,GPU,3.08514e+06,3.08514e+06,0
3,14,residual_2,GPU,3.08514e+06,3.08516e+06,21.9952
3,15,MoE_decoder_15,GPU,3.08516e+06,3.31177e+06,226609
3,15,input_layer_norm,GPU,3.08516e+06,3.08518e+06,21.9952
3,15,attention,GPU,3.08518e+06,3.09649e+06,11304.2
3,15,attn_qkv_proj,GPU,3.08518e+06,3.08895e+06,3767.29
3,15,Linear,GPU,3.08518e+06,3.08895e+06,3767.29
3,15,self_attention,GPU,3.08895e+06,3.08912e+06,167.476
3,15,AttentionSplit,GPU,3.08895e+06,3.08895e+06,0
3,15,AttentionSum,GPU,3.08895e+06,3.08895e+06,0
3,15,AttentionGen,GPU,3.08895e+06,3.08912e+06,167.476
3,15,AttentionMerge,GPU,3.08912e+06,3.08912e+06,0
3,15,attn_o_proj,GPU,3.08912e+06,3.09163e+06,2514.79
3,15,Linear,GPU,3.08912e+06,3.09163e+06,2514.79
3,15,all_reduce,GPU,3.09163e+06,3.09649e+06,4854.61
3,15,residual_1,GPU,3.09649e+06,3.09651e+06,21.9952
3,15,post_attn_layer_norm,GPU,3.09651e+06,3.09653e+06,21.9952
3,15,expertFFN,GPU,3.09653e+06,3.31175e+06,215217
3,15,sync_0,GPU,3.09653e+06,3.09653e+06,0
3,15,sync__set,GPU,3.09653e+06,3.09653e+06,0
3,15,sync__,GPU,3.09653e+06,3.09653e+06,0
3,15,gate_fn,GPU,3.09653e+06,3.09656e+06,29.3461
3,15,Linear,GPU,3.09653e+06,3.09656e+06,29.3461
3,15,gate_update,GPU,3.09656e+06,3.09656e+06,0
3,15,moe_scatter,GPU,3.09656e+06,3.09656e+06,0
3,15,sync_for_moe_scatter,GPU,3.09656e+06,3.09656e+06,0
3,15,sync__set,GPU,3.09656e+06,3.09656e+06,0
3,15,sync__,GPU,3.09656e+06,3.09656e+06,0
3,15,moe_route,GPU,3.09656e+06,3.09656e+06,0
3,15,expert_FFN_6,GPU,3.09656e+06,3.20185e+06,105284
3,15,gate_proj,GPU,3.09656e+06,3.13163e+06,35068.9
3,15,Linear,GPU,3.09656e+06,3.13163e+06,35068.9
3,15,activation,GPU,3.13163e+06,3.13171e+06,76.9833
3,15,up_proj,GPU,3.13171e+06,3.16678e+06,35068.9
3,15,Linear,GPU,3.13171e+06,3.16678e+06,35068.9
3,15,down_proj,GPU,3.16678e+06,3.20185e+06,35068.9
3,15,Linear,GPU,3.16678e+06,3.20185e+06,35068.9
3,15,expert_FFN_7,GPU,3.20185e+06,3.20185e+06,0
3,15,gate_proj,GPU,3.20185e+06,3.20185e+06,0
3,15,Linear,GPU,3.20185e+06,3.20185e+06,0
3,15,activation,GPU,3.20185e+06,3.20185e+06,0
3,15,up_proj,GPU,3.20185e+06,3.20185e+06,0
3,15,Linear,GPU,3.20185e+06,3.20185e+06,0
3,15,down_proj,GPU,3.20185e+06,3.20185e+06,0
3,15,Linear,GPU,3.20185e+06,3.20185e+06,0
3,15,sync_2,GPU,3.20185e+06,3.30689e+06,105049
3,15,sync__set,GPU,3.20185e+06,3.20185e+06,0
3,15,sync__,GPU,3.20185e+06,3.30689e+06,105049
3,15,moe_all_reduce_for_e_tp,GPU,3.30689e+06,3.30689e+06,0
3,15,sync_3,GPU,3.30689e+06,3.30689e+06,0
3,15,sync__set,GPU,3.30689e+06,3.30689e+06,0
3,15,sync__,GPU,3.30689e+06,3.30689e+06,0
3,15,moe_gather,GPU,3.30689e+06,3.30689e+06,0
3,15,sync_for_moe_gather,GPU,3.30689e+06,3.30689e+06,0
3,15,sync__set,GPU,3.30689e+06,3.30689e+06,0
3,15,sync__,GPU,3.30689e+06,3.30689e+06,0
3,15,moe_all_reduce_for_gather,GPU,3.30689e+06,3.31175e+06,4854.61
3,15,sync_5,GPU,3.31175e+06,3.31175e+06,0
3,15,sync__set,GPU,3.31175e+06,3.31175e+06,0
3,15,sync__,GPU,3.31175e+06,3.31175e+06,0
3,15,sync_6,GPU,3.31175e+06,3.31175e+06,0
3,15,sync__set,GPU,3.31175e+06,3.31175e+06,0
3,15,sync__,GPU,3.31175e+06,3.31175e+06,0
3,15,residual_2,GPU,3.31175e+06,3.31177e+06,21.9952
3,16,MoE_decoder_16,GPU,3.31177e+06,3.53844e+06,226668
3,16,input_layer_norm,GPU,3.31177e+06,3.31179e+06,21.9952
3,16,attention,GPU,3.31179e+06,3.3231e+06,11304.2
3,16,attn_qkv_proj,GPU,3.31179e+06,3.31556e+06,3767.29
3,16,Linear,GPU,3.31179e+06,3.31556e+06,3767.29
3,16,self_attention,GPU,3.31556e+06,3.31573e+06,167.476
3,16,AttentionSplit,GPU,3.31556e+06,3.31556e+06,0
3,16,AttentionSum,GPU,3.31556e+06,3.31556e+06,0
3,16,AttentionGen,GPU,3.31556e+06,3.31573e+06,167.476
3,16,AttentionMerge,GPU,3.31573e+06,3.31573e+06,0
3,16,attn_o_proj,GPU,3.31573e+06,3.31824e+06,2514.79
3,16,Linear,GPU,3.31573e+06,3.31824e+06,2514.79
3,16,all_reduce,GPU,3.31824e+06,3.3231e+06,4854.61
3,16,residual_1,GPU,3.3231e+06,3.32312e+06,21.9952
3,16,post_attn_layer_norm,GPU,3.32312e+06,3.32314e+06,21.9952
3,16,expertFFN,GPU,3.32314e+06,3.53842e+06,215276
3,16,sync_0,GPU,3.32314e+06,3.32314e+06,0
3,16,sync__set,GPU,3.32314e+06,3.32314e+06,0
3,16,sync__,GPU,3.32314e+06,3.32314e+06,0
3,16,gate_fn,GPU,3.32314e+06,3.32317e+06,29.3461
3,16,Linear,GPU,3.32314e+06,3.32317e+06,29.3461
3,16,gate_update,GPU,3.32317e+06,3.32317e+06,0
3,16,moe_scatter,GPU,3.32317e+06,3.32317e+06,0
3,16,sync_for_moe_scatter,GPU,3.32317e+06,3.32317e+06,0
3,16,sync__set,GPU,3.32317e+06,3.32317e+06,0
3,16,sync__,GPU,3.32317e+06,3.32317e+06,0
3,16,moe_route,GPU,3.32317e+06,3.32317e+06,0
3,16,expert_FFN_6,GPU,3.32317e+06,3.32317e+06,0
3,16,gate_proj,GPU,3.32317e+06,3.32317e+06,0
3,16,Linear,GPU,3.32317e+06,3.32317e+06,0
3,16,activation,GPU,3.32317e+06,3.32317e+06,0
3,16,up_proj,GPU,3.32317e+06,3.32317e+06,0
3,16,Linear,GPU,3.32317e+06,3.32317e+06,0
3,16,down_proj,GPU,3.32317e+06,3.32317e+06,0
3,16,Linear,GPU,3.32317e+06,3.32317e+06,0
3,16,expert_FFN_7,GPU,3.32317e+06,3.42834e+06,105167
3,16,gate_proj,GPU,3.32317e+06,3.35822e+06,35046.9
3,16,Linear,GPU,3.32317e+06,3.35822e+06,35046.9
3,16,activation,GPU,3.35822e+06,3.35824e+06,25.6611
3,16,up_proj,GPU,3.35824e+06,3.39329e+06,35046.9
3,16,Linear,GPU,3.35824e+06,3.39329e+06,35046.9
3,16,down_proj,GPU,3.39329e+06,3.42834e+06,35046.9
3,16,Linear,GPU,3.39329e+06,3.42834e+06,35046.9
3,16,sync_2,GPU,3.42834e+06,3.53356e+06,105225
3,16,sync__set,GPU,3.42834e+06,3.42834e+06,0
3,16,sync__,GPU,3.42834e+06,3.53356e+06,105225
3,16,moe_all_reduce_for_e_tp,GPU,3.53356e+06,3.53356e+06,0
3,16,sync_3,GPU,3.53356e+06,3.53356e+06,0
3,16,sync__set,GPU,3.53356e+06,3.53356e+06,0
3,16,sync__,GPU,3.53356e+06,3.53356e+06,0
3,16,moe_gather,GPU,3.53356e+06,3.53356e+06,0
3,16,sync_for_moe_gather,GPU,3.53356e+06,3.53356e+06,0
3,16,sync__set,GPU,3.53356e+06,3.53356e+06,0
3,16,sync__,GPU,3.53356e+06,3.53356e+06,0
3,16,moe_all_reduce_for_gather,GPU,3.53356e+06,3.53842e+06,4854.61
3,16,sync_5,GPU,3.53842e+06,3.53842e+06,0
3,16,sync__set,GPU,3.53842e+06,3.53842e+06,0
3,16,sync__,GPU,3.53842e+06,3.53842e+06,0
3,16,sync_6,GPU,3.53842e+06,3.53842e+06,0
3,16,sync__set,GPU,3.53842e+06,3.53842e+06,0
3,16,sync__,GPU,3.53842e+06,3.53842e+06,0
3,16,residual_2,GPU,3.53842e+06,3.53844e+06,21.9952
3,17,MoE_decoder_17,GPU,3.53844e+06,3.76511e+06,226668
3,17,input_layer_norm,GPU,3.53844e+06,3.53846e+06,21.9952
3,17,attention,GPU,3.53846e+06,3.54977e+06,11304.2
3,17,attn_qkv_proj,GPU,3.53846e+06,3.54223e+06,3767.29
3,17,Linear,GPU,3.53846e+06,3.54223e+06,3767.29
3,17,self_attention,GPU,3.54223e+06,3.5424e+06,167.476
3,17,AttentionSplit,GPU,3.54223e+06,3.54223e+06,0
3,17,AttentionSum,GPU,3.54223e+06,3.54223e+06,0
3,17,AttentionGen,GPU,3.54223e+06,3.5424e+06,167.476
3,17,AttentionMerge,GPU,3.5424e+06,3.5424e+06,0
3,17,attn_o_proj,GPU,3.5424e+06,3.54491e+06,2514.79
3,17,Linear,GPU,3.5424e+06,3.54491e+06,2514.79
3,17,all_reduce,GPU,3.54491e+06,3.54977e+06,4854.61
3,17,residual_1,GPU,3.54977e+06,3.54979e+06,21.9952
3,17,post_attn_layer_norm,GPU,3.54979e+06,3.54981e+06,21.9952
3,17,expertFFN,GPU,3.54981e+06,3.76509e+06,215276
3,17,sync_0,GPU,3.54981e+06,3.54981e+06,0
3,17,sync__set,GPU,3.54981e+06,3.54981e+06,0
3,17,sync__,GPU,3.54981e+06,3.54981e+06,0
3,17,gate_fn,GPU,3.54981e+06,3.54984e+06,29.3461
3,17,Linear,GPU,3.54981e+06,3.54984e+06,29.3461
3,17,gate_update,GPU,3.54984e+06,3.54984e+06,0
3,17,moe_scatter,GPU,3.54984e+06,3.54984e+06,0
3,17,sync_for_moe_scatter,GPU,3.54984e+06,3.54984e+06,0
3,17,sync__set,GPU,3.54984e+06,3.54984e+06,0
3,17,sync__,GPU,3.54984e+06,3.54984e+06,0
3,17,moe_route,GPU,3.54984e+06,3.54984e+06,0
3,17,expert_FFN_6,GPU,3.54984e+06,3.65501e+06,105167
3,17,gate_proj,GPU,3.54984e+06,3.58489e+06,35046.9
3,17,Linear,GPU,3.54984e+06,3.58489e+06,35046.9
3,17,activation,GPU,3.58489e+06,3.58491e+06,25.6611
3,17,up_proj,GPU,3.58491e+06,3.61996e+06,35046.9
3,17,Linear,GPU,3.58491e+06,3.61996e+06,35046.9
3,17,down_proj,GPU,3.61996e+06,3.65501e+06,35046.9
3,17,Linear,GPU,3.61996e+06,3.65501e+06,35046.9
3,17,expert_FFN_7,GPU,3.65501e+06,3.76023e+06,105225
3,17,gate_proj,GPU,3.65501e+06,3.69006e+06,35057.9
3,17,Linear,GPU,3.65501e+06,3.69006e+06,35057.9
3,17,activation,GPU,3.69006e+06,3.69011e+06,51.3222
3,17,up_proj,GPU,3.69011e+06,3.72517e+06,35057.9
3,17,Linear,GPU,3.69011e+06,3.72517e+06,35057.9
3,17,down_proj,GPU,3.72517e+06,3.76023e+06,35057.9
3,17,Linear,GPU,3.72517e+06,3.76023e+06,35057.9
3,17,sync_2,GPU,3.76023e+06,3.76023e+06,0
3,17,sync__set,GPU,3.76023e+06,3.76023e+06,0
3,17,sync__,GPU,3.76023e+06,3.76023e+06,0
3,17,moe_all_reduce_for_e_tp,GPU,3.76023e+06,3.76023e+06,0
3,17,sync_3,GPU,3.76023e+06,3.76023e+06,0
3,17,sync__set,GPU,3.76023e+06,3.76023e+06,0
3,17,sync__,GPU,3.76023e+06,3.76023e+06,0
3,17,moe_gather,GPU,3.76023e+06,3.76023e+06,0
3,17,sync_for_moe_gather,GPU,3.76023e+06,3.76023e+06,0
3,17,sync__set,GPU,3.76023e+06,3.76023e+06,0
3,17,sync__,GPU,3.76023e+06,3.76023e+06,0
3,17,moe_all_reduce_for_gather,GPU,3.76023e+06,3.76509e+06,4854.61
3,17,sync_5,GPU,3.76509e+06,3.76509e+06,0
3,17,sync__set,GPU,3.76509e+06,3.76509e+06,0
3,17,sync__,GPU,3.76509e+06,3.76509e+06,0
3,17,sync_6,GPU,3.76509e+06,3.76509e+06,0
3,17,sync__set,GPU,3.76509e+06,3.76509e+06,0
3,17,sync__,GPU,3.76509e+06,3.76509e+06,0
3,17,residual_2,GPU,3.76509e+06,3.76511e+06,21.9952
3,18,MoE_decoder_18,GPU,3.76511e+06,3.88673e+06,121619
3,18,input_layer_norm,GPU,3.76511e+06,3.76513e+06,21.9952
3,18,attention,GPU,3.76513e+06,3.77643e+06,11304.2
3,18,attn_qkv_proj,GPU,3.76513e+06,3.7689e+06,3767.29
3,18,Linear,GPU,3.76513e+06,3.7689e+06,3767.29
3,18,self_attention,GPU,3.7689e+06,3.76906e+06,167.476
3,18,AttentionSplit,GPU,3.7689e+06,3.7689e+06,0
3,18,AttentionSum,GPU,3.7689e+06,3.7689e+06,0
3,18,AttentionGen,GPU,3.7689e+06,3.76906e+06,167.476
3,18,AttentionMerge,GPU,3.76906e+06,3.76906e+06,0
3,18,attn_o_proj,GPU,3.76906e+06,3.77158e+06,2514.79
3,18,Linear,GPU,3.76906e+06,3.77158e+06,2514.79
3,18,all_reduce,GPU,3.77158e+06,3.77643e+06,4854.61
3,18,residual_1,GPU,3.77643e+06,3.77646e+06,21.9952
3,18,post_attn_layer_norm,GPU,3.77646e+06,3.77648e+06,21.9952
3,18,expertFFN,GPU,3.77648e+06,3.8867e+06,110226
3,18,sync_0,GPU,3.77648e+06,3.77648e+06,0
3,18,sync__set,GPU,3.77648e+06,3.77648e+06,0
3,18,sync__,GPU,3.77648e+06,3.77648e+06,0
3,18,gate_fn,GPU,3.77648e+06,3.77651e+06,29.3461
3,18,Linear,GPU,3.77648e+06,3.77651e+06,29.3461
3,18,gate_update,GPU,3.77651e+06,3.77651e+06,0
3,18,moe_scatter,GPU,3.77651e+06,3.77651e+06,0
3,18,sync_for_moe_scatter,GPU,3.77651e+06,3.77651e+06,0
3,18,sync__set,GPU,3.77651e+06,3.77651e+06,0
3,18,sync__,GPU,3.77651e+06,3.77651e+06,0
3,18,moe_route,GPU,3.77651e+06,3.77651e+06,0
3,18,expert_FFN_6,GPU,3.77651e+06,3.88185e+06,105342
3,18,gate_proj,GPU,3.77651e+06,3.81159e+06,35079.9
3,18,Linear,GPU,3.77651e+06,3.81159e+06,35079.9
3,18,activation,GPU,3.81159e+06,3.81169e+06,102.644
3,18,up_proj,GPU,3.81169e+06,3.84677e+06,35079.9
3,18,Linear,GPU,3.81169e+06,3.84677e+06,35079.9
3,18,down_proj,GPU,3.84677e+06,3.88185e+06,35079.9
3,18,Linear,GPU,3.84677e+06,3.88185e+06,35079.9
3,18,expert_FFN_7,GPU,3.88185e+06,3.88185e+06,0
3,18,gate_proj,GPU,3.88185e+06,3.88185e+06,0
3,18,Linear,GPU,3.88185e+06,3.88185e+06,0
3,18,activation,GPU,3.88185e+06,3.88185e+06,0
3,18,up_proj,GPU,3.88185e+06,3.88185e+06,0
3,18,Linear,GPU,3.88185e+06,3.88185e+06,0
3,18,down_proj,GPU,3.88185e+06,3.88185e+06,0
3,18,Linear,GPU,3.88185e+06,3.88185e+06,0
3,18,sync_2,GPU,3.88185e+06,3.88185e+06,0
3,18,sync__set,GPU,3.88185e+06,3.88185e+06,0
3,18,sync__,GPU,3.88185e+06,3.88185e+06,0
3,18,moe_all_reduce_for_e_tp,GPU,3.88185e+06,3.88185e+06,0
3,18,sync_3,GPU,3.88185e+06,3.88185e+06,0
3,18,sync__set,GPU,3.88185e+06,3.88185e+06,0
3,18,sync__,GPU,3.88185e+06,3.88185e+06,0
3,18,moe_gather,GPU,3.88185e+06,3.88185e+06,0
3,18,sync_for_moe_gather,GPU,3.88185e+06,3.88185e+06,0
3,18,sync__set,GPU,3.88185e+06,3.88185e+06,0
3,18,sync__,GPU,3.88185e+06,3.88185e+06,0
3,18,moe_all_reduce_for_gather,GPU,3.88185e+06,3.8867e+06,4854.61
3,18,sync_5,GPU,3.8867e+06,3.8867e+06,0
3,18,sync__set,GPU,3.8867e+06,3.8867e+06,0
3,18,sync__,GPU,3.8867e+06,3.8867e+06,0
3,18,sync_6,GPU,3.8867e+06,3.8867e+06,0
3,18,sync__set,GPU,3.8867e+06,3.8867e+06,0
3,18,sync__,GPU,3.8867e+06,3.8867e+06,0
3,18,residual_2,GPU,3.8867e+06,3.88673e+06,21.9952
3,19,MoE_decoder_19,GPU,3.88673e+06,4.00829e+06,121560
3,19,input_layer_norm,GPU,3.88673e+06,3.88675e+06,21.9952
3,19,attention,GPU,3.88675e+06,3.89805e+06,11304.2
3,19,attn_qkv_proj,GPU,3.88675e+06,3.89052e+06,3767.29
3,19,Linear,GPU,3.88675e+06,3.89052e+06,3767.29
3,19,self_attention,GPU,3.89052e+06,3.89068e+06,167.476
3,19,AttentionSplit,GPU,3.89052e+06,3.89052e+06,0
3,19,AttentionSum,GPU,3.89052e+06,3.89052e+06,0
3,19,AttentionGen,GPU,3.89052e+06,3.89068e+06,167.476
3,19,AttentionMerge,GPU,3.89068e+06,3.89068e+06,0
3,19,attn_o_proj,GPU,3.89068e+06,3.8932e+06,2514.79
3,19,Linear,GPU,3.89068e+06,3.8932e+06,2514.79
3,19,all_reduce,GPU,3.8932e+06,3.89805e+06,4854.61
3,19,residual_1,GPU,3.89805e+06,3.89807e+06,21.9952
3,19,post_attn_layer_norm,GPU,3.89807e+06,3.8981e+06,21.9952
3,19,expertFFN,GPU,3.8981e+06,4.00826e+06,110168
3,19,sync_0,GPU,3.8981e+06,3.8981e+06,0
3,19,sync__set,GPU,3.8981e+06,3.8981e+06,0
3,19,sync__,GPU,3.8981e+06,3.8981e+06,0
3,19,gate_fn,GPU,3.8981e+06,3.89813e+06,29.3461
3,19,Linear,GPU,3.8981e+06,3.89813e+06,29.3461
3,19,gate_update,GPU,3.89813e+06,3.89813e+06,0
3,19,moe_scatter,GPU,3.89813e+06,3.89813e+06,0
3,19,sync_for_moe_scatter,GPU,3.89813e+06,3.89813e+06,0
3,19,sync__set,GPU,3.89813e+06,3.89813e+06,0
3,19,sync__,GPU,3.89813e+06,3.89813e+06,0
3,19,moe_route,GPU,3.89813e+06,3.89813e+06,0
3,19,expert_FFN_6,GPU,3.89813e+06,4.00335e+06,105225
3,19,gate_proj,GPU,3.89813e+06,3.93318e+06,35057.9
3,19,Linear,GPU,3.89813e+06,3.93318e+06,35057.9
3,19,activation,GPU,3.93318e+06,3.93323e+06,51.3222
3,19,up_proj,GPU,3.93323e+06,3.96829e+06,35057.9
3,19,Linear,GPU,3.93323e+06,3.96829e+06,35057.9
3,19,down_proj,GPU,3.96829e+06,4.00335e+06,35057.9
3,19,Linear,GPU,3.96829e+06,4.00335e+06,35057.9
3,19,expert_FFN_7,GPU,4.00335e+06,4.00335e+06,0
3,19,gate_proj,GPU,4.00335e+06,4.00335e+06,0
3,19,Linear,GPU,4.00335e+06,4.00335e+06,0
3,19,activation,GPU,4.00335e+06,4.00335e+06,0
3,19,up_proj,GPU,4.00335e+06,4.00335e+06,0
3,19,Linear,GPU,4.00335e+06,4.00335e+06,0
3,19,down_proj,GPU,4.00335e+06,4.00335e+06,0
3,19,Linear,GPU,4.00335e+06,4.00335e+06,0
3,19,sync_2,GPU,4.00335e+06,4.00341e+06,58.6539
3,19,sync__set,GPU,4.00335e+06,4.00335e+06,0
3,19,sync__,GPU,4.00335e+06,4.00341e+06,58.6539
3,19,moe_all_reduce_for_e_tp,GPU,4.00341e+06,4.00341e+06,0
3,19,sync_3,GPU,4.00341e+06,4.00341e+06,0
3,19,sync__set,GPU,4.00341e+06,4.00341e+06,0
3,19,sync__,GPU,4.00341e+06,4.00341e+06,0
3,19,moe_gather,GPU,4.00341e+06,4.00341e+06,0
3,19,sync_for_moe_gather,GPU,4.00341e+06,4.00341e+06,0
3,19,sync__set,GPU,4.00341e+06,4.00341e+06,0
3,19,sync__,GPU,4.00341e+06,4.00341e+06,0
3,19,moe_all_reduce_for_gather,GPU,4.00341e+06,4.00826e+06,4854.61
3,19,sync_5,GPU,4.00826e+06,4.00826e+06,0
3,19,sync__set,GPU,4.00826e+06,4.00826e+06,0
3,19,sync__,GPU,4.00826e+06,4.00826e+06,0
3,19,sync_6,GPU,4.00826e+06,4.00826e+06,0
3,19,sync__set,GPU,4.00826e+06,4.00826e+06,0
3,19,sync__,GPU,4.00826e+06,4.00826e+06,0
3,19,residual_2,GPU,4.00826e+06,4.00829e+06,21.9952
3,20,MoE_decoder_20,GPU,4.00829e+06,4.23501e+06,226726
3,20,input_layer_norm,GPU,4.00829e+06,4.00831e+06,21.9952
3,20,attention,GPU,4.00831e+06,4.01961e+06,11304.2
3,20,attn_qkv_proj,GPU,4.00831e+06,4.01207e+06,3767.29
3,20,Linear,GPU,4.00831e+06,4.01207e+06,3767.29
3,20,self_attention,GPU,4.01207e+06,4.01224e+06,167.476
3,20,AttentionSplit,GPU,4.01207e+06,4.01207e+06,0
3,20,AttentionSum,GPU,4.01207e+06,4.01207e+06,0
3,20,AttentionGen,GPU,4.01207e+06,4.01224e+06,167.476
3,20,AttentionMerge,GPU,4.01224e+06,4.01224e+06,0
3,20,attn_o_proj,GPU,4.01224e+06,4.01476e+06,2514.79
3,20,Linear,GPU,4.01224e+06,4.01476e+06,2514.79
3,20,all_reduce,GPU,4.01476e+06,4.01961e+06,4854.61
3,20,residual_1,GPU,4.01961e+06,4.01963e+06,21.9952
3,20,post_attn_layer_norm,GPU,4.01963e+06,4.01966e+06,21.9952
3,20,expertFFN,GPU,4.01966e+06,4.23499e+06,215334
3,20,sync_0,GPU,4.01966e+06,4.01966e+06,0
3,20,sync__set,GPU,4.01966e+06,4.01966e+06,0
3,20,sync__,GPU,4.01966e+06,4.01966e+06,0
3,20,gate_fn,GPU,4.01966e+06,4.01969e+06,29.3461
3,20,Linear,GPU,4.01966e+06,4.01969e+06,29.3461
3,20,gate_update,GPU,4.01969e+06,4.01969e+06,0
3,20,moe_scatter,GPU,4.01969e+06,4.01969e+06,0
3,20,sync_for_moe_scatter,GPU,4.01969e+06,4.01969e+06,0
3,20,sync__set,GPU,4.01969e+06,4.01969e+06,0
3,20,sync__,GPU,4.01969e+06,4.01969e+06,0
3,20,moe_route,GPU,4.01969e+06,4.01969e+06,0
3,20,expert_FFN_6,GPU,4.01969e+06,4.12491e+06,105225
3,20,gate_proj,GPU,4.01969e+06,4.05474e+06,35057.9
3,20,Linear,GPU,4.01969e+06,4.05474e+06,35057.9
3,20,activation,GPU,4.05474e+06,4.05479e+06,51.3222
3,20,up_proj,GPU,4.05479e+06,4.08985e+06,35057.9
3,20,Linear,GPU,4.05479e+06,4.08985e+06,35057.9
3,20,down_proj,GPU,4.08985e+06,4.12491e+06,35057.9
3,20,Linear,GPU,4.08985e+06,4.12491e+06,35057.9
3,20,expert_FFN_7,GPU,4.12491e+06,4.23014e+06,105225
3,20,gate_proj,GPU,4.12491e+06,4.15997e+06,35057.9
3,20,Linear,GPU,4.12491e+06,4.15997e+06,35057.9
3,20,activation,GPU,4.15997e+06,4.16002e+06,51.3222
3,20,up_proj,GPU,4.16002e+06,4.19508e+06,35057.9
3,20,Linear,GPU,4.16002e+06,4.19508e+06,35057.9
3,20,down_proj,GPU,4.19508e+06,4.23014e+06,35057.9
3,20,Linear,GPU,4.19508e+06,4.23014e+06,35057.9
3,20,sync_2,GPU,4.23014e+06,4.23014e+06,0
3,20,sync__set,GPU,4.23014e+06,4.23014e+06,0
3,20,sync__,GPU,4.23014e+06,4.23014e+06,0
3,20,moe_all_reduce_for_e_tp,GPU,4.23014e+06,4.23014e+06,0
3,20,sync_3,GPU,4.23014e+06,4.23014e+06,0
3,20,sync__set,GPU,4.23014e+06,4.23014e+06,0
3,20,sync__,GPU,4.23014e+06,4.23014e+06,0
3,20,moe_gather,GPU,4.23014e+06,4.23014e+06,0
3,20,sync_for_moe_gather,GPU,4.23014e+06,4.23014e+06,0
3,20,sync__set,GPU,4.23014e+06,4.23014e+06,0
3,20,sync__,GPU,4.23014e+06,4.23014e+06,0
3,20,moe_all_reduce_for_gather,GPU,4.23014e+06,4.23499e+06,4854.61
3,20,sync_5,GPU,4.23499e+06,4.23499e+06,0
3,20,sync__set,GPU,4.23499e+06,4.23499e+06,0
3,20,sync__,GPU,4.23499e+06,4.23499e+06,0
3,20,sync_6,GPU,4.23499e+06,4.23499e+06,0
3,20,sync__set,GPU,4.23499e+06,4.23499e+06,0
3,20,sync__,GPU,4.23499e+06,4.23499e+06,0
3,20,residual_2,GPU,4.23499e+06,4.23501e+06,21.9952
3,21,MoE_decoder_21,GPU,4.23501e+06,4.4618e+06,226785
3,21,input_layer_norm,GPU,4.23501e+06,4.23503e+06,21.9952
3,21,attention,GPU,4.23503e+06,4.24634e+06,11304.2
3,21,attn_qkv_proj,GPU,4.23503e+06,4.2388e+06,3767.29
3,21,Linear,GPU,4.23503e+06,4.2388e+06,3767.29
3,21,self_attention,GPU,4.2388e+06,4.23897e+06,167.476
3,21,AttentionSplit,GPU,4.2388e+06,4.2388e+06,0
3,21,AttentionSum,GPU,4.2388e+06,4.2388e+06,0
3,21,AttentionGen,GPU,4.2388e+06,4.23897e+06,167.476
3,21,AttentionMerge,GPU,4.23897e+06,4.23897e+06,0
3,21,attn_o_proj,GPU,4.23897e+06,4.24148e+06,2514.79
3,21,Linear,GPU,4.23897e+06,4.24148e+06,2514.79
3,21,all_reduce,GPU,4.24148e+06,4.24634e+06,4854.61
3,21,residual_1,GPU,4.24634e+06,4.24636e+06,21.9952
3,21,post_attn_layer_norm,GPU,4.24636e+06,4.24638e+06,21.9952
3,21,expertFFN,GPU,4.24638e+06,4.46178e+06,215393
3,21,sync_0,GPU,4.24638e+06,4.24638e+06,0
3,21,sync__set,GPU,4.24638e+06,4.24638e+06,0
3,21,sync__,GPU,4.24638e+06,4.24638e+06,0
3,21,gate_fn,GPU,4.24638e+06,4.24641e+06,29.3461
3,21,Linear,GPU,4.24638e+06,4.24641e+06,29.3461
3,21,gate_update,GPU,4.24641e+06,4.24641e+06,0
3,21,moe_scatter,GPU,4.24641e+06,4.24641e+06,0
3,21,sync_for_moe_scatter,GPU,4.24641e+06,4.24641e+06,0
3,21,sync__set,GPU,4.24641e+06,4.24641e+06,0
3,21,sync__,GPU,4.24641e+06,4.24641e+06,0
3,21,moe_route,GPU,4.24641e+06,4.24641e+06,0
3,21,expert_FFN_6,GPU,4.24641e+06,4.35164e+06,105225
3,21,gate_proj,GPU,4.24641e+06,4.28147e+06,35057.9
3,21,Linear,GPU,4.24641e+06,4.28147e+06,35057.9
3,21,activation,GPU,4.28147e+06,4.28152e+06,51.3222
3,21,up_proj,GPU,4.28152e+06,4.31658e+06,35057.9
3,21,Linear,GPU,4.28152e+06,4.31658e+06,35057.9
3,21,down_proj,GPU,4.31658e+06,4.35164e+06,35057.9
3,21,Linear,GPU,4.31658e+06,4.35164e+06,35057.9
3,21,expert_FFN_7,GPU,4.35164e+06,4.45692e+06,105284
3,21,gate_proj,GPU,4.35164e+06,4.38671e+06,35068.9
3,21,Linear,GPU,4.35164e+06,4.38671e+06,35068.9
3,21,activation,GPU,4.38671e+06,4.38678e+06,76.9833
3,21,up_proj,GPU,4.38678e+06,4.42185e+06,35068.9
3,21,Linear,GPU,4.38678e+06,4.42185e+06,35068.9
3,21,down_proj,GPU,4.42185e+06,4.45692e+06,35068.9
3,21,Linear,GPU,4.42185e+06,4.45692e+06,35068.9
3,21,sync_2,GPU,4.45692e+06,4.45692e+06,0
3,21,sync__set,GPU,4.45692e+06,4.45692e+06,0
3,21,sync__,GPU,4.45692e+06,4.45692e+06,0
3,21,moe_all_reduce_for_e_tp,GPU,4.45692e+06,4.45692e+06,0
3,21,sync_3,GPU,4.45692e+06,4.45692e+06,0
3,21,sync__set,GPU,4.45692e+06,4.45692e+06,0
3,21,sync__,GPU,4.45692e+06,4.45692e+06,0
3,21,moe_gather,GPU,4.45692e+06,4.45692e+06,0
3,21,sync_for_moe_gather,GPU,4.45692e+06,4.45692e+06,0
3,21,sync__set,GPU,4.45692e+06,4.45692e+06,0
3,21,sync__,GPU,4.45692e+06,4.45692e+06,0
3,21,moe_all_reduce_for_gather,GPU,4.45692e+06,4.46178e+06,4854.61
3,21,sync_5,GPU,4.46178e+06,4.46178e+06,0
3,21,sync__set,GPU,4.46178e+06,4.46178e+06,0
3,21,sync__,GPU,4.46178e+06,4.46178e+06,0
3,21,sync_6,GPU,4.46178e+06,4.46178e+06,0
3,21,sync__set,GPU,4.46178e+06,4.46178e+06,0
3,21,sync__,GPU,4.46178e+06,4.46178e+06,0
3,21,residual_2,GPU,4.46178e+06,4.4618e+06,21.9952
3,22,MoE_decoder_22,GPU,4.4618e+06,4.68846e+06,226668
3,22,input_layer_norm,GPU,4.4618e+06,4.46182e+06,21.9952
3,22,attention,GPU,4.46182e+06,4.47312e+06,11304.2
3,22,attn_qkv_proj,GPU,4.46182e+06,4.46559e+06,3767.29
3,22,Linear,GPU,4.46182e+06,4.46559e+06,3767.29
3,22,self_attention,GPU,4.46559e+06,4.46575e+06,167.476
3,22,AttentionSplit,GPU,4.46559e+06,4.46559e+06,0
3,22,AttentionSum,GPU,4.46559e+06,4.46559e+06,0
3,22,AttentionGen,GPU,4.46559e+06,4.46575e+06,167.476
3,22,AttentionMerge,GPU,4.46575e+06,4.46575e+06,0
3,22,attn_o_proj,GPU,4.46575e+06,4.46827e+06,2514.79
3,22,Linear,GPU,4.46575e+06,4.46827e+06,2514.79
3,22,all_reduce,GPU,4.46827e+06,4.47312e+06,4854.61
3,22,residual_1,GPU,4.47312e+06,4.47315e+06,21.9952
3,22,post_attn_layer_norm,GPU,4.47315e+06,4.47317e+06,21.9952
3,22,expertFFN,GPU,4.47317e+06,4.68844e+06,215276
3,22,sync_0,GPU,4.47317e+06,4.47317e+06,0
3,22,sync__set,GPU,4.47317e+06,4.47317e+06,0
3,22,sync__,GPU,4.47317e+06,4.47317e+06,0
3,22,gate_fn,GPU,4.47317e+06,4.4732e+06,29.3461
3,22,Linear,GPU,4.47317e+06,4.4732e+06,29.3461
3,22,gate_update,GPU,4.4732e+06,4.4732e+06,0
3,22,moe_scatter,GPU,4.4732e+06,4.4732e+06,0
3,22,sync_for_moe_scatter,GPU,4.4732e+06,4.4732e+06,0
3,22,sync__set,GPU,4.4732e+06,4.4732e+06,0
3,22,sync__,GPU,4.4732e+06,4.4732e+06,0
3,22,moe_route,GPU,4.4732e+06,4.4732e+06,0
3,22,expert_FFN_6,GPU,4.4732e+06,4.4732e+06,0
3,22,gate_proj,GPU,4.4732e+06,4.4732e+06,0
3,22,Linear,GPU,4.4732e+06,4.4732e+06,0
3,22,activation,GPU,4.4732e+06,4.4732e+06,0
3,22,up_proj,GPU,4.4732e+06,4.4732e+06,0
3,22,Linear,GPU,4.4732e+06,4.4732e+06,0
3,22,down_proj,GPU,4.4732e+06,4.4732e+06,0
3,22,Linear,GPU,4.4732e+06,4.4732e+06,0
3,22,expert_FFN_7,GPU,4.4732e+06,4.57842e+06,105225
3,22,gate_proj,GPU,4.4732e+06,4.50825e+06,35057.9
3,22,Linear,GPU,4.4732e+06,4.50825e+06,35057.9
3,22,activation,GPU,4.50825e+06,4.50831e+06,51.3222
3,22,up_proj,GPU,4.50831e+06,4.54336e+06,35057.9
3,22,Linear,GPU,4.50831e+06,4.54336e+06,35057.9
3,22,down_proj,GPU,4.54336e+06,4.57842e+06,35057.9
3,22,Linear,GPU,4.54336e+06,4.57842e+06,35057.9
3,22,sync_2,GPU,4.57842e+06,4.68359e+06,105167
3,22,sync__set,GPU,4.57842e+06,4.57842e+06,0
3,22,sync__,GPU,4.57842e+06,4.68359e+06,105167
3,22,moe_all_reduce_for_e_tp,GPU,4.68359e+06,4.68359e+06,0
3,22,sync_3,GPU,4.68359e+06,4.68359e+06,0
3,22,sync__set,GPU,4.68359e+06,4.68359e+06,0
3,22,sync__,GPU,4.68359e+06,4.68359e+06,0
3,22,moe_gather,GPU,4.68359e+06,4.68359e+06,0
3,22,sync_for_moe_gather,GPU,4.68359e+06,4.68359e+06,0
3,22,sync__set,GPU,4.68359e+06,4.68359e+06,0
3,22,sync__,GPU,4.68359e+06,4.68359e+06,0
3,22,moe_all_reduce_for_gather,GPU,4.68359e+06,4.68844e+06,4854.61
3,22,sync_5,GPU,4.68844e+06,4.68844e+06,0
3,22,sync__set,GPU,4.68844e+06,4.68844e+06,0
3,22,sync__,GPU,4.68844e+06,4.68844e+06,0
3,22,sync_6,GPU,4.68844e+06,4.68844e+06,0
3,22,sync__set,GPU,4.68844e+06,4.68844e+06,0
3,22,sync__,GPU,4.68844e+06,4.68844e+06,0
3,22,residual_2,GPU,4.68844e+06,4.68846e+06,21.9952
3,23,MoE_decoder_23,GPU,4.68846e+06,4.91513e+06,226668
3,23,input_layer_norm,GPU,4.68846e+06,4.68849e+06,21.9952
3,23,attention,GPU,4.68849e+06,4.69979e+06,11304.2
3,23,attn_qkv_proj,GPU,4.68849e+06,4.69225e+06,3767.29
3,23,Linear,GPU,4.68849e+06,4.69225e+06,3767.29
3,23,self_attention,GPU,4.69225e+06,4.69242e+06,167.476
3,23,AttentionSplit,GPU,4.69225e+06,4.69225e+06,0
3,23,AttentionSum,GPU,4.69225e+06,4.69225e+06,0
3,23,AttentionGen,GPU,4.69225e+06,4.69242e+06,167.476
3,23,AttentionMerge,GPU,4.69242e+06,4.69242e+06,0
3,23,attn_o_proj,GPU,4.69242e+06,4.69494e+06,2514.79
3,23,Linear,GPU,4.69242e+06,4.69494e+06,2514.79
3,23,all_reduce,GPU,4.69494e+06,4.69979e+06,4854.61
3,23,residual_1,GPU,4.69979e+06,4.69981e+06,21.9952
3,23,post_attn_layer_norm,GPU,4.69981e+06,4.69984e+06,21.9952
3,23,expertFFN,GPU,4.69984e+06,4.91511e+06,215276
3,23,sync_0,GPU,4.69984e+06,4.69984e+06,0
3,23,sync__set,GPU,4.69984e+06,4.69984e+06,0
3,23,sync__,GPU,4.69984e+06,4.69984e+06,0
3,23,gate_fn,GPU,4.69984e+06,4.69986e+06,29.3461
3,23,Linear,GPU,4.69984e+06,4.69986e+06,29.3461
3,23,gate_update,GPU,4.69986e+06,4.69986e+06,0
3,23,moe_scatter,GPU,4.69986e+06,4.69986e+06,0
3,23,sync_for_moe_scatter,GPU,4.69986e+06,4.69986e+06,0
3,23,sync__set,GPU,4.69986e+06,4.69986e+06,0
3,23,sync__,GPU,4.69986e+06,4.69986e+06,0
3,23,moe_route,GPU,4.69986e+06,4.69986e+06,0
3,23,expert_FFN_6,GPU,4.69986e+06,4.80503e+06,105167
3,23,gate_proj,GPU,4.69986e+06,4.73491e+06,35046.9
3,23,Linear,GPU,4.69986e+06,4.73491e+06,35046.9
3,23,activation,GPU,4.73491e+06,4.73494e+06,25.6611
3,23,up_proj,GPU,4.73494e+06,4.76998e+06,35046.9
3,23,Linear,GPU,4.73494e+06,4.76998e+06,35046.9
3,23,down_proj,GPU,4.76998e+06,4.80503e+06,35046.9
3,23,Linear,GPU,4.76998e+06,4.80503e+06,35046.9
3,23,expert_FFN_7,GPU,4.80503e+06,4.9102e+06,105167
3,23,gate_proj,GPU,4.80503e+06,4.84008e+06,35046.9
3,23,Linear,GPU,4.80503e+06,4.84008e+06,35046.9
3,23,activation,GPU,4.84008e+06,4.8401e+06,25.6611
3,23,up_proj,GPU,4.8401e+06,4.87515e+06,35046.9
3,23,Linear,GPU,4.8401e+06,4.87515e+06,35046.9
3,23,down_proj,GPU,4.87515e+06,4.9102e+06,35046.9
3,23,Linear,GPU,4.87515e+06,4.9102e+06,35046.9
3,23,sync_2,GPU,4.9102e+06,4.91026e+06,58.6539
3,23,sync__set,GPU,4.9102e+06,4.9102e+06,0
3,23,sync__,GPU,4.9102e+06,4.91026e+06,58.6539
3,23,moe_all_reduce_for_e_tp,GPU,4.91026e+06,4.91026e+06,0
3,23,sync_3,GPU,4.91026e+06,4.91026e+06,0
3,23,sync__set,GPU,4.91026e+06,4.91026e+06,0
3,23,sync__,GPU,4.91026e+06,4.91026e+06,0
3,23,moe_gather,GPU,4.91026e+06,4.91026e+06,0
3,23,sync_for_moe_gather,GPU,4.91026e+06,4.91026e+06,0
3,23,sync__set,GPU,4.91026e+06,4.91026e+06,0
3,23,sync__,GPU,4.91026e+06,4.91026e+06,0
3,23,moe_all_reduce_for_gather,GPU,4.91026e+06,4.91511e+06,4854.61
3,23,sync_5,GPU,4.91511e+06,4.91511e+06,0
3,23,sync__set,GPU,4.91511e+06,4.91511e+06,0
3,23,sync__,GPU,4.91511e+06,4.91511e+06,0
3,23,sync_6,GPU,4.91511e+06,4.91511e+06,0
3,23,sync__set,GPU,4.91511e+06,4.91511e+06,0
3,23,sync__,GPU,4.91511e+06,4.91511e+06,0
3,23,residual_2,GPU,4.91511e+06,4.91513e+06,21.9952
3,24,MoE_decoder_24,GPU,4.91513e+06,5.14186e+06,226726
3,24,input_layer_norm,GPU,4.91513e+06,4.91515e+06,21.9952
3,24,attention,GPU,4.91515e+06,4.92646e+06,11304.2
3,24,attn_qkv_proj,GPU,4.91515e+06,4.91892e+06,3767.29
3,24,Linear,GPU,4.91515e+06,4.91892e+06,3767.29
3,24,self_attention,GPU,4.91892e+06,4.91909e+06,167.476
3,24,AttentionSplit,GPU,4.91892e+06,4.91892e+06,0
3,24,AttentionSum,GPU,4.91892e+06,4.91892e+06,0
3,24,AttentionGen,GPU,4.91892e+06,4.91909e+06,167.476
3,24,AttentionMerge,GPU,4.91909e+06,4.91909e+06,0
3,24,attn_o_proj,GPU,4.91909e+06,4.9216e+06,2514.79
3,24,Linear,GPU,4.91909e+06,4.9216e+06,2514.79
3,24,all_reduce,GPU,4.9216e+06,4.92646e+06,4854.61
3,24,residual_1,GPU,4.92646e+06,4.92648e+06,21.9952
3,24,post_attn_layer_norm,GPU,4.92648e+06,4.9265e+06,21.9952
3,24,expertFFN,GPU,4.9265e+06,5.14184e+06,215334
3,24,sync_0,GPU,4.9265e+06,4.9265e+06,0
3,24,sync__set,GPU,4.9265e+06,4.9265e+06,0
3,24,sync__,GPU,4.9265e+06,4.9265e+06,0
3,24,gate_fn,GPU,4.9265e+06,4.92653e+06,29.3461
3,24,Linear,GPU,4.9265e+06,4.92653e+06,29.3461
3,24,gate_update,GPU,4.92653e+06,4.92653e+06,0
3,24,moe_scatter,GPU,4.92653e+06,4.92653e+06,0
3,24,sync_for_moe_scatter,GPU,4.92653e+06,4.92653e+06,0
3,24,sync__set,GPU,4.92653e+06,4.92653e+06,0
3,24,sync__,GPU,4.92653e+06,4.92653e+06,0
3,24,moe_route,GPU,4.92653e+06,4.92653e+06,0
3,24,expert_FFN_6,GPU,4.92653e+06,5.0317e+06,105167
3,24,gate_proj,GPU,4.92653e+06,4.96158e+06,35046.9
3,24,Linear,GPU,4.92653e+06,4.96158e+06,35046.9
3,24,activation,GPU,4.96158e+06,4.9616e+06,25.6611
3,24,up_proj,GPU,4.9616e+06,4.99665e+06,35046.9
3,24,Linear,GPU,4.9616e+06,4.99665e+06,35046.9
3,24,down_proj,GPU,4.99665e+06,5.0317e+06,35046.9
3,24,Linear,GPU,4.99665e+06,5.0317e+06,35046.9
3,24,expert_FFN_7,GPU,5.0317e+06,5.0317e+06,0
3,24,gate_proj,GPU,5.0317e+06,5.0317e+06,0
3,24,Linear,GPU,5.0317e+06,5.0317e+06,0
3,24,activation,GPU,5.0317e+06,5.0317e+06,0
3,24,up_proj,GPU,5.0317e+06,5.0317e+06,0
3,24,Linear,GPU,5.0317e+06,5.0317e+06,0
3,24,down_proj,GPU,5.0317e+06,5.0317e+06,0
3,24,Linear,GPU,5.0317e+06,5.0317e+06,0
3,24,sync_2,GPU,5.0317e+06,5.13698e+06,105284
3,24,sync__set,GPU,5.0317e+06,5.0317e+06,0
3,24,sync__,GPU,5.0317e+06,5.13698e+06,105284
3,24,moe_all_reduce_for_e_tp,GPU,5.13698e+06,5.13698e+06,0
3,24,sync_3,GPU,5.13698e+06,5.13698e+06,0
3,24,sync__set,GPU,5.13698e+06,5.13698e+06,0
3,24,sync__,GPU,5.13698e+06,5.13698e+06,0
3,24,moe_gather,GPU,5.13698e+06,5.13698e+06,0
3,24,sync_for_moe_gather,GPU,5.13698e+06,5.13698e+06,0
3,24,sync__set,GPU,5.13698e+06,5.13698e+06,0
3,24,sync__,GPU,5.13698e+06,5.13698e+06,0
3,24,moe_all_reduce_for_gather,GPU,5.13698e+06,5.14184e+06,4854.61
3,24,sync_5,GPU,5.14184e+06,5.14184e+06,0
3,24,sync__set,GPU,5.14184e+06,5.14184e+06,0
3,24,sync__,GPU,5.14184e+06,5.14184e+06,0
3,24,sync_6,GPU,5.14184e+06,5.14184e+06,0
3,24,sync__set,GPU,5.14184e+06,5.14184e+06,0
3,24,sync__,GPU,5.14184e+06,5.14184e+06,0
3,24,residual_2,GPU,5.14184e+06,5.14186e+06,21.9952
3,25,MoE_decoder_25,GPU,5.14186e+06,5.36853e+06,226668
3,25,input_layer_norm,GPU,5.14186e+06,5.14188e+06,21.9952
3,25,attention,GPU,5.14188e+06,5.15319e+06,11304.2
3,25,attn_qkv_proj,GPU,5.14188e+06,5.14565e+06,3767.29
3,25,Linear,GPU,5.14188e+06,5.14565e+06,3767.29
3,25,self_attention,GPU,5.14565e+06,5.14582e+06,167.476
3,25,AttentionSplit,GPU,5.14565e+06,5.14565e+06,0
3,25,AttentionSum,GPU,5.14565e+06,5.14565e+06,0
3,25,AttentionGen,GPU,5.14565e+06,5.14582e+06,167.476
3,25,AttentionMerge,GPU,5.14582e+06,5.14582e+06,0
3,25,attn_o_proj,GPU,5.14582e+06,5.14833e+06,2514.79
3,25,Linear,GPU,5.14582e+06,5.14833e+06,2514.79
3,25,all_reduce,GPU,5.14833e+06,5.15319e+06,4854.61
3,25,residual_1,GPU,5.15319e+06,5.15321e+06,21.9952
3,25,post_attn_layer_norm,GPU,5.15321e+06,5.15323e+06,21.9952
3,25,expertFFN,GPU,5.15323e+06,5.3685e+06,215276
3,25,sync_0,GPU,5.15323e+06,5.15323e+06,0
3,25,sync__set,GPU,5.15323e+06,5.15323e+06,0
3,25,sync__,GPU,5.15323e+06,5.15323e+06,0
3,25,gate_fn,GPU,5.15323e+06,5.15326e+06,29.3461
3,25,Linear,GPU,5.15323e+06,5.15326e+06,29.3461
3,25,gate_update,GPU,5.15326e+06,5.15326e+06,0
3,25,moe_scatter,GPU,5.15326e+06,5.15326e+06,0
3,25,sync_for_moe_scatter,GPU,5.15326e+06,5.15326e+06,0
3,25,sync__set,GPU,5.15326e+06,5.15326e+06,0
3,25,sync__,GPU,5.15326e+06,5.15326e+06,0
3,25,moe_route,GPU,5.15326e+06,5.15326e+06,0
3,25,expert_FFN_6,GPU,5.15326e+06,5.25843e+06,105167
3,25,gate_proj,GPU,5.15326e+06,5.18831e+06,35046.9
3,25,Linear,GPU,5.15326e+06,5.18831e+06,35046.9
3,25,activation,GPU,5.18831e+06,5.18833e+06,25.6611
3,25,up_proj,GPU,5.18833e+06,5.22338e+06,35046.9
3,25,Linear,GPU,5.18833e+06,5.22338e+06,35046.9
3,25,down_proj,GPU,5.22338e+06,5.25843e+06,35046.9
3,25,Linear,GPU,5.22338e+06,5.25843e+06,35046.9
3,25,expert_FFN_7,GPU,5.25843e+06,5.25843e+06,0
3,25,gate_proj,GPU,5.25843e+06,5.25843e+06,0
3,25,Linear,GPU,5.25843e+06,5.25843e+06,0
3,25,activation,GPU,5.25843e+06,5.25843e+06,0
3,25,up_proj,GPU,5.25843e+06,5.25843e+06,0
3,25,Linear,GPU,5.25843e+06,5.25843e+06,0
3,25,down_proj,GPU,5.25843e+06,5.25843e+06,0
3,25,Linear,GPU,5.25843e+06,5.25843e+06,0
3,25,sync_2,GPU,5.25843e+06,5.36365e+06,105225
3,25,sync__set,GPU,5.25843e+06,5.25843e+06,0
3,25,sync__,GPU,5.25843e+06,5.36365e+06,105225
3,25,moe_all_reduce_for_e_tp,GPU,5.36365e+06,5.36365e+06,0
3,25,sync_3,GPU,5.36365e+06,5.36365e+06,0
3,25,sync__set,GPU,5.36365e+06,5.36365e+06,0
3,25,sync__,GPU,5.36365e+06,5.36365e+06,0
3,25,moe_gather,GPU,5.36365e+06,5.36365e+06,0
3,25,sync_for_moe_gather,GPU,5.36365e+06,5.36365e+06,0
3,25,sync__set,GPU,5.36365e+06,5.36365e+06,0
3,25,sync__,GPU,5.36365e+06,5.36365e+06,0
3,25,moe_all_reduce_for_gather,GPU,5.36365e+06,5.3685e+06,4854.61
3,25,sync_5,GPU,5.3685e+06,5.3685e+06,0
3,25,sync__set,GPU,5.3685e+06,5.3685e+06,0
3,25,sync__,GPU,5.3685e+06,5.3685e+06,0
3,25,sync_6,GPU,5.3685e+06,5.3685e+06,0
3,25,sync__set,GPU,5.3685e+06,5.3685e+06,0
3,25,sync__,GPU,5.3685e+06,5.3685e+06,0
3,25,residual_2,GPU,5.3685e+06,5.36853e+06,21.9952
3,26,MoE_decoder_26,GPU,5.36853e+06,5.59519e+06,226668
3,26,input_layer_norm,GPU,5.36853e+06,5.36855e+06,21.9952
3,26,attention,GPU,5.36855e+06,5.37985e+06,11304.2
3,26,attn_qkv_proj,GPU,5.36855e+06,5.37232e+06,3767.29
3,26,Linear,GPU,5.36855e+06,5.37232e+06,3767.29
3,26,self_attention,GPU,5.37232e+06,5.37248e+06,167.476
3,26,AttentionSplit,GPU,5.37232e+06,5.37232e+06,0
3,26,AttentionSum,GPU,5.37232e+06,5.37232e+06,0
3,26,AttentionGen,GPU,5.37232e+06,5.37248e+06,167.476
3,26,AttentionMerge,GPU,5.37248e+06,5.37248e+06,0
3,26,attn_o_proj,GPU,5.37248e+06,5.375e+06,2514.79
3,26,Linear,GPU,5.37248e+06,5.375e+06,2514.79
3,26,all_reduce,GPU,5.375e+06,5.37985e+06,4854.61
3,26,residual_1,GPU,5.37985e+06,5.37988e+06,21.9952
3,26,post_attn_layer_norm,GPU,5.37988e+06,5.3799e+06,21.9952
3,26,expertFFN,GPU,5.3799e+06,5.59517e+06,215276
3,26,sync_0,GPU,5.3799e+06,5.3799e+06,0
3,26,sync__set,GPU,5.3799e+06,5.3799e+06,0
3,26,sync__,GPU,5.3799e+06,5.3799e+06,0
3,26,gate_fn,GPU,5.3799e+06,5.37993e+06,29.3461
3,26,Linear,GPU,5.3799e+06,5.37993e+06,29.3461
3,26,gate_update,GPU,5.37993e+06,5.37993e+06,0
3,26,moe_scatter,GPU,5.37993e+06,5.37993e+06,0
3,26,sync_for_moe_scatter,GPU,5.37993e+06,5.37993e+06,0
3,26,sync__set,GPU,5.37993e+06,5.37993e+06,0
3,26,sync__,GPU,5.37993e+06,5.37993e+06,0
3,26,moe_route,GPU,5.37993e+06,5.37993e+06,0
3,26,expert_FFN_6,GPU,5.37993e+06,5.48509e+06,105167
3,26,gate_proj,GPU,5.37993e+06,5.41497e+06,35046.9
3,26,Linear,GPU,5.37993e+06,5.41497e+06,35046.9
3,26,activation,GPU,5.41497e+06,5.415e+06,25.6611
3,26,up_proj,GPU,5.415e+06,5.45005e+06,35046.9
3,26,Linear,GPU,5.415e+06,5.45005e+06,35046.9
3,26,down_proj,GPU,5.45005e+06,5.48509e+06,35046.9
3,26,Linear,GPU,5.45005e+06,5.48509e+06,35046.9
3,26,expert_FFN_7,GPU,5.48509e+06,5.59026e+06,105167
3,26,gate_proj,GPU,5.48509e+06,5.52014e+06,35046.9
3,26,Linear,GPU,5.48509e+06,5.52014e+06,35046.9
3,26,activation,GPU,5.52014e+06,5.52017e+06,25.6611
3,26,up_proj,GPU,5.52017e+06,5.55521e+06,35046.9
3,26,Linear,GPU,5.52017e+06,5.55521e+06,35046.9
3,26,down_proj,GPU,5.55521e+06,5.59026e+06,35046.9
3,26,Linear,GPU,5.55521e+06,5.59026e+06,35046.9
3,26,sync_2,GPU,5.59026e+06,5.59032e+06,58.6539
3,26,sync__set,GPU,5.59026e+06,5.59026e+06,0
3,26,sync__,GPU,5.59026e+06,5.59032e+06,58.6539
3,26,moe_all_reduce_for_e_tp,GPU,5.59032e+06,5.59032e+06,0
3,26,sync_3,GPU,5.59032e+06,5.59032e+06,0
3,26,sync__set,GPU,5.59032e+06,5.59032e+06,0
3,26,sync__,GPU,5.59032e+06,5.59032e+06,0
3,26,moe_gather,GPU,5.59032e+06,5.59032e+06,0
3,26,sync_for_moe_gather,GPU,5.59032e+06,5.59032e+06,0
3,26,sync__set,GPU,5.59032e+06,5.59032e+06,0
3,26,sync__,GPU,5.59032e+06,5.59032e+06,0
3,26,moe_all_reduce_for_gather,GPU,5.59032e+06,5.59517e+06,4854.61
3,26,sync_5,GPU,5.59517e+06,5.59517e+06,0
3,26,sync__set,GPU,5.59517e+06,5.59517e+06,0
3,26,sync__,GPU,5.59517e+06,5.59517e+06,0
3,26,sync_6,GPU,5.59517e+06,5.59517e+06,0
3,26,sync__set,GPU,5.59517e+06,5.59517e+06,0
3,26,sync__,GPU,5.59517e+06,5.59517e+06,0
3,26,residual_2,GPU,5.59517e+06,5.59519e+06,21.9952
3,27,MoE_decoder_27,GPU,5.59519e+06,5.8218e+06,226609
3,27,input_layer_norm,GPU,5.59519e+06,5.59522e+06,21.9952
3,27,attention,GPU,5.59522e+06,5.60652e+06,11304.2
3,27,attn_qkv_proj,GPU,5.59522e+06,5.59898e+06,3767.29
3,27,Linear,GPU,5.59522e+06,5.59898e+06,3767.29
3,27,self_attention,GPU,5.59898e+06,5.59915e+06,167.476
3,27,AttentionSplit,GPU,5.59898e+06,5.59898e+06,0
3,27,AttentionSum,GPU,5.59898e+06,5.59898e+06,0
3,27,AttentionGen,GPU,5.59898e+06,5.59915e+06,167.476
3,27,AttentionMerge,GPU,5.59915e+06,5.59915e+06,0
3,27,attn_o_proj,GPU,5.59915e+06,5.60167e+06,2514.79
3,27,Linear,GPU,5.59915e+06,5.60167e+06,2514.79
3,27,all_reduce,GPU,5.60167e+06,5.60652e+06,4854.61
3,27,residual_1,GPU,5.60652e+06,5.60654e+06,21.9952
3,27,post_attn_layer_norm,GPU,5.60654e+06,5.60656e+06,21.9952
3,27,expertFFN,GPU,5.60656e+06,5.82178e+06,215217
3,27,sync_0,GPU,5.60656e+06,5.60656e+06,0
3,27,sync__set,GPU,5.60656e+06,5.60656e+06,0
3,27,sync__,GPU,5.60656e+06,5.60656e+06,0
3,27,gate_fn,GPU,5.60656e+06,5.60659e+06,29.3461
3,27,Linear,GPU,5.60656e+06,5.60659e+06,29.3461
3,27,gate_update,GPU,5.60659e+06,5.60659e+06,0
3,27,moe_scatter,GPU,5.60659e+06,5.60659e+06,0
3,27,sync_for_moe_scatter,GPU,5.60659e+06,5.60659e+06,0
3,27,sync__set,GPU,5.60659e+06,5.60659e+06,0
3,27,sync__,GPU,5.60659e+06,5.60659e+06,0
3,27,moe_route,GPU,5.60659e+06,5.60659e+06,0
3,27,expert_FFN_6,GPU,5.60659e+06,5.71176e+06,105167
3,27,gate_proj,GPU,5.60659e+06,5.64164e+06,35046.9
3,27,Linear,GPU,5.60659e+06,5.64164e+06,35046.9
3,27,activation,GPU,5.64164e+06,5.64167e+06,25.6611
3,27,up_proj,GPU,5.64167e+06,5.67671e+06,35046.9
3,27,Linear,GPU,5.64167e+06,5.67671e+06,35046.9
3,27,down_proj,GPU,5.67671e+06,5.71176e+06,35046.9
3,27,Linear,GPU,5.67671e+06,5.71176e+06,35046.9
3,27,expert_FFN_7,GPU,5.71176e+06,5.81693e+06,105167
3,27,gate_proj,GPU,5.71176e+06,5.74681e+06,35046.9
3,27,Linear,GPU,5.71176e+06,5.74681e+06,35046.9
3,27,activation,GPU,5.74681e+06,5.74683e+06,25.6611
3,27,up_proj,GPU,5.74683e+06,5.78188e+06,35046.9
3,27,Linear,GPU,5.74683e+06,5.78188e+06,35046.9
3,27,down_proj,GPU,5.78188e+06,5.81693e+06,35046.9
3,27,Linear,GPU,5.78188e+06,5.81693e+06,35046.9
3,27,sync_2,GPU,5.81693e+06,5.81693e+06,0
3,27,sync__set,GPU,5.81693e+06,5.81693e+06,0
3,27,sync__,GPU,5.81693e+06,5.81693e+06,0
3,27,moe_all_reduce_for_e_tp,GPU,5.81693e+06,5.81693e+06,0
3,27,sync_3,GPU,5.81693e+06,5.81693e+06,0
3,27,sync__set,GPU,5.81693e+06,5.81693e+06,0
3,27,sync__,GPU,5.81693e+06,5.81693e+06,0
3,27,moe_gather,GPU,5.81693e+06,5.81693e+06,0
3,27,sync_for_moe_gather,GPU,5.81693e+06,5.81693e+06,0
3,27,sync__set,GPU,5.81693e+06,5.81693e+06,0
3,27,sync__,GPU,5.81693e+06,5.81693e+06,0
3,27,moe_all_reduce_for_gather,GPU,5.81693e+06,5.82178e+06,4854.61
3,27,sync_5,GPU,5.82178e+06,5.82178e+06,0
3,27,sync__set,GPU,5.82178e+06,5.82178e+06,0
3,27,sync__,GPU,5.82178e+06,5.82178e+06,0
3,27,sync_6,GPU,5.82178e+06,5.82178e+06,0
3,27,sync__set,GPU,5.82178e+06,5.82178e+06,0
3,27,sync__,GPU,5.82178e+06,5.82178e+06,0
3,27,residual_2,GPU,5.82178e+06,5.8218e+06,21.9952
3,28,MoE_decoder_28,GPU,5.8218e+06,6.04847e+06,226668
3,28,input_layer_norm,GPU,5.8218e+06,5.82183e+06,21.9952
3,28,attention,GPU,5.82183e+06,5.83313e+06,11304.2
3,28,attn_qkv_proj,GPU,5.82183e+06,5.82559e+06,3767.29
3,28,Linear,GPU,5.82183e+06,5.82559e+06,3767.29
3,28,self_attention,GPU,5.82559e+06,5.82576e+06,167.476
3,28,AttentionSplit,GPU,5.82559e+06,5.82559e+06,0
3,28,AttentionSum,GPU,5.82559e+06,5.82559e+06,0
3,28,AttentionGen,GPU,5.82559e+06,5.82576e+06,167.476
3,28,AttentionMerge,GPU,5.82576e+06,5.82576e+06,0
3,28,attn_o_proj,GPU,5.82576e+06,5.82828e+06,2514.79
3,28,Linear,GPU,5.82576e+06,5.82828e+06,2514.79
3,28,all_reduce,GPU,5.82828e+06,5.83313e+06,4854.61
3,28,residual_1,GPU,5.83313e+06,5.83315e+06,21.9952
3,28,post_attn_layer_norm,GPU,5.83315e+06,5.83317e+06,21.9952
3,28,expertFFN,GPU,5.83317e+06,6.04845e+06,215276
3,28,sync_0,GPU,5.83317e+06,5.83317e+06,0
3,28,sync__set,GPU,5.83317e+06,5.83317e+06,0
3,28,sync__,GPU,5.83317e+06,5.83317e+06,0
3,28,gate_fn,GPU,5.83317e+06,5.8332e+06,29.3461
3,28,Linear,GPU,5.83317e+06,5.8332e+06,29.3461
3,28,gate_update,GPU,5.8332e+06,5.8332e+06,0
3,28,moe_scatter,GPU,5.8332e+06,5.8332e+06,0
3,28,sync_for_moe_scatter,GPU,5.8332e+06,5.8332e+06,0
3,28,sync__set,GPU,5.8332e+06,5.8332e+06,0
3,28,sync__,GPU,5.8332e+06,5.8332e+06,0
3,28,moe_route,GPU,5.8332e+06,5.8332e+06,0
3,28,expert_FFN_6,GPU,5.8332e+06,5.93843e+06,105225
3,28,gate_proj,GPU,5.8332e+06,5.86826e+06,35057.9
3,28,Linear,GPU,5.8332e+06,5.86826e+06,35057.9
3,28,activation,GPU,5.86826e+06,5.86831e+06,51.3222
3,28,up_proj,GPU,5.86831e+06,5.90337e+06,35057.9
3,28,Linear,GPU,5.86831e+06,5.90337e+06,35057.9
3,28,down_proj,GPU,5.90337e+06,5.93843e+06,35057.9
3,28,Linear,GPU,5.90337e+06,5.93843e+06,35057.9
3,28,expert_FFN_7,GPU,5.93843e+06,5.93843e+06,0
3,28,gate_proj,GPU,5.93843e+06,5.93843e+06,0
3,28,Linear,GPU,5.93843e+06,5.93843e+06,0
3,28,activation,GPU,5.93843e+06,5.93843e+06,0
3,28,up_proj,GPU,5.93843e+06,5.93843e+06,0
3,28,Linear,GPU,5.93843e+06,5.93843e+06,0
3,28,down_proj,GPU,5.93843e+06,5.93843e+06,0
3,28,Linear,GPU,5.93843e+06,5.93843e+06,0
3,28,sync_2,GPU,5.93843e+06,6.0436e+06,105167
3,28,sync__set,GPU,5.93843e+06,5.93843e+06,0
3,28,sync__,GPU,5.93843e+06,6.0436e+06,105167
3,28,moe_all_reduce_for_e_tp,GPU,6.0436e+06,6.0436e+06,0
3,28,sync_3,GPU,6.0436e+06,6.0436e+06,0
3,28,sync__set,GPU,6.0436e+06,6.0436e+06,0
3,28,sync__,GPU,6.0436e+06,6.0436e+06,0
3,28,moe_gather,GPU,6.0436e+06,6.0436e+06,0
3,28,sync_for_moe_gather,GPU,6.0436e+06,6.0436e+06,0
3,28,sync__set,GPU,6.0436e+06,6.0436e+06,0
3,28,sync__,GPU,6.0436e+06,6.0436e+06,0
3,28,moe_all_reduce_for_gather,GPU,6.0436e+06,6.04845e+06,4854.61
3,28,sync_5,GPU,6.04845e+06,6.04845e+06,0
3,28,sync__set,GPU,6.04845e+06,6.04845e+06,0
3,28,sync__,GPU,6.04845e+06,6.04845e+06,0
3,28,sync_6,GPU,6.04845e+06,6.04845e+06,0
3,28,sync__set,GPU,6.04845e+06,6.04845e+06,0
3,28,sync__,GPU,6.04845e+06,6.04845e+06,0
3,28,residual_2,GPU,6.04845e+06,6.04847e+06,21.9952
3,29,MoE_decoder_29,GPU,6.04847e+06,6.27526e+06,226785
3,29,input_layer_norm,GPU,6.04847e+06,6.04849e+06,21.9952
3,29,attention,GPU,6.04849e+06,6.0598e+06,11304.2
3,29,attn_qkv_proj,GPU,6.04849e+06,6.05226e+06,3767.29
3,29,Linear,GPU,6.04849e+06,6.05226e+06,3767.29
3,29,self_attention,GPU,6.05226e+06,6.05243e+06,167.476
3,29,AttentionSplit,GPU,6.05226e+06,6.05226e+06,0
3,29,AttentionSum,GPU,6.05226e+06,6.05226e+06,0
3,29,AttentionGen,GPU,6.05226e+06,6.05243e+06,167.476
3,29,AttentionMerge,GPU,6.05243e+06,6.05243e+06,0
3,29,attn_o_proj,GPU,6.05243e+06,6.05494e+06,2514.79
3,29,Linear,GPU,6.05243e+06,6.05494e+06,2514.79
3,29,all_reduce,GPU,6.05494e+06,6.0598e+06,4854.61
3,29,residual_1,GPU,6.0598e+06,6.05982e+06,21.9952
3,29,post_attn_layer_norm,GPU,6.05982e+06,6.05984e+06,21.9952
3,29,expertFFN,GPU,6.05984e+06,6.27523e+06,215393
3,29,sync_0,GPU,6.05984e+06,6.05984e+06,0
3,29,sync__set,GPU,6.05984e+06,6.05984e+06,0
3,29,sync__,GPU,6.05984e+06,6.05984e+06,0
3,29,gate_fn,GPU,6.05984e+06,6.05987e+06,29.3461
3,29,Linear,GPU,6.05984e+06,6.05987e+06,29.3461
3,29,gate_update,GPU,6.05987e+06,6.05987e+06,0
3,29,moe_scatter,GPU,6.05987e+06,6.05987e+06,0
3,29,sync_for_moe_scatter,GPU,6.05987e+06,6.05987e+06,0
3,29,sync__set,GPU,6.05987e+06,6.05987e+06,0
3,29,sync__,GPU,6.05987e+06,6.05987e+06,0
3,29,moe_route,GPU,6.05987e+06,6.05987e+06,0
3,29,expert_FFN_6,GPU,6.05987e+06,6.16516e+06,105284
3,29,gate_proj,GPU,6.05987e+06,6.09494e+06,35068.9
3,29,Linear,GPU,6.05987e+06,6.09494e+06,35068.9
3,29,activation,GPU,6.09494e+06,6.09502e+06,76.9833
3,29,up_proj,GPU,6.09502e+06,6.13009e+06,35068.9
3,29,Linear,GPU,6.09502e+06,6.13009e+06,35068.9
3,29,down_proj,GPU,6.13009e+06,6.16516e+06,35068.9
3,29,Linear,GPU,6.13009e+06,6.16516e+06,35068.9
3,29,expert_FFN_7,GPU,6.16516e+06,6.27038e+06,105225
3,29,gate_proj,GPU,6.16516e+06,6.20021e+06,35057.9
3,29,Linear,GPU,6.16516e+06,6.20021e+06,35057.9
3,29,activation,GPU,6.20021e+06,6.20026e+06,51.3222
3,29,up_proj,GPU,6.20026e+06,6.23532e+06,35057.9
3,29,Linear,GPU,6.20026e+06,6.23532e+06,35057.9
3,29,down_proj,GPU,6.23532e+06,6.27038e+06,35057.9
3,29,Linear,GPU,6.23532e+06,6.27038e+06,35057.9
3,29,sync_2,GPU,6.27038e+06,6.27038e+06,0
3,29,sync__set,GPU,6.27038e+06,6.27038e+06,0
3,29,sync__,GPU,6.27038e+06,6.27038e+06,0
3,29,moe_all_reduce_for_e_tp,GPU,6.27038e+06,6.27038e+06,0
3,29,sync_3,GPU,6.27038e+06,6.27038e+06,0
3,29,sync__set,GPU,6.27038e+06,6.27038e+06,0
3,29,sync__,GPU,6.27038e+06,6.27038e+06,0
3,29,moe_gather,GPU,6.27038e+06,6.27038e+06,0
3,29,sync_for_moe_gather,GPU,6.27038e+06,6.27038e+06,0
3,29,sync__set,GPU,6.27038e+06,6.27038e+06,0
3,29,sync__,GPU,6.27038e+06,6.27038e+06,0
3,29,moe_all_reduce_for_gather,GPU,6.27038e+06,6.27523e+06,4854.61
3,29,sync_5,GPU,6.27523e+06,6.27523e+06,0
3,29,sync__set,GPU,6.27523e+06,6.27523e+06,0
3,29,sync__,GPU,6.27523e+06,6.27523e+06,0
3,29,sync_6,GPU,6.27523e+06,6.27523e+06,0
3,29,sync__set,GPU,6.27523e+06,6.27523e+06,0
3,29,sync__,GPU,6.27523e+06,6.27523e+06,0
3,29,residual_2,GPU,6.27523e+06,6.27526e+06,21.9952
3,30,MoE_decoder_30,GPU,6.27526e+06,6.50192e+06,226668
3,30,input_layer_norm,GPU,6.27526e+06,6.27528e+06,21.9952
3,30,attention,GPU,6.27528e+06,6.28658e+06,11304.2
3,30,attn_qkv_proj,GPU,6.27528e+06,6.27905e+06,3767.29
3,30,Linear,GPU,6.27528e+06,6.27905e+06,3767.29
3,30,self_attention,GPU,6.27905e+06,6.27921e+06,167.476
3,30,AttentionSplit,GPU,6.27905e+06,6.27905e+06,0
3,30,AttentionSum,GPU,6.27905e+06,6.27905e+06,0
3,30,AttentionGen,GPU,6.27905e+06,6.27921e+06,167.476
3,30,AttentionMerge,GPU,6.27921e+06,6.27921e+06,0
3,30,attn_o_proj,GPU,6.27921e+06,6.28173e+06,2514.79
3,30,Linear,GPU,6.27921e+06,6.28173e+06,2514.79
3,30,all_reduce,GPU,6.28173e+06,6.28658e+06,4854.61
3,30,residual_1,GPU,6.28658e+06,6.2866e+06,21.9952
3,30,post_attn_layer_norm,GPU,6.2866e+06,6.28663e+06,21.9952
3,30,expertFFN,GPU,6.28663e+06,6.5019e+06,215276
3,30,sync_0,GPU,6.28663e+06,6.28663e+06,0
3,30,sync__set,GPU,6.28663e+06,6.28663e+06,0
3,30,sync__,GPU,6.28663e+06,6.28663e+06,0
3,30,gate_fn,GPU,6.28663e+06,6.28666e+06,29.3461
3,30,Linear,GPU,6.28663e+06,6.28666e+06,29.3461
3,30,gate_update,GPU,6.28666e+06,6.28666e+06,0
3,30,moe_scatter,GPU,6.28666e+06,6.28666e+06,0
3,30,sync_for_moe_scatter,GPU,6.28666e+06,6.28666e+06,0
3,30,sync__set,GPU,6.28666e+06,6.28666e+06,0
3,30,sync__,GPU,6.28666e+06,6.28666e+06,0
3,30,moe_route,GPU,6.28666e+06,6.28666e+06,0
3,30,expert_FFN_6,GPU,6.28666e+06,6.39182e+06,105167
3,30,gate_proj,GPU,6.28666e+06,6.3217e+06,35046.9
3,30,Linear,GPU,6.28666e+06,6.3217e+06,35046.9
3,30,activation,GPU,6.3217e+06,6.32173e+06,25.6611
3,30,up_proj,GPU,6.32173e+06,6.35678e+06,35046.9
3,30,Linear,GPU,6.32173e+06,6.35678e+06,35046.9
3,30,down_proj,GPU,6.35678e+06,6.39182e+06,35046.9
3,30,Linear,GPU,6.35678e+06,6.39182e+06,35046.9
3,30,expert_FFN_7,GPU,6.39182e+06,6.49699e+06,105167
3,30,gate_proj,GPU,6.39182e+06,6.42687e+06,35046.9
3,30,Linear,GPU,6.39182e+06,6.42687e+06,35046.9
3,30,activation,GPU,6.42687e+06,6.4269e+06,25.6611
3,30,up_proj,GPU,6.4269e+06,6.46194e+06,35046.9
3,30,Linear,GPU,6.4269e+06,6.46194e+06,35046.9
3,30,down_proj,GPU,6.46194e+06,6.49699e+06,35046.9
3,30,Linear,GPU,6.46194e+06,6.49699e+06,35046.9
3,30,sync_2,GPU,6.49699e+06,6.49705e+06,58.6539
3,30,sync__set,GPU,6.49699e+06,6.49699e+06,0
3,30,sync__,GPU,6.49699e+06,6.49705e+06,58.6539
3,30,moe_all_reduce_for_e_tp,GPU,6.49705e+06,6.49705e+06,0
3,30,sync_3,GPU,6.49705e+06,6.49705e+06,0
3,30,sync__set,GPU,6.49705e+06,6.49705e+06,0
3,30,sync__,GPU,6.49705e+06,6.49705e+06,0
3,30,moe_gather,GPU,6.49705e+06,6.49705e+06,0
3,30,sync_for_moe_gather,GPU,6.49705e+06,6.49705e+06,0
3,30,sync__set,GPU,6.49705e+06,6.49705e+06,0
3,30,sync__,GPU,6.49705e+06,6.49705e+06,0
3,30,moe_all_reduce_for_gather,GPU,6.49705e+06,6.5019e+06,4854.61
3,30,sync_5,GPU,6.5019e+06,6.5019e+06,0
3,30,sync__set,GPU,6.5019e+06,6.5019e+06,0
3,30,sync__,GPU,6.5019e+06,6.5019e+06,0
3,30,sync_6,GPU,6.5019e+06,6.5019e+06,0
3,30,sync__set,GPU,6.5019e+06,6.5019e+06,0
3,30,sync__,GPU,6.5019e+06,6.5019e+06,0
3,30,residual_2,GPU,6.5019e+06,6.50192e+06,21.9952
3,31,MoE_decoder_31,GPU,6.50192e+06,6.72859e+06,226668
3,31,input_layer_norm,GPU,6.50192e+06,6.50195e+06,21.9952
3,31,attention,GPU,6.50195e+06,6.51325e+06,11304.2
3,31,attn_qkv_proj,GPU,6.50195e+06,6.50571e+06,3767.29
3,31,Linear,GPU,6.50195e+06,6.50571e+06,3767.29
3,31,self_attention,GPU,6.50571e+06,6.50588e+06,167.476
3,31,AttentionSplit,GPU,6.50571e+06,6.50571e+06,0
3,31,AttentionSum,GPU,6.50571e+06,6.50571e+06,0
3,31,AttentionGen,GPU,6.50571e+06,6.50588e+06,167.476
3,31,AttentionMerge,GPU,6.50588e+06,6.50588e+06,0
3,31,attn_o_proj,GPU,6.50588e+06,6.5084e+06,2514.79
3,31,Linear,GPU,6.50588e+06,6.5084e+06,2514.79
3,31,all_reduce,GPU,6.5084e+06,6.51325e+06,4854.61
3,31,residual_1,GPU,6.51325e+06,6.51327e+06,21.9952
3,31,post_attn_layer_norm,GPU,6.51327e+06,6.51329e+06,21.9952
3,31,expertFFN,GPU,6.51329e+06,6.72857e+06,215276
3,31,sync_0,GPU,6.51329e+06,6.51329e+06,0
3,31,sync__set,GPU,6.51329e+06,6.51329e+06,0
3,31,sync__,GPU,6.51329e+06,6.51329e+06,0
3,31,gate_fn,GPU,6.51329e+06,6.51332e+06,29.3461
3,31,Linear,GPU,6.51329e+06,6.51332e+06,29.3461
3,31,gate_update,GPU,6.51332e+06,6.51332e+06,0
3,31,moe_scatter,GPU,6.51332e+06,6.51332e+06,0
3,31,sync_for_moe_scatter,GPU,6.51332e+06,6.51332e+06,0
3,31,sync__set,GPU,6.51332e+06,6.51332e+06,0
3,31,sync__,GPU,6.51332e+06,6.51332e+06,0
3,31,moe_route,GPU,6.51332e+06,6.51332e+06,0
3,31,expert_FFN_6,GPU,6.51332e+06,6.61849e+06,105167
3,31,gate_proj,GPU,6.51332e+06,6.54837e+06,35046.9
3,31,Linear,GPU,6.51332e+06,6.54837e+06,35046.9
3,31,activation,GPU,6.54837e+06,6.5484e+06,25.6611
3,31,up_proj,GPU,6.5484e+06,6.58344e+06,35046.9
3,31,Linear,GPU,6.5484e+06,6.58344e+06,35046.9
3,31,down_proj,GPU,6.58344e+06,6.61849e+06,35046.9
3,31,Linear,GPU,6.58344e+06,6.61849e+06,35046.9
3,31,expert_FFN_7,GPU,6.61849e+06,6.72366e+06,105167
3,31,gate_proj,GPU,6.61849e+06,6.65354e+06,35046.9
3,31,Linear,GPU,6.61849e+06,6.65354e+06,35046.9
3,31,activation,GPU,6.65354e+06,6.65356e+06,25.6611
3,31,up_proj,GPU,6.65356e+06,6.68861e+06,35046.9
3,31,Linear,GPU,6.65356e+06,6.68861e+06,35046.9
3,31,down_proj,GPU,6.68861e+06,6.72366e+06,35046.9
3,31,Linear,GPU,6.68861e+06,6.72366e+06,35046.9
3,31,sync_2,GPU,6.72366e+06,6.72372e+06,58.6539
3,31,sync__set,GPU,6.72366e+06,6.72366e+06,0
3,31,sync__,GPU,6.72366e+06,6.72372e+06,58.6539
3,31,moe_all_reduce_for_e_tp,GPU,6.72372e+06,6.72372e+06,0
3,31,sync_3,GPU,6.72372e+06,6.72372e+06,0
3,31,sync__set,GPU,6.72372e+06,6.72372e+06,0
3,31,sync__,GPU,6.72372e+06,6.72372e+06,0
3,31,moe_gather,GPU,6.72372e+06,6.72372e+06,0
3,31,sync_for_moe_gather,GPU,6.72372e+06,6.72372e+06,0
3,31,sync__set,GPU,6.72372e+06,6.72372e+06,0
3,31,sync__,GPU,6.72372e+06,6.72372e+06,0
3,31,moe_all_reduce_for_gather,GPU,6.72372e+06,6.72857e+06,4854.61
3,31,sync_5,GPU,6.72857e+06,6.72857e+06,0
3,31,sync__set,GPU,6.72857e+06,6.72857e+06,0
3,31,sync__,GPU,6.72857e+06,6.72857e+06,0
3,31,sync_6,GPU,6.72857e+06,6.72857e+06,0
3,31,sync__set,GPU,6.72857e+06,6.72857e+06,0
3,31,sync__,GPU,6.72857e+06,6.72857e+06,0
3,31,residual_2,GPU,6.72857e+06,6.72859e+06,21.9952
